/*--------------------------------*- C++ -*----------------------------------*\
  =========                 |
  \\      /  F ield         | OpenFOAM: The Open Source CFD Toolbox
   \\    /   O peration     | Website:  https://openfoam.org
    \\  /    A nd           | Version:  13
     \\/     M anipulation  |
\*---------------------------------------------------------------------------*/
FoamFile
{
    format      ascii;
    class       surfaceScalarField;
    location    "0.032778746640202423";
    object      phi;
}
// * * * * * * * * * * * * * * * * * * * * * * * * * * * * * * * * * * * * * //

dimensions      [1 0 -1 0 0 0 0];

internalField   nonuniform List<scalar> 
4214
(
-7.2163914657077638e-12
1.7625144452381911e-13
-7.4030811777322719e-12
1.8668971384570908e-13
-7.6010181817112398e-12
1.9793700578352734e-13
-7.8111052484419794e-12
2.1008706867956314e-13
-8.0343522124153094e-12
2.2324696604467375e-13
-8.2718904362669973e-12
2.3753822602755956e-13
-8.5249956067751569e-12
2.5310517283439618e-13
-8.7951124700597105e-12
2.7011686578084713e-13
-9.0838732727038032e-12
2.8876080527518682e-13
-9.3931050210092034e-12
3.0923175114040892e-13
-9.7249628745592172e-12
3.3185785660469467e-13
-1.0081885350740403e-11
3.5692247943405242e-13
-1.0466685388436296e-11
3.8480004120650318e-13
-1.0882627673617395e-11
4.159422889630178e-13
-1.1333515408495702e-11
4.5088773900844076e-13
-1.182382093347412e-11
4.9030552946915557e-13
-1.2358831399155435e-11
5.3501047059867085e-13
-1.2944832483044218e-11
5.8600108928233112e-13
-1.3589368698883102e-11
6.4453622178362859e-13
-1.4301581269238984e-11
7.1221257693940726e-13
-1.5092661653266879e-11
7.9108039133589017e-13
-1.5976404997393268e-11
8.8374335236810424e-13
-1.6969962557468853e-11
9.935575693667032e-13
-1.8095381952330451e-11
1.1254194054157123e-12
-1.9380999527137803e-11
1.2856175867677809e-12
-2.0863851553682949e-11
1.4828520395407049e-12
-2.2593693243875924e-11
1.729841699141995e-12
-2.4638915509123931e-11
2.045222226689796e-12
-2.7096222330939853e-11
2.4573063998190071e-12
-3.0107217443858476e-11
3.0109918441181409e-12
-3.3887968305332638e-11
3.7807276782668477e-12
-3.878341252292068e-11
4.8952906390409638e-12
-4.5370257573131617e-11
6.5859039609360869e-12
-5.4644990474922837e-11
9.2694945313184713e-12
-6.828278680288778e-11
1.3611971446624818e-11
-8.8555380625580371e-11
2.0163765281753695e-11
-1.1594891671334879e-10
2.7021534094615359e-11
-1.3893831893624418e-10
2.2041637700921335e-11
-1.1408669763227267e-10
-2.6381535516406483e-11
-1.150180647426434e-10
-8.7461980508973614e-12
4.377037594041211e-13
-9.0230747611272346e-12
4.6356642462195137e-13
-9.3165643916371286e-12
4.9142663686684992e-13
-9.6279931835569337e-12
5.2151586120410769e-13
-9.9588402122598019e-12
5.5409399538789122e-13
-1.0310763065698606e-11
5.8946108013978721e-13
-1.0685627280597346e-11
6.2796938846565314e-13
-1.1085536048162073e-11
6.700256340998201e-13
-1.1512871730191896e-11
7.1609648809375043e-13
-1.1970369366199646e-11
7.6672938797250749e-13
-1.2461101921195629e-11
8.2259041249907464e-13
-1.2988622848768011e-11
8.8444340796699225e-13
-1.3557012727055639e-11
9.5318992050807107e-13
-1.4170999176087266e-11
1.0299287391169088e-12
-1.4836101242010961e-11
1.1159898061839234e-12
-1.5558771983632575e-11
1.2129762724889711e-12
-1.6346625726509795e-11
1.322864215041704e-12
-1.7208671141186421e-11
1.4480465056896064e-12
-1.8155693043141528e-11
1.5915581256684622e-12
-1.9200695727026582e-11
1.7572152629910278e-12
-2.0359492087813147e-11
1.9498767545693072e-12
-2.1651516897148302e-11
2.1757681644921254e-12
-2.3100934377668908e-11
2.4429750530727677e-12
-2.4737946278539636e-11
2.7624313099370018e-12
-2.6601700129344099e-11
3.1493714416012224e-12
-2.8741918892118483e-11
3.6230708060268455e-12
-3.122457829907368e-11
4.2125011038680124e-12
-3.413801568937531e-11
4.9586595646688631e-12
-3.7602885267402608e-11
5.9221755381346987e-12
-4.1787455799689067e-11
7.1955590833034308e-12
-4.6932520939246745e-11
8.9257695939507224e-12
-5.3387021690590748e-11
1.1349637709402933e-11
-6.1662383939463229e-11
1.4860324760436476e-11
-7.248878660712654e-11
2.0090657744022397e-11
-8.6781165915456284e-11
2.7878525819316555e-11
-1.0503114889564731e-10
3.83049475966994e-11
-1.2437404177195789e-10
4.5992625766234369e-11
-1.2994903519577767e-10
2.6669555268785065e-11
-8.7377537857639386e-11
-7.0481979096337833e-11
-2.0332651629952623e-10
-8.2870902652489568e-12
7.141704443356536e-13
-8.579771882623409e-12
7.5624804214271983e-13
-8.8898984152621453e-12
8.0155316964539046e-13
-9.2188407139002818e-12
8.5045815999947617e-13
-9.5681521369007761e-12
9.0340541854751803e-13
-9.9395398850807663e-12
9.6084882849415027e-13
-1.033493302290147e-11
1.0233625264551471e-12
-1.075650475048969e-11
1.0915973618777437e-12
-1.1206714162852444e-11
1.1663059006327445e-12
-1.168835177617264e-11
1.2483670014483435e-12
-1.2204587019100691e-11
1.3388256555984179e-12
-1.2759045136823125e-11
1.4389015258613744e-12
-1.3355899446998184e-11
1.5500442308662188e-12
-1.3999962016323178e-11
1.6739913086624435e-12
-1.4696804010523574e-11
1.81283180062678e-12
-1.5452912251967606e-11
1.969084514218862e-12
-1.6275910625119548e-11
2.1458625885429271e-12
-1.7174809986629144e-11
2.3469458675711829e-12
-1.8160281527694798e-11
2.5770296671498692e-12
-1.924509427134762e-11
2.8420280071260097e-12
-2.0444634448884289e-11
3.1494169326543582e-12
-2.1777622290720102e-11
3.5087560069621221e-12
-2.3267108759864902e-11
3.9324615229226947e-12
-2.4941588456066256e-11
4.4369110069495451e-12
-2.6835544715680851e-11
5.0433277019572422e-12
-2.8994610419241834e-11
5.7821365094311933e-12
-3.1475494512611491e-11
6.6933851904817644e-12
-3.435105518052825e-11
7.8342201748685245e-12
-3.7715449549193963e-11
9.2865694607380546e-12
-4.1690135643705918e-11
1.1170241879406879e-11
-4.6428640906262496e-11
1.3664251647715723e-11
-5.2119606087403537e-11
1.7040449393590838e-11
-5.8969215636856147e-11
2.1708994247787626e-11
-6.713276122424033e-11
2.824897294301275e-11
-7.649019014850197e-11
3.7210181878294844e-11
-8.5998335277983094e-11
4.7704543998750783e-11
-9.1954360200660432e-11
5.1577793895373922e-11
-8.4882315647167765e-11
1.8652801681105573e-11
-5.0551020366991167e-11
-1.0633914110454698e-10
-2.5480700083293856e-10
-8.0067201900601972e-12
9.9048095201225495e-13
-8.2990800739847128e-12
1.0486079260496713e-12
-8.6086922072310879e-12
1.1111653028703039e-12
-8.9368876624532544e-12
1.1786536151862895e-12
-9.2851591539876922e-12
1.2516769100497002e-12
-9.6551629597692598e-12
1.3308526342427203e-12
-1.0048760905341629e-11
1.4169604719884318e-12
-1.0468041431238244e-11
1.5108778877241548e-12
-1.0915358049002826e-11
1.6136225182858529e-12
-1.1393372532981929e-11
1.726381485342691e-12
-1.19050984541494e-11
1.8505515766811062e-12
-1.2453968468706222e-11
1.9877715402865843e-12
-1.3043906758769813e-11
2.1399825208089676e-12
-1.3679414126804142e-11
2.3094986765488507e-12
-1.4365676037227643e-11
2.4990937108746177e-12
-1.510869867566851e-11
2.712107152508093e-12
-1.5915415599803743e-11
2.9525795124906426e-12
-1.6794026510231502e-11
3.2255567778211524e-12
-1.7754086109333085e-11
3.5370892660335785e-12
-1.8806883860589631e-11
3.8948257581627874e-12
-1.9965818524227907e-11
4.30835159602892e-12
-2.1246873862048659e-11
4.7898113444892789e-12
-2.2669185459550499e-11
5.354773120085659e-12
-2.4255677215999112e-11
6.0234027628997091e-12
-2.6034440372839826e-11
6.8220908579919216e-12
-2.8038569211199847e-11
7.7862653458852279e-12
-3.0308353837556348e-11
8.9631698081240299e-12
-3.2891398423505211e-11
1.041726470091473e-11
-3.584260185133696e-11
1.2237772440602015e-11
-3.9221666279309205e-11
1.454930301116822e-11
-4.3084940567886713e-11
1.7527502764439023e-11
-4.7464584489691646e-11
2.141994010464986e-11
-5.2322289688958548e-11
2.6565761296561863e-11
-5.7447374078934145e-11
3.336883839720935e-11
-6.2248022649394348e-11
4.1985117819379544e-11
-6.5354362551761855e-11
5.0702600741656223e-11
-6.3976838305744028e-11
4.9830321006907567e-11
-5.3325814830514718e-11
7.0591836864069498e-12
-2.8881943234172297e-11
-1.3230618202330422e-10
-2.8461713259086625e-10
-7.8859194081311431e-12
1.2631799766286674e-12
-8.1742469040615619e-12
1.3369354218575172e-12
-8.4793480086799594e-12
1.4162664073947058e-12
-8.8024956041804004e-12
1.5018012106501699e-12
-9.1450448635930941e-12
1.5942261693824702e-12
-9.5086078216191866e-12
1.6944155921804252e-12
-9.8949182086442827e-12
1.8032708589030622e-12
-1.0305921475562223e-11
1.9218811544962526e-12
-1.0743802557364967e-11
2.0515035998967268e-12
-1.121101923943791e-11
2.1935981672261736e-12
-1.1710339911705001e-11
2.3498722486872131e-12
-1.2244896255402939e-11
2.5223278836841797e-12
-1.2818240768761637e-11
2.7133270338933948e-12
-1.3434414350709173e-11
2.9256722581704887e-12
-1.4098026935837355e-11
3.1627062956236885e-12
-1.4814351040756271e-11
3.4284312570691195e-12
-1.558944498174469e-11
3.7276734530576885e-12
-1.6430311933580823e-11
4.0664237292014956e-12
-1.734496718794612e-11
4.4517445198897779e-12
-1.834273372082114e-11
4.8925922904497733e-12
-1.943439204737169e-11
5.400009921892308e-12
-2.063241858241249e-11
5.9878378787132316e-12
-2.1951221039265788e-11
6.6735755759530169e-12
-2.3407360783763629e-11
7.479542506211387e-12
-2.5019659333279788e-11
8.4343894059074776e-12
-2.6808738711810677e-11
9.5753447215527516e-12
-2.8797276299608021e-11
1.0951707386132839e-11
-3.1007061976763548e-11
1.2627050317131807e-11
-3.345627613619573e-11
1.4686986151719065e-11
-3.615176421523099e-11
1.7244787798627172e-11
-3.9074771872304241e-11
2.0450487289258819e-11
-4.2154322838176077e-11
2.4499338133981955e-11
-4.5219491075832051e-11
2.9629993113960558e-11
-4.7917925278734313e-11
3.6062063505179548e-11
-4.958844488094944e-11
4.3629973660062301e-11
-4.9096230046262233e-11
5.0102304671856223e-11
-4.4713545904563253e-11
4.5078332693968591e-11
-3.437002625459126e-11
-4.2255203754711862e-12
-1.7265784834923907e-11
-1.5093185256973996e-10
-3.0281029305124507e-10
-7.7999946578166032e-12
1.5308858046489446e-12
-8.0827769709431079e-12
1.6197177349032131e-12
-8.3817005338347021e-12
1.7151899701798862e-12
-8.6979365069395081e-12
1.8180371836271117e-12
-9.0328002044833021e-12
1.9290898668186726e-12
-9.3877187722046449e-12
2.0493341597700872e-12
-9.7642905806057946e-12
2.1798426671341821e-12
-1.0164293892175497e-11
2.321884465867964e-12
-1.0589707074024942e-11
2.4769167815094195e-12
-1.1042738807938899e-11
2.6466299008655213e-12
-1.1525858396005197e-11
2.8329918364618111e-12
-1.2041833188443874e-11
3.0383026757830044e-12
-1.2593769975782947e-11
3.2652638208542806e-12
-1.3185161457040832e-11
3.5170637390284885e-12
-1.3819940299082272e-11
3.7974851372333217e-12
-1.4502551002729404e-11
4.1110419602149e-12
-1.5238020416876111e-11
4.4631428666424296e-12
-1.6031814880327363e-11
4.8602181920421532e-12
-1.6890431972028687e-11
5.3103616108961862e-12
-1.7820944149463522e-11
5.8231044670626998e-12
-1.8831255416203e-11
6.4103211877001684e-12
-1.9930095027789277e-11
7.0866774892557191e-12
-2.1126927882086285e-11
7.8704084289922871e-12
-2.2431724466736929e-11
8.7843390893015771e-12
-2.3854528199806928e-11
9.8571931369269877e-12
-2.540452926322759e-11
1.1125345781629223e-11
-2.7087359639569498e-11
1.2634537752210346e-11
-2.8904318764043128e-11
1.4444009380353352e-11
-3.084489883314e-11
1.6627565773077919e-11
-3.2878798909462909e-11
1.9278684588744663e-11
-3.4941255103596822e-11
2.2512920386827492e-11
-3.6909525031657064e-11
2.6467455355212979e-11
-3.8567097925845023e-11
3.1286630976163398e-11
-3.9553753415050975e-11
3.7043517469977015e-11
-3.9309051762825443e-11
4.335964408729144e-11
-3.7045877287536765e-11
4.7731189187842424e-11
-3.1839679298302466e-11
3.9503252351786753e-11
-2.2999233468457818e-11
-1.4006278243311355e-11
-1.0908584116144043e-11
-1.6454289645525402e-10
-3.1464577963179509e-10
-7.7090681458063641e-12
1.7925830613079796e-12
-7.9851888242944347e-12
1.8958384132815811e-12
-8.2767099637656103e-12
2.0067111095250577e-12
-8.584705314569846e-12
2.1260325342765053e-12
-8.9103596117439426e-12
2.2547441638271516e-12
-9.2549586999843111e-12
2.3939332478130685e-12
-9.6199425418304029e-12
2.5448265087921247e-12
-1.0006890601284317e-11
2.7088325250661621e-12
-1.0417544744026666e-11
2.8875709239729342e-12
-1.0853832778810774e-11
3.0829179353641017e-12
-1.1317887508307538e-11
3.2970465655763376e-12
-1.1812069657326368e-11
3.5324848244102213e-12
-1.2338992268688407e-11
3.7921864317615579e-12
-1.2901545958083943e-11
4.0796174279459602e-12
-1.3502924003288794e-11
4.3988631819019638e-12
-1.4146642675004868e-11
4.7547606313848462e-12
-1.4836554105890542e-11
5.153054296853053e-12
-1.5576938591893717e-11
5.6006026773151486e-12
-1.6372270058222409e-11
6.105693076386676e-12
-1.7227441097584802e-11
6.6782755054663604e-12
-1.8147511162093034e-11
7.3303912511290047e-12
-1.9137559955501552e-11
8.0767262814195604e-12
-2.0202372019797904e-11
8.9352204918354227e-12
-2.1345896665891862e-11
9.9278637336295183e-12
-2.2570368558981382e-11
1.1081665027755257e-11
-2.3874840288940101e-11
1.2429817508063278e-11
-2.5253330188887542e-11
1.4013027641736744e-11
-2.6690382861194875e-11
1.5881061991507544e-11
-2.8156753084125014e-11
1.8093935549158535e-11
-2.960057878696979e-11
2.0722507010496428e-11
-3.0935624483055208e-11
2.3847943016570772e-11
-3.202423959873223e-11
2.7555917949249832e-11
-3.2655497472981731e-11
3.1916954898175396e-11
-3.2521942660575249e-11
3.6904766812110288e-11
-3.1207359776481041e-11
4.201945909575369e-11
-2.8212294911978375e-11
4.4628279731498564e-11
-2.31312881058049e-11
3.4053638801548199e-11
-1.5908772330847858e-11
-2.2168564215068081e-11
-7.2413964967699056e-12
-1.7473004925094535e-10
-3.2281380262888537e-10
-7.6053215750855113e-12
2.0473723765380936e-12
-7.8737949273549736e-12
2.1643117654228854e-12
-8.1568318856348511e-12
2.2897480676373487e-12
-8.4553930394729188e-12
2.4245936879427335e-12
-8.770529085663502e-12
2.5698802098202414e-12
-9.1033666431882431e-12
2.7267708051566154e-12
-9.4551714310020508e-12
2.8966312963633944e-12
-9.8273068263886055e-12
3.0809679202062981e-12
-1.0221259252869701e-11
3.2815233501847527e-12
-1.0638654683238554e-11
3.5003133654017217e-12
-1.1081266621497059e-11
3.7396585034464179e-12
-1.1551025025079396e-11
4.0022432275548563e-12
-1.2050024289666156e-11
4.2911856959178564e-12
-1.2580528017890927e-11
4.6101211556524163e-12
-1.3144967913118312e-11
4.9633030765667813e-12
-1.3745933572842548e-11
5.3557262905020373e-12
-1.4386155124956298e-11
5.7932758482817223e-12
-1.5068460752751181e-11
6.2829083043320751e-12
-1.5795658136426492e-11
6.8328904591284585e-12
-1.6570471282690281e-11
7.453088650729798e-12
-1.7395302261865376e-11
8.1552222291563884e-12
-1.8271927956496743e-11
8.9533519747174895e-12
-1.92010284209336e-11
9.8643209547552871e-12
-2.0181473243444523e-11
1.0908308554306776e-11
-2.1209257596042592e-11
1.2109449378074973e-11
-2.2275959861574737e-11
1.3496519770085294e-11
-2.3366428372559752e-11
1.5103496142418982e-11
-2.4455446560980647e-11
1.6970080119118052e-11
-2.5503029288856287e-11
1.9141517831287944e-11
-2.6448215375667145e-11
2.1667689820737578e-11
-2.7200147572791853e-11
2.4599852172381457e-11
-2.7627972155600536e-11
2.7983590158334025e-11
-2.7549593226140028e-11
3.1837642854406447e-11
-2.6723583627021428e-11
3.6073565642067519e-11
-2.4859487835158323e-11
4.0129779969316805e-11
-2.1696699190382682e-11
4.1357713955593454e-11
-1.7096746714830027e-11
2.9085264484182264e-11
-1.131435270037565e-11
-2.8890380333420446e-11
-5.042561535718549e-12
-1.825212338505635e-10
-3.2878282255347799e-10
-7.4880949357831728e-12
2.2944441955461753e-12
-7.7480385226583003e-12
2.4242553521296134e-12
-8.0216283275783517e-12
2.5633378723730693e-12
-8.3097018886181053e-12
2.7126672487783552e-12
-8.6131647102199824e-12
2.8733430312407729e-12
-8.9330014285851187e-12
3.0466075233181018e-12
-9.2702552596136185e-12
3.2338851271277457e-12
-9.6260848912742689e-12
3.4367975516156181e-12
-1.0001705957782062e-11
3.6571444163954011e-12
-1.0398431604187652e-11
3.8970390114566397e-12
-1.0817667547765438e-11
4.1588944466084626e-12
-1.126090560120345e-11
4.4454812805670577e-12
-1.1729717521973017e-11
4.7599976161970948e-12
-1.2225741849311311e-11
5.1061454824352319e-12
-1.2750660625256598e-11
5.4882218519265906e-12
-1.3306162155892284e-11
5.9112278204578091e-12
-1.3893884935510559e-11
6.3809986271542429e-12
-1.4515334331867665e-11
6.9043576998686836e-12
-1.5171753793048757e-11
7.4893099193650466e-12
-1.5863900071406592e-11
8.1452349280107004e-12
-1.6591863866897112e-11
8.8831860234263026e-12
-1.735461385472577e-11
9.7161019611910235e-12
-1.8149471375226524e-11
1.0659178473697574e-11
-1.8971337134457029e-11
1.1730174311712369e-11
-1.9811602226288357e-11
1.2949714467689116e-11
-2.0656676920755142e-11
1.4341594461177034e-11
-2.148590751996164e-11
1.5932726731554721e-11
-2.2268791401463093e-11
1.7752963940284357e-11
-2.2961404887682212e-11
1.9834130872811598e-11
-2.3501808274365301e-11
2.2208089934754332e-11
-2.380491283684245e-11
2.4902933713921553e-11
-2.3756982306051624e-11
2.7935507371752823e-11
-2.3212081434653416e-11
3.1291809522411816e-11
-2.1994677000247119e-11
3.4850972888161731e-11
-1.9919346037219468e-11
3.8028879552174643e-11
-1.684201382999796e-11
3.8172652977800013e-11
-1.2816248097014695e-11
2.4691205163882876e-11
-8.1996955707015731e-12
-3.4446121296140047e-11
-3.5781041685248599e-12
-1.8866197003696196e-10
-3.3328727901209326e-10
-7.358006594700054e-12
2.5330812839752088e-12
-7.6086444870854484e-12
2.6748932443617128e-12
-7.8719479331756321e-12
2.8266413182778737e-12
-8.148628435101636e-12
2.9893477505149469e-12
-8.4394470575262945e-12
3.1641616534598993e-12
-8.7452125352454513e-12
3.3523730008183699e-12
-9.0667600685792065e-12
3.5554326602148492e-12
-9.4050751712976181e-12
3.7751126540855735e-12
-9.7610486191924012e-12
4.013117863980956e-12
-1.0135699716333031e-11
4.2716901082273322e-12
-1.0530070188894893e-11
4.5532649187433778e-12
-1.0945220550702532e-11
4.8606316419295948e-12
-1.1382214205683462e-11
5.1969912706518681e-12
-1.1842089197368002e-11
5.5660204735352998e-12
-1.2325816913480409e-11
5.9719495674388737e-12
-1.2834243588106125e-11
6.4196544944188312e-12
-1.3368008420300827e-11
6.9147634586074107e-12
-1.3927430318344881e-11
7.4637795970679227e-12
-1.4512343378848653e-11
8.0742229789397514e-12
-1.5121892148561116e-11
8.7547836966347717e-12
-1.5754198164457585e-11
9.5154920381326226e-12
-1.6405995409238864e-11
1.036789920462571e-11
-1.7072053176346016e-11
1.1325236239313921e-11
-1.7744415787409627e-11
1.2402536921024173e-11
-1.8411401542827863e-11
1.3616700220974186e-11
-1.9056365883688495e-11
1.4986558798874749e-11
-1.9655960563001398e-11
1.6532321401109184e-11
-2.0178016417058064e-11
1.8275019734470071e-11
-2.0579055906503468e-11
2.0235169918503597e-11
-2.0801471529109954e-11
2.2430502287912354e-11
-2.0770751320144491e-11
2.4872190500537284e-11
-2.0393465057552142e-11
2.7558068947903548e-11
-1.9558055287976255e-11
3.045546780730516e-11
-1.8142032474629293e-11
3.3429764263729388e-11
-1.6026482354026504e-11
3.5887770435037358e-11
-1.316884205811762e-11
3.5207319419029126e-11
-9.6978231657597372e-12
2.0851984360638125e-11
-6.0229929081896838e-12
-3.9059977405894572e-11
-2.6353858862948893e-12
-1.9356855222080354e-10
-3.3684894555425763e-10
-7.2159069790671513e-12
2.7626626065537784e-12
-7.4565737816911833e-12
2.9155600468298842e-12
-7.7088790322399775e-12
3.0789465686395239e-12
-7.9734061505592252e-12
3.2538748686429774e-12
-8.2507692829871231e-12
3.4415247856807217e-12
-8.5416212567042125e-12
3.6432249742763054e-12
-8.8466620307909317e-12
3.8604734340633707e-12
-9.1663980115478572e-12
4.0948486345641794e-12
-9.5017045391938219e-12
4.3484243912969354e-12
-9.8532462660733198e-12
4.6232318347248213e-12
-1.0221696871846215e-11
4.9217155241013103e-12
-1.0607705157003311e-11
5.2466399266295057e-12
-1.1011855775953489e-11
5.6011418890789189e-12
-1.1434628874365945e-11
5.9887935713652957e-12
-1.1876345612577145e-11
6.4136663050270564e-12
-1.2337094941093474e-11
6.8804038222618813e-12
-1.2816635586308568e-11
7.3943041030466674e-12
-1.3314265396527643e-11
7.9614094064356463e-12
-1.382864575296712e-11
8.5886033344131654e-12
-1.4357571229474141e-11
9.2837091720848739e-12
-1.4897666118809265e-11
1.005558692627905e-11
-1.5443981363393001e-11
1.091421444788832e-11
-1.5989496088866095e-11
1.1870750963315959e-11
-1.6524474308014846e-11
1.293751513851006e-11
-1.7035310906193051e-11
1.41275368172176e-11
-1.7504176255147748e-11
1.5455424144904504e-11
-1.7907061562834374e-11
1.6935206699340062e-11
-1.8212603204063274e-11
1.8580561316286789e-11
-1.8380482018246547e-11
2.0403048289782084e-11
-1.8359912134654169e-11
2.2409929137532426e-11
-1.8088639344442878e-11
2.4600894719331906e-11
-1.7492870365127676e-11
2.6962147883704234e-11
-1.6488635587375938e-11
2.9450301494046983e-11
-1.4991187784720335e-11
3.1927132612091951e-11
-1.2946665208435317e-11
3.3817696882085263e-11
-1.0348346526450506e-11
3.2501334154242791e-11
-7.3737071775755638e-12
1.7509210629046595e-11
-4.4369254240327265e-12
-4.2935667204859184e-11
-1.9191188673559991e-12
-1.9760521201391468e-10
-3.3969429366312284e-10
-7.062712876284067e-12
2.9826655643786868e-12
-7.2928555293522766e-12
3.1457026997063809e-12
-7.5335788495780523e-12
3.3196698886593644e-12
-7.785338679634956e-12
3.5056346984820611e-12
-8.0486024523640015e-12
3.7047885582000005e-12
-8.3238410331922885e-12
3.9184635548592728e-12
-8.611513206459729e-12
4.1481456070917826e-12
-8.9121565582800835e-12
4.3954919860909776e-12
-9.2261368396559266e-12
4.6624046723446479e-12
-9.553895240519969e-12
4.9509902352412499e-12
-9.8957871451934075e-12
5.2636074283314616e-12
-1.0252081962409217e-11
5.6029347433911894e-12
-1.0622926932016379e-11
5.9719868581652821e-12
-1.1008300357473057e-11
6.3741669962408482e-12
-1.1407948403938603e-11
6.813314350893636e-12
-1.182130335705419e-11
7.2937587746956952e-12
-1.2247377787339616e-11
7.8203785325781471e-12
-1.2684627687827977e-11
8.3986593060920411e-12
-1.3130775786381319e-11
9.0347514320148103e-12
-1.3582585882918838e-11
9.7355192676024633e-12
-1.4035574888805416e-11
1.0508575931008476e-11
-1.4483646136836987e-11
1.1362285694685687e-11
-1.4918602348985012e-11
1.2305707174104632e-11
-1.532957586807027e-11
1.3348488656105159e-11
-1.5703012754001206e-11
1.4500973701388673e-11
-1.6020249787890776e-11
1.5772661176099135e-11
-1.6258247230092805e-11
1.7173204132407248e-11
-1.6388024044478999e-11
1.8710338071633709e-11
-1.6373809021997892e-11
2.0388832825076282e-11
-1.617246691876317e-11
2.2208583769707602e-11
-1.5733457435774394e-11
2.4161862256410405e-11
-1.5000269390055486e-11
2.6228807815182076e-11
-1.3915035004952258e-11
2.8364135903021121e-11
-1.2422806417080039e-11
3.042972172867701e-11
-1.0488141870503889e-11
3.1857487609207158e-11
-8.1489658708680234e-12
3.0054512024838834e-11
-5.6026131308106408e-12
1.4594774418145345e-11
-3.2573070280686937e-12
-4.6219794075695996e-11
-1.4170030866764196e-12
-2.0096428121667989e-10
-3.4203748981783749e-10
-6.8993740497710105e-12
3.1926665685134867e-12
-7.1185523350625705e-12
3.3648809847698834e-12
-7.3472391528283276e-12
3.5483567061836345e-12
-7.5857660039165177e-12
3.7441615493484739e-12
-7.8344590901687088e-12
3.9534816442229318e-12
-8.0936316099911178e-12
4.1776360744332473e-12
-8.3635783794797316e-12
4.4180923763393968e-12
-8.6445697493255005e-12
4.6764833556742564e-12
-8.9368116195198968e-12
4.9546465421801787e-12
-9.2404392249675195e-12
5.2546178402958342e-12
-9.5555142493947808e-12
5.5786824523179568e-12
-9.8819630899559721e-12
5.9293835835007263e-12
-1.0219544052741037e-11
6.3095678204313737e-12
-1.0567797525279335e-11
6.722420468199044e-12
-1.0925978105052477e-11
7.1714949300677994e-12
-1.1292969397261639e-11
7.6607500662541435e-12
-1.1667177358913147e-11
8.194586493514102e-12
-1.204639600607202e-11
8.7778779524562084e-12
-1.2427639340736327e-11
9.4159947658168126e-12
-1.2806932613373797e-11
1.0114812539239339e-11
-1.3179054454532509e-11
1.0880697771065829e-11
-1.3537224321587378e-11
1.1720455560586857e-11
-1.3872740696179335e-11
1.264122354744231e-11
-1.4174565165148837e-11
1.3650313123654565e-11
-1.4428509571623667e-11
1.4754918106263553e-11
-1.4617380691646181e-11
1.5961532293655481e-11
-1.4719733016849769e-11
1.7275556448807373e-11
-1.4709669459162274e-11
1.8700274455312509e-11
-1.4556480720704399e-11
2.0235643644982762e-11
-1.422462970120778e-11
2.1876729487444748e-11
-1.3674401449764737e-11
2.3611611034103499e-11
-1.2863445150277436e-11
2.5417699543950001e-11
-1.1749651360727263e-11
2.7249411175537641e-11
-1.0298996675881267e-11
2.8973885995397521e-11
-8.4981318596871224e-12
3.0031083014530174e-11
-6.4122217689431454e-12
2.7860971755562468e-11
-4.2392895478899414e-12
1.205379784344617e-11
-2.3578379875824531e-12
-4.9040000161712976e-11
-1.0575640067328981e-12
-2.037832545045247e-10
-3.4402122004551171e-10
-6.7268568641768172e-12
3.3923395309954085e-12
-6.9347408397472123e-12
3.5727649601401311e-12
-7.1510614413670823e-12
3.7646773075890183e-12
-7.3760313790684592e-12
3.9691314868233551e-12
-7.6098434215023566e-12
4.187293686415013e-12
-7.852661561568939e-12
4.4204542142787382e-12
-8.1046107483545638e-12
4.6700415628806504e-12
-8.3657648594789717e-12
4.9376374665342468e-12
-8.6361200231287387e-12
5.225001705470703e-12
-8.9155805722907369e-12
5.53407838908147e-12
-9.2039203366786771e-12
5.8670222162666568e-12
-9.5007823723681581e-12
6.2262456187402493e-12
-9.8055796427557466e-12
6.6143650903012821e-12
-1.011748528125422e-11
7.0343261061810887e-12
-1.04353484293773e-11
7.4893580776154094e-12
-1.0757612339430118e-11
7.9830139757108682e-12
-1.1082212551350702e-11
8.5191867047342251e-12
-1.1406451168031792e-11
9.1021165684126818e-12
-1.1726844349369975e-11
9.7363879463296889e-12
-1.2038938293561593e-11
1.0426906482518403e-11
-1.2337089405321904e-11
1.117884888184414e-11
-1.2614208036695614e-11
1.1997574190866614e-11
-1.2861465814808712e-11
1.2888481324401743e-11
-1.3067950685704438e-11
1.3856797993289676e-11
-1.3220306089428342e-11
1.4907273508595211e-11
-1.3302446997237581e-11
1.6043673199196728e-11
-1.3295182808842168e-11
1.7268292251891856e-11
-1.3176024742365859e-11
1.8581116330508796e-11
-1.2919201445060569e-11
1.9978819906576502e-11
-1.2496005648002275e-11
2.1453530429099952e-11
-1.187567623220562e-11
2.2991258655045114e-11
-1.1026969104809023e-11
2.4568840487096734e-11
-9.9210800334214099e-12
2.614259138616849e-11
-8.5375915660385032e-12
2.7585217492290771e-11
-6.8830802792866276e-12
2.8351035923147022e-11
-5.0154081961823625e-12
2.588568219419344e-11
-3.1433766740685881e-12
9.8137529020497563e-12
-1.6569838423383295e-12
-5.1465095620589427e-11
-7.4533441668849056e-13
-2.0621355050664675e-10
-3.4569269842853251e-10
-6.5461312134730778e-12
3.5814527825413001e-12
-6.7424970228233343e-12
3.7691307692883568e-12
-6.9462409355890385e-12
3.9684212201355246e-12
-7.1574639938984524e-12
4.1803545449008676e-12
-7.3762344429127736e-12
4.4060641351819837e-12
-7.6025774962765174e-12
4.6467972673528727e-12
-7.8364628800487437e-12
4.9039269464038169e-12
-8.0777901684083376e-12
5.1789647546259853e-12
-8.326365356316612e-12
5.4735768930493904e-12
-8.5818826922488642e-12
5.7895957246368243e-12
-8.8438972840446678e-12
6.1290368076316165e-12
-9.1117474316089206e-12
6.4940957658710837e-12
-9.3846083207071921e-12
6.8872259789059408e-12
-9.6613436330046007e-12
7.3110614179460135e-12
-9.9404782469278365e-12
7.7684926909704578e-12
-1.0220118517527337e-11
8.2626542457214e-12
-1.0497856310428514e-11
8.7969244969817179e-12
-1.0770655844461607e-11
9.3749161017602969e-12
-1.1034720780514715e-11
1.0000452881596229e-11
-1.1285338364093504e-11
1.0677524065260882e-11
-1.151669951980278e-11
1.1410210036650443e-11
-1.1721697163784039e-11
1.2202571833824086e-11
-1.1891705475306443e-11
1.3058489634876412e-11
-1.201634504064016e-11
1.3981437557511877e-11
-1.2083250338730134e-11
1.4974178805393695e-11
-1.2077902858244901e-11
1.6038325716690259e-11
-1.1983473876650954e-11
1.7173863262014972e-11
-1.17808421553959e-11
1.8378484551231004e-11
-1.1448792659797508e-11
1.9646769970291864e-11
-1.0964527213487262e-11
2.0969261722792177e-11
-1.0304686806173671e-11
2.2331395290909349e-11
-9.4463823607007761e-12
2.3710384147595763e-11
-8.3710118432370522e-12
2.5066290333065654e-11
-7.0688613659512239e-12
2.6277887810688037e-11
-5.5496884670210537e-12
2.6806330452664697e-11
-3.8813640761195214e-12
2.410975055992402e-11
-2.2704251846445637e-12
7.8348253242207278e-12
-1.0878860319119307e-12
-5.3586295835187436e-11
-5.0891263578696672e-13
-2.0831112903785737e-10
-3.4712773806043862e-10
-6.3581587924084972e-12
3.7598646576934513e-12
-6.5428830119998803e-12
3.9538549886619119e-12
-6.733951822240745e-12
4.1594900301530417e-12
-6.9313629901975097e-12
4.3777657126198792e-12
-7.1350705648387778e-12
4.6097717095695538e-12
-7.3449736527999814e-12
4.8567003550496693e-12
-7.5609028448675513e-12
5.1198561382164626e-12
-7.7826038548701117e-12
5.4006657643241245e-12
-8.0097160277117889e-12
5.7006890655579053e-12
-8.2417486645994617e-12
6.0216283611612113e-12
-8.4780499857338048e-12
6.3653381283814272e-12
-8.7177882344215019e-12
6.7338340141485541e-12
-8.9598713252369063e-12
7.1293090692587873e-12
-9.202934876755891e-12
7.5541249689869105e-12
-9.4452640937246509e-12
8.0108219074329443e-12
-9.6847239082082027e-12
8.5021140596542417e-12
-9.9186764310913522e-12
9.0308770192656834e-12
-1.0143881598537352e-11
9.6001212685682354e-12
-1.035638662432022e-11
1.0212957906719496e-11
-1.0551399161691985e-11
1.0872536601891194e-11
-1.072314529197293e-11
1.1581956166089127e-11
-1.0864718837112673e-11
1.2344145378114156e-11
-1.0967926205683592e-11
1.3161697002526092e-11
-1.102313636270143e-11
1.4036647713567057e-11
-1.1019150104527922e-11
1.4970192546124249e-11
-1.0943131267684517e-11
1.596230687796025e-11
-1.0780583373881678e-11
1.7011315360092498e-11
-1.0515518465534e-11
1.8113419585091607e-11
-1.0130767864022219e-11
1.9262018928461371e-11
-9.6082706021303566e-12
2.044676120195853e-11
-8.9304588571160087e-12
2.1653560594468638e-11
-8.0821873695320757e-12
2.2861960795766606e-11
-7.0504284381859837e-12
2.4033601018560264e-11
-5.8305048130152634e-12
2.5052785671336394e-11
-4.437084119829272e-12
2.5387379850581004e-11
-2.9491344222860662e-12
2.2514201973266909e-11
-1.5630543825766016e-12
6.0807765878638087e-12
-6.3499852255985392e-13
-5.5452979562129236e-11
-3.2678498272307841e-13
-2.1013791527392071e-10
-3.4838063701843425e-10
-6.1638826362425979e-12
3.9275179831826732e-12
-6.3369354197355989e-12
4.1269077719377844e-12
-6.5153342804022555e-12
4.3378888905933142e-12
-6.6989830534954887e-12
4.5614144854699487e-12
-6.8877329452164814e-12
4.7985216010298481e-12
-7.0813707384715315e-12
5.0503381480329082e-12
-7.279604684876501e-12
5.3180900843592797e-12
-7.4820476051837654e-12
5.6031086843362567e-12
-7.688196272306005e-12
5.9068377323258724e-12
-7.8974076335866003e-12
6.2308397220824508e-12
-8.1088709331075139e-12
6.5768014274991954e-12
-8.3215747799906864e-12
6.9465378606193754e-12
-8.5342628558904425e-12
7.3419971447257074e-12
-8.7453916322865374e-12
7.7652537449106836e-12
-8.9530755133827809e-12
8.2185057880285739e-12
-9.15502369520118e-12
8.7040622409278147e-12
-9.3484663467603766e-12
9.224319670279894e-12
-9.5300692803858331e-12
9.7817242016109787e-12
-9.6958496932268137e-12
1.0378738318917823e-11
-9.8410774270797801e-12
1.1017764335051675e-11
-9.9601619464323896e-12
1.1701040684727034e-11
-1.0046550047554514e-11
1.2430533478488194e-11
-1.0092624825685913e-11
1.3207771779833773e-11
-1.0089621053567215e-11
1.4033643940601014e-11
-1.0027576204365803e-11
1.4908147695983767e-11
-9.8953423270747966e-12
1.5830072998958779e-11
-9.6805587613656444e-12
1.6796531786460579e-11
-9.370004731778297e-12
1.7802865497898902e-11
-8.9498942529210712e-12
1.8841908009546407e-11
-8.406845267014906e-12
1.9903708957989961e-11
-7.7276218940855625e-12
2.0974314274686078e-11
-6.9007611666343105e-12
2.2034948229317572e-11
-5.919130955398317e-12
2.3051040552637483e-11
-4.7826995983323663e-12
2.3911176377220036e-11
-3.5115979203911969e-12
2.4090750473678516e-11
-2.1748679932295296e-12
2.1069880060871378e-11
-9.7459023607780988e-13
4.5125466144739133e-12
-2.6555394038152129e-13
-5.7100616596601919e-11
-1.7963622805479625e-13
-2.1174237941117744e-10
-3.4948637672038873e-10
-5.9642180191236442e-12
4.0844337157785056e-12
-6.1256553362558191e-12
4.288345088867956e-12
-6.2914835169694158e-12
4.5037170710776752e-12
-6.4615224080453997e-12
4.7314533762980022e-12
-6.6355322882192681e-12
4.9725314809439794e-12
-6.8132018792224488e-12
5.2280077387561157e-12
-6.9941341819422864e-12
5.4990223868086171e-12
-7.1778297487873982e-12
5.7868042508941277e-12
-7.3636668959869168e-12
6.0926748792036516e-12
-7.5508787626231905e-12
6.418051588369445e-12
-7.7385265268184974e-12
6.7644491913184203e-12
-7.9254682942370052e-12
7.1334796276454434e-12
-8.1103212275174293e-12
7.526850077561782e-12
-8.2914213505012692e-12
7.9463538674502403e-12
-8.4667750380887126e-12
8.3938594751512356e-12
-8.6340037896203853e-12
8.8712909919668997e-12
-8.7902842802154784e-12
9.3806001603515627e-12
-8.9322945273779091e-12
9.9237344482216412e-12
-9.0561226829981862e-12
1.050256647397527e-11
-9.1571900114183306e-12
1.1118831662876333e-11
-9.2301959176502184e-12
1.1774046590326023e-11
-9.2690383921625038e-12
1.2469375952318369e-11
-9.2667559744441618e-12
1.3205489361443261e-11
-9.2154906599466267e-12
1.3982378625373889e-11
-9.1064777119227993e-12
1.4799134747136058e-11
-8.9301029174428381e-12
1.5653698202905286e-11
-8.6762532702847609e-12
1.6542682131547727e-11
-8.3341165784502294e-12
1.7460728748642173e-11
-7.892700899276073e-12
1.8400491890551367e-11
-7.3413427088439859e-12
1.9352347510266282e-11
-6.6707042793780617e-12
2.0303652902319365e-11
-5.873257188801071e-12
2.12373493213514e-11
-4.9449312265820301e-12
2.21217844448848e-11
-3.8887498850416732e-12
2.2849817586298259e-11
-2.7248176267382323e-12
2.2901292374233139e-11
-1.5248817321830147e-12
1.9762357948636584e-11
-4.8666827172309795e-13
3.1063946181605156e-12
4.2406802027071309e-14
-5.8568269879639412e-11
-5.2110205178330754e-14
-2.1316638662115763e-10
-3.5046458130599378e-10
-5.7600447667052361e-12
4.230703974502402e-12
-5.9100000333236758e-12
4.4383003552826088e-12
-6.0634408778854454e-12
4.6571579153752527e-12
-6.2201133809231542e-12
4.8881258790832803e-12
-6.3796989843557809e-12
5.1321170840945383e-12
-6.5418026306375915e-12
5.3901113847339011e-12
-6.7059389264633328e-12
5.6631586823784405e-12
-6.871516031031368e-12
5.9523813551816663e-12
-7.0378169324709449e-12
6.2589757803289597e-12
-7.2039778774881542e-12
6.5842125330222005e-12
-7.3689635684572661e-12
6.9294348819288985e-12
-7.5315388642117192e-12
7.296054923001798e-12
-7.6902357159697041e-12
7.6855469289256073e-12
-7.8433174069237128e-12
8.0994355579626154e-12
-7.9887374287839024e-12
8.539279496588891e-12
-8.1240946748509777e-12
9.0066482375761499e-12
-8.2465852664766207e-12
9.5030907515056578e-12
-8.3529443978562313e-12
1.0030093579118857e-11
-8.4394004234265353e-12
1.0589022499038487e-11
-8.5016228652309327e-12
1.1181054104134795e-11
-8.5346662501353578e-12
1.1807089974688273e-11
-8.5329352778826185e-12
1.2467644979475096e-11
-8.4901609595577493e-12
1.3162715042538508e-11
-8.3993993332554624e-12
1.3891616998465925e-11
-8.2530718000594988e-12
1.4652807213248242e-11
-8.0430578519827744e-12
1.5443684253380205e-11
-7.7607464590397759e-12
1.6260370730992643e-11
-7.397449665310502e-12
1.7097431897659662e-11
-6.9446524825927463e-12
1.7947694268238956e-11
-6.3943571737419179e-12
1.8802048944769538e-11
-5.7397975906767533e-12
1.9649070379788528e-11
-4.9760722167348754e-12
2.0473472148600224e-11
-4.1015789618342333e-12
2.124636113792144e-11
-3.1206698321185073e-12
2.186373142249659e-11
-2.0542560235440481e-12
2.1809354298945909e-11
-9.7424297226737835e-13
1.8574763546138565e-11
-7.5081936767708905e-14
1.8393065516061236e-12
3.015434046945027e-13
-5.9883454507359844e-11
5.507724567126473e-14
-2.1443842599050293e-10
-3.5133559075855311e-10
-5.5522009843479344e-12
4.3664846979287746e-12
-5.6908763568947665e-12
4.5769757275949869e-12
-5.832186974391018e-12
4.7984685326357263e-12
-5.9758153731091302e-12
5.0317542775444228e-12
-6.1213761008573962e-12
5.2776778115861352e-12
-6.2684042483142837e-12
5.5371395319103792e-12
-6.4163422369076161e-12
5.8110966706749838e-12
-6.56452463587642e-12
6.1005637538602622e-12
-6.7121607669161194e-12
6.4066119110765286e-12
-6.8583149271804207e-12
6.7303666929448617e-12
-7.0018839594169863e-12
7.0730039137830958e-12
-7.141572023600539e-12
7.4357429868196852e-12
-7.2758622317438045e-12
7.8198371366677274e-12
-7.4029859789142322e-12
8.2265593047082261e-12
-7.5208886516850779e-12
8.6571821689539335e-12
-7.6271931958209904e-12
9.1129527813030151e-12
-7.7191619133335677e-12
9.5950594685966202e-12
-7.7936562645832447e-12
1.0104587929938337e-11
-7.8470999282184995e-12
1.0642466162229122e-11
-7.8754440188747911e-12
1.1209398194357718e-11
-7.8741373724180808e-12
1.1805783327788205e-11
-7.8381100843959067e-12
1.2431617690963205e-11
-7.7617767588428005e-12
1.3086381716523743e-11
-7.6390592203928119e-12
1.3768899459530324e-11
-7.4634449327662323e-12
1.4477192925044014e-11
-7.228084216525611e-12
1.5208323535815783e-11
-6.9259339453289959e-12
1.595822045227299e-11
-6.5500236139336127e-12
1.6721521509136657e-11
-6.0937191429720973e-12
1.7491389357939937e-11
-5.5510601294825298e-12
1.8259386675211673e-11
-4.9172825034878006e-12
1.9015269817248508e-11
-4.1895563825859786e-12
1.9745594244989099e-11
-3.3676736790820386e-12
2.0423548462889536e-11
-2.4570006969899436e-12
2.0947881762530745e-11
-1.4787531891885896e-12
2.0805583869081304e-11
-5.039154211117591e-13
1.7492348568375138e-11
2.7511941102910102e-13
6.9235445305727723e-13
5.2142111295893282e-13
-6.1068299465061913e-11
1.4562291672897583e-13
-2.1558111751248801e-10
-3.5211604804108809e-10
-5.341478158629866e-12
4.4919881355323278e-12
-5.4691357354569711e-12
4.7046333042257764e-12
-5.5986367060001236e-12
4.9279695029416863e-12
-5.7296100496129323e-12
5.1627276209199502e-12
-5.8616149522713698e-12
5.4096827139823379e-12
-5.9941299333495922e-12
5.6696545126929289e-12
-6.1265404712311144e-12
5.9435072082666762e-12
-6.2581250006495772e-12
6.2321482829708902e-12
-6.3880390527649196e-12
6.5365259628896892e-12
-6.5152974578333948e-12
6.8576250976935064e-12
-6.638754477192804e-12
7.1964609327903272e-12
-6.7570818065443492e-12
7.5540703157886998e-12
-6.8687445506309396e-12
7.9314998803522829e-12
-6.9719762504941942e-12
8.3297910041850726e-12
-7.0647503792023045e-12
8.7499562973024246e-12
-7.1447517496970132e-12
9.1929541514194745e-12
-7.2093488932742687e-12
9.6596566117764227e-12
-7.2555646188120497e-12
1.0150803655064175e-11
-7.2800510811590003e-12
1.0666952624136835e-11
-7.279069432101014e-12
1.120841654492224e-11
-7.2484766860414487e-12
1.1775190581280891e-11
-7.1837250940616273e-12
1.2366866098586979e-11
-7.0798889828233218e-12
1.298254560486443e-11
-6.931695718365024e-12
1.3620706194645495e-11
-6.7335957493705191e-12
1.4279092955581157e-11
-6.4798694047266348e-12
1.495459718994544e-11
-6.1647625611530547e-12
1.5643113601341669e-11
-5.7827495055787903e-12
1.6339508396542988e-11
-5.3287645218092479e-12
1.7037403934955965e-11
-4.7982419823256911e-12
1.7728860880208671e-11
-4.1883119454909491e-12
1.8405316846517916e-11
-3.4972087157228951e-12
1.9054339246485733e-11
-2.7257054312294381e-12
1.9651115276694111e-11
-1.8797393884524325e-12
2.0096739349551723e-11
-9.8112435667932901e-13
1.9881447072378651e-11
-9.9126370676199842e-14
1.6502776925294652e-11
5.7547471521401116e-13
-3.5015554434700019e-13
7.0947671947753306e-13
-6.2140831034365852e-11
2.2276907018773799e-13
-2.166128860992011e-10
-3.5281935362820388e-10
-5.128617556497655e-12
4.6074753566188462e-12
-5.2455706932864126e-12
4.8215864408442632e-12
-5.3636360219549697e-12
5.0460348313588936e-12
-5.4823985306836849e-12
5.2814901294091134e-12
-5.6013729584402833e-12
5.5286571414880445e-12
-5.7199936616783106e-12
5.7882752156606459e-12
-5.837603250474155e-12
6.0611167967884774e-12
-5.9534399291797772e-12
6.3479849613435278e-12
-6.0666232599223664e-12
6.6497092933120238e-12
-6.1761384817819653e-12
6.9671403192386344e-12
-6.2808192317401853e-12
7.3011416824334189e-12
-6.379328645183619e-12
7.6525797288866724e-12
-6.4701390230551554e-12
8.0223102578666646e-12
-6.5515140226825502e-12
8.4111660034231506e-12
-6.6214835138709543e-12
8.8199257880962352e-12
-6.6778218924887131e-12
9.2492925296712472e-12
-6.7180322097669975e-12
9.6998669286624983e-12
-6.7393230702229845e-12
1.0172094515170864e-11
-6.7385945176458082e-12
1.0666224071217546e-11
-6.7124291741423036e-12
1.1182251201078561e-11
-6.6570902879142951e-12
1.1719851694709355e-11
-6.5685279903830218e-12
1.2278303800727631e-11
-6.4424390933687548e-12
1.2856456707532652e-11
-6.2742848718001631e-12
1.3452551972788872e-11
-6.0593729392021308e-12
1.4064181022593643e-11
-5.7929630294691297e-12
1.4688187279092571e-11
-5.4703550588768335e-12
1.5320505623448085e-11
-5.0871881660643306e-12
1.595634144681325e-11
-4.6394739023878285e-12
1.6589689232214018e-11
-4.1246526038008853e-12
1.7214036326567311e-11
-3.5400832101417321e-12
1.7820724521221727e-11
-2.8852140872783543e-12
1.8399318367199335e-11
-2.1616154186912219e-12
1.8926586767321962e-11
-1.3756421852850079e-12
1.9305590013269359e-11
-5.4815768611829721e-13
1.9028441810630961e-11
2.516892826280521e-13
1.5595359368688328e-11
8.3497798601860857e-13
-1.301345957270606e-12
8.7154057917661674e-13
-6.3115911410682207e-11
2.8905796907468194e-13
-2.1754886813528974e-10
-3.5345636554953188e-10
-4.9143078273264142e-12
4.7132489048901784e-12
-5.0209127307319329e-12
4.9281913440723896e-12
-5.1279602380841261e-12
5.1530823385114543e-12
-5.235000334725196e-12
5.3885302258267242e-12
-5.341513467098446e-12
5.6351702736156372e-12
-5.4469012354782991e-12
5.8936629837812378e-12
-5.5504761041898521e-12
6.1646916652194239e-12
-5.6514502585786254e-12
6.4489591154464665e-12
-5.7489230015637856e-12
6.7471820359517924e-12
-5.8418672476612046e-12
7.0600845650034259e-12
-5.9291147728222729e-12
7.3883892072921744e-12
-6.0093399900838694e-12
7.7328049458231264e-12
-6.081041571078782e-12
8.0940118385241425e-12
-6.1425366259998892e-12
8.4726610579976852e-12
-6.1919326615335749e-12
8.8693218232773409e-12
-6.2271113087321988e-12
9.2844711765296971e-12
-6.2457305568336785e-12
9.7184861764372998e-12
-6.2451990048086411e-12
1.0171562962831655e-11
-6.2226729659563575e-12
1.0643698032060828e-11
-6.1750571219873845e-12
1.1134635356842228e-11
-6.0990061801269778e-12
1.1643800752566299e-11
-5.9909266088213387e-12
1.2170224229166817e-11
-5.8470990603630191e-12
1.2712629158802098e-11
-5.6636409202170184e-12
1.3269093832396479e-11
-5.436607355059711e-12
1.3837147457131999e-11
-5.1621764320695275e-12
1.441375635507217e-11
-4.8362814336372625e-12
1.4994610617801157e-11
-4.4558597468913044e-12
1.557591970324247e-11
-4.0180566278363987e-12
1.6151885674232342e-11
-3.5203407404074954e-12
1.6716317184435526e-11
-2.9616909452826259e-12
1.7262051796478943e-11
-2.3421281468925248e-12
1.7779603823147088e-11
-1.6634761784633324e-12
1.8247005011497673e-11
-9.323128370501322e-13
1.8569250802700952e-11
-1.6917003425450739e-13
1.8239779119084373e-11
5.5768325075015705e-13
1.4760938164855246e-11
1.0607002000353662e-12
-2.1722583655571894e-12
1.0122105629633061e-12
-6.4005929345849762e-11
3.4646609923077656e-13
-2.1840157827994923e-10
-3.540359652073667e-10
-4.6991836606132712e-12
4.8096457541747811e-12
-4.7958314040225597e-12
5.024839087338689e-12
-4.8923136964418502e-12
5.2495646307523517e-12
-4.9881538092110254e-12
5.4843703383750947e-12
-5.0828072520470283e-12
5.7298237162211661e-12
-5.1756531298537244e-12
5.9865088613337923e-12
-5.2659849881868994e-12
6.2550235232909594e-12
-5.3530015304635849e-12
6.5359756574307905e-12
-5.4357953556401937e-12
6.8299758607985985e-12
-5.5133418548119817e-12
7.1376310638489599e-12
-5.5844870394260554e-12
7.4595343915774616e-12
-5.6479323537035678e-12
7.7962502597558879e-12
-5.702215464097853e-12
8.1482949486078488e-12
-5.7457278877872902e-12
8.516173481358289e-12
-5.7766697286373346e-12
8.9002636638071889e-12
-5.7930368458364319e-12
9.3008382934200484e-12
-5.7926577805905797e-12
9.7181071108957547e-12
-5.7731470951997843e-12
1.015205227715839e-11
-5.7319164984853609e-12
1.0602467435075499e-11
-5.666191162012913e-12
1.1068910020130912e-11
-5.5729987525358319e-12
1.1550608342838755e-11
-5.4491143866330397e-12
1.2046339863005645e-11
-5.291401043427914e-12
1.2554915815357575e-11
-5.0965637011743799e-12
1.3074256489941732e-11
-4.8611553730100971e-12
1.3601739128728985e-11
-4.5819308847560518e-12
1.413453186585785e-11
-4.2566767197034084e-12
1.4669356445600835e-11
-3.8819567775629883e-12
1.5201199704349572e-11
-3.4557309503145084e-12
1.5725659408159137e-11
-2.9765812793507658e-12
1.6237164259098793e-11
-2.4439005840991956e-12
1.6729348173377084e-11
-1.858099420100457e-12
1.7193650923015e-11
-1.2217484419818633e-12
1.7609724293035246e-11
-5.4078205761668637e-13
1.7883108754610925e-11
1.6435676655096848e-13
1.7509121172269232e-11
8.2615700236400148e-13
1.3991572345217981e-11
1.2582671360291978e-12
-2.9722584994437756e-12
1.1351101901818412e-12
-6.4821271065271858e-11
3.9653414219477312e-13
-2.1918144808687508e-10
-3.5456549321169428e-10
-4.4838253971458699e-12
4.8970307558347339e-12
-4.5709343995854806e-12
5.1119480896322199e-12
-4.6573303556090391e-12
5.3359605865710699e-12
-4.7425177190312115e-12
5.5695577016121975e-12
-4.8259352196742554e-12
5.8132412166354671e-12
-4.906948855130437e-12
6.0675224965511878e-12
-4.984842212142444e-12
6.3329168800389018e-12
-5.0588121026286232e-12
6.6099455476441561e-12
-5.1279554150137822e-12
6.8991191728794972e-12
-5.1912623091497149e-12
7.2009379576744026e-12
-5.2476085349716046e-12
7.5158806170530461e-12
-5.295736275254575e-12
7.8443779997065862e-12
-5.3342172437561837e-12
8.1867759167702836e-12
-5.3615503789111512e-12
8.5435066161463574e-12
-5.376038716956332e-12
8.9147520015241317e-12
-5.3757722665969249e-12
9.3005718427422754e-12
-5.3587783470831226e-12
9.7011131910756492e-12
-5.3228739055153056e-12
1.0116147835265749e-11
-5.2657089964380387e-12
1.0545302525725366e-11
-5.18482286543221e-12
1.0988023888878509e-11
-5.0777492742950723e-12
1.1443534751486072e-11
-4.9411308019887866e-12
1.1909721390471681e-11
-4.7727944519921765e-12
1.2386579465196106e-11
-4.5697663911063699e-12
1.2871228428894209e-11
-4.3295044871521866e-12
1.3361477224564443e-11
-4.0492610333955163e-12
1.3854288411166201e-11
-3.7263873736805798e-12
1.4346482778760247e-11
-3.3591978298226068e-12
1.48340101037978e-11
-2.9460679390473898e-12
1.5312529078631187e-11
-2.4860426938841215e-12
1.5777135759877501e-11
-1.9789462784406933e-12
1.6222228831653162e-11
-1.4256748288099663e-12
1.664022774571199e-11
-8.2836632066254763e-13
1.7011486086203154e-11
-1.9336213475677174e-13
1.7242929086394476e-11
4.5937242412873615e-13
1.6830868165987818e-11
1.0630014581400645e-12
1.3280379781485473e-11
1.432191340955079e-12
-3.7093335877824656e-12
1.2431307853041524e-12
-6.5570701359070829e-11
4.4047895093037862e-13
-2.1989723442597726e-10
-3.5505107323232455e-10
-4.2687595872740765e-12
4.9757902195968165e-12
-4.3467689405181157e-12
5.1899574427100887e-12
-4.4235766125626853e-12
5.4127682584467176e-12
-4.4986744240104193e-12
5.6446555128795625e-12
-4.5714915677095048e-12
5.8860583601409584e-12
-4.6413883196152825e-12
6.1374192482200914e-12
-4.7076524882254243e-12
6.3991810483694784e-12
-4.7694820057547504e-12
6.6717750648990415e-12
-4.8259876648564328e-12
6.9556248316970123e-12
-4.8761823754455903e-12
7.2511326679711583e-12
-4.9189850421263398e-12
7.5586832834113809e-12
-4.9532433004565361e-12
7.8786362577421285e-12
-4.977409123204664e-12
8.210941739190991e-12
-4.9902596434185827e-12
8.5563571360347175e-12
-4.9902286481641597e-12
8.9147210059490405e-12
-4.9752765666680058e-12
9.2856197609333494e-12
-4.9438539855844509e-12
9.6696906096898584e-12
-4.8938984260338347e-12
1.006619227542499e-11
-4.8232682661353394e-12
1.0474672365541361e-11
-4.7296474935359756e-12
1.0894403116052707e-11
-4.6104442093549671e-12
1.1324331467088198e-11
-4.4648521186720945e-12
1.1764129299602565e-11
-4.2889428159065128e-12
1.2210670162302953e-11
-4.0806671825337674e-12
1.2662952795377635e-11
-3.8377796089968049e-12
1.3118589650863269e-11
-3.5582788749235353e-12
1.3574787676169163e-11
-3.2402406376753424e-12
1.402844453443415e-11
-2.8821929728092586e-12
1.4475962382243064e-11
-2.4830593659682194e-12
1.4913395033087139e-11
-2.0423000154995123e-12
1.5336373155603312e-11
-1.5600938646873946e-12
1.5739999755972532e-11
-1.0374084353124462e-12
1.6117390596208331e-11
-4.7657778803266959e-13
1.6449725777272533e-11
1.1629754734849963e-13
1.6644878429752664e-11
7.2157973159661522e-13
1.6200068132434485e-11
1.2730108757722439e-12
1.2621386923816643e-11
1.5861232164840318e-12
-4.390326900196769e-12
1.3386018397363149e-12
-6.6261663935767464e-11
4.7927356426132751e-13
-2.2055633754456374e-10
-3.5549785583049727e-10
-4.0544598478230585e-12
5.0463264652727635e-12
-4.1238228440299509e-12
5.2593204387897278e-12
-4.1915521610192186e-12
5.4804975752556979e-12
-4.2571335969416723e-12
5.7102369486425554e-12
-4.3199939855945252e-12
5.948918748605412e-12
-4.3794954329300067e-12
6.1969206953229413e-12
-4.4349277987707683e-12
6.4546134139968217e-12
-4.4855065273935638e-12
6.7223537932646072e-12
-4.5303616886034277e-12
7.0004799926064077e-12
-4.5685297825531441e-12
7.2893007616417045e-12
-4.5989213081495465e-12
7.5890748087041716e-12
-4.6202810819417053e-12
7.8999960312242837e-12
-4.6318908053188219e-12
8.2225514622543378e-12
-4.6318077776801033e-12
8.556274108081432e-12
-4.6185207290926934e-12
8.9014339570494967e-12
-4.59123239312239e-12
9.2583314246562962e-12
-4.5474913911843671e-12
9.6259496074690931e-12
-4.4856326447218426e-12
1.0004333528690338e-11
-4.4038232532509385e-12
1.0392862973841647e-11
-4.3001461139575478e-12
1.0790725976542424e-11
-4.1727467185702541e-12
1.1196932071518673e-11
-4.0189573552396239e-12
1.1610339936122552e-11
-3.837380662937011e-12
1.2029093469841684e-11
-3.6258864038067643e-12
1.2451458536131524e-11
-3.3825655133458572e-12
1.2875268760238713e-11
-3.105740324844735e-12
1.3297962486796849e-11
-2.7939536653551596e-12
1.3716657867884307e-11
-2.4460985569158586e-12
1.4128107217137528e-11
-2.0614571425531647e-12
1.4528753180080297e-11
-1.6398218584751553e-12
1.4914734617925921e-11
-1.1815731618263357e-12
1.5281728135670222e-11
-6.877799507711779e-13
1.5623445671714567e-11
-1.6079780929783424e-13
1.5921814007253345e-11
3.9345664835424249e-13
1.6085448794324742e-11
9.5567624757539719e-13
1.5612331216023794e-11
1.4601128417001662e-12
1.2009390229784075e-11
1.7230372391294722e-12
-5.0211285125050867e-12
1.4234182063217236e-12
-6.6900522741251282e-11
5.1370473095133067e-13
-2.2116504944840316e-10
-3.5591020476265846e-10
-3.8413486574395667e-12
5.1090525465916554e-12
-3.9025272698754933e-12
5.3204990510870135e-12
-3.9616940784839213e-12
5.5396643837287567e-12
-4.0183340007913233e-12
5.766876870772918e-12
-4.0718766556740077e-12
6.0024614032904351e-12
-4.1216915099229265e-12
6.2467355493769678e-12
-4.1670828973732828e-12
6.5000048012391559e-12
-4.2072857197080122e-12
6.7625566153462767e-12
-4.2414599162678678e-12
7.0346541889000623e-12
-4.2686867699845509e-12
7.3165276150956996e-12
-4.2879763292535174e-12
7.6083643676994495e-12
-4.2982938396079874e-12
7.9103135412960648e-12
-4.2982395426985032e-12
8.2224971650397386e-12
-4.2867739978181062e-12
8.5448085629079828e-12
-4.2625544289057307e-12
8.8772143878433858e-12
-4.2238098587301271e-12
9.2195868542052963e-12
-4.169310011488004e-12
9.57144975992542e-12
-4.0973679688508072e-12
9.9323914858071291e-12
-4.0062892928350507e-12
1.0301784297597976e-11
-3.8943574717225462e-12
1.0678794155228999e-11
-3.759813630220479e-12
1.1062388229850753e-11
-3.6008023152561503e-12
1.145132862097107e-11
-3.4157034087482844e-12
1.1843994563202835e-11
-3.2028739376706467e-12
1.2238629064913499e-11
-2.9607735775701174e-12
1.2633168399953698e-11
-2.6880553350179451e-12
1.3025244243356763e-11
-2.3836066952595789e-12
1.3412209221108668e-11
-2.0466230227368683e-12
1.3791123487964499e-11
-1.6766829162108582e-12
1.4158812634946443e-11
-1.273811246572822e-12
1.4511859694887577e-11
-8.3848617478637193e-13
1.4846380141358979e-11
-3.7188539081154241e-13
1.5156693180366904e-11
1.2369212612273235e-13
1.5425306891431379e-11
6.4250715143952552e-13
1.5561458719673442e-11
1.1655592713934381e-12
1.5063762254364512e-11
1.6275494050929243e-12
1.1439841435987853e-11
1.8453799362978848e-12
-5.6068329098251305e-12
1.4991291409708626e-12
-6.7492744336094041e-11
5.4441355098119345e-13
-2.2172875387507371e-10
-3.5629184263950417e-10
-3.6297994807063174e-12
5.1643876511378098e-12
-3.6832593933068421e-12
5.3739589635569329e-12
-3.7343801908754892e-12
5.5907851811525858e-12
-3.7826504445596134e-12
5.8151471243187318e-12
-3.8275073627646556e-12
6.0473183213453423e-12
-3.8683328270499813e-12
6.2875610134675805e-12
-3.9044494386653788e-12
6.5361214126381907e-12
-3.9351168766196731e-12
6.7932240530701825e-12
-3.9595281997831034e-12
7.0590655118346067e-12
-3.9768074469281493e-12
7.3338068619978711e-12
-3.9860089513978541e-12
7.6175658719132429e-12
-3.9861059274684693e-12
7.910410517099238e-12
-3.9759619997036196e-12
8.2123532369979225e-12
-3.9544379718381945e-12
8.5232845347586942e-12
-3.9202783001735231e-12
8.8430547159066358e-12
-3.8721038288194586e-12
9.171412382546633e-12
-3.8085719104479742e-12
9.5079178412909818e-12
-3.7282382450523481e-12
9.8520578201379583e-12
-3.6296068388505885e-12
1.0203152891169931e-11
-3.5111595548166597e-12
1.0560346870931028e-11
-3.3713668891667316e-12
1.0922595564010588e-11
-3.2086935525074572e-12
1.1288655284148058e-11
-3.0217162367198326e-12
1.1657017247277243e-11
-2.8090733948206969e-12
1.2025986222908322e-11
-2.5695236215848283e-12
1.2393618626546822e-11
-2.3020009228261405e-12
1.2757721543719193e-11
-2.0056636243720365e-12
1.3115871915618482e-11
-1.6799796497624397e-12
1.3465439456713625e-11
-1.3247370739967012e-12
1.3803569620586213e-11
-9.40072047171298e-13
1.4127191414821716e-11
-5.2661566791512137e-13
1.4432900840619618e-11
-8.5553497000332982e-14
1.4715479307480698e-11
3.8088647226778486e-13
1.4957937349952818e-11
8.67138573357907e-13
1.5070031684709057e-11
1.3544828674355667e-12
1.4550901545243806e-11
1.7780152405916629e-12
1.0908751692897214e-11
1.9551796245308762e-12
-6.1518681623076166e-12
1.5670085303163013e-12
-6.8043040757082034e-11
5.7192651132383275e-13
-2.2225208706988301e-10
-3.5664596554704977e-10
-3.4201392098534586e-12
5.2127530295875543e-12
-3.4663455058895315e-12
5.4201652594729233e-12
-3.5099329197766976e-12
5.6343725949337609e-12
-3.5503975186361426e-12
5.8556117230320199e-12
-3.5871880327655601e-12
6.0841088353178827e-12
-3.6197026432010785e-12
6.320075623733726e-12
-3.6472858570732734e-12
6.5637046263431844e-12
-3.6692256428021595e-12
6.8151638386173748e-12
-3.684750762608452e-12
7.0745906314441142e-12
-3.6930286960154768e-12
7.3420847951929066e-12
-3.6931637442971242e-12
7.6177009199681669e-12
-3.684193401542764e-12
7.9014401741043896e-12
-3.665081877996065e-12
8.1932417131985343e-12
-3.634751545651609e-12
8.492954202151528e-12
-3.5920522617732171e-12
8.8003554317423626e-12
-3.5357636222827771e-12
9.1151237427658138e-12
-3.4646469287753638e-12
9.4368011474919143e-12
-3.377412510412403e-12
9.7648234015402825e-12
-3.2727409630573329e-12
1.0098481343553106e-11
-3.1493026432617676e-12
1.0436908550912336e-11
-3.0057757155903868e-12
1.0779068636140703e-11
-2.8408636730451284e-12
1.1123743241445759e-11
-2.653354059107299e-12
1.1469507633208061e-11
-2.4421223778774421e-12
1.1814754541556348e-11
-2.2061734647107747e-12
1.2157669713210398e-11
-1.9446482233397471e-12
1.2496196301449216e-11
-1.656987794083678e-12
1.2828211479309362e-11
-1.3428129062417967e-12
1.315126451221689e-11
-1.0020494244796315e-12
1.3462805700251156e-11
-6.3499279973812252e-13
1.3760131536991607e-11
-2.4232265388446791e-13
1.4040207774141847e-11
1.747826323807673e-13
1.4298222324177909e-11
6.1417814769022038e-13
1.4517612286523832e-11
1.0704650980799147e-12
1.4608569904496903e-11
1.5251779847785312e-12
1.407067262764984e-11
1.9137625958288162e-12
1.0412610872289916e-11
2.0541179875986185e-12
-6.6600917287806879e-12
1.6281242246391979e-12
-6.8555510129641251e-11
5.9668205438688029e-13
-2.2273905579374745e-10
-3.5697533109788138e-10
-3.2126508547692243e-12
5.2545684513072913e-12
-3.2520643153281259e-12
5.4595787199632469e-12
-3.2886232746629607e-12
5.6709315541788192e-12
-3.3218344822007494e-12
5.8888229304321355e-12
-3.3511613736271609e-12
6.1134357266286191e-12
-3.3760215097411019e-12
6.3449357597205348e-12
-3.3957841696992064e-12
6.5834672861293012e-12
-3.4097682064358134e-12
6.8291478751675661e-12
-3.4172402005353597e-12
7.0820626253418159e-12
-3.4174130570832859e-12
7.3422576515230044e-12
-3.4094450027516326e-12
7.609732865402684e-12
-3.3924388192411271e-12
7.8844339903445405e-12
-3.3654406330241639e-12
8.1662435267493187e-12
-3.3274529188135283e-12
8.4549664876958821e-12
-3.2774263832493992e-12
8.7503288959305425e-12
-3.2142646263274628e-12
9.0519619855882427e-12
-3.1368476315718766e-12
9.3593841524597738e-12
-3.0440265220811655e-12
9.6720022917869137e-12
-2.9346386999696033e-12
9.9890935211956205e-12
-2.8075244404308365e-12
1.0309794291147206e-11
-2.6615446754081606e-12
1.0633088870929242e-11
-2.4956021948925511e-12
1.0957800760733325e-11
-2.3086726885404446e-12
1.1282578126723056e-11
-2.0998309196635914e-12
1.1605912772547512e-11
-1.8682523873514936e-12
1.1926091180695492e-11
-1.6134006726731974e-12
1.2241344585863786e-11
-1.3347484827655604e-12
1.254955928233435e-11
-1.0321031476935361e-12
1.2848619120470134e-11
-7.0553699426888521e-13
1.3136239108252325e-11
-3.5541909462572759e-13
1.3410010384403804e-11
1.7539178820130673e-14
1.3667226580851247e-11
4.1218466893508776e-13
1.390342514148367e-11
8.2646148147949934e-13
1.4102405947711886e-11
1.2551284331233995e-12
1.4174728217175231e-11
1.6799480541543676e-12
1.3620337322858272e-11
2.0366640894436602e-12
9.9483396749288437e-12
2.1436299524229948e-12
-7.134923336514674e-12
1.6833684807321107e-12
-6.9033707843385708e-11
6.1904592380909049e-13
-2.2319314023032013e-10
-3.5728233113490154e-10
-3.0075763867598906e-12
5.2902491628427799e-12
-3.0406503668980743e-12
5.4926527000597654e-12
-3.0706749325433204e-12
5.7009561197595085e-12
-3.0971701022199002e-12
5.9153181000197392e-12
-3.1196165506958811e-12
6.1358821750065475e-12
-3.1374535955493941e-12
6.3627728044656516e-12
-3.1500774116242996e-12
6.5960911020835402e-12
-3.1568395471265731e-12
6.8359100105273605e-12
-3.1570457972072805e-12
7.0822688752727338e-12
-3.149955531482662e-12
7.3351673856244308e-12
-3.1347815445413796e-12
7.5945588782785244e-12
-3.1106905252032363e-12
7.8603429708068608e-12
-3.0768044277772303e-12
8.1323574291075511e-12
-3.0322069598335461e-12
8.4103690195372286e-12
-2.9759439158935313e-12
8.6940658516989102e-12
-2.9070289617427575e-12
8.9830470311663355e-12
-2.8244562748972932e-12
9.2768114653346041e-12
-2.7272059235422623e-12
9.574751940178032e-12
-2.6142557635568325e-12
9.8761433609691846e-12
-2.4845974989768199e-12
1.0180136026349953e-11
-2.3372523095643062e-12
1.0485743681262591e-11
-2.1712963567079591e-12
1.0791844807682864e-11
-1.9858531609380765e-12
1.1097134930788974e-11
-1.7801884724747493e-12
1.1400248083935141e-11
-1.5537124802148544e-12
1.1699615188238496e-11
-1.3058707388496231e-12
1.1993502843573259e-11
-1.0364018067940451e-12
1.2280090343185824e-11
-7.4521859583260978e-13
1.2557435852809512e-11
-4.324759447003995e-13
1.2823496018523058e-11
-9.8596314824424773e-14
1.3076127501665123e-11
2.5569771690536594e-13
1.3312909629961697e-11
6.2929036789336728e-13
1.3529680801971122e-11
1.020216638044225e-12
1.3710550171081324e-11
1.4233830130413146e-12
1.3766387191979965e-11
1.8207581605204867e-12
1.3197446806404627e-11
2.148355422597942e-12
9.5131881995784593e-12
2.224874841765541e-12
-7.5793063011150845e-12
1.7334822623243405e-12
-6.9480770874796535e-11
6.3932296581222529e-13
-2.2361738439237316e-10
-3.5756905263311942e-10
-2.8051196612998375e-12
5.3202033193049578e-12
-2.8322975047582322e-12
5.5198305434514718e-12
-2.856268299106904e-12
5.7249269139894988e-12
-2.8765673664611367e-12
5.935617167310492e-12
-2.8926945999798646e-12
6.1520094084529048e-12
-2.9041128339234813e-12
6.3741910383275168e-12
-2.9102465981174473e-12
6.6022248661846563e-12
-2.9104812316714926e-12
6.8361446439755465e-12
-2.9041623863904808e-12
7.075950029871313e-12
-2.8905959985114464e-12
7.3216009976090074e-12
-2.8690488063874486e-12
7.5730116860011988e-12
-2.8387495352757787e-12
7.8300436994612127e-12
-2.798891044424819e-12
8.0924989380369241e-12
-2.7486361316828872e-12
8.3601141065589545e-12
-2.6871196833624379e-12
8.6325494031109084e-12
-2.6134549030487223e-12
8.9093822506186764e-12
-2.5267427140160724e-12
9.1900992760721288e-12
-2.4260804027233152e-12
9.4740896286460896e-12
-2.3105705425920724e-12
9.7606335005841246e-12
-2.1793407580821644e-12
1.0048906241606043e-11
-2.0315432052280552e-12
1.0337946128204804e-11
-1.8663901017514642e-12
1.0626691704035271e-11
-1.6832303378822666e-12
1.0913975166736024e-11
-1.481402629696158e-12
1.1198420375577712e-11
-1.2604023478799639e-12
1.147861490618514e-11
-1.0198929730106907e-12
1.1752993467753009e-11
-7.5969328890676689e-13
1.2019890651962574e-11
-4.7981051782516032e-13
1.2277553025001991e-11
-1.8046538050331379e-13
1.2524150442609625e-11
1.3788613883854567e-13
1.2757772729530128e-11
4.7452488267448445e-13
1.2976247967677316e-11
8.2837995051641346e-13
1.3175674049297596e-11
1.1975761910799352e-12
1.33404244421353e-11
1.5771570515991991e-12
1.3381631759027389e-11
1.9492762913022438e-12
1.279981248398464e-11
2.2501833323682667e-12
9.1047278073852107e-12
2.2988795850171424e-12
-7.9958641021214292e-12
1.7791011885724003e-12
-6.9899444843385056e-11
6.5777284215998171e-13
-2.2401445628972438e-10
-3.5783732288745284e-10
-2.6054493558360436e-12
5.3448298540100899e-12
-2.6271623129350582e-12
5.5415435004854583e-12
-2.6455444955526875e-12
5.7433090965271024e-12
-2.6601480324077201e-12
5.9502207040792413e-12
-2.6704935922777208e-12
6.1623549682285415e-12
-2.6760687564220174e-12
6.3797662023689393e-12
-2.6763272760441501e-12
6.6024833856939669e-12
-2.6706887486368175e-12
6.8305061164435536e-12
-2.6585386764437615e-12
7.0637999575400492e-12
-2.6392289968081936e-12
7.3022913178200532e-12
-2.6120791211541831e-12
7.5458618101772891e-12
-2.5763773270481865e-12
7.7943419051837846e-12
-2.5313824656054653e-12
8.0475040763892403e-12
-2.4763332225483038e-12
8.3050648633108573e-12
-2.4104474742779415e-12
8.5666636546327162e-12
-2.3329289297313415e-12
8.831863705832667e-12
-2.2429761308382609e-12
9.1001464769648441e-12
-2.1397950832080238e-12
9.3709085807736004e-12
-2.0225904795635038e-12
9.6434288967109138e-12
-1.890612106379854e-12
9.9169278682017235e-12
-1.7431631779786613e-12
1.0190497199585625e-11
-1.5795789761141711e-12
1.0463107501973654e-11
-1.3992473360024711e-12
1.0733643526450308e-11
-1.2016978211262687e-12
1.1000870860520721e-11
-9.865457254184482e-13
1.1263462810235595e-11
-7.5354443174636186e-13
1.1519992173107221e-11
-5.0260076333468667e-13
1.1768946976406993e-11
-2.3379232236232962e-13
1.2008744527278211e-11
5.2613534635950881e-14
1.2237744147025017e-11
3.5614246136695193e-13
1.2454240550105831e-11
6.7608901213558416e-13
1.2656278499018689e-11
1.0114313838215773e-12
1.2840179996129669e-11
1.3603813503827995e-12
1.2990545003711692e-11
1.7181084514232217e-12
1.3018730156626333e-11
2.066932124334864e-12
1.2425473989534407e-11
2.3433090045494084e-12
8.7207983617436274e-12
2.3665091089293292e-12
-8.3869239358699629e-12
1.8207660277338564e-12
-7.0292151170641135e-11
6.746164257567743e-13
-2.2438670399815781e-10
-3.5808874830410936e-10
-2.4087018619684107e-12
5.3645167487513163e-12
-2.4253674929949482e-12
5.5582091314479754e-12
-2.4386092435223973e-12
5.7565508469957275e-12
-2.447996968992623e-12
5.9596084294860151e-12
-2.4530734959940295e-12
6.1674314951598796e-12
-2.4533519435336668e-12
6.3800446498311411e-12
-2.4483155988982331e-12
6.5974470409724229e-12
-2.437418230315806e-12
6.819608747764546e-12
-2.420084629480735e-12
7.0464663565961263e-12
-2.3957116604026184e-12
7.2779183486032619e-12
-2.3636700137860039e-12
7.5138201634064006e-12
-2.3233051659833143e-12
7.7539770572416956e-12
-2.2739340720367484e-12
7.99813298228588e-12
-2.2148704094430148e-12
8.2460012005268115e-12
-2.1454089243332339e-12
8.4972021693466578e-12
-2.0648349954576304e-12
8.7512897767873962e-12
-1.9724293332393719e-12
9.0077408145293057e-12
-1.8674927434196846e-12
9.2659719907455505e-12
-1.7493685839228448e-12
9.5253047369928213e-12
-1.617383010166302e-12
9.7849422942207143e-12
-1.4709190191468886e-12
1.0044033208356497e-11
-1.3094307898632442e-12
1.0301619272489484e-11
-1.1324380600442446e-12
1.055665079645009e-11
-9.3955287410629982e-13
1.0807985674406823e-11
-7.3048930040540811e-13
1.105439923628642e-11
-5.0508422939492926e-13
1.1294587101105569e-11
-2.6331372675789289e-13
1.1527176466605896e-11
-5.3079999006742697e-15
1.1750738743647264e-11
2.6863406312101429e-13
1.1963801645377286e-11
5.58031232001319e-13
1.216484012860205e-11
8.6219888230764519e-13
1.2352087931381735e-11
1.1801662130815159e-12
1.2522060986978397e-11
1.5102278834542743e-12
1.2659553876588846e-11
1.8476689947479982e-12
1.2676114609027815e-11
2.1749573455869183e-12
1.2072671056033784e-11
2.4287325328433744e-12
8.3594713272901207e-12
2.4285017032287276e-12
-8.7545511739207668e-12
1.8589380357672653e-12
-7.0661034210458252e-11
6.9004208370983597e-13
-2.2473620267148101e-10
-3.5832474690892725e-10
-2.2149840127848278e-12
5.3796396248638105e-12
-2.227005173593912e-12
5.5702302922278978e-12
-2.2355367768929606e-12
5.7650824502253838e-12
-2.2401661997505646e-12
5.9642378522700615e-12
-2.240460638472862e-12
6.1677259338033784e-12
-2.2359590355129602e-12
6.375543046786383e-12
-2.2261738850400442e-12
6.5876618904388335e-12
-2.2105925438211446e-12
6.8040274064759382e-12
-2.1886780235798654e-12
7.0245518362743847e-12
-2.1598703175981087e-12
7.2491106425285173e-12
-2.1235898378632136e-12
7.4775396835643456e-12
-2.0792451918922048e-12
7.7096324111321639e-12
-2.0261804687580083e-12
7.9450682589966235e-12
-1.9638048438234486e-12
8.1836255754515835e-12
-1.8914721515905732e-12
8.4248694769476896e-12
-1.8085469766403853e-12
8.6683646016852984e-12
-1.7144125121918211e-12
8.9136063499037311e-12
-1.6084353701852467e-12
9.1599948485457284e-12
-1.4900131906055751e-12
9.4068825572442764e-12
-1.3585951145363465e-12
9.6535242179688273e-12
-1.2136631973002888e-12
9.8991012909335892e-12
-1.0547572587447447e-12
1.0142713333737087e-11
-8.814870333681436e-13
1.0383380570908049e-11
-6.9354745177145832e-13
1.0620046092614732e-11
-4.9073066257578997e-13
1.0851582446851183e-11
-2.7294115884016171e-13
1.1076797596383977e-11
-4.020937002652086e-14
1.1294444670614679e-11
2.0729579838895008e-13
1.150323351845747e-11
4.6925552994539239e-13
1.1701841475207672e-11
7.4519021107727348e-13
1.1888902194897391e-11
1.0344407519672732e-12
1.2062814473653045e-11
1.3360876501812617e-12
1.2220262413178425e-11
1.6485038099826502e-12
1.2346208273903017e-11
1.9670799511751354e-12
1.2352364091291965e-11
2.2744168044730625e-12
1.1739819839198444e-11
2.5073161696717408e-12
8.0190207731196791e-12
2.4854950159030124e-12
-9.1005865656106144e-12
1.894011403983432e-12
-7.1007994830920543e-11
7.0421082773869641e-13
-2.2506479425556615e-10
-3.5854657570447148e-10
-2.0243751641379476e-12
5.3905602151527724e-12
-2.0321400828440902e-12
5.5779952109081005e-12
-2.0363747030026895e-12
5.7693170703509209e-12
-2.0366780319343813e-12
5.9645411811648299e-12
-2.0326514774130319e-12
6.1636993792408073e-12
-2.0238571455577152e-12
6.3667487148847461e-12
-2.009835456979935e-12
6.5736402018085795e-12
-1.9901064748816012e-12
6.7842984243332888e-12
-1.9641699717664069e-12
6.99861533307407e-12
-1.9315059876489238e-12
7.2164466583150878e-12
-1.8915730695976571e-12
7.4376067654046318e-12
-1.8438037078443561e-12
7.6618630492881436e-12
-1.7877343077141731e-12
7.8889988587685686e-12
-1.7227004629476366e-12
8.1185917305552293e-12
-1.6481479862406967e-12
8.3503170001335794e-12
-1.5635140399242656e-12
8.5837306552287066e-12
-1.4682364280661463e-12
8.8183287378882047e-12
-1.3617814678172154e-12
9.0535398881537996e-12
-1.243629716360975e-12
9.2887308056206569e-12
-1.1133009059336632e-12
9.5231954073664079e-12
-9.7035836418490933e-13
9.7561587490428111e-12
-8.1442093444520273e-13
9.9867759038503877e-12
-6.4517441284334053e-13
1.0214134049124209e-11
-4.6238394146895409e-13
1.0437255621064554e-11
-2.6590533459906806e-13
1.0655103839742217e-11
-5.5697119952899141e-14
1.0866589380733338e-11
1.6816823967042173e-13
1.107057930380777e-11
4.0549411481540866e-13
1.1265907586513406e-11
6.559506456304984e-13
1.1451384505767993e-11
9.1906601460490704e-13
1.1625783573399655e-11
1.1942095867445012e-12
1.178764798516518e-11
1.4805123366767217e-12
1.1933807990283462e-11
1.7764204800719323e-12
1.2049370700490478e-11
2.0774210637412246e-12
1.2046189186055201e-11
2.3662337460391646e-12
1.1425492994871597e-11
2.5798034551176052e-12
7.6979004799330665e-12
2.5380384238957263e-12
-9.4266766818542626e-12
1.9263276080459597e-12
-7.1334725973731692e-11
7.1726242014267014e-13
-2.2537411895829516e-10
-3.5875535192113124e-10
-1.8369181132223229e-12
5.3976164688979825e-12
-1.8407689613541806e-12
5.5818460589991122e-12
-1.8410792305024051e-12
5.7696273394541181e-12
-1.8375019674551844e-12
5.9609639181005119e-12
-1.8296065096904967e-12
6.1558039214236684e-12
-1.8169836844917238e-12
6.3541258896292996e-12
-1.7992077525920061e-12
6.5558642698471163e-12
-1.7758329600765533e-12
6.760923631749782e-12
-1.746395906254088e-12
6.9691782792076232e-12
-1.7104178952505978e-12
7.1804686472585147e-12
-1.6674089358717566e-12
7.3945978059700286e-12
-1.6168758587094185e-12
7.6113299720422053e-12
-1.558269814863706e-12
7.8303928148259791e-12
-1.4911161266676327e-12
8.0514380422872245e-12
-1.414893989428308e-12
8.2740948627909793e-12
-1.3290951543778056e-12
8.4979318200270586e-12
-1.2332253480396863e-12
8.722458931429625e-12
-1.1268121611173395e-12
8.9471267010858823e-12
-1.0094082905387741e-12
9.1713269349110649e-12
-8.8060239573893283e-13
9.3943895124267004e-12
-7.4002710350465043e-13
9.6155834566528728e-12
-5.8736873625014365e-13
9.8341175364490855e-12
-4.2237722684597746e-13
1.0049142539567488e-11
-2.448764177443359e-13
1.0259754811798241e-11
-5.4774018624770061e-14
1.0465001440391608e-11
1.4792851310342311e-13
1.0663886848005722e-11
3.6312674462783657e-13
1.0855381065062341e-11
5.9060498424282869e-13
1.1038429290067003e-11
8.3002909631295928e-13
1.1211959955038334e-11
1.0809394577759034e-12
1.1374869959471028e-11
1.3427354803900109e-12
1.1525829046629807e-11
1.6145970128426833e-12
1.1661794787309147e-11
1.8950384435885423e-12
1.176799985156606e-11
2.1796343167432436e-12
1.1756419042063012e-11
2.4512113266708523e-12
1.1128402008691579e-11
2.646842056015648e-12
7.3947197236675442e-12
2.5865879268092587e-12
-9.7342764128299089e-12
1.9562077931068719e-12
-7.1642785705242231e-11
7.2932237931981597e-13
-2.2566562134124378e-10
-3.5895206726305473e-10
-1.6526942894481537e-12
5.401160911964868e-12
-1.6530313633344813e-12
5.5821831328442201e-12
-1.6498206961494261e-12
5.7664166722271453e-12
-1.6427004709596275e-12
5.9538436928649986e-12
-1.6313166114221279e-12
6.1444200618687087e-12
-1.6152815031020345e-12
6.3380907812882163e-12
-1.5941920340974875e-12
6.5347748008174459e-12
-1.5676313626071379e-12
6.7343629602291769e-12
-1.5351694902376329e-12
6.9367164068096354e-12
-1.4963648636850878e-12
7.1416640206543388e-12
-1.4507667360031743e-12
7.3489996782278341e-12
-1.3979165584586264e-12
7.5584797944589552e-12
-1.3373447950677991e-12
7.7698210513929959e-12
-1.2685957727507677e-12
7.9826890198995608e-12
-1.1912110851749487e-12
8.1967101750992276e-12
-1.1047404170168398e-12
8.4114611517857101e-12
-1.0087485456378757e-12
8.6264670599753745e-12
-9.0282201479419384e-13
8.8412001701347555e-12
-7.8657479435285179e-13
9.0550797143532174e-12
-6.5965626626110401e-13
9.2674709842332247e-12
-5.2175887847140142e-13
9.4776860687448105e-12
-3.72626514578038e-13
9.684985172429249e-12
-2.1206307528632073e-13
9.88857910014211e-12
-3.9941183060382215e-14
1.0087632919424461e-11
1.4378931323091842e-13
1.0281270943884084e-11
3.3909314161932059e-13
1.0468583018630285e-11
5.4584203752810737e-13
1.0648632161974138e-11
7.6380806382594734e-13
1.0820463206945241e-11
9.926579273155398e-13
1.0983109652925885e-11
1.2319472537341524e-12
1.1135577380668562e-11
1.481106165246182e-12
1.1276647219639963e-11
1.739361402379528e-12
1.140338788192986e-11
2.0052907613622356e-12
1.1501141085350756e-11
2.2745486197390637e-12
1.1481986959800318e-11
2.5300574392975293e-12
1.0847379384578627e-11
2.7090029301767111e-12
7.1082247203210533e-12
2.6315986968256074e-12
-1.002472485164782e-11
1.9838685494505983e-12
-7.1933493489572078e-11
7.4048756170818016e-13
-2.2594062621092339e-10
-3.5913761656923269e-10
-1.4716725299659648e-12
5.4015016514430898e-12
-1.4688036370811193e-12
5.5793142399486077e-12
-1.4624053542209417e-12
5.760018389359461e-12
-1.4521429720992167e-12
5.9435813107314515e-12
-1.4376722718439776e-12
6.1299493615984137e-12
-1.4186322908214255e-12
6.3190508002554642e-12
-1.3946479431705266e-12
6.5107904531686343e-12
-1.3653320965898932e-12
6.7050471136149057e-12
-1.3302870444095122e-12
6.9016713545907033e-12
-1.2891062329765945e-12
7.1004832091771128e-12
-1.2413763315604522e-12
7.3012697767921744e-12
-1.1866793643899447e-12
7.5037828272688613e-12
-1.1245946871163334e-12
7.7077363740745929e-12
-1.0547077946913705e-12
7.9128021273875466e-12
-9.76609196708514e-13
8.1186115770650879e-12
-8.8989999243418129e-13
8.3247519474630354e-12
-7.9419753080360194e-13
8.5307645982743758e-12
-6.8914134600643249e-13
8.7361439852835755e-12
-5.7439900144786847e-13
8.9403373697168979e-12
-4.4967282377905699e-13
9.1427448064703584e-12
-3.1470680606576607e-13
9.3427200509446225e-12
-1.6929386290752356e-13
9.5395722291836432e-12
-1.3283231177274817e-14
9.7325684683006856e-12
1.5341212792606555e-13
9.9209375601947035e-12
3.3080833503944699e-13
1.0103874736574523e-11
5.188437789534441e-13
1.0280547573747664e-11
7.1737291705076914e-13
1.0450103016713995e-11
9.2616090574199466e-13
1.0611675161476482e-11
1.1448791178624725e-12
1.0764391002187403e-11
1.37310044912163e-12
1.0907352797115477e-11
1.6102856943089347e-12
1.1039439059379198e-11
1.8557061803268717e-12
1.1157815729784135e-11
2.1079983826173259e-12
1.1247919486007612e-11
2.3628892935530588e-12
1.1221921868460704e-11
2.6033876900943605e-12
1.0581367342446401e-11
2.7667809027902807e-12
6.83728247124125e-12
2.6734133284202504e-12
-1.0299208850426873e-11
2.0095601972350966e-12
-7.2208076500865489e-11
7.5085451037898043e-13
-2.2620030458227037e-10
-3.5931279812972854e-10
-1.2938648856291861e-12
5.39894106942517e-12
-1.2881099019726688e-12
5.5735592562866206e-12
-1.2788589914097759e-12
5.7507674787836072e-12
-1.2657978300154381e-12
5.9305201493510685e-12
-1.2486010751484405e-12
6.1127526067101583e-12
-1.2269309630233307e-12
6.2973806881062838e-12
-1.2004384260027606e-12
6.4842979161209708e-12
-1.1687645691468015e-12
6.6733732567284189e-12
-1.1315422357557949e-12
6.864449021204786e-12
-1.0883978009587767e-12
7.0573387743807297e-12
-1.0389532620364541e-12
7.2518252378335887e-12
-9.8282863801531351e-13
7.4476582032209956e-12
-9.196447108925213e-13
7.644552446886211e-12
-8.4902792619721467e-13
7.8421853426655336e-12
-7.7061269292679537e-13
8.0401963437741515e-12
-6.8404581752458827e-13
8.2381850720214992e-12
-5.8899136506498275e-13
8.4357101457790547e-12
-4.851359021394919e-13
8.6322885223009829e-12
-3.7219395208562697e-13
8.8273954196230771e-12
-2.4991388467536664e-13
9.0204647389891792e-12
-1.1808402824953192e-13
9.2108901944716271e-12
2.3461024004258183e-14
9.3980271768353252e-12
1.7483404250042967e-13
9.5811954497337991e-12
3.3608886063722842e-13
9.7596827419558833e-12
5.0721431091422639e-13
9.9327492861251863e-12
6.8812856378298015e-13
1.0099633319964802e-11
8.7867405863041199e-13
1.0259557514709755e-11
1.0786132016003528e-12
1.0411735961733749e-11
1.2876248428835908e-12
1.0555378922305394e-11
1.5053003875515993e-12
1.0689674000210836e-11
1.7311307720546822e-12
1.081358576016689e-11
1.9644294485281763e-12
1.0924365389118916e-11
2.2038870707265823e-12
1.1007532476272216e-11
2.4452966678840392e-12
1.0975338131330061e-11
2.67174470002376e-12
1.0329405812288396e-11
2.820609099302883e-12
6.5808694771802543e-12
2.7123508027620428e-12
-1.055880110811541e-11
2.0334799318889507e-12
-7.2467640113057616e-11
7.6050395298536682e-13
-2.2644571098821722e-10
-3.594783295013232e-10
-1.1192558104295607e-12
5.3937667813163513e-12
-1.1109161065921832e-12
5.5652195524233974e-12
-1.0991266340502599e-12
5.7389780062302871e-12
-1.0835919771959987e-12
5.9149854924813251e-12
-1.0640066155314476e-12
6.0931672450259e-12
-1.0400550430504446e-12
6.2734291156025999e-12
-1.0114127370508395e-12
6.4556556101354084e-12
-9.7774746091061718e-13
6.6397079805991971e-12
-9.3872080317506727e-13
6.8254223634771071e-12
-8.9398997245917934e-13
7.0126079436534099e-12
-8.4320988185736366e-13
7.2010451472162173e-12
-7.8603555943280673e-13
7.3904838807445759e-12
-7.2212495242627612e-13
7.5806418398696678e-12
-6.5114251752313306e-13
7.7712029077617934e-12
-5.7276235727994571e-13
7.9618161834988833e-12
-4.8667213636471623e-13
8.152094851081141e-12
-3.9257741583138808e-13
8.3416154252499135e-12
-2.9020632670949539e-13
8.5299174331560511e-12
-1.7931449744890748e-13
8.7165035903584275e-12
-5.9690252304013211e-14
8.900840493810849e-12
6.8840015081284294e-14
9.0823599270464889e-12
2.0640636230388059e-13
9.2604608295502341e-12
3.5308981794545817e-13
9.4345119940464341e-12
5.0891702062646438e-13
9.6038555391983109e-12
6.738551162825973e-13
9.7678111903065762e-12
8.4780706006137696e-13
9.9256813752579824e-12
1.0306074801551686e-12
1.0076757087476498e-11
1.2220192434918951e-12
1.0220324141648962e-11
1.4217306992957388e-12
1.0355667027958327e-11
1.6293524157450391e-12
1.0482049031595534e-11
1.8444046039822146e-12
1.0598510657558971e-11
2.0662403363371909e-12
1.0702377994387893e-11
2.2936002311611526e-12
1.077924320273779e-11
2.5223374103572238e-12
1.0741426849799803e-11
2.7356083403568655e-12
1.0090621521549781e-11
2.8708720946277284e-12
6.3380575385754668e-12
2.7486943561267921e-12
-1.0804472977176238e-11
2.0557997906542316e-12
-7.2713178488025627e-11
7.6950596368522028e-13
-2.2667779798615506e-10
-3.596348581615817e-10
-9.4781578147599952e-13
5.3862513124281192e-12
-9.371755411030795e-13
5.5545793120199803e-12
-9.2314268800549781e-13
5.7249451531525071e-12
-9.0543990156656625e-13
5.8972827060607908e-12
-8.8378113116070897e-13
6.0715084746418184e-12
-8.57872223515964e-13
6.2475202079761247e-12
-8.2741190818264368e-13
6.4251952948173914e-12
-7.9209306037929002e-13
6.6043891327768126e-12
-7.5160421074939922e-13
6.7849335138411084e-12
-7.0563130846900483e-13
6.9666350413640307e-12
-6.5385975719662174e-13
7.1492735959316615e-12
-5.9597675034369778e-13
7.3326008738916606e-12
-5.3167394386652548e-13
7.5163390334043223e-12
-4.6065053599142387e-13
7.7001794998700229e-12
-3.8261644169359533e-13
7.8837820891941957e-12
-2.9729586592257902e-13
8.0667742753120418e-12
-2.0443120896707632e-13
8.2487507682802666e-12
-1.0378724833055821e-13
8.4292734725275669e-12
4.8444576412844236e-15
8.6078718843680725e-12
1.2164097892916812e-13
8.7840439725087082e-12
2.4674330396358424e-13
8.9572576019931829e-12
3.8025158422086564e-13
9.1269525492450639e-12
5.2222042491229847e-13
9.2925431533331183e-12
6.7265432668512548e-13
9.4534216373739406e-12
8.31503396972048e-13
9.6089621198829984e-12
9.9865945653013836e-13
9.7585253147983829e-12
1.1739526726283928e-12
9.9014638642656759e-12
1.3571488296537846e-12
1.0037127927862873e-11
1.5479471835644541e-12
1.0164868235515514e-11
1.745977683785161e-12
1.0284015279282762e-11
1.9507887269493017e-12
1.0393676700382156e-11
2.1617705229628443e-12
1.049124453771556e-11
2.3777097306032167e-12
1.0562374624648805e-11
2.5945141898636892e-12
1.0519448323295701e-11
2.7954035660055575e-12
9.8642189125858805e-12
2.9179097989252241e-12
6.1080035035621295e-12
2.7826928021852231e-12
-1.1037104706627729e-11
2.0766735294834214e-12
-7.2945590718768516e-11
7.7792293909876853e-13
-2.2689742676317804e-10
-3.5978296918700256e-10
-7.7950365552988208e-13
5.3766523287013883e-12
-7.6683055440103443e-13
5.5419062109010106e-12
-7.5083142683380152e-13
5.7089460256104395e-12
-7.3124632468560749e-13
5.8776976039402083e-12
-7.0780798195824102e-13
6.0480701319386278e-12
-6.8024261497696299e-13
6.219954840983314e-12
-6.482709434773561e-13
6.3932236233187737e-12
-6.1160944049322003e-13
6.5677276297907504e-12
-5.6997181002242037e-13
6.7432958833340929e-12
-5.2307069961949279e-13
6.9197339309537854e-12
-4.7061966112325084e-13
7.0968225574413228e-12
-4.1233537517598817e-13
7.2743165879634688e-12
-3.4794015543693535e-13
7.4519438136574353e-12
-2.7716474088967499e-13
7.6294040853271267e-12
-1.9975129131480347e-13
7.8063686396351111e-12
-1.1545665917229045e-13
7.982479643203638e-12
-2.4055915698054392e-14
8.1573500248179607e-12
7.4653904527494949e-14
8.3305636523221877e-12
1.8084988419763288e-13
8.5016759046935499e-12
2.946791737024791e-13
8.6702146830135605e-12
4.1625487057220594e-13
8.8356819051226993e-12
5.4565189701412748e-13
8.997555522783272e-12
6.8290295658475e-13
9.1552920937623847e-12
8.2799466144010583e-13
9.3083299324904316e-12
9.8086393186028983e-13
9.4560928493430219e-12
1.1413947747724783e-12
9.5979944710105961e-12
1.3094155509116313e-12
9.7334430810407267e-12
1.4846968178146408e-12
9.8618466042899332e-12
1.6669496699729493e-12
9.9826149448529071e-12
1.8558233353701985e-12
1.009513836186895e-11
2.0508931685733214e-12
1.0198583953494858e-11
2.2515841011858885e-12
1.0290401946108358e-11
2.4567251961875014e-12
1.0356304166949366e-11
2.6622741563732551e-12
1.0308725328675286e-11
2.8515077900282438e-12
9.6494721656103111e-12
2.9620235922082304e-12
5.8899402560468054e-12
2.8145663933863943e-12
-1.1257495411815608e-11
2.0962376177800378e-12
-7.3165692105296149e-11
7.8581024957621332e-13
-2.2710537739764869e-10
-3.5992319227989633e-10
-6.1426833563984147e-13
5.3652129916181102e-12
-5.9981410831589226e-13
5.5274519836015468e-12
-5.8210843390344681e-13
5.6912403511891744e-12
-5.6090801749322633e-13
5.8564971875415827e-12
-5.3596356022128655e-13
6.0231256746772424e-12
-5.0702062123933053e-13
6.1910119020079601e-12
-4.7382065752564475e-13
6.3600236595763623e-12
-4.3610225868911715e-13
6.5300092309223962e-12
-3.9360258531730466e-13
6.7007962099592062e-12
-3.4605901879067451e-13
6.8721903644371611e-12
-2.9321103164276e-13
7.0439745703011336e-12
-2.3480228702009961e-13
7.215907843362059e-12
-1.7058297305718081e-13
7.3877244996896535e-12
-1.0031236792396197e-13
7.5591334802018859e-12
-2.3761610198726095e-14
7.7298178819462341e-12
5.9283316778847809e-14
7.8994347162345729e-12
1.4901840321893699e-13
8.0676149383972206e-12
2.4561826229046675e-13
8.2339637932957924e-12
3.4923264913065764e-13
8.3980615178600851e-12
4.5998289342597368e-13
8.5594644387567011e-12
5.7795829907586853e-13
8.717706499487018e-12
7.0321257403574274e-13
8.8723012478204498e-12
8.3576036149458324e-13
9.0227443063224315e-12
9.7557395232844144e-13
9.1685163416491728e-12
1.1225802657266922e-12
9.3090865358316101e-12
1.2766581886808626e-12
9.4439165472047039e-12
1.4376363651334852e-12
9.5724648975273619e-12
1.605291503226321e-12
9.6941914095375107e-12
1.779347100866456e-12
9.8085589087592204e-12
1.9594713293830914e-12
9.9150108814107688e-12
2.1452651969286011e-12
1.0012767172538299e-11
2.3361860369974895e-12
1.0099329448543572e-11
2.5311019623965805e-12
1.0160458886082199e-11
2.7260161604411963e-12
1.0108637126942755e-11
2.9042572082108561e-12
9.4457181162759115e-12
3.0034817115544783e-12
5.6831686409184482e-12
2.8445109094925725e-12
-1.1466371745309706e-11
2.1146132123215469e-12
-7.3374223315749887e-11
7.9321704014989332e-13
-2.2730235794752765e-10
-3.6005600799400254e-10
-4.5205019743642495e-13
5.3521623775113275e-12
-4.3605121562383313e-13
5.5114530018276798e-12
-4.1688206028567109e-13
5.6720711958602033e-12
-3.9431535340516919e-13
5.8339304806728093e-12
-3.6811889320171554e-13
5.9969292144858768e-12
-3.3805653694260199e-13
6.1609495457264223e-12
-3.0388924032891952e-13
6.3258563629680899e-12
-2.653762681705989e-13
6.4914962587662059e-12
-2.2227658496978228e-13
6.6576965267734286e-12
-1.7435043333628411e-13
6.8242642128315397e-12
-1.213611058873711e-13
6.9909852428853387e-12
-6.3076915252838201e-14
7.157623652726931e-12
7.2663844165305467e-16
7.3239209460082916e-12
7.0264506028869461e-14
7.489595612641167e-12
1.4573954868348085e-13
7.6543428393392675e-12
2.2733982556043144e-13
7.8178344393861876e-12
3.1523572739687915e-13
7.9797190366013306e-12
4.0957698233133815e-13
8.1396225383816641e-12
5.1048956885433637e-13
8.2971489313680348e-12
6.1807257658492499e-13
8.4518814310748469e-12
7.3239506389848006e-13
8.6033840122155916e-12
8.5349296849259368e-13
8.7512033432374386e-12
9.8136613382605376e-13
8.8948711410236835e-12
1.1159755206088829e-12
9.033906954876687e-12
1.2572406778477641e-12
9.1678213784990927e-12
1.4050375502069992e-12
9.2961196739989673e-12
1.5591966969938954e-12
9.4183057437022354e-12
1.7195019749454461e-12
9.533886074950164e-12
1.8856895688780641e-12
9.6423708763978766e-12
2.0574460935641403e-12
9.7432511048563381e-12
2.2343968741360547e-12
9.8357934788664514e-12
2.4160294394214273e-12
9.9175452272123062e-12
2.6012478654271874e-12
9.9743111113866868e-12
2.7860968742022528e-12
9.9186141433364764e-12
2.9539520660907199e-12
9.2523500275661783e-12
3.0425237070806042e-12
5.4870502005643264e-12
2.8727006911141e-12
-1.1664395145282401e-11
2.1319082783361557e-12
-7.3571858634970357e-11
8.001870872539299e-13
-2.274890122743419e-10
-3.6018185310353731e-10
-2.9278236187896295e-13
5.3377159449112738e-12
-2.7546023787477588e-13
5.4941308778955718e-12
-2.5505474504893748e-13
5.6516657030513568e-12
-2.3135367080800175e-13
5.810229406415001e-12
-2.0414102291327006e-13
5.9697165665738619e-12
-1.7319791329518029e-13
6.1300064361200665e-12
-1.3830358296738667e-13
6.2909620326483943e-12
-9.9236578627384119e-14
6.4524292544467761e-12
-5.5776088509535016e-14
6.614236036689464e-12
-7.703443400217637e-15
6.7761915677293637e-12
4.5196213558186231e-14
6.938085585930833e-12
1.03132087617965e-13
7.0996877786843819e-12
1.6630572458878267e-13
7.2607473090684951e-12
2.349088411505826e-13
7.4209924961239832e-12
3.0912100469150537e-13
7.5801306758169086e-12
3.8910717515150242e-13
7.737848268958003e-12
4.7501512728054174e-13
7.893811084516915e-12
5.6697277864071505e-13
8.0476648870468363e-12
6.6508545504862977e-13
8.1990362549974141e-12
7.6943313097542882e-13
8.3475337551729196e-12
8.8006768924184767e-13
8.4927494540006399e-12
9.9701024934870569e-13
8.6342607831527455e-12
1.1202486204417837e-12
8.7716327699781742e-12
1.2497349380449387e-12
8.9044206372826188e-12
1.3853835488430194e-12
9.0321727676234956e-12
1.5270692079808367e-12
9.1544340140324689e-12
1.6746256516080585e-12
9.2707492930402625e-12
1.8278445832215858e-12
9.3806670867213971e-12
1.9864749442915019e-12
9.4837400769210904e-12
2.1502211801250253e-12
9.5795016172248349e-12
2.3187315957806574e-12
9.6672601503876769e-12
2.4915218289293552e-12
9.7446033393704333e-12
2.6675290749189354e-12
9.7973745230959337e-12
2.8428359896684436e-12
9.7381332808002592e-12
3.0008608569582565e-12
9.0688123618648624e-12
3.0793631901733122e-12
5.3010013612185305e-12
2.8992922803762704e-12
-1.1852169976210997e-11
2.1482196595665491e-12
-7.3759212642421535e-11
8.06759576887771e-13
-2.2766592657504158e-10
-3.6030112519399819e-10
-1.3639183385066325e-13
5.3220760373420691e-12
-1.1795404621637221e-13
5.4756930903231325e-12
-9.6524191509922376e-14
5.6302358483399096e-12
-7.1904464174454664e-14
5.7856096791008317e-12
-4.3894194527794967e-14
5.9417062969456926e-12
-1.2290721302221606e-14
6.0984029629256107e-12
2.3109608099338221e-14
6.2555617032734072e-12
6.251030283602758e-14
6.4130285597486165e-12
1.0611345294211555e-13
6.5706328865889933e-12
1.5411830932920657e-13
6.7281867113535789e-12
2.0671971782366767e-13
6.88548417745964e-12
2.6410640735011085e-13
7.0423010891780997e-12
3.2645913603199505e-13
7.1983945804359392e-12
3.9394870218835176e-13
7.3535029299910166e-12
4.6673383169964391e-13
7.5073455463268198e-12
5.4495895507205819e-13
7.6596231456361487e-12
6.2875189325094292e-13
7.8100181464019962e-12
7.1822147613071368e-13
7.9581953041966454e-12
8.1345512270303885e-13
8.1038026084675839e-12
9.1451641729478168e-13
8.2464724606280769e-12
1.0214427214149228e-12
8.3858231499394612e-12
1.1342428650762531e-12
8.5214606395224698e-12
1.2528949664393295e-12
8.6529806686571772e-12
1.3773444309147998e-12
8.7799711728278993e-12
1.5075021846017185e-12
8.9020150138563896e-12
1.6432431966740348e-12
9.0186930011777613e-12
1.7844053421827904e-12
9.1295871405127255e-12
1.9307886333468757e-12
9.2342837389592805e-12
2.0821546781371974e-12
9.3323735937423934e-12
2.2382250668016326e-12
9.4234279767979486e-12
2.3986697712080112e-12
9.5067925334002634e-12
2.5630305744676577e-12
9.5800908826959696e-12
2.7302751618597024e-12
9.629200599448444e-12
2.8965208203733138e-12
9.5667137000396064e-12
3.0452243462510231e-12
8.8945961301806054e-12
3.1141870160312348e-12
5.1244924609976953e-12
2.9244306658433892e-12
-1.203025873215321e-11
2.1636344311874748e-12
-7.3936841997744671e-11
8.1296971558750793e-13
-2.2783363517171232e-10
-3.6041418664186545e-10
1.7199481729943955e-14
5.3054324116369712e-12
3.6558947472991701e-14
5.4563336246806789e-12
5.8815595190189328e-14
5.6079792006583054e-12
8.4153579848746699e-14
5.7602716944714639e-12
1.1275912388578894e-13
5.9131007529499906e-12
1.4481966392506639e-13
6.0663424229244778e-12
1.8052288288712853e-13
6.2198584843585426e-12
2.2005562238367354e-13
6.3734958202910569e-12
2.6360267112864634e-13
6.5270858378505814e-12
3.1134542804671023e-13
6.6804439544512907e-12
3.6346043858201888e-13
6.8333691669526098e-12
4.2011780701873531e-13
6.9856437207817107e-12
4.8147948922265451e-13
7.137032898284948e-12
5.4769747358571031e-13
7.2872849456544645e-12
6.1891186132434784e-13
7.4361311586281626e-12
6.9524886018593057e-13
7.5832861468282922e-12
7.7681870981985805e-13
7.7284482968037657e-12
8.637135616108911e-13
7.8713004524389393e-12
9.5600533921082056e-13
8.0115108309144631e-12
1.0537436112972973e-12
8.1487341885779106e-12
1.1569535116384242e-12
8.2826132496633398e-12
1.26563374521861e-12
8.412780405980426e-12
1.3797547230817055e-12
8.5388596908444561e-12
1.4992568700017491e-12
8.6604690259697667e-12
1.6240491516095307e-12
8.7772227321790904e-12
1.7540078675661372e-12
8.8887342844505675e-12
1.8889757526629107e-12
8.9946192484419022e-12
2.0287614049799923e-12
9.0944980300584152e-12
2.1731388913190116e-12
9.1879956690303845e-12
2.321846221325516e-12
9.274717395092793e-12
2.4745737692707768e-12
9.3540420730967866e-12
2.6308876559980754e-12
9.4236253437576933e-12
2.7897837242828897e-12
9.4693752005948869e-12
2.9474110752114102e-12
9.4039124509223672e-12
3.0872619807423648e-12
8.7292326060779533e-12
3.147178849297958e-12
4.9570296216343121e-12
2.9482307053962063e-12
-1.2199155096924886e-11
2.1782280628985785e-12
-7.4105263966927739e-11
8.1884825448724408e-13
-2.279926276625229e-10
-3.6052136907022259e-10
1.6807387636354294e-13
5.2879627819315785e-12
1.8817387985850148e-13
5.43623362129059e-12
2.1107339944753935e-13
5.5850796811331453e-12
2.3694368666176343e-13
5.7344014073124651e-12
2.6595737192777356e-13
5.8840870677365567e-12
2.9828763668183526e-13
6.0340121582389056e-12
3.3410728291508016e-13
6.1840388381573958e-12
3.7358769659443634e-13
6.3340154066304143e-12
4.168977028118402e-13
6.4837758316590173e-12
4.642023112609819e-13
6.6331393460342879e-12
5.1566135325123241e-13
6.7819101250107774e-12
5.7142801322913546e-13
6.9298770608654785e-12
6.3164726042255071e-13
7.0768136511262425e-12
6.9645418858700228e-13
7.2224780175215516e-12
7.6597227480709558e-13
7.3666130724525648e-12
8.4031157154830655e-13
7.5089468501448968e-12
9.1956684921434572e-13
7.6491930191774944e-12
1.0038157103159764e-12
7.7870515913744891e-12
1.093116699515177e-12
7.9222098417740486e-12
1.1875074377167431e-12
8.0543434504329343e-12
1.2870028116040304e-12
8.1831178758460753e-12
1.3915932525997438e-12
8.3081899650284843e-12
1.5012431424873114e-12
8.4292098010139906e-12
1.6158893835978748e-12
8.5458227849134046e-12
1.7354401735009531e-12
8.6576719422473427e-12
1.8597740231955521e-12
8.7644004339640339e-12
1.9887390537972357e-12
8.8656542108458043e-12
2.1221525825600048e-12
8.9610844447243097e-12
2.2598008415942401e-12
9.0503469716680159e-12
2.4014375141098648e-12
9.1330774709083788e-12
2.5467721615664044e-12
9.2086845134785249e-12
2.6953935509700303e-12
9.2748523032098585e-12
2.8463235179882831e-12
9.3175159083993993e-12
2.9957403611206639e-12
9.2493217323292005e-12
3.1271687379198951e-12
8.5722916930945014e-12
3.1784875081003518e-12
4.7981651255916623e-12
2.9708123899281011e-12
-1.2359323923848238e-11
2.1920714913771636e-12
-7.4264946756504346e-11
8.2442380787450539e-13
-2.2814335131828933e-10
-3.6062297548594949e-10
3.1631703796995523e-13
5.2698333719142697e-12
3.3698863659926835e-13
5.4155620227790067e-12
3.6036000548950143e-13
5.5617083123214631e-12
3.8659022440370739e-13
5.7081711884629935e-12
4.158391610424402e-13
5.854838131169894e-12
4.4826667311174878e-13
6.0015846462410714e-12
4.8403171884562548e-13
6.1482737925044283e-12
5.2329137412036478e-13
6.2947557514003785e-12
5.6619975446435517e-13
6.4408674513352924e-12
6.1290684237701029e-13
6.5864322581600967e-12
6.6355722167310771e-13
6.7312597457580869e-12
7.1828872286509817e-13
6.8751455597114644e-12
7.7723098544121963e-13
7.0178713885886649e-12
8.4050394520534791e-13
7.1592050578109043e-12
9.0821625766595065e-13
7.2989007600591015e-12
9.8046367086734078e-13
7.4366994370081608e-12
1.0573273642650938e-12
7.5723293258255577e-12
1.138872272667022e-12
7.7055066830148115e-12
1.2251454179087287e-12
7.8359366966106783e-12
1.3161742729919394e-12
7.9633145954096999e-12
1.4119651870278432e-12
8.087326961883462e-12
1.5125019004876991e-12
8.2076532516158237e-12
1.6177441833074334e-12
8.3239675182558174e-12
1.7276266283686705e-12
8.4359403399128518e-12
1.8420576346096643e-12
8.5432409359862829e-12
1.9609186123393514e-12
8.6455394554527835e-12
2.0840634398201187e-12
8.7425093763826846e-12
2.2113181753630516e-12
8.8338296525997632e-12
2.3424808626996131e-12
8.9191838459702933e-12
2.4773201089537372e-12
8.998234973031736e-12
2.6155635040577396e-12
9.0704182064328154e-12
2.7568208883633759e-12
9.1334432688578121e-12
2.900138106388277e-12
9.1732693702403383e-12
3.0417202629759268e-12
9.1025657217436533e-12
3.1651215723857791e-12
8.4233779253512892e-12
3.2082540473875824e-12
4.6474871562692616e-12
2.9922775742581947e-12
-1.2511190863351503e-11
2.2052280771497879e-12
-7.4416320074123159e-11
8.2972197304235808e-13
-2.2828621564196868e-10
-3.6071928329673228e-10
4.6201734612887811e-13
5.2511994682887773e-12
4.8310315432524405e-13
5.3944762147001967e-12
5.0678751534105812e-13
5.5380239514377927e-12
5.3321804831929613e-13
5.6817406556042084e-12
5.6254265721700469e-13
5.8255135223601152e-12
5.9490876596940453e-13
5.969218537626161e-12
6.3046247264241281e-13
6.1127200860014208e-12
6.6934762095142267e-13
6.2558706032694488e-12
7.1170478887367823e-13
6.3985102835004349e-12
7.5767019606581254e-13
6.5404668510184464e-12
8.0737453165001757e-13
6.6815554102299521e-12
8.609417074108615e-13
6.8215783839832537e-12
9.1848754230464047e-13
6.960325553731402e-12
9.8011838661333039e-13
7.0975742135587864e-12
1.0459296962489157e-12
7.2330894504977474e-12
1.1160045700446507e-12
7.3666245632704466e-12
1.1904122655029125e-12
7.4979216304231138e-12
1.2692067103566401e-12
7.626712238228093e-12
1.3524250306462279e-12
7.7527183764060669e-12
1.4400861173523586e-12
7.8756535087679055e-12
1.5321892567056238e-12
7.9952238226069743e-12
1.6287128499966903e-12
8.1111296583749284e-12
1.7296132511742824e-12
8.2230671171425362e-12
1.8348237502683492e-12
8.3307298408833806e-12
1.944253731747488e-12
8.433810954493744e-12
2.0577880352761903e-12
8.5320051511519017e-12
2.1752865427166926e-12
8.6250108619242551e-12
2.296583990532622e-12
8.7125321482154704e-12
2.4214898400971136e-12
8.7942775580587039e-12
2.5497868816906173e-12
8.8699346798769901e-12
2.6812196364673546e-12
8.9389625399172119e-12
2.8154175621161748e-12
8.9990936941703702e-12
2.9514487015298451e-12
9.0363089155653844e-12
3.0855428102817466e-12
8.9632977794476584e-12
3.2012811719930883e-12
8.2821271791271243e-12
3.236606153378051e-12
4.5046168997174589e-12
3.0127185191315761e-12
-1.2655146137758857e-11
2.2177548546646212e-12
-7.4559778396995344e-11
8.3476584171946497e-13
-2.2842159618990065e-10
-3.6081054681706214e-10
6.0526525440968832e-13
6.2661881510356989e-13
6.5046876405930578e-13
6.7695194669850142e-13
7.062050687112187e-13
7.3836396669549093e-13
7.7356280711455802e-13
6.0775212454995305e-12
8.1193321237227894e-13
6.217500198246345e-12
8.536033149305519e-13
6.3568401811464894e-12
8.9869674224413823e-13
6.4953734238611815e-12
9.4733153366268414e-13
6.6329206188869922e-12
9.9961899515628415e-13
6.7692909225247992e-12
1.0556624977241565e-12
6.9042820511933641e-12
1.1155562277793297e-12
7.0376804835297946e-12
1.1793838995620161e-12
7.1692617787641152e-12
1.2472174415395966e-12
7.2987910213382629e-12
1.3191156712346214e-12
7.426023400786294e-12
1.3951229743567733e-12
7.5507049351873413e-12
1.4752680067302057e-12
7.6725733441358002e-12
1.5595624389623043e-12
7.7913590766156807e-12
1.6479997658456904e-12
7.9067864958091263e-12
1.740554203138206e-12
8.0185752211230651e-12
1.8371796963505634e-12
8.1264416239808509e-12
1.9378090655480399e-12
8.2301004717135186e-12
2.0423533110707862e-12
8.3292667089212417e-12
2.1507011031770254e-12
8.4236573582617408e-12
2.262718475107591e-12
8.5129934829778953e-12
2.3782487147287686e-12
8.5970018520769593e-12
2.4971122825036956e-12
8.6754135519739273e-12
2.6191054292970845e-12
8.7479382816075367e-12
2.743988574172938e-12
8.8140564835569198e-12
2.8714094475874287e-12
8.8715211727590425e-12
3.0004566406230382e-12
8.9063324118739376e-12
3.1273826160250066e-12
8.8311979898845362e-12
3.2357935039164981e-12
8.1482039767788328e-12
3.263659507575675e-12
4.3692058288304462e-12
3.0322191774898077e-12
-1.2791548238468662e-11
2.2297035537374929e-12
-7.4695683975332467e-11
8.3957634021543872e-13
-2.2854983771102068e-10
-3.608969994332071e-10
9.1349266898591359e-13
9.5122051619675937e-13
9.9208026463427673e-13
1.0361840309435613e-12
1.0836383480042956e-12
1.13454311495955e-12
1.1889905013146471e-12
1.2470638134898395e-12
1.3088363331281081e-12
1.3743701385753098e-12
1.4437149225075713e-12
1.5169068204244186e-12
1.5939672664699992e-12
1.6749018944165062e-12
1.7596995032132481e-12
1.8483311068043395e-12
1.9407490897365753e-12
2.0368864890386898e-12
2.1366564236776527e-12
2.2399516909323627e-12
2.3466445454909367e-12
2.4565866527784547e-12
2.5696090414778036e-12
2.6855207250702288e-12
2.80409705145232e-12
2.9250027839424821e-12
3.0473455579655492e-12
3.1673987864351941e-12
3.2687914459197158e-12
3.2895193088306308e-12
3.0508559296265575e-12
2.2411212291970178e-12
8.441724939374853e-13
)
;

boundaryField
{
    hotWall
    {
        type            calculated;
        value           nonuniform List<scalar> 0();
    }
    coldWall
    {
        type            calculated;
        value           nonuniform List<scalar> 
54
(
3.2311742677852644e-27
0
0
0
0
0
5.169878828456423e-26
0
0
0
0
0
0
1.0339757656912846e-25
-1.0339757656912846e-25
-1.0339757656912846e-25
0
0
0
0
0
0
0
0
0
0
2.0679515313825692e-25
0
0
0
0
0
0
0
0
0
0
0
0
0
0
0
0
0
0
0
0
0
0
0
0
4.1359030627651384e-25
0
0
)
;
    }
    bottomWall
    {
        type            calculated;
        value           uniform 0;
    }
    topWall
    {
        type            calculated;
        value           nonuniform List<scalar> 0();
    }
    front
    {
        type            empty;
    }
    back
    {
        type            empty;
    }
    procBoundary7to6
    {
        type            processor;
        value           nonuniform List<scalar> 
41
(
5.2322059696845379e-12
5.3731226538222776e-12
5.5141740023297788e-12
5.6552574727587885e-12
5.7962603999312398e-12
5.9370596388137538e-12
-8.787800217190156e-13
6.0428085969153896e-12
6.179772350673372e-12
6.3159804325672891e-12
6.4512696576661254e-12
6.5854663020452284e-12
6.718386155841376e-12
6.8498346651069473e-12
6.9796071715808271e-12
7.1074892592794995e-12
7.2332572159628331e-12
7.3566786168922363e-12
7.4775130373284205e-12
7.59551289819988e-12
7.7104244488034989e-12
7.8219888872106904e-12
7.9299436177342871e-12
8.0340236412592178e-12
8.1339630725805609e-12
8.229496774300751e-12
8.3203620901781195e-12
8.4063006212685214e-12
8.4870596880062917e-12
8.5623907246526312e-12
8.6320233461979484e-12
8.6954572455141133e-12
8.7504637928472578e-12
8.7830603312792065e-12
8.7059709653309611e-12
8.021299068971433e-12
4.2409330955934719e-12
-1.2920726837071263e-11
-7.4824369731803743e-11
-2.2867125692360283e-10
-3.6097885550729808e-10
)
;
    }
    procBoundary7to8
    {
        type            processor;
        value           nonuniform List<scalar> 
53
(
7.0401400221350607e-12
8.4847457359045069e-12
8.010623579957134e-12
7.7304096820130071e-12
7.6132203831162238e-12
7.5322888293991445e-12
7.4473708887834326e-12
7.3505322594938228e-12
7.241023116403376e-12
7.11936950585969e-12
6.98632565608977e-12
6.8427099180284139e-12
6.6893730452113173e-12
6.5271839012954136e-12
6.3570179615357561e-12
6.1797469168669389e-12
5.9962293103587907e-12
5.8073022861256073e-12
5.6137745075785383e-12
5.4164202605446898e-12
5.2159747206264307e-12
5.0131303350047389e-12
4.8085342786592826e-12
4.602786810932499e-12
4.39644039507631e-12
4.1900001231786725e-12
3.9839236018471568e-12
3.7786225758971066e-12
3.5744643760089962e-12
3.3717738312804836e-12
3.1708354329282806e-12
2.9718956750438545e-12
2.7751655046730252e-12
2.5808228209802063e-12
2.3890149670799308e-12
2.1998611365837381e-12
2.0134545737800753e-12
1.829861859406779e-12
1.6491498463291657e-12
1.471331790491267e-12
1.2964254676861738e-12
1.1244300985942733e-12
9.5533125046020448e-13
7.8910263942694283e-13
6.257076729256841e-13
4.6510081168124525e-13
3.0722879452335445e-13
1.5203174127911993e-13
-5.5585625882754858e-16
-1.5060424695419801e-13
-2.9818762826184175e-13
-4.4338344281196451e-13
-5.8627175630697741e-13
)
;
    }
}


// ************************************************************************* //
