/*--------------------------------*- C++ -*----------------------------------*\
  =========                 |
  \\      /  F ield         | OpenFOAM: The Open Source CFD Toolbox
   \\    /   O peration     | Website:  https://openfoam.org
    \\  /    A nd           | Version:  13
     \\/     M anipulation  |
\*---------------------------------------------------------------------------*/
FoamFile
{
    format      ascii;
    class       vectorField;
    location    "constant/polyMesh";
    object      points;
}
// * * * * * * * * * * * * * * * * * * * * * * * * * * * * * * * * * * * * * //


4428
(
(0 0.075000000000000011 0)
(0.00062500000000000012 0.074999999999999997 0)
(0.00125 0.075000000000000025 0)
(0.0018749999999999999 0.075000000000000011 0)
(0.0025000000000000001 0.074999999999999997 0)
(0.003125000000000001 0.075000000000000011 0)
(0.0037499999999999999 0.075000000000000011 0)
(0.0043750000000000004 0.075000000000000011 0)
(0.0050000000000000018 0.075000000000000011 0)
(0.0056250000000000007 0.075000000000000011 0)
(0.0062500000000000012 0.075000000000000011 0)
(0.0068750000000000018 0.075000000000000011 0)
(0.0074999999999999997 0.075000000000000011 0)
(0.008125000000000002 0.075000000000000011 0)
(0.0087499999999999991 0.075000000000000011 0)
(0.0093749999999999997 0.075000000000000011 0)
(0.01 0.075000000000000011 0)
(0.010625000000000001 0.075000000000000011 0)
(0.01125 0.075000000000000025 0)
(0.011875 0.075000000000000011 0)
(0.012500000000000001 0.075000000000000011 0)
(0.013125 0.075000000000000025 0)
(0.01375 0.075000000000000011 0)
(0.014375000000000001 0.074999999999999997 0)
(0.014999999999999999 0.075000000000000011 0)
(0.015625 0.075000000000000011 0)
(0.016250000000000001 0.074999999999999997 0)
(0.016875000000000001 0.075000000000000011 0)
(0.017500000000000002 0.075000000000000011 0)
(0.018124999999999999 0.074999999999999997 0)
(0.018749999999999999 0.075000000000000011 0)
(0.019375 0.075000000000000011 0)
(0.02 0.075000000000000011 0)
(0.020625000000000001 0.075000000000000011 0)
(0.021250000000000002 0.074999999999999997 0)
(0.021874999999999999 0.075000000000000011 0)
(0.022499999999999999 0.075000000000000011 0)
(0.02312500000000001 0.075000000000000011 0)
(0.02375 0.075000000000000011 0)
(0.024375000000000001 0.075000000000000011 0)
(0.025000000000000001 0.074999999999999997 0)
(0.025624999999999998 0.075000000000000011 0)
(0.026250000000000009 0.075000000000000011 0)
(0.026875 0.074999999999999997 0)
(0.027500000000000011 0.075000000000000011 0)
(0.028125000000000001 0.075000000000000011 0)
(0.028750000000000001 0.075000000000000025 0)
(0.029374999999999998 0.075000000000000011 0)
(0.029999999999999999 0.074999999999999997 0)
(0.030624999999999999 0.075000000000000011 0)
(0.03125 0.075000000000000011 0)
(0.031875000000000001 0.074999999999999997 0)
(0.032500000000000001 0.075000000000000011 0)
(0.033125000000000002 0.075000000000000011 0)
(0 0.075624999999999998 0)
(0.00062500000000000012 0.075625000000000012 0)
(0.00125 0.075624999999999984 0)
(0.0018749999999999999 0.075624999999999998 0)
(0.0025000000000000001 0.075624999999999998 0)
(0.003125000000000001 0.075624999999999984 0)
(0.0037499999999999999 0.075624999999999998 0)
(0.0043750000000000004 0.075625000000000012 0)
(0.005000000000000001 0.075624999999999998 0)
(0.0056250000000000024 0.075624999999999998 0)
(0.0062500000000000012 0.075624999999999998 0)
(0.0068750000000000018 0.075624999999999998 0)
(0.0074999999999999997 0.075624999999999998 0)
(0.0081250000000000003 0.075624999999999998 0)
(0.0087499999999999991 0.075624999999999998 0)
(0.0093750000000000014 0.075624999999999998 0)
(0.01 0.075625000000000012 0)
(0.010625000000000001 0.075624999999999998 0)
(0.01125 0.075624999999999998 0)
(0.011875 0.075624999999999998 0)
(0.012500000000000001 0.075624999999999998 0)
(0.013125 0.075624999999999998 0)
(0.01375 0.075624999999999998 0)
(0.014375000000000001 0.075624999999999998 0)
(0.014999999999999999 0.075624999999999998 0)
(0.015625 0.075624999999999998 0)
(0.016250000000000001 0.075624999999999998 0)
(0.016875000000000001 0.075625000000000012 0)
(0.017500000000000002 0.075624999999999998 0)
(0.018124999999999999 0.075624999999999998 0)
(0.018749999999999999 0.075625000000000012 0)
(0.019375 0.075624999999999998 0)
(0.02 0.075624999999999998 0)
(0.020625000000000001 0.075624999999999998 0)
(0.021250000000000002 0.075624999999999998 0)
(0.021874999999999999 0.075624999999999998 0)
(0.02250000000000001 0.075624999999999998 0)
(0.02312500000000001 0.075625000000000012 0)
(0.02375 0.075624999999999998 0)
(0.024375000000000001 0.075624999999999998 0)
(0.025000000000000001 0.075624999999999998 0)
(0.025624999999999998 0.075624999999999998 0)
(0.026250000000000009 0.075624999999999998 0)
(0.026875 0.075624999999999998 0)
(0.027500000000000011 0.075624999999999998 0)
(0.028125000000000001 0.075624999999999998 0)
(0.028750000000000001 0.075624999999999998 0)
(0.029375000000000009 0.075624999999999998 0)
(0.029999999999999999 0.075624999999999998 0)
(0.030624999999999999 0.075624999999999998 0)
(0.03125 0.075624999999999998 0)
(0.031875000000000001 0.075624999999999998 0)
(0.032500000000000001 0.075625000000000012 0)
(0.033125000000000002 0.075624999999999998 0)
(0 0.076249999999999998 0)
(0.00062500000000000012 0.076249999999999998 0)
(0.00125 0.076249999999999998 0)
(0.0018749999999999999 0.076249999999999998 0)
(0.0025000000000000001 0.076249999999999998 0)
(0.0031250000000000002 0.076249999999999998 0)
(0.0037499999999999999 0.076249999999999998 0)
(0.0043750000000000004 0.076249999999999998 0)
(0.005000000000000001 0.076249999999999998 0)
(0.0056250000000000024 0.076249999999999998 0)
(0.0062499999999999986 0.076249999999999998 0)
(0.0068750000000000018 0.076249999999999998 0)
(0.0074999999999999997 0.076249999999999998 0)
(0.0081250000000000003 0.076249999999999984 0)
(0.0087499999999999991 0.076249999999999984 0)
(0.0093750000000000014 0.076249999999999998 0)
(0.01 0.076249999999999998 0)
(0.010625000000000001 0.076249999999999998 0)
(0.01125 0.076249999999999984 0)
(0.011875 0.076249999999999984 0)
(0.012500000000000001 0.076249999999999984 0)
(0.013125 0.076249999999999984 0)
(0.01375 0.076249999999999998 0)
(0.014375000000000001 0.076249999999999984 0)
(0.014999999999999999 0.076249999999999984 0)
(0.015625 0.076249999999999984 0)
(0.016250000000000001 0.076249999999999984 0)
(0.016875000000000001 0.076249999999999984 0)
(0.017500000000000002 0.076249999999999984 0)
(0.018124999999999999 0.076249999999999984 0)
(0.018749999999999999 0.076249999999999984 0)
(0.019375 0.076249999999999984 0)
(0.02 0.076249999999999984 0)
(0.020625000000000001 0.076249999999999998 0)
(0.021250000000000002 0.076249999999999998 0)
(0.021874999999999999 0.076249999999999984 0)
(0.02250000000000001 0.076249999999999998 0)
(0.023125 0.076249999999999998 0)
(0.02375 0.076249999999999998 0)
(0.024375000000000001 0.076249999999999998 0)
(0.025000000000000001 0.076249999999999998 0)
(0.025624999999999998 0.076250000000000012 0)
(0.026250000000000009 0.076250000000000012 0)
(0.026875 0.076249999999999998 0)
(0.027500000000000011 0.076249999999999998 0)
(0.028125000000000001 0.076249999999999998 0)
(0.028750000000000001 0.076249999999999998 0)
(0.029374999999999998 0.076250000000000012 0)
(0.029999999999999999 0.076249999999999998 0)
(0.03062500000000001 0.076249999999999998 0)
(0.03125 0.076249999999999998 0)
(0.031874999999999987 0.076249999999999998 0)
(0.032500000000000001 0.076249999999999998 0)
(0.033125000000000002 0.076249999999999998 0)
(0 0.076875000000000013 0)
(0.00062500000000000012 0.076875000000000013 0)
(0.00125 0.076875000000000013 0)
(0.0018749999999999999 0.076875000000000013 0)
(0.0025000000000000001 0.076875000000000013 0)
(0.003125000000000001 0.076875000000000013 0)
(0.0037499999999999999 0.076875000000000013 0)
(0.0043750000000000004 0.076875000000000013 0)
(0.005000000000000001 0.076875000000000013 0)
(0.0056250000000000007 0.076875000000000013 0)
(0.0062500000000000012 0.076875000000000013 0)
(0.0068750000000000018 0.076875000000000013 0)
(0.0074999999999999997 0.076875000000000013 0)
(0.0081250000000000003 0.076875000000000027 0)
(0.0087499999999999991 0.076875000000000013 0)
(0.0093750000000000014 0.076875000000000013 0)
(0.01 0.076875000000000027 0)
(0.010625000000000001 0.076875000000000013 0)
(0.01125 0.076875000000000013 0)
(0.011875 0.076875000000000027 0)
(0.012500000000000001 0.076875000000000013 0)
(0.013125 0.076875000000000013 0)
(0.01375 0.076875000000000027 0)
(0.014375000000000001 0.076875000000000013 0)
(0.014999999999999999 0.076874999999999999 0)
(0.015625 0.076875000000000027 0)
(0.016250000000000001 0.076875000000000013 0)
(0.016875000000000001 0.076875000000000027 0)
(0.017500000000000002 0.076875000000000013 0)
(0.018124999999999999 0.076875000000000013 0)
(0.018749999999999999 0.076874999999999999 0)
(0.019375 0.076875000000000013 0)
(0.02 0.076875000000000013 0)
(0.020625000000000001 0.076874999999999999 0)
(0.021250000000000002 0.076875000000000027 0)
(0.021874999999999999 0.076875000000000013 0)
(0.022499999999999999 0.076874999999999999 0)
(0.023125 0.076875000000000013 0)
(0.02375 0.076875000000000013 0)
(0.024375000000000001 0.076874999999999999 0)
(0.025000000000000001 0.076875000000000013 0)
(0.025624999999999998 0.076875000000000013 0)
(0.026250000000000009 0.076875000000000013 0)
(0.026875 0.076875000000000013 0)
(0.027500000000000011 0.076875000000000013 0)
(0.028125000000000001 0.076875000000000013 0)
(0.028750000000000001 0.076875000000000013 0)
(0.029374999999999998 0.076875000000000013 0)
(0.029999999999999999 0.076875000000000013 0)
(0.030624999999999999 0.076875000000000013 0)
(0.03125 0.076875000000000013 0)
(0.031875000000000001 0.076875000000000013 0)
(0.032500000000000001 0.076875000000000013 0)
(0.033125000000000002 0.076875000000000013 0)
(0 0.077500000000000013 0)
(0.00062500000000000012 0.077500000000000027 0)
(0.00125 0.077500000000000013 0)
(0.0018749999999999999 0.077500000000000013 0)
(0.0025000000000000001 0.077500000000000013 0)
(0.003125000000000001 0.077499999999999999 0)
(0.0037499999999999999 0.077500000000000013 0)
(0.0043750000000000004 0.077500000000000027 0)
(0.005000000000000001 0.077499999999999999 0)
(0.0056250000000000007 0.077500000000000013 0)
(0.0062500000000000012 0.077500000000000013 0)
(0.0068750000000000018 0.077499999999999999 0)
(0.0074999999999999997 0.077500000000000013 0)
(0.0081250000000000003 0.077500000000000013 0)
(0.0087499999999999991 0.077499999999999999 0)
(0.0093750000000000014 0.077500000000000013 0)
(0.01 0.077500000000000027 0)
(0.010625000000000001 0.077499999999999999 0)
(0.01125 0.077500000000000013 0)
(0.011875 0.077500000000000013 0)
(0.012500000000000001 0.077500000000000013 0)
(0.013125 0.077500000000000013 0)
(0.01375 0.077500000000000027 0)
(0.014375000000000001 0.077500000000000013 0)
(0.014999999999999999 0.077500000000000013 0)
(0.015625 0.077500000000000013 0)
(0.016250000000000001 0.077500000000000013 0)
(0.016875000000000001 0.077500000000000013 0)
(0.017500000000000002 0.077500000000000013 0)
(0.018124999999999999 0.077500000000000013 0)
(0.018749999999999999 0.077500000000000013 0)
(0.019375 0.077500000000000013 0)
(0.02 0.077500000000000013 0)
(0.020625000000000001 0.077499999999999999 0)
(0.021250000000000002 0.077500000000000013 0)
(0.021874999999999999 0.077500000000000013 0)
(0.022499999999999999 0.077500000000000013 0)
(0.02312500000000001 0.077500000000000013 0)
(0.02375 0.077500000000000013 0)
(0.024375000000000001 0.077499999999999999 0)
(0.025000000000000001 0.077500000000000013 0)
(0.025624999999999998 0.077500000000000013 0)
(0.026250000000000009 0.077500000000000013 0)
(0.026875 0.077500000000000013 0)
(0.027500000000000011 0.077500000000000013 0)
(0.028125000000000001 0.077499999999999999 0)
(0.028750000000000001 0.077500000000000013 0)
(0.029374999999999998 0.077500000000000013 0)
(0.029999999999999999 0.077499999999999999 0)
(0.030624999999999999 0.077500000000000013 0)
(0.03125 0.077500000000000013 0)
(0.031874999999999987 0.077499999999999999 0)
(0.032500000000000001 0.077500000000000013 0)
(0.033125000000000002 0.077500000000000013 0)
(0 0.078125 0)
(0.00062500000000000012 0.078125 0)
(0.00125 0.078125 0)
(0.0018749999999999999 0.078125 0)
(0.0025000000000000001 0.078125 0)
(0.003125000000000001 0.078125 0)
(0.0037499999999999999 0.078125 0)
(0.0043750000000000004 0.078125 0)
(0.005000000000000001 0.078125 0)
(0.0056250000000000007 0.078125 0)
(0.0062500000000000012 0.078125 0)
(0.0068750000000000018 0.078125 0)
(0.0074999999999999997 0.078125 0)
(0.0081250000000000003 0.078125 0)
(0.0087499999999999991 0.078125 0)
(0.0093750000000000014 0.078125 0)
(0.01 0.078125 0)
(0.010625000000000001 0.078125 0)
(0.01125 0.078125 0)
(0.011875 0.078125 0)
(0.012500000000000001 0.078125 0)
(0.013125 0.078125 0)
(0.01375 0.078125 0)
(0.014375000000000001 0.078125 0)
(0.014999999999999999 0.078125 0)
(0.015625 0.078125 0)
(0.016250000000000001 0.078125 0)
(0.016875000000000001 0.078125 0)
(0.017500000000000002 0.078125 0)
(0.018124999999999999 0.078125 0)
(0.018749999999999999 0.078125 0)
(0.019375 0.078125 0)
(0.02 0.078125 0)
(0.020625000000000001 0.078125 0)
(0.021250000000000002 0.078125 0)
(0.021874999999999999 0.078125 0)
(0.022499999999999999 0.078125 0)
(0.02312500000000001 0.078125 0)
(0.02375 0.078125 0)
(0.024375000000000001 0.078125 0)
(0.025000000000000001 0.078125 0)
(0.025624999999999998 0.078125 0)
(0.026250000000000009 0.078125 0)
(0.026875 0.078125 0)
(0.027500000000000011 0.078125 0)
(0.028125000000000001 0.078125 0)
(0.028750000000000001 0.078125 0)
(0.029374999999999998 0.078125 0)
(0.029999999999999999 0.078125 0)
(0.030624999999999999 0.078125 0)
(0.03125 0.078125 0)
(0.031875000000000001 0.078125 0)
(0.032500000000000001 0.078125 0)
(0.033125000000000002 0.078125 0)
(0 0.078750000000000001 0)
(0.00062500000000000012 0.078750000000000001 0)
(0.00125 0.078750000000000014 0)
(0.0018749999999999999 0.078750000000000001 0)
(0.0025000000000000001 0.078750000000000001 0)
(0.0031250000000000002 0.078750000000000001 0)
(0.0037499999999999999 0.078750000000000001 0)
(0.0043750000000000004 0.078750000000000001 0)
(0.005000000000000001 0.078750000000000001 0)
(0.0056250000000000007 0.078750000000000001 0)
(0.0062499999999999986 0.078750000000000001 0)
(0.0068750000000000018 0.078750000000000014 0)
(0.0074999999999999997 0.078750000000000001 0)
(0.0081250000000000003 0.078750000000000001 0)
(0.0087500000000000008 0.078750000000000001 0)
(0.0093749999999999997 0.078750000000000001 0)
(0.01 0.078750000000000001 0)
(0.010625000000000001 0.078750000000000001 0)
(0.01125 0.078750000000000001 0)
(0.011875 0.078750000000000001 0)
(0.012500000000000001 0.078750000000000001 0)
(0.013125 0.078750000000000001 0)
(0.01375 0.078750000000000001 0)
(0.014375000000000001 0.078750000000000001 0)
(0.014999999999999999 0.078750000000000001 0)
(0.015625 0.078750000000000001 0)
(0.016250000000000001 0.078750000000000001 0)
(0.016875000000000001 0.078750000000000014 0)
(0.017500000000000002 0.078750000000000001 0)
(0.018124999999999999 0.078749999999999987 0)
(0.018749999999999999 0.078750000000000001 0)
(0.019375 0.078750000000000001 0)
(0.02 0.078749999999999987 0)
(0.020625000000000001 0.078750000000000001 0)
(0.021250000000000002 0.078750000000000001 0)
(0.021874999999999999 0.078749999999999987 0)
(0.02250000000000001 0.078750000000000014 0)
(0.023125 0.078750000000000001 0)
(0.02375 0.078749999999999987 0)
(0.024375000000000001 0.078750000000000001 0)
(0.025000000000000001 0.078750000000000001 0)
(0.025624999999999998 0.078749999999999987 0)
(0.026250000000000009 0.078750000000000014 0)
(0.026875 0.078750000000000001 0)
(0.027500000000000011 0.078749999999999987 0)
(0.028125000000000001 0.078750000000000001 0)
(0.028750000000000001 0.078750000000000001 0)
(0.029374999999999998 0.078750000000000001 0)
(0.029999999999999999 0.078750000000000001 0)
(0.030624999999999999 0.078750000000000001 0)
(0.03125 0.078749999999999987 0)
(0.031875000000000001 0.078750000000000001 0)
(0.032500000000000001 0.078750000000000001 0)
(0.033125000000000002 0.078749999999999987 0)
(0 0.079375000000000001 0)
(0.00062500000000000001 0.079375000000000015 0)
(0.00125 0.079375000000000001 0)
(0.0018749999999999999 0.079375000000000001 0)
(0.0025000000000000001 0.079375000000000015 0)
(0.003125000000000001 0.079374999999999987 0)
(0.0037499999999999999 0.079375000000000001 0)
(0.0043750000000000004 0.079375000000000015 0)
(0.005000000000000001 0.079374999999999987 0)
(0.0056250000000000007 0.079375000000000001 0)
(0.0062500000000000012 0.079375000000000015 0)
(0.0068750000000000018 0.079374999999999987 0)
(0.0074999999999999997 0.079375000000000015 0)
(0.0081250000000000003 0.079375000000000015 0)
(0.0087499999999999991 0.079374999999999987 0)
(0.0093750000000000014 0.079375000000000001 0)
(0.01 0.079374999999999987 0)
(0.010625000000000001 0.079374999999999987 0)
(0.01125 0.079375000000000001 0)
(0.011875 0.079374999999999987 0)
(0.012500000000000001 0.079374999999999987 0)
(0.013125 0.079375000000000015 0)
(0.01375 0.079374999999999987 0)
(0.014375000000000001 0.079374999999999987 0)
(0.014999999999999999 0.079375000000000015 0)
(0.015625 0.079374999999999987 0)
(0.016250000000000001 0.079375000000000015 0)
(0.016875000000000001 0.079375000000000015 0)
(0.017500000000000002 0.079374999999999987 0)
(0.018124999999999999 0.079374999999999987 0)
(0.018749999999999999 0.079375000000000015 0)
(0.019375 0.079374999999999987 0)
(0.02 0.079375000000000001 0)
(0.020625000000000001 0.079375000000000015 0)
(0.021250000000000002 0.079374999999999987 0)
(0.021874999999999999 0.079375000000000001 0)
(0.022499999999999999 0.079375000000000001 0)
(0.02312500000000001 0.079375000000000001 0)
(0.02375 0.079375000000000001 0)
(0.024375000000000001 0.079375000000000001 0)
(0.025000000000000001 0.079374999999999987 0)
(0.025624999999999998 0.079375000000000001 0)
(0.026250000000000009 0.079375000000000015 0)
(0.026875 0.079375000000000001 0)
(0.027500000000000011 0.079375000000000001 0)
(0.028125000000000001 0.079375000000000001 0)
(0.028750000000000001 0.079375000000000001 0)
(0.029375000000000009 0.079375000000000001 0)
(0.029999999999999999 0.079375000000000001 0)
(0.030624999999999999 0.079375000000000001 0)
(0.03125 0.079375000000000001 0)
(0.031875000000000001 0.079374999999999987 0)
(0.032500000000000001 0.079375000000000001 0)
(0.033125000000000009 0.079375000000000015 0)
(0 0.080000000000000016 0)
(0.00062500000000000012 0.080000000000000016 0)
(0.00125 0.080000000000000016 0)
(0.0018749999999999999 0.080000000000000016 0)
(0.0025000000000000001 0.080000000000000016 0)
(0.003125000000000001 0.080000000000000016 0)
(0.0037499999999999999 0.080000000000000016 0)
(0.0043749999999999987 0.080000000000000016 0)
(0.005000000000000001 0.080000000000000016 0)
(0.0056250000000000007 0.080000000000000016 0)
(0.0062500000000000012 0.080000000000000016 0)
(0.006875 0.080000000000000016 0)
(0.0074999999999999997 0.080000000000000016 0)
(0.008125000000000002 0.080000000000000016 0)
(0.0087499999999999991 0.080000000000000016 0)
(0.0093750000000000014 0.080000000000000016 0)
(0.01 0.080000000000000016 0)
(0.010625000000000001 0.080000000000000016 0)
(0.01125 0.080000000000000016 0)
(0.011875 0.080000000000000016 0)
(0.012500000000000001 0.080000000000000016 0)
(0.013125 0.080000000000000016 0)
(0.01375 0.080000000000000016 0)
(0.014375000000000001 0.080000000000000016 0)
(0.014999999999999999 0.080000000000000016 0)
(0.015625 0.080000000000000016 0)
(0.016250000000000001 0.080000000000000016 0)
(0.016875000000000001 0.080000000000000016 0)
(0.017500000000000002 0.080000000000000016 0)
(0.018124999999999999 0.080000000000000016 0)
(0.018749999999999999 0.080000000000000016 0)
(0.019375 0.080000000000000016 0)
(0.02 0.080000000000000016 0)
(0.020625000000000001 0.080000000000000016 0)
(0.021250000000000002 0.080000000000000016 0)
(0.021874999999999999 0.080000000000000016 0)
(0.022499999999999999 0.080000000000000002 0)
(0.02312500000000001 0.080000000000000016 0)
(0.02375 0.080000000000000016 0)
(0.024375000000000001 0.080000000000000016 0)
(0.025000000000000001 0.080000000000000016 0)
(0.025624999999999998 0.080000000000000002 0)
(0.026250000000000009 0.080000000000000016 0)
(0.026875 0.080000000000000002 0)
(0.027500000000000011 0.080000000000000016 0)
(0.028125000000000001 0.080000000000000016 0)
(0.028750000000000001 0.080000000000000016 0)
(0.029375000000000009 0.080000000000000016 0)
(0.029999999999999999 0.080000000000000002 0)
(0.030624999999999999 0.080000000000000016 0)
(0.03125 0.080000000000000002 0)
(0.031874999999999987 0.080000000000000016 0)
(0.032500000000000001 0.080000000000000016 0)
(0.033124999999999988 0.080000000000000002 0)
(0 0.080625000000000002 0)
(0.00062500000000000012 0.080625000000000002 0)
(0.00125 0.080625000000000016 0)
(0.0018749999999999999 0.080625000000000002 0)
(0.0025000000000000001 0.080624999999999988 0)
(0.003125000000000001 0.080625000000000016 0)
(0.0037499999999999999 0.080625000000000002 0)
(0.0043750000000000004 0.080625000000000002 0)
(0.005000000000000001 0.080625000000000016 0)
(0.0056250000000000024 0.080625000000000002 0)
(0.0062500000000000012 0.080625000000000002 0)
(0.0068750000000000018 0.080625000000000002 0)
(0.0074999999999999997 0.080625000000000002 0)
(0.0081250000000000003 0.080625000000000002 0)
(0.0087499999999999991 0.080625000000000002 0)
(0.0093750000000000014 0.080625000000000002 0)
(0.01 0.080625000000000016 0)
(0.010625000000000001 0.080625000000000002 0)
(0.01125 0.080625000000000002 0)
(0.011875 0.080625000000000002 0)
(0.012500000000000001 0.080625000000000002 0)
(0.013125 0.080625000000000002 0)
(0.01375 0.080625000000000016 0)
(0.014375000000000001 0.080625000000000002 0)
(0.014999999999999999 0.080625000000000002 0)
(0.015625 0.080625000000000002 0)
(0.016250000000000001 0.080625000000000002 0)
(0.016875000000000001 0.080625000000000016 0)
(0.017500000000000002 0.080625000000000002 0)
(0.018124999999999999 0.080625000000000002 0)
(0.018749999999999999 0.080625000000000002 0)
(0.019375 0.080625000000000016 0)
(0.02 0.080625000000000002 0)
(0.020625000000000001 0.080624999999999988 0)
(0.021250000000000002 0.080625000000000016 0)
(0.021874999999999999 0.080625000000000002 0)
(0.02250000000000001 0.080625000000000002 0)
(0.02312500000000001 0.080625000000000016 0)
(0.02375 0.080625000000000002 0)
(0.024375000000000001 0.080625000000000002 0)
(0.025000000000000001 0.080625000000000002 0)
(0.025624999999999998 0.080625000000000002 0)
(0.026250000000000009 0.080625000000000016 0)
(0.026875 0.080625000000000002 0)
(0.027500000000000011 0.080625000000000002 0)
(0.028125000000000001 0.080625000000000002 0)
(0.028750000000000001 0.080625000000000002 0)
(0.029374999999999998 0.080625000000000002 0)
(0.029999999999999999 0.080625000000000002 0)
(0.030624999999999999 0.080625000000000002 0)
(0.03125 0.080625000000000002 0)
(0.031875000000000001 0.080625000000000002 0)
(0.032500000000000001 0.080625000000000002 0)
(0.033125000000000002 0.080625000000000002 0)
(0 0.081250000000000003 0)
(0.00062500000000000001 0.081250000000000003 0)
(0.00125 0.081250000000000003 0)
(0.0018749999999999999 0.081250000000000003 0)
(0.0025000000000000001 0.081250000000000003 0)
(0.0031250000000000002 0.081250000000000003 0)
(0.0037499999999999999 0.081250000000000017 0)
(0.0043750000000000004 0.081249999999999989 0)
(0.005000000000000001 0.081250000000000003 0)
(0.0056250000000000024 0.081250000000000003 0)
(0.0062499999999999986 0.081249999999999989 0)
(0.0068750000000000018 0.081250000000000003 0)
(0.0074999999999999997 0.081250000000000017 0)
(0.0081250000000000003 0.081249999999999989 0)
(0.0087500000000000008 0.081250000000000003 0)
(0.0093750000000000014 0.081250000000000017 0)
(0.01 0.081250000000000003 0)
(0.010625000000000001 0.081250000000000003 0)
(0.01125 0.081250000000000017 0)
(0.011875 0.081250000000000003 0)
(0.012500000000000001 0.081250000000000003 0)
(0.013125 0.081250000000000003 0)
(0.01375 0.081250000000000003 0)
(0.014375000000000001 0.081250000000000003 0)
(0.014999999999999999 0.081250000000000003 0)
(0.015625 0.081250000000000003 0)
(0.016250000000000001 0.081250000000000003 0)
(0.016875000000000001 0.081250000000000003 0)
(0.017500000000000002 0.081250000000000003 0)
(0.018124999999999999 0.081250000000000003 0)
(0.018749999999999999 0.081250000000000003 0)
(0.019375 0.081250000000000017 0)
(0.02 0.081249999999999989 0)
(0.020625000000000001 0.081250000000000003 0)
(0.021250000000000002 0.081250000000000017 0)
(0.021874999999999999 0.081249999999999989 0)
(0.022499999999999999 0.081250000000000003 0)
(0.023125 0.081250000000000017 0)
(0.02375 0.081249999999999989 0)
(0.024375000000000001 0.081250000000000003 0)
(0.025000000000000001 0.081250000000000017 0)
(0.025624999999999998 0.081250000000000003 0)
(0.026250000000000009 0.081250000000000003 0)
(0.026875 0.081250000000000003 0)
(0.027500000000000011 0.081250000000000003 0)
(0.028125000000000001 0.081250000000000003 0)
(0.028750000000000001 0.081250000000000003 0)
(0.029374999999999998 0.081250000000000003 0)
(0.029999999999999999 0.081250000000000003 0)
(0.030624999999999999 0.081250000000000017 0)
(0.03125 0.081250000000000003 0)
(0.031875000000000001 0.081250000000000017 0)
(0.032500000000000001 0.081250000000000017 0)
(0.033125000000000002 0.081250000000000003 0)
(0 0.081875000000000003 0)
(0.00062500000000000012 0.081875000000000003 0)
(0.00125 0.081875000000000003 0)
(0.0018749999999999999 0.081875000000000003 0)
(0.0025000000000000001 0.081875000000000003 0)
(0.003125000000000001 0.081875000000000003 0)
(0.0037499999999999999 0.081875000000000017 0)
(0.0043750000000000004 0.081875000000000017 0)
(0.005000000000000001 0.081875000000000003 0)
(0.0056250000000000007 0.081875000000000017 0)
(0.0062500000000000012 0.081875000000000017 0)
(0.006875 0.081875000000000017 0)
(0.0074999999999999997 0.081875000000000017 0)
(0.0081250000000000003 0.081875000000000017 0)
(0.0087499999999999991 0.081875000000000017 0)
(0.0093750000000000014 0.081875000000000017 0)
(0.01 0.081875000000000017 0)
(0.010625000000000001 0.081874999999999989 0)
(0.01125 0.081874999999999989 0)
(0.011875 0.081874999999999989 0)
(0.012500000000000001 0.081874999999999989 0)
(0.013125 0.081874999999999989 0)
(0.01375 0.081874999999999989 0)
(0.014375000000000001 0.081874999999999989 0)
(0.014999999999999999 0.081874999999999989 0)
(0.015625 0.081874999999999989 0)
(0.016250000000000001 0.081874999999999989 0)
(0.016875000000000001 0.081875000000000017 0)
(0.017500000000000002 0.081874999999999989 0)
(0.018124999999999999 0.081874999999999989 0)
(0.018749999999999999 0.081874999999999989 0)
(0.019375 0.081875000000000017 0)
(0.02 0.081875000000000017 0)
(0.020625000000000001 0.081875000000000003 0)
(0.021250000000000002 0.081875000000000017 0)
(0.021874999999999999 0.081875000000000003 0)
(0.022499999999999999 0.081875000000000003 0)
(0.023125 0.081875000000000017 0)
(0.02375 0.081875000000000003 0)
(0.024375000000000001 0.081875000000000003 0)
(0.025000000000000001 0.081875000000000003 0)
(0.025624999999999998 0.081875000000000003 0)
(0.026250000000000009 0.081875000000000017 0)
(0.026875 0.081875000000000017 0)
(0.027500000000000011 0.081875000000000003 0)
(0.028125000000000001 0.081875000000000017 0)
(0.028750000000000001 0.081874999999999989 0)
(0.029374999999999998 0.081875000000000017 0)
(0.029999999999999999 0.081874999999999989 0)
(0.030624999999999999 0.081874999999999989 0)
(0.03125 0.081874999999999989 0)
(0.031874999999999987 0.081874999999999989 0)
(0.032500000000000001 0.081875000000000003 0)
(0.033124999999999988 0.081874999999999989 0)
(0 0.082500000000000004 0)
(0.00062500000000000012 0.082500000000000004 0)
(0.00125 0.082500000000000004 0)
(0.0018749999999999999 0.082500000000000004 0)
(0.0025000000000000001 0.082500000000000004 0)
(0.003125000000000001 0.08249999999999999 0)
(0.0037499999999999999 0.082500000000000018 0)
(0.0043750000000000004 0.082500000000000004 0)
(0.005000000000000001 0.08249999999999999 0)
(0.0056250000000000024 0.082500000000000018 0)
(0.0062500000000000012 0.082500000000000004 0)
(0.0068750000000000018 0.082500000000000004 0)
(0.0074999999999999997 0.082500000000000018 0)
(0.0081250000000000003 0.082500000000000004 0)
(0.0087499999999999991 0.082500000000000004 0)
(0.0093749999999999997 0.082500000000000004 0)
(0.01 0.082500000000000004 0)
(0.010625000000000001 0.082500000000000004 0)
(0.01125 0.082500000000000004 0)
(0.011875 0.082500000000000004 0)
(0.012500000000000001 0.082500000000000004 0)
(0.013125 0.082500000000000004 0)
(0.01375 0.082500000000000004 0)
(0.014375000000000001 0.082500000000000004 0)
(0.014999999999999999 0.082500000000000004 0)
(0.015625 0.08249999999999999 0)
(0.016250000000000001 0.082500000000000018 0)
(0.016875000000000001 0.082500000000000004 0)
(0.017500000000000002 0.08249999999999999 0)
(0.018124999999999999 0.082500000000000018 0)
(0.018749999999999999 0.082500000000000004 0)
(0.019375 0.082500000000000004 0)
(0.02 0.082500000000000018 0)
(0.020625000000000001 0.082500000000000004 0)
(0.021250000000000002 0.082500000000000004 0)
(0.021874999999999999 0.082500000000000004 0)
(0.022499999999999999 0.082500000000000004 0)
(0.02312500000000001 0.082500000000000018 0)
(0.02375 0.082500000000000004 0)
(0.024375000000000001 0.082500000000000004 0)
(0.025000000000000001 0.082500000000000004 0)
(0.025624999999999998 0.082500000000000004 0)
(0.026250000000000009 0.082500000000000004 0)
(0.026875 0.082500000000000004 0)
(0.027500000000000011 0.082500000000000004 0)
(0.028125000000000001 0.082500000000000004 0)
(0.028750000000000001 0.082500000000000018 0)
(0.029374999999999998 0.082500000000000004 0)
(0.029999999999999999 0.08249999999999999 0)
(0.030624999999999999 0.082500000000000018 0)
(0.03125 0.082500000000000004 0)
(0.031875000000000001 0.082500000000000004 0)
(0.032500000000000001 0.082500000000000018 0)
(0.033125000000000002 0.082500000000000004 0)
(0 0.083125000000000004 0)
(0.00062500000000000001 0.083125000000000018 0)
(0.00125 0.083125000000000004 0)
(0.0018749999999999999 0.083125000000000004 0)
(0.0025000000000000001 0.083125000000000004 0)
(0.003125000000000001 0.083125000000000004 0)
(0.0037499999999999999 0.083125000000000004 0)
(0.0043750000000000004 0.083125000000000004 0)
(0.005000000000000001 0.083125000000000004 0)
(0.0056250000000000007 0.083125000000000004 0)
(0.0062500000000000012 0.083125000000000004 0)
(0.006875 0.083125000000000004 0)
(0.0074999999999999997 0.083125000000000018 0)
(0.0081250000000000003 0.083125000000000004 0)
(0.0087499999999999991 0.083125000000000004 0)
(0.0093750000000000014 0.083124999999999991 0)
(0.01 0.083125000000000004 0)
(0.010625000000000001 0.083125000000000018 0)
(0.01125 0.083124999999999991 0)
(0.011875 0.083125000000000004 0)
(0.012500000000000001 0.083125000000000004 0)
(0.013125 0.083125000000000004 0)
(0.01375 0.083125000000000004 0)
(0.014375000000000001 0.083125000000000004 0)
(0.014999999999999999 0.083125000000000004 0)
(0.015625 0.083125000000000004 0)
(0.016250000000000001 0.083125000000000004 0)
(0.016875000000000001 0.083125000000000018 0)
(0.017500000000000002 0.083124999999999991 0)
(0.018124999999999999 0.083125000000000004 0)
(0.018749999999999999 0.083125000000000004 0)
(0.019375 0.083124999999999991 0)
(0.02 0.083125000000000004 0)
(0.020625000000000001 0.083125000000000004 0)
(0.021250000000000002 0.083124999999999991 0)
(0.021874999999999999 0.083125000000000004 0)
(0.022499999999999999 0.083125000000000004 0)
(0.02312500000000001 0.083125000000000018 0)
(0.02375 0.083125000000000004 0)
(0.024375000000000001 0.083125000000000004 0)
(0.025000000000000001 0.083125000000000004 0)
(0.025624999999999998 0.083125000000000004 0)
(0.026250000000000009 0.083125000000000004 0)
(0.026875 0.083125000000000004 0)
(0.0275 0.083125000000000004 0)
(0.028125000000000001 0.083125000000000004 0)
(0.028750000000000001 0.083125000000000004 0)
(0.029374999999999998 0.083125000000000018 0)
(0.029999999999999999 0.083125000000000004 0)
(0.030624999999999999 0.083125000000000004 0)
(0.03125 0.083125000000000004 0)
(0.031875000000000001 0.083125000000000004 0)
(0.032500000000000001 0.083125000000000018 0)
(0.033125000000000002 0.083125000000000004 0)
(0 0.083750000000000005 0)
(0.00062500000000000012 0.083750000000000005 0)
(0.00125 0.083749999999999991 0)
(0.0018749999999999999 0.083750000000000005 0)
(0.0025000000000000001 0.083750000000000005 0)
(0.0031250000000000002 0.083750000000000005 0)
(0.0037499999999999999 0.083750000000000033 0)
(0.0043750000000000004 0.083750000000000033 0)
(0.005000000000000001 0.083750000000000005 0)
(0.0056250000000000007 0.083750000000000033 0)
(0.0062499999999999986 0.083750000000000033 0)
(0.0068750000000000018 0.083750000000000033 0)
(0.0074999999999999997 0.083750000000000005 0)
(0.0081250000000000003 0.083749999999999991 0)
(0.0087500000000000008 0.083750000000000005 0)
(0.0093750000000000014 0.083750000000000005 0)
(0.01 0.083750000000000005 0)
(0.010625000000000001 0.083750000000000005 0)
(0.01125 0.083750000000000005 0)
(0.011875 0.083750000000000005 0)
(0.012500000000000001 0.083750000000000005 0)
(0.013125 0.083750000000000005 0)
(0.01375 0.083750000000000005 0)
(0.014375000000000001 0.083750000000000005 0)
(0.014999999999999999 0.083750000000000005 0)
(0.015625 0.083750000000000005 0)
(0.016250000000000001 0.083750000000000005 0)
(0.016875000000000001 0.083750000000000033 0)
(0.017500000000000002 0.083750000000000005 0)
(0.018124999999999999 0.083750000000000005 0)
(0.018749999999999999 0.083750000000000033 0)
(0.019375 0.083749999999999991 0)
(0.02 0.083749999999999991 0)
(0.020625000000000001 0.083749999999999991 0)
(0.021250000000000002 0.083749999999999991 0)
(0.021874999999999999 0.083749999999999991 0)
(0.02250000000000001 0.083749999999999991 0)
(0.023125 0.083750000000000005 0)
(0.02375 0.083749999999999991 0)
(0.024375000000000001 0.083750000000000005 0)
(0.025000000000000001 0.083750000000000005 0)
(0.025624999999999998 0.083750000000000005 0)
(0.026250000000000009 0.083750000000000005 0)
(0.026875 0.083750000000000005 0)
(0.027500000000000011 0.083750000000000005 0)
(0.028125000000000001 0.083750000000000005 0)
(0.028750000000000001 0.083750000000000005 0)
(0.029375000000000009 0.083750000000000033 0)
(0.029999999999999999 0.083750000000000005 0)
(0.03062500000000001 0.083750000000000033 0)
(0.03125 0.083750000000000005 0)
(0.031875000000000001 0.083750000000000033 0)
(0.032500000000000001 0.083750000000000033 0)
(0.033125000000000002 0.083749999999999991 0)
(0 0.084375000000000019 0)
(0.00062500000000000012 0.084375000000000019 0)
(0.00125 0.084375000000000019 0)
(0.0018749999999999999 0.084375000000000019 0)
(0.0025000000000000001 0.084375000000000019 0)
(0.003125000000000001 0.084374999999999992 0)
(0.0037499999999999999 0.084375000000000019 0)
(0.0043750000000000004 0.084375000000000019 0)
(0.005000000000000001 0.084374999999999992 0)
(0.0056250000000000007 0.084375000000000019 0)
(0.0062500000000000012 0.084375000000000019 0)
(0.0068750000000000018 0.084375000000000019 0)
(0.0074999999999999997 0.084375000000000019 0)
(0.0081250000000000003 0.084375000000000019 0)
(0.0087499999999999991 0.084375000000000019 0)
(0.0093750000000000014 0.084375000000000019 0)
(0.01 0.084374999999999992 0)
(0.010625000000000001 0.084375000000000019 0)
(0.01125 0.084374999999999992 0)
(0.011875 0.084374999999999992 0)
(0.012500000000000001 0.084375000000000019 0)
(0.013125 0.084375000000000019 0)
(0.01375 0.084375000000000019 0)
(0.014375000000000001 0.084374999999999992 0)
(0.014999999999999999 0.084375000000000019 0)
(0.015625 0.084375000000000019 0)
(0.016250000000000001 0.084374999999999992 0)
(0.016875000000000001 0.084375000000000019 0)
(0.017500000000000002 0.084375000000000019 0)
(0.018124999999999999 0.084374999999999992 0)
(0.018749999999999999 0.084374999999999992 0)
(0.019375 0.084375000000000019 0)
(0.02 0.084375000000000019 0)
(0.020625000000000001 0.084374999999999992 0)
(0.021250000000000002 0.084375000000000019 0)
(0.021874999999999999 0.084375000000000019 0)
(0.022499999999999999 0.084375000000000019 0)
(0.02312500000000001 0.084375000000000019 0)
(0.02375 0.084375000000000019 0)
(0.024375000000000001 0.084375000000000019 0)
(0.025000000000000001 0.084374999999999992 0)
(0.025624999999999998 0.084374999999999992 0)
(0.026250000000000009 0.084375000000000019 0)
(0.026875 0.084374999999999992 0)
(0.027500000000000011 0.084374999999999992 0)
(0.028125000000000001 0.084375000000000019 0)
(0.028750000000000001 0.084375000000000019 0)
(0.029374999999999998 0.084375000000000019 0)
(0.029999999999999999 0.084375000000000019 0)
(0.030624999999999999 0.084375000000000019 0)
(0.03125 0.084375000000000019 0)
(0.031874999999999987 0.084374999999999992 0)
(0.032500000000000001 0.084375000000000019 0)
(0.033125000000000002 0.084375000000000019 0)
(0 0.085000000000000006 0)
(0.00062500000000000012 0.08500000000000002 0)
(0.00125 0.085000000000000006 0)
(0.0018749999999999999 0.085000000000000006 0)
(0.0025000000000000001 0.085000000000000006 0)
(0.003125000000000001 0.085000000000000006 0)
(0.0037499999999999999 0.08500000000000002 0)
(0.0043750000000000004 0.08500000000000002 0)
(0.005000000000000001 0.085000000000000006 0)
(0.0056250000000000007 0.08500000000000002 0)
(0.0062500000000000012 0.085000000000000006 0)
(0.0068750000000000018 0.085000000000000006 0)
(0.0074999999999999997 0.085000000000000006 0)
(0.0081250000000000003 0.085000000000000006 0)
(0.0087499999999999991 0.085000000000000006 0)
(0.0093750000000000014 0.085000000000000006 0)
(0.01 0.08500000000000002 0)
(0.010625000000000001 0.08500000000000002 0)
(0.01125 0.085000000000000006 0)
(0.011875 0.08500000000000002 0)
(0.012500000000000001 0.085000000000000006 0)
(0.013125 0.085000000000000006 0)
(0.01375 0.085000000000000006 0)
(0.014375000000000001 0.085000000000000006 0)
(0.014999999999999999 0.085000000000000006 0)
(0.015625 0.085000000000000006 0)
(0.016250000000000001 0.08500000000000002 0)
(0.016875000000000001 0.085000000000000006 0)
(0.017500000000000002 0.085000000000000006 0)
(0.018124999999999999 0.08500000000000002 0)
(0.018749999999999999 0.085000000000000006 0)
(0.019375 0.085000000000000006 0)
(0.02 0.08500000000000002 0)
(0.020625000000000001 0.085000000000000006 0)
(0.021250000000000002 0.085000000000000006 0)
(0.021874999999999999 0.085000000000000006 0)
(0.02250000000000001 0.085000000000000006 0)
(0.023125 0.085000000000000006 0)
(0.02375 0.085000000000000006 0)
(0.024375000000000001 0.085000000000000006 0)
(0.025000000000000001 0.085000000000000006 0)
(0.025624999999999998 0.085000000000000006 0)
(0.026250000000000009 0.08500000000000002 0)
(0.026875 0.085000000000000006 0)
(0.027500000000000011 0.085000000000000006 0)
(0.028125000000000001 0.085000000000000006 0)
(0.028750000000000001 0.085000000000000006 0)
(0.029374999999999998 0.08500000000000002 0)
(0.029999999999999999 0.085000000000000006 0)
(0.03062500000000001 0.085000000000000006 0)
(0.03125 0.085000000000000006 0)
(0.031875000000000001 0.085000000000000006 0)
(0.032500000000000001 0.08500000000000002 0)
(0.033124999999999988 0.085000000000000006 0)
(0 0.085625000000000007 0)
(0.00062500000000000012 0.085625000000000007 0)
(0.00125 0.085625000000000007 0)
(0.0018749999999999999 0.085625000000000007 0)
(0.0025000000000000001 0.085625000000000007 0)
(0.003125000000000001 0.085625000000000007 0)
(0.0037499999999999999 0.085625000000000007 0)
(0.0043750000000000004 0.085625000000000007 0)
(0.005000000000000001 0.085625000000000007 0)
(0.0056250000000000007 0.085624999999999993 0)
(0.0062500000000000012 0.085624999999999993 0)
(0.0068750000000000018 0.085625000000000007 0)
(0.0074999999999999997 0.085625000000000007 0)
(0.0081250000000000003 0.085624999999999993 0)
(0.0087499999999999991 0.085625000000000007 0)
(0.0093749999999999997 0.085625000000000007 0)
(0.01 0.085625000000000007 0)
(0.010625000000000001 0.085625000000000007 0)
(0.01125 0.085625000000000007 0)
(0.011875 0.085625000000000007 0)
(0.012500000000000001 0.085625000000000007 0)
(0.013125 0.085625000000000021 0)
(0.01375 0.085625000000000021 0)
(0.014375000000000001 0.085625000000000007 0)
(0.014999999999999999 0.085625000000000007 0)
(0.015625 0.085625000000000007 0)
(0.016250000000000001 0.085625000000000007 0)
(0.016875000000000001 0.085625000000000007 0)
(0.017500000000000002 0.085625000000000007 0)
(0.018124999999999999 0.085625000000000007 0)
(0.018749999999999999 0.085625000000000007 0)
(0.019375 0.085625000000000007 0)
(0.02 0.085625000000000007 0)
(0.020625000000000001 0.085625000000000007 0)
(0.021250000000000002 0.085625000000000007 0)
(0.021874999999999999 0.085625000000000007 0)
(0.022499999999999999 0.085625000000000007 0)
(0.02312500000000001 0.085625000000000007 0)
(0.02375 0.085625000000000007 0)
(0.024375000000000001 0.085625000000000007 0)
(0.025000000000000001 0.085625000000000007 0)
(0.025624999999999998 0.085624999999999993 0)
(0.026250000000000009 0.085625000000000007 0)
(0.026875 0.085624999999999993 0)
(0.027500000000000011 0.085625000000000007 0)
(0.028125000000000001 0.085625000000000007 0)
(0.028750000000000001 0.085625000000000007 0)
(0.029374999999999998 0.085625000000000007 0)
(0.029999999999999999 0.085625000000000007 0)
(0.030624999999999999 0.085625000000000007 0)
(0.03125 0.085625000000000007 0)
(0.031875000000000001 0.085625000000000007 0)
(0.032500000000000001 0.085625000000000021 0)
(0.033125000000000002 0.085625000000000007 0)
(0 0.086250000000000007 0)
(0.00062500000000000012 0.086250000000000007 0)
(0.00125 0.086250000000000007 0)
(0.0018749999999999999 0.086250000000000007 0)
(0.0025000000000000001 0.086250000000000007 0)
(0.0031250000000000002 0.086249999999999993 0)
(0.0037499999999999999 0.086250000000000007 0)
(0.0043750000000000004 0.086250000000000007 0)
(0.005000000000000001 0.086249999999999993 0)
(0.0056250000000000007 0.086250000000000007 0)
(0.0062499999999999986 0.086250000000000007 0)
(0.0068750000000000018 0.086250000000000007 0)
(0.0074999999999999997 0.086250000000000007 0)
(0.0081250000000000003 0.086249999999999993 0)
(0.0087499999999999991 0.086250000000000007 0)
(0.0093750000000000014 0.086250000000000007 0)
(0.01 0.086250000000000007 0)
(0.010625000000000001 0.086250000000000035 0)
(0.01125 0.086250000000000007 0)
(0.011875 0.086250000000000007 0)
(0.012500000000000001 0.086250000000000007 0)
(0.013125 0.086250000000000007 0)
(0.01375 0.086250000000000007 0)
(0.014375000000000001 0.086250000000000007 0)
(0.014999999999999999 0.086249999999999993 0)
(0.015625 0.086250000000000007 0)
(0.016250000000000001 0.086250000000000007 0)
(0.016875000000000001 0.086250000000000007 0)
(0.017500000000000002 0.086250000000000007 0)
(0.018124999999999999 0.086250000000000007 0)
(0.018749999999999999 0.086250000000000007 0)
(0.019375 0.086250000000000007 0)
(0.02 0.086249999999999993 0)
(0.020625000000000001 0.086250000000000007 0)
(0.021250000000000002 0.086250000000000007 0)
(0.021874999999999999 0.086249999999999993 0)
(0.022499999999999999 0.086250000000000007 0)
(0.023125 0.086250000000000007 0)
(0.02375 0.086250000000000007 0)
(0.024375000000000001 0.086250000000000007 0)
(0.025000000000000001 0.086250000000000007 0)
(0.025624999999999998 0.086250000000000007 0)
(0.026250000000000009 0.086250000000000007 0)
(0.026875 0.086249999999999993 0)
(0.027500000000000011 0.086250000000000007 0)
(0.028125000000000001 0.086250000000000007 0)
(0.028750000000000001 0.086250000000000007 0)
(0.029374999999999998 0.086250000000000007 0)
(0.029999999999999999 0.086250000000000007 0)
(0.030624999999999999 0.086250000000000007 0)
(0.03125 0.086250000000000007 0)
(0.031875000000000001 0.086249999999999993 0)
(0.032500000000000001 0.086250000000000007 0)
(0.033125000000000002 0.086250000000000007 0)
(0 0.086874999999999994 0)
(0.00062500000000000012 0.086875000000000022 0)
(0.00125 0.086874999999999994 0)
(0.0018749999999999999 0.086874999999999994 0)
(0.0025000000000000001 0.086874999999999994 0)
(0.003125000000000001 0.086874999999999994 0)
(0.0037499999999999999 0.086875000000000022 0)
(0.0043750000000000004 0.086874999999999994 0)
(0.005000000000000001 0.086874999999999994 0)
(0.0056250000000000007 0.086874999999999994 0)
(0.0062500000000000012 0.086874999999999994 0)
(0.006875 0.086875000000000022 0)
(0.0074999999999999997 0.086875000000000022 0)
(0.0081250000000000003 0.086875000000000022 0)
(0.0087499999999999991 0.086874999999999994 0)
(0.0093750000000000014 0.086874999999999994 0)
(0.01 0.086875000000000022 0)
(0.010625000000000001 0.086874999999999994 0)
(0.01125 0.086874999999999994 0)
(0.011875 0.086874999999999994 0)
(0.012500000000000001 0.086874999999999994 0)
(0.013125 0.086874999999999994 0)
(0.01375 0.086875000000000022 0)
(0.014375000000000001 0.086875000000000022 0)
(0.014999999999999999 0.086874999999999994 0)
(0.015625 0.086874999999999994 0)
(0.016250000000000001 0.086874999999999994 0)
(0.016875000000000001 0.086874999999999994 0)
(0.017500000000000002 0.086874999999999994 0)
(0.018124999999999999 0.086874999999999994 0)
(0.018749999999999999 0.086875000000000022 0)
(0.019375 0.086874999999999994 0)
(0.02 0.086875000000000022 0)
(0.020625000000000001 0.086875000000000022 0)
(0.021250000000000002 0.086874999999999994 0)
(0.021874999999999999 0.086874999999999994 0)
(0.022499999999999999 0.086874999999999994 0)
(0.02312500000000001 0.086875000000000022 0)
(0.02375 0.086875000000000022 0)
(0.024375000000000001 0.086874999999999994 0)
(0.025000000000000001 0.086875000000000022 0)
(0.025624999999999998 0.086874999999999994 0)
(0.026250000000000009 0.086874999999999994 0)
(0.026875 0.086875000000000022 0)
(0.0275 0.086874999999999994 0)
(0.028125000000000001 0.086874999999999994 0)
(0.028750000000000001 0.086874999999999994 0)
(0.029374999999999998 0.086875000000000022 0)
(0.029999999999999999 0.086874999999999994 0)
(0.030624999999999999 0.086874999999999994 0)
(0.03125 0.086875000000000022 0)
(0.031874999999999987 0.086874999999999994 0)
(0.032500000000000001 0.086874999999999994 0)
(0.033125000000000002 0.086874999999999994 0)
(0 0.087500000000000008 0)
(0.00062500000000000012 0.087500000000000008 0)
(0.00125 0.087500000000000022 0)
(0.0018749999999999999 0.087500000000000008 0)
(0.0025000000000000001 0.087500000000000022 0)
(0.003125000000000001 0.087500000000000022 0)
(0.0037499999999999999 0.087500000000000022 0)
(0.0043750000000000004 0.087500000000000008 0)
(0.005000000000000001 0.087500000000000008 0)
(0.0056250000000000007 0.087500000000000008 0)
(0.0062500000000000012 0.087500000000000008 0)
(0.0068750000000000018 0.087500000000000008 0)
(0.0074999999999999997 0.087500000000000008 0)
(0.0081250000000000003 0.087500000000000008 0)
(0.0087499999999999991 0.087500000000000008 0)
(0.0093750000000000014 0.087500000000000008 0)
(0.01 0.087500000000000008 0)
(0.010625000000000001 0.087500000000000022 0)
(0.01125 0.087500000000000008 0)
(0.011875 0.087499999999999981 0)
(0.012500000000000001 0.087499999999999981 0)
(0.013125 0.087499999999999981 0)
(0.01375 0.087500000000000022 0)
(0.014375000000000001 0.087500000000000008 0)
(0.014999999999999999 0.087500000000000008 0)
(0.015625 0.087500000000000008 0)
(0.016250000000000001 0.087500000000000008 0)
(0.016875000000000001 0.087500000000000022 0)
(0.017500000000000002 0.087500000000000008 0)
(0.018124999999999999 0.087500000000000008 0)
(0.018749999999999999 0.087500000000000022 0)
(0.019375 0.087500000000000022 0)
(0.02 0.087500000000000022 0)
(0.020625000000000001 0.087500000000000008 0)
(0.021250000000000002 0.087500000000000008 0)
(0.021874999999999999 0.087500000000000008 0)
(0.022499999999999999 0.087500000000000008 0)
(0.02312500000000001 0.087500000000000008 0)
(0.02375 0.087500000000000008 0)
(0.024375000000000001 0.087500000000000008 0)
(0.025000000000000001 0.087500000000000008 0)
(0.025624999999999998 0.087500000000000008 0)
(0.026250000000000009 0.087500000000000022 0)
(0.026875 0.087500000000000022 0)
(0.027500000000000011 0.087500000000000022 0)
(0.028125000000000001 0.087499999999999981 0)
(0.028750000000000001 0.087500000000000008 0)
(0.029374999999999998 0.087500000000000008 0)
(0.029999999999999999 0.087499999999999981 0)
(0.030624999999999999 0.087500000000000008 0)
(0.03125 0.087500000000000008 0)
(0.031875000000000001 0.087500000000000008 0)
(0.032500000000000001 0.087500000000000008 0)
(0.033125000000000002 0.087500000000000008 0)
(0 0.088125000000000009 0)
(0.00062500000000000012 0.088125000000000009 0)
(0.00125 0.088125000000000009 0)
(0.0018749999999999999 0.088125000000000009 0)
(0.0025000000000000001 0.088125000000000009 0)
(0.003125000000000001 0.088125000000000009 0)
(0.0037499999999999999 0.088125000000000009 0)
(0.0043750000000000004 0.088125000000000023 0)
(0.005000000000000001 0.088125000000000009 0)
(0.0056250000000000007 0.088124999999999995 0)
(0.0062500000000000012 0.088125000000000009 0)
(0.0068750000000000018 0.088125000000000009 0)
(0.0074999999999999997 0.088125000000000009 0)
(0.0081250000000000003 0.088125000000000009 0)
(0.0087499999999999991 0.088124999999999995 0)
(0.0093750000000000014 0.088125000000000009 0)
(0.01 0.088125000000000009 0)
(0.010625000000000001 0.088125000000000009 0)
(0.01125 0.088125000000000009 0)
(0.011875 0.088125000000000009 0)
(0.012500000000000001 0.088125000000000009 0)
(0.013125 0.088125000000000009 0)
(0.01375 0.088125000000000009 0)
(0.014375000000000001 0.088125000000000009 0)
(0.014999999999999999 0.088125000000000009 0)
(0.015625 0.088125000000000009 0)
(0.016250000000000001 0.088125000000000023 0)
(0.016875000000000001 0.088125000000000009 0)
(0.017500000000000002 0.088125000000000009 0)
(0.018124999999999999 0.088125000000000009 0)
(0.018749999999999999 0.088125000000000009 0)
(0.019375 0.088125000000000009 0)
(0.02 0.088125000000000009 0)
(0.020625000000000001 0.088124999999999995 0)
(0.021250000000000002 0.088125000000000009 0)
(0.021875000000000009 0.088125000000000009 0)
(0.022499999999999999 0.088125000000000009 0)
(0.02312500000000001 0.088125000000000009 0)
(0.02375 0.088125000000000009 0)
(0.024375000000000001 0.088125000000000009 0)
(0.025000000000000001 0.088125000000000009 0)
(0.025624999999999998 0.088125000000000009 0)
(0.026250000000000009 0.088125000000000009 0)
(0.026875 0.088125000000000009 0)
(0.027500000000000011 0.088125000000000009 0)
(0.028125000000000001 0.088125000000000009 0)
(0.028750000000000001 0.088124999999999995 0)
(0.029374999999999998 0.088125000000000023 0)
(0.029999999999999999 0.088125000000000009 0)
(0.030624999999999999 0.088125000000000009 0)
(0.03125 0.088125000000000009 0)
(0.031875000000000001 0.088125000000000009 0)
(0.032500000000000001 0.088125000000000009 0)
(0.033125000000000009 0.088125000000000009 0)
(0 0.088749999999999996 0)
(0.00062500000000000012 0.088750000000000009 0)
(0.00125 0.088749999999999996 0)
(0.0018749999999999999 0.088749999999999996 0)
(0.0025000000000000001 0.088749999999999996 0)
(0.003125000000000001 0.088749999999999996 0)
(0.003749999999999999 0.088749999999999996 0)
(0.0043750000000000004 0.088749999999999996 0)
(0.005000000000000001 0.088750000000000009 0)
(0.0056250000000000007 0.088749999999999996 0)
(0.0062500000000000012 0.088749999999999996 0)
(0.0068750000000000018 0.088749999999999996 0)
(0.0074999999999999997 0.088749999999999996 0)
(0.0081250000000000003 0.088749999999999982 0)
(0.0087499999999999991 0.088749999999999996 0)
(0.0093750000000000014 0.088750000000000009 0)
(0.01 0.088749999999999996 0)
(0.010625000000000001 0.088749999999999996 0)
(0.01125 0.088749999999999996 0)
(0.011875 0.088750000000000009 0)
(0.012500000000000001 0.088749999999999996 0)
(0.013125 0.088749999999999996 0)
(0.01375 0.088750000000000009 0)
(0.014375000000000001 0.088749999999999996 0)
(0.014999999999999999 0.088749999999999996 0)
(0.015625 0.088749999999999996 0)
(0.016250000000000001 0.088749999999999996 0)
(0.016875000000000001 0.088749999999999996 0)
(0.017500000000000002 0.088749999999999996 0)
(0.018124999999999999 0.088750000000000009 0)
(0.018749999999999999 0.088749999999999996 0)
(0.019375 0.088749999999999996 0)
(0.02 0.088749999999999996 0)
(0.020625000000000001 0.088749999999999996 0)
(0.021250000000000002 0.088749999999999996 0)
(0.021875000000000009 0.088749999999999996 0)
(0.022499999999999999 0.088750000000000009 0)
(0.023125 0.088749999999999996 0)
(0.02375 0.088749999999999996 0)
(0.024375000000000001 0.088749999999999996 0)
(0.025000000000000001 0.088749999999999996 0)
(0.025624999999999998 0.088749999999999996 0)
(0.026250000000000009 0.088749999999999996 0)
(0.026875 0.088749999999999996 0)
(0.027500000000000011 0.088749999999999996 0)
(0.028125000000000001 0.088749999999999996 0)
(0.028750000000000001 0.088749999999999996 0)
(0.029374999999999998 0.088749999999999996 0)
(0.029999999999999999 0.088749999999999996 0)
(0.030624999999999999 0.088749999999999996 0)
(0.03125 0.088749999999999996 0)
(0.031874999999999987 0.088749999999999996 0)
(0.032500000000000001 0.088750000000000009 0)
(0.033125000000000002 0.088749999999999996 0)
(0 0.089375000000000024 0)
(0.00062500000000000012 0.089375000000000024 0)
(0.00125 0.089375000000000024 0)
(0.0018749999999999999 0.089375000000000024 0)
(0.0025000000000000001 0.089375000000000024 0)
(0.003125000000000001 0.089375000000000024 0)
(0.0037499999999999999 0.089375000000000024 0)
(0.0043750000000000004 0.089375000000000024 0)
(0.005000000000000001 0.089374999999999996 0)
(0.0056250000000000007 0.089375000000000024 0)
(0.0062500000000000012 0.089375000000000024 0)
(0.0068750000000000018 0.089375000000000024 0)
(0.0074999999999999997 0.089375000000000024 0)
(0.0081250000000000003 0.089375000000000024 0)
(0.0087499999999999991 0.089375000000000024 0)
(0.0093750000000000014 0.089375000000000024 0)
(0.01 0.089374999999999996 0)
(0.010625000000000001 0.089374999999999996 0)
(0.01125 0.089374999999999996 0)
(0.011875 0.089374999999999996 0)
(0.012500000000000001 0.089375000000000024 0)
(0.013125 0.089375000000000024 0)
(0.01375 0.089375000000000024 0)
(0.014375000000000001 0.089375000000000024 0)
(0.014999999999999999 0.089375000000000024 0)
(0.015625 0.089375000000000024 0)
(0.016250000000000001 0.089375000000000024 0)
(0.016875000000000001 0.089375000000000024 0)
(0.017500000000000002 0.089374999999999996 0)
(0.018124999999999999 0.089374999999999996 0)
(0.018749999999999999 0.089374999999999996 0)
(0.019375 0.089375000000000024 0)
(0.02 0.089375000000000024 0)
(0.020625000000000001 0.089375000000000024 0)
(0.021250000000000002 0.089375000000000024 0)
(0.021875000000000009 0.089375000000000024 0)
(0.022499999999999999 0.089375000000000024 0)
(0.023125 0.089375000000000024 0)
(0.02375 0.089374999999999996 0)
(0.024375000000000001 0.089374999999999996 0)
(0.025000000000000001 0.089375000000000024 0)
(0.025624999999999998 0.089375000000000024 0)
(0.026250000000000009 0.089375000000000024 0)
(0.026875 0.089375000000000024 0)
(0.027500000000000011 0.089375000000000024 0)
(0.028125000000000001 0.089375000000000024 0)
(0.028750000000000001 0.089375000000000024 0)
(0.029374999999999998 0.089375000000000024 0)
(0.029999999999999999 0.089375000000000024 0)
(0.030624999999999999 0.089375000000000024 0)
(0.03125 0.089374999999999996 0)
(0.031875000000000001 0.089374999999999996 0)
(0.032500000000000001 0.089375000000000024 0)
(0.033125000000000002 0.089374999999999996 0)
(0 0.090000000000000011 0)
(0.00062500000000000012 0.090000000000000011 0)
(0.00125 0.090000000000000011 0)
(0.0018749999999999999 0.090000000000000011 0)
(0.0025000000000000001 0.090000000000000011 0)
(0.003125000000000001 0.090000000000000011 0)
(0.0037499999999999999 0.090000000000000011 0)
(0.0043750000000000004 0.090000000000000011 0)
(0.005000000000000001 0.090000000000000011 0)
(0.0056250000000000007 0.090000000000000011 0)
(0.0062500000000000012 0.090000000000000011 0)
(0.0068750000000000018 0.090000000000000024 0)
(0.0074999999999999997 0.090000000000000011 0)
(0.0081250000000000003 0.090000000000000011 0)
(0.0087499999999999991 0.090000000000000011 0)
(0.0093750000000000014 0.090000000000000011 0)
(0.01 0.090000000000000024 0)
(0.010625000000000001 0.090000000000000011 0)
(0.01125 0.090000000000000011 0)
(0.011875 0.090000000000000011 0)
(0.012500000000000001 0.090000000000000011 0)
(0.013125 0.090000000000000011 0)
(0.01375 0.090000000000000011 0)
(0.014375000000000001 0.090000000000000011 0)
(0.014999999999999999 0.090000000000000024 0)
(0.015625 0.090000000000000011 0)
(0.016250000000000001 0.090000000000000011 0)
(0.016875000000000001 0.090000000000000011 0)
(0.017500000000000002 0.090000000000000011 0)
(0.018124999999999999 0.090000000000000011 0)
(0.018749999999999999 0.090000000000000011 0)
(0.019375 0.090000000000000024 0)
(0.02 0.090000000000000024 0)
(0.020625000000000001 0.090000000000000011 0)
(0.021250000000000002 0.090000000000000011 0)
(0.021874999999999999 0.090000000000000011 0)
(0.022499999999999999 0.090000000000000011 0)
(0.023125 0.090000000000000024 0)
(0.02375 0.090000000000000011 0)
(0.024375000000000001 0.090000000000000011 0)
(0.025000000000000001 0.090000000000000011 0)
(0.025624999999999998 0.090000000000000011 0)
(0.026250000000000009 0.090000000000000024 0)
(0.026875 0.090000000000000011 0)
(0.027500000000000011 0.090000000000000011 0)
(0.028125000000000001 0.090000000000000024 0)
(0.028750000000000001 0.090000000000000011 0)
(0.029374999999999998 0.090000000000000011 0)
(0.029999999999999999 0.090000000000000011 0)
(0.030624999999999999 0.090000000000000011 0)
(0.03125 0.090000000000000011 0)
(0.031875000000000001 0.090000000000000011 0)
(0.032500000000000001 0.090000000000000024 0)
(0.033125000000000002 0.090000000000000011 0)
(0 0.090625000000000011 0)
(0.00062500000000000012 0.090625000000000025 0)
(0.00125 0.090624999999999997 0)
(0.0018749999999999999 0.090625000000000011 0)
(0.0025000000000000001 0.090625000000000011 0)
(0.003125000000000001 0.090625000000000011 0)
(0.0037499999999999999 0.090624999999999997 0)
(0.0043750000000000004 0.090625000000000011 0)
(0.005000000000000001 0.090625000000000011 0)
(0.0056250000000000007 0.090625000000000011 0)
(0.0062500000000000012 0.090625000000000011 0)
(0.0068750000000000018 0.090625000000000011 0)
(0.0074999999999999997 0.090625000000000011 0)
(0.008125000000000002 0.090624999999999997 0)
(0.0087499999999999991 0.090625000000000011 0)
(0.0093750000000000014 0.090625000000000011 0)
(0.01 0.090625000000000011 0)
(0.010625000000000001 0.090625000000000011 0)
(0.01125 0.090625000000000011 0)
(0.011875 0.090625000000000011 0)
(0.012500000000000001 0.090625000000000011 0)
(0.013125 0.090625000000000011 0)
(0.01375 0.090625000000000011 0)
(0.014375000000000001 0.090625000000000011 0)
(0.014999999999999999 0.090624999999999997 0)
(0.015625 0.090625000000000011 0)
(0.016250000000000001 0.090625000000000025 0)
(0.016875000000000001 0.090624999999999997 0)
(0.017500000000000002 0.090625000000000011 0)
(0.018124999999999999 0.090625000000000011 0)
(0.018749999999999999 0.090625000000000011 0)
(0.019375 0.090625000000000011 0)
(0.02 0.090625000000000011 0)
(0.020625000000000001 0.090625000000000011 0)
(0.021250000000000002 0.090625000000000011 0)
(0.021874999999999999 0.090625000000000011 0)
(0.022499999999999999 0.090625000000000011 0)
(0.023125 0.090625000000000011 0)
(0.02375 0.090624999999999997 0)
(0.024375000000000001 0.090625000000000011 0)
(0.025000000000000001 0.090625000000000011 0)
(0.025624999999999998 0.090625000000000011 0)
(0.026250000000000009 0.090625000000000011 0)
(0.026875 0.090625000000000011 0)
(0.027500000000000011 0.090625000000000011 0)
(0.028125000000000001 0.090624999999999997 0)
(0.028750000000000001 0.090625000000000011 0)
(0.029374999999999998 0.090625000000000011 0)
(0.029999999999999999 0.090625000000000011 0)
(0.030624999999999999 0.090625000000000011 0)
(0.03125 0.090625000000000011 0)
(0.031875000000000001 0.090625000000000025 0)
(0.032500000000000001 0.090624999999999997 0)
(0.033125000000000009 0.090625000000000011 0)
(0 0.091249999999999998 0)
(0.00062500000000000012 0.091249999999999998 0)
(0.00125 0.091249999999999998 0)
(0.0018749999999999999 0.091249999999999998 0)
(0.0025000000000000001 0.091249999999999998 0)
(0.003125000000000001 0.091249999999999984 0)
(0.0037499999999999999 0.091249999999999984 0)
(0.0043750000000000004 0.091249999999999998 0)
(0.005000000000000001 0.091249999999999998 0)
(0.0056250000000000007 0.091249999999999998 0)
(0.0062500000000000012 0.091249999999999998 0)
(0.0068750000000000018 0.091250000000000012 0)
(0.0074999999999999997 0.091250000000000012 0)
(0.0081250000000000003 0.091250000000000012 0)
(0.0087499999999999991 0.091249999999999998 0)
(0.0093750000000000014 0.091249999999999998 0)
(0.01 0.091249999999999998 0)
(0.010625000000000001 0.091249999999999998 0)
(0.01125 0.091249999999999998 0)
(0.011875 0.091249999999999998 0)
(0.012500000000000001 0.091249999999999998 0)
(0.013125 0.091249999999999998 0)
(0.01375 0.091250000000000012 0)
(0.014375000000000001 0.091249999999999984 0)
(0.014999999999999999 0.091249999999999984 0)
(0.015625 0.091249999999999998 0)
(0.016250000000000001 0.091249999999999998 0)
(0.016875000000000001 0.091250000000000012 0)
(0.017500000000000002 0.091249999999999998 0)
(0.018124999999999999 0.091249999999999998 0)
(0.018749999999999999 0.091250000000000012 0)
(0.019375 0.091249999999999998 0)
(0.02 0.091249999999999998 0)
(0.020625000000000001 0.091249999999999998 0)
(0.021250000000000002 0.091249999999999998 0)
(0.021874999999999999 0.091249999999999998 0)
(0.022499999999999999 0.091249999999999998 0)
(0.02312500000000001 0.091250000000000012 0)
(0.02375 0.091249999999999998 0)
(0.024375000000000001 0.091249999999999998 0)
(0.025000000000000001 0.091249999999999998 0)
(0.025624999999999998 0.091249999999999984 0)
(0.026250000000000009 0.091249999999999998 0)
(0.026875 0.091249999999999984 0)
(0.027500000000000011 0.091249999999999998 0)
(0.028125000000000001 0.091250000000000012 0)
(0.028750000000000001 0.091249999999999998 0)
(0.029374999999999998 0.091250000000000012 0)
(0.029999999999999999 0.091250000000000012 0)
(0.030624999999999999 0.091249999999999998 0)
(0.03125 0.091249999999999998 0)
(0.031874999999999987 0.091250000000000012 0)
(0.032500000000000001 0.091249999999999998 0)
(0.033125000000000002 0.091249999999999998 0)
(0 0.091874999999999998 0)
(0.00062500000000000012 0.091874999999999998 0)
(0.00125 0.091874999999999984 0)
(0.0018749999999999999 0.091874999999999998 0)
(0.0025000000000000001 0.091874999999999998 0)
(0.0031250000000000002 0.091874999999999998 0)
(0.0037499999999999999 0.091874999999999998 0)
(0.0043750000000000004 0.091874999999999984 0)
(0.005000000000000001 0.091874999999999998 0)
(0.0056250000000000024 0.091874999999999998 0)
(0.0062499999999999986 0.091874999999999998 0)
(0.0068750000000000018 0.091874999999999998 0)
(0.0074999999999999997 0.091874999999999998 0)
(0.0081250000000000003 0.091874999999999998 0)
(0.0087499999999999991 0.091874999999999998 0)
(0.0093750000000000014 0.091874999999999998 0)
(0.01 0.091874999999999998 0)
(0.010625000000000001 0.091874999999999998 0)
(0.01125 0.091874999999999998 0)
(0.011875 0.091874999999999998 0)
(0.012500000000000001 0.091874999999999984 0)
(0.013125 0.091874999999999998 0)
(0.01375 0.091874999999999998 0)
(0.014375000000000001 0.091874999999999998 0)
(0.014999999999999999 0.091874999999999998 0)
(0.015625 0.091874999999999984 0)
(0.016250000000000001 0.091874999999999998 0)
(0.016875000000000001 0.091874999999999998 0)
(0.017500000000000002 0.091874999999999998 0)
(0.018124999999999999 0.091874999999999998 0)
(0.018749999999999999 0.091874999999999984 0)
(0.019375 0.091874999999999998 0)
(0.02 0.091874999999999998 0)
(0.020625000000000001 0.091874999999999984 0)
(0.021250000000000002 0.091874999999999998 0)
(0.021874999999999999 0.091874999999999984 0)
(0.022499999999999999 0.091874999999999998 0)
(0.023125 0.091874999999999998 0)
(0.02375 0.091874999999999984 0)
(0.024375000000000001 0.091874999999999998 0)
(0.025000000000000001 0.091874999999999998 0)
(0.025624999999999998 0.091874999999999998 0)
(0.026250000000000009 0.091874999999999998 0)
(0.026875 0.091874999999999984 0)
(0.027500000000000011 0.091874999999999998 0)
(0.028125000000000001 0.091874999999999998 0)
(0.028750000000000001 0.091874999999999998 0)
(0.029374999999999998 0.091874999999999998 0)
(0.029999999999999999 0.091874999999999984 0)
(0.030624999999999999 0.091874999999999998 0)
(0.03125 0.091874999999999998 0)
(0.031875000000000001 0.091874999999999998 0)
(0.032500000000000001 0.091874999999999998 0)
(0.033125000000000002 0.091874999999999984 0)
(0 0.092500000000000013 0)
(0.00062500000000000012 0.092500000000000027 0)
(0.00125 0.092500000000000013 0)
(0.0018749999999999999 0.092500000000000027 0)
(0.0025000000000000001 0.092499999999999985 0)
(0.003125000000000001 0.092500000000000013 0)
(0.0037499999999999999 0.092500000000000013 0)
(0.0043750000000000004 0.092500000000000027 0)
(0.005000000000000001 0.092499999999999985 0)
(0.0056250000000000007 0.092500000000000013 0)
(0.0062500000000000012 0.092500000000000013 0)
(0.0068750000000000018 0.092500000000000013 0)
(0.0074999999999999997 0.092500000000000027 0)
(0.0081250000000000003 0.092500000000000013 0)
(0.0087499999999999991 0.092500000000000027 0)
(0.0093750000000000014 0.092500000000000013 0)
(0.01 0.092500000000000013 0)
(0.010625000000000001 0.092500000000000013 0)
(0.01125 0.092500000000000013 0)
(0.011875 0.092499999999999985 0)
(0.012500000000000001 0.092500000000000013 0)
(0.013125 0.092500000000000027 0)
(0.01375 0.092500000000000013 0)
(0.014375000000000001 0.092500000000000027 0)
(0.014999999999999999 0.092500000000000013 0)
(0.015625 0.092500000000000027 0)
(0.016250000000000001 0.092500000000000013 0)
(0.016875000000000001 0.092500000000000027 0)
(0.017500000000000002 0.092500000000000013 0)
(0.018124999999999999 0.092500000000000013 0)
(0.018749999999999999 0.092499999999999985 0)
(0.019375 0.092500000000000013 0)
(0.02 0.092500000000000027 0)
(0.020625000000000001 0.092500000000000013 0)
(0.021250000000000002 0.092500000000000027 0)
(0.021874999999999999 0.092500000000000013 0)
(0.022499999999999999 0.092500000000000027 0)
(0.023125 0.092500000000000013 0)
(0.02375 0.092500000000000013 0)
(0.024375000000000001 0.092500000000000013 0)
(0.025000000000000001 0.092500000000000013 0)
(0.025624999999999998 0.092499999999999985 0)
(0.026250000000000009 0.092500000000000013 0)
(0.026875 0.092500000000000027 0)
(0.027500000000000011 0.092500000000000013 0)
(0.028125000000000001 0.092500000000000027 0)
(0.028750000000000001 0.092500000000000013 0)
(0.029374999999999998 0.092500000000000027 0)
(0.029999999999999999 0.092499999999999985 0)
(0.030624999999999999 0.092500000000000013 0)
(0.03125 0.092500000000000013 0)
(0.031875000000000001 0.092500000000000013 0)
(0.032500000000000001 0.092500000000000027 0)
(0.033125000000000002 0.092500000000000013 0)
(0 0.093125000000000013 0)
(0.00062500000000000012 0.093125000000000013 0)
(0.00125 0.093125000000000013 0)
(0.0018749999999999999 0.093125000000000013 0)
(0.0025000000000000001 0.093125000000000013 0)
(0.003125000000000001 0.093124999999999999 0)
(0.0037499999999999999 0.093125000000000013 0)
(0.0043750000000000004 0.093125000000000013 0)
(0.005000000000000001 0.093125000000000013 0)
(0.0056250000000000007 0.093125000000000013 0)
(0.0062500000000000012 0.093125000000000013 0)
(0.0068750000000000018 0.093125000000000027 0)
(0.0074999999999999997 0.093125000000000013 0)
(0.0081250000000000003 0.093125000000000013 0)
(0.0087499999999999991 0.093125000000000013 0)
(0.0093750000000000014 0.093125000000000013 0)
(0.01 0.093125000000000013 0)
(0.010625000000000001 0.093125000000000013 0)
(0.01125 0.093125000000000013 0)
(0.011875 0.093125000000000013 0)
(0.012500000000000001 0.093125000000000013 0)
(0.013125 0.093124999999999999 0)
(0.01375 0.093125000000000013 0)
(0.014375000000000001 0.093124999999999999 0)
(0.014999999999999999 0.093125000000000013 0)
(0.015625 0.093125000000000013 0)
(0.016250000000000001 0.093125000000000013 0)
(0.016875000000000001 0.093125000000000027 0)
(0.017500000000000002 0.093125000000000013 0)
(0.018124999999999999 0.093125000000000013 0)
(0.018749999999999999 0.093125000000000013 0)
(0.019375 0.093125000000000013 0)
(0.02 0.093125000000000013 0)
(0.020625000000000001 0.093125000000000013 0)
(0.021250000000000002 0.093125000000000013 0)
(0.021874999999999999 0.093125000000000013 0)
(0.02250000000000001 0.093125000000000013 0)
(0.023125 0.093125000000000013 0)
(0.02375 0.093124999999999999 0)
(0.024375000000000001 0.093125000000000013 0)
(0.025000000000000001 0.093125000000000013 0)
(0.025624999999999998 0.093125000000000013 0)
(0.026250000000000009 0.093125000000000027 0)
(0.026875 0.093125000000000013 0)
(0.027500000000000011 0.093125000000000027 0)
(0.028125000000000001 0.093125000000000013 0)
(0.028750000000000001 0.093125000000000013 0)
(0.029374999999999998 0.093125000000000013 0)
(0.029999999999999999 0.093125000000000013 0)
(0.030624999999999999 0.093125000000000013 0)
(0.03125 0.093125000000000013 0)
(0.031875000000000001 0.093125000000000013 0)
(0.032500000000000001 0.093125000000000013 0)
(0.033124999999999988 0.093124999999999999 0)
(0 0.09375 0)
(0.00062500000000000012 0.09375 0)
(0.00125 0.09375 0)
(0.0018749999999999999 0.09375 0)
(0.0025000000000000001 0.09375 0)
(0.003125000000000001 0.09375 0)
(0.0037499999999999999 0.09375 0)
(0.0043750000000000004 0.09375 0)
(0.005000000000000001 0.09375 0)
(0.0056250000000000007 0.09375 0)
(0.0062500000000000012 0.09375 0)
(0.006875 0.09375 0)
(0.0074999999999999997 0.09375 0)
(0.0081250000000000003 0.09375 0)
(0.0087499999999999991 0.09375 0)
(0.0093750000000000014 0.09375 0)
(0.01 0.09375 0)
(0.010625000000000001 0.09375 0)
(0.01125 0.09375 0)
(0.011875 0.09375 0)
(0.012500000000000001 0.09375 0)
(0.013125 0.09375 0)
(0.01375 0.09375 0)
(0.014375000000000001 0.09375 0)
(0.014999999999999999 0.09375 0)
(0.015625 0.09375 0)
(0.016250000000000001 0.09375 0)
(0.016875000000000001 0.09375 0)
(0.017500000000000002 0.09375 0)
(0.018124999999999999 0.09375 0)
(0.018749999999999999 0.09375 0)
(0.019375 0.09375 0)
(0.02 0.09375 0)
(0.020625000000000001 0.09375 0)
(0.021250000000000002 0.09375 0)
(0.021874999999999999 0.09375 0)
(0.022499999999999999 0.09375 0)
(0.023125 0.09375 0)
(0.02375 0.09375 0)
(0.024375000000000001 0.09375 0)
(0.025000000000000001 0.09375 0)
(0.025624999999999998 0.09375 0)
(0.026250000000000009 0.09375 0)
(0.026875 0.09375 0)
(0.0275 0.09375 0)
(0.028125000000000001 0.09375 0)
(0.028750000000000001 0.09375 0)
(0.029374999999999998 0.09375 0)
(0.029999999999999999 0.09375 0)
(0.030624999999999999 0.09375 0)
(0.03125 0.09375 0)
(0.031875000000000007 0.09375 0)
(0.032500000000000001 0.09375 0)
(0.033125000000000002 0.09375 0)
(0 0.094375000000000001 0)
(0.00062500000000000012 0.094375000000000001 0)
(0.00125 0.094375000000000001 0)
(0.0018749999999999999 0.094375000000000028 0)
(0.0025000000000000001 0.094375000000000001 0)
(0.0031250000000000002 0.094375000000000001 0)
(0.0037499999999999999 0.094375000000000001 0)
(0.0043750000000000004 0.094375000000000028 0)
(0.005000000000000001 0.094374999999999987 0)
(0.0056250000000000007 0.094375000000000001 0)
(0.0062499999999999986 0.094375000000000001 0)
(0.0068750000000000018 0.094375000000000028 0)
(0.0074999999999999997 0.094375000000000001 0)
(0.0081250000000000003 0.094375000000000001 0)
(0.0087500000000000008 0.094375000000000001 0)
(0.0093750000000000014 0.094375000000000001 0)
(0.01 0.094374999999999987 0)
(0.010625000000000001 0.094375000000000001 0)
(0.01125 0.094375000000000028 0)
(0.011875 0.094375000000000001 0)
(0.012500000000000001 0.094375000000000001 0)
(0.013125 0.094375000000000001 0)
(0.01375 0.094375000000000028 0)
(0.014375000000000001 0.094374999999999987 0)
(0.014999999999999999 0.094375000000000001 0)
(0.015625 0.094375000000000001 0)
(0.016250000000000001 0.094375000000000028 0)
(0.016875000000000001 0.094374999999999987 0)
(0.017500000000000002 0.094375000000000001 0)
(0.018124999999999999 0.094375000000000001 0)
(0.018749999999999999 0.094375000000000001 0)
(0.019375 0.094374999999999987 0)
(0.02 0.094375000000000001 0)
(0.020625000000000001 0.094374999999999987 0)
(0.021250000000000002 0.094375000000000001 0)
(0.021874999999999999 0.094374999999999987 0)
(0.022499999999999999 0.094375000000000001 0)
(0.023125 0.094375000000000001 0)
(0.02375 0.094375000000000001 0)
(0.024375000000000001 0.094375000000000001 0)
(0.025000000000000001 0.094375000000000001 0)
(0.025624999999999998 0.094375000000000028 0)
(0.026250000000000009 0.094375000000000001 0)
(0.026875 0.094375000000000001 0)
(0.027500000000000011 0.094375000000000001 0)
(0.028125000000000001 0.094375000000000028 0)
(0.028750000000000001 0.094375000000000001 0)
(0.029374999999999998 0.094375000000000001 0)
(0.029999999999999999 0.094375000000000001 0)
(0.030624999999999999 0.094375000000000001 0)
(0.03125 0.094374999999999987 0)
(0.031875000000000001 0.094375000000000001 0)
(0.032500000000000001 0.094375000000000028 0)
(0.033125000000000002 0.094375000000000001 0)
(0 0.095000000000000015 0)
(0.00062500000000000012 0.095000000000000015 0)
(0.00125 0.095000000000000015 0)
(0.0018749999999999999 0.095000000000000015 0)
(0.0025000000000000001 0.094999999999999987 0)
(0.003125000000000001 0.094999999999999987 0)
(0.0037499999999999999 0.095000000000000015 0)
(0.0043750000000000004 0.095000000000000015 0)
(0.005000000000000001 0.095000000000000015 0)
(0.0056250000000000007 0.095000000000000015 0)
(0.0062500000000000012 0.095000000000000015 0)
(0.006875 0.094999999999999987 0)
(0.0074999999999999997 0.095000000000000015 0)
(0.0081250000000000003 0.095000000000000015 0)
(0.0087499999999999991 0.095000000000000015 0)
(0.0093750000000000014 0.095000000000000015 0)
(0.01 0.095000000000000015 0)
(0.010625000000000001 0.095000000000000015 0)
(0.01125 0.094999999999999987 0)
(0.011875 0.094999999999999987 0)
(0.012500000000000001 0.095000000000000015 0)
(0.013125 0.095000000000000015 0)
(0.01375 0.095000000000000015 0)
(0.014375000000000001 0.095000000000000015 0)
(0.014999999999999999 0.094999999999999987 0)
(0.015625 0.094999999999999987 0)
(0.016250000000000001 0.095000000000000015 0)
(0.016875000000000001 0.095000000000000015 0)
(0.017500000000000002 0.095000000000000015 0)
(0.018124999999999999 0.095000000000000015 0)
(0.018749999999999999 0.095000000000000015 0)
(0.019375 0.095000000000000015 0)
(0.02 0.095000000000000015 0)
(0.020625000000000001 0.094999999999999987 0)
(0.021250000000000002 0.094999999999999987 0)
(0.021874999999999999 0.095000000000000015 0)
(0.022499999999999999 0.095000000000000015 0)
(0.02312500000000001 0.095000000000000015 0)
(0.02375 0.095000000000000015 0)
(0.024375000000000001 0.094999999999999987 0)
(0.025000000000000001 0.094999999999999987 0)
(0.025624999999999998 0.095000000000000015 0)
(0.026250000000000009 0.095000000000000015 0)
(0.026875 0.095000000000000015 0)
(0.0275 0.095000000000000015 0)
(0.028125000000000001 0.095000000000000015 0)
(0.028750000000000001 0.094999999999999987 0)
(0.029374999999999998 0.094999999999999987 0)
(0.029999999999999999 0.094999999999999987 0)
(0.030624999999999999 0.095000000000000015 0)
(0.03125 0.095000000000000015 0)
(0.031875000000000001 0.095000000000000015 0)
(0.032500000000000001 0.094999999999999987 0)
(0.033124999999999988 0.094999999999999987 0)
(0 0.095625000000000016 0)
(0.00062500000000000012 0.095625000000000016 0)
(0.00125 0.095625000000000016 0)
(0.0018749999999999999 0.095625000000000016 0)
(0.0025000000000000001 0.095625000000000016 0)
(0.003125000000000001 0.095625000000000016 0)
(0.0037499999999999999 0.095625000000000016 0)
(0.0043750000000000004 0.095625000000000016 0)
(0.005000000000000001 0.095625000000000016 0)
(0.0056250000000000007 0.095625000000000016 0)
(0.0062500000000000012 0.095625000000000016 0)
(0.0068750000000000018 0.095625000000000016 0)
(0.0074999999999999997 0.095625000000000016 0)
(0.0081250000000000003 0.095625000000000002 0)
(0.0087499999999999991 0.095625000000000029 0)
(0.0093750000000000014 0.095625000000000016 0)
(0.01 0.095625000000000016 0)
(0.010625000000000001 0.095625000000000016 0)
(0.01125 0.095625000000000002 0)
(0.011875 0.095625000000000029 0)
(0.012500000000000001 0.095625000000000016 0)
(0.013125 0.095625000000000016 0)
(0.01375 0.095625000000000016 0)
(0.014375000000000001 0.095625000000000002 0)
(0.014999999999999999 0.095625000000000016 0)
(0.015625 0.095625000000000016 0)
(0.016250000000000001 0.095625000000000016 0)
(0.016875000000000001 0.095625000000000016 0)
(0.017500000000000002 0.095625000000000002 0)
(0.018124999999999999 0.095625000000000016 0)
(0.018749999999999999 0.095625000000000016 0)
(0.019375 0.095625000000000029 0)
(0.02 0.095625000000000016 0)
(0.020625000000000001 0.095625000000000002 0)
(0.021250000000000002 0.095625000000000016 0)
(0.021874999999999999 0.095625000000000016 0)
(0.022499999999999999 0.095625000000000029 0)
(0.023125 0.095625000000000016 0)
(0.02375 0.095625000000000002 0)
(0.024375000000000001 0.095625000000000016 0)
(0.025000000000000001 0.095625000000000016 0)
(0.025624999999999998 0.095625000000000029 0)
(0.026250000000000009 0.095625000000000016 0)
(0.026875 0.095625000000000016 0)
(0.027500000000000011 0.095625000000000016 0)
(0.028125000000000001 0.095625000000000016 0)
(0.028750000000000001 0.095625000000000016 0)
(0.029374999999999998 0.095625000000000016 0)
(0.029999999999999999 0.095625000000000016 0)
(0.030624999999999999 0.095625000000000016 0)
(0.03125 0.095625000000000002 0)
(0.031875000000000001 0.095625000000000016 0)
(0.032500000000000001 0.095625000000000016 0)
(0.033124999999999988 0.095625000000000016 0)
(0 0.096250000000000002 0)
(0.00062500000000000012 0.096250000000000016 0)
(0.00125 0.096250000000000016 0)
(0.0018749999999999999 0.096250000000000002 0)
(0.0025000000000000001 0.096250000000000002 0)
(0.003125000000000001 0.096250000000000016 0)
(0.0037499999999999999 0.096250000000000002 0)
(0.0043750000000000004 0.096250000000000002 0)
(0.005000000000000001 0.096250000000000002 0)
(0.0056250000000000007 0.096250000000000016 0)
(0.0062500000000000012 0.096250000000000002 0)
(0.006875 0.096250000000000002 0)
(0.0074999999999999997 0.096250000000000002 0)
(0.0081250000000000003 0.096250000000000002 0)
(0.0087499999999999991 0.096249999999999988 0)
(0.0093750000000000014 0.096250000000000002 0)
(0.01 0.096250000000000002 0)
(0.010625000000000001 0.096250000000000016 0)
(0.01125 0.096249999999999988 0)
(0.011875 0.096250000000000002 0)
(0.012500000000000001 0.096250000000000002 0)
(0.013125 0.096250000000000016 0)
(0.01375 0.096250000000000002 0)
(0.014375000000000001 0.096250000000000002 0)
(0.014999999999999999 0.096250000000000002 0)
(0.015625 0.096250000000000002 0)
(0.016250000000000001 0.096250000000000002 0)
(0.016875000000000001 0.096250000000000016 0)
(0.017500000000000002 0.096250000000000002 0)
(0.018124999999999999 0.096250000000000002 0)
(0.018749999999999999 0.096250000000000002 0)
(0.019375 0.096250000000000002 0)
(0.02 0.096250000000000002 0)
(0.020625000000000001 0.096250000000000002 0)
(0.021250000000000002 0.096249999999999988 0)
(0.021874999999999999 0.096250000000000002 0)
(0.022499999999999999 0.096250000000000002 0)
(0.023125 0.096250000000000016 0)
(0.02375 0.096249999999999988 0)
(0.024375000000000001 0.096250000000000002 0)
(0.025000000000000001 0.096250000000000002 0)
(0.025624999999999998 0.096250000000000002 0)
(0.026250000000000009 0.096250000000000016 0)
(0.026875 0.096250000000000002 0)
(0.0275 0.096250000000000016 0)
(0.028125000000000001 0.096250000000000002 0)
(0.028750000000000001 0.096250000000000002 0)
(0.029374999999999998 0.096250000000000002 0)
(0.029999999999999999 0.096250000000000002 0)
(0.030624999999999999 0.096250000000000002 0)
(0.03125 0.096250000000000002 0)
(0.031875000000000001 0.096250000000000002 0)
(0.032500000000000001 0.096250000000000016 0)
(0.033125000000000009 0.096249999999999988 0)
(0 0.096875000000000003 0)
(0.00062500000000000012 0.096875000000000003 0)
(0.00125 0.096875000000000003 0)
(0.0018749999999999999 0.096875000000000003 0)
(0.0025000000000000001 0.096875000000000003 0)
(0.0031250000000000002 0.096875000000000003 0)
(0.0037499999999999999 0.096875000000000003 0)
(0.0043750000000000004 0.096875000000000003 0)
(0.005000000000000001 0.096875000000000003 0)
(0.0056250000000000007 0.096875000000000003 0)
(0.0062499999999999986 0.096874999999999989 0)
(0.0068750000000000018 0.096875000000000003 0)
(0.0074999999999999997 0.096875000000000003 0)
(0.0081250000000000003 0.096875000000000003 0)
(0.0087500000000000008 0.096875000000000003 0)
(0.0093750000000000014 0.096875000000000003 0)
(0.01 0.096875000000000031 0)
(0.010625000000000001 0.096875000000000003 0)
(0.01125 0.096875000000000003 0)
(0.011875 0.096875000000000003 0)
(0.012500000000000001 0.096875000000000003 0)
(0.013125 0.096875000000000003 0)
(0.01375 0.096875000000000003 0)
(0.014375000000000001 0.096874999999999989 0)
(0.014999999999999999 0.096874999999999989 0)
(0.015625 0.096875000000000003 0)
(0.016250000000000001 0.096875000000000003 0)
(0.016875000000000001 0.096875000000000003 0)
(0.017500000000000002 0.096875000000000003 0)
(0.018124999999999999 0.096875000000000003 0)
(0.018749999999999999 0.096875000000000003 0)
(0.019375 0.096875000000000003 0)
(0.02 0.096875000000000003 0)
(0.020625000000000001 0.096875000000000003 0)
(0.021250000000000002 0.096875000000000003 0)
(0.021875000000000009 0.096874999999999989 0)
(0.022499999999999999 0.096875000000000003 0)
(0.023125 0.096875000000000003 0)
(0.02375 0.096875000000000003 0)
(0.024375000000000001 0.096875000000000003 0)
(0.025000000000000001 0.096875000000000003 0)
(0.025624999999999998 0.096875000000000003 0)
(0.026250000000000009 0.096875000000000003 0)
(0.026875 0.096875000000000003 0)
(0.027500000000000011 0.096875000000000003 0)
(0.028125000000000001 0.096875000000000003 0)
(0.028750000000000001 0.096875000000000003 0)
(0.029374999999999998 0.096875000000000003 0)
(0.029999999999999999 0.096874999999999989 0)
(0.030624999999999999 0.096874999999999989 0)
(0.03125 0.096875000000000003 0)
(0.031875000000000001 0.096875000000000003 0)
(0.032500000000000001 0.096875000000000003 0)
(0.033125000000000002 0.096875000000000003 0)
(0 0.097499999999999989 0)
(0.00062500000000000012 0.097499999999999989 0)
(0.00125 0.097499999999999989 0)
(0.0018749999999999999 0.097500000000000017 0)
(0.0025000000000000001 0.097499999999999989 0)
(0.003125000000000001 0.097499999999999989 0)
(0.0037499999999999999 0.097500000000000017 0)
(0.0043750000000000004 0.097499999999999989 0)
(0.005000000000000001 0.097499999999999989 0)
(0.0056250000000000007 0.097499999999999989 0)
(0.0062500000000000012 0.097500000000000017 0)
(0.0068750000000000018 0.097499999999999989 0)
(0.0074999999999999997 0.097499999999999989 0)
(0.0081250000000000003 0.097499999999999989 0)
(0.0087499999999999991 0.097499999999999989 0)
(0.0093750000000000014 0.097500000000000017 0)
(0.01 0.097500000000000017 0)
(0.010625000000000001 0.097500000000000017 0)
(0.01125 0.097499999999999989 0)
(0.011875 0.097499999999999989 0)
(0.012500000000000001 0.097499999999999989 0)
(0.013125 0.097500000000000017 0)
(0.01375 0.097500000000000017 0)
(0.014375000000000001 0.097499999999999989 0)
(0.014999999999999999 0.097499999999999989 0)
(0.015625 0.097499999999999989 0)
(0.016250000000000001 0.097499999999999989 0)
(0.016875000000000001 0.097500000000000031 0)
(0.017500000000000002 0.097499999999999989 0)
(0.018124999999999999 0.097499999999999989 0)
(0.018749999999999999 0.097499999999999989 0)
(0.019375 0.097499999999999989 0)
(0.02 0.097500000000000031 0)
(0.020625000000000001 0.097500000000000017 0)
(0.021250000000000002 0.097500000000000017 0)
(0.021874999999999999 0.097499999999999989 0)
(0.022499999999999999 0.097499999999999989 0)
(0.023125 0.097499999999999989 0)
(0.02375 0.097499999999999989 0)
(0.024375000000000001 0.097500000000000017 0)
(0.025000000000000001 0.097499999999999989 0)
(0.025624999999999998 0.097500000000000017 0)
(0.026249999999999999 0.097500000000000017 0)
(0.026875 0.097499999999999989 0)
(0.027500000000000011 0.097500000000000017 0)
(0.028125000000000001 0.097500000000000017 0)
(0.028750000000000001 0.097500000000000017 0)
(0.029374999999999998 0.097500000000000017 0)
(0.029999999999999999 0.097499999999999989 0)
(0.030624999999999999 0.097499999999999989 0)
(0.03125 0.097499999999999989 0)
(0.031875000000000001 0.097500000000000017 0)
(0.032500000000000001 0.097500000000000017 0)
(0.033124999999999988 0.097499999999999989 0)
(0 0.098125000000000004 0)
(0.00062500000000000012 0.098124999999999976 0)
(0.00125 0.098125000000000004 0)
(0.0018749999999999999 0.098125000000000004 0)
(0.0025000000000000001 0.098125000000000004 0)
(0.003125000000000001 0.098124999999999976 0)
(0.0037499999999999999 0.098125000000000004 0)
(0.0043750000000000004 0.098124999999999976 0)
(0.005000000000000001 0.098125000000000004 0)
(0.0056250000000000007 0.098124999999999976 0)
(0.0062500000000000012 0.098125000000000004 0)
(0.006875 0.098125000000000018 0)
(0.0074999999999999997 0.098125000000000004 0)
(0.0081250000000000003 0.098124999999999976 0)
(0.0087499999999999991 0.098125000000000004 0)
(0.0093750000000000014 0.098125000000000004 0)
(0.01 0.098125000000000004 0)
(0.010625000000000001 0.098124999999999976 0)
(0.01125 0.098125000000000004 0)
(0.011875 0.098125000000000004 0)
(0.012500000000000001 0.098125000000000004 0)
(0.013125 0.098124999999999976 0)
(0.01375 0.098125000000000004 0)
(0.014375000000000001 0.098125000000000004 0)
(0.014999999999999999 0.098125000000000004 0)
(0.015625 0.098124999999999976 0)
(0.016250000000000001 0.098125000000000004 0)
(0.016875000000000001 0.098125000000000018 0)
(0.017500000000000002 0.098125000000000004 0)
(0.018124999999999999 0.098124999999999976 0)
(0.018749999999999999 0.098125000000000004 0)
(0.019375 0.098125000000000004 0)
(0.02 0.098125000000000018 0)
(0.020625000000000001 0.098124999999999976 0)
(0.021250000000000002 0.098125000000000004 0)
(0.021874999999999999 0.098125000000000004 0)
(0.022499999999999999 0.098125000000000018 0)
(0.02312500000000001 0.098125000000000018 0)
(0.02375 0.098125000000000004 0)
(0.024375000000000001 0.098125000000000004 0)
(0.025000000000000001 0.098125000000000004 0)
(0.025624999999999998 0.098124999999999976 0)
(0.026249999999999999 0.098125000000000004 0)
(0.026875 0.098125000000000004 0)
(0.0275 0.098125000000000004 0)
(0.028125000000000001 0.098124999999999976 0)
(0.028750000000000001 0.098125000000000004 0)
(0.029374999999999998 0.098125000000000004 0)
(0.029999999999999999 0.098125000000000004 0)
(0.030624999999999999 0.098124999999999976 0)
(0.03125 0.098125000000000004 0)
(0.031874999999999987 0.098125000000000004 0)
(0.032500000000000001 0.098125000000000018 0)
(0.033124999999999988 0.098124999999999976 0)
(0 0.098750000000000004 0)
(0.00062500000000000012 0.098750000000000018 0)
(0.00125 0.098750000000000004 0)
(0.0018749999999999999 0.098749999999999991 0)
(0.0025000000000000001 0.098750000000000004 0)
(0.003125000000000001 0.098750000000000004 0)
(0.0037499999999999999 0.098750000000000004 0)
(0.0043750000000000004 0.098750000000000018 0)
(0.005000000000000001 0.098750000000000004 0)
(0.0056250000000000007 0.098750000000000004 0)
(0.0062500000000000012 0.098750000000000004 0)
(0.0068750000000000018 0.098750000000000004 0)
(0.0074999999999999997 0.098750000000000004 0)
(0.0081250000000000003 0.098750000000000004 0)
(0.0087499999999999991 0.098750000000000004 0)
(0.0093750000000000014 0.098750000000000004 0)
(0.01 0.098750000000000004 0)
(0.010625000000000001 0.098750000000000004 0)
(0.01125 0.098750000000000004 0)
(0.011875 0.098750000000000004 0)
(0.012500000000000001 0.098750000000000004 0)
(0.013125 0.098750000000000004 0)
(0.01375 0.098750000000000004 0)
(0.014375000000000001 0.098750000000000004 0)
(0.014999999999999999 0.098750000000000004 0)
(0.015625 0.098750000000000004 0)
(0.016250000000000001 0.098750000000000004 0)
(0.016875000000000001 0.098750000000000004 0)
(0.017500000000000002 0.098750000000000004 0)
(0.018124999999999999 0.098750000000000004 0)
(0.018749999999999999 0.098750000000000004 0)
(0.019375 0.098750000000000018 0)
(0.02 0.098750000000000004 0)
(0.020625000000000001 0.098750000000000004 0)
(0.021250000000000002 0.098750000000000004 0)
(0.021875000000000009 0.098750000000000004 0)
(0.022499999999999999 0.098750000000000004 0)
(0.023125 0.098750000000000004 0)
(0.02375 0.098750000000000004 0)
(0.024375000000000001 0.098750000000000004 0)
(0.025000000000000001 0.098750000000000004 0)
(0.025624999999999998 0.098750000000000018 0)
(0.026249999999999999 0.098750000000000018 0)
(0.026875 0.098750000000000004 0)
(0.027500000000000011 0.098750000000000004 0)
(0.028125000000000001 0.098750000000000004 0)
(0.028750000000000001 0.098750000000000004 0)
(0.029374999999999998 0.098750000000000004 0)
(0.029999999999999999 0.098750000000000004 0)
(0.030624999999999999 0.098750000000000004 0)
(0.03125 0.098750000000000004 0)
(0.031875000000000001 0.098750000000000004 0)
(0.032500000000000001 0.098750000000000018 0)
(0.033124999999999988 0.098750000000000004 0)
(0 0.099375000000000005 0)
(0.00062500000000000012 0.099375000000000005 0)
(0.00125 0.099374999999999991 0)
(0.0018749999999999999 0.099374999999999991 0)
(0.0025000000000000001 0.099375000000000005 0)
(0.0031250000000000002 0.099375000000000005 0)
(0.0037499999999999999 0.099375000000000005 0)
(0.0043750000000000004 0.099375000000000005 0)
(0.005000000000000001 0.099375000000000005 0)
(0.0056250000000000007 0.099374999999999991 0)
(0.0062499999999999986 0.099375000000000033 0)
(0.0068750000000000018 0.099375000000000033 0)
(0.0074999999999999997 0.099375000000000005 0)
(0.0081250000000000003 0.099375000000000005 0)
(0.0087500000000000008 0.099375000000000005 0)
(0.0093750000000000014 0.099375000000000005 0)
(0.01 0.099374999999999991 0)
(0.010625000000000001 0.099375000000000033 0)
(0.01125 0.099375000000000005 0)
(0.011875 0.099375000000000005 0)
(0.012500000000000001 0.099375000000000005 0)
(0.013125 0.099375000000000005 0)
(0.01375 0.099375000000000005 0)
(0.014375000000000001 0.099374999999999991 0)
(0.014999999999999999 0.099375000000000005 0)
(0.015625 0.099375000000000005 0)
(0.016250000000000001 0.099375000000000005 0)
(0.016875000000000001 0.099375000000000005 0)
(0.017500000000000002 0.099374999999999991 0)
(0.018124999999999999 0.099374999999999991 0)
(0.018749999999999999 0.099375000000000033 0)
(0.019375 0.099375000000000033 0)
(0.02 0.099375000000000005 0)
(0.020625000000000001 0.099375000000000005 0)
(0.021250000000000002 0.099375000000000005 0)
(0.021874999999999999 0.099374999999999991 0)
(0.022499999999999999 0.099375000000000033 0)
(0.023125 0.099375000000000005 0)
(0.02375 0.099375000000000005 0)
(0.024375000000000001 0.099375000000000005 0)
(0.025000000000000001 0.099375000000000005 0)
(0.025624999999999998 0.099375000000000005 0)
(0.026250000000000009 0.099374999999999991 0)
(0.026875 0.099375000000000033 0)
(0.027500000000000011 0.099375000000000005 0)
(0.028125000000000001 0.099375000000000005 0)
(0.028750000000000001 0.099375000000000005 0)
(0.029374999999999998 0.099374999999999991 0)
(0.029999999999999999 0.099375000000000005 0)
(0.030624999999999999 0.099375000000000033 0)
(0.03125 0.099375000000000033 0)
(0.031874999999999987 0.099375000000000005 0)
(0.032500000000000001 0.099375000000000033 0)
(0.033125000000000002 0.099375000000000005 0)
(0 0.10000000000000001 0)
(0.00062500000000000012 0.099999999999999992 0)
(0.00125 0.10000000000000001 0)
(0.0018749999999999999 0.099999999999999992 0)
(0.0025000000000000001 0.10000000000000001 0)
(0.003125000000000001 0.099999999999999992 0)
(0.0037499999999999999 0.10000000000000001 0)
(0.0043750000000000004 0.10000000000000001 0)
(0.005000000000000001 0.10000000000000001 0)
(0.0056250000000000007 0.099999999999999992 0)
(0.0062500000000000012 0.10000000000000001 0)
(0.0068750000000000018 0.10000000000000001 0)
(0.0074999999999999997 0.10000000000000001 0)
(0.0081250000000000003 0.099999999999999992 0)
(0.0087499999999999991 0.10000000000000001 0)
(0.0093750000000000014 0.10000000000000001 0)
(0.01 0.10000000000000001 0)
(0.010625000000000001 0.10000000000000001 0)
(0.01125 0.10000000000000001 0)
(0.011875 0.10000000000000001 0)
(0.012500000000000001 0.10000000000000001 0)
(0.013125 0.10000000000000001 0)
(0.01375 0.10000000000000001 0)
(0.014375000000000001 0.10000000000000001 0)
(0.014999999999999999 0.10000000000000001 0)
(0.015625 0.10000000000000001 0)
(0.016250000000000001 0.099999999999999992 0)
(0.016875000000000001 0.10000000000000001 0)
(0.017500000000000002 0.099999999999999992 0)
(0.018124999999999999 0.10000000000000001 0)
(0.018749999999999999 0.099999999999999992 0)
(0.019375 0.10000000000000001 0)
(0.02 0.10000000000000001 0)
(0.020625000000000001 0.10000000000000001 0)
(0.021250000000000002 0.099999999999999992 0)
(0.021874999999999999 0.10000000000000001 0)
(0.022499999999999999 0.10000000000000001 0)
(0.023125 0.10000000000000001 0)
(0.02375 0.099999999999999992 0)
(0.024375000000000001 0.10000000000000001 0)
(0.025000000000000001 0.10000000000000001 0)
(0.025624999999999998 0.10000000000000001 0)
(0.026250000000000009 0.10000000000000001 0)
(0.026875 0.10000000000000001 0)
(0.027500000000000011 0.099999999999999992 0)
(0.028125000000000001 0.10000000000000001 0)
(0.028750000000000001 0.10000000000000001 0)
(0.029374999999999998 0.10000000000000001 0)
(0.029999999999999999 0.099999999999999992 0)
(0.030624999999999999 0.10000000000000001 0)
(0.03125 0.10000000000000001 0)
(0.031875000000000001 0.099999999999999992 0)
(0.032500000000000001 0.10000000000000001 0)
(0.033125000000000002 0.10000000000000001 0)
(0 0.075000000000000011 0.001)
(0.00062500000000000012 0.075000000000000011 0.001)
(0.00125 0.075000000000000011 0.001)
(0.0018749999999999999 0.075000000000000011 0.001)
(0.0025000000000000001 0.074999999999999997 0.001)
(0.003125000000000001 0.075000000000000011 0.001)
(0.0037499999999999999 0.075000000000000011 0.001)
(0.0043750000000000004 0.075000000000000011 0.001)
(0.0050000000000000018 0.075000000000000011 0.001)
(0.0056250000000000007 0.075000000000000011 0.001)
(0.0062500000000000012 0.075000000000000011 0.001)
(0.0068750000000000018 0.075000000000000011 0.001)
(0.0074999999999999997 0.075000000000000011 0.001)
(0.008125000000000002 0.075000000000000011 0.0009999999999999998)
(0.0087499999999999991 0.075000000000000011 0.001)
(0.0093749999999999997 0.075000000000000011 0.001)
(0.01 0.075000000000000011 0.001)
(0.010625000000000001 0.075000000000000011 0.001)
(0.01125 0.075000000000000011 0.0009999999999999998)
(0.011875 0.075000000000000011 0.001)
(0.012500000000000001 0.075000000000000011 0.001)
(0.013125 0.075000000000000011 0.001)
(0.01375 0.075000000000000011 0.001)
(0.014375000000000001 0.075000000000000011 0.0009999999999999998)
(0.014999999999999999 0.075000000000000011 0.001)
(0.015625 0.075000000000000011 0.001)
(0.016250000000000001 0.075000000000000011 0.001)
(0.016875000000000001 0.075000000000000011 0.001)
(0.017500000000000002 0.075000000000000011 0.0009999999999999998)
(0.018124999999999999 0.074999999999999997 0.001)
(0.018749999999999999 0.075000000000000011 0.001)
(0.019375 0.075000000000000011 0.001)
(0.02 0.075000000000000011 0.001)
(0.020625000000000001 0.075000000000000011 0.0009999999999999998)
(0.021250000000000002 0.074999999999999997 0.0009999999999999998)
(0.021874999999999999 0.075000000000000011 0.001)
(0.022499999999999999 0.075000000000000011 0.001)
(0.02312500000000001 0.075000000000000011 0.001)
(0.02375 0.075000000000000011 0.0009999999999999998)
(0.024375000000000001 0.075000000000000011 0.0009999999999999998)
(0.025000000000000001 0.074999999999999997 0.001)
(0.025624999999999998 0.075000000000000011 0.001)
(0.026250000000000009 0.075000000000000011 0.001)
(0.026875 0.074999999999999997 0.0009999999999999998)
(0.027500000000000011 0.075000000000000011 0.0009999999999999998)
(0.028125000000000001 0.075000000000000011 0.001)
(0.028750000000000001 0.074999999999999997 0.001)
(0.029374999999999998 0.075000000000000011 0.001)
(0.029999999999999999 0.075000000000000011 0.001)
(0.030624999999999999 0.075000000000000011 0.0009999999999999998)
(0.03125 0.075000000000000011 0.001)
(0.031875000000000001 0.075000000000000011 0.001)
(0.032500000000000001 0.075000000000000011 0.001)
(0.033125000000000002 0.075000000000000011 0.001)
(0 0.075624999999999998 0.001)
(0.00062500000000000012 0.075624999999999998 0.001)
(0.00125 0.075624999999999998 0.001)
(0.0018749999999999999 0.075624999999999998 0.001)
(0.0025000000000000001 0.075624999999999998 0.001)
(0.003125000000000001 0.075624999999999998 0.001)
(0.0037499999999999999 0.075624999999999998 0.001)
(0.0043750000000000004 0.075624999999999998 0.001)
(0.005000000000000001 0.075624999999999998 0.001)
(0.0056250000000000024 0.075624999999999998 0.001)
(0.0062500000000000012 0.075624999999999998 0.001)
(0.0068750000000000018 0.075624999999999998 0.001)
(0.0074999999999999997 0.075625000000000012 0.001)
(0.0081250000000000003 0.075624999999999998 0.001)
(0.0087499999999999991 0.075624999999999998 0.001)
(0.0093750000000000014 0.075624999999999998 0.001)
(0.01 0.075624999999999998 0.001)
(0.010625000000000001 0.075624999999999998 0.001)
(0.01125 0.075624999999999998 0.001)
(0.011875 0.075624999999999998 0.001)
(0.012500000000000001 0.075624999999999998 0.001)
(0.013125 0.075624999999999998 0.001)
(0.01375 0.075624999999999998 0.001)
(0.014375000000000001 0.075624999999999998 0.001)
(0.014999999999999999 0.075624999999999998 0.001)
(0.015625 0.075624999999999998 0.001)
(0.016250000000000001 0.075624999999999998 0.001)
(0.016875000000000001 0.075624999999999998 0.001)
(0.017500000000000002 0.075624999999999998 0.001)
(0.018124999999999999 0.075624999999999998 0.001)
(0.018749999999999999 0.075624999999999998 0.001)
(0.019375 0.075624999999999998 0.001)
(0.02 0.075624999999999998 0.001)
(0.020625000000000001 0.075624999999999998 0.001)
(0.021250000000000002 0.075624999999999998 0.001)
(0.021874999999999999 0.075624999999999998 0.001)
(0.02250000000000001 0.075624999999999998 0.001)
(0.02312500000000001 0.075625000000000012 0.001)
(0.02375 0.075624999999999998 0.001)
(0.024375000000000001 0.075624999999999998 0.001)
(0.025000000000000001 0.075624999999999998 0.0009999999999999998)
(0.025624999999999998 0.075624999999999998 0.001)
(0.026250000000000009 0.075624999999999998 0.001)
(0.026875 0.075624999999999998 0.001)
(0.027500000000000011 0.075624999999999998 0.0009999999999999998)
(0.028125000000000001 0.075624999999999998 0.001)
(0.028750000000000001 0.075624999999999998 0.001)
(0.029375000000000009 0.075625000000000012 0.001)
(0.029999999999999999 0.075624999999999998 0.001)
(0.030624999999999999 0.075624999999999998 0.001)
(0.03125 0.075624999999999998 0.001)
(0.031875000000000001 0.075624999999999998 0.001)
(0.032500000000000001 0.075624999999999998 0.001)
(0.033125000000000002 0.075624999999999998 0.001)
(0 0.076249999999999998 0.001)
(0.00062500000000000012 0.076249999999999998 0.001)
(0.00125 0.076249999999999998 0.001)
(0.0018749999999999999 0.076249999999999998 0.001)
(0.0025000000000000001 0.076249999999999998 0.001)
(0.0031250000000000002 0.076249999999999998 0.001)
(0.0037499999999999999 0.076249999999999998 0.001)
(0.0043750000000000004 0.076249999999999998 0.001)
(0.005000000000000001 0.076249999999999998 0.001)
(0.0056250000000000024 0.076249999999999998 0.001)
(0.0062499999999999986 0.076249999999999998 0.001)
(0.0068750000000000018 0.076249999999999998 0.001)
(0.0074999999999999997 0.076249999999999998 0.001)
(0.0081250000000000003 0.076249999999999984 0.001)
(0.0087499999999999991 0.076249999999999984 0.0009999999999999998)
(0.0093750000000000014 0.076249999999999998 0.001)
(0.01 0.076249999999999998 0.001)
(0.010625000000000001 0.076249999999999998 0.001)
(0.01125 0.076249999999999998 0.0009999999999999998)
(0.011875 0.076249999999999998 0.0009999999999999998)
(0.012500000000000001 0.076249999999999998 0.001)
(0.013125 0.076249999999999998 0.0009999999999999998)
(0.01375 0.076249999999999998 0.001)
(0.014375000000000001 0.076249999999999998 0.0009999999999999998)
(0.014999999999999999 0.076249999999999998 0.001)
(0.015625 0.076249999999999998 0.0009999999999999998)
(0.016250000000000001 0.076249999999999998 0.0009999999999999998)
(0.016875000000000001 0.076249999999999998 0.001)
(0.017500000000000002 0.076249999999999998 0.0009999999999999998)
(0.018124999999999999 0.076249999999999998 0.001)
(0.018749999999999999 0.076249999999999998 0.0009999999999999998)
(0.019375 0.076249999999999998 0.001)
(0.02 0.076249999999999998 0.0009999999999999998)
(0.020625000000000001 0.076249999999999998 0.0009999999999999998)
(0.021250000000000002 0.076249999999999998 0.001)
(0.021874999999999999 0.076249999999999998 0.0009999999999999998)
(0.02250000000000001 0.076249999999999998 0.001)
(0.023125 0.076249999999999998 0.0009999999999999998)
(0.02375 0.076249999999999998 0.0009999999999999998)
(0.024375000000000001 0.076249999999999998 0.001)
(0.025000000000000001 0.076249999999999998 0.0009999999999999998)
(0.025624999999999998 0.076249999999999998 0.001)
(0.026250000000000009 0.076250000000000012 0.0009999999999999998)
(0.026875 0.076249999999999998 0.001)
(0.027500000000000011 0.076249999999999998 0.0009999999999999998)
(0.028125000000000001 0.076249999999999998 0.0009999999999999998)
(0.028750000000000001 0.076249999999999998 0.001)
(0.029374999999999998 0.076250000000000012 0.0009999999999999998)
(0.029999999999999999 0.076249999999999998 0.001)
(0.03062500000000001 0.076249999999999998 0.0009999999999999998)
(0.03125 0.076249999999999998 0.001)
(0.031874999999999987 0.076249999999999998 0.0009999999999999998)
(0.032500000000000001 0.076249999999999998 0.0009999999999999998)
(0.033125000000000002 0.076249999999999998 0.001)
(0 0.076875000000000013 0.001)
(0.00062500000000000012 0.076875000000000013 0.0009999999999999998)
(0.00125 0.076875000000000013 0.001)
(0.0018749999999999999 0.076875000000000013 0.0009999999999999998)
(0.0025000000000000001 0.076875000000000013 0.001)
(0.003125000000000001 0.076875000000000013 0.001)
(0.0037499999999999999 0.076875000000000013 0.001)
(0.0043750000000000004 0.076875000000000013 0.001)
(0.005000000000000001 0.076875000000000013 0.0009999999999999998)
(0.0056250000000000007 0.076875000000000013 0.001)
(0.0062500000000000012 0.076875000000000013 0.001)
(0.0068750000000000018 0.076875000000000013 0.001)
(0.0074999999999999997 0.076875000000000013 0.001)
(0.0081250000000000003 0.076875000000000013 0.0009999999999999998)
(0.0087499999999999991 0.076875000000000013 0.001)
(0.0093750000000000014 0.076875000000000013 0.0009999999999999998)
(0.01 0.076875000000000013 0.001)
(0.010625000000000001 0.076875000000000013 0.001)
(0.01125 0.076875000000000013 0.001)
(0.011875 0.076875000000000013 0.0009999999999999998)
(0.012500000000000001 0.076875000000000013 0.0009999999999999998)
(0.013125 0.076875000000000013 0.001)
(0.01375 0.076875000000000013 0.001)
(0.014375000000000001 0.076875000000000013 0.001)
(0.014999999999999999 0.076875000000000013 0.001)
(0.015625 0.076875000000000013 0.001)
(0.016250000000000001 0.076875000000000013 0.001)
(0.016875000000000001 0.076875000000000027 0.0009999999999999998)
(0.017500000000000002 0.076875000000000013 0.001)
(0.018124999999999999 0.076875000000000013 0.001)
(0.018749999999999999 0.076875000000000013 0.001)
(0.019375 0.076875000000000013 0.0009999999999999998)
(0.02 0.076875000000000027 0.001)
(0.020625000000000001 0.076875000000000013 0.001)
(0.021250000000000002 0.076875000000000013 0.001)
(0.021874999999999999 0.076875000000000013 0.001)
(0.022499999999999999 0.076875000000000013 0.001)
(0.023125 0.076875000000000013 0.001)
(0.02375 0.076875000000000013 0.0009999999999999998)
(0.024375000000000001 0.076875000000000013 0.0009999999999999998)
(0.025000000000000001 0.076875000000000013 0.001)
(0.025624999999999998 0.076875000000000013 0.001)
(0.026250000000000009 0.076875000000000013 0.001)
(0.026875 0.076875000000000013 0.001)
(0.027500000000000011 0.076875000000000013 0.001)
(0.028125000000000001 0.076875000000000013 0.001)
(0.028750000000000001 0.076875000000000013 0.001)
(0.029374999999999998 0.076875000000000013 0.001)
(0.029999999999999999 0.076875000000000013 0.001)
(0.030624999999999999 0.076875000000000013 0.001)
(0.03125 0.076875000000000013 0.0009999999999999998)
(0.031875000000000001 0.076875000000000013 0.0009999999999999998)
(0.032500000000000001 0.076875000000000013 0.001)
(0.033125000000000002 0.076875000000000013 0.001)
(0 0.077500000000000013 0.001)
(0.00062500000000000012 0.077500000000000013 0.001)
(0.00125 0.077500000000000013 0.001)
(0.0018749999999999999 0.077500000000000013 0.001)
(0.0025000000000000001 0.077500000000000013 0.001)
(0.003125000000000001 0.077500000000000013 0.001)
(0.0037499999999999999 0.077500000000000013 0.001)
(0.0043750000000000004 0.077500000000000013 0.001)
(0.005000000000000001 0.077499999999999999 0.001)
(0.0056250000000000007 0.077500000000000013 0.001)
(0.0062500000000000012 0.077500000000000013 0.001)
(0.0068750000000000018 0.077500000000000013 0.001)
(0.0074999999999999997 0.077500000000000013 0.001)
(0.0081250000000000003 0.077500000000000013 0.001)
(0.0087499999999999991 0.077499999999999999 0.001)
(0.0093750000000000014 0.077500000000000013 0.001)
(0.01 0.077500000000000013 0.001)
(0.010625000000000001 0.077500000000000013 0.001)
(0.01125 0.077500000000000013 0.001)
(0.011875 0.077500000000000013 0.001)
(0.012500000000000001 0.077500000000000013 0.001)
(0.013125 0.077500000000000013 0.001)
(0.01375 0.077500000000000013 0.001)
(0.014375000000000001 0.077500000000000013 0.001)
(0.014999999999999999 0.077500000000000013 0.001)
(0.015625 0.077500000000000013 0.001)
(0.016250000000000001 0.077500000000000013 0.001)
(0.016875000000000001 0.077500000000000013 0.001)
(0.017500000000000002 0.077500000000000013 0.001)
(0.018124999999999999 0.077500000000000013 0.001)
(0.018749999999999999 0.077500000000000013 0.001)
(0.019375 0.077500000000000013 0.001)
(0.02 0.077500000000000013 0.001)
(0.020625000000000001 0.077499999999999999 0.0009999999999999998)
(0.021250000000000002 0.077500000000000013 0.001)
(0.021874999999999999 0.077500000000000013 0.001)
(0.022499999999999999 0.077500000000000013 0.001)
(0.02312500000000001 0.077500000000000013 0.001)
(0.02375 0.077500000000000013 0.0009999999999999998)
(0.024375000000000001 0.077499999999999999 0.001)
(0.025000000000000001 0.077500000000000013 0.001)
(0.025624999999999998 0.077500000000000013 0.001)
(0.026250000000000009 0.077500000000000013 0.001)
(0.026875 0.077500000000000013 0.001)
(0.027500000000000011 0.077500000000000013 0.001)
(0.028125000000000001 0.077499999999999999 0.001)
(0.028750000000000001 0.077500000000000013 0.001)
(0.029374999999999998 0.077500000000000013 0.001)
(0.029999999999999999 0.077499999999999999 0.001)
(0.030624999999999999 0.077500000000000013 0.001)
(0.03125 0.077500000000000013 0.001)
(0.031874999999999987 0.077499999999999999 0.001)
(0.032500000000000001 0.077500000000000013 0.001)
(0.033125000000000002 0.077500000000000013 0.001)
(0 0.078125 0.001)
(0.00062500000000000012 0.078125 0.0009999999999999998)
(0.00125 0.078125 0.001)
(0.0018749999999999999 0.078125 0.001)
(0.0025000000000000001 0.078125 0.001)
(0.003125000000000001 0.078125 0.001)
(0.0037499999999999999 0.078125 0.0009999999999999998)
(0.0043750000000000004 0.078125 0.001)
(0.005000000000000001 0.078125 0.001)
(0.0056250000000000007 0.078125 0.0009999999999999998)
(0.0062500000000000012 0.078125 0.0009999999999999998)
(0.0068750000000000018 0.078125 0.001)
(0.0074999999999999997 0.078125 0.001)
(0.0081250000000000003 0.078125 0.001)
(0.0087499999999999991 0.078125 0.001)
(0.0093750000000000014 0.078125 0.001)
(0.01 0.078125 0.001)
(0.010625000000000001 0.078125 0.001)
(0.01125 0.078125 0.0009999999999999998)
(0.011875 0.078125 0.001)
(0.012500000000000001 0.078125 0.001)
(0.013125 0.078125 0.001)
(0.01375 0.078125 0.001)
(0.014375000000000001 0.078125 0.001)
(0.014999999999999999 0.078125 0.001)
(0.015625 0.078125 0.001)
(0.016250000000000001 0.078125 0.0009999999999999998)
(0.016875000000000001 0.078125 0.001)
(0.017500000000000002 0.078125 0.001)
(0.018124999999999999 0.078125 0.001)
(0.018749999999999999 0.078125 0.0009999999999999998)
(0.019375 0.078125 0.001)
(0.02 0.078125 0.001)
(0.020625000000000001 0.078125 0.001)
(0.021250000000000002 0.078125 0.001)
(0.021874999999999999 0.078125 0.0009999999999999998)
(0.022499999999999999 0.078125 0.001)
(0.02312500000000001 0.078125 0.001)
(0.02375 0.078125 0.0009999999999999998)
(0.024375000000000001 0.078125 0.001)
(0.025000000000000001 0.078125 0.001)
(0.025624999999999998 0.078125 0.001)
(0.026250000000000009 0.078125 0.001)
(0.026875 0.078125 0.001)
(0.027500000000000011 0.078125 0.001)
(0.028125000000000001 0.078125 0.001)
(0.028750000000000001 0.078125 0.001)
(0.029374999999999998 0.078125 0.0009999999999999998)
(0.029999999999999999 0.078125 0.001)
(0.030624999999999999 0.078125 0.001)
(0.03125 0.078125 0.001)
(0.031875000000000001 0.078125 0.001)
(0.032500000000000001 0.078125 0.001)
(0.033125000000000002 0.078125 0.001)
(0 0.078750000000000001 0.001)
(0.00062500000000000012 0.078750000000000001 0.001)
(0.00125 0.078750000000000014 0.001)
(0.0018749999999999999 0.078750000000000001 0.001)
(0.0025000000000000001 0.078750000000000001 0.001)
(0.0031250000000000002 0.078750000000000001 0.001)
(0.0037499999999999999 0.078750000000000001 0.001)
(0.0043750000000000004 0.078750000000000001 0.001)
(0.005000000000000001 0.078749999999999987 0.001)
(0.0056250000000000007 0.078750000000000001 0.001)
(0.0062499999999999986 0.078750000000000001 0.001)
(0.0068750000000000018 0.078750000000000014 0.001)
(0.0074999999999999997 0.078750000000000001 0.001)
(0.0081250000000000003 0.078750000000000001 0.001)
(0.0087500000000000008 0.078750000000000001 0.001)
(0.0093749999999999997 0.078750000000000001 0.001)
(0.01 0.078750000000000001 0.001)
(0.010625000000000001 0.078750000000000001 0.001)
(0.01125 0.078750000000000001 0.001)
(0.011875 0.078749999999999987 0.001)
(0.012500000000000001 0.078750000000000001 0.001)
(0.013125 0.078750000000000001 0.001)
(0.01375 0.078750000000000001 0.001)
(0.014375000000000001 0.078750000000000001 0.001)
(0.014999999999999999 0.078750000000000001 0.001)
(0.015625 0.078750000000000001 0.001)
(0.016250000000000001 0.078750000000000001 0.001)
(0.016875000000000001 0.078750000000000014 0.001)
(0.017500000000000002 0.078749999999999987 0.001)
(0.018124999999999999 0.078750000000000001 0.001)
(0.018749999999999999 0.078750000000000001 0.001)
(0.019375 0.078750000000000001 0.001)
(0.02 0.078750000000000001 0.001)
(0.020625000000000001 0.078750000000000001 0.001)
(0.021250000000000002 0.078750000000000001 0.001)
(0.021874999999999999 0.078750000000000001 0.001)
(0.02250000000000001 0.078750000000000014 0.001)
(0.023125 0.078750000000000014 0.001)
(0.02375 0.078750000000000001 0.001)
(0.024375000000000001 0.078750000000000001 0.001)
(0.025000000000000001 0.078750000000000001 0.001)
(0.025624999999999998 0.078750000000000001 0.001)
(0.026250000000000009 0.078750000000000014 0.001)
(0.026875 0.078750000000000001 0.001)
(0.027500000000000011 0.078750000000000001 0.001)
(0.028125000000000001 0.078750000000000001 0.001)
(0.028750000000000001 0.078750000000000001 0.001)
(0.029374999999999998 0.078750000000000001 0.001)
(0.029999999999999999 0.078750000000000001 0.001)
(0.030624999999999999 0.078750000000000001 0.001)
(0.03125 0.078750000000000001 0.001)
(0.031875000000000001 0.078750000000000001 0.001)
(0.032500000000000001 0.078750000000000014 0.001)
(0.033125000000000002 0.078750000000000001 0.001)
(0 0.079375000000000001 0.001)
(0.00062500000000000001 0.079375000000000015 0.001)
(0.00125 0.079375000000000001 0.001)
(0.0018749999999999999 0.079375000000000001 0.001)
(0.0025000000000000001 0.079375000000000001 0.0009999999999999998)
(0.003125000000000001 0.079375000000000001 0.001)
(0.0037499999999999999 0.079375000000000001 0.0009999999999999998)
(0.0043750000000000004 0.079375000000000015 0.001)
(0.005000000000000001 0.079375000000000001 0.0009999999999999998)
(0.0056250000000000007 0.079375000000000001 0.001)
(0.0062500000000000012 0.079375000000000015 0.001)
(0.0068750000000000018 0.079374999999999987 0.001)
(0.0074999999999999997 0.079375000000000015 0.001)
(0.0081250000000000003 0.079375000000000015 0.001)
(0.0087499999999999991 0.079374999999999987 0.001)
(0.0093750000000000014 0.079375000000000001 0.001)
(0.01 0.079374999999999987 0.001)
(0.010625000000000001 0.079374999999999987 0.001)
(0.01125 0.079375000000000001 0.001)
(0.011875 0.079374999999999987 0.001)
(0.012500000000000001 0.079374999999999987 0.001)
(0.013125 0.079375000000000015 0.0009999999999999998)
(0.01375 0.079374999999999987 0.001)
(0.014375000000000001 0.079374999999999987 0.0009999999999999998)
(0.014999999999999999 0.079375000000000015 0.001)
(0.015625 0.079374999999999987 0.0009999999999999998)
(0.016250000000000001 0.079375000000000001 0.001)
(0.016875000000000001 0.079375000000000015 0.001)
(0.017500000000000002 0.079374999999999987 0.001)
(0.018124999999999999 0.079374999999999987 0.001)
(0.018749999999999999 0.079375000000000015 0.001)
(0.019375 0.079374999999999987 0.001)
(0.02 0.079375000000000001 0.001)
(0.020625000000000001 0.079375000000000015 0.001)
(0.021250000000000002 0.079374999999999987 0.001)
(0.021874999999999999 0.079375000000000001 0.001)
(0.022499999999999999 0.079375000000000001 0.001)
(0.02312500000000001 0.079375000000000015 0.001)
(0.02375 0.079375000000000001 0.0009999999999999998)
(0.024375000000000001 0.079375000000000001 0.001)
(0.025000000000000001 0.079374999999999987 0.0009999999999999998)
(0.025624999999999998 0.079375000000000001 0.001)
(0.026250000000000009 0.079375000000000015 0.0009999999999999998)
(0.026875 0.079375000000000001 0.001)
(0.027500000000000011 0.079375000000000001 0.001)
(0.028125000000000001 0.079375000000000001 0.001)
(0.028750000000000001 0.079375000000000001 0.001)
(0.029375000000000009 0.079375000000000001 0.001)
(0.029999999999999999 0.079375000000000001 0.001)
(0.030624999999999999 0.079375000000000001 0.001)
(0.03125 0.079375000000000001 0.001)
(0.031875000000000001 0.079375000000000015 0.001)
(0.032500000000000001 0.079375000000000001 0.001)
(0.033125000000000009 0.079375000000000015 0.001)
(0 0.080000000000000016 0.001)
(0.00062500000000000012 0.080000000000000016 0.001)
(0.00125 0.080000000000000016 0.0009999999999999998)
(0.0018749999999999999 0.080000000000000016 0.0009999999999999998)
(0.0025000000000000001 0.080000000000000016 0.001)
(0.003125000000000001 0.080000000000000016 0.001)
(0.0037499999999999999 0.080000000000000016 0.001)
(0.0043749999999999987 0.080000000000000016 0.001)
(0.005000000000000001 0.080000000000000016 0.001)
(0.0056250000000000007 0.080000000000000016 0.001)
(0.0062500000000000012 0.080000000000000016 0.001)
(0.006875 0.080000000000000016 0.0009999999999999998)
(0.0074999999999999997 0.080000000000000016 0.001)
(0.008125000000000002 0.080000000000000016 0.001)
(0.0087499999999999991 0.080000000000000016 0.001)
(0.0093750000000000014 0.080000000000000016 0.001)
(0.01 0.080000000000000016 0.001)
(0.010625000000000001 0.080000000000000016 0.001)
(0.01125 0.080000000000000016 0.001)
(0.011875 0.080000000000000016 0.001)
(0.012500000000000001 0.080000000000000016 0.0009999999999999998)
(0.013125 0.080000000000000016 0.001)
(0.01375 0.080000000000000016 0.001)
(0.014375000000000001 0.080000000000000016 0.001)
(0.014999999999999999 0.080000000000000016 0.001)
(0.015625 0.080000000000000016 0.001)
(0.016250000000000001 0.080000000000000016 0.001)
(0.016875000000000001 0.080000000000000016 0.001)
(0.017500000000000002 0.080000000000000016 0.0009999999999999998)
(0.018124999999999999 0.080000000000000016 0.001)
(0.018749999999999999 0.080000000000000016 0.0009999999999999998)
(0.019375 0.080000000000000016 0.001)
(0.02 0.080000000000000016 0.001)
(0.020625000000000001 0.080000000000000016 0.001)
(0.021250000000000002 0.080000000000000016 0.001)
(0.021874999999999999 0.080000000000000016 0.001)
(0.022499999999999999 0.080000000000000016 0.001)
(0.02312500000000001 0.080000000000000016 0.0009999999999999998)
(0.02375 0.080000000000000016 0.0009999999999999998)
(0.024375000000000001 0.080000000000000016 0.001)
(0.025000000000000001 0.080000000000000016 0.001)
(0.025624999999999998 0.080000000000000016 0.001)
(0.026250000000000009 0.080000000000000016 0.001)
(0.026875 0.080000000000000016 0.001)
(0.027500000000000011 0.080000000000000016 0.001)
(0.028125000000000001 0.080000000000000016 0.0009999999999999998)
(0.028750000000000001 0.080000000000000016 0.001)
(0.029375000000000009 0.080000000000000016 0.0009999999999999998)
(0.029999999999999999 0.080000000000000016 0.001)
(0.030624999999999999 0.080000000000000016 0.001)
(0.03125 0.080000000000000016 0.001)
(0.031874999999999987 0.080000000000000016 0.001)
(0.032500000000000001 0.080000000000000016 0.001)
(0.033124999999999988 0.080000000000000016 0.0009999999999999998)
(0 0.080625000000000002 0.001)
(0.00062500000000000012 0.080625000000000002 0.001)
(0.00125 0.080625000000000016 0.001)
(0.0018749999999999999 0.080625000000000002 0.001)
(0.0025000000000000001 0.080625000000000002 0.001)
(0.003125000000000001 0.080625000000000016 0.001)
(0.0037499999999999999 0.080625000000000002 0.001)
(0.0043750000000000004 0.080625000000000002 0.001)
(0.005000000000000001 0.080625000000000016 0.001)
(0.0056250000000000024 0.080625000000000002 0.001)
(0.0062500000000000012 0.080625000000000002 0.001)
(0.0068750000000000018 0.080625000000000002 0.001)
(0.0074999999999999997 0.080625000000000002 0.001)
(0.0081250000000000003 0.080625000000000002 0.0009999999999999998)
(0.0087499999999999991 0.080625000000000002 0.001)
(0.0093750000000000014 0.080625000000000002 0.001)
(0.01 0.080625000000000002 0.001)
(0.010625000000000001 0.080625000000000016 0.001)
(0.01125 0.080625000000000002 0.001)
(0.011875 0.080625000000000002 0.001)
(0.012500000000000001 0.080625000000000002 0.001)
(0.013125 0.080625000000000002 0.0009999999999999998)
(0.01375 0.080625000000000002 0.001)
(0.014375000000000001 0.080625000000000002 0.001)
(0.014999999999999999 0.080625000000000002 0.001)
(0.015625 0.080625000000000002 0.001)
(0.016250000000000001 0.080625000000000002 0.001)
(0.016875000000000001 0.080625000000000016 0.001)
(0.017500000000000002 0.080625000000000002 0.001)
(0.018124999999999999 0.080625000000000002 0.001)
(0.018749999999999999 0.080625000000000002 0.001)
(0.019375 0.080625000000000002 0.001)
(0.02 0.080625000000000002 0.001)
(0.020625000000000001 0.080625000000000002 0.001)
(0.021250000000000002 0.080625000000000002 0.001)
(0.021874999999999999 0.080625000000000002 0.001)
(0.02250000000000001 0.080625000000000002 0.001)
(0.02312500000000001 0.080625000000000016 0.001)
(0.02375 0.080625000000000002 0.0009999999999999998)
(0.024375000000000001 0.080625000000000002 0.001)
(0.025000000000000001 0.080625000000000002 0.001)
(0.025624999999999998 0.080625000000000002 0.001)
(0.026250000000000009 0.080625000000000002 0.001)
(0.026875 0.080625000000000002 0.001)
(0.027500000000000011 0.080625000000000002 0.001)
(0.028125000000000001 0.080625000000000002 0.001)
(0.028750000000000001 0.080625000000000002 0.001)
(0.029374999999999998 0.080625000000000002 0.001)
(0.029999999999999999 0.080625000000000002 0.001)
(0.030624999999999999 0.080625000000000002 0.001)
(0.03125 0.080625000000000002 0.001)
(0.031875000000000001 0.080625000000000002 0.001)
(0.032500000000000001 0.080625000000000002 0.001)
(0.033125000000000002 0.080625000000000002 0.001)
(0 0.081250000000000003 0.001)
(0.00062500000000000001 0.081250000000000003 0.0009999999999999998)
(0.00125 0.081250000000000003 0.001)
(0.0018749999999999999 0.081250000000000003 0.001)
(0.0025000000000000001 0.081250000000000003 0.0009999999999999998)
(0.0031250000000000002 0.081250000000000003 0.0009999999999999998)
(0.0037499999999999999 0.081250000000000017 0.001)
(0.0043750000000000004 0.081250000000000003 0.001)
(0.005000000000000001 0.081249999999999989 0.0009999999999999998)
(0.0056250000000000024 0.081250000000000003 0.001)
(0.0062499999999999986 0.081250000000000003 0.001)
(0.0068750000000000018 0.081250000000000003 0.0009999999999999998)
(0.0074999999999999997 0.081250000000000003 0.001)
(0.0081250000000000003 0.081250000000000003 0.001)
(0.0087500000000000008 0.081250000000000003 0.0009999999999999998)
(0.0093750000000000014 0.081250000000000003 0.0009999999999999998)
(0.01 0.081250000000000003 0.001)
(0.010625000000000001 0.081250000000000003 0.001)
(0.01125 0.081250000000000003 0.0009999999999999998)
(0.011875 0.081250000000000003 0.001)
(0.012500000000000001 0.081250000000000003 0.001)
(0.013125 0.081250000000000031 0.001)
(0.01375 0.081250000000000003 0.001)
(0.014375000000000001 0.081249999999999989 0.001)
(0.014999999999999999 0.081250000000000003 0.0009999999999999998)
(0.015625 0.081250000000000003 0.0009999999999999998)
(0.016250000000000001 0.081250000000000003 0.001)
(0.016875000000000001 0.081250000000000003 0.001)
(0.017500000000000002 0.081250000000000003 0.0009999999999999998)
(0.018124999999999999 0.081250000000000003 0.001)
(0.018749999999999999 0.081250000000000003 0.001)
(0.019375 0.081250000000000017 0.001)
(0.02 0.081250000000000003 0.001)
(0.020625000000000001 0.081249999999999989 0.001)
(0.021250000000000002 0.081250000000000017 0.001)
(0.021874999999999999 0.081250000000000003 0.0009999999999999998)
(0.022499999999999999 0.081250000000000003 0.001)
(0.023125 0.081250000000000003 0.001)
(0.02375 0.081250000000000003 0.0009999999999999998)
(0.024375000000000001 0.081250000000000003 0.001)
(0.025000000000000001 0.081250000000000003 0.001)
(0.025624999999999998 0.081250000000000003 0.001)
(0.026250000000000009 0.081250000000000003 0.001)
(0.026875 0.081250000000000003 0.001)
(0.027500000000000011 0.081250000000000003 0.001)
(0.028125000000000001 0.081250000000000003 0.0009999999999999998)
(0.028750000000000001 0.081250000000000017 0.001)
(0.029374999999999998 0.081250000000000003 0.001)
(0.029999999999999999 0.081250000000000003 0.001)
(0.030624999999999999 0.081250000000000003 0.001)
(0.03125 0.081250000000000003 0.001)
(0.031875000000000001 0.081250000000000003 0.001)
(0.032500000000000001 0.081250000000000003 0.0009999999999999998)
(0.033125000000000002 0.081250000000000003 0.001)
(0 0.081875000000000003 0.001)
(0.00062500000000000012 0.081875000000000003 0.001)
(0.00125 0.081875000000000003 0.001)
(0.0018749999999999999 0.081875000000000003 0.001)
(0.0025000000000000001 0.081875000000000003 0.001)
(0.003125000000000001 0.081875000000000003 0.001)
(0.0037499999999999999 0.081875000000000017 0.001)
(0.0043750000000000004 0.081875000000000017 0.001)
(0.005000000000000001 0.081875000000000003 0.001)
(0.0056250000000000007 0.081875000000000017 0.001)
(0.0062500000000000012 0.081875000000000017 0.001)
(0.006875 0.081875000000000017 0.001)
(0.0074999999999999997 0.081875000000000017 0.001)
(0.0081250000000000003 0.081875000000000017 0.001)
(0.0087499999999999991 0.081875000000000017 0.001)
(0.0093750000000000014 0.081875000000000017 0.0009999999999999998)
(0.01 0.081875000000000017 0.001)
(0.010625000000000001 0.081874999999999989 0.001)
(0.01125 0.081874999999999989 0.001)
(0.011875 0.081874999999999989 0.001)
(0.012500000000000001 0.081874999999999989 0.001)
(0.013125 0.081874999999999989 0.001)
(0.01375 0.081874999999999989 0.001)
(0.014375000000000001 0.081874999999999989 0.001)
(0.014999999999999999 0.081874999999999989 0.001)
(0.015625 0.081874999999999989 0.001)
(0.016250000000000001 0.081874999999999989 0.001)
(0.016875000000000001 0.081875000000000003 0.001)
(0.017500000000000002 0.081874999999999989 0.001)
(0.018124999999999999 0.081874999999999989 0.001)
(0.018749999999999999 0.081874999999999989 0.001)
(0.019375 0.081875000000000003 0.001)
(0.02 0.081875000000000003 0.001)
(0.020625000000000001 0.081875000000000003 0.001)
(0.021250000000000002 0.081875000000000003 0.001)
(0.021874999999999999 0.081875000000000003 0.001)
(0.022499999999999999 0.081875000000000003 0.001)
(0.023125 0.081875000000000003 0.001)
(0.02375 0.081875000000000003 0.001)
(0.024375000000000001 0.081875000000000003 0.001)
(0.025000000000000001 0.081875000000000003 0.001)
(0.025624999999999998 0.081875000000000003 0.001)
(0.026250000000000009 0.081875000000000017 0.001)
(0.026875 0.081875000000000017 0.001)
(0.027500000000000011 0.081875000000000003 0.001)
(0.028125000000000001 0.081874999999999989 0.001)
(0.028750000000000001 0.081874999999999989 0.001)
(0.029374999999999998 0.081874999999999989 0.001)
(0.029999999999999999 0.081874999999999989 0.001)
(0.030624999999999999 0.081874999999999989 0.001)
(0.03125 0.081874999999999989 0.001)
(0.031874999999999987 0.081874999999999989 0.001)
(0.032500000000000001 0.081875000000000017 0.001)
(0.033124999999999988 0.081874999999999989 0.001)
(0 0.082500000000000004 0.001)
(0.00062500000000000012 0.082500000000000004 0.001)
(0.00125 0.082500000000000004 0.001)
(0.0018749999999999999 0.082500000000000004 0.0009999999999999998)
(0.0025000000000000001 0.08249999999999999 0.001)
(0.003125000000000001 0.082500000000000004 0.001)
(0.0037499999999999999 0.082500000000000018 0.001)
(0.0043750000000000004 0.082500000000000018 0.001)
(0.005000000000000001 0.082500000000000004 0.001)
(0.0056250000000000024 0.082500000000000004 0.001)
(0.0062500000000000012 0.082500000000000004 0.001)
(0.0068750000000000018 0.082500000000000004 0.001)
(0.0074999999999999997 0.082500000000000004 0.001)
(0.0081250000000000003 0.082500000000000004 0.0009999999999999998)
(0.0087499999999999991 0.082500000000000004 0.001)
(0.0093749999999999997 0.082500000000000004 0.001)
(0.01 0.082500000000000004 0.001)
(0.010625000000000001 0.082500000000000004 0.001)
(0.01125 0.082500000000000004 0.001)
(0.011875 0.082500000000000004 0.0009999999999999998)
(0.012500000000000001 0.082500000000000004 0.001)
(0.013125 0.082500000000000004 0.001)
(0.01375 0.082500000000000004 0.001)
(0.014375000000000001 0.082500000000000004 0.0009999999999999998)
(0.014999999999999999 0.082500000000000004 0.001)
(0.015625 0.082500000000000004 0.001)
(0.016250000000000001 0.082500000000000004 0.001)
(0.016875000000000001 0.082500000000000004 0.001)
(0.017500000000000002 0.082500000000000004 0.0009999999999999998)
(0.018124999999999999 0.082500000000000004 0.001)
(0.018749999999999999 0.082500000000000004 0.0009999999999999998)
(0.019375 0.082500000000000018 0.001)
(0.02 0.082500000000000018 0.001)
(0.020625000000000001 0.082500000000000004 0.001)
(0.021250000000000002 0.082500000000000004 0.001)
(0.021874999999999999 0.082500000000000004 0.001)
(0.022499999999999999 0.082500000000000004 0.001)
(0.02312500000000001 0.082500000000000018 0.001)
(0.02375 0.082500000000000004 0.0009999999999999998)
(0.024375000000000001 0.082500000000000004 0.001)
(0.025000000000000001 0.082500000000000004 0.0009999999999999998)
(0.025624999999999998 0.082500000000000004 0.001)
(0.026250000000000009 0.082500000000000004 0.001)
(0.026875 0.082500000000000004 0.001)
(0.027500000000000011 0.082500000000000004 0.001)
(0.028125000000000001 0.082500000000000004 0.001)
(0.028750000000000001 0.082500000000000004 0.001)
(0.029374999999999998 0.082500000000000004 0.0009999999999999998)
(0.029999999999999999 0.082500000000000004 0.001)
(0.030624999999999999 0.082500000000000004 0.0009999999999999998)
(0.03125 0.082500000000000004 0.001)
(0.031875000000000001 0.082500000000000004 0.001)
(0.032500000000000001 0.082500000000000004 0.001)
(0.033125000000000002 0.082500000000000004 0.001)
(0 0.083125000000000004 0.001)
(0.00062500000000000001 0.083125000000000018 0.001)
(0.00125 0.083125000000000004 0.001)
(0.0018749999999999999 0.083125000000000004 0.001)
(0.0025000000000000001 0.083125000000000004 0.0009999999999999998)
(0.003125000000000001 0.083125000000000004 0.001)
(0.0037499999999999999 0.083125000000000004 0.0009999999999999998)
(0.0043750000000000004 0.083125000000000004 0.001)
(0.005000000000000001 0.083125000000000004 0.001)
(0.0056250000000000007 0.083125000000000004 0.001)
(0.0062500000000000012 0.083125000000000004 0.001)
(0.006875 0.083125000000000004 0.001)
(0.0074999999999999997 0.083125000000000018 0.001)
(0.0081250000000000003 0.083125000000000004 0.001)
(0.0087499999999999991 0.083125000000000004 0.001)
(0.0093750000000000014 0.083125000000000004 0.001)
(0.01 0.083125000000000004 0.001)
(0.010625000000000001 0.083125000000000004 0.001)
(0.01125 0.083125000000000004 0.001)
(0.011875 0.083125000000000004 0.0009999999999999998)
(0.012500000000000001 0.083125000000000004 0.0009999999999999998)
(0.013125 0.083125000000000004 0.0009999999999999998)
(0.01375 0.083125000000000004 0.0009999999999999998)
(0.014375000000000001 0.083125000000000004 0.001)
(0.014999999999999999 0.083125000000000004 0.001)
(0.015625 0.083125000000000004 0.001)
(0.016250000000000001 0.083125000000000004 0.001)
(0.016875000000000001 0.083125000000000004 0.001)
(0.017500000000000002 0.083125000000000004 0.001)
(0.018124999999999999 0.083125000000000004 0.001)
(0.018749999999999999 0.083125000000000004 0.001)
(0.019375 0.083125000000000004 0.001)
(0.02 0.083125000000000004 0.001)
(0.020625000000000001 0.083125000000000004 0.001)
(0.021250000000000002 0.083125000000000004 0.001)
(0.021874999999999999 0.083125000000000004 0.0009999999999999998)
(0.022499999999999999 0.083125000000000004 0.001)
(0.02312500000000001 0.083125000000000004 0.0009999999999999998)
(0.02375 0.083125000000000004 0.001)
(0.024375000000000001 0.083125000000000004 0.001)
(0.025000000000000001 0.083125000000000004 0.001)
(0.025624999999999998 0.083125000000000004 0.001)
(0.026250000000000009 0.083125000000000018 0.001)
(0.026875 0.083125000000000004 0.001)
(0.0275 0.083125000000000004 0.001)
(0.028125000000000001 0.083125000000000004 0.001)
(0.028750000000000001 0.083125000000000004 0.001)
(0.029374999999999998 0.083125000000000018 0.001)
(0.029999999999999999 0.083125000000000004 0.001)
(0.030624999999999999 0.083125000000000004 0.0009999999999999998)
(0.03125 0.083125000000000004 0.0009999999999999998)
(0.031875000000000001 0.083125000000000004 0.001)
(0.032500000000000001 0.083125000000000018 0.0009999999999999998)
(0.033125000000000002 0.083125000000000004 0.001)
(0 0.083750000000000005 0.001)
(0.00062500000000000012 0.083750000000000005 0.001)
(0.00125 0.083749999999999991 0.001)
(0.0018749999999999999 0.083750000000000005 0.001)
(0.0025000000000000001 0.083750000000000005 0.001)
(0.0031250000000000002 0.083750000000000005 0.001)
(0.0037499999999999999 0.083750000000000005 0.001)
(0.0043750000000000004 0.083750000000000005 0.001)
(0.005000000000000001 0.083749999999999991 0.0009999999999999998)
(0.0056250000000000007 0.083750000000000005 0.001)
(0.0062499999999999986 0.083750000000000005 0.001)
(0.0068750000000000018 0.083749999999999991 0.001)
(0.0074999999999999997 0.083750000000000005 0.001)
(0.0081250000000000003 0.083749999999999991 0.001)
(0.0087500000000000008 0.083750000000000005 0.001)
(0.0093750000000000014 0.083750000000000005 0.001)
(0.01 0.083750000000000005 0.001)
(0.010625000000000001 0.083750000000000005 0.001)
(0.01125 0.083749999999999991 0.001)
(0.011875 0.083750000000000005 0.001)
(0.012500000000000001 0.083750000000000005 0.001)
(0.013125 0.083750000000000005 0.001)
(0.01375 0.083750000000000005 0.001)
(0.014375000000000001 0.083750000000000005 0.001)
(0.014999999999999999 0.083750000000000005 0.001)
(0.015625 0.083750000000000005 0.001)
(0.016250000000000001 0.083750000000000005 0.001)
(0.016875000000000001 0.083750000000000033 0.001)
(0.017500000000000002 0.083749999999999991 0.001)
(0.018124999999999999 0.083750000000000005 0.001)
(0.018749999999999999 0.083750000000000033 0.001)
(0.019375 0.083750000000000005 0.001)
(0.02 0.083750000000000005 0.001)
(0.020625000000000001 0.083749999999999991 0.001)
(0.021250000000000002 0.083749999999999991 0.001)
(0.021874999999999999 0.083749999999999991 0.001)
(0.02250000000000001 0.083750000000000005 0.001)
(0.023125 0.083750000000000005 0.001)
(0.02375 0.083749999999999991 0.0009999999999999998)
(0.024375000000000001 0.083750000000000005 0.001)
(0.025000000000000001 0.083750000000000005 0.001)
(0.025624999999999998 0.083750000000000005 0.001)
(0.026250000000000009 0.083750000000000005 0.001)
(0.026875 0.083750000000000005 0.001)
(0.027500000000000011 0.083750000000000005 0.001)
(0.028125000000000001 0.083750000000000005 0.001)
(0.028750000000000001 0.083750000000000005 0.001)
(0.029375000000000009 0.083750000000000033 0.001)
(0.029999999999999999 0.083749999999999991 0.001)
(0.03062500000000001 0.083750000000000033 0.001)
(0.03125 0.083750000000000005 0.001)
(0.031875000000000001 0.083750000000000005 0.001)
(0.032500000000000001 0.083750000000000033 0.001)
(0.033125000000000002 0.083749999999999991 0.001)
(0 0.084375000000000019 0.001)
(0.00062500000000000012 0.084375000000000019 0.0009999999999999998)
(0.00125 0.084375000000000019 0.001)
(0.0018749999999999999 0.084375000000000019 0.001)
(0.0025000000000000001 0.084375000000000019 0.001)
(0.003125000000000001 0.084374999999999992 0.001)
(0.0037499999999999999 0.084375000000000019 0.0009999999999999998)
(0.0043750000000000004 0.084375000000000019 0.001)
(0.005000000000000001 0.084374999999999992 0.001)
(0.0056250000000000007 0.084375000000000019 0.0009999999999999998)
(0.0062500000000000012 0.084375000000000019 0.0009999999999999998)
(0.0068750000000000018 0.084375000000000019 0.001)
(0.0074999999999999997 0.084375000000000019 0.001)
(0.0081250000000000003 0.084375000000000019 0.0009999999999999998)
(0.0087499999999999991 0.084375000000000019 0.001)
(0.0093750000000000014 0.084375000000000019 0.001)
(0.01 0.084374999999999992 0.001)
(0.010625000000000001 0.084375000000000019 0.001)
(0.01125 0.084374999999999992 0.0009999999999999998)
(0.011875 0.084374999999999992 0.001)
(0.012500000000000001 0.084375000000000019 0.001)
(0.013125 0.084375000000000019 0.001)
(0.01375 0.084375000000000019 0.0009999999999999998)
(0.014375000000000001 0.084374999999999992 0.001)
(0.014999999999999999 0.084375000000000019 0.001)
(0.015625 0.084375000000000019 0.001)
(0.016250000000000001 0.084374999999999992 0.001)
(0.016875000000000001 0.084375000000000019 0.001)
(0.017500000000000002 0.084375000000000019 0.001)
(0.018124999999999999 0.084374999999999992 0.001)
(0.018749999999999999 0.084374999999999992 0.0009999999999999998)
(0.019375 0.084375000000000019 0.001)
(0.02 0.084375000000000019 0.001)
(0.020625000000000001 0.084374999999999992 0.0009999999999999998)
(0.021250000000000002 0.084375000000000019 0.0009999999999999998)
(0.021874999999999999 0.084375000000000019 0.001)
(0.022499999999999999 0.084375000000000019 0.001)
(0.02312500000000001 0.084375000000000019 0.001)
(0.02375 0.084375000000000019 0.0009999999999999998)
(0.024375000000000001 0.084375000000000019 0.001)
(0.025000000000000001 0.084374999999999992 0.001)
(0.025624999999999998 0.084374999999999992 0.001)
(0.026250000000000009 0.084375000000000019 0.0009999999999999998)
(0.026875 0.084374999999999992 0.001)
(0.027500000000000011 0.084374999999999992 0.001)
(0.028125000000000001 0.084375000000000019 0.001)
(0.028750000000000001 0.084375000000000019 0.001)
(0.029374999999999998 0.084375000000000019 0.001)
(0.029999999999999999 0.084375000000000019 0.001)
(0.030624999999999999 0.084375000000000019 0.001)
(0.03125 0.084375000000000019 0.0009999999999999998)
(0.031874999999999987 0.084374999999999992 0.001)
(0.032500000000000001 0.084375000000000019 0.001)
(0.033125000000000002 0.084375000000000019 0.001)
(0 0.085000000000000006 0.001)
(0.00062500000000000012 0.08500000000000002 0.001)
(0.00125 0.085000000000000006 0.001)
(0.0018749999999999999 0.085000000000000006 0.001)
(0.0025000000000000001 0.085000000000000006 0.001)
(0.003125000000000001 0.085000000000000006 0.001)
(0.0037499999999999999 0.085000000000000006 0.001)
(0.0043750000000000004 0.08500000000000002 0.001)
(0.005000000000000001 0.085000000000000006 0.001)
(0.0056250000000000007 0.085000000000000006 0.001)
(0.0062500000000000012 0.085000000000000006 0.001)
(0.0068750000000000018 0.085000000000000006 0.001)
(0.0074999999999999997 0.085000000000000006 0.001)
(0.0081250000000000003 0.085000000000000006 0.001)
(0.0087499999999999991 0.085000000000000006 0.001)
(0.0093750000000000014 0.085000000000000006 0.001)
(0.01 0.085000000000000006 0.001)
(0.010625000000000001 0.08500000000000002 0.001)
(0.01125 0.085000000000000006 0.001)
(0.011875 0.085000000000000006 0.001)
(0.012500000000000001 0.085000000000000006 0.001)
(0.013125 0.08500000000000002 0.001)
(0.01375 0.085000000000000006 0.001)
(0.014375000000000001 0.085000000000000006 0.001)
(0.014999999999999999 0.085000000000000006 0.001)
(0.015625 0.085000000000000006 0.001)
(0.016250000000000001 0.08500000000000002 0.001)
(0.016875000000000001 0.085000000000000006 0.001)
(0.017500000000000002 0.085000000000000006 0.001)
(0.018124999999999999 0.085000000000000006 0.001)
(0.018749999999999999 0.085000000000000006 0.0009999999999999998)
(0.019375 0.085000000000000006 0.001)
(0.02 0.08500000000000002 0.001)
(0.020625000000000001 0.085000000000000006 0.001)
(0.021250000000000002 0.085000000000000006 0.0009999999999999998)
(0.021874999999999999 0.085000000000000006 0.001)
(0.02250000000000001 0.085000000000000006 0.001)
(0.023125 0.085000000000000006 0.001)
(0.02375 0.085000000000000006 0.0009999999999999998)
(0.024375000000000001 0.085000000000000006 0.001)
(0.025000000000000001 0.085000000000000006 0.001)
(0.025624999999999998 0.085000000000000006 0.001)
(0.026250000000000009 0.08500000000000002 0.001)
(0.026875 0.085000000000000006 0.001)
(0.027500000000000011 0.085000000000000006 0.001)
(0.028125000000000001 0.085000000000000006 0.001)
(0.028750000000000001 0.085000000000000006 0.001)
(0.029374999999999998 0.08500000000000002 0.001)
(0.029999999999999999 0.085000000000000006 0.001)
(0.03062500000000001 0.085000000000000006 0.001)
(0.03125 0.085000000000000006 0.001)
(0.031875000000000001 0.08500000000000002 0.001)
(0.032500000000000001 0.085000000000000006 0.001)
(0.033124999999999988 0.085000000000000006 0.001)
(0 0.085625000000000007 0.001)
(0.00062500000000000012 0.085625000000000007 0.0009999999999999998)
(0.00125 0.085625000000000007 0.001)
(0.0018749999999999999 0.085625000000000007 0.0009999999999999998)
(0.0025000000000000001 0.085625000000000007 0.001)
(0.003125000000000001 0.085625000000000007 0.001)
(0.0037499999999999999 0.085625000000000007 0.001)
(0.0043750000000000004 0.085625000000000007 0.001)
(0.005000000000000001 0.085625000000000007 0.0009999999999999998)
(0.0056250000000000007 0.085624999999999993 0.001)
(0.0062500000000000012 0.085625000000000007 0.001)
(0.0068750000000000018 0.085625000000000007 0.001)
(0.0074999999999999997 0.085625000000000007 0.001)
(0.0081250000000000003 0.085625000000000007 0.001)
(0.0087499999999999991 0.085625000000000007 0.001)
(0.0093749999999999997 0.085625000000000007 0.0009999999999999998)
(0.01 0.085625000000000007 0.001)
(0.010625000000000001 0.085625000000000007 0.001)
(0.01125 0.085625000000000007 0.001)
(0.011875 0.085625000000000007 0.0009999999999999998)
(0.012500000000000001 0.085625000000000007 0.001)
(0.013125 0.085625000000000007 0.001)
(0.01375 0.085625000000000007 0.001)
(0.014375000000000001 0.085625000000000007 0.001)
(0.014999999999999999 0.085625000000000007 0.001)
(0.015625 0.085625000000000007 0.001)
(0.016250000000000001 0.085625000000000007 0.0009999999999999998)
(0.016875000000000001 0.085625000000000007 0.001)
(0.017500000000000002 0.085625000000000007 0.001)
(0.018124999999999999 0.085625000000000007 0.001)
(0.018749999999999999 0.085625000000000007 0.001)
(0.019375 0.085625000000000007 0.001)
(0.02 0.085625000000000007 0.001)
(0.020625000000000001 0.085625000000000007 0.0009999999999999998)
(0.021250000000000002 0.085625000000000007 0.001)
(0.021874999999999999 0.085625000000000007 0.001)
(0.022499999999999999 0.085625000000000007 0.001)
(0.02312500000000001 0.085625000000000007 0.001)
(0.02375 0.085625000000000007 0.0009999999999999998)
(0.024375000000000001 0.085625000000000007 0.001)
(0.025000000000000001 0.085625000000000007 0.0009999999999999998)
(0.025624999999999998 0.085625000000000007 0.001)
(0.026250000000000009 0.085625000000000007 0.001)
(0.026875 0.085625000000000007 0.001)
(0.027500000000000011 0.085625000000000007 0.001)
(0.028125000000000001 0.085625000000000007 0.0009999999999999998)
(0.028750000000000001 0.085625000000000007 0.001)
(0.029374999999999998 0.085625000000000007 0.0009999999999999998)
(0.029999999999999999 0.085625000000000007 0.001)
(0.030624999999999999 0.085625000000000007 0.001)
(0.03125 0.085625000000000007 0.001)
(0.031875000000000001 0.085625000000000007 0.001)
(0.032500000000000001 0.085625000000000007 0.0009999999999999998)
(0.033125000000000002 0.085625000000000007 0.001)
(0 0.086250000000000007 0.001)
(0.00062500000000000012 0.086250000000000007 0.001)
(0.00125 0.086250000000000007 0.001)
(0.0018749999999999999 0.086250000000000007 0.001)
(0.0025000000000000001 0.086250000000000007 0.001)
(0.0031250000000000002 0.086250000000000007 0.001)
(0.0037499999999999999 0.086250000000000007 0.001)
(0.0043750000000000004 0.086250000000000007 0.001)
(0.005000000000000001 0.086249999999999993 0.001)
(0.0056250000000000007 0.086250000000000007 0.001)
(0.0062499999999999986 0.086250000000000007 0.001)
(0.0068750000000000018 0.086250000000000007 0.001)
(0.0074999999999999997 0.086250000000000007 0.001)
(0.0081250000000000003 0.086250000000000007 0.001)
(0.0087499999999999991 0.086250000000000007 0.001)
(0.0093750000000000014 0.086250000000000007 0.001)
(0.01 0.086250000000000007 0.001)
(0.010625000000000001 0.086250000000000035 0.001)
(0.01125 0.086250000000000007 0.0009999999999999998)
(0.011875 0.086250000000000007 0.0009999999999999998)
(0.012500000000000001 0.086250000000000007 0.0009999999999999998)
(0.013125 0.086250000000000007 0.0009999999999999998)
(0.01375 0.086250000000000007 0.001)
(0.014375000000000001 0.086250000000000007 0.0009999999999999998)
(0.014999999999999999 0.086250000000000007 0.001)
(0.015625 0.086250000000000007 0.0009999999999999998)
(0.016250000000000001 0.086250000000000007 0.001)
(0.016875000000000001 0.086250000000000007 0.0009999999999999998)
(0.017500000000000002 0.086250000000000007 0.0009999999999999998)
(0.018124999999999999 0.086249999999999993 0.001)
(0.018749999999999999 0.086250000000000007 0.001)
(0.019375 0.086250000000000007 0.001)
(0.02 0.086250000000000007 0.001)
(0.020625000000000001 0.086250000000000007 0.001)
(0.021250000000000002 0.086250000000000007 0.001)
(0.021874999999999999 0.086250000000000007 0.001)
(0.022499999999999999 0.086250000000000007 0.001)
(0.023125 0.086250000000000007 0.001)
(0.02375 0.086250000000000007 0.001)
(0.024375000000000001 0.086250000000000007 0.001)
(0.025000000000000001 0.086250000000000007 0.001)
(0.025624999999999998 0.086250000000000007 0.001)
(0.026250000000000009 0.086250000000000007 0.001)
(0.026875 0.086250000000000007 0.001)
(0.027500000000000011 0.086250000000000007 0.001)
(0.028125000000000001 0.086250000000000007 0.001)
(0.028750000000000001 0.086250000000000007 0.001)
(0.029374999999999998 0.086250000000000007 0.001)
(0.029999999999999999 0.086249999999999993 0.001)
(0.030624999999999999 0.086250000000000007 0.001)
(0.03125 0.086250000000000007 0.001)
(0.031875000000000001 0.086250000000000007 0.001)
(0.032500000000000001 0.086250000000000007 0.001)
(0.033125000000000002 0.086250000000000007 0.001)
(0 0.086874999999999994 0.001)
(0.00062500000000000012 0.086875000000000022 0.001)
(0.00125 0.086874999999999994 0.001)
(0.0018749999999999999 0.086874999999999994 0.001)
(0.0025000000000000001 0.086874999999999994 0.001)
(0.003125000000000001 0.086874999999999994 0.001)
(0.0037499999999999999 0.086875000000000022 0.001)
(0.0043750000000000004 0.086874999999999994 0.001)
(0.005000000000000001 0.086874999999999994 0.001)
(0.0056250000000000007 0.086874999999999994 0.001)
(0.0062500000000000012 0.086874999999999994 0.001)
(0.006875 0.086875000000000022 0.001)
(0.0074999999999999997 0.086874999999999994 0.001)
(0.0081250000000000003 0.086875000000000022 0.001)
(0.0087499999999999991 0.086874999999999994 0.001)
(0.0093750000000000014 0.086874999999999994 0.001)
(0.01 0.086875000000000022 0.001)
(0.010625000000000001 0.086874999999999994 0.001)
(0.01125 0.086874999999999994 0.001)
(0.011875 0.086874999999999994 0.001)
(0.012500000000000001 0.086874999999999994 0.001)
(0.013125 0.086874999999999994 0.001)
(0.01375 0.086874999999999994 0.001)
(0.014375000000000001 0.086875000000000022 0.0009999999999999998)
(0.014999999999999999 0.086874999999999994 0.001)
(0.015625 0.086874999999999994 0.0009999999999999998)
(0.016250000000000001 0.086874999999999994 0.001)
(0.016875000000000001 0.086874999999999994 0.0009999999999999998)
(0.017500000000000002 0.086874999999999994 0.0009999999999999998)
(0.018124999999999999 0.086874999999999994 0.001)
(0.018749999999999999 0.086875000000000022 0.001)
(0.019375 0.086874999999999994 0.0009999999999999998)
(0.02 0.086874999999999994 0.001)
(0.020625000000000001 0.086875000000000022 0.0009999999999999998)
(0.021250000000000002 0.086874999999999994 0.001)
(0.021874999999999999 0.086874999999999994 0.001)
(0.022499999999999999 0.086874999999999994 0.001)
(0.02312500000000001 0.086875000000000022 0.001)
(0.02375 0.086875000000000022 0.001)
(0.024375000000000001 0.086874999999999994 0.001)
(0.025000000000000001 0.086875000000000022 0.001)
(0.025624999999999998 0.086874999999999994 0.001)
(0.026250000000000009 0.086874999999999994 0.001)
(0.026875 0.086875000000000022 0.001)
(0.0275 0.086874999999999994 0.001)
(0.028125000000000001 0.086874999999999994 0.001)
(0.028750000000000001 0.086874999999999994 0.001)
(0.029374999999999998 0.086875000000000022 0.001)
(0.029999999999999999 0.086874999999999994 0.001)
(0.030624999999999999 0.086874999999999994 0.001)
(0.03125 0.086875000000000022 0.001)
(0.031874999999999987 0.086875000000000022 0.001)
(0.032500000000000001 0.086874999999999994 0.001)
(0.033125000000000002 0.086875000000000022 0.001)
(0 0.087500000000000008 0.001)
(0.00062500000000000012 0.087500000000000008 0.001)
(0.00125 0.087500000000000022 0.001)
(0.0018749999999999999 0.087500000000000008 0.001)
(0.0025000000000000001 0.087500000000000008 0.001)
(0.003125000000000001 0.087500000000000022 0.001)
(0.0037499999999999999 0.087500000000000022 0.001)
(0.0043750000000000004 0.087500000000000022 0.001)
(0.005000000000000001 0.087500000000000008 0.001)
(0.0056250000000000007 0.087500000000000008 0.001)
(0.0062500000000000012 0.087500000000000008 0.001)
(0.0068750000000000018 0.087500000000000008 0.001)
(0.0074999999999999997 0.087500000000000022 0.001)
(0.0081250000000000003 0.087500000000000008 0.001)
(0.0087499999999999991 0.087500000000000008 0.001)
(0.0093750000000000014 0.087500000000000008 0.001)
(0.01 0.087500000000000008 0.001)
(0.010625000000000001 0.087500000000000022 0.001)
(0.01125 0.087500000000000008 0.001)
(0.011875 0.087500000000000022 0.001)
(0.012500000000000001 0.087500000000000008 0.001)
(0.013125 0.087500000000000008 0.001)
(0.01375 0.087500000000000022 0.001)
(0.014375000000000001 0.087500000000000008 0.001)
(0.014999999999999999 0.087500000000000008 0.001)
(0.015625 0.087500000000000008 0.001)
(0.016250000000000001 0.087500000000000008 0.001)
(0.016875000000000001 0.087500000000000022 0.001)
(0.017500000000000002 0.087500000000000008 0.001)
(0.018124999999999999 0.087500000000000008 0.001)
(0.018749999999999999 0.087500000000000008 0.001)
(0.019375 0.087500000000000008 0.001)
(0.02 0.087500000000000022 0.001)
(0.020625000000000001 0.087500000000000008 0.001)
(0.021250000000000002 0.087500000000000008 0.001)
(0.021874999999999999 0.087500000000000008 0.001)
(0.022499999999999999 0.087500000000000022 0.001)
(0.02312500000000001 0.087500000000000022 0.0009999999999999998)
(0.02375 0.087500000000000008 0.001)
(0.024375000000000001 0.087500000000000008 0.001)
(0.025000000000000001 0.087500000000000008 0.001)
(0.025624999999999998 0.087500000000000008 0.001)
(0.026250000000000009 0.087500000000000022 0.0009999999999999998)
(0.026875 0.087500000000000008 0.001)
(0.027500000000000011 0.087500000000000022 0.001)
(0.028125000000000001 0.087500000000000022 0.001)
(0.028750000000000001 0.087500000000000008 0.001)
(0.029374999999999998 0.087500000000000008 0.0009999999999999998)
(0.029999999999999999 0.087500000000000008 0.001)
(0.030624999999999999 0.087500000000000008 0.001)
(0.03125 0.087500000000000008 0.001)
(0.031875000000000001 0.087500000000000008 0.001)
(0.032500000000000001 0.087500000000000008 0.0009999999999999998)
(0.033125000000000002 0.087500000000000008 0.001)
(0 0.088125000000000009 0.001)
(0.00062500000000000012 0.088125000000000009 0.001)
(0.00125 0.088125000000000009 0.001)
(0.0018749999999999999 0.088125000000000009 0.001)
(0.0025000000000000001 0.088125000000000009 0.001)
(0.003125000000000001 0.088125000000000009 0.001)
(0.0037499999999999999 0.088125000000000009 0.001)
(0.0043750000000000004 0.088125000000000009 0.001)
(0.005000000000000001 0.088125000000000009 0.001)
(0.0056250000000000007 0.088125000000000009 0.001)
(0.0062500000000000012 0.088125000000000009 0.001)
(0.0068750000000000018 0.088125000000000009 0.001)
(0.0074999999999999997 0.088125000000000009 0.001)
(0.0081250000000000003 0.088125000000000009 0.0009999999999999998)
(0.0087499999999999991 0.088125000000000009 0.001)
(0.0093750000000000014 0.088125000000000009 0.001)
(0.01 0.088125000000000009 0.001)
(0.010625000000000001 0.088125000000000009 0.001)
(0.01125 0.088125000000000009 0.001)
(0.011875 0.088125000000000009 0.001)
(0.012500000000000001 0.088125000000000009 0.001)
(0.013125 0.088125000000000009 0.001)
(0.01375 0.088125000000000009 0.001)
(0.014375000000000001 0.088125000000000009 0.0009999999999999998)
(0.014999999999999999 0.088125000000000009 0.001)
(0.015625 0.088125000000000009 0.001)
(0.016250000000000001 0.088125000000000009 0.001)
(0.016875000000000001 0.088125000000000009 0.001)
(0.017500000000000002 0.088125000000000009 0.001)
(0.018124999999999999 0.088125000000000009 0.001)
(0.018749999999999999 0.088125000000000009 0.001)
(0.019375 0.088125000000000009 0.001)
(0.02 0.088125000000000009 0.001)
(0.020625000000000001 0.088125000000000009 0.001)
(0.021250000000000002 0.088125000000000009 0.001)
(0.021875000000000009 0.088125000000000009 0.001)
(0.022499999999999999 0.088125000000000009 0.001)
(0.02312500000000001 0.088125000000000009 0.001)
(0.02375 0.088125000000000009 0.0009999999999999998)
(0.024375000000000001 0.088125000000000009 0.001)
(0.025000000000000001 0.088125000000000009 0.001)
(0.025624999999999998 0.088125000000000009 0.001)
(0.026250000000000009 0.088125000000000009 0.001)
(0.026875 0.088125000000000009 0.001)
(0.027500000000000011 0.088125000000000009 0.001)
(0.028125000000000001 0.088125000000000009 0.001)
(0.028750000000000001 0.088125000000000009 0.001)
(0.029374999999999998 0.088125000000000009 0.001)
(0.029999999999999999 0.088125000000000009 0.0009999999999999998)
(0.030624999999999999 0.088125000000000009 0.001)
(0.03125 0.088125000000000009 0.001)
(0.031875000000000001 0.088125000000000009 0.001)
(0.032500000000000001 0.088125000000000009 0.001)
(0.033125000000000009 0.088125000000000009 0.001)
(0 0.088749999999999996 0.001)
(0.00062500000000000012 0.088749999999999996 0.0009999999999999998)
(0.00125 0.088749999999999996 0.001)
(0.0018749999999999999 0.088749999999999996 0.001)
(0.0025000000000000001 0.088749999999999996 0.001)
(0.003125000000000001 0.088749999999999996 0.001)
(0.003749999999999999 0.088749999999999996 0.0009999999999999998)
(0.0043750000000000004 0.088749999999999996 0.001)
(0.005000000000000001 0.088749999999999996 0.001)
(0.0056250000000000007 0.088749999999999996 0.001)
(0.0062500000000000012 0.088749999999999996 0.001)
(0.0068750000000000018 0.088749999999999996 0.001)
(0.0074999999999999997 0.088749999999999996 0.001)
(0.0081250000000000003 0.088749999999999996 0.001)
(0.0087499999999999991 0.088749999999999996 0.001)
(0.0093750000000000014 0.088749999999999996 0.001)
(0.01 0.088749999999999996 0.001)
(0.010625000000000001 0.088749999999999996 0.001)
(0.01125 0.088749999999999996 0.001)
(0.011875 0.088749999999999996 0.001)
(0.012500000000000001 0.088749999999999996 0.001)
(0.013125 0.088749999999999996 0.001)
(0.01375 0.088749999999999996 0.001)
(0.014375000000000001 0.088749999999999996 0.001)
(0.014999999999999999 0.088749999999999996 0.001)
(0.015625 0.088749999999999996 0.0009999999999999998)
(0.016250000000000001 0.088749999999999996 0.001)
(0.016875000000000001 0.088749999999999996 0.001)
(0.017500000000000002 0.088749999999999996 0.001)
(0.018124999999999999 0.088749999999999996 0.001)
(0.018749999999999999 0.088749999999999996 0.0009999999999999998)
(0.019375 0.088749999999999996 0.001)
(0.02 0.088749999999999996 0.001)
(0.020625000000000001 0.088749999999999996 0.001)
(0.021250000000000002 0.088749999999999996 0.001)
(0.021875000000000009 0.088749999999999996 0.0009999999999999998)
(0.022499999999999999 0.088749999999999996 0.001)
(0.023125 0.088749999999999996 0.001)
(0.02375 0.088749999999999996 0.0009999999999999998)
(0.024375000000000001 0.088749999999999996 0.001)
(0.025000000000000001 0.088749999999999996 0.001)
(0.025624999999999998 0.088749999999999996 0.001)
(0.026250000000000009 0.088749999999999996 0.001)
(0.026875 0.088749999999999996 0.0009999999999999998)
(0.027500000000000011 0.088749999999999996 0.001)
(0.028125000000000001 0.088749999999999996 0.001)
(0.028750000000000001 0.088749999999999996 0.001)
(0.029374999999999998 0.088749999999999996 0.001)
(0.029999999999999999 0.088749999999999996 0.0009999999999999998)
(0.030624999999999999 0.088749999999999996 0.001)
(0.03125 0.088749999999999996 0.001)
(0.031874999999999987 0.088749999999999996 0.0009999999999999998)
(0.032500000000000001 0.088750000000000009 0.001)
(0.033125000000000002 0.088749999999999996 0.001)
(0 0.089375000000000024 0.001)
(0.00062500000000000012 0.089375000000000024 0.001)
(0.00125 0.089375000000000024 0.001)
(0.0018749999999999999 0.089375000000000024 0.001)
(0.0025000000000000001 0.089375000000000024 0.001)
(0.003125000000000001 0.089375000000000024 0.001)
(0.0037499999999999999 0.089375000000000024 0.001)
(0.0043750000000000004 0.089375000000000024 0.001)
(0.005000000000000001 0.089375000000000024 0.001)
(0.0056250000000000007 0.089375000000000024 0.001)
(0.0062500000000000012 0.089375000000000024 0.001)
(0.0068750000000000018 0.089375000000000024 0.001)
(0.0074999999999999997 0.089375000000000024 0.001)
(0.0081250000000000003 0.089375000000000024 0.001)
(0.0087499999999999991 0.089375000000000024 0.001)
(0.0093750000000000014 0.089375000000000024 0.001)
(0.01 0.089374999999999996 0.0009999999999999998)
(0.010625000000000001 0.089374999999999996 0.001)
(0.01125 0.089374999999999996 0.0009999999999999998)
(0.011875 0.089374999999999996 0.0009999999999999998)
(0.012500000000000001 0.089375000000000024 0.001)
(0.013125 0.089375000000000024 0.001)
(0.01375 0.089375000000000024 0.001)
(0.014375000000000001 0.089375000000000024 0.001)
(0.014999999999999999 0.089375000000000024 0.001)
(0.015625 0.089375000000000024 0.001)
(0.016250000000000001 0.089375000000000024 0.001)
(0.016875000000000001 0.089375000000000024 0.001)
(0.017500000000000002 0.089374999999999996 0.001)
(0.018124999999999999 0.089374999999999996 0.001)
(0.018749999999999999 0.089374999999999996 0.001)
(0.019375 0.089375000000000024 0.001)
(0.02 0.089375000000000024 0.001)
(0.020625000000000001 0.089375000000000024 0.001)
(0.021250000000000002 0.089375000000000024 0.001)
(0.021875000000000009 0.089375000000000024 0.001)
(0.022499999999999999 0.089375000000000024 0.001)
(0.023125 0.089374999999999996 0.001)
(0.02375 0.089374999999999996 0.001)
(0.024375000000000001 0.089374999999999996 0.001)
(0.025000000000000001 0.089375000000000024 0.001)
(0.025624999999999998 0.089375000000000024 0.001)
(0.026250000000000009 0.089375000000000024 0.001)
(0.026875 0.089375000000000024 0.001)
(0.027500000000000011 0.089375000000000024 0.001)
(0.028125000000000001 0.089375000000000024 0.001)
(0.028750000000000001 0.089375000000000024 0.001)
(0.029374999999999998 0.089375000000000024 0.0009999999999999998)
(0.029999999999999999 0.089375000000000024 0.0009999999999999998)
(0.030624999999999999 0.089375000000000024 0.0009999999999999998)
(0.03125 0.089374999999999996 0.0009999999999999998)
(0.031875000000000001 0.089374999999999996 0.001)
(0.032500000000000001 0.089375000000000024 0.001)
(0.033125000000000002 0.089374999999999996 0.001)
(0 0.090000000000000011 0.001)
(0.00062500000000000012 0.090000000000000011 0.001)
(0.00125 0.090000000000000011 0.001)
(0.0018749999999999999 0.090000000000000011 0.001)
(0.0025000000000000001 0.090000000000000011 0.001)
(0.003125000000000001 0.090000000000000011 0.001)
(0.0037499999999999999 0.090000000000000011 0.001)
(0.0043750000000000004 0.090000000000000011 0.001)
(0.005000000000000001 0.090000000000000011 0.0009999999999999998)
(0.0056250000000000007 0.090000000000000011 0.0009999999999999998)
(0.0062500000000000012 0.090000000000000011 0.001)
(0.0068750000000000018 0.090000000000000011 0.0009999999999999998)
(0.0074999999999999997 0.090000000000000024 0.001)
(0.0081250000000000003 0.090000000000000011 0.0009999999999999998)
(0.0087499999999999991 0.090000000000000011 0.001)
(0.0093750000000000014 0.090000000000000011 0.0009999999999999998)
(0.01 0.090000000000000011 0.0009999999999999998)
(0.010625000000000001 0.090000000000000011 0.0009999999999999998)
(0.01125 0.090000000000000011 0.001)
(0.011875 0.090000000000000011 0.001)
(0.012500000000000001 0.090000000000000011 0.001)
(0.013125 0.090000000000000011 0.001)
(0.01375 0.090000000000000024 0.001)
(0.014375000000000001 0.090000000000000011 0.001)
(0.014999999999999999 0.090000000000000011 0.001)
(0.015625 0.090000000000000011 0.001)
(0.016250000000000001 0.090000000000000011 0.001)
(0.016875000000000001 0.090000000000000011 0.001)
(0.017500000000000002 0.090000000000000011 0.001)
(0.018124999999999999 0.090000000000000011 0.001)
(0.018749999999999999 0.090000000000000024 0.001)
(0.019375 0.090000000000000024 0.001)
(0.02 0.090000000000000024 0.001)
(0.020625000000000001 0.090000000000000011 0.001)
(0.021250000000000002 0.090000000000000011 0.001)
(0.021874999999999999 0.090000000000000011 0.001)
(0.022499999999999999 0.090000000000000011 0.001)
(0.023125 0.090000000000000011 0.001)
(0.02375 0.090000000000000011 0.001)
(0.024375000000000001 0.090000000000000011 0.001)
(0.025000000000000001 0.090000000000000011 0.001)
(0.025624999999999998 0.090000000000000011 0.001)
(0.026250000000000009 0.090000000000000024 0.001)
(0.026875 0.090000000000000011 0.0009999999999999998)
(0.027500000000000011 0.090000000000000011 0.001)
(0.028125000000000001 0.090000000000000011 0.0009999999999999998)
(0.028750000000000001 0.090000000000000024 0.001)
(0.029374999999999998 0.090000000000000011 0.001)
(0.029999999999999999 0.090000000000000011 0.001)
(0.030624999999999999 0.090000000000000011 0.0009999999999999998)
(0.03125 0.090000000000000011 0.0009999999999999998)
(0.031875000000000001 0.090000000000000011 0.001)
(0.032500000000000001 0.090000000000000024 0.001)
(0.033125000000000002 0.090000000000000011 0.001)
(0 0.090625000000000011 0.001)
(0.00062500000000000012 0.090625000000000011 0.001)
(0.00125 0.090625000000000011 0.001)
(0.0018749999999999999 0.090625000000000011 0.0009999999999999998)
(0.0025000000000000001 0.090625000000000011 0.001)
(0.003125000000000001 0.090625000000000011 0.001)
(0.0037499999999999999 0.090625000000000011 0.001)
(0.0043750000000000004 0.090625000000000011 0.001)
(0.005000000000000001 0.090625000000000011 0.001)
(0.0056250000000000007 0.090625000000000011 0.0009999999999999998)
(0.0062500000000000012 0.090625000000000011 0.0009999999999999998)
(0.0068750000000000018 0.090625000000000011 0.001)
(0.0074999999999999997 0.090625000000000011 0.001)
(0.008125000000000002 0.090625000000000011 0.001)
(0.0087499999999999991 0.090625000000000011 0.001)
(0.0093750000000000014 0.090625000000000011 0.001)
(0.01 0.090625000000000011 0.0009999999999999998)
(0.010625000000000001 0.090625000000000011 0.001)
(0.01125 0.090625000000000011 0.001)
(0.011875 0.090625000000000011 0.001)
(0.012500000000000001 0.090625000000000011 0.001)
(0.013125 0.090625000000000011 0.001)
(0.01375 0.090625000000000011 0.001)
(0.014375000000000001 0.090625000000000011 0.0009999999999999998)
(0.014999999999999999 0.090624999999999997 0.001)
(0.015625 0.090625000000000011 0.001)
(0.016250000000000001 0.090625000000000011 0.001)
(0.016875000000000001 0.090625000000000011 0.001)
(0.017500000000000002 0.090625000000000011 0.001)
(0.018124999999999999 0.090625000000000011 0.0009999999999999998)
(0.018749999999999999 0.090625000000000011 0.0009999999999999998)
(0.019375 0.090625000000000011 0.001)
(0.02 0.090625000000000011 0.001)
(0.020625000000000001 0.090625000000000011 0.001)
(0.021250000000000002 0.090625000000000011 0.001)
(0.021874999999999999 0.090625000000000011 0.001)
(0.022499999999999999 0.090625000000000011 0.001)
(0.023125 0.090625000000000011 0.001)
(0.02375 0.090625000000000011 0.001)
(0.024375000000000001 0.090625000000000011 0.001)
(0.025000000000000001 0.090625000000000011 0.001)
(0.025624999999999998 0.090625000000000011 0.001)
(0.026250000000000009 0.090625000000000011 0.001)
(0.026875 0.090625000000000011 0.001)
(0.027500000000000011 0.090625000000000011 0.001)
(0.028125000000000001 0.090625000000000011 0.001)
(0.028750000000000001 0.090625000000000011 0.001)
(0.029374999999999998 0.090625000000000011 0.001)
(0.029999999999999999 0.090625000000000011 0.001)
(0.030624999999999999 0.090625000000000011 0.001)
(0.03125 0.090625000000000011 0.0009999999999999998)
(0.031875000000000001 0.090625000000000011 0.001)
(0.032500000000000001 0.090625000000000011 0.001)
(0.033125000000000009 0.090625000000000011 0.001)
(0 0.091249999999999998 0.001)
(0.00062500000000000012 0.091249999999999998 0.001)
(0.00125 0.091249999999999998 0.001)
(0.0018749999999999999 0.091249999999999998 0.001)
(0.0025000000000000001 0.091249999999999998 0.0009999999999999998)
(0.003125000000000001 0.091249999999999998 0.001)
(0.0037499999999999999 0.091249999999999998 0.001)
(0.0043750000000000004 0.091249999999999998 0.001)
(0.005000000000000001 0.091249999999999998 0.001)
(0.0056250000000000007 0.091249999999999998 0.001)
(0.0062500000000000012 0.091249999999999998 0.0009999999999999998)
(0.0068750000000000018 0.091249999999999998 0.0009999999999999998)
(0.0074999999999999997 0.091250000000000012 0.001)
(0.0081250000000000003 0.091249999999999998 0.001)
(0.0087499999999999991 0.091249999999999998 0.001)
(0.0093750000000000014 0.091249999999999998 0.001)
(0.01 0.091249999999999998 0.001)
(0.010625000000000001 0.091249999999999998 0.001)
(0.01125 0.091249999999999998 0.001)
(0.011875 0.091249999999999998 0.001)
(0.012500000000000001 0.091249999999999998 0.001)
(0.013125 0.091249999999999998 0.001)
(0.01375 0.091250000000000012 0.001)
(0.014375000000000001 0.091249999999999998 0.0009999999999999998)
(0.014999999999999999 0.091249999999999998 0.001)
(0.015625 0.091249999999999998 0.001)
(0.016250000000000001 0.091249999999999998 0.001)
(0.016875000000000001 0.091249999999999998 0.001)
(0.017500000000000002 0.091249999999999998 0.001)
(0.018124999999999999 0.091249999999999998 0.001)
(0.018749999999999999 0.091249999999999998 0.0009999999999999998)
(0.019375 0.091249999999999998 0.001)
(0.02 0.091249999999999998 0.001)
(0.020625000000000001 0.091249999999999998 0.001)
(0.021250000000000002 0.091249999999999998 0.001)
(0.021874999999999999 0.091249999999999998 0.001)
(0.022499999999999999 0.091249999999999998 0.001)
(0.02312500000000001 0.091250000000000012 0.001)
(0.02375 0.091249999999999998 0.001)
(0.024375000000000001 0.091249999999999998 0.001)
(0.025000000000000001 0.091249999999999998 0.001)
(0.025624999999999998 0.091249999999999998 0.001)
(0.026250000000000009 0.091249999999999998 0.001)
(0.026875 0.091249999999999998 0.0009999999999999998)
(0.027500000000000011 0.091249999999999998 0.001)
(0.028125000000000001 0.091249999999999998 0.001)
(0.028750000000000001 0.091249999999999998 0.001)
(0.029374999999999998 0.091249999999999998 0.001)
(0.029999999999999999 0.091249999999999998 0.001)
(0.030624999999999999 0.091249999999999998 0.001)
(0.03125 0.091249999999999998 0.0009999999999999998)
(0.031874999999999987 0.091250000000000012 0.001)
(0.032500000000000001 0.091249999999999998 0.001)
(0.033125000000000002 0.091249999999999998 0.001)
(0 0.091874999999999998 0.001)
(0.00062500000000000012 0.091874999999999998 0.0009999999999999998)
(0.00125 0.091874999999999998 0.001)
(0.0018749999999999999 0.091874999999999998 0.001)
(0.0025000000000000001 0.091874999999999998 0.0009999999999999998)
(0.0031250000000000002 0.091874999999999998 0.001)
(0.0037499999999999999 0.091874999999999998 0.001)
(0.0043750000000000004 0.091874999999999998 0.001)
(0.005000000000000001 0.091874999999999998 0.001)
(0.0056250000000000024 0.091874999999999998 0.001)
(0.0062499999999999986 0.091874999999999998 0.001)
(0.0068750000000000018 0.091874999999999998 0.001)
(0.0074999999999999997 0.091874999999999998 0.001)
(0.0081250000000000003 0.091874999999999998 0.0009999999999999998)
(0.0087499999999999991 0.091874999999999998 0.001)
(0.0093750000000000014 0.091874999999999998 0.001)
(0.01 0.091874999999999998 0.0009999999999999998)
(0.010625000000000001 0.091874999999999998 0.001)
(0.01125 0.091874999999999998 0.001)
(0.011875 0.091874999999999998 0.0009999999999999998)
(0.012500000000000001 0.091874999999999998 0.001)
(0.013125 0.091874999999999998 0.001)
(0.01375 0.091874999999999998 0.001)
(0.014375000000000001 0.091874999999999998 0.001)
(0.014999999999999999 0.091874999999999998 0.001)
(0.015625 0.091874999999999998 0.0009999999999999998)
(0.016250000000000001 0.091874999999999998 0.001)
(0.016875000000000001 0.091874999999999998 0.001)
(0.017500000000000002 0.091874999999999998 0.001)
(0.018124999999999999 0.091874999999999998 0.001)
(0.018749999999999999 0.091874999999999998 0.001)
(0.019375 0.091874999999999998 0.001)
(0.02 0.091874999999999998 0.001)
(0.020625000000000001 0.091874999999999984 0.001)
(0.021250000000000002 0.091874999999999998 0.001)
(0.021874999999999999 0.091874999999999998 0.001)
(0.022499999999999999 0.091874999999999998 0.001)
(0.023125 0.091874999999999998 0.001)
(0.02375 0.091874999999999984 0.001)
(0.024375000000000001 0.091874999999999998 0.001)
(0.025000000000000001 0.091874999999999998 0.001)
(0.025624999999999998 0.091874999999999998 0.001)
(0.026250000000000009 0.091874999999999998 0.001)
(0.026875 0.091874999999999998 0.001)
(0.027500000000000011 0.091874999999999998 0.001)
(0.028125000000000001 0.091874999999999998 0.001)
(0.028750000000000001 0.091874999999999998 0.001)
(0.029374999999999998 0.091874999999999998 0.0009999999999999998)
(0.029999999999999999 0.091874999999999998 0.001)
(0.030624999999999999 0.091874999999999998 0.001)
(0.03125 0.091874999999999984 0.0009999999999999998)
(0.031875000000000001 0.091874999999999998 0.001)
(0.032500000000000001 0.091874999999999998 0.001)
(0.033125000000000002 0.091874999999999998 0.001)
(0 0.092500000000000013 0.001)
(0.00062500000000000012 0.092500000000000027 0.001)
(0.00125 0.092500000000000027 0.001)
(0.0018749999999999999 0.092500000000000013 0.001)
(0.0025000000000000001 0.092499999999999985 0.001)
(0.003125000000000001 0.092500000000000013 0.001)
(0.0037499999999999999 0.092500000000000027 0.001)
(0.0043750000000000004 0.092500000000000027 0.001)
(0.005000000000000001 0.092500000000000013 0.001)
(0.0056250000000000007 0.092500000000000027 0.001)
(0.0062500000000000012 0.092500000000000013 0.001)
(0.0068750000000000018 0.092500000000000013 0.001)
(0.0074999999999999997 0.092500000000000027 0.001)
(0.0081250000000000003 0.092499999999999985 0.001)
(0.0087499999999999991 0.092500000000000027 0.001)
(0.0093750000000000014 0.092500000000000013 0.001)
(0.01 0.092500000000000013 0.001)
(0.010625000000000001 0.092500000000000027 0.001)
(0.01125 0.092500000000000013 0.001)
(0.011875 0.092500000000000013 0.001)
(0.012500000000000001 0.092500000000000013 0.001)
(0.013125 0.092500000000000027 0.001)
(0.01375 0.092500000000000013 0.001)
(0.014375000000000001 0.092500000000000027 0.001)
(0.014999999999999999 0.092500000000000013 0.001)
(0.015625 0.092500000000000027 0.001)
(0.016250000000000001 0.092500000000000027 0.001)
(0.016875000000000001 0.092500000000000027 0.001)
(0.017500000000000002 0.092500000000000013 0.001)
(0.018124999999999999 0.092500000000000013 0.001)
(0.018749999999999999 0.092500000000000013 0.001)
(0.019375 0.092500000000000013 0.0009999999999999998)
(0.02 0.092500000000000027 0.001)
(0.020625000000000001 0.092500000000000013 0.001)
(0.021250000000000002 0.092500000000000027 0.001)
(0.021874999999999999 0.092500000000000013 0.001)
(0.022499999999999999 0.092500000000000013 0.001)
(0.023125 0.092500000000000027 0.001)
(0.02375 0.092500000000000013 0.001)
(0.024375000000000001 0.092500000000000013 0.001)
(0.025000000000000001 0.092500000000000013 0.001)
(0.025624999999999998 0.092500000000000013 0.001)
(0.026250000000000009 0.092500000000000013 0.001)
(0.026875 0.092500000000000013 0.0009999999999999998)
(0.027500000000000011 0.092500000000000013 0.001)
(0.028125000000000001 0.092500000000000027 0.001)
(0.028750000000000001 0.092500000000000027 0.001)
(0.029374999999999998 0.092500000000000013 0.001)
(0.029999999999999999 0.092500000000000013 0.001)
(0.030624999999999999 0.092500000000000013 0.001)
(0.03125 0.092500000000000013 0.001)
(0.031875000000000001 0.092500000000000013 0.001)
(0.032500000000000001 0.092500000000000027 0.001)
(0.033125000000000002 0.092500000000000013 0.001)
(0 0.093125000000000013 0.001)
(0.00062500000000000012 0.093125000000000013 0.001)
(0.00125 0.093125000000000013 0.001)
(0.0018749999999999999 0.093125000000000013 0.001)
(0.0025000000000000001 0.093125000000000013 0.0009999999999999998)
(0.003125000000000001 0.093125000000000013 0.001)
(0.0037499999999999999 0.093125000000000013 0.0009999999999999998)
(0.0043750000000000004 0.093125000000000013 0.001)
(0.005000000000000001 0.093125000000000013 0.001)
(0.0056250000000000007 0.093125000000000013 0.001)
(0.0062500000000000012 0.093125000000000013 0.001)
(0.0068750000000000018 0.093125000000000013 0.001)
(0.0074999999999999997 0.093125000000000013 0.001)
(0.0081250000000000003 0.093125000000000013 0.001)
(0.0087499999999999991 0.093125000000000013 0.0009999999999999998)
(0.0093750000000000014 0.093125000000000013 0.001)
(0.01 0.093125000000000013 0.0009999999999999998)
(0.010625000000000001 0.093125000000000013 0.001)
(0.01125 0.093125000000000013 0.0009999999999999998)
(0.011875 0.093125000000000013 0.001)
(0.012500000000000001 0.093125000000000013 0.001)
(0.013125 0.093125000000000013 0.001)
(0.01375 0.093125000000000013 0.001)
(0.014375000000000001 0.093125000000000013 0.001)
(0.014999999999999999 0.093125000000000013 0.001)
(0.015625 0.093125000000000013 0.001)
(0.016250000000000001 0.093125000000000013 0.001)
(0.016875000000000001 0.093125000000000013 0.001)
(0.017500000000000002 0.093125000000000013 0.001)
(0.018124999999999999 0.093125000000000013 0.001)
(0.018749999999999999 0.093125000000000013 0.0009999999999999998)
(0.019375 0.093125000000000013 0.001)
(0.02 0.093125000000000013 0.001)
(0.020625000000000001 0.093125000000000013 0.001)
(0.021250000000000002 0.093125000000000013 0.001)
(0.021874999999999999 0.093125000000000013 0.001)
(0.02250000000000001 0.093125000000000013 0.001)
(0.023125 0.093125000000000013 0.001)
(0.02375 0.093125000000000013 0.001)
(0.024375000000000001 0.093125000000000013 0.001)
(0.025000000000000001 0.093125000000000013 0.001)
(0.025624999999999998 0.093125000000000013 0.001)
(0.026250000000000009 0.093125000000000013 0.001)
(0.026875 0.093125000000000013 0.001)
(0.027500000000000011 0.093125000000000013 0.0009999999999999998)
(0.028125000000000001 0.093125000000000013 0.001)
(0.028750000000000001 0.093125000000000013 0.0009999999999999998)
(0.029374999999999998 0.093125000000000013 0.001)
(0.029999999999999999 0.093125000000000013 0.001)
(0.030624999999999999 0.093125000000000013 0.001)
(0.03125 0.093125000000000013 0.001)
(0.031875000000000001 0.093125000000000013 0.001)
(0.032500000000000001 0.093125000000000013 0.001)
(0.033124999999999988 0.093125000000000013 0.001)
(0 0.09375 0.001)
(0.00062500000000000012 0.09375 0.001)
(0.00125 0.09375 0.001)
(0.0018749999999999999 0.09375 0.001)
(0.0025000000000000001 0.09375 0.0009999999999999998)
(0.003125000000000001 0.09375 0.0009999999999999998)
(0.0037499999999999999 0.09375 0.001)
(0.0043750000000000004 0.09375 0.001)
(0.005000000000000001 0.09375 0.001)
(0.0056250000000000007 0.09375 0.001)
(0.0062500000000000012 0.09375 0.001)
(0.006875 0.09375 0.001)
(0.0074999999999999997 0.09375 0.001)
(0.0081250000000000003 0.09375 0.001)
(0.0087499999999999991 0.09375 0.0009999999999999998)
(0.0093750000000000014 0.09375 0.0009999999999999998)
(0.01 0.09375 0.001)
(0.010625000000000001 0.09375 0.001)
(0.01125 0.09375 0.001)
(0.011875 0.09375 0.001)
(0.012500000000000001 0.09375 0.001)
(0.013125 0.09375 0.001)
(0.01375 0.09375 0.001)
(0.014375000000000001 0.09375 0.001)
(0.014999999999999999 0.09375 0.001)
(0.015625 0.09375 0.0009999999999999998)
(0.016250000000000001 0.09375 0.001)
(0.016875000000000001 0.09375 0.001)
(0.017500000000000002 0.09375 0.001)
(0.018124999999999999 0.09375 0.001)
(0.018749999999999999 0.09375 0.001)
(0.019375 0.09375 0.001)
(0.02 0.09375 0.001)
(0.020625000000000001 0.09375 0.001)
(0.021250000000000002 0.09375 0.001)
(0.021874999999999999 0.09375 0.0009999999999999998)
(0.022499999999999999 0.09375 0.001)
(0.023125 0.09375 0.001)
(0.02375 0.09375 0.001)
(0.024375000000000001 0.09375 0.001)
(0.025000000000000001 0.09375 0.001)
(0.025624999999999998 0.09375 0.001)
(0.026250000000000009 0.09375 0.001)
(0.026875 0.09375 0.001)
(0.0275 0.09375 0.001)
(0.028125000000000001 0.09375 0.0009999999999999998)
(0.028750000000000001 0.09375 0.001)
(0.029374999999999998 0.09375 0.001)
(0.029999999999999999 0.09375 0.001)
(0.030624999999999999 0.09375 0.001)
(0.03125 0.09375 0.001)
(0.031875000000000007 0.09375 0.001)
(0.032500000000000001 0.09375 0.001)
(0.033125000000000002 0.09375 0.001)
(0 0.094375000000000001 0.001)
(0.00062500000000000012 0.094375000000000001 0.001)
(0.00125 0.094375000000000028 0.001)
(0.0018749999999999999 0.094375000000000001 0.001)
(0.0025000000000000001 0.094375000000000001 0.001)
(0.0031250000000000002 0.094375000000000001 0.0009999999999999998)
(0.0037499999999999999 0.094375000000000001 0.0009999999999999998)
(0.0043750000000000004 0.094375000000000001 0.001)
(0.005000000000000001 0.094374999999999987 0.001)
(0.0056250000000000007 0.094374999999999987 0.001)
(0.0062499999999999986 0.094375000000000001 0.001)
(0.0068750000000000018 0.094375000000000028 0.001)
(0.0074999999999999997 0.094375000000000001 0.001)
(0.0081250000000000003 0.094375000000000001 0.001)
(0.0087500000000000008 0.094375000000000001 0.001)
(0.0093750000000000014 0.094375000000000001 0.0009999999999999998)
(0.01 0.094375000000000001 0.0009999999999999998)
(0.010625000000000001 0.094375000000000001 0.001)
(0.01125 0.094374999999999987 0.001)
(0.011875 0.094375000000000001 0.001)
(0.012500000000000001 0.094375000000000001 0.001)
(0.013125 0.094375000000000001 0.001)
(0.01375 0.094375000000000001 0.001)
(0.014375000000000001 0.094374999999999987 0.001)
(0.014999999999999999 0.094374999999999987 0.001)
(0.015625 0.094375000000000001 0.0009999999999999998)
(0.016250000000000001 0.094375000000000001 0.001)
(0.016875000000000001 0.094374999999999987 0.001)
(0.017500000000000002 0.094374999999999987 0.001)
(0.018124999999999999 0.094375000000000001 0.001)
(0.018749999999999999 0.094375000000000001 0.001)
(0.019375 0.094374999999999987 0.001)
(0.02 0.094375000000000028 0.001)
(0.020625000000000001 0.094374999999999987 0.001)
(0.021250000000000002 0.094375000000000001 0.0009999999999999998)
(0.021874999999999999 0.094375000000000001 0.0009999999999999998)
(0.022499999999999999 0.094374999999999987 0.001)
(0.023125 0.094375000000000001 0.001)
(0.02375 0.094375000000000001 0.001)
(0.024375000000000001 0.094375000000000001 0.001)
(0.025000000000000001 0.094375000000000001 0.001)
(0.025624999999999998 0.094375000000000001 0.001)
(0.026250000000000009 0.094375000000000001 0.001)
(0.026875 0.094374999999999987 0.001)
(0.027500000000000011 0.094375000000000001 0.001)
(0.028125000000000001 0.094375000000000028 0.0009999999999999998)
(0.028750000000000001 0.094375000000000001 0.001)
(0.029374999999999998 0.094375000000000001 0.001)
(0.029999999999999999 0.094375000000000001 0.001)
(0.030624999999999999 0.094375000000000001 0.001)
(0.03125 0.094375000000000001 0.001)
(0.031875000000000001 0.094375000000000001 0.001)
(0.032500000000000001 0.094375000000000001 0.001)
(0.033125000000000002 0.094374999999999987 0.001)
(0 0.095000000000000015 0.001)
(0.00062500000000000012 0.095000000000000015 0.001)
(0.00125 0.095000000000000015 0.001)
(0.0018749999999999999 0.095000000000000015 0.001)
(0.0025000000000000001 0.094999999999999987 0.001)
(0.003125000000000001 0.095000000000000015 0.001)
(0.0037499999999999999 0.095000000000000015 0.001)
(0.0043750000000000004 0.095000000000000015 0.001)
(0.005000000000000001 0.095000000000000015 0.001)
(0.0056250000000000007 0.095000000000000015 0.001)
(0.0062500000000000012 0.095000000000000015 0.001)
(0.006875 0.094999999999999987 0.001)
(0.0074999999999999997 0.095000000000000015 0.001)
(0.0081250000000000003 0.095000000000000015 0.001)
(0.0087499999999999991 0.095000000000000015 0.001)
(0.0093750000000000014 0.095000000000000015 0.001)
(0.01 0.095000000000000015 0.0009999999999999998)
(0.010625000000000001 0.095000000000000015 0.001)
(0.01125 0.094999999999999987 0.001)
(0.011875 0.095000000000000015 0.001)
(0.012500000000000001 0.095000000000000015 0.001)
(0.013125 0.095000000000000015 0.001)
(0.01375 0.095000000000000015 0.001)
(0.014375000000000001 0.095000000000000015 0.0009999999999999998)
(0.014999999999999999 0.094999999999999987 0.001)
(0.015625 0.094999999999999987 0.001)
(0.016250000000000001 0.095000000000000015 0.001)
(0.016875000000000001 0.095000000000000015 0.001)
(0.017500000000000002 0.095000000000000015 0.001)
(0.018124999999999999 0.095000000000000015 0.001)
(0.018749999999999999 0.095000000000000015 0.0009999999999999998)
(0.019375 0.095000000000000015 0.001)
(0.02 0.095000000000000015 0.001)
(0.020625000000000001 0.095000000000000015 0.001)
(0.021250000000000002 0.094999999999999987 0.001)
(0.021874999999999999 0.095000000000000015 0.001)
(0.022499999999999999 0.095000000000000015 0.001)
(0.02312500000000001 0.095000000000000015 0.0009999999999999998)
(0.02375 0.095000000000000015 0.001)
(0.024375000000000001 0.094999999999999987 0.001)
(0.025000000000000001 0.094999999999999987 0.001)
(0.025624999999999998 0.095000000000000015 0.001)
(0.026250000000000009 0.095000000000000015 0.001)
(0.026875 0.095000000000000015 0.001)
(0.0275 0.095000000000000015 0.001)
(0.028125000000000001 0.095000000000000015 0.001)
(0.028750000000000001 0.094999999999999987 0.001)
(0.029374999999999998 0.094999999999999987 0.001)
(0.029999999999999999 0.094999999999999987 0.0009999999999999998)
(0.030624999999999999 0.095000000000000015 0.001)
(0.03125 0.095000000000000015 0.001)
(0.031875000000000001 0.095000000000000015 0.001)
(0.032500000000000001 0.094999999999999987 0.001)
(0.033124999999999988 0.094999999999999987 0.001)
(0 0.095625000000000016 0.001)
(0.00062500000000000012 0.095625000000000016 0.001)
(0.00125 0.095625000000000016 0.001)
(0.0018749999999999999 0.095625000000000016 0.001)
(0.0025000000000000001 0.095625000000000016 0.001)
(0.003125000000000001 0.095625000000000016 0.001)
(0.0037499999999999999 0.095625000000000016 0.001)
(0.0043750000000000004 0.095625000000000016 0.001)
(0.005000000000000001 0.095625000000000016 0.001)
(0.0056250000000000007 0.095625000000000016 0.001)
(0.0062500000000000012 0.095625000000000016 0.001)
(0.0068750000000000018 0.095625000000000016 0.001)
(0.0074999999999999997 0.095625000000000016 0.001)
(0.0081250000000000003 0.095625000000000002 0.001)
(0.0087499999999999991 0.095625000000000016 0.001)
(0.0093750000000000014 0.095625000000000016 0.001)
(0.01 0.095625000000000016 0.001)
(0.010625000000000001 0.095625000000000016 0.001)
(0.01125 0.095625000000000016 0.001)
(0.011875 0.095625000000000016 0.001)
(0.012500000000000001 0.095625000000000016 0.001)
(0.013125 0.095625000000000016 0.001)
(0.01375 0.095625000000000016 0.001)
(0.014375000000000001 0.095625000000000016 0.001)
(0.014999999999999999 0.095625000000000016 0.001)
(0.015625 0.095625000000000016 0.001)
(0.016250000000000001 0.095625000000000016 0.001)
(0.016875000000000001 0.095625000000000016 0.001)
(0.017500000000000002 0.095625000000000016 0.001)
(0.018124999999999999 0.095625000000000016 0.001)
(0.018749999999999999 0.095625000000000016 0.001)
(0.019375 0.095625000000000016 0.001)
(0.02 0.095625000000000016 0.001)
(0.020625000000000001 0.095625000000000016 0.001)
(0.021250000000000002 0.095625000000000016 0.001)
(0.021874999999999999 0.095625000000000016 0.001)
(0.022499999999999999 0.095625000000000016 0.001)
(0.023125 0.095625000000000016 0.001)
(0.02375 0.095625000000000016 0.001)
(0.024375000000000001 0.095625000000000016 0.001)
(0.025000000000000001 0.095625000000000016 0.001)
(0.025624999999999998 0.095625000000000016 0.001)
(0.026250000000000009 0.095625000000000016 0.001)
(0.026875 0.095625000000000016 0.001)
(0.027500000000000011 0.095625000000000016 0.001)
(0.028125000000000001 0.095625000000000016 0.001)
(0.028750000000000001 0.095625000000000016 0.001)
(0.029374999999999998 0.095625000000000016 0.001)
(0.029999999999999999 0.095625000000000016 0.001)
(0.030624999999999999 0.095625000000000016 0.001)
(0.03125 0.095625000000000016 0.001)
(0.031875000000000001 0.095625000000000016 0.001)
(0.032500000000000001 0.095625000000000016 0.001)
(0.033124999999999988 0.095625000000000016 0.001)
(0 0.096250000000000002 0.001)
(0.00062500000000000012 0.096250000000000016 0.001)
(0.00125 0.096250000000000002 0.001)
(0.0018749999999999999 0.096250000000000002 0.0009999999999999998)
(0.0025000000000000001 0.096250000000000002 0.001)
(0.003125000000000001 0.096250000000000016 0.001)
(0.0037499999999999999 0.096250000000000002 0.001)
(0.0043750000000000004 0.096250000000000002 0.001)
(0.005000000000000001 0.096250000000000002 0.001)
(0.0056250000000000007 0.096250000000000002 0.0009999999999999998)
(0.0062500000000000012 0.096250000000000002 0.001)
(0.006875 0.096250000000000002 0.0009999999999999998)
(0.0074999999999999997 0.096250000000000002 0.001)
(0.0081250000000000003 0.096250000000000002 0.001)
(0.0087499999999999991 0.096250000000000002 0.001)
(0.0093750000000000014 0.096250000000000002 0.001)
(0.01 0.096250000000000016 0.001)
(0.010625000000000001 0.096250000000000016 0.001)
(0.01125 0.096250000000000002 0.0009999999999999998)
(0.011875 0.096250000000000002 0.001)
(0.012500000000000001 0.096250000000000002 0.001)
(0.013125 0.096250000000000002 0.001)
(0.01375 0.096250000000000002 0.001)
(0.014375000000000001 0.096250000000000002 0.001)
(0.014999999999999999 0.096250000000000002 0.001)
(0.015625 0.096250000000000002 0.0009999999999999998)
(0.016250000000000001 0.096250000000000002 0.001)
(0.016875000000000001 0.096250000000000016 0.001)
(0.017500000000000002 0.096250000000000002 0.001)
(0.018124999999999999 0.096250000000000002 0.001)
(0.018749999999999999 0.096250000000000002 0.001)
(0.019375 0.096250000000000002 0.001)
(0.02 0.096250000000000002 0.001)
(0.020625000000000001 0.096250000000000002 0.0009999999999999998)
(0.021250000000000002 0.096250000000000002 0.001)
(0.021874999999999999 0.096250000000000002 0.0009999999999999998)
(0.022499999999999999 0.096250000000000002 0.001)
(0.023125 0.096250000000000002 0.001)
(0.02375 0.096250000000000002 0.001)
(0.024375000000000001 0.096250000000000002 0.001)
(0.025000000000000001 0.096250000000000002 0.001)
(0.025624999999999998 0.096250000000000002 0.001)
(0.026250000000000009 0.096250000000000016 0.0009999999999999998)
(0.026875 0.096250000000000002 0.001)
(0.0275 0.096250000000000002 0.001)
(0.028125000000000001 0.096250000000000002 0.001)
(0.028750000000000001 0.096250000000000002 0.001)
(0.029374999999999998 0.096250000000000002 0.001)
(0.029999999999999999 0.096250000000000002 0.0009999999999999998)
(0.030624999999999999 0.096250000000000002 0.001)
(0.03125 0.096250000000000002 0.001)
(0.031875000000000001 0.096250000000000002 0.0009999999999999998)
(0.032500000000000001 0.096250000000000002 0.001)
(0.033125000000000009 0.096250000000000002 0.001)
(0 0.096875000000000003 0.001)
(0.00062500000000000012 0.096875000000000003 0.001)
(0.00125 0.096875000000000003 0.001)
(0.0018749999999999999 0.096875000000000003 0.001)
(0.0025000000000000001 0.096875000000000003 0.001)
(0.0031250000000000002 0.096875000000000003 0.001)
(0.0037499999999999999 0.096875000000000003 0.001)
(0.0043750000000000004 0.096875000000000003 0.001)
(0.005000000000000001 0.096875000000000003 0.001)
(0.0056250000000000007 0.096875000000000003 0.0009999999999999998)
(0.0062499999999999986 0.096875000000000003 0.0009999999999999998)
(0.0068750000000000018 0.096875000000000003 0.001)
(0.0074999999999999997 0.096875000000000003 0.001)
(0.0081250000000000003 0.096875000000000003 0.001)
(0.0087500000000000008 0.096875000000000003 0.001)
(0.0093750000000000014 0.096875000000000003 0.001)
(0.01 0.096875000000000031 0.001)
(0.010625000000000001 0.096875000000000003 0.001)
(0.01125 0.096874999999999989 0.001)
(0.011875 0.096875000000000003 0.001)
(0.012500000000000001 0.096875000000000003 0.001)
(0.013125 0.096875000000000003 0.001)
(0.01375 0.096875000000000003 0.001)
(0.014375000000000001 0.096875000000000003 0.001)
(0.014999999999999999 0.096874999999999989 0.001)
(0.015625 0.096875000000000003 0.001)
(0.016250000000000001 0.096875000000000003 0.001)
(0.016875000000000001 0.096875000000000003 0.001)
(0.017500000000000002 0.096875000000000003 0.001)
(0.018124999999999999 0.096875000000000003 0.001)
(0.018749999999999999 0.096875000000000003 0.0009999999999999998)
(0.019375 0.096875000000000003 0.001)
(0.02 0.096875000000000003 0.001)
(0.020625000000000001 0.096875000000000003 0.001)
(0.021250000000000002 0.096875000000000003 0.001)
(0.021875000000000009 0.096875000000000003 0.001)
(0.022499999999999999 0.096875000000000003 0.001)
(0.023125 0.096875000000000003 0.001)
(0.02375 0.096875000000000003 0.001)
(0.024375000000000001 0.096875000000000003 0.001)
(0.025000000000000001 0.096875000000000003 0.001)
(0.025624999999999998 0.096875000000000003 0.001)
(0.026250000000000009 0.096875000000000031 0.001)
(0.026875 0.096874999999999989 0.001)
(0.027500000000000011 0.096875000000000003 0.001)
(0.028125000000000001 0.096875000000000003 0.001)
(0.028750000000000001 0.096875000000000003 0.001)
(0.029374999999999998 0.096875000000000003 0.001)
(0.029999999999999999 0.096875000000000003 0.001)
(0.030624999999999999 0.096875000000000003 0.001)
(0.03125 0.096874999999999989 0.0009999999999999998)
(0.031875000000000001 0.096875000000000003 0.001)
(0.032500000000000001 0.096875000000000003 0.001)
(0.033125000000000002 0.096875000000000003 0.001)
(0 0.097499999999999989 0.001)
(0.00062500000000000012 0.097499999999999989 0.001)
(0.00125 0.097500000000000017 0.001)
(0.0018749999999999999 0.097500000000000017 0.001)
(0.0025000000000000001 0.097499999999999989 0.001)
(0.003125000000000001 0.097499999999999989 0.001)
(0.0037499999999999999 0.097499999999999989 0.001)
(0.0043750000000000004 0.097499999999999989 0.001)
(0.005000000000000001 0.097499999999999989 0.001)
(0.0056250000000000007 0.097499999999999989 0.001)
(0.0062500000000000012 0.097500000000000017 0.0009999999999999998)
(0.0068750000000000018 0.097499999999999989 0.0009999999999999998)
(0.0074999999999999997 0.097499999999999989 0.001)
(0.0081250000000000003 0.097499999999999989 0.0009999999999999998)
(0.0087499999999999991 0.097499999999999989 0.0009999999999999998)
(0.0093750000000000014 0.097500000000000017 0.001)
(0.01 0.097499999999999989 0.0009999999999999998)
(0.010625000000000001 0.097500000000000017 0.001)
(0.01125 0.097499999999999989 0.001)
(0.011875 0.097499999999999989 0.001)
(0.012500000000000001 0.097499999999999989 0.001)
(0.013125 0.097499999999999989 0.001)
(0.01375 0.097500000000000017 0.001)
(0.014375000000000001 0.097499999999999989 0.001)
(0.014999999999999999 0.097499999999999989 0.001)
(0.015625 0.097499999999999989 0.001)
(0.016250000000000001 0.097499999999999989 0.001)
(0.016875000000000001 0.097500000000000017 0.001)
(0.017500000000000002 0.097499999999999989 0.001)
(0.018124999999999999 0.097499999999999989 0.001)
(0.018749999999999999 0.097499999999999989 0.0009999999999999998)
(0.019375 0.097500000000000017 0.001)
(0.02 0.097500000000000017 0.001)
(0.020625000000000001 0.097500000000000017 0.001)
(0.021250000000000002 0.097500000000000017 0.001)
(0.021874999999999999 0.097499999999999989 0.001)
(0.022499999999999999 0.097499999999999989 0.001)
(0.023125 0.097499999999999989 0.001)
(0.02375 0.097499999999999989 0.001)
(0.024375000000000001 0.097500000000000017 0.001)
(0.025000000000000001 0.097499999999999989 0.001)
(0.025624999999999998 0.097500000000000017 0.001)
(0.026249999999999999 0.097499999999999989 0.001)
(0.026875 0.097499999999999989 0.001)
(0.027500000000000011 0.097500000000000017 0.001)
(0.028125000000000001 0.097500000000000017 0.001)
(0.028750000000000001 0.097500000000000017 0.001)
(0.029374999999999998 0.097499999999999989 0.001)
(0.029999999999999999 0.097499999999999989 0.001)
(0.030624999999999999 0.097499999999999989 0.0009999999999999998)
(0.03125 0.097499999999999989 0.0009999999999999998)
(0.031875000000000001 0.097500000000000017 0.001)
(0.032500000000000001 0.097500000000000017 0.001)
(0.033124999999999988 0.097499999999999989 0.0009999999999999998)
(0 0.098125000000000004 0.001)
(0.00062500000000000012 0.098125000000000018 0.001)
(0.00125 0.098125000000000004 0.001)
(0.0018749999999999999 0.098125000000000004 0.001)
(0.0025000000000000001 0.098125000000000004 0.001)
(0.003125000000000001 0.098125000000000004 0.001)
(0.0037499999999999999 0.098125000000000004 0.0009999999999999998)
(0.0043750000000000004 0.098124999999999976 0.001)
(0.005000000000000001 0.098125000000000004 0.001)
(0.0056250000000000007 0.098125000000000004 0.001)
(0.0062500000000000012 0.098125000000000004 0.001)
(0.006875 0.098125000000000018 0.001)
(0.0074999999999999997 0.098125000000000004 0.001)
(0.0081250000000000003 0.098125000000000004 0.001)
(0.0087499999999999991 0.098125000000000004 0.001)
(0.0093750000000000014 0.098125000000000004 0.0009999999999999998)
(0.01 0.098125000000000004 0.001)
(0.010625000000000001 0.098125000000000004 0.001)
(0.01125 0.098125000000000004 0.001)
(0.011875 0.098125000000000004 0.0009999999999999998)
(0.012500000000000001 0.098125000000000004 0.001)
(0.013125 0.098125000000000004 0.001)
(0.01375 0.098125000000000004 0.001)
(0.014375000000000001 0.098125000000000004 0.001)
(0.014999999999999999 0.098125000000000004 0.001)
(0.015625 0.098125000000000004 0.001)
(0.016250000000000001 0.098125000000000004 0.001)
(0.016875000000000001 0.098125000000000004 0.001)
(0.017500000000000002 0.098125000000000004 0.0009999999999999998)
(0.018124999999999999 0.098125000000000004 0.001)
(0.018749999999999999 0.098125000000000004 0.001)
(0.019375 0.098125000000000004 0.001)
(0.02 0.098125000000000018 0.001)
(0.020625000000000001 0.098125000000000004 0.001)
(0.021250000000000002 0.098125000000000004 0.001)
(0.021874999999999999 0.098125000000000004 0.001)
(0.022499999999999999 0.098125000000000018 0.001)
(0.02312500000000001 0.098125000000000018 0.001)
(0.02375 0.098125000000000004 0.001)
(0.024375000000000001 0.098125000000000004 0.001)
(0.025000000000000001 0.098125000000000004 0.001)
(0.025624999999999998 0.098125000000000004 0.001)
(0.026249999999999999 0.098125000000000018 0.001)
(0.026875 0.098125000000000004 0.001)
(0.0275 0.098125000000000018 0.001)
(0.028125000000000001 0.098125000000000004 0.0009999999999999998)
(0.028750000000000001 0.098125000000000004 0.001)
(0.029374999999999998 0.098125000000000018 0.001)
(0.029999999999999999 0.098125000000000004 0.001)
(0.030624999999999999 0.098125000000000018 0.001)
(0.03125 0.098125000000000004 0.001)
(0.031874999999999987 0.098125000000000004 0.001)
(0.032500000000000001 0.098125000000000018 0.001)
(0.033124999999999988 0.098125000000000004 0.001)
(0 0.098750000000000004 0.001)
(0.00062500000000000012 0.098750000000000018 0.001)
(0.00125 0.098750000000000004 0.001)
(0.0018749999999999999 0.098750000000000004 0.001)
(0.0025000000000000001 0.098750000000000004 0.001)
(0.003125000000000001 0.098750000000000004 0.001)
(0.0037499999999999999 0.098750000000000004 0.001)
(0.0043750000000000004 0.098750000000000004 0.001)
(0.005000000000000001 0.098750000000000004 0.001)
(0.0056250000000000007 0.098750000000000004 0.001)
(0.0062500000000000012 0.098750000000000004 0.001)
(0.0068750000000000018 0.098750000000000004 0.001)
(0.0074999999999999997 0.098750000000000004 0.001)
(0.0081250000000000003 0.098750000000000004 0.001)
(0.0087499999999999991 0.098750000000000004 0.001)
(0.0093750000000000014 0.098750000000000004 0.001)
(0.01 0.098750000000000004 0.001)
(0.010625000000000001 0.098750000000000004 0.001)
(0.01125 0.098750000000000004 0.001)
(0.011875 0.098750000000000004 0.001)
(0.012500000000000001 0.098750000000000004 0.001)
(0.013125 0.098750000000000004 0.001)
(0.01375 0.098750000000000004 0.001)
(0.014375000000000001 0.098750000000000004 0.001)
(0.014999999999999999 0.098750000000000004 0.0009999999999999998)
(0.015625 0.098750000000000004 0.001)
(0.016250000000000001 0.098750000000000004 0.001)
(0.016875000000000001 0.098750000000000004 0.001)
(0.017500000000000002 0.098750000000000004 0.0009999999999999998)
(0.018124999999999999 0.098750000000000004 0.001)
(0.018749999999999999 0.098750000000000004 0.001)
(0.019375 0.098750000000000004 0.001)
(0.02 0.098750000000000004 0.001)
(0.020625000000000001 0.098750000000000004 0.001)
(0.021250000000000002 0.098750000000000004 0.001)
(0.021875000000000009 0.098750000000000004 0.001)
(0.022499999999999999 0.098750000000000004 0.001)
(0.023125 0.098750000000000004 0.0009999999999999998)
(0.02375 0.098750000000000004 0.001)
(0.024375000000000001 0.098750000000000004 0.001)
(0.025000000000000001 0.098750000000000004 0.001)
(0.025624999999999998 0.098750000000000004 0.001)
(0.026249999999999999 0.098750000000000004 0.001)
(0.026875 0.098750000000000004 0.001)
(0.027500000000000011 0.098750000000000004 0.001)
(0.028125000000000001 0.098750000000000004 0.001)
(0.028750000000000001 0.098750000000000004 0.001)
(0.029374999999999998 0.098750000000000004 0.001)
(0.029999999999999999 0.098750000000000004 0.001)
(0.030624999999999999 0.098750000000000004 0.001)
(0.03125 0.098750000000000004 0.001)
(0.031875000000000001 0.098750000000000004 0.001)
(0.032500000000000001 0.098750000000000004 0.001)
(0.033124999999999988 0.098750000000000004 0.001)
(0 0.099375000000000005 0.001)
(0.00062500000000000012 0.099375000000000005 0.001)
(0.00125 0.099375000000000005 0.001)
(0.0018749999999999999 0.099374999999999991 0.001)
(0.0025000000000000001 0.099375000000000005 0.001)
(0.0031250000000000002 0.099375000000000005 0.001)
(0.0037499999999999999 0.099375000000000005 0.001)
(0.0043750000000000004 0.099375000000000005 0.001)
(0.005000000000000001 0.099375000000000005 0.0009999999999999998)
(0.0056250000000000007 0.099374999999999991 0.001)
(0.0062499999999999986 0.099375000000000005 0.001)
(0.0068750000000000018 0.099375000000000033 0.001)
(0.0074999999999999997 0.099375000000000005 0.001)
(0.0081250000000000003 0.099375000000000005 0.0009999999999999998)
(0.0087500000000000008 0.099375000000000005 0.001)
(0.0093750000000000014 0.099375000000000005 0.001)
(0.01 0.099375000000000005 0.001)
(0.010625000000000001 0.099375000000000005 0.001)
(0.01125 0.099374999999999991 0.0009999999999999998)
(0.011875 0.099375000000000005 0.001)
(0.012500000000000001 0.099375000000000005 0.001)
(0.013125 0.099375000000000005 0.001)
(0.01375 0.099375000000000005 0.001)
(0.014375000000000001 0.099375000000000005 0.001)
(0.014999999999999999 0.099374999999999991 0.001)
(0.015625 0.099375000000000005 0.0009999999999999998)
(0.016250000000000001 0.099375000000000005 0.001)
(0.016875000000000001 0.099374999999999991 0.001)
(0.017500000000000002 0.099374999999999991 0.001)
(0.018124999999999999 0.099374999999999991 0.001)
(0.018749999999999999 0.099375000000000033 0.0009999999999999998)
(0.019375 0.099375000000000005 0.001)
(0.02 0.099375000000000033 0.001)
(0.020625000000000001 0.099375000000000005 0.001)
(0.021250000000000002 0.099374999999999991 0.001)
(0.021874999999999999 0.099374999999999991 0.0009999999999999998)
(0.022499999999999999 0.099374999999999991 0.001)
(0.023125 0.099375000000000005 0.0009999999999999998)
(0.02375 0.099374999999999991 0.001)
(0.024375000000000001 0.099375000000000005 0.001)
(0.025000000000000001 0.099375000000000005 0.001)
(0.025624999999999998 0.099375000000000005 0.001)
(0.026250000000000009 0.099375000000000005 0.0009999999999999998)
(0.026875 0.099375000000000005 0.001)
(0.027500000000000011 0.099374999999999991 0.001)
(0.028125000000000001 0.099374999999999991 0.0009999999999999998)
(0.028750000000000001 0.099375000000000005 0.001)
(0.029374999999999998 0.099374999999999991 0.0009999999999999998)
(0.029999999999999999 0.099375000000000005 0.001)
(0.030624999999999999 0.099375000000000033 0.001)
(0.03125 0.099375000000000005 0.001)
(0.031874999999999987 0.099375000000000005 0.001)
(0.032500000000000001 0.099375000000000033 0.001)
(0.033125000000000002 0.099375000000000005 0.001)
(0 0.10000000000000001 0.001)
(0.00062500000000000012 0.099999999999999992 0.001)
(0.00125 0.10000000000000001 0.001)
(0.0018749999999999999 0.099999999999999992 0.001)
(0.0025000000000000001 0.10000000000000001 0.001)
(0.003125000000000001 0.099999999999999992 0.001)
(0.0037499999999999999 0.10000000000000001 0.001)
(0.0043750000000000004 0.10000000000000001 0.001)
(0.005000000000000001 0.10000000000000001 0.001)
(0.0056250000000000007 0.099999999999999992 0.001)
(0.0062500000000000012 0.10000000000000001 0.001)
(0.0068750000000000018 0.10000000000000001 0.001)
(0.0074999999999999997 0.10000000000000001 0.001)
(0.0081250000000000003 0.099999999999999992 0.001)
(0.0087499999999999991 0.10000000000000001 0.001)
(0.0093750000000000014 0.10000000000000001 0.001)
(0.01 0.10000000000000001 0.001)
(0.010625000000000001 0.10000000000000001 0.001)
(0.01125 0.10000000000000001 0.001)
(0.011875 0.10000000000000001 0.001)
(0.012500000000000001 0.10000000000000001 0.001)
(0.013125 0.10000000000000001 0.001)
(0.01375 0.10000000000000001 0.001)
(0.014375000000000001 0.10000000000000001 0.001)
(0.014999999999999999 0.10000000000000001 0.001)
(0.015625 0.10000000000000001 0.001)
(0.016250000000000001 0.099999999999999992 0.001)
(0.016875000000000001 0.10000000000000001 0.001)
(0.017500000000000002 0.099999999999999992 0.001)
(0.018124999999999999 0.10000000000000001 0.001)
(0.018749999999999999 0.099999999999999992 0.001)
(0.019375 0.10000000000000001 0.001)
(0.02 0.10000000000000001 0.001)
(0.020625000000000001 0.10000000000000001 0.001)
(0.021250000000000002 0.099999999999999992 0.001)
(0.021874999999999999 0.10000000000000001 0.001)
(0.022499999999999999 0.10000000000000001 0.001)
(0.023125 0.10000000000000001 0.001)
(0.02375 0.099999999999999992 0.001)
(0.024375000000000001 0.10000000000000001 0.001)
(0.025000000000000001 0.10000000000000001 0.001)
(0.025624999999999998 0.10000000000000001 0.001)
(0.026250000000000009 0.10000000000000001 0.001)
(0.026875 0.10000000000000001 0.001)
(0.027500000000000011 0.099999999999999992 0.001)
(0.028125000000000001 0.10000000000000001 0.001)
(0.028750000000000001 0.10000000000000001 0.001)
(0.029374999999999998 0.10000000000000001 0.001)
(0.029999999999999999 0.099999999999999992 0.001)
(0.030624999999999999 0.10000000000000001 0.001)
(0.03125 0.10000000000000001 0.001)
(0.031875000000000001 0.099999999999999992 0.001)
(0.032500000000000001 0.10000000000000001 0.001)
(0.033125000000000002 0.10000000000000001 0.001)
)


// ************************************************************************* //
