coordinate,theta_at_X0_5,theta_at_Z0_5
0.0,0.18459373174647453,1.0
0.000244140625,0.18459373174647453,0.9988593676143067
0.00048828125,0.18459373174647453,0.9977187352286134
0.000732421875,0.18459373174647453,0.9965781028429201
0.0009765625,0.18459373174647453,0.9954374704572269
0.001220703125,0.18459373174647453,0.9942968380715336
0.00146484375,0.18459373174647453,0.9931562056858403
0.001708984375,0.18459373174647453,0.992015573300147
0.001953125,0.18459373174647453,0.9908749409144537
0.002197265625,0.18459373174647453,0.9897343085287604
0.00244140625,0.18459373174647453,0.9885936761430671
0.002685546875,0.18459373174647453,0.9874530437573739
0.0029296875,0.18459373174647453,0.9863124113716806
0.003173828125,0.18459373174647453,0.9851717789859873
0.00341796875,0.18459373174647453,0.984031146600294
0.003662109375,0.18459373174647453,0.9828905142146007
0.00390625,0.18459373174647453,0.9817498818289074
0.004150390625,0.18459373174647453,0.9806092494432141
0.00439453125,0.18459373174647453,0.9794686170575209
0.004638671875,0.18459373174647453,0.9783279846718276
0.0048828125,0.18459373174647453,0.9771873522861343
0.005126953125,0.18459373174647453,0.976046719900441
0.00537109375,0.18459373174647453,0.9749060875147477
0.005615234375,0.18459373174647453,0.9737654551290544
0.005859375,0.18459373174647453,0.9726248227433612
0.006103515625,0.18459373174647453,0.9714841903576679
0.00634765625,0.18459373174647453,0.9703435579719746
0.006591796875,0.18459373174647453,0.9692029255862813
0.0068359375,0.18459373174647453,0.968062293200588
0.007080078125,0.18459373174647453,0.9669216608148947
0.00732421875,0.18459373174647453,0.9657810284292014
0.007568359375,0.18459373174647453,0.9646403960435082
0.0078125,0.18459373174647453,0.9634997636578149
0.008056640625,0.18459373174647453,0.9623591312721216
0.00830078125,0.18459373174647453,0.9612184988864283
0.008544921875,0.18459373174647453,0.960077866500735
0.0087890625,0.18459373174647453,0.9589372341150417
0.009033203125,0.18459373174647453,0.9577966017293484
0.00927734375,0.18459373174647453,0.9566559693436552
0.009521484375,0.18459373174647453,0.9555153369579619
0.009765625,0.18459373174647453,0.9543747045722686
0.010009765625,0.18459373174647453,0.9532340721865753
0.01025390625,0.18459373174647453,0.952093439800882
0.010498046875,0.18459373174647453,0.9509528074151887
0.0107421875,0.18459373174647453,0.9498121750294954
0.010986328125,0.18459373174647453,0.9486715426438022
0.01123046875,0.18459373174647453,0.9475309102581089
0.011474609375,0.18459373174647453,0.9463902778724156
0.01171875,0.18459373174647453,0.9452496454867223
0.011962890625,0.18459373174647453,0.944109013101029
0.01220703125,0.18459373174647453,0.9429683807153357
0.012451171875,0.18459373174647453,0.9418277483296424
0.0126953125,0.18459921067922602,0.9406941111152243
0.012939453125,0.18460605934516539,0.9395622226936249
0.01318359375,0.18461290801110475,0.9384303342720255
0.013427734375,0.1846197566770441,0.9372984458504261
0.013671875,0.18462660534298347,0.9361665574288267
0.013916015625,0.18463345400892284,0.9350346690072273
0.01416015625,0.1846403026748622,0.9339027805856279
0.014404296875,0.18464715134080156,0.9327708921640285
0.0146484375,0.18465400000674093,0.9316390037424291
0.014892578125,0.1846608486726803,0.9305071153208297
0.01513671875,0.18466769733861965,0.9293752268992304
0.015380859375,0.18467454600455901,0.928243338477631
0.015625,0.18468139467049838,0.9271114500560316
0.015869140625,0.18468824333643774,0.9259795616344322
0.01611328125,0.1846950920023771,0.9248476732128328
0.016357421875,0.18470194066831647,0.9237157847912334
0.0166015625,0.18470878933425583,0.922583896369634
0.016845703125,0.1847156380001952,0.9214520079480346
0.01708984375,0.18472248666613456,0.9203201195264352
0.017333984375,0.18472933533207392,0.9191882311048358
0.017578125,0.18473618399801328,0.9180563426832364
0.017822265625,0.18474303266395264,0.916924454261637
0.01806640625,0.184749881329892,0.9157925658400377
0.018310546875,0.18475672999583137,0.9146606774184383
0.0185546875,0.18476357866177073,0.9135287889968389
0.018798828125,0.1847704273277101,0.9123969005752395
0.01904296875,0.18477727599364946,0.9112650121536401
0.019287109375,0.18478412465958882,0.9101331237320407
0.01953125,0.18479097332552819,0.9090012353104413
0.019775390625,0.18479782199146755,0.9078693468888419
0.02001953125,0.1848046706574069,0.9067374584672425
0.020263671875,0.18481151932334627,0.9056055700456431
0.0205078125,0.18481836798928564,0.9044736816240437
0.020751953125,0.184825216655225,0.9033417932024443
0.02099609375,0.18483206532116436,0.902209904780845
0.021240234375,0.18483891398710373,0.9010780163592456
0.021484375,0.1848457626530431,0.8999461279376462
0.021728515625,0.18485261131898245,0.8988142395160468
0.02197265625,0.18485945998492181,0.8976823510944474
0.022216796875,0.18486630865086118,0.896550462672848
0.0224609375,0.18487315731680054,0.8954185742512486
0.022705078125,0.1848800059827399,0.8942866858296492
0.02294921875,0.18488685464867927,0.8931547974080498
0.023193359375,0.18489370331461863,0.8920229089864504
0.0234375,0.184900551980558,0.890891020564851
0.023681640625,0.18490740064649736,0.8897591321432516
0.02392578125,0.18491424931243672,0.8886272437216522
0.024169921875,0.18492109797837608,0.8874953553000529
0.0244140625,0.18492794664431544,0.8863634668784535
0.024658203125,0.1849347953102548,0.8852315784568541
0.02490234375,0.18494164397619417,0.8840996900352547
0.025146484375,0.18494849264213353,0.8829678016136553
0.025390625,0.1849553413080729,0.8818359131920559
0.025634765625,0.18496218997401226,0.8807040247704565
0.02587890625,0.18496903863995162,0.8795721363488571
0.026123046875,0.18497588730589098,0.8784402479272577
0.0263671875,0.18498273597183035,0.8773083595056583
0.026611328125,0.1849895846377697,0.8761764710840589
0.02685546875,0.18499643330370907,0.8750445826624595
0.027099609375,0.18500328196964844,0.8739126942408602
0.02734375,0.1850101306355878,0.8727808058192608
0.027587890625,0.18501697930152716,0.8716489173976614
0.02783203125,0.18502382796746653,0.870517028976062
0.028076171875,0.1850306766334059,0.8693851405544626
0.0283203125,0.18503752529934525,0.8682532521328632
0.028564453125,0.18504437396528461,0.8671213637112638
0.02880859375,0.18505122263122398,0.8659894752896644
0.029052734375,0.18505807129716334,0.864857586868065
0.029296875,0.1850649199631027,0.8637256984464656
0.029541015625,0.18507176862904207,0.8625938100248662
0.02978515625,0.18507861729498143,0.8614619216032668
0.030029296875,0.1850854659609208,0.8603300331816675
0.0302734375,0.18509231462686015,0.8591981447600681
0.030517578125,0.18509916329279952,0.8580662563384687
0.03076171875,0.18510601195873888,0.8569343679168693
0.031005859375,0.18511286062467824,0.8558024794952699
0.03125,0.1851197092906176,0.8546705910736705
0.031494140625,0.18512655795655697,0.8535387026520711
0.03173828125,0.18513340662249633,0.8524068142304717
0.031982421875,0.1851402552884357,0.8512749258088723
0.0322265625,0.18514710395437506,0.8501430373872729
0.032470703125,0.18515395262031442,0.8490111489656735
0.03271484375,0.18516080128625378,0.8478792605440741
0.032958984375,0.18516764995219315,0.8467473721224748
0.033203125,0.1851744986181325,0.8456154837008754
0.033447265625,0.18518134728407187,0.844483595279276
0.03369140625,0.18518819595001124,0.8433517068576766
0.033935546875,0.1851950446159506,0.8422198184360772
0.0341796875,0.18520189328188996,0.8410879300144778
0.034423828125,0.18520874194782933,0.8399560415928784
0.03466796875,0.1852155906137687,0.838824153171279
0.034912109375,0.18522243927970805,0.8376922647496796
0.03515625,0.18522928794564741,0.8365603763280802
0.035400390625,0.18523613661158678,0.8354284879064808
0.03564453125,0.18524298527752614,0.8342965994848814
0.035888671875,0.1852498339434655,0.833164711063282
0.0361328125,0.18525668260940487,0.8320328226416827
0.036376953125,0.18526353127534423,0.8309009342200833
0.03662109375,0.1852703799412836,0.8297690457984839
0.036865234375,0.18527722860722295,0.8286371573768845
0.037109375,0.18528407727316232,0.8275052689552851
0.037353515625,0.18529092593910168,0.8263733805336857
0.03759765625,0.18530405338135758,0.8252752854976732
0.037841796875,0.1853265989880883,0.8242278805400408
0.0380859375,0.185349144594819,0.8231804755824086
0.038330078125,0.1853716902015497,0.8221330706247763
0.03857421875,0.1853942358082804,0.821085665667144
0.038818359375,0.1854167814150111,0.8200382607095117
0.0390625,0.18543932702174182,0.8189908557518795
0.039306640625,0.18546187262847252,0.8179434507942471
0.03955078125,0.18548441823520323,0.8168960458366149
0.039794921875,0.18550696384193394,0.8158486408789826
0.0400390625,0.18552950944866464,0.8148012359213503
0.040283203125,0.18555205505539535,0.813753830963718
0.04052734375,0.18557460066212605,0.8127064260060858
0.040771484375,0.18559714626885676,0.8116590210484534
0.041015625,0.18561969187558747,0.8106116160908212
0.041259765625,0.18564223748231817,0.8095642111331889
0.04150390625,0.18566478308904888,0.8085168061755567
0.041748046875,0.18568732869577959,0.8074694012179243
0.0419921875,0.1857098743025103,0.8064219962602921
0.042236328125,0.185732419909241,0.8053745913026598
0.04248046875,0.1857549655159717,0.8043271863450275
0.042724609375,0.1857775111227024,0.8032797813873952
0.04296875,0.18580005672943312,0.802232376429763
0.043212890625,0.18582260233616382,0.8011849714721306
0.04345703125,0.18584514794289453,0.8001375665144984
0.043701171875,0.18586769354962523,0.7990901615568661
0.0439453125,0.18589023915635594,0.7980427565992338
0.044189453125,0.18591278476308665,0.7969953516416015
0.04443359375,0.18593533036981735,0.7959479466839693
0.044677734375,0.18595787597654806,0.794900541726337
0.044921875,0.18598042158327877,0.7938531367687047
0.045166015625,0.18600296719000947,0.7928057318110724
0.04541015625,0.18602551279674018,0.7917583268534402
0.045654296875,0.18604805840347088,0.7907109218958078
0.0458984375,0.1860706040102016,0.7896635169381756
0.046142578125,0.1860931496169323,0.7886161119805433
0.04638671875,0.186115695223663,0.787568707022911
0.046630859375,0.1861382408303937,0.7865213020652787
0.046875,0.18616078643712441,0.7854738971076465
0.047119140625,0.18618333204385512,0.7844264921500141
0.04736328125,0.18620587765058583,0.7833790871923819
0.047607421875,0.18622842325731653,0.7823316822347496
0.0478515625,0.18625096886404724,0.7812842772771174
0.048095703125,0.18627351447077795,0.780236872319485
0.04833984375,0.18629606007750865,0.7791894673618528
0.048583984375,0.18631860568423936,0.7781420624042205
0.048828125,0.18634115129097006,0.7770946574465882
0.049072265625,0.18636369689770077,0.7760472524889559
0.04931640625,0.18638624250443148,0.7749998475313237
0.049560546875,0.18640878811116218,0.7739524425736913
0.0498046875,0.1864313337178929,0.7729050376160591
0.050048828125,0.1864538793246236,0.7718576326584268
0.05029296875,0.1864764249313543,0.7708102277007945
0.050537109375,0.186498970538085,0.7697628227431622
0.05078125,0.1865215161448157,0.76871541778553
0.051025390625,0.18654406175154642,0.7676680128278977
0.05126953125,0.18656660735827713,0.7666206078702654
0.051513671875,0.18658915296500783,0.7655732029126331
0.0517578125,0.18661169857173854,0.7645257979550009
0.052001953125,0.18663424417846924,0.7634783929973685
0.05224609375,0.18665678978519995,0.7624309880397363
0.052490234375,0.18667933539193066,0.7613835830821041
0.052734375,0.18670188099866136,0.7603361781244717
0.052978515625,0.18672442660539207,0.7592887731668394
0.05322265625,0.18674697221212277,0.7582413682092072
0.053466796875,0.18676951781885348,0.757193963251575
0.0537109375,0.1867920634255842,0.7561465582939426
0.053955078125,0.1868146090323149,0.7550991533363103
0.05419921875,0.1868371546390456,0.754051748378678
0.054443359375,0.1868597002457763,0.7530043434210458
0.0546875,0.186882245852507,0.7519569384634135
0.054931640625,0.18690479145923772,0.7509095335057812
0.05517578125,0.18692733706596842,0.7498621285481489
0.055419921875,0.18694988267269913,0.7488147235905167
0.0556640625,0.18697242827942984,0.7477673186328844
0.055908203125,0.18699497388616054,0.746719913675252
0.05615234375,0.18701751949289125,0.7456725087176198
0.056396484375,0.18704006509962195,0.7446251037599876
0.056640625,0.18706261070635266,0.7435776988023552
0.056884765625,0.18708515631308337,0.7425302938447229
0.05712890625,0.18710770191981407,0.7414828888870907
0.057373046875,0.18713024752654478,0.7404354839294585
0.0576171875,0.18715279313327549,0.7393880789718261
0.057861328125,0.1871753387400062,0.7383406740141938
0.05810546875,0.1871978843467369,0.7372932690565616
0.058349609375,0.1872204299534676,0.7362458640989293
0.05859375,0.1872429755601983,0.735198459141297
0.058837890625,0.18726552116692902,0.7341510541836647
0.05908203125,0.18728806677365972,0.7331036492260324
0.059326171875,0.18731061238039043,0.7320562442684002
0.0595703125,0.18733315798712113,0.7310088393107679
0.059814453125,0.18735570359385184,0.7299614343531355
0.06005859375,0.18737824920058255,0.7289140293955033
0.060302734375,0.18740079480731325,0.7278666244378711
0.060546875,0.18742334041404396,0.7268192194802388
0.060791015625,0.18744588602077467,0.7257718145226064
0.06103515625,0.18746843162750537,0.7247244095649742
0.061279296875,0.18749097723423608,0.723677004607342
0.0615234375,0.18751352284096678,0.7226295996497096
0.061767578125,0.1875360684476975,0.7215821946920773
0.06201171875,0.1875586140544282,0.7205347897344451
0.062255859375,0.1875811596611589,0.7194873847768128
0.0625,0.1876037052678896,0.7184399798191805
0.062744140625,0.18764810108025265,0.7175613058894577
0.06298828125,0.1876924968926157,0.7166826319597348
0.063232421875,0.18773689270497873,0.715803958030012
0.0634765625,0.18778128851734177,0.7149252841002891
0.063720703125,0.1878256843297048,0.7140466101705663
0.06396484375,0.18787008014206785,0.7131679362408434
0.064208984375,0.1879144759544309,0.7122892623111206
0.064453125,0.18795887176679393,0.7114105883813977
0.064697265625,0.18800326757915697,0.7105319144516749
0.06494140625,0.18804766339152001,0.709653240521952
0.065185546875,0.18809205920388306,0.7087745665922291
0.0654296875,0.1881364550162461,0.7078958926625063
0.065673828125,0.18818085082860914,0.7070172187327834
0.06591796875,0.18822524664097218,0.7061385448030606
0.066162109375,0.18826964245333522,0.7052598708733377
0.06640625,0.18831403826569826,0.7043811969436149
0.066650390625,0.1883584340780613,0.703502523013892
0.06689453125,0.18840282989042434,0.7026238490841692
0.067138671875,0.18844722570278738,0.7017451751544463
0.0673828125,0.18849162151515042,0.7008665012247235
0.067626953125,0.18853601732751346,0.6999878272950006
0.06787109375,0.1885804131398765,0.6991091533652778
0.068115234375,0.18862480895223954,0.6982304794355549
0.068359375,0.18866920476460258,0.6973518055058321
0.068603515625,0.18871360057696562,0.6964731315761092
0.06884765625,0.18875799638932866,0.6955944576463864
0.069091796875,0.1888023922016917,0.6947157837166635
0.0693359375,0.18884678801405475,0.6938371097869407
0.069580078125,0.18889118382641779,0.6929584358572178
0.06982421875,0.18893557963878083,0.692079761927495
0.070068359375,0.18897997545114387,0.6912010879977721
0.0703125,0.1890243712635069,0.6903224140680493
0.070556640625,0.18906876707586995,0.6894437401383264
0.07080078125,0.189113162888233,0.6885650662086036
0.071044921875,0.18915755870059603,0.6876863922788807
0.0712890625,0.18920195451295907,0.6868077183491579
0.071533203125,0.1892463503253221,0.685929044419435
0.07177734375,0.18929074613768515,0.6850503704897122
0.072021484375,0.1893351419500482,0.6841716965599893
0.072265625,0.18937953776241123,0.6832930226302665
0.072509765625,0.18942393357477427,0.6824143487005436
0.07275390625,0.1894683293871373,0.6815356747708208
0.072998046875,0.18951272519950035,0.6806570008410979
0.0732421875,0.1895571210118634,0.6797783269113751
0.073486328125,0.18960151682422643,0.6788996529816522
0.07373046875,0.18964591263658948,0.6780209790519294
0.073974609375,0.18969030844895252,0.6771423051222065
0.07421875,0.18973470426131556,0.6762636311924837
0.074462890625,0.1897791000736786,0.6753849572627608
0.07470703125,0.18982349588604164,0.674506283333038
0.074951171875,0.18986789169840468,0.6736276094033151
0.0751953125,0.18991228751076772,0.6727489354735923
0.075439453125,0.18995668332313076,0.6718702615438694
0.07568359375,0.1900010791354938,0.6709915876141466
0.075927734375,0.19004547494785684,0.6701129136844237
0.076171875,0.19008987076021988,0.6692342397547009
0.076416015625,0.19013426657258292,0.668355565824978
0.07666015625,0.19017866238494596,0.6674768918952552
0.076904296875,0.190223058197309,0.6665982179655323
0.0771484375,0.19026745400967204,0.6657195440358095
0.077392578125,0.19031184982203508,0.6648408701060866
0.07763671875,0.19035624563439812,0.6639621961763638
0.077880859375,0.19040064144676117,0.6630835222466409
0.078125,0.1904450372591242,0.6622048483169181
0.078369140625,0.19048943307148725,0.6613261743871952
0.07861328125,0.1905338288838503,0.6604475004574724
0.078857421875,0.19057822469621333,0.6595688265277495
0.0791015625,0.19062262050857637,0.6586901525980267
0.079345703125,0.1906670163209394,0.6578114786683038
0.07958984375,0.19071141213330245,0.656932804738581
0.079833984375,0.1907558079456655,0.6560541308088581
0.080078125,0.19080020375802853,0.6551754568791353
0.080322265625,0.19084459957039157,0.6542967829494124
0.08056640625,0.1908889953827546,0.6534181090196896
0.080810546875,0.19093339119511765,0.6525394350899667
0.0810546875,0.1909777870074807,0.6516607611602439
0.081298828125,0.19102218281984373,0.650782087230521
0.08154296875,0.19106657863220677,0.6499034133007981
0.081787109375,0.19111097444456981,0.6490247393710753
0.08203125,0.19115537025693285,0.6481460654413524
0.082275390625,0.1911997660692959,0.6472673915116296
0.08251953125,0.19124416188165894,0.6463887175819067
0.082763671875,0.19128855769402198,0.6455100436521839
0.0830078125,0.19133295350638502,0.644631369722461
0.083251953125,0.19137734931874806,0.6437526957927382
0.08349609375,0.1914217451311111,0.6428740218630153
0.083740234375,0.19146614094347414,0.6419953479332925
0.083984375,0.19151053675583718,0.6411166740035696
0.084228515625,0.19155493256820022,0.6402380000738468
0.08447265625,0.19159932838056326,0.6393593261441239
0.084716796875,0.1916437241929263,0.6384806522144011
0.0849609375,0.19168812000528934,0.6376019782846782
0.085205078125,0.19173251581765238,0.6367233043549554
0.08544921875,0.19177691163001542,0.6358446304252325
0.085693359375,0.19182130744237846,0.6349659564955097
0.0859375,0.1918657032547415,0.6340872825657868
0.086181640625,0.19191009906710454,0.633208608636064
0.08642578125,0.19195449487946759,0.6323299347063411
0.086669921875,0.19199889069183063,0.6314512607766183
0.0869140625,0.19204328650419367,0.6305725868468954
0.087158203125,0.1920876823165567,0.6296939129171726
0.08740234375,0.19213207812891975,0.6288152389874497
0.087646484375,0.19219128174452554,0.6280663900499486
0.087890625,0.19226035722895984,0.627404091107262
0.088134765625,0.19232943271339414,0.6267417921645754
0.08837890625,0.19239850819782844,0.6260794932218888
0.088623046875,0.19246758368226274,0.6254171942792022
0.0888671875,0.19253665916669704,0.6247548953365156
0.089111328125,0.19260573465113134,0.624092596393829
0.08935546875,0.19267481013556564,0.6234302974511424
0.089599609375,0.19274388561999994,0.6227679985084558
0.08984375,0.19281296110443424,0.6221056995657692
0.090087890625,0.19288203658886854,0.6214434006230826
0.09033203125,0.19295111207330284,0.620781101680396
0.090576171875,0.19302018755773714,0.6201188027377094
0.0908203125,0.19308926304217144,0.6194565037950228
0.091064453125,0.19315833852660574,0.6187942048523362
0.09130859375,0.19322741401104004,0.6181319059096496
0.091552734375,0.19329648949547434,0.617469606966963
0.091796875,0.19336556497990864,0.6168073080242764
0.092041015625,0.19343464046434294,0.6161450090815898
0.09228515625,0.19350371594877724,0.6154827101389032
0.092529296875,0.19357279143321154,0.6148204111962166
0.0927734375,0.19364186691764584,0.61415811225353
0.093017578125,0.19371094240208014,0.6134958133108434
0.09326171875,0.19378001788651444,0.6128335143681568
0.093505859375,0.19384909337094874,0.6121712154254701
0.09375,0.19391816885538304,0.6115089164827836
0.093994140625,0.19398724433981734,0.610846617540097
0.09423828125,0.19405631982425164,0.6101843185974104
0.094482421875,0.19412539530868594,0.6095220196547237
0.0947265625,0.19419447079312024,0.6088597207120372
0.094970703125,0.19426354627755454,0.6081974217693505
0.09521484375,0.19433262176198884,0.607535122826664
0.095458984375,0.19440169724642314,0.6068728238839773
0.095703125,0.19447077273085744,0.6062105249412908
0.095947265625,0.19453984821529174,0.6055482259986041
0.09619140625,0.19460892369972604,0.6048859270559176
0.096435546875,0.19467799918416034,0.6042236281132309
0.0966796875,0.19474707466859464,0.6035613291705444
0.096923828125,0.19481615015302894,0.6028990302278577
0.09716796875,0.19488522563746324,0.6022367312851712
0.097412109375,0.19495430112189754,0.6015744323424845
0.09765625,0.19502337660633184,0.600912133399798
0.097900390625,0.19509245209076614,0.6002498344571113
0.09814453125,0.19516152757520044,0.5995875355144248
0.098388671875,0.19523060305963474,0.5989252365717381
0.0986328125,0.19529967854406904,0.5982629376290516
0.098876953125,0.19536875402850334,0.5976006386863649
0.09912109375,0.19543782951293764,0.5969383397436784
0.099365234375,0.19550690499737194,0.5962760408009917
0.099609375,0.19557598048180624,0.5956137418583052
0.099853515625,0.19564505596624054,0.5949514429156185
0.10009765625,0.19571413145067484,0.594289143972932
0.100341796875,0.19578320693510914,0.5936268450302453
0.1005859375,0.19585228241954344,0.5929645460875588
0.100830078125,0.19592135790397774,0.5923022471448722
0.10107421875,0.19599043338841204,0.5916399482021856
0.101318359375,0.19605950887284634,0.5909776492594989
0.1015625,0.19612858435728064,0.5903153503168124
0.101806640625,0.19619765984171494,0.5896530513741258
0.10205078125,0.19626673532614924,0.5889907524314392
0.102294921875,0.19633581081058354,0.5883284534887525
0.1025390625,0.19640488629501784,0.587666154546066
0.102783203125,0.19647396177945214,0.5870038556033794
0.10302734375,0.19654303726388644,0.5863415566606928
0.103271484375,0.19661211274832074,0.5856792577180061
0.103515625,0.19668118823275504,0.5850169587753196
0.103759765625,0.19675026371718934,0.584354659832633
0.10400390625,0.19681933920162364,0.5836923608899464
0.104248046875,0.19688841468605794,0.5830300619472597
0.1044921875,0.19695749017049224,0.5823677630045732
0.104736328125,0.19702656565492654,0.5817054640618866
0.10498046875,0.19709564113936084,0.5810431651192
0.105224609375,0.19716471662379514,0.5803808661765133
0.10546875,0.19723379210822944,0.5797185672338268
0.105712890625,0.19730286759266374,0.5790562682911402
0.10595703125,0.19737194307709804,0.5783939693484536
0.106201171875,0.19744101856153234,0.5777316704057669
0.1064453125,0.19751009404596664,0.5770693714630803
0.106689453125,0.19757916953040094,0.5764070725203938
0.10693359375,0.19764824501483524,0.5757447735777071
0.107177734375,0.19771732049926954,0.5750824746350205
0.107421875,0.19778639598370384,0.574420175692334
0.107666015625,0.19785547146813814,0.5737578767496474
0.10791015625,0.19792454695257244,0.5730955778069607
0.108154296875,0.19799362243700674,0.5724332788642741
0.1083984375,0.19806269792144104,0.5717709799215875
0.108642578125,0.19813177340587534,0.571108680978901
0.10888671875,0.19820084889030964,0.5704463820362143
0.109130859375,0.19826992437474394,0.5697840830935278
0.109375,0.19833899985917824,0.5691217841508411
0.109619140625,0.19840807534361254,0.5684594852081546
0.10986328125,0.19847715082804684,0.5677971862654679
0.110107421875,0.19854622631248114,0.5671348873227814
0.1103515625,0.19861530179691544,0.5664725883800947
0.110595703125,0.19868437728134974,0.5658102894374082
0.11083984375,0.19875345276578404,0.5651479904947215
0.111083984375,0.19882252825021834,0.5644856915520349
0.111328125,0.19889160373465264,0.5638233926093483
0.111572265625,0.19896067921908694,0.5631610936666618
0.11181640625,0.19902975470352124,0.5624987947239751
0.112060546875,0.19909883018795554,0.5618364957812885
0.1123046875,0.19916790567238984,0.5611741968386019
0.112548828125,0.19924182297536924,0.5605551592129494
0.11279296875,0.19933510755252903,0.5601091668554329
0.113037109375,0.19942839212968883,0.5596631744979165
0.11328125,0.19952167670684862,0.5592171821404
0.113525390625,0.1996149612840084,0.5587711897828835
0.11376953125,0.1997082458611682,0.558325197425367
0.114013671875,0.199801530438328,0.5578792050678506
0.1142578125,0.19989481501548778,0.5574332127103341
0.114501953125,0.19998809959264757,0.5569872203528177
0.11474609375,0.20008138416980736,0.5565412279953011
0.114990234375,0.20017466874696715,0.5560952356377847
0.115234375,0.20026795332412695,0.5556492432802682
0.115478515625,0.20036123790128674,0.5552032509227518
0.11572265625,0.20045452247844653,0.5547572585652353
0.115966796875,0.20054780705560632,0.5543112662077189
0.1162109375,0.2006410916327661,0.5538652738502023
0.116455078125,0.2007343762099259,0.5534192814926859
0.11669921875,0.2008276607870857,0.5529732891351694
0.116943359375,0.20092094536424548,0.552527296777653
0.1171875,0.20101422994140528,0.5520813044201365
0.117431640625,0.20110751451856507,0.5516353120626201
0.11767578125,0.20120079909572486,0.5511893197051035
0.117919921875,0.20129408367288465,0.5507433273475871
0.1181640625,0.20138736825004444,0.5502973349900706
0.118408203125,0.20148065282720423,0.5498513426325542
0.11865234375,0.20157393740436402,0.5494053502750377
0.118896484375,0.20166722198152381,0.5489593579175213
0.119140625,0.2017605065586836,0.5485133655600047
0.119384765625,0.2018537911358434,0.5480673732024883
0.11962890625,0.2019470757130032,0.5476213808449718
0.119873046875,0.20204036029016298,0.5471753884874554
0.1201171875,0.20213364486732277,0.5467293961299389
0.120361328125,0.20222692944448256,0.5462834037724225
0.12060546875,0.20232021402164235,0.5458374114149059
0.120849609375,0.20241349859880214,0.5453914190573895
0.12109375,0.20250678317596194,0.544945426699873
0.121337890625,0.20260006775312173,0.5444994343423566
0.12158203125,0.20269335233028152,0.5440534419848401
0.121826171875,0.2027866369074413,0.5436074496273237
0.1220703125,0.2028799214846011,0.5431614572698071
0.122314453125,0.2029732060617609,0.5427154649122907
0.12255859375,0.20306649063892068,0.5422694725547742
0.122802734375,0.20315977521608047,0.5418234801972578
0.123046875,0.20325305979324026,0.5413774878397413
0.123291015625,0.20334634437040006,0.5409314954822249
0.12353515625,0.20343962894755985,0.5404855031247083
0.123779296875,0.20353291352471964,0.5400395107671919
0.1240234375,0.20362619810187943,0.5395935184096754
0.124267578125,0.20371948267903922,0.539147526052159
0.12451171875,0.203812767256199,0.5387015336946425
0.124755859375,0.2039060518333588,0.538255541337126
0.125,0.2039993364105186,0.5378095489796095
0.125244140625,0.20409262098767839,0.5373635566220931
0.12548828125,0.20418590556483818,0.5369175642645766
0.125732421875,0.20427919014199797,0.5364715719070602
0.1259765625,0.20437247471915776,0.5360255795495437
0.126220703125,0.20446575929631755,0.5355795871920273
0.12646484375,0.20455904387347734,0.5351335948345107
0.126708984375,0.20465232845063713,0.5346876024769943
0.126953125,0.20474561302779692,0.5342416101194778
0.127197265625,0.20483889760495672,0.5337956177619614
0.12744140625,0.2049321821821165,0.5333496254044449
0.127685546875,0.2050254667592763,0.5329036330469284
0.1279296875,0.2051187513364361,0.5324576406894119
0.128173828125,0.20521203591359588,0.5320116483318955
0.12841796875,0.20530532049075567,0.531565655974379
0.128662109375,0.20539860506791546,0.5311196636168626
0.12890625,0.20549188964507525,0.5306736712593461
0.129150390625,0.20558517422223505,0.5302276789018296
0.12939453125,0.20567845879939484,0.5297816865443131
0.129638671875,0.20577174337655463,0.5293356941867967
0.1298828125,0.20586502795371442,0.5288897018292802
0.130126953125,0.2059583125308742,0.5284437094717638
0.13037109375,0.206051597108034,0.5279977171142473
0.130615234375,0.2061448816851938,0.5275517247567308
0.130859375,0.20623816626235358,0.5271057323992143
0.131103515625,0.20633145083951338,0.5266597400416979
0.13134765625,0.20642473541667317,0.5262137476841814
0.131591796875,0.20651801999383296,0.525767755326665
0.1318359375,0.20661130457099275,0.5253217629691485
0.132080078125,0.20670458914815254,0.524875770611632
0.13232421875,0.20679787372531233,0.5244297782541155
0.132568359375,0.20689115830247212,0.5239837858965991
0.1328125,0.2069844428796319,0.5235377935390826
0.133056640625,0.2070777274567917,0.5230918011815662
0.13330078125,0.2071710120339515,0.5226458088240497
0.133544921875,0.2072642966111113,0.5221998164665332
0.1337890625,0.20735758118827108,0.5217538241090167
0.134033203125,0.20745086576543087,0.5213078317515003
0.13427734375,0.20754415034259066,0.5208618393939838
0.134521484375,0.20763743491975045,0.5204158470364674
0.134765625,0.20773071949691024,0.5199698546789508
0.135009765625,0.20782400407407003,0.5195238623214344
0.13525390625,0.20791728865122983,0.5190778699639179
0.135498046875,0.20801057322838962,0.5186318776064015
0.1357421875,0.2081038578055494,0.518185885248885
0.135986328125,0.2081971423827092,0.5177398928913686
0.13623046875,0.208290426959869,0.517293900533852
0.136474609375,0.20838371153702878,0.5168479081763356
0.13671875,0.20847699611418857,0.5164019158188191
0.136962890625,0.20857028069134836,0.5159559234613027
0.13720703125,0.20866356526850816,0.5155099311037862
0.137451171875,0.20875684984566795,0.5150639387462698
0.1376953125,0.20886711725476603,0.5147636061408893
0.137939453125,0.2089816303718487,0.514499688473543
0.13818359375,0.20909614348893135,0.5142357708061966
0.138427734375,0.209210656606014,0.5139718531388503
0.138671875,0.20932516972309667,0.513707935471504
0.138916015625,0.20943968284017933,0.5134440178041576
0.13916015625,0.209554195957262,0.5131801001368113
0.139404296875,0.20966870907434465,0.5129161824694649
0.1396484375,0.2097832221914273,0.5126522648021186
0.139892578125,0.20989773530850997,0.5123883471347722
0.14013671875,0.21001224842559263,0.5121244294674259
0.140380859375,0.2101267615426753,0.5118605118000795
0.140625,0.21024127465975795,0.5115965941327332
0.140869140625,0.2103557877768406,0.5113326764653868
0.14111328125,0.21047030089392327,0.5110687587980405
0.141357421875,0.21058481401100593,0.5108048411306941
0.1416015625,0.2106993271280886,0.5105409234633478
0.141845703125,0.21081384024517125,0.5102770057960014
0.14208984375,0.2109283533622539,0.5100130881286551
0.142333984375,0.21104286647933657,0.5097491704613087
0.142578125,0.21115737959641923,0.5094852527939624
0.142822265625,0.21127189271350189,0.509221335126616
0.14306640625,0.21138640583058455,0.5089574174592697
0.143310546875,0.2115009189476672,0.5086934997919234
0.1435546875,0.21161543206474986,0.508429582124577
0.143798828125,0.21172994518183252,0.5081656644572307
0.14404296875,0.21184445829891518,0.5079017467898843
0.144287109375,0.21195897141599784,0.507637829122538
0.14453125,0.2120734845330805,0.5073739114551916
0.144775390625,0.21218799765016316,0.5071099937878453
0.14501953125,0.21230251076724582,0.5068460761204989
0.145263671875,0.21241702388432848,0.5065821584531526
0.1455078125,0.21253153700141114,0.5063182407858062
0.145751953125,0.2126460501184938,0.5060543231184599
0.14599609375,0.21276056323557646,0.5057904054511135
0.146240234375,0.21287507635265912,0.5055264877837672
0.146484375,0.21298958946974178,0.5052625701164208
0.146728515625,0.21310410258682444,0.5049986524490745
0.14697265625,0.2132186157039071,0.5047347347817281
0.147216796875,0.21333312882098976,0.5044708171143818
0.1474609375,0.21344764193807242,0.5042068994470355
0.147705078125,0.21356215505515508,0.5039429817796891
0.14794921875,0.21367666817223774,0.5036790641123428
0.148193359375,0.2137911812893204,0.5034151464449964
0.1484375,0.21390569440640306,0.5031512287776501
0.148681640625,0.21402020752348572,0.5028873111103037
0.14892578125,0.21413472064056838,0.5026233934429574
0.149169921875,0.21424923375765104,0.502359475775611
0.1494140625,0.2143637468747337,0.5020955581082647
0.149658203125,0.21447825999181636,0.5018316404409183
0.14990234375,0.21459277310889902,0.501567722773572
0.150146484375,0.21470728622598168,0.5013038051062256
0.150390625,0.21482179934306433,0.5010398874388793
0.150634765625,0.214936312460147,0.5007759697715329
0.15087890625,0.21505082557722965,0.5005120521041866
0.151123046875,0.2151653386943123,0.5002481344368402
0.1513671875,0.21527985181139497,0.4999842167694939
0.151611328125,0.21539436492847763,0.49972029910214755
0.15185546875,0.2155088780455603,0.4994563814348012
0.152099609375,0.21562339116264295,0.49919246376745485
0.15234375,0.2157379042797256,0.4989285461001085
0.152587890625,0.21585241739680827,0.49866462843276216
0.15283203125,0.21596693051389093,0.4984007107654158
0.153076171875,0.2160814436309736,0.49813679309806946
0.1533203125,0.21619595674805625,0.4978728754307231
0.153564453125,0.2163104698651389,0.49760895776337677
0.15380859375,0.21642498298222157,0.4973450400960304
0.154052734375,0.21653949609930423,0.4970811224286841
0.154296875,0.2166540092163869,0.4968172047613377
0.154541015625,0.21676852233346955,0.4965532870939914
0.15478515625,0.2168830354505522,0.49628936942664503
0.155029296875,0.21699754856763487,0.4960254517592987
0.1552734375,0.21711206168471753,0.49576153409195234
0.155517578125,0.2172265748018002,0.495497616424606
0.15576171875,0.21734108791888285,0.49523369875725964
0.156005859375,0.2174556010359655,0.4949697810899133
0.15625,0.21757011415304817,0.49470586342256695
0.156494140625,0.21768462727013083,0.4944419457552206
0.15673828125,0.21779914038721349,0.49417802808787425
0.156982421875,0.21791365350429615,0.4939141104205279
0.1572265625,0.2180281666213788,0.49365019275318156
0.157470703125,0.21814267973846146,0.4933862750858352
0.15771484375,0.21825719285554412,0.49312235741848887
0.157958984375,0.21837170597262678,0.4928584397511425
0.158203125,0.21848621908970944,0.49259452208379617
0.158447265625,0.2186007322067921,0.4923306044164498
0.15869140625,0.21871524532387476,0.4920666867491035
0.158935546875,0.21882975844095742,0.49180276908175713
0.1591796875,0.21894427155804008,0.4915388514144108
0.159423828125,0.21905878467512274,0.49127493374706444
0.15966796875,0.2191732977922054,0.4910110160797181
0.159912109375,0.21928781090928806,0.49074709841237174
0.16015625,0.21940232402637072,0.4904831807450254
0.160400390625,0.21951683714345338,0.49021926307767905
0.16064453125,0.21963135026053604,0.4899553454103327
0.160888671875,0.2197458633776187,0.48969142774298635
0.1611328125,0.21986037649470136,0.48942751007564
0.161376953125,0.21997488961178402,0.48916359240829366
0.16162109375,0.22008940272886668,0.4888996747409473
0.161865234375,0.22020391584594934,0.48863575707360096
0.162109375,0.220318428963032,0.4883718394062546
0.162353515625,0.22043294208011466,0.48810792173890827
0.16259765625,0.22055428067211535,0.48789764993458307
0.162841796875,0.2206858574764931,0.4877678469247896
0.1630859375,0.22081743428087086,0.4876380439149961
0.163330078125,0.22094901108524861,0.4875082409052026
0.16357421875,0.22108058788962637,0.48737843789540913
0.163818359375,0.22121216469400412,0.48724863488561565
0.1640625,0.22134374149838187,0.48711883187582217
0.164306640625,0.22147531830275963,0.4869890288660287
0.16455078125,0.22160689510713738,0.4868592258562352
0.164794921875,0.22173847191151513,0.4867294228464417
0.1650390625,0.2218700487158929,0.48659961983664823
0.165283203125,0.22200162552027064,0.48646981682685475
0.16552734375,0.2221332023246484,0.48634001381706127
0.165771484375,0.22226477912902615,0.4862102108072678
0.166015625,0.2223963559334039,0.4860804077974743
0.166259765625,0.22252793273778165,0.4859506047876808
0.16650390625,0.2226595095421594,0.48582080177788733
0.166748046875,0.22279108634653716,0.48569099876809385
0.1669921875,0.2229226631509149,0.48556119575830037
0.167236328125,0.22305423995529267,0.4854313927485069
0.16748046875,0.22318581675967042,0.4853015897387134
0.167724609375,0.22331739356404817,0.4851717867289199
0.16796875,0.22344897036842593,0.48504198371912643
0.168212890625,0.22358054717280368,0.48491218070933295
0.16845703125,0.22371212397718143,0.48478237769953947
0.168701171875,0.22384370078155919,0.484652574689746
0.1689453125,0.22397527758593694,0.4845227716799525
0.169189453125,0.2241068543903147,0.484392968670159
0.16943359375,0.22423843119469244,0.48426316566036554
0.169677734375,0.2243700079990702,0.48413336265057205
0.169921875,0.22450158480344795,0.48400355964077857
0.170166015625,0.2246331616078257,0.4838737566309851
0.17041015625,0.22476473841220346,0.4837439536211916
0.170654296875,0.2248963152165812,0.4836141506113981
0.1708984375,0.22502789202095896,0.48348434760160464
0.171142578125,0.22515946882533672,0.48335454459181115
0.17138671875,0.22529104562971447,0.48322474158201767
0.171630859375,0.22542262243409222,0.4830949385722242
0.171875,0.22555419923846998,0.4829651355624307
0.172119140625,0.22568577604284773,0.4828353325526372
0.17236328125,0.22581735284722548,0.48270552954284374
0.172607421875,0.22594892965160324,0.48257572653305025
0.1728515625,0.226080506455981,0.48244592352325677
0.173095703125,0.22621208326035874,0.4823161205134633
0.17333984375,0.2263436600647365,0.4821863175036698
0.173583984375,0.22647523686911425,0.4820565144938763
0.173828125,0.226606813673492,0.48192671148408284
0.174072265625,0.22673839047786976,0.48179690847428935
0.17431640625,0.2268699672822475,0.48166710546449587
0.174560546875,0.22700154408662526,0.4815373024547024
0.1748046875,0.22713312089100302,0.4814074994449089
0.175048828125,0.22726469769538077,0.4812776964351154
0.17529296875,0.22739627449975852,0.48114789342532194
0.175537109375,0.22752785130413627,0.48101809041552845
0.17578125,0.22765942810851403,0.48088828740573497
0.176025390625,0.22779100491289178,0.4807584843959415
0.17626953125,0.22792258171726953,0.480628681386148
0.176513671875,0.2280541585216473,0.4804988783763545
0.1767578125,0.22818573532602504,0.48036907536656104
0.177001953125,0.2283173121304028,0.48023927235676755
0.17724609375,0.22844888893478055,0.48010946934697407
0.177490234375,0.2285804657391583,0.4799796663371806
0.177734375,0.22871204254353605,0.4798498633273871
0.177978515625,0.2288436193479138,0.4797200603175936
0.17822265625,0.22897519615229156,0.47959025730780014
0.178466796875,0.2291067729566693,0.47946045429800666
0.1787109375,0.22923834976104707,0.47933065128821317
0.178955078125,0.22936992656542482,0.4792008482784197
0.17919921875,0.22950150336980257,0.4790710452686262
0.179443359375,0.22963308017418033,0.4789412422588327
0.1796875,0.22976465697855808,0.47881143924903924
0.179931640625,0.22989623378293583,0.47868163623924576
0.18017578125,0.23002781058731359,0.4785518332294523
0.180419921875,0.23015938739169134,0.4784220302196588
0.1806640625,0.2302909641960691,0.4782922272098653
0.180908203125,0.23042254100044685,0.4781624242000718
0.18115234375,0.2305541178048246,0.47803262119027834
0.181396484375,0.23068569460920235,0.47790281818048486
0.181640625,0.2308172714135801,0.4777730151706914
0.181884765625,0.23094884821795786,0.4776432121608979
0.18212890625,0.2310804250223356,0.4775134091511044
0.182373046875,0.23121200182671336,0.4773836061413109
0.1826171875,0.23134357863109112,0.47725380313151744
0.182861328125,0.23147515543546887,0.47712400012172396
0.18310546875,0.23160673223984662,0.4769941971119305
0.183349609375,0.23173830904422438,0.476864394102137
0.18359375,0.23186988584860213,0.4767345910923435
0.183837890625,0.23200146265297988,0.47660478808255
0.18408203125,0.23213303945735764,0.47647498507275654
0.184326171875,0.2322646162617354,0.47634518206296306
0.1845703125,0.23239619306611314,0.4762153790531696
0.184814453125,0.2325277698704909,0.4760855760433761
0.18505859375,0.23265934667486865,0.4759557730335826
0.185302734375,0.2327909234792464,0.4758259700237891
0.185546875,0.23292250028362416,0.47569616701399564
0.185791015625,0.2330540770880019,0.47556636400420216
0.18603515625,0.23318565389237966,0.4754365609944087
0.186279296875,0.23331723069675742,0.4753067579846152
0.1865234375,0.23344880750113517,0.4751769549748217
0.186767578125,0.23358038430551292,0.4750471519650282
0.18701171875,0.23371196110989068,0.47491734895523474
0.187255859375,0.23384353791426843,0.47478754594544126
0.1875,0.23397511471864618,0.4746577429356478
0.187744140625,0.2341198055152655,0.47461590680232263
0.18798828125,0.23426449631188484,0.4745740706689975
0.188232421875,0.23440918710850417,0.47453223453567234
0.1884765625,0.2345538779051235,0.4744903984023472
0.188720703125,0.23469856870174283,0.47444856226902204
0.18896484375,0.23484325949836216,0.4744067261356969
0.189208984375,0.23498795029498148,0.47436489000237175
0.189453125,0.2351326410916008,0.4743230538690466
0.189697265625,0.23527733188822014,0.47428121773572146
0.18994140625,0.23542202268483947,0.4742393816023963
0.190185546875,0.2355667134814588,0.47419754546907117
0.1904296875,0.23571140427807813,0.474155709335746
0.190673828125,0.23585609507469746,0.4741138732024209
0.19091796875,0.2360007858713168,0.47407203706909573
0.191162109375,0.23614547666793612,0.4740302009357706
0.19140625,0.23629016746455545,0.47398836480244544
0.191650390625,0.23643485826117477,0.4739465286691203
0.19189453125,0.2365795490577941,0.47390469253579515
0.192138671875,0.23672423985441343,0.47386285640247
0.1923828125,0.23686893065103276,0.47382102026914485
0.192626953125,0.2370136214476521,0.4737791841358197
0.19287109375,0.23715831224427142,0.47373734800249456
0.193115234375,0.23730300304089075,0.4736955118691694
0.193359375,0.23744769383751008,0.47365367573584427
0.193603515625,0.2375923846341294,0.4736118396025191
0.19384765625,0.23773707543074873,0.473570003469194
0.194091796875,0.23788176622736806,0.47352816733586883
0.1943359375,0.2380264570239874,0.4734863312025437
0.194580078125,0.23817114782060672,0.47344449506921854
0.19482421875,0.23831583861722605,0.4734026589358934
0.195068359375,0.23846052941384538,0.47336082280256825
0.1953125,0.2386052202104647,0.4733189866692431
0.195556640625,0.23874991100708404,0.47327715053591796
0.19580078125,0.23889460180370337,0.4732353144025928
0.196044921875,0.2390392926003227,0.47319347826926766
0.1962890625,0.23918398339694202,0.4731516421359425
0.196533203125,0.23932867419356135,0.4731098060026174
0.19677734375,0.23947336499018068,0.4730679698692922
0.197021484375,0.2396180557868,0.4730261337359671
0.197265625,0.23976274658341934,0.47298429760264193
0.197509765625,0.23990743738003867,0.4729424614693168
0.19775390625,0.240052128176658,0.47290062533599164
0.197998046875,0.24019681897327733,0.4728587892026665
0.1982421875,0.24034150976989666,0.47281695306934135
0.198486328125,0.24048620056651598,0.4727751169360162
0.19873046875,0.2406308913631353,0.47273328080269106
0.198974609375,0.24077558215975464,0.4726914446693659
0.19921875,0.24092027295637397,0.47264960853604077
0.199462890625,0.2410649637529933,0.4726077724027156
0.19970703125,0.24120965454961263,0.4725659362693905
0.199951171875,0.24135434534623196,0.47252410013606533
0.2001953125,0.2414990361428513,0.4724822640027402
0.200439453125,0.24164372693947062,0.47244042786941504
0.20068359375,0.24178841773608994,0.4723985917360899
0.200927734375,0.24193310853270927,0.47235675560276474
0.201171875,0.2420777993293286,0.4723149194694396
0.201416015625,0.24222249012594793,0.47227308333611445
0.20166015625,0.24236718092256726,0.4722312472027893
0.201904296875,0.2425118717191866,0.47218941106946416
0.2021484375,0.24265656251580592,0.472147574936139
0.202392578125,0.24280125331242525,0.47210573880281387
0.20263671875,0.24294594410904458,0.4720639026694887
0.202880859375,0.2430906349056639,0.4720220665361636
0.203125,0.24323532570228323,0.47198023040283843
0.203369140625,0.24338001649890256,0.4719383942695133
0.20361328125,0.2435247072955219,0.47189655813618814
0.203857421875,0.24366939809214122,0.471854722002863
0.2041015625,0.24381408888876055,0.47181288586953785
0.204345703125,0.24395877968537988,0.4717710497362127
0.20458984375,0.2441034704819992,0.47172921360288755
0.204833984375,0.24424816127861854,0.4716873774695624
0.205078125,0.24439285207523787,0.47164554133623726
0.205322265625,0.2445375428718572,0.4716037052029121
0.20556640625,0.24468223366847652,0.47156186906958697
0.205810546875,0.24482692446509585,0.4715200329362618
0.2060546875,0.24497161526171518,0.4714781968029367
0.206298828125,0.2451163060583345,0.47143636066961153
0.20654296875,0.24526099685495384,0.4713945245362864
0.206787109375,0.24540568765157317,0.47135268840296124
0.20703125,0.2455503784481925,0.4713108522696361
0.207275390625,0.24569506924481183,0.47126901613631095
0.20751953125,0.24583976004143115,0.4712271800029858
0.207763671875,0.24598445083805048,0.47118534386966066
0.2080078125,0.2461291416346698,0.4711435077363355
0.208251953125,0.24627383243128914,0.47110167160301036
0.20849609375,0.24641852322790847,0.4710598354696852
0.208740234375,0.2465632140245278,0.47101799933636007
0.208984375,0.24670790482114713,0.4709761632030349
0.209228515625,0.24685259561776646,0.4709343270697098
0.20947265625,0.24699728641438579,0.47089249093638463
0.209716796875,0.24714197721100511,0.4708506548030595
0.2099609375,0.24728666800762444,0.47080881866973434
0.210205078125,0.24743135880424377,0.4707669825364092
0.21044921875,0.2475760496008631,0.47072514640308405
0.210693359375,0.24772074039748243,0.4706833102697589
0.2109375,0.24786543119410176,0.47064147413643376
0.211181640625,0.2480101219907211,0.4705996380031086
0.21142578125,0.24815481278734042,0.47055780186978347
0.211669921875,0.24829950358395975,0.4705159657364583
0.2119140625,0.24844419438057908,0.4704741296031332
0.212158203125,0.2485888851771984,0.470432293469808
0.21240234375,0.24873357597381773,0.4703904573364829
0.212646484375,0.24888451234225795,0.470379362645267
0.212890625,0.24903961242524542,0.47038876224879056
0.213134765625,0.24919471250823289,0.47039816185231415
0.21337890625,0.24934981259122035,0.47040756145583773
0.213623046875,0.24950491267420782,0.4704169610593613
0.2138671875,0.2496600127571953,0.4704263606628849
0.214111328125,0.24981511284018276,0.4704357602664085
0.21435546875,0.24997021292317023,0.4704451598699321
0.214599609375,0.2501253130061577,0.47045455947345566
0.21484375,0.25028041308914517,0.47046395907697924
0.215087890625,0.25043551317213264,0.47047335868050283
0.21533203125,0.2505906132551201,0.4704827582840264
0.215576171875,0.2507457133381076,0.47049215788755
0.2158203125,0.25090081342109505,0.4705015574910736
0.216064453125,0.2510559135040825,0.47051095709459717
0.21630859375,0.25121101358707,0.47052035669812076
0.216552734375,0.25136611367005746,0.47052975630164434
0.216796875,0.2515212137530449,0.4705391559051679
0.217041015625,0.2516763138360324,0.4705485555086915
0.21728515625,0.25183141391901986,0.4705579551122151
0.217529296875,0.25198651400200733,0.4705673547157387
0.2177734375,0.2521416140849948,0.47057675431926227
0.218017578125,0.25229671416798227,0.47058615392278585
0.21826171875,0.25245181425096974,0.47059555352630944
0.218505859375,0.2526069143339572,0.470604953129833
0.21875,0.2527620144169447,0.4706143527333566
0.218994140625,0.25291711449993215,0.4706237523368802
0.21923828125,0.2530722145829196,0.4706331519404038
0.219482421875,0.2532273146659071,0.47064255154392737
0.2197265625,0.25338241474889456,0.47065195114745095
0.219970703125,0.253537514831882,0.47066135075097454
0.22021484375,0.2536926149148695,0.4706707503544981
0.220458984375,0.25384771499785697,0.4706801499580217
0.220703125,0.25400281508084444,0.4706895495615453
0.220947265625,0.2541579151638319,0.4706989491650689
0.22119140625,0.2543130152468194,0.47070834876859247
0.221435546875,0.25446811532980684,0.47071774837211605
0.2216796875,0.2546232154127943,0.47072714797563964
0.221923828125,0.2547783154957818,0.4707365475791632
0.22216796875,0.25493341557876925,0.4707459471826868
0.222412109375,0.2550885156617567,0.4707553467862104
0.22265625,0.2552436157447442,0.470764746389734
0.222900390625,0.25539871582773166,0.47077414599325756
0.22314453125,0.25555381591071913,0.47078354559678115
0.223388671875,0.2557089159937066,0.47079294520030474
0.2236328125,0.25586401607669407,0.4708023448038283
0.223876953125,0.25601911615968154,0.4708117444073519
0.22412109375,0.256174216242669,0.4708211440108755
0.224365234375,0.2563293163256565,0.4708305436143991
0.224609375,0.25648441640864394,0.47083994321792266
0.224853515625,0.2566395164916314,0.47084934282144625
0.22509765625,0.2567946165746189,0.47085874242496983
0.225341796875,0.25694971665760635,0.4708681420284934
0.2255859375,0.2571048167405938,0.470877541632017
0.225830078125,0.2572599168235813,0.4708869412355406
0.22607421875,0.25741501690656876,0.4708963408390642
0.226318359375,0.25757011698955623,0.47090574044258776
0.2265625,0.2577252170725437,0.47091514004611135
0.226806640625,0.25788031715553117,0.47092453964963493
0.22705078125,0.25803541723851864,0.4709339392531585
0.227294921875,0.2581905173215061,0.4709433388566821
0.2275390625,0.2583456174044936,0.4709527384602057
0.227783203125,0.25850071748748105,0.4709621380637293
0.22802734375,0.2586558175704685,0.47097153766725286
0.228271484375,0.258810917653456,0.47098093727077645
0.228515625,0.25896601773644345,0.47099033687430003
0.228759765625,0.2591211178194309,0.4709997364778236
0.22900390625,0.2592762179024184,0.4710091360813472
0.229248046875,0.25943131798540586,0.4710185356848708
0.2294921875,0.25958641806839333,0.4710279352883944
0.229736328125,0.2597415181513808,0.47103733489191796
0.22998046875,0.25989661823436827,0.47104673449544154
0.230224609375,0.26005171831735574,0.47105613409896513
0.23046875,0.2602068184003432,0.4710655337024887
0.230712890625,0.2603619184833307,0.4710749333060123
0.23095703125,0.26051701856631815,0.4710843329095359
0.231201171875,0.2606721186493056,0.47109373251305947
0.2314453125,0.2608272187322931,0.47110313211658306
0.231689453125,0.26098231881528056,0.47111253172010664
0.23193359375,0.261137418898268,0.4711219313236302
0.232177734375,0.2612925189812555,0.4711313309271538
0.232421875,0.26144761906424296,0.4711407305306774
0.232666015625,0.26160271914723043,0.471150130134201
0.23291015625,0.2617578192302179,0.47115952973772457
0.233154296875,0.2619129193132054,0.47116892934124815
0.2333984375,0.26206801939619284,0.47117832894477174
0.233642578125,0.2622231194791803,0.4711877285482953
0.23388671875,0.2623782195621678,0.4711971281518189
0.234130859375,0.26253331964515525,0.4712065277553425
0.234375,0.2626884197281427,0.4712159273588661
0.234619140625,0.2628435198111302,0.47122532696238967
0.23486328125,0.26299861989411766,0.47123472656591325
0.235107421875,0.2631537199771051,0.47124412616943684
0.2353515625,0.2633088200600926,0.4712535257729604
0.235595703125,0.26346392014308007,0.471262925376484
0.23583984375,0.26361902022606754,0.4712723249800076
0.236083984375,0.263774120309055,0.4712817245835312
0.236328125,0.2639292203920425,0.47129112418705477
0.236572265625,0.26408432047502994,0.47130052379057835
0.23681640625,0.2642394205580174,0.47130992339410194
0.237060546875,0.2643945206410049,0.4713193229976255
0.2373046875,0.26454962072399235,0.4713287226011491
0.237548828125,0.264706594812659,0.47134321989481076
0.23779296875,0.26487106492404244,0.4713781079490247
0.238037109375,0.2650355350354259,0.4714129960032386
0.23828125,0.2652000051468093,0.4714478840574525
0.238525390625,0.26536447525819273,0.47148277211166645
0.23876953125,0.26552894536957616,0.47151766016588037
0.239013671875,0.2656934154809596,0.4715525482200943
0.2392578125,0.265857885592343,0.4715874362743082
0.239501953125,0.26602235570372645,0.47162232432852214
0.23974609375,0.2661868258151099,0.47165721238273606
0.239990234375,0.2663512959264933,0.47169210043695
0.240234375,0.26651576603787674,0.4717269884911639
0.240478515625,0.2666802361492602,0.4717618765453778
0.24072265625,0.2668447062606436,0.47179676459959174
0.240966796875,0.26700917637202704,0.47183165265380567
0.2412109375,0.26717364648341047,0.4718665407080196
0.241455078125,0.2673381165947939,0.4719014287622335
0.24169921875,0.2675025867061773,0.47193631681644743
0.241943359375,0.26766705681756076,0.47197120487066135
0.2421875,0.2678315269289442,0.4720060929248753
0.242431640625,0.2679959970403276,0.4720409809790892
0.24267578125,0.26816046715171105,0.4720758690333031
0.242919921875,0.2683249372630945,0.47211075708751704
0.2431640625,0.2684894073744779,0.47214564514173096
0.243408203125,0.26865387748586134,0.4721805331959449
0.24365234375,0.26881834759724477,0.4722154212501588
0.243896484375,0.2689828177086282,0.47225030930437273
0.244140625,0.2691472878200116,0.47228519735858665
0.244384765625,0.26931175793139506,0.47232008541280057
0.24462890625,0.2694762280427785,0.4723549734670145
0.244873046875,0.2696406981541619,0.4723898615212284
0.2451171875,0.26980516826554535,0.47242474957544234
0.245361328125,0.2699696383769288,0.47245963762965626
0.24560546875,0.2701341084883122,0.4724945256838702
0.245849609375,0.27029857859969564,0.4725294137380841
0.24609375,0.27046304871107907,0.472564301792298
0.246337890625,0.2706275188224625,0.47259918984651195
0.24658203125,0.27079198893384593,0.47263407790072587
0.246826171875,0.27095645904522936,0.4726689659549398
0.2470703125,0.2711209291566128,0.4727038540091537
0.247314453125,0.2712853992679962,0.47273874206336763
0.24755859375,0.27144986937937965,0.47277363011758156
0.247802734375,0.2716143394907631,0.4728085181717955
0.248046875,0.2717788096021465,0.4728434062260094
0.248291015625,0.27194327971352994,0.4728782942802233
0.24853515625,0.27210774982491337,0.47291318233443724
0.248779296875,0.2722722199362968,0.47294807038865116
0.2490234375,0.27243669004768023,0.4729829584428651
0.249267578125,0.27260116015906366,0.473017846497079
0.24951171875,0.2727656302704471,0.47305273455129293
0.249755859375,0.2729301003818305,0.47308762260550685
0.25,0.27309457049321395,0.4731225106597208
0.250244140625,0.2732590406045974,0.4731573987139347
0.25048828125,0.2734235107159808,0.4731922867681486
0.250732421875,0.27358798082736424,0.47322717482236254
0.2509765625,0.27375245093874767,0.47326206287657646
0.251220703125,0.2739169210501311,0.4732969509307904
0.25146484375,0.27408139116151453,0.4733318389850043
0.251708984375,0.27424586127289796,0.4733667270392182
0.251953125,0.2744103313842814,0.47340161509343215
0.252197265625,0.2745748014956648,0.47343650314764607
0.25244140625,0.27473927160704825,0.47347139120186
0.252685546875,0.2749037417184317,0.4735062792560739
0.2529296875,0.2750682118298151,0.47354116731028784
0.253173828125,0.27523268194119854,0.47357605536450176
0.25341796875,0.275397152052582,0.4736109434187157
0.253662109375,0.2755616221639654,0.4736458314729296
0.25390625,0.27572609227534883,0.4736807195271435
0.254150390625,0.27589056238673226,0.47371560758135745
0.25439453125,0.2760550324981157,0.47375049563557137
0.254638671875,0.2762195026094991,0.4737853836897853
0.2548828125,0.27638397272088255,0.4738202717439992
0.255126953125,0.276548442832266,0.47385515979821313
0.25537109375,0.2767129129436494,0.47389004785242705
0.255615234375,0.27687738305503284,0.473924935906641
0.255859375,0.2770418531664163,0.4739598239608549
0.256103515625,0.2772063232777997,0.4739947120150688
0.25634765625,0.27737079338918313,0.47402960006928274
0.256591796875,0.27753526350056656,0.47406448812349666
0.2568359375,0.27769973361195,0.4740993761777106
0.257080078125,0.2778642037233334,0.4741342642319245
0.25732421875,0.27802867383471686,0.47416915228613843
0.257568359375,0.2781931439461003,0.47420404034035235
0.2578125,0.2783576140574837,0.4742389283945663
0.258056640625,0.27852208416886715,0.4742738164487802
0.25830078125,0.2786865542802506,0.4743087045029941
0.258544921875,0.278851024391634,0.47434359255720804
0.2587890625,0.27901549450301744,0.47437848061142196
0.259033203125,0.27917996461440087,0.4744133686656359
0.25927734375,0.2793444347257843,0.4744482567198498
0.259521484375,0.2795089048371677,0.4744831447740637
0.259765625,0.27967337494855116,0.47451803282827765
0.260009765625,0.2798378450599346,0.47455292088249157
0.26025390625,0.280002315171318,0.4745878089367055
0.260498046875,0.28016678528270145,0.4746226969909194
0.2607421875,0.2803312553940849,0.47465758504513333
0.260986328125,0.2804957255054683,0.47469247309934726
0.26123046875,0.28066019561685174,0.4747273611535612
0.261474609375,0.28082466572823517,0.4747622492077751
0.26171875,0.2809891358396186,0.474797137261989
0.261962890625,0.28115360595100203,0.47483202531620294
0.26220703125,0.28131807606238546,0.47486691337041687
0.262451171875,0.2814825461737689,0.4749018014246308
0.2626953125,0.28165486797233097,0.4749440441185311
0.262939453125,0.2818291526926877,0.474988125472353
0.26318359375,0.28200343741304446,0.47503220682617486
0.263427734375,0.2821777221334012,0.47507628817999675
0.263671875,0.28235200685375794,0.47512036953381864
0.263916015625,0.2825262915741147,0.47516445088764053
0.26416015625,0.28270057629447143,0.4752085322414624
0.264404296875,0.28287486101482817,0.4752526135952843
0.2646484375,0.2830491457351849,0.4752966949491062
0.264892578125,0.28322343045554166,0.4753407763029281
0.26513671875,0.2833977151758984,0.47538485765675
0.265380859375,0.28357199989625514,0.47542893901057187
0.265625,0.2837462846166119,0.47547302036439376
0.265869140625,0.28392056933696863,0.47551710171821565
0.26611328125,0.2840948540573254,0.47556118307203754
0.266357421875,0.2842691387776821,0.47560526442585943
0.2666015625,0.28444342349803886,0.4756493457796813
0.266845703125,0.2846177082183956,0.4756934271335032
0.26708984375,0.28479199293875235,0.4757375084873251
0.267333984375,0.2849662776591091,0.475781589841147
0.267578125,0.28514056237946583,0.4758256711949689
0.267822265625,0.2853148470998226,0.47586975254879077
0.26806640625,0.2854891318201793,0.47591383390261266
0.268310546875,0.28566341654053606,0.47595791525643455
0.2685546875,0.2858377012608928,0.47600199661025644
0.268798828125,0.28601198598124955,0.47604607796407833
0.26904296875,0.2861862707016063,0.4760901593179002
0.269287109375,0.28636055542196304,0.4761342406717221
0.26953125,0.2865348401423198,0.476178322025544
0.269775390625,0.2867091248626765,0.4762224033793659
0.27001953125,0.28688340958303327,0.4762664847331878
0.270263671875,0.28705769430339,0.47631056608700967
0.2705078125,0.28723197902374675,0.47635464744083156
0.270751953125,0.2874062637441035,0.47639872879465345
0.27099609375,0.28758054846446024,0.47644281014847534
0.271240234375,0.287754833184817,0.4764868915022972
0.271484375,0.2879291179051737,0.4765309728561191
0.271728515625,0.28810340262553047,0.476575054209941
0.27197265625,0.2882776873458872,0.4766191355637629
0.272216796875,0.28845197206624396,0.4766632169175848
0.2724609375,0.2886262567866007,0.4767072982714067
0.272705078125,0.28880054150695744,0.47675137962522857
0.27294921875,0.2889748262273142,0.47679546097905046
0.273193359375,0.28914911094767093,0.47683954233287235
0.2734375,0.28932339566802767,0.47688362368669424
0.273681640625,0.2894976803883844,0.4769277050405161
0.27392578125,0.28967196510874116,0.476971786394338
0.274169921875,0.2898462498290979,0.4770158677481599
0.2744140625,0.29002053454945464,0.4770599491019818
0.274658203125,0.2901948192698114,0.4771040304558037
0.27490234375,0.29036910399016813,0.4771481118096256
0.275146484375,0.2905433887105249,0.47719219316344746
0.275390625,0.2907176734308816,0.47723627451726935
0.275634765625,0.29089195815123836,0.47728035587109124
0.27587890625,0.2910662428715951,0.47732443722491313
0.276123046875,0.29124052759195185,0.477368518578735
0.2763671875,0.2914148123123086,0.4774125999325569
0.276611328125,0.29158909703266533,0.4774566812863788
0.27685546875,0.2917633817530221,0.4775007626402007
0.277099609375,0.2919376664733788,0.4775448439940226
0.27734375,0.29211195119373556,0.4775889253478445
0.277587890625,0.2922862359140923,0.47763300670166636
0.27783203125,0.29246052063444905,0.47767708805548825
0.278076171875,0.2926348053548058,0.47772116940931014
0.2783203125,0.29280909007516254,0.47776525076313203
0.278564453125,0.2929833747955193,0.4778093321169539
0.27880859375,0.293157659515876,0.4778534134707758
0.279052734375,0.29333194423623277,0.4778974948245977
0.279296875,0.2935062289565895,0.4779415761784196
0.279541015625,0.29368051367694625,0.4779856575322415
0.27978515625,0.293854798397303,0.47802973888606337
0.280029296875,0.29402908311765974,0.47807382023988526
0.2802734375,0.2942033678380165,0.47811790159370715
0.280517578125,0.2943776525583732,0.47816198294752904
0.28076171875,0.29455193727872997,0.47820606430135093
0.281005859375,0.2947262219990867,0.4782501456551728
0.28125,0.29490050671944346,0.4782942270089947
0.281494140625,0.2950747914398002,0.4783383083628166
0.28173828125,0.29524907616015694,0.4783823897166385
0.281982421875,0.2954233608805137,0.4784264710704604
0.2822265625,0.29559764560087043,0.47847055242428227
0.282470703125,0.29577193032122717,0.47851463377810416
0.28271484375,0.2959462150415839,0.47855871513192605
0.282958984375,0.29612049976194066,0.47860279648574794
0.283203125,0.2962947844822974,0.47864687783956983
0.283447265625,0.29646906920265415,0.4786909591933917
0.28369140625,0.2966433539230109,0.4787350405472136
0.283935546875,0.29681763864336763,0.4787791219010355
0.2841796875,0.2969919233637244,0.4788232032548574
0.284423828125,0.2971662080840811,0.4788672846086793
0.28466796875,0.29734049280443786,0.47891136596250117
0.284912109375,0.2975147775247946,0.47895544731632306
0.28515625,0.29768906224515135,0.47899952867014495
0.285400390625,0.2978633469655081,0.47904361002396684
0.28564453125,0.29803763168586483,0.4790876913777887
0.285888671875,0.2982119164062216,0.4791317727316106
0.2861328125,0.2983862011265783,0.4791758540854325
0.286376953125,0.29856048584693506,0.4792199354392544
0.28662109375,0.2987347705672918,0.4792640167930763
0.286865234375,0.29890905528764855,0.4793080981468982
0.287109375,0.2990833400080053,0.47935217950072007
0.287353515625,0.29925762472836204,0.47939626085454196
0.28759765625,0.29943636908335847,0.47944029053849724
0.287841796875,0.2996218028903144,0.4794842427176526
0.2880859375,0.2998072366972704,0.479528194896808
0.288330078125,0.29999267050422634,0.47957214707596335
0.28857421875,0.3001781043111823,0.4796160992551187
0.288818359375,0.30036353811813826,0.4796600514342741
0.2890625,0.3005489719250942,0.47970400361342946
0.289306640625,0.3007344057320502,0.47974795579258483
0.28955078125,0.30091983953900614,0.4797919079717402
0.289794921875,0.3011052733459621,0.4798358601508956
0.2900390625,0.30129070715291806,0.47987981233005095
0.290283203125,0.301476140959874,0.4799237645092063
0.29052734375,0.30166157476683,0.4799677166883617
0.290771484375,0.30184700857378594,0.48001166886751706
0.291015625,0.3020324423807419,0.48005562104667243
0.291259765625,0.30221787618769785,0.4800995732258278
0.29150390625,0.3024033099946538,0.4801435254049832
0.291748046875,0.30258874380160977,0.48018747758413854
0.2919921875,0.30277417760856573,0.4802314297632939
0.292236328125,0.3029596114155217,0.4802753819424493
0.29248046875,0.30314504522247765,0.48031933412160466
0.292724609375,0.3033304790294336,0.48036328630076003
0.29296875,0.30351591283638957,0.4804072384799154
0.293212890625,0.3037013466433455,0.48045119065907077
0.29345703125,0.3038867804503015,0.48049514283822614
0.293701171875,0.30407221425725744,0.4805390950173815
0.2939453125,0.3042576480642134,0.4805830471965369
0.294189453125,0.30444308187116936,0.48062699937569225
0.29443359375,0.3046285156781253,0.4806709515548476
0.294677734375,0.3048139494850813,0.480714903734003
0.294921875,0.30499938329203724,0.48075885591315837
0.295166015625,0.3051848170989932,0.48080280809231374
0.29541015625,0.30537025090594916,0.4808467602714691
0.295654296875,0.3055556847129051,0.4808907124506245
0.2958984375,0.3057411185198611,0.48093466462977985
0.296142578125,0.30592655232681704,0.4809786168089352
0.29638671875,0.306111986133773,0.4810225689880906
0.296630859375,0.30629741994072895,0.48106652116724596
0.296875,0.3064828537476849,0.48111047334640133
0.297119140625,0.3066682875546409,0.4811544255255567
0.29736328125,0.30685372136159683,0.4811983777047121
0.297607421875,0.3070391551685528,0.48124232988386745
0.2978515625,0.30722458897550875,0.4812862820630228
0.298095703125,0.3074100227824647,0.4813302342421782
0.29833984375,0.30759545658942067,0.48137418642133356
0.298583984375,0.3077808903963766,0.48141813860048893
0.298828125,0.3079663242033326,0.4814620907796443
0.299072265625,0.30815175801028855,0.4815060429587997
0.29931640625,0.3083371918172445,0.48154999513795504
0.299560546875,0.30852262562420046,0.4815939473171104
0.2998046875,0.3087080594311564,0.4816378994962658
0.300048828125,0.3088934932381124,0.48168185167542116
0.30029296875,0.30907892704506834,0.48172580385457653
0.300537109375,0.3092643608520243,0.4817697560337319
0.30078125,0.30944979465898026,0.48181370821288727
0.301025390625,0.3096352284659362,0.48185766039204264
0.30126953125,0.3098206622728922,0.481901612571198
0.301513671875,0.31000609607984814,0.4819455647503534
0.3017578125,0.3101915298868041,0.48198951692950875
0.302001953125,0.31037696369376006,0.4820334691086641
0.30224609375,0.310562397500716,0.4820774212878195
0.302490234375,0.310747831307672,0.48212137346697487
0.302734375,0.31093326511462793,0.48216532564613024
0.302978515625,0.3111186989215839,0.4822092778252856
0.30322265625,0.31130413272853985,0.482253230004441
0.303466796875,0.3114895665354958,0.48229718218359635
0.3037109375,0.31167500034245177,0.4823411343627517
0.303955078125,0.31186043414940773,0.4823850865419071
0.30419921875,0.3120458679563637,0.48242903872106246
0.304443359375,0.31223130176331965,0.48247299090021784
0.3046875,0.3124167355702756,0.4825169430793732
0.304931640625,0.31260216937723156,0.4825608952585286
0.30517578125,0.3127876031841875,0.48260484743768395
0.305419921875,0.3129730369911435,0.4826487996168393
0.3056640625,0.31315847079809944,0.4826927517959947
0.305908203125,0.3133439046050554,0.48273670397515006
0.30615234375,0.31352933841201136,0.48278065615430543
0.306396484375,0.3137147722189673,0.4828246083334608
0.306640625,0.3139002060259233,0.4828685605126162
0.306884765625,0.31408563983287924,0.48291251269177154
0.30712890625,0.3142710736398352,0.4829564648709269
0.307373046875,0.31445650744679116,0.4830004170500823
0.3076171875,0.3146419412537471,0.48304436922923766
0.307861328125,0.3148273750607031,0.48308832140839303
0.30810546875,0.31501280886765903,0.4831322735875484
0.308349609375,0.315198242674615,0.48317622576670377
0.30859375,0.31538367648157095,0.48322017794585914
0.308837890625,0.3155691102885269,0.4832641301250145
0.30908203125,0.31575454409548287,0.4833080823041699
0.309326171875,0.31593997790243883,0.48335203448332525
0.3095703125,0.3161254117093948,0.4833959866624806
0.309814453125,0.31631084551635075,0.483439938841636
0.31005859375,0.3164962793233067,0.48348389102079137
0.310302734375,0.31668171313026267,0.48352784319994674
0.310546875,0.3168671469372186,0.4835717953791021
0.310791015625,0.3170525807441746,0.4836157475582575
0.31103515625,0.31723801455113054,0.48365969973741285
0.311279296875,0.3174234483580865,0.4837036519165682
0.3115234375,0.31760888216504246,0.4837476040957236
0.311767578125,0.3177943159719984,0.48379155627487896
0.31201171875,0.3179797497789544,0.48383550845403434
0.312255859375,0.31816518358591034,0.4838794606331897
0.3125,0.3183506173928663,0.4839234128123451
0.312744140625,0.31854868357356625,0.4839625627887028
0.31298828125,0.3187467497542662,0.48400171276506054
0.313232421875,0.31894481593496615,0.4840408627414183
0.3134765625,0.3191428821156661,0.484080012717776
0.313720703125,0.31934094829636606,0.48411916269413374
0.31396484375,0.319539014477066,0.4841583126704915
0.314208984375,0.31973708065776596,0.4841974626468492
0.314453125,0.3199351468384659,0.48423661262320694
0.314697265625,0.32013321301916586,0.4842757625995647
0.31494140625,0.3203312791998658,0.4843149125759224
0.315185546875,0.32052934538056577,0.48435406255228014
0.3154296875,0.3207274115612657,0.4843932125286379
0.315673828125,0.32092547774196567,0.4844323625049956
0.31591796875,0.3211235439226656,0.48447151248135334
0.316162109375,0.3213216101033656,0.48451066245771107
0.31640625,0.3215196762840655,0.4845498124340688
0.316650390625,0.3217177424647655,0.48458896241042654
0.31689453125,0.32191580864546543,0.48462811238678427
0.317138671875,0.3221138748261654,0.484667262363142
0.3173828125,0.32231194100686533,0.48470641233949974
0.317626953125,0.3225100071875653,0.48474556231585747
0.31787109375,0.32270807336826524,0.4847847122922152
0.318115234375,0.3229061395489652,0.48482386226857294
0.318359375,0.32310420572966514,0.48486301224493067
0.318603515625,0.3233022719103651,0.4849021622212884
0.31884765625,0.32350033809106504,0.48494131219764613
0.319091796875,0.323698404271765,0.48498046217400387
0.3193359375,0.32389647045246495,0.4850196121503616
0.319580078125,0.3240945366331649,0.48505876212671933
0.31982421875,0.32429260281386485,0.48509791210307707
0.320068359375,0.3244906689945648,0.4851370620794348
0.3203125,0.32468873517526475,0.48517621205579253
0.320556640625,0.3248868013559647,0.48521536203215027
0.32080078125,0.32508486753666466,0.485254512008508
0.321044921875,0.3252829337173646,0.48529366198486573
0.3212890625,0.32548099989806456,0.48533281196122346
0.321533203125,0.3256790660787645,0.4853719619375812
0.32177734375,0.32587713225946446,0.48541111191393893
0.322021484375,0.3260751984401644,0.48545026189029666
0.322265625,0.32627326462086437,0.4854894118666544
0.322509765625,0.3264713308015643,0.48552856184301213
0.32275390625,0.32666939698226427,0.48556771181936986
0.322998046875,0.3268674631629642,0.4856068617957276
0.3232421875,0.3270655293436642,0.48564601177208533
0.323486328125,0.3272635955243641,0.48568516174844306
0.32373046875,0.3274616617050641,0.4857243117248008
0.323974609375,0.32765972788576403,0.4857634617011585
0.32421875,0.327857794066464,0.48580261167751626
0.324462890625,0.32805586024716393,0.485841761653874
0.32470703125,0.3282539264278639,0.4858809116302317
0.324951171875,0.32845199260856384,0.48592006160658946
0.3251953125,0.3286500587892638,0.4859592115829472
0.325439453125,0.32884812496996374,0.4859983615593049
0.32568359375,0.3290461911506637,0.48603751153566266
0.325927734375,0.32924425733136364,0.4860766615120204
0.326171875,0.3294423235120636,0.4861158114883781
0.326416015625,0.32964038969276355,0.48615496146473586
0.32666015625,0.3298384558734635,0.4861941114410936
0.326904296875,0.33003652205416345,0.4862332614174513
0.3271484375,0.3302345882348634,0.48627241139380906
0.327392578125,0.33043265441556335,0.4863115613701668
0.32763671875,0.3306307205962633,0.4863507113465245
0.327880859375,0.33082878677696326,0.48638986132288226
0.328125,0.3310268529576632,0.48642901129924
0.328369140625,0.33122491913836316,0.4864681612755977
0.32861328125,0.3314229853190631,0.48650731125195545
0.328857421875,0.33162105149976306,0.4865464612283132
0.3291015625,0.331819117680463,0.4865856112046709
0.329345703125,0.33201718386116297,0.48662476118102865
0.32958984375,0.3322152500418629,0.4866639111573864
0.329833984375,0.33241331622256287,0.4867030611337441
0.330078125,0.3326113824032628,0.48674221111010185
0.330322265625,0.3328094485839628,0.4867813610864596
0.33056640625,0.3330075147646627,0.4868205110628173
0.330810546875,0.3332055809453627,0.48685966103917505
0.3310546875,0.33340364712606263,0.4868988110155328
0.331298828125,0.3336017133067626,0.4869379609918905
0.33154296875,0.33379977948746253,0.48697711096824825
0.331787109375,0.3339978456681625,0.487016260944606
0.33203125,0.33419591184886244,0.4870554109209637
0.332275390625,0.3343939780295624,0.48709456089732145
0.33251953125,0.33459204421026234,0.4871337108736792
0.332763671875,0.3347901103909623,0.4871728608500369
0.3330078125,0.33498817657166224,0.48721201082639465
0.333251953125,0.3351862427523622,0.4872511608027524
0.33349609375,0.33538430893306215,0.4872903107791101
0.333740234375,0.3355823751137621,0.48732946075546785
0.333984375,0.33578044129446205,0.4873686107318256
0.334228515625,0.335978507475162,0.4874077607081833
0.33447265625,0.33617657365586195,0.48744691068454105
0.334716796875,0.3363746398365619,0.4874860606608988
0.3349609375,0.33657270601726186,0.4875252106372565
0.335205078125,0.3367707721979618,0.48756436061361424
0.33544921875,0.33696883837866176,0.487603510589972
0.335693359375,0.3371669045593617,0.4876426605663297
0.3359375,0.33736497074006166,0.48768181054268744
0.336181640625,0.3375630369207616,0.4877209605190452
0.33642578125,0.33776110310146157,0.4877601104954029
0.336669921875,0.3379591692821615,0.48779926047176064
0.3369140625,0.33815723546286147,0.4878384104481184
0.337158203125,0.3383553016435614,0.4878775604244761
0.33740234375,0.3385533678242614,0.48791671040083384
0.337646484375,0.3387596038304388,0.48795189537020317
0.337890625,0.3389712863869345,0.48798443700158023
0.338134765625,0.33918296894343025,0.4880169786329573
0.33837890625,0.339394651499926,0.48804952026433435
0.338623046875,0.3396063340564217,0.4880820618957114
0.3388671875,0.33981801661291744,0.48811460352708846
0.339111328125,0.34002969916941317,0.4881471451584655
0.33935546875,0.3402413817259089,0.4881796867898426
0.339599609375,0.3404530642824046,0.48821222842121964
0.33984375,0.34066474683890036,0.4882447700525967
0.340087890625,0.3408764293953961,0.48827731168397376
0.34033203125,0.3410881119518918,0.4883098533153508
0.340576171875,0.34129979450838754,0.4883423949467279
0.3408203125,0.3415114770648833,0.48837493657810493
0.341064453125,0.341723159621379,0.488407478209482
0.34130859375,0.34193484217787473,0.48844001984085905
0.341552734375,0.34214652473437046,0.4884725614722361
0.341796875,0.3423582072908662,0.48850510310361317
0.342041015625,0.3425698898473619,0.48853764473499023
0.34228515625,0.34278157240385765,0.4885701863663673
0.342529296875,0.3429932549603534,0.48860272799774435
0.3427734375,0.3432049375168491,0.4886352696291214
0.343017578125,0.34341662007334484,0.48866781126049846
0.34326171875,0.34362830262984057,0.4887003528918755
0.343505859375,0.3438399851863363,0.4887328945232526
0.34375,0.344051667742832,0.48876543615462964
0.343994140625,0.34426335029932775,0.4887979777860067
0.34423828125,0.3444750328558235,0.48883051941738376
0.344482421875,0.3446867154123192,0.4888630610487608
0.3447265625,0.34489839796881494,0.4888956026801379
0.344970703125,0.34511008052531067,0.48892814431151493
0.34521484375,0.3453217630818064,0.488960685942892
0.345458984375,0.34553344563830213,0.48899322757426905
0.345703125,0.34574512819479786,0.4890257692056461
0.345947265625,0.3459568107512936,0.48905831083702317
0.34619140625,0.3461684933077893,0.48909085246840023
0.346435546875,0.34638017586428504,0.4891233940997773
0.3466796875,0.3465918584207808,0.48915593573115435
0.346923828125,0.3468035409772765,0.4891884773625314
0.34716796875,0.34701522353377223,0.48922101899390846
0.347412109375,0.34722690609026796,0.4892535606252855
0.34765625,0.3474385886467637,0.4892861022566626
0.347900390625,0.3476502712032594,0.48931864388803964
0.34814453125,0.34786195375975515,0.4893511855194167
0.348388671875,0.3480736363162509,0.48938372715079376
0.3486328125,0.3482853188727466,0.4894162687821708
0.348876953125,0.34849700142924234,0.4894488104135479
0.34912109375,0.34870868398573807,0.48948135204492493
0.349365234375,0.3489203665422338,0.489513893676302
0.349609375,0.3491320490987295,0.48954643530767905
0.349853515625,0.34934373165522525,0.4895789769390561
0.35009765625,0.349555414211721,0.48961151857043317
0.350341796875,0.3497670967682167,0.4896440602018102
0.3505859375,0.34997877932471244,0.4896766018331873
0.350830078125,0.35019046188120817,0.48970914346456434
0.35107421875,0.3504021444377039,0.4897416850959414
0.351318359375,0.35061382699419963,0.48977422672731846
0.3515625,0.35082550955069536,0.4898067683586955
0.351806640625,0.3510371921071911,0.4898393099900726
0.35205078125,0.3512488746636868,0.48987185162144964
0.352294921875,0.35146055722018255,0.4899043932528267
0.3525390625,0.3516722397766783,0.48993693488420376
0.352783203125,0.351883922333174,0.4899694765155808
0.35302734375,0.35209560488966973,0.4900020181469579
0.353271484375,0.35230728744616546,0.49003455977833493
0.353515625,0.3525189700026612,0.490067101409712
0.353759765625,0.3527306525591569,0.49009964304108905
0.35400390625,0.35294233511565265,0.4901321846724661
0.354248046875,0.3531540176721484,0.49016472630384317
0.3544921875,0.3533657002286441,0.4901972679352202
0.354736328125,0.35357738278513984,0.4902298095665973
0.35498046875,0.35378906534163557,0.49026235119797434
0.355224609375,0.3540007478981313,0.4902948928293514
0.35546875,0.354212430454627,0.49032743446072846
0.355712890625,0.35442411301112275,0.4903599760921055
0.35595703125,0.3546357955676185,0.4903925177234826
0.356201171875,0.3548474781241142,0.49042505935485964
0.3564453125,0.35505916068060994,0.4904576009862367
0.356689453125,0.35527084323710567,0.49049014261761376
0.35693359375,0.3554825257936014,0.4905226842489908
0.357177734375,0.35569420835009713,0.4905552258803679
0.357421875,0.35590589090659286,0.49058776751174493
0.357666015625,0.3561175734630886,0.490620309143122
0.35791015625,0.3563292560195843,0.49065285077449905
0.358154296875,0.35654093857608005,0.4906853924058761
0.3583984375,0.3567526211325758,0.49071793403725317
0.358642578125,0.3569643036890715,0.4907504756686302
0.35888671875,0.35717598624556723,0.4907830173000073
0.359130859375,0.35738766880206296,0.49081555893138434
0.359375,0.3575993513585587,0.4908481005627614
0.359619140625,0.3578110339150544,0.49088064219413846
0.35986328125,0.35802271647155015,0.4909131838255155
0.360107421875,0.3582343990280459,0.4909457254568926
0.3603515625,0.3584460815845416,0.49097826708826964
0.360595703125,0.35865776414103734,0.4910108087196467
0.36083984375,0.35886944669753307,0.49104335035102376
0.361083984375,0.3590811292540288,0.4910758919824008
0.361328125,0.3592928118105245,0.4911084336137779
0.361572265625,0.35950449436702026,0.49114097524515493
0.36181640625,0.359716176923516,0.491173516876532
0.362060546875,0.3599278594800117,0.49120605850790905
0.3623046875,0.36013954203650744,0.4912386001392861
0.362548828125,0.3603539634606633,0.49126978837571805
0.36279296875,0.3605793403554596,0.49129556303236954
0.363037109375,0.36080471725025587,0.49132133768902103
0.36328125,0.36103009414505216,0.4913471123456725
0.363525390625,0.36125547103984845,0.491372887002324
0.36376953125,0.36148084793464474,0.4913986616589755
0.364013671875,0.36170622482944104,0.491424436315627
0.3642578125,0.36193160172423733,0.4914502109722785
0.364501953125,0.3621569786190336,0.49147598562892997
0.36474609375,0.3623823555138299,0.49150176028558146
0.364990234375,0.3626077324086262,0.49152753494223295
0.365234375,0.3628331093034225,0.49155330959888444
0.365478515625,0.3630584861982188,0.4915790842555359
0.36572265625,0.3632838630930151,0.4916048589121874
0.365966796875,0.3635092399878114,0.4916306335688389
0.3662109375,0.36373461688260766,0.4916564082254904
0.366455078125,0.36395999377740396,0.4916821828821419
0.36669921875,0.36418537067220025,0.49170795753879337
0.366943359375,0.36441074756699654,0.49173373219544486
0.3671875,0.36463612446179283,0.49175950685209635
0.367431640625,0.3648615013565891,0.49178528150874784
0.36767578125,0.3650868782513854,0.49181105616539933
0.367919921875,0.3653122551461817,0.4918368308220508
0.3681640625,0.365537632040978,0.4918626054787023
0.368408203125,0.3657630089357743,0.4918883801353538
0.36865234375,0.3659883858305706,0.4919141547920053
0.368896484375,0.3662137627253669,0.4919399294486568
0.369140625,0.36643913962016317,0.49196570410530827
0.369384765625,0.36666451651495946,0.49199147876195976
0.36962890625,0.36688989340975575,0.49201725341861124
0.369873046875,0.36711527030455204,0.49204302807526273
0.3701171875,0.36734064719934834,0.4920688027319142
0.370361328125,0.3675660240941446,0.4920945773885657
0.37060546875,0.3677914009889409,0.4921203520452172
0.370849609375,0.3680167778837372,0.4921461267018687
0.37109375,0.3682421547785335,0.4921719013585202
0.371337890625,0.3684675316733298,0.49219767601517167
0.37158203125,0.3686929085681261,0.49222345067182316
0.371826171875,0.3689182854629224,0.49224922532847465
0.3720703125,0.36914366235771867,0.49227499998512614
0.372314453125,0.36936903925251496,0.4923007746417776
0.37255859375,0.36959441614731126,0.4923265492984291
0.372802734375,0.36981979304210755,0.4923523239550806
0.373046875,0.37004516993690384,0.4923780986117321
0.373291015625,0.37027054683170013,0.4924038732683836
0.37353515625,0.3704959237264964,0.4924296479250351
0.373779296875,0.3707213006212927,0.49245542258168656
0.3740234375,0.370946677516089,0.49248119723833805
0.374267578125,0.3711720544108853,0.49250697189498954
0.37451171875,0.3713974313056816,0.49253274655164103
0.374755859375,0.3716228082004779,0.4925585212082925
0.375,0.3718481850952742,0.492584295864944
0.375244140625,0.37207356199007047,0.4926100705215955
0.37548828125,0.37229893888486676,0.492635845178247
0.375732421875,0.37252431577966305,0.4926616198348985
0.3759765625,0.37274969267445934,0.49268739449154997
0.376220703125,0.37297506956925564,0.49271316914820146
0.37646484375,0.3732004464640519,0.49273894380485295
0.376708984375,0.3734258233588482,0.49276471846150444
0.376953125,0.3736512002536445,0.4927904931181559
0.377197265625,0.3738765771484408,0.4928162677748074
0.37744140625,0.3741019540432371,0.4928420424314589
0.377685546875,0.3743273309380334,0.4928678170881104
0.3779296875,0.3745527078328297,0.4928935917447619
0.378173828125,0.37477808472762597,0.4929193664014134
0.37841796875,0.37500346162242226,0.49294514105806486
0.378662109375,0.37522883851721855,0.49297091571471635
0.37890625,0.37545421541201485,0.49299669037136784
0.379150390625,0.37567959230681114,0.49302246502801933
0.37939453125,0.37590496920160743,0.4930482396846708
0.379638671875,0.3761303460964037,0.4930740143413223
0.3798828125,0.3763557229912,0.4930997889979738
0.380126953125,0.3765810998859963,0.4931255636546253
0.38037109375,0.3768064767807926,0.4931513383112768
0.380615234375,0.3770318536755889,0.49317711296792827
0.380859375,0.3772572305703852,0.49320288762457976
0.381103515625,0.3774826074651815,0.49322866228123124
0.38134765625,0.37770798435997777,0.49325443693788273
0.381591796875,0.37793336125477406,0.4932802115945342
0.3818359375,0.37815873814957035,0.4933059862511857
0.382080078125,0.37838411504436664,0.4933317609078372
0.38232421875,0.37860949193916293,0.4933575355644887
0.382568359375,0.3788348688339592,0.4933833102211402
0.3828125,0.3790602457287555,0.49340908487779167
0.383056640625,0.3792856226235518,0.49343485953444316
0.38330078125,0.3795109995183481,0.49346063419109465
0.383544921875,0.3797363764131444,0.49348640884774614
0.3837890625,0.3799617533079407,0.49351218350439763
0.384033203125,0.380187130202737,0.4935379581610491
0.38427734375,0.38041250709753327,0.4935637328177006
0.384521484375,0.38063788399232956,0.4935895074743521
0.384765625,0.38086326088712585,0.4936152821310036
0.385009765625,0.38108863778192215,0.4936410567876551
0.38525390625,0.38131401467671844,0.49366683144430656
0.385498046875,0.38153939157151473,0.49369260610095805
0.3857421875,0.381764768466311,0.49371838075760954
0.385986328125,0.3819901453611073,0.49374415541426103
0.38623046875,0.3822155222559036,0.4937699300709125
0.386474609375,0.3824408991506999,0.493795704727564
0.38671875,0.3826662760454962,0.4938214793842155
0.386962890625,0.3828916529402925,0.493847254040867
0.38720703125,0.3831170298350888,0.4938730286975185
0.387451171875,0.38334240672988507,0.49389880335416997
0.3876953125,0.3835779728455688,0.4939197415045251
0.387939453125,0.38381608626647445,0.49393947052830617
0.38818359375,0.3840541996873801,0.4939591995520872
0.388427734375,0.3842923131082857,0.4939789285758683
0.388671875,0.38453042652919134,0.49399865759964934
0.388916015625,0.38476853995009697,0.4940183866234304
0.38916015625,0.3850066533710026,0.49403811564721145
0.389404296875,0.3852447667919082,0.4940578446709925
0.3896484375,0.38548288021281385,0.49407757369477356
0.389892578125,0.3857209936337195,0.4940973027185546
0.39013671875,0.3859591070546251,0.4941170317423357
0.390380859375,0.38619722047553073,0.49413676076611673
0.390625,0.38643533389643636,0.4941564897898978
0.390869140625,0.386673447317342,0.49417621881367885
0.39111328125,0.3869115607382476,0.4941959478374599
0.391357421875,0.38714967415915325,0.49421567686124096
0.3916015625,0.3873877875800589,0.494235405885022
0.391845703125,0.3876259010009645,0.4942551349088031
0.39208984375,0.38786401442187013,0.49427486393258413
0.392333984375,0.38810212784277576,0.4942945929563652
0.392578125,0.3883402412636814,0.49431432198014624
0.392822265625,0.388578354684587,0.4943340510039273
0.39306640625,0.38881646810549264,0.49435378002770836
0.393310546875,0.38905458152639827,0.4943735090514894
0.3935546875,0.3892926949473039,0.49439323807527047
0.393798828125,0.3895308083682095,0.4944129670990515
0.39404296875,0.38976892178911515,0.4944326961228326
0.394287109375,0.3900070352100208,0.49445242514661364
0.39453125,0.3902451486309264,0.4944721541703947
0.394775390625,0.39048326205183204,0.49449188319417575
0.39501953125,0.39072137547273766,0.4945116122179568
0.395263671875,0.3909594888936433,0.49453134124173787
0.3955078125,0.3911976023145489,0.4945510702655189
0.395751953125,0.39143571573545455,0.4945707992893
0.39599609375,0.3916738291563602,0.49459052831308103
0.396240234375,0.3919119425772658,0.4946102573368621
0.396484375,0.39215005599817143,0.49462998636064315
0.396728515625,0.39238816941907706,0.4946497153844242
0.39697265625,0.3926262828399827,0.49466944440820526
0.397216796875,0.3928643962608883,0.4946891734319863
0.3974609375,0.39310250968179394,0.4947089024557674
0.397705078125,0.39334062310269957,0.49472863147954843
0.39794921875,0.3935787365236052,0.4947483605033295
0.398193359375,0.3938168499445108,0.49476808952711054
0.3984375,0.39405496336541646,0.4947878185508916
0.398681640625,0.3942930767863221,0.49480754757467266
0.39892578125,0.3945311902072277,0.4948272765984537
0.399169921875,0.39476930362813334,0.49484700562223477
0.3994140625,0.39500741704903897,0.4948667346460158
0.399658203125,0.3952455304699446,0.4948864636697969
0.39990234375,0.3954836438908502,0.49490619269357794
0.400146484375,0.39572175731175585,0.494925921717359
0.400390625,0.3959598707326615,0.49494565074114005
0.400634765625,0.3961979841535671,0.4949653797649211
0.40087890625,0.39643609757447273,0.49498510878870217
0.401123046875,0.39667421099537836,0.4950048378124832
0.4013671875,0.396912324416284,0.4950245668362643
0.401611328125,0.3971504378371896,0.49504429586004534
0.40185546875,0.39738855125809525,0.4950640248838264
0.402099609375,0.3976266646790009,0.49508375390760745
0.40234375,0.3978647780999065,0.4951034829313885
0.402587890625,0.39810289152081213,0.49512321195516956
0.40283203125,0.39834100494171776,0.4951429409789506
0.403076171875,0.3985791183626234,0.4951626700027317
0.4033203125,0.398817231783529,0.49518239902651273
0.403564453125,0.39905534520443464,0.4952021280502938
0.40380859375,0.39929345862534027,0.49522185707407484
0.404052734375,0.3995315720462459,0.4952415860978559
0.404296875,0.3997696854671515,0.49526131512163696
0.404541015625,0.40000779888805715,0.495281044145418
0.40478515625,0.4002459123089628,0.49530077316919907
0.405029296875,0.4004840257298684,0.4953205021929801
0.4052734375,0.40072213915077404,0.4953402312167612
0.405517578125,0.40096025257167967,0.49535996024054224
0.40576171875,0.4011983659925853,0.4953796892643233
0.406005859375,0.4014364794134909,0.49539941828810435
0.40625,0.40167459283439655,0.4954191473118854
0.406494140625,0.4019127062553022,0.49543887633566647
0.40673828125,0.4021508196762078,0.4954586053594475
0.406982421875,0.40238893309711343,0.4954783343832286
0.4072265625,0.40262704651801906,0.49549806340700964
0.407470703125,0.4028651599389247,0.4955177924307907
0.40771484375,0.4031032733598303,0.49553752145457175
0.407958984375,0.40334138678073594,0.4955572504783528
0.408203125,0.40357950020164157,0.49557697950213386
0.408447265625,0.4038176136225472,0.4955967085259149
0.40869140625,0.40405572704345283,0.495616437549696
0.408935546875,0.40429384046435846,0.49563616657347703
0.4091796875,0.4045319538852641,0.4956558955972581
0.409423828125,0.4047700673061697,0.49567562462103915
0.40966796875,0.40500818072707534,0.4956953536448202
0.409912109375,0.40524629414798097,0.49571508266860126
0.41015625,0.4054844075688866,0.4957348116923823
0.410400390625,0.4057225209897922,0.49575454071616337
0.41064453125,0.40596063441069785,0.49577426973994443
0.410888671875,0.4061987478316035,0.4957939987637255
0.4111328125,0.4064368612525091,0.49581372778750654
0.411376953125,0.40667497467341474,0.4958334568112876
0.41162109375,0.40691308809432036,0.49585318583506865
0.411865234375,0.407151201515226,0.4958729148588497
0.412109375,0.4073893149361316,0.49589264388263077
0.412353515625,0.40762742835703725,0.4959123729064118
0.41259765625,0.40786987587678325,0.4959301445660077
0.412841796875,0.4081188245447898,0.4959449801793258
0.4130859375,0.4083677732127964,0.4959598157926439
0.413330078125,0.40861672188080295,0.49597465140596203
0.41357421875,0.4088656705488095,0.49598948701928014
0.413818359375,0.4091146192168161,0.49600432263259825
0.4140625,0.40936356788482264,0.49601915824591636
0.414306640625,0.4096125165528292,0.49603399385923447
0.41455078125,0.4098614652208358,0.4960488294725526
0.414794921875,0.41011041388884234,0.4960636650858707
0.4150390625,0.4103593625568489,0.4960785006991888
0.415283203125,0.41060831122485547,0.4960933363125069
0.41552734375,0.41085725989286204,0.496108171925825
0.415771484375,0.4111062085608686,0.4961230075391431
0.416015625,0.41135515722887517,0.49613784315246123
0.416259765625,0.41160410589688173,0.49615267876577934
0.41650390625,0.4118530545648883,0.49616751437909745
0.416748046875,0.41210200323289486,0.49618234999241556
0.4169921875,0.41235095190090143,0.49619718560573367
0.417236328125,0.412599900568908,0.4962120212190518
0.41748046875,0.41284884923691456,0.4962268568323699
0.417724609375,0.4130977979049211,0.496241692445688
0.41796875,0.4133467465729277,0.4962565280590061
0.418212890625,0.41359569524093426,0.4962713636723242
0.41845703125,0.4138446439089408,0.4962861992856423
0.418701171875,0.4140935925769474,0.49630103489896044
0.4189453125,0.41434254124495395,0.49631587051227855
0.419189453125,0.4145914899129605,0.49633070612559665
0.41943359375,0.4148404385809671,0.49634554173891476
0.419677734375,0.41508938724897365,0.4963603773522329
0.419921875,0.4153383359169802,0.496375212965551
0.420166015625,0.4155872845849868,0.4963900485788691
0.42041015625,0.41583623325299335,0.4964048841921872
0.420654296875,0.4160851819209999,0.4964197198055053
0.4208984375,0.4163341305890065,0.4964345554188234
0.421142578125,0.41658307925701304,0.49644939103214153
0.42138671875,0.4168320279250196,0.49646422664545964
0.421630859375,0.4170809765930262,0.49647906225877775
0.421875,0.41732992526103274,0.49649389787209586
0.422119140625,0.4175788739290393,0.49650873348541397
0.42236328125,0.4178278225970459,0.4965235690987321
0.422607421875,0.41807677126505244,0.4965384047120502
0.4228515625,0.418325719933059,0.4965532403253683
0.423095703125,0.41857466860106557,0.4965680759386864
0.42333984375,0.41882361726907213,0.4965829115520045
0.423583984375,0.4190725659370787,0.4965977471653226
0.423828125,0.41932151460508527,0.49661258277864073
0.424072265625,0.41957046327309183,0.49662741839195884
0.42431640625,0.4198194119410984,0.49664225400527695
0.424560546875,0.42006836060910496,0.49665708961859506
0.4248046875,0.42031730927711153,0.49667192523191317
0.425048828125,0.4205662579451181,0.4966867608452313
0.42529296875,0.42081520661312466,0.4967015964585494
0.425537109375,0.4210641552811312,0.4967164320718675
0.42578125,0.4213131039491378,0.4967312676851856
0.426025390625,0.42156205261714436,0.4967461032985037
0.42626953125,0.4218110012851509,0.4967609389118218
0.426513671875,0.4220599499531575,0.49677577452513993
0.4267578125,0.42230889862116405,0.49679061013845804
0.427001953125,0.4225578472891706,0.49680544575177615
0.42724609375,0.4228067959571772,0.49682028136509426
0.427490234375,0.42305574462518375,0.49683511697841237
0.427734375,0.4233046932931903,0.4968499525917305
0.427978515625,0.4235536419611969,0.4968647882050486
0.42822265625,0.42380259062920345,0.4968796238183667
0.428466796875,0.42405153929721,0.4968944594316848
0.4287109375,0.4243004879652166,0.4969092950450029
0.428955078125,0.42454943663322314,0.49692413065832103
0.42919921875,0.4247983853012297,0.49693896627163914
0.429443359375,0.4250473339692363,0.49695380188495725
0.4296875,0.42529628263724284,0.49696863749827536
0.429931640625,0.4255452313052494,0.49698347311159347
0.43017578125,0.42579417997325597,0.4969983087249116
0.430419921875,0.42604312864126254,0.4970131443382297
0.4306640625,0.4262920773092691,0.4970279799515478
0.430908203125,0.42654102597727567,0.4970428155648659
0.43115234375,0.42678997464528223,0.497057651178184
0.431396484375,0.4270389233132888,0.4970724867915021
0.431640625,0.42728787198129536,0.49708732240482023
0.431884765625,0.42753682064930193,0.49710215801813834
0.43212890625,0.4277857693173085,0.49711699363145645
0.432373046875,0.42803471798531506,0.49713182924477456
0.4326171875,0.4282836666533216,0.49714666485809267
0.432861328125,0.4285326153213282,0.4971615004714108
0.43310546875,0.42878156398933476,0.4971763360847289
0.433349609375,0.4290305126573413,0.497191171698047
0.43359375,0.4292794613253479,0.4972060073113651
0.433837890625,0.42952840999335445,0.4972208429246832
0.43408203125,0.429777358661361,0.4972356785380013
0.434326171875,0.4300263073293676,0.49725051415131943
0.4345703125,0.43027525599737415,0.49726534976463754
0.434814453125,0.4305242046653807,0.49728018537795565
0.43505859375,0.4307731533333873,0.49729502099127376
0.435302734375,0.43102210200139385,0.49730985660459187
0.435546875,0.4312710506694004,0.49732469221791
0.435791015625,0.431519999337407,0.4973395278312281
0.43603515625,0.43176894800541354,0.4973543634445462
0.436279296875,0.4320178966734201,0.4973691990578643
0.4365234375,0.4322668453414267,0.4973840346711824
0.436767578125,0.43251579400943324,0.4973988702845005
0.43701171875,0.4327647426774398,0.49741370589781864
0.437255859375,0.43301369134544637,0.49742854151113675
0.4375,0.43326264001345294,0.49744337712445486
0.437744140625,0.4335197951225559,0.497454659276488
0.43798828125,0.43377695023165885,0.4974659414285212
0.438232421875,0.4340341053407618,0.49747722358055435
0.4384765625,0.43429126044986477,0.4974885057325875
0.438720703125,0.4345484155589677,0.4974997878846207
0.43896484375,0.4348055706680707,0.49751107003665385
0.439208984375,0.43506272577717364,0.497522352188687
0.439453125,0.4353198808862766,0.4975336343407202
0.439697265625,0.43557703599537956,0.49754491649275334
0.43994140625,0.4358341911044825,0.4975561986447865
0.440185546875,0.4360913462135855,0.49756748079681967
0.4404296875,0.43634850132268843,0.49757876294885284
0.440673828125,0.4366056564317914,0.497590045100886
0.44091796875,0.43686281154089435,0.49760132725291917
0.441162109375,0.4371199666499973,0.49761260940495233
0.44140625,0.43737712175910026,0.4976238915569855
0.441650390625,0.4376342768682032,0.49763517370901866
0.44189453125,0.4378914319773062,0.49764645586105183
0.442138671875,0.43814858708640914,0.497657738013085
0.4423828125,0.4384057421955121,0.49766902016511816
0.442626953125,0.43866289730461505,0.4976803023171513
0.44287109375,0.438920052413718,0.4976915844691845
0.443115234375,0.43917720752282097,0.49770286662121765
0.443359375,0.4394343626319239,0.4977141487732508
0.443603515625,0.4396915177410269,0.497725430925284
0.44384765625,0.43994867285012984,0.49773671307731715
0.444091796875,0.4402058279592328,0.4977479952293503
0.4443359375,0.44046298306833576,0.4977592773813835
0.444580078125,0.4407201381774387,0.49777055953341665
0.44482421875,0.44097729328654167,0.4977818416854498
0.445068359375,0.44123444839564463,0.497793123837483
0.4453125,0.4414916035047476,0.49780440598951614
0.445556640625,0.44174875861385055,0.4978156881415493
0.44580078125,0.4420059137229535,0.49782697029358247
0.446044921875,0.44226306883205646,0.49783825244561564
0.4462890625,0.4425202239411594,0.4978495345976488
0.446533203125,0.4427773790502624,0.49786081674968197
0.44677734375,0.44303453415936533,0.49787209890171513
0.447021484375,0.4432916892684683,0.4978833810537483
0.447265625,0.44354884437757125,0.49789466320578146
0.447509765625,0.4438059994866742,0.4979059453578146
0.44775390625,0.44406315459577717,0.4979172275098478
0.447998046875,0.4443203097048801,0.49792850966188096
0.4482421875,0.4445774648139831,0.4979397918139141
0.448486328125,0.44483461992308604,0.4979510739659473
0.44873046875,0.445091775032189,0.49796235611798045
0.448974609375,0.44534893014129195,0.4979736382700136
0.44921875,0.4456060852503949,0.4979849204220468
0.449462890625,0.44586324035949787,0.49799620257407995
0.44970703125,0.4461203954686008,0.4980074847261131
0.449951171875,0.4463775505777038,0.4980187668781463
0.4501953125,0.44663470568680674,0.49803004903017944
0.450439453125,0.4468918607959097,0.4980413311822126
0.45068359375,0.44714901590501266,0.4980526133342458
0.450927734375,0.4474061710141156,0.49806389548627894
0.451171875,0.4476633261232186,0.4980751776383121
0.451416015625,0.44792048123232153,0.49808645979034527
0.45166015625,0.4481776363414245,0.49809774194237844
0.451904296875,0.44843479145052745,0.4981090240944116
0.4521484375,0.4486919465596304,0.49812030624644477
0.452392578125,0.44894910166873336,0.49813158839847793
0.45263671875,0.4492062567778363,0.4981428705505111
0.452880859375,0.4494634118869393,0.49815415270254426
0.453125,0.44972056699604224,0.4981654348545774
0.453369140625,0.4499777221051452,0.4981767170066106
0.45361328125,0.45023487721424815,0.49818799915864376
0.453857421875,0.4504920323233511,0.4981992813106769
0.4541015625,0.45074918743245407,0.4982105634627101
0.454345703125,0.451006342541557,0.49822184561474325
0.45458984375,0.45126349765066,0.4982331277667764
0.454833984375,0.45152065275976294,0.4982444099188096
0.455078125,0.4517778078688659,0.49825569207084275
0.455322265625,0.45203496297796886,0.4982669742228759
0.45556640625,0.4522921180870718,0.4982782563749091
0.455810546875,0.4525492731961748,0.49828953852694224
0.4560546875,0.45280642830527773,0.4983008206789754
0.456298828125,0.4530635834143807,0.4983121028310086
0.45654296875,0.45332073852348365,0.49832338498304174
0.456787109375,0.4535778936325866,0.4983346671350749
0.45703125,0.45383504874168956,0.49834594928710807
0.457275390625,0.4540922038507925,0.49835723143914124
0.45751953125,0.4543493589598955,0.4983685135911744
0.457763671875,0.45460651406899844,0.49837979574320757
0.4580078125,0.4548636691781014,0.49839107789524073
0.458251953125,0.45512082428720435,0.4984023600472739
0.45849609375,0.4553779793963073,0.49841364219930706
0.458740234375,0.45563513450541027,0.4984249243513402
0.458984375,0.4558922896145132,0.4984362065033734
0.459228515625,0.4561494447236162,0.49844748865540656
0.45947265625,0.45640659983271914,0.4984587708074397
0.459716796875,0.4566637549418221,0.4984700529594729
0.4599609375,0.45692091005092506,0.49848133511150605
0.460205078125,0.457178065160028,0.4984926172635392
0.46044921875,0.45743522026913097,0.4985038994155724
0.460693359375,0.45769237537823393,0.49851518156760555
0.4609375,0.4579495304873369,0.4985264637196387
0.461181640625,0.45820668559643984,0.4985377458716719
0.46142578125,0.4584638407055428,0.49854902802370504
0.461669921875,0.45872099581464576,0.4985603101757382
0.4619140625,0.4589781509237487,0.4985715923277714
0.462158203125,0.4592353060328517,0.49858287447980454
0.46240234375,0.45949246114195463,0.4985941566318377
0.462646484375,0.45975267402017334,0.4986041518517823
0.462890625,0.46001492541113587,0.4986132891170012
0.463134765625,0.4602771768020984,0.4986224263822201
0.46337890625,0.46053942819306093,0.498631563647439
0.463623046875,0.46080167958402346,0.4986407009126579
0.4638671875,0.461063930974986,0.4986498381778768
0.464111328125,0.4613261823659485,0.4986589754430957
0.46435546875,0.46158843375691105,0.49866811270831457
0.464599609375,0.4618506851478736,0.49867724997353347
0.46484375,0.4621129365388361,0.49868638723875236
0.465087890625,0.46237518792979865,0.49869552450397125
0.46533203125,0.4626374393207612,0.49870466176919015
0.465576171875,0.4628996907117237,0.49871379903440904
0.4658203125,0.46316194210268624,0.49872293629962794
0.466064453125,0.4634241934936488,0.49873207356484683
0.46630859375,0.4636864448846113,0.49874121083006573
0.466552734375,0.46394869627557384,0.4987503480952846
0.466796875,0.46421094766653637,0.4987594853605035
0.467041015625,0.4644731990574989,0.4987686226257224
0.46728515625,0.46473545044846143,0.4987777598909413
0.467529296875,0.46499770183942396,0.4987868971561602
0.4677734375,0.4652599532303865,0.4987960344213791
0.468017578125,0.465522204621349,0.498805171686598
0.46826171875,0.46578445601231155,0.4988143089518169
0.468505859375,0.4660467074032741,0.4988234462170358
0.46875,0.4663089587942366,0.4988325834822547
0.468994140625,0.46657121018519915,0.49884172074747357
0.46923828125,0.4668334615761617,0.49885085801269247
0.469482421875,0.4670957129671242,0.49885999527791136
0.4697265625,0.46735796435808674,0.49886913254313026
0.469970703125,0.4676202157490493,0.49887826980834915
0.47021484375,0.4678824671400118,0.49888740707356805
0.470458984375,0.46814471853097434,0.49889654433878694
0.470703125,0.46840696992193687,0.49890568160400584
0.470947265625,0.4686692213128994,0.49891481886922473
0.47119140625,0.46893147270386193,0.4989239561344436
0.471435546875,0.46919372409482446,0.4989330933996625
0.4716796875,0.469455975485787,0.4989422306648814
0.471923828125,0.4697182268767495,0.4989513679301003
0.47216796875,0.46998047826771205,0.4989605051953192
0.472412109375,0.4702427296586746,0.4989696424605381
0.47265625,0.4705049810496371,0.498978779725757
0.472900390625,0.47076723244059965,0.4989879169909759
0.47314453125,0.4710294838315622,0.4989970542561948
0.473388671875,0.4712917352225247,0.4990061915214137
0.4736328125,0.47155398661348724,0.4990153287866326
0.473876953125,0.4718162380044498,0.49902446605185147
0.47412109375,0.4720784893954123,0.49903360331707036
0.474365234375,0.47234074078637484,0.49904274058228926
0.474609375,0.47260299217733737,0.49905187784750815
0.474853515625,0.4728652435682999,0.49906101511272705
0.47509765625,0.47312749495926243,0.49907015237794594
0.475341796875,0.47338974635022496,0.49907928964316484
0.4755859375,0.4736519977411875,0.49908842690838373
0.475830078125,0.47391424913215,0.4990975641736026
0.47607421875,0.47417650052311255,0.4991067014388215
0.476318359375,0.4744387519140751,0.4991158387040404
0.4765625,0.4747010033050376,0.4991249759692593
0.476806640625,0.47496325469600015,0.4991341132344782
0.47705078125,0.4752255060869627,0.4991432504996971
0.477294921875,0.4754877574779252,0.499152387764916
0.4775390625,0.47575000886888774,0.4991615250301349
0.477783203125,0.4760122602598503,0.4991706622953538
0.47802734375,0.4762745116508128,0.4991797995605727
0.478271484375,0.47653676304177534,0.4991889368257916
0.478515625,0.47679901443273787,0.49919807409101047
0.478759765625,0.4770612658237004,0.49920721135622936
0.47900390625,0.47732351721466293,0.49921634862144826
0.479248046875,0.47758576860562546,0.49922548588666715
0.4794921875,0.477848019996588,0.49923462315188605
0.479736328125,0.4781102713875505,0.49924376041710494
0.47998046875,0.47837252277851305,0.49925289768232384
0.480224609375,0.4786347741694756,0.49926203494754273
0.48046875,0.4788970255604381,0.4992711722127616
0.480712890625,0.47915927695140065,0.4992803094779805
0.48095703125,0.4794215283423632,0.4992894467431994
0.481201171875,0.4796837797333257,0.4992985840084183
0.4814453125,0.47994603112428824,0.4993077212736372
0.481689453125,0.4802082825152508,0.4993168585388561
0.48193359375,0.4804705339062133,0.499325995804075
0.482177734375,0.48073278529717584,0.4993351330692939
0.482421875,0.48099503668813837,0.4993442703345128
0.482666015625,0.4812572880791009,0.4993534075997317
0.48291015625,0.48151953947006343,0.4993625448649506
0.483154296875,0.48178179086102596,0.49937168213016947
0.4833984375,0.4820440422519885,0.49938081939538836
0.483642578125,0.482306293642951,0.49938995666060726
0.48388671875,0.48256854503391355,0.49939909392582615
0.484130859375,0.4828307964248761,0.49940823119104505
0.484375,0.4830930478158386,0.49941736845626394
0.484619140625,0.48335529920680115,0.49942650572148284
0.48486328125,0.4836175505977637,0.49943564298670173
0.485107421875,0.4838798019887262,0.49944478025192063
0.4853515625,0.48414205337968874,0.4994539175171395
0.485595703125,0.4844043047706513,0.4994630547823584
0.48583984375,0.4846665561616138,0.4994721920475773
0.486083984375,0.48492880755257634,0.4994813293127962
0.486328125,0.48519105894353887,0.4994904665780151
0.486572265625,0.4854533103345014,0.499499603843234
0.48681640625,0.48571556172546393,0.4995087411084529
0.487060546875,0.48597781311642646,0.4995178783736718
0.4873046875,0.486240064507389,0.4995270156388907
0.487548828125,0.48650266074129583,0.49953600940098813
0.48779296875,0.4867666363469799,0.4995444291505998
0.488037109375,0.487030611952664,0.4995528489002115
0.48828125,0.4872945875583481,0.4995612686498232
0.488525390625,0.4875585631640322,0.4995696883994349
0.48876953125,0.48782253876971626,0.4995781081490466
0.489013671875,0.48808651437540035,0.49958652789865826
0.4892578125,0.48835048998108443,0.49959494764826995
0.489501953125,0.4886144655867685,0.49960336739788164
0.48974609375,0.4888784411924526,0.4996117871474933
0.489990234375,0.4891424167981367,0.499620206897105
0.490234375,0.4894063924038208,0.4996286266467167
0.490478515625,0.48967036800950486,0.4996370463963284
0.49072265625,0.48993434361518895,0.4996454661459401
0.490966796875,0.49019831922087304,0.49965388589555176
0.4912109375,0.4904622948265571,0.49966230564516345
0.491455078125,0.4907262704322412,0.49967072539477514
0.49169921875,0.4909902460379253,0.4996791451443868
0.491943359375,0.4912542216436094,0.4996875648939985
0.4921875,0.49151819724929346,0.4996959846436102
0.492431640625,0.49178217285497755,0.4997044043932219
0.49267578125,0.49204614846066164,0.4997128241428336
0.492919921875,0.4923101240663457,0.49972124389244527
0.4931640625,0.4925740996720298,0.49972966364205695
0.493408203125,0.4928380752777139,0.49973808339166864
0.49365234375,0.493102050883398,0.49974650314128033
0.493896484375,0.49336602648908207,0.499754922890892
0.494140625,0.49363000209476615,0.4997633426405037
0.494384765625,0.49389397770045024,0.4997717623901154
0.49462890625,0.4941579533061343,0.4997801821397271
0.494873046875,0.4944219289118184,0.49978860188933877
0.4951171875,0.4946859045175025,0.49979702163895046
0.495361328125,0.4949498801231866,0.49980544138856214
0.49560546875,0.49521385572887067,0.49981386113817383
0.495849609375,0.49547783133455475,0.4998222808877855
0.49609375,0.49574180694023884,0.4998307006373972
0.496337890625,0.4960057825459229,0.4998391203870089
0.49658203125,0.496269758151607,0.4998475401366206
0.496826171875,0.4965337337572911,0.49985595988623227
0.4970703125,0.4967977093629752,0.49986437963584396
0.497314453125,0.49706168496865927,0.49987279938545565
0.49755859375,0.49732566057434335,0.49988121913506733
0.497802734375,0.49758963618002744,0.499889638884679
0.498046875,0.4978536117857115,0.4998980586342907
0.498291015625,0.4981175873913956,0.4999064783839024
0.49853515625,0.4983815629970797,0.4999148981335141
0.498779296875,0.49864553860276384,0.4999233178831258
0.4990234375,0.49890951420844787,0.49993173763273746
0.499267578125,0.499173489814132,0.49994015738234915
0.49951171875,0.49943746541981604,0.49994857713196084
0.499755859375,0.4997014410255002,0.4999569968815725
0.5,0.49996541663118427,0.4999654166311842
0.500244140625,0.5002293922368684,0.4999738363807959
0.50048828125,0.5004933678425524,0.4999822561304076
0.500732421875,0.5007573434482365,0.4999906758800193
0.5009765625,0.5010213190539206,0.49999909562963096
0.501220703125,0.5012852946596047,0.5000075153792427
0.50146484375,0.5015492702652887,0.5000159351288543
0.501708984375,0.5018132458709729,0.5000243548784661
0.501953125,0.5020772214766569,0.5000327746280777
0.502197265625,0.502341197082341,0.5000411943776895
0.50244140625,0.5026051726880251,0.5000496141273011
0.502685546875,0.5028691482937092,0.5000580338769128
0.5029296875,0.5031331238993932,0.5000664536265245
0.503173828125,0.5033970995050774,0.5000748733761362
0.50341796875,0.5036610751107614,0.5000832931257478
0.503662109375,0.5039250507164456,0.5000917128753596
0.50390625,0.5041890263221296,0.5001001326249712
0.504150390625,0.5044530019278137,0.500108552374583
0.50439453125,0.5047169775334978,0.5001169721241946
0.504638671875,0.5049809531391819,0.5001253918738063
0.5048828125,0.5052449287448659,0.500133811623418
0.505126953125,0.5055089043505501,0.5001422313730297
0.50537109375,0.5057728799562341,0.5001506511226413
0.505615234375,0.5060368555619182,0.5001590708722531
0.505859375,0.5063008311676023,0.5001674906218647
0.506103515625,0.5065648067732864,0.5001759103714765
0.50634765625,0.5068287823789704,0.5001843301210881
0.506591796875,0.5070927579846546,0.5001927498706998
0.5068359375,0.5073567335903386,0.5002011696203115
0.507080078125,0.5076207091960228,0.5002095893699232
0.50732421875,0.5078846848017068,0.5002180091195348
0.507568359375,0.5081486604073909,0.5002264288691466
0.5078125,0.508412636013075,0.5002348486187582
0.508056640625,0.5086766116187591,0.50024326836837
0.50830078125,0.5089405872244431,0.5002516881179816
0.508544921875,0.5092045628301273,0.5002601078675933
0.5087890625,0.5094685384358113,0.500268527617205
0.509033203125,0.5097325140414954,0.5002769473668167
0.50927734375,0.5099964896471795,0.5002853671164283
0.509521484375,0.5102604652528636,0.5002937868660401
0.509765625,0.5105244408585476,0.5003022066156517
0.510009765625,0.5107884164642318,0.5003106263652635
0.51025390625,0.5110523920699158,0.5003190461148751
0.510498046875,0.5113163676756,0.5003274658644868
0.5107421875,0.511580343281284,0.5003358856140985
0.510986328125,0.5118443188869681,0.5003443053637102
0.51123046875,0.5121082944926522,0.5003527251133219
0.511474609375,0.5123722700983363,0.5003611448629336
0.51171875,0.5126362457040203,0.5003695646125452
0.511962890625,0.5129002213097045,0.500377984362157
0.51220703125,0.5131641969153885,0.5003864041117686
0.512451171875,0.5134281725210726,0.5003948238613803
0.5126953125,0.513690764687331,0.5004038138353428
0.512939453125,0.513953010993733,0.5004129463653931
0.51318359375,0.514215257300135,0.5004220788954433
0.513427734375,0.514477503606537,0.5004312114254936
0.513671875,0.5147397499129389,0.5004403439555438
0.513916015625,0.515001996219341,0.5004494764855941
0.51416015625,0.5152642425257429,0.5004586090156443
0.514404296875,0.5155264888321449,0.5004677415456946
0.5146484375,0.5157887351385468,0.5004768740757448
0.514892578125,0.5160509814449489,0.5004860066057951
0.51513671875,0.5163132277513508,0.5004951391358453
0.515380859375,0.5165754740577528,0.5005042716658956
0.515625,0.5168377203641548,0.5005134041959458
0.515869140625,0.5170999666705568,0.5005225367259961
0.51611328125,0.5173622129769587,0.5005316692560463
0.516357421875,0.5176244592833608,0.5005408017860966
0.5166015625,0.5178867055897627,0.5005499343161468
0.516845703125,0.5181489518961647,0.5005590668461971
0.51708984375,0.5184111982025666,0.5005681993762473
0.517333984375,0.5186734445089687,0.5005773319062976
0.517578125,0.5189356908153706,0.5005864644363478
0.517822265625,0.5191979371217726,0.5005955969663981
0.51806640625,0.5194601834281746,0.5006047294964483
0.518310546875,0.5197224297345766,0.5006138620264986
0.5185546875,0.5199846760409785,0.5006229945565488
0.518798828125,0.5202469223473806,0.5006321270865991
0.51904296875,0.5205091686537825,0.5006412596166493
0.519287109375,0.5207714149601845,0.5006503921466996
0.51953125,0.5210336612665865,0.5006595246767498
0.519775390625,0.5212959075729885,0.5006686572068001
0.52001953125,0.5215581538793904,0.5006777897368503
0.520263671875,0.5218204001857925,0.5006869222669006
0.5205078125,0.5220826464921944,0.5006960547969508
0.520751953125,0.5223448927985964,0.5007051873270011
0.52099609375,0.5226071391049983,0.5007143198570513
0.521240234375,0.5228693854114004,0.5007234523871016
0.521484375,0.5231316317178023,0.5007325849171518
0.521728515625,0.5233938780242043,0.5007417174472021
0.52197265625,0.5236561243306063,0.5007508499772523
0.522216796875,0.5239183706370083,0.5007599825073026
0.5224609375,0.5241806169434102,0.5007691150373528
0.522705078125,0.5244428632498123,0.5007782475674031
0.52294921875,0.5247051095562142,0.5007873800974533
0.523193359375,0.5249673558626162,0.5007965126275036
0.5234375,0.5252296021690182,0.5008056451575538
0.523681640625,0.5254918484754202,0.5008147776876041
0.52392578125,0.5257540947818221,0.5008239102176543
0.524169921875,0.5260163410882241,0.5008330427477046
0.5244140625,0.5262785873946261,0.5008421752777548
0.524658203125,0.5265408337010281,0.5008513078078051
0.52490234375,0.52680308000743,0.5008604403378553
0.525146484375,0.5270653263138321,0.5008695728679056
0.525390625,0.527327572620234,0.5008787053979558
0.525634765625,0.527589818926636,0.5008878379280061
0.52587890625,0.527852065233038,0.5008969704580563
0.526123046875,0.52811431153944,0.5009061029881066
0.5263671875,0.5283765578458419,0.5009152355181568
0.526611328125,0.528638804152244,0.5009243680482071
0.52685546875,0.5289010504586459,0.5009335005782573
0.527099609375,0.5291632967650479,0.5009426331083076
0.52734375,0.5294255430714498,0.5009517656383577
0.527587890625,0.5296877893778519,0.500960898168408
0.52783203125,0.5299500356842538,0.5009700306984582
0.528076171875,0.5302122819906558,0.5009791632285086
0.5283203125,0.5304745282970578,0.5009882957585587
0.528564453125,0.5307367746034598,0.500997428288609
0.52880859375,0.5309990209098617,0.5010065608186592
0.529052734375,0.5312612672162638,0.5010156933487095
0.529296875,0.5315235135226657,0.5010248258787597
0.529541015625,0.5317857598290677,0.50103395840881
0.52978515625,0.5320480061354697,0.5010430909388602
0.530029296875,0.5323102524418717,0.5010522234689105
0.5302734375,0.5325724987482736,0.5010613559989607
0.530517578125,0.5328347450546757,0.501070488529011
0.53076171875,0.5330969913610776,0.5010796210590612
0.531005859375,0.5333592376674796,0.5010887535891115
0.53125,0.5336214839738815,0.5010978861191617
0.531494140625,0.5338837302802836,0.501107018649212
0.53173828125,0.5341459765866855,0.5011161511792622
0.531982421875,0.5344082228930875,0.5011252837093125
0.5322265625,0.5346704691994895,0.5011344162393627
0.532470703125,0.5349327155058915,0.501143548769413
0.53271484375,0.5351949618122934,0.5011526812994632
0.532958984375,0.5354572081186955,0.5011618138295135
0.533203125,0.5357194544250974,0.5011709463595637
0.533447265625,0.5359817007314994,0.501180078889614
0.53369140625,0.5362439470379013,0.5011892114196642
0.533935546875,0.5365061933443034,0.5011983439497145
0.5341796875,0.5367684396507053,0.5012074764797647
0.534423828125,0.5370306859571073,0.501216609009815
0.53466796875,0.5372929322635093,0.5012257415398652
0.534912109375,0.5375551785699113,0.5012348740699155
0.53515625,0.5378174248763132,0.5012440065999657
0.535400390625,0.5380796711827153,0.501253139130016
0.53564453125,0.5383419174891172,0.5012622716600662
0.535888671875,0.5386041637955192,0.5012714041901165
0.5361328125,0.5388664101019212,0.5012805367201667
0.536376953125,0.5391286564083232,0.501289669250217
0.53662109375,0.5393909027147251,0.5012988017802672
0.536865234375,0.5396531490211272,0.5013079343103175
0.537109375,0.5399153953275291,0.5013170668403677
0.537353515625,0.5401776416339311,0.501326199370418
0.53759765625,0.5404378475891777,0.5013361880055488
0.537841796875,0.5406949930176913,0.5013474607983006
0.5380859375,0.5409521384462048,0.5013587335910523
0.538330078125,0.5412092838747184,0.5013700063838041
0.53857421875,0.541466429303232,0.5013812791765558
0.538818359375,0.5417235747317456,0.5013925519693077
0.5390625,0.5419807201602591,0.5014038247620594
0.539306640625,0.5422378655887727,0.5014150975548112
0.53955078125,0.5424950110172863,0.5014263703475629
0.539794921875,0.5427521564457999,0.5014376431403147
0.5400390625,0.5430093018743134,0.5014489159330664
0.540283203125,0.543266447302827,0.5014601887258182
0.54052734375,0.5435235927313405,0.5014714615185699
0.540771484375,0.5437807381598542,0.5014827343113217
0.541015625,0.5440378835883677,0.5014940071040734
0.541259765625,0.5442950290168813,0.5015052798968253
0.54150390625,0.5445521744453948,0.501516552689577
0.541748046875,0.5448093198739085,0.5015278254823288
0.5419921875,0.545066465302422,0.5015390982750805
0.542236328125,0.5453236107309356,0.5015503710678323
0.54248046875,0.5455807561594491,0.501561643860584
0.542724609375,0.5458379015879627,0.5015729166533358
0.54296875,0.5460950470164763,0.5015841894460875
0.543212890625,0.5463521924449899,0.5015954622388393
0.54345703125,0.5466093378735034,0.501606735031591
0.543701171875,0.546866483302017,0.5016180078243428
0.5439453125,0.5471236287305306,0.5016292806170946
0.544189453125,0.5473807741590442,0.5016405534098464
0.54443359375,0.5476379195875577,0.5016518262025981
0.544677734375,0.5478950650160713,0.5016630989953499
0.544921875,0.5481522104445848,0.5016743717881016
0.545166015625,0.5484093558730985,0.5016856445808534
0.54541015625,0.548666501301612,0.5016969173736051
0.545654296875,0.5489236467301256,0.5017081901663569
0.5458984375,0.5491807921586391,0.5017194629591086
0.546142578125,0.5494379375871528,0.5017307357518604
0.54638671875,0.5496950830156663,0.5017420085446122
0.546630859375,0.5499522284441799,0.501753281337364
0.546875,0.5502093738726934,0.5017645541301157
0.547119140625,0.550466519301207,0.5017758269228675
0.54736328125,0.5507236647297206,0.5017870997156192
0.547607421875,0.5509808101582342,0.501798372508371
0.5478515625,0.5512379555867477,0.5018096453011227
0.548095703125,0.5514951010152613,0.5018209180938745
0.54833984375,0.5517522464437749,0.5018321908866262
0.548583984375,0.5520093918722885,0.501843463679378
0.548828125,0.552266537300802,0.5018547364721297
0.549072265625,0.5525236827293156,0.5018660092648816
0.54931640625,0.5527808281578291,0.5018772820576333
0.549560546875,0.5530379735863428,0.5018885548503851
0.5498046875,0.5532951190148563,0.5018998276431368
0.550048828125,0.5535522644433699,0.5019111004358886
0.55029296875,0.5538094098718834,0.5019223732286403
0.550537109375,0.5540665553003971,0.5019336460213921
0.55078125,0.5543237007289106,0.5019449188141438
0.551025390625,0.5545808461574242,0.5019561916068956
0.55126953125,0.5548379915859377,0.5019674643996473
0.551513671875,0.5550951370144513,0.5019787371923992
0.5517578125,0.5553522824429649,0.5019900099851509
0.552001953125,0.5556094278714785,0.5020012827779027
0.55224609375,0.555866573299992,0.5020125555706544
0.552490234375,0.5561237187285056,0.5020238283634062
0.552734375,0.5563808641570192,0.5020351011561579
0.552978515625,0.5566380095855328,0.5020463739489097
0.55322265625,0.5568951550140463,0.5020576467416614
0.553466796875,0.5571523004425599,0.5020689195344132
0.5537109375,0.5574094458710734,0.5020801923271649
0.553955078125,0.5576665912995871,0.5020914651199168
0.55419921875,0.5579237367281006,0.5021027379126685
0.554443359375,0.5581808821566142,0.5021140107054203
0.5546875,0.5584380275851277,0.502125283498172
0.554931640625,0.5586951730136414,0.5021365562909238
0.55517578125,0.5589523184421549,0.5021478290836755
0.555419921875,0.5592094638706685,0.5021591018764273
0.5556640625,0.559466609299182,0.502170374669179
0.555908203125,0.5597237547276956,0.5021816474619308
0.55615234375,0.5599809001562092,0.5021929202546825
0.556396484375,0.5602380455847228,0.5022041930474344
0.556640625,0.5604951910132363,0.5022154658401861
0.556884765625,0.5607523364417499,0.5022267386329379
0.55712890625,0.5610094818702634,0.5022380114256896
0.557373046875,0.5612666272987771,0.5022492842184414
0.5576171875,0.5615237727272906,0.5022605570111931
0.557861328125,0.5617809181558042,0.5022718298039449
0.55810546875,0.5620380635843177,0.5022831025966966
0.558349609375,0.5622952090128314,0.5022943753894484
0.55859375,0.5625523544413449,0.5023056481822001
0.558837890625,0.5628094998698585,0.502316920974952
0.55908203125,0.563066645298372,0.5023281937677037
0.559326171875,0.5633237907268857,0.5023394665604555
0.5595703125,0.5635809361553992,0.5023507393532072
0.559814453125,0.5638380815839128,0.5023620121459589
0.56005859375,0.5640952270124263,0.5023732849387107
0.560302734375,0.5643523724409399,0.5023845577314625
0.560546875,0.5646095178694535,0.5023958305242142
0.560791015625,0.5648666632979671,0.5024071033169659
0.56103515625,0.5651238087264806,0.5024183761097177
0.561279296875,0.5653809541549942,0.5024296489024696
0.5615234375,0.5656380995835077,0.5024409216952213
0.561767578125,0.5658952450120214,0.502452194487973
0.56201171875,0.5661523904405349,0.5024634672807248
0.562255859375,0.5664095358690484,0.5024747400734766
0.5625,0.566666681297562,0.5024860128662283
0.562744140625,0.5669156167414815,0.5025008347559733
0.56298828125,0.567164552185401,0.5025156566457183
0.563232421875,0.5674134876293204,0.5025304785354633
0.5634765625,0.5676624230732399,0.5025453004252083
0.563720703125,0.5679113585171593,0.5025601223149533
0.56396484375,0.5681602939610788,0.5025749442046983
0.564208984375,0.5684092294049983,0.5025897660944433
0.564453125,0.5686581648489177,0.5026045879841883
0.564697265625,0.5689071002928372,0.5026194098739333
0.56494140625,0.5691560357367567,0.5026342317636783
0.565185546875,0.5694049711806761,0.5026490536534233
0.5654296875,0.5696539066245956,0.5026638755431683
0.565673828125,0.569902842068515,0.5026786974329133
0.56591796875,0.5701517775124345,0.5026935193226583
0.566162109375,0.570400712956354,0.5027083412124033
0.56640625,0.5706496484002734,0.5027231631021483
0.566650390625,0.5708985838441929,0.5027379849918933
0.56689453125,0.5711475192881124,0.5027528068816383
0.567138671875,0.5713964547320318,0.5027676287713833
0.5673828125,0.5716453901759513,0.5027824506611283
0.567626953125,0.5718943256198707,0.5027972725508733
0.56787109375,0.5721432610637902,0.5028120944406183
0.568115234375,0.5723921965077097,0.5028269163303632
0.568359375,0.5726411319516291,0.5028417382201082
0.568603515625,0.5728900673955486,0.5028565601098532
0.56884765625,0.5731390028394681,0.5028713819995982
0.569091796875,0.5733879382833875,0.5028862038893432
0.5693359375,0.573636873727307,0.5029010257790882
0.569580078125,0.5738858091712264,0.5029158476688332
0.56982421875,0.5741347446151459,0.5029306695585782
0.570068359375,0.5743836800590654,0.5029454914483232
0.5703125,0.5746326155029848,0.5029603133380682
0.570556640625,0.5748815509469043,0.5029751352278132
0.57080078125,0.5751304863908238,0.5029899571175582
0.571044921875,0.5753794218347432,0.5030047790073032
0.5712890625,0.5756283572786627,0.5030196008970482
0.571533203125,0.5758772927225821,0.5030344227867932
0.57177734375,0.5761262281665016,0.5030492446765382
0.572021484375,0.5763751636104211,0.5030640665662832
0.572265625,0.5766240990543405,0.5030788884560282
0.572509765625,0.57687303449826,0.5030937103457732
0.57275390625,0.5771219699421795,0.5031085322355182
0.572998046875,0.5773709053860989,0.5031233541252632
0.5732421875,0.5776198408300184,0.5031381760150082
0.573486328125,0.5778687762739378,0.5031529979047532
0.57373046875,0.5781177117178573,0.5031678197944982
0.573974609375,0.5783666471617768,0.5031826416842432
0.57421875,0.5786155826056962,0.5031974635739882
0.574462890625,0.5788645180496157,0.5032122854637332
0.57470703125,0.5791134534935352,0.5032271073534782
0.574951171875,0.5793623889374546,0.5032419292432232
0.5751953125,0.5796113243813741,0.5032567511329682
0.575439453125,0.5798602598252935,0.5032715730227132
0.57568359375,0.580109195269213,0.5032863949124582
0.575927734375,0.5803581307131325,0.5033012168022032
0.576171875,0.5806070661570519,0.5033160386919482
0.576416015625,0.5808560016009714,0.5033308605816932
0.57666015625,0.5811049370448909,0.5033456824714382
0.576904296875,0.5813538724888103,0.5033605043611832
0.5771484375,0.5816028079327298,0.5033753262509282
0.577392578125,0.5818517433766492,0.5033901481406732
0.57763671875,0.5821006788205687,0.5034049700304182
0.577880859375,0.5823496142644882,0.5034197919201632
0.578125,0.5825985497084076,0.5034346138099082
0.578369140625,0.5828474851523271,0.5034494356996532
0.57861328125,0.5830964205962466,0.5034642575893982
0.578857421875,0.583345356040166,0.5034790794791432
0.5791015625,0.5835942914840855,0.5034939013688882
0.579345703125,0.5838432269280049,0.5035087232586332
0.57958984375,0.5840921623719244,0.5035235451483782
0.579833984375,0.5843410978158439,0.5035383670381232
0.580078125,0.5845900332597633,0.5035531889278682
0.580322265625,0.5848389687036828,0.5035680108176132
0.58056640625,0.5850879041476023,0.5035828327073582
0.580810546875,0.5853368395915217,0.5035976545971032
0.5810546875,0.5855857750354412,0.5036124764868481
0.581298828125,0.5858347104793606,0.5036272983765931
0.58154296875,0.5860836459232801,0.5036421202663381
0.581787109375,0.5863325813671996,0.5036569421560831
0.58203125,0.586581516811119,0.5036717640458281
0.582275390625,0.5868304522550385,0.5036865859355731
0.58251953125,0.587079387698958,0.5037014078253181
0.582763671875,0.5873283231428774,0.5037162297150631
0.5830078125,0.5875772585867969,0.5037310516048081
0.583251953125,0.5878261940307163,0.5037458734945531
0.58349609375,0.5880751294746358,0.5037606953842981
0.583740234375,0.5883240649185553,0.5037755172740431
0.583984375,0.5885730003624747,0.5037903391637881
0.584228515625,0.5888219358063942,0.5038051610535331
0.58447265625,0.5890708712503137,0.5038199829432781
0.584716796875,0.5893198066942331,0.5038348048330231
0.5849609375,0.5895687421381526,0.5038496267227681
0.585205078125,0.589817677582072,0.5038644486125131
0.58544921875,0.5900666130259915,0.5038792705022581
0.585693359375,0.590315548469911,0.5038940923920031
0.5859375,0.5905644839138304,0.5039089142817481
0.586181640625,0.5908134193577499,0.5039237361714931
0.58642578125,0.5910623548016694,0.5039385580612381
0.586669921875,0.5913112902455888,0.5039533799509831
0.5869140625,0.5915602256895083,0.5039682018407281
0.587158203125,0.5918091611334277,0.5039830237304731
0.58740234375,0.5920580965773472,0.5039978456202181
0.587646484375,0.5923005297534272,0.5040156012140572
0.587890625,0.5925386280842808,0.5040353126106258
0.588134765625,0.5927767264151345,0.5040550240071944
0.58837890625,0.5930148247459881,0.504074735403763
0.588623046875,0.5932529230768417,0.5040944468003316
0.5888671875,0.5934910214076954,0.5041141581969002
0.589111328125,0.593729119738549,0.5041338695934687
0.58935546875,0.5939672180694027,0.5041535809900374
0.589599609375,0.5942053164002563,0.5041732923866059
0.58984375,0.59444341473111,0.5041930037831746
0.590087890625,0.5946815130619636,0.5042127151797431
0.59033203125,0.5949196113928172,0.5042324265763117
0.590576171875,0.5951577097236709,0.5042521379728803
0.5908203125,0.5953958080545245,0.5042718493694489
0.591064453125,0.5956339063853782,0.5042915607660174
0.59130859375,0.5958720047162318,0.5043112721625861
0.591552734375,0.5961101030470854,0.5043309835591546
0.591796875,0.5963482013779391,0.5043506949557233
0.592041015625,0.5965862997087927,0.5043704063522918
0.59228515625,0.5968243980396464,0.5043901177488604
0.592529296875,0.5970624963705,0.504409829145429
0.5927734375,0.5973005947013537,0.5044295405419976
0.593017578125,0.5975386930322073,0.5044492519385662
0.59326171875,0.5977767913630609,0.5044689633351348
0.593505859375,0.5980148896939146,0.5044886747317033
0.59375,0.5982529880247682,0.504508386128272
0.593994140625,0.5984910863556219,0.5045280975248405
0.59423828125,0.5987291846864755,0.5045478089214092
0.594482421875,0.5989672830173292,0.5045675203179777
0.5947265625,0.5992053813481828,0.5045872317145463
0.594970703125,0.5994434796790364,0.5046069431111149
0.59521484375,0.5996815780098901,0.5046266545076835
0.595458984375,0.5999196763407437,0.504646365904252
0.595703125,0.6001577746715974,0.5046660773008207
0.595947265625,0.600395873002451,0.5046857886973892
0.59619140625,0.6006339713333047,0.5047055000939579
0.596435546875,0.6008720696641583,0.5047252114905264
0.5966796875,0.6011101679950119,0.504744922887095
0.596923828125,0.6013482663258656,0.5047646342836636
0.59716796875,0.6015863646567192,0.5047843456802322
0.597412109375,0.6018244629875729,0.5048040570768008
0.59765625,0.6020625613184265,0.5048237684733694
0.597900390625,0.6023006596492801,0.5048434798699379
0.59814453125,0.6025387579801338,0.5048631912665066
0.598388671875,0.6027768563109874,0.5048829026630751
0.5986328125,0.6030149546418411,0.5049026140596438
0.598876953125,0.6032530529726947,0.5049223254562123
0.59912109375,0.6034911513035484,0.5049420368527809
0.599365234375,0.603729249634402,0.5049617482493495
0.599609375,0.6039673479652556,0.5049814596459181
0.599853515625,0.6042054462961093,0.5050011710424867
0.60009765625,0.6044435446269629,0.5050208824390553
0.600341796875,0.6046816429578166,0.5050405938356238
0.6005859375,0.6049197412886702,0.5050603052321925
0.600830078125,0.6051578396195239,0.505080016628761
0.60107421875,0.6053959379503775,0.5050997280253297
0.601318359375,0.6056340362812311,0.5051194394218982
0.6015625,0.6058721346120848,0.5051391508184668
0.601806640625,0.6061102329429384,0.5051588622150354
0.60205078125,0.6063483312737921,0.505178573611604
0.602294921875,0.6065864296046457,0.5051982850081725
0.6025390625,0.6068245279354993,0.5052179964047412
0.602783203125,0.607062626266353,0.5052377078013097
0.60302734375,0.6073007245972066,0.5052574191978784
0.603271484375,0.6075388229280603,0.5052771305944469
0.603515625,0.6077769212589139,0.5052968419910155
0.603759765625,0.6080150195897676,0.5053165533875841
0.60400390625,0.6082531179206212,0.5053362647841527
0.604248046875,0.6084912162514748,0.5053559761807213
0.6044921875,0.6087293145823285,0.5053756875772899
0.604736328125,0.6089674129131821,0.5053953989738584
0.60498046875,0.6092055112440358,0.5054151103704271
0.605224609375,0.6094436095748894,0.5054348217669956
0.60546875,0.609681707905743,0.5054545331635643
0.605712890625,0.6099198062365967,0.5054742445601328
0.60595703125,0.6101579045674503,0.5054939559567014
0.606201171875,0.610396002898304,0.50551366735327
0.6064453125,0.6106341012291576,0.5055333787498386
0.606689453125,0.6108721995600113,0.5055530901464071
0.60693359375,0.6111102978908649,0.5055728015429758
0.607177734375,0.6113483962217185,0.5055925129395443
0.607421875,0.6115864945525722,0.505612224336113
0.607666015625,0.6118245928834258,0.5056319357326815
0.60791015625,0.6120626912142795,0.5056516471292501
0.608154296875,0.6123007895451331,0.5056713585258187
0.6083984375,0.6125388878759868,0.5056910699223873
0.608642578125,0.6127769862068404,0.5057107813189559
0.60888671875,0.613015084537694,0.5057304927155245
0.609130859375,0.6132531828685477,0.505750204112093
0.609375,0.6134912811994013,0.5057699155086617
0.609619140625,0.613729379530255,0.5057896269052302
0.60986328125,0.6139674778611086,0.5058093383017989
0.610107421875,0.6142055761919623,0.5058290496983674
0.6103515625,0.6144436745228159,0.505848761094936
0.610595703125,0.6146817728536695,0.5058684724915046
0.61083984375,0.6149198711845232,0.5058881838880732
0.611083984375,0.6151579695153768,0.5059078952846418
0.611328125,0.6153960678462305,0.5059276066812104
0.611572265625,0.6156341661770841,0.5059473180777789
0.61181640625,0.6158722645079378,0.5059670294743476
0.612060546875,0.6161103628387914,0.5059867408709161
0.6123046875,0.616348461169645,0.5060064522674848
0.612548828125,0.6165840122782273,0.5060273721628826
0.61279296875,0.6168093744977243,0.506053126053598
0.613037109375,0.6170347367172213,0.5060788799443132
0.61328125,0.6172600989367183,0.5061046338350286
0.613525390625,0.6174854611562153,0.5061303877257438
0.61376953125,0.6177108233757123,0.5061561416164592
0.614013671875,0.6179361855952092,0.5061818955071744
0.6142578125,0.6181615478147062,0.5062076493978898
0.614501953125,0.6183869100342032,0.506233403288605
0.61474609375,0.6186122722537002,0.5062591571793204
0.614990234375,0.6188376344731972,0.5062849110700356
0.615234375,0.6190629966926942,0.506310664960751
0.615478515625,0.6192883589121911,0.5063364188514662
0.61572265625,0.6195137211316881,0.5063621727421815
0.615966796875,0.6197390833511851,0.5063879266328968
0.6162109375,0.6199644455706821,0.5064136805236121
0.616455078125,0.6201898077901791,0.5064394344143274
0.61669921875,0.620415170009676,0.5064651883050427
0.616943359375,0.620640532229173,0.506490942195758
0.6171875,0.62086589444867,0.5065166960864733
0.617431640625,0.621091256668167,0.5065424499771886
0.61767578125,0.621316618887664,0.5065682038679039
0.617919921875,0.621541981107161,0.5065939577586192
0.6181640625,0.621767343326658,0.5066197116493345
0.618408203125,0.6219927055461549,0.5066454655400497
0.61865234375,0.6222180677656519,0.5066712194307651
0.618896484375,0.6224434299851489,0.5066969733214803
0.619140625,0.6226687922046459,0.5067227272121957
0.619384765625,0.6228941544241429,0.5067484811029109
0.61962890625,0.6231195166436398,0.5067742349936263
0.619873046875,0.6233448788631368,0.5067999888843415
0.6201171875,0.6235702410826338,0.5068257427750569
0.620361328125,0.6237956033021308,0.5068514966657721
0.62060546875,0.6240209655216278,0.5068772505564875
0.620849609375,0.6242463277411248,0.5069030044472027
0.62109375,0.6244716899606217,0.5069287583379181
0.621337890625,0.6246970521801187,0.5069545122286333
0.62158203125,0.6249224143996157,0.5069802661193487
0.621826171875,0.6251477766191127,0.5070060200100639
0.6220703125,0.6253731388386097,0.5070317739007792
0.622314453125,0.6255985010581067,0.5070575277914945
0.62255859375,0.6258238632776036,0.5070832816822098
0.622802734375,0.6260492254971006,0.5071090355729251
0.623046875,0.6262745877165976,0.5071347894636404
0.623291015625,0.6264999499360946,0.5071605433543557
0.62353515625,0.6267253121555916,0.507186297245071
0.623779296875,0.6269506743750886,0.5072120511357863
0.6240234375,0.6271760365945855,0.5072378050265016
0.624267578125,0.6274013988140825,0.5072635589172169
0.62451171875,0.6276267610335795,0.5072893128079322
0.624755859375,0.6278521232530765,0.5073150666986475
0.625,0.6280774854725735,0.5073408205893628
0.625244140625,0.6283028476920705,0.5073665744800782
0.62548828125,0.6285282099115674,0.5073923283707934
0.625732421875,0.6287535721310644,0.5074180822615088
0.6259765625,0.6289789343505614,0.507443836152224
0.626220703125,0.6292042965700584,0.5074695900429393
0.62646484375,0.6294296587895554,0.5074953439336546
0.626708984375,0.6296550210090524,0.5075210978243699
0.626953125,0.6298803832285493,0.5075468517150852
0.627197265625,0.6301057454480463,0.5075726056058005
0.62744140625,0.6303311076675433,0.5075983594965158
0.627685546875,0.6305564698870403,0.5076241133872311
0.6279296875,0.6307818321065373,0.5076498672779464
0.628173828125,0.6310071943260342,0.5076756211686617
0.62841796875,0.6312325565455312,0.507701375059377
0.628662109375,0.6314579187650282,0.5077271289500923
0.62890625,0.6316832809845252,0.5077528828408076
0.629150390625,0.6319086432040222,0.5077786367315229
0.62939453125,0.6321340054235192,0.5078043906222381
0.629638671875,0.6323593676430161,0.5078301445129535
0.6298828125,0.6325847298625131,0.5078558984036687
0.630126953125,0.6328100920820101,0.5078816522943841
0.63037109375,0.6330354543015071,0.5079074061850993
0.630615234375,0.6332608165210041,0.5079331600758147
0.630859375,0.6334861787405011,0.5079589139665299
0.631103515625,0.633711540959998,0.5079846678572453
0.63134765625,0.633936903179495,0.5080104217479605
0.631591796875,0.634162265398992,0.5080361756386759
0.6318359375,0.634387627618489,0.5080619295293911
0.632080078125,0.634612989837986,0.5080876834201065
0.63232421875,0.634838352057483,0.5081134373108217
0.632568359375,0.6350637142769799,0.508139191201537
0.6328125,0.6352890764964769,0.5081649450922523
0.633056640625,0.6355144387159739,0.5081906989829676
0.63330078125,0.6357398009354709,0.5082164528736829
0.633544921875,0.6359651631549679,0.5082422067643982
0.6337890625,0.6361905253744649,0.5082679606551135
0.634033203125,0.6364158875939618,0.5082937145458288
0.63427734375,0.6366412498134588,0.5083194684365441
0.634521484375,0.6368666120329558,0.5083452223272594
0.634765625,0.6370919742524528,0.5083709762179747
0.635009765625,0.6373173364719498,0.50839673010869
0.63525390625,0.6375426986914468,0.5084224839994053
0.635498046875,0.6377680609109437,0.5084482378901206
0.6357421875,0.6379934231304407,0.5084739917808359
0.635986328125,0.6382187853499377,0.5084997456715512
0.63623046875,0.6384441475694347,0.5085254995622664
0.636474609375,0.6386695097889317,0.5085512534529818
0.63671875,0.6388948720084286,0.508577007343697
0.636962890625,0.6391202342279256,0.5086027612344124
0.63720703125,0.6393455964474226,0.5086285151251276
0.637451171875,0.6395709586669196,0.508654269015843
0.6376953125,0.6397853678965248,0.5086854349633692
0.637939453125,0.6399970388786572,0.5087179539250981
0.63818359375,0.6402087098607895,0.5087504728868271
0.638427734375,0.6404203808429219,0.508782991848556
0.638671875,0.6406320518250541,0.508815510810285
0.638916015625,0.6408437228071865,0.5088480297720139
0.63916015625,0.6410553937893188,0.5088805487337429
0.639404296875,0.6412670647714511,0.5089130676954718
0.6396484375,0.6414787357535834,0.5089455866572008
0.639892578125,0.6416904067357158,0.5089781056189298
0.64013671875,0.641902077717848,0.5090106245806587
0.640380859375,0.6421137486999804,0.5090431435423877
0.640625,0.6423254196821127,0.5090756625041166
0.640869140625,0.642537090664245,0.5091081814658456
0.64111328125,0.6427487616463773,0.5091407004275745
0.641357421875,0.6429604326285097,0.5091732193893035
0.6416015625,0.6431721036106419,0.5092057383510324
0.641845703125,0.6433837745927743,0.5092382573127614
0.64208984375,0.6435954455749066,0.5092707762744904
0.642333984375,0.6438071165570389,0.5093032952362193
0.642578125,0.6440187875391712,0.5093358141979483
0.642822265625,0.6442304585213036,0.5093683331596772
0.64306640625,0.6444421295034358,0.5094008521214062
0.643310546875,0.6446538004855682,0.5094333710831351
0.6435546875,0.6448654714677005,0.5094658900448641
0.643798828125,0.6450771424498328,0.509498409006593
0.64404296875,0.6452888134319651,0.509530927968322
0.644287109375,0.6455004844140975,0.509563446930051
0.64453125,0.6457121553962297,0.5095959658917799
0.644775390625,0.6459238263783621,0.5096284848535089
0.64501953125,0.6461354973604944,0.5096610038152378
0.645263671875,0.6463471683426267,0.5096935227769668
0.6455078125,0.646558839324759,0.5097260417386957
0.645751953125,0.6467705103068914,0.5097585607004247
0.64599609375,0.6469821812890236,0.5097910796621536
0.646240234375,0.647193852271156,0.5098235986238826
0.646484375,0.6474055232532883,0.5098561175856116
0.646728515625,0.6476171942354206,0.5098886365473405
0.64697265625,0.6478288652175529,0.5099211555090695
0.647216796875,0.6480405361996853,0.5099536744707984
0.6474609375,0.6482522071818175,0.5099861934325274
0.647705078125,0.6484638781639499,0.5100187123942563
0.64794921875,0.6486755491460822,0.5100512313559853
0.648193359375,0.6488872201282145,0.5100837503177142
0.6484375,0.6490988911103468,0.5101162692794432
0.648681640625,0.6493105620924792,0.5101487882411722
0.64892578125,0.6495222330746114,0.5101813072029011
0.649169921875,0.6497339040567438,0.5102138261646301
0.6494140625,0.6499455750388761,0.510246345126359
0.649658203125,0.6501572460210084,0.510278864088088
0.64990234375,0.6503689170031407,0.5103113830498169
0.650146484375,0.6505805879852731,0.5103439020115459
0.650390625,0.6507922589674053,0.5103764209732748
0.650634765625,0.6510039299495377,0.5104089399350038
0.65087890625,0.65121560093167,0.5104414588967328
0.651123046875,0.6514272719138023,0.5104739778584617
0.6513671875,0.6516389428959346,0.5105064968201907
0.651611328125,0.651850613878067,0.5105390157819196
0.65185546875,0.6520622848601992,0.5105715347436486
0.652099609375,0.6522739558423316,0.5106040537053775
0.65234375,0.6524856268244639,0.5106365726671065
0.652587890625,0.6526972978065962,0.5106690916288354
0.65283203125,0.6529089687887285,0.5107016105905644
0.653076171875,0.6531206397708609,0.5107341295522934
0.6533203125,0.6533323107529931,0.5107666485140223
0.653564453125,0.6535439817351255,0.5107991674757513
0.65380859375,0.6537556527172578,0.5108316864374802
0.654052734375,0.6539673236993901,0.5108642053992092
0.654296875,0.6541789946815224,0.5108967243609381
0.654541015625,0.6543906656636548,0.5109292433226671
0.65478515625,0.654602336645787,0.510961762284396
0.655029296875,0.6548140076279194,0.510994281246125
0.6552734375,0.6550256786100517,0.511026800207854
0.655517578125,0.655237349592184,0.5110593191695829
0.65576171875,0.6554490205743163,0.5110918381313119
0.656005859375,0.6556606915564487,0.5111243570930408
0.65625,0.6558723625385809,0.5111568760547698
0.656494140625,0.6560840335207133,0.5111893950164987
0.65673828125,0.6562957045028456,0.5112219139782277
0.656982421875,0.656507375484978,0.5112544329399566
0.6572265625,0.6567190464671102,0.5112869519016856
0.657470703125,0.6569307174492426,0.5113194708634146
0.65771484375,0.6571423884313748,0.5113519898251435
0.657958984375,0.6573540594135072,0.5113845087868725
0.658203125,0.6575657303956395,0.5114170277486014
0.658447265625,0.6577774013777719,0.5114495467103304
0.65869140625,0.6579890723599041,0.5114820656720593
0.658935546875,0.6582007433420365,0.5115145846337883
0.6591796875,0.6584124143241687,0.5115471035955172
0.659423828125,0.6586240853063011,0.5115796225572462
0.65966796875,0.6588357562884334,0.5116121415189752
0.659912109375,0.6590474272705658,0.5116446604807041
0.66015625,0.659259098252698,0.5116771794424331
0.660400390625,0.6594707692348304,0.511709698404162
0.66064453125,0.6596824402169627,0.511742217365891
0.660888671875,0.659894111199095,0.5117747363276199
0.6611328125,0.6601057821812273,0.5118072552893489
0.661376953125,0.6603174531633597,0.5118397742510779
0.66162109375,0.6605291241454919,0.5118722932128068
0.661865234375,0.6607407951276243,0.5119048121745358
0.662109375,0.6609524661097566,0.5119373311362647
0.662353515625,0.6611641370918889,0.5119698500979937
0.66259765625,0.6613703638403079,0.5120050124174566
0.662841796875,0.661568424238157,0.5120441397735204
0.6630859375,0.6617664846360061,0.5120832671295841
0.663330078125,0.6619645450338552,0.5121223944856479
0.66357421875,0.6621626054317042,0.5121615218417116
0.663818359375,0.6623606658295533,0.5122006491977754
0.6640625,0.6625587262274024,0.5122397765538391
0.664306640625,0.6627567866252515,0.5122789039099029
0.66455078125,0.6629548470231006,0.5123180312659666
0.664794921875,0.6631529074209497,0.5123571586220305
0.6650390625,0.6633509678187988,0.5123962859780942
0.665283203125,0.6635490282166479,0.512435413334158
0.66552734375,0.6637470886144969,0.5124745406902217
0.665771484375,0.663945149012346,0.5125136680462855
0.666015625,0.6641432094101951,0.5125527954023492
0.666259765625,0.6643412698080442,0.512591922758413
0.66650390625,0.6645393302058933,0.5126310501144767
0.666748046875,0.6647373906037424,0.5126701774705406
0.6669921875,0.6649354510015915,0.5127093048266043
0.667236328125,0.6651335113994405,0.5127484321826681
0.66748046875,0.6653315717972896,0.5127875595387318
0.667724609375,0.6655296321951387,0.5128266868947956
0.66796875,0.6657276925929878,0.5128658142508593
0.668212890625,0.6659257529908369,0.5129049416069231
0.66845703125,0.666123813388686,0.5129440689629868
0.668701171875,0.6663218737865351,0.5129831963190506
0.6689453125,0.6665199341843842,0.5130223236751144
0.669189453125,0.6667179945822332,0.5130614510311782
0.66943359375,0.6669160549800823,0.5131005783872419
0.669677734375,0.6671141153779314,0.5131397057433057
0.669921875,0.6673121757757805,0.5131788330993694
0.670166015625,0.6675102361736296,0.5132179604554332
0.67041015625,0.6677082965714787,0.5132570878114969
0.670654296875,0.6679063569693278,0.5132962151675607
0.6708984375,0.6681044173671769,0.5133353425236244
0.671142578125,0.6683024777650259,0.5133744698796883
0.67138671875,0.668500538162875,0.513413597235752
0.671630859375,0.6686985985607241,0.5134527245918158
0.671875,0.6688966589585732,0.5134918519478795
0.672119140625,0.6690947193564223,0.5135309793039433
0.67236328125,0.6692927797542714,0.513570106660007
0.672607421875,0.6694908401521205,0.5136092340160708
0.6728515625,0.6696889005499695,0.5136483613721345
0.673095703125,0.6698869609478186,0.5136874887281984
0.67333984375,0.6700850213456677,0.5137266160842621
0.673583984375,0.6702830817435168,0.5137657434403259
0.673828125,0.6704811421413659,0.5138048707963896
0.674072265625,0.670679202539215,0.5138439981524534
0.67431640625,0.6708772629370641,0.5138831255085171
0.674560546875,0.6710753233349132,0.5139222528645809
0.6748046875,0.6712733837327622,0.5139613802206446
0.675048828125,0.6714714441306113,0.5140005075767085
0.67529296875,0.6716695045284604,0.5140396349327722
0.675537109375,0.6718675649263095,0.514078762288836
0.67578125,0.6720656253241586,0.5141178896448997
0.676025390625,0.6722636857220077,0.5141570170009635
0.67626953125,0.6724617461198568,0.5141961443570272
0.676513671875,0.6726598065177058,0.514235271713091
0.6767578125,0.6728578669155549,0.5142743990691547
0.677001953125,0.673055927313404,0.5143135264252185
0.67724609375,0.6732539877112531,0.5143526537812823
0.677490234375,0.6734520481091022,0.5143917811373461
0.677734375,0.6736501085069513,0.5144309084934098
0.677978515625,0.6738481689048004,0.5144700358494736
0.67822265625,0.6740462293026495,0.5145091632055373
0.678466796875,0.6742442897004985,0.5145482905616011
0.6787109375,0.6744423500983476,0.5145874179176648
0.678955078125,0.6746404104961967,0.5146265452737286
0.67919921875,0.6748384708940458,0.5146656726297923
0.679443359375,0.6750365312918949,0.5147047999858562
0.6796875,0.675234591689744,0.5147439273419199
0.679931640625,0.6754326520875931,0.5147830546979837
0.68017578125,0.6756307124854422,0.5148221820540474
0.680419921875,0.6758287728832912,0.5148613094101112
0.6806640625,0.6760268332811403,0.5149004367661749
0.680908203125,0.6762248936789894,0.5149395641222387
0.68115234375,0.6764229540768385,0.5149786914783024
0.681396484375,0.6766210144746876,0.5150178188343663
0.681640625,0.6768190748725367,0.51505694619043
0.681884765625,0.6770171352703858,0.5150960735464938
0.68212890625,0.6772151956682348,0.5151352009025575
0.682373046875,0.6774132560660839,0.5151743282586213
0.6826171875,0.677611316463933,0.515213455614685
0.682861328125,0.6778093768617821,0.5152525829707488
0.68310546875,0.6780074372596312,0.5152917103268125
0.683349609375,0.6782054976574803,0.5153308376828764
0.68359375,0.6784035580553294,0.5153699650389401
0.683837890625,0.6786016184531785,0.5154090923950039
0.68408203125,0.6787996788510275,0.5154482197510676
0.684326171875,0.6789977392488766,0.5154873471071314
0.6845703125,0.6791957996467257,0.5155264744631951
0.684814453125,0.6793938600445748,0.5155656018192589
0.68505859375,0.6795919204424239,0.5156047291753226
0.685302734375,0.679789980840273,0.5156438565313864
0.685546875,0.6799880412381221,0.5156829838874502
0.685791015625,0.6801861016359712,0.515722111243514
0.68603515625,0.6803841620338202,0.5157612385995777
0.686279296875,0.6805822224316693,0.5158003659556415
0.6865234375,0.6807802828295184,0.5158394933117052
0.686767578125,0.6809783432273675,0.515878620667769
0.68701171875,0.6811764036252166,0.5159177480238327
0.687255859375,0.6813744640230657,0.5159568753798964
0.6875,0.6815725244209148,0.5159960027359602
0.687744140625,0.6817579603892193,0.5160399353518854
0.68798828125,0.6819433963575239,0.5160838679678106
0.688232421875,0.6821288323258284,0.5161278005837358
0.6884765625,0.682314268294133,0.5161717331996609
0.688720703125,0.6824997042624376,0.5162156658155861
0.68896484375,0.6826851402307421,0.5162595984315113
0.689208984375,0.6828705761990467,0.5163035310474364
0.689453125,0.6830560121673512,0.5163474636633616
0.689697265625,0.6832414481356558,0.5163913962792868
0.68994140625,0.6834268841039604,0.5164353288952119
0.690185546875,0.6836123200722649,0.5164792615111371
0.6904296875,0.6837977560405695,0.5165231941270623
0.690673828125,0.683983192008874,0.5165671267429874
0.69091796875,0.6841686279771786,0.5166110593589126
0.691162109375,0.6843540639454831,0.5166549919748378
0.69140625,0.6845394999137877,0.5166989245907629
0.691650390625,0.6847249358820923,0.5167428572066881
0.69189453125,0.6849103718503968,0.5167867898226133
0.692138671875,0.6850958078187014,0.5168307224385384
0.6923828125,0.685281243787006,0.5168746550544636
0.692626953125,0.6854666797553105,0.5169185876703888
0.69287109375,0.6856521157236151,0.516962520286314
0.693115234375,0.6858375516919196,0.5170064529022391
0.693359375,0.6860229876602242,0.5170503855181643
0.693603515625,0.6862084236285287,0.5170943181340895
0.69384765625,0.6863938595968333,0.5171382507500146
0.694091796875,0.6865792955651379,0.5171821833659398
0.6943359375,0.6867647315334424,0.517226115981865
0.694580078125,0.686950167501747,0.5172700485977901
0.69482421875,0.6871356034700515,0.5173139812137153
0.695068359375,0.6873210394383561,0.5173579138296405
0.6953125,0.6875064754066607,0.5174018464455656
0.695556640625,0.6876919113749652,0.5174457790614908
0.69580078125,0.6878773473432698,0.517489711677416
0.696044921875,0.6880627833115743,0.5175336442933411
0.6962890625,0.6882482192798789,0.5175775769092663
0.696533203125,0.6884336552481835,0.5176215095251915
0.69677734375,0.688619091216488,0.5176654421411166
0.697021484375,0.6888045271847926,0.5177093747570418
0.697265625,0.6889899631530971,0.517753307372967
0.697509765625,0.6891753991214017,0.5177972399888922
0.69775390625,0.6893608350897062,0.5178411726048173
0.697998046875,0.6895462710580108,0.5178851052207425
0.6982421875,0.6897317070263154,0.5179290378366677
0.698486328125,0.6899171429946199,0.5179729704525928
0.69873046875,0.6901025789629245,0.518016903068518
0.698974609375,0.690288014931229,0.5180608356844432
0.69921875,0.6904734508995336,0.5181047683003683
0.699462890625,0.6906588868678382,0.5181487009162935
0.69970703125,0.6908443228361427,0.5181926335322187
0.699951171875,0.6910297588044473,0.5182365661481438
0.7001953125,0.6912151947727518,0.518280498764069
0.700439453125,0.6914006307410564,0.5183244313799942
0.70068359375,0.691586066709361,0.5183683639959193
0.700927734375,0.6917715026776655,0.5184122966118445
0.701171875,0.6919569386459701,0.5184562292277697
0.701416015625,0.6921423746142746,0.5185001618436949
0.70166015625,0.6923278105825792,0.51854409445962
0.701904296875,0.6925132465508838,0.5185880270755452
0.7021484375,0.6926986825191883,0.5186319596914704
0.702392578125,0.6928841184874929,0.5186758923073955
0.70263671875,0.6930695544557974,0.5187198249233207
0.702880859375,0.693254990424102,0.5187637575392459
0.703125,0.6934404263924066,0.518807690155171
0.703369140625,0.6936258623607111,0.5188516227710962
0.70361328125,0.6938112983290157,0.5188955553870214
0.703857421875,0.6939967342973202,0.5189394880029465
0.7041015625,0.6941821702656248,0.5189834206188717
0.704345703125,0.6943676062339293,0.5190273532347969
0.70458984375,0.6945530422022339,0.519071285850722
0.704833984375,0.6947384781705385,0.5191152184666472
0.705078125,0.694923914138843,0.5191591510825724
0.705322265625,0.6951093501071476,0.5192030836984975
0.70556640625,0.6952947860754521,0.5192470163144227
0.705810546875,0.6954802220437567,0.5192909489303479
0.7060546875,0.6956656580120613,0.519334881546273
0.706298828125,0.6958510939803658,0.5193788141621982
0.70654296875,0.6960365299486704,0.5194227467781234
0.706787109375,0.6962219659169749,0.5194666793940486
0.70703125,0.6964074018852795,0.5195106120099737
0.707275390625,0.6965928378535841,0.5195545446258989
0.70751953125,0.6967782738218886,0.5195984772418241
0.707763671875,0.6969637097901932,0.5196424098577492
0.7080078125,0.6971491457584977,0.5196863424736744
0.708251953125,0.6973345817268023,0.5197302750895996
0.70849609375,0.6975200176951069,0.5197742077055247
0.708740234375,0.6977054536634114,0.5198181403214499
0.708984375,0.697890889631716,0.5198620729373751
0.709228515625,0.6980763256000205,0.5199060055533002
0.70947265625,0.6982617615683251,0.5199499381692254
0.709716796875,0.6984471975366296,0.5199938707851506
0.7099609375,0.6986326335049342,0.5200378034010757
0.710205078125,0.6988180694732388,0.5200817360170009
0.71044921875,0.6990035054415433,0.5201256686329261
0.710693359375,0.6991889414098479,0.5201696012488513
0.7109375,0.6993743773781524,0.5202135338647764
0.711181640625,0.699559813346457,0.5202574664807016
0.71142578125,0.6997452493147616,0.5203013990966268
0.711669921875,0.6999306852830661,0.5203453317125519
0.7119140625,0.7001161212513707,0.5203892643284771
0.712158203125,0.7003015572196752,0.5204331969444023
0.71240234375,0.7004869931879798,0.5204771295603274
0.712646484375,0.700665745120288,0.5205211441922896
0.712890625,0.7008400410285986,0.5205652135016097
0.713134765625,0.7010143369369093,0.5206092828109298
0.71337890625,0.7011886328452199,0.5206533521202499
0.713623046875,0.7013629287535306,0.52069742142957
0.7138671875,0.7015372246618412,0.5207414907388901
0.714111328125,0.7017115205701518,0.5207855600482102
0.71435546875,0.7018858164784625,0.5208296293575303
0.714599609375,0.7020601123867731,0.5208736986668504
0.71484375,0.7022344082950838,0.5209177679761705
0.715087890625,0.7024087042033944,0.5209618372854906
0.71533203125,0.702583000111705,0.5210059065948107
0.715576171875,0.7027572960200157,0.5210499759041308
0.7158203125,0.7029315919283263,0.5210940452134509
0.716064453125,0.703105887836637,0.521138114522771
0.71630859375,0.7032801837449476,0.5211821838320911
0.716552734375,0.7034544796532582,0.5212262531414112
0.716796875,0.7036287755615689,0.5212703224507313
0.717041015625,0.7038030714698795,0.5213143917600515
0.71728515625,0.7039773673781902,0.5213584610693716
0.717529296875,0.7041516632865008,0.5214025303786917
0.7177734375,0.7043259591948114,0.5214465996880118
0.718017578125,0.7045002551031221,0.5214906689973319
0.71826171875,0.7046745510114327,0.521534738306652
0.718505859375,0.7048488469197434,0.5215788076159721
0.71875,0.705023142828054,0.5216228769252922
0.718994140625,0.7051974387363646,0.5216669462346123
0.71923828125,0.7053717346446753,0.5217110155439324
0.719482421875,0.7055460305529859,0.5217550848532525
0.7197265625,0.7057203264612966,0.5217991541625726
0.719970703125,0.7058946223696072,0.5218432234718927
0.72021484375,0.7060689182779178,0.5218872927812128
0.720458984375,0.7062432141862285,0.5219313620905329
0.720703125,0.7064175100945391,0.521975431399853
0.720947265625,0.7065918060028498,0.5220195007091731
0.72119140625,0.7067661019111604,0.5220635700184932
0.721435546875,0.706940397819471,0.5221076393278133
0.7216796875,0.7071146937277817,0.5221517086371334
0.721923828125,0.7072889896360923,0.5221957779464536
0.72216796875,0.707463285544403,0.5222398472557737
0.722412109375,0.7076375814527136,0.5222839165650938
0.72265625,0.7078118773610242,0.5223279858744139
0.722900390625,0.7079861732693349,0.522372055183734
0.72314453125,0.7081604691776455,0.5224161244930541
0.723388671875,0.7083347650859562,0.5224601938023742
0.7236328125,0.7085090609942668,0.5225042631116943
0.723876953125,0.7086833569025774,0.5225483324210144
0.72412109375,0.7088576528108881,0.5225924017303345
0.724365234375,0.7090319487191987,0.5226364710396546
0.724609375,0.7092062446275094,0.5226805403489747
0.724853515625,0.70938054053582,0.5227246096582948
0.72509765625,0.7095548364441306,0.5227686789676149
0.725341796875,0.7097291323524413,0.522812748276935
0.7255859375,0.7099034282607519,0.5228568175862551
0.725830078125,0.7100777241690626,0.5229008868955752
0.72607421875,0.7102520200773732,0.5229449562048953
0.726318359375,0.7104263159856838,0.5229890255142154
0.7265625,0.7106006118939945,0.5230330948235355
0.726806640625,0.7107749078023051,0.5230771641328557
0.72705078125,0.7109492037106158,0.5231212334421758
0.727294921875,0.7111234996189264,0.5231653027514959
0.7275390625,0.711297795527237,0.523209372060816
0.727783203125,0.7114720914355477,0.5232534413701361
0.72802734375,0.7116463873438583,0.5232975106794562
0.728271484375,0.711820683252169,0.5233415799887763
0.728515625,0.7119949791604796,0.5233856492980964
0.728759765625,0.7121692750687902,0.5234297186074165
0.72900390625,0.7123435709771009,0.5234737879167366
0.729248046875,0.7125178668854115,0.5235178572260567
0.7294921875,0.7126921627937222,0.5235619265353768
0.729736328125,0.7128664587020328,0.5236059958446969
0.72998046875,0.7130407546103434,0.523650065154017
0.730224609375,0.7132150505186541,0.5236941344633371
0.73046875,0.7133893464269647,0.5237382037726572
0.730712890625,0.7135636423352754,0.5237822730819773
0.73095703125,0.713737938243586,0.5238263423912974
0.731201171875,0.7139122341518966,0.5238704117006175
0.7314453125,0.7140865300602073,0.5239144810099376
0.731689453125,0.7142608259685179,0.5239585503192578
0.73193359375,0.7144351218768286,0.5240026196285779
0.732177734375,0.7146094177851392,0.524046688937898
0.732421875,0.7147837136934498,0.5240907582472181
0.732666015625,0.7149580096017605,0.5241348275565382
0.73291015625,0.7151323055100711,0.5241788968658583
0.733154296875,0.7153066014183818,0.5242229661751784
0.7333984375,0.7154808973266924,0.5242670354844985
0.733642578125,0.715655193235003,0.5243111047938186
0.73388671875,0.7158294891433137,0.5243551741031387
0.734130859375,0.7160037850516243,0.5243992434124588
0.734375,0.716178080959935,0.5244433127217789
0.734619140625,0.7163523768682456,0.524487382031099
0.73486328125,0.7165266727765562,0.5245314513404191
0.735107421875,0.7167009686848669,0.5245755206497392
0.7353515625,0.7168752645931775,0.5246195899590593
0.735595703125,0.7170495605014882,0.5246636592683794
0.73583984375,0.7172238564097988,0.5247077285776995
0.736083984375,0.7173981523181094,0.5247517978870196
0.736328125,0.7175724482264201,0.5247958671963397
0.736572265625,0.7177467441347307,0.5248399365056599
0.73681640625,0.7179210400430414,0.52488400581498
0.737060546875,0.718095335951352,0.5249280751243001
0.7373046875,0.7182696318596626,0.5249721444336202
0.737548828125,0.7184419665859848,0.525014377840473
0.73779296875,0.7186064565843534,0.5250492676374567
0.738037109375,0.7187709465827219,0.5250841574344405
0.73828125,0.7189354365810905,0.5251190472314242
0.738525390625,0.719099926579459,0.525153937028408
0.73876953125,0.7192644165778276,0.5251888268253917
0.739013671875,0.7194289065761961,0.5252237166223754
0.7392578125,0.7195933965745647,0.5252586064193592
0.739501953125,0.7197578865729332,0.5252934962163429
0.73974609375,0.7199223765713018,0.5253283860133267
0.739990234375,0.7200868665696702,0.5253632758103104
0.740234375,0.7202513565680388,0.5253981656072941
0.740478515625,0.7204158465664073,0.5254330554042779
0.74072265625,0.7205803365647759,0.5254679452012616
0.740966796875,0.7207448265631444,0.5255028349982453
0.7412109375,0.720909316561513,0.5255377247952291
0.741455078125,0.7210738065598815,0.5255726145922128
0.74169921875,0.7212382965582501,0.5256075043891966
0.741943359375,0.7214027865566186,0.5256423941861803
0.7421875,0.7215672765549872,0.525677283983164
0.742431640625,0.7217317665533557,0.5257121737801478
0.74267578125,0.7218962565517243,0.5257470635771315
0.742919921875,0.7220607465500928,0.5257819533741153
0.7431640625,0.7222252365484614,0.525816843171099
0.743408203125,0.7223897265468299,0.5258517329680827
0.74365234375,0.7225542165451985,0.5258866227650665
0.743896484375,0.722718706543567,0.5259215125620502
0.744140625,0.7228831965419356,0.525956402359034
0.744384765625,0.723047686540304,0.5259912921560177
0.74462890625,0.7232121765386726,0.5260261819530014
0.744873046875,0.7233766665370411,0.5260610717499852
0.7451171875,0.7235411565354097,0.5260959615469689
0.745361328125,0.7237056465337782,0.5261308513439527
0.74560546875,0.7238701365321468,0.5261657411409364
0.745849609375,0.7240346265305153,0.5262006309379201
0.74609375,0.7241991165288839,0.5262355207349039
0.746337890625,0.7243636065272524,0.5262704105318876
0.74658203125,0.724528096525621,0.5263053003288714
0.746826171875,0.7246925865239895,0.5263401901258551
0.7470703125,0.7248570765223581,0.5263750799228388
0.747314453125,0.7250215665207266,0.5264099697198226
0.74755859375,0.7251860565190952,0.5264448595168063
0.747802734375,0.7253505465174637,0.52647974931379
0.748046875,0.7255150365158323,0.5265146391107738
0.748291015625,0.7256795265142008,0.5265495289077575
0.74853515625,0.7258440165125694,0.5265844187047413
0.748779296875,0.7260085065109378,0.526619308501725
0.7490234375,0.7261729965093064,0.5266541982987087
0.749267578125,0.7263374865076749,0.5266890880956925
0.74951171875,0.7265019765060435,0.5267239778926762
0.749755859375,0.726666466504412,0.52675886768966
0.75,0.7268309565027806,0.5267937574866437
0.750244140625,0.7269954465011492,0.5268286472836274
0.75048828125,0.7271599364995177,0.5268635370806112
0.750732421875,0.7273244264978863,0.5268984268775949
0.7509765625,0.7274889164962548,0.5269333166745787
0.751220703125,0.7276534064946234,0.5269682064715624
0.75146484375,0.7278178964929919,0.5270030962685461
0.751708984375,0.7279823864913605,0.5270379860655299
0.751953125,0.728146876489729,0.5270728758625136
0.752197265625,0.7283113664880976,0.5271077656594974
0.75244140625,0.7284758564864661,0.5271426554564811
0.752685546875,0.7286403464848347,0.5271775452534648
0.7529296875,0.7288048364832032,0.5272124350504486
0.753173828125,0.7289693264815718,0.5272473248474323
0.75341796875,0.7291338164799402,0.527282214644416
0.753662109375,0.7292983064783088,0.5273171044413998
0.75390625,0.7294627964766773,0.5273519942383835
0.754150390625,0.7296272864750459,0.5273868840353673
0.75439453125,0.7297917764734144,0.527421773832351
0.754638671875,0.729956266471783,0.5274566636293347
0.7548828125,0.7301207564701515,0.5274915534263185
0.755126953125,0.7302852464685201,0.5275264432233022
0.75537109375,0.7304497364668886,0.527561333020286
0.755615234375,0.7306142264652572,0.5275962228172697
0.755859375,0.7307787164636257,0.5276311126142534
0.756103515625,0.7309432064619943,0.5276660024112372
0.75634765625,0.7311076964603628,0.5277008922082209
0.756591796875,0.7312721864587314,0.5277357820052047
0.7568359375,0.7314366764570999,0.5277706718021884
0.757080078125,0.7316011664554685,0.5278055615991721
0.75732421875,0.731765656453837,0.5278404513961559
0.757568359375,0.7319301464522056,0.5278753411931396
0.7578125,0.732094636450574,0.5279102309901234
0.758056640625,0.7322591264489426,0.5279451207871071
0.75830078125,0.7324236164473111,0.5279800105840908
0.758544921875,0.7325881064456797,0.5280149003810746
0.7587890625,0.7327525964440482,0.5280497901780583
0.759033203125,0.7329170864424168,0.528084679975042
0.75927734375,0.7330815764407853,0.5281195697720258
0.759521484375,0.7332460664391539,0.5281544595690095
0.759765625,0.7334105564375224,0.5281893493659933
0.760009765625,0.733575046435891,0.528224239162977
0.76025390625,0.7337395364342595,0.5282591289599607
0.760498046875,0.7339040264326281,0.5282940187569445
0.7607421875,0.7340685164309966,0.5283289085539282
0.760986328125,0.7342330064293652,0.528363798350912
0.76123046875,0.7343974964277337,0.5283986881478957
0.761474609375,0.7345619864261023,0.5284335779448794
0.76171875,0.7347264764244708,0.5284684677418632
0.761962890625,0.7348909664228394,0.5285033575388469
0.76220703125,0.7350554564212078,0.5285382473358307
0.762451171875,0.7352199464195764,0.5285731371328144
0.7626953125,0.7353769459529869,0.5285876536808778
0.762939453125,0.7355320728701579,0.5285970769167111
0.76318359375,0.7356871997873288,0.5286065001525444
0.763427734375,0.7358423267044998,0.5286159233883777
0.763671875,0.7359974536216707,0.528625346624211
0.763916015625,0.7361525805388417,0.5286347698600443
0.76416015625,0.7363077074560126,0.5286441930958776
0.764404296875,0.7364628343731836,0.5286536163317109
0.7646484375,0.7366179612903545,0.5286630395675442
0.764892578125,0.7367730882075255,0.5286724628033775
0.76513671875,0.7369282151246964,0.5286818860392108
0.765380859375,0.7370833420418674,0.5286913092750442
0.765625,0.7372384689590383,0.5287007325108775
0.765869140625,0.7373935958762093,0.5287101557467108
0.76611328125,0.7375487227933802,0.5287195789825441
0.766357421875,0.7377038497105513,0.5287290022183774
0.7666015625,0.7378589766277222,0.5287384254542107
0.766845703125,0.7380141035448932,0.528747848690044
0.76708984375,0.7381692304620641,0.5287572719258773
0.767333984375,0.7383243573792351,0.5287666951617106
0.767578125,0.738479484296406,0.5287761183975439
0.767822265625,0.738634611213577,0.5287855416333772
0.76806640625,0.7387897381307479,0.5287949648692105
0.768310546875,0.7389448650479189,0.5288043881050438
0.7685546875,0.7390999919650898,0.5288138113408771
0.768798828125,0.7392551188822608,0.5288232345767104
0.76904296875,0.7394102457994317,0.5288326578125437
0.769287109375,0.7395653727166027,0.528842081048377
0.76953125,0.7397204996337736,0.5288515042842103
0.769775390625,0.7398756265509446,0.5288609275200437
0.77001953125,0.7400307534681155,0.528870350755877
0.770263671875,0.7401858803852865,0.5288797739917103
0.7705078125,0.7403410073024574,0.5288891972275436
0.770751953125,0.7404961342196285,0.5288986204633769
0.77099609375,0.7406512611367994,0.5289080436992102
0.771240234375,0.7408063880539704,0.5289174669350435
0.771484375,0.7409615149711413,0.5289268901708768
0.771728515625,0.7411166418883123,0.5289363134067101
0.77197265625,0.7412717688054832,0.5289457366425434
0.772216796875,0.7414268957226542,0.5289551598783767
0.7724609375,0.7415820226398251,0.52896458311421
0.772705078125,0.7417371495569961,0.5289740063500433
0.77294921875,0.741892276474167,0.5289834295858766
0.773193359375,0.742047403391338,0.5289928528217099
0.7734375,0.7422025303085089,0.5290022760575432
0.773681640625,0.7423576572256799,0.5290116992933765
0.77392578125,0.7425127841428508,0.5290211225292099
0.774169921875,0.7426679110600218,0.5290305457650432
0.7744140625,0.7428230379771927,0.5290399690008765
0.774658203125,0.7429781648943637,0.5290493922367098
0.77490234375,0.7431332918115346,0.5290588154725431
0.775146484375,0.7432884187287057,0.5290682387083764
0.775390625,0.7434435456458766,0.5290776619442097
0.775634765625,0.7435986725630476,0.529087085180043
0.77587890625,0.7437537994802185,0.5290965084158763
0.776123046875,0.7439089263973895,0.5291059316517096
0.7763671875,0.7440640533145604,0.5291153548875429
0.776611328125,0.7442191802317314,0.5291247781233762
0.77685546875,0.7443743071489023,0.5291342013592095
0.777099609375,0.7445294340660733,0.5291436245950428
0.77734375,0.7446845609832442,0.5291530478308761
0.777587890625,0.7448396879004152,0.5291624710667094
0.77783203125,0.7449948148175861,0.5291718943025427
0.778076171875,0.7451499417347571,0.529181317538376
0.7783203125,0.745305068651928,0.5291907407742094
0.778564453125,0.745460195569099,0.5292001640100427
0.77880859375,0.7456153224862699,0.529209587245876
0.779052734375,0.745770449403441,0.5292190104817093
0.779296875,0.7459255763206118,0.5292284337175426
0.779541015625,0.7460807032377829,0.5292378569533759
0.77978515625,0.7462358301549538,0.5292472801892092
0.780029296875,0.7463909570721248,0.5292567034250425
0.7802734375,0.7465460839892957,0.5292661266608758
0.780517578125,0.7467012109064667,0.5292755498967091
0.78076171875,0.7468563378236376,0.5292849731325424
0.781005859375,0.7470114647408086,0.5292943963683757
0.78125,0.7471665916579795,0.529303819604209
0.781494140625,0.7473217185751505,0.5293132428400423
0.78173828125,0.7474768454923214,0.5293226660758756
0.781982421875,0.7476319724094924,0.5293320893117089
0.7822265625,0.7477870993266633,0.5293415125475422
0.782470703125,0.7479422262438343,0.5293509357833756
0.78271484375,0.7480973531610052,0.5293603590192089
0.782958984375,0.7482524800781762,0.5293697822550422
0.783203125,0.7484076069953471,0.5293792054908755
0.783447265625,0.7485627339125182,0.5293886287267088
0.78369140625,0.748717860829689,0.5293980519625421
0.783935546875,0.7488729877468601,0.5294074751983754
0.7841796875,0.749028114664031,0.5294168984342087
0.784423828125,0.749183241581202,0.529426321670042
0.78466796875,0.7493383684983729,0.5294357449058753
0.784912109375,0.7494934954155439,0.5294451681417086
0.78515625,0.7496486223327148,0.5294545913775419
0.785400390625,0.7498037492498858,0.5294640146133752
0.78564453125,0.7499588761670567,0.5294734378492085
0.785888671875,0.7501140030842277,0.5294828610850418
0.7861328125,0.7502691300013986,0.5294922843208751
0.786376953125,0.7504242569185696,0.5295017075567084
0.78662109375,0.7505793838357405,0.5295111307925418
0.786865234375,0.7507345107529115,0.5295205540283751
0.787109375,0.7508896376700824,0.5295299772642084
0.787353515625,0.7510447645872534,0.5295394005000417
0.78759765625,0.7511957294329796,0.5295283418329289
0.787841796875,0.7513404511715388,0.5294865603113968
0.7880859375,0.751485172910098,0.5294447787898648
0.788330078125,0.7516298946486571,0.5294029972683328
0.78857421875,0.7517746163872163,0.5293612157468008
0.788818359375,0.7519193381257755,0.5293194342252688
0.7890625,0.7520640598643347,0.5292776527037368
0.789306640625,0.7522087816028938,0.5292358711822048
0.78955078125,0.752353503341453,0.5291940896606728
0.789794921875,0.7524982250800122,0.5291523081391408
0.7900390625,0.7526429468185714,0.5291105266176088
0.790283203125,0.7527876685571305,0.5290687450960768
0.79052734375,0.7529323902956897,0.5290269635745448
0.790771484375,0.7530771120342489,0.5289851820530128
0.791015625,0.753221833772808,0.5289434005314808
0.791259765625,0.7533665555113672,0.5289016190099488
0.79150390625,0.7535112772499264,0.5288598374884168
0.791748046875,0.7536559989884856,0.5288180559668848
0.7919921875,0.7538007207270447,0.5287762744453528
0.792236328125,0.7539454424656039,0.5287344929238208
0.79248046875,0.7540901642041631,0.5286927114022888
0.792724609375,0.7542348859427223,0.5286509298807568
0.79296875,0.7543796076812814,0.5286091483592248
0.793212890625,0.7545243294198406,0.5285673668376928
0.79345703125,0.7546690511583998,0.5285255853161608
0.793701171875,0.754813772896959,0.5284838037946288
0.7939453125,0.7549584946355181,0.5284420222730968
0.794189453125,0.7551032163740773,0.5284002407515648
0.79443359375,0.7552479381126365,0.5283584592300328
0.794677734375,0.7553926598511956,0.5283166777085008
0.794921875,0.7555373815897548,0.5282748961869688
0.795166015625,0.755682103328314,0.5282331146654368
0.79541015625,0.7558268250668732,0.5281913331439048
0.795654296875,0.7559715468054323,0.5281495516223728
0.7958984375,0.7561162685439915,0.5281077701008408
0.796142578125,0.7562609902825507,0.5280659885793088
0.79638671875,0.7564057120211098,0.5280242070577768
0.796630859375,0.756550433759669,0.5279824255362447
0.796875,0.7566951554982282,0.5279406440147127
0.797119140625,0.7568398772367874,0.5278988624931807
0.79736328125,0.7569845989753465,0.5278570809716487
0.797607421875,0.7571293207139057,0.5278152994501167
0.7978515625,0.7572740424524649,0.5277735179285847
0.798095703125,0.757418764191024,0.5277317364070527
0.79833984375,0.7575634859295832,0.5276899548855207
0.798583984375,0.7577082076681424,0.5276481733639887
0.798828125,0.7578529294067016,0.5276063918424567
0.799072265625,0.7579976511452607,0.5275646103209247
0.79931640625,0.7581423728838199,0.5275228287993927
0.799560546875,0.7582870946223791,0.5274810472778607
0.7998046875,0.7584318163609383,0.5274392657563287
0.800048828125,0.7585765380994974,0.5273974842347967
0.80029296875,0.7587212598380566,0.5273557027132647
0.800537109375,0.7588659815766158,0.5273139211917327
0.80078125,0.759010703315175,0.5272721396702007
0.801025390625,0.7591554250537341,0.5272303581486687
0.80126953125,0.7593001467922933,0.5271885766271367
0.801513671875,0.7594448685308525,0.5271467951056047
0.8017578125,0.7595895902694116,0.5271050135840727
0.802001953125,0.7597343120079708,0.5270632320625407
0.80224609375,0.75987903374653,0.5270214505410087
0.802490234375,0.7600237554850892,0.5269796690194767
0.802734375,0.7601684772236483,0.5269378874979447
0.802978515625,0.7603131989622075,0.5268961059764127
0.80322265625,0.7604579207007667,0.5268543244548807
0.803466796875,0.7606026424393258,0.5268125429333487
0.8037109375,0.760747364177885,0.5267707614118167
0.803955078125,0.7608920859164442,0.5267289798902847
0.80419921875,0.7610368076550034,0.5266871983687527
0.804443359375,0.7611815293935625,0.5266454168472207
0.8046875,0.7613262511321217,0.5266036353256887
0.804931640625,0.7614709728706809,0.5265618538041567
0.80517578125,0.7616156946092401,0.5265200722826247
0.805419921875,0.7617604163477992,0.5264782907610926
0.8056640625,0.7619051380863584,0.5264365092395606
0.805908203125,0.7620498598249176,0.5263947277180286
0.80615234375,0.7621945815634767,0.5263529461964966
0.806396484375,0.7623393033020359,0.5263111646749646
0.806640625,0.7624840250405951,0.5262693831534326
0.806884765625,0.7626287467791543,0.5262276016319006
0.80712890625,0.7627734685177134,0.5261858201103686
0.807373046875,0.7629181902562726,0.5261440385888366
0.8076171875,0.7630629119948318,0.5261022570673046
0.807861328125,0.763207633733391,0.5260604755457726
0.80810546875,0.7633523554719501,0.5260186940242406
0.808349609375,0.7634970772105093,0.5259769125027086
0.80859375,0.7636417989490685,0.5259351309811766
0.808837890625,0.7637865206876276,0.5258933494596446
0.80908203125,0.7639312424261868,0.5258515679381126
0.809326171875,0.764075964164746,0.5258097864165806
0.8095703125,0.7642206859033052,0.5257680048950486
0.809814453125,0.7643654076418643,0.5257262233735166
0.81005859375,0.7645101293804235,0.5256844418519846
0.810302734375,0.7646548511189827,0.5256426603304526
0.810546875,0.7647995728575419,0.5256008788089206
0.810791015625,0.764944294596101,0.5255590972873886
0.81103515625,0.7650890163346602,0.5255173157658566
0.811279296875,0.7652337380732194,0.5254755342443246
0.8115234375,0.7653784598117785,0.5254337527227926
0.811767578125,0.7655231815503377,0.5253919712012606
0.81201171875,0.7656679032888969,0.5253501896797286
0.812255859375,0.7658126250274561,0.5253084081581966
0.8125,0.7659573467660152,0.5252666266366646
0.812744140625,0.7660889552885316,0.525136916773502
0.81298828125,0.7662205638110481,0.5250072069103395
0.813232421875,0.7663521723335645,0.524877497047177
0.8134765625,0.7664837808560809,0.5247477871840145
0.813720703125,0.7666153893785973,0.524618077320852
0.81396484375,0.7667469979011138,0.5244883674576895
0.814208984375,0.7668786064236301,0.5243586575945269
0.814453125,0.7670102149461466,0.5242289477313644
0.814697265625,0.767141823468663,0.5240992378682019
0.81494140625,0.7672734319911795,0.5239695280050394
0.815185546875,0.7674050405136958,0.5238398181418769
0.8154296875,0.7675366490362123,0.5237101082787143
0.815673828125,0.7676682575587287,0.5235803984155518
0.81591796875,0.7677998660812452,0.5234506885523893
0.816162109375,0.7679314746037615,0.5233209786892268
0.81640625,0.768063083126278,0.5231912688260643
0.816650390625,0.7681946916487944,0.5230615589629017
0.81689453125,0.7683263001713109,0.5229318490997392
0.817138671875,0.7684579086938272,0.5228021392365767
0.8173828125,0.7685895172163437,0.5226724293734142
0.817626953125,0.7687211257388601,0.5225427195102517
0.81787109375,0.7688527342613766,0.5224130096470891
0.818115234375,0.7689843427838929,0.5222832997839266
0.818359375,0.7691159513064094,0.5221535899207641
0.818603515625,0.7692475598289258,0.5220238800576016
0.81884765625,0.7693791683514423,0.5218941701944391
0.819091796875,0.7695107768739586,0.5217644603312765
0.8193359375,0.7696423853964751,0.521634750468114
0.819580078125,0.7697739939189915,0.5215050406049515
0.81982421875,0.769905602441508,0.521375330741789
0.820068359375,0.7700372109640243,0.5212456208786265
0.8203125,0.7701688194865408,0.521115911015464
0.820556640625,0.7703004280090572,0.5209862011523014
0.82080078125,0.7704320365315737,0.5208564912891389
0.821044921875,0.77056364505409,0.5207267814259764
0.8212890625,0.7706952535766065,0.5205970715628139
0.821533203125,0.7708268620991229,0.5204673616996514
0.82177734375,0.7709584706216394,0.5203376518364888
0.822021484375,0.7710900791441557,0.5202079419733263
0.822265625,0.7712216876666722,0.5200782321101638
0.822509765625,0.7713532961891886,0.5199485222470013
0.82275390625,0.771484904711705,0.5198188123838388
0.822998046875,0.7716165132342214,0.5196891025206762
0.8232421875,0.7717481217567379,0.5195593926575137
0.823486328125,0.7718797302792543,0.5194296827943512
0.82373046875,0.7720113388017708,0.5192999729311887
0.823974609375,0.7721429473242871,0.5191702630680262
0.82421875,0.7722745558468036,0.5190405532048636
0.824462890625,0.77240616436932,0.5189108433417011
0.82470703125,0.7725377728918364,0.5187811334785386
0.824951171875,0.7726693814143528,0.5186514236153761
0.8251953125,0.7728009899368693,0.5185217137522136
0.825439453125,0.7729325984593857,0.518392003889051
0.82568359375,0.7730642069819021,0.5182622940258885
0.825927734375,0.7731958155044185,0.518132584162726
0.826171875,0.773327424026935,0.5180028742995635
0.826416015625,0.7734590325494514,0.517873164436401
0.82666015625,0.7735906410719678,0.5177434545732384
0.826904296875,0.7737222495944842,0.5176137447100759
0.8271484375,0.7738538581170007,0.5174840348469134
0.827392578125,0.7739854666395171,0.5173543249837509
0.82763671875,0.7741170751620335,0.5172246151205884
0.827880859375,0.7742486836845499,0.5170949052574259
0.828125,0.7743802922070664,0.5169651953942633
0.828369140625,0.7745119007295828,0.5168354855311008
0.82861328125,0.7746435092520992,0.5167057756679383
0.828857421875,0.7747751177746156,0.5165760658047758
0.8291015625,0.7749067262971321,0.5164463559416133
0.829345703125,0.7750383348196485,0.5163166460784507
0.82958984375,0.7751699433421649,0.5161869362152882
0.829833984375,0.7753015518646813,0.5160572263521257
0.830078125,0.7754331603871978,0.5159275164889632
0.830322265625,0.7755647689097142,0.5157978066258007
0.83056640625,0.7756963774322306,0.5156680967626381
0.830810546875,0.775827985954747,0.5155383868994756
0.8310546875,0.7759595944772635,0.5154086770363131
0.831298828125,0.7760912029997799,0.5152789671731506
0.83154296875,0.7762228115222963,0.5151492573099881
0.831787109375,0.7763544200448127,0.5150195474468255
0.83203125,0.7764860285673292,0.514889837583663
0.832275390625,0.7766176370898455,0.5147601277205005
0.83251953125,0.776749245612362,0.514630417857338
0.832763671875,0.7768808541348784,0.5145007079941755
0.8330078125,0.7770124626573949,0.514370998131013
0.833251953125,0.7771440711799112,0.5142412882678504
0.83349609375,0.7772756797024277,0.5141115784046879
0.833740234375,0.7774072882249441,0.5139818685415254
0.833984375,0.7775388967474606,0.5138521586783629
0.834228515625,0.7776705052699769,0.5137224488152003
0.83447265625,0.7778021137924934,0.5135927389520378
0.834716796875,0.7779337223150098,0.5134630290888753
0.8349609375,0.7780653308375263,0.5133333192257128
0.835205078125,0.7781969393600426,0.5132036093625503
0.83544921875,0.7783285478825591,0.5130738994993878
0.835693359375,0.7784601564050755,0.5129441896362252
0.8359375,0.778591764927592,0.5128144797730627
0.836181640625,0.7787233734501083,0.5126847699099002
0.83642578125,0.7788549819726248,0.5125550600467377
0.836669921875,0.7789865904951412,0.5124253501835752
0.8369140625,0.7791181990176577,0.5122956403204126
0.837158203125,0.779249807540174,0.5121659304572501
0.83740234375,0.7793814160626905,0.5120362205940876
0.837646484375,0.7795027849515935,0.5118260657722815
0.837890625,0.7796173274180878,0.5115622809780462
0.838134765625,0.7797318698845819,0.5112984961838111
0.83837890625,0.7798464123510761,0.5110347113895758
0.838623046875,0.7799609548175702,0.5107709265953406
0.8388671875,0.7800754972840644,0.5105071418011053
0.839111328125,0.7801900397505586,0.5102433570068702
0.83935546875,0.7803045822170528,0.5099795722126349
0.839599609375,0.7804191246835469,0.5097157874183997
0.83984375,0.7805336671500411,0.5094520026241645
0.840087890625,0.7806482096165352,0.5091882178299293
0.84033203125,0.7807627520830295,0.508924433035694
0.840576171875,0.7808772945495236,0.5086606482414588
0.8408203125,0.7809918370160178,0.5083968634472236
0.841064453125,0.7811063794825119,0.5081330786529884
0.84130859375,0.7812209219490062,0.5078692938587531
0.841552734375,0.7813354644155003,0.507605509064518
0.841796875,0.7814500068819945,0.5073417242702827
0.842041015625,0.7815645493484886,0.5070779394760475
0.84228515625,0.7816790918149829,0.5068141546818122
0.842529296875,0.781793634281477,0.5065503698875771
0.8427734375,0.7819081767479712,0.5062865850933418
0.843017578125,0.7820227192144653,0.5060228002991066
0.84326171875,0.7821372616809595,0.5057590155048713
0.843505859375,0.7822518041474537,0.5054952307106362
0.84375,0.7823663466139479,0.5052314459164009
0.843994140625,0.782480889080442,0.5049676611221657
0.84423828125,0.7825954315469362,0.5047038763279305
0.844482421875,0.7827099740134303,0.5044400915336953
0.8447265625,0.7828245164799246,0.50417630673946
0.844970703125,0.7829390589464187,0.5039125219452248
0.84521484375,0.7830536014129129,0.5036487371509896
0.845458984375,0.783168143879407,0.5033849523567544
0.845703125,0.7832826863459013,0.5031211675625191
0.845947265625,0.7833972288123954,0.502857382768284
0.84619140625,0.7835117712788896,0.5025935979740487
0.846435546875,0.7836263137453837,0.5023298131798135
0.8466796875,0.783740856211878,0.5020660283855782
0.846923828125,0.7838553986783721,0.5018022435913431
0.84716796875,0.7839699411448663,0.5015384587971078
0.847412109375,0.7840844836113604,0.5012746740028726
0.84765625,0.7841990260778546,0.5010108892086373
0.847900390625,0.7843135685443487,0.5007471044144022
0.84814453125,0.784428111010843,0.5004833196201669
0.848388671875,0.7845426534773371,0.5002195348259317
0.8486328125,0.7846571959438313,0.4999557500316965
0.848876953125,0.7847717384103254,0.4996919652374613
0.84912109375,0.7848862808768197,0.49942818044322607
0.849365234375,0.7850008233433138,0.49916439564899084
0.849609375,0.785115365809808,0.4989006108547556
0.849853515625,0.7852299082763021,0.4986368260605204
0.85009765625,0.7853444507427964,0.4983730412662852
0.850341796875,0.7854589932092905,0.49810925647204995
0.8505859375,0.7855735356757847,0.49784547167781473
0.850830078125,0.7856880781422788,0.4975816868835795
0.85107421875,0.785802620608773,0.4973179020893443
0.851318359375,0.7859171630752672,0.49705411729510907
0.8515625,0.7860317055417614,0.49679033250087384
0.851806640625,0.7861462480082555,0.4965265477066386
0.85205078125,0.7862607904747497,0.4962627629124034
0.852294921875,0.7863753329412438,0.4959989781181682
0.8525390625,0.7864898754077381,0.49573519332393295
0.852783203125,0.7866044178742322,0.49547140852969773
0.85302734375,0.7867189603407264,0.4952076237354625
0.853271484375,0.7868335028072205,0.4949438389412273
0.853515625,0.7869480452737148,0.49468005414699207
0.853759765625,0.7870625877402089,0.49441626935275684
0.85400390625,0.7871771302067031,0.4941524845585216
0.854248046875,0.7872916726731972,0.4938886997642864
0.8544921875,0.7874062151396914,0.4936249149700512
0.854736328125,0.7875207576061856,0.49336113017581595
0.85498046875,0.7876353000726798,0.49309734538158073
0.855224609375,0.7877498425391739,0.4928335605873455
0.85546875,0.7878643850056681,0.4925697757931103
0.855712890625,0.7879789274721622,0.49230599099887506
0.85595703125,0.7880934699386565,0.49204220620463984
0.856201171875,0.7882080124051506,0.4917784214104046
0.8564453125,0.7883225548716448,0.4915146366161694
0.856689453125,0.7884370973381389,0.4912508518219342
0.85693359375,0.7885516398046332,0.49098706702769895
0.857177734375,0.7886661822711273,0.49072328223346373
0.857421875,0.7887807247376215,0.4904594974392285
0.857666015625,0.7888952672041156,0.4901957126449933
0.85791015625,0.7890098096706099,0.48993192785075806
0.858154296875,0.789124352137104,0.48966814305652284
0.8583984375,0.7892388946035982,0.4894043582622876
0.858642578125,0.7893534370700923,0.4891405734680524
0.85888671875,0.7894679795365865,0.4888767886738172
0.859130859375,0.7895825220030807,0.48861300387958195
0.859375,0.7896970644695749,0.48834921908534673
0.859619140625,0.789811606936069,0.4880854342911115
0.85986328125,0.7899261494025632,0.4878216494968763
0.860107421875,0.7900406918690573,0.48755786470264106
0.8603515625,0.7901552343355516,0.48729407990840584
0.860595703125,0.7902697768020457,0.4870302951141706
0.86083984375,0.7903843192685399,0.4867665103199354
0.861083984375,0.790498861735034,0.4865027255257002
0.861328125,0.7906134042015283,0.48623894073146495
0.861572265625,0.7907279466680224,0.48597515593722973
0.86181640625,0.7908424891345166,0.4857113711429945
0.862060546875,0.7909570316010107,0.4854475863487593
0.8623046875,0.791071574067505,0.48518380155452406
0.862548828125,0.7911818698734803,0.48488360746410686
0.86279296875,0.7912751790373802,0.4844377761889617
0.863037109375,0.7913684882012801,0.4839919449138166
0.86328125,0.7914617973651801,0.48354611363867145
0.863525390625,0.79155510652908,0.4831002823635263
0.86376953125,0.79164841569298,0.4826544510883812
0.864013671875,0.7917417248568799,0.48220861981323604
0.8642578125,0.7918350340207798,0.4817627885380909
0.864501953125,0.7919283431846798,0.48131695726294577
0.86474609375,0.7920216523485797,0.48087112598780063
0.864990234375,0.7921149615124796,0.4804252947126555
0.865234375,0.7922082706763796,0.47997946343751036
0.865478515625,0.7923015798402795,0.4795336321623652
0.86572265625,0.7923948890041794,0.4790878008872201
0.865966796875,0.7924881981680794,0.47864196961207495
0.8662109375,0.7925815073319793,0.4781961383369298
0.866455078125,0.7926748164958792,0.4777503070617847
0.86669921875,0.7927681256597792,0.47730447578663954
0.866943359375,0.7928614348236791,0.4768586445114944
0.8671875,0.792954743987579,0.47641281323634926
0.867431640625,0.793048053151479,0.4759669819612041
0.86767578125,0.7931413623153789,0.475521150686059
0.867919921875,0.7932346714792788,0.47507531941091385
0.8681640625,0.7933279806431788,0.4746294881357687
0.868408203125,0.7934212898070787,0.4741836568606236
0.86865234375,0.7935145989709786,0.47373782558547844
0.868896484375,0.7936079081348786,0.4732919943103333
0.869140625,0.7937012172987785,0.47284616303518817
0.869384765625,0.7937945264626785,0.47240033176004304
0.86962890625,0.7938878356265784,0.4719545004848979
0.869873046875,0.7939811447904783,0.47150866920975276
0.8701171875,0.7940744539543783,0.4710628379346076
0.870361328125,0.7941677631182782,0.4706170066594625
0.87060546875,0.7942610722821781,0.47017117538431735
0.870849609375,0.7943543814460781,0.4697253441091722
0.87109375,0.794447690609978,0.469279512834027
0.871337890625,0.7945409997738779,0.4688336815588819
0.87158203125,0.7946343089377779,0.46838785028373675
0.871826171875,0.7947276181016778,0.4679420190085916
0.8720703125,0.7948209272655777,0.4674961877334465
0.872314453125,0.7949142364294777,0.46705035645830134
0.87255859375,0.7950075455933776,0.4666045251831562
0.872802734375,0.7951008547572775,0.46615869390801107
0.873046875,0.7951941639211775,0.46571286263286593
0.873291015625,0.7952874730850774,0.4652670313577208
0.87353515625,0.7953807822489773,0.46482120008257566
0.873779296875,0.7954740914128773,0.4643753688074305
0.8740234375,0.7955674005767772,0.4639295375322854
0.874267578125,0.7956607097406772,0.46348370625714025
0.87451171875,0.7957540189045771,0.4630378749819951
0.874755859375,0.795847328068477,0.46259204370685
0.875,0.795940637232377,0.46214621243170484
0.875244140625,0.7960339463962769,0.4617003811565597
0.87548828125,0.7961272555601768,0.46125454988141457
0.875732421875,0.7962205647240768,0.46080871860626943
0.8759765625,0.7963138738879767,0.4603628873311243
0.876220703125,0.7964071830518766,0.45991705605597916
0.87646484375,0.7965004922157766,0.459471224780834
0.876708984375,0.7965938013796765,0.4590253935056889
0.876953125,0.7966871105435764,0.45857956223054375
0.877197265625,0.7967804197074764,0.4581337309553986
0.87744140625,0.7968737288713763,0.4576878996802535
0.877685546875,0.7969670380352762,0.45724206840510834
0.8779296875,0.7970603471991762,0.4567962371299632
0.878173828125,0.7971536563630761,0.45635040585481806
0.87841796875,0.797246965526976,0.4559045745796729
0.878662109375,0.797340274690876,0.4554587433045278
0.87890625,0.7974335838547759,0.45501291202938265
0.879150390625,0.7975268930186759,0.45456708075423746
0.87939453125,0.7976202021825758,0.4541212494790924
0.879638671875,0.7977135113464757,0.4536754182039472
0.8798828125,0.7978068205103757,0.4532295869288021
0.880126953125,0.7979001296742756,0.4527837556536569
0.88037109375,0.7979934388381755,0.4523379243785118
0.880615234375,0.7980867480020755,0.45189209310336664
0.880859375,0.7981800571659754,0.4514462618282215
0.881103515625,0.7982733663298753,0.45100043055307637
0.88134765625,0.7983666754937753,0.45055459927793123
0.881591796875,0.7984599846576752,0.4501087680027861
0.8818359375,0.7985532938215751,0.44966293672764096
0.882080078125,0.7986466029854751,0.4492171054524958
0.88232421875,0.798739912149375,0.4487712741773507
0.882568359375,0.7988332213132749,0.44832544290220555
0.8828125,0.7989265304771749,0.4478796116270604
0.883056640625,0.7990198396410748,0.4474337803519153
0.88330078125,0.7991131488049747,0.44698794907677014
0.883544921875,0.7992064579688747,0.446542117801625
0.8837890625,0.7992997671327746,0.44609628652647987
0.884033203125,0.7993930762966746,0.44565045525133473
0.88427734375,0.7994863854605745,0.4452046239761896
0.884521484375,0.7995796946244744,0.44475879270104446
0.884765625,0.7996730037883744,0.4443129614258993
0.885009765625,0.7997663129522743,0.4438671301507542
0.88525390625,0.7998596221161742,0.44342129887560905
0.885498046875,0.7999529312800742,0.4429754676004639
0.8857421875,0.8000462404439741,0.4425296363253188
0.885986328125,0.800139549607874,0.44208380505017364
0.88623046875,0.800232858771774,0.4416379737750285
0.886474609375,0.8003261679356739,0.44119214249988337
0.88671875,0.8004194770995738,0.44074631122473823
0.886962890625,0.8005127862634738,0.4403004799495931
0.88720703125,0.8006060954273737,0.43985464867444796
0.887451171875,0.8006994045912736,0.4394088173993028
0.8876953125,0.800773341601086,0.4387899410082806
0.887939453125,0.8008424355723766,0.4381278033382892
0.88818359375,0.8009115295436671,0.4374656656682978
0.888427734375,0.8009806235149576,0.4368035279983064
0.888671875,0.8010497174862481,0.436141390328315
0.888916015625,0.8011188114575386,0.4354792526583236
0.88916015625,0.8011879054288291,0.4348171149883322
0.889404296875,0.8012569994001196,0.4341549773183408
0.8896484375,0.8013260933714101,0.4334928396483494
0.889892578125,0.8013951873427007,0.432830701978358
0.89013671875,0.8014642813139912,0.4321685643083666
0.890380859375,0.8015333752852817,0.4315064266383752
0.890625,0.8016024692565722,0.4308442889683838
0.890869140625,0.8016715632278627,0.4301821512983924
0.89111328125,0.8017406571991532,0.429520013628401
0.891357421875,0.8018097511704437,0.4288578759584096
0.8916015625,0.8018788451417342,0.42819573828841817
0.891845703125,0.8019479391130248,0.42753360061842677
0.89208984375,0.8020170330843153,0.42687146294843537
0.892333984375,0.8020861270556058,0.42620932527844396
0.892578125,0.8021552210268963,0.42554718760845256
0.892822265625,0.8022243149981868,0.42488504993846116
0.89306640625,0.8022934089694773,0.42422291226846975
0.893310546875,0.8023625029407678,0.42356077459847835
0.8935546875,0.8024315969120583,0.42289863692848695
0.893798828125,0.8025006908833489,0.42223649925849555
0.89404296875,0.8025697848546394,0.42157436158850414
0.894287109375,0.8026388788259299,0.42091222391851274
0.89453125,0.8027079727972204,0.42025008624852134
0.894775390625,0.8027770667685109,0.41958794857852993
0.89501953125,0.8028461607398014,0.41892581090853853
0.895263671875,0.8029152547110919,0.41826367323854713
0.8955078125,0.8029843486823824,0.4176015355685557
0.895751953125,0.803053442653673,0.4169393978985643
0.89599609375,0.8031225366249635,0.4162772602285729
0.896240234375,0.803191630596254,0.4156151225585815
0.896484375,0.8032607245675445,0.4149529848885901
0.896728515625,0.803329818538835,0.4142908472185987
0.89697265625,0.8033989125101255,0.4136287095486073
0.897216796875,0.803468006481416,0.4129665718786159
0.8974609375,0.8035371004527065,0.4123044342086245
0.897705078125,0.8036061944239971,0.4116422965386331
0.89794921875,0.8036752883952876,0.4109801588686417
0.898193359375,0.8037443823665781,0.4103180211986503
0.8984375,0.8038134763378686,0.4096558835286589
0.898681640625,0.8038825703091591,0.4089937458586675
0.89892578125,0.8039516642804496,0.4083316081886761
0.899169921875,0.8040207582517401,0.4076694705186847
0.8994140625,0.8040898522230306,0.4070073328486933
0.899658203125,0.8041589461943212,0.4063451951787019
0.89990234375,0.8042280401656117,0.4056830575087105
0.900146484375,0.8042971341369022,0.4050209198387191
0.900390625,0.8043662281081927,0.40435878216872767
0.900634765625,0.8044353220794832,0.40369664449873627
0.90087890625,0.8045044160507737,0.40303450682874487
0.901123046875,0.8045735100220642,0.40237236915875346
0.9013671875,0.8046426039933547,0.40171023148876206
0.901611328125,0.8047116979646453,0.40104809381877066
0.90185546875,0.8047807919359358,0.40038595614877925
0.902099609375,0.8048498859072263,0.39972381847878785
0.90234375,0.8049189798785168,0.39906168080879645
0.902587890625,0.8049880738498073,0.39839954313880505
0.90283203125,0.8050571678210978,0.39773740546881364
0.903076171875,0.8051262617923883,0.3970752677988223
0.9033203125,0.8051953557636788,0.39641313012883084
0.903564453125,0.8052644497349694,0.3957509924588395
0.90380859375,0.8053335437062599,0.39508885478884803
0.904052734375,0.8054026376775504,0.3944267171188567
0.904296875,0.8054717316488409,0.3937645794488652
0.904541015625,0.8055408256201314,0.3931024417788739
0.90478515625,0.8056099195914219,0.3924403041088824
0.905029296875,0.8056790135627124,0.3917781664388911
0.9052734375,0.8057481075340029,0.3911160287688996
0.905517578125,0.8058172015052935,0.39045389109890827
0.90576171875,0.805886295476584,0.3897917534289168
0.906005859375,0.8059553894478745,0.38912961575892546
0.90625,0.806024483419165,0.38846747808893406
0.906494140625,0.8060935773904555,0.38780534041894266
0.90673828125,0.806162671361746,0.38714320274895125
0.906982421875,0.8062317653330365,0.38648106507895985
0.9072265625,0.806300859304327,0.38581892740896845
0.907470703125,0.8063699532756176,0.38515678973897705
0.90771484375,0.8064390472469081,0.38449465206898564
0.907958984375,0.8065081412181986,0.38383251439899424
0.908203125,0.8065772351894891,0.38317037672900284
0.908447265625,0.8066463291607796,0.38250823905901143
0.90869140625,0.8067154231320701,0.38184610138902003
0.908935546875,0.8067845171033606,0.38118396371902863
0.9091796875,0.8068536110746511,0.3805218260490372
0.909423828125,0.8069227050459417,0.3798596883790458
0.90966796875,0.8069917990172322,0.3791975507090544
0.909912109375,0.8070608929885227,0.378535413039063
0.91015625,0.8071299869598132,0.3778732753690716
0.910400390625,0.8071990809311037,0.3772111376990802
0.91064453125,0.8072681749023942,0.3765490000290888
0.910888671875,0.8073372688736847,0.3758868623590974
0.9111328125,0.8074063628449752,0.375224724689106
0.911376953125,0.8074754568162658,0.3745625870191146
0.91162109375,0.8075445507875563,0.3739004493491232
0.911865234375,0.8076136447588468,0.3732383116791318
0.912109375,0.8076827387301373,0.3725761740091404
0.912353515625,0.8077518327014278,0.371914036339149
0.91259765625,0.8078110522618025,0.3711653335178888
0.912841796875,0.8078554602058035,0.37028678296972534
0.9130859375,0.8078998681498044,0.3694082324215619
0.913330078125,0.8079442760938054,0.36852968187339846
0.91357421875,0.8079886840378063,0.367651131325235
0.913818359375,0.8080330919818073,0.3667725807770716
0.9140625,0.8080774999258082,0.36589403022890815
0.914306640625,0.8081219078698092,0.3650154796807447
0.91455078125,0.8081663158138102,0.3641369291325813
0.914794921875,0.8082107237578111,0.36325837858441784
0.9150390625,0.8082551317018121,0.3623798280362544
0.915283203125,0.808299539645813,0.36150127748809097
0.91552734375,0.808343947589814,0.36062272693992753
0.915771484375,0.8083883555338149,0.3597441763917641
0.916015625,0.8084327634778159,0.35886562584360066
0.916259765625,0.8084771714218169,0.3579870752954372
0.91650390625,0.8085215793658178,0.3571085247472738
0.916748046875,0.8085659873098188,0.35622997419911034
0.9169921875,0.8086103952538197,0.3553514236509469
0.917236328125,0.8086548031978207,0.35447287310278347
0.91748046875,0.8086992111418216,0.35359432255462003
0.917724609375,0.8087436190858226,0.3527157720064566
0.91796875,0.8087880270298236,0.35183722145829316
0.918212890625,0.8088324349738245,0.3509586709101297
0.91845703125,0.8088768429178255,0.3500801203619663
0.918701171875,0.8089212508618264,0.34920156981380285
0.9189453125,0.8089656588058274,0.3483230192656394
0.919189453125,0.8090100667498283,0.347444468717476
0.91943359375,0.8090544746938293,0.34656591816931254
0.919677734375,0.8090988826378303,0.3456873676211491
0.919921875,0.8091432905818312,0.34480881707298566
0.920166015625,0.8091876985258322,0.3439302665248222
0.92041015625,0.8092321064698331,0.3430517159766588
0.920654296875,0.8092765144138341,0.34217316542849535
0.9208984375,0.809320922357835,0.3412946148803319
0.921142578125,0.809365330301836,0.3404160643321685
0.92138671875,0.809409738245837,0.33953751378400504
0.921630859375,0.8094541461898379,0.3386589632358416
0.921875,0.8094985541338389,0.33778041268767817
0.922119140625,0.8095429620778398,0.33690186213951473
0.92236328125,0.8095873700218408,0.3360233115913513
0.922607421875,0.8096317779658417,0.33514476104318786
0.9228515625,0.8096761859098427,0.3342662104950244
0.923095703125,0.8097205938538437,0.333387659946861
0.92333984375,0.8097650017978446,0.33250910939869754
0.923583984375,0.8098094097418456,0.3316305588505341
0.923828125,0.8098538176858465,0.33075200830237067
0.924072265625,0.8098982256298475,0.32987345775420723
0.92431640625,0.8099426335738484,0.3289949072060438
0.924560546875,0.8099870415178494,0.32811635665788036
0.9248046875,0.8100314494618504,0.3272378061097169
0.925048828125,0.8100758574058513,0.3263592555615535
0.92529296875,0.8101202653498523,0.32548070501339005
0.925537109375,0.8101646732938532,0.3246021544652266
0.92578125,0.8102090812378542,0.3237236039170632
0.926025390625,0.8102534891818551,0.32284505336889974
0.92626953125,0.8102978971258561,0.3219665028207363
0.926513671875,0.810342305069857,0.32108795227257286
0.9267578125,0.810386713013858,0.3202094017244094
0.927001953125,0.810431120957859,0.319330851176246
0.92724609375,0.8104755289018599,0.31845230062808255
0.927490234375,0.8105199368458609,0.3175737500799191
0.927734375,0.8105643447898618,0.3166951995317557
0.927978515625,0.8106087527338628,0.31581664898359224
0.92822265625,0.8106531606778637,0.31493809843542886
0.928466796875,0.8106975686218647,0.3140595478872654
0.9287109375,0.8107419765658657,0.313180997339102
0.928955078125,0.8107863845098666,0.31230244679093855
0.92919921875,0.8108307924538676,0.3114238962427751
0.929443359375,0.8108752003978685,0.3105453456946117
0.9296875,0.8109196083418695,0.30966679514644824
0.929931640625,0.8109640162858704,0.3087882445982848
0.93017578125,0.8110084242298714,0.30790969405012136
0.930419921875,0.8110528321738724,0.3070311435019579
0.9306640625,0.8110972401178733,0.3061525929537945
0.930908203125,0.8111416480618743,0.30527404240563105
0.93115234375,0.8111860560058752,0.3043954918574676
0.931396484375,0.8112304639498762,0.3035169413093042
0.931640625,0.8112748718938771,0.30263839076114074
0.931884765625,0.8113192798378781,0.3017598402129773
0.93212890625,0.8113636877818791,0.30088128966481387
0.932373046875,0.81140809572588,0.30000273911665043
0.9326171875,0.811452503669881,0.299124188568487
0.932861328125,0.8114969116138819,0.29824563802032356
0.93310546875,0.8115413195578829,0.2973670874721601
0.933349609375,0.8115857275018838,0.2964885369239967
0.93359375,0.8116301354458848,0.29560998637583324
0.933837890625,0.8116745433898858,0.2947314358276698
0.93408203125,0.8117189513338867,0.29385288527950637
0.934326171875,0.8117633592778877,0.29297433473134293
0.9345703125,0.8118077672218886,0.2920957841831795
0.934814453125,0.8118521751658896,0.29121723363501606
0.93505859375,0.8118965831098905,0.2903386830868526
0.935302734375,0.8119409910538915,0.2894601325386892
0.935546875,0.8119853989978925,0.28858158199052575
0.935791015625,0.8120298069418934,0.2877030314423623
0.93603515625,0.8120742148858944,0.2868244808941989
0.936279296875,0.8121186228298953,0.28594593034603544
0.9365234375,0.8121630307738963,0.285067379797872
0.936767578125,0.8122074387178972,0.28418882924970856
0.93701171875,0.8122518466618982,0.2833102787015451
0.937255859375,0.8122962546058992,0.2824317281533817
0.9375,0.8123406625499001,0.28155317760521825
0.937744140625,0.8123632146105979,0.2805058321368209
0.93798828125,0.8123857666712957,0.27945848666842354
0.938232421875,0.8124083187319935,0.2784111412000262
0.9384765625,0.8124308707926913,0.27736379573162884
0.938720703125,0.8124534228533891,0.2763164502632315
0.93896484375,0.8124759749140869,0.27526910479483413
0.939208984375,0.8124985269747846,0.2742217593264368
0.939453125,0.8125210790354824,0.2731744138580394
0.939697265625,0.8125436310961802,0.27212706838964207
0.93994140625,0.812566183156878,0.2710797229212447
0.940185546875,0.8125887352175758,0.27003237745284736
0.9404296875,0.8126112872782736,0.26898503198445
0.940673828125,0.8126338393389714,0.26793768651605265
0.94091796875,0.8126563913996692,0.2668903410476553
0.941162109375,0.812678943460367,0.26584299557925795
0.94140625,0.8127014955210647,0.2647956501108606
0.941650390625,0.8127240475817625,0.26374830464246324
0.94189453125,0.8127465996424603,0.2627009591740659
0.942138671875,0.8127691517031581,0.26165361370566853
0.9423828125,0.8127917037638559,0.2606062682372712
0.942626953125,0.8128142558245537,0.2595589227688738
0.94287109375,0.8128368078852515,0.25851157730047647
0.943115234375,0.8128593599459493,0.2574642318320791
0.943359375,0.8128819120066471,0.25641688636368176
0.943603515625,0.8129044640673448,0.2553695408952844
0.94384765625,0.8129270161280426,0.25432219542688705
0.944091796875,0.8129495681887404,0.2532748499584897
0.9443359375,0.8129721202494382,0.25222750449009235
0.944580078125,0.812994672310136,0.251180159021695
0.94482421875,0.8130172243708338,0.25013281355329764
0.945068359375,0.8130397764315316,0.2490854680849003
0.9453125,0.8130623284922294,0.24803812261650296
0.945556640625,0.8130848805529272,0.2469907771481056
0.94580078125,0.813107432613625,0.24594343167970825
0.946044921875,0.8131299846743227,0.2448960862113109
0.9462890625,0.8131525367350205,0.24384874074291354
0.946533203125,0.8131750887957183,0.2428013952745162
0.94677734375,0.8131976408564161,0.24175404980611884
0.947021484375,0.8132201929171139,0.24070670433772148
0.947265625,0.8132427449778117,0.23965935886932413
0.947509765625,0.8132652970385095,0.23861201340092678
0.94775390625,0.8132878490992073,0.23756466793252942
0.947998046875,0.813310401159905,0.23651732246413207
0.9482421875,0.8133329532206028,0.23546997699573474
0.948486328125,0.8133555052813006,0.2344226315273374
0.94873046875,0.8133780573419984,0.23337528605894003
0.948974609375,0.8134006094026962,0.23232794059054268
0.94921875,0.813423161463394,0.23128059512214533
0.949462890625,0.8134457135240918,0.23023324965374797
0.94970703125,0.8134682655847896,0.22918590418535062
0.949951171875,0.8134908176454874,0.22813855871695327
0.9501953125,0.8135133697061852,0.2270912132485559
0.950439453125,0.8135359217668829,0.22604386778015856
0.95068359375,0.8135584738275807,0.2249965223117612
0.950927734375,0.8135810258882785,0.22394917684336385
0.951171875,0.8136035779489763,0.2229018313749665
0.951416015625,0.8136261300096741,0.22185448590656914
0.95166015625,0.8136486820703719,0.2208071404381718
0.951904296875,0.8136712341310697,0.21975979496977444
0.9521484375,0.8136937861917675,0.21871244950137708
0.952392578125,0.8137163382524653,0.21766510403297973
0.95263671875,0.813738890313163,0.21661775856458237
0.952880859375,0.8137614423738608,0.21557041309618502
0.953125,0.8137839944345586,0.21452306762778767
0.953369140625,0.8138065464952564,0.2134757221593903
0.95361328125,0.8138290985559542,0.21242837669099296
0.953857421875,0.813851650616652,0.2113810312225956
0.9541015625,0.8138742026773498,0.21033368575419825
0.954345703125,0.8138967547380476,0.2092863402858009
0.95458984375,0.8139193067987454,0.20823899481740354
0.954833984375,0.8139418588594431,0.2071916493490062
0.955078125,0.8139644109201409,0.20614430388060884
0.955322265625,0.8139869629808387,0.20509695841221148
0.95556640625,0.8140095150415365,0.20404961294381413
0.955810546875,0.8140320671022343,0.20300226747541678
0.9560546875,0.8140546191629321,0.20195492200701942
0.956298828125,0.8140771712236299,0.20090757653862207
0.95654296875,0.8140997232843277,0.19986023107022471
0.956787109375,0.8141222753450255,0.19881288560182736
0.95703125,0.8141448274057232,0.19776554013343
0.957275390625,0.814167379466421,0.19671819466503265
0.95751953125,0.8141899315271188,0.1956708491966353
0.957763671875,0.8142124835878166,0.19462350372823795
0.9580078125,0.8142350356485144,0.1935761582598406
0.958251953125,0.8142575877092122,0.19252881279144324
0.95849609375,0.81428013976991,0.19148146732304588
0.958740234375,0.8143026918306078,0.19043412185464853
0.958984375,0.8143252438913056,0.1893867763862512
0.959228515625,0.8143477959520034,0.18833943091785385
0.95947265625,0.8143703480127011,0.1872920854494565
0.959716796875,0.8143929000733989,0.18624473998105914
0.9599609375,0.8144154521340967,0.1851973945126618
0.960205078125,0.8144380041947945,0.18415004904426444
0.96044921875,0.8144605562554923,0.18310270357586708
0.960693359375,0.8144831083161901,0.18205535810746973
0.9609375,0.8145056603768879,0.18100801263907237
0.961181640625,0.8145282124375857,0.17996066717067502
0.96142578125,0.8145507644982835,0.17891332170227767
0.961669921875,0.8145733165589812,0.1778659762338803
0.9619140625,0.814595868619679,0.17681863076548296
0.962158203125,0.8146184206803768,0.1757712852970856
0.96240234375,0.8146409727410746,0.17472393982868825
0.962646484375,0.8146541040889114,0.17362587327962692
0.962890625,0.8146609549615076,0.17249399267678955
0.963134765625,0.8146678058341037,0.1713621120739522
0.96337890625,0.8146746567066999,0.17023023147111482
0.963623046875,0.814681507579296,0.16909835086827746
0.9638671875,0.8146883584518922,0.1679664702654401
0.964111328125,0.8146952093244884,0.16683458966260273
0.96435546875,0.8147020601970846,0.16570270905976536
0.964599609375,0.8147089110696807,0.164570828456928
0.96484375,0.8147157619422769,0.16343894785409063
0.965087890625,0.814722612814873,0.16230706725125327
0.96533203125,0.8147294636874692,0.1611751866484159
0.965576171875,0.8147363145600653,0.16004330604557854
0.9658203125,0.8147431654326616,0.15891142544274117
0.966064453125,0.8147500163052577,0.1577795448399038
0.96630859375,0.8147568671778539,0.15664766423706644
0.966552734375,0.81476371805045,0.15551578363422908
0.966796875,0.8147705689230462,0.1543839030313917
0.967041015625,0.8147774197956423,0.15325202242855435
0.96728515625,0.8147842706682386,0.15212014182571698
0.967529296875,0.8147911215408347,0.15098826122287962
0.9677734375,0.8147979724134309,0.14985638062004225
0.968017578125,0.814804823286027,0.1487245000172049
0.96826171875,0.8148116741586232,0.14759261941436755
0.968505859375,0.8148185250312193,0.14646073881153018
0.96875,0.8148253759038155,0.14532885820869282
0.968994140625,0.8148322267764116,0.14419697760585545
0.96923828125,0.8148390776490079,0.1430650970030181
0.969482421875,0.814845928521604,0.14193321640018072
0.9697265625,0.8148527793942002,0.14080133579734336
0.969970703125,0.8148596302667963,0.139669455194506
0.97021484375,0.8148664811393925,0.13853757459166863
0.970458984375,0.8148733320119886,0.13740569398883126
0.970703125,0.8148801828845849,0.1362738133859939
0.970947265625,0.814887033757181,0.13514193278315653
0.97119140625,0.8148938846297772,0.13401005218031917
0.971435546875,0.8149007355023733,0.1328781715774818
0.9716796875,0.8149075863749695,0.13174629097464444
0.971923828125,0.8149144372475656,0.13061441037180707
0.97216796875,0.8149212881201618,0.1294825297689697
0.972412109375,0.814928138992758,0.12835064916613234
0.97265625,0.8149349898653542,0.12721876856329498
0.972900390625,0.8149418407379503,0.1260868879604576
0.97314453125,0.8149486916105465,0.12495500735762026
0.973388671875,0.8149555424831426,0.1238231267547829
0.9736328125,0.8149623933557388,0.12269124615194553
0.973876953125,0.8149692442283349,0.12155936554910816
0.97412109375,0.8149760951009312,0.1204274849462708
0.974365234375,0.8149829459735273,0.11929560434343343
0.974609375,0.8149897968461235,0.11816372374059608
0.974853515625,0.8149966477187196,0.11703184313775872
0.97509765625,0.8150034985913158,0.11589996253492135
0.975341796875,0.8150103494639119,0.11476808193208399
0.9755859375,0.8150172003365082,0.11363620132924662
0.975830078125,0.8150240512091043,0.11250432072640926
0.97607421875,0.8150309020817005,0.11137244012357189
0.976318359375,0.8150377529542966,0.11024055952073453
0.9765625,0.8150446038268928,0.10910867891789716
0.976806640625,0.8150514546994889,0.1079767983150598
0.97705078125,0.8150583055720851,0.10684491771222243
0.977294921875,0.8150651564446812,0.10571303710938507
0.9775390625,0.8150720073172775,0.1045811565065477
0.977783203125,0.8150788581898736,0.10344927590371034
0.97802734375,0.8150857090624698,0.10231739530087297
0.978271484375,0.8150925599350659,0.1011855146980356
0.978515625,0.8150994108076621,0.10005363409519825
0.978759765625,0.8151062616802582,0.09892175349236089
0.97900390625,0.8151131125528545,0.09778987288952352
0.979248046875,0.8151199634254506,0.09665799228668616
0.9794921875,0.8151268142980468,0.0955261116838488
0.979736328125,0.8151336651706429,0.09439423108101143
0.97998046875,0.8151405160432391,0.09326235047817406
0.980224609375,0.8151473669158352,0.0921304698753367
0.98046875,0.8151542177884314,0.09099858927249933
0.980712890625,0.8151610686610276,0.08986670866966197
0.98095703125,0.8151679195336238,0.0887348280668246
0.981201171875,0.8151747704062199,0.08760294746398724
0.9814453125,0.8151816212788161,0.08647106686114987
0.981689453125,0.8151884721514122,0.08533918625831252
0.98193359375,0.8151953230240084,0.08420730565547516
0.982177734375,0.8152021738966045,0.08307542505263779
0.982421875,0.8152090247692008,0.08194354444980043
0.982666015625,0.8152158756417969,0.08081166384696306
0.98291015625,0.8152227265143931,0.0796797832441257
0.983154296875,0.8152295773869892,0.07854790264128833
0.9833984375,0.8152364282595854,0.07741602203845097
0.983642578125,0.8152432791321815,0.0762841414356136
0.98388671875,0.8152501300047778,0.07515226083277624
0.984130859375,0.8152569808773739,0.07402038022993887
0.984375,0.8152638317499701,0.0728884996271015
0.984619140625,0.8152706826225662,0.07175661902426414
0.98486328125,0.8152775334951624,0.07062473842142679
0.985107421875,0.8152843843677585,0.06949285781858942
0.9853515625,0.8152912352403547,0.06836097721575206
0.985595703125,0.8152980861129508,0.0672290966129147
0.98583984375,0.8153049369855471,0.06609721601007733
0.986083984375,0.8153117878581432,0.06496533540723996
0.986328125,0.8153186387307394,0.0638334548044026
0.986572265625,0.8153254896033355,0.06270157420156523
0.98681640625,0.8153323404759317,0.06156969359872787
0.987060546875,0.8153391913485278,0.0604378129958905
0.9873046875,0.8153460422211241,0.05930593239305314
0.987548828125,0.815351522919201,0.05817230123925675
0.98779296875,0.815351522919201,0.05703166788162426
0.988037109375,0.815351522919201,0.05589103452399178
0.98828125,0.815351522919201,0.05475040116635929
0.988525390625,0.815351522919201,0.0536097678087268
0.98876953125,0.815351522919201,0.05246913445109432
0.989013671875,0.815351522919201,0.051328501093461834
0.9892578125,0.815351522919201,0.05018786773582935
0.989501953125,0.815351522919201,0.049047234378196865
0.98974609375,0.815351522919201,0.04790660102056438
0.989990234375,0.815351522919201,0.046765967662931895
0.990234375,0.815351522919201,0.04562533430529941
0.990478515625,0.815351522919201,0.044484700947666926
0.99072265625,0.815351522919201,0.04334406759003444
0.990966796875,0.815351522919201,0.04220343423240196
0.9912109375,0.815351522919201,0.04106280087476947
0.991455078125,0.815351522919201,0.03992216751713698
0.99169921875,0.815351522919201,0.0387815341595045
0.991943359375,0.815351522919201,0.03764090080187201
0.9921875,0.815351522919201,0.03650026744423952
0.992431640625,0.815351522919201,0.03535963408660704
0.99267578125,0.815351522919201,0.03421900072897456
0.992919921875,0.815351522919201,0.033078367371342066
0.9931640625,0.815351522919201,0.031937734013709584
0.993408203125,0.815351522919201,0.0307971006560771
0.99365234375,0.815351522919201,0.029656467298444615
0.993896484375,0.815351522919201,0.02851583394081213
0.994140625,0.815351522919201,0.027375200583179646
0.994384765625,0.815351522919201,0.026234567225547158
0.99462890625,0.815351522919201,0.025093933867914676
0.994873046875,0.815351522919201,0.02395330051028219
0.9951171875,0.815351522919201,0.0228126671526497
0.995361328125,0.815351522919201,0.02167203379501722
0.99560546875,0.815351522919201,0.02053140043738473
0.995849609375,0.815351522919201,0.01939076707975225
0.99609375,0.815351522919201,0.01825013372211976
0.996337890625,0.815351522919201,0.017109500364487273
0.99658203125,0.815351522919201,0.015968867006854792
0.996826171875,0.815351522919201,0.014828233649222304
0.9970703125,0.815351522919201,0.013687600291589823
0.997314453125,0.815351522919201,0.012546966933957335
0.99755859375,0.815351522919201,0.011406333576324847
0.997802734375,0.815351522919201,0.010265700218692365
0.998046875,0.815351522919201,0.009125066861059877
0.998291015625,0.815351522919201,0.007984433503427396
0.99853515625,0.815351522919201,0.006843800145794908
0.998779296875,0.815351522919201,0.00570316678816242
0.9990234375,0.815351522919201,0.004562533430529939
0.999267578125,0.815351522919201,0.0034219000728974505
0.99951171875,0.815351522919201,0.0022812667152649693
0.999755859375,0.815351522919201,0.0011406333576324812
1.0,0.815351522919201,0.0
