/*--------------------------------*- C++ -*----------------------------------*\
  =========                 |
  \\      /  F ield         | OpenFOAM: The Open Source CFD Toolbox
   \\    /   O peration     | Website:  https://openfoam.org
    \\  /    A nd           | Version:  13
     \\/     M anipulation  |
\*---------------------------------------------------------------------------*/
FoamFile
{
    format      ascii;
    class       volVectorField;
    location    "0.032778746640202423";
    object      U_0;
}
// * * * * * * * * * * * * * * * * * * * * * * * * * * * * * * * * * * * * * //

dimensions      [0 1 -1 0 0 0 0];

internalField   nonuniform List<vector> 
12735
(
(-8.1449809498137995e-05 7.9046327463918451e-05 0)
(-0.00018974073936053919 6.6675164949097761e-06 0)
(-0.00017093089351267123 -1.640613299796527e-05 0)
(-0.00012925747880378107 -1.5173224107458623e-05 0)
(-9.7163832651940728e-05 -1.0264910301492765e-05 0)
(-7.6246091452171697e-05 -6.6540441904116035e-06 0)
(-6.2426723412885505e-05 -4.4627528804959192e-06 0)
(-5.2811868864379295e-05 -3.1557209208045201e-06 0)
(-4.5772573151773473e-05 -2.3427504150997661e-06 0)
(-4.0396935302528458e-05 -1.8090982730054906e-06 0)
(-3.6154288941960751e-05 -1.4412111181229148e-06 0)
(-3.2717991955877755e-05 -1.1768154460147342e-06 0)
(-2.9875794908407789e-05 -9.7986137398460687e-07 0)
(-2.7483991229701666e-05 -8.2902667304072556e-07 0)
(-2.5442696399799451e-05 -7.1090722291437883e-07 0)
(-2.3679661378193383e-05 -6.1657212311519801e-07 0)
(-2.2141425453205266e-05 -5.3975872335062091e-07 0)
(-2.0787256148976307e-05 -4.766494880967712e-07 0)
(-1.9586167969258567e-05 -4.2422893631391876e-07 0)
(-1.8513653549657322e-05 -3.7982422338597051e-07 0)
(-1.7549805083463584e-05 -3.4198268837304168e-07 0)
(-1.6679140038065234e-05 -3.0953661549903757e-07 0)
(-1.5888889550414524e-05 -2.8147396292872527e-07 0)
(-1.5168499064338217e-05 -2.570229855624179e-07 0)
(-1.4509216225348474e-05 -2.3557772484835683e-07 0)
(-1.3903703968494882e-05 -2.1666853401442068e-07 0)
(-1.3345759658901209e-05 -1.9990330560883284e-07 0)
(-1.2830126617521593e-05 -1.8495674770130012e-07 0)
(-1.2352313644086339e-05 -1.7157385452275985e-07 0)
(-1.1908436615589783e-05 -1.5953521505204598e-07 6.5885624669032486e-31)
(-1.1495098280720233e-05 -1.4866926004779781e-07 6.1322427592182131e-31)
(-1.110947718345543e-05 -1.388685586858937e-07 0)
(-1.0749030634767834e-05 -1.2991147829375546e-07 0)
(-1.0411439671057648e-05 -1.2173281027068277e-07 0)
(-1.0094783640158303e-05 -1.1425364342169774e-07 0)
(-9.7973305977003431e-06 -1.0738780483814376e-07 0)
(-9.5175381298768295e-06 -1.0106470402291748e-07 0)
(-9.2540346188583915e-06 -9.5225914538207383e-08 0)
(-9.0055938866055895e-06 -8.9820923349551127e-08 0)
(-8.7711176199625736e-06 -8.4804710324590918e-08 0)
(-8.5496205472483242e-06 -8.0137245035260566e-08 -3.2769964684598681e-31)
(-8.3402164568997537e-06 -7.5784048523134021e-08 -3.0971292744099852e-31)
(-8.1421053638284503e-06 -7.1714918163352843e-08 0)
(-7.9545629019010999e-06 -6.790325748043251e-08 0)
(-7.7769372166452472e-06 -6.4321358312997056e-08 0)
(-7.6086338095541048e-06 -6.0954031991179331e-08 0)
(-7.4491075730280078e-06 -5.7779550249562886e-08 0)
(-7.2978657114630143e-06 -5.4780533887394351e-08 -2.2322476226317508e-31)
(-7.1544586140258225e-06 -5.1941930004295801e-08 -2.1157422107031762e-31)
(-7.0184749722598376e-06 -4.9250083485650328e-08 -2.0053503755753257e-31)
(-6.8895382739419643e-06 -4.6692631683453532e-08 -1.9005515231734992e-31)
(-6.7673035167459726e-06 -4.4258384518167682e-08 0)
(-6.6514542398308854e-06 -4.1937195631557513e-08 -3.411805344690034e-31)
(-6.5416998907029651e-06 -3.9719843584798482e-08 -3.2304892651962306e-31)
(-6.437773496156303e-06 -3.7597921651289425e-08 0)
(-6.339429613925638e-06 -3.5563730096073243e-08 0)
(-6.2464425788753832e-06 -3.3610162848751623e-08 0)
(-6.1586051915619357e-06 -3.1730550340042637e-08 -1.2890370385183926e-31)
(-6.075727928176773e-06 -2.9918277350748173e-08 -1.2150179186532962e-31)
(-5.9976334385576547e-06 -2.8167817157523798e-08 0)
(-5.9241435090216298e-06 -2.6475903825988861e-08 0)
(-5.8551370582948264e-06 -2.4851248358143955e-08 0)
(-5.7904788532745227e-06 -2.3259879450903599e-08 0)
(-5.7300149386860416e-06 -2.171460968292276e-08 0)
(-5.6736431909051915e-06 -2.0212485437777678e-08 0)
(-5.6212591890766996e-06 -1.874824349597435e-08 0)
(-5.5727660064859385e-06 -1.731832687462641e-08 0)
(-5.5280756708082885e-06 -1.5919639962719457e-08 0)
(-5.4871083640473176e-06 -1.4549254592559565e-08 0)
(-5.4497919066813905e-06 -1.3204393379512379e-08 0)
(-5.4160613741770591e-06 -1.1882416731677321e-08 0)
(-5.3858587550902454e-06 -1.0580806486592552e-08 0)
(-5.3591326472617192e-06 -9.2971508972483512e-09 0)
(-5.3358379918488965e-06 -8.029130748424009e-09 5.3061771680458885e-43)
(-5.3159358428519233e-06 -6.7745062283283726e-09 5.292708618047208e-43)
(-5.2993931703324232e-06 -5.5311043108727517e-09 0)
(-5.2861826963941221e-06 -4.2968059533599925e-09 0)
(-5.2762827664852391e-06 -3.069531585548854e-09 0)
(-5.2696772638263941e-06 -1.8472107770435703e-09 0)
(-5.266355504692693e-06 -6.2770480304480023e-10 0)
(-5.2663116860330353e-06 5.9112860785232751e-10 0)
(-5.2695457923501458e-06 1.8106009322093005e-09 0)
(-5.276063576052623e-06 3.0328747678871591e-09 0)
(-5.2858756589746301e-06 4.260089625773436e-09 0)
(-5.2989981061534808e-06 5.4943126948884497e-09 0)
(-5.3154525217345218e-06 6.7376222177176446e-09 0)
(-5.3352661323372478e-06 7.9921366001366058e-09 0)
(-5.358471916053229e-06 9.2600285567258269e-09 0)
(-5.3851087665691004e-06 1.0543537674440475e-08 0)
(-5.4152216899936701e-06 1.1844983035258482e-08 0)
(-5.4488620354631746e-06 1.3166776431192358e-08 0)
(-5.4860877616618832e-06 1.4511436373363446e-08 0)
(-5.5269637416769685e-06 1.5881603598822064e-08 0)
(-5.5715621061586413e-06 1.7280058426996421e-08 0)
(-5.6199626305816005e-06 1.8709733723149264e-08 0)
(-5.6722532993100471e-06 2.0173734051799354e-08 0)
(-5.7285312819741588e-06 2.1675740336234895e-08 0)
(-5.7889007507967634e-06 2.3221698159618506e-08 0)
(-5.8534577737019946e-06 2.481346115657725e-08 0)
(-5.9223667045230468e-06 2.6433460706728336e-08 0)
(-5.9957629366476554e-06 2.8125887760888674e-08 0)
(-6.0737569349943159e-06 2.9876884246659653e-08 0)
(-6.1565330620477025e-06 3.1689309442224344e-08 0)
(-6.2442687082360936e-06 3.3568372761298184e-08 0)
(-6.3371524255544777e-06 3.5521345972669445e-08 0)
(-6.4353913576759367e-06 3.7554975960512535e-08 0)
(-6.5392112018166561e-06 3.967634987125754e-08 0)
(-6.6488573809306376e-06 4.1893144275736213e-08 0)
(-6.7645968064295711e-06 4.4213753975463589e-08 0)
(-6.8867199496470975e-06 4.6647395867557771e-08 0)
(-7.0155431830003537e-06 4.9204215313790979e-08 0)
(-7.1514114184971113e-06 5.189540290768159e-08 0)
(-7.2947010786916826e-06 5.4733322482706939e-08 0)
(-7.445823385321407e-06 5.7731630444971036e-08 0)
(-7.6052278503583158e-06 6.0905371450337505e-08 0)
(-7.7734070513322244e-06 6.4271854178301873e-08 0)
(-7.9509062549226971e-06 6.7853160161704417e-08 0)
(-8.1383199239281415e-06 7.1663979645438089e-08 0)
(-8.33629958607362e-06 7.5732302155902399e-08 0)
(-8.5455696278549375e-06 8.0084702569658823e-08 0)
(-8.7669300059213289e-06 8.475138072690572e-08 0)
(-9.0012668968175984e-06 8.9766819048836377e-08 0)
(-9.2495655234210125e-06 9.5171029091401444e-08 0)
(-9.512924225305923e-06 1.0100913464224464e-07 0)
(-9.7925691672182022e-06 1.0733153704332113e-07 0)
(-1.00898720789352e-05 1.14196806164318e-07 0)
(-1.0406375913826615e-05 1.2167568195975293e-07 0)
(-1.0743812493210915e-05 1.2985511741128711e-07 0)
(-1.1104097988106994e-05 1.3881287607057549e-07 0)
(-1.1489560619991724e-05 1.4860964248464393e-07 6.1341424654155801e-31)
(-1.1902743730316928e-05 1.5947682737662616e-07 6.5910023019168293e-31)
(-1.2346460685854126e-05 1.7151747677578204e-07 0)
(-1.2824114221529615e-05 1.8490190993893047e-07 0)
(-1.3339590404462833e-05 1.9985089169486608e-07 0)
(-1.389738212760255e-05 2.1661933906883292e-07 0)
(-1.4502748108734149e-05 2.3553296870226494e-07 0)
(-1.516189421957226e-05 2.5698443722845057e-07 0)
(-1.5882161785860945e-05 2.8144373666376891e-07 0)
(-1.6672308790126467e-05 3.09517695747021e-07 0)
(-1.754289717044252e-05 3.4197878166257831e-07 0)
(-1.850670700052747e-05 3.798393120453766e-07 0)
(-1.9579240988394357e-05 4.2427119141328263e-07 0)
(-2.0780416829606185e-05 4.7673587411552622e-07 0)
(-2.2134773076469579e-05 5.3989906456275726e-07 0)
(-2.3673336808894321e-05 6.1677561414581441e-07 0)
(-2.5436892649114441e-05 7.1121492648514935e-07 0)
(-2.747899712602493e-05 8.2948187905234322e-07 0)
(-2.9872028624719309e-05 9.805313892636098e-07 0)
(-3.2716077141084193e-05 1.1778098003767001e-06 0)
(-3.615518878936917e-05 1.4427146892415907e-06 0)
(-4.0402191773394769e-05 1.8114339930726112e-06 0)
(-4.5784761109766636e-05 2.3465161968897981e-06 0)
(-5.2835508210741941e-05 3.1620796975093583e-06 0)
(-6.2470116333684022e-05 4.4740140631708166e-06 0)
(-7.6324737583771725e-05 6.6744400722007617e-06 0)
(-9.7305890592420832e-05 1.0299605120889797e-05 0)
(-0.00012950492754509456 1.5217931960472928e-05 0)
(-0.00017128408117902491 1.6419541538071859e-05 0)
(-0.00018994480579830343 -6.7611332283436322e-06 0)
(-8.1424098041276606e-05 -7.9167174891003653e-05 0)
(-5.372777445977424e-05 0.00022965303013229493 0)
(-0.00015721821533230007 4.770890952086609e-05 0)
(-0.00016137915389431996 -4.5572089910985826e-05 0)
(-0.0001382844255886567 -5.2173913239718409e-05 0)
(-0.00011365919697912198 -3.8515691305232683e-05 0)
(-9.4034429736903792e-05 -2.6446339233625434e-05 0)
(-7.92041535897683e-05 -1.8510888942029854e-05 0)
(-6.7938531711054416e-05 -1.3490710417569896e-05 0)
(-5.9210847092023625e-05 -1.0223313864531635e-05 0)
(-5.2297105898440486e-05 -8.005398154940943e-06 0)
(-4.6707102526536833e-05 -6.4379783025129465e-06 0)
(-4.2104746552268981e-05 -5.2915005473656426e-06 0)
(-3.8253930221983204e-05 -4.4271945655079718e-06 0)
(-3.4985917948241675e-05 -3.7594340803684719e-06 0)
(-3.2179082514691956e-05 -3.2327572996328475e-06 0)
(-2.9742792135327812e-05 -2.8098485807107024e-06 0)
(-2.7609110500635883e-05 -2.4643925399667409e-06 0)
(-2.5725289818906275e-05 -2.179465693258351e-06 0)
(-2.4049900069725159e-05 -1.9414669079835165e-06 0)
(-2.2550549004566579e-05 -1.7400616647959246e-06 0)
(-2.1200880346002199e-05 -1.5682737459911679e-06 0)
(-1.9979854048759142e-05 -1.420581923696375e-06 0)
(-1.8870143368406266e-05 -1.2926349744630563e-06 0)
(-1.7857388811911014e-05 -1.1810223166662639e-06 0)
(-1.6929641444556474e-05 -1.0830281337275542e-06 0)
(-1.6076835480702013e-05 -9.9654408157698744e-07 0)
(-1.5290412394763549e-05 -9.1980030695646369e-07 0)
(-1.4563131899402617e-05 -8.5135659385489722e-07 0)
(-1.3888795349006319e-05 -7.9003458305943507e-07 0)
(-1.3262008768463243e-05 -7.3485503488009782e-07 2.6050049733339902e-30)
(-1.2678098367111783e-05 -6.8501175708776065e-07 2.4257940319953281e-30)
(-1.2133067122078385e-05 -6.3987581080615961e-07 0)
(-1.1623374987954197e-05 -5.9875718045629547e-07 0)
(-1.114587063274801e-05 -5.6121897616865478e-07 0)
(-1.0697826756747543e-05 -5.2684798210422197e-07 0)
(-1.0276819538008472e-05 -4.9527861764270752e-07 0)
(-9.8806960293559131e-06 -4.6619395810838229e-07 0)
(-9.5075385559521322e-06 -4.3932986013104846e-07 0)
(-9.155628502541777e-06 -4.1445438100455102e-07 0)
(-8.8234243216768993e-06 -3.9136149108911024e-07 0)
(-8.5095439262376341e-06 -3.6986837361088343e-07 -1.3003897357058809e-30)
(-8.2127442539488908e-06 -3.4981730818274616e-07 -1.2292728860489194e-30)
(-7.9319016726919611e-06 -3.3106933246003029e-07 0)
(-7.6659937705957217e-06 -3.1350148744453744e-07 0)
(-7.414110177650649e-06 -2.9700464590590797e-07 0)
(-7.175415654360123e-06 -2.814804349548426e-07 0)
(-6.9491358971175531e-06 -2.6684190138450398e-07 0)
(-6.7345800539857611e-06 -2.530113340823265e-07 -8.868853339038833e-31)
(-6.5311154646183283e-06 -2.3991881024204132e-07 -8.4070923838428162e-31)
(-6.3381623464102385e-06 -2.2750133628926082e-07 -7.9694351604854135e-31)
(-6.1551898768484111e-06 -2.1570206354260491e-07 -7.5538391693184343e-31)
(-5.9817115720583799e-06 -2.0446957420135481e-07 0)
(-5.8172810847479798e-06 -1.9375725497870491e-07 -1.3563267848737561e-30)
(-5.6614884981412778e-06 -1.8352274649731033e-07 -1.2843690341238791e-30)
(-5.513957041034716e-06 -1.7372744803893799e-07 0)
(-5.3743401719587893e-06 -1.643360553658707e-07 0)
(-5.2423190239594408e-06 -1.5531611020403882e-07 0)
(-5.1176004589663533e-06 -1.4663717002998536e-07 -5.1268852800392309e-31)
(-4.9999175452985984e-06 -1.3826840348724078e-07 -4.8323211046505656e-31)
(-4.889019828084337e-06 -1.301937181323361e-07 0)
(-4.7846703219185076e-06 -1.2238606479082616e-07 0)
(-4.686668270509624e-06 -1.1484067739483425e-07 0)
(-4.5948257594924832e-06 -1.0749571671611609e-07 0)
(-4.5089539282475802e-06 -1.0036610558811801e-07 0)
(-4.4288889374656988e-06 -9.3426296370780527e-08 0)
(-4.3544845077527482e-06 -8.6659652115563224e-08 0)
(-4.2856045556790856e-06 -8.0051125412758517e-08 0)
(-4.2221247879697087e-06 -7.3586481524458679e-08 0)
(-4.1639323161809254e-06 -6.7252235398317685e-08 0)
(-4.1109250498045166e-06 -6.1035602580147997e-08 0)
(-4.0630111530582852e-06 -5.4924427341841656e-08 0)
(-4.0201085624661927e-06 -4.8907110599106818e-08 0)
(-3.9821445591946396e-06 -4.2972542235709374e-08 0)
(-3.9490553940444428e-06 -3.7110037924347277e-08 0)
(-3.9207859621622707e-06 -3.1309279766805367e-08 0)
(-3.8972895242103213e-06 -2.5560259860805285e-08 0)
(-3.8785274711010066e-06 -1.9853225678047745e-08 0)
(-3.8644691266033958e-06 -1.4178625756740552e-08 0)
(-3.8550915778886451e-06 -8.5270471378706554e-09 0)
(-3.8503795653375383e-06 -2.8891343737702642e-09 0)
(-3.8503257488251143e-06 2.7444113466661826e-09 0)
(-3.8549300860107626e-06 8.3822222065537767e-09 0)
(-3.8641998427943901e-06 1.4033613840570404e-08 0)
(-3.8781502103316329e-06 1.9707942459081992e-08 0)
(-3.8968040269203442e-06 2.5414618633443445e-08 0)
(-3.9201918929382279e-06 3.116319233175907e-08 0)
(-3.9483523413553007e-06 3.6963414752141273e-08 0)
(-3.9813320348811949e-06 4.2825292792554443e-08 0)
(-4.0191860010285619e-06 4.875914343908434e-08 0)
(-4.0619779108129178e-06 5.4775650176399172e-08 0)
(-4.1097804040355022e-06 6.0885922707261475e-08 0)
(-4.1626754643106459e-06 6.7101560562029091e-08 0)
(-4.2207548467649811e-06 7.3434721788191781e-08 0)
(-4.2841205601355416e-06 7.9898197663614254e-08 0)
(-4.3528854097943816e-06 8.6505489318658354e-08 0)
(-4.4271736180338597e-06 9.3270873038398112e-08 0)
(-4.5071212520840325e-06 1.002095627067376e-07 0)
(-4.5928745204423227e-06 1.0733869752123151e-07 0)
(-4.6845945965960557e-06 1.1468202955044604e-07 0)
(-4.7824743257767448e-06 1.2222069866482646e-07 0)
(-4.8867021905832218e-06 1.3002727583948228e-07 0)
(-4.9974739753374115e-06 1.3810030865490441e-07 0)
(-5.1150299809212636e-06 1.4646956326451702e-07 0)
(-5.2396206019479377e-06 1.5514542819159631e-07 0)
(-5.3715108077574872e-06 1.6416237611991713e-07 0)
(-5.5109942564434833e-06 1.7355097708362091e-07 0)
(-5.6583899504238554e-06 1.8334349331495707e-07 0)
(-5.8140443721881347e-06 1.9357511910896832e-07 0)
(-5.9783341642064311e-06 2.0428441174070563e-07 0)
(-6.1516690980456884e-06 2.1551371518854096e-07 0)
(-6.3344953722412619e-06 2.2730963804236123e-07 0)
(-6.5272993209310817e-06 2.3972359725341098e-07 0)
(-6.7306116179828476e-06 2.528124419180761e-07 0)
(-6.9450119142047171e-06 2.6663916697045709e-07 0)
(-7.171132764998184e-06 2.8127369791346515e-07 0)
(-7.4096642998101419e-06 2.9679373889483325e-07 0)
(-7.661381476184229e-06 3.1328621664414236e-07 0)
(-7.9271195216020463e-06 3.3084957608994619e-07 0)
(-8.2077877828350419e-06 3.4959293884951074e-07 0)
(-8.5044089460867195e-06 3.6963926998330352e-07 0)
(-8.8181065336369614e-06 3.9112755646810033e-07 0)
(-9.150123503641132e-06 4.1421553157021983e-07 0)
(-9.5018417005641624e-06 4.3908590149906901e-07 0)
(-9.8748027107343477e-06 4.6594512823751272e-07 0)
(-1.0270724987034275e-05 4.9502461786585917e-07 0)
(-1.0691526062239161e-05 5.2658920538525089e-07 0)
(-1.1139359248479283e-05 5.6095589514421043e-07 0)
(-1.1616648168890084e-05 5.9849076813592882e-07 0)
(-1.2126118578553135e-05 6.3960667197397401e-07 0)
(-1.2670926181261609e-05 6.8473483996192169e-07 2.4262252416359261e-30)
(-1.3254611608584276e-05 7.3457702699543674e-07 2.6056046324106322e-30)
(-1.388116878438425e-05 7.8975679646808186e-07 0)
(-1.4555273386088834e-05 8.510802921030429e-07 0)
(-1.5282321848117663e-05 9.195277683430894e-07 0)
(-1.6068515366890225e-05 9.9627857678545439e-07 0)
(-1.6921095692440957e-05 1.0827738111693261e-06 0)
(-1.784862532728182e-05 1.1807852833145366e-06 0)
(-1.8861174924920345e-05 1.2924229159687297e-06 0)
(-1.997069974078217e-05 1.4204056767979239e-06 0)
(-2.1191568367640476e-05 1.5681477090341789e-06 0)
(-2.2541120249031456e-05 1.7400049404695557e-06 0)
(-2.4040414643400551e-05 1.9415079493046234e-06 0)
(-2.5715825668206261e-05 2.1796542720818367e-06 0)
(-2.7599795539375001e-05 2.4647781333185723e-06 0)
(-2.9733770267060026e-05 2.8104713765036466e-06 0)
(-3.2170559554879731e-05 3.2337699025372291e-06 0)
(-3.4978234539207801e-05 3.7610055515743476e-06 0)
(-3.8247553118035452e-05 4.4295821862022938e-06 0)
(-4.2100351979986763e-05 5.2951193811257135e-06 0)
(-4.6705701749796985e-05 6.4435128489583638e-06 0)
(-5.2300229846793661e-05 8.0140211455579878e-06 0)
(-5.9220834133377149e-05 1.0237111644675298e-05 0)
(-6.7958983257997567e-05 1.3513539538251168e-05 0)
(-7.9240510362398319e-05 1.8549900579785785e-05 0)
(-9.4094289485282111e-05 2.651345487747147e-05 0)
(-0.00011375192333186473 3.8622036280898388e-05 0)
(-0.00013842043416611229 5.229227381468234e-05 0)
(-0.00016155403938146242 4.5561709660321494e-05 0)
(-0.00015727653750716833 -4.7949191105256997e-05 0)
(-5.3642044309646737e-05 -0.00022988388010644907 0)
(-2.803752882511269e-05 0.00032135384735275895 0)
(-9.3577806927394561e-05 9.4583318366933848e-05 0)
(-0.00010978224647513132 -4.4393593416133147e-05 0)
(-0.00010618892389093252 -6.6450463497055788e-05 0)
(-9.5448509417501033e-05 -5.4367040266728309e-05 0)
(-8.3801136573912328e-05 -4.0142790633543826e-05 0)
(-7.3320175564904177e-05 -2.9634915960523142e-05 0)
(-6.4427907305776799e-05 -2.242302464432266e-05 0)
(-5.70141271821324e-05 -1.7436183317299644e-05 0)
(-5.0839998934345377e-05 -1.3898042993769447e-05 0)
(-4.5670427206617089e-05 -1.1316775097424054e-05 0)
(-4.1305713915193772e-05 -9.3842576973811244e-06 0)
(-3.7585128895853192e-05 -7.9027481149442338e-06 0)
(-3.438372841840006e-05 -6.7437677352773898e-06 0)
(-3.160470797403155e-05 -5.8208173536290786e-06 0)
(-2.9171873804495062e-05 -5.0741788599735849e-06 0)
(-2.7027428280331091e-05 -4.4618979191925875e-06 0)
(-2.5124334023824481e-05 -3.9536214125651055e-06 0)
(-2.3423706326634804e-05 -3.5271064489197149e-06 0)
(-2.1896089681922704e-05 -3.1654746693262533e-06 0)
(-2.051685757266921e-05 -2.8562696619769653e-06 0)
(-1.9265815924071728e-05 -2.589817467599854e-06 0)
(-1.8126247188296886e-05 -2.3585428890329644e-06 0)
(-1.7084193355965582e-05 -2.1564557109441221e-06 0)
(-1.6128012057874968e-05 -1.9788071516388151e-06 0)
(-1.5247790767623598e-05 -1.8218248488710019e-06 0)
(-1.4435012336984038e-05 -1.6823552132648052e-06 0)
(-1.3682480974158917e-05 -1.5578601800841482e-06 0)
(-1.2984001004420357e-05 -1.4462268927580248e-06 0)
(-1.233418233680976e-05 -1.3457025629313757e-06 0)
(-1.1728339853335946e-05 -1.2548402270715071e-06 0)
(-1.116240497310365e-05 -1.1724276253028432e-06 0)
(-1.063279595049674e-05 -1.0973852385897091e-06 0)
(-1.0136345526819651e-05 -1.0288434606495948e-06 0)
(-9.6702687080200806e-06 -9.6604808740586367e-07 0)
(-9.2320915852490899e-06 -9.0834460362491324e-07 0)
(-8.8196244977239595e-06 -8.5514923905821644e-07 0)
(-8.4309140716546666e-06 -8.0601595999710587e-07 0)
(-8.0641961798233961e-06 -7.605001248635055e-07 0)
(-7.7178874462236318e-06 -7.1822684017797615e-07 0)
(-7.3905713679020461e-06 -6.7887090629379221e-07 0)
(-7.0809739721419886e-06 -6.4214599158855473e-07 0)
(-6.7879402786467305e-06 -6.0779894439933126e-07 0)
(-6.5104227804655323e-06 -5.7560593130104765e-07 0)
(-6.2474758879179467e-06 -5.4537339595829988e-07 0)
(-5.998237206146475e-06 -5.1691377105483549e-07 0)
(-5.7619167866171427e-06 -4.9007218144363252e-07 0)
(-5.5377983019999455e-06 -4.6470783288877617e-07 0)
(-5.325227270797182e-06 -4.4069301125853444e-07 0)
(-5.1236045645371904e-06 -4.1791270774809636e-07 0)
(-4.9323813175866621e-06 -3.962631694151473e-07 0)
(-4.75105419377032e-06 -3.7565054669479966e-07 0)
(-4.5791611380852407e-06 -3.559897447649486e-07 0)
(-4.4162775946188721e-06 -3.3720343116873328e-07 0)
(-4.2620131309898266e-06 -3.1922116226830039e-07 0)
(-4.1160084286553957e-06 -3.0197860264807763e-07 0)
(-3.9779322785384902e-06 -2.8541690651761037e-07 1.0934622812054565e-29)
(-3.8474775870765829e-06 -2.6948105996376704e-07 1.0323288682086532e-29)
(-3.7243759358128729e-06 -2.5410459284867012e-07 0)
(-3.6083667755460672e-06 -2.3927976461851876e-07 0)
(-3.4991997164094258e-06 -2.2494145075534631e-07 0)
(-3.3966550675225776e-06 -2.1105603103145021e-07 0)
(-3.3005505877781258e-06 -1.9757790511064492e-07 0)
(-3.210697853268452e-06 -1.8447786157233563e-07 0)
(-3.1269103465012924e-06 -1.7172524057390813e-07 0)
(-3.0490432901701224e-06 -1.5929039333607344e-07 0)
(-2.9769548150250295e-06 -1.4714549287118694e-07 0)
(-2.9105154050597575e-06 -1.3526436222014172e-07 0)
(-2.8496075787000795e-06 -1.2362227753015045e-07 0)
(-2.7941251212114305e-06 -1.1219581093040134e-07 0)
(-2.7439724842128277e-06 -1.0096268667365765e-07 0)
(-2.6990642790248052e-06 -8.9901647617467811e-08 0)
(-2.6593248327506706e-06 -7.8992330964734478e-08 0)
(-2.6246878002261758e-06 -6.8215152932659893e-08 0)
(-2.5950958275889083e-06 -5.7551200944000777e-08 0)
(-2.5705002641878095e-06 -4.6982131919486004e-08 0)
(-2.5508609197104978e-06 -3.6490076136567766e-08 0)
(-2.5361458629863397e-06 -2.6057546306724307e-08 0)
(-2.5263312596280782e-06 -1.5667354012047777e-08 0)
(-2.5214012711537943e-06 -5.3025430238373959e-09 0)
(-2.5213481043757437e-06 5.0536823418199197e-09 0)
(-2.5261717172051508e-06 1.5418332113917265e-08 0)
(-2.5358798245688667e-06 2.5808197806713777e-08 0)
(-2.5504881900879255e-06 3.6240235549794836e-08 0)
(-2.5700205697651422e-06 4.6731633518015337e-08 0)
(-2.5945088151885053e-06 5.7299878156738753e-08 0)
(-2.6239930366015276e-06 6.7962837845632936e-08 0)
(-2.6585218039087245e-06 7.873885410957127e-08 0)
(-2.6981523892705964e-06 8.9646837878013481e-08 0)
(-2.7429510551022837e-06 1.0070637113825547e-07 0)
(-2.79299339021683e-06 1.1193781504902899e-07 0)
(-2.8483646975256168e-06 1.2336242578363851e-07 4.7185801258765292e-30)
(-2.9091604372774215e-06 1.3500247897291133e-07 5.1642650778229544e-30)
(-2.9754867318426432e-06 1.4688140460268143e-07 0)
(-3.0474609584305918e-06 1.590239316952106e-07 0)
(-3.1252124856716014e-06 1.7145624780163142e-07 0)
(-3.2088829972714185e-06 1.8420621125507193e-07 0)
(-3.2986187000016654e-06 1.9730353040430486e-07 0)
(-3.3946028500520858e-06 2.107785587649315e-07 0)
(-3.4970251035952014e-06 2.2465857559798278e-07 0)
(-3.6060701534051449e-06 2.3899240696059089e-07 0)
(-3.721951618473146e-06 2.5381085157631252e-07 0)
(-3.8449271133329227e-06 2.6919222225721839e-07 0)
(-3.975256498344569e-06 2.8511969754153894e-07 0)
(-4.1132011672802387e-06 3.0167551393056582e-07 0)
(-4.2590719410747737e-06 3.1891299825829535e-07 0)
(-4.4132002597240714e-06 3.3689015072999275e-07 0)
(-4.5759452206937596e-06 3.5567108711624286e-07 0)
(-4.7476970425614494e-06 3.7532620247026015e-07 0)
(-4.9288800989445052e-06 3.9593281887874811e-07 0)
(-5.1199562762755029e-06 4.1757602959691254e-07 0)
(-5.3214287468899804e-06 4.4034968388992994e-07 0)
(-5.533846213287744e-06 4.6435753404485618e-07 0)
(-5.7578076416275924e-06 4.8971459050588898e-07 0)
(-5.9939673418759266e-06 5.1654858933301589e-07 0)
(-6.2430413216204157e-06 5.450003831833517e-07 0)
(-6.5058196117380314e-06 5.7522432838949864e-07 0)
(-6.7831644783950204e-06 6.0740880740657917e-07 0)
(-7.0760210669751675e-06 6.4174700070285191e-07 0)
(-7.3854368124493719e-06 6.7846276175055839e-07 0)
(-7.7125665717904381e-06 7.1780929782246696e-07 0)
(-8.0586843201132097e-06 7.6007300755626258e-07 0)
(-8.4252059804725075e-06 8.0557916242024721e-07 0)
(-8.8137152894854167e-06 8.5470250754061215e-07 0)
(-9.2259759954786368e-06 9.0788699130611247e-07 0)
(-9.6639408958789218e-06 9.6558084064917777e-07 0)
(-1.0129800406339673e-05 1.0283669684855199e-06 0)
(-1.0626028263592651e-05 1.0969000682387359e-06 0)
(-1.1155409164335633e-05 1.1719343144025053e-06 0)
(-1.1721111878341849e-05 1.2543378691980315e-06 0)
(-1.2326718564647739e-05 1.3451945864267599e-06 0)
(-1.297629715549932e-05 1.4457156230403527e-06 0)
(-1.3674533708522123e-05 1.5573486658852455e-06 0)
(-1.4426819981904453e-05 1.6818469126090068e-06 0)
(-1.5239353845820054e-05 1.8213255455887773e-06 0)
(-1.6119332473702103e-05 1.9783241652929456e-06 0)
(-1.7075276358529985e-05 2.1559972474995327e-06 0)
(-1.8117102244920351e-05 2.3581228251587459e-06 0)
(-1.9256457740751332e-05 2.5894539354936955e-06 0)
(-2.0507309022331851e-05 2.8559865287161381e-06 0)
(-2.1886383506126372e-05 3.1653043393046021e-06 0)
(-2.3413887191289764e-05 3.5270942908496667e-06 0)
(-2.5114466345139938e-05 3.9538337041291238e-06 0)
(-2.701765067962768e-05 4.4624195976740397e-06 0)
(-2.9162270084387702e-05 5.0751359771555943e-06 0)
(-3.1595408717175601e-05 5.8223920266330843e-06 0)
(-3.4375027372653564e-05 6.746232573560326e-06 0)
(-3.7577363606665599e-05 7.9065023915458572e-06 0)
(-4.1299338039817308e-05 9.3899223008624283e-06 0)
(-4.5666060419380578e-05 1.132532809684088e-05 0)
(-5.0838462703140441e-05 1.3911070894776419e-05 0)
(-5.7016425710516702e-05 1.7456312914331325e-05 0)
(-6.4435052277956055e-05 2.2454663798657519e-05 0)
(-7.3332533732325489e-05 2.9685275909234592e-05 0)
(-8.3816575639177816e-05 4.022181679705807e-05 0)
(-9.5459576538569661e-05 5.4478896268977711e-05 0)
(-0.0001061864706611425 6.6557588999158413e-05 0)
(-0.00010977234050575394 4.4370302599593403e-05 0)
(-9.3506239222573481e-05 -9.4784559454850548e-05 0)
(-2.7951863792536157e-05 -0.00032150602258584085 0)
(-1.484616013937313e-05 0.00037296293372655469 0)
(-5.4527602280128143e-05 0.00013070075781639767 0)
(-7.1840868939723876e-05 -3.3225469440994034e-05 0)
(-7.6973329395730469e-05 -6.8682067977859484e-05 0)
(-7.4938003743816868e-05 -6.1566608923034432e-05 0)
(-6.9751491792385112e-05 -4.8421877444068049e-05 0)
(-6.3645885186676255e-05 -3.7493462603391522e-05 0)
(-5.7637308930588878e-05 -2.9390843605320821e-05 0)
(-5.212435768389031e-05 -2.3455019611352264e-05 0)
(-4.7219825533470227e-05 -1.9054546515205457e-05 0)
(-4.2913366172124063e-05 -1.5735390492647628e-05 0)
(-3.9147000512671058e-05 -1.318594242437909e-05 0)
(-3.5850095862544327e-05 -1.1193510486566492e-05 0)
(-3.2954853806508441e-05 -9.6114152420351061e-06 0)
(-3.0401140553356964e-05 -8.3364883399375756e-06 0)
(-2.81375482811354e-05 -7.295558025094676e-06 0)
(-2.6121519922912668e-05 -6.4361751718568604e-06 0)
(-2.431695593724807e-05 -5.7177640081359179e-06 0)
(-2.2693567241669222e-05 -5.1117777438725229e-06 0)
(-2.1226878677721285e-05 -4.5960399847186642e-06 0)
(-1.9896199433327031e-05 -4.1535446507673899e-06 0)
(-1.8684182770879749e-05 -3.7710792030983052e-06 0)
(-1.7576206938585956e-05 -3.438247687158337e-06 0)
(-1.6559924698753846e-05 -3.1467450879153e-06 0)
(-1.562492664011333e-05 -2.8900949340312404e-06 0)
(-1.476217232530657e-05 -2.6628588941445848e-06 0)
(-1.3963855053140689e-05 -2.4606621033078777e-06 0)
(-1.3223365299311971e-05 -2.2799293958504096e-06 0)
(-1.2534938625169795e-05 -2.117683215711577e-06 0)
(-1.1893542935596117e-05 -1.9714415373788038e-06 0)
(-1.1294780356049652e-05 -1.839129300604551e-06 0)
(-1.0734798922216502e-05 -1.7189955730580784e-06 0)
(-1.0210201624058561e-05 -1.6095407991514928e-06 0)
(-9.7179813015111291e-06 -1.5094986450034916e-06 0)
(-9.2554732194172977e-06 -1.4177833293154276e-06 0)
(-8.8202879631252979e-06 -1.3334562172971145e-06 0)
(-8.4103596417738497e-06 -1.2556670925437636e-06 0)
(-8.0238015050849811e-06 -1.1837975462677689e-06 0)
(-7.6588693675891284e-06 -1.1171811066417102e-06 0)
(-7.3140544548469315e-06 -1.0552805350182291e-06 0)
(-6.9879854037985974e-06 -9.9762967770216084e-07 0)
(-6.6794211147666378e-06 -9.4381385566819394e-07 0)
(-6.387237170286804e-06 -8.9346607150283005e-07 0)
(-6.1104134733039527e-06 -8.4626128350946057e-07 0)
(-5.8480241166637083e-06 -8.0191167943919496e-07 0)
(-5.5992254085145246e-06 -7.6015627335186768e-07 0)
(-5.3632468008756255e-06 -7.2076531218897348e-07 0)
(-5.1393854999320432e-06 -6.8353261635316906e-07 0)
(-4.9269989389966653e-06 -6.4827248497296338e-07 0)
(-4.7254986535465124e-06 -6.1481754158111068e-07 0)
(-4.5343450938108764e-06 -5.8301662359333749e-07 0)
(-4.3530430417918109e-06 -5.527329003333398e-07 0)
(-4.1811375350412928e-06 -5.2384223970132283e-07 -1.677813846659024e-29)
(-4.01821022815013e-06 -4.962317947085773e-07 -1.5890529667498417e-29)
(-3.8638761354099528e-06 -4.6979879867789372e-07 0)
(-3.7177808062340761e-06 -4.4444946364731877e-07 0)
(-3.5795967485040266e-06 -4.2009661033700857e-07 1.6807178287600201e-29)
(-3.4490066888204311e-06 -3.966483136138819e-07 1.5863528436732184e-29)
(-3.3257757758582624e-06 -3.7405798595563072e-07 0)
(-3.2096407907551156e-06 -3.5224645404736708e-07 0)
(-3.1003255890017146e-06 -3.3115010404836458e-07 0)
(-2.9976380460027563e-06 -3.1071250018493087e-07 -9.935450071342248e-30)
(-2.9013837767010395e-06 -2.9088698903868682e-07 -9.3020170222394244e-30)
(-2.8113778801973901e-06 -2.7160808534081066e-07 0)
(-2.7274472509698189e-06 -2.5283935675543875e-07 0)
(-2.64944014044775e-06 -2.3453716441211667e-07 0)
(-2.5772162502294891e-06 -2.1666045093001534e-07 0)
(-2.5106473829929999e-06 -1.9917076394411747e-07 0)
(-2.4496170388377592e-06 -1.820318372946732e-07 0)
(-2.3940198246642595e-06 -1.6520931393081907e-07 0)
(-2.3437609027359858e-06 -1.4867052465466887e-07 0)
(-2.2987555003820625e-06 -1.3238429009226772e-07 0)
(-2.2589284765259152e-06 -1.1632073845612067e-07 0)
(-2.2242139416717576e-06 -1.0045113692947758e-07 0)
(-2.194554927995355e-06 -8.4747734220767253e-08 0)
(-2.1699031067994325e-06 -6.918361227179326e-08 0)
(-2.1502185505427736e-06 -5.3732546020390601e-08 0)
(-2.1354695375426212e-06 -3.8368870132181757e-08 0)
(-2.1256323983468787e-06 -2.3067353178438969e-08 0)
(-2.1206914082102688e-06 -7.803079664381144e-09 0)
(-2.120638735325791e-06 7.4486820304538716e-09 0)
(-2.1254743396233375e-06 2.2712715357885288e-08 0)
(-2.1352059743162861e-06 3.8013748629446222e-08 0)
(-2.1498492863230982e-06 5.3376696534689202e-08 0)
(-2.1694278661280333e-06 6.8826789643837896e-08 0)
(-2.1939733556711657e-06 8.4389691753406049e-08 0)
(-2.2235256020446885e-06 1.0009162585930207e-07 0)
(-2.2581328527303848e-06 1.1595950754398175e-07 0)
(-2.2978519932280322e-06 1.3202108535309225e-07 0)
(-2.342748829527735e-06 1.4830508903160344e-07 0)
(-2.3928984176554232e-06 1.6484138708876226e-07 0)
(-2.4483854433571921e-06 1.8166115578248468e-07 7.2563983977224325e-30)
(-2.5093046550537162e-06 1.9879706096696462e-07 7.9415980724633523e-30)
(-2.5757613533602641e-06 2.162834563161886e-07 0)
(-2.6478719412934786e-06 2.3415660286404469e-07 0)
(-2.725764515563763e-06 2.5245493769734828e-07 0)
(-2.8095793070657947e-06 2.7121945796599926e-07 0)
(-2.8994682894603361e-06 2.9049368632199924e-07 0)
(-2.9956037354898902e-06 3.1031548781701905e-07 0)
(-3.0981713504808723e-06 3.3074724969682419e-07 0)
(-3.2073669718086015e-06 3.5183828025210312e-07 0)
(-3.3233674221251195e-06 3.736446286046657e-07 0)
(-3.4464740449695031e-06 3.9622925956259373e-07 0)
(-3.5769474465180085e-06 4.1966696004369206e-07 0)
(-3.7149976210057604e-06 4.440134372591799e-07 0)
(-3.860958961961382e-06 4.6935612572889164e-07 0)
(-4.0151576193483167e-06 4.9578178951518216e-07 0)
(-4.1779471768380437e-06 5.2338430792545832e-07 0)
(-4.3497122703708046e-06 5.5226651273420674e-07 0)
(-4.5308710404433456e-06 5.825412801779799e-07 0)
(-4.7218782773410971e-06 6.1433275384307889e-07 0)
(-4.9232290344350342e-06 6.4777776645652153e-07 0)
(-5.1354626960374173e-06 6.830274780155312e-07 0)
(-5.3591675565842799e-06 7.2024926152845091e-07 0)
(-5.5949860040552023e-06 7.5962881836349946e-07 0)
(-5.8436206292406467e-06 8.0137232603092311e-07 0)
(-6.1058418655621188e-06 8.4570939864676864e-07 0)
(-6.3824932319305758e-06 8.9290126470376832e-07 0)
(-6.6745003793504921e-06 9.4323565381998928e-07 0)
(-6.9828832279703363e-06 9.9703762188137901e-07 0)
(-7.3087660166389921e-06 1.0546742181166126e-06 0)
(-7.6533897009708537e-06 1.1165602624096926e-06 0)
(-8.0181255910933758e-06 1.1831624016270319e-06 0)
(-8.4044832401970401e-06 1.2550177030636173e-06 0)
(-8.8142043040426275e-06 1.3327871413592263e-06 0)
(-9.2491755319279303e-06 1.4171003602676518e-06 0)
(-9.7114651755972274e-06 1.5088013332716542e-06 0)
(-1.0203461530477024e-05 1.6088292667977293e-06 0)
(-1.0727829156753366e-05 1.7182704175881922e-06 0)
(-1.128757578426608e-05 1.838391255116705e-06 0)
(-1.1886098654329202e-05 1.970693029290482e-06 0)
(-1.2527249653277977e-05 2.1169271497601889e-06 0)
(-1.3215427238718173e-05 2.2791696960825928e-06 0)
(-1.3955664460839828e-05 2.4599038665590504e-06 0)
(-1.4753727228685846e-05 2.6621094620876439e-06 0)
(-1.5616228015700919e-05 2.8893643410520467e-06 0)
(-1.6550973484504788e-05 3.1460451735126018e-06 0)
(-1.7567005762640842e-05 3.437593153374829e-06 0)
(-1.8674740796600787e-05 3.7704965769205711e-06 0)
(-1.9886531081728764e-05 4.1530651515316008e-06 0)
(-2.1217004670443865e-05 4.5957057953537496e-06 0)
(-2.2683516605284101e-05 5.1116464184196209e-06 0)
(-2.4306770185320211e-05 5.7179131467311876e-06 0)
(-2.61112726722854e-05 6.4367136250700923e-06 0)
(-2.8127295349042146e-05 7.2966816218911956e-06 0)
(-3.0390955140083113e-05 8.3383774485242101e-06 0)
(-3.294488229075907e-05 9.614413683144777e-06 0)
(-3.5840492718068313e-05 1.1198073643667892e-05 0)
(-3.9137921210338705e-05 1.3192766463734661e-05 0)
(-4.2904951743575336e-05 1.5745518887830356e-05 0)
(-4.7212112492719778e-05 1.9069560351064858e-05 0)
(-5.2117069089210687e-05 2.3477332758903988e-05 0)
(-5.7629387712759379e-05 2.9424087475723925e-05 0)
(-6.3634496730143679e-05 3.7542736600664301e-05 0)
(-6.9730178700893572e-05 4.8492416333151503e-05 0)
(-7.4895233524003744e-05 6.1655269742861313e-05 0)
(-7.6899440686854708e-05 6.8751457429503732e-05 0)
(-7.1749071286849559e-05 3.3186536626866767e-05 0)
(-5.4415669829697351e-05 -0.00013084901756048163 0)
(-1.4781583695246367e-05 -0.0003730382773872306 0)
(-8.3253053751006905e-06 0.0004027969398856787 0)
(-3.3007027340223155e-05 0.00015687710508271926 0)
(-4.7707250830085972e-05 -1.9860541946604326e-05 0)
(-5.5501756150441682e-05 -6.4799767235359338e-05 0)
(-5.7818741992909701e-05 -6.288657781534442e-05 0)
(-5.673605028073582e-05 -5.2148362788601118e-05 0)
(-5.3908178071278683e-05 -4.2085392019439596e-05 0)
(-5.0355700690055797e-05 -3.4077852323641975e-05 0)
(-4.6636456401345298e-05 -2.78887594556658e-05 0)
(-4.303212036475325e-05 -2.3101859591329677e-05 0)
(-3.9670476287176072e-05 -1.9367426424979314e-05 0)
(-3.6596553535075557e-05 -1.6421362018170948e-05 0)
(-3.3813315106900218e-05 -1.406973195396445e-05 0)
(-3.1304019411286811e-05 -1.2170462624437535e-05 0)
(-2.9044387991599324e-05 -1.0618738448093239e-05 0)
(-2.7008222282980626e-05 -9.3380574585875817e-06 0)
(-2.5169777220001278e-05 -8.2703655368538888e-06 0)
(-2.3505500651914965e-05 -7.3715036243576928e-06 0)
(-2.1994588444670815e-05 -6.6084954873484505e-06 0)
(-2.0618870723394497e-05 -5.955676331592238e-06 0)
(-1.9362475722095962e-05 -5.3930428960585626e-06 0)
(-1.8211656709456657e-05 -4.90486358033816e-06 0)
(-1.7154469937625339e-05 -4.4786283487149497e-06 0)
(-1.6180765727967359e-05 -4.1042144265778747e-06 0)
(-1.528167571479013e-05 -3.7737930515893266e-06 0)
(-1.4449311117497088e-05 -3.48055369885233e-06 0)
(-1.3676952042834175e-05 -3.2191193510470745e-06 0)
(-1.2958743949748226e-05 -2.9850291370476269e-06 0)
(-1.228953627780371e-05 -2.7745586474880181e-06 0)
(-1.1664799897837426e-05 -2.5845899602329347e-06 0)
(-1.1080544702091914e-05 -2.4124999549674266e-06 0)
(-1.0533246982408293e-05 -2.2560677656028483e-06 0)
(-1.0019782281425639e-05 -2.1133990204626831e-06 0)
(-9.5373725369378983e-06 -1.982877336164814e-06 0)
(-9.0835394876266783e-06 -1.8631130413281405e-06 0)
(-8.6560261584285487e-06 -1.7529021136918759e-06 0)
(-8.252946500054736e-06 -1.6512239107749922e-06 0)
(-7.872516074075984e-06 -1.557162893929969e-06 0)
(-7.5130386877496226e-06 -1.4699281155666825e-06 0)
(-7.173119421512344e-06 -1.3888293193461471e-06 0)
(-6.8514536769204051e-06 -1.3132595718843951e-06 0)
(-6.5468570416172112e-06 -1.2426827454892472e-06 0)
(-6.2582555081490573e-06 -1.1766243949483606e-06 0)
(-5.9846729136246334e-06 -1.1146635539194233e-06 0)
(-5.7252206236804646e-06 -1.056425677769056e-06 0)
(-5.4790878466891442e-06 -1.0015755149145988e-06 0)
(-5.2455335563004351e-06 -9.4981382903342792e-07 0)
(-5.0238801208012408e-06 -9.0087223938280809e-07 0)
(-4.8135069721762591e-06 -8.5450928479066718e-07 0)
(-4.6138450489704598e-06 -8.1050721977515155e-07 0)
(-4.424371937608548e-06 -7.6866924155007406e-07 0)
(-4.2446075802234938e-06 -7.2881707585995593e-07 0)
(-4.0741104627532077e-06 -6.9078888130986373e-07 -2.2542145069651665e-29)
(-3.9124742330553979e-06 -6.5443744832685989e-07 -2.135149829620815e-29)
(-3.7593246119975856e-06 -6.1962880365947618e-07 0)
(-3.6143151959914034e-06 -5.8624165786013836e-07 0)
(-3.4771141799693585e-06 -5.5416529885518705e-07 0)
(-3.3474527994860488e-06 -5.2324763097047234e-07 0)
(-3.2250733044255311e-06 -4.9350161231843477e-07 0)
(-3.1096961900793644e-06 -4.6475055868353239e-07 0)
(-3.0010920083575967e-06 -4.3693908933392535e-07 0)
(-2.8990564876088296e-06 -4.0999319886707458e-07 -1.3358602635780309e-29)
(-2.8033968448111904e-06 -3.8384378570429333e-07 -1.2505461095612119e-29)
(-2.7139334216483643e-06 -3.5842153146918791e-07 0)
(-2.6305003161929392e-06 -3.3366791023562412e-07 0)
(-2.5529469844728103e-06 -3.0952638574830269e-07 0)
(-2.481135691239005e-06 -2.859435506708072e-07 0)
(-2.414940751804617e-06 -2.6286907264482251e-07 0)
(-2.354247908188724e-06 -2.4025539460862507e-07 0)
(-2.2989537547107768e-06 -2.1805743414960425e-07 0)
(-2.2489652117791611e-06 -1.9623230723957184e-07 0)
(-2.2041990546212785e-06 -1.7473907365763327e-07 0)
(-2.1645814957409648e-06 -1.5353850093438869e-07 0)
(-2.1300478183347461e-06 -1.3259284485651735e-07 0)
(-2.10054205787882e-06 -1.1186564414846391e-07 0)
(-2.0760167292211431e-06 -9.1321526927303695e-08 0)
(-2.0564325967902411e-06 -7.092602732738296e-08 0)
(-2.0417584862084417e-06 -5.0645410643253291e-08 1.6490238320035418e-30)
(-2.0319711362843308e-06 -3.0446505164770261e-08 9.9161978381518953e-31)
(-2.0270550907805857e-06 -1.0296539137439137e-08 0)
(-2.0270026287389723e-06 9.8370248037192045e-09 0)
(-2.0318137108420911e-06 2.9986670724321951e-08 0)
(-2.0414959798144194e-06 5.0184934618870086e-08 0)
(-2.0560648137790016e-06 7.0464587096712263e-08 0)
(-2.0755433952136542e-06 9.0858798151762326e-08 0)
(-2.0999628191165544e-06 1.1140130025488564e-07 0)
(-2.1293622409782614e-06 1.3212655633418992e-07 0)
(-2.1637890649981687e-06 1.5306993481382376e-07 0)
(-2.2032991736287987e-06 1.7426789302314032e-07 0)
(-2.2479572002855243e-06 1.9575817066273918e-07 0)
(-2.2978368475249739e-06 2.1757999524366285e-07 0)
(-2.3530212532975674e-06 2.3977430166996279e-07 0)
(-2.4136034081463391e-06 2.6238396804158365e-07 0)
(-2.4796866262210317e-06 2.854540702329024e-07 0)
(-2.5513850717155451e-06 3.0903215766390993e-07 0)
(-2.6288243360656098e-06 3.3316855267896509e-07 0)
(-2.7121420687828397e-06 3.5791665122182945e-07 0)
(-2.8014887452327972e-06 3.8333301562055641e-07 0)
(-2.8970299746545308e-06 4.0947650871855432e-07 0)
(-2.9989454550456488e-06 4.3641585189815808e-07 0)
(-3.1074277080208508e-06 4.6422156314338538e-07 0)
(-3.2226782046190424e-06 4.9296941861036432e-07 0)
(-3.3449376269982849e-06 5.2270245393049533e-07 -1.7036133027120264e-29)
(-3.4744750243318514e-06 5.5360001443281322e-07 -1.8053499005746872e-29)
(-3.6115412235381905e-06 5.8567274081397618e-07 0)
(-3.7564182488736381e-06 6.1905225739239676e-07 0)
(-3.9094335519848347e-06 6.5385133093577537e-07 0)
(-4.0709328325420307e-06 6.9019222340123255e-07 0)
(-4.241290215230903e-06 7.2820914885072158e-07 0)
(-4.4209119205504947e-06 7.6804938108901001e-07 0)
(-4.6102393180869497e-06 8.0987477878124883e-07 0)
(-4.8097523126069185e-06 8.5386361545718808e-07 -2.7894620681376847e-29)
(-5.0199731563941276e-06 9.0021268592064216e-07 -2.9417282936432616e-29)
(-5.2414707416375932e-06 9.4913972510750028e-07 0)
(-5.4748654592134557e-06 1.0008861830568446e-06 0)
(-5.7208347557475721e-06 1.0557204269675309e-06 -3.4532397108026836e-29)
(-5.9801194910356374e-06 1.1139416620294426e-06 -3.6449944318921704e-29)
(-6.2535302664459076e-06 1.1758851952807097e-06 0)
(-6.5419554942296941e-06 1.2419255646407134e-06 0)
(-6.846371124860234e-06 1.3124837495848749e-06 0)
(-7.1678509092256412e-06 1.3880342288204333e-06 0)
(-7.5075788135259084e-06 1.4691131965738691e-06 0)
(-7.8668591610131659e-06 1.556327731855435e-06 0)
(-8.2470932134340257e-06 1.6503681425364435e-06 0)
(-8.6499653693644777e-06 1.752024607837108e-06 0)
(-9.0772602276873564e-06 1.8622148810925051e-06 0)
(-9.5308752452455747e-06 1.9819584972236857e-06 0)
(-1.001306048793126e-05 2.1124599894981101e-06 0)
(-1.052629432268262e-05 2.2551092563883328e-06 0)
(-1.1073355150858064e-05 2.4115231327728584e-06 0)
(-1.1657367487954137e-05 2.5835971047175248e-06 0)
(-1.2281854995887562e-05 2.7735529513660344e-06 0)
(-1.2950808031931949e-05 2.9840150330859683e-06 0)
(-1.3668756162664648e-05 3.2181028715048423e-06 0)
(-1.4440850612749276e-05 3.4795432148076287e-06 0)
(-1.5272947732927881e-05 3.7728005712134482e-06 0)
(-1.6171770582167826e-05 4.1032566960207021e-06 0)
(-1.7145202146049631e-05 4.4777126953056674e-06 0)
(-1.8202114209891002e-05 4.904028292924404e-06 0)
(-1.9352665513612522e-05 5.3923226091567394e-06 0)
(-2.0608799080541316e-05 5.9551181636357159e-06 0)
(-2.1984264641452756e-05 6.6081641727177822e-06 0)
(-2.3494937881350801e-05 7.3714868558100362e-06 0)
(-2.5158996291689161e-05 8.2707836446822063e-06 0)
(-2.6997236403352673e-05 9.3390890448136587e-06 0)
(-2.9033181473052763e-05 1.0620596031921397e-05 0)
(-3.1292614178590016e-05 1.2173515150446721e-05 0)
(-3.3801701659926196e-05 1.4074389433780631e-05 0)
(-3.6584606469207516e-05 1.6428270820944822e-05 0)
(-3.96579449776681e-05 1.9377499519357163e-05 0)
(-4.3018473380228232e-05 2.3116376835724196e-05 0)
(-4.662062323739985e-05 2.790948910808686e-05 0)
(-5.0335612081153142e-05 3.4107120596857632e-05 0)
(-5.3879977364095909e-05 4.2125816899327392e-05 0)
(-5.6693035438772245e-05 5.2201122259793879e-05 0)
(-5.7751621749760282e-05 6.2944763049041351e-05 0)
(-5.5405947051790874e-05 6.4833047509837977e-05 0)
(-4.7598710801511231e-05 1.981602845528226e-05 0)
(-3.2902327617820857e-05 -0.00015697155463096079 0)
(-8.2805506684901502e-06 -0.00040281179428672156 0)
(-4.9342690810196515e-06 0.00042146406101198494 0)
(-2.0860136972042419e-05 0.0001759944581351745 0)
(-3.2373616983226753e-05 -7.4438552202823108e-06 0)
(-4.0290726408044415e-05 -5.8675870184030881e-05 0)
(-4.4443645648390486e-05 -6.1076787843751117e-05 0)
(-4.5681249520371581e-05 -5.2913608390982734e-05 0)
(-4.5042324078495532e-05 -4.4228633840665003e-05 0)
(-4.334009733895069e-05 -3.6859484592061988e-05 0)
(-4.1103030971148453e-05 -3.0879387971437278e-05 0)
(-3.8654926588405592e-05 -2.6066702034326648e-05 0)
(-3.6185047537576231e-05 -2.2187681965844401e-05 0)
(-3.3797287548633608e-05 -1.9044790500742409e-05 0)
(-3.1543596568210168e-05 -1.6480442079001381e-05 0)
(-2.9445219891325431e-05 -1.4371653337783034e-05 0)
(-2.7507487027099266e-05 -1.2623393967289385e-05 0)
(-2.5725665990846518e-05 -1.1162275151234458e-05 0)
(-2.4089477735265606e-05 -9.9312364809532145e-06 -3.3781617563983276e-28)
(-2.2587850741938457e-05 -8.8861020759791586e-06 -3.0146768939872748e-28)
(-2.1208951996596711e-05 -7.9924244018964241e-06 0)
(-1.9941248803743529e-05 -7.2230252677602777e-06 0)
(-1.8773958652441502e-05 -6.5563666169415581e-06 0)
(-1.7697208487590588e-05 -5.9752458916885528e-06 0)
(-1.6701969367988052e-05 -5.4658153437571209e-06 0)
(-1.5780562027741182e-05 -5.0169241819326906e-06 0)
(-1.4925878214710318e-05 -4.6193858524371674e-06 0)
(-1.4131319916707789e-05 -4.2656597912194866e-06 -1.4272552837131977e-28)
(-1.339142219594599e-05 -3.9495557259944519e-06 -1.3200001061871299e-28)
(-1.2701221424571896e-05 -3.6659094279775077e-06 -1.2239279935394621e-28)
(-1.2056290360590272e-05 -3.4103961183169793e-06 -1.1375258393501446e-28)
(-1.1452693227824192e-05 -3.1793773844891672e-06 0)
(-1.0886924895582218e-05 -2.9697765113306698e-06 0)
(-1.0355858459767514e-05 -2.7789779306773597e-06 0)
(-9.8566981219245291e-06 -2.6047459836068799e-06 0)
(-9.3869384976394024e-06 -2.4451635267712472e-06 0)
(-8.9443246934091929e-06 -2.29857651729824e-06 0)
(-8.5268340896360715e-06 -2.1635437264995738e-06 0)
(-8.1326872886941737e-06 -2.0388947944251847e-06 0)
(-7.7602254616246883e-06 -1.9234509212764483e-06 0)
(-7.4079281195114367e-06 -1.8163074974009374e-06 0)
(-7.0744690810359199e-06 -1.7166333063339138e-06 0)
(-6.7586298353511823e-06 -1.623694447133679e-06 0)
(-6.4593006211327239e-06 -1.5368434677131715e-06 0)
(-6.1754711441176393e-06 -1.4555068829725015e-06 0)
(-5.9062202683728289e-06 -1.3791750818016737e-06 0)
(-5.6507069502934054e-06 -1.307393908791967e-06 0)
(-5.4081620326410647e-06 -1.239757283174516e-06 0)
(-5.1778811335626146e-06 -1.1759016073300399e-06 0)
(-4.9592185924437398e-06 -1.1155003889040261e-06 0)
(-4.7515818917972147e-06 -1.0582596747807405e-06 0)
(-4.5544266896408343e-06 -1.0039141683584846e-06 0)
(-4.3672524168338547e-06 -9.5222388102166634e-07 0)
(-4.1895983671067763e-06 -9.0297122286336552e-07 0)
(-4.0210402300034734e-06 -8.5595846503875042e-07 2.82315706591557e-29)
(-3.8611871494130271e-06 -8.110055186377157e-07 2.6743294342191533e-29)
(-3.7096797115508247e-06 -7.6794796871505063e-07 0)
(-3.5661864065997229e-06 -7.2663516921430976e-07 0)
(-3.4303486415379893e-06 -6.8692779328194335e-07 3.395758319709083e-29)
(-3.3019725419775549e-06 -6.4870372202376815e-07 0)
(-3.1807984181843102e-06 -6.1184951800041204e-07 -3.02378412890961e-29)
(-3.0664944815852142e-06 -5.7624626568618594e-07 0)
(-2.9588870527744869e-06 -5.4180002123675271e-07 0)
(-2.8577700980740245e-06 -5.0841923168510085e-07 0)
(-2.7629537405134514e-06 -4.7601799809719432e-07 2.3512287243340692e-29)
(-2.6742634838747002e-06 -4.4451532363788218e-07 2.1953847462295738e-29)
(-2.5915388558174843e-06 -4.13836873682362e-07 0)
(-2.5146330891728982e-06 -3.8391286047209005e-07 0)
(-2.4434119633053487e-06 -3.5467761272795379e-07 0)
(-2.3777530161424084e-06 -3.2606920593882473e-07 0)
(-2.3175448931880518e-06 -2.980290933795575e-07 0)
(-2.262686779961877e-06 -2.7050174965479139e-07 0)
(-2.2130878959149267e-06 -2.4343433737156986e-07 0)
(-2.1686670439334854e-06 -2.167763978059777e-07 0)
(-2.1293522117580867e-06 -1.9047956350300347e-07 0)
(-2.0950802220478922e-06 -1.6449729021386757e-07 0)
(-2.0657964282718509e-06 -1.3878460585676515e-07 0)
(-2.0414544538964579e-06 -1.1329787359259706e-07 0)
(-2.0220159727788237e-06 -8.7994567226702035e-08 0)
(-2.0074505289888127e-06 -6.2833056497285971e-08 2.0679482850362017e-30)
(-1.997735394809942e-06 -3.7772399996151814e-08 1.2435620096521821e-30)
(-1.9928554656541251e-06 -1.2772144249859418e-08 0)
(-1.9928031903557586e-06 1.2207875375707012e-08 0)
(-1.9975785300723705e-06 3.7207732780083442e-08 0)
(-2.0071889583656506e-06 6.2267591608846936e-08 0)
(-2.0216495021732246e-06 8.7427903896992975e-08 0)
(-2.0409828111118922e-06 1.1272960872865022e-07 0)
(-2.065219262376382e-06 1.3821433344918201e-07 0)
(-2.0943971026478871e-06 1.6392460053257632e-07 0)
(-2.1285626280867809e-06 1.8990404232127004e-07 0)
(-2.1677704037528528e-06 2.1619762573490461e-07 0)
(-2.2120835241820599e-06 2.4285188904523336e-07 0)
(-2.2615739172546848e-06 2.6991519304902685e-07 0)
(-2.3163226938437823e-06 2.9743798905218279e-07 0)
(-2.376420546090101e-06 3.2547310619508662e-07 0)
(-2.4419681975621646e-06 3.5407606073799292e-07 -1.1653559010009299e-29)
(-2.5130769090007358e-06 3.8330538952088118e-07 -1.2616896500456827e-29)
(-2.589869045346875e-06 4.1322300719168853e-07 0)
(-2.6724787233296142e-06 4.4389457910106196e-07 0)
(-2.7610525862628727e-06 4.7538990172565623e-07 0)
(-2.8557508956890936e-06 5.0778335258915937e-07 0)
(-2.9567478746716385e-06 5.4115578884428563e-07 0)
(-3.0642324843766729e-06 5.755933396336893e-07 0)
(-3.1784092153429344e-06 6.1118731232261314e-07 -3.0205941645437718e-29)
(-3.2994760558724554e-06 6.4802865068966263e-07 -2.1353157713413951e-29)
(-3.4277262378889848e-06 6.8624194280839775e-07 1.1308214811232611e-29)
(-3.5634177259655806e-06 7.2593843920667615e-07 0)
(-3.7067830581076231e-06 7.6723940414267025e-07 0)
(-3.858158040816361e-06 8.1028431721705703e-07 0)
(-4.0178751301832686e-06 8.5522386181740949e-07 0)
(-4.186294297753108e-06 9.0222245481279677e-07 0)
(-4.3638064175809514e-06 9.5146017725111634e-07 0)
(-4.5508356921177054e-06 1.0031347446047134e-06 0)
(-4.7478426873752221e-06 1.0574637298262227e-06 -3.4915968937570037e-29)
(-4.9553278158135425e-06 1.1146871028153451e-06 -3.6816017700488372e-29)
(-5.1738352515382382e-06 1.1750701406908596e-06 0)
(-5.4039573351447954e-06 1.2389067775011666e-06 0)
(-5.646339542829142e-06 1.3065234871288319e-06 -4.3193644020806393e-29)
(-5.9016860717496705e-06 1.3782838495871211e-06 -4.5582359749524577e-29)
(-6.1707658802642592e-06 1.454593954308038e-06 0)
(-6.4544197962757454e-06 1.5359079538657413e-06 0)
(-6.7535687369740872e-06 1.6227354629669138e-06 0)
(-7.0692227625703736e-06 1.7156499761393799e-06 0)
(-7.4024913758051959e-06 1.8152989234629673e-06 0)
(-7.7545930475372655e-06 1.9224159911440436e-06 0)
(-8.1268556488641973e-06 2.0378322376577958e-06 0)
(-8.5207949722749594e-06 2.1624582750837444e-06 0)
(-8.9380701825790763e-06 2.2974630052578923e-06 0)
(-9.3804647377686541e-06 2.4440225680737274e-06 0)
(-9.8499987985513327e-06 2.6035785783269119e-06 0)
(-1.034892713664395e-05 2.7777846616092632e-06 0)
(-1.0879754818906559e-05 2.9685585035848108e-06 -9.8884568767932044e-29)
(-1.1445277407711109e-05 3.1781367600299956e-06 -1.0595577761053758e-28)
(-1.2048621591688407e-05 3.4091360710225431e-06 0)
(-1.269329239221466e-05 3.6646345050223169e-06 0)
(-1.3383225434287583e-05 3.9482722040797705e-06 0)
(-1.4122847383578984e-05 4.264376231636198e-06 0)
(-1.4917122410052734e-05 4.6181138967441848e-06 0)
(-1.5771528452783877e-05 5.0156798583504308e-06 0)
(-1.6692638978430066e-05 5.4646179228037671e-06 0)
(-1.7687563001451755e-05 5.9741239789815973e-06 0)
(-1.8764003504856926e-05 6.5553566148937014e-06 0)
(-1.9930974451813684e-05 7.2221761729296369e-06 0)
(-2.1198346719786995e-05 7.991801774051233e-06 2.7069362542846797e-28)
(-2.257690026346762e-05 8.8857937602824397e-06 3.017045017699824e-28)
(-2.4078164573261149e-05 9.9313605379968203e-06 0)
(-2.5713953633742604e-05 1.1162993675601785e-05 0)
(-2.7495258148164866e-05 1.2624916735259027e-05 0)
(-2.9432423335991972e-05 1.4374261677083544e-05 0)
(-3.1530109489781782e-05 1.6484515927350402e-05 0)
(-3.3782762641256715e-05 1.9050843605821791e-05 0)
(-3.6168992040775099e-05 2.2196383847374793e-05 0)
(-3.8636515274053508e-05 2.6078912017402571e-05 0)
(-4.10808881080967e-05 3.0896143348929125e-05 0)
(-4.3311973739156133e-05 3.6881885133071779e-05 0)
(-4.5004647865980947e-05 4.4257384572831771e-05 0)
(-4.562877350446859e-05 5.2947482856697171e-05 1.8900257261817615e-27)
(-4.4370582102491938e-05 6.1108255735015492e-05 2.1802609541008748e-27)
(-4.0196801516592632e-05 5.868388646691026e-05 0)
(-3.2274496769732754e-05 7.4038827869148121e-06 0)
(-2.0775371713046313e-05 -0.00017603830127793928 0)
(-4.9035943021778928e-06 -0.00042142852777074015 0)
(-3.0505128723161266e-06 0.00043398123397638596 0)
(-1.3645668027008848e-05 0.00019024543418530641 0)
(-2.2382237849294886e-05 3.1746289356485165e-06 0)
(-2.9502391092285272e-05 -5.2151562125176074e-05 0)
(-3.4194674086150456e-05 -5.7816791701510065e-05 0)
(-3.6613809690669076e-05 -5.1934360528121837e-05 0)
(-3.7331071018727641e-05 -4.4706752937992792e-05 3.166166133679891e-27)
(-3.6926454206080088e-05 -3.8202510510200077e-05 2.6969695933748804e-27)
(-3.5826584607669896e-05 -3.2688195909543324e-05 0)
(-3.4331000960994807e-05 -2.8085643703857767e-05 0)
(-3.2639609068679528e-05 -2.4260251640008535e-05 0)
(-3.0880011120419563e-05 -2.1079649637440046e-05 0)
(-2.9130500719366876e-05 -1.8427376479302155e-05 0)
(-2.743696732791147e-05 -1.620601132876107e-05 0)
(-2.5824724629438399e-05 -1.4336108658019437e-05 0)
(-2.4305535777842463e-05 -1.2752362856434431e-05 0)
(-2.2882861698673599e-05 -1.1403190180349116e-05 -3.9019651107387365e-28)
(-2.1555757730034529e-05 -1.0246982398762957e-05 -3.4979517167669567e-28)
(-2.0320413310769231e-05 -9.2503088324447601e-06 0)
(-1.9171564752535495e-05 -8.3862519945313724e-06 0)
(-1.8103313249652684e-05 -7.633058768227077e-06 0)
(-1.7109600267329066e-05 -6.9730527226228068e-06 0)
(-1.6184532094513435e-05 -6.3918316601169189e-06 0)
(-1.5322618811303475e-05 -5.8777165874923936e-06 0)
(-1.4518601088810074e-05 -5.4206836439684235e-06 0)
(-1.3767585420164333e-05 -5.0127647505008166e-06 -1.6889704549215447e-28)
(-1.3065227396659195e-05 -4.6472220453615234e-06 -1.5640956574277568e-28)
(-1.2407537247287492e-05 -4.3183947483094678e-06 -1.4519523734370381e-28)
(-1.1790889607522161e-05 -4.021517707306113e-06 -1.3508645654573108e-28)
(-1.1212002876310017e-05 -3.7525588096756471e-06 0)
(-1.0667909325916375e-05 -3.5080896696318887e-06 0)
(-1.0155925905149982e-05 -3.2851817065063163e-06 -2.2016534043361488e-28)
(-9.6736262287798529e-06 -3.081321964737064e-06 -2.0635703074745382e-28)
(-9.2188135367748443e-06 -2.894345865527761e-06 0)
(-8.7894852102877962e-06 -2.7223815666921663e-06 0)
(-8.3838677159595344e-06 -2.5638006857506768e-06 -1.7138001693501672e-28)
(-8.0003372188063555e-06 -2.4172241486457413e-06 -1.6149173104293101e-28)
(-7.6373748395571442e-06 -2.2813660102382988e-06 0)
(-7.2936317976858849e-06 -2.1551581895283033e-06 0)
(-6.9678837292309981e-06 -2.0376480164579999e-06 0)
(-6.6590096624767447e-06 -1.9279924445732144e-06 0)
(-6.3659854768634492e-06 -1.8254452072107013e-06 0)
(-6.0878748939932301e-06 -1.7293438487854637e-06 0)
(-5.8238209793314703e-06 -1.6390986467282481e-06 0)
(-5.5730385370823868e-06 -1.5541832111381272e-06 0)
(-5.3348072500055777e-06 -1.4741264043543821e-06 0)
(-5.1084656041336335e-06 -1.3985056297651425e-06 0)
(-4.8934055430578861e-06 -1.3269408890991553e-06 0)
(-4.6890676313059226e-06 -1.2590896569711244e-06 0)
(-4.494936714103537e-06 -1.1946424636094213e-06 0)
(-4.3105380317237397e-06 -1.1333190670990805e-06 0)
(-4.1354337375666398e-06 -1.0748651185495482e-06 0)
(-3.9692197739919523e-06 -1.0190492392024094e-06 3.3851994689262047e-29)
(-3.8115230620120773e-06 -9.6566043443875668e-07 3.2071645829693382e-29)
(-3.6619987278017743e-06 -9.1450563745148307e-07 0)
(-3.5203254212445915e-06 -8.6540648231102321e-07 0)
(-3.3861998326347395e-06 -8.1819474580994492e-07 4.0731198737167816e-29)
(-3.2593790577641408e-06 -7.7277819351978317e-07 0)
(-3.1396085229379312e-06 -7.2893139730427561e-07 -3.6284021360443379e-29)
(-3.0266281921023188e-06 -6.8657320157412444e-07 0)
(-2.9202359568302757e-06 -6.4558455591185838e-07 0)
(-2.8202355698418414e-06 -6.0585536807530513e-07 0)
(-2.7264447849685175e-06 -5.6728409640940932e-07 2.8221572832374016e-29)
(-2.6386954899322609e-06 -5.2977607894908637e-07 2.6352688222673772e-29)
(-2.5568329757562968e-06 -4.9324322646972275e-07 0)
(-2.4807153470484534e-06 -4.5760302166397491e-07 0)
(-2.4102127181392776e-06 -4.2277789089052698e-07 0)
(-2.3452065164867063e-06 -3.886946881416718e-07 0)
(-2.2855888720264067e-06 -3.5528423515602633e-07 0)
(-2.2312620781644311e-06 -3.2248089834307369e-07 0)
(-2.1821381127988791e-06 -2.9022219793581623e-07 0)
(-2.1381382128905781e-06 -2.584484457539326e-07 0)
(-2.0991924982137689e-06 -2.2710240893530957e-07 0)
(-2.065239640965687e-06 -1.9612899586701091e-07 0)
(-2.0362265785227038e-06 -1.6547496189887635e-07 0)
(-2.0121082669395356e-06 -1.3508863133501179e-07 0)
(-1.9928474732635826e-06 -1.049196337286571e-07 0)
(-1.9784146049882041e-06 -7.4918651496573557e-08 0)
(-1.9687875753378887e-06 -4.5037176528271313e-08 0)
(-1.9639517032560271e-06 -1.5227274065037978e-08 0)
(-1.9638996467233951e-06 1.455864972112956e-08 0)
(-1.9686313673502037e-06 4.4368076632367907e-08 0)
(-1.9781541304132913e-06 7.4248599523066224e-08 0)
(-1.9924825400853493e-06 1.0424815135608937e-07 0)
(-2.0116386058143977e-06 1.3441523742072946e-07 0)
(-2.0356518422066602e-06 1.6479917172750874e-07 0)
(-2.0645594035847529e-06 1.9545032019536401e-07 0)
(-2.0984062543514087e-06 2.2642035300069779e-07 0)
(-2.1372453764935474e-06 2.5776250842988187e-07 0)
(-2.1811380158620078e-06 2.8953187066293625e-07 0)
(-2.2301539691946698e-06 3.217856642226871e-07 0)
(-2.2843719142244642e-06 3.5458356785019954e-07 0)
(-2.3438797856075771e-06 3.8798805079221958e-07 0)
(-2.4087752000097633e-06 4.220647347774939e-07 -1.3990786320180566e-29)
(-2.4791659344626106e-06 4.568827849936654e-07 -1.5146549305281592e-29)
(-2.5551704641758831e-06 4.925153330131563e-07 0)
(-2.6369185703778465e-06 5.2903993661130575e-07 0)
(-2.7245520309945179e-06 5.6653909323432937e-07 0)
(-2.8182254106444557e-06 6.0510085510605886e-07 0)
(-2.9181066739491034e-06 6.448197572646503e-07 0)
(-3.0243779115462217e-06 6.8579710966962206e-07 0)
(-3.137235800162303e-06 7.2814196058326808e-07 -3.6244081775160229e-29)
(-3.2568877641051182e-06 7.719713454104223e-07 1.4738729249363098e-41)
(-3.3835825705129625e-06 8.1738891201954382e-07 4.0694614109039492e-29)
(-3.5175743970991598e-06 8.645827793000691e-07 0)
(-3.6591170680703723e-06 9.1366583951164485e-07 0)
(-3.808508647633901e-06 9.6480491209452812e-07 0)
(-3.9660699326692719e-06 1.0181774508125864e-06 0)
(-4.1321456874502523e-06 1.0739762763263619e-06 0)
(-4.3071088745990797e-06 1.132412299489764e-06 0)
(-4.4913634161398631e-06 1.1937168526516968e-06 0)
(-4.685347010733278e-06 1.2581442499030053e-06 0)
(-4.8895342591044267e-06 1.3259747023897883e-06 0)
(-5.1044401469202093e-06 1.3975176506176778e-06 0)
(-5.3306239312182625e-06 1.4731155923509467e-06 0)
(-5.5686934814330322e-06 1.5531485003315939e-06 0)
(-5.8193101176540184e-06 1.6380389493242251e-06 0)
(-6.0831939517766278e-06 1.7282580666493151e-06 0)
(-6.3611299619896264e-06 1.8243322327063688e-06 0)
(-6.6539748578596884e-06 1.9268511670956361e-06 0)
(-6.9626646863232992e-06 2.0364773315813919e-06 0)
(-7.2882233452129664e-06 2.1539570023884799e-06 0)
(-7.6317716666505161e-06 2.280133237530499e-06 0)
(-7.9945341390332864e-06 2.4159589868259422e-06 0)
(-8.3778574874317457e-06 2.5625043527871889e-06 0)
(-8.7832609736781236e-06 2.7210506054150711e-06 0)
(-9.2123695553693477e-06 2.8929817654436614e-06 0)
(-9.6669560522179062e-06 3.0799254213376042e-06 -2.0633464489710659e-28)
(-1.0149023031366599e-05 3.283752405739867e-06 -2.2014950929513878e-28)
(-1.0660766176920519e-05 3.5066282935235244e-06 -1.1763731250010038e-28)
(-1.1204611401010184e-05 3.7510671295365023e-06 -1.2594258475214214e-28)
(-1.1783241349852605e-05 4.0199986354931501e-06 0)
(-1.2399623341059695e-05 4.316852558621503e-06 0)
(-1.305703847940619e-05 4.6456626966223799e-06 0)
(-1.3759111440166221e-05 5.0111962540590659e-06 0)
(-1.4509831699632146e-05 5.4191162069019233e-06 0)
(-1.5313546665432716e-05 5.8761643190176263e-06 0)
(-1.6175139090907625e-05 6.3903251397171416e-06 0)
(-1.7099867175919201e-05 6.9716065824693899e-06 0)
(-1.8093226632441571e-05 7.631708880405529e-06 0)
(-1.9161101671350543e-05 8.385045003954751e-06 0)
(-2.0309544128986682e-05 9.2493050152683923e-06 3.1527898437714488e-28)
(-2.1544443065711983e-05 1.0246261056003512e-05 3.5003924256239816e-28)
(-2.2871048023442565e-05 1.1402856380715481e-05 0)
(-2.4293144503914124e-05 1.2752557775105979e-05 8.7577912363957997e-28)
(-2.5811620685824631e-05 1.4337004989141768e-05 9.8746552251797769e-28)
(-2.7423002214059216e-05 1.6207783215203782e-05 0)
(-2.9115432332440225e-05 1.8430349797875559e-05 0)
(-3.0863423982681543e-05 2.1084169631865043e-05 0)
(-3.2620905514621845e-05 2.4266721260294851e-05 0)
(-3.4309274993366823e-05 2.8094517797645095e-05 0)
(-3.5800484336048091e-05 3.2699892612377302e-05 0)
(-3.6894000697193147e-05 3.8217233398231667e-05 2.701007241151438e-27)
(-3.7289491665442017e-05 4.4724051207379924e-05 3.1707515928718241e-27)
(-3.6559608757560759e-05 5.1952025247685995e-05 1.8443228556143054e-27)
(-3.4124903244236296e-05 5.7828409263113724e-05 2.0475478473600416e-27)
(-2.9419136608354427e-05 5.2144736205938342e-05 0)
(-2.229913485524684e-05 -3.2042681788136323e-06 0)
(-1.3580105988879688e-05 -0.00019024503703268672 0)
(-3.0290452275353074e-06 -0.00043390452091778188 0)
(-1.9051234030035424e-06 0.00044289217497613288 0)
(-9.1063212136358618e-06 0.00020108112974216147 0)
(-1.5674337594917102e-05 1.2011534979859394e-05 0)
(-2.1754889517411777e-05 -4.5981331216821615e-05 0)
(-2.6373202190071475e-05 -5.403485966911895e-05 0)
(-2.9299858480719189e-05 -5.0003905501758768e-05 0)
(-3.0791779583095239e-05 -4.4116801437426713e-05 3.1145525376494667e-27)
(-3.1247090095882788e-05 -3.8519442450276695e-05 2.7136824079058954e-27)
(-3.0975491264440797e-05 -3.3583551637871009e-05 0)
(-3.022463470296228e-05 -2.9325281024212979e-05 0)
(-2.9177677950406756e-05 -2.5683862481247416e-05 0)
(-2.7963109585098811e-05 -2.258106441869558e-05 0)
(-2.6668629995560598e-05 -1.9938700274093976e-05 0)
(-2.5352592546289722e-05 -1.7685332973314459e-05 0)
(-2.4052451203730716e-05 -1.5758536971308917e-05 0)
(-2.2791335961631313e-05 -1.4104869024384391e-05 0)
(-2.1582664540956735e-05 -1.2679877867599186e-05 0)
(-2.0433517966701203e-05 -1.1446504491534624e-05 0)
(-1.9346753553867076e-05 -1.0374127545404013e-05 0)
(-1.832251583944257e-05 -9.4374669663324245e-06 0)
(-1.7359263103240103e-05 -8.6156423007524133e-06 0)
(-1.6454472999624733e-05 -7.8913745151942199e-06 0)
(-1.560511385053865e-05 -7.2503897629747155e-06 0)
(-1.4807884586037482e-05 -6.6807654033858206e-06 0)
(-1.4059387750336202e-05 -6.1724670581832796e-06 0)
(-1.3356311229155709e-05 -5.7171952012209934e-06 0)
(-1.2695497300542834e-05 -5.3079299287114185e-06 0)
(-1.2073954974157096e-05 -4.9387314699154643e-06 0)
(-1.1488885613862158e-05 -4.6045591069031891e-06 0)
(-1.0937690156693234e-05 -4.3011175911441686e-06 0)
(-1.04179669579785e-05 -4.0247322105742997e-06 0)
(-9.927504504139135e-06 -3.7722465608747881e-06 -2.5409448766362101e-28)
(-9.4642709635858291e-06 -3.5409384954185036e-06 -2.3834797208572299e-28)
(-9.0264020343148981e-06 -3.3284494769008425e-06 0)
(-8.6121789921398167e-06 -3.1327364778774005e-06 0)
(-8.220071961473763e-06 -2.9520424210425557e-06 -1.9834331255048511e-28)
(-7.8486439610353139e-06 -2.7847860217633198e-06 -1.870030893254457e-28)
(-7.4965471358371647e-06 -2.6295990488845189e-06 8.8245752973029003e-29)
(-7.1625942550159995e-06 -2.4852854606652753e-06 0)
(-6.8456841567079248e-06 -2.3507862108326768e-06 -7.8815433975158746e-29)
(-6.5448047198404298e-06 -2.2251635729185766e-06 -7.4571697352942702e-29)
(-6.259026761592451e-06 -2.1075854304165232e-06 -7.0602722254602842e-29)
(-5.9874965207055352e-06 -1.997311461000625e-06 0)
(-5.7294289169006612e-06 -1.8936813075702194e-06 -6.3389822327349078e-29)
(-5.4841014823774351e-06 -1.7961044547689652e-06 -6.0102882408371449e-29)
(-5.2508488449511946e-06 -1.7040515350487465e-06 0)
(-5.0290577545857721e-06 -1.6170469128451263e-06 0)
(-4.8181626150579806e-06 -1.5346622377319782e-06 0)
(-4.6176414311203859e-06 -1.4565108600490582e-06 0)
(-4.4270121385020838e-06 -1.3822429902122755e-06 -4.6186353255348751e-29)
(-4.2458292837083098e-06 -1.3115414888446166e-06 -4.381307246267737e-29)
(-4.0736810187921766e-06 -1.2441181907562791e-06 0)
(-3.9101863831687388e-06 -1.1797106804349123e-06 0)
(-3.7549928287170205e-06 -1.1180794579599726e-06 0)
(-3.6077735665410474e-06 -1.0590053940979829e-06 0)
(-3.468221927025013e-06 -1.0022871583519726e-06 0)
(-3.3360654454738129e-06 -9.4774013867845948e-07 0)
(-3.2110530396800439e-06 -8.9521339063310524e-07 -2.9864543727001375e-29)
(-3.092936096076444e-06 -8.4452096510479846e-07 -2.8168956590350636e-29)
(-2.9814892013162121e-06 -7.9553041059231811e-07 0)
(-2.8765097371117173e-06 -7.4810929367922103e-07 0)
(-2.777809176504731e-06 -7.0213332942795747e-07 0)
(-2.6852130709059698e-06 -6.5748677285297111e-07 0)
(-2.5985603746710233e-06 -6.1406161228025785e-07 0)
(-2.5177027585473473e-06 -5.7175694098460491e-07 0)
(-2.4425039694965695e-06 -5.304781649939176e-07 0)
(-2.3728391567985032e-06 -4.9013633059899824e-07 0)
(-2.3085942524991956e-06 -4.5064753370410908e-07 0)
(-2.2496654135163801e-06 -4.1193238940399231e-07 0)
(-2.1959585227802579e-06 -3.7391554804960977e-07 0)
(-2.1473887442116047e-06 -3.3652525045595533e-07 0)
(-2.1038801268237146e-06 -2.996929162110021e-07 0)
(-2.0653652542249805e-06 -2.6335276169251476e-07 0)
(-2.0317849366514676e-06 -2.2744144307381272e-07 0)
(-2.0030879429185539e-06 -1.9189772156918963e-07 0)
(-1.9792307702478169e-06 -1.5666214707572361e-07 0)
(-1.9601774501473105e-06 -1.2167675773874463e-07 0)
(-1.945899388849919e-06 -8.6884792413780531e-08 0)
(-1.9363752411611282e-06 -5.2230413190324155e-08 0)
(-1.9315908166129109e-06 -1.7658436238688629e-08 0)
(-1.9315390169384783e-06 1.6885932482126675e-08 0)
(-1.9362198042924877e-06 5.1457357647588935e-08 0)
(-1.9456402011856439e-06 8.611063220723316e-08 0)
(-1.9598143221406887e-06 1.2090093787386855e-07 0)
(-1.9787634360101554e-06 1.5588410927037386e-07 0)
(-2.0025160596472283e-06 1.9111690333799788e-07 0)
(-2.0311080839319049e-06 2.26657276570663e-07 0)
(-2.0645829331373921e-06 2.6256467257222274e-07 0)
(-2.1029917588612301e-06 2.9890032256643657e-07 0)
(-2.1463936700111876e-06 3.3572756154446896e-07 0)
(-2.1948560006414686e-06 3.7311216316299343e-07 0)
(-2.2484546176895794e-06 4.1112269647319742e-07 0)
(-2.3072742711561949e-06 4.4983090794803306e-07 0)
(-2.3714089897427439e-06 4.8931213277920952e-07 0)
(-2.4409625254545034e-06 5.2964573957839336e-07 0)
(-2.5160488518175803e-06 5.7091561359196581e-07 0)
(-2.5967927210414737e-06 6.1321068566084655e-07 0)
(-2.6833302834339257e-06 6.5662551919352566e-07 0)
(-2.7758097645890344e-06 7.0126097351607595e-07 0)
(-2.8743921315752966e-06 7.4722497378662635e-07 0)
(-2.9792518342277121e-06 7.9463314058870052e-07 0)
(-3.0905776397029721e-06 8.4360955354264752e-07 0)
(-3.2085729388987604e-06 8.9428695611658664e-07 0)
(-3.3334598826695815e-06 9.4680296443117517e-07 0)
(-3.4654871939953862e-06 1.0013331086272057e-06 0)
(-3.6049087130946218e-06 1.0580340791214753e-06 0)
(-3.7519956880815416e-06 1.1170901343386241e-06 0)
(-3.9070545773293435e-06 1.1787024723135196e-06 0)
(-4.0704118988338902e-06 1.2430901382772278e-06 0)
(-4.242420019047849e-06 1.3104925725699047e-06 0)
(-4.4234597415419034e-06 1.3811721432559506e-06 0)
(-4.6139427583893729e-06 1.455416973241287e-06 0)
(-4.8143143607848737e-06 1.5335441619168257e-06 0)
(-5.0250564418759678e-06 1.6159034601606785e-06 0)
(-5.2466908162656581e-06 1.7028814806988272e-06 0)
(-5.4797828898585091e-06 1.7949065395382277e-06 -6.0072370091993213e-29)
(-5.7249457127951944e-06 1.8924542417742108e-06 -6.3359633811807831e-29)
(-5.9828444460598101e-06 1.9960539311670672e-06 0)
(-6.25420133421598e-06 2.1062961036590683e-06 0)
(-6.5398012230464305e-06 2.2238411039344619e-06 0)
(-6.8404976271496173e-06 2.3494292521695278e-06 0)
(-7.1572194651961301e-06 2.4838926782054012e-06 0)
(-7.490978548072858e-06 2.6281691620309644e-06 0)
(-7.8428757173932476e-06 2.7833179386068874e-06 0)
(-8.214098462112461e-06 2.9505355669209806e-06 0)
(-8.6059920476408938e-06 3.1311887271214066e-06 0)
(-9.0199936348739242e-06 3.326861771243008e-06 0)
(-9.457636596013484e-06 3.5393129217850419e-06 -2.3831738325510392e-28)
(-9.9206377432297007e-06 3.7705805185319784e-06 -2.5407079316708994e-28)
(-1.0410858962049749e-05 4.0230256843740394e-06 0)
(-1.0930331702494248e-05 4.2993719136068914e-06 0)
(-1.1481266990127187e-05 4.6027766942119867e-06 0)
(-1.2066065816043194e-05 4.9369160082427391e-06 0)
(-1.2687326400335029e-05 5.306086643650367e-06 0)
(-1.3347846291340654e-05 5.7153312449731583e-06 0)
(-1.4050615170488779e-05 6.17059198128429e-06 0)
(-1.4798789487959744e-05 6.6788924109214828e-06 0)
(-1.5595676658333846e-05 7.2485401068627053e-06 0)
(-1.6444670130478595e-05 7.8895665270957199e-06 0)
(-1.7349067972275784e-05 8.61390543211608e-06 0)
(-1.8311894485239829e-05 9.4358407110676723e-06 0)
(-1.9335661583726893e-05 1.0372661788794153e-05 0)
(-2.0421896290356366e-05 1.14452636576085e-05 0)
(-2.1570433771196661e-05 1.267894543480838e-05 0)
(-2.2778391915205161e-05 1.4104353267092888e-05 9.7201363922144424e-28)
(-2.403864353494163e-05 1.5758555818701117e-05 1.0887775914564098e-27)
(-2.5337716793711207e-05 1.7686015091718165e-05 0)
(-2.6652392058435642e-05 1.9940238709104369e-05 0)
(-2.7945084794930366e-05 2.2583644736645901e-05 0)
(-2.9157262989296998e-05 2.568766450290342e-05 0)
(-3.0200984541913825e-05 2.9330430126631349e-05 0)
(-3.0947453541074475e-05 3.3590023676476587e-05 0)
(-3.1213124731417226e-05 3.8526889457697176e-05 2.7166654315621814e-27)
(-3.0749959446772214e-05 4.4124220643080791e-05 3.1176702090465892e-27)
(-2.9248145285072931e-05 5.0009027726307282e-05 0)
(-2.6310516543565717e-05 5.4032970306394525e-05 0)
(-2.1684231331168781e-05 4.5967014803173799e-05 0)
(-1.5606804698573708e-05 -1.2028957427083396e-05 0)
(-9.0562429670352183e-06 -0.0002010447425053264 0)
(-1.8898763486701096e-06 -0.00044278280072361991 0)
(-1.1978986874680018e-06 0.00044952819108754269 0)
(-6.1251518030293124e-06 0.00020951477333722637 1.7592289011205483e-26)
(-1.1011147371587495e-05 1.9323965375788496e-05 1.7619055496886018e-27)
(-1.6102289815002237e-05 -4.0425002399571474e-05 0)
(-2.0370773906851564e-05 -5.0202312947829588e-05 0)
(-2.3424984904171255e-05 -4.7624777120197948e-05 0)
(-2.5328566050991004e-05 -4.2887575657485003e-05 0)
(-2.6319617623647168e-05 -3.8140324414179491e-05 0)
(-2.6622722706349403e-05 -3.3804405001834665e-05 0)
(-2.6430005833141769e-05 -2.9951028379989004e-05 0)
(-2.589511087594477e-05 -2.656892571151202e-05 0)
(-2.5134682225018842e-05 -2.3620386046410518e-05 0)
(-2.4234612096208563e-05 -2.1058705362498052e-05 0)
(-2.3256645136325508e-05 -1.8835588809523269e-05 -1.305820568447892e-27)
(-2.2244099295705517e-05 -1.6905341767778447e-05 -1.1693238807394676e-27)
(-2.1226713024899547e-05 -1.5226612211809037e-05 1.0509188527783326e-27)
(-2.0224331536423482e-05 -1.3763154745492004e-05 9.4795822274262547e-28)
(-1.9249840037323225e-05 -1.2483525506348886e-05 0)
(-1.8311206870876394e-05 -1.1360983908155657e-05 0)
(-1.7412909213776295e-05 -1.0372817201859366e-05 0)
(-1.6557049264288494e-05 -9.4998169233824902e-06 0)
(-1.5744175073714349e-05 -8.7257836565062372e-06 -5.9596027131254207e-28)
(-1.4973749307075689e-05 -8.0370384711777674e-06 -1.0963508628718757e-27)
(-1.4244521501276126e-05 -7.4219923821540447e-06 -5.0558603550783516e-28)
(-1.3554855429096186e-05 -6.8708492853005208e-06 0)
(-1.2902872049588161e-05 -6.375312547982219e-06 0)
(-1.2286586701603579e-05 -5.9283165933603769e-06 0)
(-1.1703988793286583e-05 -5.5238310973491436e-06 0)
(-1.1153097476564336e-05 -5.1566942777901314e-06 0)
(-1.0631997151338178e-05 -4.8224739792661553e-06 -3.265595256147174e-28)
(-1.0138858929863397e-05 -4.5173526533243884e-06 -3.0566034783232397e-28)
(-9.6719523227122043e-06 -4.2380312626965127e-06 0)
(-9.2296488083331047e-06 -3.981647372700163e-06 0)
(-8.8104307431465941e-06 -3.7456944205262235e-06 0)
(-8.4128969657414802e-06 -3.5280361641306551e-06 0)
(-8.0357356832143044e-06 -3.3267830271195439e-06 -2.2437852971371246e-28)
(-7.6777119049755534e-06 -3.1402280321183458e-06 -1.7056209865027053e-70)
(-7.3376919928130244e-06 -2.9669193896200004e-06 2.9984723834365775e-28)
(-7.0146363494879428e-06 -2.8055647881498613e-06 0)
(-6.707578924905663e-06 -2.6550188015477448e-06 -8.9359011675152118e-29)
(-6.4156256759294163e-06 -2.5142651538127162e-06 -8.4585751936251601e-29)
(-6.1379498849504305e-06 -2.3823997803661599e-06 -8.0117274815495727e-29)
(-5.8737870319211674e-06 -2.2586164123940051e-06 0)
(-5.6224299883748583e-06 -2.142194262848825e-06 -7.1986104681497211e-29)
(-5.3832245472095591e-06 -2.0324874428413036e-06 -6.8276224577533938e-29)
(-5.1555652702484549e-06 -1.9289158427234389e-06 0)
(-4.9388916598875759e-06 -1.830957274512295e-06 0)
(-4.7326846450206072e-06 -1.7381406545735453e-06 -1.1666940721632674e-28)
(-4.5364633505066612e-06 -1.6500400810595815e-06 -1.1072534558442786e-28)
(-4.3497821312612139e-06 -1.5662696807401552e-06 -5.2538273276569835e-29)
(-4.1722278514179828e-06 -1.4864791141355879e-06 -4.9849483086551792e-29)
(-4.0034173878249442e-06 -1.4103496407296464e-06 0)
(-3.8429953477184309e-06 -1.3375906543289062e-06 0)
(-3.6906319380752448e-06 -1.2679365983547337e-06 0)
(-3.5460204540393967e-06 -1.2011439857916103e-06 0)
(-3.4088740624142065e-06 -1.1369882403209645e-06 -7.617618200348907e-29)
(-3.278939839305697e-06 -1.0752738225014344e-06 -7.2030195689349756e-29)
(-3.1559735431055274e-06 -1.0158058909932298e-06 -3.4018287135151769e-29)
(-3.03973909283527e-06 -9.5840620743430425e-07 -3.2091166490952218e-29)
(-2.9300299678983948e-06 -9.029160673245842e-07 0)
(-2.8266522261871982e-06 -8.4918688100822163e-07 0)
(-2.7294263087248088e-06 -7.9708008174721161e-07 -5.3356590625856e-29)
(-2.6381862424130085e-06 -7.4646643563090262e-07 -4.9962530969044317e-29)
(-2.5527787530769422e-06 -6.9722522865513203e-07 -4.6661553981907134e-29)
(-2.4730625492946608e-06 -6.4924349756726409e-07 -4.3445970702041478e-29)
(-2.3989076885068221e-06 -6.0241524839119442e-07 0)
(-2.3301949748414632e-06 -5.5664074257857462e-07 0)
(-2.2668154043876192e-06 -5.1182585144087767e-07 -3.4241612712604715e-29)
(-2.2086696615066312e-06 -4.6788146934926431e-07 -3.1299607147085792e-29)
(-2.1556676651831352e-06 -4.2472297723448334e-07 -2.8410826438974272e-29)
(-2.107728162459908e-06 -3.8226974915465089e-07 -2.5569801658010516e-29)
(-2.0647783658208388e-06 -3.4044469583817228e-07 -2.2771305695073239e-29)
(-2.0267536315410197e-06 -2.9917384068612999e-07 -4.0020648388312884e-29)
(-1.9935971765988504e-06 -2.5838592347365787e-07 -1.7282028424655799e-29)
(-1.9652598320236848e-06 -2.1801202834256046e-07 0)
(-1.9416998307945499e-06 -1.7798523204750686e-07 0)
(-1.9228826287995935e-06 -1.3824026964497604e-07 0)
(-1.9087807575473652e-06 -9.8713214355199866e-08 0)
(-1.8993737075553961e-06 -5.9341168547931455e-08 3.9717239323890511e-30)
(-1.8946478415023285e-06 -2.0061963877011534e-08 1.3454836938181656e-30)
(-1.8945963366189561e-06 1.9186133059942619e-08 1.2786633768920459e-30)
(-1.8992191556714308e-06 5.8464710812266422e-08 3.9048858492395126e-30)
(-1.908523046814678e-06 9.7835501484298333e-08 0)
(-1.922521572515144e-06 1.3736067104879517e-07 0)
(-1.9412351670716327e-06 1.7710311339178112e-07 0)
(-1.964691223241415e-06 2.1712675045260896e-07 1.4514664609196137e-29)
(-1.9929242087017271e-06 2.5749684102521019e-07 1.7214838324151171e-29)
(-2.0259758131808856e-06 2.9828030088956038e-07 0)
(-2.0638951273222787e-06 3.3954603718855723e-07 0)
(-2.1067388546007859e-06 3.8136529996387032e-07 0)
(-2.154571557799404e-06 4.2381205430921231e-07 0)
(-2.2074659418775406e-06 4.6696337636826855e-07 0)
(-2.2655031754034773e-06 5.1089987731812157e-07 0)
(-2.3287732530199162e-06 5.557061595511127e-07 3.7174219892504357e-29)
(-2.3973754018137383e-06 6.0147130976863897e-07 4.0239985018587084e-29)
(-2.4714185348831719e-06 6.482894349368951e-07 0)
(-2.5510217553894942e-06 6.9626024783211565e-07 0)
(-2.63631491292468e-06 7.4548971091167177e-07 0)
(-2.7274392105538131e-06 7.9609074723585271e-07 0)
(-2.8245478517462643e-06 8.4818402084279549e-07 0)
(-2.9278067728199175e-06 9.0189872499396704e-07 0)
(-3.037395527879196e-06 9.573734481502437e-07 0)
(-3.1535080048907333e-06 1.0147570571279507e-06 0)
(-3.2763501845294585e-06 1.0742091732860464e-06 0)
(-3.4061571705665227e-06 1.1359053070500252e-06 0)
(-3.543174059092586e-06 1.200041974373919e-06 0)
(-3.6876544069781467e-06 1.2668143491539929e-06 0)
(-3.8398842246555855e-06 1.3364469845410453e-06 0)
(-4.0001700343458213e-06 1.4091833968263915e-06 0)
(-4.1688414763030259e-06 1.4852891165315207e-06 0)
(-4.3462537903770022e-06 1.5650547079727277e-06 0)
(-4.5327899443496357e-06 1.6487988649923498e-06 0)
(-4.7288629114293292e-06 1.7368718788703883e-06 0)
(-4.934918164473401e-06 1.8296595744645524e-06 0)
(-5.1514363959267298e-06 1.927587806561125e-06 0)
(-5.3789364834387848e-06 2.0311276141623516e-06 -6.8240856003790068e-29)
(-5.6179787201656273e-06 2.1408011441069521e-06 -2.1585314159065808e-28)
(-5.8691683279143624e-06 2.257188469709865e-06 -4.7323888144907764e-41)
(-6.1331592846975859e-06 2.3809354483583294e-06 1.6016627943926545e-28)
(-6.4106584767408396e-06 2.5127628415582355e-06 0)
(-6.7024301668949512e-06 2.6534768996298861e-06 0)
(-7.0093007943168395e-06 2.803981676185179e-06 0)
(-7.3321640872132724e-06 2.9652934412112475e-06 1.9983716881954544e-28)
(-7.6719857563952052e-06 3.1385575952094809e-06 2.1162398786841641e-28)
(-8.0298050832663432e-06 3.3250664022053195e-06 0)
(-8.4067535382458686e-06 3.5262720901091883e-06 0)
(-8.8040645387065094e-06 3.7438805956589644e-06 0)
(-9.2230569187723954e-06 3.9797952946533246e-06 0)
(-9.6651303475473121e-06 4.236128835458424e-06 -2.8651870564403005e-28)
(-1.013179535755514e-05 4.5153997140685169e-06 -3.0563590874754416e-28)
(-1.0624681498913642e-05 4.8204718804086005e-06 0)
(-1.1145518933722424e-05 5.1546448122825584e-06 0)
(-1.1696135683934839e-05 5.5217370889589674e-06 0)
(-1.2278446196467347e-05 5.9261821131222429e-06 0)
(-1.2894429771207705e-05 6.3731432647819845e-06 0)
(-1.3546094977167622e-05 6.8686529496454072e-06 0)
(-1.4235423825365743e-05 7.4197795318451729e-06 0)
(-1.4964291179470412e-05 8.0348236840895573e-06 0)
(-1.5734329060872987e-05 8.7235839779842502e-06 0)
(-1.6546780764552373e-05 9.4976546350208069e-06 0)
(-1.7402174852044133e-05 1.0370721267639519e-05 0)
(-1.829995207430033e-05 1.1358990959345962e-05 -7.7995274529017553e-28)
(-1.9237991822085299e-05 1.2481681151821915e-05 -8.5861029198000837e-28)
(-2.0211792510419428e-05 1.3761517963003254e-05 9.4850344936980783e-28)
(-2.1213370125760107e-05 1.5225267443319505e-05 1.0515817745929924e-27)
(-2.2229797019069002e-05 1.6904343180872394e-05 0)
(-2.3241159822193569e-05 1.8835007260558083e-05 0)
(-2.4217644627549862e-05 2.1058621494044346e-05 0)
(-2.5115830205144969e-05 2.3620854189008782e-05 1.6467900959657988e-27)
(-2.5873836328317907e-05 2.6569952612591046e-05 1.8569374301397188e-27)
(-2.6405603738683865e-05 2.995250607885681e-05 0)
(-2.6594296223382053e-05 3.3806032997142448e-05 0)
(-2.6286067291593195e-05 3.8141461831117795e-05 -2.6832245441072021e-27)
(-2.5288618000311254e-05 4.2887043280362399e-05 -3.0210101103646726e-27)
(-2.3377701365133665e-05 4.7620851381752785e-05 0)
(-2.0316222145000115e-05 5.0191799510658112e-05 0)
(-1.6043531011052229e-05 4.0407804972072934e-05 0)
(-1.0957039897040133e-05 -1.9329221517730873e-05 1.7628102107256893e-27)
(-6.0865188452948333e-06 -0.00020944919295765409 1.7586668462666769e-26)
(-1.186373759436662e-06 -0.00044939296962973003 0)
(-6.9692125550584752e-07 0.00045465557550135685 0)
(-4.0509130170071114e-06 0.00021622681528148628 1.8089605320283243e-26)
(-7.681760322094355e-06 2.5397428009536092e-05 2.2016969236266366e-27)
(-1.1896333866127831e-05 -3.5525522092162827e-05 0)
(-1.5731596429112003e-05 -4.6542708620720509e-05 0)
(-1.8714443632523211e-05 -4.5098024145834428e-05 0)
(-2.0789289965970235e-05 -4.1310839473897347e-05 0)
(-2.2090421573940952e-05 -3.7312948912707353e-05 0)
(-2.2776611420574967e-05 -3.354711481363162e-05 0)
(-2.2987975883583041e-05 -3.0110915244131027e-05 0)
(-2.2846885986415538e-05 -2.7022971472640579e-05 0)
(-2.2452858610532798e-05 -2.4273556941578284e-05 0)
(-2.188381498370292e-05 -2.1839584386114893e-05 0)
(-2.1199212266906704e-05 -1.9691811317743875e-05 -1.3662588030640386e-27)
(-2.0443457800959536e-05 -1.7799259714652603e-05 -1.2325482815406639e-27)
(-1.9649131925155504e-05 -1.6131727914745416e-05 1.1149740063435369e-27)
(-1.8839560632218974e-05 -1.4661327495676507e-05 1.0115019979095704e-27)
(-1.8031329765217436e-05 -1.3362327712270042e-05 0)
(-1.7236027744227538e-05 -1.2212473452315643e-05 0)
(-1.6461331225683298e-05 -1.119214973516446e-05 0)
(-1.5712211818623342e-05 -1.0284324491180269e-05 0)
(-1.499167670857567e-05 -9.4743165233281278e-06 -6.4866482595468124e-28)
(-1.4301304647743587e-05 -8.7494559127823654e-06 -1.1965580370287243e-27)
(-1.3641677390415763e-05 -8.0988856967500056e-06 -5.5313747682942754e-28)
(-1.3012689831767536e-05 -7.5132715841403211e-06 0)
(-1.241376038430924e-05 -6.9845923776088005e-06 0)
(-1.1843997633850581e-05 -6.5059437021493304e-06 0)
(-1.130231438415394e-05 -6.0713726951412366e-06 0)
(-1.0787510167217621e-05 -5.6757365520365911e-06 0)
(-1.0298330153303935e-05 -5.3145825848751107e-06 -3.6091660337008131e-28)
(-9.8335058155608285e-06 -4.9840476567515615e-06 -3.3821466529825917e-28)
(-9.3917807538745551e-06 -4.6807720599440958e-06 0)
(-8.9719156107303034e-06 -4.401823003055028e-06 0)
(-8.5727722767221643e-06 -4.1445710326012291e-06 0)
(-8.193249013585772e-06 -3.9068961839846183e-06 0)
(-7.8322452104446826e-06 -3.6867448183492558e-06 -2.4939376410702367e-28)
(-7.4887616725738014e-06 -3.4823707832971378e-06 0)
(-7.1618652108003519e-06 -3.2922426869436761e-06 2.224784779337746e-28)
(-6.8506749574964663e-06 -3.1149982214681573e-06 0)
(-6.5543657860852213e-06 -2.9494266418050507e-06 0)
(-6.2721669370346077e-06 -2.7944502266785087e-06 0)
(-6.0033592346075828e-06 -2.6491074572507379e-06 0)
(-5.7472721949542603e-06 -2.5125385347478559e-06 0)
(-5.5032811176211533e-06 -2.3839729080986534e-06 0)
(-5.2708042121457685e-06 -2.2627184982481772e-06 0)
(-5.0492998072356055e-06 -2.1481523701119501e-06 0)
(-4.8382636787365058e-06 -2.0397126451815134e-06 0)
(-4.6372265164955002e-06 -1.9368914658962484e-06 -1.3040219097310239e-28)
(-4.445751535724651e-06 -1.839228862886168e-06 -1.2379308147997001e-28)
(-4.2634322344285465e-06 -1.7463074008110699e-06 0)
(-4.0898902917218187e-06 -1.6577474967289999e-06 0)
(-3.9247735929560105e-06 -1.5732033196724363e-06 0)
(-3.7677543614313097e-06 -1.4923591655595708e-06 0)
(-3.6185271682196641e-06 -1.4149260051160698e-06 0)
(-3.4768062045756529e-06 -1.3406370112273193e-06 0)
(-3.3423327484383836e-06 -1.2692516884096196e-06 -8.5294733989694338e-29)
(-3.2148640701509377e-06 -1.2005538338617657e-06 -8.0666405296405077e-29)
(-3.0941663885137043e-06 -1.134325194076219e-06 0)
(-2.9800272267739562e-06 -1.070378474776037e-06 0)
(-2.8722508202703961e-06 -1.0085376898007911e-06 0)
(-2.7706546884379977e-06 -9.4863930945445508e-07 0)
(-2.6750696600584309e-06 -8.9053118296915363e-07 -5.9792277286300499e-29)
(-2.5853391392367777e-06 -8.3407140579874499e-07 -5.5994771250759545e-29)
(-2.5013183510846942e-06 -7.7912734420317649e-07 -5.2300376824881651e-29)
(-2.4228736862749839e-06 -7.2557475490534946e-07 -4.8700617785147111e-29)
(-2.3498821164239778e-06 -6.7329695877803264e-07 0)
(-2.2822306562034507e-06 -6.2218408093631266e-07 0)
(-2.2198158704583813e-06 -5.7213235721793549e-07 -3.8391878023397022e-29)
(-2.1625434257510501e-06 -5.2304349982359739e-07 -3.5095536510557518e-29)
(-2.1103276846923452e-06 -4.7482411547451443e-07 -3.1858265619636207e-29)
(-2.0630913410167772e-06 -4.273851693012466e-07 -2.8674007157156549e-29)
(-2.0207650930525682e-06 -3.8064148854412554e-07 -2.5536967816234782e-29)
(-1.9832873534638059e-06 -3.3451130098939356e-07 -4.488317492008214e-29)
(-1.9506039932173474e-06 -2.8891580315343519e-07 -1.938250941455841e-29)
(-1.9226681180870403e-06 -2.4377875470067318e-07 0)
(-1.8994398762393048e-06 -1.9902609451232949e-07 0)
(-1.880886295560094e-06 -1.5458557556376713e-07 0)
(-1.8669811496895314e-06 -1.1038641503526315e-07 1.1111535355168934e-29)
(-1.8577048518324067e-06 -6.6358956449942993e-08 1.1137561940286417e-29)
(-1.8530443756698301e-06 -2.2434341674750546e-08 1.5093285355197044e-30)
(-1.8529932029158516e-06 2.1455811174743099e-08 1.4340414206685214e-30)
(-1.8575512969650028e-06 6.5379725091961337e-08 4.379717241826145e-30)
(-1.8667251027997275e-06 1.0940578051235942e-07 0)
(-1.8805275731982936e-06 1.5360283293050625e-07 0)
(-1.898978221061088e-06 1.9804053461494872e-07 0)
(-1.9221031983475598e-06 2.4278966293035982e-07 1.6278961151340889e-29)
(-1.9499354020917324e-06 2.8792245799198947e-07 1.9306797198353624e-29)
(-1.9825146082190327e-06 3.3351297252594828e-07 0)
(-2.0198876340490497e-06 3.7963743705842521e-07 0)
(-2.0621085305886497e-06 4.2637464359629519e-07 0)
(-2.1092388058131314e-06 4.7380635142994866e-07 0)
(-2.1613476805144371e-06 5.2201771854968515e-07 0)
(-2.2185123784792888e-06 5.7109776323987937e-07 0)
(-2.2808184528791345e-06 6.2113986021523661e-07 4.1676576572338173e-29)
(-2.3483601511591145e-06 6.7224227634948043e-07 4.5110206693896064e-29)
(-2.4212408208437783e-06 7.2450875227701767e-07 0)
(-2.4995733585988683e-06 7.7804913615478728e-07 0)
(-2.5834807044668869e-06 8.3298007696531109e-07 0)
(-2.6730963824997029e-06 8.8942578461112024e-07 0)
(-2.7685650895358914e-06 9.4751886000057349e-07 0)
(-2.8700433509557314e-06 1.0074011884912901e-06 0)
(-2.9777002605003377e-06 1.0692249380256351e-06 0)
(-3.0917181762040323e-06 1.1331537140491904e-06 -1.141864359211693e-28)
(-3.2122926052113998e-06 1.1993636007570715e-06 -1.2087961497292744e-28)
(-3.3396353759929219e-06 1.2680416239074311e-06 0)
(-3.4739806652809004e-06 1.3394052030278316e-06 0)
(-3.6155716840273523e-06 1.4136719946008801e-06 0)
(-3.7646665482590611e-06 1.4910811965400898e-06 0)
(-3.9215507986086943e-06 1.5719000667627567e-06 0)
(-4.0865297535872551e-06 1.6564176411128045e-06 0)
(-4.2599310534397231e-06 1.7449495721320112e-06 0)
(-4.4421066633190243e-06 1.8378416357336287e-06 -1.8556740179022683e-28)
(-4.6334347434703573e-06 1.9354733568081396e-06 -1.9548113494250208e-28)
(-4.8343216235232409e-06 2.038262111387966e-06 0)
(-5.0452039039542485e-06 2.1466678105647139e-06 0)
(-5.266550698751465e-06 2.2611982558679366e-06 -2.2859620984785446e-28)
(-5.4988660238652713e-06 2.3824152727955987e-06 -4.0155868320473282e-28)
(-5.7426913297053035e-06 2.510941747396028e-06 2.3471433676309867e-41)
(-5.9986081726616395e-06 2.6474697141842598e-06 1.7862917874901768e-28)
(-6.2672410057478753e-06 2.7927696847748068e-06 0)
(-6.5492600515478094e-06 2.9477014234453555e-06 0)
(-6.8453842091222552e-06 3.1132264158369985e-06 0)
(-7.1563839425917755e-06 3.2904223388055917e-06 2.2240723814801485e-28)
(-7.483084099632668e-06 3.480499839304382e-06 2.3537562249491006e-28)
(-7.8263653419759807e-06 3.6848208102135359e-06 0)
(-8.1871592625009039e-06 3.9049148198314087e-06 0)
(-8.566451874064182e-06 4.142525295294901e-06 0)
(-8.9653698379616606e-06 4.3997514687332141e-06 0)
(-9.3850148459897998e-06 4.6786342593295884e-06 -3.1736591353900744e-28)
(-9.8264974824438104e-06 4.9818473404251018e-06 -3.3817947060582223e-28)
(-1.0291068215868055e-05 5.3123222732992277e-06 0)
(-1.0779983442786495e-05 5.6734171922898888e-06 0)
(-1.1294510229704099e-05 6.0689960279662731e-06 0)
(-1.1835901996347809e-05 6.5035122899742544e-06 0)
(-1.2405357288557224e-05 6.9821098960032788e-06 0)
(-1.3003960804227195e-05 7.5107431969614895e-06 0)
(-1.3632600726876408e-05 8.0963184735200658e-06 0)
(-1.4291854264818726e-05 8.7468592731837554e-06 0)
(-1.4981821318465747e-05 9.4717020663902611e-06 0)
(-1.5701912915259909e-05 1.0281707449896811e-05 0)
(-1.6450540496813227e-05 1.1189547388630883e-05 0)
(-1.722468414868975e-05 1.2209906519685988e-05 -8.4006768292106436e-28)
(-1.8019351859662081e-05 1.3359817116863384e-05 -9.2069589558972196e-28)
(-1.8826830188803877e-05 1.4658903378506957e-05 1.0119803659578077e-27)
(-1.9635549552550348e-05 1.6129501097396139e-05 1.1155476908314531e-27)
(-2.04288867193673e-05 1.7797177857869399e-05 0)
(-2.1183421514353238e-05 1.9689891178502546e-05 0)
(-2.186652694344451e-05 2.183782963923962e-05 0)
(-2.243372244841632e-05 2.4271923866786433e-05 1.6919573204200995e-27)
(-2.2825460415251639e-05 2.7021341830067244e-05 1.8873111545046362e-27)
(-2.2963721315329417e-05 3.0109042079666682e-05 0)
(-2.2748897464552449e-05 3.3544548380050844e-05 0)
(-2.205853424151456e-05 3.7308918578532983e-05 -2.618675634405511e-27)
(-2.0752219602346213e-05 4.1304128128376571e-05 -2.9012330109604321e-27)
(-1.8672161520798357e-05 4.508794182170025e-05 0)
(-1.568495023029457e-05 4.6527070218647896e-05 0)
(-1.1847862031966105e-05 3.5508193786285839e-05 0)
(-7.638430022582969e-06 -2.5391480248890577e-05 2.2022334631314497e-27)
(-4.0208847911361202e-06 -0.00021613778292699993 1.8083007699603595e-26)
(-6.8799512718377949e-07 -0.00045450048052678317 0)
(-3.587650127676308e-07 0.00045874598425750751 -2.65407487670238e-26)
(-2.5727447906292057e-06 0.00022167390724790541 9.2513217514049974e-27)
(-5.2222516250426101e-06 3.0485180404597935e-05 2.572058598719192e-27)
(-8.7061002713231822e-06 -3.1242393855620444e-05 0)
(-1.2105973357675671e-05 -4.3163453480119538e-05 0)
(-1.4922475297649619e-05 -4.259007009206961e-05 0)
(-1.7025391974166159e-05 -3.9564005991538574e-05 0)
(-1.8482388788526784e-05 -3.621067897629408e-05 0)
(-1.941111486796433e-05 -3.2963231862874884e-05 0)
(-1.9904695949016028e-05 -2.9928367328035087e-05 0)
(-2.0057616844922896e-05 -2.7142203802616515e-05 0)
(-1.9951278884217551e-05 -2.4613155046767332e-05 0)
(-1.9652863416752389e-05 -2.233486404316692e-05 0)
(-1.921631877570847e-05 -2.0292661395328996e-05 0)
(-1.8684014307424314e-05 -1.8467589735811086e-05 0)
(-1.8088779203900981e-05 -1.6839082314988467e-05 0)
(-1.7454929701959846e-05 -1.5387188228302611e-05 0)
(-1.680098434408313e-05 -1.4091217448312375e-05 0)
(-1.6141027225721166e-05 -1.2933714558901927e-05 0)
(-1.5484758571057219e-05 -1.1898335004946754e-05 0)
(-1.4839214359663812e-05 -1.0970457316426224e-05 0)
(-1.4209304793083568e-05 -1.0137172064114684e-05 0)
(-1.3598316770279665e-05 -9.3871402030011898e-06 0)
(-1.3008335455353345e-05 -8.710448369198941e-06 0)
(-1.2440560386392258e-05 -8.0984399829376594e-06 -5.5361766304892372e-28)
(-1.1895542438319313e-05 -7.5435696301478659e-06 -5.1517955358776535e-28)
(-1.1373365284657229e-05 -7.0392613603828615e-06 -4.8029382989969307e-28)
(-1.0873779903982171e-05 -6.5797818255963617e-06 -4.4855241245425765e-28)
(-1.0396305622755426e-05 -6.1601278949620722e-06 0)
(-9.9403065084005388e-06 -5.7759282864669527e-06 0)
(-9.5050466534463103e-06 -5.4233606779905983e-06 0)
(-9.0897259139161075e-06 -5.0990716578096686e-06 0)
(-8.6934460225987895e-06 -4.8001124463086838e-06 0)
(-8.3155021624664867e-06 -4.5239051875939101e-06 0)
(-7.9550689869498714e-06 -4.2681670305885982e-06 0)
(-7.611208515406756e-06 -4.0308645499482558e-06 0)
(-7.2832080038148215e-06 -3.8102164600081662e-06 0)
(-6.9703176587685209e-06 -3.6046384142294371e-06 0)
(-6.6718185297955359e-06 -3.4127204066015447e-06 0)
(-6.3870291533374725e-06 -3.2332058060761689e-06 0)
(-6.1153047125285459e-06 -3.0649723270166776e-06 0)
(-5.8560364122057272e-06 -2.9070155607805188e-06 -1.9657495020718726e-28)
(-5.60865070009127e-06 -2.7584347406203897e-06 -1.8645820295290244e-28)
(-5.3726081674187923e-06 -2.6184204022234264e-06 0)
(-5.1474022230717049e-06 -2.4862436663753078e-06 0)
(-4.9325576294471321e-06 -2.3612469133376838e-06 0)
(-4.7276289664340355e-06 -2.2428356534172641e-06 0)
(-4.5321990720160085e-06 -2.1304714240575761e-06 0)
(-4.3458774933230971e-06 -2.0236655726530817e-06 0)
(-4.1682989717287187e-06 -1.9219738090455739e-06 0)
(-3.999121975692514e-06 -1.824991433599109e-06 0)
(-3.8380272609120162e-06 -1.7323491818055812e-06 0)
(-3.6847162362899407e-06 -1.6437096118751979e-06 0)
(-3.5389079858337326e-06 -1.5587634305466038e-06 0)
(-3.4003443384568726e-06 -1.4772191698308131e-06 0)
(-3.2687890851980148e-06 -1.3988332934114655e-06 0)
(-3.1440115441982212e-06 -1.323353751940157e-06 0)
(-3.0257963824098916e-06 -1.2505577185405841e-06 0)
(-2.9139497861635207e-06 -1.180241044948683e-06 0)
(-2.8082889994358059e-06 -1.1122135518577969e-06 0)
(-2.7086439155350588e-06 -1.046298471763313e-06 0)
(-2.6148566005865257e-06 -9.8233122395930269e-07 0)
(-2.5267805984973212e-06 -9.201582174501772e-07 0)
(-2.4442802964727906e-06 -8.5963578825193238e-07 0)
(-2.3672303576055975e-06 -8.0062924185012164e-07 -2.6934197928890325e-29)
(-2.2955152077409515e-06 -7.4301197553162599e-07 -2.4993570475275835e-29)
(-2.2290285660753544e-06 -6.8666467427738772e-07 0)
(-2.1676730156560228e-06 -6.3147457488509162e-07 0)
(-2.1113596117349209e-06 -5.7733479122146773e-07 0)
(-2.0600075262408404e-06 -5.2414369362397591e-07 0)
(-2.0135437267892038e-06 -4.7180433614772941e-07 0)
(-1.971902688453618e-06 -4.2022392554867563e-07 2.8260887482993792e-29)
(-1.9350261368311744e-06 -3.6931332683944285e-07 2.4836476116192474e-29)
(-1.9028628207920667e-06 -3.1898660021984092e-07 0)
(-1.8753683136639843e-06 -2.6916056562117955e-07 0)
(-1.8525048417903793e-06 -2.1975439021775622e-07 0)
(-1.8342411392914255e-06 -1.7068919570056792e-07 0)
(-1.8205523282987979e-06 -1.2188768173328978e-07 1.2299214611114391e-29)
(-1.8114198239448631e-06 -7.3273762104338969e-08 7.3970124992572907e-30)
(-1.8068312635343328e-06 -2.4772211324283208e-08 0)
(-1.8067804595545662e-06 2.3691682504621912e-08 0)
(-1.8112673761085466e-06 7.2192459858224383e-08 0)
(-1.8202981288489834e-06 1.2080483105322292e-07 0)
(-1.8338850083925845e-06 1.696040186468428e-07 0)
(-1.8520465271673874e-06 2.1866610420445691e-07 0)
(-1.8748074901148815e-06 2.6806838203461035e-07 0)
(-1.9021990895489321e-06 3.1788972279293856e-07 0)
(-1.934259024770046e-06 3.6821095004225312e-07 0)
(-1.9710316471375543e-06 4.1911523296838029e-07 0)
(-2.0125681314115226e-06 4.7068849874285848e-07 0)
(-2.0589266743724775e-06 5.2301986803701659e-07 0)
(-2.1101727219233724e-06 5.7620211783695986e-07 0)
(-2.1663792259806029e-06 6.3033217591352298e-07 0)
(-2.2276269325646067e-06 6.8551165167167622e-07 -4.6106677639120837e-29)
(-2.294004702809361e-06 7.4184740871496872e-07 -4.9901085365188172e-29)
(-2.3656098686587478e-06 7.9945218532735474e-07 0)
(-2.4425486248674876e-06 8.5844526919743417e-07 0)
(-2.524936459216552e-06 9.1895323356587569e-07 0)
(-2.6128986228614409e-06 9.8111074240992077e-07 0)
(-2.7065706438490387e-06 1.0450614312417243e-06 0)
(-2.8060988914179697e-06 1.1109588705428508e-06 0)
(-2.9116411996477513e-06 1.1789676339276818e-06 0)
(-3.0233675403488024e-06 1.2492644910994814e-06 -1.2619033165671025e-28)
(-3.1414604737373265e-06 1.3220395985303168e-06 -1.3356494621430968e-28)
(-3.2661137682455395e-06 1.397496918625746e-06 0)
(-3.3975418892178034e-06 1.4758585814018436e-06 0)
(-3.5359766152103595e-06 1.557379272676632e-06 0)
(-3.6816543553009935e-06 1.6422986870974659e-06 0)
(-3.8348317937150048e-06 1.7309102485026627e-06 0)
(-3.9957901760261884e-06 1.8235230936168371e-06 0)
(-4.1648280020430497e-06 1.9204745520869239e-06 0)
(-4.3422643672718619e-06 2.0221338199983321e-06 -2.0466640936654575e-28)
(-4.5284406447352265e-06 2.1289055263938114e-06 -2.1553426825217272e-28)
(-4.7237219210286835e-06 2.2412338891104572e-06 0)
(-4.9284984632122304e-06 2.3596074898939295e-06 0)
(-5.1431872345860386e-06 2.4845647229141913e-06 -2.5177912650824406e-28)
(-5.3682334437098331e-06 2.616700012289542e-06 -3.5368208157798907e-28)
(-5.6041121033450302e-06 2.7566709155215985e-06 -9.3184348510617368e-29)
(-5.8513295659685438e-06 2.9052062537782758e-06 0)
(-6.1104249880720109e-06 3.0631154389065364e-06 0)
(-6.381971658482068e-06 3.2312991934319663e-06 0)
(-6.6665781037499923e-06 3.4107618927748703e-06 0)
(-6.9648888908638975e-06 3.6026258039901541e-06 0)
(-7.2775855145044583e-06 3.8081475567176929e-06 0)
(-7.6053883348537545e-06 4.0287371734852856e-06 2.7323564688417018e-28)
(-7.9490472883716739e-06 4.2659790612925394e-06 2.8948843056084137e-28)
(-8.3092261278076692e-06 4.5216546888744508e-06 -3.0702116406368958e-28)
(-8.6869461956008366e-06 4.7977970199081442e-06 -3.2597552984959861e-28)
(-9.083032720104984e-06 5.096690058136003e-06 0)
(-9.4981055911403638e-06 5.4209108764390436e-06 0)
(-9.9331098982897513e-06 5.7734086593407883e-06 0)
(-1.0388843434306395e-05 6.1575368872471968e-06 0)
(-1.0866038845687074e-05 6.577119907560826e-06 4.485387794317113e-28)
(-1.1365330592331827e-05 7.0365292989350368e-06 4.8029559252014974e-28)
(-1.1887197132806567e-05 7.540768742105975e-06 0)
(-1.2431884673277835e-05 8.0955724318800169e-06 0)
(-1.299930602812566e-05 8.7075174022937691e-06 0)
(-1.3588905871051756e-05 9.3841502780087906e-06 0)
(-1.4199479174357986e-05 1.0134128671388958e-05 0)
(-1.4828933738060891e-05 1.0967367192918959e-05 7.5355731888566036e-28)
(-1.54739740833992e-05 1.1895205039406756e-05 8.1839874724392798e-28)
(-1.6129680652214347e-05 1.2930548573399962e-05 0)
(-1.6788993272311124e-05 1.4088003787585947e-05 -9.7205289593488903e-28)
(-1.7442106842540552e-05 1.5383913154521997e-05 -1.0631004520254132e-27)
(-1.8075093954489885e-05 1.6835980842540286e-05 0)
(-1.866940522911515e-05 1.8464416958872453e-05 0)
(-1.9200506179229868e-05 2.0289407785915588e-05 1.4090002372765167e-27)
(-1.963560865629566e-05 2.233148888252446e-05 3.1068074602278575e-27)
(-1.9932301473963965e-05 2.4609550310056284e-05 1.7146798595330613e-27)
(-2.0036581915874119e-05 2.713817837965747e-05 -1.8938349534303507e-27)
(-1.9881229001467161e-05 2.9923607677111045e-05 -2.0912475551442831e-27)
(-1.9384837398954364e-05 3.2957252937647325e-05 0)
(-1.8452951860901577e-05 3.6202838849770865e-05 0)
(-1.6991471121979828e-05 3.9553285809896263e-05 0)
(-1.4884942131854377e-05 4.2575369335470449e-05 2.9788220778001246e-27)
(-1.2066515640773504e-05 4.3144839827221945e-05 2.9958906118049948e-27)
(-8.6662736785271585e-06 3.1226443245419937e-05 0)
(-5.1874511759801047e-06 -3.0469337791020066e-05 0)
(-2.5491748279623327e-06 -0.00022156606277381376 0)
(-3.5177297445229206e-07 -0.00045857498067855117 0)
(-9.5819390760271923e-08 0.00046205768199228452 -2.6693965912588537e-26)
(-1.4651817338499218e-06 0.00022619568850680531 9.4288755599886696e-27)
(-3.3705444043854634e-06 3.4786151762055792e-05 1.4428594765970312e-27)
(-6.2478392988606072e-06 -2.7502794918833383e-05 9.0411428312903304e-28)
(-9.2453530608032346e-06 -4.0088104459695769e-05 0)
(-1.184440417923377e-05 -4.0186614746637741e-05 0)
(-1.3891746329836715e-05 -3.7770724859411141e-05 1.3199311630342742e-27)
(-1.54161302072578e-05 -3.4959347490868852e-05 1.2215543400774623e-27)
(-1.6484724335144216e-05 -3.2166617605012328e-05 0)
(-1.7165782159814553e-05 -2.9501799811608186e-05 0)
(-1.7531539213737238e-05 -2.700813338538262e-05 9.4099357418303807e-28)
(-1.7645503929406197e-05 -2.4704371683661512e-05 8.5962155092480623e-28)
(-1.7563319663346738e-05 -2.2595321099949123e-05 0)
(-1.7331937698724672e-05 -2.0676889651025005e-05 0)
(-1.6989878593788735e-05 -1.8939496351169529e-05 0)
(-1.6568730293240782e-05 -1.7370482104864308e-05 0)
(-1.6091695640797674e-05 -1.5955786807357557e-05 5.5135079933820589e-28)
(-1.5577855962364532e-05 -1.4681058294518635e-05 5.0662049347288468e-28)
(-1.5043145156730867e-05 -1.3532354100279999e-05 4.6637332893238707e-28)
(-1.4498073835068872e-05 -1.2496549885628234e-05 4.301373783233875e-28)
(-1.3951048727093619e-05 -1.1561550700889573e-05 -1.1924336276031676e-27)
(-1.3408359442670941e-05 -1.0716368947806633e-05 -1.1040009950152603e-27)
(-1.2874580798969031e-05 -9.951127583313343e-06 0)
(-1.235297701562834e-05 -9.2570123317015572e-06 0)
(-1.1845810937346055e-05 -8.6261944552492492e-06 -5.9061521016838488e-28)
(-1.1354581605838238e-05 -8.0517446834270239e-06 -8.2616039188168371e-28)
(-1.0880209672985995e-05 -7.5275419651913812e-06 -7.7169720748268744e-28)
(-1.042318076216893e-05 -7.0481849336982813e-06 -4.8130436173514343e-28)
(-9.9836564712918765e-06 -6.6089085892353058e-06 0)
(-9.5615627792806617e-06 -6.2055070912241466e-06 0)
(-9.1566490296523725e-06 -5.8342765062635834e-06 0)
(-8.7685323648977838e-06 -5.4919314856541446e-06 -1.8697601020839692e-28)
(-8.3967489831133897e-06 -5.1755749433990096e-06 -1.7609520331103896e-28)
(-8.0408267029931214e-06 -4.8827059179727081e-06 0)
(-7.7002082178919257e-06 -4.6109243798616534e-06 0)
(-7.3742944817595434e-06 -4.358270189240341e-06 0)
(-7.0625353785877934e-06 -4.1229415645921323e-06 0)
(-6.7643689990009655e-06 -3.9033299583956686e-06 0)
(-6.4792421908043532e-06 -3.698000535618586e-06 0)
(-6.2066175478010935e-06 -3.505669953235334e-06 0)
(-5.9459765329352238e-06 -3.3251879208111494e-06 0)
(-5.6968214892899493e-06 -3.1555214743101753e-06 -2.1379394536342153e-28)
(-5.4586768773258534e-06 -2.9957413010256339e-06 -2.028937777427959e-28)
(-5.2310898841827397e-06 -2.8450098089113285e-06 0)
(-5.0136305639600464e-06 -2.702570701371413e-06 0)
(-4.8058916348845454e-06 -2.5677398519556317e-06 8.686657092775514e-29)
(-4.6074880299508258e-06 -2.4398973034436833e-06 8.2516960494632104e-29)
(-4.4180562761216309e-06 -2.3184802390567155e-06 0)
(-4.237253761008109e-06 -2.2029767976289384e-06 0)
(-4.0647579355593357e-06 -2.0929206274139025e-06 0)
(-3.9002655045950448e-06 -1.9878861017523274e-06 0)
(-3.7434916112712653e-06 -1.8874841529753199e-06 0)
(-3.5941684501031902e-06 -1.7913583689913628e-06 0)
(-3.4520365660373228e-06 -1.6991806236437644e-06 5.736725136161428e-29)
(-3.3168759072677534e-06 -1.6106533440521597e-06 5.4367662206928867e-29)
(-3.1884671703167659e-06 -1.5255016893875891e-06 0)
(-3.0665883349502298e-06 -1.4434639106448527e-06 0)
(-2.9510535210951835e-06 -1.36430632628142e-06 0)
(-2.8416828996071915e-06 -1.2878104711717647e-06 0)
(-2.738308086544001e-06 -1.2137734478720256e-06 4.0938000175621989e-29)
(-2.6407721999595391e-06 -1.1420066066985399e-06 3.8512237676153272e-29)
(-2.5489292451437512e-06 -1.0723341453085072e-06 0)
(-2.4626435428765916e-06 -1.0045918569476613e-06 0)
(-2.3817892147798923e-06 -9.3862601145277671e-07 0)
(-2.3062497127874484e-06 -8.7429234439272334e-07 -2.9470636278566785e-29)
(-2.2359173880181871e-06 -8.1145513610059795e-07 -2.7350007693072498e-29)
(-2.1706930947259263e-06 -7.4998636979812761e-07 0)
(-2.1104858265798436e-06 -6.8976496022100476e-07 0)
(-2.0552123836334967e-06 -6.3067604538254568e-07 0)
(-2.004797068712914e-06 -5.7261033377180703e-07 0)
(-1.9591714120023635e-06 -5.1546350091819423e-07 0)
(-1.9182739227655051e-06 -4.5913562907914553e-07 3.093912001352948e-29)
(-1.8820498671285628e-06 -4.0353068461353578e-07 2.7191546001457185e-29)
(-1.8504510709866711e-06 -3.4855602825563569e-07 0)
(-1.8234357470577096e-06 -2.9412195361267966e-07 0)
(-1.800968345297525e-06 -2.4014124990893629e-07 0)
(-1.7830194260089469e-06 -1.865287850920584e-07 0)
(-1.7695655550095408e-06 -1.332011058258925e-07 0)
(-1.7605892202921961e-06 -8.0076050751338174e-08 0)
(-1.7560787698907235e-06 -2.707237453435579e-08 0)
(-1.7560283705960672e-06 2.5890621393994568e-08 0)
(-1.7604379873085573e-06 7.8893453147569689e-08 0)
(-1.7693133829663011e-06 1.3201681755529302e-07 0)
(-1.7826661390225285e-06 1.8534195673271068e-07 0)
(-1.8005136966508092e-06 2.3895102699365188e-07 0)
(-1.8228794187490196e-06 2.9292747509147825e-07 0)
(-1.8497926730910489e-06 3.4735642471630083e-07 0)
(-1.8812889370478253e-06 4.0232507656158592e-07 0)
(-1.9174099243712127e-06 4.5792312509098025e-07 0)
(-1.9582037345877828e-06 5.1424319591154306e-07 0)
(-2.0037250258029894e-06 5.7138130698705088e-07 -1.9247621902837529e-29)
(-2.0540352117287415e-06 6.2943735846112056e-07 -2.1205225680307436e-29)
(-2.1092026837730143e-06 6.8851565516028742e-07 0)
(-2.1693030592202128e-06 7.487254667635106e-07 -5.0457790624566562e-29)
(-2.2344194566411912e-06 8.1018163127148185e-07 -5.4605255376136901e-29)
(-2.304642799575319e-06 8.7300520767259941e-07 0)
(-2.3800721496656383e-06 9.3732418444374168e-07 0)
(-2.4608150705878828e-06 1.0032742512554504e-06 0)
(-2.5469880241608508e-06 1.0709996417994325e-06 0)
(-2.6387168007948487e-06 1.1406540566586629e-06 3.8463889011196067e-29)
(-2.7361369877067295e-06 1.2124016761001381e-06 4.0889441998392979e-29)
(-2.8393944794156406e-06 1.2864182795518922e-06 0)
(-2.9486460511890674e-06 1.3628924911662799e-06 0)
(-3.0640600173794963e-06 1.4420271591796456e-06 0)
(-3.185816232865431e-06 1.5240406425840296e-06 0)
(-3.3140981509564861e-06 1.6091666831031796e-06 0)
(-3.4491314180861712e-06 1.6976665961659065e-06 0)
(-3.5911354123328648e-06 1.7898155971481515e-06 0)
(-3.7403262321024138e-06 1.8859109470907624e-06 0)
(-3.8969652900834389e-06 1.9862807893312191e-06 0)
(-4.0613201672581743e-06 2.0912815228357546e-06 0)
(-4.2336755293379961e-06 2.2013021709498585e-06 0)
(-4.4143345147079771e-06 2.3167682766030876e-06 0)
(-4.6036195004155064e-06 2.4381461035043442e-06 0)
(-4.8018729106723586e-06 2.5659474281016481e-06 0)
(-5.0094580170326367e-06 2.7007349860691889e-06 0)
(-5.2267596720450095e-06 2.8431286560313979e-06 -9.6258652080525217e-29)
(-5.4541849291345521e-06 2.9938124881052015e-06 -1.0139691432409845e-28)
(-5.6921634903463931e-06 3.153542705707678e-06 0)
(-5.9411479072409419e-06 3.3231568331923809e-06 0)
(-6.2016134389495543e-06 3.5035841263966224e-06 0)
(-6.4740574399771955e-06 3.6958575129689562e-06 0)
(-6.758998120230171e-06 3.9011272873057867e-06 0)
(-7.0569725718526446e-06 4.1206768856758579e-06 0)
(-7.3685336793444465e-06 4.355941641193037e-06 2.9598219247715939e-28)
(-7.6942415894237434e-06 4.6085322695000892e-06 3.1331615729220607e-28)
(-8.034633757985132e-06 4.8802523781913222e-06 -3.3198039905266351e-28)
(-8.3903343106419876e-06 5.1730177038058051e-06 -3.5211569292604229e-28)
(-8.7619008316831584e-06 5.4893074898387511e-06 0)
(-9.1497787238431366e-06 5.8315787675832414e-06 0)
(-9.5544420478929092e-06 6.2027295480915557e-06 0)
(-9.9762720375410488e-06 6.6060456189980378e-06 0)
(-1.0415517661053062e-05 7.0452369793090996e-06 4.8127401102962859e-28)
(-1.087225300487414e-05 7.5245079151126356e-06 5.1444827850732147e-28)
(-1.1346313998529039e-05 8.0486232160426064e-06 0)
(-1.1837211986837923e-05 8.622984517210391e-06 0)
(-1.2344022723367434e-05 9.2537132430572576e-06 0)
(-1.2865242837690294e-05 9.9477389593262687e-06 0)
(-1.3398604244463065e-05 1.0712890439999533e-05 0)
(-1.3940836386692818e-05 1.1557981734692297e-05 3.9754164095060754e-28)
(-1.4487358953536439e-05 1.2492888931868831e-05 4.3021990480275427e-28)
(-1.5031885234379729e-05 1.3528597609389697e-05 0)
(-1.5565987104546608e-05 1.4677199119617527e-05 -1.0134945648742512e-27)
(-1.6078852952325378e-05 1.595181150877164e-05 -1.1030054897789856e-27)
(-1.6555045561618619e-05 1.7366367007544807e-05 0)
(-1.6975459564841273e-05 1.8935201583840851e-05 0)
(-1.7316349224012821e-05 2.0672350893677732e-05 1.4354524389100311e-27)
(-1.754638263409566e-05 2.259043832879796e-05 3.1416630276912457e-27)
(-1.7627017917120572e-05 2.4698992428163523e-05 1.7197658864446248e-27)
(-1.7511268400063993e-05 2.7002031438835269e-05 -1.882500953457231e-27)
(-1.7143480479997177e-05 2.9494649205552956e-05 -1.02930872904111e-27)
(-1.6460088774943378e-05 3.2157971352652362e-05 1.1233237753757846e-27)
(-1.5388991694808116e-05 3.4948648865075736e-05 0)
(-1.386173417288349e-05 3.7757249222204232e-05 0)
(-1.1811881753885116e-05 4.0168784748669563e-05 2.8025969716019968e-27)
(-9.2115936335874844e-06 4.0068165286341434e-05 2.7717088169605319e-27)
(-6.2150085460357898e-06 2.7489154040515295e-05 -9.0348249700849011e-28)
(-3.3426019347215243e-06 -3.4761913611544383e-05 1.4427368775527616e-27)
(-1.4464192927382889e-06 -0.00022607265815634582 0)
(-9.0072161516405987e-08 -0.00046187374430590279 0)
(1.3196528733759667e-07 0.00046482327418599309 0)
(-6.0506782316888502e-07 0.00022998342458283066 0)
(-1.9503102185956681e-06 3.845839005967626e-05 -1.5770835430452528e-27)
(-4.3155788040988881e-06 -2.4238793507950009e-05 7.8701938726774072e-28)
(-6.9587389329884486e-06 -3.7315167108514869e-05 2.5729044803053497e-27)
(-9.3345648432962972e-06 -3.7921864406607102e-05 5.2793083967753808e-27)
(-1.1279930115948554e-05 -3.6005700314035879e-05 3.7673182080247906e-27)
(-1.2804752623128814e-05 -3.3643022419002577e-05 1.1735360881895765e-27)
(-1.3943989738858141e-05 -3.1241518873817604e-05 2.1785540012084818e-27)
(-1.4745045876650459e-05 -2.8908491949858398e-05 2.0143621610075075e-27)
(-1.5260054283858454e-05 -2.6687881083119703e-05 9.289581477729588e-28)
(-1.5538451765669432e-05 -2.4603412411435824e-05 8.5551031983248251e-28)
(-1.5625379814680321e-05 -2.266672661144856e-05 0)
(-1.5560493873999429e-05 -2.088095881970756e-05 0)
(-1.5377606743616624e-05 -1.9243433617670303e-05 0)
(-1.5105069648441992e-05 -1.7747661729694723e-05 0)
(-1.4765505908297458e-05 -1.6384317552758541e-05 5.6636114263801148e-28)
(-1.4377551644295888e-05 -1.5144655228451377e-05 5.2288618279536869e-28)
(-1.3956518811685909e-05 -1.4017811275189492e-05 4.8341709259841774e-28)
(-1.3513955162204134e-05 -1.2993651990812738e-05 4.4759195478862891e-28)
(-1.3059033410425991e-05 -1.2062515769011105e-05 -1.2451946103564557e-27)
(-1.2598881662866731e-05 -1.1215327637157105e-05 -1.1565301787726144e-27)
(-1.213896014071558e-05 -1.0443711172814362e-05 7.1725467250950024e-28)
(-1.1683402313384639e-05 -9.7400246444207644e-06 6.6828656321928959e-28)
(-1.12352927239579e-05 -9.0973516565988967e-06 0)
(-1.0796889933925156e-05 -8.5094682259886423e-06 -2.9140761768697616e-28)
(-1.0369805520523648e-05 -7.9707957814203857e-06 -2.7273504971951908e-28)
(-9.9551465136740318e-06 -7.4763480375048176e-06 0)
(-9.5536277659577064e-06 -7.0216739628532767e-06 0)
(-9.1656744111650509e-06 -6.6027905842939724e-06 0)
(-8.791471033672046e-06 -6.2161930862971701e-06 0)
(-8.4310243370672272e-06 -5.8587205453102603e-06 -1.9975740953790196e-28)
(-8.0842204409876354e-06 -5.5275705520518275e-06 -1.8835217791346707e-28)
(-7.75085158499558e-06 -5.2202462446391728e-06 0)
(-7.4306332443889681e-06 -4.9344810687533006e-06 0)
(-7.1232256862369236e-06 -4.6682945436657341e-06 0)
(-6.8282677590695295e-06 -4.4199002836251011e-06 3.00573604426464e-28)
(-6.5453766159482674e-06 -4.1876958433340562e-06 2.846496622546015e-28)
(-6.2741585108312727e-06 -3.9702436085070639e-06 0)
(-6.0142165247263885e-06 -3.7662518678272105e-06 0)
(-5.7651562198359952e-06 -3.574558175566073e-06 0)
(-5.5265897786925864e-06 -3.3941147850929809e-06 2.3032796668079556e-28)
(-5.2981390209567328e-06 -3.2239758409475609e-06 2.1870295783354339e-28)
(-5.0794375540343308e-06 -3.0632861083677194e-06 0)
(-4.870132252408484e-06 -2.9112710491306852e-06 0)
(-4.6698842178427865e-06 -2.7672280743380711e-06 9.3767238261239535e-29)
(-4.478369339840471e-06 -2.6305188244322504e-06 8.910851252418316e-29)
(-4.2952785525262797e-06 -2.500562343216118e-06 -1.6936491600773428e-28)
(-4.1203178680578483e-06 -2.3768290307990493e-06 -1.6094138745285434e-28)
(-3.9532082622059385e-06 -2.2588352796551055e-06 0)
(-3.7936854875775759e-06 -2.1461387322333186e-06 0)
(-3.6414995144765652e-06 -2.0383341708659143e-06 0)
(-3.4964126932916126e-06 -1.9350493251435367e-06 0)
(-3.3582029472381671e-06 -1.8359430507148557e-06 6.2085785154301959e-29)
(-3.2266653905717625e-06 -1.7407108540389655e-06 5.8855482432955744e-29)
(-3.101599638193878e-06 -1.6490464536320198e-06 0)
(-2.9828161674909999e-06 -1.5606883176981875e-06 0)
(-2.8701429292928371e-06 -1.4753885806021701e-06 0)
(-2.7634168940934093e-06 -1.3929169225974411e-06 0)
(-2.6624851212951783e-06 -1.3130594359232921e-06 4.4359717282701993e-29)
(-2.5672045992893329e-06 -1.2356170052925565e-06 4.1737815046177681e-29)
(-2.4774418371826417e-06 -1.1604038655444921e-06 0)
(-2.3930724510188005e-06 -1.0872463208946345e-06 0)
(-2.3139807702970152e-06 -1.0159815913452395e-06 0)
(-2.240059468616595e-06 -9.464567672374147e-07 0)
(-2.1712092194617246e-06 -8.7852785678907024e-07 0)
(-2.1073383765218375e-06 -8.1205891519360395e-07 0)
(-2.0483626776123e-06 -7.4692124577777338e-07 5.042512483255911e-29)
(-1.9942049716579644e-06 -6.8299266529859238e-07 4.6106283507167908e-29)
(-1.9447949681555093e-06 -6.201568256660762e-07 0)
(-1.9000690084571552e-06 -5.5830258580281049e-07 0)
(-1.8599698584961442e-06 -4.9732342745687713e-07 3.3567939860859597e-29)
(-1.8244465223473835e-06 -4.3711690947049996e-07 2.9503542143160397e-29)
(-1.7934540761144451e-06 -3.7758415571205248e-07 0)
(-1.7669535216514573e-06 -3.1862937187498634e-07 0)
(-1.7449116596282116e-06 -2.6015938715017303e-07 0)
(-1.7273009815313218e-06 -2.0208321677232738e-07 0)
(-1.7140995802622372e-06 -1.4431164184742605e-07 0)
(-1.7052910789235796e-06 -8.6756803009842537e-08 0)
(-1.7008645776188002e-06 -2.9331804834554833e-08 0)
(-1.7008146181460812e-06 2.8049672523210846e-08 0)
(-1.7051411662674642e-06 8.5473756831153505e-08 0)
(-1.7138496116239694e-06 1.4302676607126898e-07 0)
(-1.7269507853221468e-06 2.0079559214829733e-07 0)
(-1.7444609951724344e-06 2.5886808904089008e-07 0)
(-1.7664020787478474e-06 3.1733346849064381e-07 0)
(-1.7928014744433473e-06 3.7628270623712677e-07 0)
(-1.8236923107454024e-06 4.358089622388026e-07 0)
(-1.8591135141404434e-06 4.9600801791887644e-07 0)
(-1.8991099358939614e-06 5.5697873468695893e-07 0)
(-1.9437324981726338e-06 6.1882353682419392e-07 -2.08800382237519e-29)
(-1.993038360094559e-06 6.8164892369353764e-07 -2.3001948586125906e-29)
(-2.047091104019011e-06 7.4556601530724667e-07 0)
(-2.1059609427679555e-06 8.1069113646316699e-07 0)
(-2.1697249482273301e-06 8.7714644492349054e-07 0)
(-2.2384673018534947e-06 9.4506060960978675e-07 0)
(-2.3122795676708052e-06 1.0145695455702407e-06 0)
(-2.3912609881858291e-06 1.0858172131547264e-06 0)
(-2.4755188037616304e-06 1.1589564894201782e-06 0)
(-2.5651685958937207e-06 1.2341501217472489e-06 4.1685011049983836e-29)
(-2.6603346548696617e-06 1.3115717736487028e-06 4.4306677914632202e-29)
(-2.7611503709458377e-06 1.391407178561284e-06 0)
(-2.8677586471245557e-06 1.4738554187268547e-06 0)
(-2.9803123087179047e-06 1.5591303708392363e-06 0)
(-3.0989742306569768e-06 1.6474623710200167e-06 0)
(-3.2239159219249754e-06 1.7390994178746732e-06 0)
(-3.3553276874720651e-06 1.8343007966973536e-06 0)
(-3.4934099907405714e-06 1.9333762711467154e-06 0)
(-3.6383665878687117e-06 2.0366283430095746e-06 0)
(-3.7904195866287621e-06 2.144398131449538e-06 0)
(-3.9498066068548937e-06 2.2570580632397903e-06 0)
(-4.1167775998795682e-06 2.3750133468495711e-06 0)
(-4.2915966984588786e-06 2.4987062199803416e-06 0)
(-4.4745427558167713e-06 2.628620177677005e-06 0)
(-4.6659095669579535e-06 2.7652847203285078e-06 0)
(-4.8660059929531613e-06 2.9092807111759993e-06 0)
(-5.0751559279761047e-06 3.0612464182035971e-06 0)
(-5.2936980400063836e-06 3.2218843389311524e-06 0)
(-5.5219852071677659e-06 3.3919689205186042e-06 0)
(-5.7603835536251941e-06 3.5723553092800196e-06 0)
(-6.0092709649364486e-06 3.7639892784700581e-06 0)
(-6.269034929065266e-06 3.9679185050352936e-06 0)
(-6.5400695043159346e-06 4.1853053884392527e-06 0)
(-6.8227711467185324e-06 4.4174416354645872e-06 0)
(-7.1175329371872675e-06 4.6657649729522021e-06 0)
(-7.424736537259841e-06 4.931878176664902e-06 0)
(-7.7447406793029714e-06 5.2175667399222753e-06 0)
(-8.0778910695703275e-06 5.5247996087304985e-06 0)
(-8.4244716417439392e-06 5.8558662335202162e-06 0)
(-8.7846835185235321e-06 6.2132531511681423e-06 0)
(-9.1586430325273764e-06 6.5997607743458267e-06 0)
(-9.5463359884852466e-06 7.018538670393394e-06 0)
(-9.9475765346694873e-06 7.4731148424284072e-06 0)
(-1.036194434040564e-05 7.9674609994353826e-06 0)
(-1.0788720514970221e-05 8.5060272379102267e-06 0)
(-1.12267946300007e-05 9.0938000560451607e-06 0)
(-1.1674551569184478e-05 9.7363578966254417e-06 0)
(-1.2129728656250318e-05 1.0439924276368403e-05 0)
(-1.2589236379730262e-05 1.1211414742655753e-05 0)
(-1.3048935225120499e-05 1.2058469760253871e-05 -4.1510533814278243e-28)
(-1.350335818509022e-05 1.2989463938696256e-05 -4.4764667118443789e-28)
(-1.3945370436791094e-05 1.4013471967490903e-05 0)
(-1.4365779336140783e-05 1.5140164793467518e-05 0)
(-1.4752938909952147e-05 1.63796669543143e-05 0)
(-1.5091703847054169e-05 1.7742574556496239e-05 0)
(-1.5363421289548201e-05 1.9238083617058852e-05 0)
(-1.5545269227891321e-05 2.087523864658835e-05 0)
(-1.5608965503997326e-05 2.2660493149100471e-05 0)
(-1.5520693505250033e-05 2.4596489044587134e-05 0)
(-1.524079069575563e-05 2.668003103352572e-05 0)
(-1.4724123312411829e-05 2.8899401459386255e-05 1.0072444424485835e-27)
(-1.3921263209394856e-05 3.1230780903127939e-05 -1.0892557359763861e-27)
(-1.2780184666245936e-05 3.3630062042101926e-05 -2.346771647524891e-27)
(-1.1253514383244673e-05 3.5989954476835775e-05 0)
(-9.3061681936495176e-06 3.7902827042125035e-05 0)
(-6.9296190104377549e-06 3.7294647878349973e-05 0)
(-4.2888791693126685e-06 2.4227135459155937e-05 -7.8633106562738848e-28)
(-1.9280566712219975e-06 -3.84262611848854e-05 1.576613104552618e-27)
(-5.8954031871206223e-07 -0.00022984756581073673 0)
(1.3702421298101993e-07 -0.00046462904235894712 0)
(3.0673871135734154e-07 0.00046717976210878701 0)
(6.8424156011831794e-08 0.00023319211454130029 1.938374679455844e-26)
(-8.3691867815890664e-07 4.1620825960004748e-05 3.3828330597684128e-27)
(-2.7837935743351757e-06 -2.1374137242525882e-05 0)
(-5.0998356778556265e-06 -3.4821301346696292e-05 2.3939124029967809e-27)
(-7.2644749839484788e-06 -3.5822938380314042e-05 4.977683541700536e-27)
(-9.0946775743688131e-06 -3.4303082788034559e-05 2.3887605976928056e-27)
(-1.0578410481351203e-05 -3.2312588095815127e-05 0)
(-1.1740614700881311e-05 -3.0246943928485778e-05 2.1062979169532262e-27)
(-1.2610978242984914e-05 -2.8206677335696907e-05 1.9631363166046219e-27)
(-1.3226325190773276e-05 -2.6234810904775284e-05 0)
(-1.3624334608173946e-05 -2.4357123262270939e-05 -1.6925899351413844e-27)
(-1.3840864495121901e-05 -2.2588916801846742e-05 -1.5682701579990525e-27)
(-1.3908644551941417e-05 -2.0937901738180903e-05 0)
(-1.3856581493805519e-05 -1.9406174846031825e-05 0)
(-1.3709614230139209e-05 -1.7991849617064281e-05 1.2452989631754245e-27)
(-1.3488689148185929e-05 -1.6690225185988594e-05 0)
(-1.3211349690436178e-05 -1.5495520307431373e-05 -1.0702835147557013e-27)
(-1.2892141921852979e-05 -1.4400461891803228e-05 0)
(-1.2542778330375937e-05 -1.3397564090943271e-05 0)
(-1.2172724373812785e-05 -1.2479339514184342e-05 -8.5934127579738977e-28)
(-1.1789554845941378e-05 -1.1638510283028268e-05 -8.0067607310312755e-28)
(-1.1399277805065739e-05 -1.0868161537404133e-05 7.4699137180565104e-28)
(-1.1006617497805173e-05 -1.0161828547034756e-05 6.9782534112329531e-28)
(-1.0615254517058373e-05 -9.5135370400523265e-06 0)
(-1.0228025728655867e-05 -8.9178132227145946e-06 0)
(-9.8470894824050256e-06 -8.3696731101473513e-06 0)
(-9.474058941527104e-06 -7.8646013522582602e-06 0)
(-9.1100990159869947e-06 -7.3985179979668241e-06 0)
(-8.7560819007861769e-06 -6.9676813112593105e-06 0)
(-8.4125789887217908e-06 -6.5688906575157298e-06 0)
(-8.0799098287647369e-06 -6.1991101150903386e-06 0)
(-7.7582746805745733e-06 -5.8556632209665464e-06 0)
(-7.4477372180116213e-06 -5.5361490485064387e-06 -3.7753836843952561e-28)
(-7.1482565152661231e-06 -5.2383997772515832e-06 -3.5704450391692745e-28)
(-6.8597136949969337e-06 -4.960473910632863e-06 0)
(-6.5819366766504528e-06 -4.7006220577549344e-06 0)
(-6.3147123223603984e-06 -4.4572677108158804e-06 -3.0336756565609168e-28)
(-6.0577982138075977e-06 -4.2289891272598508e-06 -2.8770603412243218e-28)
(-5.8109321133764558e-06 -4.014502849893236e-06 0)
(-5.5738394487679563e-06 -3.8126489136519503e-06 0)
(-5.3462391532966578e-06 -3.6223776622412561e-06 2.4614704481186377e-28)
(-5.1278481992374897e-06 -3.4427380236969663e-06 2.3385707723943921e-28)
(-4.9183850910064032e-06 -3.2728670932586068e-06 0)
(-4.7175725286001142e-06 -3.1119808807665878e-06 0)
(-4.5251394088801874e-06 -2.9593660919108483e-06 0)
(-4.3408222975270484e-06 -2.8143728221324827e-06 0)
(-4.1643664812241979e-06 -2.6764080489301111e-06 -1.8152325874774833e-28)
(-3.9955266962381014e-06 -2.5449298227851106e-06 -1.7256049812592267e-28)
(-3.8340676357816198e-06 -2.4194420478366151e-06 0)
(-3.6797643945450637e-06 -2.2994896419921362e-06 0)
(-3.5324022029222558e-06 -2.184654471763342e-06 -1.4802513421825656e-28)
(-3.3917773287277819e-06 -2.0745535274966727e-06 -1.4053335057237847e-28)
(-3.2576980937181377e-06 -1.9688396175109139e-06 0)
(-3.1299793090237219e-06 -1.8671826335490807e-06 0)
(-3.0084446328283597e-06 -1.7692779006276072e-06 0)
(-2.8929304607729775e-06 -1.6748490277714957e-06 0)
(-2.7832821248525942e-06 -1.5836380085881481e-06 1.0718214857143538e-28)
(-2.6793537537640834e-06 -1.4954049222587717e-06 1.0119505231524654e-28)
(-2.5810081680554293e-06 -1.4099265089424917e-06 0)
(-2.4881166283792591e-06 -1.326994628411569e-06 0)
(-2.4005585595558011e-06 -1.2464148417360166e-06 0)
(-2.3182212675262042e-06 -1.1680051241539182e-06 0)
(-2.2409996600081868e-06 -1.0915946959852473e-06 0)
(-2.1687959771112506e-06 -1.0170229583294325e-06 6.8772733740890475e-29)
(-2.1015195348138818e-06 -9.4413852110651775e-07 6.3838389346701872e-29)
(-2.0390864825403896e-06 -8.7279831274552288e-07 0)
(-1.981419575529605e-06 -8.0286676222301985e-07 5.4277818017289354e-29)
(-1.9284479623872611e-06 -7.3421504516088146e-07 4.9633441098256146e-29)
(-1.8801069881107385e-06 -6.6672038685072808e-07 0)
(-1.8363380126826162e-06 -6.0026541539269909e-07 0)
(-1.7970882452984588e-06 -5.3473755913308086e-07 3.6143856797926458e-29)
(-1.762310594234032e-06 -4.7002848287350191e-07 6.3538825614124712e-29)
(-1.7319635322391737e-06 -4.060335579655736e-07 2.7443843381420987e-29)
(-1.706010977354572e-06 -3.4265136167330954e-07 0)
(-1.6844221890567087e-06 -2.7978320165468685e-07 0)
(-1.6671716795461971e-06 -2.1733266158557372e-07 0)
(-1.6542391400568322e-06 -1.5520516424827185e-07 0)
(-1.6456093820427554e-06 -9.330754885777345e-08 0)
(-1.6412722931163322e-06 -3.1547658927646491e-08 0)
(-1.6412228077472718e-06 3.0166062052030991e-08 0)
(-1.6454608926174656e-06 9.1924970460777633e-08 0)
(-1.6539915465283552e-06 1.5382062089287719e-07 0)
(-1.6668248149403939e-06 2.159451659867639e-07 0)
(-1.6839758191938295e-06 2.7839176082586594e-07 0)
(-1.7054648004168707e-06 3.4125497493004313e-07 0)
(-1.731317178215603e-06 4.0463121497972802e-07 0)
(-1.7615636242443969e-06 4.6861916171235566e-07 0)
(-1.796240150803721e-06 5.333202241271274e-07 0)
(-1.8353882145758819e-06 5.9883901509318861e-07 0)
(-1.8790548356637743e-06 6.6528385182624526e-07 0)
(-1.9272927320914335e-06 7.3276728585131768e-07 0)
(-1.980160469822711e-06 8.0140666662694362e-07 0)
(-2.0377226284294791e-06 8.7132474415596545e-07 0)
(-2.100049982356725e-06 9.4265031575376855e-07 6.3726291821457246e-29)
(-2.1672196977901906e-06 1.0155189230877587e-06 6.8660195879957655e-29)
(-2.239315544980707e-06 1.090073606162283e-06 -7.3709712711497892e-29)
(-2.3164281255361259e-06 1.1664657216006999e-06 -7.8885247468701087e-29)
(-2.3986551143643445e-06 1.2448558330399229e-06 0)
(-2.4861015154095831e-06 1.3254146837054756e-06 0)
(-2.5788799297331251e-06 1.4083242604589428e-06 0)
(-2.6771108332130381e-06 1.4937789627793782e-06 0)
(-2.7809228577979789e-06 1.5819868885595018e-06 0)
(-2.8904530639092808e-06 1.6731712522571137e-06 0)
(-3.0058471845616999e-06 1.7675719275336498e-06 0)
(-3.127259724026417e-06 1.8654468387257017e-06 0)
(-3.254854563627305e-06 1.9670719106848839e-06 0)
(-3.3888078648321771e-06 2.0727525396599024e-06 0)
(-3.5293043705700932e-06 2.1828180066412569e-06 0)
(-3.6765355686701781e-06 2.2976155724841166e-06 0)
(-3.830704950713488e-06 2.4175285716222475e-06 0)
(-3.9920273713285229e-06 2.5429750542762695e-06 0)
(-4.1607276825539791e-06 2.6744098508158855e-06 0)
(-4.3370409987701376e-06 2.8123289145028019e-06 0)
(-4.5212123758764162e-06 2.9572740873799673e-06 0)
(-4.713496317818066e-06 3.1098382918272369e-06 0)
(-4.9141560429957625e-06 3.2706713291633892e-06 0)
(-5.123462425543783e-06 3.4404863867938553e-06 0)
(-5.3416925185652422e-06 3.6200673440364821e-06 0)
(-5.5691275478632526e-06 3.8102769924246389e-06 0)
(-5.8060502417734321e-06 4.0120662892432917e-06 0)
(-6.0527413285636366e-06 4.2264847764227566e-06 0)
(-6.3094749882312127e-06 4.4546923064055667e-06 0)
(-6.5765129856948902e-06 4.6979722225581888e-06 0)
(-6.8540971366421991e-06 4.9577461351578515e-06 0)
(-7.1424398207749746e-06 5.2355902953405957e-06 -3.5693387752724897e-28)
(-7.4417123239916064e-06 5.5332533717919135e-06 -3.7743107680538888e-28)
(-7.7520348152419264e-06 5.852674789561354e-06 0)
(-8.0734472870887171e-06 6.1960279597004648e-06 0)
(-8.4058841807947186e-06 6.5657136855968119e-06 0)
(-8.7491565264586091e-06 6.9644095770777975e-06 0)
(-9.1029179669694875e-06 7.3951077250948758e-06 0)
(-9.4665953291687802e-06 7.8610857736321593e-06 0)
(-9.8393406062961398e-06 8.3660418499973996e-06 -5.7329439893704483e-28)
(-1.0219974938304257e-05 8.9140571227486154e-06 -6.1133063422430149e-28)
(-1.0606881323979699e-05 9.5096483876995305e-06 0)
(-1.0997898498362608e-05 1.0157799223517273e-05 0)
(-1.1390185986099425e-05 1.0863982265231978e-05 0)
(-1.1780058753879512e-05 1.1634170015467393e-05 0)
(-1.2162787182534834e-05 1.2474824798671064e-05 0)
(-1.2532356736494096e-05 1.3392858101600247e-05 0)
(-1.2881184368043062e-05 1.4395543769141389e-05 0)
(-1.3199792103520713e-05 1.5490365324403394e-05 0)
(-1.3476443172189932e-05 1.6684792095835081e-05 1.1541204171717088e-27)
(-1.3696628882984517e-05 1.7986003425848232e-05 1.2454276262406391e-27)
(-1.3842795442771933e-05 1.9399921545754222e-05 0)
(-1.3893939513522636e-05 2.0931142057318294e-05 1.4523480758531046e-27)
(-1.3825130652592722e-05 2.2581512514805565e-05 1.5683820594339452e-27)
(-1.3607465217449762e-05 2.4348896773144931e-05 0)
(-1.3208221623465661e-05 2.622553303330653e-05 0)
(-1.2591565182356677e-05 2.8196058263063887e-05 0)
(-1.1719856006833414e-05 3.0234613689883262e-05 -2.1059680733318091e-27)
(-1.0556345198976136e-05 3.2298100181062842e-05 -2.2501957080023974e-27)
(-9.0712567832261827e-06 3.4286030888951394e-05 0)
(-7.2400346468959972e-06 3.5803198598066563e-05 0)
(-5.0754675197807098e-06 3.4800762337203427e-05 0)
(-2.7611513492133824e-06 2.1364595363929947e-05 0)
(-8.1829667985461727e-07 -4.1581738661478535e-05 0)
(8.0786849264493531e-08 -0.00023304555272301637 0)
(3.1083311421175591e-07 -0.00046697720250297732 0)
(4.3900431728220029e-07 0.00046919707681844714 5.4087068145951539e-26)
(5.983072498769332e-07 0.00023595400205471309 1.9586577991996502e-26)
(5.7426213034443092e-08 4.4363296889813984e-05 2.537712827006428e-58)
(-1.5432494782172193e-06 -1.8841634227579527e-05 0)
(-3.5810930483377634e-06 -3.2572671853373837e-05 0)
(-5.5459556174239258e-06 -3.3892269096054948e-05 0)
(-7.2513286815744574e-06 -3.2688026584806706e-05 0)
(-8.6750679441708965e-06 -3.1004079572708845e-05 0)
(-9.828498383644746e-06 -2.9223269245874055e-05 0)
(-1.0731746507528667e-05 -2.7438764560173636e-05 0)
(-1.1410365699822913e-05 -2.5690177366979115e-05 0)
(-1.1892542804550648e-05 -2.4003514312849037e-05 -1.6666859035783026e-27)
(-1.2206156703979236e-05 -2.2395570026431328e-05 -1.5538669786835382e-27)
(-1.2377751755230122e-05 -2.0876750615048922e-05 0)
(-1.2431554608728178e-05 -1.9452324637632338e-05 0)
(-1.2389119993950051e-05 -1.8123722137528885e-05 1.2542203267371633e-27)
(-1.2269176601401035e-05 -1.6889602522713278e-05 0)
(-1.2087788355257507e-05 -1.5746844211810025e-05 -4.1650724086547096e-42)
(-1.1858562598493504e-05 -1.4690956948073715e-05 1.0138712150152582e-27)
(-1.1592832786668807e-05 -1.3716746870843519e-05 0)
(-1.1299979603706685e-05 -1.2818669137698812e-05 0)
(-1.0987703686579818e-05 -1.1991088039046842e-05 0)
(-1.0662278404714271e-05 -1.1228459411470888e-05 -7.7219650747630154e-28)
(-1.03287778156276e-05 -1.0525450799773357e-05 -7.232585519394305e-28)
(-9.9912773989882349e-06 -9.8770170079469464e-06 0)
(-9.6530260032280985e-06 -9.2784429070109698e-06 -6.3658486513164695e-28)
(-9.316593649144913e-06 -8.7253593330998644e-06 -5.982023763688299e-28)
(-8.9839914004951035e-06 -8.213745521883574e-06 0)
(-8.6567077240011275e-06 -7.7399196309276176e-06 0)
(-8.3360470696505008e-06 -7.3005233227966128e-06 0)
(-8.0228998365192843e-06 -6.8925042419799173e-06 0)
(-7.7177968996862601e-06 -6.5130848610659495e-06 0)
(-7.4212593736103392e-06 -6.1597509705185016e-06 0)
(-7.133588140590567e-06 -5.8302245007533046e-06 -3.9799968116671601e-28)
(-6.8549581059079147e-06 -5.5224400222950347e-06 -3.7679674894042287e-28)
(-6.5854479661348004e-06 -5.2345297223918998e-06 0)
(-6.3250615586565042e-06 -4.9648020095195889e-06 -3.3842767842012709e-28)
(-6.0737436849600285e-06 -4.7117242283461963e-06 -6.4206935270874374e-28)
(-5.8313936494198479e-06 -4.4739069826647029e-06 -3.0470254317214901e-28)
(-5.5978763106380835e-06 -4.2500899016436145e-06 0)
(-5.3730310317730553e-06 -4.0391287289399457e-06 0)
(-5.1566788883927037e-06 -3.8399836664748572e-06 0)
(-4.9486284516264303e-06 -3.6517088836151745e-06 0)
(-4.7486804107560691e-06 -3.4734430952761088e-06 0)
(-4.5566312507243972e-06 -3.304401112077719e-06 0)
(-4.372276158896347e-06 -3.1438662704135239e-06 4.2718965702930217e-28)
(-4.1954112965839005e-06 -2.9911836545619869e-06 4.0632665595612854e-28)
(-4.0258355529327525e-06 -2.8457540140094988e-06 -1.9323297738998054e-28)
(-3.8633518667412688e-06 -2.7070283301521582e-06 -1.8376562830613443e-28)
(-3.7077680811966862e-06 -2.574502733499963e-06 0)
(-3.5588979112717329e-06 -2.4477121591686723e-06 -1.6608213637749263e-28)
(-3.4165633997358162e-06 -2.3262272973783053e-06 -3.1560089269542915e-28)
(-3.2805978388201904e-06 -2.2096711133890489e-06 -1.4986329067269338e-28)
(-3.1508320530833227e-06 -2.0976721999641762e-06 0)
(-3.02710367353166e-06 -1.9898938062353379e-06 0)
(-2.9092660322675399e-06 -1.8860274509690147e-06 0)
(-2.797176275302559e-06 -1.7857865547212531e-06 0)
(-2.6906988236675975e-06 -1.6889046756406787e-06 1.1444222991001425e-28)
(-2.5897053943113937e-06 -1.5951338806622468e-06 1.0807190370120449e-28)
(-2.4940748272813859e-06 -1.5042430967198918e-06 0)
(-2.4036929319092173e-06 -1.4160165796934802e-06 0)
(-2.3184523327457661e-06 -1.3302525094985352e-06 0)
(-2.2382523051156974e-06 -1.2467617063052864e-06 0)
(-2.1629986043668532e-06 -1.1653664590293392e-06 0)
(-2.0926032936412362e-06 -1.0858994546939967e-06 7.3517886727255598e-29)
(-2.026984573765933e-06 -1.0082027979973354e-06 6.825152132227061e-29)
(-1.9660666174840429e-06 -9.3212711103886656e-07 0)
(-1.9097794098637314e-06 -8.5753070443544634e-07 0)
(-1.8580585961662275e-06 -7.8427881168722341e-07 0)
(-1.8108453382961028e-06 -7.1224288002346858e-07 0)
(-1.768086180652333e-06 -6.4129991086363818e-07 0)
(-1.7297329258739426e-06 -5.7133184436646704e-07 0)
(-1.6957425210575702e-06 -5.0222498250123537e-07 3.3986320246700869e-29)
(-1.666076954785725e-06 -4.3386944598590152e-07 2.936049895369302e-29)
(-1.640703165217316e-06 -3.6615866031987532e-07 0)
(-1.6195929593970796e-06 -2.9898886703629793e-07 0)
(-1.602722943971373e-06 -2.322586560940082e-07 0)
(-1.5900744673602561e-06 -1.6586851570892642e-07 0)
(-1.5816335733816861e-06 -9.9720396544307239e-08 0)
(-1.5773909665038931e-06 -3.371728641155502e-08 0)
(-1.5773419885927106e-06 3.223720720640689e-08 0)
(-1.5814866072953259e-06 9.8239270105049116e-08 0)
(-1.5898294159990293e-06 1.6438529274096367e-07 0)
(-1.6023796452977622e-06 2.307722832352343e-07 0)
(-1.6191511861350525e-06 2.9749828487915252e-07 0)
(-1.6401626244764314e-06 3.6466280127156213e-07 0)
(-1.6654372875366206e-06 4.3236723222125371e-07 0)
(-1.6950033014960573e-06 5.0071532387052332e-07 0)
(-1.7288936606756506e-06 5.6981363615770922e-07 0)
(-1.7671463081010684e-06 6.3977203163236576e-07 0)
(-1.809804227299625e-06 7.1070418926417209e-07 0)
(-1.8569155451468648e-06 7.8272814757233632e-07 0)
(-1.9085336455464057e-06 8.5596688138537328e-07 0)
(-1.9647172935110874e-06 9.305489173409438e-07 0)
(-2.025530769194644e-06 1.0066089932750358e-06 6.8130796510234289e-29)
(-2.091044011308384e-06 1.0842887675039718e-06 7.3396676636000201e-29)
(-2.161332768996587e-06 1.1637375843761863e-06 -7.8784016850661605e-29)
(-2.2364787611224293e-06 1.2451133033989403e-06 -8.4303683597859115e-29)
(-2.3165698414898495e-06 1.3285831993417829e-06 0)
(-2.4017001683463899e-06 1.4143249428918584e-06 0)
(-2.4919703756756628e-06 1.5025276708454422e-06 0)
(-2.5874877427485603e-06 1.5933931571953793e-06 0)
(-2.6883663575083148e-06 1.6871370956311972e-06 0)
(-2.7947272695372118e-06 1.7839905028670454e-06 0)
(-2.9066986439484354e-06 1.8842012454126775e-06 0)
(-3.0244159385711613e-06 1.9880356787963921e-06 0)
(-3.1480219863738881e-06 2.095780270596053e-06 0)
(-3.2776638945846235e-06 2.2077438396836119e-06 0)
(-3.4135035548578805e-06 2.3242629653652369e-06 0)
(-3.5557090215200728e-06 2.4457065812101076e-06 0)
(-3.704447124870898e-06 2.5724548406995611e-06 0)
(-3.8598963203872815e-06 2.704936589839968e-06 0)
(-4.0222428379319883e-06 2.8436160189723998e-06 0)
(-4.1916785189708974e-06 2.9889968756130141e-06 0)
(-4.3684001893172699e-06 3.1416281064141184e-06 0)
(-4.5526087508460699e-06 3.3021088669034753e-06 0)
(-4.7445078327680138e-06 3.4710939593123962e-06 0)
(-4.9443020248357877e-06 3.6492999246383186e-06 0)
(-5.1521946011011042e-06 3.8375118210126552e-06 0)
(-5.3683846079978005e-06 4.0365907940506228e-06 0)
(-5.5930631805010011e-06 4.2474825257151266e-06 0)
(-5.8264089114521433e-06 4.4712266552295691e-06 0)
(-6.068582057624992e-06 4.7089672659422033e-06 0)
(-6.3197173173479813e-06 4.961964531921584e-06 0)
(-6.5799148639092023e-06 5.2316076057139679e-06 0)
(-6.8492292999546562e-06 5.5194287956357867e-06 -3.766722028628948e-28)
(-7.127656184206531e-06 5.8271191835343138e-06 -3.9787780754984853e-28)
(-7.4151164808155301e-06 6.1565459374703654e-06 0)
(-7.7114327446429757e-06 6.5097757110341359e-06 0)
(-8.0163018999668492e-06 6.8890858771659034e-06 0)
(-8.3292489918036439e-06 7.2969898152536006e-06 0)
(-8.6496597904441693e-06 7.7362648368880021e-06 0)
(-8.9766424079953738e-06 8.209962468382537e-06 0)
(-9.3089729892697269e-06 8.7214403704612981e-06 -5.9811725511490009e-28)
(-9.6451139748004515e-06 9.2743795295926048e-06 -6.3650839126939645e-28)
(-9.9830525262936182e-06 9.8727995898828453e-06 0)
(-1.032021768823431e-05 1.0521068310524509e-05 0)
(-1.0653357860189804e-05 1.1223898933741735e-05 0)
(-1.097839384134926e-05 1.1986333991567767e-05 0)
(-1.1290247133049588e-05 1.2813702705980573e-05 0)
(-1.1582639207551553e-05 1.3711544732652984e-05 0)
(-1.1847863205696521e-05 1.4685489696067327e-05 1.0138742753396994e-27)
(-1.2076530999756517e-05 1.5741073781135251e-05 1.0877525388190744e-27)
(-1.2257300800039231e-05 1.6883476453918227e-05 1.1677708784456702e-27)
(-1.237657438548041e-05 1.8117158424943224e-05 1.2542404165968208e-27)
(-1.2418282636021277e-05 1.9445261148867143e-05 0)
(-1.2363678095015861e-05 2.0869086341688952e-05 1.4472859888130246e-27)
(-1.2191209219492167e-05 2.2387173182882796e-05 1.553814941499705e-27)
(-1.1876658184857874e-05 2.3994215879875253e-05 0)
(-1.1393494877226293e-05 2.5679764675671374e-05 0)
(-1.0713877491263497e-05 2.7426987307728457e-05 0)
(-9.8096510475130049e-06 2.9209793777622812e-05 0)
(-8.6553079992889634e-06 3.0988583776120715e-05 0)
(-7.2307924137145847e-06 3.26701738029573e-05 0)
(-5.524864209065509e-06 3.3871919354348775e-05 0)
(-3.5603301755282067e-06 3.2553080943250215e-05 0)
(-1.5241212987743377e-06 1.883487477543206e-05 0)
(7.2979815182737961e-08 -4.4318830451058619e-05 0)
(6.0829293118937936e-07 -0.00023579885148440608 0)
(4.4234146583114102e-07 -0.00046898746135483815 0)
(5.4209440352734089e-07 0.00047094097033109145 5.4260256811369782e-26)
(1.0227910521415758e-06 0.00023835753185685833 0)
(7.8538221992459651e-07 4.676718928626515e-05 -3.7471603715681275e-27)
(-5.2526528310644222e-07 -1.6598144577971024e-05 0)
(-2.3259059128253933e-06 -3.0549867261201502e-05 0)
(-4.1095120317639826e-06 -3.2114610819207088e-05 0)
(-5.6882179392339903e-06 -3.1169605076723026e-05 0)
(-7.0401011585885726e-06 -2.9739215842156574e-05 0)
(-8.165717920164649e-06 -2.8199253356455843e-05 0)
(-9.0767198478764118e-06 -2.6635811441170595e-05 0)
(-9.7909404137015479e-06 -2.5085639509905529e-05 0)
(-1.0329712406109233e-05 -2.3572965691771866e-05 0)
(-1.0714099207277907e-05 -2.2114544608456614e-05 0)
(-1.0965398995886658e-05 -2.0722307910111852e-05 0)
(-1.110355299954886e-05 -1.9403459697363617e-05 0)
(-1.1146892116365135e-05 -1.8161665308924822e-05 0)
(-1.1111811224264595e-05 -1.6997982967814976e-05 0)
(-1.1012704118661182e-05 -1.5911504319692507e-05 1.0990744083394787e-27)
(-1.086204458318838e-05 -1.4899880947121867e-05 1.0283596226347019e-27)
(-1.0670490521626563e-05 -1.3959828237630599e-05 0)
(-1.0447065543012771e-05 -1.3087480090911526e-05 9.0181396988266834e-28)
(-1.019934512022652e-05 -1.2278656019042084e-05 8.4541306898352932e-28)
(-9.9336405659206678e-06 -1.1529058021111166e-05 -7.9318888632937232e-28)
(-9.6551750940751657e-06 -1.0834406691251651e-05 -7.4483724322220849e-28)
(-9.3682466238886161e-06 -1.0190540336402724e-05 0)
(-9.0763680532724203e-06 -9.5934841669157994e-06 -6.5858147573276091e-28)
(-8.7823920966674189e-06 -9.0394802332790425e-06 -6.2012755253472674e-28)
(-8.4886192388725583e-06 -8.5250104585189374e-06 0)
(-8.1968768164959615e-06 -8.046806657626018e-06 0)
(-7.9086665107745244e-06 -7.6019127989325334e-06 0)
(-7.6251405261101455e-06 -7.1874413536010584e-06 0)
(-7.3471565566134383e-06 -6.800905045507249e-06 0)
(-7.0754143196041768e-06 -6.4399698424681973e-06 0)
(-6.8104262692033238e-06 -6.1025020740015485e-06 0)
(-6.5525617364224084e-06 -5.786555744057147e-06 0)
(-6.3020756817246659e-06 -5.4903575100156712e-06 0)
(-6.059131182097856e-06 -5.2122910742242313e-06 0)
(-5.8238172951117895e-06 -4.950883321344353e-06 0)
(-5.596163886708723e-06 -4.704791466330223e-06 0)
(-5.3761538592677927e-06 -4.4727911619933615e-06 0)
(-5.1637332132802047e-06 -4.2537655436092503e-06 0)
(-4.9588193077004841e-06 -4.046695189489834e-06 0)
(-4.7613076277823013e-06 -3.8506489595450719e-06 0)
(-4.5710773192165759e-06 -3.6647756642115086e-06 0)
(-4.3879957034639423e-06 -3.4882965093173778e-06 0)
(-4.2119219511399874e-06 -3.3204982634858437e-06 4.5163346764276558e-28)
(-4.0427100409466858e-06 -3.1607271066354762e-06 4.2978148922161224e-28)
(-3.8802111566279453e-06 -3.0083830586970539e-06 -2.0447848581667042e-28)
(-3.7242754155580375e-06 -2.8629150992368317e-06 -1.945418192885869e-28)
(-3.5747514646572944e-06 -2.7238158289374701e-06 0)
(-3.4314889582946625e-06 -2.5906057585385886e-06 -1.7595024439796217e-28)
(-3.2943611569765988e-06 -2.4628788850720369e-06 -1.6723964247146418e-28)
(-3.163222231163886e-06 -2.3402263173455214e-06 0)
(-3.0379207864369178e-06 -2.2222743404836194e-06 0)
(-2.918334559927846e-06 -2.1086860212532199e-06 0)
(-2.8043373812383275e-06 -1.9991455989977613e-06 0)
(-2.6958076853718313e-06 -1.8933596855060655e-06 0)
(-2.5926294507506934e-06 -1.7910553829540666e-06 0)
(-2.49469217479529e-06 -1.6919784069461435e-06 0)
(-2.4018908670091262e-06 -1.5958914068981613e-06 0)
(-2.3141260410671506e-06 -1.5025724456082473e-06 0)
(-2.2313036860700345e-06 -1.4118136101173668e-06 0)
(-2.1533352169809925e-06 -1.3234197411371832e-06 0)
(-2.0801374083518189e-06 -1.2372072702121175e-06 0)
(-2.0116323160557715e-06 -1.1530031537401428e-06 0)
(-1.9477471911402257e-06 -1.070643894042215e-06 0)
(-1.8884143889250321e-06 -9.8997463815953924e-07 0)
(-1.833571276103106e-06 -9.1084834593187226e-07 0)
(-1.7831601379169355e-06 -8.331250199462612e-07 0)
(-1.7371280872511239e-06 -7.5667099050512567e-07 0)
(-1.6954269770075359e-06 -6.8135824938724378e-07 0)
(-1.6580133169245164e-06 -6.0706382684455383e-07 0)
(-1.6248481958265317e-06 -5.3366920645037829e-07 0)
(-1.5958972100053499e-06 -4.6105977335668732e-07 0)
(-1.5711303983539298e-06 -3.8912429123463742e-07 0)
(-1.5505221847571884e-06 -3.1775440416991956e-07 0)
(-1.5340513281424065e-06 -2.4684415944828049e-07 0)
(-1.521700880428674e-06 -1.7628954765240751e-07 0)
(-1.5134581526251487e-06 -1.0598805694180856e-07 0)
(-1.5093146892165989e-06 -3.5838237869854065e-08 0)
(-1.5092662511155897e-06 3.4260724336579999e-08 0)
(-1.5133128070387477e-06 1.0440943250953807e-07 0)
(-1.5214585333868192e-06 1.7470869916015265e-07 0)
(-1.5337118227952027e-06 2.4525996951193349e-07 0)
(-1.5500853011443559e-06 3.1616574901656176e-07 0)
(-1.570595853028784e-06 3.8753003846708431e-07 0)
(-1.5952646555635533e-06 4.5945877977276677e-07 0)
(-1.624117220291474e-06 5.3206031587944413e-07 0)
(-1.657183443041174e-06 6.0544586774456981e-07 0)
(-1.6944976614448106e-06 6.7973003258916226e-07 0)
(-1.7360987196640987e-06 7.5503130676649137e-07 0)
(-1.7820300398941067e-06 8.31472637552526e-07 0)
(-1.8323396999950968e-06 9.0918200816626142e-07 0)
(-1.8870805165159855e-06 9.8829306073121088e-07 0)
(-1.946310132178977e-06 1.0689457624538695e-06 0)
(-2.0100911066247835e-06 1.1512871206539975e-06 0)
(-2.0784910089829844e-06 1.2354719527131162e-06 0)
(-2.1515825104612507e-06 1.3216637181092051e-06 0)
(-2.2294434747860438e-06 1.4100354192788751e-06 0)
(-2.3121570438682992e-06 1.5007705806331276e-06 0)
(-2.399811715410297e-06 1.5940643139203819e-06 0)
(-2.4925014083907061e-06 1.6901244805097993e-06 0)
(-2.5903255120056961e-06 1.7891729608753581e-06 0)
(-2.6933889139765471e-06 1.8914470424085733e-06 0)
(-2.8018020085210918e-06 1.9972009377258988e-06 0)
(-2.9156806987598512e-06 2.1067074628938788e-06 0)
(-3.03514640261461e-06 2.2202599181260468e-06 0)
(-3.1603251699334305e-06 2.3381740848866914e-06 0)
(-3.2913416289895386e-06 2.4607874303420168e-06 0)
(-3.4283436932620604e-06 2.5884730584361713e-06 0)
(-3.571474941910541e-06 2.7216354624192288e-06 0)
(-3.720866192840612e-06 2.8606887201651169e-06 0)
(-3.8766673965739762e-06 3.0061077766133117e-06 0)
(-4.0390289111464361e-06 3.1584000602746055e-06 0)
(-4.208100384331013e-06 3.3181166414878331e-06 0)
(-4.384030464681999e-06 3.4858574224095903e-06 0)
(-4.566964985116484e-06 3.6622760936746004e-06 0)
(-4.7570445635584763e-06 3.8480857473000239e-06 0)
(-4.9544016488272509e-06 4.0440650257771041e-06 0)
(-5.1591568428613432e-06 4.2510649534992108e-06 0)
(-5.3714143802161806e-06 4.4700164896107704e-06 0)
(-5.5912565879484536e-06 4.7019388571868221e-06 0)
(-5.8187371110755379e-06 4.9479486986097078e-06 0)
(-6.0538726454093477e-06 5.2092701052699034e-06 0)
(-6.2966328725150848e-06 5.4872455561009191e-06 0)
(-6.5469282423512168e-06 5.7833477828150389e-06 0)
(-6.8045951813986758e-06 6.0991926032057082e-06 0)
(-7.0693782869657961e-06 6.4365528060422513e-06 0)
(-7.3409073464593558e-06 6.7973739863063987e-06 0)
(-7.6186700755347425e-06 7.1837871709475694e-06 0)
(-7.901977565594267e-06 7.5981239924006262e-06 0)
(-8.1899453124183269e-06 8.0429143645975925e-06 0)
(-8.48141979396294e-06 8.5209676345634162e-06 0)
(-8.7749235432464366e-06 9.035282135595242e-06 0)
(-9.0686157167097701e-06 9.5891232053183544e-06 0)
(-9.3601925404821255e-06 1.0186005279799273e-05 0)
(-9.6467991515460369e-06 1.082968408529812e-05 0)
(-9.9249203015749595e-06 1.1524132088536559e-05 0)
(-1.0190254977609628e-05 1.2273507251115678e-05 0)
(-1.0437576436857619e-05 1.3082085627675863e-05 0)
(-1.0660569741171175e-05 1.3954160015038309e-05 0)
(-1.0851655313783318e-05 1.4893904202133402e-05 1.0282955557646159e-27)
(-1.1001805339667998e-05 1.5905175346189775e-05 1.0990099690767869e-27)
(-1.1100358523412871e-05 1.6991245915004631e-05 0)
(-1.1134844182463427e-05 1.8154447882199335e-05 0)
(-1.109086750971303e-05 1.9395684088477569e-05 0)
(-1.09520273222809e-05 2.0713870794598175e-05 0)
(-1.0699999551173698e-05 2.2105324933187845e-05 0)
(-1.0314858927887602e-05 2.3562807088967441e-05 0)
(-9.7753158895734885e-06 2.5074341038387273e-05 0)
(-9.0603711214368702e-06 2.6623169331544289e-05 0)
(-8.1486909033730335e-06 2.8185013035374939e-05 0)
(-7.0225169295269858e-06 2.972311138380412e-05 0)
(-5.6703717514171642e-06 3.1151413292187583e-05 0)
(-4.0910410986955446e-06 3.2094574571228792e-05 0)
(-2.307935297045298e-06 3.0530964444158956e-05 0)
(-5.0925062799595244e-07 1.659370811148865e-05 0)
(7.9835690759149731e-07 -4.671796749966857e-05 0)
(1.0309357065585317e-06 -0.00023819517022089572 0)
(5.4486922434318305e-07 -0.00047072543803785546 0)
(6.2455136472018478e-07 0.00047246380443071335 0)
(1.3684011945994048e-06 0.00024046707261416852 0)
(1.3843202646363736e-06 4.8889822656520635e-05 0)
(3.1680162571597911e-07 -1.4599216852350916e-05 0)
(-1.2746609495674381e-06 -2.8724310591885102e-05 0)
(-2.8954481806804403e-06 -3.0483851485758024e-05 0)
(-4.3576489685836203e-06 -2.9748954405682076e-05 0)
(-5.6311591517777593e-06 -2.8529604824954007e-05 0)
(-6.7155112239079423e-06 -2.7193478651735545e-05 0)
(-7.6169660077305931e-06 -2.5820833385187368e-05 0)
(-8.3473854125406848e-06 -2.4445550650943202e-05 0)
(-8.9214330453617679e-06 -2.3089277680885744e-05 0)
(-9.3554973325707364e-06 -2.1768528118599985e-05 0)
(-9.6666666754349621e-06 -2.049546317416175e-05 0)
(-9.8709119889329556e-06 -1.9278289331779049e-05 0)
(-9.9836432631447219e-06 -1.8122059687079688e-05 0)
(-1.0019015612833365e-05 -1.7029567378570961e-05 0)
(-9.9896863359173548e-06 -1.6001581281872823e-05 0)
(-9.9068865177877882e-06 -1.503740460237381e-05 0)
(-9.7804319315721584e-06 -1.4135298541582525e-05 0)
(-9.6188073858438626e-06 -1.3292803943354372e-05 0)
(-9.4292816171829585e-06 -1.2506995025552965e-05 0)
(-9.2180290770471247e-06 -1.1774678531223827e-05 0)
(-8.9902601307807655e-06 -1.1092526892898347e-05 0)
(-8.7503548743632354e-06 -1.045719289436668e-05 0)
(-8.5019658996693552e-06 -9.8654048376468851e-06 0)
(-8.2481199402123755e-06 -9.3139958375466854e-06 0)
(-7.991317824444458e-06 -8.7999462418322951e-06 0)
(-7.7336100640104973e-06 -8.3204072378316592e-06 0)
(-7.476681765033887e-06 -7.8727239168738508e-06 0)
(-7.2218920825471123e-06 -7.4543749574421265e-06 0)
(-6.9703253879927597e-06 -7.0630674629542496e-06 0)
(-6.7228564015386225e-06 -6.6966683626105828e-06 0)
(-6.4801740416490843e-06 -6.3532091767899622e-06 0)
(-6.2428135414681844e-06 -6.0308785760652566e-06 0)
(-6.0111832958316011e-06 -5.7280126463593922e-06 0)
(-5.7855873695013456e-06 -5.443084254970523e-06 0)
(-5.5662440767020052e-06 -5.1746926953821042e-06 0)
(-5.3533014897198313e-06 -4.9215536932754814e-06 0)
(-5.1468503875683188e-06 -4.6824898867796951e-06 0)
(-4.9469350589596468e-06 -4.4564218526339765e-06 0)
(-4.7535623040412524e-06 -4.2423597200027993e-06 0)
(-4.5667089261160014e-06 -4.039395385499959e-06 0)
(-4.386327960298821e-06 -3.846695325376943e-06 0)
(-4.2123538497315251e-06 -3.6634939869361617e-06 0)
(-4.0447067560062299e-06 -3.489087745124868e-06 0)
(-3.8832960916209667e-06 -3.3228294713582577e-06 0)
(-3.7280235453343268e-06 -3.1641233733834835e-06 0)
(-3.5787846368229439e-06 -3.0124201463245586e-06 0)
(-3.4354587403826596e-06 -2.8672085327231377e-06 0)
(-3.2979609672827946e-06 -2.7280291316845033e-06 0)
(-3.1661839584023465e-06 -2.594454423190329e-06 0)
(-3.0399932940803421e-06 -2.466067203196721e-06 0)
(-2.9192917568533246e-06 -2.3425050204800585e-06 0)
(-2.8039749319474686e-06 -2.2234237913225863e-06 0)
(-2.6939396964370154e-06 -2.108503318919817e-06 0)
(-2.5890860591864797e-06 -1.9974458306489688e-06 0)
(-2.4893175450547912e-06 -1.889973882085324e-06 0)
(-2.3945414182191852e-06 -1.7858285200044287e-06 0)
(-2.3046688658810034e-06 -1.6847676439997864e-06 0)
(-2.2196151350355053e-06 -1.5865645183578329e-06 0)
(-2.1392996281954138e-06 -1.4910064119718535e-06 0)
(-2.0636459651505972e-06 -1.3978933525134966e-06 0)
(-1.9925820169070217e-06 -1.3070369831599287e-06 0)
(-1.9260399174352671e-06 -1.2182595113821207e-06 0)
(-1.8639560581781612e-06 -1.1313927408243253e-06 0)
(-1.8062710693564217e-06 -1.0462771775333675e-06 0)
(-1.7529297915974843e-06 -9.6276120260123308e-07 0)
(-1.7038812406578594e-06 -8.8070030453864957e-07 0)
(-1.659078567685653e-06 -7.9995636455600393e-07 0)
(-1.6184790169761417e-06 -7.2039698939485426e-07 0)
(-1.5820438829320407e-06 -6.418948857996203e-07 0)
(-1.5497384675501173e-06 -5.6432727204730264e-07 0)
(-1.5215320395263101e-06 -4.8757532184798411e-07 0)
(-1.4973977959844526e-06 -4.115236363285711e-07 0)
(-1.4773128275460172e-06 -3.3605974036495951e-07 0)
(-1.4612580873947423e-06 -2.6107359938143691e-07 0)
(-1.4492183647897265e-06 -1.864571531167009e-07 0)
(-1.4411822634560171e-06 -1.1210386324677908e-07 0)
(-1.4371421850578574e-06 -3.7908271455629486e-08 0)
(-1.4370943181198369e-06 3.6234435360905739e-08 0)
(-1.4410386324450178e-06 1.104288546906098e-07 0)
(-1.4489788789974749e-06 1.8477979724734336e-07 0)
(-1.4609225954437762e-06 2.5939271694577724e-07 0)
(-1.4768811171716773e-06 3.343741453945499e-07 0)
(-1.4968695936701796e-06 4.0983213382822555e-07 0)
(-1.5209070100760989e-06 4.8587670549517702e-07 0)
(-1.5490162135199213e-06 5.6262032192448568e-07 0)
(-1.5812239439657657e-06 6.4017836588255582e-07 0)
(-1.6175608690555965e-06 7.1866964517482919e-07 0)
(-1.6580616222665722e-06 7.9821692052206305e-07 0)
(-1.7027648436722376e-06 8.7894746159172321e-07 0)
(-1.7517132223362799e-06 9.6099363545959932e-07 0)
(-1.8049535392187791e-06 1.0444935319386669e-06 0)
(-1.8625367092630084e-06 1.1295916308267781e-06 0)
(-1.9245178209634557e-06 1.2164395164483899e-06 0)
(-1.9909561714349921e-06 1.3051966452061958e-06 0)
(-2.0619152944768739e-06 1.3960311729597642e-06 0)
(-2.1374629788875495e-06 1.4891208482780912e-06 0)
(-2.2176712736753676e-06 1.5846539807117465e-06 0)
(-2.3026164757931218e-06 1.6828304912005348e-06 0)
(-2.3923790957240474e-06 1.7838630548554467e-06 0)
(-2.4870437954667929e-06 1.887978345816337e-06 0)
(-2.5866992925522656e-06 1.9954183961631633e-06 0)
(-2.6914382233814071e-06 2.1064420823093939e-06 0)
(-2.801356958111998e-06 2.2213267614019445e-06 0)
(-2.9165553642384394e-06 2.34037010055342e-06 0)
(-3.0371363822512949e-06 2.4638921492788238e-06 0)
(-3.1632045812897209e-06 2.592236840500185e-06 0)
(-3.294860989297125e-06 2.7257687993952377e-06 0)
(-3.4322314629392807e-06 2.8649009817243918e-06 0)
(-3.5754240060410571e-06 3.010062327583878e-06 0)
(-3.724531497630178e-06 3.1617136244185918e-06 0)
(-3.8796696539393225e-06 3.3203649716555782e-06 0)
(-4.0409428269343983e-06 3.4865655635741739e-06 0)
(-4.2084492984261077e-06 3.66091108251454e-06 0)
(-4.3822795077334829e-06 3.844048483900306e-06 0)
(-4.5625130923948431e-06 4.0366812359304475e-06 0)
(-4.7492153945959173e-06 4.2395747201581815e-06 0)
(-4.9424331439040526e-06 4.4535622711747633e-06 0)
(-5.1421892764424758e-06 4.6795517822998927e-06 0)
(-5.3484767020990547e-06 4.9185328917399404e-06 0)
(-5.5612508090813162e-06 5.171584761480979e-06 0)
(-5.7804204593313537e-06 5.4398844554297467e-06 0)
(-6.005837185958881e-06 5.7247159023764171e-06 0)
(-6.2372822522625556e-06 6.0274794028267312e-06 0)
(-6.474451160237693e-06 6.3497016195201269e-06 0)
(-6.7169350969563759e-06 6.6930459520055954e-06 0)
(-6.9641983788556464e-06 7.0593232223572972e-06 0)
(-7.2155518928071279e-06 7.4505009578248323e-06 0)
(-7.4701217969573985e-06 7.8687123767189105e-06 0)
(-7.7268161470309748e-06 8.3162608548645979e-06 0)
(-7.9842746355400313e-06 8.7956439487285244e-06 0)
(-8.2408174168397811e-06 9.3095267087645348e-06 0)
(-8.4943908286612656e-06 9.8607574453422337e-06 0)
(-8.742491644100284e-06 1.0452353720711925e-05 0)
(-8.9820908770098169e-06 1.1087480176658122e-05 0)
(-9.2095346915128787e-06 1.1769406642857012e-05 0)
(-9.4204402990104382e-06 1.2501474721675359e-05 0)
(-9.6095943656989827e-06 1.3287009853393763e-05 0)
(-9.7708206294422595e-06 1.4129199466142003e-05 0)
(-9.8968478708472753e-06 1.5030962663427167e-05 0)
(-9.9791892835796453e-06 1.5994750279800158e-05 0)
(-1.0008028261821614e-05 1.7022290729433289e-05 0)
(-9.972136210114333e-06 1.8114268517369147e-05 0)
(-9.85885971082756e-06 1.9269904033466374e-05 0)
(-9.6540370959400039e-06 2.0486376652438439e-05 0)
(-9.342271362692931e-06 2.1758638903848593e-05 0)
(-8.9076272796351845e-06 2.3078438743113094e-05 0)
(-8.3329983385807099e-06 2.4433597447676192e-05 0)
(-7.6020407013855511e-06 2.5807580187954468e-05 0)
(-6.700141726556086e-06 2.7178751540115425e-05 0)
(-5.615468960257237e-06 2.8513180430397117e-05 0)
(-4.3418421192988608e-06 2.9730745607624854e-05 0)
(-2.879638412515851e-06 3.0464371247039964e-05 0)
(-1.2594562810460156e-06 2.8706143379908755e-05 0)
(3.3053718149255319e-07 1.4596877373983591e-05 0)
(1.395265124218009e-06 -4.8836415111561517e-05 0)
(1.3750985624490391e-06 -0.00024029855769025165 0)
(6.2689693059125543e-07 -0.00047224326758914839 0)
(6.9184905110748609e-07 0.00047380541412593493 0)
(1.6539320976386533e-06 0.00024233259264051993 0)
(1.8831173322997891e-06 5.0776472200286776e-05 0)
(1.022422059537702e-06 -1.2808293184444343e-05 0)
(-3.8912813846078287e-07 -2.7069627764931114e-05 0)
(-1.8639814812959232e-06 -2.8990282480108012e-05 0)
(-3.2156753214788545e-06 -2.842558288807154e-05 0)
(-4.4110641354128557e-06 -2.7381133193253177e-05 0)
(-5.4473628888045193e-06 -2.6217450371139775e-05 0)
(-6.3276250600100069e-06 -2.500979339418396e-05 0)
(-7.0592501554934764e-06 -2.3787869903648682e-05 0)
(-7.6526750212040387e-06 -2.2571373008369283e-05 0)
(-8.1202831144384788e-06 -2.1376096839028993e-05 0)
(-8.4751600411388964e-06 -2.0213634551091486e-05 0)
(-8.7301494939306448e-06 -1.9092670392443875e-05 0)
(-8.8981701608314788e-06 -1.8019216369021046e-05 0)
(-8.9913328188398866e-06 -1.6997048207786375e-05 0)
(-9.0205413429737183e-06 -1.6028143302242082e-05 0)
(-8.9957618436142303e-06 -1.5113062871162465e-05 0)
(-8.9258898632802575e-06 -1.4251292065489481e-05 0)
(-8.8187620274890351e-06 -1.344152342595025e-05 0)
(-8.6812197083769736e-06 -1.2681887862108567e-05 0)
(-8.5191724333673683e-06 -1.1970139026813762e-05 0)
(-8.3376894571815488e-06 -1.1303798212175937e-05 0)
(-8.1411245684330939e-06 -1.0680265799935999e-05 0)
(-7.9331709960984455e-06 -1.0096904829283393e-05 0)
(-7.7169335004180571e-06 -9.5511041348979048e-06 0)
(-7.4950306387403176e-06 -9.0403199798954598e-06 0)
(-7.2696544910060692e-06 -8.5621077459552924e-06 0)
(-7.0426342299186747e-06 -8.1141427410061138e-06 0)
(-6.8154840716341665e-06 -7.6942189633235533e-06 0)
(-6.5894499612513666e-06 -7.3002749210521427e-06 0)
(-6.3655560329353991e-06 -6.930382468556621e-06 0)
(-6.1446364821771599e-06 -6.5827458425429741e-06 0)
(-5.9273652055506045e-06 -6.2556978122511683e-06 0)
(-5.7142813601851883e-06 -5.9476942323779614e-06 0)
(-5.5058112306768151e-06 -5.6573074142716621e-06 0)
(-5.3022867330631904e-06 -5.383219016717923e-06 0)
(-5.1039610777916903e-06 -5.1242127732833245e-06 0)
(-4.9110220183091485e-06 -4.879167267988854e-06 0)
(-4.7236030462053473e-06 -4.6470489002780526e-06 0)
(-4.541792840276506e-06 -4.4269051352402994e-06 0)
(-4.3656432329398681e-06 -4.2178580981117746e-06 0)
(-4.1951759204338968e-06 -4.019098545364327e-06 0)
(-4.0303881229443777e-06 -3.8298802115412488e-06 0)
(-3.8712574353495819e-06 -3.6495145381032198e-06 0)
(-3.7177456690172608e-06 -3.4773661932909304e-06 0)
(-3.5698018314070608e-06 -3.3128478291675e-06 0)
(-3.4273605747810795e-06 -3.155415201604612e-06 0)
(-3.2903604499078985e-06 -3.0045678110834639e-06 0)
(-3.1587348486249055e-06 -2.8598540461191469e-06 0)
(-3.0323992283935647e-06 -2.7208194041112611e-06 0)
(-2.9112728282949653e-06 -2.5870741448178222e-06 0)
(-2.7952773744036845e-06 -2.4582477294567416e-06 0)
(-2.6843328582800759e-06 -2.3339943849075441e-06 0)
(-2.5783594204735858e-06 -2.2139922050232276e-06 0)
(-2.4772782484582896e-06 -2.0979411140743671e-06 0)
(-2.38101214003804e-06 -1.985560947779208e-06 0)
(-2.2894859366634081e-06 -1.8765897304051536e-06 0)
(-2.2026268653111722e-06 -1.7707821064741976e-06 0)
(-2.120364808953e-06 -1.6679079062859848e-06 0)
(-2.0426325201634129e-06 -1.5677508301645404e-06 0)
(-1.9693657881080549e-06 -1.470107239215085e-06 0)
(-1.9005035671269056e-06 -1.3747850420965523e-06 0)
(-1.8359880736691174e-06 -1.2816026680887935e-06 0)
(-1.7757648572861884e-06 -1.1903881182757691e-06 0)
(-1.7197828506948947e-06 -1.1009780869773941e-06 0)
(-1.6679944030472675e-06 -1.0132171461073377e-06 0)
(-1.6203552997870202e-06 -9.269569863468438e-07 0)
(-1.5768247720609535e-06 -8.4205570871169975e-07 0)
(-1.5373654982294044e-06 -7.5837716177940813e-07 0)
(-1.5019435995770491e-06 -6.7579031858649925e-07 0)
(-1.4705286318620315e-06 -5.9416868943441905e-07 0)
(-1.4430935742523408e-06 -5.133897656737702e-07 0)
(-1.4196148168233998e-06 -4.3333449067731752e-07 0)
(-1.4000721477375095e-06 -3.5388675431992115e-07 0)
(-1.3844487408250021e-06 -2.7493290728833187e-07 0)
(-1.3727311442331286e-06 -1.9636129187093936e-07 0)
(-1.3649092708005819e-06 -1.1806178605269914e-07 0)
(-1.3609763904390118e-06 -3.9925358015470504e-08 0)
(-1.3609291249059775e-06 3.8156372729648786e-08 0)
(-1.3647674451280748e-06 1.1629156895997735e-07 0)
(-1.3724946711348377e-06 1.945886086793573e-07 0)
(-1.3841174746505817e-06 2.73156519151805e-07 0)
(-1.3996458842518956e-06 3.5210541534749478e-07 0)
(-1.4190932928779822e-06 4.3154694558793134e-07 0)
(-1.4424764674202921e-06 5.1159474738213066e-07 0)
(-1.4698155598985305e-06 5.9236491666500179e-07 0)
(-1.5011341197781087e-06 6.7397649328512462e-07 0)
(-1.5364591067709486e-06 7.56551966611745e-07 0)
(-1.5758209031867478e-06 8.4021780447204968e-07 0)
(-1.6192533248945888e-06 9.2510500918647346e-07 0)
(-1.6667936296214373e-06 1.0113497048937655e-06 0)
(-1.7184825211451573e-06 1.0990937602865841e-06 0)
(-1.7743641476566045e-06 1.1884854515696989e-06 0)
(-1.8344860921355633e-06 1.2796801705918199e-06 0)
(-1.8988993523503715e-06 1.3728411836583958e-06 0)
(-1.9676583073216179e-06 1.4681404470180999e-06 0)
(-2.0408206669724525e-06 1.5657594850265526e-06 0)
(-2.1184474009276094e-06 1.6658903388787561e-06 0)
(-2.2006026412583581e-06 1.7687365929230697e-06 0)
(-2.2873535536788087e-06 1.874514487418614e-06 0)
(-2.3787701705292431e-06 1.9834541269473178e-06 0)
(-2.4749251773639493e-06 2.0958007952401109e-06 0)
(-2.575893643220631e-06 2.2118163881576899e-06 0)
(-2.6817526804359439e-06 2.3317809801061289e-06 0)
(-2.7925810146024769e-06 2.4559945425197777e-06 0)
(-2.9084584298990247e-06 2.5847788441174269e-06 0)
(-3.0294649788493176e-06 2.7184794340251408e-06 0)
(-3.1556795518556288e-06 2.8574669046470658e-06 0)
(-3.2871814134894536e-06 3.0021346145175071e-06 0)
(-3.4240535500047885e-06 3.1529290626643738e-06 0)
(-3.5663647523314748e-06 3.3103064823268674e-06 0)
(-3.7141769718348017e-06 3.474767161074383e-06 0)
(-3.8675542732223636e-06 3.6468548433441147e-06 0)
(-4.0265475441449849e-06 3.8271567077648082e-06 0)
(-4.1911948315550482e-06 4.0163078099950154e-06 0)
(-4.3615183269363876e-06 4.2149965601138621e-06 0)
(-4.5375206132729025e-06 4.423969038476938e-06 0)
(-4.7191797804613699e-06 4.6440342774667859e-06 0)
(-4.9064437592803511e-06 4.8760699157727736e-06 0)
(-5.0992236084426021e-06 5.12102822699275e-06 0)
(-5.2973855469243808e-06 5.3799425197252488e-06 0)
(-5.5007415039878903e-06 5.6539338803569349e-06 0)
(-5.7090379247094619e-06 5.9442182008628239e-06 0)
(-5.9219425246464713e-06 6.2521133955482635e-06 0)
(-6.1390286315200132e-06 6.5790466737031308e-06 0)
(-6.3597566834171724e-06 6.9265616611188256e-06 0)
(-6.5834523398365583e-06 7.2963250623697981e-06 0)
(-6.8092809201917221e-06 7.6901320985541337e-06 0)
(-7.0362176674333026e-06 8.1099107185829274e-06 0)
(-7.2630137393252392e-06 8.5577234729247599e-06 0)
(-7.4881539388073631e-06 9.0357700530125738e-06 0)
(-7.7098100451572027e-06 9.5463758785884674e-06 0)
(-7.9257887030681885e-06 1.0091984657655488e-05 0)
(-8.1334698072977012e-06 1.0675138506917563e-05 0)
(-8.329746227363235e-06 1.1298446269805348e-05 0)
(-8.5109257542967446e-06 1.1964542157168776e-05 0)
(-8.6726517646335602e-06 1.2676022351268902e-05 0)
(-8.809851689926558e-06 1.3435361344479048e-05 0)
(-8.9166169287786154e-06 1.4244800347199338e-05 0)
(-8.986104498038564e-06 1.5106202214128418e-05 0)
(-9.0104772722458285e-06 1.6020866847760353e-05 0)
(-8.9808402856142733e-06 1.6989300047521069e-05 0)
(-8.8872308785678913e-06 1.8010930197935905e-05 0)
(-8.7187593627459354e-06 1.9083769356989209e-05 0)
(-8.4632922976530381e-06 2.0204027761519288e-05 0)
(-8.1079358947698707e-06 2.1365676896552603e-05 0)
(-7.6398855787494745e-06 2.2560016162566251e-05 0)
(-7.0460401663148466e-06 2.3775450759326293e-05 0)
(-6.3140523954627549e-06 2.499614457075063e-05 0)
(-5.4335245508388515e-06 2.6202423929127029e-05 0)
(-4.3970920950877446e-06 2.7364571850012162e-05 0)
(-3.2017467690569802e-06 2.8407439992932013e-05 0)
(-1.8503212246707783e-06 2.897108898068578e-05 0)
(-3.7614162911130469e-07 2.7052624681981616e-05 0)
(1.034162636677361e-06 1.2807989658095523e-05 0)
(1.8923796019321184e-06 -5.0719371195360453e-05 0)
(1.6594623261268401e-06 -0.00024215878636016895 0)
(6.938556680760688e-07 -0.00047358060328350624 0)
(7.476478148556304e-07 0.00047499643660066262 0)
(1.8927363432567792e-06 0.00024399348868014124 0)
(2.3027834487141736e-06 5.2463222040515696e-05 0)
(1.6189782367040584e-06 -1.1196743288306935e-05 0)
(3.6342906823145003e-07 -2.5567867781171757e-05 0)
(-9.8129736298571743e-07 -2.7618418553272196e-05 0)
(-2.230194979734286e-06 -2.7194634293383677e-05 0)
(-3.3494618639869261e-06 -2.6296192775125538e-05 0)
(-4.3345871226110238e-06 -2.5278683692962404e-05 0)
(-5.1862186412489792e-06 -2.4213023317887457e-05 0)
(-5.9088304620874221e-06 -2.3125440169319003e-05 0)
(-6.5096451256716908e-06 -2.2033635622341948e-05 0)
(-6.9977572871810371e-06 -2.0951822997878546e-05 0)
(-7.3832400613600214e-06 -1.9891096611139004e-05 0)
(-7.6764937910902659e-06 -1.8860191870193005e-05 0)
(-7.8880210776418085e-06 -1.7865609352203525e-05 0)
(-8.0279425461384837e-06 -1.69116733339169e-05 0)
(-8.1057009996145208e-06 -1.6001187010074833e-05 0)
(-8.1300352814637705e-06 -1.5135633663102368e-05 0)
(-8.1088924867371843e-06 -1.4315439367900275e-05 0)
(-8.049403182757163e-06 -1.354021464530183e-05 0)
(-7.9578972181632821e-06 -1.2808959152267227e-05 0)
(-7.8399394271987521e-06 -1.2120226023413123e-05 0)
(-7.7003869039891977e-06 -1.1472272204330224e-05 0)
(-7.543461491353743e-06 -1.0863160549182682e-05 0)
(-7.3728042343476849e-06 -1.0290826805111104e-05 0)
(-7.1915350904631522e-06 -9.7531690604097446e-06 0)
(-7.0023214351239944e-06 -9.248088425244022e-06 0)
(-6.8074328246913668e-06 -8.7735247621851087e-06 0)
(-6.6087929819776793e-06 -8.3274825592037439e-06 0)
(-6.408024262107638e-06 -7.9080455875079739e-06 0)
(-6.2064888927579621e-06 -7.5133932967299596e-06 0)
(-6.005327322594079e-06 -7.1418043103426508e-06 0)
(-5.8054893849154836e-06 -6.7916589982200925e-06 0)
(-5.6077619308859241e-06 -6.4614395130308127e-06 0)
(-5.41279289745042e-06 -6.1497279548013374e-06 0)
(-5.2211121534494639e-06 -5.8552030926595457e-06 0)
(-5.0331494353617856e-06 -5.5766361592509899e-06 0)
(-4.8492497406906831e-06 -5.3128860777417414e-06 0)
(-4.6696865142666269e-06 -5.0628943842666928e-06 0)
(-4.4946729259282468e-06 -4.8256800325145249e-06 0)
(-4.324371501601486e-06 -4.6003342181742889e-06 0)
(-4.1589023360321958e-06 -4.3860153199747827e-06 0)
(-3.9983500735169147e-06 -4.1819440295631898e-06 0)
(-3.8427698422019474e-06 -3.9873986126762209e-06 0)
(-3.6921927375377586e-06 -3.8017100017182002e-06 0)
(-3.546629382492056e-06 -3.6242596529695655e-06 0)
(-3.4060725534913805e-06 -3.4544731205380002e-06 0)
(-3.2705046186385399e-06 -3.2918180703303658e-06 0)
(-3.1398975847525616e-06 -3.1358053225579564e-06 0)
(-3.0142125601940079e-06 -2.9859701908427816e-06 0)
(-2.8934040570366569e-06 -2.841885006336543e-06 0)
(-2.7774216192701735e-06 -2.7031548635769447e-06 0)
(-2.6662119967766317e-06 -2.5694105481457418e-06 0)
(-2.5597194074227686e-06 -2.4403075471118593e-06 0)
(-2.457886425517787e-06 -2.315524280424262e-06 0)
(-2.3606548018490624e-06 -2.1947602480043046e-06 0)
(-2.267966161306867e-06 -2.0777342914962347e-06 0)
(-2.17976257686071e-06 -1.9641829870075877e-06 0)
(-2.0959870417240114e-06 -1.853859163116024e-06 0)
(-2.016583858658497e-06 -1.7465305354762666e-06 0)
(-1.9414989610531389e-06 -1.6419784481933466e-06 0)
(-1.8706801770090909e-06 -1.5399967118932453e-06 0)
(-1.804077445681693e-06 -1.4403905300410055e-06 0)
(-1.7416429935524359e-06 -1.342975504850258e-06 0)
(-1.6833314770479482e-06 -1.2475767155683191e-06 0)
(-1.6291000971792009e-06 -1.1540278621621805e-06 0)
(-1.5789086909075568e-06 -1.0621704680042165e-06 0)
(-1.5327198031934307e-06 -9.7185313574352478e-07 0)
(-1.4904987430691915e-06 -8.8293085073700744e-07 0)
(-1.4522136268110005e-06 -7.9526432754139393e-07 0)
(-1.417835410591987e-06 -7.0871939413285535e-07 0)
(-1.3873379146298973e-06 -6.2316641012711523e-07 0)
(-1.3606978407320835e-06 -5.384797145705578e-07 0)
(-1.337894784580282e-06 -4.545370996779431e-07 0)
(-1.318911244093041e-06 -3.7121930696179012e-07 0)
(-1.3037326248678779e-06 -2.8840954249819159e-07 0)
(-1.2923472435000273e-06 -2.0599300789117894e-07 0)
(-1.2847463294602264e-06 -1.2385644398603221e-07 0)
(-1.2809240261060316e-06 -4.1887684687956807e-08 0)
(-1.280877391072677e-06 4.0024782920681661e-08 0)
(-1.2846063964600453e-06 1.2199225339357128e-07 0)
(-1.2921139288035838e-06 2.0412623709843359e-07 0)
(-1.3034057887751566e-06 2.8653889539388931e-07 0)
(-1.3184906907179111e-06 3.6934348011477373e-07 0)
(-1.3373802615883726e-06 4.526547799262382e-07 0)
(-1.3600890389631825e-06 5.3658957654073764e-07 0)
(-1.3866344676107776e-06 6.2126711367233739e-07 0)
(-1.4170368939941412e-06 7.0680958172895494e-07 0)
(-1.451319557822049e-06 7.9334262165411994e-07 0)
(-1.4895085796319878e-06 8.80995851131218e-07 0)
(-1.5316329432020483e-06 9.6990341662103961e-07 0)
(-1.5777244712213014e-06 1.0602045752151616e-06 0)
(-1.6278177925368241e-06 1.152044310080089e-06 0)
(-1.6819502989141617e-06 1.2455739841228385e-06 0)
(-1.7401620887523497e-06 1.3409520362120723e-06 0)
(-1.802495894895065e-06 1.4383447253702002e-06 0)
(-1.8689969930427665e-06 1.5379269277010846e-06 0)
(-1.9397130869858558e-06 1.6398829925565401e-06 0)
(-2.0146941657710628e-06 1.7444076639012839e-06 0)
(-2.0939923272225524e-06 1.8517070739992254e-06 0)
(-2.1776615615789006e-06 1.9619998166900881e-06 0)
(-2.2657574874716051e-06 2.0755181087321015e-06 0)
(-2.3583370312405782e-06 2.1925090477638053e-06 0)
(-2.4554580384654493e-06 2.3132359769622025e-06 0)
(-2.5571788036307712e-06 2.4379799665174962e-06 0)
(-2.663557500106532e-06 2.5670414212027822e-06 0)
(-2.7746514907075113e-06 2.7007418200846748e-06 0)
(-2.8905165207298412e-06 2.8394255771430001e-06 0)
(-3.0112058086085529e-06 2.9834619247762454e-06 0)
(-3.1367693046657465e-06 3.1332463962163691e-06 0)
(-3.267252138066699e-06 3.2892054297034599e-06 0)
(-3.4026933990713286e-06 3.4518029470403924e-06 0)
(-3.5431212927424754e-06 3.6215290513284269e-06 0)
(-3.6885532799925771e-06 3.7989159317053481e-06 0)
(-3.8389963316102774e-06 3.9845379368823543e-06 0)
(-3.9944396552422529e-06 4.1790129808305491e-06 0)
(-4.1548518635467346e-06 4.3830101570830936e-06 0)
(-4.3201776769324008e-06 4.5972510000022397e-06 0)
(-4.4903322663640005e-06 4.8225145804988481e-06 0)
(-4.6651953265446778e-06 5.0596422591666943e-06 0)
(-4.844604097822536e-06 5.3095425551771595e-06 0)
(-5.0283451552563505e-06 5.5731961987562516e-06 0)
(-5.2161447777007089e-06 5.851661299904935e-06 0)
(-5.4076576703786134e-06 6.1460785378277535e-06 0)
(-5.6024537788719992e-06 6.4576762315210708e-06 0)
(-5.8000028940329979e-06 6.7877751101928467e-06 0)
(-5.9996567076274914e-06 7.1377925206985519e-06 0)
(-6.2006279406839542e-06 7.5092457136442001e-06 0)
(-6.4019662357310236e-06 7.9037536813325202e-06 0)
(-6.6025304215980527e-06 8.3230371666235095e-06 0)
(-6.800956811593222e-06 8.7689160627298358e-06 0)
(-6.99562222877919e-06 9.2433039512145625e-06 0)
(-7.1846028109242506e-06 9.7481954074282015e-06 0)
(-7.3656281988966948e-06 1.0285649268976342e-05 0)
(-7.5360300304018513e-06 1.0857762727656919e-05 0)
(-7.6926872250792965e-06 1.1466635439317091e-05 0)
(-7.8319586082940216e-06 1.2114328058928291e-05 0)
(-7.9496211099890832e-06 1.2802776596504992e-05 0)
(-8.0408163681787894e-06 1.3533717952086692e-05 0)
(-8.0999797584134715e-06 1.4308594700697459e-05 0)
(-8.1207813692563544e-06 1.5128401527357846e-05 0)
(-8.0960914497669012e-06 1.5993521213021376e-05 0)
(-8.0179649119008564e-06 1.6903519923068585e-05 0)
(-7.8776668999386026e-06 1.7856905536628175e-05 0)
(-7.6657621331325743e-06 1.8850866307595471e-05 0)
(-7.3721294023493823e-06 1.9881077037858848e-05 0)
(-6.9862813981036404e-06 2.0940998257560838e-05 0)
(-6.4978386138983564e-06 2.2021906642072902e-05 0)
(-5.8967356634342849e-06 2.3112693933547141e-05 0)
(-5.1739030320227027e-06 2.4199132281838478e-05 0)
(-4.322149334783016e-06 2.5263523845681017e-05 0)
(-3.3370289942882363e-06 2.6279654523792248e-05 0)
(-2.2179363258354916e-06 2.7176712769508094e-05 0)
(-9.694365687512139e-07 2.7599706867748902e-05 0)
(3.7459069280118548e-07 2.5551904549699117e-05 0)
(1.6290260747074245e-06 1.1198290297369427e-05 0)
(2.310643457556144e-06 -5.2402871605302314e-05 0)
(1.8973111683284418e-06 -0.00024381510885429069 0)
(7.493813420182426e-07 -0.00047476794697148139 0)
(7.9451761462059036e-07 0.00047606086844894551 0)
(2.0946098724717961e-06 0.00024548121559486247 0)
(2.6591355208400362e-06 5.3979390640799933e-05 0)
(2.1275266978382629e-06 -9.7402077299593545e-06 0)
(1.0080734306508873e-06 -2.420046776551619e-05 0)
(-2.2070772684210674e-07 -2.6357141751492331e-05 0)
(-1.3751380997195121e-06 -2.6050248448355537e-05 0)
(-2.4215458208055739e-06 -2.5274537107807573e-05 0)
(-3.3546085167733631e-06 -2.4381270492804068e-05 0)
(-4.1732145413338718e-06 -2.343793094866056e-05 0)
(-4.8797278847061468e-06 -2.2467865165991559e-05 0)
(-5.4790429950130957e-06 -2.1486649983444042e-05 0)
(-5.9777425187425402e-06 -2.0506994855866785e-05 0)
(-6.3835287476251765e-06 -1.953936702741016e-05 0)
(-6.7046622175543695e-06 -1.8592164595821284e-05 0)
(-6.9496516222022094e-06 -1.7671873548221498e-05 0)
(-7.1269104759489754e-06 -1.678324462222963e-05 0)
(-7.2445016720116086e-06 -1.5929607503137855e-05 0)
(-7.3100142016069953e-06 -1.5113082913739453e-05 0)
(-7.3304708457423934e-06 -1.4334794066012907e-05 0)
(-7.3122818120852564e-06 -1.3595062848440351e-05 0)
(-7.2612310865679741e-06 -1.2893588095293931e-05 0)
(-7.1824854854497652e-06 -1.2229592933202733e-05 0)
(-7.0806239828947687e-06 -1.160195269590683e-05 0)
(-6.9596791690450433e-06 -1.1009294323496475e-05 0)
(-6.8231795070645257e-06 -1.045007338402582e-05 0)
(-6.6741951202446643e-06 -9.9226467070788433e-06 0)
(-6.5153863401965721e-06 -9.4253221662363412e-06 0)
(-6.3490486246004683e-06 -8.9563977097552878e-06 0)
(-6.17715505486681e-06 -8.5141908288901096e-06 0)
(-6.001394808747978e-06 -8.0970595974519486e-06 0)
(-5.8232086836780667e-06 -7.7034196326372329e-06 0)
(-5.6438217340405995e-06 -7.3317536901262716e-06 0)
(-5.4642716844931652e-06 -6.9806180231240839e-06 0)
(-5.2854341617507363e-06 -6.6486458684545375e-06 0)
(-5.1080449394597743e-06 -6.3345487202743021e-06 0)
(-4.9327194347859807e-06 -6.0371159093728082e-06 0)
(-4.7599697178134357e-06 -5.7552129387467287e-06 0)
(-4.5902193025148694e-06 -5.4877789436050083e-06 0)
(-4.4238159727745521e-06 -5.2338235672043249e-06 0)
(-4.2610428798319301e-06 -4.9924234644941703e-06 0)
(-4.1021281274971517e-06 -4.7627186015166818e-06 0)
(-3.9472530441345434e-06 -4.5439084744120797e-06 0)
(-3.7965592129286362e-06 -4.3352484235016718e-06 0)
(-3.6501540948379421e-06 -4.1360458497555556e-06 0)
(-3.5081184754267315e-06 -3.9456536369168294e-06 0)
(-3.3705087876601592e-06 -3.7634775678413461e-06 0)
(-3.2373602486314054e-06 -3.5889575454143773e-06 0)
(-3.1086927766836856e-06 -3.4215761142066908e-06 0)
(-2.9845125702547147e-06 -3.2608491465502453e-06 0)
(-2.8648145323041906e-06 -3.1063263385668398e-06 0)
(-2.7495839010676858e-06 -2.9575878492295444e-06 0)
(-2.6387983699711126e-06 -2.8142426280366216e-06 0)
(-2.5324300577702758e-06 -2.6759254557700205e-06 0)
(-2.4304465904435957e-06 -2.54229491829048e-06 0)
(-2.3328121212821274e-06 -2.4130315691916515e-06 0)
(-2.2394882594255716e-06 -2.2878362169918011e-06 0)
(-2.1504348789634423e-06 -2.1664283200607521e-06 0)
(-2.0656108082323166e-06 -2.0485444918700448e-06 0)
(-1.9849744137449188e-06 -1.933937113535009e-06 0)
(-1.9084840939708885e-06 -1.8223730476699282e-06 0)
(-1.8360986964918651e-06 -1.7136324465398553e-06 0)
(-1.7677778698782276e-06 -1.6075076465061283e-06 0)
(-1.7034823600083613e-06 -1.5038021420445332e-06 0)
(-1.6431742591259886e-06 -1.40232963199116e-06 0)
(-1.5868172145536904e-06 -1.3029131319432162e-06 0)
(-1.5343766031185355e-06 -1.2053841465089671e-06 0)
(-1.4858196765883855e-06 -1.1095818962292655e-06 0)
(-1.4411156824541109e-06 -1.0153525935717455e-06 0)
(-1.4002359637947656e-06 -9.2254876329979368e-07 0)
(-1.3631540415822832e-06 -8.3102860277456754e-07 0)
(-1.3298456821643831e-06 -7.4065537799864049e-07 0)
(-1.300288952295872e-06 -6.5129685113057111e-07 0)
(-1.274464263746064e-06 -5.6282473616452184e-07 0)
(-1.2523544091510956e-06 -4.7511417897638243e-07 0)
(-1.233944590522122e-06 -3.8804325845410626e-07 0)
(-1.2192224416949673e-06 -3.0149250592858879e-07 0)
(-1.2081780456635379e-06 -2.1534443936780434e-07 0)
(-1.2008039474703089e-06 -1.2948310975360166e-07 0)
(-1.1970951633749144e-06 -4.3793656900952032e-08 0)
(-1.1970491867374659e-06 4.1838128403282691e-08 0)
(-1.2006659909025774e-06 1.2752623782390361e-07 0)
(-1.20794802912577e-06 2.1338487799332491e-07 0)
(-1.2189002316306999e-06 2.9952890413960784e-07 0)
(-1.233529999695745e-06 3.8607425776482035e-07 0)
(-1.251847196407632e-06 4.7313841085662969e-07 0)
(-1.2738641336485289e-06 5.6084081947359596e-07 0)
(-1.2995955547047939e-06 6.4930338945365675e-07 0)
(-1.3290586117683715e-06 7.3865095699925651e-07 0)
(-1.3622728373097918e-06 8.2901178744193828e-07 0)
(-1.3992601081528905e-06 9.20518095156058e-07 0)
(-1.4400446007755414e-06 1.0133065877936252e-06 0)
(-1.4846527361581828e-06 1.1075190385982698e-06 0)
(-1.5331131122251067e-06 1.2033028903083364e-06 0)
(-1.5854564214265379e-06 1.300811894792684e-06 0)
(-1.6417153507548896e-06 1.4002067924129318e-06 0)
(-1.7019244607786007e-06 1.501656036052747e-06 0)
(-1.7661200400816065e-06 1.6053365638047659e-06 0)
(-1.8343399307532763e-06 1.7114346265445904e-06 0)
(-1.9066233194779986e-06 1.820146675245302e-06 0)
(-1.9830104883987181e-06 1.9316803143695673e-06 0)
(-2.063542518805747e-06 2.0462553275207165e-06 0)
(-2.1482609393207444e-06 2.1641047826810737e-06 0)
(-2.2372073090518999e-06 2.2854762235524449e-06 0)
(-2.3304227244073581e-06 2.4106329555594505e-06 0)
(-2.4279472360551938e-06 2.5398554335672957e-06 0)
(-2.5298191609247812e-06 2.6734427583407571e-06 0)
(-2.6360742739447723e-06 2.8117142859762937e-06 0)
(-2.7467448741139004e-06 2.9550113518761775e-06 0)
(-2.8618587325789829e-06 3.1036991312623333e-06 0)
(-2.9814379083099427e-06 3.2581686692155167e-06 0)
(-3.1054969990352772e-06 3.4188394042203641e-06 0)
(-3.2340411305670002e-06 3.5861613850457911e-06 0)
(-3.3670639869674424e-06 3.7606185524206997e-06 0)
(-3.50454538741675e-06 3.9427283443455038e-06 0)
(-3.6464504948621774e-06 4.1330517052107061e-06 0)
(-3.7927226112136747e-06 4.3321808193755818e-06 0)
(-3.9432803074199418e-06 4.540763638354182e-06 0)
(-4.0980161895476751e-06 4.7594924489627889e-06 0)
(-4.2567885210514079e-06 4.9891116310294409e-06 0)
(-4.4194157842486974e-06 5.2304214034173159e-06 0)
(-4.5856696685474133e-06 5.4842814965350732e-06 0)
(-4.7552668017451139e-06 5.7516149214754145e-06 0)
(-4.9278591644414629e-06 6.0334116634769424e-06 0)
(-5.1030229927222757e-06 6.3307321719951487e-06 0)
(-5.2802459517681854e-06 6.6447104771424784e-06 0)
(-5.4589123417598158e-06 6.976556722335723e-06 0)
(-5.6382860793497432e-06 7.3275588210694173e-06 0)
(-5.8174911785569307e-06 7.6990828643572626e-06 0)
(-5.9954894664672193e-06 8.0925718290400498e-06 0)
(-6.1710552852036856e-06 8.5095420759611951e-06 0)
(-6.3427469538401659e-06 8.9515769333295264e-06 0)
(-6.5088745931274608e-06 9.4203166151733166e-06 0)
(-6.6674647262980314e-06 9.9174424398728721e-06 0)
(-6.8162213816884273e-06 1.0444654981779348e-05 0)
(-6.952483635844718e-06 1.1003644590799597e-05 0)
(-7.073180894960088e-06 1.159605235183189e-05 0)
(-7.1747845958767803e-06 1.2223419828857618e-05 0)
(-7.2532618702672546e-06 1.2887117439791726e-05 0)
(-7.3040335847609529e-06 1.3588265376429805e-05 0)
(-7.321933352862432e-06 1.4327636115852543e-05 0)
(-7.3011779855354804e-06 1.5105525712300397e-05 0)
(-7.2353588771735757e-06 1.592160655355472e-05 0)
(-7.1174559637399498e-06 1.6774749085537257e-05 0)
(-6.9398844954052955e-06 1.7662825887453415e-05 0)
(-6.6945878494322304e-06 1.8582500791847216e-05 0)
(-6.3731601918883592e-06 1.9529018119432836e-05 0)
(-5.9671047232612583e-06 2.04958722459504e-05 0)
(-5.4681750992677386e-06 2.1474664755302394e-05 0)
(-4.8686802707490756e-06 2.2454916180830981e-05 0)
(-4.162058098861716e-06 2.3423921485848417e-05 0)
(-3.343438063121352e-06 2.4366106278326207e-05 0)
(-2.4104851952857057e-06 2.525813927210628e-05 0)
(-1.3643451406192659e-06 2.6032648038656178e-05 0)
(-2.103782843253978e-07 2.6338999257000235e-05 0)
(1.0177033363288964e-06 2.4185481529565252e-05 0)
(2.136152446264974e-06 9.7434301191966186e-06 0)
(2.6658252224528913e-06 -5.3916180265460237e-05 0)
(2.0983938423948338e-06 -0.00024529886041080843 0)
(7.9602747440442436e-07 -0.00047582919051952321 0)
(8.3431009268520368e-07 0.00047701780699337153 0)
(2.2668357550270295e-06 0.00024682115243529262 0)
(2.9642767408489634e-06 5.5348966206113313e-05 0)
(2.5644706149635251e-06 -8.4183045151337151e-06 0)
(1.5642819238798211e-06 -2.2951522270815785e-05 0)
(4.388995092277902e-07 -2.5195792753285328e-05 0)
(-6.2927371084279935e-07 -2.4986385071758664e-05 0)
(-1.6069137077764424e-06 -2.4314235171639108e-05 0)
(-2.4883955208106914e-06 -2.3527046159514613e-05 0)
(-3.2716462345355522e-06 -2.268927605236269e-05 0)
(-3.9574149113012439e-06 -2.1821855658405204e-05 0)
(-4.548759961098052e-06 -2.0938672781665799e-05 0)
(-5.0504727479029105e-06 -2.0050706523053393e-05 0)
(-5.4684096359679947e-06 -1.9167744513990627e-05 0)
(-5.8090002937991094e-06 -1.8297710500293241e-05 0)
(-6.0791011016113465e-06 -1.7446883188612703e-05 0)
(-6.2856765003582819e-06 -1.6620170240355365e-05 0)
(-6.4355392908436445e-06 -1.5821205186610381e-05 0)
(-6.5352218442633753e-06 -1.5052532982232554e-05 0)
(-6.5908724214897355e-06 -1.4315777622486336e-05 0)
(-6.6081972120973132e-06 -1.3611796772525683e-05 0)
(-6.5924273029431719e-06 -1.2940841462696163e-05 0)
(-6.5483040278176146e-06 -1.2302678772138368e-05 0)
(-6.4800882942037624e-06 -1.1696701542520146e-05 0)
(-6.3915821793437317e-06 -1.1122020538814962e-05 0)
(-6.2861566177082336e-06 -1.0577540647760701e-05 0)
(-6.1667838724219282e-06 -1.0062025801181095e-05 0)
(-6.0360724375412299e-06 -9.5741508739360525e-06 0)
(-5.8963014870281924e-06 -9.1125419218802243e-06 0)
(-5.7494548693564673e-06 -8.6758075606547263e-06 0)
(-5.597253065518618e-06 -8.2625635157354493e-06 0)
(-5.44118298507522e-06 -7.8714512536477719e-06 0)
(-5.2825257127352931e-06 -7.5011510697714468e-06 0)
(-5.1223815629187911e-06 -7.150391415806062e-06 0)
(-4.9616926276840705e-06 -6.8179551826365919e-06 0)
(-4.8012629380404671e-06 -6.5026835510442945e-06 0)
(-4.6417763716231826e-06 -6.2034779801596337e-06 0)
(-4.4838124693019084e-06 -5.919300701600117e-06 0)
(-4.3278603688651611e-06 -5.6491741244896196e-06 0)
(-4.1743310348424036e-06 -5.3921794468773821e-06 0)
(-4.0235679599651858e-06 -5.1474546895432612e-06 0)
(-3.8758565113146888e-06 -4.9141923391340003e-06 0)
(-3.7314321578356074e-06 -4.6916366668039892e-06 0)
(-3.5904874486518553e-06 -4.4790811781384451e-06 0)
(-3.4531750553765333e-06 -4.2758655984149995e-06 0)
(-3.3196244554176176e-06 -4.0813735951761943e-06 0)
(-3.1899332908263255e-06 -3.8950294838037804e-06 0)
(-3.0641710997147108e-06 -3.716295112931012e-06 0)
(-2.9423962196451426e-06 -3.5446681753347525e-06 0)
(-2.8246478089567083e-06 -3.379679412241046e-06 0)
(-2.7109512627760867e-06 -3.2208901216278721e-06 0)
(-2.6013203464480541e-06 -3.0678900198512734e-06 0)
(-2.4957592256918079e-06 -2.9202954890550113e-06 0)
(-2.3942642868611593e-06 -2.7777474130807943e-06 0)
(-2.2968255207170807e-06 -2.6399092872802445e-06 0)
(-2.203427724134935e-06 -2.5064655118142727e-06 0)
(-2.1140515526081843e-06 -2.3771198115353109e-06 0)
(-2.0286744361060584e-06 -2.2515937589290179e-06 0)
(-1.9472713702845312e-06 -2.1296253947095988e-06 0)
(-1.8698155974880759e-06 -2.01096794094222e-06 0)
(-1.7962791916064149e-06 -1.8953886014116383e-06 0)
(-1.7266335598051347e-06 -1.7826674440678805e-06 0)
(-1.6608498724316991e-06 -1.6725963591194116e-06 0)
(-1.5988994310972161e-06 -1.5649780875854061e-06 0)
(-1.5407539833803372e-06 -1.4596253143088804e-06 0)
(-1.4863859915058364e-06 -1.3563598204589743e-06 0)
(-1.4357688614512129e-06 -1.2550116900040959e-06 0)
(-1.3888771379523688e-06 -1.1554185659996898e-06 0)
(-1.3456866701951164e-06 -1.0574249515991217e-06 0)
(-1.3061747522018556e-06 -9.6088155187677849e-07 0)
(-1.2703202414735575e-06 -8.6564465219749717e-07 0)
(-1.2381036589323575e-06 -7.7157553002765723e-07 0)
(-1.2095072727926199e-06 -6.7853989546454741e-07 0)
(-1.1845151685239147e-06 -5.8640735833386981e-07 0)
(-1.1631133067952639e-06 -4.9505091780080482e-07 0)
(-1.1452895710065887e-06 -4.0434647179643819e-07 0)
(-1.1310338057406972e-06 -3.1417234341660351e-07 0)
(-1.1203378472603107e-06 -2.2440882139650408e-07 0)
(-1.1131955468669625e-06 -1.3493771188418728e-07 0)
(-1.1096027877985663e-06 -4.5641899052334278e-08 0)
(-1.1095574962509961e-06 4.3595088187732838e-08 0)
(-1.1130596468279547e-06 1.3288950548632468e-07 0)
(-1.1201112624779515e-06 2.2235782129262712e-07 0)
(-1.1307164089992332e-06 3.121171463154935e-07 0)
(-1.144881183986994e-06 4.0228566670838995e-07 0)
(-1.16261369983623e-06 4.9298308342235882e-07 0)
(-1.1839240603321532e-06 5.843310603338597e-07 0)
(-1.2088243300787115e-06 6.7645368387425004e-07 0)
(-1.2373284959682026e-06 7.6947793643742995e-07 0)
(-1.2694524195965318e-06 8.6353418694174383e-07 0)
(-1.3052137792232024e-06 9.5875670113832894e-07 0)
(-1.3446319997378694e-06 1.0552841745133293e-06 0)
(-1.3877281687020982e-06 1.1532602913909346e-06 0)
(-1.4345249363183258e-06 1.2528343132911273e-06 0)
(-1.4850463966881221e-06 1.3541617003219581e-06 0)
(-1.5393179473538374e-06 1.4574047691788032e-06 0)
(-1.5973661234308897e-06 1.5627333920537952e-06 0)
(-1.6592184025090532e-06 1.6703257400580162e-06 0)
(-1.7249029755385597e-06 1.7803690764997672e-06 0)
(-1.7944484779395066e-06 1.8930606041624388e-06 0)
(-1.8678836748555757e-06 2.0086083719833702e-06 0)
(-1.9452370931238233e-06 2.1272322462107596e-06 0)
(-2.0265365913284699e-06 2.2491649521118155e-06 0)
(-2.1118088582842854e-06 2.3746531912422921e-06 0)
(-2.2010788283847942e-06 2.5039588409697852e-06 0)
(-2.2943690007049912e-06 2.6373602418106842e-06 0)
(-2.3916986475874904e-06 2.7751535781369009e-06 0)
(-2.4930828971604357e-06 2.9176543574911105e-06 0)
(-2.5985316753677398e-06 3.0651989941414615e-06 0)
(-2.7080484910688011e-06 3.2181465161205009e-06 0)
(-2.8216290314882567e-06 3.3768804319493656e-06 0)
(-2.9392594221142253e-06 3.5418107942294249e-06 0)
(-3.0609142507340934e-06 3.7133761242935029e-06 0)
(-3.186554333253378e-06 3.892045549638757e-06 0)
(-3.3161201269529081e-06 4.0783211829139904e-06 0)
(-3.4495438563864834e-06 4.2727411041004892e-06 0)
(-3.5867277219603702e-06 4.475880737398427e-06 0)
(-3.7275402336713482e-06 4.6883562527024902e-06 0)
(-3.871829683951313e-06 4.9108276232262539e-06 0)
(-4.0194033116411631e-06 5.1440011313477868e-06 0)
(-4.1700254607209084e-06 5.3886322066267829e-06 0)
(-4.3234105794583917e-06 5.6455280505227272e-06 0)
(-4.4792149879081952e-06 5.9155502977757146e-06 0)
(-4.6370275267094866e-06 6.1996173680344219e-06 0)
(-4.7963588563267525e-06 6.4987064263464809e-06 0)
(-4.9566292281144518e-06 6.813854763116874e-06 0)
(-5.1171545496022973e-06 7.1461603780064666e-06 0)
(-5.2771305650385075e-06 7.4967814724956681e-06 0)
(-5.4356149321371114e-06 7.866934428447507e-06 0)
(-5.5915070234737205e-06 8.2578899217927707e-06 0)
(-5.7435253165974056e-06 8.670966602766261e-06 0)
(-5.8901822716335244e-06 9.1075217555569088e-06 0)
(-6.0297567213927246e-06 9.5689382187211744e-06 0)
(-6.1602644433676911e-06 1.0056606394900898e-05 0)
(-6.2794260470351016e-06 1.0571898641864314e-05 0)
(-6.3846326595451121e-06 1.1116138276575281e-05 0)
(-6.4729119862643729e-06 1.1690559749799344e-05 0)
(-6.5408935195394145e-06 1.2296255577824928e-05 0)
(-6.5847755616894304e-06 1.293411193724008e-05 0)
(-6.6002976917145938e-06 1.3604732181236282e-05 0)
(-6.5827194225546186e-06 1.4308345106284593e-05 0)
(-6.5268109320216097e-06 1.5044695145848485e-05 0)
(-6.4268680777572512e-06 1.5812919891392426e-05 0)
(-6.2767455801104668e-06 1.6611390094008393e-05 0)
(-6.0699151954202404e-06 1.7437555722945416e-05 0)
(-5.7995698899089365e-06 1.8287779055050867e-05 0)
(-5.4587577918401364e-06 1.9157152459635184e-05 0)
(-5.0406331934176881e-06 2.0039375777248506e-05 0)
(-4.5387798746795382e-06 2.0926530101197482e-05 0)
(-3.9473446877354494e-06 2.1808798400363992e-05 0)
(-3.2615486517781272e-06 2.2675248946699612e-05 0)
(-2.4783680571990277e-06 2.3511972492657247e-05 0)
(-1.5970744073062602e-06 2.4298058436205341e-05 0)
(-6.1976140152695067e-07 2.4969170717554962e-05 0)
(4.4791425896507062e-07 2.5178250448528075e-05 0)
(1.5726119558045115e-06 2.2937466194581681e-05 0)
(2.5718947757562095e-06 8.4230486396812369e-06 0)
(2.9699858001241967e-06 -5.5283227325021063e-05 0)
(2.2699637129927653e-06 -0.00024663532152544059 0)
(8.3563557415940765e-07 -0.00047678334815488561 0)
(8.6841046785525211e-07 0.00047788266526746205 0)
(2.4149907603451686e-06 0.00024803400625908483 0)
(3.2275767948235474e-06 5.65917972897519e-05 0)
(2.9426039328488285e-06 -7.2139202958805519e-06 0)
(2.0473798059410608e-06 -2.1807370483927092e-05 0)
(1.0143473486921273e-06 -2.4124538928790021e-05 0)
(2.4740066472294583e-08 -2.3996961130301444e-05 0)
(-8.8863459545521359e-07 -2.3412545120491416e-05 0)
(-1.720063498043716e-06 -2.2716216933296278e-05 0)
(-2.4668568844452208e-06 -2.1969877738890223e-05 0)
(-3.1289900184012264e-06 -2.11923117459728e-05 0)
(-3.7078790058429236e-06 -2.039560984768193e-05 0)
(-4.2068126684412439e-06 -1.9589849947903591e-05 0)
(-4.6305325602603825e-06 -1.8783632712901612e-05 0)
(-4.9838008744836254e-06 -1.7984452513947479e-05 0)
(-5.2721113600314508e-06 -1.7198137579192671e-05 0)
(-5.5012324733840298e-06 -1.6429658195621813e-05 0)
(-5.6768644136247759e-06 -1.5682773263386743e-05 0)
(-5.804586637371108e-06 -1.4960285044073108e-05 0)
(-5.8897346360035867e-06 -1.4264162769455008e-05 0)
(-5.9373456522939178e-06 -1.3595645238447519e-05 0)
(-5.9521130861837498e-06 -1.2955410793725622e-05 0)
(-5.9383455652690909e-06 -1.2343660846886315e-05 0)
(-5.8999657495167989e-06 -1.176021346966536e-05 0)
(-5.8405182741916872e-06 -1.1204586651203715e-05 0)
(-5.7631847692279995e-06 -1.0676069113214305e-05 0)
(-5.67080534620426e-06 -1.0173779567443251e-05 0)
(-5.565902460685134e-06 -9.6967190939375956e-06 0)
(-5.4507053110525589e-06 -9.2438099815644568e-06 0)
(-5.3271766484597047e-06 -8.813927065912666e-06 0)
(-5.1970385014570888e-06 -8.405924894981957e-06 0)
(-5.0617962374070232e-06 -8.0186573156826427e-06 0)
(-4.9227618959103614e-06 -7.6509926023604669e-06 0)
(-4.781075797056974e-06 -7.3018249422326657e-06 0)
(-4.637726296656776e-06 -6.9700828639236163e-06 0)
(-4.4935677366811258e-06 -6.6547351234296198e-06 0)
(-4.3493365850837013e-06 -6.3547947023747386e-06 0)
(-4.2056658618826362e-06 -6.0693210778566465e-06 0)
(-4.0630980475289309e-06 -5.7974212584486238e-06 0)
(-3.9220965375614377e-06 -5.5382499103534708e-06 0)
(-3.7830557718318317e-06 -5.2910087305736488e-06 0)
(-3.6463101045706562e-06 -5.0549453190673148e-06 0)
(-3.5121418829679121e-06 -4.8293511778315197e-06 0)
(-3.3807881443192366e-06 -4.613561482146408e-06 0)
(-3.2524465116588191e-06 -4.4069508141554814e-06 0)
(-3.1272823606318049e-06 -4.208935785550796e-06 0)
(-3.005430305242593e-06 -4.0189614947911299e-06 0)
(-2.8869989400132718e-06 -3.8365150625445933e-06 0)
(-2.7720770758749245e-06 -3.6611130057080336e-06 0)
(-2.6607345164025635e-06 -3.4923020463521535e-06 0)
(-2.5530251398195787e-06 -3.3296571398656102e-06 0)
(-2.4489892684357923e-06 -3.1727796013077914e-06 0)
(-2.3486557630849326e-06 -3.0212954069870439e-06 0)
(-2.2520438558335907e-06 -2.8748534240152629e-06 0)
(-2.1591646890504287e-06 -2.733123765921548e-06 0)
(-2.070022645445256e-06 -2.59579626419127e-06 0)
(-1.984616506424878e-06 -2.462579039244249e-06 0)
(-1.9029404620641903e-06 -2.3331971590857908e-06 0)
(-1.8249849901912951e-06 -2.2073913803851932e-06 0)
(-1.7507376204027175e-06 -2.0849169674359373e-06 0)
(-1.6801835970527512e-06 -1.9655425846283409e-06 0)
(-1.6133064541253515e-06 -1.8490492590357353e-06 0)
(-1.5500885133066964e-06 -1.7352294078660912e-06 0)
(-1.4905113151207929e-06 -1.6238859271327499e-06 0)
(-1.4345559919227153e-06 -1.5148313367590153e-06 0)
(-1.3822035901865166e-06 -1.4078869781872016e-06 0)
(-1.3334353486477853e-06 -1.3028822599268351e-06 0)
(-1.2882329381789639e-06 -1.1996539476780531e-06 0)
(-1.2465786682628392e-06 -1.0980454946180096e-06 0)
(-1.2084556643298021e-06 -9.9790640865784005e-07 0)
(-1.1738480196981806e-06 -8.9909165274230261e-07 0)
(-1.1427409253929578e-06 -8.0146107586812461e-07 0)
(-1.1151207805928055e-06 -7.0487887013697595e-07 0)
(-1.0909752860459974e-06 -6.0921305237072265e-07 0)
(-1.0702935225425034e-06 -5.143349663826953e-07 0)
(-1.0530660160802904e-06 -4.2011880357961827e-07 0)
(-1.0392847912630265e-06 -3.2644113918228176e-07 0)
(-1.028943414080722e-06 -2.3318048162320862e-07 0)
(-1.022037024998634e-06 -1.4021683231727839e-07 0)
(-1.0185623631435552e-06 -4.7431253727415809e-08 0)
(-1.0185177820953285e-06 4.5294556985793289e-08 0)
(-1.0219032577551995e-06 1.3807869050484348e-07 0)
(-1.0287203882860191e-06 2.3103944696627196e-07 0)
(-1.0389723862104357e-06 3.2429575868062441e-07 0)
(-1.052664062583997e-06 4.1796761634718569e-07 0)
(-1.0698018027391037e-06 5.121765009805259e-07 0)
(-1.0903935331541514e-06 6.0704582401095348e-07 0)
(-1.1144486785938148e-06 7.0270137803739267e-07 0)
(-1.1419781086533434e-06 7.992718003698905e-07 0)
(-1.1729940725383643e-06 8.9688905242193266e-07 0)
(-1.2075101205345256e-06 9.9568891735601322e-07 0)
(-1.2455410105052209e-06 1.095811518508916e-06 0)
(-1.2871025973748198e-06 1.1974018618472121e-06 0)
(-1.3322117032620107e-06 1.3006104052636966e-06 0)
(-1.3808859654262162e-06 1.4055936579159885e-06 0)
(-1.4331436588827016e-06 1.5125148128809137e-06 0)
(-1.4890034898156971e-06 1.621544416698366e-06 0)
(-1.5484843556006586e-06 1.7328610789855876e-06 0)
(-1.6116050666441642e-06 1.8466522267098352e-06 0)
(-1.6783840239877123e-06 1.9631149062999187e-06 0)
(-1.7488388462552707e-06 2.0824566383110339e-06 0)
(-1.8229859385145901e-06 2.204896328489323e-06 0)
(-1.9008399941732361e-06 2.3306652401318865e-06 0)
(-1.9824134201325207e-06 2.4600080313007265e-06 0)
(-2.0677156737783014e-06 2.5931838622288261e-06 0)
(-2.1567524987420645e-06 2.7304675764997364e-06 0)
(-2.2495250451321205e-06 2.8721509605948774e-06 0)
(-2.3460288579293078e-06 3.0185440857730663e-06 0)
(-2.4462527154118146e-06 3.169976736757757e-06 0)
(-2.5501772945736147e-06 3.3267999370577949e-06 0)
(-2.6577736299836654e-06 3.4893875814980394e-06 0)
(-2.7690013065721677e-06 3.6581381815737086e-06 0)
(-2.8838063750253167e-06 3.8334766239040961e-06 0)
(-3.00211892817974e-06 4.0158560720675126e-06 0)
(-3.1238498327053751e-06 4.2057599126686418e-06 0)
(-3.2488909401511811e-06 4.4036998150309588e-06 0)
(-3.3771074624736968e-06 4.6102322992500406e-06 0)
(-3.5083334213739552e-06 4.825939498536712e-06 0)
(-3.6423713106041678e-06 5.0514465898392664e-06 0)
(-3.7789839373654136e-06 5.2874182946618487e-06 0)
(-3.9178888647901154e-06 5.5345627541200234e-06 0)
(-4.0587515770782692e-06 5.7936320639288435e-06 0)
(-4.2011774838995501e-06 6.065424177265679e-06 0)
(-4.3447030354126001e-06 6.3507840409619905e-06 0)
(-4.4887855972286348e-06 6.650604219068722e-06 0)
(-4.632791999770563e-06 6.9658247560346368e-06 0)
(-4.7759856319792003e-06 7.2974321295026545e-06 0)
(-4.9175120284179556e-06 7.6464569717963756e-06 0)
(-5.0563827287071442e-06 8.0139700081423882e-06 0)
(-5.1914572915774049e-06 8.4010761115272807e-06 0)
(-5.3214234508367209e-06 8.8089057863219726e-06 0)
(-5.4447753372714077e-06 9.2386036677598044e-06 0)
(-5.5597899531020641e-06 9.6913136690953117e-06 0)
(-5.6645043023838138e-06 1.0168160911994416e-05 0)
(-5.7566894992967576e-06 1.067022116608268e-05 0)
(-5.8338225273539776e-06 1.1198491264360372e-05 0)
(-5.8930635932069741e-06 1.1753852187392944e-05 0)
(-5.9312324079872859e-06 1.2337012563986795e-05 0)
(-5.9447852665471078e-06 1.2948451190307916e-05 0)
(-5.9298004156925323e-06 1.3588346442419965e-05 0)
(-5.8819703886244627e-06 1.4256493102366888e-05 0)
(-5.7966032012216141e-06 1.4952208745392467e-05 0)
(-5.6686639305582462e-06 1.5674250961439305e-05 0)
(-5.4928201344547311e-06 1.6420645746006463e-05 0)
(-5.2634955361013953e-06 1.7188586186861951e-05 0)
(-4.9749911010407131e-06 1.7974309749417316e-05 0)
(-4.6215633124760137e-06 1.8772875569918955e-05 0)
(-4.197725511887735e-06 1.9578383117547908e-05 0)
(-3.6987376705540581e-06 2.0383373400597637e-05 0)
(-3.1198271904079738e-06 2.1179240923386301e-05 0)
(-2.4577198148360976e-06 2.1955913906605642e-05 0)
(-1.7110657421545365e-06 2.2701301989278451e-05 0)
(-8.7987864696250384e-07 2.3396647654306454e-05 0)
(3.3131642519953246e-08 2.3980170434059648e-05 0)
(1.0222275579325541e-06 2.4107603237944285e-05 0)
(2.0546005462228284e-06 2.1794196989255771e-05 0)
(2.9490108395350755e-06 7.2200506133377349e-06 0)
(3.2324597108770604e-06 -5.6523809412514085e-05 0)
(2.417567993056604e-06 -0.00024784511800921179 0)
(8.6958192267283847e-07 -0.0004776457659475806 0)
(8.9787733578540088e-07 0.00047866801422065663 0)
(2.5434125669352266e-06 0.00024913678020381112 0)
(3.4563696134480481e-06 5.7724302535373359e-05 0)
(3.2719957097977108e-06 -6.1126567769432185e-06 0)
(2.4695510215571225e-06 -2.0756232635414549e-05 0)
(1.5191700786460603e-06 -2.3134509563416296e-05 0)
(6.0104367598310432e-07 -2.3076040193395322e-05 0)
(-2.5259539189812114e-07 -2.2566327168195608e-05 0)
(-1.0361418426713766e-06 -2.194803759033107e-05 0)
(-1.7465738248120914e-06 -2.1281018943080694e-05 0)
(-2.3830124147230597e-06 -2.0582258751736597e-05 0)
(-2.9462833101325474e-06 -1.9862079917772911e-05 0)
(-3.4384940319934475e-06 -1.9129758927071018e-05 0)
(-3.863012038545562e-06 -1.8392842775579514e-05 0)
(-4.2235051426063126e-06 -1.765862866139056e-05 0)
(-4.5243067814667659e-06 -1.6931868540510093e-05 0)
(-4.770312184138279e-06 -1.6217826677801243e-05 0)
(-4.9661661391262902e-06 -1.5520182006984984e-05 0)
(-5.1166113503103039e-06 -1.4841873758278945e-05 0)
(-5.2262326157967983e-06 -1.4185109243273487e-05 0)
(-5.2994452363661959e-06 -1.3551347586885147e-05 0)
(-5.3404429113981166e-06 -1.2941605444456888e-05 0)
(-5.3531067037358615e-06 -1.2356426488209743e-05 0)
(-5.3410140984832199e-06 -1.1795970744827951e-05 0)
(-5.3074378228319748e-06 -1.1260092378127463e-05 0)
(-5.2553495337802879e-06 -1.0748404021619128e-05 0)
(-5.1874338529650916e-06 -1.0260327300654617e-05 0)
(-5.1061028514802571e-06 -9.7951498093525946e-06 0)
(-5.0135094587762411e-06 -9.3520581527371453e-06 0)
(-4.9115697825609065e-06 -8.9301663993666698e-06 0)
(-4.8019833150573412e-06 -8.5285478477885379e-06 0)
(-4.6862506921990449e-06 -8.146253348647843e-06 0)
(-4.5656933390314121e-06 -7.7823274782319633e-06 0)
(-4.441471824194051e-06 -7.4358215671851902e-06 0)
(-4.3146028085782027e-06 -7.105803746226542e-06 0)
(-4.1859747762344251e-06 -6.7913662435557192e-06 0)
(-4.056362325830799e-06 -6.491631178572164e-06 0)
(-3.9264390251360943e-06 -6.205754150850675e-06 0)
(-3.7967892011212434e-06 -5.9329265757737789e-06 0)
(-3.6679185067506237e-06 -5.6723771559190031e-06 0)
(-3.5402633684561432e-06 -5.4233723014035094e-06 0)
(-3.4141989583982504e-06 -5.185216292785453e-06 0)
(-3.290048320745681e-06 -4.9572503789380722e-06 0)
(-3.1680870847515189e-06 -4.7388522287911715e-06 0)
(-3.0485493585678672e-06 -4.5294343916348894e-06 0)
(-2.9316351358888417e-06 -4.3284432635529887e-06 0)
(-2.8175125676577495e-06 -4.1353560053202519e-06 0)
(-2.7063226104770662e-06 -3.9496819131457833e-06 0)
(-2.5981832033465399e-06 -3.7709586528999728e-06 0)
(-2.4931919429844822e-06 -3.5987510879547775e-06 0)
(-2.3914288176399549e-06 -3.4326497462815912e-06 0)
(-2.2929586135118658e-06 -3.2722692890358501e-06 0)
(-2.1978330482892867e-06 -3.1172470302502844e-06 0)
(-2.1060926456510583e-06 -2.9672414631722572e-06 0)
(-2.0177683607601731e-06 -2.8219308504955892e-06 0)
(-1.9328829973435297e-06 -2.6810118862799986e-06 0)
(-1.8514524473858844e-06 -2.5441984291097003e-06 0)
(-1.7734867771811131e-06 -2.4112203027418853e-06 0)
(-1.6989911785754436e-06 -2.2818221621714611e-06 0)
(-1.6279668016805049e-06 -2.1557624224625651e-06 0)
(-1.5604114831763321e-06 -2.0328122475731956e-06 0)
(-1.4963203829799096e-06 -1.9127545973197423e-06 0)
(-1.4356865404436568e-06 -1.7953833285823128e-06 0)
(-1.3785013599046117e-06 -1.6805023483761285e-06 0)
(-1.3247550343436817e-06 -1.567924815431519e-06 0)
(-1.2744369146116657e-06 -1.4574723868843321e-06 0)
(-1.2275358309326907e-06 -1.3489745069148059e-06 0)
(-1.1840403726378524e-06 -1.2422677345153025e-06 0)
(-1.1439391310949926e-06 -1.137195106678018e-06 0)
(-1.107220910260804e-06 -1.0336055345333636e-06 0)
(-1.0738749086599177e-06 -9.3135322897754733e-07 0)
(-1.043890876288459e-06 -8.3029715387299944e-07 0)
(-1.0172592492845059e-06 -7.303005028171952e-07 0)
(-9.9397126473685564e-07 -6.3123019804485013e-07 0)
(-9.7401905792726656e-07 -5.3295640815189976e-07 0)
(-9.573957437387373e-07 -4.353520825077183e-07 0)
(-9.4409548375425935e-07 -3.3829249988573124e-07 0)
(-9.3411354035920081e-07 -2.4165482926644103e-07 0)
(-9.2744631885633072e-07 -1.4531769997934219e-07 0)
(-9.2409139833367391e-07 -4.9160779602805269e-08 0)
(-9.2404755190784248e-07 4.6935643017456422e-08 0)
(-9.2731475680003019e-07 1.4309107139926318e-07 0)
(-9.3389419429135008e-07 2.3942521396875642e-07 0)
(-9.437882396136781e-07 3.3605839780956732e-07 0)
(-9.5700044167333414e-07 4.3311198553334758e-07 0)
(-9.7353549212963614e-07 5.3070879742009117e-07 0)
(-9.9339918324228339e-07 6.289735410978001e-07 0)
(-1.0165983537130275e-06 7.2803325087370027e-07 0)
(-1.0431408215332004e-06 8.2801773891496353e-07 0)
(-1.0730353025284123e-06 9.2906006079268751e-07 0)
(-1.1062913130896883e-06 1.0312969976995321e-06 0)
(-1.1429190552382925e-06 1.1348695575574939e-06 0)
(-1.1829292819427044e-06 1.2399234977622384e-06 0)
(-1.2263331402049974e-06 1.3466098723150685e-06 0)
(-1.2731419889592277e-06 1.4550856057697743e-06 0)
(-1.32336718845239e-06 1.5655140971607159e-06 0)
(-1.3770198572428393e-06 1.6780658563864119e-06 0)
(-1.4341105924551831e-06 1.7929191764241517e-06 0)
(-1.4946491482188363e-06 1.9102608444192614e-06 0)
(-1.5586440663311204e-06 2.030286894668619e-06 0)
(-1.6261022525700164e-06 2.1532034069373951e-06 0)
(-1.6970284911362892e-06 2.279227353078346e-06 0)
(-1.7714248883910867e-06 2.4085874956389709e-06 0)
(-1.8492902361261812e-06 2.5415253406887637e-06 0)
(-1.9306192831335012e-06 2.678296148749411e-06 0)
(-2.0154019021939025e-06 2.8191700058412939e-06 0)
(-2.1036221382007626e-06 2.9644329575254958e-06 0)
(-2.1952571209880303e-06 3.1143882079188752e-06 0)
(-2.2902758240485992e-06 3.2693573851894409e-06 0)
(-2.3886376461340183e-06 3.4296818769524016e-06 0)
(-2.4902907867214912e-06 3.5957242346623647e-06 0)
(-2.5951703795874991e-06 3.7678696414940144e-06 0)
(-2.7031963601088507e-06 3.9465274096718124e-06 0)
(-2.814271044331709e-06 4.1321325153025789e-06 0)
(-2.9282763837552988e-06 4.3251470973882955e-06 0)
(-3.0450714695687793e-06 4.5260614444767712e-06 0)
(-3.1644880383189146e-06 4.7353986788967429e-06 0)
(-3.2863259429236912e-06 4.9537118930890981e-06 0)
(-3.4103508875509681e-06 5.1815883202062157e-06 0)
(-3.5362871470522725e-06 5.4196500103034789e-06 0)
(-3.663811691199711e-06 5.6685554105210888e-06 0)
(-3.7925491560130254e-06 5.9289999381585424e-06 0)
(-3.922063010563063e-06 6.201716818977338e-06 0)
(-4.051847484516628e-06 6.4874769618628656e-06 0)
(-4.181318140845517e-06 6.7870885339967702e-06 0)
(-4.3098013173336423e-06 7.101395467551532e-06 0)
(-4.4365223335037985e-06 7.4312751156333798e-06 0)
(-4.5605926860187753e-06 7.7776347049886437e-06 0)
(-4.6809957919190115e-06 8.1414054001376477e-06 0)
(-4.7965712447687284e-06 8.5235349389351855e-06 0)
(-4.905997759861719e-06 8.9249773390189678e-06 0)
(-5.0077743883755443e-06 9.3466796161072161e-06 0)
(-5.1001994766100536e-06 9.7895659481876068e-06 0)
(-5.181356945827104e-06 1.0254525484081435e-05 0)
(-5.2490956942075774e-06 1.0742368107197821e-05 0)
(-5.3010016378490231e-06 1.1253802594707827e-05 0)
(-5.3343906863149485e-06 1.1789411172086344e-05 0)
(-5.3462945164257577e-06 1.2349577487568658e-05 0)
(-5.3334416832448986e-06 1.2934443671941766e-05 0)
(-5.2922557799035664e-06 1.3543846302830863e-05 0)
(-5.2188571202277989e-06 1.4177238173658323e-05 0)
(-5.1090530739438533e-06 1.4833598424114471e-05 0)
(-4.958431078774184e-06 1.5511466663316179e-05 0)
(-4.7624103569080356e-06 1.6208629978979537e-05 0)
(-4.5162511934148621e-06 1.6922143741138358e-05 0)
(-4.2152804948006739e-06 1.7648306425363353e-05 0)
(-3.8546842651821804e-06 1.8382005658067047e-05 0)
(-3.4301337907891551e-06 1.9118223637379817e-05 0)
(-2.9379072615425113e-06 1.9849810366014241e-05 0)
(-2.3746699568994865e-06 2.0569235657684988e-05 0)
(-1.738323474370899e-06 2.1267172880993112e-05 0)
(-1.0280720580703635e-06 2.1933331279118617e-05 0)
(-2.4480160232431775e-07 2.2550746121001628e-05 0)
(6.0845228406824491e-07 2.3059692147003896e-05 0)
(1.5260668286809336e-06 2.3118173033043702e-05 0)
(2.4758196230178311e-06 2.0743891897567148e-05 0)
(3.2775360976090153e-06 6.1200502809918495e-06 0)
(3.4605524958552272e-06 -5.765430943613086e-05 0)
(2.5455249269467071e-06 -0.00024894518933055821 0)
(8.9891927337111448e-07 -0.0004784289614675399 0)
(9.2352761809186893e-07 0.00047938421091919218 0)
(2.6554899301242351e-06 0.00025014355645547608 0)
(3.6564579319329119e-06 5.8760171314914017e-05 0)
(3.560680759915642e-06 -5.1023329748042915e-06 0)
(2.8405829429903693e-06 -1.9787927535604467e-05 0)
(1.9643472927742135e-06 -2.2217774005045983e-05 0)
(1.1112482681754904e-06 -2.2218005554723517e-05 0)
(3.1294367813071184e-07 -2.1772204530368656e-05 0)
(-4.2516862920995002e-07 -2.1221202033853056e-05 0)
(-1.0999107656707169e-06 -2.0623129753415737e-05 0)
(-1.7099163806533653e-06 -1.9993440628349373e-05 0)
(-2.2553643269447179e-06 -1.9341315158169669e-05 0)
(-2.7375739448476439e-06 -1.8674641428551093e-05 0)
(-3.1594021302116664e-06 -1.8000448305271263e-05 0)
(-3.5228266228071413e-06 -1.7324843390687464e-05 0)
(-3.8313093746188749e-06 -1.6653104895882312e-05 0)
(-4.0895459393811829e-06 -1.5989826021229382e-05 0)
(-4.3009114940008065e-06 -1.533846104735674e-05 0)
(-4.4695138738046457e-06 -1.470210027527218e-05 0)
(-4.5992084644710826e-06 -1.4083209622260465e-05 0)
(-4.693841853544726e-06 -1.3483164021870772e-05 0)
(-4.7571919875587688e-06 -1.2903345239620373e-05 0)
(-4.7927108656268042e-06 -1.2344556207052667e-05 0)
(-4.8036316393953875e-06 -1.180721977147249e-05 0)
(-4.792951550940472e-06 -1.12914618886856e-05 0)
(-4.763419691651954e-06 -1.0797167282123275e-05 0)
(-4.7175511338235863e-06 -1.0324005093422403e-05 0)
(-4.6576333126119557e-06 -9.8715150586342698e-06 0)
(-4.5857219008656264e-06 -9.439119017303695e-06 0)
(-4.5036663433290564e-06 -9.0261392796425962e-06 0)
(-4.4131254505592119e-06 -8.6318487403502239e-06 0)
(-4.3155758676417203e-06 -8.2554790073804556e-06 0)
(-4.2123301142086997e-06 -7.8962377704784706e-06 0)
(-4.104552064797896e-06 -7.5533233260316031e-06 0)
(-3.9932709727742979e-06 -7.2259359717261045e-06 0)
(-3.8793951687999056e-06 -6.913285500627581e-06 0)
(-3.7637244921648444e-06 -6.6145994881363698e-06 0)
(-3.646961258869995e-06 -6.3291272317553301e-06 0)
(-3.5297210523755846e-06 -6.0561430329308009e-06 0)
(-3.4125422629917402e-06 -5.7949490496210807e-06 0)
(-3.2958949085266201e-06 -5.5448765897988331e-06 0)
(-3.1801881819501853e-06 -5.305286976565608e-06 0)
(-3.0657778187955991e-06 -5.0755722144632325e-06 0)
(-2.9529721568082326e-06 -4.8551532685550827e-06 0)
(-2.8420375462143901e-06 -4.6434818173895268e-06 0)
(-2.7332039741570193e-06 -4.4400378875962999e-06 0)
(-2.6266689546966461e-06 -4.244329093634269e-06 0)
(-2.52260158743287e-06 -4.055890144436284e-06 0)
(-2.4211462505828572e-06 -3.8742812672174717e-06 0)
(-2.3224256096758675e-06 -3.6990870067328164e-06 0)
(-2.2265433408113592e-06 -3.5299149964179452e-06 0)
(-2.1335865523476991e-06 -3.3663947243556886e-06 0)
(-2.0436279371155372e-06 -3.2081763079020119e-06 0)
(-1.956727675941037e-06 -3.0549292748152343e-06 0)
(-1.8729351120220023e-06 -2.9063413749156883e-06 0)
(-1.792290223935133e-06 -2.7621174321838476e-06 0)
(-1.7148249227670773e-06 -2.6219782430529396e-06 0)
(-1.6405641950609752e-06 -2.4856595216262748e-06 0)
(-1.569527109852586e-06 -2.3529108931538135e-06 0)
(-1.5017277057558835e-06 -2.2234949351740419e-06 0)
(-1.4371757718818774e-06 -2.0971862653723231e-06 0)
(-1.3758775350682854e-06 -1.9737706757698933e-06 0)
(-1.3178362642819321e-06 -1.8530443107963915e-06 0)
(-1.2630528018932329e-06 -1.7348128879092041e-06 0)
(-1.2115260303372948e-06 -1.6188909587967521e-06 0)
(-1.1632532816043629e-06 -1.5051012084757182e-06 0)
(-1.1182306962672877e-06 -1.3932737901012055e-06 0)
(-1.0764535379350216e-06 -1.2832456934789966e-06 0)
(-1.0379164682122223e-06 -1.174860144207276e-06 0)
(-1.0026137865568341e-06 -1.0679660315616954e-06 0)
(-9.705396390047965e-07 -9.6241736238438585e-07 0)
(-9.4168819920223535e-07 -8.5807273903104332e-07 0)
(-9.1605382475323527e-07 -7.547948586056538e-07 0)
(-8.9363119134583547e-07 -6.5245003167138415e-07 0)
(-8.744154069207205e-07 -5.5090771785566435e-07 0)
(-8.5840210774739512e-07 -4.5004007646397657e-07 0)
(-8.4558753798436028e-07 -3.4972152986126069e-07 0)
(-8.3596861411700912e-07 -2.4982833787007278e-07 0)
(-8.2954297523568585e-07 -1.5023818057396886e-07 0)
(-8.2630901999425419e-07 -5.0829748126066698e-08 0)
(-8.2626593097935083e-07 4.8517664646479974e-08 0)
(-8.2941368676726896e-07 1.4792456085325847e-07 0)
(-8.3575306186729598e-07 2.4751164292579939e-07 0)
(-8.4528561464161443e-07 3.4740021525867083e-07 0)
(-8.5801366295121481e-07 4.4771258958984854e-07 0)
(-8.7394024713242831e-07 5.4857249519784296e-07 0)
(-8.9306907967673563e-07 6.5010549591040833e-07 0)
(-9.1540448077006593e-07 7.5243941585269666e-07 0)
(-9.4095129868217293e-07 8.5570477585440465e-07 0)
(-9.6971481366079418e-07 9.6003524282510756e-07 0)
(-1.001700623721661e-06 1.0655680940723693e-06 0)
(-1.0369145104415124e-06 1.1724446985289013e-06 0)
(-1.0753622826124987e-06 1.2808110172221231e-06 0)
(-1.117049595179249e-06 1.3908181254424996e-06 0)
(-1.1619817404578981e-06 1.5026227585166031e-06 0)
(-1.2101634081790061e-06 1.6163878840931869e-06 0)
(-1.2615984104828046e-06 1.7322833023101245e-06 0)
(-1.3162893675278278e-06 1.8504862775415573e-06 0)
(-1.374237348394602e-06 1.9711822031763491e-06 0)
(-1.435441461461962e-06 2.0945653022009323e-06 0)
(-1.499898387749121e-06 2.2208393659726754e-06 0)
(-1.567601849655561e-06 2.3502185332085973e-06 0)
(-1.6385420064346175e-06 2.4829281117399235e-06 0)
(-1.7127047669464884e-06 2.6192054441188058e-06 0)
(-1.7900710085690324e-06 2.7593008192819884e-06 0)
(-1.8706156898241232e-06 2.9034784312245256e-06 0)
(-1.9543068429455502e-06 3.052017385321726e-06 0)
(-2.0411044302567603e-06 3.2052127523648077e-06 0)
(-2.130959046364955e-06 3.3633766689782692e-06 0)
(-2.2238104449139045e-06 3.5268394835744904e-06 0)
(-2.31958586518852e-06 3.6959509421917682e-06 0)
(-2.418198131435976e-06 3.8710814056068172e-06 0)
(-2.5195435010694837e-06 4.0526230789806931e-06 0)
(-2.6234992403225135e-06 4.2409912442549465e-06 0)
(-2.7299209033648874e-06 4.4366254791575284e-06 0)
(-2.8386393584035897e-06 4.6399908436968569e-06 0)
(-2.9494570137000174e-06 4.8515796190510305e-06 0)
(-3.0621437799331037e-06 5.0719114933079572e-06 0)
(-3.1764331931694703e-06 5.3015346001771317e-06 0)
(-3.2920168467426496e-06 5.5410275718780336e-06 0)
(-3.40853893667531e-06 5.7909981780262157e-06 0)
(-3.5255901683468177e-06 6.0520847637666029e-06 0)
(-3.6427004598666197e-06 6.3249556677633755e-06 0)
(-3.7593313201067302e-06 6.6103083351194227e-06 0)
(-3.8748670912052997e-06 6.9088680749825667e-06 0)
(-3.9886054177516611e-06 7.2213851412746659e-06 0)
(-4.0997463941945824e-06 7.5486314057424942e-06 0)
(-4.2073817436180453e-06 7.8913967425874756e-06 0)
(-4.3104824943865976e-06 8.2504802624546125e-06 0)
(-4.4078853522268964e-06 8.6266829774589761e-06 0)
(-4.498278773264014e-06 9.0207958465343699e-06 0)
(-4.5801867277453454e-06 9.4335838187862915e-06 0)
(-4.6519440846640286e-06 9.86576581250521e-06 0)
(-4.711702142990686e-06 1.0318036290299874e-05 0)
(-4.7574123884108703e-06 1.0790962750519045e-05 0)
(-4.7867794621978151e-06 1.1284994061739518e-05 0)
(-4.7972887001861515e-06 1.1800481521594718e-05 0)
(-4.7861999081315375e-06 1.2337529817820452e-05 0)
(-4.7505164514735017e-06 1.2896008051562133e-05 0)
(-4.6870059143844965e-06 1.3475490629020042e-05 0)
(-4.5922182682711222e-06 1.4075171687874014e-05 0)
(-4.4623747126235259e-06 1.4693661654244667e-05 0)
(-4.2936323773567159e-06 1.5329593713402326e-05 0)
(-4.0821430588342863e-06 1.5980491889518029e-05 0)
(-3.8238190910018275e-06 1.6643282488995384e-05 0)
(-3.5151291711897401e-06 1.7314476748001043e-05 0)
(-3.1516459421399866e-06 1.7989497892880475e-05 0)
(-2.7299192316463856e-06 1.866306663922199e-05 0)
(-2.2477108437714566e-06 1.9329070582589602e-05 0)
(-1.7023304576910354e-06 1.9980494770146103e-05 0)
(-1.0924601518890643e-06 2.0609439363952811e-05 0)
(-4.1793076350634523e-07 2.120673754414029e-05 0)
(3.1988307375077041e-07 2.1756962132600844e-05 0)
(1.117792944862815e-06 2.2202106507984214e-05 0)
(1.9703881927378192e-06 2.2202020765506829e-05 0)
(2.8460300948364396e-06 1.9776369467003007e-05 0)
(3.5654787491796014e-06 5.110879612258604e-06 0)
(3.6600441165895113e-06 -5.8688382198562069e-05 0)
(2.6572074584921853e-06 -0.00024994956413709345 0)
(9.2445985102236034e-07 -0.00047914324801630581 0)
(9.4600351054854251e-07 0.00048003987158502841 0)
(2.7539106123102503e-06 0.0002510661081844276 0)
(3.8324795044278062e-06 5.9710940564717863e-05 0)
(3.8151201487289599e-06 -4.1725741882439138e-06 0)
(3.1684004953848247e-06 -1.8893632713648601e-05 0)
(2.358848690809946e-06 -2.1367271748400418e-05 0)
(1.5649405757785372e-06 -2.1417637418349926e-05 0)
(8.1778513929079405e-07 -2.1026769729953094e-05 0)
(1.225198832612884e-07 -2.0534007209885094e-05 0)
(-5.1764508658024096e-07 -1.9996063561499759e-05 0)
(-1.1010631998155152e-06 -1.9427103919891737e-05 0)
(-1.627469254562973e-06 -1.8835220715434551e-05 0)
(-2.097625596816733e-06 -1.8227344267152424e-05 0)
(-2.5132138352622018e-06 -1.7609751395617819e-05 0)
(-2.8761617193557659e-06 -1.6987459163954283e-05 0)
(-3.1892894119452785e-06 -1.6366301755949271e-05 0)
(-3.4556683358762961e-06 -1.5749930929059413e-05 0)
(-3.6784403930229551e-06 -1.5141886950647323e-05 0)
(-3.861359925708179e-06 -1.4545062147884709e-05 0)
(-4.007296361970441e-06 -1.3962560440151482e-05 0)
(-4.11958085398111e-06 -1.3394883820827099e-05 0)
(-4.2018350966498661e-06 -1.2844161273765129e-05 0)
(-4.2569812356148696e-06 -1.2311318863168023e-05 0)
(-4.2879197800892936e-06 -1.179695910028297e-05 0)
(-4.2973853334590001e-06 -1.1301423601483957e-05 0)
(-4.2878927384488425e-06 -1.0824842088296464e-05 0)
(-4.2617816294277785e-06 -1.0367044658412111e-05 0)
(-4.2212167752566881e-06 -9.9278113483181677e-06 0)
(-4.1681336796101236e-06 -9.5067814846314372e-06 0)
(-4.1042995054464194e-06 -9.1034350303897099e-06 0)
(-4.031323042637844e-06 -8.7172356892432851e-06 0)
(-3.950639722138045e-06 -8.3475789833583102e-06 0)
(-3.863537657478323e-06 -7.9938209080675912e-06 0)
(-3.7711700252486037e-06 -7.655295260595135e-06 0)
(-3.6745649829617023e-06 -7.3313265387042672e-06 0)
(-3.5746382924342586e-06 -7.0212342078572701e-06 0)
(-3.4722040567587301e-06 -6.7243470106822759e-06 0)
(-3.3679825697430473e-06 -6.4400043051780963e-06 0)
(-3.2626110187861667e-06 -6.167560972865314e-06 0)
(-3.1566520634368514e-06 -5.9063909401431067e-06 0)
(-3.0506012952575008e-06 -5.6558895606693023e-06 0)
(-2.9448945829181638e-06 -5.4154749228896874e-06 0)
(-2.8399146125591762e-06 -5.1845891965900242e-06 0)
(-2.7359966874769288e-06 -4.96269853297153e-06 0)
(-2.6334339774262125e-06 -4.7492937513765319e-06 0)
(-2.5324824119908627e-06 -4.5438897469326177e-06 0)
(-2.4333648243553686e-06 -4.3460250506893633e-06 0)
(-2.3362747839098206e-06 -4.155261356666287e-06 0)
(-2.2413800655613705e-06 -3.9711826690100195e-06 0)
(-2.1488256720901392e-06 -3.7933944331423888e-06 0)
(-2.0587365351731568e-06 -3.621522617151232e-06 0)
(-1.971219924928397e-06 -3.4552127592059584e-06 0)
(-1.8863675986342124e-06 -3.2941289946271409e-06 0)
(-1.8042577125226923e-06 -3.137953072010335e-06 0)
(-1.7249565180023793e-06 -2.986383374600271e-06 0)
(-1.6485198653700714e-06 -2.8391339576266111e-06 0)
(-1.5749945367090113e-06 -2.6959336095932447e-06 0)
(-1.5044194272191374e-06 -2.5565249415609401e-06 0)
(-1.4368265920681108e-06 -2.4206635081179838e-06 0)
(-1.3722421738526991e-06 -2.2881169614892595e-06 0)
(-1.310687223750357e-06 -2.1586642396019412e-06 0)
(-1.2521784283228883e-06 -2.032094788966668e-06 0)
(-1.1967287524821072e-06 -1.9082078214761804e-06 0)
(-1.1443480078428179e-06 -1.7868116046283203e-06 0)
(-1.0950433548365177e-06 -1.6677227845784913e-06 0)
(-1.0488197458501733e-06 -1.5507657399570826e-06 0)
(-1.0056803159142173e-06 -1.4357719652995821e-06 0)
(-9.6562672673735518e-07 -1.3225794826108786e-06 0)
(-9.2865946915128785e-07 -1.2110322789545074e-06 0)
(-8.9477812837830943e-07 -1.100979768435048e-06 0)
(-8.6398161605947878e-07 -9.9227627665664591e-07 0)
(-8.3626837246823259e-07 -8.8478054578854281e-07 0)
(-8.1163654191122193e-07 -7.7835525846156768e-07 0)
(-7.9008412395249614e-07 -6.7286657849348589e-07 0)
(-7.7160910264454902e-07 -5.6818370653301665e-07 0)
(-7.5620955568383489e-07 -4.6417844896836952e-07 0)
(-7.4388374511356392e-07 -3.6072479812964517e-07 0)
(-7.3463019098876555e-07 -2.576985222350352e-07 0)
(-7.2844772899763562e-07 -1.5497676295856356e-07 0)
(-7.2533555296719481e-07 -5.2437638959013284e-08 0)
(-7.2529324282727136e-07 5.0040145823093149e-08 0)
(-7.2832077849275969e-07 1.5257769202122532e-07 0)
(-7.3441853987877564e-07 2.5529629301016288e-07 0)
(-7.4358729294684892e-07 3.5831782453759873e-07 0)
(-7.5582816172080176e-07 4.6176513669986788e-07 0)
(-7.7114258576708936e-07 5.6576245022556847e-07 0)
(-7.895322625548888e-07 6.7043575882116772e-07 0)
(-8.1099907376093752e-07 7.7591323935306749e-07 0)
(-8.3554499450832463e-07 8.8232567139700578e-07 0)
(-8.6317198421727937e-07 9.8980686835777164e-07 0)
(-8.9388185733724254e-07 1.098494121727753e-06 0)
(-9.2767613208646306e-07 1.2085286602550714e-06 0)
(-9.6455585502225844e-07 1.3200561258875726e-06 0)
(-1.00452139881062e-06 1.4332270686724402e-06 0)
(-1.0475722301851908e-06 1.5481974620368103e-06 0)
(-1.0937066445903356e-06 1.6651292409482855e-06 0)
(-1.1429214637290105e-06 1.7841908636587873e-06 0)
(-1.1952116915584717e-06 1.9055579003904311e-06 0)
(-1.250570123555389e-06 2.029413649496974e-06 0)
(-1.3089869035264368e-06 2.1559497832974202e-06 0)
(-1.3704490214629796e-06 2.2853670250795435e-06 0)
(-1.4349397451927698e-06 2.4178758583910841e-06 0)
(-1.5024379773565403e-06 2.5536972701126764e-06 0)
(-1.5729175285282418e-06 2.6930635272241288e-06 0)
(-1.646346295970154e-06 2.8362189883721345e-06 0)
(-1.7226853360119338e-06 2.9834209493016235e-06 0)
(-1.8018878169494499e-06 3.1349405216256433e-06 0)
(-1.8838978373207235e-06 3.2910635427191714e-06 0)
(-1.9686490928304725e-06 3.4520915132812759e-06 0)
(-2.0560633727808443e-06 3.6183425586831081e-06 0)
(-2.1460488644643584e-06 3.7901524061912847e-06 0)
(-2.2384982426304403e-06 3.967875367756136e-06 0)
(-2.3332865212996492e-06 4.1518853140152973e-06 0)
(-2.4302686440232388e-06 4.3425766254675503e-06 0)
(-2.5292767842020628e-06 4.5403651089033935e-06 0)
(-2.6301173294541809e-06 4.7456888674793111e-06 0)
(-2.7325673884977129e-06 4.9590091850879221e-06 0)
(-2.8363709616658959e-06 5.1808109267853313e-06 0)
(-2.9412348088230979e-06 5.4116030304891211e-06 0)
(-3.0468235689295146e-06 5.6519190344969587e-06 0)
(-3.1527544990237905e-06 5.9023164948899073e-06 0)
(-3.2585916660232812e-06 6.163376978952532e-06 0)
(-3.3638394389139198e-06 6.4357047916002001e-06 0)
(-3.467935077043977e-06 6.7199256275524507e-06 0)
(-3.5702413344407785e-06 7.0166842141005028e-06 0)
(-3.6700379862487117e-06 7.3266408284612608e-06 0)
(-3.7665107318478735e-06 7.6504659213577946e-06 0)
(-3.8587438290348364e-06 7.9888402612765706e-06 0)
(-3.9457095567300667e-06 8.3424388185711907e-06 0)
(-4.0262556603212148e-06 8.7119279181653961e-06 0)
(-4.0990969182398343e-06 9.0979520975953347e-06 0)
(-4.1628044221426187e-06 9.5011122848194998e-06 0)
(-4.2157470047123149e-06 9.9219022817176317e-06 0)
(-4.2561600075469405e-06 1.0360925208759496e-05 0)
(-4.2821379226393034e-06 1.0818496569172792e-05 0)
(-4.2914828665903741e-06 1.1294784474946815e-05 0)
(-4.2818549302497284e-06 1.1790059007132468e-05 0)
(-4.2507679866400839e-06 1.2304137579748976e-05 0)
(-4.1954808723876497e-06 1.2836674129173325e-05 0)
(-4.11309214399176e-06 1.3387066905619666e-05 0)
(-4.0006860963985096e-06 1.3954390293260163e-05 0)
(-3.8546310491838618e-06 1.4536489502265983e-05 0)
(-3.6716008452711693e-06 1.5132905603330485e-05 0)
(-3.4487215828759717e-06 1.5740508184756132e-05 0)
(-3.1822663347983964e-06 1.6356411570087497e-05 0)
(-2.8690650757527241e-06 1.6977086223920379e-05 0)
(-2.5060942160028115e-06 1.7598728854929512e-05 0)
(-2.0905595291372685e-06 1.8215768481994644e-05 0)
(-1.6204643251625427e-06 1.8823038434766978e-05 0)
(-1.0941669651112952e-06 1.9414277137676717e-05 0)
(-5.1091672267279344e-07 1.9982560895837445e-05 0)
(1.2901199338918109e-07 2.0519807596836788e-05 0)
(8.239650944862241e-07 2.101187806297562e-05 0)
(1.5707241127443381e-06 2.1402185281970782e-05 0)
(2.3641420004438121e-06 2.1352080920564454e-05 0)
(3.1731356001776526e-06 1.8882808295243746e-05 0)
(3.8192786971405381e-06 4.1821754507576041e-06 0)
(3.8355541340680845e-06 -5.9637536040282866e-05 0)
(2.7552906744815136e-06 -0.00025086997169916463 0)
(9.4684217562565409e-07 -0.00047979720599436828 0)
(9.6581648823069728e-07 0.00048064222330099671 0)
(2.840832120549292e-06 0.00025191434961440551 0)
(3.9881756349491111e-06 6.0586388240185632e-05 0)
(4.0405506698382073e-06 -3.3145022547807053e-06 0)
(3.4594694713696697e-06 -1.8065684429329307e-05 0)
(2.7100510681662968e-06 -2.0576730231206741e-05 0)
(1.9700788446118431e-06 -2.067013621454162e-05 0)
(1.2701520593295498e-06 -2.0326695734184604e-05 0)
(6.1512475748545445e-07 -1.9884529425932847e-05 0)
(8.159903593610755e-09 -1.9399176345433927e-05 0)
(-5.4893890797911508e-07 -1.8883713489718579e-05 0)
(-1.055589818315156e-06 -1.8345264456548214e-05 0)
(-1.5121030445142235e-06 -1.7789900060152564e-05 0)
(-1.919516864222207e-06 -1.7223153302940283e-05 0)
(-2.2793769679286307e-06 -1.6649930403857195e-05 0)
(-2.5937811387952407e-06 -1.6074953453265086e-05 0)
(-2.8651311347524502e-06 -1.5501891376574589e-05 0)
(-3.0960427126041158e-06 -1.4934317652560917e-05 0)
(-3.2901873625175519e-06 -1.4374947133160742e-05 0)
(-3.4490301378109509e-06 -1.3826115718169406e-05 0)
(-3.5754426873216261e-06 -1.3289708051304216e-05 0)
(-3.6736270298428702e-06 -1.2767194383771806e-05 0)
(-3.7455086921761741e-06 -1.2259678102199857e-05 0)
(-3.79373637768381e-06 -1.176794031263155e-05 0)
(-3.8208345390207175e-06 -1.1292496439206546e-05 0)
(-3.8290407484744698e-06 -1.0833768102915249e-05 0)
(-3.8205203938298499e-06 -1.0391556962046825e-05 0)
(-3.7973701388002409e-06 -9.9659380408603522e-06 0)
(-3.7613455827839975e-06 -9.5567765668178879e-06 0)
(-3.714120547819716e-06 -9.1635997751268097e-06 0)
(-3.6572694033721666e-06 -8.7860909728334587e-06 0)
(-3.5921610863012614e-06 -8.4237869653394812e-06 0)
(-3.5200463912925821e-06 -8.0761751410193126e-06 0)
(-3.4420576952845933e-06 -7.742712785890942e-06 0)
(-3.3592099198565418e-06 -7.4228370564781044e-06 0)
(-3.2724156406008117e-06 -7.115973872558632e-06 0)
(-3.1824945893160472e-06 -6.8215454889034306e-06 0)
(-3.0901752208799503e-06 -6.5389766187613345e-06 0)
(-2.9961076871640784e-06 -6.2676995875426191e-06 0)
(-2.9008708506448711e-06 -6.0071578086911731e-06 0)
(-2.8049788911248561e-06 -5.7568089600330936e-06 0)
(-2.7088878177275799e-06 -5.5161270803426549e-06 0)
(-2.6130014287114313e-06 -5.2846041593593941e-06 0)
(-2.5176767114037704e-06 -5.0617510466045292e-06 0)
(-2.423228760031284e-06 -4.8470981697140405e-06 0)
(-2.3299352733422533e-06 -4.6401957238137826e-06 0)
(-2.2380405642607262e-06 -4.440613649158779e-06 0)
(-2.1477592056211091e-06 -4.2479414473780491e-06 0)
(-2.059279326994485e-06 -4.06178776343752e-06 0)
(-1.9727655577274182e-06 -3.8817798549255425e-06 0)
(-1.8883616667951749e-06 -3.7075629718995646e-06 0)
(-1.8061929297470837e-06 -3.5387996719628402e-06 0)
(-1.726368249794604e-06 -3.3751690883044956e-06 0)
(-1.6489820557695371e-06 -3.2163661662698618e-06 0)
(-1.5741159975239697e-06 -3.0621008830335902e-06 0)
(-1.5018404588285748e-06 -2.9120974625806088e-06 0)
(-1.4322159065902942e-06 -2.7660935950502344e-06 0)
(-1.36529409351576e-06 -2.6238396670086628e-06 0)
(-1.3011191297272908e-06 -2.4850980080104428e-06 0)
(-1.2397284372044055e-06 -2.3496421565928929e-06 0)
(-1.1811535993469167e-06 -2.2172561483177446e-06 0)
(-1.1254211168579268e-06 -2.0877338274893478e-06 0)
(-1.072553079824849e-06 -1.9608781833657563e-06 0)
(-1.0225677649276071e-06 -1.836500711051297e-06 0)
(-9.7548016560782678e-07 -1.7144207977056496e-06 0)
(-9.3130246226927126e-07 -1.5944651325064629e-06 0)
(-8.9004443889363554e-07 -1.4764671404026731e-06 0)
(-8.5171385158333252e-07 -1.3602664385114744e-06 0)
(-8.1631675402155574e-07 -1.2457083138965901e-06 0)
(-7.8385778420217849e-07 -1.1326432215713379e-06 0)
(-7.5434041627691317e-07 -1.0209263012754677e-06 0)
(-7.2776718096297651e-07 -9.1041691173348526e-07 0)
(-7.041398574452161e-07 -8.0097818093971029e-07 0)
(-6.8345963938819268e-07 -6.9247657076398684e-07 0)
(-6.657272773313398e-07 -5.8478145450158989e-07 0)
(-6.5094319927893948e-07 -4.7776470588716598e-07 0)
(-6.3910761120576773e-07 -3.7130029788545162e-07 0)
(-6.3022057885488634e-07 -2.6526390999841264e-07 0)
(-6.2428209184266029e-07 -1.595325423105586e-07 0)
(-6.2129211107535116e-07 -5.3984134502957667e-08 0)
(-6.2125059988698054e-07 5.1502810446619576e-08 0)
(-6.2415753955064703e-07 1.5704960164224664e-07 0)
(-6.3001292934377594e-07 2.6277773347905903e-07 0)
(-6.3881677094974287e-07 3.6880926056532995e-07 0)
(-6.5056903725009038e-07 4.7526717456033269e-07 0)
(-6.6526962496894665e-07 5.8227578479818006e-07 0)
(-6.8291829051620752e-07 6.8996110426840844e-07 0)
(-7.0351456818442017e-07 7.9845124234501919e-07 0)
(-7.2705766962593402e-07 9.0787680580017959e-07 0)
(-7.5354636323874609e-07 1.0183713098301726e-06 0)
(-7.8297883177519633e-07 1.1300716003520018e-06 0)
(-8.1535250627926458e-07 1.2431182893619213e-06 0)
(-8.5066387418719883e-07 1.3576562044100636e-06 0)
(-8.8890825892454786e-07 1.4738348543848297e-06 0)
(-9.300795680641188e-07 1.5918089124475187e-06 0)
(-9.7417000649498675e-07 1.711738718115931e-06 0)
(-1.021169750971713e-06 1.8337907989689868e-06 0)
(-1.0710665816594247e-06 1.9581384142904439e-06 0)
(-1.1238454654838231e-06 2.0849621211303e-06 0)
(-1.1794880858710061e-06 2.2144503638179096e-06 0)
(-1.2379723125578682e-06 2.3468000879080245e-06 0)
(-1.2992716044523782e-06 2.4822173787599688e-06 0)
(-1.3633543374778812e-06 2.6209181252101546e-06 0)
(-1.4301830486295295e-06 2.7631287073525685e-06 0)
(-1.4997135864379266e-06 2.9090867083227474e-06 0)
(-1.5718941564430939e-06 3.0590416475701453e-06 0)
(-1.6466642494096741e-06 3.2132557341212078e-06 0)
(-1.7239534385687441e-06 3.3720046354201233e-06 0)
(-1.8036800303969385e-06 3.5355782571339204e-06 0)
(-1.8857495519437388e-06 3.7042815270964727e-06 0)
(-1.9700530559103449e-06 3.8784351746810788e-06 0)
(-2.0564652233748717e-06 4.0583764933649977e-06 0)
(-2.1448422432149425e-06 4.2444600727903925e-06 0)
(-2.2350194453026761e-06 4.4370584826077303e-06 0)
(-2.3268086612351718e-06 4.6365628918269464e-06 0)
(-2.4199952820578258e-06 4.8433836004094192e-06 0)
(-2.5143349541625729e-06 5.0579504629605961e-06 0)
(-2.6095499343755077e-06 5.2807130513743108e-06 0)
(-2.7053250853447187e-06 5.5121406858454568e-06 0)
(-2.801303382128026e-06 5.752722233547371e-06 0)
(-2.897080991942657e-06 6.0029654098584164e-06 0)
(-2.9922018713865829e-06 6.263395846346896e-06 0)
(-3.086151811020654e-06 6.5345555128428084e-06 0)
(-3.1783518973518831e-06 6.8170006303926617e-06 0)
(-3.2681518900758688e-06 7.1112984475182342e-06 0)
(-3.3548237102743704e-06 7.4180238380927139e-06 0)
(-3.4375469611155286e-06 7.7377541377028356e-06 0)
(-3.5154088461447447e-06 8.0710631042434776e-06 0)
(-3.5873948372054334e-06 8.4185135617295329e-06 0)
(-3.6523720729209504e-06 8.7806495424876307e-06 0)
(-3.7090944063123926e-06 9.1579908076823905e-06 0)
(-3.7562365434837141e-06 9.5510158033022844e-06 0)
(-3.7921311603975677e-06 9.9598516056968047e-06 0)
(-3.8151078553574618e-06 1.0385302906420842e-05 0)
(-3.8235531223114694e-06 1.0827335154172159e-05 0)
(-3.8152170240358475e-06 1.1285667035472719e-05 0)
(-3.7879355955990194e-06 1.1760895608690262e-05 0)
(-3.739584786456919e-06 1.2252365601285054e-05 0)
(-3.6675871261853642e-06 1.2759581099673232e-05 0)
(-3.5692897509117456e-06 1.3281769049015729e-05 0)
(-3.4427956722929593e-06 1.3817826966770239e-05 0)
(-3.283859404617491e-06 1.4366284017872474e-05 0)
(-3.0896136967538667e-06 1.492525550991319e-05 0)
(-2.8586370932238761e-06 1.5492406637830274e-05 0)
(-2.5872410522096515e-06 1.6065002997593706e-05 0)
(-2.2728118718916458e-06 1.6639500280477202e-05 0)
(-1.9129635238492294e-06 1.7212178396371017e-05 0)
(-1.5056080782390525e-06 1.7778384436378972e-05 0)
(-1.0491873823877154e-06 1.8333181558990483e-05 0)
(-5.4267379329928683e-07 1.8871037273881026e-05 0)
(1.4234228197028413e-08 1.9385884983415965e-05 0)
(6.209472798521208e-07 1.9870609604240667e-05 0)
(1.275655703301552e-06 2.0312159495773994e-05 0)
(1.9751899613200201e-06 2.0655123207435053e-05 0)
(2.7146889423786431e-06 2.0562078120259604e-05 0)
(3.4635846279336569e-06 1.8055546594681255e-05 0)
(4.0441557897900571e-06 3.3250699483629074e-06 0)
(3.990809283082954e-06 -6.0511525001260283e-05 0)
(2.8419219118305923e-06 -0.00025171629000036115 0)
(9.6657482329924152e-07 -0.00048039803300268955 0)
(9.8337917061264561e-07 0.00048119737165521219 0)
(2.9180053338377707e-06 0.00025269668123313496 0)
(4.1265907748187973e-06 6.1394837376462308e-05 0)
(4.2412487169298273e-06 -2.5204887761205199e-06 0)
(3.7191028829047804e-06 -1.7297408667471239e-05 0)
(3.0240598211792095e-06 -1.9840581622946341e-05 0)
(2.3333043759481429e-06 -1.997111968425077e-05 0)
(1.6769711137615592e-06 -1.9668801886859156e-05 0)
(1.0596267288995115e-06 -1.9270750767788751e-05 0)
(4.8433827050503586e-07 -1.8831529400648848e-05 0)
(-4.7016678044033722e-08 -1.8363295464790225e-05 0)
(-5.3364096816196924e-07 -1.7872336522612759e-05 0)
(-9.7551286228156697e-07 -1.7363983202371186e-05 0)
(-1.3732440167198027e-06 -1.6843147580118988e-05 0)
(-1.7279618534803122e-06 -1.6314325767098068e-05 0)
(-2.0412503836551799e-06 -1.5781648849423128e-05 0)
(-2.3150325352534177e-06 -1.5248698475034317e-05 0)
(-2.5514961482202557e-06 -1.4718715351521979e-05 0)
(-2.7531579886987639e-06 -1.4194430283069796e-05 0)
(-2.9220572831932587e-06 -1.3677369428291755e-05 0)
(-3.0606595215751712e-06 -1.3170747027692917e-05 0)
(-3.1718051480595251e-06 -1.2675327027034845e-05 0)
(-3.2577271646449567e-06 -1.2192347794412713e-05 0)
(-3.3207381170485607e-06 -1.1722736881905404e-05 0)
(-3.3632131236610276e-06 -1.1267143164119219e-05 0)
(-3.3869532613784828e-06 -1.0825987780959518e-05 0)
(-3.39395156737771e-06 -1.0399500582710229e-05 0)
(-3.3864363799422405e-06 -9.9877506454210939e-06 0)
(-3.3657954138745465e-06 -9.5906733862200991e-06 0)
(-3.3336139113999494e-06 -9.2080945688075754e-06 0)
(-3.2915102327020599e-06 -8.8397513762751581e-06 0)
(-3.2407238901919658e-06 -8.4853107763116548e-06 0)
(-3.1824634779136749e-06 -8.1443853607643665e-06 0)
(-3.1178319405755066e-06 -7.8165467891740168e-06 0)
(-3.0478260694759422e-06 -7.5013360735166956e-06 0)
(-2.973346724723038e-06 -7.1982780540339334e-06 0)
(-2.8952068028226834e-06 -6.9068823167265574e-06 0)
(-2.8141366682151247e-06 -6.6266540783990263e-06 0)
(-2.7307922085587104e-06 -6.3570990074299768e-06 0)
(-2.6457614358012018e-06 -6.09772713551741e-06 0)
(-2.5595705667642238e-06 -5.848056325315501e-06 0)
(-2.4726897821031208e-06 -5.607614923693661e-06 0)
(-2.3855385786646293e-06 -5.3759437830337311e-06 0)
(-2.2984906976711573e-06 -5.1525977140064963e-06 0)
(-2.211878654512927e-06 -4.9371465442787873e-06 0)
(-2.1259978913111645e-06 -4.7291757708507611e-06 0)
(-2.0411105477558448e-06 -4.5282869264543245e-06 0)
(-1.9574488980757512e-06 -4.3340977182821443e-06 0)
(-1.8752184730307035e-06 -4.1462419540753586e-06 0)
(-1.7946008804650964e-06 -3.9643693160388337e-06 0)
(-1.7157563521508947e-06 -3.7881450154704219e-06 0)
(-1.6388260412600143e-06 -3.6172493564557196e-06 0)
(-1.5639340928227637e-06 -3.4513772294228448e-06 0)
(-1.4911895071054543e-06 -3.2902375533921111e-06 0)
(-1.4206878142039135e-06 -3.1335526820209722e-06 0)
(-1.3525125772883323e-06 -2.9810577867905025e-06 0)
(-1.2867367410307556e-06 -2.8325002276231461e-06 0)
(-1.2234238400912315e-06 -2.6876389190685471e-06 0)
(-1.1626290815985161e-06 -2.5462436988925921e-06 0)
(-1.1044003141458636e-06 -2.4080947034086835e-06 0)
(-1.0487788946370779e-06 -2.2729817538467978e-06 0)
(-9.9580046328178536e-07 -2.1407037559872735e-06 0)
(-9.4549563593106691e-07 -2.0110681153383809e-06 0)
(-8.9789062211447098e-07 -1.8838901689420724e-06 0)
(-8.5300777621998596e-07 -1.7589926349277755e-06 0)
(-8.1086608849721104e-07 -1.6362050795767428e-06 0)
(-7.714816219038611e-07 -1.5153634021996659e-06 0)
(-7.3486790022651341e-07 -1.3963093376095255e-06 0)
(-7.010362521740434e-07 -1.2788899752542845e-06 0)
(-6.6999611567863023e-07 -1.1629572946256005e-06 0)
(-6.4175530615750198e-07 -1.0483677157519055e-06 0)
(-6.163202521056101e-07 -9.3498166414962967e-07 0)
(-5.9369620092524321e-07 -8.2266314895757553e-07 0)
(-5.7388739748681159e-07 -7.1127935295328215e-07 0)
(-5.5689723770782515e-07 -6.0070023353020167e-07 0)
(-5.4272839899797846e-07 -4.9079813334419706e-07 0)
(-5.3138294918282199e-07 -3.8144739921691805e-07 0)
(-5.2286243531061027e-07 -2.7252400836938306e-07 0)
(-5.1716795341736056e-07 -1.6390520035510416e-07 0)
(-5.1430020009635125e-07 -5.5469113318715918e-08 0)
(-5.1425950653688311e-07 5.2905575837891686e-08 0)
(-5.1704585542682455e-07 1.6134001026616515e-07 0)
(-5.2265888094868189e-07 2.6995551038242816e-07 0)
(-5.3109785186318388e-07 3.7887393234435455e-07 0)
(-5.4236163746598094e-07 4.8821802829407365e-07 0)
(-5.5644865601649711e-07 5.9811180980537936e-07 0)
(-5.7335680498270189e-07 7.0868091595559007e-07 0)
(-5.9308337221097072e-07 8.2005298712784885e-07 0)
(-6.1562492698106414e-07 9.3235804590487124e-07 0)
(-6.4097718958407954e-07 1.0457288865026414e-06 0)
(-6.6913487774817718e-07 1.1603014735811138e-06 0)
(-7.0009152802547404e-07 1.2762153522666408e-06 0)
(-7.3383928999347835e-07 1.3936140696755037e-06 0)
(-7.7036869069083086e-07 1.5126456101117937e-06 0)
(-8.0966836632923173e-07 1.6334628442408242e-06 0)
(-8.5172475798289434e-07 1.7562239937150668e-06 0)
(-8.965217674896745e-07 1.8810931116898014e-06 0)
(-9.4404036936664402e-07 2.0082405801637754e-06 0)
(-9.9425817402466057e-07 2.1378436251046021e-06 0)
(-1.0471489367422361e-06 2.2700868488369776e-06 0)
(-1.1026820064477797e-06 2.4051627805250236e-06 0)
(-1.1608217077600283e-06 2.5432724439710415e-06 0)
(-1.2215266486206911e-06 2.6846259421799432e-06 0)
(-1.2847489453187996e-06 2.8294430573929985e-06 0)
(-1.3504333556965902e-06 2.9779538643356042e-06 0)
(-1.418516310121291e-06 3.1303993542427343e-06 0)
(-1.4889248289793292e-06 3.2870320661010058e-06 0)
(-1.5615753142367752e-06 3.4481167195486955e-06 0)
(-1.6363722011497209e-06 3.6139308437065318e-06 0)
(-1.713206455215648e-06 3.7847653929202327e-06 0)
(-1.7919538980011767e-06 3.9609253400366948e-06 0)
(-1.8724733442659213e-06 4.1427302334079209e-06 0)
(-1.9546045319322058e-06 4.3305147029951795e-06 0)
(-2.0381658248578287e-06 4.524628895703234e-06 0)
(-2.1229516662701608e-06 4.7254388200926666e-06 0)
(-2.2087297582063727e-06 4.9333265722547148e-06 0)
(-2.2952379373408833e-06 5.1486904094696177e-06 0)
(-2.3821807385863569e-06 5.3719446042968797e-06 0)
(-2.4692256265338324e-06 5.6035190782362381e-06 0)
(-2.5559988447800523e-06 5.8438587457892702e-06 0)
(-2.6420808860078363e-06 6.0934224586646955e-06 0)
(-2.7270015627816266e-06 6.3526815462281068e-06 0)
(-2.8102346546257222e-06 6.6221177942559577e-06 0)
(-2.8911921421394043e-06 6.9022207891415431e-06 0)
(-2.969218126557469e-06 7.1934844253826941e-06 0)
(-3.0435822958885789e-06 7.4964029757428837e-06 0)
(-3.1134714654886546e-06 7.8114667469815477e-06 0)
(-3.1779844048068345e-06 8.1391497530629668e-06 0)
(-3.2361231182540735e-06 8.4799106849763614e-06 0)
(-3.2867784141618882e-06 8.8341772165150075e-06 0)
(-3.3287306570848275e-06 9.2023360257075009e-06 0)
(-3.3609436237641586e-06 9.5847193579567285e-06 0)
(-3.3814599016831971e-06 9.9815891657817994e-06 0)
(-3.388676458961724e-06 1.0393118774221277e-05 0)
(-3.3817737933232262e-06 1.0819371760563541e-05 0)
(-3.3579224124110558e-06 1.1260277963372257e-05 0)
(-3.3151563648037772e-06 1.1715606407239284e-05 0)
(-3.2520824959389389e-06 1.2184934688980003e-05 0)
(-3.1660774247286143e-06 1.2667612479547791e-05 0)
(-3.054846275696756e-06 1.3162710067484624e-05 0)
(-2.9161711255444909e-06 1.3668986611125184e-05 0)
(-2.7472025100143489e-06 1.4185701616223079e-05 0)
(-2.5454782283540604e-06 1.4709595695492229e-05 0)
(-2.3089740968783235e-06 1.5239167866324862e-05 0)
(-2.0351726923485397e-06 1.5771679753238969e-05 0)
(-1.7218896629016214e-06 1.6303895732529093e-05 0)
(-1.3672098991438561e-06 1.6832225012343157e-05 0)
(-9.6955479283734301e-07 1.7352552353481705e-05 0)
(-5.2779668242341068e-07 1.7860378247365987e-05 0)
(-4.1329343810024555e-08 1.8350791543546778e-05 0)
(4.8981947765551582e-07 1.8818465109769653e-05 0)
(1.0648470176492107e-06 1.9257118995924404e-05 0)
(1.6818711385154565e-06 1.9654620284607578e-05 0)
(2.3378197206732085e-06 1.9956534185060721e-05 0)
(3.0281209712018096e-06 1.9826443103595055e-05 0)
(3.7226760479816824e-06 1.7287912617308044e-05 0)
(4.2443727869296353e-06 2.5319430997002477e-06 0)
(4.1288422550392564e-06 -6.1318653929543691e-05 0)
(2.9188437483984678e-06 -0.00025249689018962997 0)
(9.8406801329526228e-07 -0.00048095181040481273 0)
(9.9902588115150736e-07 0.00048171051033732258 0)
(2.9868554030674512e-06 0.00025342026675245289 0)
(4.2502225546277139e-06 6.2143413779768076e-05 0)
(4.4207422586063778e-06 -1.7839483920769118e-06 0)
(3.95170052610901e-06 -1.6582976119865714e-05 0)
(3.3059598531443828e-06 -1.9153882723281044e-05 0)
(2.6601883195974014e-06 -1.9316604597882734e-05 0)
(2.0441010485312875e-06 -1.9050089757011748e-05 0)
(1.4619849130027613e-06 -1.8690639056391385e-05 0)
(9.1678266477042396e-07 -1.829200234592712e-05 0)
(4.1038860861917186e-07 -1.7865560389775337e-05 0)
(-5.6262698282667172e-08 -1.7416883329286484e-05 0)
(-4.8291252113821795e-07 -1.6950659975510415e-05 0)
(-8.6985926640819901e-07 -1.6471250949175061e-05 0)
(-1.2178782212949779e-06 -1.5982703381425621e-05 0)
(-1.5281538458348507e-06 -1.5488734491284933e-05 0)
(-1.8021976372337606e-06 -1.4992671328998144e-05 0)
(-2.0417745210530911e-06 -1.4497478163549337e-05 0)
(-2.2488414393995696e-06 -1.4005705429266331e-05 0)
(-2.4253468836900589e-06 -1.3519390974674686e-05 0)
(-2.5734002869325445e-06 -1.3040733722662645e-05 0)
(-2.695227796589527e-06 -1.2571103420064402e-05 0)
(-2.7929185469621025e-06 -1.2111725567787702e-05 0)
(-2.8685317470142418e-06 -1.1663581815558268e-05 0)
(-2.9240854376012495e-06 -1.1227406788948805e-05 0)
(-2.9613981675499429e-06 -1.0803585517039633e-05 0)
(-2.9822832585070596e-06 -1.0392745251578756e-05 0)
(-2.9885429422182592e-06 -9.994921915184963e-06 0)
(-2.9816895064710668e-06 -9.6100970446065573e-06 0)
(-2.9631985380113874e-06 -9.238373764319171e-06 0)
(-2.9344856108365078e-06 -8.8795246939292917e-06 0)
(-2.8967950707069071e-06 -8.5333310241240607e-06 0)
(-2.851282404054495e-06 -8.1995168624841551e-06 0)
(-2.7990084079352645e-06 -7.8777567005516203e-06 0)
(-2.7409411845856396e-06 -7.5676879710011156e-06 0)
(-2.6779618836817035e-06 -7.2689222724697749e-06 0)
(-2.6108706135754012e-06 -6.9810518222938221e-06 0)
(-2.540391911451235e-06 -6.7036572211391976e-06 0)
(-2.467180744137968e-06 -6.4363130674873766e-06 0)
(-2.391828168403257e-06 -6.1785924648369069e-06 0)
(-2.3148666791693748e-06 -5.9300707624824122e-06 0)
(-2.2367752753089037e-06 -5.6903285610708129e-06 0)
(-2.1579842188896904e-06 -5.4589540901578326e-06 0)
(-2.0788794725250535e-06 -5.235545043059915e-06 0)
(-1.9998068167395263e-06 -5.0197099725044494e-06 0)
(-1.9210756553928547e-06 -4.8110692960964991e-06 0)
(-1.8429625115731991e-06 -4.609255990292211e-06 0)
(-1.7657142331417784e-06 -4.413916028043753e-06 -1.206315508361868e-27)
(-1.6895509246605137e-06 -4.2247085964432301e-06 -1.1543945498557505e-27)
(-1.6146686190536474e-06 -4.0413061393922975e-06 0)
(-1.5412417071626214e-06 -3.8633942595556745e-06 0)
(-1.4694251436178704e-06 -3.6906715082846264e-06 0)
(-1.3993564466123102e-06 -3.522849086646198e-06 0)
(-1.3311575082284703e-06 -3.3596504775325834e-06 0)
(-1.2649362308182373e-06 -3.2008110249684594e-06 0)
(-1.2007880043311017e-06 -3.0460774749811638e-06 0)
(-1.1387970387704267e-06 -2.89520748908235e-06 0)
(-1.0790375646969015e-06 -2.7479691399504448e-06 0)
(-1.0215749140172568e-06 -2.6041403969889145e-06 0)
(-9.6646649215642028e-07 -2.4635086072860432e-06 0)
(-9.1376265190583649e-07 -2.3258699774099354e-06 0)
(-8.6350747826114808e-07 -2.191029059084771e-06 0)
(-8.157394926788683e-07 -2.0587982419403188e-06 0)
(-7.7049228445117362e-07 -1.9289972554599075e-06 0)
(-7.2779507616371101e-07 -1.8014526815948041e-06 0)
(-6.8767322948905933e-07 -1.6759974789024449e-06 0)
(-6.5014869691832566e-07 -1.55247051886306e-06 0)
(-6.1524042463406954e-07 -1.4307161349525254e-06 0)
(-5.829647109869492e-07 -1.3105836839000917e-06 0)
(-5.5333552460695424e-07 -1.191927119332755e-06 0)
(-5.2636478575058406e-07 -1.074604577028339e-06 0)
(-5.0206261415598762e-07 -9.5847797153990075e-07 0)
(-4.8043754622449774e-07 -8.4341260336706609e-07 0)
(-4.6149672392626612e-07 -7.2927677557922069e-07 0)
(-4.4524605766199138e-07 -6.1594141942476607e-07 0)
(-4.3169036490105218e-07 -5.0327972783343357e-07 0)
(-4.2083348619337813e-07 -3.911667957522426e-07 0)
(-4.1267837989741194e-07 -2.7947926654547264e-07 0)
(-4.072271967016557e-07 -1.680949830945119e-07 0)
(-4.0448133477240347e-07 -5.6892642655358004e-08 0)
(-4.0444147616679772e-07 5.4248545286120962e-08 0)
(-4.0710760496370405e-07 1.6544919989560102e-07 0)
(-4.1247900725820354e-07 2.7683010895985461e-07 0)
(-4.2055425303608965e-07 3.885125695772407e-07 0)
(-4.3133115976659865e-07 5.0061873052421111e-07 0)
(-4.448067372640704e-07 6.1327193723189462e-07 0)
(-4.6097711316683616e-07 7.2659708065322435e-07 0)
(-4.7983743820784665e-07 8.4072095087962247e-07 0)
(-5.0138177021839339e-07 9.5577259663133996e-07 0)
(-5.2560293549101732e-07 1.0718836918319156e-06 0)
(-5.5249236594554854e-07 1.1891889097840743e-06 0)
(-5.8203991018097085e-07 1.3078263065716898e-06 0)
(-6.1423361633847919e-07 1.4279377135775137e-06 0)
(-6.4905948430100687e-07 1.549669140989095e-06 0)
(-6.86501184329977e-07 1.6731711922211887e-06 0)
(-7.2653973894353996e-07 1.7985994903051085e-06 0)
(-7.6915316446188624e-07 1.9261151162757218e-06 0)
(-8.1431606820540171e-07 2.0558850599581097e-06 0)
(-8.6199919680694585e-07 2.1880826835926451e-06 0)
(-9.1216893044685253e-07 2.3228881972324162e-06 0)
(-9.6478671738896478e-07 2.4604891460454757e-06 0)
(-1.0198084426702763e-06 2.6010809081182104e-06 0)
(-1.0771837238772055e-06 2.7448672012828786e-06 0)
(-1.1368551263779107e-06 2.8920605972994083e-06 0)
(-1.1987572895396418e-06 3.0428830395117482e-06 0)
(-1.2628159546012861e-06 3.1975663613664239e-06 0)
(-1.3289468839752356e-06 3.3563528005777807e-06 0)
(-1.3970546608687566e-06 3.5194955027621445e-06 0)
(-1.4670313570178157e-06 3.6872590073372511e-06 0)
(-1.5387550556006492e-06 3.8599197058273783e-06 0)
(-1.61208821525805e-06 4.0377662618696005e-06 0)
(-1.6868758601914953e-06 4.2210999784749905e-06 0)
(-1.7629435807804005e-06 4.4102350964134706e-06 0)
(-1.840095328089169e-06 4.6054990034673751e-06 0)
(-1.9181109845762237e-06 4.8072323316319865e-06 0)
(-1.9967436925624481e-06 5.0157889136454317e-06 0)
(-2.0757169219864746e-06 5.2315355640412222e-06 0)
(-2.1547212654325838e-06 5.45485163829816e-06 0)
(-2.2334109436768738e-06 5.6861283371719344e-06 0)
(-2.3114000015802327e-06 5.9257676989575348e-06 0)
(-2.3882581913695725e-06 6.1741812031495316e-06 0)
(-2.4635065355843628e-06 6.4317879313432206e-06 0)
(-2.5366125678766964e-06 6.6990121867462162e-06 0)
(-2.6069852660187553e-06 6.9762804826454803e-06 0)
(-2.6739697033160335e-06 7.2640177893128816e-06 0)
(-2.736841388508559e-06 7.56264301742848e-06 0)
(-2.7948001836258534e-06 7.8725634524086288e-06 0)
(-2.8469649080034273e-06 8.1941665739724159e-06 0)
(-2.8923673735175377e-06 8.5278138370783302e-06 0)
(-2.9299467318772863e-06 8.8738281303494899e-06 0)
(-2.9585522642130961e-06 9.2324767620143863e-06 0)
(-2.9769834024362222e-06 9.6039617217758867e-06 0)
(-2.9837317445717009e-06 9.9886982971468652e-06 0)
(-2.9773252602607663e-06 1.0386249590309807e-05 0)
(-2.9563939321536719e-06 1.0796801391866626e-05 0)
(-2.9189823787184844e-06 1.122052192896722e-05 0)
(-2.8632788710654848e-06 1.1656382965239817e-05 0)
(-2.7875787148231787e-06 1.2104230720525467e-05 0)
(-2.6898117483528713e-06 1.2563308558690696e-05 0)
(-2.5679156193371242e-06 1.3032624257505204e-05 0)
(-2.4198041234991522e-06 1.3510949659262736e-05 0)
(-2.2432503215047964e-06 1.3996918856837768e-05 0)
(-2.0361474477727902e-06 1.4488320486295902e-05 0)
(-1.796553036663897e-06 1.4983121590347683e-05 0)
(-1.5225131858863854e-06 1.5478770768620247e-05 0)
(-1.2122665982698189e-06 1.5972304863014908e-05 0)
(-8.643067418740854e-07 1.6460396026660445e-05 0)
(-4.7745326914820406e-07 1.6939332256455189e-05 0)
(-5.0933387456267742e-08 1.7405067597622782e-05 0)
(4.1554726012165193e-07 1.7853243508808881e-05 0)
(9.2172550467273006e-07 1.8279174784138103e-05 0)
(1.4666626388816856e-06 1.86772984392404e-05 0)
(2.0484610762007377e-06 1.903625800435454e-05 0)
(2.6641742038937548e-06 1.9302432522879795e-05 0)
(3.3095115694650094e-06 1.9140232318930704e-05 0)
(3.9547972920325004e-06 1.6574079962524697e-05 0)
(4.4234448511947964e-06 1.7962183876630866e-06 0)
(4.2521411469640822e-06 -6.2066029959419072e-05 0)
(2.9874761764162478e-06 -0.00025321891014816456 0)
(9.9965458418667287e-07 -0.00048146371132498335 0)
(1.0130300745101391e-06 0.00048218608824484845 0)
(3.048553294827608e-06 0.00025409126199368187 0)
(4.3611351684559216e-06 6.2838276583804047e-05 0)
(4.5819600512997518e-06 -1.0991604128719528e-06 0)
(4.1609285585835903e-06 -1.5917277114704996e-05 0)
(3.5600103472332002e-06 -1.8512240518350897e-05 0)
(2.9554272703782503e-06 -1.8702980321779969e-05 0)
(2.3765175076232016e-06 -1.8467759637626918e-05 0)
(1.8273019991251661e-06 -1.8142199897730801e-05 0)
(1.3105844288613383e-06 -1.7779371325935593e-05 0)
(8.2823698231079256e-07 -1.7389997268082045e-05 0)
(3.8127430446335584e-07 -1.6979032361567905e-05 0)
(-2.987890123283023e-08 -1.6550606595030027e-05 0)
(-4.0528726002483057e-07 -1.610858919129676e-05 0)
(-7.454453797802955e-07 -1.5656608307376205e-05 0)
(-1.0512183302366136e-06 -1.5198022322907892e-05 0)
(-1.3237762078122675e-06 -1.4735883828152414e-05 0)
(-1.5645302487185228e-06 -1.4272931544266716e-05 0)
(-1.7750708006603974e-06 -1.3811573953699123e-05 0)
(-1.9570855764735266e-06 -1.3353890951415796e-05 0)
(-2.112371967414393e-06 -1.2901766089676045e-05 0)
(-2.242796993437124e-06 -1.2456695196647442e-05 0)
(-2.3502055603216792e-06 -1.2019926730133105e-05 0)
(-2.4364193382526523e-06 -1.1592475636674774e-05 0)
(-2.503216825126135e-06 -1.1175135461983245e-05 0)
(-2.5522917241770186e-06 -1.076848253536991e-05 0)
(-2.5852879655813169e-06 -1.0373025229211333e-05 0)
(-2.6037881729030576e-06 -9.989013474332014e-06 0)
(-2.6092472630399321e-06 -9.6165828056401644e-06 0)
(-2.6030415606941387e-06 -9.2558203869195462e-06 0)
(-2.5864674924364489e-06 -8.9066633828679768e-06 0)
(-2.5607160586661469e-06 -8.5689867690146725e-06 0)
(-2.5268891542390824e-06 -8.242605434812527e-06 0)
(-2.4860030490110626e-06 -7.9272830652749115e-06 0)
(-2.4389916412979662e-06 -7.6227424165889966e-06 0)
(-2.3867105758969701e-06 -7.3286747369353934e-06 0)
(-2.3299417513984746e-06 -7.0447473204862352e-06 0)
(-2.2693979133081906e-06 -6.7706104251277148e-06 0)
(-2.2057274521226355e-06 -6.5059030026750856e-06 0)
(-2.1395191306603157e-06 -6.2502574513751289e-06 0)
(-2.0713066628745113e-06 -6.0033035693882175e-06 0)
(-2.0015731096620348e-06 -5.7646718067069511e-06 0)
(-1.9307550605430022e-06 -5.5339959099029559e-06 0)
(-1.8592465799148032e-06 -5.3109150407664206e-06 0)
(-1.7874029074083447e-06 -5.0950754498627673e-06 0)
(-1.7155439089766607e-06 -4.8861317653947449e-06 0)
(-1.6439572796206691e-06 -4.6837479586331904e-06 0)
(-1.5729015041291085e-06 -4.4875980390662145e-06 -1.2266179462545695e-27)
(-1.502608584298811e-06 -4.2973665207844679e-06 -1.1744143058404512e-27)
(-1.4332865435347722e-06 -4.1127486992662709e-06 0)
(-1.3651217209854232e-06 -3.9334507718203581e-06 0)
(-1.2982808682463951e-06 -3.7591898302112497e-06 0)
(-1.2329130619397688e-06 -3.5896937494012041e-06 0)
(-1.1691514453155576e-06 -3.4247009927068386e-06 0)
(-1.10711481156209e-06 -3.2639603505265076e-06 0)
(-1.0469090413004059e-06 -3.1072306271734854e-06 0)
(-9.8862840592037834e-07 -2.9542802878351207e-06 0)
(-9.3235674792857943e-07 -2.8048870761933566e-06 0)
(-8.7816854888907665e-07 -2.6588376107311323e-06 0)
(-8.2612989456238905e-07 -2.5159269666581019e-06 0)
(-7.7629934639263582e-07 -2.3759582492548852e-06 0)
(-7.2872872772093772e-07 -2.2387421627771232e-06 0)
(-6.8346383222028657e-07 -2.1040965786436023e-06 0)
(-6.405450617101334e-07 -1.9718461058853906e-06 0)
(-6.000079995922884e-07 -1.8418216659658943e-06 0)
(-5.6188392570902343e-07 -1.7138600731998491e-06 0)
(-5.262002779404558e-07 -1.587803622343232e-06 0)
(-4.9298106525880426e-07 -1.4634996842284335e-06 0)
(-4.6224723651367173e-07 -1.3408003093990924e-06 0)
(-4.3401700871614229e-07 -1.2195618404104281e-06 0)
(-4.0830615831128341e-07 -1.0996445324377621e-06 0)
(-3.8512827843705525e-07 -9.8091218223060233e-07 0)
(-3.6449500493756928e-07 -8.6323176512689843e-07 0)
(-3.4641621349272015e-07 -7.4647307916956799e-07 0)
(-3.3090018989441303e-07 -6.305083962710875e-07 0)
(-3.1795377527514382e-07 -5.1521211951132105e-07 0)
(-3.0758248786241922e-07 -4.00460445984058e-07 0)
(-2.9979062257470608e-07 -2.8613103433780259e-07 0)
(-2.9458132941164005e-07 -1.7210267614630623e-07 0)
(-2.9195667159925439e-07 -5.8254970357435858e-08 0)
(-2.9191766388128731e-07 5.5531999860668041e-08 0)
(-2.9446429169962873e-07 1.6937798936304254e-07 0)
(-2.995955112579141e-07 2.8340291226030666e-07 0)
(-3.0730923029766329e-07 3.9772716399274663e-07 0)
(-3.1760226978917902e-07 5.124719446486079e-07 0)
(-3.3047030584185632e-07 6.2775958440606895e-07 0)
(-3.4590779130436396e-07 7.4371387214278762e-07 0)
(-3.6390785620258226e-07 8.6046038782079085e-07 0)
(-3.8446218599689968e-07 9.7812683957305067e-07 0)
(-4.0756087636235559e-07 1.0968434064220853e-06 0)
(-4.3319226294223757e-07 1.2167430869413134e-06 0)
(-4.6134272422658725e-07 1.3379620550953205e-06 0)
(-4.9199645557173513e-07 1.4606400230348805e-06 0)
(-5.251352119868424e-07 1.5849206121627168e-06 0)
(-5.6073801689069329e-07 1.7109517322670594e-06 0)
(-5.9878083384003669e-07 1.8388859692214031e-06 0)
(-6.3923619776993238e-07 1.9688809810329854e-06 0)
(-6.8207280199829664e-07 2.1010999020485315e-06 0)
(-7.2725503674362553e-07 2.235711755348286e-06 0)
(-7.7474247428655981e-07 2.3728918718254722e-06 0)
(-8.2448929554637948e-07 2.5128223152711273e-06 0)
(-8.7644365238395224e-07 2.6556923117489292e-06 0)
(-9.305469592498166e-07 2.8016986809463819e-06 0)
(-9.8673310701421548e-07 2.9510462670936306e-06 0)
(-1.0449275915903025e-06 3.1039483651562611e-06 0)
(-1.1050465489832859e-06 3.2606271384849358e-06 0)
(-1.1669956874599335e-06 3.4213140219915449e-06 0)
(-1.2306691073698465e-06 3.5862501041763227e-06 0)
(-1.2959479980546631e-06 3.7556864794495785e-06 0)
(-1.3626992006734337e-06 3.9298845606742087e-06 0)
(-1.4307736252512286e-06 4.1091163397288315e-06 0)
(-1.5000045095211971e-06 4.2936645818049941e-06 0)
(-1.570205506765561e-06 4.4838229359175739e-06 0)
(-1.6411685895447956e-06 4.6798959416442239e-06 0)
(-1.7126617560122164e-06 4.8821989076632962e-06 0)
(-1.7844265256583926e-06 5.0910576340170479e-06 0)
(-1.8561752125644475e-06 5.3068079443347878e-06 0)
(-1.9275879653494755e-06 5.529794988798199e-06 0)
(-1.9983095656743457e-06 5.7603722767601381e-06 0)
(-2.0679459786225636e-06 5.9989003858709984e-06 0)
(-2.1360606535308318e-06 6.2457452869820207e-06 0)
(-2.2021705790588391e-06 6.5012762218662224e-06 0)
(-2.2657421031566792e-06 6.7658630549236165e-06 0)
(-2.3261865393964769e-06 7.0398730152114662e-06 0)
(-2.3828555916130973e-06 7.3236667337542839e-06 0)
(-2.4350366326431304e-06 7.6175934778130395e-06 0)
(-2.4819479088157381e-06 7.9219853999028725e-06 0)
(-2.5227340200222708e-06 8.237150505042942e-06 0)
(-2.5564615617163186e-06 8.5633650945705401e-06 0)
(-2.5821154891304524e-06 8.9008640794580174e-06 0)
(-2.5985970655482732e-06 9.2498306282085239e-06 0)
(-2.6047220884538588e-06 9.6103917582088312e-06 0)
(-2.5991720333556625e-06 9.9826511074566845e-06 0)
(-2.5805733642316329e-06 1.0366436568718431e-05 0)
(-2.5475014544603939e-06 1.0761655788795067e-05 0)
(-2.4983408394509467e-06 1.1168108566047007e-05 0)
(-2.4314475736218482e-06 1.1585184064687828e-05 0)
(-2.34515690285385e-06 1.2012356494193889e-05 0)
(-2.2376838882377534e-06 1.2448834519511222e-05 0)
(-2.1072051755379842e-06 1.2893600941079813e-05 0)
(-1.9518765275187577e-06 1.3345406018050945e-05 0)
(-1.7698316834891228e-06 1.3802753711603694e-05 0)
(-1.5592754961386912e-06 1.4263757164171473e-05 0)
(-1.3185238157345735e-06 1.4726336957168908e-05 0)
(-1.0459894194766317e-06 1.5188084685790887e-05 0)
(-7.4026439000738901e-07 1.5646262422145712e-05 0)
(-4.0018234447357708e-07 1.6097818410228478e-05 0)
(-2.4881647537086427e-08 1.6539397018621797e-05 0)
(3.8612937443717873e-07 1.6967372129996626e-05 0)
(8.329120283661642e-07 1.7377877079052994e-05 0)
(1.3150381907339161e-06 1.7766785530601767e-05 0)
(1.8314901262182153e-06 1.8129149683000527e-05 0)
(2.3803933632099048e-06 1.8454270113995275e-05 0)
(2.9589413089353786e-06 1.8689206082459982e-05 0)
(3.5631106721764018e-06 1.8499053012174423e-05 0)
(4.1636055540608871e-06 1.590894186663466e-05 0)
(4.5842932525902261e-06 1.112182777529691e-06 0)
(4.3627624716311639e-06 -6.2759796763776091e-05 0)
(3.0489833882993358e-06 -0.00025388848419028554 0)
(1.0136061194215865e-06 -0.00048193816747893096 0)
(1.0256198494280569e-06 0.00048262793629686362 0)
(3.1040793631345603e-06 0.00025471497864410712 -1.2580527346392619e-25)
(4.461046139204289e-06 6.3484758885609359e-05 -2.9544629919898839e-26)
(4.7273365853246191e-06 -4.6114137076561646e-07 0)
(4.349855017351214e-06 -1.5295821143813961e-05 0)
(3.789797037704207e-06 -1.7911746844914798e-05 0)
(3.222999121968262e-06 -1.8126979608775444e-05 0)
(2.6784630130709528e-06 -1.791921487831768e-05 0)
(2.1599612541436648e-06 -1.7623509832147078e-05 0)
(1.6701528164608694e-06 -1.7292364903444988e-05 0)
(1.2108622213786413e-06 -1.6935946078674921e-05 0)
(7.8314283383465358e-07 -1.6558679590279206e-05 0)
(3.8753223019842733e-07 -1.6164208821651248e-05 0)
(2.4139183892573942e-08 -1.575596737194783e-05 0)
(-3.0731133714589205e-07 -1.533720376630461e-05 0)
(-6.0742936560223535e-07 -1.4910951791456791e-05 0)
(-8.7710685896017911e-07 -1.4480001166758175e-05 0)
(-1.1174646470112305e-06 -1.4046881865906148e-05 0)
(-1.3298008470470236e-06 -1.3613854158941317e-05 0)
(-1.5155390198693115e-06 -1.3182912352886321e-05 0)
(-1.6762045324498222e-06 -1.2755816375481807e-05 0)
(-1.8133884372965636e-06 -1.2334052565902637e-05 0)
(-1.9286989871831731e-06 -1.1918873110815191e-05 0)
(-2.023740478968087e-06 -1.1511314968727552e-05 0)
(-2.1000923364689384e-06 -1.1112216663087045e-05 0)
(-2.1592879347700833e-06 -1.0722236941913128e-05 0)
(-2.2028141975126252e-06 -1.0341896043462857e-05 0)
(-2.2321005186864259e-06 -9.9715499200233705e-06 0)
(-2.2484964190172337e-06 -9.611432298096976e-06 0)
(-2.253279115232122e-06 -9.2616832315772864e-06 0)
(-2.2476519929115133e-06 -8.9223396394194723e-06 0)
(-2.2327371226036732e-06 -8.5933620542423357e-06 0)
(-2.2095787002511599e-06 -8.2746468875717369e-06 0)
(-2.1791453896440379e-06 -7.9660368987353299e-06 0)
(-2.1423328561663788e-06 -7.6673307930769509e-06 0)
(-2.0999667874833807e-06 -7.3782918900128022e-06 0)
(-2.0528063016686054e-06 -7.098655613278563e-06 0)
(-2.0015475935345248e-06 -6.8281361011148461e-06 0)
(-1.9468277702630853e-06 -6.5664318721177553e-06 0)
(-1.8892287349945489e-06 -6.3132306368704828e-06 0)
(-1.829281034395334e-06 -6.0682133629110455e-06 0)
(-1.7674676157256688e-06 -5.8310576809177464e-06 0)
(-1.7042274528500009e-06 -5.6014407134315057e-06 0)
(-1.6399590123992123e-06 -5.379041399149849e-06 0)
(-1.5750235412448655e-06 -5.1635423809148004e-06 0)
(-1.5097481640627007e-06 -4.9546315158529139e-06 2.0323569041415424e-27)
(-1.4444287851698602e-06 -4.7520030619864423e-06 1.9488872035693176e-27)
(-1.3793327951987452e-06 -4.5553585884716158e-06 0)
(-1.3147015847962795e-06 -4.3644076504901878e-06 0)
(-1.2507528700461503e-06 -4.1788682666339785e-06 0)
(-1.1876828380373098e-06 -3.9984672292592704e-06 0)
(-1.1256681210702819e-06 -3.8229402759367167e-06 0)
(-1.0648676089789299e-06 -3.6520321454405291e-06 0)
(-1.0054241092857449e-06 -3.4854965386414388e-06 0)
(-9.474658652143188e-07 -3.323096002020796e-06 0)
(-8.9110794154832841e-07 -3.164601748160651e-06 0)
(-8.3645348771458357e-07 -3.0097934260121706e-06 0)
(-7.835948875257455e-07 -2.8584588519667121e-06 0)
(-7.326148044455802e-07 -2.7103937099608317e-06 0)
(-6.8358713067167702e-07 -2.5654012288233925e-06 0)
(-6.3657784796572659e-07 -2.4232918425408949e-06 0)
(-5.9164580753520117e-07 -2.2838828387969746e-06 9.3479746893685444e-28)
(-5.488434357107832e-07 -2.1469979997701461e-06 8.7869686081588022e-28)
(-5.0821737173792587e-07 -2.0124672389338116e-06 0)
(-4.6980904341017498e-07 -1.8801262363043596e-06 0)
(-4.3365518580556786e-07 -1.7498160740970925e-06 0)
(-3.997883079286917e-07 -1.6213828747480127e-06 0)
(-3.6823711168560421e-07 -1.4946774426320212e-06 0)
(-3.3902686714171063e-07 -1.3695549098714184e-06 0)
(-3.1217974756219415e-07 -1.2458743873231555e-06 0)
(-2.8771512751313356e-07 -1.1234986206566453e-06 0)
(-2.6564984683697636e-07 -1.0022936521551423e-06 0)
(-2.459984431393704e-07 -8.821284878560189e-07 0)
(-2.2877335501602274e-07 -7.6287476983121777e-07 0)
(-2.1398509793627827e-07 -6.4440645353416495e-07 0)
(-2.0164241457187643e-07 -5.2659948963682183e-07 0)
(-1.9175240098282962e-07 -4.0933151006958423e-07 0)
(-1.8432060998279961e-07 -2.9248151756626411e-07 0)
(-1.7935113263190914e-07 -1.7592957817444015e-07 0)
(-1.7684665864357521e-07 -5.9556516081193111e-08 0)
(-1.7680851632251068e-07 5.6756389642103672e-08 0)
(-1.7923669251326028e-07 1.731277077786891e-07 0)
(-1.8412983261716607e-07 2.8967615652843989e-07 0)
(-1.9148522064814532e-07 4.0652090614226868e-07 0)
(-2.0129873933215853e-07 5.2378188229810773e-07 0)
(-2.1356480972044947e-07 6.4158007113435144e-07 0)
(-2.282763097160153e-07 7.6003782680568622e-07 0)
(-2.4542447074389361e-07 8.7927918177588659e-07 0)
(-2.6499875158388948e-07 9.9943016079215585e-07 0)
(-2.8698668806338279e-07 1.1206190989793305e-06 0)
(-3.1137371720763356e-07 1.2429769644193907e-06 0)
(-3.3814297407192646e-07 1.3666376857469939e-06 0)
(-3.6727505926614232e-07 1.4917384848724121e-06 0)
(-3.9874777502398074e-07 1.6184202151890787e-06 0)
(-4.3253582716432697e-07 1.7468277052519245e-06 0)
(-4.6861049008756446e-07 1.8771101077024069e-06 0)
(-5.069392315644189e-07 2.0094212533599209e-06 0)
(-5.4748529382584597e-07 2.143920009117494e-06 0)
(-5.9020722700960444e-07 2.2807706400640895e-06 0)
(-6.3505837051944024e-07 2.4201431732953292e-06 0)
(-6.8198627745508314e-07 2.5622137625223177e-06 0)
(-7.3093207689813249e-07 2.7071650511688434e-06 0)
(-7.8182976836870768e-07 2.8551865311276446e-06 0)
(-8.3460544205868378e-07 3.0064748939773416e-06 0)
(-8.8917641809430812e-07 3.1612343703350619e-06 0)
(-9.4545029770758602e-07 3.3196770522250257e-06 0)
(-1.0033239181865738e-06 3.482023192220249e-06 0)
(-1.0626822032850456e-06 3.6485014722742194e-06 0)
(-1.1233969004476168e-06 3.8193492327297264e-06 0)
(-1.1853251953123664e-06 3.9948126512799246e-06 0)
(-1.2483081940860832e-06 4.1751468588319934e-06 0)
(-1.312169263851494e-06 4.3606159780274553e-06 0)
(-1.3767122207501073e-06 4.5514930665299627e-06 0)
(-1.4417193562398567e-06 4.7480599449821312e-06 0)
(-1.5069492921160797e-06 4.9506068856671816e-06 0)
(-1.5721346557481641e-06 5.1594321342357123e-06 0)
(-1.6369795670771222e-06 5.3748412334241955e-06 0)
(-1.7011569329279951e-06 5.5971461115184632e-06 0)
(-1.7643055464542614e-06 5.8266638940114071e-06 0)
(-1.8260269911716372e-06 6.0637153916241596e-06 0)
(-1.8858823552636175e-06 6.3086232105970195e-06 0)
(-1.9433887675408804e-06 6.561709425599524e-06 0)
(-1.9980157744117249e-06 6.8232927477480195e-06 0)
(-2.0491815870761551e-06 7.0936851139044483e-06 0)
(-2.0962492406192292e-06 7.3731876153338661e-06 0)
(-2.1385227222337582e-06 7.6620856775829572e-06 0)
(-2.1752431562586159e-06 7.9606433829532997e-06 0)
(-2.2055852132226478e-06 8.2690968365137696e-06 0)
(-2.2286537989967022e-06 8.5876467070997244e-06 0)
(-2.243481198176747e-06 8.9164496495350206e-06 0)
(-2.2490245853985528e-06 9.2556092058668817e-06 0)
(-2.2441629232900312e-06 9.6051667446044118e-06 0)
(-2.2276869339518649e-06 9.9650918425036495e-06 0)
(-2.1983205789769209e-06 1.0335225826797841e-05 0)
(-2.1547219351754539e-06 1.0715343635818636e-05 0)
(-2.09545410290949e-06 1.1105098559279708e-05 0)
(-2.0190309433133261e-06 1.1503947603969642e-05 0)
(-1.9239282604533675e-06 1.1911240168040542e-05 0)
(-1.8085673019877531e-06 1.2326140134884623e-05 0)
(-1.6713441213652633e-06 1.2747610682701878e-05 0)
(-1.510651353854681e-06 1.3174399231030192e-05 0)
(-1.3248991761668568e-06 1.3605019052233176e-05 5.6133877559601008e-27)
(-1.112564203316803e-06 1.4037709173275932e-05 5.7926639191771621e-27)
(-8.7222551608854746e-07 1.4470475336762639e-05 0)
(-6.0258772054762352e-07 1.4901057618925668e-05 0)
(-3.0253285876583853e-07 1.5326926888244585e-05 0)
(2.882801606512077e-08 1.5745294641473189e-05 0)
(3.9210202518502721e-07 1.6153129136595903e-05 0)
(7.8756147707973439e-07 1.6547184041037519e-05 6.8296390092646361e-27)
(1.2150948414701671e-06 1.6924028419987686e-05 6.9846177175544514e-27)
(1.6741618536743462e-06 1.7280022453747619e-05 0)
(2.1637068425987974e-06 1.761074644362264e-05 0)
(2.6819037613791956e-06 1.7906058010322963e-05 0)
(3.2260914628021987e-06 1.8113586770599968e-05 0)
(3.7924960296852052e-06 1.7898997581332987e-05 0)
(4.3521605729898877e-06 1.5288010336031313e-05 0)
(4.7293443023162268e-06 4.7485831237963717e-07 0)
(4.4624174503055233e-06 -6.3405277217668682e-05 0)
(3.1043420382710708e-06 -0.00025451090700870697 0)
(1.0261497046608398e-06 -0.00048237899563123403 0)
(1.0369841087220803e-06 0.00048303936914923917 -3.3271576950154909e-25)
(3.1542492434799837e-06 0.00025529601787065213 -2.521212836456164e-25)
(4.5513939850202109e-06 6.4087487730785336e-05 -2.9797484748391771e-26)
(4.8589200074532334e-06 1.3446228392798505e-07 -8.6209613074702975e-28)
(4.5210671886528284e-06 -1.471465147214253e-05 5.8653060504130644e-27)
(3.9983557207417883e-06 -1.7348920199968169e-05 0)
(3.4662889973360078e-06 -1.7585648534675726e-05 7.2427799089389844e-27)
(2.9535694345217103e-06 -1.740205842639752e-05 7.1750050307265148e-27)
(2.4637401568391549e-06 -1.713273634414058e-05 0)
(1.9993157318291704e-06 -1.682970339341846e-05 0)
(1.5620569481076845e-06 -1.6502651967457888e-05 0)
(1.1530264211928987e-06 -1.6155554216079087e-05 0)
(7.7283489831194021e-07 -1.5791630000527392e-05 0)
(4.2171795805327016e-07 -1.541392812625216e-05 0)
(9.9570216479059415e-08 -1.5025356224332883e-05 0)
(-1.9401572971659194e-07 -1.4628653270674671e-05 0)
(-4.5970628269983762e-07 -1.4226362990396454e-05 0)
(-6.9838324137622868e-07 -1.382081624129348e-05 0)
(-9.1110128805127213e-07 -1.3414120798732442e-05 0)
(-1.0990477933305947e-06 -1.300816000526015e-05 0)
(-1.2635121807201878e-06 -1.2604600954259651e-05 0)
(-1.4058537290071972e-06 -1.2204887242652046e-05 5.0316723700829498e-27)
(-1.5274679633300556e-06 -1.1810254851504931e-05 4.8681176195275072e-27)
(-1.6297628906678752e-06 -1.1421746307633175e-05 0)
(-1.7141387984472776e-06 -1.1040225314398204e-05 0)
(-1.7819711046387285e-06 -1.0666392850732562e-05 0)
(-1.8346009437630284e-06 -1.0300807162375874e-05 0)
(-1.8733244275594489e-06 -9.9438884372766732e-06 0)
(-1.8993805745904057e-06 -9.5959393138108982e-06 0)
(-1.9139489020236959e-06 -9.257162534992609e-06 0)
(-1.9181463150984162e-06 -8.9276685333637466e-06 0)
(-1.9130233067889021e-06 -8.6074904487632981e-06 0)
(-1.8995639986973023e-06 -8.2965958790902076e-06 0)
(-1.8786869544673968e-06 -7.9948970720190496e-06 0)
(-1.8512466325075486e-06 -7.7022600149394721e-06 0)
(-1.8180353960117194e-06 -7.4185125738107697e-06 0)
(-1.7797859623963818e-06 -7.1434516753618055e-06 0)
(-1.7371741720463814e-06 -6.8768496457214488e-06 0)
(-1.6908219877758998e-06 -6.6184597312021545e-06 0)
(-1.6413006213663753e-06 -6.3680208650034487e-06 0)
(-1.589133706835079e-06 -6.1252617546145991e-06 0)
(-1.5348004600795267e-06 -5.8899043615573013e-06 0)
(-1.4787387786840998e-06 -5.6616668407572563e-06 0)
(-1.4213482473303753e-06 -5.4402660028806114e-06 0)
(-1.3629930240167323e-06 -5.2254193576902461e-06 0)
(-1.3040045899660198e-06 -5.0168467914442061e-06 2.0580230159767075e-27)
(-1.24468435216468e-06 -4.8142719261162839e-06 1.9745794128935089e-27)
(-1.1853060925605715e-06 -4.6174232043111067e-06 0)
(-1.1261182624042912e-06 -4.4260347365870263e-06 0)
(-1.0673461222389204e-06 -4.2398469465305394e-06 0)
(-1.00919373020619e-06 -4.058607043432505e-06 0)
(-9.5184578429661357e-07 -3.8820693488257333e-06 0)
(-8.9546932453961869e-07 -3.7099954992618157e-06 0)
(-8.4021530184650868e-07 -3.5421545456308374e-06 0)
(-7.8622002101291638e-07 -3.3783229662760451e-06 0)
(-7.3360646521990659e-07 -3.2182846085963114e-06 0)
(-6.8248550964635282e-07 -3.0618305719052877e-06 0)
(-6.3295703180360282e-07 -2.9087590428066404e-06 0)
(-5.8511092572351918e-07 -2.7588750917425734e-06 0)
(-5.3902802713086476e-07 -2.6119904393555602e-06 0)
(-4.9478095629806535e-07 -2.4679231986249153e-06 0)
(-4.5243488482562082e-07 -2.3264975987193208e-06 9.5238228501398601e-28)
(-4.120482322823455e-07 -2.1875436951718778e-06 8.9542742344311455e-28)
(-3.7367329821506615e-07 -2.0508970700808763e-06 0)
(-3.3735683468986223e-07 -1.9163985257273061e-06 0)
(-3.0314056409290478e-07 -1.7838937738165772e-06 0)
(-2.7106164645843163e-07 -1.6532331226661715e-06 0)
(-2.4115310037878427e-07 -1.5242711640818428e-06 0)
(-2.1344418116340156e-07 -1.3968664607561637e-06 0)
(-1.8796071942416346e-07 -1.270881235586312e-06 0)
(-1.6472542310490512e-07 -1.1461810630255153e-06 0)
(-1.4375814562524087e-07 -1.0226345638679602e-06 0)
(-1.250761225934483e-07 -9.0011310255039392e-07 0)
(-1.0869417912725365e-07 -7.7849048797653629e-07 0)
(-9.4624909642701445e-08 -6.5764267738883786e-07 0)
(-8.2878831767681689e-08 -5.3744748320762928e-07 0)
(-7.3464515755346227e-08 -4.177842828375647e-07 0)
(-6.6388690615534568e-08 -2.98533730730944e-07 0)
(-6.1656327858483616e-08 -1.7957747274466627e-07 0)
(-5.9270703635221913e-08 -6.0797861874179888e-08 0)
(-5.9233439868051715e-08 5.7922324350629876e-08 0)
(-6.154452477535205e-08 1.7670016634435548e-07 0)
(-6.6202312883166757e-08 2.9565288388083031e-07 0)
(-7.3203504527359324e-08 4.1489811841916647e-07 0)
(-8.2543104766534887e-08 5.3455421595442706e-07 0)
(-9.4214361281024977e-08 6.5474051096827772e-07 0)
(-1.0820868063380894e-07 7.7557761233572324e-07 0)
(-1.2451552218904739e-07 8.9718769089522413e-07 0)
(-1.4312226875099788e-07 1.0196947698262297e-06 0)
(-1.6401407267657164e-07 1.1432250176514659e-06 0)
(-1.8717367611829884e-07 1.2679070443037618e-06 0)
(-2.125812037489931e-07 1.3938722002930381e-06 0)
(-2.4021392612532907e-07 1.5212548790526876e-06 0)
(-2.7004599158762384e-07 1.65019282236902e-06 0)
(-3.0204812427626097e-07 1.7808274287023145e-06 0)
(-3.3618728563401951e-07 1.9133040637756323e-06 0)
(-3.7242629629093138e-07 2.0477723731409685e-06 0)
(-4.1072341521403365e-07 2.184386594894026e-06 0)
(-4.5103187253064899e-07 2.3233058725811603e-06 0)
(-4.93299351821398e-07 2.46469456553106e-06 0)
(-5.3746741766713523e-07 2.6087225551137971e-06 0)
(-5.8347088374309221e-07 2.7555655442919861e-06 0)
(-6.3123711631674707e-07 2.9054053471941279e-06 0)
(-6.8068526764283546e-07 3.0584301649081476e-06 0)
(-7.317254332545793e-07 3.2148348430916905e-06 0)
(-7.8425772705146606e-07 3.3748211052955121e-06 0)
(-8.381712673363042e-07 3.5385977556890684e-06 0)
(-8.9334306673944614e-07 3.7063808436561899e-06 0)
(-9.4963681894503024e-07 3.8783937802473259e-06 0)
(-1.0069015745397875e-06 4.0548673961132219e-06 0)
(-1.0649702984888117e-06 4.2360399278458847e-06 0)
(-1.1236583017566799e-06 4.422156918060775e-06 0)
(-1.1827615396627032e-06 4.6134710119322156e-06 0)
(-1.2420547702528253e-06 4.8102416301387183e-06 0)
(-1.3012895666304076e-06 5.0127344952839743e-06 0)
(-1.3601921777779142e-06 5.2212209860310427e-06 0)
(-1.4184612351680403e-06 5.4359772885758324e-06 0)
(-1.4757653046771023e-06 5.6572833106782352e-06 0)
(-1.5317402854691608e-06 5.8854213210219654e-06 0)
(-1.5859866619137397e-06 6.1206742703683922e-06 0)
(-1.6380666194403349e-06 6.3633237466383148e-06 0)
(-1.6875010417629054e-06 6.6136475105749713e-06 0)
(-1.7337664147327364e-06 6.8719165540192318e-06 0)
(-1.7762916717400944e-06 7.1383916177213888e-06 0)
(-1.8144550278843424e-06 7.4133191006287111e-06 0)
(-1.8475808649303665e-06 7.6969262909902919e-06 0)
(-1.8749367497759773e-06 7.9894158455224346e-06 0)
(-1.8957306958129104e-06 8.2909594579486952e-06 0)
(-1.9091087486555853e-06 8.6016907192626878e-06 0)
(-1.9141529903499832e-06 8.9216970777193554e-06 0)
(-1.9098799704696193e-06 9.2510109762077188e-06 0)
(-1.8952394518570404e-06 9.5895998908909947e-06 0)
(-1.8691129511544265e-06 9.9373542267063659e-06 0)
(-1.830321571052755e-06 1.029406618608379e-05 0)
(-1.7776287222433337e-06 1.0659434642858316e-05 0)
(-1.709736871504097e-06 1.1033040856646389e-05 0)
(-1.625305965205781e-06 1.141432035038137e-05 0)
(-1.522964372376341e-06 1.1802573282961453e-05 4.8650726446636498e-27)
(-1.4013133740980486e-06 1.2196936863792914e-05 5.0284992777264828e-27)
(-1.2589460799657038e-06 1.2596368860372718e-05 0)
(-1.09446815871874e-06 1.2999633253446409e-05 0)
(-9.0652174206707931e-07 1.340528631947726e-05 5.5290933781257485e-27)
(-6.9381921258286958e-07 1.381166071809865e-05 5.6973359090320471e-27)
(-4.5517537099535849e-07 1.4216873305827821e-05 5.8650056293643332e-27)
(-1.8953786748763611e-07 1.4618816832375722e-05 6.0312122619226968e-27)
(1.0397264775781006e-07 1.5015161359128007e-05 0)
(4.2602006555039679e-07 1.5403364472645764e-05 0)
(7.7700932675912393e-07 1.5780689014392421e-05 0)
(1.1570434615308774e-06 1.6144229510234842e-05 6.6604077637867919e-27)
(1.5658846173705878e-06 1.6490939759198112e-05 6.8028626187782073e-27)
(2.0029199252543929e-06 1.6817603290273219e-05 0)
(2.4670850594221898e-06 1.7120254184548191e-05 0)
(2.9566182850961085e-06 1.7389223375348735e-05 0)
(3.4690034182807538e-06 1.7572620352642086e-05 0)
(4.0006967356748991e-06 1.73365854320473e-05 0)
(4.523042846348075e-06 1.4707331333439555e-05 5.8609792256846507e-27)
(4.8606396847788316e-06 -1.2010264702942734e-07 -8.5841778407915406e-28)
(4.5525393793307518e-06 -6.4007087112298602e-05 0)
(3.154364364837678e-06 -0.00025509076436448997 -1.2597579901374841e-25)
(1.0374732602851399e-06 -0.00048278949817226805 -3.3249886147756233e-25)
(1.0472812231860936e-06 0.00048342327069949138 -3.3294184776048432e-25)
(3.1997478451153175e-06 0.00025583839044976756 -1.262989425077811e-25)
(4.6333909732946071e-06 6.4650510667364717e-05 0)
(4.9784414789669774e-06 6.9147459191813418e-07 -1.0944333714836932e-27)
(4.6767579388202518e-06 -1.4170269775562896e-05 5.638175378946731e-27)
(4.1882692005999537e-06 -1.6820653415173295e-05 0)
(3.6881903732169199e-06 -1.7076316761909909e-05 7.0298853180784627e-27)
(3.20495789635003e-06 -1.6914084502953135e-05 6.970863243387583e-27)
(2.7419046085882717e-06 -1.6668148717858009e-05 0)
(2.3014047675866674e-06 -1.6390125897999603e-05 0)
(1.8851460552168977e-06 -1.6089305037536538e-05 0)
(1.4941796610688827e-06 -1.5769267563777921e-05 0)
(1.1291599013784857e-06 -1.5432864747721323e-05 0)
(7.904131228960294e-07 -1.5082806202574496e-05 0)
(4.7796353423429501e-07 -1.4721694813789329e-05 0)
(1.9156386929434004e-07 -1.43520022691066e-05 0)
(-6.9269830011951373e-08 -1.3976044381599981e-05 0)
(-3.0522245582792038e-07 -1.3595963149295846e-05 0)
(-5.1714461143948678e-07 -1.3213715451462328e-05 0)
(-7.0601917575981935e-07 -1.2831068233700214e-05 0)
(-8.7293177015317022e-07 -1.2449599094348475e-05 0)
(-1.0190423347954056e-06 -1.2070695727675099e-05 4.975004504681682e-27)
(-1.1455580523359049e-06 -1.169556379056836e-05 4.8196225062888436e-27)
(-1.2537109419979363e-06 -1.1325236793666346e-05 0)
(-1.344738879698866e-06 -1.0960587442892231e-05 0)
(-1.419869782881161e-06 -1.0602340202084878e-05 0)
(-1.4803097841615323e-06 -1.0251084926697406e-05 0)
(-1.5272326701601109e-06 -9.9072866886074226e-06 0)
(-1.5617705167630746e-06 -9.5712998218584842e-06 0)
(-1.5850083348160502e-06 -9.2433811975458083e-06 0)
(-1.5979799066820897e-06 -8.9237003912128603e-06 0)
(-1.6016644682985375e-06 -8.6123512785797428e-06 0)
(-1.5969853234752502e-06 -8.3093624315217412e-06 0)
(-1.5848095254552556e-06 -8.0147064769229202e-06 0)
(-1.5659483579150777e-06 -7.7283085346165426e-06 0)
(-1.541158447834706e-06 -7.4500538111708367e-06 0)
(-1.5111433734830692e-06 -7.1797943821670768e-06 0)
(-1.4765556493014623e-06 -6.9173552213410707e-06 0)
(-1.4379989894724194e-06 -6.6625395150391961e-06 0)
(-1.3960307583400721e-06 -6.4151333112404608e-06 0)
(-1.3511645308763739e-06 -6.1749095584752601e-06 0)
(-1.3038727017722206e-06 -5.9416315915933389e-06 0)
(-1.2545890940893635e-06 -5.7150561190902483e-06 0)
(-1.2037115292732664e-06 -5.4949357649527726e-06 0)
(-1.1516043297299021e-06 -5.2810212148471634e-06 0)
(-1.0986007324033228e-06 -5.0730630125677669e-06 0)
(-1.0450051979852296e-06 -4.8708130488685162e-06 0)
(-9.9109560562881817e-07 -4.674025781907915e-06 0)
(-9.3712532694946746e-07 -4.4824592235609051e-06 0)
(-8.8332517679589072e-07 -4.2958757224150983e-06 0)
(-8.2990524023399332e-07 -4.1140425720446435e-06 0)
(-7.7705657680239756e-07 -3.9367324693648864e-06 0)
(-7.2495280570577194e-07 -3.763723844431184e-06 0)
(-6.7375157623570895e-07 -3.5948010808337599e-06 0)
(-6.235959281022193e-07 -3.429754643493246e-06 0)
(-5.7461554710663513e-07 -3.2683811285441048e-06 0)
(-5.2692792185763266e-07 -3.1104832478242893e-06 0)
(-4.8063940731238513e-07 -2.9558697590816379e-06 0)
(-4.3584620098106014e-07 -2.8043553512374836e-06 0)
(-3.9263523752113213e-07 -2.6557604928804961e-06 0)
(-3.510850072537438e-07 -2.5099112507688139e-06 0)
(-3.1126630398092931e-07 -2.3666390843496715e-06 0)
(-2.7324290699788611e-07 -2.2257806213285322e-06 0)
(-2.3707220224537442e-07 -2.0871774181704939e-06 0)
(-2.0280574708441719e-07 -1.950675709510841e-06 0)
(-1.7048978270246569e-07 -1.8161261488130651e-06 0)
(-1.4016569818460048e-07 -1.683383543203006e-06 0)
(-1.1187044977299083e-07 -1.5523065841292607e-06 0)
(-8.5636938581724468e-08 -1.4227575754389245e-06 0)
(-6.1494349762803677e-08 -1.2946021603124568e-06 0)
(-3.9468455779417089e-08 -1.1677090475269355e-06 0)
(-1.9581886343713191e-08 -1.0419497387614281e-06 0)
(-1.8543672305906305e-09 -9.1719825615095155e-07 0)
(1.3697070196660016e-08 -7.9333087158347415e-07 0)
(2.7057906888863781e-08 -6.702258372395482e-07 0)
(3.8215980019215852e-08 -5.4776311768618637e-07 0)
(4.7161351520393575e-08 -4.2582412374672472e-07 0)
(5.3886200158755303e-08 -3.0429144748019784e-07 0)
(5.8384736302633065e-08 -1.8304859874589688e-07 0)
(6.0653138603871763e-08 -6.1979742351384981e-08 0)
(6.0689512053103645e-08 5.9030563516501558e-08 0)
(5.8493867058454208e-08 1.8009762885614655e-07 0)
(5.4068119467230904e-08 3.0133689279901605e-07 0)
(4.7416111427921956e-08 4.2286418504338355e-07 0)
(3.8543653260050539e-08 5.4479598771795509e-07 0)
(2.7458586716413547e-08 6.672496978316465e-07 0)
(1.4170870226099146e-08 7.9034389104534607e-07 0)
(-1.3073132390714993e-09 9.1419858625018359e-07 0)
(-1.8961424786215753e-08 1.0389355119548749e-06 0)
(-3.8774413519464544e-08 1.1646783740300736e-06 0)
(-6.0726534507951062e-08 1.2915531250326679e-06 0)
(-8.4795139295268764e-08 1.4196882350405747e-06 0)
(-1.1095443718464521e-07 1.5492149636342393e-06 0)
(-1.3917522536213549e-07 1.680267632846005e-06 0)
(-1.6942458567204817e-07 1.8129839005879343e-06 0)
(-2.016655455466187e-07 1.9475050336260839e-06 0)
(-2.3585670036972881e-07 2.0839761794473596e-06 0)
(-2.7195179430319962e-07 2.2225466352973896e-06 0)
(-3.0989925633357337e-07 2.3633701132852159e-06 0)
(-3.4964168797806156e-07 2.5066049994447604e-06 0)
(-3.9111529868979448e-07 2.6524146042163952e-06 0)
(-4.3424928480657681e-07 2.8009674016119167e-06 0)
(-4.7896514765063256e-07 2.9524372534770437e-06 0)
(-5.2517594597870756e-07 3.107003614637764e-06 0)
(-5.7278547760102016e-07 3.2648517141918918e-06 0)
(-6.2168738506921677e-07 3.4261727066200546e-06 0)
(-6.7176417976831113e-07 3.591163785995577e-06 0)
(-7.2288617864544963e-07 3.7600282557266036e-06 0)
(-7.7491034788758077e-07 3.9329755433401762e-06 0)
(-8.2767904763194846e-07 4.1102211503076067e-06 0)
(-8.8101867210520116e-07 4.2919865237131095e-06 0)
(-9.3473817974756579e-07 4.4784988353794975e-06 0)
(-9.8862750860756423e-07 4.6699906513548681e-06 0)
(-1.0424558727439939e-06 4.8666994731073415e-06 0)
(-1.095969936052916e-06 5.0688671285680297e-06 0)
(-1.1488918623280599e-06 5.276738988285989e-06 0)
(-1.2009172423407517e-06 5.4905629783035221e-06 0)
(-1.2517129004041133e-06 5.7105883587879841e-06 0)
(-1.3009145866706297e-06 5.9370642340985997e-06 0)
(-1.3481245654575195e-06 6.170237755236847e-06 0)
(-1.3929091149678129e-06 6.4103519726327755e-06 0)
(-1.4347959600291809e-06 6.6576432929193377e-06 0)
(-1.4732716671600327e-06 6.9123384902861908e-06 0)
(-1.5077790403951775e-06 7.1746512199201788e-06 0)
(-1.5377145672857615e-06 7.4447779784268561e-06 0)
(-1.5624259772698869e-06 7.7228934562425125e-06 0)
(-1.5812099892519422e-06 8.0091452283423295e-06 0)
(-1.5933103394738143e-06 8.3036477383644136e-06 0)
(-1.597916179228709e-06 8.6064755472007104e-06 0)
(-1.5941609412541243e-06 8.9176557912930611e-06 0)
(-1.5811217722367336e-06 9.2371598090195602e-06 0)
(-1.5578196728122342e-06 9.5648937625329266e-06 0)
(-1.5232206387983057e-06 9.9006879235627732e-06 0)
(-1.4762401630294552e-06 1.0244283646887513e-05 0)
(-1.415747264874386e-06 1.0595326554784147e-05 0)
(-1.3405683956291991e-06 1.0953351467291951e-05 0)
(-1.2494985173088258e-06 1.1317766398519778e-05 0)
(-1.1413117474246262e-06 1.1687846833180763e-05 4.816494887537554e-27)
(-1.014771725083598e-06 1.2062720320139435e-05 4.9717527672918031e-27)
(-8.6864773228471294e-07 1.2441353532873593e-05 0)
(-7.0173389546723451e-07 1.2822540909106997e-05 0)
(-5.1287171230406056e-07 1.3204894836182247e-05 0)
(-3.0097721780405577e-07 1.3586837839634585e-05 0)
(-6.5069402592753644e-08 1.396660335189114e-05 5.7596369394134609e-27)
(1.9570033339369893e-07 1.4342235151421551e-05 5.9148424618087936e-27)
(4.8201479688045019e-07 1.4711592222799892e-05 0)
(7.9435583316024122e-07 1.5072360082505728e-05 0)
(1.1329686375719781e-06 1.5422068756592273e-05 0)
(1.497827025204382e-06 1.5758117424736466e-05 0)
(1.8886027937917518e-06 1.6077798946784855e-05 0)
(2.3046399587898809e-06 1.6378265228985467e-05 0)
(2.744886082069011e-06 1.6655940776682863e-05 0)
(3.2076529786728683e-06 1.6901559671715984e-05 0)
(3.6905652013042938e-06 1.7063636542430198e-05 0)
(4.1902899330331115e-06 1.6808710461559611e-05 0)
(4.6784396122269549e-06 1.4163409057247044e-05 5.6340764630899953e-27)
(4.9799053543627742e-06 -6.7651906516328383e-07 -1.090463696992949e-27)
(4.6343362089300141e-06 -6.4569264676827599e-05 0)
(3.1997323411872535e-06 -0.00025563205402493919 -1.2621362374691003e-25)
(1.0477343415318987e-06 -0.0004831725485640293 -3.3272448839434273e-25)
(1.0566448982996887e-06 0.00048378216153061943 0)
(3.2411546408904355e-06 0.00025634560722409522 0)
(4.7080644816639901e-06 6.5177380579842844e-05 0)
(5.0873710953519562e-06 1.213265776019551e-06 0)
(4.8187949309531284e-06 -1.3659574225147027e-05 0)
(4.3617451748103266e-06 -1.6324168327347505e-05 0)
(3.891187010430597e-06 -1.6596569640796381e-05 0)
(3.4353206557395043e-06 -1.645326768226574e-05 0)
(2.9972872089434201e-06 -1.6228122680473315e-05 0)
(2.5793270093343824e-06 -1.5972408405699025e-05 0)
(2.1830499423960995e-06 -1.5695069361949701e-05 0)
(1.8094815718785106e-06 -1.5399350247022726e-05 0)
(1.4592978409899005e-06 -1.5087781423356516e-05 0)
(1.1328880548319488e-06 -1.4762773824198314e-05 0)
(8.3037416581184901e-07 -1.4426658607115873e-05 0)
(5.5163470350178712e-07 -1.4081665825396933e-05 0)
(2.9633283670687983e-07 -1.3729901600640226e-05 0)
(6.3945688272983964e-08 -1.3373330547958753e-05 0)
(-1.4620637290428454e-07 -1.3013763767246207e-05 0)
(-3.3493143661849326e-07 -1.2652852010376614e-05 0)
(-5.0313967502460507e-07 -1.2292083119302436e-05 0)
(-6.5181842549723838e-07 -1.1932781780841488e-05 0)
(-7.820090294966814e-07 -1.157611365756948e-05 0)
(-8.947865431243873e-07 -1.1223092029804508e-05 0)
(-9.9124220700882676e-07 -1.0874586176332413e-05 0)
(-1.0724685885847652e-06 -1.0531330986460446e-05 0)
(-1.1395474303926029e-06 -1.0193937303495587e-05 0)
(-1.1935393227821149e-06 -9.8629016100057519e-06 0)
(-1.2354750835922543e-06 -9.5386169593138518e-06 0)
(-1.2663494714353976e-06 -9.2213837200248068e-06 0)
(-1.2871163961352512e-06 -8.9114192989844287e-06 0)
(-1.298685347069353e-06 -8.608867916074787e-06 0)
(-1.3019191970269255e-06 -8.3138097459910624e-06 0)
(-1.2976330575341767e-06 -8.0262693460788597e-06 0)
(-1.2865939667310051e-06 -7.7462233658107312e-06 0)
(-1.2695212435100343e-06 -7.4736075565236703e-06 0)
(-1.2470873724872439e-06 -7.2083231004235127e-06 0)
(-1.2199193048704726e-06 -6.9502422895715714e-06 0)
(-1.1886000776241116e-06 -6.6992135854808087e-06 0)
(-1.1536706647323948e-06 -6.455066095688524e-06 0)
(-1.1156319871315879e-06 -6.2176135084184451e-06 0)
(-1.0749470206228559e-06 -5.9866575294239588e-06 0)
(-1.0320429519631142e-06 -5.7619908646481902e-06 0)
(-9.8731334304119616e-07 -5.5433997921451199e-06 0)
(-9.4112027156437416e-07 -5.3306663649944302e-06 0)
(-8.9379642390656736e-07 -5.1235702844646786e-06 0)
(-8.4564712147579634e-07 -4.9218904799907695e-06 0)
(-7.9695226721669953e-07 -4.725406430420686e-06 0)
(-7.47968202823659e-07 -4.5338992573664274e-06 0)
(-6.9892947060773064e-07 -4.3471526187276101e-06 0)
(-6.5005047706170419e-07 -4.164953428047383e-06 0)
(-6.0152705661589097e-07 -3.9870924225318767e-06 0)
(-5.5353793593589914e-07 -3.8133646005732881e-06 0)
(-5.0624610083856988e-07 -3.6435695464192241e-06 0)
(-4.5980006865500831e-07 -3.4775116581177968e-06 0)
(-4.1433506947476953e-07 -3.3150002928754986e-06 0)
(-3.6997414013166508e-07 -3.1558498421600156e-06 0)
(-3.268291351995939e-07 -2.9998797472752181e-06 0)
(-2.8500165950177788e-07 -2.8469144651678104e-06 0)
(-2.445839265990129e-07 -2.6967833921380669e-06 0)
(-2.0565954769628575e-07 -2.5493207527282529e-06 0)
(-1.6830425530634346e-07 -2.4043654600413685e-06 0)
(-1.3258656602668978e-07 -2.2617609522519266e-06 0)
(-9.8568386333667332e-08 -2.1213550101353667e-06 0)
(-6.6305565276916533e-08 -1.9829995591698624e-06 0)
(-3.5848397770249254e-08 -1.8465504592716094e-06 0)
(-7.2420817714373567e-09 -1.7118672852533841e-06 0)
(1.947286738602735e-08 -1.5788130997245031e-06 0)
(4.4260242714044888e-08 -1.4472542205767365e-06 0)
(6.7087808549494192e-08 -1.3170599845200079e-06 0)
(8.7926998466237781e-08 -1.1881025076135849e-06 0)
(1.0675264577772219e-07 -1.0602564444195303e-06 0)
(1.2354274460954546e-07 -9.333987456131422e-07 0)
(1.382782398493561e-07 -8.0740841542219671e-07 0)
(1.5094284431385397e-07 -6.8216626878346528e-07 0)
(1.6152288175789856e-07 -5.5755468877556245e-07 0)
(1.7000715445903042e-07 -4.3345738452618788e-07 0)
(1.7638683442606309e-07 -3.0975914940432141e-07 0)
(1.8065537737232142e-07 -1.8634561989264415e-07 0)
(1.8280845877592617e-07 -6.3103034542030316e-08 0)
(1.8284393148323418e-07 6.0082006366169766e-08 0)
(1.8076180455752912e-07 1.8332278118680285e-07 0)
(1.7656424331330322e-07 3.0673268694520168e-07 0)
(1.7025559039511581e-07 4.3042547971368072e-07 0)
(1.618424080681658e-07 5.5451551511721189e-07 0)
(1.5133354209994359e-07 6.7911798906601036e-07 0)
(1.3874020779254977e-07 8.0434917911144959e-07 0)
(1.2407609872663348e-07 9.3032668593779924e-07 0)
(1.0735751905187651e-07 1.0571696756002836e-06 0)
(8.8603540461619843e-08 1.18499912202475e-06 0)
(6.7836184970168011e-08 1.3139380496753492e-06 0)
(4.5080634893636966e-08 1.444111776225816e-06 0)
(2.0365471687669679e-08 1.57564815460161e-06 0)
(-6.2770546244812157e-09 1.7086778139303839e-06 0)
(-3.4810723435594642e-08 1.8433343988222768e-06 0)
(-6.5195006667314914e-08 1.9797548057067824e-06 0)
(-9.7384694527573277e-08 2.1180794153075154e-06 0)
(-1.3132948130579819e-07 2.2584523194436089e-06 0)
(-1.6697350833694239e-07 2.4010215405330092e-06 0)
(-2.0425486087209289e-07 2.5459392416300392e-06 0)
(-2.4310501549462926e-07 2.6933619240497885e-06 0)
(-2.83448234474313e-07 2.843450609825491e-06 0)
(-3.2520090321432927e-07 2.9963710047497009e-06 0)
(-3.6827080676893578e-07 3.1522936379580307e-06 0)
(-4.1255634116780146e-07 3.311393972729535e-06 0)
(-4.5794565519095639e-07 3.4738524824586663e-06 0)
(-5.0431571816719576e-07 3.6398546843995112e-06 0)
(-5.5153130934641657e-07 3.8095911240688425e-06 0)
(-5.9944392429091634e-07 3.9832572993967992e-06 0)
(-6.4789059404825584e-07 4.1610535152001563e-06 0)
(-6.9669261333530427e-07 4.3431846547144458e-06 0)
(-7.4565417409977943e-07 4.5298598546308344e-06 0)
(-7.9456090191763645e-07 4.7212920667810218e-06 0)
(-8.4317829297642597e-07 4.9176974898321693e-06 0)
(-8.9125005130699938e-07 5.1192948493725019e-06 0)
(-9.3849632789616902e-07 5.326304503580371e-06 0)
(-9.8461186457305264e-07 5.5389473493529215e-06 0)
(-1.0292640487955148e-06 5.7574435003752855e-06 0)
(-1.0720908889221189e-06 5.9820107062692863e-06 0)
(-1.1126989232794632e-06 6.2128624786860746e-06 0)
(-1.1506610816881656e-06 6.4502058879219492e-06 0)
(-1.1855145240472192e-06 6.6942389900915825e-06 0)
(-1.2167584876495377e-06 6.9451478441037574e-06 0)
(-1.2438521835256283e-06 7.2031030750598386e-06 0)
(-1.2662127915122143e-06 7.4682559405723215e-06 0)
(-1.2832136149509623e-06 7.7407338568067983e-06 0)
(-1.2941824676352316e-06 8.0206353450137869e-06 0)
(-1.2984003769627934e-06 8.3080243632734911e-06 0)
(-1.2951006957441881e-06 8.6029239950884075e-06 0)
(-1.2834687285815054e-06 8.9053094603583721e-06 0)
(-1.2626419992704803e-06 9.2151004140837801e-06 0)
(-1.2317113373570233e-06 9.5321524715748212e-06 0)
(-1.1897230668746888e-06 9.8562479094615887e-06 0)
(-1.1356829400624193e-06 1.0187085574866311e-05 0)
(-1.0685609021031056e-06 1.052427206710536e-05 0)
(-9.8729702802024014e-07 1.0867310534630782e-05 0)
(-8.9081059960064167e-07 1.1215589276112324e-05 0)
(-7.7801045111085068e-07 1.1568373187828069e-05 0)
(-6.478066749037106e-07 1.1924793039230723e-05 0)
(-4.9912549157169096e-07 1.2283835680042668e-05 0)
(-3.3092685610601357e-07 1.2644335611165548e-05 0)
(-1.4222481227528242e-07 1.3004968363954652e-05 0)
(6.7889302390751086e-08 1.3364246414789275e-05 0)
(3.0022194013978042e-07 1.3720519523338221e-05 0)
(5.5545100418566576e-07 1.4071977337808209e-05 0)
(8.3409759435878383e-07 1.441665626449411e-05 0)
(1.1364967612936075e-06 1.4752451499932817e-05 0)
(1.4627682438228172e-06 1.5077134626170382e-05 0)
(1.812788454678076e-06 1.5388376438749363e-05 0)
(2.1861665902202405e-06 1.5683768317649417e-05 0)
(2.5822254064562404e-06 1.5960782851994181e-05 0)
(2.9999384533234691e-06 1.6216180991444666e-05 0)
(3.4376956828598553e-06 1.6441041086124189e-05 0)
(3.8932558924902721e-06 1.6584220989458851e-05 0)
(4.3634785079258501e-06 1.631259565180919e-05 0)
(4.8202137885753044e-06 1.3653144021689056e-05 0)
(5.0886070493802334e-06 -1.197756746733582e-06 0)
(4.7088317319621123e-06 -6.5095354907924378e-05 0)
(3.2410230266802673e-06 -0.00025613827574817288 0)
(1.0570659967719326e-06 -0.00048353065845596274 0)
(1.0651886230398865e-06 0.00048411825394583904 0)
(3.2789625079683868e-06 0.00025682075358346456 0)
(4.7762898009707088e-06 6.5671226742888437e-05 0)
(5.186963688251767e-06 1.7028158010067899e-06 0)
(4.9487765407195333e-06 -1.3179806911667856e-05 0)
(4.5206791633106626e-06 -1.5856976233341733e-05 0)
(4.0774196706215855e-06 -1.6144222430211683e-05 0)
(3.6469884680804907e-06 -1.6017750694276882e-05 0)
(3.232352446693935e-06 -1.5811140869300367e-05 0)
(2.8356257041015801e-06 -1.5575375438887193e-05 0)
(2.4583388772355634e-06 -1.5319103945090586e-05 0)
(2.1014824610508253e-06 -1.5045280373294872e-05 0)
(1.7657379057851037e-06 -1.4756155473944917e-05 0)
(1.4515361020103909e-06 -1.4453877271423025e-05 0)
(1.1590715489704354e-06 -1.4140535022713384e-05 0)
(8.8832087687072272e-07 -1.3818140931978228e-05 0)
(6.3906544703950039e-07 -1.348860921194436e-05 0)
(4.1091537708748595e-07 -1.3153739260662552e-05 0)
(2.0333392569372036e-07 -1.2815203446318533e-05 0)
(1.5661471768567638e-08 -1.247453919105891e-05 0)
(-1.5286154095791049e-07 -1.2133144761926097e-05 0)
(-3.030728733438963e-07 -1.1792277985280872e-05 0)
(-4.3586830149264752e-07 -1.1453058082931443e-05 0)
(-5.5218346091387837e-07 -1.1116469874294385e-05 0)
(-6.5297783652260779e-07 -1.0783369740809973e-05 0)
(-7.3922091018263988e-07 -1.0454492857804587e-05 0)
(-8.1188040780185092e-07 -1.0130461236778363e-05 0)
(-8.7191232605584244e-07 -9.8117920281400147e-06 0)
(-9.2025262687166127e-07 -9.4989063839988981e-06 0)
(-9.5781067455847797e-07 -9.1921383652226314e-06 0)
(-9.854641027430886e-07 -8.8917435191661183e-06 0)
(-1.0040549152896449e-06 -8.5979072916930921e-06 0)
(-1.0143867534892946e-06 -8.3107530389419432e-06 0)
(-1.0172231452716909e-06 -8.0303495388592327e-06 0)
(-1.0132865683443656e-06 -7.7567179571947994e-06 0)
(-1.0032581824030891e-06 -7.489838253955208e-06 0)
(-9.8777810645807804e-07 -7.2296550299783576e-06 -2.9705751440871591e-27)
(-9.6744613431202968e-07 -6.9760828255010842e-06 -2.8658674682236943e-27)
(-9.4282279555291769e-07 -6.729010888816754e-06 0)
(-9.1443068122060009e-07 -6.4883074397860701e-06 0)
(-8.8275596455789102e-07 -6.2538234570436629e-06 0)
(-8.4825005794261372e-07 -6.0253960222226436e-06 0)
(-8.113313567476853e-07 -5.8028512548414251e-06 0)
(-7.7238702958463735e-07 -5.5860068729873506e-06 0)
(-7.3177482200376354e-07 -5.3746744135252263e-06 0)
(-6.8982484732890276e-07 -5.1686611453616739e-06 0)
(-6.4684134390512039e-07 -4.9677717065755527e-06 0)
(-6.0310438295494008e-07 -4.7718094954783771e-06 0)
(-5.5887151515265669e-07 -4.5805778427028829e-06 0)
(-5.1437934737730102e-07 -4.3938809893029464e-06 0)
(-4.6984504396754949e-07 -4.2115248945188527e-06 0)
(-4.2546774926533932e-07 -4.0333178934452551e-06 0)
(-3.8142992952325789e-07 -3.8590712236172849e-06 0)
(-3.3789863371708295e-07 -3.688599437984371e-06 0)
(-2.9502667451192312e-07 -3.5217207188604178e-06 0)
(-2.5295373108676363e-07 -3.3582571063324127e-06 0)
(-2.1180737621136638e-07 -3.1980346531085625e-06 0)
(-1.717040303145101e-07 -3.0408835160994462e-06 0)
(-1.3274984580509496e-07 -2.8866379944369648e-06 0)
(-9.504152501280683e-08 -2.7351365214398088e-06 0)
(-5.8667075087937332e-08 -2.5862216177700833e-06 0)
(-2.370650342138371e-08 -2.4397398122454525e-06 0)
(9.7675429809309541e-09 -2.29554153502353e-06 0)
(4.1689190899965861e-08 -2.153480988183518e-06 0)
(7.1998803819231111e-08 -2.0134159973895538e-06 0)
(1.0064249121609993e-07 -1.8752078481058659e-06 0)
(1.2757166136490482e-07 -1.73872110929222e-06 0)
(1.5274261491370422e-07 -1.6038234468085782e-06 0)
(1.7611617667547417e-07 -1.4703854287674457e-06 0)
(1.976573632568971e-07 -1.3382803244047462e-06 0)
(2.173350843503843e-07 -1.2073838979628317e-06 0)
(2.3512187568150188e-07 -1.0775741989173628e-06 0)
(2.5099366180065069e-07 -9.4873134903372305e-07 0)
(2.6492954709493855e-07 -8.2073732754979937e-07 0)
(2.7691163359222596e-07 -6.9347575468299765e-07 0)
(2.8692486429939178e-07 -5.6683167417037489e-07 0)
(2.94956890885703e-07 -4.4069133516929074e-07 0)
(3.0099796483278774e-07 -3.1494197361976527e-07 0)
(3.0504085129711661e-07 -1.8947159347376604e-07 0)
(3.0708076503307281e-07 -6.4168747542362058e-08 0)
(3.0711532790483215e-07 6.1077681462570562e-08 0)
(3.0514454767281285e-07 1.8637870003860752e-07 0)
(3.011708180025053e-07 3.1184542278253006e-07 0)
(2.9519893960953254e-07 4.3758929163437983e-07 0)
(2.8723616265473029e-07 5.6372229489678605e-07 0)
(2.7729225075870597e-07 6.9035718615043761e-07 0)
(2.6537956710852327e-07 8.1760770314270685e-07 0)
(2.515131832523486e-07 9.4558878626086294e-07 0)
(2.3571101131504602e-07 1.0744167966532132e-06 0)
(2.1799396061185931e-07 1.2042097336844453e-06 0)
(1.9838611978371493e-07 1.3350874512560191e-06 0)
(1.7691496568227818e-07 1.4671718727175006e-06 0)
(1.5361160052751819e-07 1.6005872035127245e-06 0)
(1.285110188649232e-07 1.7354601409782267e-06 0)
(1.0165240615325066e-07 1.871920080372627e-06 0)
(7.3079471038315062e-08 2.010099315841754e-06 0)
(4.2840813458718703e-08 2.1501332350152054e-06 0)
(1.099033099134158e-08 2.2921605053733955e-06 0)
(-2.2412334100195577e-08 2.4363232504502574e-06 0)
(-5.730130443492509e-08 2.5827672135164153e-06 0)
(-9.3603930480618889e-08 2.7316419055318508e-06 0)
(-1.3124020410129312e-07 2.8831007346491003e-06 0)
(-1.7012211948472959e-07 3.0373011125498255e-06 0)
(-2.1015297788425699e-07 3.1944045336432645e-06 0)
(-2.5122663300007768e-07 3.3545766215152271e-06 0)
(-2.9322667331221983e-07 3.5179871367812616e-06 0)
(-3.3602553806633151e-07 3.6848099386196284e-06 0)
(-3.7948356360239153e-07 3.8552228931548231e-06 0)
(-4.2344795670807226e-07 4.029407718038558e-06 0)
(-4.6775169221270224e-07 4.2075497538154762e-06 0)
(-5.1221233257585598e-07 4.389837649534468e-06 0)
(-5.5663076763478513e-07 4.5764629495834197e-06 0)
(-6.0078987337156576e-07 4.7676195663939185e-06 0)
(-6.4445309013362359e-07 4.9635031225704751e-06 0)
(-6.873629222445968e-07 5.1643101426629604e-06 0)
(-7.2923936224481624e-07 5.3702370744272022e-06 0)
(-7.697782454425944e-07 5.5814791163519844e-06 0)
(-8.0864954340175081e-07 5.7982288262118743e-06 0)
(-8.4549560824373251e-07 6.0206744832228295e-06 0)
(-8.7992938369277491e-07 6.2489981744851324e-06 0)
(-9.1153260352061554e-07 6.4833735745851732e-06 0)
(-9.3985400381870044e-07 6.7239633844915557e-06 0)
(-9.6440758210136677e-07 6.9709163969662336e-06 0)
(-9.8467094384309151e-07 7.2243641531949418e-06 0)
(-1.0000837855144189e-06 7.484417157138712e-06 0)
(-1.0100465727949887e-06 7.7511606148106928e-06 3.1859480123070574e-27)
(-1.0139194827830014e-06 8.024649670705084e-06 3.2989763583152046e-27)
(-1.0110216894141228e-06 8.3049041163302124e-06 0)
(-1.0006310821769194e-06 8.5919025523815627e-06 0)
(-9.819845223141309e-07 8.8855759885538755e-06 0)
(-9.5427876109006718e-07 9.1858008718186248e-06 0)
(-9.1667217754476079e-07 9.4923915425405654e-06 0)
(-8.6828753563662288e-07 9.8050921573781288e-06 0)
(-8.0821600560015575e-07 1.0123568216876974e-05 0)
(-7.3552230535735146e-07 1.0447398237060367e-05 0)
(-6.4925118683381493e-07 1.0776064743573607e-05 0)
(-5.4843586437859692e-07 1.1108945320224934e-05 0)
(-4.3210798470267483e-07 1.144530463084239e-05 0)
(-2.9930923336529839e-07 1.1784286313500977e-05 0)
(-1.4910516089402957e-07 1.2124905680908317e-05 0)
(1.9398787816307802e-08 1.2466043727358932e-05 0)
(2.0703909064811998e-07 1.280644293445412e-05 0)
(4.1457394091469091e-07 1.3144705464222692e-05 0)
(6.42661519886113e-07 1.3479294492717304e-05 0)
(8.9183707541983612e-07 1.3808538454198723e-05 0)
(1.16248897462713e-06 1.4130638986379732e-05 0)
(1.4548343568769395e-06 1.4443683165362921e-05 0)
(1.7688951512663688e-06 1.4745660343773147e-05 0)
(2.1044755193161518e-06 1.5034483096918404e-05 0)
(2.4611433722126555e-06 1.5308005545063276e-05 0)
(2.8382162577664621e-06 1.5563979665584417e-05 0)
(3.2347030809619265e-06 1.579945685417645e-05 0)
(3.6490733057450142e-06 1.600581022930305e-05 0)
(4.0792122211934844e-06 1.6132189416826138e-05 0)
(4.5221538697063212e-06 1.5845753472552673e-05 0)
(4.9499597256633847e-06 1.3173780508322777e-05 -5.2215181602787291e-27)
(5.1879959569711735e-06 -1.6867915760808282e-06 1.5115375019203788e-27)
(4.7768982423845226e-06 -6.5588479749784505e-05 0)
(3.2787272871069265e-06 -0.00025661250522474304 0)
(1.065581205118737e-06 -0.00048386603240468387 0)
(1.0730092038983265e-06 0.00048443349741677659 0)
(3.3135925865332495e-06 0.00025726655139843096 0)
(4.8388163517332602e-06 6.6134815140694744e-05 0)
(5.2782957382417368e-06 2.1627680585002414e-06 -1.7076592443723286e-27)
(5.0680770135836821e-06 -1.272850907865411e-05 5.0371535914046541e-27)
(4.6667055973902328e-06 -1.541684341680476e-05 0)
(4.2487406998964878e-06 -1.5717296763542511e-05 -6.4624110980560347e-27)
(3.8419862188159015e-06 -1.5605831813239508e-05 -6.4241534585229497e-27)
(3.4492511303335892e-06 -1.5415790555042667e-05 0)
(3.0725315706166224e-06 -1.5197907068140316e-05 0)
(2.713279674327505e-06 -1.4960577661282323e-05 0)
(2.3724449048804181e-06 -1.4706504852015837e-05 -6.0581425658820993e-27)
(2.0507025245512414e-06 -1.4437695500148409e-05 -5.9477814083005698e-27)
(1.7485086689722729e-06 -1.4156066183650673e-05 0)
(1.4661105212157545e-06 -1.386349101977772e-05 0)
(1.2035605153932425e-06 -1.3561786235177262e-05 0)
(9.6073450769150213e-07 -1.3252691120639921e-05 0)
(7.3735145348245377e-07 -1.2937852188399662e-05 0)
(5.3299369627018066e-07 -1.2618811137167781e-05 -5.1980510026939093e-27)
(3.4712724738063361e-07 -1.2296996436642296e-05 -5.0650985508457335e-27)
(1.7912153039525021e-07 -1.1973718151425484e-05 0)
(2.8268253188627822e-08 -1.1650165568122228e-05 0)
(-1.0620091873771771e-07 -1.1327407417382834e-05 0)
(-2.250982011780943e-07 -1.1006394228312925e-05 0)
(-3.2926519069724523e-07 -1.0687962373808221e-05 0)
(-4.1956008469781805e-07 -1.0372839386827804e-05 0)
(-4.9684660081627338e-07 -1.006165017298772e-05 0)
(-5.6198447010243611e-07 -9.7549237792745144e-06 0)
(-6.1582142076852981e-07 -9.4531006209718215e-06 0)
(-6.5918660666080575e-07 -9.1565398871574328e-06 3.7664992025801064e-27)
(-6.9288532262436152e-07 -8.8655268948919007e-06 7.2923658428417376e-27)
(-7.1769486685502104e-07 -8.5802803286795428e-06 3.5282697570151501e-27)
(-7.3436144422985035e-07 -8.3009592283228692e-06 0)
(-7.4359797580142269e-07 -8.0276696323916352e-06 0)
(-7.4608268181598972e-07 -7.7604708178075315e-06 0)
(-7.4245831626426144e-07 -7.4993811042955414e-06 -3.0816761963320558e-27)
(-7.3333194396504631e-07 -7.2443832078499055e-06 -8.9291420016289229e-27)
(-7.1927516366073562e-07 -6.9954291412321104e-06 -5.7472143260525328e-27)
(-7.0082469188902876e-07 -6.7524446677976283e-06 0)
(-6.7848323292211003e-07 -6.5153333230793822e-06 0)
(-6.5272056951543001e-07 -6.2839800222832199e-06 0)
(-6.2397481837181263e-07 -6.0582542780744555e-06 0)
(-5.9265380269191769e-07 -5.8380130532861901e-06 0)
(-5.5913650169288886e-07 -5.6231032762590981e-06 0)
(-5.2377454389462609e-07 -5.4133640456027957e-06 -2.2212093245995633e-27)
(-4.8689371687888956e-07 -5.2086285521329738e-06 -2.1368839918442022e-27)
(-4.4879547154019053e-07 -5.0087257438165092e-06 0)
(-4.0975840328105354e-07 -4.8134817592395741e-06 0)
(-3.7003969654969967e-07 -4.6227211532093211e-06 0)
(-3.2987652236023715e-07 -4.4362679365327981e-06 0)
(-2.8948738115133536e-07 -4.2539464508864325e-06 0)
(-2.4907338564913385e-07 -4.0755820973893143e-06 0)
(-2.0881948041298654e-07 -3.9010019356928064e-06 0)
(-1.6889559602242191e-07 -3.7300351697602458e-06 0)
(-1.2945773696991561e-07 -3.5625135343701868e-06 0)
(-9.0649003685654977e-08 -3.3982715946662535e-06 1.3924148445122009e-27)
(-5.2600549866545742e-08 -3.2371469702222113e-06 2.652523893145449e-27)
(-1.5432476522284706e-08 -3.078980493440914e-06 2.5226808833967787e-27)
(2.0745335211868446e-08 -2.9236163115619316e-06 2.3951705550693027e-27)
(5.5832450147775629e-08 -2.7709019398970104e-06 1.1349328270224396e-27)
(8.9737161577197241e-08 -2.6206882730779879e-06 0)
(1.2237582751555229e-07 -2.4728295610318555e-06 -1.0126886910001392e-27)
(1.5367225809127951e-07 -2.3271833542467046e-06 -9.5297683858057291e-28)
(1.8355715135675241e-07 -2.1836104234188069e-06 0)
(2.1196757483101317e-07 -2.0419746573749217e-06 0)
(2.3884649033114501e-07 -1.9021429427785504e-06 0)
(2.6414231952992184e-07 -1.7639850286947117e-06 0)
(2.8780854794371372e-07 -1.6273733784169821e-06 0)
(3.0980336518297247e-07 -1.4921830109586159e-06 0)
(3.3008933939541594e-07 -1.3582913338277559e-06 -5.560481309605489e-28)
(3.4863312397224275e-07 -1.2255779690963826e-06 -5.0171341525917134e-28)
(3.6540519472742631e-07 -1.0939245737334982e-06 4.4781918200699487e-28)
(3.8037961601010548e-07 -9.6321465532247185e-07 3.943169848859132e-28)
(3.9353383426127244e-07 -8.3333338439906295e-07 0)
(4.0484849774557172e-07 -7.0416740382880394e-07 0)
(4.1430730129177036e-07 -5.7560463608820496e-07 -2.3568816009001389e-28)
(4.2189685500331493e-07 -4.4753408890719816e-07 -3.6656485751171844e-28)
(4.2760657616667456e-07 -3.1984565960742233e-07 -1.3103537946854549e-28)
(4.3142860359328782e-07 -1.9242993856747605e-07 -7.8901544920564408e-29)
(4.33357733901216e-07 -6.5178011905381305e-08 -2.683566614125287e-29)
(4.3339137917897607e-07 6.2018736199770434e-08 -2.5207390637741762e-29)
(4.3152954589120502e-07 1.8926882127367699e-07 -1.5454543472621861e-28)
(4.2777483491622827e-07 3.1668085646515951e-07 -1.294054470917353e-28)
(4.2213246252933542e-07 4.4436375055073525e-07 -1.816508374862104e-28)
(4.1461030262342653e-07 5.7242690557747339e-07 -2.3405435387218558e-28)
(4.0521895039001831e-07 7.0098041399522479e-07 0)
(3.9397180791971331e-07 8.3013525527687928e-07 0)
(3.8088519224117325e-07 9.6000349144770814e-07 0)
(3.6597846649176466e-07 1.0906984614549092e-06 0)
(3.4927419512189109e-07 1.2223349738718932e-06 0)
(3.3079832408529043e-07 1.355029497391885e-06 0)
(3.1058038720060953e-07 1.488900348536948e-06 0)
(2.8865373996370485e-07 1.6240678757001372e-06 0)
(2.6505582223845974e-07 1.7606546388047513e-06 0)
(2.3982845145200896e-07 1.8987855831848859e-06 0)
(2.1301814804585084e-07 2.038588206651409e-06 0)
(1.8467649510820727e-07 2.1801927179080909e-06 0)
(1.548605342326812e-07 2.3237321845625537e-06 0)
(1.2363319985476807e-07 2.4693426685271154e-06 0)
(9.1063794229985136e-08 2.6171633460601088e-06 0)
(5.7228505658100998e-08 2.7673366096812024e-06 1.1331832498394885e-27)
(2.221097254655475e-08 2.9200081484574837e-06 2.3916458044094299e-27)
(-1.3897104210269009e-08 3.075327002345248e-06 1.2595645103187134e-27)
(-5.0995297733041801e-08 3.2334455862850111e-06 1.3244716748574108e-27)
(-8.897373795470739e-08 3.3945196785340253e-06 1.390609418784167e-27)
(-1.2771233798661829e-07 3.558708367307032e-06 0)
(-1.6707996166760776e-07 3.7261739484014508e-06 0)
(-2.0693352986244583e-07 3.8970817666875431e-06 0)
(-2.4711706359249223e-07 4.0715999916756254e-06 0)
(-2.8746066250282695e-07 4.2498993176997794e-06 0)
(-3.2777941749870181e-07 4.4321525770562158e-06 0)
(-3.6787225715981474e-07 4.6185342540552146e-06 0)
(-4.0752072884628484e-07 4.8092198854533596e-06 0)
(-4.4648771666523003e-07 5.0043853316076226e-06 0)
(-4.8451609943267241e-07 5.2042059013574955e-06 0)
(-5.2132735417017613e-07 5.4088553117128894e-06 0)
(-5.5662011273395754e-07 5.6185044620595692e-06 0)
(-5.9006868187908178e-07 5.8333200003844617e-06 0)
(-6.2132154053292865e-07 6.0534626580056789e-06 0)
(-6.4999983180636366e-07 6.2790853275708235e-06 0)
(-6.7569587166182231e-07 6.5103308582650053e-06 0)
(-6.9797170162428814e-07 6.7473295406150346e-06 0)
(-7.1635771883023954e-07 6.9901962542604031e-06 0)
(-7.3035142326213774e-07 7.2390272515203877e-06 0)
(-7.3941632988108358e-07 7.4938965512787359e-06 0)
(-7.4298110138089586e-07 7.7548519201547471e-06 3.1870970608764718e-27)
(-7.4043896612531168e-07 8.0219104223153683e-06 6.5948626392018406e-27)
(-7.3114749532519702e-07 8.2950535234027028e-06 3.4103030642860396e-27)
(-7.1442882360759393e-07 8.5742217411582512e-06 3.5256868095577923e-27)
(-6.8957040921733325e-07 8.8593088422236893e-06 7.2870747277184091e-27)
(-6.5582644533832374e-07 9.1501555961568056e-06 3.7637871558375198e-27)
(-6.1242005193244791e-07 9.4465431152095415e-06 0)
(-5.5854639270529731e-07 9.7481858421779051e-06 0)
(-4.9337686054524202e-07 1.00547243045314e-05 0)
(-4.1606437565265823e-07 1.0365717836753067e-05 0)
(-3.2574994507991917e-07 1.0680637165723902e-05 0)
(-2.2157071260441982e-07 1.0998857182181166e-05 0)
(-1.0266945825632048e-07 1.131965027692991e-05 0)
(3.179437468756987e-08 1.1642180129495978e-05 0)
(1.8263192176434201e-07 1.196549637315255e-05 0)
(3.5061039688545997e-07 1.2288530539755311e-05 0)
(5.3643692400724442e-07 1.2610093711826125e-05 0)
(7.4074086005817904e-07 1.2928876319770664e-05 0)
(9.6405492965278467e-07 1.3243450543063877e-05 0)
(1.2067954988134231e-06 1.3552275511639912e-05 0)
(1.4692423212317456e-06 1.3853705742838274e-05 0)
(1.7515182807866701e-06 1.4146003191937943e-05 0)
(2.0535697503020569e-06 1.4427353105633801e-05 0)
(2.3751484582973625e-06 1.4695883074726261e-05 0)
(2.7157973208749566e-06 1.4949678497523409e-05 0)
(3.0748403167555901e-06 1.5186735027242715e-05 0)
(3.4513276103959526e-06 1.5404355281278474e-05 0)
(3.8438073735430869e-06 1.5594165443727809e-05 0)
(4.2502830476368932e-06 1.5705564013455432e-05 0)
(4.6679469431942936e-06 1.5405951353686438e-05 6.2972493420991292e-27)
(5.0690484056273281e-06 1.2722861843977464e-05 5.0336478095299598e-27)
(5.2791459413643212e-06 -2.1462627847335718e-06 -1.4047366143453516e-40)
(4.8392826242720789e-06 -6.6051397468844752e-05 0)
(3.3132641497843148e-06 -0.00025705745548590143 0)
(1.0733763223854161e-06 -0.0004841806131461819 0)
(1.0801894465230548e-06 0.0004847296165846188 0)
(3.3454060854054782e-06 0.00025768541169085459 0)
(4.8962887401696584e-06 6.6570602125358804e-05 0)
(5.3622951843261456e-06 2.5954757934873105e-06 -1.8878905225333072e-27)
(5.1778831312235531e-06 -1.2303482733126351e-05 4.8601058755452918e-27)
(4.8012395157376168e-06 -1.5001761090905449e-05 0)
(4.4067588844277121e-06 -1.5313999353417775e-05 -6.2941583376660656e-27)
(4.0220790317090494e-06 -1.5215952389460648e-05 -6.2613782950991814e-27)
(3.6498659534673484e-06 -1.5040759629135114e-05 0)
(3.2920062524619724e-06 -1.4838942623754438e-05 0)
(2.9498757624601137e-06 -1.4618679690749921e-05 0)
(2.6243794844684214e-06 -1.4382455384984528e-05 -1.1845009902767624e-26)
(2.3161781559589561e-06 -1.4132063559147421e-05 -1.16395622517707e-26)
(2.0257407453418276e-06 -1.3869216949579418e-05 0)
(1.7533515134026454e-06 -1.3595598428209501e-05 0)
(1.4991207771665447e-06 -1.3312848202703797e-05 0)
(1.2629994935560697e-06 -1.3022546617450469e-05 0)
(1.0447953601845918e-06 -1.2726199414573346e-05 0)
(8.4418967704734981e-07 -1.2425226138810933e-05 -5.1167195600239449e-27)
(6.6075445714054389e-07 -1.2120951596525657e-05 -4.9910935714045196e-27)
(4.9396932717927946e-07 -1.1814600122848253e-05 0)
(3.4323786038345591e-07 -1.1507292363325908e-05 -4.7375977318816329e-27)
(2.0790303807545175e-07 -1.1200044315326358e-05 -4.6106292531858367e-27)
(8.7261582460287838e-08 -1.0893768285886045e-05 0)
(-1.9422995201229468e-08 -1.0589275424375877e-05 0)
(-1.1290870950893334e-07 -1.0287279497326033e-05 0)
(-1.9396480035777885e-07 -9.9884015947187223e-06 0)
(-2.6336277415342197e-07 -9.6931755003333738e-06 0)
(-3.2186873484505208e-07 -9.4020535428105787e-06 0)
(-3.7023694853161265e-07 -9.1154127187450034e-06 3.7489313032125079e-27)
(-4.0920454428908187e-07 -8.8335609090692627e-06 7.2648997680389261e-27)
(-4.3948724877061268e-07 -8.5567430733044605e-06 3.5180650294090536e-27)
(-4.6177605726508779e-07 -8.2851473082534244e-06 0)
(-4.7673473476731542e-07 -8.0189106831649769e-06 0)
(-4.8499804024361472e-07 -7.7581247868921343e-06 0)
(-4.8717057243480281e-07 -7.5028409466498755e-06 -3.0827733783420678e-27)
(-4.8382614334568918e-07 -7.2530750915755585e-06 -2.9796685135838948e-27)
(-4.755075942312678e-07 -7.0088122491665864e-06 6.8573945961775566e-57)
(-4.6272697738013532e-07 -6.7700106712271326e-06 0)
(-4.459660356612605e-07 -6.5366055945352537e-06 0)
(-4.2567691952244836e-07 -6.3085126461143437e-06 0)
(-4.0228308892552495e-07 -6.0856309091030162e-06 0)
(-3.7618035490749933e-07 -5.8678456666991099e-06 0)
(-3.4773802185689171e-07 -5.6550308448355189e-06 0)
(-3.1730009781466797e-07 -5.4470511745598651e-06 -2.2349734818008289e-27)
(-2.8518654545737454e-07 -5.2437640964166384e-06 -2.1512576950629865e-27)
(-2.5169455094921814e-07 -5.045021428073709e-06 0)
(-2.1709979228315432e-07 -4.8506708164558443e-06 0)
(-1.816576923689137e-07 -4.660556994796684e-06 0)
(-1.4560464501503372e-07 -4.4745228635848921e-06 0)
(-1.0915920479049157e-07 -4.2924104136622546e-06 -1.7598120972221762e-27)
(-7.2523234008480436e-08 -4.114061508225818e-06 -1.6864917070572865e-27)
(-3.5883001827181891e-08 -3.9393185391067348e-06 0)
(5.8976766317902884e-10 -3.768024971374703e-06 0)
(3.6736900611035196e-08 -3.6000257895007935e-06 0)
(7.2412833075210813e-08 -3.4351678568321193e-06 6.4895636367189987e-57)
(1.0748372503322632e-07 -3.2733001987423724e-06 1.3411268622281412e-27)
(1.4182662836032685e-07 -3.1142742189580377e-06 2.5517082998198886e-27)
(1.7532870780127294e-07 -2.9579438576227457e-06 2.4234070506583116e-27)
(2.0788651356968391e-07 -2.8041656988572923e-06 1.1486151429261266e-27)
(2.3940530385414004e-07 -2.6527990340086155e-06 0)
(2.6979841546614046e-07 -2.5037058874346555e-06 -1.0253914648567567e-27)
(2.989866806340916e-07 -2.3567510091308811e-06 -1.9302844740647266e-27)
(3.2689788781654829e-07 -2.2118018394559694e-06 -1.8114547343227482e-27)
(3.5346628449276499e-07 -2.0687284498418364e-06 -4.2556279968287409e-41)
(3.7863211990537044e-07 -1.927403462905048e-06 7.8918521235350998e-28)
(4.0234122573139652e-07 -1.78770195530591e-06 0)
(4.2454463270051746e-07 -1.6495013457840437e-06 -6.7534453792942828e-28)
(4.4519822133938471e-07 -1.5126812708755023e-06 -6.1931021836112787e-28)
(4.6426240514359288e-07 -1.3771234500732896e-06 -5.6380064752525927e-28)
(4.8170184445435578e-07 -1.2427115426126129e-06 -5.0876741530343242e-28)
(4.97485189476195e-07 -1.1093309968596769e-06 4.5416286524281693e-28)
(5.1158485116669259e-07 -9.768688937550035e-07 3.9994002854608695e-28)
(5.2397679864174106e-07 -8.4521378550839818e-07 0)
(5.3464038195042389e-07 -7.14255530216272e-07 0)
(5.4355817923870785e-07 -5.8388512336525835e-07 -2.3910098429999395e-28)
(5.5071586736533583e-07 -4.539945268136506e-07 -3.7189330092243265e-28)
(5.5610211522647756e-07 -3.244764957587485e-07 -1.3294706648191502e-28)
(5.5970849916816858e-07 -1.95224404146002e-07 -2.6664641305914969e-42)
(5.6152943999527833e-07 -6.6132068985715966e-08 3.0236985013221219e-43)
(5.6156216117526352e-07 6.2906426183481171e-08 -2.8383437612005765e-43)
(5.5980666794385672e-07 1.9199690803291602e-07 -7.8387819623898633e-29)
(5.5626574728677785e-07 3.2124529042808882e-07 -1.3127584134282599e-28)
(5.5094498874624092e-07 4.5075775140532511e-07 -1.842737251670372e-28)
(5.4385282614563267e-07 5.8064090961476662e-07 -2.3742578891870093e-28)
(5.3500060050085335e-07 7.1100199991138575e-07 2.9077660990956537e-28)
(5.2440264457034166e-07 8.419490479912009e-07 3.4437109873939405e-28)
(5.1207638943611815e-07 9.7359104327686087e-07 0)
(4.9804249376349879e-07 1.1060381099809255e-06 0)
(4.8232499660238639e-07 1.239401675572907e-06 0)
(4.6495149450213215e-07 1.3737946360804752e-06 0)
(4.4595334404004793e-07 1.5093315173452646e-06 0)
(4.2536589082850127e-07 1.6461286314623985e-06 0)
(4.0322872635105135e-07 1.7843042273463096e-06 7.3023084356540849e-28)
(3.7958597400066861e-07 1.9239786338751333e-06 1.5749099324214911e-27)
(3.5448660578945987e-07 2.0652743946144288e-06 8.4535356435023413e-28)
(3.2798479147560335e-07 2.2083163920075376e-06 0)
(3.0014028174504213e-07 2.3532319591496455e-06 0)
(2.7101882746222337e-07 2.5001509770434606e-06 0)
(2.406926367495484e-07 2.6492059540729598e-06 0)
(2.0924087193856541e-07 2.8005320852552338e-06 1.1468212361642362e-27)
(1.7675018856469091e-07 2.9542672874553216e-06 2.4197929800334968e-27)
(1.4331531834892596e-07 3.1105522063977777e-06 1.2740332080932753e-27)
(1.090396983334622e-07 3.2695301909386157e-06 1.3392912089791358e-27)
(7.4036148052930979e-08 3.4313472294307889e-06 1.4057314294060721e-27)
(3.8427596633761349e-08 3.596151842112707e-06 0)
(2.3478614572654833e-09 3.7640949227210869e-06 0)
(-3.4057520217621907e-08 3.9353295220265735e-06 0)
(-7.0630405646169967e-08 4.1100105644192866e-06 0)
(-1.0719910680505965e-07 4.2882944882191304e-06 0)
(-1.4357739617564239e-07 4.4703387992616638e-06 0)
(-1.7956345916827861e-07 4.6563015260549136e-06 -1.9092370815248034e-27)
(-2.1493879572566124e-07 4.8463405632354925e-06 -1.9874368047052493e-27)
(-2.4946707415975052e-07 5.040612889371978e-06 0)
(-2.8289294209755585e-07 5.2392736436316182e-06 0)
(-3.1494080151062188e-07 5.4424750445338845e-06 0)
(-3.453135567564461e-07 5.6503651328629405e-06 0)
(-3.7369134744085775e-07 5.8630863192597417e-06 2.4061855572761388e-27)
(-3.9973028100325727e-07 6.0807737165979775e-06 2.4959154322834249e-27)
(-4.2306118338077226e-07 6.3035532357064415e-06 0)
(-4.4328839046461248e-07 6.531539423127495e-06 -2.6817955152303377e-27)
(-4.5998860776910254e-07 6.7648330189066108e-06 -2.7780356463371018e-27)
(-4.727098710846626e-07 7.0035182133084384e-06 2.8765249465112139e-27)
(-4.8097064675380888e-07 7.2476595823764352e-06 0)
(-4.8425911687110879e-07 7.4972986839558383e-06 -3.0803486848898643e-27)
(-4.8203270176164296e-07 7.7524502994175975e-06 0)
(-4.7371787954852251e-07 8.0130983103361014e-06 3.2933553898478806e-27)
(-4.5871037063168189e-07 8.2791912049169624e-06 3.4032744305508781e-27)
(-4.3637576347311791e-07 8.5506372164551534e-06 -7.805809790707303e-41)
(-4.0605066739395852e-07 8.8272991049162045e-06 3.6297465044527869e-27)
(-3.6704448815338132e-07 9.1089886057624893e-06 3.7461615628784012e-27)
(-3.186419316365971e-07 9.3954605878213081e-06 0)
(-2.6010634646279424e-07 9.6864069872110342e-06 0)
(-1.9068401119434859e-07 9.9814506172833283e-06 0)
(-1.0960944442546415e-07 1.0280138981664767e-05 0)
(-1.6111841670020013e-08 1.0581938161255857e-05 0)
(9.0577246534716941e-08 1.0886226977580801e-05 0)
(2.1121496224292402e-07 1.1192291664227238e-05 0)
(3.4653686241818343e-07 1.1499321172669588e-05 0)
(4.9724524885572616e-07 1.1806403397334356e-05 0)
(6.6399612598747095e-07 1.2112522643631368e-05 0)
(8.4738487014949527e-07 1.2416558677554854e-05 0)
(1.0479307716373136e-06 1.2717287697994963e-05 0)
(1.2660607113477669e-06 1.3013385573544051e-05 5.359019428599792e-27)
(1.5020922762277817e-06 1.3303433593369442e-05 5.4785161357939406e-27)
(1.7562166707091802e-06 1.3585927023114095e-05 0)
(2.0284818818327596e-06 1.3859286711696764e-05 0)
(2.3187766090302343e-06 1.4121873837303824e-05 0)
(2.626815713245768e-06 1.4372007111974735e-05 0)
(2.9521294837716046e-06 1.4607975611825733e-05 0)
(3.2940566206059904e-06 1.482798779335019e-05 6.103954359566411e-27)
(3.6516919328253939e-06 1.5029564006486481e-05 6.1858719656946302e-27)
(4.0236600562607939e-06 1.5204548271335839e-05 0)
(4.4080741196004778e-06 1.5302552052986207e-05 0)
(4.8022698221754559e-06 1.499118149013832e-05 6.1243609367840046e-27)
(5.1786643757289507e-06 1.2298191525477786e-05 9.7135439432780035e-27)
(5.3629840193920161e-06 -2.5785219515323213e-06 -1.8829617575736978e-27)
(4.8966272196287538e-06 -6.6486563294378156e-05 0)
(3.3449916005891777e-06 -0.00025747553206052786 0)
(1.0805332907910745e-06 -0.00048447612031802297 0)
(1.0868006562401954e-06 0.00048500814283281815 -3.3387477918463043e-25)
(3.3747164219720298e-06 0.00025807947947536673 -1.2728293654993841e-25)
(4.9492638110235572e-06 6.6980780678475111e-05 0)
(5.4397627018656644e-06 3.0030424247006229e-06 0)
(5.2792229681004646e-06 -1.1902757484595314e-05 0)
(4.9255105590043406e-06 -1.460991920919472e-05 0)
(4.5528764456677407e-06 -1.4932702893165454e-05 0)
(4.1888106182621955e-06 -1.4846684890024736e-05 -6.1072667226765658e-27)
(3.8358497456103407e-06 -1.4684831564583028e-05 -1.2085326212492688e-26)
(3.4957791797604476e-06 -1.4497482077732798e-05 -5.9665273720409066e-27)
(3.1699015847593309e-06 -1.4292626596855096e-05 0)
(2.8590758991775663e-06 -1.4072560358412746e-05 -5.7928488513646357e-27)
(2.563942541878813e-06 -1.3838890909911103e-05 -5.6970537710934682e-27)
(2.2849739629238931e-06 -1.3593151329128243e-05 0)
(2.0224792840672848e-06 -1.3336854502874044e-05 0)
(1.7766123273819422e-06 -1.3071482718843312e-05 -5.3815960157254193e-27)
(1.5473832956139723e-06 -1.2798472225107753e-05 -1.053830353147626e-26)
(1.3346719317465101e-06 -1.2519199643264406e-05 -5.1540454199994222e-27)
(1.1382415139295008e-06 -1.223497097336247e-05 -5.036826353736005e-27)
(9.5775326297489197e-07 -1.194701317242346e-05 -9.8360221331245009e-27)
(7.9278076321113911e-07 -1.1656468148932074e-05 -4.7980805336652781e-27)
(6.4282406040776954e-07 -1.136438896335031e-05 -4.6774784825738061e-27)
(5.0732315847412493e-07 -1.1071738012691776e-05 -4.5566105469084196e-27)
(3.8567068954876792e-07 -1.0779386937648622e-05 0)
(2.7722359768728784e-07 -1.0488117975262599e-05 0)
(1.8131374480939499e-07 -1.019862649440651e-05 0)
(9.725739604813703e-08 -9.9115244600651598e-06 0)
(2.4363581710342431e-08 -9.6273445986172036e-06 0)
(-3.8058639271669616e-08 -9.3465450773776261e-06 0)
(-9.0693973000403068e-08 -9.0695145209980211e-06 0)
(-1.3421567722197656e-07 -8.7965772112501494e-06 0)
(-1.6928126611754173e-07 -8.5279983482304148e-06 0)
(-1.9652905416127982e-07 -8.2639892687505648e-06 0)
(-2.1657545444631698e-07 -8.0047125372929606e-06 0)
(-2.3001294530725694e-07 -7.7502868439652575e-06 -3.184557516731874e-27)
(-2.3740862094790989e-07 -7.5007916637132129e-06 -6.7840278780439957e-41)
(-2.3930324646761862e-07 -7.2562716435515845e-06 2.9806649708629012e-27)
(-2.3621074330808776e-07 -7.0167406985007465e-06 6.6951296161629924e-57)
(-2.2861803723274678e-07 -6.7821858054350828e-06 -2.7850848378605434e-27)
(-2.1698520775444866e-07 -6.5525704925838393e-06 -2.6903931392886122e-27)
(-2.017458840537577e-07 -6.3278380280165714e-06 0)
(-1.8330783895259534e-07 -6.1079143156328149e-06 0)
(-1.6205373839703569e-07 -5.8927105103177836e-06 2.4184092953406699e-27)
(-1.3834200948828912e-07 -5.6821253668835224e-06 2.331655584366728e-27)
(-1.1250779541121691e-07 -5.4760473383807406e-06 0)
(-8.4863970324516727e-08 -5.2743564414502147e-06 0)
(-5.5702191521501625e-08 -5.0769259054730754e-06 2.0824691764733672e-27)
(-2.5293969951150907e-08 -4.8836236232562384e-06 0)
(6.1082563822555066e-09 -4.6943134203325622e-06 -1.9250397952835772e-27)
(3.8270058815530875e-08 -4.5088561589763585e-06 0)
(7.0973974228075131e-08 -4.3271106928779868e-06 -1.7740335889981267e-27)
(1.0401848895003376e-07 -4.1489346871017985e-06 -1.7007914101772961e-27)
(1.3721705650990046e-07 -3.9741853170832455e-06 0)
(1.7039715363745522e-07 -3.8027198593666231e-06 1.5585305872210197e-27)
(2.0339937759069473e-07 -3.6343961857809169e-06 1.4893928963400902e-27)
(2.3607658707510349e-07 -3.4690731720729736e-06 -1.421504932330215e-27)
(2.6829308803482593e-07 -3.3066110306390824e-06 -2.7096166259193972e-27)
(2.9992386463400082e-07 -3.1468715762208123e-06 -1.2892453410244018e-27)
(3.3085385538467714e-07 -2.9897184325564794e-06 0)
(3.6097727385602828e-07 -2.8350171873305899e-06 0)
(3.9019697306340806e-07 -2.6826355016517494e-06 0)
(4.1842385245124559e-07 -2.5324431801521081e-06 -1.0372041870039437e-27)
(4.4557630610483752e-07 -2.3843122064674027e-06 -1.9529456908737362e-27)
(4.7157971066990835e-07 -2.2381167489494562e-06 -2.7496403731401662e-27)
(4.9636595140623538e-07 -2.0937331405420853e-06 0)
(5.1987298488098767e-07 -1.9510398362787282e-06 7.989052909241914e-28)
(5.4204443666555561e-07 -1.8099173516813603e-06 -7.4108943508189779e-28)
(5.6282923242818329e-07 -1.6702481846781606e-06 -6.8387798637679518e-28)
(5.8218126095843187e-07 -1.5319167235072377e-06 -6.2271527644672978e-41)
(6.0005906767959872e-07 -1.394809142646927e-06 1.1421530525034332e-27)
(6.1642557719713047e-07 -1.2588132886754339e-06 5.1539245901483022e-28)
(6.3124784360089809e-07 -1.1238185575520472e-06 4.6012458682148668e-28)
(6.444968273905408e-07 -9.8971576468415596e-07 8.2459429652869242e-41)
(6.5614719785328887e-07 -8.5639700905636742e-07 -7.0131255080228307e-28)
(6.6617715993550439e-07 -7.2375553232158306e-07 -2.9636655317770785e-28)
(6.7456830470905983e-07 -5.9168557386468359e-07 2.4231433930633646e-28)
(6.8130548262417786e-07 -4.6008222259115513e-07 4.1061437432018975e-41)
(6.8637669890324827e-07 -3.2884126599427502e-07 -1.3474824091321888e-28)
(6.8977303053378105e-07 -1.9785903719006898e-07 1.6229585905050739e-28)
(6.9148856441727711e-07 -6.7032260387432808e-08 5.5224286627774609e-29)
(6.9152035628269577e-07 6.3742104672080789e-08 5.1803905270534153e-29)
(6.8986841014741944e-07 1.9456701890720877e-07 1.5887432001971579e-28)
(6.8653567829574425e-07 3.2554552008690971e-07 -1.330363128742811e-28)
(6.8152808173266938e-07 4.5678087918425074e-07 0)
(6.7485455116900306e-07 5.8837675589326264e-07 4.8119669818652882e-28)
(6.6652708880958869e-07 7.2043735307160625e-07 5.8929530852967276e-28)
(6.5656085129758212e-07 8.5306756972188216e-07 -1.6712804537209008e-41)
(6.4497425423667557e-07 9.8637315185851565e-07 0)
(6.317890988158781e-07 1.1204608406663675e-06 4.5839340570668807e-28)
(6.1703072126154803e-07 1.25543851747329e-06 5.1365598094416514e-28)
(6.0072816589168367e-07 1.3914153445743818e-06 1.1386682777205849e-27)
(5.8291438264093653e-07 1.5285019010124358e-06 6.2547389329901616e-28)
(5.6362645000917867e-07 1.6668103124909812e-06 0)
(5.4290582465367912e-07 1.8064543740091861e-06 0)
(5.2079861871873818e-07 1.9475496638899087e-06 1.5942659367151269e-27)
(4.973559061832429e-07 2.0902136478016942e-06 1.7111861044253854e-27)
(4.7263405971701437e-07 2.2345657707740563e-06 0)
(4.4669511939473649e-07 2.3807275351236558e-06 0)
(4.1960719486034367e-07 2.5288225620392106e-06 0)
(3.9144490249065189e-07 2.6789766339508457e-06 0)
(3.6228983907709037e-07 2.8313177143631743e-06 0)
(3.3223109370243045e-07 2.985975942219684e-06 -1.2229081794184041e-27)
(3.0136579927734602e-07 3.143083596198286e-06 -1.2873801984211454e-27)
(2.6979972530693986e-07 3.3027750244551595e-06 1.3529281155326953e-27)
(2.3764791322643638e-07 3.4651865349788177e-06 1.4196088267973178e-27)
(2.0503535533828376e-07 3.6304562405349774e-06 1.4874799963136698e-27)
(1.720977183484433e-07 3.7987238517897582e-06 1.5565999698817783e-27)
(1.3898211197663245e-07 3.9701304114616692e-06 0)
(1.0584790270183204e-07 4.1448179613567033e-06 0)
(7.2867572389989292e-08 4.3229291336865332e-06 0)
(4.022762037655557e-08 4.5046066566166227e-06 0)
(8.1295068632414144e-09 4.6899927633025704e-06 -1.9230052001057254e-27)
(-2.3209365475269585e-08 4.8792284928454255e-06 0)
(-5.3554636217048151e-08 5.0724528701296279e-06 2.0803847846235935e-27)
(-8.2653944205868475e-08 5.2698019509871699e-06 0)
(-1.1023586488535154e-07 5.4714077181120981e-06 0)
(-1.3600883796753358e-07 5.6773968117198912e-06 2.3294859378965243e-27)
(-1.5966009811396407e-07 5.8878890788541543e-06 4.8324161093034556e-27)
(-1.8085462407670135e-07 6.1029959243143474e-06 2.5048548240590855e-27)
(-1.9923412527009567e-07 6.3228184455752376e-06 0)
(-2.1441608845762303e-07 6.5474453347624293e-06 -5.3761721231942728e-27)
(-2.2599291141558321e-07 6.7769505304077799e-06 -5.5654767439964712e-27)
(-2.3353115530861667e-07 7.0113906030425984e-06 2.8794489264937681e-27)
(-2.3657095258593405e-07 7.250801860505082e-06 2.9782327062878276e-27)
(-2.3462561283808404e-07 7.4951971608402479e-06 0)
(-2.2718147500890566e-07 7.7445624247360246e-06 0)
(-2.1369806064237594e-07 7.9988528437113187e-06 -3.2870161693581508e-27)
(-1.9360858926615455e-07 8.2579887862740577e-06 -6.7880447607259784e-27)
(-1.6632092370142543e-07 8.5218514121147391e-06 -7.0059945879915474e-27)
(-1.3121901996392558e-07 8.7902780134309789e-06 -3.613872037260755e-27)
(-8.7664962507174297e-08 9.063057115540236e-06 0)
(-3.5001670616361105e-08 9.3399233841777002e-06 0)
(2.7443636612933205e-08 9.6205524065352429e-06 0)
(1.0035513371624122e-07 9.904555436083324e-06 0)
(1.8442316806912176e-07 1.0191474207994227e-05 4.1927693007257522e-27)
(2.8033805055829006e-07 1.0480775934945846e-05 4.3122907999623774e-27)
(3.8878279006139657e-07 1.0771848642143952e-05 0)
(5.1042473652026835e-07 1.1063997023691945e-05 0)
(6.4590610738500554e-07 1.1356438990502111e-05 0)
(7.9583339226321154e-07 1.1648303141101328e-05 0)
(9.6076567664741627e-07 1.1938627414225154e-05 0)
(1.1412019778696208e-06 1.2226359189648244e-05 0)
(1.3375677555887816e-06 1.2510357114243952e-05 0)
(1.5502008246876222e-06 1.2789394914216982e-05 5.2650155391003815e-27)
(1.7793369494735502e-06 1.3062167413576513e-05 5.3773194439358188e-27)
(2.0250954553917142e-06 1.3327298965653669e-05 0)
(2.2874652572191746e-06 1.3583354456321865e-05 0)
(2.566291725603377e-06 1.3828852894658304e-05 0)
(2.8612650346010305e-06 1.4062282856861145e-05 0)
(3.1719121585989115e-06 1.4282112921903302e-05 0)
(3.4975922700744045e-06 1.448673765961986e-05 1.1922669152879925e-26)
(3.8374463777556659e-06 1.4673866518352573e-05 1.2074632105201583e-26)
(4.19017241071151e-06 1.4835531497595638e-05 6.1017790344045424e-27)
(4.5539848901564224e-06 1.4921526791463382e-05 6.129585468708924e-27)
(4.926349257338986e-06 1.459963440486486e-05 0)
(5.2798320767154359e-06 1.189779849168486e-05 0)
(5.4403053727853857e-06 -2.9856794084291415e-06 0)
(4.9494866535548747e-06 -6.6896187488970859e-05 0)
(3.3742238382166131e-06 -0.00025786888310651361 0)
(1.0871224451567578e-06 -0.00048475408272889042 0)
(1.0929069038657698e-06 0.00048527043613343465 -3.3402912961097076e-25)
(3.4018009386131261e-06 0.00025845065369936988 -1.2744582434669674e-25)
(4.998224899117345e-06 6.7367279785131106e-05 0)
(5.5113881447147701e-06 3.3873376795047395e-06 0)
(5.3729884039598438e-06 -1.1524566949925965e-05 0)
(5.0405906033398758e-06 -1.4239684951652334e-05 0)
(4.6883196666376494e-06 -1.4571929369251992e-05 0)
(4.3435353267556538e-06 -1.4496721725095413e-05 -5.9612600281769257e-27)
(4.0086576963553999e-06 -1.4346879845007391e-05 -1.1803150225108153e-26)
(3.6853789059038294e-06 -1.4172585803522504e-05 -5.8308052470719331e-27)
(3.374932155812377e-06 -1.3981666905218186e-05 0)
(3.078130034488789e-06 -1.3776253580108354e-05 0)
(2.7955887672505612e-06 -1.3557790163875248e-05 0)
(2.5277773154479743e-06 -1.3327651241999819e-05 0)
(2.275020139699167e-06 -1.3087198584371778e-05 0)
(2.0375030562030749e-06 -1.2837772891383019e-05 -5.2836487174586861e-27)
(1.815282568950806e-06 -1.2580679997867269e-05 -1.0355658890341633e-26)
(1.6082966115737335e-06 -1.2317178435362576e-05 -5.0692927456251769e-27)
(1.4163761475228235e-06 -1.2048469126594986e-05 -4.9585432561966068e-27)
(1.2392572812173407e-06 -1.177568724387031e-05 -9.6921166502319836e-27)
(1.07659353590764e-06 -1.1499896134865166e-05 -4.7322853554189932e-27)
(9.2796799632974823e-07 -1.122208316512967e-05 0)
(7.9290506354342575e-07 -1.0943157302127646e-05 0)
(6.7088161965592721e-07 -1.0663948237271527e-05 0)
(5.6133744784595237e-07 -1.0385206829497012e-05 0)
(4.6368480552951136e-07 -1.0107606650895488e-05 0)
(3.7731709529376229e-07 -9.8317464322085024e-06 0)
(3.016166084439881e-07 -9.5581532130321515e-06 0)
(2.3596134269019961e-07 -9.287286026074571e-06 0)
(1.7973091750250841e-07 -9.0195399601103065e-06 0)
(1.323116284209195e-07 -8.7552504660556665e-06 0)
(9.3100693640605597e-08 -8.4946977900346047e-06 0)
(6.1509753606155283e-08 -8.238111436522441e-06 -3.3854966227117746e-27)
(3.6967690006052822e-08 -7.9856745803867851e-06 -3.2812967460855515e-27)
(1.8922833326389819e-08 -7.7375283634850921e-06 -3.1788848136274296e-27)
(6.8446279752693709e-09 -7.4937760270311171e-06 0)
(2.2482185592610784e-10 -7.2544868432417004e-06 0)
(-1.4217561167417198e-09 -7.0196998216277293e-06 -2.8827428802321488e-27)
(1.4432285492608456e-09 -6.7894271737640999e-06 -2.7877835744202195e-27)
(8.3817417879680051e-09 -6.5636575285342724e-06 -2.6947024011274169e-27)
(1.8979257469483661e-08 -6.3423588957655883e-06 0)
(3.2844428792584972e-08 -6.1254813808950206e-06 0)
(4.9608593878603834e-08 -5.912959657132844e-06 2.4265582327086631e-27)
(6.8925150143183778e-08 -5.7047152048299647e-06 2.3407865939815131e-27)
(9.0468827655913855e-08 -5.5006583289642328e-06 0)
(1.1393488749590889e-07 -5.3006899680612311e-06 0)
(1.3903826729097749e-07 -5.1047033076748496e-06 2.0937809966129789e-27)
(1.6551269289838096e-07 -4.9125852126113023e-06 0)
(1.9310977196571272e-07 -4.7242174921378978e-06 -1.9372502117151633e-27)
(2.2159808248544258e-07 -4.539478011461153e-06 0)
(2.5076226710172063e-07 -4.3582416632764056e-06 0)
(2.8040214181162923e-07 -4.1803812119522611e-06 0)
(3.1033182596748649e-07 -4.0057680224718745e-06 0)
(3.4037889900626885e-07 -3.8342726853522808e-06 1.5714598239038331e-27)
(3.7038358791355484e-07 -3.6657655483805423e-06 1.50225235969998e-27)
(4.00197988228101e-07 -3.5001171645005509e-06 0)
(4.2968532092592178e-07 -3.3371986651698993e-06 -1.3673558241895122e-27)
(4.5871922650053042e-07 -3.1768820673837189e-06 -1.3015594923689733e-27)
(4.871830967708443e-07 -3.019040521760922e-06 0)
(5.1496944455304862e-07 -2.8635485083426553e-06 0)
(5.4197931108626128e-07 -2.7102819865349642e-06 0)
(5.6812171070290679e-07 -2.5591185043492139e-06 -1.0481588102740081e-27)
(5.9331311186818433e-07 -2.4099372722356866e-06 -9.8699781066954013e-28)
(6.1747695375348086e-07 -2.2626192056848933e-06 -9.2661211549169946e-28)
(6.4054319717643733e-07 -2.1170469407118383e-06 1.2375059084223682e-40)
(6.6244790879428454e-07 -1.9731048255996648e-06 8.2300579461388882e-41)
(6.8313287737775807e-07 -1.8306788921188876e-06 -7.4962131517783747e-28)
(7.0254526092185339e-07 -1.6896568088668613e-06 0)
(7.2063726341036724e-07 -1.5499278193430828e-06 6.3462623086082644e-28)
(7.373658399978012e-07 -1.4113826667033787e-06 1.1557798566032622e-27)
(7.5269242955563029e-07 -1.2739135072192898e-06 5.2160106857653656e-28)
(7.6658271347279671e-07 -1.1374138139967464e-06 4.6571531930884647e-28)
(7.7900639969106909e-07 -1.0017782725180397e-06 -8.12368008433041e-41)
(7.8993703106702934e-07 -8.6690266913858323e-07 -7.0995666911801359e-28)
(7.9935181719493886e-07 -7.3268377380553775e-07 -3.0004080215931847e-28)
(8.0723148899264634e-07 -5.9901921786791405e-07 2.4533368510283682e-28)
(8.1356017526274241e-07 -4.6580736802254298e-07 0)
(8.18325300696095e-07 -3.3294719684878156e-07 -1.3644188264173459e-28)
(8.2151750490433649e-07 -2.0033815101940928e-07 8.2173373046234489e-29)
(8.2313058202915274e-07 -6.7880017365761617e-08 2.796751829005571e-29)
(8.231614405779561e-07 6.452721214086966e-08 2.621726401588402e-29)
(8.216100833767638e-07 1.969834763789399e-07 8.0422527457393531e-29)
(8.1847960756858496e-07 3.2958878098516014e-07 -1.3468985368079871e-28)
(8.1377622455823271e-07 4.6244333444861827e-07 -8.0917899335975667e-41)
(8.0750930004960284e-07 5.9564768317031464e-07 4.8715501336751824e-28)
(7.9969141437464853e-07 7.2930284522321541e-07 2.9828165257777727e-28)
(7.9033844339083422e-07 8.635104422095524e-07 -3.5321561146928596e-28)
(7.794696603854495e-07 9.9837282869700981e-07 8.1230020629135884e-41)
(7.6710785939290222e-07 1.1339932181650099e-06 4.6394362354732505e-28)
(7.5327950052949683e-07 1.270475805240242e-06 5.1982396199570296e-28)
(7.3801487808105887e-07 1.4079258829321758e-06 1.152213570785798e-27)
(7.2134831202493231e-07 1.546449954006569e-06 6.3283641801500961e-28)
(7.0331836387372562e-07 1.6861558354991574e-06 0)
(6.839680777635071e-07 1.8271527548376889e-06 -7.4781622401988369e-28)
(6.6334524779321648e-07 1.9695514363697961e-06 -8.2287356858868216e-41)
(6.4150271267559836e-07 2.1134641764519482e-06 8.6512978115206669e-28)
(6.1849867882929392e-07 2.2590049054193722e-06 0)
(5.9439707312061818e-07 2.4062892340776486e-06 0)
(5.6926792639050115e-07 2.5554344823695322e-06 0)
(5.4318778911947168e-07 2.7065596877171049e-06 0)
(5.162401802652095e-07 2.8597855891104542e-06 0)
(4.8851607043597053e-07 3.015234584617097e-06 -1.2348997022314652e-27)
(4.6011440058982799e-07 3.1730306574253775e-06 -1.2996509756625407e-27)
(4.3114263711792876e-07 3.3332992663851798e-06 1.3654319372568564e-27)
(4.0171736413711282e-07 3.4961671960215058e-06 1.4322955079194831e-27)
(3.7196491345291792e-07 3.6617623605390595e-06 1.5002950928948571e-27)
(3.4202203242152716e-07 3.8302135556531881e-06 1.5694844780361001e-27)
(3.1203658946733073e-07 4.0016501514173698e-06 0)
(2.8216831671418628e-07 4.1762017186658437e-06 0)
(2.5258958852082177e-07 4.3539975811598704e-06 0)
(2.2348623349024487e-07 4.5351662836041064e-06 0)
(1.9505837712053548e-07 4.7198349665614296e-06 0)
(1.6752131113635007e-07 4.908128637572934e-06 2.0126278354650752e-27)
(1.4110638401037751e-07 5.1001693268266684e-06 2.0916489684697301e-27)
(1.1606190592042774e-07 5.2960751154893356e-06 0)
(9.2654059262469973e-08 5.4959590243605396e-06 0)
(7.1167804058486933e-08 5.6999277486149685e-06 2.3385679524969186e-27)
(5.1907765212244631e-08 5.9080802257871231e-06 2.4243075526493261e-27)
(3.519908572460393e-08 6.1205060224614789e-06 0)
(2.1388227067072392e-08 6.3372835256989027e-06 0)
(1.084369436664675e-08 6.5584779259892754e-06 -2.6923446644456748e-27)
(3.9566605145354556e-09 6.7841389787360112e-06 -2.7853861103393853e-27)
(1.1414590195254007e-09 7.0142985328007249e-06 0)
(2.8359110399178383e-09 7.2489678171376691e-06 2.977101163044852e-27)
(9.5014473609221487e-09 7.488134478496802e-06 3.0757737977683877e-27)
(2.1622981093957942e-08 7.7317593678510546e-06 0)
(3.9708481962080534e-08 7.9797730773573614e-06 -3.278664179771103e-27)
(6.4288197712818274e-08 8.2320722358410661e-06 -6.7656173651783379e-27)
(9.5913463601411847e-08 8.4885155785412681e-06 -3.4886783937609995e-27)
(1.3515503598284117e-07 8.7489198158322706e-06 0)
(1.8260088249041215e-07 9.0130553369639251e-06 0)
(2.3885335919041222e-07 9.2806417989512383e-06 0)
(3.0452570527569331e-07 9.5513436656281044e-06 0)
(3.8023779008353762e-07 9.824765780510048e-06 0)
(4.666110542167718e-07 1.010044907090843e-05 4.1543159856958509e-27)
(5.6426259220246404e-07 1.0377866495601584e-05 4.2688686151906529e-27)
(6.7379833496624532e-07 1.0656419372729448e-05 0)
(7.9580531029070347e-07 1.093543424359914e-05 0)
(9.3084297945168519e-07 1.1214160437565569e-05 0)
(1.0794336721845684e-06 1.1491768534488191e-05 0)
(1.242052174127987e-06 1.1767349927854889e-05 0)
(1.4191145696916461e-06 1.2039917710310155e-05 0)
(1.6109664957843557e-06 1.2308409098400456e-05 0)
(1.8178710104006325e-06 1.2571689599068087e-05 0)
(2.0399963288074733e-06 1.2828559093352899e-05 0)
(2.2774037293242132e-06 1.3077759984451175e-05 0)
(2.5300359731614456e-06 1.3317987508619088e-05 0)
(2.7977065846193319e-06 1.3547902174408731e-05 0)
(3.0800905420032473e-06 1.3766143560498441e-05 0)
(3.37671844040695e-06 1.3971338596405377e-05 0)
(3.6869737568146925e-06 1.4162044895955722e-05 5.8256847706644464e-27)
(4.0100439249295935e-06 1.4336136535389023e-05 5.8963136220455831e-27)
(4.3446963663174932e-06 1.448580827377221e-05 5.9558714512679311e-27)
(4.689238791952678e-06 1.4561011803296811e-05 5.9792857100546821e-27)
(5.0412526759419242e-06 1.4229680437258303e-05 0)
(5.3734327508494255e-06 1.1519923938562749e-05 0)
(5.5117800798709275e-06 -3.3695817637836502e-06 0)
(4.9983425848301333e-06 -6.7282148559837511e-05 0)
(3.4012532077735869e-06 -0.00025823938081979367 0)
(1.093212724854113e-06 -0.00048501584966039184 0)
(1.0985584335196156e-06 0.00048551771367351772 0)
(3.4268814171028484e-06 0.00025880064028493076 0)
(5.0435935413025335e-06 6.7731845030470097e-05 0)
(5.5777958316881651e-06 3.7500476736000256e-06 0)
(5.4599692355275217e-06 -1.1167318362508104e-05 0)
(5.1474208469493415e-06 -1.3889580775443647e-05 0)
(4.8141655472130907e-06 -1.4230333940665357e-05 0)
(4.4874453752005329e-06 -1.4164864399768145e-05 0)
(4.1695746727112259e-06 -1.402586202844123e-05 5.7675976884152089e-27)
(3.862159819147106e-06 -1.3863373185311569e-05 5.7016762749438579e-27)
(3.566368484412297e-06 -1.3685083823601797e-05 0)
(3.2829675039291677e-06 -1.3492980590932486e-05 0)
(3.0125464620613859e-06 -1.3288364604508474e-05 0)
(2.7555657055594965e-06 -1.3072470479215238e-05 0)
(2.5123576507263364e-06 -1.2846525584725197e-05 0)
(2.2831309151723803e-06 -1.2611743718423751e-05 0)
(2.0679777514539036e-06 -1.2369312826170575e-05 0)
(1.8668828026835257e-06 -1.2120383676946114e-05 0)
(1.6797327050935778e-06 -1.1866060287388337e-05 0)
(1.5063262543936741e-06 -1.1607392161906087e-05 0)
(1.3463848416542323e-06 -1.1345368295291637e-05 0)
(1.1995628928695888e-06 -1.1080912832012023e-05 0)
(1.0654580860981951e-06 -1.0814882249449527e-05 0)
(9.4362116193364625e-07 -1.0548063907430698e-05 0)
(8.3356518385656076e-07 -1.0281175795304847e-05 0)
(7.3477414193517715e-07 -1.0014867298134008e-05 0)
(6.4671083376135906e-07 -9.7497208120736043e-06 4.008933446191051e-27)
(5.6882398773852002e-07 -9.4862540501465614e-06 3.9001739487638973e-27)
(5.0055461356303606e-07 -9.2249228859786046e-06 0)
(4.4134158692253216e-07 -8.966124599818136e-06 0)
(3.9062649278212807e-07 -8.7102014062170415e-06 0)
(3.4785776333659044e-07 -8.4574441572280836e-06 3.4755136737725162e-27)
(3.1249415543309181e-07 -8.2080961312671464e-06 6.4040428585806845e-41)
(2.8400761856180503e-07 -7.9623568309904954e-06 -3.2712146976153837e-27)
(2.6188560803698895e-07 -7.7203857281082158e-06 0)
(2.4563289928967345e-07 -7.4823059057000974e-06 0)
(2.3477295891541097e-07 -7.2482075596550431e-06 0)
(2.2884892617243458e-07 -7.0181513315857959e-06 0)
(2.2742425586736866e-07 -6.7921714532048105e-06 0)
(2.3008307024110404e-07 -6.5702786897965198e-06 0)
(2.3643026360845781e-07 -6.3524630764628375e-06 0)
(2.4609139971948704e-07 -6.1386964452901578e-06 0)
(2.5871243771006271e-07 -5.9289347453694913e-06 0)
(2.7395931871327402e-07 -5.7231201613578715e-06 0)
(2.9151744137479338e-07 -5.5211830375346209e-06 0)
(3.110910510112051e-07 -5.3230436167923709e-06 0)
(3.3240256397209235e-07 -5.1286136045700397e-06 0)
(3.5519184560952402e-07 -4.9377975687137998e-06 0)
(3.7921545757387918e-07 -4.7504941868074981e-06 0)
(4.0424588771981431e-07 -4.5665973518492351e-06 0)
(4.3007077375213422e-07 -4.385997147937662e-06 0)
(4.5649212977419545e-07 -4.2085807065858943e-06 0)
(4.8332558314630254e-07 -4.0342329543390776e-06 0)
(5.1039962775034121e-07 -3.8628372613376494e-06 0)
(5.3755489846411479e-07 -3.6942760006507675e-06 0)
(5.6464347032782038e-07 -3.5284310266648117e-06 0)
(5.9152818520076082e-07 -3.3651840808016331e-06 0)
(6.1808200810743154e-07 -3.2044171324233061e-06 0)
(6.4418741449355021e-07 -3.0460126613329443e-06 0)
(6.6973580913374428e-07 -2.8898538885546622e-06 0)
(6.9462697710251154e-07 -2.7358249609936214e-06 0)
(7.1876856678812192e-07 -2.5838110950260902e-06 0)
(7.4207560479608802e-07 -2.433698684134422e-06 0)
(7.6447004220542477e-07 -2.2853753745066688e-06 0)
(7.8588033150414118e-07 -2.1387301125661961e-06 0)
(8.0624103351592447e-07 -1.9936531678534316e-06 0)
(8.2549245346094201e-07 -1.8500361342846283e-06 0)
(8.4358030525653842e-07 -1.7077719125036303e-06 0)
(8.6045540315474971e-07 -1.5667546759803746e-06 0)
(8.7607337981640959e-07 -1.4268798225934511e-06 0)
(8.9039442990132839e-07 -1.2880439141600524e-06 0)
(9.0338307830830912e-07 -1.1501446050635092e-06 0)
(9.1500797228263651e-07 -1.0130805619929214e-06 0)
(9.2524169662792999e-07 -8.7675137567637097e-07 0)
(9.3406061126262048e-07 -7.4105746627361204e-07 0)
(9.414447105284884e-07 -6.0589998304053565e-07 0)
(9.4737750366824933e-07 -4.7118069960681399e-07 0)
(9.5184591596642303e-07 -3.3680190537601696e-07 0)
(9.5484021014255195e-07 -2.0266629417536253e-07 0)
(9.5635392773852052e-07 -6.8676850443635794e-08 0)
(9.5638385013183023e-07 6.5263265918854064e-08 0)
(9.5492997900675696e-07 1.9925083572015011e-07 0)
(9.5199553636637484e-07 3.3338269674170098e-07 0)
(9.4758698391787237e-07 4.6775586004145026e-07 0)
(9.4171406194891375e-07 6.024676251196121e-07 0)
(9.3438984789535747e-07 7.3761569356746348e-07 0)
(9.2563083481705552e-07 8.7329828047837708e-07 0)
(9.1545703019701938e-07 1.0096142230419468e-06 0)
(9.0389207536200694e-07 1.1466630851827798e-06 0)
(8.9096338603523168e-07 1.2845452578439911e-06 0)
(8.7670231469598742e-07 1.4233620536744052e-06 0)
(8.6114433526850764e-07 1.5632157950977012e-06 0)
(8.4432925089933461e-07 1.7042098946912662e-06 0)
(8.2630142555871544e-07 1.8464489263015205e-06 0)
(8.0711004033551215e-07 1.990038685686239e-06 0)
(7.8680937523381418e-07 2.1350862386167124e-06 0)
(7.6545911735223563e-07 2.2816999549053649e-06 0)
(7.431246964312134e-07 2.4299895259166015e-06 0)
(7.1987764860371247e-07 2.5800659631788607e-06 0)
(6.957960092878309e-07 2.7320415755522659e-06 0)
(6.7096473604368106e-07 2.8860299214710265e-06 1.1818696687080647e-27)
(6.454761620677308e-07 3.0421457332538598e-06 1.2459136553490157e-27)
(6.194304810626405e-07 3.2005048095030983e-06 0)
(5.929362639085699e-07 3.361223871271441e-06 0)
(5.6611100738389013e-07 3.5244203774118954e-06 0)
(5.3908171497346342e-07 3.6902122936588716e-06 0)
(5.1198550923501266e-07 3.8587178099692942e-06 0)
(4.8497027506062392e-07 4.0300549996029423e-06 0)
(4.5819533255641734e-07 4.2043414132782155e-06 0)
(4.3183213738834411e-07 4.3816936007162659e-06 0)
(4.0606500583925424e-07 4.5622265512991623e-06 0)
(3.8109186091493127e-07 4.7460530452387201e-06 0)
(3.5712499482220998e-07 4.9332829061947594e-06 0)
(3.3439184171764409e-07 5.1240221448023056e-06 0)
(3.1313575334917304e-07 5.3183719830314388e-06 0)
(2.9361676826439359e-07 5.5164277486476902e-06 0)
(2.7611236351984365e-07 5.7182776279849242e-06 0)
(2.6091817578485298e-07 5.9240012663247369e-06 0)
(2.4834867584055112e-07 6.133668204340562e-06 0)
(2.3873777825086868e-07 6.3473361393510521e-06 0)
(2.3243936457021851e-07 6.5650490020405554e-06 0)
(2.2982769539691762e-07 6.7868348386179617e-06 0)
(2.3129768310011418e-07 7.0127034915887538e-06 0)
(2.3726499309715214e-07 7.2426440738774118e-06 0)
(2.4816593787282913e-07 7.4766222338853563e-06 0)
(2.6445712383041349e-07 7.7145772134981452e-06 0)
(2.8661480729134203e-07 7.9564187052833013e-06 0)
(3.1513391185427046e-07 8.2020235214272295e-06 0)
(3.5052665620947146e-07 8.4512320935808019e-06 0)
(3.9332073839309842e-07 8.7038448323586282e-06 3.5769770657210773e-27)
(4.4405702049605644e-07 8.9596183837732276e-06 3.6825475036989861e-27)
(5.0328665787822208e-07 9.2182618336003493e-06 0)
(5.7156761800152362e-07 9.4794329218949053e-06 0)
(6.4946053881576672e-07 9.742734345121403e-06 0)
(7.3752388296591736e-07 1.0007710236422698e-05 0)
(8.3630835213913337e-07 1.0273842928395352e-05 0)
(9.4635053772096331e-07 1.0540550119001096e-05 0)
(1.0681658010026562e-06 1.0807182576353923e-05 0)
(1.2022403979385519e-06 1.1073022531804505e-05 0)
(1.3490228822108751e-06 1.1337282921849843e-05 0)
(1.5089148521249947e-06 1.1599107647644151e-05 0)
(1.6822611480052172e-06 1.1857573032374744e-05 0)
(1.8693396439650551e-06 1.2111690645104154e-05 0)
(2.070350819399978e-06 1.2360411648036967e-05 0)
(2.2854073360321463e-06 1.2602632800996894e-05 0)
(2.5145238865827517e-06 1.2837204225004599e-05 0)
(2.7576076095604805e-06 1.3062938981201796e-05 0)
(3.0144493525429555e-06 1.3278624396237123e-05 0)
(3.284716257814219e-06 1.3483034342258596e-05 0)
(3.567947645608988e-06 1.3674935592007369e-05 0)
(3.8635537313236612e-06 1.3853028833769449e-05 0)
(4.1707677841816699e-06 1.4015331787596365e-05 0)
(4.4884228287153205e-06 1.4154180526588589e-05 0)
(4.814912420253506e-06 1.4219662945612871e-05 0)
(5.1479241452708076e-06 1.3879843068129265e-05 0)
(5.4602717535308063e-06 1.1162976599172681e-05 0)
(5.5780680259740214e-06 -3.7319127252096598e-06 0)
(5.04361639481762e-06 -6.7646188374474665e-05 0)
(3.4262691792047425e-06 -0.00025858872644246713 0)
(1.0988459281024363e-06 -0.00048526263452111168 0)
(1.1038043960191205e-06 0.00048575106848921796 0)
(3.4501704816129494e-06 0.00025913097769570201 0)
(5.0857378301828317e-06 6.8076063451608324e-05 0)
(5.6395103474907661e-06 4.09269806955376e-06 0)
(5.5408475343435288e-06 -1.082957197376572e-05 0)
(5.2468251733759336e-06 -1.3558267120539261e-05 0)
(4.9313613297255071e-06 -1.3906691347586626e-05 0)
(4.6215927160091812e-06 -1.3850013807019829e-05 0)
(4.3197379858290483e-06 -1.3720813929894862e-05 5.6403188352122408e-27)
(4.0273248232396878e-06 -1.356902054002017e-05 5.5787870527568543e-27)
(3.7454594284845462e-06 -1.3402196623680275e-05 0)
(3.4748641173149621e-06 -1.3222203127589366e-05 0)
(3.2161004611334588e-06 -1.3030215283953584e-05 0)
(2.9696164984218654e-06 -1.2827343948291382e-05 0)
(2.7357469165459096e-06 -1.261469688472761e-05 0)
(2.5147158160561291e-06 -1.2393374153705243e-05 0)
(2.3066426102505704e-06 -1.2164457218061045e-05 0)
(2.1115491500482663e-06 -1.1928998672496316e-05 0)
(1.9293676622932846e-06 -1.1688013405172933e-05 0)
(1.7599492730182571e-06 -1.1442471279921399e-05 0)
(1.6030728655226057e-06 -1.1193291317156827e-05 0)
(1.4584540419177364e-06 -1.0941337301458949e-05 0)
(1.3257539879034055e-06 -1.0687414718259882e-05 0)
(1.2045880735430238e-06 -1.0432268899846272e-05 0)
(1.0945340569250203e-06 -1.0176584246738163e-05 0)
(9.9513978861226498e-07 -9.9209843847503607e-06 0)
(9.0593034312617015e-07 -9.666033113613514e-06 3.9736228825906936e-27)
(8.2641453441370935e-07 -9.4122360151534902e-06 3.8689037389997833e-27)
(7.560907929060433e-07 -9.1600425922823812e-06 0)
(6.9445239716166819e-07 -8.9098488193933561e-06 0)
(6.4099207093683889e-07 -8.6619999970532904e-06 0)
(5.9520596852431263e-07 -8.4167938161974595e-06 3.4581912533316791e-27)
(5.5659707980186808e-07 -8.1744835489551087e-06 3.3582333640093167e-27)
(5.2467809311548561e-07 -7.9352812951479306e-06 0)
(4.9897375858739903e-07 -7.6993612250359877e-06 0)
(4.7902279642093756e-07 -7.4668627701066312e-06 0)
(4.6437939594121926e-07 -7.2378937228437808e-06 0)
(4.5461435032737656e-07 -7.0125332162135959e-06 0)
(4.4931587035787084e-07 -6.7908345604368719e-06 0)
(4.480901185229278e-07 -6.5728279216052727e-06 0)
(4.5056150197903559e-07 -6.3585228324231971e-06 0)
(4.5637275992385646e-07 -6.1479105300248442e-06 0)
(4.6518487784917266e-07 -5.9409661188545263e-06 0)
(4.7667685800087556e-07 -5.7376505612160153e-06 0)
(4.9054537223554806e-07 -5.5379124988448639e-06 0)
(5.0650432049946583e-07 -5.3416899119431097e-06 0)
(5.2428431540290283e-07 -5.1489116226962644e-06 0)
(5.4363211068056999e-07 -4.959498651601833e-06 0)
(5.643099888598698e-07 -4.7733654355670496e-06 0)
(5.8609512138540716e-07 -4.5904209166318885e-06 0)
(6.0877891237701685e-07 -4.4105695109684444e-06 0)
(6.3216633541631142e-07 -4.2337119668712854e-06 0)
(6.5607527122942727e-07 -4.0597461210800999e-06 0)
(6.8033585271792533e-07 -3.8885675617265602e-06 0)
(7.0478982264140272e-07 -3.7200702063983629e-06 0)
(7.2928990813717315e-07 -3.5541468028151965e-06 0)
(7.5369921522067568e-07 -3.3906893596840918e-06 0)
(7.778906460324034e-07 -3.2295895143423998e-06 0)
(8.0174634068180207e-07 -3.0707388434214286e-06 0)
(8.2515714492750502e-07 -2.9140291228301134e-06 0)
(8.4802210465955819e-07 -2.7593525418915029e-06 0)
(8.702479875857551e-07 -2.6066018765925137e-06 0)
(8.9174883240153065e-07 -2.4556706267288765e-06 0)
(9.1244552533354147e-07 -2.3064531206798122e-06 0)
(9.3226540385180208e-07 -2.1588445915322984e-06 0)
(9.5114188712704001e-07 -2.0127412280314273e-06 0)
(9.690141327781486e-07 -1.8680402031124027e-06 0)
(9.8582671928164543e-07 -1.7246396828998272e-06 0)
(1.001529353360981e-06 -1.5824388185221855e-06 0)
(1.0160766018258671e-06 -1.44133772275248e-06 0)
(1.0294276470845846e-06 -1.3012374337356298e-06 0)
(1.0415460656558593e-06 -1.1620398671251711e-06 0)
(1.0523996291210515e-06 -1.0236477586033573e-06 0)
(1.0619601268335706e-06 -8.8596459771195552e-07 0)
(1.0702032098754147e-06 -7.4889455476087972e-07 0)
(1.0771082557029556e-06 -6.1234240150303764e-07 0)
(1.0826582529670257e-06 -4.7621342677865324e-07 0)
(1.0868397061941009e-06 -3.4041334809501056e-07 0)
(1.0896425599596363e-06 -2.0484821986079925e-07 0)
(1.0910601422715982e-06 -6.9424339217501781e-08 0)
(1.0910891268305251e-06 6.5951850101434147e-08 0)
(1.08972951421055e-06 2.0137385454944376e-07 0)
(1.0869846318890625e-06 3.3693522810750786e-07 0)
(1.0828611529353223e-06 4.7272966937750447e-07 0)
(1.07736913358034e-06 6.0885111749677977e-07 0)
(1.0705220697705464e-06 7.4539384634599581e-07 0)
(1.0623369729119396e-06 8.8245255624974838e-07 0)
(1.0528344651046987e-06 1.0201224624518291e-06 0)
(1.0420388941969341e-06 1.1584993794154934e-06 0)
(1.0299784690250942e-06 1.297679800012295e-06 0)
(1.0166854153628021e-06 1.4377609687786254e-06 0)
(1.0021961530916092e-06 1.5788409478629229e-06 0)
(9.8655149513695138e-07 1.7210186746275514e-06 0)
(9.6979686880489781e-07 1.8643940092784893e-06 0)
(9.5198256012172478e-07 2.0090677712981772e-06 0)
(9.3316398189691293e-07 2.155141762550812e-06 0)
(9.1340196613498417e-07 2.3027187755195971e-06 0)
(8.9276308143942562e-07 2.4519025842456673e-06 0)
(8.7131997611924875e-07 2.6027979156814491e-06 0)
(8.4915174749396255e-07 2.7555103987240556e-06 0)
(8.2634433802390236e-07 2.9101464880600398e-06 1.1917275086250445e-27)
(8.0299095851398806e-07 3.0668133590980566e-06 1.2559932511016168e-27)
(7.7919253864649845e-07 3.2256187710591658e-06 0)
(7.5505820505157169e-07 3.3866708933833467e-06 0)
(7.3070578653089936e-07 3.5500780916871364e-06 0)
(7.0626234601341754e-07 3.7159486677134354e-06 0)
(6.8186473836810016e-07 3.8843905484892467e-06 0)
(6.5766019280262479e-07 4.0555109186520709e-06 0)
(6.338069178951717e-07 4.2294157896345167e-06 0)
(6.1047472659414504e-07 4.4062094988561434e-06 0)
(5.8784567807005958e-07 4.5859941317380204e-06 0)
(5.6611473208800359e-07 4.7688688585623499e-06 0)
(5.4549041071980463e-07 4.9549291784832784e-06 0)
(5.2619546087550552e-07 5.1442660612008328e-06 0)
(5.0846750980504009e-07 5.3369649784707738e-06 0)
(4.9255970423759983e-07 5.5331048152367658e-06 0)
(4.7874132178659634e-07 5.7327566519223265e-06 0)
(4.6729834159834553e-07 5.9359824082900666e-06 0)
(4.585339587554442e-07 6.1428333404638921e-06 0)
(4.5276902477324346e-07 6.3533483821539256e-06 0)
(4.503423936206385e-07 6.5675523239781193e-06 0)
(4.5161115006312475e-07 6.7854538236192391e-06 0)
(4.5695069428867275e-07 7.0070432437563651e-06 0)
(4.667546533239764e-07 7.2322903155630015e-06 0)
(4.8143458694854884e-07 7.4611416291750797e-06 0)
(5.0141945245284035e-07 7.6935179565338514e-06 0)
(5.271547898019833e-07 7.9293114160786135e-06 0)
(5.5910158592319921e-07 8.1683824951921733e-06 0)
(5.9773477446045193e-07 8.4105569517806296e-06 0)
(6.4354132609516484e-07 8.6556226257157073e-06 3.5564533500295519e-27)
(6.9701788364893081e-07 8.903326197828815e-06 3.6586493281693736e-27)
(7.5866789716539795e-07 9.153369946257683e-06 0)
(8.2899821660616485e-07 9.4054085593495434e-06 0)
(9.0851510443866292e-07 9.6590460762457785e-06 0)
(9.9771963732345623e-07 9.9138330387200479e-06 0)
(1.0971024745628364e-06 1.0169263948159381e-05 0)
(1.20713798256951e-06 1.0424775134115943e-05 0)
(1.3282777227115375e-06 1.0679743154701181e-05 0)
(1.4609433246338694e-06 1.0933483854963246e-05 0)
(1.6055187877210245e-06 1.1185252217114532e-05 0)
(1.7623422843725333e-06 1.1434243144923377e-05 0)
(1.9316975668020254e-06 1.1679593324009774e-05 0)
(2.1138051110974245e-06 1.1920384290606157e-05 0)
(2.3088131660860678e-06 1.2155646828774022e-05 0)
(2.5167889069648603e-06 1.238436679485824e-05 0)
(2.7377099255149236e-06 1.2605492436944583e-05 0)
(2.9714563068353853e-06 1.2817943235341466e-05 0)
(3.2178035207712349e-06 1.3020620171981565e-05 0)
(3.4764165387147399e-06 1.321241662457874e-05 0)
(3.7468470812794737e-06 1.3392223007575312e-05 0)
(4.0285334584106048e-06 1.3558865761696286e-05 0)
(4.3207535296138444e-06 1.3710488174884735e-05 0)
(4.6224018481590185e-06 1.383954922855805e-05 0)
(4.9319507205681638e-06 1.3896254742174475e-05 0)
(5.2471836930421792e-06 1.3548781587257105e-05 0)
(5.5410212054015729e-06 1.0825512043170387e-05 0)
(5.6396748608926104e-06 -4.0742166217814285e-06 0)
(5.0856750588242166e-06 -6.7989937111725583e-05 0)
(3.4494996705684032e-06 -0.00025891847513016304 0)
(1.1040761570314524e-06 -0.00048549553312739034 0)
(1.108685650991917e-06 0.00048597147873128327 0)
(3.4718495223361986e-06 0.00025944303615684899 -1.27881258839359e-25)
(5.1249806010600685e-06 6.8401335260358074e-05 -3.1604568299457506e-26)
(5.6969975640768283e-06 4.4166520357201239e-06 0)
(5.6162258701630392e-06 -1.0510029440951776e-05 0)
(5.3395302283334382e-06 -1.3244529332706787e-05 0)
(5.0407435668838227e-06 -1.3599884641780519e-05 0)
(4.7469084950437063e-06 -1.355116164424958e-05 0)
(4.4601570793702787e-06 -1.3430844064154251e-05 0)
(4.1819448498731979e-06 -1.3288758622784914e-05 0)
(3.9133205770341599e-06 -1.3132361054864014e-05 0)
(3.6549637077264336e-06 -1.296340217531361e-05 0)
(3.4074072236310169e-06 -1.278294637434008e-05 0)
(3.1710842680121296e-06 -1.259199494199677e-05 0)
(2.9463274613868214e-06 -1.239154912176275e-05 0)
(2.7333705831412487e-06 -1.2182607018313339e-05 0)
(2.5323532324822589e-06 -1.1966153959233692e-05 0)
(2.343326615306876e-06 -1.1743153209899394e-05 0)
(2.1662600974542662e-06 -1.1514537856892288e-05 0)
(2.0010483420893436e-06 -1.1281203963030672e-05 0)
(1.8475188198472575e-06 -1.1044004994432766e-05 0)
(1.7054394915385692e-06 -1.0803747472617608e-05 0)
(1.5745264874831772e-06 -1.0561187782797175e-05 0)
(1.4544516332129244e-06 -1.0317030048110037e-05 0)
(1.3448496987587479e-06 -1.0071924964625688e-05 0)
(1.2453252749139786e-06 -9.826469486279035e-06 0)
(1.1554592031908839e-06 -9.5812072438589676e-06 0)
(1.0748145089194148e-06 -9.3366295834591087e-06 0)
(1.0029418091939539e-06 -9.0931771176200319e-06 0)
(9.3938418205825433e-07 -8.8512416872037269e-06 0)
(8.8368149591068282e-07 -8.6111686382439885e-06 0)
(8.3537421137373955e-07 -8.3732593299494919e-06 0)
(7.9400667642850128e-07 -8.1377737985887373e-06 0)
(7.5912994242301296e-07 -7.9049335121800673e-06 0)
(7.3030413304123958e-07 -7.6749241599424792e-06 0)
(7.0710040147288266e-07 -7.4478984303842691e-06 0)
(6.8910251277933141e-07 -7.2239787396005318e-06 0)
(6.7590808855458939e-07 -7.0032598796479355e-06 0)
(6.6712955049783935e-07 -6.7858115634205688e-06 0)
(6.623947982519692e-07 -6.5716808486173787e-06 0)
(6.6134765517815548e-07 -6.3608944283634052e-06 0)
(6.6364811330785415e-07 -6.1534607812417173e-06 0)
(6.6897240654444158e-07 -5.9493721755786723e-06 0)
(6.7701293875928263e-07 -5.7486065279640226e-06 0)
(6.8747809066493306e-07 -5.5511291165908278e-06 0)
(7.0009192717363447e-07 -5.35689415307931e-06 0)
(7.1459382432594288e-07 -5.1658462175057684e-06 0)
(7.3073803276461278e-07 -4.9779215623895186e-06 0)
(7.4829319256975774e-07 -4.7930492925013344e-06 0)
(7.6704181232751596e-07 -4.6111524274599003e-06 0)
(7.8677972351845368e-07 -4.4321488548515661e-06 0)
(8.0731551967296382e-07 -4.255952181080223e-06 0)
(8.2846998830706719e-07 -4.0824724877002948e-06 0)
(8.5007554247526947e-07 -3.9116170006564791e-06 0)
(8.7197565745470526e-07 -3.7432906792163441e-06 0)
(8.9402431708691855e-07 -3.5773967317369889e-06 0)
(9.1608547371683544e-07 -3.4138370647010341e-06 0)
(9.3803252443350086e-07 -3.2525126708953704e-06 0)
(9.5974780603466343e-07 -3.0933239625073884e-06 0)
(9.8112211069677138e-07 -2.9361710547758824e-06 1.2027433539935313e-27)
(1.0020542233789102e-06 -2.7809540047991923e-06 1.1390925029407798e-27)
(1.0224504819568578e-06 -2.6275730099817394e-06 0)
(1.042224360710537e-06 -2.4759285706175319e-06 0)
(1.0612960774134179e-06 -2.3259216201326802e-06 0)
(1.079592224185147e-06 -2.1774536265401991e-06 0)
(1.0970454220018847e-06 -2.0304266684225337e-06 0)
(1.1135939986494677e-06 -1.8847434880786247e-06 0)
(1.1291816898878238e-06 -1.7403075247100542e-06 0)
(1.1437573633275053e-06 -1.5970229298154905e-06 0)
(1.1572747646153422e-06 -1.4547945669673919e-06 0)
(1.1696922855336008e-06 -1.3135279979409973e-06 0)
(1.1809727534623588e-06 -1.1731294568582051e-06 0)
(1.1910832417406793e-06 -1.0335058140478019e-06 0)
(1.1999949005031277e-06 -8.9456453076892789e-07 0)
(1.2076828075097445e-06 -7.5621360647761549e-07 0)
(1.2141258385564491e-06 -6.1836151948044444e-07 0)
(1.219306557129065e-06 -4.8091716204717658e-07 0)
(1.2232111229477362e-06 -3.437897712907159e-07 0)
(1.2258292191438255e-06 -2.0688885622184314e-07 0)
(1.2271539978541747e-06 -7.0124122433333684e-08 0)
(1.2271820439684363e-06 6.6594605707473488e-08 2.7042969024329204e-29)
(1.2259133570207301e-06 2.0335746317874679e-07 8.301407808263091e-29)
(1.2233513511945779e-06 3.4025462337000668e-07 0)
(1.2195028733083186e-06 4.7737637667697355e-07 0)
(1.2143782389225277e-06 6.1481320788259909e-07 0)
(1.207991286666301e-06 7.5265587166623283e-07 0)
(1.2003594509687442e-06 8.909954653881145e-07 0)
(1.1915038533963215e-06 1.0299234983065937e-06 0)
(1.1814494129252358e-06 1.1695319564517903e-06 -4.7848956382595356e-28)
(1.1702249754013747e-06 1.3099133617732217e-06 -5.3596685292519755e-28)
(1.1578634625710556e-06 1.4511608250643117e-06 0)
(1.1444020411566065e-06 1.5933680910573853e-06 0)
(1.1298823123664177e-06 1.7366295746157776e-06 0)
(1.1143505222765499e-06 1.8810403864860602e-06 0)
(1.0978577936323774e-06 2.0266963472235019e-06 0)
(1.0804603794681638e-06 2.173693987191368e-06 0)
(1.0622199390507277e-06 2.3221305313078118e-06 0)
(1.0432038366085446e-06 2.4721038657086908e-06 0)
(1.0234854631491823e-06 2.6237124845675467e-06 -1.0742287600357075e-27)
(1.0031445817375089e-06 2.7770554140820981e-06 0)
(9.8226769647457925e-07 2.9322321110007994e-06 2.4014790400110564e-27)
(9.6094844512137671e-07 3.0893423321310305e-06 1.265182084976875e-27)
(9.3928801539882937e-07 3.2484859720125512e-06 0)
(9.1739558458216952e-07 3.4097628641396308e-06 0)
(8.953887817351418e-07 3.5732725422224295e-06 0)
(8.7339417178994028e-07 3.7391139565871032e-06 0)
(8.5154776017662781e-07 3.9073851408561681e-06 -1.6009308678337186e-27)
(8.2999551620946588e-07 4.0781828238675534e-06 -1.6710762226707384e-27)
(8.0889391278490619e-07 4.251601980583145e-06 -1.7423141264882881e-27)
(7.8841047951815816e-07 4.4277353163834778e-06 0)
(7.6872436559368319e-07 4.6066726780429324e-06 1.8882213205614928e-27)
(7.5002690769121965e-07 4.7885003846035174e-06 0)
(7.3252219746980992e-07 4.9733004712321878e-06 0)
(7.1642764174796888e-07 5.1611498381795627e-06 0)
(7.0197450743081067e-07 5.3521192981853667e-06 0)
(6.8940844174954362e-07 5.5462725138137279e-06 0)
(6.7898995662622985e-07 5.7436648181439556e-06 -2.3558682041524335e-27)
(6.7099486434317753e-07 5.9443419109085824e-06 -2.438470270446499e-27)
(6.6571464970932098e-07 6.1483384241319158e-06 0)
(6.6345676179397421e-07 6.3556763507079332e-06 0)
(6.6454480603016947e-07 6.566363331812471e-06 0)
(6.6931861517406566e-07 6.7803907992675469e-06 0)
(6.7813417502866476e-07 6.9977319719754423e-06 0)
(6.9136337848595656e-07 7.2183397072986114e-06 0)
(7.0939357878664578e-07 7.4421442114427982e-06 0)
(7.3262691067593883e-07 7.6690506171069217e-06 0)
(7.6147934586653987e-07 7.8989364400115729e-06 0)
(7.9637944747273078e-07 8.1316489322828593e-06 0)
(8.3776678667271849e-07 8.3670023558807523e-06 0)
(8.8608998434025161e-07 8.6047752067381412e-06 0)
(9.4180434095757085e-07 8.8447074273874915e-06 0)
(1.0053690192647604e-06 9.086497655268444e-06 0)
(1.0772437477933859e-06 9.3298005625329304e-06 0)
(1.1578850180399764e-06 9.5742243523674319e-06 0)
(1.2477417547102907e-06 9.8193284876354321e-06 0)
(1.3472504472862081e-06 1.0064621735102886e-05 0)
(1.456829743924504e-06 1.0309560620563592e-05 0)
(1.5768745215122897e-06 1.0553548397175898e-05 -4.3383716886541108e-27)
(1.7077494600607647e-06 1.0795934632609514e-05 -4.4382422142228931e-27)
(1.849782171891245e-06 1.1036015530130334e-05 0)
(2.0032559587639484e-06 1.1273035098564919e-05 0)
(2.1684022933760873e-06 1.1506187283481474e-05 0)
(2.3453931484225468e-06 1.1734619163083009e-05 0)
(2.5343333234684684e-06 1.1957435299572081e-05 0)
(2.73525294541677e-06 1.2173703316025651e-05 0)
(2.9481003430888837e-06 1.2382460741605944e-05 0)
(3.1727355070813188e-06 1.2582723129305051e-05 0)
(3.4089243169191538e-06 1.2773493338817365e-05 0)
(3.6563338941293648e-06 1.2953771174970688e-05 0)
(3.9145309300398569e-06 1.3122556508630574e-05 0)
(4.1829823894669066e-06 1.3278786500443654e-05 0)
(4.4610090542021886e-06 1.3420714446258085e-05 0)
(4.7475629486510659e-06 1.3540906521805568e-05 0)
(5.041188569228552e-06 1.3589671011073897e-05 0)
(5.3397561891598397e-06 1.3235282753989071e-05 0)
(5.6162811090391879e-06 1.0506235483350105e-05 -4.110908670212014e-27)
(5.6970618848257515e-06 -4.3978452669920223e-06 2.640218734393643e-27)
(5.124839998015749e-06 -6.8314770579162284e-05 0)
(3.4711273983553817e-06 -0.00025922998397151661 -1.2779304471987744e-25)
(1.1089434468965134e-06 -0.00048571551815618398 -3.3422148965702693e-25)
(1.1132381090051642e-06 0.00048617982569645462 0)
(3.492076433234739e-06 0.00025973805292138637 -1.2801069322078945e-25)
(5.161606199501607e-06 6.8708929724917449e-05 2.2968297894201064e-41)
(5.7506702126171971e-06 4.7231443022202342e-06 2.7735311076733254e-27)
(5.6866367943059603e-06 -1.0207513819582609e-05 0)
(5.4261784428467079e-06 -1.2947263092607492e-05 0)
(5.1430531543452896e-06 -1.3308893966263109e-05 0)
(4.8642192040550772e-06 -1.3267382152794424e-05 0)
(4.5917302072530879e-06 -1.3155128181692552e-05 0)
(4.3269755682817771e-06 -1.3021869825918256e-05 0)
(4.0709505579179861e-06 -1.2874969039938769e-05 0)
(3.8242936622042095e-06 -1.2716079940023996e-05 0)
(3.5875092767870314e-06 -1.25461691476162e-05 0)
(3.3610139142585826e-06 -1.2366140823002537e-05 0)
(3.1451348563587837e-06 -1.2176901258693154e-05 0)
(2.940110979910298e-06 -1.1979357130915115e-05 0)
(2.7460964184814512e-06 -1.1774406992631465e-05 0)
(2.563165252131903e-06 -1.1562932898998517e-05 0)
(2.3913169089673114e-06 -1.1345792982886387e-05 0)
(2.2304821351617784e-06 -1.1123815092529985e-05 0)
(2.0805293556895861e-06 -1.0897791507060234e-05 0)
(1.9412712533538943e-06 -1.0668474701821691e-05 0)
(1.8124714121838647e-06 -1.0436574117340672e-05 0)
(1.6938508915095723e-06 -1.0202753863730413e-05 0)
(1.5850946185955294e-06 -9.9676312809318269e-06 0)
(1.4858575092020834e-06 -9.7317762648856475e-06 0)
(1.3957702457667281e-06 -9.4957112679928233e-06 0)
(1.3144446604891896e-06 -9.2599118778772244e-06 0)
(1.2414786890158467e-06 -9.0248078825747084e-06 0)
(1.1764608764522216e-06 -8.7907847365506386e-06 0)
(1.1189744281463319e-06 -8.5581853447568068e-06 0)
(1.0686008081201368e-06 -8.3273120893256655e-06 0)
(1.0249228974917019e-06 -8.0984290319955375e-06 0)
(9.8752773170468607e-07 -7.8717642326679054e-06 0)
(9.560088403438936e-07 -7.6475121324123412e-06 0)
(9.2996821673255888e-07 -7.4258359571390295e-06 0)
(9.0901794664870292e-07 -7.2068701049138422e-06 0)
(8.9278152647920641e-07 -6.9907224870535272e-06 0)
(8.8089490139733631e-07 -6.7774767987591963e-06 0)
(8.7300725357477866e-07 -6.5671947008189862e-06 0)
(8.6878156933383369e-07 -6.3599178982997584e-06 0)
(8.6789501271704292e-07 -6.1556701069801009e-06 0)
(8.7003913113828353e-07 -5.9544589003956515e-06 0)
(8.7491991701958617e-07 -5.7562774350866276e-06 0)
(8.8225774714047167e-07 -5.5611060525430832e-06 0)
(8.917872195858499e-07 -5.3689137591796481e-06 0)
(9.032569060936224e-07 -5.1796595870370295e-06 0)
(9.1642903569971783e-07 -4.9932938388385355e-06 0)
(9.3107912380381737e-07 -4.8097592224450241e-06 0)
(9.4699555903946526e-07 -4.6289918798968003e-06 0)
(9.6397915878272218e-07 -4.4509223171476272e-06 0)
(9.8184270260640229e-07 -4.275476240221667e-06 0)
(1.0004104516874588e-06 -4.1025753043734269e-06 0)
(1.0195176612564233e-06 -3.932137782351949e-06 0)
(1.0390100916263455e-06 -3.7640791575244614e-06 0)
(1.0587435226826624e-06 -3.5983126482490549e-06 0)
(1.0785832760965019e-06 -3.4347496688691397e-06 0)
(1.0984037482805483e-06 -3.2733002328585344e-06 0)
(1.118087956827024e-06 -3.1138733030187158e-06 0)
(1.1375271026563597e-06 -2.9563770938671563e-06 1.2109895724580128e-27)
(1.1566201494738772e-06 -2.8007193305275369e-06 1.1471628951196362e-27)
(1.1752734217653007e-06 -2.6468074682603739e-06 1.0840632912545773e-27)
(1.1934002222526964e-06 -2.4945488765952103e-06 1.0216521207901671e-27)
(1.2109204694334796e-06 -2.343850991596874e-06 0)
(1.2277603556044073e-06 -2.1946214394553637e-06 0)
(1.2438520256510539e-06 -2.0467681346175152e-06 0)
(1.2591332765504915e-06 -1.9001993549416336e-06 0)
(1.2735472775782273e-06 -1.7548237967069795e-06 0)
(1.2870423111162699e-06 -1.6105506114531687e-06 6.5948854630677621e-28)
(1.299571533713033e-06 -1.4672894269111973e-06 6.0082275312954139e-28)
(1.3110927572078014e-06 -1.3249503538764485e-06 0)
(1.3215682495798253e-06 -1.1834439807403511e-06 0)
(1.3309645552508542e-06 -1.0426813572507618e-06 0)
(1.339252334424814e-06 -9.0257396891541694e-07 0)
(1.3464062212010953e-06 -7.6303370335861354e-07 0)
(1.3524047001766103e-06 -6.2397280994667041e-07 0)
(1.3572300011964432e-06 -4.8530385338724021e-07 0)
(1.3608680120686719e-06 -3.4693966295178075e-07 0)
(1.3633082089556614e-06 -2.0879327755811621e-07 0)
(1.3645436043706502e-06 -7.0777888399726565e-08 0)
(1.3645707125021475e-06 6.7193221143733834e-08 2.7280403200473271e-29)
(1.3633895318814879e-06 2.0520673590181166e-07 1.6752643491668408e-28)
(1.3610035453892644e-06 3.4334937034102463e-07 1.4029983029327808e-28)
(1.3574197374516636e-06 4.817079294622111e-07 0)
(1.3526486285756379e-06 6.2036936842091478e-07 0)
(1.3467043272836784e-06 7.5942085014284937e-07 0)
(1.3396045995967461e-06 8.9894980004102721e-07 0)
(1.3313709562115344e-06 1.0390439569366534e-06 0)
(1.3220287576670311e-06 1.1797914193694032e-06 -4.8267781254354386e-28)
(1.3116073376388825e-06 1.3212806859153429e-06 -5.4060759822179316e-28)
(1.300140144660338e-06 1.4636006888588478e-06 5.9888320271132119e-28)
(1.2876649026726381e-06 1.6068408197553359e-06 6.5754185011864629e-28)
(1.2742237906239949e-06 1.7510909456288183e-06 0)
(1.2598636414518677e-06 1.8964414144363347e-06 0)
(1.2446361608552657e-06 2.0429830481622653e-06 0)
(1.2285981660135304e-06 2.1908071217573764e-06 0)
(1.2118118446553873e-06 2.3400053264039958e-06 0)
(1.1943450347029899e-06 2.4906697143630249e-06 0)
(1.1762715245169536e-06 2.6428926238246308e-06 -1.0820466949097564e-27)
(1.1576713739556126e-06 2.7967665807636154e-06 0)
(1.1386312561303263e-06 2.9523841752743292e-06 2.4178923654743937e-27)
(1.1192448196109423e-06 3.1098379092259939e-06 1.2735239204285368e-27)
(1.0996130707168048e-06 3.2692200122158944e-06 0)
(1.0798447753138606e-06 3.4306222219312046e-06 0)
(1.0600568790194261e-06 3.5941355251693029e-06 0)
(1.0403749446753662e-06 3.7598498556172334e-06 0)
(1.0209336056626884e-06 3.9278537434413666e-06 -1.6092231816634904e-27)
(1.0018770325329013e-06 4.0982339123110154e-06 -3.3583743473989214e-27)
(9.8335941041382273e-07 4.27107481830433e-06 -3.5003536110671262e-27)
(9.6554542405530123e-07 4.4464581257280072e-06 -1.8222261966835408e-27)
(9.486107463131821e-07 4.6244621138385097e-06 0)
(9.3274252528663275e-07 4.8051610087987751e-06 -1.9696334003640197e-27)
(9.1813986430098334e-07 4.988624234695506e-06 -2.04505124142979e-27)
(9.0501428785228695e-07 5.1749155773919173e-06 0)
(8.9359018548348628e-07 5.3640922551243931e-06 0)
(8.8410522424051334e-07 5.5562038896331693e-06 0)
(8.7681071890844129e-07 5.7512913721722102e-06 -2.3587367739114164e-27)
(8.7197194759217372e-07 5.9493856186554158e-06 -2.4402551717440229e-27)
(8.69868398556805e-07 6.1505062096195493e-06 0)
(8.7079393247222595e-07 6.3546599107655221e-06 0)
(8.7505684218049344e-07 6.561839071711154e-06 0)
(8.8297979022347653e-07 6.7720199016833419e-06 0)
(8.9489960227847154e-07 6.9851606232109218e-06 0)
(9.111668927435175e-07 7.2011995070450492e-06 0)
(9.3214549671936455e-07 7.4200527944741013e-06 3.0459044018668347e-27)
(9.5821168097083169e-07 7.6416125172240514e-06 3.1372022048981684e-27)
(9.8975310492491844e-07 7.8657442281939103e-06 0)
(1.0271675017428206e-06 8.092284662103344e-06 0)
(1.0708610488413887e-06 8.3210393500271367e-06 0)
(1.1212463974708239e-06 8.551780217894608e-06 0)
(1.1787403320639908e-06 8.7842432057317607e-06 0)
(1.2437610321845102e-06 9.0181259520190923e-06 0)
(1.3167249135531808e-06 9.253085594763012e-06 0)
(1.3980430293773755e-06 9.4887367486949374e-06 3.8985674611436917e-27)
(1.4881170198400413e-06 9.7246497259385395e-06 3.9957990729958885e-27)
(1.5873346072291534e-06 9.9603490748363054e-06 0)
(1.696064644364401e-06 1.0195312520455784e-05 0)
(1.8146517345074301e-06 1.0428970390827479e-05 -4.2859897070701902e-27)
(1.9434104573258528e-06 1.0660705622216235e-05 -4.3814207694477427e-27)
(2.0826192534005352e-06 1.0889854437280078e-05 0)
(2.2325140374542839e-06 1.111570778968667e-05 0)
(2.3932816310388733e-06 1.1337513663535907e-05 0)
(2.565053126935676e-06 1.1554480307914902e-05 4.749104556626304e-27)
(2.7478973188645744e-06 1.1765780473992333e-05 4.8359004115535641e-27)
(2.9418143502677616e-06 1.1970556702137001e-05 0)
(3.1467297548648389e-06 1.2167927683585048e-05 0)
(3.3624890665222597e-06 1.2356995685333436e-05 5.0783200639631546e-27)
(3.5888531415710156e-06 1.253685492172108e-05 5.1518910469330019e-27)
(3.8254945090937855e-06 1.2706600061409538e-05 0)
(4.0719965521511076e-06 1.2865328004805255e-05 0)
(4.3278548726874124e-06 1.3012073570123923e-05 0)
(4.59243125271986e-06 1.3145186640779038e-05 0)
(4.864731244642187e-06 1.3257327126668182e-05 0)
(5.1433654969615458e-06 1.3298892609216425e-05 5.453387388823782e-27)
(5.4262828395467337e-06 1.2938243252292545e-05 5.2693473959322379e-27)
(5.6865834660114272e-06 1.0203971476920969e-05 -3.8062482524397066e-40)
(5.7506424247486266e-06 -4.7040302577794001e-06 2.7676155038347887e-27)
(5.1613945465739925e-06 -6.8621951332310704e-05 3.1702760071889734e-26)
(3.4913078913048635e-06 -0.00025952448514714139 -1.2792226287637877e-25)
(1.1134830884261538e-06 -0.00048592346748869828 -3.3434386947140107e-25)
(1.117493625437278e-06 0.00048637690513769771 0)
(3.5109910387576708e-06 0.00026001714625627128 0)
(5.1958658469572638e-06 6.899999676364918e-05 3.1855114135823248e-26)
(5.8008928253696591e-06 5.0132938183853756e-06 2.8942581852768079e-27)
(5.7525515534879229e-06 -9.9209566671257632e-06 0)
(5.5073393213931321e-06 -1.2665462837330743e-05 0)
(5.2389480883123907e-06 -1.3032786948135132e-05 5.3434334744110502e-27)
(4.9742603835627449e-06 -1.2997824710848774e-05 5.3363386364654399e-27)
(4.7152586625862118e-06 -1.2892904122374076e-05 0)
(4.4632717379149527e-06 -1.2767685258529984e-05 0)
(4.2192451465665289e-06 -1.2629447875051064e-05 0)
(3.9837784646566899e-06 -1.2479761005668026e-05 0)
(3.7573479230132945e-06 -1.2319504882429509e-05 0)
(3.5403523202436565e-06 -1.2149497440771312e-05 0)
(3.3331111696747927e-06 -1.1970560253039871e-05 0)
(3.1358648505479597e-06 -1.1783517965519456e-05 0)
(2.9487774642206496e-06 -1.1589190806018136e-05 0)
(2.7719406247970809e-06 -1.1388387044022114e-05 0)
(2.6053779037405843e-06 -1.118189621967277e-05 0)
(2.4490498176585706e-06 -1.0970483259199059e-05 0)
(2.3028592103314055e-06 -1.0754883502459586e-05 0)
(2.1666568810673435e-06 -1.0535798628717598e-05 0)
(2.0402473253623488e-06 -1.0313893451882921e-05 4.2380086681980216e-27)
(1.9233944694249592e-06 -1.0089793534048502e-05 4.1457271196848451e-27)
(1.8158272974503741e-06 -9.8640835588265356e-06 0)
(1.7172452876779496e-06 -9.6373063914394424e-06 0)
(1.6273235900199422e-06 -9.4099627532344998e-06 0)
(1.5457178941579583e-06 -9.1825114312672781e-06 0)
(1.4720689503652127e-06 -8.9553699465109979e-06 0)
(1.4060067197883222e-06 -8.7289156047321167e-06 0)
(1.3471541430965615e-06 -8.5034868622564697e-06 0)
(1.2951305240693827e-06 -8.2793849386918973e-06 -3.3998091532300135e-27)
(1.2495545330088138e-06 -8.0568756174480489e-06 -3.3081269475636223e-27)
(1.2100468419449989e-06 -7.8361911797692481e-06 0)
(1.1762324085208764e-06 -7.6175324254770656e-06 0)
(1.147742428920224e-06 -7.4010707391499807e-06 0)
(1.1242159828167366e-06 -7.1869501666728913e-06 -2.9497654574299516e-27)
(1.1053013946803794e-06 -6.9752894733028094e-06 -2.8625996893742682e-27)
(1.0906573367320842e-06 -6.7661841588745726e-06 0)
(1.0799536987013861e-06 -6.5597084112699047e-06 0)
(1.0728722489972001e-06 -6.355916983134823e-06 0)
(1.0691071112156054e-06 -6.1548469811558422e-06 2.5248596546975786e-27)
(1.0683650784407669e-06 -5.9565195592223114e-06 2.4432532629142877e-27)
(1.070365786621975e-06 -5.7609415115891238e-06 0)
(1.0748417665820041e-06 -5.5681067622806693e-06 0)
(1.0815383926876701e-06 -5.3779977508136773e-06 0)
(1.090213744674604e-06 -5.1905867147233219e-06 0)
(1.1006383973622103e-06 -5.0058368709938929e-06 0)
(1.1125951515167297e-06 -4.82370349983813e-06 0)
(1.1258787176444681e-06 -4.6441349343045592e-06 0)
(1.1402953632566539e-06 -4.4670734607118311e-06 0)
(1.1556625324968393e-06 -4.2924561337986801e-06 0)
(1.1718084462067142e-06 -4.120215512681307e-06 0)
(1.188571689373196e-06 -3.9502803219031931e-06 0)
(1.205800791596042e-06 -3.7825760430660749e-06 0)
(1.2233538057709737e-06 -3.6170254419490599e-06 0)
(1.2410978891464703e-06 -3.4535490362526666e-06 1.4148551808009291e-27)
(1.2589088903165843e-06 -3.2920655083836081e-06 1.3486093994247127e-27)
(1.2766709450405116e-06 -3.1324920681285797e-06 0)
(1.2942760831992094e-06 -2.9747447692498224e-06 0)
(1.3116238489937009e-06 -2.8187387842487904e-06 0)
(1.3286209358873273e-06 -2.6643886410956724e-06 1.0912319736848953e-27)
(1.3451808373871299e-06 -2.5116084253857191e-06 1.0286115467071819e-27)
(1.3612235145880365e-06 -2.3603119512984897e-06 0)
(1.37667508122466e-06 -2.2104129043432519e-06 -9.0518833187386594e-28)
(1.3914675065746788e-06 -2.0618249588959788e-06 -8.4431355886222864e-28)
(1.4055383365913263e-06 -1.9144618727865283e-06 0)
(1.418830433399936e-06 -1.7682375618965768e-06 0)
(1.4312917331388689e-06 -1.6230661563429088e-06 1.4757206364798614e-41)
(1.4428750222057305e-06 -1.4788620406446917e-06 -6.0555563336320131e-28)
(1.4535377317283506e-06 -1.335539879640476e-06 -7.5105307791802975e-41)
(1.4632417501250679e-06 -1.1930146318054033e-06 4.885217186512616e-28)
(1.4719532536087297e-06 -1.0512015515463513e-06 0)
(1.4796425544122266e-06 -9.1001618188448282e-07 0)
(1.4862839664991789e-06 -7.6937433879558933e-07 0)
(1.4918556885622156e-06 -6.2919208860830702e-07 0)
(1.4963397041702098e-06 -4.8938571918403051e-07 -2.0050994317230492e-28)
(1.4997216988291228e-06 -3.4987170642401685e-07 0)
(1.5019909938260634e-06 -2.105666765227705e-07 8.6400391106903257e-29)
(1.5031404967261571e-06 -7.1387365697553473e-08 0)
(1.5031666683328249e-06 6.7749423042249162e-08 2.7500123215464782e-29)
(1.5020695062284896e-06 2.0692686333882394e-07 1.6891710278759503e-28)
(1.4998525447572369e-06 3.4622815012074413e-07 1.414685877078886e-28)
(1.4965228713933818e-06 4.8573654358435116e-07 0)
(1.4920911596102016e-06 6.2553541188997583e-07 0)
(1.4865717182925573e-06 7.6570827174068041e-07 0)
(1.4799825577963541e-06 9.0633882592928527e-07 0)
(1.4723454727679335e-06 1.0475109969380331e-06 0)
(1.4636861419170325e-06 1.1893089556447528e-06 4.8655720657640848e-28)
(1.4540342448910362e-06 1.3318171440142109e-06 3.7548683919329626e-41)
(1.4434235964143051e-06 1.4751202906286983e-06 -3.0895603863660488e-41)
(1.431892297952898e-06 1.6193034180597961e-06 6.6262129824507821e-28)
(1.4194829070952021e-06 1.7644518405247356e-06 0)
(1.4062426248422839e-06 1.9106511505676885e-06 0)
(1.3922235010015378e-06 2.0579871930873719e-06 -8.4230342554702706e-28)
(1.3774826577537609e-06 2.2065460251970156e-06 -9.0316811054995482e-28)
(1.3620825316603364e-06 2.356413859904087e-06 0)
(1.3460911340307426e-06 2.5076769915992155e-06 1.0265689077846574e-27)
(1.3295823295520595e-06 2.6604217013893237e-06 1.089176973713409e-27)
(1.3126361331912677e-06 2.8147341395580729e-06 0)
(1.2953390249647331e-06 2.9707001827884193e-06 0)
(1.2777842821377272e-06 3.1284052631749518e-06 0)
(1.2600723281851498e-06 3.2879341660534177e-06 0)
(1.2423110976073195e-06 3.4493707933115004e-06 0)
(1.2246164154701364e-06 3.6127978885543e-06 0)
(1.207112390092281e-06 3.7782967205252835e-06 0)
(1.1899318168966422e-06 3.945946720507802e-06 -1.6165255001439656e-27)
(1.1732165910874e-06 4.1158250694864144e-06 -1.6862729322373038e-27)
(1.1571181262127724e-06 4.2880062305570692e-06 -5.7562462843425797e-57)
(1.1417977750521551e-06 4.4625614217981329e-06 -1.8286772632638425e-27)
(1.1274272486677618e-06 4.6395580247625454e-06 -1.9013920753646542e-27)
(1.114189028555915e-06 4.8190589235097575e-06 -1.9751509829380264e-27)
(1.10227676606859e-06 5.0011217689161928e-06 -2.0499780779199342e-27)
(1.0918956621808718e-06 5.1857981636079966e-06 -2.1258949230517364e-27)
(1.0832628196940306e-06 5.3731327618206775e-06 -2.2029201732107589e-27)
(1.0766075588189344e-06 5.5631622800803512e-06 0)
(1.0721716856520413e-06 5.7559144138590158e-06 0)
(1.0702097017901387e-06 5.9514066564763399e-06 0)
(1.0709889418168902e-06 6.149645017127717e-06 0)
(1.074789623885379e-06 6.3506226358713325e-06 0)
(1.0819047969475158e-06 6.5543182947717238e-06 0)
(1.092640166669423e-06 6.7606948257926861e-06 0)
(1.1073137803556786e-06 6.9696974183613842e-06 -2.8599366304135188e-27)
(1.1262555497117778e-06 7.1812518313296174e-06 -2.9470587518666074e-27)
(1.1498065889470751e-06 7.3952625174199518e-06 3.0352038837025774e-27)
(1.1783183443484069e-06 7.611610671147102e-06 3.1243220863383847e-27)
(1.2121514906790382e-06 7.8301522150109352e-06 0)
(1.2516745692486666e-06 8.0507157432668661e-06 0)
(1.2972623423735041e-06 8.2731004470485723e-06 0)
(1.349293839916032e-06 8.4970740503960032e-06 0)
(1.4081500749622666e-06 8.7223707918029882e-06 0)
(1.4742114081808154e-06 8.9486894928338768e-06 0)
(1.5478545443280763e-06 9.1756917609346126e-06 -3.7687532594506472e-27)
(1.6294491489956584e-06 9.4030003799912532e-06 0)
(1.7193540806135918e-06 9.6301979489049407e-06 3.9559984271000481e-27)
(1.8179132415764898e-06 9.8568258344872359e-06 0)
(1.9254510596967922e-06 1.0082383508255798e-05 4.1422326188283978e-27)
(2.0422676230673686e-06 1.0306328340769542e-05 4.2344341597531725e-27)
(2.1686335062652387e-06 1.0528075932128071e-05 0)
(2.3047843390996903e-06 1.0747001054960029e-05 0)
(2.4509151847453481e-06 1.0962439285742823e-05 0)
(2.6071748113518012e-06 1.1173689393619559e-05 0)
(2.7736599586673345e-06 1.1380016548183379e-05 4.6759856824006639e-27)
(2.9504097175455512e-06 1.1580656395229311e-05 4.758355575744887e-27)
(3.1374001563357757e-06 1.1774820030843923e-05 0)
(3.3345393424464154e-06 1.1961699884782897e-05 0)
(3.5416629076836536e-06 1.2140476491031411e-05 9.975538005860983e-27)
(3.7585302680724372e-06 1.2310326024598156e-05 1.0114409541022512e-26)
(3.9848217776251163e-06 1.2470427793657585e-05 0)
(4.2201385824020933e-06 1.2619964831878026e-05 0)
(4.4640044888174894e-06 1.2758058246422085e-05 0)
(4.7158202175838045e-06 1.2883142904913443e-05 5.2901277168594545e-27)
(4.9746410736654791e-06 1.2987960880848782e-05 5.3313746247177422e-27)
(5.2391383152959894e-06 1.3022987789983335e-05 5.3384665801219957e-27)
(5.5073320214949228e-06 1.2656658331484625e-05 5.1521360146072951e-27)
(5.7523986211417545e-06 9.9176525561588113e-06 3.8660422641587859e-27)
(5.8007805848102187e-06 -4.9938896926860256e-06 -3.1563242806029832e-41)
(5.1955891724800093e-06 -6.8912628705000529e-05 3.1824408886609683e-26)
(3.5101800481439722e-06 -0.00025980309445113329 0)
(1.1177268141817309e-06 -0.00048612017458910889 0)
(1.1214804024392912e-06 0.00048656343684153568 0)
(3.5287173148927551e-06 0.00026028132807036944 1.2824905153633812e-25)
(5.227982140903977e-06 6.9275577647118062e-05 6.3940893574440646e-26)
(5.8479885051207131e-06 5.2881155663090486e-06 3.0086052768289483e-27)
(5.8143884842608734e-06 -9.6493864947712801e-06 0)
(5.583519175536369e-06 -1.2398211563356639e-05 0)
(5.3290143267653678e-06 -1.2770710186306893e-05 5.2342809881449247e-27)
(5.077688314372876e-06 -1.2741707140738362e-05 5.22960597571641e-27)
(4.8314589687921694e-06 -1.2643467003564291e-05 5.1910067589954471e-27)
(4.5915995718001883e-06 -1.2525581807495471e-05 5.1433711919856382e-27)
(4.3590094960074317e-06 -1.2395259093839212e-05 0)
(4.1342515196725284e-06 -1.225399288117315e-05 0)
(3.9177744240743106e-06 -1.2102586933803978e-05 0)
(3.7099587069815693e-06 -1.194178253502075e-05 0)
(3.5111143478581403e-06 -1.1772325587119009e-05 0)
(3.3214804282986622e-06 -1.1594967093020638e-05 0)
(3.1412273398082302e-06 -1.1410456570576179e-05 -4.6876357120270524e-27)
(2.970459838240847e-06 -1.1219535273117335e-05 -9.2185466470852656e-27)
(2.8092206936333978e-06 -1.1022930028553245e-05 -4.5285237776175478e-27)
(2.6574948521762552e-06 -1.0821347817634591e-05 0)
(2.5152139859448588e-06 -1.0615471123339843e-05 0)
(2.3822613037325911e-06 -1.0405954047944215e-05 0)
(2.2584765066576463e-06 -1.0193419181594155e-05 4.1874065354991132e-27)
(2.14366078436312e-06 -9.9784551856905485e-06 4.0989317234988913e-27)
(2.0375817610587663e-06 -9.7616150477367636e-06 -4.0096641431566344e-27)
(1.9399783146450274e-06 -9.5434149503518806e-06 -3.9198202241708327e-27)
(1.8505652057538672e-06 -9.324333696458477e-06 0)
(1.7690374670164121e-06 -9.1048126256763609e-06 0)
(1.6950745154204376e-06 -8.8852559592668504e-06 0)
(1.6283439606186912e-06 -8.666031507920545e-06 0)
(1.5685050941092407e-06 -8.4474716837467272e-06 0)
(1.5152120528431214e-06 -8.2298747588612994e-06 -3.3788121770666467e-27)
(1.4681166563494041e-06 -8.0135063176034233e-06 -6.5793906788402183e-27)
(1.4268709236136181e-06 -7.7986008535989164e-06 -3.2011863565018384e-27)
(1.3911292809177196e-06 -7.5853634692293788e-06 0)
(1.3605504754977432e-06 -7.3739716394301015e-06 0)
(1.3347992124434311e-06 -7.164577006880449e-06 -2.9401097136185957e-27)
(1.3135475342358327e-06 -6.957307180981339e-06 -2.8547803642666809e-27)
(1.2964759634243956e-06 -6.7522675169878886e-06 0)
(1.2832744292906642e-06 -6.5495428563124249e-06 0)
(1.2736429994225121e-06 -6.3491992123751291e-06 0)
(1.26729243662728e-06 -6.1512853907343679e-06 2.5230761951466859e-27)
(1.2639446007031173e-06 -5.9558345335879557e-06 2.4426751044361442e-27)
(1.2633327139715574e-06 -5.7628655834828491e-06 0)
(1.2652015079174674e-06 -5.5723846611771751e-06 0)
(1.2693072671498122e-06 -5.3843863561801729e-06 0)
(1.27541778592413e-06 -5.1988549290816216e-06 0)
(1.2833122506055407e-06 -5.0157654263839982e-06 0)
(1.2927810604999898e-06 -4.8350847096399071e-06 0)
(1.3036255981930922e-06 -4.6567724013931861e-06 0)
(1.3156579593568851e-06 -4.4807817513873735e-06 0)
(1.3287006506672844e-06 -4.3070604259477576e-06 0)
(1.3425862635949931e-06 -4.1355512254441809e-06 0)
(1.3571571309113785e-06 -3.966192733187744e-06 0)
(1.372264971615599e-06 -3.7989199004078213e-06 0)
(1.3877705295259986e-06 -3.6336645713158628e-06 0)
(1.4035432096978009e-06 -3.4703559528072717e-06 2.8433253613431241e-27)
(1.4194607164189515e-06 -3.3089210324257347e-06 2.7108894124793576e-27)
(1.4354086959687888e-06 -3.1492849490816637e-06 0)
(1.4512803865444357e-06 -2.9913713199110984e-06 0)
(1.4669762776332538e-06 -2.835102527111393e-06 0)
(1.4824037806384813e-06 -2.6803999682557405e-06 0)
(1.4974769120799709e-06 -2.5271842731872829e-06 0)
(1.5121159905075304e-06 -2.3753754905727039e-06 0)
(1.5262473480676431e-06 -2.2248932470707042e-06 -9.110900009720114e-28)
(1.5398030572693262e-06 -2.0756568815390205e-06 -8.4995349245375737e-28)
(1.5527206735611632e-06 -1.9275855567814668e-06 0)
(1.5649429940309605e-06 -1.7805983513892733e-06 0)
(1.5764178323874383e-06 -1.6346143333634542e-06 -6.6931976608864366e-28)
(1.5870978104420886e-06 -1.4895526176280185e-06 -1.2198427748809919e-27)
(1.5969401660790014e-06 -1.3453324093050132e-06 0)
(1.6059065777118687e-06 -1.2018730342486532e-06 9.8428384812244175e-28)
(1.6139630052118598e-06 -1.0590939584761321e-06 4.3369369356952957e-28)
(1.621079547188669e-06 -9.1691479777334442e-07 0)
(1.6272303144845993e-06 -7.7525531888771332e-07 0)
(1.6323933198102927e-06 -6.3403543347510542e-07 0)
(1.6365503834411964e-06 -4.9317518590194289e-07 -2.0206378904945122e-28)
(1.6396870547987031e-06 -3.5259473597804203e-07 -1.1012006282158039e-40)
(1.6417925498200967e-06 -2.1221433754745386e-07 8.7080369603392822e-29)
(1.6428597040967114e-06 -7.1954314269360366e-08 0)
(1.642884941586074e-06 6.8264967447398153e-08 2.7702861904883265e-29)
(1.6418682589673018e-06 2.0852312591547334e-07 8.5102273927697114e-29)
(1.6398132256354813e-06 3.4889979278778029e-07 0)
(1.6367269992258704e-06 4.8947464099530527e-07 0)
(1.632620356738694e-06 6.3032741138015351e-07 0)
(1.627507741327239e-06 7.7153793713154487e-07 0)
(1.6214073248083667e-06 9.1318616509932276e-07 0)
(1.6143410859697589e-06 1.0553521730486046e-06 0)
(1.6063349047750432e-06 1.1981161818299845e-06 4.9014086603930588e-28)
(1.59741867262386e-06 1.341558561531616e-06 -7.3793839426551489e-41)
(1.5876264187069785e-06 1.4857598301187331e-06 -6.0790773691740819e-28)
(1.5769964525826614e-06 1.6308006438979886e-06 0)
(1.5655715231520475e-06 1.7767617780719166e-06 0)
(1.553398994055544e-06 1.923724096167633e-06 0)
(1.5405310355508922e-06 2.0717685067546531e-06 -8.4790625767219088e-28)
(1.5270248328674228e-06 2.2209759059743756e-06 -9.0903256077599987e-28)
(1.5129428110728071e-06 2.3714271037021255e-06 0)
(1.4983528762006114e-06 2.5232027319235112e-06 1.032873001869869e-27)
(1.4833286724775124e-06 2.676383132899029e-06 1.0956542648036334e-27)
(1.4679498553556377e-06 2.8310482248324311e-06 0)
(1.4523023797508262e-06 2.9872773428390081e-06 0)
(1.4364788029036365e-06 3.1451490523420571e-06 0)
(1.4205786009225001e-06 3.3047409321580671e-06 0)
(1.4047084979043382e-06 3.466129324202046e-06 0)
(1.3889828062909245e-06 3.6293890467072359e-06 0)
(1.3735237766576909e-06 3.7945930673487476e-06 0)
(1.3584619546525538e-06 3.9618121325718848e-06 -1.6228994595017965e-27)
(1.3439365426076349e-06 4.1311143496647171e-06 0)
(1.330095762747819e-06 4.3025647172511249e-06 1.7627946848671393e-27)
(1.3170972182803922e-06 4.4762246001243579e-06 0)
(1.305108248029725e-06 4.652151144595531e-06 0)
(1.2943062694488201e-06 4.8303966296130264e-06 0)
(1.2848791044135265e-06 5.0110077495626899e-06 0)
(1.2770252807584376e-06 5.1940248251301588e-06 -2.1290344812007549e-27)
(1.2709543019572759e-06 5.3794809372081343e-06 -2.2052697778990171e-27)
(1.2668868762800227e-06 5.5674009815332542e-06 0)
(1.2650550953047097e-06 5.757800639767126e-06 0)
(1.2657025508571431e-06 5.9506852651973729e-06 0)
(1.2690843779461939e-06 6.1460486809125582e-06 0)
(1.2754672101045289e-06 6.3438718899672307e-06 0)
(1.2851290320898489e-06 6.5441216981295803e-06 0)
(1.2983589137977564e-06 6.7467492511723392e-06 0)
(1.315456607786994e-06 6.9516884911247101e-06 -2.8520786169852108e-27)
(1.3367319917729029e-06 7.1588545373075144e-06 -2.9373647424696233e-27)
(1.3625043364946216e-06 7.3681420017141631e-06 3.0235343450601329e-27)
(1.3931013784986157e-06 7.5794232499345371e-06 3.1105338317425792e-27)
(1.4288581769621052e-06 7.7925466234597066e-06 -3.1982995227569444e-27)
(1.4701157337009159e-06 8.0073346425006215e-06 -3.2867568971203468e-27)
(1.5172193558931004e-06 8.2235822123887455e-06 0)
(1.5705167421234404e-06 8.4410548618527394e-06 0)
(1.6303557743896671e-06 8.6594870458677829e-06 0)
(1.6970820011732803e-06 8.8785805509900892e-06 0)
(1.7710358005287655e-06 9.0980030460884161e-06 -5.3954944529585884e-41)
(1.8525492171308397e-06 9.3173868266660925e-06 0)
(1.9419424741303119e-06 9.5363278067140529e-06 0)
(2.0395201663956027e-06 9.7543848140668338e-06 0)
(2.1455671504594484e-06 9.9710792495227647e-06 4.0954185474924783e-27)
(2.2603441581666678e-06 1.0185895173902456e-05 4.1838165868528944e-27)
(2.384083171282177e-06 1.0398279886690919e-05 0)
(2.5169826067887956e-06 1.0607645059812537e-05 4.3572848296830223e-27)
(2.6592023758453648e-06 1.0813368486352501e-05 4.4418478044525994e-27)
(2.8108588932444765e-06 1.1014796498979131e-05 0)
(2.97202012836176e-06 1.1211247103572442e-05 -4.605264376275663e-27)
(3.1427008014046626e-06 1.1402013863071393e-05 -4.683537219291416e-27)
(3.322857841186381e-06 1.1586370548980365e-05 0)
(3.5123862312846392e-06 1.1763576561555178e-05 0)
(3.7111153688391223e-06 1.1932883089505337e-05 9.8019265060450204e-27)
(3.9188060192077547e-06 1.2093539886544222e-05 1.489981001270502e-26)
(4.1351481165737649e-06 1.2244801856612486e-05 5.0283075885771372e-27)
(4.3597611469623815e-06 1.2385928602154944e-05 -5.0857669294245165e-27)
(4.5921963967016303e-06 1.2516117607660052e-05 -5.1386343942550913e-27)
(4.8318914050563534e-06 1.2633878669019808e-05 5.1861850861782156e-27)
(5.0779476532194341e-06 1.2732026048399782e-05 5.2247138320255745e-27)
(5.3290919410764191e-06 1.2761103730099461e-05 0)
(5.5834090468019502e-06 1.2389611722767936e-05 5.0409817990132533e-27)
(5.8141439877543069e-06 9.6463081779556588e-06 3.7531625076109293e-27)
(5.8477987080711907e-06 -5.2684373423937699e-06 3.0024434879528754e-27)
(5.2276458363895796e-06 -6.9187842408828594e-05 3.1939588489974659e-26)
(3.5278674057820159e-06 -0.00026006682123819473 0)
(1.1217027521591806e-06 -0.00048630635718906174 0)
(1.1252234603902361e-06 0.00048674007320319605 0)
(3.5453653789265879e-06 0.00026053151596609325 1.2835882761998367e-25)
(5.2581528648487846e-06 6.9536617343795692e-05 6.4159395686404101e-26)
(5.8922446164547772e-06 5.5485320587092414e-06 3.1169595882006033e-27)
(5.8725201015062539e-06 -9.3919184247171918e-06 0)
(5.6551693759685162e-06 -1.2144671806373172e-05 0)
(5.4137750429052991e-06 -1.2521881666488756e-05 0)
(5.1750900201609748e-06 -1.2498309652844506e-05 0)
(4.9409733548240321e-06 -1.2406164745416995e-05 5.0920660202725288e-27)
(4.7126474131629492e-06 -1.2294979246161609e-05 5.0471722592546795e-27)
(4.4909687595873146e-06 -1.2171897113109412e-05 0)
(4.2764654897696803e-06 -1.2038346094245684e-05 0)
(4.06955985161473e-06 -1.1895062151801484e-05 4.8843643213614216e-27)
(3.8706138302767903e-06 -1.1742718330182807e-05 4.8221258282260645e-27)
(3.6799266279562988e-06 -1.1581992871942262e-05 0)
(3.4977338684978364e-06 -1.1413570618852068e-05 0)
(3.3242092839579983e-06 -1.1238137234824966e-05 -4.6154991030087416e-27)
(3.159467166591756e-06 -1.1056373115621253e-05 -9.0818726621101156e-27)
(3.0035653590833046e-06 -1.0868947792786344e-05 -4.4639990542423611e-27)
(2.856508722695634e-06 -1.0676514953371486e-05 0)
(2.7182529798036857e-06 -1.0479708111074399e-05 0)
(2.5887088226116725e-06 -1.0279136932808196e-05 0)
(2.4677461874375243e-06 -1.0075384213736301e-05 0)
(2.3551986030920844e-06 -9.8690034759151783e-06 0)
(2.2508675326397456e-06 -9.6605171580401424e-06 -3.9671485511345558e-27)
(2.1545266388180129e-06 -9.4504153532987327e-06 -3.8806804461360707e-27)
(2.0659259145313257e-06 -9.239155047798745e-06 0)
(1.9847956311799504e-06 -9.0271598078633995e-06 0)
(1.9108500679969858e-06 -8.8148198634403966e-06 0)
(1.8437909951945411e-06 -8.6024925338065898e-06 0)
(1.7833108920467487e-06 -8.390502943520089e-06 0)
(1.7290958901168679e-06 -8.1791449790924799e-06 0)
(1.6808284382167664e-06 -7.9686824408205313e-06 -3.2706606918132831e-27)
(1.6381896902568787e-06 -7.7593503461134989e-06 -3.1844800812138547e-27)
(1.600861622633488e-06 -7.5513563455053836e-06 0)
(1.5685288912467911e-06 -7.3448822169777543e-06 0)
(1.5408804412422862e-06 -7.1400854077666874e-06 0)
(1.5176108845270635e-06 -6.937100597758327e-06 0)
(1.4984216613819647e-06 -6.7360412617953538e-06 0)
(1.4830220032874776e-06 -6.5370012122179484e-06 0)
(1.4711297145496608e-06 -6.3400561059539903e-06 0)
(1.462471789994339e-06 -6.1452649044019214e-06 0)
(1.4567848856832012e-06 -5.9526712758422047e-06 0)
(1.4538156590536508e-06 -5.7623049336732615e-06 0)
(1.4533209938902379e-06 -5.5741829051339981e-06 0)
(1.4550681247640367e-06 -5.3883107272310716e-06 0)
(1.4588346744650013e-06 -5.2046835682526793e-06 0)
(1.4644086168363515e-06 -5.0232872743763054e-06 0)
(1.4715881765137951e-06 -4.8440993415721284e-06 -1.9854409227566566e-27)
(1.480181675917952e-06 -4.6670898149133949e-06 -1.9127372505320909e-27)
(1.4900073387538285e-06 -4.4922221167122735e-06 0)
(1.5008930584604206e-06 -4.319453806504754e-06 0)
(1.5126761389801022e-06 -4.1487372757068333e-06 0)
(1.525203014441882e-06 -3.9800203802476138e-06 0)
(1.5383289534995932e-06 -3.8132470146284813e-06 -1.5622308706048724e-27)
(1.5519177533917123e-06 -3.6483576307824072e-06 -1.4945806624910403e-27)
(1.565841428057525e-06 -3.4852897055446063e-06 5.5552913205578639e-41)
(1.5799798940542635e-06 -3.3239781599546391e-06 -5.4729465493732004e-57)
(1.5942206575660755e-06 -3.1643557340677329e-06 0)
(1.6084585051736319e-06 -3.0063533205113976e-06 0)
(1.6225952006647297e-06 -2.8499002599987812e-06 1.1671613720596194e-27)
(1.6365391898554725e-06 -2.69492460193622e-06 1.1036425362788908e-27)
(1.6502053151051447e-06 -2.5413533329967164e-06 0)
(1.6635145407215679e-06 -2.3891125765298738e-06 0)
(1.6763936903014837e-06 -2.238127765387014e-06 0)
(1.6887751969084711e-06 -2.0883237904085664e-06 0)
(1.7005968667481289e-06 -1.9396251270885575e-06 0)
(1.7118016568196892e-06 -1.7919559425101792e-06 0)
(1.7223374669196573e-06 -1.6452401844802694e-06 0)
(1.7321569462992731e-06 -1.4994016546194094e-06 0)
(1.7412173151464196e-06 -1.3543640673404057e-06 0)
(1.749480200989986e-06 -1.2100510960871668e-06 4.9547894555943419e-28)
(1.756911490118206e-06 -1.0663864084691299e-06 4.3667072398257014e-28)
(1.7634811940189396e-06 -9.2329369151702722e-07 -3.7810059474596693e-28)
(1.7691633307985603e-06 -7.8069666848246073e-07 -3.1973679166653309e-28)
(1.773935821555022e-06 -6.3851910825064432e-07 0)
(1.7777804017235793e-06 -4.9668482866692184e-07 0)
(1.7806825472633507e-06 -3.5511769450099523e-07 0)
(1.7826314156927324e-06 -2.1374161143192889e-07 0)
(1.7836198018774701e-06 -7.24805169324612e-08 0)
(1.7836441085549178e-06 6.8741631433105925e-08 0)
(1.7827043315741876e-06 2.1000086857650516e-07 0)
(1.780804059837273e-06 3.5137323515255904e-07 0)
(1.7779504899891736e-06 4.9293479044467733e-07 0)
(1.7741544557507773e-06 6.347616238018888e-07 0)
(1.7694304720138885e-06 7.7692986384965413e-07 -3.1771385026861046e-28)
(1.7637967937174385e-06 9.1951568452843313e-07 -3.7607367219950062e-28)
(1.7572754895404858e-06 1.0625953069925358e-06 0)
(1.749892530441427e-06 1.2062449963704886e-06 0)
(1.7416778931821698e-06 1.3505410523676024e-06 0)
(1.7326656787798122e-06 1.4955597923848288e-06 0)
(1.7228942459074849e-06 1.6413775262735752e-06 0)
(1.7124063593734079e-06 1.7880705212249715e-06 0)
(1.7012493535732936e-06 1.9357149554801411e-06 0)
(1.689475310856732e-06 2.084386859383981e-06 8.5302472336357167e-28)
(1.6771412547220288e-06 2.2341620423037802e-06 9.1437897131084531e-28)
(1.664309357654275e-06 2.3851160033159212e-06 0)
(1.6510471632616568e-06 2.5373238245107518e-06 0)
(1.6374278224643618e-06 2.6908600442311916e-06 1.1015131205059254e-27)
(1.6235303431313135e-06 2.8457985084719947e-06 1.1650185406937682e-27)
(1.6094398524743555e-06 3.0022121981729728e-06 0)
(1.5952478714607941e-06 3.1601730298476607e-06 0)
(1.5810526000730733e-06 3.3197516269578147e-06 -1.3593426494971276e-27)
(1.566959212224932e-06 3.4810170593532457e-06 -1.4254847917253774e-27)
(1.5530801586743738e-06 3.6440365477931196e-06 -1.492358055981751e-27)
(1.5395354759973051e-06 3.8088751304921091e-06 -1.5599896070516752e-27)
(1.5264530992631786e-06 3.9755952882411905e-06 0)
(1.5139691757843113e-06 4.144256525319605e-06 0)
(1.502228376683469e-06 4.3149149020873766e-06 0)
(1.4913842024391325e-06 4.4876225161208894e-06 0)
(1.4815992781666786e-06 4.6624269285206888e-06 0)
(1.4730456335408584e-06 4.8393705312966349e-06 0)
(1.4659049616060431e-06 5.0184898529798057e-06 0)
(1.4603688498184153e-06 5.1998147989783047e-06 0)
(1.4566389760960356e-06 5.3833678234523586e-06 0)
(1.4549272613789167e-06 5.5691630307999166e-06 0)
(1.4554559693222985e-06 5.7572052037547166e-06 0)
(1.4584577429250816e-06 5.9474887575115554e-06 0)
(1.4641755665789661e-06 6.1399966186994831e-06 0)
(1.4728626410861409e-06 6.3346990300520152e-06 2.597767394585361e-27)
(1.484782158127729e-06 6.531552282455507e-06 2.6787488911800926e-27)
(1.5002069596142755e-06 6.7304973775596934e-06 0)
(1.5194190664429113e-06 6.9314586262159181e-06 0)
(1.5427090602780647e-06 7.1343421896302883e-06 0)
(1.5703753015093037e-06 7.3390345735462239e-06 3.0110387707637045e-27)
(1.6027229660193102e-06 7.5454010868461704e-06 3.0959835075931292e-27)
(1.6400628831869075e-06 7.7532842806503727e-06 -3.1815589789105679e-27)
(1.6827101581049245e-06 7.9625023866010897e-06 -6.5353778560647068e-27)
(1.7309825616384883e-06 8.1728477766567432e-06 -3.3542862478521067e-27)
(1.7851986733083304e-06 8.3840854706230918e-06 -3.4412523557371599e-27)
(1.8456757639780461e-06 8.5959517223298528e-06 -3.528476602804284e-27)
(1.9127274082072671e-06 8.8081527186610453e-06 0)
(1.986660819810427e-06 9.0203634300498587e-06 3.7031933993654e-27)
(2.0677739094572843e-06 9.2322266566543766e-06 3.7903997839311094e-27)
(2.1563520678359699e-06 9.4433523155148961e-06 0)
(2.2526646842224476e-06 9.6533170176212053e-06 0)
(2.3569614193666538e-06 9.8616639878051403e-06 0)
(2.4694682600272006e-06 1.0067903380466702e-05 0)
(2.5903833919602459e-06 1.0271513043878848e-05 0)
(2.7198729385589434e-06 1.0471939785137475e-05 4.3003284828088971e-27)
(2.8580666236589386e-06 1.0668601182647135e-05 4.3811237206040796e-27)
(3.0050534283451603e-06 1.0860887989167794e-05 0)
(3.1608773225937618e-06 1.1048167158160509e-05 4.4261899933825585e-41)
(3.325533162871865e-06 1.1229785517643687e-05 -4.3113277398813205e-41)
(3.4989628562155731e-06 1.1405074099392324e-05 4.6832364030180451e-27)
(3.6810518992087258e-06 1.1573353117463471e-05 4.7521211533028836e-27)
(3.8716263952121882e-06 1.1733937562480378e-05 9.6355640677864201e-27)
(4.0704506101688141e-06 1.1886143289197433e-05 1.4639803229626431e-26)
(4.2772252932107491e-06 1.2029292793133278e-05 4.93829664814329e-27)
(4.4915884739555831e-06 1.2162713839921017e-05 -4.9925881913057087e-27)
(4.7131179950625584e-06 1.2285671634812011e-05 -1.0084980679091731e-26)
(4.9412860928495914e-06 1.239674216743176e-05 -5.0873057458589824e-27)
(5.1752370637379998e-06 1.2488803265104687e-05 0)
(5.4137486301230713e-06 1.251245895679265e-05 0)
(5.6549644173784984e-06 1.2136266637210973e-05 4.9355319955156568e-27)
(5.8721912887324269e-06 9.3890543495948381e-06 3.6461437402140951e-27)
(5.8919834758335702e-06 -5.5285944296493599e-06 3.1106866452759214e-27)
(5.257761757076094e-06 -6.9448535596623872e-05 3.2048696585656478e-26)
(3.5444796998235408e-06 -0.00026031658070159111 0)
(1.1254358298483729e-06 -0.00048648266580322516 0)
(1.1287450848193832e-06 0.00048690740667092558 0)
(3.5610333711547888e-06 0.00026076854366668956 0)
(5.2865542780169854e-06 6.9783975377805818e-05 0)
(5.9339174671860618e-06 5.7953842869729592e-06 3.2196767090005569e-27)
(5.9272790072628341e-06 -9.1477449717804946e-06 -3.5467895851850914e-27)
(5.7226933280442556e-06 -1.1904077686773853e-05 0)
(5.4936985224456934e-06 -1.2285584012933544e-05 0)
(5.2669918487547942e-06 -1.226696937442769e-05 0)
(5.044378781440859e-06 -1.2180393929869077e-05 0)
(4.8270349784116361e-06 -1.2075337435152628e-05 0)
(4.6157773359950896e-06 -1.1958887746290585e-05 0)
(4.4111013462677552e-06 -1.183241395252501e-05 0)
(4.2134037706486207e-06 -1.1696591795682164e-05 4.8014474743536222e-27)
(4.0230281502359835e-06 -1.1552033484943673e-05 4.74242256072002e-27)
(3.8402620755079827e-06 -1.139935669830627e-05 0)
(3.6653360668313739e-06 -1.1239186792416672e-05 0)
(3.4984248428738029e-06 -1.1072151745534346e-05 0)
(3.3396492800658422e-06 -1.0898876689352764e-05 0)
(3.1890788557486346e-06 -1.0719978832429371e-05 0)
(3.0467345337165117e-06 -1.0536062896082787e-05 0)
(2.9125920063254808e-06 -1.0347717100202635e-05 0)
(2.7865852008710656e-06 -1.0155509708195876e-05 0)
(2.6686099633858167e-06 -9.9599861307442563e-06 0)
(2.5585278398785506e-06 -9.7616665729218136e-06 0)
(2.456169883506433e-06 -9.5610442001979116e-06 0)
(2.3613404247674574e-06 -9.3585837924724302e-06 0)
(2.273820751075107e-06 -9.1547208467099502e-06 0)
(2.1933726512640329e-06 -8.9498610879809383e-06 0)
(2.1197417893422141e-06 -8.7443803443978509e-06 0)
(2.0526608803724567e-06 -8.5386247414478616e-06 0)
(1.9918526486919392e-06 -8.3329111718475499e-06 0)
(1.9370325554554372e-06 -8.1275279972886184e-06 0)
(1.8879112892816047e-06 -7.9227359419001718e-06 0)
(1.8441970188603066e-06 -7.7187691407072395e-06 0)
(1.8055974099788554e-06 -7.5158363068989801e-06 0)
(1.7718214132097749e-06 -7.3141219870256602e-06 0)
(1.7425808316515791e-06 -7.1137878759663246e-06 0)
(1.7175916801702034e-06 -6.9149741671553779e-06 0)
(1.6965753489371631e-06 -6.717800916990216e-06 0)
(1.6792595851186835e-06 -6.5223694049751179e-06 0)
(1.6653793072247447e-06 -6.3287634746275071e-06 0)
(1.654677266726747e-06 -6.1370508427487122e-06 0)
(1.6469045714130531e-06 -5.9472843669612706e-06 0)
(1.6418210846816605e-06 -5.7595032637848431e-06 0)
(1.6391957143686533e-06 -5.5737342714235927e-06 0)
(1.6388066040031075e-06 -5.389992753083035e-06 0)
(1.6404412387679295e-06 -5.2082837381075095e-06 0)
(1.6438964773019815e-06 -5.0286028998239988e-06 0)
(1.6489785199633889e-06 -4.8509374689288195e-06 -1.9880367557935278e-27)
(1.6555028230677521e-06 -4.6752670840260941e-06 -1.9158979913027093e-27)
(1.6632939677958938e-06 -4.5015645792201843e-06 0)
(1.6721854917132073e-06 -4.3297967116646177e-06 0)
(1.6820196898771811e-06 -4.1599248301987066e-06 0)
(1.6926473920017287e-06 -3.9919054883562742e-06 0)
(1.7039277210904951e-06 -3.8256910039661751e-06 -1.5672053256813714e-27)
(1.7157278386158407e-06 -3.6612299683032607e-06 -1.4997410595197081e-27)
(1.727922680534855e-06 -3.4984677077999611e-06 -1.4329849974730708e-27)
(1.7403946879098813e-06 -3.3373467012508985e-06 -1.3669130988229533e-27)
(1.753033535424125e-06 -3.177806955408487e-06 0)
(1.7657358606216234e-06 -3.0197863419677574e-06 0)
(1.7784049962498708e-06 -2.8632208986838493e-06 1.1725474161470557e-27)
(1.7909507077108702e-06 -2.7080450974117031e-06 1.1089532686597285e-27)
(1.8032889375191604e-06 -2.5541920815118569e-06 0)
(1.8153415581241536e-06 -2.4015938756123069e-06 0)
(1.8270361342119686e-06 -2.2501815694964922e-06 0)
(1.8383056955927599e-06 -2.0998854787306049e-06 0)
(1.8490885214610493e-06 -1.9506352840181541e-06 0)
(1.8593279366366364e-06 -1.8023601513126708e-06 0)
(1.8689721202929026e-06 -1.6549888345637593e-06 0)
(1.8779739276155791e-06 -1.5084497627202289e-06 0)
(1.8862907246486342e-06 -1.3626711127749116e-06 0)
(1.8938842366177265e-06 -1.2175808702774811e-06 0)
(1.9007204098252772e-06 -1.0731068787744847e-06 4.3940965035870785e-28)
(1.9067692872122874e-06 -9.2917687942037135e-07 5.3239604613922806e-41)
(1.9120048977503559e-06 -7.8571854221297286e-07 -3.2178612667050579e-28)
(1.9164051596219794e-06 -6.4265948973568624e-07 0)
(1.9199517972387174e-06 -4.999273149168355e-07 0)
(1.922630272106354e-06 -3.5744959326783475e-07 0)
(1.9244297275245011e-06 -2.1515389125132484e-07 0)
(1.9253429471172769e-06 -7.2967771368997408e-08 0)
(1.9253663271600559e-06 6.9181205144205578e-08 0)
(1.9244998626956949e-06 2.1136547678375609e-07 0)
(1.9227471475051877e-06 3.5365748066896716e-07 0)
(1.9201153878777253e-06 4.9612965123561925e-07 0)
(1.9166154301456523e-06 6.3885441739146683e-07 0)
(1.9122618020552418e-06 7.8190419743186235e-07 -3.1972817096165976e-28)
(1.9070727679633896e-06 9.2535139077203509e-07 -3.7843772970544189e-28)
(1.9010703978441354e-06 1.0692683655007081e-06 0)
(1.8942806501822833e-06 1.2137274408180866e-06 0)
(1.8867334686493034e-06 1.3588008631346277e-06 0)
(1.878462892610043e-06 1.5045607749679045e-06 0)
(1.8695071814189213e-06 1.6510791752269541e-06 0)
(1.8599089523643606e-06 1.7984278697887162e-06 0)
(1.8497153322531777e-06 1.9466784109997964e-06 0)
(1.8389781223963599e-06 2.0959020246454398e-06 8.5768365629901805e-28)
(1.8277539768203192e-06 2.2461695229297537e-06 9.1923438771870824e-28)
(1.8161045933445704e-06 2.3975512016559275e-06 0)
(1.8040969171634875e-06 2.5501167202752845e-06 0)
(1.7918033564540637e-06 2.7039349624005086e-06 1.1067878475846031e-27)
(1.7793020092979951e-06 2.8590738752957708e-06 1.1703684737155376e-27)
(1.7666769011248585e-06 3.0156002858323514e-06 0)
(1.7540182316894607e-06 3.1735796909806293e-06 0)
(1.7414226304338768e-06 3.3330760202834441e-06 -1.3646885958885929e-27)
(1.7289934187655684e-06 3.4941513679183775e-06 -1.4307435740891542e-27)
(1.7168408774574666e-06 3.6568656916011734e-06 -1.497481810708978e-27)
(1.7050825171541018e-06 3.8212764757073814e-06 -1.5649273210098405e-27)
(1.6938433495457806e-06 3.9874383556746283e-06 0)
(1.6832561564619481e-06 4.1554027010309375e-06 0)
(1.6734617535620292e-06 4.3252171536917366e-06 0)
(1.6646092447492318e-06 4.4969251189055154e-06 0)
(1.65685626322355e-06 4.6705652060033026e-06 0)
(1.6503691939503763e-06 4.8461706153983877e-06 0)
(1.6453233720996056e-06 5.0237684703378106e-06 0)
(1.6419032512118554e-06 5.2033790895895119e-06 0)
(1.6403025337764022e-06 5.385015199981152e-06 0)
(1.6407242565839891e-06 5.5686810866151678e-06 0)
(1.6433808220279575e-06 5.754371679499418e-06 0)
(1.6484939657856347e-06 5.9420715764911983e-06 0)
(1.6562946504607285e-06 6.1317540025924107e-06 0)
(1.6670228738392859e-06 6.3233797072816212e-06 2.5927191779675769e-27)
(1.6809273795793798e-06 6.5168958024108347e-06 2.6723032457682315e-27)
(1.6982652574895916e-06 6.7122345450382403e-06 0)
(1.7193014197946266e-06 6.9093120707177842e-06 0)
(1.7443079390898732e-06 7.1080270851692307e-06 0)
(1.7735632336611797e-06 7.3082595246355586e-06 0)
(1.8073510855278864e-06 7.5098691968173126e-06 0)
(1.8459594766675106e-06 7.7126944178437111e-06 0)
(1.8896792296440134e-06 7.9165506635445821e-06 -3.2481579613124268e-27)
(1.938802439817325e-06 8.1212292560997818e-06 -3.3323884647547949e-27)
(1.9936206877127046e-06 8.3264961105106045e-06 -3.4168614732809507e-27)
(2.0544230222831128e-06 8.5320905692669238e-06 -3.5014677179624831e-27)
(2.1214937086884167e-06 8.7377243562027196e-06 0)
(2.1951097383534109e-06 8.9430806849235037e-06 0)
(2.2755381024457994e-06 9.147813559674841e-06 0)
(2.3630328349383918e-06 9.351547308043608e-06 0)
(2.4578318385320659e-06 9.553876389018583e-06 0)
(2.560153513133328e-06 9.7543655208169527e-06 0)
(2.6701932140662003e-06 9.9525501723637256e-06 0)
(2.7881195757699839e-06 1.0147937462581163e-05 0)
(2.914070745359412e-06 1.0340007509109599e-05 0)
(3.0481505796369733e-06 1.052821526336297e-05 0)
(3.1904248685396121e-06 1.0711992865110023e-05 0)
(3.3409176566800041e-06 1.0890752539337937e-05 4.4709834176421509e-27)
(3.4996077425962187e-06 1.106389005138998e-05 4.5419456261849821e-27)
(3.666425442417699e-06 1.1230788721053556e-05 4.610294064650822e-27)
(3.8412497105817387e-06 1.1390823984824681e-05 4.6757684885043286e-27)
(4.0239057031281169e-06 1.1543368470260389e-05 4.7381077756949698e-27)
(4.2141628248854714e-06 1.1687797461577056e-05 4.797052228673643e-27)
(4.4117334670877611e-06 1.1823493956494888e-05 0)
(4.6162741276562888e-06 1.1949846487241962e-05 0)
(4.8273881527241149e-06 1.206618040628185e-05 -4.9509197336306067e-27)
(5.0445803915472253e-06 1.2171130293708744e-05 -4.9932339709734298e-27)
(5.2670348125407223e-06 1.2257630066283154e-05 0)
(5.4935758541032441e-06 1.2276336599348277e-05 0)
(5.722400784889725e-06 1.1895857803431081e-05 0)
(5.9268724907784062e-06 9.14508436919562e-06 0)
(5.9335905920640518e-06 -5.7752006078058421e-06 0)
(5.2861126396285805e-06 -6.9695566174645689e-05 0)
(3.5601147233682748e-06 -0.00026055320443313102 0)
(1.1289482438443583e-06 -0.00048664969118965143 0)
(1.1320652183087189e-06 0.00048706597614984239 0)
(3.575809254222134e-06 0.00026099316984328413 0)
(5.3133448707598986e-06 7.0018434609776857e-05 0)
(5.9732362867550904e-06 6.02944067745762e-06 3.3170872894520918e-27)
(5.9789619787172656e-06 -8.9161284759675193e-06 -3.4504221586180294e-27)
(5.7864522534279311e-06 -1.1675728057549037e-05 0)
(5.5692049337816462e-06 -1.2061158515967718e-05 0)
(5.3538668673943962e-06 -1.2047075414597747e-05 0)
(5.1421947444826547e-06 -1.1965595981430846e-05 0)
(4.9353213793493093e-06 -1.1866153642993376e-05 0)
(4.7340269315942591e-06 -1.1755786648139223e-05 0)
(4.5387763058655851e-06 -1.1635812065048421e-05 0)
(4.3499419017557032e-06 -1.1506852059353539e-05 0)
(4.1678490910920501e-06 -1.1369464528797275e-05 0)
(3.9927733368358699e-06 -1.1224212876797776e-05 0)
(3.824938822678891e-06 -1.107166893362764e-05 0)
(3.6645193868571635e-06 -1.0912408539365474e-05 0)
(3.5116400794974893e-06 -1.074700663583616e-05 0)
(3.3663791522287978e-06 -1.0576032665337542e-05 0)
(3.2287704547583749e-06 -1.0400046395310195e-05 0)
(3.0988061675382241e-06 -1.0219594207015259e-05 0)
(2.9764397918664677e-06 -1.0035205860870081e-05 0)
(2.8615893225460223e-06 -9.8473917428983308e-06 0)
(2.7541405334783703e-06 -9.6566405837946613e-06 0)
(2.6539503129218061e-06 -9.4634176330080822e-06 0)
(2.5608499921990267e-06 -9.2681632657452633e-06 0)
(2.4746486189255042e-06 -9.071291991438969e-06 -3.7230268833730798e-27)
(2.3951361334071787e-06 -8.8731918315696683e-06 -3.6415499761829739e-27)
(2.3220864144189376e-06 -8.674224030787894e-06 0)
(2.255260167551744e-06 -8.4747230635976121e-06 0)
(2.1944076360556935e-06 -8.2749969000931581e-06 0)
(2.1392711199888393e-06 -8.0753274936111259e-06 -3.3133353439827671e-27)
(2.0895872947221389e-06 -7.8759714542038568e-06 -3.2313228615143447e-27)
(2.0450893251869752e-06 -7.6771608761942e-06 0)
(2.00550877624643e-06 -7.479104288292408e-06 0)
(1.970577322143046e-06 -7.2819876975955468e-06 0)
(1.9400282610848684e-06 -7.0859757024185458e-06 0)
(1.9135978434650021e-06 -6.8912126506194489e-06 0)
(1.8910264235399198e-06 -6.6978238243114359e-06 -2.746737331147145e-27)
(1.8720594456410364e-06 -6.5059166327754892e-06 -2.6678292115353239e-27)
(1.8564482767674647e-06 -6.3155817997554728e-06 0)
(1.8439508976488623e-06 -6.1268945321423928e-06 0)
(1.8343324646314461e-06 -5.9399156605116453e-06 0)
(1.8273657545721027e-06 -5.7546927429228867e-06 0)
(1.8228315045944239e-06 -5.5712611260009996e-06 0)
(1.8205186580669479e-06 -5.3896449583520682e-06 0)
(1.8202245277209683e-06 -5.2098581528930384e-06 0)
(1.821754886013717e-06 -5.0319052962357231e-06 0)
(1.8249239923066915e-06 -4.8557825033364626e-06 0)
(1.829554565632844e-06 -4.6814782178803087e-06 0)
(1.835477711130766e-06 -4.5089739579378093e-06 0)
(1.8425328075270566e-06 -4.338245008665574e-06 0)
(1.8505673623072156e-06 -4.1692610627107289e-06 0)
(1.859436840671789e-06 -4.001986810803117e-06 0)
(1.8690044735501541e-06 -3.8363824840727786e-06 0)
(1.8791410495576925e-06 -3.6724043505717105e-06 -1.5041937179358108e-27)
(1.8897246951108705e-06 -3.5100051683178982e-06 -1.4375965593877117e-27)
(1.9006406464567457e-06 -3.3491345974104847e-06 0)
(1.9117810168747384e-06 -3.1897395735325974e-06 0)
(1.9230445619284508e-06 -3.031764645582723e-06 0)
(1.934336445278932e-06 -2.8751522795122129e-06 0)
(1.9455680070929391e-06 -2.7198431313856042e-06 -1.1137130115782307e-27)
(1.9566565369354464e-06 -2.5657762910357835e-06 -1.0505891578059456e-27)
(1.9675250527489284e-06 -2.4128894997195718e-06 0)
(1.9781020871858985e-06 -2.2611193429617245e-06 0)
(1.9883214823903093e-06 -2.1104014211059618e-06 0)
(1.9981221941607451e-06 -1.9606704994220155e-06 0)
(2.007448106270596e-06 -1.811860639529385e-06 0)
(2.0162478555318621e-06 -1.6639053140035854e-06 0)
(2.0244746681176468e-06 -1.5167375056595949e-06 0)
(2.0320862076178725e-06 -1.3702897931434954e-06 0)
(2.0390444350332941e-06 -1.22449442432477e-06 -5.013566381350294e-28)
(2.0453154810241526e-06 -1.0792833786376782e-06 2.72443330341554e-41)
(2.0508695306250065e-06 -9.3458841987953798e-07 1.1343634793837017e-40)
(2.0556807204875818e-06 -7.9034114064812973e-07 -6.4733848966059377e-28)
(2.0597270488469455e-06 -6.4647299932915146e-07 -2.6479388757035245e-28)
(2.0629902982266992e-06 -5.029153511926087e-07 0)
(2.0654559709961384e-06 -3.5959947397211971e-07 0)
(2.0671132377096524e-06 -2.1645658954149655e-07 0)
(2.067954898421498e-06 -7.3417882423972626e-08 0)
(2.067977356795424e-06 6.958548427789435e-08 0)
(2.0671806071104844e-06 2.1262235382847416e-07 0)
(2.0655682342925439e-06 3.5576156155845025e-07 0)
(2.0631474267153304e-06 4.9907192012276875e-07 0)
(2.059929001948383e-06 6.4262220332630967e-07 0)
(2.0559274453967092e-06 7.8648112768166114e-07 -3.2157696297309723e-28)
(2.0511609618074902e-06 9.3071733080376959e-07 -3.8060612068361195e-28)
(2.0456515396088293e-06 1.0753993456356635e-06 0)
(2.0394250280892756e-06 1.2205955695649825e-06 0)
(2.0325112273519293e-06 1.3663742272621283e-06 0)
(2.0249439908770111e-06 1.5128033263386937e-06 0)
(2.0167613407209253e-06 1.6599506045943543e-06 6.7910654361479398e-28)
(2.008005595147588e-06 1.8078834675171161e-06 1.4793516017719424e-27)
(1.9987235084491352e-06 1.9566689150189547e-06 1.6012005933925049e-27)
(1.9889664227983661e-06 2.1063734558351692e-06 8.6190776072680528e-28)
(1.9787904317611689e-06 2.257063008219667e-06 0)
(1.9682565550491333e-06 2.408802785353513e-06 0)
(1.957430924056974e-06 2.5616571639519881e-06 0)
(1.9463849775306582e-06 2.7156895341174551e-06 1.1115123893738115e-27)
(1.9351956665758061e-06 2.8709621289581619e-06 1.1751403662612677e-27)
(1.9239456681584227e-06 3.0275358315170635e-06 0)
(1.9127236059129655e-06 3.1854699574395212e-06 0)
(1.9016242770145592e-06 3.3448220111181264e-06 0)
(1.890748883547043e-06 3.5056474128831432e-06 -1.4353194957995967e-27)
(1.8802052664676954e-06 3.6679991950950346e-06 -1.5018987495204156e-27)
(1.8701081400944829e-06 3.8319276646813127e-06 0)
(1.8605793246190081e-06 3.997480029651717e-06 0)
(1.8517479738070554e-06 4.16469998717543e-06 0)
(1.8437507945908428e-06 4.3336272706229922e-06 0)
(1.8367322547660382e-06 4.5042971531782856e-06 0)
(1.8308447746801638e-06 4.676739905793635e-06 0)
(1.8262488979248179e-06 4.8509802066914019e-06 0)
(1.8231134357861839e-06 5.0270365013643737e-06 0)
(1.8216155794488499e-06 5.2049203100669445e-06 0)
(1.82194097311977e-06 5.3846354824194522e-06 0)
(1.8242837408977354e-06 5.5661773976144252e-06 0)
(1.8288464592047472e-06 5.7495321099666434e-06 0)
(1.8358400660070047e-06 5.9346754402130245e-06 0)
(1.8454836973267586e-06 6.1215720136398131e-06 0)
(1.8580044408686539e-06 6.3101742473113477e-06 0)
(1.8736369958759451e-06 6.5004212896712458e-06 0)
(1.8926232278844315e-06 6.6922379175731062e-06 0)
(1.9152116065289033e-06 6.885533396636718e-06 2.8234564343979333e-27)
(1.9416565141769651e-06 7.0802003133804628e-06 2.9035144115504304e-27)
(1.9722174131147034e-06 7.2761133891790169e-06 0)
(2.0071578591544545e-06 7.4731282883229023e-06 0)
(2.0467443498570687e-06 7.6710804346775985e-06 -3.146552955021483e-27)
(2.0912449962943403e-06 7.8697838547002257e-06 -6.4565808359582738e-27)
(2.1409280085136663e-06 8.0690300661668415e-06 -3.3102524193401239e-27)
(2.1960599863687117e-06 8.2685870356550203e-06 0)
(2.2569040095088614e-06 8.4681982301794086e-06 0)
(2.3237175236872957e-06 8.6675817917449243e-06 0)
(2.3967500231353492e-06 8.8664298655792771e-06 0)
(2.4762405324176399e-06 9.064408114654413e-06 -3.7196627006431022e-27)
(2.5624148970342696e-06 9.2611554562060202e-06 1.293439849453262e-40)
(2.6554828968599435e-06 9.4562840569807153e-06 3.8807788313409189e-27)
(2.7556352025320162e-06 9.6493796245333556e-06 0)
(2.8630402016382274e-06 9.8400020313053868e-06 0)
(2.9778407285452779e-06 1.0027686307747513e-05 0)
(3.1001507391576414e-06 1.0211944037595196e-05 0)
(3.2300519794376651e-06 1.0392265184251921e-05 0)
(3.3675907041027446e-06 1.0568120373213429e-05 0)
(3.5127745087186574e-06 1.0738963645658964e-05 0)
(3.6655693445729626e-06 1.0904235692963357e-05 0)
(3.8258967910633945e-06 1.1063367567630769e-05 0)
(3.993631664603643e-06 1.1215784856621502e-05 -4.6025503129420411e-27)
(4.1686000345302521e-06 1.1360912280284535e-05 9.9434273130956083e-41)
(4.3505776714715868e-06 1.1498178597896635e-05 4.7178177651269977e-27)
(4.5392891185161806e-06 1.1627021024868447e-05 0)
(4.7344090613831508e-06 1.1746882342675854e-05 0)
(4.935565219841783e-06 1.185714141428091e-05 0)
(5.1422930353417695e-06 1.1956484779849341e-05 4.9037333118916234e-27)
(5.3538132130140208e-06 1.2037895953745378e-05 4.9354482677792863e-27)
(5.568993043729728e-06 1.2052078420200806e-05 0)
(5.7860786934622446e-06 1.1667684582407191e-05 0)
(5.9784840174200262e-06 8.913660845606684e-06 0)
(5.9728487458768044e-06 -6.0090253458226752e-06 0)
(5.312856275344254e-06 -6.9929715992262089e-05 0)
(3.5748601468049489e-06 -0.00026077744924543779 0)
(1.1322598653024667e-06 -0.00048680797072945788 0)
(1.1352016982088662e-06 0.00048721627260960287 0)
(3.5897719467551887e-06 0.00026120608558135482 0)
(5.3386682834958095e-06 7.024070657604563e-05 0)
(6.0104066306612623e-06 6.2513924311386544e-06 0)
(6.0278337673161977e-06 -8.6963967705583889e-06 0)
(5.8467705704865351e-06 -1.1458980683556214e-05 0)
(5.6406723081536458e-06 -1.1847999795683792e-05 0)
(5.4361412908159536e-06 -1.1838064388404176e-05 0)
(5.2348900455681675e-06 -1.1761253644405473e-05 0)
(5.0380121021884233e-06 -1.1666960000671371e-05 0)
(4.8462536045504328e-06 -1.1562177736475211e-05 0)
(4.6600508007283906e-06 -1.144817769554531e-05 0)
(4.4797528894970021e-06 -1.1325534299604505e-05 0)
(4.3056674962496621e-06 -1.1194756891645386e-05 0)
(4.1380576870682418e-06 -1.1056360182316266e-05 0)
(3.977140405694769e-06 -1.0910867796778568e-05 0)
(3.8230871405074636e-06 -1.0758808425675755e-05 0)
(3.6760251538990659e-06 -1.060071142037226e-05 0)
(3.5360390961581403e-06 -1.0437102624661639e-05 0)
(3.4031729918805744e-06 -1.0268500560163828e-05 0)
(3.2774325406260599e-06 -1.0095413002967265e-05 0)
(3.1587876647803341e-06 -9.9183339663874957e-06 0)
(3.0471752402975832e-06 -9.7377410976567142e-06 0)
(2.9425019496537701e-06 -9.5540934852020442e-06 0)
(2.8446472013908594e-06 -9.3678298643933666e-06 0)
(2.7534660662196572e-06 -9.1793672063160182e-06 0)
(2.6687921851444044e-06 -8.9890996652238124e-06 -3.6884127543154411e-27)
(2.5904406118167179e-06 -8.7973978586059025e-06 -3.6096027647771983e-27)
(2.5182105572317177e-06 -8.6046084513187673e-06 0)
(2.4518880109045894e-06 -8.4110540119323334e-06 0)
(2.3912482185379683e-06 -8.2170331107367572e-06 0)
(2.3360580012690303e-06 -8.0228206277227479e-06 -3.2911022852924874e-27)
(2.2860779065921685e-06 -7.8286682400539273e-06 -3.2112621642720123e-27)
(2.2410641846840919e-06 -7.6348050595482463e-06 0)
(2.2007705885156082e-06 -7.4414383936853363e-06 0)
(2.1649499990527901e-06 -7.2487546039533056e-06 0)
(2.1333558785963442e-06 -7.0569200392119866e-06 0)
(2.1057435582302471e-06 -6.8660820222627661e-06 0)
(2.0818713667426658e-06 -6.6763698719358247e-06 -2.7374787175181462e-27)
(2.0615016096467396e-06 -6.4878959437202232e-06 -2.6600070991513113e-27)
(2.0444014078438612e-06 -6.3007566756507893e-06 0)
(2.0303434059512143e-06 -6.1150336266028203e-06 0)
(2.0191063606246051e-06 -5.9307944980640876e-06 0)
(2.0104756191805606e-06 -5.748094129948772e-06 0)
(2.0042434989365578e-06 -5.5669754649069463e-06 0)
(2.0002095771062978e-06 -5.387470475113711e-06 0)
(1.9981809008823046e-06 -5.2096010482229929e-06 0)
(1.997972126854348e-06 -5.0333798293586553e-06 0)
(1.9994055983131287e-06 -4.8588110174859797e-06 0)
(2.0023113684661638e-06 -4.6858911152197936e-06 0)
(2.0065271770224239e-06 -4.5146096317129026e-06 0)
(2.0118983869636969e-06 -4.3449497390024816e-06 0)
(2.0182778877451024e-06 -4.1768888825398894e-06 0)
(2.0255259706361809e-06 -4.010399347231412e-06 0)
(2.0335101813211141e-06 -3.8454487803224654e-06 0)
(2.042105154371862e-06 -3.6820006728694149e-06 -1.5079885054558822e-27)
(2.051192433706591e-06 -3.520014801701104e-06 -1.4596528732896593e-41)
(2.0606602827089566e-06 -3.3594476339615648e-06 1.3757456005889542e-27)
(2.0704034873005745e-06 -3.2002526959938099e-06 0)
(2.0803231546953778e-06 -3.0423809092562859e-06 0)
(2.0903265104954354e-06 -2.8857808944278566e-06 0)
(2.1003266962441389e-06 -2.7303992471094283e-06 -1.1179552381058731e-27)
(2.1102425692069101e-06 -2.576180785642591e-06 -1.0547764632455089e-27)
(2.1199985062053719e-06 -2.4230687743634641e-06 0)
(2.1295242128147663e-06 -2.271005123450854e-06 0)
(2.1387545391176737e-06 -2.1199305674174617e-06 0)
(2.1476293030320277e-06 -1.9697848241403472e-06 0)
(2.1560931220671628e-06 -1.8205067358664808e-06 0)
(2.1640952541918653e-06 -1.6720343940511408e-06 0)
(2.1715894484898488e-06 -1.5243052493388914e-06 0)
(2.1785338060014154e-06 -1.3772562083630444e-06 0)
(2.1848906511718262e-06 -1.2308237184732369e-06 -5.0392388176257743e-28)
(2.190626414313554e-06 -1.0849438418931389e-06 -4.4421964853259783e-28)
(2.1957115252409726e-06 -9.3955232035201177e-07 -3.8471882108904957e-28)
(2.2001203183096648e-06 -7.9458463162831266e-07 -6.5078902720646395e-28)
(2.2038309490745206e-06 -6.4997603871046204e-07 -2.6621975336693947e-28)
(2.2068253226390643e-06 -5.0566163314089942e-07 0)
(2.2090890338261994e-06 -3.6157637300286886e-07 0)
(2.2106113192015512e-06 -2.1765511687979973e-07 0)
(2.2113850210846646e-06 -7.3832654921254023e-08 0)
(2.2114065634805374e-06 6.9956262987170067e-08 0)
(2.2106759399882146e-06 2.1377689949103622e-07 0)
(2.2091967138045134e-06 3.5769450320261557e-07 0)
(2.2069760296493697e-06 5.017742814147429e-07 0)
(2.2040246377049337e-06 6.4608137151393038e-07 0)
(2.2003569295354892e-06 7.9068081012007852e-07 -3.2326859893892722e-28)
(2.195990985930946e-06 9.3563749910412731e-07 -3.8258881213601769e-28)
(2.1909486366256044e-06 1.0810161674819522e-06 0)
(2.1852555318224078e-06 1.22688132822021e-06 0)
(2.1789412254463859e-06 1.373297228962582e-06 0)
(2.1720392699592383e-06 1.5203277955769853e-06 0)
(2.1645873225910235e-06 1.6680365674981197e-06 6.8236315870142244e-28)
(2.1566272627846374e-06 1.8164866235570031e-06 1.4862780631196747e-27)
(2.1482053205749692e-06 1.965740497234717e-06 1.6084997676314512e-27)
(2.1393722156052871e-06 2.115860079957445e-06 8.6572152522831493e-28)
(2.1301833063574307e-06 2.2669065110723996e-06 0)
(2.1206987490993242e-06 2.4189400530632769e-06 0)
(2.1109836659777692e-06 2.5720199505007801e-06 0)
(2.1011083215264997e-06 2.7262042710825092e-06 1.1157202191303647e-27)
(2.0911483067237506e-06 2.88154972722166e-06 1.1793701679933978e-27)
(2.0811847296188495e-06 3.0381114760907629e-06 0)
(2.0713044113029667e-06 3.1959428966181841e-06 0)
(2.0616000858809791e-06 3.3550953414909613e-06 0)
(2.0521706027452987e-06 3.5156178617727534e-06 -1.439259426881587e-27)
(2.043121129257306e-06 3.6775569026232721e-06 -1.5056587337336141e-27)
(2.0345633517120283e-06 3.8409559677083425e-06 0)
(2.0266156720430893e-06 4.0058552502535171e-06 0)
(2.0194033974361881e-06 4.1722912287198601e-06 0)
(2.0130589195850499e-06 4.34029622497249e-06 0)
(2.0077218799245226e-06 4.5098979229428676e-06 0)
(2.0035393167471723e-06 4.6811188459779533e-06 0)
(2.0006657895424264e-06 4.8539757910202081e-06 0)
(1.9992634754680258e-06 5.0284792183725429e-06 0)
(1.9995022322638492e-06 5.2046325955956792e-06 0)
(2.0015596213221054e-06 5.3824316949747082e-06 0)
(2.0056208841302117e-06 5.5618638441244577e-06 0)
(2.0118788646267067e-06 5.7429071300328894e-06 0)
(2.0205338694550078e-06 5.9255295575475981e-06 0)
(2.031793457534823e-06 6.1096881640383562e-06 0)
(2.0458721498458292e-06 6.295328093096332e-06 0)
(2.0629910498236824e-06 6.4823816310714633e-06 0)
(2.0833773644251249e-06 6.6707672118269323e-06 0)
(2.1072638155648175e-06 6.8603883960204849e-06 2.8126281665313973e-27)
(2.1348879316050382e-06 7.0511328334855829e-06 2.8910457196233028e-27)
(2.1664912085544193e-06 7.242871218553803e-06 0)
(2.2023181309639413e-06 7.4354562503485436e-06 0)
(2.2426150429930323e-06 7.6287216119671177e-06 -3.1285295427161548e-27)
(2.2876288610518074e-06 7.8224809851698183e-06 -6.4164041928967771e-27)
(2.3376056206555035e-06 8.0165271185026646e-06 -3.2879929426492946e-27)
(2.3927888515772674e-06 8.2106309700873877e-06 0)
(2.4534177782182109e-06 8.4045409484922545e-06 0)
(2.5197253439552045e-06 8.5979822768911915e-06 0)
(2.5919360611360665e-06 8.7906565071965848e-06 0)
(2.6702636929246924e-06 8.9822412139731405e-06 -3.6850305301306983e-27)
(2.7549087771229668e-06 9.1723898982163738e-06 -6.2915103625451822e-41)
(2.8460560067298303e-06 9.3607321327831168e-06 3.840571082904992e-27)
(2.9438714873013323e-06 9.5468739801772765e-06 0)
(3.0484998971326713e-06 9.7303987139006255e-06 0)
(3.1600615818907838e-06 9.9108678724766955e-06 0)
(3.2786496216986867e-06 1.0087822672306796e-05 0)
(3.4043269150601868e-06 1.026078580208931e-05 0)
(3.5371233297355704e-06 1.0429263616753401e-05 0)
(3.677032976284495e-06 1.0592748740431964e-05 0)
(3.8240116645635066e-06 1.075072308331147e-05 0)
(3.9779746074924791e-06 1.0902661264426572e-05 0)
(4.1387944394217122e-06 1.1048034424109151e-05 -4.5323792468008783e-27)
(4.30629960698822e-06 1.1186314390008004e-05 -9.693889581962189e-41)
(4.4802731445473663e-06 1.1316978079411609e-05 4.6420987542643381e-27)
(4.6604520113704196e-06 1.1439511348707752e-05 0)
(4.8465286534572629e-06 1.1553405478061476e-05 0)
(5.0381539985656678e-06 1.1658087015961447e-05 0)
(5.2348921440414961e-06 1.1752288674265641e-05 4.8185850400008537e-27)
(5.4359978004347657e-06 1.1829037935216476e-05 4.8484036683958018e-27)
(5.640377513206529e-06 1.1839079550153113e-05 0)
(5.846321526612618e-06 1.1451105478971084e-05 0)
(6.0272881724237e-06 8.6941130683588056e-06 0)
(6.0099630104540591e-06 -6.2307561209143625e-06 0)
(5.3381378162509569e-06 -7.0151694458470194e-05 0)
(3.5887950655045403e-06 -0.00026099000427276574 0)
(1.1353885260462339e-06 -0.0004869579939401898 0)
(1.1381701858719913e-06 0.00048735874443946734 0)
(3.6029901236522081e-06 0.00026140792263423053 0)
(5.3626444930324495e-06 7.0451444171064641e-05 0)
(6.0456132939475182e-06 6.4618815499123212e-06 0)
(6.0741416618369069e-06 -8.4879313509697876e-06 0)
(5.9039426800120077e-06 -1.1253245389236509e-05 0)
(5.7084419651190436e-06 -1.1645550628545534e-05 0)
(5.5142000630241459e-06 -1.1639416267402805e-05 0)
(5.3228886648308655e-06 -1.1566887723339513e-05 0)
(5.1355650852530425e-06 -1.1477321098320261e-05 0)
(4.9529439285127977e-06 -1.1377671625309312e-05 -4.6656995170825853e-27)
(4.7754346085887771e-06 -1.1269169002700741e-05 0)
(4.6033642882863529e-06 -1.1152345039411209e-05 4.574067608977979e-27)
(4.4370233718385722e-06 -1.1027665611922148e-05 0)
(4.2766624480985788e-06 -1.0895601697417852e-05 0)
(4.1224905807794643e-06 -1.0756633471124209e-05 0)
(3.9746757631488081e-06 -1.061124696133252e-05 0)
(3.833345880343702e-06 -1.0459930095978606e-05 -4.2911415216725429e-27)
(3.698590012322777e-06 -1.0303168927468699e-05 -4.2269265491096778e-27)
(3.570460076292743e-06 -1.0141444151101924e-05 0)
(3.44897276118231e-06 -9.9752279528594949e-06 0)
(3.3341116969737212e-06 -9.8049812031802815e-06 0)
(3.2258298035731845e-06 -9.6311510066109324e-06 0)
(3.1240517666608746e-06 -9.454168607869704e-06 0)
(3.0286765916561073e-06 -9.2744476463883306e-06 0)
(2.9395801912369283e-06 -9.0923827491025219e-06 0)
(2.8566179665249978e-06 -8.9083484429674252e-06 0)
(2.7796273472031412e-06 -8.7226983664830736e-06 0)
(2.7084302610127188e-06 -8.5357647569418237e-06 0)
(2.6428355080358994e-06 -8.3478581880565493e-06 0)
(2.5826410201519537e-06 -8.159267531139868e-06 0)
(2.5276359905855277e-06 -7.9702601139175859e-06 0)
(2.4776028627840957e-06 -7.781082050296452e-06 0)
(2.4323191714430772e-06 -7.5919587158577858e-06 0)
(2.3915592317793289e-06 -7.4030953449223938e-06 0)
(2.3550956765786816e-06 -7.2146777263355449e-06 0)
(2.3227008427461332e-06 -7.0268729780192213e-06 0)
(2.2941480107044731e-06 -6.8398303804762068e-06 0)
(2.2692125020183773e-06 -6.6536822524178387e-06 0)
(2.2476726418795559e-06 -6.4685448533272435e-06 0)
(2.2293105938561324e-06 -6.2845192997634447e-06 0)
(2.2139130752045544e-06 -6.1016924835445875e-06 0)
(2.201271961269923e-06 -5.9201379828448275e-06 0)
(2.1911847877191575e-06 -5.7399169568358191e-06 0)
(2.1834551594263324e-06 -5.5610790183904101e-06 -2.2788644063702893e-27)
(2.177893074737058e-06 -5.3836630781772551e-06 -2.2060142351965165e-27)
(2.1743151734716707e-06 -5.2076981570803005e-06 0)
(2.1725449167485076e-06 -5.0332041626639654e-06 0)
(2.1724127064420681e-06 -4.8601926281783559e-06 0)
(2.1737559514039714e-06 -4.688667412196939e-06 0)
(2.1764190873572327e-06 -4.518625358382466e-06 0)
(2.1802535567109831e-06 -4.3500569147830805e-06 0)
(2.1851177540785694e-06 -4.1829467132106314e-06 -1.7132625407286707e-27)
(2.1908769428846328e-06 -4.0172741093880186e-06 -1.6453146077785538e-27)
(2.1974031479243556e-06 -3.8530136846600185e-06 0)
(2.2045750281963817e-06 -3.6901357105373312e-06 0)
(2.2122777340551735e-06 -3.5286065775880488e-06 1.4449547604366412e-27)
(2.2204027521921238e-06 -3.3683891903809744e-06 1.3792826960304366e-27)
(2.2288477416279047e-06 -3.2094433296617708e-06 -1.3141409671605275e-27)
(2.2375163635398831e-06 -3.0517259843534501e-06 -1.2495115853945019e-27)
(2.2463181074483093e-06 -2.8951916540859292e-06 0)
(2.255168115922527e-06 -2.739792625176408e-06 0)
(2.2639870096944265e-06 -2.5854792208593154e-06 0)
(2.2727007149404871e-06 -2.4322000281637008e-06 0)
(2.2812402941177593e-06 -2.2799021028744423e-06 0)
(2.2895417816813725e-06 -2.1285311542395165e-06 -8.7137066136977521e-28)
(2.2975460257113671e-06 -1.978031711206429e-06 -8.0975046011672527e-28)
(2.3051985363878947e-06 -1.8283472714174055e-06 0)
(2.3124493420900571e-06 -1.6794204347539355e-06 0)
(2.3192528538233486e-06 -1.5311930226033402e-06 0)
(2.3255677384995681e-06 -1.3836061844195623e-06 0)
(2.331356801531695e-06 -1.2366004925420647e-06 -5.0626098834015027e-28)
(2.3365868791786314e-06 -1.0901160269651318e-06 0)
(2.3412287409230929e-06 -9.4409245060275958e-07 3.8655868933378887e-28)
(2.3452570021438756e-06 -7.9846907680912252e-07 0)
(2.3486500473351093e-06 -6.5318492971407293e-07 0)
(2.3513899639928215e-06 -5.0817879873989749e-07 0)
(2.3534624873279322e-06 -3.6338928803218501e-07 0)
(2.3548569559250412e-06 -2.1875486183370118e-07 -8.9774147084158125e-29)
(2.3555662784350351e-06 -7.4213886994672446e-08 -3.0636507073821801e-29)
(2.3555869112543568e-06 7.0295327265095839e-08 -2.8487936531685503e-29)
(2.3549188473417138e-06 2.1483449007171339e-07 -8.7624892788088343e-29)
(2.353565616223114e-06 3.5946529082142978e-07 0)
(2.3515342950277791e-06 5.0424936030117557e-07 0)
(2.3488355306517421e-06 6.4924823057709679e-07 0)
(2.3454835729900485e-06 7.945232926453152e-07 3.2481140847101546e-28)
(2.3414963191737856e-06 9.401357510164895e-07 7.687914303718353e-28)
(2.3368953687331618e-06 1.0861465742526494e-06 4.4414603962206931e-28)
(2.3317060895911634e-06 1.2326164405064592e-06 0)
(2.3259576947373031e-06 1.3796056771141623e-06 0)
(2.3196833294358899e-06 1.5271741932499643e-06 0)
(2.3129201687069187e-06 1.6753814044458072e-06 0)
(2.3057095248778447e-06 1.8242861480111488e-06 0)
(2.2980969648476442e-06 1.9739465881120094e-06 -8.0753880581598039e-28)
(2.2901324366414934e-06 2.1244201092956479e-06 -8.6914914379765622e-28)
(2.2818704048740799e-06 2.2757631972196883e-06 0)
(2.2733699944865331e-06 2.4280313051677691e-06 0)
(2.2646951421149276e-06 2.5812787049915291e-06 0)
(2.25591475429991e-06 2.7355583209956619e-06 1.1194442442002163e-27)
(2.247102871604812e-06 2.8909215452510096e-06 2.3661863421916532e-27)
(2.2383388375901617e-06 3.047418032620051e-06 0)
(2.2297074713462384e-06 3.2050954740492312e-06 -1.3118286539805638e-27)
(2.2212992421737745e-06 3.3639993462865223e-06 0)
(2.2132104446913568e-06 3.5241726361027628e-06 0)
(2.2055433724150018e-06 3.6856555376370862e-06 0)
(2.1984064877253926e-06 3.8484851208165693e-06 0)
(2.191914585631065e-06 4.0126949690105019e-06 0)
(2.186188948527525e-06 4.1783147843650997e-06 0)
(2.1813574888150316e-06 4.3453699591048872e-06 0)
(2.1775548757721862e-06 4.5138811110573152e-06 0)
(2.1749226427589185e-06 4.6838635821772725e-06 0)
(2.1736092703208101e-06 4.8553268987244578e-06 0)
(2.1737702403607127e-06 5.0282741921008674e-06 2.0595975870214481e-27)
(2.1755680560481633e-06 5.2027015798155412e-06 2.1312005398596535e-27)
(2.1791722216432696e-06 5.3785975061122629e-06 0)
(2.1847591759524098e-06 5.5559420427039533e-06 0)
(2.1925121726192212e-06 5.7347061502539616e-06 2.3496506648048272e-27)
(2.2026211000009184e-06 5.9148509022345941e-06 2.4236404794809229e-27)
(2.2152822328595569e-06 6.0963266732990925e-06 0)
(2.230697907884472e-06 6.2790722954926688e-06 0)
(2.2490761145775576e-06 6.4630141864929785e-06 0)
(2.270629992785387e-06 6.6480654554332308e-06 -2.724875093188278e-27)
(2.2955772281511743e-06 6.8341249928218917e-06 -2.8013342211551058e-27)
(2.3241393366844114e-06 7.0210765530591097e-06 0)
(2.3565408299312479e-06 7.2087878391536128e-06 0)
(2.3930082525245362e-06 7.3971096011446752e-06 0)
(2.4337690846347563e-06 7.5858747615522484e-06 0)
(2.4790505027182652e-06 7.7748975831555459e-06 -3.1879989591915562e-27)
(2.5290779932623957e-06 7.9639728956087896e-06 -3.2657146442059871e-27)
(2.5840738162007704e-06 8.1528754008600968e-06 3.3433572402070028e-27)
(2.6442553161888921e-06 8.3413590776788308e-06 3.4208238375874966e-27)
(2.7098330822990888e-06 8.529156707635994e-06 0)
(2.781008960095373e-06 8.7159795466751913e-06 3.5747729562917839e-27)
(2.8579739232941432e-06 8.9015171680901572e-06 3.651004892861912e-27)
(2.9409058157152809e-06 9.0854375025582686e-06 0)
(3.0299669786783748e-06 9.2673871023552952e-06 -3.8012893997512796e-27)
(3.1253017835205341e-06 9.4469916553971554e-06 -3.8750377720272158e-27)
(3.2270340938147674e-06 9.6238567748399742e-06 0)
(3.3352646867797104e-06 9.7975690879474692e-06 0)
(3.4500686686114194e-06 9.9676976443295414e-06 0)
(3.5714929237029593e-06 1.0133795661364063e-05 4.1568073238730614e-27)
(3.6995536422493566e-06 1.0295402619100798e-05 4.2230294755512657e-27)
(3.8342339751624861e-06 1.0452046710011673e-05 4.2871777286453868e-27)
(3.9754818685771218e-06 1.0603247644648493e-05 4.3490520542381414e-27)
(4.1232081332837818e-06 1.0748519803057515e-05 0)
(4.2772848063855201e-06 1.0887375714299613e-05 0)
(4.4375438524312809e-06 1.1019329829378012e-05 0)
(4.6037762052354369e-06 1.1143902472378805e-05 0)
(4.775731316542492e-06 1.1260623185991684e-05 -4.6172556031234748e-27)
(4.9531188638333004e-06 1.1369026666643095e-05 -4.6612731705710619e-27)
(5.1356118155658923e-06 1.1468582023731171e-05 0)
(5.3228011020932008e-06 1.1558063069469831e-05 0)
(5.5139729683511539e-06 1.1630536338816889e-05 0)
(5.7080701753171337e-06 1.1636783197042981e-05 4.7610987244872822e-27)
(5.9034238835265907e-06 1.1245530848008077e-05 4.5647310631013431e-27)
(6.0735346396897545e-06 8.4858232667462119e-06 0)
(6.0451177546335431e-06 -6.4410336808139682e-06 0)
(5.3620740231602487e-06 -7.0362153140993378e-05 0)
(3.6019872167581468e-06 -0.00026119149966403728 0)
(1.1383497101096277e-06 -0.00048710020795375271 0)
(1.1409851899526428e-06 0.00048749380166691729 0)
(3.6155282060115726e-06 0.000261599259123847 0)
(5.38539211586063e-06 7.0651246404796129e-05 0)
(6.0790228110350523e-06 6.6615015859582389e-06 0)
(6.118098106756694e-06 -8.2901633272830897e-06 0)
(5.9582316880928218e-06 -1.1057979484284761e-05 0)
(5.7728217900479773e-06 -1.1453297733144107e-05 0)
(5.5883913715587731e-06 -1.145065075851111e-05 0)
(5.4065747855040349e-06 -1.1382054137299299e-05 0)
(5.2283960053256829e-06 -1.129683174730103e-05 0)
(5.0545403931016608e-06 -1.1201904099247097e-05 -4.592325096817348e-27)
(4.8853922526562253e-06 -1.1098464211151116e-05 -5.3982780440202099e-42)
(4.7212578629353851e-06 -1.0987005803741333e-05 4.5049794626939828e-27)
(4.5624110016937269e-06 -1.0867955791960942e-05 0)
(4.4090898442184242e-06 -1.0741745831460213e-05 0)
(4.2614951432363472e-06 -1.0608816900400344e-05 0)
(4.1197905156129659e-06 -1.0469616401955546e-05 0)
(3.9841031876620421e-06 -1.032459461509087e-05 -4.234452245451275e-27)
(3.8545250409265663e-06 -1.0174201275517571e-05 -4.1728769738181847e-27)
(3.7311139663354003e-06 -1.0018882400056589e-05 0)
(3.6138954884391794e-06 -9.859077387994977e-06 0)
(3.5028646108425455e-06 -9.6952164170677699e-06 0)
(3.3979878354291682e-06 -9.527718145379854e-06 0)
(3.2992053097956102e-06 -9.3569877221236834e-06 0)
(3.2064330600507017e-06 -9.1834151032822427e-06 0)
(3.1195652694951664e-06 -9.0073736650740722e-06 0)
(3.0384765676440479e-06 -8.8292191021419891e-06 0)
(2.9630242977325109e-06 -8.6492885939055222e-06 0)
(2.8930507355665829e-06 -8.4679002201347123e-06 0)
(2.828385236647229e-06 -8.285352605785193e-06 0)
(2.7688462926022966e-06 -8.1019247720227115e-06 0)
(2.7142434820451559e-06 -7.9178761718780268e-06 0)
(2.6643793045347388e-06 -7.7334468874780695e-06 0)
(2.6190508899293951e-06 -7.5488579673161258e-06 0)
(2.5780515779614907e-06 -7.3643118821978377e-06 0)
(2.5411723658906445e-06 -7.1799930795160699e-06 0)
(2.5082032244155927e-06 -6.9960686176933691e-06 0)
(2.4789342837977598e-06 -6.8126888635876833e-06 0)
(2.4531568938298965e-06 -6.6299882370701416e-06 0)
(2.4306645622626474e-06 -6.4480859886653009e-06 0)
(2.4112537775885101e-06 -6.2670869978353649e-06 0)
(2.3947247228430542e-06 -6.0870825809357313e-06 0)
(2.3808818873115349e-06 -5.9081512997481894e-06 0)
(2.3695345836203755e-06 -5.7303597619162129e-06 0)
(2.3604973775828889e-06 -5.5537634073088646e-06 -2.2755326663126783e-27)
(2.3535904383728851e-06 -5.3784072739352951e-06 -2.2035473702244792e-27)
(2.3486398163812324e-06 -5.2043267398525632e-06 0)
(2.3454776557734408e-06 -5.0315482366077623e-06 0)
(2.3439423487843783e-06 -4.8600899322700042e-06 0)
(2.3438786382403129e-06 -4.689962381785954e-06 0)
(2.3451376744511665e-06 -4.521169143860192e-06 0)
(2.3475770321644606e-06 -4.353707362980343e-06 0)
(2.3510606931325537e-06 -4.1875683169650214e-06 -1.714960787171881e-27)
(2.3554589991725111e-06 -4.0227379302995411e-06 -1.6473712723458261e-27)
(2.360648580195972e-06 -3.8591972534205014e-06 0)
(2.3665122614760067e-06 -3.6969229089221777e-06 0)
(2.3729389539116886e-06 -3.5358875058420551e-06 0)
(2.3798235306791956e-06 -3.3760600232529995e-06 0)
(2.3870666933543111e-06 -3.2174061641258969e-06 -1.317277828307923e-27)
(2.3945748302897474e-06 -3.0598886814783268e-06 -1.2527397941354709e-27)
(2.4022598696772933e-06 -2.9034676776743257e-06 0)
(2.4100391294871902e-06 -2.7481008788654009e-06 0)
(2.4178351662252632e-06 -2.5937438858390332e-06 0)
(2.4255756241959329e-06 -2.4403504028988805e-06 0)
(2.4331930867329003e-06 -2.2878724462227349e-06 0)
(2.4406249307727621e-06 -2.1362605332149855e-06 -8.7446855439740641e-28)
(2.4478131858597066e-06 -1.9854638543852973e-06 -8.1273315096376902e-28)
(2.4547043985482976e-06 -1.835430428874622e-06 0)
(2.4612495030444052e-06 -1.6861072452908484e-06 0)
(2.4674036988630749e-06 -1.5374403889213184e-06 0)
(2.4731263360762812e-06 -1.3893751567315206e-06 0)
(2.4783808086329442e-06 -1.2418561611562232e-06 -5.0838100115962669e-28)
(2.4831344562785591e-06 -1.0948274241677909e-06 0)
(2.4873584754229061e-06 -9.4823246217379051e-07 3.8823188553284255e-28)
(2.4910278392219589e-06 -8.0201436339955689e-07 0)
(2.4941212271555131e-06 -6.5611585838801646e-07 0)
(2.4966209643630762e-06 -5.104793847095831e-07 0)
(2.4985129708034037e-06 -3.6504714685852192e-07 0)
(2.4997867203830642e-06 -2.1976117216299812e-07 -9.0187318883483439e-29)
(2.5004352103212104e-06 -7.456336377712574e-08 -3.0785194889354798e-29)
(2.5004549405866983e-06 7.0604448788250342e-08 -2.8604460057238563e-29)
(2.4998459035624451e-06 2.1580045978183845e-07 -8.8005895641697607e-29)
(2.498611584040878e-06 3.6108283843291507e-07 0)
(2.4967589694029777e-06 5.0650967940406341e-07 0)
(2.4942985700451025e-06 6.5213895202913595e-07 0)
(2.4912444499789928e-06 7.9802844738124898e-07 3.2621364963892125e-28)
(2.4876142675420629e-06 9.4423572234453794e-07 7.7207330290418424e-28)
(2.4834293261115277e-06 1.090818039746046e-06 4.4601598060241384e-28)
(2.4787146346948118e-06 1.2378323036238438e-06 0)
(2.4734989782208249e-06 1.385334988722072e-06 0)
(2.4678149973183357e-06 1.5333820632291121e-06 0)
(2.4616992773715111e-06 1.6820289037515322e-06 0)
(2.4551924464563828e-06 1.8313302012990642e-06 0)
(2.4483392818576979e-06 1.9813398575836976e-06 -8.1048895360496266e-28)
(2.4411888247163511e-06 2.132110869949644e-06 -8.7221444417140158e-28)
(2.4337945022321786e-06 2.2836952042391735e-06 0)
(2.4262142568748446e-06 2.4361436540059144e-06 0)
(2.4185106818231037e-06 2.5895056849392835e-06 0)
(2.4107511618055525e-06 2.7438292631101908e-06 1.1227167206747696e-27)
(2.403008018368493e-06 2.8991606656330606e-06 2.372687845362758e-27)
(2.3953586584629443e-06 3.0555442723386661e-06 0)
(2.3878857250038657e-06 3.2130223370200201e-06 -1.314932595657688e-27)
(2.3806772479398386e-06 3.371634736600841e-06 0)
(2.3738267941187896e-06 3.5314186968221588e-06 0)
(2.3674336140028991e-06 3.6924084929288067e-06 0)
(2.3616027830875654e-06 3.8546351238644089e-06 0)
(2.3564453355923922e-06 4.0181259583132006e-06 0)
(2.3520783875391466e-06 4.1829043512917974e-06 0)
(2.3486252462678066e-06 4.3489892302240126e-06 0)
(2.3462155029960677e-06 4.5163946486609378e-06 0)
(2.3449851044134336e-06 4.6851293072909219e-06 0)
(2.3450763994678648e-06 4.8551960409899161e-06 0)
(2.3466381565679598e-06 5.0265912714128122e-06 2.058611677504108e-27)
(2.3498255462612398e-06 5.1993044252839066e-06 2.1294931377175642e-27)
(2.3548000841839999e-06 5.3733173178508047e-06 0)
(2.3617295282557838e-06 5.5486035029855439e-06 0)
(2.370787724146243e-06 5.7251275905612135e-06 2.3453466796140056e-27)
(2.3821543924778735e-06 5.9028445333259037e-06 2.4183181651190209e-27)
(2.3960148507588127e-06 6.0816988858062659e-06 0)
(2.4125596630133233e-06 6.2616240386662834e-06 0)
(2.4319842097440913e-06 6.4425414332369587e-06 0)
(2.4544881707245757e-06 6.6243597615420864e-06 -2.7146527356541065e-27)
(2.4802749131645372e-06 6.8069741587093391e-06 -2.7896705700774977e-27)
(2.5095507779043874e-06 6.9902653957079651e-06 0)
(2.5425242565997045e-06 7.1740990819519998e-06 0)
(2.5794050533299645e-06 7.3583248886364529e-06 0)
(2.6204030249289922e-06 7.5427758050808555e-06 0)
(2.6657269949600602e-06 7.7272674426584656e-06 -3.1677778777525097e-27)
(2.71558343818535e-06 7.9115974011094595e-06 -3.2435127359333391e-27)
(2.7701750335145231e-06 8.0955447157425094e-06 3.3190876471578867e-27)
(2.829699084907015e-06 8.2788694025311915e-06 3.3944022961363358e-27)
(2.8943458128652206e-06 8.4613121223801564e-06 0)
(2.9642965214630091e-06 8.6425939849421169e-06 3.543809041943398e-27)
(3.0397216486682705e-06 8.8224165144949146e-06 3.617659841419506e-27)
(3.1207787112697531e-06 9.0004617999909799e-06 0)
(3.2076101594208434e-06 9.1763928517266064e-06 -3.7629922781464321e-27)
(3.3003411596704277e-06 9.3498541867193305e-06 -3.8341846721942242e-27)
(3.3990773295831115e-06 9.5204726632885445e-06 0)
(3.503902451211503e-06 9.6878585840877667e-06 0)
(3.6148761949660836e-06 9.8516070830868067e-06 0)
(3.7320318896569104e-06 1.0011299809926634e-05 4.1054188852756856e-27)
(3.8553743781981816e-06 1.0166506919742411e-05 4.1689867821043665e-27)
(3.9848780017533036e-06 1.0316789370561501e-05 4.2304988566140947e-27)
(4.1204847576453132e-06 1.0461701526607967e-05 4.2897696493974592e-27)
(4.2621026785804827e-06 1.0600794055935974e-05 0)
(4.409604481970641e-06 1.0733617104226877e-05 0)
(4.5628265276560346e-06 1.0859723711570326e-05 0)
(4.7215680762148673e-06 1.0978673359551634e-05 0)
(4.8855910048812415e-06 1.1090034869569672e-05 -4.5459940590236665e-27)
(5.0546216251940322e-06 1.1193381854278289e-05 -4.5879370622206465e-27)
(5.2283537922545146e-06 1.1288221464725923e-05 0)
(5.4064035447668788e-06 1.1373364153729287e-05 0)
(5.5880863653542041e-06 1.1441911186550334e-05 0)
(5.7723783573647148e-06 1.1444676414429604e-05 4.6810581721750055e-27)
(5.9576480745244659e-06 1.1050418254703303e-05 4.48348175505816e-27)
(6.1174339332913135e-06 8.2882222763979958e-06 0)
(6.0784791325355836e-06 -6.6404538552689095e-06 0)
(5.3847847098090478e-06 -7.0561690786329347e-05 0)
(3.6145011454097112e-06 -0.00026138251232656453 0)
(1.1411579162188862e-06 -0.00048723502173922336 0)
(1.1436597179719903e-06 0.00048762181935982157 0)
(3.6274436155460818e-06 0.00026178062361915071 0)
(5.4070143124388616e-06 7.0840658947627169e-05 0)
(6.1107856252508817e-06 6.8507852440907951e-06 0)
(6.1598990907500875e-06 -8.1025734419882671e-06 0)
(6.009876357713668e-06 -1.0872684581070587e-05 0)
(5.8340907062808225e-06 -1.1270768248972673e-05 0)
(5.659030960777445e-06 -1.1271324112864454e-05 0)
(5.486297283474606e-06 -1.1206341251337759e-05 0)
(5.3168829352217104e-06 -1.1125114901760897e-05 0)
(5.151446158658327e-06 -1.1034534643870322e-05 0)
(4.9903477702906752e-06 -1.0935760744453934e-05 0)
(4.8338742901581996e-06 -1.0829252832273298e-05 0)
(4.6822835075612259e-06 -1.0715402855558235e-05 0)
(4.5358013559974116e-06 -1.0594607078351009e-05 0)
(4.3946200117255245e-06 -1.0467271089005946e-05 0)
(4.2588980484645532e-06 -1.0333807299882003e-05 0)
(4.1287610067449311e-06 -1.0194631759850525e-05 0)
(4.0043022272585158e-06 -1.0050161057415689e-05 0)
(3.8855839636796017e-06 -9.9008094248974166e-06 0)
(3.7726387440788876e-06 -9.7469860756635203e-06 0)
(3.6654709394223277e-06 -9.5890927920035943e-06 0)
(3.5640584983213985e-06 -9.4275217759808115e-06 0)
(3.4683548086612829e-06 -9.2626537675180343e-06 0)
(3.3782906486330786e-06 -9.0948564293319931e-06 0)
(3.2937761922339202e-06 -8.924482993557863e-06 0)
(3.2147030375585969e-06 -8.7518711615107997e-06 0)
(3.1409462291008119e-06 -8.5773422434889617e-06 0)
(3.0723662490338744e-06 -8.4012005235661098e-06 -2.2963375745637857e-27)
(3.00881095608598e-06 -8.2237328329554746e-06 -2.2477513188868599e-27)
(2.9501174540137896e-06 -8.0452083136062245e-06 0)
(2.8961138750919011e-06 -7.8658783527296441e-06 0)
(2.8466210672539153e-06 -7.6859766696709481e-06 0)
(2.8014541765877549e-06 -7.5057195357484114e-06 0)
(2.7604241194609077e-06 -7.3253061089009149e-06 0)
(2.7233389410041525e-06 -7.1449188652671458e-06 0)
(2.6900050586320064e-06 -6.9647241110213591e-06 0)
(2.6602283912795468e-06 -6.7848725588512069e-06 0)
(2.6338153768774541e-06 -6.6054999557907201e-06 0)
(2.6105738810775319e-06 -6.4267277481699996e-06 0)
(2.5903140015529027e-06 -6.2486637730591176e-06 0)
(2.5728487732702797e-06 -6.0714029652601285e-06 0)
(2.5579947802816186e-06 -5.895028071468672e-06 0)
(2.5455726801584818e-06 -5.7196103632318565e-06 0)
(2.5354076473883576e-06 -5.5452103425265804e-06 0)
(2.5273297421393416e-06 -5.3718784341193924e-06 0)
(2.5211742107778248e-06 -5.199655660337519e-06 0)
(2.5167817243625678e-06 -5.0285742942708944e-06 0)
(2.5139985612630988e-06 -4.8586584887239158e-06 0)
(2.5126767397722392e-06 -4.6899248786089011e-06 0)
(2.5126741061933751e-06 -4.5223831554726504e-06 0)
(2.5138543836565598e-06 -4.3560366125732005e-06 0)
(2.5160871867481773e-06 -4.190882660452802e-06 0)
(2.5192480064085674e-06 -4.0269133128006371e-06 0)
(2.5232181693173485e-06 -3.8641156425525719e-06 0)
(2.52788477579639e-06 -3.7024722087613857e-06 0)
(2.5331406197592918e-06 -3.5419614550959733e-06 0)
(2.5388840939437092e-06 -3.3825580806902488e-06 0)
(2.5450190834135948e-06 -3.2242333843340316e-06 0)
(2.5514548499985299e-06 -3.0669555833136961e-06 0)
(2.5581059100642015e-06 -2.910690107873087e-06 0)
(2.5648919077567216e-06 -2.7553998727317317e-06 0)
(2.5717374856605144e-06 -2.6010455269194771e-06 7.0979479279284102e-28)
(2.5785721545678536e-06 -2.4475856831992056e-06 6.6790327371295869e-28)
(2.5853301638065159e-06 -2.2949771283679749e-06 0)
(2.5919503735255354e-06 -2.1431750157961061e-06 0)
(2.5983761300741094e-06 -1.9921330415574873e-06 0)
(2.6045551455148874e-06 -1.8418036051318171e-06 0)
(2.6104393820829452e-06 -1.692137956243009e-06 0)
(2.6159849424229462e-06 -1.5430863287796102e-06 0)
(2.6211519662722457e-06 -1.3945980630470411e-06 0)
(2.625904534090449e-06 -1.246621717334423e-06 0)
(2.6302105781826752e-06 -1.0991051702068468e-06 0)
(2.6340418017104023e-06 -9.5199571399248467e-07 0)
(2.6373736059483701e-06 -8.0524014100605476e-07 0)
(2.6401850260402284e-06 -6.587848231830335e-07 0)
(2.6424586755513624e-06 -5.1257578614700491e-07 0)
(2.644180699942599e-06 -3.6655877850267629e-07 0)
(2.6453407391563877e-06 -2.2067933749927385e-07 0)
(2.6459318995220388e-06 -7.48828515708247e-08 0)
(2.6459507348542403e-06 7.0885379192673699e-08 0)
(2.6453972370027496e-06 2.1668008347210058e-07 0)
(2.6442748358499693e-06 3.6255596006016522e-07 0)
(2.6425904086200369e-06 5.0856761850615464e-07 0)
(2.6403542986243791e-06 6.547695185806967e-07 0)
(2.6375803433097408e-06 8.0121590763875586e-07 0)
(2.6342859115428788e-06 9.4796075507165127e-07 0)
(2.630491950009249e-06 1.095057682951919e-06 0)
(2.6262230385683835e-06 1.2425598919865357e-06 0)
(2.6215074543700449e-06 1.3905200818950679e-06 0)
(2.6163772444844852e-06 1.5389903652616014e-06 0)
(2.6108683067998929e-06 1.6880221739506044e-06 0)
(2.6050204787376645e-06 1.8376661568829364e-06 0)
(2.5988776334994999e-06 1.9879720685601528e-06 0)
(2.5924877832980281e-06 2.138988646723992e-06 0)
(2.5859031889295545e-06 2.2907634785168769e-06 0)
(2.5791804751870785e-06 2.4433428537314785e-06 0)
(2.572380751224099e-06 2.5967716040467805e-06 0)
(2.5655697350012278e-06 2.7510929270192387e-06 0)
(2.5588178808593124e-06 2.9063481935792827e-06 0)
(2.5522005090127673e-06 3.0625767377677548e-06 0)
(2.5457979356241566e-06 3.2198156274157628e-06 0)
(2.5396956019799545e-06 3.3780994143723007e-06 0)
(2.5339842010437103e-06 3.5374598630985804e-06 0)
(2.5287597994990339e-06 3.6979256562466434e-06 0)
(2.5241239531127296e-06 3.8595220760633446e-06 0)
(2.5201838130584542e-06 4.0222706602429929e-06 0)
(2.5170522204452318e-06 4.1861888311702761e-06 0)
(2.5148477861654784e-06 4.3512894978163378e-06 0)
(2.5136949528366594e-06 4.5175806287934939e-06 0)
(2.5137240350777409e-06 4.6850647966461151e-06 0)
(2.5150712344537e-06 4.8537386921856111e-06 0)
(2.5178786246732955e-06 5.0235926092242421e-06 0)
(2.5222941024635705e-06 5.1946098997776319e-06 0)
(2.528471299308219e-06 5.3667663998017215e-06 0)
(2.5365694486275783e-06 5.5400298273357217e-06 0)
(2.5467532029526742e-06 5.7143591538647413e-06 0)
(2.5591923952305154e-06 5.8897039515227321e-06 0)
(2.5740617381660913e-06 6.0660037189769256e-06 0)
(2.5915404552893871e-06 6.2431871894788106e-06 0)
(2.6118118374455446e-06 6.4211716260137827e-06 0)
(2.6350627182496562e-06 6.5998621088061673e-06 0)
(2.6614828622844935e-06 6.7791508221445283e-06 0)
(2.6912642598884927e-06 6.9589163478468132e-06 -1.901035172708705e-27)
(2.7246003227956983e-06 7.1390229748754597e-06 -1.9503481295111622e-27)
(2.7616849755911193e-06 7.3193200350470361e-06 0)
(2.8027116385440005e-06 7.4996412761774208e-06 0)
(2.8478720985943648e-06 7.6798042868593609e-06 0)
(2.8973552662166441e-06 7.8596099851760772e-06 0)
(2.9513458175201097e-06 8.0388421885342179e-06 0)
(3.0100227227481732e-06 8.2172672799097012e-06 0)
(3.0735576646010633e-06 8.3946339893189592e-06 0)
(3.1421133521036316e-06 8.570673307905755e-06 0)
(3.2158417382276416e-06 8.7450985545936566e-06 0)
(3.2948821528230061e-06 8.9176056136237566e-06 0)
(3.3793593652703035e-06 9.0878733621499117e-06 0)
(3.4693815949751561e-06 9.2555643062704727e-06 0)
(3.5650384910867134e-06 9.4203254420812779e-06 0)
(3.6663991064141547e-06 9.5817893567514328e-06 0)
(3.7735098943082125e-06 9.7395755820481077e-06 0)
(3.8863927601899715e-06 9.893292209446271e-06 0)
(4.0050432027071603e-06 1.0042537772258148e-05 0)
(4.1294285819669525e-06 1.0186903394037205e-05 0)
(4.259486554008465e-06 1.0325975199915745e-05 0)
(4.395123712371114e-06 1.0459336978215694e-05 0)
(4.5362144782787874e-06 1.0586573074583205e-05 0)
(4.6826002703527174e-06 1.0707271486661427e-05 0)
(4.8340889383078722e-06 1.082102704958133e-05 0)
(4.9904546103516883e-06 1.0927443937500261e-05 0)
(5.1514395917911708e-06 1.1026130688682364e-05 0)
(5.3167574976993298e-06 1.111662850432943e-05 0)
(5.4860478510595766e-06 1.1197780553054491e-05 0)
(5.6586532484156657e-06 1.1262719040624278e-05 0)
(5.8335805030139511e-06 1.1262286708027923e-05 0)
(6.0092323952444129e-06 1.0865269775046501e-05 0)
(6.1591817121769333e-06 8.100791672221704e-06 0)
(6.1101972452312311e-06 -6.8295470826857713e-06 0)
(5.4063727057733606e-06 -7.0750851761828236e-05 0)
(3.626394134535403e-06 -0.00026156356950533604 1.7175638933701491e-25)
(1.1438261142534668e-06 -0.00048736280934916492 4.4692159716778453e-25)
(1.1462054948959969e-06 0.00048774314113531449 0)
(3.6387881320029624e-06 0.00026195250056766271 0)
(5.4276043185036434e-06 7.1020182831533354e-05 0)
(6.1410379813703116e-06 7.030225537541342e-06 0)
(6.1997223383776738e-06 -7.9246838687729227e-06 2.0251742575013029e-27)
(6.059093370976311e-06 -1.0696901955006448e-05 2.8914346120579457e-27)
(5.8925019612547991e-06 -1.109752612773154e-05 0)
(5.7264057933797876e-06 -1.1101026116313369e-05 -6.0610630940762056e-27)
(5.562373639105188e-06 -1.1039367402987327e-05 -6.0294614341285822e-27)
(5.4013704312243719e-06 -1.096181971716183e-05 0)
(5.2440292454076052e-06 -1.0875245037016894e-05 -5.9412334478261094e-27)
(5.0906889305979965e-06 -1.0780774341659492e-05 -1.1780277194483499e-26)
(4.9416173345358227e-06 -1.0678836703330821e-05 -5.8349013861269592e-27)
(4.7970569190470377e-06 -1.0569792651636951e-05 2.8878613415982672e-27)
(4.6572216271268219e-06 -1.0454006564121259e-05 2.8564018160217499e-27)
(4.5222949231736945e-06 -1.0331852051133558e-05 0)
(4.3924298448053673e-06 -1.0203709807932053e-05 0)
(4.2677494301180304e-06 -1.0069964750864916e-05 0)
(4.1483473757866583e-06 -9.9310032112977899e-06 0)
(4.0342889479636392e-06 -9.7872102951667137e-06 0)
(3.9256121212382894e-06 -9.6389674385166005e-06 0)
(3.8223289103670997e-06 -9.4866501761461715e-06 0)
(3.7244268597199399e-06 -9.3306261361202304e-06 5.1000311262193801e-27)
(3.6318706563387126e-06 -9.1712532655600785e-06 5.0129090937286238e-27)
(3.5446038339597931e-06 -9.0088782896531206e-06 0)
(3.4625505372026087e-06 -8.8438354004603103e-06 0)
(3.3856173175634072e-06 -8.6764451704826603e-06 2.3711363499472779e-27)
(3.3136949355675232e-06 -8.5070136806739508e-06 2.3247820788188806e-27)
(3.2466601460022707e-06 -8.3358318512178767e-06 -2.277942033545616e-27)
(3.1843774465289628e-06 -8.1631749615531389e-06 -2.2306927887794218e-27)
(3.1267007727951707e-06 -7.9893023450835592e-06 -4.3662129799640968e-27)
(3.0734751259435051e-06 -7.8144572418617303e-06 -4.2705016178643781e-27)
(3.0245381214596976e-06 -7.6388667937880709e-06 4.1743778794547242e-27)
(2.9797214505875949e-06 -7.4627421655787066e-06 4.0779592604943355e-27)
(2.9388522482983656e-06 -7.2862787755892687e-06 0)
(2.9017543636945421e-06 -7.1096566210426896e-06 0)
(2.8682495307853073e-06 -6.9330406829686045e-06 0)
(2.8381584389653571e-06 -6.7565813962408679e-06 0)
(2.8113017044461597e-06 -6.580415173235457e-06 0)
(2.7875007449434483e-06 -6.4046649677253596e-06 0)
(2.7665785604649631e-06 -6.229440869809179e-06 0)
(2.7483604243959174e-06 -6.0548407209647082e-06 0)
(2.7326744893337486e-06 -5.8809507416218637e-06 0)
(2.7193523125749858e-06 -5.707846163295316e-06 0)
(2.708229306686377e-06 -5.5355918590082935e-06 0)
(2.69914512053588e-06 -5.364242966639025e-06 0)
(2.6919439562186355e-06 -5.1938455003685826e-06 0)
(2.6864748273968619e-06 -5.0244369464833997e-06 0)
(2.6825917644243679e-06 -4.856046840545653e-06 1.325752830315476e-27)
(2.6801539714629871e-06 -4.688697323403924e-06 1.2799999333639526e-27)
(2.6790259405165933e-06 -4.5224036743370603e-06 0)
(2.6790775272219123e-06 -4.3571748198468591e-06 0)
(2.680183992907568e-06 -4.1930138174048995e-06 0)
(2.6822260170704233e-06 -4.0299183136529548e-06 0)
(2.6850896842444149e-06 -3.8678809768941782e-06 0)
(2.6886664489367664e-06 -3.7068899039430144e-06 0)
(2.6928530819918875e-06 -3.5469290019628833e-06 9.6799785909781085e-28)
(2.6975516014476411e-06 -3.3879783456025146e-06 9.2458423998555576e-28)
(2.7026691907311125e-06 -3.2300145103392095e-06 0)
(2.7081181067604787e-06 -3.0730108828706037e-06 0)
(2.7138155802689117e-06 -2.9169379494284363e-06 0)
(2.7196837104387855e-06 -2.7617635631234369e-06 0)
(2.7256493557563117e-06 -2.6074531914439026e-06 -7.1147553941570606e-28)
(2.7316440227589433e-06 -2.453970144893504e-06 -6.6958324277231113e-28)
(2.7376037541435942e-06 -2.3012757879722001e-06 0)
(2.743469017604653e-06 -2.1493297336042992e-06 0)
(2.7491845965719652e-06 -1.9980900222844946e-06 0)
(2.7546994839033395e-06 -1.847513286720526e-06 1.008185998695679e-27)
(2.7599667794230664e-06 -1.69755490347005e-06 9.2636171283697042e-28)
(2.7649435920922912e-06 -1.5481691324975968e-06 0)
(2.769590947526154e-06 -1.3993092454775407e-06 0)
(2.7738737014548635e-06 -1.2509276441438106e-06 0)
(2.777760459625883e-06 -1.1029759697064403e-06 -6.0198607702851887e-28)
(2.781223504631485e-06 -9.5540520398206791e-07 -5.2148920603320279e-28)
(2.7842387300303247e-06 -8.0816576348237526e-07 0)
(2.7867855820374339e-06 -6.61207587223622e-07 0)
(2.7888470090865592e-06 -5.1448021927430456e-07 0)
(2.7904094195228116e-06 -3.6793288654187173e-07 0)
(2.7914626474662298e-06 -2.2151457328877915e-07 0)
(2.7919999271402114e-06 -7.5174092472739925e-08 0)
(2.7920178756753913e-06 7.1139844785670933e-08 0)
(2.7915164844499095e-06 2.1747856068815601e-07 0)
(2.7904991190795729e-06 3.638933431578985e-07 0)
(2.7889725279207031e-06 5.10435377403139e-07 0)
(2.7869468591742061e-06 6.5715567649942373e-07 0)
(2.7844356864718508e-06 8.0410500989065527e-07 0)
(2.7814560428578855e-06 9.5133382908444231e-07 0)
(2.7780284630261402e-06 1.0988921896951846e-06 0)
(2.7741770336391199e-06 1.2468296689896747e-06 0)
(2.7699294515106234e-06 1.3951952780804874e-06 0)
(2.7653170893905132e-06 1.5440373678725321e-06 0)
(2.7603750690161677e-06 1.693403527863355e-06 0)
(2.7551423410968945e-06 1.8433404768804677e-06 0)
(2.7496617717108962e-06 1.9938939446743654e-06 0)
(2.7439802346733615e-06 2.1451085436520123e-06 0)
(2.7381487092374747e-06 2.2970276293198434e-06 0)
(2.7322223824039322e-06 2.449693148826446e-06 0)
(2.7262607551133428e-06 2.6031454761995304e-06 0)
(2.7203277513421484e-06 2.7574232333445039e-06 0)
(2.7144918291313129e-06 2.9125630956632513e-06 0)
(2.7088260923141954e-06 3.0685995811210247e-06 0)
(2.7034084016121894e-06 3.2255648216772874e-06 0)
(2.6983214836257771e-06 3.3834883159092788e-06 0)
(2.6936530360160399e-06 3.5423966617562296e-06 0)
(2.6894958269997777e-06 3.7023132682798105e-06 0)
(2.6859477870864103e-06 3.8632580454549627e-06 0)
(2.6831120906974552e-06 4.0252470709387792e-06 0)
(2.6810972251028171e-06 4.1882922330392569e-06 0)
(2.6800170438888406e-06 4.3524008491787689e-06 0)
(2.6799908018229295e-06 4.5175752590916505e-06 0)
(2.6811431677786097e-06 4.6838123927158809e-06 1.278275277230485e-27)
(2.6836042120635093e-06 4.851103312059168e-06 1.3240118381778586e-27)
(2.687509364171446e-06 5.0194327278935609e-06 0)
(2.6929993368280421e-06 5.1887784911890622e-06 0)
(2.7002200117335033e-06 5.3591110602533577e-06 0)
(2.7093222822848798e-06 5.5303929451835026e-06 0)
(2.7204618483173431e-06 5.7025781310493386e-06 0)
(2.7337989575820754e-06 5.8756114825176736e-06 0)
(2.7494980886900811e-06 6.0494281328981904e-06 0)
(2.7677275700182735e-06 6.2239528613835552e-06 0)
(2.7886591290658055e-06 6.3990994631121757e-06 0)
(2.8124673668504716e-06 6.5747701176251375e-06 0)
(2.8393291521712874e-06 6.7508547621341023e-06 0)
(2.8694229305959359e-06 6.9272304768850973e-06 -1.8919956556517596e-27)
(2.9029279436699154e-06 7.1037608913297332e-06 -1.9403119664352168e-27)
(2.9400233545181153e-06 7.2802956206202875e-06 0)
(2.9808872766529329e-06 7.4566697430482353e-06 0)
(3.0256957038386785e-06 7.6327033310092023e-06 0)
(3.0746213397596765e-06 7.8082010466177393e-06 0)
(3.1278323281631207e-06 7.9829518177050114e-06 0)
(3.185490885589084e-06 8.1567286077980502e-06 0)
(3.247751840742046e-06 8.3292882962409139e-06 0)
(3.3147610866617463e-06 8.5003716838587583e-06 0)
(3.3866539542787837e-06 8.6697036412652282e-06 0)
(3.463553518690322e-06 8.8369934150882072e-06 0)
(3.5455688519531143e-06 9.0019351086587316e-06 0)
(3.6327932395116705e-06 9.1642083519109473e-06 0)
(3.725302379972365e-06 9.3234791740831861e-06 0)
(3.8231525910348484e-06 9.4794010907130194e-06 0)
(3.9263790475281277e-06 9.631616414761895e-06 0)
(4.0349940797002901e-06 9.7797577976269603e-06 0)
(4.1489855626155079e-06 9.9234500033304936e-06 0)
(4.2683154293519187e-06 1.0062311913224813e-05 0)
(4.3929183418873367e-06 1.0195958756458956e-05 0)
(4.5227005547487373e-06 1.0324004553237708e-05 0)
(4.6575390067033348e-06 1.0446064753784074e-05 2.8536672048143123e-27)
(4.7972806652954674e-06 1.056175904211519e-05 2.8850897570868706e-27)
(4.9417421021414029e-06 1.0670714198224068e-05 0)
(5.0907094428823978e-06 1.0772566247380327e-05 0)
(5.2439403237320302e-06 1.0866955109246208e-05 0)
(5.4011670315807864e-06 1.0953452503976755e-05 0)
(5.5620510527373985e-06 1.1030930856460588e-05 -6.0235768498545353e-27)
(5.7259601440700235e-06 1.1092549985388884e-05 -6.05513551101709e-27)
(5.8919294421349969e-06 1.1089178379958689e-05 0)
(6.0583931470119043e-06 1.0689627103047525e-05 0)
(6.1989554013608002e-06 7.9230541489520613e-06 0)
(6.1404080201866526e-06 -7.0088057850314154e-06 0)
(5.4269309528170693e-06 -7.0930136167339991e-05 0)
(3.6377178141005817e-06 -0.0002617351544592532 1.7185691182706599e-25)
(1.1463659883669675e-06 -0.00048748391346550412 4.470167296535138e-25)
(1.1486331224766066e-06 0.00048785808220397125 -2.2370141259377385e-25)
(3.6496086688994061e-06 0.00026211533456473789 -8.6036129410978117e-26)
(5.4472468065592161e-06 7.1190278349985152e-05 0)
(6.1699035614240727e-06 7.2002756704662243e-06 0)
(6.2377291793431768e-06 -7.7560549676361573e-06 1.9783479505989163e-27)
(6.1060796878709654e-06 -1.0530209043844334e-05 2.8451268972003032e-27)
(5.9482859685802144e-06 -1.0933168990988692e-05 0)
(5.7907772285052463e-06 -1.0939377378562874e-05 -5.9711630072185635e-27)
(5.6350933587949517e-06 -1.0880778640123417e-05 -5.9412204008917171e-27)
(5.4821731258752108e-06 -1.0806619747319908e-05 0)
(5.3326262301346927e-06 -1.0723738008703663e-05 -5.8568516916413589e-27)
(5.1867709704622957e-06 -1.0633238175277826e-05 -1.1615858050254574e-26)
(5.0448575629067384e-06 -1.0535521896396188e-05 -5.7550056946178857e-27)
(4.9071138102107332e-06 -1.0430921439375784e-05 2.8491334467651405e-27)
(4.7737419728849334e-06 -1.0319772425938907e-05 2.8189488929962862e-27)
(4.644916769423848e-06 -1.020241954915565e-05 0)
(4.520785348794709e-06 -1.0079214738450096e-05 2.7535167821425681e-27)
(4.4014676033738198e-06 -9.9505145851263762e-06 2.7184649975716278e-27)
(4.2870566828632242e-06 -9.8166777985457396e-06 0)
(4.1776197363303463e-06 -9.6780627982183546e-06 0)
(4.0731988630056862e-06 -9.5350254705800224e-06 0)
(3.9738122416864624e-06 -9.3879171068808706e-06 0)
(3.8794554087148051e-06 -9.2370825348886269e-06 5.0476057029362274e-27)
(3.7901026550071044e-06 -9.0828584508701618e-06 4.9633374261543284e-27)
(3.7057085137032091e-06 -8.9255719549975103e-06 0)
(3.6262093113202268e-06 -8.7655392886432372e-06 0)
(3.5515247572003751e-06 -8.6030647708910809e-06 2.3505157131156662e-27)
(3.4815595482504669e-06 -8.4384399263625536e-06 2.3054961142320382e-27)
(3.4162049680559878e-06 -8.2719427953250648e-06 0)
(3.3553404621316763e-06 -8.1038374156289297e-06 0)
(3.2988351736673727e-06 -7.9343734637445002e-06 -4.3352248760514087e-27)
(3.2465494263511567e-06 -7.763786042156464e-06 -4.2418818134773654e-27)
(3.198336143487209e-06 -7.5922955988808012e-06 4.148039537311955e-27)
(3.1540421947200531e-06 -7.4201079655743429e-06 4.0538125054021503e-27)
(3.1135096638857829e-06 -7.2474145001270108e-06 0)
(3.0765770335549141e-06 -7.0743923201205079e-06 0)
(3.043080283366666e-06 -6.9012046144717e-06 0)
(3.0128539009243832e-06 -6.7280010203023845e-06 0)
(2.9857318053367025e-06 -6.5549180540448463e-06 0)
(2.9615481844507509e-06 -6.3820795851636538e-06 0)
(2.9401382482684606e-06 -6.2095973439603075e-06 0)
(2.9213389014049591e-06 -6.0375714532806823e-06 0)
(2.9049893379323833e-06 -5.8660909769493807e-06 0)
(2.8909315627722396e-06 -5.6952344775235897e-06 0)
(2.8790108440316374e-06 -5.5250705771525965e-06 0)
(2.8690761007729043e-06 -5.355658516444296e-06 0)
(2.8609802309313304e-06 -5.1870487064818372e-06 0)
(2.8545803841733988e-06 -5.0192832703008865e-06 0)
(2.8497381843189033e-06 -4.8523965707326983e-06 1.3245657185493239e-27)
(2.8463199059680488e-06 -4.6864157218058429e-06 1.2791978255796444e-27)
(2.84419660976044e-06 -4.521361081947487e-06 0)
(2.8432442406082697e-06 -4.3572467273189326e-06 0)
(2.8433436929555366e-06 -4.1940809041604657e-06 0)
(2.8443808469340406e-06 -4.0318664595603003e-06 0)
(2.8462465790383656e-06 -3.8706012501636679e-06 0)
(2.8488367507237958e-06 -3.710278528629198e-06 0)
(2.8520521780938421e-06 -3.5508873082156943e-06 1.9379297230437145e-27)
(2.8557985855553445e-06 -3.3924127055057555e-06 1.8513777141861231e-27)
(2.8599865461378451e-06 -3.2348362620257493e-06 0)
(2.8645314109254141e-06 -3.0781362452493435e-06 0)
(2.8693532298300021e-06 -2.922287929725527e-06 0)
(2.874376665744068e-06 -2.7672638591993183e-06 0)
(2.8795309038937283e-06 -2.6130340906360154e-06 -1.4258527346435061e-27)
(2.8847495580547514e-06 -2.4595664209775373e-06 -1.3420880816903455e-27)
(2.8899705750965346e-06 -2.3068265976382181e-06 0)
(2.8951361392293896e-06 -2.154778513702638e-06 0)
(2.9001925770246714e-06 -2.0033843890233685e-06 0)
(2.9050902643701578e-06 -1.8526049376352216e-06 1.0108737143696814e-27)
(2.9097835363156833e-06 -1.7023995231872994e-06 9.2892400170512936e-28)
(2.9142306004425019e-06 -1.5527263029919021e-06 0)
(2.9183934546358321e-06 -1.4035423614594514e-06 0)
(2.9222378098411749e-06 -1.2548038341813006e-06 0)
(2.9257330183250827e-06 -1.1064660235324782e-06 -6.0384371754331178e-28)
(2.9288520079280136e-06 -9.5848350648363348e-07 -5.2313020153592901e-28)
(2.9315712227000241e-06 -8.1081023566733003e-07 0)
(2.9338705702850911e-06 -6.6339963448210545e-07 0)
(2.9357333763034699e-06 -5.1620468719869232e-07 0)
(2.9371463460132493e-06 -3.6917802454726783e-07 0)
(2.9380995333773555e-06 -2.2227200597887361e-07 0)
(2.938586317697817e-06 -7.5438799378378872e-08 0)
(2.9386033880483564e-06 7.1369541682616916e-08 0)
(2.9381507354045639e-06 2.1820100102825349e-07 0)
(2.9372316525705415e-06 3.6510352420756847e-07 0)
(2.9358527419609908e-06 5.1212494180151116e-07 0)
(2.9340239311099384e-06 6.593128919089492e-07 0)
(2.931758495894047e-06 8.0671474060426996e-07 0)
(2.9290730913474042e-06 9.5437749970940167e-07 0)
(2.9259877899148749e-06 1.1023477410808369e-06 0)
(2.9225261269552614e-06 1.2506715066070193e-06 0)
(2.918715153257149e-06 1.3993942131004843e-06 0)
(2.9145854942895499e-06 1.5485605512520351e-06 0)
(2.9101714158214236e-06 1.6982143777842602e-06 0)
(2.9055108955713659e-06 1.8483986000013023e-06 0)
(2.9006457003004222e-06 1.9991550516082344e-06 0)
(2.8956214679440169e-06 2.1505243593931473e-06 0)
(2.8904877941017533e-06 2.3025457990835083e-06 0)
(2.8852983220664792e-06 2.4552571402224846e-06 0)
(2.8801108357450694e-06 2.6086944785045286e-06 0)
(2.8749873544679163e-06 2.7628920549156456e-06 0)
(2.8699942286390731e-06 2.917882060569142e-06 0)
(2.8652022350294359e-06 3.0736944262495704e-06 0)
(2.8606866704136482e-06 3.2303565957299199e-06 0)
(2.8565274420607161e-06 3.3878932818817845e-06 0)
(2.8528091534263181e-06 3.5463262046464454e-06 0)
(2.849621183210237e-06 3.7056738100033492e-06 0)
(2.8470577557724123e-06 3.8659509690985669e-06 0)
(2.8452180006406834e-06 4.027168656797573e-06 0)
(2.8442059986761751e-06 4.1893336090523019e-06 0)
(2.8441308122343164e-06 4.3524479585886436e-06 0)
(2.8451064963722654e-06 4.5165088485639289e-06 0)
(2.8472520880176743e-06 4.6815080241485733e-06 1.2774532736159156e-27)
(2.8506915696399053e-06 4.8474314019370211e-06 1.3228049395515371e-27)
(2.8555538038050943e-06 5.0142586179190262e-06 0)
(2.8619724348230175e-06 5.1819625544206916e-06 0)
(2.8700857533076751e-06 5.3505088472433656e-06 0)
(2.8800365194083681e-06 5.5198553745772e-06 0)
(2.8919717402630122e-06 5.6899517295839956e-06 0)
(2.906042397063221e-06 5.860738679364357e-06 0)
(2.9224031170082022e-06 6.032147613291747e-06 0)
(2.9412117854726636e-06 6.204099984815544e-06 0)
(2.9626290936808051e-06 6.3765067509708912e-06 0)
(2.9868180172659539e-06 6.5492678152991296e-06 0)
(3.0139432215103094e-06 6.7222714799859163e-06 0)
(3.0441703890128203e-06 6.8953939148209543e-06 0)
(3.0776654663678843e-06 7.0684986500745916e-06 0)
(3.1145938271862468e-06 7.2414361034425459e-06 0)
(3.1551193488696902e-06 7.4140431497917338e-06 0)
(3.1994034020618729e-06 7.5861427450713088e-06 0)
(3.2476037528170854e-06 7.7575436154412078e-06 0)
(3.2998733786102556e-06 7.9280400246221809e-06 0)
(3.356359201167734e-06 8.0974116321554386e-06 0)
(3.4172007405670147e-06 8.2654234561888537e-06 0)
(3.4825286970527468e-06 8.4318259546538851e-06 0)
(3.5524634693371536e-06 8.596355238857111e-06 0)
(3.6271136200815577e-06 8.7587334329279651e-06 0)
(3.7065743020024678e-06 8.9186691926906172e-06 0)
(3.7909256603334683e-06 9.0758583959615033e-06 0)
(3.8802312297960587e-06 9.2299850152940391e-06 0)
(3.9745363469666977e-06 9.3807221818445483e-06 0)
(4.0738666011071712e-06 9.5277334478608821e-06 0)
(4.1782263486047099e-06 9.6706742512228987e-06 0)
(4.2875973181453526e-06 9.8091935832954071e-06 0)
(4.4019373350262628e-06 9.9429358564328056e-06 0)
(4.5211791940834274e-06 1.0071542965079077e-05 0)
(4.6452297112101937e-06 1.0194656527843535e-05 0)
(4.7739689834696478e-06 1.0311920294065314e-05 2.8162273384253482e-27)
(4.9072498774823317e-06 1.0422982685295593e-05 2.8463770679022206e-27)
(5.0448977186361549e-06 1.0527499368447131e-05 0)
(5.1867103201280383e-06 1.062513509243922e-05 0)
(5.3324599791281925e-06 1.0715558005524235e-05 0)
(5.4818966125228971e-06 1.0798367217048814e-05 0)
(5.6347022515449635e-06 1.0872461352367884e-05 -5.9353878067780555e-27)
(5.7902680209065716e-06 1.0931024913506417e-05 -1.1930583113277824e-26)
(5.9476552177824072e-06 1.092494938013078e-05 -2.9762782424549021e-27)
(6.1053269466632174e-06 1.0523068057277818e-05 2.8425173537003591e-27)
(6.2369160187162746e-06 7.7545705188233383e-06 0)
(6.1692348413061709e-06 -7.1786825778064306e-06 0)
(5.4465438990861453e-06 -7.1100003318402526e-05 4.3653775953452259e-26)
(3.6485189862274689e-06 -0.00026189771064442105 8.5976087805218497e-26)
(1.1487881138542468e-06 -0.00048759864842404525 -2.2355344058803255e-25)
(1.1509522325300906e-06 0.00048796693200912618 -2.2374417697451406e-25)
(3.659948019416958e-06 0.0002622695340972716 -1.7216263672808182e-25)
(5.4660187990494065e-06 7.135136879064478e-05 -2.1893158371148353e-26)
(6.1974946932423866e-06 7.361352467163003e-06 0)
(6.2740663559518599e-06 -7.5962820216742547e-06 0)
(6.151014705793101e-06 -1.037221636149771e-05 0)
(6.0016528043264194e-06 -1.0777325338496971e-05 0)
(5.852383803146036e-06 -1.0786026891627756e-05 0)
(5.7047209789635113e-06 -1.0730246657995982e-05 2.9287179436259322e-27)
(5.5595788933349868e-06 -1.0659211276204804e-05 2.9097240782804945e-27)
(5.4175455143760199e-06 -1.0579735974307879e-05 0)
(5.278919909523023e-06 -1.0492901983959339e-05 2.8648536884532919e-27)
(5.1439356531834627e-06 -1.0399086314438095e-05 2.8394608538930671e-27)
(5.0128065529795603e-06 -1.0298595783304843e-05 0)
(4.885723533764433e-06 -1.0191740056765026e-05 0)
(4.7628526121869031e-06 -1.0078837659705533e-05 0)
(4.6443348089008676e-06 -9.9602144186636405e-06 2.7202707906504613e-27)
(4.5302863700174768e-06 -9.8362011458329207e-06 2.6865119569360049e-27)
(4.4207991625984019e-06 -9.7071313316256253e-06 0)
(4.3159412757862155e-06 -9.573338948054126e-06 0)
(4.2157578124842151e-06 -9.4351563904365746e-06 0)
(4.1202718459564268e-06 -9.2929125728856329e-06 0)
(4.0294855155407494e-06 -9.1469311900876022e-06 0)
(3.9433812360934577e-06 -8.9975291524689281e-06 0)
(3.8619229961685327e-06 -8.8450151985325206e-06 0)
(3.7850577212444307e-06 -8.6896886847341718e-06 2.3736327427709973e-27)
(3.7127166797367676e-06 -8.5318385515346675e-06 2.3304929156713334e-27)
(3.6448169110076172e-06 -8.3717424600518572e-06 0)
(3.5812626566283587e-06 -8.209666092268953e-06 0)
(3.5219467780257127e-06 -8.0458626070270558e-06 0)
(3.4667521461994134e-06 -7.8805722405460073e-06 0)
(3.4155529907749948e-06 -7.7140220420348311e-06 0)
(3.3682161979914135e-06 -7.5464257315542142e-06 0)
(3.324602549295693e-06 -7.3779836689690463e-06 0)
(3.2845678937029427e-06 -7.2088829218454743e-06 0)
(3.247964249297884e-06 -7.0392974202531587e-06 0)
(3.2146408305275408e-06 -6.8693881873811405e-06 0)
(3.184444999304805e-06 -6.6993036346367958e-06 0)
(3.1572231395108229e-06 -6.5291799110652941e-06 0)
(3.1328214549500084e-06 -6.3591412969443982e-06 0)
(3.1110866922969132e-06 -6.1893006331946569e-06 0)
(3.0918667913628383e-06 -6.0197597777233437e-06 0)
(3.0750114650668209e-06 -5.8506100817948752e-06 0)
(3.06037271235443e-06 -5.6819328795673301e-06 0)
(3.0478052677415905e-06 -5.5137999848818862e-06 0)
(3.0371669912023974e-06 -5.3462741900853586e-06 0)
(3.02831920234839e-06 -5.1794097625773457e-06 0)
(3.0211269631196085e-06 -5.0132529351161485e-06 0)
(3.0154593129075738e-06 -4.8478423869148089e-06 0)
(3.0111894602371916e-06 -4.6832097124365184e-06 0)
(3.0081949350006329e-06 -4.5193798762696569e-06 0)
(3.0063577050216827e-06 -4.3563716520427536e-06 0)
(3.0055642606770419e-06 -4.1941980441362831e-06 0)
(3.0057056710826859e-06 -4.0328666914489422e-06 0)
(3.0066776151830601e-06 -3.8723802523903216e-06 0)
(3.0083803908779396e-06 -3.7127367708835869e-06 0)
(3.0107189051060232e-06 -3.5539300233555507e-06 9.696769840884349e-28)
(3.0136026476206772e-06 -3.3959498465479513e-06 9.2654374235967442e-28)
(3.016945650981685e-06 -3.2387824468395446e-06 0)
(3.0206664390824414e-06 -3.0824106910781407e-06 0)
(3.0246879663469072e-06 -2.926814379768091e-06 0)
(3.0289375495356616e-06 -2.7719705030374445e-06 0)
(3.0333467939838517e-06 -2.6178534802798599e-06 0)
(3.0378515157875888e-06 -2.4644353840942346e-06 0)
(3.0423916614235237e-06 -2.3116861492969391e-06 0)
(3.0469112262324016e-06 -2.1595737679053985e-06 0)
(3.0513581727031767e-06 -2.0080644711756863e-06 0)
(3.0556843497649767e-06 -1.857122898896167e-06 0)
(3.0598454140603288e-06 -1.7067122576045681e-06 0)
(3.0638007538400503e-06 -1.5567944681054165e-06 0)
(3.0675134163542514e-06 -1.407330303209486e-06 0)
(3.0709500393661885e-06 -1.2582795165802378e-06 0)
(3.074080787300735e-06 -1.1096009636751942e-06 0)
(3.0768792924877487e-06 -9.6125271528400179e-07 0)
(3.0793226020282082e-06 -8.1319216480590723e-07 0)
(3.0813911305408535e-06 -6.6537612976741591e-07 0)
(3.0830686191280078e-06 -5.1776094869350764e-07 0)
(3.0843421008408107e-06 -3.7030257366852e-07 0)
(3.0852018727547772e-06 -2.2295665963395719e-07 0)
(3.0856414748851639e-06 -7.5678651469478338e-08 0)
(3.0856576761020198e-06 7.1576131376129246e-08 0)
(3.0852504670051507e-06 2.188524107251964e-07 0)
(3.0844230598567217e-06 3.6619486639037281e-07 0)
(3.0831818956222279e-06 5.1364805215866936e-07 0)
(3.0815366579760898e-06 6.6125631090262313e-07 0)
(3.0795002942711873e-06 8.090636877766912e-07 0)
(3.0770890433335716e-06 9.5711384085975192e-07 0)
(3.0743224699236712e-06 1.1054499484870888e-06 0)
(3.0712235056601194e-06 1.2541146125153944e-06 0)
(3.0678184961581032e-06 1.4031497567467538e-06 0)
(3.0641372540860436e-06 1.5525965197424868e-06 0)
(3.0602131177685985e-06 1.7024951412145196e-06 0)
(3.056083014940868e-06 1.8528848412274767e-06 0)
(3.0517875311302473e-06 2.0038036912849882e-06 0)
(3.0473709821570753e-06 2.1552884766929666e-06 0)
(3.0428814900748045e-06 2.3073745489714703e-06 0)
(3.0383710618274135e-06 2.4600956679339966e-06 0)
(3.0338956698119486e-06 2.6134838321160107e-06 0)
(3.0295153334112311e-06 2.7675690970344853e-06 0)
(3.0252942004676052e-06 2.9223793802335642e-06 0)
(3.0213006274761854e-06 3.0779402522687815e-06 0)
(3.0176072572449768e-06 3.2342747128871567e-06 0)
(3.0142910925427808e-06 3.3914029515303109e-06 0)
(3.0114335641392906e-06 3.5493420914111942e-06 0)
(3.0091205914532981e-06 3.7081059165012122e-06 0)
(3.0074426338797299e-06 3.8677045807396304e-06 0)
(3.0064947306494325e-06 4.028144298976352e-06 0)
(3.0063765268936768e-06 4.1894270192072384e-06 0)
(3.0071922834114419e-06 4.3515500758381681e-06 0)
(3.0090508673833162e-06 4.5145058238652028e-06 0)
(3.0120657211410835e-06 4.678281254078047e-06 0)
(3.016354805833911e-06 4.8428575895678789e-06 0)
(3.0220405166554172e-06 5.0082098642497214e-06 0)
(3.029249566151398e-06 5.1743064842119937e-06 0)
(3.0381128318783878e-06 5.3411087732907864e-06 0)
(3.0487651646110193e-06 5.5085705044162132e-06 0)
(3.0613451530811716e-06 5.676637419002915e-06 0)
(3.0759948412669967e-06 5.8452467370710076e-06 0)
(3.0928593941275673e-06 6.014326661063908e-06 0)
(3.1120867076824087e-06 6.1837958775403047e-06 0)
(3.1338269595218117e-06 6.3535630608437667e-06 0)
(3.1582320958496636e-06 6.5235263841973556e-06 0)
(3.1854552516359805e-06 6.6935730437269392e-06 0)
(3.2156501005569485e-06 6.8635788029120637e-06 0)
(3.2489701321560195e-06 7.0334075635808163e-06 0)
(3.2855678541277796e-06 7.2029109731980651e-06 0)
(3.3255939182080458e-06 7.3719280759932664e-06 0)
(3.3691961693982688e-06 7.5402850185691139e-06 0)
(3.4165186192108292e-06 7.7077948201320986e-06 0)
(3.4677003447731245e-06 7.8742572182138078e-06 0)
(3.5228743170627589e-06 8.0394586015898347e-06 0)
(3.582166163177666e-06 8.2031720421225382e-06 0)
(3.6456928692461278e-06 8.3651574374176512e-06 -2.2844538073736705e-27)
(3.7135614324319387e-06 8.5251617761097072e-06 -2.3281846914130233e-27)
(3.7858674724000251e-06 8.6829195376007339e-06 0)
(3.8626938149179763e-06 8.8381532368274653e-06 0)
(3.9441090620620199e-06 8.9905741242736015e-06 0)
(4.0301661657577599e-06 9.139883049777418e-06 0)
(4.1209010234860121e-06 9.2857714966487468e-06 0)
(4.2163311168033976e-06 9.4279227915890506e-06 0)
(4.3164542149989485e-06 9.566013492105707e-06 0)
(4.4212471676800029e-06 9.6997149511411752e-06 0)
(4.5306648110494854e-06 9.8286950544722595e-06 0)
(4.6446390133666089e-06 9.9526201241631275e-06 0)
(4.7630778852512201e-06 1.007115697577502e-05 0)
(4.8858651804761117e-06 1.018397511367056e-05 0)
(5.0128599024079043e-06 1.0290749036299243e-05 0)
(5.1438960843249021e-06 1.0391160550950362e-05 0)
(5.2787828786068425e-06 1.0484900332758144e-05 0)
(5.4173065781764087e-06 1.0571661949217475e-05 0)
(5.5592337390373005e-06 1.0651069119494547e-05 0)
(5.7042656183673457e-06 1.0722043964176089e-05 0)
(5.8518150656302217e-06 1.0777793082202773e-05 -5.8800318748539369e-27)
(6.000967576400572e-06 1.076922851308139e-05 -2.9329776463051361e-27)
(6.1502128925365257e-06 1.0365203506586948e-05 2.7986423696158503e-27)
(6.2732100741092658e-06 7.5949365172764319e-06 0)
(6.1967899119850638e-06 -7.3395935835502175e-06 0)
(5.4652883806183703e-06 -7.1260875381846904e-05 4.3743725665099801e-26)
(3.6588402342775194e-06 -0.00026205164538880974 8.602120990217131e-26)
(1.1511020950758424e-06 -0.00048770730284705428 -2.2359613938530564e-25)
(1.1531717519236419e-06 0.00048806995624557967 0)
(3.6698454898708318e-06 0.00026241547368560284 -8.6124103672813357e-26)
(5.4839905236623772e-06 7.1503841451506979e-05 -2.1935795613599806e-26)
(6.2239134935596774e-06 7.5138385089608575e-06 0)
(6.3088675471136117e-06 -7.4449925634780596e-06 0)
(6.1940621466925691e-06 -1.022256482645668e-05 0)
(6.0527944044918554e-06 -1.0629652075656225e-05 0)
(5.9114436815063303e-06 -1.0640649833220418e-05 0)
(5.7714987142020833e-06 -1.0587466919887744e-05 2.8889683987572433e-27)
(5.6338516460210078e-06 -1.0519311777732889e-05 2.8707578965931083e-27)
(5.4990702202279378e-06 -1.0442979842757349e-05 0)
(5.3674354970840731e-06 -1.0359531229457154e-05 2.8276705562552524e-27)
(5.2391653463428841e-06 -1.0269320782798744e-05 2.8032654632034774e-27)
(5.1144602313929167e-06 -1.0172632381066049e-05 2.7770676868076645e-27)
(4.9935001128975831e-06 -1.0069752243487529e-05 2.7491560958597395e-27)
(4.8764424090511731e-06 -9.9609751991900974e-06 0)
(4.7634218627523447e-06 -9.8466033769320872e-06 0)
(4.6545506904086476e-06 -9.7269441202733087e-06 0)
(4.5499188805433455e-06 -9.6023078927985782e-06 0)
(4.4495946773706174e-06 -9.4730062732804509e-06 0)
(4.3536252380826336e-06 -9.3393500668658691e-06 0)
(4.2620374419243177e-06 -9.2016475466927709e-06 0)
(4.1748388289426241e-06 -9.0602028382476322e-06 0)
(4.09201864644063e-06 -8.9153144535596726e-06 0)
(4.0135489814234668e-06 -8.7672739799645372e-06 0)
(3.9393859582648926e-06 -8.6163649245443284e-06 2.3530272142258663e-27)
(3.8694709818029098e-06 -8.46286171451469e-06 2.3110937547902636e-27)
(3.8037320073848603e-06 -8.3070288494716264e-06 0)
(3.7420848209664232e-06 -8.1491202003364475e-06 0)
(3.6844343137944539e-06 -7.9893784490097749e-06 0)
(3.6306757385785406e-06 -7.8280346595729702e-06 0)
(3.580695935290612e-06 -7.6653079732369584e-06 0)
(3.5343745165046282e-06 -7.5014054166002948e-06 0)
(3.4915850043846584e-06 -7.3365218133021106e-06 0)
(3.4521959125814027e-06 -7.1708397888834248e-06 0)
(3.4160717679972254e-06 -7.0045298585283276e-06 0)
(3.3830740689350429e-06 -6.8377505875841508e-06 0)
(3.3530621771951162e-06 -6.6706488152370141e-06 0)
(3.3258941429439817e-06 -6.50335993190946e-06 0)
(3.3014274621966833e-06 -6.3360082017088018e-06 0)
(3.2795197674098034e-06 -6.1687071217196661e-06 0)
(3.260029452760804e-06 -6.0015598105242507e-06 0)
(3.2428162360550704e-06 -5.8346594190665248e-06 0)
(3.2277416596635051e-06 -5.6680895578047382e-06 0)
(3.2146695335062799e-06 -5.5019247346857883e-06 0)
(3.203466323076132e-06 -5.3362307983569693e-06 0)
(3.1940014858720031e-06 -5.171065383095546e-06 0)
(3.1861477598029305e-06 -5.0064783511982e-06 0)
(3.1797814069870857e-06 -4.842512229878568e-06 0)
(3.1747824165928962e-06 -4.6792026397630665e-06 0)
(3.1710346701529288e-06 -4.516578713070033e-06 0)
(3.1684260727444782e-06 -4.3546634993796358e-06 0)
(3.1668486535469123e-06 -4.193474357678131e-06 0)
(3.1661986386996172e-06 -4.0330233337553628e-06 0)
(3.1663764996069765e-06 -3.8733175217973419e-06 0)
(3.1672869797548949e-06 -3.7143594100407337e-06 0)
(3.1688391024202222e-06 -3.5561472100815795e-06 0)
(3.1709461620521975e-06 -3.3986751694954399e-06 0)
(3.1735257016029322e-06 -3.2419338684588313e-06 0)
(3.1764994780145821e-06 -3.0859104998474383e-06 0)
(3.1797934179007308e-06 -2.9305891339274492e-06 0)
(3.1833375652402087e-06 -2.7759509673798175e-06 0)
(3.1870660228465969e-06 -2.6219745579125844e-06 0)
(3.1909168890761262e-06 -2.4686360444432166e-06 0)
(3.1948321913068833e-06 -2.3159093539278976e-06 0)
(3.1987578173656899e-06 -2.1637663952473871e-06 0)
(3.2026434460720439e-06 -2.0121772412394714e-06 0)
(3.206442477957817e-06 -1.8611102991506792e-06 0)
(3.2101119671050464e-06 -1.7105324706408967e-06 0)
(3.213612554846933e-06 -1.560409301996215e-06 0)
(3.2169084061655139e-06 -1.4107051252946662e-06 0)
(3.219967149371057e-06 -1.2613831911994672e-06 0)
(3.2227598196208844e-06 -1.1124057943913595e-06 0)
(3.2252608068000071e-06 -9.6373439202772594e-07 0)
(3.2274478082138059e-06 -8.1532971649367691e-07 0)
(3.2293017864172587e-06 -6.6715188242729571e-07 0)
(3.2308069325182815e-06 -5.1916048975895166e-07 0)
(3.23195063518284e-06 -3.7131472227873936e-07 0)
(3.2327234556555498e-06 -2.2357344354174624e-07 0)
(3.2331191087725477e-06 -7.5895290111525121e-08 0)
(3.2331344502737698e-06 7.1761236715021286e-08 0)
(3.2327694704444871e-06 2.1943768046187326e-07 0)
(3.2320272940060265e-06 3.6717553928893983e-07 0)
(3.2309141864731918e-06 5.1501617536150896e-07 0)
(3.229439566727756e-06 6.6300072332641465e-07 0)
(3.2276160258507148e-06 8.1116999698617575e-07 0)
(3.2254593520573143e-06 9.5956439356050012e-07 0)
(3.2229885615703562e-06 1.1082237948186994e-06 0)
(3.2202259352157213e-06 1.2571874643828623e-06 0)
(3.2171970604855919e-06 1.4064939404631456e-06 0)
(3.2139308787589045e-06 1.5561809233220633e-06 0)
(3.2104597373068847e-06 1.7062851567115024e-06 0)
(3.2068194456493961e-06 1.8568423025672902e-06 0)
(3.2030493357724996e-06 2.0078868081602924e-06 0)
(3.1991923256463567e-06 2.1594517650154851e-06 0)
(3.1952949853629236e-06 2.3115687587375709e-06 0)
(3.1914076052171818e-06 2.4642677091191948e-06 0)
(3.1875842648613608e-06 2.6175766995983962e-06 0)
(3.1838829026000014e-06 2.7715217954076461e-06 0)
(3.1803653838763e-06 2.9261268497606717e-06 0)
(3.1770975676843152e-06 3.0814132970413264e-06 0)
(3.1741493696751522e-06 3.2373999326875001e-06 0)
(3.1715948205849039e-06 3.3941026788183321e-06 0)
(3.1695121183980488e-06 3.5515343351200724e-06 0)
(3.1679836725390285e-06 3.7097043145023384e-06 0)
(3.1670961382459219e-06 3.8686183628579402e-06 0)
(3.1669404391060993e-06 4.0282782628758576e-06 0)
(3.1676117755384114e-06 4.1886815213453773e-06 0)
(3.1692096168953158e-06 4.3498210401640554e-06 0)
(3.1718376746134195e-06 4.5116847708504032e-06 0)
(3.1756038537187143e-06 4.6742553531303597e-06 0)
(3.1806201798016427e-06 4.8375097378046651e-06 0)
(3.1870026984485797e-06 5.0014187949890137e-06 0)
(3.1948713438618505e-06 5.1659469084999327e-06 0)
(3.2043497734806827e-06 5.33105155821355e-06 0)
(3.2155651650973177e-06 5.4966828916244379e-06 0)
(3.2286479729041664e-06 5.6627832874548366e-06 0)
(3.2437316391116788e-06 5.8292869136138843e-06 0)
(3.2609522574722684e-06 5.9961192827560467e-06 0)
(3.280448185239965e-06 6.1631968093511082e-06 0)
(3.3023596002682061e-06 6.3304263722947589e-06 0)
(3.3268280000893128e-06 6.4977048882684091e-06 0)
(3.3539956401432285e-06 6.6649189012451332e-06 0)
(3.3840049087316896e-06 6.8319441946615943e-06 0)
(3.4169976365485393e-06 6.9986454326126927e-06 0)
(3.4531143394974998e-06 7.1648758380900121e-06 0)
(3.4924933941684592e-06 7.3304769160586961e-06 0)
(3.535270146134603e-06 7.4952782305326567e-06 0)
(3.5815759523560606e-06 7.6590972446483612e-06 0)
(3.6315371599599989e-06 7.8217392335012727e-06 0)
(3.6852740250149664e-06 7.9829972799327997e-06 0)
(3.7428995763296923e-06 8.1426523635061793e-06 0)
(3.8045184309572437e-06 8.3004735527990978e-06 -2.2662305916673641e-27)
(3.8702255694253288e-06 8.4562183110619347e-06 -2.3087788862839533e-27)
(3.9401050806879208e-06 8.6096329252799999e-06 0)
(4.0142288886177464e-06 8.7604530671070695e-06 0)
(4.092655473229653e-06 8.9084044940492852e-06 0)
(4.1754286020702157e-06 9.0532038975206763e-06 0)
(4.2625760886691104e-06 9.1945599025758499e-06 0)
(4.3541085964702242e-06 9.3321742230979809e-06 0)
(4.4500185080288249e-06 9.4657429728150019e-06 0)
(4.5502788803639242e-06 9.5949581307441184e-06 0)
(4.6548425079541471e-06 9.7195091561095108e-06 0)
(4.7636411154748608e-06 9.8390847455285541e-06 0)
(4.8765847022458511e-06 9.9533747209187665e-06 0)
(4.9935610603210997e-06 1.0062072032969478e-05 0)
(5.1144354775027542e-06 1.0164874853948187e-05 0)
(5.2390505901084821e-06 1.026148866153772e-05 0)
(5.3672265169588219e-06 1.0351627551033182e-05 2.8248825906783212e-27)
(5.498762894827608e-06 1.0435008001488919e-05 2.8473872338955366e-27)
(5.6334419814334232e-06 1.0511275868917667e-05 0)
(5.7709830360052747e-06 1.0579374369264357e-05 0)
(5.9108191266661503e-06 1.0632529909792274e-05 0)
(6.0520581641837463e-06 1.0621672943091027e-05 0)
(6.1932144726661883e-06 1.0215674631387275e-05 0)
(6.3079711529558766e-06 7.4437798820626587e-06 0)
(6.2231754136569846e-06 -7.4919214675782747e-06 0)
(5.4832344467779346e-06 -7.1413140155893824e-05 0)
(3.6687204815792234e-06 -0.00026219733288383073 0)
(1.1533167167842753e-06 -0.00048781014188513432 0)
(1.1552994919807868e-06 0.00048816739935646854 0)
(3.6793357851562464e-06 0.00026255349827523954 0)
(5.5012261813283802e-06 7.1648053761614276e-05 0)
(6.2492547144931251e-06 7.6580865123751515e-06 0)
(6.342255708178935e-06 -7.3018432378853054e-06 0)
(6.2353720154409589e-06 -1.008092312222207e-05 0)
(6.1018865864002614e-06 -1.0489832193394064e-05 0)
(5.9681568431319823e-06 -1.0502945544319535e-05 0)
(5.8356488048379562e-06 -1.0452156931697591e-05 0)
(5.705233812492162e-06 -1.0386658491903322e-05 0)
(5.5774607613685032e-06 -1.0313227898423892e-05 0)
(5.4525938363830022e-06 -1.0232906284338252e-05 0)
(5.3308360844040439e-06 -1.0146028537549923e-05 0)
(5.2123752558056342e-06 -1.0052857842159291e-05 2.7436285299679927e-27)
(5.0973807320369151e-06 -9.9536592212875697e-06 2.7167287380450843e-27)
(4.9860014802780535e-06 -9.8487060349087799e-06 0)
(4.8783658879220277e-06 -9.7382788887850302e-06 0)
(4.7745818541486988e-06 -9.6226637563312996e-06 0)
(4.6747370094861734e-06 -9.5021500750453829e-06 0)
(4.578899101574254e-06 -9.3770289155307789e-06 0)
(4.4871165389880888e-06 -9.2475912476398024e-06 0)
(4.3994190744609072e-06 -9.1141263171217671e-06 0)
(4.3158186084844334e-06 -8.9769201448206214e-06 0)
(4.2363100942534644e-06 -8.836254155275518e-06 0)
(4.160872525168089e-06 -8.6924039400340714e-06 0)
(4.0894699866442623e-06 -8.545638157621697e-06 0)
(4.0220527547346964e-06 -8.3962175712630576e-06 0)
(3.9585584250733225e-06 -8.2443942217674257e-06 0)
(3.8989130569743225e-06 -8.0904107319520021e-06 0)
(3.8430323187362453e-06 -7.9344997377068357e-06 0)
(3.7908226219058975e-06 -7.7768834390422794e-06 0)
(3.7421822336683968e-06 -7.6177732637620233e-06 0)
(3.6970023578788326e-06 -7.4573696362164054e-06 0)
(3.6551681769810132e-06 -7.2958618418845462e-06 0)
(3.6165598484583006e-06 -7.1334279794310815e-06 0)
(3.5810534505836796e-06 -6.9702349913460021e-06 0)
(3.5485218737949299e-06 -6.8064387641567843e-06 0)
(3.518835654966191e-06 -6.6421842899331929e-06 0)
(3.491863752988929e-06 -6.4776058804693805e-06 0)
(3.4674742650164773e-06 -6.3128274265483421e-06 0)
(3.4455350833486877e-06 -6.1479626947717027e-06 0)
(3.425914493953367e-06 -5.9831156550910595e-06 0)
(3.408481717740326e-06 -5.8183808326886683e-06 0)
(3.3931073966964029e-06 -5.653843677933603e-06 0)
(3.3796640271946889e-06 -5.4895809506954925e-06 0)
(3.3680263427954574e-06 -5.3256611122004894e-06 0)
(3.3580716494925061e-06 -5.1621447220810563e-06 0)
(3.3496801163182258e-06 -4.9990848361123934e-06 0)
(3.3427350243225724e-06 -4.8365274015255161e-06 0)
(3.3371229770156104e-06 -4.6745116475649831e-06 0)
(3.3327340753764303e-06 -4.513070468657196e-06 0)
(3.3294620604101144e-06 -4.352230798562095e-06 0)
(3.3272044262958685e-06 -4.1920139738512711e-06 0)
(3.3258625069734043e-06 -4.0324360855941352e-06 0)
(3.3253415388953721e-06 -3.8735083182361995e-06 0)
(3.3255507026047333e-06 -3.7152372751523798e-06 0)
(3.3264031456490923e-06 -3.5576252902430952e-06 0)
(3.3278159892236646e-06 -3.4006707254859495e-06 0)
(3.3297103206153472e-06 -3.2443682544224925e-06 0)
(3.3320111736172806e-06 -3.0887091313424592e-06 0)
(3.334647498830351e-06 -2.9336814468758069e-06 0)
(3.3375521255583208e-06 -2.7792703696738679e-06 0)
(3.3406617169417826e-06 -2.625458375273451e-06 0)
(3.3439167198038034e-06 -2.4722254619467738e-06 0)
(3.3472613106455261e-06 -2.3195493545991865e-06 0)
(3.3506433389305864e-06 -2.1674056968705154e-06 0)
(3.354014268822209e-06 -2.0157682324147833e-06 0)
(3.3573291203934055e-06 -1.8646089757141154e-06 0)
(3.3605464112235533e-06 -1.7138983731394933e-06 0)
(3.3636280991802739e-06 -1.5636054551099698e-06 0)
(3.3665395271415746e-06 -1.4136979799009662e-06 0)
(3.3692493702826786e-06 -1.2641425695955946e-06 0)
(3.3717295864845738e-06 -1.1149048392937578e-06 0)
(3.3739553704077692e-06 -9.6594951977035984e-07 0)
(3.3759051116323814e-06 -8.1724057489891053e-07 0)
(3.3775603572779007e-06 -6.6874131351323906e-07 0)
(3.37890577936047e-06 -5.20414497872211e-07 0)
(3.3799291471774847e-06 -3.7222244749800859e-07 0)
(3.3806213050063777e-06 -2.2412714101694602e-07 0)
(3.3809761551784244e-06 -7.6090315016074905e-08 0)
(3.3809906467160457e-06 7.192643824214776e-08 0)
(3.3806647696038367e-06 2.1996157433442236e-07 0)
(3.3800015547572192e-06 3.6805350051252207e-07 0)
(3.3790070796585966e-06 5.1624047910874126e-07 0)
(3.3776904796002687e-06 6.6456053005492525e-07 0)
(3.3760639645050289e-06 8.1305133173875615e-07 0)
(3.3741428411667629e-06 9.617501195881306e-07 0)
(3.3719455407474501e-06 1.1106935817137819e-06 0)
(3.3694936513056688e-06 1.2599177509696556e-06 0)
(3.3668119550981838e-06 1.4094578927239779e-06 0)
(3.3639284703346401e-06 1.5593483877088449e-06 0)
(3.3608744970125912e-06 1.7096226092505111e-06 0)
(3.3576846663859642e-06 1.8603127942058057e-06 0)
(3.3543969935727158e-06 2.0114499069195147e-06 0)
(3.3510529327408903e-06 2.1630634955162826e-06 0)
(3.3476974342011059e-06 2.3151815398354785e-06 0)
(3.3443790026957994e-06 2.4678302903600372e-06 0)
(3.3411497561154291e-06 2.6210340974945541e-06 0)
(3.338065483596454e-06 2.774815230290202e-06 0)
(3.335185702113742e-06 2.929193684510341e-06 0)
(3.3325737104133743e-06 3.0841869787549169e-06 0)
(3.3302966390132047e-06 3.239809938683488e-06 0)
(3.3284254949755674e-06 3.3960744683445363e-06 0)
(3.327035199824155e-06 3.552989308405796e-06 0)
(3.3262046191911143e-06 3.7105597810007456e-06 0)
(3.3260165822523555e-06 3.8687875202850441e-06 0)
(3.3265578891351785e-06 4.0276701894529201e-06 0)
(3.3279193041818957e-06 4.1872011831114069e-06 0)
(3.3301955329180857e-06 4.3473693159914384e-06 0)
(3.3334851803498089e-06 4.5081584974646806e-06 0)
(3.3378906880842018e-06 4.6695473930432108e-06 0)
(3.3435182476725552e-06 4.8315090727334138e-06 0)
(3.3504776873490559e-06 4.9940106479629538e-06 0)
(3.3588823293732776e-06 5.1570128975869494e-06 0)
(3.3688488149710302e-06 5.3204698850936929e-06 0)
(3.3804968938354711e-06 5.4843285682957047e-06 0)
(3.3939491750637596e-06 5.6485284043569951e-06 0)
(3.40933083656382e-06 5.8130009524117369e-06 0)
(3.4267692898481987e-06 5.9776694770399305e-06 0)
(3.4463937971794393e-06 6.1424485565485057e-06 0)
(3.4683350383410622e-06 6.3072436993537614e-06 0)
(3.4927246246899905e-06 6.4719509743502687e-06 0)
(3.5196945579391452e-06 6.6364566594672178e-06 0)
(3.5493766318361595e-06 6.8006369147004162e-06 0)
(3.5819017754889071e-06 6.964357485813302e-06 0)
(3.6173993374828176e-06 7.1274734456166019e-06 0)
(3.6559963105947486e-06 7.2898289801758692e-06 0)
(3.6978164979183705e-06 7.4512572280899324e-06 0)
(3.7429796220792331e-06 7.611580180654697e-06 0)
(3.7916003799730529e-06 7.7706086518142247e-06 0)
(3.8437874470138984e-06 7.9281423266894602e-06 0)
(3.8996424359653404e-06 8.0839698973735445e-06 0)
(3.959258816713998e-06 8.2378692948347147e-06 0)
(4.0227208048306786e-06 8.389608025555147e-06 0)
(4.0901022283584026e-06 8.5389436207811244e-06 0)
(4.1614653836431328e-06 8.6856242058078466e-06 0)
(4.2368598924190719e-06 8.8293891957616338e-06 0)
(4.3163215741788741e-06 8.9699701228025674e-06 0)
(4.3998713489518853e-06 9.1070915984334071e-06 0)
(4.4875141869446503e-06 9.2404724131514017e-06 0)
(4.5792381225275568e-06 9.3698267728349862e-06 0)
(4.6750133508314184e-06 9.4948656696859868e-06 0)
(4.7747914257414174e-06 9.6152983824693489e-06 0)
(4.8785045782794906e-06 9.7308340984299411e-06 0)
(4.9860651742353241e-06 9.8411836465472333e-06 0)
(5.0973653298618014e-06 9.946061327002356e-06 0)
(5.2122766936985736e-06 1.0045186813040221e-05 0)
(5.3306503563830312e-06 1.0138287028248173e-05 0)
(5.4523170170488574e-06 1.0225097239590413e-05 2.7895816227189525e-27)
(5.5770890241642172e-06 1.030535459517394e-05 2.8112330792223023e-27)
(5.7047634544162826e-06 1.0378724883133217e-05 0)
(5.8350764358934889e-06 1.0444170281419787e-05 0)
(5.9674798764504397e-06 1.0494934976440667e-05 0)
(6.101102481884797e-06 1.0481965934934355e-05 0)
(6.2344813041357245e-06 1.0074150433891566e-05 0)
(6.3413215149647498e-06 7.3007576653411244e-06 0)
(6.2484849845757132e-06 -7.636018297408718e-06 0)
(5.5004461137509106e-06 -7.155715401017868e-05 0)
(3.6781950878088583e-06 -0.00026233511705576248 0)
(1.1554399715041445e-06 -0.00048790740927685708 0)
(1.1573429137208994e-06 0.0004882594864154291 0)
(3.6884517429084543e-06 0.00026268392596346139 -1.7240572078065822e-25)
(5.5177845209344981e-06 7.1784336214661339e-05 -4.4028578717980043e-26)
(6.2736038632810926e-06 7.7944220195037515e-06 0)
(6.3743428532631507e-06 -7.1665173515121465e-06 0)
(6.2750816696920595e-06 -9.9469854482920387e-06 0)
(6.1490906289891884e-06 -1.0357572728516784e-05 0)
(6.022706937681582e-06 -1.0372635718053757e-05 0)
(5.8973755665352792e-06 -1.0324054676081808e-05 0)
(5.7739485267167643e-06 -1.0261007116573212e-05 0)
(5.6529571273279389e-06 -1.0190254757792819e-05 0)
(5.5346497250043201e-06 -1.0112821655666908e-05 0)
(5.4192153714007149e-06 -1.0029024713318858e-05 0)
(5.3068297111577214e-06 -9.9391084323326548e-06 0)
(5.1976519365436829e-06 -9.8433186628178455e-06 5.3717853702597616e-27)
(5.0918227431084136e-06 -9.7419093037741807e-06 5.3167519978199405e-27)
(4.9894641414370805e-06 -9.6351414069600127e-06 0)
(4.8906795041439776e-06 -9.5232814834421662e-06 0)
(4.7955537212319816e-06 -9.4065997719439454e-06 0)
(4.7041535046367847e-06 -9.2853685653215187e-06 0)
(4.6165278364181483e-06 -9.1598606180119798e-06 0)
(4.5327085446432676e-06 -9.0303476472499242e-06 0)
(4.4527109906160115e-06 -8.8970989391820185e-06 0)
(4.3765348510874899e-06 -8.7603800669986717e-06 0)
(4.3041649790413347e-06 -8.6204517260568244e-06 0)
(4.2355723269963762e-06 -8.4775686893820815e-06 0)
(4.1707149175940957e-06 -8.3319788844013751e-06 0)
(4.1095388466176284e-06 -8.1839225901140459e-06 0)
(4.0519793049001959e-06 -8.033631752016493e-06 0)
(3.9979616066159432e-06 -7.8813294110274687e-06 0)
(3.9474022124768377e-06 -7.7272292415136289e-06 0)
(3.9002097380389363e-06 -7.571535191818879e-06 0)
(3.8562859383270558e-06 -7.414441221816572e-06 0)
(3.8155266611480302e-06 -7.2561311292690876e-06 0)
(3.777822763110878e-06 -7.0967784579150121e-06 0)
(3.7430609832522454e-06 -6.9365464796880213e-06 0)
(3.7111247703152324e-06 -6.775588243252624e-06 0)
(3.6818950608648957e-06 -6.6140466815085822e-06 0)
(3.6552510063109474e-06 -6.4520547705373158e-06 0)
(3.6310706478222227e-06 -6.2897357329783617e-06 0)
(3.609231538730917e-06 -6.1272032793108044e-06 0)
(3.5896113147786089e-06 -5.9645618806149182e-06 0)
(3.5720882131616126e-06 -5.80190706728221e-06 0)
(3.556541541583886e-06 -5.639325747351239e-06 0)
(3.5428520992270789e-06 -5.4768965414195177e-06 0)
(3.5309025516798587e-06 -5.3146901275289733e-06 0)
(3.5205777619559605e-06 -5.1527695938403263e-06 0)
(3.5117650803449439e-06 -4.9911907949728106e-06 0)
(3.504354595511505e-06 -4.8300027083755875e-06 0)
(3.4982393494446484e-06 -4.669247789200445e-06 0)
(3.4933155191347567e-06 -4.5089623203884849e-06 0)
(3.4894825675466354e-06 -4.3491767567344112e-06 -2.3727136772484361e-27)
(3.486643366526435e-06 -4.1899160609927418e-06 -2.2857587164022731e-27)
(3.4847042943046049e-06 -4.0312000308079279e-06 0)
(3.4835753100405038e-06 -3.8730436155034988e-06 0)
(3.483170007762979e-06 -3.7154572220059977e-06 0)
(3.4834056520863149e-06 -3.5584470089893166e-06 0)
(3.4842031978586221e-06 -3.4020151694293662e-06 0)
(3.4854872957220411e-06 -3.2461602008382615e-06 0)
(3.4871862855499679e-06 -3.090877163414295e-06 0)
(3.4892321795757303e-06 -2.9361579261557626e-06 0)
(3.4915606368506859e-06 -2.7819914008857779e-06 0)
(3.4941109305887228e-06 -2.6283637648043806e-06 0)
(3.4968259097756255e-06 -2.475258671606254e-06 0)
(3.4996519564095548e-06 -2.3226574517776234e-06 0)
(3.5025389395583373e-06 -2.1705393023356278e-06 0)
(3.5054401672536212e-06 -2.018881466730522e-06 0)
(3.5083123372771252e-06 -1.8676594053441795e-06 0)
(3.5111154877112922e-06 -1.7168469569683508e-06 0)
(3.5138129480683662e-06 -1.5664164922328443e-06 0)
(3.5163712916759061e-06 -1.416339059312627e-06 0)
(3.5187602900000252e-06 -1.2665845224290188e-06 0)
(3.5209528694544805e-06 -1.1171216940904951e-06 0)
(3.5229250712210012e-06 -9.6791846135788373e-07 0)
(3.524656014480594e-06 -8.1894190710332244e-07 0)
(3.5261278634584061e-06 -6.7015842627525439e-07 0)
(3.5273257986039289e-06 -5.2153383884903336e-07 0)
(3.5282379921391587e-06 -3.7303349847334449e-07 0)
(3.5288555882450564e-06 -2.2462239952173704e-07 0)
(3.529172688072335e-06 -7.62652808835148e-08 0)
(3.5291863396491861e-06 7.2073270897310268e-08 0)
(3.5288965327270371e-06 2.2042871988670774e-07 0)
(3.5283061987790916e-06 3.6883647914426898e-07 0)
(3.5274212160130356e-06 5.1733180886484709e-07 0)
(3.5262504193559633e-06 6.6594971359040819e-07 0)
(3.5248056153826686e-06 8.1472483789736153e-07 0)
(3.523101602034516e-06 9.6369135996255498e-07 0)
(3.5211561929563639e-06 1.1128828823802682e-06 0)
(3.5189902462281247e-06 1.2623323196452555e-06 0)
(3.516627697225442e-06 1.4120717816314595e-06 0)
(3.5140955952851492e-06 1.5621324525030105e-06 0)
(3.5114241438019877e-06 1.7125444644204407e-06 0)
(3.5086467433137364e-06 1.8633367654048577e-06 0)
(3.5058000370758005e-06 2.0145369807691201e-06 0)
(3.502923958559283e-06 2.1661712674885751e-06 0)
(3.5000617802287442e-06 2.3182641609051469e-06 0)
(3.4972601628825978e-06 2.470838413178923e-06 0)
(3.4945692047873049e-06 2.6239148229545496e-06 0)
(3.4920424896291058e-06 2.7775120554336219e-06 0)
(3.4897371323629314e-06 2.9316464527836719e-06 0)
(3.4877138218773861e-06 3.0863318338775979e-06 0)
(3.4860368592482672e-06 3.2415792832977028e-06 0)
(3.4847741903161426e-06 3.3973969288950264e-06 0)
(3.4839974310546558e-06 3.5537897077470706e-06 0)
(3.4837818844093252e-06 3.7107591204205502e-06 0)
(3.4842065467072508e-06 3.8683029726349826e-06 0)
(3.4853541019322766e-06 4.0264151054224418e-06 0)
(3.487310902067561e-06 4.1850851126728569e-06 0)
(3.4901669312486237e-06 4.3442980470688751e-06 0)
(3.4940157516641111e-06 4.5040341143933683e-06 0)
(3.4989544289670606e-06 4.6642683570706458e-06 0)
(3.5050834347087078e-06 4.8249703272492301e-06 0)
(3.5125065232996611e-06 4.9861037510657375e-06 0)
(3.5213305809893976e-06 5.1476261848443205e-06 0)
(3.5316654441721645e-06 5.3094886651538081e-06 0)
(3.5436236843422062e-06 5.4716353544709634e-06 0)
(3.5573203569870153e-06 5.6340031848292955e-06 0)
(3.5728727117835761e-06 5.7965215019960619e-06 0)
(3.5903998615698615e-06 5.9591117132236682e-06 0)
(3.6100224074653241e-06 6.121686942519811e-06 0)
(3.6318620179766473e-06 6.284151696348992e-06 0)
(3.6560409600975568e-06 6.4464015455971809e-06 0)
(3.6826815804066881e-06 6.6083228272899078e-06 0)
(3.7119057350157931e-06 6.7697923723144905e-06 0)
(3.7438341673912674e-06 6.9306772646399809e-06 0)
(3.7785858337895917e-06 7.0908346383744186e-06 0)
(3.8162771765826024e-06 7.250111519244121e-06 0)
(3.8570213465233467e-06 7.4083447176848365e-06 0)
(3.9009273759917291e-06 7.5653607806941503e-06 0)
(3.9480993059450616e-06 7.7209760101216698e-06 0)
(3.9986352705220031e-06 7.8749965550084698e-06 0)
(4.0526265444054125e-06 8.0272185856384621e-06 0)
(4.1101565590533653e-06 8.1774285564809111e-06 0)
(4.1712998952641408e-06 8.325403565893154e-06 0)
(4.2361212608698974e-06 8.470911818275771e-06 0)
(4.304674463577069e-06 8.6137131954196514e-06 0)
(4.37700139016895e-06 8.7535599417901672e-06 0)
(4.4531310046360277e-06 8.8901974673318161e-06 0)
(4.5330783789042034e-06 9.0233652705241392e-06 0)
(4.6168437707691133e-06 9.1527979827483912e-06 0)
(4.7044117644696934e-06 9.278226532561862e-06 5.0634008105507446e-27)
(4.7957504898594193e-06 9.3993794272711447e-06 5.1293401957031917e-27)
(4.8908109366011627e-06 9.5159841461500476e-06 0)
(4.9895263796605641e-06 9.6277686378409191e-06 0)
(5.0918119323668074e-06 9.7344629123800881e-06 5.3114581120853252e-27)
(5.1975642431883657e-06 9.8358007132170897e-06 5.36643508483938e-27)
(5.3066613414542068e-06 9.9315212474020021e-06 0)
(5.4189625916361925e-06 1.0021370878138057e-05 5.4669306812052062e-27)
(5.5343088822766532e-06 1.0105104023224639e-05 5.5121746916687468e-27)
(5.6525246656182592e-06 1.0182476490625292e-05 0)
(5.7734210092541302e-06 1.0253172030761313e-05 5.5919180611072004e-27)
(5.896749863022448e-06 1.0316169882371616e-05 5.6255174786638906e-27)
(6.0219807133862131e-06 1.0364730206170919e-05 0)
(6.1482615905674001e-06 1.0349814796089494e-05 0)
(6.2741506121034405e-06 9.9403254436838017e-06 0)
(6.3733733045368753e-06 7.1655536456537213e-06 0)
(6.2728046028479916e-06 -7.7722087029514911e-06 0)
(5.5169820071155145e-06 -7.1693245797226505e-05 -4.3985701830502421e-26)
(3.6872962492994301e-06 -0.00026246531474374173 -1.7228514614432928e-25)
(1.1574791238032957e-06 -0.0004879993293552034 0)
(1.1593087462170698e-06 0.00048834642429871006 0)
(3.6972233357416091e-06 0.00026280704868504611 -1.7247802130930321e-25)
(5.5337194396586087e-06 7.191299135914839e-05 -4.4100645879275217e-26)
(6.2970395572597726e-06 7.9231440841902951e-06 0)
(6.4052319515817732e-06 -7.0387231850025451e-06 0)
(6.3133173672280841e-06 -9.820469670502347e-06 0)
(6.1945548562583388e-06 -1.0232602995512032e-05 0)
(6.0752629992766293e-06 -1.0249462786370884e-05 0)
(5.9568672349571761e-06 -1.0202917194503749e-05 0)
(5.840201583407975e-06 -1.0142130607585237e-05 0)
(5.7257809226205104e-06 -1.0073850398881422e-05 0)
(5.6138387480421067e-06 -9.9990852477104261e-06 0)
(5.5045508906524722e-06 -9.9181358381616509e-06 0)
(5.3980814698131072e-06 -9.8312297951336793e-06 0)
(5.2945798770015135e-06 -9.7385956172270268e-06 5.3132191246454118e-27)
(5.1941787377013132e-06 -9.6404695564531164e-06 5.2599927270387e-27)
(5.0969937083611546e-06 -9.5370948956146481e-06 0)
(5.0031234891396507e-06 -9.4287204197981563e-06 0)
(4.9126499274911052e-06 -9.3155988392729758e-06 0)
(4.8256382553823655e-06 -9.1979852584528538e-06 0)
(4.7421374569932336e-06 -9.0761357119104502e-06 0)
(4.662180753182079e-06 -8.9503057802596104e-06 0)
(4.5857861885778311e-06 -8.8207492954753251e-06 0)
(4.5129573072532223e-06 -8.6877171432173824e-06 0)
(4.4436839027319396e-06 -8.5514561669556461e-06 0)
(4.3779428282785061e-06 -8.4122081776569418e-06 0)
(4.3156988539599433e-06 -8.2702090705657783e-06 0)
(4.2569055573896889e-06 -8.1256880490519741e-06 0)
(4.2015062359137497e-06 -7.9788669537469194e-06 0)
(4.1494348291223137e-06 -7.8299596944623056e-06 0)
(4.1006168410909643e-06 -7.679171780842208e-06 0)
(4.0549702533197174e-06 -7.5266999465993485e-06 0)
(4.0124064203651685e-06 -7.3727318628392601e-06 0)
(3.9728309408400037e-06 -7.2174459336297413e-06 0)
(3.9361444980261807e-06 -7.061011167780364e-06 0)
(3.9022436652339107e-06 -6.9035871202478005e-06 0)
(3.8710216719306065e-06 -6.7453238964864789e-06 0)
(3.842369127641947e-06 -6.5863622132616563e-06 0)
(3.8161747015090325e-06 -6.4268335093960687e-06 0)
(3.7923257562213966e-06 -6.2668600999454398e-06 0)
(3.7707089356301562e-06 -6.1065553681730302e-06 0)
(3.7512107059298609e-06 -5.9460239894190611e-06 0)
(3.7337178509407839e-06 -5.785362181676203e-06 0)
(3.7181179224638154e-06 -5.6246579776577931e-06 0)
(3.7042996469986443e-06 -5.4639915143333651e-06 0)
(3.6921532903389154e-06 -5.3034353351054309e-06 0)
(3.6815709820173163e-06 -5.1430547014442966e-06 0)
(3.6724470017653454e-06 -4.9829079108454493e-06 0)
(3.6646780300675957e-06 -4.8230466170337562e-06 0)
(3.6581633649967296e-06 -4.6635161513456294e-06 0)
(3.6528051078332919e-06 -4.5043558417341555e-06 0)
(3.6485083198020429e-06 -4.3455993282852947e-06 -2.3703999561012838e-27)
(3.6451811522369249e-06 -4.1872748732267113e-06 -2.2839757864690519e-27)
(3.6427349524596429e-06 -4.029405664253689e-06 0)
(3.6410843476897108e-06 -3.8720101099102687e-06 0)
(3.6401473091115903e-06 -3.7151021264302196e-06 0)
(3.6398451982079493e-06 -3.5586914149595629e-06 0)
(3.6401027973663595e-06 -3.4027837291469035e-06 0)
(3.6408483266059285e-06 -3.2473811323342801e-06 0)
(3.6420134482831636e-06 -3.092482244518853e-06 0)
(3.6435332613671149e-06 -2.9380824788673105e-06 0)
(3.645346286919849e-06 -2.7841742677932327e-06 0)
(3.6473944462242769e-06 -2.6307472789163298e-06 0)
(3.6496230328471018e-06 -2.4777886209429794e-06 0)
(3.6519806799498007e-06 -2.3252830399977231e-06 0)
(3.6544193239924041e-06 -2.1732131064689379e-06 0)
(3.6568941658357064e-06 -2.0215593929938707e-06 0)
(3.659363630190059e-06 -1.8703006440725252e-06 0)
(3.6617893243283719e-06 -1.7194139374115973e-06 0)
(3.664135996821145e-06 -1.5688748380303987e-06 0)
(3.6663714969522312e-06 -1.4186575451782315e-06 0)
(3.6684667355242666e-06 -1.2687350329106797e-06 0)
(3.6703956475569496e-06 -1.119079184612029e-06 0)
(3.6721351574081787e-06 -9.6966092236396045e-07 0)
(3.6736651467287576e-06 -8.2045033131184317e-07 0)
(3.6749684255878609e-06 -6.7141677979041115e-07 0)
(3.6760307072381799e-06 -5.2252903612179524e-07 0)
(3.6768405865753765e-06 -3.7375538150290967e-07 0)
(3.6773895227012565e-06 -2.2506372153469074e-07 0)
(3.677671825654569e-06 -7.6421694417687957e-08 0)
(3.6776846475036799e-06 7.2203221071796017e-08 0)
(3.6774279778505908e-06 2.2084359920879533e-07 0)
(3.6769046437323467e-06 3.6953196092933444e-07 0)
(3.6761203141019735e-06 5.1830066724649099e-07 0)
(3.6750835086302718e-06 6.6718181179571305e-07 0)
(3.673805610874839e-06 8.1620711195438048e-07 0)
(3.6723008856529617e-06 9.6540779800045848e-07 0)
(3.6705865004370565e-06 1.1148144997218674e-06 0)
(3.6686825505594252e-06 1.2644571299327992e-06 0)
(3.66661208795623e-06 1.4143647642831462e-06 0)
(3.6644011531235316e-06 1.5645655168464797e-06 0)
(3.6620788099121128e-06 1.7150864109202129e-06 0)
(3.6596771827288531e-06 1.8659532444384997e-06 0)
(3.6572314956490253e-06 2.0171904494832085e-06 0)
(3.6547801128726921e-06 2.1688209453378793e-06 0)
(3.6523645799034838e-06 2.3208659845685162e-06 0)
(3.6500296647504515e-06 2.4733449915708307e-06 0)
(3.6478233983647087e-06 2.6262753931497297e-06 0)
(3.6457971134299466e-06 2.7796724405454611e-06 0)
(3.6440054805712578e-06 2.933549022639942e-06 0)
(3.6425065409395169e-06 3.0879154697637152e-06 0)
(3.6413617340229642e-06 3.2427793478700831e-06 0)
(3.6406359194422332e-06 3.3981452427064409e-06 0)
(3.6403973913489262e-06 3.5540145337727768e-06 0)
(3.6407178840615439e-06 3.7103851580429321e-06 0)
(3.6416725672736343e-06 3.8672513630079309e-06 0)
(3.6433400291748485e-06 4.0246034496960117e-06 0)
(3.6458022458105346e-06 4.1824275053039562e-06 0)
(3.6491445346379076e-06 4.3407051259509491e-06 0)
(3.6534554903505767e-06 4.4994131302030758e-06 0)
(3.6588269009283733e-06 4.6585232638160533e-06 0)
(3.6653536416628634e-06 4.8180018966139104e-06 0)
(3.6731335449366873e-06 4.9778097127099437e-06 0)
(3.6822672434522853e-06 5.1379013953099171e-06 0)
(3.6928579845827708e-06 5.2982253077510708e-06 0)
(3.7050114134766152e-06 5.458723172765587e-06 0)
(3.7188353225098896e-06 5.6193297521888495e-06 0)
(3.7344393649180294e-06 5.7799725294886816e-06 0)
(3.7519347303252611e-06 5.9405713985905668e-06 0)
(3.7714337802095099e-06 6.1010383617875334e-06 0)
(3.7930496413484612e-06 6.2612772407968667e-06 0)
(3.8168957555577769e-06 6.4211834049082793e-06 0)
(3.8430853845816398e-06 6.5806435209087211e-06 0)
(3.8717310691192314e-06 6.7395353295400286e-06 0)
(3.9029440414962973e-06 6.8977274540788493e-06 0)
(3.9368335920323398e-06 7.0550792463697298e-06 0)
(3.9735063898287823e-06 7.2114406766767809e-06 0)
(4.0130657592797993e-06 7.3666522732412063e-06 0)
(4.0556109144439005e-06 7.5205451183033503e-06 0)
(4.1012361542554239e-06 7.6729409071283764e-06 0)
(4.1500300224781856e-06 7.823652076570206e-06 0)
(4.2020744373726558e-06 7.9724820098994513e-06 0)
(4.2574437968968725e-06 8.1192253237941262e-06 0)
(4.3162040665041968e-06 8.2636682443822877e-06 0)
(4.3784118578141761e-06 8.4055890765301463e-06 0)
(4.444113507148176e-06 8.5447587723069095e-06 0)
(4.5133441642765768e-06 8.6809416018743538e-06 0)
(4.5861269028067519e-06 8.8138959295788373e-06 0)
(4.6624718642532097e-06 8.943375096922668e-06 0)
(4.7423754488936134e-06 9.0691284126739598e-06 0)
(4.8258195669763093e-06 9.1909022481082094e-06 5.014404237513498e-27)
(4.9127709642698909e-06 9.3084412344898849e-06 5.0783472879260888e-27)
(5.0031806362069982e-06 9.4214895568546039e-06 0)
(5.0969833446172941e-06 9.5297923371492907e-06 0)
(5.1940972511694924e-06 9.6330970973257097e-06 5.2547160400302522e-27)
(5.2944236812589349e-06 9.731155289233433e-06 5.307889008865937e-27)
(5.397847021331076e-06 9.8237238702935783e-06 0)
(5.5042347072291736e-06 9.9105668311372474e-06 5.4050041937534939e-27)
(5.6134374277895235e-06 9.9914559209489312e-06 5.4486911724709707e-27)
(5.7252911581326051e-06 1.0066163803794933e-05 0)
(5.8396201820148965e-06 1.0134390428943959e-05 5.5256333009376432e-27)
(5.9561913040642818e-06 1.0195130397439333e-05 5.5580058879175358e-27)
(6.0744904346684359e-06 1.0241658234937426e-05 0)
(6.1936835899366941e-06 1.0224949059957622e-05 0)
(6.3123484385377815e-06 9.8139177498104929e-06 0)
(6.4042292801952715e-06 7.0378762872434322e-06 0)
(6.2962127148171718e-06 -7.9007917588513941e-06 0)
(5.5328959114239401e-06 -7.1821718363091711e-05 -4.4057684556578954e-26)
(3.6960538978620919e-06 -0.00026258821758722408 -1.7235734055734433e-25)
(1.159440932934496e-06 -0.00048808610856304423 0)
(1.1612031587621884e-06 0.00048842840341056554 -4.4785132532410953e-25)
(3.7056779636991886e-06 0.0002629231352310897 -1.7254623280149354e-25)
(5.5490805187447959e-06 7.2034297906382731e-05 0)
(6.3196343326979408e-06 8.0445282960119592e-06 -5.5424785891271754e-27)
(6.4350178733969206e-06 -6.9181917742353575e-06 3.490690693377372e-27)
(6.3501954163487617e-06 -9.7011154321915076e-06 0)
(6.2384159813562448e-06 -1.0114672902881316e-05 0)
(6.1259809509615806e-06 -1.0133188425510451e-05 0)
(6.0142976019823679e-06 -1.0088519283813189e-05 0)
(5.9041831800163805e-06 -1.0029818072605698e-05 0)
(5.7961371883521701e-06 -9.9638192578595208e-06 0)
(5.6903791530310732e-06 -9.8915176642049394e-06 0)
(5.5870724068985828e-06 -9.8131993406938751e-06 0)
(5.4863700956205179e-06 -9.7290766597142697e-06 0)
(5.3884121916505923e-06 -9.6393624113246683e-06 0)
(5.2933234662881902e-06 -9.544276841827998e-06 0)
(5.2012132781984305e-06 -9.444047085685592e-06 0)
(5.1121755604207164e-06 -9.3389057842972894e-06 0)
(5.0262888824512837e-06 -9.2290896478578196e-06 0)
(4.9436166319047467e-06 -9.1148380530003458e-06 0)
(4.8642073145594958e-06 -8.996391695832807e-06 0)
(4.7880949609803588e-06 -8.8739913128783587e-06 0)
(4.7152996274987347e-06 -8.747876478313299e-06 0)
(4.6458279794808517e-06 -8.6182844850704491e-06 0)
(4.5796739445473856e-06 -8.4854493145438697e-06 0)
(4.5168194233761211e-06 -8.3496006988699056e-06 0)
(4.457235046179226e-06 -8.2109632777786311e-06 0)
(4.4008809633650417e-06 -8.0697558505958089e-06 0)
(4.3477076593261278e-06 -7.9261907223858367e-06 0)
(4.2976567793991918e-06 -7.7804731426114261e-06 0)
(4.2506619603261508e-06 -7.6328008331598613e-06 0)
(4.2066496560288044e-06 -7.4833636017633848e-06 0)
(4.1655399512422014e-06 -7.332343036972193e-06 0)
(4.127247356132766e-06 -7.1799122792298541e-06 0)
(4.0916815764563062e-06 -7.0262358628919448e-06 0)
(4.0587482545392454e-06 -6.8714696234056769e-06 0)
(4.0283496772640665e-06 -6.7157606640979193e-06 0)
(4.0003854479036572e-06 -6.5592473767400278e-06 3.5786254189469714e-27)
(3.9747531196120011e-06 -6.4020595102584272e-06 3.4927875967212251e-27)
(3.9513487890483559e-06 -6.2443182818361666e-06 0)
(3.9300676492326983e-06 -6.0861365251618412e-06 0)
(3.9108045012370939e-06 -5.9276188707469338e-06 0)
(3.8934542248510284e-06 -5.7688619533843601e-06 0)
(3.8779122088456819e-06 -5.6099546421959595e-06 0)
(3.8640747417630307e-06 -5.4509782891995393e-06 0)
(3.8518393645102418e-06 -5.2920069923873061e-06 0)
(3.8411051861498964e-06 -5.1331078698538673e-06 0)
(3.8317731647311884e-06 -4.9743413419777444e-06 0)
(3.823746354977098e-06 -4.8157614184356969e-06 0)
(3.8169301247330514e-06 -4.6574159881074364e-06 0)
(3.8112323421976355e-06 -4.4993471089563532e-06 0)
(3.8065635360495827e-06 -4.341591296735631e-06 0)
(3.8028370305642846e-06 -4.1841798101834596e-06 0)
(3.7999690576246456e-06 -4.0271389317936434e-06 0)
(3.7978788478584363e-06 -3.870490242837522e-06 0)
(3.7964887026963762e-06 -3.7142508916287111e-06 0)
(3.7957240493458734e-06 -3.5584338544277015e-06 0)
(3.7955134804747083e-06 -3.4030481882896321e-06 0)
(3.7957887803267439e-06 -3.2480992755025085e-06 0)
(3.7964849389975369e-06 -3.0935890593639994e-06 0)
(3.7975401563000754e-06 -2.939516271015008e-06 0)
(3.7988958368164372e-06 -2.785876647493356e-06 0)
(3.8004965774481127e-06 -2.6326631408179966e-06 0)
(3.8022901487011919e-06 -2.4798661183665453e-06 0)
(3.8042274709193351e-06 -2.3274735548534062e-06 0)
(3.8062625865818768e-06 -2.1754712159212941e-06 0)
(3.8083526296597563e-06 -2.0238428337766579e-06 0)
(3.8104577928677844e-06 -1.8725702753734739e-06 0)
(3.8125412937504328e-06 -1.7216337032262812e-06 0)
(3.8145693403031201e-06 -1.5710117295741924e-06 0)
(3.816511096815305e-06 -1.4206815640846646e-06 0)
(3.8183386505753824e-06 -1.2706191558629918e-06 0)
(3.8200269799911086e-06 -1.120799329785756e-06 0)
(3.8215539245428915e-06 -9.7119591832437649e-07 0)
(3.822900157062915e-06 -8.2178188856871471e-07 0)
(3.8240491587182932e-06 -6.7252946555038768e-07 0)
(3.8249871969645456e-06 -5.2341025235584814e-07 0)
(3.8257033067866907e-06 -3.7439534678694091e-07 0)
(3.8261892754316167e-06 -2.2545545650843922e-07 0)
(3.8264396307342322e-06 -7.6561011522219972e-08 0)
(3.8264516332973127e-06 7.2317724003705032e-08 0)
(3.8262252725815763e-06 2.2121054100702684e-07 0)
(3.8257632668135982e-06 3.7014717508691361e-07 0)
(3.8250710668788279e-06 5.1915719568894451e-07 0)
(3.8241568640627448e-06 6.6826989456850848e-07 0)
(3.8230316015857278e-06 8.1751417290924314e-07 0)
(3.8217089898054103e-06 9.6691842664120515e-07 0)
(3.8202055248944003e-06 1.1165104294072973e-06 0)
(3.818540510789564e-06 1.2663172126729476e-06 0)
(3.8167360841388171e-06 1.4163649424381369e-06 0)
(3.8148172419238593e-06 1.5666787920617916e-06 0)
(3.8128118713912743e-06 1.7172828107098108e-06 0)
(3.8107507818679573e-06 1.8681997868701705e-06 0)
(3.8086677379671649e-06 2.0194511064906805e-06 0)
(3.8065994936415265e-06 2.1710566052442173e-06 0)
(3.8045858264657728e-06 2.3230344145029442e-06 0)
(3.8026695714700481e-06 2.4754008004746455e-06 0)
(3.8008966537662115e-06 2.6281699961915481e-06 0)
(3.7993161191245959e-06 2.7813540258688124e-06 0)
(3.797980161585915e-06 2.9349625213767583e-06 0)
(3.7969441471105647e-06 3.0890025304216399e-06 0)
(3.7962666321909018e-06 3.24347831622482e-06 0)
(3.7960093762260022e-06 3.3983911484902601e-06 0)
(3.796237346388517e-06 3.5537390855181938e-06 0)
(3.7970187136353652e-06 3.7095167474608728e-06 0)
(3.7984248383735183e-06 3.8657150806696166e-06 0)
(3.8005302442320369e-06 4.0223211134249923e-06 0)
(3.8034125783143174e-06 4.1793177032167933e-06 0)
(3.8071525561477598e-06 4.3366832760049359e-06 0)
(3.8118338895287524e-06 4.4943915581106028e-06 0)
(3.8175431953747667e-06 4.6524113014126617e-06 0)
(3.8243698835934494e-06 4.8107060028150794e-06 0)
(3.8324060219706977e-06 4.969233619137525e-06 0)
(3.8417461759992231e-06 5.1279462788554355e-06 0)
(3.8524872216009098e-06 5.2867899921649318e-06 0)
(3.8647281287227495e-06 5.4457043616860885e-06 0)
(3.8785697136239246e-06 5.6046222954407881e-06 0)
(3.8941143581212209e-06 5.7634697250463633e-06 0)
(3.9114656938205036e-06 5.9221653320842559e-06 0)
(3.9307282496143816e-06 6.0806202850065379e-06 0)
(3.9520070610475216e-06 6.2387379912232198e-06 0)
(3.9754072401493303e-06 6.3964138671396299e-06 0)
(4.0010335049750915e-06 6.5535351312445576e-06 0)
(4.0289896681246664e-06 6.7099806240102094e-06 0)
(4.0593780841697202e-06 6.8656206602060229e-06 0)
(4.0922990563428287e-06 7.0203169179067325e-06 0)
(4.1278502033701168e-06 7.1739223703845001e-06 0)
(4.1661257880616798e-06 7.3262812658173476e-06 0)
(4.207216009824142e-06 7.4772291608005639e-06 0)
(4.2512062641898014e-06 7.6265930135625552e-06 0)
(4.2981763732282681e-06 7.7741913422484307e-06 4.2408710739488995e-27)
(4.3481997915580066e-06 7.9198344541514069e-06 4.3203436468892021e-27)
(4.4013427934707693e-06 8.0633247509437647e-06 0)
(4.4576636478866559e-06 8.2044571155270268e-06 0)
(4.5172117887322165e-06 8.3430193838778896e-06 0)
(4.5800269889126224e-06 8.4787929066922194e-06 0)
(4.6461385473845238e-06 8.6115532032232656e-06 0)
(4.7155644995765655e-06 8.7410707091436911e-06 0)
(4.7883108618788567e-06 8.8671116194595909e-06 0)
(4.8643709218716886e-06 8.9894388259392651e-06 0)
(4.9437245862157594e-06 9.1078129467902102e-06 0)
(5.0263377984629515e-06 9.2219934453632931e-06 0)
(5.112162039159332e-06 9.3317398319631172e-06 0)
(5.2011339202373923e-06 9.4368129421868078e-06 0)
(5.2931748860183672e-06 9.5369762827199277e-06 5.2008726638847772e-27)
(5.3881910325263116e-06 9.6319974328799015e-06 5.2523749898959878e-27)
(5.4860730461012778e-06 9.7216494813470087e-06 0)
(5.5866962173369154e-06 9.8057124065355343e-06 0)
(5.6899206530513359e-06 9.8839736478633497e-06 0)
(5.7955932992855513e-06 9.9562211031694588e-06 0)
(5.9035509332619918e-06 1.0022169338652865e-05 0)
(6.013574322731657e-06 1.008082679742674e-05 0)
(6.1251647458542375e-06 1.0125480932879481e-05 0)
(6.2375049880846236e-06 1.010711884875054e-05 0)
(6.3491908970539014e-06 9.6946672337830453e-06 0)
(6.4339841083477147e-06 6.9174569093878688e-06 3.4888031203464156e-27)
(6.3187816296077314e-06 -8.0220426769891844e-06 -5.5328053378933142e-27)
(5.548237295553093e-06 -7.1942849904469675e-05 0)
(3.7044954317423989e-06 -0.00026270409372229463 -1.7242545178878123e-25)
(1.1613315576302902e-06 -0.00048816793680665348 -4.4755470098294101e-25)
(1.1630318500717971e-06 0.00048850559901326518 -2.1760487349263973e-41)
(3.7138408932572921e-06 0.00026303243309458988 1.1907163626464711e-41)
(5.5639134761811342e-06 7.2148512691160564e-05 0)
(6.3414550896633134e-06 8.1588286025585766e-06 -5.6062138463242289e-27)
(6.463788148850729e-06 -6.8046751758788904e-06 3.4274131770586293e-27)
(6.3858231879372956e-06 -9.5886825212416337e-06 0)
(6.2808002957012552e-06 -1.0003551451446163e-05 0)
(6.1750049388478885e-06 -1.0023592205046754e-05 -5.4610135593771078e-27)
(6.0698274719442335e-06 -9.9806523082608186e-06 -5.4395576022225363e-27)
(5.9660694719745083e-06 -9.9238737549410022e-06 0)
(5.8642160329415909e-06 -9.8599793908064969e-06 0)
(5.764473532610126e-06 -9.7899515509648392e-06 0)
(5.6669934780667e-06 -9.7140630735104026e-06 5.296307983949807e-27)
(5.5719185627316249e-06 -9.6325125420565992e-06 5.252220420493038e-27)
(5.4793797113178256e-06 -9.5454985228245441e-06 0)
(5.3894940649107538e-06 -9.4532267440560727e-06 0)
(5.3023647660171369e-06 -9.3559096655208417e-06 0)
(5.218080926881689e-06 -9.2537652287990001e-06 0)
(5.1367176586533934e-06 -9.1470155441052001e-06 0)
(5.0583362073313348e-06 -9.035885603963465e-06 0)
(4.9829841970741812e-06 -8.9206020427138804e-06 0)
(4.9106959706209851e-06 -8.8013919534510095e-06 0)
(4.8414930162246935e-06 -8.6784817701186453e-06 0)
(4.7753844708798096e-06 -8.5520962221166871e-06 0)
(4.7123676888760697e-06 -8.4224573658140957e-06 0)
(4.652428865037414e-06 -8.2897836975215456e-06 -4.5221604581177934e-27)
(4.5955437022305537e-06 -8.1542893497535182e-06 -4.448291338813913e-27)
(4.5416781127249385e-06 -8.0161833721253209e-06 0)
(4.4907889437550863e-06 -7.8756690964126477e-06 0)
(4.4428247182183322e-06 -7.7329435847957068e-06 0)
(4.3977263818944949e-06 -7.5881971590041301e-06 0)
(4.3554280495036808e-06 -7.4416130073919665e-06 0)
(4.3158577428657209e-06 -7.2933668663817741e-06 -3.9786195974647855e-27)
(4.2789381148442824e-06 -7.1436267724487714e-06 -3.8968945801947055e-27)
(4.244587153790404e-06 -6.9925528798522876e-06 0)
(4.2127188640076057e-06 -6.840297339378579e-06 0)
(4.1832439185754703e-06 -6.6870042332934115e-06 0)
(4.15607028144007e-06 -6.5328095613138856e-06 7.1269494874945384e-27)
(4.1311037963825395e-06 -6.3778412728589235e-06 6.9577550345359349e-27)
(4.1082487413149264e-06 -6.2222193403930747e-06 0)
(4.0874083467186689e-06 -6.0660558691554078e-06 0)
(4.0684852776880499e-06 -5.9094552386621616e-06 0)
(4.0513820794501444e-06 -5.7525142716531685e-06 0)
(4.0360015866057035e-06 -5.5953224262350604e-06 0)
(4.0222472967764859e-06 -5.4379620074131964e-06 0)
(4.0100237096209811e-06 -5.2805083944540142e-06 2.8798682099453679e-27)
(3.999236632347688e-06 -5.1230302807391468e-06 2.7939156681018359e-27)
(3.989793453122587e-06 -4.9655899231042574e-06 0)
(3.9816033839021428e-06 -4.8082433981194749e-06 0)
(3.9745776744572294e-06 -4.6510408626834194e-06 0)
(3.9686297991847817e-06 -4.4940268166767238e-06 -2.4506473037635282e-27)
(3.9636756185768279e-06 -4.3372403666544768e-06 -2.3650964300062336e-27)
(3.9596335171842005e-06 -4.1807154874347968e-06 0)
(3.9564245198019484e-06 -4.0244812815967071e-06 0)
(3.9539723878466904e-06 -3.8685622350535926e-06 0)
(3.9522036975101682e-06 -3.7129784674714181e-06 0)
(3.9510479015389789e-06 -3.5577459774986526e-06 0)
(3.9504373762760196e-06 -3.4028768812191871e-06 0)
(3.9503074555128731e-06 -3.248379644183599e-06 0)
(3.9505964527438078e-06 -3.0942593061045122e-06 0)
(3.9512456732128055e-06 -2.940517698110994e-06 0)
(3.9521994171317847e-06 -2.7871536526849835e-06 0)
(3.9534049753770517e-06 -2.6341632057741258e-06 0)
(3.9548126188206018e-06 -2.4815397914772564e-06 0)
(3.9563755824139396e-06 -2.3292744293728611e-06 0)
(3.9580500450856869e-06 -2.1773559045664103e-06 0)
(3.9597951063847668e-06 -2.0257709406447837e-06 0)
(3.9615727607369608e-06 -1.8745043659986036e-06 0)
(3.9633478701355473e-06 -1.7235392737219924e-06 0)
(3.9650881359716902e-06 -1.572857175339447e-06 0)
(3.9667640706875792e-06 -1.4224381489405117e-06 0)
(3.9683489698305749e-06 -1.2722609819928902e-06 0)
(3.9698188850843377e-06 -1.1223033091860166e-06 0)
(3.9711525986546366e-06 -9.7254174595746733e-07 0)
(3.9723315995016112e-06 -8.2295201793480177e-07 0)
(3.9733400618409361e-06 -6.7350908680997485e-07 0)
(3.9741648260763644e-06 -5.2418727317654082e-07 0)
(3.9747953825100324e-06 -3.7496037659814826e-07 0)
(3.9752238580781833e-06 -2.2580179383588455e-07 0)
(3.9754450062163103e-06 -7.668463492889713e-08 0)
(3.9754562000398756e-06 7.2418161444523018e-08 0)
(3.9752574289273791e-06 2.2153371356970054e-07 0)
(3.9748512984147963e-06 3.7068908264276931e-07 0)
(3.9742430335875738e-06 5.199111582416348e-07 0)
(3.9734404858520221e-06 6.6922654325297912e-07 0)
(3.9724541429474609e-06 8.1866143749730667e-07 0)
(3.971297142152917e-06 9.682415197408481e-07 0)
(3.9699852864702484e-06 1.1179918275255084e-06 0)
(3.9685370635879862e-06 1.2679366343930471e-06 0)
(3.9669736673459805e-06 1.4180993240100991e-06 0)
(3.9653190213993619e-06 1.5685022607370995e-06 0)
(3.9635998047172787e-06 1.7191666562160615e-06 0)
(3.9618454784976597e-06 1.8701124314819376e-06 0)
(3.960088314015207e-06 2.0213580742102607e-06 0)
(3.9583634208858287e-06 2.1729204906535388e-06 0)
(3.9567087751401813e-06 2.324814851941339e-06 0)
(3.9551652464465416e-06 2.4770544342309885e-06 0)
(3.9537766237649747e-06 2.6296504525016902e-06 0)
(3.9525896386222244e-06 2.7826118875834319e-06 0)
(3.9516539851291192e-06 2.9359453062201239e-06 0)
(3.9510223357895992e-06 3.0896546738669018e-06 0)
(3.9507503520902029e-06 3.2437411600867054e-06 0)
(3.9508966887316819e-06 3.3982029364295156e-06 0)
(3.9515229903147879e-06 3.55303496674096e-06 0)
(3.9526938792116894e-06 3.7082287899482695e-06 0)
(3.9544769332425209e-06 3.8637722954568609e-06 0)
(3.9569426517264197e-06 4.019649491404568e-06 0)
(3.9601644083917234e-06 4.1758402661327064e-06 0)
(3.9642183895314791e-06 4.3323201433461179e-06 0)
(3.9691835157576808e-06 4.4890600316523106e-06 0)
(3.9751413456289819e-06 4.6460259692608418e-06 0)
(3.9821759593707754e-06 4.8031788648598786e-06 0)
(3.9903738209186414e-06 4.960474235781958e-06 0)
(3.9998236164150897e-06 5.1178619450589231e-06 0)
(4.0106160673647842e-06 5.2752859385428454e-06 0)
(4.02284371666953e-06 5.4326839849079626e-06 0)
(4.0366006858124582e-06 5.5899874193767036e-06 0)
(4.0519824015104224e-06 5.7471208947825875e-06 0)
(4.0690852902363641e-06 5.9040021420316469e-06 0)
(4.0880064393228905e-06 6.0605417428831647e-06 0)
(4.1088432234463281e-06 6.2166429189028185e-06 0)
(4.1316928955144869e-06 6.3722013394574618e-06 0)
(4.1566521413910593e-06 6.527104953236541e-06 0)
(4.1838165980434841e-06 6.6812338469311677e-06 0)
(4.2132803353520009e-06 6.8344601360059044e-06 0)
(4.2451353021710369e-06 6.9866478914968995e-06 0)
(4.2794707376477027e-06 7.1376531082528199e-06 0)
(4.3163725496055135e-06 7.2873237191707134e-06 0)
(4.3559226621530236e-06 7.4354996605039264e-06 0)
(4.3981983356786022e-06 7.5820129935106427e-06 0)
(4.4432714629957875e-06 7.7266880868958841e-06 4.2139466516307921e-27)
(4.4912078460006888e-06 7.8693418651493301e-06 4.2917565242005577e-27)
(4.5420664582040521e-06 8.0097841271825293e-06 0)
(4.59589869932981e-06 8.1478179394072569e-06 0)
(4.6527476489233146e-06 8.2832401066041176e-06 0)
(4.7126473264741804e-06 8.4158417237868434e-06 0)
(4.7756219666698403e-06 8.5454088111055973e-06 0)
(4.8416853189416957e-06 8.6717230327599597e-06 0)
(4.9108399809228664e-06 8.7945625004961338e-06 0)
(4.9830767761376897e-06 8.91370266035553e-06 0)
(5.058374186339179e-06 9.0289172604683444e-06 0)
(5.1366978493253051e-06 9.1399793962818129e-06 0)
(5.2180001329258959e-06 9.2466626275691045e-06 0)
(5.3022197954758899e-06 9.3487421607836135e-06 0)
(5.389281743432377e-06 9.4459960884346864e-06 5.1498684422109917e-27)
(5.4790968962425779e-06 9.5382066746248518e-06 5.1998245598943593e-27)
(5.5715621577491913e-06 9.6251616670828582e-06 0)
(5.6665604487844878e-06 9.7066555458736016e-06 0)
(5.7639609224418155e-06 9.7824899575088218e-06 0)
(5.8636209738725124e-06 9.8524665715810342e-06 0)
(5.9653892013380828e-06 9.9163131489233719e-06 0)
(6.0690595147366785e-06 9.9730506111420686e-06 0)
(6.174147594761732e-06 1.0015978052727178e-05 0)
(6.2798518905593174e-06 9.9960933653781666e-06 0)
(6.3847851876703402e-06 9.5823339077072437e-06 0)
(6.4627251651764155e-06 6.8040478327571402e-06 3.4255709132834682e-27)
(6.3405781107853091e-06 -8.1362150387972815e-06 -5.5964847507846624e-27)
(5.5630517743351319e-06 -7.2056896701088385e-05 0)
(3.7126460512514071e-06 -0.00026281319001620381 -1.7248962485128827e-25)
(1.1631566732920942e-06 -0.00048824498887553992 -4.4761541527348688e-25)
(1.1648000870187637e-06 0.0004885781723687184 4.4796932966631435e-25)
(3.72173548428221e-06 0.00026313517001483723 1.7267095856123458e-25)
(5.5782605652043988e-06 7.2255872114958638e-05 0)
(6.3625636606127044e-06 8.2662788484081431e-06 0)
(6.4916237232299851e-06 -6.6979449242950595e-06 0)
(6.4203000330885986e-06 -9.4829494076753814e-06 0)
(6.321824731039998e-06 -9.8990253837347781e-06 0)
(6.2224685228566418e-06 -9.9204703653329933e-06 -5.4034092407945964e-27)
(6.123605963005791e-06 -9.879123117570236e-06 -5.3828165796423016e-27)
(6.0260239648855049e-06 -9.8241161014804392e-06 0)
(5.9301940950086845e-06 -9.7621616975899802e-06 0)
(5.8363103378339861e-06 -9.694230978960863e-06 0)
(5.7445129987329805e-06 -9.6205848558873471e-06 5.2439647142811447e-27)
(5.6549348098674119e-06 -9.5414094452210723e-06 5.2011809599662698e-27)
(5.5676980060767393e-06 -9.4568904337039762e-06 0)
(5.4829123251757383e-06 -9.3672203824304684e-06 0)
(5.4006747936188941e-06 -9.2725984186765251e-06 -2.5277873437982304e-27)
(5.3210696817508407e-06 -9.1732291038439251e-06 -2.5008258155497039e-27)
(5.2441685071503237e-06 -9.0693212323970929e-06 -2.4726120834627291e-27)
(5.1700301332227286e-06 -8.9610866502155243e-06 -4.8864089993163827e-27)
(5.0987009650304906e-06 -8.8487391107241457e-06 -4.8253239667638082e-27)
(5.0302152334763004e-06 -8.7324931794937869e-06 -2.3810437149406309e-27)
(4.9645953586696272e-06 -8.612563194401727e-06 -2.3484088443261228e-27)
(4.9018523836564787e-06 -8.4891622884420516e-06 -2.3148162170821926e-27)
(4.8419864690892954e-06 -8.3625014794628789e-06 -2.2803241193269218e-27)
(4.784987439434919e-06 -8.2327888313272122e-06 -8.979960168385063e-27)
(4.7308353715786101e-06 -8.1002286885494345e-06 -8.8354818641933137e-27)
(4.6795012166710339e-06 -7.9650209862713238e-06 -4.3440413355477047e-27)
(4.6309474465641633e-06 -7.8273606353935368e-06 -4.2689890934147626e-27)
(4.5851287166621442e-06 -7.6874369825427863e-06 -4.1926889460144218e-27)
(4.5419925376273891e-06 -7.5454333431914465e-06 -4.1152423119096304e-27)
(4.5014799486415704e-06 -7.4015266058831911e-06 -4.0367470650739165e-27)
(4.4635261861777071e-06 -7.2558869043583968e-06 -5.935946022887314e-27)
(4.4280613426156758e-06 -7.1086773547633817e-06 -3.8769834264828222e-27)
(4.3950110094461482e-06 -6.9600538538805211e-06 -1.8979457845013691e-27)
(4.3642969010466948e-06 -6.8101649343302053e-06 -1.8570519849950581e-27)
(4.3358374553162627e-06 -6.6591516726871738e-06 0)
(4.3095484083188726e-06 -6.5071476458576021e-06 5.3231244753135261e-27)
(4.2853433405021376e-06 -6.3542789317790198e-06 5.197989887973317e-27)
(4.2631341927263115e-06 -6.2006641497519866e-06 0)
(4.242831750951016e-06 -6.0464145362762382e-06 0)
(4.2243460987299523e-06 -5.8916340521681097e-06 0)
(4.2075870372654191e-06 -5.7364195170589571e-06 0)
(4.1924644730653861e-06 -5.5808607675144513e-06 0)
(4.1788887735219821e-06 -5.4250408351533195e-06 0)
(4.1667710911579944e-06 -5.2690361415351889e-06 2.8730975669020247e-27)
(4.156023657434263e-06 -5.1129167066536198e-06 2.7879099737987329e-27)
(4.1465600472523115e-06 -4.956746368338775e-06 0)
(4.138295415358886e-06 -4.8005830099908802e-06 0)
(4.1311467061343775e-06 -4.6444787941732929e-06 0)
(4.1250328381719183e-06 -4.4884803999777251e-06 -2.4472212847836221e-27)
(4.1198748653088891e-06 -4.3326292631442622e-06 -2.3622010140929527e-27)
(4.115596115622922e-06 -4.1769618155376966e-06 -2.2772858300487673e-27)
(4.1121223100041054e-06 -4.0215097246899673e-06 -2.1924931357561396e-27)
(4.1093816619716614e-06 -3.866300130711849e-06 0)
(4.1073049602289706e-06 -3.7113558798547374e-06 0)
(4.105825635594505e-06 -3.5566957545800857e-06 0)
(4.1048798137668789e-06 -3.4023346982593851e-06 -1.8548102322545698e-27)
(4.104406355430332e-06 -3.2482840350278874e-06 -1.7708077343789179e-27)
(4.1043468850441732e-06 -3.0945516837177454e-06 0)
(4.104645809680946e-06 -2.9411423656905482e-06 0)
(4.1052503291625787e-06 -2.7880578066107422e-06 0)
(4.1061104386907566e-06 -2.635296931637028e-06 0)
(4.107178925113493e-06 -2.4828560542685133e-06 0)
(4.1084113578343054e-06 -2.3307290588622293e-06 0)
(4.1097660753259585e-06 -2.1789075768721737e-06 0)
(4.1112041682271891e-06 -2.0273811568832238e-06 0)
(4.1126894597885551e-06 -1.8761374287833403e-06 0)
(4.114188484416922e-06 -1.7251622623137496e-06 0)
(4.1156704650860646e-06 -1.5744399201010926e-06 0)
(4.1171072901739627e-06 -1.4239532057267456e-06 0)
(4.1184734903489799e-06 -1.2736836069910222e-06 0)
(4.1197462160290588e-06 -1.1236114348242398e-06 0)
(4.1209052157900926e-06 -9.7371595802572012e-07 0)
(4.1219328162108281e-06 -8.2397553475113913e-07 0)
(4.1228139035097138e-06 -6.743677403909339e-07 0)
(4.1235359072447081e-06 -5.2486949278205866e-07 0)
(4.1240887862452904e-06 -3.7545717500858989e-07 0)
(4.1244650172158737e-06 -2.2610675652956385e-07 0)
(4.1246595860453631e-06 -7.679391211628483e-08 0)
(4.124669981797611e-06 7.250585961708778e-08 0)
(4.1244961937806587e-06 2.2181711858169364e-07 0)
(4.1241407114917314e-06 3.7116436617283591e-07 0)
(4.1236085274986872e-06 5.2057192734828127e-07 0)
(4.1229071433215847e-06 6.7006383260067779e-07 0)
(4.1220465780745608e-06 8.1966369853108827e-07 0)
(4.1210393798330322e-06 9.6939460703921975e-07 0)
(4.1199006395468559e-06 1.1192789824785639e-06 0)
(4.1186480072742058e-06 1.2693384664741791e-06 0)
(4.1173017104854753e-06 1.4195937899125467e-06 0)
(4.1158845741328232e-06 1.5700646417104747e-06 0)
(4.1144220421316519e-06 1.7207695339830307e-06 0)
(4.1129421998492254e-06 1.8717256631825026e-06 0)
(4.1114757971336031e-06 2.0229487668779262e-06 0)
(4.11005627137828e-06 2.1744529757539448e-06 0)
(4.1087197700493105e-06 2.3262506606042884e-06 0)
(4.1075051720354667e-06 2.4783522738481013e-06 0)
(4.1064541071253618e-06 2.6307661854442979e-06 0)
(4.1056109728533481e-06 2.7834985128582309e-06 0)
(4.1050229478762979e-06 2.9365529449510905e-06 0)
(4.1047400009790626e-06 3.0899305595599721e-06 0)
(4.1048148947516715e-06 3.2436296347255793e-06 0)
(4.1053031828751225e-06 3.3976454535203704e-06 0)
(4.1062631999012219e-06 3.551970102504452e-06 0)
(4.1077560423475701e-06 3.706592263922273e-06 0)
(4.1098455398312207e-06 3.8614970018716272e-06 0)
(4.1125982149115954e-06 4.0166655427398796e-06 0)
(4.1160832302563772e-06 4.172075050361784e-06 0)
(4.1203723216630314e-06 4.3276983964209963e-06 0)
(4.1255397154405841e-06 4.4835039268242651e-06 0)
(4.1316620285732953e-06 4.6394552249194471e-06 0)
(4.1388181500870166e-06 4.7955108725649792e-06 0)
(4.1470891020713203e-06 4.951624210139251e-06 0)
(4.1565578786677347e-06 5.1077430973010687e-06 0)
(4.1673092613927763e-06 5.2638096754185731e-06 0)
(4.179429609472942e-06 5.4197601343968237e-06 0)
(4.1930066234578064e-06 5.5755244851218177e-06 0)
(4.208129080743296e-06 5.7310263402755857e-06 -1.56207399647961e-27)
(4.2248865418935039e-06 5.8861827062081569e-06 -1.6044071961353268e-27)
(4.2433690264724157e-06 6.0409037881893151e-06 0)
(4.2636666575800405e-06 6.1950928126918319e-06 0)
(4.2858692744145176e-06 6.3486458694354994e-06 0)
(4.3100660124020361e-06 6.5014517772481504e-06 -1.7722783875584753e-27)
(4.3363448508744812e-06 6.6533919771845326e-06 -3.6274639810535917e-27)
(4.3647921286976819e-06 6.8043404570551367e-06 -3.7098265450794036e-27)
(4.3954920285279031e-06 6.9541637112823174e-06 -1.8957852932789291e-27)
(4.4285260309529822e-06 7.1027207406224515e-06 0)
(4.463972340251601e-06 7.2498630958669063e-06 -1.9764434255994443e-27)
(4.5019052841455069e-06 7.3954349700766166e-06 -4.032290690153922e-27)
(4.5423946905389162e-06 7.5392733436169978e-06 -4.1107393746586227e-27)
(4.5855052447939337e-06 7.6812081861183297e-06 -4.1881388149297233e-27)
(4.6312958317755195e-06 7.8210627194847844e-06 -2.1321955983121374e-27)
(4.6798188676464009e-06 7.9586537458292511e-06 -2.1696975834098527e-27)
(4.7311196272154552e-06 8.0937920433214375e-06 -4.4130460576239583e-27)
(4.7852355730651518e-06 8.2262828330721454e-06 -4.4852361493374515e-27)
(4.8421956933835394e-06 8.3559263192706247e-06 -2.2779274876103465e-27)
(4.902019856297654e-06 8.4825183038555055e-06 -2.3123948338116484e-27)
(4.9647181888724249e-06 8.6058508764406487e-06 -2.3459626729349396e-27)
(5.030290489348735e-06 8.725713179367452e-06 -2.3785727732375331e-27)
(5.0987256817631295e-06 8.8418922462128221e-06 -4.8203326944270726e-27)
(5.1700013221028814e-06 8.9541739114430699e-06 -4.8813686129937424e-27)
(5.2440831654689244e-06 9.0623437873687212e-06 -2.4700675360799389e-27)
(5.3209248035383195e-06 9.1661883031636061e-06 0)
(5.400467381188627e-06 9.2654957995970805e-06 0)
(5.482639401437107e-06 9.3600576718257316e-06 0)
(5.5673566275235279e-06 9.4496695502097349e-06 -2.5750866291332347e-27)
(5.6545220801034069e-06 9.5341325006145542e-06 -5.1958594169104256e-27)
(5.7440260827920825e-06 9.6132541552431338e-06 -2.619299987956168e-27)
(5.8357464767034078e-06 9.6868490247641255e-06 0)
(5.9295506149715558e-06 9.7547312300436399e-06 0)
(6.0252982927950902e-06 9.8166404450105085e-06 0)
(6.1227958073058414e-06 9.8716088436772389e-06 0)
(6.2215723602858689e-06 9.9129460069904227e-06 0)
(6.320841059761002e-06 9.8916595414639057e-06 0)
(6.4192305058688689e-06 9.4766964499202009e-06 0)
(6.490533257819134e-06 6.6974208305662652e-06 0)
(6.3616638748292389e-06 -8.2435423836178555e-06 0)
(5.5773815082925029e-06 -7.216409472109907e-05 0)
(3.7205290520718544e-06 -0.00026291573366241496 0)
(1.1649215286775432e-06 -0.00048831742560396586 0)
(1.1665127454315592e-06 0.00048864627178285113 0)
(3.7293833749973274e-06 0.00026323155544653631 0)
(5.5921609310969542e-06 7.235659364285007e-05 0)
(6.3830173434632682e-06 8.3670942460399304e-06 0)
(6.5185996380084376e-06 -6.5977906252979489e-06 -1.6559694442207104e-27)
(6.4537181026016106e-06 -9.3837119230341505e-06 -2.5259023716906485e-27)
(6.3615978087430206e-06 -9.8008979631013805e-06 0)
(6.2684957421939674e-06 -9.8236347089453756e-06 0)
(6.1757716730421834e-06 -9.7837530614016716e-06 0)
(6.0841987640505207e-06 -9.7303769084363936e-06 0)
(5.9942358588921226e-06 -9.6702092045874429e-06 -2.6343968409037023e-27)
(5.9060652419289289e-06 -9.6042108672905018e-06 -2.6166345642472402e-27)
(5.819816594728265e-06 -9.5326320379022867e-06 0)
(5.7356131484817521e-06 -9.4556475631988372e-06 0)
(5.6535687905469597e-06 -9.3734314703226932e-06 0)
(5.5737860815433976e-06 -9.2861643823477171e-06 0)
(5.4963560447864546e-06 -9.1940333188335172e-06 -5.0114431723670322e-27)
(5.4213581130754489e-06 -9.0972306690830517e-06 -4.9589366840517664e-27)
(5.3488601121445833e-06 -8.9959530915561992e-06 -2.4519811728429913e-27)
(5.2789183289264312e-06 -8.8904004265682271e-06 -4.8466301727020619e-27)
(5.2115776677543597e-06 -8.7807746400095971e-06 -4.7870514299026556e-27)
(5.1468718868492137e-06 -8.6672788078200354e-06 -2.3626690319940851e-27)
(5.0848239071316175e-06 -8.550116147801183e-06 -2.3308010808584546e-27)
(5.0254461856908421e-06 -8.4294891055466913e-06 -2.2979777188617447e-27)
(4.9687411459235311e-06 -8.3055984985370587e-06 -2.2642543774171412e-27)
(4.9147016559513361e-06 -8.1786427230590856e-06 -4.4593716800302125e-27)
(4.8633115472900869e-06 -8.0488170257077563e-06 -4.3886520740765556e-27)
(4.814546165856279e-06 -7.9163128421351252e-06 -4.3164557211893868e-27)
(4.768372947414273e-06 -7.7813172028637194e-06 -4.242885994808987e-27)
(4.7247520102896203e-06 -7.6440122064365079e-06 -4.1680435612190435e-27)
(4.6836367584269428e-06 -7.504574558796839e-06 -4.0920261202525214e-27)
(4.6449744882990105e-06 -7.3631751772289176e-06 -4.0149281823591267e-27)
(4.6087069939894157e-06 -7.2199788567776041e-06 -1.9684204400853772e-27)
(4.5747711653062771e-06 -7.0751439962227673e-06 0)
(4.5430995741434968e-06 -6.9288223808421768e-06 -1.8890224636047107e-27)
(4.5136210451200088e-06 -6.7811590182841293e-06 -1.8487502082325001e-27)
(4.4862612070264936e-06 -6.6322920241212603e-06 0)
(4.4609430223417663e-06 -6.4823525531128275e-06 1.7672500973947369e-27)
(4.437587292473442e-06 -6.331464772572745e-06 1.7260928346951205e-27)
(4.4161131367870717e-06 -6.1797458740225722e-06 0)
(4.3964384442682088e-06 -6.0273061191938746e-06 0)
(4.3784802968835318e-06 -5.8742489167532185e-06 0)
(4.3621553640941788e-06 -5.7206709261659515e-06 0)
(4.3473802685001536e-06 -5.5666621852641362e-06 0)
(4.334071922752511e-06 -5.4123062582847694e-06 0)
(4.3221478381239715e-06 -5.2576804013520718e-06 0)
(4.3115264055058024e-06 -5.1028557424573619e-06 0)
(4.3021271497075918e-06 -4.9478974734158366e-06 0)
(4.2938709580380847e-06 -4.7928650513600896e-06 0)
(4.286680284399753e-06 -4.6378124074567114e-06 0)
(4.2804793301498894e-06 -4.4827881609179532e-06 0)
(4.2751942030273164e-06 -4.327835836873492e-06 0)
(4.2707530556069367e-06 -4.1729940855787676e-06 -2.2747563746035444e-27)
(4.2670862046281187e-06 -4.0182969027859789e-06 -2.1903944835061434e-27)
(4.264126232669559e-06 -3.8637738492581126e-06 0)
(4.2618080736056179e-06 -3.7094502683503187e-06 0)
(4.2600690831250787e-06 -3.5553475014508645e-06 0)
(4.2588490958042812e-06 -3.4014830996779357e-06 -2.7811049894940535e-27)
(4.2580904700482939e-06 -3.2478710318835616e-06 -2.6554845339575811e-27)
(4.257738122066625e-06 -3.0945218881597504e-06 0)
(4.2577395502839149e-06 -2.9414430784955394e-06 0)
(4.2580448511829217e-06 -2.7886390264769797e-06 0)
(4.2586067277407859e-06 -2.6361113575917614e-06 0)
(4.2593804916027062e-06 -2.4838590822433031e-06 0)
(4.2603240598134852e-06 -2.3318787733117785e-06 0)
(4.2613979470819155e-06 -2.1801647384425388e-06 0)
(4.2625652544798755e-06 -2.0287091869892339e-06 0)
(4.2637916553065027e-06 -1.8775023917693729e-06 0)
(4.2650453788221191e-06 -1.7265328459626654e-06 0)
(4.266297192552972e-06 -1.5757874152051925e-06 0)
(4.267520383786339e-06 -1.4252514851531154e-06 0)
(4.2686907407634615e-06 -1.2749091049925054e-06 0)
(4.2697865340750376e-06 -1.12474312685856e-06 0)
(4.2707884987019983e-06 -9.7473534159095598e-07 0)
(4.2716798171452416e-06 -8.2486661171449616e-07 0)
(4.272446103884504e-06 -6.7511700094589752e-07 0)
(4.2730753915047105e-06 -5.2546590143687785e-07 0)
(4.2735581188349263e-06 -3.7589215883099671e-07 0)
(4.2738871210717852e-06 -2.2637419576549584e-07 0)
(4.2740576223700612e-06 -7.6890133399054071e-08 0)
(4.2740672307603046e-06 7.2582087419297448e-08 0)
(4.2739159355205133e-06 2.2206458575263348e-07 0)
(4.2736061071896179e-06 3.7157942085732118e-07 0)
(4.273142500025689e-06 5.2114847145182002e-07 0)
(4.2725322570360537e-06 6.7079331507845769e-07 0)
(4.2717849173849008e-06 8.2053510610848692e-07 0)
(4.2709124260978857e-06 9.7039445250865562e-07 0)
(4.269929145908822e-06 1.120391290765951e-06 0)
(4.2688518710261974e-06 1.2705447587144811e-06 0)
(4.2676998425832795e-06 1.4208730657946404e-06 0)
(4.2664947654665535e-06 1.5713933604324698e-06 0)
(4.265260826183356e-06 1.7221215941745231e-06 0)
(4.264024711382967e-06 1.8730723822257255e-06 0)
(4.2628156265852962e-06 2.024258860119688e-06 0)
(4.2616653146200327e-06 2.1756925361186191e-06 0)
(4.2606080732377718e-06 2.327383139194424e-06 0)
(4.2596807712877497e-06 2.479338462204177e-06 0)
(4.258922862782512e-06 2.63156420016598e-06 0)
(4.2583763981432628e-06 2.784063783356668e-06 0)
(4.2580860318398152e-06 2.9368382051838684e-06 0)
(4.2580990255660976e-06 3.0898858446471274e-06 0)
(4.2584652460487471e-06 3.2432022834316404e-06 0)
(4.2592371565055723e-06 3.3967801176448716e-06 0)
(4.2604698007108511e-06 3.5506087642950724e-06 0)
(4.2622207785737566e-06 3.7046742626903745e-06 0)
(4.2645502120589857e-06 3.8589590710547455e-06 0)
(4.2675207002186568e-06 4.0134418587217987e-06 0)
(4.2711972620704175e-06 4.1680972944033153e-06 0)
(4.275647265982731e-06 4.3228958311402546e-06 0)
(4.2809403442405199e-06 4.4778034886218303e-06 0)
(4.2871482913166615e-06 4.6327816339629838e-06 0)
(4.2943449445247802e-06 4.7877867616000109e-06 0)
(4.302606045566083e-06 4.9427702739939377e-06 0)
(4.3120090816065821e-06 5.0976782642065103e-06 0)
(4.3226331044145376e-06 5.2524513020139717e-06 0)
(4.3345585263089371e-06 5.4070242253203972e-06 0)
(4.3478668916529775e-06 5.5613259390507218e-06 0)
(4.3626406225832954e-06 5.715279223173911e-06 -1.5574705868213629e-27)
(4.3789627381445674e-06 5.8688005532325785e-06 -1.5993448049491971e-27)
(4.3969165457871075e-06 6.0217999349199105e-06 0)
(4.4165853046309094e-06 6.1741807564169835e-06 0)
(4.4380518600151926e-06 6.3258396609157349e-06 0)
(4.4613982491127901e-06 6.4766664431479569e-06 -1.7651420425821589e-27)
(4.4867052778233365e-06 6.6265439728568618e-06 -3.6120376133247452e-27)
(4.5140520693967564e-06 6.7753481490632016e-06 -3.6932016197667153e-27)
(4.5435155856547962e-06 6.9229478886412127e-06 -1.8868518039193733e-27)
(4.5751701221591631e-06 7.0692051532795839e-06 0)
(4.6090867790340347e-06 7.2139750182383649e-06 -1.9662061667745852e-27)
(4.6453329098833343e-06 7.3571057871761373e-06 -4.010455014460119e-27)
(4.6839715516636836e-06 7.4984391564127831e-06 -4.0875077230621991e-27)
(4.7250608387984466e-06 7.637810432362268e-06 -4.1634793810637112e-27)
(4.7686534056389763e-06 7.7750488056079376e-06 -2.1191377689547033e-27)
(4.8147957819355224e-06 7.9099776846973457e-06 -2.155899279708416e-27)
(4.86352778649464e-06 8.0424150920539928e-06 -4.3839478511848513e-27)
(4.9148819248470925e-06 8.1721741246498056e-06 -4.454620117586225e-27)
(4.9688827972268068e-06 8.2990634809559719e-06 -4.5237096590752583e-27)
(5.0255465237796149e-06 8.4228880547928342e-06 -4.5911087057729973e-27)
(5.0848801943628462e-06 8.543449596608462e-06 -2.3283538944914604e-27)
(5.1468813505890921e-06 8.6605474414820761e-06 -2.3601980750285703e-27)
(5.2115375081419273e-06 8.7739793019923232e-06 -4.782062185527748e-27)
(5.2788257274590724e-06 8.8835421235044701e-06 -2.4207969630062572e-27)
(5.3487122409765575e-06 8.9890329979344645e-06 -1.450137588668675e-57)
(5.4211521450351673e-06 9.0902501312208042e-06 0)
(5.4960891641919782e-06 9.1869938582238291e-06 0)
(5.5734554956167815e-06 9.2790676979847442e-06 0)
(5.653171741376946e-06 9.3662794401467031e-06 -2.5516802649158391e-27)
(5.7351469255154164e-06 9.4484422450215721e-06 -5.1477825624445052e-27)
(5.8192785479554978e-06 9.5253756691273006e-06 -2.5946611988403393e-27)
(5.9054527951378678e-06 9.5969058686896636e-06 0)
(5.9935465177551836e-06 9.6628582205811526e-06 0)
(6.0834301300555305e-06 9.7229831543512718e-06 0)
(6.1749216233353083e-06 9.7763229912613943e-06 0)
(6.2675629160280077e-06 9.8161967598957983e-06 0)
(6.3605808623322969e-06 9.7936208170954269e-06 0)
(6.452618860233948e-06 9.3775508861221046e-06 0)
(6.5174833003525985e-06 6.5973657307519981e-06 0)
(6.3820961113848065e-06 -8.3442396427396293e-06 0)
(5.5912655589101911e-06 -7.2264661036435562e-05 0)
(3.7281660176116628e-06 -0.00026301193361304793 0)
(1.1666309845542665e-06 -0.00048838539490498472 0)
(1.1681743505464189e-06 0.00048871003354816289 0)
(3.7368046571247144e-06 0.00026332178188848105 0)
(5.6056509305174982e-06 7.2450877177568861e-05 0)
(6.4028693688549485e-06 8.4614727070881901e-06 0)
(6.5447856347539989e-06 -6.5040186893040029e-06 -1.6297583104711504e-27)
(6.4861630791371806e-06 -9.2907820690132494e-06 -2.4999173224921069e-27)
(6.4002204897847e-06 -9.7089878698190695e-06 0)
(6.3132020707636968e-06 -9.7329115953382925e-06 0)
(6.2264537267089933e-06 -9.6943770919695553e-06 0)
(6.1407356983896013e-06 -9.6425005391820561e-06 0)
(6.056494840292208e-06 -9.5839764030919998e-06 -2.6102279494831447e-27)
(5.9739023722175513e-06 -9.5197564452180637e-06 -2.592952199164052e-27)
(5.8930778857586989e-06 -9.4500810872941882e-06 2.5741731492110654e-27)
(5.8141355410363521e-06 -9.375114991714995e-06 2.5539370313745867e-27)
(5.7371812033802233e-06 -9.2950216354945857e-06 0)
(5.6623104782796006e-06 -9.2099708243481644e-06 0)
(5.5896085070464295e-06 -9.1201385900514502e-06 -2.4849433938908139e-27)
(5.5191499089357872e-06 -9.0257062577423159e-06 -2.4593444629242043e-27)
(5.450998749547902e-06 -8.9268594354734672e-06 2.4325289624659666e-27)
(5.3852085846950358e-06 -8.8237870117337386e-06 2.4045488499369069e-27)
(5.3218225837395732e-06 -8.7166801785481817e-06 0)
(5.2608737256142219e-06 -8.6057314885438107e-06 0)
(5.2023850608208435e-06 -8.4911339523628742e-06 -2.3141489143740494e-27)
(5.1463700327793246e-06 -8.3730801828140383e-06 -2.2820394713157532e-27)
(5.0928328514908899e-06 -8.2517615895454052e-06 0)
(5.0417689122630965e-06 -8.1273676289723627e-06 0)
(4.9931652525031203e-06 -8.0000851110930133e-06 0)
(4.9470010394887629e-06 -7.8700975662182974e-06 2.145122281275702e-27)
(4.9032480821917704e-06 -7.7375846716535895e-06 0)
(4.8618713606418802e-06 -7.6027217389341875e-06 -2.0722872248899479e-27)
(4.8228295667316286e-06 -7.4656792611331354e-06 0)
(4.786075650579314e-06 -7.3266225186891943e-06 -1.997050030162411e-27)
(4.7515573671644231e-06 -7.1857112426901976e-06 -1.9586438093592123e-27)
(4.7192178185449002e-06 -7.0430993328864421e-06 -1.9197697490953542e-27)
(4.6889959873334043e-06 -6.8989346281847014e-06 -3.7609374112324875e-27)
(4.6608272576788872e-06 -6.7533587268587991e-06 -1.8407798107747287e-27)
(4.6346439204392295e-06 -6.6065068531797357e-06 -1.8007404341396526e-27)
(4.6103756598611698e-06 -6.4585077674709198e-06 -1.7603861572596269e-27)
(4.5879500195864484e-06 -6.3094837159262752e-06 0)
(4.5672928460900015e-06 -6.1595504173096129e-06 0)
(4.5483287081857853e-06 -6.0088170829123899e-06 -1.6377626856840208e-27)
(4.5309812917160676e-06 -5.8573864663378965e-06 -1.596468563124246e-27)
(4.5151737687346293e-06 -5.7053549402107469e-06 0)
(4.5008291409419188e-06 -5.5528125964933374e-06 0)
(4.4878705574352408e-06 -5.399843367392935e-06 0)
(4.4762216069875026e-06 -5.2465251643328415e-06 -1.4298925182943054e-27)
(4.4658065853541387e-06 -5.0929300320509665e-06 -1.3880103757614944e-27)
(4.456550738320339e-06 -4.9391243155356696e-06 1.3460719712812793e-27)
(4.4483804813045899e-06 -4.7851688374644865e-06 1.3040940728345289e-27)
(4.4412235965081634e-06 -4.6311190840563122e-06 -1.262091970400199e-27)
(4.4350094086878612e-06 -4.4770253974310222e-06 -1.2200795294408167e-27)
(4.4296689406237404e-06 -4.3229331728918446e-06 -1.1780692456291514e-27)
(4.4251350496531291e-06 -4.1688830593697787e-06 -1.1360723005796496e-27)
(4.421342546301057e-06 -4.0149111616142654e-06 0)
(4.4182282963985981e-06 -3.8610492435187755e-06 0)
(4.4157313080070579e-06 -3.7073249305576391e-06 0)
(4.4137928042478483e-06 -3.5537619113690626e-06 9.6839869582592759e-28)
(4.4123562833184846e-06 -3.4003801369914631e-06 5.2700812417829625e-41)
(4.4113675669452109e-06 -3.2471960176347761e-06 -8.8484550330307292e-28)
(4.4107748384264571e-06 -3.0942226159875662e-06 0)
(4.4105286713337215e-06 -2.941469837137489e-06 0)
(4.4105820500434033e-06 -2.7889446142337374e-06 0)
(4.4108903829368816e-06 -2.636651090116439e-06 7.184690244936709e-28)
(4.4114115094166851e-06 -2.4845907944768806e-06 6.7703683387721915e-28)
(4.4121057016313935e-06 -2.3327628164864944e-06 0)
(4.4129356616466794e-06 -2.1811639729710984e-06 5.9436706515400755e-28)
(4.4138665149108667e-06 -2.0297889722050851e-06 5.5312702207418378e-28)
(4.4148658008166764e-06 -1.8786305730176089e-06 0)
(4.4159034609888836e-06 -1.7276797398737239e-06 0)
(4.4169518258865041e-06 -1.5769257936911672e-06 0)
(4.4179856003643158e-06 -1.4263565587517453e-06 0)
(4.418981848687893e-06 -1.2759585060243462e-06 0)
(4.4199199794668824e-06 -1.1257168928557156e-06 0)
(4.4207817309164978e-06 -9.7561589936639469e-07 0)
(4.4215511568832864e-06 -8.2563876263835419e-07 0)
(4.4222146138675466e-06 -6.7576790733939244e-07 0)
(4.4227607493828776e-06 -5.2598507476721522e-07 0)
(4.4231804919458587e-06 -3.7627144977795586e-07 0)
(4.423467042742209e-06 -2.2660778609992594e-07 0)
(4.423615869244326e-06 -7.6974530291949217e-08 0)
(4.423624700982851e-06 7.2648054935156111e-08 0)
(4.423493527280323e-06 2.2227976812801125e-07 0)
(4.4232245971971669e-06 3.7194034672313894e-07 0)
(4.4228224217234315e-06 5.2164934425698733e-07 0)
(4.4222937779749406e-06 6.7142600731596599e-07 0)
(4.4216477154992138e-06 8.2128915143050196e-07 0)
(4.4208955644874123e-06 9.7125703578594156e-07 0)
(4.4200509457576444e-06 1.1213472363125471e-06 0)
(4.4191297823079918e-06 1.2715765168845823e-06 0)
(4.4181503122026497e-06 1.4219606982138907e-06 0)
(4.4171331025036911e-06 1.5725145241988214e-06 0)
(4.4161010639176908e-06 1.7232515253617232e-06 0)
(4.4150794657900901e-06 1.874183879107295e-06 0)
(4.4140959510262013e-06 2.0253222665749253e-06 5.5139391032742276e-28)
(4.4131805504569492e-06 2.1766757257321268e-06 5.9262727123384759e-28)
(4.4123656961376119e-06 2.3282515005809884e-06 0)
(4.4116862330098323e-06 2.4800548862134559e-06 0)
(4.4111794282866839e-06 2.6320890696302368e-06 0)
(4.4108849778857292e-06 2.7843549661001467e-06 0)
(4.4108450091744239e-06 2.9368510510989269e-06 0)
(4.4111040792276029e-06 3.0895731876872638e-06 0)
(4.4117091677475527e-06 3.2425144494330148e-06 0)
(4.4127096637346259e-06 3.3956649389497802e-06 9.2478361105770347e-28)
(4.4141573449425963e-06 3.5490116022083406e-06 9.6657720030410473e-28)
(4.4161063491049991e-06 3.7025380388604934e-06 0)
(4.4186131358622925e-06 3.8562243089188479e-06 0)
(4.4217364382592571e-06 4.0100467362291426e-06 -1.0922412642617235e-27)
(4.4255372026637844e-06 4.1639777092126618e-06 -2.2684040783037559e-27)
(4.4300785158557348e-06 4.3179854796756574e-06 -1.1761856006604786e-27)
(4.4354255182070423e-06 4.472033960038928e-06 -1.2181820264814455e-27)
(4.441645301449466e-06 4.626082520837147e-06 -1.2601801368754023e-27)
(4.4488067900272354e-06 4.7800857880596124e-06 0)
(4.4569806046255188e-06 4.93399344328979e-06 0)
(4.4662389066281207e-06 5.0877500263881177e-06 -1.3860527387240816e-27)
(4.4766552224734908e-06 5.2412947434305564e-06 -1.4279186866859688e-27)
(4.4883042464667205e-06 5.3945612809766799e-06 0)
(4.5012616212701222e-06 5.5474776289589654e-06 0)
(4.5156036949271628e-06 5.6999659137144477e-06 0)
(4.5314072536361881e-06 5.8519422443476225e-06 -1.5944254431441575e-27)
(4.5487492296185957e-06 6.0033165739088075e-06 -1.635701148468547e-27)
(4.5677063835196762e-06 6.1539925786527632e-06 0)
(4.5883549611161633e-06 6.3038675579116546e-06 0)
(4.6107703243171786e-06 6.4528323577891719e-06 -1.758266881641606e-27)
(4.6350265567359199e-06 6.6007713213869043e-06 -1.7986011225837199e-27)
(4.6611960444118613e-06 6.7475622692290689e-06 -1.8386200917412361e-27)
(4.6893490326746898e-06 6.8930765126923008e-06 -1.8782882241930664e-27)
(4.7195531605006066e-06 7.0371789044212539e-06 0)
(4.7518729741319243e-06 7.179727928402791e-06 -1.956420814390562e-27)
(4.786369422289503e-06 7.3205758335355871e-06 -1.9948053271608689e-27)
(4.8230993356656741e-06 7.4595688136566894e-06 0)
(4.8621148939437668e-06 7.5965472370363337e-06 0)
(4.9034630840433419e-06 7.7313459284748091e-06 0)
(4.9471851539679296e-06 7.863794506241834e-06 2.1427883519251346e-27)
(4.9933160670886209e-06 7.9937177759193721e-06 2.1781637885152157e-27)
(5.0418839619525467e-06 8.1209361832890061e-06 0)
(5.0929096234967152e-06 8.2452663270518274e-06 -2.2466277359392008e-27)
(5.1464059718939706e-06 8.3665215318164302e-06 -2.2796140917601737e-27)
(5.2023775754883128e-06 8.4845124813937345e-06 0)
(5.2608201946572712e-06 8.5990479114369792e-06 0)
(5.3217203637136918e-06 8.709935359359559e-06 0)
(5.3850550179889145e-06 8.8169819690335558e-06 2.4020325346766397e-27)
(5.4507911731319174e-06 8.91999534629173e-06 2.4299903855758196e-27)
(5.5188856637312918e-06 9.0187844608955738e-06 -2.4567839316111294e-27)
(5.5892849479875182e-06 9.1131605887959781e-06 -2.482361278891766e-27)
(5.6619249849064277e-06 9.2029382882605367e-06 0)
(5.7367311908912653e-06 9.2879364012800984e-06 0)
(5.8136184718023929e-06 9.3679790637385872e-06 -2.5512930522330249e-27)
(5.8924912814799822e-06 9.4428966369566364e-06 -2.5715097392171123e-27)
(5.9732438260264505e-06 9.5125258144319866e-06 0)
(6.055762023654945e-06 9.5767021446012243e-06 0)
(6.1399263738656017e-06 9.6351857645791174e-06 0)
(6.225565926775432e-06 9.6870281442566385e-06 0)
(6.3122345841013479e-06 9.7255568226586985e-06 0)
(6.3991721177679481e-06 9.7017960379434845e-06 0)
(6.4850358036058049e-06 9.284709399225565e-06 0)
(6.543644918098349e-06 6.5036891509066987e-06 0)
(6.4019279522062053e-06 -8.4385044644695475e-06 0)
(5.6047402068503197e-06 -7.2358795181407822e-05 0)
(3.7355769903638214e-06 -0.00026310198189944344 0)
(1.1682895525793736e-06 -0.00048844903270775931 0)
(1.1697891134703659e-06 0.00048876958278873796 0)
(3.7440180350161749e-06 0.00026340602607122899 0)
(5.6187644177017053e-06 7.2538906283137311e-05 0)
(6.4221693164967935e-06 8.549596033428778e-06 0)
(6.5702466953903203e-06 -6.4164511923100906e-06 0)
(6.5177148337378938e-06 -9.2039869434444094e-06 0)
(6.4377869380308865e-06 -9.6231282034296763e-06 0)
(6.3566952760890891e-06 -9.648141029562892e-06 0)
(6.2757727180208781e-06 -9.6108429473478447e-06 0)
(6.195767334127738e-06 -9.5603432089258026e-06 0)
(6.1171146576484363e-06 -9.5033286400150669e-06 0)
(6.0399754255037244e-06 -9.4407427521103719e-06 0)
(5.9644596312104919e-06 -9.3728171997555471e-06 2.5524682530882321e-27)
(5.8906727638945504e-06 -9.2997074485236891e-06 2.5327421119667191e-27)
(5.8187129743702954e-06 -9.2215674367779819e-06 0)
(5.7486691285991534e-06 -9.1385571770153356e-06 0)
(5.6806206115164502e-06 -9.050842739437894e-06 0)
(5.6146372675555581e-06 -8.9585954032348988e-06 0)
(5.5507793580763178e-06 -8.8619907267907049e-06 2.4142411271536159e-27)
(5.4890975857875659e-06 -8.7612076215624118e-06 2.3868944610764078e-27)
(5.429633190905125e-06 -8.6564274468538402e-06 0)
(5.3724181129664723e-06 -8.5478331327892196e-06 0)
(5.3174752127440157e-06 -8.4356083376162091e-06 -2.2984495334321607e-27)
(5.2648185483686058e-06 -8.3199366453790511e-06 -2.2670012907430806e-27)
(5.2144536996770568e-06 -8.2010008074499066e-06 0)
(5.1663781344006422e-06 -8.0789820326842952e-06 0)
(5.1205816100438083e-06 -7.9540593277374609e-06 0)
(5.0770466052782133e-06 -7.8264088907637442e-06 2.13271288546739e-27)
(5.0357487746345751e-06 -7.6962035587521624e-06 0)
(4.9966574207319068e-06 -7.5636123093792848e-06 -2.0611534152367294e-27)
(4.9597359785833584e-06 -7.4287998172763983e-06 0)
(4.9249425066428657e-06 -7.2919260635555856e-06 -1.9871469749013243e-27)
(4.8922301797479638e-06 -7.1531459979742319e-06 -1.9493356790704829e-27)
(4.8615477798045074e-06 -7.012609251495556e-06 -1.9110412546347346e-27)
(4.832840180151409e-06 -6.8704598974192959e-06 -3.7446069863196958e-27)
(4.8060488200489126e-06 -6.7268362588933967e-06 -1.8331605987532547e-27)
(4.7811121663395172e-06 -6.581870759877499e-06 -1.7936491457823037e-27)
(4.7579661595860085e-06 -6.4356898172013125e-06 -1.7538040483947139e-27)
(4.7365446426283267e-06 -6.2884137702918473e-06 0)
(4.7167797697872334e-06 -6.1401568462045886e-06 0)
(4.6986023952240941e-06 -5.9910271568148327e-06 -3.2651815418475292e-27)
(4.6819424395361603e-06 -5.8411267249264734e-06 -3.1834530540374421e-27)
(4.6667292339002624e-06 -5.6905515368406808e-06 0)
(4.6528918413148348e-06 -5.5393916184488145e-06 0)
(4.6403593549147806e-06 -5.3877311318070416e-06 0)
(4.6290611734621547e-06 -5.2356484902109246e-06 -1.4266663656438381e-27)
(4.6189272542903103e-06 -5.0832164888702878e-06 -1.3851127292428707e-27)
(4.6098883442789167e-06 -4.9305024490994141e-06 1.3434830712775483e-27)
(4.6018761895093767e-06 -4.7775683738087447e-06 1.3017944796362682e-27)
(4.5948237244048772e-06 -4.6244711123931052e-06 -2.5201252313807902e-27)
(4.5886652412477006e-06 -4.4712625330957802e-06 -2.4366035242386613e-27)
(4.5833365410560398e-06 -4.3179897013799178e-06 -1.1765248723952682e-27)
(4.5787750668472566e-06 -4.1646950627131172e-06 -2.2694872430549779e-27)
(4.5749200204239605e-06 -4.0114166281756153e-06 -2.185936915092796e-27)
(4.5717124637017759e-06 -3.8581881623551116e-06 -1.0512086537597089e-27)
(4.569095405732228e-06 -3.7050393716483629e-06 0)
(4.567013876667121e-06 -3.5519960927841647e-06 9.6776665894642704e-28)
(4.5654149895257199e-06 -3.3990804802217991e-06 1.5600056634314209e-41)
(4.564247991027036e-06 -3.2463111922130348e-06 -8.8447031098667179e-28)
(4.5634643025396039e-06 -3.0937035743428262e-06 0)
(4.5630175520246998e-06 -2.9412698410883797e-06 0)
(4.5628635981798398e-06 -2.7890192536808893e-06 0)
(4.5629605475063753e-06 -2.6369582951486529e-06 7.1844951073182322e-28)
(4.5632687652707584e-06 -2.4850908417793265e-06 6.770770783052167e-28)
(4.5637508813249789e-06 -2.3334183309059375e-06 0)
(4.5643717913470664e-06 -2.1819399248219525e-06 5.9449637999944563e-28)
(4.5650986544295483e-06 -2.0306526714103166e-06 5.5328694754223635e-28)
(4.5659008876326524e-06 -1.879551660489815e-06 0)
(4.5667501581578258e-06 -1.7286301769125415e-06 0)
(4.5676203736729637e-06 -1.5778798498483033e-06 0)
(4.5684876714384228e-06 -1.4272907989509916e-06 0)
(4.5693304067207624e-06 -1.2768517771076927e-06 0)
(4.5701291407581054e-06 -1.1265503101953723e-06 0)
(4.5708666289013305e-06 -9.7637283388120004e-07 0)
(4.571527809220014e-06 -8.2630482854928877e-07 0)
(4.5720997918021627e-06 -6.7633095093237906e-07 0)
(4.5725718490994212e-06 -5.2643516443256535e-07 0)
(4.5729354075555944e-06 -3.7660086769230538e-07 0)
(4.5731840406266005e-06 -2.2681102136219256e-07 0)
(4.5733134634420285e-06 -7.7048274167966346e-08 0)
(4.5733215292192896e-06 7.2704912121721348e-08 0)
(4.5732082273442249e-06 2.2246613804233439e-07 0)
(4.5729756833197931e-06 3.7225294197334921e-07 0)
(4.572628160615309e-06 5.2208267553008602e-07 0)
(4.5721720642041624e-06 6.7197237851056218e-07 0)
(4.5716159458489152e-06 8.2193865300221197e-07 0)
(4.5709705109790141e-06 9.7199753640190308e-07 0)
(4.5702486270114851e-06 1.1221643730018771e-06 0)
(4.5694653329310096e-06 1.2724536838900422e-06 0)
(4.5686378498965913e-06 1.4228790348050867e-06 0)
(4.5677855926025521e-06 1.5734529017501099e-06 0)
(4.566930181081939e-06 1.7241865340317265e-06 0)
(4.5660954525948622e-06 1.8750898145112328e-06 0)
(4.5653074732106279e-06 2.026171116876165e-06 5.5153901262135638e-28)
(4.5645945486258104e-06 2.1774371596567643e-06 5.9274176907076079e-28)
(4.56398723372353e-06 2.3288928568624673e-06 0)
(4.5635183403444515e-06 2.4805411650632e-06 0)
(4.5632229426778205e-06 2.6323829268706424e-06 0)
(4.5631383796226615e-06 2.7844167106459056e-06 0)
(4.5633042534310136e-06 2.9366386465238185e-06 0)
(4.5637624238995168e-06 3.0890422586793769e-06 0)
(4.5645569973102903e-06 3.241618293982677e-06 0)
(4.5657343092789076e-06 3.3943545471738226e-06 9.2427248569117594e-28)
(4.5673429006188173e-06 3.5472356827612249e-06 9.659305897439282e-28)
(4.5694334852828803e-06 3.7002430539416291e-06 0)
(4.5720589094183451e-06 3.8533545188958422e-06 0)
(4.5752741005046136e-06 4.0065442550222708e-06 -1.0910967378642151e-27)
(4.5791360054718041e-06 4.1597825715070517e-06 -2.2657181686478847e-27)
(4.5837035167564033e-06 4.3130357211822048e-06 -1.1746270540060031e-27)
(4.5890373853237182e-06 4.4662657118020747e-06 -1.2163902012159287e-27)
(4.595200119254019e-06 4.6194301191498044e-06 -1.2581368538069729e-27)
(4.6022558669187052e-06 4.7724819007700466e-06 0)
(4.6102702838211853e-06 4.9253692138666099e-06 0)
(4.6193103816945325e-06 5.0780352368349812e-06 -1.3831416484353587e-27)
(4.6294443589885902e-06 5.2304179971597029e-06 -1.4246792875704015e-27)
(4.6407414118141366e-06 5.3824502067102284e-06 0)
(4.6532715243570943e-06 5.534059106457085e-06 0)
(4.6671052379729639e-06 5.6851663223425509e-06 0)
(4.6823133983168231e-06 5.835687734952201e-06 -1.5896711599878019e-27)
(4.6989668800399143e-06 5.9855333646498488e-06 -1.6305172951585799e-27)
(4.7171362885995677e-06 6.134607274999994e-06 0)
(4.7368916391342634e-06 6.2828074970353719e-06 0)
(4.758302012562285e-06 6.4300259769512363e-06 -1.751673918986861e-27)
(4.7814351891920954e-06 6.5761485499638416e-06 -1.7914993988902658e-27)
(4.8063572606155861e-06 6.7210549435273293e-06 -1.8309908929056315e-27)
(4.8331322208044491e-06 6.8646188123614454e-06 -1.8701135044717489e-27)
(4.8618215378436824e-06 7.0067078089164131e-06 0)
(4.8924837081294427e-06 7.1471836914774218e-06 -1.9471042319155476e-27)
(4.9251737950934089e-06 7.2859024732966775e-06 -1.9848943964857912e-27)
(4.9599429551073824e-06 7.422714615334248e-06 0)
(4.9968379535806073e-06 7.5574652649954893e-06 0)
(5.035900674769388e-06 7.6899945437964984e-06 0)
(5.0771676292570809e-06 7.8201378851865175e-06 2.1303737223254069e-27)
(5.1206694634704504e-06 7.9477264248875807e-06 2.1650994777852135e-27)
(5.1664304759648136e-06 8.0725874446565143e-06 0)
(5.2144681457224918e-06 8.1945448703794873e-06 0)
(5.2647926780703934e-06 8.3134198244257253e-06 0)
(5.3174065739265593e-06 8.4290312319251527e-06 0)
(5.3723042284941191e-06 8.5411964799291927e-06 0)
(5.4294715656619143e-06 8.6497321270752594e-06 0)
(5.4888857143219756e-06 8.7544546614858161e-06 0)
(5.5505147327818708e-06 8.8551813027147396e-06 0)
(5.6143173874588736e-06 8.951730843868354e-06 -2.4378797278856707e-27)
(5.6802429915970465e-06 9.0439245279484961e-06 -2.4628546447248691e-27)
(5.7482313096263862e-06 9.1315869525258686e-06 0)
(5.8182125331692322e-06 9.2145469946627792e-06 0)
(5.890107323906433e-06 9.2926387405650668e-06 -2.5301055095316272e-27)
(5.9638268736867903e-06 9.3657023332445061e-06 -2.5498131949730525e-27)
(6.0392731006099554e-06 9.4335839931132327e-06 0)
(6.1163405902893755e-06 9.4961284537207202e-06 0)
(6.194919435590465e-06 9.5531046084174482e-06 0)
(6.2748491640089028e-06 9.6035721709091233e-06 0)
(6.3556949928459297e-06 9.6408663428211539e-06 0)
(6.4367088603725811e-06 9.6160184584591814e-06 0)
(6.5165610884105678e-06 9.1979992562408052e-06 0)
(6.5690829871069935e-06 6.416213360073651e-06 0)
(6.4212088871409388e-06 -8.526518405600483e-06 0)
(5.6178392371186369e-06 -7.2446680377176627e-05 0)
(3.7427806296763684e-06 -0.00026318605481804875 0)
(1.1699014313886384e-06 -0.00048850846379994736 0)
(1.1713609636726427e-06 0.00048882503421818571 0)
(3.7510409682247252e-06 0.00026348445002206646 0)
(5.6315330012209214e-06 7.2620849281252738e-05 0)
(6.4409634892539183e-06 8.6316309867825102e-06 0)
(6.5950435281339048e-06 -6.3349248511141637e-06 0)
(6.5484480166032124e-06 -9.123167772151063e-06 0)
(6.4743852075279163e-06 -9.5431655815422958e-06 -5.1831742032836027e-27)
(6.3990761937738321e-06 -9.5691758367916275e-06 -2.454839500202511e-42)
(6.3238415614973174e-06 -9.5330104090716708e-06 5.1888743950405164e-27)
(6.2494178913421569e-06 -9.4837723312469849e-06 -5.1627450729163502e-27)
(6.1762300025354744e-06 -9.4281415579750402e-06 -5.1329317879041482e-27)
(6.1044286803540498e-06 -9.3670541738462005e-06 2.5500476731842409e-27)
(6.0341147723795819e-06 -9.300733933088492e-06 -2.5321889440805702e-27)
(5.9653854676347983e-06 -9.2293280052469251e-06 -5.5874776126588482e-42)
(5.8983314913457342e-06 -9.1529817144722961e-06 7.4769420567686062e-27)
(5.8330351772123087e-06 -9.0718462183170409e-06 2.4703790438455292e-27)
(5.7695702809314952e-06 -8.9860785679711784e-06 0)
(5.7080019215044072e-06 -8.895840934520639e-06 2.4227289702336188e-27)
(5.6483865311734736e-06 -8.8012997510851941e-06 2.3971040203009414e-27)
(5.5907718645740202e-06 -8.7026248556005899e-06 0)
(5.5351970724659074e-06 -8.599988649949427e-06 -7.0274619648405251e-27)
(5.4816928347793639e-06 -8.4935652827551158e-06 -6.9407725948693834e-27)
(5.4302815481154911e-06 -8.3835298611984294e-06 4.567399658216273e-27)
(5.3809775628088321e-06 -8.2700576977272862e-06 4.5057249727075804e-27)
(5.333787464096327e-06 -8.1533235947663727e-06 0)
(5.2887103919712672e-06 -8.0335011723931443e-06 0)
(5.2457383944241608e-06 -7.9107622401328935e-06 0)
(5.2048568084671945e-06 -7.7852762164341983e-06 0)
(5.1660446635209702e-06 -7.657209596150543e-06 4.1723043030812132e-27)
(5.1292751020347477e-06 -7.5267254671526392e-06 4.1012630779344e-27)
(5.094515812462399e-06 -7.3939830762752754e-06 0)
(5.0617294697770429e-06 -7.2591374437686054e-06 -3.9555379070177719e-27)
(5.0308741791744371e-06 -7.1223390260246642e-06 0)
(5.0019039190934454e-06 -6.9837334246913236e-06 3.8055134472787848e-27)
(4.9747689799306101e-06 -6.8434611407862997e-06 -3.7290881117968809e-27)
(4.9494163951658464e-06 -6.7016573720653017e-06 -3.6518211977870457e-27)
(4.9257903620565241e-06 -6.5584518511178332e-06 1.7868921628703996e-27)
(4.9038326494268882e-06 -6.4139687221755346e-06 -1.7475230148873803e-27)
(4.8834829905656844e-06 -6.2683264537498434e-06 0)
(4.8646794595439581e-06 -6.1216377849714517e-06 5.0035853838255777e-27)
(4.8473588294575748e-06 -5.9740097028560112e-06 0)
(4.8314569116448728e-06 -5.8255434476886354e-06 -1.5871694936009067e-27)
(4.8169088751663087e-06 -5.6763345442563657e-06 0)
(4.8036495459714203e-06 -5.5264728563167727e-06 0)
(4.7916136856721414e-06 -5.3760426615320675e-06 0)
(4.780736249915172e-06 -5.2251227450161851e-06 0)
(4.7709526264466884e-06 -5.0737865088873672e-06 0)
(4.7621988533580026e-06 -4.9221020958384579e-06 0)
(4.7544118180018152e-06 -4.7701325246693179e-06 1.2995386984969711e-27)
(4.7475294372245508e-06 -4.6179358359918959e-06 0)
(4.7414908196719039e-06 -4.4655652462852693e-06 -1.2165405312593068e-27)
(4.7362364109969453e-06 -4.313069308864383e-06 0)
(4.7317081228427855e-06 -4.1604920802405771e-06 -1.1334093151710669e-27)
(4.7278494466075495e-06 -4.0078732904698353e-06 -2.1836467522509284e-27)
(4.7246055528803487e-06 -3.8552485165817678e-06 -1.0502372953264802e-27)
(4.7219233775447523e-06 -3.7026493577498898e-06 0)
(4.7197516956434536e-06 -3.5501036114777784e-06 0)
(4.7180411838740096e-06 -3.3976354498928321e-06 -9.2555971899546245e-28)
(4.7167444727761834e-06 -3.2452655955972937e-06 -8.8404952822540306e-28)
(4.7158161894821955e-06 -3.0930114961016864e-06 -1.6851450700906799e-27)
(4.7152129919947762e-06 -2.9408874970202474e-06 -1.6022652866035287e-27)
(4.7148935959778861e-06 -2.7889050129031566e-06 7.5973294709066673e-28)
(4.7148187948217722e-06 -2.6370726955692712e-06 -7.1837577753491505e-28)
(4.7149514736964061e-06 -2.485396600100386e-06 -1.3541254971919267e-27)
(4.7152566186147083e-06 -2.3338803479321062e-06 0)
(4.7157013211255748e-06 -2.1825252865330225e-06 0)
(4.7162547792259863e-06 -2.0313306467467751e-06 0)
(4.7168882953152192e-06 -1.8802936963688846e-06 5.1226172259836068e-28)
(4.7175752716478033e-06 -1.7294098912024198e-06 4.7117161818267009e-28)
(4.7182912038413127e-06 -1.5786730226110792e-06 0)
(4.719013673093277e-06 -1.4280753627408168e-06 3.8911291586593566e-28)
(4.7197223375091048e-06 -1.2776078065780282e-06 3.4813955777368544e-28)
(4.7203989227123901e-06 -1.1272600114742081e-06 0)
(4.7210272125428442e-06 -9.7702053416530343e-07 0)
(4.7215930398938922e-06 -8.268769660198344e-07 0)
(4.7220842780274744e-06 -6.7681606570626683e-07 0)
(4.7224908326648936e-06 -5.2682389020233651e-07 1.4370810421382732e-28)
(4.7228046350640517e-06 -3.7688592479525194e-07 1.028831083928857e-28)
(4.7230196363025127e-06 -2.2698721119978097e-07 0)
(4.723131802779746e-06 -7.7112475006207082e-08 0)
(4.7231391132395744e-06 7.2753747628175171e-08 0)
(4.7230415571487807e-06 2.2262698371315276e-07 0)
(4.7228411346837363e-06 3.7252269731644499e-07 0)
(4.722541858255267e-06 5.2245616328584205e-07 0)
(4.7221497554423742e-06 6.7244234060272003e-07 0)
(4.7216728733876906e-06 8.2249574498535807e-07 0)
(4.7211212844894302e-06 9.726303205300731e-07 0)
(4.7205070932501612e-06 1.1228593100924203e-06 0)
(4.7198444441130746e-06 1.2731951241733079e-06 0)
(4.7191495300605512e-06 1.4236492080206924e-06 0)
(4.71844060171723e-06 1.5742319067588405e-06 0)
(4.7177379766658427e-06 1.7249523282814433e-06 0)
(4.7170640486330294e-06 1.8758182037219757e-06 0)
(4.7164432961763173e-06 2.0268357453379477e-06 0)
(4.7159022904454543e-06 2.1780095016237633e-06 0)
(4.7154697015484954e-06 2.32934220953101e-06 0)
(4.7151763030247167e-06 2.4808346436779775e-06 -1.3505580711202034e-27)
(4.7150549738754069e-06 2.6324854625513094e-06 -7.165839763058247e-28)
(4.7151406975456126e-06 2.7842910516000021e-06 7.5793258677815774e-28)
(4.7154705572099505e-06 2.9362453633106572e-06 -1.5986465081098281e-27)
(4.7160837266863043e-06 3.0883397542763972e-06 -1.6815072964679064e-27)
(4.7170214562424325e-06 3.2405628194388739e-06 0)
(4.718327052511987e-06 3.392900223682317e-06 -1.8474408732586674e-27)
(4.7200458517036236e-06 3.5453345310233503e-06 -1.9304963387330143e-27)
(4.7222251852249801e-06 3.6978450317667884e-06 0)
(4.7249143369181428e-06 3.8504075678753785e-06 0)
(4.7281644908497304e-06 4.0029943574791236e-06 0)
(4.7320286687213714e-06 4.1555738186067468e-06 0)
(4.736561656074275e-06 4.3081103931183875e-06 0)
(4.7418199161386219e-06 4.4605643714666446e-06 0)
(4.7478614903654851e-06 4.61289171990556e-06 0)
(4.7547458846992812e-06 4.7650439097666199e-06 0)
(4.7625339406080752e-06 4.9169677515279439e-06 0)
(4.7712876898766089e-06 5.0686052339259746e-06 0)
(4.7810701923457929e-06 5.2198933700391796e-06 0)
(4.7919453557546082e-06 5.3707640517842005e-06 0)
(4.8039777368863596e-06 5.521143914558383e-06 0)
(4.8172323234100841e-06 5.6709542137609594e-06 0)
(4.8317742958986457e-06 5.8201107155241258e-06 0)
(4.8476687696157293e-06 5.9685236033176398e-06 1.6255453284421643e-27)
(4.8649805158817983e-06 6.116097403096747e-06 1.6657585778939016e-27)
(4.8837736630427324e-06 6.2627309290896653e-06 -3.4114281915836313e-27)
(4.9041113772060919e-06 6.4083172528081597e-06 -1.7453823709338198e-27)
(4.9260555232341164e-06 6.5527436976696892e-06 1.7847323032763327e-27)
(4.9496663067348161e-06 6.6958918619492611e-06 -3.6474624211416674e-27)
(4.9750018980432119e-06 6.837637672684444e-06 -3.7246896883229203e-27)
(5.0021180396035845e-06 6.9778514730674952e-06 0)
(5.031067638494351e-06 7.1163981457802271e-06 -3.8765432444437542e-27)
(5.0619003460755417e-06 7.2531372750037649e-06 -3.9510174234888745e-27)
(5.0946621272969935e-06 7.3879233492548958e-06 -2.0122085206728836e-27)
(5.1293948223677872e-06 7.5206060070723382e-06 -2.0483295526761045e-27)
(5.1661357041498303e-06 7.6510303281698614e-06 0)
(5.2049170349638054e-06 7.7790371705962362e-06 0)
(5.2457656265076508e-06 7.9044635562048124e-06 0)
(5.2887024074260726e-06 8.0271431046628188e-06 0)
(5.3337420032214427e-06 8.1469065167606011e-06 6.656156063835817e-27)
(5.3808923333896517e-06 8.2635821066423145e-06 6.7512986305911568e-27)
(5.4301542309406516e-06 8.3769963822617444e-06 0)
(5.4815210897513501e-06 8.486974673080392e-06 -2.3111189307089304e-27)
(5.534978545203503e-06 8.5933418022421398e-06 -2.3399944654121961e-27)
(5.5905041935554202e-06 8.6959228012668993e-06 0)
(5.6480673554564098e-06 8.7945436630052185e-06 2.3945700538404163e-27)
(5.7076288889060804e-06 8.8890321292096109e-06 2.4201749225037896e-27)
(5.7691410566914197e-06 8.9792185072128135e-06 0)
(5.8325474531293832e-06 9.0649365101505041e-06 2.4677860614548843e-27)
(5.8977829952376655e-06 9.1460241132221055e-06 2.4897022993056816e-27)
(5.9647739730964148e-06 9.2223244112525347e-06 -5.0206024363723173e-27)
(6.0334381090969749e-06 9.2936863916465224e-06 2.529541507506894e-27)
(6.1036847442662744e-06 9.359964878256291e-06 5.0947667589737923e-27)
(6.1754167606900041e-06 9.4210128900121101e-06 -7.691356526037975e-27)
(6.2485333925870925e-06 9.4766072105754358e-06 -5.1573540455323468e-27)
(6.3228841137405299e-06 9.5258149753483975e-06 0)
(6.3980448500245049e-06 9.5619782792842954e-06 -5.2012307116354031e-27)
(6.4732790253781917e-06 9.5361348411583212e-06 -5.1778409475181416e-27)
(6.5472692562151881e-06 9.1172618410068397e-06 0)
(6.5938581188426008e-06 6.3347752549698003e-06 0)
(6.4399851371596021e-06 -8.6084479998255706e-06 0)
(5.6305941954045888e-06 -7.2528484626546149e-05 0)
(3.7497943541413365e-06 -0.00026326431399275284 0)
(1.1714705390819476e-06 -0.00048856380258334214 0)
(1.1728935780490132e-06 0.000488876492819411 0)
(3.7578897999077017e-06 0.00026355720202079618 0)
(5.643986275549455e-06 7.2696860235666618e-05 0)
(6.4592952502386664e-06 8.7077302498152612e-06 0)
(6.6192330054996896e-06 -6.2592901015640519e-06 0)
(6.5784325899641572e-06 -9.0481790369247328e-06 0)
(6.5100978631185881e-06 -9.4689593263292429e-06 -5.1414779698110401e-27)
(6.440439427643464e-06 -9.49588091507268e-06 -4.8486128905449532e-42)
(6.3707662627783444e-06 -9.4607506279830417e-06 7.7223496547075631e-27)
(6.3018040751777931e-06 -9.4126659223230867e-06 -2.5613662221836e-27)
(6.2339675211349842e-06 -9.3583005818863388e-06 -5.0936109027194045e-27)
(6.1673979183725877e-06 -9.2985840144518311e-06 5.0615256159975221e-27)
(6.102187382874016e-06 -9.2337328654163966e-06 -4.5793811760208703e-42)
(6.0384251461406117e-06 -9.1638868321829186e-06 5.4780799689430122e-42)
(5.976194777758211e-06 -9.0891834719909083e-06 7.4229421068230977e-27)
(5.9155722766558284e-06 -9.0097659493445448e-06 2.4528529298024838e-27)
(5.8566258954157818e-06 -8.9257831643988717e-06 0)
(5.7994160843947379e-06 -8.8373890459746929e-06 2.406205487715675e-27)
(5.7439954369609245e-06 -8.7447417579492098e-06 2.3811047099179346e-27)
(5.6904086868787214e-06 -8.6480029038403076e-06 0)
(5.6386927636931982e-06 -8.5473367438311429e-06 -6.9827118571380897e-27)
(5.5888769016226538e-06 -8.4429094315792783e-06 -6.8976842919485579e-27)
(5.5409827976601141e-06 -8.3348882755976152e-06 4.5397929903129836e-27)
(5.4950248146805998e-06 -8.2234410305908003e-06 4.4792439435662052e-27)
(5.4510102249221722e-06 -8.10873522205389e-06 0)
(5.4089394890290206e-06 -7.9909375084713028e-06 2.1764284063717082e-27)
(5.3688065660032785e-06 -7.870213082641632e-06 2.1436007671761429e-27)
(5.3305992492553834e-06 -7.7467251155401152e-06 0)
(5.2942995238657443e-06 -7.6206342432195503e-06 6.2271253483145054e-27)
(5.2598839405392136e-06 -7.4920980980350937e-06 6.1221945140573883e-27)
(5.2273240018920858e-06 -7.3612708846181189e-06 -2.0051243755147179e-27)
(5.1965865567763085e-06 -7.2283030001989178e-06 -5.9067856161197446e-27)
(5.1676341987534062e-06 -7.0933406990425675e-06 0)
(5.1404256650348056e-06 -6.956525799842655e-06 3.7898617564213127e-27)
(5.11491623277547e-06 -6.8179954347259504e-06 -3.7144120053353015e-27)
(5.0910581096841026e-06 -6.6778818385525649e-06 -3.6380923716738471e-27)
(5.0688008161729701e-06 -6.5363121765471754e-06 1.7804865090112561e-27)
(5.0480915569155794e-06 -6.3934084082812256e-06 -1.7415606171427804e-27)
(5.0288755797940763e-06 -6.2492871858185024e-06 0)
(5.0110965206530915e-06 -6.1040597839021537e-06 4.988212266405465e-27)
(4.9946967325002418e-06 -5.9578320599411361e-06 1.6229000117448859e-27)
(4.9796175981013579e-06 -5.8107044412252621e-06 0)
(4.9657998252280302e-06 -5.6627719373649149e-06 0)
(4.9531837240256474e-06 -5.5141241755403608e-06 0)
(4.9417094662124298e-06 -5.3648454562275372e-06 0)
(4.931317326097347e-06 -5.2150148273854497e-06 1.4205180708812556e-27)
(4.9219479034486658e-06 -5.06470617506255e-06 1.3795654977371643e-27)
(4.9135423284730432e-06 -4.9139883283040644e-06 0)
(4.9060424493459319e-06 -4.7629251766125577e-06 2.5946888047252125e-27)
(4.8993910027959969e-06 -4.6115757981591106e-06 2.5122194857998477e-27)
(4.8935317683753735e-06 -4.4599945971397836e-06 0)
(4.8884097071021075e-06 -4.3082314487581947e-06 1.1734671107492943e-27)
(4.883971085240289e-06 -4.1563318505084396e-06 1.1320853718474195e-27)
(4.8801635840559621e-06 -4.0043370783612544e-06 0)
(4.876936396380921e-06 -3.8522843468361504e-06 0)
(4.8742403107871212e-06 -3.700206971910755e-06 0)
(4.8720277844629011e-06 -3.5481345357534777e-06 0)
(4.8702530053787697e-06 -3.3960930525657377e-06 0)
(4.8688719447919444e-06 -3.2441051348071218e-06 0)
(4.8678424010425466e-06 -3.0921901591067416e-06 -1.68443868961112e-27)
(4.8671240351978072e-06 -2.9403644314288927e-06 -1.6017371535428882e-27)
(4.8666783996446848e-06 -2.7886413511462953e-06 7.5954722201258472e-28)
(4.8664689602884841e-06 -2.637031573156502e-06 -7.1825816604238821e-28)
(4.8664611129242538e-06 -2.4855431683541301e-06 -1.3540071625035425e-27)
(4.8666221948978972e-06 -2.3341817822602367e-06 0)
(4.8669214925035276e-06 -2.182950790624221e-06 5.9460321007291336e-28)
(4.8673302445788911e-06 -2.0318514533320242e-06 5.5345859268471106e-28)
(4.8678216432132101e-06 -1.8808830653181883e-06 5.1235086863587189e-28)
(4.868370831951902e-06 -1.7300431054680621e-06 9.4255857483964212e-28)
(4.8689549021026278e-06 -1.5793273823927616e-06 4.3024263772007316e-28)
(4.8695528874583852e-06 -1.4287301785346129e-06 3.8923928732380899e-28)
(4.8701457580417498e-06 -1.2782443913225409e-06 3.4826722199338463e-28)
(4.8707164131964608e-06 -1.1278616724266263e-06 0)
(4.8712496743322e-06 -9.7757256461780611e-07 0)
(4.8717322777450751e-06 -8.2736663736520059e-07 0)
(4.8721528676850107e-06 -6.7723261994525606e-07 0)
(4.8725019900308135e-06 -5.2715853334047203e-07 1.4378373162648497e-28)
(4.8727720865919133e-06 -3.7713182094178796e-07 1.0294046055758766e-28)
(4.8729574904526649e-06 -2.271394780527509e-07 0)
(4.873054422319971e-06 -7.7168180386077867e-08 0)
(4.8730609879841202e-06 7.2795587847532547e-08 0)
(4.8729771770530551e-06 2.2276540634149958e-07 0)
(4.8728048628931372e-06 3.727547911775908e-07 0)
(4.8725478038978763e-06 5.2277706719903318e-07 0)
(4.8722116459005497e-06 6.7284524003272388e-07 0)
(4.8718039257754826e-06 8.2297186746796878e-07 0)
(4.87133407608925e-06 9.7316892998714628e-07 0)
(4.8708134306584231e-06 1.1234477002042511e-06 0)
(4.8702552308597158e-06 1.2738186109852049e-06 0)
(4.8696746324785876e-06 1.4242911220318011e-06 0)
(4.8690887128520713e-06 1.5748735847486512e-06 4.2848364138337637e-28)
(4.8685164780317272e-06 1.7255731051912217e-06 4.6951504428992483e-28)
(4.8679788696474518e-06 1.8763954049366857e-06 0)
(4.8674987711201799e-06 2.0273446797398113e-06 5.5168243533100407e-28)
(4.8671010128261115e-06 2.1784234558675407e-06 5.9282038721152289e-28)
(4.8668123757799118e-06 2.3296324439974111e-06 0)
(4.8666615933666012e-06 2.4809703906223587e-06 -1.3504120317852182e-27)
(4.8666793506037314e-06 2.6324339269909672e-06 -7.1645252623843883e-28)
(4.8668982803866304e-06 2.7840174155574045e-06 7.5773304088449669e-28)
(4.8673529561089651e-06 2.9357127940395778e-06 -1.5980907782613852e-27)
(4.8680798800286101e-06 3.087509417154383e-06 -1.6807733742666135e-27)
(4.8691174667169593e-06 3.2393938962501722e-06 0)
(4.8705060208586352e-06 3.3913499370713835e-06 -1.8462815288978147e-27)
(4.8722877086633553e-06 3.5433581758795283e-06 -1.9290876166575731e-27)
(4.8745065220805836e-06 3.6953960144627565e-06 0)
(4.8772082351103828e-06 3.8474374540249929e-06 0)
(4.8804403512102135e-06 3.999452929513508e-06 0)
(4.8842520409928857e-06 4.1514091435160078e-06 0)
(4.8886940695409575e-06 4.3032689018111532e-06 0)
(4.893818712102456e-06 4.4549909504866095e-06 0)
(4.899679657506774e-06 4.6065298161887575e-06 1.2541574488833052e-27)
(4.9063318985000131e-06 4.7578356498064927e-06 1.2953777275279749e-27)
(4.9138316079406964e-06 4.9088540754898663e-06 0)
(4.9222360001767116e-06 5.059526045818847e-06 1.3775688060401454e-27)
(4.9316031768402694e-06 5.209787704473621e-06 1.4185057565225099e-27)
(4.94199195632345e-06 5.359570258273959e-06 0)
(4.9534616863192275e-06 5.5087998598718012e-06 0)
(4.9660720389029263e-06 5.6573975028915427e-06 0)
(4.9798827878206638e-06 5.8052789316588248e-06 0)
(4.9949535675803966e-06 5.952354566992342e-06 1.6208037757697286e-27)
(5.011343614354334e-06 6.0985294507402857e-06 1.6606233123796743e-27)
(5.0291114888194883e-06 6.2437032106266837e-06 -3.400336744239303e-27)
(5.0483147810633129e-06 6.3877700480749555e-06 -1.7394097716075773e-27)
(5.0690097982448495e-06 6.5306187509646962e-06 1.7783168322023557e-27)
(5.0912512355947934e-06 6.6721327338200762e-06 -3.6337147830834188e-27)
(5.1150918319108612e-06 6.8121901079077377e-06 -3.7099956474222304e-27)
(5.1405820109278527e-06 6.9506637830317957e-06 0)
(5.1677695100514636e-06 7.0874216036536365e-06 -3.8598733340996655e-27)
(5.1966989984851802e-06 7.222326521441351e-06 -3.9333216324285542e-27)
(5.2274116870893652e-06 7.3552368060346261e-06 -2.0028364221411615e-27)
(5.2599449324406504e-06 7.4860062958761197e-06 1.340177311493155e-41)
(5.2943318382151099e-06 7.6144846909651244e-06 2.0733796231493003e-27)
(5.3306008572243082e-06 7.7405178884874068e-06 0)
(5.3687753974966474e-06 7.8639483621843263e-06 2.1412307284754966e-27)
(5.4088734364995629e-06 7.9846155864203902e-06 2.1740377199850319e-27)
(5.4509071476484016e-06 8.10235650485399e-06 6.6181179959121781e-27)
(5.4948825435213204e-06 8.2170060432256422e-06 6.7115702923190381e-27)
(5.5407991403220294e-06 8.3283976654294881e-06 -2.267444163079386e-27)
(5.5886496484242753e-06 8.4363639716956496e-06 -4.5935109135005787e-27)
(5.6384196937964628e-06 8.5407373361903996e-06 -2.3250778654391273e-27)
(5.6900875750145345e-06 8.6413505819159968e-06 0)
(5.7436240606621807e-06 8.7380376890244393e-06 2.3785725109716321e-27)
(5.7989922316202197e-06 8.8306345327972047e-06 2.4036540576934296e-27)
(5.8561473725935126e-06 8.9189796464557331e-06 0)
(5.9150369171464445e-06 9.0029150033806974e-06 2.450264284539509e-27)
(5.9756004505960145e-06 9.0822868118339285e-06 2.471707514976049e-27)
(6.0377697650357528e-06 9.1569463081183578e-06 -4.983709489907362e-27)
(6.1014689157588771e-06 9.2267504630168126e-06 2.5106668742221025e-27)
(6.1666143966710107e-06 9.2915618574202674e-06 5.0562125173334937e-27)
(6.2331170437183345e-06 9.3512409726688421e-06 -7.6324008930833566e-27)
(6.3008848182534211e-06 9.4055716921753117e-06 -2.5586800728362886e-27)
(6.3697766564289557e-06 9.4536278237230352e-06 2.5714180837072741e-27)
(6.4393786418545153e-06 9.4887576555683514e-06 -5.1600490033183914e-27)
(6.5089650686128569e-06 9.4620046437948449e-06 -2.5680840289466246e-27)
(6.5772301698179475e-06 9.0423517828663925e-06 2.4295602674582987e-27)
(6.6180270973584977e-06 6.2592254391912768e-06 0)
(6.4582999905329089e-06 -8.6844457172660301e-06 0)
(5.643034618746679e-06 -7.2604361696156883e-05 0)
(3.7566344695585066e-06 -0.00026333690732783556 0)
(1.1730005421343046e-06 -0.00048861515375145837 0)
(1.1743904072524096e-06 0.0004889240544539476 0)
(3.764579872841646e-06 0.00026362441745672631 0)
(5.6561520299743722e-06 7.2767079835195329e-05 0)
(6.4772053272804272e-06 8.778033288920597e-06 0)
(6.6428685605076462e-06 -6.1894102701843717e-06 0)
(6.6077343105813352e-06 -8.978887690641711e-06 0)
(6.5450025429322937e-06 -9.4003807309391766e-06 7.6543058222981695e-27)
(6.480873984846211e-06 -9.4281325600169948e-06 1.5381883734499224e-26)
(6.4166466182947463e-06 -9.3939455129813384e-06 1.7887056544321387e-26)
(6.353035831665563e-06 -9.3469120586730538e-06 1.7799811236369615e-26)
(6.2904466171699402e-06 -9.2937004492336531e-06 7.5857549467691925e-27)
(6.2290112649043781e-06 -9.2352341015773419e-06 2.5128851318613927e-27)
(6.1688135377083512e-06 -9.1717232771666447e-06 2.4957979786524452e-27)
(6.1099350246978549e-06 -9.1033009571401811e-06 0)
(6.0524523906584431e-06 -9.030097710776944e-06 0)
(5.9964354863410706e-06 -8.9522495035917848e-06 0)
(5.9419471844022253e-06 -8.869897886219012e-06 0)
(5.8890433279192078e-06 -8.783189346732006e-06 0)
(5.8377726732686625e-06 -8.6922745744626105e-06 0)
(5.7881768786596016e-06 -8.5973077196890355e-06 0)
(5.740290544674236e-06 -8.4984456627728537e-06 0)
(5.6941413029159555e-06 -8.3958472995114875e-06 0)
(5.6497499489964578e-06 -8.2896728474337002e-06 0)
(5.6071306162319728e-06 -8.1800831777387424e-06 0)
(5.566290986125729e-06 -8.0672391762941748e-06 0)
(5.5272325313776172e-06 -7.9513011376952944e-06 2.1651212564685189e-27)
(5.4899507873552035e-06 -7.8324281940024794e-06 2.132809822999589e-27)
(5.454435647884853e-06 -7.7107777814814719e-06 0)
(5.4206716809862015e-06 -7.5865051460284433e-06 2.0659378277232659e-27)
(5.3886384605785181e-06 -7.4597628886202197e-06 2.0314620711011067e-27)
(5.358310910236102e-06 -7.3307005514533574e-06 -1.9963483643248121e-27)
(5.3296596552524961e-06 -7.1994642446061611e-06 -1.9606369762321332e-27)
(5.3026513794386834e-06 -7.0661963132455462e-06 0)
(5.2772491833749877e-06 -6.9310350443840031e-06 0)
(5.2534129412173739e-06 -6.7941144125569945e-06 0)
(5.2310996533321836e-06 -6.6555638626979516e-06 0)
(5.2102637922925693e-06 -6.5155081293017842e-06 0)
(5.1908576401066933e-06 -6.3740670897283603e-06 0)
(5.1728316148848102e-06 -6.2313556500280698e-06 0)
(5.1561345853789541e-06 -6.0874836613302891e-06 0)
(5.1407141721232881e-06 -5.94255586476294e-06 0)
(5.1265170342042744e-06 -5.7966718628926937e-06 0)
(5.1134891408182129e-06 -5.6499261155785242e-06 0)
(5.1015760270875815e-06 -5.5024079582625534e-06 0)
(5.0907230338164138e-06 -5.3542016406049792e-06 0)
(5.0808755310658341e-06 -5.2053863834214103e-06 5.670525781224125e-27)
(5.071979125512523e-06 -5.0560364523047684e-06 5.5078041252351987e-27)
(5.0639798517906553e-06 -4.9062212456947945e-06 0)
(5.0568243481385638e-06 -4.7560053960433524e-06 1.295227931162294e-27)
(5.0504600167018269e-06 -4.6054488821549097e-06 1.2542195500018687e-27)
(5.0448351690763223e-06 -4.4546071513392755e-06 3.6394021262878368e-27)
(5.039899157625987e-06 -4.3035312498098665e-06 4.6879417955934015e-27)
(5.0356024932454983e-06 -4.1522679601456556e-06 1.1307866339051231e-27)
(5.031896950275767e-06 -4.0008599444567359e-06 3.268647966833408e-27)
(5.028735659300045e-06 -3.8493458921637126e-06 0)
(5.0260731885770723e-06 -3.6977606714980831e-06 -3.0210019940823358e-27)
(5.0238656149223819e-06 -3.5461354836546348e-06 0)
(5.0220705847693208e-06 -3.3944980188831069e-06 0)
(5.0206473662097566e-06 -3.2428726137139679e-06 0)
(5.0195568928001159e-06 -3.0912804087903453e-06 0)
(5.0187617999037657e-06 -2.9397395066957757e-06 0)
(5.0182264542922671e-06 -2.7882651293158328e-06 0)
(5.0179169776154947e-06 -2.6368697742212301e-06 0)
(5.0178012645548675e-06 -2.485563369941613e-06 0)
(5.0178489963192644e-06 -2.3343534300465122e-06 0)
(5.0180316500341154e-06 -2.1832452049524485e-06 5.9459723571821822e-28)
(5.0183225045358282e-06 -2.032241832456978e-06 5.534856570064573e-28)
(5.0186966432218571e-06 -1.8813444860764296e-06 0)
(5.0191309546085985e-06 -1.7305525215426068e-06 4.7135218912581755e-28)
(5.0196041307435515e-06 -1.5798636209828283e-06 4.3032937890581809e-28)
(5.0200966641516911e-06 -1.4292739357467978e-06 0)
(5.0205908436689212e-06 -1.2787782264755518e-06 0)
(5.0210707494420806e-06 -1.1283700020084372e-06 0)
(5.0215222475751176e-06 -9.7804165598728975e-07 0)
(5.0219329846169207e-06 -8.2778460247443108e-07 0)
(5.0222923821397518e-06 -6.7758940937477872e-07 0)
(5.0225916317092247e-06 -5.2744593102846379e-07 0)
(5.0228236903795154e-06 -3.7734343939854012e-07 0)
(5.0229832768875083e-06 -2.272707546875303e-07 0)
(5.0230668687238336e-06 -7.7216374653522793e-08 0)
(5.0230727000103125e-06 7.2831396162511218e-08 0)
(5.0230007604932885e-06 2.2288431768391749e-07 0)
(5.0228527955423016e-06 3.7295408570215342e-07 0)
(5.022632307108374e-06 5.2305220312346496e-07 0)
(5.022344555708893e-06 6.7318985090329403e-07 0)
(5.0219965633417565e-06 8.2337775843895982e-07 0)
(5.0215971172284083e-06 9.736260732262297e-07 0)
(5.0211567742505621e-06 1.1239442295754426e-06 0)
(5.0206878659397547e-06 1.2743408161859128e-06 0)
(5.0202045038195405e-06 1.4248234424032699e-06 0)
(5.019722584867893e-06 1.5753986030106604e-06 4.2855697905023675e-28)
(5.0192597968423732e-06 1.7260715413921583e-06 4.6957454113312689e-28)
(5.0188356231769641e-06 1.8768461109417085e-06 0)
(5.0184713471153691e-06 2.0277246346163985e-06 5.5169609617742709e-28)
(5.0181900547118416e-06 2.178707762571873e-06 5.9280101275433038e-28)
(5.0180166363040101e-06 2.3297943277904414e-06 0)
(5.0179777860175511e-06 2.4809811997032963e-06 0)
(5.0181019988141131e-06 2.6322631358555452e-06 0)
(5.0184195645984452e-06 2.7836326316190814e-06 0)
(5.0189625588074668e-06 2.9350797681478614e-06 0)
(5.0197648288967416e-06 3.0865920585848987e-06 0)
(5.0208619761560216e-06 3.2381542928419037e-06 0)
(5.0222913321219792e-06 3.3897483812938628e-06 0)
(5.0240919290079e-06 3.5413531973335243e-06 0)
(5.0263044632958723e-06 3.6929444199511012e-06 0)
(5.0289712519430006e-06 3.8444943755624094e-06 0)
(5.0321361802894795e-06 3.9959718814563876e-06 0)
(5.035844640943811e-06 4.1473420891485397e-06 0)
(5.040143463001285e-06 4.2985663308775146e-06 0)
(5.0450808304959881e-06 4.449601967970431e-06 0)
(5.0507061896481268e-06 4.6004022432479407e-06 1.2522546243938549e-27)
(5.0570701439976338e-06 4.7509161378740415e-06 1.2932487533708318e-27)
(5.0642243366106886e-06 4.9010882341822339e-06 0)
(5.0722213188274275e-06 5.0508585853243706e-06 1.3749421386425324e-27)
(5.0811144047853119e-06 5.2001625932065269e-06 1.4156071052519459e-27)
(5.0909575111231914e-06 5.3489308963526884e-06 0)
(5.1018049814708319e-06 5.4970892689262601e-06 0)
(5.1137113951562765e-06 5.6445585325822878e-06 0)
(5.1267313599575855e-06 5.7912544832943949e-06 0)
(5.140919288680468e-06 5.9370878342893964e-06 0)
(5.1563291595035082e-06 6.0819641776884315e-06 0)
(5.1730142603364109e-06 6.2257839663183101e-06 0)
(5.1910269174416727e-06 6.368442518023424e-06 0)
(5.2104182089036013e-06 6.5098300442186082e-06 0)
(5.2312376636656636e-06 6.6498317051899128e-06 0)
(5.2535329472408614e-06 6.7883276938163003e-06 0)
(5.2773495353354073e-06 6.9251933497887779e-06 0)
(5.3027303768840476e-06 7.0602993063177481e-06 0)
(5.329715548386059e-06 7.1935116712396454e-06 0)
(5.3583419016376289e-06 7.3246922439189311e-06 0)
(5.3886427072298877e-06 7.4536987697509959e-06 2.0291474915825108e-27)
(5.4206472967055605e-06 7.5803852331698695e-06 2.063603332130718e-27)
(5.4543807061145095e-06 7.7046021907602676e-06 0)
(5.4898633243902866e-06 7.8261971441532676e-06 2.1304353516676659e-27)
(5.5271105500779723e-06 7.9450149539067984e-06 2.1627267937298194e-27)
(5.5661324599873864e-06 8.0608982939700084e-06 0)
(5.6069334939160135e-06 8.1736881459262092e-06 0)
(5.6495121593637367e-06 8.2832243322311649e-06 -2.2545821132507801e-27)
(5.6938607604617437e-06 8.3893460868780589e-06 -9.1335232134110394e-27)
(5.7399651553767332e-06 8.491892661233496e-06 -6.9335879254262333e-27)
(5.7878045463270742e-06 8.5907039625665477e-06 0)
(5.8373513062673757e-06 8.6856212216894519e-06 0)
(5.8885708462878126e-06 8.7764876861389212e-06 0)
(5.9414215273405575e-06 8.8631493344480257e-06 0)
(5.9958546200332263e-06 8.945455606241109e-06 -7.3019917354306098e-27)
(6.0518143163501576e-06 9.0232601419997316e-06 -7.3650242417552811e-27)
(6.1092377869994298e-06 9.0964215187592034e-06 0)
(6.1680552334373223e-06 9.1648038973793818e-06 0)
(6.2281900515317736e-06 9.2282768377175588e-06 0)
(6.2895607159856734e-06 9.2867075284229741e-06 0)
(6.3520835369141062e-06 9.3398862286352651e-06 2.5401525287626357e-27)
(6.4156264730797353e-06 9.3868927333084196e-06 2.5526045489001206e-27)
(6.4797852671942749e-06 9.4210808848825745e-06 0)
(6.543844527961386e-06 9.393499286372454e-06 2.5487909760022828e-27)
(6.6065094947243734e-06 8.9731361723872855e-06 2.4100763500502176e-27)
(6.6416432746749253e-06 6.1894273957137285e-06 0)
(6.4761941067506689e-06 -8.7546508261069095e-06 0)
(5.6551882440404566e-06 -7.2674451997607897e-05 0)
(3.76331628448828e-06 -0.00026340396986246779 0)
(1.1744948815848111e-06 -0.00048866261289695395 0)
(1.1758546994698245e-06 0.00048896780640774698 0)
(3.7711256345580531e-06 0.00026368621959638368 0)
(5.6680564382422884e-06 7.2831636185003543e-05 0)
(6.4947320892068239e-06 8.8426671279497432e-06 0)
(6.6660005461785853e-06 -6.12516083055642e-06 0)
(6.6364151677989488e-06 -8.9151724516781142e-06 2.3944383389803987e-27)
(6.5791724693976307e-06 -9.3373123989955668e-06 1.0134572209378864e-26)
(6.5204638536504956e-06 -9.3658178554403176e-06 1.5276354855883373e-26)
(6.4615768528666049e-06 -9.3324871779694118e-06 1.7765570124806513e-26)
(6.403217037384546e-06 -9.2864083845850334e-06 1.7680149084753507e-26)
(6.3457801856515258e-06 -9.2342447815301149e-06 7.5353319335948958e-27)
(6.2893899586103191e-06 -9.1769144242884867e-06 0)
(6.2341221103548595e-06 -9.1146218565505905e-06 0)
(6.1800508761669947e-06 -9.0474940390471478e-06 0)
(6.1272462478055513e-06 -8.9756552714955739e-06 0)
(6.0757721027506526e-06 -8.8992350543728611e-06 0)
(6.0256860523692127e-06 -8.8183683311363458e-06 0)
(5.9770393961157393e-06 -8.7331948933745331e-06 0)
(5.9298770639600078e-06 -8.6438586956218341e-06 2.3524714909812576e-27)
(5.884237598539021e-06 -8.5505071641744412e-06 2.3271844624439086e-27)
(5.840153183832146e-06 -8.4532905128803623e-06 -2.3008347984086308e-27)
(5.7976497168830476e-06 -8.3523610720966152e-06 -2.2734643104621501e-27)
(5.756746919326875e-06 -8.247872635412036e-06 0)
(5.7174584856837673e-06 -8.1399798284533567e-06 0)
(5.6797922648732758e-06 -8.0288375028665452e-06 0)
(5.643750471313678e-06 -7.9146001596791585e-06 0)
(5.6093299222159177e-06 -7.7974214032757794e-06 0)
(5.5765222972251081e-06 -7.6774534294449203e-06 0)
(5.5453144166958044e-06 -7.5548465482694394e-06 2.056846699529001e-27)
(5.5156885350597946e-06 -7.4297487432548592e-06 2.0228309629101197e-27)
(5.4876226458401818e-06 -7.3023052675034257e-06 0)
(5.4610907949084864e-06 -7.1726582769854786e-06 0)
(5.4360633988821407e-06 -7.0409465012256138e-06 0)
(5.412507565660975e-06 -6.9073049503820376e-06 0)
(5.3903874144553678e-06 -6.7718646587175536e-06 0)
(5.3696643929379094e-06 -6.6347524627124497e-06 0)
(5.350297589128499e-06 -6.496090813306902e-06 0)
(5.3322440361411178e-06 -6.3559976203978201e-06 0)
(5.3154590081209679e-06 -6.2145861281899355e-06 0)
(5.2998963058609517e-06 -6.0719648198613199e-06 -1.6533281124590783e-27)
(5.2855085309100614e-06 -5.9282373493965123e-06 -1.6141958906462429e-27)
(5.2722473472761421e-06 -5.7835024993605943e-06 0)
(5.2600637298452227e-06 -5.6378541621728661e-06 0)
(5.2489081989890932e-06 -5.4913813434956551e-06 0)
(5.2387310410291292e-06 -5.3441681856763089e-06 0)
(5.229482514368198e-06 -5.1962940094131745e-06 4.2446734443166486e-27)
(5.2211130411610041e-06 -5.0478333721599619e-06 4.1233913093743805e-27)
(5.213573384722007e-06 -4.8988561411386693e-06 0)
(5.2068148128805083e-06 -4.7494275797980651e-06 0)
(5.2007892475055295e-06 -4.5996084458656143e-06 0)
(5.1954494007286989e-06 -4.4494550997067171e-06 2.4230377839338264e-27)
(5.1907488982923791e-06 -4.2990196214781016e-06 3.5116633623247326e-27)
(5.1866423905964385e-06 -4.1483499359886062e-06 1.3712064710629196e-41)
(5.1830856520447407e-06 -3.9974899439445043e-06 2.1768961190289674e-27)
(5.1800356693202463e-06 -3.8464796584887584e-06 1.0473291585935726e-27)
(5.1774507192659824e-06 -3.6953553461789249e-06 -3.0185402278251321e-27)
(5.1752904370444313e-06 -3.5441496713723256e-06 -9.6500977408995261e-28)
(5.1735158752704853e-06 -3.3928918432629291e-06 0)
(5.1720895548174351e-06 -3.2416077648169394e-06 -8.8263663576598103e-28)
(5.1709755079802343e-06 -3.0903201830135237e-06 -8.4144712102472517e-28)
(5.1701393146148442e-06 -2.9390488397767974e-06 -8.0026311393636057e-28)
(5.1695481321459979e-06 -2.7878106231790932e-06 -7.5908922315224059e-28)
(5.1691707196599248e-06 -2.6366197182188806e-06 0)
(5.1689774570451814e-06 -2.4854877573437329e-06 -6.7678653899459012e-28)
(5.168940359880108e-06 -2.3344239700487124e-06 -1.3784293073220671e-41)
(5.1690330901091643e-06 -2.1834353310788322e-06 5.9456177113039314e-28)
(5.1692309634624742e-06 -2.0325267078204158e-06 0)
(5.1695109541466883e-06 -1.8817010059168633e-06 0)
(5.1698516970496461e-06 -1.730959313560794e-06 -4.7139620316475302e-28)
(5.1702334878810558e-06 -1.5803010439359765e-06 -4.3038833064515668e-28)
(5.1706382819814117e-06 -1.4297240767725537e-06 0)
(5.1710496918347671e-06 -1.2792248973479014e-06 0)
(5.1714529836999395e-06 -1.1287987346810094e-06 0)
(5.171835073840315e-06 -9.7843969805418261e-07 0)
(5.1721845243844864e-06 -8.2814091228611357e-07 0)
(5.1724915392182625e-06 -6.7789465144126242e-07 0)
(5.1727479600558846e-06 -5.2769247183278622e-07 0)
(5.1729472629441637e-06 -3.7752534357031021e-07 1.0302757959833409e-28)
(5.173084555252905e-06 -2.2738378214603044e-07 6.2165343151020524e-29)
(5.1731565732209856e-06 -7.7257978152293548e-08 0)
(5.1731616803495737e-06 7.2862072303729264e-08 0)
(5.1730998665987106e-06 2.2298643805847975e-07 0)
(5.1729727483326858e-06 3.7312512346219898e-07 0)
(5.1727835690968377e-06 5.2328793859011727e-07 0)
(5.1725372012130472e-06 6.7348436938911925e-07 0)
(5.1722401480976161e-06 8.2372344726645484e-07 0)
(5.1719005472284668e-06 9.740136180777883e-07 0)
(5.1715281736206405e-06 1.124362610301436e-06 0)
(5.1711344436863923e-06 1.2747773022519617e-06 0)
(5.170732419298205e-06 1.4252635881737051e-06 0)
(5.1703368118322159e-06 1.5758262431029124e-06 0)
(5.169963985951787e-06 1.7264687863712894e-06 4.6960562246250299e-28)
(5.1696319628675084e-06 1.8771933436529748e-06 5.1063136766753238e-28)
(5.1693604227570702e-06 2.0280005075030013e-06 0)
(5.1691707060074647e-06 2.1788891963336833e-06 5.9275261538827765e-28)
(5.1690858129132557e-06 2.3298565117932576e-06 6.3384711810647298e-28)
(5.1691304014308016e-06 2.4808975945759716e-06 0)
(5.1693307825241362e-06 2.6320054787725221e-06 0)
(5.1697149126842719e-06 2.7831709447000206e-06 0)
(5.1703123830637773e-06 2.9343823706569266e-06 0)
(5.1711544047149144e-06 3.0856255833289062e-06 0)
(5.1722737894003426e-06 3.2368837074952976e-06 0)
(5.1737049253195839e-06 3.3881370152939441e-06 0)
(5.1754837472374109e-06 3.5393627748765912e-06 0)
(5.177647700250953e-06 3.6905350999512231e-06 1.004279087333897e-27)
(5.1802356965598327e-06 3.8416247992170798e-06 1.0454165327673774e-27)
(5.1832880646936216e-06 3.9925992279133628e-06 0)
(5.1868464903801441e-06 4.1434221404705017e-06 1.1275896367503166e-27)
(5.1909539483509107e-06 4.2940535465879619e-06 1.1686043578146101e-27)
(5.1956546244514252e-06 4.4444495702438017e-06 0)
(5.2009938273989335e-06 4.5945623131658592e-06 0)
(5.2070178894531926e-06 4.7443397237601924e-06 0)
(5.2137740553810356e-06 4.8937254724604042e-06 0)
(5.2213103591680618e-06 5.0426588345457022e-06 0)
(5.2296754878473207e-06 5.1910745819821908e-06 0)
(5.2389186319895677e-06 5.3389028854793436e-06 0)
(5.2490893224943965e-06 5.4860692282396397e-06 0)
(5.2602372532442983e-06 5.6324943328148644e-06 0)
(5.2724120895035618e-06 5.7780941031396487e-06 0)
(5.285663261957678e-06 5.9227795827902463e-06 0)
(5.3000397463603346e-06 6.0664569317131052e-06 0)
(5.3155898290793109e-06 6.2090274229854812e-06 0)
(5.3323608588718646e-06 6.3503874616017114e-06 0)
(5.3503989853755326e-06 6.4904286267615555e-06 0)
(5.3697488851858515e-06 6.6290377402148047e-06 0)
(5.3904534764953818e-06 6.766096961645206e-06 0)
(5.4125536234128198e-06 6.9014839133724797e-06 0)
(5.4360878314653183e-06 7.0350718358657814e-06 0)
(5.4610919360211543e-06 7.1667297757063523e-06 0)
(5.4875987855083188e-06 7.2963228071942248e-06 0)
(5.5156379216259048e-06 7.423712289218558e-06 0)
(5.5452352591905197e-06 7.5487561577343841e-06 0)
(5.5764127681288797e-06 7.6713092553779045e-06 0)
(5.6091881605840248e-06 7.7912236978967258e-06 0)
(5.6435745863051305e-06 7.9083492778762946e-06 -2.1522233070375565e-27)
(5.6795803396527411e-06 8.0225339055146533e-06 -2.1832337480985739e-27)
(5.7172085817335718e-06 8.1336240854236134e-06 0)
(5.7564570811987659e-06 8.2414654285912969e-06 0)
(5.7973179773714356e-06 8.345903197673196e-06 -9.0839583319241496e-27)
(5.8397775694446803e-06 8.4467828837228918e-06 -9.1933657309461134e-27)
(5.883816135411758e-06 8.5439508116408544e-06 2.3246727305885095e-27)
(5.9294077841778445e-06 8.6372547709859552e-06 2.3499417097907056e-27)
(5.9765203443363801e-06 8.7265446687374862e-06 0)
(6.0251152927628558e-06 8.8116732000725467e-06 2.3971288745227627e-27)
(6.0751477262332782e-06 8.8924965317379302e-06 -4.837934637097793e-27)
(6.1265663795203493e-06 8.9688749928538081e-06 -7.3187530263682786e-27)
(6.1793136831680268e-06 9.0406737594882136e-06 0)
(6.2333258097315392e-06 9.1077634493495554e-06 0)
(6.2885328252339674e-06 9.1700198836236158e-06 0)
(6.344860554648191e-06 9.2273162631612268e-06 0)
(6.4022333125203264e-06 9.2794485574320295e-06 0)
(6.460527681894561e-06 9.3255019198244601e-06 0)
(6.5193486145316597e-06 9.3588351612045898e-06 0)
(6.5779905336681394e-06 9.3305014910910148e-06 2.5310084377230209e-27)
(6.6351691365203877e-06 8.9094938565896007e-06 2.3921204547598091e-27)
(6.6647569296603452e-06 6.125256744085122e-06 0)
(6.4937057921097848e-06 -8.8191901652118938e-06 0)
(5.6670811971312569e-06 -7.2738883376986219e-05 0)
(3.7698542152288744e-06 -0.00026346562453623723 0)
(1.1759567968909512e-06 -0.00048870626705573093 0)
(1.1772895220443721e-06 0.00048900782787903612 0)
(3.7775407329226258e-06 0.0002637427202699823 0)
(5.6797242308504279e-06 7.2890645514444728e-05 0)
(6.5119117971734738e-06 8.9017470407841926e-06 0)
(6.6886765630237667e-06 -6.066428737085112e-06 0)
(6.6645337828442888e-06 -8.8569231710731669e-06 2.3779700400356106e-27)
(6.6126769155432239e-06 -9.279647651109763e-06 2.5173323822890958e-27)
(6.5592885311292632e-06 -9.3088341246112141e-06 0)
(6.5056462025234373e-06 -9.2762774424982584e-06 2.5220233183424387e-27)
(6.4524461307539793e-06 -9.2310616661114671e-06 2.5100561721571253e-27)
(6.4000752855067781e-06 -9.1798456946315314e-06 0)
(6.3486490581380947e-06 -9.1235428018308103e-06 0)
(6.2982355059955234e-06 -9.0623524281309111e-06 0)
(6.248901773360609e-06 -8.996396156779593e-06 0)
(6.2007113918419822e-06 -8.9257926828793647e-06 0)
(6.1537224282593442e-06 -8.8506657225311648e-06 0)
(6.1079873454896426e-06 -8.7711443019580945e-06 0)
(6.0635529634042511e-06 -8.687362209546817e-06 0)
(6.0204604024273912e-06 -8.5994573557743668e-06 2.3398155210900927e-27)
(5.9787450613739514e-06 -8.5075711257564867e-06 2.3149356844319502e-27)
(5.9384366367190082e-06 -8.4118477365578449e-06 -2.289001375580008e-27)
(5.8995591802923678e-06 -8.3124336051977009e-06 -2.2620527544131262e-27)
(5.8621311925341235e-06 -8.2094767316331812e-06 0)
(5.826165748655762e-06 -8.1031261006896574e-06 0)
(5.7916706548079344e-06 -7.9935311061179262e-06 0)
(5.7586486309595314e-06 -7.8808410004061892e-06 0)
(5.7270975175872691e-06 -7.7652043719619004e-06 0)
(5.6970105028872772e-06 -7.6467686528635005e-06 0)
(5.6683763671482885e-06 -7.525679658007893e-06 2.0484406518607206e-27)
(5.6411797413010317e-06 -7.4020811572305285e-06 2.0148449740886491e-27)
(5.6154013764403567e-06 -7.2761144811643075e-06 0)
(5.5910184214494121e-06 -7.1479181613239358e-06 0)
(5.5680047059490804e-06 -7.0176276044793073e-06 0)
(5.5463310258157723e-06 -6.8853748009575236e-06 0)
(5.5259654288762773e-06 -6.7512880667674057e-06 0)
(5.5068734987417001e-06 -6.6154918182426328e-06 0)
(5.4890186346037421e-06 -6.478106378669881e-06 0)
(5.4723623251787976e-06 -6.3392478155781183e-06 0)
(5.4568644153602096e-06 -6.1990278072899877e-06 0)
(5.4424833641132748e-06 -6.0575535375195731e-06 -1.6490722414281684e-27)
(5.4291764925741752e-06 -5.9149276160454231e-06 -1.6102516705491136e-27)
(5.4169002214156895e-06 -5.7712480245346502e-06 0)
(5.4056102966804407e-06 -5.6266080851693795e-06 0)
(5.39526200358525e-06 -5.4810964509157878e-06 0)
(5.3858103678760762e-06 -5.3347971155843409e-06 0)
(5.3772103445415346e-06 -5.1877894419645408e-06 0)
(5.369416993763828e-06 -5.0401482066515225e-06 4.1163536605764975e-27)
(5.3623856441441266e-06 -4.8919436597345434e-06 3.9953114929703251e-27)
(5.3560720434076877e-06 -4.7432415979917195e-06 0)
(5.3504324967985655e-06 -4.594103450132981e-06 0)
(5.3454239934758807e-06 -4.444586372736833e-06 -1.2099805607958649e-27)
(5.3410043213430959e-06 -4.2947433554304312e-06 -2.6486548830764373e-41)
(5.3371321707788279e-06 -4.1446233343210012e-06 -1.3257166272438424e-41)
(5.333767227780481e-06 -3.9942713123999191e-06 -1.0873873397760944e-27)
(5.3308702570592653e-06 -3.8437284858555042e-06 1.046404745818626e-27)
(5.3284031756796693e-06 -3.6930323754130991e-06 0)
(5.3263291178220605e-06 -3.5422169617630756e-06 -9.643256645545564e-28)
(5.3246124912907249e-06 -3.3913128242830699e-06 0)
(5.3232190263891357e-06 -3.2403472823149941e-06 -8.8215223943389184e-28)
(5.3221158177459958e-06 -3.0893445383809097e-06 -8.4104834376153013e-28)
(5.3212713596837167e-06 -2.9383258227082917e-06 -7.999410096479562e-28)
(5.3206555758440167e-06 -2.7873095387037976e-06 -7.588352652018628e-28)
(5.3202398434116403e-06 -2.636311408501861e-06 0)
(5.3199970126974745e-06 -2.4853446190183085e-06 -6.7664500172180069e-28)
(5.3199014226160665e-06 -2.3344199672557592e-06 2.6656181408530834e-41)
(5.3199289122819666e-06 -2.1835460052048687e-06 5.9450371541996121e-28)
(5.3200568296831711e-06 -2.0327291841460802e-06 0)
(5.3202640375110357e-06 -1.8819739975630198e-06 0)
(5.3205309165812637e-06 -1.7312831235344246e-06 -4.7141678689949253e-28)
(5.3208393674994235e-06 -1.5806575652262786e-06 -4.3042447032581753e-28)
(5.3211728107938963e-06 -1.4300967911551283e-06 0)
(5.321516185814359e-06 -1.2795988732721502e-06 0)
(5.3218559487339495e-06 -1.1291606242602437e-06 0)
(5.3221800699497637e-06 -9.7877773379140561e-07 0)
(5.3224780312347068e-06 -8.284449035074852e-07 0)
(5.3227408226611269e-06 -6.7815598074756122e-07 0)
(5.3229609396010635e-06 -5.2790409193828018e-07 0)
(5.3231323800865846e-06 -3.7768177427027186e-07 1.030597881286284e-28)
(5.3232506424049985e-06 -2.2748110801769425e-07 6.2187586426005105e-29)
(5.3233127232087699e-06 -7.7293846692094079e-08 0)
(5.3233171162326386e-06 7.2888451772879771e-08 0)
(5.3232638116652457e-06 2.2307429471396898e-07 0)
(5.323154296074203e-06 3.732721247724196e-07 0)
(5.3229915530330274e-06 5.2349018914978616e-07 0)
(5.3227800643825419e-06 6.7373640922999173e-07 0)
(5.3225258120301894e-06 8.2401824948869205e-07 0)
(5.3222362802663029e-06 9.7434258601513249e-07 0)
(5.3219204584278382e-06 1.1247155742899451e-06 0)
(5.3215888438115807e-06 1.2751425161763321e-06 0)
(5.3212534446655031e-06 1.4256277259898417e-06 0)
(5.3209277830546953e-06 1.5761743955445965e-06 0)
(5.3206268973783594e-06 1.7267844580882427e-06 4.6961374450568314e-28)
(5.3203673443018089e-06 1.8774584510507411e-06 5.1061889629038807e-28)
(5.3201671997988135e-06 2.0281953776258773e-06 0)
(5.3200460590055999e-06 2.1789925670875252e-06 5.9268209201636757e-28)
(5.3200250345485774e-06 2.329845533916161e-06 6.3373825446388331e-28)
(5.3201267529874123e-06 2.4807478357146953e-06 0)
(5.3203753489451954e-06 2.6316909301930372e-06 0)
(5.3207964564920938e-06 2.7826640309131217e-06 0)
(5.3214171974085028e-06 2.9336539627204786e-06 0)
(5.322266165707584e-06 3.084645016076708e-06 0)
(5.3233734080645209e-06 3.2356188013877e-06 0)
(5.3247703994815163e-06 3.3865541034834982e-06 0)
(5.3264900136256311e-06 3.53742673606102e-06 0)
(5.3285664875676359e-06 3.6882093974573069e-06 1.0034678105549806e-27)
(5.3310353798212569e-06 3.838871527340799e-06 1.0444798907136728e-27)
(5.3339335214421332e-06 3.9893791656126047e-06 0)
(5.3372989596092156e-06 4.1396948137041123e-06 1.1263692723595755e-27)
(5.3411708927724158e-06 4.2897772993574656e-06 1.1672249685392125e-27)
(5.3455895970569922e-06 4.4395816453561283e-06 0)
(5.3505963431758483e-06 4.5890589431855803e-06 0)
(5.3562333033005898e-06 4.7381562328528227e-06 0)
(5.3625434473770826e-06 4.886816389588275e-06 0)
(5.369570428332563e-06 5.0349780186412842e-06 0)
(5.3773584556968796e-06 5.1825753595787584e-06 0)
(5.3859521573189729e-06 5.3295382011108236e-06 0)
(5.3953964287480912e-06 5.4757918080047782e-06 0)
(5.4057362700338494e-06 5.6212568614363448e-06 0)
(5.4170166099129943e-06 5.765849414401125e-06 0)
(5.4292821172241843e-06 5.9094808636092255e-06 0)
(5.4425769996649093e-06 6.0520579395330887e-06 0)
(5.4569447901483564e-06 6.1934827162583438e-06 0)
(5.4724281211403213e-06 6.3336526429125941e-06 0)
(5.4890684874983131e-06 6.472460597922227e-06 0)
(5.506905998547177e-06 6.6097949684260747e-06 0)
(5.525979120387558e-06 6.7455397557731094e-06 0)
(5.5463244095301034e-06 6.8795747089422711e-06 0)
(5.5679762391652085e-06 7.011775487353084e-06 0)
(5.5909665196584331e-06 7.1420138542529122e-06 0)
(5.6153244150714798e-06 7.2701579019312457e-06 0)
(5.6410760576949075e-06 7.3960723098497939e-06 0)
(5.6682442628168973e-06 7.5196186359367963e-06 0)
(5.6968482462044273e-06 7.6406556423796344e-06 0)
(5.7269033468434934e-06 7.7590396553218913e-06 0)
(5.7584207576922407e-06 7.8746249589343037e-06 -2.1425286741333335e-27)
(5.7914072675328629e-06 7.9872642231080535e-06 -2.1731075500235658e-27)
(5.8258650169413354e-06 8.09680896402205e-06 -6.6085074677249392e-27)
(5.8617912715166644e-06 8.2031100364102281e-06 -6.6950175362574757e-27)
(5.8991782155353973e-06 8.3060181556803636e-06 -2.2595766177475272e-27)
(5.938012769320877e-06 8.4053844481065232e-06 -2.286507271274389e-27)
(5.9782764335292537e-06 8.5010610263218239e-06 2.3124238967169021e-27)
(6.0199451633207944e-06 8.5929015870185639e-06 2.3372863768355351e-27)
(6.0629892753573958e-06 8.6807620273669478e-06 0)
(6.1073733904174843e-06 8.7645010769112404e-06 2.3836917567969708e-27)
(6.1530564143699587e-06 8.8439809393580382e-06 2.4051582761176e-27)
(6.1999915604995095e-06 8.9190679398204519e-06 0)
(6.2481264062359315e-06 8.989633164055262e-06 0)
(6.2974029325686023e-06 9.0555530066451547e-06 0)
(6.3477576627840082e-06 9.1167088858107887e-06 0)
(6.3991235092917418e-06 9.1729793723757322e-06 0)
(6.4514324791624257e-06 9.2241655323237271e-06 0)
(6.5045694203508563e-06 9.2693572983654571e-06 0)
(6.5581480888625827e-06 9.3019179109639953e-06 0)
(6.6114722738759827e-06 9.2729046894373495e-06 2.5147065136761297e-27)
(6.6632676394611682e-06 8.85131480657228e-06 2.3756617492179692e-27)
(6.6874155947491855e-06 6.0666005748569782e-06 0)
(6.5108712505152801e-06 -8.8781788356737821e-06 0)
(5.6787381647316809e-06 -7.2797771821254818e-05 0)
(3.776261881042299e-06 -0.00026352198287355941 0)
(1.1773893473094581e-06 -0.00048874619519312834 0)
(1.1786977812130188e-06 0.00048904419041357824 0)
(3.7838381035265381e-06 0.00026379402048377502 0)
(5.6911788526192334e-06 7.2944212808703139e-05 0)
(6.5287788343200101e-06 8.9553771698494024e-06 0)
(6.7109417583242599e-06 -6.0131118295055047e-06 0)
(6.6921457741519036e-06 -8.8040402662329773e-06 0)
(6.6455816320044442e-06 -9.2272899930593238e-06 0)
(6.597423506821772e-06 -9.2570884376316377e-06 -5.030486017309333e-27)
(6.5489394493046434e-06 -9.2252273825278394e-06 -1.0030091728025823e-26)
(6.5008166920410265e-06 -9.180787388585912e-06 -4.9915362053122515e-27)
(6.4534337585731209e-06 -9.1304234456888869e-06 0)
(6.4068980934459563e-06 -9.0750445820661783e-06 2.4674518776407773e-27)
(6.3612703384637643e-06 -9.0148457039510104e-06 2.4512765697968199e-27)
(6.3166107849901586e-06 -8.9499436135466905e-06 -4.8676210424585217e-27)
(6.2729766985724485e-06 -8.8804520192027039e-06 -4.8301696685770531e-27)
(6.2304204852732259e-06 -8.8064894861855863e-06 -4.79026369264142e-27)
(6.1889895654448953e-06 -8.7281797671631357e-06 -2.3739853350164399e-27)
(6.1487263422722111e-06 -8.6456512953461029e-06 2.3516803916297847e-27)
(6.1096681477105174e-06 -8.5590365843933065e-06 -6.9847597677585474e-27)
(6.0718472177347339e-06 -8.4684716195821843e-06 -9.2149645924315849e-27)
(6.0352907043619675e-06 -8.374095251984585e-06 -4.5563642014294177e-27)
(6.0000207217167367e-06 -8.2760486011951035e-06 -2.2516147929565915e-27)
(5.9660544237288285e-06 -8.1744744707052618e-06 0)
(5.9334041110761737e-06 -8.0695167794700469e-06 0)
(5.9020773650627496e-06 -7.9613200130242014e-06 0)
(5.8720772054579571e-06 -7.8500286972347633e-06 0)
(5.8434022697553352e-06 -7.7357868965236862e-06 0)
(5.8160470111776925e-06 -7.6187377397021363e-06 0)
(5.7900019123151579e-06 -7.4990229741260404e-06 0)
(5.7652537118720391e-06 -7.376782549959056e-06 4.0150201206628454e-27)
(5.7417856416755076e-06 -7.2521542352971009e-06 7.8945583456727759e-27)
(5.7195776715226408e-06 -7.1252732629218124e-06 3.8783006294832514e-27)
(5.698606759177287e-06 -6.9962720085323275e-06 0)
(5.6788471032846421e-06 -6.8652797008931977e-06 0)
(5.6602703971284211e-06 -6.7324221632432121e-06 0)
(5.6428460810299064e-06 -6.5978215855315289e-06 0)
(5.6265415917899667e-06 -6.4615963265141267e-06 -3.5173302340372007e-27)
(5.6113226074800817e-06 -6.3238607451634409e-06 -1.7211954071375504e-27)
(5.5971532861339359e-06 -6.1847250598709741e-06 1.6833415305436788e-27)
(5.5839964970587296e-06 -6.0442952344625666e-06 0)
(5.5718140438378291e-06 -5.9026728893728407e-06 0)
(5.5605668781304948e-06 -5.7599552370743153e-06 0)
(5.5502153034582346e-06 -5.6162350397424509e-06 1.5286496881107267e-27)
(5.5407191685758522e-06 -5.4716005881064613e-06 1.4892883535149293e-27)
(5.5320380499756049e-06 -5.326135699696459e-06 -4.3490989580065356e-27)
(5.5241314232684488e-06 -5.1799197350951018e-06 -4.2297162729953827e-27)
(5.5169588233537837e-06 -5.0330276307420089e-06 4.1097788623399687e-27)
(5.5104799933660408e-06 -4.8855299467651241e-06 2.6595633084588332e-27)
(5.5046550224730744e-06 -4.7374929284659542e-06 -1.2894897470680566e-27)
(5.4994444727608674e-06 -4.5889785800072288e-06 0)
(5.4948094954438975e-06 -4.4400447492732463e-06 0)
(5.490711936709578e-06 -4.2907452223015219e-06 0)
(5.4871144336221039e-06 -4.1411298264080941e-06 0)
(5.4839805005095965e-06 -3.9912445408006793e-06 0)
(5.4812746063060668e-06 -3.841131613634114e-06 0)
(5.4789622433513407e-06 -3.6908296846075954e-06 2.0092283932683581e-27)
(5.4770099881595527e-06 -3.5403739122335192e-06 3.8546610698763547e-27)
(5.4753855546918244e-06 -3.3897961049759107e-06 3.6907349019248541e-27)
(5.474057840675647e-06 -3.2391248555151291e-06 3.5267096378242945e-27)
(5.472996967504966e-06 -3.0883856775080766e-06 1.6813066185512872e-27)
(5.4721743142594298e-06 -2.9376011442583861e-06 0)
(5.4715625463354866e-06 -2.7867910288054138e-06 -1.5171514031720771e-27)
(5.4711356392807959e-06 -2.6359724447617742e-06 -1.4350645513028933e-27)
(5.4708688982846921e-06 -2.4851599880747007e-06 0)
(5.4707389737055105e-06 -2.3343658784047633e-06 0)
(5.4707238732182402e-06 -2.1836001009705033e-06 0)
(5.4708029710982644e-06 -2.0328705477438017e-06 0)
(5.4709570148091942e-06 -1.8821831580442738e-06 0)
(5.4711681293981293e-06 -1.7315420588513538e-06 0)
(5.4714198202103845e-06 -1.5809497036896182e-06 -1.2913271721258458e-27)
(5.4716969739807553e-06 -1.430407011337189e-06 -1.5579198737990806e-27)
(5.4719858587773124e-06 -1.2799135031043047e-06 -3.4853153457580669e-28)
(5.4722741231684989e-06 -1.1294674392789111e-06 -3.0759656834776424e-28)
(5.4725507945974597e-06 -9.7906595489838541e-07 -2.6667423939079569e-28)
(5.4728062774191832e-06 -8.2870519442150424e-07 0)
(5.4730323508245796e-06 -6.7838044545909444e-07 -3.6972568683991737e-28)
(5.4732221665578691e-06 -5.2808627220638121e-07 -2.8794179729654918e-28)
(5.4733702468934654e-06 -3.7781664744948157e-07 -2.0617181646370033e-28)
(5.4734724829238403e-06 -2.2756508513192766e-07 -2.4882417772943437e-28)
(5.4735261330090345e-06 -7.7324771054456253e-08 -4.2658778108409095e-29)
(5.4735298217620703e-06 7.2911305416310451e-08 -3.9092060387757097e-29)
(5.4734835396251204e-06 2.2315022051835765e-07 -2.4168881487499099e-28)
(5.4733886427714463e-06 3.7339898553766302e-07 -2.0260220819940358e-28)
(5.4732478535604989e-06 5.2366441546499297e-07 -2.8436929935807054e-28)
(5.4730652615518092e-06 6.7395299815413902e-07 -3.6614933784812637e-28)
(5.4728463248863609e-06 8.2427076271824298e-07 0)
(5.4725978720342293e-06 9.7462314771529705e-07 0)
(5.4723281037849108e-06 1.1250148686769872e-06 0)
(5.4720465953861717e-06 1.2754497849742472e-06 0)
(5.4717642986610683e-06 1.4259307659714514e-06 0)
(5.4714935439147405e-06 1.5764595563423192e-06 0)
(5.4712480414393224e-06 1.7270366404986003e-06 0)
(5.4710428823958728e-06 1.8776611060708687e-06 0)
(5.4708945387920646e-06 2.0283305065673287e-06 0)
(5.4708208622910912e-06 2.1790407229797663e-06 0)
(5.4708410815424039e-06 2.3297858246473915e-06 0)
(5.4709757976957495e-06 2.4805579291547595e-06 0)
(5.4712469777303447e-06 2.6313470618504783e-06 0)
(5.4716779452207804e-06 2.7821410143348761e-06 0)
(5.4722933681744454e-06 2.9329252032985871e-06 0)
(5.4731192433321493e-06 3.0836825286610024e-06 1.6775401965028973e-27)
(5.4741828767526567e-06 3.234393232011747e-06 3.5191374746133658e-27)
(5.4755128599623155e-06 3.3850347560723329e-06 1.8415608377916843e-27)
(5.4771390411900692e-06 3.5355816044039367e-06 1.92350252839482e-27)
(5.479092491458818e-06 3.6860052029202941e-06 2.0053781424844034e-27)
(5.4814054646203729e-06 3.8362737632248515e-06 0)
(5.4841113509993638e-06 3.98635214838941e-06 0)
(5.4872446241327612e-06 4.1362017418856167e-06 0)
(5.4908407800032316e-06 4.2857803204959737e-06 0)
(5.4949362682695398e-06 4.4350419317466812e-06 0)
(5.4995684149045133e-06 4.5839367769133233e-06 0)
(5.5047753358481106e-06 4.7324111005286382e-06 0)
(5.5105958411523294e-06 4.8804070874160176e-06 0)
(5.5170693291412107e-06 5.0278627682256058e-06 0)
(5.5242356702819387e-06 5.1747119348492777e-06 0)
(5.5321350803685484e-06 5.3208840666629631e-06 0)
(5.5408079827784189e-06 5.466304269211852e-06 0)
(5.5502948596193362e-06 5.6108932264797329e-06 0)
(5.5606360916578053e-06 5.7545671681660924e-06 0)
(5.5718717870493416e-06 5.897237853566245e-06 0)
(5.5840415989708638e-06 6.03881257333489e-06 0)
(5.5971845323943537e-06 6.1791941707802155e-06 0)
(5.6113387404611242e-06 6.3182810842239451e-06 0)
(5.6265413108681965e-06 6.4559674116590121e-06 0)
(5.6428280430364688e-06 6.5921429996237853e-06 0)
(5.660233217001673e-06 6.7266935572546195e-06 0)
(5.6787893549499185e-06 6.8595007970389986e-06 3.7324004096916065e-27)
(5.6985269767158785e-06 6.9904426035927965e-06 3.8036010997727238e-27)
(5.7194743505687788e-06 7.1193932313435478e-06 3.8737079505764972e-27)
(5.7416572410432078e-06 7.2462235323393633e-06 7.8852997895457168e-27)
(5.7650986555384266e-06 7.3708012149536542e-06 4.0103541461601569e-27)
(5.7898185916407214e-06 7.4929911334451929e-06 0)
(5.8158337874523174e-06 7.6126556097491703e-06 0)
(5.8431574771197281e-06 7.7296547865474297e-06 0)
(5.8717991540937491e-06 7.8438470121170075e-06 0)
(5.9017643447397988e-06 7.9550892558090333e-06 0)
(5.9330543949809611e-06 8.0632375536077075e-06 -6.5795099319199878e-27)
(5.9656662727557609e-06 8.1681474823619658e-06 -6.6648545301231996e-27)
(5.9995923890091585e-06 8.2696746608552921e-06 -2.249136986493812e-27)
(6.0348204400745218e-06 8.3676752760301578e-06 -2.275686955408325e-27)
(6.0713332742628191e-06 8.4620066314718351e-06 0)
(6.1091087851781146e-06 8.5525277154929221e-06 0)
(6.1481198342300594e-06 8.6390997851858462e-06 0)
(6.1883342048497135e-06 8.7215869635730914e-06 0)
(6.2297145907127406e-06 8.7998568446385764e-06 0)
(6.27221862059938e-06 8.8737811019993324e-06 0)
(6.3157989127081543e-06 8.9432360880392623e-06 0)
(6.3604031064726302e-06 9.0081033412770648e-06 0)
(6.4059739883456278e-06 9.0682692596698265e-06 0)
(6.4524513201414097e-06 9.1236171882752106e-06 0)
(6.4997745203641919e-06 9.1739527210640023e-06 -4.986222089000591e-27)
(6.5478363792773916e-06 9.21837003444022e-06 -5.0097123541874669e-27)
(6.5962590946989495e-06 9.2502363008290182e-06 0)
(6.644355420936023e-06 9.2206124908013546e-06 0)
(6.6908605511191084e-06 8.7984995517063495e-06 4.721344659529519e-27)
(6.7096643547709639e-06 6.0133568547959699e-06 2.981847969894308e-27)
(6.5277248127372719e-06 -8.931720818361525e-06 0)
(5.6901825516489052e-06 -7.2851222088487328e-05 0)
(3.7825521913276102e-06 -0.00026357314559430291 0)
(1.1787954317186133e-06 -0.00048878246863783763 0)
(1.1800822402075858e-06 0.00048907695829175678 0)
(3.7900300496604623e-06 0.00026384021096478253 0)
(5.7024426071177697e-06 7.2992432370770042e-05 0)
(6.5453659166030609e-06 9.0036510765424702e-06 0)
(6.7328391009907373e-06 -5.9651183023854902e-06 0)
(6.71930409299842e-06 -8.7564342158863224e-06 0)
(6.6779492395567671e-06 -9.1801526409233421e-06 0)
(6.6349407078091453e-06 -9.2104971708579832e-06 -5.0039306535840944e-27)
(6.591537414032609e-06 -9.1792569277045057e-06 -9.9776593841396495e-27)
(6.5484179784717368e-06 -9.1355093948594166e-06 -4.9656997261197978e-27)
(6.505952801272412e-06 -9.085906114802809e-06 0)
(6.464241668292432e-06 -9.031352368300244e-06 2.4549702155296814e-27)
(6.4233380575752686e-06 -8.9720390567652359e-06 -2.939086116154327e-41)
(6.3832956216783061e-06 -8.9080787570133689e-06 -7.2655021410968836e-27)
(6.3441655357354323e-06 -8.8395807671722664e-06 -4.806767462253524e-27)
(6.3059946819248566e-06 -8.7666590939173951e-06 -4.7674392516787357e-27)
(6.2688255364169328e-06 -8.6894328191267957e-06 -2.3628742100363588e-27)
(6.2326961461414645e-06 -8.6080256289858055e-06 2.3408812532452537e-27)
(6.1976400781531754e-06 -8.522565249051403e-06 -6.9533269809195177e-27)
(6.1636863937679303e-06 -8.4331828693451215e-06 -9.1743732512859305e-27)
(6.1308596550849582e-06 -8.340012571075777e-06 -4.536741820672624e-27)
(6.0991799615007994e-06 -8.2431907600413594e-06 -2.242145813327515e-27)
(6.0686630141539981e-06 -8.1428556107790866e-06 0)
(6.0393202061961048e-06 -8.039146524356354e-06 0)
(6.0111587369464708e-06 -7.932203603807189e-06 0)
(5.9841817474454743e-06 -7.822167149222754e-06 0)
(5.9583884751153678e-06 -7.7091771750279501e-06 0)
(5.933774425285814e-06 -7.5933729521313716e-06 0)
(5.9103315568914324e-06 -7.4748925758417018e-06 0)
(5.8880484800974282e-06 -7.3538725613276289e-06 4.0016628427753433e-27)
(5.8669106634146378e-06 -7.2304474674496845e-06 7.8691990197915318e-27)
(5.8469006481634576e-06 -7.1047495498225562e-06 3.8662878140005651e-27)
(5.8279982679127158e-06 -6.9769084431871887e-06 0)
(5.8101808709985088e-06 -6.8470508734598635e-06 0)
(5.7934235441669097e-06 -6.7153003991523611e-06 0)
(5.777699335460982e-06 -6.5817771818174719e-06 0)
(5.7629794749685275e-06 -6.4465977847301575e-06 -3.5084404751979487e-27)
(5.7492335917932662e-06 -6.3098749994350497e-06 -1.7170376705480084e-27)
(5.7364299260230488e-06 -6.1717176988242733e-06 1.679461501265683e-27)
(5.7245355345700281e-06 -6.0322307158976323e-06 0)
(5.713516489916967e-06 -5.8915147469003589e-06 0)
(5.7033380710149931e-06 -5.7496662777695622e-06 0)
(5.6939649456283318e-06 -5.6067775323013316e-06 1.5257804693435751e-27)
(5.6853613436317713e-06 -5.4629364411544761e-06 1.4866458972634736e-27)
(5.6774912208954716e-06 -5.3182266297343709e-06 -4.3418201575172529e-27)
(5.6703184134855459e-06 -5.1727274240482292e-06 -4.2230542678701572e-27)
(5.6638067820514116e-06 -5.0265138729769326e-06 0)
(5.6579203463846389e-06 -4.8796567855738321e-06 -1.3279405424871331e-27)
(5.6526234101491158e-06 -4.7322227822782402e-06 -1.287822753183852e-27)
(5.6478806759849571e-06 -4.5842743583022457e-06 0)
(5.643657351193358e-06 -4.4358699586663327e-06 0)
(5.6399192442135708e-06 -4.2870640630261104e-06 0)
(5.6366328522729806e-06 -4.1379072796066853e-06 0)
(5.6337654405477535e-06 -3.9884464470341848e-06 0)
(5.631285113250722e-06 -3.8387247430692736e-06 0)
(5.6291608770758854e-06 -3.6887817993486907e-06 2.0077780266667458e-27)
(5.627362697441799e-06 -3.5386538212855901e-06 3.8521513180899518e-27)
(5.6258615479920985e-06 -3.3883737123460862e-06 2.7664370028123531e-27)
(5.624629453830024e-06 -3.2379712019517861e-06 2.6436620403716181e-27)
(5.6236395289531188e-06 -3.0874729763822066e-06 1.6805403620466812e-27)
(5.6228660083579683e-06 -2.9369028120953058e-06 0)
(5.6222842752962948e-06 -2.7862817108985786e-06 -1.5166358639742364e-27)
(5.6218708841125412e-06 -2.6356280365277171e-06 -1.4346539008258249e-27)
(5.621603579068337e-06 -2.4849576522309635e-06 0)
(5.6214613096878158e-06 -2.3342840588983574e-06 0)
(5.6214242429416115e-06 -2.1836185337403e-06 0)
(5.6214737726130414e-06 -2.0329702687031458e-06 0)
(5.6215925264205111e-06 -1.8823465090388252e-06 0)
(5.6217643709529199e-06 -1.7317526913037991e-06 0)
(5.6219744149834165e-06 -1.5811925810267689e-06 -1.2913388981747119e-27)
(5.6222090114007507e-06 -1.430668409909531e-06 -1.5579822437261016e-27)
(5.6224557579038658e-06 -1.2801810119981549e-06 -3.4855535381688735e-28)
(5.6227034969345174e-06 -1.1297299596217204e-06 -3.0762552299494121e-28)
(5.6229423148323377e-06 -9.7931369842288185e-07 -2.6670560319633736e-28)
(5.6231635406733557e-06 -8.2892968177906385e-07 0)
(5.6233597448947919e-06 -6.785745044520636e-07 -3.697846116502366e-28)
(5.6235247376200483e-06 -5.2824403586565629e-07 -2.8799355762941048e-28)
(5.6236535671891338e-06 -3.7793355247862324e-07 -2.0621387339190311e-28)
(5.6237425188803352e-06 -2.2763787041849012e-07 -2.4888525955490009e-28)
(5.6237891137248875e-06 -7.7351476576899074e-08 -4.2676716124624837e-29)
(5.6237921078023525e-06 7.2931339177021116e-08 -3.9087086587778142e-29)
(5.6237514918207035e-06 2.2321635292569558e-07 -2.4170406783380281e-28)
(5.623668491025927e-06 3.7350927555694934e-07 -2.0262134553744021e-28)
(5.6235455656641971e-06 5.2381562100664739e-07 -2.8439813259092185e-28)
(5.6233864116461e-06 6.7414057510894384e-07 -3.6618532573316672e-28)
(5.6231959616033507e-06 8.2448886350192827e-07 0)
(5.6229803862355607e-06 9.7486461971638517e-07 0)
(5.6227470956911169e-06 1.1252712524730039e-06 0)
(5.6225047411060241e-06 1.2757113125320433e-06 0)
(5.6222632160271414e-06 1.4261863590092042e-06 0)
(5.6220336575604547e-06 1.5766968250149409e-06 0)
(5.6218284470858634e-06 1.7272418826196658e-06 0)
(5.621661210361991e-06 1.8778193070456598e-06 0)
(5.6215468167024528e-06 2.0284253404605915e-06 0)
(5.6215013770609886e-06 2.1790545547151352e-06 0)
(5.6215422407234316e-06 2.3296997139849168e-06 0)
(5.6216879901771643e-06 2.4803516364829336e-06 0)
(5.6219584341099647e-06 2.6309990562778305e-06 0)
(5.6223745979448303e-06 2.7816284845688264e-06 0)
(5.6229587116509737e-06 2.9322240713982764e-06 0)
(5.6237341943682893e-06 3.0827674674577694e-06 1.6767508778994576e-27)
(5.6247256354647751e-06 3.233237686384408e-06 3.5172644906796228e-27)
(5.6259587718193592e-06 3.38361096860221e-06 1.8404617276663689e-27)
(5.6274604604369047e-06 3.5338606459572984e-06 1.9222247083023848e-27)
(5.6292586463468047e-06 3.6839570084824578e-06 2.0039048942620814e-27)
(5.6313823252244944e-06 3.8338671736996078e-06 0)
(5.6338615000691993e-06 3.9835549587029295e-06 0)
(5.6367271317217822e-06 4.1329807559498795e-06 0)
(5.6400110826425748e-06 4.2821014135145251e-06 0)
(5.6437460534725495e-06 4.4308701203861439e-06 0)
(5.6479655119501413e-06 4.5792362978425885e-06 0)
(5.652703613787337e-06 4.7271454976077006e-06 0)
(5.6579951150578117e-06 4.874539308199801e-06 0)
(5.6638752757313031e-06 5.0213552699694692e-06 0)
(5.6703797540813914e-06 5.1675268004102366e-06 0)
(5.6775444916501909e-06 5.3129831305729663e-06 0)
(5.6854055885410721e-06 5.4576492541176023e-06 0)
(5.6939991689710839e-06 5.601445890080195e-06 0)
(5.7033612369847994e-06 5.7442894606359003e-06 0)
(5.7135275223546808e-06 5.8860920854128975e-06 0)
(5.7245333168299095e-06 6.0267615935248915e-06 0)
(5.736413300963424e-06 6.1662015547784121e-06 0)
(5.7492013619545376e-06 6.3043113314975036e-06 0)
(5.7629304028877035e-06 6.4409861520889211e-06 0)
(5.7776321441413995e-06 6.5761172080284486e-06 0)
(5.7933369177918115e-06 6.7095917750864071e-06 0)
(5.810073455823823e-06 6.8412933602185426e-06 3.7216674995799134e-27)
(5.8278686733956795e-06 6.9711018751808409e-06 3.7922281414414204e-27)
(5.8467474483725222e-06 7.0988938376299311e-06 3.8616812480633385e-27)
(5.8667323986336561e-06 7.2245426006759708e-06 7.859914342300815e-27)
(5.8878436587110557e-06 7.3479186115860183e-06 3.9969846758434281e-27)
(5.9100986575234139e-06 7.4688896994297589e-06 0)
(5.9335118992504406e-06 7.5873213927203785e-06 0)
(5.9580947492079763e-06 7.7030772661661695e-06 0)
(5.9838552269583005e-06 7.8160193168163479e-06 0)
(6.0107978090196581e-06 7.9260083683178727e-06 0)
(6.0389232434368755e-06 8.0329045027357856e-06 0)
(6.0682283786710661e-06 8.1365675184373835e-06 0)
(6.0987060091449949e-06 8.2368574121951547e-06 -2.2396660651876064e-27)
(6.130344739919695e-06 8.3336348839444059e-06 -2.2658744123472785e-27)
(6.1631288729368854e-06 8.4267618611178417e-06 0)
(6.1970383169820023e-06 8.5161020404068023e-06 0)
(6.2320485234335984e-06 8.6015214431565331e-06 0)
(6.2681304499926989e-06 8.6828889817130544e-06 0)
(6.3052505543647286e-06 8.7600770321619407e-06 0)
(6.343370820259916e-06 8.8329620089439846e-06 0)
(6.3824488082307141e-06 8.901424928883406e-06 0)
(6.4224376792028615e-06 8.9653518827308712e-06 0)
(6.4632863071123759e-06 9.0246336721852352e-06 0)
(6.5049410891423333e-06 9.0791578615363131e-06 0)
(6.5473486035770304e-06 9.1287340438392448e-06 -4.9603962181853526e-27)
(6.5904092949960875e-06 9.1724601415891529e-06 -4.9835078990267175e-27)
(6.6337534804625127e-06 9.2037067974545006e-06 0)
(6.6767025234002712e-06 9.1735382079463735e-06 0)
(6.7180007575621893e-06 8.7509586752261593e-06 4.6942541595667673e-27)
(6.7315461212457367e-06 5.9654338970760484e-06 2.9545508120551267e-27)
(6.5442991466757284e-06 -8.9799095235444881e-06 0)
(5.7014366248076138e-06 -7.2899328268492773e-05 0)
(3.7887374253026698e-06 -0.00026361920315682013 0)
(1.1801778064355133e-06 -0.00048881515146760493 0)
(1.1814455358909333e-06 0.00048910618887132418 0)
(3.7961283161656993e-06 0.00026388137264318485 0)
(5.7135367898312442e-06 7.303538831920174e-05 0)
(6.5617042870485665e-06 9.0466522291067096e-06 0)
(6.7544096350099276e-06 -5.9223662347762603e-06 0)
(6.746059333143281e-06 -8.7140251118009578e-06 0)
(6.7098395916640483e-06 -9.1381580989540381e-06 0)
(6.6719089102467186e-06 -9.1689856146816357e-06 0)
(6.633517412289228e-06 -9.1382945022306106e-06 0)
(6.5953354198780183e-06 -9.0951595619231125e-06 0)
(6.5577254949939994e-06 -9.0462293195365903e-06 0)
(6.5207800199918992e-06 -8.9924057733154708e-06 0)
(6.4845455328200981e-06 -8.9338763147017579e-06 -2.4280759879695356e-27)
(6.4490692381515632e-06 -8.8707498151590995e-06 -2.4111017679702865e-27)
(6.414396378195198e-06 -8.8031317030476396e-06 0)
(6.3805684349584949e-06 -8.7311319825504853e-06 0)
(6.3476230304666922e-06 -8.654865631698163e-06 0)
(6.3155939123119708e-06 -8.5744521627828521e-06 0)
(6.2845109073122337e-06 -8.4900150880603838e-06 0)
(6.2543998956915591e-06 -8.4016813744976055e-06 0)
(6.225282813632237e-06 -8.3095808989171114e-06 0)
(6.1971776819530869e-06 -8.2138459083354599e-06 0)
(6.1700986593119308e-06 -8.1146104894155379e-06 0)
(6.1440561179051819e-06 -8.0120100493237157e-06 0)
(6.119056740117551e-06 -7.906180812827425e-06 0)
(6.0951036342235114e-06 -7.7972593361090129e-06 0)
(6.0721964668418971e-06 -7.685382041218729e-06 0)
(6.0503316103648387e-06 -7.5706847727741555e-06 0)
(6.0295023031223616e-06 -7.4533023783112078e-06 0)
(6.0096988202387453e-06 -7.3333683139357559e-06 0)
(5.9909086531407951e-06 -7.2110142761977032e-06 0)
(5.9731166957342587e-06 -7.0863698610570039e-06 0)
(5.9563054354462741e-06 -6.9595622503599758e-06 0)
(5.9404551472057284e-06 -6.8307159258269411e-06 0)
(5.9255440887025513e-06 -6.6999524110200421e-06 0)
(5.9115486954417931e-06 -6.5673900405119919e-06 0)
(5.8984437741688288e-06 -6.4331437559201767e-06 0)
(5.8862026933773278e-06 -6.2973249285630622e-06 0)
(5.8747975696453985e-06 -6.1600412074356565e-06 0)
(5.864199448930161e-06 -6.0213963918892988e-06 0)
(5.8543784819310658e-06 -5.8814903279464006e-06 0)
(5.8453040926972883e-06 -5.7404188271035861e-06 0)
(5.8369451400341869e-06 -5.5982736063787597e-06 0)
(5.8292700711403972e-06 -5.4551422486857109e-06 0)
(5.8222470670920408e-06 -5.3111081819054865e-06 0)
(5.8158441800275667e-06 -5.1662506755955521e-06 0)
(5.8100294617865534e-06 -5.0206448541155795e-06 0)
(5.8047710840281533e-06 -4.874361724736728e-06 0)
(5.8000374497290423e-06 -4.7274682197720223e-06 0)
(5.7957972963548721e-06 -4.5800272509592501e-06 0)
(5.792019790727834e-06 -4.4320977758606257e-06 0)
(5.7886746157769478e-06 -4.2837348741443508e-06 0)
(5.7857320496089464e-06 -4.1349898334108924e-06 0)
(5.7831630370357537e-06 -3.9859102432280122e-06 0)
(5.7809392539833273e-06 -3.8365400964549425e-06 0)
(5.7790331651281366e-06 -3.6869198969896144e-06 0)
(5.7774180751541011e-06 -3.5370867730879036e-06 0)
(5.7760681740160288e-06 -3.3870745954910911e-06 -9.2164076271277973e-28)
(5.7749585766210516e-06 -3.2369140996269821e-06 -8.8078977541448633e-28)
(5.7740653573323553e-06 -3.0866330112478065e-06 0)
(5.7733655797040134e-06 -2.9362561749095505e-06 0)
(5.7728373218701715e-06 -2.7858056847614461e-06 0)
(5.7724596979574378e-06 -2.635301017138327e-06 0)
(5.7722128759151443e-06 -2.4847591645140944e-06 0)
(5.7720780921774813e-06 -2.3341947705705939e-06 0)
(5.7720376634049841e-06 -2.1836202659466532e-06 0)
(5.7720749957825308e-06 -2.033046004211695e-06 0)
(5.7721745921947868e-06 -1.8824803984449399e-06 0)
(5.7723220573893646e-06 -1.7319300572514474e-06 0)
(5.7725041015913956e-06 -1.5813999210225576e-06 0)
(5.7727085430370949e-06 -1.4308933980312796e-06 0)
(5.7729243090941098e-06 -1.2804124992610765e-06 0)
(5.773141436745886e-06 -1.1299579740510107e-06 0)
(5.7733510724445975e-06 -9.7952944422831623e-07 0)
(5.7735454713971222e-06 -8.2912553834485192e-07 0)
(5.7737179967682283e-06 -6.787440251374799e-07 0)
(5.7738631185220638e-06 -5.2838194665136753e-07 0)
(5.7739764123755012e-06 -3.7803575079502915e-07 0)
(5.7740545588877736e-06 -2.2770142406395367e-07 0)
(5.7740953425533528e-06 -7.7374622901037937e-08 0)
(5.774097651262058e-06 7.2949193780890539e-08 0)
(5.7740614760300959e-06 2.2327463316305473e-07 0)
(5.7739879108550295e-06 3.7360623719739444e-07 0)
(5.7738791531215238e-06 5.2394835030024536e-07 0)
(5.7737385040619251e-06 6.7430498811257199e-07 0)
(5.7735703695334881e-06 8.246797049835e-07 0)
(5.7733802610328445e-06 9.7507546198805019e-07 0)
(5.7731747966105885e-06 1.1254944942187759e-06 0)
(5.7729617019234475e-06 1.2759381775468617e-06 0)
(5.7727498111367808e-06 1.4264068952159931e-06 0)
(5.7725490674942069e-06 1.5768999038082813e-06 0)
(5.7723705234429371e-06 1.7274151987707983e-06 0)
(5.7722263402216472e-06 1.8779493793296209e-06 0)
(5.7721297864608126e-06 2.0284975132759806e-06 0)
(5.7720952358008781e-06 2.1790530009440138e-06 0)
(5.7721381632811749e-06 2.3296074392771311e-06 0)
(5.7722751399445996e-06 2.4801504855344628e-06 0)
(5.7725238257686762e-06 2.6306697209204677e-06 0)
(5.7729029603322842e-06 2.7811505146490199e-06 0)
(5.7734323509907265e-06 2.9315758881793887e-06 0)
(5.7741328582718255e-06 3.0819263803539582e-06 0)
(5.775026377917756e-06 3.23217991330855e-06 0)
(5.7761358194965579e-06 3.382311660086489e-06 0)
(5.7774850810245146e-06 3.5322939139035172e-06 0)
(5.7790990191807791e-06 3.6820959596019746e-06 0)
(5.7810034148082432e-06 3.8316839482606946e-06 0)
(5.7832249332223136e-06 3.9810207749680696e-06 0)
(5.7857910789446024e-06 4.1300659607620855e-06 0)
(5.7887301444616442e-06 4.2787755394272442e-06 0)
(5.7920711525913937e-06 4.4271019498326255e-06 0)
(5.7958437921015399e-06 4.5749939346638744e-06 0)
(5.8000783461927387e-06 4.7223964463796697e-06 0)
(5.8048056134940868e-06 4.8692505617080804e-06 0)
(5.8100568213083679e-06 5.0154934051291566e-06 0)
(5.8158635308251915e-06 5.1610580828794275e-06 0)
(5.8222575340452219e-06 5.3058736283468515e-06 0)
(5.8292707422701046e-06 5.4498649601839799e-06 0)
(5.8369350661216423e-06 5.5929528542471963e-06 0)
(5.8452822869745784e-06 5.7350539305481098e-06 0)
(5.8543439198981351e-06 5.8760806566010144e-06 0)
(5.8641510682756301e-06 6.0159413683468172e-06 0)
(5.8747342702979352e-06 6.1545403099482387e-06 0)
(5.8861233377289673e-06 6.2917776936785453e-06 0)
(5.8983471873969307e-06 6.4275497811795319e-06 0)
(5.9114336660321193e-06 6.5617489872103862e-06 0)
(5.9254093691810597e-06 6.6942640069747796e-06 0)
(5.9402994550045985e-06 6.8249799680687918e-06 0)
(5.9561274540386275e-06 6.9537786079953986e-06 0)
(5.9729150760116078e-06 7.0805384778812124e-06 0)
(5.9906820149613852e-06 7.2051351733341556e-06 0)
(6.0094457542181933e-06 7.3274415924936352e-06 0)
(6.0292213726941103e-06 7.4473282218486046e-06 0)
(6.0500213541379078e-06 7.5646634496890338e-06 0)
(6.0718554012141339e-06 7.6793139069740961e-06 0)
(6.0947302562471387e-06 7.7911448354249377e-06 0)
(6.1186495306517047e-06 7.9000204815789917e-06 0)
(6.1436135450430914e-06 8.0058045162067687e-06 0)
(6.1696191821387869e-06 8.1083604775454704e-06 0)
(6.1966597544563269e-06 8.2075522364931959e-06 0)
(6.2247248889629261e-06 8.3032444822551854e-06 0)
(6.253800430686102e-06 8.3953032254228491e-06 0)
(6.283868367154322e-06 8.4835963164251853e-06 -6.9175347863942793e-27)
(6.3149067755193887e-06 8.5679939757921899e-06 -6.9859489734724997e-27)
(6.3468897940046665e-06 8.6483693334437238e-06 0)
(6.3797876195219218e-06 8.7245989732153749e-06 0)
(6.4135665336628536e-06 8.7965634776782796e-06 0)
(6.4481889492009501e-06 8.8641479616959674e-06 0)
(6.483613424811868e-06 8.927242512670745e-06 0)
(6.519794764429006e-06 8.9857417960827583e-06 0)
(6.5566858097254184e-06 9.0395370759138202e-06 0)
(6.5942400751902073e-06 9.0884414499900578e-06 0)
(6.6323654047134157e-06 9.1315561224212505e-06 0)
(6.6706999495103637e-06 9.1622547754694505e-06 0)
(6.7085733680463644e-06 9.131604435273618e-06 0)
(6.7447387925333759e-06 8.7086123662798717e-06 0)
(6.7531018854702911e-06 5.9227498913926115e-06 0)
(6.5606254512955861e-06 -9.0228282779985233e-06 0)
(5.712521646128427e-06 -7.2942174279573148e-05 6.7035626057135151e-26)
(3.7948293057864434e-06 -0.00026366023623868333 2.5948760221253624e-25)
(1.1815391020300839e-06 -0.00048884430085086798 0)
(1.1827901941674842e-06 0.00048913193288942171 0)
(3.8021441576254377e-06 0.00026391757707715832 0)
(5.7244818113525734e-06 7.3073155026670046e-05 0)
(6.5778238957102743e-06 9.0844544326676787e-06 0)
(6.7756927144525619e-06 -5.8847831753043453e-06 -1.4550009141863018e-27)
(6.7724600182477448e-06 -8.6767422631322548e-06 -4.653121642027319e-27)
(6.7413101109774106e-06 -9.101237786665063e-06 -2.4664027856554155e-27)
(6.7083941214583848e-06 -9.1324876264545941e-06 0)
(6.6749536783540618e-06 -9.1022767065118418e-06 0)
(6.6416510801337913e-06 -9.0596775135967177e-06 0)
(6.6088413003489721e-06 -9.0113359605983174e-06 4.8962811267111337e-27)
(6.5766095417271528e-06 -8.9581511995609126e-06 4.8677902416960198e-27)
(6.5449955988191642e-06 -8.9003075768843004e-06 0)
(6.514040396901738e-06 -8.8379107478659546e-06 0)
(6.4837833848562448e-06 -8.7710627802890151e-06 0)
(6.4542607549254334e-06 -8.6998702004822402e-06 -4.7288534617594366e-27)
(6.4255053562866886e-06 -8.6244444184362753e-06 -4.6881670890841605e-27)
(6.3975466897388165e-06 -8.5449013151670679e-06 0)
(6.3704108663946075e-06 -8.4613607348376555e-06 0)
(6.3441205828881796e-06 -8.3739459651821775e-06 0)
(6.3186951211847139e-06 -8.2827832172555466e-06 0)
(6.2941503709657175e-06 -8.188001109163966e-06 0)
(6.2704988730818327e-06 -8.0897301573991929e-06 -6.598463053086533e-27)
(6.2477498826264578e-06 -7.9881022781641827e-06 -8.6878242830290364e-27)
(6.2259094501005116e-06 -7.8832503028965927e-06 -2.1435395795256867e-27)
(6.2049805190455408e-06 -7.775307508946564e-06 0)
(6.1849630384476798e-06 -7.664407168922886e-06 4.1683961745833764e-27)
(6.165854088193625e-06 -7.5506821203465058e-06 4.1066921221967376e-27)
(6.1476480157348091e-06 -7.4342643570475951e-06 4.0435097481470687e-27)
(6.1303365822043962e-06 -7.3152846439421399e-06 7.9578416551913616e-27)
(6.1139091162567429e-06 -7.1938721561902267e-06 3.9129962812993676e-27)
(6.0983526739472663e-06 -7.0701541436637789e-06 0)
(6.0836522030591596e-06 -6.9442556211191907e-06 0)
(6.0697907102116543e-06 -6.8162990844028996e-06 0)
(6.0567494294004937e-06 -6.6864042529984136e-06 0)
(6.0445079905483233e-06 -6.5546878385265524e-06 0)
(6.0330445869136557e-06 -6.4212633386945023e-06 0)
(6.0223361402800233e-06 -6.2862408567897422e-06 0)
(6.012358462681126e-06 -6.1497269455282635e-06 0)
(6.003086414009144e-06 -6.0118244746610595e-06 0)
(5.9944940546628064e-06 -5.8726325215182072e-06 -1.5974762136904965e-27)
(5.986554792551492e-06 -5.7322462833385457e-06 -1.5593071131943748e-27)
(5.9792415240070936e-06 -5.5907570104913634e-06 0)
(5.9725267680919409e-06 -5.4482519593597517e-06 0)
(5.9663827939912529e-06 -5.3048143639294968e-06 2.8861599827977476e-27)
(5.9607817412753225e-06 -5.1605234246001815e-06 2.8076812120313238e-27)
(5.9556957328682746e-06 -5.0154543134053089e-06 2.7287761508872907e-27)
(5.9510969807029731e-06 -4.8696781941852195e-06 5.298967835925773e-27)
(5.9469578839178006e-06 -4.7232622567976387e-06 2.5698414451683619e-27)
(5.9432511198711841e-06 -4.5762697637392999e-06 0)
(5.9399497280105028e-06 -4.4287601089249536e-06 -2.4096427297034376e-27)
(5.9370271866680721e-06 -4.2807888865732256e-06 -2.329149676280017e-27)
(5.934457483184575e-06 -4.1324079699090714e-06 0)
(5.9322151774909175e-06 -3.9836655983638036e-06 0)
(5.9302754594760247e-06 -3.8346064723890205e-06 0)
(5.9286142004338174e-06 -3.6852718550390692e-06 0)
(5.9272079989346519e-06 -3.5356996794977789e-06 0)
(5.9260342214482101e-06 -3.3859246617615153e-06 0)
(5.9250710380603202e-06 -3.2359784177977386e-06 0)
(5.9242974536414692e-06 -3.085889584509566e-06 0)
(5.9236933348113418e-06 -2.9356839439134759e-06 0)
(5.9232394330566696e-06 -2.7853845500256322e-06 0)
(5.9229174043558314e-06 -2.6350118578644601e-06 0)
(5.9227098256183438e-06 -2.4845838542532395e-06 0)
(5.9226002082705141e-06 -2.3341161900012954e-06 0)
(5.9225730092835736e-06 -2.183622313080043e-06 0)
(5.9226136400871429e-06 -2.0331136025345952e-06 0)
(5.9227084733939472e-06 -1.8825995028613644e-06 0)
(5.9228448483055658e-06 -1.7320876587209015e-06 0)
(5.9230110741764251e-06 -1.5815840495495487e-06 0)
(5.9231964332000281e-06 -1.4310931246867317e-06 0)
(5.9233911819005646e-06 -1.2806179371516232e-06 6.9715001376549955e-28)
(5.9235865519817522e-06 -1.1301602786699015e-06 6.1531294247940811e-28)
(5.9237747505178031e-06 -9.7972081329538021e-07 0)
(5.9239489597516032e-06 -8.2929921118286398e-07 0)
(5.9241033366206803e-06 -6.7889428191797162e-07 0)
(5.924233011957046e-06 -5.2850410745758718e-07 0)
(5.9243340898181759e-06 -3.7812617486015296e-07 0)
(5.9244036468263029e-06 -2.2775750886776192e-07 0)
(5.9244397315079434e-06 -7.7394803678177617e-08 0)
(5.9244413638832205e-06 7.2965444490427326e-08 0)
(5.9244085352558638e-06 2.2332680563803366e-07 0)
(5.9243422081631199e-06 3.7369278442431522e-07 0)
(5.924244316576728e-06 5.2406668765079982e-07 0)
(5.9241177663104884e-06 6.7445149274511653e-07 0)
(5.9239664355485155e-06 8.2484971518297294e-07 0)
(5.9237951755369002e-06 9.7526327623649815e-07 0)
(5.9236098112697932e-06 1.1256933704461263e-06 6.1165321942269109e-28)
(5.9234171421055018e-06 1.2761403323242314e-06 6.9348255123482139e-28)
(5.9232249422801531e-06 1.42660350327119e-06 0)
(5.9230419610719571e-06 1.577081097828401e-06 0)
(5.9228779225752843e-06 1.7275700697858481e-06 0)
(5.9227435248511427e-06 1.878065977775201e-06 0)
(5.9226504383067268e-06 2.0285628509618648e-06 0)
(5.9226113030821341e-06 2.1790530542742445e-06 0)
(5.9226397252696502e-06 2.3295271536091086e-06 0)
(5.9227502717368797e-06 2.4799737814372308e-06 0)
(5.9229584631657767e-06 2.6303795021906004e-06 0)
(5.9232807651704367e-06 2.7807286786263186e-06 0)
(5.9237345773205047e-06 2.9310033385049756e-06 0)
(5.9243382194549855e-06 3.0811830426731023e-06 0)
(5.9251109152064458e-06 3.2312447541389964e-06 0)
(5.926072772403561e-06 3.3811627091590529e-06 0)
(5.9272447599164414e-06 3.5309082905792847e-06 0)
(5.9286486806957265e-06 3.6804499034360189e-06 0)
(5.9303071405715455e-06 3.8297528543202086e-06 0)
(5.9322435125466319e-06 3.9787792341505836e-06 0)
(5.934481896181576e-06 4.1274878055688533e-06 0)
(5.9370470717309863e-06 4.2758338955072427e-06 -2.3251369947973458e-27)
(5.9399644486885079e-06 4.4237692937225871e-06 -2.4056041208424681e-27)
(5.9432600084682933e-06 4.5712421579451387e-06 0)
(5.9469602408256358e-06 4.7181969268014542e-06 0)
(5.9510920737797497e-06 4.8645742412934902e-06 0)
(5.9556827968487883e-06 5.0103108757576319e-06 0)
(5.9607599772448507e-06 5.1553396793863546e-06 0)
(5.9663513689280719e-06 5.299589529495663e-06 0)
(5.9724848144303243e-06 5.4429852974699531e-06 0)
(5.9791881393209117e-06 5.5854478286250597e-06 0)
(5.9864890393140391e-06 5.7268939371197498e-06 0)
(5.9944149601091823e-06 5.8672364170603517e-06 0)
(6.0029929701111863e-06 6.0063840710616921e-06 0)
(6.0122496262403465e-06 6.1442417574013913e-06 0)
(6.0222108331641486e-06 6.2807104567230185e-06 0)
(6.0329016964157311e-06 6.415687359849966e-06 0)
(6.0443463699355071e-06 6.5490659771991258e-06 0)
(6.0565678986372855e-06 6.6807362711883084e-06 0)
(6.0695880567873656e-06 6.8105848123489928e-06 0)
(6.0834271831318238e-06 6.9384949599470004e-06 0)
(6.0981040136608375e-06 7.0643470677003396e-06 0)
(6.1136355131942185e-06 7.1880187155009021e-06 0)
(6.1300367071656907e-06 7.3093849666247577e-06 0)
(6.1473205146471138e-06 7.4283186515467713e-06 0)
(6.165497584330936e-06 7.5446906775206651e-06 0)
(6.1845761349412671e-06 7.6583703640537433e-06 0)
(6.2045618015612496e-06 7.7692258036461478e-06 0)
(6.2254574897943553e-06 7.8771242467420275e-06 0)
(6.2472632393483699e-06 7.9819325101005743e-06 0)
(6.2699760988813797e-06 8.0835174070630175e-06 0)
(6.2935900137925419e-06 8.1817461978804498e-06 0)
(6.3180957288115248e-06 8.2764870585543277e-06 0)
(6.3434807070783081e-06 8.3676095653890736e-06 0)
(6.3697290672860378e-06 8.4549851930629002e-06 -6.8925356512123251e-27)
(6.3968215404335268e-06 8.538487823026347e-06 -6.9601982122371531e-27)
(6.4247354475775333e-06 8.6179942594233335e-06 0)
(6.4534447001997768e-06 8.6933847489946841e-06 0)
(6.4829198250997462e-06 8.7645435003065983e-06 0)
(6.5131280059040122e-06 8.8313591908832955e-06 0)
(6.5440330885962232e-06 8.8937253806079471e-06 0)
(6.5755956675509482e-06 8.951540090096982e-06 4.8625452426921697e-27)
(6.6077748604992772e-06 9.0046977941844988e-06 4.8910144409318573e-27)
(6.640530921484884e-06 9.0530146310601942e-06 0)
(6.6737788699741928e-06 9.0955946505623711e-06 0)
(6.7071644417752147e-06 9.1258141707879358e-06 0)
(6.7400253159114713e-06 9.0947426763002356e-06 -4.9276063477455668e-27)
(6.7711231242541547e-06 8.671390024722536e-06 -4.6485636254941147e-27)
(6.7743709530129095e-06 5.8852324896049353e-06 0)
(6.5767336363584064e-06 -9.0605507542398721e-06 0)
(5.7234579955438668e-06 -7.2979834305850297e-05 6.7068348834233768e-26)
(3.8008390671528052e-06 -0.00026369631616022788 2.5952040407465845e-25)
(1.1828818386456281e-06 -0.00048886996734768303 0)
(1.1841186443006629e-06 0.00048915423472648879 -6.7263995248172062e-25)
(3.8080884019368936e-06 0.00026394888682422361 -2.5973162077908544e-25)
(5.7352973122179885e-06 7.3105797503372381e-05 0)
(6.593753567357869e-06 9.1171222052814363e-06 0)
(6.7967262222642371e-06 -5.8523057790542234e-06 -1.4455876200425043e-27)
(6.798552869491504e-06 -8.6445238498082079e-06 -4.6344364730105606e-27)
(6.7724161033104378e-06 -9.0693317118802833e-06 -2.4571454526603676e-27)
(6.7444599369075678e-06 -9.1009453259183501e-06 -7.4112231577359756e-27)
(6.7159177614070602e-06 -9.0711480372565171e-06 -7.3897603050215749e-27)
(6.6874440887725131e-06 -9.0290103675113685e-06 0)
(6.6593865200760131e-06 -8.9811759973594314e-06 4.8787307937265697e-27)
(6.6318232723696226e-06 -8.9285416444772218e-06 4.8505460366622353e-27)
(6.6047875676020907e-06 -8.871289049449232e-06 7.229743213000601e-27)
(6.5783141983280637e-06 -8.8095211141410558e-06 7.1799561562800603e-27)
(6.5524369421039789e-06 -8.7433370280446351e-06 0)
(6.5271867984671943e-06 -8.6728403372527414e-06 -4.713051010160553e-27)
(6.5025919158851001e-06 -8.5981393926392901e-06 -4.6727712476431741e-27)
(6.4786775958713263e-06 -8.5193469602314645e-06 0)
(6.4554662572498469e-06 -8.4365797357260187e-06 -6.8783183461029854e-27)
(6.4329774132506796e-06 -8.3499578468714303e-06 -6.8080932827820433e-27)
(6.4112276695884677e-06 -8.259604354254929e-06 0)
(6.3902307417738203e-06 -8.1656447550311378e-06 0)
(6.3699974902284583e-06 -8.0682064930299602e-06 0)
(6.3505359722511292e-06 -7.9674184777093437e-06 -2.1658424762399505e-27)
(6.3318515092772242e-06 -7.8634106154444128e-06 -2.1376649083885127e-27)
(6.3139467681936885e-06 -7.7563133549278328e-06 0)
(6.2968218554429607e-06 -7.6462572493039046e-06 4.157604900940751e-27)
(6.2804744222414967e-06 -7.5333725371380312e-06 4.096378060533983e-27)
(6.2648997795311711e-06 -7.4177887434727383e-06 4.0336697933344558e-27)
(6.2500910210883938e-06 -7.2996343026184455e-06 1.9847752757494478e-27)
(6.236039153376148e-06 -7.1790362037812324e-06 -1.9520450066148861e-27)
(6.2227332307606849e-06 -7.0561196604333114e-06 0)
(6.2101604946519785e-06 -6.9310078039616101e-06 0)
(6.1983065152136027e-06 -6.803821401941915e-06 5.550513040963117e-27)
(6.1871553344804521e-06 -6.6746786014443997e-06 5.4452871858123512e-27)
(6.176689609713546e-06 -6.543694697052175e-06 0)
(6.1668907559014597e-06 -6.410981923454057e-06 0)
(6.1577390865459517e-06 -6.2766492722466994e-06 0)
(6.1492139517579283e-06 -6.1408023324929962e-06 0)
(6.1412938729055559e-06 -6.003543154140498e-06 0)
(6.13395667320605e-06 -5.8649701337449152e-06 -6.3803239519431268e-27)
(6.1271796036845968e-06 -5.7251779214091242e-06 -6.2283355826163038e-27)
(6.1209394639824987e-06 -5.5842573482216091e-06 0)
(6.1152127176804383e-06 -5.4422953729161408e-06 0)
(6.1099756018525766e-06 -5.2993750469663129e-06 2.8826610497381791e-27)
(6.1052042305490644e-06 -5.1555754968114511e-06 2.8044695355447651e-27)
(6.1008746921684727e-06 -5.0109719222886192e-06 2.7258373964256528e-27)
(6.0969631406136016e-06 -4.8656356100363003e-06 1.3234019033203572e-27)
(6.0934458801599312e-06 -4.7196339608840399e-06 -1.2837029018409117e-27)
(6.090299444201837e-06 -4.5730305299166559e-06 0)
(6.0875006678924616e-06 -4.4258850786148931e-06 -2.4076541595942259e-27)
(6.0850267547939482e-06 -4.2782536373950414e-06 -2.3273641365181224e-27)
(6.082855337813542e-06 -4.1301885781774828e-06 0)
(6.0809645345459341e-06 -3.9817386956802553e-06 0)
(6.0793329972954177e-06 -3.8329492966024618e-06 0)
(6.0779399580092777e-06 -3.6838622958504233e-06 -3.0061372241403522e-27)
(6.0767652684269789e-06 -3.5345163190474739e-06 -2.8842975504236144e-27)
(6.0757894357143328e-06 -3.3849468104812178e-06 0)
(6.0749936538668967e-06 -3.2351861458600654e-06 0)
(6.0743598311927045e-06 -3.0852637492137302e-06 0)
(6.0738706141560132e-06 -2.935206213305927e-06 0)
(6.0735094078954649e-06 -2.7850374230864346e-06 0)
(6.0732603937106341e-06 -2.634778681602604e-06 -2.1502741875829414e-27)
(6.0731085437718034e-06 -2.4844488379404288e-06 -2.0276341152875881e-27)
(6.073039633355815e-06 -2.3340644169365045e-06 0)
(6.0730402508729685e-06 -2.1836397500521892e-06 0)
(6.073097806003108e-06 -2.0331871074729453e-06 0)
(6.0732005360143479e-06 -1.8827168305273143e-06 0)
(6.0733375106065856e-06 -1.732237465177194e-06 0)
(6.0734986356034218e-06 -1.581755895318481e-06 0)
(6.0736746554937915e-06 -1.4312774767043172e-06 0)
(6.0738571551078621e-06 -1.2808061702446483e-06 6.9715218524205152e-28)
(6.0740385605956436e-06 -1.1303446759709307e-06 6.1532619480434376e-28)
(6.0742121398960214e-06 -9.7989456654473611e-07 -8.0026042504540172e-28)
(6.0743720027583991e-06 -8.2945642038044024e-07 -6.7754208144601763e-28)
(6.0745131005053548e-06 -6.7902995493147208e-07 0)
(6.0746312255665078e-06 -5.2861415931778211e-07 0)
(6.0747230110208313e-06 -3.7820742731251469e-07 -3.0944425058261525e-28)
(6.0747859301290246e-06 -2.2780768970977606e-07 -1.8675949209100383e-28)
(6.0748182958544452e-06 -7.7412546366056115e-08 0)
(6.0748192606006351e-06 7.2980601085049962e-08 0)
(6.0747888159972488e-06 2.2337441747634402e-07 0)
(6.074727792868244e-06 3.7377150207583289e-07 0)
(6.0746378614293071e-06 5.2417425612064703e-07 0)
(6.0745215315516449e-06 6.7458475104550867e-07 5.4934048980152036e-28)
(6.074382153088037e-06 8.2500459586176791e-07 6.7204130536285684e-28)
(6.0742239163785019e-06 9.7543480479779201e-07 0)
(6.0740518527203933e-06 1.1258756647666854e-06 6.1164636351356487e-28)
(6.0738718347486531e-06 1.2763266022353194e-06 6.9346458659871746e-28)
(6.0736905766315364e-06 1.4267860504230172e-06 0)
(6.0735156339652159e-06 1.5772513157965608e-06 0)
(6.0733554033578378e-06 1.7277184447029984e-06 0)
(6.0732191214041634e-06 1.8781820897184675e-06 0)
(6.0731168629387081e-06 2.0286353759753077e-06 0)
(6.0730595384542459e-06 2.1790697676255823e-06 0)
(6.0730588904215658e-06 2.3294749341912687e-06 1.8992977356046832e-27)
(6.073127488448211e-06 2.4798386175404483e-06 2.0219586188257954e-27)
(6.0732787228891555e-06 2.6301464991941783e-06 0)
(6.0735267966047194e-06 2.7803820684850808e-06 0)
(6.073886715021029e-06 2.9305264914785099e-06 0)
(6.0743742738692786e-06 3.0805584816496864e-06 0)
(6.0750060443964027e-06 3.2304541717090285e-06 0)
(6.075799355924161e-06 3.380186987856514e-06 2.7564349237514704e-27)
(6.0767722752732201e-06 3.5297275264672831e-06 2.8784253015606881e-27)
(6.0779435829198742e-06 3.6790434335290696e-06 0)
(6.0793327455091871e-06 3.8280992880371871e-06 0)
(6.0809598844524457e-06 3.9768564891646514e-06 0)
(6.0828457403030293e-06 4.1252731483753962e-06 0)
(6.0850116326139575e-06 4.273303987041533e-06 -2.3233311910488194e-27)
(6.0874794150029055e-06 4.4209002402957614e-06 -2.403595373018302e-27)
(6.090271425157244e-06 4.5680095677865309e-06 0)
(6.0934104295265762e-06 4.7145759725820211e-06 0)
(6.0969195624123361e-06 4.8605397286558987e-06 0)
(6.1008222593487621e-06 5.0058373183305525e-06 0)
(6.1051421845273203e-06 5.150401380241175e-06 0)
(6.1099031521066331e-06 5.2941606693493846e-06 0)
(6.1151290413893945e-06 5.4370400295743587e-06 0)
(6.1208437057526154e-06 5.5789603804501143e-06 0)
(6.1270708753726306e-06 5.7198387188052131e-06 0)
(6.1338340538041894e-06 5.8595881364640986e-06 0)
(6.1411564085585869e-06 5.9981178552825705e-06 0)
(6.1490606559087378e-06 6.1353332804916518e-06 0)
(6.1575689401656438e-06 6.2711360731874982e-06 0)
(6.1667027078682456e-06 6.4054242435477233e-06 0)
(6.176482577369258e-06 6.5380922650313753e-06 0)
(6.1869282043035955e-06 6.6690312109376743e-06 0)
(6.1980581436857616e-06 6.7981289139129223e-06 0)
(6.209889709337155e-06 6.9252701490120791e-06 0)
(6.2224388315197367e-06 7.0503368410293533e-06 0)
(6.2357199138207317e-06 7.173208296551054e-06 -5.8491128039105609e-27)
(6.2497456902075815e-06 7.2937614604458789e-06 -5.9472532648184426e-27)
(6.2645270835198868e-06 7.4118711975387144e-06 0)
(6.280073066609833e-06 7.5274105987591175e-06 0)
(6.2963905273379776e-06 7.6402513117397643e-06 0)
(6.3134841389346514e-06 7.7502638950274618e-06 0)
(6.3313562371024415e-06 7.8573181950346176e-06 0)
(6.3500067053127968e-06 7.9612837447550585e-06 0)
(6.3694328698368949e-06 8.0620301827447771e-06 0)
(6.3896294058868109e-06 8.1594276905637127e-06 0)
(6.4105882564375787e-06 8.2533474471239337e-06 0)
(6.4322985651529869e-06 8.3436620972621934e-06 0)
(6.4547466247277605e-06 8.4302462322785199e-06 0)
(6.4779158418705504e-06 8.5129768795994488e-06 0)
(6.5017867201356704e-06 8.5917339987369137e-06 0)
(6.5263368620203768e-06 8.6664009800930113e-06 0)
(6.5515409919555938e-06 8.7368651424010872e-06 0)
(6.5773709921992473e-06 8.8030182173131326e-06 0)
(6.6037958989591762e-06 8.8647567399104301e-06 0)
(6.6307819750737864e-06 8.9219816042639652e-06 4.8453053792306081e-27)
(6.6582944676836519e-06 8.974590033693981e-06 4.8734694171772019e-27)
(6.6863001997094234e-06 9.0224007679042222e-06 0)
(6.7147211723519799e-06 9.064520290994121e-06 0)
(6.7432104902066403e-06 9.0943271762977895e-06 0)
(6.771113615811623e-06 9.0628930169822704e-06 -4.9091007287563147e-27)
(6.7972004228820382e-06 8.6392299149616078e-06 -4.6298888663163896e-27)
(6.7953911623192282e-06 5.8528184430487808e-06 0)
(6.5926524896713731e-06 -9.0931413460314513e-06 0)
(5.7342652855292165e-06 -7.301237317974886e-05 0)
(3.8067775187431279e-06 -0.00026372750525468548 0)
(1.1842084401415855e-06 -0.00048889219517270069 0)
(1.1854332323377253e-06 0.00048917313263481413 -6.7266305416980793e-25)
(3.813971509799584e-06 0.00026397535576277634 -2.5975605326392758e-25)
(5.7460022703654944e-06 7.3133371728910626e-05 0)
(6.6095211584622723e-06 9.1447111035339899e-06 0)
(6.8175467755082294e-06 -5.8248794930927153e-06 0)
(6.8243830568136537e-06 -8.6173166221372346e-06 0)
(6.8032110521251519e-06 -9.0423881869654288e-06 0)
(6.7801678752061919e-06 -9.0743088305823349e-06 -7.3877766410503514e-27)
(6.756478897832533e-06 -9.0448606441940633e-06 -7.366603922181334e-27)
(6.7327910469928624e-06 -9.0031125147220419e-06 0)
(6.7094447350091554e-06 -8.9557062519045435e-06 0)
(6.6865113583853502e-06 -8.9035365300685941e-06 0)
(6.6640177122272563e-06 -8.8467829014788161e-06 7.2080788203462614e-27)
(6.6419925818839485e-06 -8.7855459548885109e-06 7.158738852718669e-27)
(6.6204641782964156e-06 -8.7199224608951155e-06 0)
(6.5994583919973513e-06 -8.6500134600033588e-06 0)
(6.5789987334090902e-06 -8.5759247301009003e-06 0)
(6.5591063466229152e-06 -8.4977664159959295e-06 0)
(6.539799979706736e-06 -8.4156525627494643e-06 -6.8596795971857614e-27)
(6.5210959643300052e-06 -8.329700636389117e-06 -6.7900235069680301e-27)
(6.5030082129722371e-06 -8.2400310423664184e-06 0)
(6.48554823211724e-06 -8.1467666460691103e-06 0)
(6.4687251503026266e-06 -8.0500322987479412e-06 6.5631133090726144e-27)
(6.4525457600926413e-06 -7.9499543712601034e-06 6.4818367553263849e-27)
(6.4370145728318908e-06 -7.8466602987930079e-06 0)
(6.4221338851846581e-06 -7.740278138629694e-06 0)
(6.4079038562376119e-06 -7.6309361431638674e-06 0)
(6.3943225940261686e-06 -7.5187623504811671e-06 0)
(6.3813862502574602e-06 -7.4038841937015509e-06 0)
(6.3690891218782905e-06 -7.2864281306481805e-06 -5.942282933842715e-27)
(6.3574237583993603e-06 -7.166519295074362e-06 -5.8446851562826195e-27)
(6.3463810737323423e-06 -7.0442811702705514e-06 0)
(6.3359504615008647e-06 -6.919835285871814e-06 0)
(6.326119912636639e-06 -6.7933009379856238e-06 5.5407855084326426e-27)
(6.3168761341932578e-06 -6.6647949332797075e-06 5.4361106240816569e-27)
(6.3082046684905494e-06 -6.5344313568521688e-06 0)
(6.300090011715495e-06 -6.4023213636155577e-06 0)
(6.2925157312429374e-06 -6.2685729932072353e-06 0)
(6.285464580777495e-06 -6.1332910077950746e-06 0)
(6.2789186127285842e-06 -5.9965767521072495e-06 0)
(6.2728592873422165e-06 -5.8585280351746726e-06 -4.7790616915433625e-27)
(6.2672675780170245e-06 -5.7192390329271296e-06 -4.665511582752908e-27)
(6.2621240724610678e-06 -5.5788002107042566e-06 0)
(6.2574090693318982e-06 -5.4372982648649613e-06 0)
(6.2531026700973606e-06 -5.2948160824228433e-06 0)
(6.2491848659509917e-06 -5.1514327177732194e-06 0)
(6.2456356196306174e-06 -5.0072233854525262e-06 0)
(6.2424349420954687e-06 -4.8622594678663957e-06 -3.966733402967553e-27)
(6.2395629640015605e-06 -4.7166085369351544e-06 -3.8479507032388249e-27)
(6.2370000021023084e-06 -4.5703343886444802e-06 0)
(6.2347266205278271e-06 -4.4234970896171287e-06 0)
(6.2327236871058585e-06 -4.2761530342735191e-06 0)
(6.2309724248969969e-06 -4.1283550121988901e-06 0)
(6.2294544590615534e-06 -3.9801522844398453e-06 0)
(6.2281518592966063e-06 -3.8315906679330432e-06 0)
(6.2270471779777422e-06 -3.6827126271713481e-06 -3.0046948253297403e-27)
(6.2261234843005066e-06 -3.5335573724464735e-06 -2.883035505696694e-27)
(6.2253643946349536e-06 -3.384160963772362e-06 0)
(6.224754099323684e-06 -3.2345564198792243e-06 0)
(6.2242773861779639e-06 -3.0847738316530121e-06 0)
(6.2239196609064612e-06 -2.9348404793183e-06 0)
(6.2236669647399572e-06 -2.7847809529704113e-06 0)
(6.2235059894916266e-06 -2.6346172758090124e-06 -2.1498029721411426e-27)
(6.2234240902753792e-06 -2.4843690296446104e-06 -2.0272515491650783e-27)
(6.2234092961275194e-06 -2.3340534824648956e-06 0)
(6.2234503187643068e-06 -2.183685717398045e-06 0)
(6.2235365596585342e-06 -2.0332787630444004e-06 0)
(6.2236581156696761e-06 -1.882843724529068e-06 0)
(6.2238057834390137e-06 -1.7323899156066294e-06 0)
(6.2239710626385878e-06 -1.5819249910007583e-06 0)
(6.2241461583343393e-06 -1.431455079180703e-06 0)
(6.2243239826236363e-06 -1.280984915362696e-06 0)
(6.2244981556307038e-06 -1.1305179744007266e-06 0)
(6.2246630060657744e-06 -9.8005660417675382e-07 -8.0028095968235592e-28)
(6.2248135713687544e-06 -8.2960215830012205e-07 -6.7756882762136603e-28)
(6.2249455976849714e-06 -6.791551292372198e-07 0)
(6.2250555395429901e-06 -5.2871528065232682e-07 0)
(6.2251405594890838e-06 -3.7828178046175405e-07 -3.094707086874053e-28)
(6.2251985278300029e-06 -2.278533332006542e-07 -1.8678172477585741e-28)
(6.2252280222638291e-06 -7.7428312204069709e-08 0)
(6.2252283277422364e-06 7.2995107693447706e-08 0)
(6.2251994362602451e-06 2.2341881815550294e-07 0)
(6.2251420468064746e-06 3.7384464525234878e-07 0)
(6.2250575655594695e-06 5.2427421682626356e-07 0)
(6.2249481060400733e-06 6.747088306572437e-07 5.4934125282494064e-28)
(6.2248164893358148e-06 8.2514932175445439e-07 6.7203941346343436e-28)
(6.2246662444754547e-06 9.7559592994555429e-07 0)
(6.2245016087181257e-06 1.1260481674194592e-06 0)
(6.2243275277684506e-06 1.2765046856435751e-06 0)
(6.2241496558246633e-06 1.4269631429623958e-06 0)
(6.2239743553242259e-06 1.5774200712225355e-06 0)
(6.2238086964706469e-06 1.727870742913942e-06 0)
(6.2236604561299356e-06 1.8783090382177208e-06 0)
(6.2235381162048867e-06 2.0287273118531416e-06 0)
(6.2234508612599461e-06 2.179116260540912e-06 0)
(6.2234085751575463e-06 2.3294647905735432e-06 1.8989639214590823e-27)
(6.2234218367148513e-06 2.4797598858489913e-06 2.0215468023748404e-27)
(6.2235019140508302e-06 2.6299864767330222e-06 0)
(6.223660757415097e-06 2.7801273099703687e-06 0)
(6.2239109904680163e-06 2.9301628194332462e-06 0)
(6.2242658996482156e-06 3.0800709990138692e-06 0)
(6.2247394214049813e-06 3.2298272768846262e-06 0)
(6.2253461271413805e-06 3.3794043924108402e-06 2.7553089357004305e-27)
(6.226101205567045e-06 3.5287722756987966e-06 2.8771337408068635e-27)
(6.2270204422636272e-06 3.6778979303632864e-06 0)
(6.2281201961864257e-06 3.8267453202924468e-06 0)
(6.2294173728669348e-06 3.9752752606286902e-06 0)
(6.230929394064297e-06 4.1234453138528365e-06 0)
(6.2326741636435443e-06 4.2712096917237308e-06 0)
(6.2346700294155808e-06 4.4185191636228016e-06 0)
(6.2369357407300425e-06 4.5653209721146827e-06 0)
(6.239490401667658e-06 4.7115587568114582e-06 0)
(6.2423534194947598e-06 4.8571724870499382e-06 0)
(6.2455444483947098e-06 5.0020984047441215e-06 0)
(6.2490833282407281e-06 5.1462689778036892e-06 0)
(6.2529900182387829e-06 5.2896128657953204e-06 0)
(6.2572845255213647e-06 5.4320548982347413e-06 0)
(6.2619868285284211e-06 5.5735160669075167e-06 0)
(6.2671167952839946e-06 5.7139135332128258e-06 0)
(6.272694096556498e-06 5.8531606514132325e-06 0)
(6.2787381140870399e-06 5.9911670090047014e-06 0)
(6.285267844096065e-06 6.1278384852209483e-06 0)
(6.2923017962098262e-06 6.2630773283373175e-06 0)
(6.2998578882546335e-06 6.3967822533037555e-06 0)
(6.3079533373217734e-06 6.5288485598807903e-06 0)
(6.3166045474777616e-06 6.6591682725652173e-06 0)
(6.32582699477766e-06 6.7876303028216788e-06 0)
(6.3356351101986898e-06 6.914120634089941e-06 0)
(6.3460421611614731e-06 7.038522530268904e-06 0)
(6.357060132554136e-06 7.1607167679062256e-06 -5.8376432202113519e-27)
(6.3686996080839291e-06 7.2805818919678926e-06 -5.9351916161878986e-27)
(6.3809696528840203e-06 7.3979944955113785e-06 0)
(6.3938776985017163e-06 7.5128295228148258e-06 0)
(6.4074294312094335e-06 7.6249605956583946e-06 0)
(6.4216286848589964e-06 7.7342603619557e-06 0)
(6.4364773395204579e-06 7.8406008658024172e-06 0)
(6.4519752270101104e-06 7.9438539379431639e-06 0)
(6.4681200446147683e-06 8.0438916051534495e-06 0)
(6.4849072781263331e-06 8.1405865167308635e-06 0)
(6.5023301354767467e-06 8.2338123865988647e-06 0)
(6.5203794921772035e-06 8.323444448350222e-06 0)
(6.5390438495558625e-06 8.4093599210413895e-06 0)
(6.5583093068735688e-06 8.4914384831322554e-06 0)
(6.578159548229464e-06 8.5695627515327398e-06 0)
(6.5985758454779199e-06 8.6436187628947647e-06 0)
(6.6195370787341488e-06 8.7134964526912508e-06 0)
(6.6410197661643874e-06 8.7790901210040281e-06 0)
(6.6629980504854828e-06 8.8402988038233167e-06 0)
(6.6854437582838603e-06 8.8970258096752195e-06 0)
(6.7083281406490447e-06 8.9491706704753637e-06 0)
(6.731624443733267e-06 8.9965543103318591e-06 0)
(6.7552614853980787e-06 9.0382852568660618e-06 0)
(6.7788995554442152e-06 9.0677439774856796e-06 0)
(6.8018916985011473e-06 9.0360038423122322e-06 0)
(6.8230158112996409e-06 8.6120788657426124e-06 0)
(6.8161990895220845e-06 5.8254532884456744e-06 0)
(6.6084098338372596e-06 -9.1206554934231167e-06 0)
(5.7449624683845554e-06 -7.303984671306807e-05 0)
(3.8126551042241869e-06 -0.0002637538571884864 0)
(1.1855212475808147e-06 -0.00048891102242268531 0)
(1.1867362337015697e-06 0.00048918865893390027 0)
(3.8198036307299248e-06 0.00026399702936675873 0)
(5.7566151024150961e-06 7.3155924935915334e-05 0)
(6.6251537052562984e-06 9.1672680008971928e-06 0)
(6.8381899188377453e-06 -5.8024582874755022e-06 -4.2926697204783724e-27)
(6.8499944358500534e-06 -8.5950756437925145e-06 -6.9078912313640328e-27)
(6.8337468966402978e-06 -9.0203635860077028e-06 0)
(6.8155776945951484e-06 -9.0525360289958337e-06 0)
(6.7967043632816363e-06 -9.0233741211696195e-06 0)
(6.7777664119835653e-06 -8.9819454303544343e-06 0)
(6.759097216950843e-06 -8.9348902403930063e-06 0)
(6.740761491666211e-06 -8.88310155593983e-06 0)
(6.722779725863165e-06 -8.8267571404284986e-06 0)
(6.7051748024830778e-06 -8.7659556910633131e-06 0)
(6.6879694535468523e-06 -8.7007919999083845e-06 0)
(6.6711845309361198e-06 -8.6313650573397337e-06 0)
(6.6548389600022769e-06 -8.5577785353045001e-06 0)
(6.6389497632012113e-06 -8.4801404323869463e-06 0)
(6.6235320368100175e-06 -8.3985626225446478e-06 -6.844196213223114e-27)
(6.6085989335983364e-06 -8.3131603907520272e-06 -6.7750106616691265e-27)
(6.5941616598489119e-06 -8.2240519658860666e-06 0)
(6.5802294852914075e-06 -8.1313580549702952e-06 0)
(6.5668097649319834e-06 -8.0352013820513801e-06 0)
(6.5539079721133819e-06 -7.9357062340258562e-06 0)
(6.5415277418672369e-06 -7.8329980164953218e-06 0)
(6.5296709238219955e-06 -7.7272028216133207e-06 0)
(6.5183376435872693e-06 -7.6184470101761708e-06 0)
(6.5075263717025613e-06 -7.5068568100252754e-06 0)
(6.4972339993659432e-06 -7.3925579323023582e-06 0)
(6.4874559197030136e-06 -7.2756752068645696e-06 0)
(6.4781861137115543e-06 -7.1563322381808693e-06 0)
(6.4694172399154036e-06 -7.0346510825516141e-06 0)
(6.4611407268864382e-06 -6.9107519474876574e-06 0)
(6.4533468677040372e-06 -6.7847529136274121e-06 0)
(6.4460249155180103e-06 -6.6567696794217972e-06 0)
(6.4391631793487959e-06 -6.5269153291503062e-06 0)
(6.4327491195455318e-06 -6.3953001231759085e-06 0)
(6.4267694423698179e-06 -6.2620313115637454e-06 0)
(6.4212101928568536e-06 -6.1272129696885314e-06 0)
(6.4160568454874805e-06 -5.9909458555654738e-06 0)
(6.4112943923244466e-06 -5.853327288403769e-06 0)
(6.4069074280965904e-06 -5.7144510476781363e-06 0)
(6.4028802320024644e-06 -5.5744072916747471e-06 0)
(6.3991968459512544e-06 -5.4332824949648717e-06 0)
(6.3958411489473466e-06 -5.2911594037134843e-06 0)
(6.3927969275209418e-06 -5.1481170078207337e-06 0)
(6.390047942075548e-06 -5.004230529093562e-06 0)
(6.3875779891201052e-06 -4.859571424328956e-06 0)
(6.3853709593330704e-06 -4.7142074022850775e-06 0)
(6.3834108914794456e-06 -4.5682024536868108e-06 0)
(6.3816820222569606e-06 -4.4216168931844104e-06 0)
(6.3801688322108129e-06 -4.274507412205722e-06 3.4867770263974582e-27)
(6.3788560876458665e-06 -4.1269271419833226e-06 3.366434388135806e-27)
(6.3777288788119487e-06 -3.9789257257124896e-06 0)
(6.3767726545599368e-06 -3.830549399080398e-06 0)
(6.375973253484385e-06 -3.6818410781796186e-06 0)
(6.3753169318217434e-06 -3.532840454217916e-06 0)
(6.3747903882790124e-06 -3.3835840941186111e-06 0)
(6.3743807859832295e-06 -3.2341055463997603e-06 0)
(6.3740757717417306e-06 -3.0844354517382379e-06 0)
(6.3738634928132357e-06 -2.9346016574766058e-06 0)
(6.3737326113981769e-06 -2.784629335737383e-06 0)
(6.3736723170357964e-06 -2.6345411044174271e-06 0)
(6.3736723370977556e-06 -2.484357150686101e-06 0)
(6.3737229455711469e-06 -2.3340953567528669e-06 0)
(6.3738149703083087e-06 -2.1837714272266473e-06 0)
(6.3739397989116775e-06 -2.0333990179800104e-06 0)
(6.3740893834464023e-06 -1.882989866077162e-06 0)
(6.3742562441130901e-06 -1.7325539206995572e-06 0)
(6.3744334720071521e-06 -1.5820994746120352e-06 0)
(6.3746147311491355e-06 -1.4316332961693821e-06 0)
(6.3747942598652179e-06 -1.2811607617625837e-06 0)
(6.3749668717178644e-06 -1.1306859881211171e-06 9.2300455121588231e-28)
(6.3751279559583501e-06 -9.8021196530356353e-07 8.0029549144297078e-28)
(6.3752734777130806e-06 -8.2974068916899057e-07 0)
(6.3753999781792327e-06 -6.7927329443518319e-07 0)
(6.3755045743124095e-06 -5.2881018678957195e-07 0)
(6.3755849585157959e-06 -3.7835117583618338e-07 0)
(6.3756393984281129e-06 -2.2789560737643705e-07 0)
(6.3756667367129936e-06 -7.7442495963260434e-08 0)
(6.3756663909653567e-06 7.3009342702830801e-08 0)
(6.3756383535319817e-06 2.2346115932365223e-07 0)
(6.375583191536028e-06 3.739141389823307e-07 0)
(6.3755020468886021e-06 5.2436926851940507e-07 0)
(6.3753966364799967e-06 6.7482720434147856e-07 0)
(6.3752692523779288e-06 8.2528813999801935e-07 0)
(6.3751227620275781e-06 9.7575167351897557e-07 0)
(6.3749606084316228e-06 1.1262166751148428e-06 0)
(6.3747868103329701e-06 1.2766811541329696e-06 0)
(6.3746059621953421e-06 1.4271421269737376e-06 0)
(6.3744232339150381e-06 1.5775954838501371e-06 0)
(6.3742443703339314e-06 1.7280358564867054e-06 0)
(6.3740756903033752e-06 1.8784564854182015e-06 0)
(6.3739240852490388e-06 2.0288490877833761e-06 0)
(6.3737970171427432e-06 2.1792037251926069e-06 0)
(6.3737025156815528e-06 2.3295086724944627e-06 0)
(6.3736491745996512e-06 2.4797502867151392e-06 0)
(6.3736461469761934e-06 2.6299128772475107e-06 0)
(6.3737031392582537e-06 2.7799785770664156e-06 0)
(6.3738304040424673e-06 2.929927215226283e-06 0)
(6.374038731289633e-06 3.0797361914250153e-06 0)
(6.3743394377865666e-06 3.2293803523603387e-06 0)
(6.3747443547236176e-06 3.3788318708288911e-06 0)
(6.3752658132129248e-06 3.5280601277042376e-06 0)
(6.3759166275087209e-06 3.6770315973979897e-06 0)
(6.3767100757447322e-06 3.8257097374454535e-06 0)
(6.3776598779867747e-06 3.9740548826494721e-06 0)
(6.3787801714057423e-06 4.1220241444437987e-06 0)
(6.380085482388427e-06 4.2695713163808704e-06 3.4806699746837533e-27)
(6.3815906953866805e-06 4.4166467862136042e-06 3.6005871920775553e-27)
(6.3833110183268703e-06 4.5631974554041622e-06 0)
(6.3852619444432148e-06 4.709166667042948e-06 -3.8390802452998846e-27)
(6.3874592103090327e-06 4.8544941428924263e-06 -3.9575597691817536e-27)
(6.3899187500584614e-06 4.9991159305408298e-06 -4.0754587337451572e-27)
(6.3926566455620284e-06 5.1429643613970064e-06 -4.1927214023202712e-27)
(6.3956890725199908e-06 5.2859680209490152e-06 0)
(6.3990322424912299e-06 5.428051731697608e-06 0)
(6.4027023407139803e-06 5.5691365500900536e-06 0)
(6.4067154598344734e-06 5.7091397784827217e-06 0)
(6.4110875295560402e-06 5.8479749929210463e-06 0)
(6.4158342423095956e-06 5.9855520878589933e-06 0)
(6.4209709751907098e-06 6.1217773387787995e-06 0)
(6.4265127082383645e-06 6.2565534834649943e-06 0)
(6.4324739394049184e-06 6.3897798231424383e-06 5.2087292701012543e-27)
(6.4388685966230862e-06 6.5213523437853363e-06 5.3158880956531022e-27)
(6.4457099472034426e-06 6.6511638587231899e-06 0)
(6.4530105051282384e-06 6.7791041730099262e-06 -5.5257663794330809e-27)
(6.4607819367221326e-06 6.9050602699441689e-06 -5.6283021557452263e-27)
(6.4690349653041728e-06 7.0289165203972139e-06 0)
(6.4777792754761311e-06 7.1505549150048338e-06 0)
(6.4870234177341163e-06 7.2698553192550237e-06 0)
(6.4967747142859454e-06 7.3866957513891332e-06 0)
(6.5070391667250023e-06 7.5009526830290814e-06 0)
(6.5178213664791245e-06 7.6125013617312017e-06 0)
(6.5291244090824906e-06 7.7212161549988507e-06 0)
(6.5409498130879056e-06 7.8269709145737936e-06 6.3780268847318475e-27)
(6.5532974446168637e-06 7.929639360068923e-06 6.4613995109877476e-27)
(6.5661654485579439e-06 8.0290954804131069e-06 6.5421297869827348e-27)
(6.5795501873025503e-06 8.1252139513218683e-06 6.6201149423057502e-27)
(6.5934461880265457e-06 8.2178705673442124e-06 0)
(6.6078460995459349e-06 8.3069426857140841e-06 0)
(6.6227406594343902e-06 8.3923096801817839e-06 0)
(6.6381186723169944e-06 8.4738534020014794e-06 0)
(6.6539670000498156e-06 8.5514586451489491e-06 0)
(6.6702705647854764e-06 8.6250136133456951e-06 0)
(6.68701236645162e-06 8.6944103841310797e-06 0)
(6.704173506113939e-06 8.759545359357334e-06 0)
(6.7217331626177752e-06 8.8203196208791987e-06 0)
(6.7396686386060038e-06 8.8766384516092103e-06 0)
(6.7579570843698299e-06 8.9284032708212028e-06 7.2690880532937817e-27)
(6.7765780478936656e-06 8.9754367880243519e-06 7.3067080331372282e-27)
(6.7954670263083539e-06 9.0168492009043571e-06 0)
(6.8142913419859573e-06 9.0460225259705614e-06 0)
(6.8324114544169243e-06 9.0140315937288136e-06 0)
(6.8486131017158546e-06 8.5898920135460223e-06 -6.9010939949922113e-27)
(6.8368302416978317e-06 5.8030910794374924e-06 -4.2904946934406394e-27)
(6.624032674121192e-06 -9.1431399604714745e-06 0)
(5.7555679372652099e-06 -7.3062301979599163e-05 0)
(3.8184819574980228e-06 -0.00026377541723480687 0)
(1.1868225317877721e-06 -0.00048892648127116462 0)
(1.1880298651566565e-06 0.0004892008401743721 0)
(3.8255946561849026e-06 0.00026401394493585239 -8.6597496758240437e-26)
(5.7671537597693788e-06 7.3173495847610298e-05 -2.2407745645554185e-26)
(6.6406775642964786e-06 9.1848313209193762e-06 0)
(6.8586903082158046e-06 -5.7850044299118144e-06 -4.2767446481128484e-27)
(6.8754297729490922e-06 -8.5777640762599883e-06 -6.8920853085495019e-27)
(6.864074296101915e-06 -9.0032221409228321e-06 0)
(6.8507476940953182e-06 -9.0355923901744685e-06 0)
(6.836659807639878e-06 -9.006655330434583e-06 2.444026930608022e-27)
(6.8224428626882244e-06 -8.9654775140150318e-06 2.433174376347937e-27)
(6.8084233222300029e-06 -8.9186980306563342e-06 0)
(6.7946593273321401e-06 -8.8672085750451848e-06 0)
(6.7811651602171558e-06 -8.8111855064824532e-06 0)
(6.767957885971201e-06 -8.7507260370790437e-06 0)
(6.7550548285730737e-06 -8.6859234051819039e-06 0)
(6.7424718582763636e-06 -8.6168749909086636e-06 0)
(6.730223358479096e-06 -8.5436828117457562e-06 0)
(6.7183222593647274e-06 -8.4664531797729369e-06 -4.5983555342478667e-27)
(6.706780021297828e-06 -8.3852962624534686e-06 -1.138642649337905e-26)
(6.695606620953365e-06 -8.3003256299895747e-06 -6.763044292621017e-27)
(6.6848105486904196e-06 -8.2116577995355158e-06 0)
(6.6743988158420232e-06 -8.1194117802332209e-06 0)
(6.6643769711222773e-06 -8.0237086222499942e-06 0)
(6.654749125561434e-06 -7.9246709721027932e-06 0)
(6.6455179852248979e-06 -7.8224226372693274e-06 0)
(6.636684891504995e-06 -7.717088162021697e-06 -4.1932124479984248e-27)
(6.628249867820897e-06 -7.6087924167493357e-06 -4.1345517269865797e-27)
(6.620211671896605e-06 -7.4976602024887631e-06 0)
(6.6125678534176687e-06 -7.3838158726182903e-06 2.006315743312378e-27)
(6.6053148159933902e-06 -7.2673829728755404e-06 1.9747538438932192e-27)
(6.5984478826749151e-06 -7.1484839009776301e-06 0)
(6.5919613643555673e-06 -7.0272395867574233e-06 0)
(6.5858486303642438e-06 -6.9037691936334022e-06 0)
(6.5801021805932032e-06 -6.7781898419017772e-06 0)
(6.5747137185734649e-06 -6.6506163540741858e-06 0)
(6.5696742247259772e-06 -6.5211610229923328e-06 0)
(6.5649740293044079e-06 -6.3899334013417955e-06 1.736698300375308e-27)
(6.5606028847373051e-06 -6.2570401141150229e-06 -1.7006209018132361e-27)
(6.5565500367789794e-06 -6.1225846926367972e-06 -3.3282298317967997e-27)
(6.5528042939766362e-06 -5.9866674298489558e-06 0)
(6.5493540951626222e-06 -5.8493852563858643e-06 1.589926330392244e-27)
(6.5461875746952143e-06 -5.7108316368454155e-06 1.5522959775905935e-27)
(6.543292625135745e-06 -5.5710964853192236e-06 0)
(6.5406569572707477e-06 -5.4302660995804271e-06 1.4760865190293413e-27)
(6.5382681572438779e-06 -5.2884231130085545e-06 1.4375537822484895e-27)
(6.5361137405765976e-06 -5.1456464631639797e-06 0)
(6.534181203126073e-06 -5.0020113763457278e-06 -1.3597406354364976e-27)
(6.5324580688855641e-06 -4.8575893670146858e-06 -1.3205005102909946e-27)
(6.5309319345942152e-06 -4.712448251109533e-06 0)
(6.5295905111711999e-06 -4.566652172410271e-06 0)
(6.528421661999989e-06 -4.4202616409338179e-06 0)
(6.5274134382988707e-06 -4.2733335823504813e-06 4.6469563826232821e-27)
(6.5265541113839935e-06 -4.1259213976263251e-06 2.243358300360076e-27)
(6.5258322019669394e-06 -3.9780750318882384e-06 -1.081500227775237e-27)
(6.5252365068316626e-06 -3.8298410518282772e-06 0)
(6.5247561228296947e-06 -3.6812627306862914e-06 -1.0008356867889176e-27)
(6.5243804683542728e-06 -3.5323801401526737e-06 0)
(6.5240993024485202e-06 -3.3832302483435202e-06 0)
(6.5239027417044553e-06 -3.2338470232123883e-06 0)
(6.5237812750935659e-06 -3.0842615408223001e-06 0)
(6.523725776882689e-06 -2.9345020977397231e-06 0)
(6.5237275177964893e-06 -2.784594327217119e-06 7.571365720281016e-28)
(6.5237781745497565e-06 -2.6345613184081723e-06 7.1635929911399821e-28)
(6.5238698379304192e-06 -2.4844237382797074e-06 6.7555352255891856e-28)
(6.5239950195779327e-06 -2.3341999559442211e-06 6.3472428078903889e-28)
(6.5241466575431659e-06 -2.1839061687176134e-06 0)
(6.5243181208173707e-06 -2.0335565298694222e-06 -5.5301260655047052e-28)
(6.5245032129622864e-06 -1.883163277589966e-06 -5.1213740793838238e-28)
(6.5246961749166915e-06 -1.7327368650174207e-06 0)
(6.5248916871378385e-06 -1.5822860909985606e-06 0)
(6.5250848711663906e-06 -1.4318182315181565e-06 0)
(6.5252712906451425e-06 -1.2813391715737234e-06 0)
(6.5254469520411915e-06 -1.1308535372388721e-06 9.2300890859538864e-28)
(6.5256083049770731e-06 -9.8036482776004855e-07 8.003075557081573e-28)
(6.5257522422518428e-06 -8.2987554866395558e-07 0)
(6.5258761001127432e-06 -6.7938734430716204e-07 1.8496864979819415e-28)
(6.5259776581547664e-06 -5.2890112976489902e-07 1.4406925122527957e-28)
(6.5260551389332751e-06 -3.7841722393949062e-07 0)
(6.5261072077122671e-06 -2.2793548153067533e-07 0)
(6.5261329723072526e-06 -7.7455425886318555e-08 0)
(6.5261319830092231e-06 7.3023618777865213e-08 0)
(6.5261042325171824e-06 2.2350239459687395e-07 0)
(6.5260501559824496e-06 3.7398157799771229e-07 0)
(6.525970630946701e-06 5.2446164719780138e-07 1.4221293682664068e-28)
(6.5258669775173131e-06 6.7494274966615377e-07 1.8311035360912539e-28)
(6.5257409585047382e-06 8.2542456992529714e-07 0)
(6.5255947795551476e-06 9.7590619681850009e-07 0)
(6.5254310893444178e-06 1.1263859911569322e-06 0)
(6.5252529796862303e-06 1.2768614529349064e-06 0)
(6.5250639855510251e-06 1.4273290891591599e-06 0)
(6.5248680848473191e-06 1.5777842811084613e-06 0)
(6.5246696980170198e-06 1.7282211522035127e-06 0)
(6.5244736873735042e-06 1.8786324356119241e-06 -5.1024571680723159e-28)
(6.524285355953759e-06 2.02900934280217e-06 -5.5111459304944469e-28)
(6.524110445963309e-06 2.1793414317958248e-06 -5.9197121576109308e-28)
(6.5239551366457081e-06 2.3296164767026356e-06 -6.3281223627502733e-28)
(6.5238260414430525e-06 2.4798203374878337e-06 0)
(6.5237302043536928e-06 2.6299368313551053e-06 0)
(6.523675095337473e-06 2.7799476047445955e-06 0)
(6.5236686047966937e-06 2.9298320074405334e-06 0)
(6.5237190367679623e-06 3.0795669683176265e-06 0)
(6.523835100812734e-06 3.2291268734421161e-06 0)
(6.5240259024801964e-06 3.3784834468914325e-06 0)
(6.5243009321295587e-06 3.5276056346718803e-06 0)
(6.5246700519997524e-06 3.6764594922763791e-06 0)
(6.5251434814026143e-06 3.8250080765500927e-06 1.0392068564653082e-27)
(6.5257317798279817e-06 3.9732113423174241e-06 1.0794801536251287e-27)
(6.5264458278028375e-06 4.121026044379154e-06 0)
(6.5272968054314789e-06 4.2684056457562942e-06 3.4790829573825379e-27)
(6.5282961684386872e-06 4.4153002327678386e-06 3.5988261420349193e-27)
(6.5294556215563395e-06 4.5616564376268088e-06 0)
(6.530787089143148e-06 4.7074173696236092e-06 -3.8369365973656809e-27)
(6.5323026829377988e-06 4.8525225555544613e-06 -3.9552072229073497e-27)
(6.5340146668506185e-06 4.9969078902600849e-06 -4.0728853931332761e-27)
(6.5359354186414952e-06 5.1405055983168474e-06 -4.1899152986777337e-27)
(6.5380773885267934e-06 5.2832442078127836e-06 0)
(6.5404530546431992e-06 5.425048536981477e-06 0)
(6.5430748752991861e-06 5.5658396947565075e-06 0)
(6.5459552380797618e-06 5.7055350963636144e-06 0)
(6.5491064058756567e-06 5.8440484946081945e-06 0)
(6.5525404598768585e-06 5.9812900280766409e-06 0)
(6.5562692396599565e-06 6.117166286872712e-06 0)
(6.5603042805647355e-06 6.2515803970966477e-06 0)
(6.5646567485672946e-06 6.3844321246055984e-06 5.2033013348316742e-27)
(6.569337372894236e-06 6.5156179988366943e-06 5.3101146326180232e-27)
(6.5743563766568624e-06 6.6450314574719811e-06 0)
(6.5797234059205537e-06 6.7725630124341555e-06 -5.5192746137180108e-27)
(6.5854474575240366e-06 6.898100437541381e-06 -5.62143893820627e-27)
(6.591536806184866e-06 7.0215289784537576e-06 0)
(6.5979989313613568e-06 7.1427315848520207e-06 0)
(6.6048404443870445e-06 7.2615891647985261e-06 0)
(6.612067016586846e-06 7.3779808613822374e-06 0)
(6.6196833088176938e-06 7.4917843511467185e-06 0)
(6.6276929031820361e-06 7.6028761637262881e-06 0)
(6.6360982377036363e-06 7.7111320221976747e-06 0)
(6.6449005445851939e-06 7.8164272027525477e-06 6.3680121277173171e-27)
(6.6540997928034773e-06 7.9186369129276221e-06 6.4509844379545716e-27)
(6.6636946358146352e-06 8.0176366867452276e-06 6.5313171084553601e-27)
(6.6736823650241112e-06 8.1133027951054615e-06 6.6089087406833928e-27)
(6.6840588698319946e-06 8.2055126698458223e-06 0)
(6.6948186049811276e-06 8.2941453388253886e-06 0)
(6.7059545657643194e-06 8.3790818703058861e-06 0)
(6.7174582717818542e-06 8.4602058237654615e-06 2.2966265703550876e-27)
(6.7293197597209177e-06 8.5374037043115333e-06 2.3174310336927315e-27)
(6.7415275860639032e-06 8.6105654184461457e-06 0)
(6.754068841117864e-06 8.6795847263815661e-06 0)
(6.7669291656971668e-06 8.7443596805877104e-06 0)
(6.7800927177372196e-06 8.8047929693117371e-06 0)
(6.7935422050587671e-06 8.8607914252935118e-06 2.4043164617421688e-27)
(6.8072605926412152e-06 8.9122579490639934e-06 9.6723094526258129e-27)
(6.8212336324999079e-06 8.9590166511919678e-06 7.2916182875591551e-27)
(6.8354033905100735e-06 9.0001790399880696e-06 0)
(6.8494440989553249e-06 9.0291283492421226e-06 0)
(6.8627234977668566e-06 8.9969405654007074e-06 0)
(6.8740350204272851e-06 8.5726325871648373e-06 -6.8852967587131892e-27)
(6.8573192401509666e-06 5.7856941612713231e-06 -4.2745823696735227e-27)
(6.6395473387318561e-06 -9.1606330681375871e-06 0)
(5.7660996222832557e-06 -7.3079777552210467e-05 0)
(3.8242679557646589e-06 -0.00026379222250279868 0)
(1.1881145052876851e-06 -0.00048893859813144537 0)
(1.1893162962251604e-06 0.0004892096972719999 0)
(3.8313542702740971e-06 0.00026402613178400178 1.7320303685747389e-25)
(5.7776358204237565e-06 7.3186114872526978e-05 1.1205876186530155e-25)
(6.6561185466258284e-06 9.1974312280236521e-06 9.2912707439629816e-27)
(6.8790818865589567e-06 -5.772488301863822e-06 0)
(6.9007309606960073e-06 -8.565353003817746e-06 6.8802941328588033e-27)
(6.8942428829692186e-06 -8.9909357764521749e-06 7.3007214426280833e-27)
(6.8857350018141175e-06 -9.0234508095655095e-06 0)
(6.8764095760030781e-06 -8.9946782604115724e-06 2.4402208561277683e-27)
(6.8668916507081054e-06 -8.9536839601285548e-06 2.4294212852436891e-27)
(6.8575008693106515e-06 -8.9071061261264123e-06 0)
(6.8482888849128424e-06 -8.8558354919166168e-06 0)
(6.8392638469581419e-06 -8.8000473858061406e-06 0)
(6.8304370673485792e-06 -8.7398379293783887e-06 0)
(6.8218205162786458e-06 -8.6752992199207752e-06 0)
(6.8134251260473523e-06 -8.606527454941818e-06 0)
(6.8052607712554406e-06 -8.5336234367645893e-06 0)
(6.7973363124775958e-06 -8.4566922386757035e-06 -4.5920364971810894e-27)
(6.7896595865540867e-06 -8.3758427745641424e-06 -4.5484325528287793e-27)
(6.7822373964839749e-06 -8.291187354848528e-06 0)
(6.7750755095428767e-06 -8.2028412390201931e-06 6.6825505789888909e-27)
(6.7681786624653961e-06 -8.1109221886212158e-06 6.6080487315123135e-27)
(6.7615505729357305e-06 -8.0155500237600719e-06 0)
(6.7551939570049121e-06 -7.9168461856406359e-06 0)
(6.7491105519256683e-06 -7.8149333072514173e-06 0)
(6.7433011443435254e-06 -7.7099347950147686e-06 -4.1884380784658462e-27)
(6.7377656031178663e-06 -7.6019744235802721e-06 -3.5756919122908032e-41)
(6.7325029158287353e-06 -7.4911759451577817e-06 4.0699610542368288e-27)
(6.7275112289757091e-06 -7.3776627150492059e-06 2.0042278702904194e-27)
(6.722787891336885e-06 -7.261557335023257e-06 1.9727644089466401e-27)
(6.7183294997972351e-06 -7.1429813156852727e-06 -5.8218702103972142e-27)
(6.7141319471851459e-06 -7.022054758833353e-06 -1.9078377383484296e-27)
(6.7101904716728834e-06 -6.8988960604602835e-06 3.7488796795907655e-27)
(6.706499707153999e-06 -6.7736216350289631e-06 0)
(6.7030537343271516e-06 -6.646345661326093e-06 0)
(6.6998461320687789e-06 -6.5171798504836385e-06 0)
(6.6968700284273352e-06 -6.3862332355396035e-06 1.7353542786745782e-27)
(6.6941181510865433e-06 -6.2536119827060615e-06 -1.6993605472967542e-27)
(6.6915828771322024e-06 -6.1194192241460883e-06 -3.3258713046717093e-27)
(6.6892562817146127e-06 -5.9837549117786687e-06 0)
(6.687130185271145e-06 -5.846715691615564e-06 1.5889011172271907e-27)
(6.6851961991104957e-06 -5.7083947980306332e-06 6.2053742508172163e-27)
(6.6834457692175983e-06 -5.5688819669891331e-06 4.540376885820214e-27)
(6.6818702182286147e-06 -5.4282633679116692e-06 1.4752709583527051e-27)
(6.6804607853646496e-06 -5.2866215529380252e-06 1.436802204848081e-27)
(6.6792086641910775e-06 -5.1440354230240071e-06 0)
(6.6781050382311319e-06 -5.0005802098020018e-06 2.7182161077305149e-27)
(6.6771411143483176e-06 -4.8563274723056393e-06 2.6398458887523748e-27)
(6.6763081538986251e-06 -4.7113451076222867e-06 0)
(6.6755975016156077e-06 -4.5656973745732551e-06 0)
(6.6750006122967204e-06 -4.4194449294132363e-06 0)
(6.6745090755023356e-06 -4.2726448725898201e-06 1.1613522422881167e-27)
(6.6741146380951626e-06 -4.1253508060372042e-06 -1.1213328432118104e-27)
(6.6738092246116391e-06 -3.9776128996979621e-06 -1.0811917245858655e-27)
(6.6735849557672591e-06 -3.8294779665239367e-06 0)
(6.6734341651535489e-06 -3.6809895452737488e-06 -1.0005948373056206e-27)
(6.6733494141580606e-06 -3.5321879903286362e-06 0)
(6.6733235052153337e-06 -3.3831105677389682e-06 0)
(6.6733494935050518e-06 -3.2337915568208805e-06 2.6372376703061959e-27)
(6.6734206972050645e-06 -3.0842623567323355e-06 2.5153413418219445e-27)
(6.6735307063931028e-06 -2.9345515973053756e-06 0)
(6.6736733907275026e-06 -2.7846852537986207e-06 7.570408823430019e-28)
(6.6738429059798702e-06 -2.6346867647728111e-06 2.8651212989014975e-27)
(6.6740336995621659e-06 -2.4845771528784367e-06 2.7019575505181121e-27)
(6.6742405151380936e-06 -2.3343751480868532e-06 6.3467321180884638e-28)
(6.6744583963857486e-06 -2.1840973127918305e-06 1.7815090281030546e-27)
(6.6746826900436911e-06 -2.0337581687549755e-06 -5.5298276525929304e-28)
(6.6749090483164702e-06 -1.8833703253234695e-06 -2.0484637566266428e-27)
(6.6751334307217392e-06 -1.7329446088195219e-06 0)
(6.6753521054813246e-06 -1.5824901927683026e-06 0)
(6.6755616505274759e-06 -1.4320147288811602e-06 0)
(6.6757589541105756e-06 -1.2815244786160788e-06 0)
(6.6759412155211192e-06 -1.1310244449607063e-06 0)
(6.6761059445002321e-06 -9.8051850731661952e-07 0)
(6.6762509611524238e-06 -8.3000954361009273e-07 0)
(6.6763743971169917e-06 -6.7949957654267036e-07 1.84974536269403e-28)
(6.6764746947379083e-06 -5.2898989813177188e-07 1.4407522511237074e-28)
(6.6765506067886668e-06 -3.784812042854759e-07 0)
(6.6766011964752654e-06 -2.27973726229958e-07 0)
(6.6766258369717449e-06 -7.7467363763165047e-08 0)
(6.6766242114047932e-06 7.3038182787982357e-08 0)
(6.6765963127611768e-06 2.2354327945090363e-07 0)
(6.6765424441089265e-06 3.7404822650903267e-07 3.0394021551069996e-28)
(6.6764632185445843e-06 5.2455312592804607e-07 5.6884342951962275e-28)
(6.6763595592321096e-06 6.7505774872981179e-07 1.8310817268234301e-28)
(6.676232699538147e-06 8.2556140290245393e-07 0)
(6.676084183205454e-06 9.7606280055650129e-07 0)
(6.6759158645176064e-06 1.1265599256447646e-06 0)
(6.6757299083647247e-06 1.2770499013361896e-06 0)
(6.6755287904053742e-06 1.427528857687578e-06 7.7515942178677327e-28)
(6.6753152969630077e-06 1.5779917994148621e-06 8.5693061927655288e-28)
(6.6750925248267171e-06 1.7284324736096488e-06 0)
(6.6748638808833458e-06 1.878843237947571e-06 -5.10215982583953e-28)
(6.6746330813987912e-06 2.0292149294940187e-06 5.5107645166560932e-28)
(6.6744041510144541e-06 2.179536733385969e-06 5.9192320705761206e-28)
(6.674181421357967e-06 2.3297960529136917e-06 -6.3275279449233949e-28)
(6.6739695292309027e-06 2.4799783799039197e-06 0)
(6.6737734141651865e-06 2.6300671668295097e-06 0)
(6.673598315281812e-06 2.780043699747185e-06 0)
(6.6734497675698644e-06 2.9298869731497929e-06 0)
(6.6733335972926651e-06 3.0795735669020339e-06 4.1824180945212366e-27)
(6.6732559163903779e-06 3.2290775255311462e-06 4.3855291523067236e-27)
(6.6732231159644554e-06 3.3783702402859449e-06 0)
(6.6732418585841587e-06 3.5274203345593596e-06 0)
(6.673319069369993e-06 3.6761935529372241e-06 0)
(6.6734619257540554e-06 3.8246526547767686e-06 1.0389247708226096e-27)
(6.6736778457820276e-06 3.9727573126584288e-06 1.0791629190905946e-27)
(6.6739744748480997e-06 4.1204640163691104e-06 0)
(6.6743596707910301e-06 4.2677259831205173e-06 0)
(6.6748414872538984e-06 4.4144930748783773e-06 0)
(6.6754281551782041e-06 4.560711723232838e-06 -3.7166707879433513e-27)
(6.6761280623486344e-06 4.7063248630160151e-06 -3.8353337784659816e-27)
(6.6769497308992459e-06 4.8512718751704529e-06 0)
(6.6779017927888077e-06 4.995488539870361e-06 0)
(6.6789929631084015e-06 5.1389070008855916e-06 0)
(6.6802320111676441e-06 5.2814557419473721e-06 0)
(6.6816277294072083e-06 5.4230595761258129e-06 0)
(6.6831889000704331e-06 5.5636396490695911e-06 0)
(6.6849242596553911e-06 5.7031134572623613e-06 0)
(6.6868424612009466e-06 5.8413948818651968e-06 0)
(6.6889520344973592e-06 5.9783942394927692e-06 0)
(6.6912613441842519e-06 6.1140183502793075e-06 4.9820840529179912e-27)
(6.6937785459666829e-06 6.2481706246556873e-06 5.0913116750699534e-27)
(6.696511541143952e-06 6.3807511690551352e-06 0)
(6.6994679294872481e-06 6.5116569115806495e-06 0)
(6.7026549607583828e-06 6.6407817481556748e-06 0)
(6.7060794851168533e-06 6.7680167097079889e-06 0)
(6.7097479026845422e-06 6.8932501507107432e-06 0)
(6.7136661125690152e-06 7.0163679594163919e-06 0)
(6.7178394617489806e-06 7.1372537901639921e-06 0)
(6.7222726941975504e-06 7.2557893171036795e-06 0)
(6.7269699005780795e-06 7.3718545098856049e-06 0)
(6.7319344690407629e-06 7.4853279304953978e-06 0)
(6.7371690375341287e-06 7.5960870507003051e-06 0)
(6.7426754481080676e-06 7.7040085896769987e-06 0)
(6.7484547037997333e-06 7.8089688703049133e-06 0)
(6.7545069285636615e-06 7.9108441933783004e-06 0)
(6.7608313307014818e-06 8.0095112280719713e-06 0)
(6.7674261703688105e-06 8.1048474171852659e-06 6.6005434433930976e-27)
(6.7742887316996107e-06 8.1967313952382825e-06 -5.2744640653397332e-41)
(6.7814152999734531e-06 8.2850434171711944e-06 -6.7465302715282585e-27)
(6.7888011442984072e-06 8.3696657957275668e-06 0)
(6.7964405062670212e-06 8.450483344801424e-06 2.2934644160650117e-27)
(6.8043265948717755e-06 8.527383825936937e-06 9.2567262942132063e-27)
(6.8124515884591644e-06 8.6002583957960649e-06 7.0013902021796187e-27)
(6.8208066449822134e-06 8.6690020498805031e-06 0)
(6.829381911816502e-06 8.7335140522751316e-06 0)
(6.8381664822805799e-06 8.7936982702410402e-06 0)
(6.8471484151469111e-06 8.8494626739768062e-06 2.4006849886512778e-27)
(6.8563164254340109e-06 8.9007112509820078e-06 2.4143827340227844e-27)
(6.8656623944301444e-06 8.9472691400123101e-06 7.2803603325275495e-27)
(6.8751348724043057e-06 8.9882488114765364e-06 7.3127408097875856e-27)
(6.8844149079512007e-06 9.0170343949437669e-06 0)
(6.8928774189445346e-06 8.9847027379205289e-06 0)
(6.8993234228837143e-06 8.5602717318417679e-06 0)
(6.8776999961266973e-06 5.7732329869077687e-06 0)
(6.6549796129820686e-06 -9.1731648844314428e-06 0)
(5.7765750821245451e-06 -7.3092303696309783e-05 0)
(3.8300227702456234e-06 -0.00026380430212485326 0)
(1.1893993337403689e-06 -0.00048894739378987624 0)
(6.8266232063183011e-06 -9.8067545556674572e-07 0)
(6.8267711729826256e-06 -8.3014474730755259e-07 0)
(6.8268957455997933e-06 -6.7961169100920574e-07 0)
(6.82699603048421e-06 -5.2907781611404488e-07 0)
(6.8270713108850467e-06 -3.7854406505413983e-07 0)
(6.8271210482490238e-06 -2.2801091328194407e-07 0)
(6.8271448812620168e-06 -7.7478504986811915e-08 0)
(6.8271426261655192e-06 7.3053215671351496e-08 0)
(6.8271142762572345e-06 2.235843711468078e-07 0)
(6.8270600024318612e-06 3.7411501806450521e-07 3.0393347903220049e-28)
(6.8269801531595271e-06 5.2464501465331201e-07 4.2662689332516546e-28)
(6.8268752545352325e-06 6.751738880218642e-07 0)
(6.8267460103345103e-06 8.257007021109504e-07 0)
(6.8265933022655512e-06 9.7622392478021606e-07 0)
(6.8264181900718797e-06 1.1267412955631e-06 0)
(6.8262219117384301e-06 1.2772496931134399e-06 0)
(6.8260058836612877e-06 1.4277450029544332e-06 7.751441390971877e-28)
(6.8257717007505095e-06 1.5782219852591317e-06 8.569094550052648e-28)
(6.8255211365619815e-06 1.7286741426076621e-06 0)
(6.825256143259804e-06 1.8790935886472922e-06 0)
(6.8249788513585189e-06 2.0294709168404597e-06 1.1021044289615977e-27)
(6.824691569327099e-06 2.1797950695964176e-06 1.1837851411012141e-27)
(6.8243967831224311e-06 2.3300532086889029e-06 0)
(6.8240971553568554e-06 2.4802305859816543e-06 0)
(6.8237955241471526e-06 2.6303104159287401e-06 0)
(6.823494901589197e-06 2.7802737492533288e-06 0)
(6.8231984719098932e-06 2.9300993481772381e-06 0)
(6.8229095891515277e-06 3.0797635641983714e-06 4.1819516291538433e-27)
(6.8226317742362951e-06 3.2292402180585019e-06 4.384987135054831e-27)
(6.8223687115293903e-06 3.3785004826563677e-06 0)
(6.822124244749269e-06 3.5275127694402434e-06 0)
(6.8219023721808877e-06 3.676242618410411e-06 0)
(6.8217072411096363e-06 3.8246525928371709e-06 0)
(6.8215431414046492e-06 3.9727021788640492e-06 0)
(6.8214144982590171e-06 4.1203476907752547e-06 0)
(6.8213258639393177e-06 4.2675421825385056e-06 0)
(6.8212819085396331e-06 4.4142353665415732e-06 0)
(6.8212874096804866e-06 4.5603735399952377e-06 -3.7157149647619313e-27)
(6.8213472410490652e-06 4.7058995200951558e-06 -3.8342805751317621e-27)
(6.8214663597630482e-06 4.8507525885343767e-06 0)
(6.8216497925503472e-06 4.9948684462459304e-06 0)
(6.8219026207058881e-06 5.1381791795558266e-06 0)
(6.822229963744542e-06 5.2806132381991347e-06 0)
(6.8226369617402808e-06 5.4220954265155181e-06 0)
(6.8231287563950202e-06 5.5625469084400235e-06 0)
(6.8237104708220527e-06 5.7018852274905382e-06 0)
(6.8243871880401815e-06 5.8400243423085279e-06 0)
(6.8251639282288674e-06 5.9768746790314491e-06 0)
(6.8260456248006874e-06 6.1123432010365794e-06 4.9797343907918242e-27)
(6.8270370993390775e-06 6.2463334970724176e-06 5.0888012400232074e-27)
(6.828143035503048e-06 6.3787458883207341e-06 0)
(6.8293679520021133e-06 6.509477555256973e-06 0)
(6.8307161747626389e-06 6.6384226847618616e-06 0)
(6.8321918083977026e-06 6.7654726380943882e-06 0)
(6.8337987071670969e-06 6.8905161400484749e-06 0)
(6.8355404455833508e-06 7.0134394894012336e-06 0)
(6.8374202889645392e-06 7.1341267912206456e-06 0)
(6.8394411640485112e-06 7.2524602103149945e-06 0)
(6.8416056299275424e-06 7.3683202462074106e-06 0)
(6.8439158496020939e-06 7.4815860289882353e-06 0)
(6.8463735623642926e-06 7.5921356354070496e-06 0)
(6.8489800573070248e-06 7.6998464246317411e-06 0)
(6.851736148260501e-06 7.8045953924634626e-06 0)
(6.8546421505269089e-06 7.9062595429153275e-06 0)
(6.857697859595739e-06 8.0047162756679808e-06 0)
(6.8609025321578278e-06 8.099843787939515e-06 6.5950149249029487e-27)
(6.8642548697670715e-06 8.191521488786622e-06 0)
(6.86775300543258e-06 8.2796304236158271e-06 -6.7406225363082874e-27)
(6.8713944933253151e-06 8.3640537071133855e-06 0)
(6.8751763019374073e-06 8.4446769616882045e-06 0)
(6.8790948108486359e-06 8.5213887588684251e-06 6.9361010868768193e-27)
(6.8831458116131202e-06 8.5940810614252768e-06 6.9947795774560035e-27)
(6.8873245140015135e-06 8.6626496615514459e-06 0)
(6.8916255488169524e-06 8.7269946048563731e-06 0)
(6.8960429143387955e-06 8.7870205191673257e-06 0)
(6.9005699825462662e-06 8.8426361086131942e-06 0)
(6.9052011734703713e-06 8.8937460621081438e-06 0)
(6.9099344456143649e-06 8.9401761820718637e-06 7.2729179810730516e-27)
(6.9147247748689443e-06 8.9810395604218034e-06 7.3051940167587212e-27)
(6.9192599610055149e-06 9.0097209086428992e-06 0)
(6.9229220284109873e-06 8.9772976474645053e-06 0)
(6.9245195009561896e-06 8.5527883711973603e-06 0)
(6.8980058795687696e-06 5.765685972837437e-06 0)
(6.6703548683758699e-06 -9.1807573733994104e-06 0)
(5.7870115923620468e-06 -7.3099902521329995e-05 0)
(3.8357559149189915e-06 -0.00026381167740334389 0)
(1.1906791468144868e-06 -0.00048895288351056979 0)
(6.9774413282907926e-06 -6.7972478809693049e-07 0)
(6.977542320746252e-06 -5.2916573902441792e-07 0)
(6.9776175096784164e-06 -3.7860642105798577e-07 1.0318667047880739e-28)
(6.9776667565938991e-06 -2.2804741471438441e-07 6.2287000950935659e-29)
(6.9776899659041289e-06 -7.7488978277184663e-08 0)
(6.9776870874990544e-06 7.3068832432376574e-08 0)
(6.9776581151388269e-06 2.2362602851508237e-07 0)
(6.9776030875608703e-06 3.7418255537840782e-07 0)
(6.9775220884885417e-06 5.2473816000316035e-07 0)
(6.9774152467306937e-06 6.7529225825886131e-07 0)
(6.9772827363002623e-06 8.2584380249013166e-07 0)
(6.977124776650649e-06 9.7639114884523804e-07 0)
(6.9769416328282774e-06 1.1269319248148353e-06 0)
(6.9767336157714481e-06 1.2774628968359018e-06 0)
(6.9765010825206986e-06 1.4279798380452884e-06 0)
(6.9762444365695645e-06 1.5784773960194294e-06 0)
(6.9759641282462682e-06 1.7289489606238091e-06 0)
(6.9756606551199179e-06 1.8793865325577551e-06 0)
(6.9753345623264945e-06 2.029780592296677e-06 0)
(6.9749864428181329e-06 2.180119969388664e-06 0)
(6.9746169376837276e-06 2.3303917128730616e-06 0)
(6.9742267364746667e-06 2.4805809623746429e-06 0)
(6.9738165774128679e-06 2.6306708205742867e-06 0)
(6.9733872474659664e-06 2.7806422271946135e-06 0)
(6.9729395824852766e-06 2.9304738346467354e-06 0)
(6.9724744671679035e-06 3.0801418858580382e-06 0)
(6.9719928348744213e-06 3.2296200947428981e-06 0)
(6.9714956673491958e-06 3.3788795293902189e-06 -9.1748848755320088e-28)
(6.970983994293275e-06 3.5278884989812967e-06 -9.5795923955696311e-28)
(6.9704588927362088e-06 3.6766124441312074e-06 0)
(6.969921486205858e-06 3.8250138322586009e-06 0)
(6.9693729437141719e-06 3.9730520576009362e-06 0)
(6.9688144785089214e-06 4.1206833471132975e-06 0)
(6.9682473465448557e-06 4.2678606726589399e-06 0)
(6.9676728447006898e-06 4.4145336703518594e-06 0)
(6.9670923087262768e-06 4.5606485676947615e-06 0)
(6.9665071108441199e-06 4.7061481194553678e-06 -1.2779276062515827e-27)
(6.9659186570066279e-06 4.8509715529795258e-06 -1.3172479484838373e-27)
(6.9653283837959681e-06 4.9950545236927249e-06 0)
(6.9647377550480575e-06 5.138329082098193e-06 0)
(6.9641482581107744e-06 5.2807236525615396e-06 -1.4339131369937774e-27)
(6.9635613996328428e-06 5.422163025374865e-06 -1.4723041514661378e-27)
(6.9629787010088784e-06 5.5625683625880087e-06 0)
(6.9624016934487476e-06 5.7018572188341589e-06 0)
(6.9618319126687187e-06 5.8399435776988028e-06 0)
(6.9612708931799029e-06 5.9767379048552315e-06 0)
(6.960720162202331e-06 6.1121472186002163e-06 0)
(6.9601812332485143e-06 6.2460751787037842e-06 0)
(6.9596555993449771e-06 6.3784221941000876e-06 0)
(6.9591447259405635e-06 6.5090855503602054e-06 0)
(6.9586500435784338e-06 6.637959557283842e-06 0)
(6.9581729403336609e-06 6.7649357172468645e-06 0)
(6.9577147539300328e-06 6.8899029146942317e-06 0)
(6.9572767636915617e-06 7.0127476268721843e-06 0)
(6.9568601825786463e-06 7.1333541560250174e-06 0)
(6.9564661490985965e-06 7.2516048827687297e-06 0)
(6.9560957191947028e-06 7.3673805408986546e-06 0)
(6.9557498582189914e-06 7.4805605126989842e-06 0)
(6.9554294331741261e-06 7.5910231444848551e-06 0)
(6.9551352051656799e-06 7.6986460815198081e-06 0)
(6.954867822062985e-06 7.8033066213223245e-06 0)
(6.9546278117286555e-06 7.9048820840720488e-06 0)
(6.9544155756981611e-06 8.0032501986882186e-06 0)
(6.9542313834429214e-06 8.0982895031353954e-06 0)
(6.9540753673239733e-06 8.189879757005683e-06 0)
(6.9539475182714548e-06 8.277902364090002e-06 0)
(6.9538476823016252e-06 8.3622408032832064e-06 0)
(6.9537755579643034e-06 8.4427810647282465e-06 0)
(6.9537306947441394e-06 8.5194120888537405e-06 0)
(6.9537124927469848e-06 8.5920262060270928e-06 0)
(6.9537202047992408e-06 8.6605195721734747e-06 0)
(6.9537529321940241e-06 8.7247925900936288e-06 0)
(6.9538095609500967e-06 8.7847502356126794e-06 0)
(6.9538887547866743e-06 8.8403015488689914e-06 0)
(6.9539906132493762e-06 8.891351540310657e-06 0)
(6.954119142434994e-06 8.9377263169022207e-06 0)
(6.9542357103172888e-06 8.9785392567793074e-06 0)
(6.9540348305989228e-06 9.0071753442392405e-06 0)
(6.9529055934313653e-06 8.9747122899081259e-06 0)
(6.9496639844914455e-06 8.5501691058785222e-06 0)
(6.9182698835493936e-06 5.7630393932540622e-06 0)
(6.6856981881911474e-06 -9.183424504271917e-06 0)
(5.7974262311997318e-06 -7.3102588091854815e-05 0)
(3.8414767938637021e-06 -0.00026381436191803473 0)
(1.1919560488844913e-06 -0.00048895507711221137 0)
(7.1281896352473044e-06 -3.7866855391704174e-07 1.031916333888083e-28)
(7.1282384910947573e-06 -2.2808340110194411e-07 6.2291281693604307e-29)
(7.1282611284305117e-06 -7.7498843960649974e-08 0)
(7.1282576329612092e-06 7.3085083079777804e-08 0)
(7.1282279991804564e-06 2.2366841237365543e-07 0)
(7.1281721338698633e-06 3.7425111048200797e-07 0)
(7.1280898560098332e-06 5.2483294544882795e-07 0)
(7.127980897022752e-06 6.754133542992241e-07 0)
(7.1278449009199265e-06 8.2599131035491712e-07 0)
(7.1276814245615023e-06 9.765651906855921e-07 0)
(7.1274899380648587e-06 1.1271326434080045e-06 0)
(7.1272698249962973e-06 1.2776904550872743e-06 0)
(7.1270203827867794e-06 1.4282344185075721e-06 0)
(7.1267408232653283e-06 1.578759200302718e-06 0)
(7.126430273117686e-06 1.7292582091776531e-06 0)
(7.1260877749415823e-06 1.8797234640183427e-06 0)
(7.125712288175423e-06 2.0301454629437084e-06 0)
(7.1253026898962406e-06 2.1805130523879225e-06 0)
(7.1248577760741572e-06 2.3308132973360591e-06 0)
(7.1243762630311555e-06 2.4810313526490884e-06 0)
(7.1238567889392723e-06 2.6311503352769927e-06 0)
(7.1232979156130132e-06 2.781151198065728e-06 0)
(7.122698130554739e-06 2.9310126055615543e-06 0)
(7.1220558492414326e-06 3.0807108116504306e-06 0)
(7.1213694177783085e-06 3.2302195400062081e-06 0)
(7.1206371157520273e-06 3.379509867058751e-06 -9.1750117030092909e-28)
(7.1198571594477098e-06 3.5285501089324946e-06 -9.5797271189509411e-28)
(7.1190277054469682e-06 3.6773057116117179e-06 0)
(7.1181468545724702e-06 3.8257391463072332e-06 0)
(7.1172126562498091e-06 3.9738098092911467e-06 0)
(7.1162231132981141e-06 4.1214739277521663e-06 0)
(7.1151761871580947e-06 4.2686844718821852e-06 0)
(7.1140698035691469e-06 4.4153910741393544e-06 0)
(7.1129018587781809e-06 4.5615399563078058e-06 0)
(7.1116702262815777e-06 4.7070738652764654e-06 -1.2779478009168886e-27)
(7.1103727639502152e-06 4.851932018060562e-06 -1.3172690360155515e-27)
(7.1090073216524015e-06 4.9960500574602056e-06 0)
(7.1075717495658378e-06 5.1393600189015801e-06 0)
(7.1060639070140727e-06 5.2817903092036829e-06 -1.4339369705984875e-27)
(7.1044816717590673e-06 5.4232656984822939e-06 -1.4723289219843535e-27)
(7.1028229498301585e-06 5.5637073259234158e-06 0)
(7.101085685864731e-06 5.7030327205538109e-06 0)
(7.0992678739751439e-06 5.8411558375348631e-06 0)
(7.0973675690778792e-06 5.9779871113565887e-06 0)
(7.0953828986294347e-06 6.1134335261941811e-06 0)
(7.0933120748338454e-06 6.2473987048627328e-06 0)
(7.0911534071714844e-06 6.3797830164295199e-06 0)
(7.0889053151862226e-06 6.5104837037431778e-06 0)
(7.0865663416157911e-06 6.6393950311298838e-06 0)
(7.0841351657520298e-06 6.7664084527261663e-06 0)
(7.0816106167504124e-06 6.8914128018604355e-06 0)
(7.0789916868659269e-06 7.014294502008509e-06 0)
(7.0762775447833718e-06 7.1349377990990974e-06 0)
(7.0734675488366989e-06 7.2532250150440805e-06 0)
(7.070561259792965e-06 7.3690368225841885e-06 0)
(7.0675584531600289e-06 7.4822525408495907e-06 0)
(7.0644591311787137e-06 7.5927504511789174e-06 0)
(7.0612635341475749e-06 7.7004081321162522e-06 0)
(7.0579721507970953e-06 7.8051028128749948e-06 0)
(7.0545857278545205e-06 7.9067117440731145e-06 0)
(7.0511052786302916e-06 8.0051125841361518e-06 0)
(7.0475320904238248e-06 8.1001837998229418e-06 0)
(7.0438677306715456e-06 8.1918050791607046e-06 0)
(7.0401140516876366e-06 8.279857754308165e-06 0)
(7.0362731938877273e-06 8.3642252328207617e-06 0)
(7.0323475874530893e-06 8.4447934341308959e-06 0)
(7.028339952293038e-06 8.5214512290994921e-06 0)
(7.0242532965377709e-06 8.5940908797573881e-06 0)
(7.0200909144537858e-06 8.6626084754248135e-06 0)
(7.0158563750254286e-06 8.7269043544345996e-06 0)
(7.0115534480396094e-06 8.7868834307323717e-06 0)
(7.0071860838827346e-06 8.8424546852899185e-06 0)
(7.0027600553695077e-06 8.8935230725843438e-06 0)
(6.9982854088656609e-06 8.9399146474348007e-06 0)
(6.993729895917768e-06 8.9807427414298008e-06 0)
(6.9887947345448053e-06 9.0093923049777857e-06 0)
(6.9828760701730619e-06 8.9769410577088248e-06 0)
(6.974797338528031e-06 8.5524081469154234e-06 0)
(6.9385247851189541e-06 5.7652873107040449e-06 0)
(6.7010344904189046e-06 -9.1811723227820635e-06 0)
(5.8078359635686842e-06 -7.3100366499550165e-05 0)
(3.847194747745953e-06 -0.00026381236159554993 0)
(1.1932321294334516e-06 -0.00048895397901748783 0)
)
;

boundaryField
{
    hotWall
    {
        type            calculated;
        value           uniform (0 0 0);
    }
    coldWall
    {
        type            calculated;
        value           uniform (0 0 0);
    }
    bottomWall
    {
        type            calculated;
        value           uniform (0 0 0);
    }
    topWall
    {
        type            calculated;
        value           nonuniform List<vector> 0();
    }
    front
    {
        type            empty;
    }
    back
    {
        type            empty;
    }
    procBoundary1to0
    {
        type            processor;
        value           nonuniform List<vector> 
163
(
(1.1905976604423478e-06 0.00048921524561227421 0)
(3.837091999127766e-06 0.00026403361138609897 2.5981254679844834e-25)
(5.7880785772294166e-06 7.319380425598008e-05 1.3448642647576282e-25)
(6.6715020463064425e-06 9.2050897776048271e-06 9.2991787815147213e-27)
(6.8993980516119391e-06 -5.764888251137201e-06 0)
(6.9259392240156269e-06 -8.5578212902394312e-06 6.8724989633663601e-27)
(6.924301506110454e-06 -8.9834839734822284e-06 9.7239963912781171e-27)
(6.9205958533148214e-06 -9.016091481466582e-06 2.444540595547089e-27)
(6.9160170193163367e-06 -8.9874239088664821e-06 0)
(6.9111829399594546e-06 -8.9465466529920857e-06 0)
(6.9064065044133245e-06 -8.9000973729694283e-06 0)
(6.901732936783455e-06 -8.8489661819176047e-06 0)
(6.8971643058863389e-06 -8.7933277419802923e-06 0)
(6.8927062154321506e-06 -8.7332774700705465e-06 0)
(6.8883653195804158e-06 -8.6689067262915438e-06 0)
(6.8841476431064348e-06 -8.600310944250839e-06 0)
(6.8800585748573433e-06 -8.5275901414820448e-06 0)
(6.8761029215508603e-06 -8.4508485913926474e-06 0)
(6.8722849050945653e-06 -8.3701943986276575e-06 0)
(6.8686081564719779e-06 -8.285739060554937e-06 0)
(6.8650757148741426e-06 -8.1975970251966783e-06 6.6768431074048355e-27)
(6.8616900309925519e-06 -8.1058852493176043e-06 6.6025335716597012e-27)
(6.8584529739768425e-06 -8.0107227598456213e-06 0)
(6.8553658419764152e-06 -7.9122302208264722e-06 0)
(6.8524293758070557e-06 -7.8105295084681677e-06 0)
(6.8496437751755735e-06 -7.705743296428952e-06 0)
(6.8470087176766362e-06 -7.5979946539883129e-06 4.1269598721132485e-27)
(6.8445233804214615e-06 -7.4874066584329218e-06 4.0670755908314183e-27)
(6.8421864635454393e-06 -7.3741020232049503e-06 0)
(6.8399962153394723e-06 -7.2582027434417401e-06 0)
(6.8379504588221226e-06 -7.1398297601068788e-06 -3.8787522664375455e-27)
(6.8360466195176524e-06 -7.0191026437337175e-06 2.5998598066405788e-41)
(6.8342817541101274e-06 -6.8961392984588487e-06 3.7466373068750692e-27)
(6.8326525796345453e-06 -6.7710556869377847e-06 0)
(6.8311555030150306e-06 -6.6439655765532327e-06 0)
(6.8297866504764923e-06 -6.5149803072076841e-06 0)
(6.828541897086287e-06 -6.3842085809149828e-06 1.7344700246094617e-27)
(6.8274168961471401e-06 -6.2517562723407002e-06 1.698531696113826e-27)
(6.8264071077200687e-06 -6.1177262608376316e-06 0)
(6.8255078264787332e-06 -5.9822182832159168e-06 0)
(6.824714208861518e-06 -5.8453288068961806e-06 1.5882279439295627e-27)
(6.8240212992654047e-06 -5.7071509228797477e-06 7.7535928777195793e-27)
(6.8234240551943325e-06 -5.5677742574477945e-06 6.0515209414070901e-27)
(6.8229173712965809e-06 -5.4272849025698602e-06 0)
(6.8224961021308665e-06 -5.2857653633839432e-06 0)
(6.8221550837188992e-06 -5.1432945226743151e-06 0)
(6.821889153853853e-06 -4.9999476209708697e-06 4.0760840191564859e-27)
(6.8216931710692188e-06 -4.8557962514841168e-06 3.9586378206353762e-27)
(6.8215620322988548e-06 -4.7109083690171019e-06 0)
(6.8214906893316653e-06 -4.5653483119031935e-06 0)
(6.821474163952471e-06 -4.4191768360170612e-06 0)
(6.8215075616548713e-06 -4.272451159807339e-06 1.1611012487383506e-27)
(6.8215860842600518e-06 -4.1252250199331772e-06 1.1211086148272343e-27)
(6.8217050414811073e-06 -3.9775487362711329e-06 1.0809924393495518e-27)
(6.8218598612639073e-06 -3.8294692854215884e-06 1.0407656186234312e-27)
(6.8220460990260654e-06 -3.6810303820711684e-06 0)
(6.8222594458860617e-06 -3.5322725674497658e-06 0)
(6.8224957359478618e-06 -3.3832333041152987e-06 0)
(6.8227509527032873e-06 -3.2339470763749257e-06 2.6369370208043913e-27)
(6.8230212345939915e-06 -3.0844454957583872e-06 2.515085891867488e-27)
(6.8233028798003211e-06 -2.9347574108319263e-06 0)
(6.8235923503317402e-06 -2.7849090210398807e-06 0)
(6.82388627546736e-06 -2.6349239936971531e-06 2.1486959251531349e-27)
(6.8241814546211222e-06 -2.4848235840829126e-06 2.0263521697248683e-27)
(6.8244748596790536e-06 -2.3346267579150713e-06 0)
(6.8247636368796294e-06 -2.1843503158979236e-06 1.7814407483349136e-27)
(6.8250451082905226e-06 -2.0340090201087082e-06 -5.5296636328136999e-28)
(6.8253167729101225e-06 -1.8836157217537308e-06 -2.0484197036567038e-27)
(6.8255763074864562e-06 -1.7331814901697975e-06 0)
(6.8258215670652757e-06 -1.5827157427147372e-06 0)
(6.8260505852521646e-06 -1.4322263754334252e-06 0)
(6.8262615745240135e-06 -1.2817198943033076e-06 0)
(6.8264529233488279e-06 -1.131201547011475e-06 0)
(6.8264529233488279e-06 -1.131201547011475e-06 0)
(6.9771627442167374e-06 -9.8083727202555042e-07 0)
(6.9773147256571485e-06 -8.302825152074999e-07 0)
(6.9773147256571485e-06 -8.302825152074999e-07 0)
(7.1280125217680482e-06 -6.7983938391076198e-07 0)
(7.1281143975632845e-06 -5.2925407010898857e-07 0)
(7.1281143975632845e-06 -5.2925407010898857e-07 0)
(7.2787881787219691e-06 -3.7873042299836174e-07 0)
(7.278836466605928e-06 -2.2811885002651337e-07 0)
(7.2788584501029032e-06 -7.7508098741449317e-08 0)
(7.2788543438600654e-06 7.3101950667612462e-08 3.9012099158566867e-29)
(7.2788241425553447e-06 2.2371148474008132e-07 1.2081274850951393e-28)
(7.2787676206175001e-06 3.7432062405992734e-07 0)
(7.2786843322740209e-06 5.2492929057155443e-07 1.4220631244316164e-28)
(7.2785736116004915e-06 6.7553707505433013e-07 1.8310575874537244e-28)
(7.2784345726567945e-06 8.2614310437236129e-07 -2.2400455759980757e-28)
(7.2782661096586588e-06 9.7674590891189385e-07 -2.6490228974005883e-28)
(7.2780668972176048e-06 1.1273432898103755e-06 0)
(7.2778353908886128e-06 1.2779321862210065e-06 0)
(7.277569827737074e-06 1.4285085428957696e-06 0)
(7.2772682271801315e-06 1.5790671777277835e-06 0)
(7.27692839193723e-06 1.7296016497842113e-06 4.6934424842236929e-28)
(7.2765479089134262e-06 1.8801041272749599e-06 5.1021303737231432e-28)
(7.2761241506788396e-06 2.0305652564134036e-06 5.510701937694264e-28)
(7.2756542771956355e-06 2.1809740302734307e-06 0)
(7.2751352379296769e-06 2.3313176586445132e-06 -6.3273698482518813e-28)
(7.2745637743714399e-06 2.4815814390633125e-06 0)
(7.27393642277744e-06 2.6317486289017402e-06 0)
(7.2732495177085939e-06 2.7818003184423302e-06 -1.5101149115927324e-27)
(7.2724991960660494e-06 2.9317153065194257e-06 0)
(7.2716814016095477e-06 3.0814699775311222e-06 3.3456948801376416e-27)
(7.2707918902870103e-06 3.2310381815075976e-06 2.631099384228769e-27)
(7.2698262362585137e-06 3.3803911164708388e-06 1.8351661615777449e-27)
(7.2687798388119705e-06 3.5294972147576762e-06 9.5806490918971454e-28)
(7.2676479301094541e-06 3.6783220325767112e-06 0)
(7.2664255838734703e-06 3.8268281446671434e-06 0)
(7.2651077251454627e-06 3.9749750434041705e-06 0)
(7.2636891410785656e-06 4.1227190438878981e-06 0)
(7.2621644929071673e-06 4.2700131951924496e-06 -2.318184066254804e-27)
(7.2605283291165949e-06 4.4168071988067106e-06 0)
(7.2587750998388534e-06 4.5630473347738283e-06 2.4772591690629242e-27)
(7.2568991725431072e-06 4.7086763966143926e-06 0)
(7.2548948491566969e-06 4.8536336353124998e-06 1.3174938797480238e-27)
(7.2527563846243213e-06 4.9978547140881828e-06 1.356631287685866e-27)
(7.2504780067902922e-06 5.1412716741517694e-06 0)
(7.2480539376885956e-06 5.2838129125950876e-06 0)
(7.2454784163457554e-06 5.4254031732484925e-06 -2.945275919779635e-27)
(7.2427457230476779e-06 5.5659635514968866e-06 -3.0215391532902646e-27)
(7.2398502050015471e-06 5.7054115140925575e-06 0)
(7.2367863033932307e-06 5.8436609344905774e-06 0)
(7.2335485817785811e-06 5.9806221452467222e-06 1.6232360580187382e-27)
(7.2301317556915047e-06 6.1162020074635186e-06 1.660000239322966e-27)
(7.2265307234783863e-06 6.2503039990377666e-06 0)
(7.2227405982306551e-06 6.3828283216130967e-06 -1.7322844712188041e-27)
(7.2187567406250786e-06 6.5136720275052122e-06 -1.7677490188514268e-27)
(7.214574792517413e-06 6.6427291669633366e-06 0)
(7.2101907110268788e-06 6.7698909562455752e-06 0)
(7.2056008031816154e-06 6.8950459667661118e-06 0)
(7.2008017608699056e-06 7.0180803360511129e-06 0)
(7.1957906955418737e-06 7.1388780001319891e-06 3.8742291489995941e-27)
(7.1905651725173505e-06 7.2573209475632369e-06 3.938357282463864e-27)
(7.1851232449331847e-06 7.3732894946739837e-06 0)
(7.1794634867745146e-06 7.4866625819467511e-06 0)
(7.1735850244334226e-06 7.5973180908313013e-06 0)
(7.1674875668657138e-06 7.7051331799532038e-06 2.0903212275713487e-27)
(7.1611714340142738e-06 7.8099846399998136e-06 2.1186614649357533e-27)
(7.1546375829505872e-06 7.9117492660933724e-06 0)
(7.1478876314092562e-06 8.0103042461588972e-06 -4.3455449866878771e-27)
(7.1409238784175111e-06 8.1055275634944799e-06 0)
(7.1337493217588573e-06 8.1972984121528115e-06 4.4464714219696023e-27)
(7.126367671894927e-06 8.2854976223520512e-06 0)
(7.1187833620593422e-06 8.3700080944454778e-06 -2.2697900776183322e-27)
(7.1110015542087459e-06 8.4507152383460213e-06 -2.2915223233403026e-27)
(7.1030281405110832e-06 8.5275074163214523e-06 0)
(7.0948697406786305e-06 8.6002763857710819e-06 0)
(7.0865336958951518e-06 8.6689177387845514e-06 0)
(7.0780280502731102e-06 8.7333313272051765e-06 0)
(7.0693614666749703e-06 8.7934215926850116e-06 0)
(7.0605431931981556e-06 8.8490970616478539e-06 0)
(7.0515846888203708e-06 8.9002622550190092e-06 0)
(7.0425020551976308e-06 8.9467428186227508e-06 0)
(7.0332694443076802e-06 8.9876517041592156e-06 0)
(7.0235947967234324e-06 9.0163735208697362e-06 -2.4420676081356139e-27)
(7.0128813326639661e-06 8.9839857161596193e-06 -2.4285807916206486e-27)
(6.9999599586186954e-06 8.559507290040389e-06 0)
(6.9588033050155852e-06 5.7724315476708045e-06 -2.8369115713523846e-27)
(6.7163886501548807e-06 -9.1739989823799896e-06 0)
(5.8182577247275219e-06 -7.3093235896324162e-05 -4.4784522619602312e-26)
(3.8529190998695258e-06 -0.00026380567474219906 -1.7308608807959385e-25)
(1.1945094733850431e-06 -0.00048894958827771704 -4.4817968962036845e-25)
)
;
    }
}


// ************************************************************************* //
