/*--------------------------------*- C++ -*----------------------------------*\
  =========                 |
  \\      /  F ield         | OpenFOAM: The Open Source CFD Toolbox
   \\    /   O peration     | Website:  https://openfoam.org
    \\  /    A nd           | Version:  13
     \\/     M anipulation  |
\*---------------------------------------------------------------------------*/
FoamFile
{
    format      ascii;
    class       volVectorField;
    location    "2.9280963393185626";
    object      U;
}
// * * * * * * * * * * * * * * * * * * * * * * * * * * * * * * * * * * * * * //

dimensions      [0 1 -1 0 0 0 0];

internalField   nonuniform List<vector> 
2126
(
(-4.344127210580768e-05 4.2948266364686882e-05 0)
(-0.00025275223992385484 6.3979126730587672e-05 0)
(-0.00051964825811808436 6.1627162663597935e-05 0)
(-0.00077827484522076536 4.8077172635850135e-05 0)
(-0.00098625840966023092 3.2435843585064654e-05 0)
(-0.0011331162588683102 1.8041659671489294e-05 0)
(-0.0012223878486683788 6.228028695405229e-06 0)
(-0.001263119873240923 -2.6243796445520547e-06 0)
(-0.0012659191660289591 -8.6068334943964488e-06 0)
(-0.0012411295527528898 -1.2378511623102805e-05 0)
(-0.0011979537169081839 -1.4430887902486496e-05 0)
(-0.0011437535696915907 -1.5170078596967034e-05 0)
(-0.0010841156475787546 -1.4991034493616572e-05 0)
(-0.0010230998548366316 -1.4223339425306147e-05 0)
(-0.0009634850567376167 -1.3116135407796337e-05 0)
(-0.00090704071876692317 -1.1847906455029342e-05 0)
(-0.00085478155566711973 -1.0540123009915965e-05 0)
(-0.00080718326014176094 -9.2704296131354151e-06 0)
(-0.00076435433791464469 -8.0843430872103081e-06 0)
(-0.00072616669195764959 -7.0049155257941365e-06 0)
(-0.00069235084561587593 -6.040247697899875e-06 0)
(-0.00066256270778842152 -5.1890469751225009e-06 0)
(-0.00063642851952550635 -4.4445611807551739e-06 0)
(-0.0006135737296883878 -3.7972461416724754e-06 0)
(-0.00059364044828587705 -3.2364936496316879e-06 0)
(-0.00057629705532034588 -2.7516912282315981e-06 0)
(-0.0005612426121392734 -2.3328249865872536e-06 0)
(-0.00054820796849309604 -1.9707820924431669e-06 0)
(-0.00053695487807938955 -1.6574641800122238e-06 0)
(-0.00052727400557892425 -1.385788013458573e-06 -1.8525075371187386e-29)
(-0.00051898240015268342 -1.1496239246340522e-06 -1.6278703014299422e-29)
(-0.00051192079586622515 -9.4370424870439823e-07 0)
(-0.00050595095415854755 -7.6352144555826549e-07 0)
(-0.00050095316767434614 -6.0522727215233409e-07 0)
(-0.00049682398352824233 -4.6553901580525405e-07 0)
(-0.00049347416626774917 -3.4165548451685181e-07 0)
(-0.0004908268985856283 -2.3118358724604372e-07 0)
(-0.00048881620645278108 -1.3207488968096699e-07 0)
(-7.0107463249268303e-05 0.00025675666943848503 0)
(-0.00050314507595975323 0.00047631084592780456 0)
(-0.0010741100073117466 0.00051544581636285417 0)
(-0.0016535299037337204 0.00045399662901941758 0)
(-0.0021489706802030602 0.00035021083696673853 0)
(-0.0025273609392520552 0.00023848089254365336 0)
(-0.0027860781419778197 0.00013670437690954226 0)
(-0.0029372856461970095 5.2710077464640241e-05 0)
(-0.0029999048665426929 -1.1474443944283206e-05 0)
(-0.0029943245735969811 -5.7206294601534351e-05 0)
(-0.0029394710638275105 -8.7248501421670422e-05 0)
(-0.002851661086029347 -0.00010471775894608661 0)
(-0.0027439916195047985 -0.00011267848141359937 0)
(-0.0026264300027948563 -0.00011382868851462541 0)
(-0.0025062136411636037 -0.00011037755221823534 0)
(-0.0023883372796978377 -0.00010403946473633652 0)
(-0.002276040321310048 -9.6085131149745753e-05 0)
(-0.0021712452206278316 -8.7415784517503169e-05 0)
(-0.0020749246643796348 -7.864128882369293e-05 0)
(-0.0019873935094012374 -7.0151706184427002e-05 0)
(-0.0019085315247246435 -6.2177674526192291e-05 0)
(-0.0018379474129300748 -5.4838488736624121e-05 0)
(-0.0017750956633782195 -4.8178714894992764e-05 0)
(-0.0017193570685627867 -4.21950439549004e-05 0)
(-0.0016700921939898066 -3.6855329409642378e-05 0)
(-0.00162667531592026 -3.2111645371246154e-05 0)
(-0.0015885146477949297 -2.7908935991921903e-05 0)
(-0.001555063212212864 -2.4190516816326711e-05 0)
(-0.0015258235263363674 -2.0901393714255996e-05 0)
(-0.0015003483450413528 -1.7990112532347009e-05 -3.8818414159065243e-29)
(-0.001478239013135415 -1.540965015672577e-05 -3.4504734806422459e-29)
(-0.0014591424725716687 -1.3117702772602926e-05 0)
(-0.001442747611019816 -1.1076612781661136e-05 0)
(-0.0014287813880706213 -9.2530939319540027e-06 0)
(-0.0014170050051856369 -7.6178570383783609e-06 0)
(-0.0014072102723103955 -6.1451997193166857e-06 0)
(-0.0013992162504720535 -4.8125977457205862e-06 0)
(-0.0013928662028547209 -3.6003187854243058e-06 0)
(-7.6850412735653541e-05 0.00055658067133120112 0)
(-0.00060900275493374918 0.0010711068149141729 0)
(-0.0013357076706209015 0.0011960222098158168 0)
(-0.0021004338056632736 0.0010939436947048791 0)
(-0.002782637709452545 0.00088305642429847527 0)
(-0.0033311274899493911 0.00063928840097950937 0)
(-0.0037330590370449868 0.00040648210582670417 0)
(-0.003996656167267602 0.00020656700834853777 0)
(-0.0041412026203516165 4.7509433876068125e-05 0)
(-0.0041902201740520425 -7.0806833629509077e-05 0)
(-0.0041670039346331242 -0.0001529355528698087 0)
(-0.0040923530475760065 -0.0002051735428478392 0)
(-0.0039836660213688506 -0.00023406749958468221 0)
(-0.0038546862534957322 -0.00024561780926612081 0)
(-0.0037157953022577028 -0.00024490848609098193 0)
(-0.0035745083157331121 -0.0002360090769546486 0)
(-0.0034360214972293749 -0.00022203120664161002 0)
(-0.0033037320020334504 -0.00020525905385984723 0)
(-0.0031796908978157326 -0.00018730378213680383 0)
(-0.0030649755693494536 -0.00016925364466512658 0)
(-0.0029599830504077988 -0.00015180578868065361 0)
(-0.0028646532633021392 -0.0001353746817528512 0)
(-0.0027786339410562758 -0.00012017717091899452 0)
(-0.002701399157024512 -0.00010629674138943986 0)
(-0.0026323322046561824 -9.3730525598617959e-05 0)
(-0.0025707818540120844 -8.242270075630615e-05 0)
(-0.0025160992163255837 -7.2287547963274495e-05 0)
(-0.0024676608063406149 -6.3224901606996639e-05 0)
(-0.0024248820015978947 -5.5130148962910402e-05 0)
(-0.0023872239782085085 -4.7900424569965311e-05 0)
(-0.00235419633404716 -4.1438213143500901e-05 0)
(-0.0023253569557497612 -3.5653233439698113e-05 0)
(-0.0023003102043370614 -3.0463215454886052e-05 0)
(-0.0022787041472152885 -2.5793991303971318e-05 0)
(-0.0022602273187459047 -2.157918191119632e-05 0)
(-0.0022446053208295858 -1.7759664400884008e-05 0)
(-0.0022315974581065792 -1.4282938058774348e-05 0)
(-0.0022209935233656608 -1.1102461545128247e-05 0)
(-7.3732325256097058e-05 0.00089059612848320867 0)
(-0.00063411444448712708 0.0017573511363522102 0)
(-0.001428088767569744 0.0020076781069405737 0)
(-0.0022904835231438987 0.0018846187130633159 0)
(-0.0030867583660635564 0.0015683244798252922 0)
(-0.0037531446329909083 0.0011808586541987788 0)
(-0.0042670549578771571 0.0007973411638438568 0)
(-0.0046304185028619342 0.00045843673330796345 0)
(-0.0048593450759021354 0.00018147265558862488 0)
(-0.0049765215074636425 -3.072246852828617e-05 0)
(-0.0050059998973574745 -0.00018338497337000458 0)
(-0.0049701778344667632 -0.00028561094968422243 0)
(-0.0048883787929637811 -0.00034751681090731935 0)
(-0.004776357785065171 -0.00037872214491796344 0)
(-0.0046464054362640277 -0.00038759259040182018 0)
(-0.00450774873038503 -0.00038097380752775549 0)
(-0.0043670624054211937 -0.00036421248099149407 0)
(-0.004228985550153783 -0.00034132350610284782 0)
(-0.0040965891226988627 -0.00031521418141230599 0)
(-0.003971771788970734 -0.00028791362239551045 0)
(-0.0038555800533055192 -0.00026078054576605085 0)
(-0.0037484584020516737 -0.00023467823225872161 0)
(-0.0036504394090275754 -0.00021011461099538988 0)
(-0.003561284803479752 -0.00018735020089439362 0)
(-0.0034805878840628904 -0.00016647871886628344 0)
(-0.0034078462931561421 -0.00014748565686194083 0)
(-0.0033425125728497544 -0.0001302897886915862 0)
(-0.0032840283882369934 -0.00011477185766526448 0)
(-0.0032318469554305099 -0.00010079388685941126 0)
(-0.0031854470941405934 -8.8211787123181873e-05 0)
(-0.0031443414342429729 -7.6883277273077073e-05 0)
(-0.0031080806169852958 -6.6672594558232821e-05 0)
(-0.003076254810899398 -5.7453055963126095e-05 0)
(-0.0030484934764300154 -4.9108216175883446e-05 0)
(-0.0030244640315522427 -4.1532136844713304e-05 0)
(-0.0030038698678793558 -3.4629115574515517e-05 0)
(-0.0029864480225365183 -2.8313105942397529e-05 0)
(-0.0029719667096327331 -2.2506978836672152e-05 0)
(-6.7345780805556292e-05 0.001221382770332303 0)
(-0.00061761055784029023 0.0024627334450510064 0)
(-0.001425362481617656 0.0028681977133832694 0)
(-0.0023280098092586842 0.0027492031459243876 0)
(-0.0031867393935665423 0.0023434586872558521 0)
(-0.0039299636138028218 0.0018186364922196773 0)
(-0.0045270260744403211 0.0012827639257576102 0)
(-0.0049732094872018059 0.00079766921252295842 0)
(-0.0052799348488636435 0.00039237703550231025 0)
(-0.0054670159280854934 7.4587491129557334e-05 0)
(-0.0055571448170869588 -0.00016046315837515014 0)
(-0.0055724127789161413 -0.00032382794859788351 0)
(-0.0055324675204158737 -0.00042875250774035683 0)
(-0.0054538030949618189 -0.000488294524181517 0)
(-0.0053496485603100313 -0.00051407746710066798 0)
(-0.0052302384407769305 -0.0005157915607278792 0)
(-0.00510324275520814 -0.0005011365474725353 0)
(-0.0049742348653445184 -0.00047599803296060185 0)
(-0.004847132381963595 -0.00044472425544474036 0)
(-0.0047245811956275275 -0.00041042447740891768 0)
(-0.0046082734657400095 -0.00037524691374786159 0)
(-0.0044992017325041333 -0.00034061734895630334 0)
(-0.0043978566220681014 -0.00030743329438889799 0)
(-0.0043043774113041581 -0.00027621588991026506 0)
(-0.0042186646377831453 -0.00024722513055799763 0)
(-0.0041404629690012084 -0.00022054504228684302 0)
(-0.0040694212487899341 -0.00019614521980839309 0)
(-0.0040051353216464603 -0.00017392434338257311 0)
(-0.0039471780434742858 -0.00015374030083789637 0)
(-0.0038951198759683376 -0.00013543056621050006 0)
(-0.0038485426393873342 -0.0001188256261396801 0)
(-0.0038070483489889072 -0.00010375753390192884 0)
(-0.0037702645587659486 -9.0065108393252055e-05 0)
(-0.0037378472552692214 -7.7596864769303699e-05 0)
(-0.0037094820590915342 -6.6212442248805958e-05 0)
(-0.0036848842803682727 -5.5783060015486129e-05 0)
(-0.0036637982197520493 -4.619136394696491e-05 0)
(-0.0036459959933769111 -3.7330908277882928e-05 0)
(-5.9942195745672062e-05 0.001533931152948293 0)
(-0.00058117140246354395 0.0031521962109899433 0)
(-0.0013713733881499884 0.0037333070468704562 0)
(-0.0022774663342075385 0.0036427189835105773 0)
(-0.0031628798435935704 0.0031684874151975528 0)
(-0.0039520156231209564 0.002520841863940792 0)
(-0.0046080434871240096 0.001840273442466477 0)
(-0.0051200921521277745 0.0012107564750938934 0)
(-0.005494447559369852 0.00067452634233281102 0)
(-0.0057471306236759915 0.00024567733768433576 0)
(-0.005898309741912253 -7.8832614269831703e-05 0)
(-0.0059686083155702776 -0.00031107831659353975 0)
(-0.0059770075957941218 -0.00046680888891034088 0)
(-0.0059398815821522276 -0.00056210803641781057 0)
(-0.0058707007323934492 -0.00061161445791231832 0)
(-0.0057801651074190861 -0.00062774000917561145 0)
(-0.0056765330688620932 -0.00062049541141168606 -1.0479319313451633e-27)
(-0.0055660186450537819 -0.00059764779964499343 -8.9125321765004727e-28)
(-0.0054531847606724424 -0.00056503023579330112 0)
(-0.0053412961889219073 -0.00052689505042182718 0)
(-0.0052326185370834746 -0.00048625206728866049 0)
(-0.0051286620708944318 -0.00044516408874580119 0)
(-0.0050303753136268893 -0.00040499061304033105 0)
(-0.0049382957540592609 -0.00036658087645907662 0)
(-0.0048526653753885353 -0.00033042212533737863 0)
(-0.0047735181100696123 -0.00029675071155026302 -9.8653581633095395e-29)
(-0.0047007453248370567 -0.0002656335978725377 -5.318172732090381e-29)
(-0.0046341443614732174 -0.00023702703922240923 -1.5421939656567595e-29)
(-0.004573454155338239 -0.00021081808712654834 1.5783743070357564e-29)
(-0.004518381087255898 -0.00018685342653985954 0)
(-0.0044686175090143838 -0.00016495903088074011 0)
(-0.0044238548092425094 -0.00014495326360373619 0)
(-0.0043837924359759056 -0.00012665536843974501 0)
(-0.0043481439436780329 -0.00010989075932412454 0)
(-0.0043166408657700338 -9.4494120296404599e-05 0)
(-0.0042890350113683352 -8.031102941060882e-05 0)
(-0.0042650996323649725 -6.7198605389659494e-05 0)
(-0.0042446297923885018 -5.5025521422285214e-05 0)
(-5.2596385330429161e-05 0.0018226464312581265 0)
(-0.0005366173433684697 0.003808542328590929 0)
(-0.0012920675949512333 0.0045779675939573161 0)
(-0.0021789591650537856 0.0045370626063733722 0)
(-0.0030669829244995518 0.0040161433216009436 0)
(-0.0038794104188019291 0.0032636658570433159 0)
(-0.0045750264167845178 0.002450899256314591 -1.0802459620647608e-26)
(-0.0051376539116715688 0.0016839562273447671 -5.8639310968871826e-27)
(-0.0055685810108493878 0.0010191354719820689 0)
(-0.005879722837150902 0.00047806980505420843 0)
(-0.0060881777499753511 6.0580391008089994e-05 0)
(-0.0062124973123959971 -0.00024554211957487682 0)
(-0.0062704000732958483 -0.00045782963662566379 0)
(-0.0062775863259267343 -0.00059488145063313238 0)
(-0.0062473039694134324 -0.00067400431090596413 0)
(-0.0061903333604339285 -0.00071010790058920995 0)
(-0.0061152097606648227 -0.00071538104845488872 -1.2111020375882159e-27)
(-0.0060285428245300705 -0.00069940493433205263 -1.0683300212744733e-27)
(-0.0059353533461949069 -0.00066947579158563785 0)
(-0.0058393861805336698 -0.0006309984778331613 0)
(-0.0057433817530995104 -0.00058787399443525846 0)
(-0.0056493018820722692 -0.00054284368877089372 0)
(-0.0055585124431775683 -0.00049777658947599266 0)
(-0.0054719283295642006 -0.00045389937383121768 0)
(-0.0053901269390361885 -0.00041197481604614853 0)
(-0.0053134361356884027 -0.00037243696802079782 -2.0139175822960999e-28)
(-0.0052420018975052416 -0.00033549157389404767 -1.4276075100939904e-28)
(-0.0051758400032769943 -0.00030118942079980764 -9.2593126992575183e-29)
(-0.0051148752900959001 -0.00026947912283255157 -4.982215338075878e-29)
(-0.0050589712924201729 -0.00024024457104764683 0)
(-0.0050079524728068184 -0.00021333112877079381 0)
(-0.0049616207677189612 -0.00018856367527447007 8.685866739909174e-29)
(-0.0049197677849355387 -0.00016575881340870772 1.3086929690102754e-28)
(-0.0048821836853076101 -0.00014473294252819374 0)
(-0.0048486635450027665 -0.00012530743077970123 0)
(-0.0048190118110919763 -0.00010731177222512212 2.2517813264359657e-28)
(-0.0047930453218249826 -9.0585358267566426e-05 2.4699579359692993e-28)
(-0.0047705952538857612 -7.4978307259607053e-05 0)
(-4.5841621311817137e-05 0.0020860075761898319 0)
(-0.0004903756180897437 0.0044236827681104554 0)
(-0.0012027190156486782 0.0053879505772397125 0)
(-0.002057283937352633 0.0054143034263060396 0)
(-0.0029322405252744268 0.0048674045674176767 0)
(-0.0037517934797142759 0.004029073419471214 0)
(-0.0044718903132426801 0.0030989368745781161 -1.4563380420143936e-26)
(-0.0050720008037260997 0.0022045540785206844 -8.7952706062406883e-27)
(-0.0055488462968129176 0.0014166258807982569 0)
(-0.0059102917375521277 0.00076514282802081339 0)
(-0.0061702127069876087 0.00025372613512701951 0)
(-0.0063447975435463409 -0.0001291116021729099 0)
(-0.0064501677995858677 -0.00040196638027989966 0)
(-0.0065010456592075102 -0.00058541226626386144 0)
(-0.006510162532954486 -0.00069903043607844376 0)
(-0.0064881184958206477 -0.00075995423531145855 0)
(-0.006443501427136504 -0.00078236888191176158 0)
(-0.0063831272898931474 -0.00077755712026935297 0)
(-0.0063123179225977669 -0.00075421651910828841 0)
(-0.0062351709397597821 -0.00071887886090563058 0)
(-0.0061548005019034201 -0.00067633593428712815 0)
(-0.0060735417693275427 -0.00063002408419611012 0)
(-0.0059931192991103223 -0.00058234887113717845 0)
(-0.0059147830649106149 -0.00053494730428845459 0)
(-0.0058394169407926539 -0.00048889309787226044 0)
(-0.0057676245018885739 -0.00044485358408493189 0)
(-0.0056997964974355919 -0.00040320747077945539 0)
(-0.0056361636885531412 -0.0003641318930860029 0)
(-0.0055768380816607161 -0.00032766594927227649 0)
(-0.0055218449994199675 -0.0002937565509007772 0)
(-0.0054711479356182582 -0.00026229116026993556 0)
(-0.0054246677364653724 -0.00023312091658479029 2.713390587320154e-29)
(-0.0053822973271531842 -0.00020607678326660939 8.4803921678808537e-29)
(-0.0053439129457112811 -0.00018098066749474374 0)
(-0.0053093826433546713 -0.00015765294190387739 0)
(-0.0052785726506243543 -0.00013591740705877991 2.141592957452623e-28)
(-0.005251352082607001 -0.00011560444375823791 2.4587567877461911e-28)
(-0.0052275963571393547 -9.6552892393480936e-05 -1.3658977347171241e-28)
(-3.9879734825175347e-05 0.002324663603559938 0)
(-0.00044584513141483946 0.0049949746651125337 7.6997593162946634e-26)
(-0.0011121456088951463 0.006156077941667417 6.1968755460241803e-26)
(-0.0019275275438052305 0.0062636200104303702 0)
(-0.0027796375794123499 0.0057094064307968862 0)
(-0.0035950124609889487 0.0048037203540202481 0)
(-0.0043280305511888967 0.0037717612759147158 0)
(-0.0049547370987630462 0.0027613958799630814 0)
(-0.0054678499210945187 0.0018576748745222028 0)
(-0.0058714462291381579 0.0010994821775547907 0)
(-0.0061762318600480535 0.00049500058271198099 0)
(-0.0063959596253482616 3.4252311179342578e-05 0)
(-0.006545015358528152 -0.00030176382464801093 0)
(-0.0066369761663204645 -0.00053505715915421706 -2.3490748326354484e-27)
(-0.0066838857906555121 -0.00068707632229635053 -2.597037572156809e-27)
(-0.0066959991381395478 -0.00077688478523480961 2.6377321844124957e-27)
(-0.0066818036422357481 -0.00082046056403226996 2.5449192166000152e-27)
(-0.0066481830254685953 -0.0008306530265141433 0)
(-0.0066006372403467151 -0.00081747727550352607 0)
(-0.0065435096018453074 -0.00078854558236578405 0)
(-0.0064801964995010279 -0.00074952084864163499 0)
(-0.0064133297291740403 -0.00070453342423502984 -1.4451974550442659e-27)
(-0.0063449295313633934 -0.00065653697519742714 -2.453860663323665e-27)
(-0.0062765303407667124 -0.00060759839356387864 -1.0256128458567078e-27)
(-0.0062092827972536936 -0.0005591264649218435 0)
(-0.0061440358710732543 -0.00051204805018061213 0)
(-0.0060814026810943897 -0.00046694145150689655 0)
(-0.0060218130968384609 -0.00042413599232992609 0)
(-0.0059655556935742154 -0.0003837855594908067 0)
(-0.0059128111535349474 -0.00034592242466849099 -1.8355757465958336e-28)
(-0.0058636788015376858 -0.00031049632343915773 -9.4392989904660893e-29)
(-0.0058181976314604245 -0.00027740262231980062 0)
(-0.0057763629128152012 -0.00024650246963723059 0)
(-0.0057381392530448947 -0.00021763709109901965 0)
(-0.0057034708206582701 -0.00019063782678333655 0)
(-0.005672289297967638 -0.00016533308086528193 2.1036533549820712e-28)
(-0.0056445200228160339 -0.00014155303888186026 2.0182881816441599e-70)
(-0.0056200866906355035 -0.00011913277420290722 -4.2846814977960096e-28)
(-3.4738602884685525e-05 0.002540385575728746 0)
(-0.00040468844664203732 0.0055230146826788264 8.227538015472033e-26)
(-0.0010252322216593504 0.0068797327534291285 6.7081057661168676e-26)
(-0.0017986214772572819 0.0070791049429054943 0)
(-0.0026221836016495372 0.006533808323713591 0)
(-0.0034256735573064143 0.0055779563565519236 0)
(-0.0041628994696062361 0.0044594300132628235 0)
(-0.0048073257412061835 0.0033450001152795341 0)
(-0.00534826724182892 0.0023337303675348606 0)
(-0.0057863785137059979 0.0014737001085287703 0)
(-0.0061293749527991199 0.00077825346204179341 0)
(-0.0063886293642265567 0.0002395928705875841 0)
(-0.0065767682191029929 -0.00016107059774814024 0)
(-0.0067061544656260496 -0.00044667023973038884 -1.817491402039419e-27)
(-0.0067880556202281018 -0.00064012570441668055 -2.227908558111451e-27)
(-0.0068322833650126527 -0.00076213730160545987 2.3942428778414026e-27)
(-0.0068471247788408447 -0.00083026713902479166 2.3971288115874778e-27)
(-0.0068394339131046707 -0.00085878818451788901 0)
(-0.0068147965751016639 -0.00085893945441462786 0)
(-0.006777716467870956 -0.00083935647001833825 0)
(-0.0067317949894270075 -0.00080654234753547451 0)
(-0.0066798920746387411 -0.00076530927315621774 -1.5008940898849091e-27)
(-0.0066242640637093689 -0.00071915985347218824 -2.5840338068815903e-27)
(-0.0065666789971016134 -0.00067060041460185755 -1.0947731783796781e-27)
(-0.0065085116769983695 -0.00062138989109117564 0)
(-0.0064508214343395268 -0.00057273292883765691 0)
(-0.0063944154857244109 -0.00052542716070700713 0)
(-0.0063399004403017281 -0.00047997411647599653 0)
(-0.0062877241201549708 -0.00043666195571348911 0)
(-0.0062382094784797148 -0.00039562673446059808 -2.2401757765461574e-28)
(-0.0061915820713587325 -0.00035689751497706615 -1.2687288575476543e-28)
(-0.0061479922673555905 -0.00032042941880484947 0)
(-0.0061075331592937501 -0.00028612773626490544 0)
(-0.0060702549658334277 -0.00025386542756444509 0)
(-0.0060361765681974057 -0.00022349575230654626 0)
(-0.0060052947123055041 -0.00019486131177106481 2.161732576404558e-28)
(-0.00597759131285231 -0.00016780045046155547 0)
(-0.0059530392190554537 -0.00014215171329013665 -3.0475635657725738e-28)
(-3.036646016692695e-05 0.0027354141300475103 -4.7252724992833592e-26)
(-0.00036757421252359959 0.0060101679457142364 4.3322183226351517e-26)
(-0.00094447108241718625 0.0075590881071389464 7.138861709214042e-26)
(-0.0016756043356542551 0.0078581049968653015 0)
(-0.0024676949700065272 0.0073354753088736646 0)
(-0.0032542212009903718 0.0063449352116897425 0)
(-0.0039891820359186838 0.0051542187257855292 0)
(-0.004644195080918039 0.0039474661353891237 0)
(-0.0052057573866696807 0.0028372183801955515 0)
(-0.0056715070285250965 0.0018808616520125164 0)
(-0.0060464160842402066 0.0010973513860471956 0)
(-0.0063396051049241526 0.00048163682540755564 0)
(-0.0065619873389624458 1.5695073055924535e-05 0)
(-0.0067247060382035519 -0.00032385829876988248 0)
(-0.0068382168865406675 -0.00056103814492693236 0)
(-0.0069118354636888901 -0.00071789876419127137 0)
(-0.0069535864274803847 -0.00081338184081295286 0)
(-0.0069702278850557716 -0.0008630411541644484 0)
(-0.0069673643847235744 -0.00087924356304028295 0)
(-0.0069495944474679151 -0.00087158624323588698 0)
(-0.0069206621937280659 -0.00084737593793185689 0)
(-0.0068835979361037613 -0.00081208796230368874 0)
(-0.0068408416868117102 -0.00076976773540562526 0)
(-0.0067943484274762683 -0.00072336354313171872 0)
(-0.0067456763297732486 -0.00067499274778603548 -9.2938720913818288e-28)
(-0.0066960600182154962 -0.00062614967638939523 -7.6511633719254961e-28)
(-0.0066464711329154323 -0.00057786524541670443 -6.138566038086341e-28)
(-0.0065976682855522131 -0.00053082807584407484 -4.7578147312169713e-28)
(-0.0065502382211594951 -0.00048547562316336902 0)
(-0.0065046297050503155 -0.00044206234706043899 0)
(-0.0064611813906582964 -0.00040071049887736577 0)
(-0.0064201447024177325 -0.00036144784842098758 0)
(-0.0063817025867105156 -0.00032423564245599186 0)
(-0.0063459848373065139 -0.00028898927475814909 0)
(-0.0063130805828221946 -0.0002555935218321287 0)
(-0.0062830484265520492 -0.00022391372448682623 0)
(-0.0062559246488638502 -0.00019380394065944472 0)
(-0.0062317298156283306 -0.00016511283127620873 0)
(-2.667918882966369e-05 0.0029120909276925781 -4.8873504831321858e-26)
(-0.00033461368172349015 0.0064596517451238058 4.5133542787321978e-26)
(-0.00087091430484400375 0.0081959345699409679 3.7511290763078686e-26)
(-0.0015610705692276057 0.0086000628492905393 -3.0401731303195041e-26)
(-0.0023206259472739505 0.0081115073950260384 0)
(-0.0030870124458253121 0.0070999116837950817 0)
(-0.0038149808391938996 0.0058501993968572115 -1.3469445179050374e-26)
(-0.0044749211734038995 0.004562308620667894 -9.5628566129006688e-27)
(-0.0050510539930965857 0.0033615907194838083 0)
(-0.005538410838404435 0.0023146989874521101 0)
(-0.0059394970573007381 0.0014465183182747962 -2.420292453097378e-27)
(-0.0062613476866090409 0.00075521281797167911 -1.183158121813735e-27)
(-0.0065132494127725631 0.00022401046822118417 0)
(-0.006705158184607 -0.00017049410606409212 0)
(-0.0068467157694109045 -0.00045306167545115323 0)
(-0.0069467184442501993 -0.00064683350070610546 0)
(-0.0070128922315027742 -0.00077193536556963681 9.0409012331937487e-28)
(-0.0070518555389904999 -0.00084506373371642796 9.3018706661835011e-28)
(-0.0070691839467877451 -0.0008796188849235629 9.078428968763422e-28)
(-0.0070695216550981342 -0.00088609750880792664 8.5468396165125356e-28)
(-0.0070567068091503572 -0.0008725712070709287 -2.3494930630275237e-27)
(-0.0070338932447762533 -0.00084515634501454635 -2.105812356894738e-27)
(-0.0070036606543164605 -0.00080843084920834086 0)
(-0.0069681105185278435 -0.00076578284660693062 0)
(-0.0069289478852534525 -0.00071969158008790063 -8.9938842488027102e-28)
(-0.0068875502852509991 -0.00067194817524470103 -1.1147702480197509e-27)
(-0.0068450254664057996 -0.00062382622440256788 -8.9558809069461878e-28)
(-0.0068022596220079544 -0.00057621209831306731 -4.618218882186478e-28)
(-0.0067599576200702473 -0.0005297037490685218 0)
(-0.0067186765267273994 -0.0004846852719496066 0)
(-0.0066788535105327422 -0.00044138302042532565 0)
(-0.0066408290351120903 -0.0003999077771067956 -1.3993524637325999e-29)
(-0.006604866098402439 -0.00036028642136058312 2.8167400842119001e-29)
(-0.0065711661544658696 -0.00032248569424644827 0)
(-0.0065398822537448371 -0.00028643001368555075 0)
(-0.0065111298549447713 -0.00025201480163145003 0)
(-0.0064849956926959756 -0.00021911641669247766 0)
(-0.0064615450268955014 -0.00018759951128231327 0)
(-2.3583828380135105e-05 0.0030726655716387845 0)
(-0.00030561920242160376 0.0068749897881993363 0)
(-0.0008047673077799947 0.0087929305754094501 -3.904880386579662e-26)
(-0.0014561035869421861 0.0093057338470094175 -3.1919166746539387e-26)
(-0.0021832778580816114 0.0088605471542317713 -5.0786320662204537e-26)
(-0.0029277149048521126 0.0078397072443564999 -7.8474036560720492e-26)
(-0.0036453148473782099 0.006542885303372061 -4.4084768816507022e-26)
(-0.0043057497160515429 0.0051842731207698816 -1.0646098176364927e-26)
(-0.0048914473807993835 0.0039012873541746157 -1.4854225666903449e-26)
(-0.0053952244249700918 0.0027696920814054482 -9.8929440165541395e-27)
(-0.0058174017146591372 0.0018205062853422721 -3.0898356390560468e-27)
(-0.0061631129421856872 0.0010554851525420503 -1.7391243557549507e-27)
(-0.0064401263141192384 0.00045952535482786486 0)
(-0.0066572646764003016 9.585900819860492e-06 0)
(-0.0068233742736727911 -0.00031951978281800968 0)
(-0.0069467275022799396 -0.00055177108416712872 0)
(-0.007034732677483585 -0.00070829366953000905 7.0404129708083244e-28)
(-0.0070938405027077597 -0.00080679529352345317 7.6894584504092793e-28)
(-0.0071295642561606861 -0.00086161890583901456 7.7817240779791271e-28)
(-0.0071465576348470408 -0.00088410005256380256 7.5055446581775444e-28)
(-0.0071487155676759088 -0.00088303628071076813 -2.098708377834834e-27)
(-0.0071392784514501505 -0.00086516155771658757 -1.9041931904863678e-27)
(-0.0071209299783598938 -0.00083557374714743793 1.1253152180737205e-27)
(-0.0070958844595859927 -0.00079809581878375051 9.7574989330678512e-28)
(-0.0070659626571033104 -0.00075556909934155884 0)
(-0.0070326566470749726 -0.00071008521507890559 -3.4122751041510791e-28)
(-0.0069971848535654146 -0.00066316640825055226 -2.7254017030654107e-28)
(-0.0069605385451508954 -0.00061590415957609357 0)
(-0.0069235210288375289 -0.00056906502537300752 0)
(-0.0068867806379525765 -0.00052317113445324531 0)
(-0.0068508384573768236 -0.00047856130836933675 0)
(-0.0068161115875446602 -0.00043543745501296502 4.6848376063835145e-30)
(-0.0067829326264634091 -0.00039389979928817727 4.7102346405284288e-29)
(-0.0067515659467854297 -0.00035397365308366543 0)
(-0.0067222212599367982 -0.00031562976149570969 0)
(-0.0066950648881542478 -0.00027879975727536545 0)
(-0.0066702291051065682 -0.00024338787624798269 -3.6354077270279199e-28)
(-0.0066478198543318918 -0.00020927980337283702 -4.1642583352686252e-28)
(-2.0990408374293546e-05 0.0032192020355378465 0)
(-0.00028025730100804782 0.0072596958268964932 9.5799757372803428e-26)
(-0.00074575918245000522 0.0093531288820328014 8.0711401897514917e-26)
(-0.0013608774836309516 0.0099766590580000758 0)
(-0.0020565977531688787 0.0095822870921094608 -5.3343577815986755e-26)
(-0.0027782477002670451 0.0085623061868096498 -8.3319417011462269e-26)
(-0.0034831444353499081 0.0072289388752918961 -3.1623538114031974e-26)
(-0.0041406521036390469 0.0058091562245878095 0)
(-0.0047318275655761936 0.0044516568240996332 -1.6624311869634665e-26)
(-0.0052476334838170392 0.0032410721837801328 -1.1425768368601951e-26)
(-0.0056864796843061928 0.002214664295973856 0)
(-0.0060517862940795133 0.0013780724527016923 4.5864664750426474e-27)
(-0.0063499205182711085 0.00071821627485908063 2.5008925183831565e-27)
(-0.006588637795865172 0.00021275976674907718 0)
(-0.0067760189606801812 -0.00016361889151167113 0)
(-0.0069198193359762059 -0.00043550745415519524 5.7573629308716973e-28)
(-0.0070271215465703999 -0.00062485929154180466 0)
(-0.0071041912922879414 -0.00075026951622899447 -1.1658200319615799e-27)
(-0.0071564565430774548 -0.00082693744685282094 0)
(-0.0071885541495563757 -0.00086697921296213266 0)
(-0.0072044077779843474 -0.00087988028872823195 -1.1845486617330275e-27)
(-0.007207315818146199 -0.00087296858011617711 -1.0897994816326738e-27)
(-0.0072000377529815793 -0.00085184826878562916 9.7408688427311428e-28)
(-0.0071848735314456623 -0.00082077051276032245 8.4752136259008691e-28)
(-0.0071637339304096315 -0.00078293685251361138 0)
(-0.0071382016898182375 -0.0007407407895123402 0)
(-0.0071095840405702411 -0.0006959567436882829 0)
(-0.0070789575568333055 -0.00064988620902316848 0)
(-0.0070472063163612786 -0.00060347006841214232 0)
(-0.0070150542896537816 -0.00055737462706059032 0)
(-0.0069830927764141845 -0.00051205745391815264 0)
(-0.006951803600629471 -0.00046781779800301554 0)
(-0.0069215786776121863 -0.00042483524466919065 0)
(-0.0068927364813176038 -0.00038319939973030769 2.2644088245796997e-28)
(-0.0068655358677271495 -0.00034293271057046646 2.9667278666212262e-28)
(-0.0068401876482331167 -0.00030400801740372883 0)
(-0.0068168642538073646 -0.00026636203982106091 0)
(-0.0067957077846503575 -0.00022990571357077238 4.7414484359289085e-28)
(-1.8817489170044897e-05 0.0033535416743064772 1.0437906610351678e-25)
(-0.00025813834254046039 0.0076170992369957585 9.7917215503814842e-26)
(-0.00069337239834117107 0.0098796833654837095 -4.4935756732373477e-57)
(-0.0012750432088647781 0.010614813517087575 0)
(-0.0019407037793318744 0.010277119919125105 0)
(-0.0026394124455540323 0.009266550811233008 0)
(-0.0033300697720837612 0.0079059339544963851 0)
(-0.0039820551671274698 0.0064336404492333207 0)
(-0.0045754147074949826 0.0050088589470110292 0)
(-0.0050995817940221247 0.0037247826796569985 0)
(-0.0055513114542934507 0.0026249465451739385 0)
(-0.0059324931007317056 0.001719093244878385 5.6793631753900545e-27)
(-0.0062482122153986125 0.00099646059673597683 3.4337301952159462e-27)
(-0.0065052274505712797 0.00043571532897690907 0)
(-0.0067108905655324331 1.1661844259248339e-05 0)
(-0.0068724533428938537 -0.00030068522293973869 6.230183349359838e-30)
(-0.0069966716635860822 -0.00052394677184042042 0)
(-0.0070896160566973915 -0.00067748881299371311 7.8403964905791462e-43)
(-0.0071566134383836046 -0.00077728528118651576 8.9970630764936158e-28)
(-0.0072022647417395213 -0.00083617724190294994 0)
(-0.0072305014504879372 -0.00086430138626827696 0)
(-0.0072446581896001986 -0.00086955625674275201 0)
(-0.0072475483627671804 -0.00085803839334989821 -7.8737064918839108e-28)
(-0.0072415361126483705 -0.00083441962229173375 -6.8555478349026903e-28)
(-0.0072286016141573225 -0.00080225857959297119 0)
(-0.007210398773254292 -0.00076425050511387559 -4.6246918094851142e-28)
(-0.0071883054488155827 -0.00072242385101552392 -3.5019662453241378e-28)
(-0.007163466782200284 -0.00067829327742892657 0)
(-0.0071368323800083556 -0.00063297795688559827 0)
(-0.007109188107421404 -0.00058729279847828187 0)
(-0.0070811831974650309 -0.00054181876507528005 0)
(-0.007053353308222589 -0.00049695713874662142 0)
(-0.00702614008491796 -0.00045297148114280673 0)
(-0.0069999077144438692 -0.00041002014862473923 2.9667183475833416e-28)
(-0.0069749568983617791 -0.00036818153352356293 3.6554911103045908e-28)
(-0.0069515366163884606 -0.00032747367857260143 0)
(-0.0069298540049608573 -0.00028786951656668044 4.8791487807788032e-28)
(-0.0069100826336425036 -0.00024930869131783165 1.0844884571901188e-27)
(-0.0068923694250859124 -0.00021170669435001226 5.925874605617451e-28)
(-1.699420006952786e-05 0.0034772982304327798 1.0587600149090713e-25)
(-0.00023886749029690722 0.0079502587143527436 0)
(-0.00064698293373502793 0.010375674273585668 -8.4868372782457733e-26)
(-0.0011979736475293684 0.011222375001030916 0)
(-0.0018352280107927629 0.010945891580080252 0)
(-0.0025113138715536615 0.0099519117876068607 0)
(-0.0031868045345520095 0.0085721635459549556 0)
(-0.0038313436653714785 0.0070551474270783721 0)
(-0.0044242691846862721 0.0055697631529522968 0)
(-0.0049537717283257982 0.0042174178303265872 0)
(-0.0054151861544860435 0.003047885270592758 0)
(-0.0058090440374711401 0.0020751667480137215 0)
(-0.0061392655195505056 0.0012910597912174581 0)
(-0.0064116839889410979 0.00067549130540032175 0)
(-0.0066329612570871048 0.00020362540171474104 0)
(-0.0068098628122002878 -0.00014972849010064959 0)
(-0.0069488209945144036 -0.00040771024470131166 0)
(-0.0070557056861894436 -0.000590347470934689 3.2095691681014927e-28)
(-0.0071357320275582687 -0.00071431128493952968 5.23698613612502e-28)
(-0.0071934512303360411 -0.00079311456204822777 0)
(-0.0072327870566814547 -0.0008375098605819764 6.494985558483904e-28)
(-0.0072570939539062917 -0.00085594363323918273 6.2700975480884099e-28)
(-0.0072692225388601619 -0.00085499083603029211 -5.7179312647662292e-28)
(-0.0072715845574197642 -0.00083973604751809818 -4.9571489334003691e-28)
(-0.0072662134147484644 -0.00081409117583479266 0)
(-0.0072548186678008542 -0.00078105212952588119 -3.1226536015400102e-28)
(-0.0072388341113330404 -0.00074290215586499055 -2.1501106322688388e-28)
(-0.0072194597039076606 -0.00070137104274077175 0)
(-0.0071976978479426695 -0.00065775897480613798 0)
(-0.0071743846238743348 -0.00061303264429414127 0)
(-0.0071502165768165754 -0.00056789983175990701 0)
(-0.0071257736146018956 -0.00052286737217456536 0)
(-0.0071015385235987331 -0.00047828631594954606 0)
(-0.0070779135545546469 -0.00043438720375435725 0)
(-0.0070552344794754581 -0.00039130767988246394 0)
(-0.0070337824736388978 -0.00034911413882513138 0)
(-0.0070137941343899951 -0.0003078186995113956 0)
(-0.0069954699100796347 -0.0002673925010962187 0)
(-0.0069789811780226578 -0.0002277760884996378 0)
(-1.5460390431947976e-05 0.0035918699813165581 0)
(-0.0002220719711451048 0.0082619296039518411 0)
(-0.00060594323725244703 0.010844010518667253 0)
(-0.0011289162761233913 0.011801575246560718 0)
(-0.0017395373961406398 0.011589727889343503 0)
(-0.0023936379010281623 0.010618315262521693 0)
(-0.0030534955154762904 0.0092264848461109054 0)
(-0.0036892052329729912 0.0076717098510972548 0)
(-0.0042796473125746625 0.0061318497568517288 0)
(-0.0048120187031979837 0.0047161518172914403 0)
(-0.0052804453004293844 0.0034805442597258753 0)
(-0.0056842609995590328 0.0024433872015276188 0)
(-0.0060263313204042598 0.0015992312524215489 0)
(-0.006311634378307846 0.00092948371823836846 0)
(-0.0065461818503188725 0.00040987551388404472 0)
(-0.0067362720558183081 1.5185768610835112e-05 0)
(-0.0068880195727030261 -0.00027810688313855314 0)
(-0.0070070912126137894 -0.00049058907279513498 0)
(-0.0070985830698557326 -0.00063955563113792652 0)
(-0.0071669865975476565 -0.00073914038827627474 0)
(-0.007216206281691429 -0.00080067765279735845 0)
(-0.0072496040676189293 -0.00083313964378859686 0)
(-0.0072700551511524119 -0.00084356594389994822 0)
(-0.007280006238034111 -0.00083744581861729171 0)
(-0.0072815315236708211 -0.00081904024981828687 0)
(-0.0072763841396495032 -0.00079164419804701508 0)
(-0.0072660422286367141 -0.00075779579142104005 0)
(-0.0072517495631322978 -0.00071944113599411476 0)
(-0.0072345509937902716 -0.00067806331803079551 0)
(-0.0072153231719838855 -0.00063478312602083926 0)
(-0.0071948010400132651 -0.00059043770749288597 0)
(-0.007173600577083071 -0.00054564210803488273 0)
(-0.0071522382596873567 -0.00050083754603762469 0)
(-0.0071311476562823731 -0.00045632938844236616 0)
(-0.0071106935351881104 -0.00041231709710305085 0)
(-0.0070911838246679104 -0.00036891788224204013 0)
(-0.007072879726363961 -0.00032618539585954089 0)
(-0.0070560042481696917 -0.00028412449399582181 0)
(-0.0070407493903263119 -0.00024270286782722444 0)
(-1.4165836543516566e-05 0.0036984600262087554 0)
(-0.00020741398888629041 0.0085545626183769798 0)
(-0.0005696289123658545 0.011287381125538367 0)
(-0.0010670855144477591 0.012354607010128547 0)
(-0.001652873576351323 0.012209913645505331 0)
(-0.0022858333886375459 0.011266012681604477 0)
(-0.0029299368227811698 0.0098681945408208831 0)
(-0.0035558664557426866 0.0082818612541609438 0)
(-0.00414224937718895 0.0066931181144795175 0)
(-0.0046755027527017271 0.0052186657208655035 0)
(-0.0051487311645618426 0.0039204633055739775 0)
(-0.0055602170386971064 0.0028212838426821454 0)
(-0.0059118748076992175 0.0019185818605688323 0)
(-0.0062078943528795297 0.001195431342471248 0)
(-0.0064536764899712643 0.00062831252061738212 0)
(-0.0066550722750687557 0.00019213259803461754 0)
(-0.0068178858288474847 -0.00013688424382201118 0)
(-0.0069475804786926455 -0.00037978736814166139 0)
(-0.0070491283820878206 -0.00055442546716732749 0)
(-0.0071269538739192713 -0.00067550446140739824 0)
(-0.0071849335195242692 -0.00075490733215391296 0)
(-0.0072264275025869301 -0.00080211040892981316 0)
(-0.0072543260965204012 -0.00082460427178288954 0)
(-0.0072711014380267966 -0.00082827475907414885 0)
(-0.0072788590903509276 -0.00081772753285799143 0)
(-0.0072793865392639448 -0.00079655468122573196 0)
(-0.0072741973331192531 -0.00076754890043932787 0)
(-0.007264570458828154 -0.0007328733336120078 0)
(-0.0072515850128400403 -0.00069419533000092751 0)
(-0.0072361504559818471 -0.00065279151897257022 0)
(-0.0072190328398059099 -0.00060963037113452882 0)
(-0.0072008774214817632 -0.00056543719718155886 0)
(-0.0071822280784166696 -0.00052074546248790971 0)
(-0.0071635439109983901 -0.0004759374161439901 0)
(-0.0071452133916226719 -0.00043127634022732821 0)
(-0.0071275663853236238 -0.00038693219181713757 0)
(-0.0071108843343017638 -0.00034300200515082884 0)
(-0.0070954088666861769 -0.00029952611525616078 0)
(-0.0070813490596331524 -0.00025650103309155317 0)
(-1.3069044377081816e-05 0.0037980994180579412 0)
(-0.00019459516351617482 0.0088303198025424939 0)
(-0.00053746270067995617 0.011708237260567727 0)
(-0.0010117160868595462 0.012883568560869568 0)
(-0.0015744390432481253 0.012807809065910504 0)
(-0.0021872290538929549 0.011895482803293658 0)
(-0.0028157122178938147 0.010496928628157242 0)
(-0.0034312538961626866 0.0088845421159764841 0)
(-0.0040123926910553597 0.0072520035981152369 0)
(-0.0045449477661566057 0.0057230770153329866 0)
(-0.005021167387032884 0.0043656001376552083 0)
(-0.0054384145186519173 0.0032067744195456598 0)
(-0.005797748158207737 0.002247072037457061 0)
(-0.0061026332695814671 0.0014713893315976994 0)
(-0.0063578978412657484 0.00085711569271133229 0)
(-0.0065689657149112192 0.00037942930127539171 0)
(-0.0067413387650180779 1.4417080911155147e-05 0)
(-0.0068802777779298514 -0.00025934265425710582 0)
(-0.0069906277485902585 -0.00046018590993036592 0)
(-0.0070767404447149409 -0.00060334357371781523 0)
(-0.0071424579766647244 -0.00070121506867322752 0)
(-0.0071911317688581021 -0.00076375953915270851 0)
(-0.0072256600295437538 -0.00079890503731403157 0)
(-0.0072485331927531291 -0.00081292582678358706 0)
(-0.0072618811400259912 -0.00081076774079185667 0)
(-0.007267518788136881 -0.00079631789637986221 0)
(-0.0072669883266450637 -0.00077262302120551993 0)
(-0.0072615973824889353 -0.00074206374457054178 0)
(-0.0072524529459280672 -0.00070649272872035194 0)
(-0.007240491189559899 -0.00066734384112038735 0)
(-0.0072265034600782017 -0.00062571845537672205 0)
(-0.0072111587866633166 -0.00058245380511786086 0)
(-0.0071950232683100235 -0.00053817727326459339 0)
(-0.0071785766962886629 -0.00049334963516900119 0)
(-0.0071622267490440341 -0.00044829958843814867 0)
(-0.0071463210716186153 -0.00040325137188913004 0)
(-0.0071311575237306768 -0.0003583468715571098 0)
(-0.0071169928519954958 -0.00031366330491217255 0)
(-0.0071040500136696494 -0.00026922734169786269 0)
(-1.2135949708226755e-05 0.0038916701682587432 0)
(-0.00018335618754383568 0.009091098934669967 0)
(-0.00050892459022957312 0.012108792608509424 0)
(-0.00096209154979414173 0.013390432954322131 0)
(-0.0015034481634380928 0.013384792707374556 0)
(-0.0020971071100792326 0.012507358034810276 0)
(-0.0027102886722530669 0.01111258211670498 0)
(-0.0033151035039905965 0.0094790205843075098 0)
(-0.0038901324826021867 0.0078073041026634569 0)
(-0.0044207498279884667 0.0062278741759241793 0)
(-0.0048984913454016236 0.0048142738309559013 0)
(-0.0053199187136552025 0.0035981172574760748 0)
(-0.0056853230835529215 0.0025829760064401725 0)
(-0.0059975037358458534 0.0017556971557845136 0)
(-0.0062607522515568453 0.0010947183667662701 0)
(-0.0064800850959540138 0.0005756173077059426 0)
(-0.0066607106535018423 0.00017445158429312915 0)
(-0.0068076890685150587 -0.00013048793277670647 0)
(-0.0069257361519421369 -0.00035796107675057574 0)
(-0.0070191270388594131 -0.00052367812725848638 0)
(-0.0070916643809045225 -0.00064052340685205275 0)
(-0.0071466854981147663 -0.00071891781888441385 0)
(-0.0071870911356210643 -0.00076721338952565206 0)
(-0.0072153846924862932 -0.00079206459763065545 0)
(-0.0072337151375888933 -0.0007987528419359886 0)
(-0.007243919692354845 -0.0007914580577909736 0)
(-0.0072475641626971073 -0.00077348034181837417 0)
(-0.0072459798939949575 -0.0007474181150103886 0)
(-0.0072402969616086185 -0.00071531023637142767 0)
(-0.0072314735704245049 -0.00067874901729199875 0)
(-0.0072203218324271906 -0.00063897009784682904 0)
(-0.0072075301901309086 -0.00059692405343837653 0)
(-0.0071936827968193647 -0.0005533335978334797 0)
(-0.0071792761757894048 -0.00050873940650657994 0)
(-0.0071647334739348501 -0.00046353691034335204 0)
(-0.0071504166080149315 -0.00041800588550309608 0)
(-0.0071366365795298694 -0.00037233426352561647 0)
(-0.0071236622091313141 -0.00032663727983624306 0)
(-0.0071117275157239149 -0.00028097284566744953 0)
(-1.1338675185712897e-05 0.0039799265813503428 0)
(-0.00017347398994984746 0.0093385610270400061 0)
(-0.00048355375236432574 0.012491034145478811 0)
(-0.00091755735372134632 0.013877033438832806 0)
(-0.0014391555296620799 0.013942223135464759 0)
(-0.0020147482266425262 0.013102369191277429 0)
(-0.0026130769908611637 0.011715244838818174 0)
(-0.0032070346153729879 0.01006482607072854 0)
(-0.0037753464830303936 0.0083581160455778597 0)
(-0.0043030696533420858 0.0067318577022382415 0)
(-0.0047811520137868661 0.0052651120134666433 0)
(-0.0052054590389210157 0.0039938649521745187 0)
(-0.0055755937076121254 0.0029248418704065776 0)
(-0.0058937446638717816 0.0020469448301055804 0)
(-0.0061637017056143254 0.00133978006782927 0)
(-0.0063900933554231591 0.00077943992946894489 0)
(-0.0065778436026751354 0.00034205195537125439 0)
(-0.0067318145635745551 5.6992227680073158e-06 0)
(-0.0068565917534546585 -0.00024874132468058257 0)
(-0.0069563706379211793 -0.00043741519985802501 0)
(-0.0070349105268385573 -0.00057366066096002036 0)
(-0.0070955304928804874 -0.00066833946092749355 0)
(-0.0071411296932079975 -0.0007302140571075668 0)
(-0.0071742204876538828 -0.00076631082636611895 0)
(-0.0071969670628010242 -0.00078224201659793195 0)
(-0.0072112251879921704 -0.00078247807596211656 0)
(-0.007218580612991886 -0.0007705717279805702 0)
(-0.0072203847913594049 -0.00074933941782877821 0)
(-0.007217787324844056 -0.00072100700864560167 0)
(-0.0072117649438686307 -0.00068732637355292854 0)
(-0.007203147080016274 -0.00064966867762113049 0)
(-0.0071926382192058422 -0.00060909913270449896 0)
(-0.0071808372921950223 -0.00056643705357482051 0)
(-0.0071682543881702882 -0.00052230422969251177 0)
(-0.0071553250829918136 -0.00047716396945950617 0)
(-0.0071424226655110801 -0.00043135265894482771 0)
(-0.0071298685290192313 -0.00038510528052038568 0)
(-0.0071179409739534957 -0.00033857603340431744 0)
(-0.0071068826448596615 -0.00029185496574209694 0)
(-1.0654419798447814e-05 0.0040635142380586707 0)
(-0.00016475779783510462 0.0095741578311746359 0)
(-0.00046094594650517641 0.012856738234734091 0)
(-0.00087752458756389638 0.014345059127050967 0)
(-0.0013808699751760424 0.014481413818986667 0)
(-0.0019394577498975617 0.013681304238232246 0)
(-0.0025234703568208158 0.012305150328125427 0)
(-0.0031065997222841711 0.010641694045955058 0)
(-0.0036677942277367876 0.0089037793770839601 0)
(-0.0041918995925372274 0.0072340880291570974 0)
(-0.004669382958821959 0.0057170030781953972 0)
(-0.0050955065325066374 0.0043928214509165167 0)
(-0.0054692572268361418 0.0032714536859190873 0)
(-0.0057922639563148534 0.0023439399165449486 0)
(-0.0060678474961376443 0.0015911583138214609 0)
(-0.0063002673511178848 0.00098981882417866472 0)
(-0.0064941724280888798 0.00051621003258891423 0)
(-0.0066542299971318955 0.00014828190675415613 0)
(-0.0067848948890116868 -0.00013339398027486157 0)
(-0.0068902806559056774 -0.00034535555537138 0)
(-0.0069741002194877444 -0.00050136456443156238 0)
(-0.0070396511393889883 -0.00061270278824068942 0)
(-0.0070898277803871472 -0.00068852947385662203 0)
(-0.0071271484210633906 -0.0007362344283246404 0)
(-0.0071537895927472634 -0.00076175589417720518 0)
(-0.007171622874444377 -0.00076985242396016115 0)
(-0.0071822513116363207 -0.00076432855884642746 0)
(-0.0071870438690165486 -0.00074821895966105877 0)
(-0.0071871671017358901 -0.00072393727368965722 0)
(-0.0071836137028869233 -0.00069339602829847943 0)
(-0.0071772278684148543 -0.00065810313985856803 0)
(-0.0071687275862147449 -0.00061923970626193993 0)
(-0.0071587240487695934 -0.00057772285239781154 0)
(-0.0071477384359656887 -0.00053425661784672473 0)
(-0.0071362163337019913 -0.00048937323938431595 0)
(-0.0071245400551578856 -0.0004434666787484446 0)
(-0.0071130391218073002 -0.00039681985715523104 0)
(-0.007101999144845412 -0.00034962675885940036 0)
(-0.0070916693275616637 -0.00030201033571415305 0)
(-1.006450741385067e-05 0.0041429864468885396 0)
(-0.00015704490912488495 0.0097991576772548921 0)
(-0.00044074866855268801 0.013207488893690469 0)
(-0.00084146838738501551 0.014796056991547901 0)
(-0.0013279597767615209 0.01500361731216278 0)
(-0.0018705798709077156 0.014244977663265381 0)
(-0.0024408682017576012 0.012882635278554143 0)
(-0.0030133177129987739 0.011209520472699094 0)
(-0.0035671587188523569 0.0094438308656188512 0)
(-0.0040871125253675762 0.0077338402682743503 0)
(-0.004563257265497939 0.0061690538735995745 0)
(-0.0049903337062253772 0.0047940034058811063 0)
(-0.0053667776915450266 0.0036217967363491661 0)
(-0.005693705313736714 0.0026456767515983378 0)
(-0.0059739992162839281 0.001847881744144609 0)
(-0.0062115682439659011 0.0012058309404540521 0)
(-0.0064107956730767605 0.00069605746318139247 0)
(-0.0065761575818195934 0.00029644812503866019 0)
(-0.0067119783286466112 -1.2675679044983815e-05 0)
(-0.0068222879448604171 -0.0002482027757280424 0)
(-0.0069107505595093271 -0.00042428844540280913 0)
(-0.0069806396015428922 -0.00055261373791098771 0)
(-0.0070348421021857802 -0.00064272091898913018 0)
(-0.0070758799039471222 -0.00070235457459531326 0)
(-0.0071059397243739249 -0.00073777392044380066 0)
(-0.0071269069528882966 -0.00075402308252796313 0)
(-0.0071404000386955623 -0.00075515753614168043 0)
(-0.0071478036233537335 -0.0007444303149928748 0)
(-0.007150299400027137 -0.00072444362362313671 0)
(-0.0071488942023478818 -0.00069727174358193882 0)
(-0.0071444451487277048 -0.00066456057946653044 0)
(-0.0071376818648143121 -0.00062760837018889981 0)
(-0.0071292259234887814 -0.00058743125443510896 0)
(-0.0071196077072806369 -0.00054481663868822443 0)
(-0.0071092809305560072 -0.0005003667046437982 0)
(-0.0070986350699267179 -0.00045453390669599858 0)
(-0.0070880059486016665 -0.00040764993124877617 0)
(-0.0070776847089178826 -0.00035994929649315287 0)
(-0.0070679253905183027 -0.00031158854431610414 0)
(-9.5535941809102453e-06 0.0042188182601059091 0)
(-0.0001501966248052168 0.01001466886291558 0)
(-0.00042265542400928496 0.013544696348888064 0)
(-0.00080892353965472219 0.015231437572065848 0)
(-0.0012798526629777187 0.015510015923095326 0)
(-0.0018075042108023649 0.014794207934125321 0)
(-0.0023646904282960488 0.013448107560010891 0)
(-0.0029266958743553264 0.011768324451973407 0)
(-0.0034730757562475203 0.0099779648012812919 0)
(-0.0039884977747266454 0.0082305654018475036 0)
(-0.0044627291988045444 0.0066205528779353807 0)
(-0.0048900611403989748 0.0051966061081780692 0)
(-0.0052684367733577316 0.0039750265561386174 0)
(-0.0055985024645272682 0.0029513086516371302 0)
(-0.0058827317759853597 0.0021091254904110268 0)
(-0.0061247006460382423 0.0014266869987221607 0)
(-0.0063285362525785883 0.00088084722222169518 0)
(-0.0064985275383335171 0.00044949526406946259 0)
(-0.0066388691180946707 0.00011275494193178844 0)
(-0.006753506424961528 -0.00014657325616054915 0)
(-0.0068460529008247716 -0.00034300869803213552 0)
(-0.0069197557150822223 -0.00048861101074182032 0)
(-0.0069774925039865574 -0.00059329156980782183 0)
(-0.0070217868047944606 -0.00066514088705070756 0)
(-0.0070548338646299431 -0.00071073393988575306 0)
(-0.0070785314070045385 -0.00073539775214276923 0)
(-0.0070945119362219953 -0.00074343775876349637 0)
(-0.0071041744955144155 -0.00073832548113833074 0)
(-0.0071087146680777627 -0.00072285244893610342 0)
(-0.0071091521730620791 -0.0006992558169019715 0)
(-0.007106355767531625 -0.00066932074621446343 0)
(-0.0071010653916973171 -0.00063446390573740786 0)
(-0.0070939116347021524 -0.00059580168077577817 0)
(-0.0070854326817029207 -0.00055420598094160897 0)
(-0.0070760889491030656 -0.00051034995637642651 0)
(-0.0070662756360408427 -0.00046474546458738107 0)
(-0.0070563334249393473 -0.00041777376371996083 0)
(-0.0070465575577612358 -0.00036971062291389579 0)
(-0.0070372055015512948 -0.00032074681817210429 0)
(-9.1090210597043348e-06 0.0042914182859531682 0)
(-0.00014409456300845853 0.010221660337718009 0)
(-0.00040639992685519768 0.013869614818914387 0)
(-0.00077947884454659748 0.015652482691295964 0)
(-0.0012360329542895382 0.016001716880489302 0)
(-0.0017496677780268811 0.015329801110615819 0)
(-0.002294385373796256 0.014002021138043079 0)
(-0.0028462442804752437 0.012318217807944344 0)
(-0.0033851546224931629 0.01050600022418691 0)
(-0.003895787646725251 0.0087238573723130153 0)
(-0.0043676660246259802 0.0070709385772213997 0)
(-0.0047946939836038538 0.0055999739465484042 0)
(-0.0051743743591945203 0.0043304418356707583 0)
(-0.0055069232936261481 0.0032601233845783706 0)
(-0.0057944325232634772 0.0023741892176786456 0)
(-0.0060401622011621338 0.0016517120584163152 0)
(-0.0062479929658638229 0.0010699366467537914 0)
(-0.0064220310229795002 0.00060681552462166027 0)
(-0.0065663424228383479 0.00024232499865253518 0)
(-0.0066847873780549235 -4.1006227207246913e-05 0)
(-0.0067809271677429367 -0.00025803270114800998 0)
(-0.0068579809513593373 -0.00042117202682192531 0)
(-0.0069188152605188747 -0.00054069065445725654 0)
(-0.0069659537995985692 -0.00062501596346918413 0)
(-0.007001599034639587 -0.00068103327726080334 0)
(-0.0070276599072555488 -0.00071434967781970745 0)
(-0.0070457820074746377 -0.00072951947478034121 0)
(-0.007057377903125211 -0.00073023273374145695 0)
(-0.0070636562329716808 -0.0007194710624679392 0)
(-0.0070656487699847625 -0.00069963562471890832 0)
(-0.007064235052568227 -0.00067265214337676395 0)
(-0.0070601644352102765 -0.00064005705255758662 0)
(-0.0070540755721987787 -0.00060306826465194262 0)
(-0.0070465134490396838 -0.00056264337140670383 0)
(-0.007037944135907177 -0.00051952754875148586 0)
(-0.0070287674690264019 -0.00047429299027465125 0)
(-0.0070193278782970728 -0.00042737134269835912 0)
(-0.0070099235789383143 -0.00037908034132016252 0)
(-0.0070008143358968374 -0.00032964562735668639 0)
(-8.7202921181219632e-06 0.0043611385814122296 0)
(-0.00013863744139581025 0.010420979731843137 0)
(-0.00039175065594159375 0.014183358987909163 0)
(-0.00075277117106007545 0.016060354092784938 0)
(-0.0011960372972226396 0.016479750592135373 0)
(-0.0016965542221536749 0.015852539138246174 0)
(-0.0022294337819031753 0.014544856549385041 0)
(-0.002771485042757189 0.012859380487526694 0)
(-0.0033029926831295072 0.011027853804824713 0)
(-0.0038086771459775654 0.0092134254278569382 0)
(-0.0042778724497613387 0.0075197726064636346 0)
(-0.0047041506711800411 0.0060035751163070713 0)
(-0.005084621095754454 0.0046874610734498551 0)
(-0.005419105769959881 0.0035715219001310173 0)
(-0.0057093401200124742 0.0026424779440024099 0)
(-0.0059582849775557953 0.0018803283866167676 0)
(-0.006169583974817182 0.0012627722978570928 0)
(-0.0063471652627167217 0.00076788271835840651 0)
(-0.0064949679003676675 0.00037553602816447682 0)
(-0.0066167666558767536 6.8026713482525965e-05 0)
(-0.0067160695217714297 -0.00016980662617860411 0)
(-0.0067960661990995042 -0.00035071910866043795 0)
(-0.0068596106708023585 -0.00048531812323236549 0)
(-0.0069092255211971234 -0.00058235866231883904 0)
(-0.0069471193589918526 -0.00064903077058622947 0)
(-0.0069752114691586722 -0.00069121857046652066 0)
(-0.0069951598141137633 -0.0007137240325495208 0)
(-0.0070083898835084715 -0.00072045574642993744 0)
(-0.0070161228295626465 -0.00071458612048056977 0)
(-0.0070194019548811262 -0.00069868146940154719 0)
(-0.007019117040035933 -0.00067480941478828126 0)
(-0.007016026276975622 -0.00064462753878992147 0)
(-0.0070107757574091774 -0.00060945661571325672 0)
(-0.0070039165832085767 -0.00057034115280371969 0)
(-0.006995919738912091 -0.00052809945842961239 0)
(-0.0069871889083288003 -0.00048336503613163483 0)
(-0.0069780714375256856 -0.00043662076862185527 0)
(-0.0069688676518239699 -0.00038822709205174301 0)
(-0.006959838729675219 -0.00033844515245277679 0)
(-8.3786580963121964e-06 0.0044282829146628051 0)
(-0.00013373833642612708 0.01061336893491081 0)
(-0.00037850597149270189 0.014486918954055374 0)
(-0.00072847972656053393 0.016456102327850552 0)
(-0.0011594498820265415 0.016945071003468801 0)
(-0.0016476916146107108 0.016363171700730955 0)
(-0.0021693502822730669 0.015077105835533339 0)
(-0.0027019581043122199 0.01339204079743656 0)
(-0.0032261856846077055 0.011543517558331402 0)
(-0.0037268386774180241 0.0096990710657704673 0)
(-0.0041931094665718528 0.0079667171386463651 0)
(-0.0046182855802956516 0.0064069801859026939 0)
(-0.0049991245019113577 0.005045602690622682 0)
(-0.0053350871631779109 0.0038850001322610966 0)
(-0.0056275765140628283 0.0029134855458774803 0)
(-0.0058792698476830422 0.0021120406266309606 0)
(-0.0060935832430847074 0.0014588767362396849 0)
(-0.0062742717050982069 0.00093224059430132677 0)
(-0.0064251492153552343 0.00051195381349818949 0)
(-0.0065499052166358481 0.00018011287333097789 0)
(-0.0066519935992164396 -7.8722783313608377e-05 0)
(-0.0067345734105806691 -0.00027762551039544996 0)
(-0.0068004848403601572 -0.00042752943676411766 0)
(-0.0068522482378755084 -0.00053750773686552856 0)
(-0.0068920774355593975 -0.00061504934708204952 0)
(-0.0069219013434928646 -0.00066631222697793901 0)
(-0.0069433897491724891 -0.00069634465078151114 0)
(-0.0069579806428666071 -0.00070927361723745164 0)
(-0.0069669073475132435 -0.00070846300970197847 0)
(-0.0069712243877362769 -0.00069664542675029967 0)
(-0.0069718314782561529 -0.00067603174651933572 0)
(-0.0069694953135804637 -0.00064840212311262032 0)
(-0.0069648690434440828 -0.00061518158043522865 0)
(-0.0069585094524632716 -0.00057750283194573824 0)
(-0.006950891948475031 -0.00053625848131627315 0)
(-0.0069424235161902794 -0.00049214436689420037 0)
(-0.0069334538210052508 -0.00044569549783565374 0)
(-0.0069242846591918133 -0.0003973157793990379 0)
(-0.0069151779504168136 -0.00034730252549663006 0)
(-8.0767859570199613e-06 0.0044931136660856597 0)
(-0.0001293223867988517 0.010799477499122696 0)
(-0.00036648985718824764 0.014781173627027982 0)
(-0.00070632080506200076 0.016840675491247219 0)
(-0.0011258976597852213 0.017398557359501347 0)
(-0.0016026495234956137 0.016862410773750412 0)
(-0.0021136833593325796 0.015599261042358287 0)
(-0.0026372247187110205 0.013916459638970749 0)
(-0.0031543349925619033 0.012053040648802622 0)
(-0.0036499330309704625 0.010180668937204479 0)
(-0.004113108912905645 0.0084115159870435611 0)
(-0.0045369069159475551 0.0068098440778250292 0)
(-0.0049177699027644333 0.0054044682467666947 0)
(-0.0052548277424331333 0.0042001335899594025 0)
(-0.0055491731213569333 0.0031867807411050347 0)
(-0.0058032148740743538 0.0023464231332399866 0)
(-0.006020150845083087 0.0016578371524985076 0)
(-0.006203567967924181 0.0010994927077864313 0)
(-0.0063571573474917598 0.00065119944156654351 0)
(-0.0064845235244887309 0.0002948906663865447 0)
(-0.006589065734777578 1.4873680215313361e-05 0)
(-0.0066739113872170729 -0.00020222106186912171 0)
(-0.0067418857976622544 -0.00036764020815703406 0)
(-0.0067955060908903497 -0.00049076553481194136 0)
(-0.0068369905084226723 -0.00057937884687740281 0)
(-0.0068682769648418466 -0.00063990855069351543 0)
(-0.0068910466274749007 -0.00067764771284892103 0)
(-0.0069067496799275954 -0.00069694151624433967 0)
(-0.0069166314029366072 -0.00070134592808941199 0)
(-0.0069217573824012042 -0.00069376093807654317 0)
(-0.0069230371221053995 -0.00067654204524672241 0)
(-0.0069212456607714396 -0.0006515934298876795 0)
(-0.0069170430136670158 -0.00062044579911816743 0)
(-0.0069109914081645447 -0.00058432141769155588 0)
(-0.0069035703811220067 -0.00054418840432372633 0)
(-0.006895189868130194 -0.00050080601182373005 0)
(-0.0068862014507855545 -0.00045476231566965843 0)
(-0.006876907945634639 -0.00040650550035744849 0)
(-0.0068675715227957288 -0.00035636974385614507 0)
(-7.8084974385894317e-06 0.0045558576049723994 0)
(-0.00012532488947939748 0.010979874156695218 0)
(-0.00035554827566878551 0.015066902652599103 0)
(-0.00068604312066733333 0.017214927582125734 0)
(-0.0010950458362025324 0.017841016882401653 0)
(-0.0015610358447640418 0.017350927224329928 0)
(-0.0020620144416064871 0.016111805562961868 0)
(-0.0025768693815926007 0.014432918026610741 0)
(-0.0030870526392233672 0.012556514622660492 0)
(-0.0035776175842830876 0.010658151123014914 0)
(-0.0040375847209067816 0.0088539789030383301 0)
(-0.0044597908176247422 0.0072118910139195233 0)
(-0.0048403971731226948 0.0057637283699378018 0)
(-0.0051782299274726658 0.004516564409561153 0)
(-0.0054740921567620702 0.0034619952824889535 0)
(-0.0057301385946590764 0.002583109269266976 0)
(-0.0059493579819555296 0.0018592957088099211 0)
(-0.0061351743624446786 0.0012692937501426046 0)
(-0.0062911583992495699 0.00079294157111052131 0)
(-0.0064208304133460108 0.00041204277789229045 0)
(-0.0065275346644103572 0.00011067881385201586 0)
(-0.0066143661198179333 -0.00012479730161127383 0)
(-0.0066841342747736236 -0.00030593053890759844 0)
(-0.0067393521345839626 -0.00044240157692846418 0)
(-0.0067822416050030308 -0.0005422788892760574 0)
(-0.0068147490427945146 -0.00061225775544063263 0)
(-0.0068385666078778712 -0.00065787436321488105 0)
(-0.0068551564358965414 -0.00068369173222032034 0)
(-0.0068657756315798103 -0.00069345844126214573 0)
(-0.0068715007760684474 -0.00069024293624849007 0)
(-0.006873251127743089 -0.00067654669260166936 0)
(-0.0068718100364703024 -0.00065439938818946902 0)
(-0.00686784432821723 -0.00062543888273664688 0)
(-0.0068619215803445701 -0.00059097838484811792 0)
(-0.0068545253182227574 -0.00055206280122606626 0)
(-0.0068460682356921579 -0.00050951593287564489 0)
(-0.0068369035857790399 -0.00046397991271975567 0)
(-0.0068273349116841657 -0.00041594806038205425 0)
(-0.0068176242971369977 -0.00036579215261441539 0)
(-7.5685622671583853e-06 0.0046167107440901606 0)
(-0.00012168973106385314 0.011155056728296663 -6.6416067464638043e-25)
(-0.00034554608527856612 0.015344796993160808 -5.8599192167803444e-25)
(-0.00066742374039205365 0.017579626378685195 0)
(-0.0010665937708986451 0.018273188024445181 0)
(-0.0015224936548620055 0.017829348954067598 0)
(-0.0020139565107105289 0.016615207739741344 0)
(-0.0025205007311682771 0.014941707289221496 0)
(-0.0030239647898862403 0.013054061494425215 0)
(-0.0035095524044355918 0.011131494249143814 0)
(-0.0039662415868568683 0.0092939685892664825 0)
(-0.004386692453866789 0.0076129019956541468 0)
(-0.004766814079346534 0.0061231110199771732 0)
(-0.0051051536907231292 0.0048339905348843051 0)
(-0.0054022439105794722 0.0037388140763962409 0)
(-0.0056599989917804523 0.0028217824269345174 0)
(-0.0058812074641442598 0.0020629414068441447 0)
(-0.0060691357117833231 0.0014413422069903595 0)
(-0.0062272365727326726 0.00093688983463852192 0)
(-0.0063589470476473299 0.00053129027393911002 0)
(-0.0064675562974095069 0.00020842464563447779 0)
(-0.006556126202795047 -4.5612045975471263e-05 0)
(-0.0066274496038720536 -0.0002426489627073027 0)
(-0.0066840345659041926 -0.00039265590107871728 0)
(-0.0067281059614259274 -0.00050398164618980969 0)
(-0.0067616180597655368 -0.00058358460176752996 0)
(-0.0067862736548888539 -0.00063724224393214369 0)
(-0.0068035466262120195 -0.00066973495028988873 0)
(-0.0068147058117997332 -0.00068500434470497432 0)
(-0.0068208387786024552 -0.00068628833716774637 0)
(-0.006822874576481462 -0.00067623571090337346 0)
(-0.0068216049191998371 -0.00065700311600696648 0)
(-0.0068177034874989644 -0.00063033705818248446 0)
(-0.0068117432258748018 -0.00059764312070127398 0)
(-0.0068042116261963076 -0.00056004431790385059 0)
(-0.0067955240724906123 -0.00051843018294686876 0)
(-0.0067860353726933251 -0.00047349794709293519 0)
(-0.0067760496328278181 -0.00042578696730994118 0)
(-0.0067658286429046711 -0.00037570739462069905 0)
(-7.3525342629139938e-06 0.0046758424403702484 -6.8672215457824205e-25)
(-0.00011836809894199732 0.011325460671664376 -1.3332520609037144e-24)
(-0.0003363644488827133 0.01561546831093678 -5.8909243703492234e-25)
(-0.00065026458059184262 0.017935460783482734 -5.1374604655892905e-25)
(-0.001040271322322111 0.018695744059664676 -4.4200851166375232e-25)
(-0.0014866982251543197 0.018298260201766836 0)
(-0.0019691524764226119 0.017109916255034222 -3.148129334781493e-25)
(-0.0024677517629356888 0.015443121451713421 -2.6130098094030335e-25)
(-0.0029647140590357644 0.013545824189283769 0)
(-0.0034454047494701405 0.011600708973566359 0)
(-0.0038987816193777869 0.0097313899964506616 0)
(-0.004317354706854089 0.0080127044258739774 0)
(-0.0046968068565347064 0.0064823917291771541 0)
(-0.0050354288731807419 0.005152156706417165 0)
(-0.0053335006505395898 0.0040169669451156067 0)
(-0.0055927088326585784 0.003062168532012661 0)
(-0.0058156503472912725 0.0022685032804716579 0)
(-0.0060054391421386945 0.0016153741846742522 0)
(-0.0061654129777782571 0.0010827892516676678 0)
(-0.0062989266104946885 0.00065238756498358372 0)
(-0.006409214148676839 0.00030787467048252754 0)
(-0.0064993038778380884 3.5106603185489741e-05 -2.4466487248933986e-26)
(-0.0065719712444798307 -0.00017801596563347307 -2.2421732253840942e-26)
(-0.006629718613410461 -0.0003417421121258285 0)
(-0.0066747731602297298 -0.00046469444045909761 0)
(-0.0067090965539273913 -0.00055409056519619164 0)
(-0.0067344018738667178 -0.00061594725767835244 0)
(-0.0067521745461392776 -0.00065526163781542751 0)
(-0.0067636950698729045 -0.00067616870325750474 0)
(-0.0067700620178443235 -0.00068207676556327303 0)
(-0.0067722143107795795 -0.00067578320904910399 0)
(-0.0067709521351229304 -0.0006595731202739915 0)
(-0.0067669561393833028 -0.00063530315596723298 0)
(-0.0067608047327294175 -0.0006044727327646531 0)
(-0.0067529894415071842 -0.00056828433084683068 0)
(-0.0067439283693899905 -0.00052769444380497009 0)
(-0.0067339778656746452 -0.00048345648816605679 0)
(-0.0067234425418499846 -0.00043615680496548738 0)
(-0.0067125837951300714 -0.00038624473555561804 0)
(-7.1566208952931762e-06 0.0047333988794637681 -6.8831661497923225e-25)
(-0.0001153174221088795 0.011491466486686374 -6.6899849461637864e-25)
(-0.00032789866213934132 0.01587945729994138 0)
(-0.00063438940755899107 0.018283047636604974 -5.1729421302917154e-25)
(-0.0010158356283390699 0.019109296850073818 -4.4602966858780029e-25)
(-0.0014533542619904231 0.018758201710565203 0)
(-0.0019272734655308213 0.017596356932106691 -3.194326070427672e-25)
(-0.0024182795892490334 0.015937451380878091 -2.6602623261067267e-25)
(-0.0029089609825122317 0.014031958921782436 0)
(-0.0033848523422864464 0.012065831440108379 0)
(-0.0038349093952465803 0.010166181524965819 0)
(-0.0042515149246028479 0.0084111635220943878 0)
(-0.0046301485395824115 0.0068413854997930301 0)
(-0.0049688649667138582 0.0054708469684060686 0)
(-0.0052677077291684651 0.0042962217717152761 0)
(-0.0055281479813396412 0.0033040298005150856 0)
(-0.0057525993341422518 0.0024757447156272035 0)
(-0.0059440284643433464 0.0017911582413841528 0)
(-0.0061056608854333592 0.001230415525937793 0)
(-0.0062407703228294599 0.00077511813439824523 0)
(-0.0063525360190259655 0.00040881998572516088 0)
(-0.0064439522713183725 0.00011715678381418455 -2.635930072014322e-26)
(-0.0065177764774575131 -0.00011222708474042153 -2.4178741899356638e-26)
(-0.0065765045923301731 -0.00028985011527270634 0)
(-0.0066223654549695176 -0.00042460212534917825 0)
(-0.006657327628386501 -0.00052395587511102791 0)
(-0.0066831141272151668 -0.0005941652818401233 0)
(-0.0067012217244091466 -0.00064044345226944843 0)
(-0.006712942509793967 -0.00066711897397274422 0)
(-0.0067193860926016234 -0.00067777141618399295 0)
(-0.0067215013655596437 -0.00067534800693209854 0)
(-0.0067200971305103295 -0.00066226371028858995 0)
(-0.0067158611627804645 -0.00064048683866211892 0)
(-0.0067093774910823674 -0.00061161211792606874 0)
(-0.0067011418114586692 -0.00057692288187619696 0)
(-0.006691575052181948 -0.00053744385006153188 0)
(-0.0066810351723494673 -0.00049398575202047861 0)
(-0.0066698273183190626 -0.00044718290063036284 0)
(-0.0066582124853793662 -0.00039752468229293749 0)
(-6.9775788270871583e-06 0.0047895060556076754 0)
(-0.00011250049834044531 0.011653406160125215 0)
(-0.00032005633255285617 0.016137241102157217 0)
(-0.00061964127504808748 0.018622938016012672 0)
(-0.00099306828700420897 0.019514400672990272 0)
(-0.0014221933912706972 0.019209671533052294 0)
(-0.0018880171095704053 0.018074930643241588 0)
(-0.002371764897897801 0.016424980352510967 0)
(-0.0028563848658616259 0.014512629157312567 0)
(-0.0033275856972760066 0.012526916354207066 0)
(-0.0037743357570231154 0.010598307804537289 0)
(-0.0041889101227661355 0.0088081752170604891 0)
(-0.0045666054724273625 0.0071999400774602996 0)
(-0.0049052588242185684 0.0057898784363322178 0)
(-0.0052046923897501006 0.0045763787935852356 0)
(-0.0054661732014233229 0.0035471595386606988 0)
(-0.0056919394816518226 0.0026844587137442987 0)
(-0.0058848156983276091 0.0019684910662880022 0)
(-0.0060479179863123589 0.001379571097734199 0)
(-0.0061844403540583679 0.00089929093073022408 0)
(-0.0062975074774355199 0.00051107599954091937 0)
(-0.0063900793703345659 0.00020035988254481845 0)
(-0.0064648947973621161 -4.5455609450517319e-05 0)
(-0.0065244426367330527 -0.00023714853550671283 0)
(-0.006570952770354843 -0.00038386922878466174 0)
(-0.0066064001512842656 -0.00049334139144464526 0)
(-0.00663251737124385 -0.00057205378716648401 0)
(-0.0066508123391376944 -0.0006254346136565543 0)
(-0.0066625886564896288 -0.0006580061464506044 0)
(-0.0066689669975361398 -0.0006735199783087409 0)
(-0.0066709063352943972 -0.00067507436211480516 0)
(-0.0066692242475282892 -0.00066521554576543711 0)
(-0.0066646158242914689 -0.00064602499025811892 0)
(-0.0066576709082352241 -0.00061919421326445405 0)
(-0.0066488895495738333 -0.00058608881035260481 0)
(-0.0066386956638397167 -0.00054780302213063925 0)
(-0.0066274489530812634 -0.00050520605365675798 0)
(-0.0066154551981592001 -0.00045898121397060004 0)
(-0.0066029750576358792 -0.00040965882482572126 0)
(-6.8126296286425203e-06 0.0048442723362717164 0)
(-0.00010988477151231517 0.01181156880257284 0)
(-0.00031275584815492402 0.016389239928430312 0)
(-0.00060588033269415482 0.018955623055211122 0)
(-0.00097177289145198686 0.019911556031309414 0)
(-0.0013929718815898654 0.019653126300210679 0)
(-0.001851105877836661 0.018546012082359984 0)
(-0.0023279112131575543 0.016905980759001876 0)
(-0.0028066841689925867 0.01498800086226516 0)
(-0.0032733097132456911 0.012984031390145338 0)
(-0.00371678061521664 0.011027753774796579 0)
(-0.0041292809436240911 0.0092036602867339307 0)
(-0.0045059423438333253 0.0075579303593911575 0)
(-0.0048444006827738336 0.0061090961024851658 0)
(-0.0051442706887350675 0.0048572658412580991 0)
(-0.0054066258957011191 0.0037913778019053857 0)
(-0.0056335366828732403 0.0028944639344389953 0)
(-0.0058276902282731035 0.0021471938629290389 0)
(-0.0059920961542915003 0.0015300818286095807 0)
(-0.0061298701322636253 0.0010247373223508508 0)
(-0.0062440826573382712 0.0006144796327816253 0)
(-0.0063376592446083603 0.00028455796841483791 0)
(-0.0064133195011365773 2.2145075743180525e-05 0)
(-0.0064735445977185521 -0.00018378684231448944 0)
(-0.0065205648533791108 -0.00034264186454064277 0)
(-0.0065563611062220677 -0.0004623903066796949 0)
(-0.0065826751553392758 -0.00054975333597689631 0)
(-0.0066010258188441339 -0.00061037320604850464 0)
(-0.0066127281158999606 -0.00064896585680045875 0)
(-0.0066189138039367311 -0.00066945557318123089 0)
(-0.0066205520416462325 -0.00067509274349618754 0)
(-0.0066184693494549703 -0.00066855626086460569 0)
(-0.0066133683361154442 -0.00065204220565621453 0)
(-0.0066058448784992877 -0.00062734036666790285 0)
(-0.0065964036006011173 -0.00059590002077886963 0)
(-0.006585471611306932 -0.00055888624653602161 0)
(-0.0065734105393333462 -0.00051722791532245735 1.7137214939973591e-26)
(-0.0065605269561199468 -0.00047165838809463029 1.7021345204200305e-26)
(-0.0065470813097682498 -0.0004227498440169788 0)
(-6.6593911668997638e-06 0.0048977906831067777 0)
(-0.00010744172942173504 0.011966205603376669 0)
(-0.00030592508344333224 0.016635822988486721 0)
(-0.00059298194513970003 0.019281539312503281 -5.2732801139827562e-25)
(-0.00095177287102475691 0.020301213393234034 -4.5742657166335849e-25)
(-0.0013654685878159928 0.020088982820154731 0)
(-0.0018162854788291521 0.019009949208564518 3.3259741255334442e-25)
(-0.0022864440293743822 0.017380711728559397 2.7953769646938591e-25)
(-0.0027595765452283214 0.015458238799879431 0)
(-0.0032217446971827533 0.013437252687606906 0)
(-0.0036619749632267793 0.01145451983420399 0)
(-0.0040723746210736596 0.0095975594870694458 1.33281731423967e-25)
(-0.0044479260360141106 0.0079152537339425514 1.1091991791252841e-25)
(-0.0047860788205395174 0.0064283684915594991 0)
(-0.0050862528866199158 0.0051387343496008256 0)
(-0.0053493381625714471 0.004036527755350636 0)
(-0.0055772443275549071 0.0031056013752980079 0)
(-0.0057725260123562497 0.0023271093108518342 0)
(-0.0059380891550560744 0.0016817942091136536 4.384403539079738e-26)
(-0.0060769725042442253 0.0011513085220441609 3.9021385807034834e-26)
(-0.0061921928225363906 0.00071888693907889067 0)
(-0.0062866409736895288 0.00036961159449479361 0)
(-0.006363016931880172 9.0439465438157666e-05 0)
(-0.0064237935599426111 -0.00012989720712677005 0)
(-0.0064712010201692155 -0.00030104942400789597 0)
(-0.0065072255276706495 -0.00043122967429353424 0)
(-0.0065336177060843371 -0.00052738895010117227 0)
(-0.006551907037796431 -0.00059538238903472402 0)
(-0.0065634198468250745 -0.00064011944820869257 0)
(-0.0065692989764155859 -0.00066569767099373489 -2.0397013273634682e-26)
(-0.0065705238666400141 -0.00067552061360716658 -3.9649060191235827e-26)
(-0.006567930145325104 -0.00067240112206836907 -1.9346524396131882e-26)
(-0.0065622281505152728 -0.00065865133547478348 0)
(-0.0065540200290821618 -0.00063616078068003731 0)
(-0.0065438152224993502 -0.00060646383823899776 0)
(-0.0065320442711117596 -0.00057079775565566473 1.8114590001131811e-26)
(-0.0065190709530371692 -0.00053015228319123282 5.3792663246796784e-26)
(-0.0065052028313414764 -0.00048531191551714201 3.5569170484563721e-26)
(-0.0064907003197703711 -0.00043689163877605382 0)
(-6.5158212206367823e-06 0.0049501405862887099 0)
(-0.00010514639825449572 0.012117534206514988 0)
(-0.00029950029893332456 0.016877313819066216 0)
(-0.00058083506950343906 0.019601073726378919 -5.3050264336620965e-25)
(-0.00093290959365776617 0.020683776825226114 -4.6103787527249361e-25)
(-0.0013394830922699515 0.020517619903515583 0)
(-0.0017833233398988609 0.019467063206390745 3.3678643314750903e-25)
(-0.0022471098652033015 0.017849417470416233 2.8384915189904212e-25)
(-0.0027147986231547492 0.01592350367236911 0)
(-0.0031726269470176826 0.013886661237383248 0)
(-0.003609662271183485 0.011878617864408766 0)
(-0.0040179471534525805 0.0099898295178517064 2.7439279270076775e-25)
(-0.0043923285212904631 0.0082718261823866192 2.2921632098786687e-25)
(-0.0047300831135755573 0.0067475840097227791 0)
(-0.0050304476019790304 0.005420655997102175 0)
(-0.005294137489750524 0.0042824726032870616 0)
(-0.0055229084848443305 0.0033177315685879545 0)
(-0.0057191872100923226 0.0025080989976046823 0)
(-0.0058857786786584154 0.0018345729944413537 4.616997865719658e-26)
(-0.0060256461372016562 0.0012788733996255029 4.1167944955045272e-26)
(-0.0061417531038964884 0.00082417107451031237 0)
(-0.0062369556852766165 0.00045539791134468225 3.3793782158408234e-26)
(-0.0063139337856460091 0.00015930818266093254 3.1079234248168184e-26)
(-0.0063751513842214679 -7.5596123854041402e-05 0)
(-0.0064228379022754278 -0.00025920606830913591 0)
(-0.0064589844192337416 -0.00039997177329785104 0)
(-0.0064853499865358726 -0.00050507134899138782 0)
(-0.0065034744867685599 -0.00058057151142383242 0)
(-0.0065146954154062216 -0.0006315749634913841 0)
(-0.0065201666854276452 -0.00066235296697493117 -2.1483764481623942e-26)
(-0.0065208780998345173 -0.00067646319433998169 -4.1708920542805069e-26)
(-0.0065176745508120628 -0.00067685369095340793 -2.0324930314032492e-26)
(-0.0065112743159746007 -0.00066595405435466222 0)
(-0.0065022860555744655 -0.00064575499567155433 0)
(-0.0064912242877208743 -0.0006178774163581891 0)
(-0.006478523245196089 -0.00058363207073947737 1.8928280240562519e-26)
(-0.0064645491078349432 -0.00054407081583980621 1.8711431301991053e-26)
(-0.006449610666806614 -0.00050003038245076327 2.3524214997553902e-56)
(-0.0064339685179468304 -0.00045216953633524877 0)
(-0.0064178429056736099 -0.00040100043476720535 0)
(-0.0064014203511003169 -0.00034691492018169552 0)
(-6.3801706885529845e-06 0.0050013897579030573 -6.9557240698807598e-25)
(-0.00010297691472370096 0.012265742591560632 -6.7984371949277198e-25)
(-0.00029342519864904653 0.017113995085338604 0)
(-0.00056934084701972952 0.019914568189913023 0)
(-0.0009150406896535825 0.021059607494083522 0)
(-0.0013148340202235218 0.020939380336166755 0)
(-0.0017520071675744505 0.019917648840200745 0)
(-0.0022096752721883686 0.018312326195977845 2.8807573011263817e-25)
(-0.0026721055984307799 0.016383949946560908 4.8374514460042931e-25)
(-0.0031257089941138707 0.014332339991938241 2.0223917146207405e-25)
(-0.0035595993918424609 0.012300067971322763 0)
(-0.003965764848114799 0.010380439664073654 1.4105620799580159e-25)
(-0.004338928999629032 0.0086275790038498352 1.1824971701204167e-25)
(-0.0046762077124930211 0.0070666478586096535 0)
(-0.0049766649736940937 0.0057029198547319561 0)
(-0.0052408503533740384 0.0045290929788973644 7.2520796311612512e-26)
(-0.0054703718969506777 0.0035307321952218404 1.2548990013180866e-25)
(-0.0056675325343691586 0.0026900412307339608 5.485707700732912e-26)
(-0.0058350390186570691 0.0019882991870009406 4.8476556018397522e-26)
(-0.0059757804971194862 0.001407316611110583 8.6593479646775056e-26)
(-0.0060926677510723896 0.00093022055484520325 3.9073648449483861e-26)
(-0.0061885220557242326 0.00054180903944918836 3.5614661166509161e-26)
(-0.0062660028377369116 0.00022864645854616902 3.2768270312874687e-26)
(-0.0063275646352611388 -2.098582528723452e-05 0)
(-0.0063754355504429955 -0.00021721204399193517 0)
(-0.0064116110095744092 -0.00036871532361580991 0)
(-0.0064378580808863144 -0.0004828980650548035 0)
(-0.0064557267635734295 -0.0005660371273818693 0)
(-0.0064665655696547475 -0.00062342806382032867 0)
(-0.0064715394452384573 -0.00065951620563366848 0)
(-0.006471648620730506 -0.00067801420085799788 0)
(-0.0064677473978082241 -0.00068200647308191964 0)
(-0.00646056219851893 -0.00067404143118084592 0)
(-0.0064507084414583207 -0.00065621238859518878 0)
(-0.0064387059892180411 -0.00063022817244670051 2.0026012307723966e-26)
(-0.0064249930435342981 -0.0005974743817517349 -2.1732653778149931e-40)
(-0.0064099384601328593 -0.00055906621736906946 -1.9477651888531776e-26)
(-0.0063938525222374852 -0.00051589376389755493 2.3660180994731844e-56)
(-0.0063769962565108545 -0.00046866055798606927 1.9099733988118001e-26)
(-0.0063595894029798376 -0.00041791622848293684 1.8963905926571446e-26)
(-0.0063418171654099787 -0.00036408394135577389 0)
(-6.2509443837882229e-06 0.0050515956210079819 -6.9691659482072112e-25)
(-0.00010091416091938398 0.012410992528547719 -6.8185654237466061e-25)
(-0.00028765011680559631 0.017346112918855867 0)
(-0.00055841137240340822 0.020222323774528629 0)
(-0.00089803856276381557 0.021429027022726338 0)
(-0.0012913575081388326 0.02135457293839102 0)
(-0.001722143587397135 0.020361975105504429 0)
(-0.0021739258218030624 0.018769649495063316 2.9222264182509825e-25)
(-0.0026312706872833416 0.016839724230804872 4.9209278763272279e-25)
(-0.0030807595852228886 0.014774371566767244 2.0635337109789477e-25)
(-0.0035115570855713154 0.012718895813248834 0)
(-0.0039156053708299977 0.01076936899287489 0)
(-0.0042875154347246274 0.0089824560502832999 0)
(-0.0046242530196910006 0.007385479409905301 0)
(-0.0049247190336961016 0.0059854299482905013 0)
(-0.0051893049447507148 0.0047762847057063931 7.5426780029987755e-26)
(-0.005419477024230103 0.0037444960348114982 1.3086162906077041e-25)
(-0.0056174185849465512 0.0028728291556514682 5.7335875636216343e-26)
(-0.005785740668911854 0.0021428682988379171 5.0763298523258062e-26)
(-0.0059272596872612287 0.0015365369845461031 9.0814369171222141e-26)
(-0.0060448341934095902 0.0010369377478559117 4.1023483332551982e-26)
(-0.0061412505749724689 0.00062875065574566726 0)
(-0.0062191473926291119 0.00029836280522231763 0)
(-0.0062809692001854645 3.3844471885845439e-05 0)
(-0.0063289422047845172 -0.00017515484640153868 0)
(-0.0063650656548410638 -0.00033754656928891227 0)
(-0.0063911142113641821 -0.00046095444696105206 0)
(-0.0064086476869110445 -0.00055186392014051986 0)
(-0.0064190254331803224 -0.00061576287374582293 0)
(-0.00642342337124542 -0.00065727094890014525 0)
(-0.006422852204419828 -0.00068025653566914973 0)
(-0.0064181757743349494 -0.00068794154183782273 0)
(-0.0064101288431419601 -0.00068299448745395787 2.1699518760013944e-26)
(-0.0063993338297024674 -0.00066761267148071157 2.1239198995360238e-26)
(-0.0063863162122837717 -0.00064359423237050201 2.0846507794567543e-26)
(-0.0063715184477070742 -0.00061240094537259469 0)
(-0.0063553123572611253 -0.00057521259564181145 0)
(-0.0063380100009885337 -0.00053297374944113638 1.9989574742349465e-26)
(-0.0063198731105624318 -0.00048643371984128725 1.9790513727149475e-26)
(-0.0063011211820379071 -0.00043618048949723689 1.962752257456861e-26)
(-0.0062819383474508389 -0.00038266931203213248 0)
(-6.1268678853043152e-06 0.0051008066239659148 0)
(-9.8941450128253776e-05 0.01255342266324401 0)
(-0.00028213131070665048 0.017573880845295185 0)
(-0.0005479686112492433 0.020524604630715069 0)
(-0.00088178906021651657 0.02179232069046718 0)
(-0.0012689058057782263 0.021763474663945456 0)
(-0.0016935568604389503 0.020800286100306035 0)
(-0.0021396650885833948 0.019221582070186555 0)
(-0.0025920844819417041 0.017290964096119094 -2.5014902246842894e-25)
(-0.0030375634673241703 0.015212836423665159 -2.1040236423974705e-25)
(-0.0034653202505432815 0.013135130410748106 0)
(-0.0038672584078434801 0.011156604007200265 0)
(-0.0042378856170067185 0.009336411380148818 0)
(-0.0045740271148851175 0.0077040099566512239 0)
(-0.0048744294560184691 0.0062681031572469339 0)
(-0.0051393332073896188 0.0050239568599712873 0)
(-0.005370068339786334 0.0039589291866563934 0)
(-0.0055687023755114085 0.0030563691195670639 0)
(-0.0057377530624988134 0.002298188839337812 0)
(-0.005879965381738691 0.001666446113196132 0)
(-0.0059981461531993128 0.0011442375568410045 0)
(-0.0060950468259711359 0.00071614075610428854 0)
(-0.006173284717462587 0.00036837784891534224 0)
(-0.0062352938612882059 8.8817465970417959e-05 0)
(-0.0062832979933193072 -0.0001331102540941153 0)
(-0.0063192996514155695 -0.00030654024706673616 0)
(-0.00634508065102613 -0.00043931456339154826 -2.799054373509287e-26)
(-0.0063622102956367721 -0.00053812554121357794 -2.6693576105334775e-26)
(-0.0063720585776909176 -0.00060865275636963131 0)
(-0.006375812312909318 -0.00065569028838014095 0)
(-0.0063744927027862223 -0.00068326293989513136 0)
(-0.0063689732426573283 -0.00069473113150564413 -2.3172491051556523e-26)
(-0.0063599972184160934 -0.00069288473580666143 1.8382451083087473e-40)
(-0.0063481942844773355 -0.00068002637976811379 2.2082995890292943e-26)
(-0.0063340958050589089 -0.00065804487371944314 0)
(-0.0063181487829853857 -0.00062847948853291132 0)
(-0.006300728305003579 -0.00059257583210369001 0)
(-0.0062821485079408781 -0.0005513340855451749 0)
(-0.0062626721222640725 -0.00050555035397383398 0)
(-0.0062425186838245177 -0.00045585186863132264 0)
(-0.0062218715249699498 -0.00040272674796060459 0)
(-6.0068592766927816e-06 0.0051490634041335059 0)
(-9.7044254429489346e-05 0.012693151279506118 0)
(-0.00027683034160868409 0.017797483347004994 0)
(-0.00053794344155089528 0.02082164159061297 0)
(-0.00086619027836206167 0.022149740472981121 0)
(-0.0012473459961035843 0.022166332703726369 0)
(-0.0016660876731759591 0.021232802055832691 0)
(-0.0021067136424850184 0.019668301751140704 0)
(-0.002554354239558505 0.01773779725518642 -2.5418361605861124e-25)
(-0.0029959210258893123 0.015647811447778995 -2.1438872387972959e-25)
(-0.0034206879273561441 0.013548802353068231 0)
(-0.0038205260277050955 0.011542136676509666 0)
(-0.0041898478575981748 0.0096894072575902553 0)
(-0.0045253467488645489 0.0080221807743878857 0)
(-0.0048256228170068987 0.0065508673889364145 0)
(-0.0050907723330563849 0.0052720300779311646 0)
(-0.005321994035223882 0.0041739495100342645 0)
(-0.0055212432277315848 0.0032405792338962209 0)
(-0.0056909466368781671 0.0024541809844828401 0)
(-0.0058337790479079769 0.0017969671162457836 0)
(-0.0059524960138759193 0.0012520462595797684 0)
(-0.0060498139890224215 0.00080390856282082596 0)
(-0.0061283286718375185 0.0004386233006485253 0)
(-0.0061904630391097764 0.00014386680077642269 0)
(-0.0062384377792398787 -9.114324831878725e-05 0)
(-0.0062742581799432994 -0.00027576045506528597 0)
(-0.0062997127546749188 -0.0004180420194634869 -2.9224613984986589e-26)
(-0.0063163799555853509 -0.00052488537416482163 -2.7850609378690725e-26)
(-0.006325640195280223 -0.00060216102457441567 0)
(-0.0063286910814476516 -0.00065483750471438576 0)
(-0.0063265643179547257 -0.00068709660210513137 0)
(-0.0063201431493775358 -0.00070243819765647181 -2.4089265614955266e-26)
(-0.0063101795547746567 -0.0007037746947467444 -2.3456058921140437e-26)
(-0.0062973106499199056 -0.00069351534488859838 0)
(-0.0062820739508862326 -0.00067364096030097804 0)
(-0.0062649212982288857 -0.00064576960939328933 0)
(-0.0062462313498560197 -0.00061121395421669762 0)
(-0.0062263206297867796 -0.00057103092471047598 0)
(-0.0062054531756434031 -0.00052606443978039041 0)
(-0.0061838488649831897 -0.00047698188323983388 0)
(-0.0061616905235990548 -0.00042430502585700679 0)
(-5.8900048738381253e-06 0.0051963998207077179 0)
(-9.5209966858419813e-05 0.012830278777590054 -6.8764303066770305e-25)
(-0.00027171352907641368 0.018017079098649653 -6.156626592945644e-25)
(-0.00052827480014104112 0.021113635494989652 0)
(-0.00085115148490528798 0.022501507920528151 0)
(-0.0012265588194903983 0.022563366567439919 0)
(-0.0016395919973604791 0.021659720478948541 0)
(-0.0020749080603250885 0.02010996972775015 0)
(-0.0025179031293945556 0.018180341029633392 0)
(-0.0029556478168081156 0.016079368847291799 0)
(-0.0033774731335448017 0.01395994233243947 0)
(-0.0037752228129164581 0.011925962780552064 0)
(-0.0041432213970348302 0.010041412438635796 0)
(-0.0044780380021965417 0.0083399414391105483 0)
(-0.0047781334754903437 0.0068336599799516552 0)
(-0.0050434658369476731 0.005520435063901089 0)
(-0.0052751072681156983 0.0043894852432890949 0)
(-0.0054749041724722535 0.0034253880976584279 0)
(-0.0056451943740980044 0.0026107753928608377 0)
(-0.0057885836137720401 0.0019280335346567796 0)
(-0.0059077766046085342 0.0013603004724952095 0)
(-0.0060054547339223599 0.00089199354780873142 0)
(-0.0060841917006891162 0.00050904103149356872 0)
(-0.0061463988863593904 0.00019893618765184147 0)
(-0.0061942933475142457 -4.9308844088780916e-05 0)
(-0.0062298825698799114 -0.00024526143896751992 0)
(-0.006254961294426706 -0.00039719069878827026 0)
(-0.0062711167597655527 -0.00051219723269669941 0)
(-0.0062797395557639612 -0.00059634159533889137 0)
(-0.0062820379565885617 -0.0006547666786406325 0)
(-0.006279054150888046 -0.00069181172714583331 0)
(-0.006271681208611813 -0.00071111694535749771 0)
(-0.0062606799554462168 -0.00071571837847252161 0)
(-0.0062466951825399086 -0.00070813314850427746 0)
(-0.0062302708165122749 -0.00069043536416042869 0)
(-0.006211863824863436 -0.00066432317096684612 0)
(-0.0061918567444416732 -0.00063117750489224023 0)
(-0.0061705688032356537 -0.00059211317523259288 0)
(-0.0061482656646261744 -0.00054802293881094793 0)
(-0.0061251678633872254 -0.00049961524202957197 0)
(-0.0061014580282926093 -0.00044744630324603288 0)
(-5.7755382433196193e-06 0.0052428438731606025 0)
(-9.3427692455887496e-05 0.01296488990108405 -6.8949165675066377e-25)
(-0.00026675146730585603 0.018232803908795708 -4.0532177196884902e-40)
(-0.00051890891860989507 0.021400760265029978 5.4817616452417247e-25)
(-0.00083659214224248585 0.022847816875415684 0)
(-0.0012064375910443962 0.022954770123520641 0)
(-0.001613940016657346 0.022081217368881429 0)
(-0.0020440999636661054 0.020546730951209496 0)
(-0.0024825694576584346 0.018618702049632129 0)
(-0.0029165740238777287 0.016507575318354666 0)
(-0.0033355025722142202 0.014368579950916983 0)
(-0.0037311758173962984 0.012308080514911482 0)
(-0.004097836595816938 0.010392400697900858 0)
(-0.00443193668629931 0.0086572483601759179 0)
(-0.0047318041600027845 0.0071164262869981365 0)
(-0.004997264308109926 0.0057691112649344532 0)
(-0.0052292670557652441 0.0046054737702652523 0)
(-0.0054295529706749075 0.0036107336527525504 0)
(-0.0056003729359909923 0.0027679121413325138 0)
(-0.0057442647075597788 0.0020595883369410343 0)
(-0.0058638825366620463 0.0014689462166247061 0)
(-0.0059618726475484975 0.00098034455007270089 0)
(-0.0060407863471673004 0.00057958223387453804 0)
(-0.0061030228751711409 0.00025397860671505881 0)
(-0.0061507950616956006 -7.6528456943044065e-06 0)
(-0.006186112025700464 -0.00021508830851731521 0)
(-0.0062107742489083085 -0.00037680544222390899 0)
(-0.0062263773735427965 -0.00050010600211784296 0)
(-0.0062343219014756486 -0.00059123959422677523 0)
(-0.00623582662480935 -0.00065552325898988865 0)
(-0.0062319441770320866 -0.00069745406848761415 0)
(-0.0062235775092244171 -0.0007208133271761327 0)
(-0.00621149642976861 -0.00072876176235467556 0)
(-0.0061963536054983476 -0.00072392555779769155 0)
(-0.00617869962267495 -0.00070847337348607924 0)
(-0.0061589968596326627 -0.0006841846848727205 0)
(-0.0061376320388254217 -0.00065250990568903582 0)
(-0.0061149274118521045 -0.00061462284773856077 0)
(-0.0060911505929278466 -0.00057146612877599548 0)
(-0.0060665230991801093 -0.00052379017085128212 0)
(-0.0060412276841675123 -0.00047218644048827084 0)
(-5.6628219641083659e-06 0.0052884185190405844 0)
(-9.1688063689447603e-05 0.013097055740172529 0)
(-0.00026191859418488926 0.018444773395843474 6.2030396068399019e-25)
(-0.0005097986362210279 0.021683165737530378 5.509211191429717e-25)
(-0.00082244101923688783 0.023188836031451287 0)
(-0.0011868872016279933 0.023340713582913199 0)
(-0.0015890151169471081 0.022497448479113925 -3.639270393682182e-25)
(-0.0020141550885043324 0.020978714664506661 -3.11891460798631e-25)
(-0.0024482058850311666 0.019052976140829955 0)
(-0.0028785438669545055 0.016932491428987513 0)
(-0.0032946162498021054 0.01477474275521087 0)
(-0.0036882243942037742 0.012688489317212127 0)
(-0.0040535349600544883 0.010742349558780655 0)
(-0.0043868885483481449 0.0089740634951710977 0)
(-0.0046864863321483541 0.0073991184377621196 0)
(-0.004952025911301782 0.0060180056855123924 0)
(-0.005184338898078851 0.0048218605098597775 0)
(-0.0053850628428306459 0.0037965621487436921 0)
(-0.0055563634888398106 0.0029255397595985186 0)
(-0.0057007115687153507 0.0021915830156772052 0)
(-0.005820711193762618 0.0015779380681104473 0)
(-0.0059189732979174738 0.0010689189735116904 0)
(-0.0059980263854582869 0.00065020666239566963 -4.2536779648585842e-26)
(-0.0060602569943925509 0.00030895558691083045 -3.9479045451925373e-26)
(-0.0061078731233784964 3.3787463788814367e-05 0)
(-0.006142884943451216 -0.00018527769413932883 0)
(-0.0061670981705394213 -0.00035692267250229487 0)
(-0.0061821164488501676 -0.00048864823219128546 0)
(-0.0061893499038913318 -0.00058689191670257624 0)
(-0.0061900276736008078 -0.00065714459289062908 0)
(-0.0061852127734469279 -0.000704061428032618 0)
(-0.0061758180701725141 -0.0007315655136915074 2.6731638179466452e-26)
(-0.0061626224723030703 -0.00074294322568039443 2.5957799561826294e-26)
(-0.0061462867073307425 -0.0007409309424156698 0)
(-0.0061273682586247399 -0.00072779308613875923 0)
(-0.0061063351915057133 -0.00070539168421893562 0)
(-0.0060835787168333115 -0.000675247812150302 2.3724091699510448e-26)
(-0.0060594244292739912 -0.0006385953963610495 2.3327516030609755e-26)
(-0.0060341422221333067 -0.00059642793417048626 0)
(-0.0060079549261623753 -0.00054953873656940066 0)
(-0.0059810457501255051 -0.00049855532183412969 0)
(-5.5513316970067074e-06 0.005333142402801549 0)
(-8.9983076621783349e-05 0.013226835534946038 6.9306981625522427e-25)
(-0.00025719280562720676 0.018653085423073937 1.2451080694013612e-24)
(-0.00050090277964153981 0.021960980280490636 5.5361287687513872e-25)
(-0.00080863538095775822 0.023524711339419906 0)
(-0.0011678231946156946 0.023721345416513051 0)
(-0.0015647129372735847 0.022908550601814223 -3.6753307128464977e-25)
(-0.0019849523904770057 0.021406035030484261 -3.156298009883483e-25)
(-0.0024146786483287591 0.019483248362406717 -2.6968717519882661e-25)
(-0.002841414980290103 0.017354171184573448 -2.2974427355940659e-25)
(-0.0032546670304156142 0.015178455463550974 0)
(-0.0036462199284684272 0.013067188880967766 0)
(-0.0040101690441299584 0.011091239197648654 0)
(-0.0043427493283797721 0.0092903532207321039 0)
(-0.0046420403804314832 0.0076816942188179457 0)
(-0.0049076167001580384 0.0062670718217487618 0)
(-0.0051401951945773449 0.0050385979100756439 8.1004618714077957e-26)
(-0.0053413129769253409 0.0039828271999545794 1.4343484732740987e-25)
(-0.0055130522919570211 0.0030836143474808563 6.4030149761156074e-26)
(-0.0056578177091101065 0.0023239767592602325 0)
(-0.0057781634597260483 0.0016872383779114371 0)
(-0.0058766650232091929 0.0011576820485203808 0)
(-0.0059558276672570538 0.00072088193210239964 -4.4096335946491774e-26)
(-0.0060180246519341649 0.00036383653632834543 -4.0922299946424752e-26)
(-0.0060654585239019098 7.4982682703258341e-05 3.8229439879258186e-26)
(-0.0061001399076919807 -0.00015585835581863422 3.593612346518861e-26)
(-0.0061238792273743906 -0.00033757097388272228 0)
(-0.006138287706101777 -0.00047785268886460421 0)
(-0.0061447847817677264 -0.00058332775247856678 0)
(-0.0061446097420199903 -0.00065966042321688239 0)
(-0.0061388358979584286 -0.00071166412734591515 0)
(-0.006128386044513082 -0.00074340433948601517 2.7574436127535417e-26)
(-0.0061140482880965913 -0.0007582939737318168 5.3507623322594117e-26)
(-0.0060964915850749849 -0.00075918067433097434 2.6036133519327404e-26)
(-0.0060762805399963158 -0.00074842578935541051 0)
(-0.0060538891714874057 -0.00072797508554422769 0)
(-0.0060297134753507205 -0.00069942146068107476 2.4367321365649585e-26)
(-0.0060040827059307375 -0.0006640600535074983 2.3938931642057658e-26)
(-0.0059772693641693244 -0.00062293625210768384 0)
(-0.0059494979287665227 -0.00057688716730946402 0)
(-0.0059209523994994285 -0.00052657717357444862 0)
(-5.4406422096965162e-06 0.0053770305056132063 0)
(-8.8305944876946151e-05 0.013354278299223322 6.9479846146182094e-25)
(-0.00025255510906608175 0.018857822314571952 1.24951436310148e-24)
(-0.00049218560106950658 0.022234313204693833 5.5625196556751383e-25)
(-0.00079512024759326085 0.023855568263520401 0)
(-0.0011491709114648039 0.024096794199304938 0)
(-0.0015409404784085061 0.023314642857339814 0)
(-0.0019563831879090901 0.021828791832514748 0)
(-0.0023818667947974981 0.019909593167089144 -2.734122826486144e-25)
(-0.0028050577759885379 0.017772661744682592 -2.3344185236196895e-25)
(-0.0032155201479860626 0.015579739355478321 0)
(-0.0036050255027099739 0.013444178330461536 0)
(-0.0039676022630399004 0.011439051498482034 -1.4581863731741093e-25)
(-0.0042993847062735673 0.0096060873387344096 -1.2557769631115217e-25)
(-0.004598335686837359 0.007964116082624163 0)
(-0.0048639107882020713 0.0065162686992732517 0)
(-0.005096715506070249 0.0052556445323383837 8.3503972442249311e-26)
(-0.0052981888691153141 0.0041694889217916619 1.4805114449416106e-25)
(-0.0054703311079558319 0.0032420987627106595 6.6158285458236455e-26)
(-0.0056154813855496376 0.0024567356873835423 0)
(-0.0057361442475082026 0.0017968165499842247 0)
(-0.0058348595130355216 0.0012466061478253465 0)
(-0.0059141087522946219 0.00079158286747795512 0)
(-0.0059762513508477546 0.00041859812178310992 0)
(-0.0060234837615076205 0.00011591070222096434 3.9546789775771493e-26)
(-0.0060578164473280207 -0.00012685174888472432 3.7159198233999186e-26)
(-0.0060810639962239352 -0.00031877163334232577 0)
(-0.0060948447618649855 -0.00046774087093639155 0)
(-0.0061005871598532636 -0.00058056907816945872 0)
(-0.0060995404072849424 -0.00066309335775021272 0)
(-0.0060927880005495717 -0.00072028545397914831 0)
(-0.0060812626525485114 -0.00075635372751943237 0)
(-0.0060657617446442762 -0.00077483844138703567 2.7530087238332689e-26)
(-0.0060469626122745786 -0.00077869951215841723 2.6769625339343145e-26)
(-0.0060254371902883517 -0.00077039632658095565 0)
(-0.006001665705265731 -0.00075195954026157665 0)
(-0.0059760492261202421 -0.00072505500696705384 0)
(-0.0059489209782949701 -0.0006910401578519769 0)
(-0.0059205563966563297 -0.00065101327268012607 0)
(-0.0058911819425145973 -0.00060585616814822613 0)
(-0.0058609827449942389 -0.00055627087815205941 0)
(-5.330415068899465e-06 0.0054200947247081445 0)
(-8.6650968970281269e-05 0.013479424282663313 0)
(-0.00024798931102841477 0.019059052871260508 0)
(-0.0004836162676950485 0.022503256985605621 5.5883861914513323e-25)
(-0.00078184771503369025 0.024181513894286893 4.9336191266691616e-25)
(-0.0011308646999798782 0.024467170376731961 0)
(-0.0015176152659378136 0.023715827975407219 0)
(-0.0019283503438335171 0.022247071227865237 0)
(-0.0023496614350872629 0.020332074659549806 0)
(-0.0027693548037566575 0.018188003266616234 0)
(-0.0031770526924179759 0.015978611800874398 0)
(-0.0035645155154059218 0.013819455535074425 0)
(-0.0039257086395536522 0.01178576923893908 -1.4907405949745535e-25)
(-0.0042566701676307918 0.0099212382014771845 -1.2864474162496277e-25)
(-0.0045552505987176608 0.0082463502595126331 0)
(-0.0048207904135100805 0.0067655600025299332 0)
(-0.0050537866998186494 0.0054729642151874463 0)
(-0.0052555825388012475 0.0043565131364030644 0)
(-0.0054280974790645014 0.0034009618700303872 0)
(-0.0055736059304701321 0.0025898321416313601 0)
(-0.005694562878979046 0.0019066483698699462 0)
(-0.0057934722331793699 0.0013356701492960672 0)
(-0.0058727913739609018 0.00086229089648931522 0)
(-0.0059348651911991443 0.00047322369224394017 0)
(-0.0059818833819597394 0.00015655615431074763 0)
(-0.0060158556126957315 -9.8272552546472251e-05 0)
(-0.0060386000689775093 -0.00030053914822176429 0)
(-0.0060517417636869845 -0.0004583274964907564 0)
(-0.0060567177302631283 -0.00057863112264485599 0)
(-0.00605478687018413 -0.00066745931388399651 0)
(-0.0060470427302781677 -0.00072994208612087283 0)
(-0.0060344279077652859 -0.00077043109452838514 0)
(-0.0060177491144388483 -0.00079259468032277975 0)
(-0.0059976921958540021 -0.00079950597148331713 0)
(-0.0059748366099496289 -0.0007937234525143838 0)
(-0.0059496690326026119 -0.00077736377627101209 0)
(-0.0059225958837744687 -0.0007521668562387653 0)
(-0.0058939546641667232 -0.00071955347554330835 0)
(-0.0058640240643486425 -0.00068067579358213506 0)
(-0.0058330328608329207 -0.00063646123176896627 0)
(-0.0058011676504232442 -0.00058765028358748813 0)
(-5.2203877592907756e-06 0.0054623443896599866 0)
(-8.501341896266539e-05 0.013602306286699093 0)
(-0.00024348173450436747 0.019256834204122417 0)
(-0.0004751683964716882 0.022767889308770727 5.613728372266447e-25)
(-0.00076877633060310608 0.024502638923862344 4.9626671906671634e-25)
(-0.0011128471797341583 0.024832567950720974 0)
(-0.0014946645646681611 0.024112193557703023 0)
(-0.0019007674871136166 0.022660946537866974 0)
(-0.0023179650189268717 0.020750746934067449 0)
(-0.0027342001150437436 0.018600228855552001 0)
(-0.0031391530817887459 0.01637508590882018 0)
(-0.0035245752685438784 0.01419301654542296 0)
(-0.0038843725052589502 0.012131375392481956 0)
(-0.0042144908106113068 0.010235779942707515 0)
(-0.0045126723307331654 0.0085283659635073221 0)
(-0.0047781459242318344 0.0070149132859266099 0)
(-0.0050113030076584259 0.0056905253089614225 0)
(-0.0052133926496862257 0.0045438706400957882 0)
(-0.0053862549030381755 0.0035601778445265575 0)
(-0.0055320999761794016 0.0027232440242951246 0)
(-0.0056533333522811929 0.0020167153766918961 0)
(-0.0057524227316706729 0.001424858838100902 0)
(-0.0058318007806312522 0.00093299347965111615 0)
(-0.0058937972466562771 0.00052770273089533157 0)
(-0.0059405943870889264 0.00019690988400898837 0)
(-0.0059742004132072512 -7.0129173348424366e-05 0)
(-0.0059964365182479662 -0.00028288170761777207 3.7326734571588543e-26)
(-0.0060089338799071135 -0.0004496209642242771 3.5416799265896697e-26)
(-0.0060131377648245509 -0.00057752280919516348 0)
(-0.0060103164881604061 -0.0006727679422702062 0)
(-0.0060015734870875739 -0.00074064449839058536 0)
(-0.005987861185342851 -0.00078564773976021966 2.9982355647077125e-26)
(-0.0059699956581965611 -0.00081157473166707374 2.9022018251001229e-26)
(-0.0059486713721725801 -0.00082161268262919026 0)
(-0.0059244754835070116 -0.00081842017741438563 0)
(-0.0058979013439557099 -0.00080420093044698468 0)
(-0.0058693609905772961 -0.00078076998578896018 0)
(-0.0058391964943932612 -0.00074961251478291441 0)
(-0.0058076901169483233 -0.00071193552893517758 2.5187488950464651e-26)
(-0.005775073278351495 -0.00066871294385151584 2.4770915928915574e-26)
(-0.005741534379176916 -0.00062072450785575822 0)
(-5.1103640263468303e-06 0.0055037867220082094 0)
(-8.3389428706776321e-05 0.013722950847908569 0)
(-0.00023902096244594927 0.019451213399812393 0)
(-0.00046681962898262709 0.023028274950809294 0)
(-0.00075587051817616773 0.024819019489628228 0)
(-0.0010950685595503336 0.025193066084200067 0)
(-0.0014720246410366371 0.02450381331418347 0)
(-0.0018735582719586535 0.02307047906218947 0)
(-0.0022866906358734174 0.021165654475850101 0)
(-0.0026994986371695539 0.019009364604724396 0)
(-0.0031017205293292008 0.016769170280248109 0)
(-0.0034851005357783176 0.014564855136747344 0)
(-0.003843488169705121 0.01247585253390103 0)
(-0.0041727411102369383 0.010549687803795907 0)
(-0.0044704968154098933 0.0088101346830315209 0)
(-0.0047358757053800075 0.0072642992593082139 0)
(-0.0049691660192216578 0.0059082999750059576 0)
(-0.0051715245606175908 0.0047315365267732203 0)
(-0.0053447129341440804 0.0037197255239343487 0)
(-0.0054908775998995622 0.0028569541804793746 0)
(-0.0056123745261465081 0.0021270042739161225 0)
(-0.0057116348588673333 0.0015141623439844914 0)
(-0.0057910659889966161 0.0010036835711750686 0)
(-0.0058529818471237914 0.00058203033772385028 0)
(-0.0058995565427175248 0.00023696845381799211 0)
(-0.0059327961492328732 -4.2424221861893764e-05 0)
(-0.0059545242533221724 -0.00026580164968294408 3.8400114733691306e-26)
(-0.0059663776786012699 -0.00044162379255049234 3.6414511042214812e-26)
(-0.0059698095145678167 -0.00057724717733822453 0)
(-0.0059660971932890402 -0.00067902303198058838 0)
(-0.0059563538564354254 -0.00075239735101582906 0)
(-0.0059415416716728422 -0.0008020092189266675 3.0743713967233307e-26)
(-0.005922486087579156 -0.00083178498563858617 2.9737126342217746e-26)
(-0.0058998902813561481 -0.00084502673707136198 0)
(-0.0058743492640356216 -0.0008444941015674027 0)
(-0.0058463632737663484 -0.00083247887262960236 0)
(-0.0058163502173868035 -0.00081087226013201014 0)
(-0.0057846570205672392 -0.00078122483395483321 0)
(-0.0057515698228242252 -0.00074479941232632476 2.5689259115155315e-26)
(-0.0057173230101741322 -0.00070261728306901885 2.5244054501092054e-26)
(-0.005682107118835978 -0.00065549823798037447 0)
(-5.0002052700940281e-06 0.0055444272438093158 0)
(-8.1775900196732012e-05 0.013841379300788473 0)
(-0.00023459760421761753 0.019642229032212868 0)
(-0.00045855124182582225 0.023284467507101073 0)
(-0.00074310004751550315 0.025130718892168315 0)
(-0.0010774860022860805 0.025548730623966551 0)
(-0.0014496400701057169 0.02489074826721575 0)
(-0.0018466556744443266 0.02347571890702067 0)
(-0.002255761342176275 0.021576832613209935 0)
(-0.0026651655610363135 0.01941542971188695 0)
(-0.0030646645112546891 0.017160868851007972 2.1308558680727745e-25)
(-0.0034459971195306286 0.014934962447398635 0)
(-0.0038029595679967055 0.0128191823377285 -1.5858212599295529e-25)
(-0.0041313246522768797 0.01086293754625728 0)
(-0.0044286285159728239 0.0090916295492407453 0)
(-0.0046938860619339913 0.0075136911417566683 0)
(-0.0049272846265598176 0.0061262635443651388 0)
(-0.0051298903236734273 0.0049194895630390581 8.2973305257145254e-26)
(-0.0053033872277251128 0.0038795878060490095 7.4401822107892944e-26)
(-0.0054498584089862235 0.0029909498200356376 0)
(-0.0055716102410301015 0.0022375063758567825 0)
(-0.0056710369206834036 0.0016035756113506789 0)
(-0.0057505199663441808 0.0010743591115358994 0)
(-0.0058123567878328305 0.00063620674384953996 0)
(-0.0058587126126585344 0.00027673367743684971 0)
(-0.0058915906689731472 -1.5154962299803001e-05 0)
(-0.0059128162980306466 -0.00024929589592648265 0)
(-0.0059240314248865744 -0.00043433303841098247 0)
(-0.005926696524951652 -0.0005778017863090544 0)
(-0.0059220978239202648 -0.00068622289911588104 0)
(-0.0059113579558542238 -0.00076519986412047671 0)
(-0.0058954487243611372 -0.00081951570485292618 0)
(-0.005875204937211222 -0.00085322652938371807 0)
(-0.0058513385499816455 -0.00086975002344989825 0)
(-0.0058244525652673459 -0.00087194774063022119 0)
(-0.0057950543008792339 -0.00086220052161310018 0)
(-0.0057635677714289362 -0.00084247673910572973 0)
(-0.0057303450293756395 -0.00081439334344297421 0)
(-0.0056956763893568386 -0.00077926989405807895 0)
(-0.0056597995178578313 -0.00073817591558131084 0)
(-0.0056229074126588818 -0.00069197202365384116 0)
(-4.8898228410408062e-06 0.0055842701399727553 0)
(-8.0170416728765604e-05 0.013957608730456809 0)
(-0.00023020408221766179 0.019829912532014941 0)
(-0.00045034778846082352 0.0235365109762786 0)
(-0.00073043954315423745 0.025437789193386594 0)
(-0.0010600630324562998 0.025899615542475149 0)
(-0.0014274630836569855 0.025273047919166094 0)
(-0.0018200013241189538 0.023876705818909806 0)
(-0.0022251095137459545 0.021984308009979008 0)
(-0.0026311257444356323 0.019818436660525972 0)
(-0.0030279042394138664 0.017550180814060127 2.164388766773715e-25)
(-0.0034071804027840788 0.015303326702155038 6.2262124027913341e-41)
(-0.0037626998941579378 0.013161345160679128 -1.6166402059223108e-25)
(-0.0040901538453922363 0.011175504943245373 0)
(-0.0043869802113093281 0.0093728247759775566 0)
(-0.0046520910691482259 0.0077630640788473289 0)
(-0.0048855749320044946 0.006344393931947548 0)
(-0.0050884086422225494 0.0051077116115525924 8.513472616074226e-26)
(-0.0052621995419492081 0.0040397510881780008 7.6391189414110484e-26)
(-0.0054089675808483744 0.0031252219763640457 0)
(-0.0055309693926500758 0.0023482170867825686 0)
(-0.0056305617820199281 0.0016930978983159732 0)
(-0.0057100997607746973 0.0011450225454766045 0)
(-0.0057718634839476011 0.00069023684735514774 0)
(-0.0058180085362894204 0.00031621217285942216 0)
(-0.0058505345673433079 1.1686258465352476e-05 0)
(-0.0058712680087946098 -0.00023335636678248518 0)
(-0.0058818553164996061 -0.00042774069855825998 0)
(-0.0058837638876626727 -0.00057917910231535831 0)
(-0.0058782883914294572 -0.00069436076054111336 0)
(-0.0058665607153543685 -0.00077904617850771982 0)
(-0.0058495621650079075 -0.00083816233595926262 0)
(-0.0058281368686102317 -0.00087589548392404246 0)
(-0.005803005605000717 -0.00089577955388500544 0)
(-0.0057747794844446648 -0.00090077884235689027 0)
(-0.0057439730793788892 -0.00089336415346665064 0)
(-0.005711016734306601 -0.00087558197909700752 0)
(-0.0056762678871297009 -0.00084911660118630096 0)
(-0.0056400213135146008 -0.00081534523255355018 0)
(-0.0056025182657564263 -0.00077538648388692194 0)
(-0.0055639545216252632 -0.00073014256518989307 0)
(-4.7791711097539703e-06 0.0056233185786122323 0)
(-7.8571163744207352e-05 0.014071652824544024 0)
(-0.00022583443621852306 0.020014289425081828 0)
(-0.00044219676889419111 0.02378444121072789 0)
(-0.00071786802856428481 0.025740272700341436 0)
(-0.001042768982481795 0.026245764299583908 0)
(-0.0014054529558740897 0.025650751380129243 0)
(-0.0017935448683848163 0.024273470017548853 0)
(-0.002194676224412234 0.02238809918928741 0)
(-0.0025973131317317904 0.020218391456054269 0)
(-0.0029913681410856522 0.01793710061116302 0)
(-0.0033685748993119665 0.015669933011574183 0)
(-0.0037226312252334128 0.01350231970053452 0)
(-0.0040491496175528502 0.011487365343747762 0)
(-0.0043454727599710891 0.0096536951662984944 0)
(-0.0046104123977548954 0.0080123946193424358 0)
(-0.004843960127660832 0.0065626711029446406 0)
(-0.0050470047980171366 0.0052961870999864774 0)
(-0.0052210777064527055 0.0042002047463696457 0)
(-0.0053681358679237958 0.0032597650000725387 0)
(-0.0054903859689334972 0.0024591354108271049 0)
(-0.0055901469321007228 0.0017827323032700271 0)
(-0.0056697465919602567 0.001215680364784622 0)
(-0.0057314470839919295 0.00074412977122730311 0)
(-0.0057773935612978637 0.00035541493340778463 0)
(-0.0058095813403316529 3.8111590525030413e-05 0)
(-0.0058298372489801751 -0.00021797038188745203 0)
(-0.0058398116728255412 -0.00042183409495155308 0)
(-0.0058409784444978232 -0.00058136687086663265 2.4899577902438768e-26)
(-0.0058346402980368924 -0.00070342509388543549 2.3779363751107329e-26)
(-0.005821938108031206 -0.00079392570390816126 0)
(-0.0058038625214680908 -0.00085793955337381471 0)
(-0.0057812669230213184 -0.00089978333084260421 0)
(-0.0057548809361393791 -0.00092310778106017134 0)
(-0.0057253238733621084 -0.00093098069502334636 0)
(-0.0056931177174543018 -0.00092596370236335869 0)
(-0.0056586993479919674 -0.00091018232744675791 0)
(-0.0056224318323308342 -0.00088538910192610979 0)
(-0.0055846146805985843 -0.00085301977979025158 0)
(-0.005545493025724664 -0.00081424288984761862 0)
(-0.0055052657350710436 -0.00077000299558412089 0)
(-4.6682411982068965e-06 0.0056615749930940974 0)
(-7.6976856363870593e-05 0.014183522632409219 0)
(-0.00022148414325482815 0.020195380449157124 0)
(-0.00043408832395521764 0.024028287241415067 0)
(-0.00070536850171947169 0.026038203340025608 -3.3996427258883095e-25)
(-0.0010255784736021136 0.026587211125568312 -2.9997460321005344e-25)
(-0.0013835754231322143 0.026023888453296572 0)
(-0.001767243367078722 0.024666033021940752 4.5785117275737105e-25)
(-0.0021644106480620882 0.022788217081186425 3.9717682279186571e-25)
(-0.0025636701897740191 0.020615293908604462 0)
(-0.0029549933470057101 0.01832161798572951 2.9732287818337923e-25)
(-0.0033301138045349651 0.016034763239749224 5.1496715816241149e-25)
(-0.0036826841392861138 0.013842082724886183 2.2359185079845266e-25)
(-0.004008241100702776 0.011798493304054684 -9.7471403161308148e-26)
(-0.0043040348478781314 0.009934215681247055 -8.5409962979331203e-26)
(-0.0045687791193156704 0.0082616602479386875 0)
(-0.0048023703523162554 0.0067810765888649269 0)
(-0.0050056105535938962 0.0054849025334984354 0)
(-0.0051799555646327572 0.0043609406527079604 0)
(-0.0053272995749425994 0.0033945760860346055 0)
(-0.0054497990580805507 0.002570263491417439 0)
(-0.0055497345199068317 0.0018724853178216957 0)
(-0.0056294059113188386 0.0012863426750915146 -7.4308512413652519e-26)
(-0.0056910565536626278 0.00079789844409463889 -6.8861782560445171e-26)
(-0.0057368203531856293 0.00039435692330888183 0)
(-0.0057686875051583038 6.4137295016182381e-05 0)
(-0.0057884845185697453 -0.00020312103950423176 -2.830977669688436e-26)
(-0.0057978650860402055 -0.00041659624386402021 -2.6787013639820831e-26)
(-0.0057983089544124235 -0.00058434847472503668 2.5459965861415051e-26)
(-0.0057911265174338698 -0.00071339998448079569 2.4299632011715324e-26)
(-0.005777467342976259 -0.00080982345530915593 4.6563022522467763e-26)
(-0.0057583312319837545 -0.00087883342718063666 4.4769748599806738e-26)
(-0.0057345807357969576 -0.00092487722908744514 -4.3184349719928666e-26)
(-0.0057069543196268972 -0.00095172290632647286 -4.1777136129955245e-26)
(-0.0056760795706286889 -0.00096254242768545068 0)
(-0.0056424860174751927 -0.00095998905394679849 0)
(-0.0056066172621081628 -0.00094626820997132906 0)
(-0.0055688422296768245 -0.00092320156000644141 0)
(-0.0055294654246353667 -0.00089228426056545216 0)
(-0.0054887361437181833 -0.00085473557164891724 0)
(-0.0054468566434887518 -0.00081154315642640684 0)
(-4.5570552763343171e-06 0.005699041328981613 -4.7555554476180704e-25)
(-7.5386672743745287e-05 0.014293227238825706 -4.7136945893628864e-25)
(-0.00021714995113341062 0.020373202557393558 0)
(-0.00042601495124624763 0.024268072484522202 0)
(-0.00069292753850098586 0.026331607929937273 -3.4167471646691961e-25)
(-0.0010084709277405962 0.026923982226841021 -3.0187763335208234e-25)
(-0.0013618021344898807 0.026392480676037416 0)
(-0.0017410607145236434 0.025054408465301253 4.6212709699458502e-25)
(-0.0021342694828351805 0.023184665587667977 4.015357456285982e-25)
(-0.0025301473592124102 0.021009137955143802 0)
(-0.0029187251877746566 0.018703718089565634 3.0158900673870264e-25)
(-0.0032917385480469652 0.016397795933758653 5.2320750651129875e-25)
(-0.0036427973290965344 0.01418060886393578 2.2752128083979374e-25)
(-0.0039673653061178746 0.012108862281732198 -9.9325865967624195e-26)
(-0.0042626027227007333 0.010214361067101194 -8.7145766384355309e-26)
(-0.0045271274951500908 0.0085108389711692507 0)
(-0.0047607425295915782 0.006999593050984943 -6.8242119654847807e-26)
(-0.0049641640341813488 0.0056738460490438286 -6.095010006953694e-26)
(-0.0051387728941440875 0.0045219527293672637 0)
(-0.0052864005133813965 0.0035296548327727203 0)
(-0.0054091528329599861 0.0026816061792663132 0)
(-0.0055092713650747955 0.0019623664051621375 0)
(-0.005589027436313251 0.0013570227854439619 -7.609481875938257e-26)
(-0.0056506447296326753 0.00085155920138749153 -7.0500646418913157e-26)
(-0.0056962450614667128 0.00043305669093435993 0)
(-0.0057278126940758737 8.9783370331721483e-05 0)
(-0.0057471730738750731 -0.00018878758125448575 -2.8948034123084701e-26)
(-0.0057559825486905251 -0.00041200621055272535 -2.7376379131355672e-26)
(-0.0057557262332522431 -0.00058810327833241775 0)
(-0.0057477217470778136 -0.0007242654597840087 0)
(-0.0057331270294229842 -0.00082672037775417741 4.7501925292638557e-26)
(-0.0057129508203052522 -0.00090082597207625549 4.5643184637169505e-26)
(-0.0056880647216339198 -0.00095116032206188177 -4.3998053567061222e-26)
(-0.0056592160127432942 -0.00098160917890051966 -4.2536055564982165e-26)
(-0.0056270406047933428 -0.00099544930225322703 0)
(-0.005592075687049519 -0.00099542633113788056 0)
(-0.0055547717523740901 -0.0009838264114351476 0)
(-0.0055155037954643946 -0.00096254118550824909 0)
(-0.0054745815604369981 -0.00093312604533486872 0)
(-4.4456613395553344e-06 0.0057357192586525059 -4.7608755135640841e-25)
(-7.380019248701788e-05 0.014400774358395686 -9.4449789339168695e-25)
(-0.00021282972385820972 0.020547769816200056 -4.2825858956432001e-25)
(-0.00041797124015374975 0.024503815836587693 0)
(-0.00068053492071207104 0.026620507348875572 0)
(-0.00099143010686704057 0.027256096915826766 0)
(-0.0013401101296042115 0.026756542315169198 0)
(-0.0017149670862685719 0.025438602894722981 0)
(-0.0021042163952943956 0.023577442159466461 -2.0290961832028876e-25)
(-0.002496702519922336 0.021399912014507347 -1.7618200448043908e-25)
(-0.00288251669813271 0.019083381637033606 0)
(-0.0032533983480041435 0.016759006308831322 -1.3282947104070744e-25)
(-0.003602917212367965 0.014517870462173644 -1.1569482101348007e-25)
(-0.0039264667917680105 0.012418444387845808 0)
(-0.0042211199166496838 0.010494105537754711 0)
(-0.0044854007509218478 0.0087599089539291946 0)
(-0.0047190201897230116 0.007218203889351368 -6.9711313574108041e-26)
(-0.0049226095917879039 0.005863007010172218 -6.2303403906143445e-26)
(-0.0050974753085586003 0.004683236538434778 0)
(-0.0052453859363712487 0.0036650028334163421 0)
(-0.0053683965154718346 0.0027931706283166311 0)
(-0.005468708948485443 0.002052387603282811 0)
(-0.0055485651646520655 0.0014277368200158781 0)
(-0.0056101683558433604 0.00090513140588876118 0)
(-0.0056556273791832489 0.00047153599690296499 0)
(-0.005686919726325913 0.00011507318301354718 -3.1431329306026496e-26)
(-0.0057058690106529869 -0.00017494574458386291 -2.9570361535612533e-26)
(-0.0057141335558463279 -0.00040803945029881951 0)
(-0.0057132032706135464 -0.00059260695911427712 0)
(-0.0057044025380044517 -0.00073599781152862398 0)
(-0.0056888973184495576 -0.00084459365976038763 0)
(-0.0056677050483880951 -0.00092389545250134172 0)
(-0.0056417062374465579 -0.0009786120349924148 0)
(-0.0056116569261198219 -0.0010127471860756436 0)
(-0.0055782013753959934 -0.00102968299723583 0)
(-0.0055418845282303279 -0.0010322581721795804 0)
(-0.005503163917464928 -0.0010228403487251687 0)
(-0.0054624208017059299 -0.0010033919534331872 0)
(-0.0054199703946938016 -0.00097552941631920105 0)
)
;

boundaryField
{
    hotWall
    {
        type            noSlip;
    }
    coldWall
    {
        type            noSlip;
    }
    bottomWall
    {
        type            noSlip;
    }
    topWall
    {
        type            noSlip;
    }
    front
    {
        type            empty;
    }
    back
    {
        type            empty;
    }
    procBoundary8to6
    {
        type            processor;
        value           nonuniform List<vector> 
43
(
(-0.0054322587783536365 -0.00089685177441624938 0)
(-0.0053887413835870378 -0.000854749867380716 0)
(-0.0054322587783536365 -0.00089685177441624938 0)
(-4.3341283945973776e-06 0.0057716103659961066 0)
(-7.2217339442222407e-05 0.014506170856169018 -4.7309473016425687e-25)
(-0.00020852229746006311 0.020719094204015697 -4.2939284579945637e-25)
(-0.00040995362358247196 0.02473553266410947 0)
(-0.00066818328577509265 0.026904917611961638 0)
(-0.00097444367667091328 0.027583568666380742 0)
(-0.0013184813409561976 0.027116081315160055 0)
(-0.0016889384077610294 0.025818616552142439 0)
(-0.0020742214823548694 0.023966538379681802 -2.0501359583107103e-25)
(-0.002463300468942782 0.021787599369639928 -1.7828500791719925e-25)
(-0.0028463281281296575 0.019460585100844426 0)
(-0.0032150497669771834 0.01711836628383847 -1.3482437981718067e-25)
(-0.0035629975385293835 0.01485383748425324 -1.1759821778044343e-25)
(-0.0038854973221822227 0.012727210193591331 -1.0294855861815478e-25)
(-0.0041795369585058018 0.01077342250922941 -9.0536391014485121e-26)
(-0.0044435488379896146 0.0090088482043822245 0)
(-0.0046771532763210015 0.0074368928957269046 0)
(-0.0048808976530370449 0.0060523756411986216 0)
(-0.0050560141419695422 0.0048447889067592762 0)
(-0.0052042084560552787 0.0038006232977538437 0)
(-0.0053274843230718622 0.0029049659193476178 0)
(-0.0054280033848438519 0.0021425631529462031 0)
(-0.0055079773702732737 0.0014985033522199867 0)
(-0.0055695881005785692 0.00095863708918314018 0)
(-0.005614930578529435 0.00050981946431938091 0)
(-0.0056459746620736283 0.00014003313038825243 -3.2090985382947188e-26)
(-0.0056645413349264593 -0.00016156809613581473 -3.0176703030372992e-26)
(-0.0056722901901989885 -0.00040466813436486701 0)
(-0.0056707153287970371 -0.00059783182531485514 0)
(-0.0056611474067033282 -0.00074856990549066588 0)
(-0.0056447600268546873 -0.00086341703526711226 0)
(-0.0056225790514227254 -0.00094801667713146872 0)
(-0.0055954937277737024 -0.0010072083624139557 0)
(-0.0055642687788131327 -0.0010451141342394075 0)
(-0.005529556817069064 -0.0010652218829067554 0)
(-0.0054919106100812347 -0.0010704640006322199 0)
(-0.0054517948595636861 -0.0010632903364116856 0)
(-0.005409597264284873 -0.0010457348656040164 0)
(-0.0053760711188270754 -0.00094057581417505227 0)
(-0.0053656387214578334 -0.0010194758265401336 0)
)
;
    }
    procBoundary8to7
    {
        type            processor;
        value           nonuniform List<vector> 
55
(
(-0.0004873855875961568 -4.2567723123082823e-08 0)
(-0.0013880248619228693 -2.4910675394850401e-06 0)
(-0.0022126107978264957 -8.1770046032818821e-06 0)
(-0.0029602228446729138 -1.7141720635037169e-05 0)
(-0.00363127607830934 -2.9105433782845019e-05 0)
(-0.0042274421835597296 -4.3671621433797219e-05 0)
(-0.0047515082750631864 -6.03516631570349e-05 0)
(-0.0052071896214812459 -7.8611043046126745e-05 0)
(-0.005598914917095796 -9.7914194932821686e-05 0)
(-0.0059316067385371922 -0.0001177568707060604 0)
(-0.0062104740802339442 -0.00013768784597373917 0)
(-0.0064408275500694931 -0.00015732242865842798 0)
(-0.0066279231103649507 -0.00017634930827136787 0)
(-0.0067768366997643199 -0.00019453207579412404 5.2393594557288728e-28)
(-0.0067768366997643199 -0.00019453207579412404 5.2393594557288728e-28)
(-0.0068768404313772884 -0.0001749618853712531 0)
(-0.0069644761793451766 -0.00018888748585476164 0)
(-0.0070272821890426575 -0.00020186017045508537 0)
(-0.0070688875587155515 -0.00021388962660103171 0)
(-0.0070925243524737691 -0.00022502634230192473 0)
(-0.0071010379400263546 -0.00023535384974507234 0)
(-0.0070969068008634815 -0.00024498134881666833 0)
(-0.0070822687873555428 -0.00025403696616788037 0)
(-0.007058951312008138 -0.00026266179897959312 0)
(-0.0070285033997143894 -0.00027100480766916612 0)
(-0.0069922279954062984 -0.00027921855821989936 0)
(-0.0069512133249678316 -0.00028745577004610191 0)
(-0.0069063624604704396 -0.00029586659620178688 0)
(-0.0068584205376168664 -0.00030459654700893188 0)
(-0.0068079993141176133 -0.00031378496233076299 0)
(-0.0067555989463861949 -0.00032356393914661835 0)
(-0.0067016270038924757 -0.00033405762734859979 0)
(-0.0066464148420059734 -0.00034538181612745698 0)
(-0.0065902315224043032 -0.00035764374396487944 0)
(-0.0065332955104232928 -0.00037094207620769139 0)
(-0.0064757843982068677 -0.00038536700486741697 0)
(-0.0064757843982068677 -0.00038536700486741697 0)
(-0.0064606431182262581 -0.00033109928099026747 0)
(-0.0063848592010401451 -0.00029020642909485247 0)
(-0.0063238358739846614 -0.00030748332663223271 0)
(-0.0062624791519215808 -0.00032624666629424648 0)
(-0.0062008836661546695 -0.00034654898684663459 0)
(-0.0061391299310987997 -0.0003684360556103073 0)
(-0.006077287000550778 -0.00039194718843904271 0)
(-0.0060154145675192609 -0.00041711557253368883 0)
(-0.0059535646194913772 -0.00044396858872739289 -2.2191091620241737e-26)
(-0.0058917827423411711 -0.00047252813113976598 -2.2691009391706982e-26)
(-0.0058301091495139516 -0.00050281092290812863 0)
(-0.0057685794985720363 -0.00053482882721446034 0)
(-0.0057072255448228143 -0.00056858915315247463 0)
(-0.005646075671343855 -0.00060409495612496523 0)
(-0.0055851553261023175 -0.00064134533252714295 0)
(-0.0055244873898574239 -0.00068033570848973586 0)
(-0.0054640924929038378 -0.00072105812244353329 0)
(-0.0054039892942519385 -0.00076350150124948916 0)
)
;
    }
}


// ************************************************************************* //
