/*--------------------------------*- C++ -*----------------------------------*\
  =========                 |
  \\      /  F ield         | OpenFOAM: The Open Source CFD Toolbox
   \\    /   O peration     | Website:  https://openfoam.org
    \\  /    A nd           | Version:  13
     \\/     M anipulation  |
\*---------------------------------------------------------------------------*/
FoamFile
{
    format      ascii;
    class       volVectorField;
    location    "2.92057390164";
    object      U;
}
// * * * * * * * * * * * * * * * * * * * * * * * * * * * * * * * * * * * * * //

dimensions      [0 1 -1 0 0 0 0];

internalField   nonuniform List<vector> 
2130
(
(0.0061702161274017871 0.00030444230344678065 2.6430804126171882e-26)
(0.0061917301058125812 0.00036337868862237167 0)
(0.0062130459851570726 0.00041956048683551475 -2.6733983138549015e-26)
(0.006234036373981202 0.0004727058932754108 0)
(0.0062545485121535951 0.00052243959571398983 0)
(0.0062743993381401218 0.0005682718429178208 2.7524230988463071e-26)
(0.0062933695754101475 0.0006095733437115027 5.5786856153741681e-26)
(0.0063111967135475412 0.00064554537088626612 5.6651737989125869e-26)
(0.006327566761882006 0.00067518439927604637 -3.8012814761667619e-40)
(0.0063421046634390124 0.0006972405703042459 -2.9417016223136171e-26)
(0.00635436327751248 0.00071016924835163317 3.0099515710719846e-26)
(0.0063638108736160538 0.00071207491937677115 6.1787480910139328e-26)
(0.006369817132157147 0.00070064668117636811 3.1819304316266818e-26)
(0.0063716377230543927 0.00067308459005225826 3.2900115651398119e-26)
(0.0062333738672881714 0.00028369863534084697 2.5672534340767996e-26)
(0.0062533095843973338 0.00034274722808932197 0)
(0.0062731129536679362 0.00039915908648998445 -2.5911964667793525e-26)
(0.0062926544661579568 0.0004526754476526897 0)
(0.0063117798618013742 0.000502948492968358 0)
(0.0063303053028432692 0.00054952133227514108 2.6592331467388729e-26)
(0.0063480115751785747 0.00059180394301602054 8.0759642764047968e-26)
(0.0063646371894898884 0.00062904443995687501 8.1922596850303697e-26)
(0.0063798702544632553 0.00066029499972545256 0)
(0.0063933390020666616 0.00068437171847839616 -2.8297771760556065e-26)
(0.0064046008626630849 0.00069980764202604419 2.8923031750404714e-26)
(0.0064131300190045587 0.00070479817699322148 5.9309231543112361e-26)
(0.0064183034171107853 0.00069713807003383087 9.1534108945528637e-26)
(0.0064193852838502182 0.00067414913119020895 9.4549009295068494e-26)
(0.0062962336898859748 0.00026454620412555364 0)
(0.0063146385269731153 0.00032363832468329946 0)
(0.0063329799417688286 0.00038021407189608574 0)
(0.0063511260598815471 0.00043403715905553319 0)
(0.0063689208630052906 0.00048478659563126389 0)
(0.0063861794670124535 0.00053203757665910801 0)
(0.0064026824381791187 0.0005752384542330385 2.5924384159387197e-26)
(0.0064181690161064474 0.00061368316971613488 2.626740419639199e-26)
(0.0064323291104098155 0.00064647846795019956 0)
(0.0064447939436487701 0.00067250516029831629 0)
(0.0064551252279715574 0.00069037265282843657 0)
(0.006462802790923752 0.00069836590984746348 0)
(0.006467210611004596 0.00069438398139943787 2.918179522306477e-26)
(0.0064676212910301824 0.0006758691865579317 3.0110863001611465e-26)
(0.006358695390792396 0.00024693604241053858 0)
(0.0063756235270511653 0.00030599964583060004 0)
(0.0063925604954253017 0.00036266997537057021 0)
(0.0064093718386574721 0.00041673266443318621 0)
(0.0064258995506570387 0.0004678928971357321 0)
(0.0064419574571187117 0.00051575719105861428 0)
(0.0064573256459330153 0.00055981139166695983 0)
(0.0064717438129784869 0.00059939426172109949 0)
(0.0064849033855255847 0.00063366598605433329 0)
(0.0064964382885601309 0.00066157084964486217 0)
(0.0065059142314912539 0.00068179328535580104 0)
(0.0065128164172733663 0.00069270642682305776 0)
(0.0065165356170974039 0.00069231224089832326 0)
(0.0065163526166678041 0.00067817225196020888 0)
(0.0064206411978677512 0.00023081228916475057 0)
(0.0064361539118272647 0.00028977182920369044 2.3266514449230123e-26)
(0.0064517511943068618 0.00034646412915707522 2.3311168445088244e-26)
(0.0064672958243736567 0.00040069619776429184 0)
(0.0064826276134475396 0.00045219875463460671 0)
(0.0064975588856296803 0.00050060889325666703 2.3668643872702837e-26)
(0.0065118690208929514 0.00054544908735353146 2.3872648888226431e-26)
(0.0065252979240995506 0.00058610193023091552 2.4126961720291041e-26)
(0.0065375382776298712 0.00062177992867534033 2.4438403935170312e-26)
(0.0065482264361606075 0.00065148960301908681 0)
(0.0065569318313982283 0.00067398907297915749 2.5269293171116845e-26)
(0.0065631447756259471 0.00068773823380296269 2.5812908360731998e-26)
(0.0065662625898642892 0.00069084054734783716 0)
(0.0065655740404221615 0.00068097538596419008 0)
(0.0064819316353825719 0.0002161118932446359 4.4814634807393163e-26)
(0.0064960975844432795 0.00027488819008507153 6.7167970402254646e-26)
(0.0065104274731893732 0.00033152637046132536 2.2403609728385535e-26)
(0.0065247811794939695 0.00038585428642985562 0)
(0.0065389961791945152 0.00043762757031123791 0)
(0.0065528831226265667 0.00048651316368592088 2.2656049244938176e-26)
(0.006566220488415272 0.00053206932314671374 2.2819419107857433e-26)
(0.0065787481752528822 0.00057372150037634129 2.3029690843086332e-26)
(0.0065901598854296393 0.00061073342135412902 2.3293251415066682e-26)
(0.0066000941523274743 0.00064217261261335186 0)
(0.0066081238704362999 0.00066686954062414219 2.4014791449697491e-26)
(0.0066137442039071017 0.00068336944180100135 2.4495716299382892e-26)
(0.0066163587822525597 0.0006898758226267399 0)
(0.006615264144637879 0.00068418449871959905 0)
(0.0065424003842011157 0.00020276434388797924 4.3078888639996822e-26)
(0.0065552958503901724 0.00026127445517345256 4.2987562391804052e-26)
(0.0065684384151548309 0.00031777877168834789 0)
(0.0065816849685392965 0.00037212547076877521 0)
(0.0065948705470678555 0.0004240944929843709 0)
(0.0066078040022692934 0.00047338192173124107 0)
(0.0066202627620718527 0.00051958097436191652 0)
(0.006631986543978576 0.00056215901187747861 0)
(0.0066426698702371396 0.00060042989726839054 0)
(0.0066519532313745067 0.00063352094934678504 0)
(0.0066594127478894491 0.0006603336478931568 0)
(0.0066645481936862304 0.0006794971446131674 0)
(0.0066667692729408569 0.00068931351910779504 0)
(0.0066653800895334504 0.00068769358536013619 0)
(0.0066018479479515351 0.00019069144201846496 -2.065426754553522e-26)
(0.0066135570317604744 0.00024884853735943584 -2.0581767068859982e-26)
(0.0066256003147255448 0.0003051354106423598 0)
(0.0066378316717547415 0.00035942006153838268 0)
(0.0066500836544447044 0.00041150615449203371 0)
(0.0066621632466440667 0.00046111823253235096 0)
(0.0066738467295911789 0.00050788367838155101 0)
(0.0066848735141500316 0.00055131084081808601 0)
(0.0066949387873002902 0.00059076266365125731 0)
(0.0067036848139517971 0.00062542506567069835 0)
(0.0067106907356579877 0.00065426922045024071 0)
(0.0067154607178861398 0.00067600677162285366 0)
(0.0067174103210027071 0.00068903688757202149 0)
(0.0067158510119599167 0.00069138390374268817 0)
(0.006660033913822287 0.00017980713400537094 -1.9753868568710568e-26)
(0.0066706486526704667 0.00023752037233632127 -1.9655413147334996e-26)
(0.0066816887884641376 0.0002935022012980337 -1.9582863433876411e-26)
(0.0066930052223751731 0.00034763995576245552 -1.9536778940560468e-26)
(0.0067044280434446213 0.00039976046115048817 1.9518333015219831e-26)
(0.0067157623654854693 0.00044961606423844791 0)
(0.0067267832911991508 0.00049686754760397986 0)
(0.0067372298600831887 0.00054106335800118322 3.9304891380989618e-26)
(0.0067467978247483353 0.00058161449521845386 1.9773308849425814e-26)
(0.0067551310920007657 0.00061776431386304431 0)
(0.0067618116626640707 0.00064855238332305054 2.0167330814210721e-26)
(0.0067663479104759644 0.00067277142683590263 0)
(0.0067681610591965201 0.0006889162135414466 -2.492517082704535e-40)
(0.0067665697530837256 0.00069512310072562789 2.1304581951472412e-26)
(0.0067166675839210599 0.00017001743369396077 0)
(0.0067262879650974629 0.00022719184365034391 0)
(0.0067364291951971939 0.0002827768122220851 -1.8617211668357658e-26)
(0.0067469393222067782 0.00033667853832538544 -1.8541200743976946e-26)
(0.0067576460740965188 0.00038874646775037644 1.8490018647513668e-26)
(0.0067683527706493716 0.00043876012307135509 -1.8465289956075663e-26)
(0.006778833380871388 0.00048641295372258943 -1.8469476510265036e-26)
(0.00678882658206838 0.00053129265017165257 3.7012096456340123e-26)
(0.0067980286632093653 0.00057285727978410362 1.8579693362966209e-26)
(0.006806085104844318 0.00061040650340357574 0)
(0.0068125806626386292 0.00064304701756257064 1.8864671389361912e-26)
(0.0068170277842377692 0.0006696512327939941 0)
(0.0068188532032243425 0.00068880803717183685 0)
(0.006817382583980615 0.00069876429784277512 1.9792202059689275e-26)
(0.0067713967484020251 0.00016122046662538734 0)
(0.0067801305780531276 0.00021775683067711032 0)
(0.0067894851203462551 0.00027284870775431817 0)
(0.0067993057812357743 0.00032642070500187465 -1.753803930803551e-26)
(0.0068094181206665482 0.00037834437023508063 -1.7454778089934854e-26)
(0.0068196238322389118 0.00042842580259764955 -1.7394767090590705e-26)
(0.0068296958873186701 0.00047639041971256433 -1.7360146641379103e-26)
(0.0068393726996257096 0.00052186434009599545 0)
(0.0068483511514765144 0.00056435175120883943 0)
(0.0068562783105211959 0.00060320753116503928 0)
(0.006862741657874611 0.00063760427191777655 0)
(0.0068672576475336958 0.00066649270816504719 0)
(0.006869258426254154 0.00068855438175789729 0)
(0.0068680765670297017 0.00070214515669174795 -1.827364307434504e-26)
(0.0068018230241114223 -8.2947132274246085e-05 -1.7869547953193601e-26)
(0.0068056006137899991 -2.1841585575515293e-05 -1.7616093617641967e-26)
(0.0068105944342834639 3.7863684445518016e-05 0)
(0.0068166977414020578 9.6232496331692728e-05 0)
(0.006823794375057579 0.00015330667812788194 0)
(0.0068317569567343242 0.00020910142246846082 0)
(0.0068404446820524833 0.00026359935607864394 0)
(0.0068497006292767048 0.00031674305217352307 -1.6530440971484673e-26)
(0.0068593484888004683 0.00036842566331620835 -1.6415820447139876e-26)
(0.0068691886029978722 0.00041847929427613805 0)
(0.0068789931895953072 0.00046666066712191216 0)
(0.0068885006049640108 0.00051263355324181496 0)
(0.0068974084876244016 0.00055594735706747693 1.617957390295014e-26)
(0.0069053656080611328 0.00059601113082098818 1.6192936508361564e-26)
(0.0069119622403874519 0.00063206217416600277 0)
(0.0069167188668214051 0.00066312822096886096 1.6349638543344079e-26)
(0.0069190730304824321 0.00068798202905162467 1.6513293766958174e-26)
(0.0069183641698484883 0.00070508695725700528 -1.6752210289992378e-26)
(0.006855111240520519 -8.5453004868864504e-05 0)
(0.0068577762253153023 -2.5673821478430672e-05 0)
(0.0068617781710281298 3.2809806528339357e-05 0)
(0.0068670068494190474 9.0070181817371038e-05 0)
(0.0068733430119311146 0.00014615925619043105 0)
(0.0068806565784783414 0.00020110434980349232 0)
(0.0068888044360323752 0.00025490265823787024 0)
(0.006897627766103742 0.00030751428907674729 0)
(0.0069069488086417738 0.0003588535206148787 1.5376730061569478e-26)
(0.0069165669539636493 0.00040877791846642708 1.5248040814147511e-26)
(0.0069262540372030026 0.00045707487919518787 0)
(0.006935748692405078 0.00050344509255141384 1.5046954728044004e-26)
(0.0069447496062169361 0.00054748232297954986 4.494095796725107e-26)
(0.0069529074952200693 0.00058864880318444679 2.9884245103912587e-26)
(0.0069598156179215128 0.00062624540272658113 1.4938646649258562e-26)
(0.0069649986244053243 0.0006593755759257701 4.4934395972407355e-26)
(0.0069678995465447223 0.00068690189648125367 3.0142508446134313e-26)
(0.0069678647433738458 0.00070739373938439915 0)
(0.006904448877725235 -8.683902561857375e-05 0)
(0.0069061156228430497 -2.851020964557221e-05 0)
(0.006909242745403798 2.8631237786688442e-05 0)
(0.0069137170498893927 8.4665690987386128e-05 0)
(0.0069194167350324918 0.00013965482622470003 0)
(0.0069262095706512814 0.00019363769615103412 0)
(0.0069339506953807256 0.00024662566195106015 0)
(0.0069424799560351127 0.00029859593938639926 0)
(0.0069516186984420998 0.00034948346696170269 1.4341495047980182e-26)
(0.0069611659032138293 0.00039917074823118373 4.2538755488407521e-26)
(0.006970893542545608 0.00044747525465224631 2.806352254989447e-26)
(0.0069805410162766335 0.00049413389828758571 1.3899991287848717e-26)
(0.0069898085073167825 0.0005387839922427008 2.7574482290269835e-26)
(0.0069983490791070075 0.00058094000709523505 1.369770172295866e-26)
(0.0070057593224599332 0.00061996529824897076 1.3637074573045234e-26)
(0.0070115683478485366 0.00065503781454044033 2.7225869311129191e-26)
(0.0070152249146048394 0.00068510859238164886 1.3635195162419666e-26)
(0.0070160824941346836 0.00070885157930996299 0)
(0.0069490602119870954 -8.722172282940783e-05 0)
(0.0069498487450326005 -3.0469507490374816e-05 0)
(0.0069522233583962801 2.520643236700678e-05 0)
(0.0069560685227591451 7.9894103037604468e-05 0)
(0.0069612605438828887 0.00013366448650558739 0)
(0.0069676657231368816 0.000186567958682208 0)
(0.0069751381485870139 0.00023862963451542121 0)
(0.0069835170402684421 0.00028984341007432554 0)
(0.0069926235609365584 0.00034016442472908773 0)
(0.0070022569875746827 0.00038949961184001883 2.6240620005132117e-26)
(0.0070121901215861636 0.00043769594201427723 2.5872308184410721e-26)
(0.0070221637973116114 0.0004845258866178562 0)
(0.0070318803295683499 0.00052966953781168784 -2.5210524761821653e-26)
(0.0070409957221270608 0.00057269271065461618 -2.4929411378891726e-26)
(0.0070491104416387515 0.0006130202168462013 0)
(0.0070557585471977468 0.00064990333027644895 0)
(0.0070603949568175169 0.00068238025074776425 0)
(0.0070623806318426711 0.00070922810000907893 -1.2212361196990183e-26)
(0.0069880234988784918 -8.6722937823111934e-05 0)
(0.0069880580669863038 -3.1675292099174862e-05 0)
(0.0069898062232052801 2.2409397249665032e-05 0)
(0.0069931508628596328 7.5626299538248423e-05 0)
(0.0069979671903286607 0.00012805525697887418 0)
(0.0070041208596233959 0.00017975753642504184 0)
(0.0070114657555844324 0.00023077157677473467 0)
(0.0070198413402338721 0.00028110751480629086 0)
(0.007029069477197912 0.00033074022705848692 0)
(0.0070389506314482786 0.00037960057266918319 0)
(0.0070492593241709006 0.00042756445912390254 0)
(0.0070597387039898311 0.00047443927750909942 0)
(0.0070700940761945887 0.000519947162900851 -2.2879863481283228e-26)
(0.0070799852116864015 0.00056370442432868812 -2.2497691237898135e-26)
(0.0070890172381039319 0.00060519635097742281 0)
(0.0070967298984649313 0.00064374642818987977 0)
(0.0071025849497086723 0.00067847877670953278 0)
(0.0071059514676094573 0.00070827234639059321 -1.0724850257388988e-26)
(0.013158226881709128 -0.010139866613675552 0)
(0.01303680103409521 -0.01044113036553794 -4.8310707414379887e-26)
(0.012896232124792869 -0.01071686296745889 5.1082210960406368e-55)
(0.012739306210600236 -0.010964546944936197 5.5741964626318059e-26)
(0.012569636174580174 -0.011180328907215271 -6.1348437562747386e-26)
(0.012391415694575324 -0.01135906431307142 -6.8056128931657326e-26)
(0.012209086300599675 -0.011494583521433089 0)
(0.01202695453731706 -0.011580190566114437 0)
(0.011848810918700329 -0.011609356894593397 0)
(0.011677607360426383 -0.011576522723324906 0)
(0.011515242487097462 -0.011477882975883456 0)
(0.011362485527263422 -0.011312025004125465 0)
(0.011219043852003339 -0.011080306459143298 0)
(0.011083753180082067 -0.010786909342437664 0)
(0.01095484960873116 -0.010438567740339655 0)
(0.010830273267058795 -0.010044025558360163 0)
(0.010707955481926301 -0.0096133222458828303 0)
(0.010586052569940415 -0.0091570210787015622 0)
(0.010463105437007699 -0.0086854861709035752 0)
(0.010338120510291668 -0.0082082876764350884 0)
(0.010210580607797639 -0.0077337794080312204 0)
(0.010080402389431477 -0.007268858715098598 0)
(0.0099478599406296851 -0.0068188914717639488 0)
(0.0098134928824232127 -0.0063877683534988051 -9.7803206715970727e-26)
(0.009678013744839108 -0.0059780520122173436 -9.205920238378581e-26)
(0.0095422246975545993 -0.0055911761049659654 0)
(0.0094069492445813009 -0.005227663446573042 8.0972832859443513e-26)
(0.0092729808300590737 -0.0048873390672054609 2.2729999998586289e-25)
(0.0091410477250228502 -0.004569522559167591 1.4167836887577655e-25)
(0.0090117920333498466 -0.004273191502632433 6.6209622041808032e-26)
(0.0088857599727323773 -0.0039971133926834787 6.1884865627024493e-26)
(0.0087634005036995293 -0.0037399472906037823 -5.786274233787891e-26)
(0.0086450696611110132 -0.0035003186336160009 -5.4134727841769753e-26)
(0.008531038400791802 -0.003276871630755929 0)
(0.0084215022784846529 -0.0030683038312217035 -4.7507543817197853e-26)
(0.008316591749779282 -0.0028733871050589245 -4.4576451407438947e-26)
(0.0082163822784587087 -0.0026909786755591816 0)
(0.0081209037541046091 -0.002520025160465662 3.9394398258366627e-26)
(0.0080301489513145505 -0.0023595619205569905 3.7110081861804463e-26)
(0.0079440809241121749 -0.0022087094349926852 0)
(0.0078626393344634459 -0.0020666679445604545 3.3076965448001766e-26)
(0.0077857457772858608 -0.0019327112274795868 3.1299817745335134e-26)
(0.0077133081980920908 -0.0018061800873594377 0)
(0.0076452245131515481 -0.0016864759242915057 0)
(0.0075813855430922426 -0.0015730546121087814 0)
(0.0075216773644404804 -0.0014654208031784474 0)
(0.0074659831732888276 -0.0013631227145626727 0)
(0.0074141847434237495 -0.0012657474063039961 0)
(0.0073661635492646609 -0.0011729165365673125 0)
(0.0073218016126774107 -0.0010842825639299945 0)
(0.0072809821225260805 -0.00099952536032800357 0)
(0.0072435898668593811 -0.0009183491963078485 0)
(0.0072095115098766331 -0.00084048006143424647 0)
(0.0071786357391818599 -0.0007656632857545038 0)
(0.0071508533031691022 -0.00069366143234262463 0)
(0.007126056953528262 -0.00062425243569556919 0)
(0.0071041413036559689 -0.00055722796589143843 1.6617948778859933e-26)
(0.0070850026100461264 -0.00049239200386404019 1.6129246754220858e-26)
(0.0070685384803719255 -0.00042955961891851695 0)
(0.0070546475088176701 -0.00036855594580137543 1.5251341353205615e-26)
(0.0070432288361313537 -0.00030921536540235854 1.4855489723153445e-26)
(0.0070341816286829187 -0.0002513809007172852 0)
(0.0070274044674974679 -0.00019490384826320996 0)
(0.0070227946349574371 -0.00013964367482432303 0)
(0.0070202472824299469 -8.5468220738806468e-05 0)
(0.0070196544558609533 -3.2254265667281651e-05 0)
(0.0070209039519478376 2.0111474654739786e-05 -1.2900724519007741e-26)
(0.0070238779776027622 7.1730827574996981e-05 0)
(0.0070284515647140505 0.00012269201374362794 1.2349522926498835e-26)
(0.0070344906891587587 0.00017306672500174217 0)
(0.0070418500406838119 0.00022290626458781261 0)
(0.0070503703671622679 0.00027223654550828771 0)
(0.007059875307914275 0.00032105169919931551 0)
(0.0070701676154007248 0.00036930599573350141 0)
(0.0070810246469107533 0.00041690371549709602 0)
(0.0070921929891257871 0.0004636865382337321 1.0544869831927503e-26)
(0.0071033820584032919 0.0005094179252538415 1.0297477754159815e-26)
(0.00711425649873641 0.00055376385953719606 0)
(0.007124427178476592 0.00059626916967763486 9.8260185120417208e-27)
(0.0071334405672662084 0.00063632848790748419 9.611222388190369e-27)
(0.0071407662579456343 0.00067315066742185136 0)
(0.0071457823869366674 0.00070571519388995389 0)
(0.014660769272569048 -0.010014035070777401 0)
(0.014506359277168196 -0.01029290798650931 -1.8837569269878677e-25)
(0.014328274269368639 -0.010548486604579972 -1.9409451624344683e-25)
(0.014129218788727532 -0.010779225897853116 -1.3591244059890282e-25)
(0.013912868232024702 -0.010982064513563698 -2.1752803495675702e-25)
(0.013683646254208386 -0.011152366349732816 -7.8227131384180747e-26)
(0.013446400820858028 -0.01128410867021095 0)
(0.013206012632781153 -0.011370346901384717 0)
(0.012966987389155625 -0.011403930098824566 0)
(0.012733091715806279 -0.011378380251991662 0)
(0.012507088004092596 -0.011288800314809425 0)
(0.012290606034828596 -0.011132655891071279 0)
(0.012084163254746925 -0.010910292081545153 0)
(0.011887317796324062 -0.010625097038818043 0)
(0.011698915980310563 -0.010283293576135191 0)
(0.011517384201481675 -0.0098934103719021029 0)
(0.011341015310179765 -0.0094655368701918648 0)
(0.011168209810965923 -0.0090104900976996187 0)
(0.010997648077882732 -0.0085390161287057752 0)
(0.010828386516611589 -0.0080611208441784109 0)
(0.010659884342006876 -0.0075855852068347877 0)
(0.01049197635575749 -0.0071196806791106156 0)
(0.010324810566090361 -0.0066690686905009145 0)
(0.010158768711115351 -0.0062378480052854065 -9.69649704673317e-26)
(0.0099943843155536442 -0.0058287054712048937 -9.0969513738798465e-26)
(0.0098322683887824593 -0.0054431265347920522 0)
(0.0096730484484607946 -0.0050816287117419635 7.9522144685452894e-26)
(0.0095173229315060458 -0.0047439906708682074 2.2259176101415434e-25)
(0.0093656305034830519 -0.0044294592633127598 1.383709175461531e-25)
(0.0092184322660967249 -0.0041369251846903885 6.4500912877443228e-26)
(0.0090761041934146088 -0.0038650643150402509 6.0145685936375585e-26)
(0.0089389370492157279 -0.0036124460616710065 -5.6113190954080488e-26)
(0.0088071413146094714 -0.003377612508505027 -5.2390964330888027e-26)
(0.0086808551004990617 -0.0031591332773125988 0)
(0.0085601535052283861 -0.0029556411689696791 -4.5810569587493433e-26)
(0.008445058327210821 -0.0027658532519806824 -4.291504465153591e-26)
(0.0083355474182846851 -0.0025885813854107788 0)
(0.0082315632552055363 -0.0024227353976556897 3.7818083356522451e-26)
(0.0081330205188108948 -0.0022673214086068811 3.5580214715886082e-26)
(0.0080398126152192457 -0.0021214371415236772 0)
(0.0079518171654905118 -0.0019842655449371178 3.1642225296332198e-26)
(0.0078689005433436304 -0.0018550676337371168 2.9912193384342798e-26)
(0.0077909215665795282 -0.0017331751496641871 0)
(0.0077177344560621607 -0.0016179834172862669 0)
(0.0076491911733363215 -0.0015089446141934779 0)
(0.0075851432390448888 -0.0014055615673321475 0)
(0.0075254431224883499 -0.0013073821175511259 0)
(0.0074699452799984684 -0.0012139940508094776 0)
(0.0074185069074900077 -0.0011250205689609383 -4.2300862605161652e-26)
(0.0073709884612574291 -0.0010401162596200796 -4.0530293874583991e-26)
(0.0073272539910780648 -0.00095896351908295908 0)
(0.0072871713210252709 -0.00088126938169605861 0)
(0.0072506121060121427 -0.00080676271146388448 0)
(0.0072174517858378711 -0.00073519171579295274 0)
(0.0071875694532273944 -0.00066632174628695063 0)
(0.0071608476478655265 -0.00059993335698231142 -3.2430523346630232e-26)
(0.007137172084560787 -0.00053582059611692243 -1.5704555706339752e-26)
(0.0071164313202745338 -0.00047378951337965759 1.5229611993723867e-26)
(0.0070985163616707515 -0.00041365687062710766 0)
(0.0070833202119448251 -0.00035524905037535642 1.4372776278855674e-26)
(0.0070707373528275993 -0.00029840116314321802 1.3984247934324185e-26)
(0.0070606631546947388 -0.00024295636213766261 0)
(0.0070529932047219707 -0.0001887653820203264 -2.6543236401261108e-26)
(0.0070476225399321935 -0.00013568632782018104 -5.1767238793540243e-26)
(0.0070444447667518768 -8.3584751381102145e-05 -2.5252171548182996e-26)
(0.0070433510451996424 -3.2334066136530787e-05 0)
(0.0070442289087512371 1.818363874108216e-05 -1.2026892910420955e-26)
(0.0070469608932628349 6.8076298386782869e-05 0)
(0.0070514229275176277 0.00011743998328432908 1.1455382642191689e-26)
(0.0070574824329930974 0.00016635629774587989 0)
(0.0070649960823946766 0.00021488890490772077 0)
(0.0070738071409291569 0.00026307898773956118 0)
(0.0070837423060698393 0.00031093941314714175 -2.0668293816250245e-26)
(0.0070946079469236039 0.00035844731650478177 -2.0100765543169677e-26)
(0.0071061856265536537 0.00040553476445493629 1.9527876351791178e-26)
(0.0071182267717602521 0.00045207708144186232 2.8425262326870143e-26)
(0.0071304463344523603 0.00049787833658713739 9.1848514031149707e-27)
(0.0071425152670898627 0.00054265337709383113 0)
(0.0071540516124340078 0.00058600565534178367 8.6092542416455629e-27)
(0.0071646099859860425 0.00062739991955068034 8.3316959709727484e-27)
(0.0071736692094274863 0.00066612860937771993 0)
(0.0071806178371462154 0.00070127050122881403 1.5660950760742778e-26)
(0.016170791829606644 -0.0098561909782083675 0)
(0.015980814408689294 -0.010108467692769048 -1.5233022008947441e-25)
(0.015763164286051262 -0.010339542290009805 -1.5379481417682245e-25)
(0.015520453535776598 -0.010548951259319858 -1.5809452451430515e-25)
(0.015256367592525763 -0.010734564077954215 -1.651276040415375e-25)
(0.014975469793067683 -0.010892412216538973 0)
(0.014682895453642594 -0.011016785197151401 9.3098797456269417e-26)
(0.014383964910180439 -0.011100644665872274 1.9921604082576014e-25)
(0.014083764848229253 -0.011136345183758544 2.1296340931097736e-25)
(0.013786758406907318 -0.011116578444020541 2.2662290869773367e-25)
(0.013496482621121372 -0.011035395965901189 1.1967882446333489e-25)
(0.013215376210620513 -0.01088913381097349 0)
(0.012944755302216294 -0.010677073396737116 -1.2952578490107057e-25)
(0.012684926281638748 -0.010401723785611187 -1.3244084820587811e-25)
(0.012435401173659214 -0.010068688460334738 0)
(0.012195167339129098 -0.0096861613046779552 0)
(0.01196296184564199 -0.0092641605102939846 0)
(0.011737509845431234 -0.0088136415026496533 0)
(0.011517701448343801 -0.0083456280192415223 0)
(0.011302698033540092 -0.0078704714259396416 0)
(0.011091972727950958 -0.0073973049298776449 -3.4228419505855297e-25)
(0.010885298729029266 -0.006933714566318314 -5.4017997262957361e-25)
(0.010682702920610394 -0.0064856123210385828 -1.0177441957507486e-25)
(0.010484401780424176 -0.0060572732215615054 -1.9096027554402526e-25)
(0.0102907334586701 -0.0056514879783844604 -2.6786424190643122e-25)
(0.010102095665475989 -0.0052697831635724821 0)
(0.0099188948214608327 -0.0049126681629556327 -7.7584833969511326e-26)
(0.0097415084981051572 -0.0045798785367126846 -1.4437956340707505e-25)
(0.0095702607709679081 -0.0042705961389306627 -6.7138889050258677e-26)
(0.0094054086967683831 -0.0039836356280122205 -6.2440994797978004e-26)
(0.0092471375118599701 -0.0037175940579789938 -5.8093292322628566e-26)
(0.0090955620903039915 -0.0034709649803324112 5.4084847257614151e-26)
(0.0089507324677491028 -0.0032422212162162272 1.0079882483912624e-25)
(0.0088126416556723822 -0.0030298716581904201 4.7017592389503949e-26)
(0.0086812344192712318 -0.0028324976221378519 4.3918446266136007e-26)
(0.0085564161014301011 -0.0026487738129933034 4.1080629107858936e-26)
(0.0084380609121888356 -0.0024774782097025604 0)
(0.0083260193600848791 -0.0023174943289431377 0)
(0.0082201246847178316 -0.0021678085220811555 0)
(0.0081201982714201974 -0.0020275042608770412 0)
(0.008026054103165231 -0.0018957547977898283 0)
(0.0079375023449297175 -0.0017718151444116679 0)
(0.0078543521725705241 -0.0016550139816753104 0)
(0.0077764139602896215 -0.0015447458781185871 0)
(0.0077035009340661754 -0.001440464027483298 0)
(0.0076354303872367343 -0.0013416736062484855 0)
(0.0075720245414449766 -0.0012479257804346299 0)
(0.0075131111231366019 -0.0011588123474601036 0)
(0.0074585237135804793 -0.0010739609741875309 -4.0027446764290856e-26)
(0.0074081019195026904 -0.00099303098016158319 -3.8329934655391971e-26)
(0.0073616914019730209 -0.00091570961089598431 0)
(0.0073191437931490674 -0.00084170874683012361 -1.7661158283515199e-26)
(0.0072803165237303701 -0.00077076199718525886 -3.3989605212988352e-26)
(0.0072450725783311633 -0.00070262213309993024 -1.6378670194275953e-26)
(0.0072132801912575331 -0.00063705882030506435 -1.5808122770930336e-26)
(0.0071848124911901281 -0.00057385661776167534 -4.5836531431786971e-26)
(0.0071595470998576331 -0.0005128132149113528 -2.9573599410639839e-26)
(0.0071373656867821794 -0.00045373788641660695 0)
(0.0071181534794445209 -0.00039645014953753417 0)
(0.007101798725624821 -0.00034077861571607033 0)
(0.0070881921020866448 -0.00028656003468641178 0)
(0.0070772260610871725 -0.00023363853666632132 0)
(0.0070687941034290203 -0.00018186508615592289 -2.483665355058974e-26)
(0.007062789963447438 -0.00013109717014579729 -4.836578847631116e-26)
(0.0070591066864992939 -8.1198754098510149e-05 -2.3552714665335564e-26)
(0.0070576355788489415 -3.2040548883923255e-05 0)
(0.0070582649987504719 1.6499348852827037e-05 0)
(0.0070608789573970753 6.4534373244143209e-05 -2.1752767052917521e-26)
(0.0070653554903841523 0.0001121678569732276 -2.1167127833191174e-26)
(0.0070715647455936899 0.00015949074261051573 0)
(0.0070793667324630018 0.00020657848558637963 0)
(0.0070886086621493411 0.00025348696978836358 0)
(0.0070991217944490377 0.00030024721753498196 -1.878666748694473e-26)
(0.0071107176935508729 0.00034685862732127242 -1.8166241415524078e-26)
(0.0071231837775414582 0.00039328041502717184 1.7531616660127837e-26)
(0.0071362780276617091 0.00043942086378038342 1.6882388262680683e-26)
(0.0071497227026606431 0.00048512390037632543 0)
(0.0071631968813343919 0.00053015240686611067 -7.7727989179038779e-27)
(0.0071763276329518903 0.00057416753734736516 -7.4327672863743879e-27)
(0.007188679591488111 0.00061670313210483371 -7.0934765608727033e-27)
(0.0071997426865002458 0.00065713409059367956 -1.3521102126085087e-26)
(0.0072089177627147659 0.00069463726374853864 6.441942989553034e-27)
(0.017669078661438801 -0.0096630823519094286 0)
(0.01744019452326832 -0.0098851398518360889 0)
(0.01718030950416485 -0.010087973679617059 0)
(0.016891973137165749 -0.010272266657298879 0)
(0.01657886156920195 -0.010436912622977234 0)
(0.016245609162781793 -0.01057872929490419 0)
(0.015897526952376537 -0.010692453805144364 9.9788919795210704e-26)
(0.015540232663692833 -0.01077109367711492 2.1107191888743413e-25)
(0.015179237830080029 -0.010806638687980104 2.2340121022779735e-25)
(0.014819550527727023 -0.010791056374833788 2.357187106260528e-25)
(0.014465352562274093 -0.010717418717149201 1.235802705506796e-25)
(0.014119796451919773 -0.01058096371412481 0)
(0.013784943604202149 -0.010379899018205402 -1.321722222720129e-25)
(0.013461837371553848 -0.010115806376493416 -1.3447271561477625e-25)
(0.013150680765108586 -0.0097935904220017942 0)
(0.012851074261440592 -0.0094210082866192941 0)
(0.012562266563261662 -0.0090078919960128213 0)
(0.012283378847211378 -0.0085652164867421766 0)
(0.012013576943615611 -0.0081041679977505894 0)
(0.011752181333098709 -0.0076353379197820334 0)
(0.011498717943162155 -0.0071681200449458977 -3.3792592319570617e-25)
(0.011252921348144618 -0.0067103394129009305 -5.3144269675921487e-25)
(0.011014705738170961 -0.0062680997923904996 -9.9790509177221807e-26)
(0.010784118807166555 -0.0058458099279252223 -2.7994422824183511e-25)
(0.010561290976262074 -0.0054463365861178612 -3.4796563874623574e-25)
(0.01034638857331849 -0.0050712323378922508 0)
(0.010139575838994632 -0.0047209936688930006 -7.5153067433476362e-26)
(0.0099409875728687144 -0.0043953162772216482 -1.3948393232826519e-25)
(0.0097507121114318255 -0.004093326107032288 -6.4701482573650796e-26)
(0.0095687831055909795 -0.0038137748055789948 -6.0035106264536369e-26)
(0.0093951780545996795 -0.00355519599212532 -5.5735277034639254e-26)
(0.0092298215289522336 -0.0033160238810350249 5.1786945272747203e-26)
(0.0090725912697726657 -0.0030946787521234607 9.6340761255840706e-26)
(0.0089233257282895755 -0.0028896250407098169 4.4863298090152696e-26)
(0.008781832001346945 -0.0026994079718425244 4.1842403487024974e-26)
(0.0086478934685783101 -0.0025226741501048673 3.9084469026867031e-26)
(0.0085212767183349292 -0.0023581806842260704 0)
(0.0084017375585181981 -0.0022047965063158072 0)
(0.0082890260525840375 -0.0020614986766415212 0)
(0.0081828906125342629 -0.0019273657152344842 0)
(0.0080830812328463991 -0.0018015693944452319 0)
(0.0079893519737889197 -0.0016833659581905849 0)
(0.0079014628089361088 -0.0015720873867700472 0)
(0.0078191809470782494 -0.0014671330785440118 0)
(0.0077422817281589664 -0.00136796214926177 0)
(0.0076705491797224344 -0.00127408643678745 0)
(0.00760377630671185 -0.0011850642272948613 0)
(0.0075417651745332062 -0.0011004946761522471 0)
(0.0074843268336917783 -0.0010200128733403408 0)
(0.0074312811242457913 -0.00094328549258464243 0)
(0.0073824563898043094 -0.00087000696070944602 0)
(0.0073376891236966533 -0.00079989608583404335 -1.6611107334905663e-26)
(0.0072968235640761634 -0.00073269308781815571 -3.1953189647917675e-26)
(0.0072597112498894176 -0.00066815698049761348 -1.5389516818357035e-26)
(0.0072262105456437726 -0.00060606326192554354 -1.4845338207272275e-26)
(0.0071961861395579054 -0.00054620187561518611 -1.4339838048725372e-26)
(0.0071695085168148867 -0.00048837541246318566 0)
(0.0071460534071082979 -0.00043239752956695209 0)
(0.0071257012033453119 -0.00037809156859811439 0)
(0.007108336346122881 -0.00032528936287295931 0)
(0.0070938466663256882 -0.00027383022894710761 0)
(0.0070821226757789594 -0.00022356014561879879 0)
(0.0070730567930910818 -0.00017433113090712681 0)
(0.0070665424889023347 -0.00012600083645627122 0)
(0.0070624733323770067 -7.8432388823423624e-05 0)
(0.0070607419126858025 -3.1494516001010502e-05 0)
(0.0070612386097527093 1.4937984791128427e-05 0)
(0.0070638501800532301 6.0983368299203068e-05 -2.0078426635482329e-26)
(0.0070684581148754708 0.00010675156629687904 -1.9478476848826025e-26)
(0.0070749367237222796 0.00015234220525085199 0)
(0.0070831508826381786 0.00019784188050703629 0)
(0.0070929533790661421 0.000243320519864154 0)
(0.0071041817704058123 0.00028882663167320143 0)
(0.0071166546589231678 0.00033438118671252063 0)
(0.0071301672690272056 0.00037996982740498905 0)
(0.0071444861940938385 0.00042553302938065066 0)
(0.0071593431591372991 0.00047095375493970551 0)
(0.0071744276228820321 0.00051604203023849452 -6.698405541598827e-27)
(0.0071893780184477873 0.00056051574051574132 -6.3061483403572546e-27)
(0.0072037714064227014 0.00060397676008159748 -5.9067642416776716e-27)
(0.007217111288350204 0.00064588130225962331 -1.1009724007731112e-26)
(0.0072288133037944234 0.00068550307080788144 -5.1072332499325091e-27)
(0.019134472318588957 -0.0094306909712179292 0)
(0.018862705062921405 -0.0096195913500615043 0)
(0.018557394981283927 -0.0097912052392567523 0)
(0.018221095266766688 -0.0099473779623445637 0)
(0.01785748459739378 -0.010088067714888838 0)
(0.017471222350934894 -0.010210945066662083 0)
(0.017067695067463785 -0.01031128634969068 0)
(0.016652674295784282 -0.010382255214635218 0)
(0.016231926272616749 -0.010415595283141562 -1.1515848455696346e-25)
(0.015810827401887145 -0.010402664318252012 -1.2072914966375769e-25)
(0.015394041263215802 -0.010335651993198419 0)
(0.014985301454066752 -0.010208767198503414 0)
(0.014587322895959383 -0.010019176767973512 0)
(0.014201838580797472 -0.0097675287136352838 0)
(0.01382973627590643 -0.0094579842444061923 0)
(0.013471255922609586 -0.0090977862775727808 0)
(0.013126205469635045 -0.0086964785727290696 0)
(0.012794159307919649 -0.0082649386919129934 0)
(0.012474615657082045 -0.0078143937322100055 0)
(0.012167102896591607 -0.007355557690746928 0)
(0.011871236438201491 -0.006897978835977433 0)
(0.011586735386302704 -0.0064496311820032388 0)
(0.011313411602791786 -0.0060167387654252967 0)
(0.011051143682030883 -0.0056037914401873695 -9.044745625408113e-26)
(0.010799846052351529 -0.0052136971483235503 -8.4067712458656015e-26)
(0.010559440236970061 -0.0048480150828885326 0)
(0.010329832189559185 -0.0045072221907062442 0)
(0.010110897115819606 -0.0041909775076570703 0)
(0.0099024714924100983 -0.0038983613677466829 0)
(0.0097043510490869116 -0.0036280774107969307 0)
(0.0095162931196179235 -0.003378613561077696 0)
(0.0093380217931002558 -0.0031483636457662104 0)
(0.0091692345343189555 -0.0029357144467320514 0)
(0.0090096092598529413 -0.0027391043127635802 0)
(0.0088588111732027085 -0.0025570595927363778 0)
(0.0087164989336243857 -0.0023882145821776768 0)
(0.0085823299432846445 -0.0022313197770204365 0)
(0.008455964686108831 -0.0020852422455682968 0)
(0.0083370701480131679 -0.0019489610075829136 0)
(0.0082253224037904509 -0.0018215595188573767 0)
(0.008120408482260727 -0.0017022167232231562 0)
(0.0080220276281827291 -0.0015901976460645448 0)
(0.0079298920744223789 -0.0014848441445544944 0)
(0.0078437274264427943 -0.0013855661756271597 0)
(0.0077632727469823335 -0.0012918337692193267 0)
(0.0076882804141299322 -0.0012031697805895704 0)
(0.0076185158122070509 -0.0011191434244980003 0)
(0.007553756902579427 -0.0010393645525151769 0)
(0.0074937937109842614 -0.00096347861295117152 0)
(0.0074384277591488038 -0.00089116222384768499 0)
(0.007387471461243203 -0.00082211928829352529 0)
(0.0073407474998381638 -0.00075607758473491258 0)
(0.0072980881912971434 -0.00069278577082861092 0)
(0.0072593348467010618 -0.00063201074639842724 0)
(0.0072243371312766223 -0.00057353532841799583 0)
(0.0071929524227011812 -0.00051715619823663778 0)
(0.007165045166433002 -0.00046268208831088092 0)
(0.0071404862242257809 -0.00040993218246551812 0)
(0.0071191522101137312 -0.00035873471026279881 0)
(0.00710092480628837 -0.00030892572253060397 0)
(0.0070856900493478404 -0.0002603480416707996 0)
(0.0070733375752956903 -0.00021285038723825077 0)
(0.007063759809078936 -0.00016628668465514749 0)
(0.0070568510813226997 -0.00012051557304436884 0)
(0.0070525066532006291 -7.5400137819389435e-05 0)
(0.0070506216257777343 -3.0807904422835471e-05 0)
(0.0070510896989030986 1.3388863627388219e-05 0)
(0.0070538017525686126 5.7312483049373717e-05 0)
(0.0070586442098247272 0.00010107872979599884 0)
(0.0070654971241727576 0.00014479515845984274 0)
(0.0070742319384785278 0.00018855874195483963 0)
(0.0070847088459749987 0.00023245267750612167 0)
(0.0070967736701490289 0.0002765421666419207 0)
(0.0071102541669126121 0.00032086893405990308 0)
(0.0071249556358120138 0.00036544419680350349 0)
(0.0071406557081104194 0.00041023972862545377 0)
(0.0071570981585402831 0.00045517658103388795 0)
(0.0071739855643573706 0.00050011091671385175 0)
(0.0071909706101557372 0.00054481627512978326 0)
(0.0072076458100148256 0.00058896141362019803 0)
(0.0072235313904437356 0.00063208263605069417 0)
(0.0072380610490511768 0.0006735492164417911 0)
(0.020543391059216379 -0.0091544123936518739 0)
(0.020224362900103012 -0.0093079950233441438 0)
(0.019870142539663519 -0.0094462924074457631 0)
(0.019483378050750851 -0.0095722774713142278 0)
(0.019067784714532712 -0.0096869539033525957 0)
(0.018628018180293787 -0.0097888515406034399 0)
(0.018169450479578551 -0.0098738234925904358 0)
(0.017697865051164254 -0.0099352591193271472 0)
(0.017219105198895988 -0.0099647525362190053 -1.1653096264223933e-25)
(0.016738722946097805 -0.0099531651413971352 -1.2161984738425797e-25)
(0.016261677433353876 -0.0098919203197118544 0)
(0.015792122437451248 -0.0097743008459084992 0)
(0.015333303894291611 -0.0095965083083101952 0)
(0.014887566116314116 -0.0093582944832112849 0)
(0.014456446051596808 -0.0090630713997452862 0)
(0.014040823143650722 -0.0087175196352655328 0)
(0.013641089780866865 -0.0083308105323080164 0)
(0.013257312639560327 -0.0079136143361336914 0)
(0.012889365226018957 -0.0074770753325979367 0)
(0.012537022986339862 -0.0070319045844396974 0)
(0.012200021636311804 -0.0065876874671991388 0)
(0.011878085382806757 -0.00615244504798224 0)
(0.01157093428721662 -0.0057324393795306506 0)
(0.011278279874700965 -0.00533218025748194 0)
(0.010999816301139253 -0.0049545759029094869 0)
(0.010735211978419951 -0.0046011691806492469 0)
(0.010484104266774546 -0.0042724093469283363 0)
(0.010246098067072449 -0.0039679220226961406 0)
(0.010020767999906937 -0.0036867533357034508 0)
(0.0098076632755080689 -0.0034275756428709921 0)
(0.0096063141910887676 -0.0031888509050489989 0)
(0.0094162392809312573 -0.0029689535278911447 0)
(0.0092369523571046181 -0.0027662577190704103 0)
(0.0090679689231372568 -0.0025791957676314001 0)
(0.0089088116654226519 -0.0024062937553226845 0)
(0.0087590149031317802 -0.0022461905898916003 0)
(0.0086181280016604956 -0.002097645295881721 0)
(0.0084857178324572752 -0.0019595364660165027 0)
(0.0083613704032112109 -0.0018308568147145832 0)
(0.0082446917972716152 -0.0017107049561067651 0)
(0.0081353085590033444 -0.0015982758733913448 0)
(0.0080328676497389336 -0.0014928510468631552 0)
(0.0079370360822123408 -0.0013937888429153733 0)
(0.0078475003232457378 -0.0013005155096157777 0)
(0.0077639655370491936 -0.0012125169507806888 0)
(0.0076861547258653554 -0.0011293313378520496 0)
(0.0076138078112909556 -0.0010505425495891594 0)
(0.0075466806884834535 -0.00097577439000287884 0)
(0.0074845442764507261 -0.0009046855150568867 0)
(0.0074271835804504268 -0.00083696499129890347 0)
(0.0073743967768929485 -0.00077232840984676706 0)
(0.0073259943267502342 -0.00071051448375275929 0)
(0.007281798120054664 -0.00065128206359635246 0)
(0.0072416406513939142 -0.00059440751389835272 0)
(0.0072053642241735076 -0.00053968240085698475 0)
(0.0071728201796610359 -0.0004869114495847315 0)
(0.0071438681453063558 -0.00043591073631534162 0)
(0.0071183752954345871 -0.00038650608793985766 0)
(0.0070962156160284508 -0.00033853166780376117 0)
(0.0070772691638604354 -0.00029182873309059203 0)
(0.0070614213086238687 -0.00024624455551346098 0)
(0.0070485619448802418 -0.00020163150364835704 0)
(0.0070385846583844083 -0.00015784629231353048 0)
(0.0070313858284287937 -0.00011474941200816864 0)
(0.0070268636456630468 -7.2204759983962591e-05 0)
(0.0070249170230684364 -3.0079505125542798e-05 0)
(0.0070254443572377867 1.1755772060096942e-05 0)
(0.0070283421241853919 5.3426598246080746e-05 0)
(0.007033503263546073 9.5053729503301895e-05 0)
(0.0070408152840381209 0.00013675176827052367 0)
(0.0070501580506883016 0.00017862716470973546 0)
(0.0070614011789612921 0.00022077546014208298 0)
(0.0070744009518210913 0.00026327759367192783 -1.3638052707645663e-26)
(0.0070889966640988906 0.00030619505251562216 -1.2891427793092529e-26)
(0.0071050062811038976 0.00034956359520921281 0)
(0.0071222212793148158 0.00039338521252691951 -1.1272733496073789e-26)
(0.0071404005158118402 0.0004376179098411633 -1.0394346695951754e-26)
(0.0071592629495202936 0.00048216279108725409 0)
(0.0071784790113673296 0.00052684779070100618 0)
(0.0071976603922301735 0.00057140722522095626 0)
(0.0072163479873045043 0.00061545610634531397 0)
(0.0072339977036420498 0.00065845785314279219 5.3068993212981742e-27)
(0.021869296749767932 -0.0088293470155804306 0)
(0.021498583259842476 -0.0089463224555641277 0)
(0.021092025357906798 -0.0090502013089557888 0)
(0.020652464782350079 -0.0091449970596219152 0)
(0.020183694391771763 -0.0092326787965351757 0)
(0.019690343130546174 -0.0093125779428856852 0)
(0.019177682319986712 -0.0093811025591218743 -1.0680226692275627e-25)
(0.018651366251746047 -0.0094318901532882381 -1.1090643777161017e-25)
(0.018117134776060667 -0.0094564531010389741 0)
(0.017580515589075141 -0.0094452622928992841 0)
(0.017046565411977587 -0.0093891040499538506 0)
(0.016519681250235178 -0.0092804679617745113 0)
(0.016003497854318267 -0.009114706170961483 0)
(0.015500870146738841 -0.0088907549364099243 0)
(0.015013924796778613 -0.0086113110032506063 -1.3065489672226921e-25)
(0.014544156741527463 -0.0082824759223090773 -1.2857269347950516e-25)
(0.014092545127339233 -0.0079129854767897717 0)
(0.013659667479399607 -0.0075132032927031087 0)
(0.013245798285961247 -0.0070940691710202446 -1.1509723779660018e-25)
(0.012850985926515337 -0.0066661616385368808 -1.0897872572909382e-25)
(0.012475108065295754 -0.0062389784035867769 0)
(0.01211790941359084 -0.0058204772300133566 9.5779149064684774e-26)
(0.011779027196110448 -0.0054168681241314239 8.9107892801717081e-26)
(0.011458009357084752 -0.0050326134214694548 0)
(0.011154329303634671 -0.0046705764262232651 0)
(0.010867399493904238 -0.0043322582946197811 0)
(0.010596584883744787 -0.0040180715693911599 0)
(0.010341216349736209 -0.0037276119815588217 -5.9863503825172717e-26)
(0.010100603724708434 -0.0034599038746009766 -5.5177193116353186e-26)
(0.0098740479288307488 -0.0032136064564715003 5.0891225846998754e-26)
(0.0096608517356842182 -0.0029871769909305072 4.698650168095476e-26)
(0.009460328869986441 -0.0027789929060432011 -4.3438713786029902e-26)
(0.0092718113132441941 -0.00258743807161552 -4.0220897373384669e-26)
(0.0090946548495109761 -0.0024109598375579638 0)
(0.0089282429958410011 -0.0022481034889765441 0)
(0.0087719895285612217 -0.0020975301075834654 0)
(0.0086253398440671869 -0.0019580228327336696 -3.0104770029617723e-26)
(0.0084877713919011989 -0.0018284854501696907 -2.8139058904896371e-26)
(0.0083587933987530269 -0.0017079362521337578 0)
(0.0082379460732896446 -0.0015954992791235667 -2.4733926714588064e-26)
(0.0081247994496187886 -0.001490394390556425 -2.3259570192032957e-26)
(0.0080189519957893501 -0.0013919271093465516 0)
(0.0079200290853364518 -0.001299478820609193 0)
(0.0078276814055506516 -0.0012124976499486135 0)
(0.0077415833561172102 -0.0011304901758367831 -1.8555286729917422e-26)
(0.0076614314757802934 -0.0010530140208947218 -1.7621346643513386e-26)
(0.0075869429222435083 -0.0009796713003733218 0)
(0.0075178540210413293 -0.00091010286900605948 0)
(0.0074539188920330641 -0.00084398328957634931 0)
(0.0073949081569612499 -0.00078101644086612859 0)
(0.0073406077277369938 -0.00072093168424555687 0)
(0.0072908176723985385 -0.00066348051378358126 0)
(0.0072453511537427639 -0.00060843362234673873 0)
(0.007204033434217016 -0.00055557832444420158 0)
(0.0071667009395960371 -0.00050471628485750921 0)
(0.0071332003731120232 -0.00045566151000317115 0)
(0.007103387870937553 -0.00040823856637806554 0)
(0.0070771281891448198 -0.00036228099733773408 -1.0787153378920015e-26)
(0.0070542939113986966 -0.00031762991595703043 -1.0438119161697175e-26)
(0.0070347646656088308 -0.00027413275795387806 0)
(0.0070184263364973945 -0.00023164218481798291 0)
(0.007005170259469745 -0.00019001513356796241 0)
(0.0069948923791803268 -0.0001491120162141133 9.1843835116632795e-27)
(0.0069874923536136016 -0.00010879607914501221 8.892309526254378e-27)
(0.0069828725823530696 -6.8932940533528606e-05 0)
(0.0069809371356783102 -2.9390334547095764e-05 -8.3143811222988448e-27)
(0.0069815905398012213 9.9618964152971854e-06 -8.0230180198156293e-27)
(0.0069847364055993545 4.9251530971967545e-05 7.7263662042052048e-27)
(0.006990275852611548 8.8603312908674088e-05 5.9859208526838252e-40)
(0.0069981056574918545 0.00012813786363941021 -7.1060450734009955e-27)
(0.0070081160914281628 0.00016797004251416686 0)
(0.0070201883701797923 0.00020820662246540892 6.4310293193782424e-27)
(0.0070341916318405161 0.00024894311830950022 -6.0660573981927935e-27)
(0.0070499793467670643 0.00029025956392875662 -1.7037518121605135e-26)
(0.0070673850462241606 0.00033221498509851969 -5.2678194379774385e-27)
(0.0070862172369851742 0.0003748402529085534 -9.659289192607094e-27)
(0.0071062533476502219 0.00041812892410609398 -8.7251989438133939e-27)
(0.0071272325283183004 0.00046202557362467567 0)
(0.0071488470984183341 0.00050641099327753292 0)
(0.0071707324079348794 0.00055108345837243404 2.7755386646626966e-27)
(0.0071924548449386286 0.00059573503639812498 2.1845071942311854e-27)
(0.0072134976872898146 0.00063992160980857983 3.1314922220365604e-27)
(0.023082215937636024 -0.0084507038131851082 0)
(0.022655819901257711 -0.0085307599009968142 1.0749267221319249e-25)
(0.022194031709677469 -0.0086002165707048349 0)
(0.021699970647655876 -0.0086639885314150032 -1.0034150843741038e-25)
(0.021177534695028054 -0.0087248695930318334 0)
(0.020631292800127231 -0.0087828718577459743 0)
(0.020066322994260824 -0.0088348776466316663 -1.0385440038157757e-25)
(0.019488006839775522 -0.0088747476731976822 -1.0769061473716627e-25)
(0.01890180052569335 -0.0088939501788520749 0)
(0.018313008998732495 -0.0088826614843210729 0)
(0.017726589317455809 -0.0088311699826951039 0)
(0.017147002766020346 -0.0087313310728072517 0)
(0.016578124483045485 -0.0085777995185548402 0)
(0.016023208130076089 -0.0083688165152281148 0)
(0.01548489477360223 -0.0081064345913394488 -1.2571960755202093e-25)
(0.014965251370347517 -0.0077961899375514994 -1.2342621004783975e-25)
(0.014465824796861372 -0.0074463411240710282 0)
(0.013987700733413707 -0.0070668584677966223 0)
(0.013531561022066726 -0.0066683607866052548 -1.0962662645569691e-25)
(0.013097736884886668 -0.0062611643716207147 -1.0351834080123242e-25)
(0.012686257851055448 -0.005854551360920778 0)
(0.012296897316502242 -0.0054563015834939131 9.0498426874973277e-26)
(0.011929215692655679 -0.0050724788347212323 8.3980952806980872e-26)
(0.011582601590321673 -0.0047074274012845517 0)
(0.011256310871270927 -0.0043639184697671475 0)
(0.010949502962180953 -0.0040433852285302069 0)
(0.010661273667028589 -0.0037461944988223497 0)
(0.010390683809339316 -0.0034719162627401229 -5.5805378607901006e-26)
(0.010136783293270755 -0.0032195664407527413 -5.1346128276916905e-26)
(0.0098986304890344191 -0.0029878102646277893 4.7281433249994385e-26)
(0.0096753071418814746 -0.002775122548641846 4.3589870456777802e-26)
(0.0094659292268107383 -0.0025799070163357776 -4.0245574724109721e-26)
(0.0092696543068021796 -0.0024005800688335433 -3.7220632077677157e-26)
(0.0090856860064918703 -0.0022356256660704585 0)
(0.0089132762034253507 -0.0020836280060688617 0)
(0.008751725486542173 -0.0019432879829613696 0)
(0.0086003823558142012 -0.0018134283832573121 -2.7764977321175973e-26)
(0.0084586415531684757 -0.0016929917014555723 -2.5937592918739366e-26)
(0.0083259418333429622 -0.0015810334674425401 0)
(0.008201763410226293 -0.0014767131464547383 -2.2780111032204179e-26)
(0.0080856252523028027 -0.0013792840145185501 -2.1416183148730425e-26)
(0.0079770823506283787 -0.001288082916705224 0)
(0.0078757230435166324 -0.0012025204577078396 0)
(0.007781166452367573 -0.0011220719259787215 0)
(0.0076930600611511074 -0.0010462690873611804 -1.7077128414770722e-26)
(0.0076110774563361121 -0.00097469287913301019 -1.6217932790053595e-26)
(0.0075349162330876811 -0.00090696697260161095 0)
(0.0074642960661334802 -0.00084275213816233736 0)
(0.0073989569388575264 -0.0007817413310891308 0)
(0.0073386575211645561 -0.00072365541226136244 0)
(0.0072831736849022603 -0.00066823942078110012 0)
(0.0072322971447108617 -0.00061525932185957745 0)
(0.0071858342117781769 -0.00056449916147729669 0)
(0.0071436046478884083 -0.00051575856794657785 0)
(0.0071054406072039202 -0.00046885054896757798 0)
(0.0070711856532887363 -0.00042359954073728826 0)
(0.0070406938388806297 -0.00037983967304133754 0)
(0.0070138288357755006 -0.00033741322104711941 -9.9351521511093404e-27)
(0.0069904631018405721 -0.00029616922083790053 -9.6115252386729753e-27)
(0.0069704770715682211 -0.0002559622317140152 0)
(0.0069537583556625411 -0.00021665123414184575 0)
(0.0069402009338655523 -0.00017809865813030846 0)
(0.0069297043235209558 -0.00014016954299428939 8.437738685649873e-27)
(0.0069221727040627143 -0.00010273083609997237 8.1606556843598733e-27)
(0.0069175139742071049 -6.5650845559636099e-05 0)
(0.0069156387151652924 -2.8798871368550172e-05 -7.60698929992159e-27)
(0.0069164590378708209 7.9549484850635769e-06 -7.3248700689755083e-27)
(0.0069198872595797947 4.4739553454740221e-05 7.0354656727055908e-27)
(0.006925834380538543 8.1682534478955257e-05 -1.211365338535026e-39)
(0.006934208318101767 0.00011890933330825477 -6.4232088315112578e-27)
(0.0069449118206409222 0.00015654195332574631 0)
(0.0069578400019191097 0.00019469706188009246 5.7464732097170309e-27)
(0.006972877411747549 0.00023348333519420121 5.3763035307306983e-27)
(0.0069898945447143847 0.00027299785770540049 -4.9808331507092067e-27)
(0.0070087436725629849 0.00031332134057569973 -4.5570284932936003e-27)
(0.0070292538663761272 0.00035451186479405967 0)
(0.00705122505262062 0.00039659677829443442 0)
(0.0070744209222278684 0.00043956227822268047 -3.0873731453747819e-27)
(0.0070985604840023003 0.00048334008110065187 -2.5234713575872506e-27)
(0.0071233080225601205 0.00052779041444639722 1.9199254740900518e-27)
(0.0071482611864719077 0.00057268033896347003 1.2764930289846053e-27)
(0.0071729368940314907 0.00061765611154395567 0)
(0.024148433908168142 -0.0080143196978272341 0)
(0.023663375858838473 -0.0080582430770535819 1.0365046918037812e-25)
(0.023144587522579082 -0.008094466994568594 1.9933940977437267e-39)
(0.02259550923341647 -0.0081286167242529406 -9.5318266018633353e-26)
(0.022020135506378026 -0.0081641135492428723 0)
(0.021422913882942596 -0.0082014723561617906 0)
(0.020808618874835608 -0.0082379174369888401 0)
(0.020182209282084234 -0.008267467320883886 0)
(0.019548681024234248 -0.0082815588801333599 0)
(0.018912928701722689 -0.0082701626237175786 0)
(0.018279626571552406 -0.0082232177730181561 0)
(0.017653134367141419 -0.0081321274470664787 0)
(0.01703742762535054 -0.0079910321216727816 0)
(0.01643604821404266 -0.007797631938380423 0)
(0.015852069762690688 -0.0075534376113110813 0)
(0.015288074287044841 -0.0072634595903514126 0)
(0.01474613899493386 -0.0069354567946485956 0)
(0.014227834474875235 -0.0065789322051152781 0)
(0.013734236252187471 -0.0062040744567583104 0)
(0.013265950969236282 -0.0058208114459555099 0)
(0.01282315675739247 -0.005438083176517533 0)
(0.012405655480812891 -0.0050633772726665378 0)
(0.012012933076646129 -0.0047025173325976194 7.8128605599968284e-26)
(0.011644223524642932 -0.0043596593975628499 7.2090889460289913e-26)
(0.011298572081963984 -0.0040374360452693362 0)
(0.01097489413715508 -0.0037371871918715025 0)
(0.010672027099872097 -0.0034592259835514311 0)
(0.010388773885426729 -0.0032031017980934449 0)
(0.010123937576572893 -0.0029678363304537409 0)
(0.009876347635905643 -0.0027521206082663768 0)
(0.0096448785653999013 -0.0025544695812437694 0)
(0.0094284621851599883 -0.0023733366262458366 0)
(0.0092260947820302381 -0.0022071934087634277 0)
(0.0090368403205433184 -0.0020545817336422188 0)
(0.0088598307696726285 -0.001914143974516684 0)
(0.0086942644235323621 -0.0017846379397367042 0)
(0.008539402913793773 -0.0016649410058340202 0)
(0.0083945674452987826 -0.001554047279459118 0)
(0.0082591346437914451 -0.0014510605756736712 -2.2163162532121583e-26)
(0.0081325322889211071 -0.0013551851871653521 -2.0788445536891523e-26)
(0.0080142351156679836 -0.0012657157791755769 0)
(0.0079037607999534933 -0.0011820272655585357 0)
(0.0078006661954531332 -0.0011035651771633302 0)
(0.0077045438545495495 -0.0010298367963607748 0)
(0.0076150188433892372 -0.00096040317463555968 0)
(0.007531745846167291 -0.00089487205142683057 0)
(0.0074544065447088694 -0.0008328916341811246 0)
(0.007382707254348816 -0.00077414516857432709 0)
(0.0073163767947057069 -0.00071834621442739275 0)
(0.0072551645732491258 -0.0006652345402431239 0)
(0.0071988388598992594 -0.00061457255297380994 0)
(0.0071471852318131393 -0.00056614218660690923 0)
(0.0071000051686890778 -0.00051974218157047449 0)
(0.0070571147801562605 -0.00047518569568695009 0)
(0.0070183436479711323 -0.0004322981958427414 0)
(0.0069835337667268575 -0.00039091558739380269 0)
(0.006952538567535283 -0.00035088254551667687 0)
(0.0069252220096183226 -0.00031205101926792041 0)
(0.0069014577249091429 -0.00027427888515227551 0)
(0.0068811282005772686 -0.00023742873265910765 0)
(0.0068641239838158454 -0.00020136676969924761 0)
(0.0068503428922226262 -0.00016596184133985808 0)
(0.0068396892116154139 -0.00013108456091571766 0)
(0.0068320728609967364 -9.6606558716669097e-05 0)
(0.0068274085014477515 -6.2399860192100448e-05 0)
(0.0068256145616984992 -2.8336412725860593e-05 0)
(0.0068266121576701531 5.7122101884831267e-06 0)
(0.0068303238519604598 3.9874884899953983e-05 0)
(0.0068366722255334038 7.4280747235145613e-05 0)
(0.006845578216207026 0.00010905866790919655 0)
(0.0068569591460969906 0.00014433630312926142 0)
(0.0068707263808023729 0.00018023861599801751 0)
(0.0068867825340588338 0.00021688573099517988 0)
(0.0069050181190765982 0.00025438994915772452 0)
(0.0069253075310547179 0.00029285170723297607 0)
(0.0069475042253040889 0.00033235420725121823 0)
(0.0069714349325478145 0.00037295636977224686 0)
(0.0069968927270680865 0.00041468366883011705 -2.411783597390821e-27)
(0.0070236287341029881 0.00045751628151512478 -1.8208795056167001e-27)
(0.007051342229927266 0.00050137381954359678 0)
(0.0070796688509526043 0.00054609568970095544 0)
(0.0071081665863749286 0.00059141583564652146 0)
(0.025030492136032527 -0.0075172966767772303 1.0414409585237211e-25)
(0.024485507881042978 -0.0075271004617772789 9.5964037818909772e-26)
(0.023909749299695963 -0.0075325481441328463 0)
(0.023306955554145577 -0.0075397366980762826 -8.6963007956057131e-26)
(0.022681151744766023 -0.0075524693483029377 -8.5955541104262904e-26)
(0.02203655903622902 -0.0075715411660016172 0)
(0.021377512048644028 -0.0075943489609418477 0)
(0.020708389150073409 -0.0076149775697049119 0)
(0.020033558533497545 -0.0076248323641437479 0)
(0.019357338536078329 -0.0076137673468673539 0)
(0.018683965708804012 -0.0075715334729145834 0)
(0.018017560726176902 -0.007489283825448367 1.0912485520864464e-25)
(0.017362082288438947 -0.0073608521106847064 3.3294556889029568e-25)
(0.016721263329101978 -0.0071835761700812335 2.2291457166443139e-25)
(0.016098530807316356 -0.0069585496247077903 0)
(0.015496917493877514 -0.0066903152817350785 0)
(0.014918978773888206 -0.0063861243910523198 0)
(0.01436672810789265 -0.0060549495183054355 2.0047763957142035e-25)
(0.01384160160352684 -0.0057064483248807233 1.9009531994133383e-25)
(0.01334445661570823 -0.0053500409332051836 8.9379433998856195e-26)
(0.012875603322384497 -0.0049942044699385771 8.3461340078440041e-26)
(0.012434863395736491 -0.004646025317089071 0)
(0.012021647054939509 -0.0043109976483572208 2.148511693347465e-25)
(0.011635039046123577 -0.0039930233032423584 2.6386219000667748e-25)
(0.011273885022901366 -0.0036945533727097499 1.2123146022654727e-25)
(0.010936871739936047 -0.0034168120847555506 5.561856523440137e-26)
(0.010622596776572679 -0.0031600530724873741 0)
(0.010329625685321387 -0.0029238116107125614 0)
(0.01005653621934318 -0.0027071300319778434 4.2909395221038127e-26)
(0.0098019505237654601 -0.0025087450103934866 7.8825937592209284e-26)
(0.0095645568972835323 -0.0023272338287472793 3.6253680330501867e-26)
(0.0093431230356934361 -0.0021611221440417899 -3.3405386911188186e-26)
(0.0091365026764206152 -0.0020089586560103814 -3.0840841040768381e-26)
(0.0089436373862389323 -0.0018693631486204469 0)
(0.0087635549653683371 -0.0017410542709786802 0)
(0.0085953656457724067 -0.0016228626789609435 0)
(0.0084382569810091471 -0.0015137341476794952 -2.2901978403069799e-26)
(0.0082914880812835993 -0.0014127262252476528 -2.1382356530707347e-26)
(0.0081543836485457807 -0.0013190010608658289 -2.0009931832320235e-26)
(0.0080263281121983245 -0.001231816261644533 -1.8768765711652774e-26)
(0.0079067600512524525 -0.0011505150234125492 0)
(0.0077951670067489386 -0.0010745163266298616 -1.6625211297792019e-26)
(0.0076910807318825046 -0.0010033056641014493 -1.5699186068144229e-26)
(0.0075940728901559978 -0.00093642654473660258 0)
(0.0075037511887255702 -0.00087347287154840726 0)
(0.0074197559206862192 -0.00081408220098863192 0)
(0.0073417568832203021 -0.0007579298376981994 0)
(0.0072694506359809513 -0.0007047236911643691 0)
(0.0072025580641768101 -0.0006541998094923597 0)
(0.0071408222124447899 -0.00060611850416880469 -1.1132629502010492e-26)
(0.0070840063579959223 -0.0005602609840487955 -1.0678215487202098e-26)
(0.0070318922942142785 -0.00051642642405677944 0)
(0.0069842787985757481 -0.00047442940253086791 0)
(0.0069409802612523169 -0.00043409764973858394 0)
(0.0069018254529712364 -0.00039527005830021527 0)
(0.0068666564125498351 -0.00035779491382290508 0)
(0.0068353274359953193 -0.00032152831090881764 0)
(0.0068077041501247975 -0.00028633272590087476 0)
(0.006783662654310383 -0.0002520757233835894 0)
(0.006763088714170612 -0.0002186287787074702 0)
(0.0067458769907871984 -0.00018586620382859999 0)
(0.006731930288290504 -0.00015366416873076338 0)
(0.0067211588013836024 -0.00012189981581815105 7.0319220333559278e-27)
(0.0067134793424766265 -9.0450470140089921e-05 6.7931649143753876e-27)
(0.0067088145256107862 -5.9192954376302052e-05 0)
(0.0067070918802919783 -2.8003024583279026e-05 0)
(0.0067082428695460954 3.2450503386292181e-06 -1.2107339685686939e-26)
(0.0067122017633752841 3.4678732419032699e-05 -5.7901940201845026e-27)
(0.0067189043413192935 6.6427229764300379e-05 5.5133328310026603e-27)
(0.0067282863713292026 9.8621240124191733e-05 -5.219940272165251e-27)
(0.0067402817922313975 0.00013139233121298337 -4.9067159091386083e-27)
(0.0067548205443295909 0.0001648718694466614 0)
(0.006771825958815641 0.00019918937283352475 0)
(0.0067912116072760898 0.00023447013203852957 0)
(0.006812877494722965 0.00027083190184591546 0)
(0.0068367054585989056 0.00030838041124203042 0)
(0.0068625536123212219 0.00034720337024960726 4.811933316141579e-27)
(0.0068902496446510099 0.00038736255981519158 5.5462050870981116e-27)
(0.0069195827550706437 0.00042888346972431632 1.240623201656421e-27)
(0.006950293969960347 0.00047174178815057423 -1.1559387126516881e-27)
(0.0069820645440619505 0.00051584583081418049 1.4233503345992332e-28)
(0.0070145021056451764 0.00056101370901467484 -9.2249181696153132e-28)
(0.0256876201803048 -0.0069587505207420672 9.30481918188035e-26)
(0.025083938425244784 -0.0069377820886412462 8.4605749443539095e-26)
(0.024453762201871603 -0.0069162053495067238 0)
(0.023801020877295676 -0.0069003091261062958 -7.5530082386873904e-26)
(0.023129632066958464 -0.0068939986482487326 0)
(0.022443433935883043 -0.0068981008095891005 7.5798438634926154e-26)
(0.021746157418620259 -0.0069099998185451952 -2.3578880517331199e-25)
(0.021041440121617148 -0.0069237501675258875 -2.4756779451090145e-25)
(0.020332874180369605 -0.0069307300704288758 0)
(0.019624070630482535 -0.0069207782087257769 0)
(0.018918716105371484 -0.0068836343932563854 0)
(0.018220596974400795 -0.0068104212930324955 9.8694674727802933e-26)
(0.017533572756890412 -0.0066948893941312579 2.0124599121603218e-25)
(0.016861493377148332 -0.0065342063393633108 2.0239415790732928e-25)
(0.016208069641660511 -0.0063291839402708303 1.0039032030879058e-25)
(0.015576718416216271 -0.0060839640376579235 9.8287767983050256e-26)
(0.01497040974115468 -0.0058052899626790623 0)
(0.014391541480582705 -0.0055015487871999912 9.0918838161172008e-26)
(0.013841859573127918 -0.0051817752317710672 1.7222337114648304e-25)
(0.013322431583523446 -0.0048547719672880178 8.0872062022461155e-26)
(0.012833671223396691 -0.0045284427020795218 7.5414019956914449e-26)
(0.01237540407552701 -0.0042093736260370657 0)
(0.011946960861174 -0.003902649587734263 1.9359330008220401e-25)
(0.011547284026181949 -0.0036118603078422523 1.7807284021683985e-25)
(0.011175035284305109 -0.0033392389381028662 -1.0894386233737613e-25)
(0.010828694926403357 -0.0030858763011630081 -9.9837473700885804e-26)
(0.010506647194837383 -0.0028519637198815267 4.5719610019040562e-26)
(0.010207249149449473 -0.0026370304459329063 3.0354778652250907e-39)
(0.0099288828587058096 -0.0024401546934280883 -7.6773875763213737e-26)
(0.0096699923464625259 -0.0022601381014257767 -3.8128626627616285e-39)
(0.0094291075929695215 -0.0020956413076484875 3.2378568501254129e-26)
(0.0092048581929892771 -0.0019452832898189199 -2.9814732534260087e-26)
(0.0089959791970317532 -0.0018077097429745367 -2.75105181681041e-26)
(0.0088013113652379675 -0.0016816366750479713 2.5440706448039095e-26)
(0.0086197976707728628 -0.0015658752412125131 0)
(0.008450477483913605 -0.0014593430952721559 -8.7640317021857154e-26)
(0.0082924794979788424 -0.0013610665623664101 -8.1626558560873701e-26)
(0.008145014146813085 -0.0012701769497359195 8.2131101372410572e-56)
(0.0080073660166332782 -0.0011859034293866093 1.7831628438227358e-26)
(0.0078788865686452974 -0.0011075641977257907 0)
(0.0077589873541274845 -0.0010345570500194957 0)
(0.0076471338103633012 -0.00096635008666145572 -1.4828612488409739e-26)
(0.0075428396640303229 -0.00090247296900915002 -1.4009275239741963e-26)
(0.007445661929920638 -0.00084250893841682911 0)
(0.0073551964703379956 -0.00078608767889928551 1.2587477824277989e-26)
(0.0072710740689582443 -0.00073287902145143761 0)
(0.0071929569685086799 -0.00068258744067863683 -4.5625870562648559e-26)
(0.0071205358215954782 -0.00063494727029128422 -3.2673107962277099e-26)
(0.0070535270065195501 -0.0005897185547435337 0)
(0.0069916702637305194 -0.00054668345399293728 -9.9852692872250599e-27)
(0.0069347266128812427 -0.00050564312310523809 -9.5863614527139756e-27)
(0.0068824765147766269 -0.00046641499569113291 0)
(0.0068347182465741821 -0.00042883040837161522 0)
(0.0067912664622383247 -0.00039273251171289674 -2.5685241453181579e-26)
(0.0067519509134039302 -0.00035797442085732007 -2.4801124273733005e-26)
(0.0067166153084406441 -0.00032441756619676555 0)
(0.0066851162896265533 -0.00029193021083346899 -7.7310163575608772e-27)
(0.0066573225099442477 -0.00026038610731122158 -7.4845739306941716e-27)
(0.0066331137921114896 -0.00022966327128292282 0)
(0.0066123803530523575 -0.00019964285455128589 0)
(0.0065950220770935458 -0.00017020810443575064 0)
(0.0065809478207124244 -0.00014124340085582048 0)
(0.0065700747306430404 -0.00011263336704348045 6.3718432866965374e-27)
(0.006562327555402551 -8.4262054604215247e-05 -1.1871248248787932e-55)
(0.0065576379275103323 -5.6012208986239059e-05 -5.9381411669687626e-27)
(0.0065559435909857107 -2.7764628012541531e-05 0)
(0.0065571875530779236 6.0236785037918954e-07 -1.0962051042731599e-26)
(0.0065613170993862272 2.9213333827270087e-05 -1.0473649553089516e-26)
(0.0065682826615080635 5.8195901199519145e-05 6.2577360589027977e-40)
(0.0065780364840385512 8.7680777426835379e-05 -4.7021429583853298e-27)
(0.0065905310065683806 0.00011780143688454115 -4.4050866545412345e-27)
(0.0066057169190122328 0.00014869344021746538 0)
(0.0066235407956527718 0.00018049326900856824 0)
(0.0066439422099174904 0.00021333653678681663 0)
(0.006666850212629004 0.00024735539838283512 -2.9318520801463956e-27)
(0.0066921790344643206 0.00028267492867320779 -2.4713124887800995e-27)
(0.0067198228481422225 0.00031940817510729935 3.9294029693306822e-27)
(0.0067496493967950377 0.0003576495004334072 5.6285014841220681e-27)
(0.0067814922615052507 0.00039746571505298948 1.5872651724105922e-27)
(0.0068151415024672746 0.00043888434203050289 -2.3870383406964548e-28)
(0.0068503323638365995 0.00048187814798066443 -6.2029899061888555e-28)
(0.0068867316809003258 0.00052634479135704498 -4.2879176487253826e-27)
(0.026076713850825228 -0.0063406423906276444 0)
(0.025418856140990164 -0.0062936274930022029 0)
(0.024740035969063327 -0.0062500179096790223 0)
(0.024044167859918676 -0.0062159872043036158 -6.149137217218546e-26)
(0.023334849265704085 -0.0061952490738053324 -1.4438137920447679e-39)
(0.022615331440759594 -0.006188413820598958 6.2440377866896341e-26)
(0.021888560361498451 -0.0061926797451594051 -1.9662883307988259e-25)
(0.0211572836353075 -0.0062019947766885171 -2.0917612444769895e-25)
(0.020424203652869254 -0.0062077389622203884 0)
(0.019692143281738038 -0.0061998609555946231 0)
(0.018964183204147229 -0.0061682860516685551 0)
(0.018243733256498397 -0.0061043386105554742 0)
(0.017534514164628263 -0.0060019146215626743 -8.8605374473111128e-26)
(0.016840447183240639 -0.0058582031810306872 0)
(0.016165470859741536 -0.0056738664319378419 8.8828346283236941e-26)
(0.015513319860894154 -0.0054527092660083118 8.7054781078498477e-26)
(0.014887306460560645 -0.0052009671933662387 1.1908028501034467e-39)
(0.014290140608006452 -0.004926391399444386 -8.0550662531468573e-26)
(0.013723812456959956 -0.0046373107726015422 0)
(0.013189546362420109 -0.0043418133578862076 0)
(0.012687821861640993 -0.0040471333079775112 0)
(0.01221844774557904 -0.0037592723410096751 0)
(0.011780670864569092 -0.0034828396203746906 5.6970264057622684e-26)
(0.01137330120848306 -0.0032210662719809229 0)
(0.010994837683409024 -0.0029759398970840133 -1.9200832798546856e-25)
(0.010643583347551064 -0.0027484063468596401 -1.3185248795384294e-25)
(0.010317743407768655 -0.0025385955069114458 4.0219805912525773e-26)
(0.010015503196104114 -0.0023460402624723591 -3.1713820567817239e-39)
(0.0097350862595171062 -0.0021698698975063666 -1.011549862090871e-25)
(0.0094747945532590062 -0.0020089691032528878 -6.1846928984050966e-26)
(0.0092330336757069902 -0.001862100892940897 0)
(0.0090083263518563484 -0.0017279961655260866 0)
(0.0087993172018700511 -0.0016054149457657169 0)
(0.0086047714207688267 -0.0014931850764661255 2.2296445102152533e-26)
(0.0084235694927800569 -0.0013902239263539329 0)
(0.0082546995643114768 -0.0012955479556033167 -7.6797079752125972e-26)
(0.0080972486557933637 -0.0012082740652220013 -5.3650667241183434e-26)
(0.0079503935271719294 -0.0011276157409117395 1.6700462572112511e-26)
(0.0078133917277221961 -0.0010528761902973683 1.56352335037741e-26)
(0.0076855731504718852 -0.00098344000645058326 0)
(0.0075663322625903057 -0.00091876437481628985 0)
(0.0074551210823430225 -0.00085837045959636076 0)
(0.0073514429084662308 -0.00080183533586830635 0)
(0.0072548467688695328 -0.00074878465052788032 0)
(0.0071649225343977845 -0.00069888607626335101 1.1082328860240196e-26)
(0.00708129663394662 -0.00065184354975396657 -1.1751460810030011e-39)
(0.0070036283051906883 -0.00060739224378533155 -4.0253310252350868e-26)
(0.0069316063175294818 -0.00056529420231090017 -2.8858571104301536e-26)
(0.0068649461085591394 -0.0005253345600266002 0)
(0.0068033872811278521 -0.00048731826848878062 0)
(0.0067466914140170984 -0.00045106725567049404 0)
(0.006694640145033382 -0.0004164179528563814 0)
(0.0066470334905395197 -0.00038321913052333294 0)
(0.0066036883700777566 -0.00035132999254081386 -2.2863840153243454e-26)
(0.0065644373087014969 -0.00032061848522051779 -2.2107306714584682e-26)
(0.0065291272929412746 -0.00029095978427540555 0)
(0.0064976187590079348 -0.00026223492857536278 -6.9102447057775311e-27)
(0.0064697846939135075 -0.00023432957476913626 -6.698976072683371e-27)
(0.0064455098316911902 -0.00020713285148354777 0)
(0.0064246899278368776 -0.00018053629604349456 0)
(0.0064072310954791127 -0.00015443286062030885 0)
(0.0063930491865981012 -0.0001287159785759067 0)
(0.0063820692008408116 -0.00010327868567422392 0)
(0.0063742247029735626 -7.8012794976819289e-05 -5.5483764123222867e-27)
(0.0063694572273416379 -5.2808128711561137e-05 -5.3555668336319431e-27)
(0.0063677156450661319 -2.7551815345546095e-05 0)
(0.0063689554789603964 -2.1276667162239775e-06 0)
(0.0063731380909599102 2.3584333198590975e-05 -4.7273215886229679e-27)
(0.0063802297576886101 4.9708438326332661e-05 -4.4920838409075946e-27)
(0.0063902005701657908 7.6373334861230143e-05 0)
(0.0064030230613195118 0.00010371213372569398 0)
(0.0064186705476761974 0.00013186205585036804 0)
(0.006437115075111988 0.00016096372331455883 0)
(0.0064583248759443506 0.00019115993540439505 0)
(0.006482261220422625 0.00022259377198316144 -2.5731475705274991e-27)
(0.0065088745224398357 0.0002554058192131248 -2.1300157104533194e-27)
(0.0065380995326140643 0.00028973024999225685 0)
(0.0065698494206913064 0.00032568940795767404 1.0934085369654225e-27)
(0.0066040085128198037 0.00036338643202497281 4.88456452867792e-28)
(0.0066404234068057942 0.0004028953079726809 0)
(0.006678892138878398 0.00044424753084281094 -1.8494088169947952e-27)
(0.0067191510172713576 0.0004874142888472445 -3.4893935810556323e-27)
(0.026153914968017247 -0.0056686252133375309 0)
(0.025450416375694042 -0.0056015911370107564 0)
(0.024732515616891985 -0.005541996043220236 0)
(0.024003818298202466 -0.0054955861525008576 -4.5531066683074466e-26)
(0.023267329689372902 -0.0054656046879635618 -4.5511042498248902e-26)
(0.022525483643776462 -0.0054522282281557113 0)
(0.021780265717705687 -0.0054523385395975179 0)
(0.021033418306605815 -0.0054597477541340938 0)
(0.020286695020750433 -0.0054659103203092002 0)
(0.019542115185832359 -0.0054610435918369315 0)
(0.018802163635375624 -0.0054354740378689762 0)
(0.018069889490010663 -0.0053809637200691119 0)
(0.017348879178460699 -0.0052917742390021019 0)
(0.016643107454120645 -0.0051652917423239443 0)
(0.015956696936066044 -0.0050021433234105463 0)
(0.015293634045650973 -0.0048058472307509082 0)
(0.014657493245397682 -0.0045821248134555832 0)
(0.014051213083236749 -0.0043380430413471876 0)
(0.013476951147601748 -0.00408115187170352 0)
(0.012936026393696121 -0.0038187429547287977 0)
(0.012428941304565327 -0.00355730308987781 0)
(0.011955465829693741 -0.0033021839492840548 0)
(0.01151476061108532 -0.0030574697000134692 0)
(0.011105517649135654 -0.0028260004975999217 0)
(0.010726100485449674 -0.0026095013528579453 0)
(0.010374671347067963 -0.0024087686124534542 0)
(0.010049298065929278 -0.002223875467325625 0)
(0.0097480380764326888 -0.0020543693778982191 0)
(0.0094690000336106559 -0.001899445226584087 0)
(0.0092103855855827591 -0.0017580868442746448 0)
(0.0089705147867034825 -0.0016291758158763169 0)
(0.008747838840185795 -0.0015115703185947711 0)
(0.008540943590905771 -0.0014041586756290143 0)
(0.0083485466781367222 -0.0013058928894232719 0)
(0.0081694906661810684 -0.0012158071683232863 0)
(0.0080027338995846981 -0.0011330257782704552 0)
(0.007847340332369555 -0.001056763712397356 0)
(0.0077024691778574466 -0.00098632284438095489 0)
(0.007567364917097948 -0.00092108550422352641 0)
(0.0074413479787796537 -0.00086050682194664489 0)
(0.0073238062466347174 -0.00080410672731414095 0)
(0.0072141874461984388 -0.00075146215714443402 0)
(0.0071119923974776143 -0.00070219978439282188 0)
(0.0070167690822069452 -0.00065598942263154223 0)
(0.0069281074550920406 -0.00061253815585630175 0)
(0.0068456349212164145 -0.00057158518026368017 0)
(0.0067690124019799906 -0.00053289730903357722 0)
(0.0066979309163555621 -0.00049626507377288306 0)
(0.00663210861079513 -0.00046149935039001034 0)
(0.0065712881784570154 -0.00042842843813887377 0)
(0.0065152346157533623 -0.00039689552530185288 0)
(0.0064637332710837346 -0.00036675648149823363 0)
(0.0064165881467964448 -0.0003378779236913344 0)
(0.0063736204208158353 -0.00031013550992840507 0)
(0.0063346671589799043 -0.00028341242131791353 0)
(0.0062995801929791213 -0.00025759799857790226 0)
(0.0062682251419215983 -0.00023258650465918582 0)
(0.0062404805580211957 -0.00020827598950489331 0)
(0.006216237178753802 -0.00018456723705735593 0)
(0.0061953972690812556 -0.0001613627782763373 0)
(0.006177874038017288 -0.00013856595731654244 0)
(0.0061635911139000825 -0.00011608004127301892 0)
(0.0061524820622193381 -9.3807367170111337e-05 0)
(0.0061444899286564846 -7.1648523317209353e-05 0)
(0.0061395667879152478 -4.950156586107831e-05 0)
(0.0061376732760636361 -2.7261275247492196e-05 0)
(0.0061387780789137376 -4.8184630263843463e-06 0)
(0.0061428573617789911 1.7940640432179071e-05 0)
(0.0061498940698620358 4.1134951813572894e-05 0)
(0.0061598770799767737 6.4888919699916762e-05 0)
(0.0061728001625915227 8.9332778046575631e-05 0)
(0.0061886606559035419 0.00011460256417888441 0)
(0.0062074577954180088 0.0001408398313205652 0)
(0.0062291905980580856 0.00016819095311813731 0)
(0.0062538551854111959 0.00019680588399290319 0)
(0.0062814414071143028 0.00022683619575110446 0)
(0.0063119285969406294 0.00025843215276489677 0)
(0.0063452802605222193 0.00029173850976561491 0)
(0.0063814374538545496 0.00032688861051948409 0)
(0.0064203105646162464 0.000363996222422503 0)
(0.006461769152423239 0.00040314434801198498 0)
(0.0065056294374729283 0.00044436999199425943 0)
(0.025876733567952045 -0.0049527820858941392 -4.1111936861289737e-26)
(0.025140634971300181 -0.0048728011899832509 -3.4254235437591215e-26)
(0.024397309291692197 -0.0048039726229950628 6.0238463762275254e-26)
(0.023649700650627818 -0.004751329371338279 8.5532891626188692e-26)
(0.022899926993989 -0.0047174139200669568 2.9134695532195033e-26)
(0.022149385461223296 -0.004701816999558797 0)
(0.021398966684122209 -0.0047010456153721005 1.0638142523814519e-25)
(0.020649355639264684 -0.0047088161765206898 1.2059135152474993e-25)
(0.019901373219679937 -0.0047167862768743183 -4.5298785585089599e-26)
(0.019156296470030539 -0.0047156363438822721 -5.0280022532318849e-26)
(0.018416093337549462 -0.0046963217987366366 0)
(0.017683522602250937 -0.0046512688709022297 0)
(0.016962078190322999 -0.0045752998122562845 0)
(0.016255791047472677 -0.0044661412621963478 0)
(0.01556893101155352 -0.0043244691313157804 6.2429229350345406e-26)
(0.014905667723535868 -0.0041535426031867927 6.1614508668194747e-26)
(0.014269750538100133 -0.0039585514724497116 0)
(0.013664254900252575 -0.0037458313407505895 0)
(0.013091422484463778 -0.0035220916471695386 5.4556005278997355e-26)
(0.012552601100500644 -0.0032937644084363948 0)
(0.012048273085535114 -0.0030665331246109671 -4.7822101223805577e-26)
(0.011578150255739795 -0.0028450557379133962 8.8630794656715605e-26)
(0.011141309689064698 -0.0026328616210186105 8.1726380161054929e-26)
(0.010736346218977698 -0.0024323832969838539 -3.7541818747617253e-26)
(0.01036152241978165 -0.0022450775298745399 -3.440340898838303e-26)
(0.010014903028321453 -0.0020715938219731454 6.2959642653581419e-26)
(0.0096944666642200233 -0.0019119569723920159 8.6360434018491028e-26)
(0.0093981925102756287 -0.001765740639316042 2.6327962100597235e-26)
(0.0091241229794578674 -0.0016322184184324072 0)
(0.0088704053884494909 -0.0015104865709753585 0)
(0.0086353165455428475 -0.0013995578566495103 0)
(0.0084172742716608646 -0.0012984291458791621 0)
(0.0082148395127322523 -0.0012061270545340142 0)
(0.0080267121105868314 -0.0011217362689537175 1.5907970991202458e-26)
(0.0078517226449522116 -0.0010444149573284219 0)
(0.0076888221423050112 -0.00097340103783748167 -1.3709610202534229e-26)
(0.0075370709193262478 -0.00090801232766159483 0)
(0.0073956274066061993 -0.00084764287094445589 0)
(0.0072637374787738601 -0.00079175711036995745 0)
(0.0071407245868481345 -0.00073988305310122241 0)
(0.0070259808301040439 -0.00069160518719010985 1.9858582335144428e-26)
(0.0069189590011024225 -0.00064655761516304287 2.8159960521415461e-26)
(0.0068191655738633929 -0.00060441766801509311 0)
(0.0067261545694218428 -0.00056490012567816808 -8.4555256149444836e-27)
(0.0066395222159602125 -0.00052775208178200113 0)
(0.0065589023156172504 -0.00049274843696070578 0)
(0.0064839622321693074 -0.00045968797507469012 -7.3659379153852955e-27)
(0.0064143994198508332 -0.00042838996239332377 -7.0677538219473416e-27)
(0.0063499384215227207 -0.00039869120522489611 0)
(0.0062903282728989677 -0.00037044350271690275 0)
(0.0062353402578313108 -0.00034351143593415559 0)
(0.0061847659673061684 -0.00031777044016751278 0)
(0.0061384156216358326 -0.00029310511370167746 0)
(0.0060961166212612911 -0.00026940772238167563 -5.7478667076760577e-27)
(0.006057712296643817 -0.00024657686496585288 -5.5842271723275295e-27)
(0.006023060831957903 -0.00022451626930640895 1.6294282660358036e-26)
(0.0059920343407728373 -0.00020313369385332777 1.5863194973033181e-26)
(0.005964518074689347 -0.00018233991287114589 0)
(0.0059404097480333096 -0.00016204776718618891 0)
(0.0059196189632407057 -0.00014217126533698748 0)
(0.0059020667225159968 -0.00012262472279783783 4.7706649423787858e-27)
(0.0058876850117148315 -0.00010332192960280045 4.64753663493998e-27)
(0.0058764164421712074 -8.4175339333861628e-05 0)
(0.00586821393530273 -6.5095275185506245e-05 0)
(0.0058630404331507444 -4.5989151805548366e-05 0)
(0.0058608686152352265 -2.6760714908861078e-05 0)
(0.0058616805973094235 -7.3093048952710473e-06 0)
(0.0058654676016736936 1.2470845585124028e-05 0)
(0.0058722295334024044 3.2691256602631487e-05 0)
(0.005881974442375963 5.3469782527157004e-05 -6.9142901166770101e-27)
(0.0058947178389528324 7.4931070065435514e-05 -6.4939181727624749e-27)
(0.0059104817721649461 9.7206864647865056e-05 0)
(0.0059292936139469536 0.0001204360969487779 0)
(0.0059511844558222124 0.00014476466460330034 4.9154937880446388e-27)
(0.0059761870070102023 0.00017034479552047486 4.2543259163119658e-27)
(0.0060043328587432443 0.00019733383999635936 0)
(0.0060356489497306398 0.00022589228593822047 0)
(0.0060701530316975526 0.00025618071944418435 -1.7139499919443423e-27)
(0.0061078478905614011 0.00028835535459622376 -6.3745983182777608e-28)
(0.0061487140265120473 0.00032256162198380221 -2.8955604512371277e-28)
(0.0061927004330403377 0.00035892512227722855 -9.7636869717762569e-28)
(0.0062397130382510959 0.00039753900216973767 -3.5013498292321813e-27)
(0.025206468847237529 -0.0042080778950124515 -2.0885088980180156e-26)
(0.024455400008113762 -0.0041227920773592068 -1.5240590410612673e-26)
(0.023704288684497275 -0.0040516554563584436 2.4307158023904334e-26)
(0.022955061814656251 -0.0039987653760578407 3.4205931240368762e-26)
(0.022208687165768619 -0.0039658174458423014 1.2680982755227057e-26)
(0.021465367251982264 -0.003951759752196516 0)
(0.020724844754675079 -0.0039527608703642447 5.9276951284425167e-26)
(0.019986785775783382 -0.0039625627826820097 7.3964803345369813e-26)
(0.019251183564413864 -0.0039732122868444244 2.9832493623228387e-26)
(0.018518711989710238 -0.0039760745451985638 3.4859028607812772e-26)
(0.017790961439383583 -0.0039629587529103642 0)
(0.017070511177177467 -0.0039271541359188781 0)
(0.016360826212609127 -0.0038641959752050178 0)
(0.015666003458945171 -0.0037722482771082224 0)
(0.014990420718809369 -0.0036520790768468712 4.8236445795734234e-26)
(0.014338355579065357 -0.0035066882875805761 4.7994358150653108e-26)
(0.013713638009932564 -0.0033407046092010519 0)
(0.013119384035956238 -0.0031596879016149485 0)
(0.012557834956413438 -0.002969459986405801 4.3116634464068082e-26)
(0.012030304077400269 -0.0027755517998393174 1.5845202196922313e-39)
(0.011537215677596276 -0.0025828122684651358 -3.7978214431902763e-26)
(0.011078211114453434 -0.0023951858273275821 7.0495034742629895e-26)
(0.010652294302189095 -0.0022156379031805823 6.5074576989859755e-26)
(0.01025799146039132 -0.0020461927919382065 2.9914547929431089e-26)
(0.0098935057334837845 -0.0018880445027387878 2.7425840391623377e-26)
(0.0095568539382464793 -0.0017417049289207042 5.0201029120145232e-26)
(0.0092459788396756816 -0.0016071615226279398 6.8862527071662726e-26)
(0.0089588351918183148 -0.0014840255634563657 2.0991957057573256e-26)
(0.0086934510728625698 -0.0013716602131071459 0)
(0.0084479679199020545 -0.0012692838942197199 0)
(0.0082206634351157798 -0.0011760488982555314 0)
(0.0080099615421347151 -0.0010910977227130134 0)
(0.0078144331323933645 -0.0010136008633235868 0)
(0.0076327906968200378 -0.00094278007460891035 1.2681356479927493e-26)
(0.0074638792509253192 -0.00087792083720231845 0)
(0.0073066653270206731 -0.00081837721595122784 -1.0939145413261177e-26)
(0.0071602252719800653 -0.00076357164983898373 0)
(0.0070237336657411132 -0.00071299159708202071 0)
(0.0068964523585280128 -0.00066618442381996979 0)
(0.0067777203981667661 -0.00062275149290749125 0)
(0.0066669449645233494 -0.0005823420788410304 1.5943357314744547e-26)
(0.0065635933284095681 -0.00054464749320384343 2.265180121454817e-26)
(0.0064671857921111365 -0.00050939563554767986 0)
(0.0063772895358613036 -0.00047634607069253369 -6.8325964587845932e-27)
(0.0062935132799038515 -0.00044528566034716889 0)
(0.0062155026685704268 -0.00041602473278604557 0)
(0.006142936286370076 -0.00038839374985148918 -6.0022808691551124e-27)
(0.0060755222233069579 -0.00036224041899819427 -5.7775709327597955e-27)
(0.0060129951154769242 -0.00033742719462754244 0)
(0.0059551135961918066 -0.00031382911426400522 0)
(0.0059016581017140961 -0.00029133191900364058 0)
(0.0058524289837758644 -0.00026983041271284966 0)
(0.0058072448882350381 -0.00024922701982089029 0)
(0.0057659413654538661 -0.0002294305067387557 -4.8028837264040356e-27)
(0.0057283696832996717 -0.00021035483670809018 -4.6849856284781211e-27)
(0.005694395818135258 -0.00019191813212440475 1.3726651718183326e-26)
(0.0056638996028601212 -0.00017404172209438892 1.3419491769829638e-26)
(0.005636774014060068 -0.00015664925620428264 0)
(0.005612924582680966 -0.00013966586827964398 0)
(0.0055922689144110097 -0.00012301737637961915 -8.3892273989641649e-27)
(0.0055747363071605924 -0.00010662950749190988 -4.1067585935713987e-27)
(0.0055602674536793717 -9.0427137466269386e-05 4.0190711168440363e-27)
(0.0055488142174304218 -7.4333538751774795e-05 7.8601508805574208e-27)
(0.0055403394693120033 -5.8269630582260542e-05 7.6764271045348026e-27)
(0.0055348169715667729 -4.2153228494049712e-05 7.4836433590760949e-27)
(0.0055322312929119459 -2.5898292545396106e-05 7.2782096979034132e-27)
(0.0055325777355643155 -9.4141764310307703e-06 0)
(0.0055358622612685657 7.3951177687315339e-06 0)
(0.0055421013723757099 2.4631653992069435e-05 0)
(0.0055513219191442118 4.2404269672465676e-05 -6.245520684234689e-27)
(0.0055635608035497159 6.0829197883841552e-05 -5.9093765745650156e-27)
(0.0055788645139413801 8.0030605674338989e-05 0)
(0.0055972884280509547 0.00010014099235103231 0)
(0.0056188958016466922 0.00012130137974782236 4.6098423460733527e-27)
(0.0056437563403579491 0.00014366120407194468 4.0515586377878617e-27)
(0.0056719442271763567 0.00016737778421483331 0)
(0.0057035354474136157 0.00019261519460206356 0)
(0.0057386042149051167 0.00021954230595786975 -2.1628441372052269e-39)
(0.0057772182565650398 0.00024832966788756924 3.2728530573518067e-39)
(0.0058194326549124908 0.00027914478379937913 -9.6823323500740469e-29)
(0.005865281877195835 0.00031214515905068647 -7.1997571339849027e-28)
(0.00591476953185261 0.00034746827110478492 -2.8620874749916044e-27)
(0.024110445932070301 -0.0034543148220737944 -1.3679372673449378e-27)
(0.023366131072092598 -0.0033712470608629587 2.8998748151751959e-27)
(0.022628225748297971 -0.0033042229411558966 0)
(0.021897355247747132 -0.0032562818819909098 0)
(0.021173172118102386 -0.0032282396827121524 0)
(0.020454639411824446 -0.0032184592874461475 -2.6528684405777495e-28)
(0.019740414727014655 -0.0032229090748622301 -4.5366919891223537e-27)
(0.019029290606159235 -0.0032355549073699646 0)
(0.018320625782377285 -0.003249062267420185 2.9042962953149509e-26)
(0.017614693674826432 -0.0032557098301800864 3.892512188574675e-26)
(0.016912884488419957 -0.0032483601465079707 0)
(0.016217724358508531 -0.0032213161691620976 0)
(0.015532712045448564 -0.0031709201341801846 0)
(0.014862009958102721 -0.0030958139104669126 0)
(0.014210051650977903 -0.0029968563704308414 0)
(0.013581136632913519 -0.0028767606421970472 0)
(0.012979075432307249 -0.0027395558775339069 0)
(0.012406928281595193 -0.0025899888946010418 0)
(0.011866856611786868 -0.0024329653435313189 0)
(0.011360084357599786 -0.0022730984778976176 0)
(0.01088695013267116 -0.002114397819137285 0)
(0.01044702312440283 -0.0019600989876484899 0)
(0.010039254303524136 -0.0018126145860691896 0)
(0.0096621382015091243 -0.0016735751796514368 4.4494319814049116e-26)
(0.0093138667325076575 -0.0015439273903630074 4.0830074571979746e-26)
(0.0089924633360393188 -0.0014240599814211337 0)
(0.0086958917578833367 -0.0013139356080354339 0)
(0.0084221384038094295 -0.0012132133370279794 0)
(0.0081692702512683874 -0.0011213536346395755 0)
(0.0079354719691735378 -0.0010377026047731013 0)
(0.007719066504765071 -0.00096155570522605941 0)
(0.0075185233014647499 -0.00089220317983263549 0)
(0.0073324578166775482 -0.00082896036080022661 0)
(0.007159625341383832 -0.00077118617247808312 0)
(0.0069989114345401478 -0.00071829290732325455 0)
(0.0068493206609574996 -0.00066974987236022852 0)
(0.0067099648008063246 -0.00062508297024960863 0)
(0.006580051291184991 -0.00058387177185812475 0)
(0.0064588723569849963 -0.00054574520087655285 0)
(0.0063457950732865483 -0.00051037660025155343 0)
(0.0062402524562428846 -0.00047747868261492415 0)
(0.0061417355864907645 -0.00044679867169430531 0)
(0.0060497867137997456 -0.00041811380507007995 0)
(0.005963993262235818 -0.00039122727697433535 0)
(0.0058839826427356003 -0.0003659646411645155 0)
(0.0058094177782882358 -0.00034217065856656753 0)
(0.0057399932514724823 -0.00031970655491330406 0)
(0.0056754319919278054 -0.00029844764452239967 0)
(0.0056154824305471402 -0.00027828127376644892 0)
(0.0055599160566004811 -0.0002591050390112739 0)
(0.0055085253229661289 -0.00024082523707026119 0)
(0.0054611218528183318 -0.00022335551040725669 0)
(0.0054175349083592532 -0.00020661565373318374 0)
(0.0053776100884669097 -0.00019053055288675543 0)
(0.0053412082275058033 -0.00017502923077232317 0)
(0.0053082044720880513 -0.00016004397855744212 0)
(0.0052784875163634781 -0.00014550955331820711 0)
(0.0052519589795355587 -0.00013136242587613025 0)
(0.005228532911814663 -0.00011754006477317095 0)
(0.0052081354169794527 -0.0001039802442297724 -6.9716518228606129e-27)
(0.0051907043811571145 -9.0620365613129557e-05 -6.8713633100379522e-27)
(0.0051761892983633014 -7.7396783470252558e-05 0)
(0.0051645511837587893 -6.4244128640302461e-05 6.6670366087063102e-27)
(0.0051557625654539774 -5.1094622429002561e-05 6.5581556128171825e-27)
(0.0051498075449459661 -3.7877377373198198e-05 6.4412658978326313e-27)
(0.0051466819146597778 -2.4517681724810906e-05 6.3134236389355017e-27)
(0.0051463933184573655 -1.0936266572101793e-05 0)
(0.0051489614401439999 2.9514416511000289e-06 0)
(0.0051544182053589009 1.7236062011351724e-05 0)
(0.0051628079498654616 3.2015047259428634e-05 0)
(0.0051741875322026858 4.739340347064263e-05 0)
(0.0051886263619983332 6.3484393273023377e-05 0)
(0.0052062062676038147 8.0410170698608512e-05 0)
(0.0052270211378982025 9.8302293252012119e-05 0)
(0.0052511762492898741 0.00011730204532468465 0)
(0.0052787871626435948 0.00013756047603612112 0)
(0.0053099780447042489 0.00015923801442716833 0)
(0.005344879229536019 0.00018250346880312513 2.2057495718777784e-27)
(0.0053836237863847964 0.00020753213819518762 1.4139648711285935e-27)
(0.0054263427985047335 0.00023450265387519177 -2.4733852200861438e-28)
(0.0054731589792137748 0.00026359201605552604 2.8575651386997131e-28)
(0.0055241781522863158 0.00029496808002036522 0)
(0.022563353949145715 -0.0027154127315278157 1.613019992191031e-26)
(0.021850454341958411 -0.0026411408367436298 1.9015898108979825e-26)
(0.02114892649006397 -0.002583413981446416 -1.9986059338886765e-26)
(0.020457958864762829 -0.002544217246498628 -4.0678401533785498e-39)
(0.019775880640761946 -0.0025235798586012016 1.7069666391692537e-26)
(0.019100520676558101 -0.0025194507712488589 2.746864178170389e-26)
(0.018429644591675044 -0.0025278248902068003 1.9138597926872812e-26)
(0.017761417189078952 -0.0025431438464386764 0)
(0.017094821542991419 -0.0025589355939229018 0)
(0.016429964789721637 -0.0025685984632621102 0)
(0.015768216989757694 -0.0025661969559760533 0)
(0.015112160321292846 -0.0025471318582121578 0)
(0.014465362930360203 -0.0025085777739608786 1.5705035129758528e-26)
(0.013832024464327745 -0.0024496362859904898 1.8018215150704897e-26)
(0.013216560030145113 -0.0023712147347990965 0)
(0.012623192283933321 -0.0022756913493511034 0)
(0.01205560930685136 -0.0021664558555438162 2.0822674309942973e-26)
(0.011516724512070413 -0.0020474182927396997 0)
(0.011008551000717912 -0.001922562650551205 -2.0081842138276548e-26)
(0.010532182362392683 -0.0017955950501291941 0)
(0.010087858260159231 -0.0016697075837127189 0)
(0.0096750870057401121 -0.0015474551730938601 0)
(0.0092927975404589695 -0.0014307271213193236 0)
(0.0089394976558769216 -0.0013207876648475354 -1.4603405413214659e-26)
(0.0086134216834851934 -0.001218359150442494 -1.3420465798597907e-26)
(0.0083126574685202896 -0.0011237250779381975 0)
(0.0080352480861840651 -0.0010368358808416874 0)
(0.007779267947715285 -0.00095740622847886934 0)
(0.0075428756265870211 -0.00088499776999396377 0)
(0.0073243471306692837 -0.00081908513543131872 0)
(0.0071220937856892753 -0.0007591056100049677 0)
(0.006934668713653877 -0.00070449438679929708 0)
(0.0067607653674251087 -0.00065470795618543067 0)
(0.0065992109245976557 -0.00060923828491486873 0)
(0.0064489566829505256 -0.00056762020684202313 0)
(0.0063090670099971479 -0.00052943406228973713 0)
(0.0061787079125290587 -0.00049430519762905841 0)
(0.0060571359137605993 -0.0004619015369105345 0)
(0.0059436876460873672 -0.00043193009555970481 0)
(0.0058377703703232173 -0.00040413303239146596 0)
(0.0057388534998538063 -0.00037828362790656288 0)
(0.005646461124056576 -0.00035418242517071301 0)
(0.0055601654758142584 -0.00033165366359151356 0)
(0.0054795812621286476 -0.00031054206489666885 3.5226275627658715e-27)
(0.0054043607665703545 -0.00029070998524924037 0)
(0.0053341896317112654 -0.00027203492017222752 1.2088669968076509e-39)
(0.0052687832347111281 -0.00025440733399618597 3.211246595158633e-27)
(0.0052078835771566774 -0.00023772877863128611 0)
(0.0051512566193438062 -0.0002219102645749246 0)
(0.0050986899983959154 -0.00020687084811490248 0)
(0.0050499910783252068 -0.00019253640131343608 0)
(0.00500498528806953 -0.00017883853467037786 0)
(0.0049635147105566322 -0.00016571364583620887 0)
(0.0049254368919561045 -0.00015310207107102608 0)
(0.0048906238455242003 -0.0001409473191705377 0)
(0.0048589612289100231 -0.0001291953702364161 2.8140492903405044e-27)
(0.0048303476775550906 -0.00011779402396071102 2.7972174936610735e-27)
(0.0048046942799634439 -0.00010669228403415512 0)
(0.0047819241832162702 -9.5839766934433131e-05 0)
(0.0047619723192042305 -8.5186124735928299e-05 0)
(0.0047447852436921538 -7.4680472780211393e-05 0)
(0.0047303210815306347 -6.4270814089937518e-05 0)
(0.0047185495720842323 -5.3903453371064834e-05 0)
(0.0047094522092599083 -4.3522394386933994e-05 0)
(0.0047030224704217374 -3.3068715413249118e-05 0)
(0.0046992661276279097 -2.2479918310275128e-05 0)
(0.0046982016312643289 -1.1689248170144971e-05 0)
(0.0046998605486350065 -6.2498511198800902e-07 0)
(0.0047042880912965815 1.0790291081201209e-05 0)
(0.0047115436349322712 2.264046829885026e-05 0)
(0.0047217012289661802 3.5016711187597764e-05 0)
(0.0047348501362769763 4.8018214350999664e-05 0)
(0.0047510952811957658 6.1752991759007615e-05 0)
(0.004770557571228044 7.6338608740022555e-05 0)
(0.0047933740252899407 9.1902817634724766e-05 0)
(0.0048196976093654951 0.00010858403002829871 0)
(0.0048496966537397244 0.00012653152358125261 0)
(0.0048835536876614318 0.00014590523446995511 0)
(0.0049214634774949265 0.00016687492012964589 0)
(0.0049636299900827161 0.00018961838287570113 -7.2284959260825456e-28)
(0.0050102619193899117 0.00021431831261902853 -3.0686341437776129e-28)
(0.0050615663057422657 0.00024115712213937162 0)
(0.02054685961994808 -0.0020179412314827311 0)
(0.019891225358075013 -0.0019572847670013354 -3.2187262905827014e-26)
(0.01924983599697859 -0.0019121714087371659 -3.2350389439030857e-26)
(0.018620516593419897 -0.0018836651188384728 1.6591851027995573e-39)
(0.01800045419907445 -0.0018712161928410465 2.8940548747712899e-26)
(0.017386605126888929 -0.0018726187346355698 2.5790568598111199e-26)
(0.016776149584885502 -0.0018841734541105834 2.1994776142626522e-26)
(0.016166936755944831 -0.0019010622904468352 0)
(0.015557854227347427 -0.0019178938742121327 -1.3467606078637241e-26)
(0.014949061397231397 -0.0019293363708434703 -9.2092965914790137e-27)
(0.014342047728831115 -0.0019307308663140154 5.2215916193320201e-27)
(0.013739508700744809 -0.00191858220721296 1.6509209158679089e-27)
(0.013145066301407785 -0.0018908536747229163 1.4064810298313328e-27)
(0.01256288761492008 -0.0018470370257513693 7.8073308914298003e-27)
(0.011997267951369496 -0.0017880161181030693 1.1674211802017183e-26)
(0.011452242423680821 -0.0017157779091845813 7.2376293471923041e-27)
(0.010931274879846581 -0.001633042036961792 2.4480238565560823e-26)
(0.01043705150774657 -0.0015428791180187044 1.7346688251643097e-26)
(0.0099713844922710779 -0.0014483731225961383 -8.8518253967558305e-27)
(0.0095352135621117745 -0.0013523617495858466 0)
(0.0091286824695964962 -0.0012572672077015049 0)
(0.0087512634987506489 -0.0011650126865703561 0)
(0.0084019045683783877 -0.0010770090078239302 0)
(0.0080791783246338261 -0.00099419132827366428 -1.4091368885515024e-26)
(0.0077814188112215405 -0.00091708592612086098 -1.2983886199459456e-26)
(0.0075068373579383254 -0.00084589021386978567 5.9471444847071082e-27)
(0.0072536143424923073 -0.00078055351754618063 5.4270319078184894e-27)
(0.0070199670981033616 -0.00072085061632139495 0)
(0.006804196483044693 -0.00066644382870378058 0)
(0.0066047157338612736 -0.0006169322633467919 0)
(0.0064200655045713421 -0.00057188871628824139 0)
(0.0062489187518154051 -0.0005308857432576562 0)
(0.0060900786068014403 -0.00049351287582345639 0)
(0.0059424717555704104 -0.00045938698965149638 0)
(0.0058051392415278506 -0.00042815764214530305 0)
(0.0056772260691197035 -0.00039950889957148482 -2.5156264671914359e-27)
(0.0055579705497520232 -0.00037315885183700535 -2.3638804422025416e-27)
(0.0054466939927697716 -0.00034885771345810932 2.2356976051038586e-27)
(0.0053427910954355383 -0.00032638515440217697 2.1283401522649174e-27)
(0.0052457212110644837 -0.00030554730105371742 2.039333293317699e-27)
(0.0051550005575438651 -0.00028617369311897739 1.9664643854188287e-27)
(0.0050701953545987319 -0.00026811437001083888 0)
(0.0049909158350021207 -0.00025123718189675332 0)
(0.0049168110527738956 -0.00023542536815074572 1.8261893149301504e-27)
(0.0048475644030052979 -0.00022057541249255564 -3.6008835118717758e-27)
(0.0047828897680713845 -0.00020659516402741915 -3.5662076004503939e-27)
(0.0047225282100409223 -0.00019340220242642387 1.1725947761662235e-39)
(0.0046662451366586309 -0.00018092242045387387 -3.5393130390816174e-27)
(0.0046138278768206777 -0.00016908879572074425 -3.5436754275625833e-27)
(0.0045650836100598752 -0.00015784032437577976 -1.7789764199168546e-27)
(0.0045198376026786826 -0.0001471210914361468 0)
(0.0044779317105512074 -0.00013687945494348839 0)
(0.004439223115169675 -0.00012706732372340531 1.8240888716554743e-27)
(0.0044035832652299352 -0.00011763951099533593 1.8452838386537326e-27)
(0.0043708970009916697 -0.00010855314831539453 0)
(0.0043410618428857042 -9.9767146283295314e-05 5.6825542484096636e-27)
(0.0043139874294553212 -9.1241690108936945e-05 5.7632063359888957e-27)
(0.004289595092790561 -8.2937759526427736e-05 0)
(0.0042678175622091093 -7.4816663696421101e-05 0)
(0.0042485987891125376 -6.6839582683655451e-05 0)
(0.0042318938877400495 -5.896710788050386e-05 -2.0355459949480368e-27)
(0.0042176691879759268 -5.1158774391306302e-05 0)
(0.0042059023974440795 -4.3372578945439282e-05 4.1820960361734274e-27)
(0.0041965828708895028 -3.5564477400697974e-05 4.2333592632798685e-27)
(0.0041897119854131561 -2.7687856345391344e-05 2.1401193247181334e-27)
(0.0041853036196347285 -1.9692973801475885e-05 0)
(0.0041833847306882461 -1.1526364787753292e-05 0)
(0.0041839960272799636 -3.1302069262738983e-06 0)
(0.0041871927487942247 5.5583646253407113e-06 0)
(0.0041930455446988202 1.4607893513759647e-05 0)
(0.0042016413496414728 2.4093528676248024e-05 -4.3759878997954694e-27)
(0.0042130843546249862 3.4097664063687295e-05 -4.338776895267741e-27)
(0.004227497045316303 4.4710807933982477e-05 0)
(0.0042450211721698832 5.6032420369482504e-05 0)
(0.0042658186659522111 6.8171722935053165e-05 0)
(0.0042900724173193022 8.1248444930026652e-05 0)
(0.0043179868189170715 9.5393437846438576e-05 0)
(0.0043497879353308622 0.00011074905181458231 0)
(0.0043857231189535269 0.00012746911554208849 0)
(0.0044260598261153077 0.00014571828564591179 0)
(0.0044710833024588208 0.0001656704227365741 2.0523280301107597e-27)
(0.0045210926923123498 0.00018750549800835447 1.3813352646394998e-27)
(0.018046808015736097 -0.0013889789941307653 0)
(0.017473405605841125 -0.0013444025308219708 -4.1883146392355707e-26)
(0.016914768203090597 -0.0013129915622912955 0)
(0.016367658215212414 -0.0012951262437686936 0)
(0.015828482189125935 -0.0012899602103521261 0)
(0.015293709524214535 -0.0012954301192429692 0)
(0.014760305922359196 -0.0013084206156808787 0)
(0.01422612549423736 -0.0013250802542601522 0)
(0.013690203281339708 -0.0013412491570724697 -2.5195586778751612e-26)
(0.01315290146804457 -0.0013529311864561679 -6.4692664988671983e-26)
(0.012615886271057881 -0.0013567314028349881 -1.8071046856014274e-26)
(0.012081942649226015 -0.0013501875944882161 1.4824499129477198e-26)
(0.011554662490666496 -0.0013319498050094504 2.380381758768604e-26)
(0.0110380613853802 -0.0013017957066780595 -9.3489258771413916e-27)
(0.010536185316923545 -0.0012605021591570063 -2.8728957715560351e-26)
(0.010052761742604761 -0.0012096161310483542 -5.3945559117786214e-27)
(0.0095909333053813221 -0.0011511775066656992 -1.5842610216701385e-26)
(0.0091530922911164554 -0.0010874429391576346 -5.6869696959821901e-27)
(0.0087408150969960699 -0.0010206478126335591 0)
(0.008354881940645844 -0.00095282761873135072 -2.7676165309808273e-27)
(0.0079953592239958779 -0.00088570505069167111 0)
(0.0076617199770709285 -0.00082063766305594558 0)
(0.00735298015299352 -0.00075861407033731487 0)
(0.0070678333747983164 -0.00070028403732315088 3.831152681697429e-28)
(0.0068047723824098145 -0.00064600836721647598 3.3603021742794093e-28)
(0.0065621907024180489 -0.00059591693038118013 -3.2386736230465685e-28)
(0.0063384622993187057 -0.00054996636264649968 -3.3201331708788389e-28)
(0.0061319999404529759 -0.00050799209215444713 0)
(0.0059412947921226823 -0.00046975196921113471 0)
(0.0057649405919587976 -0.00043496069933153476 0)
(0.005601645891234827 -0.00040331552953494157 0)
(0.0054502375890719303 -0.00037451432653965637 0)
(0.0053096584942900074 -0.00034826746201979821 0)
(0.0051789610951172745 -0.00032430492732524673 7.5865671887245555e-28)
(0.005057299182488032 -0.00030237995443271854 7.1314715591947053e-28)
(0.0049439185071039025 -0.00028227020571756618 3.2618780058755009e-28)
(0.004838147272121153 -0.00026377736719281194 2.8893911849768995e-28)
(0.0047393869723369401 -0.00024672576952273296 -2.4564073427326289e-28)
(0.0046471038773955161 -0.00023096048309383712 -1.9709520035681003e-28)
(0.0045608213071062498 -0.00021634519177246748 -1.4406038675987767e-28)
(0.0044801127472721908 -0.00020276004267576691 8.723072319007887e-29)
(0.0044045957916606137 -0.00019009959139938142 5.4457648819982193e-29)
(0.0043339268592736176 -0.00017827090786336837 0)
(0.0042677966175714583 -0.00016719187165434369 0)
(0.0042059260355406247 -0.00015678966262915807 -3.3333450028048762e-28)
(0.0041480629910173291 -0.00014699943870768922 -4.6909561926951796e-28)
(0.0040939793613837131 -0.00013776318524427083 -3.0350722892486147e-28)
(0.0040434685335890329 -0.00012902871693442068 -7.4658347141483167e-28)
(0.0039963432770987262 -0.0001207488123408246 -8.8737531885758404e-28)
(0.0039524339310431358 -0.00011288046173689075 -5.1451565761230102e-28)
(0.0039115868640783799 -0.00010538421037216898 0)
(0.0038736631720636718 -9.8223581003803172e-05 -1.970673309462079e-27)
(0.0038385375845248764 -9.1364561343908966e-05 -1.4564132708210364e-27)
(0.0038060975560173221 -8.4775143782401296e-05 7.9948215953833339e-28)
(0.0037762425229700028 -7.8424906285840123e-05 0)
(0.0037488833104615494 -7.2284624702206659e-05 1.8832242565259183e-27)
(0.0037239416767185624 -6.6325907827087836e-05 2.0246698559157628e-27)
(0.0037013499860150834 -6.052084750986533e-05 0)
(0.0036810510031485126 -5.484167682271361e-05 0)
(0.003662997804830146 -4.9260429905736199e-05 0)
(0.0036471538051990604 -4.3748597556804652e-05 -1.2914651843953312e-27)
(0.0036334928942690511 -3.8276772979369996e-05 2.7198622604920793e-27)
(0.0036219996894743334 -3.2814282347105387e-05 5.7106743898976225e-27)
(0.0036126699016286782 -2.7328795005765846e-05 2.9890667064479801e-27)
(0.0036055108175701072 -2.1785908324301762e-05 1.5603430222328133e-27)
(0.003600541902072615 -1.6148702631782684e-05 -3.2497330139214818e-27)
(0.003597795521444019 -1.0377260239313711e-05 -3.3756227754853766e-27)
(0.0035973177930399966 -4.4281347762124612e-06 0)
(0.0035991695059349933 1.7462217308395157e-06 0)
(0.003603427375466648 8.197936139581853e-06 0)
(0.0036101851677444786 1.4984663754309976e-05 -3.8294719761060409e-27)
(0.0036195549505813563 2.2170028198990665e-05 -3.9235881896039032e-27)
(0.0036316687141093608 2.9824503821356391e-05 -4.0058636002072065e-27)
(0.003646679866791209 3.8026214561642133e-05 -4.0733053283805216e-27)
(0.0036647648394422493 4.6861772949626102e-05 0)
(0.0036861247174936849 5.6427126535523244e-05 0)
(0.0037109868260872185 6.6828372313462535e-05 0)
(0.0037396061710830782 7.8182472939303339e-05 0)
(0.0037722665986887737 9.0617770156635734e-05 0)
(0.0038092814775291376 0.00010427413481891161 0)
(0.0038509936252471249 0.00011930251081280856 3.6646880207186214e-27)
(0.0038977740892298779 0.00013586349211716921 3.3650459425228302e-27)
(0.015047779657668592 -0.00085366505461536419 1.4561174954921132e-25)
(0.014578707539860295 -0.00082508805040016351 0)
(0.014122750048074071 -0.0008062968539314946 0)
(0.013676105103986433 -0.00079727533840912609 9.3170701147901556e-26)
(0.01323489093505005 -0.00079717462640719499 8.9956905827309343e-26)
(0.012795536964847247 -0.00080434421611461863 0)
(0.012355161930444683 -0.00081646878848256189 -4.0685700408342931e-26)
(0.011911888748606972 -0.00083080186999375232 4.84532470879223e-39)
(0.011465049308455233 -0.00084446475274302661 3.5426534635856072e-26)
(0.011015247334878357 -0.00085476266969897684 -9.7893217356679126e-26)
(0.010564270819539361 -0.00085946555984390519 -8.9487494972458231e-26)
(0.010114871430966345 -0.00085700925100940027 0)
(0.0096704500665631653 -0.00084659154580880684 4.894107360559116e-26)
(0.0092347000353077691 -0.00082816045751948051 0)
(0.0088112601852274215 -0.0008023121418241966 -1.9750309624547099e-26)
(0.0084034209765327696 -0.00077012915740913871 1.7694308570792316e-26)
(0.0080139108651640454 -0.00073299382635908417 -3.1701496391981629e-26)
(0.0076447730410867179 -0.00069240776489305593 0)
(0.0072973275072164522 -0.0006498399726288126 0)
(0.0069722030633308863 -0.00060661547878941059 -2.3033686160747476e-26)
(0.0066694186353133253 -0.00056384710632565338 0)
(0.0063884928927360031 -0.00052240598871647066 0)
(0.0061285638361197915 -0.00048292252470440942 -8.635713109907164e-27)
(0.0058885044682313254 -0.00044580815545396601 -7.9106849924822897e-27)
(0.005667025491033738 -0.00041128895634558085 0)
(0.0054627603072138304 -0.00037944372936834472 0)
(0.0052743309929634274 -0.00035024136617473549 0)
(0.0051003962267156793 -0.00032357424506643213 5.7663789303942582e-27)
(0.0049396835056724452 -0.0002992860631651933 5.3617492404221225e-27)
(0.0047910085650655363 -0.00027719369526972879 0)
(0.0046532849670952022 -0.00025710343303743621 0)
(0.0045255265568808238 -0.00023882236976564489 0)
(0.0044068450551154629 -0.00022216585305716657 1.2149563838696592e-26)
(0.0042964445849923366 -0.00020696191997024874 1.510898118398572e-26)
(0.0041936144840218027 -0.00019305352933942564 3.5209921896571155e-27)
(0.0040977213655815871 -0.00018029926589240085 0)
(0.0040082010833493035 -0.0001685730441557062 0)
(0.0039245510129302707 -0.00015776320594239281 0)
(0.0038463228903555281 -0.00014777129221502233 2.6252454457116661e-27)
(0.003773116325085047 -0.00013851068051367438 2.4274157186669836e-27)
(0.003704573023905559 -0.00012990521144500453 4.4763601745392151e-27)
(0.00364037171110374 -0.00012188787869812845 4.1136543768461088e-27)
(0.0035802237007865494 -0.00011439962295060122 -1.8827278576990045e-27)
(0.0035238690623941239 -0.00010738824727776835 -1.7153189612489381e-27)
(0.0034710733152106452 -0.00010080745722197237 0)
(0.003421624588376128 -9.4616020048884973e-05 0)
(0.0033753311870051614 -8.8777033041172805e-05 -1.2483511511097822e-27)
(0.0033320195108483856 -8.3257288573290432e-05 0)
(0.0032915322784121061 -7.8026723200558143e-05 9.6218307859734309e-28)
(0.0032537270159335337 -7.3057938412347681e-05 0)
(0.003218474776729709 -6.8325781600988718e-05 0)
(0.0031856590620179728 -6.3806976903138602e-05 1.6899990736328189e-27)
(0.0031551749192868547 -5.9479796708810298e-05 2.1859497096418199e-27)
(0.0031269281986844384 -5.5323765704037677e-05 3.1394419752163934e-28)
(0.0031008349517290743 -5.131939027149666e-05 0)
(0.0030768209600004785 -4.7447906891274501e-05 7.4987386777518145e-29)
(0.0030548213844012965 -4.3691043868761622e-05 -8.2578438277475436e-29)
(0.0030347805281563736 -4.0030791263556827e-05 0)
(0.003016651708997121 -3.6449174320733076e-05 2.6882883294774378e-28)
(0.0030003972380126106 -3.2928026027779704e-05 -3.8064313814897505e-28)
(0.0029859885044786622 -2.9448754642586786e-05 -9.8304084427938944e-28)
(0.0029734061676392112 -2.5992102181775957e-05 -1.6978491399245495e-55)
(0.0029626404579365458 -2.2537889919062962e-05 2.1346846390782364e-27)
(0.002953691591530627 -1.9064746933360434e-05 1.6425414528076667e-27)
(0.0029465703030676946 -1.55498177877937e-05 -9.3112959311916125e-28)
(0.0029412985039949332 -1.19684457672802e-05 -2.082792025363072e-27)
(0.0029379100794253198 -8.2938279779864726e-06 1.1523156493295821e-27)
(0.0029364518203380593 -4.49663525323417e-06 -6.6395525766561597e-40)
(0.0029369843663642845 -5.4457753797961571e-07 -1.3770697479373456e-27)
(0.0029395837404421411 3.5982168730086569e-06 0)
(0.0029443425760642215 7.9712548381678498e-06 0)
(0.0029513715000394698 1.2618583534351853e-05 -1.7231572337915068e-27)
(0.0029608011856690495 1.7589473401773993e-05 -5.5230947186187462e-27)
(0.0029727841455429605 2.2938944762877902e-05 -1.9597860133018371e-27)
(0.0029874968391557866 2.8728520136553037e-05 2.0789213095859666e-27)
(0.0030051419309933148 3.5027008728459004e-05 0)
(0.0030259506774178084 4.1911309624491701e-05 0)
(0.0030501853892602741 4.9467209772209415e-05 0)
(0.0030781418853692106 5.7790119066585944e-05 0)
(0.0031101518042617746 6.6985647808670689e-05 0)
(0.0031465845706561061 7.71698772677315e-05 0)
(0.003187848712656486 8.846909344707901e-05 5.5856519395157469e-27)
(0.011525505680850132 -0.00043376801304207638 1.6188144192735454e-25)
(0.01117849553225695 -0.00041884243330050615 0)
(0.010841385498994698 -0.00040991044107282869 -5.2369560800937653e-26)
(0.010510442161648719 -0.00040682586709642725 5.1462770507483884e-26)
(0.010182051730226727 -0.00040896911720874295 5.0472843337029238e-26)
(0.0098530474486094571 -0.00041527562682999963 -4.9377174408421146e-26)
(0.0095210081480143084 -0.00042432511800195974 -4.8149549179289829e-26)
(0.009184486729362144 -0.00043448383402526659 0)
(0.0088431344069386988 -0.00044407925099421641 4.5215549271215089e-26)
(0.0084977019801949754 -0.00045157862604548504 -4.3492223387456278e-26)
(0.0081499197723011122 -0.00045574175908128227 -4.1606916308038165e-26)
(0.0078022780456411213 -0.00045572467629040314 0)
(0.0074577446529048175 -0.00045112237354912298 0)
(0.0071194631852678622 -0.00044195163644102 0)
(0.0067904723547214992 -0.00042858571429010476 3.2991093889634312e-26)
(0.0064734777004751025 -0.0004116589589730343 3.0752616120224889e-26)
(0.0061706933084869527 -0.00039196086832197211 0)
(0.0058837576375209933 -0.000370336200275054 2.6431751235973341e-26)
(0.0056137164873727866 -0.00034760265429291208 2.4405571155372925e-26)
(0.0053610590487826876 -0.00032449183151439591 0)
(0.0051257899987428327 -0.00030161414230897479 0)
(0.0049075210141186175 -0.00027944476640705376 0)
(0.0047055677130630165 -0.0002583258452624405 -1.754499327454091e-26)
(0.0045190417238287518 -0.00023847956225523856 -1.6157240043463962e-26)
(0.0043469313847224241 -0.0002200272194934552 0)
(0.0041881678880134826 -0.00020301040649794034 0)
(0.0040416762028567385 -0.00018741151171793277 0)
(0.0039064117975521158 -0.00017317190747003858 1.1748435590934437e-26)
(0.0037813851294128359 -0.00016020701256729423 1.0885531033391996e-26)
(0.0036656762499934202 -0.00014841806363931646 0)
(0.00355844186477303 -0.00013770082183373975 0)
(0.0034589169476909433 -0.00012795165064123117 0)
(0.0033664126636198601 -0.00011907147549964102 2.4374315806824588e-26)
(0.0032803119791061193 -0.00011096812495102882 1.5141982342849356e-26)
(0.0032000639937520511 -0.00010355749496630297 -7.0599047798545579e-27)
(0.0031251777267974319 -9.6763900056555743e-05 0)
(0.003055215854171216 -9.0519894482297766e-05 0)
(0.0029897887086774268 -8.4765774045516911e-05 0)
(0.002928548722888748 -7.9448908003661425e-05 5.35655688002917e-27)
(0.0028711854015874942 -7.4523002539928559e-05 4.9989424300950863e-27)
(0.0028174208490503714 -6.9947361025683564e-05 0)
(0.0027670058379807598 -6.568618018187774e-05 0)
(0.0027197163847584266 -6.1707903137798878e-05 -4.0492699225176572e-27)
(0.0026753507846852599 -5.798463834798098e-05 -3.767459870153339e-27)
(0.0026337270571796132 -5.4491645712470496e-05 0)
(0.0025946807516248845 -5.1206886725428473e-05 0)
(0.0025580630678967847 -4.8110633046628849e-05 -3.0052279232988582e-27)
(0.0025237392501968065 -4.5185126819241166e-05 0)
(0.0024915872179002031 -4.241428581769383e-05 2.5545672341193272e-27)
(0.0024614964021906676 -3.9783446757074459e-05 0)
(0.0024333667620332865 -3.7279140589209708e-05 0)
(0.0024071079573997753 -3.4888894205852548e-05 0)
(0.0023826386615617553 -3.2601053577731358e-05 3.5140272508375596e-27)
(0.0023598859977204344 -3.0404623923576357e-05 1.5746304750868396e-27)
(0.0023387850882807372 -2.8289123005252495e-05 0)
(0.0023192787077556121 -2.6244444068824557e-05 1.2253534695439239e-27)
(0.0023013170326567573 -2.4260725298926287e-05 2.1142920483269104e-27)
(0.0022848574838441925 -2.2328222924409594e-05 0)
(0.002269864658719898 -2.0437185314838491e-05 -7.3037310570551953e-28)
(0.002256310352401068 -1.857772554675546e-05 5.7051741502306062e-28)
(0.0022441736686374526 -1.6739689996769177e-05 8.2427866849915993e-28)
(0.0022334412227806512 -1.4912520547415006e-05 5.0912047716198981e-28)
(0.0022241074405997159 -1.3085107967457307e-05 -9.7076936370455755e-29)
(0.0022161749581013374 -1.1245633967231889e-05 1.2208882127862555e-28)
(0.0022096551285414358 -9.3813993306227721e-06 -2.205741678487933e-28)
(0.0022045686440623409 -7.4786353880219643e-06 -1.3823716010685973e-39)
(0.0022009462841729088 -5.5222968959837067e-06 1.6414636233591714e-27)
(0.0021988298182007227 -3.4958380113965804e-06 0)
(0.0021982731426193067 -1.3809553384775356e-06 -8.8984090959836533e-28)
(0.0021993431483710133 8.4286197970557468e-07 0)
(0.0022021212058957085 3.1984770191915376e-06 0)
(0.0022067051433311883 5.7111395581808339e-06 -1.4513121650715141e-27)
(0.002213210667262377 8.4096371350338174e-06 -1.6557762558892907e-27)
(0.0022217732796949792 1.1326297057542027e-05 1.8708306220940912e-27)
(0.0022325506776479901 1.4497551257988334e-05 2.0977197675512004e-27)
(0.002245725221107464 1.7964518207335068e-05 0)
(0.0022615066684391486 2.1773612813071419e-05 0)
(0.0022801351648710456 2.5977192390521587e-05 0)
(0.002301884443651469 3.0634217172568488e-05 0)
(0.0023270651761017678 3.5810882624340915e-05 0)
(0.0023560283553813437 4.1581151475241774e-05 0)
(0.0023891685202526653 4.8027068400036055e-05 8.200333382247439e-27)
(0.007438518965551073 -0.00014924914072809211 -1.0811754102445401e-25)
(0.0072260638510911945 -0.00014393064561827942 -1.0568981958491907e-25)
(0.0070195673108934013 -0.00014119118752264483 -5.1943361269579863e-26)
(0.0068160828645181257 -0.00014092888675722704 -5.1331229946807227e-26)
(0.0066128504485719886 -0.00014285030530335844 4.5589040661411483e-39)
(0.0064075285953407888 -0.00014648412345308429 -1.0144691665135978e-25)
(0.0061983973113645579 -0.00015122027502583105 -5.0546767587357901e-26)
(0.0059845024429047624 -0.00015637051575789743 5.0319232997513577e-26)
(0.0057657195305724045 -0.00016124117697082486 -4.9945262804721941e-26)
(0.0055427278039997079 -0.00016520583439457451 -9.8692657095641935e-26)
(0.0053169000090777224 -0.00016776573703043295 -4.8467966856876114e-26)
(0.005090127395788833 -0.00016858895946290635 0)
(0.0048646081733827633 -0.00016752423057808831 -9.1585595110315707e-26)
(0.004642630379076737 -0.00016459068248604104 -4.4021391799285487e-26)
(0.0044263766240751753 -0.00015994893429852725 0)
(0.0042177703371733509 -0.0001538611581659343 -3.9822877159281296e-26)
(0.0040183734112010433 -0.00014664797558453275 -3.751330690400611e-26)
(0.0038293359335699394 -0.00013864866652994588 7.3141756397078812e-39)
(0.003651391597697506 -0.00013018898110801012 6.5549288238186371e-26)
(0.0034848881732014014 -0.00012155851300837979 3.0449503894624785e-26)
(0.0033298409679037794 -0.0001129976410927413 0)
(0.0031859979306507464 -0.00010469271683569309 0)
(0.0030529071041897715 -9.6777498241160567e-05 0)
(0.0029299797630545792 -8.9338690964502551e-05 0)
(0.002816545166918706 -8.2423680476361477e-05 -4.0994204082060237e-26)
(0.0027118950578729453 -7.6048951081081771e-05 -1.8919446926434299e-26)
(0.0026153176692274671 -7.0208150115989412e-05 -1.7476811081750558e-26)
(0.0025261220836753917 -6.4879178204854099e-05 -3.2322076167694549e-26)
(0.0024436543602075721 -6.0030022956848465e-05 -1.4962588506167894e-26)
(0.0023673070609842488 -5.5623291413139482e-05 -1.3871338490700146e-26)
(0.002296523773277573 -5.1619544178899779e-05 0)
(0.0022308000420331788 -4.79796099673693e-05 0)
(0.0021696818845074318 -4.466608411194203e-05 1.1141628152839432e-26)
(0.0021127628030868447 -4.1644207328347751e-05 1.0382787468552924e-26)
(0.0020596799773927883 -3.8882296447693478e-05 1.9372413223232065e-26)
(0.0020101101175264533 -3.6351867420270382e-05 9.0451185936721519e-27)
(0.0019637653013681393 -3.4027559177490618e-05 8.4535161854728173e-27)
(0.0019203889982783824 -3.1886938527308759e-05 1.5812186098468744e-26)
(0.001879752394154472 -2.9910242694114141e-05 0)
(0.0018416510722376058 -2.8080097651241082e-05 0)
(0.00180590206411384 -2.6381236594525432e-05 0)
(0.0017723412605525248 -2.4800233006080098e-05 0)
(0.001740821157719963 -2.332525594364858e-05 0)
(0.0017112089074476382 -2.1945850691494038e-05 -1.5969836102034292e-26)
(0.0016833846380710548 -2.0652745086907474e-05 -9.9624998955584323e-27)
(0.0016572400130678803 -1.9437680179376256e-05 -9.3166132527600156e-27)
(0.0016326769970638193 -1.8293263002159977e-05 -8.7053397950044841e-27)
(0.0016096068019174807 -1.7212838865799236e-05 4.0627331625622257e-27)
(0.001587948989016531 -1.6190380513801274e-05 0)
(0.0015676307073092801 -1.5220391591745936e-05 0)
(0.0015485860497851402 -1.4297822076557429e-05 0)
(0.0015307555140256514 -1.341799354130238e-05 3.032524911819072e-27)
(0.0015140855550527254 -1.2576532363536559e-05 -5.6027620504674755e-27)
(0.0014985282210103466 -1.1769309194653457e-05 -7.7360167595691654e-27)
(0.0014840408642612767 -1.0992383194817763e-05 0)
(0.0014705859222944239 -1.0241949690678019e-05 4.3094038595580224e-27)
(0.0014581307644629166 -9.5142900367968433e-06 1.9515806276761488e-27)
(0.0014466476020425726 -8.8057225524663567e-06 -1.7531525306580034e-27)
(0.0014361134604537942 -8.1125534705497608e-06 0)
(0.0014265102137586071 -7.4310268696681917e-06 0)
(0.0014178246827565276 -6.7572725708637999e-06 0)
(0.0014100487991940576 -6.0872509637001136e-06 0)
(0.0014031798397866719 -5.4166936865966114e-06 1.5977951870511292e-27)
(0.001397220734889325 -4.7410390447103961e-06 1.8261135849485576e-27)
(0.0013921804577335774 -4.0553608867909534e-06 -8.3237227466289479e-28)
(0.00138807450185451 -3.3542888423324111e-06 -4.402066129944817e-28)
(0.0013849254569896776 -2.6319173928374892e-06 1.912037623262681e-29)
(0.0013827636934817822 -1.8817091745064797e-06 0)
(0.001381628186747376 -1.0964081807313467e-06 0)
(0.001381567569033005 -2.6798857568657714e-07 1.2564896490559873e-27)
(0.0013826406066068417 6.1262533759984033e-07 1.7306158674178123e-27)
(0.0013849182015264992 1.556235206628879e-06 0)
(0.0013884849153670286 2.5743241312326321e-06 0)
(0.0013934398299354329 3.6801442895624419e-06 1.6666145117191451e-27)
(0.0013998989545105768 4.8888323931371996e-06 1.9726439491704231e-27)
(0.0014079973062280794 6.2176409129130835e-06 0)
(0.0014178913097638291 7.6862541840571868e-06 0)
(0.0014297615221833503 9.3171416869561358e-06 0)
(0.0014438156718676641 1.113594315681275e-05 0)
(0.001460292004822865 1.3171876382634233e-05 -7.8706929214006537e-27)
(0.0014794629061131599 1.545814701973692e-05 -8.8803005593961226e-27)
(0.0015016387176847138 1.8032323149443059e-05 0)
(0.0027211883900548294 -8.4855497703563834e-06 -4.7614510936185953e-26)
(0.002650013316308689 -8.0817003175502778e-06 -4.6359813256811194e-26)
(0.0025808298723217866 -7.9621005706194857e-06 0)
(0.0025123088125560285 -8.1148990829788676e-06 0)
(0.0024432207852745566 -8.5088087916583182e-06 2.2500711647250501e-26)
(0.0023725347104777668 -9.0939244933474488e-06 -2.257052021435918e-26)
(0.0022995028590156929 -9.8054915823129335e-06 -2.2702161367550556e-26)
(0.0022237196557560214 -1.0570202845175449e-05 2.2834498024891311e-26)
(0.002145144823731539 -1.1313957473668833e-05 -2.2908909526645809e-26)
(0.0020640874108270755 -1.1969660690038232e-05 -4.5750239530036786e-26)
(0.0019811539920186307 -1.2483677133452036e-05 -2.2695650302738937e-26)
(0.0018971701777074578 -1.2819941704320904e-05 0)
(0.0018130881153342738 -1.2961321221405459e-05 -4.3654030187903986e-26)
(0.0017298933612706687 -1.2908416570054124e-05 -2.1139751115240193e-26)
(0.0016485225873770981 -1.2676438033606635e-05 0)
(0.0015697999553897974 -1.2290998164067686e-05 -1.9354989153102146e-26)
(0.0014943957595356344 -1.1783653606992284e-05 -1.8317622751832934e-26)
(0.0014228070794436529 -1.11878541505579e-05 -1.7227377771143812e-26)
(0.001355357346220738 -1.0535717168649215e-05 1.6115351267480136e-26)
(0.0012922101364427649 -9.855797518496658e-06 1.5008757005245169e-26)
(0.0012333920657548944 -9.1718277654456916e-06 0)
(0.0011788200756842622 -8.5022777388122998e-06 0)
(0.0011283293392987301 -7.8605229410226002e-06 0)
(0.0010816991334150509 -7.2554046745370738e-06 0)
(0.0010386751022450048 -6.6919921533967564e-06 -2.0310327781789517e-26)
(0.00099898723060421585 -6.1724007484256376e-06 -9.374702778536994e-27)
(0.00096236349835753898 -5.696567533649031e-06 -8.6596734239195115e-27)
(0.00092853960516422205 -5.2629270840444587e-06 -1.6013552208288388e-26)
(0.00089726537339868866 -4.8689630269847916e-06 -1.4823590640034035e-26)
(0.00086830850839360351 -4.5116333636606714e-06 -1.3740098848339854e-26)
(0.00084145636941899309 -4.1876811649135306e-06 0)
(0.00081651632449982565 -3.8938488895955155e-06 0)
(0.00079331515880109234 -3.6270164016196595e-06 5.516691751542121e-27)
(0.00077169790075009702 -3.3842816407600268e-06 5.1413707912525988e-27)
(0.00075152633439571736 -3.163000263453957e-06 9.5947221586112072e-27)
(0.00073267738633928439 -2.9607973969695884e-06 4.4812729737325724e-27)
(0.00071504151226361534 -2.7755615465134479e-06 4.1900862012900979e-27)
(0.00069852116050896031 -2.6054279724567476e-06 7.8422515102948287e-27)
(0.00068302935597481758 -2.4487566371423438e-06 0)
(0.00066848842417550317 -2.3041081101971517e-06 0)
(0.00065482885997261838 -2.1702195627226089e-06 0)
(0.00064198833613401799 -2.045982090158939e-06 0)
(0.00062991084163809094 -1.9304200019807742e-06 0)
(0.00061854593719153279 -1.8226723239545585e-06 -7.9795833071747155e-27)
(0.00060784811475492119 -1.72197651839316e-06 -4.9879555422532906e-27)
(0.00059777624827053418 -1.6276542900294015e-06 -4.675269950626227e-27)
(0.00058829312378190718 -1.5390992738884063e-06 -4.3798718263969462e-27)
(0.00057936503840972341 -1.4557663751683459e-06 2.0500716510937355e-27)
(0.00057096145901238077 -1.3771625277304743e-06 0)
(0.00056305473269503421 -1.3028386502262947e-06 0)
(0.00055561984257886771 -1.232382596974843e-06 0)
(0.00054863420337588318 -1.1654129205317429e-06 1.5551678177888283e-27)
(0.00054207749232848144 -1.1015732837970929e-06 -2.8891703907966067e-27)
(0.00053593151197292219 -1.0405273755120387e-06 -5.3527835066415187e-27)
(0.00053018008198459435 -9.819541996497673e-07 -1.23551450181968e-27)
(0.00052480895807698925 -9.255436195310253e-07 2.2721442611483015e-27)
(0.00051980577657103103 -8.7099204741810907e-07 1.0394103804171718e-27)
(0.00051516002384251788 -8.1799817488094993e-07 -9.4507574638581479e-28)
(0.0005108630304095982 -7.6625864314531357e-07 0)
(0.00050690798995210262 -7.1546355073635442e-07 0)
(0.00050329000407673839 -6.6529169206074078e-07 0)
(0.00050000615416785328 -6.1540541025445653e-07 0)
(0.00049705560219389722 -5.6544493581076085e-07 4.9206477820849101e-28)
(0.00049443972289283636 -5.1502209755430974e-07 8.0344689413406985e-28)
(0.0004921622706073939 -4.6371319366642266e-07 -6.203688358448644e-28)
(0.00049022958518314143 -4.1104994933747126e-07 -4.3363459090755212e-28)
(0.00048865083950410944 -3.5650782699546071e-07 0)
(0.00048743832865656369 -2.9950079362110223e-07 -2.181536898548342e-29)
(0.00048660781150206835 -2.3937994305835011e-07 0)
(0.00048617873341489276 -1.7544028481331067e-07 3.7865393564789993e-28)
(0.00048617550478576558 -1.0715874930478632e-07 6.0843018963612961e-28)
(0.00048662717269711643 -3.2866893303002407e-08 0)
(0.00048756789842614858 4.8270606531369016e-08 0)
(0.00048903872406523346 1.3748235146024431e-07 6.9475249856014216e-28)
(0.00049108782007504354 2.3628743610648384e-07 8.4548255828328161e-28)
(0.00049377159282383315 3.4644297720673281e-07 0)
(0.00049715589667695035 4.6999372069267325e-07 0)
(0.0005013174017448462 6.0932878167735874e-07 0)
(0.00050634516497061405 7.6724472502129056e-07 0)
(0.00051234242470697537 9.4701888370736748e-07 -3.6671476690496369e-27)
(0.00051942863246666341 1.1524932948184774e-06 -4.1875541891993489e-27)
(0.00052774172407761034 1.3881684513665651e-06 0)
)
;

boundaryField
{
    hotWall
    {
        type            noSlip;
    }
    coldWall
    {
        type            noSlip;
    }
    bottomWall
    {
        type            noSlip;
    }
    topWall
    {
        type            noSlip;
    }
    front
    {
        type            empty;
    }
    back
    {
        type            empty;
    }
    procBoundary5to1
    {
        type            processor;
        value           nonuniform List<vector> 
53
(
(0.0061068464137436027 0.00032681959603361954 0)
(0.0061299795505476524 0.0003855783178395235 0)
(0.0061528518546844768 0.00044146685022760236 0)
(0.006175337779177655 0.00049417977247148443 0)
(0.0061972857821815958 0.00054331360311581729 0)
(0.0062185132871948106 0.00058834494344600381 0)
(0.0062388006551155895 0.00062860433034371359 0)
(0.0062578840477001815 0.00066324517302809838 0)
(0.0062754470660750499 0.00069120711013219047 0)
(0.0062911110601778838 0.00071117309588679184 0)
(0.0063044240281500573 0.00072151950968090415 0)
(0.0063148480622006046 0.00072025858460743233 0)
(0.0063217453534858432 0.00070497247048129726 -3.3104440885320917e-26)
(0.0063243628482111585 0.00067273828886119634 -3.4261039708216432e-26)
(0.0063683976390446909 0.00062601616600575457 6.833063067507951e-26)
(0.0064155103021319012 0.00063259788134111125 3.2697687928053365e-26)
(0.0064631790936383986 0.00063972601506906033 0)
(0.0065114211311581528 0.00064732780849580075 0)
(0.006560242153104948 0.00065531977311790164 0)
(0.0066096324737228065 0.00066360691646108905 0)
(0.0066595618213505653 0.00067208189864745717 0)
(0.0067099728001310264 0.00068062411583585806 0)
(0.0067607726753070359 0.00068909871038199755 0)
(0.0068118231433363912 0.00069735551346338063 2.0297546853823272e-26)
(0.0068629277137804093 0.00070522793468549968 1.8692992974720845e-26)
(0.0069138163048775092 0.0007125318255509275 -1.8894704069028844e-40)
(0.0069641266449584549 0.00071906436046378691 0)
(0.0070133820850332481 0.00072460300097117094 0)
(0.0070609654731971505 0.00072890463696896396 -1.2280818845677733e-26)
(0.0071060888296715875 0.00073170503320663333 -1.0703629327348829e-26)
(0.0071477587042818782 0.00073271875091489519 0)
(0.0071847373085257692 0.00073163976265681473 1.5256135069385128e-26)
(0.0072154998043666247 0.00072814303288013275 1.2297262917904563e-26)
(0.0072381885120223304 0.00072188739573881471 0)
(0.007250565276170848 0.0007125201233506304 0)
(0.0072499638048040124 0.00069968363868559453 4.1885588660970104e-27)
(0.0072332444587981147 0.0006830248837999183 1.8485312808621824e-27)
(0.0071967547017789757 0.00066220790143569892 0)
(0.0071362991816050882 0.00063693022072019902 0)
(0.0070471241507564864 0.0006069436497577748 0)
(0.0069239215681400632 0.00057208006226721784 0)
(0.0067608586690149977 0.00053228271283088278 0)
(0.0065516389470141219 0.00048764350913521885 0)
(0.0062896002782559905 0.00043844647354881664 -5.2434138038955236e-27)
(0.005967855283909038 0.00038521729525649371 -4.4818496155597989e-27)
(0.0055794779980966056 0.00032877845752481263 0)
(0.0051177396358724619 0.00027030889339763867 0)
(0.0045763949747513761 0.00021140431965368392 0)
(0.0039500192367150832 0.00015412440472263361 0)
(0.0032343920817652946 0.00010101863749299582 5.672486762810989e-27)
(0.0024269265089161907 5.5238673578530072e-05 8.8946968729671027e-27)
(0.0015271716007463079 2.0936611622196375e-05 0)
(0.00053744061038221865 1.6593042221634767e-06 0)
)
;
    }
    procBoundary5to3
    {
        type            processor;
        value           nonuniform List<vector> 
23
(
(0.013258692027539305 -0.0098143812586810424 4.6085219204162947e-26)
(0.014789879586860632 -0.0097121327749464716 6.2978320700383469e-26)
(0.016331635847367638 -0.0095818569326915713 -1.5772267677877443e-25)
(0.017865591777317287 -0.009419788630353922 -1.8629648196929111e-25)
(0.019371305744722189 -0.0092213359371260684 0)
(0.020825677906113296 -0.0089812612408259138 0)
(0.022202313160554817 -0.0086939561062927759 0)
(0.023470932319846628 -0.0083538136717810681 0)
(0.024596948230149747 -0.0079557091132372876 1.2100759038856673e-25)
(0.025541339273536901 -0.007495603787017178 1.7561290140789281e-39)
(0.026260965053826277 -0.0069712854737823231 -3.122575144470275e-25)
(0.026709467570175376 -0.0063832379820035314 -1.7877118943752972e-25)
(0.026838864282828785 -0.0057355919411808641 0)
(0.026601837751929477 -0.0050370442652018597 0)
(0.025954534809740793 -0.004301557299720018 0)
(0.024859408507940467 -0.0035485881100117602 0)
(0.023287325919312474 -0.0028025964941647387 0)
(0.02121795380254821 -0.0020916662237618045 5.453266822899066e-26)
(0.018637496287416452 -0.0014452337957935135 7.8919105679773015e-26)
(0.015533328707421376 -0.00089127257557374418 1.4410083781518046e-25)
(0.011885951905482818 -0.00045438687749295751 1.6381988068679587e-25)
(0.0076598337669903996 -0.00015706705173079827 0)
(0.002795686021603282 -9.1679116876171919e-06 0)
)
;
    }
    procBoundary5to4
    {
        type            processor;
        value           nonuniform List<vector> 
84
(
(0.0061486101456776545 0.00024295696638261191 0)
(0.00621341453790724 0.00022219955587466571 0)
(0.0062778770461953577 0.00020310504834476859 0)
(0.0063418907910111613 0.00018562806544129297 0)
(0.0064053310162681685 0.00016971643592836601 2.3278950244193001e-26)
(0.0064680509757096211 0.00015531088949860184 2.2456953096788399e-26)
(0.0065298768267738495 0.00014234477731565564 0)
(0.006590601348671515 0.0001307438318401608 0)
(0.0066499762783498147 0.00012042598946756721 0)
(0.0067077030462722453 0.00011130130035716065 0)
(0.0067452354289362516 -7.9211396494230458e-05 -1.8730642239217786e-26)
(0.0067502332821937237 -1.6900842559596295e-05 -5.5474766408367878e-26)
(0.0067563296542901014 4.3908629306693935e-05 -3.6554365224533522e-26)
(0.0067634216921871335 0.00010327195909273766 0)
(0.0067634216921871335 0.00010327195909273766 0)
(0.0067993604583117513 -0.00014553517925613413 1.8147493972009322e-26)
(0.0068538859093573703 -0.00014661711717808463 0)
(0.0069043486083012117 -0.00014645129564728971 0)
(0.0069499666562009652 -0.00014515254432809587 0)
(0.011680793867450306 -0.010236100169012097 0)
(0.011590533405130025 -0.010555090172589546 -3.3293801939294772e-26)
(0.011486038208358987 -0.010846180449431557 3.7487051635822273e-26)
(0.011370125873739688 -0.011106027569163188 8.5901220999527462e-26)
(0.011246265484464382 -0.011330159191890779 0)
(0.011118315348911318 -0.011513107801936349 5.7303023130514657e-26)
(0.010990192088785542 -0.011648736530397741 6.5821820391153457e-26)
(0.010865509931172541 -0.011730752771907131 0)
(0.010747240100509311 -0.011753363611264748 0)
(0.010637441696552593 -0.011711988324457046 0)
(0.010537105755929824 -0.011603918851031311 0)
(0.010446134887736686 -0.011428817806538828 0)
(0.01036345647124386 -0.011188967693311944 0)
(0.01028724401858673 -0.010889229183227855 0)
(0.010215204625902545 -0.010536719254996822 -1.2338123482112058e-25)
(0.010144883905284745 -0.010140267922851597 0)
(0.010073943738609585 -0.0097097440471849584 1.2510466797912551e-25)
(0.010000380094769699 -0.0092553507752364209 0)
(0.0099226638906186396 -0.008786980639907337 0)
(0.0098398032804745805 -0.0083136954217249703 0)
(0.0097513377180876246 -0.0078433649087572381 0)
(0.0096572811884664076 -0.0073824693580213895 0)
(0.0095580342258112551 -0.0069360479581637054 0)
(0.0094542828033670218 -0.0065077620718753774 0)
(0.0093468983981375292 -0.0061000371026686991 0)
(0.009236848914845594 -0.0057142485214421897 0)
(0.0091251257549991305 -0.0053509233785674392 0)
(0.0090126887523521246 -0.0050099361744133496 0)
(0.0089004281921620208 -0.0046906855047396442 0)
(0.0087891416447256482 -0.0043922443630142159 0)
(0.0086795226824712083 -0.0041134818963565736 0)
(0.0085721584736597623 -0.0038531577339779746 0)
(0.0084675335275313859 -0.0036099919486509242 0)
(0.0083660373238578709 -0.0033827145930626695 0)
(0.0082679740666567261 -0.0031700989038200133 0)
(0.0081735732787508453 -0.0029709819712868458 0)
(0.0080830003607332314 -0.0027842761515147088 0)
(0.00799636656098081 -0.0026089738979416456 0)
(0.0079137380450447128 -0.0024441481086093621 0)
(0.007835143923739428 -0.0022889495693490772 0)
(0.0077605832133558475 -0.0021426026449513835 0)
(0.0076900307723605232 -0.0020044000305818716 0)
(0.0076234422987687808 -0.0018736971163852145 -3.0925472894123444e-26)
(0.0075607584908644297 -0.0017499063267131969 -2.9385844037228707e-26)
(0.0075019084785455138 -0.0016324916581735608 0)
(0.0074468126287315544 -0.0015209635451946379 -2.6659435415638413e-26)
(0.0073953848197497989 -0.0014148741173618819 -2.5454300200070899e-26)
(0.0073475342689331624 -0.0013138128708186265 0)
(0.0073031669863979848 -0.0012174027499103036 0)
(0.0072621869170617116 -0.0011252966200574247 0)
(0.0072244968229076391 -0.0010371741049873778 0)
(0.0071899989485244469 -0.00095273875842769875 0)
(0.007158595505082679 -0.00087171554043086695 0)
(0.0071301890010984021 -0.00079384857052181435 0)
(0.007104682442460381 -0.00071889913309479208 0)
(0.0070819794191200819 -0.00064664391450255443 -1.8062309844745741e-26)
(0.0070619840914145048 -0.00057687345583907568 -1.752258142230667e-26)
(0.0070446010850614893 -0.0005093908104330608 0)
(0.0070297353002914667 -0.00044401040055472025 -1.6559320353255578e-26)
(0.0070172916372205083 -0.00038055707388140111 -1.6128755418920553e-26)
(0.0070071746362889761 -0.00031886536701781039 0)
(0.006999288029230089 -0.0002587789910290972 0)
(0.0069935341924813902 -0.00020015056276119798 0)
(0.0069898134913256938 -0.00014284161592399935 0)
(0.0069898134913256938 -0.00014284161592399935 0)
)
;
    }
}


// ************************************************************************* //
