/*--------------------------------*- C++ -*----------------------------------*\
  =========                 |
  \\      /  F ield         | OpenFOAM: The Open Source CFD Toolbox
   \\    /   O peration     | Website:  https://openfoam.org
    \\  /    A nd           | Version:  13
     \\/     M anipulation  |
\*---------------------------------------------------------------------------*/
FoamFile
{
    format      ascii;
    class       surfaceScalarField;
    location    "2.928096339318";
    object      phi;
}
// * * * * * * * * * * * * * * * * * * * * * * * * * * * * * * * * * * * * * //

dimensions      [1 0 -1 0 0 0 0];

internalField   nonuniform List<scalar> 
4126
(
-3.9131753418012204e-09
5.8239350892951581e-10
-3.9099544226553531e-09
6.4396174022115389e-10
-3.9071524727404305e-09
7.0769505121317495e-10
-3.9047397446805427e-09
7.7370632674411826e-10
-3.9026788402681685e-09
8.4211426060679566e-10
-3.9009239162808437e-09
9.1304346590660733e-10
-3.8994197806513584e-09
9.8662458731217258e-10
-3.8981008694010261e-09
1.0629944007735903e-09
-3.8968900938897945e-09
1.1422958852076255e-09
-3.8956975473436883e-09
1.2246782487310005e-09
-3.8944190594102684e-09
1.3102968892011436e-09
-3.8929345878407175e-09
1.3993132649474237e-09
-3.891106437533766e-09
1.4918946464699264e-09
-3.8887772994543109e-09
1.5882137133203518e-09
-3.8857681057837028e-09
1.6884479520428076e-09
-3.8818757036767547e-09
1.7927788006200572e-09
-3.8768703589441697e-09
1.9013904719486427e-09
-3.8704931137907644e-09
2.0144683730480211e-09
-3.8624530405824037e-09
2.1321970176970743e-09
-3.8524244578007648e-09
2.2547573077407836e-09
-3.840044206351015e-09
2.3823230325931787e-09
-3.8249091256426481e-09
2.5150564080559627e-09
2.6531024459685829e-09
-3.852314410345608e-09
5.7670554329825991e-10
-3.8469618660687054e-09
6.3860919599431955e-10
-3.8419168913118893e-09
7.0265007646117596e-10
-3.8371445124366494e-09
7.6893394782929709e-10
-3.8326019572614182e-09
8.3757170534427906e-10
-3.8282378848385223e-09
9.0867939333993775e-10
-3.8239915150385942e-09
9.8237821729555863e-10
-3.8197916503712935e-09
1.0587945357894269e-09
-3.815555581930624e-09
1.1380598163069237e-09
-3.8111878711207207e-09
1.2203105372520806e-09
-3.8065789989848943e-09
1.3056880160881052e-09
-3.8016038756913722e-09
1.3943381402203863e-09
-3.7961202042303282e-09
1.4864109728997991e-09
-3.789966694935344e-09
1.5820602009181435e-09
-3.7829611314417074e-09
1.681442383972307e-09
-3.7748982946219791e-09
1.7847159570687116e-09
-3.7655477595176743e-09
1.8920399269687093e-09
-3.7546515920906712e-09
2.0035721911823136e-09
-3.7419219886530801e-09
2.1194673932359807e-09
-3.7270389221591645e-09
2.239874210779269e-09
-3.7096478872667378e-09
2.3649319537760801e-09
-3.6893578713043881e-09
2.4947663291257963e-09
-3.6657397218696137e-09
2.6294842068142088e-09
-3.6383251341087184e-09
2.7691672032504771e-09
-3.6066065412419907e-09
2.9138638831517228e-09
-3.5700382585597722e-09
3.0635803771137777e-09
-3.5280392997941225e-09
3.2182692245586028e-09
-3.4799983484439069e-09
3.3778162896833508e-09
-3.425281414776623e-09
3.5420256715646721e-09
-3.3632427274024395e-09
3.7106026497648681e-09
-3.2932393783483844e-09
3.8831348840162574e-09
-3.2146501416098788e-09
4.0590723280732957e-09
-3.1268986961917238e-09
4.2377066244045474e-09
-3.0294811883231567e-09
4.4181511082844657e-09
-2.9219976559168979e-09
4.599322942596922e-09
-2.804186319359556e-09
4.7799292857620315e-09
-2.6759591472077361e-09
4.9584597034368773e-09
-2.5374364914659598e-09
5.1331871931349986e-09
-2.3889780410563912e-09
5.3021801160012055e-09
-2.2312069716420852e-09
5.4633269462598051e-09
-2.0650240896983274e-09
5.6143750089619745e-09
-1.8916090770222051e-09
5.7529832829955513e-09
-1.7124066930705e-09
5.8767879687439165e-09
5.9834780018428011e-09
-3.7909211828317989e-09
5.6900755988973307e-10
-3.7834582178080119e-09
6.3114623104395259e-10
-3.7761979265092754e-09
6.9538978518806581e-10
-3.7691007506857687e-09
7.6183677198638885e-10
-3.7621192649594042e-09
8.305902195524327e-10
-3.7551974378486304e-09
9.0175756611165971e-10
-3.7482698023520069e-09
9.7545058161691897e-10
-3.7412605304350425e-09
1.0517852636043011e-09
-3.7340824055061918e-09
1.1308816909890702e-09
-3.7266356870226998e-09
1.2128638182052531e-09
-3.718806861847962e-09
1.2978591900947651e-09
-3.7104672780073982e-09
1.3859985551851741e-09
-3.701471658255479e-09
1.4774153513985405e-09
-3.6916564936067551e-09
1.5722450337030115e-09
-3.6808383210190578e-09
1.670624207618221e-09
-3.6688118951495296e-09
1.7726895256775811e-09
-3.655348272042764e-09
1.8785762957850077e-09
-3.6401928333562734e-09
1.9884167407180159e-09
-3.6230632940106874e-09
2.1023378367828984e-09
-3.6036477547724758e-09
2.2204586468043602e-09
-3.5816028850806009e-09
2.3428870484968001e-09
-3.5565523512161826e-09
2.4697157443462845e-09
-3.5280856412840899e-09
2.6010174244705661e-09
-3.4957574816041417e-09
2.7368389412397949e-09
-3.4590880884256282e-09
2.8771943463335614e-09
-3.4175645526518804e-09
3.0220566411469886e-09
-3.3706437100942097e-09
3.171348105072284e-09
-3.317756900059302e-09
3.3249290995741217e-09
-3.2583170525027229e-09
3.4825853066544871e-09
-3.1917285572576455e-09
3.6440134563514745e-09
-3.117400343819472e-09
3.8088057368489132e-09
-3.0347625206264731e-09
3.9764332677834e-09
-2.9432867722608546e-09
4.14622925294917e-09
-2.8425104777195822e-09
4.317372705733774e-09
-2.7320641857975871e-09
4.48887394153613e-09
-2.6117016694953543e-09
4.6595633254852641e-09
-2.4813313017773313e-09
4.828085006543012e-09
-2.3410469922487777e-09
4.9928975043656641e-09
-2.1911564622782722e-09
5.1522829810700913e-09
-2.0322042963510741e-09
5.3043667685847914e-09
-1.8649870793403495e-09
5.4471481939702669e-09
-1.6905580938863329e-09
5.578542943995078e-09
-1.5102195615841273e-09
5.6964361776626082e-09
5.7987444259044032e-09
-3.7291444242594194e-09
5.5932060731443873e-10
-3.7195982177739037e-09
6.2160002465730291e-10
-3.7101564855520536e-09
6.8594805301402415e-10
-3.7007757166835836e-09
7.5245600311927262e-10
-3.6914045366237795e-09
8.2121903944858656e-10
-3.6819830053910775e-09
8.92336034786196e-10
-3.6724418351244652e-09
9.6590941119980282e-10
-3.6627015231388435e-09
1.0420449513937007e-09
-3.6526713965772404e-09
1.1208515641003763e-09
-3.6422485650563013e-09
1.202440986211998e-09
-3.6313167784168764e-09
1.2869274027723647e-09
-3.6197451879377042e-09
1.3744269637145326e-09
-3.6073870113094683e-09
1.4650571733257087e-09
-3.594078104490136e-09
1.5589361247737998e-09
-3.5796354475425172e-09
1.6561815475864599e-09
-3.5638555570118309e-09
1.7569096306411544e-09
-3.5465128447279181e-09
1.8612335769305272e-09
-3.5273579526118136e-09
1.9692618390473996e-09
-3.5061161056595688e-09
2.0810959759878432e-09
-3.4824855413938829e-09
2.1968280625696723e-09
-3.456136094323289e-09
2.3165375727607716e-09
-3.4267080389107752e-09
2.4402876480059464e-09
-3.393811324596227e-09
2.56812065206007e-09
-3.3570253715942767e-09
2.700052906284791e-09
-3.3158996359179953e-09
2.8360684958127812e-09
-3.2699551948988916e-09
2.9761120403120745e-09
-3.2186876476050431e-09
3.1200803370107886e-09
-3.1615716635486977e-09
3.2678128128963849e-09
-3.0980675414077043e-09
3.4190807730277342e-09
-3.0276301483955838e-09
3.5735755085309169e-09
-2.9497205894702805e-09
3.7308954364324035e-09
-2.8638208912893171e-09
3.890532587661519e-09
-2.7694518659929299e-09
4.0518589396307387e-09
-2.6661941336242198e-09
4.2141133004899145e-09
-2.5537120234079851e-09
4.3763896807563246e-09
-2.4317797458293619e-09
4.5376283123884165e-09
-2.3003088445303091e-09
4.6966106634818063e-09
-2.1593755299370414e-09
4.851959907855122e-09
-2.0092461121501142e-09
5.0021482972593521e-09
-1.8503984500484286e-09
5.1455127062465251e-09
-1.6835371854513256e-09
5.2802792438764602e-09
-1.5096006006240871e-09
5.4045972428580846e-09
-1.3297572715517904e-09
5.5165821688103004e-09
-1.1453913018028614e-09
5.6143661011021585e-09
-9.5807578129126004e-10
5.6961535196615839e-09
-7.6953513953924807e-10
5.7602793140557239e-09
-5.8159812901023195e-10
5.8052653393846976e-09
-3.9614413677372841e-10
5.8298715953636249e-09
-2.1504627864646484e-10
5.8331383099965251e-09
-4.0115058640039364e-11
5.8144157337759634e-09
1.2695394282713933e-10
5.7733790563571368e-09
2.8462642770798245e-10
5.7100261168159726e-09
4.3155836497375797e-10
5.6246645332664271e-09
5.6662867104653299e-10
5.5178775537586947e-09
6.8894387127684693e-10
5.3904797961943485e-09
7.978413432873029e-10
5.2434640426665749e-09
8.9287994125632488e-10
5.0779391208893525e-09
9.7382264287512495e-10
4.8950631162719624e-09
1.04061335058578e-09
4.6959740459031691e-09
1.0933498429790439e-09
4.4817194610741509e-09
4.253186604155011e-09
-3.6671157172607484e-09
5.4767077561162755e-10
-3.6555186077776627e-09
6.1000291530086639e-10
-3.6439345761345457e-09
6.7436402144244826e-10
-3.6323167733416476e-09
7.4083820034925111e-10
-3.6206105549021074e-09
8.0951282098635351e-10
-3.6087528207991406e-09
8.8047830061399871e-10
-3.5966712844880356e-09
9.5382787476700881e-10
-3.5842836686731568e-09
1.0296573353920945e-09
-3.5714968257875423e-09
1.1080647209414394e-09
-3.5582057815720461e-09
1.1891499416022471e-09
-3.5442927010382965e-09
1.2730143216708843e-09
-3.5296257774949275e-09
1.3597600393512646e-09
-3.5140580473463326e-09
1.449489441988696e-09
-3.4974261362046031e-09
1.5423042119045963e-09
-3.4795489456992061e-09
1.638304354566531e-09
-3.4602262954790276e-09
1.7375869767610732e-09
-3.4392375415992619e-09
1.8402448177312105e-09
-3.4163402011287155e-09
1.9463644908643453e-09
-3.3912686238257228e-09
2.0560243875407528e-09
-3.3637327655497684e-09
2.1692921882573266e-09
-3.3334171351617374e-09
2.2862219194050672e-09
-3.2999800073737316e-09
2.406850487494937e-09
-3.2630530185982354e-09
2.5311936169272918e-09
-3.2222412912139806e-09
2.6592411136275586e-09
-3.1771242633059876e-09
2.7909513765917467e-09
-3.1272574345650313e-09
2.9262450847017946e-09
-3.0721752724237528e-09
3.0649979998648067e-09
-3.0113955521186337e-09
3.2070328530067344e-09
-2.9444254251418662e-09
3.3521103206403136e-09
-2.8707695157070719e-09
3.4999191607503571e-09
-2.7899403260414474e-09
3.6500656613538024e-09
-2.701471179027136e-09
3.8020626657979032e-09
-2.6049318311522449e-09
3.955318575667648e-09
-2.4999467415607246e-09
4.109126891255507e-09
-2.386215779323496e-09
4.2626570216567933e-09
-2.263536892276144e-09
4.4149472658067191e-09
-2.1318299572891739e-09
4.5649010091748522e-09
-1.9911607054611227e-09
4.7112872690116286e-09
-1.8417633006088563e-09
4.8527467207468627e-09
-1.6840598908699461e-09
4.9878042169757324e-09
-1.5186753033256308e-09
5.1148885432360919e-09
-1.3464450616109588e-09
5.2323597311397831e-09
-1.1684151169142219e-09
5.3385436818678693e-09
-9.8583211138385185e-10
5.4317731799897292e-09
-8.001236262133552e-10
5.510433665138978e-09
-6.1286865376635719e-10
5.5730114648613502e-09
-4.257593874298404e-10
5.618141667462681e-09
-2.4055622576253943e-10
5.6446525141269052e-09
-5.9038584817503382e-11
5.651603289093177e-09
1.1704455756098655e-10
5.6383138438731358e-09
2.8602643250790141e-10
5.6043771967808525e-09
4.4636034655187524e-10
5.5496711455293025e-09
5.9666095688425902e-10
5.4743419862151713e-09
7.3573019178465936e-10
5.3787857176643205e-09
8.6257473173787941e-10
5.2636122197448009e-09
9.764140153842092e-10
5.1296015224937058e-09
1.0766789653383023e-09
4.9776509678141711e-09
1.1630025772111611e-09
4.8087165589450683e-09
1.2352040119075723e-09
4.6237501321325302e-09
1.2932677702440845e-09
4.4236338780446351e-09
4.2091136443270701e-09
-3.6049516451835599e-09
5.3408849377218043e-10
-3.5913403570645565e-09
5.9639162733886709e-10
-3.5776575832389665e-09
6.6068124771388002e-10
-3.5638537275482827e-09
7.2703434470396596e-10
-3.5498715234582577e-09
7.9553061689511462e-10
-3.5356454192261326e-09
8.662521963352871e-10
-3.5211009013898947e-09
9.3928335683559302e-10
-3.5061537558362984e-09
1.0147101896858425e-09
-3.4907092659771739e-09
1.0926202308556545e-09
-3.4746613481715525e-09
1.1731020234690434e-09
-3.4578916255323859e-09
1.2562445985614198e-09
-3.4402684427353227e-09
1.3421368558783507e-09
-3.421645826501186e-09
1.4308668247800747e-09
-3.4018623991937227e-09
1.5225207831876426e-09
-3.3807402566177226e-09
1.6171822099480854e-09
-3.3580838258316557e-09
1.7149305430140471e-09
-3.3336787248290383e-09
1.8158397124400699e-09
-3.3072906535826936e-09
1.919976413419758e-09
-3.2786643554805307e-09
2.0273980805078368e-09
-3.2475226999345675e-09
2.1381505198931683e-09
-3.2135659512158939e-09
2.2522651523715816e-09
-3.176471305606894e-09
2.369755815849684e-09
-3.1358927988572691e-09
2.4906150733690024e-09
-3.0914617085767563e-09
2.6148099716180117e-09
-3.0427876010561898e-09
2.7422771968334845e-09
-2.9894601980440899e-09
2.8729175814868989e-09
-2.9310522643922913e-09
3.0065899281970262e-09
-2.8671237394413578e-09
3.1431041393595656e-09
-2.7972273496233043e-09
3.2822136748257183e-09
-2.7209159418273758e-09
3.4236074084492892e-09
-2.6377517602732123e-09
3.5669010200696252e-09
-2.547317846723404e-09
3.7116281440975785e-09
-2.4492316674971761e-09
3.8572315992228775e-09
-2.3431609545072847e-09
4.0030551429787277e-09
-2.2288415875658124e-09
4.1483363232714211e-09
-2.1060971421267981e-09
4.2922011251342155e-09
-1.9748594876491659e-09
4.4336612184506297e-09
-1.8351895623798231e-09
4.5716146801634743e-09
-1.6872971953141729e-09
4.7048510685183764e-09
-1.5315586286777596e-09
4.8320616433370896e-09
-1.3685302535850346e-09
4.9518553357912478e-09
-1.1989570473424249e-09
5.0627807639861518e-09
-1.0237743266334067e-09
5.1633541730548894e-09
-8.4410172503004252e-10
5.2520926738425971e-09
-6.6122876248276488e-10
5.3275516068363756e-09
-4.7659196808087407e-10
5.388364328226767e-09
-2.9174420129279129e-10
5.4332822808039434e-09
-1.0831755500450208e-10
5.4612129670611917e-09
7.2018284656763537e-11
5.4712532950015224e-09
2.4760253212393946e-10
5.4627142473071579e-09
4.1682095199967833e-10
5.4351423234825238e-09
5.7815344059646829e-10
5.3883212189175377e-09
7.3020678657899727e-10
5.3222703632768202e-09
8.7174476280232531e-10
5.2372287923877887e-09
1.0017093486998458e-09
5.1336281950686722e-09
1.1192339513909814e-09
5.0120571829825693e-09
1.2236482534463282e-09
4.8732168255236021e-09
1.3144754587742929e-09
4.7178696013891343e-09
1.3914229349425193e-09
4.5467831743641538e-09
1.4543674423550072e-09
4.360670328676016e-09
4.1601262820315686e-09
-3.5427556195935617e-09
5.1860786735744048e-10
-3.5271705376910989e-09
5.8080654562658269e-10
-3.5114362013094476e-09
6.4494691145674893e-10
-3.4955008293724677e-09
7.1109897283608584e-10
-3.4793051449332836e-09
7.7933493247655433e-10
-3.4627818077897208e-09
8.4972885916717275e-10
-3.4458547942704288e-09
9.2235634324580507e-10
-3.4284387247577558e-09
9.9729412005098899e-10
-3.4104381398768986e-09
1.0746196457887857e-09
-3.3917467269733438e-09
1.1544106102947964e-09
-3.3722464995639422e-09
1.2367443707638203e-09
-3.3518069339527727e-09
1.3216972897116564e-09
-3.3302840692260091e-09
1.4093439592564096e-09
-3.3075195794919452e-09
1.4997562923068713e-09
-3.2833398306355256e-09
1.5930024594378669e-09
-3.2575549381682696e-09
1.6891456481594081e-09
-3.2299578481496028e-09
1.7882426189765351e-09
-3.2003234698359894e-09
1.8903420301438435e-09
-3.168407896897358e-09
1.9954825004406133e-09
-3.1339477639400973e-09
2.1036903767321078e-09
-3.0966597968953834e-09
2.2149771707837831e-09
-3.056240629695736e-09
2.3293366280231804e-09
-3.0123669756107665e-09
2.44674139018508e-09
-2.9646962594489176e-09
2.5671392146428662e-09
-2.9128678361145945e-09
2.6904487166092382e-09
-2.8565049408247962e-09
2.8165546074164989e-09
-2.7952175351917802e-09
2.9453024142205223e-09
-2.7286062291831944e-09
3.0764926854266207e-09
-2.6562674686463339e-09
3.2098747138476264e-09
-2.5778001777124365e-09
3.3451398480496035e-09
-2.4928140301630664e-09
3.4819145132262265e-09
-2.4009394883511137e-09
3.6197531272917649e-09
-2.3018396870083111e-09
3.7581311754634442e-09
-2.1952241474122882e-09
3.8964387952264373e-09
-2.0808641819294738e-09
4.0339753183491063e-09
-1.9586096901466572e-09
4.169945309420302e-09
-1.8284068606075056e-09
4.3034567194692737e-09
-1.6903160876039015e-09
4.4335218236245901e-09
-1.5445292083428318e-09
4.5590616162277586e-09
-1.3913849864120025e-09
4.6789142779833506e-09
-1.2313816418630845e-09
4.7918481929821381e-09
-1.0651851867870657e-09
4.8965797704178541e-09
-8.936323949111802e-10
4.9917960192962183e-09
-7.1772743163239709e-10
5.0761814480371866e-09
-5.386314994819101e-10
5.1484484441401573e-09
-3.5764529685651143e-10
5.2073698735823224e-09
-1.7618460976084153e-10
5.2518122845203631e-09
4.2501221590457815e-12
5.2807678541891453e-09
1.8210903732956495e-10
5.2933829361868914e-09
3.5582978500169104e-10
5.2889810275994262e-09
5.2387813302882986e-10
5.2670805349475927e-09
6.8478389263273727e-10
5.2274011350238982e-09
8.3717585429322456e-10
5.1698633009459997e-09
9.7981138129356561e-10
5.0945775153027251e-09
1.1115996182247177e-09
5.0018237011440941e-09
1.2316181049246396e-09
4.8920220857852028e-09
1.3391222103483799e-09
4.765695915441309e-09
1.4335476736671669e-09
4.6234272995473362e-09
1.5145068253142585e-09
4.4658073068425669e-09
1.581779308463812e-09
4.2933814007654836e-09
4.106591222366893e-09
-3.4806194103225442e-09
5.0126605949863703e-10
-3.4631039056719842e-09
5.6329104120247805e-10
-3.4453680752975132e-09
6.2721108123650453e-10
-3.4273584830302507e-09
6.9308938066308345e-10
-3.4090144132350409e-09
7.6099086272442459e-10
-3.3902673521342932e-09
8.3098179806361993e-10
-3.3710404245754029e-09
9.031294156396767e-10
-3.3512477879516711e-09
9.7750148333262131e-10
-3.3307939853987893e-09
1.0541658430853621e-09
-3.3095732611272179e-09
1.1331898858011305e-09
-3.2874688418321387e-09
1.2146399511495633e-09
-3.2643521896080167e-09
1.2985806370320896e-09
-3.2400822337425229e-09
1.3850740027407117e-09
-3.2145045912576272e-09
1.4741786488912367e-09
-3.1874507891951944e-09
1.5659486560397072e-09
-3.1587375055275094e-09
1.6604323625721125e-09
-3.1281658503411275e-09
1.7576709610312754e-09
-3.0955207147220843e-09
1.8576968905647006e-09
-3.0605702217311555e-09
1.9605320017787571e-09
-3.0230653221155345e-09
2.0661854690223277e-09
-2.9827395870943908e-09
2.1746514242564132e-09
-2.9393092617262704e-09
2.2859062863745797e-09
-2.8924736549852682e-09
2.3999057605275472e-09
-2.8419159565539588e-09
2.5165814841354448e-09
-2.7873045850425884e-09
2.6358373004715412e-09
-2.7282951871505366e-09
2.7575451478340937e-09
-2.6645334209990121e-09
2.8815405633637597e-09
-2.5956586677944976e-09
3.0076178167367512e-09
-2.5213088218193701e-09
3.1355247115837498e-09
-2.44112630650403e-09
3.2649571228518423e-09
-2.354765450419598e-09
3.3955533775413331e-09
-2.2619013274529812e-09
3.5268886349388844e-09
-2.162240116067015e-09
3.6584694802680452e-09
-2.0555309598515765e-09
3.7897290109660153e-09
-1.9415792132627505e-09
3.9200227639577583e-09
-1.8202608325795982e-09
4.0486258995443917e-09
-1.6915375261369928e-09
4.1747321145053407e-09
-1.5554721176240111e-09
4.2974547931074346e-09
-1.4122434144539246e-09
4.4158309076532788e-09
-1.2621597275314986e-09
4.5288281374606047e-09
-1.1056700805829879e-09
4.6353555759297231e-09
-9.4337209952307709e-10
4.7342782327985465e-09
-7.7601560619159993e-10
4.8244353137023036e-09
-6.0450107125003973e-10
4.9046619793498055e-09
-4.2987231300364272e-10
4.9738139714123178e-09
-2.5330315510224794e-10
5.0307941709366174e-09
-7.6078160344082237e-11
5.074579878088204e-09
1.0043199692924139e-10
5.1042493973613193e-09
2.747999874438542e-10
5.1190057553607817e-09
4.455731086901293e-10
5.1181978421477971e-09
6.1130818570294182e-10
5.1013345572599901e-09
7.7060455843852687e-10
5.0680930830172485e-09
9.2213595167044796e-10
5.0183195271021293e-09
1.0646790293343344e-09
4.9520214503575046e-09
1.1971372354065732e-09
4.8693520104631434e-09
1.3185592806832251e-09
4.7705861792343915e-09
1.4281516839830441e-09
4.6560894024361065e-09
1.5252852890527621e-09
4.5262794682259488e-09
1.6094959927046604e-09
4.3815823920490837e-09
1.6804801782039826e-09
4.2223831470190961e-09
4.0489720382014454e-09
-3.418624429200221e-09
4.8210271691868515e-10
-3.3992242372502858e-09
5.4389084951863003e-10
-3.3795391979863792e-09
6.0752604215904201e-10
-3.3595147148954416e-09
6.7306489769321802e-10
-3.3390891631137054e-09
7.4056531100911522e-10
-3.318193419827422e-09
8.1008605479628542e-10
-3.2967503577460699e-09
8.8168635353331704e-10
-3.2746743043279578e-09
9.5542542984502005e-10
-3.2518704698843954e-09
1.0313620085224878e-09
-3.2282343484250604e-09
1.1095537641612948e-09
-3.2036510961773859e-09
1.1900566986407087e-09
-3.1779948941377305e-09
1.2729244346200625e-09
-3.1511283028503708e-09
1.3582074109238843e-09
-3.1229016199118583e-09
1.4459519651985874e-09
-3.0931522535392404e-09
1.536199288590311e-09
-3.0617041289977204e-09
1.6289842364903589e-09
-3.0283671488388447e-09
1.7243339786680836e-09
-2.9929367328688902e-09
1.822266471442526e-09
-2.9551934696088142e-09
1.9227887340197206e-09
-2.9149029178425634e-09
2.025894910853947e-09
-2.8718156047022008e-09
2.1315641020399677e-09
-2.8256672756362171e-09
2.2397579444986793e-09
-2.7761794614670287e-09
2.3504179283685595e-09
-2.7230604383679923e-09
2.4634624359097885e-09
-2.6660066676109455e-09
2.578783494825481e-09
-2.6047048127246205e-09
2.6962432448051726e-09
-2.5388344413285327e-09
2.8156701259733539e-09
-2.468071526057216e-09
2.9368548116237729e-09
-2.3920928618830019e-09
3.0595459259847736e-09
-2.3105815135501124e-09
3.183445611640833e-09
-2.223233394102607e-09
3.3082050413160989e-09
-2.1297650506389534e-09
3.4334200052973427e-09
-2.0299226934907867e-09
3.5586267484900889e-09
-1.9234924473603036e-09
3.6832982786619486e-09
-1.810311725909323e-09
3.8068414172126348e-09
-1.690281534858311e-09
3.9285949116621257e-09
-1.5633793952399019e-09
4.0478289690514114e-09
-1.4296724536103953e-09
4.163746594112865e-09
-1.2893302188977147e-09
4.275487116719063e-09
-1.1426362489010365e-09
4.3821322608336837e-09
-9.8999801885874962e-10
4.4827150340107506e-09
-8.3195415723304697e-10
4.5762315972533742e-09
-6.6917824595717825e-10
4.6616561094195302e-09
-5.024784665960882e-10
4.7379583326576795e-09
-3.3279253680455992e-10
4.8041235488657369e-09
-1.6117762119790903e-10
4.8591740926795756e-09
1.1204807579211607e-11
4.9021915814381809e-09
1.8310893176072124e-10
4.9323386762804524e-09
3.5322835224426241e-10
4.9488789987468483e-09
5.2022331717232587e-10
4.9511948068685753e-09
6.827497740668202e-10
4.938799317041274e-09
8.3948889356487762e-10
4.9113445050430761e-09
9.8917582178085563e-10
4.8686225192580477e-09
1.130626353012753e-09
4.8105602874079524e-09
1.2627602699213395e-09
4.7372069920958842e-09
1.3846205223265625e-09
4.6487144489348403e-09
1.4953876057318215e-09
4.5453105662208564e-09
1.5943888409096759e-09
4.4272663120630596e-09
1.6811025368321126e-09
4.2948567158473607e-09
1.7551572635266779e-09
4.1483164887619136e-09
3.987790859433378e-09
-3.3568428117522147e-09
4.6115944133074695e-10
-3.3356054631728223e-09
5.2265350124865553e-10
-3.3140251049477292e-09
5.8594568415531091e-10
-3.292046438244563e-09
6.510862311398452e-10
-3.2696074148969974e-09
7.1812628775241772e-10
-3.2466388164913608e-09
7.8711745643165805e-10
-3.2230638034521492e-09
8.5811134049069669e-10
-3.1987974376289132e-09
9.3115906397562314e-10
-3.1737461823247544e-09
1.0063107531267835e-09
-3.1478073844261608e-09
1.0836149661179855e-09
-3.12086874431389e-09
1.1631180583160564e-09
-3.0928077805738684e-09
1.2448634705765351e-09
-3.0634912982295623e-09
1.3288909281491773e-09
-3.0327748713101321e-09
1.4152355376689562e-09
-3.0005023531113539e-09
1.5039267695246328e-09
-2.9665054305416081e-09
1.5949873126865942e-09
-2.9306032425422004e-09
1.6884317889104299e-09
-2.8926020867739134e-09
1.7842653131698166e-09
-2.8522952436365892e-09
1.8824818873205836e-09
-2.809462952265575e-09
1.9830626144304172e-09
-2.763872579447245e-09
2.0859737220793385e-09
-2.7152790293843272e-09
2.1911643843814969e-09
-2.6634254498299114e-09
2.2985643347281516e-09
-2.6080442980951947e-09
2.4080812645444331e-09
-2.5488588385042482e-09
2.5195980080324106e-09
-2.4855851504951156e-09
2.6329695193307404e-09
-2.4179347330160394e-09
2.7480196572244103e-09
-2.34561779512153e-09
2.8645378040406919e-09
-2.2683473233752025e-09
2.9822753601808897e-09
-2.185844012179976e-09
3.1009421744283534e-09
-2.0978421314889512e-09
3.2202029930747101e-09
-2.0040963853724857e-09
3.3396740381679617e-09
-1.904389782437873e-09
3.4589198564026268e-09
-1.7985424932535048e-09
3.5774506143678829e-09
-1.6864216095130814e-09
3.6947200510837748e-09
-1.5679516446778205e-09
3.8101243320269351e-09
-1.4431255279837192e-09
3.9230020759956492e-09
-1.3120157469398086e-09
4.0326358419149905e-09
-1.1747851943188329e-09
4.1382553609684496e-09
-1.031697183320938e-09
4.2390427739566009e-09
-8.8312402042344602e-10
4.3341400787540737e-09
-7.2955348221622233e-10
4.4226589044495317e-09
-5.71592542282893e-10
4.5036926060984013e-09
-4.0996774714895176e-10
4.5763305195078994e-09
-2.4552175410514894e-10
4.6396740398091349e-09
-7.9205725494552145e-11
4.692854011075438e-09
8.7932521780534504e-11
4.7350487115766074e-09
2.5476469771736853e-10
4.7655012838646636e-09
4.2010112719583632e-10
4.7835367446808916e-09
5.8271386379391059e-10
4.7885756349188897e-09
7.4136114116793469e-10
4.780145003528862e-09
8.9481305317693808e-10
4.7578849793003073e-09
1.0418771181001489e-09
4.7215502994464654e-09
1.181422628475162e-09
4.6710061301533369e-09
1.3124027316497051e-09
4.6062178108705884e-09
1.4338733980964603e-09
4.5272343441973462e-09
1.5450086130572102e-09
4.4341656318355382e-09
1.6451113695141687e-09
4.3271536401132311e-09
1.7336202714537296e-09
4.2063377909973301e-09
1.8101117701815704e-09
4.0718149495314648e-09
3.9235944190312436e-09
-3.295338334624405e-09
4.3847930559500841e-10
-3.2723126376649845e-09
4.9962780464597394e-10
-3.2488919026659143e-09
5.6252494941558104e-10
-3.2250205490041145e-09
6.2721487765871209e-10
-3.2006365472900041e-09
6.9374228615499815e-10
-3.1756710461038395e-09
7.6215195530913303e-10
-3.1500479749332751e-09
8.3248826933803314e-10
-3.1236836274923585e-09
9.0479471651051115e-10
-3.0964862300121565e-09
9.7911335558002949e-10
-3.0683554997679735e-09
1.0554842357601431e-09
-3.0391822000564933e-09
1.1339447584334246e-09
-3.0088476990721193e-09
1.2145289693457916e-09
-2.9772235416757346e-09
1.2972667704035976e-09
-2.9441710449266193e-09
1.3821830404265952e-09
-2.9095409304902779e-09
1.4692966543909272e-09
-2.8731730096742404e-09
1.5586193908827338e-09
-2.8348959399083202e-09
1.6501547177434714e-09
-2.7945270750159172e-09
1.7438964462900394e-09
-2.7518724356312427e-09
1.8398272451199355e-09
-2.7067268306197882e-09
1.9379170054377147e-09
-2.6588741653400285e-09
2.0381210511884876e-09
-2.6080879779919636e-09
2.1403781891561592e-09
-2.5541322510253917e-09
2.2446085967530805e-09
-2.4967625504566496e-09
2.3507115486691695e-09
-2.4357275516662129e-09
2.4585629880766253e-09
-2.3707710154158817e-09
2.5680129539862026e-09
-2.3016342818494155e-09
2.6788828839143826e-09
-2.2280593523159408e-09
2.7909628205727128e-09
-2.1497926280032441e-09
2.9040085631782934e-09
-2.0665893693279719e-09
3.0177388184864672e-09
-1.9782189293942769e-09
3.1318324239552952e-09
-1.8844707970210745e-09
3.2459257355362971e-09
-1.7851614583243421e-09
3.3596102951024545e-09
-1.6801420492824384e-09
3.4724309166753181e-09
-1.5693067242798094e-09
3.5838843549539292e-09
-1.4526016073450094e-09
3.6934187420734267e-09
-1.3300341249003885e-09
3.800433996049207e-09
-1.2016824441769362e-09
3.9042834133480911e-09
-1.0677046646870943e-09
4.0042766542137982e-09
-9.2834733787121972e-10
4.0996843083702354e-09
-7.839528304527461e-10
4.1897441863883875e-09
-6.3496500955171653e-10
4.2736694158083343e-09
-4.8193272127110242e-10
4.3506583295978291e-09
-3.255105674641749e-10
4.4199060193452571e-09
-1.6645656111509266e-10
4.4806172926457722e-09
-5.6263620608002285e-12
4.5320206432159026e-09
1.5603596613937711e-10
4.5733827573854476e-09
3.1751085703160202e-10
4.6040222864945244e-09
4.7771911971095785e-10
4.6233238791022886e-09
6.3554073286308903e-10
4.6307489151748372e-09
7.8983560428976763e-10
4.625844524239022e-09
9.3946559934031985e-10
4.6082488879170326e-09
1.0833169318207241e-09
4.5776924056362334e-09
1.2203219832807874e-09
4.5339940863735453e-09
1.3494796617537072e-09
4.4770527530670827e-09
1.4698735169385313e-09
4.4068327756595014e-09
1.580686960307475e-09
4.3233442017795639e-09
1.6812151118695353e-09
4.2266172953340901e-09
1.7708729757402133e-09
4.1166715985248823e-09
1.8491998229809253e-09
3.9934797119179253e-09
3.8569260438577727e-09
-3.2341672004599221e-09
4.1410641328861939e-10
-3.2094027730472253e-09
4.7486337764169785e-10
-3.1841971599202829e-09
5.3731933658923946e-10
-3.1584948816812071e-09
6.0151259963359293e-10
-3.1322343264390165e-09
6.6748173105694648e-10
-3.1053474226312648e-09
7.3526505158848173e-10
-3.0777592935213404e-09
8.0490014026731932e-10
-3.0493878980955139e-09
8.7642332108151824e-10
-3.0201436634510579e-09
9.4986912089189091e-10
-2.9899291143800378e-09
1.0252696866027353e-09
-2.958638506712684e-09
1.1026541506299818e-09
-2.9261574720991671e-09
1.1820479345334237e-09
-2.8923626832877709e-09
1.2634719813095521e-09
-2.8571215506147315e-09
1.3469419073552192e-09
-2.8202919623722771e-09
1.4324670655876737e-09
-2.7817220839826422e-09
1.5200495117025154e-09
-2.7412502334914382e-09
1.6096828661362252e-09
-2.698704853816214e-09
1.7013510650385183e-09
-2.6539046054406919e-09
1.7950269945195722e-09
-2.6066586068326129e-09
1.8906710036950699e-09
-2.5567668537352878e-09
1.9882292936872153e-09
-2.50402085258907e-09
2.0876321818448977e-09
-2.448204507569723e-09
2.1887922431404614e-09
-2.3890953049121845e-09
2.2916023340917429e-09
-2.3264658420922307e-09
2.3959335088103829e-09
-2.2600857527167313e-09
2.5016328420489359e-09
-2.1897240801590856e-09
2.6085211805935566e-09
-2.1151521534824204e-09
2.7163908522184432e-09
-2.0361470172510354e-09
2.8250033708605259e-09
-1.952495461548995e-09
2.9340871878343728e-09
-1.8639986888568686e-09
3.0433355518304934e-09
-1.7704776392801915e-09
3.1524045550368357e-09
-1.6717789738903098e-09
3.2609114586635979e-09
-1.5677816867017803e-09
3.3684334078008206e-09
-1.4584042785296593e-09
3.4745066618339962e-09
-1.3436123806792267e-09
3.5786264810592318e-09
-1.2234266640582916e-09
3.6802478205953961e-09
-1.0979308119100707e-09
3.7787869866455282e-09
-9.6727927529219614e-10
3.8736244046649296e-09
-8.3170447440053498e-10
3.9641086310325689e-09
-6.9152306177424626e-10
4.0495617064472318e-09
-5.4714083209821115e-10
4.1292858988143469e-09
-3.9905585437211791e-10
4.2025718142500129e-09
-2.4785942355634813e-10
4.2687077699296814e-09
-9.4234491749036455e-11
4.3269902311709992e-09
6.104868469397424e-11
4.3767349976287221e-09
2.1714014344816726e-10
4.4172884644719286e-09
3.7311979617732122e-10
4.4480394131516362e-09
5.2801111932200694e-10
4.4684289327508086e-09
6.8079630950659749e-10
4.4779596894556004e-09
8.304337209045001e-10
4.4762026625834709e-09
9.7587660554648764e-10
4.4628011439436924e-09
1.1160924932776725e-09
4.4374712636170141e-09
1.2500824527008769e-09
4.3999985003987706e-09
1.3768994896617382e-09
4.3502297483399111e-09
1.4956653906267093e-09
4.2880606045757369e-09
1.6055854039675307e-09
4.2134176618064864e-09
1.7059602714987441e-09
4.1262356963851685e-09
1.7961952569610423e-09
4.0264297331947104e-09
1.8758059566609198e-09
3.9138620434311886e-09
3.7883041943346159e-09
-3.1733787164933842e-09
3.8808549982561395e-10
-3.1469255656987608e-09
4.4841022731182922e-10
-3.1199906875374892e-09
5.103844587734247e-10
-3.092519049957026e-09
5.7404096230304934e-10
-3.0644498150811371e-09
6.3941249635449286e-10
-3.0357160561365683e-09
7.0653129275558636e-10
-3.0062444608079406e-09
7.7542854499956026e-10
-2.9759550261745388e-09
8.4613388646545022e-10
-2.9447607506917533e-09
9.1867484538667754e-10
-2.9125673292156511e-09
9.9307626506448892e-10
-2.8792728578301213e-09
1.069359679138445e-09
-2.8447675562218709e-09
1.1475426327660459e-09
-2.8089335165554021e-09
1.2276379414150618e-09
-2.7716444892436067e-09
1.309652879722053e-09
-2.7327657176810391e-09
1.3935882935741506e-09
-2.692153835918713e-09
1.4794376293073076e-09
-2.6496568454124794e-09
1.5671858747406981e-09
-2.6051141893578173e-09
1.6568084077333594e-09
-2.558356945738318e-09
1.7482697491421654e-09
-2.5092081630124805e-09
1.8415222185014587e-09
-2.4574833653259221e-09
1.9365044925448307e-09
-2.4029912571787976e-09
2.0331400688742932e-09
-2.3455346604998325e-09
2.1313356397562632e-09
-2.2849117199440015e-09
2.2309793842579558e-09
-2.2209174147171869e-09
2.3319391908114576e-09
-2.1533454170840002e-09
2.4340608269309465e-09
-2.0819903385535275e-09
2.5371660782679828e-09
-2.0066504041237762e-09
2.6410508856074655e-09
-1.9271305923284937e-09
2.745483515826207e-09
-1.8432462735177708e-09
2.850202811322181e-09
-1.7548273700743738e-09
2.954916571929437e-09
-1.6617230493398161e-09
3.0593001337322364e-09
-1.563806942156909e-09
3.1629952201929586e-09
-1.4609828564943308e-09
3.2656091520847582e-09
-1.3531909262683626e-09
3.3667145131065879e-09
-1.2404141002911379e-09
3.4658493766394292e-09
-1.1226848359546148e-09
3.5625182044239241e-09
-1.0000918183029565e-09
3.6561935282581253e-09
-8.7278647995881062e-10
3.7463185190872554e-09
-7.4098905432172738e-10
3.832310532035541e-09
-6.049938578572968e-10
3.9135656890010522e-09
-4.6517347194128056e-10
3.9894645212220732e-09
-3.2198148543114231e-10
4.0593786411439993e-09
-1.7595346905921362e-10
4.1226783472293345e-09
-2.770588699382536e-11
4.1787409983419767e-09
1.2206716566285615e-10
4.2269600259963627e-09
2.7259994033087153e-10
4.2667534806706505e-09
4.2306309967717885e-10
4.2975737353576761e-09
5.7257435429245626e-10
4.3189148349688253e-09
7.2021120741144679e-10
4.3303196577159001e-09
8.6502544769178958e-10
4.3313849029814413e-09
1.0060589793368887e-09
4.3217637531855103e-09
1.1423604357797575e-09
4.3011656158107854e-09
1.2730019732862994e-09
4.2693524536992616e-09
1.3970956319156318e-09
4.2261312839901481e-09
1.5138086688791068e-09
4.1713424932982676e-09
1.6223773198978295e-09
4.104843701955053e-09
1.7221185222045346e-09
4.0264889902349587e-09
1.8124392280743302e-09
3.9361033725216005e-09
1.8928430417662785e-09
3.8334524715423034e-09
3.7182074072286124e-09
-3.1130158882685267e-09
3.6046157293019357e-10
-3.0849240344159907e-09
4.203183739854682e-10
-3.0563152271795632e-09
4.8177565193123763e-10
-3.0271351922131675e-09
5.4486092762549557e-10
-2.9973241816533518e-09
6.0960148599950575e-10
-2.9668167328502332e-09
6.7602384409007483e-10
-2.9355414175824899e-09
7.4415322981494654e-10
-2.9034205872388155e-09
8.1401305615945527e-10
-2.8703701196855626e-09
8.8562437783114718e-10
-2.8362991739931934e-09
9.5900531933191374e-10
-2.8011099598479976e-09
1.0341704649133831e-09
-2.7646975293248276e-09
1.1111302021172099e-09
-2.7269495997399996e-09
1.1898900116472445e-09
-2.6877464175310856e-09
1.2704496972542714e-09
-2.6469606745252417e-09
1.3528025502056554e-09
-2.6044574895492603e-09
1.4369344438243089e-09
-2.5600944700956492e-09
1.5228228545778123e-09
-2.5137218706775913e-09
1.6104358073223723e-09
-2.4651828665544074e-09
1.6997307436288753e-09
-2.4143139636606989e-09
1.7906533136635925e-09
-2.3609455677740728e-09
1.8831360939448172e-09
-2.3049027381395235e-09
1.9770972354640975e-09
-2.2460061528426109e-09
2.0724390492253243e-09
-2.1840733150480367e-09
2.1690465392395228e-09
-2.1189200306485029e-09
2.2667858964908051e-09
-2.0503621886468425e-09
2.3655029713766692e-09
-1.9782178754776662e-09
2.4650217466914454e-09
-1.9023098530949891e-09
2.5651428383750239e-09
-1.8224684276163339e-09
2.665642057013543e-09
-1.7385347301318563e-09
2.7662690694189122e-09
-1.6503644234569593e-09
2.8667462064719267e-09
-1.5578318375757877e-09
2.9667674706136081e-09
-1.4608345217916944e-09
3.0659978036688137e-09
-1.3592981827711066e-09
3.1640726826652787e-09
-1.2531819545268745e-09
3.2605981173877529e-09
-1.142483919048639e-09
3.355151127789341e-09
-1.0272467652959225e-09
3.4472807810512422e-09
-9.0756344071497991e-10
3.5365098658365566e-09
-7.835826150805475e-10
3.6223372737523094e-09
-6.55513743684454e-10
3.7042411437908556e-09
-5.2363148884429499e-10
3.7816828033230453e-09
-3.8827923875791071e-10
3.854111508102125e-09
-2.4987145544710343e-10
3.9209699433220737e-09
-1.0889459513507235e-10
3.9817004009686923e-09
3.4093633822561945e-11
4.0357514918638291e-09
1.7846712306123792e-10
4.0825850479576647e-09
3.2353538123787899e-10
4.1216835038156217e-09
4.6855080654647926e-10
4.1525563447401e-09
6.1271701854020105e-10
4.1747463968918146e-09
7.5519936753989199e-10
4.187834811072209e-09
8.9513699236566831e-10
4.1914445022177973e-09
1.0316561258965638e-09
4.1852415633467685e-09
1.1638842322554595e-09
4.1689341758299096e-09
1.2909645032118882e-09
4.1422685803112258e-09
1.4120702171135638e-09
4.1050217129370747e-09
1.5264184611507569e-09
4.0569901570108534e-09
1.6332827426281455e-09
3.9979751180352794e-09
1.7320040622845993e-09
3.9277631877104778e-09
1.8220000865893649e-09
3.8461027189630235e-09
1.9027721303995235e-09
3.7526756896867508e-09
3.6470649908140509e-09
-3.053115945688373e-09
3.3127959004172444e-10
-3.0234350881462807e-09
3.9063751703645405e-10
-2.993207065923672e-09
4.5154763015589092e-10
-2.9623786385361166e-09
5.1403250056891136e-10
-2.9308914257119134e-09
5.7811427341389162e-10
-2.8986817053964654e-09
6.4381412393976171e-10
-2.865680205634366e-09
7.1115173015912352e-10
-2.8318118960504749e-09
7.801447466336965e-10
-2.7969957848141564e-09
8.5080826661200235e-10
-2.7611447273320005e-09
9.2315426182975083e-10
-2.7241652534582439e-09
9.9719099098278633e-10
-2.6859574207268984e-09
1.0729223692886576e-09
-2.646414701988486e-09
1.1503472927631753e-09
-2.6054239168635428e-09
1.2294589119213796e-09
-2.5628652175982646e-09
1.3102438506488206e-09
-2.518612141210443e-09
1.3926813670299068e-09
-2.472531741230761e-09
1.4767424540316392e-09
-2.4244848138562283e-09
1.5623888791581808e-09
-2.3743262349097714e-09
1.6495721635814634e-09
-2.3219054256055939e-09
1.7382325028254877e-09
-2.2670669667049931e-09
1.8282976329107964e-09
-2.2096513821437933e-09
1.9196816479435941e-09
-2.1494961145365909e-09
2.0122837775274809e-09
-2.0864367160045799e-09
2.1059871350764909e-09
-2.0203082783897782e-09
2.2006574511610441e-09
-1.9509471269379639e-09
2.2961418094092428e-09
-1.8781928007394711e-09
2.3922674062395078e-09
-1.8018903413586997e-09
2.4888403597879822e-09
-1.7218929078551654e-09
2.5856445977898086e-09
-1.6380647314789342e-09
2.6824408588213907e-09
-1.550284416330835e-09
2.7789658460966508e-09
-1.4584485828772941e-09
2.8749315778018094e-09
-1.3624758390452395e-09
2.9700249824897072e-09
-1.2623110484666965e-09
3.0639077920421794e-09
-1.1579298471809574e-09
3.156216787679715e-09
-1.0493433388662809e-09
3.2465644559064734e-09
-9.3660287488521932e-10
3.3345401103958454e-09
-8.1980479991087261e-10
3.4197115318468474e-09
-6.9909501792339568e-10
3.5016271698489457e-09
-5.7467320862630909e-10
3.5798189377876215e-09
-4.4679650309499756e-10
3.6538056131261673e-09
-3.1578241202056029e-10
3.7230968300719265e-09
-1.82010793613781e-10
3.7871976203712048e-09
-4.5924653333782421e-11
3.8456134225671466e-09
9.1970415933770092e-11
3.8978554345768153e-09
2.3110832253786674e-10
3.9434459872237455e-09
3.7086615837071717e-10
3.981924332147264e-09
5.1056961718890164e-10
4.0128513539654979e-09
6.4950003809515251e-10
4.0358142352686512e-09
7.8690301725109959e-10
4.0504298721769153e-09
9.2199840993764585e-10
4.0563469234645776e-09
1.0539914700083433e-09
4.0532460870609867e-09
1.1820848089745467e-09
4.0408381906084264e-09
1.3054908074511225e-09
4.0188597099147062e-09
1.4234440809021085e-09
3.9870653507551122e-09
1.5352135882304888e-09
3.9452173575417941e-09
1.6401139791803114e-09
3.8930712494066626e-09
1.7375158018699381e-09
3.8303577239234398e-09
1.8268542316768727e-09
3.7567605106496897e-09
1.9076360331647282e-09
3.6718900017065259e-09
3.5752525381374504e-09
-2.9937108150133528e-09
3.0058417010622796e-10
-2.9624900365999398e-09
3.5941673928886305e-10
-2.9306965900389417e-09
4.1975418409975753e-10
-2.8982785125293539e-09
4.8161442343596371e-10
-2.865179032956783e-09
5.4501479411628048e-10
-2.8313364064893717e-09
6.0997149766683438e-10
-2.7966837458229231e-09
6.7649906962321353e-10
-2.7611488549610941e-09
7.4460985585087732e-10
-2.7246540715017897e-09
8.1431348318897663e-10
-2.6871161236666623e-09
8.856163139935978e-10
-2.6484460087437084e-09
9.5852087602367735e-10
-2.6085489001976103e-09
1.0330252606699e-09
-2.5673240914221435e-09
1.1091224838732737e-09
-2.5246649849543736e-09
1.1867998052873389e-09
-2.4804591369224111e-09
1.2660380023826136e-09
-2.4345883675427123e-09
1.3468105973238627e-09
-2.386928949598634e-09
1.4290830356343044e-09
-2.3373518879947404e-09
1.5128118169249374e-09
-2.2857233046608224e-09
1.5979435793736032e-09
-2.2319049442359648e-09
1.6844141411877123e-09
-2.1757548170476621e-09
1.7721475040414185e-09
-2.1171279968578658e-09
1.8610548254293834e-09
-2.0558775915873091e-09
1.9510333690532529e-09
-1.991855905683353e-09
2.0419654447742388e-09
-1.9249158128186756e-09
2.1337173522850839e-09
-1.8549123570909598e-09
2.2261383455065169e-09
-1.7817045996590928e-09
2.3190596377497888e-09
-1.7051577256132585e-09
2.4122934708702909e-09
-1.6251454226283178e-09
2.5056322749236563e-09
-1.5415525383488944e-09
2.5988479481309487e-09
-1.4542780172701641e-09
2.6916912901612646e-09
-1.3632381098634587e-09
2.7838916247026282e-09
-1.268369836649976e-09
2.8751566497966587e-09
-1.169634677711402e-09
2.9651725562320635e-09
-1.067022443707901e-09
3.0536044550590747e-09
-9.6055526798087928e-10
3.1400971546208264e-09
-8.502916411049816e-10
3.2242763248955329e-09
-7.3633038991789391e-10
3.3057500818449718e-09
-6.1881448353460775e-10
3.3841110162860263e-09
-4.9793453039195547e-10
3.4589386798575227e-09
-3.7393181451854334e-10
3.5298025245678746e-09
-2.4710070779251619e-10
3.5962652714980355e-09
-1.1779029032903576e-10
3.6578866597828002e-09
1.3594986617887241e-11
3.7142274984451709e-09
1.4659577328929711e-10
3.764853883502546e-09
2.8069941187235902e-10
3.8093414537460645e-09
4.1534311122153456e-10
3.8472795944384324e-09
5.4991823517130951e-10
3.8782750359343579e-09
6.8377612245638746e-10
3.9019549871013927e-09
8.1623518807337325e-10
3.9179692694534335e-09
9.4658921446640507e-10
3.9259911764473948e-09
1.0741166527257857e-09
3.9257167399451818e-09
1.1980906927447355e-09
3.9168620517652079e-09
1.3177898182307065e-09
3.8991582972110835e-09
1.432508530820421e-09
3.8723441676823343e-09
1.5415679087567857e-09
3.8361553346810083e-09
1.6443256619814205e-09
3.7903106893690567e-09
1.7401853557635756e-09
3.7344950776412993e-09
1.8286044972906529e-09
3.668338290595935e-09
1.9091012115259945e-09
3.591390105745446e-09
3.5030912189164097e-09
-2.9348275474094816e-09
2.6841933716704629e-10
-2.9021150543115863e-09
3.267042469358646e-10
-2.8688087885264976e-09
3.8644791888208105e-10
-2.8348582785323699e-09
4.4766391386794114e-10
-2.800208570541892e-09
5.1036508644001411e-10
-2.7648000969248103e-09
5.7456302427566799e-10
-2.7285685434737739e-09
6.4026751632833967e-10
-2.6914447215050956e-09
7.0748603398278583e-10
-2.6533544507877075e-09
7.7622321252698173e-10
-2.6142184594667922e-09
8.4648032268986162e-10
-2.5739523074715276e-09
9.1825472401114897e-10
-2.5324663403547565e-09
9.9153929350196798e-10
-2.489665681084442e-09
1.0663218245149252e-09
-2.4454502679804421e-09
1.1425843920514422e-09
-2.3997149477447542e-09
1.2203026819591574e-09
-2.3523496333465592e-09
1.2994452826635358e-09
-2.3032395373792722e-09
1.3799729393036299e-09
-2.2522654923721957e-09
1.4618377714149933e-09
-2.199304370387601e-09
1.5449824566933211e-09
-2.1442296150223308e-09
1.6293393848604703e-09
-2.0869118996210735e-09
1.7148297873115847e-09
-2.0272199260355552e-09
1.801362850012728e-09
-1.9650213785735281e-09
1.8888348190748204e-09
-1.9001840477808274e-09
1.9771281105360894e-09
-1.8325771383163185e-09
2.0661104381232193e-09
-1.7620727742934589e-09
2.1556339751100741e-09
-1.6885477139565917e-09
2.2455345688098601e-09
-1.6118852833004109e-09
2.3356310286660778e-09
-1.5319775350784647e-09
2.4257245112911754e-09
-1.4487276354195478e-09
2.5155980280327598e-09
-1.3620524748257079e-09
2.6050161026306719e-09
-1.2718854935116845e-09
2.6937246081222253e-09
-1.1781797027523265e-09
2.781450813178625e-09
-1.0809108740503648e-09
2.8679036683137204e-09
-9.8008085655652889e-10
2.9527743616480406e-09
-8.7572097038105577e-10
3.0357371718315716e-09
-7.6789540951655422e-10
3.1164506420016128e-09
-6.5670457352306294e-10
3.1945590929025392e-09
-5.4228823255226999e-10
3.2696944851117158e-09
-4.2482841665983162e-10
3.3414786293158768e-09
-3.045519086896506e-10
3.4095257294595931e-09
-1.8173221189735362e-10
3.4734452262228996e-09
-5.6690860573242064e-11
3.5328448890436883e-09
7.0202056796796225e-11
3.5873340805371531e-09
1.9852830904510198e-10
3.6365270389769638e-09
3.2782285602212424e-10
3.6800462119395063e-09
4.5757642240629287e-10
3.7175252199397468e-09
5.8723907983461699e-10
3.7486114467740432e-09
7.1622501701655677e-10
3.7729679849916381e-09
8.4391840951691026e-10
3.7902746703812549e-09
9.6968029649382375e-10
3.8002279343202546e-09
1.0928563335867692e-09
3.8025391940780524e-09
1.2127852416211634e-09
3.7969314785256854e-09
1.3288077323978863e-09
3.7831339845372775e-09
1.4402756629540998e-09
3.7608742610722527e-09
1.5465611490397854e-09
3.7298677238962703e-09
1.6470653586441844e-09
3.6898042150092715e-09
1.7412267068896216e-09
3.6403313362663033e-09
1.8285281835817802e-09
3.5810343071053964e-09
1.9085035627932875e-09
3.5114121236422271e-09
-2.8764887121533477e-09
2.3482829319019221e-10
-2.8423316062973874e-09
2.9254714191062174e-10
-2.8075637146364465e-09
3.516800278564453e-10
-2.7721362425688128e-09
4.1223644228003204e-10
-2.7359962311584967e-09
4.7422507538631744e-10
-2.6990864565942575e-09
5.37653249971101e-10
-2.6613453301582419e-09
6.0252639007568603e-10
-2.6227068047509248e-09
6.6884750869855341e-10
-2.5831002939427102e-09
7.3661670179354074e-10
-2.5424506095975089e-09
8.058306383796008e-10
-2.5006779243349102e-09
8.7648203874892659e-10
-2.4576977654337013e-09
9.4855913456874572e-10
-2.4134210472158081e-09
1.022045106231619e-09
-2.3677541494680595e-09
1.0969174942004024e-09
-2.3205990500319459e-09
1.1731475823731146e-09
-2.2718535203097437e-09
1.2506997527308201e-09
-2.2214113930628081e-09
1.3295308117647598e-09
-2.1691629124945517e-09
1.4095892904437206e-09
-2.1149951771837576e-09
1.4908147208268347e-09
-2.0587926869276108e-09
1.5731368938386191e-09
-2.0004380049244605e-09
1.6564751042545151e-09
-1.9398125469302382e-09
1.7407373905705144e-09
-1.8767975089971856e-09
1.8258197791577141e-09
-1.8112749450941163e-09
1.9116055439237157e-09
-1.7431290052312364e-09
1.9979644945757158e-09
-1.6722473435983536e-09
2.0847523084891257e-09
-1.5985227045800567e-09
2.1718099230728099e-09
-1.5218546922365653e-09
2.2589630073213714e-09
-1.4421517258379755e-09
2.3460215329020363e-09
-1.3593331802033688e-09
2.4327794665206028e-09
-1.2733317048385298e-09
2.5190146063713018e-09
-1.184095710085022e-09
2.6044885860479896e-09
-1.0915920016487738e-09
2.6889470692549653e-09
-9.9580853693943029e-10
2.7721201578220306e-09
-8.9675726766663273e-10
2.8537230337228533e-09
-7.9447702323839038e-10
2.9334568527989808e-09
-6.8903637890884686e-10
3.0110099034693856e-09
-5.8053644170397118e-10
3.0860590376337897e-09
-4.6911347637718822e-10
3.1582713729386619e-09
-3.5494128370648717e-10
3.2273062554100769e-09
-2.3823323500568361e-10
3.2928174588364746e-09
-1.1924386144855129e-10
3.3544555830849686e-09
1.7301046822313954e-12
3.4118705980791765e-09
1.2434934678908596e-10
3.4647144502108139e-09
2.4823232797047966e-10
3.5126435976422899e-09
3.7295645078581453e-10
3.5553215482368043e-09
4.9806017492021728e-10
3.5924208653335481e-09
6.2304601070805279e-10
3.6236248822684338e-09
7.4738446385341631e-10
3.6486286966796867e-09
8.7051889659665757e-10
3.6671392885720023e-09
9.918712347142083e-10
3.6788745268460954e-09
1.1108484223325814e-09
3.6835608117901919e-09
1.2268494890674341e-09
3.6809290884543856e-09
1.3392730613601915e-09
3.6707089588315213e-09
1.4475251231667785e-09
3.6526206165518658e-09
1.5510268108138405e-09
3.6263643273906033e-09
1.6492220139184673e-09
3.591607182577049e-09
1.7415845488594779e-09
3.5479668598023441e-09
1.8276246730724098e-09
3.4949921400586059e-09
3.4321399492630545e-09
-2.8187127606412225e-09
1.9985321753604282e-10
-2.7831568415088706e-09
2.5699122370207078e-10
-2.7469769116677752e-09
3.155000987242708e-10
-2.7101260134877949e-09
3.7538554463785385e-10
-2.6725533325763491e-09
4.3665239487733357e-10
-2.6342041255050346e-09
4.9930404319576383e-10
-2.595019649232612e-09
5.6334191401566292e-10
-2.5549370982945953e-09
6.2876495790728617e-10
-2.513889555661613e-09
6.955691592552715e-10
-2.4718059631628638e-09
7.6374704593344669e-10
-2.4286111174869504e-09
8.3328719309018859e-10
-2.3842256979974049e-09
9.0417371506459805e-10
-2.338566332911924e-09
9.7638574110048628e-10
-2.2915457107679873e-09
1.0498968719772677e-09
-2.2430727445193712e-09
1.1246746160056998e-09
-2.1930527960451916e-09
1.2006798040877957e-09
-2.1413879692944907e-09
1.2778659847792009e-09
-2.0879774806947382e-09
1.3561788015200199e-09
-2.0327181158018052e-09
1.4355553554883669e-09
-1.975504781428135e-09
1.5159235588529482e-09
-1.9162311626080483e-09
1.5972014845947062e-09
-1.8547904937198224e-09
1.6792967205321202e-09
-1.7910764528165501e-09
1.7621057366829018e-09
-1.7249841876879192e-09
1.8455132766547401e-09
-1.6564114813167064e-09
1.9293917853007026e-09
-1.585260063148303e-09
2.0136008863984562e-09
-1.5114370708977384e-09
2.0979869255500391e-09
-1.4348566654091273e-09
2.1823825947830174e-09
-1.3554417982851309e-09
2.2666066564035799e-09
-1.2731261285703559e-09
2.350463784412368e-09
-1.1878560806270726e-09
2.4337445421421011e-09
-1.0995930304657308e-09
2.5162255146193518e-09
-1.0083156021476489e-09
2.5976696133431997e-09
-9.1402204948956995e-10
2.6778265695986353e-09
-8.1673269122583371e-10
2.7564336299299192e-09
-7.1649236013479553e-10
2.8332164638276548e-09
-6.1337281861502593e-10
2.907890288889095e-09
-5.0747508506306664e-10
2.9801612125263696e-09
-3.9893160753195447e-10
3.0497277815199986e-09
-2.879082140498364e-10
3.1162827213219161e-09
-1.7460576317769855e-10
3.1795148356919027e-09
-5.926141481211322e-11
3.2391110252771286e-09
5.785056068440432e-11
3.2947583699400992e-09
1.7641853238207786e-10
3.3461461761676218e-09
2.9609380542038772e-10
3.3929679656646773e-09
4.164917170591245e-10
3.4349232139009664e-09
5.3719335300758654e-10
3.4717187356398014e-09
6.5774807391032844e-10
3.5030695893327159e-09
7.7767680077920099e-10
3.5286993125064719e-09
8.9647605054652854e-10
3.548339289728847e-09
1.0136226758148125e-09
3.5617270549583693e-09
1.1285792342552829e-09
3.568603304395357e-09
1.2407998845229175e-09
3.5687073833396306e-09
1.3497366792509168e-09
3.5617710012819894e-09
1.4548461026867616e-09
3.5475099219378169e-09
1.5555956817466397e-09
3.5256133703078267e-09
1.6514704854706373e-09
3.4957308975500422e-09
1.7419793193276102e-09
3.4574564470952207e-09
1.8266604175402124e-09
3.4103093734185434e-09
3.3537121806938562e-09
-2.7615143657549903e-09
1.635350906383935e-10
-2.7246039587354143e-09
2.2008081770712972e-10
-2.6870598078342346e-09
2.7795594861174768e-10
-2.6488369292700027e-09
3.3716266667432294e-10
-2.6098867778719742e-09
3.9770224393132039e-10
-2.5701572003685504e-09
4.5957446602744474e-10
-2.5295923911303533e-09
5.2277710502097219e-10
-2.4881328564307674e-09
5.8730542337948649e-10
-2.4457153930392626e-09
6.5315169597917884e-10
-2.4022730868672198e-09
7.2030473983183688e-10
-2.3577353374095144e-09
7.8874944366599993e-10
-2.3120279138471355e-09
8.5846629150384201e-10
-2.265073048870257e-09
9.2943087609549726e-10
-2.2167895765327318e-09
1.0016133995811594e-09
-2.167093120728419e-09
1.0749781601084178e-09
-2.1158963411733168e-09
1.1494830243977445e-09
-2.0631092440490332e-09
1.2250788874658268e-09
-2.0086395647037269e-09
1.301709121913572e-09
-1.9523932299721991e-09
1.3793090203981781e-09
-1.8942749077455433e-09
1.457805236134852e-09
-1.8341886513643565e-09
1.5371152275411397e-09
-1.772038646177324e-09
1.6171467144267182e-09
-1.7077300651809745e-09
1.697797154435116e-09
-1.6411700399716219e-09
1.7789532497452699e-09
-1.5722687522805951e-09
1.8604904953085205e-09
-1.5009406500630088e-09
1.9422727810793439e-09
-1.4271057904303909e-09
2.0241520617567504e-09
-1.3506913096249808e-09
2.1059681084244318e-09
-1.2716330176714073e-09
2.1875483570782588e-09
-1.1898771122862412e-09
2.2687078692966301e-09
-1.1053820030509512e-09
2.3492494201382482e-09
-1.0181202327427367e-09
2.4289637276581108e-09
-9.2808047808072698e-10
2.5076298370981901e-09
-8.3526960701627906e-10
2.5850156707419431e-09
-7.3971476413604899e-10
2.6608787514979857e-09
-6.4146544987392202e-10
2.7349671043948805e-09
-5.4059555318677773e-10
2.8070203352050949e-09
-4.3720529135697236e-10
2.8767708792821884e-09
-3.3142300490339655e-10
2.9439454062269852e-09
-2.2340675060385348e-10
3.0082663573089576e-09
-1.1334563210573184e-10
3.0694535827009149e-09
-1.4608055417416085e-12
3.1272260350768529e-09
1.1199390908518278e-10
3.1813034577255328e-09
2.2673187776648832e-10
3.231407970729436e-09
3.4243395426155267e-10
3.2772656076720316e-09
4.587494328054308e-10
3.3186074032742513e-09
5.7529753125808963e-10
3.3551702485071989e-09
6.9166950709603816e-10
3.3866971621695865e-09
8.0743140704902453e-10
3.4129368926536546e-09
9.2212742812754416e-10
3.433642674541331e-09
1.0352838573216872e-09
3.4485699522999172e-09
1.1464135339914196e-09
3.4574728704536368e-09
1.2550207558456282e-09
3.4600993168584441e-09
1.3606065282705913e-09
3.4561842944429002e-09
1.4626740375609505e-09
3.4454413873309932e-09
1.5607342120221925e-09
3.4275520800159282e-09
1.6543112215777247e-09
3.402152683705472e-09
1.7429477567300653e-09
3.3688186230553889e-09
1.8262099216317938e-09
3.3270458407992737e-09
3.2762290898698707e-09
-2.704904739745001e-09
1.2591353952352425e-10
-2.6666825482957123e-09
1.8185862739159531e-10
-2.6278200837435561e-09
2.390934849345935e-10
-2.588274452281118e-09
2.9761703588065828e-10
-2.5479994804106452e-09
3.5742727256645163e-10
-2.5069456911854168e-09
4.1852067717949743e-10
-2.4650602832791997e-09
4.8089169739161105e-10
-2.4222871189241411e-09
5.44532259222875e-10
-2.3785667264296793e-09
6.0943130362183041e-10
-2.3338363228144006e-09
6.7557433630525673e-10
-2.2880298620195174e-09
7.4294298292081141e-10
-2.2410781141979928e-09
8.1151454369931319e-10
-2.192908781665687e-09
8.8126154355100846e-10
-2.1434466572395545e-09
9.5215127511437949e-10
-2.0926138308486904e-09
1.0241453336463438e-09
-2.0403299504672868e-09
1.0971991439092446e-09
-1.9865125435595295e-09
1.171261480405952e-09
-1.9310774053209008e-09
1.2462739834639123e-09
-1.8739390600245857e-09
1.322170674811992e-09
-1.8150113017069518e-09
1.3988774774206645e-09
-1.7542078202259863e-09
1.4763117455188638e-09
-1.691442918367554e-09
1.5543818118307788e-09
-1.6266323251291375e-09
1.6329865601942e-09
-1.559694109547612e-09
1.7120150328049865e-09
-1.4905496984171019e-09
1.7913460823429123e-09
-1.419124999945626e-09
1.8708480801394922e-09
-1.3453516337847104e-09
1.9503786922908008e-09
-1.2691682659132975e-09
2.0297847361495872e-09
-1.1905220445427104e-09
2.1089021298716189e-09
-1.1093701305198146e-09
2.1875559475817017e-09
-1.0256813126333956e-09
2.2655605921718327e-09
-9.394376947811677e-10
2.3427200966751703e-09
-8.506364381586019e-10
2.4188285634756274e-09
-7.5929153752333409e-10
2.4936707482355493e-09
-6.6543560624527636e-10
2.5670227922628058e-09
-5.6912164035671477e-10
2.6386531030044568e-09
-4.7042472732828509e-10
2.7083233773960555e-09
-3.6944366092932034e-10
2.7757897567841631e-09
-2.6630241955979079e-10
2.8408040950668144e-09
-1.611514621399629e-10
2.9031153136773536e-09
-5.4168793301488289e-11
2.9624708081273591e-09
5.4439251247538318e-11
3.0186178617880841e-09
1.6443757151750257e-10
3.0713049818559408e-09
2.7556217060867638e-10
3.1202831849696259e-09
3.8752057287400903e-10
3.1653069831428474e-09
4.9999258306170467e-10
3.2061351304399197e-09
6.126315905755917e-10
3.2425309329906336e-09
7.2506636576579626e-10
3.2742620285583458e-09
8.3690336564397786e-10
3.3010994789016285e-09
9.4772953848499163e-10
3.3228160275030207e-09
1.0571156001834614e-09
3.3391833515267768e-09
1.1646197383490349e-09
3.3499681242651348e-09
1.2697916827148141e-09
3.354926692109433e-09
1.3721770635799623e-09
3.3537981582612773e-09
1.4713219642478955e-09
3.3462956548591912e-09
1.5667775592621052e-09
3.3320955763486749e-09
1.6581047181119652e-09
3.3108245403461675e-09
1.7448784442542411e-09
3.2820438390407647e-09
1.8266920119650206e-09
3.2452311459733455e-09
3.1997592524513364e-09
-2.6488919332900125e-09
8.7026702659007315e-11
-2.6093989121405825e-09
1.4236560749388607e-10
-2.5692620152019552e-09
1.9895658896435156e-10
-2.5284405363772049e-09
2.5679555779834207e-10
-2.4868907567633324e-09
3.1587749351613358e-10
-2.4445659413599839e-09
3.7619586219899883e-10
-2.4014163386247221e-09
4.3774209496909757e-10
-2.3573891889096682e-09
5.0050510973474271e-10
-2.3124287473750892e-09
5.6447086224726818e-10
-2.2664763267192865e-09
6.2962191575708501e-10
-2.2194703649215174e-09
6.9593702118903319e-10
-2.171346523132065e-09
7.6339070194178157e-10
-2.1220378188450355e-09
8.3195283926652555e-10
-2.0714747995276434e-09
9.0158825577223862e-10
-2.0195857619390058e-09
9.7225629600507185e-10
-1.9662970224255865e-09
1.0439104043118645e-09
-1.9115332435093012e-09
1.1164977013676459e-09
-1.8552178220659214e-09
1.1899585618497745e-09
-1.7972733443007249e-09
1.2642261968116393e-09
-1.7376221125453947e-09
1.3392262453437614e-09
-1.6761867485971374e-09
1.4148763811323108e-09
-1.6128908778709231e-09
1.4910859405086271e-09
-1.5476598980247704e-09
1.5677555795397453e-09
-1.4804218349032883e-09
1.6447769685902364e-09
-1.4111082876232228e-09
1.7220325335892138e-09
-1.3396554633579401e-09
1.7993952538957069e-09
-1.2660053008583585e-09
1.8767285271466842e-09
-1.19010667995656e-09
1.9538861117299982e-09
-1.111916712227534e-09
2.0307121574872185e-09
-1.0314021056342694e-09
2.1070413348609014e-09
-9.4854059335940407e-10
2.1826990718771203e-09
-8.6332241414694795e-10
2.2575019070272371e-09
-7.7575182838443656e-10
2.3312579642156574e-09
-6.8584865088126008e-10
2.4037675533816139e-09
-5.9364977791989694e-10
2.4748238971373098e-09
-4.9921068276129112e-10
2.5442139797143094e-09
-4.0260685046706438e-10
2.6117195096291367e-09
-3.0393511982289501e-10
2.6771179817072624e-09
-2.0331489750009217e-10
2.7401838174633857e-09
-1.0088920752204657e-10
2.8006895553930373e-09
3.1744647643103903e-12
2.8584070520256075e-09
1.0868356851367169e-10
2.9131086559156074e-09
2.154201634526401e-10
2.9645682633720964e-09
3.2314091842774146e-10
3.0125622816086024e-09
4.315774529212259e-10
3.0568702717213403e-09
5.4043706247173042e-10
3.0972753114741238e-09
6.4940383549134577e-10
3.1335639139332533e-09
7.5814018433133628e-10
3.1655253928036851e-09
8.6628878694999183e-10
3.1929505442058037e-09
9.7347493066365113e-10
3.2156295023380767e-09
1.079309236134779e-09
3.2333486112132606e-09
1.18339072628308e-09
3.2458861421957853e-09
1.2853101914285674e-09
3.2530066747519822e-09
1.3846537887381599e-09
3.2544539458659619e-09
1.4810068013527547e-09
3.2499419624902459e-09
1.573957470798065e-09
3.2391441616326022e-09
1.6631008057157678e-09
3.221680394896371e-09
1.7480422608088009e-09
3.1971015096606259e-09
1.8284011723717924e-09
3.1648712992638482e-09
3.1243456021223082e-09
-2.5934811171211042e-09
4.6911112227999519e-11
-2.5527563639848323e-09
1.0164085573675939e-10
-2.5113867932652412e-09
1.5758701931408933e-10
-2.469333968047974e-09
2.1474273340313419e-10
-2.4265566900423859e-09
2.7310021613673284e-10
-2.3830110141922529e-09
3.3265018682088052e-10
-2.3386502660421684e-09
3.9338134717040068e-10
-2.293425067729437e-09
4.552799116794212e-10
-2.2472833780447451e-09
5.1832917274691868e-10
-2.2001705517190402e-09
5.8250908955878555e-10
-2.152029422871093e-09
6.4779589242369438e-10
-2.1028004174090904e-09
7.141616965264016e-10
-2.0524216990952228e-09
7.8157412096919085e-10
-2.0008293539393685e-09
8.4999591060606277e-10
-1.9479576175554473e-09
9.1938455958468836e-10
-1.893739150077419e-09
9.8969193676935893e-10
-1.8381053631705587e-09
1.0608639143635267e-09
-1.7809868035631031e-09
1.1328400021041684e-09
-1.7223135973457713e-09
1.2055529904029318e-09
-1.6620159590218236e-09
1.2789286067577759e-09
-1.6000247689152945e-09
1.3528851906688499e-09
-1.5362722220402607e-09
1.4273333931489636e-09
-1.4706925508796075e-09
1.5021759077228545e-09
-1.4032228237032235e-09
1.5773072405278334e-09
-1.3338038190475211e-09
1.6526135277412909e-09
-1.2623809757761719e-09
1.7279724090262661e-09
-1.1889054167335784e-09
1.8032529659712685e-09
-1.1133350423768841e-09
1.8783157345401996e-09
-1.035635688940424e-09
1.9530128003063796e-09
-9.5578234364562801e-10
2.0271879846435719e-09
-8.7376040724375516e-10
2.1006771290395164e-09
-7.8956699179239588e-10
2.1733084832097561e-09
-7.0321223904881089e-10
2.2449032006602814e-09
-6.1472064227805135e-10
2.3152759427223014e-09
-5.2413235166804843e-10
2.3842355887958451e-09
-4.3150444099396513e-10
2.4515860465439478e-09
-3.3691211076397044e-10
2.5171271510391877e-09
-2.4044980101259301e-10
2.5806556364349282e-09
-1.4223218547142393e-10
2.6419661577238794e-09
-4.2395017480823129e-11
2.7008523327727273e-09
5.8904201480146499e-11
2.7571077659966944e-09
1.6148579710826745e-10
2.810526978510957e-09
2.6514764112014032e-10
2.860906320337136e-09
3.6966526085392192e-10
2.9080445428036598e-09
4.7479215766772722e-10
2.9517432327369757e-09
5.8026045875949357e-10
2.9918068418364694e-09
6.8578189305014168e-10
3.0280422812589284e-09
7.9104909867202067e-10
3.0602579553631224e-09
8.9573726098423848e-10
3.0882621129743665e-09
9.9950607207821856e-10
3.1118603815717582e-09
1.1020019928051478e-09
3.1308523365168846e-09
1.2028607881483125e-09
3.1450269452598892e-09
1.301710296440382e-09
3.1541567142570075e-09
1.3981733826042788e-09
3.1579903543729183e-09
1.4918710155381648e-09
3.1562437691952127e-09
1.5824254001918985e-09
3.1485891604349954e-09
1.669463085984348e-09
3.1346420361285861e-09
1.7526179651487465e-09
3.1139459018892809e-09
1.831534067527603e-09
3.0859544146382665e-09
3.0500107845580196e-09
-2.5386748475167271e-09
5.6015930109892745e-12
-2.4967555109941379e-09
5.9721520730810504e-11
-2.4541928231534403e-09
1.1502433265170654e-10
-2.4109506833343497e-09
1.7150059449212415e-10
-2.3669904656470482e-09
2.2913999914327164e-10
-2.3222710480736858e-09
2.8793076977262726e-10
-2.2767488453805314e-09
3.4785914487027765e-10
-2.2303778499514139e-09
4.0890891654045283e-10
-2.1831096860211897e-09
4.7106100902696219e-10
-2.1348936823174736e-09
5.3429308600330382e-10
-2.085676967791566e-09
5.9857917799759486e-10
-2.03540459490915e-09
6.6388932370539726e-10
-1.984019694820242e-09
7.3018922091032692e-10
-1.9314636686048965e-09
7.9743988439373792e-10
-1.8776764186859995e-09
8.6559730964366496e-10
-1.8225966243899252e-09
9.3461214242549618e-10
-1.7661620654952955e-09
1.0044293553922688e-09
-1.7083099974320536e-09
1.0749879339293686e-09
-1.6489775815479823e-09
1.1462205743628196e-09
-1.5881023735360934e-09
1.2180533985314376e-09
-1.5256228726940304e-09
1.2904056895344542e-09
-1.4614791341497404e-09
1.363189654208001e-09
-1.3956134455210144e-09
1.4363102185576337e-09
-1.3279710686673613e-09
1.5096648629507744e-09
-1.2585010462269497e-09
1.5831435043287694e-09
-1.1871570715084278e-09
1.6566284330064617e-09
-1.1138984190133254e-09
1.7299943117416601e-09
-1.0386909314126901e-09
1.803108244638248e-09
-9.615080571857758e-10
1.8758299230412372e-09
-8.823319313769474e-10
1.9480118548444787e-09
-8.0115449004403011e-10
2.019499682494405e-09
-7.1797860700431521e-10
2.0901325933998164e-09
-6.3281923945530986e-10
2.1597438243678171e-09
-5.4570456701476966e-10
2.2281612590563905e-09
-4.5667710674056254e-10
2.2952081141962811e-09
-3.6579478481842512e-10
2.3607037064520624e-09
-2.7313194379911226e-10
2.4244642871171184e-09
-1.7878026294646966e-10
2.4863039268955419e-09
-8.2849570944870785e-11
2.5460354300203529e-09
1.4531473277089945e-11
2.6034712444057096e-09
1.1321489539203926e-10
2.6584242896544741e-09
2.1303300569024004e-10
2.7107088020420133e-09
3.1379832846378451e-10
2.7601409173596146e-09
4.153036621130133e-10
2.8065391125986546e-09
5.1732242161155686e-10
2.8497243577908582e-09
6.1960922519637925e-10
2.8895199011669526e-09
7.2190074625861524e-10
2.925750598550703e-09
8.2391683224268767e-10
2.9582416801064904e-09
9.2536188730982475e-10
2.9868168378519937e-09
1.0259265091349918e-09
3.0112955057245981e-09
1.1252893626323863e-09
3.0314891918948658e-09
1.2231192656369342e-09
3.0471967110294279e-09
1.3190774536284749e-09
3.0581981521782315e-09
1.4128199826199108e-09
3.0642474060242146e-09
1.5040002214597076e-09
3.0650630637935493e-09
1.5922713771882002e-09
3.0603174896106595e-09
1.6772889898088216e-09
3.0496238592916355e-09
1.7587133260206843e-09
3.0325209526391389e-09
1.836211595234356e-09
3.0084554848929345e-09
2.9767617684935877e-09
-2.4844733146274393e-09
-3.6868830269198332e-11
-2.4413945186067742e-09
1.6642726375008396e-11
-2.397676002743052e-09
7.1305818083896367e-11
-2.3532840617579535e-09
1.2710865450799997e-10
-2.3081826810094335e-09
1.840386191616633e-10
-2.2623335823153073e-09
2.4208167166092439e-10
-2.2156962694665908e-09
3.0122183245950601e-10
-2.1682280813702179e-09
3.6144072876944542e-10
-2.1198842577877641e-09
4.2271718568251136e-10
-2.0706180224597559e-09
4.8502685084560736e-10
-2.0203806880775338e-09
5.4834184373310324e-10
-1.9691217872829555e-09
6.1263042298728926e-10
-1.9167892336554224e-09
6.7785666732613642e-10
-1.8633295164601227e-09
7.4398016721408659e-10
-1.8086879327633097e-09
8.1095572593771928e-10
-1.7528088603423479e-09
8.7873306997124663e-10
-1.6956360746252015e-09
9.4725656961590583e-10
-1.6371131126552818e-09
1.0164649718699289e-09
-1.5771836867851194e-09
1.0862911483653676e-09
-1.5157921504402851e-09
1.1566618620104466e-09
-1.4528840178411452e-09
1.2274975566945915e-09
-1.3884065390233822e-09
1.2987121750634493e-09
-1.3223093308335266e-09
1.370213009926003e-09
-1.2545450637958835e-09
1.4419005953179713e-09
-1.1850702038359204e-09
1.5136686435698308e-09
-1.113845806806874e-09
1.585404034908968e-09
-1.0408383625965338e-09
1.6569868661085199e-09
-9.6602068429611044e-10
1.7282905644518108e-09
-8.8937283651103938e-10
1.7991820727682895e-09
-8.108830953862089e-10
1.8695221104546744e-09
-7.3054893134845424e-10
1.9391655141947116e-09
-6.4837800395005199e-10
2.0079616604686869e-09
-5.6438915657817201e-10
2.0757549698540829e-09
-4.7861339721447178e-10
2.1423854905269265e-09
-3.9109484994453329e-10
2.2076895552322757e-09
-3.0189166059536809e-10
2.2715005022723491e-09
-2.1107683861772636e-10
2.3336494464453579e-09
-1.1873901495740958e-10
2.3939660798160512e-09
-2.4983095113992924e-11
2.4522794810212536e-09
7.0069153858532456e-11
2.5084189593647102e-09
1.6627881524092526e-10
2.5622145839364455e-09
2.6348947164524952e-10
2.6134980914912161e-09
3.6152718955207289e-10
2.6621031337550412e-09
4.6020063555272644e-10
2.707865587408657e-09
5.5930139713168004e-10
2.7506235013935591e-09
6.5860451380212381e-10
2.7902166717244091e-09
7.5786922171679726e-10
2.8264857574161272e-09
8.5683991149502093e-10
2.8592708340246956e-09
9.5524729427248931e-10
2.8884092729473796e-09
1.0528097656168276e-09
2.9137328236347828e-09
1.1492349511551388e-09
2.9350637642040311e-09
1.2442214117877494e-09
2.9522099741275876e-09
1.3374604802892652e-09
2.9649587707454363e-09
1.4286381949855976e-09
2.9730693394506432e-09
1.5174372901429383e-09
2.9762635758989229e-09
1.6035391967603215e-09
2.974215147970604e-09
1.6866260016840766e-09
2.9665365762517647e-09
1.7663823074195044e-09
2.9527641256400009e-09
1.8424969298070483e-09
2.9323402989379596e-09
2.9045937282717753e-09
-2.430874581497692e-09
-8.0469008033295471e-11
-2.3866693546377566e-09
-2.7562498660409085e-11
-2.3418299819250952e-09
2.6466446793936809e-11
-2.2963251982688191e-09
8.1603871952913707e-11
-2.2501216305417931e-09
1.3783505228045983e-10
-2.2031838552076899e-09
1.9514389697115728e-10
-2.1554744550783169e-09
2.5351243281653438e-10
-2.1069540824456017e-09
3.1292035650001824e-10
-2.0575815338831053e-09
3.7334463738776075e-10
-2.0073138412860416e-09
4.3475915844236544e-10
-1.9561063834052315e-09
4.9713438598888399e-10
-1.9039130217840062e-09
5.60437061458087e-10
-1.8506862647348768e-09
6.2462991033371067e-10
-1.7963774627530107e-09
6.8967136526005766e-10
-1.7409370385367517e-09
7.5551530172436991e-10
-1.6843147545614902e-09
8.2211078597560147e-10
-1.6264600209093921e-09
8.8940183591954221e-10
-1.5673222457752526e-09
9.5732719666464148e-10
-1.5068512307481178e-09
1.0258201332345442e-09
-1.4449976125719926e-09
1.0948082436892494e-09
-1.3817133526295824e-09
1.1642132965530375e-09
-1.3169522748400092e-09
1.2339510970030266e-09
-1.25067065202166e-09
1.3039313867413853e-09
-1.1828278400229204e-09
1.374057782825894e-09
-1.1133869580808722e-09
1.4442277609658831e-09
-1.0423156129142845e-09
1.5143326888577987e-09
-9.6958666300872779e-10
1.5842579150257222e-09
-8.95179018412869e-10
1.6538829182963895e-09
-8.1907847014364326e-10
1.723081522442965e-09
-7.4127854202635961e-10
1.7917221796403581e-09
-6.6178135648061856e-10
1.8596683251298435e-09
-5.8059850445180021e-10
1.9267788038729885e-09
-4.9775190840626077e-10
1.9929083679149129e-09
-4.1327466610128899e-10
2.0579082406592977e-09
-3.2721186174350856e-10
2.121626741226209e-09
-2.3962133020291648e-10
2.1839099584948357e-09
-1.5057435978563238e-10
2.2446024606002557e-09
-6.0156321600988324e-11
2.3035480222977173e-09
3.1532793125047863e-11
2.3605903422142945e-09
1.2437806216406338e-10
2.4155736605165171e-09
2.1824905464767196e-10
2.4683435547823138e-09
3.129999472960373e-10
2.5187471540149371e-09
4.0846938997983381e-10
2.5666336366187271e-09
5.0448065577693748e-10
2.6118542558911782e-09
6.0084195389850074e-10
2.6542621244640289e-09
6.9734690871261018e-10
2.6937116230239076e-09
7.937752098502897e-10
2.7300573451634352e-09
8.8989343105247596e-10
2.7631524821891966e-09
9.8545601095877454e-10
2.7928465404889293e-09
1.0802063847684794e-09
2.8189822728810611e-09
1.1738782511924286e-09
2.8413916939479624e-09
1.2661969544958463e-09
2.8598910376448644e-09
1.3568809567869229e-09
2.8742745035781919e-09
1.4456433710592692e-09
2.8843066264493078e-09
1.5321935209061876e-09
2.8897130916042505e-09
1.6162384882920421e-09
2.8901698089506423e-09
1.6974846063240196e-09
2.8852900484498752e-09
1.7756388496383996e-09
2.8746094341197697e-09
1.8504100708770101e-09
2.8575685915484071e-09
2.8334932485424016e-09
-2.3778748014385532e-09
-1.2516973503394276e-10
-2.3325740230993536e-09
-7.286327500325456e-11
-2.2866464038063252e-09
-1.9461170939763778e-11
-2.2400631547463838e-09
3.5020624102256381e-11
-2.1927935674123539e-09
9.0565465877380734e-11
-2.1448050759424464e-09
1.4715540621239505e-10
-2.0960633247317268e-09
2.0477068214450662e-10
-2.0465322393848998e-09
2.6338927155732825e-10
-1.9961741083803407e-09
3.2298650668293264e-10
-1.9449496797509142e-09
3.8353473003188822e-10
-1.8928182768310234e-09
4.4500298322556588e-10
-1.839737936734365e-09
5.073567214696318e-10
-1.7856655749119133e-09
5.7055754858155357e-10
-1.7305571788502071e-09
6.3456296923818633e-10
-1.6743680337014992e-09
6.993261565899544e-10
-1.6170529823688033e-09
7.6479573463425021e-10
-1.5585667222861667e-09
8.3091557580569769e-10
-1.4988641408280388e-09
8.9762461515099151e-10
-1.4379006909276944e-09
9.6485668325012354e-10
-1.3756328080835475e-09
1.0325403607255218e-09
-1.3120183694638746e-09
1.1005988577679515e-09
-1.247017195282034e-09
1.1689499225954436e-09
-1.1805915919984651e-09
1.2375057831521004e-09
-1.1127069362057258e-09
1.3061731266212504e-09
-1.0433322972725744e-09
1.374853121480092e-09
-9.7244109596057757e-10
1.4434414868074068e-09
-9.0001179529387753e-10
1.511828613376607e-09
-8.2602861896208494e-10
1.5798997406634898e-09
-7.5048229149282561e-10
1.6475351932587557e-09
-6.7337079334817723e-10
1.7146106792466666e-09
-5.9470012302117776e-10
1.7809976518687257e-09
-5.1448505714528893e-10
1.8465637341896867e-09
-4.327498986296472e-10
1.9111732044857714e-09
-3.4952920192271442e-10
1.9746875376469099e-09
-2.6486846373427886e-10
2.0369659949919891e-09
-1.7882476696033155e-10
2.0978662515136028e-09
-9.1467365123294882e-11
2.1572450458892431e-09
-2.878192921414712e-12
2.2149588339542529e-09
8.6847711799165136e-11
2.2708644173757947e-09
1.7760182749695436e-10
2.3248195198957771e-09
2.6926203602723138e-10
2.3766833155640057e-09
3.6169240994204411e-10
2.4263167425450775e-09
4.5474328256779651e-10
2.473582718318543e-09
5.4825139761779994e-10
2.5183460856383848e-09
6.4204019922495612e-10
2.5604732565578314e-09
7.3592026147487192e-10
2.5998314816537384e-09
8.2968985453392811e-10
2.6362876582882847e-09
9.2313564240178466e-10
2.6697065837992641e-09
1.0160335040486396e-09
2.6999485494899632e-09
1.1081494661898575e-09
2.7268661603501e-09
1.1992407323684332e-09
2.7503002540907824e-09
1.2890567894303758e-09
2.7700747813711833e-09
1.3773405689220691e-09
2.785990497166164e-09
1.4638296374439401e-09
2.797817301265567e-09
1.5482573865658821e-09
2.8052850542748454e-09
1.6303541895530705e-09
2.8080726847342745e-09
1.709848488854898e-09
2.8057953938612939e-09
1.7864677750887288e-09
2.7979897580713249e-09
1.8599394151538286e-09
2.7840965273751168e-09
2.7634409221094074e-09
-2.3254684252695196e-09
-1.7094381164369517e-10
-2.279100778822962e-09
-1.1923091926868755e-10
-2.2321151260393322e-09
-6.6446822017001923e-11
-2.1844851911041505e-09
-1.2609309507167939e-11
-2.1361829425030029e-09
4.2263218299014412e-11
-2.0871786714492749e-09
9.8151135941922733e-11
-2.0374410608119929e-09
1.5503307210232803e-10
-1.9869372648176334e-09
2.1288547601116696e-10
-1.9356329950780847e-09
2.7168223727751222e-10
-1.8834926209759252e-09
3.3139435617560774e-10
-1.8304792875833724e-09
3.9198965001082454e-10
-1.7765550546242115e-09
4.5343248863570153e-10
-1.7216810595791631e-09
5.1568355362080055e-10
-1.665817707701997e-09
5.7869961741289e-10
-1.6089248914033604e-09
6.4243334031661001e-10
-1.5509622411598448e-09
7.0683308439292927e-10
-1.4918894097951336e-09
7.7184274442141479e-10
-1.4316663916479704e-09
8.3740159696177948e-10
-1.3702538777773264e-09
9.0344416931192811e-10
-1.3076136479447142e-09
9.699001307944258e-10
-1.2437089996540037e-09
1.0366942093394338e-09
-1.1785052140078465e-09
1.1037461367602293e-09
-1.1119700575536258e-09
1.1709706264411843e-09
-1.0440743186469696e-09
1.2382773873683091e-09
-9.7479237613881205e-10
1.3055711785070878e-09
-9.0410279742241523e-10
1.372751907469741e-09
-8.3198896204722493e-10
1.4397147771747578e-09
-7.5843970624193006e-10
1.5063504837633384e-09
-6.8344998279119583e-10
1.5725454683648678e-09
-6.0702152981119668e-10
1.6381822243738982e-09
-5.2916354107895e-10
1.7031396606668479e-09
-4.4989332972703203e-10
1.7672935196325204e-09
-3.6923697634472563e-10
1.8305168469660765e-09
-2.8722995186209495e-10
1.8926805078530921e-09
-2.0391770506837929e-10
1.9536537414184285e-09
-1.1935620423919325e-10
2.0133047420789014e-09
-3.3612422174051418e-11
2.0715012529639434e-09
5.3235243917551867e-11
2.1281111542364212e-09
1.4109663698536402e-10
2.1830030073110711e-09
2.2986956922047368e-10
2.2360465665842658e-09
3.1943968717188815e-10
2.2871131716329735e-09
4.096803956238931e-10
2.3360760022615342e-09
5.0045291057838309e-10
2.3828101645981989e-09
5.916064212476675e-10
2.4271925280460981e-09
6.8297836235522421e-10
2.4691012590028726e-09
7.7439479759036376e-10
2.5084149789346582e-09
8.6567091044109405e-10
2.5450114652643267e-09
9.5661159570822484e-10
2.5787658038859573e-09
1.0470121422217429e-09
2.6095478919591614e-09
1.1366589943920037e-09
2.6372191788027328e-09
1.2253305773433302e-09
2.6616285213562909e-09
1.3127981675615272e-09
2.6826070189025651e-09
1.3988267882622201e-09
2.6999616797251282e-09
1.4831761060761392e-09
2.7134677603025997e-09
1.5656013031458711e-09
2.7228596059102796e-09
1.6458538963224415e-09
2.7278198106530839e-09
1.7236824728297344e-09
2.7279665057542391e-09
1.7988333095197618e-09
2.7228385784998372e-09
1.8710508407137329e-09
2.7118786220660763e-09
2.6944134205876836e-09
-2.2736483949973355e-09
-2.177660980725366e-10
-2.2262403240443438e-09
-1.6663898784197367e-10
-2.1782244294013231e-09
-1.1446271479538576e-10
-2.1295769750883763e-09
-6.1256762368901404e-11
-2.0802726222194004e-09
-7.0411334481751361e-12
-2.0302845093692985e-09
4.8163023952857212e-11
-1.9795843335287901e-09
1.0433289691781821e-10
-1.9281424298714394e-09
1.614435728495655e-10
-1.8759278625832798e-09
2.194676703605289e-10
-1.8229085269408269e-09
2.7837502080798053e-10
-1.7690512676284143e-09
3.3813239089892726e-10
-1.7143220164436865e-09
3.9870323759419181e-10
-1.6586859522574004e-09
4.6004748953339912e-10
-1.6021076857419071e-09
5.2212135096150024e-10
-1.544551471040387e-09
5.8487712565119459e-10
-1.4859814462198602e-09
6.4826305958485343e-10
-1.4263619040185189e-09
7.1222320221110138e-10
-1.3656575940507837e-09
7.766972869637878e-10
-1.303834057261129e-09
8.4162063246882936e-10
-1.2408579930097295e-09
9.0692406646223294e-10
-1.1766976587223509e-09
9.7253387493711561e-10
-1.1113233015408731e-09
1.0383717794197777e-09
-1.0447076208617718e-09
1.1043549455453478e-09
-9.7682626004793875e-10
1.1703960262614941e-09
-9.0765832495048748e-10
1.2364032430158802e-09
-8.3718692618107157e-10
1.302280508173696e-09
-7.6539974135110114e-10
1.3679275916437455e-09
-6.9228959274703324e-10
1.4332403342304228e-09
-6.1785503515199763e-10
1.4981109095450627e-09
-5.4210094777149128e-10
1.5624281353864526e-09
-4.650391235031911e-10
1.6260778343010342e-09
-3.8668884812698695e-10
1.6889432415328272e-09
-3.0707746140828512e-10
1.7509054567301258e-09
-2.2624089164865241e-10
1.8118439335758294e-09
-1.4422415491786285e-10
1.8716369989172072e-09
-6.108181016632968e-11
1.9301623899979105e-09
2.3121638697809777e-11
1.9872977948426022e-09
1.0831140834482825e-10
2.0429213729640139e-09
1.944021509270982e-10
2.0969122502131895e-09
2.812977753164939e-10
2.1491509241753568e-09
3.6889133358239307e-10
2.1995195911282887e-09
4.5706499534585129e-10
2.2479023132133425e-09
5.4569011730478565e-10
2.2941850093619197e-09
6.3462740430920827e-10
2.3382552006978235e-09
7.2372716144102504e-10
2.3800014532545422e-09
8.128296342595438e-10
2.4193124478865063e-09
9.0176543179811766e-10
2.4560755984099937e-09
9.9035602433070754e-10
2.4901751293523513e-09
1.0784143054420388e-09
2.5214895144487099e-09
1.1657452054906179e-09
2.5498881661495935e-09
1.2521463411924746e-09
2.5752272549698227e-09
1.3374086837971618e-09
2.5973445256277538e-09
1.4213172262453115e-09
2.6160529647318845e-09
1.5036516277518737e-09
2.6311331625607847e-09
1.5841868124847957e-09
2.6423241995820791e-09
1.6626934973733906e-09
2.6493128773693281e-09
1.7389386225606168e-09
2.6517211042618528e-09
1.8126856566188992e-09
2.6490912395616147e-09
1.883694747386302e-09
2.6408691977571609e-09
2.6263851181672054e-09
-2.2224063225684365e-09
-2.6561356429906109e-10
-2.1739819941062101e-09
-2.1506331371123822e-10
-2.1249612027677795e-09
-1.6348350409902385e-10
-2.0753227787414817e-09
-1.1089518480889801e-10
-2.0250440839230904e-09
-5.7319827038093056e-11
-1.9741010984102622e-09
-2.7799606150393251e-12
-1.9224685040598792e-09
5.270030328914529e-11
-1.8701197692859857e-09
1.0909483862272886e-10
-1.8170272402800511e-09
1.6637514176575736e-10
-1.7631622438914943e-09
2.2451002472537877e-10
-1.7084952048019176e-09
2.834653520341894e-10
-1.6529957804980593e-09
3.4320381345270971e-10
-1.5966330166920314e-09
4.0368472584157681e-10
-1.5393755254808545e-09
4.6486385982701789e-10
-1.4811916881715204e-09
5.2669328838878994e-10
-1.4220498843475428e-09
5.8912125578325757e-10
-1.3619187484039372e-09
6.5209206626833947e-10
-1.300767454421364e-09
7.1554599296152011e-10
-1.2385660298734932e-09
7.794192078797454e-10
-1.1752856982606071e-09
8.4364373478351079e-10
-1.1108992503286433e-09
9.0814742690930327e-10
-1.0453814430611082e-09
9.7285397201816509e-10
-9.7870942511945816e-10
1.0376829274198441e-09
-9.108631868581466e-10
1.1025497877508688e-09
-8.4182603244587606e-10
1.1673660882679194e-09
-7.7158507100511841e-10
1.2320395462834695e-09
-7.0013172305325501e-10
1.2964742430930209e-09
-6.2746223788940966e-10
1.360570848272526e-09
-5.5357821693205297e-10
1.4242268875400016e-09
-4.7848713739321562e-10
1.4873370544721007e-09
-4.0220287009808561e-10
1.5497935652092996e-09
-3.2474618474476159e-10
1.611486553845156e-09
-2.4614523547639471e-10
1.6723045044448779e-09
-1.6643601934114906e-10
1.7321347135626698e-09
-8.5662800082073602e-11
1.7908637747006342e-09
-3.8784895335842624e-12
1.8483780731467554e-09
7.8855021293936939e-11
1.9045642760468835e-09
1.6246658404375863e-10
1.959309800196782e-09
2.4687558551154096e-10
2.0125032362229529e-09
3.3199179918648427e-10
2.0640346949355389e-09
4.1771531754047856e-10
2.1137960535386719e-09
5.0393655384951293e-10
2.1616810532694453e-09
5.9053632343292719e-10
2.207585210907139e-09
6.7738600068386758e-10
2.2514054883854491e-09
7.6434774962980231e-10
2.2930396619816397e-09
8.5127482342789815e-10
2.3323853232951078e-09
9.3801192598004498e-10
2.3693384352720268e-09
1.0243956266038297e-09
2.4037913569026717e-09
1.1102548165045164e-09
2.4356302399224399e-09
1.1954111936781804e-09
2.4647316898942986e-09
1.2796797608876298e-09
2.490958572492542e-09
1.3628693195378831e-09
2.5141548337508892e-09
1.444782940641609e-09
2.5341391906691258e-09
1.5252183926495063e-09
2.5506975361394824e-09
1.6039685046953676e-09
2.5635738900632477e-09
1.6808214427786945e-09
2.5724597173444301e-09
1.7555608755546306e-09
2.5769814239574166e-09
1.8279660057077448e-09
2.5766858355769435e-09
1.8978114423881617e-09
2.5710234607579632e-09
2.5593293443035751e-09
-2.1717326557920985e-09
-3.1446533677007785e-10
-2.122313926043633e-09
-2.644820406378736e-10
-2.0723111167950964e-09
-2.134863111298998e-10
-2.0217056493438281e-09
-1.6150065052853769e-10
-1.9704775951143905e-09
-1.0854787992413642e-10
-1.9186057668402278e-09
-5.4651787853785731e-11
-1.8660678043100995e-09
1.6234155164432598e-13
-1.8128402611987804e-09
5.5867296113829868e-11
-1.7588986970547618e-09
1.124335780760229e-10
-1.7042177786400292e-09
1.6982910665015185e-10
-1.6487713950448001e-09
2.2801896868993003e-10
-1.5925327886333968e-09
2.8696520722414126e-10
-1.535474704806251e-09
3.4662664214483435e-10
-1.4775695625910128e-09
4.0695871770159662e-10
-1.4187896477867359e-09
4.6791337364245996e-10
-1.35910733001456e-09
5.2943893804320698e-10
-1.2984953046640334e-09
5.9148004092796728e-10
-1.2369268603627899e-09
6.5397754865019592e-10
-1.174376172221544e-09
7.1686851970807674e-10
-1.1108186207161394e-09
7.8008618322515021e-10
-1.0462311356505083e-09
8.4355994176395146e-10
-9.8059256420403178e-10
9.072154004584152e-10
-9.1388406159153907e-10
9.7097442465081023e-10
-8.4608950236037752e-10
1.0347552283064545e-09
-7.7719590981035348e-10
1.0984724954300304e-09
-7.0719390045996352e-10
1.162037536547002e-09
-6.3607813994982325e-10
1.2253584820678422e-09
-5.6384780623440774e-10
1.2883405138734985e-09
-4.9050705537960312e-10
1.3508861357823707e-09
-4.1606548477903554e-10
1.4128954826852107e-09
-3.4053858814091097e-10
1.4742666670202901e-09
-2.639481962121277e-10
1.5348961598994638e-09
-1.8632289691063543e-10
1.5946792025343171e-09
-1.0769842836553092e-10
1.6535102416605655e-09
-2.8118038357048822e-11
1.7112833803961886e-09
5.2367195969631653e-11
1.7678928333524722e-09
1.3369809644626735e-10
1.8232333686497325e-09
2.158071593098717e-10
1.8772007286221072e-09
2.9861839319209041e-10
1.9296919914369386e-09
3.8204721313532401e-10
1.9806058614203523e-09
4.6600040016176609e-10
2.0298428497145133e-09
5.5037612399331749e-10
2.0773053087658057e-09
6.3506403081499876e-10
2.1228972787909598e-09
7.1994539333671168e-10
2.1665240950917068e-09
8.0489331932599483e-10
2.2080916987743496e-09
8.8977301277960902e-10
2.2475055850915328e-09
9.744420798585256e-10
2.2846693147062488e-09
1.0587508696754472e-09
2.319482503540225e-09
1.1425428380454861e-09
2.3518381965163614e-09
1.2256549204497879e-09
2.3816195194340685e-09
1.3079178987506515e-09
2.4086954915080898e-09
1.3891567446868804e-09
2.432915868844829e-09
1.4691909218919423e-09
2.4541048765354808e-09
1.5478346271371831e-09
2.4720536743684731e-09
1.6248969507035288e-09
2.4865113888300098e-09
1.7001819352334052e-09
2.4971745326316343e-09
1.7734885120868942e-09
2.5036746232894986e-09
1.8446102941278907e-09
2.5055638053416861e-09
1.9133352040089226e-09
2.5022982780487791e-09
2.4932193337617543e-09
-2.1216168312343029e-09
-3.6430274322746424e-10
-2.0712232131534903e-09
-3.1487565565133234e-10
-2.0202587796224977e-09
-2.6445074224678864e-10
-1.9687075682670443e-09
-2.1305185999602808e-10
-1.916552369492298e-09
-1.6070307723170447e-10
-1.8637748206730843e-09
-1.0742933554006579e-10
-1.8103554939189186e-09
-5.3256984333393087e-11
-1.7562739828874155e-09
1.7857857445346058e-12
-1.7015089943775936e-09
5.7668590067047745e-11
-1.6460384477091414e-09
1.143585603574025e-10
-1.5898395860307794e-09
1.7182010729065521e-10
-1.5328891025120238e-09
2.3001472391015441e-10
-1.4751632835150112e-09
2.8890082329545151e-10
-1.4166381708593314e-09
3.4843360514951273e-10
-1.3572897447049868e-09
4.0856494755738043e-10
-1.2970941282147752e-09
4.6924332159489017e-10
-1.2360278147900833e-09
5.3041372752237766e-10
-1.1740679183070534e-09
5.9201765216602203e-10
-1.1111924464105181e-09
6.5399304779076703e-10
-1.0473805965427996e-09
7.1627433331575576e-10
-9.8261307398927331e-10
7.7879241914451573e-10
-9.1687243080919836e-10
8.4147475718265685e-10
-8.5014342408638406e-10
9.0424541779429387e-10
-7.8241339147724293e-10
9.6702519551416401e-10
-7.1367264153442154e-10
1.0297317452391091e-09
-6.4391485575864407e-10
1.0922797504377281e-09
-5.7313749890414211e-10
1.1545811247677086e-09
-5.0134223361864682e-10
1.2165452479957116e-09
-4.2853533505746e-10
1.2780792364380514e-09
-3.5472810069650271e-10
1.3390882472940259e-09
-2.799372502139417e-10
1.3994758151894577e-09
-2.0418531002337909e-10
1.4591442179535781e-09
-1.2750097685242055e-10
1.5179948670901104e-09
-4.9919454705095503e-11
1.5759287165849315e-09
2.8517239825118908e-11
1.6328466821140804e-09
1.0776001332441994e-10
1.6886500550720581e-09
1.8775246565718088e-10
1.7432409102573907e-09
2.6843071763884698e-10
1.7965224690025546e-09
3.4972328230343929e-10
1.848399417198038e-09
4.3155099181984909e-10
1.8987781399686812e-09
5.1382697934008013e-10
1.9475668473986646e-09
5.9645671548952732e-10
1.9946755543776303e-09
6.7933809864383673e-10
2.0400158732804335e-09
7.623615957250963e-10
2.083500570763055e-09
8.4541042860504017e-10
2.1250428328762364e-09
9.2836079933741968e-10
2.1645551745798364e-09
1.0110821455380987e-09
2.2019479208614533e-09
1.0934374153431262e-09
2.237127177010056e-09
1.1752833495647929e-09
2.269992195164536e-09
1.2564707569827962e-09
2.3004320330592665e-09
1.3368447671997143e-09
2.3283213890048602e-09
1.4162450441985587e-09
2.3535154846702192e-09
1.4945059427036689e-09
2.3758438543815305e-09
1.571456588676212e-09
2.3951028867107485e-09
1.6469208647997356e-09
2.4110469514983973e-09
1.7207172816136721e-09
2.4233779337475811e-09
1.7926587150451862e-09
2.431732985820644e-09
1.8625519914680011e-09
2.4356703021475923e-09
1.9301973021009988e-09
2.4346527176069716e-09
2.428028933711501e-09
-2.0720474142462257e-09
-4.1510935700657866e-10
-2.0206960453420238e-09
-3.6622702122491195e-10
-1.9687878772697149e-09
-3.1635890769409279e-10
-1.9163095908315196e-09
-2.6553014437819193e-10
-1.8632467066840751e-09
-2.1376595977871166e-10
-1.8095836815101521e-09
-1.6109235947592137e-10
-1.755303996449777e-09
-1.0753666844209122e-10
-1.7003902436341593e-09
-5.3127966344325424e-11
-1.6448242153618785e-09
2.1025623459152404e-12
-1.5885870011335034e-09
5.8121346543800836e-11
-1.5316590942610114e-09
1.1489220072759318e-10
-1.4740205123065919e-09
1.7237614218405716e-10
-1.4156509330774977e-09
2.3053124423240503e-10
-1.3565298480084419e-09
2.8931252019862231e-10
-1.296636734420244e-09
3.4867183405023758e-10
-1.2359512476410058e-09
4.0855783486747249e-10
-1.1744534336230182e-09
4.6891591353232834e-10
-1.1121239623183e-09
5.2968818086862052e-10
-1.0489443817143965e-09
5.9081346717493078e-10
-9.8489739206267509e-10
6.5222734363230969e-10
-9.199671394602767e-10
7.138621664881738e-10
-8.5413952756175454e-10
7.7564714520348457e-10
-7.8740254580847274e-10
8.3750843592668475e-10
-7.1974661215398195e-10
8.9936926170182472e-10
-6.5116492779355516e-10
9.6115006066392845e-10
-5.8165384085119904e-10
1.0227686632058386e-09
-5.1121321570714635e-10
1.084140499235982e-09
-4.398468042994955e-10
1.1451788360719736e-09
-3.675626153592545e-10
1.2057950468144526e-09
-2.9437327720410158e-10
1.2658989082387166e-09
-2.2029638943973364e-10
1.3253989262455047e-09
-1.4535485872672611e-10
1.3842026857029078e-09
-6.9577213683992812e-11
1.4422172200534824e-09
7.0021060140273151e-12
1.4993493943150741e-09
8.4342492761058955e-11
1.5555062920674465e-09
1.6239694383853336e-10
1.6105955997839531e-09
2.4111188210581309e-10
1.6645259666459148e-09
3.204270120873799e-10
1.7172073322747475e-09
4.0027522476953711e-10
1.768551196046122e-09
4.805825486363516e-10
1.8184708055264291e-09
5.6126814831303627e-10
1.8668812345900182e-09
6.4224436976079888e-10
1.9136993167136329e-09
7.2341682981951179e-10
1.9588433933084803e-09
8.0468454608597124e-10
2.0022328301809727e-09
8.8594010141720128e-10
2.0437872480220974e-09
9.6706983556540818e-10
2.0834254047917087e-09
1.0479540546511377e-09
2.1210636590009018e-09
1.1284672474055783e-09
2.1566139332193791e-09
1.2084782954239521e-09
2.1899810866167589e-09
1.287850663121185e-09
2.2210595940104642e-09
1.3664425517097344e-09
2.2497294168306332e-09
1.4441070003857596e-09
2.2758509387008336e-09
1.5206919170352729e-09
2.2992588252262552e-09
1.59604002020599e-09
2.3197546543266528e-09
1.6699886738296417e-09
2.3370981505211477e-09
1.7423695962569442e-09
2.3509968445236517e-09
1.8130084255761679e-09
2.3610939691719867e-09
1.8817241239421266e-09
2.3669543951445169e-09
1.948328204769601e-09
2.3680484064968525e-09
2.3637331185923292e-09
-2.0230122264649926e-09
-4.6687104204879955e-10
-1.9707178356686981e-09
-4.1852140840840859e-10
-1.9178812989141273e-09
-3.6919544159724769e-10
-1.8644919699096234e-09
-3.1891947114598392e-10
-1.8105381139984681e-09
-2.6771981394599518e-10
-1.7560070053421641e-09
-2.1562346678086922e-10
-1.7008850150847218e-09
-1.6265865765879017e-10
-1.645157696361307e-09
-1.0885528427126979e-10
-1.5888098711164877e-09
-5.4245262293421544e-11
-1.5318257225693907e-09
1.1371984537102929e-12
-1.4741888975114413e-09
5.7255376011816919e-11
-1.4158826199443206e-09
1.1406986487065536e-10
-1.356889819378641e-09
1.715384438525391e-10
-1.2971932750402369e-09
2.2961597599389834e-10
-1.236775777316449e-09
2.8825433641989444e-10
-1.1756203073699853e-09
3.4740236498301938e-10
-1.1137102354072038e-09
4.07005841606327e-10
-1.0510295377333221e-09
4.6700748321024553e-10
-9.8756303236715693e-10
5.2734696180505166e-10
-9.2329663263820487e-10
5.8796094388060147e-10
-8.5821761783555062e-10
6.4878315164208977e-10
-7.9231491962981168e-10
7.0974444693006158e-10
-7.2557942264651153e-10
7.7077293884560099e-10
-6.5800427723623711e-10
8.3179411615520954e-10
-5.8958522202254142e-10
8.9273100526365711e-10
-5.2032091306308676e-10
9.5350435399395846e-10
-4.5021325650163676e-10
1.0140328423357127e-09
-3.7926774133003109e-10
1.074233320448407e-09
-3.074937685406288e-10
1.1340210734256109e-09
-2.3490497267061371e-10
1.1933101115778675e-09
-1.6151953153087645e-10
1.2520134840679734e-09
-8.7360459790036903e-11
1.3100436126073003e-09
-1.2455881993896481e-11
1.3673126404981189e-09
6.3160719356989193e-11
1.4237327906917815e-09
1.3945028393329182e-10
1.4792167245714427e-09
2.1636798802824961e-10
1.5336778919575849e-09
2.9386309318771882e-10
1.5870308567431574e-09
3.7187883455339463e-10
1.6391915849118808e-09
4.5035234933997649e-10
1.6900776737178451e-09
5.2921464659980617e-10
1.739608498834004e-09
6.0839061795409332e-10
1.7877052515024317e-09
6.8779908760416557e-10
1.8342908325483859e-09
7.6735289858802062e-10
1.8792895644671522e-09
8.4695903061870169e-10
1.9226266763031496e-09
9.2651874318372511e-10
1.9642275088791196e-09
1.0059277358773768e-09
2.0040163799485554e-09
1.0850763162136501e-09
2.041915039999333e-09
1.1638495634800007e-09
2.0778406397227653e-09
1.2421274755942308e-09
2.1117031195554027e-09
1.3197850844592948e-09
2.1434019202332568e-09
1.3966925240412919e-09
2.1728219010393017e-09
1.4727150343537138e-09
2.1998283394849745e-09
1.5477128837747201e-09
2.2242608727738355e-09
1.6215411916751759e-09
2.2459262278339427e-09
1.6940496332393387e-09
2.264589573422173e-09
1.765082008615781e-09
2.2799643154034879e-09
1.8344756591865859e-09
2.2917001455780144e-09
1.9020607147882318e-09
2.2993691464647176e-09
1.9676591571995012e-09
2.3024497505921227e-09
2.3003083548974103e-09
-1.9744984610545899e-09
-5.1957599982605255e-10
-1.9212733334196938e-09
-4.7174653212814691e-10
-1.8675212474996966e-09
-4.2294752442287165e-10
-1.8132342637190854e-09
-3.7320645249569878e-10
-1.7584034108820832e-09
-3.2255066488474784e-10
-1.7030187834592725e-09
-2.7100809273020381e-10
-1.6470696286157198e-09
-2.1860781136547992e-10
-1.5905444289155222e-09
-1.6538048309969473e-10
-1.5334309856729574e-09
-1.1135870487176567e-10
-1.4757165070742495e-09
-5.6577279642319794e-11
-1.4173877042777196e-09
-1.0734264071467849e-12
-1.3584308987700057e-09
5.5113059644096824e-11
-1.298832142240313e-09
1.1193968752992824e-10
-1.2385773514333014e-09
1.6936118533715045e-10
-1.1776524588058603e-09
2.2732944389903479e-10
-1.1160435798196172e-09
2.8579348606940713e-10
-1.0537371972833301e-09
3.4469945911578521e-10
-9.9072036276314536e-10
4.0399064871360787e-10
-9.2698091473073708e-10
4.6360751377672194e-10
-8.6250771278277422e-10
5.2348774191809854e-10
-7.9729088693586481e-10
5.8356632576111933e-10
-7.3132210068034981e-10
6.4377566061818053e-10
-6.6459482620108576e-10
7.0404566428280224e-10
-5.9710462998252186e-10
7.6430391981868173e-10
-5.2884946656309858e-10
8.244758416816706e-10
-4.5982997679633643e-10
8.8448486400628951e-10
-3.9004978780429224e-10
9.442526530462981e-10
-3.1951581160167168e-10
1.0036993438482408e-09
-2.4823853898938394e-10
1.0627438002850694e-09
-1.7623232506613869e-10
1.1213038969565435e-09
-1.0351566255517944e-10
1.1792968206394645e-09
-3.0111439068726847e-11
1.2366393879212171e-09
4.3952825531845413e-11
1.2932483743373423e-09
1.1864476583658296e-10
1.3490408483686307e-09
1.9392698367985359e-10
1.4039345041307513e-09
2.69756892768223e-10
1.4578479795444334e-09
3.4608659504089314e-10
1.510701150237237e-09
4.2286279231467071e-10
1.5624153822768988e-09
5.0002673389221761e-10
1.6129137253868921e-09
5.7751420028948809e-10
1.6621210239753715e-09
6.5525552212157782e-10
1.7099639191263011e-09
7.3317563188340135e-10
1.7563707097186447e-09
8.1119414498040071e-10
1.801271035262899e-09
8.8922546483174216e-10
1.844595336707959e-09
9.6717890526759246e-10
1.8862740443767517e-09
1.0449588217947402e-09
1.9262364342513164e-09
1.1224647416475404e-09
1.9644090849926797e-09
1.1995914809174111e-09
2.0007138583338337e-09
1.2762292355175366e-09
2.0350653147892844e-09
1.3522636313339878e-09
2.0673674650271723e-09
1.4275757177004351e-09
2.0975097447985291e-09
1.5020418873487828e-09
2.1253620881495806e-09
1.575533705295674e-09
2.1507689599577757e-09
1.6479176287517359e-09
2.1735421949514336e-09
1.7190546001313668e-09
2.193452476725527e-09
1.788799495630909e-09
2.2102192774665128e-09
1.8570004126485172e-09
2.2234990679540815e-09
1.923497780584618e-09
2.232871598983178e-09
1.988123281316592e-09
2.237824051001904e-09
2.2377328502602785e-09
-1.9264927859401155e-09
-1.8723467240132242e-09
-1.8176893360234085e-09
-1.7625154281518005e-09
-1.706818816879668e-09
-1.6505924255317528e-09
-1.5938283693727897e-09
-1.5365180352707695e-09
-1.4786521609437797e-09
-1.4202209179320857e-09
-1.3612140016750365e-09
-1.3016207313095841e-09
-1.2414301616234222e-09
-1.1806312082378589e-09
-1.1192127876129542e-09
-1.0571639723716466e-09
-9.944741622635569e-10
-9.3113327072214104e-10
-8.6713192659459389e-10
-8.0246169030224882e-10
-7.3711528338074413e-10
-6.7108683004475972e-10
-6.0437210923056615e-10
-5.369688157134241e-10
-4.6887682861629411e-10
-4.0009848216104631e-10
-3.3063883653939908e-10
-2.6050594641207262e-10
-1.897111239336821e-10
-1.182691929489183e-10
-4.6198730915904674e-11
2.6477704770014808e-11
9.9733370476725507e-11
1.7353715059440136e-10
2.4785339944683106e-10
3.2264180973364069e-10
3.9785731143719335e-10
4.7345000208122722e-10
5.4936510896352653e-10
6.2554298293932926e-10
7.0191912225959336e-10
7.7842422372225234e-10
8.5498425703925427e-10
9.3152055685043901e-10
1.0079499252697668e-09
1.0841847362541747e-09
1.1601330314796665e-09
1.2356985958368936e-09
1.3107809991603331e-09
1.3852755894380869e-09
1.4590734215622786e-09
1.5320611047239285e-09
1.6041205508849743e-09
1.6751286064211439e-09
2.10253403800119e-09
1.7449565490664023e-09
2.123624417712406e-09
1.8134694327463408e-09
2.1417062612716718e-09
1.8805252638008096e-09
2.156443087213578e-09
1.9459739935089244e-09
2.1674227016577171e-09
2.0096563137862627e-09
2.1741415447959985e-09
2.1759867144503207e-09
1.7031354673527694e-09
1.7717108967604308e-09
1.8390419361868715e-09
1.9049957434056047e-09
1.9694310951580038e-09
2.0321970741712337e-09
)
;

boundaryField
{
    hotWall
    {
        type            calculated;
        value           nonuniform List<scalar> 0();
    }
    coldWall
    {
        type            calculated;
        value           nonuniform List<scalar> 0();
    }
    bottomWall
    {
        type            calculated;
        value           nonuniform List<scalar> 0();
    }
    topWall
    {
        type            calculated;
        value           nonuniform List<scalar> 0();
    }
    front
    {
        type            empty;
    }
    back
    {
        type            empty;
    }
    procBoundary10to0
    {
        type            processor;
        value           nonuniform List<scalar> 
14
(
1.1322548403653075e-09
1.3373197232323183e-09
1.5033363539066053e-09
1.6352983312753782e-09
1.7380855576791047e-09
1.8163266637879951e-09
1.8742982411556739e-09
1.9158598202095576e-09
1.94442080973183e-09
1.9629340172458311e-09
1.9739097403075953e-09
1.9794445236254605e-09
1.9812592714373885e-09
1.9807422685090263e-09
)
;
    }
    procBoundary10to2
    {
        type            processor;
        value           nonuniform List<scalar> 
25
(
3.4308498344321027e-09
1.9068947167498653e-09
1.9050864383309844e-09
1.9036915736542766e-09
1.9031606588751273e-09
1.9038138311042205e-09
1.9058680525273655e-09
1.9094599057784878e-09
1.9146643660499172e-09
1.9215100279442393e-09
1.9299912842761207e-09
1.9400779377211849e-09
1.9517226882455823e-09
1.9648668899429122e-09
1.9794449174768563e-09
1.9953874296110448e-09
2.0126237682051799e-09
2.0310836871844216e-09
2.0506985679479461e-09
2.0714022454981307e-09
2.0904891400335635e-09
2.1029871929348042e-09
2.111375391422867e-09
2.093131542883143e-09
2.1150520541151233e-09
)
;
    }
    procBoundary10to6
    {
        type            processor;
        value           nonuniform List<scalar> 3(-5.8605618685321348e-10 3.9168380197993936e-09 3.8580023760762696e-09);
    }
    procBoundary10to8
    {
        type            processor;
        value           nonuniform List<scalar> 
34
(
3.7986191663673368e-09
3.7388313769922571e-09
3.6787655491547971e-09
3.6185339272514081e-09
3.5582362462776103e-09
3.4979612184956404e-09
3.4377877721438703e-09
3.3777860877580108e-09
3.3180184708373604e-09
3.25854009330843e-09
3.1993996305694313e-09
3.1406398158543499e-09
3.0822979293515343e-09
3.0244062358152491e-09
2.9669923813147297e-09
2.9100797572044721e-09
2.853687837486906e-09
2.7978324939711578e-09
2.7425262923157184e-09
2.687778771758742e-09
2.633596709316428e-09
2.5799843686706284e-09
2.5269437400304014e-09
2.4744747615845597e-09
2.422575530976963e-09
2.3712425046479673e-09
2.3204706844427032e-09
2.2702537920773138e-09
2.2205844318303818e-09
2.1714542415641752e-09
2.122854032224617e-09
2.074773916056248e-09
2.0272034237550738e-09
1.9801316107734575e-09
)
;
    }
    procBoundary10to9
    {
        type            processor;
        value           nonuniform List<scalar> 
57
(
-5.7321481933592286e-10
-5.2589258981597091e-10
-4.7760490905763018e-10
-4.2838035772776347e-10
-3.7824727409251971e-10
-3.2723448247308626e-10
-2.7537186628389845e-10
-2.226908162486101e-10
-1.6922457847102495e-10
-1.1500852210194453e-10
-6.0080342248330765e-11
-4.4802104105795736e-12
5.1749118073764403e-11
1.0856223211964544e-10
1.6591102339465289e-10
2.2374467091190163e-10
2.8200964906267278e-10
3.4064975720378395e-10
3.9960616966076494e-10
4.5881750561888115e-10
5.1821991881401775e-10
5.7774720723580473e-10
6.3733094339747041e-10
6.9690062619944253e-10
7.5638385444262599e-10
8.1570651735717425e-10
8.7479300716276533e-10
9.3356645336990178e-10
9.9194897733925556e-10
1.0498619653529883e-09
1.1072263577917268e-09
1.163962951168321e-09
1.2199927072407361e-09
1.2752370664499369e-09
1.3296182529569224e-09
1.3830595662812074e-09
1.435485644737647e-09
1.4868226868171232e-09
1.5369986124277246e-09
1.5859431423722762e-09
1.6335877702841065e-09
1.6798655964329182e-09
1.7247109873454626e-09
1.7680590189654452e-09
1.8098446540574078e-09
1.8500015966698959e-09
1.8884607576496043e-09
1.9251482554169746e-09
1.9599828654450173e-09
1.99287282015474e-09
2.0237118483089992e-09
2.0523743295866712e-09
2.0787094260496074e-09
-1.6334412189641543e-09
2.032839695288101e-09
2.0550488798716454e-09
2.0743750981469654e-09
)
;
    }
    procBoundary10to11
    {
        type            processor;
        value           nonuniform List<scalar> 
63
(
-6.4718265933835332e-10
-7.1049700114289565e-10
-7.7611905486335745e-10
-8.4417516512875722e-10
-9.1479839006571862e-10
-9.8812872319653304e-10
-1.0643133123956756e-09
-1.1435066612601058e-09
-1.2258707960679989e-09
-1.3115753782959077e-09
-1.4007977382291128e-09
-1.4937227993071303e-09
-1.5905428551420811e-09
-1.6914571512446539e-09
-1.7966712108870753e-09
-1.9063958286852764e-09
-2.0208456357959407e-09
-2.1402371165832139e-09
-2.2647859278155879e-09
-2.3947033379172246e-09
-2.5301915661432821e-09
-2.6714377614688486e-09
-3.8065739205946379e-09
-2.796581918022445e-09
-2.9455826545897089e-09
-3.1001489090442811e-09
-3.2602685285763823e-09
-3.4258577154460984e-09
-3.5967432516622826e-09
-3.7726422102337497e-09
-3.9531394014976259e-09
-4.1376631135152227e-09
-4.3254601021153987e-09
-4.5155712554101644e-09
-4.7068098656509919e-09
-4.8977449297766061e-09
-5.0866922847979645e-09
-5.2717165610907572e-09
-5.4506467939764511e-09
-5.6211079747002078e-09
-5.7805697918996948e-09
-5.9264123324797963e-09
-6.0560066903461424e-09
-6.1668064864136447e-09
-1.5290969707948078e-09
-1.325501269643168e-09
-5.8834831534756374e-09
-5.94883587415103e-09
-5.9932200778177334e-09
-6.0153450831003332e-09
-6.0142573409042627e-09
-5.9893696659317809e-09
-5.9404721272549309e-09
-5.8677238080250809e-09
-5.7716225629952373e-09
-5.6529745666424574e-09
-5.5128220348936279e-09
-5.3523886013783943e-09
-5.1730045792107228e-09
-4.9760321946113787e-09
-4.762790413665733e-09
-4.5344806932823013e-09
-4.2921152504534662e-09
)
;
    }
}


// ************************************************************************* //
