/*--------------------------------*- C++ -*----------------------------------*\
  =========                 |
  \\      /  F ield         | OpenFOAM: The Open Source CFD Toolbox
   \\    /   O peration     | Website:  https://openfoam.org
    \\  /    A nd           | Version:  13
     \\/     M anipulation  |
\*---------------------------------------------------------------------------*/
FoamFile
{
    format      ascii;
    class       volVectorField;
    location    "2.928096339318";
    object      U_0;
}
// * * * * * * * * * * * * * * * * * * * * * * * * * * * * * * * * * * * * * //

dimensions      [0 1 -1 0 0 0 0];

internalField   nonuniform List<vector> 
2142
(
(0.0052267071916074145 -0.0013615314818357855 4.241025662064134e-26)
(0.0051643487304583709 -0.002044048779095765 9.1842857373922777e-26)
(0.0050829200816978276 -0.0028475102400029391 4.9963573644983808e-26)
(0.004980442249672418 -0.0037862953633167056 -3.2775803240867461e-25)
(0.0048549747837270162 -0.0048749513416575414 -3.6009568249160804e-25)
(0.0047047033604494205 -0.0061275706972596647 -6.6258443953596705e-26)
(0.0045280528852027855 -0.007556875638707156 0)
(0.0043238288025117828 -0.0091729009525224007 0)
(0.0040913874008777513 -0.010981139987280194 1.8346542858861244e-25)
(0.0038308324512872625 -0.01297999774494597 2.063158202632044e-25)
(0.0035432300984268106 -0.015157395049618945 1.1646437000323132e-25)
(0.0032308263468370396 -0.017486408542683952 1.3193465698372239e-25)
(0.0028972421537476777 -0.019919937169988057 1.4985728390353021e-25)
(0.0025476114248790698 -0.022384577598572059 1.7050493248574602e-25)
(0.0021886197278386775 -0.024774172211069992 -5.82314947031314e-25)
(0.0018284001448145043 -0.02694383316163558 -6.6241324331853824e-25)
(0.0014762520831821373 -0.02870556534849612 -5.0126743945304053e-25)
(0.0011421728361621639 -0.029826783873904597 -8.5043092119383588e-25)
(0.00083622535500401339 -0.030032902481884595 -3.1905674307184979e-25)
(0.0005677897838158271 -0.029014653430729696 -1.0708259852445709e-24)
(0.00034480942560799168 -0.026439896530791769 -1.1897552327352164e-24)
(0.0001735022354607907 -0.021968564957827588 8.7478281254370796e-25)
(5.9318462087492717e-05 -0.015268416640556575 9.5762220579660232e-25)
(3.4118271459323594e-06 -0.0060288616647201244 0)
(0.0048675644784810963 0.0013356812437054673 0)
(0.0049248130405791296 0.001366492988959627 -5.9323396247028771e-26)
(0.0049804705844330253 0.0013896539001529598 -4.0659132453176446e-26)
(0.0050342873564539637 0.0014037066338431629 -4.1861143007925249e-26)
(0.0050859600631940035 0.0014068827570865743 -6.4753897918626943e-26)
(0.0051351235403288261 0.001397049061623052 0)
(0.0051813416624493808 0.0013716477781446146 -4.6174685283410036e-26)
(0.0052240975786403375 0.0013276308251348279 -9.5831034774913612e-26)
(0.0052627834150761645 0.0012613885194446579 -4.9850534129203734e-26)
(0.0052966896565276199 0.0011686735554126964 0)
(0.0053249945065394263 0.0010445215433449689 0)
(0.0053467536345563216 0.00088317000883944617 0)
(0.0053608908516914848 0.00067797852227196708 6.0263249989382121e-26)
(0.0053661904203171091 0.00042135359721844859 6.3773525787607257e-26)
(0.0053612919022902241 0.00010468323569193872 0)
(0.0053446886935622105 -0.00028171238587713801 0)
(0.0053147316867684005 -0.00074860543172256086 3.8779230121500498e-26)
(0.005269639850449117 -0.0013078484840836147 4.1775845427658963e-26)
(0.005207519919866053 -0.0019723103379690682 9.0442267322871771e-26)
(0.0051263978463154834 -0.0027557376295960835 4.9190615732408245e-26)
(0.0050242651173257576 -0.0036725117258954551 -3.226422160411245e-25)
(0.0048991434809183285 -0.0047372579427873672 -3.5445959899233639e-25)
(0.0047491718595988773 -0.0059642470891265219 -6.5225650102843682e-26)
(0.0045727191280884351 -0.0073665069248622832 0)
(0.0043685256561458259 -0.0089545340060444532 0)
(0.0041358746779619404 -0.010734467824473884 1.8077909810493963e-25)
(0.0038747911605951047 -0.012705566839720468 2.0341651147473988e-25)
(0.0035862604498997776 -0.014856823869778235 -2.2982496204566946e-25)
(0.0032724513544362907 -0.017162597087622158 -2.6057966705189282e-25)
(0.0029369188437810972 -0.019577237651106881 1.4813490308729468e-25)
(0.0025847515165439805 -0.022028887618705074 1.6872725354582462e-25)
(0.0022226210443365359 -0.024412907123219977 0)
(0.0018586888273981412 -0.026585737871514206 0)
(0.0015023339516549992 -0.028360341586175182 2.4889370285518684e-25)
(0.0011636902254828058 -0.029504538707053503 0)
(0.00085301380471430855 -0.029743465180635521 -3.1756056881213338e-25)
(0.00057992716452573477 -0.028766852859614441 0)
(0.00035265014069023906 -0.026240927533693646 0)
(0.00017769970265558933 -0.021823586084784363 8.7313434258632818e-25)
(6.0858554636088209e-05 -0.015180503609233936 9.5652441613709366e-25)
(3.521308678565782e-06 -0.005999391112154309 0)
(0.0048073554446337102 0.0011960006575720947 -5.4715124421218881e-26)
(0.004865725610884805 0.0012398917103749634 0)
(0.0049229130037397205 0.0012784437433738546 0)
(0.0049787578310896523 0.0013107204270676152 -5.8902920618113762e-26)
(0.0050330615082526502 0.0013355702325468365 -6.0516620321666214e-26)
(0.0050855799569353988 0.0013515853357834746 -6.2266140291614917e-26)
(0.0051360160770696469 0.0013570547616846098 -6.4172374879619266e-26)
(0.0051840113921472397 0.001349911493289358 0)
(0.0052291369019414813 0.0013276734217975313 0)
(0.0052708832200325413 0.0012873782219774397 0)
(0.005308650129332646 0.0012255125168305395 0)
(0.0053417357591898536 0.0011379360591048239 0)
(0.0053693256754876219 0.0010198021221723794 0)
(0.0053904822839540185 0.00086547588049374941 0)
(0.0054041350809758632 0.00066845329999751658 0)
(0.0054090724507931797 0.00042128399467040534 0)
(0.0054039359091960408 0.00011550270454676756 0)
(0.0053872179395973449 -0.00025842438087573508 0)
(0.0053572648651052353 -0.00071113011882694517 0)
(0.0053122865515269103 -0.0012543424720390241 0)
(0.0052503751518371694 -0.0019008307175666468 0)
(0.0051695355669760263 -0.0026642803904517983 0)
(0.0050677307792888586 -0.0035590668427706242 -1.5870300318191048e-25)
(0.0049429456619948485 -0.004599884836594576 -1.7434814939883523e-25)
(0.0047932731566801496 -0.0058011742575276547 0)
(0.0046170266465689344 -0.0071762591189491534 0)
(0.0044128816406338554 -0.0087360890505643485 0)
(0.0041800481110349542 -0.010487442591692051 0)
(0.0039184714991709309 -0.012430427514276572 0)
(0.0036290550434306033 -0.014555109133313031 0)
(0.0033138884282260771 -0.016837134255157191 0)
(0.002976458119882848 -0.019232321924156026 0)
(0.0026218044269076509 -0.021670385446537987 0)
(0.0022565818965450202 -0.024048239459514596 0)
(0.0018889770931092488 -0.026223702123693741 0)
(0.0015284460900295488 -0.0280107463704941 7.4134222376856861e-25)
(0.0011852573874001414 -0.029177655174842249 8.404614885136898e-25)
(0.00086985974496547414 -0.029449340455247202 0)
(0.00059211883198197841 -0.028514577187651585 0)
(0.00036053342690149935 -0.026037984417910987 0)
(0.00018192342743379459 -0.021675429935479117 0)
(6.2409276922369494e-05 -0.015090492493026448 0)
(3.6315696921731706e-06 -0.0059691525356304377 0)
(0.0048660709931930219 0.0011378622158267156 0)
(0.0049229246941965661 0.0011828536465718878 0)
(0.0049786348246073035 0.0012226472021677622 0)
(0.0050330460504800466 0.0012563421515595994 0)
(0.0050859647569208985 0.0012828288468182537 0)
(0.005137152376888339 0.0013007484511957333 0)
(0.0051863178735252783 0.0013084469216398662 0)
(0.0052331093703708274 0.0013039229425685229 0)
(0.0052771049562744246 0.0012847696485595017 0)
(0.0053178027346632642 0.0012481101711534794 0)
(0.005354610242027818 0.0011905273107818098 0)
(0.0053868334304994544 0.0011079879823953959 0)
(0.0054136654971052821 0.00099576352893352305 0)
(0.0054341759512691384 0.00084834756117645464 0)
(0.0054473004467699981 0.0006593736944719154 0)
(0.0054518320699133271 0.0004215364547361672 0)
(0.0054464149785660816 0.00012651978418861675 0)
(0.0054295415354396028 -0.00023506090186088479 0)
(0.0053995543792818082 -0.00067369510057601093 0)
(0.0053546552352503477 -0.0012009811814182527 0)
(0.0052929226888197931 -0.0018295829479713841 0)
(0.005212341624027679 -0.0025731178712222291 0)
(0.0051108475263732921 -0.0034459473501348894 0)
(0.0049863893216279126 -0.0044628267985299995 0)
(0.0048370147481696857 -0.0056383557770479037 0)
(0.0046609822447040757 -0.0069861449767084829 0)
(0.0044569026842422787 -0.0085175880333856705 0)
(0.0042239125831362873 -0.010240094972569912 0)
(0.0039618771531559549 -0.012154618185961226 0)
(0.0036716162398334889 -0.014252295389896297 0)
(0.0033551385068335913 -0.016510068528723398 0)
(0.0030158594455811324 -0.018885239688639584 0)
(0.002658768152618458 -0.021309118933229836 0)
(0.0022904989050312515 -0.023680212082128761 0)
(0.0019192603825359898 -0.025857760925008216 0)
(0.0015545830777051843 -0.027656804649189036 0)
(0.0012068684829782447 -0.02884614699163544 0)
(0.00088675745771799725 -0.029150530926685063 0)
(0.0006043597576307053 -0.028257819552026088 -7.0579870072919626e-25)
(0.00036845543644618004 -0.025831053906595017 0)
(0.00018617102092903902 -0.021524081122206627 8.6960856331751287e-25)
(6.3969616275475649e-05 -0.014998370777982044 0)
(3.7425125154285482e-06 -0.005938140915700536 0)
(0.0049252051576732887 0.0010812716061878401 0)
(0.0049805149615031203 0.0011273265275140382 0)
(0.0050347197369737884 0.0011683206058760551 0)
(0.0050876683870337454 0.0012033882110549269 0)
(0.0051391720631746617 0.0012314610386038323 0)
(0.0051889975306299825 0.001251228677819852 0)
(0.0052368596687241446 0.0012610934547389386 0)
(0.0052824130944032896 0.0012591192192182173 0)
(0.0053252429285941981 0.0012429738765131959 0)
(0.0053648547670838544 0.001209865649871016 0)
(0.0054006639721708881 0.0011564733128028503 0)
(0.005431984470877089 0.0010788709608930986 0)
(0.0054580173329894866 0.00097244831893398404 0)
(0.0054778395112607204 0.00083182811992768275 0)
(0.0054903932611746016 0.00065078277584853269 0)
(0.0054944769241686035 0.00042215342740027216 0)
(0.0054887379628710013 0.00013777557667285292 0)
(0.0054716693877909098 -0.00021158302199119789 0)
(0.0054416110174035663 -0.00063626454041597802 0)
(0.0053967573802734918 -0.001147732846455462 0)
(0.0053351744952654075 -0.0017585403523713698 0)
(0.0052548282530840568 -0.0024822295012993513 0)
(0.0051536276441183455 -0.0033331397495317463 0)
(0.0050294865707203665 -0.0043260782544363328 0)
(0.0048804083453799149 -0.0054757946611689312 0)
(0.0047045970112672489 -0.0067961764874328433 0)
(0.0045005990343282912 -0.008299051938779084 0)
(0.0042674772876122339 -0.009992454502993426 0)
(0.0040050160587324435 -0.011878175956045489 0)
(0.003713950529718815 -0.01394842572836349 0)
(0.0033962064706225077 -0.01618144682096808 0)
(0.0030551259643714166 -0.0185360390146679 0)
(0.0026956440326115169 -0.020945134315375796 0)
(0.0023243716226786153 -0.023308866352823823 0)
(0.0019495365979756009 -0.025487948019906059 0)
(0.0015807414459323922 -0.027298540483391968 0)
(0.0012285191074431839 -0.028510027488932714 0)
(0.00090370217285215082 -0.028847039418024762 0)
(0.00061664544761353009 -0.027996573867688685 -7.0294227965752505e-25)
(0.00037641255083031464 -0.025620123940196624 0)
(0.00019044014291130004 -0.021369525641324022 8.6773162802894885e-25)
(6.5538541980214013e-05 -0.014904127120407408 9.5279607786516829e-25)
(3.854030195036066e-06 -0.0059063517600751953 9.5697751988651931e-25)
(0.0049847463220641704 0.0010262557702701283 0)
(0.0050384855426228456 0.0010733377477759661 0)
(0.0050911577932147359 0.0011154920348855281 0)
(0.0051426159808384692 0.0011518875902713527 0)
(0.0051926758068689327 0.0011814968951536103 0)
(0.00524110917501985 0.0012030573763641931 0)
(0.0052876367170783143 0.0012150271308758824 0)
(0.0053319194180963215 0.0012155345940274061 0)
(0.0053735493534142129 0.0012023219154613119 0)
(0.0054120395910736922 0.0011726819813808855 0)
(0.0054468133669888213 0.0011233892600529261 0)
(0.0054771927092059323 0.0010506249620985198 0)
(0.0055023867747274182 0.00094989741313995183 0)
(0.0055214802713836166 0.00081595905312935996 0)
(0.0055334224726604824 0.00064272213102570513 0)
(0.0055370175008465196 0.00042317599571667586 0)
(0.0055309167598255916 0.00014930995845804836 0)
(0.0055136146508440557 -0.00018795287678154425 0)
(0.0054834490148253021 -0.00059880347972894815 0)
(0.0054386081094038551 -0.0010945663792908862 0)
(0.0053771463704818936 -0.0016876767188037265 0)
(0.0052970117061036173 -0.0023915949516260708 0)
(0.0051960876036456312 -0.0032206305537616341 0)
(0.0050722538587602162 -0.0041896334069013276 0)
(0.0049234701299502286 -0.0053134934635479907 0)
(0.0047478866097551949 -0.0066063649436534097 0)
(0.0045439855827969482 -0.0080805008185287318 -1.5098234872261043e-25)
(0.0043107560892211754 -0.0097445495540226575 -1.6949782382676473e-25)
(0.0040479007979972595 -0.01160113653592419 0)
(0.003756068961752841 -0.013643541637102645 0)
(0.0034371015979926711 -0.015851314260323813 0)
(0.0030942649772998094 -0.0181847660503471 -2.8181925847915855e-25)
(0.0027324372374692221 -0.020578475842543166 -3.2252639466935033e-25)
(0.0023582030234601103 -0.022934241687015224 0)
(0.0019798065766775679 -0.025114295386699449 4.2291111575788341e-25)
(0.0016069201188218959 -0.026935976512262337 4.8307457010214859e-25)
(0.0012502066819492668 -0.0281693090844451 0)
(0.00092069039546216426 -0.028538868470155361 0)
(0.00062897219461271472 -0.027730834430639863 0)
(0.00038440155302680445 -0.02540518339678818 0)
(0.0001947285989620908 -0.021211750717949441 0)
(6.7115043085550532e-05 -0.014807751294486866 9.5140890154678798e-25)
(3.9660096768755616e-06 -0.0058737811060339601 9.5623987123671282e-25)
(0.0050446825550740588 0.00097284089759038948 0)
(0.0050968254556077114 0.001020913767851084 0)
(0.0051479391377854539 0.0010641884644620975 0)
(0.0051978802682742372 0.0011018680100841733 0)
(0.0052464688688448674 0.0011329650950557401 0)
(0.0052934817732604401 0.001156264369721854 0)
(0.0053386451855955237 0.0011702790705410643 0)
(0.0053816263153118613 0.001173201596332772 0)
(0.0054220240941139485 0.0011628477632213696 0)
(0.0054593590198465077 0.001136594629818809 0)
(0.0054930622256632771 0.0010913120085467973 0)
(0.0055224639409782667 0.0010232880768376075 0)
(0.0055467815974024337 0.00092814988780320906 0)
(0.0055651079417194061 0.00080078007238421859 0)
(0.0055763996535785846 0.00063523164990486971 0)
(0.0055794671337660419 0.00042464366053350142 0)
(0.0055729663364387574 0.00016116136430535378 0)
(0.0055553937725078602 -0.00016413387863936063 0)
(0.0055250861238660184 -0.00056127805113480778 0)
(0.0054802262813512959 -0.0010414515782017912 0)
(0.005418858065177088 -0.0016169665006016297 0)
(0.0053389123954233264 -0.0023011943249616543 0)
(0.0052382482350494487 -0.0031084064635835979 0)
(0.0051147121783789431 -0.0040534863939614739 -1.0811544266373222e-25)
(0.0049662209914144257 -0.0051514544131927671 -1.1944319970793282e-25)
(0.0047908715506619166 -0.0064167210460251613 0)
(0.0045870821744150173 -0.0078619538584552978 -1.4825552687146319e-25)
(0.0043537678691689067 -0.0094964073507093211 -1.665426817922529e-25)
(0.0040905489803759248 -0.011323534207857942 0)
(0.003797987558630657 -0.013337682895903528 0)
(0.0034778380121066313 -0.015519714003738709 0)
(0.0031332884141426084 -0.017831464747373994 -2.7803805869774379e-25)
(0.0027691572558396927 -0.020209185412147782 -3.1861705076805282e-25)
(0.002391999991780067 -0.022556375101448568 0)
(0.0020100745679001472 -0.024736832711351884 4.189404111400344e-25)
(0.0016331208607925165 -0.02656913337789223 4.7919810587136644e-25)
(0.0012719308534575311 -0.027824002694792207 0)
(0.00093772024174245273 -0.028226019787428454 0)
(0.00064133733753237734 -0.027460595443097889 0)
(0.00039241980568363257 -0.025186221734172641 0)
(0.00019903444132827821 -0.0210507445819728 0)
(6.8698167681039991e-05 -0.014709234090930957 0)
(4.0783350909619453e-06 -0.0058404255034527792 0)
(0.0051050014262144098 0.00092105221821817205 0)
(0.0051555234309724309 0.00097007990632330633 0)
(0.005205053839828163 0.0010144355564130297 0)
(0.00525345282331566 0.0010533557185648656 0)
(0.0053005444813230733 0.0010858926984672005 0)
(0.005346110354850068 0.0011108777321528467 0)
(0.0053898820239264914 0.0011268785326751173 4.0503469570851111e-26)
(0.0054315327606596336 0.0011321508002441027 4.1690634937782056e-26)
(0.005470668235017931 0.0011245833899222715 0)
(0.0055068163101711556 0.0011016369822959005 0)
(0.0055394160162354766 0.0010602763128095502 0)
(0.0055678058587626447 0.00099689629632369881 -4.7928732173908854e-26)
(0.005591211704429771 0.00090724274887243525 -4.9991766490228896e-26)
(0.0056087345949598945 0.00078632887634515951 0)
(0.0056193389760217285 0.00062834929486370067 0)
(0.0056218419965518183 0.00042659410802491245 0)
(0.0056149047426914487 0.00017336655354583514 0)
(0.0055970265267578914 -0.00014009095072914241 0)
(0.0055665436665674741 -0.00052365571116688118 0)
(0.0055216345689668763 -0.00098835935752290523 0)
(0.0054603333847105997 -0.001546385041433121 0)
(0.0053805550228270878 -0.0022110083732600821 0)
(0.0052801348845456864 -0.0029964545738612436 0)
(0.0051568872529321619 -0.003917631479478623 -1.0597751457223204e-25)
(0.0050086867474753447 -0.0049896795833755617 -1.1710431393702755e-25)
(0.004833577446571282 -0.0062272550437278444 0)
(0.0046299138985198109 -0.0076434294817272598 0)
(0.0043965368546286096 -0.0092480540281528086 -1.6353378511687834e-25)
(0.004132983610170695 -0.011045401822168713 -1.8482700101500334e-25)
(0.0038397277214170058 -0.0130308875017398 0)
(0.0035184351187816367 -0.015186687078547971 0)
(0.0031722132990263923 -0.017476176608206981 0)
(0.0028058183788823806 -0.019837302215216315 3.1463678004052912e-25)
(0.0024257738134853598 -0.022175300758921112 3.6140612293950436e-25)
(0.0020403487149999846 -0.024355586841786781 0)
(0.0016593487317610605 -0.026198029112657006 0)
(0.0012936939040479668 -0.027474117092887006 0)
(0.00095479178470810207 -0.027908493613072453 0)
(0.0006537395300878797 -0.02718585045916648 0)
(0.00040046543619701234 -0.024963228551572007 7.7639202890890666e-25)
(0.00020335607396535399 -0.020886496172929803 8.6164875543517573e-25)
(7.0287063859989006e-05 -0.014608567164707115 9.4842030592965111e-25)
(4.190891163011187e-06 -0.0058062819776590561 9.5457854772254537e-25)
(0.0051656898185398984 0.00087091378733397066 0)
(0.005214567732543327 0.00092086012380995547 0)
(0.0052624917222655748 0.00096625744229332359 0)
(0.0053093251950985434 0.0010063752732521669 0)
(0.00535489607425748 0.0010403049281859532 0)
(0.0053989903711180688 0.0010669235688439607 0)
(0.0054413448295491402 0.0010848526923698714 3.9974759982486624e-26)
(0.0054816386048660423 0.0010924106001246291 4.1119541254388759e-26)
(0.0055194839675478348 0.0010875585109079609 0)
(0.0055544160599656561 0.0010678401188981962 0)
(0.005585881785361361 0.0010303145926988302 0)
(0.0056132279749026674 0.00097148327561586757 -4.7153129042353646e-26)
(0.00563568906405642 0.0008872106920224356 -4.9152931852722835e-26)
(0.0056523746176808725 0.00077264090741108594 0)
(0.0056622571789208482 0.00062211085447805509 0)
(0.0056641610860891072 0.00042906296123129282 0)
(0.0056567531114155127 0.00018596036006192644 0)
(0.0056385360338257725 -0.00011579077920390912 0)
(0.0056078465765773411 -0.00048590549182264339 0)
(0.0055628595214845047 -0.00093526199888792686 0)
(0.0055016002746111218 -0.001475908824586678 0)
(0.0054219686912141659 -0.0021210187418150414 0)
(0.0053217775543962405 -0.002884762608851065 0)
(0.0051988097068526628 -0.0037820632750280672 0)
(0.0050508983471353585 -0.0048281710943747754 0)
(0.0048760352504285068 -0.0060379769108231326 0)
(0.0046725113645968439 -0.0074249454898442846 0)
(0.0044390929332947596 -0.0089995147262002233 -1.6047146257709248e-25)
(0.0041752334408628206 -0.010766770832864139 -1.8152964616734923e-25)
(0.003881316622956839 -0.012723191631042656 0)
(0.0035589180363515822 -0.014852272256576746 0)
(0.0032110622114208767 -0.017118940458306441 0)
(0.0028424401838196586 -0.019462862396720727 3.1058569978350029e-25)
(0.0024595406697784749 -0.021791049513619612 -1.4570025082569309e-38)
(0.0020706415439273535 -0.023970581225806017 -4.107678148853562e-25)
(0.0016856125515407451 -0.025822678491234183 4.7120757505143521e-25)
(0.0013155011711481527 -0.027119658211043833 0)
(0.00097190741117607023 -0.027586288034050031 -6.1190241351846464e-25)
(0.00066617901953789228 -0.026906591749402242 0)
(0.00040853752956842448 -0.02473619306838902 7.7368317645936865e-25)
(0.00020769236234380119 -0.020718994770978136 1.718944335405318e-24)
(7.1881022614877227e-05 -0.014505742829630965 9.4682014643929832e-25)
(4.3035667774312701e-06 -0.0057713479712145381 -8.4701674443981609e-38)
(0.0052267337374297387 0.0008224482617000769 0)
(0.0052739459742719525 0.00087327679877870809 0)
(0.0053202421866930484 0.00091967649834858182 0)
(0.0053654887410374726 0.00096094931492884765 3.6692759319428127e-26)
(0.0054095171169199303 0.00099622494191120635 3.7517890229789017e-26)
(0.0054521175456055792 0.0010244257862589445 0)
(0.0054930317073556981 0.0010442264088875038 0)
(0.0055319444440520829 0.0010540069758486535 0)
(0.0055684744697443393 0.0010518003488125185 0)
(0.0056021640986802963 0.0010352325711865458 0)
(0.0056324680602351006 0.0010014566879852299 0)
(0.0056587415357210406 0.0009470800840015904 0)
(0.0056802276366440165 0.00086808584864286463 0)
(0.0056960446515704252 0.00075974909321313436 0)
(0.005705173524257796 0.00061654968044843152 0)
(0.0057064461950769576 0.00043208351244120724 0)
(0.0056985356482875324 0.00019897542086073965 0)
(0.0056799487676072414 -9.1202086721315904e-05 0)
(0.0056490234251644986 -0.00044799827739616205 0)
(0.0056039316121200104 -0.00088213342875429119 0)
(0.0055426908918755676 -0.001405515748634116 0)
(0.0054631870012263658 -0.0020312082408829712 0)
(0.0053632110269683187 -0.0027733191868163621 0)
(0.0052405152196538362 -0.0036467769933588401 0)
(0.0050928920573381662 -0.0046669313502380278 0)
(0.0049182814775608963 -0.0058488965590720475 -1.2489853813207151e-25)
(0.0047149109622871979 -0.0072065192422312071 -1.3977139320242265e-25)
(0.0044814719535643914 -0.0087508137242540279 0)
(0.0042173333168235589 -0.010487671373742593 0)
(0.0039227875911011555 -0.01241462964111995 0)
(0.0035993180183657657 -0.01451650596368736 0)
(0.0032498637435218044 -0.016759792247088349 0)
(0.0028790480177862212 -0.019085898734329733 0)
(0.0024933221354071626 -0.02140364846080408 -3.5308035076547595e-25)
(0.0021009704596681054 -0.0235818353358349 -4.0656606142427795e-25)
(0.0017119253751074366 -0.025443092349577413 4.670936818412226e-25)
(0.0013373614803738384 -0.026760628390810628 6.4897868030068677e-40)
(0.00098907219161235675 -0.027259398214882005 -1.2883913664460663e-38)
(0.00067865793695014143 -0.026622809582434716 1.374924058818213e-24)
(0.00041663633011114882 -0.024505103517199273 1.5417954983659333e-24)
(0.00021204274867993634 -0.020548229550847265 1.7144444329955943e-24)
(7.34795229495107e-05 -0.014400753797302707 0)
(4.4162587203175405e-06 -0.005735621263569894 -9.5267347067468865e-25)
(0.0052881181145379525 0.00077567666809273857 0)
(0.0053336449321001889 0.00082735049537874586 0)
(0.0053782940331217168 0.00087471311241635742 0)
(0.0054219344545213813 0.00091709833319881043 3.6228579451614401e-26)
(0.0054644009537261956 0.00095367359605070796 3.7016673774674398e-26)
(0.0055054877182963476 0.000983405853694016 0)
(0.0055449411226514769 0.0010050219844621358 0)
(0.0055824514819442983 0.0010169632483443992 0)
(0.0056176437782089047 0.001017333385354172 0)
(0.0056500673695574644 0.0010038400697855024 0)
(0.0056791847418173448 0.00097372960133181572 0)
(0.0057043594264270603 0.00092371494303288134 0)
(0.0057248432920251335 0.00084989751868583979 0)
(0.0057397635240502062 0.00074768357414246444 0)
(0.0057481097417972447 0.00061169640980698783 0)
(0.0057487218718555496 0.00043568644012291182 0)
(0.0057402796081176665 0.00021244188767341942 0)
(0.0057212945497679604 -6.6295925749080002e-05 0)
(0.0056901064346779415 -0.00040990710069763111 0)
(0.0056448852724299307 -0.00082894951632968121 0)
(0.005583641661687266 -0.0013351854259956576 0)
(0.005504248132407962 -0.0019415611429177749 0)
(0.0054044749728484947 -0.002662114112964339 0)
(0.005282044663737326 -0.0035117687329868853 0)
(0.0051347096334122076 -0.0045059633095834283 0)
(0.0049603584118324351 -0.0056600240876775228 -1.2220337318553594e-25)
(0.0047571551062877207 -0.0069881678754027928 -1.3684364380788972e-25)
(0.0045237160108881234 -0.0085019746177098041 1.5418848219734307e-25)
(0.0042593245030701048 -0.010208132377117386 1.747670354377666e-25)
(0.003964180482501206 -0.012105234113494635 0)
(0.0036396728700256765 -0.014179422228132687 0)
(0.0032886529551064991 -0.01639876488140941 0)
(0.0029156734832671621 -0.018706440339621301 0)
(0.0025271456826421682 -0.02101312049475796 0)
(0.0021313582523475325 -0.023189364083867015 0)
(0.0017383049805984718 -0.025059276873217497 0)
(0.0013592875928975542 -0.026397025580505971 0)
(0.001006294264671848 -0.026927815559818574 6.0454394205641819e-25)
(0.0006911806005904398 -0.026334491421491295 1.3682579405756039e-24)
(0.00042476345322426843 -0.024269946447739648 1.5360727618286619e-24)
(0.00021640737335081338 -0.020374189055216201 8.5489971816076242e-25)
(7.508227953394979e-05 -0.014293592857517788 0)
(4.5288756360551961e-06 -0.0056990998674076041 0)
(0.0053498266056471802 0.00073061816378852142 0)
(0.0053936503495710213 0.00078309972346404409 0)
(0.0054366352732342881 0.00083138544303758028 0)
(0.0054786527858245379 0.00087484042417981301 0)
(0.0055195406329266268 0.00091266920144430542 0)
(0.0055590966823173367 0.00094388255645354313 0)
(0.0055970717461928431 0.00096725891433678947 0)
(0.005633161383666806 0.00098129982590609323 0)
(0.0056669966511476893 0.00098417910335833769 0)
(0.0056981338024991376 0.00097368528159319815 0)
(0.0057260429881667296 0.00094715723022421666 0)
(0.0057500960656182466 0.00090141295278489968 0)
(0.0057695537159488039 0.00083267189095371976 0)
(0.0057835521675122393 0.00073647141748027099 0)
(0.0057910899620263268 0.00060757867285410674 0)
(0.005791015367994627 0.0004398995108418849 0)
(0.0057820152581496368 0.00022638712317672461 0)
(0.0057626065302864371 -4.1045987891190534e-05 0)
(0.0057311314777599796 -0.000371607457319785 0)
(0.0056857589115252762 -0.00077568839225855047 0)
(0.0056244933185649265 -0.0012648995046945339 7.4393267190884122e-26)
(0.0055451949085695016 -0.0018520635053770188 0)
(0.0054456140429511787 -0.0025511387005850454 -8.8243358813465623e-26)
(0.0053234442260836736 -0.0033770357939126353 0)
(0.005176398473501537 -0.0043452707906757758 0)
(0.0050023142962097979 -0.005471370070546426 0)
(0.0047992924665087207 -0.0067699085627598099 0)
(0.0045658737207497097 -0.0082530205376461409 1.5096908185373219e-25)
(0.0043012550036375975 -0.0099281817374149688 1.7130296361148105e-25)
(0.004005542047683607 -0.011795035942079781 0)
(0.003680027359250999 -0.013841052671258517 0)
(0.0033274718269722019 -0.016035888095619014 0)
(0.0029523549264883209 -0.018324512386030008 -2.9800954176016992e-25)
(0.002561045192673922 -0.020619483879158438 -3.444589381719195e-25)
(0.0021618336148780627 -0.022793177230176348 0)
(0.0017647743721157134 -0.024671232857376216 0)
(0.0013812966694956672 -0.026028842481431034 5.2641012883419592e-25)
(0.0010235852385053158 -0.026591526802572006 6.0074523087541634e-25)
(0.00070375383425351381 -0.026041621033352433 0)
(0.00043292210863241971 -0.024030705938211053 7.6509975068291334e-25)
(0.00022078720337095369 -0.020196860583490354 8.5250557350931741e-25)
(7.6689293280318959e-05 -0.014184252496894135 0)
(4.6413422362013645e-06 -0.0056617819002805934 0)
(0.0054118413805869844 0.00068728978924087968 0)
(0.0054539467353085366 0.00074054069102208041 0)
(0.0054952529352476163 0.00078970917105689248 0)
(0.0055356334543068993 0.00083419104064478785 0)
(0.0055749287262252412 0.0008732272713804322 0)
(0.0056129400111740767 0.0009058717410565881 0)
(0.0056494222893433673 0.0009309536284717539 0)
(0.0056840761192202159 0.0009470339417291066 0)
(0.0057165384206634773 0.00095235571947499922 0)
(0.0057463721757420733 0.0009447875370825851 0)
(0.005773055086142031 0.00092176008831965843 0)
(0.0057959672877220961 0.00088019580679292333 0)
(0.0058143783040426385 0.00081643175125204555 0)
(0.0058274335256580162 0.00072613631849030829 0)
(0.005834140635819181 0.00060422078701839982 0)
(0.0058333565723234235 0.00044474726586800307 0)
(0.0058237758274428363 0.00024083538067877462 0)
(0.0058039211534325064 -1.5428929781552625e-05 0)
(0.0057721380613382552 -0.00033307763946915431 0)
(0.0057265949197366503 -0.000722330788634089 0)
(0.0056652909317709849 -0.0011946420132430686 7.2583301276015608e-26)
(0.0055860748471611233 -0.0017627035189091511 -9.9525454162267774e-41)
(0.0054866779444378731 -0.0024403861202684719 -8.608965968907223e-26)
(0.0053647655137122113 -0.0032425770245062321 0)
(0.0052180117569609625 -0.0041848588110849133 0)
(0.0050442035078117281 -0.0052829458817494597 0)
(0.004841378183662092 -0.0065517588161714832 0)
(0.00460800047856151 -0.0080039744154998919 0)
(0.0043431798689923503 -0.0096478465220427873 0)
(0.0040469262880049066 -0.011484064469285106 0)
(0.0037204336231902993 -0.013501426544314455 0)
(0.0033663697140372847 -0.015671188362467364 0)
(0.0029891379301447401 -0.01794013586809361 -2.9367733557099435e-25)
(0.0025950614761426917 -0.020222751834305018 -3.4003773334176774e-25)
(0.0021924316741786516 -0.022393278789610824 0)
(0.0017913622996070732 -0.024278954941531764 0)
(0.001403410753667517 -0.025656065643737045 5.2224318705966093e-25)
(0.0010409606111664515 -0.026250513022653375 5.9686720727215923e-25)
(0.00071638730259830836 -0.025744177506914781 0)
(0.00044111733668700172 -0.023787362709724334 7.6208856631990771e-25)
(0.0002251841689385942 -0.020016229491404507 8.5004075347956566e-25)
(7.830090527910204e-05 -0.014072724451984694 0)
(4.7536038072180954e-06 -0.0056236654299639637 0)
(0.0054741429025652209 0.0006457062131210422 0)
(0.0055145171496837229 0.00069968704925258383 0)
(0.0055541328576746108 0.00074969724401317839 0)
(0.0055928652491824549 0.00079516273495702317 0)
(0.0056305571366031138 0.00083536026228342008 0)
(0.005667012873805743 0.0008693860528741406 0)
(0.0057019913266550077 0.00089611922533643659 0)
(0.0057351977939899814 0.00091417938308458629 0)
(0.0057662748316886512 0.00092187790800367896 0)
(0.0057947919637995945 0.00091716254809939585 0)
(0.0058202343090143771 0.00089755501660889099 0)
(0.0058419902110108763 0.00086008149604914063 0)
(0.0058593380410290252 0.00080119617877919479 0)
(0.0058714324447843051 0.00071669828884663236 0)
(0.0058772904387588958 0.00060164343703795803 -4.8600814885113847e-26)
(0.005875777929509678 0.00045025069281673613 -5.1095486287686244e-26)
(0.0058655974418690762 0.00025580746656653816 -5.3964550919018216e-26)
(0.0058452781076966465 1.0575278159167657e-05 -5.7274864535999223e-26)
(0.0058131692929096453 -0.00029429908997720053 0)
(0.005767439655673238 -0.00066886039983735232 0)
(0.005706083914087343 -0.0011243997282313508 0)
(0.0056269401918537772 -0.0016734718806728562 -7.6794116732402839e-26)
(0.0055277214997778669 -0.0023298517771201907 -8.389733513289095e-26)
(0.005406065642377153 -0.0031083931996880622 0)
(0.005259608566311233 -0.0040247339623361569 0)
(0.0050860867171634034 -0.0050947640599661049 0)
(0.0048834740701315105 -0.0063337368306190652 1.277709536750508e-25)
(0.0046501587064711703 -0.0077548592946016983 1.4437835190528736e-25)
(0.0043851614926527201 -0.0093671532320920986 0)
(0.0040883948048628504 -0.011172347673361975 1.8790413919871776e-25)
(0.0037609515708180888 -0.013160570815398329 2.1615180149838641e-25)
(0.0034054037990693961 -0.015304688849476602 0)
(0.0030260758118062065 -0.017553327396909017 0)
(0.0026292428045451874 -0.019822932146002583 0)
(0.0022231945381012467 -0.021989666439593044 0)
(0.0018181037982821235 -0.023882430821285484 0)
(0.0014256572764597907 -0.025278674512973949 5.1799653969169515e-25)
(0.0010584402127227113 -0.025904748587191197 5.9291007093034189e-25)
(0.00072909386581618849 -0.025442134178155235 -6.7366371644394048e-25)
(0.00044935625954826823 -0.023539893139156744 -6.1358268153806509e-40)
(0.00022960130920703442 -0.019832278396259052 8.4750628024370518e-25)
(7.9917854601007894e-05 -0.013958999192624895 0)
(4.8656310705243827e-06 -0.0055847482916818372 0)
(0.0055367096931397434 0.00060587946993045211 0)
(0.0055753429768678761 0.0006605496305656757 0)
(0.005613259468171706 0.00071135961363694318 0)
(0.0056503358150361361 0.00075776489514930545 0)
(0.0056864168905326395 0.00079907730744220172 0)
(0.005721309833665888 0.00083443466657650341 0)
(0.0057547771021135685 0.00086276519816263304 0)
(0.0057865284625725471 0.00088274621250057455 0)
(0.0058162118639132846 0.00089275651617479722 0)
(0.005843403168106262 0.0008908221164814331 0)
(0.0058675947565256844 0.00087455488468897902 0)
(0.0058881830878434677 0.00084108400233149261 0)
(0.0059044553619830003 0.00078698023100760904 0)
(0.0059155755469370687 0.00070817333266110264 0)
(0.005920570157052287 0.00059986334182964604 -4.7431048104216127e-26)
(0.0059183143392461867 0.00045642688318792336 -4.9835742322924183e-26)
(0.0059075190356536605 0.00027132038864598938 -5.2604960242214164e-26)
(0.0058867202573015271 3.6982991534529293e-05 -5.5804398589212357e-26)
(0.0058542718335525519 -0.00025525677320976128 0)
(0.0058083434160573584 -0.00061526426335915048 0)
(0.005746926012430098 -0.0010541625643573297 0)
(0.0056678479268433982 -0.0015843621927274212 -7.4746628424871407e-26)
(0.0055688046876369753 -0.0022195337160661123 -8.1667217821268745e-26)
(0.0054474073073622134 -0.0029744874306871861 0)
(0.0053012539917839958 -0.0038649048201074288 0)
(0.0051280310308480931 -0.0049068387128457149 0)
(0.0049256487954831337 -0.0061158618733286587 -2.4238875883002102e-39)
(0.004692418086620272 -0.0075056986906192509 2.7103123729328953e-39)
(0.0044272698967712061 -0.0090861281156528924 0)
(0.0041300171411793249 -0.010859912410558453 1.1294201614076057e-39)
(0.0038016492819566219 -0.012818510310880538 -5.3348961616191019e-39)
(0.0034446395477731721 -0.014936409425762518 0)
(0.0030632301291920318 -0.017164099037140383 0)
(0.0026636454542105586 -0.01942002680133453 0)
(0.0022541718602504925 -0.021582330934355097 0)
(0.0018450407501652828 -0.023481640440664916 0)
(0.0014480695858571104 -0.024896640428444815 5.1367015364929568e-25)
(0.0010760486719489544 -0.025554200016965293 -1.2397436469472062e-38)
(0.00074188995623961638 -0.025135457457885792 -6.7002135069535945e-25)
(0.0004576483493046128 -0.023288268165076308 7.5584538129699003e-25)
(0.00023404292859982351 -0.019644986281890483 8.4490320338083822e-25)
(8.154134054560571e-05 -0.013843065330662091 0)
(4.9774254557703516e-06 -0.0055450278750999978 0)
(0.0055995180775346041 0.00056781869041699093 0)
(0.0056364036769625103 0.00062313617978470551 0)
(0.0056726155421547401 0.00067470296677694973 0)
(0.005708031416777521 0.00072200347449164002 -3.3514947049723942e-26)
(0.0057424979092890243 0.00076438394413259512 -3.4115034001178623e-26)
(0.0057758246265673194 0.00080102300973764699 0)
(0.0058077773138352513 0.00083089715398898675 0)
(0.0058380699207708688 0.00085274048125178576 0)
(0.0058663555316425591 0.0008649982711535888 0)
(0.0058922161254020156 0.00086577383372271296 0)
(0.0059151511725537851 0.00085276828232263321 0)
(0.0059345651324442432 0.00082321298098966583 0)
(0.0059497539911291348 0.00077379461712727871 0)
(0.0059598910807066481 0.00070057311011549638 0)
(0.0059640125514366293 0.00059889290794587762 0)
(0.0059610030348390729 0.00046328867543417377 0)
(0.0059495822475421449 0.00028738698902158055 0)
(0.005928293552009507 6.3806516108623793e-05 0)
(0.0058954958227371837 -0.00021593956439956333 0)
(0.0058493603825151225 -0.00056153316110887246 -6.2061673286362756e-26)
(0.0057878752770205511 -0.00098392398717402378 -6.6940961550968111e-26)
(0.0057088597702818749 -0.001495371385744458 0)
(0.0056099926633353435 -0.0021094330555708161 0)
(0.0054888588343658014 -0.0028408656068639308 0)
(0.0053430192166696302 -0.0037053823907167052 0)
(0.0051701101159795215 -0.0047191859624013633 0)
(0.0049679780552532556 -0.0058981547190164107 -2.0043011359665179e-56)
(0.0047348557797227409 -0.007256517003177575 -4.8605275814892401e-56)
(0.004469583005813898 -0.0088047975367817246 1.5691268379664546e-25)
(0.0041718711146163578 -0.010546784715975191 5.8177665572622675e-40)
(0.003842603402584059 -0.012475267916051989 -2.0787656475646672e-25)
(0.0034841511655852165 -0.014566366724767851 0)
(0.0031006711932300419 -0.016772458191451772 0)
(0.0026983342643826427 -0.019014031657115082 0)
(0.0022854214248569844 -0.021171255530442894 0)
(0.0018722224704890004 -0.023076555168384302 4.4075328511643898e-25)
(0.0014706875038037765 -0.024509925574662639 1.0185277674850202e-24)
(0.0010938159107563401 -0.025198824775277281 5.8475885828989909e-25)
(0.00075479597979422985 -0.024824105558271494 1.3326051373408701e-24)
(0.00046600571534797922 -0.023032452080716963 2.257844188091812e-24)
(0.00023851476517119274 -0.019454327496691581 8.4223257058005819e-25)
(8.3173090003434404e-05 -0.013724908948520692 0)
(5.0890248613391767e-06 -0.0055045008786431338 0)
(0.0056625419029753743 0.00053152982504196702 0)
(0.0056976765108742305 0.00058745107884487096 0)
(0.0057321819338566086 0.00063973045007336988 0)
(0.0057659366767224482 0.00068788071487384142 -3.2891854739446265e-26)
(0.0057987887520818031 0.00073128183445353814 -3.3454030452344533e-26)
(0.005830549910060945 0.00076915247989590811 0)
(0.0058609888700479184 0.0008005165257615887 0)
(0.005889823468675945 0.0008241639353772244 0)
(0.0059167116546037877 0.00083860547892971216 0)
(0.0059412412870017365 0.00084202077178203777 0)
(0.0059629187336775564 0.00083219920131443869 0)
(0.0059811563196787848 0.00080647343314515195 0)
(0.0059952587518128575 0.00076164535993111261 0)
(0.0060044087434410649 0.00069390458848675083 0)
(0.0060076521927300555 0.00059873986925994575 0)
(0.0060038834331568366 0.00047084428280310563 0)
(0.0059918312858941039 0.00030401555919785521 0)
(0.0059700469100298298 9.1053707955396628e-05 0)
(0.0059368947805438837 -0.00017634065984672474 0)
(0.0058905485434933317 -0.00050766204210670254 -6.0265445004353314e-26)
(0.0058289940055281358 -0.00091368144911759582 -1.9497566674814046e-25)
(0.0057500421431712755 -0.0014065001685597597 -1.4109175715548366e-25)
(0.0056513557554167433 -0.0019995544503526945 0)
(0.0055304942072780059 -0.0027075368703283658 -1.6971209129202252e-25)
(0.0053849815805364614 -0.0035461805948806113 -1.8816286219940518e-25)
(0.0052124043038319261 -0.0045318244327905953 0)
(0.0050105447206256126 -0.00568063813311823 1.182835410258623e-25)
(0.0047775566268738311 -0.007007339981204173 1.3412642386743163e-25)
(0.0045121869065900631 -0.0085231884034921018 1.5318603323773824e-25)
(0.0042140431411869413 -0.010232990167420334 1.7611631091469295e-25)
(0.0038838995355906661 -0.012130864840229263 -2.0364956773491498e-25)
(0.0035240220559411006 -0.01419457426895069 7.1164806007393054e-40)
(0.0031384785893693186 -0.016378407538896952 2.7565446809905584e-25)
(0.0027333832106547929 -0.018604936147504785 -3.2161846711537655e-25)
(0.0023170097537370234 -0.020756415429181527 0)
(0.00189970632166246 -0.022667136962101004 8.7217273365252516e-25)
(0.0014935579140936235 -0.024118481887479511 1.009554876834166e-24)
(0.0011117776697775323 -0.024838569978222813 1.1611293659627254e-24)
(0.00076783674550284255 -0.024508027113664104 1.3250150930470882e-24)
(0.00047444341360330027 -0.022772401207262816 1.498624306980718e-24)
(0.00024302417271011582 -0.019260270637122701 -1.7325162439732234e-38)
(8.4815430695684067e-05 -0.013604512841282409 -9.3161370393830768e-25)
(5.2005099863045702e-06 -0.0054631630283370784 0)
(0.0057257522200494515 0.00049701536075113996 0)
(0.0057591362279438181 0.00055349506527361213 -3.1365970836366602e-26)
(0.0057919372698518289 0.00060644138867730897 -3.1776812204341381e-26)
(0.0058240342738568214 0.00065539486429843545 0)
(0.0058552763211052643 0.00069976848015078233 -3.2765964619633933e-26)
(0.0058854769745097539 0.00073882015530658753 -3.3356145754618616e-26)
(0.0059144076065999933 0.0007716202776730588 0)
(0.005941789635180419 0.00079701371434118967 0)
(0.0059672855901754043 0.00081357571512984052 0)
(0.0059904889595736059 0.00081956116498538463 0)
(0.0060109127994437744 0.00081284670756015293 0)
(0.0060279771458350614 0.00079086536706685204 0)
(0.0060409953388921378 0.00075053344581471506 0)
(0.0060491594664005511 0.00068816968017270969 0)
(0.0060515252609448763 0.00059940691249766632 0)
(0.0060469969489263323 0.00047909690590486109 0)
(0.006034312759445248 0.00032120943929066367 0)
(0.0060120320669156081 0.0001187275592310819 0)
(0.0059785254762072778 -0.00013645800644611675 0)
(0.0059319695839580872 -0.0004536504669572624 0)
(0.0058703486560395214 -0.00084343684948957843 -1.2602020945564572e-25)
(0.0057914661080725313 -0.0013177535043360311 -1.367889898386686e-25)
(0.0056929694330774298 -0.0018899065839703339 7.4759559424828478e-26)
(0.0055723930679682883 -0.0025745141243874278 -8.2314680339800858e-26)
(0.0054272246157977292 -0.0033873167900270191 -1.8263873057401857e-25)
(0.0052550006684574371 -0.004344775782143203 0)
(0.0050534389651909302 -0.0054633374052006781 -1.1503384607418273e-25)
(0.0048206133311722811 -0.0067581952449081561 -1.3061565180640613e-25)
(0.0045551760916563459 -0.0082413286585597996 0)
(0.0042566285468082559 -0.0099185543170642789 -1.7207790411499588e-25)
(0.0039256326251599213 -0.011785320952164604 -3.9872753598284743e-25)
(0.00356434527894735 -0.01382104266319677 0)
(0.003176741706959094 -0.01598194503462301 2.7097608931097519e-25)
(0.0027688759945419389 -0.018192723038141602 -3.1682983823056571e-25)
(0.0023490127371181709 -0.020337777242627333 -1.5826525464991597e-39)
(0.0019275583575022043 -0.02225333752539 4.3133949503822509e-25)
(0.0015167353844948773 -0.023722249916866424 5.0021034055156314e-25)
(0.001129976068789615 -0.024473371024953491 0)
(0.00078104192657115314 -0.024187159690898873 -6.5863629762756756e-25)
(0.00048297978051283158 -0.022508062439919818 7.4593809147617758e-25)
(0.00024758031850545835 -0.019062777308173556 6.6965571636194253e-40)
(8.647137115676211e-05 -0.013481855665083892 -9.2943215804764142e-25)
(5.3120113279616833e-06 -0.0054210087579461535 0)
(0.0057891169136383477 0.0004642740313008214 0)
(0.0058207547028861191 0.00052126494472473552 -3.0759936774410776e-26)
(0.0058518575916275805 0.00057483099928841484 -3.1135899503465368e-26)
(0.0058823045919004719 0.00062453988873610198 0)
(0.0059119455151814271 0.00066983693164093458 -3.205092638712802e-26)
(0.0059405954026068575 0.00071001849954174454 -6.5202439249520066e-26)
(0.0059680279528431263 0.00074420060382061665 -3.322314271637475e-26)
(0.0059939678508917904 0.00077128204232727101 0)
(0.0060180819141545799 0.00078990150763823838 0)
(0.0060399689947223259 0.00079838808279158069 0)
(0.0060591486118430522 0.00079470460291466809 0)
(0.0060750483391637097 0.00077638344824046326 0)
(0.0060869900415866677 0.00074045446228302293 0)
(0.0060941751512137527 0.00068336486699246848 0)
(0.0060956692966854581 0.0006008912877786762 0)
(0.0060903867624219352 0.00048804432899085136 0)
(0.0060770754626288401 0.00033896659952932859 0)
(0.0060543033799639176 0.00014682576418437166 0)
(0.0060204477537717264 -9.629475238678964e-05 0)
(0.0059736887341714819 -0.00039950307516614967 0)
(0.0059120097204425981 -0.00077319701949864965 0)
(0.0058332072695539694 -0.0012291411145226268 0)
(0.0057349142368200252 -0.0017805026925636546 7.2388023629895752e-26)
(0.0056146406809189694 -0.0024418145772600805 1.594763028106096e-25)
(0.0054698380509321104 -0.0032288123328499349 8.8520401722812238e-26)
(0.0052979930740681769 -0.0041580652805073559 0)
(0.0050967583630495191 -0.0052462809351785863 -1.1174243573344619e-25)
(0.0048641266139336061 -0.0065091128677739326 -1.2705993049988373e-25)
(0.0045986536814527313 -0.0079592478374789482 0)
(0.0042997318628287869 -0.009603503196344166 -1.6798622636685044e-25)
(0.0039679073316096856 -0.011438655192381309 -1.9501969266011786e-25)
(0.0036052240082468661 -0.013445779864637689 0)
(0.0032155602755872784 -0.015583063979274312 0)
(0.0028049066493047374 -0.017777368235241193 0)
(0.00238151628970336 -0.019915298490599736 0)
(0.0019558540002628582 -0.02183509746306032 0)
(0.0015402828265583411 -0.023321157648902406 4.9556188269238381e-25)
(0.0011484602059083832 -0.024103150146650276 0)
(0.00079444655692614905 -0.023861428183825178 -6.9423753759271484e-40)
(0.00049163679501331543 -0.02223937165842203 1.484985605720444e-24)
(0.00025219439894070688 -0.018861800751161711 8.3382499278051865e-25)
(8.8144688451171087e-05 -0.013356910983633778 0)
(5.42371695999923e-06 -0.0053780308466960299 0)
(0.0058526002655493762 0.00043330052138578764 0)
(0.0058825005041754242 0.00049075329781971217 0)
(0.0059119159293583882 0.00054489009774918605 0)
(0.0059407252983683188 0.00059530517854492013 0)
(0.0059687788142522248 0.00064147549137867643 0)
(0.0059958926596759181 0.00068273506000008451 -3.1819525675708764e-26)
(0.0060218425283342873 0.00071824462014611593 -3.2399159096758161e-26)
(0.0060463560520273791 0.00074695591200972284 0)
(0.0060691040328136603 0.00076757001073406313 0)
(0.0060896904103306601 0.00077848909298034743 0)
(0.0061076409271912198 0.0007777610762767208 0)
(0.0061223905036595326 0.00076301663736125756 0)
(0.0061332694006002069 0.00073139822202227314 0)
(0.0061394883418369114 0.00067948080965245542 0)
(0.0061401228894712463 0.00060318440291183431 -4.1139447948692648e-26)
(0.0061340975256764605 0.00049767849861597825 -4.308750381334059e-26)
(0.0061201701010798349 0.00035727920305383986 0)
(0.0060969175743655016 0.00017534026648633664 0)
(0.0060627243016608762 -5.5859715848023885e-05 0)
(0.0060157745646935382 -0.00034523007411504036 0)
(0.0059540515459467905 -0.00070297423325529343 0)
(0.0058753456248305455 -0.0011406780121972584 0)
(0.005777275661451366 -0.001671361121572034 0)
(0.0056573278524630127 -0.0023094603230557785 7.7127629606785045e-26)
(0.0055129177707521904 -0.0030706931843428468 8.5685737995203761e-26)
(0.0053414821822123787 -0.0039717224365333212 9.5980685902918554e-26)
(0.0051406079499350839 -0.0050295008755395837 1.0841046515496142e-25)
(0.0049082053378630619 -0.0062601260225748131 0)
(0.0046427316183042123 -0.0076769776986146294 1.4171134454249846e-25)
(0.0043434670995428602 -0.0092878639004001819 1.6384199333963408e-25)
(0.0040108383917386182 -0.011090886070040955 0)
(0.0036467719823353511 -0.01306879153770584 0)
(0.0032550449060309195 -0.015181753167782464 0)
(0.0028415801612166952 -0.017358840659501096 0)
(0.0024146170327545994 -0.019488927137743056 0)
(0.0019846787527427094 -0.021412345441608353 0)
(0.0015642721965847697 -0.022915119290340881 0)
(0.0011672867997369609 -0.023727814873210885 0)
(0.000808091567447435 -0.023530743086517467 6.5066405291560819e-25)
(0.00050044047211752162 -0.021966251992752164 7.3897630999254201e-25)
(0.00025687987536399619 -0.018657284328061137 0)
(8.9840024752861538e-05 -0.013229646203541131 0)
(5.5358812181813896e-06 -0.0053342200103262205 0)
(0.0059161624253985913 0.00040408516481822178 0)
(0.005944338370420914 0.00046194818153723598 0)
(0.0059720817834384848 0.00051660480140503927 0)
(0.0059992708312112657 0.00056767524960581639 0)
(0.0060257557713542746 0.00061466741163849592 0)
(0.0060513535914638828 0.00065695216029296297 0)
(0.0060758416471729023 0.00069373404949514192 0)
(0.0060989501922459333 0.00072401676048775216 0)
(0.0061203537033780982 0.00074656267025889113 0)
(0.006139660921012602 0.00075984591458566695 3.3657056143586654e-26)
(0.006156403558036371 0.0007619983430083774 3.4568436030263573e-26)
(0.0061700236740225836 0.00075074781515077854 0)
(0.0061798597778301191 0.00072334837220467991 0)
(0.0061851318107791868 0.00067650194078016724 -7.6393191939610029e-26)
(0.0061849252823181645 0.00060627139949813588 -1.1938888521962606e-25)
(0.0061781749874793472 0.00050798508216802767 -4.1652087286036652e-26)
(0.0061636489397434132 0.00037613314602302512 0)
(0.0061399334161326476 0.00020425677980554825 0)
(0.0061054203485793185 -1.5167882391135622e-05 -4.9292018517341758e-26)
(0.0060582987066134276 -0.00029084775959084118 -5.2770492231326651e-26)
(0.0059965520855812604 -0.0006327867498924476 5.6878198498944423e-26)
(0.0059179653479282633 -0.0010523850681940093 6.1748661893680146e-26)
(0.0058201439761296023 -0.001562505918344535 0)
(0.0057005507903053797 -0.0021774789628420128 0)
(0.0055565657202691224 -0.0029129905602925639 0)
(0.0053855754061418225 -0.0037857816762521708 9.2868216551718608e-26)
(0.0051851002356284879 -0.0048130338335388477 1.05039076335157e-25)
(0.0049529665863820268 -0.0060112716962438814 -1.1981787815107263e-25)
(0.0046875308225000183 -0.0073945529315343249 5.925182389236731e-40)
(0.0043879579890600184 -0.0089716652594051868 3.1929169351081562e-25)
(0.004054550957382155 -0.010742032253209933 1.8615840771946226e-25)
(0.0036891139445827722 -0.012690081504716452 0)
(0.0032953176318399387 -0.014777997128866857 0)
(0.0028790131042388308 -0.016937102196393831 0)
(0.0024484230021732845 -0.019058601181295955 0)
(0.0020141289473458359 -0.020984997363124189 0)
(0.0015887852412022447 -0.022504034020212855 0)
(0.0011865208789066815 -0.02334725641712836 0)
(0.00082202436654564516 -0.023194998639364067 0)
(0.00050942129214609825 -0.021688611933936255 0)
(0.00026165273301164739 -0.018449159850233602 8.2789753271912919e-25)
(9.1562994078970251e-05 -0.013100021387879246 -2.0945439793502754e-39)
(5.6488344429462394e-06 -0.0052895644405884295 -9.3828671169163227e-25)
(0.005979758759368797 0.00037661363703034339 -2.8552064193988295e-26)
(0.0060062285643101695 0.00043483282540263693 0)
(0.0060323204833225572 0.000489956226430793 0)
(0.0060579117625823688 0.00054162943929639935 0)
(0.0060828523816419365 0.00058939058672625175 0)
(0.0061069597990419866 0.00063264658638701246 0)
(0.0061300126996742818 0.00067064489951228462 0)
(0.0061517436322421296 0.00070244013690939184 0)
(0.0061718304329225005 0.00072685487912509572 0)
(0.0061898863478964403 0.00074243405964701859 3.2634344218982689e-26)
(0.0062054487955875443 0.00074739227150622976 3.3488560235383268e-26)
(0.0062179667526273694 0.00073955339255043649 0)
(0.0062267868098661435 0.00071628198732396145 0)
(0.0062311380311696578 0.00067440603960789043 -7.3820390299867613e-26)
(0.0062301158644073778 0.00061013070879302326 -7.6852887261113617e-26)
(0.0062226655084916763 0.00051894300424602227 0)
(0.0062075653420110444 0.0003955075735040675 0)
(0.00618341127987318 0.00023355428045218987 0)
(0.0061486032595353228 2.5759058200645294e-05 -4.7486303382568099e-26)
(0.0061013354787232714 -0.00023637906809407077 -5.0823971266493176e-26)
(0.0060395925612565923 -0.00056265938812275742 5.4775487314294344e-26)
(0.0059611544879233473 -0.00096428961255749465 5.9473134060997068e-26)
(0.0058636139615282816 -0.0014539674637228902 0)
(0.0057444108840169119 -0.0020459042692614528 0)
(0.0056008897337624774 -0.0027557416310629436 0)
(0.005430386795039625 -0.0036002830782520426 8.9720259621447202e-26)
(0.0052303551514815971 -0.0045969216383505984 2.0325875794836859e-25)
(0.0049985356841689005 -0.0057625914795492181 3.1092403897460089e-39)
(0.0047331812968709258 -0.0071120119507383306 -1.3382495592694436e-25)
(0.0044333381854732906 -0.0086549386055641848 1.5539832763917197e-25)
(0.0040991809018599687 -0.010392113263021025 3.632835023515793e-25)
(0.0037323860636326177 -0.012309652304130994 4.2681827018333012e-25)
(0.0033365124454756718 -0.014371776468646891 5.0313861268980138e-25)
(0.002917334284479938 -0.016512107736644233 5.9385717289688404e-25)
(0.0024830543814977129 -0.018624248302438209 7.0025838263743192e-25)
(0.0020443125334457185 -0.020552955562917793 4.1153386933106834e-25)
(0.0016139142909291563 -0.022087784714383656 0)
(0.0012062365237295784 -0.022961347974757094 0)
(0.00083629947022809147 -0.022854070842082557 0)
(0.00051861467017258586 -0.021406343278817616 0)
(0.00026653176615778042 -0.018237345737973608 8.2483805048317691e-25)
(9.3320300666209995e-05 -0.012967987935967706 7.1137760392899932e-40)
(5.7629939525456542e-06 -0.0052440492875810117 -9.3669683363272704e-25)
(0.0060433390379888421 0.00035086664227963472 -2.7871188237697378e-26)
(0.0060681260651383618 0.00040938532279721242 0)
(0.0060925923845936711 0.0004649201803664528 0)
(0.0061166140005749162 0.00051714159744095591 0)
(0.0061400402892630487 0.00056561723962143546 0)
(0.0061626888516113009 0.00060978926633435562 0)
(0.0061843393722076402 0.0006489471329997349 0)
(0.0062047263680126141 0.00068219536117454895 0)
(0.0062235307167296744 0.00070841562228445823 0)
(0.0062403698689834841 0.00072622246259742619 0)
(0.0062547866741881862 0.0007339119954169487 0)
(0.0062662367903950035 0.00072940290443916081 0)
(0.0062740747076694831 0.00071016914335567929 0)
(0.006277538497724707 0.00067316378576554058 0)
(0.0062757335158369091 0.00061473358453599438 0)
(0.0062676154321829099 0.00053052395810960834 0)
(0.0062519731682903531 0.00041537436952566217 0)
(0.0062274125724132842 0.00026320447734043791 0)
(0.0061923420006924244 6.6892162731706239e-05 0)
(0.0061449613958625823 -0.00018185415553207318 0)
(0.0060832570042821318 -0.0004926241357421444 0)
(0.0060050045496702516 -0.00087642607545191265 0)
(0.0059077845353565145 -0.0013457831471850262 0)
(0.0057890143796319746 -0.0019147768995606425 0)
(0.0056460032638675035 -0.002598990275843737 -7.6979572916390658e-26)
(0.005476036824530562 -0.0034152731709055553 0)
(0.0052764999110892228 -0.0043812121795635036 1.9636485986808838e-25)
(0.0050450461386417223 -0.0055141324390214136 1.1240832448411681e-25)
(0.0047798221614140267 -0.006829397783660293 0)
(0.004479751405891878 -0.0083377186464122042 0)
(0.0041448750801477141 -0.010041150284331946 1.7706786135824193e-25)
(0.0037767363225729151 -0.011927505871037228 4.1717213698155215e-25)
(0.0033787758202612787 -0.013963068334402249 4.9308335813478846e-25)
(0.0029566853888095142 -0.016083805323481443 5.835238867392675e-25)
(0.0025186442573976609 -0.018185785596862646 6.8982146541377999e-25)
(0.0020753499037034009 -0.020116108043632164 4.0637039918207537e-25)
(0.0016397631049845944 -0.021666236650888061 0)
(0.0012265176650130671 -0.022569942946195087 0)
(0.00085097918738080496 -0.022507815327697168 0)
(0.00052806147087762511 -0.021119318896711089 0)
(0.00027153889314969183 -0.018021744995633301 0)
(9.511987072441795e-05 -0.012833487115712609 0)
(5.8788764513847859e-06 -0.0051976560784771208 0)
(0.0061068464137436027 0.00032681959603361954 0)
(0.0061299795505476524 0.0003855783178395235 0)
(0.0061528518546844768 0.00044146685022760236 0)
(0.006175337779177655 0.00049417977247148443 0)
(0.0061972857821815958 0.00054331360311581729 0)
(0.0062185132871948106 0.00058834494344600381 0)
(0.0062388006551155895 0.00062860433034371359 0)
(0.0062578840477001815 0.00066324517302809838 0)
(0.0062754470660750499 0.00069120711013219047 0)
(0.0062911110601778838 0.00071117309588679184 0)
(0.0063044240281500573 0.00072151950968090415 0)
(0.0063148480622006046 0.00072025858460743233 0)
(0.0063217453534858432 0.00070497247048129726 -3.3104440885320917e-26)
(0.0063243628482111585 0.00067273828886119634 -3.4261039708216432e-26)
(0.0063218157567524217 0.00062004360873191386 3.561001382351994e-26)
(0.0063130702649296395 0.00054269188716187541 3.7188003314401383e-26)
(0.0062969259914665548 0.00043569761379941269 0)
(0.0062719989905524595 0.00029317124385403896 0)
(0.0062367064289766804 0.0001081946443267507 0)
(0.0061892544927767681 -0.00012731102053917937 0)
(0.0061276316298823161 -0.00042272080375163271 0)
(0.0060496099185474647 -0.0007888366747894974 0)
(0.0059527582293666462 -0.0012379980923027587 0)
(0.0058344719131702225 -0.0017841451637363619 0)
(0.0056920249773347318 -0.0024427878983061279 -7.4014043324784257e-26)
(0.005522652062092577 -0.0032308057990953301 -8.3322392712865181e-26)
(0.0053236687548207998 -0.0041659603252828916 0)
(0.0050926394753309382 -0.0052659480805864042 0)
(0.0048276015933322652 -0.0065467590639967238 0)
(0.0045273514903606746 -0.0080200444574728465 0)
(0.0041917915237484693 -0.0096891671082100419 0)
(0.0038223248611522352 -0.011543644357430939 0)
(0.003422267206065466 -0.013551847017863534 0)
(0.0029972216294789069 -0.015652136426790857 0)
(0.0025553393935746917 -0.017743119403730873 0)
(0.002107374759135164 -0.019674327761791444 0)
(0.0016664477704729729 -0.021239236206347489 0)
(0.0012474589455099777 -0.022172873076432228 0)
(0.00086613436674245928 -0.022156065091665414 0)
(0.00053780857480797484 -0.020827390304778162 0)
(0.00027669950560141213 -0.017802242985231021 8.1852538701493071e-25)
(9.6970999601753938e-05 -0.012696448432935915 9.1516876039429362e-25)
(5.9971121119126146e-06 -0.00515036206522697 0)
(0.0063683976390446909 0.00062601616600575457 6.833063067507951e-26)
(0.0063590736035275914 0.00055540243155737001 7.130093523811459e-26)
(0.0063424760634914175 0.00045643299989270449 7.4798177651749343e-26)
(0.0063172315290947953 0.00032341000550030149 7.8929256679707763e-26)
(0.0062817663489198507 0.00014962122408159704 8.3826105641740061e-26)
(0.0062342934339051767 -7.2796178792484912e-05 8.9652454397533241e-26)
(0.0061728039993411222 -0.00035299773147539297 4.830633102554292e-26)
(0.0060950670790375439 -0.00070157215800780413 5.248159015643257e-26)
(0.0059986404690452423 -0.0011306659405400708 1.1502723277450271e-25)
(0.0058808978565431007 -0.0016540658563256256 1.2721324029069312e-25)
(0.005739078173406081 -0.0022871943127287693 1.4203726063851927e-25)
(0.0055703646659579966 -0.0030469430701966145 8.0074578917645469e-26)
(0.0053720025396020062 -0.0039512289305781989 0)
(0.0051414649315132278 -0.0050180994170167786 0)
(0.004876676640063392 -0.0062641511443171406 1.2165517328031294e-25)
(0.0045763023517298067 -0.0077019606105215837 2.8470158727288775e-25)
(0.0042400995451647291 -0.0093361912251033602 1.6774746721148877e-25)
(0.0038693242501788411 -0.011158071113791326 0)
(0.003467159482501596 -0.013138084721663329 0)
(0.003039112373505023 -0.01521703636875367 0)
(0.0025933010169275675 -0.017296145256607942 0)
(0.0021405350116907333 -0.019227471986765856 0)
(0.0016940976589341866 -0.020806609556960131 0)
(0.0012691666500339377 -0.021769946522324165 0)
(0.00088184521300437924 -0.021798628070705064 0)
(0.00054790950306072802 -0.020530385037831968 0)
(0.00028204285680645899 -0.017578704979305582 8.152696122478265e-25)
(9.88845167934852e-05 -0.012556787819878783 9.1260066991229702e-25)
(6.1184606216039948e-06 -0.0051021394926452045 0)
(0.0064155103021319012 0.00063259788134111125 3.2697687928053365e-26)
(0.0064056657330096752 0.00056860233410504937 6.8179822189202155e-26)
(0.0063886729598713922 0.00047752720910369481 1.0720600656905192e-25)
(0.0063631691763103293 0.00035386708212371652 3.7686118094217926e-26)
(0.0063275902633844628 0.00019111744354708706 8.0013676438236124e-26)
(0.006280156325506386 -1.8365382626243885e-05 1.2833370160992012e-25)
(0.0062188618974398664 -0.00028351254842726555 0)
(0.0061414735600847379 -0.00061469260750053557 5.0099853538233059e-26)
(0.0060455385921618426 -0.0010238497040693639 1.6481325895125519e-25)
(0.0059284094151040335 -0.0015246051632094174 6.0816791943274808e-26)
(0.0057872899673423973 -0.002132278712638777 1.3598869247731737e-25)
(0.0056193116635190679 -0.002863756392204324 7.6795427360348769e-26)
(0.0054216481236501442 -0.0037370899503223684 -1.7525474248041137e-25)
(0.0051916789617377666 -0.0047706561548441322 -1.0099442159599747e-25)
(0.004927212863141307 -0.0059816373457137586 1.1750963312958629e-25)
(0.0046267777778714056 -0.0073835184578505825 1.3790007958364281e-25)
(0.0042899797193334428 -0.0089822550921135197 -8.0723035492055901e-40)
(0.0039179196708939131 -0.010770791858428103 -1.9372411252980405e-25)
(0.0035136393483269483 -0.012721752517959751 -2.3101797796597662e-25)
(0.0030825417417720572 -0.01477843493119022 0)
(0.0026327056073542033 -0.016844747985547304 0)
(0.0021749937218735003 -0.018775381757231792 0)
(0.0017228564431422243 -0.020368161401623845 0)
(0.0012917597110279283 -0.021360945852465195 0)
(0.00089820218072924447 -0.021435284566488116 0)
(0.00055842510874770483 -0.020228103797049313 0)
(0.00028760249545259987 -0.017350973471274494 0)
(0.00010087297173490662 -0.01241440562239165 0)
(6.2438295465604221e-06 -0.0050529547769154115 0)
(0.0064631790936383986 0.00063972601506906033 0)
(0.0064528817964640932 0.0005822287980127201 3.2507493441566691e-26)
(0.0064355618049680187 0.00049891723062484288 3.4049601760000305e-26)
(0.0064098672019904535 0.00038447896983788009 -3.5885469889567335e-26)
(0.0063742437323632915 0.00023261890602291568 -6.2782578995652666e-41)
(0.0063269191411192988 3.5915574602598396e-05 4.070690942360876e-26)
(0.0062658918295239443 -0.0002143330158326438 -8.7741063783509419e-26)
(0.006188926518935981 -0.0005282683256384636 -4.7694351279213867e-26)
(0.0060935605235254891 -0.00091762270248532663 5.2337178472974491e-26)
(0.005977125398508574 -0.0013958396586220678 -5.8000903324774434e-26)
(0.0058367901650322514 -0.0019781207378812061 0)
(0.0056696339396617194 -0.0026813276209589278 0)
(0.0054727574813731054 -0.0035236256747906841 -2.5212034213987352e-25)
(0.005243444495564931 -0.0045236980209920046 -1.9422429327897794e-25)
(0.0049793837586841576 -0.0056992903672154612 0)
(0.004678961037933773 -0.0070647775983089548 -1.3339803487227764e-25)
(0.0043416237000951001 -0.0086273976036365559 -1.5819262318465147e-25)
(0.0039683089643072541 -0.010381816067430289 -1.8863470753202117e-25)
(0.0035619076194835638 -0.012302821535044172 -2.2568963737810735e-25)
(0.0031277091581725512 -0.014336257181898134 0)
(0.0026737456795501448 -0.016388802006509523 0)
(0.0022109300674883875 -0.018317881466621 0)
(0.001752883176978145 -0.019923673729922632 0)
(0.0013153707973938696 -0.020945625990304188 0)
(0.00091530695642868978 -0.02106578451030729 0)
(0.00056942434533125016 -0.019920317360701247 0)
(0.0002934167520553896 -0.017118865218577205 0)
(0.00010295084398944143 -0.012269184362100453 -9.072937230707049e-25)
(6.3742954474334778e-06 -0.0050027675828197993 -9.2815313322404085e-25)
(0.0065114211311581528 0.00064732780849580075 0)
(0.00650074941341854 0.00059620878852560211 0)
(0.0064831809543882818 0.00052052961899878489 0)
(0.0064573749095962465 0.00041517155417343711 0)
(0.0064217871990721416 0.00027405044495585587 0)
(0.0063746536436417034 8.9969980925615846e-05 0)
(0.0063139770478200293 -0.00014553795234910574 -4.1619080916810699e-26)
(0.0062375208639027539 -0.00044238081324405329 -4.5266153278534105e-26)
(0.0061428130037659238 -0.00081206960060232005 0)
(0.0060271645658208396 -0.0012678574113694724 0)
(0.0058877097344298855 -0.0018248116606459951 0)
(0.0057214748463182861 -0.0024997503385648032 0)
(0.0055254864658091946 -0.0033109301119498631 -8.0419257204726866e-26)
(0.0052969298714610862 -0.0042773162553642911 -9.3191431921669296e-26)
(0.0050333698854968124 -0.0054171938841075813 0)
(0.0047330442311818294 -0.0067458075578058063 0)
(0.0043952338183822588 -0.0082716658021021669 0)
(0.0040207025059396453 -0.0099911586260848107 0)
(0.0036121794005977005 -0.011881264416301504 0)
(0.003174829823466941 -0.013890424566141807 0)
(0.0027166305415184306 -0.015928171843067537 0)
(0.0022485403378842868 -0.017854778617104296 0)
(0.0017843534412107817 -0.019472904664241977 0)
(0.0013401474957444451 -0.020523712115060676 0)
(0.00093327354128099331 -0.020689844566150327 0)
(0.00058098512418334157 -0.01960676323847458 0)
(0.00029952928727186909 -0.016882167990296171 0)
(0.00010513478232116504 -0.012120986245861217 -9.0454901503129542e-25)
(6.5111282938192895e-06 -0.0049515297859137946 -9.263226205696615e-25)
(0.006560242153104948 0.00065531977311790164 0)
(0.0065492855955850008 0.00061045826943376342 -2.9282187650497402e-26)
(0.0065315589860489107 0.00054227967778357384 1.1209977832078668e-40)
(0.0065057327141293799 0.00044585924130752962 3.2222674151776746e-26)
(0.0064702731667716376 0.00031532520440503558 0)
(0.0064234246616703943 0.000143709237870297 0)
(0.0063631949362557352 -7.7218264111901598e-05 0)
(0.0062873467666312672 -0.0003571238631499481 0)
(0.0061933992373592733 -0.00070728757057814963 0)
(0.006078643418203372 -0.0011407592252297405 0)
(0.0059401787542439537 -0.0016724557172371494 0)
(0.0057749783210137851 -0.0023191312917735249 6.6777110517763012e-26)
(0.0055799931142083738 -0.0030991105475256793 7.6765010660120082e-26)
(0.0053523073508230223 -0.004031615303289055 0)
(0.0050893576137248644 -0.0051354443725080733 0)
(0.0047892273009559677 -0.0064266897257671245 1.2423631945712906e-25)
(0.0044510223949369944 -0.0079151168749938567 1.4839309639751261e-25)
(0.004075322849782975 -0.0095988417927511897 0)
(0.0036646840854598723 -0.011457057106598377 0)
(0.0032241350816584148 -0.013440856320512628 0)
(0.0027615870100632703 -0.015462712936289346 0)
(0.0022880389459814998 -0.017385863791726287 0)
(0.001817460558074643 -0.019015587413518685 0)
(0.0013662535949818227 -0.020094897540398705 0)
(0.0009522294497232341 -0.020307145071457696 6.1066458697434152e-25)
(0.00059319527663721989 -0.01928714204919247 7.0389889422641016e-25)
(0.00030598971352238663 -0.01664063698657272 0)
(0.00010744387830152726 -0.011969650389907563 0)
(6.6558198745914574e-06 -0.0048991843032097681 0)
(0.0066096324737228065 0.00066360691646108905 0)
(0.0065984927744751776 0.00062488136479848795 -2.7642137814800115e-26)
(0.0065807108134929267 0.00056407055665984372 -2.8873311031745638e-26)
(0.0065549683542949757 0.0004764439901779004 2.8260243395566362e-39)
(0.0065197425227374959 0.00035634360464336799 0)
(0.0064732865398210923 0.0001970317565743171 0)
(0.0064136136008448074 -9.4781111102351294e-06 0)
(0.0063384864040203805 -0.00027260479716388598 0)
(0.0062454157987722643 -0.00060338760805984243 0)
(0.0061316732831478227 -0.0010146600454674862 -9.8811262889246291e-26)
(0.0059943236912185843 -0.0015211716199688692 -1.1125020660976956e-25)
(0.0058302863743404524 -0.0021395920273966119 6.3378949208481934e-26)
(0.0056364353662494157 -0.002888289322920188 7.3077339414817315e-26)
(0.0054097510920408862 -0.0037867147513842361 0)
(0.0051475373851852099 -0.0048541532079110642 1.0047992470599239e-25)
(0.0048477166168873981 -0.0061075196001241262 1.1957379370344893e-25)
(0.0045092106835324091 -0.0075578204961834969 -8.688308310151153e-39)
(0.0041324040711428547 -0.0092048975388050337 0)
(0.0037196651306680827 -0.011030181034487574 -2.091986009778286e-25)
(0.0032758726382444135 -0.012987471280103293 -2.5320236589731959e-25)
(0.0028088600580536706 -0.014992272812276939 3.057817790280185e-25)
(0.0023296594477773 -0.016910910906865636 3.6748578291253919e-25)
(0.0018524168775738655 -0.018551429386485394 0)
(0.0013938704872627119 -0.019658841597715217 5.1817584621974769e-25)
(0.00097231704260645742 -0.019917326817339303 6.0572129440064387e-25)
(0.00060615363951064302 -0.018961113599723661 -4.6599537133646296e-38)
(0.00031285430427127657 -0.016393990891757859 0)
(0.00010989998161138044 -0.011814989719941053 -8.9885236839582871e-25)
(6.8101170993587054e-06 -0.0048456637725955501 -9.2251968848617771e-25)
(0.0066595618213505653 0.00067208189864745717 0)
(0.0066483537188995754 0.00063936943688521538 0)
(0.0066306326995618729 0.00058579224981329225 -2.7112964501809555e-26)
(0.0066050920197950414 0.00050681423103833643 -2.8486859471512403e-26)
(0.0065702197971041773 0.00039699218088961539 0)
(0.0065242785481853457 0.00024982171611965295 0)
(0.0064652874453204239 5.7563766838299536e-05 0)
(0.0063910097167525172 -0.00018894587806505173 0)
(0.0062989485938390617 -0.00050049603807703644 0)
(0.0061863564965604747 -0.00088969057101886029 -9.2987495107795469e-26)
(0.00605026382192416 -0.0013710942925308932 -1.0493550830995205e-25)
(0.0058875357729111571 -0.0019612707718906892 0)
(0.0056949680331873989 -0.002678605882125022 0)
(0.0054694344357105983 -0.0035427515624124641 0)
(0.0052081013503243118 -0.0045734490983050597 9.6106546008041105e-26)
(0.0049087230051589169 -0.0057884094072022853 0)
(0.004570027340326549 -0.0071998615843208774 -1.3833099878834085e-25)
(0.0041921907208446914 -0.008809370343878466 0)
(0.003777379532745131 -0.010600625775047319 -2.0351731447102356e-25)
(0.0033303065792832909 -0.012530190166867973 -2.4730088132715754e-25)
(0.00285871336135394 -0.014516692693626586 2.9975816187826924e-25)
(0.0023736555556317278 -0.016429677822798045 3.6146743721653601e-25)
(0.0018894551382960503 -0.018080111525262454 0)
(0.001423198700928433 -0.019215167559707255 5.1263008702464218e-25)
(0.00099369501782550014 -0.019519987673414344 0)
(0.0006199712877248088 -0.018628292640574751 -6.9508822657434256e-25)
(0.00032018680904421045 -0.016141907516621781 0)
(0.00011252806616581125 -0.01165678750068332 -8.9588524639921836e-25)
(6.9760613561678032e-06 -0.0047908890569475773 -9.2053594149502588e-25)
(0.0067099728001310264 0.00068062411583585806 0)
(0.0066988250800226502 0.00065380007239189354 2.4315419954718199e-26)
(0.0066812959064902529 0.00060732048317839612 2.5337889556063379e-26)
(0.0066560901291088121 0.00053684365286473239 0)
(0.0066217070913436021 0.00043714227056179439 0)
(0.0065764189845350105 0.00030194765010037853 0)
(0.0065182514742155905 0.00012377253335586554 0)
(0.0064449689375700179 -0.00010628593344947423 0)
(0.0063540676339843699 -0.00039875625390485867 0)
(0.0062427814477219448 -0.0007659991211715183 0)
(0.0061081065744142838 -0.0012223768829179855 0)
(0.0059468537054635749 -0.0017843246144090177 0)
(0.0057557388195506624 -0.0024702191522310447 0)
(0.0055315263180334088 -0.0032998826793564171 0)
(0.0052712402156106699 -0.0042934809282818955 0)
(0.004972459078654152 -0.0054694911797965205 0)
(0.0046337062904586957 -0.0068413435690386744 0)
(0.0042549362824008449 -0.0084123205447380767 0)
(0.0038380969219949318 -0.010168392298254971 0)
(0.00338771712719565 -0.012068938467760158 0)
(0.0029114297044769192 -0.014035809661709225 0)
(0.0024203021270008205 -0.015941907409458542 0)
(0.0019288299048699101 -0.017601287936434805 0)
(0.0014544595836897324 -0.018763460651160836 0)
(0.0010165400863055847 -0.019114679067036119 5.9543345028591829e-25)
(0.00063477294331577578 -0.018288244271127123 6.9049374364225026e-25)
(0.00032805939692779945 -0.015884018976835751 0)
(0.00011535665871199275 -0.011494793438683719 0)
(7.156035447439523e-06 -0.0047347675434335221 0)
(0.0067607726753070359 0.00068909871038199755 0)
(0.0067498292597716588 0.00066803597184271056 2.2632590332031042e-26)
(0.0067326386749792149 0.00062851547983446563 2.3550000907767516e-26)
(0.0067079174485658701 0.0005663898427627522 0)
(0.0066741763682265703 0.00047664852558280474 0)
(0.0066296976670886269 0.00035326083115244872 0)
(0.0065725140186887257 0.00018899551109195409 0)
(0.0065003915824607093 -2.4782236011425014e-05 3.2820251730417635e-26)
(0.0064108203272548337 -0.00029833074100428606 3.6266860076112548e-26)
(0.0063010162029027575 -0.0006437538161684636 0)
(0.0061679415180816172 -0.0010751931204899278 -4.6076996782940576e-26)
(0.0060083521747697627 -0.0016089320668972128 -5.3009140991528677e-26)
(0.0058188831563396898 -0.0022633103381236985 0)
(0.0055961865895256717 -0.0030582880865150756 -7.2994784938242237e-26)
(0.0053371390983976991 -0.0040144211095774068 -8.7209036857586749e-26)
(0.0050391356855612832 -0.0051509203971347685 1.0523155535651303e-25)
(0.0047004838335077083 -0.0064823922775056634 0)
(0.0043209009983100352 -0.0080138283592343651 0)
(0.0039020981652731906 -0.0097334969320993173 3.8367987895495517e-25)
(0.0034484000527446818 -0.011603650036387209 2.3513419955667764e-25)
(0.0029673111924028031 -0.013549459501860081 0)
(0.0024698961036683821 -0.015447329188311456 3.4898719573147117e-25)
(0.001970819082454168 -0.017114585917123459 4.2037596357030677e-25)
(0.0014878971568997772 -0.018303266208394283 0)
(0.001041048866797798 -0.018700902332931028 5.90058876758686e-25)
(0.00065069859684017929 -0.017940478964856944 6.8575260698744575e-25)
(0.00033655375702318742 -0.015619906345099363 0)
(0.00011841834474606872 -0.011328719289985686 0)
(7.3528201007557421e-06 -0.0046771912015081433 0)
(0.0068118231433363912 0.00069735551346338063 2.0297546853823272e-26)
(0.0068012442569099756 0.00068192374192342219 0)
(0.0067845561807109954 0.00064922059649292444 -2.1751468401610386e-26)
(0.0067604871965079834 0.00059529276262596962 0)
(0.0067275597431343051 0.00051534722638857118 2.4060091382072874e-26)
(0.0066840664542848162 0.00040359341976814017 2.5677140956359526e-26)
(0.006628047527489747 0.00025306016206936394 0)
(0.0065572715560221753 5.5387305394985942e-05 6.0554139086961643e-26)
(0.0064692229418255665 -0.00019940344827479442 1.0055442003221967e-25)
(0.0063611003716728832 -0.00052314514295021637 3.7624852315429257e-26)
(0.0062298326781267867 -0.00092974009769750121 -4.2843515993215859e-26)
(0.0060721208072586873 -0.0014352960910708778 4.4980172650607254e-40)
(0.0058845175558841275 -0.0020580862304291746 5.7981563781585041e-26)
(0.0056635599699718141 -0.0028181744359609753 -6.8828451979279887e-26)
(0.0054059721432432456 -0.0037364695559194759 -8.267954703715384e-26)
(0.00510895725553797 -0.0048328803146265751 1.003211844007611e-25)
(0.0047705947939825381 -0.0061231605797382078 0)
(0.0043903489005898888 -0.007613998734273676 0)
(0.0039696733435295659 -0.0092959761986814299 3.7165366591012885e-25)
(0.0035126656414770302 -0.011134271582137043 2.2884789827282462e-25)
(0.0030266792004077798 -0.013057480394084659 0)
(0.0025227573667983127 -0.014945661700428735 3.4249592063057738e-25)
(0.0020157255047946621 -0.016619606498916858 4.1401707527159573e-25)
(0.0015237801634296912 -0.017834088067182171 0)
(0.0010674400387103286 -0.018278104958225246 0)
(0.00066790538473927906 -0.017584447182596115 0)
(0.00034576239116052579 -0.015349093702579648 0)
(0.00012175037057147127 -0.011158233889094897 0)
(7.569662673042279e-06 -0.0046180343541631494 0)
(0.0068629277137804093 0.00070522793468549968 1.8692992974720845e-26)
(0.0068528911075564445 0.00069529259834948034 1.9239584778100635e-26)
(0.0068368880760118151 0.0006692608306088486 -3.9889576291216779e-26)
(0.0068136587326849563 0.00062337305344362863 1.3007701540736218e-40)
(0.0067817373713758514 0.00055305437811137346 4.4003811723698696e-26)
(0.0067394273832260083 0.00045275634814844872 2.3470553264057136e-26)
(0.0066847770124963757 0.00031577175501486021 2.5339334912843275e-26)
(0.0066155579616638824 0.00013402159059464885 5.5436842024163187e-26)
(0.0065292498393653602 -0.00010218257429359107 6.1502664032730063e-26)
(0.0064230348227394506 -0.00040438898746692967 3.4625309475797835e-26)
(0.0062938087939736816 -0.0007862415711240141 -3.9584382876269767e-26)
(0.0061382177158007664 -0.0012636476996201196 -2.0403802081884796e-39)
(0.0059527311434613506 -0.0018547831463296127 5.4115865567564847e-26)
(0.0057337683176481571 -0.002579779370991886 0)
(0.0054778956036047816 -0.0034598584258379245 0)
(0.0051821157759250874 -0.0045155871393235221 0)
(0.0048442674803651732 -0.0057638339612364519 0)
(0.0044635438424652143 -0.0072129671989932748 0)
(0.004041118936796091 -0.0088558927157740518 0)
(0.0035808370853036321 -0.010660768246623145 -2.2240924908538114e-25)
(0.0030898739723764904 -0.012559717648563192 -2.7421395520073498e-25)
(0.0025792294586248305 -0.014436615786537731 0)
(0.0020638785851164127 -0.016115925664256295 -4.0745510611845778e-25)
(0.0015624043308997046 -0.017355387282967497 0)
(0.0010959567970036772 -0.017845676760092653 5.7874958538015325e-25)
(0.00068656977447142703 -0.017219533540396247 0)
(0.00035579014214983491 -0.015071041501713327 7.7779767487988155e-25)
(0.000125395365185633 -0.01098295749702765 8.8292794551763063e-25)
(7.8103614788485576e-06 -0.0045571511056267016 0)
(0.0069138163048775092 0.0007125318255509275 -1.8894704069028844e-40)
(0.0069045185077724371 0.00070795299834128277 1.7535138642146405e-26)
(0.0068894031909314873 0.00068844120783874494 -1.8132873819246579e-26)
(0.0068672223952053147 0.00065043016605022426 -2.7692198393030109e-40)
(0.0068365224838680362 0.00058956357520328375 1.9935904427607564e-26)
(0.0067956179717684039 0.00050053691113023625 0)
(0.0067425656887772174 0.0003769106759512978 2.2955086820986126e-26)
(0.006675141154878445 0.00021089335076361995 2.5145701993913726e-26)
(0.0065908200185752193 -6.9038434274196243e-06 0)
(0.0064867687959244205 -0.00028773022561299957 0)
(0.0063598510796159195 -0.00064495189089777477 -3.9830141301624292e-56)
(0.0062066579894830476 -0.0010942502572933483 -1.8814152718179131e-39)
(0.0060235749596035826 -0.0016536716449357209 0)
(0.0058069008309266376 -0.0023433767037647859 6.0351697666927797e-26)
(0.0055530390349868919 -0.0031848578057970239 7.3441370914819501e-26)
(0.0052587830754899263 -0.0041992962386255012 0)
(0.0049217171647500928 -0.0054046372258318588 1.1181118515850776e-25)
(0.0045407442808646564 -0.0068109069413022638 1.3912655681284073e-25)
(0.0041167340069526359 -0.0084133423959393203 0)
(0.0036532481333252393 -0.010183130509337064 -2.1580291859815133e-25)
(0.003157253748240879 -0.012056029728850793 -2.6739086693071284e-25)
(0.0026396800995114045 -0.013919899008048145 0)
(0.002115636005542433 -0.01560309642940603 -4.0066556909390489e-25)
(0.0016040948673891817 -0.016866581318312326 0)
(0.0011268696561509775 -0.017402946050538159 5.7276335427613678e-25)
(0.00070689011686368838 -0.016845050499010913 0)
(0.00036675600946662625 -0.014785139137245242 7.7328619917921129e-25)
(0.00012940221142598829 -0.010802455343670412 8.7931708920040745e-25)
(8.0793702153204988e-06 -0.0044943723543756278 0)
(0.0069641266449584549 0.00071906436046378691 0)
(0.0069557841910367511 0.000719695237978056 0)
(0.0069417809477744681 0.00070654507470950284 0)
(0.0069208810213549658 0.0006762403306723692 0)
(0.0068916430913977698 0.00062464363219664153 0)
(0.0068523931907292267 0.00054669604502497317 0)
(0.0068011973057185929 0.00043622934371100193 0)
(0.0067358355288184837 0.00028574568958356035 0)
(0.00665378045484757 8.6165647789226109e-05 0)
(0.0065521838989336277 -0.00017344697405476667 0)
(0.006427877982061409 -0.00050616068074494877 3.2988262526316557e-26)
(0.0062773993194720377 -0.0009274046251748115 3.875303315954669e-26)
(0.0060970485606118372 -0.0014550621811413834 0)
(0.0058830017334253817 -0.0021092826309208551 5.6035182182823913e-26)
(0.005631494179188375 -0.0029117825366786394 6.8723895816513238e-26)
(0.0053391010282648321 -0.0038843096041366915 0)
(0.005003137732669089 -0.005045842569507436 1.0622290035112421e-25)
(0.0046221965002861236 -0.0064080373673034048 1.3309714581888195e-25)
(0.0041968151138765571 -0.0079684632202208748 0)
(0.0037302397868496026 -0.0097013827128246983 0)
(0.003229193259055707 -0.011546295856905968 -2.603543178674145e-25)
(0.0027045013956445967 -0.013395221490119919 -3.2178417516830988e-25)
(0.0021713853974591676 -0.015080652037124245 0)
(0.0016492091944942777 -0.016367043872655231 0)
(0.0011604796482952966 -0.016949175867781732 0)
(0.00072908963092942962 -0.016460231546400445 0)
(0.00037879531299800135 -0.014490696606564924 0)
(0.00013382710234824375 -0.010616230213081735 0)
(8.3819282723095103e-06 -0.0044295023024999271 0)
(0.0070133820850332481 0.00072460300097117094 0)
(0.0070062326406507098 0.00073028807166491136 0)
(0.0069935890437331436 0.00072333234276535389 0)
(0.0069742276820170283 0.00070055439789748464 0)
(0.0069467198634122918 0.00065803599684004883 0)
(0.0069094035900981532 0.00059096529158614709 0)
(0.0068603546331881182 0.00049344870622558968 0)
(0.0067973584814252988 0.00035828809490103306 0)
(0.0067178856762705698 0.00017672294077805312 0)
(0.006619074424422282 -6.1855602680420418e-05 0)
(0.0064977263741368314 -0.00037019839785857152 0)
(0.0063503242041461124 -0.00076345530498123115 0)
(0.0061730833741173372 -0.0012593118815864878 0)
(0.0059620549198211885 -0.0018778631964580376 0)
(0.0057133010432138505 -0.0026410004173686137 0)
(0.0054231692131877793 -0.0035709848281034011 0)
(0.0050886910762579247 -0.0046877793060516948 0)
(0.0047081258938368835 -0.0060046344478057404 0)
(0.0042816496288884884 -0.0075214459129819521 0)
(0.0038121557566016531 -0.0092155935523548903 0)
(0.0033060813681500614 -0.011030425553438835 -2.5307971313371693e-25)
(0.0027741095819602789 -0.012862303530017351 -3.1438320057523496e-25)
(0.0022315459265835119 -0.014548110562921849 0)
(0.0016981398978187403 -0.015856105581893969 0)
(0.0011971219501524519 -0.016483560389183697 0)
(0.00075341988761341567 -0.016064223855724084 0)
(0.00039206227297758925 -0.014186935125703917 0)
(0.00013873482585263316 -0.010423713890036105 0)
(8.7242243529454468e-06 -0.004362314350617299 0)
(0.0070609654731971505 0.00072890463696896396 -1.2280818845677733e-26)
(0.0070552687556550628 0.00073947743971731507 0)
(0.0070442569870162791 0.000738537759421756 0)
(0.0070267191813977031 0.00072309561215629461 1.3118365088499669e-26)
(0.0070012396996710514 0.00068945198898841221 1.3724005412093304e-26)
(0.0069661690656234515 0.00063304346912987819 0)
(0.0069195935598501844 0.00054825431486002485 0)
(0.0068593049943633001 0.00042819189086811161 0)
(0.006782772981690173 0.00026442402160693594 0)
(0.0066871233765039622 4.668340368870215e-05 -2.2424745688757196e-26)
(0.0065691285620247068 -0.00023744290021326809 -2.6288850973279719e-26)
(0.0064252181108779179 -0.00060279774720343657 0)
(0.00625152219231641 -0.0010668326406923464 -3.8233378540415015e-26)
(0.0060439649579624331 -0.0016495432324021761 -4.7228961281951959e-26)
(0.0057984305890610571 -0.0023729420470437745 0)
(0.0055110294734941299 -0.0032597458839091148 0)
(0.00517849370928065 -0.0043308455653892214 0)
(0.0047987258213819384 -0.0056010432021990778 0)
(0.0043715070141862964 -0.0070725468971689466 0)
(0.0038993363079145751 -0.008725888935106842 0)
(0.0033883175506215987 -0.010508370534637624 0)
(0.0028489440685243298 -0.012320885387553066 0)
(0.0022965696340474851 -0.014004981313904147 -3.7862001369362503e-25)
(0.0017513178301521567 -0.015333055883825908 -4.6108813309230421e-25)
(0.0012371699477605137 -0.01600522169139669 1.1061116484697893e-24)
(0.00078016485117121529 -0.015656080423570317 1.3055969275263149e-24)
(0.00040673307818858164 -0.013872976557030832 0)
(0.00014420032742518691 -0.010224257253283443 0)
(9.1136028091802975e-06 -0.0042925462413847034 0)
(0.0071060888296715875 0.00073170503320663333 -1.0703629327348829e-26)
(0.0071021271695449577 0.00074698542665438265 0)
(0.0070930451435834117 0.00075186931878585184 0)
(0.007077644934928037 0.00074355741756042303 1.1200846927820054e-26)
(0.0070545245620994021 0.0007185699471614573 1.1663922692939476e-26)
(0.0070220477872599638 0.00067259310996133732 0)
(0.0069783122802680201 0.00060029200801997465 0)
(0.0069211172593581427 0.00049508512804437679 0)
(0.0068479327038336738 0.00034887788123525148 0)
(0.0067558735699620827 0.00015175863940757657 -1.9330924245533644e-26)
(0.0066416844369739346 -0.00010832714448801553 -2.2902649949719758e-26)
(0.0065017429102534564 -0.00044588698401569683 0)
(0.0063320941101869975 -0.00087810073884098919 -3.4148733003202718e-26)
(0.0061285337541477219 -0.0014248170200373736 -4.2732765425164033e-26)
(0.005886763349856469 -0.0021081125880682513 0)
(0.0056026467089653389 -0.002951096030261155 0)
(0.0052725999636119448 -0.0039755223213761891 0)
(0.0048941434399080051 -0.0051976927140191288 0)
(0.0044666275087896301 -0.0066221039624456421 0)
(0.0039921099914368742 -0.0082324676775964618 0)
(0.0034763067793862792 -0.0099801394615867314 0)
(0.0029294654441919506 -0.011770739760483236 2.9863964562586278e-25)
(0.0023669422864111317 -0.013450773491696242 9.576151322833525e-39)
(0.0018092152263795892 -0.014797146435071594 -4.5329166310145468e-25)
(0.0012810396983766955 -0.015513207096033264 1.0914901807733398e-24)
(0.00080964551338880673 -0.015234751733534127 1.2923837561916095e-24)
(0.00042300951112413912 -0.013547831504173574 0)
(0.0001503106062568919 -0.010017118768348815 0)
(9.5588244097480984e-06 -0.0042198942842927075 0)
(0.0071477587042818782 0.00073271875091489519 0)
(0.0071458370562541059 0.00075250961800203318 0)
(0.0071390090768617982 0.00076300697420040372 0)
(0.0071260909513170545 0.00076160144707374791 0)
(0.0071056952328325167 0.00074503241760566572 9.6197059059630648e-27)
(0.0070761998928435803 0.00070923677698398358 3.0450142984656381e-26)
(0.0070357151096815266 0.00064916328904732396 2.1928298842185696e-26)
(0.0069820488234845508 0.00055854696340041461 1.2156797725912577e-26)
(0.006912672914848675 0.0004296398455081695 1.385442379238894e-26)
(0.0068246931604858986 0.00025290001186845437 0)
(0.0067148280973617939 1.6651907986906809e-05 0)
(0.0065794048536245275 -0.00029324772067702192 0)
(0.0064143841420017103 -0.00069366816950140644 0)
(0.0062154320911534961 -0.0012042609098418622 0)
(0.005978063169853708 -0.0018471057371176373 0)
(0.0056978850977548396 -0.002645633174487801 0)
(0.0053709809745079084 -0.0036223901316856598 0)
(0.0049944617359790958 -0.0047951141092413066 0)
(0.0045672074867492271 -0.0061705551278622836 0)
(0.0040907825770633982 -0.0077356205742162105 0)
(0.0035704522070728432 -0.0094458161201712854 0)
(0.003016151921128946 -0.01121168754709723 2.9021421624618583e-25)
(0.0024431833353576612 -0.01288500770449842 3.621167201053568e-25)
(0.0018723485649576831 -0.014247596582446466 4.4503773099578254e-25)
(0.0013291946605169475 -0.015006487442716628 5.3796116155661415e-25)
(0.0008422251061351979 -0.014799077058828301 0)
(0.00044112318196715085 -0.013210385947826711 0)
(0.0001571670017508863 -0.0098014511053698995 0)
(1.0070395838027634e-05 -0.0041440064606806807 0)
(0.0071847373085257692 0.00073163976265681473 1.5256135069385128e-26)
(0.0071851824605244806 0.00075572307773075274 0)
(0.0071809591549413026 0.00077160187438807281 1.4805458923741123e-26)
(0.0071708988232681604 0.0007768559113764601 1.4861100101483588e-26)
(0.0071536298261898612 0.00076844359046166183 7.6002081655775694e-27)
(0.0071275456922315437 0.00074255344523453985 2.3889082771101198e-26)
(0.0070907705855364472 0.00069442055754117562 1.7175090910538015e-26)
(0.0070411228278195476 0.00061810165473910291 9.5654870119491882e-27)
(0.0069760780754074339 0.00050620425697000702 1.101978519562592e-26)
(0.006892734994681027 0.0003495700467854947 0)
(0.0067877882199797526 0.00013692315235581189 0)
(0.006657516311437948 -0.000145485969215621 0)
(0.0064977966714626799 -0.000514175820731499 0)
(0.0063041651386694401 -0.00098854810783589116 0)
(0.0060719451238641746 -0.0015906201736116765 0)
(0.0057964787726598127 -0.0023440680242618681 0)
(0.0054734984630579343 -0.0032721489794161817 0)
(0.0050996767677138777 -0.0043939619497866764 0)
(0.0046733805121814253 -0.0057184612192223644 0)
(0.0041956222549557028 -0.0072357534292622778 3.4294770950693273e-25)
(0.0036711447747809723 -0.0089055816941664978 4.4196044852914098e-25)
(0.0031094934520158805 -0.010643617611278291 0)
(0.0025258443561930136 -0.01230723105220841 0)
(0.0019412807143571907 -0.013683601545564384 4.3625581046561093e-25)
(0.001382150415412851 -0.014483956778664682 5.2962501926403943e-25)
(0.00087831478603984589 -0.014347775629312059 0)
(0.00046134038349647933 -0.012859386346621577 0)
(0.00016488792186553387 -0.0095762855943109706 -1.7031351927773512e-24)
(1.0660984855248009e-05 -0.0040644741730331392 -1.7792479534070533e-24)
(0.0072154998043666247 0.00072814303288013275 1.2297262917904563e-26)
(0.0072186584727407799 0.0007562752319224392 0)
(0.0072174156720181985 0.00077727641773743094 1.1405787841952772e-26)
(0.0072106198888255181 0.00078891468541140682 1.1195497737217551e-26)
(0.0071969171203744003 0.00078836727759856371 0)
(0.0071747183406986499 0.00077207523125784794 0)
(0.0071421636973905854 0.00073556245590705878 0)
(0.0070970840529564986 0.00067321239939123305 1.39902913073354e-26)
(0.0070369611976153585 0.00057799669281420694 1.6396620777347194e-26)
(0.0069588892350470827 0.00044115438553243098 0)
(0.0068595415248837782 0.00025183004219640753 0)
(0.006735150478853493 -3.3022143741646697e-06 0)
(0.0065815118182534181 -0.00034036857288738073 0)
(0.0063940309102072414 -0.00077846576489856267 0)
(0.0061678364962326109 -0.0013394786974524075 0)
(0.0058979957541601125 -0.0020472453153433006 0)
(0.0055798720583706274 -0.0029256415812413182 0)
(0.0052096688195035577 -0.0039950394891944295 0)
(0.0047851927792770584 -0.0052665326990097181 0)
(0.0043068398072226583 -0.0067334146918268476 3.2610586349562852e-25)
(0.0037787485058561002 -0.0083597418778285741 4.2402959369403837e-25)
(0.003209982381541149 -0.010066511391594025 0)
(0.0026155049861185825 -0.011717036677899542 0)
(0.0020166215991211742 -0.013104344169266237 -4.2686338945847226e-25)
(0.0014404788654343234 -0.013944434162594086 -1.0412856361696857e-24)
(0.00091837952791607455 -0.013879438064727944 -6.2317414479398961e-25)
(0.00048396750183434087 -0.012493423231181536 0)
(0.00017361204602642425 -0.0093405142455920912 -1.6905571983119277e-24)
(1.1345940373763465e-05 -0.0039808223709844222 -1.7698480468622101e-24)
(0.0072381885120223304 0.00072188739573881471 0)
(0.007244423942863531 0.00075379401627035855 0)
(0.0072465600952431311 0.00077962550486493636 0)
(0.0072434650742588111 0.00079733749009683211 0)
(0.0072338051022840339 0.0008043258399440975 0)
(0.0072160112402526212 0.00079728487963538915 0)
(0.0071882423528438124 0.00077202973138312076 0)
(0.0071483447143210095 0.00072327539683831113 8.918997533456962e-27)
(0.0070938092920092089 0.00064436606802290453 1.0806499044046553e-26)
(0.0070217288363637548 0.00052695178881545241 0)
(0.0069287587078585688 0.00036061837279297151 0)
(0.0068110882322656458 0.00013249405148833037 0)
(0.0066644337179290643 -0.00017311223105770309 0)
(0.0064840704845705293 -0.0005749343750229704 0)
(0.0062649294719952344 -0.0010946501532802862 0)
(0.0060017936454080508 -0.0017561683067475159 0)
(0.0056896385391444716 -0.0025838804521837568 0)
(0.0053241657501482851 -0.0035993281880021357 0)
(0.0049025711516738971 -0.0048156612690077689 0)
(0.0044245619400558782 -0.0062293283559175247 0)
(0.003893579704553435 -0.0078087596493731058 0)
(0.003318098952043989 -0.0094804733340671347 0)
(0.0027127648653403713 -0.011114088884950848 0)
(0.0020990261585561486 -0.012509011369526424 -4.1676408257624021e-25)
(0.001504811022860119 -0.013386668575136524 -1.0218061793899756e-24)
(0.00096294370634297311 -0.013392518748077861 -6.1408927862254402e-25)
(0.00050935678148129231 -0.012110913508427947 0)
(0.00018350199430107575 -0.0090928691321317777 0)
(1.2143937921391337e-05 -0.0038924977661261555 0)
(0.007250565276170848 0.0007125201233506304 0)
(0.007260251901922571 0.00074788972420577104 0)
(0.0072661835130413167 0.00077821946785759384 0)
(0.0072672513787729893 0.00080165168517697203 0)
(0.007262145545005135 0.00081580061146354699 0)
(0.0072493208218411013 0.000817614576049895 1.6537490168203712e-27)
(0.0072269585398497538 0.00080320219354737923 1.6805288115577445e-27)
(0.0071929242497567889 0.00076761471161236638 0)
(0.0071447220991328721 0.0007045771789448654 0)
(0.0070794476137085388 0.0006061641586419215 0)
(0.0069937423074293544 0.00046242360779611303 0)
(0.0068837563204749196 0.00026096881837087312 0)
(0.0067451296123399616 -1.3411984349862748e-05 0)
(0.0065730086072907099 -0.00037902927299070276 0)
(0.0063621238867293062 -0.00085727403942835977 0)
(0.0061069651865057091 -0.0014720265573816328 0)
(0.0058021008695161866 -0.0022480788667929392 0)
(0.0054426962209172588 -0.0032080217697454633 0)
(0.0050252813429329688 -0.0043669566920648507 0)
(0.0045487952306643197 -0.0057244327706730625 0)
(0.0040158775024718308 -0.0072532945825406429 0)
(0.0034342891936042499 -0.008885768275404559 0)
(0.0028182293200126221 -0.010498155169492651 0)
(0.0021891876788532744 -0.011896816745222907 0)
(0.0015758369315427409 -0.01280934834190115 0)
(0.0010125954370641477 -0.01288533022520735 0)
(0.00053791201483965629 -0.011710082013886947 0)
(0.00019474837706706864 -0.008831899085440225 0)
(1.3077769874966238e-05 -0.0037988548523504471 0)
(0.0072499638048040124 0.00069968363868559453 4.1885588660970104e-27)
(0.0072634794341552315 0.00073816107660730165 3.0699933463569238e-27)
(0.0072736339287833365 0.00077260926455822922 1.9802931408175582e-27)
(0.0072793465142590424 0.00080135632730680344 0)
(0.007279335966010823 0.00082223453510487157 0)
(0.0072720858542686517 0.00083244685560258783 -3.0647071674837929e-28)
(0.0072558050904277934 0.0008283975779644334 -4.8737851474205762e-28)
(0.0072283837246425982 0.00080547877388932642 0)
(0.0071873444135555813 0.00075780453294473267 0)
(0.0071297908584585633 0.00067788741192225939 0)
(0.0070523560815904827 0.00055625854554714176 0)
(0.0069511560603563458 0.00038104780750159849 0)
(0.0068217585019035576 0.00013756825756744789 0)
(0.0066591830028496354 -0.00019200368688708654 -2.893334071818854e-26)
(0.006457957952937435 -0.00062868738035664858 -4.51067350165638e-26)
(0.0062122711920384469 -0.0011962267032359331 0)
(0.0059162641902310549 -0.0019196855951105053 0)
(0.0055645296452327356 -0.002822564881502238 0)
(0.0051528728190855392 -0.0039217891208450928 0)
(0.0046793770876356897 -0.0052199259242901907 0)
(0.0041457620742412059 -0.0066942495946806079 0)
(0.0035589315817692352 -0.0082828670551800387 0)
(0.0029324854060765303 -0.0098691468224668347 0)
(0.002287823552181861 -0.011267031288188387 0)
(0.0016543004018877453 -0.012211117055603271 0)
(0.0010679881181026899 -0.012356041331692814 0)
(0.00057009335840183916 -0.011288943370661542 0)
(0.00020757400409717944 -0.0085559439594020837 0)
(1.4175294277205135e-05 -0.0036991395005005782 0)
(0.0072332444587981147 0.0006830248837999183 1.8485312808621824e-27)
(0.0072509594105097178 0.00072420412008914706 5.3633829000947274e-28)
(0.0072657647074901646 0.00076233464606789442 -7.8042038227357916e-28)
(0.0072766138636832329 0.00079592930516749166 0)
(0.0072822609392953442 0.0008230379253160371 0)
(0.007281225011651433 0.00084111861892909783 0)
(0.007271749481305689 0.00084687341681598087 0)
(0.0072517559364208735 0.00083603969199829201 0)
(0.0072187926706855495 0.00080312869136554875 0)
(0.0071699787050099328 0.00074110446034117189 0)
(0.0071019455777439431 0.00064100257670999974 -1.7263497515066588e-27)
(0.0070107816592584315 0.00049150169518092897 2.4534163690035786e-27)
(0.0068919878888152311 0.00027848679795366066 -4.5658336396321093e-27)
(0.0067404603142484434 -1.5312300408573412e-05 -2.8882992898522727e-26)
(0.0065505242653818834 -0.00041045295277180709 -3.4074207667266349e-26)
(0.0063160575762379011 -0.00093042549174911964 0)
(0.0060307549061456136 -0.0016004228705253291 0)
(0.0056885984924165967 -0.0024446960596041976 -6.2527779940054234e-26)
(0.0052846056256865195 -0.0034818369366885179 -8.9604004256625123e-26)
(0.0048159086047966405 -0.0047173175874184389 0)
(0.00428317522567762 -0.0061328259948171329 0)
(0.0036922871834819434 -0.0076725017851649356 4.5664385745299073e-25)
(0.0030560632994425141 -0.0092271701277087843 5.9655201103776074e-25)
(0.0023956490037159903 -0.010619024733096881 0)
(0.0017409849524829431 -0.011590598795388487 0)
(0.001129836648015284 -0.011802681655205115 0)
(0.00060641989938483697 -0.010845286034537325 1.3857895087943014e-24)
(0.00022223780659056004 -0.0082631072445953028 1.621160402456162e-24)
(1.5470542610202446e-05 -0.0035924700313362287 0)
(0.0071967547017789757 0.00066220790143569892 0)
(0.0072190172343320922 0.00070562464481431736 0)
(0.0072388872234285685 0.00074693613259159235 0)
(0.007255360650850173 0.00078483853985995562 0)
(0.0072672354387167699 0.00081759850399843847 0)
(0.0072730750928763962 0.00084292956240690736 0)
(0.007271166705551977 0.00085783337711495961 0)
(0.0072594728117606503 0.00085839697956404466 0)
(0.0072355768637449381 0.00083953685053657606 0)
(0.0071966227042257842 0.00079468211487548077 0)
(0.0071392496586797248 0.0007153944090496461 -8.0937416553794884e-27)
(0.0070595271594957702 0.00059093420212949803 -4.8364261681804924e-27)
(0.0069528967785008611 0.0004078072121428642 -3.832035576520053e-28)
(0.0068141359662016333 0.00014936644389558252 -4.8198599838933561e-27)
(0.0066373674907929713 -0.00020438723167652521 0)
(0.0064161519879828519 -0.00067656363084720264 0)
(0.0061437175449094734 -0.0012923263964454939 0)
(0.0058133968414418088 -0.002076494126462844 -5.4174317479642998e-26)
(0.0054193523605092714 -0.003049139634308101 -8.0113954529703956e-26)
(0.0049576620021372772 -0.004218488381712353 0)
(0.0044277957230149509 -0.0055705875736937957 -1.5911486033838234e-25)
(0.0038344256060887944 -0.0070557323422387958 2.154266507001481e-25)
(0.0031893756432144951 -0.0085725906399739451 5.690853309564473e-25)
(0.0025133321126870915 -0.0099523208991443325 0)
(0.0018366854461146025 -0.010946436575401211 0)
(0.0011989043500588894 -0.011223156266938681 0)
(0.00064746770389031007 -0.010376661669573906 1.3590799999197452e-24)
(0.0002390376617939087 -0.0079512286984864868 1.5966696257658523e-24)
(1.7004960148612223e-05 -0.0034778159452409337 0)
(0.0071362991816050882 0.00063693022072019902 0)
(0.0071634165260111475 0.00068205488978815448 0)
(0.0071887315374927234 0.00072597176312001071 0)
(0.0072112929879263815 0.00076755843221534836 0)
(0.007229953639664592 0.0008052971230820392 0)
(0.0072433329916576743 0.00083715667760740967 0)
(0.0072497738838325143 0.00086043996710187358 0)
(0.0072472922226450463 0.00087158783784844931 0)
(0.0072335192538905049 0.00086593002506482532 0)
(0.0072056362774617754 0.00083737447432984189 0)
(0.0071603027437035748 0.00077803097237349355 0)
(0.0070935807302336847 0.00067777586077068653 0)
(0.0070008625256574733 0.00052378637994704511 0)
(0.0068768143221640344 0.00030011211052765322 0)
(0.0067153588441959903 -1.2585370747330642e-05 0)
(0.006509733874119559 -0.00043689797812405365 0)
(0.0062526819565059512 -0.0009977852232615882 0)
(0.0059368465876881871 -0.0017204262667091339 0)
(0.0055554656661540996 -0.0026261545561013125 0)
(0.0051034522022110227 -0.0037257553111001928 0)
(0.0045789183672929664 -0.0050095342260811524 -1.4653587779240143e-25)
(0.0039851155883311624 -0.0064340257638621648 -2.015586974134659e-25)
(0.003332624018137931 -0.0079061135939600437 2.6958420138060801e-25)
(0.0026414202216531722 -0.0092666714592939629 3.5102929694943582e-25)
(0.0019421571016043273 -0.010277349537724436 0)
(0.0012759744680141481 -0.010615276578457509 0)
(0.00069385971652316275 -0.0098803849158425605 0)
(0.0002583107344135812 -0.0076178600780844544 0)
(1.8828703930376747e-05 -0.0033539749870919342 0)
(0.0070471241507564864 0.0006069436497577748 0)
(0.0070793384303499979 0.00065317536772431647 0)
(0.0071104197020813685 0.0006990397131048029 0)
(0.0071394822343305046 0.00074359294564348643 0)
(0.0071654473532372018 0.00078553088695985799 -1.1302472331925944e-26)
(0.0071870052180515566 0.00082307688337250053 -1.3378247300257306e-26)
(0.0072025699098124275 0.00085383604239372554 0)
(0.0072102268580490157 0.00087460680041785493 0)
(0.0072076716844474064 0.0008811400094429978 -9.3682435164581306e-27)
(0.0071921398563966465 0.00086783631901498541 -9.8374308679904747e-27)
(0.0071603273786535575 0.0008273763263417737 0)
(0.0071083045469336019 0.00075028751999365088 -9.2045550138273887e-27)
(0.0070314282246207215 0.00062447170111803942 -7.5554367831814966e-27)
(0.0069242641451171894 0.00043475235762372686 -4.4781718581077713e-27)
(0.0067805405690102441 0.00016256095263549622 6.1122184632595503e-28)
(0.0065931693547457183 -0.00021402810027115006 0)
(0.0063543904211846346 -0.00071957789029596033 0)
(0.0060561191476493281 -0.0013793947180437609 0)
(0.0056905975442906849 -0.0022158151634577589 0)
(0.0052514575786171535 -0.0032419424581011202 0)
(0.0047352809781601706 -0.0044521851473637306 0)
(0.004143664056460313 -0.0058093502884769502 1.8661993986127076e-25)
(0.0034856567123715673 -0.0072288842034934847 5.0648092042230118e-25)
(0.0027802231196667943 -0.0085621540297826232 3.3358890352920827e-25)
(0.0020580294402720626 -0.0095822166156424703 0)
(0.0013617968825352105 -0.0099768159560894056 0)
(0.00074624181966934664 -0.0093535514836574352 0)
(0.00028042904993960921 -0.0072602492976178443 0)
(2.1001839469018439e-05 -0.0032195500835307251 0)
(0.0069239215681400632 0.00057208006226721784 0)
(0.0069613798958653448 0.00061874268523829854 0)
(0.0069984569785409576 0.00066580799383407897 0)
(0.0070343477964835577 0.00071250692759319964 5.3864984617439749e-27)
(0.0070680589515774613 0.00075774571852204459 -6.5363829291424608e-27)
(0.0070983694173144887 0.00080000032309294014 -1.5445598273692081e-26)
(0.0071237839922159568 0.00083717817445207762 0)
(0.0071424782303495414 0.00086643836210811734 0)
(0.0071522335669148328 0.00088396031166607092 -1.1095855828304547e-26)
(0.0071503615125548927 0.00088465126455384018 -1.1907643696179334e-26)
(0.0071336164056107557 0.00086178584889289977 0)
(0.0070980977200907321 0.00080657931693595489 -1.2195887345845643e-26)
(0.0070391460274936164 0.00070771356969423266 -1.1155631561005861e-26)
(0.0069512424344623201 0.00055086762915429618 -8.8101927562940175e-27)
(0.0068279310174218294 0.00031835916115062035 -4.5961037467833726e-27)
(0.0066617989040065224 -1.0911071677987755e-05 0)
(0.0064445700213501631 -0.00046089912520868226 0)
(0.0061673954875723653 -0.0010567770626768067 0)
(0.0058214510176658619 -0.0018215868456547078 0)
(0.0053989684791167433 -0.0027704542527729401 0)
(0.0048948165126859681 -0.0039016708955628841 0)
(0.0043086802431612651 -0.0051842857535700547 1.705131778605817e-25)
(0.003647754740836587 -0.0065426124957605825 2.3533840003187099e-25)
(0.0029296315231256416 -0.0078393024393076105 0)
(0.0021846666657951942 -0.008860197485061545 0)
(0.001456995911173437 -0.0093056027239162582 0)
(0.00080523624038045651 -0.0087930867837943284 0)
(0.00030578661599756042 -0.0068753418009571635 1.4936552581136119e-24)
(2.3595135764302476e-05 -0.0030729291155446644 1.6074916047535724e-24)
(0.0067608586690149977 0.00053228271283088278 0)
(0.0068035767639103772 0.00057862424627813116 0)
(0.0068467467799921159 0.00062605254554874473 0)
(0.0068896620532871936 0.00067396748267431743 5.8789046223038483e-27)
(0.0069314342065469126 0.00072148076352843485 7.1243397007426046e-27)
(0.0069709528738044497 0.0007673173845584413 0)
(0.0070068374333677212 0.00080968567758993109 0)
(0.0070373792502591934 0.00084610719231717208 0)
(0.0070604727628043778 0.00087319650837428063 0)
(0.0070735337443631413 0.00088638099200199919 0)
(0.0070734034622857737 0.00087955286702726522 0)
(0.0070562386630606422 0.00084465305425993596 0)
(0.0070173900403694978 0.00077120169770335451 0)
(0.0069512771758770608 0.00064581950609564267 0)
(0.006851277381063981 0.00045183411504633289 0)
(0.0067096611790807255 0.00016914463884625569 0)
(0.0065176298626787692 -0.00022536834864616607 0)
(0.0062655403594837934 -0.00075645223022989712 0)
(0.0059434365887050247 -0.0014475137354466852 0)
(0.0055420330358756367 -0.0023153467275141919 0)
(0.0050542976559825193 -0.0033618323761609981 0)
(0.004477731085889349 -0.0045621518503567897 0)
(0.0038173126003019243 -0.0058497284152795176 0)
(0.0030888393555895152 -0.0070992796876134896 0)
(0.0023219470333218184 -0.0081109059426862501 0)
(0.0015619178992495625 -0.0085996689363796366 0)
(0.00087135874498816754 -0.0081958436369918234 0)
(0.00033477222246178749 -0.006459813264136546 1.4453686718702223e-24)
(2.6689919853042743e-05 -0.002912272807699649 1.5650009633691461e-24)
(0.0065516389470141219 0.00048764350913521885 0)
(0.006599457732182598 0.00053284068632423033 0)
(0.0066486354493006782 0.00057970508853660537 0)
(0.0066985834538587459 0.00062779738828139394 0)
(0.006748540875361593 0.00067642737103145746 0)
(0.006797533421025197 0.00072456305387773529 0)
(0.0068443233946540224 0.00077070990744619215 0)
(0.0068873491259443037 0.00081275166687911217 0)
(0.0069246517271070963 0.00084774297800063985 0)
(0.0069537869308062324 0.00087164380097856306 0)
(0.0069717199300874935 0.00087898728593476048 0)
(0.0069747020408378055 0.00086247880130708337 0)
(0.006958130340598675 0.00081253723981266387 0)
(0.0069163963226810312 0.00071681557877333643 0)
(0.0068427386636700201 0.00055978263256609704 0)
(0.006729130497384348 0.0003225198935304327 0)
(0.0065662552161155187 -1.7006775997273471e-05 0)
(0.0063436573239251427 -0.00048280009259076673 0)
(0.0060501949085406976 -0.0010982462264645166 0)
(0.0056749571462891019 -0.0018813891156623948 0)
(0.0052088272695359769 -0.0028373227902481275 0)
(0.004646839275905197 -0.0039471551429678727 0)
(0.0039913650965395014 -0.0051535741868639308 0)
(0.0032559236374702311 -0.0063441075995254934 0)
(0.0024689204758095492 -0.0073346568101691741 0)
(0.0016763865021040157 -0.0078574814878841596 0)
(0.00094487874553005708 -0.0075587769057106962 0)
(0.0003677185877375823 -0.0060101558354026989 0)
(3.0376049855678442e-05 -0.0027355197170552078 0)
(0.0062896002782559905 0.00043844647354881664 -5.2434138038955236e-27)
(0.0063421351576599541 0.00048161674603054938 0)
(0.0063969930103778081 0.00052691204653534799 0)
(0.0064537239979860338 0.00057404262363537509 0)
(0.0065117191639871563 0.0006225056489949707 0)
(0.0065701685921619362 0.00067150272006051548 -8.7005062726375118e-27)
(0.0066280098904436752 0.00071982926552793347 -1.0276374813069494e-26)
(0.0066838648445590202 0.00076572767290687628 0)
(0.0067359616910738765 0.00080669467436190892 0)
(0.0067820401367272949 0.00083923301132006077 0)
(0.0068192361959883187 0.00085853870227049322 0)
(0.0068439445144435783 0.00085812017629547678 0)
(0.0068516577777718536 0.00082935704264818324 0)
(0.0068367872077213544 0.00076102878089297156 0)
(0.0067924767269665334 0.00063888331366318356 3.5547111878459195e-26)
(0.0067104384313756817 0.00044537979090045264 2.8991722684106998e-26)
(0.0065808611475950702 0.00015983621173826026 0)
(0.0063924791731593683 -0.00024065630443933082 -3.3145889563920795e-27)
(0.006132932495356346 -0.0007790331762733059 -3.4217862045914487e-26)
(0.0057895984082786817 -0.001474103362354441 0)
(0.0053511087433464376 -0.0023337052129408569 0)
(0.0048097543022743326 -0.0033445543637663972 0)
(0.0041648897088639334 -0.0044586421216988529 0)
(0.0034272142031618463 -0.0055769715774786127 0)
(0.0026232838500041752 -0.0065328154818853493 0)
(0.0017993170092116034 -0.0070782936057573586 -8.5140773288422326e-25)
(0.0010255899247826159 -0.0068792364279574303 -1.074086187120414e-24)
(0.00040481285377338402 -0.0055228523532967842 6.5867488874124915e-25)
(3.4746393007523398e-05 -0.0025404231525462443 7.2470797156282196e-25)
(0.005967855283909038 0.00038521729525649371 -4.4818496155597989e-27)
(0.0060244382249400692 0.00042544099560965566 0)
(0.0060843358232317091 0.00046810562852429068 0)
(0.006147257366924716 0.00051305597247630998 0)
(0.0062127705467117942 0.00055996166512927445 1.3385643181273004e-26)
(0.0062802594941435558 0.00060824388087204876 8.1556708877338263e-27)
(0.006348872188407885 0.00065697604193449795 9.7650195600801909e-27)
(0.0064174546699914299 0.00070475082068225303 2.3020861043263015e-26)
(0.0064844689797737354 0.00074950439914757134 0)
(0.0065478912549801179 0.00078828829449216833 0)
(0.0066050861386185459 0.00081697994501773877 0)
(0.0066526539577546921 0.00082992725215176838 0)
(0.0066862486627448639 0.00081953194483740284 0)
(0.0067003684225736332 0.0007757958731350466 0)
(0.0066881287966315895 0.0006858886514108769 4.1491025751724204e-26)
(0.006641043027573016 0.00053385140692539877 3.7538262677982418e-26)
(0.0065488583621379683 0.00030063696042663933 0)
(0.0063995345956672023 -3.5194007930355248e-05 1.2708081498923309e-26)
(0.006179499226553236 -0.00049565330936376354 -2.6139100790205182e-26)
(0.0058743715286420336 -0.0010997609069499335 -5.2070196076902979e-26)
(0.0054704041333172365 -0.0018575323951357265 0)
(0.0049568974715452248 -0.0027608403424492296 0)
(0.0043297825508014955 -0.0037708667186016169 0)
(0.0035963536430546244 -0.0048026242950823961 4.2131753237316707e-25)
(0.0027805830476650018 -0.0057082902141576929 5.8352855620804556e-25)
(0.001928115241547205 -0.0062626713461508875 -7.7478453226875678e-25)
(0.0011124402991765326 -0.0061554400746977531 -9.922011685547565e-25)
(0.00044594371541526004 -0.0049946923271665007 6.164097685645187e-25)
(3.9885021591766666e-05 -0.0023246445818373798 6.8561812680336296e-25)
(0.0055794779980966056 0.00032877845752481263 0)
(0.0056390933074806473 0.00036513440935082551 0)
(0.0057029967830564297 0.0004040877852172156 0)
(0.0057710741717268629 0.0004455983873504196 0)
(0.0058430921894885249 0.00048948826604955841 1.1417931295843547e-26)
(0.0059186572969667393 0.00053537838419617496 7.1095902098339643e-27)
(0.0059971628900415798 0.00058260182900159 8.6822189566933731e-27)
(0.0060777218823433767 0.00063008638449160996 2.0855540545137097e-26)
(0.0061590809960539962 0.00067619801016130976 0)
(0.0062395124145001911 0.000718536016376176 0)
(0.0063166779510994897 0.0007536712573380553 0)
(0.0063874608959318879 0.00077682181138454844 0)
(0.0064477618533004735 0.00078146855826768415 0)
(0.0064922582881347425 0.00075892912709161966 0)
(0.0065141349210400216 0.00069793764361403027 2.2599289003203353e-26)
(0.0065048061359431102 0.00058432574010925515 2.1942555059242936e-26)
(0.0064536757259632789 0.0004009742212111745 0)
(0.0063480175756997033 0.00012830972470722439 0)
(0.006173115784930067 -0.00025424460421156846 6.8883555835742712e-27)
(0.0059128551799790307 -0.00076530204980537579 -2.5097839816434798e-26)
(0.0055510535078874008 -0.0014163843495269585 0)
(0.0050738413527286336 -0.0022039203519332402 0)
(0.0044733608358868571 -0.0030979794775656492 0)
(0.0037529004312777318 -0.0040279195759494795 3.5362930404478134e-25)
(0.0029330047260220987 -0.004866223949884757 5.0452466914754889e-25)
(0.0020577451775202573 -0.0054132761343876137 0)
(0.0012029393177101374 -0.0053872226123299225 0)
(0.00049044319887575085 -0.0044233170564741608 0)
(4.5843743651611734e-05 -0.0020859464224632814 0)
(0.0051177396358724619 0.00027030889339763867 0)
(0.0051789556292504814 0.00030192720596200625 0)
(0.0052453486802803992 0.00033612715262091881 0)
(0.0053169916230485165 0.00037295923420723463 0)
(0.0053938660994925563 0.00041237203901199751 0)
(0.0054758233263695645 0.00045415963591190065 -5.5422836106911258e-27)
(0.0055625324567530618 0.00049788845512247263 -6.9928078582514051e-27)
(0.0056534130125897733 0.0005427971619720686 0)
(0.0057475470432792235 0.00058766181522816238 0)
(0.0058435658063876192 0.00063061778840876632 0)
(0.005939505028351587 0.00066893016062350753 0)
(0.006032622511528034 0.00069870665633145978 1.7071768774166089e-26)
(0.0061191726234555519 0.00071455352546835192 1.9361886505999565e-26)
(0.0061941351083504683 0.0007091877638783537 0)
(0.0062509024452738447 0.00067304275783119428 1.03918145274155e-39)
(0.0062809432598546436 0.00059394408968529045 -1.0635329626648681e-39)
(0.0062734827912611134 0.00045699401506515844 0)
(0.0062152801231998515 0.00024489212230480677 0)
(0.0060906428093948804 -6.0963825588828698e-05 0)
(0.0058818597948458243 -0.0004781215533447463 0)
(0.0055703860798301738 -0.0010188204329135914 0)
(0.0051391291039712761 -0.0016832832454797358 0)
(0.0045761792796428936 -0.002449930094653701 0)
(0.0038802557124175937 -0.0032625148064957155 0)
(0.0030675462510636469 -0.0040149641737299933 0)
(0.0021792809810742557 -0.0045360220596249688 0)
(0.0012922059274231108 -0.0045772072087168743 0)
(0.00053665046196624483 -0.0038081350101658125 0)
(5.259486710276553e-05 -0.0018225601418070995 0)
(0.0045763949747513761 0.00021140431965368392 0)
(0.0046372959273371485 0.00023754007317908677 0)
(0.0047040870526371377 0.00026606527004275531 0)
(0.0047770270550787364 0.00029709216891972022 0)
(0.0048563160063811962 0.00033066404836133191 -2.4216106947998191e-27)
(0.0049420597655162532 0.00036671385195132205 -6.9205980134703132e-27)
(0.0050342215049214876 0.00040500570222816261 -9.3785173610628309e-27)
(0.0051325563290054886 0.00044505363753521277 -6.1311409715105992e-27)
(0.005236523967345255 0.00048601079985384845 0)
(0.0053451734446915101 0.00052652146900907958 0)
(0.0054569926251254583 0.00056452831301160081 0)
(0.0055697149129700432 0.0005970288878471312 1.4247539415712843e-26)
(0.0056800757582750406 0.0006197802014800901 1.6760489111667629e-26)
(0.0057835139947725236 0.00062696024661689431 3.8583947317778746e-26)
(0.0058738191469877854 0.00061081397565923416 2.163009244714304e-26)
(0.0059427383156215553 0.00056134251920442039 -2.3441478897550034e-26)
(0.0059795786760883738 0.00046614369699096155 0)
(0.0059708782981916595 0.00031058371463511889 0)
(0.0059002720695621996 7.8575955191810372e-05 0)
(0.0057487873440505138 -0.00024564236914716777 0)
(0.005495807754445004 -0.0006741714555715115 0)
(0.0051211697207491419 -0.0012100904738938459 0)
(0.0046088559706543974 -0.0018393499615058317 0)
(0.0039525847670409866 -0.0025197595919438536 0)
(0.0031632343021374648 -0.003167380129668261 0)
(0.0022776451892952934 -0.0036417343426500448 0)
(0.0013714286109209604 -0.0037325751315767739 0)
(0.00058116970155960249 -0.0031517916562283201 0)
(5.9936955334946828e-05 -0.0015338380835663865 0)
(0.0039500192367150832 0.00015412440472263361 0)
(0.0040081453990668345 0.00017425413137977307 0)
(0.0040725800307377692 0.00019641459681824663 0)
(0.004143747963697415 0.00022074740128752535 0)
(0.0042220508377101415 0.000247353528231471 -1.7031575717217522e-28)
(0.004307837138630176 0.00027626334053738107 -1.780894041408959e-27)
(0.0044013594554383126 0.0003073932182595633 -3.5700608915255379e-27)
(0.004502714555975164 0.0003404842126093121 -2.8848621545215458e-27)
(0.0046117606884697035 0.00037501709432391961 -8.4439414314175297e-27)
(0.0047280051962988708 0.00041009736834004033 -1.1653888900777776e-26)
(0.0048504542319879433 0.00044430360075899637 0)
(0.0049774153756948778 0.00047549342749350702 0)
(0.0051062438681455692 0.00050056496623014104 2.4836443714013969e-26)
(0.0052330249442169982 0.00051517868225097244 6.0595232310943208e-26)
(0.0053521900371287711 0.00051345844015610249 3.6002992489294568e-26)
(0.0054560759363331919 0.00048771371461870571 0)
(0.0055344567207618878 0.00042826169612537738 0)
(0.0055741130906655605 0.00032348249382849046 0)
(0.0055585608991188338 0.00016031582813516535 0)
(0.0054681615546681205 -7.449475640370689e-05 4.1715034845443663e-26)
(0.0052808306693514747 -0.00039202290984978135 2.6593354833213578e-26)
(0.0049738799083600812 -0.00079706179025324398 0)
(0.00452749694439138 -0.0012819471844355719 0)
(0.0039302616608948788 -0.0018176908664194265 0)
(0.0031868939188897287 -0.0023424940005515632 0)
(0.0023280557315426098 -0.0027483427289374503 0)
(0.0014253428469759792 -0.0028675536574190017 0)
(0.00061757842948503199 -0.0024623745797500412 0)
(6.7337421194021551e-05 -0.0012213006072290292 0)
(0.0032343920817652946 0.00010101863749299582 5.672486762810989e-27)
(0.0032867003259294415 0.00011496036062210725 0)
(0.0033452926851015152 0.00013043794089998931 0)
(0.0034107137939394525 0.00014758900508552464 0)
(0.0034835196570217304 0.00016653258167554342 0)
(0.0035642552745048621 0.00018734987488143841 -2.2425604656007545e-27)
(0.0036534205068094907 0.00021005568771030012 -5.4736747288857348e-27)
(0.0037514196497380223 0.00023455705330311597 0)
(0.0038584888423205586 0.00026059481995694149 1.7753349624489756e-27)
(0.0039745938909638056 0.0002876632179800045 -1.2112977845543051e-27)
(0.0040992894943045078 0.00031490208435532588 0)
(0.004231529473488458 0.00034095689869085378 0)
(0.0043694169797701965 0.00036380384055738346 1.1549900929786265e-26)
(0.0045098846818933721 0.00038054185320866569 1.6612977970871873e-26)
(0.0046482991401123079 0.00038716282258427281 0)
(0.0047779933042971104 0.00037832664144991614 0)
(0.0048897496342175037 0.00034719289384616231 0)
(0.0049712879975907379 0.00028539837735128463 0)
(0.0050068637919054313 0.00018332150271911272 0)
(0.0049771625687402192 3.0837903482884172e-05 5.1491192295978449e-26)
(0.004859793191819976 -0.00018116347573494192 4.9250146026335181e-26)
(0.004630706096631779 -0.00045794040802014013 0)
(0.0042672134973629544 -0.00079669049111490153 0)
(0.0037532031404654501 -0.0011801134078048626 2.4976543870707126e-26)
(0.0030867439627602113 -0.0015675670452345548 8.9944833161678781e-26)
(0.0022904238450014258 -0.0018839434101680804 0)
(0.0014280146127189242 -0.0020071733487556707 0)
(0.0006340627199426036 -0.0017570738034994491 0)
(7.372252433299534e-05 -0.00089053884715971561 0)
(0.0024269265089161907 5.5238673578530072e-05 8.8946968729671027e-27)
(0.0024697912630073527 6.3313234505219424e-05 0)
(0.0025182999572704637 7.2353377636740458e-05 0)
(0.0025730353845431668 8.2463509846398173e-05 0)
(0.0026346190454664777 9.3743659946470342e-05 0)
(0.0027036977391562368 0.00010627952924274502 -6.1731023051612588e-27)
(0.0027809205836016914 0.00012012710881418169 -1.9271396329653237e-26)
(0.0028669022754138763 0.00013528970450301845 0)
(0.0029621670071821398 0.00015168463909790656 1.3231869662185068e-26)
(0.0030670658161688264 0.00016909635225535689 0)
(0.003181658336536634 0.00018711224667288537 0)
(0.0033055482005975622 0.00020503770697511683 0)
(0.0034376601365947307 0.00022178769049107573 0)
(0.0035759469391747067 0.00023575483365230945 0)
(0.0037170172590331178 0.00024465909918398415 0)
(0.0038556826354483472 0.00024539288845726553 0)
(0.0039844372883747802 0.00023388986783395575 0)
(0.0040929099387543725 0.00020506750536050384 0)
(0.0041673672483813276 0.0001529241631579724 0)
(0.0041904192033767051 7.0908290217057694e-05 0)
(0.0041412721385518996 -4.7285897902023755e-05 0)
(0.003996632163228717 -0.00020622648393790017 0)
(0.0037329747715523797 -0.00040604506240457419 0)
(0.0033310109993075466 -0.0006387924664200456 -6.1085584882538753e-26)
(0.002782511194661524 -0.00088255428202056122 -3.3296760211602049e-26)
(0.0021003151047798915 -0.0010934972027086709 0)
(0.0013356126483293252 -0.001195691583155654 0)
(0.00060894981014345266 -0.0010709325722008097 0)
(7.6842400574591666e-05 -0.0005565546131928716 0)
(0.0015271716007463079 2.0936611622196375e-05 0)
(0.001556459178280263 2.4217934441214065e-05 0)
(0.0015899475238791276 2.7927646466935094e-05 0)
(0.0016281328139985656 3.2120654027697252e-05 0)
(0.0016715606022992525 3.6853579879195383e-05 -8.5375079379774348e-27)
(0.0017208211705785372 4.2181465134047707e-05 -9.3985175935998542e-27)
(0.0017765387189015854 4.8152296207438523e-05 0)
(0.0018393512346331223 5.4798391806690437e-05 0)
(0.0019098766907230719 6.2123388931916202e-05 0)
(0.0019886597575308855 7.0083254520369935e-05 0)
(0.0020760915140843671 7.8559480732358941e-05 0)
(0.0021722928598849858 8.7322509393931497e-05 0)
(0.0022769507741131701 9.5983663850723503e-05 1.3955395135306497e-26)
(0.0023890958294420545 0.00010393473767831893 1.3437732817217259e-26)
(0.0025068104236322082 0.00011027632250454934 1.21626250263754e-26)
(0.0026268616010793455 0.00011373950495663453 9.8788260462161405e-27)
(0.00274426240286087 0.00011261134157796628 0)
(0.0028517839618543402 0.00010468335401049228 0)
(0.0029394673138682906 8.7256986259328037e-05 1.1677973129367157e-26)
(0.0029942225254389158 5.7265540956908704e-05 1.4800040515644588e-26)
(0.0029997359981427545 1.1587920093329257e-05 -2.5737346158731395e-26)
(0.0029370823873473141 -5.2543849589561871e-05 0)
(0.0027858704311700708 -0.00013649473161621265 0)
(0.0025271715007429843 -0.00023824489348817299 0)
(0.002148814596771919 -0.00034997276144298526 0)
(0.0016534147931098618 -0.00045378598119367948 1.1787868114759948e-25)
(0.0010740371826240167 -0.00051529294002179422 7.237815301497672e-26)
(0.00050311447817848773 -0.00047623758988762601 0)
(7.0105749410245971e-05 -0.0002567568210944057 0)
(0.00053744061038221865 1.6593042221634767e-06 0)
(0.00054870783008219228 1.9720219959413884e-06 0)
(0.00056175224643750115 2.3333967785755694e-06 0)
(0.00057681157419192848 2.7515196822676496e-06 0)
(0.00059415437831780217 3.2354987444895875e-06 -4.3091330904625675e-27)
(0.00061408097231639214 3.7953477514776999e-06 -4.8036055458119978e-27)
(0.00063692233642304019 4.4416869522102457e-06 0)
(0.00066303574679894178 5.1851445331242218e-06 0)
(0.00069279522648065146 6.0353024120281193e-06 0)
(0.00072657417439025204 6.9989749567998172e-06 0)
(0.00076471659588537222 8.0775487465288829e-06 0)
(0.00080749228361334194 9.2630556000575383e-06 0)
(0.00085503019190694108 1.0532619211580675e-05 8.2419141340680328e-27)
(0.00090722334689710661 1.1840941128136823e-05 8.2924629573418797e-27)
(0.00096359835910522502 1.3110628110031267e-05 7.9985101108759918e-27)
(0.0010231436074460648 1.4220471045670281e-05 7.2214983317385967e-27)
(0.0010840934036329031 1.4992218799096294e-05 0)
(0.0011436730537411402 1.5176879797807361e-05 0)
(0.0011978266679440114 1.4444835581909881e-05 -5.3092465029626366e-28)
(0.0012409708408914564 1.2400617034117392e-05 4.173400120435107e-27)
(0.0012657465862554074 8.6370701495594186e-06 -9.9348427319377986e-27)
(0.0012629508402957875 2.6636985875596165e-06 0)
(0.0012222370307501498 -6.1814161904885926e-06 0)
(0.0011329950418906812 -1.7990918275785359e-05 0)
(0.00098617300164302742 -3.2385596920072388e-05 0)
(0.00077822572310040096 -4.8033442168857253e-05 7.9354638126903499e-26)
(0.00051962986695695617 -6.1596809816528666e-05 6.9190459332605172e-26)
(0.00025275551264194155 -6.39672837253803e-05 0)
(4.3447554149621223e-05 -4.2953515536849945e-05 0)
)
;

boundaryField
{
    hotWall
    {
        type            calculated;
        value           nonuniform List<vector> 0();
    }
    coldWall
    {
        type            calculated;
        value           uniform (0 0 0);
    }
    bottomWall
    {
        type            calculated;
        value           nonuniform List<vector> 0();
    }
    topWall
    {
        type            calculated;
        value           uniform (0 0 0);
    }
    front
    {
        type            empty;
    }
    back
    {
        type            empty;
    }
    procBoundary1to2
    {
        type            processor;
        value           nonuniform List<vector> 
52
(
(0.0051834840505550752 -0.0014154240734580443 0)
(0.0051208568736817277 -0.0021160731590854167 0)
(0.0050390975698348149 -0.0029396188219007564 0)
(0.0049362576716526409 -0.0039004308690771456 -1.6637781576264683e-25)
(0.0048104354514371343 -0.0050129698142216336 -1.8280330826945872e-25)
(0.0046598641037305343 -0.0062911408787752155 0)
(0.004483025090346396 -0.0077473517034061532 0)
(0.004278789127460463 -0.0093911669842659581 0)
(0.0040465853293548005 -0.01122742730037064 0)
(0.0037865955242606742 -0.013253680603006149 0)
(0.0034999653168441389 -0.015456776830984249 3.539597188698199e-25)
(0.0031890159419911122 -0.017808518802807878 4.0064406098971247e-25)
(0.0028574317814686842 -0.02026036945945581 0)
(0.0025103890043749848 -0.022737406296791898 0)
(0.002154583769608379 -0.025131990796696303 -5.8761500423898772e-25)
(0.001798117595958099 -0.027297952203240303 -6.6767678902864383e-25)
(0.0014502074213292291 -0.029046392316634587 0)
(0.0011207121077019511 -0.030144377051622998 0)
(0.0008195007419815241 -0.030317650354466399 0)
(0.00055571200813268331 -0.02925798686134707 -1.0746258717126342e-24)
(0.00033701519189416698 -0.026634906106755861 -1.192877110862175e-24)
(0.0001693333693991636 -0.022110383415139396 0)
(5.7789957368165584e-05 -0.015354245276341095 0)
(3.3032103882519931e-06 -0.0060575697188289456 0)
(0.0048125998712821617 0.0013943300029342189 0)
(0.0048712215952529886 0.0014236289154000731 0)
(0.0049282010429699359 0.0014450475360678727 2.0477086139599141e-26)
(0.0049832826364930582 0.0014570785009403011 2.1095713049157877e-26)
(0.0050361567758043634 0.0014578954325497517 -6.5304551860369943e-26)
(0.0050864515400263479 0.0014452984894660927 -6.7509549322394409e-26)
(0.0051337236635359447 0.0014166538823013322 -4.6621905292158724e-26)
(0.0051774488792907334 0.0013688275411445384 -9.6814119207424078e-26)
(0.0052170117783247108 0.0012981134252109281 -5.0390031680123242e-26)
(0.0052516954052193709 0.0012001573608358576 0)
(0.0052806708971620507 0.0010698777967574106 0)
(0.0053029875823529214 0.00090138549892622151 0)
(0.0053175640861965008 0.00068790500222532468 6.1045552202996492e-26)
(0.0053231811560029282 0.00042170163888236576 6.4633553076760053e-26)
(0.0053184771128286052 9.401924192059179e-05 0)
(0.005301947079368533 -0.00030496471559626477 0)
(0.0052719474225303396 -0.00078615756848182531 3.9354157124395742e-26)
(0.0052719474225303396 -0.00078615756848182531 3.9354157124395742e-26)
(0.0047490699937522193 0.0012556594370060265 -9.1646019891447078e-26)
(0.0048089286428683164 0.0012984125898003146 -3.7557805123880768e-26)
(0.0048089286428683164 0.0012984125898003146 -3.7557805123880768e-26)
(0.0047479294025054245 0.0011475274273588703 -5.3495785896063102e-26)
(0.0048081966288346899 0.0010883996480722555 0)
(0.0048689094759725134 0.0010308529223658665 0)
(0.0049300557690710135 0.00097491398103100231 0)
(0.0049916228148742204 0.0009206089945411614 0)
(0.0050535972098015337 0.00086796336624529128 0)
(0.0051159646446177912 0.00081700151751006684 0)
)
;
    }
    procBoundary1to4
    {
        type            processor;
        value           nonuniform List<vector> 
15
(
(0.005178709705121614 0.00076774666470907731 0)
(0.0052418156680265121 0.00072022058800568151 0)
(0.0053052642908161694 0.00067444339192594823 0)
(0.0053690355937792839 0.00063043325776699494 0)
(0.0054331076316106565 0.00058820618793038867 0)
(0.0054974562508399612 0.00054777574230951336 0)
(0.0055620548278155222 0.00050915276689262343 0)
(0.0056268739799335485 0.0004723451147657698 0)
(0.005691881240126294 0.00043735735971638318 0)
(0.00575704068115814 0.00040419050264600042 0)
(0.0058223124718652661 0.00037284167101024764 0)
(0.0058876523419096466 0.0003433038115201016 0)
(0.0059530109247322239 0.0003155653763628818 -5.6734733253305168e-26)
(0.0060183329400316883 0.00028961000339100838 -5.5435900610007068e-26)
(0.0060835561666614862 0.00026541619065475612 0)
)
;
    }
    procBoundary1to5
    {
        type            processor;
        value           nonuniform List<vector> 
53
(
(0.0061702161274017871 0.00030444230344678065 2.6430804126171882e-26)
(0.0061917301058125812 0.00036337868862237167 0)
(0.0062130459851570726 0.00041956048683551475 -2.6733983138549015e-26)
(0.006234036373981202 0.0004727058932754108 0)
(0.0062545485121535951 0.00052243959571398983 0)
(0.0062743993381401218 0.0005682718429178208 2.7524230988463071e-26)
(0.0062933695754101475 0.0006095733437115027 5.5786856153741681e-26)
(0.0063111967135475412 0.00064554537088626612 5.6651737989125869e-26)
(0.006327566761882006 0.00067518439927604637 -3.8012814761667619e-40)
(0.0063421046634390124 0.0006972405703042459 -2.9417016223136171e-26)
(0.00635436327751248 0.00071016924835163317 3.0099515710719846e-26)
(0.0063638108736160538 0.00071207491937677115 6.1787480910139328e-26)
(0.006369817132157147 0.00070064668117636811 3.1819304316266818e-26)
(0.0063716377230543927 0.00067308459005225826 3.2900115651398119e-26)
(0.0063716377230543927 0.00067308459005225826 3.2900115651398119e-26)
(0.0064193852838502182 0.00067414913119020895 9.4549009295068494e-26)
(0.0064676212910301824 0.0006758691865579317 3.0110863001611465e-26)
(0.0065163526166678041 0.00067817225196020888 0)
(0.0065655740404221615 0.00068097538596419008 0)
(0.006615264144637879 0.00068418449871959905 0)
(0.0066653800895334504 0.00068769358536013619 0)
(0.0067158510119599167 0.00069138390374268817 0)
(0.0067665697530837256 0.00069512310072562789 2.1304581951472412e-26)
(0.006817382583980615 0.00069876429784277512 1.9792202059689275e-26)
(0.0068680765670297017 0.00070214515669174795 -1.827364307434504e-26)
(0.0069183641698484883 0.00070508695725700528 -1.6752210289992378e-26)
(0.0069678647433738458 0.00070739373938439915 0)
(0.0070160824941346836 0.00070885157930996299 0)
(0.0070623806318426711 0.00070922810000907893 -1.2212361196990183e-26)
(0.0071059514676094573 0.00070827234639059321 -1.0724850257388988e-26)
(0.0071457823869366674 0.00070571519388995389 0)
(0.0071806178371462154 0.00070127050122881403 1.5660950760742778e-26)
(0.0072089177627147659 0.00069463726374853864 6.441942989553034e-27)
(0.0072288133037944234 0.00068550307080788144 -5.1072332499325091e-27)
(0.0072380610490511768 0.0006735492164417911 0)
(0.0072339977036420498 0.00065845785314279219 5.3068993212981742e-27)
(0.0072134976872898146 0.00063992160980857983 3.1314922220365604e-27)
(0.0071729368940314907 0.00061765611154395567 0)
(0.0071081665863749286 0.00059141583564652146 0)
(0.0070145021056451764 0.00056101370901467484 -9.2249181696153132e-28)
(0.0068867316809003258 0.00052634479135704498 -4.2879176487253826e-27)
(0.0067191510172713576 0.0004874142888472445 -3.4893935810556323e-27)
(0.0065056294374729283 0.00044436999199425943 0)
(0.0062397130382510959 0.00039753900216973767 -3.5013498292321813e-27)
(0.00591476953185261 0.00034746827110478492 -2.8620874749916044e-27)
(0.0055241781522863158 0.00029496808002036522 0)
(0.0050615663057422657 0.00024115712213937162 0)
(0.0045210926923123498 0.00018750549800835447 1.3813352646394998e-27)
(0.0038977740892298779 0.00013586349211716921 3.3650459425228302e-27)
(0.003187848712656486 8.846909344707901e-05 5.5856519395157469e-27)
(0.0023891685202526653 4.8027068400036055e-05 8.200333382247439e-27)
(0.0015016387176847138 1.8032323149443059e-05 0)
(0.00052774172407761034 1.3881684513665651e-06 0)
)
;
    }
}


// ************************************************************************* //
