/*--------------------------------*- C++ -*----------------------------------*\
  =========                 |
  \\      /  F ield         | OpenFOAM: The Open Source CFD Toolbox
   \\    /   O peration     | Website:  https://openfoam.org
    \\  /    A nd           | Version:  13
     \\/     M anipulation  |
\*---------------------------------------------------------------------------*/
FoamFile
{
    format      ascii;
    class       volScalarField;
    location    "1";
    object      p_rgh;
}
// * * * * * * * * * * * * * * * * * * * * * * * * * * * * * * * * * * * * * //

dimensions      [1 -1 -2 0 0 0 0];

internalField   nonuniform List<scalar> 
25600
(
-1.205538788436523e-05
-9.679092888173249e-06
-8.138142080888711e-06
-7.195144578040404e-06
-6.542037968238697e-06
-6.04850130849429e-06
-5.652786381887433e-06
-5.322005859742783e-06
-5.037295814974633e-06
-4.787028647106999e-06
-4.563560725039453e-06
-4.361589499488244e-06
-4.177273651979346e-06
-4.007732879035947e-06
-3.850747041170752e-06
-3.704565966393737e-06
-3.56778398449166e-06
-3.43925416420829e-06
-3.318027914918814e-06
-3.203311370262375e-06
-3.094433208637724e-06
-2.990820466017451e-06
-2.891980058577814e-06
-2.797484463253555e-06
-2.706960477516169e-06
-2.620080292425467e-06
-2.536554329396663e-06
-2.4561254374912e-06
-2.378564150893368e-06
-2.303664782405241e-06
-2.231242180209895e-06
-2.16112902034879e-06
-2.093173527442701e-06
-2.027237548621699e-06
-1.963194914209997e-06
-1.900930036724942e-06
-1.840336707216542e-06
-1.781317056455664e-06
-1.723780655602672e-06
-1.667643731180398e-06
-1.612828481713684e-06
-1.559262476187458e-06
-1.506878127682074e-06
-1.455612225546227e-06
-1.405405524017803e-06
-1.356202374477525e-06
-1.307950398801104e-06
-1.260600198300095e-06
-1.214105090420485e-06
-1.168420876332294e-06
-1.123505627251956e-06
-1.079319495922433e-06
-1.035824541904217e-06
-9.929845761326725e-07
-9.5076501883275e-07
-9.091327684678432e-07
-8.680560851528217e-07
-8.275044796247981e-07
-7.874486169266774e-07
-7.478602216773197e-07
-7.087119955668905e-07
-6.699775399347515e-07
-6.316312812666743e-07
-5.936484082641021e-07
-5.560048048322043e-07
-5.186769953326209e-07
-4.816420892863834e-07
-4.448777284528507e-07
-4.08362042109229e-07
-3.720735970249542e-07
-3.359913583290561e-07
-3.000946466167371e-07
-2.643630980588407e-07
-2.287766304654624e-07
-1.933154021251868e-07
-1.57959781093232e-07
-1.226903100937828e-07
-8.7487672114517e-08
-5.233266192029536e-08
-1.720614980575411e-08
1.791094593963276e-08
5.303769168779268e-08
8.819317202734564e-08
1.23396514005878e-07
1.586669249556828e-07
1.940237232989753e-07
2.294863659879223e-07
2.650744881417786e-07
3.008079315398992e-07
3.36706779566703e-07
3.727913988923744e-07
4.090824699094914e-07
4.456010291928042e-07
4.823685131245869e-07
5.194067949166253e-07
5.567382351065769e-07
5.943857293253846e-07
6.323727555972512e-07
6.707234338144231e-07
7.094625805836178e-07
7.486157699803236e-07
7.882094063258786e-07
8.282707924161094e-07
8.688282064833095e-07
9.099109908613421e-07
9.515496397311542e-07
9.937758991870753e-07
1.036622879094956e-06
1.08012516711842e-06
1.124318958784218e-06
1.169242203226203e-06
1.214934756719423e-06
1.26143855595024e-06
1.308797811247266e-06
1.357059214881702e-06
1.406272176877758e-06
1.456489089584005e-06
1.507765616010783e-06
1.560161015440919e-06
1.613738513785497e-06
1.668565715515606e-06
1.724715068398061e-06
1.782264393662367e-06
1.84129748563312e-06
1.901904795357244e-06
1.964184216566672e-06
2.028241985662498e-06
2.094193718095135e-06
2.162165613888227e-06
2.23229586083237e-06
2.304736271834464e-06
2.37965421237085e-06
2.457234881174649e-06
2.537684018617718e-06
2.621231148197878e-06
2.708133485569957e-06
2.798680681824533e-06
2.893200625810716e-06
2.992066610025747e-06
3.095706261212776e-06
3.204612782242407e-06
3.319359273775978e-06
3.440617217043547e-06
3.569180665835812e-06
3.705998430636517e-06
3.852217704010432e-06
4.009244472460792e-06
4.17882929531894e-06
4.36319279041186e-06
4.565215866444362e-06
4.788740624338454e-06
5.039070646233962e-06
5.32385097053691e-06
5.654711180106152e-06
6.050518090431414e-06
6.544163316808638e-06
7.197401102906357e-06
8.140556884918638e-06
9.681669978968157e-06
1.205804252682553e-05
-1.316646313982872e-05
-9.593956230013445e-06
-7.85485854721826e-06
-6.996019043621512e-06
-6.41844000468595e-06
-5.969579658841953e-06
-5.599574125205054e-06
-5.284065945127546e-06
-5.008911465376478e-06
-4.764959090499502e-06
-4.545875923247055e-06
-4.347078685907283e-06
-4.16513978035286e-06
-3.99742886813281e-06
-3.841883968997064e-06
-3.696859150395801e-06
-3.561019891376415e-06
-3.433269287933891e-06
-3.312694824081939e-06
-3.198529215898063e-06
-3.090121100178365e-06
-2.986912745048668e-06
-2.888422862617273e-06
-2.794233183452912e-06
-2.703977848852141e-06
-2.617334940228238e-06
-2.534019648980106e-06
-2.453778720678359e-06
-2.376385897884538e-06
-2.301638155654815e-06
-2.229352565997305e-06
-2.159363674394241e-06
-2.091521286334881e-06
-2.025688593181497e-06
-1.961740574268347e-06
-1.899562629022832e-06
-1.839049400465279e-06
-1.780103757359924e-06
-1.722635913103564e-06
-1.666562655003838e-06
-1.611806673635729e-06
-1.558295970647084e-06
-1.50596334119604e-06
-1.454745912845461e-06
-1.404584740052093e-06
-1.355424441997423e-06
-1.307212879246954e-06
-1.25990086739882e-06
-1.213441916060082e-06
-1.167791999812189e-06
-1.122909346022891e-06
-1.078754248614455e-06
-1.035288895578557e-06
-9.924772141716131e-07
-9.502847310100778e-07
-9.086784412004748e-07
-8.676266940773099e-07
-8.270990816322232e-07
-7.870663435435282e-07
-7.475002737581898e-07
-7.083736372197688e-07
-6.69660094989755e-07
-6.31334127994735e-07
-5.933709758393009e-07
-5.557465704303847e-07
-5.18437480274149e-07
-4.814208573993719e-07
-4.446743824863989e-07
-4.081762221140613e-07
-3.719049785675095e-07
-3.358396499915851e-07
-2.999595897128937e-07
-2.64244464026128e-07
-2.286742203720923e-07
-1.932290458846264e-07
-1.578893353728168e-07
-1.226356591452885e-07
-8.744872647640093e-08
-5.230935818320853e-08
-1.719845014496045e-08
1.790305505684876e-08
5.301419689434873e-08
8.815403463847627e-08
1.233416710623284e-07
1.58596286222549e-07
1.939371728755803e-07
2.293837613651716e-07
2.649556581597405e-07
3.006726777435205e-07
3.365548731939858e-07
3.726225799639365e-07
4.088964481822098e-07
4.453974797523609e-07
4.821470751886956e-07
5.19167071543497e-07
5.564797893251182e-07
5.941080829598368e-07
6.32075386023796e-07
6.704057691381741e-07
7.091239989719609e-07
7.48255595457653e-07
7.878269024566954e-07
8.27865159624147e-07
8.68398576404061e-07
9.094564194365109e-07
9.510691025476237e-07
9.932682830281879e-07
1.036086972629544e-06
1.079559653679418e-06
1.123722405217202e-06
1.16861304717887e-06
1.21427129512699e-06
1.260738929397618e-06
1.308059986305442e-06
1.356280966965498e-06
1.405451067767991e-06
1.455622440652715e-06
1.506850481250233e-06
1.559194149302182e-06
1.612716331779238e-06
1.66748425087787e-06
1.723569921896841e-06
1.78105067356957e-06
1.840009739251938e-06
1.900536928443215e-06
1.962729395987182e-06
2.026692525717573e-06
2.092540946705333e-06
2.160399709758185e-06
2.23040565706441e-06
2.302709020524572e-06
2.377475296453706e-06
2.454887458971462e-06
2.535148585906011e-06
2.618484992116643e-06
2.705149995286442e-06
2.79542847440927e-06
2.889642427291484e-06
2.988157801598187e-06
3.09139296780901e-06
3.199829330117546e-06
3.314024754489628e-06
3.434630760136193e-06
3.562414812151003e-06
3.698289639194915e-06
3.8433523977485e-06
3.998937910967575e-06
4.166692478766559e-06
4.348678533312519e-06
4.547526978153267e-06
4.7666661270969e-06
5.010680182817663e-06
5.285903261202763e-06
5.601488585276456e-06
5.971581986503067e-06
6.420543705227619e-06
6.998240383271994e-06
7.857212094583493e-06
9.596432381813856e-06
1.316901062372602e-05
-1.496342390552137e-05
-9.698333573100309e-06
-7.547490975585907e-06
-6.723406532660794e-06
-6.223131883618538e-06
-5.832063585884463e-06
-5.500565212235599e-06
-5.21041129394847e-06
-4.952309270810284e-06
-4.72019722808711e-06
-4.50961255341036e-06
-4.317104716789067e-06
-4.13994690320293e-06
-3.975955223486046e-06
-3.823361132066073e-06
-3.68071742917544e-06
-3.546827930601178e-06
-3.420694416994506e-06
-3.301476313692516e-06
-3.188459796796186e-06
-3.08103391102638e-06
-2.978671933185011e-06
-2.880916695333e-06
-2.787368920978841e-06
-2.697677873739785e-06
-2.611533797229375e-06
-2.528661754702376e-06
-2.448816573156737e-06
-2.371778662131909e-06
-2.297350536634208e-06
-2.225353903214483e-06
-2.155627208473786e-06
-2.088023560631795e-06
-2.022408962342964e-06
-1.958660798518429e-06
-1.896666536432477e-06
-1.836322604966909e-06
-1.777533421518287e-06
-1.720210548083767e-06
-1.664271950449777e-06
-1.609641353025402e-06
-1.556247667385344e-06
-1.504024492209581e-06
-1.452909667267063e-06
-1.402844879368706e-06
-1.353775311551033e-06
-1.305649328013929e-06
-1.258418195881061e-06
-1.212035830067093e-06
-1.166458570118837e-06
-1.121644973324049e-06
-1.07755563180136e-06
-1.03415300431675e-06
-9.914012639392325e-07
-9.492661619392453e-07
-9.077148981248971e-07
-8.667160092170055e-07
-8.262392594917844e-07
-7.862555464114562e-07
-7.467368104341531e-07
-7.076559508804434e-07
-6.689867535557695e-07
-6.307038156228624e-07
-5.927824842854189e-07
-5.551987928679965e-07
-5.179294037317727e-07
-4.809515576776479e-07
-4.442430189736624e-07
-4.077820323648629e-07
-3.715472753953448e-07
-3.355178168797358e-07
-2.996730783132622e-07
-2.63992790883878e-07
-2.284569635647607e-07
-1.930458447416677e-07
-1.577398875610998e-07
-1.225197192661389e-07
-8.736610503028001e-08
-5.225991996020582e-08
-1.718211525808839e-08
1.788631347882969e-08
5.296435244076138e-08
8.80710053532434e-08
1.232253221836686e-07
1.584464284333908e-07
1.937535600028838e-07
2.291660910887284e-07
2.647035686917237e-07
3.00385747281953e-07
3.362326188557825e-07
3.722644521034233e-07
4.085018295814866e-07
4.449656833189385e-07
4.81677337997278e-07
5.186585526080724e-07
5.559315642920114e-07
5.93519137715918e-07
6.314446135270686e-07
6.697319612462627e-07
7.084058381533238e-07
7.47491649787389e-07
7.870156151216934e-07
8.27004837821536e-07
8.674873825512156e-07
9.084923574936123e-07
9.500500037400545e-07
9.921917921535339e-07
1.034950528844384e-06
1.078360470861444e-06
1.12245745246779e-06
1.167279022514494e-06
1.212864596936191e-06
1.259255627624668e-06
1.306495786033963e-06
1.354631166648585e-06
1.403710515252283e-06
1.453785480520085e-06
1.504910893177611e-06
1.557145080460724e-06
1.610550217818472e-06
1.665192722741547e-06
1.721143700250446e-06
1.778479445607869e-06
1.837282012531294e-06
1.897639861595584e-06
1.95964859985215e-06
2.023411824569753e-06
2.08904209515836e-06
2.156662057206892e-06
2.226405741711329e-06
2.29842007618987e-06
2.372866654840124e-06
2.449923817241545e-06
2.529789099587738e-06
2.612682147240593e-06
2.698848195256379e-06
2.788562248647836e-06
2.882134139299027e-06
2.979914689250918e-06
3.082303273103254e-06
3.18975716991819e-06
3.302803230008258e-06
3.422052556348638e-06
3.548219143382955e-06
3.682143763695293e-06
3.824824869335852e-06
3.977458920332259e-06
4.14149344731691e-06
4.318697394688453e-06
4.511255138022101e-06
4.721894090593059e-06
4.954065522198696e-06
5.212232957985284e-06
5.502459426057899e-06
5.834038769744432e-06
6.225197656998087e-06
6.72557260839632e-06
7.549761990319323e-06
9.700693576963191e-06
1.496585291127199e-05
-1.712053575598121e-05
-9.980979955700241e-06
-7.28391969898546e-06
-6.433203891122645e-06
-5.990459315374664e-06
-5.654973523803206e-06
-5.365813844834847e-06
-5.106200376968021e-06
-4.870037020683113e-06
-4.653903474327237e-06
-4.455190627003541e-06
-4.271691291333687e-06
-4.10150807051909e-06
-3.943016282806579e-06
-3.794831023559715e-06
-3.65577352276792e-06
-3.524839173702002e-06
-3.401169094708879e-06
-3.284025851059389e-06
-3.172773206685437e-06
-3.06685943540742e-06
-2.965803639928091e-06
-2.869184544206974e-06
-2.776631298208389e-06
-2.687815910653421e-06
-2.602446996752855e-06
-2.520264587289672e-06
-2.441035801437841e-06
-2.364551218906573e-06
-2.290621827083941e-06
-2.219076435869915e-06
-2.149759483087564e-06
-2.082529158821833e-06
-2.01725579854864e-06
-1.953820499906405e-06
-1.892113926085637e-06
-1.832035269295567e-06
-1.773491345835975e-06
-1.716395808676868e-06
-1.660668452817062e-06
-1.606234608694603e-06
-1.553024602997506e-06
-1.500973284544793e-06
-1.450019601654746e-06
-1.400106226523746e-06
-1.351179221082701e-06
-1.303187735034801e-06
-1.25608373972493e-06
-1.209821783369992e-06
-1.164358775753543e-06
-1.119653789461818e-06
-1.075667882806931e-06
-1.032363938210135e-06
-9.897065135843549e-07
-9.476617111256658e-07
-9.061970513460229e-07
-8.652813641642447e-07
-8.248846840705679e-07
-7.849781560429294e-07
-7.45533949270484e-07
-7.065251745262374e-07
-6.679258129873169e-07
-6.297106442238333e-07
-5.918551843153327e-07
-5.54335625235305e-07
-5.171287774484741e-07
-4.802120201832225e-07
-4.435632492139061e-07
-4.071608325813601e-07
-3.709835656137293e-07
-3.350106285259152e-07
-2.992215486892527e-07
-2.635961600360865e-07
-2.281145689958406e-07
-1.927571191620651e-07
-1.575043559285246e-07
-1.223369954468747e-07
-8.72358913852849e-08
-5.218200425252909e-08
-1.715637079992344e-08
1.785992763232436e-08
5.288579452353461e-08
8.794014833633885e-08
1.230419532742276e-07
1.582102498350693e-07
1.934641849142035e-07
2.28823043523503e-07
2.643062814621654e-07
2.999335569730673e-07
3.357247650460907e-07
3.717000723426755e-07
4.078799535113971e-07
4.44285230645067e-07
4.809371108930444e-07
5.178572284593892e-07
5.550676908958607e-07
5.925911228877482e-07
6.304507164354314e-07
6.686702846446877e-07
7.072743142560348e-07
7.462880281396937e-07
7.857374510831777e-07
8.256494747906934e-07
8.66051934855837e-07
9.069736924660189e-07
9.48444718033068e-07
9.904961885954722e-07
1.03316059098677e-06
1.076471829798907e-06
1.120465353102708e-06
1.165178288100444e-06
1.210649584253391e-06
1.256920177158016e-06
1.304033168620948e-06
1.352034020113952e-06
1.400970772301165e-06
1.450894288902415e-06
1.501858521787946e-06
1.553920811064367e-06
1.607142223842175e-06
1.661587927818841e-06
1.717327611817869e-06
1.774435964232855e-06
1.832993210088904e-06
1.893085718229518e-06
1.954806695331475e-06
2.018256975562851e-06
2.083545921993992e-06
2.150792465761022e-06
2.220126304252081e-06
2.291689283251565e-06
2.365637003784816e-06
2.442140699501603e-06
2.521389432857289e-06
2.603592676866826e-06
2.688983370305656e-06
2.777821547216366e-06
2.870398665105147e-06
2.967042795413671e-06
3.068124879234998e-06
3.17406629721139e-06
3.285348065007902e-06
3.402522042436077e-06
3.526224619848495e-06
3.65719340936862e-06
3.796287497557829e-06
3.944511728807676e-06
4.103045152580466e-06
4.27327300151934e-06
4.456820340859485e-06
4.65558501554425e-06
4.871774729205892e-06
5.107999168504642e-06
5.367679230086024e-06
5.65691149923835e-06
5.992475902196945e-06
6.435303720655499e-06
7.286101482305374e-06
9.98322653889916e-06
1.712285184681741e-05
-1.946734537012538e-05
-1.03882623171694e-05
-7.07755978741714e-06
-6.155943069863632e-06
-5.747997756938857e-06
-5.458653011270502e-06
-5.209271543247335e-06
-4.980782385150475e-06
-4.76836734332706e-06
-4.570344816173146e-06
-4.385571218834633e-06
-4.212939439213931e-06
-4.05134770242451e-06
-3.899741813020358e-06
-3.757147482462146e-06
-3.622684318226212e-06
-3.495567165465379e-06
-3.375100650193664e-06
-3.260670756007131e-06
-3.151735584856633e-06
-3.047816387988621e-06
-2.948489358477567e-06
-2.853378353678975e-06
-2.762148555809831e-06
-2.674501002639829e-06
-2.590167895639669e-06
-2.508908581356388e-06
-2.430506114081774e-06
-2.35476431038606e-06
-2.281505224123122e-06
-2.210566973243003e-06
-2.141801868568046e-06
-2.075074794988471e-06
-2.010261809115787e-06
-1.947248921094867e-06
-1.885931030953758e-06
-1.826211000636103e-06
-1.767998837375856e-06
-1.711210979460885e-06
-1.655769661963187e-06
-1.601602359732659e-06
-1.548641291040519e-06
-1.496822978060175e-06
-1.44608785437419e-06
-1.396379913575839e-06
-1.347646396917516e-06
-1.299837509534435e-06
-1.252906169244759e-06
-1.206807775692229e-06
-1.161500005984345e-06
-1.11694262679692e-06
-1.073097324789801e-06
-1.029927553223158e-06
-9.873983892507733e-07
-9.454764083727079e-07
-9.041295646439965e-07
-8.633270841009801e-07
-8.230393657750511e-07
-7.832378898276022e-07
-7.438951343344932e-07
-7.049844963490399e-07
-6.664802214533081e-07
-6.283573361208375e-07
-5.90591585687065e-07
-5.531593760151987e-07
-5.160377185667141e-07
-4.792041803830985e-07
-4.426368354777987e-07
-4.06314219478292e-07
-3.702152864304655e-07
-3.343193682742119e-07
-2.986061360847301e-07
-2.630555629685271e-07
-2.276478883756276e-07
-1.923635842101484e-07
-1.57183321696229e-07
-1.220879375442764e-07
-8.705840497001825e-08
-5.207580228551239e-08
-1.7121280845276e-08
1.78239619647489e-08
5.277871555134892e-08
8.77617843884782e-08
1.227920151968025e-07
1.578883322586685e-07
1.930697637283306e-07
2.283554718830377e-07
2.637647889073474e-07
2.993172434593947e-07
3.350325966329403e-07
3.709308784485066e-07
4.07032417907819e-07
4.433578853184154e-07
4.799283303060263e-07
5.16765217962809e-07
5.538904783172621e-07
5.913265489557673e-07
6.290964196401406e-07
6.672236892593989e-07
7.057326164979689e-07
7.446481767562006e-07
7.839961300023203e-07
8.238030830030872e-07
8.640965606969055e-07
9.049050893792687e-07
9.462582766087445e-07
9.88186901056111e-07
1.030723015842169e-06
1.07390005333763e-06
1.117752941578884e-06
1.162318236252516e-06
1.207634259366783e-06
1.253741252319559e-06
1.300681548418135e-06
1.348499758754962e-06
1.397242977057268e-06
1.44696101017309e-06
1.497706631140849e-06
1.549535859059689e-06
1.602508274359066e-06
1.656687370627382e-06
1.712140945879741e-06
1.768941542703472e-06
1.827166944947781e-06
1.88690073658731e-06
1.948232932550781e-06
2.011260695213225e-06
2.076089150386011e-06
2.142832316850351e-06
2.211614168402844e-06
2.282569853675617e-06
2.355847100234763e-06
2.431607832104022e-06
2.510030040953436e-06
2.591309959395849e-06
2.67566458855523e-06
2.763334642135186e-06
2.854587985061376e-06
2.94972365415304e-06
3.049076551810951e-06
3.153022914243592e-06
3.261986653258174e-06
3.376446637089265e-06
3.496944898767016e-06
3.624095604872201e-06
3.758594300112443e-06
3.901226334805778e-06
4.052872321751474e-06
4.214506796000478e-06
4.387184225964325e-06
4.57200668213951e-06
4.770081576973993e-06
4.982552767389125e-06
5.211102028315726e-06
5.460547474817883e-06
5.749959418468404e-06
6.157973186383321e-06
7.07965402257708e-06
1.039040430004613e-05
1.946955985714834e-05
-2.192781463348719e-05
-1.088227868905178e-05
-6.923398805764514e-06
-5.902256089584548e-06
-5.510299244015134e-06
-5.256431571170909e-06
-5.041575985608898e-06
-4.842155546550486e-06
-4.653168262498764e-06
-4.473800449214335e-06
-4.303888030339285e-06
-4.143166616003735e-06
-3.991201373245613e-06
-3.847449576922479e-06
-3.71132498978075e-06
-3.582241353909388e-06
-3.459637375120429e-06
-3.342989208734203e-06
-3.231815337793146e-06
-3.125677107659394e-06
-3.024176932375122e-06
-2.926955370400849e-06
-2.833687758018662e-06
-2.744080786284693e-06
-2.657869223100522e-06
-2.574812881749545e-06
-2.49469387020538e-06
-2.417314129451863e-06
-2.342493245089761e-06
-2.270066513988076e-06
-2.199883237864701e-06
-2.131805221717051e-06
-2.065705450568302e-06
-2.001466923890775e-06
-1.938981629215138e-06
-1.878149634136486e-06
-1.818878286420247e-06
-1.761081502142835e-06
-1.70467913762226e-06
-1.649596427693786e-06
-1.595763488044181e-06
-1.543114869641491e-06
-1.491589160708542e-06
-1.441128630741152e-06
-1.391678909244844e-06
-1.343188698764597e-06
-1.295609513480926e-06
-1.248895446336321e-06
-1.203002955314275e-06
-1.157890672142492e-06
-1.113519227379203e-06
-1.069851090410474e-06
-1.026850425643243e-06
-9.844829584005219e-07
-9.42715854759991e-07
-9.01517610011988e-07
-8.608579457780457e-07
-8.207077164167165e-07
-7.810388215960544e-07
-7.418241257011899e-07
-7.030373845052124e-07
-6.646531753444192e-07
-6.266468333058025e-07
-5.88994391478574e-07
-5.516725237516305e-07
-5.146584940554483e-07
-4.779301055486636e-07
-4.414656551294382e-07
-4.052438894274267e-07
-3.692439616003471e-07
-3.334453943632507e-07
-2.978280398237302e-07
-2.623720453456487e-07
-2.270578186937821e-07
-1.918659923195055e-07
-1.567773953226656e-07
-1.217730177155847e-07
-8.683398185811871e-08
-5.194151472080813e-08
-1.707691216791959e-08
1.777848402638201e-08
5.264331755605954e-08
8.753624965723329e-08
1.224759809856638e-07
1.574812878289878e-07
1.925710498098036e-07
2.277642746980089e-07
2.630801376197567e-07
2.985380067223023e-07
3.341574737961505e-07
3.699583952987908e-07
4.059609199109353e-07
4.421855259256267e-07
4.786530638218053e-07
5.153847890819756e-07
5.524024071840078e-07
5.897281198721481e-07
6.273846657249117e-07
6.653953732601592e-07
7.037842146939883e-07
7.425758575794405e-07
7.817957278746129e-07
8.214700751179883e-07
8.616260385511026e-07
9.022917233812048e-07
9.434962818080783e-07
9.852699979441116e-07
1.027644382594072e-06
1.070652276659294e-06
1.114327961823611e-06
1.158707281330527e-06
1.203827773449967e-06
1.249728817257633e-06
1.296451790628595e-06
1.344040245206841e-06
1.392540100261021e-06
1.441999853490589e-06
1.492470814533363e-06
1.544007366895198e-06
1.596667255938724e-06
1.650511907247675e-06
1.705606785223479e-06
1.762021792447583e-06
1.81983171241934e-06
1.879116708738088e-06
1.939962887290563e-06
2.002462924357833e-06
2.06671677548429e-06
2.132832480246407e-06
2.200927069648358e-06
2.271127590732994e-06
2.343572273051378e-06
2.41841185412644e-06
2.495811080353697e-06
2.575950411210422e-06
2.65902795590608e-06
2.745261662468861e-06
2.834891778538242e-06
2.928183602146238e-06
3.025430517138567e-06
3.126957270797052e-06
3.233123396065131e-06
3.344326579122305e-06
3.461005586365488e-06
3.58364205819816e-06
3.712759974870679e-06
3.848920778440537e-06
3.992710885895182e-06
4.14471670285371e-06
4.305481122811085e-06
4.475439133796793e-06
4.654855243136397e-06
4.843893564582842e-06
5.043367660240244e-06
5.258279104443324e-06
5.512203871457369e-06
5.904217031746653e-06
6.925410359713149e-06
1.088432583181759e-05
2.192993939901377e-05
-2.446361369178496e-05
-1.143889225207248e-05
-6.813108059682974e-06
-5.67426650212967e-06
-5.284223261794434e-06
-5.056295540303881e-06
-4.870115167323821e-06
-4.696512095845187e-06
-4.529384328102018e-06
-4.3681274534224e-06
-4.213122120056867e-06
-4.064674685576034e-06
-3.922853646803662e-06
-3.78753261333775e-06
-3.65846010547994e-06
-3.535315665580379e-06
-3.417748108821585e-06
-3.305399704215412e-06
-3.1979206474541e-06
-3.094977192780945e-06
-2.996255773679555e-06
-2.901464643276174e-06
-2.810334020782436e-06
-2.722615374249838e-06
-2.638080231189115e-06
-2.556518766047228e-06
-2.477738311178167e-06
-2.401561883199635e-06
-2.32782677311328e-06
-2.256383228971221e-06
-2.187093240889118e-06
-2.119829432770153e-06
-2.054474056384911e-06
-1.990918082537068e-06
-1.929060384409414e-06
-1.868807000439525e-06
-1.810070475080164e-06
-1.75276926402144e-06
-1.696827202394651e-06
-1.642173024259243e-06
-1.588739931652238e-06
-1.536465206697473e-06
-1.485289861192771e-06
-1.435158321195764e-06
-1.386018140527653e-06
-1.337819742804368e-06
-1.290516186094005e-06
-1.244062951005801e-06
-1.198417746582686e-06
-1.153540334150543e-06
-1.109392367215841e-06
-1.065937243572428e-06
-1.023139971023401e-06
-9.809670445972672e-07
-9.393863327013213e-07
-8.98366973949053e-07
-8.578792799719016e-07
-8.178946468629564e-07
-7.783854746256645e-07
-7.393250887095679e-07
-7.006876723322565e-07
-6.624481991618012e-07
-6.245823723478181e-07
-5.870665693039109e-07
-5.498777845357353e-07
-5.129935833365412e-07
-4.763920520008588e-07
-4.40051753717411e-07
-4.039516879464418e-07
-3.680712463582604e-07
-3.32390180108959e-07
-2.968885594749993e-07
-2.615467393595587e-07
-2.263453294050267e-07
-1.912651559492926e-07
-1.562872364219341e-07
-1.213927457038724e-07
-8.65629846161043e-08
-5.177935755069235e-08
-1.70233360503991e-08
1.77235659514599e-08
5.24798178477356e-08
8.72639073248191e-08
1.22094361278963e-07
1.569897775085087e-07
1.919688565651408e-07
2.270504228588783e-07
2.622534610385456e-07
2.97597146688199e-07
3.331008711478827e-07
3.68784279937133e-07
4.046673054483606e-07
4.407701986657498e-07
4.771135693095225e-07
5.137184218775986e-07
5.506061945921476e-07
5.877988047003713e-07
6.253186917559518e-07
6.6318886282058e-07
7.014329441297766e-07
7.400752362717536e-07
7.79140769667496e-07
8.186553648362219e-07
8.586457003678921e-07
8.991393823366954e-07
9.401650188474189e-07
9.817523047405197e-07
1.023932108670227e-06
1.066736567101814e-06
1.110199192394712e-06
1.154354985300579e-06
1.199240554718709e-06
1.244894255669665e-06
1.291356337369683e-06
1.338669100171105e-06
1.386877073631073e-06
1.436027212201139e-06
1.486169104496952e-06
1.537355207825499e-06
1.589641110458644e-06
1.643085815783696e-06
1.69775205619502e-06
1.753706645603585e-06
1.811020868565878e-06
1.869770909468489e-06
1.930038332019604e-06
1.991910613946567e-06
2.055481740154017e-06
2.120852862826167e-06
2.188133038006923e-06
2.257440044656074e-06
2.328901292471887e-06
2.40265482655435e-06
2.478850436946815e-06
2.557650874887429e-06
2.639233170231648e-06
2.723790039420628e-06
2.811531361090191e-06
2.902685667048584e-06
2.99750155486176e-06
3.096248874569651e-06
3.199219448766056e-06
3.306726927114164e-06
3.419105144340831e-06
3.536703998378338e-06
3.659881319190408e-06
3.788988395969984e-06
3.924345789412551e-06
4.066205073335667e-06
4.214692714592772e-06
4.369740258287137e-06
4.531041325494391e-06
4.698215138586947e-06
4.871865804699728e-06
5.058094740095255e-06
5.286070946789195e-06
5.676160758097323e-06
6.815042715992153e-06
1.144085364482245e-05
2.446565940749036e-05
-2.705291549299936e-05
-1.204236897110012e-05
-6.738955523943444e-06
-5.470761850449072e-06
-5.072467146911149e-06
-4.862684961474251e-06
-4.699711251024601e-06
-4.548356570004201e-06
-4.400922199799028e-06
-4.256580958079744e-06
-4.115927952893358e-06
-3.97960559531413e-06
-3.848026514585895e-06
-3.721376124568492e-06
-3.599670786763014e-06
-3.482813981385172e-06
-3.37063910273979e-06
-3.262939477790576e-06
-3.15948858923477e-06
-3.060053318130307e-06
-2.964402381551811e-06
-2.872311521951368e-06
-2.783566523835276e-06
-2.697964798239583e-06
-2.615316031763424e-06
-2.53544224024426e-06
-2.458177450191481e-06
-2.383367160738985e-06
-2.310867684924412e-06
-2.240545436305491e-06
-2.172276202255347e-06
-2.105944431582401e-06
-2.041442551809718e-06
-1.978670323883857e-06
-1.917534242434972e-06
-1.857946978087644e-06
-1.799826866224243e-06
-1.743097436113626e-06
-1.687686981417526e-06
-1.633528167025205e-06
-1.580557670357056e-06
-1.528715855166433e-06
-1.477946473244745e-06
-1.428196392949866e-06
-1.379415351199299e-06
-1.331555727279291e-06
-1.284572336236045e-06
-1.238422239992749e-06
-1.193064575076956e-06
-1.14846039376169e-06
-1.104572518992303e-06
-1.061365411728698e-06
-1.018805046799846e-06
-9.768588021931588e-07
-9.354953530658158e-07
-8.946845767179555e-07
-8.543974638568e-07
-8.146060343923516e-07
-7.752832645279909e-07
-7.364030115859846e-07
-6.979399513260905e-07
-6.598695154899479e-07
-6.221678322288725e-07
-5.8481167659716e-07
-5.477784145792011e-07
-5.110459596339898e-07
-4.7459272593573e-07
-4.38397584704324e-07
-4.024398286928813e-07
-3.666991270620362e-07
-3.31155494290247e-07
-2.957892542624698e-07
-2.605810033741713e-07
-2.255115846721287e-07
-1.90562050881774e-07
-1.557136372515903e-07
-1.209477330234567e-07
-8.624584787000585e-08
-5.158959080891043e-08
-1.696063826294265e-08
1.765929486215284e-08
5.228847735152475e-08
8.694519374657198e-08
1.216477689588393e-07
1.564145946107008e-07
1.912641609156635e-07
2.262150809155435e-07
2.612861193634124e-07
2.964962247259513e-07
3.318645572266161e-07
3.674105195252467e-07
4.031537903998368e-07
4.391143583405741e-07
4.753125545029342e-07
5.11769090377118e-07
5.485050973203677e-07
5.855421634996543e-07
6.229023786295673e-07
6.606083805804632e-07
6.98683397902406e-07
7.37151303582529e-07
7.760366720637875e-07
8.153648312263013e-07
8.551619260943651e-07
8.954549880960471e-07
9.362720011769853e-07
9.776419796721438e-07
1.019595053925931e-06
1.062162554926266e-06
1.105377110573327e-06
1.149272753435899e-06
1.193885031324167e-06
1.239251128544427e-06
1.285410001790427e-06
1.332402524973502e-06
1.380271645874252e-06
1.429062559914031e-06
1.478822899827253e-06
1.529602941141265e-06
1.581455827797623e-06
1.634437821575451e-06
1.688608574717695e-06
1.744031425816398e-06
1.800773725604156e-06
1.858907198068495e-06
1.918508334002739e-06
1.979658818293278e-06
2.042446000439813e-06
2.106963410005217e-06
2.173311312184122e-06
2.241597306843313e-06
2.31193697479341e-06
2.384454562096915e-06
2.459283690430776e-06
2.536568082926663e-06
2.616462280539024e-06
2.69913230103785e-06
2.784756175272402e-06
2.873524265717818e-06
2.965639215413246e-06
3.061315297728054e-06
3.16077683132665e-06
3.26425516213988e-06
3.371983475013794e-06
3.484188354786305e-06
3.601076540205031e-06
3.722814699128939e-06
3.849499402865199e-06
3.981114324242924e-06
4.11747405273352e-06
4.258165912873788e-06
4.402547373290744e-06
4.550023093863323e-06
4.70141986282071e-06
4.864435761264685e-06
5.074259234943734e-06
5.472592748801899e-06
6.740819042461049e-06
1.204425262003283e-05
2.705489127608011e-05
-2.968216430471029e-05
-1.268204648671002e-05
-6.69454073030711e-06
-5.289369366206283e-06
-4.875553222085765e-06
-4.677804720684247e-06
-4.533318438995264e-06
-4.400795202013018e-06
-4.270712531487276e-06
-4.141768386132957e-06
-4.014547862395456e-06
-3.889849910472624e-06
-3.768296540845161e-06
-3.650287893119387e-06
-3.536040199313084e-06
-3.425634287612209e-06
-3.31905674664458e-06
-3.21623116752509e-06
-3.117040787010211e-06
-3.02134450656637e-06
-2.928988033602386e-06
-2.839811513814935e-06
-2.753654667549023e-06
-2.6703601684831e-06
-2.58977578914957e-06
-2.511755691149373e-06
-2.436161124367062e-06
-2.362860723260952e-06
-2.291730532579725e-06
-2.222653855191635e-06
-2.155520987051741e-06
-2.090228884052103e-06
-2.026680792917938e-06
-1.964785865654134e-06
-1.90445877503751e-06
-1.845619336740165e-06
-1.788192147254008e-06
-1.732106239631172e-06
-1.677294759175574e-06
-1.623694660116197e-06
-1.571246422393715e-06
-1.519893789437675e-06
-1.469583525019135e-06
-1.42026518784001e-06
-1.371890924301206e-06
-1.324415275951305e-06
-1.277795003936335e-06
-1.23198892475752e-06
-1.186957760237159e-06
-1.142663999036642e-06
-1.099071766978745e-06
-1.056146710976806e-06
-1.01385588604264e-06
-9.721676566511502e-07
-9.310516012591831e-07
-8.904784246234254e-07
-8.504198789259525e-07
-8.10848684479869e-07
-7.717384642853817e-07
-7.330636742098007e-07
-6.947995437028357e-07
-6.569220202240321e-07
-6.194077115099343e-07
-5.822338405398392e-07
-5.453781925191057e-07
-5.088190733508014e-07
-4.725352682133372e-07
-4.365059970841131e-07
-4.00710883114728e-07
-3.651299104165462e-07
-3.297433911865499e-07
-2.945319357951913e-07
-2.594764158529912e-07
-2.245579378085737e-07
-1.897578109053124e-07
-1.550575181557599e-07
-1.204386907305221e-07
-8.588307666768811e-08
-5.13725168728685e-08
-1.688891881384458e-08
1.758577252707781e-08
5.206959929354845e-08
8.658061605091941e-08
1.21136916325358e-07
1.557566600191397e-07
1.904580987053092e-07
2.252596031395953e-07
2.601796913663647e-07
2.952370541973606e-07
3.304505876911455e-07
3.658394220710558e-07
4.01422948083638e-07
4.372208549311862e-07
4.732531618689542e-07
5.095402481713487e-07
5.461028955346088e-07
5.829623237608881e-07
6.201402275797862e-07
6.576588249737716e-07
6.955408988653489e-07
7.338098415010917e-07
7.724897104740637e-07
8.116052810043017e-07
8.511821000378566e-07
8.912465503662933e-07
9.318259161954397e-07
9.729484514597715e-07
1.014643456391833e-06
1.056941359565187e-06
1.099873803838377e-06
1.143473739393107e-06
1.187775527317829e-06
1.232815050518373e-06
1.278629829265623e-06
1.325259149200162e-06
1.372744203772328e-06
1.421128243466227e-06
1.470456736303052e-06
1.520777547377243e-06
1.572141131567445e-06
1.624600738315767e-06
1.678212637395164e-06
1.733036364633151e-06
1.789134982216002e-06
1.846575359858133e-06
1.90542848127362e-06
1.965769769578391e-06
2.027679429324238e-06
2.091242808732756e-06
2.156550778747175e-06
2.223700118926226e-06
2.292793900766482e-06
2.363941856683942e-06
2.43726071429799e-06
2.512874462219365e-06
2.590914500909896e-06
2.671519616331993e-06
2.754835685521754e-06
2.841014978283352e-06
2.930214864953576e-06
3.022595668597293e-06
3.118317288782797e-06
3.217534065028401e-06
3.320387141371664e-06
3.426993321850761e-06
3.537429051031267e-06
3.651707766887538e-06
3.769748651938773e-06
3.891335457895497e-06
4.016067991012191e-06
4.143324135385184e-06
4.272304759311933e-06
4.402424478362747e-06
4.534984904513819e-06
4.679507892319669e-06
4.877291718450931e-06
5.291140488175248e-06
6.696338470222061e-06
1.268385929931699e-05
2.968407783257533e-05
-3.234237100408188e-05
-1.335042716606658e-05
-6.674751887231132e-06
-5.127491289056464e-06
-4.692939853581643e-06
-4.502519901017703e-06
-4.372612478656503e-06
-4.255866371310545e-06
-4.140862440292382e-06
-4.025695227832803e-06
-3.910801265978823e-06
-3.797010483554611e-06
-3.685050363765565e-06
-3.575454422315047e-06
-3.46857736931726e-06
-3.364632225139079e-06
-3.263726178784421e-06
-3.165889901541068e-06
-3.071100103735441e-06
-2.97929641176034e-06
-2.890393790504511e-06
-2.804291583063948e-06
-2.720880019662883e-06
-2.640044856429132e-06
-2.561670638034863e-06
-2.485642955751245e-06
-2.411849974310628e-06
-2.340183429211888e-06
-2.270539243441823e-06
-2.202817870476574e-06
-2.136924444890699e-06
-2.072768797280473e-06
-2.010265376929958e-06
-1.94933311158436e-06
-1.889895228318142e-06
-1.831879049853187e-06
-1.775215778050843e-06
-1.719840274059745e-06
-1.665690838629025e-06
-1.612708998098464e-06
-1.560839297685859e-06
-1.51002910376611e-06
-1.460228416920359e-06
-1.411389693725595e-06
-1.36346768211477e-06
-1.316419263185142e-06
-1.270203306971664e-06
-1.224780535360735e-06
-1.180113394302851e-06
-1.136165937469596e-06
-1.092903712366135e-06
-1.050293661123149e-06
-1.008304020909127e-06
-9.669042364480283e-07
-9.260648769578013e-07
-8.857575558153965e-07
-8.459548619339469e-07
-8.06630286863937e-07
-7.677581651739655e-07
-7.293136126253838e-07
-6.912724700869135e-07
-6.536112543134515e-07
-6.163071032338784e-07
-5.793377344328893e-07
-5.426813977258045e-07
-5.063168339347079e-07
-4.702232388063222e-07
-4.343802201356499e-07
-3.987677665343704e-07
-3.633662118285102e-07
-3.281562004710493e-07
-2.931186596426547e-07
-2.582347674392052e-07
-2.234859238690175e-07
-1.888537225252634e-07
-1.543199233391677e-07
-1.198664261121938e-07
-8.547524430458075e-08
-5.112847858951995e-08
-1.680829154319819e-08
1.750311473595103e-08
5.182352774291474e-08
8.617074856437596e-08
1.205626123278847e-07
1.550170193490861e-07
1.895519575003836e-07
2.241855260766568e-07
2.589359684037552e-07
2.938216916346328e-07
3.288612948804758e-07
3.640736043240322e-07
3.994776947048401e-07
4.3509292071976e-07
4.709389533018223e-07
5.070358062864448e-07
5.434038721021277e-07
5.800639606186344e-07
6.170373326407789e-07
6.543457400939376e-07
6.920114700561528e-07
7.30057387162879e-07
7.685069789200055e-07
8.073844068934145e-07
8.467145606123997e-07
8.865231106361162e-07
9.268365679139422e-07
9.676823510240459e-07
1.009088851936372e-06
1.051085506654024e-06
1.093702877113707e-06
1.136972733650053e-06
1.18092814091914e-06
1.225603557563931e-06
1.271034940705699e-06
1.317259852068361e-06
1.364317577239665e-06
1.412249256555759e-06
1.461098019943192e-06
1.510909130570665e-06
1.561730142505913e-06
1.613611068799371e-06
1.666604557087654e-06
1.720766075392527e-06
1.776154110865335e-06
1.832830378403195e-06
1.89086003357237e-06
1.950311890152187e-06
2.011258642881314e-06
2.073777085669468e-06
2.137948312643096e-06
2.203857895969813e-06
2.271596028415515e-06
2.341257602126515e-06
2.41294219066875e-06
2.486753897900131e-06
2.562801016763569e-06
2.641195413684855e-06
2.722051529179575e-06
2.805484850338592e-06
2.891609654073744e-06
2.980535743755181e-06
3.07236380846332e-06
3.167178911592432e-06
3.265041452128665e-06
3.365974740319302e-06
3.46994811585456e-06
3.57685438521088e-06
3.686480504187391e-06
3.798471708615028e-06
3.912294391270121e-06
4.02722092462134e-06
4.142421161661053e-06
4.257458261821815e-06
4.37423725847138e-06
4.504176713538143e-06
4.694627060545765e-06
5.129206167926787e-06
6.676488687906261e-06
1.335217506727643e-05
3.234422873724834e-05
-3.502726921822877e-05
-1.404206766657987e-05
-6.675544446523109e-06
-4.982681765764288e-06
-4.523620791859732e-06
-4.336928665332004e-06
-4.218431382549047e-06
-4.114834443244953e-06
-4.012828192894057e-06
-3.909851992044755e-06
-3.806117111553036e-06
-3.702403418094275e-06
-3.599469419405954e-06
-3.497918728622854e-06
-3.398193321221188e-06
-3.300598310800399e-06
-3.205330819452234e-06
-3.112505543650233e-06
-3.022175561744816e-06
-2.934348671188384e-06
-2.848999969116924e-06
-2.766081424288465e-06
-2.685529092833314e-06
-2.6072685163594e-06
-2.531218728718345e-06
-2.457295205958425e-06
-2.385412017428562e-06
-2.315483373958619e-06
-2.247424725807307e-06
-2.181153521201563e-06
-2.116589714061791e-06
-2.053656084625554e-06
-1.992278422486032e-06
-1.932385609515785e-06
-1.87390962973753e-06
-1.816785528233915e-06
-1.760951332267063e-06
-1.706347949834188e-06
-1.652919051371371e-06
-1.600610941983495e-06
-1.54937242948411e-06
-1.499154690275344e-06
-1.449911138937007e-06
-1.401597296550769e-06
-1.354170668346754e-06
-1.307590621206188e-06
-1.261818270154295e-06
-1.21681637003418e-06
-1.172549209634682e-06
-1.128982517956614e-06
-1.086083367669765e-06
-1.043820091726687e-06
-1.002162199100632e-06
-9.610802980747762e-07
-9.205460265954251e-07
-8.805319800108064e-07
-8.41011651136468e-07
-8.019593665686248e-07
-7.633502322978491e-07
-7.251600800507982e-07
-6.873654148614088e-07
-6.499433714396672e-07
-6.128716651467459e-07
-5.761285520081806e-07
-5.396927879630734e-07
-5.035435890523801e-07
-4.67660597845558e-07
-4.320238463573334e-07
-3.966137232042789e-07
-3.614109431029808e-07
-3.263965155639561e-07
-2.915517145025732e-07
-2.568580524234004e-07
-2.222972522444345e-07
-1.878512187344919e-07
-1.535020160108206e-07
-1.192318388334395e-07
-8.502298978550816e-08
-5.085785687548388e-08
-1.671888350989226e-08
1.741144896109695e-08
5.155064669018806e-08
8.571623184282334e-08
1.199257575890481e-07
1.541968373196098e-07
1.885471708535522e-07
2.229945614173178e-07
2.575569471967313e-07
2.922524256869301e-07
3.270992738916779e-07
3.621159811026542e-07
3.973212759093947e-07
4.327341504104591e-07
4.683738918205489e-07
5.042601139615267e-07
5.404127872656298e-07
5.768522715782091e-07
6.135993534126093e-07
6.506752809494854e-07
6.881017995410167e-07
7.259011965891046e-07
7.640963439287294e-07
8.027107376102533e-07
8.417685496575576e-07
8.812946804624041e-07
9.213148067158057e-07
9.61855440062785e-07
1.002943990914952e-06
1.044608828800202e-06
1.086879349439849e-06
1.129786050294622e-06
1.17336060720883e-06
1.217635953923556e-06
1.262646369195564e-06
1.308427571170119e-06
1.3550168151488e-06
1.402452994551916e-06
1.45077675067817e-06
1.500030590195378e-06
1.550259003553033e-06
1.601508587664182e-06
1.653828177487188e-06
1.707268979177767e-06
1.761884700624364e-06
1.817731683861808e-06
1.87486903550128e-06
1.933358744383693e-06
1.993265781766194e-06
2.054658180192265e-06
2.117607077053833e-06
2.182186703599654e-06
2.248474300437181e-06
2.316549934339685e-06
2.386496178854923e-06
2.458397607553508e-06
2.532340033435633e-06
2.608409410772705e-06
2.686690287179482e-06
2.767263653762409e-06
2.850203993300461e-06
2.935575270707092e-06
3.023425535168827e-06
3.113779704950567e-06
3.206629992957055e-06
3.301923320959486e-06
3.399544980333634e-06
3.499297822137152e-06
3.600876684727247e-06
3.703839511631804e-06
3.807582571349609e-06
3.911347188884859e-06
4.014353267493424e-06
4.11638922923992e-06
4.220015312861663e-06
4.338540656895333e-06
4.525259095737767e-06
4.984343745897797e-06
6.677224619339744e-06
1.404375574187667e-05
3.502907662143129e-05
-3.773231665135563e-05
-1.475290680520131e-05
-6.69371255901134e-06
-4.852774315366504e-06
-4.366436889729316e-06
-4.180713706893385e-06
-4.071083429002626e-06
-3.978423065670653e-06
-3.887573651908907e-06
-3.795311363632139e-06
-3.701586448414729e-06
-3.607080895287019e-06
-3.51253439540871e-06
-3.418574370806896e-06
-3.325689868558572e-06
-3.234244683183478e-06
-3.144498917293151e-06
-3.056630015995309e-06
-2.970750896445723e-06
-2.886924840790105e-06
-2.805177436334893e-06
-2.725506009928004e-06
-2.647887006721318e-06
-2.572281716684279e-06
-2.498640689479132e-06
-2.42690711701637e-06
-2.357019410619978e-06
-2.288913149249662e-06
-2.222522543729658e-06
-2.157781524051999e-06
-2.094624538226304e-06
-2.032987129535761e-06
-1.972806342541457e-06
-1.914021001236464e-06
-1.856571886840683e-06
-1.800401843357524e-06
-1.745455825265762e-06
-1.691680905171974e-06
-1.639026250259305e-06
-1.587443076010572e-06
-1.536884586250635e-06
-1.487305899466113e-06
-1.438663973142638e-06
-1.390917517971715e-06
-1.344026916151529e-06
-1.297954135314209e-06
-1.252662644380845e-06
-1.208117334449994e-06
-1.164284435384464e-06
-1.121131443403247e-06
-1.078627043387945e-06
-1.036741040505691e-06
-9.954442927843749e-07
-9.547086450017617e-07
-9.145068711034624e-07
-8.748126126354462e-07
-8.356003264753759e-07
-7.968452311887168e-07
-7.585232577762253e-07
-7.206110037662428e-07
-6.830856864996092e-07
-6.459251029671177e-07
-6.091075887434526e-07
-5.726119793292328e-07
-5.364175739608264e-07
-5.005041012155183e-07
-4.648516849722661e-07
-4.2944081381303e-07
-3.942523097419519e-07
-3.592672977768599e-07
-3.244671813681762e-07
-2.898336106129125e-07
-2.553484587128453e-07
-2.209937988896949e-07
-1.867518728626626e-07
-1.526050727387837e-07
-1.185359150430712e-07
-8.452701520529899e-08
-5.056107118302354e-08
-1.662083326942991e-08
1.731091559549807e-08
5.125137736079312e-08
8.521776892355602e-08
1.192273398489994e-07
1.532973932826326e-07
1.874453135888174e-07
2.216885856631973e-07
2.560448181624586e-07
2.905317694473735e-07
3.251673703619362e-07
3.59969747729648e-07
3.949572516133967e-07
4.301484835701319e-07
4.655623192893581e-07
5.01217937246784e-07
5.371348530245866e-07
5.733329450240252e-07
6.098324859244987e-07
6.466541808747228e-07
6.838191975210703e-07
7.213492016758777e-07
7.592664009612453e-07
7.975935823185295e-07
8.363541514083601e-07
8.755721802174091e-07
9.15272455301026e-07
9.55480525248961e-07
9.962227518990288e-07
1.037526367578054e-06
1.079419533776672e-06
1.121931398935157e-06
1.16509216328011e-06
1.208933149606402e-06
1.253486871019773e-06
1.298787102100651e-06
1.34486895998863e-06
1.391768985285846e-06
1.439525219740154e-06
1.488177289644496e-06
1.537766493813989e-06
1.588335887909428e-06
1.639930364270215e-06
1.692596729825798e-06
1.746383779952078e-06
1.801342361058003e-06
1.857525414195055e-06
1.914987997225444e-06
1.973787280375442e-06
2.033982499073025e-06
2.095634846610734e-06
2.158807293884829e-06
2.223564314805928e-06
2.289971480392473e-06
2.358094879035911e-06
2.428000317032834e-06
2.499752233053414e-06
2.573412235395413e-06
2.649037150194853e-06
2.726676443708693e-06
2.806368840019572e-06
2.888137906079651e-06
2.971986323263587e-06
3.057888506606726e-06
3.145781168340289e-06
3.235551375820159e-06
3.32702165675777e-06
3.419931864118444e-06
3.513918134885551e-06
3.608491323133502e-06
3.703023875469798e-06
3.796775924812685e-06
3.889065251621953e-06
3.979941314363649e-06
4.072627571860956e-06
4.182282537736282e-06
4.368028641208614e-06
4.85438649296121e-06
6.695339923574093e-06
1.475453943751946e-05
3.773407838157722e-05
-4.045411597284103e-05
-1.54798426691607e-05
-6.726697511614595e-06
-4.735901845878432e-06
-4.220230705756332e-06
-4.033351239678863e-06
-3.930553562845843e-06
-3.846988932689239e-06
-3.765701647892685e-06
-3.682819245350711e-06
-3.59802039802281e-06
-3.511864475896437e-06
-3.425041403571072e-06
-3.338170457381454e-06
-3.25175781378807e-06
-3.166199490703891e-06
-3.081796090651462e-06
-2.998769222582106e-06
-2.917276582790383e-06
-2.837424916976034e-06
-2.75928081608982e-06
-2.682879546263762e-06
-2.608232183220482e-06
-2.53533132473807e-06
-2.464155632984343e-06
-2.39467342334735e-06
-2.326845487363692e-06
-2.260627299083771e-06
-2.195970734056775e-06
-2.13282539908802e-06
-2.071139654649167e-06
-2.010861396619077e-06
-1.951938644439582e-06
-1.894319983058256e-06
-1.837954885135653e-06
-1.782793943925316e-06
-1.728789033067167e-06
-1.675893412253379e-06
-1.624061790511641e-06
-1.573250354300526e-06
-1.523416774821944e-06
-1.474520191158243e-06
-1.42652118581448e-06
-1.379381743672174e-06
-1.333065208004991e-06
-1.287536230740507e-06
-1.242760716952321e-06
-1.198705773273754e-06
-1.155339647508352e-06
-1.11263167618339e-06
-1.070552227335207e-06
-1.029072646095328e-06
-9.881652031238817e-07
-9.478030410013634e-07
-9.079601273103756e-07
-8.686112050445115e-07
-8.297317474366412e-07
-7.912979142981216e-07
-7.532865090432007e-07
-7.156749387714496e-07
-6.78441176041975e-07
-6.415637206475604e-07
-6.050215657347542e-07
-5.687941639434067e-07
-5.328613918662897e-07
-4.972035233718248e-07
-4.618011968030617e-07
-4.266353866944222e-07
-3.916873780805488e-07
-3.569387346997196e-07
-3.223712799678013e-07
-2.879670682507874e-07
-2.537083583687747e-07
-2.195775971837087e-07
-1.855573894556027e-07
-1.51630478195631e-07
-1.17779724690363e-07
-8.398808137472157e-08
-5.023857648831418e-08
-1.651429069243449e-08
1.720166698970418e-08
5.0926175376634e-08
8.467612315448157e-08
1.184684312245372e-07
1.523200728924436e-07
1.862480936194726e-07
2.202696343348299e-07
2.544019538693765e-07
2.886624466361812e-07
3.230686691143783e-07
3.576383637415866e-07
3.923894766244039e-07
4.273401871492336e-07
4.62508933428416e-07
4.979144318732491e-07
5.335757087798445e-07
5.695121299065846e-07
6.057434245554177e-07
6.42289716596923e-07
6.791715578048549e-07
7.164099591139663e-07
7.540264227784665e-07
7.920429793656538e-07
8.304822267471959e-07
8.693673651202601e-07
9.087222367748203e-07
9.485713733806466e-07
9.889400382720549e-07
1.029854268262426e-06
1.071340924751407e-06
1.113427745119759e-06
1.156143390713726e-06
1.199517499223053e-06
1.243580741057797e-06
1.288364875052556e-06
1.333902803306444e-06
1.380228626734331e-06
1.427377701941467e-06
1.475386695467536e-06
1.52429363175236e-06
1.574137937762906e-06
1.624960483671252e-06
1.676803610610156e-06
1.729711141812989e-06
1.783728378561758e-06
1.838902072745941e-06
1.895280363620358e-06
1.952912671004371e-06
2.011849534986329e-06
2.072142384673082e-06
2.133843214761874e-06
2.19700414444244e-06
2.261676826692696e-06
2.327911667907812e-06
2.395756806675872e-06
2.46525678338924e-06
2.536450819619225e-06
2.609370610119376e-06
2.684037502557127e-06
2.760458906865455e-06
2.838623750133764e-06
2.918496762918415e-06
3.000011345919267e-06
3.083060737733685e-06
3.167487214636039e-06
3.253069126750159e-06
3.339505813107805e-06
3.426401175109009e-06
3.513248929943653e-06
3.599429662667476e-06
3.684253271616255e-06
3.767160164436477e-06
3.848471396655383e-06
3.932059105347894e-06
4.034878600817063e-06
4.221778154022633e-06
4.737467052023936e-06
6.728275448148577e-06
1.548142365699713e-05
4.045583602976773e-05
-4.319006004075068e-05
-1.622045729965008e-05
-6.772438169722268e-06
-4.630474158062345e-06
-4.083917395273749e-06
-3.894231892797211e-06
-3.796637823860273e-06
-3.72064613653608e-06
-3.647556670972982e-06
-3.572872742593307e-06
-3.49600528535567e-06
-3.417381390732045e-06
-3.337623897881831e-06
-3.257323244757578e-06
-3.176981518110695e-06
-3.097006928921122e-06
-3.017722623112797e-06
-2.93937883545961e-06
-2.862164931198809e-06
-2.786220261116085e-06
-2.711643552416204e-06
-2.63850084768488e-06
-2.566832117047083e-06
-2.496656704392833e-06
-2.427977778058077e-06
-2.360785940998298e-06
-2.295062145893627e-06
-2.230780034681005e-06
-2.167907810605013e-06
-2.106409728967189e-06
-2.04624727738599e-06
-1.987380110258657e-06
-1.929766778641396e-06
-1.873365302849442e-06
-1.818133613389482e-06
-1.76402989072303e-06
-1.711012821418796e-06
-1.659041788586239e-06
-1.608077012470705e-06
-1.558079645052335e-06
-1.509011838205636e-06
-1.460836779516571e-06
-1.413518713800028e-06
-1.367022945268094e-06
-1.321315828725158e-06
-1.276364753762855e-06
-1.232138116986209e-06
-1.18860529582957e-06
-1.145736612400476e-06
-1.103503299004859e-06
-1.061877460756848e-06
-1.020832036007659e-06
-9.803407588706078e-07
-9.40378119538158e-07
-9.009193269157486e-07
-8.619402713187255e-07
-8.234174867014429e-07
-7.853281155326854e-07
-7.476498746875084e-07
-7.103610192136127e-07
-6.734403134568323e-07
-6.368669967324303e-07
-6.006207523585945e-07
-5.646816825089168e-07
-5.290302734395409e-07
-4.93647373243138e-07
-4.58514164084038e-07
-4.236121335795512e-07
-3.889230559710692e-07
-3.54428961553445e-07
-3.201121171632429e-07
-2.859550049247433e-07
-2.519402947575643e-07
-2.1805082889565e-07
-1.842695979505215e-07
-1.505797184918839e-07
-1.169644161748359e-07
-8.340700376615485e-08
-4.989086147388081e-08
-1.639941811778806e-08
1.708386796468085e-08
5.057553049172186e-08
8.409211249556194e-08
1.176501831692435e-07
1.51266363577473e-07
1.849573423652058e-07
2.187398927595796e-07
2.526309000274234e-07
2.866473762613579e-07
3.208064790448432e-07
3.551255395382788e-07
3.896220797861054e-07
4.24313832499388e-07
4.592187678162942e-07
4.94355115984815e-07
5.297413892392894e-07
5.653964074414465e-07
6.013393265806942e-07
6.375896627733774e-07
6.741673165924099e-07
7.110926067070031e-07
7.483862994558015e-07
7.860696335903104e-07
8.24164354773903e-07
8.626927515357192e-07
9.016776854372063e-07
9.411426250477909e-07
9.81111684453734e-07
1.02160966065154e-06
1.062662069103371e-06
1.104295180556316e-06
1.146536061939264e-06
1.189412616199895e-06
1.232953617277916e-06
1.277188747411862e-06
1.32214863690913e-06
1.367864896856229e-06
1.41437014571837e-06
1.461698035087349e-06
1.509883269656898e-06
1.558961614893317e-06
1.6089698916592e-06
1.659945957065793e-06
1.711928667096045e-06
1.764957812932415e-06
1.819074021761385e-06
1.87431861663704e-06
1.930733427676395e-06
1.988360536771599e-06
2.047241936048458e-06
2.107419084347909e-06
2.168932338098063e-06
2.231820220370143e-06
2.296118486889798e-06
2.361858943914314e-06
2.429067958370173e-06
2.497764585781417e-06
2.56795822904354e-06
2.639645723600457e-06
2.712807724736559e-06
2.787404256910908e-06
2.863369267188469e-06
2.940604012452431e-06
3.018969115894938e-06
3.098275174466873e-06
3.178271903622362e-06
3.258636091066014e-06
3.338959438500576e-06
3.418739747366243e-06
3.497386440468456e-06
3.574276507694383e-06
3.648982649254169e-06
3.722093684397969e-06
3.79810600925217e-06
3.895719447423067e-06
4.085422655245903e-06
4.631994966769892e-06
6.773969674509603e-06
1.622198995401753e-05
4.319174188597784e-05
-4.593810461839323e-05
-1.697283205010552e-05
-6.829257416881817e-06
-4.535141938639874e-06
-3.956512148429629e-06
-3.762728511610559e-06
-3.669029032256342e-06
-3.599352811076662e-06
-3.533302189493166e-06
-3.465783465815908e-06
-3.395951069110211e-06
-3.324099431205972e-06
-3.250776325999149e-06
-3.176531042421836e-06
-3.101847345432686e-06
-3.027131119156766e-06
-2.952714260197427e-06
-2.878863115322063e-06
-2.805787722532774e-06
-2.733650597841182e-06
-2.662574640592546e-06
-2.592650039326918e-06
-2.523940195453866e-06
-2.456486734768652e-06
-2.390313707813392e-06
-2.325431079799335e-06
-2.261837614521309e-06
-2.199523242512865e-06
-2.138470997776561e-06
-2.078658596984457e-06
-2.020059718240704e-06
-1.962645038874546e-06
-1.906383067599626e-06
-1.851240815680709e-06
-1.797184330895599e-06
-1.744179122761131e-06
-1.692190498662645e-06
-1.641183825312259e-06
-1.591124735975138e-06
-1.541979283114953e-06
-1.493714059045934e-06
-1.446296280380598e-06
-1.399693850560738e-06
-1.35387540161278e-06
-1.30881031765967e-06
-1.26446874986335e-06
-1.220821616428313e-06
-1.177840598714038e-06
-1.135498128783057e-06
-1.093767372497158e-06
-1.052622209849907e-06
-1.012037211312525e-06
-9.719876127896995e-07
-9.324492904436377e-07
-8.933987322926325e-07
-8.548130121459764e-07
-8.166697611309508e-07
-7.789471384762885e-07
-7.416238083936065e-07
-7.046789076192529e-07
-6.680920223193697e-07
-6.31843162220426e-07
-5.959127308482081e-07
-5.602815074943503e-07
-5.24930616408778e-07
-4.898415053440829e-07
-4.549959258411396e-07
-4.203759050938436e-07
-3.859637288295319e-07
-3.517419174744045e-07
-3.176932050926789e-07
-2.838005220593503e-07
-2.500469722801794e-07
-2.16415814502198e-07
-1.828904439521927e-07
-1.494543732987269e-07
-1.1609121202408e-07
-8.278465087787517e-08
-4.951844449273557e-08
-1.627638847105026e-08
1.695769270116207e-08
5.019996500262581e-08
8.346660693154098e-08
1.167738195922666e-07
1.501378490404401e-07
1.835750072217258e-07
2.171016832117435e-07
2.507343653508729e-07
2.844896615438301e-07
3.183843139290678e-07
3.52435218724702e-07
3.866594482716985e-07
4.210742705524168e-07
4.556971653627526e-07
4.905458475276402e-07
5.256382924300248e-07
5.609927525599227e-07
5.966277797940243e-07
6.325622530352386e-07
6.688153986154772e-07
7.054068130578693e-07
7.423564908776751e-07
7.796848500142564e-07
8.174127560274583e-07
8.555615480301546e-07
8.941530684299965e-07
9.332096918516541e-07
9.727543490743999e-07
1.012810554497915e-06
1.053402437699603e-06
1.094554769299745e-06
1.13629298403543e-06
1.178643206862774e-06
1.221632277529485e-06
1.265287770550106e-06
1.309638011115002e-06
1.354712086489664e-06
1.400539852775123e-06
1.447151933362228e-06
1.494579704690388e-06
1.542855270273869e-06
1.592011421026818e-06
1.642081573799926e-06
1.693099683366196e-06
1.745100125212391e-06
1.798117540366719e-06
1.852186631222063e-06
1.907341898049983e-06
1.963617302499663e-06
2.021045841885473e-06
2.079659015355742e-06
2.139486154924385e-06
2.200553589623023e-06
2.262883609267254e-06
2.326493185453033e-06
2.391392393868213e-06
2.457582474526941e-06
2.525053462094114e-06
2.593781303567382e-06
2.663724366770901e-06
2.734819239423533e-06
2.806975715901554e-06
2.88007087316459e-06
2.953942161603542e-06
3.028379499482037e-06
3.103116484838249e-06
3.177821149071963e-06
3.252087516503276e-06
3.32543170985002e-06
3.397304306281316e-06
3.467157369606023e-06
3.534696276112329e-06
3.600766373873558e-06
3.670461111983735e-06
3.764177861814644e-06
3.957977190384249e-06
4.536620684523423e-06
6.830745151756359e-06
1.697431927453332e-05
4.593975127113398e-05
-4.869661727908196e-05
-1.773542048428664e-05
-6.895776702106494e-06
-4.448759564097376e-06
-3.83713585076308e-06
-3.638232552103832e-06
-3.547370365576984e-06
-3.482970350042276e-06
-3.42297740163066e-06
-3.361727137494993e-06
-3.298131843570128e-06
-3.232358206954269e-06
-3.164877045018574e-06
-3.09619015271297e-06
-3.02675407830778e-06
-2.956962345245324e-06
-2.887145402585353e-06
-2.817575969451899e-06
-2.748475830692905e-06
-2.680022721845503e-06
-2.612356791691846e-06
-2.545586440893325e-06
-2.479793479429506e-06
-2.415037605642607e-06
-2.351360252389424e-06
-2.288787855989276e-06
-2.227334615233806e-06
-2.167004805520099e-06
-2.107794708234793e-06
-2.049694216017569e-06
-1.992688157914921e-06
-1.936757396566279e-06
-1.881879726301898e-06
-1.828030612122723e-06
-1.775183792118178e-06
-1.72331176741279e-06
-1.672386202089228e-06
-1.62237824185125e-06
-1.573258775389709e-06
-1.524998637363978e-06
-1.477568773324381e-06
-1.430940367166915e-06
-1.385084939389631e-06
-1.339974423821591e-06
-1.295581221673753e-06
-1.251878242757481e-06
-1.20883893241613e-06
-1.166437287997488e-06
-1.124647867630363e-06
-1.083445791171895e-06
-1.042806735977163e-06
-1.002706929699077e-06
-9.631231363179141e-07
-9.240326447670618e-07
-8.854132502568011e-07
-8.472432367871993e-07
-8.095013609294841e-07
-7.721668269796926e-07
-7.352192721496507e-07
-6.986387421877456e-07
-6.624056711613617e-07
-6.265008644403312e-07
-5.90905471624806e-07
-5.556009718120324e-07
-5.20569151374341e-07
-4.857920820161122e-07
-4.512521053626414e-07
-4.16931810934453e-07
-3.828140174383967e-07
-3.488817549549438e-07
-3.151182470418885e-07
-2.815068913331141e-07
-2.480312439163979e-07
-2.146750016337668e-07
-1.814219816489684e-07
-1.482561101767616e-07
-1.151614015398023e-07
-8.212194051119467e-08
-4.912187309508453e-08
-1.614538286916005e-08
1.682332398926408e-08
4.980002965318491e-08
8.28005265194493e-08
1.158406313837747e-07
1.489361998594212e-07
1.821031452762196e-07
2.153574549998409e-07
2.487152055778839e-07
2.82192578142607e-07
3.158058789603298e-07
3.495715550499151e-07
3.835062074372094e-07
4.176266144366297e-07
4.519497490397974e-07
4.864927920886686e-07
5.212731546764903e-07
5.563084991784177e-07
5.916167558537546e-07
6.272161407317642e-07
6.631251769768131e-07
6.993627176680939e-07
7.359479632223075e-07
7.729004799678895e-07
8.1024022479192e-07
8.479875655893973e-07
8.861632991606344e-07
9.247886731830186e-07
9.638854072120012e-07
1.003475710752221e-06
1.04358230023404e-06
1.084228414922126e-06
1.125437832715444e-06
1.167234882291423e-06
1.20964444895412e-06
1.252691978825608e-06
1.296403480163157e-06
1.340805514699022e-06
1.38592517907236e-06
1.43179007783381e-06
1.478428284172274e-06
1.525868284360983e-06
1.574138902118155e-06
1.623269198486762e-06
1.673288344251843e-06
1.724225458699687e-06
1.776109403408521e-06
1.82896852251946e-06
1.882830321607637e-06
1.937721070311118e-06
1.993665310756472e-06
2.050685254350961e-06
2.108800044140418e-06
2.168024854644049e-06
2.228369797590449e-06
2.289838594774371e-06
2.352426972962066e-06
2.416120731628483e-06
2.480893430079756e-06
2.546703629234283e-06
2.613491619557324e-06
2.681175574229495e-06
2.749647069703684e-06
2.81876592843281e-06
2.888354376915778e-06
2.958190582596293e-06
3.028001766735383e-06
3.097457404594258e-06
3.166163881595512e-06
3.233664541018324e-06
3.299457459370305e-06
3.363071667666895e-06
3.424340304093293e-06
3.484350883873646e-06
3.548767570232174e-06
3.639645221746348e-06
3.838562498801721e-06
4.450198361863095e-06
6.897223039515979e-06
1.773686483982742e-05
4.869823138992234e-05
-5.146427377317472e-05
-1.850695882406148e-05
-6.970851717811412e-06
-4.370351424899705e-06
-3.725010437651433e-06
-3.520172193021634e-06
-3.431288165476528e-06
-3.371303268879822e-06
-3.316538148149753e-06
-3.260781541149763e-06
-3.202718615337306e-06
-3.14239592354724e-06
-3.080209180102083e-06
-3.016610413826798e-06
-2.952023980551445e-06
-2.886824511308687e-06
-2.821333777687945e-06
-2.755823543896948e-06
-2.690520311104064e-06
-2.62561053507217e-06
-2.561245764137391e-06
-2.497547449718451e-06
-2.434611325366331e-06
-2.372511311121519e-06
-2.31130294651129e-06
-2.251026374185145e-06
-2.191708908829539e-06
-2.133367235053314e-06
-2.076009273288609e-06
-2.019635760825273e-06
-1.964241579730318e-06
-1.909816875052551e-06
-1.856347986576903e-06
-1.803818227873027e-06
-1.752208534978101e-06
-1.701498001442977e-06
-1.651664325066045e-06
-1.602684171533955e-06
-1.554533477892579e-06
-1.50718769741643e-06
-1.460622000526638e-06
-1.414811438806512e-06
-1.369731074690402e-06
-1.325356087107604e-06
-1.281661854253018e-06
-1.238624017404114e-06
-1.196218531922726e-06
-1.154421703093674e-06
-1.113210213044412e-06
-1.072561139707106e-06
-1.032451965985622e-06
-9.928605884388753e-07
-9.537653136948916e-07
-9.15144858562514e-07
-8.769783442402425e-07
-8.392452843238963e-07
-8.019255793956461e-07
-7.649994998682567e-07
-7.284476760479112e-07
-6.922510836551791e-07
-6.563910260536966e-07
-6.208491231521679e-07
-5.856072920402632e-07
-5.506477322441116e-07
-5.159529107111011e-07
-4.815055440744083e-07
-4.472885825293983e-07
-4.132851960703201e-07
-3.794787570224526e-07
-3.458528216810153e-07
-3.123911206935076e-07
-2.790775388570831e-07
-2.458960995891608e-07
-2.128309550130405e-07
-1.798663632853411e-07
-1.469866781502488e-07
-1.141763357957054e-07
-8.141983394141022e-08
-4.870172300203252e-08
-1.600659089652854e-08
1.668095501773709e-08
4.937630018365819e-08
8.209483562308231e-08
1.148519735577717e-07
1.476631653260729e-07
1.805439116770064e-07
2.135097772949853e-07
2.465764109160529e-07
2.797595544282557e-07
3.130750574998581e-07
3.465388979153656e-07
3.801671932087539e-07
4.139762143640928e-07
4.47982403571895e-07
4.822023912328704e-07
5.166530103531884e-07
5.513513102467002e-07
5.863145761684509e-07
6.215603459649803e-07
6.571064218480148e-07
6.929708881557621e-07
7.291721293953977e-07
7.657288443117641e-07
8.026600606977704e-07
8.399851503400175e-07
8.777238446313483e-07
9.158962486892412e-07
9.545228511907668e-07
9.936245350260705e-07
1.033222587837334e-06
1.073338706944488e-06
1.113995001333511e-06
1.155213991653067e-06
1.197018604928092e-06
1.239432163798542e-06
1.282478368505931e-06
1.326181269188268e-06
1.37056522934761e-06
1.415654877392354e-06
1.461475040891628e-06
1.508050662722852e-06
1.555406697035353e-06
1.603567978614133e-06
1.652559060026319e-06
1.702404010758406e-06
1.753126170305694e-06
1.804747847136712e-06
1.857289953240434e-06
1.910771559369817e-06
1.965209356177947e-06
2.020617006854864e-06
2.07700436970841e-06
2.134376564481151e-06
2.192732855816229e-06
2.252065322734443e-06
2.312357278772029e-06
2.37358140408074e-06
2.435697548672415e-06
2.498650162381888e-06
2.562365309088395e-06
2.626747234390605e-06
2.691674461086016e-06
2.756995408635407e-06
2.822523579120536e-06
2.888032420233902e-06
2.953250105991728e-06
3.017854790136595e-06
3.081471752764335e-06
3.143676533040159e-06
3.204016980873462e-06
3.262097242149487e-06
3.317870606789593e-06
3.372651731659279e-06
3.432651687385624e-06
3.521549618548984e-06
3.726400374410079e-06
4.371752192899121e-06
6.97225878233566e-06
1.850836258341782e-05
5.146585768481454e-05
-5.423998503703505e-05
-1.92864015312302e-05
-7.053523736142172e-06
-4.299083130195358e-06
-3.619449909959697e-06
-3.408019992575607e-06
-3.320411482701718e-06
-3.264125666058555e-06
-3.213886004835639e-06
-3.162955056365141e-06
-3.109805230657032e-06
-3.054371626109506e-06
-2.996978841969489e-06
-2.938029520283627e-06
-2.877913627087278e-06
-2.816983010308732e-06
-2.75554589301502e-06
-2.693867771947716e-06
-2.632174493491511e-06
-2.570656059930225e-06
-2.509470600266328e-06
-2.448748237298832e-06
-2.388594721087119e-06
-2.329094758075858e-06
-2.270315007975462e-06
-2.212306746599424e-06
-2.155108203782271e-06
-2.098746602261367e-06
-2.043239918978658e-06
-1.988598402816615e-06
-1.934825869994776e-06
-1.881920811598515e-06
-1.829877332328211e-06
-1.778685945131124e-06
-1.728334245086804e-06
-1.678807472795046e-06
-1.630088991996209e-06
-1.582160686490051e-06
-1.535003294267004e-06
-1.488596685629884e-06
-1.442920092932585e-06
-1.397952303286621e-06
-1.353671816204792e-06
-1.31005697252546e-06
-1.267086062474505e-06
-1.224737409457244e-06
-1.182989441132756e-06
-1.14182074401097e-06
-1.101210105808051e-06
-1.06113655168168e-06
-1.021579364575753e-06
-9.825181079644915e-07
-9.439326352326943e-07
-9.058030971204159e-07
-8.681099486507274e-07
-8.30833944248483e-07
-7.939561397072404e-07
-7.574578855649534e-07
-7.213208198409808e-07
-6.85526861606249e-07
-6.5005820014266e-07
-6.148972853860538e-07
-5.800268171544383e-07
-5.454297328776424e-07
-5.110891946985725e-07
-4.769885805182056e-07
-4.431114667704702e-07
-4.094416174881315e-07
-3.759629752845294e-07
-3.42659639992045e-07
-3.09515862181651e-07
-2.765160303751623e-07
-2.436446519283386e-07
-2.108863464507027e-07
-1.782258296315317e-07
-1.456478988995577e-07
-1.13137423833307e-07
-8.067933159348064e-08
-4.825859339015803e-08
-1.586021205462754e-08
1.653078810314058e-08
4.892937793797089e-08
8.135053662443083e-08
1.138092580935617e-07
1.463205701212049e-07
1.788995485682011e-07
2.115613241250388e-07
2.443210983840462e-07
2.771941580957191e-07
3.101958864326544e-07
3.433417751148916e-07
3.766474381768767e-07
4.101286273679736e-07
4.438012419076633e-07
4.776813412979234e-07
5.117851623795265e-07
5.461291304789954e-07
5.807298708469077e-07
6.156042220327934e-07
6.507692488379187e-07
6.862422554176541e-07
7.220407945795823e-07
7.581826780803077e-07
7.946859899121848e-07
8.31569095130591e-07
8.688506463652849e-07
9.06549590998359e-07
9.446851762765538e-07
9.832769526781833e-07
1.022344773225448e-06
1.061908787885499e-06
1.101989437077895e-06
1.142607441166798e-06
1.183783781038622e-06
1.225539672231596e-06
1.267896532602275e-06
1.310875939496444e-06
1.354499574651793e-06
1.398789154108507e-06
1.443766340991327e-06
1.489452640398672e-06
1.535869270665231e-06
1.583037004067039e-06
1.630975974587502e-06
1.679705448245227e-06
1.729243546028398e-06
1.779606909801775e-06
1.830810302847188e-06
1.882866134044695e-06
1.935783892182638e-06
1.989569474893004e-06
2.044224392760276e-06
2.099744828668085e-06
2.156120532261863e-06
2.213333523339872e-06
2.271356574995652e-06
2.330151449398484e-06
2.389666859823726e-06
2.449836131717354e-06
2.510574539561261e-06
2.571776310157936e-06
2.633311292420296e-06
2.695021321813042e-06
2.75671635115142e-06
2.818170482510778e-06
2.879118157653565e-06
2.939251079515074e-06
2.998217313585959e-06
3.055626794825871e-06
3.111076768314248e-06
3.164242507887207e-06
3.215188773492174e-06
3.265443000104854e-06
3.321742463013152e-06
3.409363520108854e-06
3.620804685796881e-06
4.300447611245303e-06
7.054893436197817e-06
1.92877667202577e-05
5.424154083080273e-05
-5.702284457696437e-05
-2.007287408502903e-05
-7.142982498524268e-06
-4.23423754308661e-06
-3.519850030999245e-06
-3.301294707208967e-06
-3.214383237739866e-06
-3.16119852775818e-06
-3.114888736778514e-06
-3.068207837365841e-06
-3.019428546206915e-06
-2.968383288371743e-06
-2.915330597012597e-06
-2.860625741737724e-06
-2.804623993151785e-06
-2.747652455904283e-06
-2.69000275514058e-06
-2.631930435862903e-06
-2.573656717557976e-06
-2.515371140304076e-06
-2.457234539240008e-06
-2.399382077054943e-06
-2.341926192529057e-06
-2.28495938117466e-06
-2.228556759507511e-06
-2.172778395181106e-06
-2.117671393266832e-06
-2.063271749685491e-06
-2.00960597955772e-06
-1.956692543203483e-06
-1.904543082980263e-06
-1.853163494556582e-06
-1.802554850115229e-06
-1.752714188897102e-06
-1.70363519757876e-06
-1.655308787331039e-06
-1.607723587944099e-06
-1.560866367286022e-06
-1.5147223859635e-06
-1.469275699129536e-06
-1.424509409393385e-06
-1.380405880617068e-06
-1.336946919272027e-06
-1.294113922133739e-06
-1.251888004607108e-06
-1.210250102774333e-06
-1.16918106108021e-06
-1.128661704488638e-06
-1.088672892576054e-06
-1.049195571580815e-06
-1.010210807398093e-06
-9.716998176477611e-07
-9.336439947109295e-07
-8.96024920123393e-07
-8.588243814542214e-07
-8.220243775985389e-07
-7.856071242097304e-07
-7.495550573843826e-07
-7.138508322756767e-07
-6.784773198058537e-07
-6.434176052939962e-07
-6.086549807494969e-07
-5.741729387119892e-07
-5.399551676742584e-07
-5.059855379963229e-07
-4.722480992822382e-07
-4.387270691085019e-07
-4.054068188197252e-07
-3.722718717098015e-07
-3.393068867750393e-07
-3.064966478315802e-07
-2.738260573610627e-07
-2.412801222144477e-07
-2.088439427490214e-07
-1.765027024406643e-07
-1.44241658056999e-07
-1.120461257193041e-07
-7.990147147103733e-08
-4.779310309454514e-08
-1.570645271085985e-08
1.637303026482044e-08
4.845988777058889e-08
8.056867017604998e-08
1.127139444839196e-07
1.449103041798684e-07
1.771723820600126e-07
2.095148623775598e-07
2.419524915893262e-07
2.745000857172177e-07
3.071725446416663e-07
3.399848647820483e-07
3.729521458682949e-07
4.060896029265814e-07
4.39412578137786e-07
4.729365514987998e-07
5.066771508428505e-07
5.40650160490731e-07
5.748715333392442e-07
6.093574001171582e-07
6.441240757876555e-07
6.791880690581331e-07
7.145660901482523e-07
7.502750569485164e-07
7.863321006737256e-07
8.227545685375994e-07
8.595600270236404e-07
8.967662636693567e-07
9.343912831341575e-07
9.724533015744301e-07
1.010970739216577e-06
1.049962207886221e-06
1.089446493919074e-06
1.129442534642463e-06
1.169969387833139e-06
1.211046195810715e-06
1.252692139682116e-06
1.294926379642084e-06
1.337767983155465e-06
1.381235839397379e-06
1.425348555152746e-06
1.470124329238334e-06
1.515580801452216e-06
1.561734872026627e-06
1.608602488827828e-06
1.656198395000969e-06
1.704535827205008e-06
1.753626158481452e-06
1.803478479500409e-06
1.85409910630688e-06
1.905491000737221e-06
1.957653091298195e-06
2.01057948069833e-06
2.064258523608136e-06
2.118671756618579e-06
2.173792659661406e-06
2.229585229394321e-06
2.286002349157404e-06
2.342983937869346e-06
2.400454862214527e-06
2.458322605895031e-06
2.516474704285242e-06
2.574775964015764e-06
2.633065512665669e-06
2.69115376527108e-06
2.748819450455789e-06
2.805806961816525e-06
2.861824602114562e-06
2.916545184414282e-06
2.969613345755209e-06
3.020673713392893e-06
3.069467638053237e-06
3.116162566978745e-06
3.162485647155096e-06
3.215682760949181e-06
3.302605595283089e-06
3.521171074338569e-06
4.235567323157667e-06
7.144316554336726e-06
2.007420251932778e-05
5.702437411332036e-05
-5.981208977348024e-05
-2.086563777904199e-05
-7.238537666865809e-06
-4.175195096601171e-06
-3.425678172895822e-06
-3.199559978773525e-06
-3.112866137173751e-06
-3.062280831458728e-06
-3.019394530337804e-06
-2.976467374866876e-06
-2.931583926360827e-06
-2.884482281231937e-06
-2.83536033320025e-06
-2.784528914533741e-06
-2.732309530853376e-06
-2.679003948324132e-06
-2.624885509493505e-06
-2.570197404258848e-06
-2.515153401027996e-06
-2.459939562017154e-06
-2.404716389006407e-06
-2.349621138195695e-06
-2.294770159583247e-06
-2.240261173645003e-06
-2.186175425107292e-06
-2.132579685478405e-06
-2.079528081817034e-06
-2.027063751806672e-06
-1.975220322934564e-06
-1.924023227169095e-06
-1.873490860377993e-06
-1.823635598781242e-06
-1.774464688180686e-06
-1.725981014771941e-06
-1.678183776176574e-06
-1.631069060046562e-06
-1.584630342361808e-06
-1.538858918493828e-06
-1.493744270520369e-06
-1.449274383370518e-06
-1.405436015780012e-06
-1.362214928669339e-06
-1.31959608420552e-06
-1.277563809146786e-06
-1.236101939272633e-06
-1.19519393759423e-06
-1.154822993709763e-06
-1.114972112231401e-06
-1.075624178467322e-06
-1.036762021452309e-06
-9.983684605831297e-07
-9.604263446930242e-07
-9.229185869424952e-07
-8.858281884485032e-07
-8.491382602569239e-07
-8.128320401675725e-07
-7.768929027312755e-07
-7.413043685763807e-07
-7.060501127382195e-07
-6.711139625128041e-07
-6.364799029875083e-07
-6.021320761956981e-07
-5.680547745547451e-07
-5.342324443128353e-07
-5.006496752007701e-07
-4.672911967330909e-07
-4.341418758775979e-07
-4.011867044575408e-07
-3.684107952666779e-07
-3.357993751358552e-07
-3.033377751976171e-07
-2.710114213693376e-07
-2.388058287316609e-07
-2.067065928291139e-07
-1.746993749672946e-07
-1.427698996020803e-07
-1.109039441383758e-07
-7.908732450604081e-08
-4.730589206784073e-08
-1.554552257231743e-08
1.620789576592425e-08
4.796846995536876e-08
7.975031050140733e-08
1.115675410223424e-07
1.434343119518319e-07
1.75364806390605e-07
2.073732472394616e-07
2.39473911615605e-07
2.716811381635494e-07
3.040093343119095e-07
3.36472985842595e-07
3.690866663895963e-07
4.018650475342845e-07
4.348229043052141e-07
4.679751232978638e-07
5.013367130386347e-07
5.349228103453313e-07
5.687486867316554e-07
6.028297533789268e-07
6.371815667569804e-07
6.718198354279256e-07
7.067604213752417e-07
7.420193408050785e-07
7.776127670139926e-07
8.135570294612459e-07
8.498686099175369e-07
8.865641362369256e-07
9.236603734352607e-07
9.611742132987025e-07
9.991226582464012e-07
1.037522798482748e-06
1.076391786615015e-06
1.115746806730418e-06
1.155605033924559e-06
1.195983585233957e-06
1.236899460849735e-06
1.278369473475788e-06
1.320410164539634e-06
1.36303770300411e-06
1.4062677643322e-06
1.450115389691668e-06
1.494594820470883e-06
1.53971930143749e-06
1.585500849891129e-06
1.631949986051404e-06
1.679075417068272e-06
1.726883668248457e-06
1.775378653849138e-06
1.824561177373533e-06
1.874428351607268e-06
1.924972929130277e-06
1.97618253063537e-06
2.02803875659182e-06
2.080516169747958e-06
2.133581134966429e-06
2.187190504179888e-06
2.241290137276316e-06
2.295813248130398e-06
2.350678572868473e-06
2.405788367668045e-06
2.461026254890052e-06
2.516254947497094e-06
2.571313905900843e-06
2.626017022823166e-06
2.680150477815658e-06
2.733471020832745e-06
2.785705240884957e-06
2.836551294719894e-06
2.885687590799996e-06
2.932803201540525e-06
2.977700127671946e-06
3.020640159555064e-06
3.0635386159854e-06
3.114135230681027e-06
3.200839401943308e-06
3.426966799407565e-06
4.176491620891723e-06
7.239837634090857e-06
2.086693109268429e-05
5.981359472285695e-05
-6.260707290708871e-05
-2.166406306725179e-05
-7.33959664858561e-06
-4.121417708017184e-06
-3.336463964383573e-06
-3.102421460380246e-06
-3.015545353711413e-06
-2.967136479341571e-06
-2.927241778792516e-06
-2.887639828901076e-06
-2.846237038712044e-06
-2.802684814358278e-06
-2.757125797490586e-06
-2.709829761588771e-06
-2.661086134633834e-06
-2.611171680692744e-06
-2.560340771295286e-06
-2.508822820132122e-06
-2.456822237794268e-06
-2.404519416723381e-06
-2.352072202924424e-06
-2.299617608003219e-06
-2.247273621079817e-06
-2.195141035268094e-06
-2.143305223869922e-06
-2.091837832427692e-06
-2.040798356093761e-06
-1.990235593262755e-06
-1.940188968621133e-06
-1.890689725637066e-06
-1.841761995520961e-06
-1.793423746022566e-06
-1.745687622440329e-06
-1.698561687261801e-06
-1.652050069131011e-06
-1.606153531994267e-06
-1.560869968060829e-06
-1.51619483014698e-06
-1.472121505765826e-06
-1.428641639392802e-06
-1.385745414656741e-06
-1.343421792723065e-06
-1.301658724211573e-06
-1.260443325038016e-06
-1.219762031037252e-06
-1.179600730958729e-06
-1.139944875466376e-06
-1.100779577251424e-06
-1.062089689053996e-06
-1.023859873622809e-06
-9.860746631689946e-07
-9.487185064274161e-07
-9.117758102370511e-07
-8.752309747058596e-07
-8.390684190871231e-07
-8.03272606755468e-07
-7.678280636559799e-07
-7.327193890571379e-07
-6.979312733506191e-07
-6.634485008900213e-07
-6.292559560818109e-07
-5.95338632272816e-07
-5.616816273472846e-07
-5.282701479020981e-07
-4.950895081104851e-07
-4.621251259849542e-07
-4.293625220702134e-07
-3.967873158920569e-07
-3.643852203903934e-07
-3.321420352262468e-07
-3.000436467603423e-07
-2.680760167333113e-07
-2.362251744046005e-07
-2.044772177485786e-07
-1.728182994794961e-07
-1.41234619346407e-07
-1.097124217150881e-07
-7.823798597924316e-08
-4.679761767008157e-08
-1.537764049456674e-08
1.603560754625023e-08
4.745578451536584e-08
7.889655518389698e-08
1.103715937365308e-07
1.418945936243784e-07
1.73479276886918e-07
2.051394005722121e-07
2.368887643415984e-07
2.687412157904535e-07
3.007106602792227e-07
3.32811068282419e-07
3.650564791964779e-07
3.974610089796939e-07
4.300388568043856e-07
4.628043116500417e-07
4.957717564332962e-07
5.289556706749097e-07
5.623706371604721e-07
5.960313449533179e-07
6.299525892244163e-07
6.641492726208338e-07
6.986364049044563e-07
7.334291020095725e-07
7.685425826333894e-07
8.039921602643301e-07
8.397932353475026e-07
8.759612855769605e-07
9.125118507640737e-07
9.49460514028811e-07
9.868228782538028e-07
1.024614537925736e-06
1.062851046784385e-06
1.101547876709825e-06
1.140720367090226e-06
1.180383667192924e-06
1.22055266843879e-06
1.261241922674239e-06
1.302465545660192e-06
1.34423710380046e-06
1.386569482610607e-06
1.42947473469303e-06
1.472963900845213e-06
1.517046800041048e-06
1.561731788068952e-06
1.607025479291834e-06
1.6529324225603e-06
1.699454726087087e-06
1.746591626418703e-06
1.79433899348415e-06
1.84268876288994e-06
1.891628286665872e-06
1.941139592899695e-06
1.991198544793536e-06
2.041773891131228e-06
2.09282619812729e-06
2.144306655585268e-06
2.196155754234882e-06
2.248301831665583e-06
2.300659493186667e-06
2.353127921411278e-06
2.405589099722977e-06
2.457905985173415e-06
2.509920693119802e-06
2.561452786005969e-06
2.612297802419402e-06
2.662226271470585e-06
2.710983757269147e-06
2.758293423098232e-06
2.803865760653161e-06
2.847430909183132e-06
2.888846133485138e-06
2.928459926350199e-06
2.968365773048433e-06
3.016784987213658e-06
3.103670511666578e-06
3.337721385840033e-06
4.122682297407317e-06
7.340863939565205e-06
2.166532273639715e-05
6.26085547749478e-05
-6.540723911891223e-05
-2.246760910213633e-05
-7.445647212445777e-06
-4.072435647933451e-06
-3.251790972437555e-06
-3.009523274549404e-06
-2.922129246854388e-06
-2.875538457666866e-06
-2.838265723502583e-06
-2.801618215039405e-06
-2.763332757129843e-06
-2.722980898088536e-06
-2.680655132350719e-06
-2.636587683152688e-06
-2.59103801073306e-06
-2.544258820624511e-06
-2.49648552918782e-06
-2.447933087744474e-06
-2.398795360051827e-06
-2.349245545498898e-06
-2.299437113809411e-06
-2.249505020738367e-06
-2.199567072758093e-06
-2.1497253610855e-06
-2.100067699621587e-06
-2.050669030363124e-06
-2.001592763674232e-06
-1.952892035697374e-06
-1.904610874848901e-06
-1.856785267880539e-06
-1.809444130466995e-06
-1.762610181043475e-06
-1.716300723460603e-06
-1.670528346527081e-06
-1.625301541449393e-06
-1.580625251723144e-06
-1.53650135481718e-06
-1.492929086750873e-06
-1.449905415890381e-06
-1.407425365606347e-06
-1.365482302308749e-06
-1.324068179669709e-06
-1.28317375686078e-06
-1.242788785187667e-06
-1.202902169081107e-06
-1.163502109820969e-06
-1.124576223987092e-06
-1.086111650072974e-06
-1.048095138838329e-06
-1.010513129369817e-06
-9.733518164822008e-07
-9.365972083699501e-07
-9.002351717438899e-07
-8.642514766171845e-07
-8.28631828876533e-07
-7.933618981704136e-07
-7.584273468229541e-07
-7.238138432140635e-07
-6.895070827987063e-07
-6.554928012888846e-07
-6.217567804616121e-07
-5.882848604799383e-07
-5.550629449750367e-07
-5.220770035176418e-07
-4.893130739832568e-07
-4.567572671593496e-07
-4.243957626250785e-07
-3.922148086597472e-07
-3.6020072509975e-07
-3.283398926698021e-07
-2.966187546741636e-07
-2.650238156215696e-07
-2.335416302276528e-07
-2.021588020948502e-07
-1.708619800040446e-07
-1.396378518457048e-07
-1.084731360852235e-07
-7.735457788765029e-08
-4.626894747572403e-08
-1.520302836669251e-08
1.585638806534863e-08
4.692250571896029e-08
7.800853121101355e-08
1.091276802977668e-07
1.402931863550545e-07
1.715183032723933e-07
2.028163104858685e-07
2.342005226475318e-07
2.656842931062611e-07
2.972810183440929e-07
3.290041429689319e-07
3.608671652431934e-07
3.928836429994369e-07
4.250671947942325e-07
4.574315035813699e-07
4.899903208503421e-07
5.227574680018881e-07
5.557468378477132e-07
5.889723928337659e-07
6.224481638640692e-07
6.561882500256187e-07
6.902068133407362e-07
7.245180722149522e-07
7.591362941736482e-07
7.940757854816454e-07
8.293508788885047e-07
8.649759168341869e-07
9.009652302950134e-07
9.373331156486277e-07
9.740938058653253e-07
1.011261435223802e-06
1.048849998784491e-06
1.086873303797488e-06
1.125344912623763e-06
1.164278077446998e-06
1.203685662883463e-06
1.24358005467912e-06
1.283973054694414e-06
1.324875759370997e-06
1.366298419336666e-06
1.408250277682968e-06
1.450739381954988e-06
1.493772367207794e-06
1.537354209296241e-06
1.581487941852815e-06
1.626174329254136e-06
1.671411493114537e-06
1.717194488491092e-06
1.763514821561059e-06
1.810359901499609e-06
1.857712420056155e-06
1.905549653101408e-06
1.953842677694927e-06
2.002555498401162e-06
2.051644076837223e-06
2.101055263190618e-06
2.150725631419029e-06
2.200580221018268e-06
2.250531196216807e-06
2.300476441254079e-06
2.350298121771892e-06
2.399861249984585e-06
2.44901231729649e-06
2.497578080613566e-06
2.545364627687751e-06
2.592156952924017e-06
2.637719578559857e-06
2.681799731082786e-06
2.724137876897217e-06
2.764501713710894e-06
2.802798662625558e-06
2.839457085568807e-06
2.876740063693609e-06
2.92334033073513e-06
3.010742970862972e-06
3.253018307431568e-06
4.073669512048771e-06
7.44688311186328e-06
2.24688364636671e-05
6.54086992666754e-05
-6.821210940515288e-05
-2.327580782203516e-05
-7.556243729845614e-06
-4.027836802211522e-06
-3.171289451229967e-06
-2.920544306871144e-06
-2.832348922070964e-06
-2.787271148785945e-06
-2.752302876647364e-06
-2.718288264729743e-06
-2.682801840607263e-06
-2.645341308719418e-06
-2.605953719892131e-06
-2.564837189917757e-06
-2.522223511363679e-06
-2.478342644941062e-06
-2.433411549039714e-06
-2.387630562598796e-06
-2.341182362631416e-06
-2.294231963774023e-06
-2.246927233252291e-06
-2.199399705885174e-06
-2.151765576680986e-06
-2.104126798636084e-06
-2.056572224472571e-06
-2.009178753788708e-06
-1.962012455119835e-06
-1.915129637837631e-06
-1.868577866187198e-06
-1.822396900574285e-06
-1.776619566528493e-06
-1.731272549928377e-06
-1.686377114579363e-06
-1.641949754630141e-06
-1.598002775856616e-06
-1.554544817848871e-06
-1.511581318174082e-06
-1.46911492305121e-06
-1.427145855518698e-06
-1.385672233622016e-06
-1.344690357711583e-06
-1.304194958317819e-06
-1.2641794155282e-06
-1.224635952942293e-06
-1.185555803581256e-06
-1.146929358597908e-06
-1.108746295681059e-06
-1.070995689303404e-06
-1.033666109432637e-06
-9.967457059018138e-07
-9.602222790264581e-07
-9.240833474397349e-07
-8.883161979521364e-07
-8.529079346076825e-07
-8.178455212369291e-07
-7.831158106254621e-07
-7.487055793947629e-07
-7.146015500835461e-07
-6.807904109209396e-07
-6.47258835986129e-07
-6.139934984338421e-07
-5.80981079953239e-07
-5.48208283086074e-07
-5.156618402848715e-07
-4.833285123028368e-07
-4.511950995219205e-07
-4.192484445512374e-07
-3.874754271509574e-07
-3.558629722381276e-07
-3.243980476508065e-07
-2.930676606571191e-07
-2.6185885747671e-07
-2.307587226543107e-07
-1.997543763645162e-07
-1.688329662124642e-07
-1.379816688881836e-07
-1.071876871227675e-07
-7.643824103646784e-08
-4.572056648885879e-08
-1.502191112995479e-08
1.567046915549007e-08
4.636931717284976e-08
7.70873798192275e-08
1.078374086477627e-07
1.386321669119829e-07
1.694844342693055e-07
2.004070104505282e-07
2.31412719843436e-07
2.625144129410413e-07
2.937249717432339e-07
3.250573132173944e-07
3.56524391036945e-07
3.881391984848957e-07
4.199147691529846e-07
4.51864179547222e-07
4.840005491873127e-07
5.163370385586409e-07
5.488868488275598e-07
5.816632182408617e-07
6.146794177915154e-07
6.47948746455412e-07
6.814845226277982e-07
7.153000752297539e-07
7.494087326381636e-07
7.838238075883627e-07
8.18558580120944e-07
8.536262763573589e-07
8.890400434630726e-07
9.248129214250024e-07
9.609578077886014e-07
9.974874163799132e-07
1.034414231547334e-06
1.071750453863605e-06
1.109507936236739e-06
1.147698110902287e-06
1.186331904893083e-06
1.225419642825997e-06
1.264970935513486e-06
1.304994550975714e-06
1.345498267051795e-06
1.386488704038664e-06
1.427971132407826e-06
1.469949252619395e-06
1.512424945879681e-06
1.555397990475416e-06
1.598865738281577e-06
1.642822749813225e-06
1.687260383200198e-06
1.732166329782092e-06
1.777524091965894e-06
1.823312399528703e-06
1.869504560405909e-06
1.916067740965939e-06
1.962962171418233e-06
2.010140275876549e-06
2.057545729621418e-06
2.105112447774614e-06
2.152763511657482e-06
2.200410046492573e-06
2.247950074168155e-06
2.29526737104487e-06
2.342230370472097e-06
2.388691167284912e-06
2.434484704975594e-06
2.479428259996547e-06
2.52332144199594e-06
2.565947234688359e-06
2.60707561484734e-06
2.646474722803264e-06
2.683946370826328e-06
2.719443432004264e-06
2.753468121417297e-06
2.788445829137193e-06
2.833532312639228e-06
2.921735595960671e-06
3.172487732300302e-06
4.029041049808729e-06
7.557449409532911e-06
2.32770040916958e-05
6.821354906946351e-05
-7.102126732874018e-05
-2.408825143552612e-05
-7.670996191692771e-06
-3.987257862395353e-06
-3.094630085260551e-06
-2.835194608596734e-06
-2.745957149790067e-06
-2.702131439756803e-06
-2.669193886573714e-06
-2.637532574119607e-06
-2.604565901359617e-06
-2.569722971458157e-06
-2.533009638780855e-06
-2.494593173828643e-06
-2.45468004078543e-06
-2.413478970671983e-06
-2.371189273644686e-06
-2.327996905432949e-06
-2.284073126570536e-06
-2.23957418990634e-06
-2.194641533575818e-06
-2.149402277409032e-06
-2.103969911512016e-06
-2.05844511097147e-06
-2.012916623077844e-06
-1.967462186239123e-06
-1.922149454535047e-06
-1.877036899032292e-06
-1.832174677378994e-06
-1.787605455643818e-06
-1.743365175235426e-06
-1.699483768279998e-06
-1.655985808973772e-06
-1.612891113161178e-06
-1.570215279510831e-06
-1.527970178788199e-06
-1.486164396146882e-06
-1.444803623087031e-06
-1.403891014180493e-06
-1.363427498280462e-06
-1.323412059258976e-06
-1.283841984788329e-06
-1.244713084056104e-06
-1.206019883489234e-06
-1.16775579804621e-06
-1.129913280406969e-06
-1.092483956534778e-06
-1.055458740580395e-06
-1.018827936424795e-06
-9.825813312880861e-07
-9.467082685815556e-07
-9.111977212691161e-07
-8.760383502381082e-07
-8.412185535670531e-07
-8.067265167164088e-07
-7.725502482033871e-07
-7.386776137903455e-07
-7.050963674186689e-07
-6.717941752039789e-07
-6.387586341995113e-07
-6.059772953207349e-07
-5.734376755036544e-07
-5.41127267305299e-07
-5.090335580516936e-07
-4.771440312777645e-07
-4.454461730747239e-07
-4.139274834731137e-07
-3.825754775221708e-07
-3.513776869163224e-07
-3.203216617891432e-07
-2.893949768934269e-07
-2.585852276370365e-07
-2.278800268222689e-07
-1.972670107604345e-07
-1.667338348051728e-07
-1.362681700750942e-07
-1.058577021170599e-07
-7.549012960539384e-08
-4.515316341732194e-08
-1.483451986568133e-08
1.547808051728604e-08
4.579691487682638e-08
7.613426204879783e-08
1.06502404752343e-07
1.36913635054583e-07
1.673802546522998e-07
1.979145767137406e-07
2.285289306851453e-07
2.592356630265974e-07
2.900471392974566e-07
3.209757443518769e-07
3.520338836638229e-07
3.832339854716506e-07
4.145884989487231e-07
4.461098933009188e-07
4.778106551114671e-07
5.097032855503409e-07
5.418002982618894e-07
5.741142119877701e-07
6.066575425336495e-07
6.394427952851886e-07
6.724824550770162e-07
7.057889742923199e-07
7.39374756573238e-07
7.732521374736127e-07
8.074333647679108e-07
8.419305740506877e-07
8.767557588791351e-07
9.119207367392944e-07
9.474371090032148e-07
9.833162162717438e-07
1.019569088028252e-06
1.056206381955138e-06
1.093238313883418e-06
1.130674579859184e-06
1.168524267253393e-06
1.206795752559829e-06
1.24549658402983e-06
1.284633347530214e-06
1.324211516201247e-06
1.364235280924613e-06
1.404707355665776e-06
1.4456287561802e-06
1.48699855235972e-06
1.528813589464539e-06
1.571068173104939e-06
1.613753716168636e-06
1.656858344262097e-06
1.700366454776983e-06
1.744258226915774e-06
1.788509079638718e-06
1.833089074419451e-06
1.877962260555411e-06
1.923085961638154e-06
1.968410006528404e-06
2.013875908145416e-06
2.059415996236211e-06
2.10495251306243e-06
2.15039668870672e-06
2.195647822077211e-06
2.240592394814224e-06
2.285103256239659e-06
2.329038931645697e-06
2.372243127716808e-06
2.414544539058058e-06
2.455757161880444e-06
2.495681632324753e-06
2.534109162033562e-06
2.570833225218515e-06
2.605686485924724e-06
2.638663020625735e-06
2.670333654746951e-06
2.703279917458453e-06
2.747113651146547e-06
2.836358372074914e-06
3.095800266104193e-06
3.988433512206882e-06
7.672172724262018e-06
2.408941772333749e-05
7.102268763701146e-05
-7.383434851252689e-05
-2.490458246985276e-05
-7.789561365903065e-06
-3.950377072463727e-06
-3.021518625581375e-06
-2.753212034752178e-06
-2.662726948749275e-06
-2.619929053839653e-06
-2.588785324573309e-06
-2.559233508400183e-06
-2.528541085118906e-06
-2.496073094344134e-06
-2.461797982533989e-06
-2.425855195041861e-06
-2.388428146806472e-06
-2.349705937549258e-06
-2.309871227398081e-06
-2.269096077127781e-06
-2.227540401064586e-06
-2.185351430172097e-06
-2.142663663203791e-06
-2.099599114080267e-06
-2.056267756514016e-06
-2.012768103947067e-06
-1.969187880655266e-06
-1.9256047428449e-06
-1.88208702789761e-06
-1.83869450225224e-06
-1.795479095666675e-06
-1.752485611026291e-06
-1.709752394016463e-06
-1.667311968310227e-06
-1.625191621004343e-06
-1.58341394687608e-06
-1.54199734752967e-06
-1.500956484173187e-06
-1.460302693953923e-06
-1.420044361010722e-06
-1.380187256190648e-06
-1.340734839533467e-06
-1.301688530581312e-06
-1.263047953408556e-06
-1.224811152840618e-06
-1.186974786308717e-06
-1.149534299050294e-06
-1.112484073249392e-06
-1.075817565243986e-06
-1.03952742675749e-06
-1.003605606082421e-06
-9.680434478730195e-07
-9.328317715081976e-07
-8.979609439240824e-07
-8.634209466575598e-07
-8.292014287627532e-07
-7.952917569160175e-07
-7.616810606107244e-07
-7.283582680085781e-07
-6.953121374978953e-07
-6.625312914249873e-07
-6.300042345569262e-07
-5.977193772904514e-07
-5.656650585688447e-07
-5.338295546731303e-07
-5.022010958782686e-07
-4.707678789396791e-07
-4.395180758714081e-07
-4.084398393057963e-07
-3.775213108629858e-07
-3.467506307281632e-07
-3.16115934361868e-07
-2.856053583198345e-07
-2.552070453179521e-07
-2.249091427993183e-07
-1.946998051260438e-07
-1.645671921110976e-07
-1.34499471632221e-07
-1.044848186714552e-07
-7.451141260032574e-08
-4.456743848346956e-08
-1.464108442298483e-08
1.527945839289769e-08
4.520599835448516e-08
7.515034591623994e-08
1.051243126333369e-07
1.351397143722868e-07
1.652083712313826e-07
1.95342109155237e-07
2.25552761955549e-07
2.558521691915174e-07
2.862521769989229e-07
3.167646378302822e-07
3.474014105616866e-07
3.781743589647002e-07
4.090953471888232e-07
4.401762382393038e-07
4.714288901409914e-07
5.028651503252518e-07
5.344968494589398e-07
5.663357918860074e-07
5.983937470304385e-07
6.30682439152815e-07
6.632135329357691e-07
6.959986178997177e-07
7.290491898313827e-07
7.623766295767001e-07
7.959921793220208e-07
8.299069129239077e-07
8.641317024346604e-07
8.986771815268321e-07
9.335537021280835e-07
9.687712849601734e-07
1.004339563736293e-06
1.040267720416261e-06
1.076564412404082e-06
1.11323769090009e-06
1.150294906958544e-06
1.18774260485881e-06
1.225586402096107e-06
1.263830853935035e-06
1.302479301788727e-06
1.341533701951994e-06
1.380994430719091e-06
1.420860066503678e-06
1.46112714814362e-06
1.501789903782838e-06
1.542839946337035e-06
1.584265935507954e-06
1.626053204598808e-06
1.668183347670864e-06
1.710633764345436e-06
1.753377160762343e-06
1.796381005895132e-06
1.839606943313146e-06
1.883010158895499e-06
1.926538708477145e-06
1.970132810174889e-06
2.013724110111967e-06
2.057234931659207e-06
2.100577527892876e-06
2.143653359612865e-06
2.186352425944305e-06
2.228552682339813e-06
2.270119594615548e-06
2.310905893167806e-06
2.350751621532219e-06
2.389484674423972e-06
2.426922341761332e-06
2.462875470495948e-06
2.497160588848467e-06
2.529638192568228e-06
2.560339773453415e-06
2.589900228136832e-06
2.621052012618211e-06
2.663857314810446e-06
2.754349093329883e-06
3.022661589251748e-06
3.951525062726636e-06
7.790709735807593e-06
2.490571979220049e-05
7.38357504956287e-05
-7.665103224414225e-05
-2.572448577968611e-05
-7.911635618266543e-06
-3.916908225077356e-06
-2.951691305229822e-06
-2.674359185438261e-06
-2.582450035429203e-06
-2.540486387071094e-06
-2.510930716818403e-06
-2.483275189503121e-06
-2.454640763825757e-06
-2.424332326823102e-06
-2.392284264327662e-06
-2.35861094820799e-06
-2.323474905082411e-06
-2.287047206417947e-06
-2.249494959805245e-06
-2.210976986579575e-06
-2.171642137004587e-06
-2.131628596742784e-06
-2.091063661488152e-06
-2.05006379291513e-06
-2.008734869883606e-06
-1.967172576774685e-06
-1.925462894043869e-06
-1.883682651036373e-06
-1.841900120272367e-06
-1.800175629857246e-06
-1.758562175115975e-06
-1.717106023620535e-06
-1.675847294060338e-06
-1.634820513383342e-06
-1.594055138486865e-06
-1.553576044383814e-06
-1.513403980124085e-06
-1.473555984190314e-06
-1.434045770873104e-06
-1.394884079938456e-06
-1.356078995235265e-06
-1.317636235333211e-06
-1.279559413134767e-06
-1.241850271290765e-06
-1.204508896695593e-06
-1.167533906450524e-06
-1.130922622217623e-06
-1.094671220997599e-06
-1.058774869264637e-06
-1.023227849303605e-06
-9.880236617453209e-07
-9.531551247036885e-07
-9.186144602677646e-07
-8.843933672981301e-07
-8.504830897214565e-07
-8.168744784056119e-07
-7.83558039909854e-07
-7.505239844383347e-07
-7.177622707701035e-07
-6.85262635046529e-07
-6.53014627360896e-07
-6.210076402584779e-07
-5.892309286443468e-07
-5.576736328540319e-07
-5.263247988603049e-07
-4.951733944879849e-07
-4.642083173762658e-07
-4.334184126913324e-07
-4.027924842291188e-07
-3.723192977559365e-07
-3.419875921981318e-07
-3.117860842436047e-07
-2.817034750114707e-07
-2.51728452802654e-07
-2.218496945720881e-07
-1.920558726927692e-07
-1.623356548118065e-07
-1.326777058471209e-07
-1.030706882918758e-07
-7.350326295169258e-08
-4.396409241966963e-08
-1.444183863769782e-08
1.507483685075782e-08
4.459727340009183e-08
7.413681037024137e-08
1.037047853092554e-07
1.333125373645291e-07
1.629714056393752e-07
1.926927278789868e-07
2.224878400987039e-07
2.523680746097947e-07
2.823447601623121e-07
3.124292186650203e-07
3.426327627141028e-07
3.7296669269468e-07
4.034422918577089e-07
4.340708226235721e-07
4.64863519259579e-07
4.958315803581007e-07
5.269861612906869e-07
5.583383629781333e-07
5.898992204879201e-07
6.216796892726425e-07
6.536906286002858e-07
6.859427841981995e-07
7.184467667235792e-07
7.512130270773765e-07
7.842518291684516e-07
8.175732174741959e-07
8.511869812560325e-07
8.851026145363529e-07
9.193292687199564e-07
9.538756997790072e-07
9.887502095611135e-07
1.023960578203751e-06
1.059513988120918e-06
1.095416938776898e-06
1.131675150031045e-06
1.168293454036332e-06
1.205275674178652e-06
1.242624488661094e-06
1.280341278651396e-06
1.318425958317011e-06
1.35687678352253e-06
1.395690139699042e-06
1.434860307270247e-06
1.47437920007854e-06
1.514236074887373e-06
1.554417212535095e-06
1.594905568753576e-06
1.635680390375572e-06
1.676716795746282e-06
1.717985320533213e-06
1.759451429102444e-06
1.801074991700308e-06
1.842809729543012e-06
1.884602632342439e-06
1.92639335619089e-06
1.968113611179228e-06
2.009686547946456e-06
2.051026163883214e-06
2.092036749130631e-06
2.132612398391864e-06
2.172636619643035e-06
2.211982083455627e-06
2.25051056763914e-06
2.288073182750439e-06
2.324511065785754e-06
2.359657062468413e-06
2.393340052163355e-06
2.425397456385487e-06
2.455714850291775e-06
2.484357792449288e-06
2.512021338371136e-06
2.54158447242327e-06
2.583554972267265e-06
2.675470303552231e-06
2.952807870588484e-06
3.918029422610637e-06
7.912756731858824e-06
2.572559506986686e-05
7.665241684761504e-05
-7.947103470517809e-05
-2.654768207614076e-05
-8.036949044328185e-06
-3.886595670304642e-06
-2.884910917588857e-06
-2.598420655386901e-06
-2.504935253360298e-06
-2.463638048591558e-06
-2.435491062052775e-06
-2.409544827843937e-06
-2.382777493714285e-06
-2.354437156871674e-06
-2.324427083266841e-06
-2.292839050743472e-06
-2.259816707460987e-06
-2.225514652084399e-06
-2.19008557293418e-06
-2.15367580639945e-06
-2.116423565303946e-06
-2.078458140236879e-06
-2.039899548477654e-06
-2.00085844598095e-06
-1.961436228242678e-06
-1.921725265014321e-06
-1.881809240276144e-06
-1.841763564501082e-06
-1.801655835072057e-06
-1.761546329221655e-06
-1.721488506733704e-06
-1.681529518603008e-06
-1.641710702711642e-06
-1.602068066459484e-06
-1.562632747640324e-06
-1.523431448019744e-06
-1.484486844959519e-06
-1.445817970769375e-06
-1.407440565860854e-06
-1.369367406204727e-06
-1.331608600293559e-06
-1.294171862859625e-06
-1.257062764751876e-06
-1.22028495551291e-06
-1.183840372929084e-06
-1.147729424275988e-06
-1.111951154363312e-06
-1.076503398529424e-06
-1.041382913302687e-06
-1.006585501573728e-06
-9.721061205379736e-07
-9.379389775497653e-07
-9.040776192962798e-07
-8.705150105811058e-07
-8.372435988536148e-07
-8.042553815441511e-07
-7.715419611351244e-07
-7.39094587956618e-07
-7.069042114014567e-07
-6.749615171146116e-07
-6.432569572721265e-07
-6.117807820126005e-07
-5.805230709482489e-07
-5.494737529952804e-07
-5.186226233940405e-07
-4.879593699732121e-07
-4.574735850495684e-07
-4.27154778342252e-07
-3.969923907177029e-07
-3.669758045929834e-07
-3.370943560117531e-07
-3.073373375612941e-07
-2.776940072006209e-07
-2.481535954420186e-07
-2.187053088992728e-07
-1.893383363930336e-07
-1.600418495821891e-07
-1.308050082444798e-07
-1.016169633963527e-07
-7.246685826817305e-08
-4.334383130334904e-08
-1.423701625803396e-08
1.486445421672672e-08
4.39714484168653e-08
7.309483488652667e-08
1.022454793044068e-07
1.314342446524548e-07
1.606719876738712e-07
1.899695578438022e-07
2.193377959804257e-07
2.487875299840691e-07
2.783295723226217e-07
3.079747156195045e-07
3.377337300107087e-07
3.676173581333488e-07
3.976363076595696e-07
4.278012453084348e-07
4.581227881940856e-07
4.886114955368773e-07
5.192778585190063e-07
5.501322862454887e-07
5.811850922566846e-07
6.124464789603198e-07
6.439265195228797e-07
6.75635137718912e-07
7.075820829678924e-07
7.397769032355587e-07
7.72228915805048e-07
8.049471726247833e-07
8.379404216148097e-07
8.712170631358276e-07
9.047851000673004e-07
9.386520833514341e-07
9.72825050945144e-07
1.007310457339947e-06
1.042114095024273e-06
1.077241007489955e-06
1.112695391864255e-06
1.148480490382227e-06
1.184598468784689e-06
1.221050280292672e-06
1.257835515932658e-06
1.294952238353293e-06
1.332396795737756e-06
1.370163616409284e-06
1.408244983297643e-06
1.446630784794444e-06
1.485308240972106e-06
1.524261605363662e-06
1.563471840479986e-06
1.602916263965723e-06
1.642568166225814e-06
1.682396401702194e-06
1.722364953637865e-06
1.762432473429207e-06
1.802551798277823e-06
1.842669452701232e-06
1.882725143498607e-06
1.922651255649807e-06
1.962372359739574e-06
2.001804749523392e-06
2.040856030311677e-06
2.079424780763735e-06
2.117400315437189e-06
2.154662585439904e-06
2.19108226583253e-06
2.226521107234753e-06
2.260832733763181e-06
2.293864413588822e-06
2.325461503460241e-06
2.355480307885969e-06
2.38382900078508e-06
2.410604265966755e-06
2.436557955124168e-06
2.464711869078778e-06
2.506015423869773e-06
2.599506547541259e-06
2.886001846347631e-06
3.887690877976434e-06
8.0380437370933e-06
2.654876419207723e-05
7.947240279818912e-05
-8.229410345748711e-05
-2.737392263624292e-05
-8.165260634733538e-06
-3.859210148609009e-06
-2.820963467698863e-06
-2.52520059003592e-06
-2.430007054068074e-06
-2.389230226992179e-06
-2.362335002212413e-06
-2.337933573588805e-06
-2.312864415065101e-06
-2.28632172094994e-06
-2.25818020873439e-06
-2.228511278868379e-06
-2.197441545918838e-06
-2.165110611612365e-06
-2.131657871079292e-06
-2.097217980473966e-06
-2.061919034172105e-06
-2.025881699859595e-06
-1.989218782019124e-06
-1.952035028541296e-06
-1.914427115357336e-06
-1.876483760938162e-06
-1.838285942702374e-06
-1.799907192198036e-06
-1.761413942043545e-06
-1.722865914421352e-06
-1.684316528597614e-06
-1.645813322039847e-06
-1.607398370843963e-06
-1.569108702907069e-06
-1.530976700862981e-06
-1.493030484892866e-06
-1.455294278881019e-06
-1.417788755693172e-06
-1.380531356947942e-06
-1.34353659506608e-06
-1.306816330604897e-06
-1.270380025474362e-06
-1.23423498181026e-06
-1.198386552114053e-06
-1.162838338659807e-06
-1.127592372159591e-06
-1.092649270987874e-06
-1.058008391602487e-06
-1.023667960250348e-06
-9.896251919010855e-07
-9.558764009297304e-07
-9.224170985525002e-07
-8.892420773345254e-07
-8.563454967861102e-07
-8.237209492387781e-07
-7.913615216896208e-07
-7.592598602397288e-07
-7.27408216976409e-07
-6.957984932101618e-07
-6.644222834707448e-07
-6.33270915298914e-07
-6.023354743730474e-07
-5.716068355133549e-07
-5.410756930675786e-07
-5.107325792616864e-07
-4.805678863129539e-07
-4.505718820784911e-07
-4.20734728944317e-07
-3.910464981444767e-07
-3.61497179213705e-07
-3.320766942890782e-07
-3.027749047617981e-07
-2.735816219353589e-07
-2.444866142530827e-07
-2.154796117284316e-07
-1.86550314801252e-07
-1.576883976141776e-07
-1.288835137113285e-07
-1.001252992474967e-07
-7.140337616474571e-08
-4.270735763203263e-08
-1.402684939627149e-08
1.464854636294598e-08
4.332922993584642e-08
7.202560088043889e-08
1.007480532311088e-07
1.295069747133835e-07
1.583127425366815e-07
1.871757211840434e-07
2.161062584989259e-07
2.45114680000698e-07
2.742112853837564e-07
3.034063432605354e-07
3.327100869627511e-07
3.621327067074161e-07
3.916843406265265e-07
4.21375067784868e-07
4.512148983067033e-07
4.81213763088303e-07
5.113815006734296e-07
5.417278416396732e-07
5.722623943003585e-07
6.029946272570095e-07
6.339338486863226e-07
6.650891832624245e-07
6.964695453257243e-07
7.28083610745472e-07
7.599397853916744e-07
7.920461674886533e-07
8.244105064469665e-07
8.570401575420809e-07
8.899420309003843e-07
9.231225353560598e-07
9.565875145855796e-07
9.903421746364616e-07
1.024391004891562e-06
1.058737690961379e-06
1.093385016978352e-06
1.128334756848353e-06
1.163587553426493e-06
1.199142785212875e-06
1.234998420720922e-06
1.271150857011452e-06
1.307594739502431e-06
1.344322764967009e-06
1.381325467446451e-06
1.418590983471749e-06
1.456104795893607e-06
1.49384945676103e-06
1.53180428821335e-06
1.569945059672571e-06
1.608243643008854e-06
1.646667647695859e-06
1.685180036011589e-06
1.723738721321875e-06
1.762296153316373e-06
1.800798896834235e-06
1.839187213943573e-06
1.877394654749209e-06
1.915347669371658e-06
1.952965257853432e-06
1.990158677661185e-06
2.026831227712721e-06
2.062878132486071e-06
2.098186557727861e-06
2.132635802670273e-06
2.166097738695066e-06
2.198437672935042e-06
2.229516170303315e-06
2.259193588445595e-06
2.287343269402429e-06
2.313893768533191e-06
2.338970322427713e-06
2.363378691729353e-06
2.390280357417228e-06
2.431063081014043e-06
2.526261923588598e-06
2.822029467751022e-06
3.860280109766584e-06
8.166329678656863e-06
2.737497837040334e-05
8.229545584220057e-05
-8.512001292308003e-05
-2.820298495210529e-05
-8.296354266126793e-06
-3.834545289913111e-06
-2.75965530286546e-06
-2.454520521104536e-06
-2.357504064437049e-06
-2.317119970485927e-06
-2.291338757039796e-06
-2.268337028761075e-06
-2.244816238847272e-06
-2.219919156895538e-06
-2.193494195991648e-06
-2.165594349508779e-06
-2.136330875404472e-06
-2.105829757445879e-06
-2.074218187266732e-06
-2.041619959194463e-06
-2.008153621890198e-06
-1.973931575803391e-06
-1.939059580783661e-06
-1.903636489290162e-06
-1.867754142702538e-06
-1.831497392756256e-06
-1.794944218682568e-06
-1.758165925378972e-06
-1.721227395706817e-06
-1.684187388444208e-06
-1.647098863644057e-06
-1.610009325344538e-06
-1.572961174316072e-06
-1.535992058494589e-06
-1.499135220034604e-06
-1.462419832526609e-06
-1.42587132255154e-06
-1.389511680605925e-06
-1.353359750625541e-06
-1.317431503618279e-06
-1.281740296375951e-06
-1.246297103808848e-06
-1.21111074305678e-06
-1.176188074369098e-06
-1.141534186125915e-06
-1.107152568558205e-06
-1.073045268121101e-06
-1.039213028859304e-06
-1.005655425365078e-06
-9.723709780276014e-07
-9.393572587163328e-07
-9.066109943379026e-07
-8.741281475631093e-07
-8.419039978051394e-07
-8.099332170513599e-07
-7.782099308685636e-07
-7.467277754206255e-07
-7.15479953273546e-07
-6.844592822348987e-07
-6.536582323035067e-07
-6.230689674891792e-07
-5.9268337932891e-07
-5.624931176210322e-07
-5.324896186669887e-07
-5.026641272089936e-07
-4.730077225114766e-07
-4.435113349537949e-07
-4.141657652808041e-07
-3.849617004608127e-07
-3.558897257085175e-07
-3.269403411737978e-07
-2.981039694357928e-07
-2.69370966387189e-07
-2.407316305286707e-07
-2.121762103134271e-07
-1.836949140901195e-07
-1.5527791360357e-07
-1.269153507273322e-07
-9.859734293502709e-08
-7.031398874283646e-08
-4.2055373558556e-08
-1.381157137714748e-08
1.44273498345998e-08
4.267132479975365e-08
7.093028584487536e-08
9.921415812780603e-08
1.275328581668594e-07
1.558962876143241e-07
1.843143288702642e-07
2.127968398402099e-07
2.413536485169999e-07
2.699945481014707e-07
2.987292892907508e-07
3.275675741419828e-07
3.565190471833873e-07
3.855932863102569e-07
4.147997937152901e-07
4.441479833296135e-07
4.736471690109506e-07
5.033065504305568e-07
5.331351966489794e-07
5.631420295912073e-07
5.933358038422218e-07
6.237250844697301e-07
6.543182228040116e-07
6.851233281115954e-07
7.16148237273198e-07
7.4740048051613e-07
7.788872422658333e-07
8.10615319309185e-07
8.42591074033789e-07
8.748203815333021e-07
9.073085716446073e-07
9.400603638893238e-07
9.730797951128304e-07
1.006370140612643e-06
1.039933826447406e-06
1.073772331750472e-06
1.107886081634351e-06
1.14227432932271e-06
1.176935026637734e-06
1.211864682497417e-06
1.247058206659024e-06
1.282508737241007e-06
1.318207454314174e-06
1.35414337852247e-06
1.390303150901326e-06
1.426670794425943e-06
1.463227458944443e-06
1.499951148180222e-06
1.53681642799094e-06
1.573794117639257e-06
1.61085096623405e-06
1.64794931573533e-06
1.685046754586538e-06
1.722095765104671e-06
1.759043372169786e-06
1.795830801307765e-06
1.832393152802284e-06
1.868659103393238e-06
1.904550651671116e-06
1.939982923201133e-06
1.97486405232575e-06
2.009095160710163e-06
2.042570459788512e-06
2.075177517465108e-06
2.10679775350452e-06
2.13730733959343e-06
2.166579047484096e-06
2.194486855791815e-06
2.220919466795448e-06
2.245823846924484e-06
2.269351541724101e-06
2.292359741747098e-06
2.318146953455176e-06
2.358536531884394e-06
2.455557918945043e-06
2.760697032367865e-06
3.835590694180773e-06
8.297398376854217e-06
2.820401503747736e-05
8.512135033968605e-05
-8.794856064178024e-05
-2.903466912001946e-05
-8.430035357060916e-06
-3.812414661303081e-06
-2.700810650349152e-06
-2.386217458372214e-06
-2.287277758312108e-06
-2.247174433962959e-06
-2.22238591079471e-06
-2.200655511495066e-06
-2.178549919126528e-06
-2.155162606343244e-06
-2.130317636165166e-06
-2.104051339560955e-06
-2.076461131409765e-06
-2.047660650795237e-06
-2.017765921606182e-06
-1.986890684710379e-06
-1.95514454034872e-06
-1.922632030049697e-06
-1.889452110110083e-06
-1.855697836089392e-06
-1.821456194185738e-06
-1.786808051342932e-06
-1.75182819435807e-06
-1.716585448251247e-06
-1.681142850768686e-06
-1.645557872539329e-06
-1.609882672152797e-06
-1.574164370122869e-06
-1.538445339879369e-06
-1.502763503826311e-06
-1.467152627198798e-06
-1.431642612892122e-06
-1.396259782805111e-06
-1.361027153142188e-06
-1.325964696904063e-06
-1.29108958843238e-06
-1.256416442092517e-06
-1.221957527377145e-06
-1.187722973290411e-06
-1.153720960307356e-06
-1.11995789377629e-06
-1.086438566191936e-06
-1.0531663095285e-06
-1.02014312691643e-06
-9.873698206000484e-07
-9.548461109319738e-07
-9.225707328091722e-07
-8.905415357142926e-07
-8.58755573489447e-07
-8.272091798121662e-07
-7.958980372084797e-07
-7.648172471500267e-07
-7.33961389547913e-07
-7.033245716405279e-07
-6.729004792656058e-07
-6.426824199593185e-07
-6.126633643113466e-07
-5.828359782043838e-07
-5.531926558829916e-07
-5.237255512334465e-07
-4.944266014028829e-07
-4.652875533268256e-07
-4.362999808600951e-07
-4.074553063173996e-07
-3.787448192547039e-07
-3.501596893295887e-07
-3.216909828405732e-07
-2.933296719529523e-07
-2.650666482533475e-07
-2.368927337125193e-07
-2.087986884188787e-07
-1.807752208795669e-07
-1.528129936554053e-07
-1.249026324108663e-07
-9.703473220388005e-08
-6.919986317244139e-08
-4.138857726094104e-08
-1.359141233605266e-08
1.420110069128478e-08
4.199843434356358e-08
6.98100588046109e-08
9.764543565968505e-08
1.255140140349879e-07
1.534252233847866e-07
1.813884689974856e-07
2.094131254702547e-07
2.375085297231977e-07
2.656839739948134e-07
2.939486973967328e-07
3.223118792376032e-07
3.507826284090088e-07
3.793699726927023e-07
4.08082847682828e-07
4.369300832203935e-07
4.659203908344852e-07
4.950623479338431e-07
5.243643796675186e-07
5.538347405075404e-07
5.834814928162848e-07
6.133124839230028e-07
6.433353200135873e-07
6.735573357866432e-07
7.039855626015186e-07
7.346266930104033e-07
7.654870408709225e-07
7.965724983179908e-07
8.278884872406755e-07
8.594399054113725e-07
8.91231068212948e-07
9.232656433690145e-07
9.55546578640118e-07
9.880760230027383e-07
1.020855239300114e-06
1.053884508487246e-06
1.087163025496612e-06
1.120688784536034e-06
1.154458453392099e-06
1.188467236978147e-06
1.222708728024913e-06
1.257174743986838e-06
1.291855151775465e-06
1.326737678835388e-06
1.361807707759493e-06
1.397048056618121e-06
1.432438746761855e-06
1.46795675548036e-06
1.503575753774702e-06
1.539265831658074e-06
1.574993213683777e-06
1.61071996759957e-06
1.646403708793019e-06
1.681997303225159e-06
1.717448578084298e-06
1.752700046565722e-06
1.787688654639055e-06
1.82234555902026e-06
1.856595951877989e-06
1.89035894478714e-06
1.9235475279002e-06
1.956068620953578e-06
1.987823240019047e-06
2.018706814248064e-06
2.048609714318994e-06
2.077418167728873e-06
2.105016117087981e-06
2.131289887975374e-06
2.156142029239501e-06
2.179536173734889e-06
2.201648221305043e-06
2.223384663295987e-06
2.248178780363854e-06
2.288287214254726e-06
2.38723150267963e-06
2.701828723093414e-06
3.813436150002903e-06
8.43105519846716e-06
2.903567423534103e-05
8.794988377562065e-05
-9.077956416071789e-05
-2.986879482777515e-05
-8.566128059957714e-06
-3.792649265046271e-06
-2.644269500481578e-06
-2.320142209918513e-06
-2.219191242222813e-06
-2.179270126167481e-06
-2.155367102168718e-06
-2.134794151271305e-06
-2.113985098455035e-06
-2.091985948019114e-06
-2.06859811410046e-06
-2.043842806100761e-06
-2.017804955338594e-06
-1.990587022435091e-06
-1.962294834343574e-06
-1.933032859928782e-06
-1.902902352573812e-06
-1.872000432441451e-06
-1.840419542483845e-06
-1.808247102560884e-06
-1.77556529526449e-06
-1.742450961940959e-06
-1.708975581842692e-06
-1.675205325480007e-06
-1.641201166096214e-06
-1.607019033882821e-06
-1.572710010302195e-06
-1.538320544374258e-06
-1.503892686743588e-06
-1.469464338202233e-06
-1.435069496011765e-06
-1.400738507694048e-06
-1.366498317505051e-06
-1.332372705715952e-06
-1.298382525705413e-06
-1.264545923182642e-06
-1.230878550222272e-06
-1.197393766108139e-06
-1.16410282328369e-06
-1.131015045608085e-06
-1.098137994284305e-06
-1.065477614922873e-06
-1.03303838517626e-06
-1.000823445279906e-06
-9.688347114648866e-07
-9.37072993016564e-07
-9.055380951296765e-07
-8.742289084159017e-07
-8.431434928692487e-07
-8.122791618362329e-07
-7.816325497579343e-07
-7.511996751864006e-07
-7.209760030591702e-07
-6.909564977179347e-07
-6.611356727103233e-07
-6.315076329358121e-07
-6.02066117719924e-07
-5.728045349508107e-07
-5.437159956526143e-07
-5.147933459834136e-07
-4.860291909617e-07
-4.574159226193317e-07
-4.289457396681313e-07
-4.006106702256727e-07
-3.724025907465245e-07
-3.443132398136248e-07
-3.163342368339631e-07
-2.884570933497007e-07
-2.606732270830933e-07
-2.329739731704779e-07
-2.053505936682657e-07
-1.777942899039995e-07
-1.502962093260052e-07
-1.228474547631167e-07
-9.543909149966125e-08
-6.80621550731472e-08
-4.07076593429921e-08
-1.336660139012042e-08
1.397003080636906e-08
4.131125373918017e-08
6.866608057305318e-08
9.604351385034061e-08
1.234525406344662e-07
1.509021247234897e-07
1.784012010541952e-07
2.059586672631853e-07
2.335833757370551e-07
2.612841254264597e-07
2.890696529771885e-07
3.169486247164355e-07
3.449296240037614e-07
3.730211393738221e-07
4.012315523182509e-07
4.295691231436672e-07
4.580419770277674e-07
4.866580861607245e-07
5.154252504935925e-07
5.443510782701713e-07
5.734429637436695e-07
6.02708063036677e-07
6.321532659416525e-07
6.617851642706703e-07
6.916100194757682e-07
7.216337264350216e-07
7.518617725949712e-07
7.822991936202731e-07
8.129505239650535e-07
8.438197431604047e-07
8.749102177159352e-07
9.062246356766906e-07
9.37764934598921e-07
9.695322236746477e-07
1.00152669807849e-06
1.033747545878656e-06
1.066192847007515e-06
1.098859461977428e-06
1.131742911106397e-06
1.164837244566675e-06
1.198134900738615e-06
1.231626552501809e-06
1.265300943151264e-06
1.299144710552311e-06
1.333142197585408e-06
1.367275251627842e-06
1.401523014015544e-06
1.435861697032975e-06
1.470264350000483e-06
1.504700617345851e-06
1.539136490982035e-06
1.573534060834113e-06
1.607851264611631e-06
1.642041640632942e-06
1.676054092895977e-06
1.7098326748395e-06
1.743316398088813e-06
1.776439074260192e-06
1.809129204215949e-06
1.84130992567913e-06
1.872899033116126e-06
1.903809083128587e-06
1.93394760662901e-06
1.963217456850125e-06
1.991517353111609e-06
2.018742796915979e-06
2.044787930428582e-06
2.069550260249205e-06
2.092944822382558e-06
2.114950374721429e-06
2.135765469694961e-06
2.156344070126292e-06
2.180252317929767e-06
2.220178200635274e-06
2.32113344597503e-06
2.645264489721366e-06
3.793647435306094e-06
8.567124248088497e-06
2.986977560190789e-05
9.078087364667067e-05
-9.361285842510117e-05
-3.070519882490492e-05
-8.704472892040092e-06
-3.775095409393226e-06
-2.589885780330388e-06
-2.256157904487097e-06
-2.153118148352977e-06
-2.113292184495421e-06
-2.090179663071644e-06
-2.070662862316272e-06
-2.051044378501615e-06
-2.030324321221577e-06
-2.008282936651355e-06
-1.984927670988675e-06
-1.960332187855001e-06
-1.934588830990729e-06
-1.907794131737986e-06
-1.880044030600407e-06
-1.85143202555471e-06
-1.822048265037962e-06
-1.791978999489542e-06
-1.7613062184083e-06
-1.730107406221821e-06
-1.698455398120873e-06
-1.666418314462466e-06
-1.634059561467208e-06
-1.601437891665165e-06
-1.568607504711334e-06
-1.535618187829559e-06
-1.50251548428462e-06
-1.46934087733474e-06
-1.436131995576408e-06
-1.402922818713364e-06
-1.369743890936373e-06
-1.336622537449478e-06
-1.303583071369063e-06
-1.270647002261905e-06
-1.237833235156457e-06
-1.205158260177315e-06
-1.172636337216709e-06
-1.140279667507883e-06
-1.108098552328638e-06
-1.076101553850214e-06
-1.044295634372768e-06
-1.012686285476031e-06
-9.812776577332514e-07
-9.500726754171793e-07
-9.190731390389631e-07
-8.882798239596275e-07
-8.576925755897153e-07
-8.273103880481308e-07
-7.971314821319349e-07
-7.671533752228554e-07
-7.373729449203586e-07
-7.077864894584797e-07
-6.78389780853745e-07
-6.491781146808084e-07
-6.201463521924533e-07
-5.912889653164799e-07
-5.62600071755337e-07
-5.340734687884604e-07
-5.057026660266227e-07
-4.77480911495665e-07
-4.494012211390608e-07
-4.214563984628891e-07
-3.936390576914573e-07
-3.659416446174398e-07
-3.383564522419264e-07
-3.108756400985669e-07
-2.834912460280174e-07
-2.561952012828234e-07
-2.289793434754923e-07
-2.018354277638827e-07
-1.747551397190195e-07
-1.477301027169219e-07
-1.207518882930288e-07
-9.381202485989569e-08
-6.690200713962061e-08
-4.001330438574666e-08
-1.313736577760511e-08
1.37343706211477e-08
4.06104712895531e-08
6.749949799465815e-08
9.441000065739115e-08
1.213505117194834e-07
1.483295369114728e-07
1.753555476721515e-07
2.024369716673146e-07
2.295821851825489e-07
2.567995037691294e-07
2.84097171813558e-07
3.114833525520713e-07
3.389661146012298e-07
3.665534201038357e-07
3.942531112029277e-07
4.220728943264462e-07
4.500203244604572e-07
4.78102786456719e-07
5.063274758536901e-07
5.347013780910088e-07
5.63231244464841e-07
5.919235665968e-07
6.207845473660323e-07
6.4982006927627e-07
6.790356614643478e-07
7.084364619180615e-07
7.380271756497703e-07
7.678120301907887e-07
7.977947266142915e-07
8.279783862334101e-07
8.583654920730169e-07
8.889578233375041e-07
9.197563848210731e-07
9.507613312077184e-07
9.819718838169856e-07
1.013386240133284e-06
1.045001475900189e-06
1.076813438047587e-06
1.108816630056868e-06
1.141004089196282e-06
1.173367252587561e-06
1.2058958129619e-06
1.238577566129803e-06
1.27139824862995e-06
1.304341364279283e-06
1.337388002196146e-06
1.370516646566482e-06
1.403702977109224e-06
1.436919662458007e-06
1.47013614878561e-06
1.503318446353982e-06
1.536428917567116e-06
1.569426067022197e-06
1.602264339443266e-06
1.63489393235615e-06
1.667260630788492e-06
1.699305667908701e-06
1.730965619897819e-06
1.762172347493222e-06
1.792852994831792e-06
1.822930055771589e-06
1.852321518767665e-06
1.880941108793152e-06
1.908698653016031e-06
1.935500627402784e-06
1.96125106396939e-06
1.985853402768619e-06
2.009215270405689e-06
2.031262973588993e-06
2.051989035786189e-06
2.07161318083022e-06
2.091135269427427e-06
2.114252675550295e-06
2.154083093125489e-06
2.257126843176491e-06
2.590858221284734e-06
3.776070816938049e-06
8.70544599881583e-06
3.070615584133388e-05
9.361415485245454e-05
-9.644829357878179e-05
-3.154373278476565e-05
-8.844924723439593e-06
-3.759612887065216e-06
-2.537525774096708e-06
-2.194138691024617e-06
-2.088941637634887e-06
-2.049133681643429e-06
-2.026727226494233e-06
-2.008176235835783e-06
-1.98965346845549e-06
-1.970114495294226e-06
-1.949319683870113e-06
-1.927263914022329e-06
-1.904010666505467e-06
-1.879643129819688e-06
-1.854249370514912e-06
-1.82791750027245e-06
-1.800733833114236e-06
-1.77278199512329e-06
-1.74414238130069e-06
-1.714891785476073e-06
-1.685103138729391e-06
-1.654845335610076e-06
-1.624183136063364e-06
-1.593177125627316e-06
-1.561883732848158e-06
-1.530355288292992e-06
-1.498640118704823e-06
-1.466782674742686e-06
-1.43482367269316e-06
-1.402800258815048e-06
-1.370746182478458e-06
-1.33869197263141e-06
-1.306665123400587e-06
-1.274690275175226e-06
-1.242789394666411e-06
-1.210981955248888e-06
-1.179285104851866e-06
-1.147713828104033e-06
-1.116281111454895e-06
-1.084998086660368e-06
-1.053874170679123e-06
-1.02291720377765e-06
-9.921335737780141e-07
-9.615283288592273e-07
-9.311052883608569e-07
-9.008671463781378e-07
-8.708155626273816e-07
-8.409512526486912e-07
-8.112740658614016e-07
-7.817830611195682e-07
-7.524765753163297e-07
-7.233522865500645e-07
-6.944072722106816e-07
-6.65638061589047e-07
-6.370406873751799e-07
-6.086107275871005e-07
-5.803433494201092e-07
-5.522333448242772e-07
-5.242751657936523e-07
-4.96462958116698e-07
-4.68790587627461e-07
-4.41251669865328e-07
-4.138395907136391e-07
-3.865475311056803e-07
-3.593684891974247e-07
-3.322952962480695e-07
-3.053206360464149e-07
-2.784370582807895e-07
-2.51636995550658e-07
-2.249127771397329e-07
-1.982566403430867e-07
-1.71660743897115e-07
-1.451171773329126e-07
-1.18617972877651e-07
-9.21551144034641e-08
-6.572054724249736e-08
-3.930618729400498e-08
-1.290392836753279e-08
1.349434779564023e-08
3.989676462327742e-08
6.631144068665201e-08
9.274648162911932e-08
1.192099726080893e-07
1.457099684204554e-07
1.722544853233896e-07
1.988514908040444e-07
2.255088950373594e-07
2.522345397446267e-07
2.790361871443167e-07
3.059215090902766e-07
3.328980728921244e-07
3.599733284177105e-07
3.871545929379754e-07
4.144490348123751e-07
4.418636569173638e-07
4.694052771803868e-07
4.970805085626636e-07
5.248957368053679e-07
5.528570955938206e-07
5.809704405303414e-07
6.092413193233927e-07
6.376749396690539e-07
6.662761354146708e-07
6.950493280957632e-07
7.239984852866936e-07
7.531270762505663e-07
7.824380230545657e-07
8.119336474595748e-07
8.416156126203279e-07
8.714848588288772e-07
9.015415351062232e-07
9.317849254861955e-07
9.622133679241335e-07
9.928241670040528e-07
1.023613500184473e-06
1.054576316024241e-06
1.085706225804748e-06
1.116995387494441e-06
1.148434379622804e-06
1.18001206729694e-06
1.2117154618022e-06
1.243529571422237e-06
1.275437243422374e-06
1.307418999590694e-06
1.339452865589581e-06
1.371514194212565e-06
1.403575484515103e-06
1.43560619803619e-06
1.467572576421815e-06
1.499437463182549e-06
1.531160130156154e-06
1.56269611515922e-06
1.593997076097088e-06
1.625010668392227e-06
1.655680449118515e-06
1.685945815842429e-06
1.715741990481137e-06
1.74500005820789e-06
1.773647068113107e-06
1.801606205643942e-06
1.828797052385807e-06
1.855135959355298e-06
1.880536587889225e-06
1.904910801295972e-06
1.928170506448792e-06
1.950232488292986e-06
1.971033238834603e-06
1.990577849871028e-06
2.009105926967735e-06
2.027661872347277e-06
2.050072900692597e-06
2.089885023185521e-06
2.195085810696038e-06
2.538476166563229e-06
3.76056604996716e-06
8.845875281881021e-06
3.154466658677836e-05
9.644957749580745e-05
-9.928573309948526e-05
-3.23842614886896e-05
-8.987351062505935e-06
-3.746073411599489e-06
-2.48706675372454e-06
-2.133968592965939e-06
-2.026553496627191e-06
-1.986694979004304e-06
-1.964919330543564e-06
-1.947253379779085e-06
-1.929741239692472e-06
-1.911295114016004e-06
-1.891656614990754e-06
-1.870809110095776e-06
-1.848806863535587e-06
-1.825724776258559e-06
-1.801643211641628e-06
-1.776643104942926e-06
-1.750804130947367e-06
-1.7242038337886e-06
-1.696917096154766e-06
-1.669015768558663e-06
-1.640568400492309e-06
-1.611640046635702e-06
-1.582292143870007e-06
-1.552582442398279e-06
-1.522564987600201e-06
-1.492290146186843e-06
-1.461804661695194e-06
-1.431151745387705e-06
-1.40037118590556e-06
-1.369499475931252e-06
-1.338569954184347e-06
-1.307612952087218e-06
-1.276655949523471e-06
-1.245723734993598e-06
-1.214838557325864e-06
-1.184020282540427e-06
-1.153286552944184e-06
-1.122652926720168e-06
-1.092133021042109e-06
-1.061738652912497e-06
-1.03147996786921e-06
-1.001365559703366e-06
-9.714025899716464e-07
-9.415968968800137e-07
-9.119530965160728e-07
-8.824746811774504e-07
-8.531641067171732e-07
-8.24022878291929e-07
-7.950516263587462e-07
-7.662501800968351e-07
-7.376176327509203e-07
-7.091524034100433e-07
-6.808522950407909e-07
-6.527145464325939e-07
-6.247358826938645e-07
-5.969125563096528e-07
-5.692403912128716e-07
-5.41714819483594e-07
-5.143309169097064e-07
-4.870834361934383e-07
-4.599668333294869e-07
-4.329752987068629e-07
-4.061027790308968e-07
-3.793430020644251e-07
-3.526894988663068e-07
-3.261356207406915e-07
-2.996745599268298e-07
-2.732993640710148e-07
-2.470029536428563e-07
-2.207781361443543e-07
-1.946176186930827e-07
-1.685140225930218e-07
-1.424598937847124e-07
-1.164477151964036e-07
-9.046991609947431e-08
-6.451888317807635e-08
-3.858697070194812e-08
-1.266650906188281e-08
1.325018483688205e-08
3.917080017108867e-08
6.510302086403951e-08
9.105451641207316e-08
1.170329329689046e-07
1.430458835159169e-07
1.691009389849411e-07
1.952056168416936e-07
2.213673712845777e-07
2.475935808484956e-07
2.738915374250538e-07
3.002684345375076e-07
3.267313521810426e-07
3.532872424229197e-07
3.799429131653108e-07
4.067050120615097e-07
4.335800092144452e-07
4.605741765458257e-07
4.87693566657446e-07
5.149439895901541e-07
5.423309880619902e-07
5.698598111541119e-07
5.975353834890473e-07
6.253622724885993e-07
6.533446541515226e-07
6.814862747995964e-07
7.097904099960116e-07
7.382598201249778e-07
7.66896701571275e-07
7.957026343152904e-07
8.246785247260471e-07
8.538245431782944e-07
8.831400577221709e-07
9.126235622350085e-07
9.422725981361247e-07
9.720836711267574e-07
1.0020521620351e-06
1.032172230445425e-06
1.062436712380272e-06
1.092837011031836e-06
1.123362979116074e-06
1.154002795664528e-06
1.18474283735153e-06
1.21556754169932e-06
1.24645926382042e-06
1.277398128814635e-06
1.308361880196488e-06
1.339325724738581e-06
1.370262174782782e-06
1.401140889579683e-06
1.431928521103168e-06
1.462588566054763e-06
1.493081225275883e-06
1.52336327521323e-06
1.553387957754223e-06
1.583104893368801e-06
1.612460021804043e-06
1.641395576822232e-06
1.669850104024634e-06
1.69775852969775e-06
1.725052286192345e-06
1.751659502712701e-06
1.777505274636807e-06
1.80251203610873e-06
1.82660008943583e-06
1.849688476712928e-06
1.871696809877495e-06
1.892550163847126e-06
1.912194249192691e-06
1.930645672500044e-06
1.948162797169198e-06
1.965833395268788e-06
1.987613330484186e-06
2.027475750840169e-06
2.134894342428346e-06
2.487995564881072e-06
3.747004814246366e-06
8.98827957076498e-06
3.238517258358758e-05
9.928700501745242e-05
-0.0001021250522102611
-3.322666127596831e-05
-9.13163058605444e-06
-3.734359269646344e-06
-2.438395785365289e-06
-2.075540499909617e-06
-1.965853330039161e-06
-1.925883124037556e-06
-1.904671021145156e-06
-1.887817721378919e-06
-1.871239714777808e-06
-1.853806851275533e-06
-1.835242967710262e-06
-1.815520847241403e-06
-1.794686397624623e-06
-1.772807013131019e-06
-1.749956048808988e-06
-1.726207868195642e-06
-1.70163602126029e-06
-1.676312394984848e-06
-1.650306700768324e-06
-1.623686108222803e-06
-1.596514974465273e-06
-1.568854639552441e-06
-1.540763284863941e-06
-1.512295844400554e-06
-1.483503957222371e-06
-1.454435965898719e-06
-1.425136944697282e-06
-1.395648756662313e-06
-1.366010134680715e-06
-1.336256777366233e-06
-1.306421463081548e-06
-1.276534174077744e-06
-1.246622219496844e-06
-1.216710373312773e-06
-1.186821014185193e-06
-1.156974253919673e-06
-1.127188075127222e-06
-1.097478465202374e-06
-1.067859542298924e-06
-1.038343677729562e-06
-1.008941618306768e-06
-9.796625968813314e-07
-9.505144406572592e-07
-9.215036742266693e-07
-8.926356143958017e-07
-8.639144615856147e-07
-8.353433838044386e-07
-8.069245993567039e-07
-7.786594481537679e-07
-7.50548461743972e-07
-7.225914274305129e-07
-6.947874491768585e-07
-6.671350036074079e-07
-6.396319898835524e-07
-6.122757797924744e-07
-5.850632591140857e-07
-5.579908714658243e-07
-5.310546543460965e-07
-5.042502743511573e-07
-4.775730608783286e-07
-4.510180332939151e-07
-4.245799324708637e-07
-3.982532427424931e-07
-3.720322166877851e-07
-3.459108983144673e-07
-3.198831413273701e-07
-2.939426301495509e-07
-2.680828945497435e-07
-2.422973276870535e-07
-2.165792016026783e-07
-1.90921681165208e-07
-1.653178387654953e-07
-1.397606650974477e-07
-1.142430823430166e-07
-8.875795484507177e-08
-6.329810138427036e-08
-3.78563053832775e-08
-1.24253239914847e-08
1.300210067329598e-08
3.843323261552453e-08
6.387532958637902e-08
8.933563395472774e-08
1.148213630158522e-07
1.403396985281415e-07
1.658977761905233e-07
1.915026734960081e-07
2.17161399666124e-07
2.428808825812407e-07
2.686679571638359e-07
2.945293519318679e-07
3.204716733846409e-07
3.465013911030924e-07
3.72624820979127e-07
3.988481087425781e-07
4.251772112533765e-07
4.516178751411425e-07
4.781756154654223e-07
5.048556920759752e-07
5.316630846035023e-07
5.586024651968427e-07
5.856781670274391e-07
6.128941518941872e-07
6.402539762006023e-07
6.677607528687701e-07
6.954171103989592e-07
7.232251485167067e-07
7.511863902166752e-07
7.793017308044353e-07
8.075713820411491e-07
8.359948114273374e-07
8.645706778805088e-07
8.932967623404043e-07
9.221698932017488e-07
9.511858673580899e-07
9.803393654106368e-07
1.00962386058607e-06
1.039031522810965e-06
1.068553116674919e-06
1.098177892597881e-06
1.127893473844188e-06
1.157685738752054e-06
1.187538696146793e-06
1.217434356501512e-06
1.247352600474065e-06
1.277271045124824e-06
1.307164908599047e-06
1.337006873193187e-06
1.366766949942958e-06
1.396412350052271e-06
1.425907363716658e-06
1.455213248414023e-06
1.484288129079958e-06
1.513086918408597e-06
1.54156126027429e-06
1.569659500763243e-06
1.597326691502026e-06
1.624504634088221e-06
1.651131970699859e-06
1.677144326835467e-06
1.702474513178321e-06
1.727052798422395e-06
1.750807274666123e-06
1.773664370998507e-06
1.795549703219943e-06
1.81638989328351e-06
1.836117524623457e-06
1.854686666095131e-06
1.872124511579037e-06
1.888707201816938e-06
1.905564864768113e-06
1.926780989640527e-06
1.96675485496045e-06
2.076445300364648e-06
2.439303454151003e-06
3.735269365484276e-06
9.132537509804061e-06
3.322755013744874e-05
0.0001021263126060759
-0.0001049661365179887
-3.407081871398374e-05
-9.277651874230362e-06
-3.72436215391135e-06
-2.391408691854504e-06
-2.018755274205656e-06
-1.906747830563169e-06
-1.866611294197785e-06
-1.845902471386723e-06
-1.829796794965097e-06
-1.814084012253883e-06
-1.797592498050573e-06
-1.780029170107168e-06
-1.761357044549069e-06
-1.741614437598966e-06
-1.720861938879017e-06
-1.699166527166693e-06
-1.676596551049564e-06
-1.653219917519192e-06
-1.629103262911907e-06
-1.604311460173321e-06
-1.578907262408898e-06
-1.55295103439374e-06
-1.52650054498778e-06
-1.49961081031467e-06
-1.472333990857317e-06
-1.444719325582134e-06
-1.416813105209847e-06
-1.388658677476659e-06
-1.360296476447888e-06
-1.331764080929672e-06
-1.303096287628792e-06
-1.274325191385053e-06
-1.245480290412879e-06
-1.216588594380083e-06
-1.187674730872044e-06
-1.158761065744475e-06
-1.129867822095327e-06
-1.101013196394176e-06
-1.072213475105147e-06
-1.043483151545053e-06
-1.014835034345967e-06
-9.862803580555904e-07
-9.578288866237791e-07
-9.294890117868649e-07
-9.012678472139352e-07
-8.731713189486601e-07
-8.452042518888303e-07
-8.173704473374872e-07
-7.896727612544017e-07
-7.621131729566136e-07
-7.346928525023655e-07
-7.074122220586141e-07
-6.802710146258204e-07
-6.532683281065728e-07
-6.264026739394052e-07
-5.996720269062132e-07
-5.730738656876863e-07
-5.466052153627123e-07
-5.202626830785958e-07
-4.940424938455737e-07
-4.679405245445138e-07
-4.419523306330798e-07
-4.16073177352931e-07
-3.902980624018961e-07
-3.646217415327342e-07
-3.3903875208782e-07
-3.13543431411484e-07
-2.881299379678815e-07
-2.627922669143769e-07
-2.375242692827044e-07
-2.123196680087616e-07
-1.871720721873821e-07
-1.620749919245683e-07
-1.370218503015223e-07
-1.12005997671141e-07
-8.702072286329587e-08
-6.205926586007983e-08
-3.711482821817809e-08
-1.218058350825828e-08
1.27503105330539e-08
3.768470225623919e-08
6.262943346674188e-08
8.759133010107864e-08
1.125771911227112e-07
1.375937773821233e-07
1.626477999875399e-07
1.877459081809545e-07
2.128946786853996e-07
2.381006016662024e-07
2.633700682544116e-07
2.887093558880577e-07
3.141246128676432e-07
3.39621842978162e-07
3.65206887896488e-07
3.908854100528036e-07
4.166628729486584e-07
4.425445198211753e-07
4.685353521748021e-07
4.946401055401982e-07
5.208632239910218e-07
5.472088322202676e-07
5.736807042293395e-07
6.00282231585012e-07
6.270163893220986e-07
6.538856978391511e-07
6.808921824675597e-07
7.080373299263821e-07
7.353220417328348e-07
7.627465845800776e-07
7.903105356260089e-07
8.180127236915621e-07
8.458511675735249e-07
8.738230097395645e-07
9.019244455774685e-07
9.301506484364184e-07
9.584956891301931e-07
9.869524505806795e-07
1.01551253859475e-06
1.044166187143553e-06
1.072902158081302e-06
1.101707637637606e-06
1.130568129046853e-06
1.15946734036664e-06
1.188387069476628e-06
1.217307087384764e-06
1.246205020693017e-06
1.275056234303359e-06
1.303833713648982e-06
1.332507950821455e-06
1.361046838627644e-06
1.389415572990112e-06
1.417576565607729e-06
1.445489369333748e-06
1.473110624026295e-06
1.500394025785557e-06
1.527290322410487e-06
1.553747339008676e-06
1.579710042615745e-06
1.605120648702637e-06
1.629918775360119e-06
1.654041650505742e-06
1.677424383023728e-06
1.700000317043396e-06
1.721701526520364e-06
1.742459643060493e-06
1.762207666676374e-06
1.780884987549658e-06
1.798453267637074e-06
1.814949470484534e-06
1.830666657817424e-06
1.846776434698466e-06
1.867489034705383e-06
1.907629005627756e-06
2.019639522404124e-06
2.39229562968631e-06
3.725251367710151e-06
9.278537648589884e-06
3.40716857841317e-05
0.0001049673858369516
-0.0001078088808419049
-3.491662945205548e-05
-9.425312317600435e-06
-3.71598214966696e-06
-2.346009139081742e-06
-1.963520964702172e-06
-1.849150128281712e-06
-1.808798287563362e-06
-1.788538614917826e-06
-1.773122015784996e-06
-1.758212254933383e-06
-1.742596994868345e-06
-1.725966983321387e-06
-1.708276190237022e-06
-1.689556020541658e-06
-1.669860888579042e-06
-1.649251970567409e-06
-1.627792112290265e-06
-1.605544025688478e-06
-1.582569480469911e-06
-1.558928832500712e-06
-1.53468068175967e-06
-1.509881605640157e-06
-1.484585953442091e-06
-1.458845683834022e-06
-1.432710249277295e-06
-1.406226515773844e-06
-1.379438715699505e-06
-1.352388438908008e-06
-1.325114641233588e-06
-1.29765367222492e-06
-1.270039334534487e-06
-1.242302947048701e-06
-1.214473419035323e-06
-1.186577341864709e-06
-1.158639082111299e-06
-1.130680878443819e-06
-1.102722944903412e-06
-1.07478357475301e-06
-1.046879239968643e-06
-1.019024696215102e-06
-9.912330821596594e-07
-9.635160175612927e-07
-9.35883696755222e-07
-9.083449805420023e-07
-8.80907483049406e-07
-8.535776551396435e-07
-8.263608653516799e-07
-7.992614722558259e-07
-7.722828986411108e-07
-7.45427697415741e-07
-7.186976154968586e-07
-6.920936514819169e-07
-6.656161126683981e-07
-6.39264668186598e-07
-6.13038395730107e-07
-5.869358295660021e-07
-5.609550000893584e-07
-5.350934759747871e-07
-5.093483996815351e-07
-4.837165228078953e-07
-4.58194239516328e-07
-4.327776128915436e-07
-4.074624065389136e-07
-3.822441080079169e-07
-3.571179542902759e-07
-3.320789549661955e-07
-3.071219110293852e-07
-2.822414368643259e-07
-2.574319767020836e-07
-2.32687823933203e-07
-2.080031371012877e-07
-1.8337195488805e-07
-1.587882117672889e-07
-1.342457509640211e-07
-1.097383390387647e-07
-8.52596771716788e-08
-6.080341462138677e-08
-3.636315997302212e-08
-1.193249286505005e-08
1.249502384043122e-08
3.692583385410913e-08
6.136637435086253e-08
8.582306571383551e-08
1.103022991970851e-07
1.348104257970021e-07
1.593537440118978e-07
1.839384876352931e-07
2.085708136880951e-07
2.33256787620466e-07
2.580023705094432e-07
2.828134038494621e-07
3.07695594137026e-07
3.326544963972042e-07
3.576954958990327e-07
3.828237907571762e-07
4.080443719323535e-07
4.333620020395346e-07
4.587811932700016e-07
4.843061825227544e-07
5.099409058015635e-07
5.356889702581785e-07
5.61553623428866e-07
5.875377217970627e-07
6.136436964578792e-07
6.39873515427515e-07
6.662286442787634e-07
6.927100038014752e-07
7.193179247130927e-07
7.460520991095666e-07
7.729115271479572e-07
7.998944607778561e-07
8.269983451944758e-07
8.542197557012829e-07
8.815543303807926e-07
9.089966989835512e-07
9.365404072164381e-07
9.641778376204906e-07
9.919001268393224e-07
1.019697077708495e-06
1.047557067222201e-06
1.075466952261609e-06
1.103411972414126e-06
1.131375649790594e-06
1.15933968681404e-06
1.187283862818403e-06
1.215185931678881e-06
1.243021520885323e-06
1.270764031584136e-06
1.298384544087756e-06
1.32585173140405e-06
1.3531317824178e-06
1.380188335077176e-06
1.40698242413669e-06
1.433472448134709e-06
1.459614160079953e-06
1.485360681954725e-06
1.510662547894914e-06
1.535467783549193e-06
1.55972202413258e-06
1.583368675038854e-06
1.606349119983604e-06
1.628602986014672e-06
1.650068484759734e-06
1.670682886570416e-06
1.690383326828364e-06
1.70910861034252e-06
1.726804304156424e-06
1.743438982984283e-06
1.759058658611258e-06
1.773972564595895e-06
1.789393020271411e-06
1.809656243111972e-06
1.850011310470725e-06
1.964385033301871e-06
2.346875733028965e-06
3.716850879647644e-06
9.426177349264327e-06
3.491747514406186e-05
0.0001078101195005722
-0.0001106531882011397
-3.576399722965494e-05
-9.574517167117799e-06
-3.70912685177065e-06
-2.302107840843289e-06
-1.909752106949426e-06
-1.792979201318942e-06
-1.752368052888845e-06
-1.73250879914277e-06
-1.717728454660381e-06
-1.70356545976967e-06
-1.688767429167293e-06
-1.673009596719831e-06
-1.656237521218262e-06
-1.638476301743186e-06
-1.619774742992491e-06
-1.600188737591447e-06
-1.57977609634709e-06
-1.558594751360715e-06
-1.536701968940114e-06
-1.514153894484165e-06
-1.491005228460319e-06
-1.467308968368802e-06
-1.443116205282295e-06
-1.418475957450213e-06
-1.393435045460799e-06
-1.368038008500085e-06
-1.342327040746222e-06
-1.316341959330254e-06
-1.290120205573719e-06
-1.263696855214817e-06
-1.237104650909407e-06
-1.210374052945866e-06
-1.183533297258196e-06
-1.156608464465985e-06
-1.129623559534729e-06
-1.102600593806433e-06
-1.075559669674984e-06
-1.048519072493229e-06
-1.021495358943716e-06
-9.945034481748443e-07
-9.675567100448893e-07
-9.406670542756945e-07
-9.138450151625234e-07
-8.870998357660132e-07
-8.604395472581628e-07
-8.338710453769574e-07
-8.074001665146138e-07
-7.810317557949588e-07
-7.547697363401386e-07
-7.286171710315026e-07
-7.025763234957134e-07
-6.76648713084532e-07
-6.508351697849599e-07
-6.251358853995631e-07
-5.99550457880766e-07
-5.740779378746319e-07
-5.487168678703999e-07
-5.234653237018726e-07
-4.98320948874409e-07
-4.732809889629485e-07
-4.48342325013065e-07
-4.23501500126425e-07
-3.987547508368831e-07
-3.740980303123454e-07
-3.495270336098561e-07
-3.250372210243372e-07
-3.006238377061359e-07
-2.762819359133172e-07
-2.520063915777293e-07
-2.277919235988864e-07
-2.036331103248677e-07
-1.795244056426496e-07
-1.55460154921136e-07
-1.314346082246648e-07
-1.074419349738947e-07
-8.347623597970921e-08
-5.953155804579801e-08
-3.560190556692224e-08
-1.168125273078677e-08
1.223644440621037e-08
3.615723663510077e-08
6.008716767319517e-08
8.403226333439598e-08
1.079985188580992e-07
1.31991887834277e-07
1.560182688724601e-07
1.800834929773533e-07
2.041933103002974e-07
2.283533754537549e-07
2.525692344997398e-07
2.768463089089691e-07
3.011898796844941e-07
3.256050700270869e-07
3.500968271958244e-07
3.746699050391238e-07
3.993288435245091e-07
4.240779473087275e-07
4.489212631295443e-07
4.738625550144813e-07
4.98905278954583e-07
5.240525548271276e-07
5.493071359511279e-07
5.746713779597696e-07
6.001472047494885e-07
6.25736071827565e-07
6.514389279287905e-07
6.772561736848134e-07
7.031876176381693e-07
7.292324291381161e-07
7.553890870701349e-07
7.816553262504436e-07
8.08028081745385e-07
8.345034288869671e-07
8.610765194965725e-07
8.877415148342415e-07
9.144915150039082e-07
9.413184859120136e-07
9.68213182561272e-07
9.951650676036804e-07
1.02216222744952e-06
1.049191287089883e-06
1.076237322890914e-06
1.103283773308709e-06
1.130312348143926e-06
1.157302937567388e-06
1.184233524045634e-06
1.211080096224249e-06
1.237816565109947e-06
1.264414686343998e-06
1.29084399073098e-06
1.317071725732768e-06
1.343062806419252e-06
1.368779782192488e-06
1.394182821284825e-06
1.419229718447289e-06
1.443875924412154e-06
1.468074603031805e-06
1.491776721068932e-06
1.514931173749355e-06
1.537484947872683e-06
1.559383327479791e-06
1.580570149844952e-06
1.600988132417509e-06
1.620579326715941e-06
1.6392859034207e-06
1.657051952883457e-06
1.673828653521751e-06
1.689590887937738e-06
1.704393079802655e-06
1.718559977886215e-06
1.733343951961503e-06
1.753206545365004e-06
1.793820727766573e-06
1.910596346278169e-06
2.302954453241063e-06
3.709975471183035e-06
9.5753618380878e-06
3.576482193084827e-05
0.0001106544165897264
-0.0001134989689355274
-3.661283301447884e-05
-9.725178709494834e-06
-3.70371059063286e-06
-2.259621852274338e-06
-1.857369103276118e-06
-1.738159351704457e-06
-1.697249265086612e-06
-1.677746461738661e-06
-1.663554616070991e-06
-1.650087414938579e-06
-1.636053003804418e-06
-1.621111679144655e-06
-1.60520115068083e-06
-1.588340749533763e-06
-1.570574176348674e-06
-1.551952509891698e-06
-1.532528956306118e-06
-1.512357050069591e-06
-1.491489889903767e-06
-1.469979703954618e-06
-1.447877541746496e-06
-1.425233023544274e-06
-1.402094140973792e-06
-1.378507098587554e-06
-1.354516179367159e-06
-1.33016364895176e-06
-1.305489692097072e-06
-1.280532365202678e-06
-1.255327578421783e-06
-1.229909098127329e-06
-1.204308562302785e-06
-1.178555512118179e-06
-1.152677439291682e-06
-1.126699838892004e-06
-1.100646271020353e-06
-1.07453843127323e-06
-1.048396222843334e-06
-1.022237834114699e-06
-9.960798153972631e-07
-9.699371594809121e-07
-9.438233797924061e-07
-9.177505907433782e-07
-8.917295837883842e-07
-8.657699035938974e-07
-8.398799206729321e-07
-8.140669020297984e-07
-7.883370821009638e-07
-7.626957257221391e-07
-7.371471924104254e-07
-7.116949946082122e-07
-6.863418562779863e-07
-6.610897647539344e-07
-6.359400224633804e-07
-6.108932960844706e-07
-5.859496593602493e-07
-5.611086383082563e-07
-5.363692491164271e-07
-5.117300382830064e-07
-4.87189115914123e-07
-4.62744189705942e-07
-4.383925983198067e-07
-4.141313374833998e-07
-3.899570904518811e-07
-3.658662511134547e-07
-3.418549496911035e-07
-3.179190762685483e-07
-2.940543004115323e-07
-2.702560930990776e-07
-2.465197436667481e-07
-2.228403797087106e-07
-1.992129839275809e-07
-1.756324105664072e-07
-1.520934011517089e-07
-1.28590598301795e-07
-1.051185609459816e-07
-8.16717770732319e-08
-5.824467873028301e-08
-3.483165361062067e-08
-1.142705793949081e-08
1.197477110833243e-08
3.537950297858709e-08
5.879279965044681e-08
8.222030452668044e-08
1.056676295239048e-07
1.291403435209567e-07
1.526439578876707e-07
1.761839138463e-07
1.997655685216573e-07
2.233941805284356e-07
2.470748962406557e-07
2.708127329410546e-07
2.946125626009978e-07
3.184790942806073e-07
3.42416856415739e-07
3.664301789489363e-07
3.905231722344651e-07
4.146997054957887e-07
4.389633841133567e-07
4.633175253655631e-07
4.877651332878215e-07
5.123088702651978e-07
5.369510270014418e-07
5.616934919789054e-07
5.865377182449723e-07
6.114846879664794e-07
6.365348747733021e-07
6.616882032160446e-07
6.869440064542076e-07
7.123009811738589e-07
7.377571386166009e-07
7.633097534567047e-07
7.889553106296671e-07
8.146894486443924e-07
8.405068998304834e-07
8.664014275988658e-07
8.92365760683869e-07
9.183915254982301e-07
9.444691753093632e-07
9.705879155413019e-07
9.967356278321901e-07
1.022898793327219e-06
1.049062414768271e-06
1.075209937179052e-06
1.101323167450323e-06
1.127382195364672e-06
1.153365318600998e-06
1.179248969872802e-06
1.205007647352808e-06
1.230613851339681e-06
1.256038030127907e-06
1.281248537195182e-06
1.306211597785502e-06
1.330891290799486e-06
1.355249548128351e-06
1.379246175317619e-06
1.402838893233863e-06
1.425983405619287e-06
1.448633496223417e-06
1.470741157838463e-06
1.49225675520629e-06
1.513129225685611e-06
1.533306324945097e-06
1.552734938256477e-06
1.571361514928089e-06
1.589132833102331e-06
1.605997798852898e-06
1.621912694598595e-06
1.636858172752008e-06
1.650896507523974e-06
1.664367386669339e-06
1.678562650762062e-06
1.698068597892056e-06
1.738981539718648e-06
1.858193843460859e-06
2.260448824422968e-06
3.704539450322748e-06
9.726003377971715e-06
3.661363708873087e-05
0.0001135001874201169
-0.0001163461399401665
-3.746305425043516e-05
-9.877215541069814e-06
-3.699653755420749e-06
-2.21847395312655e-06
-1.806297673138727e-06
-1.684619729923682e-06
-1.643374932980173e-06
-1.624188826230553e-06
-1.610542219495996e-06
-1.597724543795593e-06
-1.58440498281129e-06
-1.570229401661459e-06
-1.555128155822873e-06
-1.539115287799132e-06
-1.522229851028589e-06
-1.504518533098329e-06
-1.486030323707292e-06
-1.466814714350235e-06
-1.44692095291916e-06
-1.426397624249681e-06
-1.405292359203315e-06
-1.38365160235314e-06
-1.361520411442737e-06
-1.338942300135734e-06
-1.315959110871587e-06
-1.292610908475913e-06
-1.268935907870123e-06
-1.244970423867046e-06
-1.220748837864898e-06
-1.196303587121402e-06
-1.171665172497875e-06
-1.1468621743545e-06
-1.121921284627234e-06
-1.096867349060648e-06
-1.071723415632308e-06
-1.04651079159359e-06
-1.021249104187633e-06
-9.959563663979824e-07
-9.706490426554113e-07
-9.453421202380536e-07
-9.200491781632043e-07
-8.947824581850596e-07
-8.695529326909302e-07
-8.443703743024739e-07
-8.192434224267757e-07
-7.941796474269183e-07
-7.69185615880116e-07
-7.442669491619069e-07
-7.194283836203616e-07
-6.946738250499089e-07
-6.700064041258586e-07
-6.45428524915416e-07
-6.209419138021955e-07
-5.965476670432383e-07
-5.72246291897613e-07
-5.480377497413293e-07
-5.239214922875026e-07
-4.998965008570789e-07
-4.759613191055422e-07
-4.521140861104244e-07
-4.283525688444666e-07
-4.046741877088693e-07
-3.81076046545005e-07
-3.575549558606918e-07
-3.341074585802156e-07
-3.107298531311051e-07
-2.874182128861186e-07
-2.641684081297508e-07
-2.409761236765131e-07
-2.178368790844088e-07
-1.947460452441204e-07
-1.716988608806682e-07
-1.486904484976293e-07
-1.257158291293153e-07
-1.027699378618366e-07
-7.984763670699941e-08
-5.694372961499449e-08
-3.405297442305741e-08
-1.117009688216318e-08
1.171019676446346e-08
3.459320677648634e-08
5.748422616360041e-08
8.038852884646791e-08
1.033113562510561e-07
1.262579051429585e-07
1.492333127354242e-07
1.722426444146317e-07
1.952908789617326e-07
2.183828940139949e-07
2.415234513486887e-07
2.647171800333487e-07
2.879685602259598e-07
3.112819053241547e-07
3.346613443137988e-07
3.581108032252579e-07
3.816339839819399e-07
4.052343432200343e-07
4.289150695406243e-07
4.526790595382782e-07
4.765288926288297e-07
5.004668027374176e-07
5.244946492026682e-07
5.486138868999595e-07
5.728255337592939e-07
5.971301364082306e-07
6.215277333317186e-07
6.460178155648294e-07
6.705992863251491e-07
6.952704178817673e-07
7.200288047901467e-07
7.448713152985341e-07
7.697940408690127e-07
7.947922428962531e-07
8.198602969226836e-07
8.44991634188354e-07
8.701786805241564e-07
8.954127936505349e-07
9.206841982224478e-07
9.459819181529238e-07
9.712937079711121e-07
9.966059837932198e-07
1.021903753927676e-06
1.047170548945858e-06
1.072388350971678e-06
1.097537525896758e-06
1.122596759874851e-06
1.147542998303795e-06
1.172351388767337e-06
1.196995230326964e-06
1.221445933227418e-06
1.245672989039025e-06
1.269643950932931e-06
1.293324427329893e-06
1.316678093901936e-06
1.339666724187338e-06
1.362250241044815e-06
1.384386791251388e-06
1.406032847495671e-06
1.427143337787278e-06
1.447671806205029e-06
1.467570606977267e-06
1.486791139234777e-06
1.505284141789814e-06
1.523000108404548e-06
1.539890034418029e-06
1.555907217046197e-06
1.571012588063266e-06
1.585192090611417e-06
1.598515353318011e-06
1.611336496701936e-06
1.624986324753131e-06
1.64417539310344e-06
1.685422878960581e-06
1.807103224528941e-06
2.219281605320195e-06
3.700463184627094e-06
9.878020544595806e-06
3.746383803948e-05
0.000116347348864078
-0.0001191946239942979
-3.831458419939155e-05
-1.003055193827857e-05
-3.696882195041942e-06
-2.178592094637051e-06
-1.756468358955823e-06
-1.63229390953937e-06
-1.590682044211897e-06
-1.571776618236211e-06
-1.558635991896168e-06
-1.546425773666379e-06
-1.533776627312456e-06
-1.520320433349311e-06
-1.505980635257713e-06
-1.490766411567051e-06
-1.474712573879868e-06
-1.45786180335573e-06
-1.440259231035733e-06
-1.421950628056102e-06
-1.402981679693446e-06
-1.383397589627943e-06
-1.363242796375524e-06
-1.34256075533326e-06
-1.321393751994869e-06
-1.299782741121636e-06
-1.277767222488252e-06
-1.255385136879941e-06
-1.232672782879425e-06
-1.209664761025729e-06
-1.186393936204452e-06
-1.162891414023854e-06
-1.139186537778549e-06
-1.115306895205458e-06
-1.091278338196464e-06
-1.067125013793191e-06
-1.042869402022003e-06
-1.01853236082615e-06
-9.941331759090695e-07
-9.696896172513741e-07
-9.45217995005432e-07
-9.207332211075865e-07
-8.962488695988585e-07
-8.717772398506212e-07
-8.473294170994558e-07
-8.229153353900629e-07
-7.985438379183565e-07
-7.742227350387535e-07
-7.499588644394887e-07
-7.257581458643516e-07
-7.016256370671395e-07
-6.775655837682872e-07
-6.535814719600812e-07
-6.296760739032324e-07
-6.058514944240856e-07
-5.821092162226987e-07
-5.58450138799379e-07
-5.348746196757672e-07
-5.113825093859946e-07
-4.879731899097716e-07
-4.646456062969162e-07
-4.413982982594114e-07
-4.182294317885267e-07
-3.951368246385422e-07
-3.721179760114148e-07
-3.491700892723389e-07
-3.262900971021899e-07
-3.03474684325568e-07
-2.80720307692343e-07
-2.580232179157239e-07
-2.353794773684047e-07
-2.127849800282936e-07
-1.902354679872247e-07
-1.677265485376047e-07
-1.452537103322367e-07
-1.228123385391016e-07
-1.003977301635699e-07
-7.800510715179379e-08
-5.562963179584176e-08
-3.326641920912649e-08
-1.091055198556891e-08
1.144290740612503e-08
3.379890314462219e-08
5.616237238140623e-08
7.853823235799938e-08
1.009313669303987e-07
1.233466140163132e-07
1.457887506768192e-07
1.682624807990934e-07
1.907724194536367e-07
2.133230781947752e-07
2.35918849735911e-07
2.585639915715983e-07
2.812626096899049e-07
3.040186402824442e-07
3.268358320112229e-07
3.497177269921742e-07
3.726676402035549e-07
3.956886387419462e-07
4.187835188060144e-07
4.419547818164145e-07
4.652046093385014e-07
4.885348355371594e-07
5.119469192654461e-07
5.354419146758858e-07
5.590204392230477e-07
5.826826403349866e-07
6.064281597940441e-07
6.302560962728613e-07
6.541649668928124e-07
6.78152665604254e-07
7.022164184184407e-07
7.263527376636731e-07
7.505573747425836e-07
7.748252702392056e-07
7.991505015450435e-07
8.235262283285221e-07
8.479446362752479e-07
8.723968794467203e-07
8.968730208949771e-07
9.213619716656774e-07
9.458514287693166e-07
9.703278131757803e-07
9.947762085820731e-07
1.019180300115901e-06
1.043522312849699e-06
1.06778295400557e-06
1.091941359268262e-06
1.115975042560585e-06
1.139859850031764e-06
1.163569920660023e-06
1.187077657959239e-06
1.210353710693262e-06
1.233366964643413e-06
1.256084545958653e-06
1.278471843379416e-06
1.300492546885176e-06
1.322108706265972e-06
1.343280810126843e-06
1.363967890320644e-06
1.384127650197551e-06
1.403716621444109e-06
1.422690350610205e-06
1.44100362218687e-06
1.45861073709245e-06
1.475465908790711e-06
1.491523994260871e-06
1.506742298540065e-06
1.521085995445449e-06
1.534545892131705e-06
1.547198531849896e-06
1.559412022296276e-06
1.572555686438795e-06
1.591463903401293e-06
1.633078302187038e-06
1.757255014964716e-06
2.179380729675832e-06
3.697672503641247e-06
1.003133759203768e-05
3.83153480235366e-05
0.0001191958236803232
-0.0001220443491757971
-3.916735136239764e-05
-1.018511729322151e-05
-3.695326691287997e-06
-2.139908916693314e-06
-1.707816090773578e-06
-1.581119503143914e-06
-1.539111242167323e-06
-1.520453808446862e-06
-1.507783470929114e-06
-1.496142395959025e-06
-1.48412311971924e-06
-1.47134392936273e-06
-1.457721744366548e-06
-1.443261261213127e-06
-1.427993417630241e-06
-1.411957232053279e-06
-1.395194297277363e-06
-1.377746965747475e-06
-1.359657629989629e-06
-1.340968349992905e-06
-1.321720587423768e-06
-1.301954992372907e-06
-1.281711230506636e-06
-1.261027829491761e-06
-1.239942050643368e-06
-1.218489787501726e-06
-1.196705482007054e-06
-1.174622060628509e-06
-1.152270891554939e-06
-1.129681754337118e-06
-1.106882826957935e-06
-1.083900684400487e-06
-1.060760309369236e-06
-1.037485112392988e-06
-1.014096959894118e-06
-9.906162099195543e-07
-9.670617525363069e-07
-9.434510571742551e-07
-9.198002195345837e-07
-8.961240145182429e-07
-8.724359490438034e-07
-8.48748318384152e-07
-8.250722593859943e-07
-8.014178065409616e-07
-7.777939468910792e-07
-7.542086730233278e-07
-7.306690380672003e-07
-7.071812059951288e-07
-6.837505034649768e-07
-6.603814657713483e-07
-6.370778863349905e-07
-6.138428601880806e-07
-5.906788271589039e-07
-5.675876145638521e-07
-5.445704743963696e-07
-5.216281231310136e-07
-4.987607752161648e-07
-4.759681799225355e-07
-4.532496517063504e-07
-4.30604100740556e-07
-4.080300638992202e-07
-3.855257299243515e-07
-3.630889682682197e-07
-3.407173510324067e-07
-3.184081777754338e-07
-2.961584983710349e-07
-2.739651330094809e-07
-2.518246937231049e-07
-2.297336018591835e-07
-2.076881079685595e-07
-1.856843086235866e-07
-1.637181639885314e-07
-1.417855136902145e-07
-1.198820920180121e-07
-9.80035430741358e-08
-7.614543463272245e-08
-5.430327393937272e-08
-3.247252024977007e-08
-1.064859961478428e-08
1.117308282423493e-08
3.299712844568464e-08
5.482813149680771e-08
7.667066548308888e-08
9.852927026386012e-08
1.204084389321689e-07
1.42312602732359e-07
1.642461181802777e-07
1.86213251168306e-07
2.082181625131554e-07
2.302648921192266e-07
2.523573428830879e-07
2.744992640094276e-07
2.966942326079542e-07
3.189456362085948e-07
3.412566534807895e-07
3.636302341569245e-07
3.860690783633383e-07
4.085756135320237e-07
4.31151970979462e-07
4.537999611700793e-07
4.765210470189709e-07
4.993163169301351e-07
5.221864558209435e-07
5.451317140094073e-07
5.681518750670228e-07
5.912462214922239e-07
6.144134990990282e-07
6.376518804305811e-07
6.609589246697739e-07
6.843315349751537e-07
7.077659156285112e-07
7.31257528116871e-07
7.548010446393362e-07
7.783902988366285e-07
8.02018234817906e-07
8.256768557311683e-07
8.493571713795578e-07
8.730491442632781e-07
8.967416342882533e-07
9.204223428744619e-07
9.440777576891438e-07
9.676930992147592e-07
9.912522672322136e-07
1.014737787824341e-06
1.038130764218743e-06
1.061410831808595e-06
1.084556117828343e-06
1.107543204976634e-06
1.130347102158272e-06
1.152941225997726e-06
1.175297390604429e-06
1.197385808351829e-06
1.219175102059183e-06
1.240632334659329e-06
1.261723054432127e-06
1.282411358185788e-06
1.302659972867552e-06
1.322430360228642e-06
1.341682843326732e-06
1.360376757919096e-06
1.378470630703462e-06
1.395922390090693e-06
1.412689629172541e-06
1.428729983550346e-06
1.444001848366807e-06
1.458466190499813e-06
1.472092060607931e-06
1.484874749493742e-06
1.496897324594733e-06
1.50854148745018e-06
1.521214690394244e-06
1.539874756664112e-06
1.581885406310725e-06
1.70858412717432e-06
2.14067881855205e-06
3.696098171099674e-06
1.018588389492358e-05
3.916809552213187e-05
0.0001220455399257684
-0.0001248952483389
-4.002128897036573e-05
-1.034084562771146e-05
-3.694922493016516e-06
-2.102361310406539e-06
-1.660279791459177e-06
-1.531037818533467e-06
-1.488606529345959e-06
-1.470167362901908e-06
-1.457934814017178e-06
-1.446827936975932e-06
-1.435401481635889e-06
-1.423260491009571e-06
-1.410315708913021e-06
-1.396567686492443e-06
-1.38204381413721e-06
-1.366779763947196e-06
-1.35081388244865e-06
-1.33418537359929e-06
-1.316933590106006e-06
-1.299097671329289e-06
-1.280716299622784e-06
-1.261827498372768e-06
-1.242468463265997e-06
-1.222675418940654e-06
-1.202483493955434e-06
-1.18192661777582e-06
-1.16103743780241e-06
-1.139847252109255e-06
-1.11838596057662e-06
-1.096682030112431e-06
-1.07476247526944e-06
-1.052652848397276e-06
-1.030377242411652e-06
-1.007958302799273e-06
-9.854172473520173e-07
-9.627738936682389e-07
-9.400466908131551e-07
-9.172527583013595e-07
-8.944079254600235e-07
-8.715267769623476e-07
-8.486226982770881e-07
-8.257079252915782e-07
-8.027935908952918e-07
-7.798897750330387e-07
-7.570055547237587e-07
-7.341490521401873e-07
-7.113274841932134e-07
-6.88547208463713e-07
-6.658137717502749e-07
-6.431319524385312e-07
-6.205058066677114e-07
-5.979387089121932e-07
-5.754333923419258e-07
-5.529919893032655e-07
-5.306160669044587e-07
-5.083066651088938e-07
-4.860643282208562e-07
-4.638891400943619e-07
-4.417807536935859e-07
-4.197384208286978e-07
-3.977610220245071e-07
-3.758470908277764e-07
-3.539948417722927e-07
-3.322021919879601e-07
-3.104667858612721e-07
-2.887860174331575e-07
-2.67157050134813e-07
-2.455768377655582e-07
-2.240421420987144e-07
-2.025495529017524e-07
-1.81095504738019e-07
-1.596762945331573e-07
-1.3828809703242e-07
-1.169269803172038e-07
-9.558892102763012e-08
-7.426981882965341e-08
-5.296551206374232e-08
-3.167179030800684e-08
-1.038440925060989e-08
1.090089671616907e-08
3.218839935094298e-08
5.348236323150915e-08
7.478703176887899e-08
9.610661488083395e-08
1.174452748791003e-07
1.388071113783936e-07
1.601961477581958e-07
1.8161631576093e-07
2.030714412452414e-07
2.245652277050301e-07
2.461012402113237e-07
2.676828883849579e-07
2.893134084987063e-07
3.109958463359828e-07
3.327330376470836e-07
3.545275882500123e-07
3.763818533094854e-07
3.982979147251693e-07
4.202775585551083e-07
4.423222506478188e-07
4.644331105415064e-07
4.866108850888309e-07
5.088559202372435e-07
5.311681314044459e-07
5.535469726439445e-07
5.759914033096568e-07
5.984998539607695e-07
6.21070191657959e-07
6.436996818647285e-07
6.663849482643634e-07
6.891219325656147e-07
7.119058532860225e-07
7.347311624702035e-07
7.575914999839399e-07
7.804796462266059e-07
8.033874749468225e-07
8.263059057981206e-07
8.492248556536669e-07
8.721331884468588e-07
8.950186649507627e-07
9.178678942725965e-07
9.406662874255927e-07
9.633980106154075e-07
9.860459399101859e-07
1.008591619740655e-06
1.03101522608476e-06
1.053295534795652e-06
1.075409893512218e-06
1.097334201280618e-06
1.119042897847003e-06
1.140508961578865e-06
1.161703917149896e-06
1.18259785562632e-06
1.203159469198857e-06
1.223356101498724e-06
1.243153813350966e-06
1.262517466005361e-06
1.281410824375333e-06
1.299796680856833e-06
1.317637000644626e-06
1.33489309078272e-06
1.351525798531356e-06
1.367495759604339e-06
1.382763759523561e-06
1.397291437842616e-06
1.411043110749055e-06
1.423991377865323e-06
1.43613567428568e-06
1.447565245130378e-06
1.458675037770008e-06
1.470910291302342e-06
1.489351941118479e-06
1.531785482835267e-06
1.661029468426003e-06
2.103112747287412e-06
3.695675417684071e-06
1.034159345558494e-05
4.00220137480455e-05
0.0001248964304378758
-0.0001277472586626308
-4.08763345325029e-05
-1.049767514869414e-05
-3.69560889747957e-06
-2.065890035516602e-06
-1.613802025585823e-06
-1.481993540774715e-06
-1.439114997835356e-06
-1.420867026571706e-06
-1.409042622162773e-06
-1.398438020486008e-06
-1.387570488999234e-06
-1.37603213134336e-06
-1.363727823380793e-06
-1.350654277134289e-06
-1.336835627139539e-06
-1.322304481150065e-06
-1.307096209895712e-06
-1.291247114785163e-06
-1.27479373725852e-06
-1.257772508526991e-06
-1.240219517615416e-06
-1.222170325596251e-06
-1.203659804069698e-06
-1.184721997301011e-06
-1.165390003847301e-06
-1.145695874123175e-06
-1.125670526433554e-06
-1.105343679378294e-06
-1.084743799769873e-06
-1.063898062949217e-06
-1.042832328247265e-06
-1.021571122905518e-06
-1.000137638280753e-06
-9.78553735186379e-07
-9.568399563086128e-07
-9.350155460925177e-07
-9.130984749590177e-07
-8.911054713776597e-07
-8.690520545036885e-07
-8.469525727070426e-07
-8.248202419209909e-07
-8.026671893452243e-07
-7.805044946625886e-07
-7.583422343761653e-07
-7.361895266122154e-07
-7.140545745165074e-07
-6.919447111367279e-07
-6.698664413882782e-07
-6.478254874475859e-07
-6.258268273424775e-07
-6.038747375474821e-07
-5.819728310317797e-07
-5.601240953284941e-07
-5.38330930776612e-07
-5.165951839568689e-07
-4.949181838730486e-07
-4.733007717629305e-07
-4.517433349445551e-07
-4.302458354971381e-07
-4.088078388322121e-07
-3.874285421693519e-07
-3.66106798043294e-07
-3.448411417324395e-07
-3.236298125615558e-07
-3.024707779845994e-07
-2.813617551855346e-07
-2.60300230557817e-07
-2.39283480468589e-07
-2.183085890933049e-07
-1.97372468204425e-07
-1.764718735275237e-07
-1.556034221898721e-07
-1.347636081709061e-07
-1.13948818313527e-07
-9.315534731389943e-08
-7.23794123876393e-08
-5.161716854408629e-08
-3.086472163200082e-08
-1.011814334406388e-08
1.062651594227488e-08
3.137321191366114e-08
5.212589331872853e-08
7.288848752726675e-08
9.366488838762932e-08
1.144589412503845e-07
1.352744284165833e-07
1.5611505496185e-07
1.76984433975157e-07
1.978860719510223e-07
2.188233520280995e-07
2.397995181097658e-07
2.608176577823295e-07
2.818806850101547e-07
3.02991322967678e-07
3.241520844047976e-07
3.453652520229663e-07
3.666328579818983e-07
3.879566618897274e-07
4.093381289388203e-07
4.307784058875711e-07
4.522782956280481e-07
4.738382315456105e-07
4.954582502471828e-07
5.171379635223742e-07
5.38876528645509e-07
5.6067261599994e-07
5.825243766708261e-07
6.044294095441125e-07
6.263847253088058e-07
6.483867089070043e-07
6.704310819161326e-07
6.925128635924615e-07
7.146263305214207e-07
7.367649748594294e-07
7.589214610152324e-07
7.810875820506708e-07
8.032542164707536e-07
8.254112845121208e-07
8.475477033280282e-07
8.696513419214127e-07
8.917089789448087e-07
9.137062624001868e-07
9.356276690573696e-07
9.574564658990479e-07
9.791746756229584e-07
1.000763047515347e-06
1.022201033014712e-06
1.043466764703204e-06
1.064537043429773e-06
1.08538733402518e-06
1.105991770490907e-06
1.126323169149295e-06
1.146353054994651e-06
1.166051700071909e-06
1.185388177111979e-06
1.204330426720749e-06
1.222845341180777e-06
1.240898865578654e-06
1.258456117404027e-06
1.275481525546287e-06
1.29193898986502e-06
1.307792067479674e-06
1.32300420665952e-06
1.337539093790492e-06
1.351361346329454e-06
1.364438347383508e-06
1.376745950807883e-06
1.388287432817239e-06
1.399157908646926e-06
1.40976526356605e-06
1.421592220831701e-06
1.439842536494708e-06
1.482723205642376e-06
1.614533589322147e-06
2.066623259390893e-06
3.696343526001566e-06
1.049840446684675e-05
4.087704019432371e-05
0.0001277484323769432
-0.0001306003212365315
-4.173242943606783e-05
-1.065554786765027e-05
-3.69732888488933e-06
-2.030439371188188e-06
-1.568328684615428e-06
-1.433934458057018e-06
-1.390586585339441e-06
-1.372505111658847e-06
-1.361061775503652e-06
-1.350930248852865e-06
-1.340590585361401e-06
-1.329622223771669e-06
-1.317924442229607e-06
-1.305490386264466e-06
-1.292341201971815e-06
-1.278506683726067e-06
-1.264019469200892e-06
-1.248913187696816e-06
-1.233221778647552e-06
-1.216979158797438e-06
-1.20021900036146e-06
-1.182974557200642e-06
-1.16527851469963e-06
-1.14716285694307e-06
-1.128658752789364e-06
-1.109796457179446e-06
-1.090605227657879e-06
-1.071113256210499e-06
-1.051347615397307e-06
-1.031334215004483e-06
-1.011097773408267e-06
-9.906617971385895e-07
-9.700485716944304e-07
-9.492791606342674e-07
-9.283734117360618e-07
-9.07349970849955e-07
-8.862262999341267e-07
-8.650187026048745e-07
-8.437423504700413e-07
-8.224113154583142e-07
-8.010386021561622e-07
-7.796361862002484e-07
-7.582150505239678e-07
-7.367852240961437e-07
-7.153558216185865e-07
-6.939350830426645e-07
-6.72530414427496e-07
-6.511484257513275e-07
-6.29794972850356e-07
-6.084751925567001e-07
-5.87193542168901e-07
-5.659538352173239e-07
-5.447592771631118e-07
-5.236125010625972e-07
-5.025155987186471e-07
-4.814701553056539e-07
-4.604772779154966e-07
-4.395376277996231e-07
-4.186514476207995e-07
-3.978185888534473e-07
-3.770385391805726e-07
-3.563104454014265e-07
-3.356331401195279e-07
-3.150051623250676e-07
-2.944247807345857e-07
-2.738900148319917e-07
-2.533986543223242e-07
-2.32948279530002e-07
-2.125362791047946e-07
-1.921598692783415e-07
-1.718161099288462e-07
-1.515019221159435e-07
-1.312141034967969e-07
-1.109493446185743e-07
-9.070424337564471e-08
-7.047531981114609e-08
-5.025903122857086e-08
-3.005178588499842e-08
-9.849957868721886e-09
1.035010008745328e-08
3.055204159280681e-08
5.075951353598608e-08
7.097614116843569e-08
9.12055159857306e-08
1.114511804125735e-07
1.317166140621475e-07
1.52005218852794e-07
1.723203045677639e-07
1.926650737165615e-07
2.13042605052739e-07
2.334558381013274e-07
2.539075561379284e-07
2.744003691779491e-07
2.949366964700078e-07
3.1551874721142e-07
3.361485015755563e-07
3.568276904741279e-07
3.775577741416955e-07
3.983399205716338e-07
4.191749819793165e-07
4.400634704325216e-07
4.61005533145542e-07
4.820009262621316e-07
5.030489880251468e-07
5.241486099205974e-07
5.452982056664691e-07
5.664956808299472e-07
5.877384017603489e-07
6.090231613728755e-07
6.303461438467635e-07
6.517028896839043e-07
6.730882594630121e-07
6.944963961891079e-07
7.159206869358944e-07
7.373537234485376e-07
7.587872620621712e-07
7.802121843229665e-07
8.016184579477414e-07
8.229950969805921e-07
8.443301218766703e-07
8.656105227350385e-07
8.868222242081047e-07
9.079500508733095e-07
9.289776946671555e-07
9.498876866675388e-07
9.706613749025205e-07
9.912789058679959e-07
1.011719209737312e-06
1.031959993727077e-06
1.05197774336861e-06
1.07174773361209e-06
1.091244046694167e-06
1.110439602611045e-06
1.129306200609304e-06
1.147814574441565e-06
1.165934460542932e-06
1.183634680911437e-06
1.200883241986433e-06
1.217647448732378e-06
1.233894037047252e-06
1.249589324140685e-06
1.264699383312831e-06
1.279190264125781e-06
1.29302832590916e-06
1.306180921844415e-06
1.318618247047425e-06
1.330319144605912e-06
1.341290460593322e-06
1.351632906711509e-06
1.361767033585755e-06
1.37321278095035e-06
1.391296468256316e-06
1.434646348019922e-06
1.569042367227303e-06
2.031154620971549e-06
3.69804546076945e-06
1.065625892334947e-05
4.173311623328731e-05
0.0001306014868196934
-0.0001334543807100265
-4.258951859177267e-05
-1.081440924888271e-05
-3.7000287861722e-06
-1.995956810580932e-06
-1.52380870021419e-06
-1.386811198618379e-06
-1.342973850496239e-06
-1.325036310061865e-06
-1.313949274843085e-06
-1.304264080101362e-06
-1.294423798568669e-06
-1.283995449221724e-06
-1.27287295822008e-06
-1.261046143573485e-06
-1.248533402396372e-06
-1.235361947296328e-06
-1.221561900899931e-06
-1.207164429606696e-06
-1.192201065759975e-06
-1.176703389256393e-06
-1.160702819678025e-06
-1.144230451646015e-06
-1.127316914253724e-06
-1.109992245650877e-06
-1.0922857835748e-06
-1.074226070509994e-06
-1.055840772006332e-06
-1.03715660819509e-06
-1.018199298893511e-06
-9.989935184200245e-07
-9.795628639575864e-07
-9.599298312498985e-07
-9.40115800891318e-07
-9.201410324768683e-07
-9.000246657080591e-07
-8.797847291936213e-07
-8.594381528975156e-07
-8.39000787605318e-07
-8.184874257469854e-07
-7.979118288175345e-07
-7.772867543529929e-07
-7.566239889706849e-07
-7.35934379891749e-07
-7.152278689336543e-07
-6.945135276319489e-07
-6.737995931441981e-07
-6.530935052253912e-07
-6.324019397523082e-07
-6.117308475017443e-07
-5.910854864840122e-07
-5.704704584910466e-07
-5.498897421914177e-07
-5.293467263645866e-07
-5.088442432175065e-07
-4.883845975552272e-07
-4.679695999235503e-07
-4.476005936930552e-07
-4.272784854364527e-07
-4.070037707656978e-07
-3.867765608165469e-07
-3.665966087075343e-07
-3.464633316759808e-07
-3.263758366096756e-07
-3.063329398239062e-07
-2.863331899805795e-07
-2.663748887469533e-07
-2.464561100544368e-07
-2.265747196796852e-07
-2.067283926490381e-07
-1.869146321655643e-07
-1.671307856532255e-07
-1.473740622129249e-07
-1.2764154767141e-07
-1.079302208472927e-07
-8.823696774839156e-08
-6.855859675620399e-08
-4.889185339290632e-08
-2.923343445424927e-08
-9.58000236070338e-09
1.007180179703308e-08
2.972534348072562e-08
4.938398133403581e-08
6.905105234215417e-08
8.872985966675272e-08
1.084236572760831e-07
1.281356366844395e-07
1.478689114747269e-07
1.676265032350815e-07
1.874113260347291e-07
2.072261704547387e-07
2.270736884116433e-07
2.469563761656518e-07
2.668765576324014e-07
2.868363666354482e-07
3.068377282583696e-07
3.268823404912599e-07
3.469716541508517e-07
3.671068521361194e-07
3.872888281711573e-07
4.075181639478785e-07
4.277951059298541e-07
4.481195414412762e-07
4.684909736819685e-07
4.889084960091357e-07
5.093707637701088e-07
5.298759648876382e-07
5.504217915661766e-07
5.710054110322749e-07
5.916234331219644e-07
6.122718769614243e-07
6.329461383526696e-07
6.536409565795548e-07
6.743503797427066e-07
6.950677291776977e-07
7.157855632408114e-07
7.364956410836087e-07
7.5718888702672e-07
7.778553558924636e-07
7.984841974288649e-07
8.190636213737539e-07
8.395808652847563e-07
8.600221642002358e-07
8.80372721631789e-07
9.006166823607795e-07
9.207371098877586e-07
9.407159699277834e-07
9.605341170156902e-07
9.801712853356197e-07
9.996060872424825e-07
1.018816019492253e-06
1.037777478457041e-06
1.056465782352235e-06
1.07485520396598e-06
1.09291901495738e-06
1.110629541586593e-06
1.127958233223164e-06
1.144875743213548e-06
1.161352024887057e-06
1.17735643997933e-06
1.192857883984651e-06
1.207824927842389e-06
1.222225981813276e-06
1.236029502850514e-06
1.249204315009875e-06
1.261720286726974e-06
1.273550194931348e-06
1.284675633872705e-06
1.295106776582978e-06
1.304949687013561e-06
1.314637339182692e-06
1.325726652644008e-06
1.34366628278372e-06
1.387505526404068e-06
1.524504721169095e-06
1.996654310840258e-06
3.700727538628055e-06
1.081510227572702e-05
4.259018676026797e-05
0.0001334555383980686
-0.0001363093849609017
-4.344755011438653e-05
-1.097420790377174e-05
-3.703657985727986e-06
-1.96239277875561e-06
-1.480193789096924e-06
-1.340577000698104e-06
-1.296231765245074e-06
-1.278417516991816e-06
-1.267664097571565e-06
-1.258400709686802e-06
-1.249033654840905e-06
-1.239117744972115e-06
-1.228541774756023e-06
-1.217292452047824e-06
-1.205385637243358e-06
-1.192846171289006e-06
-1.179701861666059e-06
-1.165981600384184e-06
-1.151714692118017e-06
-1.136930545959152e-06
-1.121658480468791e-06
-1.105927569239648e-06
-1.089766508529337e-06
-1.073203499587595e-06
-1.05626614459622e-06
-1.038981355084251e-06
-1.021375272533518e-06
-1.003473200798771e-06
-9.852995511281473e-07
-9.668777957804136e-07
-9.482304340388692e-07
-9.293789647620884e-07
-9.103438694031861e-07
-8.911446024266505e-07
-8.717995880032892e-07
-8.523262241278719e-07
-8.327408902725143e-07
-8.130589619108336e-07
-7.932948265340721e-07
-7.734619067191729e-07
-7.535726821091061e-07
-7.336387173890374e-07
-7.136706897392064e-07
-6.936784189185519e-07
-6.736708980047888e-07
-6.536563254841689e-07
-6.336421386549729e-07
-6.136350434587339e-07
-5.936410503511698e-07
-5.736655040343282e-07
-5.537131169471582e-07
-5.337879995247849e-07
-5.138936912743953e-07
-4.940331922091353e-07
-4.742089900753929e-07
-4.544230915649609e-07
-4.346770478437451e-07
-4.149719833350682e-07
-3.953086203778602e-07
-3.756873047474333e-07
-3.561080309080323e-07
-3.365704631225433e-07
-3.170739599546514e-07
-2.976175935109669e-07
-2.782001719502068e-07
-2.588202595223135e-07
-2.39476195378861e-07
-2.201661122858734e-07
-2.008879538639558e-07
-1.816394932925421e-07
-1.624183492969827e-07
-1.432220031021163e-07
-1.240478130303047e-07
-1.048930307809536e-07
-8.575481567084429e-08
-6.663025016321188e-08
-4.751635393202692e-08
-2.84100981319471e-08
-9.308419277747468e-09
9.7917670735143e-09
2.889355193870383e-08
4.800001921605604e-08
6.711423166992413e-08
8.623921837154197e-08
1.053779593475544e-07
1.245333723062509e-07
1.437082971355341e-07
1.629054822759478e-07
1.821275690358054e-07
2.013770760478926e-07
2.206563840994657e-07
2.39967719320487e-07
2.593131370102794e-07
2.786945039097556e-07
2.981134802480923e-07
3.17571501726852e-07
3.370697595746636e-07
3.566091805854376e-07
3.761904064333123e-07
3.958137716900177e-07
4.154792816942602e-07
4.351865892269894e-07
4.549349706678813e-07
4.747233015675395e-07
4.945500294064518e-07
5.144131458669596e-07
5.343101603672403e-07
5.542380721850039e-07
5.741933401793176e-07
5.941718518029159e-07
6.141688923424942e-07
6.341791143337434e-07
6.54196506242856e-07
6.742143596006599e-07
6.942252351899449e-07
7.142209304542718e-07
7.341924482595124e-07
7.541299658713453e-07
7.740228029615927e-07
7.938593911842827e-07
8.1362724631517e-07
8.333129424354789e-07
8.529020878042318e-07
8.72379302482073e-07
8.917282008385064e-07
9.109313795861531e-07
9.299704089029433e-07
9.488258282887219e-07
9.674771492232436e-07
9.859028658304223e-07
1.00408047267167e-06
1.021986490630707e-06
1.039596501163195e-06
1.05688519243337e-06
1.07382641512266e-06
1.090393250233984e-06
1.106558087542127e-06
1.12229271761007e-06
1.137568435239633e-06
1.152356157498707e-06
1.166626556976286e-06
1.180350215154426e-06
1.193497818046304e-06
1.206040464545921e-06
1.217950337815377e-06
1.229202588319637e-06
1.239781347640825e-06
1.249699898205448e-06
1.259069437861679e-06
1.268335148392608e-06
1.279090719621372e-06
1.296906942044738e-06
1.341253968384494e-06
1.480872355238251e-06
1.96307274217983e-06
3.704339132446543e-06
1.097488312195632e-05
4.344819987631995e-05
0.0001363105349775878
-0.0001391652848143654
-4.430647503979151e-05
-1.113489531418507e-05
-3.708168660705674e-06
-1.929700384963965e-06
-1.437438220618921e-06
-1.295187505208438e-06
-1.250317530450362e-06
-1.232607665931073e-06
-1.222167062049443e-06
-1.213302965173917e-06
-1.204385094654113e-06
-1.194956246006444e-06
-1.184900276295139e-06
-1.174200980526463e-06
-1.162871874455491e-06
-1.150935614694338e-06
-1.138417876273104e-06
-1.125345450088387e-06
-1.111745576777851e-06
-1.097645648087226e-06
-1.083073022475421e-06
-1.068054881325228e-06
-1.052618105019139e-06
-1.036789161990595e-06
-1.020594010111801e-06
-1.00405800896451e-06
-9.87205843185919e-07
-9.700614565416392e-07
-9.526479972092062e-07
-9.34987770637007e-07
-9.171022040991978e-07
-8.990118171558244e-07
-8.807362022142361e-07
-8.62294011806001e-07
-8.437029513617924e-07
-8.249797793378654e-07
-8.061403111815985e-07
-7.87199429753166e-07
-7.681710967925014e-07
-7.490683718451821e-07
-7.299034301179642e-07
-7.106875860523673e-07
-6.914313170773561e-07
-6.721442901074929e-07
-6.528353880250939e-07
-6.335127381108673e-07
-6.141837425584269e-07
-5.948551050502049e-07
-5.755328635910767e-07
-5.562224175565029e-07
-5.369285583415353e-07
-5.176554971562159e-07
-4.984068940694868e-07
-4.791858876562941e-07
-4.599951200964473e-07
-4.40836766360083e-07
-4.217125583670176e-07
-4.02623812500086e-07
-3.835714529953575e-07
-3.645560362267746e-07
-3.455777745252659e-07
-3.266365564834395e-07
-3.07731970679051e-07
-2.888633244093366e-07
-2.700296654751798e-07
-2.512298013302358e-07
-2.324623175164363e-07
-2.137255957697747e-07
-1.950178311584079e-07
-1.763370502341333e-07
-1.576811267008597e-07
-1.390477979209626e-07
-1.204346792538298e-07
-1.018392803801743e-07
-8.325901941325386e-08
-6.469123848357971e-08
-4.613321711035929e-08
-2.758218664335688e-08
-9.035343803339154e-09
9.51013503793048e-09
2.805708020176835e-08
4.660831465665737e-08
6.516664101314644e-08
8.37348282328193e-08
1.023155966753892e-07
1.209116044287759e-07
1.395254324327629e-07
1.58159571008221e-07
1.768164041758674e-07
1.954981944595989e-07
2.142070676710169e-07
2.32944996591281e-07
2.517137852184028e-07
2.705150512492657e-07
2.89350208760683e-07
3.082204503788115e-07
3.271267276802163e-07
3.46069732072064e-07
3.65049874804422e-07
3.840672659290647e-07
4.031216930337364e-07
4.222125985802042e-07
4.41339057150282e-07
4.604997522792141e-07
4.796929504052201e-07
4.989164748853275e-07
5.181676811726013e-07
5.374434299551657e-07
5.567400589321882e-07
5.760533547051749e-07
5.95378524002175e-07
6.147101648385747e-07
6.340422380660053e-07
6.533680375709768e-07
6.726801592921451e-07
6.919704713255058e-07
7.112300868706918e-07
7.304493366379642e-07
7.496177402007349e-07
7.687239792608363e-07
7.877558739814475e-07
8.067003615902521e-07
8.255434762558993e-07
8.44270330887512e-07
8.628651040787588e-07
8.813110320711969e-07
8.995904038937984e-07
9.176845614202418e-07
9.35573905384522e-07
9.532379096280837e-07
9.706551408636233e-07
9.878032869872734e-07
1.004659192999728e-06
1.021198907488625e-06
1.037397738402218e-06
1.053230319103837e-06
1.068670684472081e-06
1.083692358174333e-06
1.098268451315307e-06
1.112371773676041e-06
1.125974958293784e-06
1.139050604775036e-06
1.151571464130078e-06
1.163510736734598e-06
1.174842738601988e-06
1.185544805164827e-06
1.195603412792709e-06
1.20503475833641e-06
1.213954978253618e-06
1.222821269608783e-06
1.233263906246415e-06
1.250975636358558e-06
1.295847302167393e-06
1.438099527190078e-06
1.93036301239212e-06
3.70883240564787e-06
1.113555293069775e-05
4.430710660454965e-05
0.0001391664273699473
-0.0001420220337841812
-4.516624707107493e-05
-1.129642558186783e-05
-3.713515538819171e-06
-1.897835198707561e-06
-1.395498607275019e-06
-1.250600560104559e-06
-1.205190405326597e-06
-1.187567582119026e-06
-1.177420699285287e-06
-1.168935202324118e-06
-1.16044439415443e-06
-1.151479227107633e-06
-1.141918793918188e-06
-1.131744151793382e-06
-1.120966646423043e-06
-1.109606919824106e-06
-1.097688679919617e-06
-1.085236775409242e-06
-1.072276532700248e-06
-1.058833467081694e-06
-1.044933108229268e-06
-1.030600865947116e-06
-1.015861914376669e-06
-1.000741087570696e-06
-9.852627863130115e-07
-9.694508947560846e-07
-9.53328706759089e-07
-9.369188617100517e-07
-9.202432904419789e-07
-9.03323168168944e-07
-8.861788784451661e-07
-8.688299821369569e-07
-8.512951957633757e-07
-8.335923763205977e-07
-8.157385110563013e-07
-7.977497143086942e-07
-7.796412283506393e-07
-7.61427430240886e-07
-7.431218391140227e-07
-7.247371314866918e-07
-7.062851558712955e-07
-6.877769524640393e-07
-6.692227730692649e-07
-6.506321043344704e-07
-6.320136905930541e-07
-6.133755589950308e-07
-5.947250474429094e-07
-5.760688279978663e-07
-5.574129366268286e-07
-5.387627977387947e-07
-5.201232525094849e-07
-5.014985844163451e-07
-4.828925460823737e-07
-4.643083870335576e-07
-4.45748876842443e-07
-4.272163325409886e-07
-4.087126415222751e-07
-3.902392876528493e-07
-3.717973732209644e-07
-3.533876419361763e-07
-3.350105015046324e-07
-3.166660432594898e-07
-2.983540651047711e-07
-2.800740895376743e-07
-2.618253845112009e-07
-2.43606981739735e-07
-2.254176949213793e-07
-2.072561373488178e-07
-1.891207387510814e-07
-1.710097625668246e-07
-1.529213212515035e-07
-1.348533925813117e-07
-1.168038339772275e-07
-9.877039850722131e-08
-8.075074859487656e-08
-6.27424715114516e-08
-4.474309236860061e-08
-2.675008883333291e-08
-8.760904291811002e-09
9.227037717803449e-09
2.721632066560709e-08
4.520952055410278e-08
6.320919368291953e-08
8.121786258006871e-08
9.923800196642842e-08
1.172720245439899e-07
1.353222670358253e-07
1.533909764664672e-07
1.714802947541121e-07
1.895922438103415e-07
2.077287103288745e-07
2.258914303193512e-07
2.440819735525461e-07
2.623017264158721e-07
2.805518749338673e-07
2.988333870665242e-07
3.171469940478364e-07
3.35493172147036e-07
3.538721233318689e-07
3.722837548764223e-07
3.907276586778038e-07
4.092030897805336e-07
4.277089449695545e-07
4.462437406160043e-07
4.648055876953692e-07
4.833921672944676e-07
5.02000707454608e-07
5.206279579152362e-07
5.39270163613537e-07
5.579230388950674e-07
5.765817410034056e-07
5.952408429821279e-07
6.138943074825361e-07
6.325354600269807e-07
6.511569609972414e-07
6.697507785452322e-07
6.883081644538809e-07
7.068196298391176e-07
7.252749200850929e-07
7.436629913056709e-07
7.61971990402636e-07
7.801892375996743e-07
7.983012097773591e-07
8.162935259595074e-07
8.341509380631836e-07
8.518573263642351e-07
8.693956982558874e-07
8.867481914816338e-07
9.038960830501627e-07
9.208198058813087e-07
9.374989706673804e-07
9.539123953815249e-07
9.700381428811846e-07
9.85853566627758e-07
1.001335365952542e-06
1.016459649985027e-06
1.031202011075301e-06
1.045537607632324e-06
1.059441257388028e-06
1.072887542452332e-06
1.085850925231562e-06
1.098305882272598e-06
1.110227079005618e-06
1.121589658761919e-06
1.132369905598552e-06
1.142547169401097e-06
1.152110097303049e-06
1.161077625504402e-06
1.16957065450058e-06
1.178058224865949e-06
1.188207028436693e-06
1.205831613650032e-06
1.251243365190099e-06
1.396142838845641e-06
1.898480677868141e-06
3.714162073550702e-06
1.129706579250027e-05
4.516686063546953e-05
0.0001420231690756553
-0.000144879587836843
-4.602682234707714e-05
-1.145875520688686e-05
-3.719655682001239e-06
-1.866755041394099e-06
-1.35433371464545e-06
-1.206776046387753e-06
-1.160811548027659e-06
-1.143259844740913e-06
-1.133389135233377e-06
-1.12526320557964e-06
-1.117179088737774e-06
-1.108656047598613e-06
-1.099568567327127e-06
-1.089895124021696e-06
-1.079645050550447e-06
-1.068837129059093e-06
-1.057493250140126e-06
-1.045636464834754e-06
-1.033290323132884e-06
-1.020478593851254e-06
-1.007225099573956e-06
-9.935535908642918e-07
-9.794876382255754e-07
-9.650505343506422e-07
-9.502652063297401e-07
-9.351541365255429e-07
-9.197392919567374e-07
-9.040420622102602e-07
-8.880832066580451e-07
-8.718828079319923e-07
-8.554602357384707e-07
-8.388341146609915e-07
-8.220223008315586e-07
-8.050418650399759e-07
-7.879090803352228e-07
-7.706394159731207e-07
-7.532475352875639e-07
-7.357472997404156e-07
-7.181517727676591e-07
-7.00473231888182e-07
-6.827231804619234e-07
-6.64912363828764e-07
-6.470507855849425e-07
-6.291477280599789e-07
-6.112117721492623e-07
-5.932508192591043e-07
-5.752721166411912e-07
-5.57282277926387e-07
-5.392873100270881e-07
-5.212926353837591e-07
-5.033031182440134e-07
-4.853230879227784e-07
-4.673563633876633e-07
-4.494062791883537e-07
-4.314757070449054e-07
-4.135670815747409e-07
-3.956824218119647e-07
-3.778233557271441e-07
-3.599911407710077e-07
-3.421866858289046e-07
-3.244105727123911e-07
-3.066630749811005e-07
-2.889441798512442e-07
-2.712536054742026e-07
-2.53590821054752e-07
-2.359550644175021e-07
-2.183453598910026e-07
-2.007605352607813e-07
-1.831992382295102e-07
-1.656599528852665e-07
-1.481410147819873e-07
-1.30640626878918e-07
-1.131568738754089e-07
-9.568773761771605e-08
-7.82311104355114e-08
-6.078481047047117e-08
-4.334659459696378e-08
-2.591417310964975e-08
-8.485222513519725e-09
8.942600208980813e-09
2.637164535836979e-08
4.380425567284851e-08
6.124275468151925e-08
7.868943216540772e-08
9.614653110878259e-08
1.136162329649957e-07
1.311006446476101e-07
1.486017844433073e-07
1.661215670405392e-07
1.836617890226144e-07
2.012241136990722e-07
2.188100565503524e-07
2.364209697015022e-07
2.540580252982449e-07
2.717221988504004e-07
2.894142517428872e-07
3.07134713726401e-07
3.248838654233088e-07
3.426617196151581e-07
3.604680015684937e-07
3.783021287554427e-07
3.961631907314956e-07
4.140499293195706e-07
4.319607171537521e-07
4.498935338399681e-07
4.678459428533369e-07
4.858150697223893e-07
5.03797578886757e-07
5.2178964916242e-07
5.397869492228755e-07
5.577846131677207e-07
5.757772160524724e-07
5.937587494497813e-07
6.117225972403874e-07
6.296615104690485e-07
6.475675834147694e-07
6.654322315243637e-07
6.832461700258423e-07
7.009993923416882e-07
7.186811498186256e-07
7.362799349474545e-07
7.537834669750865e-07
7.711786784430899e-07
7.884517040078579e-07
8.055878745214963e-07
8.225717155179258e-07
8.393869490101823e-07
8.560164991727625e-07
8.724425037202202e-07
8.886463319833676e-07
9.046086089159441e-07
9.20309245110186e-07
9.357274753345472e-07
9.508419033315471e-07
9.656305556583563e-07
9.800709436786056e-07
9.941401337110553e-07
1.007814826040598e-06
1.021071442354004e-06
1.033886224595464e-06
1.04623534300378e-06
1.058095020968282e-06
1.069441700485637e-06
1.080252323074648e-06
1.090504990923755e-06
1.100180914322903e-06
1.109270753914962e-06
1.117796027401215e-06
1.125882243112023e-06
1.134010131996557e-06
1.143882655802802e-06
1.161436022797333e-06
1.207402029665445e-06
1.354961045444108e-06
1.867383550006677e-06
3.720285188497802e-06
1.145937819597898e-05
4.602741809738536e-05
0.0001448807160522768
-0.0001477379051884956
-4.688815923718775e-05
-1.162184288538844e-05
-3.726548295199471e-06
-1.836419802502614e-06
-1.313904287346173e-06
-1.163675720565791e-06
-1.117143871609771e-06
-1.099648657399145e-06
-1.090037981534248e-06
-1.082254096786546e-06
-1.074557898098907e-06
-1.066457095212453e-06
-1.057821706619966e-06
-1.048627769286446e-06
-1.038882744644929e-06
-1.028603694925967e-06
-1.017810829799531e-06
-1.006525534496771e-06
-9.947697091331802e-07
-9.825654958892624e-07
-9.699351225456501e-07
-9.569007849009373e-07
-9.434845461221424e-07
-9.297082453237584e-07
-9.155934149940463e-07
-9.011612059378427e-07
-8.864323199705426e-07
-8.714269503675855e-07
-8.561647307159125e-07
-8.406646890221878e-07
-8.249452116747091e-07
-8.090240107577924e-07
-7.929180996418863e-07
-7.76643774752581e-07
-7.602166015271536e-07
-7.436514058374882e-07
-7.269622693223385e-07
-7.10162531293369e-07
-6.932647898721184e-07
-6.76280910967092e-07
-6.592220373607642e-07
-6.42098601949987e-07
-6.249203408012499e-07
-6.076963111414995e-07
-5.904349085775384e-07
-5.731438859114463e-07
-5.558303759167047e-07
-5.385009095488837e-07
-5.211614403142805e-07
-5.03817364183714e-07
-4.864735438135919e-07
-4.691343297411122e-07
-4.518035829241531e-07
-4.344846989768762e-07
-4.171806282991104e-07
-3.99893900052779e-07
-3.826266422165659e-07
-3.653806046431308e-07
-3.481571783198819e-07
-3.309574164052139e-07
-3.137820545734067e-07
-2.966315288645456e-07
-2.79505996453923e-07
-2.624053523466531e-07
-2.453292489024084e-07
-2.282771126316402e-07
-2.112481614737082e-07
-1.942414209106354e-07
-1.772557402676395e-07
-1.602898085756507e-07
-1.433421693980567e-07
-1.264112360037292e-07
-1.094953056231303e-07
-9.259257433390948e-08
-7.570115029549537e-08
-5.881906872312679e-08
-4.194430473365224e-08
-2.507478761898193e-08
-8.208413456180115e-09
8.656940951060728e-09
2.552340603907001e-08
4.239310476546722e-08
5.926814117053578e-08
7.615058595706678e-08
9.304246405516517e-08
1.09945739723362e-07
1.268623041014256e-07
1.437939609078483e-07
1.607424121462613e-07
1.777092441395165e-07
1.946959124402802e-07
2.117037278663883e-07
2.287338408275633e-07
2.457872255035232e-07
2.628646639972656e-07
2.799667289750707e-07
2.970937670898851e-07
3.142458819296466e-07
3.314229159872527e-07
3.486244322301274e-07
3.658496943857751e-07
3.830976477446564e-07
4.003669006756193e-07
4.176557038578619e-07
4.3496192803875e-07
4.522830425010799e-07
4.696160939755924e-07
4.869576852975841e-07
5.043039534496572e-07
5.216505462795644e-07
5.389925991668727e-07
5.563247133392252e-07
5.736409341936343e-07
5.909347284281161e-07
6.081989612892198e-07
6.254258758112784e-07
6.426070731725097e-07
6.597334936958842e-07
6.76795398092047e-07
6.937823504239345e-07
7.106832041251751e-07
7.274860901936271e-07
7.441784065430415e-07
7.607468098626209e-07
7.771772126062029e-07
7.934547840149315e-07
8.095639542056221e-07
8.254884218729984e-07
8.412111678466476e-07
8.567144739988857e-07
8.719799487803644e-07
8.869885578636348e-07
9.017206622354211e-07
9.161560623826811e-07
9.302740501852181e-07
9.440534689529283e-07
9.574727799355748e-07
9.705101375703493e-07
9.831434714885248e-07
9.953505787235513e-07
1.007109224667754e-06
1.018397259780606e-06
1.029192776512614e-06
1.03947438257638e-06
1.049221861524622e-06
1.058418144512325e-06
1.067055764001822e-06
1.075158676817246e-06
1.082856858786591e-06
1.090642594532197e-06
1.100254983708741e-06
1.117751769010156e-06
1.164285042819145e-06
1.314514882041298e-06
1.837031509783535e-06
3.727160945334705e-06
1.162244882624959e-05
4.688873734943029e-05
0.0001477390265048797
-0.0001505969461146894
-4.775021815594424e-05
-1.17856493260639e-05
-3.734154549498214e-06
-1.806791274213011e-06
-1.274172891423469e-06
-1.121263067860612e-06
-1.074151913018602e-06
-1.05669973069318e-06
-1.047334232426443e-06
-1.039876248740048e-06
-1.032550655128029e-06
-1.024853730883062e-06
-1.016651153905844e-06
-1.007916650091924e-06
-9.986559371973449e-07
-9.888844841439247e-07
-9.78620944019991e-07
-9.678851567851733e-07
-9.566974884553925e-07
-9.450785647162231e-07
-9.33049122490128e-07
-9.206299000933191e-07
-9.078415433956099e-07
-8.947045203328223e-07
-8.812390434062014e-07
-8.674649988252231e-07
-8.534018826531032e-07
-8.390687439101079e-07
-8.244841351237906e-07
-8.096660673522911e-07
-7.946319746665443e-07
-7.793986815827348e-07
-7.639823778966632e-07
-7.483985993024389e-07
-7.326622121016073e-07
-7.167874028455877e-07
-7.007876715400032e-07
-6.846758316978515e-07
-6.684640092297724e-07
-6.521636485088684e-07
-6.357855191416816e-07
-6.193397269567121e-07
-6.028357241563058e-07
-5.86282324906604e-07
-5.696877201887749e-07
-5.530594938197122e-07
-5.364046429251912e-07
-5.197295940787178e-07
-5.030402252995933e-07
-4.863418836878675e-07
-4.69639407584817e-07
-4.529371460719713e-07
-4.362389797019021e-07
-4.195483430353682e-07
-4.0286824316785e-07
-3.862012820125758e-07
-3.695496750593096e-07
-3.52915273163214e-07
-3.362995805697976e-07
-3.197037748605954e-07
-3.031287260851549e-07
-2.865750137912253e-07
-2.700429466892791e-07
-2.535325787679204e-07
-2.37043728162116e-07
-2.20575993109858e-07
-2.041287685566714e-07
-1.877012614762228e-07
-1.712925071210555e-07
-1.549013842592559e-07
-1.385266295886806e-07
-1.221668520195864e-07
-1.058205468627432e-07
-8.948611029763666e-08
-7.316185265233009e-08
-5.684601267651201e-08
-4.053677031538855e-08
-2.423226038029231e-08
-7.930585248971723e-09
8.370171779335002e-09
2.467193429701532e-08
4.097661882576275e-08
5.728612304044571e-08
7.360231206840956e-08
8.992700611964134e-08
1.062619659982584e-07
1.226088807485341e-07
1.389693535713946e-07
1.553448881625671e-07
1.717368752306047e-07
1.881465776312491e-07
2.04575116725559e-07
2.210234569073844e-07
2.374923904642166e-07
2.539825225615051e-07
2.704942542183616e-07
2.870277664958964e-07
3.035830039432786e-07
3.201596571433365e-07
3.367571454806312e-07
3.533745983803615e-07
3.700108370129759e-07
3.866643568207157e-07
4.033333073152245e-07
4.200154713398883e-07
4.367082455446095e-07
4.534086202738433e-07
4.701131592749552e-07
4.868179798575659e-07
5.035187314441148e-07
5.202105735885048e-07
5.368881560359553e-07
5.535456000412171e-07
5.701764771608506e-07
5.867737881972239e-07
6.033299448116139e-07
6.198367530497798e-07
6.362853965943753e-07
6.52666420164765e-07
6.689697151194883e-07
6.851845080331227e-07
7.012993514509711e-07
7.173021156602093e-07
7.331799831785296e-07
7.489194481947588e-07
7.645063196333949e-07
7.799257269504529e-07
7.951621296361394e-07
8.101993324706244e-07
8.25020505217731e-07
8.396082086538592e-07
8.539444259950338e-07
8.680105995915063e-07
8.817876745245772e-07
8.952561486061141e-07
9.083961300679617e-07
9.211874005059507e-07
9.336094859336653e-07
9.456417340476701e-07
9.572633997502554e-07
9.684537393996584e-07
9.791921202925854e-07
9.894581696864097e-07
9.992320411483989e-07
1.008495075108251e-06
1.017231796644438e-06
1.025436482351461e-06
1.033135400247828e-06
1.040462867212507e-06
1.047922598879448e-06
1.057289715010783e-06
1.074743380899928e-06
1.121855880797602e-06
1.274766905720248e-06
1.807386339459172e-06
3.734750504788731e-06
1.178623838262943e-05
4.775077879536533e-05
0.000150598060697197
-0.0001534566727762861
-4.861296139243103e-05
-1.195013708536394e-05
-3.742437420202243e-06
-1.777832997330138e-06
-1.235103771304415e-06
-1.079503168471646e-06
-1.031801711265842e-06
-1.014380173909093e-06
-1.005246168646434e-06
-9.980992030484333e-07
-9.911282389543739e-07
-9.838182357483474e-07
-9.760306439554391e-07
-9.677369936098651e-07
-9.58941374613169e-07
-9.496577774906369e-07
-9.399034117734266e-07
-9.296966821459956e-07
-9.19056526514858e-07
-9.080021555456663e-07
-8.965529115144282e-07
-8.847281655080915e-07
-8.725472299452417e-07
-8.600292787751613e-07
-8.471932749879175e-07
-8.340579039950432e-07
-8.20641513066401e-07
-8.069620570605915e-07
-7.930370509651998e-07
-7.788835261719639e-07
-7.645179957003437e-07
-7.499564219892717e-07
-7.352141913583895e-07
-7.203060936904454e-07
-7.052463063890459e-07
-6.900483828895726e-07
-6.747252438692423e-07
-6.592891756389073e-07
-6.43751827225617e-07
-6.281242140694629e-07
-6.124167226944426e-07
-5.966391198620901e-07
-5.808005601075022e-07
-5.649095989178658e-07
-5.48974205696844e-07
-5.330017774151954e-07
-5.169991568147248e-07
-5.009726465519085e-07
-4.849280290661709e-07
-4.688705820880634e-07
-4.528050989721963e-07
-4.367359066822338e-07
-4.206668847347775e-07
-4.046014859939342e-07
-3.885427536610467e-07
-3.724933419971078e-07
-3.564555339760579e-07
-3.404312619064272e-07
-3.244221240925046e-07
-3.084294036169021e-07
-2.924540862980343e-07
-2.764968771077561e-07
-2.605582188554789e-07
-2.44638307496041e-07
-2.287371101125674e-07
-2.12854380153192e-07
-1.969896735592536e-07
-1.811423634165896e-07
-1.653116558015774e-07
-1.494966043258531e-07
-1.336961241446353e-07
-1.179090054625489e-07
-1.02133927727231e-07
-8.636947361057959e-08
-7.061414221928095e-08
-5.486636247329683e-08
-3.912450589753022e-08
-2.338689964200448e-08
-7.651839423807378e-09
8.082397922198984e-09
2.381754193179238e-08
3.955531575670034e-08
5.529742373057794e-08
7.104553873036057e-08
8.680128917930683e-08
1.025662456347773e-07
1.183419084309759e-07
1.341296942542012e-07
1.499309227658124e-07
1.657468031153328e-07
1.815784197906483e-07
1.974267193146602e-07
2.132924954991974e-07
2.291763746661537e-07
2.450788008681354e-07
2.610000196974118e-07
2.769400631793566e-07
2.928987340444054e-07
3.088755888674909e-07
3.248699214583214e-07
3.408807453312456e-07
3.569067764011449e-07
3.729464163031162e-07
3.889977331465775e-07
4.05058441973709e-07
4.211258868742175e-07
4.371970223634045e-07
4.532683940263593e-07
4.693361200692399e-07
4.853958720453079e-07
5.01442854524213e-07
5.174717866394116e-07
5.334768851247688e-07
5.494518456956457e-07
5.653898237735506e-07
5.812834177619163e-07
5.971246552706956e-07
6.129049787962809e-07
6.286152311927929e-07
6.442456431537258e-07
6.597858240819801e-07
6.752247553596949e-07
6.905507842542849e-07
7.057516206365621e-07
7.208143383632859e-07
7.357253799077009e-07
7.504705635999635e-07
7.650350947753697e-07
7.794035819355232e-07
7.935600574402e-07
8.074880032513022e-07
8.211703827420298e-07
8.345896761114899e-07
8.477279226740453e-07
8.605667693619735e-07
8.730875255951524e-07
8.852712229268117e-07
8.970986815665574e-07
9.085505831180281e-07
9.196075502956502e-07
9.302502343581488e-07
9.404594179516898e-07
9.50216156954325e-07
9.595020408495161e-07
9.68299853953932e-07
9.76595599927188e-07
9.843851838600296e-07
9.916970701413111e-07
9.986698030461331e-07
1.00581841859502e-06
1.014953951097421e-06
1.032376888838356e-06
1.080079615344169e-06
1.235681352028996e-06
1.778411569996678e-06
3.743016833025182e-06
1.195070941263073e-05
4.861350471471492e-05
0.0001534577807813759
-0.0001563170490671814
-4.947635295625087e-05
-1.211527041707177e-05
-3.751361541807788e-06
-1.749510121060361e-06
-1.196662718369347e-06
-1.038362575805053e-06
-9.900606946515922e-07
-9.726583936819362e-07
-9.637432685801297e-07
-9.568935933817838e-07
-9.502625108449675e-07
-9.433237595379454e-07
-9.35934664802063e-07
-9.280646648135017e-07
-9.197163264172211e-07
-9.109022660152435e-07
-9.016383522955687e-07
-8.919416550841862e-07
-8.818297814850152e-07
-8.713206205375807e-07
-8.604322085985117e-07
-8.491826330785443e-07
-8.375899510451968e-07
-8.25672114826916e-07
-8.134469043768603e-07
-8.009318646867508e-07
-7.881442484297875e-07
-7.751009644183472e-07
-7.618185324014395e-07
-7.483130407337719e-07
-7.346001124009676e-07
-7.206948733485101e-07
-7.066119270843541e-07
-6.923653337870549e-07
-6.779685936940874e-07
-6.634346348338022e-07
-6.487758025835423e-07
-6.340038564884904e-07
-6.191299661371357e-07
-6.04164712937401e-07
-5.891180927479931e-07
-5.739995234348177e-07
-5.588178501924954e-07
-5.435813565359434e-07
-5.282977756519556e-07
-5.129743019769175e-07
-4.976176072125173e-07
-4.822338524966041e-07
-4.668287064734108e-07
-4.514073589980376e-07
-4.359745397468591e-07
-4.205345346230001e-07
-4.050912029781967e-07
-3.896479967441894e-07
-3.742079761195644e-07
-3.587738288116688e-07
-3.433478865945236e-07
-3.279321447503502e-07
-3.125282774538756e-07
-2.971376553767903e-07
-2.8176136254579e-07
-2.664002122479108e-07
-2.510547646965642e-07
-2.357253414298958e-07
-2.204120423064283e-07
-2.051147602180731e-07
-1.898331968322538e-07
-1.745668764980372e-07
-1.59315161449449e-07
-1.440772656120833e-07
-1.288522683655878e-07
-1.136391274023508e-07
-9.843669283957836e-08
-8.324372052423126e-08
-6.805888513090573e-08
-5.288079272551093e-08
-3.770799351327215e-08
-2.253899419848651e-08
-7.372271131771888e-09
7.793718003270735e-09
2.296052127670204e-08
3.812968115117513e-08
5.330272137617492e-08
6.848113543009436e-08
8.366637274594431e-08
9.885982660795794e-08
1.14062821808464e-07
1.29276601934768e-07
1.445023163248302e-07
1.597410063243569e-07
1.749935921462791e-07
1.902608597189893e-07
2.055434469142286e-07
2.208418293012088e-07
2.361563052283009e-07
2.514869806085186e-07
2.668337543315788e-07
2.821963034078596e-07
2.975740674347923e-07
3.129662321480572e-07
3.283717126808662e-07
3.437891373681417e-07
3.592168318212077e-07
3.74652801269545e-07
3.900947122195747e-07
4.05539875037891e-07
4.209852269346907e-07
4.364273147518416e-07
4.518622770147076e-07
4.672858261630031e-07
4.826932305550828e-07
4.980792976374645e-07
5.134383577343649e-07
5.287642477649624e-07
5.440502943339888e-07
5.592892988633053e-07
5.744735253056925e-07
5.895946880426081e-07
6.04643939540053e-07
6.196118595369927e-07
6.344884479855616e-07
6.492631203389581e-07
6.639247033353142e-07
6.78461433700197e-07
6.928609609983638e-07
7.071103534783414e-07
7.211961066436783e-07
7.35104155768721e-07
7.488198923436166e-07
7.623281855312665e-07
7.756134076432959e-07
7.886594653995212e-07
8.014498346603919e-07
8.139676008441273e-07
8.261955058058912e-07
8.381159997048856e-07
8.497112975501531e-07
8.609634414932328e-07
8.718543686366678e-07
8.823659858627468e-07
8.92480250863095e-07
9.021792683413627e-07
9.114454253507803e-07
9.202616466707705e-07
9.28612057841748e-07
9.364840367979779e-07
9.438750121464188e-07
9.508155409357873e-07
9.574482929559936e-07
9.642995250664096e-07
9.732160910067268e-07
9.906197130729208e-07
1.038922791675765e-06
1.19722400374616e-06
1.750072342055359e-06
3.751924555931743e-06
1.211582616084469e-05
4.94768791085802e-05
0.0001563181506429987
-0.000159178040474348
-5.034035843869866e-05
-1.228101513494507e-05
-3.760893076031386e-06
-1.721789276407945e-06
-1.158816950022356e-06
-9.9780920398702e-07
-9.488975773873864e-07
-9.315040002340066e-07
-9.227961253441463e-07
-9.162310732923114e-07
-9.099262527889344e-07
-9.033442706774662e-07
-8.963384193184878e-07
-8.888761390229926e-07
-8.809585682879106e-07
-8.725970440050788e-07
-8.638061876243852e-07
-8.546018258824697e-07
-8.450003242624082e-07
-8.350183359098486e-07
-8.246726730460928e-07
-8.139802168315624e-07
-8.029578417237104e-07
-7.916223461668722e-07
-7.799903894143746e-07
-7.680784329499523e-07
-7.559026864401705e-07
-7.434790588246572e-07
-7.308231154169217e-07
-7.179500371357015e-07
-7.048745873811572e-07
-6.91611081154316e-07
-6.78173360243764e-07
-6.645747720564692e-07
-6.508281523686751e-07
-6.369458126062781e-07
-6.229395282457265e-07
-6.088205342683633e-07
-5.945995201307141e-07
-5.802866299725938e-07
-5.658914632877259e-07
-5.514230811412335e-07
-5.368900097875951e-07
-5.223002496206193e-07
-5.076612849802384e-07
-4.92980093931127e-07
-4.782631622837339e-07
-4.63516493952369e-07
-4.48745627506949e-07
-4.339556482605536e-07
-4.191512051438258e-07
-4.043365255577662e-07
-3.895154310292852e-07
-3.746913548029873e-07
-3.59867356418811e-07
-3.450461395251339e-07
-3.30230067217554e-07
-3.154211803221586e-07
-3.006212116926254e-07
-2.858316027805518e-07
-2.710535193571264e-07
-2.562878667379061e-07
-2.415353064336319e-07
-2.267962698305833e-07
-2.120709742777157e-07
-1.97359437200821e-07
-1.826614913229398e-07
-1.679767977971574e-07
-1.533048607755283e-07
-1.38645040500767e-07
-1.239965669166293e-07
-1.093585519619222e-07
-9.473000329916642e-08
-8.010983692291611e-08
-6.549689016522452e-08
-5.08899335328397e-08
-3.62876834122813e-08
-2.168881378005643e-08
-7.091969206542354e-09
7.504224173562523e-09
2.210114554885028e-08
3.670016891875091e-08
5.13026497142356e-08
6.590991425939176e-08
8.052324579927086e-08
9.514387321052882e-08
1.097729585924884e-07
1.244115851658796e-07
1.39060744956021e-07
1.537213249793166e-07
1.683940949867839e-07
1.830796942813888e-07
1.977786188388624e-07
2.124912078548051e-07
2.272176286345291e-07
2.41957862445042e-07
2.567116906066848e-07
2.714786801045867e-07
2.862581694377037e-07
3.010492524884389e-07
3.158507625650933e-07
3.306612574482299e-07
3.454790038810938e-07
3.603019612108615e-07
3.751277649049657e-07
3.8995370959136e-07
4.047767327247503e-07
4.195933996620049e-07
4.343998873980248e-07
4.491919668352057e-07
4.639649869764484e-07
4.787138601462457e-07
4.934330469104181e-07
5.08116540987499e-07
5.227578547425613e-07
5.373500065197102e-07
5.518855094800708e-07
5.663563610875661e-07
5.807540327196376e-07
5.950694608654642e-07
6.09293041906511e-07
6.234146288140049e-07
6.374235285441887e-07
6.513085024364499e-07
6.6505777024161e-07
6.786590169940815e-07
6.92099402757233e-07
7.053655760856587e-07
7.184436905023792e-07
7.313194261055034e-07
7.439780151168495e-07
7.564042718727867e-07
7.685826270533165e-07
7.804971662834591e-07
7.921316747573152e-07
8.034696863438584e-07
8.144945368563627e-07
8.25189422819883e-07
8.355374642053237e-07
8.455217744275284e-07
8.551255359043751e-07
8.643320897158435e-07
8.731250648893523e-07
8.814886295464631e-07
8.894081568361023e-07
8.968723046081382e-07
9.038799300329053e-07
9.104635885909837e-07
9.167699838094511e-07
9.233365043726641e-07
9.320457378704261e-07
9.494405604987101e-07
9.983533161201136e-07
1.159362070453255e-06
1.722335278898378e-06
3.761439826693859e-06
1.228155443210923e-05
5.034086755957122e-05
0.0001591791357597464
-0.0001620396139476031
-5.120494488561891e-05
-1.244733848783075e-05
-3.770999590014163e-06
-1.694638459860395e-06
-1.121534999135012e-06
-9.578122242124482e-07
-9.082822643525289e-07
-8.908877206006675e-07
-8.823763689118121e-07
-8.760842481380898e-07
-8.700931095261429e-07
-8.638545085116861e-07
-8.572177875085589e-07
-8.501484738368892e-07
-8.426463634690213e-07
-8.347215997692958e-07
-8.263876422604033e-07
-8.176591583896236e-07
-8.085513535605223e-07
-7.990797237894681e-07
-7.892599326166253e-07
-7.791077266827411e-07
-7.686388654080365e-07
-7.578690564470082e-07
-7.468138967871082e-07
-7.354888181001046e-07
-7.239090359820888e-07
-7.120895036018883e-07
-7.000448709047079e-07
-6.877894456928358e-07
-6.753371616382639e-07
-6.627015482344941e-07
-6.498957067521373e-07
-6.369322890600344e-07
-6.23823479848927e-07
-6.105809836770782e-07
-5.972160127374416e-07
-5.837392811084394e-07
-5.701609988470672e-07
-5.564908710874619e-07
-5.427380969661855e-07
-5.289113746820299e-07
-5.150189037618502e-07
-5.010683921538258e-07
-4.870670644459676e-07
-4.730216701814077e-07
-4.589384961803077e-07
-4.448233752997333e-07
-4.306817014757678e-07
-4.165184403463528e-07
-4.023381444671304e-07
-3.881449667751284e-07
-3.739426747827259e-07
-3.597346667622656e-07
-3.455239852348411e-07
-3.313133334759417e-07
-3.171050896065498e-07
-3.029013237155617e-07
-2.887038112228568e-07
-2.745140485495034e-07
-2.603332675991935e-07
-2.461624502257242e-07
-2.320023439265232e-07
-2.178534750222661e-07
-2.037161638410316e-07
-1.895905381097748e-07
-1.754765474634716e-07
-1.613739758912955e-07
-1.47282455773506e-07
-1.332014803612041e-07
-1.191304170081377e-07
-1.05068518973712e-07
-9.101493875641953e-08
-7.696873995456615e-08
-6.292891003245096e-08
-4.889437162859007e-08
-3.486399508488683e-08
-2.083660974480633e-08
-6.811016317505739e-09
7.214002579128024e-09
2.123966953593035e-08
3.526720187124164e-08
4.92977988153042e-08
6.333263139723302e-08
7.737282909888021e-08
9.141946865245308e-08
1.054735619896642e-07
1.195360445183215e-07
1.336077635165832e-07
1.476894646523585e-07
1.617817802684745e-07
1.758852167098457e-07
1.900001417580224e-07
2.041267718148823e-07
2.18265157131183e-07
2.324151686354878e-07
2.465764849921178e-07
2.607485783586305e-07
2.74930701075667e-07
2.891218704470118e-07
3.033208536268789e-07
3.17526153709859e-07
3.317359947892853e-07
3.45948306596002e-07
3.601607096779196e-07
3.743704992542497e-07
3.885746296888392e-07
4.027697009977945e-07
4.169519446063773e-07
4.31117206340759e-07
4.452609313984747e-07
4.593781516459262e-07
4.73463472566209e-07
4.875110589266464e-07
5.015146219919743e-07
5.154674087704956e-07
5.293621924413282e-07
5.431912631188953e-07
5.569464188266635e-07
5.706189587984533e-07
5.841996799723151e-07
5.976788746142896e-07
6.110463291179069e-07
6.242913258405567e-07
6.374026480309831e-07
6.503685876562597e-07
6.631769560386286e-07
6.758150977921408e-07
6.882699074424794e-07
7.005278505005278e-07
7.125749891615856e-07
7.243970110688769e-07
7.359792623894276e-07
7.473067850694121e-07
7.583643587665976e-07
7.691365473850065e-07
7.796077489222139e-07
7.897622510086294e-07
7.995842892174902e-07
8.090581117394268e-07
8.181680500582094e-07
8.268986029278872e-07
8.352345597886829e-07
8.431612482906396e-07
8.506652038278655e-07
8.577362783133648e-07
8.643746717740286e-07
8.706148527848709e-07
8.766074753172057e-07
8.829009800338613e-07
8.914136120084463e-07
9.088093291704893e-07
9.583403526754809e-07
1.122064077684103e-06
1.695168369566449e-06
3.771530204632158e-06
1.244786146706391e-05
5.120543710479994e-05
0.0001620407030727769
-0.0001649017377819336
-5.207008068051718e-05
-1.261420904522711e-05
-3.781649944703311e-06
-1.668026926254807e-06
-1.084786612708376e-06
-9.183419694363776e-07
-8.681857626277204e-07
-8.507813178046137e-07
-8.42456593463477e-07
-8.364266112284651e-07
-8.307375337312308e-07
-8.248299373104248e-07
-8.185492893523785e-07
-8.118592809380145e-07
-8.047584433966526e-07
-7.972558046969761e-07
-7.893637401082183e-07
-7.810958342500312e-07
-7.724662070972686e-07
-7.634892699245129e-07
-7.541796071629089e-07
-7.445518971885252e-07
-7.346208469942931e-07
-7.24401132232235e-07
-7.139073424146957e-07
-7.031539299352216e-07
-6.921551625384388e-07
-6.809250794057457e-07
-6.694774524756839e-07
-6.578257495294432e-07
-6.459831036109144e-07
-6.339622837164071e-07
-6.217756715984748e-07
-6.094352409395272e-07
-5.969525391958266e-07
-5.843386745903817e-07
-5.71604303578764e-07
-5.587596240020727e-07
-5.458143684426795e-07
-5.32777802624299e-07
-5.196587228883953e-07
-5.064654601039567e-07
-4.932058808001453e-07
-4.798873926278002e-07
-4.665169511386212e-07
-4.531010668753295e-07
-4.3964581624664e-07
-4.261568487890146e-07
-4.126394007400329e-07
-3.990983043161613e-07
-3.855380014917952e-07
-3.719625561987058e-07
-3.583756671747829e-07
-3.447806827409698e-07
-3.311806132321955e-07
-3.17578146315191e-07
-3.039756600048495e-07
-2.903752385904253e-07
-2.767786849840895e-07
-2.631875355928722e-07
-2.49603073630959e-07
-2.360263428716988e-07
-2.22458162442547e-07
-2.088991395245812e-07
-1.953496835606134e-07
-1.818100188518701e-07
-1.682801983048649e-07
-1.547601154562993e-07
-1.412495179227402e-07
-1.277480192361072e-07
-1.142551114793851e-07
-1.007701767023478e-07
-8.729249987635231e-08
-7.382128011577649e-08
-6.035564300671152e-08
-4.689465153056089e-08
-3.343731808538206e-08
-1.99826156143296e-08
-6.529489157330056e-09
6.923133573323114e-09
2.03763301981928e-08
3.383117279073903e-08
4.728871646667799e-08
6.074998860825999e-08
7.421597676640523e-08
8.768761718677018e-08
1.011657836409912e-07
1.146512760941198e-07
1.281448092689903e-07
1.416470001196642e-07
1.551583561653977e-07
1.686792635645026e-07
1.822099749147447e-07
1.957505968986272e-07
2.093010764784175e-07
2.228611880513346e-07
2.364305213214087e-07
2.500084678786696e-07
2.635942083492863e-07
2.771866980630797e-07
2.907846527309635e-07
3.043865355295481e-07
3.179905431394343e-07
3.315945910528951e-07
3.451962996500837e-07
3.587929799003453e-07
3.723816185766143e-07
3.859588656033025e-07
3.995210210862248e-07
4.130640203243943e-07
4.265834191978016e-07
4.400743827521573e-07
4.53531674125344e-07
4.669496417492316e-07
4.803222074731931e-07
4.936428571482009e-07
5.069046329921321e-07
5.201001256564577e-07
5.332214662727965e-07
5.462603214549361e-07
5.592078911348754e-07
5.720549071714213e-07
5.847916333904511e-07
5.974078684812601e-07
6.098929517066248e-07
6.222357715052358e-07
6.344247766693981e-07
6.464479903595091e-07
6.582930269973971e-07
6.699471126744775e-07
6.813971103797656e-07
6.926295480878426e-07
7.036306499845126e-07
7.143863723950598e-07
7.248824432489587e-07
7.351044059924075e-07
7.450376662243778e-07
7.546675436932311e-07
7.639793269363108e-07
7.729583328090761e-07
7.815899720543649e-07
7.898598286031065e-07
7.977537777765654e-07
8.052582303726562e-07
8.123608063244937e-07
8.190524733679301e-07
8.253346966764786e-07
8.312437810979707e-07
8.369342556009983e-07
8.429655405078009e-07
8.512914700819948e-07
8.6869701951553e-07
9.188542274721141e-07
1.085299765151479e-06
1.668540861337797e-06
3.782164543409505e-06
1.261471582785338e-05
5.207055611987658e-05
0.0001649028208693418
-0.0001677643815105643
-5.293573543752404e-05
-1.278159659223243e-05
-3.792814192971449e-06
-1.641925090467291e-06
-1.048542658237292e-06
-8.793698461702081e-07
-8.285800993447173e-07
-8.111575157351053e-07
-8.030102897503503e-07
-7.972324837690708e-07
-7.918347337403715e-07
-7.862467020378373e-07
-7.803100487248604e-07
-7.739866981673831e-07
-7.672739876427871e-07
-7.601799007272546e-07
-7.527157991284561e-07
-7.448942544684251e-07
-7.36728369707155e-07
-7.282315377732329e-07
-7.194173279807526e-07
-7.10299411593731e-07
-7.008915012364069e-07
-6.912072953219884e-07
-6.812604270989285e-07
-6.710644170538266e-07
-6.606326285068145e-07
-6.499782262264865e-07
-6.391141398451547e-07
-6.280530289216381e-07
-6.16807253935467e-07
-6.053888477723299e-07
-5.938094933487118e-07
-5.820805034828602e-07
-5.702128026070595e-07
-5.582169136219366e-07
-5.461029453561577e-07
-5.33880584916774e-07
-5.215590903761065e-07
-5.091472888456248e-07
-4.96653572726651e-07
-4.840859023392113e-07
-4.714518062193215e-07
-4.587583852489651e-07
-4.460123182142953e-07
-4.332198676859327e-07
-4.20386889683839e-07
-4.075188395046225e-07
-3.946207839923567e-07
-3.816974096264352e-07
-3.687530349380011e-07
-3.557916215759786e-07
-3.428167860271781e-07
-3.298318128798931e-07
-3.168396662755249e-07
-3.038430041730004e-07
-2.908441904121807e-07
-2.778453094600444e-07
-2.648481776417078e-07
-2.518543572111152e-07
-2.388651687350133e-07
-2.258817042244201e-07
-2.129048409392906e-07
-1.999352535459668e-07
-1.86973427296897e-07
-1.740196699521725e-07
-1.610741248085071e-07
-1.481367822772914e-07
-1.352074927423254e-07
-1.222859777937719e-07
-1.093718421594722e-07
-9.646458469275078e-08
-8.356361084284773e-08
-7.066824350728228e-08
-5.777773486214084e-08
-4.489127692308175e-08
-3.200801269382508e-08
-1.912704726810234e-08
-6.247458628733748e-09
6.63169146064428e-09
1.951134680932414e-08
3.239244545592041e-08
4.527590983939019e-08
5.816263503183182e-08
7.105347808567142e-08
8.394924620945694e-08
9.685068643443921e-08
1.097584750744839e-07
1.22673206167601e-07
1.355953801412215e-07
1.485253917880742e-07
1.614635190999392e-07
1.74409912033594e-07
1.873645801253159e-07
2.003273799659083e-07
2.132980027503705e-07
2.262759624073631e-07
2.392605833245406e-07
2.522509878622857e-07
2.65246083067152e-07
2.782445474272301e-07
2.91244818156034e-07
3.042450782561537e-07
3.172432434162664e-07
3.302369481370315e-07
3.432235326521832e-07
3.562000303413363e-07
3.691631552412283e-07
3.821092895870964e-07
3.95034470826879e-07
4.079343785535766e-07
4.208043236632878e-07
4.336392384153779e-07
4.46433665706455e-07
4.591817480986887e-07
4.718772193338749e-07
4.845133983235237e-07
4.970831825628482e-07
5.095790414116231e-07
5.21993012250932e-07
5.343166991606973e-07
5.465412726999046e-07
5.586574710992303e-07
5.706556038979183e-07
5.825255582858151e-07
5.942568081866151e-07
6.058384257650559e-07
6.172590952759948e-07
6.285071300587772e-07
6.395704926275926e-07
6.504368187032795e-07
6.610934448232722e-07
6.715274376554509e-07
6.817256281065659e-07
6.916746488364893e-07
7.013609753873046e-07
7.107709700199339e-07
7.198909299682079e-07
7.287071383926489e-07
7.372059197164392e-07
7.453736999457314e-07
7.531970815122248e-07
7.606629572657462e-07
7.677587514959991e-07
7.744730980085041e-07
7.807980091879433e-07
7.867361446445437e-07
7.92325576248468e-07
7.977246402056213e-07
8.035036709155638e-07
8.116520299770468e-07
8.290756522526243e-07
8.798663404387025e-07
1.049039993426334e-06
1.642423161675567e-06
3.793312888499236e-06
1.278208729261091e-05
5.293619421215297e-05
0.0001677654586755333
-0.0001706275158061395
-5.380187990356445e-05
-1.294947203322992e-05
-3.804463485812705e-06
-1.616304436829888e-06
-1.012775037093657e-06
-8.40868252822118e-07
-7.894382456911294e-07
-7.719899292242665e-07
-7.640117816354467e-07
-7.584769581924063e-07
-7.533606239166579e-07
-7.480815860325984e-07
-7.424777584645696e-07
-7.365093618023471e-07
-7.301726032788364e-07
-7.234744865985598e-07
-7.164254243187579e-07
-7.090370388266971e-07
-7.01321478612092e-07
-6.932911791178932e-07
-6.849587533851258e-07
-6.763369220598981e-07
-6.674384572102477e-07
-6.582761308839229e-07
-6.488626677154442e-07
-6.392107005872234e-07
-6.293327291713714e-07
-6.192410812602309e-07
-6.089478781463125e-07
-5.984650015250111e-07
-5.878040662450274e-07
-5.769763927059891e-07
-5.659929853005969e-07
-5.548645131587904e-07
-5.43601291931583e-07
-5.322132704534667e-07
-5.207100184518663e-07
-5.09100718535573e-07
-4.973941581883216e-07
-4.855987276070836e-07
-4.73722414993395e-07
-4.617728080221466e-07
-4.497570934149462e-07
-4.376820601175464e-07
-4.255541037159491e-07
-4.133792311850003e-07
-4.011630693973348e-07
-3.889108697617087e-07
-3.766275193468939e-07
-3.643175478893e-07
-3.519851388938731e-07
-3.396341396329625e-07
-3.272680718861062e-07
-3.148901439312176e-07
-3.025032609182215e-07
-2.901100380631326e-07
-2.777128119541399e-07
-2.653136540830093e-07
-2.529143809997432e-07
-2.405165676485108e-07
-2.281215589430145e-07
-2.157304823112577e-07
-2.033442603681371e-07
-1.909636224551452e-07
-1.78589116964356e-07
-1.662211227769653e-07
-1.538598614647624e-07
-1.415054082744111e-07
-1.291577043197758e-07
-1.168165674915999e-07
-1.044817035956974e-07
-9.215271685970921e-08
-7.982912181288722e-08
-6.751035390004425e-08
-5.519578069043301e-08
-4.288471215192876e-08
-3.057641097247522e-08
-1.827010357199275e-08
-5.964990095815815e-09
6.339744619949523e-09
1.864492144666925e-08
3.095135529828352e-08
4.325984656866673e-08
5.557116903890613e-08
6.788606010476659e-08
8.020520907586915e-08
9.252924738597596e-08
1.048587390828724e-07
1.171941689647063e-07
1.295359321193908e-07
1.41884322199403e-07
1.542395208783869e-07
1.666015874818627e-07
1.789704464689824e-07
1.913458761023072e-07
2.037274968727817e-07
2.161147595454821e-07
2.285069339220605e-07
2.409030970018806e-07
2.533021205266011e-07
2.65702658685354e-07
2.78103135808913e-07
2.905017344072063e-07
3.028963833618058e-07
3.152847448498438e-07
3.2766420128733e-07
3.40031845037013e-07
3.523844670984775e-07
3.647185446126161e-07
3.770302288823563e-07
3.893153346492749e-07
4.015693299185173e-07
4.137873266592276e-07
4.259640715259472e-07
4.380939363199771e-07
4.501709106676243e-07
4.621885968077222e-07
4.741402041362959e-07
4.860185439648503e-07
4.978160265489024e-07
5.095246603681793e-07
5.211360529767938e-07
5.326414131571298e-07
5.44031555164155e-07
5.55296905499635e-07
5.664275122084541e-07
5.774130565411512e-07
5.882428667395728e-07
5.989059345944726e-07
6.09390935483796e-07
6.196862511217189e-07
6.29779996045067e-07
6.396600456128023e-07
6.493140678964906e-07
6.587295593288117e-07
6.678938831874412e-07
6.767943106914325e-07
6.854180659672026e-07
6.937523728937445e-07
7.017845067653924e-07
7.09501850176801e-07
7.168919631502769e-07
7.239426933037589e-07
7.306424147151186e-07
7.369807107711068e-07
7.429505739481185e-07
7.485557940211029e-07
7.538361469930548e-07
7.589537155420863e-07
7.644896892258166e-07
7.724689007283296e-07
7.899181924905019e-07
8.413490836424396e-07
1.013256657503515e-06
1.616786748244836e-06
3.804946383708426e-06
1.294994675853382e-05
5.380232212192214e-05
0.0001706285871573782
-0.0001734911123896104
-5.466848586828649e-05
-1.311780730303003e-05
-3.816569985591302e-06
-1.591137435408417e-06
-9.774566045457915e-07
-8.02810504131889e-07
-7.50734046273558e-07
-7.332529986867884e-07
-7.254361664414531e-07
-7.201358446200667e-07
-7.152917775871614e-07
-7.103119704894057e-07
-7.050306463944462e-07
-6.994063791032256e-07
-6.934343039290271e-07
-6.871205033068844e-07
-6.804744992898889e-07
-6.735070231624841e-07
-6.662293260839045e-07
-6.58652941835365e-07
-6.507895813097778e-07
-6.426510666954753e-07
-6.342492792472296e-07
-6.255961116997695e-07
-6.167034244181932e-07
-6.075830040259565e-07
-5.982465248529026e-07
-5.887055129382228e-07
-5.789713133635346e-07
-5.690550588726885e-07
-5.589676444312376e-07
-5.487197007717908e-07
-5.383215735580643e-07
-5.277833050391378e-07
-5.171146161381023e-07
-5.06324893064187e-07
-4.954231753795112e-07
-4.844181479394314e-07
-4.733181322107787e-07
-4.621310838578361e-07
-4.508645873843682e-07
-4.395258566766219e-07
-4.281217339236404e-07
-4.166586920761312e-07
-4.05142838176232e-07
-3.935799170795808e-07
-3.819753189596631e-07
-3.703340829016944e-07
-3.586609069568984e-07
-3.469601542583137e-07
-3.352358628810344e-07
-3.234917547730211e-07
-3.117312456507679e-07
-2.999574559120257e-07
-2.881732199903936e-07
-2.763810983995958e-07
-2.645833882685899e-07
-2.527821358159994e-07
-2.409791455635593e-07
-2.291759929340961e-07
-2.173740350919314e-07
-2.055744227661476e-07
-1.93778111828217e-07
-1.819858742286111e-07
-1.701983095726248e-07
-1.584158561575237e-07
-1.46638802298452e-07
-1.348672966852222e-07
-1.231013598048616e-07
-1.113408945581886e-07
-9.958569665683331e-08
-8.783546477828411e-08
-7.60898117642037e-08
-6.434827490837378e-08
-5.261032642312969e-08
-4.087538350499462e-08
-2.91428180878743e-08
-1.741196745727683e-08
-5.682143612550966e-09
6.047356166865413e-09
1.777724005519754e-08
2.950821049860406e-08
4.124095604130191e-08
5.297613981382016e-08
6.471438978800501e-08
7.645628805306405e-08
8.820236133912429e-08
9.995307213290307e-08
1.11708806978431e-07
1.234698663886545e-07
1.352364539516645e-07
1.470086662230015e-07
1.587864831077323e-07
1.705697558771108e-07
1.823581961012733e-07
1.941513648834472e-07
2.059486616437649e-07
2.177493137430927e-07
2.295523649856943e-07
2.413566639467125e-07
2.53160852786823e-07
2.649633551957781e-07
2.767623651913619e-07
2.885558370024826e-07
3.00341472716546e-07
3.12116709506932e-07
3.238787100934202e-07
3.356243536786661e-07
3.473502238871499e-07
3.590525971274475e-07
3.707274333861184e-07
3.823703675091643e-07
3.939767007086062e-07
4.055413917522811e-07
4.170590489816562e-07
4.285239245537135e-07
4.399299096460888e-07
4.512705297120788e-07
4.625389405718957e-07
4.737279263440713e-07
4.848298993827467e-07
4.95836901902665e-07
5.067406087902483e-07
5.175323323931227e-07
5.282030294653341e-07
5.387433106056848e-07
5.491434519286961e-07
5.593934089124e-07
5.694828321633139e-07
5.79401087085229e-07
5.891372757476231e-07
5.986802616430652e-07
6.080186965917982e-07
6.17141050768042e-07
6.260356460466581e-07
6.34690692088071e-07
6.430943246112269e-07
6.512346475481379e-07
6.59099775863627e-07
6.666778833779727e-07
6.739572551926849e-07
6.80926353362854e-07
6.875739229602982e-07
6.938892294912725e-07
6.998627473689871e-07
7.05488390637513e-07
7.107710210342086e-07
7.157520615171822e-07
7.205972861107612e-07
7.258986868133017e-07
7.337165168606645e-07
7.511984789003176e-07
8.032757656312763e-07
9.779226064121906e-07
1.591604085021166e-06
3.817037184989661e-06
1.311826615343366e-05
5.466891163169615e-05
0.0001734921780290899
-0.0001763551439463301
-5.553552608060673e-05
-1.328657528472836e-05
-3.829106785878338e-06
-1.566397464632309e-06
-9.425610957595872e-07
-7.651707609550609e-07
-7.124421531289653e-07
-6.94921928926296e-07
-6.872592589849344e-07
-6.821856204476361e-07
-6.776053823274401e-07
-6.729157955736934e-07
-6.679474424189449e-07
-6.626573014740325e-07
-6.570394888366659e-07
-6.510992189203082e-07
-6.448451765748973e-07
-6.382872549320686e-07
-6.314358601194843e-07
-6.243016754546565e-07
-6.168955594086761e-07
-6.092284836749085e-07
-6.013114845894986e-07
-5.931556191266753e-07
-5.847719245270086e-07
-5.761713797406018e-07
-5.67364869598799e-07
-5.583631513927227e-07
-5.491768242824779e-07
-5.398162995181043e-07
-5.302917767416534e-07
-5.206132188907792e-07
-5.107903319676239e-07
-5.008325476646556e-07
-4.907490060764198e-07
-4.805485422987934e-07
-4.702396748941174e-07
-4.598305980203838e-07
-4.493291721012174e-07
-4.38742921190295e-07
-4.280790273282368e-07
-4.17344330306145e-07
-4.065453260070666e-07
-3.956881681680583e-07
-3.847786708834246e-07
-3.738223113943865e-07
-3.628242367143736e-07
-3.517892662407295e-07
-3.407219008135062e-07
-3.296263280916095e-07
-3.185064314080919e-07
-3.073657975687269e-07
-2.962077259598177e-07
-2.850352384966063e-07
-2.738510880608115e-07
-2.626577693962681e-07
-2.514575288592443e-07
-2.402523760527859e-07
-2.290440921643369e-07
-2.178342417827717e-07
-2.066241828939143e-07
-1.954150780787802e-07
-1.842079050902016e-07
-1.730034673092573e-07
-1.618024043958694e-07
-1.506052029034357e-07
-1.394122068672737e-07
-1.282236276012305e-07
-1.170395542614027e-07
-1.0585996408079e-07
-9.468473208650559e-08
-8.351364096147386e-08
-7.234639147787437e-08
-6.118261249511647e-08
-5.002187075393046e-08
-3.88636805859842e-08
-2.770751315910711e-08
-1.65528063671249e-08
-5.398974083627152e-09
5.754584046817304e-09
1.690847316270584e-08
2.806329342751782e-08
3.921963127433513e-08
5.037804930821756e-08
6.153907622297525e-08
7.2703197130003e-08
8.387084430345497e-08
9.504238854619776e-08
1.062181286864222e-07
1.173982812132783e-07
1.28582970179857e-07
1.397722178272733e-07
1.509659351879537e-07
1.621639111102021e-07
1.733658016052943e-07
1.845711195728741e-07
1.957792242391996e-07
2.069893115819771e-07
2.18200403670555e-07
2.294113374898823e-07
2.406207542339043e-07
2.518270885391668e-07
2.630285576234857e-07
2.742231519507248e-07
2.854086244908682e-07
2.965824786667407e-07
3.077419587905756e-07
3.188840422650626e-07
3.300054293037712e-07
3.411025318299373e-07
3.521714643663012e-07
3.632080370954295e-07
3.742077486064928e-07
3.851657773773788e-07
3.960769748896296e-07
4.069358611729215e-07
4.177366207496561e-07
4.284730984726767e-07
4.391387964181307e-07
4.497268727796621e-07
4.60230142558451e-07
4.70641079655949e-07
4.809518201862807e-07
4.911541675748748e-07
5.012395995576609e-07
5.111992777441641e-07
5.210240592086135e-07
5.307045102180403e-07
5.402309213339501e-07
5.495933261279996e-07
5.587815223823761e-07
5.677850951332198e-07
5.765934422155973e-07
5.851958029243408e-07
5.935812888338857e-07
6.017389174986743e-07
6.096576479694374e-07
6.173264201512154e-07
6.247341942744255e-07
6.318699947745754e-07
6.387229593581041e-07
6.452824011028478e-07
6.515379104297589e-07
6.574795910571966e-07
6.630987549264299e-07
6.683901845534328e-07
6.733597610737648e-07
6.780505026578489e-07
6.826318244499281e-07
6.877064731503943e-07
6.953700774647313e-07
7.128911577626027e-07
7.656205413406648e-07
9.430115691327111e-07
1.566848544331932e-06
3.829558380124589e-06
1.328701835434463e-05
5.553593548363031e-05
0.0001763562039691476
-0.0001792195840484378
-5.640297417152243e-05
-1.34557497338227e-05
-3.842047837427603e-06
-1.542058739567898e-06
-9.080630569342891e-07
-7.279239648118438e-07
-6.745379642179049e-07
-6.569726319677635e-07
-6.494575390734699e-07
-6.44603382760637e-07
-6.402791975175873e-07
-6.358715233395996e-07
-6.312073468572878e-07
-6.262420982024174e-07
-6.209689219736784e-07
-6.153922128681798e-07
-6.09519866980032e-07
-6.033609876047237e-07
-5.969251836418397e-07
-5.902223348040979e-07
-5.832624927301108e-07
-5.760558226531323e-07
-5.686125583081428e-07
-5.609429612073441e-07
-5.530572835100137e-07
-5.44965732419238e-07
-5.366784366943475e-07
-5.282054157704856e-07
-5.195565513744627e-07
-5.107415591918471e-07
-5.017699668505541e-07
-4.926510902690125e-07
-4.83394014128554e-07
-4.740075753852802e-07
-4.645003469112746e-07
-4.548806241547922e-07
-4.451564139067168e-07
-4.353354267638833e-07
-4.254250674112412e-07
-4.154324317365392e-07
-4.053643011301342e-07
-3.952271416700818e-07
-3.850271018655556e-07
-3.747700138312246e-07
-3.644613951172489e-07
-3.541064507263351e-07
-3.437100789758542e-07
-3.332768731832796e-07
-3.228111297575636e-07
-3.123168530019085e-07
-3.017977631301447e-07
-2.912573030252167e-07
-2.80698646475855e-07
-2.70124707188117e-07
-2.595381465075707e-07
-2.48941383211345e-07
-2.383366024988907e-07
-2.277257668786221e-07
-2.17110623776861e-07
-2.064927164401713e-07
-1.958733929353498e-07
-1.852538169457305e-07
-1.746349774688716e-07
-1.640176988291756e-07
-1.534026503326142e-07
-1.427903563604443e-07
-1.321812062133917e-07
-1.21575463509163e-07
-1.109732758396883e-07
-1.003746847117119e-07
-8.977963455458229e-08
-7.918798215690974e-08
-6.859950627861265e-08
-5.801391751381781e-08
-4.743086750306593e-08
-3.684995812832017e-08
-2.627075018469464e-08
-1.569277248953824e-08
-5.115531255987221e-09
5.461481114557315e-09
1.603877621761222e-08
2.661686139164163e-08
3.719623031517774e-08
4.777735464926147e-08
5.836067363509715e-08
6.894658496937381e-08
7.953543631728728e-08
9.012751648739735e-08
1.007230462291454e-07
1.113221679249147e-07
1.219249362745021e-07
1.325313096609028e-07
1.431411402861977e-07
1.537541644898732e-07
1.64369993102015e-07
1.749881013169137e-07
1.856078188285451e-07
1.962283209184494e-07
2.068486184038101e-07
2.174675472809606e-07
2.280837583635327e-07
2.386957075498615e-07
2.493016464003689e-07
2.598996122201237e-07
2.704874185838617e-07
2.810626452066492e-07
2.916226286303311e-07
3.021644540507135e-07
3.126849471403516e-07
3.231806641960501e-07
3.336478830419067e-07
3.44082597003153e-07
3.544805088908699e-07
3.648370234986807e-07
3.751472413057125e-07
3.854059547018415e-07
3.956076449204438e-07
4.057464786148366e-07
4.158163052800069e-07
4.258106569281016e-07
4.357227493415263e-07
4.455454845769199e-07
4.552714546959169e-07
4.648929469578183e-07
4.744019508016504e-07
4.837901675227997e-07
4.930490216834537e-07
5.021696743075645e-07
5.111430376489828e-07
5.199597927466267e-07
5.286104095498304e-07
5.370851688285748e-07
5.453741860332712e-07
5.534674385548164e-07
5.613547942893368e-07
5.690260428282807e-07
5.764709284951775e-07
5.83679186693603e-07
5.906405804962183e-07
5.97344941165537e-07
6.037822133815726e-07
6.099425141914688e-07
6.158162317587194e-07
6.21394259781612e-07
6.266686989837376e-07
6.316351519657482e-07
6.363004717861885e-07
6.407092252302592e-07
6.450344231193332e-07
6.498895233363765e-07
6.574054893872627e-07
6.749716215506563e-07
7.283583466954419e-07
9.084980860075808e-07
1.542494335095974e-06
3.842483913871249e-06
1.345617711111944e-05
5.6403367302953e-05
0.0001792206385434327
-0.0001820844070828681
-5.727080458271787e-05
-1.362530520780209e-05
-3.855367879316341e-06
-1.518096245095825e-06
-8.73937781075166e-07
-6.910457767909091e-07
-6.369975658911725e-07
-6.193816734165287e-07
-6.120081020530546e-07
-6.073668033111902e-07
-6.032915139914491e-07
-5.991581022005911e-07
-5.947899998059693e-07
-5.901411306868038e-07
-5.852037110929638e-07
-5.799813598218821e-07
-5.744812283108082e-07
-5.687116740218715e-07
-5.626815521841333e-07
-5.563999817465014e-07
-5.498762492673534e-07
-5.431197539397811e-07
-5.361399658237976e-07
-5.289463881341702e-07
-5.215485231693551e-07
-5.139558395953171e-07
-5.061777412807568e-07
-4.982235387042841e-07
-4.901024227712788e-07
-4.818234379996436e-07
-4.733954619965329e-07
-4.648271833336077e-07
-4.561270829247744e-07
-4.473034182856814e-07
-4.383642082465359e-07
-4.29317219843638e-07
-4.201699572227448e-07
-4.109296546403548e-07
-4.016032665645325e-07
-3.921974646011437e-07
-3.827186317725064e-07
-3.731728612838781e-07
-3.635659537821943e-07
-3.539034180880962e-07
-3.441904723858024e-07
-3.344320455660302e-07
-3.246327824160276e-07
-3.147970446375427e-07
-3.04928917948672e-07
-2.950322163828217e-07
-2.851104895333151e-07
-2.751670283889993e-07
-2.652048726908843e-07
-2.552268191331309e-07
-2.452354284248027e-07
-2.352330340231298e-07
-2.25221750509098e-07
-2.152034836581139e-07
-2.051799373515439e-07
-1.951526236006549e-07
-1.851228707280272e-07
-1.750918335777021e-07
-1.650605024775773e-07
-1.550297127625679e-07
-1.450001535704856e-07
-1.34972377411329e-07
-1.249468091050369e-07
-1.149237547792951e-07
-1.04903410804792e-07
-9.488587338690887e-08
-8.487114693426272e-08
-7.48591529723989e-08
-6.484973899614971e-08
-5.484268813029692e-08
-4.48377276593181e-08
-3.483453769168462e-08
-2.483275944421367e-08
-1.483200370288334e-08
-4.831859898571158e-09
5.168095752772792e-09
1.516829044402353e-08
2.516914759670021e-08
3.517107757889274e-08
4.517447000399992e-08
5.517968368069617e-08
6.518703798318528e-08
7.519680523606598e-08
8.520920170777963e-08
9.522437931127719e-08
1.05242415842394e-07
1.152633060090708e-07
1.252869536584209e-07
1.353131621343579e-07
1.453416250864811e-07
1.553719175231261e-07
1.654034867161526e-07
1.754356429154659e-07
1.854675503990545e-07
1.954982186922325e-07
2.055264929388656e-07
2.155510434093698e-07
2.255703567736247e-07
2.355827285712887e-07
2.455862534069842e-07
2.555788147910719e-07
2.655580774494684e-07
2.755214792805306e-07
2.85466222736778e-07
2.953892672118357e-07
3.052873208246687e-07
3.151568324449736e-07
3.249939857751299e-07
3.347946940204395e-07
3.445545937959497e-07
3.542690394215945e-07
3.639330995385253e-07
3.735415547656658e-07
3.830888951161428e-07
3.925693181091137e-07
4.019767288765409e-07
4.113047416487093e-07
4.205466827396225e-07
4.296955945794702e-07
4.387442409050358e-07
4.476851137159576e-07
4.565104429916058e-07
4.652122076988382e-07
4.737821482304264e-07
4.822117809017542e-07
4.904924145475537e-07
4.986151691340671e-07
5.065709968654517e-07
5.143507043982541e-07
5.219449782606773e-07
5.293444114173179e-07
5.365395321908188e-07
5.435208348998085e-07
5.502788133108078e-07
5.568039942754957e-07
5.630869755648135e-07
5.691184673888518e-07
5.748893476890828e-07
5.803907585860269e-07
5.85614339970152e-07
5.905529373139518e-07
5.9520292920893e-07
5.995720974318989e-07
6.037065154952041e-07
6.077827490976281e-07
6.124249279169131e-07
6.19799313253238e-07
6.37415951322342e-07
6.914648374181073e-07
8.743574445983378e-07
1.518516436375338e-06
3.855788519080853e-06
1.362571697516844e-05
5.727118152571402e-05
0.0001820854561332634
-0.0001849495881845196
-5.813899250012879e-05
-1.379521700052707e-05
-3.869042374662395e-06
-1.494485673589965e-06
-8.401612480663301e-07
-6.545125204176737e-07
-5.997976788952001e-07
-5.821262219431354e-07
-5.748886120456301e-07
-5.704540858360102e-07
-5.666211156318514e-07
-5.627549328620228e-07
-5.586754514705613e-07
-5.543351271901148e-07
-5.497252869942288e-07
-5.448488134947333e-07
-5.397121535144336e-07
-5.343229586607785e-07
-5.286893701759493e-07
-5.228197853301692e-07
-5.167227637754016e-07
-5.104069757127242e-07
-5.038811632419655e-07
-4.971541054660578e-07
-4.902345873235191e-07
-4.831313696901255e-07
-4.758531604975152e-07
-4.68408588177773e-07
-4.608061776409621e-07
-4.530543250533397e-07
-4.45161278644052e-07
-4.371351182654923e-07
-4.289837377609516e-07
-4.207148298750408e-07
-4.123358720344808e-07
-4.038541137341312e-07
-3.952765654685409e-07
-3.866099923777434e-07
-3.778609043836917e-07
-3.690355529561952e-07
-3.601399253635046e-07
-3.511797431770328e-07
-3.42160459219722e-07
-3.330872579072508e-07
-3.239650559320195e-07
-3.147985028357027e-07
-3.055919857214052e-07
-2.963496298709607e-07
-2.870753049481215e-07
-2.777726285910358e-07
-2.684449730675314e-07
-2.590954702675179e-07
-2.497270182839065e-07
-2.403422887669591e-07
-2.309437334700238e-07
-2.215335921156638e-07
-2.121139000310124e-07
-2.026864973390086e-07
-1.932530352374825e-07
-1.838149853017856e-07
-1.743736470084974e-07
-1.64930157257181e-07
-1.554854985216871e-07
-1.460405078836499e-07
-1.365958851028502e-07
-1.27152201596736e-07
-1.177099085429351e-07
-1.082693454540676e-07
-9.883074853023949e-08
-8.939425968230489e-08
-7.995993425247219e-08
-7.052774964417917e-08
-6.109761344342827e-08
-5.166937256707648e-08
-4.224282117221144e-08
-3.281770888369129e-08
-2.339374857111869e-08
-1.397062441409163e-08
-4.548000373518188e-09
4.874471758931027e-09
1.429714354688003e-08
2.372036292919324e-08
3.314446585328079e-08
4.256976837797008e-08
5.199655756084782e-08
6.142508318642774e-08
7.085555048476346e-08
8.028811218483211e-08
8.972286041937829e-08
9.915981730318301e-08
1.085989265604528e-07
1.180400461362384e-07
1.274829393601327e-07
1.369272665997133e-07
1.463725764546021e-07
1.558182972176618e-07
1.652637288151887e-07
1.7470803395199e-07
1.841502297434144e-07
1.93589179580552e-07
2.030235829158045e-07
2.124519663025455e-07
2.218726776515144e-07
2.312838778040052e-07
2.406835297938448e-07
2.500693916052578e-07
2.594390100292255e-07
2.687897131113903e-07
2.781186020079294e-07
2.874225436113623e-07
2.966981642862615e-07
3.05941844406453e-07
3.151497132848409e-07
3.243176439894197e-07
3.334412485911588e-07
3.425158752814031e-07
3.51536606277079e-07
3.604982559583631e-07
3.69395369895653e-07
3.782222250853723e-07
3.869728315681814e-07
3.956409358217543e-07
4.042200249672233e-07
4.127033318860376e-07
4.210838422037515e-07
4.293543038515783e-07
4.375072375233854e-07
4.455349483770666e-07
4.534295399928109e-07
4.611829303195008e-07
4.687868686658501e-07
4.762329558039444e-07
4.835126649370857e-07
4.906173648303994e-07
4.975383445080567e-07
5.042668402075049e-07
5.107940636010147e-07
5.171112326942606e-07
5.232096024650066e-07
5.290805000267803e-07
5.347153630739234e-07
5.401057915035548e-07
5.452436414326338e-07
5.501212588978714e-07
5.547321943505186e-07
5.590735626095532e-07
5.631540347726247e-07
5.670211530046565e-07
5.708550013381705e-07
5.752903460422892e-07
5.825287127468522e-07
6.002008627605392e-07
6.549163318564475e-07
8.405656197238119e-07
1.494890535435658e-06
3.869447653282938e-06
1.379561323425522e-05
5.813935333184461e-05
0.0001849506318679359
-0.0001878151031739119
-5.900751379190893e-05
-1.396546108100258e-05
-3.883047450757383e-06
-1.471203366813893e-06
-8.067100687047256e-07
-6.183011281478523e-07
-5.629156076771286e-07
-5.451840017322747e-07
-5.380772578958088e-07
-5.338439256807045e-07
-5.302472427906897e-07
-5.266418356798796e-07
-5.228441335725463e-07
-5.18805158416075e-07
-5.145153832303815e-07
-5.0997699036363e-07
-5.051957583197107e-07
-5.001786691714899e-07
-4.94933186221932e-07
-4.894670206638557e-07
-4.837880400990535e-07
-4.779042195437397e-07
-4.718236057889109e-07
-4.655542852696541e-07
-4.591043555085347e-07
-4.524818979877002e-07
-4.456949514762003e-07
-4.38751487303749e-07
-4.316593874230501e-07
-4.244264209243787e-07
-4.170602260859589e-07
-4.095682915231139e-07
-4.01957939758999e-07
-3.94236312726797e-07
-3.864103585338441e-07
-3.784868195366804e-07
-3.704722213932252e-07
-3.623728672470021e-07
-3.541948281560501e-07
-3.459439397148835e-07
-3.376257963435401e-07
-3.292457496265992e-07
-3.208089049987631e-07
-3.123201218019973e-07
-3.037840135521039e-07
-2.952049478767807e-07
-2.865870507872599e-07
-2.779342069910613e-07
-2.692500653530749e-07
-2.605380417373631e-07
-2.518013250875112e-07
-2.430428817381788e-07
-2.342654613166134e-07
-2.254716032117368e-07
-2.166636426850501e-07
-2.078437179735389e-07
-1.990137772232947e-07
-1.901755867134812e-07
-1.813307366335144e-07
-1.724806496989074e-07
-1.636265880396113e-07
-1.547696620918603e-07
-1.459108379913533e-07
-1.370509460562331e-07
-1.281906881073669e-07
-1.193306458110728e-07
-1.104712880611614e-07
-1.016129792260763e-07
-9.275598694216566e-08
-8.390049043763976e-08
-7.504658769293355e-08
-6.619430362136331e-08
-5.734359752646176e-08
-4.849437179862898e-08
-3.964647929196393e-08
-3.079973105279918e-08
-2.195390341991227e-08
-1.310874593974931e-08
-4.263988946221601e-09
4.580648268309736e-09
1.3425450054402e-08
2.227069680506366e-08
3.11166580087105e-08
3.996358431961774e-08
4.88116991370877e-08
5.766119102377834e-08
6.651220635923645e-08
7.536484253446435e-08
8.421913996423431e-08
9.307507344730242e-08
1.019325444516408e-07
1.107913733977368e-07
1.196512918500216e-07
1.285119353400562e-07
1.373728347916221e-07
1.462334082321343e-07
1.550929535323319e-07
1.639506405327314e-07
1.728055026674489e-07
1.816564295463411e-07
1.905021583352431e-07
1.993412646541826e-07
2.081721568648843e-07
2.169930693553638e-07
2.25802053228647e-07
2.345969680589409e-07
2.433754766224441e-07
2.521350392856965e-07
2.608729061214747e-07
2.695861095630634e-07
2.782714591708591e-07
2.869255373211326e-07
2.955446944541245e-07
3.041250441281604e-07
3.126624594318693e-07
3.211525706907191e-07
3.295907634542889e-07
3.379721772370426e-07
3.462917051291191e-07
3.545439942244237e-07
3.627234474894278e-07
3.708242274212464e-07
3.788402601739119e-07
3.867652405726256e-07
3.945926392424312e-07
4.023157115984401e-07
4.099275077677691e-07
4.174208839277238e-07
4.247885152419113e-07
4.320229110578468e-07
4.391164307339473e-07
4.460613023196208e-07
4.528496422927775e-07
4.59473476780853e-07
4.659247641659307e-07
4.721954202001954e-07
4.782773439628764e-07
4.841624462882902e-07
4.89842677699231e-07
4.953100606680297e-07
5.005567253161473e-07
5.055749581325493e-07
5.103572932791118e-07
5.148967464408862e-07
5.191875368168321e-07
5.232274797474496e-07
5.270261001812406e-07
5.306323741090953e-07
5.342298707796298e-07
5.384639617428364e-07
5.455714071241747e-07
5.633036553515726e-07
6.18689757370083e-07
8.070992170555318e-07
1.471592969127104e-06
3.883437438863423e-06
1.39658418520022e-05
5.900785858365221e-05
0.0001878161415621655
-0.0001906809284988151
-5.987634495045879e-05
-1.413601403619812e-05
-3.897359843080529e-06
-1.44822626144044e-06
-7.735614321094739e-07
-5.823890910294176e-07
-5.263291926452059e-07
-5.085332476492614e-07
-5.015527114437368e-07
-4.975154713653376e-07
-4.941495573620154e-07
-4.907990193807734e-07
-4.872768317541381e-07
-4.835326136569279e-07
-4.7955601598767e-07
-4.753485532857581e-07
-4.709153685629198e-07
-4.662628072955012e-07
-4.613976875544058e-07
-4.563270667443065e-07
-4.510581521049197e-07
-4.455982542687972e-07
-4.399547545396175e-07
-4.341350754934368e-07
-4.281466548189597e-07
-4.21996920691009e-07
-4.156932673326198e-07
-4.092430319972829e-07
-4.02653475039578e-07
-3.959317582361401e-07
-3.890849280808676e-07
-3.821198983355738e-07
-3.750434349699725e-07
-3.678621422737911e-07
-3.605824504891328e-07
-3.532106047615662e-07
-3.457526544060225e-07
-3.382144475538506e-07
-3.306016219901267e-07
-3.229196017535409e-07
-3.15173591486092e-07
-3.073685747575247e-07
-2.995093103904232e-07
-2.916003323076909e-07
-2.836459495630326e-07
-2.756502458783881e-07
-2.676170834102272e-07
-2.595501027972508e-07
-2.514527279040622e-07
-2.433281680615471e-07
-2.351794235154724e-07
-2.270092892764366e-07
-2.188203603924565e-07
-2.106150375963887e-07
-2.023955329065893e-07
-1.941638759248435e-07
-1.859219202499142e-07
-1.776713508355909e-07
-1.694136893277335e-07
-1.611503019206463e-07
-1.528824055957706e-07
-1.44611076395543e-07
-1.363372561945487e-07
-1.280617606352263e-07
-1.197852856357045e-07
-1.115084151593582e-07
-1.03231627911632e-07
-9.495530511190793e-08
-8.667973784745794e-08
-7.840513485537599e-08
-7.013162905971382e-08
-6.18592850319256e-08
-5.358810595612415e-08
-4.531804190501121e-08
-3.704899680302706e-08
-2.878083537518812e-08
-2.051338983532943e-08
-1.224646757563773e-08
-3.979857753431307e-09
4.286660656922192e-09
1.255331237407862e-08
2.082031807293662e-08
2.908788834233866e-08
3.735621587675754e-08
4.562546781976943e-08
5.38957792853364e-08
6.216724591064407e-08
7.04399174467582e-08
7.871379033113937e-08
8.698879957468398e-08
9.526481194513673e-08
1.035416186414118e-07
1.118189276361133e-07
1.200963572975417e-07
1.283734288113668e-07
1.3664955797829e-07
1.449240483088252e-07
1.531960846302413e-07
1.614647251558434e-07
1.697288935378113e-07
1.779873716282427e-07
1.862387924091159e-07
1.944816328203432e-07
2.027142077911396e-07
2.10934663223725e-07
2.191409678932166e-07
2.273309077955806e-07
2.355020815917384e-07
2.436518942359304e-07
2.517775497667818e-07
2.598760462407488e-07
2.679441726741953e-07
2.759785047967469e-07
2.839754003364957e-07
2.919309962104578e-07
2.998412067483128e-07
3.077017220393903e-07
3.155080071328031e-07
3.232553018211028e-07
3.309386212778904e-07
3.385527583800973e-07
3.46092287417305e-07
3.535515679802226e-07
3.609247499614397e-07
3.682057805090912e-07
3.753884124915873e-07
3.824662138414353e-07
3.89432578626193e-07
3.962807390132999e-07
4.030037792292859e-07
4.095946506167211e-07
4.160461887739583e-07
4.223511317768378e-07
4.285021400128773e-07
4.344918167377051e-07
4.403127312296249e-07
4.459574425030868e-07
4.514185254246078e-07
4.566885962058477e-07
4.617603418294541e-07
4.666265529125949e-07
4.712801701234603e-07
4.757143733497108e-07
4.799228150597788e-07
4.839003501328474e-07
4.876454620492729e-07
4.911684979748164e-07
4.945198364871823e-07
4.97886501777667e-07
5.019244423550411e-07
5.089056264336802e-07
5.267021645715583e-07
5.827625999137329e-07
7.73935420282292e-07
1.448600668649235e-06
3.89773460621369e-06
1.413637941052496e-05
5.987667376835094e-05
0.0001906819616581116
-0.0001935470411795775
-6.074546303814652e-05
-1.430685301744022e-05
-3.911956842639198e-06
-1.425531837775393e-06
-7.406930561517134e-07
-5.467544111780719e-07
-4.900167649726319e-07
-4.721526626622509e-07
-4.652940878402189e-07
-4.614482879729542e-07
-4.583081093313499e-07
-4.552070508818533e-07
-4.51954658847512e-07
-4.484991774674272e-07
-4.448294642094666e-07
-4.409463950972118e-07
-4.368545072553311e-07
-4.325595393141825e-07
-4.280676936976922e-07
-4.23385403185838e-07
-4.1851924336189e-07
-4.134758885192359e-07
-4.082620816779954e-07
-4.02884607846046e-07
-3.973502700878044e-07
-3.916658671400685e-07
-3.858381712288544e-07
-3.798739067589847e-07
-3.73779732191017e-07
-3.675622202862458e-07
-3.612278426146801e-07
-3.547829533642472e-07
-3.482337757469525e-07
-3.415863887384096e-07
-3.348467155071124e-07
-3.280205133454139e-07
-3.211133633367586e-07
-3.141306654281586e-07
-3.070776296022325e-07
-2.999592726118565e-07
-2.927804124959149e-07
-2.855456668551611e-07
-2.782594489560266e-07
-2.709259672959756e-07
-2.635492256356989e-07
-2.561330222772113e-07
-2.486809532443839e-07
-2.411964120670981e-07
-2.336825939904002e-07
-2.261424976227467e-07
-2.185789298329601e-07
-2.10994509110599e-07
-2.033916704311138e-07
-1.957726701516931e-07
-1.881395909773374e-07
-1.804943474566578e-07
-1.728386919140235e-07
-1.651742211442857e-07
-1.575023813001381e-07
-1.498244750400178e-07
-1.421416671037197e-07
-1.344549919545761e-07
-1.267653599338579e-07
-1.19073564543171e-07
-1.113802883464259e-07
-1.036861103096028e-07
-9.599151169933814e-08
-8.829688321249948e-08
-8.060253206573404e-08
-7.290868917992141e-08
-6.521551506600308e-08
-5.752310657221321e-08
-4.983150362363907e-08
-4.21406967895712e-08
-3.445063393590401e-08
-2.67612263136222e-08
-1.907235497476686e-08
-1.13838776428248e-08
-3.695635275173725e-09
3.992540640789879e-09
1.168082195379176e-08
1.936937692475033e-08
2.705836432439145e-08
3.474792616177426e-08
4.243818070822643e-08
5.012921635299339e-08
5.782108511327555e-08
6.551379656930878e-08
7.320731046958889e-08
8.090152941899273e-08
8.859629253754149e-08
9.629136882533098e-08
1.039864504414627e-07
1.116811460003294e-07
1.19374974090137e-07
1.270673559017193e-07
1.347576079436208e-07
1.424449367335702e-07
1.501284329005739e-07
1.578070619054183e-07
1.654796571472854e-07
1.731449153173801e-07
1.808013895014505e-07
1.884474824273859e-07
1.960814407024142e-07
2.037013485998426e-07
2.11305121957616e-07
2.188905036543569e-07
2.264550587078421e-07
2.339961677557488e-07
2.415110223194038e-07
2.489966221564734e-07
2.564497716669629e-07
2.638670759805981e-07
2.712449382912057e-07
2.785795583477933e-07
2.85866931509994e-07
2.931028483039873e-07
3.002828942125009e-07
3.074024504993658e-07
3.144566968604097e-07
3.214406150704287e-07
3.283489926844691e-07
3.351764279737834e-07
3.419173364834682e-07
3.485659590541489e-07
3.551163705599909e-07
3.615624905366863e-07
3.678980944541227e-07
3.741168261821617e-07
3.802122121024301e-07
3.861776771793779e-07
3.920065613020924e-07
3.976921377449606e-07
4.032276321450778e-07
4.086062435120189e-07
4.138211656928041e-07
4.188656112932239e-07
4.237328348855741e-07
4.28416159993905e-07
4.329090090728259e-07
4.372049475175919e-07
4.412977713353465e-07
4.451817403807447e-07
4.488523154646165e-07
4.523086186504235e-07
4.555617908544979e-07
4.586635856708167e-07
4.618044551570248e-07
4.656508988748449e-07
4.725100692244446e-07
4.903747169177839e-07
5.471128567614212e-07
7.410519421509506e-07
1.42589110877664e-06
3.91231644078834e-06
1.430720305614736e-05
6.074577594364492e-05
0.0001935480691711903
-0.0001964134187578003
-6.161484563625629e-05
-1.447795568993863e-05
-3.926816246404981e-06
-1.403098071434883e-06
-7.080831406859147e-07
-5.113755568734545e-07
-4.539571039018064e-07
-4.36021377549792e-07
-4.292809078003448e-07
-4.256223221933876e-07
-4.227033047737781e-07
-4.19846826329926e-07
-4.168590289665342e-07
-4.13686806983297e-07
-4.103182502073099e-07
-4.067536224414224e-07
-4.029968815697263e-07
-3.990531861099961e-07
-3.949281494697716e-07
-3.906276061168326e-07
-3.861575259197821e-07
-3.815239722759146e-07
-3.767330746274079e-07
-3.717910042587036e-07
-3.667039525154685e-07
-3.614781104586687e-07
-3.561196488973762e-07
-3.506346988470868e-07
-3.450293350202744e-07
-3.393095579920466e-07
-3.334812799838055e-07
-3.275503097569316e-07
-3.21522340515485e-07
-3.154029374404967e-07
-3.091975267502304e-07
-3.029113867114441e-07
-2.96549637831695e-07
-2.901172383480043e-07
-2.836189758161199e-07
-2.770594639307957e-07
-2.704431371936555e-07
-2.637742493187238e-07
-2.570568692406933e-07
-2.50294880394196e-07
-2.434919808347234e-07
-2.366516822807572e-07
-2.297773127505826e-07
-2.228720160381241e-07
-2.159387555652071e-07
-2.08980315616892e-07
-2.019993056300598e-07
-1.949981630517172e-07
-1.879791578940983e-07
-1.809443968999596e-07
-1.738958279298388e-07
-1.668352446929099e-07
-1.597642923078457e-07
-1.526844732658221e-07
-1.455971519013252e-07
-1.385035607977521e-07
-1.314048059953447e-07
-1.243018738227621e-07
-1.1719563639679e-07
-1.100868582989931e-07
-1.029762019982071e-07
-9.586423455792303e-08
-8.875143304189979e-08
-8.163819097825427e-08
-7.452482499497414e-08
-6.741158134305247e-08
-6.029864130067044e-08
-5.318612725863912e-08
-4.607410918490774e-08
-3.896261136357084e-08
-3.185161902529116e-08
-2.474108337628681e-08
-1.763092777879306e-08
-1.052105343653312e-08
-3.411346490560153e-09
3.698315947642548e-09
1.080805930450599e-08
1.791800574368525e-08
2.502826872462179e-08
3.213894641897833e-08
3.925011524487836e-08
4.636182356260819e-08
5.347408618818173e-08
6.05868788885809e-08
6.7700131423961e-08
7.481372112558583e-08
8.192746635873345e-08
8.904112048739593e-08
9.615436647265741e-08
1.032668102587005e-07
1.103779743065861e-07
1.174872919481686e-07
1.245940999687271e-07
1.316976332299882e-07
1.387970206569329e-07
1.45891276611179e-07
1.529792931897234e-07
1.600598364550971e-07
1.671315417769378e-07
1.741929064665697e-07
1.812422839323958e-07
1.882778791570655e-07
1.952977433696716e-07
2.022997693844545e-07
2.092816869281215e-07
2.162410575080015e-07
2.23175270419196e-07
2.300815398528137e-07
2.369569019235223e-07
2.437982117075507e-07
2.506021406435502e-07
2.573651751180034e-07
2.640836161691762e-07
2.707535793867016e-07
2.773709947062208e-07
2.839316075111773e-07
2.904309812275183e-07
2.96864500826021e-07
3.032273764943729e-07
3.095146484008785e-07
3.157211928412813e-07
3.218417297472862e-07
3.278708308931198e-07
3.338029297653071e-07
3.396323321368986e-07
3.45353227484282e-07
3.50959701652959e-07
3.564457520610206e-07
3.618053024297775e-07
3.670322195455031e-07
3.721203306991157e-07
3.770634428219113e-07
3.818553617508038e-07
3.864899139921279e-07
3.909609676963205e-07
3.952624575159768e-07
3.99388411971402e-07
4.03332994852237e-07
4.070905913382106e-07
4.106560418941049e-07
4.140253868541208e-07
4.171983604471042e-07
4.201868713623199e-07
4.23044023524584e-07
4.259636731651505e-07
4.296228477717609e-07
4.363638620594766e-07
4.543000871279085e-07
5.11718991545974e-07
7.084269779209806e-07
1.403442260326196e-06
3.927160734328487e-06
1.447829044868454e-05
6.161514268582373e-05
0.0001964144416383922
-0.0001992800392479227
-6.248447079676345e-05
-1.464930018510088e-05
-3.941916310509803e-06
-1.380903387664811e-06
-6.757103233642119e-07
-4.762314201440425e-07
-4.181293962521854e-07
-4.0011891260209e-07
-3.934930617259563e-07
-3.900178689231073e-07
-3.873158750628331e-07
-3.846995431143226e-07
-3.819716325098974e-07
-3.790777099345801e-07
-3.760051206376764e-07
-3.727535397580237e-07
-3.693263697341289e-07
-3.65728212919704e-07
-3.619641175871521e-07
-3.580393435764285e-07
-3.539592783891587e-07
-3.497293974787381e-07
-3.45355238997315e-07
-3.408423820316801e-07
-3.361964269266096e-07
-3.314229767750689e-07
-3.265276196729227e-07
-3.215159110005883e-07
-3.163933583106647e-07
-3.111654053699992e-07
-3.058374193624705e-07
-3.004146766454527e-07
-2.94902352122522e-07
-2.893055078214269e-07
-2.836290824860087e-07
-2.778778836761476e-07
-2.720565785128529e-07
-2.661696895992197e-07
-2.602215871173424e-07
-2.542164857855449e-07
-2.481584396324163e-07
-2.420513405986115e-07
-2.358989146024645e-07
-2.297047206624225e-07
-2.234721509387091e-07
-2.172044297220127e-07
-2.109046154695574e-07
-2.045756000805737e-07
-1.982201124122695e-07
-1.918407192350527e-07
-1.854398290161254e-07
-1.790196942824769e-07
-1.725824157695193e-07
-1.661299459062681e-07
-1.596640926758071e-07
-1.531865237170664e-07
-1.466987716305727e-07
-1.402022391149638e-07
-1.336982030513142e-07
-1.271878201361453e-07
-1.206721317153058e-07
-1.141520698109041e-07
-1.076284622275714e-07
-1.011020385629565e-07
-9.457343505878037e-08
-8.804320064878273e-08
-8.151180199127141e-08
-7.497962927506878e-08
-6.844700224996339e-08
-6.191417611239529e-08
-5.538134677198379e-08
-4.884865607161725e-08
-4.231619789293354e-08
-3.578402410254341e-08
-2.925215097731295e-08
-2.272056336086083e-08
-1.618922075221851e-08
-9.658062080058902e-09
-3.127012563358512e-09
3.40401117839496e-09
9.935094492527376e-09
1.646631968563946e-08
2.299776094960512e-08
2.952947843688684e-08
3.60615128406997e-08
4.259387903015845e-08
4.912656082590188e-08
5.565950622376302e-08
6.21926209760833e-08
6.872576319815742e-08
7.525873697869847e-08
8.179128650965509e-08
8.832309150179882e-08
9.485376148550399e-08
1.013828291639655e-07
1.079097456606499e-07
1.14433874507439e-07
1.209544858426308e-07
1.274707522327896e-07
1.339817425724025e-07
1.40486414145606e-07
1.469836084905124e-07
1.534720482583282e-07
1.59950331072577e-07
1.664169231817594e-07
1.728701549924089e-07
1.793082177120346e-07
1.857291590276136e-07
1.92130877895335e-07
1.985111205928933e-07
2.048674776469719e-07
2.111973809101355e-07
2.174981009842065e-07
2.23766744876553e-07
2.300002537465362e-07
2.36195401679924e-07
2.423487956039393e-07
2.48456875493912e-07
2.545159144650155e-07
2.60522019865022e-07
2.664711357614042e-07
2.723590462846299e-07
2.781813791532144e-07
2.839336102870936e-07
2.89611069542485e-07
2.952089476579177e-07
3.007223039459826e-07
3.061460752546893e-07
3.114750856922733e-07
3.167040572850983e-07
3.218276211956728e-07
3.268403317631067e-07
3.317366800715243e-07
3.365111088596823e-07
3.411580282493415e-07
3.456718332383792e-07
3.500469209456631e-07
3.542777102695957e-07
3.583586607080917e-07
3.622842950404738e-07
3.660492245003687e-07
3.696481877266604e-07
3.730761350574342e-07
3.763284633473795e-07
3.79401768753602e-07
3.822963743697505e-07
3.850249334609334e-07
3.876418777338272e-07
3.903444464315484e-07
3.938201749005925e-07
4.004465207932668e-07
4.184574575494531e-07
4.765598916212548e-07
6.76039160621037e-07
1.38123254419933e-06
3.942245738504533e-06
1.464961971446971e-05
6.248475204145411e-05
0.0001992810570690218
-0.0002021468810913615
-6.335431699672464e-05
-1.482086505541363e-05
-3.957235705908598e-06
-1.358926618081395e-06
-6.435536376699359e-07
-4.413012763650818e-07
-3.825131978865573e-07
-3.644251410640925e-07
-3.579107752325287e-07
-3.546155390858615e-07
-3.52126847246985e-07
-3.497466729067209e-07
-3.472744118810692e-07
-3.446543231302989e-07
-3.418730277979852e-07
-3.389296332967091e-07
-3.358270078242004e-07
-3.32569218864963e-07
-3.291607709143795e-07
-3.256063703833051e-07
-3.219108432861766e-07
-3.180790977080868e-07
-3.141161005054768e-07
-3.10026857876018e-07
-3.058163977584522e-07
-3.014897531184831e-07
-2.970519462032558e-07
-2.925079727377146e-07
-2.878627882238643e-07
-2.831212936084964e-07
-2.782883240153795e-07
-2.733686353565398e-07
-2.683668949476854e-07
-2.632876713543893e-07
-2.58135424682647e-07
-2.529144995157228e-07
-2.476291163149979e-07
-2.422833677004595e-07
-2.368812111640412e-07
-2.314264663039045e-07
-2.259228096637759e-07
-2.203737735692497e-07
-2.147827423780908e-07
-2.091529514594831e-07
-2.034874870411407e-07
-1.977892852567612e-07
-1.920611338311058e-07
-1.863056710463789e-07
-1.805253889282814e-07
-1.747226339816329e-07
-1.688996105698001e-07
-1.630583828528637e-07
-1.572008784760987e-07
-1.513288914125129e-07
-1.454440853942216e-07
-1.395479973906724e-07
-1.336420425799307e-07
-1.277275189206634e-07
-1.218056108203809e-07
-1.158773939146951e-07
-1.099438394273709e-07
-1.040058195287186e-07
-9.806411216734162e-08
-9.211940638893507e-08
-8.617230665622055e-08
-8.022333817484938e-08
-7.427295159570211e-08
-6.832152805070267e-08
-6.236938466490444e-08
-5.641677990571444e-08
-5.046391855256937e-08
-4.451095623409209e-08
-3.8558005226912e-08
-3.260513958905451e-08
-2.665240076250711e-08
-2.069980152366891e-08
-1.47473315627662e-08
-8.794962113929591e-09
-2.842651855056302e-09
3.109648085617335e-09
9.061988807577004e-09
1.501441868762844e-08
2.096697839903089e-08
2.691969593864118e-08
3.287258138627677e-08
3.882562151148257e-08
4.477877506592361e-08
5.073196801789132e-08
5.668508800185314e-08
6.263797936154839e-08
6.859043741792116e-08
7.454220293425148e-08
8.049295799728339e-08
8.644232133402457e-08
9.238984212658998e-08
9.833499450075315e-08
1.042771740245093e-07
1.102156921718302e-07
1.161497710160044e-07
1.220785385330634e-07
1.280010226743986e-07
1.339161463487523e-07
1.398227242528756e-07
1.457194590101334e-07
1.516049348354214e-07
1.574776124965286e-07
1.633358271936848e-07
1.691777852344319e-07
1.750015590121573e-07
1.808050832740884e-07
1.865861526934169e-07
1.923424194769303e-07
1.980713910751848e-07
2.037704280890512e-07
2.094367425270984e-07
2.150673968675068e-07
2.206593040545249e-07
2.262092278023585e-07
2.317137829268996e-07
2.371694364824609e-07
2.425725101856781e-07
2.47919183484561e-07
2.532054969054269e-07
2.584273564009929e-07
2.635805387061468e-07
2.68660697649233e-07
2.736633712728668e-07
2.78583990113977e-07
2.834178858351564e-07
2.881603009922861e-07
2.928063992458092e-07
2.973512778548689e-07
3.01789980102076e-07
3.061175087581521e-07
3.103288398851982e-07
3.14418938696722e-07
3.18382774945936e-07
3.222153406079641e-07
3.259116665968449e-07
3.294668432792062e-07
3.328760435015886e-07
3.361345595309822e-07
3.392378857166306e-07
3.421819538741522e-07
3.449638946114348e-07
3.47584599184687e-07
3.500574451606824e-07
3.524381718604092e-07
3.549273822355638e-07
3.582231017069561e-07
3.647379142459162e-07
3.82826379731082e-07
4.416148279645319e-07
6.43867519063826e-07
1.359240787370708e-06
3.957550119916533e-06
1.48211694016478e-05
6.335458248271627e-05
0.0002021478938992592
-0.0002050139231129582
-6.422436309495626e-05
-1.499262923159715e-05
-3.972753476223717e-06
-1.337146959491117e-06
-6.115924729804295e-07
-4.065647457483514e-07
-3.47088396779682e-07
-3.289202539894516e-07
-3.225145760474932e-07
-3.193962287942681e-07
-3.171175155010324e-07
-3.149699355382139e-07
-3.127495379285307e-07
-3.10399291412302e-07
-3.079051111158695e-07
-3.052655552351684e-07
-3.024829764667862e-07
-2.995609262814112e-07
-2.965033843247977e-07
-2.933145223954165e-07
-2.899986236433628e-07
-2.865600470483585e-07
-2.830032060136032e-07
-2.793325510124821e-07
-2.755525541832543e-07
-2.716676942992179e-07
-2.676824428867694e-07
-2.636012503972236e-07
-2.594285338386684e-07
-2.551686639162928e-07
-2.508259553938642e-07
-2.464046545412135e-07
-2.41908930896435e-07
-2.373428684248602e-07
-2.32710456577548e-07
-2.280155840756571e-07
-2.232620309149834e-07
-2.184534650293736e-07
-2.135934355527807e-07
-2.086853705281297e-07
-2.037325718846085e-07
-1.98738214457281e-07
-1.937053425524403e-07
-1.886368687139103e-07
-1.835355733823672e-07
-1.78404104000514e-07
-1.732449765600472e-07
-1.680605743562453e-07
-1.628531507278095e-07
-1.576248296166616e-07
-1.523776086381266e-07
-1.471133605041076e-07
-1.418338363172675e-07
-1.365406679508853e-07
-1.312353710990749e-07
-1.259193480530684e-07
-1.205938923156461e-07
-1.152601926492698e-07
-1.099193364288279e-07
-1.045723134896351e-07
-9.922002010442854e-08
-9.386326375126502e-08
-8.850276761984907e-08
-8.313917516861104e-08
-7.777305407674457e-08
-7.240490072839851e-08
-6.703514451218765e-08
-6.166415231844304e-08
-5.629223364162932e-08
-5.091964525859088e-08
-4.554659563609321e-08
-4.017324902605143e-08
-3.479973074085268e-08
-2.942613187846911e-08
-2.405251393735545e-08
-1.8678912890148e-08
-1.330534330691868e-08
-7.931803639733303e-09
-2.558280710627696e-09
2.815244978741947e-09
8.188795147622772e-09
1.35623891899744e-08
1.893603950042238e-08
2.430974734868028e-08
2.968349733392963e-08
3.505725303061796e-08
4.043095298182301e-08
4.58045063925644e-08
5.117778815294566e-08
5.655063398100047e-08
6.192283534781972e-08
6.729413494019302e-08
7.266422211348319e-08
7.803272980363947e-08
8.339922904980607e-08
8.876322261148959e-08
9.412414231588634e-08
9.948134588238426e-08
1.048341105295533e-07
1.101816279554643e-07
1.155230011173676e-07
1.208572393647644e-07
1.261832544971508e-07
1.314998579569908e-07
1.368057558176659e-07
1.42099543910412e-07
1.473797053945214e-07
1.526446084367244e-07
1.578925022322703e-07
1.631215132231742e-07
1.683296428611756e-07
1.735147659833591e-07
1.786746288184358e-07
1.838068470562269e-07
1.889089044830177e-07
1.93978152317108e-07
1.99011809374128e-07
2.040069624308145e-07
2.089605665481652e-07
2.13869446275358e-07
2.187302980751187e-07
2.23539693132636e-07
2.282940803710873e-07
2.329897905064353e-07
2.376230410319706e-07
2.421899417888582e-07
2.466865014578962e-07
2.51108635384722e-07
2.554521730976852e-07
2.597128668810332e-07
2.638864011485836e-07
2.679684036334836e-07
2.719544561553892e-07
2.758401070222704e-07
2.79620883207319e-07
2.832923042773714e-07
2.868498959292347e-07
2.902892059462107e-07
2.936058189052786e-07
2.967953745405022e-07
2.998535886117996e-07
3.027762880410495e-07
3.055594923602504e-07
3.081996496185679e-07
3.106944059824883e-07
3.130452022406319e-07
3.15266122436041e-07
3.174141961904624e-07
3.196933730382246e-07
3.228121522710917e-07
3.292182295059114e-07
3.473867375301146e-07
4.068634166931358e-07
6.118914382493013e-07
1.33744618179564e-06
3.973052917278384e-06
1.49929184364225e-05
6.42246128641555e-05
0.0002050149309493965
-0.0002078811444794236
-6.509458829066764e-05
-1.516457198165621e-05
-3.988448997508252e-06
-1.315543934601457e-06
-5.798065363984954e-07
-3.720017565094049e-07
-3.118351776784054e-07
-2.93584726632477e-07
-2.872852622653821e-07
-2.843410895927324e-07
-2.822694135699176e-07
-2.803512736828132e-07
-2.783793868753564e-07
-2.762954469975347e-07
-2.740846789569962e-07
-2.717451079151363e-07
-2.692785875186853e-07
-2.666881697903731e-07
-2.639773261273949e-07
-2.611497103380224e-07
-2.58209079106745e-07
-2.551592583944297e-07
-2.520041239012938e-07
-2.487475855429987e-07
-2.453935742969866e-07
-2.419460288715006e-07
-2.384088835274434e-07
-2.347860562474611e-07
-2.310814376453073e-07
-2.272988793644496e-07
-2.234421861405496e-07
-2.19515104263818e-07
-2.155213143892519e-07
-2.114644239621955e-07
-2.073479589984876e-07
-2.031753587138967e-07
-1.989499682228391e-07
-1.946750356281226e-07
-1.903537057596363e-07
-1.859890184376508e-07
-1.815839037055641e-07
-1.771411809430061e-07
-1.72663555792994e-07
-1.681536188188918e-07
-1.636138449396838e-07
-1.590465926656338e-07
-1.544541054964434e-07
-1.498385105308397e-07
-1.452018208704029e-07
-1.405459360214421e-07
-1.358726445832997e-07
-1.311836252009615e-07
-1.264804494712322e-07
-1.217645839594698e-07
-1.170373929056544e-07
-1.123001403961393e-07
-1.075539946456756e-07
-1.028000313817568e-07
-9.803923685029437e-08
-9.327251081435243e-08
-8.850067035156891e-08
-8.372445395032902e-08
-7.8944525640744e-08
-7.416147886461284e-08
-6.937584011234518e-08
-6.458807238758745e-08
-5.979857909777892e-08
-5.500770823118632e-08
-5.021575707615194e-08
-4.542297619142963e-08
-4.06295733357477e-08
-3.583571688057064e-08
-3.104154030564507e-08
-2.624714692358191e-08
-2.145261362385612e-08
-1.665799498786684e-08
-1.186332623618724e-08
-7.068628631698556e-09
-2.273912434481926e-09
2.520817547549336e-09
7.31555829417524e-09
1.211030477478145e-08
1.690504533944473e-08
2.16997588195962e-08
2.64944092966786e-08
3.128894199128314e-08
3.608327985081541e-08
4.087731978905059e-08
4.567092857098816e-08
5.046393782918952e-08
5.525613968449549e-08
6.004728338178664e-08
6.483707064663831e-08
6.962515269002145e-08
7.441112679145878e-08
7.91945295651897e-08
8.397483354404221e-08
8.875144636903181e-08
9.352370506614123e-08
9.82908701974206e-08
1.0305212328993e-07
1.078065639777581e-07
1.125532059174584e-07
1.172909732037544e-07
1.220186969902249e-07
1.267351117437713e-07
1.31438852333815e-07
1.361284520260492e-07
1.408023394979456e-07
1.454588354783479e-07
1.500961506107678e-07
1.547123842062047e-07
1.593055227904383e-07
1.638734384855977e-07
1.684138876076253e-07
1.729245102316885e-07
1.774028307466017e-07
1.818462581741901e-07
1.862520864258921e-07
1.906174955877728e-07
1.949395541901419e-07
1.992152217081051e-07
2.034413513297816e-07
2.076146937546912e-07
2.117319016038197e-07
2.157895343536081e-07
2.197840641765016e-07
2.237118831490885e-07
2.275693098500703e-07
2.313525967016237e-07
2.350579383392206e-07
2.386814817759169e-07
2.422193354454012e-07
2.456675802816843e-07
2.4902228069798e-07
2.522794966010149e-07
2.554352948951118e-07
2.584857638166472e-07
2.614270259172279e-07
2.642552543049472e-07
2.669666913307855e-07
2.695576819636627e-07
2.720247541616096e-07
2.743648556686345e-07
2.765761318137861e-07
2.78660556524403e-07
2.806329044472219e-07
2.825514805158333e-07
2.846235663551686e-07
2.87568120894373e-07
2.938679380519004e-07
3.121187116838491e-07
3.722855819464389e-07
5.80090621254366e-07
1.31582824583056e-06
3.988733501754326e-06
1.516484608176069e-05
6.509482238035468e-05
0.0002078821473818453
-0.0002107485246595488
-6.596497208385518e-05
-1.533667287166959e-05
-4.004301939699682e-06
-1.294097354341638e-06
-5.481758161955556e-07
-3.37592509561275e-07
-2.76733988230635e-07
-2.58399286137153e-07
-2.522038717840773e-07
-2.494314997627139e-07
-2.475642880187832e-07
-2.458728281991476e-07
-2.441465178743126e-07
-2.423257892456712e-07
-2.403951906547714e-07
-2.383522282141587e-07
-2.361982707587286e-07
-2.339358852614927e-07
-2.315680493676388e-07
-2.290979133735352e-07
-2.265287217131364e-07
-2.238637813340808e-07
-2.211064439256823e-07
-2.182600921478853e-07
-2.153281286183798e-07
-2.123139643813927e-07
-2.092210082545448e-07
-2.060526569213789e-07
-2.028122852312435e-07
-1.995032356441181e-07
-1.961288119300227e-07
-1.926922689118367e-07
-1.891968062699384e-07
-1.856455621477611e-07
-1.820416056164825e-07
-1.783879320389459e-07
-1.746874566233305e-07
-1.709430119429328e-07
-1.67157342240797e-07
-1.633331022329796e-07
-1.594728526496329e-07
-1.555790594017225e-07
-1.51654090690634e-07
-1.477002158337803e-07
-1.437196045910724e-07
-1.397143264738844e-07
-1.356863519895336e-07
-1.316375511574299e-07
-1.275696955727956e-07
-1.234844586402028e-07
-1.193834179333368e-07
-1.152680558305655e-07
-1.111397620277512e-07
-1.069998350599334e-07
-1.028494847348135e-07
-9.868983387402426e-08
-9.452192221644625e-08
-9.034670903932443e-08
-8.616507584850684e-08
-8.197782875831548e-08
-7.778570198435161e-08
-7.35893612421959e-08
-6.938940756016211e-08
-6.518638040807459e-08
-6.09807609857568e-08
-5.677297491372384e-08
-5.256339575000946e-08
-4.835234861310882e-08
-4.414011442199671e-08
-3.992693336928713e-08
-3.57130083588172e-08
-3.149850774480102e-08
-2.728356934449503e-08
-2.306830462580886e-08
-1.885280180512255e-08
-1.463712959300451e-08
-1.042133994846534e-08
-6.205472543121611e-09
-1.989557521909577e-09
2.22638008329739e-09
6.442316840833276e-09
1.065822729377363e-08
1.487408010581054e-08
1.908983544070089e-08
2.330544075970412e-08
2.752082734201099e-08
3.173590669164291e-08
3.595056749983275e-08
4.016467244868181e-08
4.43780532483919e-08
4.859050650142994e-08
5.280179184475177e-08
5.7011628089685e-08
6.121968897051507e-08
6.542560119564083e-08
6.962893931332242e-08
7.382922146662964e-08
7.802590839169909e-08
8.22184003906359e-08
8.64060314205555e-08
9.05880654771466e-08
9.476369549609594e-08
9.893204039118835e-08
1.030921408368306e-07
1.072429562691291e-07
1.113833624703658e-07
1.15512149165732e-07
1.196280176475225e-07
1.237295783192629e-07
1.27815348315634e-07
1.31883749540313e-07
1.359331073728565e-07
1.399616499512535e-07
1.439675067991251e-07
1.479487072835229e-07
1.51903180451066e-07
1.558287558363254e-07
1.59723163788469e-07
1.635840357732473e-07
1.674089056130197e-07
1.711952114605789e-07
1.749402978773606e-07
1.786414185625921e-07
1.822957398420591e-07
1.859003443946417e-07
1.89452235675749e-07
1.929483431177681e-07
1.963855283500691e-07
1.997605910153134e-07
2.030702752087845e-07
2.063112765762661e-07
2.094802514013143e-07
2.125738243164008e-07
2.155885977910126e-07
2.185211617169e-07
2.213681038922427e-07
2.241260196148648e-07
2.267915242793621e-07
2.293612646554529e-07
2.318319332320429e-07
2.342002848209301e-07
2.364631681298833e-07
2.386176049740456e-07
2.406610282480782e-07
2.425920682430651e-07
2.444132180648483e-07
2.461399290540345e-07
2.478317681621299e-07
2.496993367170486e-07
2.524720414272016e-07
2.586677630072001e-07
2.770027457648607e-07
3.378615204372363e-07
5.484450523174363e-07
1.294366786630666e-06
4.004571539269419e-06
1.533693189913368e-05
6.596519052640197e-05
0.0002107495226607366
-0.0002136160433860219
-6.68354942372895e-05
-1.5508911728163e-05
-4.020292229616204e-06
-1.272787281686681e-06
-5.166805465620233e-07
-3.033174444330452e-07
-2.417655062654034e-07
-2.233448802999247e-07
-2.172516527215645e-07
-2.14649036552456e-07
-2.129840723675484e-07
-2.115169142375218e-07
-2.100336511376322e-07
-2.084734648842422e-07
-2.068202388556387e-07
-2.050709720254504e-07
-2.032265606075226e-07
-2.012890988602304e-07
-1.992610830807614e-07
-1.971451724247554e-07
-1.949441112977991e-07
-1.926606995432704e-07
-1.902977765850816e-07
-1.878582093236593e-07
-1.85344883099253e-07
-1.827606920262267e-07
-1.801085296759116e-07
-1.773912809774598e-07
-1.746118141298798e-07
-1.717729710075935e-07
-1.688775624015089e-07
-1.659283591054647e-07
-1.62928086661566e-07
-1.598794201492741e-07
-1.56784977368426e-07
-1.536473148371599e-07
-1.504689222243403e-07
-1.472522204789668e-07
-1.439995565580845e-07
-1.407132028500685e-07
-1.373953531176984e-07
-1.340481215939924e-07
-1.306735402470545e-07
-1.272735578673446e-07
-1.238500394260989e-07
-1.204047654546739e-07
-1.169394331273175e-07
-1.134556547768753e-07
-1.099549595327067e-07
-1.064387932957966e-07
-1.029085208965829e-07
-9.936542654020024e-08
-9.581071600700433e-08
-9.224551760533685e-08
-8.867088426551419e-08
-8.508779495373417e-08
-8.14971581028718e-08
-7.789981353723775e-08
-7.429653491958261e-08
-7.068803166396779e-08
-6.707495198736467e-08
-6.345788566866851e-08
-5.983736750151655e-08
-5.621387948433419e-08
-5.258785384433385e-08
-4.895967527957683e-08
-4.532968410510727e-08
-4.169817922038625e-08
-3.806542180683079e-08
-3.443163816438479e-08
-3.079702251275155e-08
-2.716173938424477e-08
-2.352592742726046e-08
-1.9889702728356e-08
-1.625316169980059e-08
-1.261638355263871e-08
-8.979433289156879e-09
-5.342364950993694e-09
-1.705224996792331e-09
1.931944685972548e-09
5.569103432171269e-09
9.206208759499782e-09
1.284321359792862e-08
1.648006337207069e-08
2.01166924112881e-08
2.375302138814958e-08
2.738895406834289e-08
3.102437441445791e-08
3.465914423258666e-08
3.829309930256186e-08
4.19260445898383e-08
4.555775310310505e-08
4.918796409336663e-08
5.281637834783699e-08
5.644265488762849e-08
6.006640905017895e-08
6.368720865372251e-08
6.730457144388011e-08
7.091796361359293e-08
7.452679556924344e-08
7.813041771590697e-08
8.172811922562215e-08
8.531912678905352e-08
8.890260092413078e-08
9.247763234118083e-08
9.604324052514856e-08
9.959837237466074e-08
1.031418995718718e-07
1.066726164390974e-07
1.101892383434283e-07
1.13690399944526e-07
1.171746541851645e-07
1.206404719167924e-07
1.240862405906345e-07
1.275102629581257e-07
1.309107571491292e-07
1.342858574439653e-07
1.376336146002318e-07
1.409519963743932e-07
1.442388886317506e-07
1.47492096836625e-07
1.507093478638465e-07
1.538882926580281e-07
1.570265092912206e-07
1.601215060733087e-07
1.631707254298875e-07
1.661715484995021e-07
1.691213002536934e-07
1.720172544199445e-07
1.748566393269668e-07
1.776366437497106e-07
1.803544245662382e-07
1.830071133754786e-07
1.855918246997169e-07
1.8810566370094e-07
1.905457352492165e-07
1.929091519714177e-07
1.951930451487197e-07
1.973945740276483e-07
1.995109383008952e-07
2.015393930140597e-07
2.03477278396388e-07
2.05322097809374e-07
2.070717568666574e-07
2.08725358642082e-07
2.102859036287835e-07
2.117695081594898e-07
2.132369895826585e-07
2.149022580449903e-07
2.175051581222087e-07
2.235986479691341e-07
2.420195133456647e-07
3.035716673828593e-07
5.169349612604846e-07
1.273041863053314e-06
4.020546952873559e-06
1.550915571121907e-05
6.683569706070647e-05
0.0002136170365140823
-0.0002164836806185562
-6.77061347398377e-05
-1.568126860186497e-05
-4.036400015227919e-06
-1.251593996636132e-06
-4.853011735028543e-07
-2.691572062034963e-07
-2.06910607963866e-07
-1.884026472626709e-07
-1.824100347008043e-07
-1.799754491736411e-07
-1.785108618933185e-07
-1.772659978993326e-07
-1.760236465355585e-07
-1.747217485590506e-07
-1.733435320970336e-07
-1.718854989680979e-07
-1.703480829685738e-07
-1.687329159831184e-07
-1.670420232978512e-07
-1.652775832512601e-07
-1.634418504626618e-07
-1.61537127682126e-07
-1.595657519684267e-07
-1.575300841545887e-07
-1.554325016604311e-07
-1.532753907048971e-07
-1.510611382688462e-07
-1.487921255921921e-07
-1.464707218380988e-07
-1.440992756125361e-07
-1.416801116279549e-07
-1.392155230305709e-07
-1.367077670537745e-07
-1.341590609593633e-07
-1.315715760397286e-07
-1.289474342829391e-07
-1.262887036675574e-07
-1.235973969433953e-07
-1.208754667756419e-07
-1.181248056432398e-07
-1.153472422828868e-07
-1.125445407748405e-07
-1.097183980032583e-07
-1.068704430352176e-07
-1.040022365180694e-07
-1.011152700782535e-07
-9.821096734225374e-08
-9.529068240931434e-08
-9.235570114496241e-08
-8.940724091062823e-08
-8.644645250024729e-08
-8.347442044601647e-08
-8.049216487355795e-08
-7.750064203044918e-08
-7.450074594985233e-08
-7.149330950762139e-08
-6.847910742531432e-08
-6.545885768173374e-08
-6.243322362722815e-08
-5.940281535561086e-08
-5.636819237443757e-08
-5.332986578358757e-08
-5.02883012787556e-08
-4.724392050927093e-08
-4.419710383799405e-08
-4.114819214001449e-08
-3.809748943766882e-08
-3.504526538589067e-08
-3.19917584480247e-08
-2.893717798751155e-08
-2.588170661367849e-08
-2.282550214050827e-08
-1.976870077639839e-08
-1.671141998447509e-08
-1.365376124299482e-08
-1.059581138620715e-08
-7.537645566438246e-09
-4.479329325984674e-09
-1.420921941129946e-09
1.637520910826091e-09
4.695944394814669e-09
7.754291986421005e-09
1.08125036250882e-08
1.387051322229109e-08
1.692824544506847e-08
1.998561314124465e-08
2.304251534177278e-08
2.609883459776499e-08
2.915443453981624e-08
3.220915767856901e-08
3.526282143169619e-08
3.831521511189515e-08
4.136610056752649e-08
4.441520879244016e-08
4.74622349468995e-08
5.050683731958686e-08
5.354863600790838e-08
5.658720962994785e-08
5.96220929620827e-08
6.265277501344906e-08
6.56786954675154e-08
6.869924262794074e-08
7.171375326708112e-08
7.472150999631737e-08
7.772173752869494e-08
8.071360142037695e-08
8.369620731298768e-08
8.666859901891942e-08
8.962975676914393e-08
9.257859568426479e-08
9.551396443980715e-08
9.843464474401057e-08
1.013393508979468e-07
1.042267286100799e-07
1.070953542347662e-07
1.099437349874028e-07
1.127703095334358e-07
1.155734483063821e-07
1.183514541938825e-07
1.211025634116652e-07
1.238249466156265e-07
1.265167106488412e-07
1.291759009106595e-07
1.31800503880031e-07
1.343884496730456e-07
1.369376153404539e-07
1.394458287862596e-07
1.419108730112083e-07
1.443304900588279e-07
1.467023861562756e-07
1.490242364509449e-07
1.51293691151688e-07
1.535083809078402e-07
1.556659240249893e-07
1.577639324734225e-07
1.598000191908383e-07
1.617718048086864e-07
1.636769269701558e-07
1.655130475664832e-07
1.672778633032824e-07
1.68969119058206e-07
1.70584636252581e-07
1.72122389581035e-07
1.735807471092398e-07
1.749592744626286e-07
1.762614695492596e-07
1.775041041085763e-07
1.787492363874831e-07
1.802140760692914e-07
1.826488970453226e-07
1.886417272165909e-07
2.071498865400208e-07
2.693966636642238e-07
4.855407896126328e-07
1.251833750370206e-06
4.036639886041709e-06
1.56814975647468e-05
6.770632196830257e-05
0.0002164846688974535
-0.0002193514165081516
-6.857687377090566e-05
-1.585372373241359e-05
-4.052605630923995e-06
-1.230497962159112e-06
-4.540183216312119e-07
-2.350926133447456e-07
-1.721503369343573e-07
-1.535538859398227e-07
-1.476606008294874e-07
-1.453926323850754e-07
-1.441268889039834e-07
-1.431026732698277e-07
-1.420994824343348e-07
-1.410540236581706e-07
-1.39948877674447e-07
-1.38780057243929e-07
-1.375475420740145e-07
-1.362525100626687e-07
-1.348965237985712e-07
-1.334812891364917e-07
-1.320085792295643e-07
-1.304802079723008e-07
-1.288980181416947e-07
-1.272638724626641e-07
-1.255796480042964e-07
-1.23847230429576e-07
-1.220685072688029e-07
-1.202453627713728e-07
-1.183796733632386e-07
-1.164733004074617e-07
-1.1452808817476e-07
-1.125458574765205e-07
-1.105284020747717e-07
-1.084774857511202e-07
-1.063948372865018e-07
-1.042821477147465e-07
-1.021410665235415e-07
-9.99732011676008e-08
-9.778011261951915e-08
-9.556331555822905e-08
-9.332427530148522e-08
-9.106440707803846e-08
-8.878507370289891e-08
-8.64875852802043e-08
-8.417319860874541e-08
-8.184311667756264e-08
-7.949848944443869e-08
-7.714041231171716e-08
-7.476992718999795e-08
-7.238802213008323e-08
-6.999563299026359e-08
-6.759364348988608e-08
-6.518288675028971e-08
-6.276414549252076e-08
-6.033815319098865e-08
-5.790559471241471e-08
-5.546710911368308e-08
-5.302329063670721e-08
-5.057469037876825e-08
-4.812181707431601e-08
-4.566513934919254e-08
-4.320508727320651e-08
-4.074205485569225e-08
-3.827640105020698e-08
-3.580845207520836e-08
-3.333850273579988e-08
-3.086681844671127e-08
-2.83936371380151e-08
-2.591917166998372e-08
-2.344361177950783e-08
-2.09671260166628e-08
-1.848986326659567e-08
-1.601195497635554e-08
-1.353351759511751e-08
-1.10546544521993e-08
-8.575457470637715e-09
-6.096009188803872e-09
-3.616384573951216e-09
-1.136653507776842e-09
1.34311733897474e-09
3.822861624499355e-09
6.302511673319568e-09
8.781996837455901e-09
1.126124185897848e-08
1.374016429247121e-08
1.621867184510141e-08
1.869666093038962e-08
2.117401577171753e-08
2.3650604555959e-08
2.612627842392455e-08
2.860086959370139e-08
3.107418729716633e-08
3.35460178699861e-08
3.601612429149954e-08
3.848424113679625e-08
4.095007230987565e-08
4.341329194055308e-08
4.587354184499045e-08
4.833042830639684e-08
5.078352082827833e-08
5.32323502047899e-08
5.567640665799405e-08
5.811513916318922e-08
6.054795383326888e-08
6.297421137024336e-08
6.539322544512042e-08
6.780426194889063e-08
7.020653823835755e-08
7.259922185808916e-08
7.498142890113836e-08
7.735222307777262e-08
7.971061562832406e-08
8.205556485804502e-08
8.438597509996484e-08
8.67006964429306e-08
8.899852502380321e-08
9.127820345775132e-08
9.353842119654017e-08
9.577781521297836e-08
9.799497054906185e-08
1.001884213193739e-07
1.023566523566707e-07
1.044981011559289e-07
1.066111597390267e-07
1.086941768250681e-07
1.107454604605607e-07
1.127632811256163e-07
1.147458753585309e-07
1.166914488763549e-07
1.18598180608684e-07
1.204642263582797e-07
1.222877236884465e-07
1.240667959265457e-07
1.257995582579053e-07
1.274841224198596e-07
1.29118602239302e-07
1.307011187387643e-07
1.322298079479547e-07
1.337028263498026e-07
1.351183595350842e-07
1.364746338476169e-07
1.377699434467823e-07
1.390027259625961e-07
1.401718036448929e-07
1.412771963440556e-07
1.423228911584161e-07
1.433263074146271e-07
1.443507369314117e-07
1.456166816680377e-07
1.478848376919887e-07
1.537782960895722e-07
1.7237490520242e-07
2.353173238200306e-07
4.542431578628721e-07
1.230722907101422e-06
4.052830668470829e-06
1.585393769487651e-05
6.857704542457813e-05
0.0002193523999580142
-0.0002222192313623303
-6.944769166582917e-05
-1.602625751410252e-05
-4.068889563647309e-06
-1.209479790935778e-06
-4.22812761750795e-07
-2.011046263668952e-07
-1.374658740735113e-07
-1.187800271995437e-07
-1.129850602900308e-07
-1.108826005985853e-07
-1.098144984574562e-07
-1.0900963986544e-07
-1.082442349913185e-07
-1.074537634802495e-07
-1.066201647281123e-07
-1.057389686912764e-07
-1.048097074042397e-07
-1.038331113062854e-07
-1.028102867184083e-07
-1.017424734141092e-07
-1.006309695337908e-07
-9.947710652546662e-08
-9.828223921801271e-08
-9.704773844059841e-08
-9.577498688949878e-08
-9.446537531674815e-08
-9.31202973165018e-08
-9.174114549633581e-08
-9.032930861648382e-08
-8.888616560806228e-08
-8.741308472596267e-08
-8.591141852417904e-08
-8.438250113212433e-08
-8.282764635850869e-08
-8.124814367610996e-08
-7.964525613615933e-08
-7.802021728283196e-08
-7.637423159723897e-08
-7.470847039643508e-08
-7.302407227295071e-08
-7.132214054227327e-08
-6.960374275713112e-08
-6.786990856696644e-08
-6.612162971911495e-08
-6.435985961117566e-08
-6.258551285179528e-08
-6.079946571357193e-08
-5.900255465309483e-08
-5.71955771770084e-08
-5.537929149247497e-08
-5.355441785054248e-08
-5.172163827697469e-08
-4.988159787703838e-08
-4.803490472389636e-08
-4.618213047866223e-08
-4.432381062990516e-08
-4.246044710869356e-08
-4.059250891912802e-08
-3.872043326042379e-08
-3.684462590024014e-08
-3.496546289402878e-08
-3.308329150870105e-08
-3.119843223714621e-08
-2.931117951177108e-08
-2.742180340894985e-08
-2.553055072213463e-08
-2.363764640306362e-08
-2.174329476712124e-08
-1.984768113507863e-08
-1.795097367756073e-08
-1.605332458449975e-08
-1.415487174683089e-08
-1.225573985625948e-08
-1.03560425504502e-08
-8.455883082692054e-09
-6.555356419085145e-09
-4.654550155076454e-09
-2.753546570214755e-09
-8.524241423400933e-10
1.04874134127775e-09
2.949873844121866e-09
4.850896668250149e-09
6.751731036093125e-09
8.652294429962856e-09
1.055249922083383e-08
1.245224996405219e-08
1.435144243833641e-08
1.624996421359715e-08
1.814769103422926e-08
2.004448454894047e-08
2.194019288064249e-08
2.383464753791085e-08
2.572766196108165e-08
2.761903236441138e-08
2.950853451359494e-08
3.13959207992828e-08
3.328092079338257e-08
3.516324082359561e-08
3.70425610549069e-08
3.891853333015007e-08
4.079078086306166e-08
4.265889765055327e-08
4.452244681366043e-08
4.638095934887546e-08
4.823393303955632e-08
5.008083097046792e-08
5.192108077043869e-08
5.375407455893062e-08
5.557916812239756e-08
5.739567943421848e-08
5.920288799810948e-08
6.100003499153601e-08
6.278632302690861e-08
6.456091544676885e-08
6.6322936177697e-08
6.8071469984878e-08
6.980556295998766e-08
7.152422292171388e-08
7.322642000286281e-08
7.491108694278059e-08
7.657711998583873e-08
7.822338025638212e-08
7.984869528088033e-08
8.145186029518409e-08
8.303163997137938e-08
8.458677047074955e-08
8.611596165808305e-08
8.761790000743515e-08
8.909125111290578e-08
9.053466249371236e-08
9.194676599694799e-08
9.332618178665963e-08
9.467152102334014e-08
9.5981390512271e-08
9.725439606257387e-08
9.848914671556371e-08
9.968425800269189e-08
1.008383580569918e-07
1.019500915213215e-07
1.03018126611759e-07
1.040411649114005e-07
1.050179667664837e-07
1.059474260952141e-07
1.068288128572843e-07
1.07662594776402e-07
1.084532417774248e-07
1.092188145461822e-07
1.100238327643613e-07
1.110920853818721e-07
1.131946853298567e-07
1.18989781611696e-07
1.376757462825159e-07
2.0131460431199e-07
4.23022832886905e-07
1.209689942154416e-06
4.06909978312965e-06
1.602645649154559e-05
6.944784776046024e-05
0.0002222202099991789
-0.0002250871056112403
-7.031856888210979e-05
-1.619885046235008e-05
-4.085232419799938e-06
-1.188520212919629e-06
-3.916653792287844e-07
-1.67174317182088e-07
-1.028385080440992e-07
-8.406260558973263e-08
-7.83652213904075e-08
-7.642746242141699e-08
-7.555612454565773e-08
-7.496968056924912e-08
-7.444105785845261e-08
-7.39045126771886e-08
-7.334134746600332e-08
-7.274661385335622e-08
-7.211940069667281e-08
-7.1459995587879e-08
-7.076905325655464e-08
-7.004735196344739e-08
-6.929571950687367e-08
-6.85150094798165e-08
-6.770609325279389e-08
-6.686985429305027e-08
-6.600718531912396e-08
-6.51189862352557e-08
-6.420616069216524e-08
-6.326961352301408e-08
-6.231024958279797e-08
-6.132896897741867e-08
-6.032666726048737e-08
-5.930423172596186e-08
-5.826253964630811e-08
-5.720245741766777e-08
-5.612483762100222e-08
-5.503051761705644e-08
-5.392031710695968e-08
-5.279503930887824e-08
-5.165546737268626e-08
-5.050236508609584e-08
-4.933647484868767e-08
-4.815851753047338e-08
-4.696919049021131e-08
-4.576916772004178e-08
-4.455909957592685e-08
-4.333961243571338e-08
-4.211130892830522e-08
-4.087476644788843e-08
-3.96305379260978e-08
-3.837915148145651e-08
-3.712111134346103e-08
-3.585689729710504e-08
-3.458696567241131e-08
-3.331174896717887e-08
-3.203165610603736e-08
-3.074707241165861e-08
-2.945836177183738e-08
-2.816586691978476e-08
-2.686990999663814e-08
-2.557079253192364e-08
-2.426879655624526e-08
-2.296418524277957e-08
-2.165720439686532e-08
-2.034808278415716e-08
-1.903703304279958e-08
-1.772425245074672e-08
-1.640992371086083e-08
-1.509421588283271e-08
-1.377728553656399e-08
-1.245927809128646e-08
-1.114032813335366e-08
-9.820560835101682e-09
-8.500092244830239e-09
-7.179031391553311e-09
-5.857480286124587e-09
-4.535535570778958e-09
-3.213288793230463e-09
-1.890827636630394e-09
-5.68237325206894e-10
7.543986836301505e-10
2.076996180567665e-09
3.399470832524522e-09
4.72173718473217e-09
6.04370714886595e-09
7.365289064926062e-09
8.686386306876197e-09
1.000689580847376e-08
1.132670930137989e-08
1.264571167182016e-08
1.396377752180094e-08
1.52807715734743e-08
1.659654858116447e-08
1.791095152844327e-08
1.922381109058722e-08
2.053494521791109e-08
2.184415663811865e-08
2.315123188767698e-08
2.445594263047822e-08
2.575804412833944e-08
2.705727243968042e-08
2.835334453080327e-08
2.964595883023542e-08
3.093479385656399e-08
3.221950688522103e-08
3.349973351327457e-08
3.477508705946396e-08
3.604515807920742e-08
3.730951427074355e-08
3.856770019318435e-08
3.981923620161675e-08
4.106361803334859e-08
4.230031708001669e-08
4.352878054170127e-08
4.474843097992666e-08
4.595866612451883e-08
4.715885910204951e-08
4.834835899450923e-08
4.952649134082726e-08
5.069255867890992e-08
5.184584062621595e-08
5.298559450741326e-08
5.41110563790951e-08
5.522144212222652e-08
5.631594836980858e-08
5.739375376306772e-08
5.845402042748724e-08
5.949589533926592e-08
6.051851233083929e-08
6.152099383350374e-08
6.250245282772576e-08
6.346199390810053e-08
6.439871628820346e-08
6.531171538985772e-08
6.620008594998696e-08
6.706292374873405e-08
6.789932869314209e-08
6.870840657070931e-08
6.948927322450278e-08
7.024105683432844e-08
7.096290359462043e-08
7.165398581197585e-08
7.231352542040952e-08
7.294086785577257e-08
7.353572608723227e-08
7.409901129406617e-08
7.463567184262284e-08
7.516440531388603e-08
7.575095483972616e-08
7.662239246198088e-08
7.85602444685323e-08
8.425771430460065e-08
1.030336943578798e-07
1.673695728876445e-07
3.918606959160574e-07
1.18871558159576e-06
4.085427832791512e-06
1.61990344663832e-05
7.031870942923418e-05
0.0002250880794467156
-0.0002279550197742442
-7.118948596613733e-05
-1.637148318074015e-05
-4.101614892766019e-06
-1.167600043455211e-06
-3.605571429446596e-07
-1.332828389714812e-07
-6.824960619913805e-08
-4.938323144021823e-08
-4.378296499961052e-08
-4.200939552397491e-08
-4.133426646578824e-08
-4.096563964309256e-08
-4.067316195129544e-08
-4.038986881636185e-08
-4.00964285238049e-08
-3.978741708378246e-08
-3.946148286683228e-08
-3.911847333768387e-08
-3.875859442780828e-08
-3.838216576023892e-08
-3.798954771709758e-08
-3.758111891718239e-08
-3.715726996870442e-08
-3.671839970456571e-08
-3.626491356403384e-08
-3.579722325883178e-08
-3.531574502924474e-08
-3.48208984122246e-08
-3.431310673594952e-08
-3.379279358105814e-08
-3.326038393584569e-08
-3.271630180570777e-08
-3.216096947473583e-08
-3.159480760305623e-08
-3.101823345373594e-08
-3.043166025890827e-08
-2.983549533457079e-08
-2.923014184413147e-08
-2.861599582089903e-08
-2.799344712676218e-08
-2.736287803316258e-08
-2.672466348110955e-08
-2.607916918301572e-08
-2.542675197007593e-08
-2.476775950286624e-08
-2.410253007788722e-08
-2.343139274003169e-08
-2.275466590463251e-08
-2.20726579458171e-08
-2.138566677368976e-08
-2.069398043333992e-08
-1.999787624940364e-08
-1.929762133542497e-08
-1.859347208882189e-08
-1.788567418124543e-08
-1.717446229030414e-08
-1.646006169068073e-08
-1.574268824880545e-08
-1.502254843335212e-08
-1.429983874697822e-08
-1.35747463292785e-08
-1.284744945228427e-08
-1.211811829366152e-08
-1.138691511138419e-08
-1.065399445257679e-08
-9.919503307864864e-09
-9.183581107729469e-09
-8.44636052533353e-09
-7.707968258241984e-09
-6.968525973117316e-09
-6.228150071780682e-09
-5.486951914080532e-09
-4.745038151626228e-09
-4.002511785686484e-09
-3.259472636843637e-09
-2.516017878691164e-09
-1.772242066441595e-09
-1.028237523740361e-09
-2.840951694731947e-10
4.600948253203023e-10
1.204241455588631e-09
1.948253771395147e-09
2.692040497601174e-09
3.435509034260169e-09
4.178564451419624e-09
4.921109995616799e-09
5.663045535040241e-09
6.404267470047467e-09
7.144670182752241e-09
7.884142911973868e-09
8.62256810779698e-09
9.359824197574375e-09
1.009578480331315e-08
1.083031669518063e-08
1.156328030879596e-08
1.229452914584136e-08
1.302390839781993e-08
1.375125580835035e-08
1.447640200197422e-08
1.519916848519797e-08
1.591936706789549e-08
1.663680097474808e-08
1.735126468737484e-08
1.806254260007611e-08
1.877040876079895e-08
1.947462715378632e-08
2.017495168663955e-08
2.087112618473896e-08
2.156288431245618e-08
2.224994906688714e-08
2.293203263526094e-08
2.360883683426211e-08
2.428005352032921e-08
2.494536430131584e-08
2.560444049919037e-08
2.62569433598475e-08
2.690252460494249e-08
2.75408270575877e-08
2.8171485087021e-08
2.879412452443762e-08
2.940836296121663e-08
3.001381034503978e-08
3.061006980299803e-08
3.119673812589342e-08
3.177340661205232e-08
3.23396618540977e-08
3.289508635872613e-08
3.343925963390469e-08
3.397175898038119e-08
3.449216072117157e-08
3.500004017137924e-08
3.549497342088891e-08
3.597653771375846e-08
3.644431324935619e-08
3.689788333571466e-08
3.733683601407779e-08
3.776076454793276e-08
3.816926993131227e-08
3.856196118519945e-08
3.893845951929333e-08
3.929840491263545e-08
3.964147803675227e-08
3.996747309517533e-08
4.027654325385548e-08
4.057004039055202e-08
4.085338879660993e-08
4.114592039859704e-08
4.151459906710595e-08
4.218977727763148e-08
4.396339250209872e-08
4.95637008127236e-08
6.843011308503332e-08
1.334633789869973e-07
3.607377117790522e-07
1.167780636469665e-06
4.101795506637491e-06
1.637165221907575e-05
7.118961097351737e-05
0.0002279559888159805
-0.000230822954426919
-7.206042352024258e-05
-1.65441363283525e-05
-4.118017730789432e-06
-1.146700151802345e-06
-3.294690745312779e-07
-9.9411396340793e-08
-3.368058577807372e-08
-1.47235632369083e-08
-9.220218271824974e-09
-7.610621724885732e-09
-7.131465364792899e-09
-6.980400788740839e-09
-6.923795180551677e-09
-6.893464024123958e-09
-6.869442430998546e-09
-6.84583182826178e-09
-6.820841027373697e-09
-6.793878289101296e-09
-6.76470175206291e-09
-6.733173452719439e-09
-6.699187518274455e-09
-6.662648820668947e-09
-6.623468226543085e-09
-6.581560817032517e-09
-6.536845806524171e-09
-6.489247791212741e-09
-6.438696768297738e-09
-6.385128187214049e-09
-6.328484860939099e-09
-6.268714794957223e-09
-6.205773281900496e-09
-6.139621927509593e-09
-6.070229022023529e-09
-5.997570437244049e-09
-5.921628918944093e-09
-5.84239437406506e-09
-5.759862421743175e-09
-5.674036770656423e-09
-5.584926905835033e-09
-5.492549431342031e-09
-5.39692709228852e-09
-5.298089347434115e-09
-5.19607072106288e-09
-5.090911239566365e-09
-4.98265612885431e-09
-4.871355822096952e-09
-4.757066032804442e-09
-4.639846489535773e-09
-4.519761206975556e-09
-4.396877915373107e-09
-4.271268412238071e-09
-4.14300747529656e-09
-4.012172942008736e-09
-3.878845089426155e-09
-3.743106369149718e-09
-3.605040751848463e-09
-3.464734658232698e-09
-3.322276732001207e-09
-3.17775737097068e-09
-3.031267756387523e-09
-2.882900085141277e-09
-2.732747581080281e-09
-2.580904416270682e-09
-2.427465796038358e-09
-2.272527551414414e-09
-2.116185856405668e-09
-1.958536786516496e-09
-1.799676422162712e-09
-1.639701245141548e-09
-1.478708504610051e-09
-1.316795663195148e-09
-1.15405961666794e-09
-9.905973169147717e-10
-8.265054518872198e-10
-6.618813874391552e-10
-4.968221481036093e-10
-3.314245421803328e-10
-1.657850060221001e-10
1.335517592407017e-16
1.658346333204527e-10
3.316211541428295e-10
4.972626712031978e-10
6.626624722993443e-10
8.277242302559903e-10
9.923502932778341e-10
1.15644386152056e-09
1.319908424449581e-09
1.482646099576788e-09
1.64456047141799e-09
1.805555594488467e-09
1.965533325588948e-09
2.124395726065044e-09
2.282046946885888e-09
2.438391026405473e-09
2.593331237078881e-09
2.746771572318446e-09
2.898616445755911e-09
3.048770640605951e-09
3.197140344420079e-09
3.343632566177316e-09
3.488154421545671e-09
3.630614223095718e-09
3.770922278303596e-09
3.90899040709428e-09
4.044731751215797e-09
4.178061122617594e-09
4.30889564481463e-09
4.437155263518841e-09
4.562762811066896e-09
4.685643865442972e-09
4.805727092469868e-09
4.922944862425201e-09
5.03723350254139e-09
5.148533358219621e-09
5.256789049676821e-09
5.361949675327651e-09
5.463969400049052e-09
5.562807997368062e-09
5.658431287943232e-09
5.750810719159799e-09
5.839923475662735e-09
5.925752867575046e-09
6.008288712206412e-09
6.087527373674231e-09
6.163472113193193e-09
6.236133152045299e-09
6.305527592323294e-09
6.371679702358116e-09
6.434620855893093e-09
6.494389771449701e-09
6.551031592630878e-09
6.604598413187939e-09
6.655148121579377e-09
6.702745167118585e-09
6.747459342497007e-09
6.789365869870902e-09
6.82854436891606e-09
6.865079853366437e-09
6.899061236874061e-09
6.930583708937466e-09
6.959753642824932e-09
6.986709266300515e-09
7.011692611524124e-09
7.035296145936199e-09
7.059311380152448e-09
7.08963744979004e-09
7.146239886342031e-09
7.297302670795989e-09
7.776457821305643e-09
9.386052990628461e-09
1.488939619814285e-08
3.384641633850895e-08
9.957722385777497e-08
3.296348985919339e-07
1.146865972020117e-06
4.118183548405114e-06
1.654429040425577e-05
7.206053299160978e-05
0.0002308239186786994
-0.0002336908901682839
-7.293136217015442e-05
-1.671679058743925e-05
-4.134421705009327e-06
-1.125801429849632e-06
-2.983822178745571e-07
-6.554121573169941e-08
8.871146418594263e-10
1.993471977433557e-08
2.534107154774223e-08
2.678661773410849e-08
2.706971896341411e-08
2.70031344965088e-08
2.682377752893391e-08
2.660105334557489e-08
2.63555608673935e-08
2.609367401188893e-08
2.581762435400401e-08
2.552844360757162e-08
2.522682209843683e-08
2.491335611229918e-08
2.458861854596547e-08
2.425317885849534e-08
2.390760651158385e-08
2.355247087321738e-08
2.318833952612563e-08
2.281577548737448e-08
2.243533530995606e-08
2.204756786078419e-08
2.165301110042411e-08
2.125219293447791e-08
2.084562802624245e-08
2.043381734355982e-08
2.001724662357631e-08
1.95963846683194e-08
1.917168314386397e-08
1.874357543251049e-08
1.831247758115e-08
1.787878535220488e-08
1.744287565428483e-08
1.700510483731013e-08
1.656580936598614e-08
1.612530498498006e-08
1.568388814532129e-08
1.524183540131665e-08
1.479940373118896e-08
1.435683030936274e-08
1.39143323701286e-08
1.347210851374573e-08
1.303033875908062e-08
1.258918524800799e-08
1.214879222769626e-08
1.170928733749428e-08
1.127078173708181e-08
1.083337093033424e-08
1.03971353928858e-08
9.962141563743621e-09
9.528441525992104e-09
9.0960737023849e-09
8.665063763687298e-09
8.235425739854805e-09
7.807162213459973e-09
7.3802647427143e-09
6.954714757043608e-09
6.530483980931498e-09
6.107535429658897e-09
5.685823830860634e-09
5.265296442502981e-09
4.845893557208089e-09
4.427548561826886e-09
4.010188512447864e-09
3.593735043521634e-09
3.178105690468522e-09
2.763213602295061e-09
2.348968010967759e-09
1.93527417166173e-09
1.522034907541905e-09
1.109151045739517e-09
6.965222654618602e-10
2.840469505825557e-10
-1.283773356933528e-10
-5.408538844822282e-10
-9.534862462235905e-10
-1.366376810370365e-09
-1.779625361647843e-09
-2.193331375551635e-09
-2.607592524574353e-09
-3.022502344119323e-09
-3.438151860300204e-09
-3.854628584065167e-09
-4.27201444544679e-09
-4.690387621892206e-09
-5.109821903546023e-09
-5.530383402352309e-09
-5.952131129861011e-09
-6.375118347292695e-09
-6.799390916025508e-09
-7.224985728436548e-09
-7.651930559479784e-09
-8.080243712625127e-09
-8.50993336676565e-09
-8.940997159475374e-09
-9.373421518632992e-09
-9.8071806240154e-09
-1.024223553272403e-08
-1.067853415683915e-08
-1.111601110247221e-08
-1.155458636779219e-08
-1.199416420249811e-08
-1.243463282946105e-08
-1.287586428819003e-08
-1.331771362505009e-08
-1.376001830652951e-08
-1.420259788451964e-08
-1.464525359633195e-08
-1.508776784614161e-08
-1.552990396056866e-08
-1.597140555362828e-08
-1.641199605452528e-08
-1.68513785148148e-08
-1.728923628056699e-08
-1.772523282260958e-08
-1.81590115868604e-08
-1.859019615864952e-08
-1.901839069979203e-08
-1.944318007615467e-08
-1.986413051588995e-08
-2.028079051149599e-08
-2.069269106624441e-08
-2.109934653930596e-08
-2.150025554964243e-08
-2.189490303671163e-08
-2.228276071972311e-08
-2.266328966136518e-08
-2.303594092142239e-08
-2.340015788321749e-08
-2.37553775281945e-08
-2.410103332484552e-08
-2.443655586965248e-08
-2.476137582978418e-08
-2.507492325544109e-08
-2.537662452195099e-08
-2.566588318676701e-08
-2.594200865623692e-08
-2.620396831431158e-08
-2.644953031003936e-08
-2.667232006012856e-08
-2.685173767900115e-08
-2.691837801917865e-08
-2.663532847051154e-08
-2.518983053556798e-08
-1.978352382715753e-08
-7.359608539933149e-10
6.569233038489526e-08
2.985332968228727e-07
1.125952476704093e-06
4.134572725441244e-06
1.671692969985154e-05
7.293145610466273e-05
0.0002336918496295319
-0.0002365588075881771
-7.380228253242428e-05
-1.688942663118787e-05
-4.150807577728101e-06
-1.104884760980574e-06
-2.672776088141496e-07
-3.165351603933332e-08
3.547206351096589e-08
5.460994489961536e-08
5.991896320417701e-08
6.120008687209455e-08
6.128673116102716e-08
6.100206831198027e-08
6.05862940849869e-08
6.011003699035934e-08
5.959453260799778e-08
5.904663285953312e-08
5.846901230174847e-08
5.786314512646308e-08
5.723017249523134e-08
5.657115147656209e-08
5.588712461804783e-08
5.51791382310164e-08
5.444824445191148e-08
5.369549924433072e-08
5.292195907132446e-08
5.212867651985408e-08
5.131669659141285e-08
5.048705423580415e-08
4.964076987798376e-08
4.877884880664942e-08
4.790227689333829e-08
4.701201890410226e-08
4.610901562188151e-08
4.519418135916595e-08
4.426840296390841e-08
4.333253783740463e-08
4.23874142357184e-08
4.143382777197719e-08
4.047254202855195e-08
3.950428645045268e-08
3.852975677110655e-08
3.754961394773244e-08
3.656448535696061e-08
3.55749639917827e-08
3.458160875322053e-08
3.358494397648443e-08
3.258545946844641e-08
3.158361179206521e-08
3.057982461150328e-08
2.957448947897835e-08
2.856796617876738e-08
2.756058413945676e-08
2.65526428143113e-08
2.554441279826341e-08
2.453613701354791e-08
2.352803181375946e-08
2.252028719691709e-08
2.151306792750735e-08
2.050651489067358e-08
1.950074654877651e-08
1.849585981845937e-08
1.74919306417667e-08
1.648901549399442e-08
1.548715241577426e-08
1.448636240330963e-08
1.348665030882202e-08
1.248800621192424e-08
1.149040622579111e-08
1.049381340065914e-08
9.498178518804633e-09
8.503441817096596e-09
7.509534290030556e-09
6.516378611713991e-09
5.523889353953347e-09
4.531974244855775e-09
3.540535694271043e-09
2.54947136114863e-09
1.558676406617009e-09
5.680435689139917e-10
-4.225363468903342e-10
-1.413173352822611e-09
-2.403977470379465e-09
-3.395057445392506e-09
-4.386517401736806e-09
-5.378458570147732e-09
-6.370979838672515e-09
-7.364173265131292e-09
-8.358123468516823e-09
-9.352908369728614e-09
-1.034859714510674e-08
-1.134524909595863e-08
-1.234291349660859e-08
-1.334162755317041e-08
-1.434141444914921e-08
-1.534228411670683e-08
-1.634423269944563e-08
-1.734723931174054e-08
-1.835126486160274e-08
-1.935625251315775e-08
-2.036212639324357e-08
-2.136878979445534e-08
-2.237612446263091e-08
-2.338398936593662e-08
-2.439221913494528e-08
-2.54006236283009e-08
-2.640898743565599e-08
-2.741706818258297e-08
-2.84245949634149e-08
-2.943126766931332e-08
-3.043675636873204e-08
-3.144070043524875e-08
-3.244270790653997e-08
-3.3442354671304e-08
-3.443918379965042e-08
-3.54327050158595e-08
-3.642239440692831e-08
-3.740769361819319e-08
-3.838800949052559e-08
-3.936271419972797e-08
-4.033114584418577e-08
-4.129260833919754e-08
-4.224637172268914e-08
-4.319167272855946e-08
-4.412771569752326e-08
-4.505367314089712e-08
-4.596868708509036e-08
-4.687187077169398e-08
-4.776230951834414e-08
-4.863906238815189e-08
-4.950116414541128e-08
-5.034762855756593e-08
-5.117744981652742e-08
-5.198960623360426e-08
-5.278306246379827e-08
-5.355677318666351e-08
-5.430968567692649e-08
-5.504074436726643e-08
-5.574889325086236e-08
-5.643308041376041e-08
-5.709225878185104e-08
-5.772538481896395e-08
-5.833140117000188e-08
-5.890916622831173e-08
-5.945720474079751e-08
-5.997284184606636e-08
-6.044922487717532e-08
-6.086511727905051e-08
-6.114989043701467e-08
-6.106334868446562e-08
-5.978232023684777e-08
-5.447339025997532e-08
-3.533559080917617e-08
3.178991347999556e-08
2.67413938383393e-07
1.105021030280132e-06
4.150943796560934e-06
1.688955077527109e-05
7.380236092491995e-05
0.0002365597622537162
-0.000239426687234343
-7.467316518172578e-05
-1.706202509133037e-05
-4.167156070542651e-06
-1.083930988902662e-06
-2.361362447099665e-07
2.270520951021458e-09
7.009286480864843e-08
8.932047326003658e-08
9.45315474500592e-08
9.564757969747853e-08
9.553704350565438e-08
9.503352788954023e-08
9.438051507880217e-08
9.364986091724337e-08
9.28634419384663e-08
9.202859244532811e-08
9.114843436875475e-08
9.022488882133506e-08
8.925955204475112e-08
8.825394609077164e-08
8.720958749141042e-08
8.612800373523541e-08
8.501073373462028e-08
8.385932394682084e-08
8.267532328642735e-08
8.146027732156648e-08
8.021572290277479e-08
7.894318430078945e-08
7.764416749622378e-08
7.632015789357888e-08
7.497261495812734e-08
7.360296938768652e-08
7.221261898798936e-08
7.08029253705669e-08
6.937521220842883e-08
6.793076236386889e-08
6.647081747737138e-08
6.499657384584262e-08
6.350918237547584e-08
6.20097461488285e-08
6.049932055124649e-08
5.897891201666126e-08
5.744947899266827e-08
5.591193087779213e-08
5.4367128167893e-08
5.281588188638433e-08
5.125895391708584e-08
4.969705825222812e-08
4.813086167039567e-08
4.656098452557547e-08
4.498800142741385e-08
4.341244268901725e-08
4.183479500667269e-08
4.025550296319752e-08
3.867497090692895e-08
3.709356418578597e-08
3.551160991375147e-08
3.392939820740483e-08
3.234718392010022e-08
3.076518868253499e-08
2.91836024443857e-08
2.760258450032951e-08
2.602226553768442e-08
2.444274898910442e-08
2.286411271640278e-08
2.128641044670324e-08
1.970967372019614e-08
1.813391332024373e-08
1.655912101694327e-08
1.498527043381426e-08
1.341231956509054e-08
1.184021178601485e-08
1.026887793359845e-08
8.698236877626117e-09
7.128197618923469e-09
5.558661315125124e-09
3.989521973126576e-09
2.420668937567998e-09
8.519881648499333e-10
-7.166373333063829e-10
-2.285325858771994e-09
-3.854194323397663e-09
-5.423357791864687e-09
-6.992926928954585e-09
-8.563006331568811e-09
-1.013369582151301e-08
-1.170508743818944e-08
-1.327726105469952e-08
-1.48502852879036e-08
-1.642421733036799e-08
-1.799909930041217e-08
-1.957495719036696e-08
-2.115179988674261e-08
-2.2729616052451e-08
-2.430837355938093e-08
-2.58880192638452e-08
-2.746847571981236e-08
-2.904963880003906e-08
-3.063137744448959e-08
-3.221353243142639e-08
-3.379591402273819e-08
-3.53783003672329e-08
-3.696043599962526e-08
-3.854203034376825e-08
-4.01227565771238e-08
-4.170225030218787e-08
-4.328010760239891e-08
-4.485588331989943e-08
-4.642908982640813e-08
-4.799919606654227e-08
-4.956562669664042e-08
-5.112776112377643e-08
-5.268493216301281e-08
-5.423642513497517e-08
-5.578147750481148e-08
-5.73192784641734e-08
-5.884896799371355e-08
-6.03696366217363e-08
-6.188032556997763e-08
-6.338002732041341e-08
-6.486768572738931e-08
-6.634219688082675e-08
-6.780241009204897e-08
-6.92471290241863e-08
-7.067511270763755e-08
-7.208507761234118e-08
-7.347569996018381e-08
-7.484561752285652e-08
-7.619343213286213e-08
-7.751771258000542e-08
-7.881699901324575e-08
-8.008980534652541e-08
-8.133462428367728e-08
-8.25499307598366e-08
-8.37341873339343e-08
-8.488584822409572e-08
-8.600336513681453e-08
-8.708519140344631e-08
-8.81297884053567e-08
-8.913562787476945e-08
-9.010119223318779e-08
-9.102495883673516e-08
-9.190533060637487e-08
-9.274038531079999e-08
-9.352700060903712e-08
-9.425784125878523e-08
-9.491102965964317e-08
-9.541470992146058e-08
-9.552539968657209e-08
-9.440951004977226e-08
-8.919856787335842e-08
-6.997108137142985e-08
-2.148848987525939e-09
2.362578165321962e-07
1.084052472132017e-06
4.167277479166706e-06
1.706213425833286e-05
7.46732280231289e-05
0.0002394276370948759
-0.0002422945095792689
-7.554399061783657e-05
-1.723456652551175e-05
-4.183447832209786e-06
-1.062920886127722e-06
-2.049390536274496e-07
3.624978049986058e-08
1.047681869066425e-07
1.240847273220476e-07
1.291969731027963e-07
1.301469448389635e-07
1.29838179213571e-07
1.291146874597904e-07
1.28223243951337e-07
1.272369377406988e-07
1.261782923872909e-07
1.250551306181026e-07
1.238710278397604e-07
1.226283583900929e-07
1.213291799720241e-07
1.199754857228723e-07
1.185692721956259e-07
1.171125540630138e-07
1.156073627932589e-07
1.140557409609038e-07
1.12459735215447e-07
1.108213891495037e-07
1.091427363111071e-07
1.07425794899299e-07
1.056725608026941e-07
1.038850035604174e-07
1.020650597624877e-07
1.002146292678453e-07
9.833556989433901e-08
9.642969317905166e-08
9.449876204167341e-08
9.254448697597091e-08
9.056852468542781e-08
8.85724734972105e-08
8.655787279767082e-08
8.452620026492138e-08
8.247887164083755e-08
8.041723928024483e-08
7.834259291929433e-08
7.625615829907314e-08
7.415909722741535e-08
7.205250705365667e-08
6.99374212198862e-08
6.781481051340167e-08
6.568558400116044e-08
6.355058989942989e-08
6.141061648954671e-08
5.926639376902146e-08
5.711859457019816e-08
5.496783630794808e-08
5.28146832702774e-08
5.065964832103359e-08
4.850319409208184e-08
4.634573450333609e-08
4.418763699584858e-08
4.202922492479842e-08
3.987077969178468e-08
3.771254235436305e-08
3.55547160713493e-08
3.339746795072769e-08
3.124093114991441e-08
2.908520677642806e-08
2.693036639320365e-08
2.477645407264488e-08
2.262348838576555e-08
2.047146422820934e-08
1.832035534185078e-08
1.617011637000547e-08
1.402068477986563e-08
1.187198257197102e-08
9.723918280737631e-09
7.576389834329846e-09
5.429286342262459e-09
3.282489890671136e-09
1.135877992719604e-09
-1.010675308834644e-09
-3.157298402081593e-09
-5.304116790746899e-09
-7.451252759146042e-09
-9.598824980705141e-09
-1.174694389021934e-08
-1.389571159983232e-08
-1.604522054085437e-08
-1.819554811209994e-08
-2.034675560342463e-08
-2.249888889398087e-08
-2.465197497238961e-08
-2.68060185610898e-08
-2.896100096685827e-08
-3.111687798770539e-08
-3.327357757778909e-08
-3.543099860357642e-08
-3.758900846888336e-08
-3.97474399549937e-08
-4.190608942254985e-08
-4.406471555676257e-08
-4.622303716618989e-08
-4.838073054409048e-08
-5.053742738388706e-08
-5.269271336992841e-08
-5.48461264429623e-08
-5.699715459289793e-08
-5.914523369217403e-08
-6.128974563141635e-08
-6.343001652316925e-08
-6.55653154467784e-08
-6.769485347334763e-08
-6.981778222737031e-08
-7.193319213694451e-08
-7.404011151144524e-08
-7.613750616675989e-08
-7.822427876689036e-08
-8.029926786610409e-08
-8.236124774482058e-08
-8.440892841654545e-08
-8.644095622588911e-08
-8.845591429971696e-08
-9.045232399009995e-08
-9.242864604445666e-08
-9.438328194591505e-08
-9.631457547487577e-08
-9.822081547858061e-08
-1.001002388330535e-07
-1.019510330133993e-07
-1.037713397088141e-07
-1.055592585433617e-07
-1.073128523029465e-07
-1.090301505676468e-07
-1.107091561833618e-07
-1.123478500149911e-07
-1.139441976881168e-07
-1.154961551309663e-07
-1.170016760692119e-07
-1.184587175384242e-07
-1.198652481486752e-07
-1.21219252472908e-07
-1.225187330240178e-07
-1.237616958512828e-07
-1.249460820678606e-07
-1.260695160801986e-07
-1.271284219136106e-07
-1.281149756360949e-07
-1.290066524884047e-07
-1.297303633404511e-07
-1.300393336559873e-07
-1.290895522751692e-07
-1.239774826987834e-07
-1.046611045739106e-07
-3.614284594508192e-08
2.05045855504518e-07
1.063027570557192e-06
4.183554417557574e-06
1.723466070229423e-05
7.554403789496132e-05
0.0002422954546215652
-0.0002451622549867292
-7.641473923233231e-05
-1.740703138428187e-05
-4.199663406042007e-06
-1.041835121982302e-06
-1.736668632706168e-07
7.030324509560852e-08
1.395167917618581e-07
1.589212188111055e-07
1.639334734518471e-07
1.647161103849185e-07
1.642077358186097e-07
1.632627901535736e-07
1.62131347301292e-07
1.60887737196334e-07
1.595551383582623e-07
1.581418698923505e-07
1.566519685460248e-07
1.550882699534314e-07
1.534533015754164e-07
1.517495358840341e-07
1.499794574599273e-07
1.481455758069433e-07
1.462504224080631e-07
1.442965432086096e-07
1.422864896036248e-07
1.402228099578391e-07
1.381080409811291e-07
1.359447008275834e-07
1.337352808170756e-07
1.314822397886873e-07
1.291879961599881e-07
1.268549232901833e-07
1.244853430341829e-07
1.220815204840997e-07
1.196456609585554e-07
1.171799052748774e-07
1.146863274425817e-07
1.121669296939045e-07
1.096236415003731e-07
1.070583165083381e-07
1.044727318851204e-07
1.018685865922917e-07
9.924750186478612e-08
9.661101965810801e-08
9.396060280451143e-08
9.129763460006921e-08
8.862341952444897e-08
8.593918447431365e-08
8.324607985988623e-08
8.054518046591239e-08
7.783748665483122e-08
7.512392648845302e-08
7.240535747599493e-08
6.968256842186922e-08
6.695628200133429e-08
6.422715679574363e-08
6.149578881917018e-08
5.876271353850824e-08
5.602840894440328e-08
5.329329821674472e-08
5.055775240696324e-08
4.782209248125958e-08
4.508659192819841e-08
4.235147923446368e-08
3.961694046196872e-08
3.688312191434752e-08
3.415013321802351e-08
3.141805004470278e-08
2.868691582051562e-08
2.595674455590357e-08
2.322752319272445e-08
2.049921537650974e-08
1.777176332347791e-08
1.504509040113316e-08
1.23191031393381e-08
9.593693753272903e-09
6.868744181862023e-09
4.144127224437873e-09
1.419709784533077e-09
-1.304644688922583e-09
-4.029075839792855e-09
-6.753720876319381e-09
-9.478711785807385e-09
-1.220417599608328e-08
-1.493023249340751e-08
-1.765698812044375e-08
-2.038453676492687e-08
-2.311295557917017e-08
-2.584230121807369e-08
-2.857260992897134e-08
-3.130389538147838e-08
-3.403614355179133e-08
-3.676931025757949e-08
-3.95033200075133e-08
-4.223806314899965e-08
-4.497339306832747e-08
-4.770912385216524e-08
-5.044502710880854e-08
-5.318082891768351e-08
-5.591620791789592e-08
-5.865079325502803e-08
-6.138416153871133e-08
-6.411583395304635e-08
-6.684527430506964e-08
-6.957188693690708e-08
-7.229501405639357e-08
-7.501393317434705e-08
-7.772785486631363e-08
-8.043592065641376e-08
-8.313720132767051e-08
-8.583069557757293e-08
-8.851532822444332e-08
-9.118994833449782e-08
-9.385332824771879e-08
-9.650416286735091e-08
-9.914106876415163e-08
-1.017625832265619e-07
-1.043671641156858e-07
-1.069531898182624e-07
-1.095189599967937e-07
-1.120626963198494e-07
-1.145825442031917e-07
-1.170765740717038e-07
-1.195427831342228e-07
-1.21979097544552e-07
-1.243833758472305e-07
-1.267534125486992e-07
-1.290869413675478e-07
-1.313816398644042e-07
-1.336351340536682e-07
-1.358450045200684e-07
-1.380087912466361e-07
-1.401240016677139e-07
-1.421881167816875e-07
-1.441985989536734e-07
-1.461528990053029e-07
-1.480484655830343e-07
-1.498827522463847e-07
-1.51653227364438e-07
-1.533573803928995e-07
-1.549927259062667e-07
-1.565567906249069e-07
-1.580470457401839e-07
-1.594606540716016e-07
-1.607935779925003e-07
-1.620374970879353e-07
-1.631692317181981e-07
-1.641144516413805e-07
-1.646230825292332e-07
-1.638406840765484e-07
-1.588286502021994e-07
-1.394244260606323e-07
-7.021106376748597e-08
1.73758878987475e-07
1.041926991028104e-06
4.199755151237306e-06
1.740711055365871e-05
7.641477092775638e-05
0.0002451631951933771
-0.0002480299036777466
-7.728539127475708e-05
-1.7579399977547e-05
-4.215783196756056e-06
-1.020654230036782e-06
-1.423003692771046e-07
1.044500249482799e-07
1.743575642733121e-07
1.938485770448651e-07
1.987593932846565e-07
1.993731092850941e-07
1.986634087272014e-07
1.974951698349478e-07
1.961217750987558e-07
1.946188046950486e-07
1.930101018576137e-07
1.913044920775475e-07
1.895064833859573e-07
1.876193827030965e-07
1.856461973987527e-07
1.835898894316835e-07
1.814534413625629e-07
1.792398671866485e-07
1.769522076164083e-07
1.745935208817478e-07
1.721668718503189e-07
1.696753220744416e-07
1.671219194701076e-07
1.645096895829816e-07
1.618416259783477e-07
1.591206831649286e-07
1.563497672982195e-07
1.535317306527603e-07
1.506693641307055e-07
1.477653909008918e-07
1.448224625263591e-07
1.41843153455531e-07
1.388299578755589e-07
1.357852843769746e-07
1.327114545777285e-07
1.296106997564361e-07
1.264851597539172e-07
1.23336880907008e-07
1.201678163179971e-07
1.169798241620377e-07
1.137746681240625e-07
1.105540169921899e-07
1.073194455442984e-07
1.040724357134568e-07
1.008143780200934e-07
9.754657235539438e-08
9.427022959471544e-08
9.098647412224394e-08
8.769634613479943e-08
8.440080367789278e-08
8.110072570765095e-08
7.77969142277639e-08
7.449009636461927e-08
7.118092685486867e-08
6.786999176043627e-08
6.455781152206708e-08
6.124484421617302e-08
5.793148800486165e-08
5.461808418518477e-08
5.130492019395036e-08
4.799223256307913e-08
4.468021021981453e-08
4.136899805172361e-08
3.805870043812056e-08
3.474938314406427e-08
3.144107666602994e-08
2.813377903279405e-08
2.482746019534748e-08
2.152206447360027e-08
1.821751394301028e-08
1.491371042122744e-08
1.161053845812113e-08
8.307869692129597e-09
5.005565434402088e-09
1.703479430396309e-09
-1.598538088568213e-09
-4.900639936088558e-09
-8.202977923423275e-09
-1.150569707497025e-08
-1.480893553221057e-08
-1.811282259978424e-08
-2.141747318778918e-08
-2.47229850931616e-08
-2.802943706627182e-08
-3.133688456472802e-08
-3.464535709521042e-08
-3.795485662663519e-08
-4.126535301172123e-08
-4.457677962539717e-08
-4.788903197892435e-08
-5.120196547074066e-08
-5.451539111498058e-08
-5.782907207349576e-08
-6.114272091870644e-08
-6.445599613900343e-08
-6.776849912647689e-08
-7.107977187308944e-08
-7.438929380829271e-08
-7.769647818392023e-08
-8.100066925186619e-08
-8.430113991307076e-08
-8.759708882915971e-08
-9.088763741936779e-08
-9.417182709745973e-08
-9.74486167326797e-08
-1.007168805745243e-07
-1.03975406457744e-07
-1.072228937711059e-07
-1.104579515625438e-07
-1.136790973198553e-07
-1.168847558175777e-07
-1.200732580124333e-07
-1.232428400477191e-07
-1.263916431924003e-07
-1.295177137940161e-07
-1.326190041390281e-07
-1.356933733949833e-07
-1.387385893868469e-07
-1.417523300770944e-07
-1.44732185877831e-07
-1.476756624304667e-07
-1.505801846410868e-07
-1.534431007358257e-07
-1.562616863417822e-07
-1.590331499189717e-07
-1.617546382989033e-07
-1.644232439773705e-07
-1.670360110514561e-07
-1.695899446421236e-07
-1.720820183053309e-07
-1.745091832257944e-07
-1.768683768209456e-07
-1.791565338811904e-07
-1.813705955024723e-07
-1.835075206718536e-07
-1.855642941364478e-07
-1.875379323920127e-07
-1.89425472634386e-07
-1.91223906102046e-07
-1.92929924060091e-07
-1.945390171572085e-07
-1.960423585886469e-07
-1.974161041816659e-07
-1.985846732455278e-07
-1.992946825291001e-07
-1.986812538273802e-07
-1.937707034607981e-07
-1.74279934743292e-07
-1.043726170377939e-07
1.423775781912933e-07
1.020731263081959e-06
4.215860081252793e-06
1.757946411861622e-05
7.728540736710012e-05
0.0002480308390272473
-0.0002508974356958178
-7.815592681791606e-05
-1.77516524402908e-05
-4.23178743672438e-06
-9.99358574879195e-07
-1.108201027313897e-07
1.387093893790997e-07
2.09309542304323e-07
2.288855776160061e-07
2.336932162654232e-07
2.341361052341586e-07
2.332230154161668e-07
2.318292732769745e-07
2.302115808587936e-07
2.284467796886553e-07
2.26559389134674e-07
2.245587530862664e-07
2.224498631255799e-07
2.202365096072251e-07
2.179221919708629e-07
2.155103736254045e-07
2.130045468753344e-07
2.104082418084938e-07
2.077250195570779e-07
2.04958461517193e-07
2.02112156530689e-07
1.991896893323828e-07
1.961946285158435e-07
1.931305158049232e-07
1.900008552423094e-07
1.868091047105811e-07
1.835586652644844e-07
1.802528746272441e-07
1.768949986989888e-07
1.734882239727932e-07
1.70035652784842e-07
1.665402971531544e-07
1.630050749768982e-07
1.594328042844736e-07
1.558262013729054e-07
1.52187877058514e-07
1.485203351917712e-07
1.448259702835599e-07
1.411070676915129e-07
1.373658020304154e-07
1.336042377703e-07
1.298243287270038e-07
1.260279190778309e-07
1.222167444191358e-07
1.183924335923299e-07
1.145565097658325e-07
1.1071039261897e-07
1.068554010306413e-07
1.029927556941099e-07
9.912358142989729e-08
9.524891059666455e-08
9.136968567587206e-08
8.74867621517481e-08
8.360091135189608e-08
7.971282471812552e-08
7.582311712993203e-08
7.193233055610169e-08
6.804093699564607e-08
6.414934224673013e-08
6.025788951437445e-08
5.636686297755144e-08
5.247649141052045e-08
4.858695206773416e-08
4.469837441432175e-08
4.081084337966662e-08
3.692440241578275e-08
3.303905795334575e-08
2.915478346185791e-08
2.527152258609015e-08
2.13891925346376e-08
1.750768727215133e-08
1.362688048575993e-08
9.746630769429948e-09
5.866785300640346e-09
1.987181840453106e-09
-1.892346629225537e-09
-5.771968898478353e-09
-9.651853455678772e-09
-1.353216243828342e-08
-1.741304769145791e-08
-2.129465073019674e-08
-2.517709808845727e-08
-2.906049524566284e-08
-3.294492508210161e-08
-3.683044470019244e-08
-4.071708031958026e-08
-4.460482510776872e-08
-4.849363560539968e-08
-5.238342623017638e-08
-5.627406683668072e-08
-6.016538062843231e-08
-6.405713927729196e-08
-6.794905838818406e-08
-7.184079444709791e-08
-7.573194128209032e-08
-7.962202636455557e-08
-8.351050775909111e-08
-8.739677051613714e-08
-9.128012266012621e-08
-9.515979184471807e-08
-9.903492242999358e-08
-1.029045722145175e-07
-1.067677091370929e-07
-1.10623207944233e-07
-1.144698470278666e-07
-1.183063060896152e-07
-1.221311640866223e-07
-1.259428968875531e-07
-1.297398750757815e-07
-1.335203623964807e-07
-1.372825143253121e-07
-1.410243767302344e-07
-1.447438848980146e-07
-1.484388634666164e-07
-1.521070263102483e-07
-1.557459774199198e-07
-1.593532119460447e-07
-1.629261181013521e-07
-1.66461978975331e-07
-1.699579753907123e-07
-1.734111891161532e-07
-1.76818607263225e-07
-1.801771270200635e-07
-1.834835605643071e-07
-1.867346413782227e-07
-1.899270306553873e-07
-1.930573257610435e-07
-1.961220673457126e-07
-1.991177499251027e-07
-2.020408305264568e-07
-2.048877396254859e-07
-2.076548913662061e-07
-2.103386963620037e-07
-2.129355723174901e-07
-2.154419574526797e-07
-2.178543203281523e-07
-2.20169167652548e-07
-2.223830350024402e-07
-2.244924215302343e-07
-2.264935349014104e-07
-2.283813819274268e-07
-2.301466172314417e-07
-2.317647203338078e-07
-2.33158849019117e-07
-2.340723005612666e-07
-2.336297485414056e-07
-2.28822421733654e-07
-2.092466724922971e-07
-1.386467792511772e-07
1.108824799650867e-07
9.994207470033222e-07
4.23184943558655e-06
1.775170152788679e-05
7.815592728190016e-05
0.0002508983661628324
-0.0002537648308711864
-7.902632572219856e-05
-1.79237686971804e-05
-4.247656151305231e-06
-9.779283181493385e-07
-7.920639681632663e-08
1.731007992111534e-07
2.443919476844245e-07
2.640511717175785e-07
2.68753592707895e-07
2.690234190153285e-07
2.679045202039434e-07
2.662826831515961e-07
2.644179424234363e-07
2.623884141444198e-07
2.602193072025633e-07
2.579204977920817e-07
2.554974754468685e-07
2.529545284682145e-07
2.502956626145724e-07
2.475248567108977e-07
2.44646126522938e-07
2.416635317003516e-07
2.385811670158393e-07
2.354031499059821e-07
2.321336055123879e-07
2.287766533624883e-07
2.253363936745168e-07
2.218168946540493e-07
2.182221803983281e-07
2.145562212022435e-07
2.108229214287178e-07
2.070261118526212e-07
2.031695401996289e-07
1.992568623626836e-07
1.952916367602485e-07
1.912773176013771e-07
1.872172505888674e-07
1.831146667123191e-07
1.789726797882235e-07
1.747942823610504e-07
1.705823438324993e-07
1.663396079024223e-07
1.620686926825316e-07
1.577720893977337e-07
1.534521630195486e-07
1.491111517355386e-07
1.447511680627377e-07
1.403741998851777e-07
1.359821124669437e-07
1.315766501230447e-07
1.271594390702411e-07
1.227319902300317e-07
1.182957021761427e-07
1.13851863726647e-07
1.09401657624367e-07
1.049461637067193e-07
1.004863625520684e-07
9.602313863718201e-08
9.155728525241347e-08
8.708950823722866e-08
8.262042997435627e-08
7.81505929515355e-08
7.368046389726855e-08
6.921043807806303e-08
6.474084351254851e-08
6.027194505755055e-08
5.58039488145111e-08
5.133700588572726e-08
4.687121669968487e-08
4.240663425938095e-08
3.794326939611445e-08
3.348109566485096e-08
2.902005249596442e-08
2.456004872598886e-08
2.010096661520213e-08
1.564266592285529e-08
1.118498826521812e-08
6.727763391744407e-09
2.27080999329955e-09
-2.186060298388246e-09
-6.643036304136221e-09
-1.110030582943694e-08
-1.555805114597202e-08
-2.001644244507519e-08
-2.447563672892022e-08
-2.893577485920246e-08
-3.33969744624377e-08
-3.785932629082543e-08
-4.232289171015604e-08
-4.678769760224129e-08
-5.125373228092468e-08
-5.572094203503931e-08
-6.018922621154677e-08
-6.465843315417968e-08
-6.912835701577998e-08
-7.359873339250659e-08
-7.806923430974168e-08
-8.253946389097672e-08
-8.700895474174522e-08
-9.147716416887969e-08
-9.594346994223485e-08
-1.004071659404794e-07
-1.04867458243492e-07
-1.093234614068904e-07
-1.137741946190534e-07
-1.182185780097185e-07
-1.226554290767712e-07
-1.270834585977828e-07
-1.315012670486817e-07
-1.359073420869931e-07
-1.403000562324599e-07
-1.446776639941665e-07
-1.490382992121116e-07
-1.533799731944554e-07
-1.577005730685629e-07
-1.619978603102045e-07
-1.662694698040907e-07
-1.705129095873434e-07
-1.747255604978999e-07
-1.789046770624184e-07
-1.830473886274043e-07
-1.871507015987823e-07
-1.912115015327395e-07
-1.952265564054947e-07
-1.99192520072167e-07
-2.031059370636241e-07
-2.069632480036941e-07
-2.107607954540655e-07
-2.1449483118438e-07
-2.181615232647232e-07
-2.217569656503116e-07
-2.252771864918134e-07
-2.287181599401007e-07
-2.320758161620113e-07
-2.353460539395445e-07
-2.38524752640655e-07
-2.416077865556608e-07
-2.445910370762628e-07
-2.474704082410329e-07
-2.502418387960717e-07
-2.529013120207189e-07
-2.554448479997328e-07
-2.578684395432067e-07
-2.601677963595123e-07
-2.623374272140618e-07
-2.643674541026318e-07
-2.662326664336223e-07
-2.678549471626807e-07
-2.689742613991365e-07
-2.687048224692345e-07
-2.640027600901245e-07
-2.443438649455966e-07
-1.730530149543257e-07
7.925391378036656e-08
9.7797560030506e-07
4.247703234944136e-06
1.792380270153951e-05
7.902631052840937e-05
0.0002537657564263609
-0.0002566320687839793
-7.98965675988269e-05
-1.809572842591496e-05
-4.263369122757166e-06
-9.563433835041828e-07
-4.743935277717971e-08
2.076439398982181e-07
2.79624218146641e-07
2.993645165690292e-07
3.0395936822695e-07
3.040535553637536e-07
3.027260593657816e-07
3.008731414416503e-07
2.987581835059485e-07
2.964605918407575e-07
2.940062807108669e-07
2.914056747325124e-07
2.886647778193886e-07
2.857883927723423e-07
2.82781048140606e-07
2.796472543993813e-07
2.763915666204619e-07
2.730185896174315e-07
2.695329670246212e-07
2.659393670312697e-07
2.622424652214337e-07
2.584469292278847e-07
2.545574034227368e-07
2.505784943714265e-07
2.465147573384471e-07
2.423706853987298e-07
2.381506957308203e-07
2.338591207637481e-07
2.295001977366739e-07
2.250780588470954e-07
2.205967246881429e-07
2.160600971320362e-07
2.11471954355241e-07
2.068359441380875e-07
2.021555808643107e-07
1.974342411433949e-07
1.92675161617221e-07
1.878814363669236e-07
1.830560170917047e-07
1.782017118521214e-07
1.733211856378276e-07
1.684169599265072e-07
1.63491414101002e-07
1.585467865590309e-07
1.535851771795186e-07
1.486085493093252e-07
1.436187331532696e-07
1.386174287081288e-07
1.336062090923391e-07
1.285865235670638e-07
1.235597017799285e-07
1.185269576130855e-07
1.134893932684984e-07
1.084480027576952e-07
1.034036770640491e-07
9.835720860185288e-08
9.330929583332055e-08
8.826054772188109e-08
8.321148820316742e-08
7.816256086053571e-08
7.311413334274707e-08
6.806650217246158e-08
6.301989768042713e-08
5.797448861416497e-08
5.293038664833505e-08
4.788765086876916e-08
4.284629251657651e-08
3.780628056381722e-08
3.27675462988796e-08
2.77299857937068e-08
2.269346579590703e-08
1.765782829813642e-08
1.26228943209628e-08
7.588471126664071e-09
2.554354811389712e-09
-2.479667551468172e-09
-7.513810278294072e-09
-1.254828421514935e-08
-1.758329442333581e-08
-2.261903422196915e-08
-2.765568068827392e-08
-3.269339251798702e-08
-3.773230372627511e-08
-4.277251718112034e-08
-4.781410200228103e-08
-5.285708975235152e-08
-5.790146851224022e-08
-6.294717850671855e-08
-6.799410797249664e-08
-7.304208791254605e-08
-7.809088752267349e-08
-8.31402102636097e-08
-8.818968877696846e-08
-9.323887927823652e-08
-9.828725735536225e-08
-1.033342140085553e-07
-1.083790506034576e-07
-1.134209739095409e-07
-1.184590921061748e-07
-1.234924104729517e-07
-1.285198268079182e-07
-1.335401272492817e-07
-1.385519821792785e-07
-1.435539415817898e-07
-1.485444311957909e-07
-1.535217496752619e-07
-1.584840657866002e-07
-1.634294149062212e-07
-1.68355696082048e-07
-1.732606698723413e-07
-1.781419563632947e-07
-1.829970336173756e-07
-1.878232365931165e-07
-1.926177566306807e-07
-1.973776408186864e-07
-2.020997929975858e-07
-2.067809749527418e-07
-2.114178089551301e-07
-2.160067799858293e-07
-2.205442392683796e-07
-2.250264080390829e-07
-2.294493828378871e-07
-2.338091416864258e-07
-2.381015507210619e-07
-2.423223721987925e-07
-2.464672724865266e-07
-2.505318325831133e-07
-2.545115576836187e-07
-2.584018904351762e-07
-2.621982224114751e-07
-2.658959082053149e-07
-2.694902789934425e-07
-2.729766586142515e-07
-2.763503775066911e-07
-2.796067903554495e-07
-2.82741290434706e-07
-2.857493215333679e-07
-2.886263720075503e-07
-2.913679118914641e-07
-2.939691363953481e-07
-2.964240398610091e-07
-2.987221956792085e-07
-3.00837687401753e-07
-3.026911075456379e-07
-3.040190739750413e-07
-3.03925325549899e-07
-2.99330879816106e-07
-2.79590953652309e-07
-2.076110133106326e-07
4.747197712471018e-08
9.563757426153709e-07
4.263401257394808e-06
1.809574731319758e-05
7.989653671369108e-05
0.0002566329893935208
-0.0002594991287259154
-8.076663177196918e-05
-1.826751101945339e-05
-4.278905852774512e-06
-9.345834201207382e-07
-1.549880492023393e-08
2.423587552147691e-07
3.150260399267614e-07
3.348450068980393e-07
3.393296136608785e-07
3.392452307166719e-07
3.377059667000489e-07
3.356185729278506e-07
3.332497953360632e-07
3.306803482051239e-07
3.279368695824423e-07
3.250303511474191e-07
3.219673299487666e-07
3.187531419219139e-07
3.153928570775248e-07
3.118915360326947e-07
3.082542913952303e-07
3.044862909889613e-07
3.00592744638841e-07
2.965788879493498e-07
2.92449962865627e-07
2.882112001380388e-07
2.838678025273236e-07
2.794249284581066e-07
2.7488767695428e-07
2.702610755295311e-07
2.655500649179379e-07
2.60759488842042e-07
2.558940826074714e-07
2.509584623519739e-07
2.459571177668308e-07
2.408944044743951e-07
2.357745383130777e-07
2.306015881501317e-07
2.253794722635562e-07
2.201119537951015e-07
2.148026384206164e-07
2.094549718823976e-07
2.040722402713333e-07
1.986575686230018e-07
1.932139214591933e-07
1.877441023699763e-07
1.822507557960177e-07
1.767363685350647e-07
1.71203272814102e-07
1.656536484651442e-07
1.600895267464036e-07
1.545127934868318e-07
1.489251927632287e-07
1.433283303692456e-07
1.377236788789508e-07
1.321125820890099e-07
1.264962595814015e-07
1.208758106857348e-07
1.15252219695387e-07
1.096263610934635e-07
1.039990048267134e-07
9.837082160214e-08
9.274238783222731e-08
8.711419080524427e-08
8.148663312310577e-08
7.586003838687638e-08
7.023465640781255e-08
6.461066906648047e-08
5.89881945829274e-08
5.336729320828509e-08
4.774797241335747e-08
4.213019180707346e-08
3.651386945242545e-08
3.089888488065835e-08
2.528508424461831e-08
1.967228736657487e-08
1.406029074615202e-08
8.448874042993544e-09
2.837805649458303e-09
-2.773155444299299e-09
-8.384253295475968e-09
-1.399572720612056e-08
-1.960780903936887e-08
-2.522071938951658e-08
-3.083466090636704e-08
-3.644981438331875e-08
-4.206633395193178e-08
-4.768433966745967e-08
-5.330391324765487e-08
-5.892509502739135e-08
-6.454787780629316e-08
-7.017220076393368e-08
-7.579794512591719e-08
-8.142492895387987e-08
-8.705290158823131e-08
-9.268153913255155e-08
-9.83104393046973e-08
-1.039391152723872e-07
-1.095669903456441e-07
-1.151933934727906e-07
-1.208175540502853e-07
-1.264385965975413e-07
-1.320555360184735e-07
-1.376672725550002e-07
-1.432725867661181e-07
-1.488701348218396e-07
-1.54458443786553e-07
-1.600359066857702e-07
-1.656007783141877e-07
-1.711511718150324e-07
-1.766850550033456e-07
-1.822002466180349e-07
-1.876944132788593e-07
-1.93165066849226e-07
-1.986095620593948e-07
-2.040250947513035e-07
-2.094087004475309e-07
-2.147572535605226e-07
-2.200674667427458e-07
-2.253358919866963e-07
-2.305589218435783e-07
-2.357327918629428e-07
-2.408535829362994e-07
-2.459172251366741e-07
-2.509195018814063e-07
-2.558560558278469e-07
-2.607223957193466e-07
-2.655139035637117e-07
-2.702258433529474e-07
-2.748533699246385e-07
-2.793915406547952e-07
-2.838353262797121e-07
-2.881796254836938e-07
-2.924192777706811e-07
-2.965490791950913e-07
-3.005637974726692e-07
-3.044581899218472e-07
-3.082270195223196e-07
-3.118650746830738e-07
-3.153671855160637e-07
-3.187282378744256e-07
-3.219431695725797e-07
-3.250069090819842e-07
-3.27914118390727e-07
-3.306582587795917e-07
-3.332283365399553e-07
-3.355977112514996e-07
-3.376856673488343e-07
-3.392254583145378e-07
-3.393103322512442e-07
-3.348261794120487e-07
-3.150076288403918e-07
-2.423407221659001e-07
1.551650012844172e-08
9.346008189595233e-07
4.278923000716747e-06
1.826751475194984e-05
8.076658515748894e-05
0.0002595000443513157
-0.000262365989660157
-8.163649723905508e-05
-1.843909554699898e-05
-4.29424552390803e-06
-9.126277648641508e-07
1.66357161201679e-08
2.772654824791667e-07
3.506173813979485e-07
3.705123069955994e-07
3.748836556759557e-07
3.746174022156357e-07
3.728628001341339e-07
3.705371092509664e-07
3.679104585040825e-07
3.650648901067571e-07
3.620277867589047e-07
3.58810728428901e-07
3.554208065953163e-07
3.518639114616407e-07
3.481456754685639e-07
3.442717302858768e-07
3.402477666659572e-07
3.36079535606905e-07
3.317728326553819e-07
3.273334794806178e-07
3.22767302208637e-07
3.180801115729645e-07
3.132776846685428e-07
3.083657469400897e-07
3.0334995525991e-07
2.982358844533591e-07
2.930290106492557e-07
2.877346995411824e-07
2.823581940745855e-07
2.769046029288608e-07
2.713788925680578e-07
2.657858789535693e-07
2.601302211090145e-07
2.544164134257697e-07
2.486487817014933e-07
2.428314784649924e-07
2.369684805899141e-07
2.310635868809993e-07
2.251204183000607e-07
2.191424165721959e-07
2.131328448930648e-07
2.070947876983959e-07
2.01031152711917e-07
1.949446730266112e-07
1.888379105826517e-07
1.827132585044095e-07
1.765729453698032e-07
1.704190388903369e-07
1.642534500830035e-07
1.580779373588109e-07
1.518941121199795e-07
1.457034435088361e-07
1.395072634413457e-07
1.33306771239552e-07
1.27103039353504e-07
1.208970195213204e-07
1.146895484906314e-07
1.08481353771126e-07
1.022730589729296e-07
9.606518947699635e-08
8.985817743617495e-08
8.365236818657201e-08
7.744802615549485e-08
7.124534144596214e-08
6.504443380202207e-08
5.884535924215714e-08
5.264811570773548e-08
4.64526489155566e-08
4.02588583170888e-08
3.406660205193153e-08
2.787570119427525e-08
2.168594736286016e-08
1.549710803171337e-08
9.308930510190395e-09
3.12114951204909e-09
-3.066508300346407e-09
-9.254320954614398e-09
-1.544256223190729e-08
-2.163149598942386e-08
-2.782137440603385e-08
-3.401243107984887e-08
-4.020487410023654e-08
-4.639888208093582e-08
-5.25945974154142e-08
-5.879212005589682e-08
-6.499150410228687e-08
-7.119275207348402e-08
-7.739580742403649e-08
-8.360054929010384e-08
-8.98067877136727e-08
-9.60142577280809e-08
-1.022226136085692e-07
-1.084314232278237e-07
-1.146401616880261e-07
-1.208482051917711e-07
-1.270548257277538e-07
-1.332591858737047e-07
-1.394603331914514e-07
-1.456571943566193e-07
-1.518485693505088e-07
-1.580331261160548e-07
-1.642093953875007e-07
-1.703757654190418e-07
-1.765304766749489e-07
-1.826716171902781e-07
-1.88797118199201e-07
-1.949047498815422e-07
-2.009921174498602e-07
-2.070566578739091e-07
-2.130956367179728e-07
-2.191061452789823e-07
-2.25085098404347e-07
-2.310292328040999e-07
-2.369351060122468e-07
-2.427990957516666e-07
-2.486174010495511e-07
-2.543860432893795e-07
-2.601008683687875e-07
-2.657575492505268e-07
-2.713515902618694e-07
-2.768783315574296e-07
-2.823329555181738e-07
-2.877104940367268e-07
-2.930058363031319e-07
-2.98213738263287e-07
-3.033288324012913e-07
-3.083456407915508e-07
-3.132585869886578e-07
-3.180620118027075e-07
-3.227501875340776e-07
-3.273173354674102e-07
-3.317576428153096e-07
-3.360652825350004e-07
-3.402344315319363e-07
-3.44259292582999e-07
-3.481341126219486e-07
-3.518531989835191e-07
-3.554109179127939e-07
-3.588016351786436e-07
-3.620194583713311e-07
-3.650572943935445e-07
-3.679035612186318e-07
-3.705308736858006e-07
-3.728571881862429e-07
-3.746123747886476e-07
-3.748791725448027e-07
-3.705083269363932e-07
-3.506138629780124e-07
-2.77262382965348e-07
-1.663299071816174e-08
9.126301619853655e-07
4.294247643228836e-06
1.843908408244696e-05
8.163643485227772e-05
0.0002623669002581927
-0.0002652326301791925
-8.250614262879419e-05
-1.861046071301082e-05
-4.309366959520124e-06
-8.904554029013449e-07
4.898502184363107e-08
3.123846897264057e-07
3.864185284797939e-07
4.063863839873192e-07
4.106411079560002e-07
4.101892970868978e-07
4.082153693722848e-07
4.05647114244807e-07
4.027580654741655e-07
3.996316157640325e-07
3.962959157569097e-07
3.927631574455152e-07
3.89041010600964e-07
3.851359435723972e-07
3.810541748966525e-07
3.768019307833525e-07
3.723855032117565e-07
3.678112489500519e-07
3.630855709757749e-07
3.582148977309773e-07
3.532056592534388e-07
3.480642651108375e-07
3.427970846073132e-07
3.374104269818103e-07
3.31910522545954e-07
3.263035076093989e-07
3.205954064909212e-07
3.147921185608209e-07
3.08899404987077e-07
3.029228765881524e-07
2.968679850033609e-07
2.907400136429531e-07
2.845440705134287e-07
2.78285080225392e-07
2.719677798764662e-07
2.655967144032407e-07
2.591762342041069e-07
2.52710492630147e-07
2.462034459030455e-07
2.396588519637284e-07
2.330802714680076e-07
2.26471067976067e-07
2.198344104547698e-07
2.131732757985984e-07
2.064904526944965e-07
1.997885440558472e-07
1.930699717454749e-07
1.863369809220478e-07
1.79591644863873e-07
1.728358698867961e-07
1.660714013448718e-07
1.59299828753518e-07
1.525225910852571e-07
1.457409821464197e-07
1.389561568489793e-07
1.321691385137432e-07
1.253808250758546e-07
1.185919951726596e-07
1.118033139741396e-07
1.050153389666498e-07
9.822852636630956e-08
9.144323727676159e-08
8.465974528006195e-08
7.787824250880921e-08
7.109884509757065e-08
6.432159866545341e-08
5.754648623934822e-08
5.077343382518178e-08
4.400231673625494e-08
3.723296637307672e-08
3.046517330237291e-08
2.369869515602506e-08
1.693326438628075e-08
1.0168591233007e-08
3.404371167658928e-09
-3.359707664507981e-09
-1.012396165152761e-08
-1.688870446615822e-08
-2.365423878884116e-08
-3.042085335515467e-08
-3.7188817416028e-08
-4.395837252139456e-08
-5.072972718848341e-08
-5.750305132510695e-08
-6.427846936048273e-08
-7.105605494470577e-08
-7.783582526951157e-08
-8.461773370494475e-08
-9.140166336170304e-08
-9.818742190591097e-08
-1.049747357620971e-07
-1.117632433861085e-07
-1.185524885219103e-07
-1.253419135856288e-07
-1.321308533668154e-07
-1.389185289373436e-07
-1.457040419220218e-07
-1.524863683517383e-07
-1.592643520435009e-07
-1.660366981198257e-07
-1.728019672389241e-07
-1.795585699376823e-07
-1.863047608241613e-07
-1.93038632671439e-07
-1.997581110837446e-07
-2.064609493855403e-07
-2.131447240873085e-07
-2.198068306716455e-07
-2.264444797519993e-07
-2.33054693185666e-07
-2.396343008148836e-07
-2.461799380026495e-07
-2.52688043584032e-07
-2.591548586473371e-07
-2.655764257529066e-07
-2.719485898163839e-07
-2.782669986902933e-07
-2.845271054794658e-07
-2.907241713322866e-07
-2.968532700901908e-07
-3.029092928904697e-07
-3.0888695476144e-07
-3.147808023883363e-07
-3.205852225885158e-07
-3.262944526237024e-07
-3.319025909693576e-07
-3.374036114588077e-07
-3.427913761931079e-07
-3.480596525706785e-07
-3.532021290100556e-07
-3.582124342834546e-07
-3.630841563103362e-07
-3.678108639348845e-07
-3.723861270541559e-07
-3.76803540831989e-07
-3.810567464499651e-07
-3.851394498207734e-07
-3.890454224341253e-07
-3.927684436914574e-07
-3.963020427557642e-07
-3.996385481184744e-07
-4.027657656316809e-07
-4.056555421131012e-07
-4.082244833510454e-07
-4.101990542178216e-07
-4.106514639787697e-07
-4.063972937137327e-07
-3.864299461741334e-07
-3.123965678152973e-07
-4.89973110383679e-08
8.90442752542822e-07
4.309354003731957e-06
1.861043400416419e-05
8.250606442169312e-05
0.0002652335357020566
-0.0002680990284609436
-8.337554615710086e-05
-1.878158481372454e-05
-4.324248581462201e-06
-8.680449265603542e-07
8.157030584388896e-08
3.477373144928621e-07
4.224501218996689e-07
4.424875429735179e-07
4.46621903698326e-07
4.459804425995471e-07
4.437827637600297e-07
4.40967209764972e-07
4.378107440338265e-07
4.34398135382674e-07
4.307583284479916e-07
4.269041536012445e-07
4.228438855195645e-07
4.185845973604398e-07
4.141331203527209e-07
4.09496301585511e-07
4.046810599918598e-07
3.996943830200327e-07
3.945433050970201e-07
3.892348843606314e-07
3.837761766638593e-07
3.781742113405985e-07
3.724359695925792e-07
3.665683628371789e-07
3.605782117890687e-07
3.544722297478443e-07
3.482570033436867e-07
3.419389784196327e-07
3.355244459700815e-07
3.290195292205651e-07
3.224301738305818e-07
3.157621381583281e-07
3.090209854526993e-07
3.022120757794133e-07
2.953405616353007e-07
2.884113834650899e-07
2.814292672538667e-07
2.743987219512235e-07
2.673240392663503e-07
2.602092928556722e-07
2.530583396212557e-07
2.458748204070247e-07
2.386621629571672e-07
2.314235847909414e-07
2.24162097447432e-07
2.168805095547686e-07
2.095814319701655e-07
2.022672826925962e-07
1.949402924902491e-07
1.876025102231275e-07
1.802558093294777e-07
1.729018936785425e-07
1.655423032927446e-07
1.581784205834042e-07
1.508114772637497e-07
1.43442562203488e-07
1.360726282165123e-07
1.287024985499553e-07
1.213328732252951e-07
1.139643355355782e-07
1.065973594307027e-07
9.923231623379969e-08
9.186948224246052e-08
8.450904527579015e-08
7.715111109577462e-08
6.979570904483755e-08
6.244280076784414e-08
5.509228706058574e-08
4.774401315170848e-08
4.039777688047821e-08
3.305333286090812e-08
2.571039847810148e-08
1.836866428244184e-08
1.102779871047749e-08
3.687452534170375e-09
-3.652731835886089e-09
-1.099311497629744e-08
-1.833405574758702e-08
-2.567590219438098e-08
-3.301898547600064e-08
-4.036361582794073e-08
-4.771007465994525e-08
-5.505860683069634e-08
-6.240941556583791e-08
-6.976265590268181e-08
-7.711842721555088e-08
-8.447676714727498e-08
-9.183764514858345e-08
-9.920095496586824e-08
-1.065665082918357e-07
-1.139340290278427e-07
-1.213031459698077e-07
-1.286733849151474e-07
-1.360441618865203e-07
-1.434147767067863e-07
-1.507844061150027e-07
-1.581520970482216e-07
-1.655167599419875e-07
-1.728771616748325e-07
-1.802319185200912e-07
-1.875794898926139e-07
-1.949181720826237e-07
-2.022460916958416e-07
-2.095611990059499e-07
-2.168612619784714e-07
-2.241438607719915e-07
-2.314063828770545e-07
-2.386460182984721e-07
-2.458597548310911e-07
-2.530443735728274e-07
-2.601964453234124e-07
-2.6731232782664e-07
-2.743881634223083e-07
-2.8141987748649e-07
-2.884031772406273e-07
-2.953335521886077e-07
-3.022062743988285e-07
-3.090164011029194e-07
-3.157587777406614e-07
-3.224280426117556e-07
-3.290186314172134e-07
-3.355247841129515e-07
-3.419405532879851e-07
-3.482598132447281e-07
-3.544762712072091e-07
-3.605834789318147e-07
-3.665748476990553e-07
-3.724436623506063e-07
-3.781830997722509e-07
-3.837862462675761e-07
-3.892461186964805e-07
-3.945556849995812e-07
-3.997078878606139e-07
-4.046956669567214e-07
-4.095119856781907e-07
-4.141498544892347e-07
-4.186023522965644e-07
-4.22862629716824e-07
-4.269238531912073e-07
-4.307789465726488e-07
-4.34419633200204e-07
-4.378330804976837e-07
-4.409903413450662e-07
-4.438066454371571e-07
-4.46005027682202e-07
-4.466471439844493e-07
-4.425133891185944e-07
-4.224765233302516e-07
-3.477642186328497e-07
-8.159765920974295e-08
8.680171781834761e-07
4.324220499389639e-06
1.878154280851232e-05
8.337545207694538e-05
0.0002680999288562252
-0.0002709651622228667
-8.424468558115431e-05
-1.895244569130364e-05
-4.33886836501368e-06
-8.453744916505015e-07
1.144131857766424e-07
3.833447039528121e-07
4.58733195783053e-07
4.788364638883938e-07
4.828463300666802e-07
4.820106975761932e-07
4.795843808367216e-07
4.765163017475748e-07
4.730868810723849e-07
4.693822923273966e-07
4.654323032968208e-07
4.612504120873332e-07
4.568455278900045e-07
4.522253584588524e-07
4.473973774152023e-07
4.423690819121403e-07
4.371480462494313e-07
4.31741915987244e-07
4.261583834225648e-07
4.204051617024455e-07
4.144899568590343e-07
4.0842044107417e-07
4.022042289381826e-07
3.958488539425654e-07
3.893617455427721e-07
3.827502108578892e-07
3.760214142918875e-07
3.691823622118424e-07
3.622398880371295e-07
3.552006383138616e-07
3.480710619832515e-07
3.408574000946965e-07
3.335656777459618e-07
3.262016959479182e-07
3.187710270813831e-07
3.1127901041004e-07
3.037307494296198e-07
2.961311093856746e-07
2.884847172978183e-07
2.807959616114626e-07
2.730689939656351e-07
2.653077304695446e-07
2.575158549139535e-07
2.496968218599069e-07
2.418538613345157e-07
2.339899828158536e-07
2.261079810256803e-07
2.182104416583516e-07
2.102997476040397e-07
2.023780845106935e-07
1.944474476776798e-07
1.865096487429923e-07
1.785663220915513e-07
1.70618932110367e-07
1.626687808095575e-07
1.547170159278304e-07
1.467646382932346e-07
1.388125087919271e-07
1.308613552896339e-07
1.229117803109723e-07
1.149642682869226e-07
1.070191941871369e-07
9.907683025616247e-08
9.113735302194005e-08
8.320085097038787e-08
7.526733046475218e-08
6.733672534130899e-08
5.940890467033736e-08
5.148367727890122e-08
4.356080006841219e-08
3.563998484608517e-08
2.772090346003135e-08
1.980319762417491e-08
1.18864870120674e-08
3.970372399099973e-09
-3.945556403843517e-09
-1.186171165907329e-08
-1.977850300926596e-08
-2.769632981635973e-08
-3.561557272345052e-08
-4.353658918752778e-08
-5.145970671942153e-08
-5.938521379798001e-08
-6.731335350574157e-08
-7.524431735558809e-08
-8.317823712128925e-08
-9.111517787483618e-08
-9.905513174488888e-08
-1.06998010010915e-07
-1.149436355040282e-07
-1.228917361869744e-07
-1.308419375872881e-07
-1.387937545448473e-07
-1.467465839193388e-07
-1.546996975329322e-07
-1.626522345340443e-07
-1.706031939273622e-07
-1.785514272837077e-07
-1.864956311972537e-07
-1.944343398563543e-07
-2.023659181262872e-07
-2.102885543624202e-07
-2.1820025312008e-07
-2.260988279592878e-07
-2.339818949547979e-07
-2.418468666425669e-07
-2.496909465969066e-07
-2.575111238302438e-07
-2.653041672474793e-07
-2.730666206289652e-07
-2.80794798819214e-07
-2.884847844607561e-07
-2.961324250716303e-07
-3.037333310633068e-07
-3.112828741321327e-07
-3.187761872430549e-07
-3.262081648301003e-07
-3.335734654557849e-07
-3.408665147644052e-07
-3.48081509931953e-07
-3.552124242754847e-07
-3.622530145442674e-07
-3.691968298932668e-07
-3.76037221452322e-07
-3.827673540819748e-07
-3.893802188474349e-07
-3.958686489752818e-07
-4.022253350293168e-07
-4.084428449514657e-07
-4.145136430509291e-07
-4.204301128027769e-07
-4.261845791088635e-07
-4.317693341040107e-07
-4.371766618946208e-07
-4.423988677997001e-07
-4.474283041791692e-07
-4.522573944469347e-07
-4.568786390295031e-07
-4.612845616672554e-07
-4.654674511880007e-07
-4.694183961444148e-07
-4.731238961207644e-07
-4.765541810009132e-07
-4.796230757918767e-07
-4.820501578903334e-07
-4.828865036639115e-07
-4.788772970365726e-07
-4.587746328513581e-07
-3.833866875679245e-07
-1.144556582228137e-07
8.453315897200882e-07
4.33882510074463e-06
1.89523883328997e-05
8.424457557059386e-05
0.0002709660574332567
-0.0002738310086729789
-8.511353815100638e-05
-1.912302068592487e-05
-4.353203791568622e-06
-8.224217709740895e-07
1.475357483004037e-07
4.19228657435641e-07
4.952892177044885e-07
5.154542395722752e-07
5.193350642388962e-07
5.183002858080756e-07
5.156399567267326e-07
5.123136074405515e-07
5.086051466699042e-07
5.046021842744131e-07
5.003353435032283e-07
4.958188229555987e-07
4.910621994122791e-07
4.860738483426288e-07
4.808619185490695e-07
4.754345894804635e-07
4.698001220789498e-07
4.639668501630412e-07
4.579431530161337e-07
4.517374267308293e-07
4.453580541165614e-07
4.388133754009246e-07
4.321116620257245e-07
4.252610911206599e-07
4.182697207523807e-07
4.111454701395216e-07
4.038960980551542e-07
3.9652918650058e-07
3.890521246614798e-07
3.814720939933757e-07
3.737960565735219e-07
3.660307444600461e-07
3.581826514700748e-07
3.502580251726915e-07
3.422628622486844e-07
3.34202903837701e-07
3.260836327327429e-07
3.179102711246202e-07
3.096877810500345e-07
3.014208646414856e-07
2.931139662948194e-07
2.847712745780122e-07
2.763967256975814e-07
2.679940070855927e-07
2.595665626400508e-07
2.511175976927422e-07
2.426500854299486e-07
2.341667733320701e-07
2.256701897672574e-07
2.171626503458081e-07
2.086462653576934e-07
2.001229473883807e-07
1.91594418428182e-07
1.830622178456578e-07
1.745277104393789e-07
1.659920951888143e-07
1.574564130858202e-07
1.489215550700758e-07
1.403882697616634e-07
1.318571717548912e-07
1.233287488815896e-07
1.148033715415757e-07
1.062813005352394e-07
9.776269377899219e-08
8.924761499155078e-08
8.073604140129539e-08
7.222787127615884e-08
6.372293423826962e-08
5.522099643234998e-08
4.67217663765427e-08
3.822490548472311e-08
2.973003399914461e-08
2.12367381015443e-08
1.274458088417827e-08
4.253106567947567e-09
-4.238154223660228e-09
-1.272967307257814e-08
-2.122191699307883e-08
-2.971534279335613e-08
-3.821038806957336e-08
-4.670746476424025e-08
-5.52069531753868e-08
-6.370919262786661e-08
-7.221447312667829e-08
-8.072302916780526e-08
-8.923503214036597e-08
-9.775058232733006e-08
-1.062697016912127e-07
-1.147923260693847e-07
-1.233182968508481e-07
-1.318473533103362e-07
-1.403791249534164e-07
-1.489131234096342e-07
-1.574487341793711e-07
-1.659852083736334e-07
-1.745216546903127e-07
-1.830570315769808e-07
-1.915901392657965e-07
-2.001196116060038e-07
-2.086439081659084e-07
-2.171613063700044e-07
-2.256698933217844e-07
-2.341675580815186e-07
-2.426519841787317e-07
-2.511206423683295e-07
-2.595707837297576e-07
-2.679994334474382e-07
-2.764033843736641e-07
-2.847791910079269e-07
-2.93123164084862e-07
-3.014313662520753e-07
-3.096996079716367e-07
-3.179234438646665e-07
-3.260981703559488e-07
-3.342188236718856e-07
-3.422801795771377e-07
-3.502767533095539e-07
-3.582028019719014e-07
-3.660523270285875e-07
-3.738190787403334e-07
-3.814965609535856e-07
-3.890780389215372e-07
-3.965565485593625e-07
-4.039249062198755e-07
-4.111757210209522e-07
-4.183014082337812e-07
-4.252942064622479e-07
-4.321461939148433e-07
-4.388493097592335e-07
-4.453953745747085e-07
-4.517761148028332e-07
-4.57983187070136e-07
-4.64008206438539e-07
-4.698427736672605e-07
-4.754785069613066e-07
-4.809070702361564e-07
-4.86120199971864e-07
-4.911097141772231e-07
-4.958674612938996e-07
-5.003850622469423e-07
-5.046529377552548e-07
-5.08656886494871e-07
-5.123662826750785e-07
-5.156935149977126e-07
-5.183546729459879e-07
-5.193902243040514e-07
-5.155101144790623e-07
-4.953457470110223e-07
-4.192857791199664e-07
-1.475933997113672e-07
8.223636552157755e-07
4.353145284222944e-06
1.912294791240295e-05
8.511341214785513e-05
0.0002738318986360862
-0.0002766965444575257
-8.598208055789228e-05
-1.92932865849514e-05
-4.367231799015503e-06
-7.991639057007167e-07
1.80960596673817e-07
4.554114721695822e-07
5.321401314606772e-07
5.523624154652528e-07
5.561092106492425e-07
5.548698310344882e-07
5.51969598276553e-07
5.483786840971387e-07
5.443845191689385e-07
5.400761846299383e-07
5.354851950435726e-07
5.306264860301554e-07
5.255103386914887e-07
5.201458328730647e-07
5.145418286210032e-07
5.087072230040595e-07
5.026509980047074e-07
4.963822089243734e-07
4.899099541025751e-07
4.832433432078709e-07
4.763914647962093e-07
4.693633543481723e-07
4.621679653833485e-07
4.548141420657302e-07
4.473105926972872e-07
4.396658683601361e-07
4.318883401770546e-07
4.239861817774451e-07
4.159673520031928e-07
4.078395791718363e-07
3.9961034883445e-07
3.912868929754273e-07
3.828761815277884e-07
3.743849144876828e-07
3.658195170564501e-07
3.571861348536181e-07
3.484906312385439e-07
3.397385856936639e-07
3.309352948094616e-07
3.220857731299828e-07
3.131947555812366e-07
3.042666997417649e-07
2.953057897670071e-07
2.863159409575482e-07
2.773008057566994e-07
2.68263779811294e-07
2.592080088595852e-07
2.501363956600542e-07
2.410516069164432e-07
2.319560806324145e-07
2.228520344350858e-07
2.137414742804202e-07
2.046262022204587e-07
1.955078247741947e-07
1.863877615048209e-07
1.772672544883822e-07
1.681473767466501e-07
1.590290411962229e-07
1.499130090579098e-07
1.407998989515408e-07
1.316901944150416e-07
1.225842529934637e-07
1.134823157569106e-07
1.043845145635889e-07
9.529088053632122e-08
8.620135383003561e-08
7.711579022788913e-08
6.803397139688687e-08
5.895561272249643e-08
4.988036787352244e-08
4.080783991149137e-08
3.173758991770881e-08
2.266914219159452e-08
1.360199485000883e-08
4.535627347055191e-09
-4.530494943741352e-09
-1.35969102021379e-08
-2.266415081387795e-08
-3.173273788373597e-08
-4.080317341187524e-08
-4.987593198403535e-08
-5.895145379776335e-08
-6.803013590674213e-08
-7.711232299941803e-08
-8.619830025994661e-08
-9.528828632365358e-08
-1.043824246997571e-07
-1.134807750558171e-07
-1.225833051697764e-07
-1.316898825576954e-07
-1.40800265938196e-07
-1.499140971259021e-07
-1.590308926819258e-07
-1.681500346936276e-07
-1.772707614543904e-07
-1.863921591587231e-07
-1.955131538338457e-07
-2.046325025900946e-07
-2.137487847562509e-07
-2.228603931884024e-07
-2.319655253812293e-07
-2.410621746814956e-07
-2.501481222703044e-07
-2.592209290805209e-07
-2.682779276631871e-07
-2.773162142010062e-07
-2.863326415100953e-07
-2.95323811998117e-07
-3.042860711617869e-07
-3.13215501618224e-07
-3.22107917955104e-07
-3.30958861649246e-07
-3.397635968267592e-07
-3.485171074942447e-07
-3.57214095135882e-07
-3.658489780791279e-07
-3.744158908026588e-07
-3.829086859081372e-07
-3.91320936279418e-07
-3.996459395623056e-07
-4.078767232452713e-07
-4.160060525379143e-07
-4.240264395694059e-07
-4.319301534606172e-07
-4.397092333893126e-07
-4.473555029865115e-07
-4.548605885865824e-07
-4.622159364360735e-07
-4.694128352829225e-07
-4.764424383188641e-07
-4.832957895353063e-07
-4.899638502221939e-07
-4.964375296608363e-07
-5.027077147263097e-07
-5.087653042250966e-07
-5.146012400593377e-07
-5.202065373069952e-07
-5.255722964289032e-07
-5.30689654770895e-07
-5.355495288597886e-07
-5.401416347306134e-07
-5.444510334478411e-07
-5.484462075238098e-07
-5.520380742787148e-07
-5.549392013167334e-07
-5.561794152052085e-07
-5.524333918111267e-07
-5.322118145456225e-07
-4.554837952819775e-07
-1.810334914259493e-07
7.99090511016773e-07
4.367157982214227e-06
1.929319832905472e-05
8.598193849508109e-05
0.0002766974291058533
-0.0002795617456056057
-8.685028887897488e-05
-1.946321956829401e-05
-4.380928728528268e-06
-7.755774541548409e-07
2.147109003839255e-07
4.919159914006946e-07
5.693084028206782e-07
5.895830322655709e-07
5.931903403764617e-07
5.917403931766969e-07
5.885938161330194e-07
5.847314586355098e-07
5.804443110890454e-07
5.758229647804889e-07
5.708998653979421e-07
5.656907260072651e-07
5.602065727294529e-07
5.544572302241992e-07
5.484523094421099e-07
5.422014637758782e-07
5.35714433904297e-07
5.290010330694245e-07
5.22071113799374e-07
5.149345328658398e-07
5.076011160379082e-07
5.000806233379598e-07
4.923827175961922e-07
4.845169351461902e-07
4.764926577461903e-07
4.683190896537623e-07
4.600052335322579e-07
4.515598715076979e-07
4.429915467168359e-07
4.343085468594504e-07
4.255188917133273e-07
4.166303223492496e-07
4.076502923909681e-07
3.985859600211842e-07
3.894441830046881e-07
3.802315139330338e-07
3.709541978809483e-07
3.616181716685369e-07
3.522290654083993e-07
3.427922039084837e-07
3.333126095192974e-07
3.237950048266527e-07
3.142438171892725e-07
3.046631845205221e-07
2.950569619792672e-07
2.854287289124147e-07
2.757817964891809e-07
2.66119215145858e-07
2.564437821318804e-07
2.467580500591934e-07
2.370643359652014e-07
2.273647309520679e-07
2.176611086182401e-07
2.079551337104351e-07
1.982482716835854e-07
1.885417986664881e-07
1.788368114785608e-07
1.691342365276312e-07
1.594348392919493e-07
1.497392329326146e-07
1.400478881904266e-07
1.303611410533307e-07
1.206792044582802e-07
1.110021760248222e-07
1.013300461060311e-07
9.166270931945034e-08
8.199997075455984e-08
7.234155559951915e-08
6.26871200914178e-08
5.303625611178426e-08
4.33885002966891e-08
3.374334586624182e-08
2.410024793549189e-08
1.445863168964061e-08
4.817903248766138e-09
-4.822544323709077e-09
-1.446332307050067e-08
-2.410503918490059e-08
-3.374828602497369e-08
-4.339363776219469e-08
-5.304163980683858e-08
-6.269279985667065e-08
-7.234758010543717e-08
-8.200638824229374e-08
-9.166956870559021e-08
-1.01337395423554e-07
-1.110100631892647e-07
-1.206876777234974e-07
-1.303702468701041e-07
-1.400576725294689e-07
-1.497497417260419e-07
-1.594461174937677e-07
-1.691463297271344e-07
-1.78849765328194e-07
-1.885556584801515e-07
-1.982630818753874e-07
-2.079709380261066e-07
-2.176779497117375e-07
-2.273826503429464e-07
-2.370833743766625e-07
-2.467782477415005e-07
-2.564651785933491e-07
-2.66141848775381e-07
-2.758057047293661e-07
-2.854539482033758e-07
-2.950835275843065e-07
-3.046911302842097e-07
-3.142731750218979e-07
-3.23825804549435e-07
-3.333448787884032e-07
-3.428259687212869e-07
-3.522643505623489e-07
-3.616550010364222e-07
-3.709925941306546e-07
-3.802714979945183e-07
-3.894857734449204e-07
-3.986291726913915e-07
-4.07695140935408e-07
-4.166768183921766e-07
-4.255670447140014e-07
-4.343583639333196e-07
-4.43043032094339e-07
-4.516130264151239e-07
-4.600600558562867e-07
-4.683755750532564e-07
-4.765507994506581e-07
-4.845767241967086e-07
-4.924441422034057e-07
-5.001436683007738e-07
-5.076657629177818e-07
-5.150007604045446e-07
-5.221388975467577e-07
-5.290703464954298e-07
-5.357852468434537e-07
-5.422737427924965e-07
-5.48526017656192e-07
-5.545323274614662e-07
-5.602830164014336e-07
-5.657684708745065e-07
-5.709788625224098e-07
-5.759031621425205e-07
-5.80525652975678e-07
-5.848138861584779e-07
-5.886772685392514e-07
-5.918248077126818e-07
-5.932756524435933e-07
-5.896691747374132e-07
-5.693953060604493e-07
-4.920035838037322e-07
-2.147991075175594e-07
7.754887100336306e-07
4.380839530120738e-06
1.946311575759095e-05
8.685013068444516e-05
0.0002795626248662568
-0.0002824265874703457
-8.771813851887323e-05
-1.963279514990259e-05
-4.394270266920851e-06
-7.516383366121054e-07
2.488104475577091e-07
5.287656545763248e-07
6.068170677834816e-07
6.271386714533301e-07
6.306005331063509e-07
6.289335064719775e-07
6.255335590164401e-07
6.213922581059716e-07
6.168041958763045e-07
6.118615170214591e-07
6.065976425548147e-07
6.010291077533342e-07
5.95167728576639e-07
5.890241188458924e-07
5.826086840216856e-07
5.759318763737147e-07
5.690042365619514e-07
5.61836375661372e-07
5.544389385956399e-07
5.468225655539935e-07
5.389978534693029e-07
5.30975318518391e-07
5.227653622844389e-07
5.143782405124924e-07
5.058240333901107e-07
4.971126208493024e-07
4.882536570740884e-07
4.792565503014103e-07
4.701304433031362e-07
4.608841965204662e-07
4.515263754267122e-07
4.420652396060259e-07
4.325087336684124e-07
4.228644793327716e-07
4.131397704729353e-07
4.033415688420664e-07
3.934765023259482e-07
3.835508649909221e-07
3.73570618935905e-07
3.635413963740823e-07
3.534685029221588e-07
3.433569211495741e-07
3.332113161686895e-07
3.230360426570755e-07
3.128351521311056e-07
3.026124005464375e-07
2.923712564441408e-07
2.821149093542234e-07
2.718462783742846e-07
2.615680221005217e-07
2.512825483129334e-07
2.409920243713762e-07
2.306983860555757e-07
2.204033468437874e-07
2.101084085178059e-07
1.998148719159856e-07
1.895238481689681e-07
1.792362682290756e-07
1.689528923327878e-07
1.586743190407086e-07
1.484009960500546e-07
1.381332295011656e-07
1.278711949728689e-07
1.176149472264289e-07
1.073644272549742e-07
9.711947401019641e-08
8.687983362592458e-08
7.664516695636277e-08
6.641506155088253e-08
5.618903953014758e-08
4.596656353167318e-08
3.574704913562526e-08
2.55298736570228e-08
1.531438220757615e-08
5.099898993236958e-09
-5.114263836188244e-09
-1.532879973236399e-08
-2.554439728856024e-08
-3.576173111162602e-08
-4.598145533517465e-08
-5.620419406549874e-08
-6.643053111302745e-08
-7.666100231060785e-08
-8.689608684090164e-08
-9.713619737123509e-08
-1.073816717260255e-07
-1.176327641672751e-07
-1.278896351130062e-07
-1.381523417188854e-07
-1.484208294849826e-07
-1.58694922864961e-07
-1.689743151806594e-07
-1.792585585514451e-07
-1.895470537990554e-07
-1.998390405310356e-07
-2.101335877005308e-07
-2.204295838046622e-07
-2.307257265715836e-07
-2.410205125824435e-07
-2.513122270628251e-07
-2.615989337484717e-07
-2.718784651392623e-07
-2.821484128677094e-07
-2.924061173597595e-07
-3.026486577343642e-07
-3.128728427063355e-07
-3.230752023125734e-07
-3.332519791324636e-07
-3.433991199798586e-07
-3.53512268034962e-07
-3.635867559092436e-07
-3.736175992159815e-07
-3.835994912545763e-07
-3.935267989911677e-07
-4.033935588546404e-07
-4.131934743983143e-07
-4.229199145322378e-07
-4.325659148938523e-07
-4.421241794015291e-07
-4.515870843271928e-07
-4.609466827625661e-07
-4.701947120082758e-07
-4.793226030520223e-07
-4.883214916122449e-07
-4.971822325932164e-07
-5.058954155698824e-07
-5.144513842021101e-07
-5.228402554585844e-07
-5.31051945449298e-07
-5.39076194826809e-07
-5.469025988479377e-07
-5.54520637865242e-07
-5.619197126320569e-07
-5.690891792221219e-07
-5.760183893967081e-07
-5.826967283601697e-07
-5.89113651760689e-07
-5.952587045784402e-07
-6.011214782474704e-07
-6.066913551098292e-07
-6.119565162400833e-07
-6.169004226734222e-07
-6.214896499611146e-07
-6.256320508636204e-07
-6.290330307262493e-07
-6.307010202084122e-07
-6.272400494232241e-07
-6.069192623301562e-07
-5.28868588893631e-07
-2.489140411979457e-07
7.515341669090497e-07
4.394165609331039e-06
1.963267570690654e-05
8.771796411487489e-05
0.0002824274612644582
-0.0002852910446653215
-8.858560414708032e-05
-1.980198811603995e-05
-4.407231385411999e-06
-7.273217755861766e-07
2.832837016627429e-07
5.659845508162956e-07
6.446897831513927e-07
6.650525029369085e-07
6.683624213337203e-07
6.664712196195884e-07
6.628102497042761e-07
6.583818415238391e-07
6.534842355376946e-07
6.482111779718562e-07
6.425971142807887e-07
6.366594514210385e-07
6.30410844368138e-07
6.238627447456992e-07
6.170264002466652e-07
6.099131086938725e-07
6.025342561581177e-07
5.949012951068342e-07
5.870257043721448e-07
5.789189466133355e-07
5.705924263894768e-07
5.620574501263669e-07
5.533251899227337e-07
5.444066502663066e-07
5.353126364240288e-07
5.260537278125395e-07
5.166402510573869e-07
5.070822587436726e-07
4.973895092808665e-07
4.875714497690173e-07
4.776372030873075e-07
4.67595556835446e-07
4.574549539061024e-07
4.472234846783575e-07
4.369088823950426e-07
4.265185197385486e-07
4.160594078677692e-07
4.055381971181294e-07
3.94961179334604e-07
3.843342905956257e-07
3.736631150923279e-07
3.629528898954012e-07
3.522085116725561e-07
3.414345448853014e-07
3.306352297544844e-07
3.198144905669126e-07
3.089759444298676e-07
2.981229109527017e-07
2.872584220828304e-07
2.763852329801893e-07
2.655058324702809e-07
2.546224539253669e-07
2.437370847909694e-07
2.32851477245174e-07
2.219671593256795e-07
2.110854474284842e-07
2.002074563663637e-07
1.893341116589044e-07
1.784661577426319e-07
1.676041686059648e-07
1.567485594558369e-07
1.458995969480463e-07
1.350574098460267e-07
1.24222000229644e-07
1.133932504641793e-07
1.02570934122373e-07
9.175472878619852e-08
8.094422282339404e-08
7.013892619697547e-08
5.933828152958233e-08
4.854166896962968e-08
3.774841740149285e-08
2.695781691752326e-08
1.616912482943859e-08
5.38157507514857e-09
-5.405610621277922e-09
-1.619321576678423e-08
-2.698201998250357e-08
-3.777278820871601e-08
-4.85662627217066e-08
-5.936315454802062e-08
-7.016413305453506e-08
-8.096981703114196e-08
-9.178076588267527e-08
-1.025974695702361e-07
-1.134203388701019e-07
-1.242496962699585e-07
-1.350857662559281e-07
-1.459286653415499e-07
-1.567783923307895e-07
-1.676348183769716e-07
-1.784976764972315e-07
-1.893665508525309e-07
-2.002408663190767e-07
-2.111198781972322e-07
-2.220026618135335e-07
-2.328881015703018e-07
-2.437748800262349e-07
-2.546614669776332e-07
-2.655461087258378e-07
-2.764268171815058e-07
-2.873013591492144e-07
-2.981672455428871e-07
-3.09021720021263e-07
-3.198617485160101e-07
-3.306840094275277e-07
-3.414848842296272e-07
-3.522604473963814e-07
-3.630064571635711e-07
-3.737183468616295e-07
-3.843912171675248e-07
-3.95019828851033e-07
-4.055985965283466e-07
-4.161215834631061e-07
-4.265824963227533e-07
-4.369746823574578e-07
-4.472911270830528e-07
-4.575244550232209e-07
-4.676669304148698e-07
-4.777104606042876e-07
-4.876466001978608e-07
-4.974665584665122e-07
-5.071612089536283e-07
-5.167211006247082e-07
-5.261364724292916e-07
-5.353972690589423e-07
-5.444931613708431e-07
-5.534135668882136e-07
-5.621476769949717e-07
-5.706844836518364e-07
-5.7901281110294e-07
-5.871213485704571e-07
-5.949986885118386e-07
-6.026333645037618e-07
-6.100138947431953e-07
-6.171288229744087e-07
-6.239667590818601e-07
-6.305164018764911e-07
-6.367664999762951e-07
-6.427055978417865e-07
-6.483210377164024e-07
-6.535954089379104e-07
-6.584942621839079e-07
-6.629238480323851e-07
-6.665859231435121e-07
-6.684781554964212e-07
-6.651691907136814e-07
-6.448073451470099e-07
-5.66102904659262e-07
-2.834027612051418e-07
7.272020987520053e-07
4.407111185924499e-06
1.980185295771882e-05
8.858541344920283e-05
0.0002852919129077895
-0.0002881550909955151
-8.945265962971162e-05
-1.997077245928055e-05
-4.419786275055218e-06
-7.026022324416717e-07
3.181558626052425e-07
6.035974766157474e-07
6.829508804091734e-07
7.033483351517932e-07
7.064992365912091e-07
7.043761378524185e-07
7.004458225435879e-07
6.95721432809771e-07
6.905049091330161e-07
6.848916526524795e-07
6.789171876023046e-07
6.725998471481294e-07
6.659531793485276e-07
6.589895269901433e-07
6.517210324149118e-07
6.441598900995595e-07
6.363183811011712e-07
6.282088466811917e-07
6.198436443871732e-07
6.112351015068876e-07
6.023954697252441e-07
5.933368825111369e-07
5.84071316517975e-07
5.746105560721956e-07
5.649661595044586e-07
5.551494307106705e-07
5.451713907750818e-07
5.350427559301914e-07
5.247739170229528e-07
5.143749220798928e-07
5.038554630023192e-07
4.932248644756398e-07
4.824920745416153e-07
4.716656570878052e-07
4.607537879010601e-07
4.497642522813345e-07
4.387044445372376e-07
4.275813692627323e-07
4.164016445229378e-07
4.051715054762889e-07
3.938968094454175e-07
3.825830420628652e-07
3.712353248447424e-07
3.598584241655428e-07
3.484567600620134e-07
3.370344155210573e-07
3.255951464591224e-07
3.141423928651444e-07
3.02679289670489e-07
2.912086782334543e-07
2.79733117787238e-07
2.682548966145179e-07
2.567760429391152e-07
2.452983366071206e-07
2.338233213483696e-07
2.22352318023503e-07
2.108864352948606e-07
1.99426580880499e-07
1.87973473570318e-07
1.765276521072355e-07
1.650894885304903e-07
1.536592005349603e-07
1.422368596777877e-07
1.308224043043048e-07
1.194156485526904e-07
1.08016291220622e-07
9.662393098234293e-08
8.523807494652406e-08
7.385814635709044e-08
6.248349734234149e-08
5.111341645995881e-08
3.974713761680423e-08
2.838385375599468e-08
1.702272538127329e-08
5.662887839900292e-09
-5.696537554234653e-09
-1.705643405201467e-08
-2.84176807227363e-08
-3.978114172732601e-08
-5.114765674801371e-08
-6.251803281320146e-08
-7.389303447266792e-08
-8.527337317881456e-08
-9.665969775045353e-08
-1.080525844916682e-07
-1.194525266958308e-07
-1.308599250389885e-07
-1.422750781969533e-07
-1.536981721140523e-07
-1.651292688140849e-07
-1.765682959734482e-07
-1.880150365002983e-07
-1.994691173851387e-07
-2.109299985036945e-07
-2.223969615364852e-07
-2.338690986027638e-07
-2.453453005305467e-07
-2.568242455090507e-07
-2.683043877813094e-07
-2.797839459599795e-07
-2.912608910461985e-07
-3.027329345582057e-07
-3.141975169045835e-07
-3.256517955883897e-07
-3.370926340085508e-07
-3.485165904588819e-07
-3.599199072289134e-07
-3.71298499439065e-07
-3.826479451821101e-07
-3.939634760269511e-07
-4.052399683174503e-07
-4.164719345512777e-07
-4.276535159288853e-07
-4.387784760113917e-07
-4.498401947643321e-07
-4.608316651794601e-07
-4.717454900162797e-07
-4.825738813713399e-07
-4.933086604406871e-07
-5.039412604261171e-07
-5.144627305175905e-07
-5.248637431107155e-07
-5.351346029564603e-07
-5.452652580898134e-07
-5.552453144328748e-07
-5.650640521763908e-07
-5.747104473529306e-07
-5.841731932807905e-07
-5.934407287320388e-07
-6.02501265794695e-07
-6.113428235531121e-07
-6.199532634101441e-07
-6.283203301923203e-07
-6.364316927983252e-07
-6.442749907146093e-07
-6.51837878587432e-07
-6.591080711277669e-07
-6.660733701291848e-07
-6.727216291770699e-07
-6.790405013597283e-07
-6.850164355586625e-07
-6.906310946596458e-07
-6.958489504270671e-07
-7.005745983272561e-07
-7.045060947160081e-07
-7.066302948857426e-07
-7.034804122612267e-07
-6.830838911907503e-07
-6.037313329902609e-07
-3.182904731361014e-07
7.02466961369373e-07
4.419650445502376e-06
1.997062149619554e-05
8.945245254646749e-05
0.0002881559535951028
-0.0002910186993834423
-9.03192779551722e-05
-2.013912130612564e-05
-4.431908277215134e-06
-6.774533400174831e-07
3.534529318787245e-07
6.416299977680857e-07
7.216254236705912e-07
7.42050668685137e-07
7.450348585081249e-07
7.426714672607056e-07
7.384627628137409e-07
7.334327549466825e-07
7.278871418174818e-07
7.219230385262848e-07
7.15577107869437e-07
7.088686691320774e-07
7.018122229137633e-07
6.944210619633686e-07
6.867082809291335e-07
6.786870269291687e-07
6.703705298342697e-07
6.617720709364184e-07
6.52904934817869e-07
6.437823588740407e-07
6.344174845800377e-07
6.248233121295681e-07
6.150126591922545e-07
6.049981227872452e-07
5.947920436473134e-07
5.844064761375855e-07
5.738531587262358e-07
5.631434914378482e-07
5.522885150377546e-07
5.412988930660799e-07
5.301848980263727e-07
5.189564004788472e-07
5.076228599245905e-07
4.961933180937245e-07
4.846763959981682e-07
4.730802923939219e-07
4.614127837283107e-07
4.496812261359601e-07
4.378925595141054e-07
4.260533126378829e-07
4.141696095804842e-07
4.022471772274587e-07
3.902913537840847e-07
3.78307098395308e-07
3.662990011466906e-07
3.542712935733886e-07
3.422278600445051e-07
3.3017225028537e-07
3.181076909424582e-07
3.060370979618834e-07
2.939630889626271e-07
2.81887995384996e-07
2.698138749427282e-07
2.577425236417038e-07
2.456754896754534e-07
2.336140859210305e-07
2.21559403305575e-07
2.095123206536084e-07
1.974735187400407e-07
1.85443491066884e-07
1.734225557804487e-07
1.614108696697437e-07
1.494084367626694e-07
1.37415120584887e-07
1.254306561445089e-07
1.13454658449464e-07
1.014866367947856e-07
8.952600629456443e-08
7.757209403464505e-08
6.562415122282772e-08
5.368136464932811e-08
4.174286465513171e-08
2.98077374963472e-08
1.787503654340242e-08
5.943789135464454e-09
-5.986993497799326e-09
-1.791830405337095e-08
-2.985112991091724e-08
-4.17864437346851e-08
-5.372519278807072e-08
-6.566828998837187e-08
-7.761660459124817e-08
-8.957095056897027e-08
-1.015320758015842e-07
-1.135006524372326e-07
-1.25477266658015e-07
-1.374624082478692e-07
-1.494564604595676e-07
-1.614596885966536e-07
-1.734722282503481e-07
-1.85494074496063e-07
-1.975250713152875e-07
-2.095648998460624e-07
-2.216130662910033e-07
-2.336688898259583e-07
-2.457314904218206e-07
-2.577997768378035e-07
-2.698724349080008e-07
-2.819479153144568e-07
-2.940244206728872e-07
-3.060998924098316e-07
-3.181719981618594e-07
-3.302381195340258e-07
-3.422953396678987e-07
-3.543404308473589e-07
-3.663698419612198e-07
-3.783796863321307e-07
-3.903657298130339e-07
-4.023233802824247e-07
-4.142476768534558e-07
-4.261332797434586e-07
-4.379744603603478e-07
-4.497650926408637e-07
-4.61498645818484e-07
-4.731681776109172e-07
-4.84766329755953e-07
-4.962853232858889e-07
-5.07716956934631e-07
-5.190526061419523e-07
-5.302832256554222e-07
-5.413993529364267e-07
-5.523911145708872e-07
-5.63248234737996e-07
-5.73960045948446e-07
-5.84515504006386e-07
-5.949032049508159e-07
-6.051114071015032e-07
-6.151280531022333e-07
-6.249407990637936e-07
-6.345370440319336e-07
-6.439039659753821e-07
-6.530285595639445e-07
-6.618976796017582e-07
-6.704980843720196e-07
-6.788164856811247e-07
-6.868395977374433e-07
-6.945541865788531e-07
-7.019471014712228e-07
-7.090052432916711e-07
-7.15715314513411e-07
-7.220628107733253e-07
-7.280284087469251e-07
-7.33575441899692e-07
-7.386067917371563e-07
-7.428167564947779e-07
-7.451813229868233e-07
-7.421982197844156e-07
-7.217739702660673e-07
-6.417794460005652e-07
-3.536031849278508e-07
6.773023816472348e-07
4.431756723398352e-06
2.013895444187917e-05
9.031905438826895e-05
0.0002910195562428077
-0.0002938818417901996
-9.118543115465292e-05
-2.030700683810247e-05
-4.443569807389913e-06
-6.518478297599823e-07
3.892017824188907e-07
6.801085159237856e-07
7.6073927210088e-07
7.811847537494632e-07
7.839938669713209e-07
7.813810615233563e-07
7.768841481489977e-07
7.715380659958737e-07
7.656523349354355e-07
7.593258494542941e-07
7.525964767913634e-07
7.454845882119426e-07
7.380057023414843e-07
7.301741265254515e-07
7.220039709638961e-07
7.135093965192178e-07
7.047046403164754e-07
6.956039791712231e-07
6.8622167695257e-07
6.765719302092674e-07
6.666688159866971e-07
6.565262435521484e-07
6.461579102137477e-07
6.355772603829113e-07
6.247974480916052e-07
6.138313054522772e-07
6.026913123566312e-07
5.913895734499055e-07
5.799377968743696e-07
5.683472759812961e-07
5.566288751295143e-07
5.447930192885299e-07
5.328496857087302e-07
5.208083981512979e-07
5.086782246480493e-07
4.964677769077306e-07
4.841852109989108e-07
4.718382305589198e-07
4.594340922358774e-07
4.469796124035021e-07
4.344811746959448e-07
4.219447386992158e-07
4.093758495114406e-07
3.967796485586702e-07
3.841608849733336e-07
3.715239277277392e-07
3.588727784135441e-07
3.462110847126008e-07
3.335421527553908e-07
3.208689604064147e-07
3.081941706492331e-07
2.955201456264962e-07
2.828489598610613e-07
2.701824138137341e-07
2.575220469964604e-07
2.448691522856228e-07
2.322247894127573e-07
2.195897967600282e-07
2.069648055536724e-07
1.943502519762616e-07
1.817463886578125e-07
1.691532994363398e-07
1.565709096359297e-07
1.439989967006018e-07
1.314372053298156e-07
1.188850569285097e-07
1.063419605397634e-07
9.38072274163494e-08
8.128007856851622e-08
6.875965446545737e-08
5.624502934466013e-08
4.373522047657916e-08
3.122919784055529e-08
1.872589659339146e-08
6.224225712729592e-09
-6.276922721999039e-09
-1.877866058818667e-08
-3.128209362281236e-08
-4.378831279813002e-08
-5.629838340350354e-08
-6.881333472143485e-08
-8.133415033381512e-08
-9.38617564647026e-08
-1.063970104424907e-07
-1.189406909284397e-07
-1.31493487824845e-07
-1.440559910142493e-07
-1.566286788851686e-07
-1.692119065611916e-07
-1.818058943427571e-07
-1.944107165921816e-07
-2.07026290194003e-07
-2.196523620156522e-07
-2.322884961246425e-07
-2.44934060925151e-07
-2.575882165022965e-07
-2.702499022625227e-07
-2.82917824446544e-07
-2.955904425317895e-07
-3.082659552441741e-07
-3.209422868149003e-07
-3.336170738371788e-07
-3.462876521423119e-07
-3.589510430951508e-07
-3.716039397903129e-07
-3.842426932207975e-07
-3.968632993733247e-07
-4.094613865871796e-07
-4.220322036390053e-07
-4.345706073166536e-07
-4.470710507421968e-07
-4.59527572458435e-07
-4.719337867993378e-07
-4.84282875522282e-07
-4.965675795353632e-07
-5.087801928960397e-07
-5.209125566477886e-07
-5.329560563307982e-07
-5.44901620294647e-07
-5.567397214393349e-07
-5.68460379358878e-07
-5.800531656752249e-07
-5.915072121721699e-07
-6.028112215684224e-07
-6.139534826329464e-07
-6.249218869317775e-07
-6.3570395097368e-07
-6.462868388397018e-07
-6.566573926316886e-07
-6.668021638200749e-07
-6.767074511926143e-07
-6.863593405569641e-07
-6.957437505949766e-07
-7.048464794658882e-07
-7.13653258990226e-07
-7.221498078287578e-07
-7.303218851520769e-07
-7.381553264178087e-07
-7.456360163639248e-07
-7.527496421158285e-07
-7.59480680760727e-07
-7.6580875696861e-07
-7.716959997993837e-07
-7.770435111353359e-07
-7.815417670488245e-07
-7.841558245010588e-07
-7.813478689895066e-07
-7.609034479846336e-07
-6.802736522678406e-07
-3.893677761491933e-07
6.516810847776256e-07
4.443402428363569e-06
2.030682396912556e-05
9.118519099956423e-05
0.0002938826928056655
-0.0002967444891295985
-9.205109021716394e-05
-2.047440020714689e-05
-4.45474227253754e-06
-6.257574522472257e-07
4.254302343465375e-07
7.190603401892696e-07
8.003191468069908e-07
8.20776651596639e-07
8.234015975713409e-07
8.205294713528016e-07
8.157336918768285e-07
8.100601962673519e-07
8.038223970429085e-07
7.971210403181646e-07
7.899952705845451e-07
7.824665838858651e-07
7.745515891014389e-07
7.662656791250304e-07
7.576240488196087e-07
7.486419391618772e-07
7.393346578583713e-07
7.297175373007118e-07
7.198058771750612e-07
7.096148862420487e-07
6.991596263291218e-07
6.884549607133552e-07
6.77515506857425e-07
6.663555928719949e-07
6.549892183803026e-07
6.434300219825336e-07
6.316912501377128e-07
6.197857334847138e-07
6.077258650860584e-07
5.955235818966354e-07
5.831903508243507e-07
5.707371593258275e-07
5.58174508024139e-07
5.45512406109354e-07
5.327603696282354e-07
5.199274216756369e-07
5.070220943290569e-07
4.94052433579146e-07
4.810260064232532e-07
4.679499093132051e-07
4.548307768032596e-07
4.416747912803064e-07
4.284876937236435e-07
4.152747963682102e-07
4.020409954863934e-07
3.88790785330707e-07
3.755282720286114e-07
3.622571877389746e-07
3.489809043823932e-07
3.357024479936276e-07
3.22424513765968e-07
3.091494814759127e-07
2.958794288342688e-07
2.826161469282273e-07
2.693611533375121e-07
2.56115706865957e-07
2.428808235360018e-07
2.296572889043735e-07
2.164456716016112e-07
2.032463381028158e-07
1.900594632303161e-07
1.768850447169019e-07
1.637229174256658e-07
1.505727623175646e-07
1.374341217224143e-07
1.243064115999001e-07
1.111889301964517e-07
9.808087308353163e-08
8.498134404186475e-08
7.1889363349148e-08
5.880388195529773e-08
4.572379286993407e-08
3.264793959581511e-08
1.957512832399617e-08
6.504139194949717e-09
-6.566264242695293e-09
-1.963732329314366e-08
-3.271027294115327e-08
-4.578633282630179e-08
-5.88666967037972e-08
-7.195252078015124e-08
-8.504491297862475e-08
-9.814492198225559e-08
-1.112535258439255e-07
-1.243716212003371e-07
-1.375000125392483e-07
-1.506394005653296e-07
-1.637903698721244e-07
-1.769533770157252e-07
-1.901287391241828e-07
-2.033166221120403e-07
-2.165170278358955e-07
-2.297297808361304e-07
-2.429545152108542e-07
-2.561906613791588e-07
-2.69437432924044e-07
-2.82693813376367e-07
-2.95958542444408e-07
-3.092301012695447e-07
-3.225066979415305e-07
-3.357862533470074e-07
-3.49066387085947e-07
-3.623444028976822e-07
-3.756172735401884e-07
-3.888816258332942e-07
-4.021337259997208e-07
-4.153694659857991e-07
-4.285843494334183e-07
-4.417734779448525e-07
-4.54931536924762e-07
-4.680527829328948e-07
-4.811310317319254e-07
-4.941596473613549e-07
-5.071315319353589e-07
-5.200391156412625e-07
-5.328743493660987e-07
-5.456286973466455e-07
-5.582931337077094e-07
-5.708581395112903e-07
-5.833137028257669e-07
-5.956493194625159e-07
-6.078539976607385e-07
-6.199162659155693e-07
-6.318241833837001e-07
-6.43565354325439e-07
-6.551269443835857e-07
-6.664957030701565e-07
-6.776579873100981e-07
-6.885997932004196e-07
-6.993067884447555e-07
-7.097643517822644e-07
-7.19957614744469e-07
-7.29871510642869e-07
-7.394908249048179e-07
-7.488002531808608e-07
-7.57784458482627e-07
-7.664281292501349e-07
-7.747160202643253e-07
-7.826329313348631e-07
-7.901634639530783e-07
-7.972910046608813e-07
-8.03994052828639e-07
-8.102334596322402e-07
-8.159084749329726e-07
-8.207056823228554e-07
-8.235791408602451e-07
-8.20955427482416e-07
-8.00499051906492e-07
-7.192412672762776e-07
-4.256120734284996e-07
6.255748142001919e-07
4.454558959735898e-06
2.047420122296357e-05
9.205083336351736e-05
0.0002967453341905318
-0.000299606611173772
-9.291622499720132e-05
-2.064127144455119e-05
-4.465395981693715e-06
-5.991528908254476e-07
4.621671370492296e-07
7.585137641586372e-07
8.403927022736613e-07
8.608533002158291e-07
8.632842011710255e-07
8.601419973016592e-07
8.550357887471878e-07
8.490225868894231e-07
8.424197753932422e-07
8.35330031868937e-07
8.277938585105155e-07
8.198339565651665e-07
8.11468104759482e-07
8.027128594932971e-07
7.935845756978795e-07
7.840996466351703e-07
7.742745191690807e-07
7.64125646126421e-07
7.536694241518042e-07
7.429221312059162e-07
7.318998664465962e-07
7.206184947819212e-07
7.090935965501409e-07
6.973404217553043e-07
6.853738494804925e-07
6.732083544941199e-07
6.608579754065615e-07
6.483362902422326e-07
6.356563942988817e-07
6.228308818728649e-07
6.098718330475972e-07
5.967908052857282e-07
5.835988272581699e-07
5.703063953501704e-07
5.569234729259507e-07
5.434594915810645e-07
5.299233548227276e-07
5.163234449955464e-07
5.026676319857963e-07
4.889632832913707e-07
4.752172737878356e-07
4.614359967938488e-07
4.476253768359139e-07
4.337908843182941e-07
4.199375497988198e-07
4.060699793960957e-07
3.921923694567656e-07
3.783085218848339e-07
3.64421859550321e-07
3.505354420194725e-07
3.366519825161093e-07
3.227738637811038e-07
3.089031528180746e-07
2.950416156605113e-07
2.811907339112629e-07
2.673517187081269e-07
2.535255280649562e-07
2.397128816432774e-07
2.259142723488072e-07
2.121299826709594e-07
1.983600966410535e-07
1.846045135944589e-07
1.708629652133965e-07
1.571350245785115e-07
1.434201193633273e-07
1.297175471221291e-07
1.16026484254489e-07
1.023459992720282e-07
8.867506705776565e-08
7.501257762057162e-08
6.135734752823095e-08
4.770813331460961e-08
3.40636413764254e-08
2.042253888715665e-08
6.783466458002637e-09
-6.854951431956078e-09
-2.049409616133224e-08
-3.413534328904009e-08
-4.77800519555628e-08
-6.142955457656112e-08
-7.508514472296146e-08
-8.874806560051267e-08
-1.02419499668887e-07
-1.161005573218075e-07
-1.297922645866283e-07
-1.434955515118351e-07
-1.572112407020425e-07
-1.709400349391555e-07
-1.846825048452302e-07
-1.984390769677485e-07
-2.122100210408058e-07
-2.259954362141646e-07
-2.39795237448588e-07
-2.536091422308681e-07
-2.674366568436137e-07
-2.812770623039138e-07
-2.951293999111166e-07
-3.089924564063029e-07
-3.228647486969877e-07
-3.367445091034116e-07
-3.506296701997938e-07
-3.645178491533222e-07
-3.784063317968054e-07
-3.922920565219173e-07
-4.061715985417056e-07
-4.200411542405959e-07
-4.338965259966395e-07
-4.477331062533946e-07
-4.615458622207088e-07
-4.753293205291897e-07
-4.89077553678683e-07
-5.027841665005007e-07
-5.164422830919795e-07
-5.300445347011592e-07
-5.435830482424151e-07
-5.57049437784486e-07
-5.704347958030659e-07
-5.837296879946123e-07
-5.969241483850055e-07
-6.100076778015072e-07
-6.229692435467631e-07
-6.357972834949282e-07
-6.484797129434187e-07
-6.61003933690069e-07
-6.733568474480445e-07
-6.855248720929435e-07
-6.974939648469928e-07
-7.092496463952446e-07
-7.207770331701547e-07
-7.320608704335649e-07
-7.4308557338421e-07
-7.538352716218482e-07
-7.642938613409321e-07
-7.744450589328085e-07
-7.842724627321903e-07
-7.937596143409831e-07
-8.028900620925429e-07
-8.116474081414993e-07
-8.200152926477778e-07
-8.279771539322254e-07
-8.355152081278655e-07
-8.42606748356555e-07
-8.492112673132728e-07
-8.552260833567185e-07
-8.603338092544412e-07
-8.634774296327555e-07
-8.61047839518057e-07
-8.405884423184619e-07
-7.587105907431797e-07
-4.623649332957087e-07
5.989542453640727e-07
4.465196618893843e-06
2.064105622822221e-05
9.291595132825849e-05
0.0002996074501616309
-0.000302468176450188
-9.378080411333546e-05
-2.080758936165102e-05
-4.47550004894371e-06
-5.720036680734635e-07
4.994424580089593e-07
7.984981489921742e-07
8.80988603129758e-07
9.014425845159003e-07
9.03668707369897e-07
9.002447461528204e-07
8.948155636972255e-07
8.884493305448363e-07
8.814674886189616e-07
8.7397473556092e-07
8.660130203020216e-07
8.576063381262737e-07
8.48773725169644e-07
8.395329865751871e-07
8.299017194577758e-07
8.198975478933262e-07
8.095381324920262e-07
7.988411169566963e-07
7.878240607507175e-07
7.765043719426885e-07
7.64899242508044e-07
7.530255890745774e-07
7.408999999598181e-07
7.285386873229525e-07
7.159574452397206e-07
7.031716152986142e-07
6.901960540288634e-07
6.770451078757069e-07
6.63732591126186e-07
6.502717686413215e-07
6.366753436938384e-07
6.229554506910463e-07
6.091236499770657e-07
5.951909255591856e-07
5.811676856554813e-07
5.670637659218502e-07
5.528884352151605e-07
5.386504047198047e-07
5.243578380965136e-07
5.100183630052693e-07
4.956390823601132e-07
4.812265873578967e-07
4.667869725559814e-07
4.523258524625297e-07
4.378483772924515e-07
4.233592495577652e-07
4.088627399268913e-07
3.943627042882055e-07
3.798626007711954e-07
3.653655072920143e-07
3.508741392732304e-07
3.363908666693655e-07
3.219177296977377e-07
3.07456454026794e-07
2.930084697338069e-07
2.78574926097641e-07
2.641567089195645e-07
2.497544569225496e-07
2.353685730169587e-07
2.209992411726144e-07
2.066464414710341e-07
1.923099624838001e-07
1.779894188578808e-07
1.636842631991235e-07
1.493937963305369e-07
1.351171837833403e-07
1.208534682633631e-07
1.066015805961297e-07
9.236035471433438e-08
7.812853837634647e-08
6.39048024702541e-08
4.968775530992898e-08
3.547595509905153e-08
2.126791975420301e-08
7.062139390016253e-09
-7.142912123965317e-09
-2.134876740466065e-08
-3.55569537617564e-08
-4.976898085736596e-08
-6.398633008850096e-08
-7.821044329730734e-08
-9.244271095881541e-08
-1.066844612436011e-07
-1.209369481275895e-07
-1.352013382909893e-07
-1.494786990475036e-07
-1.637699870570101e-07
-1.780760360067495e-07
-1.923975435467708e-07
-2.067350582670328e-07
-2.210889661719192e-07
-2.354594767748001e-07
-2.498466094077675e-07
-2.642501793335577e-07
-2.786697830612509e-07
-2.931047831575126e-07
-3.075542928211355e-07
-3.220171605854706e-07
-3.364919548255771e-07
-3.509769480310276e-07
-3.654700999379735e-07
-3.799690404214747e-07
-3.944710527734311e-07
-4.089730570624292e-07
-4.234715932671971e-07
-4.37962803921649e-07
-4.524424170392774e-07
-4.66905728570291e-07
-4.813475859800818e-07
-4.957623718975298e-07
-5.101439888878627e-07
-5.244858436250012e-07
-5.387808316621274e-07
-5.530213238530519e-07
-5.671991535852986e-07
-5.813056065935455e-07
-5.953314099692095e-07
-6.092667247938235e-07
-6.231011394290574e-07
-6.368236667053413e-07
-6.504227425253273e-07
-6.638862284428042e-07
-6.772014167297129e-07
-6.903550379218879e-07
-7.033332737365999e-07
-7.161217733094517e-07
-7.287056763671412e-07
-7.410696370619962e-07
-7.531978563416957e-07
-7.650741162646888e-07
-7.766818233146142e-07
-7.880040553806233e-07
-7.990236163504686e-07
-8.097230926307776e-07
-8.200849189462522e-07
-8.300914449590163e-07
-8.397250046274701e-07
-8.489679691470894e-07
-8.578027367017455e-07
-8.662114966545887e-07
-8.741752070505972e-07
-8.81669866484421e-07
-8.886535205812911e-07
-8.95021467459853e-07
-9.004522611587092e-07
-9.038777265737788e-07
-9.016529958316596e-07
-8.812002900685211e-07
-7.987109908754456e-07
-4.996563307270096e-07
5.717888936088249e-07
4.475284513058826e-06
2.080735778924111e-05
9.378051350435967e-05
0.0003024690092382076
-0.0003053291521297099
-9.464479483690851e-05
-2.097332144101246e-05
-4.48502228802242e-06
-5.442780445540727e-07
5.372873789341375e-07
8.390440134392195e-07
9.221366073082395e-07
9.425734118299356e-07
9.445830918740467e-07
9.40864690029019e-07
9.35098922639413e-07
9.283652137442392e-07
9.209891603587755e-07
9.130775784909174e-07
9.046739625921882e-07
8.958037001566629e-07
8.864871809761528e-07
8.767435519696651e-07
8.665917418825957e-07
8.560506910395106e-07
8.451393548305594e-07
8.338766441440617e-07
8.222813520402479e-07
8.103720815748025e-07
7.98167176337037e-07
7.856846575270047e-07
7.729421687186882e-07
7.599569261974159e-07
7.467456756468201e-07
7.333246566427863e-07
7.197095695319011e-07
7.059155501448349e-07
6.919571482963308e-07
6.77848311961611e-07
6.636023764056492e-07
6.492320582762687e-07
6.347494513419284e-07
6.201660259716059e-07
6.054926315478609e-07
5.907395021798178e-07
5.759162645836866e-07
5.610319491190738e-07
5.460950016603749e-07
5.311132969818789e-07
5.160941520509524e-07
5.01044341582161e-07
4.859701152123033e-07
4.708772158099458e-07
4.557708969038365e-07
4.40655940168887e-07
4.255366733662202e-07
4.104169892141996e-07
3.953003641508727e-07
3.801898779959626e-07
3.65088231296251e-07
3.499977639367936e-07
3.349204725004373e-07
3.198580261787273e-07
3.048117872866535e-07
2.89782828194998e-07
2.747719468668474e-07
2.597796849052115e-07
2.448063407391316e-07
2.298519852213171e-07
2.14916480202895e-07
1.999994905686435e-07
1.851004999502919e-07
1.702188261164784e-07
1.553536304451392e-07
1.405039337318068e-07
1.256686323868709e-07
1.108465082367937e-07
9.603624176815424e-08
8.123642537703986e-08
6.644557299215526e-08
5.166213361936196e-08
3.688450556515922e-08
2.211104649751467e-08
7.340084613956776e-09
-7.430068908433028e-09
-2.220110930068836e-08
-3.697472630512139e-08
-5.175259121208084e-08
-6.653634585339185e-08
-8.132759211502025e-08
-9.612787992746071e-08
-1.109386949186201e-07
-1.257614457690847e-07
-1.405974515043146e-07
-1.554479294418071e-07
-1.703139834029851e-07
-1.85196590918898e-07
-2.00096589489631e-07
-2.150146625761404e-07
-2.29951325780671e-07
-2.449069132043236e-07
-2.598815633214304e-07
-2.748752039159929e-07
-2.898875361991986e-07
-3.049180189617966e-07
-3.199658528002272e-07
-3.35029964417442e-07
-3.501089901879967e-07
-3.652012589795466e-07
-3.803047736960501e-07
-3.954171934300772e-07
-4.105358163118956e-07
-4.256575617688458e-07
-4.407789517587579e-07
-4.558960915618912e-07
-4.710046513129072e-07
-4.860998472716857e-07
-5.011764241779124e-07
-5.162286370865649e-07
-5.312502337956117e-07
-5.462344367828245e-07
-5.611739264324202e-07
-5.760608261836972e-07
-5.908866877840555e-07
-6.056424784367619e-07
-6.203185672934169e-07
-6.349047162427835e-07
-6.493900717416948e-07
-6.637631603169268e-07
-6.780118849105473e-07
-6.921235252134471e-07
-7.060847410629807e-07
-7.198815789693357e-07
-7.334994844647645e-07
-7.469233174818321e-07
-7.601373743265606e-07
-7.731254109952846e-07
-7.858706762168671e-07
-7.983559473300855e-07
-8.105635753012262e-07
-8.224755331351637e-07
-8.340734727790467e-07
-8.453387852416717e-07
-8.562526713297325e-07
-8.667962135672076e-07
-8.769504509239938e-07
-8.866964375502289e-07
-8.960152390719754e-07
-9.048877024758501e-07
-9.132934323460251e-07
-9.212070354305049e-07
-9.285850113479199e-07
-9.353205387721125e-07
-9.410880156698416e-07
-9.448080132153589e-07
-9.427998105320024e-07
-9.223643606189436e-07
-8.392729937340097e-07
-5.375174539403043e-07
5.440470129112408e-07
4.484790448397838e-06
2.097307338002797e-05
9.46444871542563e-05
0.0003053299785835517
-0.0003081895039042538
-9.55081629701678e-05
-2.113843371699662e-05
-4.493929096908254e-06
-5.159429087577449e-07
5.757343997305176e-07
8.801831313016505e-07
9.638676560137683e-07
9.842757935311786e-07
9.860563488876503e-07
9.820297289647497e-07
9.759126048514096e-07
9.68795759284207e-07
9.610090522244074e-07
9.526615273474193e-07
9.437983341560622e-07
9.344463605007735e-07
9.246274554023801e-07
9.143622095232533e-07
9.036709810418074e-07
8.925741196857417e-07
8.810919634905156e-07
8.692447724921526e-07
8.570526489501449e-07
8.445354597096036e-07
8.317127623114631e-07
8.1860373855658e-07
8.052271370124083e-07
7.916012216460592e-07
7.777437269945287e-07
7.636718217023963e-07
7.494020753542438e-07
7.349504336936638e-07
7.203321983046425e-07
7.055620121517776e-07
6.906538499717825e-07
6.756210138950989e-07
6.604761308825931e-07
6.452311543804971e-07
6.298973695074133e-07
6.144854013630531e-07
5.990052248734507e-07
5.834661777142594e-07
5.678769743795181e-07
5.522457218462139e-07
5.36579935502682e-07
5.208865573633941e-07
5.051719751564833e-07
4.894420422200592e-07
4.737020968348678e-07
4.579569811182639e-07
4.422110616787729e-07
4.264682499725543e-07
4.107320226486333e-07
3.950054423042166e-07
3.792911765183657e-07
3.635915165035221e-07
3.4790839742182e-07
3.322434158055279e-07
3.165978490580457e-07
3.009726754219711e-07
2.853685885859646e-07
2.697860166416522e-07
2.542251381248261e-07
2.386858962540164e-07
2.23168019496124e-07
2.076710348113282e-07
1.92194280569234e-07
1.767369245147718e-07
1.61297975775877e-07
1.458762984230573e-07
1.304706288532387e-07
1.150795870617794e-07
9.970168775462223e-08
8.433535495321326e-08
6.897893391013267e-08
5.363070335355851e-08
3.828888962215841e-08
2.295167795820229e-08
7.617222844424161e-09
-7.716339213010959e-09
-2.305087724180639e-08
-3.838825412950072e-08
-5.373031454755183e-08
-6.907887333126821e-08
-8.443570452695296e-08
-9.980252920787337e-08
-1.151810020251943e-07
-1.305726982942797e-07
-1.459791020391887e-07
-1.614015938352824e-07
-1.768414379366764e-07
-1.92299768631771e-07
-2.077775761732701e-07
-2.232756925524053e-07
-2.387947776222615e-07
-2.543353051128174e-07
-2.698975475123076e-07
-2.854815597910593e-07
-3.010871629840691e-07
-3.167139282073462e-07
-3.3236116042161e-07
-3.480278816417182e-07
-3.637128130677728e-07
-3.794143565903737e-07
-3.951305756912738e-07
-4.108591772338991e-07
-4.265974931106603e-07
-4.423424605435976e-07
-4.580906013892049e-07
-4.738380017146905e-07
-4.895802924226649e-07
-5.053126290928092e-07
-5.210296722963553e-07
-5.367255669709175e-07
-5.523939227694767e-07
-5.680277943578987e-07
-5.836196632017418e-07
-5.991614205550382e-07
-6.146443496598301e-07
-6.300591102638065e-07
-6.453957230920426e-07
-6.606435590986221e-07
-6.75791329094088e-07
-6.908270764625183e-07
-7.057381705852406e-07
-7.205113051862861e-07
-7.351325003639645e-07
-7.49587107843248e-07
-7.638598215394762e-07
-7.77934691085925e-07
-7.917951428130957e-07
-8.054240029552656e-07
-8.188035315043355e-07
-8.319154585569816e-07
-8.447410298938807e-07
-8.572610568486358e-07
-8.694559763638625e-07
-8.813059153367461e-07
-8.927907658774134e-07
-9.038902617287591e-07
-9.145840585184578e-07
-9.248517996022327e-07
-9.346731202294835e-07
-9.440274235855482e-07
-9.528928554707037e-07
-9.612425222130477e-07
-9.690312674734416e-07
-9.761500412788676e-07
-9.822689781974847e-07
-9.862972906480972e-07
-9.845183027673911e-07
-9.641116025710219e-07
-8.804283796940392e-07
-5.759808096535206e-07
5.156954836077882e-07
4.493680813874487e-06
2.113816902617125e-05
9.550783807162194e-05
0.0003081903238814368
-0.0003110491958523097
-9.637087271274949e-05
-2.130289064477913e-05
-4.502185331012199e-06
-4.869636560329665e-07
6.148174523572669e-07
9.2194863703244e-07
1.006213970557e-06
1.026580932494567e-06
1.02811856848385e-06
1.023768757357385e-06
1.017284238232124e-06
1.00976727022693e-06
1.001552096739526e-06
9.927501108798755e-07
9.834082383268287e-07
9.735549863081125e-07
9.632137788610163e-07
9.52406762168688e-07
9.411558308447299e-07
9.294828455386877e-07
9.174096220806699e-07
9.049578576714107e-07
8.921490443034499e-07
8.790043856048141e-07
8.65544718838202e-07
8.517904452748791e-07
8.377614703993788e-07
8.234771506297866e-07
8.089562471349941e-07
7.942168887821542e-07
7.792765394879324e-07
7.641519747927044e-07
7.488592629670806e-07
7.334137520135484e-07
7.178300615512322e-07
7.021220804919195e-07
6.863029669832262e-07
6.703851526906234e-07
6.543803509152483e-07
6.38299567645793e-07
6.221531135452781e-07
6.05950619123971e-07
5.897010515834284e-07
5.734127332951604e-07
5.57093360701937e-07
5.407500249164126e-07
5.243892324470411e-07
5.080169270849739e-07
4.916385112126469e-07
4.752588674584748e-07
4.588823812832844e-07
4.425129631782834e-07
4.261540701309587e-07
4.098087271820607e-07
3.934795490173025e-07
3.771687592817831e-07
3.608782131507693e-07
3.446094163162613e-07
3.283635433713392e-07
3.121414600408451e-07
2.959437385865844e-07
2.797706766725996e-07
2.636223167888197e-07
2.474984599262907e-07
2.313986848740186e-07
2.15322364618006e-07
1.992686782429063e-07
1.832366289863703e-07
1.672250599279709e-07
1.512326656991778e-07
1.352580086187158e-07
1.192995329174833e-07
1.033555752413573e-07
8.74243788267424e-08
7.15041079594995e-08
5.559285940617964e-08
3.968867513723477e-08
2.378955510854811e-08
7.893468262834196e-09
-8.001634856258116e-09
-2.389780857123892e-08
-3.979710078179671e-08
-5.570154188859924e-08
-7.161313227154897e-08
-8.753383004256106e-08
-1.034655388351825e-07
-1.19410094487547e-07
-1.353692520575103e-07
-1.513446738979516e-07
-1.673379169908117e-07
-1.833504189808499e-07
-1.993834840340444e-07
-2.1543826898063e-07
-2.315157691114167e-07
-2.476168038427105e-07
-2.637420016527467e-07
-2.79891783893225e-07
-2.960663480757505e-07
-3.122656515995318e-07
-3.284893953071864e-07
-3.447370060588436e-07
-3.610076184384674e-07
-3.773000558536231e-07
-3.936128114930805e-07
-4.099440288218808e-07
-4.262914822874419e-07
-4.426525570058091e-07
-4.590242270967536e-07
-4.754030339140102e-07
-4.917850648179549e-07
-5.081659323462407e-07
-5.245407517420979e-07
-5.409041188393386e-07
-5.572500874893921e-07
-5.735721484845325e-07
-5.898632080725728e-07
-6.061155672415482e-07
-6.223209016126316e-07
-6.384702408056835e-07
-6.545539509061571e-07
-6.705617170670202e-07
-6.864825302487881e-07
-7.023046733815983e-07
-7.180157109577533e-07
-7.336024802139342e-07
-7.490510876883453e-07
-7.64346909100097e-07
-7.794745918603378e-07
-7.944180630727456e-07
-8.091605414543334e-07
-8.236845578590164e-07
-8.379719780600358e-07
-8.520040359998832e-07
-8.657613696493908e-07
-8.792240672771144e-07
-8.923717197034777e-07
-9.051834835272953e-07
-9.176381488330265e-07
-9.297142179857271e-07
-9.413899870462784e-07
-9.526436330759299e-07
-9.634532880593395e-07
-9.737970507298199e-07
-9.836527683604383e-07
-9.929970109792732e-07
-1.001801264786955e-06
-1.010018596965058e-06
-1.017537608352965e-06
-1.024024049788265e-06
-1.028375656188735e-06
-1.02683968238534e-06
-1.006474244138016e-06
-9.222102910610601e-07
-6.150803388752155e-07
4.866996917796006e-07
4.501920456341035e-06
2.130260917465819e-05
9.637053044684831e-05
0.0003110500092001192
-0.0003139081902903756
-9.723288651476246e-05
-2.146665495658255e-05
-4.509754164071199e-06
-4.573040556000185e-07
6.545720260250786e-07
9.643751416013021e-07
1.049209157775173e-06
1.069521317035014e-06
1.070801018477761e-06
1.066111733725215e-06
1.059242397120808e-06
1.051306875992109e-06
1.042643931744302e-06
1.033367442266967e-06
1.023526243561805e-06
1.013150593541081e-06
1.002265618689581e-06
9.908951432588573e-07
9.790627151437276e-07
9.667918160424166e-07
9.541058420569508e-07
9.410280218938991e-07
9.275813232358087e-07
9.137883642201002e-07
8.996713314451511e-07
8.852519072086859e-07
8.705512071994811e-07
8.555897254489964e-07
8.403872875180803e-07
8.249630135964068e-07
8.093352868435754e-07
7.93521731591974e-07
7.775391960501539e-07
7.614037409614491e-07
7.45130633709263e-07
7.287343488781917e-07
7.122285713496177e-07
6.956262039172831e-07
6.789393780681557e-07
6.621794677324385e-07
6.453571039817354e-07
6.284821931144407e-07
6.115639368695258e-07
5.946108540829498e-07
5.776308023663378e-07
5.606310006837395e-07
5.436180524833009e-07
5.265979701197646e-07
5.095761983045892e-07
4.925576387017776e-07
4.75546673597273e-07
4.585471906959879e-07
4.415626053446522e-07
4.245958833707223e-07
4.076495660901171e-07
3.907257898268752e-07
3.738263095377363e-07
3.569525203582216e-07
3.401054752143395e-07
3.232859077858113e-07
3.064942512835461e-07
2.897306562427344e-07
2.729950117953565e-07
2.562869604391119e-07
2.396059146258509e-07
2.229510767925443e-07
2.063214526214839e-07
1.897158666860559e-07
1.73132980942762e-07
1.565713066807012e-07
1.400292183214561e-07
1.235049701723583e-07
1.069967082169909e-07
9.050248294026484e-08
7.4020264694711e-08
5.754795532203019e-08
4.10833998188108e-08
2.462440044282313e-08
8.168728995751685e-09
-8.285861225281115e-09
-2.474162232016144e-08
-4.120080016344431e-08
-5.766562313184278e-08
-7.413828894752832e-08
-9.062095170506465e-08
-1.071157097465443e-07
-1.23624593026291e-07
-1.401495500186847e-07
-1.566924347929703e-07
-1.732549935048819e-07
-1.89838850290937e-07
-2.064454933415986e-07
-2.230762609313573e-07
-2.397323269039623e-07
-2.564146853612688e-07
-2.731241345484767e-07
-2.898612603117443e-07
-3.066264196136561e-07
-3.234197239792396e-07
-3.402410217224399e-07
-3.570898790342095e-07
-3.739655609948198e-07
-3.908670122380085e-07
-4.077928374818783e-07
-4.24741280791896e-07
-4.417102043896576e-07
-4.586970666314033e-07
-4.756988993969839e-07
-4.927122856020264e-07
-5.097333364977627e-07
-5.26757668333702e-07
-5.437803773364967e-07
-5.60796015972597e-07
-5.777985690285865e-07
-5.947814306141389e-07
-6.117373798733105e-07
-6.286585570594881e-07
-6.455364406897362e-07
-6.623618248057855e-07
-6.791247993198001e-07
-6.958147295883603e-07
-7.124202392293005e-07
-7.289291928578017e-07
-7.453286832675467e-07
-7.616050204628028e-07
-7.777437253155764e-07
-7.937295258365881e-07
-8.095463563912286e-07
-8.251773637002685e-07
-8.406049174907017e-07
-8.5581062941637e-07
-8.707753739285804e-07
-8.854793200213575e-07
-8.999019671529855e-07
-9.140221930179921e-07
-9.278183075852158e-07
-9.412681181972156e-07
-9.543489996709163e-07
-9.670379774463898e-07
-9.793118154079938e-07
-9.911471105899196e-07
-1.002520374390762e-06
-1.013408051856372e-06
-1.023786310579852e-06
-1.033630016871061e-06
-1.042908906101578e-06
-1.051574135702753e-06
-1.059511821809692e-06
-1.066383196129625e-06
-1.071074384040734e-06
-1.069796444506658e-06
-1.049485900632331e-06
-9.646533487257016e-07
-6.548515404080997e-07
4.570233984754567e-07
4.50947254138872e-06
2.146635654781906e-05
9.723252671949299e-05
0.000313908996846252
-0.0003167664476084656
-9.809416491403551e-05
-2.162968750294355e-05
-4.516596935394833e-06
-4.269261051915866e-07
6.95035304040473e-07
1.007498859352539e-06
1.092888325113452e-06
1.113130822993119e-06
1.114136232731804e-06
1.109089755054612e-06
1.101816662773656e-06
1.093442579239205e-06
1.08431093403091e-06
1.074538240085378e-06
1.064175392232056e-06
1.053254544120178e-06
1.041802665163201e-06
1.029845392318019e-06
1.017408054310612e-06
1.004515873155821e-06
9.911939353141106e-07
9.774671017936114e-07
9.633599075204722e-07
9.488964675531856e-07
9.341003911765629e-07
9.189947056515143e-07
9.03601791359064e-07
8.879433256537236e-07
8.720402361542522e-07
8.559126647047241e-07
8.395799373938288e-07
8.230605444287999e-07
8.063721248435972e-07
7.895314574717283e-07
7.725544579510149e-07
7.554561829784686e-07
7.382508371372675e-07
7.209517839846072e-07
7.035715596601399e-07
6.861218896601978e-07
6.686137071453993e-07
6.510571747659418e-07
6.334617083157867e-07
6.158360014973428e-07
5.981880501484911e-07
5.805251771646824e-07
5.628540589189955e-07
5.45180752012742e-07
5.275107198903256e-07
5.098488596185988e-07
4.921995268292967e-07
4.745665619549602e-07
4.5695331555466e-07
4.393626718043685e-07
4.217970759033244e-07
4.042585563331601e-07
3.867487466407098e-07
3.692689096560447e-07
3.518199565349454e-07
3.344024695603017e-07
3.170167246177076e-07
2.996627075139972e-07
2.823401353565684e-07
2.650484744127146e-07
2.477869547654916e-07
2.305545917485532e-07
2.133502022570124e-07
1.961724179480715e-07
1.790197039238232e-07
1.618903729588601e-07
1.447825981360716e-07
1.276944301506818e-07
1.106238111928457e-07
9.356858652432908e-08
7.652651890077072e-08
5.949530160639735e-08
4.247257057258365e-08
2.545591851884539e-08
8.442908020616719e-09
-8.568917149374001e-09
-2.558201980817603e-08
-4.259885666018686e-08
-5.962186589085886e-08
-7.665345426280294e-08
-9.369598436761423e-08
-1.107517624514343e-07
-1.278230259470024e-07
-1.449119299667183e-07
-1.620205332619896e-07
-1.791507843135646e-07
-1.963045078699564e-07
-2.134833911623337e-07
-2.306889692436879e-07
-2.479226094749525e-07
-2.651854956029385e-07
-2.824786114251435e-07
-2.998027243990877e-07
-3.171583689084563e-07
-3.345458284691232e-07
-3.519651164978814e-07
-3.694159567961963e-07
-3.868977645050556e-07
-4.044096262954283e-07
-4.219502795197297e-07
-4.395180896499274e-07
-4.571110276863618e-07
-4.747266472210481e-07
-4.923620612154888e-07
-5.100139180118568e-07
-5.27678376119277e-07
-5.453510784691818e-07
-5.630271258451263e-07
-5.807010519805289e-07
-5.983667974963462e-07
-6.160176838378439e-07
-6.336463857525026e-07
-6.512449048357387e-07
-6.688045446584721e-07
-6.863158855005542e-07
-7.037687612274242e-07
-7.211522347801189e-07
-7.384545774755963e-07
-7.556632490132652e-07
-7.727648820201892e-07
-7.897452674034624e-07
-8.065893435776351e-07
-8.23281189003885e-07
-8.398040190231539e-07
-8.561401898012775e-07
-8.722712061660609e-07
-8.881777372677342e-07
-9.038396348549271e-07
-9.192359644155951e-07
-9.343450413906412e-07
-9.491444792116565e-07
-9.636112435024447e-07
-9.777217185260049e-07
-9.914517807394396e-07
-1.004776887301795e-06
-1.017672169775064e-06
-1.030112535070465e-06
-1.042072753982116e-06
-1.053527489665672e-06
-1.06445109596574e-06
-1.074816596067732e-06
-1.084591829466821e-06
-1.093725894198142e-06
-1.102102270422348e-06
-1.109377520929943e-06
-1.11442601518166e-06
-1.113422473669597e-06
-1.093181689114792e-06
-1.00779377599567e-06
-6.953316061244112e-07
4.266285921092886e-07
4.516298397957853e-06
2.162937198492256e-05
9.809378741737014e-05
0.0003167672472016044
-0.0003196239260885111
-9.895466635620326e-05
-2.179194707697355e-05
-4.522672980800607e-06
-3.957898705808556e-07
7.362463137472432e-07
1.051357745842424e-06
1.137288204996479e-06
1.157444823821249e-06
1.158158106566279e-06
1.152735136978349e-06
1.145037687662681e-06
1.136203304017091e-06
1.126580251574169e-06
1.116287845522001e-06
1.105379204126279e-06
1.093888537202735e-06
1.081844811826856e-06
1.069275625260632e-06
1.056208225852736e-06
1.042669704921947e-06
1.028686957878331e-06
1.014286586033995e-06
9.994947891187781e-07
9.843372659853494e-07
9.68839124622529e-07
9.530248027297743e-07
9.369180009084647e-07
9.205416259350104e-07
9.039177450416142e-07
8.87067551225176e-07
8.700113352079858e-07
8.527684674267935e-07
8.353573854332959e-07
8.17795588285115e-07
8.000996375801898e-07
7.822851657928688e-07
7.643668868481843e-07
7.463586109520707e-07
7.282732616237728e-07
7.101228962558993e-07
6.919187289032492e-07
6.736711560571103e-07
6.553897836929611e-07
6.370834553478202e-07
6.187602790728064e-07
6.004276553695406e-07
5.82092307205804e-07
5.63760309499104e-07
5.454371184775819e-07
5.271276000359114e-07
5.088360572154131e-07
4.905662575565554e-07
4.723214617480508e-07
4.541044490712758e-07
4.359175450352487e-07
4.177626468784434e-07
3.996412440664491e-07
3.815544448578617e-07
3.635029980378169e-07
3.45487314799335e-07
3.275074936257404e-07
3.095633368477115e-07
2.916543706187085e-07
2.737798662841493e-07
2.559388554575566e-07
2.38130150004965e-07
2.20352361350915e-07
2.026039130983899e-07
1.848830577039205e-07
1.671878938800509e-07
1.495163800723231e-07
1.318663500358795e-07
1.142355280313134e-07
9.662154041174272e-08
7.902192881023492e-08
6.143416494007517e-08
4.385566374336205e-08
2.628379626640176e-08
8.715902786927561e-09
-8.850695510116136e-09
-2.641868461103386e-08
-4.399074414469647e-08
-6.156953407406641e-08
-7.915768262829383e-08
-9.675777417056865e-08
-1.143723364370545e-07
-1.320038274387935e-07
-1.496546215989882e-07
-1.673269954786717e-07
-1.850231140869702e-07
-2.027450178140355e-07
-2.204946080624833e-07
-2.382736315293458e-07
-2.560836640658237e-07
-2.739260949771031e-07
-2.918021107865298e-07
-3.09712678475059e-07
-3.276585276328552e-07
-3.456401314519882e-07
-3.636576869811632e-07
-3.817110957309676e-07
-3.997999441059169e-07
-4.179234821266288e-07
-4.360806008921323e-07
-4.542698089406026e-07
-4.724892090941585e-07
-4.907364747037476e-07
-5.090088247314762e-07
-5.273029974245559e-07
-5.456152229208855e-07
-5.639411961980723e-07
-5.822760493903294e-07
-6.006143246916085e-07
-6.189499449348345e-07
-6.372761843992281e-07
-6.555856389923859e-07
-6.738701978432501e-07
-6.92121015610812e-07
-7.103284831731375e-07
-7.284822003434083e-07
-7.465709479215988e-07
-7.645826642857648e-07
-7.825044221398222e-07
-8.003224086523013e-07
-8.180219057936025e-07
-8.355872754451906e-07
-8.530019489646285e-07
-8.702484210631187e-07
-8.873082498776272e-07
-9.041620602606395e-07
-9.207895561507011e-07
-9.371695372670026e-07
-9.532799292446293e-07
-9.690978182231507e-07
-9.8459949735264e-07
-9.997605210893471e-07
-1.014555774140605e-06
-1.028959548824776e-06
-1.042945637569275e-06
-1.056487431133918e-06
-1.069558026184693e-06
-1.082130323309678e-06
-1.094177066108081e-06
-1.105670648544968e-06
-1.116582095831156e-06
-1.12687718960845e-06
-1.136502802717835e-06
-1.145339612903429e-06
-1.153039347562043e-06
-1.158464454130989e-06
-1.157753152394506e-06
-1.137598350239949e-06
-1.051669536536146e-06
-7.365595732280638e-07
3.954753263028968e-07
4.522357350479083e-06
2.179161426978086e-05
9.895427097596271e-05
0.00031962471853651
-0.0003224805817033781
-9.981434699629134e-05
-2.195339022019094e-05
-4.527939445276004e-06
-3.638533078756411e-07
7.782460919914129e-07
1.095991648855405e-06
1.182447290169059e-06
1.202500309209876e-06
1.202901998035756e-06
1.197081497535616e-06
1.188937261849098e-06
1.179618944656006e-06
1.169479835046852e-06
1.158642236854456e-06
1.1471616749606e-06
1.13507459318882e-06
1.122412126806043e-06
1.109203994677879e-06
1.095479515355842e-06
1.081267788663034e-06
1.066597646533352e-06
1.051497546256665e-06
1.035995455926831e-06
1.020118749354671e-06
1.003894111955831e-06
9.873474587307019e-07
9.705038663312262e-07
9.533875167757176e-07
9.360216533648015e-07
9.184285478159297e-07
9.006294745530655e-07
8.826446955257727e-07
8.644934513222429e-07
8.461939601615703e-07
8.27763423756055e-07
8.092180398303619e-07
7.905730168959902e-07
7.718425933876888e-07
7.530400591574961e-07
7.341777804999847e-07
7.152672278399914e-07
6.963190054304861e-07
6.773428820883891e-07
6.583478224801818e-07
6.393420174990692e-07
6.203329164302743e-07
6.013272599955645e-07
5.823311131028013e-07
5.633498958002504e-07
5.443884141920769e-07
5.254508905632571e-07
5.065409922704645e-07
4.876618641657751e-07
4.688161553442896e-07
4.500060462168738e-07
4.312332772926288e-07
4.124991707766179e-07
3.938046575523638e-07
3.751503023032601e-07
3.565363244706073e-07
3.379626236683487e-07
3.194287989079529e-07
3.009341665346319e-07
2.824777839759236e-07
2.640584674731553e-07
2.456748089390298e-07
2.273251965832229e-07
2.090078295177617e-07
1.907207324700717e-07
1.724617751317477e-07
1.542286872206981e-07
1.360190716491597e-07
1.178304199326543e-07
9.966012533601921e-08
8.150549563336129e-08
6.336376853460485e-08
4.52321252471671e-08
2.710770219998818e-08
8.987604038301594e-09
-9.131083578335525e-09
-2.725128169519764e-08
-4.537590471819012e-08
-6.350784715616935e-08
-8.164997199152547e-08
-9.980509863483e-08
-1.17975989419407e-07
-1.361653356937191e-07
-1.543757442181899e-07
-1.726097234002969e-07
-1.908696698000815e-07
-2.091578543923543e-07
-2.274764072723024e-07
-2.45827301554237e-07
-2.64212337643912e-07
-2.826331276021504e-07
-3.010910784378463e-07
-3.195873742469388e-07
-3.381229574467161e-07
-3.566985095108949e-07
-3.753144314430319e-07
-3.939708238818724e-07
-4.126674659563758e-07
-4.314037923332449e-07
-4.501788699841091e-07
-4.689913742956498e-07
-4.878395651401658e-07
-5.067212612148871e-07
-5.256338128752551e-07
-5.445740739901385e-07
-5.635383734422774e-07
-5.82522486946945e-07
-6.015216070280859e-07
-6.205303126496489e-07
-6.39542536770501e-07
-6.585515351352347e-07
-6.775498546150213e-07
-6.965293016485814e-07
-7.154809102273417e-07
-7.343949083606912e-07
-7.532606876039027e-07
-7.720667721125498e-07
-7.908007914283244e-07
-8.094494521795425e-07
-8.279985130413039e-07
-8.464327607917576e-07
-8.6473599193487e-07
-8.828909982215492e-07
-9.008795553134138e-07
-9.186824175207965e-07
-9.362793170834703e-07
-9.536489739136106e-07
-9.707691097279119e-07
-9.876164747834256e-07
-1.004166879222981e-06
-1.02039523848325e-06
-1.036275628673804e-06
-1.05178135738317e-06
-1.066885042646951e-06
-1.081558708190487e-06
-1.095773887152413e-06
-1.109501738229942e-06
-1.122713153455108e-06
-1.135378806847627e-06
-1.14746897045296e-06
-1.158952499865725e-06
-1.16979294134524e-06
-1.179934760553828e-06
-1.189255646633732e-06
-1.197402303180661e-06
-1.203225067873164e-06
-1.202825477948546e-06
-1.182774384916515e-06
-1.096320488891644e-06
-7.785764897609762e-07
3.635215471441094e-07
4.527606533948661e-06
2.195303993389283e-05
9.981393353865128e-05
0.0003224813668099756
-0.0003253363678927677
-0.0001006731604776848
-2.211397100708829e-05
-4.53235107595739e-06
-3.310720678504083e-07
8.210778669838091e-07
1.14144247436613e-06
1.228405981862271e-06
1.248336013991421e-06
1.248404836484488e-06
1.242163844820825e-06
1.233548379761923e-06
1.223720412393663e-06
1.213038465472039e-06
1.201628039709873e-06
1.189547270478436e-06
1.176835032518107e-06
1.163524816959017e-06
1.149648640559225e-06
1.135238055765923e-06
1.120324321490493e-06
1.104938343125174e-06
1.089110556925514e-06
1.072870808280252e-06
1.05624824080629e-06
1.039271198451923e-06
1.021967141684045e-06
1.004362579472839e-06
9.864830141590563e-07
9.683528994173976e-07
9.49995609968142e-07
9.314334191909821e-07
9.126874880476146e-07
8.937778611371302e-07
8.747234709816547e-07
8.555421490502899e-07
8.362506430465158e-07
8.16864636632932e-07
7.973987735864812e-07
7.778666847502576e-07
7.582810184242714e-07
7.386534726763793e-07
7.189948291389698e-07
6.993149879143068e-07
6.796230026661562e-07
6.59927115413158e-07
6.402347925978169e-07
6.205527607048033e-07
6.00887042823039e-07
5.812429913098283e-07
5.616253211470612e-07
5.4203814455289e-07
5.224850004678505e-07
5.029688889373044e-07
4.834923012147453e-07
4.640572462007432e-07
4.44665281156406e-07
4.25317536634824e-07
4.060147425691035e-07
3.867572565025279e-07
3.675450843415803e-07
3.483779045875401e-07
3.292550918140677e-07
3.101757339371946e-07
2.911386556735951e-07
2.721424393439944e-07
2.531854395784937e-07
2.34265803559342e-07
2.153814890745187e-07
1.96530278601272e-07
1.77709797901645e-07
1.589175324141366e-07
1.401508395556054e-07
1.214069637507643e-07
1.026830514157716e-07
8.397616396666942e-08
6.5283292154868e-08
4.660136976772513e-08
2.792728541423941e-08
9.257895438982963e-09
-9.409962439533525e-09
-2.80794564343256e-08
-4.675374822327221e-08
-6.543598026837535e-08
-8.412926370838555e-08
-1.028366656635281e-07
-1.215611954953808e-07
-1.403057911043792e-07
-1.590733056810331e-07
-1.778664941659723e-07
-1.966879993367809e-07
-2.155403370580906e-07
-2.344258807349413e-07
-2.533468457934304e-07
-2.723052742645721e-07
-2.913030184224015e-07
-3.103417229923997e-07
-3.294228067124354e-07
-3.485474435641357e-07
-3.677165436690017e-07
-3.869307332439827e-07
-4.061903333205326e-07
-4.25495337110689e-07
-4.448453864733538e-07
-4.642397486850303e-07
-4.836772917083563e-07
-5.031564583346289e-07
-5.226752384277822e-07
-5.42231140443579e-07
-5.618211624112023e-07
-5.814417621512051e-07
-6.010888266703071e-07
-6.207576389010389e-07
-6.404428447681313e-07
-6.601384188709097e-07
-6.798376314153341e-07
-6.995330131650409e-07
-7.192163194691836e-07
-7.388784942467326e-07
-7.58509633487276e-07
-7.780989517102124e-07
-7.976347465397986e-07
-8.171043659292614e-07
-8.36494174453615e-07
-8.55789524123873e-07
-8.749747264534342e-07
-8.940330289604122e-07
-9.129465943945804e-07
-9.316964835264122e-07
-9.502626452290419e-07
-9.686239120297667e-07
-9.867580055227932e-07
-1.004641545071698e-06
-1.022250070099637e-06
-1.039558069041618e-06
-1.056539024128675e-06
-1.073165466153024e-06
-1.089409044461056e-06
-1.105240606706498e-06
-1.120630298143306e-06
-1.135547672172774e-06
-1.149961813974164e-06
-1.163841456252584e-06
-1.177155037944521e-06
-1.189870531925358e-06
-1.201954437568549e-06
-1.213367870675825e-06
-1.224052686301195e-06
-1.233883374435635e-06
-1.242501403266914e-06
-1.248744793188065e-06
-1.248678194587504e-06
-1.228750204873649e-06
-1.141788549680167e-06
-8.214255937534874e-07
3.307228969165819e-07
4.532000684326897e-06
2.211360303771979e-05
0.0001006727287384797
0.0003253371454529285
-0.000328191235312819
-0.0001015310576845706
-2.227364080417057e-05
-4.535859991642996e-06
-2.973992792263432e-07
8.647872583103535e-07
1.187754367720968e-06
1.27520675049146e-06
1.294992557278056e-06
1.294705239168796e-06
1.288018670156626e-06
1.278905309417046e-06
1.268539681175415e-06
1.257285777979278e-06
1.245272530584999e-06
1.232560911705628e-06
1.219192444644753e-06
1.205203182294434e-06
1.19062763185033e-06
1.175499757707912e-06
1.159853140621107e-06
1.143720906365772e-06
1.127135600677517e-06
1.110129060186598e-06
1.09273229629171e-06
1.074975394228122e-06
1.05688742862229e-06
1.038496396520866e-06
1.019829163782704e-06
1.000911425757892e-06
9.817676806841014e-07
9.624212120896207e-07
9.428940830885462e-07
9.232071385053666e-07
9.03380015033642e-07
8.834311580307524e-07
8.63377844384452e-07
8.432362082618679e-07
8.230212712279122e-07
8.027469754365065e-07
7.824262196033119e-07
7.620708958124668e-07
7.416919280854356e-07
7.212993122107167e-07
7.009021552289396e-07
6.805087150070052e-07
6.601264400321058e-07
6.397620078767148e-07
6.194213643136275e-07
5.991097601800646e-07
5.788317866578798e-07
5.585914133407832e-07
5.383920206933223e-07
5.182364335661628e-07
4.98126955372271e-07
4.780653953956738e-07
4.580531005569104e-07
4.380909842022708e-07
4.181795508870169e-07
3.98318926142954e-07
3.785088790837858e-07
3.587488451621306e-07
3.390379529234884e-07
3.193750425999056e-07
2.997586869742304e-07
2.801872142195306e-07
2.606587237371725e-07
2.411711049223319e-07
2.21722057454468e-07
2.023091062174653e-07
1.829296175303039e-07
1.635808163506911e-07
1.442597998824125e-07
1.249635519762387e-07
1.056889586912714e-07
8.643282170007925e-08
6.719187123174e-08
4.796277988001878e-08
2.874217557858228e-08
9.526654368127299e-09
-9.687206269529277e-09
-2.890283465877585e-08
-4.812365292924631e-08
-6.735306469964411e-08
-8.659444195956388e-08
-1.058511118234931e-07
-1.251263436237576e-07
-1.444233358345158e-07
-1.637452025276093e-07
-1.830949594307016e-07
-2.024755094784222e-07
-2.218896279195561e-07
-2.413399472516114e-07
-2.608289420946656e-07
-2.803589130497442e-07
-2.999319693577234e-07
-3.195500107267121e-07
-3.392147092692637e-07
-3.589274907784614e-07
-3.786895150411252e-07
-3.985016544126863e-07
-4.183644715046785e-07
-4.382781962551235e-07
-4.582427024292454e-07
-4.78257483550817e-07
-4.983216261985014e-07
-5.184337822734232e-07
-5.385921403278695e-07
-5.587943965222931e-07
-5.790377242050254e-07
-5.99318741560037e-07
-6.196334781084108e-07
-6.399773393301777e-07
-6.60345072163342e-07
-6.807307285410134e-07
-7.011276287925721e-07
-7.215283223129859e-07
-7.419245479251843e-07
-7.623071950494854e-07
-7.826662639453024e-07
-8.02990827379327e-07
-8.232689893444051e-07
-8.434878470179016e-07
-8.636334529278041e-07
-8.836907812282555e-07
-9.036436934981344e-07
-9.234749081821854e-07
-9.431659736014395e-07
-9.626972456194934e-07
-9.820478729009672e-07
-1.001195786128774e-06
-1.020117696518376e-06
-1.038789098857199e-06
-1.05718429007707e-06
-1.075276395342269e-06
-1.093037409555735e-06
-1.110438248905205e-06
-1.127448819794041e-06
-1.144038100746345e-06
-1.16017424579642e-06
-1.175824699477001e-06
-1.190956326248859e-06
-1.205535535209641e-06
-1.219528351532285e-06
-1.23290025771606e-06
-1.245615192167026e-06
-1.257631621277368e-06
-1.268888561339432e-06
-1.279257070605231e-06
-1.288373146105492e-06
-1.295062256392463e-06
-1.29535193293194e-06
-1.275568291275579e-06
-1.188117872479755e-06
-8.651525156480711e-07
2.970324900228769e-07
4.535491907332501e-06
2.227325493535401e-05
0.0001015306074475495
0.0003281920051099612
-0.0003310451315560547
-0.0001023879864653261
-2.243234800083211e-05
-4.538415425492183e-06
-2.627853071220512e-07
9.094224991912453e-07
1.23497391349796e-06
1.322894311155847e-06
1.342512592247031e-06
1.341843634522081e-06
1.334684044818536e-06
1.325043663246608e-06
1.314109833423205e-06
1.302252283495097e-06
1.28960363530624e-06
1.276227951478745e-06
1.262169644614692e-06
1.247467555654671e-06
1.23215889259951e-06
1.216280224960811e-06
1.199867630569489e-06
1.182956612219092e-06
1.165581962702675e-06
1.14777762880349e-06
1.129576590732278e-06
1.111010759325854e-06
1.092110891920298e-06
1.072906527145117e-06
1.053425934046303e-06
1.033696076668884e-06
1.013742592693284e-06
9.935897821742521e-07
9.732606083790874e-07
9.527767068019128e-07
9.321584019538165e-07
9.114247308293874e-07
8.905934725747263e-07
8.696811817053464e-07
8.487032247276696e-07
8.276738197632958e-07
8.066060784601133e-07
7.855120481749383e-07
7.644027560490786e-07
7.432882540622392e-07
7.221776633979858e-07
7.010792185258097e-07
6.800003105621148e-07
6.589475295765864e-07
6.379267063851381e-07
6.169429538883523e-07
5.960007046018808e-07
5.751037510133453e-07
5.542552817967893e-07
5.334579144366747e-07
5.12713732921954e-07
4.920243178080151e-07
4.713907778897966e-07
4.508137818845258e-07
4.302935829862978e-07
4.098300487033966e-07
3.894226873062926e-07
3.690706696844681e-07
3.487728562716224e-07
3.285278185247713e-07
3.083338573975414e-07
2.881890266914207e-07
2.68091152443951e-07
2.480378498611409e-07
2.280265434615311e-07
2.080544837441886e-07
1.881187617420041e-07
1.682163264016959e-07
1.483440002672711e-07
1.284984931189556e-07
1.086764167899688e-07
8.887429900182078e-08
6.908859588113008e-08
4.931570581491015e-08
2.955198358185421e-08
9.793752704540746e-09
-9.962682384429529e-09
-2.972102346464907e-08
-4.948496617360554e-08
-6.925818754354026e-08
-8.904433267445488e-08
-1.088470017663889e-07
-1.286697379411347e-07
-1.485160142033632e-07
-1.683892193359312e-07
-1.882926434676785e-07
-2.082294639380143e-07
-2.282027308946691e-07
-2.482153524274197e-07
-2.682700787777473e-07
-2.883694853962171e-07
-3.085159554769444e-07
-3.287116622747028e-07
-3.489585512175356e-07
-3.692583203510537e-07
-3.896123995201327e-07
-4.100219282993557e-07
-4.304877336466428e-07
-4.510103068747999e-07
-4.715897792974819e-07
-4.92225896425722e-07
-5.129179897136144e-07
-5.33664948324513e-07
-5.544651899725182e-07
-5.753166303646457e-07
-5.962166500931761e-07
-6.171620598418016e-07
-6.381490653898441e-07
-6.591732308305231e-07
-6.802294417150524e-07
-7.013118649390121e-07
-7.224139082384177e-07
-7.435281777745439e-07
-7.646464357679466e-07
-7.857595581494311e-07
-8.068574895101171e-07
-8.279291990715786e-07
-8.489626344944859e-07
-8.699446797757779e-07
-8.908611122614771e-07
-9.116965619190562e-07
-9.32434469641054e-07
-9.530570501698203e-07
-9.735452596357188e-07
-9.938787669017633e-07
-1.014035930873009e-06
-1.033993781610262e-06
-1.053728012360227e-06
-1.073212977407185e-06
-1.092421705325146e-06
-1.111325918898329e-06
-1.129896071139289e-06
-1.148101394042493e-06
-1.165909967207904e-06
-1.18328880036474e-06
-1.200203937818467e-06
-1.216620576186721e-06
-1.232503201450613e-06
-1.247815724946213e-06
-1.262521566486279e-06
-1.276583507337057e-06
-1.28996269706555e-06
-1.302614710782206e-06
-1.314475473678869e-06
-1.32541235442672e-06
-1.335055613444384e-06
-1.34221789667865e-06
-1.342889354809474e-06
-1.323273369607231e-06
-1.235355054431212e-06
-9.098055016635809e-07
2.624006771113685e-07
4.538029423157181e-06
2.243194400442638e-05
0.0001023875174965201
0.0003310458933543279
-0.0003338980008365199
-0.0001032438913220379
-2.259003770822525e-05
-4.539963438197549e-06
-2.271774848046357e-07
9.550346828123963e-07
1.283150357040629e-06
1.371515817494411e-06
1.390940969822924e-06
1.389862394346274e-06
1.382199720696932e-06
1.372000468262684e-06
1.360465101470695e-06
1.347969383244827e-06
1.334649918646073e-06
1.320574141150272e-06
1.305789618834889e-06
1.290338229786469e-06
1.274260112858859e-06
1.257594652299304e-06
1.240380611064813e-06
1.222656034909541e-06
1.204458107754264e-06
1.185823009647252e-06
1.166785793079424e-06
1.147380279327366e-06
1.127638975448798e-06
1.107593011960936e-06
1.087272096245902e-06
1.066704482914309e-06
1.045916959271321e-06
1.024934842081974e-06
1.003781986002369e-06
9.824808003425761e-07
9.61052273670525e-07
9.395160054312044e-07
9.178902439299447e-07
8.961919275563143e-07
8.744367285131833e-07
8.526390993152744e-07
8.30812321054565e-07
8.089685520350924e-07
7.871188782936672e-07
7.652733640495975e-07
7.434411013068169e-07
7.216302573476455e-07
6.99848122790862e-07
6.781011582416428e-07
6.563950387636661e-07
6.347347006670719e-07
6.131243805052889e-07
5.915676564362838e-07
5.700674888878891e-07
5.486262545867758e-07
5.272457856694886e-07
5.059274034030951e-07
4.846719489175336e-07
4.634798169124362e-07
4.423509822247946e-07
4.212850284708949e-07
4.002811783140529e-07
3.793383154858496e-07
3.584550095821586e-07
3.376295407820125e-07
3.16859918046382e-07
2.961439016672023e-07
2.754790256196837e-07
2.548626136562639e-07
2.3429179775301e-07
2.137635365895773e-07
1.932746302849549e-07
1.72821737160113e-07
1.524013904917626e-07
1.32010011715217e-07
1.116439242083396e-07
9.129936761892574e-08
7.097251092323226e-08
5.065946604975934e-08
3.03563019147637e-08
1.005905637142682e-08
-1.023625219201603e-08
-3.053361175694803e-08
-5.083700376110086e-08
-7.115039070807012e-08
-9.147770360710572e-08
-1.118228294928196e-07
-1.321895989836391e-07
-1.525817727992268e-07
-1.730030276312406e-07
-1.934569421790404e-07
-2.139469834442054e-07
-2.344764923159575e-07
-2.550486681973913e-07
-2.756665526531857e-07
-2.963330126675905e-07
-3.170507237017076e-07
-3.378221521234131e-07
-3.586495363035776e-07
-3.795348662359554e-07
-4.004798625530556e-07
-4.214859547634686e-07
-4.425542586222167e-07
-4.636855520034016e-07
-4.848802490453215e-07
-5.061383734057001e-07
-5.274595297726212e-07
-5.488428752763799e-07
-5.702870886911203e-07
-5.917903373059182e-07
-6.133502418215627e-07
-6.349638405077104e-07
-6.566275530716898e-07
-6.7833714121718e-07
-7.000876682040637e-07
-7.218734553077274e-07
-7.436880388409654e-07
-7.65524125124143e-07
-7.873735443256967e-07
-8.092272028077753e-07
-8.31075032680526e-07
-8.529059433793278e-07
-8.747077710320088e-07
-8.964672307410281e-07
-9.181698660997849e-07
-9.398000010761459e-07
-9.613406918577078e-07
-9.827736836934503e-07
-1.004079370752902e-06
-1.025236758255145e-06
-1.046223430776885e-06
-1.067015526122633e-06
-1.087587720664658e-06
-1.107913219222254e-06
-1.127963759636565e-06
-1.147709625234108e-06
-1.167119676120092e-06
-1.186161394660597e-06
-1.204800950817103e-06
-1.223003281620694e-06
-1.240732196268518e-06
-1.257950498765422e-06
-1.274620131792498e-06
-1.290702322167216e-06
-1.30615767479698e-06
-1.320946037441494e-06
-1.335025520745114e-06
-1.348348545337197e-06
-1.360847664890809e-06
-1.372386263383508e-06
-1.382588566292248e-06
-1.390254095290542e-06
-1.39133532095053e-06
-1.37191260558506e-06
-1.283549356289371e-06
-9.554356568824048e-07
2.267747827865979e-07
4.539559278284493e-06
2.258961533839754e-05
0.0001032434033736002
0.000333898754388361
-0.0003367497836346264
-0.0001040987130604486
-2.274665142021965e-05
-4.540446595986201e-06
-1.905198138765087e-07
1.001678035865084e-06
1.332335848379904e-06
1.421121073144374e-06
1.440324915836054e-06
1.438805975670896e-06
1.43060723655604e-06
1.419814237151281e-06
1.407640904441253e-06
1.394469373453562e-06
1.380440559787181e-06
1.365625580416717e-06
1.350075453414143e-06
1.333835367737949e-06
1.316948644116464e-06
1.299457708039994e-06
1.281404208521027e-06
1.26282890975355e-06
1.243771537465023e-06
1.224270631938411e-06
1.204363422510594e-06
1.184085724252369e-06
1.16347185749741e-06
1.142554590165299e-06
1.121365097386265e-06
1.099932939912802e-06
1.078286058112311e-06
1.056450777870383e-06
1.034451828011343e-06
1.012312366304766e-06
9.900540136155861e-07
9.676968952265363e-07
9.452596878228627e-07
9.227596694763765e-07
9.002127714502145e-07
8.776336322302673e-07
8.550356528014659e-07
8.32431052981909e-07
8.098309283948058e-07
7.872453060207927e-07
7.646831997661876e-07
7.421526618302036e-07
7.196608353152362e-07
6.972140066132644e-07
6.748176521329438e-07
6.524764884365672e-07
6.30194515580943e-07
6.079750583169219e-07
5.858208108287025e-07
5.637338740137913e-07
5.41715794245059e-07
5.197676007138248e-07
4.978898356870874e-07
4.76082589573551e-07
4.54345531044362e-07
4.326779340335384e-07
4.110787097157982e-07
3.895464303039457e-07
3.680793516346307e-07
3.466754398108229e-07
3.253323914869258e-07
3.040476546850209e-07
2.828184518322326e-07
2.616417968484615e-07
2.405145119412935e-07
2.194332469560155e-07
1.983944956527217e-07
1.773946112290396e-07
1.564298225252679e-07
1.354962477879175e-07
1.145899079872625e-07
9.370674135700804e-08
7.284261702970766e-08
5.199334800698972e-08
3.115470414379492e-08
1.032242427962777e-08
-1.050777160279192e-08
-3.134016958534482e-08
-5.217904911333065e-08
-7.302867097934995e-08
-9.389326534126204e-08
-1.147770192651073e-07
-1.356840636062704e-07
-1.566184596352582e-07
-1.775841858139651e-07
-1.98585124371271e-07
-2.196250471955927e-07
-2.407076008731806e-07
-2.618362912380968e-07
-2.830144674994457e-07
-3.042453060180823e-07
-3.255317933723766e-07
-3.468767078411883e-07
-3.682825997679832e-07
-3.897517714230322e-07
-4.112862566233858e-07
-4.32887798616314e-07
-4.545578262254476e-07
-4.762974285554326e-07
-4.981073286763718e-07
-5.199878569104244e-07
-5.419389217787309e-07
-5.639599798073526e-07
-5.86050002578893e-07
-6.082074421408216e-07
-6.304301952025005e-07
-6.527155661467501e-07
-6.750602282517947e-07
-6.974601808299379e-07
-7.199107061321052e-07
-7.424063237227955e-07
-7.649407448656548e-07
-7.875068233009753e-07
-8.100965041073905e-07
-8.327007714743332e-07
-8.553095943276868e-07
-8.779118732317259e-07
-9.004953835149063e-07
-9.230467200174542e-07
-9.455512395933515e-07
-9.679930067418492e-07
-9.903547384904641e-07
-1.012617752458642e-06
-1.034761916791136e-06
-1.056765603062751e-06
-1.078605646548638e-06
-1.100257311463059e-06
-1.121694266070215e-06
-1.14288856170706e-06
-1.163810628471467e-06
-1.184429280761031e-06
-1.204711741683643e-06
-1.224623680951705e-06
-1.244129274399164e-06
-1.263191280718178e-06
-1.281771147275252e-06
-1.2998291363632e-06
-1.317324472616876e-06
-1.334215494872926e-06
-1.350459765471365e-06
-1.366013950544311e-06
-1.380832848446395e-06
-1.394865429478177e-06
-1.408040563410954e-06
-1.420217319208428e-06
-1.431013550519703e-06
-1.43921531925245e-06
-1.440737072255393e-06
-1.421535815444281e-06
-1.332752938208255e-06
-1.002097222224877e-06
1.900987923410336e-07
4.540024023951383e-06
2.274621041716992e-05
0.0001040982058714628
0.0003367505286765633
-0.0003396004162966986
-0.0001049523883957021
-2.29021266317337e-05
-4.539803608021099e-06
-1.527526268852545e-07
1.04941022480594e-06
1.382585712308794e-06
1.471762762395668e-06
1.49071422059606e-06
1.488721069040424e-06
1.47995002588065e-06
1.468525036887199e-06
1.455673879389347e-06
1.441785441117029e-06
1.427005315205307e-06
1.411408650771627e-06
1.395050242301644e-06
1.377978890363461e-06
1.360241370457451e-06
1.341883392816105e-06
1.322949706183986e-06
1.303483977739279e-06
1.28352863171087e-06
1.263124698341722e-06
1.242311687905431e-06
1.22112748965411e-06
1.199608295709331e-06
1.177788550359357e-06
1.155700918707483e-06
1.133376275088294e-06
1.110843707290511e-06
1.088130532899003e-06
1.065262327954793e-06
1.042262964088105e-06
1.019154653826127e-06
9.959580028711488e-07
9.72692067012943e-07
9.493744112504296e-07
9.260211709806799e-07
9.026471147081294e-07
8.792657075182337e-07
8.558891751661851e-07
8.325285674211679e-07
8.091938193624264e-07
7.85893812351843e-07
7.626364314030672e-07
7.394286219222747e-07
7.162764471299386e-07
6.931851384050731e-07
6.701591465977325e-07
6.472021913777496e-07
6.243173031977419e-07
6.015068706730366e-07
5.787726814147436e-07
5.561159603173227e-07
5.335374096927432e-07
5.110372409099357e-07
4.886152094489952e-07
4.662706486740997e-07
4.440024963136217e-07
4.218093252426758e-07
3.996893705206308e-07
3.776405513775228e-07
3.556604975514106e-07
3.337465724016513e-07
3.118958922357213e-07
2.901053481814176e-07
2.683716253902144e-07
2.46691219499937e-07
2.250604553651191e-07
2.034755045499656e-07
1.819323998807883e-07
1.604270505285426e-07
1.38955257028334e-07
1.175127247461609e-07
9.609507756782528e-08
7.469787169186372e-08
5.331660804946159e-08
3.194674446523143e-08
1.058370849524297e-08
-1.077709008477392e-08
-3.214024746813319e-08
-5.351035387598799e-08
-7.489198145212708e-08
-9.628967211237526e-08
-1.177079250714187e-07
-1.391511839971898e-07
-1.606238243372931e-07
-1.821301407665006e-07
-2.036743334077118e-07
-2.252604931365554e-07
-2.468925869068084e-07
-2.68574442963955e-07
-2.903097354468468e-07
-3.121019679894294e-07
-3.339544560403836e-07
-3.558703080259284e-07
-3.778524062359309e-07
-3.999033871629854e-07
-4.220256208210236e-07
-4.442211873114578e-07
-4.664918522974441e-07
-4.888390418261878e-07
-5.112638161661867e-07
-5.337668423208062e-07
-5.563483633171947e-07
-5.790081664716325e-07
-6.017455495552983e-07
-6.245592857550581e-07
-6.474475864891564e-07
-6.704080618381167e-07
-6.934376789999385e-07
-7.165327174265471e-07
-7.396887241036048e-07
-7.629004651524607e-07
-7.861618759255752e-07
-8.094660072245052e-07
-8.328049704067626e-07
-8.561698816512844e-07
-8.795508026517832e-07
-9.029366808436107e-07
-9.263152855750681e-07
-9.496731465978723e-07
-9.729954903134998e-07
-9.962661775586463e-07
-1.019467638912188e-06
-1.042580812768636e-06
-1.065585086101266e-06
-1.088458238395151e-06
-1.111176391530489e-06
-1.133713962725829e-06
-1.156043627797276e-06
-1.178136289895099e-06
-1.199961065407802e-06
-1.22148527895341e-06
-1.24267447697039e-06
-1.263492456013399e-06
-1.28390131648121e-06
-1.303861536692837e-06
-1.323332074591543e-06
-1.342270492446057e-06
-1.360633110502926e-06
-1.378375166466074e-06
-1.395450936567364e-06
-1.411813633976286e-06
-1.427414444689049e-06
-1.442198557517665e-06
-1.456090810482457e-06
-1.46894559641625e-06
-1.480374012620101e-06
-1.489148270540584e-06
-1.491144409340178e-06
-1.472195696683732e-06
-1.383021139805136e-06
-1.049847881387286e-06
1.523130190364768e-07
4.539362353256171e-06
2.29016667219214e-05
0.0001049518616847467
0.0003396011525422275
-0.0003424498305810704
-0.0001058048495063244
-2.305639640809557e-05
-4.537968918668403e-06
-1.138122097993032e-07
1.098292696744252e-06
1.433958747536143e-06
1.523496703788186e-06
1.542161444570706e-06
1.539656755314132e-06
1.530273525323485e-06
1.518174550944019e-06
1.504601900460092e-06
1.489951643887323e-06
1.474374463902019e-06
1.457949930613775e-06
1.440736976047154e-06
1.422788342188429e-06
1.404154555295804e-06
1.384884871662172e-06
1.36502736649721e-06
1.344628803111359e-06
1.323734465104918e-06
1.302388002966415e-06
1.280631309391401e-06
1.258504422834026e-06
1.236045458924224e-06
1.213290569439054e-06
1.190273922409951e-06
1.167027702688416e-06
1.143582128422872e-06
1.119965480398584e-06
1.096204143858674e-06
1.072322658929448e-06
1.048343778697842e-06
1.024288533494572e-06
1.000176298712846e-06
9.760248643090966e-07
9.518505067524903e-07
9.276680612976224e-07
9.034909940913583e-07
8.793314738758147e-07
8.552004424636637e-07
8.311076824297286e-07
8.070618835902751e-07
7.830707075462469e-07
7.591408474379911e-07
7.352780904411376e-07
7.114873724395399e-07
6.877728303859847e-07
6.641378568658479e-07
6.405851450876605e-07
6.171167367582849e-07
5.9373406646733e-07
5.704380001622912e-07
5.472288771014206e-07
5.241065449033428e-07
5.010703931362864e-07
4.78119389360353e-07
4.552521069691823e-07
4.324667534997251e-07
4.097612009200694e-07
3.871330088408139e-07
3.645794486146838e-07
3.420975283560322e-07
3.196840122283584e-07
2.973354407306824e-07
2.750481517939459e-07
2.528182977585459e-07
2.30641862416538e-07
2.085146786955742e-07
1.864324433327191e-07
1.643907314648184e-07
1.423850122358677e-07
1.204106622069816e-07
9.846297780441067e-08
7.653718876241205e-08
5.462847090495317e-08
3.273195825331781e-08
1.084275548046291e-08
-1.104405006665169e-08
-3.293337727154851e-08
-5.483013957547231e-08
-7.673923254156598e-08
-9.866552166900618e-08
-1.206138305599991e-07
-1.425889289722148e-07
-1.645955204924149e-07
-1.866382295122014e-07
-2.087215872205939e-07
-2.308500176025035e-07
-2.530278235057336e-07
-2.752591722153349e-07
-2.975480795607661e-07
-3.198983931459537e-07
-3.423137748355588e-07
-3.647976825790586e-07
-3.873533517224715e-07
-4.099837748918094e-07
-4.32691680235272e-07
-4.554795077327414e-07
-4.783493852257645e-07
-5.013031033265423e-07
-5.243420883644585e-07
-5.474673734049588e-07
-5.706795666454252e-07
-5.939788195500491e-07
-6.173647924239148e-07
-6.408366177768883e-07
-6.643928608443515e-07
-6.880314779734293e-07
-7.117497738332521e-07
-7.355443549181356e-07
-7.5941108196404e-07
-7.83345017580155e-07
-8.07340372626219e-07
-8.313904494587946e-07
-8.554875837095694e-07
-8.796230833324209e-07
-9.037871626683777e-07
-9.279688766219153e-07
-9.521560511338247e-07
-9.763352155182986e-07
-1.00049153013864e-06
-1.02460871448779e-06
-1.048668972981202e-06
-1.072652924094431e-06
-1.096539531067746e-06
-1.120306033598803e-06
-1.143927884547806e-06
-1.167378690560042e-06
-1.190630163481198e-06
-1.213652076707793e-06
-1.236412237089269e-06
-1.258876465435798e-06
-1.281008598844508e-06
-1.302770509967619e-06
-1.324122150161157e-06
-1.345021615171498e-06
-1.36542524264512e-06
-1.385287733378097e-06
-1.404562309486831e-06
-1.423200883833927e-06
-1.441154185339543e-06
-1.458371672494833e-06
-1.474800591213129e-06
-1.490381992499141e-06
-1.505036290094655e-06
-1.518612788213663e-06
-1.530715399740414e-06
-1.540102041054035e-06
-1.54260990252139e-06
-1.523948081085052e-06
-1.434412776984246e-06
-1.098749095736722e-06
1.133537372531014e-07
4.537508693058057e-06
2.305591729492213e-05
0.0001058043029762608
0.0003424505577357766
-0.0003452979531415714
-0.0001066560235260595
-2.320938889513138e-05
-4.534872246174437e-06
-7.36303781964318e-08
1.148391058645535e-06
1.486517556136766e-06
1.576382126432311e-06
1.594722139823754e-06
1.591664671737364e-06
1.581625285860746e-06
1.568806136907782e-06
1.554464085771542e-06
1.53900287110098e-06
1.522578728362202e-06
1.505276082158579e-06
1.487158400737689e-06
1.468282727803667e-06
1.448703660414632e-06
1.428474280387743e-06
1.407646228793991e-06
1.38626956568281e-06
1.364392597436309e-06
1.342061723209369e-06
1.31932131440855e-06
1.296213626336952e-06
1.272778740638707e-06
1.249054536933867e-06
1.225076686861682e-06
1.200878669638276e-06
1.176491803487863e-06
1.151945290838243e-06
1.127266275694052e-06
1.102479909254328e-06
1.077609421961303e-06
1.052676200902431e-06
1.027699870325432e-06
1.002698373527817e-06
9.776880559711579e-07
9.526837476938621e-07
9.276988449842202e-07
9.027453892064314e-07
8.778341452962021e-07
8.529746770538383e-07
8.281754187415464e-07
8.034437472599033e-07
7.787860450729284e-07
7.542077659458537e-07
7.29713495907827e-07
7.053070075622777e-07
6.809913177233691e-07
6.567687366925995e-07
6.326409154625553e-07
6.086088937914727e-07
5.846731399662032e-07
5.608335934871911e-07
5.370897040401275e-07
5.134404633281952e-07
4.898844414811618e-07
4.664198179459998e-07
4.430444083994055e-07
4.197556961111115e-07
3.965508570778147e-07
3.734267818526491e-07
3.503801008278943e-07
3.274072052988616e-07
3.045042667011988e-07
2.816672578236956e-07
2.588919702708883e-07
2.361740302065042e-07
2.135089156750082e-07
1.908919722729728e-07
1.683184275264602e-07
1.457834056461476e-07
1.232819405272875e-07
1.008089878703735e-07
7.835943831231351e-08
5.592813061014875e-08
3.350986340263049e-08
1.109940644075363e-08
-1.130848792112601e-08
-3.3719073369747e-08
-5.613759776664706e-08
-7.856929138773128e-08
-1.010193555001234e-07
-1.234929510791607e-07
-1.459951870383371e-07
-1.685311076792544e-07
-1.911056796926119e-07
-2.137237789464685e-07
-2.363901775191782e-07
-2.591095298666182e-07
-2.818863577682351e-07
-3.047250343562497e-07
-3.276297681063168e-07
-3.506045861032584e-07
-3.736533159188753e-07
-3.967795663223872e-07
-4.199867066157933e-07
-4.432778452364164e-07
-4.666558067703661e-07
-4.901231079652259e-07
-5.136819315607288e-07
-5.373340979546392e-07
-5.610810361890228e-07
-5.849237526338698e-07
-6.088627984506673e-07
-6.32898233403423e-07
-6.570295873415391e-07
-6.81255819696799e-07
-7.055752771139834e-07
-7.299856489358377e-07
-7.544839177151857e-07
-7.79066308258475e-07
-8.037282325274058e-07
-8.284642337524891e-07
-8.532679261656096e-07
-8.781319315064519e-07
-9.030478124417775e-07
-9.280060013900086e-07
-9.529957296976193e-07
-9.780049514375087e-07
-1.003020267014959e-06
-1.028026841694852e-06
-1.053008325054878e-06
-1.07794676786679e-06
-1.102822540160945e-06
-1.127614248758229e-06
-1.152298655578927e-06
-1.17685060173724e-06
-1.201242935202068e-06
-1.225446446798279e-06
-1.249429809302025e-06
-1.273159534266726e-06
-1.296599938471228e-06
-1.319713130976462e-06
-1.342459018648703e-06
-1.364795335807464e-06
-1.386677696685765e-06
-1.408059689238053e-06
-1.42889299398548e-06
-1.449127534655428e-06
-1.468711654971571e-06
-1.487592259150377e-06
-1.505714732687756e-06
-1.523022017892576e-06
-1.539450632007202e-06
-1.554916131014662e-06
-1.569262261860888e-06
-1.582085270330536e-06
-1.592128280280781e-06
-1.595189120613099e-06
-1.576852210503239e-06
-1.486990460928018e-06
-1.148866487293185e-06
7.31527412778916e-08
4.534392743723168e-06
2.320889026808869e-05
0.0001066554568612015
0.000345298670881448
-0.00034814470493839
-0.0001075058319646672
-2.336102676162642e-05
-4.53043805869892e-06
-3.213399751840931e-08
1.199775503954868e-06
1.540328910358964e-06
1.630481972844762e-06
1.648455087002397e-06
1.644799183160957e-06
1.634055080026202e-06
1.620464873289765e-06
1.605300788698322e-06
1.588974784794157e-06
1.571649170688364e-06
1.553413708488712e-06
1.534336842454622e-06
1.514480311051363e-06
1.493903127218875e-06
1.472662495597308e-06
1.450813873727443e-06
1.428410823868602e-06
1.405504838197978e-06
1.382145188327692e-06
1.358378813109132e-06
1.334250242358951e-06
1.309801553810098e-06
1.285072361081751e-06
1.260099824966504e-06
1.23491868710698e-06
1.209561320108089e-06
1.184057791483008e-06
1.158435938915557e-06
1.132721452508268e-06
1.106937962798684e-06
1.081107133150971e-06
1.055248754608916e-06
1.029380841465795e-06
1.003519726177152e-06
9.776801520853892e-07
9.518753652102444e-07
9.261172015199632e-07
9.004161739579954e-07
8.747815554657596e-07
8.492214559252568e-07
8.237429000194299e-07
7.983518962353008e-07
7.730535043190483e-07
7.478519031261221e-07
7.227504476938215e-07
6.9775172802751e-07
6.728576225381358e-07
6.480693456768558e-07
6.233874990887624e-07
5.98812113931406e-07
5.743426927163759e-07
5.499782508966607e-07
5.257173489885639e-07
5.01558127868324e-07
4.774983430740507e-07
4.535353920202186e-07
4.296663435410359e-07
4.058879647167644e-07
3.821967423835264e-07
3.585889074430528e-07
3.350604580379558e-07
3.116071782743998e-07
2.882246575495868e-07
2.649083087001565e-07
2.416533839039731e-07
2.184549912459179e-07
1.953081108632729e-07
1.722076087933453e-07
1.491482502125563e-07
1.261247126774252e-07
1.031315987793518e-07
8.016344863379478e-08
5.72147521881824e-08
3.427996041591602e-08
1.135349601859606e-08
-1.157023524779571e-08
-3.449683262634755e-08
-5.743188936439691e-08
-8.038098236404043e-08
-1.033496611844148e-07
-1.263434364120342e-07
-1.493677677106087e-07
-1.724280519595201e-07
-1.955296112833186e-07
-2.186776806772927e-07
-2.418773949246171e-07
-2.65133774274311e-07
-2.884517095409674e-07
-3.118359473733596e-07
-3.352910751630686e-07
-3.588215040080699e-07
-3.824314498958195e-07
-4.061249143935795e-07
-4.299056647960213e-07
-4.537772135630903e-07
-4.777427950649542e-07
-5.018053406253771e-07
-5.259674517295423e-07
-5.502313720692036e-07
-5.74598958957995e-07
-5.990716512337275e-07
-6.236504350519377e-07
-6.483358064185884e-07
-6.731277325412173e-07
-6.980256108270605e-07
-7.230282245668569e-07
-7.481336956323011e-07
-7.733394326375692e-07
-7.986420783304876e-07
-8.240374524254389e-07
-8.495204918535069e-07
-8.750851856833851e-07
-9.007245070577823e-07
-9.264303426148007e-07
-9.521934165406354e-07
-9.78003212718245e-07
-1.003847890297123e-06
-1.029714199348105e-06
-1.055587391595876e-06
-1.081451130672243e-06
-1.107287397151003e-06
-1.133076393401498e-06
-1.158796448622703e-06
-1.184423924637986e-06
-1.20993312481898e-06
-1.235296203978652e-06
-1.260483087204211e-06
-1.285461391516073e-06
-1.310196365111939e-06
-1.334650836781446e-06
-1.358785182367687e-06
-1.382557309955568e-06
-1.405922678431832e-06
-1.428834336010984e-06
-1.451242996171369e-06
-1.473097152712977e-06
-1.494343228080578e-06
-1.514925745886313e-06
-1.534787486745763e-06
-1.553869422555643e-06
-1.572109796221081e-06
-1.589440145539298e-06
-1.60577069112444e-06
-1.62093910633372e-06
-1.63453341340953e-06
-1.64528136690379e-06
-1.648940855720326e-06
-1.63097104521346e-06
-1.540820986791811e-06
-1.200270268384218e-06
3.163688007590364e-08
4.529938951943941e-06
2.336050828547642e-05
0.0001075052448248685
0.0003481454129263734
-0.0003509900005618746
-0.0001083541900449301
-2.351122656343265e-05
-4.524584979431589e-06
1.075555898892197e-08
1.252521292233959e-06
1.595464162350895e-06
1.68586323346385e-06
1.703422551520828e-06
1.69911755928097e-06
1.687615002715024e-06
1.673197589141602e-06
1.65715356337287e-06
1.639903728830182e-06
1.621617053436414e-06
1.602389174022042e-06
1.582293994845684e-06
1.561398377044639e-06
1.539766120269109e-06
1.517458866367032e-06
1.49453614890376e-06
1.471055239675773e-06
1.447070975840644e-06
1.42263561747879e-06
1.397798748363161e-06
1.372607216227539e-06
1.347105108604299e-06
1.321333761223466e-06
1.295331791023764e-06
1.269135152030643e-06
1.24277720786206e-06
1.216288817185168e-06
1.189698428754606e-06
1.163032182759942e-06
1.136314017295699e-06
1.109565777589446e-06
1.08280732669014e-06
1.05605665580295e-06
1.029329991171289e-06
1.002641897692686e-06
9.760053818725373e-07
9.49431988876279e-07
9.229318974125703e-07
8.965140110938918e-07
8.701860403538755e-07
8.439545852174623e-07
8.178252121160457e-07
7.918025236188172e-07
7.658902308717288e-07
7.400912144260685e-07
7.144075835284962e-07
6.888407334506549e-07
6.63391395235225e-07
6.3805968812443e-07
6.128451651015351e-07
5.877468529773637e-07
5.62763295161051e-07
5.37892586879914e-07
5.131324086219006e-07
4.884800621085231e-07
4.639324988628281e-07
4.394863469075359e-07
4.151379388977223e-07
3.908833352055105e-07
3.667183466353779e-07
3.426385579326379e-07
3.186393465581601e-07
2.947159001689301e-07
2.708632356170768e-07
2.470762155821065e-07
2.233495637319789e-07
1.996778801303433e-07
1.76055654869479e-07
1.524772806139565e-07
1.289370662492581e-07
1.0542924963454e-07
8.19480086630996e-08
5.848747230173279e-08
3.504173190354728e-08
1.160485216784547e-08
-1.182911784323855e-08
-3.526613372967772e-08
-5.871214594056457e-08
-8.21730899509408e-08
-1.056548748417543e-07
-1.29163371531514e-07
-1.527044017922743e-07
-1.762837277658392e-07
-1.999070405415049e-07
-2.235799475991521e-07
-2.473079593825112e-07
-2.710964755616331e-07
-2.949507715800543e-07
-3.188759846401074e-07
-3.428770982123e-07
-3.669589244433358e-07
-3.911260859206881e-07
-4.153829975804845e-07
-4.397338474014431e-07
-4.641825752542662e-07
-4.887328489785611e-07
-5.133880397079466e-07
-5.381511957682511e-07
-5.6302501512402e-07
-5.880118157417088e-07
-6.131135021341134e-07
-6.383315309438522e-07
-6.636668738275024e-07
-6.891199783111588e-07
-7.146907245791549e-07
-7.403783788398819e-07
-7.661815449332245e-07
-7.920981116079119e-07
-8.181251979134767e-07
-8.442590920042768e-07
-8.704951875274221e-07
-8.968279153518459e-07
-9.232506723666241e-07
-9.497557457935272e-07
-9.763342303669046e-07
-1.002975943511518e-06
-1.029669334377174e-06
-1.056401392558665e-06
-1.083157548940267e-06
-1.109921574052396e-06
-1.136675471268892e-06
-1.163399370288935e-06
-1.19007141853798e-06
-1.21666767069804e-06
-1.243161979995399e-06
-1.269525889286704e-06
-1.295728532001134e-06
-1.32173653557125e-06
-1.347513935986954e-06
-1.373022103221369e-06
-1.398219690833917e-06
-1.423062598225331e-06
-1.447503964737748e-06
-1.471494194137329e-06
-1.49498101105174e-06
-1.51790955948469e-06
-1.540222553380236e-06
-1.561860443454271e-06
-1.582761568344363e-06
-1.602862109695341e-06
-1.622095188983609e-06
-1.64038688415377e-06
-1.657641537984932e-06
-1.673690160978808e-06
-1.688111931477143e-06
-1.699618584855394e-06
-1.703927393468818e-06
-1.686371592988178e-06
-1.595975722044465e-06
-1.253035718337257e-06
-1.12724956076785e-08
4.524065921544888e-06
2.351068788354124e-05
0.0001083535820690081
0.0003509906984319252
-0.0003538337474536693
-0.000109201005939093
-2.365989801267871e-05
-4.517225106179644e-06
5.512302547323719e-08
1.306709287661989e-06
1.651999697870229e-06
1.742597310368628e-06
1.759690555027522e-06
1.754680154907153e-06
1.742359564139819e-06
1.727052875460765e-06
1.710065101736589e-06
1.69182660037644e-06
1.672513655406394e-06
1.652228375339127e-06
1.631050655977899e-06
1.609052945113464e-06
1.586304224938917e-06
1.562870903451323e-06
1.538816855234412e-06
1.514203267363582e-06
1.489088473801901e-06
1.463527826885643e-06
1.437573616657297e-06
1.41127503312195e-06
1.384678166180185e-06
1.357826039821333e-06
1.330758672288643e-06
1.303513158595974e-06
1.276123768657611e-06
1.248622057347959e-06
1.221036982303616e-06
1.1933950270504e-06
1.165720328099448e-06
1.138034803277263e-06
1.1103582790641e-06
1.082708615347296e-06
1.05510182668817e-06
1.027552198032015e-06
1.000072398079067e-06
9.726735881265812e-07
9.453655227556239e-07
9.181566502482838e-07
8.910542007378416e-07
8.640642732144422e-07
8.371919198194951e-07
8.104412190724401e-07
7.838153501716151e-07
7.573166587995873e-07
7.309467170947557e-07
7.047063848228516e-07
6.785958616160021e-07
6.526147386142257e-07
6.267620472345479e-07
6.010362986032789e-07
5.75435526484589e-07
5.499573263327064e-07
5.245988870769682e-07
4.993570261995434e-07
4.742282202519209e-07
4.492086303175044e-07
4.242941302506825e-07
3.994803314319501e-07
3.747626037520364e-07
3.50136097947268e-07
3.255957651169777e-07
3.011363739694262e-07
2.767525294942539e-07
2.524386893630219e-07
2.281891778366242e-07
2.039982001966128e-07
1.798598568889008e-07
1.557681561931174e-07
1.317170268174227e-07
1.077003296842185e-07
8.371186815540131e-08
5.974539888609531e-08
3.579464329552264e-08
1.185329812922837e-08
-1.20849546855114e-08
-3.602643854700122e-08
-5.997747248261559e-08
-8.394436076092024e-08
-1.07933381809296e-07
-1.319507777731349e-07
-1.560027448453243e-07
-1.800954229919128e-07
-2.042348842316593e-07
-2.284271202240249e-07
-2.526780299789533e-07
-2.769934074393215e-07
-3.013789284774442e-07
-3.258401363472868e-07
-3.503824260351126e-07
-3.750110277965455e-07
-3.997309903296937e-07
-4.245471629710884e-07
-4.49464175615812e-07
-4.744864173902202e-07
-4.996180136975747e-07
-5.248628025297745e-07
-5.502243082729271e-07
-5.757057129924833e-07
-6.013098263886907e-07
-6.270390528327766e-07
-6.528953576161889e-07
-6.788802290344411e-07
-7.049946372150938e-07
-7.312389895915033e-07
-7.576130840621469e-07
-7.841160601456248e-07
-8.107463438914381e-07
-8.375015897257981e-07
-8.643786165346053e-07
-8.913733425094926e-07
-9.184807138947591e-07
-9.456946285846773e-07
-9.730078542325467e-07
-1.000411940124241e-06
-1.027897127496193e-06
-1.055452251352879e-06
-1.083064639046035e-06
-1.11072000077823e-06
-1.138402318023346e-06
-1.166093725471449e-06
-1.193774390953463e-06
-1.221422390047948e-06
-1.249013577251267e-06
-1.276521461070388e-06
-1.303917077114935e-06
-1.331168863535575e-06
-1.358242540056208e-06
-1.38510100188993e-06
-1.411704216937478e-06
-1.438009148745004e-06
-1.46396969675959e-06
-1.489536657353209e-06
-1.514657723182249e-06
-1.539277528795221e-06
-1.563337723487275e-06
-1.586777100923208e-06
-1.609531768419072e-06
-1.631535299952309e-06
-1.652718695008485e-06
-1.673009485141729e-06
-1.692327752223379e-06
-1.710571367931468e-06
-1.727564026609131e-06
-1.742875349151587e-06
-1.755200300497424e-06
-1.760214765640376e-06
-1.743125271348527e-06
-1.652531073167403e-06
-1.307243721542775e-06
-5.566013931615736e-08
4.516685725651832e-06
2.36593387460384e-05
0.0001092003767400298
0.0003538344348174522
-0.0003566758450077272
-0.0001100461798887059
-2.380694313715582e-05
-4.508263230953754e-06
1.010599457530654e-07
1.362426568397705e-06
1.710017441710343e-06
1.800760412304055e-06
1.817329159075802e-06
1.811550585892881e-06
1.798345764333234e-06
1.78208106684318e-06
1.764079132395256e-06
1.744780676751789e-06
1.724370037927733e-06
1.702956458773431e-06
1.680626409327531e-06
1.657458424523248e-06
1.633527087772959e-06
1.608903913194159e-06
1.58365738275819e-06
1.557852797969044e-06
1.531552128556734e-06
1.504813904732404e-06
1.477693161986553e-06
1.450241431864751e-06
1.422506773153258e-06
1.394533838408882e-06
1.366363966556575e-06
1.338035296469458e-06
1.309582894752376e-06
1.281038893699453e-06
1.252432635471407e-06
1.223790820288026e-06
1.195137656138736e-06
1.166495006958108e-06
1.137882538246072e-06
1.109317857066093e-06
1.080816648382645e-06
1.05239280470246e-06
1.024058549809496e-06
9.958245585353994e-07
9.677000644315837e-07
9.396929672740545e-07
9.118099306068112e-07
8.840564717713015e-07
8.564370522481356e-07
8.289551551221121e-07
8.016133603016017e-07
7.744134156147646e-07
7.473562983238202e-07
7.204422788327513e-07
6.936709751669544e-07
6.67041403257757e-07
6.405520280687041e-07
6.142008048789339e-07
5.879852209258755e-07
5.619023364683299e-07
5.359488164720875e-07
5.10120963504997e-07
4.844147502416324e-07
4.588258455321254e-07
4.33349640857898e-07
4.079812754273362e-07
3.82715656685002e-07
3.575474812752923e-07
3.32471255530708e-07
3.074813129528781e-07
2.825718307814111e-07
2.577368456830968e-07
2.329702675229722e-07
2.0826589348187e-07
1.836174221763972e-07
1.590184657723012e-07
1.344625607849773e-07
1.09943178945157e-07
8.545373806223889e-08
6.098761284420341e-08
3.653814510457527e-08
1.209865310162783e-08
-1.23375594793884e-08
-3.67771941714244e-08
-6.122694787127438e-08
-8.56935029158452e-08
-1.101835174916606e-07
-1.347036165863107e-07
-1.592603822267277e-07
-1.838603427407625e-07
-2.085099618323404e-07
-2.332156276590157e-07
-2.579836416844018e-07
-2.828202062897177e-07
-3.077314114462578e-07
-3.32723220610056e-07
-3.578014565203693e-07
-3.829717859005326e-07
-4.082397026574046e-07
-4.336105093867425e-07
-4.590892978177116e-07
-4.846809291754864e-07
-5.103900120106855e-07
-5.362208778902735e-07
-5.621775544855884e-07
-5.882637371732427e-07
-6.144827603077147e-07
-6.408375646201972e-07
-6.673306623047399e-07
-6.939640977065266e-07
-7.207394060499761e-07
-7.476575694862932e-07
-7.74718969572744e-07
-8.019233359881863e-07
-8.292696889399751e-07
-8.567562797688843e-07
-8.843805261502267e-07
-9.12138943772952e-07
-9.400270702868242e-07
-9.68039384137588e-07
-9.961692194844913e-07
-1.024408673707459e-06
-1.052748510290858e-06
-1.081178051661288e-06
-1.109685069037908e-06
-1.138255664698542e-06
-1.166874150344242e-06
-1.195522914381564e-06
-1.224182284885751e-06
-1.252830390677438e-06
-1.281443016233156e-06
-1.309993453415312e-06
-1.338452352375882e-06
-1.366787574148191e-06
-1.394964040189961e-06
-1.422943601785698e-06
-1.450684910015221e-06
-1.478143297459096e-06
-1.505270689409939e-06
-1.532015543876015e-06
-1.558322810382611e-06
-1.584133941659372e-06
-1.609386949193187e-06
-1.63401651243321e-06
-1.657954131680419e-06
-1.681128272446413e-06
-1.703464329453819e-06
-1.72488374771034e-06
-1.745300033803167e-06
-1.764603921509645e-06
-1.782611049039663e-06
-1.798880677154991e-06
-1.812090144186929e-06
-1.817873052758007e-06
-1.801308308820857e-06
-1.710568984881929e-06
-1.362981379501676e-06
-1.016176220646133e-07
4.50770313033757e-06
2.38063628803683e-05
0.0001100455290521459
0.0003566765214477188
-0.0003595161835260093
-0.0001108896031850977
-2.395225531058941e-05
-4.497595944677738e-06
1.48665472982222e-07
1.419767113562415e-06
1.769605420025847e-06
1.860433986371945e-06
1.876412765027327e-06
1.869795900355827e-06
1.855633143628115e-06
1.838334182434659e-06
1.819240265495217e-06
1.798803379502783e-06
1.777216744280283e-06
1.754597470947215e-06
1.73103923907513e-06
1.706627206350894e-06
1.681441995831189e-06
1.65556057427878e-06
1.629056293208047e-06
1.601998754673453e-06
1.574453682973022e-06
1.546482846129872e-06
1.518144034688795e-06
1.489491089980319e-06
1.460573974693298e-06
1.431438878557169e-06
1.4021283492193e-06
1.372681442061755e-06
1.343133882102813e-06
1.31351823391552e-06
1.283864076274816e-06
1.254198177630388e-06
1.224544669731347e-06
1.194925217466319e-06
1.165359184060961e-06
1.135863787731668e-06
1.106454254317e-06
1.077143960200503e-06
1.04794456673321e-06
1.018866150263287e-06
9.899173187496436e-07
9.611053249722408e-07
9.32436173861228e-07
9.039147158846864e-07
8.755447410035985e-07
8.473290612089183e-07
8.192695875346841e-07
7.91367405156756e-07
7.636228372947039e-07
7.360355088842282e-07
7.086044039417417e-07
6.813279153723849e-07
6.542038968457689e-07
6.272297072582871e-07
6.00402250091973e-07
5.737180141606946e-07
5.471731072281769e-07
5.207632871303709e-07
4.944839948988736e-07
4.683303817265413e-07
4.42297332718197e-07
4.163794915907511e-07
3.905712823066278e-07
3.648669289270272e-07
3.392604756709723e-07
3.13745803944489e-07
2.883166469861337e-07
2.629666051752699e-07
2.376891606375374e-07
2.124776904474366e-07
1.873254792304834e-07
1.622257304894079e-07
1.371715767634432e-07
1.121560902820869e-07
8.717229397912084e-08
6.221317109204239e-08
3.727167345441525e-08
1.234073028748267e-08
-1.258674244311863e-08
-3.751783283016471e-08
-6.245962441876135e-08
-8.741918772381664e-08
-1.124035715128387e-07
-1.374197936374356e-07
-1.624748311156367e-07
-1.875756106262591e-07
-2.127289992722372e-07
-2.379417944970835e-07
-2.632207125610618e-07
-2.885723762207708e-07
-3.140033025517981e-07
-3.395198904055003e-07
-3.651284070684627e-07
-3.908349726135105e-07
-4.166455429699809e-07
-4.425658925849316e-07
-4.686015966298284e-07
-4.947580118964847e-07
-5.210402538579303e-07
-5.474531722608086e-07
-5.740013253381992e-07
-6.00688953122814e-07
-6.2751994851398e-07
-6.544978234754484e-07
-6.816256737944491e-07
-7.089061407263874e-07
-7.363413704085043e-07
-7.639329687138468e-07
-7.916819517115956e-07
-8.195886934673043e-07
-8.476528685998278e-07
-8.758733919407803e-07
-9.042483503342554e-07
-9.327749305529881e-07
-9.614493406733591e-07
-9.90266726751291e-07
-1.019221083451402e-06
-1.048305154602672e-06
-1.077510328681027e-06
-1.106826525625334e-06
-1.136242080282764e-06
-1.16574361290263e-06
-1.195315893636809e-06
-1.224941698435442e-06
-1.254601658155086e-06
-1.284274100911815e-06
-1.313934888834268e-06
-1.343557246252476e-06
-1.373111583220276e-06
-1.402565328308605e-06
-1.43188274909264e-06
-1.461024778158632e-06
-1.489948854127593e-06
-1.518608775742807e-06
-1.546954565241412e-06
-1.574932367368803e-06
-1.602484375274103e-06
-1.629548804302237e-06
-1.656059912498262e-06
-1.681948076558386e-06
-1.707139924015333e-06
-1.731558468015988e-06
-1.755123062280493e-06
-1.777748527039373e-06
-1.799341157574076e-06
-1.819783816721212e-06
-1.838883259355804e-06
-1.856187472218934e-06
-1.870355181685083e-06
-1.876976673742451e-06
-1.861002171389345e-06
-1.770177504066591e-06
-1.42034269363187e-06
-1.492441199144905e-07
4.497014702365556e-06
2.395165362627585e-05
0.0001108889302681999
0.0003595168485954761
-0.0003623546430004952
-0.0001117311569803359
-2.409571812466572e-05
-4.485110602279904e-06
1.980472846799073e-07
1.478832578430036e-06
1.830858383349094e-06
1.921705183337592e-06
1.93702042254264e-06
1.929486736781307e-06
1.9142838005216e-06
1.895865817114667e-06
1.875593774152689e-06
1.853931965152672e-06
1.831083419172917e-06
1.807173925378845e-06
1.782305060915432e-06
1.756569174195095e-06
1.730053380992608e-06
1.702840447125161e-06
1.67500884368319e-06
1.646632637386395e-06
1.617781396004054e-06
1.588520150547962e-06
1.558909419085058e-06
1.529005282821314e-06
1.498859504843764e-06
1.468519682741881e-06
1.438029423925252e-06
1.407428537669381e-06
1.376753236864601e-06
1.346036344402551e-06
1.31530750082932e-06
1.28459336974452e-06
1.253917837091809e-06
1.223302203507082e-06
1.192765371538294e-06
1.162324020455143e-06
1.1319927735178e-06
1.101784355802368e-06
1.071709737941459e-06
1.041778277119183e-06
1.011997843919404e-06
9.823749406312717e-07
9.529148156851325e-07
9.23621562099842e-07
8.944982133708661e-07
8.655468320729283e-07
8.367685887334905e-07
8.081638392292106e-07
7.797321912698058e-07
7.514725666026075e-07
7.233832617959286e-07
6.954619987623103e-07
6.677059753567009e-07
6.401119123416946e-07
6.126760912419618e-07
5.853943936423299e-07
5.582623373841189e-07
5.31275106699032e-07
5.044275835437789e-07
4.777143750593126e-07
4.511298359744424e-07
4.246680927429941e-07
3.983230661314651e-07
3.720884896605262e-07
3.459579278080022e-07
3.199247926683909e-07
2.939823582921943e-07
2.681237755571878e-07
2.423420864102842e-07
2.16630235399345e-07
1.909810807410901e-07
1.653874056413448e-07
1.398419287410501e-07
1.143373138950118e-07
8.886617963875076e-08
6.342110736480134e-08
3.799464919765527e-08
1.257933702009151e-08
-1.28323087113116e-08
-3.824777124620358e-08
-6.367453037166134e-08
-8.912005443225693e-08
-1.145917915043911e-07
-1.400971604702413e-07
-1.656435426527802e-07
-1.912382740536212e-07
-2.168886364605581e-07
-2.426018470869221e-07
-2.683850475107543e-07
-2.942452930717458e-07
-3.201895421124873e-07
-3.462246436201894e-07
-3.72357323679744e-07
-3.985941706495486e-07
-4.24941619842417e-07
-4.514059375950784e-07
-4.779932034809845e-07
-5.047092907921306e-07
-5.315598442723165e-07
-5.585502576183169e-07
-5.856856488675644e-07
-6.12970833147586e-07
-6.404102931297115e-07
-6.680081460398873e-07
-6.957681101409208e-07
-7.236934666122134e-07
-7.517870174824759e-07
-7.800510394922075e-07
-8.084872352740826e-07
-8.37096681809911e-07
-8.658797713464669e-07
-8.948361483425538e-07
-9.23964639263368e-07
-9.532631798174499e-07
-9.827287345855574e-07
-1.012357209097108e-06
-1.042143354357963e-06
-1.072080663518313e-06
-1.102161263644638e-06
-1.132375794141628e-06
-1.162713280108475e-06
-1.193160993776332e-06
-1.223704307319017e-06
-1.254326535820171e-06
-1.285008772994374e-06
-1.315729710901582e-06
-1.346465454031218e-06
-1.377189333406461e-06
-1.407871701675023e-06
-1.43847972584768e-06
-1.468977182517228e-06
-1.499324253301731e-06
-1.529477317704344e-06
-1.559388765128465e-06
-1.589006816669943e-06
-1.618275376858612e-06
-1.647133911920777e-06
-1.67551737231241e-06
-1.703356170830467e-06
-1.730576220401094e-06
-1.757099027482107e-06
-1.782841804129436e-06
-1.807717409416504e-06
-1.831633471028479e-06
-1.85448838568235e-06
-1.8761563349598e-06
-1.896434261946542e-06
-1.914857844181481e-06
-1.930066066072435e-06
-1.937604695541123e-06
-1.922294029462691e-06
-1.83145140423127e-06
-1.479429345985531e-06
-1.986473398624213e-07
4.484507763048665e-06
2.409509454753507e-05
0.0001117304615077241
0.0003623552962201393
-0.0003651910916865484
-0.0001125707108966631
-2.423720407371139e-05
-4.470684121861785e-06
2.493226363930343e-07
1.539733176493348e-06
1.893878501570856e-06
1.984667359271671e-06
1.999236140323927e-06
1.990697453604495e-06
1.974362355791109e-06
1.954730960724512e-06
1.933185292026375e-06
1.91020312475646e-06
1.885998333131564e-06
1.860706272885576e-06
1.834437158477529e-06
1.807291124491416e-06
1.779362239700552e-06
1.750739406030593e-06
1.721506440763634e-06
1.691742005424826e-06
1.66151955928057e-06
1.630907376507391e-06
1.599968628247814e-06
1.568761518234155e-06
1.53733945968971e-06
1.505751283213165e-06
1.474041464240407e-06
1.442250364310146e-06
1.410414478023367e-06
1.378566679872947e-06
1.346736467728823e-06
1.314950199708094e-06
1.283231322321695e-06
1.251600587612779e-06
1.220076261265271e-06
1.18867431760084e-06
1.157408620121617e-06
1.126291094419342e-06
1.095331883176159e-06
1.064539495946938e-06
1.033920947110319e-06
1.003481878450527e-06
9.732266785438465e-07
9.431585875348654e-07
9.132797950068561e-07
8.835915336912498e-07
8.540941596421883e-07
8.247872305461726e-07
7.956695748570542e-07
7.667393532562325e-07
7.379941213789088e-07
7.094308816426567e-07
6.81046131256227e-07
6.528359101635607e-07
6.247958396997306e-07
5.969211599842902e-07
5.692067669293334e-07
5.416472418858169e-07
5.1423688018707e-07
4.869697189206523e-07
4.598395598578998e-07
4.328399921123571e-07
4.059644137212068e-07
3.792060490916101e-07
3.525579657794712e-07
3.260130910718862e-07
2.995642263521802e-07
2.732040604435419e-07
2.469251820615332e-07
2.207200907184857e-07
1.945812074767996e-07
1.685008858721328e-07
1.424714215748599e-07
1.164850605688495e-07
9.053400710214863e-08
6.461043172041897e-08
3.870647942828318e-08
1.281427749645899e-08
-1.307405749733343e-08
-3.896641298499231e-08
-6.48706732815442e-08
-9.079471186978723e-08
-1.167463835672847e-07
-1.427335171907849e-07
-1.687639083581471e-07
-1.948453118577388e-07
-2.20985432884363e-07
-2.471919177521882e-07
-2.734723447992997e-07
-2.998342147151617e-07
-3.262849395540706e-07
-3.528318305928138e-07
-3.794820863054984e-07
-4.062427794579517e-07
-4.331208425825157e-07
-4.601230517187213e-07
-4.87256008931336e-07
-5.145261245622161e-07
-5.419395967682532e-07
-5.695023894168625e-07
-5.972202070643834e-07
-6.250984680530548e-07
-6.531422768757263e-07
-6.813563925094268e-07
-7.097451946003565e-07
-7.383126444220466e-07
-7.670622434810466e-07
-7.959969891156403e-07
-8.251193258048408e-07
-8.544310918510207e-07
-8.839334585956135e-07
-9.136268676636268e-07
-9.435109611604727e-07
-9.735845062888126e-07
-1.003845310615991e-06
-1.034290131826841e-06
-1.064914580554714e-06
-1.095713011918349e-06
-1.126678410914224e-06
-1.157802263738062e-06
-1.189074422010935e-06
-1.220482957327975e-06
-1.252014004668497e-06
-1.283651584893255e-06
-1.315377424252348e-06
-1.347170765699892e-06
-1.379008156728865e-06
-1.410863230409915e-06
-1.442706481040731e-06
-1.47450502710157e-06
-1.506222363230482e-06
-1.537818117310242e-06
-1.56924779987651e-06
-1.600462567859476e-06
-1.631408994002589e-06
-1.662028858692588e-06
-1.692258973501144e-06
-1.722031045824955e-06
-1.751271595336522e-06
-1.779901939572544e-06
-1.807838237581203e-06
-1.834991563857663e-06
-1.861267823410322e-06
-1.886566854607115e-06
-1.91077841493593e-06
-1.933767117380672e-06
-1.9553190572988e-06
-1.974956427731515e-06
-1.991297173068157e-06
-1.999841148412135e-06
-1.985277264978867e-06
-1.894492882893477e-06
-1.540351577528536e-06
-2.499445665076936e-07
4.470059199729648e-06
2.423655810194667e-05
0.000112569992357074
0.0003651917325406441
-0.0003680253844195152
-0.0001134081213896778
-2.437657301430184e-05
-4.454181589130149e-06
3.026195735869051e-07
1.602588679572514e-06
1.95877613537887e-06
2.04942061265051e-06
2.063149193068601e-06
2.053506219377472e-06
2.035935847528449e-06
2.014985725070889e-06
1.992060401969609e-06
1.967652464277681e-06
1.941987783619384e-06
1.915212250827636e-06
1.887445504885793e-06
1.858796081530395e-06
1.829365458872047e-06
1.799248988483833e-06
1.768536022259652e-06
1.737309898516702e-06
1.70564796192693e-06
1.673621652703648e-06
1.641296662358772e-06
1.608733141770376e-06
1.575985947407413e-06
1.543104914863598e-06
1.510135147512792e-06
1.47711731343734e-06
1.444087942403752e-06
1.41107971726091e-06
1.37812175624683e-06
1.345239883411528e-06
1.312456887965871e-06
1.279792767206321e-06
1.247264955843128e-06
1.214888540226685e-06
1.182676453319865e-06
1.150639661689589e-06
1.118787333652451e-06
1.087126995343701e-06
1.055664678316165e-06
1.024405047315446e-06
9.933515235662588e-07
9.62506395644384e-07
9.31870919588609e-07
9.01445415113522e-07
8.712293475076374e-07
8.412214057207179e-07
8.114195744964204e-07
7.818211959855354e-07
7.52423031123978e-07
7.232213131121739e-07
6.942117934850926e-07
6.653897896444198e-07
6.367502254212888e-07
6.082876660214056e-07
5.799963533378108e-07
5.518702360920679e-07
5.239029965846188e-07
4.960880779058953e-07
4.684187073553848e-07
4.408879165597542e-07
4.134885611995771e-07
3.862133388624269e-07
3.590548049743056e-07
3.320053882451143e-07
3.050574041425641e-07
2.782030662743189e-07
2.514344977554524e-07
2.247437426175539e-07
1.981227758650304e-07
1.715635123550943e-07
1.450578150949919e-07
1.185975029984237e-07
9.217435824105433e-08
6.578013378685932e-08
3.940656036810953e-08
1.304535252406995e-08
-1.331178512976024e-08
-3.967315107111058e-08
-6.604704035543314e-08
-9.244173857412635e-08
-1.188655156455354e-07
-1.453266188999548e-07
-1.718332658598954e-07
-1.983936374519525e-07
-2.250158709127721e-07
-2.517080521186769e-07
-2.784782068975866e-07
-3.05334291229311e-07
-3.322841811580732e-07
-3.593356627772911e-07
-3.864964218362528e-07
-4.13774030717146e-07
-4.411759339226562e-07
-4.687094331678525e-07
-4.963816721591456e-07
-5.241996200345561e-07
-5.521700507001591e-07
-5.80299521063708e-07
-6.085943477559827e-07
-6.370605823181683e-07
-6.657039840656358e-07
-6.945299878582896e-07
-7.235436707498879e-07
-7.527497150018969e-07
-7.821523683532915e-07
-8.117553989330883e-07
-8.41562045395933e-07
-8.715749643118201e-07
-9.017961711360052e-07
-9.322269767246343e-07
-9.628679147077835e-07
-9.937186649655359e-07
-1.02477796843123e-06
-1.056043534969853e-06
-1.08751194311646e-06
-1.119178525692173e-06
-1.151037248835905e-06
-1.183080582095274e-06
-1.215299356300279e-06
-1.24768260039091e-06
-1.280217375739151e-06
-1.312888594663753e-06
-1.345678817354442e-06
-1.37856803889782e-06
-1.411533463686823e-06
-1.444549260347933e-06
-1.47758630294664e-06
-1.510611901796268e-06
-1.54358951564622e-06
-1.57647846598724e-06
-1.609233636397076e-06
-1.641805177270769e-06
-1.674138217990747e-06
-1.706172592676432e-06
-1.737842591672558e-06
-1.769076755798157e-06
-1.799797717362498e-06
-1.82992211613794e-06
-1.859360576246566e-06
-1.888017720424896e-06
-1.915792043098588e-06
-1.942574979046275e-06
-1.968246858572402e-06
-1.992661757230493e-06
-2.015593769870242e-06
-2.03655027572481e-06
-2.05412668874361e-06
-2.063775327075488e-06
-2.050051998467779e-06
-1.959412324988629e-06
-1.603229189428226e-06
-3.032638812119123e-07
4.453534062719321e-06
2.437590410807274e-05
0.0001134073792314849
0.0003680260123515329
-0.0003708573606181441
-0.0001142432298099747
-2.45136703488962e-05
-4.435454624333251e-06
3.580783324088004e-07
1.667529552256422e-06
2.025670686140204e-06
2.116072345976416e-06
2.128854404897957e-06
2.117995039759327e-06
2.099073531692104e-06
2.076686952877552e-06
2.052264090255375e-06
2.026313841316632e-06
1.9990753498685e-06
1.9707060888491e-06
1.941335948620994e-06
1.91108248759399e-06
1.880055028666985e-06
1.848355644749438e-06
1.81607935440839e-06
1.783314188983238e-06
1.75014130171684e-06
1.71663514912688e-06
1.682863737703445e-06
1.648888919742208e-06
1.614766722344747e-06
1.580547697807718e-06
1.546277282116717e-06
1.511996154437486e-06
1.47774058838672e-06
1.443542791647247e-06
1.409431231442078e-06
1.375430940190218e-06
1.341563806646166e-06
1.307848845186913e-06
1.274302445523427e-06
1.240938607002808e-06
1.207769148461443e-06
1.174803907745165e-06
1.142050922420888e-06
1.109516591627188e-06
1.077205830678534e-06
1.045122205938165e-06
1.01326806052545e-06
9.816446301821705e-07
9.502521447441385e-07
9.190899251583892e-07
8.881564683393105e-07
8.574495240911505e-07
8.26966169119543e-07
7.967028687768829e-07
7.666555351155164e-07
7.368195821585877e-07
7.071899717954458e-07
6.777612589967936e-07
6.485276330960266e-07
6.194829505287346e-07
5.906207677586346e-07
5.619343724898378e-07
5.334168093540408e-07
5.050609048588621e-07
4.768592900486047e-07
4.488044189056201e-07
4.208885870096141e-07
3.931039495415704e-07
3.654425357097787e-07
3.378962618961132e-07
3.104569441610932e-07
2.83116309095783e-07
2.558660045280013e-07
2.286976100241476e-07
2.016026451380124e-07
1.745725766326011e-07
1.475988265910752e-07
1.206727799192896e-07
9.37857904865337e-08
6.692918676980284e-08
4.009427752295061e-08
1.327235771071797e-08
-1.354528549680806e-08
-4.03673670059009e-08
-6.720259936236196e-08
-9.405968788974738e-08
-1.209473243583085e-07
-1.478741803757724e-07
-1.748489017938421e-07
-2.018801038382013e-07
-2.289763649117897e-07
-2.561462189756592e-07
-2.833981471803196e-07
-3.107405698023942e-07
-3.381818383971219e-07
-3.657302265112806e-07
-3.933939191500274e-07
-4.211810004413102e-07
-4.490994413970617e-07
-4.771570870397989e-07
-5.053616413665104e-07
-5.337206507113864e-07
-5.622414846250844e-07
-5.909313167755305e-07
-6.197971030351263e-07
-6.488455563428443e-07
-6.780831198427703e-07
-7.07515936912248e-07
-7.371498203890381e-07
-7.669902159104417e-07
-7.970421612693539e-07
-8.273102423306987e-07
-8.577985458178442e-07
-8.885106074280322e-07
-9.194493515802783e-07
-9.506170273428585e-07
-9.820151362783644e-07
-1.013644356899843e-06
-1.045504458919697e-06
-1.077594205749126e-06
-1.109911250683195e-06
-1.142452025960407e-06
-1.175211617340703e-06
-1.208183619977242e-06
-1.241359993717094e-06
-1.274730898984616e-06
-1.308284512737023e-06
-1.34200683181434e-06
-1.375881461606801e-06
-1.409889382223439e-06
-1.444008698883771e-06
-1.478214372053992e-06
-1.512477926009539e-06
-1.546767146310387e-06
-1.58104574903561e-06
-1.615273043889585e-06
-1.649403582158568e-06
-1.683386797524576e-06
-1.717166648128305e-06
-1.750681267144565e-06
-1.783862629122352e-06
-1.816636258651011e-06
-1.848920978777634e-06
-1.880628734039293e-06
-1.911664481103754e-06
-1.941926119434771e-06
-1.971304297188092e-06
-1.999681424633715e-06
-2.026927577656285e-06
-2.052885247060697e-06
-2.077315251532902e-06
-2.099708656227372e-06
-2.11863663446161e-06
-2.129502075279883e-06
-2.11672565722945e-06
-2.026329163571012e-06
-1.668192681367577e-06
-3.587455518231944e-07
4.434783931764193e-06
2.451297792739375e-05
0.0001142424634388371
0.0003708579750272288
-0.0003736868419052798
-0.0001150758600992101
-2.464832487706775e-05
-4.414339465248002e-06
4.158529647023959e-07
1.734698243696335e-06
2.094691532877799e-06
2.184737846473625e-06
2.196452390941628e-06
2.184249691618279e-06
2.163846549823663e-06
2.139891665729443e-06
2.113840023550714e-06
2.086218518623038e-06
2.057280967731547e-06
2.027197544945387e-06
1.996109243901284e-06
1.964143253315682e-06
1.931417132489394e-06
1.89803988223032e-06
1.864112240596984e-06
1.829726860978352e-06
1.794968537398933e-06
1.759914501402512e-06
1.724634780395934e-06
1.689192599495508e-06
1.653644807612233e-06
1.618042316244532e-06
1.582430536541337e-06
1.546849807292929e-06
1.51133580605978e-06
1.475919940465147e-06
1.440629719043388e-06
1.405489094618607e-06
1.370518785360997e-06
1.335736571620545e-06
1.30115756581028e-06
1.266794465800326e-06
1.232657780714894e-06
1.198756039555829e-06
1.165095983363234e-06
1.131682733400876e-06
1.098519950788415e-06
1.065609978322882e-06
1.032953967160975e-06
1.000551995870554e-06
9.684031730126332e-07
9.365057345039053e-07
9.048571311240037e-07
8.73454103517659e-07
8.422927555010423e-07
8.113686162976828e-07
7.806766959772414e-07
7.502115411539864e-07
7.199672810952834e-07
6.89937669242883e-07
6.601161233459767e-07
6.304957578078078e-07
6.010694147159484e-07
5.718296943252635e-07
5.427689794488705e-07
5.138794575659407e-07
4.851531424243043e-07
4.565818923517161e-07
4.281574274410113e-07
3.99871345597676e-07
3.717151353701475e-07
3.436801876559749e-07
3.157578077367161e-07
2.879392257071034e-07
2.602156053324446e-07
2.325780522724919e-07
2.050176214720608e-07
1.775253244417189e-07
1.500921364130708e-07
1.227090020190415e-07
9.536683984311535e-08
6.805654717573317e-08
4.076900547236586e-08
1.349508569366172e-08
-1.377434743623117e-08
-4.104843164059554e-08
-6.833630328303672e-08
-9.564709229190935e-08
-1.229899166995637e-07
-1.503738782813557e-07
-1.778080586047228e-07
-2.053015143427514e-07
-2.328632711175175e-07
-2.605023172470136e-07
-2.882275976493972e-07
-3.160480071864881e-07
-3.439723828202955e-07
-3.720094946284259e-07
-4.001680371736499e-07
-4.284566196179953e-07
-4.568837546043882e-07
-4.854578451427729e-07
-5.141871703533841e-07
-5.43079871676001e-07
-5.721439361097296e-07
-6.013871773913138e-07
-6.308172137041063e-07
-6.604414445543025e-07
-6.902670272480933e-07
-7.20300848320935e-07
-7.505494922505648e-07
-7.810192056091903e-07
-8.117158594598824e-07
-8.426449075473618e-07
-8.738113390400554e-07
-9.052196259904956e-07
-9.368736640182528e-07
-9.687767120498097e-07
-1.000931321365425e-06
-1.033339254798765e-06
-1.066001400148436e-06
-1.098917679448995e-06
-1.132086941625071e-06
-1.165506841054328e-06
-1.19917371487695e-06
-1.233082439525308e-06
-1.267226272551205e-06
-1.30159668135596e-06
-1.336183154489122e-06
-1.370972990168734e-06
-1.405951070901287e-06
-1.441099612117413e-06
-1.476397888824176e-06
-1.51182194272377e-06
-1.547344257492893e-06
-1.582933417322184e-06
-1.618553735052848e-06
-1.654164861089529e-06
-1.68972137190032e-06
-1.725172342565133e-06
-1.760460908392964e-06
-1.795523830031938e-06
-1.83029106058063e-06
-1.864685349020716e-06
-1.898621877989545e-06
-1.932007968254252e-06
-1.964742855616363e-06
-1.996717509724558e-06
-2.027814340548446e-06
-2.057906126638659e-06
-2.086851837241628e-06
-2.114481259386349e-06
-2.140540534682207e-06
-2.164502726595857e-06
-2.184912807176174e-06
-2.197122032016493e-06
-2.185413555399663e-06
-2.09537280676624e-06
-1.7353845341987e-06
-4.165436732623131e-07
4.413645004184068e-06
2.464760831483063e-05
0.0001150750688738257
0.0003736874421425188
-0.0003765136292509554
-0.0001159058160316777
-2.478034623828402e-05
-4.390654707862846e-06
4.761132248341517e-07
1.804250652673876e-06
2.165979054075159e-06
2.255540869889347e-06
2.266049730086595e-06
2.252359528287255e-06
2.230327422165671e-06
2.204656306486822e-06
2.176829603244396e-06
2.147394091086289e-06
2.116619784520643e-06
2.084690734898494e-06
2.051759892517211e-06
2.017964641794422e-06
1.983431095854315e-06
1.948275294320295e-06
1.91260363915061e-06
1.876513220095832e-06
1.84009218809977e-06
1.803420196196528e-06
1.766568893560079e-06
1.729602452654141e-06
1.692578107945156e-06
1.655546694204318e-06
1.618553170164298e-06
1.581637122102406e-06
1.54483324010458e-06
1.508171763350602e-06
1.471678896927969e-06
1.435377193314066e-06
1.399285903344531e-06
1.363421300185552e-06
1.32779696964263e-06
1.292424079647729e-06
1.257311621380586e-06
1.222466625075317e-06
1.187894361739713e-06
1.15359851840041e-06
1.119581360682955e-06
1.085843878856313e-06
1.05238591536498e-06
1.019206285218799e-06
9.863028804782298e-07
9.536727664820908e-07
9.21312269691574e-07
8.892170511414966e-07
8.573821770467744e-07
8.258021822430873e-07
7.944711240628955e-07
7.633826351130746e-07
7.325299690545637e-07
7.019060391301538e-07
6.715034561678268e-07
6.413145617561393e-07
6.113314564941213e-07
5.815460273924344e-07
5.519499714623024e-07
5.225348162461974e-07
4.93291939996316e-07
4.642125893023991e-07
4.352878935694834e-07
4.065088786680771e-07
3.778664794817589e-07
3.493515509422974e-07
3.209548782391694e-07
2.926671855924503e-07
2.644791433857651e-07
2.363813752727087e-07
2.083644654133009e-07
1.804189646352963e-07
1.525353951728652e-07
1.247042547870534e-07
9.691602118317824e-08
6.916115657025935e-08
4.14301115172948e-08
1.371332797205705e-08
-1.399875738717787e-08
-4.171570964997586e-08
-6.944709219408443e-08
-9.720246319906117e-08
-1.249913725074946e-07
-1.52823358208682e-07
-1.807079424701924e-07
-2.08654627451888e-07
-2.366728913724655e-07
-2.647721845180871e-07
-2.929619235617908e-07
-3.212514847678663e-07
-3.496501974104696e-07
-3.781673376334758e-07
-4.068121213891132e-07
-4.35593694616955e-07
-4.645211224433098e-07
-4.936033783919607e-07
-5.228493331948029e-07
-5.522677420067914e-07
-5.818672273246697e-07
-6.116562615700714e-07
-6.41643148164488e-07
-6.718360007578331e-07
-7.02242719887984e-07
-7.328709647467455e-07
-7.637281246781695e-07
-7.94821286966766e-07
-8.261572006230129e-07
-8.577422334221368e-07
-8.895823257298343e-07
-9.216829439907732e-07
-9.540490235012198e-07
-9.866849032324836e-07
-1.019594256459489e-06
-1.05278001839984e-06
-1.086244296484353e-06
-1.119988273353944e-06
-1.154012105689038e-06
-1.188314803624094e-06
-1.222894099556967e-06
-1.257746304011853e-06
-1.29286614528853e-06
-1.328246589043667e-06
-1.36387864369623e-06
-1.399751137670554e-06
-1.435850479582755e-06
-1.472160393279511e-06
-1.508661620996737e-06
-1.545331604962719e-06
-1.582144133710666e-06
-1.619068959847904e-06
-1.656071384102029e-06
-1.693111809539518e-06
-1.730145264434553e-06
-1.767120901983993e-06
-1.803981471852192e-06
-1.840662786997313e-06
-1.877093178907019e-06
-1.913192974155319e-06
-1.948873998443285e-06
-1.984039135269658e-06
-2.018581955375092e-06
-2.052386388075059e-06
-2.085326286849757e-06
-2.117264232892785e-06
-2.14804723550731e-06
-2.17749120173431e-06
-2.205326071699589e-06
-2.231005019950857e-06
-2.25304457657245e-06
-2.266741797548329e-06
-2.25623947612664e-06
-2.166683666736757e-06
-1.804960687337832e-06
-4.768280404057454e-07
4.389935827737516e-06
2.477960485891639e-05
0.0001159049992575563
0.0003765142146136929
-0.0003793374995193512
-0.0001167328778873723
-2.490952184454804e-05
-4.364198624641714e-06
5.390467704418915e-07
1.876357789373132e-06
2.239685730431524e-06
2.328614198152113e-06
2.337759020054739e-06
2.322417095595722e-06
2.298589300696284e-06
2.271035711201289e-06
2.24127073827723e-06
2.209863135556108e-06
2.177100751280274e-06
2.143182721113338e-06
2.108274772003004e-06
2.072524968310396e-06
2.03606818031429e-06
1.999027462729775e-06
1.961514680251814e-06
1.923631024845669e-06
1.885467576545801e-06
1.847105920933728e-06
1.808618805521597e-06
1.770070812607793e-06
1.731519025609731e-06
1.693013678528514e-06
1.654598775231925e-06
1.616312673216397e-06
1.57818862922992e-06
1.540255299892082e-06
1.502537203144769e-06
1.465055138730731e-06
1.427826567892406e-06
1.390865963348785e-06
1.354185118331626e-06
1.31779342894004e-06
1.281698148490166e-06
1.24590461093601e-06
1.210416438518702e-06
1.175235723386768e-06
1.140363190572078e-06
1.105798346172318e-06
1.071539605907277e-06
1.037584415267281e-06
1.003929355360826e-06
9.705702353664701e-07
9.375021790095203e-07
9.047196977774821e-07
8.722167580805178e-07
8.399868446435409e-07
8.080230122289449e-07
7.76317933670208e-07
7.448639451119719e-07
7.136530830777716e-07
6.826771195103252e-07
6.519275938412623e-07
6.213958382328183e-07
5.910730018713418e-07
5.609500744576723e-07
5.310179054039328e-07
5.012672209902786e-07
4.716886399923078e-07
4.422726863999369e-07
4.130098018127108e-07
3.838903573480441e-07
3.549046626575542e-07
3.26042973451555e-07
2.9729549908735e-07
2.686524095105667e-07
2.401038411605546e-07
2.116399020838921e-07
1.832506762265513e-07
1.549262270933331e-07
1.266566016043039e-07
9.843183386493114e-08
7.024194749433664e-08
4.207695743818872e-08
1.392687247016517e-08
-1.42183014603517e-08
-4.236855884245904e-08
-7.053389342009156e-08
-9.872429639907914e-08
-1.269497535615956e-07
-1.552202419064305e-07
-1.83545727127827e-07
-2.119361619840716e-07
-2.404014836739645e-07
-2.689516095792231e-07
-2.975964321673869e-07
-3.263458148270544e-07
-3.552095878148083e-07
-3.841975424033391e-07
-4.133194237012954e-07
-4.425849225747632e-07
-4.720036681860265e-07
-5.015852190229768e-07
-5.313390514348349e-07
-5.612745477240457e-07
-5.914009822119439e-07
-6.217275067718008e-07
-6.522631327890185e-07
-6.830167104751482e-07
-7.139969080090787e-07
-7.4521218774158e-07
-7.766707799180581e-07
-8.083806488340798e-07
-8.403494582344745e-07
-8.72584535585413e-07
-9.050928279904189e-07
-9.37880851480268e-07
-9.709546380104474e-07
-1.004319678626942e-06
-1.03798085073974e-06
-1.071942343754736e-06
-1.106207577503235e-06
-1.140779105705854e-06
-1.17565851078905e-06
-1.210846286859177e-06
-1.246341707911917e-06
-1.282142680089019e-06
-1.318245580998271e-06
-1.354645072838959e-06
-1.391333901797401e-06
-1.428302669279234e-06
-1.465539577413495e-06
-1.503030150588498e-06
-1.540756920989857e-06
-1.578699083759197e-06
-1.616832115242945e-06
-1.655127351820212e-06
-1.693551527766377e-06
-1.73206627542906e-06
-1.770627577596173e-06
-1.809185188490943e-06
-1.847682009814502e-06
-1.886053444808847e-06
-1.924226727099741e-06
-1.962120249799131e-06
-1.999642909003972e-06
-2.036693485221455e-06
-2.073160085342861e-06
-2.108919622855416e-06
-2.14383719121182e-06
-2.177764689626169e-06
-2.210536347779396e-06
-2.241952984895372e-06
-2.271726704057759e-06
-2.299288699434042e-06
-2.323124507158867e-06
-2.338473995504394e-06
-2.329336231965588e-06
-2.24041425860971e-06
-1.87709219177954e-06
-5.397863585270636e-07
4.363454621919427e-06
2.490875491444057e-05
0.0001167320348112309
0.0003793380692451345
-0.0003821582012642322
-0.000117556798413419
-2.503561318294815e-05
-4.334745971021883e-06
6.048617336921592e-07
1.951207656686211e-06
2.315977318725243e-06
2.40410013362968e-06
2.411698756222706e-06
2.394517484897112e-06
2.368704901079479e-06
2.339081729722494e-06
2.307196259418795e-06
2.273641512365421e-06
2.238724891279276e-06
2.202661812295668e-06
2.165631515529852e-06
2.127793094851308e-06
2.089290213578811e-06
2.050252732212997e-06
2.010797586092834e-06
1.971029548906041e-06
1.93104202603792e-06
1.890917885331931e-06
1.850730304181482e-06
1.810543608214844e-06
1.770414081068693e-06
1.730390736244547e-06
1.690516039734633e-06
1.650826577359725e-06
1.611353669916854e-06
1.572123930234444e-06
1.533159767806936e-06
1.494479847181645e-06
1.45609949477623e-06
1.418031069960525e-06
1.380284291779711e-06
1.342866530777191e-06
1.305783074473529e-06
1.269037357356859e-06
1.232631170361017e-06
1.196564846336329e-06
1.160837422093757e-06
1.125446787674943e-06
1.090389815017047e-06
1.055662475400799e-06
1.021259944373837e-06
9.871766900091431e-07
9.53406557034963e-07
9.199428400525451e-07
8.867783464245168e-07
8.539054564178057e-07
8.213161728741509e-07
7.890021654783205e-07
7.569548143598371e-07
7.251652455501802e-07
6.93624361775591e-07
6.623228716425103e-07
6.312513135358313e-07
6.004000777243489e-07
5.69759427954754e-07
5.393195181673556e-07
5.090704066048386e-07
4.790020697754969e-07
4.491044145757045e-07
4.193672886978873e-07
3.89780489867183e-07
3.603337729286798e-07
3.310168563009053e-07
3.018194288417823e-07
2.72731155212605e-07
2.437416792773823e-07
2.148406273073996e-07
1.860176118742256e-07
1.572622351634747e-07
1.285640912001128e-07
9.991276705911334e-08
7.129784381249442e-08
4.270889829857509e-08
1.413550521331753e-08
-1.443276181297337e-08
-4.300632994104458e-08
-7.159562661081652e-08
-1.002110776864439e-07
-1.288631058095278e-07
-1.575621294333037e-07
-1.863185621110035e-07
-2.151428110721986e-07
-2.440452747450285e-07
-2.730363403648883e-07
-3.021263817429447e-07
-3.31325756242408e-07
-3.606448005107534e-07
-3.900938254549499e-07
-4.196831124115838e-07
-4.494229075110103e-07
-4.793234143489947e-07
-5.093947853617715e-07
-5.396471131933552e-07
-5.700904224580274e-07
-6.007346567548116e-07
-6.315896638111825e-07
-6.62665179730983e-07
-6.939708136818301e-07
-7.255160295797757e-07
-7.573101201329988e-07
-7.893621828859769e-07
-8.216810943451972e-07
-8.542754766969024e-07
-8.871536585908209e-07
-9.203236375120823e-07
-9.537930365670492e-07
-9.875690482941553e-07
-1.021658379100249e-06
-1.056067185035364e-06
-1.090800997749931e-06
-1.125864642946123e-06
-1.161262149538929e-06
-1.196996644513847e-06
-1.233070237169122e-06
-1.269483890430017e-06
-1.306237270251103e-06
-1.343328585385771e-06
-1.380754399910688e-06
-1.418509425562086e-06
-1.456586288940675e-06
-1.494975268069896e-06
-1.533664000392562e-06
-1.572637154314337e-06
-1.611876060680038e-06
-1.651358303847894e-06
-1.691057265898185e-06
-1.730941616998739e-06
-1.770974762107698e-06
-1.811114222836878e-06
-1.851310973297198e-06
-1.89150871564007e-06
-1.931643110018643e-06
-1.971640961360327e-06
-2.01141938036051e-06
-2.050884936980018e-06
-2.089932829630842e-06
-2.128446092979199e-06
-2.166294834307262e-06
-2.203335352044726e-06
-2.239408513451854e-06
-2.274335032392832e-06
-2.307899442974384e-06
-2.339794290002166e-06
-2.369426494061364e-06
-2.39524770791525e-06
-2.41243714284864e-06
-2.404846154459775e-06
-2.316730379884046e-06
-1.951967093875238e-06
-6.056268116015595e-07
4.333976085764593e-06
2.503481990596194e-05
0.0001175559282142159
0.0003821587545199076
-0.0003849754495633061
-0.0001183772978810648
-2.515835132808529e-05
-4.302044164000198e-06
6.737897286971285e-07
2.029007365721983e-06
2.395034066139537e-06
2.482150863140654e-06
2.487992942606097e-06
2.468757319611256e-06
2.440745008812873e-06
2.408841395452123e-06
2.374631885416069e-06
2.338736243359932e-06
2.301483184527588e-06
2.263105527845506e-06
2.223796609031791e-06
2.183726693891715e-06
2.143048037210078e-06
2.101896847715472e-06
2.060394494614876e-06
2.018648581552688e-06
1.976754023761563e-06
1.934794130894721e-06
1.892841673690217e-06
1.850959910417571e-06
1.809203554505146e-06
1.767619677500502e-06
1.726248539674681e-06
1.685124342222464e-06
1.644275910619623e-06
1.603727307038149e-06
1.563498376415747e-06
1.523605237888461e-06
1.484060715795731e-06
1.444874726338036e-06
1.40605461982647e-06
1.367605479768282e-06
1.329530394691063e-06
1.291830691684379e-06
1.254506144926852e-06
1.217555161997407e-06
1.180974944902601e-06
1.144761637556505e-06
1.108910452416061e-06
1.073415782848479e-06
1.038271305378144e-06
1.003470065324284e-06
9.690045562379554e-07
9.348667910903613e-07
9.010483605983553e-07
8.67540488116732e-07
8.343340784091208e-07
8.014197586992503e-07
7.687879175605928e-07
7.364287379488318e-07
7.043322243608863e-07
6.72488229097172e-07
6.408864751584309e-07
6.095165752059061e-07
5.783680491907858e-07
5.474303391988661e-07
5.166928220201265e-07
4.861448210703983e-07
4.557756163154102e-07
4.25574451955406e-07
3.955305434058355e-07
3.656330839457849e-07
3.358712501219876e-07
3.062342057675689e-07
2.767111048460452e-07
2.472910939164662e-07
2.179633149248349e-07
1.887169076175547e-07
1.595410107221542e-07
1.304247622426574e-07
1.013572998672164e-07
7.232776164280914e-08
4.332528630857988e-08
1.43390128229607e-08
-1.464191995253745e-08
-4.362837288860405e-08
-7.26312066385792e-08
-1.016612822459759e-07
-1.307294617260768e-07
-1.598466076144691e-07
-1.890235820365234e-07
-2.182712469099372e-07
-2.476004643466997e-07
-2.770220959892773e-07
-3.065470004782321e-07
-3.361860311206297e-07
-3.659500342893916e-07
-3.95849847308888e-07
-4.25896295161894e-07
-4.561001847115794e-07
-4.864722998732323e-07
-5.170233969828331e-07
-5.477641978770493e-07
-5.787053805082445e-07
-6.09857567890541e-07
-6.412313193388587e-07
-6.728371170472703e-07
-7.046853484539884e-07
-7.367862909659041e-07
-7.691500940467432e-07
-8.017867554968765e-07
-8.347060933963807e-07
-8.679177205336394e-07
-9.01431011164978e-07
-9.352550608736633e-07
-9.693986474211878e-07
-1.003870181914272e-06
-1.03867765334507e-06
-1.073828568027713e-06
-1.109329881653862e-06
-1.145187918643065e-06
-1.181408285770903e-06
-1.217995771784422e-06
-1.254954231761302e-06
-1.292286463364361e-06
-1.329994058564471e-06
-1.368077242377352e-06
-1.406534688282771e-06
-1.445363307989112e-06
-1.484558014828228e-06
-1.524111456920678e-06
-1.564013714109826e-06
-1.604251958498136e-06
-1.644810067922593e-06
-1.685668190888441e-06
-1.726802261405722e-06
-1.768183445111826e-06
-1.80977753243572e-06
-1.851544252575638e-06
-1.893436521352748e-06
-1.935399611682685e-06
-1.977370251338495e-06
-2.019275652548042e-06
-2.061032485135097e-06
-2.102545809109216e-06
-2.143707993106389e-06
-2.18439763602868e-06
-2.224478495854256e-06
-2.263798278484278e-06
-2.302186676478005e-06
-2.339450305526356e-06
-2.375356292716721e-06
-2.409575866094795e-06
-2.441489197901791e-06
-2.469510817297721e-06
-2.488755268840992e-06
-2.482921465221851e-06
-2.395812314498254e-06
-2.029792555436287e-06
-6.745810692074012e-07
4.301247572385472e-06
2.515753083765968e-05
0.0001183763996638434
0.000384975985440622
-0.0003877889196214371
-0.000119194057988941
-2.527743145525952e-05
-4.265808681869377e-06
7.460893777331568e-07
2.109985499369754e-06
2.477051917462126e-06
2.562928595702072e-06
2.566770307532549e-06
2.545233232489091e-06
2.514776413698886e-06
2.480354505998582e-06
2.443593619706928e-06
2.405142867463577e-06
2.365353994700559e-06
2.324478177983975e-06
2.2827231773439e-06
2.240270268733325e-06
2.197279771638484e-06
2.15389346152246e-06
2.110236197126374e-06
2.066417378159813e-06
2.022532361548874e-06
1.97866383761127e-06
1.934883145528037e-06
1.891251507230448e-06
1.847821165207458e-06
1.80463642081142e-06
1.76173457302199e-06
1.719146755901595e-06
1.6768986859847e-06
1.635011326700812e-06
1.593501469903452e-06
1.552382254200065e-06
1.511663615501246e-06
1.471352684822301e-06
1.431454141090191e-06
1.39197051438841e-06
1.352902457201044e-06
1.314248978976431e-06
1.276007651544739e-06
1.238174793731824e-06
1.200745629196181e-06
1.163714427732048e-06
1.127074628480349e-06
1.090818946308852e-06
1.054939469917368e-06
1.019427744401839e-06
9.842748432607955e-07
9.494714354493208e-07
9.150078402373312e-07
8.808740766844598e-07
8.470599098180625e-07
8.135548873555229e-07
7.803483726932052e-07
7.474295756622322e-07
7.147875774509868e-07
6.824113527150606e-07
6.502897894676743e-07
6.184117047561631e-07
5.867658591492461e-07
5.553409703628299e-07
5.241257233754664e-07
4.9310877862966e-07
4.622787797076578e-07
4.316243597455225e-07
4.011341468345074e-07
3.707967685559466e-07
3.406008549085225e-07
3.105350399260542e-07
2.80587963817178e-07
2.507482748072288e-07
2.210046295312985e-07
1.913456927989107e-07
1.617601378457579e-07
1.32236646423503e-07
1.02763907817637e-07
7.333061705473329e-08
4.392547339426692e-08
1.453717944693362e-08
-1.484555917016299e-08
-4.423403549276954e-08
-7.363954401068969e-08
-1.030733824398272e-07
-1.325468519375152e-07
-1.620712574497619e-07
-1.916579097418776e-07
-2.213181279155878e-07
-2.510632395666499e-07
-2.809045803138336e-07
-3.10853493915756e-07
-3.409213331221809e-07
-3.711194587094462e-07
-4.01459236849358e-07
-4.319520380135757e-07
-4.626092356699559e-07
-4.934422031699045e-07
-5.244623076019341e-07
-5.556809047170978e-07
-5.871093358702655e-07
-6.187589187948295e-07
-6.506409365195954e-07
-6.827666280766669e-07
-7.151471782689774e-07
-7.477937015824613e-07
-7.80717223560539e-07
-8.139286652433721e-07
-8.474388190256118e-07
-8.812583217702759e-07
-9.153976277495464e-07
-9.498669741989881e-07
-9.846763425323844e-07
-1.019835415164012e-06
-1.055353525742915e-06
-1.091239600354439e-06
-1.127502096471859e-06
-1.164148926913076e-06
-1.201187375931986e-06
-1.238624006709671e-06
-1.276464549282378e-06
-1.31471378013906e-06
-1.353375380824877e-06
-1.392451778501996e-06
-1.431943964742656e-06
-1.471851288346405e-06
-1.512171217073351e-06
-1.552899071650544e-06
-1.594027717133006e-06
-1.635547214448122e-06
-1.677444423405803e-06
-1.719702546298645e-06
-1.76230061711367e-06
-1.805212910866516e-06
-1.848408285900029e-06
-1.891849434152754e-06
-1.93549204240112e-06
-1.979283855766504e-06
-2.023163638652444e-06
-2.067060034769225e-06
-2.110890334529369e-06
-2.154559156466394e-06
-2.197957074322761e-06
-2.240959196734974e-06
-2.283423712842003e-06
-2.325190262786583e-06
-2.366077526915293e-06
-2.405877694857985e-06
-2.44433953208139e-06
-2.481111231133906e-06
-2.515543610009532e-06
-2.546010485720169e-06
-2.56755712507286e-06
-2.563724402738279e-06
-2.477856052733084e-06
-2.110797211026422e-06
-7.469078172915918e-07
4.264984488703242e-06
2.527658280825873e-05
0.0001191931307762639
0.0003877894371267483
-0.0003905982387761787
-0.0001200067142786439
-2.539250608350982e-05
-4.225717501287752e-06
8.220504429598943e-07
2.194394716790989e-06
2.562243628872846e-06
2.64660533131213e-06
2.648162948150569e-06
2.624039644288986e-06
2.590859087812016e-06
2.553650448338091e-06
2.514084437414785e-06
2.472842162612347e-06
2.430299955044221e-06
2.386727999918502e-06
2.342348420708788e-06
2.297352912356138e-06
2.25190889811496e-06
2.206162523900966e-06
2.160240812669795e-06
2.114253586402802e-06
2.068295280771739e-06
2.022446656393883e-06
1.976776389337095e-06
1.931342527117907e-06
1.886193802973426e-06
1.841370810143829e-06
1.796907045452597e-06
1.752829827640027e-06
1.70916110195307e-06
1.665918147274328e-06
1.623114186228176e-06
1.58075892181593e-06
1.538859002785246e-06
1.497418425962739e-06
1.456438892001729e-06
1.415920108017686e-06
1.375860053328559e-06
1.336255211848229e-06
1.297100771619735e-06
1.258390803529351e-06
1.220118412334006e-06
1.182275869570576e-06
1.144854732211617e-06
1.107845942218243e-06
1.071239917193784e-06
1.035026627781444e-06
9.991956623060114e-07
9.637362883681119e-07
9.286375043983022e-07
8.938880826246753e-07
8.594766094784073e-07
8.253915183770645e-07
7.916211181964528e-07
7.581536207513056e-07
7.249771621428536e-07
6.920798198460543e-07
6.594496291342145e-07
6.270745968771239e-07
5.949427131328769e-07
5.630419610862649e-07
5.31360323950601e-07
4.998857907674358e-07
4.686063628367946e-07
4.375100582725429e-07
4.065849140877869e-07
3.758189879072584e-07
3.45200359696084e-07
3.14717132685139e-07
2.843574334060936e-07
2.541094106705245e-07
2.239612341173987e-07
1.939010937269091e-07
1.63917199120838e-07
1.339977772059996e-07
1.041310686865019e-07
7.430532554096739e-08
4.450880955096736e-08
1.472979005087556e-08
-1.504345935266328e-08
-4.482266413948763e-08
-7.461955159913726e-08
-1.044458528398455e-07
-1.343133057631867e-07
-1.642336581052181e-07
-1.942186698398093e-07
-2.242801151590644e-07
-2.544297848242622e-07
-2.846794893107178e-07
-3.150410600766039e-07
-3.455263492716801e-07
-3.761472304796258e-07
-4.069156009161255e-07
-4.378433822847682e-07
-4.689425175817181e-07
-5.002249700297124e-07
-5.317027232014142e-07
-5.63387776936859e-07
-5.952921421849819e-07
-6.274278366807335e-07
-6.598068802176653e-07
-6.924412839267233e-07
-7.25343041030688e-07
-7.58524118562544e-07
-7.919964406833127e-07
-8.25771873326506e-07
-8.598622069779094e-07
-8.94279133724555e-07
-9.290342214795202e-07
-9.641388863921528e-07
-9.996043582429033e-07
-1.035441640213062e-06
-1.071661467173705e-06
-1.108274250844188e-06
-1.145290023204969e-06
-1.182718369140185e-06
-1.220568346768202e-06
-1.258848401165048e-06
-1.297566260978695e-06
-1.336728822474663e-06
-1.376342016114513e-06
-1.41641065379514e-06
-1.456938252177139e-06
-1.497926833570751e-06
-1.539376690464228e-06
-1.581286122533111e-06
-1.623651130514572e-06
-1.666465063109836e-06
-1.709718215677807e-06
-1.753397361023126e-06
-1.797485218765532e-06
-1.841959836911051e-06
-1.886793890123507e-06
-1.931953873324324e-06
-1.977399182556712e-06
-2.023081073631779e-06
-2.068941486579524e-06
-2.11491172819758e-06
-2.160911020245242e-06
-2.206844902976643e-06
-2.252603528332986e-06
-2.298059841677421e-06
-2.343067661027418e-06
-2.387459521717248e-06
-2.431043682138429e-06
-2.473597966257316e-06
-2.514852127921105e-06
-2.554429768604165e-06
-2.591649705008531e-06
-2.624841145181898e-06
-2.648974831590445e-06
-2.647427001611251e-06
-2.563074393999935e-06
-2.195233776715558e-06
-8.228968859880295e-07
4.224864731273006e-06
2.539162824615593e-05
0.000120005756993783
0.0003905987368144418
-0.0003934029764001759
-0.0001208148466026899
-2.550317668235246e-05
-4.181404334119081e-06
9.019986599343423e-07
2.282514562520283e-06
2.650839644859098e-06
2.733362042482836e-06
2.732304143712205e-06
2.705265575182012e-06
2.669042356484906e-06
2.628744053942453e-06
2.586090093217541e-06
2.541796110777011e-06
2.496264231003144e-06
2.449783803273022e-06
2.402590683821272e-06
2.354885807341849e-06
2.306842172880626e-06
2.258608578349869e-06
2.210312421490274e-06
2.162062173360187e-06
2.113949650118271e-06
2.066052096544486e-06
2.018434072245723e-06
1.971149134868048e-06
1.924241331422271e-06
1.877746503424936e-06
1.831693425722533e-06
1.786104795196992e-06
1.74099808047227e-06
1.696386259568303e-06
1.652278449659205e-06
1.608680452278705e-06
1.565595224225773e-06
1.523023276521114e-06
1.480963024536056e-06
1.439411085038184e-06
1.398362532728512e-06
1.357811124633985e-06
1.317749489716304e-06
1.278169296869711e-06
1.239061397462764e-06
1.20041594848116e-06
1.16222252330005e-06
1.124470202737447e-06
1.087147655226859e-06
1.050243208057616e-06
1.013744905994485e-06
9.776405648260635e-07
9.419178173202823e-07
9.065641494982695e-07
8.715669345457226e-07
8.369134624515698e-07
8.025909635699988e-07
7.685866299674923e-07
7.348876327823641e-07
7.014811360134413e-07
6.683543094125778e-07
6.354943390965757e-07
6.028884348737712e-07
5.705238363025948e-07
5.383878179912759e-07
5.064676937375775e-07
4.747508194269729e-07
4.432245942246423e-07
4.118764608022253e-07
3.806939058387203e-07
3.496644598806735e-07
3.187756955502948e-07
2.880152249690894e-07
2.573706976164873e-07
2.268297985300849e-07
1.963802458162543e-07
1.660097868015676e-07
1.357061940592148e-07
1.054572622167155e-07
7.52508045700589e-08
4.507464861035209e-08
1.49166314032662e-08
-1.523540368196271e-08
-4.539361034219713e-08
-7.557014448501614e-08
-1.057771691791909e-07
-1.360268581934266e-07
-1.66331398545747e-07
-1.967029947977429e-07
-2.271538746033935e-07
-2.576962924714531e-07
-2.883425317434179e-07
-3.191049072474918e-07
-3.499957698565369e-07
-3.810275088519014e-07
-4.122125522718106e-07
-4.435633702494001e-07
-4.750924775825538e-07
-5.068124328463186e-07
-5.387358370600235e-07
-5.708753352192963e-07
-6.032436157988218e-07
-6.35853404737102e-07
-6.687174634249936e-07
-7.018485846974745e-07
-7.352595840516025e-07
-7.689632930548886e-07
-8.029725495878997e-07
-8.373001848081467e-07
-8.719590084186612e-07
-9.069617926600748e-07
-9.423212492924883e-07
-9.78050006133628e-07
-1.014160580444336e-06
-1.050665341953617e-06
-1.087576477003599e-06
-1.124905942392315e-06
-1.162665412885008e-06
-1.200866222054983e-06
-1.23951929124876e-06
-1.278635049400886e-06
-1.318223340192424e-06
-1.35829331398047e-06
-1.398853302825295e-06
-1.43991067946454e-06
-1.481471688006692e-06
-1.523541255606458e-06
-1.566122766598913e-06
-1.609217805838942e-06
-1.652825861790468e-06
-1.696943976770299e-06
-1.741566347442534e-06
-1.7866838534069e-06
-1.832283515409407e-06
-1.878347860079046e-06
-1.924854186014909e-06
-1.971773710885956e-06
-2.019070584059357e-06
-2.06670074839555e-06
-2.114610635942831e-06
-2.162735671806121e-06
-2.210998594131311e-06
-2.259307563370411e-06
-2.307554083539645e-06
-2.355610726766416e-06
-2.403328658633577e-06
-2.450534838277092e-06
-2.497028282731085e-06
-2.542573080708741e-06
-2.586879818720324e-06
-2.629546300513842e-06
-2.669856808149172e-06
-2.706091825104157e-06
-2.733141686409745e-06
-2.734210268566721e-06
-2.651697828462617e-06
-2.283381857451723e-06
-9.028740860933813e-07
4.18052192228466e-06
2.550226852048451e-05
0.0001208138580643183
0.0003934034537668221
-0.0003962026310072009
-0.0001216179670244668
-2.560898316118011e-05
-4.132450369272848e-06
9.863013686985789e-07
2.374654396547847e-06
2.743088513681705e-06
2.823386951054564e-06
2.819324979122854e-06
2.788990132850651e-06
2.74935974026509e-06
2.705630215056292e-06
2.659573841771565e-06
2.611942956766549e-06
2.563166065438084e-06
2.513551078493406e-06
2.46334614916295e-06
2.41275948629945e-06
2.361967409540575e-06
2.311119005827282e-06
2.260339707400609e-06
2.209734402931326e-06
2.159390219574323e-06
2.109379004170771e-06
2.059759513966023e-06
2.010579324982139e-06
1.961876488574839e-06
1.913680954963086e-06
1.866015788669276e-06
1.818898209755676e-06
1.772340472646686e-06
1.726350619554582e-06
1.680933117089928e-06
1.636089397026215e-06
1.591818319753123e-06
1.548116562633525e-06
1.504978955805032e-06
1.462398767806946e-06
1.420367946828768e-06
1.378877330401605e-06
1.337916821624647e-06
1.29747554300909e-06
1.257541968589953e-06
1.218104034109574e-06
1.179149235502009e-06
1.14066471077091e-06
1.102637309142462e-06
1.065053654609733e-06
1.027900197014417e-06
9.911632551217656e-07
9.54829055939389e-07
9.188837658115327e-07
8.833135171918981e-07
8.481044326224208e-07
8.132426426263588e-07
7.787143011023883e-07
7.445055996769522e-07
7.106027778123507e-07
6.769921300805894e-07
6.436600125516554e-07
6.105928473548239e-07
5.777771260898691e-07
5.451994122880996e-07
5.128463418415813e-07
4.807046223302623e-07
4.487610328755523e-07
4.170024230350201e-07
3.854157100388398e-07
3.539878753313413e-07
3.22705961413444e-07
2.915570687725383e-07
2.605283517645118e-07
2.296070137717442e-07
1.987803025167922e-07
1.680355058755391e-07
1.373599473454834e-07
1.067409803271724e-07
7.616598193396993e-08
4.56223480073368e-08
1.50974886642207e-08
-1.542117693841603e-08
-4.594622749633936e-08
-7.649024551306971e-08
-1.070658213108695e-07
-1.376855581889498e-07
-1.683620790041038e-07
-1.991080317515682e-07
-2.299360936671032e-07
-2.608589765659987e-07
-2.91889433731172e-07
-3.230402634979642e-07
-3.543243120170931e-07
-3.857544789220638e-07
-4.173437228753367e-07
-4.491050640630542e-07
-4.810515860019377e-07
-5.131964406295153e-07
-5.455528500860858e-07
-5.781341066149036e-07
-6.109535761384191e-07
-6.440246974763844e-07
-6.773609801768281e-07
-7.109760034398775e-07
-7.448834132497755e-07
-7.79096917018288e-07
-8.136302775427882e-07
-8.484973062782081e-07
-8.83711850344992e-07
-9.192877815767063e-07
-9.552389805447967e-07
-9.915793158561987e-07
-1.028322624518791e-06
-1.065482682431831e-06
-1.103073172775209e-06
-1.141107648826058e-06
-1.179599489263401e-06
-1.218561845950921e-06
-1.258007584217141e-06
-1.297949210757333e-06
-1.338398791328868e-06
-1.379367855292333e-06
-1.420867280184184e-06
-1.46290716539512e-06
-1.505496675755587e-06
-1.548643865637654e-06
-1.592355469268841e-06
-1.636636656592584e-06
-1.68149075103375e-06
-1.726918892823661e-06
-1.772919649157249e-06
-1.819488552389504e-06
-1.866617559335599e-06
-1.914294412084052e-06
-1.962501887745204e-06
-2.011216915285249e-06
-2.060409539239647e-06
-2.110041698697381e-06
-2.160065808570868e-06
-2.210423098471971e-06
-2.261041706307861e-06
-2.311834484024817e-06
-2.362696518478575e-06
-2.413502348637028e-06
-2.464102852001758e-06
-2.514321668393103e-06
-2.563950540383413e-06
-2.612741256668889e-06
-2.66038583919747e-06
-2.706455705788686e-06
-2.750198432639706e-06
-2.789841636208022e-06
-2.820188793690166e-06
-2.824262452841113e-06
-2.743974951477362e-06
-2.375550875483011e-06
-9.872068377476292e-07
4.131537153764535e-06
2.56080434241133e-05
0.0001216169459221739
0.0003962030863646828
-0.0003989966135856795
-0.0001224155042865672
-2.570939059160618e-05
-4.078374150055216e-06
1.075374020316254e-06
2.4711562642551e-06
2.839256467313247e-06
2.916872417200082e-06
2.909349264695792e-06
2.875276194238298e-06
2.83182205654095e-06
2.784276940110989e-06
2.734469839106083e-06
2.683191213632504e-06
2.630895530922631e-06
2.577907547641051e-06
2.524485171537838e-06
2.470840890473763e-06
2.417151178850846e-06
2.363562275556914e-06
2.310194669045688e-06
2.25714692329564e-06
2.204499006482416e-06
2.152315178863581e-06
2.100646480511635e-06
2.049532848370555e-06
1.999004912638389e-06
1.949085511493482e-06
1.899790958134763e-06
1.851132108728776e-06
1.803115251153397e-06
1.755742852771744e-06
1.709014186912761e-06
1.662925853563872e-06
1.617472222745479e-06
1.572645803293082e-06
1.528437555418918e-06
1.484837155790359e-06
1.44183321683355e-06
1.39941347724145e-06
1.357564961420939e-06
1.316274115283632e-06
1.275526923177601e-06
1.235309002556966e-06
1.195605688250497e-06
1.156402104318961e-06
1.117683221261287e-06
1.079433907935224e-06
1.041638973665841e-06
1.004283202033414e-06
9.67351382780426e-07
9.308283362423491e-07
8.946989314378588e-07
8.589481032531069e-07
8.235608660303042e-07
7.885223238640989e-07
7.538176794425782e-07
7.194322387492169e-07
6.853514138207656e-07
6.515607260749459e-07
6.180458078284945e-07
5.847924012191962e-07
5.51786356747069e-07
5.190136315070099e-07
4.864602867029097e-07
4.541124843831123e-07
4.219564826631936e-07
3.899786305535158e-07
3.581653637080008e-07
3.265031998070768e-07
2.949787322147856e-07
2.635786230817132e-07
2.322895977497949e-07
2.010984396678626e-07
1.699919835498105e-07
1.389571079472235e-07
1.079807285700332e-07
7.704979251276555e-08
4.615127135204177e-08
1.527215318730629e-08
-1.560056387389672e-08
-4.647987761919449e-08
-7.737878900320439e-08
-1.08310310290073e-07
-1.39287471629926e-07
-1.703233260589533e-07
-2.014309568526644e-07
-2.326234863433578e-07
-2.639140817181365e-07
-2.953159601597642e-07
-3.268423961641992e-07
-3.585067287967769e-07
-3.903223661775454e-07
-4.223027912944161e-07
-4.544615699829323e-07
-4.86812354290105e-07
-5.193688868409397e-07
-5.521450073669228e-07
-5.851546560649562e-07
-6.184118768527183e-07
-6.519308207396066e-07
-6.857257480095449e-07
-7.198110278591455e-07
-7.542011402891721e-07
-7.889106757597402e-07
-8.239543305275067e-07
-8.593469057022934e-07
-8.95103299541918e-07
-9.312384991418953e-07
-9.677675719733875e-07
-1.004705651232469e-06
-1.042067920614938e-06
-1.079869593764137e-06
-1.11812588921141e-06
-1.156852000600629e-06
-1.196063062715025e-06
-1.235774106880284e-06
-1.276000012876648e-06
-1.316755448666989e-06
-1.358054798314593e-06
-1.399912082395903e-06
-1.442340855934261e-06
-1.485354097539987e-06
-1.528964071562812e-06
-1.57318216838753e-06
-1.618018715837822e-06
-1.663482754961082e-06
-1.709581778516817e-06
-1.756321417810913e-06
-1.803705073146114e-06
-1.851733473107278e-06
-1.900404149745212e-06
-1.949710812877391e-06
-1.999642605493881e-06
-2.050183209262781e-06
-2.101309783597484e-06
-2.152991690448345e-06
-2.205188986236241e-06
-2.257850620235723e-06
-2.310912318255377e-06
-2.364294094428686e-06
-2.417897362569778e-06
-2.471601607829225e-06
-2.525260557405019e-06
-2.578697696804771e-06
-2.631700489958562e-06
-2.684010970368083e-06
-2.735304312553673e-06
-2.785125967823326e-06
-2.832685382917768e-06
-2.876153454228352e-06
-2.91023997081866e-06
-2.917775945928981e-06
-2.840172044213073e-06
-2.47208294789889e-06
-1.076310686140536e-06
4.077428857412154e-06
2.570841790320511e-05
0.0001224144491680185
0.0003989970454465875
-0.0004017842257732167
-0.0001232067836339796
-2.580377227518486e-05
-4.01861912109251e-06
1.169687592223646e-06
2.572397374268975e-06
2.939625584311233e-06
3.014009732617113e-06
3.002486029609073e-06
2.964161626693521e-06
2.916408241860475e-06
2.86461644484168e-06
2.810674958684991e-06
2.755412469223432e-06
2.699307438424902e-06
2.642698173921729e-06
2.585848311644266e-06
2.528970310348965e-06
2.472236523178313e-06
2.415786298740587e-06
2.3597314883127e-06
2.30416103734065e-06
2.249144872643707e-06
2.194737180624875e-06
2.140979160057103e-06
2.087901309265337e-06
2.035525319376625e-06
1.98386564064634e-06
1.932930765801476e-06
1.882724292704221e-06
1.833245794471149e-06
1.784491536510033e-06
1.736455071737097e-06
1.68912772650357e-06
1.642499009374497e-06
1.596556948097678e-06
1.551288368980412e-06
1.506679132287978e-06
1.462714325349612e-06
1.419378428268834e-06
1.376655451513711e-06
1.334529049047049e-06
1.292982616232675e-06
1.251999368981761e-06
1.21156241155144e-06
1.171654794656191e-06
1.132259559567432e-06
1.093359776747763e-06
1.054938579077421e-06
1.016979186632832e-06
9.794649278165025e-07
9.423792555337453e-07
9.057057582433223e-07
8.694281705638059e-07
8.335303813031231e-07
7.979964371347114e-07
7.628105448833588e-07
7.27957072530434e-07
6.934205483724834e-07
6.591856591417535e-07
6.25237246679152e-07
5.915603037959685e-07
5.581399705830841e-07
5.249615295601417e-07
4.920103992279308e-07
4.592721271611921e-07
4.267323839459447e-07
3.943769567846787e-07
3.621917419198385e-07
3.301627365980932e-07
2.982760316056904e-07
2.665178040511385e-07
2.348743091607958e-07
2.03331871580708e-07
1.718768775845175e-07
1.404957680553128e-07
1.091750300369073e-07
7.790118711697305e-08
4.66607911028581e-08
1.5440415141189e-08
-1.577335441919553e-08
-4.699392784171874e-08
-7.823472029835011e-08
-1.095091585940632e-07
-1.408306901122217e-07
-1.722127921538615e-07
-2.036689790967858e-07
-2.352128101219468e-07
-2.668578990189978e-07
-2.98617922625172e-07
-3.305066266090598e-07
-3.625378344932537e-07
-3.947254570351427e-07
-4.270834980227826e-07
-4.59626062355176e-07
-4.923673644632476e-07
-5.253217347405498e-07
-5.585036261565737e-07
-5.919276222254366e-07
-6.256084431203836e-07
-6.595609497227964e-07
-6.938001509747598e-07
-7.283412068761464e-07
-7.63199432099111e-07
-7.983903018691716e-07
-8.339294509246297e-07
-8.698326751213552e-07
-9.061159311120035e-07
-9.427953325610742e-07
-9.798871465478443e-07
-1.017407787197958e-06
-1.055373805567098e-06
-1.09380187702061e-06
-1.132708785469565e-06
-1.172111400527907e-06
-1.212026655070262e-06
-1.252471511016974e-06
-1.293462921711946e-06
-1.335017786789846e-06
-1.377152892312159e-06
-1.419884847387934e-06
-1.463230000402699e-06
-1.507204345215671e-06
-1.551823405953942e-06
-1.597102098594316e-06
-1.64305456718545e-06
-1.68969398819798e-06
-1.737032337469893e-06
-1.785080109303251e-06
-1.833845978188141e-06
-1.883336394324644e-06
-1.933555093911113e-06
-1.984502503713853e-06
-2.036175026902225e-06
-2.08856416672812e-06
-2.141655472965745e-06
-2.195427249586399e-06
-2.249848994764695e-06
-2.304879501643458e-06
-2.360464571737673e-06
-2.416534264390913e-06
-2.472999614856019e-06
-2.529748748675756e-06
-2.586642285926878e-06
-2.643507835364043e-06
-2.700132892755595e-06
-2.756253763959077e-06
-2.811532071956339e-06
-2.865489268544781e-06
-2.917296569036622e-06
-2.965065132863899e-06
-3.003404254119991e-06
-3.01494206135769e-06
-2.940571229676022e-06
-2.57335535263319e-06
-1.170656704483509e-06
4.01764034951544e-06
2.580276510454085e-05
0.0001232056928784734
0.0004017846324750501
-0.0004045646308597598
-0.0001239910002582432
-2.589138794247565e-05
-3.952538290953034e-06
1.269776820494817e-06
2.678791578503494e-06
3.044489607743989e-06
3.114980770350294e-06
3.098818581594663e-06
3.055647185463123e-06
3.003053230501773e-06
2.946533824870098e-06
2.888038756136904e-06
2.828432878505678e-06
2.768214395738474e-06
2.707729693186189e-06
2.647242175831238e-06
2.586958337162817e-06
2.52704081865149e-06
2.467617012182001e-06
2.408785666046351e-06
2.350622250744877e-06
2.293183373553112e-06
2.236510393431766e-06
2.180632372031133e-06
2.125568466246253e-06
2.071329857458143e-06
2.017921314527757e-06
1.965342446753149e-06
1.913588718732347e-06
1.862652267292679e-06
1.812522560719719e-06
1.763186939256439e-06
1.714631049242492e-06
1.666839199951753e-06
1.619794655833721e-06
1.573479873655382e-06
1.527876701085736e-06
1.482966537305062e-06
1.438730466666915e-06
1.395149369711189e-06
1.352204011359686e-06
1.309875117314219e-06
1.268143435381915e-06
1.226989783274569e-06
1.186395090493997e-06
1.146340430068045e-06
1.106807043407879e-06
1.067776361917138e-06
1.029230021044037e-06
9.911498703573897e-07
9.535179823525964e-07
9.163166565992414e-07
8.795284213451555e-07
8.431360343898256e-07
8.071224815723078e-07
7.71470973761349e-07
7.36164942658036e-07
7.011880342840905e-07
6.665241021749907e-07
6.321572014600913e-07
5.980715819141783e-07
5.642516790629277e-07
5.306821052514357e-07
4.973476414421019e-07
4.642332286245666e-07
4.313239580850968e-07
3.986050614659073e-07
3.660619016112111e-07
3.336799637505261e-07
3.014448457134413e-07
2.693422468667514e-07
2.37357958235474e-07
2.054778540191599e-07
1.736878823739797e-07
1.419740545681065e-07
1.103224349309256e-07
7.87191320047271e-08
4.715028868214914e-08
1.560207104460221e-08
-1.593934045358285e-08
-4.748775942921838e-08
-7.905700458617995e-08
-1.106609102857623e-07
-1.423133350074732e-07
-1.740281701916952e-07
-2.058193517005184e-07
-2.377008695968348e-07
-2.696867764367744e-07
-3.01791198347003e-07
-3.340283449224216e-07
-3.664125177931427e-07
-3.989581209591758e-07
-4.316796710172157e-07
-4.645918060083169e-07
-4.97709294793258e-07
-5.310470481455471e-07
-5.646201266753975e-07
-5.984437501960528e-07
-6.325333089517043e-07
-6.66904369376931e-07
-7.015726837088676e-07
-7.365541988221259e-07
-7.718650622974251e-07
-8.075216314006347e-07
-8.435404784233734e-07
-8.79938395437947e-07
-9.167323992908746e-07
-9.539397350953485e-07
-9.915778766819644e-07
-1.029664528001413e-06
-1.068217620743368e-06
-1.10725530808419e-06
-1.146795959881613e-06
-1.186858148049908e-06
-1.227460634567558e-06
-1.268622350856314e-06
-1.310362370909871e-06
-1.35269988156982e-06
-1.395654138702371e-06
-1.439244420612695e-06
-1.483489965966878e-06
-1.528409899547391e-06
-1.574023141626415e-06
-1.620348297974631e-06
-1.667403525784405e-06
-1.715206372436411e-06
-1.763773577650134e-06
-1.81312083636228e-06
-1.863262505974653e-06
-1.914211250076016e-06
-1.96597760353962e-06
-2.018569430931926e-06
-2.071991271285797e-06
-2.126243514608988e-06
-2.181321393913982e-06
-2.237213725204013e-06
-2.293901350922115e-06
-2.35135520498874e-06
-2.409533920769458e-06
-2.468380880911195e-06
-2.52782059850222e-06
-2.587754306417906e-06
-2.648054586179717e-06
-2.708558762369375e-06
-2.769060299820386e-06
-2.82929573558626e-06
-2.88891861569248e-06
-2.947430650561965e-06
-3.003966883046894e-06
-3.056577398034414e-06
-3.099764940858905e-06
-3.115942685666983e-06
-3.04546629243673e-06
-2.679782015374048e-06
-1.270779734847528e-06
3.951524500172218e-06
2.589034458877684e-05
0.0001239898720495522
0.0004045650105315019
-0.0004073368146379378
-0.0001247671838380567
-2.597135540286335e-05
-3.879375365857274e-06
1.37624891811586e-06
2.790788797992058e-06
3.154145960993954e-06
3.219944934916731e-06
3.198388711039694e-06
3.149679941565802e-06
3.091632072890892e-06
3.029852808965407e-06
2.966351343943861e-06
2.902023297378359e-06
2.837379101721352e-06
2.772764834386543e-06
2.708435264749375e-06
2.644583030190144e-06
2.581353970706192e-06
2.518857348487418e-06
2.457173559238132e-06
2.396360211257543e-06
2.336456972161511e-06
2.277489414132794e-06
2.219472058194505e-06
2.162410775793709e-06
2.106304671871132e-06
2.05114757144503e-06
1.996929182607385e-06
1.94363601383091e-06
1.891252100285183e-06
1.839759574789111e-06
1.789139127057527e-06
1.739370365471091e-06
1.690432106676436e-06
1.642302611246047e-06
1.594959769736785e-06
1.548381255602282e-06
1.502544645751789e-06
1.457427517740958e-06
1.4130075310326e-06
1.369262487965279e-06
1.326170384138574e-06
1.283709448367545e-06
1.24185817080516e-06
1.200595327884548e-06
1.159899999665693e-06
1.11975157892999e-06
1.08012977937735e-06
1.041014639973363e-06
1.00238652497156e-06
9.642261226571558e-07
9.265144407196586e-07
8.892328000032358e-07
8.52362829355994e-07
8.158864581222198e-07
7.797859057298997e-07
7.440436715543885e-07
7.086425249164226e-07
6.735654945665635e-07
6.38795857605025e-07
6.043171276109418e-07
5.701130428278446e-07
5.361675551609486e-07
5.02464818420131e-07
4.689891754748553e-07
4.35725146151126e-07
4.026574166560421e-07
3.697708278791892e-07
3.370503624458347e-07
3.044811329209369e-07
2.720483707780026e-07
2.397374146396347e-07
2.075336980368561e-07
1.754227386466969e-07
1.433901281824002e-07
1.114215200927354e-07
7.950261699132226e-08
4.761916024686211e-08
1.575691966214173e-08
-1.609831838658587e-08
-4.796076261337017e-08
-7.98446268854237e-08
-1.117641414498141e-07
-1.437335654983015e-07
-1.757671969715186e-07
-2.078793831251808e-07
-2.400845334204956e-07
-2.723971306744904e-07
-3.048317414067198e-07
-3.374030279327031e-07
-3.701257605327479e-07
-4.030148275855447e-07
-4.360852476081923e-07
-4.693521823713052e-07
-5.028309466074647e-07
-5.36537021130822e-07
-5.704860651676386e-07
-6.046939264799748e-07
-6.391766554311276e-07
-6.739505158650862e-07
-7.090319959534764e-07
-7.444378210421084e-07
-7.801849649742187e-07
-8.162906610793263e-07
-8.527724129354098e-07
-8.896480050076845e-07
-9.269355113111395e-07
-9.646533063568352e-07
-1.002820071369278e-06
-1.041454801864857e-06
-1.080576814957105e-06
-1.12020574962702e-06
-1.160361571805111e-06
-1.201064571408242e-06
-1.242335359755178e-06
-1.284194862921132e-06
-1.326664307933178e-06
-1.369765208591222e-06
-1.413519341212292e-06
-1.457948715035247e-06
-1.503075532424406e-06
-1.548922139692978e-06
-1.595510964125703e-06
-1.642864435840913e-06
-1.691004886794293e-06
-1.7399544319641e-06
-1.789734816123863e-06
-1.840367227568382e-06
-1.891872064429232e-06
-1.944268641646147e-06
-1.997574831901556e-06
-2.051806603499044e-06
-2.106977453125885e-06
-2.163097675680779e-06
-2.22017345006872e-06
-2.278205672317579e-06
-2.337188473462835e-06
-2.397107331678846e-06
-2.457936672277859e-06
-2.519636822295737e-06
-2.582150161211033e-06
-2.645396279707219e-06
-2.709265894820078e-06
-2.773613138020553e-06
-2.83824533627556e-06
-2.902907666859185e-06
-2.967253987719239e-06
-3.030773780131596e-06
-3.092571318999869e-06
-3.150637279796625e-06
-3.199363793922206e-06
-3.220937223641614e-06
-3.155154686580829e-06
-2.79181292757316e-06
-1.377287106480278e-06
3.878324856201024e-06
2.597027396561364e-05
0.0001247660161297818
0.0004073371651650981
-0.0004100995316093118
-0.0001255341504631772
-2.604261332112295e-05
-3.79824168026525e-06
1.489791983128969e-06
2.908870579106753e-06
3.268881673832406e-06
3.329019131770791e-06
3.301174090925157e-06
3.246130782190939e-06
3.181939347216168e-06
3.1143180903713e-06
3.045329017542234e-06
2.97588813661608e-06
2.906506099735243e-06
2.837516518785316e-06
2.769154135264896e-06
2.701587585558167e-06
2.634937195042852e-06
2.569286809010408e-06
2.504692495137185e-06
2.441189172866127e-06
2.378795710765113e-06
2.317518833352635e-06
2.257356106400556e-06
2.198298216936725e-06
2.140330701333521e-06
2.083435267249818e-06
2.027590797032625e-06
1.972774114464218e-06
1.918960576422395e-06
1.866124522664173e-06
1.814239626410838e-06
1.763279164737534e-06
1.713216227694326e-06
1.664023884172375e-06
1.615675307017608e-06
1.568143872222468e-06
1.521403235430805e-06
1.475427389361952e-06
1.430190709818594e-06
1.385667986381969e-06
1.341834444505248e-06
1.298665763160531e-06
1.256138083402739e-06
1.214228012629028e-06
1.172912625072571e-06
1.13216945688815e-06
1.091976501045017e-06
1.052312200179131e-06
1.013155434900903e-06
9.744855119052963e-07
9.362821522135906e-07
8.985254777137158e-07
8.611959969467967e-07
8.242745902356339e-07
7.877424944646945e-07
7.515812881586578e-07
7.157728759107842e-07
6.802994721672339e-07
6.451435861413825e-07
6.102880073776453e-07
5.757157901375316e-07
5.414102372729417e-07
5.073548855768982e-07
4.735334919675602e-07
4.399300186981379e-07
4.065286183027943e-07
3.733136195027551e-07
3.402695141421616e-07
3.07380943041767e-07
2.746326810235581e-07
2.420096238188612e-07
2.094967763902055e-07
1.77079239469209e-07
1.447421956410287e-07
1.124708968684592e-07
8.025065233010277e-08
4.806681446175971e-08
1.590476615841625e-08
-1.625008990112474e-08
-4.841234445986306e-08
-8.059659551964827e-08
-1.128174598362073e-07
-1.450895851750523e-07
-1.774276636521948e-07
-2.098464439111438e-07
-2.42360743536333e-07
-2.74985463003993e-07
-3.077355987263602e-07
-3.406262547134746e-07
-3.73672657231019e-07
-4.068901679362051e-07
-4.402942959572767e-07
-4.739007139765991e-07
-5.07725271402447e-07
-5.417840075058188e-07
-5.760931671494246e-07
-6.106692148182721e-07
-6.455288494982618e-07
-6.806890197982185e-07
-7.161669389688307e-07
-7.519800993987804e-07
-7.881462892867788e-07
-8.246836077456458e-07
-8.616104790385741e-07
-8.989456701653883e-07
-9.3670830381618e-07
-9.749178752606313e-07
-1.013594266634338e-06
-1.052757759619312e-06
-1.092429052035337e-06
-1.132629267531199e-06
-1.173379969000889e-06
-1.214703168027377e-06
-1.256621332441503e-06
-1.299157393647191e-06
-1.342334749437253e-06
-1.386177264066753e-06
-1.430709263603295e-06
-1.475955527217153e-06
-1.521941271374963e-06
-1.568692127743338e-06
-1.616234108911577e-06
-1.664593567143027e-06
-1.713797132105868e-06
-1.763871638254489e-06
-1.814844024347364e-06
-1.866741205830143e-06
-1.919589913618774e-06
-1.973416480358811e-06
-2.028246575162254e-06
-2.084104847285463e-06
-2.141014479177682e-06
-2.198996594480945e-06
-2.258069491857702e-06
-2.31824764038573e-06
-2.379540360052635e-06
-2.441950087873612e-06
-2.505470101288515e-06
-2.570081531093514e-06
-2.635749453273145e-06
-2.702417793614142e-06
-2.770002693216351e-06
-2.838383804416234e-06
-2.907392463037753e-06
-2.97679388238072e-06
-3.046254392636562e-06
-3.115263260599184e-06
-3.182904375745111e-06
-3.247115594015094e-06
-3.302178440962332e-06
-3.330042562282681e-06
-3.26992346359367e-06
-2.909929700417639e-06
-1.490867034442641e-06
3.797152576089211e-06
2.60414916675984e-05
0.0001255329409353237
0.0004100998505832529
-0.0004128512295991032
-0.0001262904363417676
-2.610387188112965e-05
-3.70808838070911e-06
1.611181364989582e-06
3.033538649467345e-06
3.388949616044965e-06
3.442247416181375e-06
3.407056221743545e-06
3.344764169503532e-06
3.273662835453318e-06
3.199573842468637e-06
3.124597683527518e-06
3.049653257280839e-06
2.975233439994672e-06
2.901642516760932e-06
2.829080321107814e-06
2.757678893605277e-06
2.687522706479111e-06
2.618661893273319e-06
2.551121651986353e-06
2.484909120349278e-06
2.420018440373245e-06
2.356434480397493e-06
2.294135556816481e-06
2.233095424514174e-06
2.173284720858221e-06
2.114672022233872e-06
2.057224611918661e-06
2.000909037286701e-06
1.945691520758252e-06
1.89153825651839e-06
1.838415628869055e-06
1.786290372947722e-06
1.735129688501786e-06
1.684901324349297e-06
1.635573635863468e-06
1.587115625333331e-06
1.539496969679048e-06
1.492688032978055e-06
1.446659873642335e-06
1.401384244733403e-06
1.356833587014641e-06
1.312981021148517e-06
1.269800334417809e-06
1.227265964164946e-06
1.185352982124326e-06
1.144037075070974e-06
1.103294523793588e-06
1.063102183329734e-06
1.023437461637251e-06
9.842782978200484e-07
9.456031407119697e-07
9.073909264787529e-07
8.696210568585377e-07
8.322733788780978e-07
7.953281634458636e-07
7.587660831260407e-07
7.225681918362346e-07
6.867159056637412e-07
6.511909829162437e-07
6.159755040083291e-07
5.810518525264361e-07
5.46402697397578e-07
5.120109749755335e-07
4.778598707145212e-07
4.439328020060786e-07
4.102134021428595e-07
3.766855034612615e-07
3.433331203026316e-07
3.101404335016938e-07
2.770917753764914e-07
2.441716138577402e-07
2.113645373116045e-07
1.786552409864241e-07
1.460285125726703e-07
1.134692163065355e-07
8.09622789105654e-08
4.84926763788007e-08
1.604541911131388e-08
-1.639446199295121e-08
-4.884192845081361e-08
-8.131194874871496e-08
-1.138195132062916e-07
-1.463796468892469e-07
-1.790074228856505e-07
-2.117179776771915e-07
-2.445265250456999e-07
-2.774483700146756e-07
-3.104989249825538e-07
-3.436937231853144e-07
-3.770484333016864e-07
-4.105788759282241e-07
-4.443010380539981e-07
-4.782310892775923e-07
-5.123853985914181e-07
-5.467805500884079e-07
-5.814333595083283e-07
-6.163608926812644e-07
-6.515804831364741e-07
-6.871097488711372e-07
-7.229666126103011e-07
-7.591693189838998e-07
-7.957364545986113e-07
-8.326869688924089e-07
-8.700401915857901e-07
-9.07815856517354e-07
-9.460341207637054e-07
-9.84715585526418e-07
-1.023881318739516e-06
-1.06355287517128e-06
-1.103752320865087e-06
-1.144502252939375e-06
-1.185825820889843e-06
-1.227746748587407e-06
-1.270289355393439e-06
-1.313478575229009e-06
-1.357339975852609e-06
-1.401899775937451e-06
-1.447184860910985e-06
-1.49322279608567e-06
-1.540041834580872e-06
-1.587670925600084e-06
-1.636139711336941e-06
-1.685478524833212e-06
-1.735718370618928e-06
-1.786890900840016e-06
-1.839028375542104e-06
-1.892163601983226e-06
-1.946329855563964e-06
-2.001560759497673e-06
-2.057890130410794e-06
-2.115351754341215e-06
-2.173979092147309e-06
-2.233804870241292e-06
-2.294860521403641e-06
-2.357175417572959e-06
-2.420775814634218e-06
-2.485683403926863e-06
-2.551913325229321e-06
-2.61947144151848e-06
-2.688350618891986e-06
-2.758525660294989e-06
-2.829946427260467e-06
-2.902528435038645e-06
-2.976139626049568e-06
-3.050580133425941e-06
-3.125545625493228e-06
-3.200543153961929e-06
-3.274653722538201e-06
-3.345776704214451e-06
-3.408090299520196e-06
-3.443302703364012e-06
-3.390025486149645e-06
-3.034634114175675e-06
-1.612294989758863e-06
3.706958610605671e-06
2.61027076095617e-05
0.0001262891823486764
0.0004128515142579894
-0.0004155899417766063
-0.00012703420470367
-2.615354684918819e-05
-3.607673846234873e-06
1.741280531857994e-06
3.165291158547149e-06
3.514529430659678e-06
3.559555501529699e-06
3.51577541598815e-06
3.445198026694847e-06
3.366350500857077e-06
3.285138299875632e-06
3.203674499968583e-06
3.122853585450744e-06
3.043125006795562e-06
2.964741282686404e-06
2.887848643168362e-06
2.812527501306737e-06
2.738814711399686e-06
2.666717674062193e-06
2.596223908583034e-06
2.527307695776408e-06
2.459934703101263e-06
2.394065192122708e-06
2.329656219731592e-06
2.266663143554923e-06
2.205040636631642e-06
2.144743369212109e-06
2.085726460553612e-06
2.02794576873989e-06
1.971358080116436e-06
1.915921223588214e-06
1.861594135135895e-06
1.80833689129347e-06
1.75611071701543e-06
1.704877981878874e-06
1.65460218434425e-06
1.605247927908201e-06
1.556780894861663e-06
1.509167813367831e-06
1.462376425344037e-06
1.416375453542702e-06
1.371134563787207e-06
1.326624330306177e-06
1.282816201554856e-06
1.239682463536831e-06
1.197196204874104e-06
1.155331281565077e-06
1.114062282220833e-06
1.073364496431279e-06
1.033213882070697e-06
9.935870318806798e-07
9.54461143153046e-07
9.158139883572389e-07
8.776238853221488e-07
8.398696687024699e-07
8.025306627792032e-07
7.655866550746668e-07
7.290178707174677e-07
6.928049469886079e-07
6.569289089454377e-07
6.213711469140674e-07
5.861133938874845e-07
5.511377026937454e-07
5.164264253487523e-07
4.819621935588752e-07
4.47727898339736e-07
4.137066695192986e-07
3.798818576123939e-07
3.462370161833101e-07
3.127558830329424e-07
2.794223621614365e-07
2.462205079231824e-07
2.131345083583661e-07
1.801486679715484e-07
1.472473922967308e-07
1.144151723964021e-07
8.163656799670564e-08
4.889619175406294e-08
1.61786948589956e-08
-1.653124835249537e-08
-4.924895640067441e-08
-8.198975536745396e-08
-1.147689942744055e-07
-1.476020611495701e-07
-1.805043968392545e-07
-2.134915109240641e-07
-2.465789987405379e-07
-2.797825562401041e-07
-3.131179964254791e-07
-3.466012662309625e-07
-3.802484623521588e-07
-4.140758483947403e-07
-4.480998729960396e-07
-4.823371873240536e-07
-5.168046628799395e-07
-5.515194114738198e-07
-5.864988032309567e-07
-6.217604871102746e-07
-6.573224130087407e-07
-6.932028503681516e-07
-7.294204120344664e-07
-7.659940757356135e-07
-8.029432064007819e-07
-8.402875832213151e-07
-8.780474219628467e-07
-9.162434021547133e-07
-9.548966932525244e-07
-9.940289810414516e-07
-1.033662497660813e-06
-1.073820049994497e-06
-1.114525049931289e-06
-1.155801545468567e-06
-1.197674252578254e-06
-1.240168587015497e-06
-1.283310699151144e-06
-1.327127506168281e-06
-1.371646728596791e-06
-1.416896924897162e-06
-1.462907526558537e-06
-1.509708875120375e-06
-1.557332254592123e-06
-1.605809931525713e-06
-1.655175185131136e-06
-1.705462343674805e-06
-1.756706812261139e-06
-1.808945100816881e-06
-1.862214849625539e-06
-1.916554842038398e-06
-1.97200501404366e-06
-2.028606439797463e-06
-2.086401302632209e-06
-2.145432826506481e-06
-2.205745164370655e-06
-2.267383210746469e-06
-2.330392307534344e-06
-2.394817794507128e-06
-2.460704328715409e-06
-2.528094866758625e-06
-2.597029162548715e-06
-2.667541559781317e-06
-2.739657789918598e-06
-2.813390342412601e-06
-2.888731823113635e-06
-2.965645379737033e-06
-3.044050595365867e-06
-3.123801220804936e-06
-3.204644706878836e-06
-3.286131548915031e-06
-3.367367177840783e-06
-3.446238395080657e-06
-3.516839563759724e-06
-3.560643274141134e-06
-3.515640354056178e-06
-3.166424342692481e-06
-1.742434553781208e-06
3.606501125445074e-06
2.61523372462674e-05
0.0001270329032081016
0.000415590188927598
-0.0004183131281278866
-0.0001277631124525687
-2.618967094825881e-05
-3.495527802305593e-06
1.881029652629274e-06
3.304577561451212e-06
3.64566445965009e-06
3.680683297008442e-06
3.626868372257534e-06
3.546851501310701e-06
3.459370185854886e-06
3.370374900188223e-06
3.28194877964808e-06
3.194921672681228e-06
3.109664693458281e-06
3.026349993809235e-06
2.945047733183955e-06
2.865769602422756e-06
2.788492152040744e-06
2.713170826504587e-06
2.639748871038571e-06
2.568163058624129e-06
2.498347340791994e-06
2.430235136255991e-06
2.3637607155359e-06
2.298860007002976e-06
2.235471028383811e-06
2.173534086006082e-06
2.1129918358322e-06
2.053789257533816e-06
1.995873586206894e-06
1.939194219139281e-06
1.88370261051727e-06
1.829352167585233e-06
1.77609814667644e-06
1.723897554794204e-06
1.672709055993228e-06
1.622492881955674e-06
1.573210751074063e-06
1.52482578991701e-06
1.477302458920488e-06
1.43060648442827e-06
1.384704792678802e-06
1.339565448422381e-06
1.295157597404477e-06
1.251451408803185e-06
1.20841802182392e-06
1.166029496228815e-06
1.124258763241697e-06
1.083079579273068e-06
1.042466482552948e-06
1.002394750953954e-06
9.628403616721531e-07
9.237799522598257e-07
8.851907835629676e-07
8.470507055492994e-07
8.093381239768109e-07
7.720319670958081e-07
7.35111654730942e-07
6.985570694784205e-07
6.623485279306848e-07
6.26466752624632e-07
5.908928463042988e-07
5.5560826743006e-07
5.205948057868953e-07
4.85834558623722e-07
4.513099084913774e-07
4.170035015982374e-07
3.828982257908884e-07
3.489771903242863e-07
3.152237070073524e-07
2.816212701756512e-07
2.481535371812685e-07
2.148043107922492e-07
1.815575216727833e-07
1.483972100707703e-07
1.153075084746439e-07
8.227262500263433e-08
4.927682550822751e-08
1.630441667688946e-08
-1.666026912688503e-08
-4.963289138626797e-08
-8.262911861431898e-08
-1.156646437577025e-07
-1.487552014906396e-07
-1.819165849906099e-07
-2.15164661950115e-07
-2.485153926269517e-07
-2.81984847730466e-07
-3.155892252417735e-07
-3.493448683681147e-07
-3.832682848600805e-07
-4.173761645304333e-07
-4.516853989309379e-07
-4.862131025652416e-07
-5.209766312144158e-07
-5.559936043661305e-07
-5.91281926768035e-07
-6.268598102501704e-07
-6.627457997398416e-07
-6.989587946715572e-07
-7.355180747341242e-07
-7.724433269933794e-07
-8.097546717451079e-07
-8.474726929199903e-07
-8.856184660975867e-07
-9.242135896255816e-07
-9.632802179156012e-07
-1.00284109404703e-06
-1.042919584464203e-06
-1.083539717096536e-06
-1.124726219668821e-06
-1.166504559414016e-06
-1.208900985862321e-06
-1.251942572837578e-06
-1.295657267463094e-06
-1.34007393608525e-06
-1.385222416787779e-06
-1.431133572177789e-06
-1.477839343371342e-06
-1.525372812440816e-06
-1.573768259729462e-06
-1.623061234284641e-06
-1.673288619303051e-06
-1.724488706729236e-06
-1.776701274192689e-06
-1.82996766712259e-06
-1.884330890581303e-06
-1.939835699049357e-06
-1.996528697809268e-06
-2.054458444193655e-06
-2.11367555553613e-06
-2.174232810493775e-06
-2.236185243494844e-06
-2.299590214229367e-06
-2.364507431411067e-06
-2.430998894905706e-06
-2.49912869620474e-06
-2.568962583094711e-06
-2.640567158798504e-06
-2.71400848995495e-06
-2.789349825645298e-06
-2.866647939994669e-06
-2.945947408670873e-06
-3.027271697653397e-06
-3.110609128489903e-06
-3.195889544663184e-06
-3.282940785312928e-06
-3.37139170422127e-06
-3.460412397130331e-06
-3.547919622152296e-06
-3.6279627485329e-06
-3.681804031799044e-06
-3.646811313978322e-06
-3.305749826219972e-06
-1.882225987112167e-06
3.494309621636901e-06
2.618841293511012e-05
0.0001277617599397615
0.0004183133340468363
-0.0004210174361447357
-0.0001284741150625483
-2.620977462751765e-05
-3.369917142886851e-06
2.03140888199997e-06
3.451716865790082e-06
3.782161318986364e-06
3.805086068538063e-06
3.739583093552464e-06
3.648878728158236e-06
3.551862401587333e-06
3.454461568176499e-06
3.358664190638248e-06
3.265179225066063e-06
3.174254178937013e-06
3.085946183156067e-06
3.000223798889038e-06
2.917011770298392e-06
2.836213676929377e-06
2.757724412699365e-06
2.681437249815983e-06
2.607247761510463e-06
2.535055856357232e-06
2.464766691514746e-06
2.396290926262027e-06
2.32954461321551e-06
2.264448905113e-06
2.200929680367246e-06
2.13891715340923e-06
2.078345494824098e-06
2.019152481016561e-06
1.961279180304243e-06
1.904669671257998e-06
1.849270796660824e-06
1.795031943673883e-06
1.741904849721464e-06
1.689843432753384e-06
1.638803636790508e-06
1.588743294826405e-06
1.53962200436455e-06
1.491401013042167e-06
1.444043117075806e-06
1.397512566101715e-06
1.351774973873749e-06
1.306797238146378e-06
1.262547464746035e-06
1.218994895511673e-06
1.176109842012497e-06
1.133863622984697e-06
1.092228506171378e-06
1.051177653622024e-06
1.010685068411598e-06
9.707255447040307e-07
9.312746219219095e-07
8.92308540499575e-07
8.538041993762958e-07
8.157391167260173e-07
7.780913927921296e-07
7.408396730383902e-07
7.039631132204313e-07
6.674413473751137e-07
6.312544571358453e-07
5.953829413312206e-07
5.598076875246407e-07
5.245099457898226e-07
4.894713025661119e-07
4.546736542384037e-07
4.200991831692275e-07
3.857303350096094e-07
3.515497959402995e-07
3.175404706112587e-07
2.836854615522277e-07
2.499680482818285e-07
2.163716665778722e-07
1.828798898903566e-07
1.494764109172265e-07
1.161450215633825e-07
8.286959460350171e-08
4.963406572017441e-08
1.642241450291949e-08
-1.678135266193266e-08
-4.999321991658183e-08
-8.322918079075867e-08
-1.165052559298367e-07
-1.498375103656365e-07
-1.83242071881956e-07
-2.167351494771669e-07
-2.503330513104213e-07
-2.840522043411866e-07
-3.179091739418001e-07
-3.519206816642771e-07
-3.861036266371293e-07
-4.204751060053171e-07
-4.550524347863743e-07
-4.898531696138954e-07
-5.248951296323844e-07
-5.60196420181978e-07
-5.957754582027999e-07
-6.316509956761564e-07
-6.678421473003842e-07
-7.043684169802639e-07
-7.412497260059734e-07
-7.785064434825418e-07
-8.161594164821719e-07
-8.54230003499314e-07
-8.92740109032641e-07
-9.317122191566862e-07
-9.711694387106261e-07
-1.011135532212825e-06
-1.051634964348606e-06
-1.092692945708638e-06
-1.134335479797465e-06
-1.176589410465934e-06
-1.219482476392123e-06
-1.263043363587148e-06
-1.307301767747293e-06
-1.352288454030277e-06
-1.398035324025979e-06
-1.444575488392147e-06
-1.491943339465783e-06
-1.540174637686582e-06
-1.589306594856292e-06
-1.639377972604419e-06
-1.690429183763837e-06
-1.742502405844563e-06
-1.795641706498339e-06
-1.849893179173585e-06
-1.905305098630923e-06
-1.961928090343243e-06
-2.019815325563823e-06
-2.079022739578803e-06
-2.139609280360975e-06
-2.201637187172128e-06
-2.265172306600414e-06
-2.33028444237339e-06
-2.397047734575944e-06
-2.465541051806767e-06
-2.535848366648823e-06
-2.608059044321085e-06
-2.682267956013624e-06
-2.758575218675434e-06
-2.837085290494886e-06
-2.917904930093587e-06
-3.001139279069958e-06
-3.086884791173945e-06
-3.175216755327636e-06
-3.266166637564984e-06
-3.359677328319178e-06
-3.455501325329407e-06
-3.55292964728233e-06
-3.649974268220122e-06
-3.740707604287461e-06
-3.806240008334574e-06
-3.783344799770829e-06
-3.452929482981759e-06
-2.032649490638439e-06
3.368650771137705e-06
2.620846471323445e-05
0.0001284727074424595
0.0004210175964519181
-0.0004236983279684062
-0.0001291631746762978
-2.621072707547066e-05
-3.228826704286276e-06
2.193351548711939e-06
3.60675356220142e-06
3.923432100885864e-06
3.931791962854043e-06
3.852765831726046e-06
3.750088154549835e-06
3.642688531303605e-06
3.536361589763359e-06
3.432905779420041e-06
3.33283465362289e-06
3.236216697650608e-06
3.142954698155725e-06
3.052888804189725e-06
2.965839186193032e-06
2.881625283634221e-06
2.80007465104361e-06
2.721026676781608e-06
2.644333656334284e-06
2.569860506377204e-06
2.497483840644212e-06
2.427090798305605e-06
2.35857784057827e-06
2.291849624281179e-06
2.22681799151056e-06
2.163401093824574e-06
2.101522642439228e-06
2.041111271912831e-06
1.982100004140733e-06
1.924425791584138e-06
1.868029131535885e-06
1.812853735733352e-06
1.758846245597251e-06
1.705955987413951e-06
1.654134755024399e-06
1.60333662005069e-06
1.553517764635668e-06
1.504636328514412e-06
1.456652272940735e-06
1.409527257748472e-06
1.363224527821935e-06
1.317708810158505e-06
1.272946217934046e-06
1.228904161188281e-06
1.18555126596606e-06
1.142857298512773e-06
1.100793093289947e-06
1.059330487238712e-06
1.01844225797843e-06
9.781020645498373e-07
9.382843923465111e-07
8.989645021916709e-07
8.601183822979651e-07
8.217227024310339e-07
7.837547700933393e-07
7.461924895071169e-07
7.090143230581886e-07
6.721992541736324e-07
6.357267524440732e-07
5.995767409145125e-07
5.637295646326863e-07
5.281659601813146e-07
4.928670269559123e-07
4.578141996358941e-07
4.229892209556783e-07
3.88374116269527e-07
3.539511700883225e-07
3.197029021490318e-07
2.856120436129209e-07
2.516615152527566e-07
2.178344059480612e-07
1.841139515411505e-07
1.504835152035179e-07
1.169265669921263e-07
8.342666304064505e-08
4.996742620773023e-08
1.653252704612991e-08
-1.689433550519278e-08
-5.032945291617355e-08
-8.378912584542123e-08
-1.1728968411803e-07
-1.508475056734322e-07
-1.844790346353287e-07
-2.182008022338301e-07
-2.520294463966451e-07
-2.859817312387767e-07
-3.200745691144975e-07
-3.543250404714693e-07
-3.887504155383301e-07
-4.233681771736877e-07
-4.581960420896178e-07
-4.93251986183826e-07
-5.285542691312241e-07
-5.641214586791839e-07
-5.999724577668704e-07
-6.361265320489354e-07
-6.726033394239967e-07
-7.094229598937801e-07
-7.466059266262587e-07
-7.841732588239407e-07
-8.221464978196454e-07
-8.605477435235609e-07
-8.993996925852978e-07
-9.387256805297632e-07
-9.785497230730658e-07
-1.018896564182656e-06
-1.059791723059648e-06
-1.10126154595024e-06
-1.143333262285675e-06
-1.18603504018306e-06
-1.22939605222495e-06
-1.273446538419814e-06
-1.31821788001601e-06
-1.363742674168954e-06
-1.410054814727594e-06
-1.457189584206698e-06
-1.505183745536973e-06
-1.554075649201235e-06
-1.603905342378147e-06
-1.654714694885267e-06
-1.706547536213064e-06
-1.759449805803174e-06
-1.813469722426393e-06
-1.868657972950963e-06
-1.92506792904075e-06
-1.982755893244206e-06
-2.041781383481423e-06
-2.102207463519692e-06
-2.164101129797613e-06
-2.227533765051122e-06
-2.292581677283863e-06
-2.359326735583188e-06
-2.427857121792655e-06
-2.49826820433912e-06
-2.570663550650859e-06
-2.645156050324403e-06
-2.72186912448542e-06
-2.800937891033745e-06
-2.882510096151094e-06
-2.966746394611105e-06
-3.053819281746572e-06
-3.143909370172093e-06
-3.237196546330491e-06
-3.333840719995391e-06
-3.433939161431469e-06
-3.537423434507739e-06
-3.6437800138826e-06
-3.751210446531841e-06
-3.853920031896006e-06
-3.932979005703531e-06
-3.924652601290097e-06
-3.608007600098788e-06
-2.194638358327848e-06
3.227509211183746e-06
2.620936129510829e-05
0.0001291617071462712
0.0004236984374485942
-0.0004263494781378411
-0.0001298248133378495
-2.618853040325081e-05
-3.069986863868275e-06
2.367560269080782e-06
3.769208612425688e-06
4.068250195443816e-06
4.059201360645998e-06
3.964716526573472e-06
3.848850461152531e-06
3.730380358423624e-06
3.614802450968384e-06
3.503597396773517e-06
3.396990967603392e-06
3.294809852860387e-06
3.196761984657591e-06
3.1025342795493e-06
3.011828022885344e-06
2.924370929232887e-06
2.839919751238586e-06
2.758258933786812e-06
2.679197746941197e-06
2.60256701285015e-06
2.528215955660398e-06
2.456009390836385e-06
2.385825316941128e-06
2.317552905233396e-06
2.251090840793666e-06
2.186345965754394e-06
2.12323217237651e-06
2.061669495003837e-06
2.00158336634116e-06
1.942904001277129e-06
1.88556588435196e-06
1.829507338364208e-06
1.774670156110684e-06
1.72099928737444e-06
1.668442566940604e-06
1.616950475737213e-06
1.566475931796568e-06
1.516974102867418e-06
1.468402239647971e-06
1.420719526271986e-06
1.373886942482109e-06
1.327867139069725e-06
1.282624324952674e-06
1.238124161632954e-06
1.194333666027069e-06
1.151221121740425e-06
1.108755996676459e-06
1.066908865941987e-06
1.025651339493388e-06
9.849559950358806e-07
9.447963160902637e-07
9.051466334029166e-07
8.659820697599877e-07
8.272784890447526e-07
7.89012447557267e-07
7.511611474451449e-07
7.137023935718441e-07
6.766145536469112e-07
6.398765194909252e-07
6.03467669981396e-07
5.673678369988974e-07
5.315572729204088e-07
4.960166182701593e-07
4.607268716419193e-07
4.256693615050128e-07
3.908257182917977e-07
3.561778481720867e-07
3.217079082681318e-07
2.873982810930551e-07
2.532315502972701e-07
2.191904784531765e-07
1.852579850111791e-07
1.514171239996246e-07
1.176510627033852e-07
8.394306046468775e-08
5.027644694254542e-08
1.663460214412362e-08
-1.699906301486151e-08
-5.06411278974444e-08
-8.430818184391933e-08
-1.180168442883886e-07
-1.517837863442569e-07
-1.85625749806251e-07
-2.195595679354569e-07
-2.536021876459459e-07
-2.877706902667369e-07
-3.220823142884261e-07
-3.565544773791341e-07
-3.91204798487137e-07
-4.26051122502084e-07
-4.611115448484701e-07
-4.964044369725369e-07
-5.319484726662286e-07
-5.677626553713717e-07
-6.038663467235883e-07
-6.402792974687871e-07
-6.770216787258889e-07
-7.141141139654901e-07
-7.515777152242503e-07
-7.894341177493505e-07
-8.277055197960754e-07
-8.664147238430758e-07
-9.055851775502824e-07
-9.452410224104844e-07
-9.854071399867424e-07
-1.026109205005522e-06
-1.067373739328533e-06
-1.109228169673535e-06
-1.15170089297601e-06
-1.194821340065857e-06
-1.238620050854944e-06
-1.283128748365731e-06
-1.328380422296275e-06
-1.374409419428043e-06
-1.421251538672976e-06
-1.468944139011619e-06
-1.5175262496306e-06
-1.567038696709338e-06
-1.617524238891351e-06
-1.669027718538887e-06
-1.721596229904476e-06
-1.775279304714115e-06
-1.830129121396896e-06
-1.886200743695046e-06
-1.943552392818905e-06
-2.002245762757138e-06
-2.062346386104947e-06
-2.123924065878945e-06
-2.187053388399262e-06
-2.251814338286735e-06
-2.318293046079879e-06
-2.386582692409842e-06
-2.456784619399334e-06
-2.529009683670596e-06
-2.603379920014035e-06
-2.680030547195785e-06
-2.759112381869752e-06
-2.84079464458636e-06
-2.925268116801102e-06
-3.012748406755252e-06
-3.103478826882239e-06
-3.197731735546891e-06
-3.295805931394198e-06
-3.398014589005553e-06
-3.504649876754293e-06
-3.615885210299742e-06
-3.731494915252486e-06
-3.849998413214251e-06
-3.965899496578073e-06
-4.060420902818478e-06
-4.069507627019552e-06
-3.770504751550078e-06
-2.368895011686178e-06
3.068615206765063e-06
2.618710428789231e-05
0.0001298232802312174
0.000426349530528
-0.0004289617598585415
-0.0001304514144981128
-2.61380737299356e-05
-2.891021557091656e-06
2.554137533116455e-06
3.937656232065611e-06
4.214380279893751e-06
4.18481422412229e-06
4.073015203073173e-06
3.943005186760122e-06
3.813102811070063e-06
3.68827321713994e-06
3.56951763052311e-06
3.456669604602233e-06
3.349251010203976e-06
3.246739715522898e-06
3.148651758601572e-06
3.054562352588634e-06
2.964106134340356e-06
2.876970671411418e-06
2.792888372615863e-06
2.711628747357914e-06
2.632991670583186e-06
2.556801793255682e-06
2.4829040229803e-06
2.411159916909711e-06
2.341444828582312e-06
2.27364565297619e-06
2.207659039921838e-06
2.143389975340208e-06
2.080750642756474e-06
2.019659506383204e-06
1.96004056102688e-06
1.901822712439722e-06
1.844939262075179e-06
1.789327470175829e-06
1.734928184330223e-06
1.68168551887275e-06
1.629546573897091e-06
1.578461190603304e-06
1.528381733250174e-06
1.479262893093521e-06
1.431061514393315e-06
1.383736436408275e-06
1.337248348906141e-06
1.291559661288431e-06
1.246634382356666e-06
1.202438009689162e-06
1.158937428071789e-06
1.116100815491059e-06
1.073897556084845e-06
1.032298159607273e-06
9.91274185805086e-07
9.507981743362594e-07
9.108435803428969e-07
8.713847136865177e-07
8.323966809795065e-07
7.938553320953617e-07
7.557372102886066e-07
7.180195045900675e-07
6.806800051868837e-07
6.436970620841834e-07
6.070495452859508e-07
5.707168066844917e-07
5.346786450232919e-07
4.98915272183287e-07
4.634072801660149e-07
4.281356103138114e-07
3.930815244063769e-07
3.582265763261343e-07
3.235525846474571e-07
2.890416065785668e-07
2.54675912354771e-07
2.204379606886319e-07
1.863103760573381e-07
1.522759253081507e-07
1.183174940706168e-07
8.441806518163648e-08
5.056069610505932e-08
1.672849666473396e-08
-1.709539048589083e-08
-5.092781166616272e-08
-8.478562465842202e-08
-1.186857191613493e-07
-1.526450384697558e-07
-1.866806006802571e-07
-2.208095203027345e-07
-2.550490318813654e-07
-2.894165124148858e-07
-3.239295038251399e-07
-3.586057369917245e-07
-3.934631564895058e-07
-4.285199453554237e-07
-4.637945515862432e-07
-4.99305715540715e-07
-5.35072497594873e-07
-5.711143086181563e-07
-6.074509391697372e-07
-6.44102592688872e-07
-6.810899207639112e-07
-7.184340561838397e-07
-7.561566529883515e-07
-7.942799242458814e-07
-8.328266838615932e-07
-8.718203932970681e-07
-9.11285206200303e-07
-9.512460216168802e-07
-9.917285354580371e-07
-1.032759297807517e-06
-1.074365774181834e-06
-1.116576409417438e-06
-1.159420701320435e-06
-1.20292927227172e-06
-1.247133951476637e-06
-1.292067861249742e-06
-1.337765511193788e-06
-1.384262901556898e-06
-1.431597631521944e-06
-1.479809021146423e-06
-1.528938240923782e-06
-1.579028456353836e-06
-1.630124986503961e-06
-1.682275479183913e-06
-1.735530105771621e-06
-1.789941779576709e-06
-1.845566399652026e-06
-1.902463133136174e-06
-1.960694735434232e-06
-2.020327923135196e-06
-2.081433808233124e-06
-2.144088415485597e-06
-2.208373301939743e-06
-2.274376304456241e-06
-2.342192462579539e-06
-2.411925151411666e-06
-2.483687506460513e-06
-2.557604204466257e-06
-2.633813725134752e-06
-2.712471199822049e-06
-2.793752023457141e-06
-2.877856370712523e-06
-2.965014790982463e-06
-3.055494941217991e-06
-3.149609333374353e-06
-3.247723420959806e-06
-3.350262101412269e-06
-3.457709465010582e-06
-3.570587787884968e-06
-3.689375372508096e-06
-3.814238850114127e-06
-3.94417718544753e-06
-4.074225402830623e-06
-4.186064962845916e-06
-4.215673825005048e-06
-3.938994482977284e-06
-2.555521481310721e-06
2.889592757464031e-06
2.613658231824215e-05
0.0001304498090992623
0.0004289617475542231
-0.0004315214565122733
-0.0001310321135840527
-2.605290431920159e-05
-2.689883714902218e-06
2.7518657248107e-06
4.109018047276965e-06
4.35803508807208e-06
4.304880628334607e-06
4.174335991721965e-06
4.029789022164199e-06
3.888650982173826e-06
3.755056498733814e-06
3.629345041413981e-06
3.510856711836315e-06
3.398758735184739e-06
3.292279283807164e-06
3.190760238219186e-06
3.093655401821049e-06
3.000514147215099e-06
2.910963288595419e-06
2.824691041442706e-06
2.741433935639457e-06
2.660966524009074e-06
2.583093436853016e-06
2.507643306591032e-06
2.434464128187232e-06
2.363419713435191e-06
2.294386967911233e-06
2.227253780904629e-06
2.161917378829419e-06
2.098283021356985e-06
2.036262959468853e-06
1.975775589781516e-06
1.916744759064269e-06
1.859099186287523e-06
1.80277197280906e-06
1.747700185735043e-06
1.69382449965626e-06
1.64108888162083e-06
1.589440314767865e-06
1.538828554107953e-06
1.489205907146275e-06
1.44052703769375e-06
1.392748788166157e-06
1.345830018084254e-06
1.299731458092555e-06
1.254415575459818e-06
1.209846449832112e-06
1.165989660668314e-06
1.122812183487263e-06
1.080282292802749e-06
1.038369472706509e-06
9.970443347395519e-07
9.562785408415898e-07
9.16044731633266e-07
8.763164601749553e-07
8.370681295618738e-07
7.982749341415706e-07
7.599128051721574e-07
7.21958360163743e-07
6.843888545408712e-07
6.471821361950644e-07
6.103166030895579e-07
5.737711630016182e-07
5.375251952562689e-07
5.015585148999655e-07
4.658513382765477e-07
4.303842495722608e-07
3.951381696828107e-07
3.600943271417464e-07
3.252342287413836e-07
2.905396314670741e-07
2.559925164366062e-07
2.215750627814521e-07
1.872696229293225e-07
1.53058698942549e-07
1.189249175063837e-07
8.485100644032152e-08
5.081977234614626e-08
1.68140773549345e-08
-1.718318285548549e-08
-5.118910115308699e-08
-8.522078204027681e-08
-1.192953636835259e-07
-1.53430039921947e-07
-1.876420832940275e-07
-2.219488680873544e-07
-2.563678933911332e-07
-2.909168076719395e-07
-3.256134331476315e-07
-3.604757898501541e-07
-3.955221223786749e-07
-4.307709255973116e-07
-4.662409726502286e-07
-5.019513451246286e-07
-5.379214607690778e-07
-5.741711062241932e-07
-6.107204689438191e-07
-6.475901712218288e-07
-6.848013093698667e-07
-7.223754886153027e-07
-7.603348647042274e-07
-7.987021860353909e-07
-8.375008378488979e-07
-8.767548934592678e-07
-9.164891627868866e-07
-9.567292486621495e-07
-9.975016036401108e-07
-1.038833591859345e-06
-1.080753557602162e-06
-1.123290894858927e-06
-1.166476126321313e-06
-1.210340984227463e-06
-1.254918500281872e-06
-1.300243102497828e-06
-1.346350719162974e-06
-1.393278892681986e-06
-1.441066901984993e-06
-1.489755896738234e-06
-1.539389044552443e-06
-1.590011692292461e-06
-1.641671543710016e-06
-1.694418856650347e-06
-1.748306660218381e-06
-1.803391002226609e-06
-1.859731222545966e-06
-1.917390269770354e-06
-1.976435058923816e-06
-2.036936889938848e-06
-2.098971935132505e-06
-2.162621818415139e-06
-2.227974312415436e-06
-2.295124179707175e-06
-2.364174221263262e-06
-2.435236573823281e-06
-2.508434364448405e-06
-2.583903814489367e-06
-2.661796969515591e-06
-2.742285239725335e-06
-2.825564043919578e-06
-2.91185888450024e-06
-3.001433296984085e-06
-3.094599141249426e-06
-3.191729692409967e-06
-3.293275687265151e-06
-3.399783455491754e-06
-3.511911275722856e-06
-3.630431175914888e-06
-3.756176164362841e-06
-3.88980643009256e-06
-4.030982831922448e-06
-4.175571099697238e-06
-4.306160312010835e-06
-4.359362850369056e-06
-4.110397317317771e-06
-2.753299222866679e-06
2.688395237447276e-06
2.605134228650363e-05
0.0001310304279444806
0.000431521370200152
-0.0004340069343701749
-0.0001315510339345658
-2.592523277369011e-05
-2.465954208523447e-06
2.956833797380752e-06
4.277416318364143e-06
4.493117891678164e-06
4.413997756749653e-06
4.264294225508927e-06
4.105829840358956e-06
3.954514975192911e-06
3.813316959652023e-06
3.68174530795611e-06
3.558578075870835e-06
3.442612591504931e-06
3.332837384336073e-06
3.228439920275222e-06
3.128774070672211e-06
3.033323577962351e-06
2.941671033642857e-06
2.853473756659423e-06
2.768445710664097e-06
2.686344155548932e-06
2.60695984605557e-06
2.530109828512542e-06
2.455632119786889e-06
2.383381742283033e-06
2.313227742663143e-06
2.245050914582142e-06
2.178742039652198e-06
2.114200504662346e-06
2.051333199339032e-06
1.990053622533046e-06
1.930281144338835e-06
1.87194039112384e-06
1.814960724284796e-06
1.759275792695246e-06
1.704823146011326e-06
1.651543894621086e-06
1.599382409488433e-06
1.548286056076994e-06
1.498204954860272e-06
1.449091766487999e-06
1.400901498226376e-06
1.353591327119027e-06
1.307120439144544e-06
1.261449882702389e-06
1.216542433406852e-06
1.172362470055451e-06
1.128875861425245e-06
1.086049861660149e-06
1.043853012852423e-06
1.002255055127036e-06
9.612268437573854e-07
9.207402719328685e-07
8.807681983620466e-07
8.412843802478228e-07
8.022634109141902e-07
7.636806614402896e-07
7.255122257021976e-07
6.877348692148675e-07
6.503259807738257e-07
6.132635266412579e-07
5.765260082621913e-07
5.400924222463965e-07
5.03942221558398e-07
4.680552790650545e-07
4.324118530179635e-07
3.969925537072591e-07
3.617783125936102e-07
3.267503522860282e-07
2.918901566927227e-07
2.571794434005104e-07
2.226001371344083e-07
1.881343430856899e-07
1.537643216073806e-07
1.194724636262724e-07
8.524126588704207e-08
5.105330664361906e-08
1.689122218033801e-08
-1.726231629949413e-08
-5.142462579425274e-08
-8.56130347516809e-08
-1.198449072605845e-07
-1.541376659259819e-07
-1.885088144018151e-07
-2.22975962580241e-07
-2.575568507906932e-07
-2.922693748486345e-07
-3.27131612153042e-07
-3.621618459068549e-07
-3.973785936160853e-07
-4.328006348855878e-07
-4.684470394587914e-07
-5.043371997236039e-07
-5.404908597526709e-07
-5.769281487430932e-07
-6.136696166884501e-07
-6.507362694175176e-07
-6.881496094178522e-07
-7.259316737332955e-07
-7.641050768312357e-07
-8.026930570158764e-07
-8.417195236839223e-07
-8.812091110160336e-07
-9.21187230132532e-07
-9.61680128625995e-07
-1.002714953699437e-06
-1.044319817999898e-06
-1.086523872510811e-06
-1.129357382883178e-06
-1.172851813640321e-06
-1.217039917759735e-06
-1.261955833539156e-06
-1.307635189973278e-06
-1.354115220826053e-06
-1.401434886965494e-06
-1.449635012200752e-06
-1.498758429336115e-06
-1.548850141970177e-06
-1.599957500829547e-06
-1.652130396373973e-06
-1.705421476407491e-06
-1.759886382807286e-06
-1.815584021538911e-06
-1.872576858215084e-06
-1.930931260793653e-06
-1.99071788501336e-06
-2.052012123045052e-06
-2.114894625284699e-06
-2.17945191484107e-06
-2.245777127716433e-06
-2.313970900575078e-06
-2.384142480407094e-06
-2.456411101060574e-06
-2.530907750438935e-06
-2.607777441356778e-06
-2.687182200033205e-06
-2.769305025039665e-06
-2.854355213737164e-06
-2.942575563901719e-06
-3.034252181858478e-06
-3.129727830172125e-06
-3.22942001547533e-06
-3.333845115088081e-06
-3.443649407785042e-06
-3.559645614949121e-06
-3.682845446275796e-06
-3.814451878779304e-06
-3.955687246890292e-06
-4.107042523032365e-06
-4.265550972103508e-06
-4.415302899119291e-06
-4.494476446856725e-06
-4.27883378571699e-06
-2.95831550956453e-06
2.464404688748157e-06
2.592359485405331e-05
0.000131549258780107
0.0004340067626327634
-0.0004363820810775313
-0.0001319845848409572
-2.57468720330381e-05
-2.222647581612832e-06
3.159872370447926e-06
4.43238604228289e-06
4.610258845915565e-06
4.504743332728283e-06
4.337423886983406e-06
4.167281243633363e-06
4.008060195737587e-06
3.861272266301535e-06
3.725511867649222e-06
3.599006118463649e-06
3.480230676371435e-06
3.367990450839657e-06
3.261369659144728e-06
3.159664387491057e-06
3.062325615338983e-06
2.968916550235338e-06
2.879082052804175e-06
2.792527082570865e-06
2.709001553340286e-06
2.628289648097455e-06
2.550202220003135e-06
2.474571321778723e-06
2.401246207358491e-06
2.330090365337929e-06
2.260979271354966e-06
2.193798657686718e-06
2.128443151227692e-06
2.064815181428574e-06
2.002824089944378e-06
1.94238538898404e-06
1.883420136749206e-06
1.8258544034956e-06
1.769618808600473e-06
1.714648117627072e-06
1.660880885376494e-06
1.608259137754946e-06
1.556728089417611e-06
1.506235889333653e-06
1.456733390060641e-06
1.40817394002859e-06
1.360513194451277e-06
1.313708942223153e-06
1.267720947627703e-06
1.22251080530728e-06
1.178041807305999e-06
1.134278821273678e-06
1.09118817786088e-06
1.048737566672104e-06
1.00689594020658e-06
9.656334246514986e-07
9.24921237130527e-07
8.847316091452665e-07
8.450377150145235e-07
8.058136054846448e-07
7.670341460549414e-07
7.28674958618533e-07
6.907123667283336e-07
6.531233450529087e-07
6.158854713942353e-07
5.789768815626349e-07
5.423762274611539e-07
5.060626364982298e-07
4.700156728930917e-07
4.342153016449074e-07
3.986418540197178e-07
3.63275994629774e-07
3.280986906043449e-07
2.930911811934509e-07
2.582349477843772e-07
2.235116859472882e-07
1.889032789984446e-07
1.543917713535337e-07
1.199593425439697e-07
8.558828188345318e-08
5.126096284110561e-08
1.695981921103118e-08
-1.733267838033278e-08
-5.163404786831415e-08
-8.596181934023658e-08
-1.203335589512024e-07
-1.547668938004668e-07
-1.892795349597342e-07
-2.238893036268561e-07
-2.586141567610393e-07
-2.934722118903988e-07
-3.284817749019323e-07
-3.636613656079731e-07
-3.990297464398401e-07
-4.346059527311995e-07
-4.704093209542056e-07
-5.064595219541856e-07
-5.4277659307766e-07
-5.793809722635735e-07
-6.162935356961084e-07
-6.535356345673477e-07
-6.911291363818156e-07
-7.290964665602492e-07
-7.67460653710897e-07
-8.062453783276388e-07
-8.454750224389611e-07
-8.851747252870782e-07
-9.253704406999374e-07
-9.660889993512906e-07
-1.007358175898046e-06
-1.049206759411111e-06
-1.091664629793234e-06
-1.134762840900878e-06
-1.17853370955501e-06
-1.223010912385393e-06
-1.26822958984297e-06
-1.314226457487661e-06
-1.361039930126554e-06
-1.408710252298878e-06
-1.457279646000322e-06
-1.50679246723525e-06
-1.557295378202849e-06
-1.608837538110135e-06
-1.661470809075899e-06
-1.715249990072547e-06
-1.770233068397488e-06
-1.826481507055497e-06
-1.884060556573531e-06
-1.943039614713036e-06
-2.00349262927685e-06
-2.06549856106716e-06
-2.12914192009956e-06
-2.194513387304317e-06
-2.2617105597058e-06
-2.330838834727922e-06
-2.402012510143287e-06
-2.475356139820672e-06
-2.551006270931735e-06
-2.629113686282385e-06
-2.709846377126639e-06
-2.793393535796326e-06
-2.879971031765669e-06
-2.969829012963975e-06
-3.063262590181168e-06
-3.160626986057199e-06
-3.262359092763904e-06
-3.36900805517184e-06
-3.481277944413929e-06
-3.600084747489391e-06
-3.72662381885431e-06
-3.862419855690787e-06
-4.009246217949433e-06
-4.168509134341132e-06
-4.338697933370658e-06
-4.506068921008658e-06
-4.611642690724411e-06
-4.433836255644229e-06
-3.161398028667326e-06
2.221038221408896e-06
2.574515406549217e-05
0.0001319827097801148
0.0004363818100605751
-0.0004385825586810751
-0.0001322979292565811
-2.55132423751838e-05
-1.973400694230931e-06
3.341897356852404e-06
4.556280375027991e-06
4.695807175154778e-06
4.567570941949239e-06
4.387464399390077e-06
4.210208895862819e-06
4.046880119932386e-06
3.897469249827648e-06
3.759764574319705e-06
3.631595392695045e-06
3.51125879030685e-06
3.397491914314903e-06
3.289363125938434e-06
3.186174121682727e-06
3.087388110180789e-06
2.992580490021187e-06
2.901405736958723e-06
2.813575258326842e-06
2.728842499044024e-06
2.64699279912839e-06
2.567836375901982e-06
2.491203372532068e-06
2.416940281988513e-06
2.344907307130659e-06
2.274976356361584e-06
2.207029487036055e-06
2.140957666083984e-06
2.0766597604912e-06
2.014041699710904e-06
1.953015765691942e-06
1.893499984533646e-06
1.835417599329521e-06
1.778696606010358e-06
1.723269343304301e-06
1.669072127322972e-06
1.616044923099598e-06
1.564131049866764e-06
1.513276914758271e-06
1.463431770929084e-06
1.414547498254115e-06
1.366578402989855e-06
1.319481034517708e-06
1.2732140180207e-06
1.227737900412081e-06
1.183015009126482e-06
1.139009323301539e-06
1.095686354561097e-06
1.053013036336621e-06
1.010957622210995e-06
9.694895918479346e-07
9.285795631710191e-07
8.881992116453648e-07
8.483211954730869e-07
8.089190852991849e-07
7.699672988001486e-07
7.314410399688791e-07
6.933162418026646e-07
6.55569512795997e-07
6.181780871607015e-07
5.811197778448513e-07
5.443729322114558e-07
5.079163900879382e-07
4.717294434747892e-07
4.357917983051004e-07
4.000835394392021e-07
3.645850970659571e-07
3.29277213435374e-07
2.941409113352977e-07
2.591574639144547e-07
2.243083653462863e-07
1.89575303611985e-07
1.549401329912029e-07
1.203848464601278e-07
8.589155070274165e-08
5.144243976298533e-08
1.701976913023273e-08
-1.73941678311914e-08
-5.181706562699545e-08
-8.62666314605259e-08
-1.207606093710412e-07
-1.553168063377667e-07
-1.899531164444484e-07
-2.246875468126514e-07
-2.595382448236463e-07
-2.945235234136685e-07
-3.296618894540229e-07
-3.649720715868605e-07
-4.004730485567295e-07
-4.36184080351208e-07
-4.721247384390145e-07
-5.083149394188508e-07
-5.44774979686576e-07
-5.81525570423328e-07
-6.185878751019406e-07
-6.559835491869027e-07
-6.937347830429907e-07
-7.318643459963735e-07
-7.703956331831513e-07
-8.093527153991281e-07
-8.487603927236687e-07
-8.886442518314202e-07
-9.290307271015164e-07
-9.699471662006316e-07
-1.011421899434498e-06
-1.053484315327463e-06
-1.096164939793194e-06
-1.13949552571278e-06
-1.183509147065169e-06
-1.228240299902345e-06
-1.273725013569969e-06
-1.320000967283539e-06
-1.367107624042263e-06
-1.415086368292605e-06
-1.463980661581329e-06
-1.513836209449838e-06
-1.564701142751748e-06
-1.616626220592398e-06
-1.669665046747485e-06
-1.723874316632031e-06
-1.779314079472684e-06
-1.836048037371243e-06
-1.894143867943479e-06
-1.953673592778674e-06
-2.014713988121629e-06
-2.077347047220518e-06
-2.141660511379061e-06
-2.207748473930434e-06
-2.275712095631613e-06
-2.345660435302264e-06
-2.417711466164944e-06
-2.491993310362838e-06
-2.568645801088572e-06
-2.647822482768208e-06
-2.72969325641425e-06
-2.814447951249602e-06
-2.902301279390833e-06
-2.993499856088077e-06
-3.088332341106099e-06
-3.187144342827483e-06
-3.290360557735054e-06
-3.398517894314225e-06
-3.512314807831389e-06
-3.632683138265573e-06
-3.76088600531726e-06
-3.898626693515662e-06
-4.048076428849344e-06
-4.211447671650104e-06
-4.388750322871202e-06
-4.568910228595673e-06
-4.697208157116456e-06
-4.557754103694958e-06
-3.343457849096668e-06
1.971737829411354e-06
2.551144376242427e-05
0.0001322959439920515
0.0004385821723793241
-0.000440485361051209
-0.0001324433257386048
-2.523679139205697e-05
-1.755132274456275e-06
3.465848984091509e-06
4.621011203377044e-06
4.731316306512726e-06
4.591431031130248e-06
4.408240480818668e-06
4.23136490757482e-06
4.06936878570419e-06
3.921168910656125e-06
3.784193338538017e-06
3.656230207072217e-06
3.5356568977264e-06
3.421321386852065e-06
3.312396027312082e-06
3.208267422744152e-06
3.108463203051135e-06
3.012605347864967e-06
2.920380743644921e-06
2.831522510848275e-06
2.745797988355439e-06
2.663000828450795e-06
2.582945652330895e-06
2.505464323717888e-06
2.430403253604322e-06
2.357621385981336e-06
2.286988634217781e-06
2.218384630866185e-06
2.151697699617754e-06
2.086823988150548e-06
2.023666725250363e-06
1.962135573210195e-06
1.90214605633522e-06
1.843619055125803e-06
1.786480352998311e-06
1.730660228321623e-06
1.676093086620321e-06
1.622717127009278e-06
1.570474040093283e-06
1.519308733513172e-06
1.469169081083234e-06
1.420005694224924e-06
1.371771713410204e-06
1.324422616344573e-06
1.277916042336461e-06
1.232211631514721e-06
1.187270876874564e-06
1.143056988623973e-06
1.099534769371549e-06
1.056670498383441e-06
1.014431824587304e-06
9.727876680083756e-07
9.317081285901568e-07
8.911644014404571e-07
8.511286983686208e-07
8.115741749601238e-07
7.724748623366772e-07
7.338056034751377e-07
6.955419940639742e-07
6.576603268775009e-07
6.201375397791018e-07
5.829511673898683e-07
5.460792947902065e-07
5.095005133442684e-07
4.73193880018066e-07
4.371388784095257e-07
4.013153814601926e-07
3.657036169420577e-07
3.302841334738079e-07
2.950377677389563e-07
2.599456139173799e-07
2.249889931755637e-07
1.901494250382843e-07
1.554086001443593e-07
1.207483518796329e-07
8.615062973895986e-08
5.159747305535435e-08
1.707098419624154e-08
-1.744669588036921e-08
-5.197341314713086e-08
-8.652702677348999e-08
-1.211254340439448e-07
-1.557865965894124e-07
-1.905285658579432e-07
-2.253695087718395e-07
-2.603277358045975e-07
-2.954217284557798e-07
-3.306701670052888e-07
-3.660919592864811e-07
-4.017062700312575e-07
-4.375325520453932e-07
-4.735905794266375e-07
-5.099004814844396e-07
-5.464827773069685e-07
-5.83358412756209e-07
-6.20548798865358e-07
-6.580758537819566e-07
-6.959620468480947e-07
-7.342304436801644e-07
-7.729047556484193e-07
-8.120093903120811e-07
-8.515695084669234e-07
-8.91611083891514e-07
-9.321609662895558e-07
-9.732469502268118e-07
-1.014897845761877e-06
-1.057143559377049e-06
-1.100015176682633e-06
-1.143545055581504e-06
-1.187766925128956e-06
-1.232715989684484e-06
-1.278429047862088e-06
-1.324944613808551e-06
-1.372303057491677e-06
-1.420546749719731e-06
-1.469720223822323e-06
-1.519870351459167e-06
-1.571046531410334e-06
-1.623300902849465e-06
-1.676688569740777e-06
-1.731267856758728e-06
-1.787100579250152e-06
-1.844252349361233e-06
-1.902792906126893e-06
-1.962796484581251e-06
-2.024342224579841e-06
-2.087514621441895e-06
-2.152404037305078e-06
-2.219107266225566e-06
-2.287728188179473e-06
-2.358378506116781e-06
-2.431178618981489e-06
-2.506258645370355e-06
-2.583759677421179e-06
-2.663835341529961e-06
-2.746653816822526e-06
-2.832400527504027e-06
-2.921281873033024e-06
-3.013530571723053e-06
-3.109413566502114e-06
-3.209244044791453e-06
-3.313400112575518e-06
-3.422354245190126e-06
-3.536719967392312e-06
-3.657325102755277e-06
-3.785321904738025e-06
-3.922333331065163e-06
-4.070571740236659e-06
-4.232609830762741e-06
-4.409531988728619e-06
-4.592775588123096e-06
-4.732723246161855e-06
-4.622494175668033e-06
-3.467427609767801e-06
1.753431942206661e-06
2.523492061448202e-05
0.000132441224112553
0.0004404848438476768
-0.0004418390942402165
-0.0001323754813754339
-2.498841882631889e-05
-1.657591153685645e-06
3.463998903847162e-06
4.585339825062668e-06
4.694834057526991e-06
4.56592173165153e-06
4.395494956592813e-06
4.229454634418629e-06
4.075504470786194e-06
3.932796685401281e-06
3.799301981760533e-06
3.673349309670954e-06
3.553758568962452e-06
3.439710078203339e-06
3.330614714715331e-06
3.226025737343972e-06
3.125585170849622e-06
3.028992454551785e-06
2.935986253755646e-06
2.846333788003457e-06
2.759824401716063e-06
2.676265522779135e-06
2.595479976888075e-06
2.517304084324724e-06
2.441586216592483e-06
2.368185637856412e-06
2.29697152716452e-06
2.227822127454693e-06
2.16062398928562e-06
2.095271287337032e-06
2.031665199373844e-06
1.969713339195026e-06
1.909329237058244e-06
1.850431865121253e-06
1.792945202116596e-06
1.736797833932358e-06
1.681922588758602e-06
1.628256202492244e-06
1.57573901233554e-06
1.524314677008401e-06
1.473929919911096e-06
1.424534293404457e-06
1.376079963259512e-06
1.328521510751905e-06
1.281815750607097e-06
1.235921564030584e-06
1.190799745531675e-06
1.146412861889334e-06
1.102725122092453e-06
1.059702257510566e-06
1.017311411218912e-06
9.755210352819578e-07
9.343007961593892e-07
8.936214872684763e-07
8.534549474088914e-07
8.137739851156235e-07
7.745523083112232e-07
7.35764458244294e-07
6.973857486558937e-07
6.593922090594834e-07
6.217605303476915e-07
5.844680142158581e-07
5.474925263649176e-07
5.10812451559826e-07
4.744066511160534e-07
4.38254422936613e-07
4.023354632058616e-07
3.666298309453582e-07
3.311179136179722e-07
2.957803930647046e-07
2.605982138608868e-07
2.255525530277986e-07
1.906247904620554e-07
1.557964804947765e-07
1.210493235471044e-07
8.636513829887329e-08
5.172583496925507e-08
1.711338868264501e-08
-1.749018609297737e-08
-5.210286149220806e-08
-8.674262318918051e-08
-1.214274963801398e-07
-1.561755713338939e-07
-1.910050296668056e-07
-2.25934171635002e-07
-2.609814439948484e-07
-2.961654686110082e-07
-3.315050701349103e-07
-3.670193047496365e-07
-4.027274922060933e-07
-4.386492470177806e-07
-4.748045120286864e-07
-5.112135934942482e-07
-5.478971958285944e-07
-5.848764606714965e-07
-6.221730058505755e-07
-6.598089687191611e-07
-6.978070518026083e-07
-7.361905677186425e-07
-7.749834913512099e-07
-8.142105118574487e-07
-8.538970917494112e-07
-8.940695288322081e-07
-9.347550193442664e-07
-9.759817308987067e-07
-1.01777887532279e-06
-1.060176792717386e-06
-1.103207037354666e-06
-1.146902472697288e-06
-1.191297375865213e-06
-1.236427544390164e-06
-1.282330420617923e-06
-1.329045218082386e-06
-1.376613065952345e-06
-1.425077160102892e-06
-1.474482929625367e-06
-1.524878220676558e-06
-1.576313491345643e-06
-1.628842032335916e-06
-1.682520196847127e-06
-1.737407662868452e-06
-1.793567709937191e-06
-1.851067527692568e-06
-1.909978548080767e-06
-1.970376810574568e-06
-2.032343364287477e-06
-2.095964699209303e-06
-2.161333226026022e-06
-2.22854779050818e-06
-2.297714246607956e-06
-2.368946071170796e-06
-2.442365052670178e-06
-2.518102044507878e-06
-2.596297817978495e-06
-2.67710403879516e-06
-2.760684428290302e-06
-2.847216205525458e-06
-2.936891990663805e-06
-3.029922492199658e-06
-3.126540546412663e-06
-3.227007552715392e-06
-3.33162414288887e-06
-3.440748367464278e-06
-3.554827070752718e-06
-3.674449493771391e-06
-3.800435482283655e-06
-3.933965371568461e-06
-4.076710582286272e-06
-4.230701006087915e-06
-4.396785453402234e-06
-4.56726202163706e-06
-4.696233002870764e-06
-4.586811904979067e-06
-3.4655680894531e-06
1.655886634654366e-06
2.498650543583979e-05
0.0001323732734973641
0.000441838440970785
-0.0004421092514792153
-0.0001321535463707781
-2.501947312852627e-05
-1.883185807035851e-06
3.222335363352758e-06
4.39685721995275e-06
4.566622246177e-06
4.48605491946017e-06
4.349923219677933e-06
4.206821172472901e-06
4.06769738887059e-06
3.934329944567342e-06
3.806563085903764e-06
3.683991953886238e-06
3.566270971403437e-06
3.453124467444411e-06
3.344316630055414e-06
3.239630134673444e-06
3.13885613437433e-06
3.041791078287058e-06
2.948236677680107e-06
2.858000963124287e-06
2.770899465266084e-06
2.686756144861808e-06
2.605403973085584e-06
2.526685189613103e-06
2.450451296351329e-06
2.376562859339652e-06
2.304889176052577e-06
2.235307858217544e-06
2.167704366837469e-06
2.101971524503575e-06
2.038009025014335e-06
1.975722952752858e-06
1.915025319141775e-06
1.855833622864559e-06
1.798070436443506e-06
1.741663018631832e-06
1.686542954530026e-06
1.632645822861062e-06
1.579910888232333e-06
1.528280817534953e-06
1.477701418954167e-06
1.42812140157107e-06
1.379492154526789e-06
1.331767544292363e-06
1.284903728052022e-06
1.238858981921591e-06
1.193593543057953e-06
1.149069464570192e-06
1.105250481932434e-06
1.062101889514934e-06
1.019590426569895e-06
9.776841718852562e-07
9.363524463545583e-07
8.955657231565926e-07
8.552955438021921e-07
8.155144399760832e-07
7.761958617336798e-07
7.373141105314182e-07
6.988442761540015e-07
6.607621779656207e-07
6.230443097114167e-07
5.856677879259043e-07
5.486103039382993e-07
5.118500780690527e-07
4.753658158751008e-07
4.391366674060004e-07
4.031421887055245e-07
3.673623048448666e-07
3.317772746460633e-07
2.963676568528151e-07
2.611142774938541e-07
2.259981990028794e-07
1.910006905123069e-07
1.561031981046726e-07
1.212873160572491e-07
8.653475930174293e-08
5.182733576144829e-08
1.714691976347472e-08
-1.752457454463466e-08
-5.220522022344843e-08
-8.691310342154569e-08
-1.216663502151299e-07
-1.564831529999206e-07
-1.913817969049789e-07
-2.263806886097695e-07
-2.614983833426019e-07
-2.96753613402424e-07
-3.321653180813183e-07
-3.677526720709634e-07
-4.035351183878181e-07
-4.395324002584935e-07
-4.757645943434452e-07
-5.122521474038693e-07
-5.490159111280148e-07
-5.860771829597102e-07
-6.234577459953026e-07
-6.611799118258204e-07
-6.992665680301505e-07
-7.377412236303888e-07
-7.766280636251513e-07
-8.15952002282512e-07
-8.557387420964299e-07
-8.960148385447136e-07
-9.368077640647316e-07
-9.781459838858481e-07
-1.020059030630916e-06
-1.062577589875745e-06
-1.10573358980812e-06
-1.149560296965119e-06
-1.194092425249972e-06
-1.239366245944819e-06
-1.285419715261162e-06
-1.33229260487242e-06
-1.380026648945432e-06
-1.428665700981558e-06
-1.478255904674336e-06
-1.528845883537669e-06
-1.580486939249703e-06
-1.63323327762628e-06
-1.687142244209332e-06
-1.742274589808776e-06
-1.798694751333249e-06
-1.85647116100959e-06
-1.915676579092153e-06
-1.976388451758739e-06
-2.038689301479319e-06
-2.102667137399573e-06
-2.168415899978341e-06
-2.236035919710381e-06
-2.305634403058127e-06
-2.377325916928765e-06
-2.451232880798789e-06
-2.527486029602348e-06
-2.606224832023104e-06
-2.687597823704008e-06
-2.771762805678814e-06
-2.858886849799311e-06
-2.949146039502225e-06
-3.042724891302087e-06
-3.139815422215579e-06
-3.240615972128842e-06
-3.345330146784454e-06
-3.45416683867732e-06
-3.567343430972424e-06
-3.685095785720567e-06
-3.807699634549195e-06
-3.935500633792083e-06
-4.068903768571902e-06
-4.208065033147506e-06
-4.351206861773341e-06
-4.487381759676506e-06
-4.567998155042459e-06
-4.398293418030783e-06
-3.223854478558183e-06
1.881538158676057e-06
2.501759253169234e-05
0.0001321512939311384
0.000442108501192277
-0.000440230366174005
-0.0001324319431647656
-2.609127942941184e-05
-2.843652618457361e-06
2.579275788028284e-06
4.009978328020875e-06
4.343598955999867e-06
4.360449961526048e-06
4.281083435903149e-06
4.171060179470052e-06
4.051332802755009e-06
3.929396521460802e-06
3.808359334980588e-06
3.689701402602888e-06
3.574184058930212e-06
3.462193235180561e-06
3.353895303948794e-06
3.249321153897923e-06
3.148417098989054e-06
3.051077556117698e-06
2.957166514741048e-06
2.866531709521063e-06
2.77901393307594e-06
2.694453081406169e-06
2.612691995323449e-06
2.533578821299074e-06
2.456968375564467e-06
2.382722846751624e-06
2.31071205937546e-06
2.240813452957158e-06
2.172911881708009e-06
2.10689930371595e-06
2.042674407472748e-06
1.980142209133747e-06
1.919213640040986e-06
1.859805138900058e-06
1.801838258234905e-06
1.745239288997548e-06
1.689938906641778e-06
1.635871840584302e-06
1.582976566475648e-06
1.531195020798149e-06
1.480472336768698e-06
1.430756600876309e-06
1.381998628858725e-06
1.334151759388113e-06
1.287171663733381e-06
1.241016170652288e-06
1.195645105421192e-06
1.151020141687382e-06
1.107104664909902e-06
1.063863646406321e-06
1.021263527131699e-06
9.792721103206239e-07
9.378584618701518e-07
8.969928179949263e-07
8.566465000635211e-07
8.167918357346713e-07
7.77402085268222e-07
7.384513728901317e-07
6.999146229047126e-07
6.617674997511263e-07
6.239863518250312e-07
5.865481592209392e-07
5.494304845635833e-07
5.126114266545124e-07
4.760695765784156e-07
4.397839756459129e-07
4.037340762303778e-07
3.678997046412878e-07
3.322610249344939e-07
2.967985051192423e-07
2.614928844001508e-07
2.263251409665022e-07
1.91276461927406e-07
1.563282134442941e-07
1.214619116994062e-07
8.665919570413967e-08
5.19017983702594e-08
1.717151916457677e-08
-1.754980183979146e-08
-5.228031159496832e-08
-8.703816995296559e-08
-1.21841576995947e-07
-1.567088009535282e-07
-1.916582035448853e-07
-2.267082690769646e-07
-2.618776325497351e-07
-2.971851076412589e-07
-3.326497180221271e-07
-3.682907261084374e-07
-4.041276657762446e-07
-4.401803748783361e-07
-4.764690281523773e-07
-5.130141757553616e-07
-5.498367787700979e-07
-5.869582495971417e-07
-6.244004928991852e-07
-6.621859481852339e-07
-7.00337639501778e-07
-7.388792214801485e-07
-7.77835033997203e-07
-8.172301572886884e-07
-8.570904707661293e-07
-8.974427200911543e-07
-9.383145818497535e-07
-9.797347408665856e-07
-1.021732967256005e-06
-1.064340201459191e-06
-1.107588647270677e-06
-1.151511869261081e-06
-1.196144904506822e-06
-1.241524375094161e-06
-1.287688616702806e-06
-1.334677812943833e-06
-1.382534144898928e-06
-1.431301952425187e-06
-1.481027906938745e-06
-1.531761205331926e-06
-1.583553772236348e-06
-1.636460488563359e-06
-1.690539430822866e-06
-1.745852138562166e-06
-1.802463898882102e-06
-1.860444053799943e-06
-1.919866331423785e-06
-1.980809197693287e-06
-2.043356235205596e-06
-2.107596533840825e-06
-2.173625102397348e-06
-2.241543277098024e-06
-2.311459129109551e-06
-2.383487832769751e-06
-2.457751979330735e-06
-2.53438177665842e-06
-2.613515070595567e-06
-2.695297081983352e-06
-2.779879703067849e-06
-2.867420135387104e-06
-2.958078524844894e-06
-3.052014118736436e-06
-3.149379222778454e-06
-3.250309888068606e-06
-3.354911729979993e-06
-3.463238457008047e-06
-3.575259189327213e-06
-3.690807534669068e-06
-3.809497502821365e-06
-3.930567652207542e-06
-4.052537630459129e-06
-4.172299158023891e-06
-4.282356646489701e-06
-4.36175711941395e-06
-4.344939816597909e-06
-4.011354336535918e-06
-2.580695429392275e-06
2.842158057630768e-06
2.608959671020934e-05
0.0001324298615080853
0.0004402297077241753
-0.0004355098253962165
-0.0001362292651358783
-3.012583516077587e-05
-5.194354067938633e-06
1.400385883553988e-06
3.438813320515998e-06
4.064039202184081e-06
4.220478897721312e-06
4.209900527536989e-06
4.135170766631659e-06
4.03428921000395e-06
3.922748991382789e-06
3.807568995262406e-06
3.69223249365541e-06
3.578573979526867e-06
3.467577857827514e-06
3.359755796328301e-06
3.255343538812036e-06
3.15441167181586e-06
3.05693130771466e-06
2.962814359159099e-06
2.871938733470477e-06
2.784164262552575e-06
2.699342804619146e-06
2.617324617586443e-06
2.53796232479485e-06
2.461113310674545e-06
2.386641090700471e-06
2.314416015629033e-06
2.244315539411639e-06
2.176224210419506e-06
2.110033488225639e-06
2.045641454882141e-06
1.982952467712423e-06
1.921876783244138e-06
1.862330172955816e-06
1.804233544247541e-06
1.747512573855439e-06
1.692097358646109e-06
1.637922087163446e-06
1.584924731896654e-06
1.533046762807384e-06
1.48223288213631e-06
1.432430778913673e-06
1.383590902449023e-06
1.335666253964887e-06
1.288612194369955e-06
1.242386266641533e-06
1.196948032726909e-06
1.152258923610191e-06
1.108282100988349e-06
1.064982330086998e-06
1.022325861849573e-06
9.802803233292257e-07
9.388146170884391e-07
8.978988283217563e-07
8.575041383340315e-07
8.176027445076247e-07
7.781677859050426e-07
7.391732736564679e-07
7.005940265637659e-07
6.624056103869764e-07
6.245842806892425e-07
5.871069303824657e-07
5.49951040330785e-07
5.13094632106967e-07
4.765162238467424e-07
4.401947876873735e-07
4.041097095983228e-07
3.682407527166118e-07
3.325680212288888e-07
2.970719256558525e-07
2.617331498212945e-07
2.265326178758466e-07
1.91451464408293e-07
1.564710052804856e-07
1.215727074371358e-07
8.673816115962502e-08
5.1949051353343e-08
1.718712965821695e-08
-1.756581062020129e-08
-5.232796290880969e-08
-8.711753449369834e-08
-1.219527728041857e-07
-1.568519940491593e-07
-1.918336088846607e-07
-2.269161506717198e-07
-2.621183049078002e-07
-2.974589374585073e-07
-3.32957126040644e-07
-3.686321891059442e-07
-4.045037176670073e-07
-4.405916094391817e-07
-4.769161021235472e-07
-5.134978121103822e-07
-5.503577702768465e-07
-5.875174616987136e-07
-6.249988683604391e-07
-6.628245116235115e-07
-7.010175024286214e-07
-7.396015884966011e-07
-7.786012082906086e-07
-8.180415478300566e-07
-8.579485991657369e-07
-8.983492291099776e-07
-9.392712453709666e-07
-9.807434727809967e-07
-1.022795832533949e-06
-1.065459427474398e-06
-1.108766637483173e-06
-1.152751218256235e-06
-1.197448413136514e-06
-1.242895067924893e-06
-1.289129760598653e-06
-1.336192938266602e-06
-1.384127067339934e-06
-1.432976798181109e-06
-1.482789140078753e-06
-1.533613656609846e-06
-1.58550267023854e-06
-1.63851149235727e-06
-1.692698666393836e-06
-1.748126234995485e-06
-1.804860026616407e-06
-1.862969962032877e-06
-1.922530383706765e-06
-1.98362040273105e-06
-2.046324268541984e-06
-2.110731745855357e-06
-2.176938502759036e-06
-2.245046483365993e-06
-2.315164257065865e-06
-2.387407303546138e-06
-2.461898198945178e-06
-2.53876662505309e-06
-2.618149099779987e-06
-2.700188277770754e-06
-2.785031574144342e-06
-2.872828769844005e-06
-2.963728045303118e-06
-3.05786960726186e-06
-3.155375580718119e-06
-3.256334086828731e-06
-3.360774028812873e-06
-3.468624822023875e-06
-3.579650695336105e-06
-3.693339899549558e-06
-3.808707873248367e-06
-3.923919846248843e-06
-4.035492059928775e-06
-4.13640480548579e-06
-4.211163575038458e-06
-4.221766464825124e-06
-4.065342984403799e-06
-3.440118888692774e-06
-1.401670065476411e-06
5.193121255662647e-06
3.012464065757278e-05
0.000136227960423681
0.0004355098556854228
-0.0004425015360626001
-0.0001517814393262363
-3.989672896568017e-05
-9.403433512850757e-06
-2.264556338531653e-07
2.806333116544749e-06
3.807751248867525e-06
4.11050377654865e-06
4.160058368084539e-06
4.111856581104142e-06
4.023575292081322e-06
3.918422286890883e-06
3.806639734502899e-06
3.693159799943103e-06
3.58051807077926e-06
3.470061581278733e-06
3.362500264139213e-06
3.258183100905129e-06
3.157247532979092e-06
3.059705123329336e-06
2.965492684714305e-06
2.874503620838843e-06
2.786607452300687e-06
2.701662078503726e-06
2.619521481489095e-06
2.540040520754763e-06
2.463077858678997e-06
2.388497670200289e-06
2.316170568102563e-06
2.245974016154193e-06
2.177792415654133e-06
2.111516985067856e-06
2.047045513114509e-06
1.984282038538267e-06
1.923136491945517e-06
1.86352432291824e-06
1.805366128089845e-06
1.748587288839984e-06
1.693117624052548e-06
1.638891062285282e-06
1.585845334619283e-06
1.533921687655497e-06
1.483064617179158e-06
1.433221621783503e-06
1.384342975606188e-06
1.336381518944642e-06
1.289292464598108e-06
1.243033218932008e-06
1.197563217988333e-06
1.152843777214567e-06
1.108837952234553e-06
1.065510410078666e-06
1.0228273107281e-06
9.807561973870437e-07
9.392658950610283e-07
8.983264171727681e-07
8.57908878495877e-07
8.179854144566089e-07
7.785291066128876e-07
7.395139126435649e-07
7.00914601094777e-07
6.627066907086229e-07
6.248663930144143e-07
5.873705595241836e-07
5.501966325440794e-07
5.133225973531369e-07
4.767269371828327e-07
4.403885909543446e-07
4.042869133431381e-07
3.684016379155146e-07
3.32712840843665e-07
2.972009051630068e-07
2.6184648783224e-07
2.266304876003744e-07
1.915340146228084e-07
1.565383610724278e-07
1.216249704466156e-07
8.677540950463386e-08
5.197134061710915e-08
1.719449317544854e-08
-1.757336188688692e-08
-5.235043980019852e-08
-8.715497037406874e-08
-1.220052239456683e-07
-1.569195391100063e-07
-1.919163492699182e-07
-2.270142108912372e-07
-2.622318338275929e-07
-2.975881092161995e-07
-3.331021398894957e-07
-3.68793270384322e-07
-4.0468111870301e-07
-4.407856111976813e-07
-4.771270158443634e-07
-5.137259800730766e-07
-5.50603567858654e-07
-5.877812986334003e-07
-6.252811907400268e-07
-6.631258047196077e-07
-7.013382928377128e-07
-7.399424471652252e-07
-7.789627523953511e-07
-8.184244444715592e-07
-8.583535696807422e-07
-8.987770525158315e-07
-9.39722762982125e-07
-9.812195917929315e-07
-1.02329753178868e-06
-1.065987763531475e-06
-1.109322750520889e-06
-1.153336339329834e-06
-1.198063871653507e-06
-1.243542300477339e-06
-1.289810318942565e-06
-1.336908499617426e-06
-1.384879445532807e-06
-1.433767955377443e-06
-1.48362119953342e-06
-1.534488916218476e-06
-1.586423618638239e-06
-1.639480824493954e-06
-1.693719301258352e-06
-1.749201333005137e-06
-1.80599300798322e-06
-1.864164524975371e-06
-1.923790521444323e-06
-1.984950419224121e-06
-2.047728790279188e-06
-2.112215726382567e-06
-2.178507213468938e-06
-2.246705488555333e-06
-2.316919361867955e-06
-2.389264460829862e-06
-2.463863351878526e-06
-2.540845455376317e-06
-2.620346629500847e-06
-2.70250824949705e-06
-2.78747549317536e-06
-2.875394418310035e-06
-2.966407163960617e-06
-3.060644243875315e-06
-3.158212284162556e-06
-3.25917450489649e-06
-3.363519345652655e-06
-3.471109359266756e-06
-3.581595513096299e-06
-3.694267768209841e-06
-3.807778871589929e-06
-3.919592861727323e-06
-4.024776907092871e-06
-4.11308767112257e-06
-4.161315285001112e-06
-4.11177904716504e-06
-3.809030071849997e-06
-2.807585883333851e-06
2.252903169919101e-07
9.402488462947977e-06
3.989626916077116e-05
0.0001517817621862966
0.0004425031411035207
)
;

boundaryField
{
    hotWall
    {
        type            fixedFluxPressure;
        gradient        nonuniform List<scalar> 
160
(
-0.00388304410384998
-0.01228677859714905
-0.0206543699933523
-0.02895984601875717
-0.03724474810469602
-0.04552399861606343
-0.05380175969190761
-0.06207912804356999
-0.07035639151803304
-0.0786336265848616
-0.08691085386338794
-0.09518807898655232
-0.1034653035089532
-0.1117425278630052
-0.1200197521697414
-0.1282969764630781
-0.13657420075267
-0.1448514250412031
-0.1531286493293876
-0.1614058736174626
-0.1696830979056018
-0.1779603221936799
-0.186237546481758
-0.194514770769836
-0.2027919950579142
-0.2110692193459924
-0.2193464436340706
-0.2276236679221487
-0.2359008922102268
-0.2441781164983049
-0.2524553407863827
-0.2607325650744615
-0.2690097893625393
-0.2772870136506175
-0.2855642379386956
-0.2938414622267738
-0.3021186865148514
-0.3103959108029304
-0.3186731350910081
-0.3269503593790863
-0.3352275836671644
-0.3435048079552426
-0.3517820322433206
-0.3600592565313989
-0.368336480819477
-0.3766137051075552
-0.3848909293956333
-0.3931681536837113
-0.4014453779717894
-0.4097226022598675
-0.4179998265479474
-0.4262770508360239
-0.4345542751241001
-0.4428314994121805
-0.4511087237002583
-0.4593859479883364
-0.4676631722764147
-0.4759403965644928
-0.48421762085257
-0.4924948451406508
-0.5007720694287262
-0.5090492937168051
-0.5173265180048835
-0.5256037422929615
-0.5338809665810397
-0.5421581908691179
-0.550435415157196
-0.5587126394452731
-0.5669898637333532
-0.5752670880214301
-0.5835443123095084
-0.5918215365975867
-0.6000987608856646
-0.6083759851737446
-0.6166532094618192
-0.6249304337498991
-0.6332076580379795
-0.6414848823260528
-0.6497621066141318
-0.658039330902214
-0.6663165551902884
-0.6745937794783676
-0.6828710037664458
-0.691148228054524
-0.6994254523426023
-0.7077026766306804
-0.7159799009187583
-0.7242571252068366
-0.7325343494949147
-0.740811573782993
-0.7490887980710695
-0.7573660223591507
-0.7656432466472275
-0.7739204709353055
-0.7821976952233838
-0.7904749195114615
-0.79875214379954
-0.8070293680876182
-0.8153065923756962
-0.8235838166637741
-0.8318610409518522
-0.8401382652399335
-0.8484154895280037
-0.8566927138160884
-0.8649699381041648
-0.8732471623922419
-0.8815243866803226
-0.8898016109683997
-0.8980788352564775
-0.9063560595445557
-0.9146332838326336
-0.9229105081207116
-0.9311877324087895
-0.9394649566968717
-0.9477421809849427
-0.9560194052730244
-0.9642966295611042
-0.9725738538491773
-0.9808510781372607
-0.9891283024253389
-0.9974055267134111
-1.005682751001495
-1.013959975289571
-1.022237199577648
-1.030514423865729
-1.038791648153805
-1.04706887244188
-1.055346096729966
-1.06362332101804
-1.071900545306118
-1.080177769594197
-1.088454993882274
-1.096732218170349
-1.105009442458434
-1.113286666746508
-1.121563891034583
-1.129841115322669
-1.138118339610743
-1.146395563898813
-1.154672788186908
-1.162950012474538
-1.171227236762611
-1.179504461049799
-1.187781685333827
-1.196058909607404
-1.2043361338412
-1.21261335792076
-1.220890581405644
-1.229167802565021
-1.237445014531095
-1.245722189580757
-1.253999213526821
-1.262275603552112
-1.27054924810841
-1.278810506577547
-1.287012962283522
-1.29491882912345
-1.301225309580203
-1.298302938434069
-1.238691069128149
)
;
        value           nonuniform List<scalar> 
160
(
-1.326883916681835e-05
-1.700608145143779e-05
-2.141791452844396e-05
-2.617048763684282e-05
-3.110632915284288e-05
-3.615406420100702e-05
-4.127666359550609e-05
-4.645264300661498e-05
-5.166853665409562e-05
-5.691537931185111e-05
-6.218691105053751e-05
-6.747859133465325e-05
-7.278702331938892e-05
-7.810959999793982e-05
-8.34442771714374e-05
-8.878942242379389e-05
-9.414371150838409e-05
-9.950605536241102e-05
-0.000104875547492398
-0.0001102514252789373
-0.0001156330410025893
-0.0001210198398044372
-0.0001264113426807022
-0.000131807133194314
-0.0001372068469681251
-0.0001426101632897649
-0.0001480167983408251
-0.0001534264996831586
-0.0001588390417387759
-0.0001642542220475005
-0.0001696718581564626
-0.0001750917850108703
-0.0001805138527545753
-0.0001859379248653032
-0.0001913638765661035
-0.0001967915934638555
-0.0002022209703777961
-0.0002076519103270553
-0.0002130843236514674
-0.000218518127246131
-0.0002239532438902868
-0.0002293896016618104
-0.0002348271334149377
-0.000240265776328693
-0.0002457054714926181
-0.0002511461635561374
-0.0002565878003970371
-0.0002620303328405252
-0.0002674737144003654
-0.0002729179010430516
-0.0002783628509847286
-0.0002838085245009468
-0.0002892548837525679
-0.0002947018926334877
-0.0003001495166306787
-0.0003055977226939583
-0.0003110464791183131
-0.0003164957554369683
-0.0003219455223225679
-0.0003273957514960632
-0.0003328464156428073
-0.0003382974883349394
-0.0003437489439593942
-0.0003492007576510701
-0.0003546529052304868
-0.0003601053631454145
-0.0003655581084162012
-0.0003710111185844484
-0.0003764643716645952
-0.0003819178460980584
-0.0003873715207096795
-0.0003928253746661694
-0.0003982793874363191
-0.0004037335387528165
-0.0004091878085753753
-0.0004146421770549951
-0.0004200966244991981
-0.0004255511313381326
-0.0004310056780911608
-0.0004364602453338602
-0.0004419148136652494
-0.0004473693636751671
-0.0004528238759113573
-0.0004582783308463077
-0.0004637327088437925
-0.0004691869901248342
-0.0004746411547329297
-0.0004800951824983228
-0.0004855490530011402
-0.0004910027455331007
-0.0004964562390573667
-0.0005019095121664266
-0.0005073625430382022
-0.0005128153093901496
-0.0005182677884302863
-0.0005237199568048573
-0.000529171790542962
-0.0005346232649977264
-0.0005400743547827266
-0.0005455250337029446
-0.0005509752746808962
-0.0005564250496776779
-0.0005618743296071011
-0.0005673230842412993
-0.0005727712821077396
-0.0005782188903772859
-0.0005836658747418542
-0.0005891121992799346
-0.0005945578263080249
-0.0006000027162161392
-0.0006054468272862091
-0.0006108901154911005
-0.0006163325342705146
-0.0006217740342805904
-0.0006272145631138503
-0.00063265406498434
-0.0006380924803724709
-0.0006435297456245676
-0.0006489657924989639
-0.0006544005476494893
-0.0006598339320363323
-0.0006652658602498413
-0.0006706962397316604
-0.0006761249698757428
-0.0006815519409840492
-0.0006869770330485594
-0.0006924001143246371
-0.0006978210396476283
-0.0007032396484362816
-0.0007086557623134417
-0.0007140691822491419
-0.0007194796851075619
-0.0007248870194424674
-0.0007302909003315658
-0.0007356910029797211
-0.0007410869547244871
-0.0007464783249385087
-0.0007518646121355583
-0.0007572452273040611
-0.0007626194720816228
-0.0007679865097580531
-0.0007733453261262546
-0.0007786946756873734
-0.0007840330062659241
-0.0007893583510289208
-0.000794668169953261
-0.0007999591104949732
-0.0008052266346576713
-0.0008104644164394088
-0.0008156633268995089
-0.0008208096407562597
-0.0008258816885973064
-0.0008308432071875665
-0.0008356291987149549
-0.0008401136443566911
-0.0008440306449538173
-0.0008467713855802928
-0.0008468632754178207
-0.0008412294936568619
-0.000829592495165145
)
;
    }
    coldWall
    {
        type            fixedFluxPressure;
        gradient        nonuniform List<scalar> 
160
(
0.003883044103907403
0.01228677859720506
0.02065436999335274
0.02895984601876615
0.03724474810469515
0.04552399861606644
0.05380175969190637
0.06207912804361269
0.07035639151803458
0.07863362658489295
0.08691085386345547
0.09518807898658616
0.1034653035089945
0.111742527863092
0.1200197521698293
0.1282969764632207
0.1365742007527124
0.1448514250413221
0.1531286493295066
0.161405873617588
0.169683097905677
0.1779603221937351
0.1862375464818241
0.1945147707699051
0.2027919950579772
0.2110692193460486
0.2193464436341679
0.2276236679222294
0.2359008922102896
0.2441781164983807
0.2524553407865062
0.2607325650745769
0.2690097893626228
0.2772870136506913
0.2855642379388097
0.293841462226878
0.3021186865149725
0.3103959108030125
0.3186731350911353
0.3269503593791586
0.3352275836672834
0.3435048079553644
0.3517820322434143
0.3600592565315106
0.3683364808195749
0.3766137051076719
0.3848909293957869
0.3931681536838683
0.4014453779719497
0.4097226022599765
0.4179998265481127
0.426277050836213
0.4345542751242563
0.442831499412298
0.4511087237004184
0.4593859479884994
0.4676631722766221
0.4759403965646192
0.484217620852721
0.4924948451408236
0.5007720694289048
0.5090492937170082
0.5173265180050671
0.5256037422931712
0.5338809665812528
0.5421581908692619
0.5504354151573913
0.5587126394454472
0.5669898637335533
0.5752670880215833
0.5835443123096635
0.591821536597823
0.6000987608859042
0.6083759851738775
0.6166532094620398
0.6249304337500934
0.6332076580381738
0.6414848823263113
0.6497621066144217
0.6580393309024452
0.6663165551904671
0.6745937794785771
0.6828710037666882
0.6911482280547693
0.6994254523428506
0.7077026766309314
0.7159799009190124
0.7242571252071256
0.7325343494951748
0.7408115737832558
0.7490887980713699
0.7573660223594516
0.7656432466474989
0.7739204709355456
0.782197695223661
0.7904749195117773
0.7987521437998234
0.8070293680879046
0.8153065923759132
0.8235838166641031
0.8318610409521476
0.8401382652402659
0.848415489528385
0.8566927138163526
0.8649699381045487
0.8732471623925531
0.8815243866806339
0.8898016109686362
0.8980788352567562
0.906356059544837
0.9146332838329582
0.9229105081209981
0.9311877324090376
0.9394649566971184
0.9477421809852824
0.9560194052733639
0.9642966295614018
0.9725738538494828
0.9808510781375632
0.9891283024256878
0.99740552671368
1.005682751001805
1.013959975289841
1.022237199577967
1.030514423866093
1.038791648154128
1.047068872442255
1.055346096730337
1.063623321018417
1.071900545306451
1.080177769594532
1.088454993882612
1.096732218170693
1.105009442458872
1.113286666746805
1.121563891034885
1.129841115322966
1.138118339611097
1.146395563899228
1.154672788187207
1.162950012475339
1.171227236763523
1.179504461050609
1.187781685334196
1.196058909608681
1.204336133842026
1.212613357921649
1.220890581406082
1.229167802565972
1.237445014531947
1.24572218958178
1.253999213527155
1.262275603552448
1.270549248108809
1.27881050657848
1.287012962283607
1.294918829122871
1.301225309579195
1.298302938431118
1.238691069127506
)
;
        value           nonuniform List<scalar> 
160
(
1.327149380929673e-05
1.700862893535269e-05
2.142034353419458e-05
2.617280372768244e-05
3.110854363986584e-05
3.61561889665336e-05
4.127870931121149e-05
4.645461878971038e-05
5.167045018196066e-05
5.691723704502686e-05
6.218871845376054e-05
6.748035306488608e-05
7.278874337632783e-05
7.811128184319335e-05
8.344592382420649e-05
8.879103653467973e-05
9.414529542004003e-05
9.950761115621293e-05
0.0001048770770287901
0.0001102529302283521
0.0001156345228704684
0.0001210212999522214
0.0001264127823450349
0.0001318085535026082
0.0001372082489512508
0.0001426115478932626
0.0001480181664338621
0.0001534278520678989
0.0001588403791554098
0.0001642555451813698
0.0001696731676424452
0.0001750930814382544
0.0001805151366716327
0.0001859391967833031
0.000191365136961952
0.0001967928427828531
0.0002022222090364991
0.0002076531387156786
0.0002130855421360946
0.0002185193361700811
0.0002239544435763517
0.0002293907924118222
0.0002348283155139551
0.0002402669500430478
0.0002457066370758235
0.000251147321244224
0.0002565889504137686
0.0002620314753961536
0.0002674748496918869
0.0002729190292585338
0.0002783639723011622
0.0002838096390835048
0.000289255991757709
0.0002947029942093573
0.0003001506119161304
0.0003055988118191862
0.0003110475622057766
0.0003164968326019935
0.0003219465936738637
0.0003273968171356008
0.000332847475665684
0.0003382985428299943
0.0003437499930098506
0.0003492018013345485
0.0003546539436188035
0.0003601063963047749
0.000365559136407879
0.0003710121414651062
0.0003764653894857613
0.0003819188589060241
0.0003873725285461868
0.0003928263775686611
0.0003982803854375776
0.0004037345318809488
0.0004091887968543454
0.0004146431605049316
0.0004200976031361216
0.0004255521051736836
0.0004310066471329739
0.0004364612095857183
0.0004419157731265761
0.0004473703183407858
0.0004528248257719709
0.0004582792758886855
0.0004637336490505229
0.0004691879254744184
0.0004746420852000289
0.0004800961080535829
0.0004855499736107682
0.0004910036611585884
0.0004964571496554908
0.0005019104176893802
0.0005073634434335742
0.0005128162046006311
0.0005182686783934858
0.0005237208414532785
0.0005291726698037074
0.0005346241387919343
0.0005400752230252908
0.0005455258963026295
0.0005509761315403599
0.000556425900693243
0.0005618751746681346
0.0005673239232292591
0.0005727721148958613
0.0005782197168312308
0.0005836666947191412
0.0005891130126278491
0.0005945586328640073
0.0006000035158093851
0.000605447619734316
0.0006108909005978071
0.0006163333118307853
0.0006217748040778434
0.0006272153249122354
0.0006326548185362942
0.0006380932254145217
0.0006435304818702113
0.0006489665196537858
0.0006544012653894825
0.0006598346400244332
0.0006652665581200106
0.000670696927095563
0.000676125646315855
0.0006815526060536376
0.0006869776862683263
0.0006924007551788564
0.0006978216675797707
0.0007032402628454918
0.0007086563625508073
0.0007140697676120068
0.0007194802548334738
0.0007248875726982724
0.000730291436209012
0.0007356915204851638
0.0007410874527628826
0.0007464788023052885
0.0007518650674931745
0.0007572456591651045
0.0007626198787835925
0.0007679868894300698
0.0007733456766536913
0.000778694994661593
0.0007840332909249505
0.0007893585981803362
0.0007946683758724949
0.000799959270802442
0.0008052267441380036
0.000810464468829858
0.0008156633145954826
0.0008208095544444327
0.0008258815168600431
0.0008308429361707594
0.0008356288124133538
0.0008401131271534611
0.0008440299916843858
0.0008467706352932017
0.000846862616967683
0.0008412295239451387
0.0008295941002059097
)
;
    }
    bottomWall
    {
        type            fixedFluxPressure;
        gradient        uniform 0;
        value           nonuniform List<scalar> 
160
(
-1.205538788436523e-05
-9.679092888173249e-06
-8.138142080888711e-06
-7.195144578040404e-06
-6.542037968238697e-06
-6.04850130849429e-06
-5.652786381887433e-06
-5.322005859742783e-06
-5.037295814974633e-06
-4.787028647106999e-06
-4.563560725039453e-06
-4.361589499488244e-06
-4.177273651979346e-06
-4.007732879035947e-06
-3.850747041170752e-06
-3.704565966393737e-06
-3.56778398449166e-06
-3.43925416420829e-06
-3.318027914918814e-06
-3.203311370262375e-06
-3.094433208637724e-06
-2.990820466017451e-06
-2.891980058577814e-06
-2.797484463253555e-06
-2.706960477516169e-06
-2.620080292425467e-06
-2.536554329396663e-06
-2.4561254374912e-06
-2.378564150893368e-06
-2.303664782405241e-06
-2.231242180209895e-06
-2.16112902034879e-06
-2.093173527442701e-06
-2.027237548621699e-06
-1.963194914209997e-06
-1.900930036724942e-06
-1.840336707216542e-06
-1.781317056455664e-06
-1.723780655602672e-06
-1.667643731180398e-06
-1.612828481713684e-06
-1.559262476187458e-06
-1.506878127682074e-06
-1.455612225546227e-06
-1.405405524017803e-06
-1.356202374477525e-06
-1.307950398801104e-06
-1.260600198300095e-06
-1.214105090420485e-06
-1.168420876332294e-06
-1.123505627251956e-06
-1.079319495922433e-06
-1.035824541904217e-06
-9.929845761326725e-07
-9.5076501883275e-07
-9.091327684678432e-07
-8.680560851528217e-07
-8.275044796247981e-07
-7.874486169266774e-07
-7.478602216773197e-07
-7.087119955668905e-07
-6.699775399347515e-07
-6.316312812666743e-07
-5.936484082641021e-07
-5.560048048322043e-07
-5.186769953326209e-07
-4.816420892863834e-07
-4.448777284528507e-07
-4.08362042109229e-07
-3.720735970249542e-07
-3.359913583290561e-07
-3.000946466167371e-07
-2.643630980588407e-07
-2.287766304654624e-07
-1.933154021251868e-07
-1.57959781093232e-07
-1.226903100937828e-07
-8.7487672114517e-08
-5.233266192029536e-08
-1.720614980575411e-08
1.791094593963276e-08
5.303769168779268e-08
8.819317202734564e-08
1.23396514005878e-07
1.586669249556828e-07
1.940237232989753e-07
2.294863659879223e-07
2.650744881417786e-07
3.008079315398992e-07
3.36706779566703e-07
3.727913988923744e-07
4.090824699094914e-07
4.456010291928042e-07
4.823685131245869e-07
5.194067949166253e-07
5.567382351065769e-07
5.943857293253846e-07
6.323727555972512e-07
6.707234338144231e-07
7.094625805836178e-07
7.486157699803236e-07
7.882094063258786e-07
8.282707924161094e-07
8.688282064833095e-07
9.099109908613421e-07
9.515496397311542e-07
9.937758991870753e-07
1.036622879094956e-06
1.08012516711842e-06
1.124318958784218e-06
1.169242203226203e-06
1.214934756719423e-06
1.26143855595024e-06
1.308797811247266e-06
1.357059214881702e-06
1.406272176877758e-06
1.456489089584005e-06
1.507765616010783e-06
1.560161015440919e-06
1.613738513785497e-06
1.668565715515606e-06
1.724715068398061e-06
1.782264393662367e-06
1.84129748563312e-06
1.901904795357244e-06
1.964184216566672e-06
2.028241985662498e-06
2.094193718095135e-06
2.162165613888227e-06
2.23229586083237e-06
2.304736271834464e-06
2.37965421237085e-06
2.457234881174649e-06
2.537684018617718e-06
2.621231148197878e-06
2.708133485569957e-06
2.798680681824533e-06
2.893200625810716e-06
2.992066610025747e-06
3.095706261212776e-06
3.204612782242407e-06
3.319359273775978e-06
3.440617217043547e-06
3.569180665835812e-06
3.705998430636517e-06
3.852217704010432e-06
4.009244472460792e-06
4.17882929531894e-06
4.36319279041186e-06
4.565215866444362e-06
4.788740624338454e-06
5.039070646233962e-06
5.32385097053691e-06
5.654711180106152e-06
6.050518090431414e-06
6.544163316808638e-06
7.197401102906357e-06
8.140556884918638e-06
9.681669978968157e-06
1.205804252682553e-05
)
;
    }
    topWall
    {
        type            fixedFluxPressure;
        gradient        uniform 0;
        value           nonuniform List<scalar> 
160
(
-0.0004425015360626001
-0.0001517814393262363
-3.989672896568017e-05
-9.403433512850757e-06
-2.264556338531653e-07
2.806333116544749e-06
3.807751248867525e-06
4.11050377654865e-06
4.160058368084539e-06
4.111856581104142e-06
4.023575292081322e-06
3.918422286890883e-06
3.806639734502899e-06
3.693159799943103e-06
3.58051807077926e-06
3.470061581278733e-06
3.362500264139213e-06
3.258183100905129e-06
3.157247532979092e-06
3.059705123329336e-06
2.965492684714305e-06
2.874503620838843e-06
2.786607452300687e-06
2.701662078503726e-06
2.619521481489095e-06
2.540040520754763e-06
2.463077858678997e-06
2.388497670200289e-06
2.316170568102563e-06
2.245974016154193e-06
2.177792415654133e-06
2.111516985067856e-06
2.047045513114509e-06
1.984282038538267e-06
1.923136491945517e-06
1.86352432291824e-06
1.805366128089845e-06
1.748587288839984e-06
1.693117624052548e-06
1.638891062285282e-06
1.585845334619283e-06
1.533921687655497e-06
1.483064617179158e-06
1.433221621783503e-06
1.384342975606188e-06
1.336381518944642e-06
1.289292464598108e-06
1.243033218932008e-06
1.197563217988333e-06
1.152843777214567e-06
1.108837952234553e-06
1.065510410078666e-06
1.0228273107281e-06
9.807561973870437e-07
9.392658950610283e-07
8.983264171727681e-07
8.57908878495877e-07
8.179854144566089e-07
7.785291066128876e-07
7.395139126435649e-07
7.00914601094777e-07
6.627066907086229e-07
6.248663930144143e-07
5.873705595241836e-07
5.501966325440794e-07
5.133225973531369e-07
4.767269371828327e-07
4.403885909543446e-07
4.042869133431381e-07
3.684016379155146e-07
3.32712840843665e-07
2.972009051630068e-07
2.6184648783224e-07
2.266304876003744e-07
1.915340146228084e-07
1.565383610724278e-07
1.216249704466156e-07
8.677540950463386e-08
5.197134061710915e-08
1.719449317544854e-08
-1.757336188688692e-08
-5.235043980019852e-08
-8.715497037406874e-08
-1.220052239456683e-07
-1.569195391100063e-07
-1.919163492699182e-07
-2.270142108912372e-07
-2.622318338275929e-07
-2.975881092161995e-07
-3.331021398894957e-07
-3.68793270384322e-07
-4.0468111870301e-07
-4.407856111976813e-07
-4.771270158443634e-07
-5.137259800730766e-07
-5.50603567858654e-07
-5.877812986334003e-07
-6.252811907400268e-07
-6.631258047196077e-07
-7.013382928377128e-07
-7.399424471652252e-07
-7.789627523953511e-07
-8.184244444715592e-07
-8.583535696807422e-07
-8.987770525158315e-07
-9.39722762982125e-07
-9.812195917929315e-07
-1.02329753178868e-06
-1.065987763531475e-06
-1.109322750520889e-06
-1.153336339329834e-06
-1.198063871653507e-06
-1.243542300477339e-06
-1.289810318942565e-06
-1.336908499617426e-06
-1.384879445532807e-06
-1.433767955377443e-06
-1.48362119953342e-06
-1.534488916218476e-06
-1.586423618638239e-06
-1.639480824493954e-06
-1.693719301258352e-06
-1.749201333005137e-06
-1.80599300798322e-06
-1.864164524975371e-06
-1.923790521444323e-06
-1.984950419224121e-06
-2.047728790279188e-06
-2.112215726382567e-06
-2.178507213468938e-06
-2.246705488555333e-06
-2.316919361867955e-06
-2.389264460829862e-06
-2.463863351878526e-06
-2.540845455376317e-06
-2.620346629500847e-06
-2.70250824949705e-06
-2.78747549317536e-06
-2.875394418310035e-06
-2.966407163960617e-06
-3.060644243875315e-06
-3.158212284162556e-06
-3.25917450489649e-06
-3.363519345652655e-06
-3.471109359266756e-06
-3.581595513096299e-06
-3.694267768209841e-06
-3.807778871589929e-06
-3.919592861727323e-06
-4.024776907092871e-06
-4.11308767112257e-06
-4.161315285001112e-06
-4.11177904716504e-06
-3.809030071849997e-06
-2.807585883333851e-06
2.252903169919101e-07
9.402488462947977e-06
3.989626916077116e-05
0.0001517817621862966
0.0004425031411035207
)
;
    }
    front
    {
        type            empty;
    }
    back
    {
        type            empty;
    }
}


// ************************************************************************* //
