/*--------------------------------*- C++ -*----------------------------------*\
  =========                 |
  \\      /  F ield         | OpenFOAM: The Open Source CFD Toolbox
   \\    /   O peration     | Website:  https://openfoam.org
    \\  /    A nd           | Version:  13
     \\/     M anipulation  |
\*---------------------------------------------------------------------------*/
FoamFile
{
    format      ascii;
    class       surfaceScalarField;
    location    "1.457463432822117";
    object      phi;
}
// * * * * * * * * * * * * * * * * * * * * * * * * * * * * * * * * * * * * * //

dimensions      [1 0 -1 0 0 0 0];

internalField   nonuniform List<scalar> 
4214
(
-3.3401614490514202e-10
8.208423964096151e-12
-3.4278836006557453e-10
8.7722073441714482e-12
-3.5217631087676386e-10
9.3879382901126583e-12
-3.6223966888103583e-10
1.0063338153073995e-11
-3.7304729719633194e-10
1.0807597142523845e-11
-3.846790156401706e-10
1.1631669937697117e-11
-3.9722770317443492e-10
1.2548612726692348e-11
-4.1080177156173803e-10
1.3573954032319781e-11
-4.2552802675079784e-10
1.4726081921928891e-11
-4.4155490290948869e-10
1.6026615969598431e-11
-4.5905600293243016e-10
1.7500712845615039e-11
-4.7823380314095335e-10
1.9177229395187824e-11
-4.9932327406828578e-10
2.1088637365516094e-11
-5.2259503160493142e-10
2.3270552173441175e-11
-5.4835746653951364e-10
2.5760709528693722e-11
-5.7695711741225327e-10
2.8597206917761878e-11
-6.0877637539737035e-10
3.1815833967761061e-11
-6.4422747905044236e-10
3.5446361155120525e-11
-6.8374172395362623e-10
3.950775454729687e-11
-7.2775293923717844e-10
4.4002444157211632e-11
-7.7667462727089501e-10
4.8909990961034846e-11
-8.3087075662098407e-10
5.4180747110684869e-11
-8.9062102068885261e-10
5.9730332200235347e-11
-9.5608232508133542e-10
6.5435876302306719e-11
-1.0272491549284472e-09
7.1134917261449231e-11
-1.1039160377244973e-09
7.6627514898831589e-11
-1.1856452898453758e-09
8.1681551881348683e-11
-1.2717424463574985e-09
8.6040429001436079e-11
-1.3612402724752198e-09
8.9431649638444658e-11
-1.4528903867987159e-09
9.1574421962597549e-11
-1.5451599124798168e-09
9.2184663596688966e-11
-1.6362299493684542e-09
9.0976787161414699e-11
-1.7239936086757905e-09
8.7663219760451501e-11
-1.8060540178425226e-09
8.1954329477180717e-11
-1.8797266393099047e-09
7.3562702601230669e-11
-1.9420544008935665e-09
6.2215932130625076e-11
-1.9898472924353225e-09
4.768107821107154e-11
-2.0197615509826092e-09
2.9804268070301904e-11
-2.028449334792795e-09
8.5812100344355951e-12
-2.0126044026494463e-09
-1.5946767834411494e-11
-1.9694824303592358e-09
-4.3218045625904986e-11
-1.8969070541834206e-09
-7.2664953768270833e-11
-1.793735326085243e-09
-1.032543369387445e-10
-1.6601580150677837e-09
-1.336526930637987e-10
-1.4980035412036608e-09
-1.6222253390073769e-10
-1.3109776819893261e-09
-1.8708661250508212e-10
-1.1048039695633345e-09
-2.0622723655015922e-10
-8.8724221831625007e-10
-2.1760814446232065e-10
-6.6798774891047533e-10
-2.1929381645282819e-10
-4.5849490162743127e-10
-2.0952519307945758e-10
-2.718520888840253e-10
-1.8666814515629425e-10
-1.2294982047886688e-10
-1.4892051336158308e-10
-2.8545578144182151e-11
-9.441527772296444e-11
-2.8549275984826234e-11
-8.8179642180828979e-10
2.9588573359838044e-11
-9.0464246738542139e-10
3.1618244647199731e-11
-9.2908786868322087e-10
3.3833326335979324e-11
-9.5528553510069474e-10
3.6260983560140536e-11
-9.8341138685789117e-10
3.8933415901153419e-11
-1.0136685990225774e-09
4.1888830741638079e-11
-1.0462926055565354e-09
4.5172540023930707e-11
-1.081556922213115e-09
4.8838149515869186e-11
-1.1197798004080074e-09
5.2948776439558e-11
-1.1613316440425578e-09
5.7578183653596465e-11
-1.2066429962178544e-09
6.281165418678524e-11
-1.2562127211457011e-09
6.874634832163395e-11
-1.3106157588611347e-09
7.5490789668350017e-11
-1.3705095132825239e-09
8.3163025574569562e-11
-1.4366375562795881e-09
9.1886917860227088e-11
-1.5098289190321041e-09
1.0178596964190006e-10
-1.590990850414051e-09
1.1297412096169918e-10
-1.6810926347126113e-09
1.2554309564481404e-10
-1.7811379919483682e-09
1.3954619857835242e-10
-1.8921238657587302e-09
1.5497897339593534e-10
-2.0149841593563848e-09
1.7175782198875947e-10
-2.1505182789601404e-09
1.8969848006827888e-10
-2.2993061460568226e-09
2.0849697417911431e-10
-2.4616134430480631e-09
2.277161141103497e-10
-2.6372928778504737e-09
2.4678042834532631e-10
-2.8256886716801904e-09
2.6498152180366686e-10
-3.0255517661615751e-09
2.8149411419116776e-10
-3.2349720925958504e-09
2.9540080908160135e-10
-3.4513317610812726e-09
3.0572159888363844e-10
-3.6712798861830796e-09
3.1144308987996051e-10
-3.8907271241984233e-09
3.1154318948194933e-10
-4.10485713770176e-09
3.0500977728768508e-10
-4.3081539985148658e-09
2.9085611448183259e-10
-4.4944489499820886e-09
2.6814008280424207e-10
-4.6569958300205916e-09
2.3599708613568926e-10
-4.7885898658983401e-09
1.936961914299031e-10
-4.8817472135845895e-09
1.4072533440605096e-10
-4.9289594292555214e-09
7.6905870731499031e-11
-4.9230598647884042e-09
2.5750462884335496e-12
-4.8576105441075858e-09
-8.1497444978862403e-11
-4.7274191301799356e-09
-1.7350466079165305e-10
-4.5291696818894238e-09
-2.7100283255864716e-10
-4.2619301984836618e-09
-3.7057511970256633e-10
-3.9277451884475802e-09
-4.6791171266517837e-10
-3.5321264249969415e-09
-5.579080036754271e-10
-3.0844226346408728e-09
-6.3484988403440254e-10
-2.5980223301025455e-09
-6.9267991952748785e-10
-2.0903575551405497e-09
-7.2531832252818531e-10
-1.58270277997861e-09
-7.269871203205273e-10
-1.0998056562852988e-09
-6.924540216619643e-10
-6.6943833798002253e-10
-6.1706032897388292e-10
-3.2186858959167074e-10
-4.9650820157705812e-10
-8.8543931965461093e-11
-3.2775080639928499e-10
-1.1709685567824301e-10
-1.3281470325180278e-09
6.1506738226679341e-11
-1.362250173391009e-09
6.5721376473145979e-11
-1.3987352384337223e-09
7.0318376894842386e-11
-1.4378273623845971e-09
7.535308454973312e-11
-1.4797848628653733e-09
8.0890880315391245e-11
-1.5249051438389257e-09
8.7009055565103023e-11
-1.573531592712256e-09
9.3798902241466081e-11
-1.6260615243176816e-09
1.0136794854714062e-10
-1.682955152916714e-09
1.0984220398575831e-10
-1.74474545480986e-09
1.1936818334225607e-10
-1.812048604132118e-09
1.3011435335872086e-10
-1.8855744080561972e-09
1.4227148791132838e-10
-1.9661358233806243e-09
1.5605123386784944e-10
-2.0546562014971225e-09
1.7168199800339121e-10
-2.1521723962299763e-09
1.8940109853541766e-10
-2.2598313173863633e-09
2.0944203554957551e-10
-2.3788769947636959e-09
2.3201579522509055e-10
-2.5106248461411607e-09
2.5728539951441854e-10
-2.6564197707195249e-09
2.8533352904443077e-10
-2.8175750921808207e-09
3.1612403275183065e-10
-2.9952904164861083e-09
3.4945946755949704e-10
-3.1905482430172037e-09
3.8493833670791501e-10
-3.4039916274791633e-09
4.2191711254473324e-10
-3.6357880896041708e-09
4.5948299224934209e-10
-3.8854878083628073e-09
4.964431425869042e-10
-4.1518863036787773e-09
5.313345665713572e-10
-4.4329026171726859e-09
5.6245565972822737e-10
-4.7254830815814177e-09
5.8791657804010384e-10
-5.025538232002353e-09
6.0570188116749573e-10
-5.32791702559729e-09
6.1373704525629867e-10
-5.6264195569358076e-09
6.0995160798897306e-10
-5.913848180946465e-09
5.9233619653157045e-10
-6.1820981046374419e-09
5.5899735037877109e-10
-6.4222917368028874e-09
5.0822046884022563e-10
-6.6249649251376343e-09
4.3855456624609808e-10
-6.780315673305156e-09
3.4893088105925161e-10
-6.8785257430977371e-09
2.3882097800086863e-10
-6.910161933432047e-09
1.0843100638800547e-10
-6.8666151343079372e-09
-4.1078013022042481e-11
-6.7407749805083467e-09
-2.0743798668166369e-10
-6.5274025851021161e-09
-3.8697082892184378e-10
-6.2239049711928987e-09
-5.7458715727415496e-10
-5.8308737751171214e-09
-7.6368575797297427e-10
-5.352637784038777e-09
-9.4621984794057775e-10
-4.7977340494971451e-09
-1.1128766713152104e-09
-4.179260799610078e-09
-1.2533810049914377e-09
-3.5150752222534067e-09
-1.356916472382271e-09
-2.8278025577002141e-09
-1.4126352156858937e-09
-2.1446331206653395e-09
-1.4101941434713004e-09
-1.4969055213338255e-09
-1.3402126057383273e-09
-9.1949085572505832e-10
-1.1944993441204161e-09
-4.4998892473611231e-10
-9.6602773651679795e-10
-1.2818646875210035e-10
-6.4956395022582744e-10
-2.452869151451444e-10
-1.6888342584340801e-09
1.017790696295326e-10
-1.7318556145032202e-09
1.0874272252160933e-10
-1.7778707833263781e-09
1.163335296854538e-10
-1.8271588529449491e-09
1.2464112875909693e-10
-1.8800390767298288e-09
1.3377106419115729e-10
-1.9368777420764073e-09
1.4384765877432478e-10
-1.9980961162159784e-09
1.550171804686133e-10
-2.0641794955677053e-09
1.6745118112972669e-10
-2.1356872916049432e-09
1.8134977738601773e-10
-2.2132639378973528e-09
1.9694449489900713e-10
-2.2976501831519004e-09
2.1450009988138622e-10
-2.3896940275134349e-09
2.3431459608089044e-10
-2.4903601522654824e-09
2.5671628227374051e-10
-2.6007361850266841e-09
2.820564726242368e-10
-2.7220335511354603e-09
3.1069623216074567e-10
-2.855580033891506e-09
3.4298535381047034e-10
-3.0028005879464993e-09
3.7923191386718524e-10
-3.1651825541072942e-09
4.1966122204624893e-10
-3.344221387072382e-09
4.6436395789435167e-10
-3.5413435334099684e-09
5.1323483379594734e-10
-3.7578043746230874e-09
5.6590520647407205e-10
-3.9945612903627316e-09
6.2167544678291362e-10
-4.2521248525991585e-09
6.7945510989136035e-10
-4.5303946560369725e-09
7.3772034848218667e-10
-4.8284897922900423e-09
7.9449782559686181e-10
-5.1445867663466073e-09
8.4738204761547182e-10
-5.4757790073188986e-09
8.9358853347174484e-10
-5.8179715759887083e-09
9.3003938671717678e-10
-6.1658222733248447e-09
9.5347233023635099e-10
-6.5127367821309936e-09
9.6056122294626297e-10
-6.8509218450256273e-09
9.4803719353819255e-10
-7.1714978946333978e-09
9.1280506108142449e-10
-7.4646715337918406e-09
8.520579471461811e-10
-7.7199684339320494e-09
7.6340059186564302e-10
-7.9265274115376297e-09
6.4499525907663485e-10
-8.0734553346977982e-09
4.9574117399845587e-10
-8.1502397068281597e-09
3.1549032621831567e-10
-8.1472115888404465e-09
1.0529210830783054e-10
-8.0560388816371912e-09
-1.3235598719575285e-10
-7.8702912806431652e-09
-3.9328444660043723e-10
-7.5858973101249599e-09
-6.7145669745066002e-10
-7.2017168068223984e-09
-9.5885232948298843e-10
-6.7200239353498837e-09
-1.2454560162747224e-09
-6.1469636718450719e-09
-1.5193503079606979e-09
-5.4929562606827002e-09
-1.766947261312899e-09
-4.7730268007394029e-09
-1.9733668265302548e-09
-4.0070293633368358e-09
-2.1229636414639347e-09
-3.2197273105214272e-09
-2.1999805150378336e-09
-2.4406903600812946e-09
-2.189267937830561e-09
-1.7039827251596185e-09
-2.0769506903538297e-09
-1.0476513712347541e-09
-1.8508546828432907e-09
-5.1317938941459203e-10
-1.5005170925731365e-09
-1.4591061490793055e-10
-1.0168432883624022e-09
-3.9120108170535144e-10
-1.9773075686288813e-09
1.4857157908240815e-10
-2.0272789251353823e-09
1.5871406793306833e-10
-2.0807077458850875e-09
1.6976233269759671e-10
-2.1379106884750418e-09
1.8184404325088833e-10
-2.1992486854889279e-09
1.9510901708458892e-10
-2.2651341711705832e-09
2.0973307577220271e-10
-2.3360393443438568e-09
2.2592224763376474e-10
-2.4125054516846995e-09
2.4391712626135121e-10
-2.4951529646972104e-09
2.6399704435298536e-10
-2.5846923536862245e-09
2.8648351398460454e-10
-2.6819349158113022e-09
3.1174211094132429e-10
-2.7878027761460838e-09
3.4018164312004087e-10
-2.9033367400401108e-09
3.7224905740957941e-10
-3.0297001332970951e-09
4.0841814565839444e-10
-3.1681761459429836e-09
4.4916978135491333e-10
-3.3201555492971497e-09
4.9496126763807519e-10
-3.4871110805021071e-09
5.4618255835643751e-10
-3.670554428492326e-09
6.0309780876708676e-10
-3.8719718011431561e-09
6.6577209424673231e-10
-4.0927347218813769e-09
7.3398530684665325e-10
-4.3339841951256001e-09
8.0713814381318284e-10
-4.5964888086836417e-09
8.8415842761085973e-10
-4.8804806551835743e-09
9.6341911392262109e-10
-5.1854768602408926e-09
1.042681335228026e-09
-5.5100984431865986e-09
1.11907567245915e-09
-5.8519014482322837e-09
1.1891317831056642e-09
-6.2072369891190917e-09
1.2488605011639456e-09
-6.5711565023826995e-09
1.2938846210369606e-09
-6.9373760313633374e-09
1.3196069466870924e-09
-7.2983092555280054e-09
1.3213995156663074e-09
-7.6451741311966379e-09
1.2947982876821305e-09
-7.9681733391718489e-09
1.2356933057019947e-09
-8.2567447817061998e-09
1.1405132940717031e-09
-8.4998751336999005e-09
1.0064119820473293e-09
-8.6864665967936881e-09
8.3146719164136996e-10
-8.805744130062861e-09
6.1490076159843026e-10
-8.8476873790130221e-09
3.5731908412689843e-10
-8.8034697949934301e-09
6.0964985370804845e-11
-8.6659211412178468e-09
-2.7000813547447498e-10
-8.4299167401714656e-09
-6.2938559438500213e-10
-8.0928073977701823e-09
-1.0086556719157975e-09
-7.6548054249207935e-09
-1.3969367160254937e-09
-7.1193707734132296e-09
-1.7809659427269295e-09
-6.4935903155034328e-09
-2.1451990892074132e-09
-5.7885534794157053e-09
-2.4720456989626053e-09
-5.0197095606631759e-09
-2.7422658470008472e-09
-4.2071760325562729e-09
-2.9355459496023733e-09
-3.3759510280121691e-09
-3.0312480897959335e-09
-2.5559755308123086e-09
-3.009279829468039e-09
-1.7820030972170807e-09
-2.8509532956954317e-09
-1.0932865121895254e-09
-2.5395950926993005e-09
-5.3327721806710335e-10
-2.0605436745456445e-09
-1.5015096402434706e-10
-1.3999800631214457e-09
-5.4135558381646921e-10
-2.2050289602829211e-09
2.0032572213084593e-10
-2.260273519962547e-09
2.1395861543138091e-10
-2.319308160772918e-09
2.2879695405155154e-10
-2.3824721588370164e-09
2.4500801051395672e-10
-2.4501505628323093e-09
2.6278737273899653e-10
-2.5227812460001696e-09
2.8236368371638658e-10
-2.6008628514171744e-09
3.0400373699068762e-10
-2.6849635620307718e-09
3.280176593478875e-10
-2.7757305034918508e-09
3.5476371663595618e-10
-2.8738994043241131e-09
3.8465201030866433e-10
-2.9803038788496234e-09
4.1814598314748394e-10
-3.0958833497471653e-09
4.5576022559817484e-10
-3.2216881815357237e-09
4.9805259154042155e-10
-3.3588800589527998e-09
5.4560814683020292e-10
-3.5087250421809415e-09
5.9901208036574695e-10
-3.6725761234804408e-09
6.5880855117646474e-10
-3.8518415985439589e-09
7.2544272247223145e-10
-4.0479352999070366e-09
7.9918417394988668e-10
-4.2622049117236246e-09
8.8003170363385968e-10
-4.4958354095843762e-09
9.6760235457639636e-10
-4.7497263381953137e-09
1.0610112508524818e-09
-5.0243442565453997e-09
1.1587531001277869e-09
-5.3195551773707078e-09
1.2586002166896713e-09
-5.6344458977832073e-09
1.3575344815800064e-09
-5.9671471905409849e-09
1.4517305021254684e-09
-6.3146751297329224e-09
1.5366033986914738e-09
-6.6728085511237304e-09
1.6069270540419703e-09
-7.0360201802607681e-09
1.6570185633981888e-09
-7.3974760952292718e-09
1.6809745951249638e-09
-7.7491132250743757e-09
1.672938604766779e-09
-8.0817982313483281e-09
1.6273768433783711e-09
-8.3855642562843929e-09
1.539346314945875e-09
-8.6499154412365872e-09
1.4047470818854452e-09
-8.8641834544676643e-09
1.2205605563444095e-09
-9.0179161860229735e-09
9.8508074382365423e-10
-9.1012770539416047e-09
6.9814479864311568e-10
-9.1054329260893511e-09
3.6136222130275357e-10
-9.0228936348709319e-09
-2.1681610033316827e-11
-8.8479247155879242e-09
-4.450780183620475e-10
-8.5767216036556538e-09
-9.0068280851771937e-10
-8.2077712622082466e-09
-1.3776930532932512e-09
-7.7421143349596446e-09
-1.8626736547339498e-09
-7.1836533203313669e-09
-2.3395001216465735e-09
-6.5395057142485159e-09
-2.7894132625487443e-09
-5.8204054747854351e-09
-3.191206163596521e-09
-5.0411388634154003e-09
-3.5215865543454624e-09
-4.2209779606028654e-09
-3.7557549601552595e-09
-3.3840537718294672e-09
-3.8682144522803459e-09
-2.5595983939994412e-09
-3.833771411726524e-09
-1.7819931376227833e-09
-3.6285886687793207e-09
-1.0906056188900234e-09
-3.2310064516450833e-09
-5.2953633218183507e-10
-2.6216302852786061e-09
-1.4771370042544767e-10
-1.7818132429354368e-09
-6.8907283115945469e-10
-2.3817620011247477e-09
2.5570434614726831e-10
-2.4408373644594583e-09
2.7303396556387198e-10
-2.5039184755876884e-09
2.9187804411448021e-10
-2.5713535620031588e-09
3.124430636087044e-10
-2.6435357745016845e-09
3.3496953297866798e-10
-2.7209096100777876e-09
3.5973743802424055e-10
-2.8039780062483324e-09
3.870720078539743e-10
-2.8933099811740829e-09
4.1734944272596802e-10
-2.9895485632257228e-09
4.5100200845142794e-10
-3.0934185658138001e-09
4.8852157707453338e-10
-3.205733505332494e-09
5.3046027426942274e-10
-3.3274006215536786e-09
5.7742638634944701e-10
-3.4594225374689156e-09
6.300731133743073e-10
-3.602893599547847e-09
6.8907719573492265e-10
-3.758988401492489e-09
7.5510400624755397e-10
-3.9289394777485658e-09
8.2875556475481047e-10
-4.1140007594369933e-09
9.1049833308461297e-10
-4.3153932599026933e-09
1.0005688569458813e-09
-4.5342297810056815e-09
1.098857590950967e-09
-4.7714163996569224e-09
1.2047747116281481e-09
-5.0275302728968792e-09
1.3171062828104266e-09
-5.3026759629986765e-09
1.4338742946849138e-09
-5.5963259407845799e-09
1.552218887101329e-09
-5.9071548590337736e-09
1.6683241060691893e-09
-6.2328810381406996e-09
1.7774083027218728e-09
-6.5701316253476239e-09
1.8737956164047941e-09
-6.9143492819921916e-09
1.9510757635834332e-09
-7.2597573770149112e-09
2.0023469876749279e-09
-7.5993972240382574e-09
2.0205244342836024e-09
-7.9252450594539458e-09
1.9986870548726056e-09
-8.2284088410108725e-09
1.9304333682679519e-09
-8.4993965142399452e-09
1.8102208147802543e-09
-8.7284393207184688e-09
1.6336730436561072e-09
-8.905847254449736e-09
1.3978503173479339e-09
-9.0223702021406262e-09
1.1014864361666961e-09
-9.0695399728753979e-09
7.452002117637882e-10
-9.0399794649025615e-09
3.316918532581983e-10
-8.927593543421589e-09
-1.3417172857213739e-10
-8.7279519388457846e-09
-6.4481742033693304e-10
-8.4382235007615117e-09
-1.1905022845763054e-09
-8.0575348105971521e-09
-1.7584659578313223e-09
-7.5871239430766647e-09
-2.3331620508299356e-09
-7.030630127793586e-09
-2.896065028127289e-09
-6.3944674247070885e-09
-3.4256408992438486e-09
-5.6882909244550442e-09
-3.8974416894388461e-09
-4.9255369144445548e-09
-4.2843938592691075e-09
-4.1239921705582748e-09
-4.5573473502027012e-09
-3.3063234068170329e-09
-4.6859251930913154e-09
-2.5004809924840504e-09
-4.6396500174797886e-09
-1.7398900009564163e-09
-4.3892098685598256e-09
-1.0633704386347261e-09
-3.9075499820161908e-09
-5.1480999269134685e-10
-3.1702081691671522e-09
-1.4274943233275975e-10
-2.1538844234785661e-09
-8.3182583374282068e-10
-2.515817431160776e-09
3.1355297704917038e-10
-2.5774752496434287e-09
3.3469176995255544e-10
-2.6432500038911134e-09
3.5765277589983737e-10
-2.7134865399790957e-09
3.8267956420115486e-10
-2.7885717349142011e-09
4.1005467229415417e-10
-2.8689399246294564e-09
4.4010554132008749e-10
-2.9550787282464785e-09
4.7321067833813727e-10
-3.0475350874543598e-09
5.0980559861006801e-10
-3.1469212081776156e-09
5.5038782139605703e-10
-3.2539199092739357e-09
5.9551981649585205e-10
-3.3692886403903364e-09
6.4582831932275393e-10
-3.4938611224578164e-09
7.019978587349616e-10
-3.6285451914631565e-09
7.6475571128594177e-10
-3.7743150043343932e-09
8.3484488755831033e-10
-3.9321953306613398e-09
9.1298130769201227e-10
-4.1032352689960333e-09
9.9979123847686691e-10
-4.2884684885363245e-09
1.0957256124694728e-09
-4.4888571371413712e-09
1.2009493366421195e-09
-4.7052170313875258e-09
1.3152064025230288e-09
-4.9381228131048805e-09
1.4376656725729978e-09
-5.1877935425435336e-09
1.5667574939814021e-09
-5.4539617335296815e-09
1.7000171970481498e-09
-5.7357320029238848e-09
1.8339569554551904e-09
-6.0314389910683384e-09
1.9639908400021105e-09
-6.3385174913404858e-09
2.0844374528620605e-09
-6.653400126072121e-09
2.1886189775638003e-09
-6.9714587002708237e-09
2.2690646537584178e-09
-7.2870039492575754e-09
2.3178121101379849e-09
-7.5933544554739324e-09
2.3267848754299416e-09
-7.8829791506979131e-09
2.2882128128037355e-09
-8.1477096390930385e-09
2.1950576337984552e-09
-8.3790096540535249e-09
2.0414093169453429e-09
-8.5682807976403841e-09
1.8228296226173702e-09
-8.707178108024544e-09
1.5366322967834191e-09
-8.7879077180063912e-09
1.1821020909171897e-09
-8.8034818986468856e-09
7.6066365511705204e-10
-8.7479102694634543e-09
2.760141461085896e-10
-8.6164187735778746e-09
-2.6576364070135497e-10
-8.4053351999233625e-09
-8.5599516526705858e-10
-8.1124837439219791e-09
-1.4834414392784175e-09
-7.7370915080645042e-09
-2.1339394581377272e-09
-7.2800538917256994e-09
-2.7902747034485416e-09
-6.744225725250325e-09
-3.431962283803178e-09
-6.13484213898412e-09
-4.0350879059918889e-09
-5.4600634512323322e-09
-4.5722783469090053e-09
-4.7316180886393605e-09
-5.0128918621185213e-09
-3.9654924991429409e-09
-5.3235202590012606e-09
-3.182592070813742e-09
-5.468867516398988e-09
-2.4092763873771187e-09
-5.4130019703424533e-09
-1.677661877265159e-09
-5.120854746452535e-09
-1.0255957545384595e-09
-4.5596402484205138e-09
-4.9624953242107389e-10
-3.6995719743776054e-09
-1.3734633607878234e-10
-2.5127983298834954e-09
-9.6917576930232458e-10
-2.6142578985340542e-09
3.7287200610705295e-10
-2.6774152662797766e-09
3.9784912289004373e-10
-2.7447080619565106e-09
4.2494554800585784e-10
-2.8164668969285367e-09
4.5443836196879426e-10
-2.893059829067682e-09
4.8664754619947289e-10
-2.9748965289092157e-09
5.2194215077816108e-10
-3.0624325404807386e-09
5.6074655082409274e-10
-3.1561734076171234e-09
6.0354625357756803e-10
-3.2566783107027967e-09
6.5089240370943216e-10
-3.3645626914406372e-09
7.0340371670443241e-10
-3.4804991293368917e-09
7.6176404415990812e-10
-3.6052154723546188e-09
8.2671315397272246e-10
-3.7394889227925853e-09
8.9902763770939903e-10
-3.8841344576165849e-09
9.7948822909648041e-10
-4.0399856577403877e-09
1.0688293862270393e-09
-4.2078657932762084e-09
1.1676669827480319e-09
-4.3885469468628149e-09
1.2764006641480586e-09
-4.582695162842903e-09
1.3950891831120347e-09
-4.790800206557905e-09
1.5233001233960649e-09
-5.0130896165182604e-09
1.6599399865573226e-09
-5.2494284015196595e-09
1.803076463015506e-09
-5.4992079604333484e-09
1.9497711707675723e-09
-5.7612304450426993e-09
2.0959469812258066e-09
-6.0335975522777175e-09
2.2363175277533435e-09
-6.3136151743585103e-09
2.3644057222704524e-09
-6.5977268935914376e-09
2.4726716677572459e-09
-6.881489393488159e-09
2.5527580540841029e-09
-7.1596009712913894e-09
2.595844578130701e-09
-7.4259902097364965e-09
2.5930855780266274e-09
-7.6739655997072165e-09
2.536091362904973e-09
-7.8964190868427076e-09
2.4174075838315372e-09
-8.086068284008414e-09
2.2309502528334949e-09
-8.2357150989154854e-09
1.9723656232558216e-09
-8.3384946987507956e-09
1.6393007080562815e-09
-8.388089725641465e-09
1.2315875599306264e-09
-8.3788913626987835e-09
7.5135905286031362e-10
-8.306103054966221e-09
2.0312420137608729e-10
-8.1658089381331706e-09
-4.0615393770887479e-10
-7.9549438350600033e-09
-1.0669505359953075e-09
-7.6714263965862189e-09
-1.7670431049128309e-09
-7.3142057288873601e-09
-2.4912384181978127e-09
-6.8834759069421669e-09
-3.2210771226918813e-09
-6.3810106918329169e-09
-3.9344946833493766e-09
-5.8106413119724961e-09
-4.6055193077207043e-09
-5.1788724972229813e-09
-5.2041041867673849e-09
-4.4956074858717899e-09
-5.6962089532189334e-09
-3.7749289286811655e-09
-6.0442458784084436e-09
-3.0358585933204242e-09
-6.2079797086915376e-09
-2.3029956195138589e-09
-6.1459013132012021e-09
-1.6069149376981001e-09
-5.8169659610389676e-09
-9.8420395853084372e-10
-5.182375543488901e-09
-4.770402149368228e-10
-4.2067534403759166e-09
-1.3226900795759179e-10
-2.8575803326558883e-09
-1.1014484047594124e-09
-2.6830714922854903e-09
4.3279646082119383e-10
-2.7467903906883401e-09
4.6156800597956428e-10
-2.8145820992659155e-09
4.9273723224267416e-10
-2.8867537834204746e-09
5.2661000775346302e-10
-2.963644168348443e-09
5.635378711453965e-10
-3.0456262806152924e-09
6.0392417006688984e-10
-3.1331099826186798e-09
6.4823010993718134e-10
-3.2265440350722553e-09
6.9698008835832286e-10
-3.3264173091756839e-09
7.5076534919882269e-10
-3.4332586266527939e-09
8.1024454266998025e-10
-3.5476345318223639e-09
8.7613922118812281e-10
-3.6701440996189261e-09
9.4922165374186655e-10
-3.8014096689586226e-09
1.0302916565766491e-09
-3.9420621848929066e-09
1.120138518296696e-09
-4.0927196724540177e-09
1.2194837116702822e-09
-4.2539573027412286e-09
1.3289001754316848e-09
-4.4262676155339948e-09
1.4487048265112787e-09
-4.6100098103762407e-09
1.578822965099595e-09
-4.8053476855724877e-09
1.7186266504507564e-09
-5.0121768477418546e-09
1.8667540659814508e-09
-5.2300432451742094e-09
2.0209231265903758e-09
-5.4580568372355633e-09
2.1777593708458207e-09
-5.6948061492514538e-09
2.3326641940252006e-09
-5.9382813275361902e-09
2.4797528806913309e-09
-6.1858147620309231e-09
2.6118907111092676e-09
-6.4340489851994813e-09
2.7208481650963407e-09
-6.678940979303659e-09
2.7975827281236749e-09
-6.9158098895038708e-09
2.8326367008432499e-09
-7.1394312687678443e-09
2.8166213283682358e-09
-7.3441754854696841e-09
2.7407422384342292e-09
-7.5241813429908909e-09
2.597313960829131e-09
-7.6735493681166708e-09
2.3802145548927045e-09
-7.7865341952865752e-09
2.0852445418393433e-09
-7.8577138006013551e-09
1.7103742554114173e-09
-7.8821165114225038e-09
1.2558859102825129e-09
-7.855295462874056e-09
7.2443686938051291e-10
-7.7733537188314778e-09
1.2108568290794187e-10
-7.6329362145636255e-09
-5.4666312891052635e-10
-7.4312111557232221e-09
-1.2687618378919844e-09
-7.1659165997271571e-09
-2.0324183993838346e-09
-6.8354632162088159e-09
-2.8217671756058095e-09
-6.4391655734808018e-09
-3.6174450172088613e-09
-5.9776168995896168e-09
-4.3961087436761522e-09
-5.4532150427043042e-09
-5.1299818871586177e-09
-4.8708292180112287e-09
-5.7865461696292276e-09
-4.2385775705338514e-09
-6.328512168513633e-09
-3.5686652756994234e-09
-6.7142049965691582e-09
-2.8782109805781971e-09
-6.8984758143449474e-09
-2.1899652012108176e-09
-6.8341835338062057e-09
-1.5328004325531291e-09
-6.4741613902505821e-09
-9.4183858604876217e-10
-5.7733618404577497e-09
-4.5809508044788196e-10
-4.6905147771372685e-09
-1.2758604340706291e-10
-3.1881002322948246e-09
-1.2290380975857916e-09
-2.7273213442125428e-09
4.9258094753042525e-10
-2.7907934663009459e-09
5.2504011247385594e-10
-2.8582062477142479e-09
5.6014998890645444e-10
-2.9298359674332279e-09
5.9823968851464135e-10
-3.0059836846725405e-09
6.3968552757080239e-10
-3.0869764956675623e-09
6.8491688693135106e-10
-3.1731683047133793e-09
7.3442177453883965e-10
-3.2649398245290812e-09
7.8875138847967851e-10
-3.3626974257294707e-09
8.4852261928235534e-10
-3.4668703425333026e-09
9.1441696508741826e-10
-3.5779056156629043e-09
9.8717376328301183e-10
-3.6962600224724796e-09
1.0675749904089647e-09
-3.8223881242676957e-09
1.1564182081153423e-09
-3.9567254756176103e-09
1.254473648239026e-09
-4.099666023579401e-09
1.3624211126388117e-09
-4.2515328179015506e-09
1.4807625646113739e-09
-4.4125414026016077e-09
1.6097073222109271e-09
-4.5827557079873043e-09
1.7490289652972411e-09
-4.7620369390560937e-09
1.8978967119711957e-09
-4.9499868612746434e-09
2.0546891889328208e-09
-5.145887975776781e-09
2.2168049404312983e-09
-5.3486442593760852e-09
2.3804909019778019e-09
-5.5567272750218178e-09
2.5407160242339421e-09
-5.7681333489332119e-09
2.6911203941942263e-09
-5.9803579524711363e-09
2.8240685660513291e-09
-6.1903932084713841e-09
2.9308279019438646e-09
-6.3947533676441152e-09
3.0018783477982055e-09
-6.5895310127833071e-09
3.0273409532057797e-09
-6.7704835738224078e-09
2.9974922755776993e-09
-6.9331455846524016e-09
2.9033155087327096e-09
-7.0729574082475875e-09
2.7370314119634144e-09
-7.1853967754064077e-09
2.4925556966504725e-09
-7.2660967279578458e-09
2.1658443246928916e-09
-7.3109339010511775e-09
1.7551111848171786e-09
-7.3160756574123705e-09
1.2609290272431077e-09
-7.2779836437770488e-09
6.8624919122267437e-10
-7.1933835543064455e-09
3.6393903606049625e-11
-7.0592217722627598e-09
-6.809120044620763e-10
-6.8726439386353064e-09
-1.4554218841352846e-09
-6.6310379612634418e-09
-2.2741016855145826e-09
-6.3321687492960239e-09
-3.1207089381454196e-09
-5.9744423998875289e-09
-3.9752393789097757e-09
-5.5573154477900003e-09
-4.8132993807776387e-09
-5.0818519478910009e-09
-5.6055048831617155e-09
-4.5514159060456355e-09
-6.3170375439615377e-09
-3.9724714594362346e-09
-6.9075076787626076e-09
-3.3554471827020854e-09
-7.3312758352182269e-09
-2.7156018679412408e-09
-7.5383628475112535e-09
-2.0738052215703678e-09
-7.4760166340655167e-09
-1.4571194894236903e-09
-7.0908778475381066e-09
-8.9904597176410292e-10
-6.3314598856584848e-09
-4.3930570864712338e-10
-5.1502729356615561e-09
-1.2309877396363078e-10
-3.504318069096122e-09
-1.3521405339698858e-09
-2.7512757191347856e-09
5.5158799653939079e-10
-2.8138107235189687e-09
5.8757510120741956e-10
-2.8800962517344779e-09
6.264354923233747e-10
-2.9503720912233083e-09
6.6851548903033469e-10
-3.0248955429577763e-09
7.1420891856375835e-10
-3.1039412269211376e-09
7.6396247702803301e-10
-3.1878001648939413e-09
8.1828056871284839e-10
-3.2767778525410261e-09
8.7772885779488726e-10
-3.371190960050831e-09
9.4293539833026049e-10
-3.4713622232923793e-09
1.0145877388509297e-09
-3.5776130131934743e-09
1.0934238308782206e-09
-3.690253012032789e-09
1.1802139341537041e-09
-3.809566399257276e-09
1.2757300703477457e-09
-3.9357939795392055e-09
1.3806990485416807e-09
-4.0691107994166529e-09
1.4957348519886184e-09
-4.2095990239382104e-09
1.6212464884249958e-09
-4.3572162036609145e-09
1.7573185737170237e-09
-4.5117595627981273e-09
1.9035642618076948e-09
-4.6728275643227848e-09
2.0589539024360025e-09
-4.8397807071841846e-09
2.2216280513117382e-09
-5.0117041980481007e-09
2.3887098652370764e-09
-5.1873756998428773e-09
2.5561386682511689e-09
-5.3652416666906929e-09
2.7185521806279811e-09
-5.543405721431491e-09
2.869247702349587e-09
-5.7196320512807248e-09
3.0002504792799611e-09
-5.8913658720656446e-09
3.1025091225556329e-09
-6.055771658752962e-09
3.1662231488468945e-09
-6.2097880818228087e-09
3.181288188607668e-09
-6.3501964485489163e-09
3.1378238611929165e-09
-6.4736970010716166e-09
3.0267327130271512e-09
-6.5769849229409288e-09
2.840230802120222e-09
-6.6568159226709796e-09
2.5722946132442736e-09
-6.7100507020159655e-09
2.2189852078040869e-09
-6.7336695154908849e-09
1.778635980900855e-09
-6.7247531221705883e-09
1.2519200028226407e-09
-6.6804346526119647e-09
6.4184069753181852e-10
-6.5978370075976704e-09
-4.6290278233500002e-11
-6.4740187246340259e-09
-8.0481279924067632e-10
-6.3059624104781788e-09
-1.6235564478885221e-09
-6.090638067968345e-09
-2.4895000053967088e-09
-5.8251694004365482e-09
-3.386247439429401e-09
-5.5071277755255259e-09
-4.2933468724530514e-09
-5.1349642444518196e-09
-5.1855249669095909e-09
-4.7085789369467905e-09
-6.0319484994566507e-09
-4.2300158416684439e-09
-6.7956551504004267e-09
-3.7042602644512195e-09
-7.4333137874783866e-09
-3.140104415541165e-09
-7.8954779305918182e-09
-2.551030725562924e-09
-8.1274780923395787e-09
-1.9560399113098111e-09
-8.0710438357965378e-09
-1.3803217013989334e-09
-7.6666267700322194e-09
-8.5563817992474033e-10
-6.8561679447811546e-09
-4.2028606290538678e-10
-5.5856429616643036e-09
-1.1857625573291471e-10
-3.8060387870165237e-09
-1.4707204549581642e-09
-2.7585215974411869e-09
6.092785339997767e-10
-2.8195373996726002e-09
6.4859088794314279e-10
-2.8840669771181662e-09
6.9096504525880423e-10
-2.9523098430717743e-09
7.3675831653014867e-10
-3.0244756494104718e-09
7.8637466507358924e-10
-3.1007826531272896e-09
8.4026938845116397e-10
-3.1814552774961329e-09
8.989530519495544e-10
-3.2667204932456383e-09
9.6299385966649239e-10
-3.3568026975381313e-09
1.0330172814972123e-09
-3.4519167284326523e-09
1.1097012921907458e-09
-3.5522586302497525e-09
1.193765029514273e-09
-3.6579937952520561e-09
1.28594807433641e-09
-3.7692421674522122e-09
1.3869769648475731e-09
-3.8860603255837503e-09
1.4975150995670215e-09
-4.0084204838573076e-09
1.6180920404571775e-09
-4.1361867739437832e-09
1.7490086435890962e-09
-4.2690895980365649e-09
1.8902157140481303e-09
-4.4066993456044849e-09
2.041166301434119e-09
-4.5484012886381781e-09
2.2006455403295039e-09
-4.6933739206575151e-09
2.3665871115616073e-09
-4.8405732658008708e-09
2.5358916182472227e-09
-4.9887256333267241e-09
2.7042686116373983e-09
-5.136330837110081e-09
2.8661293019439581e-09
-5.2816770157187074e-09
3.0145593597698064e-09
-5.4228669491277072e-09
3.1413987936641488e-09
-5.5578543372088743e-09
3.2374473393391124e-09
-5.684487091734523e-09
3.292799010646519e-09
-5.8005534770823441e-09
3.2972901398511345e-09
-5.9038260100831838e-09
3.2410249808290173e-09
-5.9920974101010065e-09
3.1149266550776778e-09
-6.0632026195754429e-09
2.9112537596812481e-09
-6.1150212035295373e-09
2.6240276189584855e-09
-6.145455736114212e-09
2.2493323926219965e-09
-6.1523846690249279e-09
1.7854773062977027e-09
-6.1335930274956761e-09
1.2330418343979299e-09
-6.086690871444224e-09
5.9485417644500621e-10
-6.0090370015585345e-09
-1.2402557474187167e-10
-5.8976897123550745e-09
-9.1623810395349355e-10
-5.7494159421797461e-09
-1.7719046125865583e-09
-5.5607811354834623e-09
-2.6782055695152096e-09
-5.3283444793648377e-09
-3.6187513110686954e-09
-5.0489740966966421e-09
-4.5727810535234614e-09
-4.7202882603232855e-09
-5.5142712691279373e-09
-4.341220176099539e-09
-6.4110737105586162e-09
-3.9126965501511392e-09
-7.2242324381029255e-09
-3.4384134675926342e-09
-7.9076468132827938e-09
-2.9256850003970261e-09
-8.4082522525574407e-09
-2.3863272508749258e-09
-8.6668771458959273e-09
-1.8375200381490327e-09
-8.6198872804820126e-09
-1.3025592397825446e-09
-8.2016181857517051e-09
-8.1138065395020716e-10
-7.3473710088358279e-09
-4.0072266672676891e-10
-5.9963188197468719e-09
-1.1385286635455894e-10
-4.0929194754294095e-09
-1.5845769790526111e-09
-2.7520639900063167e-09
6.6520359615511877e-10
-2.8110781433486196e-09
7.0760502613349548e-10
-2.8733336907630548e-09
7.5322056875129152e-10
-2.9389878215785433e-09
8.0241240988337509e-10
-3.0082007133000264e-09
8.555874986164736e-10
-3.0811328316829512e-09
9.1320141725539904e-10
-3.1579412033468343e-09
9.7576128689942505e-10
-3.2387744140490507e-09
1.0438268636042168e-09
-3.3237660640617015e-09
1.1180086217166091e-09
-3.4130264082932308e-09
1.198961176728545e-09
-3.5066319350682949e-09
1.2873698809527077e-09
-3.6046127090238106e-09
1.3839278663932502e-09
-3.7069374375031208e-09
1.4893002810161978e-09
-3.8134964323463265e-09
1.6040720857120647e-09
-3.9240829406058364e-09
1.7286757251185066e-09
-4.0383737063955367e-09
1.8632954887525876e-09
-4.1559100783406673e-09
2.0077467118488656e-09
-4.2760814395391415e-09
2.1613303952595315e-09
-4.3981131210986853e-09
2.3226675335602108e-09
-4.5210611459257253e-09
2.4895224133641722e-09
-4.6438160011981556e-09
2.6586300279245127e-09
-4.7651170385959108e-09
2.8255487435468779e-09
-4.883577997962643e-09
2.9845641487162558e-09
-4.9977226011117742e-09
3.1286719407699447e-09
-5.1060273645286416e-09
3.2496650348609881e-09
-5.2069670501345527e-09
3.3383415976480273e-09
-5.2990568775863435e-09
3.3848363565951401e-09
-5.3808850609661361e-09
3.3790589493213312e-09
-5.4511295448047592e-09
3.3112036984478049e-09
-5.5085539336852703e-09
3.1722797139123582e-09
-5.5519793579297387e-09
2.9546033960116767e-09
-5.5802312447174032e-09
2.6522005556331572e-09
-5.5920626780605718e-09
2.2610830865114805e-09
-5.5860593815964062e-09
1.7793928115599862e-09
-5.560535442261493e-09
1.2074374190467422e-09
-5.5134334694893773e-09
5.4767340345724633e-10
-5.4422473980577744e-09
-1.9528808345871308e-10
-5.3439879404000429e-09
-1.0145712127871478e-09
-5.2152154195305547e-09
-1.9007478009230014e-09
-5.0521562766429934e-09
-2.8413323607213237e-09
-4.8509204705013474e-09
-3.8200517979487083e-09
-4.6078279295978437e-09
-4.8159353721917495e-09
-4.3198466715837651e-09
-5.802311417120711e-09
-3.9851398490059867e-09
-6.7458364567072797e-09
-3.603715131181798e-09
-7.6057099169251879e-09
-3.1781664774542007e-09
-8.3332447478611892e-09
-2.7144933473326825e-09
-8.8719707572945763e-09
-2.2229726035091175e-09
-9.1584388489059346e-09
-1.7190404384457388e-09
-9.1238554305152137e-09
-1.2241136768687242e-09
-8.6965753874017567e-09
-7.6624510986199293e-10
-7.8052639272058206e-09
-3.8048392571886051e-10
-6.3820977871884449e-09
-1.0884854891771753e-10
-4.3645656877720217e-09
-1.6934291683372512e-09
-2.7344127259057147e-09
7.1899670839785902e-10
-2.7910342918327269e-09
7.6422657741194876e-10
-2.8505995979860831e-09
8.1278585182259049e-10
-2.9132230364185539e-09
8.6503581223880516e-10
-2.9790153345777573e-09
9.2137974085766993e-10
-3.0480799011638283e-09
9.8226589791511639e-10
-3.1205080834873125e-09
1.0481893383522573e-09
-3.1963731283509711e-09
1.1196917109609248e-09
-3.2757226416997603e-09
1.1973578397937218e-09
-3.3585693716715871e-09
1.281807469554926e-09
-3.4448802081795274e-09
1.3736800767698319e-09
-3.5345634146391109e-09
1.4736101436102886e-09
-3.6274542986953013e-09
1.5821898318837086e-09
-3.7232997998386242e-09
1.6999156956342178e-09
-3.8217428241340872e-09
1.8271160980575038e-09
-3.9223075741444756e-09
1.9638565673330238e-09
-4.0243875637770062e-09
2.1098216828159036e-09
-4.1272383981618171e-09
2.2641744618109358e-09
-4.2299776273610973e-09
2.4253977652873661e-09
-4.3315939124183028e-09
2.5911269147109983e-09
-4.4309672326028147e-09
2.757988156664871e-09
-4.5269008113564764e-09
2.9214630592541035e-09
-4.6181638342480547e-09
3.0758031661772422e-09
-4.7035420058087169e-09
3.2140207352347085e-09
-4.7818908397432509e-09
3.3279785911996481e-09
-4.8521847326067173e-09
3.4085939480914955e-09
-4.9135538136018869e-09
3.4461574913579003e-09
-4.9653006766154709e-09
3.4307515958517062e-09
-5.0068905384359303e-09
3.3527335027464296e-09
-5.0379109818696783e-09
3.2032349745651965e-09
-5.058000850932149e-09
2.9746239150446508e-09
-5.06675159616643e-09
2.6608789078617306e-09
-5.0635880426299805e-09
2.2578452902799625e-09
-5.0476389628737823e-09
1.7633687984156082e-09
-5.0176108785953259e-09
1.1773347427759031e-09
-4.971681039226448e-09
5.0167015120257899e-10
-4.9074271464704048e-09
-2.5961359993012062e-10
-4.8218109784582591e-09
-1.1002568298987775e-09
-4.7112341022882117e-09
-2.0113917559998195e-09
-4.5716763379951259e-09
-2.9809547710733277e-09
-4.3989273238374214e-09
-3.9928630283207359e-09
-4.1889148003753204e-09
-5.0260076847742194e-09
-3.9381299552580657e-09
-6.0531535716088641e-09
-3.6441477941514639e-09
-7.0398733009567897e-09
-3.3062394475981651e-09
-7.9436700607345078e-09
-2.9260725260720128e-09
-8.7134602068275102e-09
-2.5084930618849311e-09
-9.2895950251801082e-09
-2.0623754005050221e-09
-9.6045970320481247e-09
-1.6015113227672515e-09
-9.5847551588000503e-09
-1.1454839267433053e-09
-9.15263296949006e-09
-7.2043617227302847e-10
-8.2303358441195468e-09
-3.5961145462165434e-10
-6.7429401555565679e-09
-1.0355507138540943e-10
-4.6206328270539702e-09
-1.7969878537741587e-09
-2.7076581182233964e-09
7.7036658580548127e-10
-2.7615796916413153e-09
8.1814813681170398e-10
-2.8181316077351729e-09
8.6933774587267307e-10
-2.8773863578658538e-09
9.2429052798495102e-10
-2.9394068198687787e-09
9.8340014967468101e-10
-3.0042418817971389e-09
1.0471008782856473e-09
-3.0719209728230411e-09
1.1158683054267121e-09
-3.1424473396156706e-09
1.190217891101422e-09
-3.2157899321607505e-09
1.2707001539303547e-09
-3.2918738207479799e-09
1.3578909469316629e-09
-3.3705691684882973e-09
1.4523748232922574e-09
-3.4516789447445405e-09
1.5547190500524369e-09
-3.5349257959690606e-09
1.6654354383812431e-09
-3.6199387971568022e-09
1.7849269357182648e-09
-3.7062411825185492e-09
1.9134160210614938e-09
-3.7932405708615565e-09
2.0508525551504779e-09
-3.8802236039188757e-09
2.1968000800897798e-09
-3.9663572148075168e-09
2.3503018379918118e-09
-4.0506988160722236e-09
2.5097310997137857e-09
-4.1322173989608105e-09
2.6726346984294913e-09
-4.2098267324073022e-09
2.8355836017119356e-09
-4.2824304600681585e-09
2.9940492157961989e-09
-4.3489769447444309e-09
3.142327798148869e-09
-4.4085193897246324e-09
3.2735364839002135e-09
-4.4602744438033681e-09
3.3797016312074341e-09
-4.5036706820745158e-09
3.4519525234267842e-09
-4.5383775967294944e-09
3.4808209582991232e-09
-4.5643064608520129e-09
3.4566313271619315e-09
-4.5815767922522889e-09
3.3699493713237134e-09
-4.5904459240352166e-09
3.2120449164864875e-09
-4.5912038322618157e-09
2.9753187197832093e-09
-4.5840401508908366e-09
2.6536491688728701e-09
-4.5688945408767634e-09
2.2426316914993468e-09
-4.5453047888152772e-09
1.7397101248928152e-09
-4.5122689442982116e-09
1.1442299388603656e-09
-4.4681383749406098e-09
4.5747131772769361e-10
-4.4105585322284858e-09
-3.1726046829768797e-10
-4.3364692270430106e-09
-1.1744115662017302e-09
-4.2421808498982094e-09
-2.1057437700985994e-09
-4.1235271792194364e-09
-3.0996701912015069e-09
-3.9761037206076253e-09
-4.1403463025686776e-09
-3.7955898815714091e-09
-5.2065793484217003e-09
-3.5781547384921404e-09
-6.2706444320108867e-09
-3.3209454909425303e-09
-7.2971359502819133e-09
-3.0226588055692636e-09
-8.2420075164612575e-09
-2.6841962930031579e-09
-9.0519704358253026e-09
-2.309404618874999e-09
-9.6644308476853788e-09
-1.9058958442172049e-09
-1.0008145806763376e-08
-1.4859314338445918e-09
-1.0004754806968392e-08
-1.0673305601904094e-09
-9.5712637073105129e-09
-6.743283051709776e-10
-8.623362018271543e-09
-3.3826972781294588e-10
-7.0790162118557831e-09
-9.8013077815436514e-11
-4.8609001301782421e-09
-1.8950045115570254e-09
-2.6735366903220171e-09
8.1908998384344966e-10
-2.7245264368350136e-09
8.69137870030634e-10
-2.7778259155769943e-09
9.2263720375351294e-10
-2.8334677455361147e-09
9.7993232547227594e-10
-2.8914698254346632e-09
1.041402179452001e-09
-2.9518304696046771e-09
1.1074614457626733e-09
-3.0145224955016909e-09
1.1785602150226994e-09
-3.0794861510050543e-09
1.2551813718695869e-09
-3.1466208142481065e-09
1.3378345571472643e-09
-3.2157754789886137e-09
1.4270452285323442e-09
-3.2867381663339724e-09
1.5233369518384938e-09
-3.3592245904807668e-09
1.6272046677903703e-09
-3.4328666601948692e-09
1.7390763570676982e-09
-3.5072017192552738e-09
1.8592603704945376e-09
-3.5816638039045739e-09
1.987875840635027e-09
-3.6555785875810584e-09
2.1247642190075683e-09
-3.7281640280435293e-09
2.2693812785986665e-09
-3.798538931876228e-09
2.4206710514855204e-09
-3.8657415794070177e-09
2.5769262210516421e-09
-3.9287600686883944e-09
2.7356433794524209e-09
-3.9865750173611394e-09
2.8933859642980713e-09
-4.0382136474608556e-09
3.0456719542679468e-09
-4.0828121320342283e-09
3.1869065529336587e-09
-4.119680632523169e-09
3.31038091523101e-09
-4.1483631133061995e-09
3.408355277339355e-09
-4.1686823355398444e-09
3.4722378415263851e-09
-4.1807599857038498e-09
3.4928594974304901e-09
-4.185003128793249e-09
3.4608302160079396e-09
-4.1820512245856173e-09
3.3669483517334684e-09
-4.1726825309074366e-09
3.2026227411311447e-09
-4.1576841695822761e-09
2.9602631873930346e-09
-4.1376955451925852e-09
2.6336004895826278e-09
-4.1130392798128576e-09
2.2179133525677772e-09
-4.083556694618471e-09
1.7101642983567575e-09
-4.0484658228215968e-09
1.1090754275681682e-09
-4.0062590461064959e-09
4.1520114260753678e-10
-3.9546542049078275e-09
-3.6892798233154337e-10
-3.8906124542639544e-09
-1.2385149318849748e-09
-3.8104247049923779e-09
-2.1859918701711512e-09
-3.7098757159090252e-09
-3.2002781427013568e-09
-3.5844808904837415e-09
-4.2657986086876086e-09
-3.4297965887477522e-09
-5.3613195362727799e-09
-3.2418020962348574e-09
-6.4586930420742191e-09
-3.0173537726961416e-09
-7.5216363596791135e-09
-2.7547143862965083e-09
-8.5046965923066694e-09
-2.4541628833051182e-09
-9.3525687680731735e-09
-2.1186904259586672e-09
-9.9999467265283239e-09
-1.7547855515688381e-09
-1.0372090088464052e-08
-1.3733019978375402e-09
-1.0386273120055167e-08
-9.9038330137140245e-10
-9.9542118893560193e-09
-6.283851532754414e-10
-8.9853837969365472e-09
-3.1669210140078608e-10
-7.390726538379916e-09
-9.2291064911017144e-11
-5.0853116974705179e-09
-1.9872991159022661e-09
-2.6334879941420053e-09
8.6500464736599373e-10
-2.68138168753658e-09
9.1703155091705489e-10
-2.731264709554696e-09
9.7252020618601658e-10
-2.783132715702469e-09
1.0318003011990411e-09
-2.8369624510910285e-09
1.0952318679862454e-09
-2.8927066203771181e-09
1.1632055435121503e-09
-2.9502877926480281e-09
1.2361412790555233e-09
-3.0095912792600171e-09
1.3144846962345126e-09
-3.0704569820815363e-09
1.398700019095557e-09
-3.1326703061210875e-09
1.489258198509955e-09
-3.1959523745649351e-09
1.5866185051662655e-09
-3.2599499849314672e-09
1.6912015366552749e-09
-3.3242260070119544e-09
1.8033513234632835e-09
-3.3882512419994576e-09
1.9232841195723358e-09
-3.4513991179866739e-09
2.0510216498501752e-09
-3.5129449480900065e-09
2.1863072097175855e-09
-3.5720717542398166e-09
2.3285042338124283e-09
-3.6278847625973779e-09
2.4764789066756629e-09
-3.6794364815402826e-09
2.6284711402238345e-09
-3.7257636489258114e-09
2.7819617046697728e-09
-3.7659361754053941e-09
2.9335471670052981e-09
-3.7991164791719765e-09
3.0788379851837984e-09
-3.8246253918488291e-09
3.2123977710423021e-09
-3.8420083680714512e-09
3.327742328233252e-09
-3.8510934812583001e-09
3.4174145744299322e-09
-3.8520311942454058e-09
3.4731452038451564e-09
-3.8453057334567638e-09
3.4860990099104607e-09
-3.831709502427977e-09
3.447194310412902e-09
-3.8122754558319573e-09
3.3474701959774292e-09
-3.7881674059072452e-09
3.178466542086269e-09
-3.7605341092490407e-09
2.9325782532245007e-09
-3.7303386740297016e-09
2.6033505935071362e-09
-3.6981793092618275e-09
2.185697425369373e-09
-3.6641199234566178e-09
1.6760469657420842e-09
-3.6275492071320101e-09
1.0724460367963846e-09
-3.587084701672193e-09
3.746777899596015e-10
-3.5405346465077789e-09
-4.1553662509974056e-10
-3.4849256315771332e-09
-1.2941819630905741e-09
-3.4165990355135318e-09
-2.2543756975301625e-09
-3.3313762582006936e-09
-3.2855572135599791e-09
-3.2247898621322067e-09
-4.3724402244336041e-09
-3.0923776882996222e-09
-5.4937856931755008e-09
-2.9300388131888894e-09
-6.621084438645945e-09
-2.7344530195596525e-09
-7.7172729022784325e-09
-2.5035689220878659e-09
-8.7356292597353961e-09
-2.2371688780209787e-09
-9.6190147046217837e-09
-1.9375203097088846e-09
-1.0299637934704245e-08
-1.6101216797567016e-09
-1.0699527478051783e-08
-1.2645447066026447e-09
-1.0731884323024097e-08
-9.1535851623434283e-10
-1.0303427142451851e-08
-5.8309120239499007e-10
-9.3176744173698994e-09
-2.9513749648275148e-10
-7.6786972891792533e-09
-8.6469631369264243e-11
-5.2939899558497893e-09
-2.0737722411001465e-09
-2.588703447041049e-09
9.0800238223882887e-10
-2.6333965755026737e-09
9.6172466768943121e-10
-2.6797650890351728e-09
1.0188887014551794e-09
-2.7277712213645792e-09
1.0798064052228712e-09
-2.7773550405676633e-09
1.1448156436885752e-09
-2.8284292520439282e-09
1.214279688719442e-09
-2.8808731477382177e-09
1.288585074708816e-09
-2.9345256865935998e-09
1.3681370854766456e-09
-2.9891777612377209e-09
1.4533518721469117e-09
-3.0445638125939101e-09
1.54464392492869e-09
-3.1003531061738189e-09
1.6424073271599633e-09
-3.1561411878770322e-09
1.7469889412017309e-09
-3.2114422945581989e-09
1.858651468480538e-09
-3.2656837970684866e-09
1.9775242719055882e-09
-3.3182040772491509e-09
2.1035400567372537e-09
-3.3682555406129029e-09
2.2363561058232162e-09
-3.4150146726099613e-09
2.3752598922974189e-09
-3.4576010615515562e-09
2.5190606581884151e-09
-3.4951070191568208e-09
2.6659709918382022e-09
-3.5266387124688496e-09
2.8134854737600974e-09
-3.5513684904116179e-09
2.9582668146312135e-09
-3.568596329090241e-09
3.0960530742210263e-09
-3.5778161367949329e-09
3.2216017906770453e-09
-3.5787803144985985e-09
3.328687280430011e-09
-3.5715538854963303e-09
3.4101651346646655e-09
-3.5565482310931248e-09
3.4581124902760321e-09
-3.5345245501228393e-09
3.4640440747222332e-09
-3.5065590038564451e-09
3.4191933099710873e-09
-3.4739652060074082e-09
3.3148368945345521e-09
-3.4381749371390987e-09
3.1426330244501032e-09
-3.4005839431922447e-09
2.8949407044203963e-09
-3.3623753735882201e-09
2.5650927022276866e-09
-3.324337740795019e-09
2.1476082976233059e-09
-3.2866964010355581e-09
1.6383525554439062e-09
-3.2489770932698646e-09
1.034672638650543e-09
-3.2099172170699224e-09
3.3556328287958958e-10
-3.1674356642548567e-09
-4.5807296381093472e-10
-3.1186679254207422e-09
-1.3430043496759075e-09
-3.0600651137719131e-09
-2.3130327990533061e-09
-2.9875569138979795e-09
-3.3581191676041985e-09
-2.8967720889631834e-09
-4.4632780942691911e-09
-2.7833139517595993e-09
-5.6072959598194737e-09
-2.6430895951546925e-09
-6.7613597401350554e-09
-2.4726956004821439e-09
-7.8877163055444111e-09
-2.2698668505342995e-09
-8.9385054401551381e-09
-2.0339984270615518e-09
-9.8549280531226422e-09
-1.7667526693735617e-09
-1.0566925514281474e-08
-1.4727633709328167e-09
-1.0993554850617792e-08
-1.1604448181652602e-09
-1.1044236540069131e-08
-8.4290098551823486e-10
-1.0620999583335897e-08
-5.3890353862727415e-10
-9.6216948213313406e-09
-2.7386027507922287e-10
-7.9437573493739097e-09
-8.0630875587849064e-11
-5.4872295999975625e-09
-2.1544065611992392e-09
-2.5401680376277865e-09
9.4802231595540899e-10
-2.5816080878995288e-09
1.0031647070990467e-09
-2.6244211248004355e-09
1.0617017214222905e-09
-2.6685399035198929e-09
1.1239251577545703e-09
-2.7138726653204908e-09
1.1901483653313608e-09
-2.7602980426989539e-09
1.2607050050573373e-09
-2.807659239511564e-09
1.3359461795812184e-09
-2.8557575129556598e-09
1.416235221738164e-09
-2.9043450607943748e-09
1.5019392172788117e-09
-2.953117528530829e-09
1.5934160961270821e-09
-3.0017065042616536e-09
1.6909958735554612e-09
-3.0496725679175657e-09
1.7949543898636184e-09
-3.0964997050772136e-09
1.9054777343792736e-09
-3.141592172261547e-09
2.0226155187993503e-09
-3.1842751846017304e-09
2.1462213800397725e-09
-3.2238010424053817e-09
2.2758796542858317e-09
-3.259362451895736e-09
2.4108181842682635e-09
-3.2901147364641742e-09
2.5498087894789441e-09
-3.3152082728082733e-09
2.6910590704565274e-09
-3.3338317190598369e-09
2.8321018496507217e-09
-3.3452653595031982e-09
2.9696914300935292e-09
-3.3489421741375179e-09
3.0997185441868791e-09
-3.3445121656913808e-09
3.2171577459871903e-09
-3.3319033006499231e-09
3.3160613305163201e-09
-3.3113705500632161e-09
3.389611934301864e-09
-3.2835234583306097e-09
3.4302413363818058e-09
-3.2493229342801552e-09
3.4298157242505582e-09
-3.2100399174676952e-09
3.3798786678350712e-09
-3.1671722944055648e-09
3.271933942221715e-09
-3.1223215925248579e-09
3.0977435139104962e-09
-3.0770368197282474e-09
2.8496139835990856e-09
-3.0326383134072162e-09
2.5206495370442947e-09
-2.9900385348525711e-09
2.1049616298487742e-09
-2.9495785445136448e-09
1.5978439375771225e-09
-2.9108980380601063e-09
9.9594223245797772e-10
-2.8728535255884583e-09
2.9746801029505019e-10
-2.8334942853866369e-09
-4.9748348140196155e-10
-2.7901002780998401e-09
-1.386449876042989e-09
-2.739280618258556e-09
-2.3639039958040694e-09
-2.6771292831222564e-09
-3.4203218588161722e-09
-2.5994324535490957e-09
-4.5410258938102165e-09
-2.501923880028392e-09
-5.7048548740948528e-09
-2.3805876767909106e-09
-6.8827453484477164e-09
-2.2320119539235859e-09
-8.0363401116600943e-09
-2.0538007836678142e-09
-9.116762900536197e-09
-1.845055465502007e-09
-1.0063717317188369e-08
-1.6069385091609423e-09
-1.080508345632154e-08
-1.3433346625855904e-09
-1.1257196064549101e-08
-1.061621098239385e-09
-1.1325983181643538e-08
-7.7354977201388048e-10
-1.0909099043684818e-08
-4.9622220500695976e-10
-9.8990449796736918e-09
-2.5309138767003766e-10
-8.1869047032366355e-09
-7.4851770201393204e-11
-5.6654793063419759e-09
-2.2292617241678749e-09
-2.4886956926246932e-09
9.8504443012625219e-10
-2.5268747327168815e-09
1.0413437371440911e-09
-2.5661398673622315e-09
1.1009668404385705e-09
-2.606398512565723e-09
1.1641837788404159e-09
-2.6475320659679848e-09
1.2312818818305426e-09
-2.6893910501823063e-09
1.3025639333014185e-09
-2.7317896676432145e-09
1.3783447129264005e-09
-2.7744998293099694e-09
1.458945258180322e-09
-2.817244798847282e-09
1.5446840022022424e-09
-2.859692705154203e-09
1.6358637329889858e-09
-2.9014503244429392e-09
1.7327531036449327e-09
-2.9420577205997629e-09
1.8355612298232163e-09
-2.9809845555914568e-09
1.9444037832455051e-09
-3.0176291270348277e-09
2.0592589917336966e-09
-3.0513214308579192e-09
2.1799121668230021e-09
-3.081331738772768e-09
2.3058878925607486e-09
-3.1068862587380844e-09
2.436369916123557e-09
-3.127191329211355e-09
2.5701101527539088e-09
-3.1414671920008548e-09
2.7053300703167778e-09
-3.1489916077281032e-09
2.8396199753020824e-09
-3.1491523691234558e-09
2.9698441727387312e-09
-3.1415061449366089e-09
3.0920622497656883e-09
-3.1258391688561708e-09
3.2014783175295171e-09
-3.1022233202176676e-09
3.2924303267696876e-09
-3.0710595019118863e-09
3.3584299691624995e-09
-3.0330993680554999e-09
3.3922598299181309e-09
-2.9894368502576475e-09
3.3861284515282953e-09
-2.941462902268178e-09
3.331876522121337e-09
-2.8907804838497588e-09
3.2212199301281866e-09
-2.8390817185595161e-09
3.0460099145009607e-09
-2.7879946849665551e-09
2.7984891296783504e-09
-2.7389124604402022e-09
2.4715268383666765e-09
-2.6928207964444457e-09
2.0588272198784744e-09
-2.6501423436372035e-09
1.5551208665672516e-09
-2.6106142976745427e-09
9.5636808317354936e-10
-2.5732129034928861e-09
2.6001937940757079e-10
-2.5361331423316095e-09
-5.3461130805493558e-10
-2.4968268425056082e-09
-1.4258048115780196e-09
-2.4520966215707664e-09
-2.408683196922287e-09
-2.3982419494873147e-09
-3.4742256404011358e-09
-2.3312512348140564e-09
-4.608065615981596e-09
-2.2470366869556983e-09
-5.7891180536873976e-09
-2.1417116273828374e-09
-6.9881183264194646e-09
-2.0119141158393945e-09
-8.1661844135525282e-09
-1.8551847595399665e-09
-9.2735374235441731e-09
-1.6704099618718326e-09
-1.0248535087436738e-08
-1.4583445019842242e-09
-1.101718906403484e-08
-1.2222290083392709e-09
-1.149334821254962e-08
-9.6851739662399269e-10
-1.1579727275111872e-08
-7.0772320849321353e-10
-1.1169920883041629e-08
-4.5537497839637763e-10
-1.0151415427581813e-08
-2.3302793099094619e-10
-8.4092680211230103e-09
-6.9200332330275216e-11
-5.8293168344535545e-09
-2.2984653962601001e-09
-2.4349590478908976e-09
1.0190834464253723e-09
-2.4699067203820736e-09
1.0762914003752284e-09
-2.505672019397181e-09
1.136732125079955e-09
-2.5421411832439513e-09
1.2006529205538212e-09
-2.579173683676222e-09
1.2683143484680095e-09
-2.6165977097639572e-09
1.3399879082430606e-09
-2.6542051995884758e-09
1.4159521260517388e-09
-2.6917465104142598e-09
1.4964864550727943e-09
-2.7289248969347148e-09
1.5818622211268176e-09
-2.7653910746330209e-09
1.672329666625327e-09
-2.8007382847434356e-09
1.7680999620088333e-09
-2.8344984490752336e-09
1.8693208926021505e-09
-2.8661402017176664e-09
1.9760448285631033e-09
-2.8950697961722411e-09
2.088187599938e-09
-2.9206360841729486e-09
2.2054770956837927e-09
-2.9421409044096145e-09
2.3273908623171309e-09
-2.9588562468970196e-09
2.4530827704737914e-09
-2.9700493987082039e-09
2.5813000019908568e-09
-2.9750168495362385e-09
2.7102931956876129e-09
-2.973126970178049e-09
2.8377245083929089e-09
-2.9638703349922811e-09
2.9605804216618703e-09
-2.9469150641151895e-09
3.0750980485572879e-09
-2.9221628283057792e-09
3.1767150419915581e-09
-2.8897994171385341e-09
3.2600534773940038e-09
-2.8503323586143035e-09
3.3189468085161228e-09
-2.8046074069602243e-09
3.3465158898585602e-09
-2.7537961909401014e-09
3.3352952004846128e-09
-2.6993492207180863e-09
3.277404387919004e-09
-2.6429118301781987e-09
3.1647542526106664e-09
-2.5862051901958964e-09
2.9892719612540178e-09
-2.5308796264278781e-09
2.7431294072729111e-09
-2.4783522160092636e-09
2.4189626738621495e-09
-2.4296440615672423e-09
2.010080013028903e-09
-2.3852339754978098e-09
1.5106697491761031e-09
-2.3449441990827933e-09
9.1603561452389995e-10
-2.3078704298778141e-09
2.2290155550710189e-10
-2.2723635151702084e-09
-5.7016337029529132e-10
-2.2360653367922031e-09
-1.4621489883618807e-09
-2.195995845890344e-09
-2.4487993116750934e-09
-2.1486875445642757e-09
-3.5215809634808929e-09
-2.0903614486831333e-09
-4.6664388794203944e-09
-2.0171416370935609e-09
-5.862384879966048e-09
-1.9253084185497719e-09
-7.0799980437682692e-09
-1.8115941798667666e-09
-8.2799441970695811e-09
-1.6735297429662091e-09
-9.4116459359414573e-09
-1.5098522604930799e-09
-1.0412254589975215e-08
-1.3209883655826797e-09
-1.1206092281384935e-08
-1.1096285153871914e-09
-1.1704744010754095e-08
-8.8140936295991569e-10
-1.1807978316629653e-08
-6.4571743082062774e-10
-1.1405639984060563e-08
-4.1661234317494238e-10
-1.038054235900329e-08
-2.1382858595608532e-10
-8.6120677820180263e-09
-6.3733692064013137e-11
-5.97942149779501e-09
-2.3622023748369692e-09
-2.3795143216096066e-09
1.0501831350997822e-09
-2.4112913389534528e-09
1.1080684092067843e-09
-2.4436379182881475e-09
1.1690786912291819e-09
-2.4764231636838745e-09
1.2334381456877822e-09
-2.509489318512111e-09
1.3013804724228421e-09
-2.5426476603345987e-09
1.373146203437416e-09
-2.5756740733737055e-09
1.4489784693125479e-09
-2.6083044103003743e-09
1.5291166885644369e-09
-2.6402298312150356e-09
1.6137874902099197e-09
-2.6710924085880977e-09
1.7031920233615469e-09
-2.70048141467291e-09
1.797488650780017e-09
-2.7279308614369246e-09
1.8967698878595254e-09
-2.7529190359404357e-09
2.001032367634084e-09
-2.7748709518151414e-09
2.1101386315852613e-09
-2.7931647946824878e-09
2.2237697223632588e-09
-2.8071435374655099e-09
2.3413679522793672e-09
-2.8161328883183585e-09
2.4620699027260779e-09
-2.8194665459149232e-09
2.584630719265078e-09
-2.8165193070345477e-09
2.707342110860834e-09
-2.8067478428078008e-09
2.8279480813075261e-09
-2.7897379061937602e-09
2.9435641695144052e-09
-2.7652553833864953e-09
3.0506076030699445e-09
-2.7332970655594004e-09
3.1447469300826706e-09
-2.6941355009393891e-09
3.2208799852942141e-09
-2.6483510904394244e-09
3.2731480920288561e-09
-2.596844072550568e-09
3.2949919753698228e-09
-2.5408195557779072e-09
3.2792510333621385e-09
-2.4817405434035724e-09
3.218302871045068e-09
-2.4212469879675404e-09
3.1042353103092874e-09
-2.3610430495968835e-09
2.9290398009442908e-09
-2.3027593431453844e-09
2.6848147628047727e-09
-2.2478012409481965e-09
2.363971097505713e-09
-2.1971973827438244e-09
1.9594403691781892e-09
-2.1514637229265823e-09
1.4648982426429895e-09
-2.1104973819552842e-09
8.7502962370691292e-10
-2.0735114340963107e-09
1.8587440611715734e-10
-2.0390173413620778e-09
-6.0469997831466573e-10
-2.0048566064957346e-09
-1.4963533264615946e-09
-1.9682798807553086e-09
-2.4854205054124078e-09
-1.9260684930873266e-09
-3.5638374476428032e-09
-1.8746941744243695e-09
-4.7178586548991873e-09
-1.8105139840882518e-09
-5.9266105689559843e-09
-1.7300008929774611e-09
-7.1605562919021198e-09
-1.6300140791305172e-09
-8.3799753693870713e-09
-1.5081164288468614e-09
-9.5335866149062629e-09
-1.3629496791373933e-09
-1.0557462440108607e-08
-1.1946802827582896e-09
-1.1374400198782016e-08
-1.0055316763204392e-09
-1.1893927876006014e-08
-8.0042060272966148e-10
-1.2013120698672911e-08
-5.8771373077721115e-10
-1.1618373550796066e-08
-3.8010927766830559e-10
-1.0588168287379375e-08
-1.9561302171918227e-10
-8.7965797783857369e-09
-5.849744111243196e-11
-6.1165466898424914e-09
-2.4207030498253642e-09
-2.3228219424208181e-09
1.0784110967781033e-09
-2.3515141492686813e-09
1.1367606082430698e-09
-2.3805494185144245e-09
1.1981139483991223e-09
-2.4097835387604992e-09
1.2626722474139299e-09
-2.4390458894096973e-09
1.3306427949082053e-09
-2.4681357884741948e-09
1.4022360600498101e-09
-2.4968186366131344e-09
1.4776612540481111e-09
-2.5248219833732505e-09
1.5571199415257769e-09
-2.5518317131254666e-09
1.6407970825491713e-09
-2.5774886406971992e-09
1.7288487516450473e-09
-2.6013859211510043e-09
1.8213856451871628e-09
-2.6230678124716096e-09
1.9184513729526169e-09
-2.6420304770499413e-09
2.0199944615864284e-09
-2.657725653606447e-09
2.1258330155462537e-09
-2.6695681519894609e-09
2.2356111324861701e-09
-2.6769481845201964e-09
2.3487465082438709e-09
-2.6792495035678522e-09
2.4643692426833662e-09
-2.6758741118270158e-09
2.5812527080134334e-09
-2.6662738938727739e-09
2.6977384702483534e-09
-2.6499888401762702e-09
2.811658614527315e-09
-2.626690581016824e-09
2.9202602972227462e-09
-2.5962287496527354e-09
3.0201387311202902e-09
-2.5586763528395243e-09
3.107185827229563e-09
-2.5143690251390722e-09
3.176562047297758e-09
-2.4639320421350534e-09
3.2226983668781633e-09
-2.4082885755870213e-09
3.2393334318114846e-09
-2.3486431907485693e-09
3.219588071672555e-09
-2.2864362191032158e-09
3.1560757076882587e-09
-2.2232674138198876e-09
3.0410436420756879e-09
-2.1607909819562075e-09
2.8665378411257463e-09
-2.1005881901658808e-09
2.6245838452868349e-09
-2.0440275549976074e-09
2.3073798598989811e-09
-1.9921253851690007e-09
1.9075052834705358e-09
-1.9454205029694103e-09
1.4181583226093366e-09
-1.9038760239489949e-09
8.3344819096118744e-10
-1.8668182658647561e-09
1.4877798860349402e-10
-1.8329188127256426e-09
-6.3863958725127904e-10
-1.8002213797183871e-09
-1.5290922014174497e-09
-1.7662115762184775e-09
-2.5194728176291816e-09
-1.7279256195995604e-09
-3.6021667378742808e-09
-1.6820939881829052e-09
-4.7637341646257081e-09
-1.62531776068734e-09
-5.9834308855746126e-09
-1.5542782711860286e-09
-7.2316396817282991e-09
-1.4659839949336523e-09
-8.4683128853124873e-09
-1.3580616226572339e-09
-9.6415510224364655e-09
-1.2291009267394968e-09
-1.0686463358765537e-08
-1.0790655661413168e-09
-1.1524473311708515e-08
-9.0978480477534409e-10
-1.2063243232261283e-08
-7.2554388328693666e-10
-1.2197392367201496e-08
-5.3379111294788399e-10
-1.1810152556148297e-08
-3.4597129810605744e-10
-1.0776009219313238e-08
-1.78463876821928e-10
-8.9641026838305229e-09
-5.3525840380345346e-11
-6.2414941837795563e-09
-2.474232072750232e-09
-2.2652635377100309e-09
1.1038540480328281e-09
-2.2909765777398228e-09
1.1624736411105472e-09
-2.3168282151168928e-09
1.2239655747251195e-09
-2.3426644416216224e-09
1.2885084570019197e-09
-2.3683057291200443e-09
1.3562840567284391e-09
-2.3935438478027415e-09
1.4274741400985777e-09
-2.4181385852757844e-09
1.502255933926944e-09
-2.4418145005754944e-09
1.580795771778077e-09
-2.464257912866388e-09
1.6632403704769161e-09
-2.4851144076704893e-09
1.7497050664162076e-09
-2.5039872440454441e-09
1.8402582236186078e-09
-2.5204371613895118e-09
1.9349009246246688e-09
-2.5339842072957719e-09
2.0335409947100343e-09
-2.5441123246404053e-09
2.1359604217980147e-09
-2.5502775254628585e-09
2.2417753584444018e-09
-2.5519205106909291e-09
2.3503881726126385e-09
-2.5484845291503048e-09
2.4609314929475894e-09
-2.5394390612673317e-09
2.5722049022124461e-09
-2.5243095172814654e-09
2.6826058740337249e-09
-2.5027125219876484e-09
2.7900576859252107e-09
-2.4743955084802464e-09
2.8919382819836395e-09
-2.4392782947578477e-09
2.9850152428780972e-09
-2.3974931605505662e-09
3.0653929300649576e-09
-2.3494188368572775e-09
3.1284782532080568e-09
-2.2957029904856478e-09
3.1689711301581639e-09
-2.2372674933283993e-09
3.1808844294339574e-09
-2.1752912637923254e-09
3.1575960560861132e-09
-2.1111669301349161e-09
3.09193318051975e-09
-2.0464300124737719e-09
2.9762860441401796e-09
-1.9826625574047929e-09
2.8027471914766826e-09
-1.9213767615234089e-09
2.5632723648439309e-09
-1.8638874805455469e-09
2.2498624762938212e-09
-1.8111849685122197e-09
1.8547723623769465e-09
-1.7638201611502129e-09
1.3707609412131207e-09
-1.7218140226060422e-09
7.9140747491883557e-10
-1.6846000305445004e-09
1.1152758974118852e-10
-1.6510053364165946e-09
-6.7227233381136271e-10
-1.6192722477397803e-09
-1.5608647928137193e-09
-1.587118609131316e-09
-2.551667194827303e-09
-1.5518337946571645e-09
-3.6374932818826285e-09
-1.5104070596976902e-09
-4.8052033312382758e-09
-1.4596865068263377e-09
-6.03419422666337e-09
-1.3965694837684236e-09
-7.2947994374699838e-09
-1.3182280755991527e-09
-8.5466964871562984e-09
-1.2223759904519221e-09
-9.7374442087764284e-09
-1.107585476378179e-09
-1.0801293266141265e-08
-9.7366530719824332e-10
-1.1658430503505622e-08
-8.221138127008731e-10
-1.221482868890283e-08
-6.5666424307282538e-10
-1.2362872147016413e-08
-4.8394143363075559e-10
-1.1982901159725787e-08
-3.1424290304284751e-10
-1.0945728522804642e-08
-1.6243031581306086e-10
-9.1159305086100532e-09
-4.88425896516313e-11
-6.3550912191525248e-09
-2.5230777954584385e-09
-2.2071558364858118e-09
1.1266136217115116e-09
-2.230010435729918e-09
1.1853282337883897e-09
-2.252821104422814e-09
1.2467762333045635e-09
-2.2754272082716359e-09
1.3111145453961853e-09
-2.2976438178724447e-09
1.3785006429108168e-09
-2.3192589950632871e-09
1.4490892821155269e-09
-2.340031069237841e-09
1.5230279557544412e-09
-2.3596860405399325e-09
1.6004506659116086e-09
-2.3779153060335978e-09
1.6814695233173854e-09
-2.3943739782459679e-09
1.7661635758165149e-09
-2.4086801523390695e-09
1.8545641648181672e-09
-2.4204155753992888e-09
1.9466360180414012e-09
-2.429128271860396e-09
2.042253229603755e-09
-2.4343377704616382e-09
2.1411692812312158e-09
-2.4355436413185595e-09
2.2429803541810425e-09
-2.4322380602078431e-09
2.3470814071672269e-09
-2.4239230377969665e-09
2.4526148866846468e-09
-2.4101327467608024e-09
2.558412518670287e-09
-2.3904610132179098e-09
2.662931410195277e-09
-2.3645934843585278e-09
2.764186639641354e-09
-2.33234323727422e-09
2.8596835619035539e-09
-2.2936876865548482e-09
2.9463540787607158e-09
-2.2488036610310576e-09
3.0205019540585313e-09
-2.1980965899411957e-09
3.0777626924144758e-09
-2.142219055154948e-09
3.1130833669136668e-09
-2.0820737496834388e-09
3.1207269690522419e-09
-2.0187963449041292e-09
3.0943044037241819e-09
-1.9537150559315102e-09
3.0268354156054997e-09
-1.8882858232019304e-09
2.9108380093469118e-09
-1.8240048361300942e-09
2.7384450211215687e-09
-1.762303253725642e-09
2.5015472069478463e-09
-1.7044319117318669e-09
2.1919651977491989e-09
-1.6513459700798673e-09
1.8016581915602992e-09
-1.6036003542127513e-09
1.3229849027845902e-09
-1.5612662189943004e-09
7.4904084717540154e-10
-1.5238765995854511e-09
7.4103550697404843e-11
-1.4904063728664197e-09
-7.0577874651313783e-10
-1.4592883143442421e-09
-1.5920206223479881e-09
-1.4284643200630277e-09
-2.5825303364900245e-09
-1.3954693009995921e-09
-3.670528578735384e-09
-1.3575452072067464e-09
-4.8431685385503437e-09
-1.3117839591103181e-09
-6.0799970698745093e-09
-1.255300223667178e-09
-7.3513248280888683e-09
-1.1854373834273692e-09
-8.6166005503035963e-09
-1.1000122812414188e-09
-9.8229095407863708e-09
-9.976063587391395e-10
-1.0903737804590631e-08
-8.7791303853566751e-10
-1.1778160159621648e-08
-7.4215415258508856e-10
-1.2350620939393564e-08
-5.9358187542207057e-10
-1.2511474125751535e-08
-4.3808529449099742e-10
-1.2138423116026325e-08
-2.8491709810954834e-10
-1.1098917164507297e-08
-1.4753243740292028e-10
-9.2533301718238671e-09
-4.4461941686893957e-11
-6.4581708826266475e-09
-2.5675428229540474e-09
-2.1487619875110747e-09
1.1468026761317957e-09
-2.1688898445485901e-09
1.205456084802714e-09
-2.1888126339985009e-09
1.2666990134925937e-09
-2.2083658939751711e-09
1.3306677912421198e-09
-2.2273623345794368e-09
1.3974970621361624e-09
-2.2455895747650465e-09
1.4673164902402626e-09
-2.2628079424184659e-09
1.5402462757668605e-09
-2.2787484731475552e-09
1.61639112651613e-09
-2.2931112956837746e-09
1.6958322436361784e-09
-2.3055646554601798e-09
1.7786167880786885e-09
-2.31574490180353e-09
1.8647442004491467e-09
-2.3232578449423214e-09
1.9541486633368401e-09
-2.3276819699541033e-09
2.0466769381083788e-09
-2.3285740646164535e-09
2.1420607998067629e-09
-2.3254778601605608e-09
2.2398833618135525e-09
-2.3179362755464517e-09
2.339538757224861e-09
-2.3055077692009154e-09
2.4401849567079675e-09
-2.287787106465866e-09
2.5406899761354851e-09
-2.2644305173613812e-09
2.6395723690968927e-09
-2.2351847279631355e-09
2.7349376914734675e-09
-2.1999186990952724e-09
2.8244135150317569e-09
-2.1586561279399261e-09
2.9050864620517254e-09
-2.111605931811316e-09
2.9734455042048119e-09
-2.0591871552364087e-09
3.0253362661524756e-09
-2.0020441804637843e-09
3.0559311581267428e-09
-1.9410479616824639e-09
3.0597197506847142e-09
-1.8772794203415828e-09
3.0305229313127332e-09
-1.8119922550388435e-09
2.9615332451248626e-09
-1.7465542496552367e-09
2.8453828121891577e-09
-1.6823685743845303e-09
2.6742398900605672e-09
-1.6207792688543566e-09
2.4399361417289819e-09
-1.5629676423054416e-09
2.1341295051199186e-09
-1.5098482340031163e-09
1.7485124432788649e-09
-1.4619738211654087e-09
1.2750819397706481e-09
-1.4194585074131522e-09
7.0649486407465194e-10
-1.3819262294236329e-09
3.6538599946028989e-11
-1.3484894635703895e-09
-7.3925004812313797e-10
-1.3177600887925709e-09
-1.6227862276424067e-09
-1.2878920120753182e-09
-2.6124361360493088e-09
-1.256653820808062e-09
-3.7018057397115498e-09
-1.2215296261106412e-09
-4.8783326515087899e-09
-1.1798473367105934e-09
-6.1217198658876822e-09
-1.1289353798321174e-09
-7.4022774514662097e-09
-1.0663108700337862e-09
-8.6792653875870148e-09
-9.8990408194255327e-10
-9.8993557511413057e-09
-8.9832583058393272e-10
-1.0995353948402108e-08
-7.9118641238573009e-10
-1.1885335272195457e-08
-6.6947765366221863e-10
-1.2472362502507342e-08
-5.3603344064720439e-10
-1.2644947562233272e-08
-3.960874726468156e-10
-1.2278394064807158e-08
-2.5794508464553486e-10
-1.1237079688579909e-08
-1.3376601341802041e-10
-9.3775240233736907e-09
-4.0389997440775565e-11
-6.551555932532827e-09
-2.6079358614676709e-09
-2.0903007376076234e-09
1.164542093682672e-09
-2.1078409940603278e-09
1.2229963357241041e-09
-2.1250355491906623e-09
1.2838935601299531e-09
-2.1417185342776766e-09
1.347350763390001e-09
-2.1577028798751819e-09
1.4134813881849897e-09
-2.1727784745300191e-09
1.4823920556193133e-09
-2.1867104446467848e-09
1.5541782024401296e-09
-2.1992376862601508e-09
1.6289183042684644e-09
-2.2100718252151908e-09
1.7066662896247752e-09
-2.2188968367627574e-09
1.787441665631272e-09
-2.2253696175683464e-09
1.8712167900841748e-09
-2.2291218692802831e-09
1.9579006451354284e-09
-2.2297637168945572e-09
2.0473184086711295e-09
-2.2268895371929191e-09
2.1391860990873707e-09
-2.2200864980692079e-09
2.2330796106858854e-09
-2.2089462894333694e-09
2.3283975865492748e-09
-2.1930804374678177e-09
2.4243178197883803e-09
-2.1721394113156928e-09
2.5197472538080824e-09
-2.1458354319309165e-09
2.6132661773836306e-09
-2.113968462222495e-09
2.7030678711685432e-09
-2.0764542975083686e-09
2.7868957224849708e-09
-2.0333530127098952e-09
2.8619806178114091e-09
-1.9848953181039021e-09
2.9249821515115843e-09
-1.931503726916322e-09
2.9719377426395907e-09
-1.873804977874311e-09
2.9982240237690726e-09
-1.8126300366222396e-09
2.9985347956480666e-09
-1.7489983672443084e-09
2.9668794545073889e-09
-1.6840841207198878e-09
2.896605249694725e-09
-1.6191634454381861e-09
2.7804463223861212e-09
-1.5555441783582322e-09
2.6106026474445794e-09
-1.4944814803020359e-09
2.3788532437072521e-09
-1.4370851767100588e-09
2.0767107469852937e-09
-1.3842262455231752e-09
1.695628805640561e-09
-1.3364506919469274e-09
1.2272794617727086e-09
-1.2939087564388129e-09
6.6392384970207478e-10
-1.2563060506166778e-09
-1.095246795087275e-12
-1.2228811047988188e-09
-7.7270807448114612e-10
-1.192411476140094e-09
-1.6532907203157207e-09
-1.1632485250498234e-09
-2.6416355386254322e-09
-1.1333798388257245e-09
-3.7317122210683307e-09
-1.1005181133156512e-09
-4.9112332155762535e-09
-1.0622161369520386e-09
-6.1600613599772035e-09
-1.0160089343711585e-09
-7.4485244175686048e-09
-9.5958571585372073e-10
-8.7357281118090279e-09
-8.9099578589813282e-10
-9.9679843589725467e-09
-8.0889404566995262e-10
-1.1077492911580149e-08
-7.1283358485953052e-10
-1.1981430831663453e-08
-6.0361563761488017e-10
-1.2581612732413959e-08
-4.8371103911103495e-10
-1.2764880937718295e-08
-3.5777112622971968e-10
-1.2404358589162246e-08
-2.3324550205460012e-10
-1.1361625158886251e-08
-1.2110719257129331e-10
-9.4896769046077919e-09
-3.6626060539025972e-11
-6.6360459727640944e-09
-2.6445649210213255e-09
-2.0319538588129483e-09
1.1799580393937114e-09
-2.0470501114527543e-09
1.2380925832760866e-09
-2.0616793984861007e-09
1.2985228393614296e-09
-2.075676496506115e-09
1.3613478495387628e-09
-2.0888566988169857e-09
1.4266615725825301e-09
-2.1010143600149496e-09
1.4945496900227268e-09
-2.1119216054740414e-09
1.5650854081842476e-09
-2.1213273293621813e-09
1.6383239698428815e-09
-2.1289566442085055e-09
1.7142955196735493e-09
-2.1345109911461187e-09
1.7929958904764399e-09
-2.1376691713510899e-09
1.8743747962726124e-09
-2.1380896126982864e-09
1.9583208410144737e-09
-2.1354142356381691e-09
2.0446426889917945e-09
-2.1292743200215524e-09
2.1330457103733247e-09
-2.1192987876835168e-09
2.223103432213066e-09
-2.1051252879793091e-09
2.3142232141917695e-09
-2.0864143860693895e-09
2.405605752625232e-09
-2.062866986361663e-09
2.4961983160342762e-09
-2.0342448581392373e-09
2.5846420427254111e-09
-2.0003937563050361e-09
2.6692141829349201e-09
-1.9612681504414419e-09
2.7477668226683682e-09
-1.9169560140155778e-09
2.8176643372721344e-09
-1.8677015340343088e-09
2.8757225217128538e-09
-1.8139230616483706e-09
2.9181529495160981e-09
-1.7562232457927819e-09
2.9405165457853636e-09
-1.69538820080207e-09
2.937690576812147e-09
-1.6323728754535083e-09
2.9038532794693444e-09
-1.5682705999830384e-09
2.8324902970209108e-09
-1.5042661036141475e-09
2.7164271880180554e-09
-1.441573032884061e-09
2.5478928681059791e-09
-1.3813589629954325e-09
2.318620312084438e-09
-1.3246627861612339e-09
2.0199935024736105e-09
-1.2723108408036165e-09
1.643253564647352e-09
-1.224838903912787e-09
1.1797820103371449e-09
-1.1824270205606266e-09
6.214842731414989e-10
-1.1448531072870815e-09
-3.8698959663682451e-11
-1.1114695210592675e-09
-8.0612346010192169e-10
-1.081204986702587e-09
-1.6835889087972234e-09
-1.0525923581647757e-09
-2.6702834864518481e-09
-1.0238218978970485e-09
-3.7605194243938743e-09
-9.928194262645289e-10
-4.9422735532260201e-09
-9.5734933475102302e-10
-6.1955700737331435e-09
-9.1514353110201614e-10
-7.4907691630186936e-09
-8.6405861786820426e-10
-8.7868517795654131e-09
-8.022648018519676e-10
-1.0029816169690205e-08
-7.2847127123191496e-10
-1.1151323048504225e-08
-6.4219444873257898e-10
-1.2067742202396812e-08
-5.4407815317768678e-10
-1.2679760827230301e-08
-4.3627849262512898e-10
-1.2872708960570797e-08
-3.2293035159699299e-10
-1.2517730997971257e-08
-2.1071284569833053e-10
-1.1473862240653336e-08
-1.0951692376049172e-10
-9.5908872036560391e-09
-3.3163962928431259e-11
-6.7124077243763162e-09
-2.6777318436612519e-09
-1.9738721579802074e-09
1.1931796434299165e-09
-1.9866699660257944e-09
1.250890386632346e-09
-1.9988976148854645e-09
1.3107504810384278e-09
-2.0103922297183408e-09
1.3728424534543719e-09
-2.0209732020648158e-09
1.437242528472465e-09
-2.0304410801197225e-09
1.5040175434871086e-09
-2.0385766550262223e-09
1.5732209466783814e-09
-2.0451403580742923e-09
1.644887619476914e-09
-2.0498721172343899e-09
1.7190272012308466e-09
-2.0524918600364425e-09
1.7956155216394519e-09
-2.052700891969875e-09
1.8745836692125095e-09
-2.0501844223762135e-09
1.9558041473010775e-09
-2.0446155482281197e-09
2.0390735022116336e-09
-2.0356610326740485e-09
2.1240907633424023e-09
-2.0229892192837949e-09
2.2104310297465593e-09
-2.0062803911649e-09
2.2975135906520987e-09
-1.9852398008705973e-09
2.3845641002506551e-09
-1.9596134459931982e-09
2.4705705590560518e-09
-1.9292064323680926e-09
2.5542331993446802e-09
-1.8939034440691242e-09
2.6339088345125809e-09
-1.8536904304811975e-09
2.7075508006009981e-09
-1.8086761467199084e-09
2.7726462640063556e-09
-1.7591116878016199e-09
2.8261533464543569e-09
-1.7054057072848354e-09
2.8644411694473058e-09
-1.648132698128119e-09
2.883236490540713e-09
-1.5880316408162666e-09
2.8775810611531039e-09
-1.525992591028531e-09
2.841804196201405e-09
-1.4630294573874174e-09
2.7695154003486537e-09
-1.400238323721515e-09
2.6536224213584541e-09
-1.3387421336962699e-09
2.4863810537948273e-09
-1.2796242202652333e-09
2.2594846850881334e-09
-1.2238547884972388e-09
1.9642041964876894e-09
-1.1722157655950265e-09
1.591592464455266e-09
-1.1252301549220012e-09
1.1327721075572286e-09
-1.0831020055959483e-09
5.7932963744257991e-10
-1.0456723737765801e-09
-7.6157217129596482e-11
-1.0123951248127152e-09
-8.3943138132311511e-10
-9.8233532815475736e-10
-1.7136812893515245e-09
-9.5419084745666017e-10
-2.6984622794097972e-09
-9.2633757283799408e-10
-3.7884085011997313e-09
-8.9689802752634894e-10
-4.9717500902373625e-09
-8.6383365525889755e-10
-6.2286722592178903e-09
-8.2506184223135979e-10
-7.5295791720854222e-09
-7.785996519418076e-10
-8.8333520398291222e-09
-7.227371747908522e-10
-1.0085716016681934e-08
-6.5624441619361017e-10
-1.1217851847557529e-08
-5.7861713263901433e-10
-1.2145403527653313e-08
-4.9036946593411607e-10
-1.2768039847222873e-08
-3.9338486727859545e-10
-1.2969721538118547e-08
-2.9134091079429136e-10
-1.2619798903882849e-08
-1.9022485549692773e-10
-1.1574997621118816e-08
-9.8944947799361613e-11
-9.6821813077232664e-09
-2.999330166033733e-11
-6.7813680521884158e-09
-2.7077280684912999e-09
-1.916180350045918e-09
1.2043370677879999e-09
-1.9268251872370211e-09
1.2615352194914175e-09
-1.9368133465589236e-09
1.3207386337312513e-09
-1.9459856829397585e-09
1.3820147797684834e-09
-1.95416705324188e-09
1.4454238836133057e-09
-1.9611655104174679e-09
1.5110159780264704e-09
-1.9667717138810704e-09
1.5788271166500606e-09
-1.9707586613165048e-09
1.6488745178192795e-09
-1.9728818754147216e-09
1.7211503440540404e-09
-1.9728802110292284e-09
1.7956137547839037e-09
-1.970477482524982e-09
1.8721807948564775e-09
-1.9653851450048925e-09
1.9507116042866913e-09
-1.9573062922408583e-09
2.030994362909333e-09
-1.9459412520336922e-09
2.112725327782405e-09
-1.9309950575456008e-09
2.1954842955820561e-09
-1.9121870397650036e-09
2.2787048441563357e-09
-1.8892627088674562e-09
2.3616387961798605e-09
-1.8620079576691534e-09
2.4433145226711591e-09
-1.830265417495204e-09
2.5224889810396312e-09
-1.7939525197742908e-09
2.597593770510408e-09
-1.7530804693354172e-09
2.6666759858584112e-09
-1.7077729357184568e-09
2.7273352438038567e-09
-1.6582828529729726e-09
2.7766589172913772e-09
-1.6050053426683638e-09
2.8111583040657237e-09
-1.5484845136842945e-09
2.8267091406767011e-09
-1.4894118310331964e-09
2.8185005302100905e-09
-1.428613967063557e-09
2.7809969950335159e-09
-1.3670286118798966e-09
2.7079190627380136e-09
-1.3056676407184071e-09
2.5922486766066035e-09
-1.2455682642188651e-09
2.4262669820337848e-09
-1.1877341974882157e-09
2.2016338909200603e-09
-1.1330702819335563e-09
1.9095214347631518e-09
-1.0823151480848121e-09
1.5408163064163119e-09
-1.0359771988240088e-09
1.0864109269641421e-09
-9.9427927696723028e-10
5.3760628099890986e-10
-9.5711679473295672e-10
-1.1334729706726484e-10
-9.2403328978826724e-10
-8.7254456664992675e-10
-8.9421553669451609e-10
-1.74353067968874e-09
-8.6651008242939129e-10
-2.7262011505549761e-09
-8.3946137841672498e-10
-3.8154921665730833e-09
-8.1137197678681597e-10
-4.9998756984001336e-09
-7.8038524817868236e-10
-6.259696071197032e-09
-7.445916521788377e-10
-7.5654102885444803e-09
-7.021602451281633e-10
-8.8758208944028e-09
-6.5149779792376032e-10
-1.0136415263657796e-08
-5.9143872480749417e-10
-1.127794644338264e-08
-5.2147032994141605e-10
-1.2215405499552203e-08
-4.4200011879826445e-10
-1.2847541001616453e-08
-3.5467535755848866e-10
-1.3057073925053108e-08
-2.627691154756393e-10
-1.2711728801646023e-08
-1.7164879644625027e-10
-1.1666137033694015e-08
-8.9333278514846398e-11
-9.764510854881367e-09
-2.7100549688926281e-11
-6.8436093617282981e-09
-2.7348315075201651e-09
-1.8589810278551744e-09
1.2135599161562004e-09
-1.8676166278764457e-09
1.2701708155006362e-09
-1.8755242683437329e-09
1.3286462680638315e-09
-1.8825496242108053e-09
1.3890401263263877e-09
-1.8885240580336071e-09
1.4513983034254489e-09
-1.8932640765135372e-09
1.5157559756017448e-09
-1.8965710143109208e-09
1.5821340235364286e-09
-1.898231040299281e-09
1.6505344985233503e-09
-1.8980156050679655e-09
1.7209348431110557e-09
-1.8956824748087312e-09
1.7932805300953244e-09
-1.8909775244079993e-09
1.8674757100993394e-09
-1.8836374892300463e-09
1.9433713798656903e-09
-1.8733938969203411e-09
2.0207505067728761e-09
-1.8599784120750932e-09
2.0993094789502168e-09
-1.8431298204034073e-09
2.1786352070269671e-09
-1.8226028458528551e-09
2.2581771985455477e-09
-1.7981789235746809e-09
2.3372139774092182e-09
-1.7696789329506922e-09
2.4148133474968205e-09
-1.7369777193257027e-09
2.4897862195595822e-09
-1.700019996230956e-09
2.5606340474122913e-09
-1.6588369253443657e-09
2.6254903598269101e-09
-1.6135623344102427e-09
2.682057425461289e-09
-1.5644471838468545e-09
2.7275397365386652e-09
-1.5118705771634833e-09
2.7585767220511619e-09
-1.4563453898779149e-09
2.771177881136193e-09
-1.3985165366337163e-09
2.7606643498586332e-09
-1.3391500753122236e-09
2.721621791701785e-09
-1.2791118112012343e-09
2.6478704841346486e-09
-1.2193348291745184e-09
2.5324596574187365e-09
-1.1607764104951424e-09
2.367694665712359e-09
-1.1043659848851534e-09
2.1452075865524701e-09
-1.0509469725528323e-09
1.8560844635661449e-09
-1.0012163952086846e-09
1.4910656168492277e-09
-9.5566679569269031e-10
1.0408390182031334e-09
-9.1453517370943285e-10
4.9645014251671788e-10
-8.7776329098160412e-10
-1.501458761891718e-10
-8.4497296625349741e-10
-9.0536369796199262e-10
-8.1545885006710476e-10
-1.7730755951093965e-09
-7.8820044007275438e-10
-2.7534921809566674e-09
-7.6189416867893973e-10
-3.8418326478380503e-09
-7.3500621388271125e-10
-5.0267991548269171e-09
-7.0584670396302757e-10
-6.2888920065164292e-09
-6.7266630685917e-10
-7.5986275947517172e-09
-6.3377662671047718e-10
-8.9147474568925938e-09
-5.8769631825176587e-10
-1.0182531852724334e-08
-5.3332548681619509e-10
-1.1332352324780333e-08
-4.7015207561636848e-10
-1.2278612062534124e-08
-3.9849597270302773e-10
-1.2919227671782286e-08
-3.197997641317474e-10
-1.3135797434890294e-08
-2.369789634914601e-10
-1.2794572987760769e-08
-1.5484664023427933e-10
-1.1748288237195427e-08
-8.0619147388082054e-11
-9.8387522229055477e-09
-2.4470021662727129e-11
-6.8997669750690401e-09
-2.7593043873135416e-09
-1.8023579180723834e-09
1.2209759463842825e-09
-1.8091249630929977e-09
1.2769378567956304e-09
-1.8151065671412603e-09
1.3346278664188107e-09
-1.8201540575611141e-09
1.3940876081117456e-09
-1.8241060586711571e-09
1.4553502915469963e-09
-1.8267881709473846e-09
1.5184380685077797e-09
-1.8280128811047276e-09
1.583358705064288e-09
-1.827579788241515e-09
1.6501013637345995e-09
-1.8252762508385161e-09
1.7186312448905501e-09
-1.8208785809423795e-09
1.7888827728263557e-09
-1.8141539341058771e-09
1.8607509389706898e-09
-1.804863064514993e-09
1.934080335226422e-09
-1.7927641309517188e-09
2.0086513291744953e-09
-1.7776177461591248e-09
2.0841627574427118e-09
-1.7591934536127604e-09
2.1602104547241088e-09
-1.7372777840292746e-09
2.2362609078189042e-09
-1.7116839805517168e-09
2.3116193436982665e-09
-1.6822633778041015e-09
2.3853916469985634e-09
-1.648918268770995e-09
2.4564396748481041e-09
-1.611615891399135e-09
2.5233298130012706e-09
-1.5704029171057319e-09
2.5842750099925686e-09
-1.5254195386862212e-09
2.6370710419582462e-09
-1.4769119602249477e-09
2.6790283989454422e-09
-1.4252418246401006e-09
2.7069019364870456e-09
-1.3708909258973492e-09
2.7168212944531478e-09
-1.3144595007821967e-09
2.7042260442108043e-09
-1.2566565368453476e-09
2.663810596051593e-09
-1.1982809126346259e-09
2.5894851186853975e-09
-1.1401928195303543e-09
2.4743601601110383e-09
-1.0832757753541945e-09
2.3107644107450416e-09
-1.0283905522952126e-09
2.0903072172715059e-09
-9.7632338169979118e-10
1.8040001021207848e-09
-9.2773171120699768e-10
1.4424546260402019e-09
-8.8309142136086308e-10
9.9617722270847904e-10
-8.4264964574445061e-10
4.5598465369318002e-10
-8.0638714280546806e-10
-1.8643428355370614e-10
-7.7399363126532688e-10
-9.3778524487416902e-10
-7.4485865519293663e-10
-1.8022406274352898e-09
-7.180798793057699e-10
-2.7803028679134255e-09
-6.9248997452977961e-10
-3.8674560902903445e-09
-6.6670298279542774e-10
-5.0526210150763963e-09
-6.3918096615292715e-10
-6.3164498553604517e-09
-6.0832188897447737e-10
-7.6295230279857399e-09
-5.7256992681157289e-10
-8.9505357885783094e-09
-5.3054971518794956e-10
-1.0224587872650137e-08
-4.8122655780699384e-10
-1.1381710101059336e-08
-4.2409558492386215e-10
-1.2335775798673447e-08
-3.5940467158211909e-10
-1.2983948808261115e-08
-2.8841885611153376e-10
-1.3206810254272737e-08
-2.1373769018320177e-10
-1.2869277291204663e-08
-1.3967921482773684e-10
-1.1822365396865501e-08
-7.273742331762057e-11
-9.9057077479918849e-09
-2.2084689287562724e-11
-6.9504281111000253e-09
-2.7813919060209354e-09
-1.746378574859263e-09
-1.7514136796754651e-09
1.2819729581427734e-09
-1.7556182597227796e-09
1.3388324411671708e-09
-1.7588499024471699e-09
1.3973192428028821e-09
-1.760955006967135e-09
1.4574553839872539e-09
-1.7617686488714154e-09
1.5192516924029733e-09
-1.7611146737051596e-09
1.5827047032876545e-09
-1.7588060946593911e-09
1.6477927457289555e-09
-1.7546458861933713e-09
1.7144709799185835e-09
-1.7484282828692926e-09
1.7826650883319531e-09
-1.7399407105003125e-09
1.8522632511361667e-09
-1.728966492992983e-09
1.9231059550925217e-09
-1.7152884902338033e-09
1.9949730996629788e-09
-1.6986938261053205e-09
2.0675677803646991e-09
-1.6789798560549917e-09
2.1404960572055821e-09
-1.6559614942557327e-09
2.2132419682050569e-09
-1.6294799642003043e-09
2.2851370408194459e-09
-1.5994129464567887e-09
2.3553236065861919e-09
-1.5656859674923573e-09
2.4227113570910846e-09
-1.5282847012497217e-09
2.4859268130307935e-09
-1.4872676432023642e-09
2.543255731142671e-09
-1.4427783753672588e-09
2.5925789604107891e-09
-1.3950563905564084e-09
2.6313028881699498e-09
-1.3444452163666289e-09
2.6562863920882509e-09
-1.2913964156086074e-09
2.6637671362100577e-09
-1.2364679883486887e-09
2.6492911205184074e-09
-1.1803158097912887e-09
2.6076506249748727e-09
-1.1236770460744058e-09
2.5328371076208353e-09
-1.0673450129553089e-09
2.4180172689038735e-09
-1.0121356631093954e-09
2.2555424438230976e-09
-9.5884674819594685e-10
2.0370037907831593e-09
-9.082116037893422e-10
1.7533484340399859e-09
-8.6085032282363154e-10
1.395074714812234e-09
-8.1722168695263568e-10
9.525277838438577e-10
-7.7757951459093833e-10
4.1631947315318213e-10
-7.4193701688477907e-10
-2.2210198781417736e-10
-7.1004237892798862e-10
-9.6970723579937384e-10
-6.8136816182853172e-10
-1.8309442406005461e-09
-6.5511652957388128e-10
-2.8065857783310487e-09
-6.3024170278487704e-10
-3.8923638526034099e-09
-6.0549071019903744e-10
-5.0774063069235292e-09
-5.7946334137933274e-10
-6.3425125212108343e-09
-5.5069220458187022e-10
-7.6583300203827171e-09
-5.1774388651363728e-10
-8.9835200108881375e-09
-4.793423896108682e-10
-1.026302474834854e-08
-4.3451639604731781e-10
-1.1426570320746059e-08
-3.8277272635955928e-10
-1.2387551877004329e-08
-3.2429997078866794e-10
-1.304245147243688e-08
-2.6020892901747033e-10
-1.3270928027832366e-08
-1.9281993013613574e-10
-1.2936689200451603e-08
-1.2600942325250355e-10
-1.188919440843252e-08
-6.5622543614071903e-11
-9.9661082313086731e-09
-1.992685052842043e-11
-6.996132127619833e-09
-2.801321559614025e-09
-1.6945315787693521e-09
1.285407902846223e-09
-1.6971019712729395e-09
1.3414028287245093e-09
-1.6986720710846824e-09
1.3988893351179187e-09
-1.6990963609713528e-09
1.4578796626034272e-09
-1.6982195604315224e-09
1.5183748750633541e-09
-1.6958768644616119e-09
1.5803619824974395e-09
-1.6918944708170715e-09
1.6438103157481931e-09
-1.6860904755567863e-09
1.7086669319586461e-09
-1.6782762309372152e-09
1.7748507680063041e-09
-1.6682582740013662e-09
1.842245186494831e-09
-1.6558409469344389e-09
1.9106884762978469e-09
-1.6408298390889595e-09
1.9799617801990779e-09
-1.6230361822205105e-09
2.0497738313175295e-09
-1.6022823206030994e-09
2.1197417962880424e-09
-1.5784083510536672e-09
2.1893674585746654e-09
-1.5512799785903438e-09
2.258007945447697e-09
-1.5207975555914738e-09
2.3248402260996279e-09
-1.4869061611104092e-09
2.3888187078128706e-09
-1.4496064301533274e-09
2.448625455123583e-09
-1.4089656623665962e-09
2.5026128764105456e-09
-1.3651285342151032e-09
2.5487391839640361e-09
-1.318326525009578e-09
2.5844975544359338e-09
-1.268884970853495e-09
2.606840709354815e-09
-1.2172265161348434e-09
2.612103609420279e-09
-1.163869679931611e-09
2.5959281197432866e-09
-1.1094213356543544e-09
2.5531948678989748e-09
-1.0545621500246072e-09
2.4779691021001657e-09
-1.0000244586479688e-09
2.363469192767323e-09
-9.4656265977991944e-10
2.2020685433926665e-09
-8.949169417774071e-10
1.9853441134695007e-09
-8.4577194579466161e-10
1.7041874964475588e-09
-7.9971270108366963e-10
1.3489974436290258e-09
-7.5718074687788567e-10
9.0997564346226455e-10
-7.1843368245726163e-10
3.775500216393482e-10
-6.8351142386736639e-10
-2.5704883588576318e-10
-6.5221219405434099e-10
-1.0010332128643493e-09
-6.240808491197194e-10
-1.8591043933392668e-09
-5.9841159520776024e-10
-2.8322857443214359e-09
-5.7426668406994081e-10
-3.9165411587509387e-09
-5.5051228442721665e-10
-5.1011944931422968e-09
-5.2587250380500449e-10
-6.3671871154263701e-09
-4.990024198643898e-10
-7.6852355066470741e-09
-4.6858095090021512e-10
-9.0139769617113412e-09
-4.3342445725997684e-10
-1.0298216230115759e-08
-3.9262222254961482e-10
-1.1467406423730035e-08
-3.4569564013851534e-10
-1.2434510544526669e-08
-2.9278433870552127e-10
-1.3095392395173747e-08
-2.3486486461278974e-10
-1.3328873984905402e-08
-1.7401069574717694e-10
-1.2997566071827056e-08
-1.1370464976102666e-10
-1.1949518794624337e-08
-5.9210006741971922e-11
-1.0020616359012189e-08
-1.7978663268621149e-11
-7.0373717225353105e-09
-2.8193030017921316e-09
-1.6385148890457179e-09
1.2873690907606953e-09
-1.6395872773220938e-09
1.3424752123706484e-09
-1.6396420538220875e-09
1.3989441046009306e-09
-1.63854192522415e-09
1.4567795234569916e-09
-1.6361412525419021e-09
1.5159741866581446e-09
-1.6322864018955276e-09
1.5765071086215256e-09
-1.6268163655797742e-09
1.6383402454231588e-09
-1.6195637224777326e-09
1.70141423952624e-09
-1.6103560184940419e-09
1.7656429931441623e-09
-1.5990176591594929e-09
1.8309067262978148e-09
-1.5853724165705883e-09
1.8970430915743284e-09
-1.5692466593974088e-09
1.9638358247044294e-09
-1.5504734150457467e-09
2.0310003130051435e-09
-1.5288973635872315e-09
2.0981653701944402e-09
-1.5043808393622331e-09
2.1648504272577532e-09
-1.4768108732735722e-09
2.2304373000252286e-09
-1.4461072417914755e-09
2.2941356939548284e-09
-1.4122313934883722e-09
2.3549416778515669e-09
-1.3751959985139456e-09
2.4115885260783907e-09
-1.3350747123810639e-09
2.4624896196658254e-09
-1.2920115696149556e-09
2.5056735365698815e-09
-1.2462292387984834e-09
2.538712073965925e-09
-1.1980351996001811e-09
2.5586427513118706e-09
-1.1478247730685055e-09
2.5618883585762028e-09
-1.0960798828121118e-09
2.5441773531056002e-09
-1.0433624817959484e-09
2.500470384070953e-09
-9.9030177727999342e-10
2.4248999495519565e-09
-9.3757474164428836e-10
2.3107321847088395e-09
-8.8587990485638266e-10
2.150362054914198e-09
-8.3590505310658984e-10
1.935355785364445e-09
-7.8829014697654538e-10
1.6565571589702394e-09
-7.4358743808704111e-10
1.3042772390409528e-09
-7.0222131357411014e-10
8.6858987665570587e-10
-6.6445075269157969e-10
3.3975762310881034e-10
-6.3033738852396058e-10
-2.9118624175492995e-10
-5.99722052786635e-10
-1.031674756253854e-09
-5.7221232225247694e-10
-1.8866424057801486e-09
-5.4718321909348743e-10
-2.8573450517572992e-09
-5.2379271967125653e-10
-3.9399635667558478e-09
-5.0101338691106225e-10
-5.1240071497330025e-09
-4.7768113983108316e-10
-6.3905537386041726e-09
-4.5256197725690176e-10
-7.7103896604060282e-09
-4.2443734564161608e-10
-9.0421366913222316e-09
-3.9220880607808505e-10
-1.0330479402186481e-08
-3.5502281067284731e-10
-1.150462596122499e-08
-3.1241694364692368e-10
-1.2477148201434183e-08
-2.6449019833188431e-10
-1.3143348499386046e-08
-2.1210197787139509e-10
-1.3381288460928031e-08
-1.5710737418690077e-10
-1.3052583187920755e-08
-1.0263847608151621e-10
-1.2004005882437255e-08
-5.343748411853632e-11
-1.0069830726743627e-08
-1.6222557761048627e-11
-7.0745948344269845e-09
-2.8355283163452588e-09
-1.5833890659321231e-09
1.2879771630982119e-09
-1.5830926903886888e-09
1.3421788324807225e-09
-1.5817701012828139e-09
1.3976215089079647e-09
-1.5792922328116488e-09
1.454301645083122e-09
-1.5755229502185433e-09
1.5122048893034425e-09
-1.5703194840237191e-09
1.5713036206147879e-09
-1.5635331149642865e-09
1.631553844424387e-09
-1.5550101691648598e-09
1.6928912473882832e-09
-1.5445933925603833e-09
1.7552261499405408e-09
-1.5321237828819169e-09
1.8184370218122838e-09
-1.5174429654878891e-09
1.8823621405204928e-09
-1.500396204303994e-09
1.9467888769268475e-09
-1.4808361388039456e-09
2.01143998958738e-09
-1.4586273292659257e-09
2.0759562077093539e-09
-1.4336516717679405e-09
2.1398742916344769e-09
-1.4058147073502905e-09
2.2025996944854211e-09
-1.3750527922705743e-09
2.2633729279845296e-09
-1.3413410147536521e-09
2.3212287826702418e-09
-1.3047016362497779e-09
2.374947694696424e-09
-1.2652127030305654e-09
2.4229988174563015e-09
-1.2230163224206346e-09
2.4634747767628545e-09
-1.1783259381507185e-09
2.4940186926701992e-09
-1.1314317887912147e-09
2.5117448661420187e-09
-1.0827036158813364e-09
2.5131555776090375e-09
-1.0325896330583112e-09
2.4940577455575162e-09
-9.8161080461308012e-10
2.4494847611785138e-09
-9.3034963836960225e-10
2.3736306605692151e-09
-8.7943299038131187e-10
2.2598059254904397e-09
-8.2950880741593278e-10
2.1004266149931219e-09
-7.8121727470479783e-10
1.8870512009115166e-09
-7.3515744366362775e-10
1.6104823462411614e-09
-6.918510193207614e-10
1.2609537879499724e-09
-6.5170551190289402e-10
8.2842520884496239e-10
-6.1497932908193591e-10
3.0301009095210283e-10
-5.8175155614422734e-10
-3.2443756801557391e-10
-5.5189913249155959e-10
-1.0615529049202287e-09
-5.2508389922070592e-10
-1.9134854490727508e-09
-5.0075166407218069e-10
-2.8817070341354959e-09
-4.7814502179578532e-10
-3.9626016785505872e-09
-4.5633130088357077e-10
-5.1458537757024661e-09
-4.3424667947815561e-10
-6.4126723392813083e-09
-4.1075724798168038e-10
-7.7339137094409918e-09
-3.8473759239232883e-10
-9.0681910954838274e-09
-3.5516735783087834e-10
-1.0360083945114909e-08
-3.2124631726314752e-10
-1.1538580246259588e-08
-2.8252889470012557e-10
-1.2515897144276103e-08
-2.3908012674129584e-10
-1.3186826386457295e-08
-1.9165690651124658e-10
-1.342873772880157e-08
-1.419209299413236e-10
-1.3102341503030265e-08
-9.2691826602366596e-11
-1.2053253037794425e-08
-4.8245609616122332e-11
-1.01142902198319e-08
-1.464154392743359e-11
-7.108207025332214e-09
-2.8501725968213921e-09
-1.5291703353970206e-09
1.2873467730019728e-09
-1.5276273553362836e-09
1.3406358483289175e-09
-1.5250570742835991e-09
1.3950512216544759e-09
-1.5213385490061934e-09
1.4505831104822754e-09
-1.5163449081001228e-09
1.5072112344966193e-09
-1.5099438455852021e-09
1.5649025375552739e-09
-1.5019983450973533e-09
1.6236083138446309e-09
-1.4923676858467449e-09
1.6832605444650785e-09
-1.4809087893246052e-09
1.7437671906263951e-09
-1.4674779733433646e-09
1.8050061164029431e-09
-1.451933186455618e-09
1.8668172274897304e-09
-1.4341367997035182e-09
1.9289923139680381e-09
-1.4139590320485372e-09
1.9912619782037696e-09
-1.3912820781320764e-09
2.0532789200023102e-09
-1.3660049890612951e-09
2.1145967499923047e-09
-1.3380493251198855e-09
2.1746434230931507e-09
-1.3073655500220303e-09
2.2326883458091146e-09
-1.2739400664247268e-09
2.2878022376896882e-09
-1.2378027001082774e-09
2.3388089468548775e-09
-1.1990343261708244e-09
2.3842286637811261e-09
-1.1577741990145598e-09
2.4222123805272593e-09
-1.1142264078451866e-09
2.4504680384394039e-09
-1.0686647454191372e-09
2.466179628557481e-09
-1.0214351699838403e-09
2.4659215839701192e-09
-9.7295498344393493e-10
2.4455721553317983e-09
-9.2370786935561155e-10
2.4002311061145654e-09
-8.7423405680167202e-10
2.3241490115023337e-09
-8.2511511731527915e-10
2.2106776930084438e-09
-7.7695326487182553e-10
2.0522538539428778e-09
-7.3034549799429865e-10
1.8404307577219364e-09
-6.8585346156134701e-10
1.5659757265611312e-09
-6.4397045844222078e-10
1.2190541746270726e-09
-6.0508754090552044e-10
7.8952356009469814e-10
-5.694609935526672e-10
2.6736263037408688e-10
-5.3718373429464757e-10
-3.5673794315791804e-10
-5.0816318718545052e-10
-1.0905987434769299e-09
-4.8210803329328386e-10
-1.9395679878592194e-09
-4.5852597010015033e-10
-2.905318431667804e-09
-4.3673425671052248e-10
-3.9844244638076867e-09
-4.158844527799766e-10
-5.1667361045569399e-09
-3.9500240753074589e-10
-6.4335880028856718e-09
-3.73044241260967e-10
-7.7559061528594087e-09
-3.4896879855758511e-10
-9.092300968016952e-09
-3.2182687209641123e-10
-1.0387259883959923e-08
-2.9086748293170913e-10
-1.1569572607911379e-08
-2.5566181669825664e-10
-1.2551134084275147e-08
-2.1624628073419039e-10
-1.3226270822196329e-08
-1.7328776483267134e-10
-1.3471722102104512e-08
-1.2827648015963219e-10
-1.3147374967124232e-08
-8.3753652244001281e-11
-1.2097793791704081e-08
-4.3578503076396787e-11
-1.0154478553872073e-08
-1.3219429804122521e-11
-7.1385741686077862e-09
-2.8633947446433817e-09
-1.475867027377739e-09
1.28558647492561e-09
-1.4731925036777967e-09
1.3379613207684734e-09
-1.469496018171972e-09
1.3913547302959592e-09
-1.4646645610207579e-09
1.4457516445288182e-09
-1.4585802062507082e-09
1.5011268665991843e-09
-1.4511206446956001e-09
1.5574429565923615e-09
-1.4421599275549734e-09
1.6146475682668125e-09
-1.4315694644898608e-09
1.6726700401117471e-09
-1.4192193266650395e-09
1.7314169934098199e-09
-1.4049799114647396e-09
1.7907666165720178e-09
-1.3887240309630207e-09
1.8505612275402727e-09
-1.3703294894479665e-09
1.9105976054861828e-09
-1.3496822147038969e-09
1.9706144723378084e-09
-1.3266800011544687e-09
2.0302763896628598e-09
-1.3012369076290324e-09
2.0891532265491304e-09
-1.2732883253511236e-09
2.146694263184906e-09
-1.2427966895291761e-09
2.2021959416780552e-09
-1.2097577478468221e-09
2.2547622843874565e-09
-1.174207219451036e-09
2.3032570999845024e-09
-1.1362275789804013e-09
2.346247322402845e-09
-1.0959545850464917e-09
2.3819372147428956e-09
-1.0535830486974227e-09
2.4080937572985467e-09
-1.009371216905123e-09
2.421964363447787e-09
-9.6364304606266488e-10
2.4201891625964075e-09
-9.1678758220993012e-10
2.3987114831094123e-09
-8.692546716761566e-10
2.3526918787509111e-09
-8.215463204318721e-10
2.276433077114403e-09
-7.74203219239807e-10
2.1633255808853016e-09
-7.2778626041281143e-10
2.0058262957427168e-09
-6.8285328067078951e-10
1.7954854355427049e-09
-6.3993174508903565e-10
1.5230399627967382e-09
-5.99488593929966e-10
1.1785947853026384e-09
-5.6189894988925641e-10
7.5191556910266479e-10
-5.2741576871378274e-10
2.328589274504589e-10
-4.9614276243180109e-10
-3.8803367161120909e-10
-4.6801300463588013e-10
-1.118753401453208e-09
-4.4277554194399705e-10
-1.9648324507985375e-09
-4.1999211462362287e-10
-2.9281308188372548e-09
-3.9904577351039985e-10
-4.0054015153138634e-09
-3.7916282058193264e-10
-5.1866512361780445e-09
-3.5944913335831657e-10
-6.4533349791877694e-09
-3.3894158477236873e-10
-7.7764476676245744e-09
-3.1667496106379999e-10
-9.1146017300579051e-09
-2.9176454580087142e-10
-1.0412204040716859e-08
-2.6350445609202716e-10
-1.1597865421056879e-08
-2.3148202956722382e-10
-1.2583187558762688e-08
-1.9570926987081661e-10
-1.3262072280724028e-08
-1.5677374943631966e-10
-1.3510683305641409e-08
-1.1601338797597569e-10
-1.3188157362222088e-08
-7.5721250754270027e-11
-1.2138103739461592e-08
-3.938407952452428e-11
-1.0190828826398027e-08
-1.1940966734355504e-11
-7.1660253008227156e-09
-2.8753384124208692e-09
-1.4234807336530722e-09
-1.4197827062995009e-09
-1.4150735067896778e-09
-1.40924780601289e-09
-1.4021962506294321e-09
-1.3938060189883894e-09
-1.3839615682965191e-09
-1.3725456107209866e-09
-1.3594403615714161e-09
-1.3445291080473524e-09
-1.3276981516086168e-09
-1.3088391798204016e-09
-1.2878521231231312e-09
-1.2646485464782799e-09
-1.2391556128931607e-09
-1.2113206326917415e-09
-1.1811161762217581e-09
-1.1485456758747274e-09
-1.1136493741198219e-09
-1.0765103876432641e-09
-1.0372605561177796e-09
-9.9608563357143314e-10
-9.5322927091692173e-10
-9.0899514455680433e-10
-8.6374652665225085e-10
-8.179025885936786e-10
-7.7193080103147581e-10
-7.2633495791052624e-10
-6.8163861588213443e-10
-6.3836409877245231e-10
-5.9700764799729902e-10
-5.5801176649563863e-10
-5.217362562926685e-10
-4.8842983418318182e-10
-4.5820447817951369e-10
-4.310147781270749e-10
-4.0664452723027983e-10
-3.8470261717473361e-10
-3.6463001563795134e-10
-3.4571925866549435e-10
-3.2714751548318101e-10
-3.0802391117043263e-10
-2.874514486764868e-10
-2.6460359256625931e-10
-2.3881543411340672e-10
-2.0968947789040493e-10
-1.7721665534841873e-10
-1.4191435186132349e-10
-1.0498499652687936e-10
-6.8500308047442808e-11
-3.5614189922419036e-11
-1.0791935577057075e-11
)
;

boundaryField
{
    hotWall
    {
        type            calculated;
        value           nonuniform List<scalar> 0();
    }
    coldWall
    {
        type            calculated;
        value           nonuniform List<scalar> 
40
(
0
-1.6155871338926322e-27
0
0
0
6.4623485355705287e-27
-6.4623485355705287e-27
0
0
0
0
0
0
0
0
2.5849394142282115e-26
0
0
0
0
0
0
0
0
0
0
5.169878828456423e-26
0
0
0
0
0
0
0
0
0
0
0
0
0
)
;
    }
    bottomWall
    {
        type            calculated;
        value           uniform 0;
    }
    topWall
    {
        type            calculated;
        value           nonuniform List<scalar> 0();
    }
    front
    {
        type            empty;
    }
    back
    {
        type            empty;
    }
    procBoundary11to9
    {
        type            processor;
        value           nonuniform List<scalar> 
41
(
3.2580771611797941e-10
8.604162673043271e-10
1.2962288620608521e-09
1.6485619208321904e-09
1.9305150523036221e-09
2.1532748096791723e-09
2.326383368908502e-09
2.4579687914926033e-09
2.5549388602518039e-09
2.6231470280172892e-09
2.6675368477578764e-09
2.6922686603278829e-09
2.7008310502619296e-09
2.6961389183292394e-09
2.6806196044389147e-09
2.6562882319701204e-09
2.6248132838771336e-09
2.5875733226920307e-09
2.5457057047431667e-09
2.5001480969959767e-09
2.451673572043118e-09
2.4009200256701962e-09
2.3484146274800628e-09
2.2945939757260322e-09
2.2398205818467199e-09
2.1843962585742892e-09
2.1285729292014318e-09
2.0725613164794914e-09
2.0165379098069391e-09
1.9606505509034818e-09
1.9050229228761553e-09
1.8497581768808047e-09
1.7949418854226149e-09
1.7406444722200011e-09
1.2267100467674795e-09
1.6910966308267705e-09
1.6365536980986474e-09
1.5827809907478234e-09
1.5298007228140742e-09
1.4776273229264643e-09
1.4262684965717018e-09
)
;
    }
    procBoundary11to10
    {
        type            processor;
        value           nonuniform List<scalar> 
53
(
1.2827987096167345e-09
1.3342632897631102e-09
1.386645525248089e-09
1.4399259354202313e-09
1.4940752987854468e-09
1.5490527065668125e-09
1.6048030906253223e-09
1.6612540433887944e-09
1.7183116879175733e-09
1.7758552827141185e-09
1.8337301576433169e-09
1.8917384749878523e-09
1.9496271957719403e-09
2.0070725113883292e-09
2.063659883229312e-09
2.1188587318994397e-09
2.1719907513855911e-09
2.2221908166604676e-09
2.2683595357797657e-09
2.3091067050399944e-09
2.3426852977139777e-09
2.3669161949900892e-09
2.379104693457372e-09
2.3759509346814523e-09
2.353457830470018e-09
2.3068418232820336e-09
2.2304539320557173e-09
2.1177209783489833e-09
1.9611196304918322e-09
1.7521988746613008e-09
1.481669602070553e-09
1.1395829997852416e-09
7.1562205785998732e-10
1.9953233683726851e-10
-4.1828139366034707e-10
-1.1459676469161592e-09
-1.9892293523600447e-09
-2.9501013476452732e-09
-4.0255044973517399e-09
-5.2055938553218344e-09
-6.4719397100009352e-09
-7.7956049531138649e-09
-9.1352080635126071e-09
-1.0435085389720466e-08
-1.1623686074322752e-08
-1.2612344355646737e-08
-1.329457361762789e-08
-1.3546011132245283e-08
-1.3225108617408181e-08
-1.217460613254155e-08
-1.0223727969149838e-08
-7.1908555282007799e-09
-2.8861330334727733e-09
)
;
    }
}


// ************************************************************************* //
