/*--------------------------------*- C++ -*----------------------------------*\
  =========                 |
  \\      /  F ield         | OpenFOAM: The Open Source CFD Toolbox
   \\    /   O peration     | Website:  https://openfoam.org
    \\  /    A nd           | Version:  13
     \\/     M anipulation  |
\*---------------------------------------------------------------------------*/
FoamFile
{
    format      ascii;
    class       volVectorField;
    location    "1.4855724052851444";
    object      U;
}
// * * * * * * * * * * * * * * * * * * * * * * * * * * * * * * * * * * * * * //

dimensions      [0 1 -1 0 0 0 0];

internalField   nonuniform List<vector> 
2154
(
(-0.00036977185314769672 3.6481381958213433e-07 0)
(-0.00037196534849735113 4.0469590649764333e-07 0)
(-0.00037441047969561118 4.456972351777837e-07 0)
(-0.00037711399208365117 4.8792389247109619e-07 0)
(-0.00038008329769729263 5.3148975338220912e-07 0)
(-0.00038332652363831155 5.7651749713214302e-07 0)
(-0.00038685256685846563 6.2313975337908474e-07 0)
(-0.00039067115618135099 6.7150040252354876e-07 0)
(-0.000394792922535552 7.2175605750108231e-07 0)
(-0.0003992294785509323 7.7407776181836187e-07 0)
(-0.00040399350888654706 8.2865294524371942e-07 0)
(-0.00040909887292080367 8.8568768775654533e-07 0)
(-0.00041456072175609588 9.4540935527254326e-07 0)
(-0.00042039563188599644 1.0080696850872141e-06 0)
(-0.00042662175836274735 1.0739484190186243e-06 0)
(-0.00043325901091201843 1.1433576074615465e-06 0)
(-0.00044032925720363013 1.2166467402262481e-06 0)
(-0.00044785655844233193 1.2942089021236598e-06 0)
(-0.00045586744364402456 1.3764882049353133e-06 0)
(-0.00046439123047587458 1.4639888177469889e-06 0)
(-0.00047346040244222758 1.5572860040509714e-06 0)
(-0.0004831110545868609 1.6570396861391452e-06 0)
(-0.00049338342286425459 1.7640111924068807e-06 0)
(-0.00050432251602329351 1.8790840087883706e-06 0)
(-0.00051597887335951226 2.0032895474327909e-06 0)
(-0.00052840947711231176 2.1378391601926134e-06 0)
(-0.00098496647316691287 4.1021627014984302e-06 0)
(-0.00099053759305087934 4.5993341802703611e-06 0)
(-0.00099677470513308405 5.1092768324504337e-06 0)
(-0.0010036950640959128 5.6332789531720376e-06 0)
(-0.0010113176723741705 6.1727193476481329e-06 0)
(-0.0010196634049888503 6.7290794179749975e-06 0)
(-0.0010287551510810683 7.3039567655144696e-06 0)
(-0.0010386179742742517 7.8990805818171776e-06 0)
(-0.0010492792943768571 8.5163291523145872e-06 0)
(-0.0010607690933970119 9.1577498658659213e-06 0)
(-0.0010731201493946313 9.8255822058042901e-06 0)
(-0.0010863683023681588 1.0522284300891729e-05 0)
(-0.0011005527571913611 1.1250563748091451e-05 0)
(-0.0011157164296196297 1.2013413583786776e-05 0)
(-0.001131906342621402 1.2814154490034707e-05 0)
(-0.0011491740818199638 1.3656484590313905e-05 0)
(-0.0011675763207305359 1.454453852799163e-05 0)
(-0.0011871754288444165 1.5482957951024341e-05 0)
(-0.0012080401785635715 1.6476976069478243e-05 0)
(-0.0012302465706734262 1.7532519637128873e-05 0)
(-0.0012538788026317338 1.8656332555078146e-05 0)
(-0.0012790304096491499 1.9856126340222963e-05 0)
(-0.0013058056155650086 2.1140763952986603e-05 0)
(-0.0013343209391052924 2.2520484946649902e-05 0)
(-0.0013647071114472322 2.4007181548681473e-05 0)
(-0.0013971113732196472 2.5614737023756955e-05 0)
(-0.0014923796329420183 1.0615756795974579e-05 0)
(-0.0015005591481141185 1.1942553584274804e-05 0)
(-0.0015097433704560786 1.3302596597825728e-05 0)
(-0.0015199577765729151 1.4699301534987723e-05 0)
(-0.0015312304635771202 1.6136321366136989e-05 0)
(-0.0015435923345865237 1.7617578230159118e-05 0)
(-0.0015570773091437107 1.9147299306871586e-05 0)
(-0.001571722561714366 2.0730057378747098e-05 0)
(-0.0015875687919886853 2.2370816933278292e-05 0)
(-0.0016046605313876172 2.4074986829812911e-05 0)
(-0.0016230464909896269 2.5848480770262889e-05 0)
(-0.0016427799570784601 2.769778707885738e-05 -2.0312586305752103e-28)
(-0.0016639192417088949 2.9630049634016568e-05 -2.1835750894691145e-28)
(-0.001686528197148208 3.1653162217912134e-05 0)
(-0.001710676804843235 3.3775879081072429e-05 0)
(-0.0017364418517695601 3.6007945193284246e-05 0)
(-0.00176390770974476 3.8360250500026164e-05 0)
(-0.0017931672366604348 4.0845013571824389e-05 0)
(-0.0018243228227673269 4.347600137271769e-05 0)
(-0.0018574876103222427 4.6268793541131383e-05 0)
(-0.0018927869212979689 4.9241101625838812e-05 0)
(-0.0019303599357166606 5.2413156207825457e-05 0)
(-0.0019703616727581186 5.5808177787877666e-05 0)
(-0.0020129653383690609 5.9452950710858914e-05 0)
(-0.0020583651168468342 6.3378523121850947e-05 0)
(-0.0021067794998350501 6.7621059743064251e-05 0)
(-0.0019070409163760582 1.9371510914765557e-05 0)
(-0.0019172357942408192 2.1842347242792665e-05 0)
(-0.0019287094897269665 2.4374116451785187e-05 0)
(-0.0019414938942747893 2.6973151142557526e-05 0)
(-0.0019556242145716638 2.9646220794994769e-05 0)
(-0.0019711392055851993 3.2400590693636435e-05 0)
(-0.0019880814349276382 3.5244088166166327e-05 0)
(-0.0020064975824947546 3.8185177442467628e-05 0)
(-0.0020264387800244476 4.1233044695090351e-05 0)
(-0.0020479609960573639 4.4397695133057183e-05 0)
(-0.0020711254727845464 4.7690064409828314e-05 0)
(-0.0020959992224758054 5.1122147088829028e-05 -9.1305474699223645e-29)
(-0.0021226555926461754 5.4707145513865717e-05 -9.9071501419853164e-29)
(-0.0021511749108965826 5.8459643188547043e-05 0)
(-0.0021816452225368529 6.2395807717630913e-05 0)
(-0.0022141631367587999 6.6533629555971585e-05 0)
(-0.002248834800392268 7.0893204305812733e-05 0)
(-0.0022857770222907614 7.5497068173803651e-05 0)
(-0.0023251185763299956 8.0370598528816493e-05 0)
(-0.0023670017170650277 8.5542494377023425e-05 0)
(-0.0024115839495125182 9.104535507992379e-05 0)
(-0.002459040103558202 9.691637985296098e-05 0)
(-0.0025095647743890157 0.0001031982155175806 0)
(-0.0025633752033346379 0.00010993998556485361 0)
(-0.0026207146886936465 0.00011719853958875725 0)
(-0.0026818566334342775 0.00012503996805179334 0)
(-0.0022425360439050331 2.9767163005413873e-05 0)
(-0.0022542839312174384 3.3624188121816975e-05 0)
(-0.0022675296185264713 3.7575165306674333e-05 0)
(-0.0022823099490326621 4.1629938875672205e-05 0)
(-0.0022986656209988106 4.5799028698758356e-05 0)
(-0.002316641456930679 5.0093721429465764e-05 0)
(-0.0023362867088512125 5.4526173006812604e-05 0)
(-0.0023576554041714911 5.9109524436496874e-05 0)
(-0.0023808067374527634 6.3858033242439099e-05 0)
(-0.0024058055142946616 6.87872234524833e-05 0)
(-0.0024327226547081046 7.3914057567977238e-05 0)
(-0.0024616357646795048 7.9257134696131639e-05 0)
(-0.00249262978625756 8.4836919929979129e-05 0)
(-0.002525797738459522 9.0676011191444266e-05 0)
(-0.0025612415636795199 9.6799451166955879e-05 0)
(-0.0025990730971842619 0.00010323509373104853 0)
(-0.0026394151808204823 0.00011001403645608719 0)
(-0.0026824029463764967 0.0001171711335456323 0)
(-0.0027281852993050839 0.00012474560691815877 0)
(-0.0027769266399210353 0.00013278177731905664 0)
(-0.0028288088669483338 0.00014132994236322499 0)
(-0.0028840337176303447 0.0001504474343798437 0)
(-0.0029428255097376974 0.00016019989783876051 -1.0806589350970717e-29)
(-0.0030054343638557563 0.00017066283383018117 -1.3338707478248292e-29)
(-0.0030721399993153525 0.00018192346713504859 0)
(-0.0031432562138061968 0.00019408299904649624 0)
(-0.0025109984575684293 4.1410874905913117e-05 0)
(-0.0025239335877530497 4.684495486293527e-05 0)
(-0.0025385385158309469 5.2410056660135115e-05 0)
(-0.0025548538199585756 5.8119987963817747e-05 0)
(-0.0025729243362979455 6.3989499523491974e-05 0)
(-0.0025927994540981096 7.0034412460816194e-05 0)
(-0.0026145334500981524 7.6271761208198757e-05 0)
(-0.0026381858670978687 8.271995486602027e-05 0)
(-0.0026638219423792981 8.9398960270275108e-05 0)
(-0.002691513092652685 9.63305107075231e-05 0)
(-0.0027213374633788781 0.00010353834500793811 0)
(-0.0027533805517263627 0.00011104848273315786 0)
(-0.0027877359141068743 0.00011888954239642944 0)
(-0.0028245059712600678 0.00012709311116849558 -9.4102710190746074e-29)
(-0.0028638029262999746 0.00013569417641060846 -9.9635553247886821e-29)
(-0.0029057498140863062 0.00014473163172159896 0)
(-0.0029504817038500481 0.00015424887309586807 0)
(-0.0029981470813142687 0.00016429450438611127 0)
(-0.0030489094417551939 0.00017492317568339508 0)
(-0.0031029491317096686 0.00018619658359999457 0)
(-0.0031604654845256001 0.00019818466888458052 0)
(-0.0032216793038358179 0.000210967054374071 -2.3736109235711881e-28)
(-0.0032868357594395847 0.00022463477493635882 -1.7062538345622511e-28)
(-0.0033562077720376586 0.00023929236051157071 9.2223457512138676e-29)
(-0.0034300999766568242 0.00025506034299961031 0)
(-0.0035088533689992029 0.00027207826638420628 0)
(-0.0027231433515966731 5.4004766018740694e-05 0)
(-0.0027369714181828195 6.1164753987784682e-05 0)
(-0.0027526013003968514 6.8495848548502325e-05 0)
(-0.0027700762729887143 7.6016149558011048e-05 0)
(-0.002789444149460842 8.374498733259886e-05 0)
(-0.0028107575936007043 9.1703088370969274e-05 0)
(-0.0028340744721180662 9.9912761329023819e-05 0)
(-0.0028594582533676039 0.00010839810680085154 0)
(-0.0028869784579777817 0.00011718525512238909 0)
(-0.0029167111681967181 0.00012630263723054685 0)
(-0.0029487396039355887 0.00013578129461055423 0)
(-0.002983154774878457 0.0001456552356008527 0)
(-0.0030200562196790659 0.00015596184685135448 0)
(-0.0030595528452355058 0.00016674237061760689 -1.8293981909949776e-28)
(-0.0031017638813885026 0.00017804246091074352 -1.9455341264265648e-28)
(-0.0031468199692058275 0.00018991283441220936 0)
(-0.0031948644043857531 0.00020241003562672754 0)
(-0.0032460545613391852 0.00021559734012310632 0)
(-0.0033005635283084194 0.0002295458250518268 0)
(-0.0033585819895690871 0.00024433564256521185 0)
(-0.0034203203974544918 0.0002600575394155295 0)
(-0.0034860114847254323 0.00027681467488791558 -4.6348486000787776e-28)
(-0.0035559131767113677 0.00029472479921782745 2.1165149161796134e-40)
(-0.0036303119725849351 0.00031392286532081848 5.3584123926159619e-28)
(-0.0037095268758203801 0.00033456415717936905 0)
(-0.0037939139647274705 0.00035682802698851175 0)
(-0.0028883312633273118 6.730407810175826e-05 0)
(-0.0029028111630389195 7.6302661784515713e-05 0)
(-0.0029191909416144881 8.5514546641390297e-05 0)
(-0.0029375156649897043 9.496234236849391e-05 0)
(-0.0029578351089122753 0.00010467018787865659 0)
(-0.0029802040781128501 0.00011466395652017486 0)
(-0.0030046827670068346 0.00012497148618740032 0)
(-0.0030313371668435909 0.0001356228386483829 0)
(-0.0030602395250237135 0.00014665059321022092 0)
(-0.0030914688632464257 0.00015809018081844049 0)
(-0.0031251115622532954 0.00016998026587851037 0)
(-0.003161262022233627 0.00018236318455409878 0)
(-0.0032000234094889859 0.00019528545010099902 0)
(-0.0032415085017628354 0.00020879833801339977 0)
(-0.0032858406467794503 0.00022295856649420762 0)
(-0.0033331548510610845 0.00023782909112025194 0)
(-0.0033835990190717734 0.00025348003669544176 0)
(-0.0034373353662407722 0.00026998979430705957 0)
(-0.0034945420335192158 0.00028744631768369561 0)
(-0.0035554149358858166 0.00030594866021839531 0)
(-0.0036201698826841796 0.00032560880256397227 0)
(-0.0036890450138446942 0.00034655383049085934 0)
(-0.0037623036028367725 0.00036892853350644212 0)
(-0.0038402372843984209 0.0003928985059752486 0)
(-0.0039231697722673002 0.00041865384303622715 0)
(-0.004011461138525488 0.00044641353147213247 0)
(-0.0030146514043370757 8.1105401186629209e-05 3.088423509749545e-28)
(-0.0030295821062598345 9.202444228971253e-05 3.3100862117207964e-28)
(-0.003046481973234841 0.00010320028850452919 0)
(-0.0030653970603731883 0.00011466017676894252 0)
(-0.003086378205122314 0.00012643317543188141 0)
(-0.0031094813458606651 0.000138550428797786 4.3250151383002447e-28)
(-0.0031347678811907472 0.00015104543106365083 4.6157823222080805e-28)
(-0.0031623050745981686 0.00016395433469624607 0)
(-0.0031921665098774521 0.00017731629921138782 0)
(-0.0032244326035754849 0.00019117388743308209 0)
(-0.0032591911816904698 0.00020557351766764786 0)
(-0.0032965381290129977 0.00022056598189261261 0)
(-0.0033365781208333006 0.00023620704209603634 0)
(-0.0033794254482957327 0.00025255811939385624 7.223053805878873e-28)
(-0.0034252049504936333 0.00026968709360814913 7.7010753414508544e-28)
(-0.0034740530684995163 0.00028766923471678572 0)
(-0.0035261190389556524 0.0003065882921325393 0)
(-0.0035815662476420301 0.0003265377732642126 0)
(-0.0036405737666151462 0.00034762244941226788 0)
(-0.0037033381020780947 0.00036996013485374342 0)
(-0.0037700751840672613 0.00039368379403110902 0)
(-0.0038410226332329638 0.00041894404197054562 0)
(-0.0039164423442601516 0.00044591211407986428 0)
(-0.0039966234294838143 0.00047478339254766462 0)
(-0.0040818855694341426 0.00050578158627359528 0)
(-0.0041725828185021387 0.00053916366719164389 0)
(-0.003109019554160616 9.5237762828792683e-05 3.7392903292639506e-28)
(-0.0031242307390041131 0.00010813306021282195 4.0264911934327644e-28)
(-0.00314145603726365 0.00012132926290928167 0)
(-0.0031607417761334929 0.0001348582626897634 0)
(-0.0031821390494540741 0.00014875408098263289 0)
(-0.0032057040281478805 0.0001630531514421484 5.3315636585903334e-28)
(-0.0032314983093778881 0.00017779463610862346 5.7030556515569237e-28)
(-0.0032595893086815753 0.00019302078085140303 0)
(-0.0032900506999655639 0.00020877731679859828 0)
(-0.0033229629089686782 0.00022511391568657519 0)
(-0.0033584136666279492 0.00024208470855169753 0)
(-0.0033964986297300567 0.00025974887900619712 0)
(-0.0034373220773127235 0.00027817134454940893 0)
(-0.0034809976925147313 0.00029742354206049578 9.0032892151235011e-28)
(-0.003527649440974267 0.00031758433689806553 9.6038652071100932e-28)
(-0.003577412558454621 0.0003387410790081468 0)
(-0.0036304346621408596 0.00036099083425706133 0)
(-0.0036868770019943325 0.00038444182497235336 0)
(-0.0037469158706498625 0.00040921512053584974 0)
(-0.0038107441925364213 0.00043544662688701558 0)
(-0.0038785733150924237 0.00046328943296499071 0)
(-0.0039506350269530041 0.00049291658224922099 0)
(-0.0040271838295222739 0.00052452434818507014 -2.4535416918295491e-27)
(-0.0041084994889628319 0.00055833610244276021 -2.6322920919012997e-27)
(-0.0041948898946665486 0.0005946068729648815 0)
(-0.004286694246730097 0.00063362869181025796 0)
(-0.0031772856647585934 0.00010955513016554612 0)
(-0.0031926310984932726 0.00012446049521644005 0)
(-0.0032100150532932449 0.00013971082252665039 0)
(-0.0032294834852673276 0.00015534260624929208 0)
(-0.0032510870230830656 0.00017139475771751818 0)
(-0.0032748812633661452 0.00018790892372204187 0)
(-0.003300927101837096 0.00020492984213333186 0)
(-0.0033292911038821935 0.00022250574110002023 0)
(-0.0033600459187616096 0.00024068878914067817 0)
(-0.003393270742224693 0.00025953560475524689 0)
(-0.0034290518329368608 0.00027910783576575945 0)
(-0.0034674830888304217 0.00029947282051701735 0)
(-0.0035086666902747108 0.00032070434538725948 0)
(-0.0035527138178214697 0.00034288351587348953 -1.0777017626485919e-27)
(-0.0035997454532136998 0.00036609976191395141 -1.1498918535341599e-27)
(-0.0036498932733383684 0.00039045200220301756 0)
(-0.0037033006478304422 0.00041604999716615909 0)
(-0.0037601237520542763 0.00044301592609038347 0)
(-0.0038205328081266348 0.00047148623076033859 0)
(-0.0038847134673930177 0.00050161377584585537 0)
(-0.0039528683481546388 0.00053357038515999919 0)
(-0.0040252187422162144 0.00056754982246541292 0)
(-0.0041020065026173671 0.00060377129514983688 -2.9335274575195072e-27)
(-0.0041834961221979749 0.00064248356766470095 -3.1452938703895117e-27)
(-0.0042699770076935917 0.00068396977717612184 0)
(-0.0043617659458424019 0.00072855304326238516 0)
(-0.0032243463448976871 0.00012393110031646643 0)
(-0.003239699201124211 0.00014086182503674218 0)
(-0.003257097685814322 0.00015818095160259989 0)
(-0.0032765868085754333 0.00017592945336656024 0)
(-0.0032982160885899267 0.00019415099157372772 0)
(-0.0033220398288907335 0.00021289226614926946 0)
(-0.0033481174225306926 0.00023220340701988825 0)
(-0.0033765136936725849 0.00025213841261667217 0)
(-0.0034072992769889278 0.00027275564333720112 0)
(-0.0034405510391522808 0.00029411837909999332 0)
(-0.0034763525466169082 0.00031629545175740386 -5.152878553048352e-28)
(-0.0035147945843357867 0.00033936196509963242 -5.5027498841073685e-28)
(-0.0035559757305145307 0.00036340011754481844 0)
(-0.0036000029929615777 0.00038850014545552654 -1.2538026446298995e-27)
(-0.0036469925130286217 0.00041476140843224016 -1.3379177614960177e-27)
(-0.0036970703435107938 0.00044229364200621925 0)
(-0.0037503733071397017 0.0004712184079964259 0)
(-0.003807049942377203 0.00050167077847459377 0)
(-0.0038672615429898223 0.0005338012958721474 0)
(-0.0039311832971964415 0.00056777825922847333 9.2762569866591345e-28)
(-0.003999005530811413 0.00060379039477663737 9.9154528790309185e-28)
(-0.0040709350564426894 0.0006420499776055009 0)
(-0.0041471966270273542 0.00068279647928309547 0)
(-0.0042280344862250163 0.00072630082274707569 0)
(-0.0043137139996834101 0.00077287032827935568 0)
(-0.0044045233389500256 0.00082285442954659819 0)
(-0.0032542579463818691 0.0001382552727081722 0)
(-0.0032695074901892334 0.00015721108258280036 0)
(-0.0032867952298970202 0.00017659760363806666 0)
(-0.0033061647176604136 0.00019646010353610441 0)
(-0.0033276637926007344 0.00021684678641027718 0)
(-0.0033513448287396811 0.00023780917222928304 0)
(-0.0033772650102903358 0.00025940251922714852 0)
(-0.0034054866365777542 0.00028168629632499895 0)
(-0.0034360774590702328 0.00030472471361617129 0)
(-0.0034691110532079216 0.00032858732035223164 0)
(-0.0035046672279099075 0.00035334968150440546 -5.8664045070608671e-28)
(-0.0035428324758088477 0.00037909414593116246 -6.2658832157254011e-28)
(-0.0035837004673847646 0.00040591072151936573 0)
(-0.0036273725922180817 0.00043389807545639574 0)
(-0.00367395855051624 0.00046316468110891456 0)
(-0.0037235769978328703 0.00049383013690411446 0)
(-0.0037763562454156329 0.00052602668722343318 0)
(-0.0038324350177835966 0.00055990098065682192 0)
(-0.0038919632678017543 0.00059561610705673 0)
(-0.0039551030474958802 0.00063335396159152279 1.0551647796297366e-27)
(-0.0040220294298736288 0.00067331799119333118 1.1273726352313738e-27)
(-0.0040929314727437991 0.00071573638595617719 0)
(-0.0041680132095038413 0.00076086578428367956 0)
(-0.0042474946435148205 0.0008089955644397178 0)
(-0.0043316127112706772 0.00086045279423434381 0)
(-0.0044206221641884249 0.00091560790123883338 0)
(-0.0032703467207051582 0.00015243071375162763 0)
(-0.0032853959240293127 0.00017339827836785436 0)
(-0.0033024636992458624 0.00019483727947502871 0)
(-0.0033215916927957882 0.00021679704123161157 0)
(-0.00334282556490936 0.0002393300462223941 0)
(-0.0033662152069131816 0.00026249233888867523 0)
(-0.0033918149808360907 0.00028634397383330067 0)
(-0.003419683982779937 0.00031094951606158673 0)
(-0.0034498863315731536 0.00033637860135022165 0)
(-0.0034824914842423614 0.00036270656627735489 0)
(-0.0035175745798053139 0.00039001515904414961 0)
(-0.0035552168127845696 0.00041839334411093487 0)
(-0.0035955058376353432 0.00044793821591585149 0)
(-0.0036385362049338567 0.00047875603960077627 0)
(-0.0036844098296289957 0.0005109634397963195 1.7061719522368475e-27)
(-0.0037332364908498881 0.00054468876217398916 1.8200924478847508e-27)
(-0.003785134361588032 0.0005800736367153255 -1.9415912235274255e-27)
(-0.0038402305649070825 0.00061727477648121105 -2.071406684991008e-27)
(-0.0038986617510123433 0.00065646605106289152 0)
(-0.0039605746863154564 0.00069784087972480995 0)
(-0.0040261268412769575 0.00074161499519419195 0)
(-0.0040954869579435463 0.00078802963455950681 0)
(-0.0041688355702657514 0.00083735521780766006 0)
(-0.0042463654399289147 0.00088989557556893011 0)
(-0.0043282818568931847 0.00094599278312255638 0)
(-0.0044148027363412673 0.0010060326438655362 0)
(-0.0032753132865831055 0.00016637213649393795 0)
(-0.0032900770678254473 0.00018932720128365122 0)
(-0.0033068296031355483 0.0002127924480259255 0)
(-0.0033256102464711006 0.000236820975179134 0)
(-0.0033464620506458232 0.000261469231352059 0)
(-0.0033694319506917705 0.0002867974378738705 0)
(-0.0033945709641158965 0.00031287005728909613 0)
(-0.0034219344086893421 0.00033975631482971322 0)
(-0.0034515821383063984 0.00036753078100580904 0)
(-0.0034835787972860551 0.00039627402473819859 0)
(-0.0035179940932399353 0.00042607334797297087 0)
(-0.0035549030882690209 0.00045702361450025058 0)
(-0.0035943865077393351 0.00048922818779242622 0)
(-0.0036365310651744536 0.0005227999951326267 0)
(-0.0036814298008263804 0.00055786273815573175 1.8846199001407681e-27)
(-0.0037291824301625099 0.00059455227322067236 2.0099009422262796e-27)
(-0.0037798956967262957 0.00063301818878663417 -2.1433586361944132e-27)
(-0.0038336837214520613 0.00067342561116281541 -2.2857723027609002e-27)
(-0.0038906683373635528 0.00071595727456101566 0)
(-0.003950979394432624 0.00076081589611199697 0)
(-0.0040147550139343286 0.00080822690103398863 0)
(-0.0040821417645584045 0.00085844154682957309 0)
(-0.0041532947233983838 0.00091174049714452278 0)
(-0.0042283773732394135 0.00096843789407327033 0)
(-0.0043075612727421549 0.001028885969636104 0)
(-0.0043910254175701761 0.0010934802190450726 0)
(-0.0032713293964741195 0.00018000454869702431 0)
(-0.0032857332710310486 0.00020491374475228857 0)
(-0.0033020875885183668 0.00023036954955347102 0)
(-0.0033204290839253013 0.00025642851753717046 0)
(-0.0033407978429136316 0.00028315071208158459 0)
(-0.0033632374488944557 0.00031060014203448792 0)
(-0.0033877951414178361 0.00033884524445059426 0)
(-0.0034145219856955415 0.00036795942044223431 0)
(-0.003443473052831414 0.00039802163207103492 0)
(-0.0034747076100008511 0.00042911706940128704 0)
(-0.003508289319373613 0.00046133789823559618 0)
(-0.0035442864439799203 0.00049478410068513011 0)
(-0.0035827720579343675 0.0005295644226178557 0)
(-0.0036238242574004485 0.00056579744422588117 0)
(-0.0036675263673303883 0.00060361279246419703 0)
(-0.0037139671372582346 0.00064315251697168022 0)
(-0.0037632409171455957 0.00068457265427055022 0)
(-0.0038154478013337385 0.00072804500850633818 0)
(-0.0038706937248620017 0.00077375918061500109 0)
(-0.0039290904915476252 0.00082192488134307656 0)
(-0.0039907557070133519 0.00087277456657201455 0)
(-0.0040558125819723208 0.0009265664352083381 0)
(-0.0041243895611585936 0.0009835878293474056 0)
(-0.0041966197209071972 0.0010441590717721564 0)
(-0.0042726398631040595 0.0011086377644874399 0)
(-0.0043525892146381783 0.0011774235501047186 0)
(-0.0032601256824729545 0.00019326220099665902 0)
(-0.003274104680921697 0.00022008458338947741 0)
(-0.0032899887682372496 0.00024748739968026535 0)
(-0.0033078117926740487 0.00027553031375541684 0)
(-0.0033276105798526602 0.00030427662250052977 0)
(-0.0033494250421662506 0.00033379370100441454 0)
(-0.0033732982939027822 0.00036415349350914466 0)
(-0.0033992767711203921 0.00039543305673479497 0)
(-0.003427410354938792 0.00042771516314249767 0)
(-0.0034577524964255965 0.0004610889727802129 0)
(-0.0034903603406361981 0.00049565078360995528 0)
(-0.0035252948465712411 0.0005315048716624187 0)
(-0.0035626208988000876 0.00056876443401762255 0)
(-0.0036024074052030618 0.00060755264950625848 0)
(-0.0036447273736370319 0.00064800387415217997 0)
(-0.003689657958234008 0.00069026499074374833 0)
(-0.0037372804633863579 0.00073449693448790596 0)
(-0.0037876802901138833 0.00078087641938319355 0)
(-0.0038409468052726212 0.0008295978925907801 0)
(-0.0038971731087437678 0.00088087574639918935 0)
(-0.0039564556670881202 0.00093494681889756388 0)
(-0.0040188937738823071 0.00099207321444626847 0)
(-0.0040845887867568056 0.0010525454722868993 0)
(-0.0041536430787115887 0.0011166861044198271 0)
(-0.0042261586262975605 0.0011848535096145752 0)
(-0.0043022351395193958 0.0012574462454031294 0)
(-0.0032430696743742586 0.00020608772436711981 0)
(-0.0032565674358500272 0.00023477608292735903 0)
(-0.0032719191301150393 0.00026407587016553604 0)
(-0.0032891555075570201 0.00029404949219621098 0)
(-0.0033083099051723049 0.00032476307652808806 0)
(-0.0033294183178264507 0.00035628692070601516 0)
(-0.0033525194697639517 0.00038869598552921048 0)
(-0.0033776548846809868 0.00042207043908765987 0)
(-0.0034048689521885955 0.00045649625868447968 0)
(-0.0034342089878835538 0.00049206589866385435 0)
(-0.0034657252834800431 0.00052887903325008899 0)
(-0.0034994711424979185 0.00056704338474259199 0)
(-0.0035355028958069098 0.00060667564880102472 0)
(-0.0035738798898280531 0.00064790253011965553 0)
(-0.0036146644383235711 0.00069086190350494856 0)
(-0.0036579217263738488 0.00073570411721922749 0)
(-0.0037037196522326996 0.000782593457377176 0)
(-0.0037521285891400709 0.00083170979407011449 0)
(-0.0038032210446939858 0.00088325043155392912 0)
(-0.0038570711898554557 0.00093743218595995575 0)
(-0.0039137542228709294 0.00099449371406755719 0)
(-0.0039733455251144091 0.0010546981149418206 0)
(-0.0040359195558398574 0.0011183358215138999 0)
(-0.0041015484208778968 0.0011857277897391696 0)
(-0.0041703000362591633 0.0012572289763154536 0)
(-0.004242235791595759 0.0013332320685520828 0)
(-0.0032212339000846843 0.00021843138824619574 0)
(-0.0032342018838578518 0.00024893336862105594 0)
(-0.0032489679084898265 0.00028007476545371886 0)
(-0.0032655594693611605 0.00031192034621504782 0)
(-0.0032840062473967579 0.0003445386523929961 0)
(-0.0033043401425449548 0.00037800244650661657 0)
(-0.0033265953022982558 0.00041238920188274309 0)
(-0.0033508081429231844 0.0004477816409541711 0)
(-0.0033770173604896164 0.00048426832854413156 0)
(-0.0034052639280793733 0.0005219443274106769 0)
(-0.003435591074678571 0.00056091192422822052 0)
(-0.0034680442401799324 0.00060128143520042198 0)
(-0.0035026709995938481 0.00064317210161160857 0)
(-0.0035395209479318172 0.00068671308684401953 0)
(-0.0035786455352141049 0.00073204458768344255 0)
(-0.0036200978385817345 0.00077931907406417384 0)
(-0.0036639322554591126 0.00082870267269087832 0)
(-0.0037102040979996127 0.00088037671109118126 0)
(-0.0037589690645149884 0.00093453943937650259 0)
(-0.0038102825580837519 0.00099140794699653363 0)
(-0.0038641988158844187 0.0010512202905368043 0)
(-0.0039207698048342784 0.0011142378453591786 0)
(-0.0039800438296754585 0.0011807478874636633 0)
(-0.0040420637886267761 0.0012510664006916404 0)
(-0.0041068649991031717 0.0013255410859260783 0)
(-0.0041744725019677515 0.0014045545199730324 0)
(-0.0031954542942358136 0.00023025043941280065 0)
(-0.0032078510761632665 0.00026250950654313997 0)
(-0.0032219861918772858 0.00029543284371738604 0)
(-0.0032378837754396877 0.00032908719175457277 0)
(-0.0032555697416410826 0.00036354308298031421 0)
(-0.0032750717828157671 0.00039887528183049024 0)
(-0.0032964193558575007 0.00043516326583765313 0)
(-0.003319643656548335 0.00047249175219770366 0)
(-0.0033447775776673234 0.00051095127569746133 0)
(-0.0033718556465621155 0.00055063882443815717 0)
(-0.0034009139369139602 0.0005916585405082908 0)
(-0.0034319899482692052 0.00063412249354575774 0)
(-0.0034651224455028752 0.00067815153596437064 0)
(-0.0035003512486707074 0.00072387624949758582 0)
(-0.0035377169616300453 0.00077143799359334392 0)
(-0.0035772606252932552 0.00082099006702116614 0)
(-0.0036190232783312767 0.00087269899473246218 0)
(-0.0036630454044683874 0.00092674595240899518 0)
(-0.0037093662410896881 0.00098332834100149408 0)
(-0.0037580229185973152 0.0010426615225674863 0)
(-0.0038090493936744569 0.0011049807263352337 0)
(-0.0038624751322369148 0.0011705431293962192 0)
(-0.0039183234892883698 0.0012396301086399831 0)
(-0.0039766097231378863 0.0013125496479216947 0)
(-0.0040373385706032995 0.0013896388647765749 0)
(-0.0041005012982352216 0.0014712665912276033 0)
(-0.0031663794550658994 0.00024150850011332367 0)
(-0.0031781700904733221 0.00027546477106936017 0)
(-0.0031916363371303608 0.00031010695056973668 0)
(-0.0032067989086998028 0.00034550336357368449 0)
(-0.0032236798969252746 0.00038172611020363965 0)
(-0.0032423027335525437 0.00041885149553195291 0)
(-0.0032626921380629879 0.00045696049689115346 0)
(-0.0032848740478767027 0.00049613927328758629 0)
(-0.0033088755269910851 0.00053647972195729882 0)
(-0.0033347246481911764 0.00057808008760025108 0)
(-0.0033624503429716887 0.00062104563036336001 0)
(-0.0033920822121139959 0.00066548935920149907 0)
(-0.0034236502884230622 0.00071153283780949969 0)
(-0.0034571847414044156 0.0007593070708692847 0)
(-0.0034927155115921675 0.00080895347884326946 0)
(-0.0035302718597621306 0.00086062496990620238 0)
(-0.0035698818133064296 0.0009144871177316987 0)
(-0.003611571488526377 0.00097071945359479062 0)
(-0.0036553642634315838 0.0010295168803652048 0)
(-0.0037012797707279732 0.001091091214117143 0)
(-0.0037493326749557347 0.0011556728557481654 0)
(-0.0037995311911440577 0.001223512589465041 0)
(-0.0038518752948756081 0.0012948834961867411 0)
(-0.003906354565378382 0.0013700829563832496 0)
(-0.0039629455944063426 0.0014494346965613384 0)
(-0.0040216088846790994 0.0015332908037735172 0)
(-0.0031345115081964432 0.00025217501488550455 0)
(-0.0031456669513788673 0.00028776598335079559 0)
(-0.0031584329665442757 0.00032406124568237326 0)
(-0.0031728268311798182 0.00036113032589537756 0)
(-0.003188866805623726 0.00039904647485901893 0)
(-0.0032065720624089552 0.00043788708530659743 0)
(-0.0032259625975459487 0.00047773414112431113 0)
(-0.003247059120051716 0.0005186747048462636 0)
(-0.0032698829153165933 0.00056080144761849271 0)
(-0.0032944556770507475 0.00060421322623961725 0)
(-0.0033207993015436396 0.0006490157122417046 0)
(-0.003348935636770307 0.0006953220783160681 0)
(-0.0033788861774547443 0.00074325374769783337 0)
(-0.0034106716955119589 0.0007929412123699977 0)
(-0.0034443117932896725 0.00084452492607600032 0)
(-0.003479824364666284 0.00089815627806953799 0)
(-0.0035172249462762021 0.00095399865316680651 0)
(-0.0035565259378673832 0.0010122285828497995 0)
(-0.0035977356669861221 0.0010730369906487287 0)
(-0.0036408572687794032 0.0011366305324873309 0)
(-0.0036858873466676543 0.001203233028599192 0)
(-0.0037328143739642416 0.0012730869773466785 0)
(-0.0037816167902614026 0.0013464551317974958 0)
(-0.0038322607397159696 0.0014236221059048058 0)
(-0.0038846973915545894 0.0015048959567325183 0)
(-0.003938859776715156 0.0015906096599068715 0)
(-0.0031002394688435281 0.00026222474135143665 0)
(-0.0031107360437956665 0.00029938591195315817 0)
(-0.0031227764488593597 0.0003372665095029172 0)
(-0.0031363745487256963 0.00037593688080037225 0)
(-0.003151544807691249 0.00041547102155717303 0)
(-0.0031683021891748776 0.00045594697316814057 0)
(-0.0031866620338577307 0.00049744725022747387 0)
(-0.0032066399125081665 0.00054005930204994047 0)
(-0.0032282514488335664 0.00058387601167271693 0)
(-0.0032515121068559562 0.00062899623601515126 0)
(-0.0032764369363148175 0.00067552539106159278 0)
(-0.0033030402684318589 0.00072357608607229651 0)
(-0.0033313353530017406 0.00077326881090594105 0)
(-0.003361333926165117 0.00082473268050853028 0)
(-0.0033930456963391547 0.00087810624043717985 0)
(-0.003426477733587386 0.00093353833686086703 0)
(-0.0034616337451631434 0.0009911890537046737 0)
(-0.0034985132170189072 0.0010512307183229857 0)
(-0.0035371103977016476 0.0011138489750608833 0)
(-0.0035774130972296286 0.0011792439229868447 0)
(-0.0036194012692700598 0.0012476313094718571 0)
(-0.0036630453402488102 0.0013192437645318722 0)
(-0.0037083042440316126 0.0013943320510319567 0)
(-0.0037551231157305536 0.0014731662917531309 0)
(-0.003803430593372163 0.0015560371142883138 0)
(-0.0038531356722045751 0.001643256626576439 0)
(-0.0030638660540961205 0.00027163728276107657 0)
(-0.003073684972885416 0.00031030272991668096 0)
(-0.0030849798199464964 0.00034969952090057932 0)
(-0.0030977611054469291 0.00038989846188610099 0)
(-0.0031120395717789927 0.00043097390307980567 0)
(-0.0031278260663254835 0.00047300411432061419 0)
(-0.0031451313901115188 0.00051607168769663087 0)
(-0.0031639661182594693 0.00056026396977501417 0)
(-0.0031843403874592061 0.00060567352614362404 0)
(-0.003206263644845934 0.00065239864103402924 0)
(-0.0032297443517236039 0.00070054385482868947 0)
(-0.0032547896344626397 0.00075022054221690745 0)
(-0.0032814048736137928 0.00080154753363724984 0)
(-0.0033095932207893837 0.00085465178237814545 0)
(-0.003339355031141379 0.0009096690792519945 0)
(-0.0033706871972869995 0.00096674481603117564 0)
(-0.0034035823682694835 0.0010260347977217377 0)
(-0.0034380280345719287 0.0010877061021086563 0)
(-0.0034740054573151563 0.0011519379826023747 0)
(-0.0035114884165686495 0.0012189228069668379 0)
(-0.0035504417502206782 0.0012888670195686637 0)
(-0.0035908196511672615 0.0013619921077894614 0)
(-0.0036325636868350759 0.0014385355433681715 0)
(-0.0036756005015024782 0.0015187516555963346 0)
(-0.0037198391589250593 0.0016029123740032617 0)
(-0.0037651680810215091 0.0016913077515238047 0)
(-0.0030256288984231898 0.00028039666063644543 0)
(-0.0030347558239605297 0.00032049952360170531 0)
(-0.0030452900975414467 0.00036134249821350269 0)
(-0.0030572389636899038 0.00040299650288046348 0)
(-0.0030706095508465474 0.00044553587118859674 0)
(-0.0030854087206795872 0.00048903870393772865 0)
(-0.0031016428911260921 0.00053358724436562699 0)
(-0.0031193178290309679 0.00057926827850956466 0)
(-0.0031384384075762227 0.00062617356265566658 0)
(-0.0031590083229159605 0.0006744002797811026 0)
(-0.0031810297635381408 0.00072405152678998433 0)
(-0.0032045030248458264 0.00077523683415256961 0)
(-0.0032294260602727153 0.00082807271925443239 0)
(-0.003255793958900612 0.00088268327429872641 0)
(-0.0032835983380128646 0.00093920078892805868 0)
(-0.0033128266372826746 0.00099776640676841515 0)
(-0.0033434612993447884 0.0010585308137263162 0)
(-0.003375478819328676 0.0011216549539675728 0)
(-0.0034088486435488721 0.0011873107668459726 0)
(-0.0034435318949786013 0.0012556819343750149 0)
(-0.0034794799004370246 0.0013269646237443128 0)
(-0.0035166324917017037 0.001401368202355754 0)
(-0.0035549160501900877 0.0014791158931689583 0)
(-0.003594241262713461 0.0015604453248297975 0)
(-0.0036345005545098726 0.0016456089128120801 0)
(-0.0036755651659228714 0.0017348739829613352 0)
(-0.0029857170829887124 0.00028849092547810314 0)
(-0.0029941417326379469 0.00032996384879823245 0)
(-0.0030039049004570244 0.00037218259677943125 0)
(-0.0030150106805872032 0.00041521787198960368 0)
(-0.0030274627244090977 0.00045914364247152522 0)
(-0.0030412640698188171 0.00050403746836470795 0)
(-0.0030564169426467165 0.00054998084786741217 0)
(-0.0030729225261225922 0.0005970595838745256 0)
(-0.0030907806936590469 0.00064536417253736932 0)
(-0.0031099896995045559 0.00069499021484527887 0)
(-0.0031305458209986404 0.00074603885210815072 0)
(-0.0031524429452309669 0.00079861722589848584 0)
(-0.0031756720918544664 0.00085283896256671554 0)
(-0.003200220862617027 0.0009088246818197437 0)
(-0.003226072806848584 0.00096670252800921291 0)
(-0.0032532066906642626 0.0010266087216323032 0)
(-0.0032815956560194297 0.0010886881269982368 0)
(-0.0033112062539878751 0.0011530948299394829 0)
(-0.0033419973347526273 0.0012199927166438728 0)
(-0.0033739187748453871 0.0012895560409154222 0)
(-0.0034069100202222917 0.0013619699620848504 0)
(-0.0034408984219444399 0.001437431028913421 0)
(-0.0034757973397317736 0.0015161475755362424 0)
(-0.0035115039877645932 0.0015983399829115007 0)
(-0.0035478969972342379 0.0016842407422504972 0)
(-0.0035848336718853897 0.0017740942340434497 0)
(-0.0029442838163105233 0.00029591180274538768 0)
(-0.0029519996022897401 0.00033868732931301339 0)
(-0.0029609852092801494 0.00038221145622354742 0)
(-0.0029712417185708689 0.00042655436338835597 0)
(-0.0029827694655908434 0.0004717893288583922 0)
(-0.0029955678526047249 0.00051799302870179909 0)
(-0.0030096351325055648 0.00056524585243253951 0)
(-0.0030249681597199975 0.00061363223475440095 0)
(-0.0030415621036622635 0.00066324100421776369 0)
(-0.0030594101195206519 0.00071416574915580836 0)
(-0.0030785029704269214 0.00076650520095131961 0)
(-0.0030988285942379168 0.00082036363426023792 0)
(-0.0031203716072435951 0.00087585128326341975 0)
(-0.0031431127361017724 0.00093308477227350072 0)
(-0.0031670281681854375 0.0009921875580615597 0)
(-0.0031920888093158657 0.0010532903800014879 0)
(-0.0032182594365536533 0.0011165317124744141 0)
(-0.003245497732350998 0.0011820582118112863 0)
(-0.00327375318496597 0.0012500251472045141 0)
(-0.0033029658386629092 0.0013205968012736605 0)
(-0.0033330648759601952 0.0013939468210132405 0)
(-0.0033639670131734019 0.0014702584932682241 0)
(-0.0033955746899362277 0.0015497249101203397 0)
(-0.00342777403354614 0.0016325489778726899 0)
(-0.0034604325802785915 0.0017189432077086527 0)
(-0.0034933967387987728 0.0018091292053037966 0)
(-0.0029014560121921051 0.00030265437068666075 0)
(-0.0029084597144225176 0.00034666529301128571 0)
(-0.0029166650142422638 0.00039142479093556127 0)
(-0.0029260701359525537 0.00043700223780211576 0)
(-0.0029366722798491686 0.00048346992334316998 0)
(-0.0029484674217499477 0.00053090332597925704 0)
(-0.0029614500830782505 0.00057938139700375855 0)
(-0.0029756130676940741 0.00062898685689779295 0)
(-0.0029909471611446149 0.00067980650378764032 0)
(-0.0030074407874282972 0.00073193153376037825 0)
(-0.0030250796177257516 0.00078545787236137588 0)
(-0.0030438461248454641 0.00084048651609617013 0)
(-0.0030637190763586407 0.00089712388212147699 0)
(-0.0030846729585575121 0.00095548216348535146 0)
(-0.0031066773224697019 0.0010156796862366816 0)
(-0.0031296960422064102 0.0010778412633899511 0)
(-0.0031536864749318254 0.0011420985390282784 0)
(-0.0031785985107451614 0.0012085903136491623 0)
(-0.0032043734998079059 0.0012774628390454545 0)
(-0.0032309430431933382 0.0013488700673860616 0)
(-0.0032582276332814427 0.0014229738344332804 0)
(-0.0032861351292066748 0.00149994395065283 0)
(-0.003314559053086483 0.0015799581658494399 0)
(-0.0033433766937871782 0.0016632019622385751 0)
(-0.0033724470071963058 0.001749868116691627 0)
(-0.0034016083058764899 0.0018401559541566675 0)
(-0.0028573414109991698 0.00030871676621643329 0)
(-0.002863632877956288 0.00035389644025162582 0)
(-0.002871058496471326 0.00039982201746894673 0)
(-0.0028796138043322367 0.00044656180475932726 0)
(-0.0028892930629842422 0.00049418683239518585 0)
(-0.002900089047192959 0.00054277109837314746 0)
(-0.0029119928051825218 0.00059239182115720078 0)
(-0.0029249933856683465 0.00064312970060297482 0)
(-0.0029390775277487657 0.00069506918656050574 0)
(-0.0029542293091203101 0.00074829875430611659 0)
(-0.0029704297475364504 0.00080291118550536152 0)
(-0.002987656349841205 0.00085900385285685372 0)
(-0.0030058826022769077 0.00091667900587180131 0)
(-0.0030250773950958165 0.00097604405437541565 0)
(-0.0030452043738080901 0.0010372118452360887 0)
(-0.0030662212086878045 0.0011003009264747578 0)
(-0.0030880787734582217 0.0011654357912071419 0)
(-0.0031107202234214246 0.0012327470917406489 0)
(-0.0031340799627358265 0.0013023718114372517 0)
(-0.0031580824901480745 0.0013744533785148803 0)
(-0.0031826411123525053 0.0014491417015372232 0)
(-0.0032076565144190119 0.0015265931006350883 0)
(-0.003233015177586597 0.0016069701010798826 0)
(-0.0032585876364199491 0.0016904410461232016 0)
(-0.0032842265702147542 0.0017771794732797039 0)
(-0.0033097647280677443 0.0018673631814914466 0)
(-0.0028120337897905531 0.00031409991489720821 0)
(-0.0028176156630932035 0.00036038253984443746 0)
(-0.0028242652887711865 0.00040740591308733155 0)
(-0.0028319756996984698 0.00045523703986778333 0)
(-0.0028407384262625398 0.00050394544758096589 0)
(-0.0028505432793043944 0.00055360340219892299 0)
(-0.0028613781038621488 0.00060428612983421575 0)
(-0.0028732285004062831 0.00065607204281823935 0)
(-0.0028860775098654206 0.00070904296935181226 0)
(-0.002899905258321549 0.00076328438539908009 0)
(-0.0029146885568042797 0.00081888564701357693 0)
(-0.0029304004511398907 0.00087594022070040019 0)
(-0.0029470097163152571 0.00093454590869386219 0)
(-0.002964480289309802 0.00099480506514588465 0)
(-0.0029827706338423142 0.0010568247981341773 0)
(-0.0030018330299932568 0.0011207171510646042 0)
(-0.0030216127812245711 0.0011865992553907797 0)
(-0.0030420473309644199 0.0012545934445361178 0)
(-0.0030630652807079961 0.0013248273163478075 0)
(-0.0030845853015778273 0.0013974337282130975 0)
(-0.0031065149315848994 0.001472550704901763 0)
(-0.0031287492515674944 0.0015503212340088528 0)
(-0.0031511694341319254 0.0016308929171756201 0)
(-0.0031736411621117468 0.0017144174365764525 0)
(-0.0031960129164066604 0.0018010497848122474 0)
(-0.0032181141379578567 0.0018909471914925035 0)
(-0.0027656167112841161 0.00031880728128884107 0)
(-0.0027704941701827074 0.00036612814810376836 0)
(-0.0027763742669686163 0.0004141823003582949 0)
(-0.0027832477191021875 0.00046303523137111344 0)
(-0.0027911035415780655 0.00051275475003809221 0)
(-0.0027999288260779315 0.00056341116974075226 0)
(-0.0028097084916113234 0.00061507749939246825 0)
(-0.0028204250036306675 0.00066782963565195923 0)
(-0.0028320580582825929 0.00072174655499426105 0)
(-0.0028445842281158203 0.00077691050391809867 0)
(-0.0028579765652100957 0.00083340718506945042 0)
(-0.0028722041573253096 0.00089132593646104228 0)
(-0.0028872316323029085 0.00095075990023827251 0)
(-0.0029030186055947708 0.0010118061765649936 0)
(-0.0029195190654628385 0.0010745659571404741 0)
(-0.0029366806901075268 0.0011391446315735386 0)
(-0.0029544440907735324 0.0012056518582715442 0)
(-0.0029727419747879995 0.0012742015895927149 0)
(-0.0029914982225598984 0.0013449120386455368 0)
(-0.00301062687288078 0.0014179055721936897 0)
(-0.0030300310115091585 0.0014933085104444331 0)
(-0.0030496015591136823 0.0015712508098403161 0)
(-0.0030692159563544034 0.0016518655990049619 0)
(-0.0030887367464047721 0.0017352885302846877 0)
(-0.0031080100588266992 0.0018216568992904178 0)
(-0.0031268640037532399 0.0019111084717189891 0)
(-0.002718166174917431 0.00032284463633572465 0)
(-0.0027223466973891391 0.00037114034716314052 0)
(-0.0027274662363619751 0.00042015975348550758 0)
(-0.0027335133883345962 0.00046996665121489515 0)
(-0.0027404748731369405 0.00052062694258768699 0)
(-0.0027483353119942284 0.00057220879827894755 0)
(-0.0027570769780650966 0.00062478281893377252 0)
(-0.002766679516756541 0.00067842219486136883 0)
(-0.002777119632857566 0.0007332028622833997 0)
(-0.0027883707412667789 0.00078920365410970958 0)
(-0.0028004025778211035 0.00084650644270880746 0)
(-0.0028131807664685715 0.00090519627154381883 0)
(-0.0028266663387793078 0.00096536147182927246 0)
(-0.002840815201566935 0.0010270937595134942 0)
(-0.0028555775482153908 0.0010904883068778306 0)
(-0.0028708972091958441 0.001155643781830493 0)
(-0.0028867109372454442 0.0012226623465135553 0)
(-0.0029029476228028916 0.0012916496050857918 0)
(-0.0029195274356061474 0.0013627144883935067 0)
(-0.0029363608889213118 0.0014359690606084758 0)
(-0.002953347823773554 0.0015115282296283724 0)
(-0.0029703763119016133 0.0015895093389040611 0)
(-0.0029873214780988884 0.0016700316130930184 0)
(-0.0030040442453172908 0.0017532154231506339 0)
(-0.0030203900096256388 0.0018391813276422708 0)
(-0.0030361872571258385 0.0019280488354977152 0)
(-0.0026697524572472744 0.00032621983897866284 0)
(-0.0026732455950347509 0.00037542849940661299 0)
(-0.0026776158019051642 0.00042534932290200407 0)
(-0.0026828497501306171 0.00047604424682641273 0)
(-0.0026889320861946038 0.00052757710537983408 0)
(-0.0026958452102065831 0.00058001376590834553 0)
(-0.0027035690290244563 0.00063342226220475088 0)
(-0.0027120806807127318 0.00068787292332104014 0)
(-0.0027213542277642788 0.00074343849605401852 0)
(-0.0027313603163169344 0.00080019425884936138 0)
(-0.0027420657984081622 0.00085821812437030052 0)
(-0.0027534333141399892 0.00091759072739718624 0)
(-0.0027654208304821364 0.00097839549403736762 0)
(-0.0027779811333390626 0.0010407186874182097 0)
(-0.0027910612694624841 0.0011046494240864325 0)
(-0.0028046019348288848 0.0011702796542144842 0)
(-0.0028185368062516162 0.0012377040973811694 0)
(-0.0028327918132950314 0.0013070201241052132 0)
(-0.0028472843480536782 0.00137832757138824 0)
(-0.0028619224111121246 0.0014517284781863714 0)
(-0.0028766036930879795 0.001527326723838875 0)
(-0.0028912145926801806 0.0016052275488590726 0)
(-0.0029056291742194065 0.0016855369328892293 0)
(-0.0029197080705040167 0.0017683607986816847 0)
(-0.0029332973403975089 0.0018538040032310466 0)
(-0.002946227295506513 0.0019419690670075714 0)
(-0.0026204413644124454 0.00032894262976425884 0)
(-0.0026232585299720461 0.00037900401556622643 0)
(-0.0026268926462095854 0.00042976427545884488 0)
(-0.0026313286578034632 0.00048128335072898936 0)
(-0.002636549358661745 0.00053362287198140731 0)
(-0.0026425351748543759 0.00058684627084484061 0)
(-0.0026492639226827677 0.00064101888654925874 0)
(-0.0026567105398402793 0.0006962080657202743 0)
(-0.0026648467874739088 0.00075248325338617464 0)
(-0.0026736409208246393 0.00080991607278533303 0)
(-0.0026830573260084199 0.00086858039108257017 0)
(-0.0026930561204108259 0.00092855236754835777 0)
(-0.0027035927141165284 0.00098991048010970426 0)
(-0.0027146173297938579 0.0010527355254301314 0)
(-0.0027260744785230807 0.0011171105868025629 0)
(-0.0027379023892172964 0.0011831209631197527 0)
(-0.0027500323895640394 0.0012508540509878082 0)
(-0.0027623882368500007 0.0013203991706354967 0)
(-0.0027748853976635648 0.0013918473245794153 0)
(-0.002787430276354808 0.00146529087595881 0)
(-0.0027999193933390728 0.001540823130941005 0)
(-0.0028122385159417822 0.0016185378064499287 0)
(-0.0028242617466047344 0.0016985283604762219 0)
(-0.0028358505760395498 0.0017808871570526923 0)
(-0.0028468529124839469 0.0018657044312092809 0)
(-0.0028571021027911227 0.0019530670102564868 0)
(-0.0025702950661056212 0.00033102443479648486 -9.1138568682013834e-27)
(-0.0025724493300140188 0.00038188013469355619 -1.9894658949424191e-26)
(-0.0025753623860449177 0.00043341984828086406 -1.0803700993436639e-26)
(-0.0025790176457090729 0.00048570140592464199 -1.1684039382803266e-26)
(-0.0025833962677558778 0.00053878412369782309 -1.258944423598845e-26)
(-0.0025884769465133804 0.0005927288918601872 0)
(-0.0025942356769416944 0.00064759825638796033 0)
(-0.0026006454946730273 0.00070345649177742996 0)
(-0.002607676189219334 0.00076036966300923204 0)
(-0.0026152939884531174 0.00081840567416819709 0)
(-0.0026234612124153836 0.00087763430076199362 0)
(-0.0026321358944870967 0.00093812720226126478 0)
(-0.0026412713679865173 0.00099995791078907968 0)
(-0.0026508158163394981 0.0010632017911985816 0)
(-0.0026607117851294069 0.0011279359669892483 0)
(-0.002670895654590283 0.0011942392056018567 0)
(-0.0026812970714857822 0.0012621917555707218 0)
(-0.0026918383398497631 0.0013318751267768214 0)
(-0.0027024337707917492 0.0014033718035748911 0)
(-0.0027129889925386575 0.0014767648788008754 0)
(-0.0027234002231526847 0.0015521375945059842 3.1453473718130245e-26)
(-0.002733553510006518 0.0016295727725516291 6.5926727785365231e-26)
(-0.0027433239421983829 0.0017091521147530007 3.4516794962927722e-26)
(-0.0027525748447609182 0.0017909553477645532 3.6113676978856787e-26)
(-0.0027611569668921101 0.0018750591819725879 3.7753567322366275e-26)
(-0.0027689076806750304 0.0019615360457370438 0)
(-0.0027756502120511459 0.0020504525456758382 0)
(-0.0025193726375994478 0.00033247817889200574 -1.0186217535339847e-40)
(-0.002520878535469089 0.00038407171478874142 -1.0017936216569361e-26)
(-0.0025230871349341596 0.00043633301499146777 -1.0883303030197232e-26)
(-0.0025259805047270138 0.00048931770565995025 -1.1772030259493194e-26)
(-0.0025295383805148991 0.00054308270064655267 -1.2685143197530547e-26)
(-0.0025337379602628457 0.00059768626825117642 1.3623690026641974e-26)
(-0.0025385536779874047 0.00065318808949775824 1.4588739499489727e-26)
(-0.0025439569544822641 0.00070964930608041147 0)
(-0.002549915923549838 0.00076713255580877359 0)
(-0.0025563951322473445 0.00082570199301055874 0)
(-0.0025633552136597269 0.00088542329093218566 0)
(-0.0025707525307544924 0.00094636362269802387 0)
(-0.0025785387899637069 0.0010085916168477767 0)
(-0.0025866606232925224 0.0010721772828534122 2.2178388849535627e-26)
(-0.0025950591379854853 0.0011371919013140831 4.6789840046650258e-26)
(-0.0026036694331108639 0.0012037078727297271 2.4647632739202601e-26)
(-0.0026124200828751549 0.0012717985178292898 0)
(-0.0026212325870804613 0.0013415378213659666 0)
(-0.0026300207899219389 0.0014130001100335807 0)
(-0.0026386902693327405 0.0014862596536526331 0)
(-0.002647137700367984 0.0015613901769349283 3.1481963863277769e-26)
(-0.0026552501977389841 0.0016384642668199568 6.5933435519434852e-26)
(-0.0026629046446367886 0.0017175526574107244 3.449111681777561e-26)
(-0.0026699670175083655 0.0017987233706377888 3.6054782091807256e-26)
(-0.0026762917195769127 0.0018820406855727511 3.765698084772656e-26)
(-0.0026817209397601025 0.0019675639022758689 0)
(-0.002686084058390993 0.0020553458564816895 0)
(-0.0024677304026174082 0.00033331810723578431 1.8436381197636483e-26)
(-0.0024686037509764787 0.00038559503334405676 2.0139335447911527e-26)
(-0.0024701258654724 0.00043852226351659315 -1.0942923463559067e-26)
(-0.0024722776568464641 0.00049215314672876732 0)
(-0.0024750376427417034 0.00054654212866530065 2.5517042882193006e-26)
(-0.0024783817514357825 0.00060174479833599494 2.7405563006290053e-26)
(-0.0024822831057033094 0.00065781792496645455 -4.2106755421085426e-41)
(-0.0024867117856796892 0.00071481948327572619 0)
(-0.0024916345695909585 0.00077280866495756508 1.6693176638163691e-26)
(-0.0024970146512316048 0.00083184587383513403 1.7745819360172678e-26)
(-0.0025028113331224755 0.0008919927017803981 3.7656062687793372e-26)
(-0.0025089796943726724 0.00095331188205332728 1.9940782337809747e-26)
(-0.0025154702324125195 0.001015867216231192 0)
(-0.0025222284779713227 0.0010797234703540002 0)
(-0.0025291945829600893 0.0011449462352954571 4.6943048379043911e-26)
(-0.0025363028813005996 0.0012116017456796967 4.9430902088485275e-26)
(-0.0025434814232411086 0.0012797566508747629 0)
(-0.0025506514843401645 0.0013494777306896758 0)
(-0.002557727051110281 0.0014208315473416776 0)
(-0.002564614286330267 0.001493884023994021 0)
(-0.0025712109782988499 0.0015686999386114824 0)
(-0.0025774059798609043 0.001645342319915247 -3.2925344483581781e-26)
(-0.0025830786449529989 0.0017238717296737577 -3.4419984981387904e-26)
(-0.0025880982727559945 0.0018043454121750913 3.5949937967762939e-26)
(-0.0025923235723945308 0.0018868162871319002 3.7514226110904489e-26)
(-0.0025956021645914696 0.0019713317559752024 3.9111466615803772e-26)
(-0.0025977701408890722 0.0020579322827965446 4.0739809493225876e-26)
(-0.0024154221438527001 0.00033355961517769788 9.2439758622624326e-27)
(-0.0024156798647508083 0.00038646759742365632 1.0102916875605482e-26)
(-0.0024165346387980428 0.00044000738506195939 -1.0983019769035447e-26)
(-0.0024179663966179513 0.00049422999586492416 -8.0560023325421602e-40)
(-0.0024199526344812852 0.000549187361549827 2.5620373125249999e-26)
(-0.0024224682275002826 0.00060493235589064549 1.3759014479126641e-26)
(-0.0024254852247161261 0.00066151881212284818 -1.4732526350874551e-26)
(-0.0024289726252227526 0.00071900152775280092 7.9559238805817041e-40)
(-0.0024328961344956658 0.00077743625461224465 1.6757173239678349e-26)
(-0.0024372179001480878 0.000836879671681676 1.7810079463298474e-26)
(-0.002441896226424919 0.0008973893378663052 3.7782398082709723e-26)
(-0.0024468852668754447 0.00095902362151927131 2.0001371744837567e-26)
(-0.0024521346948299656 0.001021841603081005 0)
(-0.0024575893515514607 0.0010859029467283452 -2.2312051552247626e-26)
(-0.0024631888722570125 0.0011512677364004594 -7.7289988078303729e-40)
(-0.0024688672906200736 0.0012179962709793352 2.4747928474789644e-26)
(-0.0024745526228890928 0.0012861488127422053 0)
(-0.0024801664334158056 0.0013557852824484361 0)
(-0.0024856233841981817 0.0014269648935403495 0)
(-0.0024908307720391911 0.0014997457168884636 0)
(-0.0024956880581370722 0.0015741841662098 0)
(-0.002500086396393081 0.0016503343926258206 -3.2842944250269439e-26)
(-0.0025039081684986274 0.0017282475746436723 -3.4307400280543195e-26)
(-0.0025070265359993329 0.0018079710868804787 3.5803453098811886e-26)
(-0.0025093050220969348 0.0018895475267704026 3.7329922545994272e-26)
(-0.0025105971390222003 0.0019730135728118917 3.8885235860842251e-26)
(-0.0025107460804874217 0.0020583986399410861 4.0467372566889119e-26)
(-0.0023624992283378999 0.00033321908605936189 0)
(-0.0023621591826498258 0.00038670796316085578 0)
(-0.0023623667488465215 0.00044080927412513027 0)
(-0.0023631010473193896 0.00049557166905102659 0)
(-0.0023643387400979587 0.00055104453839137195 0)
(-0.0023660538543563937 0.00060727802421292295 0)
(-0.0023682175895714608 0.00066432302001313869 0)
(-0.0023707981077232768 0.00072223115723473212 0)
(-0.0023737603059834286 0.00078105477637305785 0)
(-0.0023770655714181643 0.00084084688028862001 0)
(-0.0023806715173523159 0.00090166106703380375 0)
(-0.0023845317012002641 0.00096355143916277905 0)
(-0.0023885953237834049 0.0010265724861264812 0)
(-0.0023928069104274356 0.0010907789359449979 0)
(-0.002397105974479835 0.0011562255719094851 0)
(-0.0024014266643217208 0.0012229670095715275 0)
(-0.0024056973954830392 0.0012910574287335751 0)
(-0.0024098404701241066 0.001360550254537514 0)
(-0.0024137716869394518 0.0014314977810220583 0)
(-0.0024173999454948731 0.0015039507296628913 0)
(-0.0024206268501524163 0.0015779577343244294 3.1318058031705712e-26)
(-0.0024233463201013918 0.0016535647426510292 3.2723031376134144e-26)
(-0.0024254442136334943 0.0017308143220455612 0)
(-0.0024267979767205188 0.0018097448557783836 0)
(-0.0024272763282265292 0.001890389611112279 0)
(-0.0024267389967743106 0.0019727756561476839 0)
(-0.0024250365274655146 0.0020569225947128442 0)
(-0.0023090106803645002 0.00033231373712915886 0)
(-0.0023080915098964909 0.00038633556472323141 0)
(-0.0023076728143468115 0.00044094973957158599 0)
(-0.0023077330649216611 0.00049620252373435239 0)
(-0.0023082482661564221 0.00055214075594397756 0)
(-0.0023091917903631785 0.00060881184765523768 0)
(-0.0023105341974558897 0.00066626376714010377 0)
(-0.0023122430397686995 0.00072454500982276917 0)
(-0.0023142826515586694 0.00078370455282933892 0)
(-0.0023166139229900593 0.00084379179147998538 0)
(-0.0023191940585378461 0.00090485645518278784 0)
(-0.0023219763199309787 0.00096694849989884153 0)
(-0.0023249097539882742 0.0010301179740346495 0)
(-0.0023279389059903625 0.0010944148542744165 0)
(-0.0023310035195902717 0.0011598888475014616 0)
(-0.0023340382247028328 0.0012265891545536758 0)
(-0.0023369722153440959 0.0012945641911192524 0)
(-0.0023397289200275486 0.0013638612605820781 0)
(-0.0023422256680823528 0.0014345261730426559 0)
(-0.0023443733561575521 0.0015066028040450726 0)
(-0.0023460761202352617 0.0015801325856436529 3.1191147934229785e-26)
(-0.002347231019720797 0.0016551539212604582 3.2568927370937402e-26)
(-0.0023477277416343394 0.001731701514155515 0)
(-0.0023474483346329128 0.0018098055970242452 0)
(-0.0023462669845827544 0.0018894910469218027 0)
(-0.0023440498457280908 0.0019707763649384038 0)
(-0.0023406549442248881 0.0020536724931501634 0)
(-0.0022550032241357618 0.00033086147369718521 9.2203019667185537e-27)
(-0.002253524202699587 0.00038537055288592796 1.0096186516932398e-26)
(-0.0022525008408605927 0.00044045132688914874 0)
(-0.0022519111122020446 0.00049614766401884583 0)
(-0.0022517305294955303 0.00055250385602176755 0)
(-0.0022519319905157415 0.00060956460052740877 0)
(-0.0022524856109053712 0.00066737497123082979 0)
(-0.00225335854390501 0.00072598037408005218 0)
(-0.0022545147868566215 0.00078542648754185117 -1.6800740185185364e-26)
(-0.0022559149745114792 0.000845759184808216 -1.7848098309134346e-26)
(-0.0022575161593304236 0.00090702443557184984 0)
(-0.0022592715791617088 0.0009692681847576403 0)
(-0.0022611304129249222 0.0010325362053328481 0)
(-0.0022630375252279508 0.0010968739220388606 0)
(-0.0022649332012046491 0.0011623262025926972 0)
(-0.002266752873292496 0.0012289371125839695 0)
(-0.002268426842184236 0.0012967496299491497 0)
(-0.0022698799947944545 0.0013658053145113483 0)
(-0.0022710315227943748 0.0014361439276154428 -2.8405073536206979e-26)
(-0.0022717946461001982 0.0015078029963290368 0)
(-0.0022720763466669556 0.0015808173159415375 6.2066246969035027e-26)
(-0.0022717771190600691 0.0016552183834921391 3.2383757912079218e-26)
(-0.0022707907455702925 0.0017310337536327255 0)
(-0.0022690041051310001 0.0018082863060660704 0)
(-0.0022662970270213257 0.0018869934107611976 0)
(-0.0022625422023304365 0.0019671659726965369 0)
(-0.0022576051684674693 0.0020488073313690573 -3.9454054769693605e-26)
(-0.0022005213108298441 0.00032888075171671853 9.1801418854146775e-27)
(-0.0021985022044634346 0.00038383364338287387 2.0120105858572766e-26)
(-0.002196896267558823 0.000439337151756027 1.0958416116196524e-26)
(-0.0021956811176944563 0.00049543275891404377 0)
(-0.0021948319301668779 0.00055216222792770593 0)
(-0.0021943212954168298 0.00060956757326156331 0)
(-0.0021941190651069589 0.00066769101877885758 0)
(-0.0021941921868408637 0.00072657494171024701 0)
(-0.0021945045276199134 0.0007862618007743635 -1.6769316449930562e-26)
(-0.0021950166862682776 0.00084679404645957826 -1.7813083094987039e-26)
(-0.0021956857952242048 0.00090821401127797613 1.8879661684994912e-26)
(-0.0021964653123006453 0.00097056377760397776 1.9969444398457669e-26)
(-0.0021973048032661456 0.0010338850204928115 0)
(-0.0021981497163953766 0.0010982188226527263 0)
(-0.0021989411504926286 0.0011636054585104144 0)
(-0.0021996156183093779 0.001230084144061589 0)
(-0.0022001048077668326 0.0012976927489351656 0)
(-0.0022003353439638573 0.0013664674667976911 0)
(-0.0022002285556103943 0.0014364424398701846 -2.8264921632368944e-26)
(-0.0021997002502853699 0.0015076493328853304 0)
(-0.0021986605037882241 0.0015801168512051787 6.1693495940923396e-26)
(-0.0021970134698489356 0.0016538701969659546 3.217045299801887e-26)
(-0.0021946572175954326 0.0017289304558556946 0)
(-0.0021914836054711291 0.0018053139052592896 0)
(-0.0021873782017723924 0.0018830312316857601 0)
(-0.0021822202636648425 0.0019620866412012224 0)
(-0.0021758827884788201 0.0020424768403864268 -3.9064328289991714e-26)
(-0.0021456071395060013 0.00032639044897798459 9.1246038328640976e-27)
(-0.00214306807599499 0.00038174597519235283 2.0015651967867095e-26)
(-0.002140902008108906 0.00043763074503392967 1.0908787578310099e-26)
(-0.002139086328804577 0.00049408387368707438 0)
(-0.0021375960185113568 0.00055114462586998078 0)
(-0.0021364035142510704 0.00060885237567540463 0)
(-0.0021354785689272036 0.00066724655404148839 0)
(-0.0021347881009236994 0.00072636658231326541 0)
(-0.0021342960342688373 0.00078625179020766543 1.6716685210980122e-26)
(-0.0021339631297620553 0.00084694131634713732 3.3621057407820638e-40)
(-0.0021337468076341702 0.00090847398936174111 -1.2443287061778123e-40)
(-0.0021336009625186484 0.00097088818740054348 1.9899926458708262e-26)
(-0.0021334757717591103 0.0010342216737197684 0)
(-0.0021333174983691762 0.0010985114058443689 0)
(-0.0021330682903028721 0.001163793315621672 -2.3281082249852105e-26)
(-0.0021326659780909513 0.0012301020573007842 -2.4452638198590423e-26)
(-0.0021320438733571849 0.0012974707205792694 0)
(-0.0021311305712557647 0.0013659305053330601 2.6861836448961569e-26)
(-0.0021298497604728393 0.0014355103544800261 2.8098806654844509e-26)
(-0.0021281200451190542 0.00150623654107486 0)
(-0.0021258547836133777 0.0015781322052343268 0)
(-0.0021229619505322935 0.001651216835753967 0)
(-0.0021193440283820081 0.0017255056901485022 0)
(-0.002114897937359379 0.0018010091451286425 0)
(-0.0021095150124194294 0.0018777319668813177 0)
(-0.0021030810383864192 0.0019556724865336826 0)
(-0.0020954763554638374 0.0020348216602223967 -3.8654410775872383e-26)
(-0.0020903006776864311 0.00032340974506368098 9.0541658028986151e-27)
(-0.0020872620254893319 0.00037912897886720437 9.9400389660697107e-27)
(-0.0020845584913932033 0.00043535590924218925 0)
(-0.0020821673647414634 0.00049212731429878619 0)
(-0.0020800635619468741 0.00054948000124738802 0)
(-0.0020782195072481385 0.00060745075708638538 0)
(-0.002076605005059488 0.00066607628708137932 0)
(-0.0020751871041806503 0.00072539313960313934 0)
(-0.0020739299542558527 0.00078543761577012363 1.6643894125246713e-26)
(-0.0020727946550161231 0.00084624566221931771 -6.4915980542351293e-40)
(-0.0020717390990129887 0.00090785274519661308 -1.8733276540066242e-26)
(-0.0020707178087573334 0.00097029370403314526 0)
(-0.0020696817694181467 0.0010336025819423244 0)
(-0.0020685782585162572 0.0010978124319425506 0)
(-0.0020673506743724649 0.0011629550955866697 -2.315800361824766e-26)
(-0.00206593836544191 0.0012290609520435719 -2.4315673323389958e-26)
(-0.002064276463090129 0.0012961586349481988 0)
(-0.002062295720847874 0.0013642747142736547 2.6691552632303605e-26)
(-0.0020599223637237248 0.0014334333402855242 2.7908909207125974e-26)
(-0.0020570779517622736 0.0015036558463614965 0)
(-0.0020536792627154866 0.0015749603070453779 0)
(-0.0020496381994520797 0.0016473610470585172 0)
(-0.0020448617285736955 0.0017208680959667952 0)
(-0.0020392518576454683 0.0017954865815966742 0)
(-0.0020327056594990145 0.0018712160527873693 0)
(-0.0020251153532470801 0.0019480497182385048 0)
(-0.0020163684529890162 0.0020259735824520366 -3.8227280131819801e-26)
(-0.0020346396850244278 0.00031995801015102988 0)
(-0.0020311219416332561 0.00037600425495334439 0)
(-0.002027903705324084 0.00043253658649460941 0)
(-0.0020249622724485814 0.00048958948482272289 0)
(-0.0020222726145608105 0.00054719734959508977 0)
(-0.0020198072706331316 0.00060539444293246857 -1.3576195880609852e-26)
(-0.0020175362321879498 0.00066421482033928272 -1.4549777150437565e-26)
(-0.0020154268217185381 0.00072369224836872637 0)
(-0.0020134435648957671 0.00078386010761494554 0)
(-0.0020115480572032193 0.00084475127951398415 0)
(-0.0020096988258152125 0.00090639801533552082 0)
(-0.0020078511877324665 0.00096883178565026801 0)
(-0.002005957105420759 0.001032083108464191 0)
(-0.0020039650414647959 0.0010961813541185146 0)
(-0.0020018198140523314 0.0011611545249729236 2.3013349220592151e-26)
(-0.0019994624554477468 0.0012270290078006422 2.4156944344535091e-26)
(-0.001996830076001814 0.0012938292967420197 0)
(-0.0019938557366779505 0.0013615776845572265 0)
(-0.0019904683335586165 0.001430293919778136 2.7697285319802753e-26)
(-0.0019865924983303342 0.0014999948271467911 2.8911993502805922e-26)
(-0.0019821485193367251 0.0015706938883758429 0)
(-0.0019770522884382516 0.001642400779693208 0)
(-0.0019712152796328287 0.0017151208616874403 -3.2647254923093588e-26)
(-0.0019645445661788078 0.0017888546154530998 -3.3918424474890326e-26)
(-0.0019569428838338864 0.0018635970166367252 -3.5199924505455197e-26)
(-0.0019483087487982319 0.0019393368352825886 -3.6489750779997928e-26)
(-0.0019385366400519193 0.0020160558437769586 0)
(-0.0019786597418412896 0.00031605470268742964 0)
(-0.0019746834315511937 0.00037239346246925749 0)
(-0.001970973245404648 0.00042919673780034389 0)
(-0.0019675065870995391 0.00048649675765716324 0)
(-0.0019642585909821373 0.00054432557188749723 0)
(-0.00196120202544338 0.00060271498745579613 -1.3477178031969728e-26)
(-0.0019583071904497123 0.00066169649312348381 -1.4448114708304452e-26)
(-0.0019555418096674124 0.00072130117135651181 0)
(-0.0019528709177622319 0.00078155959617735881 0)
(-0.0019502567436000967 0.00084250171560035887 0)
(-0.0019476585902415556 0.00090415671721618318 0)
(-0.0019450327128142113 0.00096655287542128014 0)
(-0.0019423321955664415 0.0010297173787243757 0)
(-0.0019395068296546916 0.0010936761355061731 0)
(-0.0019365029934971959 0.0011584535565580564 2.2848666859379358e-26)
(-0.0019332635378407391 0.0012240723126797882 2.3978095752604381e-26)
(-0.0019297276780372609 0.0012905530655704879 0)
(-0.0019258308964136383 0.0013579141701865122 0)
(-0.0019215048580435569 0.0014261713466424137 2.7465868075432311e-26)
(-0.0019166773436955511 0.0014953373195654971 2.8659489732865173e-26)
(-0.0019112722042386328 0.0015654214225127054 0)
(-0.0019052093413381046 0.0016364291645369719 0)
(-0.001898404719873149 0.0017083617551058299 -3.2320121410718703e-26)
(-0.0018907704181610782 0.001781215582122799 -3.356253090711147e-26)
(-0.0018822147227902679 0.0018549816354865877 -3.4813318451052413e-26)
(-0.0018726422756610496 0.0019296448650218433 -3.6070500706039784e-26)
(-0.0018619542817336601 0.002005183456146043 0)
(-0.0019223942833116706 0.0003117192759036418 0)
(-0.0019179798642932422 0.00036831821734443262 0)
(-0.0019138003686552812 0.00042536023354831405 0)
(-0.0019098333976958852 0.00048287535625359153 0)
(-0.0019060543449841681 0.00054089334980352813 0)
(-0.0019024363105747402 0.00059944364191207098 -1.3362309676849488e-26)
(-0.0018989500104700965 0.00065855524330799291 -1.4330153897758812e-26)
(-0.0018955636818565359 0.00071825665516442056 0)
(-0.0018922429847603741 0.00077857576316238538 0)
(-0.001888950900910469 0.00083953971698095447 0)
(-0.0018856476307530033 0.00090117479395442806 0)
(-0.001882290489745538 0.00096350624559272393 1.9415892311863848e-26)
(-0.00187883380526275 0.0010265581256226025 4.096550379627885e-26)
(-0.001875228815676032 0.0010903530981805397 4.3132021315659355e-26)
(-0.0018714235734255211 0.0011549122247666709 2.2665434089023753e-26)
(-0.0018673628541868877 0.0012202547285544226 0)
(-0.0018629880745476386 0.0012863977346383206 0)
(-0.0018582372209487671 0.0013533559847726004 0)
(-0.0018530447930179476 0.0014211415250928181 2.7216470286618901e-26)
(-0.0018473417648208991 0.0014897633651784899 2.8389433922585523e-26)
(-0.0018410555679880547 0.0015592271065533647 0)
(-0.0018341101011360799 0.0016295345382328708 0)
(-0.0018264257704994477 0.001700683196089883 0)
(-0.0018179195672231973 0.0017726658814066901 -3.3192314599745073e-26)
(-0.0018085051873521652 0.001845470131728514 -3.4413639294547674e-26)
(-0.0017980932011978645 0.0019190776336128388 0)
(-0.0017865912794957719 0.001993463561509846 0)
(-0.0018658746394228792 0.00030697109304981179 0)
(-0.0018610424199223339 0.00036380000063838144 0)
(-0.0018564160528904529 0.00042105075491621284 0)
(-0.001851973417675388 0.00047875125000345113 0)
(-0.0018476902526490099 0.00053692903447660843 0)
(-0.0018435400798110626 0.00059561123768553002 -1.3232365768628909e-26)
(-0.0018394941256493224 0.00065482448545084221 -1.4196731326807776e-26)
(-0.0018355212388316759 0.00071459480416158892 0)
(-0.0018315878054234464 0.00077494751224908831 0)
(-0.0018276576624561467 0.00083590709797588282 0)
(-0.0018236920108252988 0.00089749708244635424 0)
(-0.0018196493286644407 0.0009597398667212573 1.9249622933327757e-26)
(-0.0018154852865320923 0.0010226565619035628 4.0612853130233714e-26)
(-0.0018111526659590287 0.0010862668010578186 4.275666931563615e-26)
(-0.0018066012831345348 0.001150588531829461 2.2465057646953531e-26)
(-0.0018017779197644981 0.001215637788639411 0)
(-0.0017966262634100951 0.0012814284433435197 0)
(-0.0017910868599130781 0.0013479719332396701 0)
(-0.0017850970808331197 0.0014152769652725564 2.6950788000043956e-26)
(-0.0017785911091632931 0.0014833491951745713 2.8103585814034776e-26)
(-0.0017714999469505548 0.0015521908800474142 0)
(-0.0017637514488311704 0.0016218005024275306 0)
(-0.001755270385896919 0.001692172363070493 0)
(-0.0017459785447419235 0.0017632961383246576 -3.2809711828505673e-26)
(-0.0017357948670102166 0.0018351563957582327 -3.4002838561735297e-26)
(-0.001724635635283991 0.0019077320582497211 0)
(-0.0017124147117445834 0.0019809958014859966 0)
(-0.0018091300804434255 0.00030182935117838773 -8.4958624942361696e-27)
(-0.0018039001438755124 0.00035886007629565856 -9.3869029830033785e-27)
(-0.0017988490609567973 0.00041629170587501578 0)
(-0.0017939550600760855 0.00047415006085324909 0)
(-0.0017891942995731064 0.00053246054818013693 0)
(-0.0017845408022520756 0.00059124808361996474 1.3088108284209291e-26)
(-0.0017799663870565279 0.00065053700447969133 2.8097332984591652e-26)
(-0.0017754405985169618 0.00071035097139228519 1.5023602272078148e-26)
(-0.0017709306346945322 0.0007707128582526559 0)
(-0.0017664012744702312 0.0008316446293838741 0)
(-0.0017618148051703215 0.00089316720299504129 0)
(-0.0017571309516757044 0.00095530029998557996 0)
(-0.0017523068083367102 0.0010180622771546687 0)
(-0.0017472967752051325 0.0010814699438879626 -2.1174796030745237e-26)
(-0.0017420525003026173 0.0011455383614166991 -2.2248873609508312e-26)
(-0.0017365228298696536 0.001210280623774346 0)
(-0.0017306537687802606 0.0012757076196063307 0)
(-0.0017243884535643658 0.0013418277740020535 0)
(-0.0017176671407519661 0.0014086467695020104 2.6670404630236243e-26)
(-0.0017104272135393445 0.0014761672453393652 5.560716134434563e-26)
(-0.0017026032100766119 0.0015443884737561999 0)
(-0.001694126876988558 0.0016133060117936994 -3.009657369401224e-26)
(-0.0016849272520695025 0.0016829113261659675 0)
(-0.0016749307804391862 0.0017531913874902919 0)
(-0.0016640614688209401 0.0018241282279778438 0)
(-0.0016522410830194019 0.0018956984532903299 0)
(-0.0016393893941520485 0.0019678726940829862 0)
(-0.0017521878674209021 0.00029631301324309795 -8.3465224910520315e-27)
(-0.0017465800060654573 0.00035351941813347506 -9.2373137920143048e-27)
(-0.0017411260093435723 0.00041110613539987811 0)
(-0.0017358045166127212 0.00046909698115811586 0)
(-0.00173059217141732 0.00052751529834080301 0)
(-0.0017254635653933708 0.00058638387682173599 1.293028414713999e-26)
(-0.0017203911801405088 0.00064572486404407205 2.7773519546477297e-26)
(-0.0017153453276951135 0.00070555966538378304 1.4856714371345499e-26)
(-0.0017102940903439699 0.00076590883346121295 0)
(-0.0017052032606362105 0.00082679194560800445 0)
(-0.0017000362825818512 0.00088822746869395258 0)
(-0.0016947541951692344 0.00095023261052642658 0)
(-0.0016893155794912367 0.0010128231570546323 0)
(-0.0016836765109407954 0.0010760132946384044 -2.0956602478437196e-26)
(-0.0016777905181201136 0.0011398154166795565 -2.2018148153863337e-26)
(-0.001671608550305199 0.0012042399139591891 0)
(-0.0016650789555156973 0.0012692949480661497 0)
(-0.0016581474714594342 0.0013349862073303365 0)
(-0.0016507572318503021 0.0014013166446677193 2.6376795554254104e-26)
(-0.0016428487908353192 0.0014682861966628126 5.4981870384925144e-26)
(-0.0016343601685111075 0.0015358914830022217 0)
(-0.0016252269207622371 0.0016041254849462631 -2.974179731436022e-26)
(-0.0016153822369150877 0.0016729772007469947 0)
(-0.0016047570689739865 0.001742431274603602 0)
(-0.0015932802965008127 0.0018124675936083425 0)
(-0.0015808789315291227 0.0018830608437858775 0)
(-0.0015674783682885207 0.0019541800112151202 0)
(-0.0016950733071191555 0.00029044074823419844 0)
(-0.0016891069640882802 0.00034779864570886238 0)
(-0.0016832714404872238 0.00040551666944901274 0)
(-0.0016775458399435662 0.00046361670223597361 0)
(-0.0016719073470389157 0.00052212010322737418 0)
(-0.0016663311800603356 0.00058104762615155054 0)
(-0.0016607905424304453 0.000640419328601728 0)
(-0.0016552565734606081 0.00070025447175774515 0)
(-0.0016496982991712156 0.00076057140985805963 0)
(-0.0016440825840322666 0.00082138746874711407 0)
(-0.0016383740845972736 0.00088271881283575996 0)
(-0.0016325352061347157 0.00094458029982925342 0)
(-0.0016265260635021648 0.0010069853226114603 0)
(-0.0016203044476605366 0.0010699456377111863 0)
(-0.0016138257993869537 0.0011334711798265578 0)
(-0.0016070431919158576 0.0011975698619397105 0)
(-0.0015999073244167051 0.0012622473606034874 0)
(-0.0015923665284012143 0.0013275068860192853 0)
(-0.0015843667893444143 0.0013933489365247776 0)
(-0.0015758517859972016 0.001459771037033344 0)
(-0.0015667629500650685 0.0015267674607604873 0)
(-0.0015570395491279411 0.0015943289331514972 0)
(-0.0015466187958792952 0.0016624423161530257 0)
(-0.0015354359869751207 0.0017310902696685533 0)
(-0.0015234246750124006 0.0018002508849250471 0)
(-0.0015105168774158296 0.0018698972811704991 0)
(-0.0014966433263226399 0.0019399971520761437 0)
(-0.0016378098107646827 0.00028423087903680445 0)
(-0.0016315040298737181 0.00034171796867418455 0)
(-0.0016253078980713832 0.00039954545223339885 0)
(-0.0016192010283963818 0.00045773335304828412 0)
(-0.0016131611934457508 0.0005163011286310259 0)
(-0.0016071642864135542 0.00057526758759656469 0)
(-0.0016011842814297828 0.00063465079829070226 0)
(-0.0015951931938452759 0.00069446798854050785 0)
(-0.0015891610412005525 0.00075473543595130021 0)
(-0.0015830558057171751 0.00081546834818372476 0)
(-0.0015768433992591059 0.0008766807326691078 0)
(-0.0015704876318295661 0.00093838525524604741 0)
(-0.0015639501847946389 0.0010005930872445151 0)
(-0.0015571905901585648 0.0010633137405910839 0)
(-0.0015501662173563028 0.0011265548905643051 0)
(-0.0015428322691754186 0.0011903221858950229 0)
(-0.0015351417885706134 0.0012546190459590898 0)
(-0.0015270456782887126 0.0013194464448526672 0)
(-0.0015184927353781767 0.0013848026821422995 0)
(-0.0015094297028129442 0.001450683140004524 0)
(-0.0014998013406167037 0.0015170800262673456 0)
(-0.0014895505190287072 0.0015839821024430034 0)
(-0.0014786183364079318 0.0016513743950760285 0)
(-0.0014669442647339977 0.0017192378874379384 0)
(-0.0014544663257391192 0.0017875491865098668 0)
(-0.0014411213009079304 0.0018562801569238611 0)
(-0.0014268449788349183 0.001925397508556381 0)
(-0.0015871539652319202 0.00022040792838985747 0)
(-0.0015804189559962838 0.00027770133765025627 0)
(-0.0015737923391310627 0.00033529713919323666 0)
(-0.0015672560046461471 0.00039321409626988781 0)
(-0.0015607901124545537 0.00045147044840805004 0)
(-0.001554373061856223 0.00051008383483370189 0)
(-0.0015479814602985037 0.00056907121070221911 0)
(-0.0015415900919742264 0.0006284487556367347 0)
(-0.0015351718868965513 0.00068823177407757762 0)
(-0.0015286978911740569 0.00074843458695837933 0)
(-0.0015221372393016046 0.00080907041424381585 0)
(-0.0015154571293809081 0.00087015124789285175 0)
(-0.0015086228022894806 0.00093168771484714529 0)
(-0.0015015975259286233 0.0009936889296910821 0)
(-0.0014943425857966951 0.0010561623366854671 0)
(-0.0014868172832556909 0.0011191135409366261 0)
(-0.0014789789429835605 0.0011825461285318293 0)
(-0.0014707829312307044 0.0012464614755281144 0)
(-0.0014621826866268437 0.0013108585457247141 0)
(-0.0014531297654096203 0.0013757336771500978 0)
(-0.0014435739030703072 0.0014410803571163894 0)
(-0.0014334630945325095 0.0015068889854894887 0)
(-0.0014227436950965729 0.0015731466253976513 0)
(-0.0014113605444993503 0.0016398367398398426 0)
(-0.0013992571165589896 0.001706938911369068 0)
(-0.0013863756970066549 0.0017744285399574227 0)
(-0.0013726575922658876 0.0018422765109141249 0)
(-0.0013580433721474543 0.0019104488198172691 0)
(-0.0015299401328870042 0.00021346920409716735 0)
(-0.0015229205513963351 0.00027086962738722271 0)
(-0.0015159912229654709 0.0003285554119704782 0)
(-0.0015091345409305459 0.00038654364069258372 0)
(-0.0015023312423563875 0.00044485084610187156 0)
(-0.0014955603842117002 0.00050349293315276006 0)
(-0.0014887993192872219 0.0005624850952432465 0)
(-0.0014820236724110522 0.00062184172315519625 0)
(-0.0014752073175863156 0.0006815763064803226 0)
(-0.0014683223567542026 0.00074170132713074805 0)
(-0.0014613391009678581 0.00080222814456021719 0)
(-0.0014542260548510149 0.00086316687235521287 0)
(-0.0014469499053081773 0.0009245262458973621 0)
(-0.0014394755155509216 0.00098631348085059497 0)
(-0.0014317659256048109 0.0010485341222829317 0)
(-0.0014237823605649871 0.0011111918843006879 0)
(-0.0014154842479734099 0.0011742884801373441 0)
(-0.0014068292457946124 0.0012378234427009836 0)
(-0.0013977732825695875 0.0013017939356219459 0)
(-0.0013882706114271518 0.0013661945548425814 0)
(-0.0013782738797279324 0.0014310171207080875 0)
(-0.001367734216206135 0.0014962504603087787 0)
(-0.001356601337560513 0.001561880179395422 0)
(-0.0013448236765295897 0.0016278884224294873 0)
(-0.0013323485335736277 0.0016942536180503606 0)
(-0.0013191222543832701 0.0017609502051914134 0)
(-0.0013050904355590488 0.0018279483318794632 0)
(-0.0012901981609785209 0.0018952135139035278 0)
(-0.0014726208725433754 0.00020626288427032379 0)
(-0.0014653327030512131 0.00026375279167411121 0)
(-0.0014581182810986314 0.00032151151143814679 0)
(-0.0014509605262227733 0.00037955451728911626 0)
(-0.0014438407762281708 0.00043789671230832036 0)
(-0.0014367387695639014 0.00049655235135215574 0)
(-0.0014296326278435848 0.00055553495732328401 0)
(-0.0014224988390499889 0.00061485723092676524 0)
(-0.0014153122420304247 0.00067453095356554804 0)
(-0.0014080460129595625 0.00073456688305133331 0)
(-0.0014006716545206244 0.00079497464183618679 0)
(-0.0013931589886341633 0.00085576259751110573 0)
(-0.0013854761536453519 0.00091693773535999419 0)
(-0.0013775896069651023 0.00097850552281641967 0)
(-0.001369464134246571 0.0010404697657245452 0)
(-0.0013610628662652489 0.0011028324563792987 0)
(-0.001352347304757862 0.0011655936133807465 0)
(-0.0013432773585599772 0.0012287511134006775 0)
(-0.0013338113914635498 0.0012923005149910595 0)
(-0.0013239062832929205 0.0013562348745626764 0)
(-0.0013135175057691652 0.0014205445545715206 0)
(-0.0013025992147982911 0.0014852170237382278 0)
(-0.0012911043608788266 0.0015502366486919077 0)
(-0.0012789848193819802 0.0016155844756712786 0)
(-0.0012661915425178287 0.0016812379996422062 0)
(-0.0012526747348721827 0.0017471709161583683 0)
(-0.0012383840544968245 0.0018133528481329814 0)
(-0.0012232688416810439 0.0018797490349015391 0)
(-0.0014152131159663448 0.00019880393736004063 0)
(-0.0014076718826463545 0.00025636738904625378 0)
(-0.0014001894561860993 0.00031418360563317002 0)
(-0.0013927492994063812 0.00037226652372383942 0)
(-0.0013853333682416358 0.00043062949469734973 0)
(-0.0013779220998372827 0.00048928520721997675 0)
(-0.0013704944011291469 0.00054824560411047198 0)
(-0.0013630276384290622 0.0006075217932549078 0)
(-0.0013554976285995851 0.00066712395228867222 0)
(-0.0013478786324640365 0.0007270612267924766 0)
(-0.0013401433511645059 0.0007873416217773399 0)
(-0.0013322629262494186 0.00084797188628177019 0)
(-0.0013242069443433126 0.00090895739094474072 0)
(-0.0013159434473235798 0.00097030199848200619 0)
(-0.0013074389490027487 0.0010320079270461381 0)
(-0.0012986584593862752 0.0010940756065231419 0)
(-0.0012895655176471776 0.0011565035278792355 0)
(-0.0012801222350261787 0.0012192880857276383 0)
(-0.0012702893489292806 0.0012824234143158479 0)
(-0.0012600262895525402 0.0013459012171237893 0)
(-0.0012492912604147824 0.0014097105901688871 0)
(-0.0012380413342243501 0.0014738378388939807 0)
(-0.0012262325655446782 0.0015382662880764797 0)
(-0.0012138201217603568 0.0016029760834390485 0)
(-0.0012007584338840957 0.0016679439823738249 0)
(-0.0011870013687968702 0.0017331431291805653 0)
(-0.0011725024245910838 0.0017985428070954202 0)
(-0.0011572149508119534 0.0018641081546622643 0)
(-0.0013577322458611534 0.00019110689449776565 0)
(-0.0013499529966353402 0.00024872947392434242 0)
(-0.001342219108775291 0.00030658928629493092 0)
(-0.001334514600102274 0.00036469880341421585 0)
(-0.0013268220563557587 0.00042306990260534288 0)
(-0.0013191226245421515 0.0004817137896287898 0)
(-0.0013113960070489487 0.00054064091644152054 0)
(-0.0013036204570268176 0.00059986089354804341 0)
(-0.0012957727755959674 0.00065938239671846225 0)
(-0.0012878283114897784 0.00071921306788233779 0)
(-0.0012797609638075386 0.00077935941003628431 0)
(-0.001271543188608259 0.00083982667605412675 0)
(-0.0012631460101388871 0.00090061875132931024 0)
(-0.0012545390375516758 0.00096173803024351761 0)
(-0.0012456904880267603 0.0010231852865094262 0)
(-0.001236567217275032 0.0010849595375023659 0)
(-0.0012271347584535267 0.0011470579027590458 0)
(-0.0012173573705778333 0.0012094754568668278 0)
(-0.001207198097563448 0.0012722050769994637 0)
(-0.0011966188390699337 0.0013352372853318202 0)
(-0.0011855804343557758 0.0013985600864711094 0)
(-0.0011740427603798363 0.0014621587998110742 0)
(-0.0011619648454076843 0.0015260158862772668 0)
(-0.0011493049994010477 0.0015901107681712617 0)
(-0.0011360209624917187 0.0016544196395620017 0)
(-0.001122070072877577 0.001718915262680574 0)
(-0.0011074094555414385 0.0017835667426870942 0)
(-0.0010919962333050903 0.0018483392685175522 0)
(-0.0013001921606908655 0.00018318583637521151 0)
(-0.0012921894560716919 0.00024085458278665908 0)
(-0.0012842200925037577 0.00029874555473047748 0)
(-0.0012762686495781516 0.00035686983154046409 0)
(-0.0012683183492701098 0.00041523789369709652 0)
(-0.0012603510540870359 0.00047385954641838084 0)
(-0.0012523472662140285 0.00053274383855757377 0)
(-0.0012442861281349333 0.00059189897660929527 0)
(-0.0012361454252563392 0.00065133223365248637 0)
(-0.0012279015911125417 0.00071104985309174487 0)
(-0.0012195297157808972 0.00077105694709224686 0)
(-0.0012110035581892006 0.0008313573896515658 0)
(-0.0012022955630491975 0.00089195370429659112 0)
(-0.0011933768832016892 0.00095284694645309724 0)
(-0.0011842174082094519 0.0010140365805928861 0)
(-0.0011747858000820013 0.0010755203523224006 0)
(-0.001165049537060492 0.0011372941556413402 0)
(-0.0011549749664311402 0.0011993518956353794 0)
(-0.0011445273673691288 0.0012616853468980606 0)
(-0.0011336710248434276 0.0013242840079435382 0)
(-0.001122369315633273 0.0013871349517717909 0)
(-0.0011105848075211226 0.0014502226725098223 0)
(-0.0010982793727361527 0.0015135289276110911 0)
(-0.0010854143167294578 0.0015770325743348222 0)
(-0.0010719505233735885 0.0016407093979764931 0)
(-0.0010578486177037856 0.0017045319273481551 0)
(-0.0010430691473713311 0.0017684692299586564 0)
(-0.0010275727840817822 0.0018324866747453778 0)
(-0.0012426053402266903 0.000175054384759637 0)
(-0.0012343932467824127 0.00023275772531915965 0)
(-0.0012262038292093201 0.00029066881298616288 0)
(-0.0012180222310928775 0.00034879740667556993 0)
(-0.0012098323122825961 0.0004071526665434568 0)
(-0.0012016166514065907 0.00046574307846583118 0)
(-0.0011933565495684929 0.00052457637426954029 0)
(-0.0011850320356790358 0.00058365944756058803 0)
(-0.0011766218739192545 0.00064299826502622957 0)
(-0.0011681035738771452 0.00070259777311899299 0)
(-0.0011594534039443623 0.00076246180006719628 0)
(-0.0011506464086041552 0.0008225929532019755 0)
(-0.0011416564302863122 0.00088299251163867054 0)
(-0.0011324561365074371 0.00094366031440373658 0)
(-0.0011230170530557022 0.0010045946441587228 0)
(-0.0011133096040176695 0.0010657921067239835 0)
(-0.0011033031594777903 0.0011272475066676294 0)
(-0.0010929660917504921 0.0011889537192550158 0)
(-0.0010822658410275694 0.0012509015590776971 0)
(-0.0010711689913399031 0.001313079645642887 0)
(-0.0010596413577422927 0.0013754742660949245 0)
(-0.0010476480856330172 0.0014380692349985687 0)
(-0.0010351537631190528 0.0015008457506685386 0)
(-0.00102212254733497 0.0015637822467703603 0)
(-0.0010085183056265773 0.0016268542366773765 0)
(-0.00099430477252749759 0.001690034146115751 0)
(-0.00097944572350268594 0.0017532911266213969 0)
(-0.00096390516652940781 0.0018165908377963016 0)
(-0.0011849829114264211 0.00016672569830780107 0)
(-0.0011765749995379373 0.00022445338015485115 0)
(-0.0011681803836429765 0.00028237485988683833 0)
(-0.0011597847693941474 0.00034049864754456019 0)
(-0.0011513726517968649 0.00039883265856846154 0)
(-0.001142927321680285 0.00045738413933873513 0)
(-0.0011344308734917167 0.00051615958888818906 0)
(-0.0011258642148409279 0.00057516467667387055 0)
(-0.0011172070782606912 0.00063440415632493464 0)
(-0.0011084380356888245 0.00069388177531698176 0)
(-0.0010995345162154815 0.00075360018055845902 0)
(-0.0010904728276774191 0.00081356081992003709 0)
(-0.0010812281827179892 0.00087376383978480892 0)
(-0.0010717747299668037 0.00093420797874750247 0)
(-0.0010620855910249325 0.00099489045764896734 0)
(-0.0010521329039710186 0.0010558068661807012 0)
(-0.0010418878741284801 0.0011169510463495571 0)
(-0.0010313208328531131 0.0011783149731205444 0)
(-0.0010204013051141798 0.0012398886325693307 0)
(-0.001009098086649301 0.0013016598978352633 0)
(-0.00099737933147391088 0.0013636144030461197 0)
(-0.00098521265052052163 0.0014257354151416752 0)
(-0.00097256522217469671 0.0014880037030743066 0)
(-0.00095940391546477446 0.0015503974031069771 0)
(-0.00094569542665912229 0.0016128918777006511 0)
(-0.00093140643003691457 0.0016754595635504073 0)
(-0.00091650374364049818 0.001738069801362617 0)
(-0.00090095451090951221 0.0018006886354922746 0)
(-0.0011273347144686392 0.00015821247236884214 0)
(-0.0011187440599974227 0.0002159554948398919 0)
(-0.0011101585375563076 0.00027387889152861544 0)
(-0.0011015644091522921 0.00033198999444683438 0)
(-0.0010929467982829628 0.00039029554884772831 0)
(-0.0010842896999741368 0.00044880163996063763 0)
(-0.0010755759922440307 0.0005075136162940025 0)
(-0.0010667874493939836 0.00056643600942985731 0)
(-0.0010579047575614241 0.00062557245026329455 0)
(-0.0010489075330039261 0.00068492558167315752 0)
(-0.0010397743436159634 0.00074449696764459442 0)
(-0.0010304827342122844 0.00080428699890913713 0)
(-0.001021009256141743 0.00086429479521153642 0)
(-0.0010113295018236441 0.00092451810436292177 0)
(-0.0010014181448235208 0.00098495319829118751 0)
(-0.00099124898610702277 0.0010455947663487626 0)
(-0.0009807950071275837 0.0011064358061834852 0)
(-0.00097002843041507029 0.0011674675125043583 0)
(-0.00095892078833859204 0.0012286791640788088 0)
(-0.00094744300071644921 0.0012900580092533108 0)
(-0.00093556546193934828 0.0013515891501605919 0)
(-0.00092325813826159189 0.001413255425531585 0)
(-0.0009104906759003805 0.0014750372915766897 0)
(-0.00089723252056888984 0.0015369126996480375 0)
(-0.00088345304906166703 0.0015988569681761925 0)
(-0.00086912171352010383 0.0016608426444661114 0)
(-0.00085420819904594115 0.0017228393490091769 0)
(-0.00083868259542052548 0.0017848135905597291 0)
(-0.0010696693686257424 0.00014952694242443963 0)
(-0.0010609085581870412 0.00020727748965224894 0)
(-0.0010521458629562063 0.00026519550581603258 0)
(-0.0010433680921503178 0.00032328721489266536 0)
(-0.0010345609875399139 0.00038155826526551099 0)
(-0.0010257092366861161 0.00044001365775060171 0)
(-0.0010167964876737219 0.0004986576705620061 0)
(-0.0010078053657136153 0.00055749378117235071 0)
(-0.00099871749201953957 0.0006165245850540353 0)
(-0.00098951350539283438 0.00067575171131724441 0)
(-0.00098017308697608929 0.00073517573529558984 0)
(-0.0009706749886632546 0.00079479608817329664 0)
(-0.00096099706567772563 0.00085461096378807258 0)
(-0.0009511163138518564 0.0009146172227938468 0)
(-0.00094100891216014875 0.00097481029441272358 0)
(-0.00093065027107340611 0.0010351840760534396 0)
(-0.00092001508731143287 0.0010957308311114586 0)
(-0.00090907740557738873 0.0011564410852891106 0)
(-0.00089781068785634759 0.0012173035217705054 0)
(-0.00088618789085438373 0.0012783048755376952 0)
(-0.00087418155214271352 0.0013394298269777127 0)
(-0.00086176388555468891 0.0014006608946844348 0)
(-0.00084890688636517924 0.0014619783269016989 0)
(-0.00083558244676431486 0.0015233599903076657 0)
(-0.00082176248212798594 0.001584781253632356 0)
(-0.00080741906859605611 0.0016462148617178032 0)
(-0.00079252459250790728 0.0017076307927401157 0)
(-0.00077705191233521233 0.0017689960869708139 0)
(-0.0010119943378334001 0.00014068089088191909 0)
(-0.0010030754773473875 0.00019843226493560729 0)
(-0.00099414879437336313 0.00025633871066292624 0)
(-0.00098520163309665561 0.00031440541303237026 0)
(-0.00097622034015230799 0.00037263699556836611 0)
(-0.00096719028071896352 0.00043103744973381166 0)
(-0.00095809585614682331 0.00048961006159770558 0)
(-0.00094892052346777554 0.00054835733577358132 0)
(-0.0009396468171629606 0.00060728091664131328 0)
(-0.00093025637358762467 0.00066638150689475486 0)
(-0.00092072995847554851 0.00072565878348977405 0)
(-0.00091104749796585866 0.00078511131110939596 0)
(-0.00090118811361414796 0.00084473645330008606 0)
(-0.00089113016186661848 0.00090453028148137419 0)
(-0.00088085127848875494 0.00096448748207120488 1.1487719827968936e-26)
(-0.00087032842844963435 0.0010246012620150318 1.2103837767430524e-26)
(-0.00085953796176820485 0.001084863253037596 0)
(-0.00084845567582767076 0.0011452634149567299 0)
(-0.0008370568846590656 0.0012057899383865929 0)
(-0.00082531649568369839 0.0012664291471059903 0)
(-0.00081320909438882874 0.0013271654002249716 0)
(-0.0008007090373907328 0.0013879809940335046 0)
(-0.00078779055431808462 0.0014488560629602504 0)
(-0.00077442785892967169 0.001509768478325647 1.703498659257941e-26)
(-0.00076059526986999959 0.0015706937423805259 1.7644371310293206e-26)
(-0.00074626734147480785 0.0016316048732627957 0)
(-0.00073141900507736396 0.0016924722736545239 0)
(-0.00071602572135791103 0.0017532635716464497 -1.9449084864586518e-26)
(-0.00095431599577987507 0.00013168565691706755 0)
(-0.00094525072200344923 0.00018943221161743585 0)
(-0.00093617270002142796 0.00024732193549499695 0)
(-0.00092706979396222516 0.00030535904248121711 0)
(-0.00091792893907076368 0.00036354720188294139 0)
(-0.00090873616034246895 0.00042188946915497447 0)
(-0.00089947659269849973 0.00048038821428060264 0)
(-0.00089013450302893123 0.00053904504777238472 0)
(-0.00088069331445247696 0.00059786074432774871 0)
(-0.0008711356331601069 0.00065683516420428725 0)
(-0.00086144327822801174 0.00071596717240752182 0)
(-0.00085159731480060317 0.00077525455582528853 0)
(-0.00084157809105877971 0.00083469393847843327 0)
(-0.00083136527940047133 0.0008942806951021255 0)
(-0.00082093792226850689 0.00095400886330853718 1.1269199507775274e-26)
(-0.00081027448306642284 0.0010138710546247246 1.187993932533744e-26)
(-0.00079935290260302804 0.0010738583647235112 0)
(-0.00078815066150205381 0.0011339602831827627 0)
(-0.00077664484900507181 0.001194164603090232 0)
(-0.00076481223858018861 0.0012544573307527935 0)
(-0.0007526293707307794 0.0013148225956264442 0)
(-0.00074007264337707735 0.0013752425603262778 0)
(-0.00072711841015940938 0.0014356973301254295 0)
(-0.00071374308699315419 0.001496164860610514 1.6758683055923006e-26)
(-0.00069992326719512375 0.0015566208609845416 1.7360650053881002e-26)
(-0.00068563584550989981 0.0016170386886728153 0)
(-0.00067085815140542789 0.0016773892280791246 0)
(-0.00065556809209962234 0.0017376407421294453 -1.9142670911080323e-26)
(-0.00089663969041572087 0.00012255214909173131 0)
(-0.00088743918515172355 0.00018028922460957902 0)
(-0.00087822195175814234 0.00023815804571846751 0)
(-0.00086897635677719734 0.00029616192217125226 0)
(-0.00085968990527944024 0.00035430363829616482 0)
(-0.00085034926174018869 0.00041258538516096251 0)
(-0.00084094027243715203 0.0004710086906508105 0)
(-0.00083144798967972448 0.00052957434749217034 0)
(-0.00082185669819418155 0.00058828233927502374 0)
(-0.00081214994400172127 0.00064713176455378368 0)
(-0.00080231056613951296 0.0007061207591354809 0)
(-0.00079232073158625349 0.00076524641670037453 0)
(-0.00078216197376300791 0.00082450470793655876 0)
(-0.00077181523498786751 0.00088389039841007622 0)
(-0.00076126091326783867 0.00094339696542639041 0)
(-0.00075047891381220359 0.0010030165141774498 0)
(-0.00073944870564891872 0.0010627396934887185 0)
(-0.00072814938371793306 0.0011225556114923554 -2.5733343355194619e-26)
(-0.00071655973680317692 0.0011824517515318478 -1.3472637728190203e-26)
(-0.00070465832164838093 0.0012424138885366847 1.4077944623126622e-26)
(-0.00069242354358033402 0.0013024260059640389 -2.9364321040734714e-26)
(-0.00067983374394065964 0.0013624702131422833 -3.0569655539715113e-26)
(-0.00066686729460343423 0.0014225266624038264 0)
(-0.00065350269983636391 0.0014825734646600778 -3.2967113809067308e-26)
(-0.00063971870575442187 0.0015425866009088629 -3.4157149995635151e-26)
(-0.0006254944176247026 0.0016025398253546989 0)
(-0.00061080942532439118 0.0016624045530564526 0)
(-0.00059564393734766951 0.0017221497208698693 0)
(-0.00083896980774422921 0.00011329086044972507 0)
(-0.00082964481447860255 0.00017101471879587909 0)
(-0.00082029999379272501 0.00022885935983619471 0)
(-0.00081092419485598007 0.00028682725488367588 0)
(-0.00080150547154511219 0.00034492037112357878 0)
(-0.00079203110526451456 0.00040314010515147994 0)
(-0.00078248762925951885 0.00046148721471217806 0)
(-0.00077286085470985985 0.00051996174868842939 0)
(-0.00076313589890290975 0.00057856297540611343 0)
(-0.00075329721579641502 0.00063728930934492628 0)
(-0.00074332862928719757 0.0006961382363749087 0)
(-0.00073321336950924463 0.00075510623767055236 9.0290085038650583e-27)
(-0.00072293411249051045 0.00081418871249169138 9.6271984086482189e-27)
(-0.00071247302350168642 0.0008733799000563274 0)
(-0.00070181180443215033 0.00093267280076339239 1.0826682814608658e-26)
(-0.0006909317455263196 0.00099205909705594661 1.1427403298839694e-26)
(-0.00067981378180783628 0.0010515290742336484 0)
(-0.00066843855450940003 0.0011110715415285377 -2.5258398518409377e-26)
(-0.00065678647781134889 0.0011706737537342763 -1.3229565720250193e-26)
(-0.00064483781117375056 0.0012303213336077763 1.3829066490517263e-26)
(-0.00063257273752445283 0.001289998195116241 -2.8854577686515324e-26)
(-0.0006199714475417815 0.0013496864673425749 -3.0047593316133368e-26)
(-0.00060701423024748223 0.001409366418413404 0)
(-0.0005936815701063935 0.0014690163780894925 -3.24196157371526e-26)
(-0.00057995425082205533 0.0015286126565094329 -3.359664639529905e-26)
(-0.00056581346602905115 0.0015881294547936407 0)
(-0.00055124093712849963 0.0016475387604932995 0)
(-0.00053621903860886025 0.0017068102167821842 0)
(-0.00078130983463810602 0.00010391188601221985 0)
(-0.00077187067752706865 0.00016161964737743597 0)
(-0.0007624094101019856 0.00021943766892748427 0)
(-0.00075291534244177464 0.0002773676481436048 0)
(-0.00074337705426593694 0.00033541080152008074 0)
(-0.00073378241944729687 0.00039356779942838048 0)
(-0.00072411863195687284 0.00045183869946157875 0)
(-0.0007143722335214897 0.00051022287831584026 0)
(-0.00070452914327572426 0.00056871896228281914 0)
(-0.00069457468969233579 0.00062732475644567407 0)
(-0.00068449364507530881 0.00068603717270342309 0)
(-0.00067427026290208176 0.00074485215677999313 8.8180693278647443e-27)
(-0.00066388831830461526 0.0008037646144105501 9.4123582093859155e-27)
(-0.00065333115198010737 0.00086276833693098092 0)
(-0.00064258171782206679 0.00092185592652857149 1.0603275514297758e-26)
(-0.0006316226345585333 0.0009810187214380438 1.1199346325627134e-26)
(-0.00062043624167607209 0.0010402467213833978 0)
(-0.0006090046598968956 0.00109952851356679 0)
(-0.00059730985646062505 0.0011588511994765922 0)
(-0.0005853337154419527 0.0012182003227130815 0)
(-0.00057305811331337451 0.0012775597978812408 0)
(-0.00056046499993830533 0.0013369118403402898 0)
(-0.00054753648515663573 0.0013962368961528688 0)
(-0.00053425493110786655 0.0014555135708614233 0)
(-0.00052060305043064394 0.0015147185545850803 0)
(-0.00050656401049203653 0.0015738265391734029 0)
(-0.000492121543847366 0.0016328101204731791 0)
(-0.00047726006522936907 0.0016916396747391053 0)
(-0.000723662421356789 9.4424942252586071e-05 0)
(-0.00071411902593052133 0.00015211452228592766 0)
(-0.00070455199058818991 0.00020990425820839844 0)
(-0.00069495106280016369 0.00026779513717740499 0)
(-0.00068530532346523765 0.00032578769011285669 0)
(-0.00067560321283562238 0.0003838819278037914 0)
(-0.00066583255781080708 0.00044207727578733424 0)
(-0.00065598060087593453 0.00050037250804377189 0)
(-0.00064603403094802211 0.00055876567957521351 0)
(-0.00063597901638829399 0.00061725405795801948 0)
(-0.00062580124043213118 0.00067583405399097071 0)
(-0.0006154859392863795 0.00073450115159831195 0)
(-0.00060501794314490962 0.0007932498371799831 9.196035181788675e-27)
(-0.00059438172037351935 0.00085207352863479529 9.7872322851260592e-27)
(-0.00058356142511381082 0.00091096450431206997 0)
(-0.00057254094855036463 0.00096991383216871565 1.0970451682205048e-26)
(-0.00056130397407658402 0.0010289112994216806 1.1561896791131609e-26)
(-0.00054983403658138193 0.0010879453429826591 0)
(-0.00053811458606245987 0.001147002980929351 0)
(-0.00052612905575115973 0.0012060697451887032 0)
(-0.0005138609349115633 0.0012651296154606666 0)
(-0.00050129384645314161 0.0013241649541465988 0)
(-0.00048841162947374506 0.0013831564416068901 0)
(-0.00047519842683435998 0.00144208301036387 0)
(-0.00046163877786285209 0.0015009217757479332 0)
(-0.0004477177163010148 0.0015596479587558949 1.6816900159662121e-26)
(-0.00043342087365861708 0.0016182347942495633 1.7385682925098874e-26)
(-0.00041873458823843309 0.0016766534136625343 0)
(-0.00066602944263312173 8.4839388394862379e-05 0)
(-0.00065639135849358972 0.00014250943646061423 0)
(-0.00064672879595099387 0.00020026993042878961 0)
(-0.00063703191479060452 0.00025812120965774867 0)
(-0.00062729027098889806 0.00031606318335940687 0)
(-0.00061749284373612814 0.00037409526785348116 0)
(-0.00060762806379027247 0.00043221632291061006 0)
(-0.00059768384342561516 0.0004904245871844785 0)
(-0.00058764760821232193 0.00054871761277961687 0)
(-0.0005775063308561993 0.00060709219903218477 0)
(-0.00056724656731386893 0.00066554432561895141 0)
(-0.00055685449539404639 0.00072406908515279024 0)
(-0.00054631595605742899 0.00078266061545739806 8.9784876140638507e-27)
(-0.00053561649762912057 0.00084131203174569796 9.5659174190010806e-27)
(-0.00052474142313515973 0.00090001535895382618 0)
(-0.00051367584096945846 0.00095876146450015159 1.074096353351669e-26)
(-0.00050240471908784235 0.0010175399917478729 1.1328024441190672e-26)
(-0.00049091294291173408 0.0010763392944418402 0)
(-0.00047918537710690378 0.0011351463723568332 0)
(-0.00046720693138239451 0.0011939468083090221 0)
(-0.00045496263043183011 0.0012527247065379997 0)
(-0.00044243768811699509 0.0013114626322000122 0)
(-0.0004296175859725419 0.0013701415512787781 0)
(-0.00041648815609602544 0.0014287407695209046 0)
(-0.00040303566848663003 0.0014872378679012044 0)
(-0.0003892469229145467 0.0015456086304206774 1.6537662765175345e-26)
(-0.00037510934545527576 0.0016038269574409085 1.7101171311994312e-26)
(-0.00036061108992482534 0.0016618647538596725 0)
(-0.00060841205816764487 7.5164249523557009e-05 3.6487096222790224e-27)
(-0.00059868848332745607 0.00013281408782385448 -4.7875768326352446e-27)
(-0.00058894022137728048 0.00019054503088017906 -1.1860804704883709e-26)
(-0.00057915781799935202 0.00024835683197602527 -7.0769794628712256e-27)
(-0.00056933127699048997 0.00030624884135011784 -8.2270808420588726e-27)
(-0.00055945008796574294 0.00036421994452406507 -9.3804577021030692e-27)
(-0.00054950325547047812 0.0004222685000716848 0)
(-0.00053947932968145818 0.00048039227673106932 0)
(-0.00052936643888476965 0.00053858838987911261 0)
(-0.00051915232392288758 0.00059685323742010739 0)
(-0.00050882437478037812 0.00065518243519565786 0)
(-0.0004983696694758783 0.00071357075207262039 0)
(-0.00048777501543415826 0.00077201204490546355 0)
(-0.00047702699351693389 0.00083049919359682689 0)
(-0.00046611200489032911 0.00088902403650457766 0)
(-0.00045501632090119031 0.00094757730645726713 0)
(-0.00044372613612478156 0.0010061485676445949 0)
(-0.00043222762473250388 0.0010647261536374237 0)
(-0.00042050700030988371 0.0011232971067556819 0)
(-0.00040855057923508756 0.0011818471189147955 0)
(-0.0003963448477060253 0.0012403604739344748 0)
(-0.00038387653248187566 0.0012988199910308647 2.7978330096437922e-26)
(-0.0003711326753865326 0.0013572069687798932 5.8247822949706039e-26)
(-0.00035810071160669488 0.0014155011281518164 3.0263623866359663e-26)
(-0.00034476855181952932 0.001473680552133447 3.139667534362573e-26)
(-0.00033112466820682285 0.0015317216177749911 3.2522245109824376e-26)
(-0.0003171581844662937 0.0015895989139454532 0)
(-0.00030285897003289936 0.0016472851342355852 0)
(-0.00055081077219142321 6.5408241341538938e-05 3.2582007610568374e-27)
(-0.00054101057903206467 0.00012303780476962317 -4.395492846896466e-27)
(-0.00053118605911652776 0.00018073947377749252 -1.1072619849069249e-26)
(-0.00052132811651653735 0.00023851247678018797 -6.6804385025008596e-27)
(-0.00051142717479329578 0.00029635566678399021 -7.8276460762474568e-27)
(-0.00050147320471065641 0.00035426746082047413 -8.977680623626284e-27)
(-0.00049145575379636063 0.00041224577918835771 0)
(-0.00048136397756685164 0.00047028798423382682 0)
(-0.00047118667250448527 0.00052839081867655873 0)
(-0.00046091231093361626 0.00058655034349949678 0)
(-0.00045052907790424921 0.00064476187550270103 0)
(-0.00044002491020006746 0.0007030199246854719 0)
(-0.00042938753760647587 0.00076131813166051992 0)
(-0.00041860452658552957 0.00081964920532903989 0)
(-0.00040766332650646889 0.00087800486106074077 0)
(-0.00039655131857490954 0.00093637575963412777 0)
(-0.00038525586759436781 0.00099475144719134438 0)
(-0.00037376437667933031 0.0010531202964465121 0)
(-0.00036206434502005262 0.0011114694493449787 0)
(-0.00035014342877966967 0.0011697847612855633 0)
(-0.00033798950518244342 0.0012280507468651379 0)
(-0.00032559073983001052 0.0012862505268483894 2.746741839224413e-26)
(-0.00031293565726793498 0.0013443657756351702 5.7207763980362881e-26)
(-0.00030001321480756699 0.0014023766678162007 2.9734411598068979e-26)
(-0.00028681287961457015 0.0014602618213523763 3.0858266567797061e-26)
(-0.00027332470910261585 0.0015179982332480318 3.19746807460956e-26)
(-0.00025953943472525057 0.0015755612010858863 0)
(-0.00024544854935738071 0.0016329242199924724 0)
(-0.00049322549240080537 5.557979657907701e-05 0)
(-0.00048335725520663243 0.00011318957317161602 0)
(-0.0004734655601219742 0.00017086276986149013 0)
(-0.00046354164147562754 0.00022859815153996894 0)
(-0.00045357631422535566 0.00028639413485926295 0)
(-0.00044356000059234314 0.00034424872931830596 0)
(-0.00043348275980873634 0.00040215947823955611 0)
(-0.00042333431970569333 0.00046012339927519716 0)
(-0.00041310411004738773 0.00051813692456541868 0)
(-0.00040278129771571537 0.00057619584053750694 0)
(-0.00039235482376971773 0.00063429522744602707 0)
(-0.00038181344243509962 0.00069242939884655132 0)
(-0.00037114576212582818 0.00075059184122496718 0)
(-0.00036034028861957107 0.0008087751540222886 0)
(-0.0003493854705126871 0.00086697099029626318 0)
(-0.00033826974707513183 0.00092516999826889365 0)
(-0.00032698159861541403 0.0009833617640014284 0)
(-0.00031550959944965799 0.0010415347554188902 0)
(-0.00030384247354979348 0.0010996762678618644 0)
(-0.00029196915292667018 0.0011577723712582184 0)
(-0.00027987883878151891 0.0012158078588507951 0)
(-0.00026756106543790649 0.0012737661971662614 0)
(-0.00025500576705894733 0.0013316294764866689 0)
(-0.00024220334712675377 0.0013893783603989031 0)
(-0.00022914475067678462 0.0014469920319893743 0)
(-0.00021582153931321493 0.0015044481325819916 0)
(-0.00020222596908966772 0.0015617226864822059 0)
(-0.00018835107142066998 0.0016187900014023487 0)
(-0.00043565558754535434 4.568709390330699e-05 0)
(-0.00042572761243731482 0.00010327806507868232 0)
(-0.00041577749507063053 0.00016092405503737224 0)
(-0.00040579677254428266 0.00021862342784878658 0)
(-0.00039577662353392309 0.0002763742237882095 0)
(-0.00038570789202995191 0.00033417410424224208 0)
(-0.00037558111743969972 0.00039202029514555673 0)
(-0.00036538656658310323 0.00044990952933397679 0)
(-0.00035511426733054622 0.00050783798853859682 1.1604562103654787e-26)
(-0.00034475404405626402 0.00056580124500004607 1.2753504485470083e-26)
(-0.00033429555481185653 0.00062379420282182227 0)
(-0.00032372833020326129 0.00068181103931726499 0)
(-0.00031304181405238053 0.00073984514661062765 0)
(-0.00030222540595416513 0.00079788907374687447 0)
(-0.00029126850584139022 0.00085593446955146762 0)
(-0.00028016056066164455 0.00091397202648128145 0)
(-0.00026889111325979287 0.00097199142569513914 0)
(-0.00025744985353878027 0.001029981283544986 0)
(-0.00024582667195190421 0.0010879290996500266 0)
(-0.00023401171536307052 0.0011458212066238194 0)
(-0.00022199544528643696 0.0012036427213685363 0)
(-0.00020976869849411461 0.001261377497604553 0)
(-0.00019732274999154317 0.001319008078893956 0)
(-0.00018464937830290192 0.0013765156507000282 0)
(-0.00017174093304434687 0.0014338799891101515 0)
(-0.00015859040480487691 0.0014910794021265597 0)
(-0.00014519149743138308 0.0015480906571356636 0)
(-0.00013153870283332274 0.001604888884214561 0)
(-0.00037809994500051091 3.5738088560014562e-05 0)
(-0.00036812030307885291 9.3311668105099173e-05 0)
(-0.00035812021540247333 0.00015093211926354587 0)
(-0.00034809149859119402 0.00020859747093281237 0)
(-0.00033802566994274141 0.00026630544556603306 0)
(-0.00032791396593547726 0.00032405341384227797 1.1630119166213685e-26)
(-0.00031774737444524359 0.00038183834193987362 1.3343818251197708e-26)
(-0.00030751666769625817 0.00043965673586638022 0)
(-0.00029721243627338096 0.00049750458527554858 1.1183569499745043e-26)
(-0.00028682512490261971 0.00055537730675047151 1.2328175593805685e-26)
(-0.00027634506974173349 0.00061326968674345708 0)
(-0.00026576253708311876 0.00067117582454400413 0)
(-0.00025506776356075189 0.00072908907559233007 0)
(-0.00024425099798534676 0.00078700199540779369 0)
(-0.00023330254492064589 0.00084490628437083166 0)
(-0.0002222128100961613 0.00090279273358754328 0)
(-0.00021097234774155332 0.00096065117205279581 3.048181498305871e-26)
(-0.00019957190989551901 0.00101847041527996 3.218312117298993e-26)
(-0.00018800249772203177 0.00107623821555579 0)
(-0.00017625541485964601 0.0011339412138608636 0)
(-0.0001643223227940769 0.0011915648933461412 0)
(-0.00015219529821375042 0.0012490935340223348 0)
(-0.00013986689237126769 0.0013065101679414334 0)
(-0.00012733019233506995 0.0013637965333009275 4.2259884409762632e-26)
(-0.00011457888410176105 0.0014209330252702536 4.3909784873421941e-26)
(-0.00010160731756337568 0.0014778986393313594 0)
(-8.8410573545612725e-05 0.0015346709011903555 0)
(-7.4984532864245308e-05 0.0015912257722343877 0)
(-0.00032055702707270238 2.5740539432067531e-05 0)
(-0.00031053359299050814 8.329851076145322e-05 0)
(-0.00030049171422975537 0.00014089543304680757 0)
(-0.00029042347730290504 0.00019852906821071973 0)
(-0.00028032071869662091 0.00025619687650577002 0)
(-0.00027017503866359863 0.0003138959928330648 1.1012144390107433e-26)
(-0.00025997784148347616 0.00037162317909205094 1.2721412487361437e-26)
(-0.0002497203707884615 0.00042937477049317886 0)
(-0.00023939374417582932 0.0004871466211994314 0)
(-0.00022898898949446996 0.00054493404902282287 0)
(-0.00021849708230181888 0.00060273177960974223 0)
(-0.00020790898433438459 0.00066053389071777497 0)
(-0.00019721568316226004 0.00071833375695950694 0)
(-0.0001864082332003719 0.00077612399528300075 0)
(-0.00017547779820546491 0.00083389641140896591 0)
(-0.00016441569534788683 0.00089164194743415661 0)
(-0.00015321344094987386 0.00094935063081639712 2.9786270957079571e-26)
(-0.00014186279791592431 0.0010070115248248413 3.1477950476534608e-26)
(-0.00013035582486656513 0.0010646126806691646 0)
(-0.00011868492700952045 0.0011221410912829026 0)
(-0.00010684290870681198 0.0011795826466213352 0)
(-9.4823027643991192e-05 0.0012369220901493341 0)
(-8.2619050744564695e-05 0.0012941429758701773 0)
(-7.0225311558953698e-05 0.001351227623969178 4.1493196600193766e-26)
(-5.7636769135557186e-05 0.0014081570734312187 4.3132778237763197e-26)
(-4.4849068158402428e-05 0.0014649110268352764 0)
(-3.1858601258110512e-05 0.0015214677828362898 0)
(-1.8662572683218703e-05 0.0015778041425875682 0)
(-0.00026302492679849385 1.5702050034832238e-05 0)
(-0.00025296542285217121 7.3246490633679148e-05 0)
(-0.00024288968415920326 0.00013082217211513129 0)
(-0.00023279009181909117 0.00018842665657326806 0)
(-0.00022265878973054109 0.00024605718754043597 0)
(-0.00021248771290050098 0.0003037107150124948 0)
(-0.00020226864928057927 0.00036138385005588761 0)
(-0.00019199327925126635 0.00041907281130567438 0)
(-0.00018165321118398405 0.00047677337246818807 0)
(-0.00017124001864823575 0.00053448080810015997 0)
(-0.00016074527810296446 0.00059218983852587647 0)
(-0.00015016060701738982 0.00064989457502021898 0)
(-0.00013947770283363127 0.00070758846567554445 0)
(-0.00012868838303556679 0.00076526424217767677 0)
(-0.00011778462647637239 0.00082291386764675022 0)
(-0.00010675861602640477 0.00088052848571145825 0)
(-9.5602782692436752e-05 0.0009380983711298693 0)
(-8.4309851160740965e-05 0.0009956128816850005 0)
(-7.2872886739797451e-05 0.0010530604119609371 0)
(-6.1285343818411398e-05 0.0011104283486791404 0)
(-4.9541115700422996e-05 0.0011677030274819503 0)
(-3.7634585606914238e-05 0.0012248696909165681 0)
(-2.5560679410011922e-05 0.0012819124469695955 0)
(-1.3314919313721441e-05 0.0013388142258346312 0)
(-8.9347876430265e-07 0.0013955567340276751 0)
(1.1706762477167466e-05 0.0014521204007718871 0)
(2.4488159838309184e-05 0.0015084843108455011 0)
(3.7452245299488709e-05 0.0015646261141768372 0)
(-0.00020550142304095063 5.6302907620756115e-06 0)
(-0.00019541348615659327 6.3163384250977043e-05 0)
(-0.00018531157914124916 0.00012072026117201379 0)
(-0.00017518850473769264 0.00017829835273361214 0)
(-0.00016503671135441883 0.00023589467542618531 2.6900004203724382e-27)
(-0.00015484843233489265 0.00029350602655046307 3.2570277588841095e-27)
(-0.00014461580399503037 0.00035112891630398492 0)
(-0.00013433090789931467 0.00040875949940594869 0)
(-0.0001239858061880313 0.00046639352291633681 0)
(-0.00011357258045736906 0.00052402627265564375 0)
(-0.00010308336981401408 0.00058165251810498989 0)
(-9.2510408383060787e-05 0.00063926645797451301 0)
(-8.1846063334910384e-05 0.00069686166686695554 0)
(-7.1082873853713763e-05 0.00075443104312633981 -7.78443876688569e-27)
(-6.0213591214868858e-05 0.00081196675786686921 -8.3469750012566154e-27)
(-4.9231219866102514e-05 0.00086946020523208671 -8.9081958953726684e-27)
(-3.8129059986160496e-05 0.00092690195463324902 -9.4679168015362687e-27)
(-2.6900751154750125e-05 0.00098428170354509419 0)
(-1.5540317031790848e-05 0.001041588232879562 0)
(-4.0422115415419209e-06 0.0010988093635319622 0)
(7.5986339730073165e-06 0.0011559319144400747 0)
(1.9386762845393652e-05 0.0012129416617122732 0)
(3.132614325899827e-05 0.0012698232980380309 0)
(4.3420118156453569e-05 0.0013265603909464146 0)
(5.5671354633470786e-05 0.0013831353376175509 0)
(6.8081791950680342e-05 0.0014395293126073419 0)
(8.0652588425728485e-05 0.0014957222007609774 1.4937733033069916e-26)
(9.3384067616818e-05 0.0015516925096578993 1.5467098538836761e-26)
(-0.00014798403545471895 -4.4664839839722087e-06 0)
(-0.00013787546923563801 5.3057017845669404e-05 0)
(-0.00012775475207699123 0.00011059741429651373 0)
(-0.00011761572736827324 0.00016815197599345376 5.7529897723351436e-27)
(-0.000107451173939374 0.00022571728922107692 9.9347623014621882e-27)
(-9.725353465979693e-05 0.00028328997755170922 3.0497243424029763e-27)
(-8.7015241097467816e-05 0.000340866492157376 0)
(-7.6728737451016988e-05 0.00039844297554174834 0)
(-6.6386501486143435e-05 0.00045601520189577488 0)
(-5.598108472256864e-05 0.00051357852268894128 0)
(-4.5505150996482562e-05 0.00057112781056970949 1.1751683542684754e-26)
(-3.4951512812496295e-05 0.00062865740481867275 1.2878564541151771e-26)
(-2.4313167994404482e-05 0.00068616105856796332 0)
(-1.3583337322366949e-05 0.00074363188757025213 -7.5631897754869139e-27)
(-2.7555033314165768e-06 0.00080106232026970535 8.1233376925974404e-27)
(8.1765504551018804e-06 0.00085844404926692234 8.6820606891673559e-27)
(1.9218698292416144e-05 0.00091576798426160218 -9.2391867397680257e-27)
(3.0376430395622372e-05 0.00097302420654363177 0)
(4.1654810734910729e-05 0.0010302019250814727 0)
(5.3058432901656063e-05 0.0010872894341778521 0)
(6.4591375554024204e-05 0.0011442740725639547 0)
(7.6257157173476218e-05 0.0012011421834057104 5.9972507376382605e-26)
(8.8058689602579145e-05 0.001257879074305484 6.2690822385646799e-26)
(9.9998231223302536e-05 0.0013144689767989211 0)
(0.00011207733976817562 0.0013708950015431382 0)
(0.00012429682416737278 0.001427139086579581 0)
(0.00013665669586099621 0.0014831819318516443 1.4681394973411974e-26)
(0.00014915611943107574 0.0015390029116117 1.5208275014871036e-26)
(-9.0470077725395204e-05 -1.4580949370976382e-05 0)
(-8.0349607726837224e-05 4.2934351022600851e-05 0)
(-7.0216665429504149e-05 0.00010046087255279974 0)
(-6.0068687646200427e-05 0.00015799499418475864 5.1357912590793745e-27)
(-4.9898774642646079e-05 0.00021553263355240482 6.8317089994365908e-27)
(-3.969929778962512e-05 0.000273070247691339 0)
(-2.9462875625047832e-05 0.00033060427911998756 0)
(-1.9182267290583212e-05 0.00038813091713485481 0)
(-8.8503263941351285e-06 0.00044564602217375747 0)
(1.5399635917721904e-06 0.00050314506805918804 0)
(1.1995451126617705e-05 0.00056062308508906828 1.1322927002352738e-26)
(2.2522782422394505e-05 0.00061807460582568967 1.24460680125676e-26)
(3.3128366766474957e-05 0.00067549361318152616 0)
(4.3818340471436715e-05 0.00073287349010349391 0)
(5.459852961064477e-05 0.00079020697064432664 1.5801393486537567e-26)
(6.5474412008767073e-05 0.00084748609252167126 1.691412991120533e-26)
(7.645107805069063e-05 0.00090470215060214931 0)
(8.7533190730801951e-05 0.00096184565290426344 0)
(9.8724945100525847e-05 0.001018906277197284 0)
(0.0001100300266889686 0.0010758728295452717 0)
(0.00012145156933317624 0.001132733204131281 0)
(0.00013299211248507477 0.0011894743439577261 5.876998601845119e-26)
(0.00014465355785369557 0.0012460822015131271 6.1475011152861063e-26)
(0.00015643712571190662 0.0013025416985660055 0)
(0.00016834331092563514 0.0013588366819491644 0)
(0.0001803718385254728 0.0014149498722002001 0)
(0.0001925216189470945 0.0014708627988397499 0)
(0.0002047907027883075 0.0015265557132241095 0)
(-3.2956726929786521e-05 -2.4718984729971071e-05 0)
(-2.2833680696825112e-05 3.2797937224990756e-05 0)
(-1.2694166033706404e-05 9.0316741091222265e-05 0)
(-2.5440325543061709e-06 0.00014783445006812527 0)
(7.624009152372118e-06 0.00020534800559540158 0)
(1.7818038362815096e-05 0.00026285419771719898 0)
(2.804535533965284e-05 0.00032034961286044083 0)
(3.8312933580796757e-05 0.00037783058027574668 0)
(4.8627579556959234e-05 0.000435293119268799 0)
(5.8995911334065355e-05 0.00049273288690065357 0)
(6.9424323598280243e-05 0.00055014512624942632 0)
(7.9918956324426824e-05 0.0006075246154133363 0)
(9.048566206003574e-05 0.00066486561748595836 0)
(0.00010112997134215375 0.00072216183146103807 0)
(0.00011185705688953479 0.00077940634432892134 0)
(0.00012267169697729018 0.0008365915844521448 0)
(0.0001335782379797461 0.00089370927617018288 0)
(0.00014458055622639169 0.00095075039613289676 0)
(0.0001556820192761495 0.0010077051308738942 0)
(0.00016688544656781568 0.0010645628358975318 0)
(0.00017819306959310376 0.0011213119960208477 0)
(0.00018960649170072819 0.0011779401865221189 0)
(0.00020112664754625093 0.001234434034263003 0)
(0.00021275376235674792 0.0012907791775850453 -1.2589810643004198e-26)
(0.00022448731108044796 0.0013469602224337749 -1.3122419269197928e-26)
(0.00023632597738294266 0.0014029606911997452 0)
(0.00024826761251078709 0.0014587629583397215 0)
(0.00026030919387944144 0.00151434816370323 0)
)
;

boundaryField
{
    hotWall
    {
        type            noSlip;
    }
    coldWall
    {
        type            noSlip;
    }
    bottomWall
    {
        type            noSlip;
    }
    topWall
    {
        type            noSlip;
    }
    front
    {
        type            empty;
    }
    back
    {
        type            empty;
    }
    procBoundary9to5
    {
        type            processor;
        value           nonuniform List<vector> 
28
(
(2.4558960134154752e-05 -3.4861805725570421e-05 0)
(3.4686076371544654e-05 2.265968245636698e-05 0)
(4.4819780441767404e-05 8.0173751317044379e-05 0)
(5.4962507314074965e-05 0.00013767813382470394 0)
(6.5120900774929161e-05 0.00019517084204711535 0)
(7.5302235566767107e-05 0.00025264905211015958 0)
(8.5513432741382515e-05 0.0003101095475753886 0)
(9.5761166017026563e-05 0.00036754885059085696 0)
(0.00010605190935531101 0.00042496319173456018 0)
(0.00011639190279541285 0.00048234846300134165 0)
(0.0001267871156214381 0.00053970017113517347 0)
(0.00013724321392514106 0.00059701338976946299 0)
(0.00014776552787107826 0.00065428271108370771 0)
(0.00015835901783469187 0.00071150219784367778 0)
(0.00016902823972133888 0.00076866533636335815 0)
(0.00017977730965628466 0.00082576499060137642 0)
(0.0001906098680743106 0.00088279335751439059 0)
(0.00020152904328362588 0.00093974192384645822 0)
(0.00021253741458110214 0.00099660142428575058 0)
(0.00022363697496197488 0.0010533618009809984 0)
(0.00023482909352113554 0.0011100121642201228 0)
(0.00024611447764748945 0.0011665407538293479 0)
(0.00025749313507892046 0.0012229349004888145 0)
(0.00026896433594093735 0.0012791809856533612 -1.2349021632068474e-26)
(0.00028052657484288853 0.0013352643977344665 -1.2879380505905911e-26)
(0.00029217753303872033 0.0013911694809542133 0)
(0.00030391404064331208 0.0014468794710766062 0)
(0.00031573203876345739 0.0015023764090501528 0)
)
;
    }
    procBoundary9to6
    {
        type            processor;
        value           nonuniform List<vector> 
28
(
(-0.0015940137760358003 0.00016339769433001728 0)
(-0.0015370659409117277 0.0001563365800254963 0)
(-0.001479998305594351 0.00014902581666037981 0)
(-0.0014228281983600139 0.00014147880090926255 0)
(-0.0013655714135129477 0.00013370855391744564 0)
(-0.0013082422715686994 0.00012572770924420342 0)
(-0.0012508536804788398 0.00011754850507909014 0)
(-0.0011934171974733669 0.00010918278046811792 0)
(-0.0011359430914776123 0.00010064197527599848 0)
(-0.001078440405525569 9.1937133540934384e-05 0)
(-0.0010209170192173201 8.3078910025731278e-05 0)
(-0.00096337971095851482 7.4077579676671141e-05 0)
(-0.00090583421990229917 6.4943049725571173e-05 0)
(-0.00084828530750180261 5.568487398467578e-05 0)
(-0.00079073681760338181 4.6312269918912979e-05 0)
(-0.00073319173789872228 3.6834137330298527e-05 -1.6397518276239991e-27)
(-0.00067565225857233618 2.7259078611820278e-05 -1.4495415646446449e-27)
(-0.00061811983130619411 1.7595421200503319e-05 5.0279756959001721e-27)
(-0.00056059522724882923 7.8512415093747748e-06 4.2492575514835901e-27)
(-0.00050307859402719604 -1.9656100356748341e-06 0)
(-0.0004455695114874701 -1.184748165884998e-05 0)
(-0.0003880670453655829 -2.1786892112580217e-05 1.4024563050803964e-27)
(-0.00033056979837355852 -3.1776507045640651e-05 7.9879347121765844e-28)
(-0.00027307596039706045 -4.1809111796133175e-05 0)
(-0.00021558334075654867 -5.1877502083056898e-05 0)
(-0.00015808923831732387 -6.1974314505607795e-05 0)
(-0.00010058999687271339 -7.2092952293400725e-05 0)
(-4.3082124679573528e-05 -8.2231103205097211e-05 7.534164708821849e-28)
)
;
    }
    procBoundary9to7
    {
        type            processor;
        value           nonuniform List<vector> 
53
(
(-0.00036782387234019252 3.2595177099889959e-07 0)
(-0.0009800457286119372 3.6165538132041547e-06 0)
(-0.0014851818055861142 9.3189992864580985e-06 0)
(-0.0018980960748863171 1.695565902971732e-05 0)
(-0.0022322527315299951 2.5994839543318568e-05 0)
(-0.0024996965452301874 3.6094838224281554e-05 0)
(-0.0027110780899488405 4.6998866760472396e-05 0)
(-0.0028757106044894299 5.8497531114018392e-05 0)
(-0.00300164831276179 7.0417540219935843e-05 -2.8779139794362621e-28)
(-0.0030957806467706009 8.2613354807834104e-05 -3.4656306436668236e-28)
(-0.0031639372056295862 9.4960364136394945e-05 0)
(-0.0032109983720260285 0.00010735017602228645 0)
(-0.0032410071106411613 0.00011968750055662403 0)
(-0.0032572782602216122 0.00013188805522813373 0)
(-0.0032625024371443403 0.00014387712257314195 0)
(-0.0032588424447680922 0.00015558851954102437 0)
(-0.0032480207989840663 0.00016696381633148682 0)
(-0.0032313976121956813 0.0001779517001814038 0)
(-0.0032100386107604172 0.00018850742149864835 0)
(-0.0031847734885032566 0.00019859228812671911 0)
(-0.0031562451219828624 0.00020817319148640261 0)
(-0.0031249503980464817 0.00021722215878292988 0)
(-0.0030912735413505203 0.00022571593073591884 0)
(-0.003055512892233307 0.00023363556623173581 0)
(-0.0030179020882884541 0.00024096607531554027 0)
(-0.0029786265610158213 0.00024769608105805447 0)
(-0.0029378361860646174 0.00025381750954060197 0)
(-0.0028956548336150131 0.00025932530617977194 0)
(-0.0028521874654471712 0.00026421717591567392 0)
(-0.002807525324318287 0.00026849334424740778 0)
(-0.0027617496653916693 0.00027215633609452354 0)
(-0.0027149343926371338 0.00027521076968030621 0)
(-0.0026671478869496547 0.00027766316296074433 0)
(-0.0026184542481840754 0.00027952175060067848 0)
(-0.0025689141200428969 0.00028079630998026957 8.3022474294332827e-27)
(-0.0025185852239108181 0.00028149799516976844 -9.2740334010261555e-41)
(-0.0024675226940524294 0.00028163917820496156 -1.6775156818589628e-26)
(-0.0024157792806870984 0.00028123329731681367 -8.4053444384327201e-27)
(-0.0023634054679409909 0.00028029471200251239 0)
(-0.0023104495392398086 0.00027883856499480393 0)
(-0.0022569576122635224 0.00027688065128069449 0)
(-0.0022029736581164337 0.00027443729435807013 0)
(-0.002148539514159361 0.00027152522993367345 0)
(-0.0020936948963779715 0.00026816149724188644 0)
(-0.0020384774147780386 0.00026436333808537316 0)
(-0.0019829225936098282 0.00026014810366669304 0)
(-0.0019270638972954275 0.00025553316923658509 0)
(-0.0018709327622459758 0.00025053585648657234 0)
(-0.0018145586343582063 0.00024517336356687437 7.6180259504595163e-27)
(-0.0017579690117630108 0.00023946270255981641 7.4682928854848194e-27)
(-0.0017011894922786999 0.00023342064418831423 0)
(-0.0016442438249640167 0.00022706366952528369 0)
(-0.0016442438249640167 0.00022706366952528369 0)
)
;
    }
    procBoundary9to10
    {
        type            processor;
        value           nonuniform List<vector> 
40
(
(-0.0022513443846849416 0.002131911980895932 -4.0917912131796573e-26)
(-0.0021682326533263995 0.0021241898562895782 -8.0968392577195106e-26)
(-0.0020865760493611191 0.002115161984437979 -4.0032178086781117e-26)
(-0.0020063479967239741 0.0021049654512583131 0)
(-0.0019275172570406721 0.0020937279068803877 0)
(-0.0018500487870190302 0.0020815679984963974 0)
(-0.0017739044846148662 0.0020685958190146637 0)
(-0.0016990438367336283 0.002054913361948507 0)
(-0.0016254244797606419 0.0020406149750122468 0)
(-0.0015530026829876497 0.0020257878065961547 0)
(-0.0014817337639499691 0.0020105122406986302 0)
(-0.0014115724437626439 0.0019948623170494375 0)
(-0.0013424731497133 0.0019789061340998591 0)
(-0.0012743902716171802 0.0019627062333174845 0)
(-0.0012072783777559465 0.0019463199638338853 0)
(-0.0011410923955969998 0.0019297998269765587 0)
(-0.0010757877619212636 0.0019131938005952844 0)
(-0.0010113205464709753 0.0018965456433847577 0)
(-0.00094764755275999427 0.0018798951796259189 0)
(-0.00088472639926763486 0.0018632785649310563 0)
(-0.00082251558385711934 0.0018467285336933074 0)
(-0.00076097453392030931 0.0018302746290196335 0)
(-0.00070006364444713174 0.0018139434159750712 -4.008107847193898e-26)
(-0.00063974430594914344 0.0017977586789909674 -3.9453096155108426e-26)
(-0.0005799789239276104 0.0017817416042968913 0)
(-0.00052073093136572083 0.0017659109482292962 0)
(-0.00046196479553853553 0.0017502831922525748 0)
(-0.00040364602027055706 0.0017348726855038452 1.8508514113119037e-26)
(-0.00034574114462714088 0.0017196917756429433 1.8213667927318779e-26)
(-0.00028821773890040436 0.0017047509287556246 0)
(-0.00023104439863994806 0.0016900588390227707 0)
(-0.00017419073738247069 0.0016756225288325417 0)
(-0.00011762737865069002 0.0016614474399762904 0)
(-6.1325947718601662e-05 0.0016475375165322847 0)
(-5.2590635774457541e-06 0.0016338952800031403 0)
(5.0599668514299258e-05 0.0016205218972818868 0)
(0.0001062756635615629 0.0016074172418693239 0)
(0.00016179336224762976 0.001594579948903605 0)
(0.00021717623476668791 0.0015820074644642271 0)
(0.00027244678306809715 0.0015696960894826537 0)
)
;
    }
    procBoundary9to11
    {
        type            processor;
        value           nonuniform List<vector> 
41
(
(-0.00054167885463551879 2.2841638459729852e-06 0)
(-0.0014317002330737775 2.7359439316885083e-05 0)
(-0.0021584552641145003 7.2222877631151537e-05 0)
(-0.0027471093556543677 0.00013354143222348822 0)
(-0.0032191361744136711 0.00020725931482311899 0)
(-0.0035928507534697292 0.00029050828509365358 0)
(-0.0038838717038531118 0.00038092233753020817 0)
(-0.0041055127305107218 0.00047643063760706119 0)
(-0.0042691079122749191 0.00057522566416167288 0)
(-0.0043842865874294751 0.00067573682650993051 0)
(-0.0044592097451308299 0.00077660295185860652 0)
(-0.0045007751725622738 0.00087665122129967053 0)
(-0.0045147962984116302 0.00097488110271836423 0)
(-0.0045061584214284873 0.0010704508367131748 0)
(-0.0044789551876578829 0.0011626651247066135 0)
(-0.0044366076193066272 0.0012509633001174375 0)
(-0.0043819676178300706 0.001334907599014092 0)
(-0.00431740760005251 0.0014141713870369176 0)
(-0.00424489773779777 0.0014885273678802112 0)
(-0.004166072132907885 0.0015578358993253358 0)
(-0.0040822851533113642 0.0016220335895289438 0)
(-0.0039946590694129019 0.0016811223541254837 0)
(-0.0039041240542279131 0.001735159096757945 0)
(-0.0038114515387424244 0.0017842461426517103 0)
(-0.0037172818415896359 0.001828522515230264 0)
(-0.0036221469169728316 0.00186815610569986 0)
(-0.0035264889862295055 0.0019033367490711723 0)
(-0.003430675737252946 0.0019342701895571112 0)
(-0.003335012693796365 0.0019611728946412402 0)
(-0.0032397532755769056 0.001984267660330045 0)
(-0.0031451069922419097 0.0020037799395399803 0)
(-0.0030512461415984952 0.0020199348202438587 0)
(-0.0029583113165500626 0.0020329545788081611 0)
(-0.0028664159669044387 0.0020430567358201731 0)
(-0.0028664159669044387 0.0020430567358201731 0)
(-0.0027811929323994793 0.0021418675893450151 0)
(-0.0026891971269663939 0.0021454311283783567 0)
(-0.0025986517061315374 0.0021466496992118577 0)
(-0.0025095845031196198 0.0021457232864978376 0)
(-0.0024220101804125265 0.0021428410782031982 0)
(-0.002335932173996606 0.0021381814315094504 0)
)
;
    }
}


// ************************************************************************* //
