/*--------------------------------*- C++ -*----------------------------------*\
  =========                 |
  \\      /  F ield         | OpenFOAM: The Open Source CFD Toolbox
   \\    /   O peration     | Website:  https://openfoam.org
    \\  /    A nd           | Version:  13
     \\/     M anipulation  |
\*---------------------------------------------------------------------------*/
FoamFile
{
    format      ascii;
    class       surfaceScalarField;
    location    "1.4855724052851444";
    object      phi_0;
}
// * * * * * * * * * * * * * * * * * * * * * * * * * * * * * * * * * * * * * //

dimensions      [1 0 -1 0 0 0 0];

internalField   nonuniform List<scalar> 
4156
(
-1.5210645886447021e-10
-9.390617868870658e-10
-1.4486133792817091e-10
-9.0472531550065857e-10
-1.3767784867440695e-10
-8.7025540055216625e-10
-1.3055755166974064e-10
-8.3566392610618832e-10
-1.2350149140381606e-10
-8.0096200461349038e-10
-1.1651022126579617e-10
-7.6616002748868865e-10
-1.0958382842768019e-10
-7.3126770304409433e-10
-1.0272195867076689e-10
-6.9629408705845796e-10
-9.5923841141554259e-11
-6.6124760933767035e-10
-8.918831300518387e-11
-6.2613609837563893e-10
-8.2513843931507045e-11
-5.9096680543156516e-10
-7.5898560362401876e-11
-5.5574642876657226e-10
-6.9340269500873251e-11
-5.2048113848873084e-10
-4.8517660224103476e-10
-1.1777434789815212e-10
-9.46511807773733e-10
-1.1039614303011421e-10
-9.1210352008281489e-10
-1.0309118402335268e-10
-8.7756035938101162e-10
-9.5860366915971043e-11
-8.4289474310395223e-10
-8.8704082003897771e-11
-8.0811828945877358e-10
-8.1622241096952708e-11
-7.7324186835547237e-10
-7.4614304543997893e-11
-7.3827563957327549e-10
-6.7679308068323911e-11
-7.0322908352035082e-10
-6.0815889388127711e-11
-6.6811102801011428e-10
-5.4022314619636443e-11
-6.3292967313997014e-10
-4.7296504371932889e-11
-5.9769261567722124e-10
-4.063605950083441e-11
-5.6240687363681924e-10
-3.4038286489694036e-11
-5.2707891149968446e-10
-4.9171466642672479e-10
-8.3370647075856117e-11
-9.541091753883256e-10
-7.5857933394920994e-11
-9.1961623347006861e-10
-6.8430606530960841e-11
-8.8498768606206184e-10
-6.108887278623538e-11
-8.5023647673588139e-10
-5.3832442567236673e-11
-8.1537471960897072e-10
-4.6660560086856663e-11
-7.804137507944117e-10
-3.9572032698946514e-11
-7.4536416693659964e-10
-3.2565259872217017e-11
-7.1023585633277983e-10
-2.5638261767334773e-11
-6.7503802610689905e-10
-1.8788707540123514e-11
-6.3977922736278589e-10
-1.2013943115258289e-11
-6.0446738009985558e-10
-5.3110184963898111e-12
-5.6910979825470438e-10
1.3232854992588267e-12
-5.3371321549504284e-10
-4.9828381181211354e-10
-4.8882514880124282e-11
-9.6185516522188675e-10
-4.1234563559500339e-11
-9.2726418448897453e-10
-3.36846594793189e-11
-8.9253758995416842e-10
-2.623229143054221e-11
-8.5768884466857063e-10
-1.8876461831769881e-11
-8.2273054913684683e-10
-1.1615719033894073e-11
-7.876744935495146e-10
-4.4481890578960267e-12
-7.5253169688716448e-10
2.6283931378312487e-12
-7.173124385136559e-10
9.616652801545485e-12
-6.8202628576215705e-10
1.6519545374297777e-11
-6.4668211993088918e-10
2.3340326836410311e-11
-6.1128816155954486e-10
3.0082524760244179e-11
-5.7585199617739009e-10
3.6749910026715099e-11
-5.4038060076108757e-10
-5.0488037111952455e-10
-1.4296563436915827e-11
-9.6975032567031076e-10
-6.5133688869368818e-12
-9.3504737872895459e-10
1.1586053949647079e-12
-9.0020956404267551e-10
8.7206185332489593e-12
-8.6525085768736481e-10
1.6174406814313225e-11
-8.3018433734484724e-10
2.3522148498496767e-11
-7.9502223518954496e-10
3.0766429416799936e-11
-7.5977597777914415e-10
3.7910209302732814e-11
-7.2445621838415728e-10
4.4956788875358073e-11
-6.8907286532592428e-10
5.1909777546512627e-11
-6.536351085971156e-10
5.8773062001556732e-11
-6.1815144601196284e-10
6.5550775562201547e-11
-5.826297097367345e-10
7.2247268397613141e-11
-5.4707709359592804e-10
-5.1150018133883558e-10
2.0401137786331473e-11
-9.7779444868528592e-10
2.8318828033609254e-11
-9.4296506865767432e-10
3.6111618561276602e-11
-9.0800235437143963e-10
4.3781550005084388e-11
-8.7292078900815184e-10
5.1331130795984431e-11
-8.3773391806043057e-10
5.8763299066423247e-11
-8.0245440341438279e-10
6.6081385499781787e-11
-7.6709406418525181e-10
7.3289077097902865e-11
-7.3166390996623023e-10
8.0390381882272509e-11
-6.9617417010102341e-10
8.738959451578036e-11
-6.6063432122539625e-10
9.4291262915126891e-11
-6.2505311440844731e-10
1.0110015587024392e-10
-5.8943860269036395e-10
1.0782123169614015e-10
-5.5379816942110562e-10
-5.1813855758059838e-10
5.5225058581217368e-11
-9.8598653697844996e-10
6.3275710533480306e-11
-9.5101572028254075e-10
7.118728324861516e-11
-9.1591392688197807e-10
7.8962635355057087e-11
-8.8069614098792418e-10
8.6605083840469072e-11
-8.4537636646818238e-10
9.4118362759105514e-11
-8.0996768228591864e-10
1.0150658315228827e-10
-7.744822845502028e-10
1.0877419412763787e-10
-7.3893152092488057e-10
1.1592594509393533e-10
-7.0332592105760543e-10
1.2296684916074148e-10
-6.6767522528665483e-10
1.2990214773928923e-10
-6.3198841298389871e-10
1.3673727636423315e-10
-5.9627373131361608e-10
1.43477831753982e-10
-5.60538724809956e-10
-5.2479026594433901e-10
9.0190205469135003e-11
-9.9432476791911559e-10
9.837146236501076e-11
-9.5919697684187544e-10
1.0639896647184936e-10
-9.2394143077832627e-10
1.1427643435847038e-10
-8.8857360874407339e-10
1.2200803109390129e-10
-8.5310796312350686e-10
1.2959832559079574e-10
-8.1755797673412862e-10
1.3705224743184752e-10
-7.8193620636199614e-10
1.4437504512270273e-10
-7.4625431859835361e-10
1.5157224575624641e-10
-7.1052312168096385e-10
1.5864961609848883e-10
-6.7475259562300457e-10
1.6561312511627101e-10
-6.3895192199831897e-10
1.7246890796013614e-10
-6.0312951415557347e-10
1.792232314101644e-10
-5.6729304825889364e-10
-5.3144949531468627e-10
1.2531211917449302e-10
-1.0028064535373813e-09
1.3362076140278013e-10
-9.6750561872416575e-10
1.4176048956771685e-10
-9.3208115872665383e-10
1.4973592167568722e-10
-8.9654904071764208e-10
1.5755211372180464e-10
-8.609241550869872e-10
1.6521451147635883e-10
-8.2522037443836017e-10
1.7272890405595579e-10
-7.894505989112448e-10
1.8010137921559235e-10
-7.5362679373988671e-10
1.8733828033917459e-10
-7.1776002279385597e-10
1.944461651310317e-10
-6.8186048040859479e-10
2.014317660154601e-10
-6.4593752287910165e-10
2.0830195224813581e-10
-6.0999970038610844e-10
2.1506369373455811e-10
-5.7405478974401679e-10
-5.3810982811845515e-10
1.6060687226598797e-10
-1.0114279965189443e-09
1.6903877353586316e-10
-9.7593751963824554e-10
1.7728611847192542e-10
-9.4032850343975813e-10
1.8535447380049822e-10
-9.0461739590770168e-10
1.9324983279349256e-10
-8.6881951399469061e-10
2.0097856330190776e-10
-8.3294910489473904e-10
2.0854735790982098e-10
-7.9701939348768678e-10
2.159631861365718e-10
-7.6104262194776806e-10
2.2323324865523448e-10
-7.2503008530129422e-10
2.30364933517818e-10
-6.889921652645231e-10
2.3736577438195239e-10
-6.5293836373927426e-10
2.4424341072922471e-10
-6.16877336730979e-10
2.510055500556517e-10
-5.8081692906892068e-10
-5.4476421006472836e-10
1.9609106663396376e-10
-1.0201848418778627e-09
2.0464114608160758e-10
-9.8448759871992212e-10
2.1299055335106425e-10
-9.486779104796697e-10
2.2114585518466448e-10
-9.1277269759853935e-10
2.2911403218132083e-10
-8.7678769090330106e-10
2.3690242287901107e-10
-8.4073749553858871e-10
2.4451867033328484e-10
-8.0463564090929467e-10
2.5197067110536869e-10
-7.6849462270017623e-10
2.5926652661802804e-10
-7.3232594080215065e-10
2.6641449685390653e-10
-6.9614013549331668e-10
2.7342295637642642e-10
-6.5994682325750134e-10
2.8030035264698485e-10
-6.2375473299885648e-10
2.8705516660163411e-10
-5.8757174302180417e-10
-5.5140491889926691e-10
2.3178183055013902e-10
-1.0290714240061788e-09
2.4044400052251829e-10
-9.9314976831577904e-10
2.4888891732584978e-10
-9.5712282704660011e-10
2.5712420326101345e-10
-9.2100798338649098e-10
2.651578801972557e-10
-8.8482136774861305e-10
2.7299830950770729e-10
-8.4857792479331232e-10
2.8065413491655746e-10
-8.1229146628423223e-10
2.8813422815804713e-10
-7.7597471592112742e-10
2.95447637388935e-10
-7.3963935002062786e-10
3.0260353831271773e-10
-7.0329603640956608e-10
3.0961118797678478e-10
-6.6695447291692082e-10
3.1647988119669844e-10
-6.3062342621579451e-10
3.2321890955025451e-10
-5.9431077137332744e-10
-5.5802353221784215e-10
2.6769681501403306e-10
-1.0380811087903087e-09
2.7646392425778185e-10
-1.0019168771720322e-09
2.8499674397558833e-10
-9.6565564652086471e-10
2.9330401205163972e-10
-9.2931525131069703e-10
3.0139484965655841e-10
-8.9291220525958972e-10
3.0927869684151629e-10
-8.564617719205624e-10
3.1696525150595404e-10
-8.1997802091343163e-10
3.2446441162193702e-10
-7.8347387601567034e-10
3.3178622063671128e-10
-7.4696115902234631e-10
3.3894081599131608e-10
-7.1045063175615705e-10
3.4593838069396211e-10
-6.7395203761453377e-10
3.5278909787909712e-10
-6.37474143397627e-10
3.5950310827051738e-10
-6.0102478176243708e-10
-5.6461089439868926e-10
3.0385418904966956e-10
-1.0472061304677591e-09
3.1271796102435353e-10
-1.010780648747804e-09
3.2132996327464121e-10
-9.7426764852018284e-10
3.2970011401379004e-10
-9.3768540189316525e-10
3.3783869602370593e-10
-9.0105078717241554e-10
3.4575628771813498e-10
-8.6437936355521349e-10
3.5346369809298429e-10
-8.2768543125165431e-10
3.6097190542399665e-10
-7.9098208332428425e-10
3.6829199960998883e-10
-7.5428125319460212e-10
3.7543512807402117e-10
-7.1759376021164843e-10
3.8241244513439442e-10
-6.8092935466945177e-10
3.8923506474929891e-10
-6.4429676300887773e-10
3.9591401652466662e-10
-6.0770373353518884e-10
-5.7115708273336161e-10
3.402726335724561e-10
-1.056437522884403e-09
3.4922359959868125e-10
-1.0197316143632171e-09
3.5790488556987282e-10
-9.8294893423264596e-10
3.6632765973365444e-10
-9.4610817589522448e-10
3.7450343325795944e-10
-9.0922656059632417e-10
3.8244398658261545e-10
-8.7231991681790566e-10
3.9016130022727224e-10
-8.3540274485822192e-10
3.9766748988880797e-10
-7.9848827296240948e-10
4.0497474569635666e-10
-7.6158850898767758e-10
4.1209527550710323e-10
-7.2471429001330019e-10
4.1904125212237176e-10
-6.8787533127882132e-10
4.2582476429502422e-10
-6.5108027517750756e-10
4.3245777138598291e-10
-6.1433674062319842e-10
-5.7765137285642812e-10
3.7697133339415824e-10
-1.0657650447994067e-09
3.859987603414608e-10
-1.0287590408872942e-09
3.9473818316082476e-10
-9.9168835678518411e-10
4.032020950348307e-10
-9.5457208760221718e-10
4.1140330693479891e-10
-9.1742777239244342e-10
4.1935486909248592e-10
-8.8027147891134602e-10
4.2706999755923016e-10
-8.4311787328533702e-10
4.3456200565106992e-10
-8.0598028102976971e-10
4.4184424011383573e-10
-7.6887074343519251e-10
4.4893002185331544e-10
-7.3180007174310137e-10
4.5583259107413215e-10
-6.9477790049326745e-10
4.6256505665975427e-10
-6.5781274075870022e-10
4.6914034961243487e-10
-6.2091203357256745e-10
-5.8408220359929641e-10
4.139699668788274e-10
-1.0751770988731562e-09
4.2306177909338027e-10
-1.0378508526656513e-09
4.318468689927665e-10
-1.0004734464092642e-09
4.4033913501986384e-10
-9.6306435345677074e-10
4.4855276417412352e-10
-9.2564140143921522e-10
4.5650214845336875e-10
-8.8822086312393771e-10
4.6420180708083196e-10
-8.5081753187153752e-10
4.7166631427478202e-10
-8.1344478819810964e-10
4.789102323524314e-10
-7.7611466149676801e-10
4.8594804996947214e-10
-7.3883788934982602e-10
4.9279412529503835e-10
-7.0162397581195462e-10
4.9946263390995463e-10
-6.6448124936875702e-10
5.0596752120305322e-10
-6.2741692086197247e-10
-5.9043714142024632e-10
4.5128869269610128e-10
-1.0846606439643566e-09
4.6043138786722359e-10
-1.0469935473870171e-09
4.6924827191431778e-10
-1.0092903301721867e-09
4.7775473450857803e-10
-9.7157081587268712e-10
4.8596641985710838e-10
-9.3385308667644842e-10
4.9389913798830731e-10
-8.9615358118595012e-10
5.0156878259400893e-10
-8.5848717643425759e-10
5.0899125513511708e-10
-8.2086726071240783e-10
5.1618239495124121e-10
-7.8330580129593793e-10
5.2315791512496972e-10
-7.458134095125732e-10
5.2993334384815974e-10
-7.0839940452772639e-10
5.365239710268274e-10
-6.7107187654210591e-10
5.4294479984895462e-10
-6.3383774968000638e-10
-5.967028445943505e-10
4.8894813304732986e-10
-1.0942011003557381e-09
4.981266917146064e-10
-1.0561721055903326e-09
5.0696000788780011e-10
-1.018123646051907e-09
5.1546505427880849e-10
-9.8007586207926442e-10
5.2365901855927141e-10
-9.4204705084161115e-10
5.315592093958319e-10
-9.0405377195066522e-10
5.3918296989191861e-10
-8.661109368855565e-10
5.4654759808324633e-10
-8.2823188887564533e-10
5.5367027416649404e-10
-7.9042847736130468e-10
5.6056799415129545e-10
-7.527111294856729e-10
5.6725750962191056e-10
-7.1508891999034257e-10
5.7375527328629501e-10
-6.7756964020067714e-10
5.8007738997830727e-10
-6.4015986636748135e-10
-6.0286502738089781e-10
5.2696935265722082e-10
-1.10378224752569e-09
5.3616714106721891e-10
-1.0653698935214641e-09
5.4499994646939334e-10
-1.0269564511508426e-09
5.5348642244956169e-10
-9.8856233786859671e-10
5.6164539157012566e-10
-9.5020601984265559e-10
5.6949574610117604e-10
-9.1190412640704497e-10
5.7705635709442903e-10
-8.7367154783210315e-10
5.8434599137398275e-10
-8.3552152312575834e-10
5.9138323605186056e-10
-7.9746572202031378e-10
5.9818643018679103e-10
-7.595143236081331e-10
6.0477360320227835e-10
-7.2167609299721201e-10
6.1116241967337627e-10
-6.8395845666543648e-10
6.1737013008151427e-10
-6.4636757677061088e-10
-6.0890842442461785e-10
5.6537383273317492e-10
-1.1133861140867487e-09
5.7457249876957079e-10
-1.0745685590633465e-09
5.8338617179806906e-10
-1.0357701238658424e-09
5.9183529027715886e-10
-9.9701145615011277e-10
5.9994040830557662e-10
-9.5831113774710689e-10
6.0772209104802424e-10
-9.1968580907184752e-10
6.1520081953102296e-10
-8.8115027626635653e-10
6.2239690429712034e-10
-8.427176078609869e-10
6.2933040743955951e-10
-8.0439922514283651e-10
6.3602107255271737e-10
-7.6620498870801771e-10
6.4248826213325561e-10
-7.281432825684699e-10
6.4875090196211184e-10
-6.9022109648738876e-10
6.5482743199225792e-10
-6.5244410679526654e-10
-6.148167556901211e-10
6.0418343899112844e-10
-1.1229928595209605e-09
6.133628009233477e-10
-1.083747920484582e-09
6.2213693724675673e-10
-1.0445442598649391e-09
6.3052818155686315e-10
-1.005402700255548e-09
6.3855892135290173e-10
-9.663418774144769e-10
6.4625148822127872e-10
-9.2737837585944454e-10
6.5362805851440356e-10
-8.8852684650859312e-10
6.6071056391041435e-10
-8.4980011322461367e-10
6.6752061127622358e-10
-8.112092724876092e-10
6.7407941127059912e-10
-7.7276378868825167e-10
6.8040771513008117e-10
-7.3447158641796694e-10
6.8652575907725567e-10
-6.9633914042706362e-10
6.924532157914835e-10
-6.5837156350346154e-10
-6.2057269227580521e-10
6.4342038273353877e-10
-1.1325806473636778e-09
6.5255831056181279e-10
-1.0928858477845252e-09
6.6127061279548238e-10
-1.0532565617629042e-09
6.695816347411962e-10
-1.013713721989094e-09
6.7751570431529892e-10
-9.7427594685496503e-10
6.8509701712888195e-10
-9.3495968858891829e-10
6.9234953329626218e-10
-8.9577936262280808e-10
6.9929688523106963e-10
-8.5674746512542596e-10
7.0596229573526347e-10
-8.1787468296957101e-10
7.1236850570550788e-10
-7.7916999864343859e-10
7.1853771079127251e-10
-7.4064079149299384e-10
7.244915063430568e-10
-7.0229293597069976e-10
7.3025083999464179e-10
-6.6413089714846042e-10
-6.2615782350641277e-10
6.8310717383699239e-10
-1.1421255095157049e-09
6.9217946305597251e-10
-1.1019581364568672e-09
7.0080562408453402e-10
-1.0618827224437301e-09
7.0901213679559095e-10
-1.0219202344800765e-09
7.1682538154626556e-10
-9.8208919146677318e-10
7.2427151940614716e-10
-9.4240582636117674e-10
7.3137638544462564e-10
-9.028842286057143e-10
7.3816539419932578e-10
-8.6353647384441474e-10
7.4466345649311361e-10
-8.2437274523987301e-10
7.5089490679551599e-10
-7.8540144892979873e-10
7.5688344033912595e-10
-7.4662932502507446e-10
7.626520592144357e-10
-7.0806155483719734e-10
7.6822302668001074e-10
-6.6970186460683982e-10
-6.3155262576072096e-10
7.2326656436700782e-10
-1.1516012014115479e-09
7.3224680202965725e-10
-1.1109383735535192e-09
7.4076038199440088e-10
-1.0703963020480082e-09
7.488360477178987e-10
-1.029995899975115e-09
7.5650234878470474e-10
-9.8975549238916424e-10
7.637875166397102e-10
-9.4969099412482124e-10
7.7071935482671437e-10
-9.0981606673457729e-10
7.7732514268690256e-10
-8.7014226166707354e-10
7.8363155152767819e-10
-8.3067915405581617e-10
7.896645723072758e-10
-7.9143446969232757e-10
7.9544945390649466e-10
-7.5241420661191436e-10
8.010106510818169e-10
-7.1362275200298271e-10
8.0637178121688075e-10
-6.7506299473407596e-10
-6.3673643355307319e-10
7.6392148138194559e-10
-1.1609790478327704e-09
7.7278090442345831e-10
-1.1197977960085338e-09
7.8115320148221555e-10
-1.0787685987328281e-09
7.8906951454683123e-10
-1.0379122128023859e-09
7.9656068361618747e-10
-9.9724666130821515e-10
8.0365711844103471e-10
-9.5678742885436425e-10
8.1038868633048544e-10
-9.1654763456316955e-10
8.1678461478293967e-10
-8.7653819008008127e-10
8.228734077688944e-10
-8.367679470155105e-10
8.2868277454013094e-10
-7.9724383644537865e-10
8.3423956987959409e-10
-7.5797100193809961e-10
8.3956974474048835e-10
-7.1895292685357287e-10
8.4469830625992613e-10
-6.8019155624502098e-10
-6.4168741345699925e-10
8.0509494731743113e-10
-1.1702277792415451e-09
8.1380229319885031e-10
-1.1285051412817219e-09
8.2200220827598394e-10
-1.0869685134217155e-09
8.2972837357856713e-10
-1.0456383778581969e-09
8.3701404460113776e-10
-1.0045323321742259e-09
8.4389191972974907e-10
-9.6366530388345415e-10
8.503940264048929e-10
-9.230497411745576e-10
8.5655162355361691e-10
-8.8269578718730025e-10
8.623951189074975e-10
-8.4261144234161416e-10
8.6795399988944454e-10
-8.0280271740796914e-10
8.7325677680408748e-10
-7.6327377883851318e-10
8.7833093712058372e-10
-7.2402708715895667e-10
8.8320290968684622e-10
-6.8506352880207302e-10
-6.4638254153179502e-10
8.4680998615676507e-10
-1.1793133586207115e-09
8.5533133601408593e-10
-1.1370264905077086e-09
8.6332523189479037e-10
-1.094962408898966e-09
8.7082803940143074e-10
-1.053141185108045e-09
8.778755578218571e-10
-1.0115798504314397e-09
8.8450288612174389e-10
-9.7029263207935308e-10
8.9074430845152527e-10
-9.2929116343751168e-10
8.966331974397535e-10
-8.8858467613183877e-10
9.0220193365155962e-10
-8.4818017852403479e-10
9.0748183967397429e-10
-8.0808262340977492e-10
9.1250312736687099e-10
-7.6829506651617105e-10
9.1729485688887712e-10
-7.2881881666899598e-10
9.218849061790724e-10
-6.896535780823014e-10
-6.5079758499249247e-10
8.8908951338911755e-10
-1.1881987989504339e-09
8.9738812803244398e-10
-1.1453251044951006e-09
9.0513968332153988e-10
-1.1027139637684186e-09
9.1238337924414125e-10
-1.0603848807631858e-09
9.1915768951480646e-10
-1.0183541605318164e-09
9.2550022625334637e-10
-9.7663516870913899e-10
9.3144762605586771e-10
-9.3523856316992978e-10
9.3703545543118405e-10
-8.9417250546114535e-10
9.4229813370875784e-10
-8.5344285677049573e-10
9.4726887163548756e-10
-8.1305336131456792e-10
9.5197962397924479e-10
-7.7300581884361204e-10
9.5646105455350679e-10
-7.3330024723038137e-10
9.6074251217190554e-10
-6.9393503568994317e-10
-6.5490708894740298e-10
9.3195620754078276e-10
-1.1968439716349207e-09
9.3999235684215999e-10
-1.1533612531143059e-09
9.4746241550893617e-10
-1.1101840219982863e-09
9.5440857102123145e-10
-1.067331035996636e-09
9.6087210336746991e-10
-1.0248176927002052e-09
9.6689324981075634e-10
-9.8265631503858841e-10
9.725110930115215e-10
-9.4085640629710317e-10
9.7776347013947412e-10
-8.9942488254060719e-10
9.8268690077309798e-10
-8.5836628737119605e-10
9.8731653153101878e-10
-8.1768299204914578e-10
9.916860955107621e-10
-7.7737538280589347e-10
9.9582788473654034e-10
-7.3744203644232046e-10
9.9977273394034548e-10
-6.9787988488215011e-10
-6.5868436911778228e-10
9.7543236082814198e-10
-1.2052054064211351e-09
9.8316314727681484e-10
-1.161092038852766e-09
9.9030956474924877e-10
-1.1173304390153608e-09
9.9691694334351545e-10
-1.0739384142998998e-09
1.0030295009807155e-09
-1.0309302501514935e-09
1.0086902099864837e-09
-9.88317023925096e-10
1.013940689061359e-09
-9.4610688529466431e-10
1.0188211178841055e-09
-9.0430531131223772e-10
1.0233701718039695e-09
-8.6291534125619089e-10
1.0276249742628484e-09
-8.219377944831926e-10
1.0316210647585943e-09
-7.8137147328298213e-10
1.0353923803220799e-09
-7.4121335199095032e-10
1.0389712486358786e-09
-7.0145875318346486e-10
-6.6210151154389996e-10
1.0195397062314726e-09
-1.2132360836368536e-09
1.0269188837250941e-09
-1.1684712156061387e-09
1.0336963707850951e-09
-1.1241079256002402e-09
1.0399207956530616e-09
-1.080162838863836e-09
1.0456394439217738e-09
-1.0366488982256539e-09
1.0508981290382782e-09
-9.9357570891654096e-10
1.0557410902656791e-09
-9.5094984644077569e-10
1.0602109149135497e-09
-9.0877513590617613e-10
1.0643484819107564e-09
-8.6705290821645576e-10
1.0681929240294327e-09
-8.2578223657545083e-10
1.0717816062854904e-09
-7.8496015551910951e-10
1.075150118243961e-09
-7.4458186393350142e-10
1.078332278151049e-09
-7.0464091307714422e-10
-6.6512938038122933e-10
1.0642992180244226e-09
-1.2208852199234793e-09
1.0712770073148253e-09
-1.1754490041240392e-09
1.0776369733883557e-09
-1.1304678911774486e-09
1.08343119653435e-09
-1.0859570616918445e-09
1.08871015572915e-09
-1.0419278572166647e-09
1.0935226055972106e-09
-9.9838815865334497e-10
1.0979154829038163e-09
-9.5534272366184653e-10
1.1019338389030095e-09
-9.1279349184843552e-10
1.105620794193731e-09
-8.7073986346805246e-10
1.1090175130326036e-09
-8.2917895538621665e-10
1.1121631943222066e-09
-7.8810583678743674e-10
1.1150950767464005e-09
-7.4751374634064767e-10
1.117848455761591e-09
-7.0739429207794962e-10
-6.6773763498492631e-10
1.1097308825097992e-09
-1.2280980490674111e-09
1.1162537851407892e-09
-1.1819719059478376e-09
1.1221441829789547e-09
-1.1363582884964924e-09
1.1274577581564099e-09
-1.0912706365363152e-09
1.1322483021749957e-09
-1.0467184010215275e-09
1.1365676023526723e-09
-1.0027074586931152e-09
1.1404653598276111e-09
-9.5924048104668928e-10
1.143989134905797e-09
-9.163172668664977e-10
1.1471843159459117e-09
-8.7393504446669922e-10
1.1500941083428795e-09
-8.3208874775329637e-10
1.1527595405051926e-09
-7.9077126892705123e-10
1.1552194840313967e-09
-7.4997368984862382e-10
1.1575106855790567e-09
-7.0968549361020717e-10
-6.6989475757998557e-10
1.1558534354186775e-09
-1.2348156000475231e-09
1.1618640484915386e-09
-1.187982518176094e-09
1.1672292227100759e-09
-1.1417234621713458e-09
1.1720083847075128e-09
-1.0960497981846189e-09
1.1762587480486739e-09
-1.050968764138299e-09
1.1800352127396813e-09
-1.0064839232390678e-09
1.1833902982138245e-09
-9.6259556642587239e-10
1.1863741049880076e-09
-9.1930107357713649e-10
1.1890343006901359e-09
-8.7659524012487795e-10
1.1914161266065763e-09
-8.3447057363796119e-10
1.1935624213096511e-09
-7.9291756360591973e-10
1.1955136582998042e-09
-7.5192492681931566e-10
1.1973079949408842e-09
-7.114798302348258e-10
-6.715680929100379e-10
1.2026840621085352e-09
-1.2409744750362442e-09
1.2081208967980296e-09
-1.1934193519805469e-09
1.2129014392902253e-09
-1.1465040040933282e-09
1.2170889925968113e-09
-1.1002373511246524e-09
1.220744288687583e-09
-1.054624059993172e-09
1.2239254052570092e-09
-1.0096650396557642e-09
1.2266877176971726e-09
-9.6535787876585969e-10
1.2290838808342505e-09
-9.2169723664701878e-10
1.2311638356004911e-09
-8.7867519484452076e-10
1.2329748363633565e-09
-8.3628157436705299e-10
1.2345614951291467e-09
-7.9450422234592483e-10
1.2359658392852e-09
-7.5332927095459949e-10
1.2372273799551116e-09
-7.1274137088715127e-10
-6.7272390135036918e-10
1.2502380563533836e-09
-1.2465066308314674e-09
1.2550353637879961e-09
-1.1982166584863034e-09
1.2591679796590448e-09
-1.1506366193654465e-09
1.2627032001093328e-09
-1.1037725711895542e-09
1.2657053544512331e-09
-1.0576262140867727e-09
1.2682357440581698e-09
-1.0121954291017096e-09
1.2703526179121919e-09
-9.674747525140997e-10
1.272111178680053e-09
-9.2345579734377958e-10
1.2735636139386931e-09
-8.8012763005373885e-10
1.2747591478337854e-09
-8.3747710822624842e-10
1.275744109045991e-09
-7.9548918353068321e-10
1.2765620114722999e-09
-7.5414717335876598e-10
1.2772536445055217e-09
-7.1343300390162226e-10
1.2778571702256085e-09
-6.7332742705398417e-10
1.2784082251997469e-09
-6.3381021327389898e-10
1.2789400249317704e-09
-5.9486032235026541e-10
1.2794834693075458e-09
-5.5645605389489876e-10
1.2800672476516843e-09
-5.1857517926554583e-10
1.2807179422481438e-09
-4.8119505652798762e-10
1.2814601293860132e-09
-4.4429272997043608e-10
1.2823164771689506e-09
-4.0784501559091722e-10
1.2833078394841498e-09
-3.7182857388635703e-10
1.2844533456573368e-09
-3.362199711819567e-10
1.2857704854331943e-09
-3.0099573064842833e-10
1.287275189015439e-09
-2.6613237406900752e-10
1.2889819019788925e-09
-2.3160645533281841e-10
1.2909036549305725e-09
-1.9739458655054407e-10
1.2930521278503813e-09
-1.6347345761412864e-10
1.2954377090826395e-09
-1.2981984994813012e-10
1.2980695489835308e-09
-9.6410645135744252e-11
1.3009556082456547e-09
-6.3222829032185081e-11
1.3041027009509642e-09
-3.023349193956499e-11
1.3075165323733219e-09
2.5801745971192237e-12
1.3112017322710972e-09
3.5240883182028485e-11
6.7771261449557218e-11
1.2985284331314921e-09
-1.2513391680703011e-09
1.3026160420555231e-09
-1.2023042664338811e-09
1.3060334304533798e-09
-1.1540540071332079e-09
1.3088519840996331e-09
-1.1065911244300218e-09
1.3111396862884391e-09
-1.059913916013858e-09
1.312961084454051e-09
-1.0140168270974155e-09
1.3143772944977651e-09
-9.6889096244599095e-10
1.3154460359756621e-09
-9.2452453874639526e-10
1.316221692200284e-09
-8.8090328622593779e-10
1.3167553901031313e-09
-8.3801080609096815e-10
1.3170950954038977e-09
-7.9582888880225328e-10
1.3172857192543096e-09
-7.5433779718561436e-10
1.3173692330790695e-09
-7.1351651770642724e-10
1.3173847888228325e-09
-6.7334298278017814e-10
1.3173688422495334e-09
-6.3379426668470109e-10
1.3173552773211365e-09
-5.9484675740719504e-10
1.3173755300184372e-09
-5.5647630657847744e-10
1.3174587102602444e-09
-5.1865835949443288e-10
1.3176317208322677e-09
-4.813680670877951e-10
1.3179193724538371e-09
-4.445803815804464e-10
1.3183444943008848e-09
-4.0827013742702718e-10
1.3189280394622421e-09
-3.7241211903737042e-10
1.3196891849389154e-09
-3.3698111664887186e-10
1.3206454259111489e-09
-3.0195197161147906e-10
1.3218126640884443e-09
-2.6729961223768353e-10
1.3232052900341861e-09
-2.3299908127049556e-10
1.3248362594177482e-09
-1.9902555592659e-10
1.3267171631948837e-09
-1.653543613842962e-10
1.3288582917540964e-09
-1.3196097850091218e-10
1.3312686930978125e-09
-9.882104647355366e-11
1.3339562251449825e-09
-6.5910361073971444e-11
1.3369276021422414e-09
-3.3204868931957892e-11
1.340188434871804e-09
-6.8065812808212947e-13
1.3437432689334937e-09
3.1686049124187465e-11
6.3918920440208314e-11
1.3475654903655655e-09
-1.2553941336097684e-09
1.3508686619341045e-09
-1.2056074369741046e-09
1.3534994169811384e-09
-1.1566847615162608e-09
1.3555333011660945e-09
-1.1086250081870375e-09
1.3570419804694155e-09
-1.061422595040922e-09
1.3580932419325766e-09
-1.0150680883810455e-09
1.3587510326177945e-09
-9.6954875301290968e-10
1.3590755292010672e-09
-9.2484903524991598e-10
1.3591232316851897e-09
-8.8095098865444723e-10
1.3589470756547944e-09
-8.378346500200637e-10
1.358596558318437e-09
-7.9547837143485934e-10
1.3581178743013695e-09
-7.5385911314350345e-10
1.3575540577842822e-09
-7.129527011681477e-10
1.3569451281380013e-09
-6.7273405311526296e-10
1.3563282366873464e-09
-6.331773752172025e-10
1.3557378126576311e-09
-5.9425633336194228e-10
1.3552057067226523e-09
-5.5594420062900679e-10
1.3547613308870998e-09
-5.1821398364524678e-10
1.354431793703928e-09
-4.810385298917511e-10
1.3542420300573764e-09
-4.4439061792173608e-10
1.3542149249336541e-09
-4.0824303229181109e-10
1.3543714307623455e-09
-3.7256862485520872e-10
1.3547306780471635e-09
-3.3734036392347015e-10
1.355310079111064e-09
-3.0253137266576932e-10
1.3561254248718037e-09
-2.6811495798941457e-10
1.357190974632712e-09
-2.3406463102298446e-10
1.3585195389303893e-09
-2.0035412021643174e-10
1.3601225555210371e-09
-1.6695737796767852e-10
1.3620101586208563e-09
-1.3384858159401994e-10
1.3641912415348638e-09
-1.0100212938141155e-10
1.3666735128629208e-09
-6.8392632396432787e-11
1.3694635467729832e-09
-3.5994902836955195e-11
1.3725668218063336e-09
-3.7839331569080674e-12
1.3759877730779204e-09
2.8265097856594173e-11
6.0176889618202853e-11
1.397356314014081e-09
-1.2585883426664495e-09
1.399795620146181e-09
-1.2080467420212613e-09
1.4015641581183151e-09
-1.1584532987874623e-09
1.4027416705344131e-09
-1.1098025201510881e-09
1.4034035003983791e-09
-1.062084424612851e-09
1.4036206331878803e-09
-1.0152852209805915e-09
1.403459776963894e-09
-9.6938789666363199e-10
1.4029834721831236e-09
-9.2437273038457947e-10
1.4022502241499858e-09
-8.8021774056229406e-10
1.4013146521415136e-09
-8.368990779685685e-10
1.4002276501894867e-09
-7.943913694498556e-10
1.3990365553287299e-09
-7.5266801825615305e-10
1.3977853198344464e-09
-7.1170146565138172e-10
1.3965146845885441e-09
-6.7146341784962241e-10
1.3952623512486892e-09
-6.3192504185952553e-10
1.3940631513491301e-09
-5.930571334459771e-10
1.3929492108530627e-09
-5.548302601176482e-10
1.3919501090091863e-09
-5.172148817870187e-10
1.3910930306418647e-09
-4.8018145151090498e-10
1.3904029112400273e-09
-4.4370049850713166e-10
1.3899025744040967e-09
-4.0774269544383016e-10
1.3896128613672667e-09
-3.7227891180702789e-10
1.3895527524400218e-09
-3.3728025498553349e-10
1.3897394803273987e-09
-3.0271810054310697e-10
1.3901886353515546e-09
-2.6856411300416485e-10
1.3909142626749272e-09
-2.347902583375796e-10
1.3919289516649484e-09
-2.0136880919829019e-10
1.3932439175755369e-09
-1.6827234387070512e-10
1.3948690757419825e-09
-1.3547373975349228e-10
1.3968131084993155e-09
-1.0294616213235476e-10
1.3990835250021647e-09
-7.0663048893476935e-11
1.4016867138390639e-09
-3.8598091668607489e-11
1.4046279939717037e-09
-6.7252132848642799e-12
1.4079116413415997e-09
2.4981450490832972e-11
5.6547589787172425e-11
1.4479042201907939e-09
-1.2608332287126611e-09
1.4493954531373459e-09
-1.2095379738208602e-09
1.4502219730963511e-09
-1.1592798180051342e-09
1.4504677155183367e-09
-1.1100482620947301e-09
1.4502116531294761e-09
-1.0618283619147872e-09
1.449527887400831e-09
-1.0146014550506933e-09
1.4484857769836132e-09
-9.6834578611357082e-10
1.4471500940524216e-09
-9.2303704736366624e-10
1.4455812009838274e-09
-8.7864884743104565e-10
1.4438352410698396e-09
-8.3515311800890409e-10
1.4419643380551008e-09
-7.9252046640011793e-10
1.4400168002187731e-09
-7.5072048039161681e-10
1.4380373255187697e-09
-7.0972199092756237e-10
1.4360672049972536e-09
-6.6949329730723278e-10
1.4341445222220067e-09
-6.3000235906546072e-10
1.432304347028364e-09
-5.9121695823504065e-10
1.4305789222380507e-09
-5.5310483531124419e-10
1.4289978423730617e-09
-5.1563380190694432e-10
1.4275882236687342e-09
-4.7877183279239711e-10
1.4263748649253697e-09
-4.4248713975039935e-10
1.4253803989258189e-09
-4.0674822943167526e-10
1.4246254343018824e-09
-3.7152394717122779e-10
1.4241286878519386e-09
-3.3678350852443461e-10
1.4239071074072982e-09
-3.0249652008800142e-10
1.4239759854148326e-09
-2.6863299100191447e-10
1.4243490634572368e-09
-2.3516333637086162e-10
1.4250386279661434e-09
-2.0205837369870683e-10
1.4260555974081195e-09
-1.6928931330483071e-10
1.4274096012349908e-09
-1.3682774357313039e-10
1.4291090508917519e-09
-1.0464561178249154e-10
1.431161203173623e-09
-7.2715201169322111e-11
1.4335722162942594e-09
-4.1009104783819316e-11
1.4363471994559596e-09
-9.5001964417200269e-12
1.439490251929386e-09
2.1838398021679543e-11
5.3033338710858027e-11
1.4992081270144555e-09
-1.2620347307525834e-09
1.4996622491976659e-09
-1.2099920947890359e-09
1.4994627354728235e-09
-1.159080303494689e-09
1.4986976598419116e-09
-1.1092831859567356e-09
1.4974495276852352e-09
-1.0605802294301938e-09
1.4957954255288984e-09
-1.0129473526808246e-09
1.4938072056128777e-09
-9.6635756605656004e-10
1.4915516955261879e-09
-9.2078153718171752e-10
1.4890909249003907e-09
-8.7618807673872998e-10
1.4864823626088656e-09
-8.3254455566889074e-10
1.4837791591531298e-09
-7.8981726290726085e-10
1.4810303899580879e-09
-7.4797171116668875e-10
1.4782812961756682e-09
-7.069728971199581e-10
1.4755735203346155e-09
-6.6678552144414302e-10
1.4729453347896649e-09
-6.2737417350067854e-10
1.4704318614400096e-09
-5.8870348486719601e-10
1.4680652816093214e-09
-5.5073825546366377e-10
1.4658750353297944e-09
-5.1344355561161378e-10
1.4638880095573968e-09
-4.7678480700515558e-10
1.4621287150721905e-09
-4.4072784525123125e-10
1.4606194519995068e-09
-4.0523896634584419e-10
1.4593804640307167e-09
-3.7028495919007247e-10
1.4584300815282582e-09
-3.3583312601036687e-10
1.4577848537817054e-09
-3.018512923305744e-10
1.4574596707387128e-09
-2.6830780794875363e-10
1.4574678745715772e-09
-2.3517154019425242e-10
1.4578213614654643e-09
-2.0241186058378979e-10
1.4585306740217058e-09
-1.6999862585294009e-10
1.4596050846717355e-09
-1.3790215421567408e-10
1.4610526704876665e-09
-1.060931975915708e-10
1.4628803797718111e-09
-7.4542910447238122e-11
1.4650940908173055e-09
-4.3222815823710936e-11
1.4676986629332323e-09
-1.2104768552639991e-11
1.4706979802370311e-09
1.8839080722283356e-11
4.9636329973668848e-11
1.5512618475251056e-09
-1.262093229469283e-09
1.550584992289548e-09
-1.2093152382634985e-09
1.5492712685250497e-09
-1.1577665788959704e-09
1.5474127741508548e-09
-1.1074246910439622e-09
1.5450953913838547e-09
-1.0582628463148491e-09
1.5423990045102112e-09
-1.0102509655803067e-09
1.5393977489604784e-09
-9.633563103570103e-10
1.5361602813724382e-09
-9.1754406949246829e-10
1.5327500623017103e-09
-8.7277785759735097e-10
1.5292256448924918e-09
-8.2902013820821357e-10
1.52564096419713e-09
-7.8623258217255327e-10
1.5220456229803221e-09
-7.4437636991825432e-10
1.5184851707953676e-09
-7.0341244490840349e-10
1.5150013739070478e-09
-6.6330172453259416e-10
1.5116324742836534e-09
-6.2400527385642853e-10
1.5084134364102102e-09
-5.8548444697466487e-10
1.5053761811050696e-09
-5.4770100014082956e-10
1.5025498058671316e-09
-5.1061718035715373e-10
1.4999607915560749e-09
-4.7419579267860091e-10
1.4976331954225561e-09
-4.3840024910315406e-10
1.495588830671049e-09
-4.0319460158064294e-10
1.493847432861558e-09
-3.6854356136772555e-10
1.4924268135472735e-09
-3.3441250668402984e-10
1.4913430016065649e-09
-3.0076748037858364e-10
1.49061037276723e-09
-2.6757517909888428e-10
1.4902417678426148e-09
-2.3480293525982219e-10
1.4902486002042587e-09
-2.0241869293633527e-10
1.4906409530118347e-09
-1.7039097865211138e-10
1.4914276667062717e-09
-1.3868886790238499e-10
1.4926164172515126e-09
-1.0728194812974907e-10
1.4942137855813262e-09
-7.614027877063748e-11
1.4962253186559741e-09
-4.523434889258213e-11
1.4986555828477757e-09
-1.4535032739288605e-11
1.5015082084462839e-09
1.5986455128308835e-11
4.6358609098288431e-11
1.60405329307348e-09
-1.2609035458610003e-09
1.6021468287653254e-09
-1.2074087725826555e-09
1.5996266747107452e-09
-1.155246423953636e-09
1.5965887665370918e-09
-1.1043867822971609e-09
1.5931221389378817e-09
-1.0547962183449254e-09
1.5893092218735796e-09
-1.0064380482745919e-09
1.5852261629935366e-09
-9.5927325131758864e-10
1.5809431655197729e-09
-9.1326107191109391e-10
1.5765248330736572e-09
-8.6835952507618121e-10
1.5720305147740801e-09
-8.2452581985405229e-10
1.5675146454511141e-09
-7.817167128079229e-10
1.5630270770632736e-09
-7.3988880149699802e-10
1.5586133984226097e-09
-6.9899876623969925e-10
1.5543152411541857e-09
-6.5900356723974646e-10
1.5501705704832094e-09
-6.198606031635703e-10
1.5462139599771047e-09
-5.8152783644857971e-10
1.5424768497905858e-09
-5.439638899358201e-10
1.5389877882941416e-09
-5.071281188434739e-10
1.5357726572224888e-09
-4.7098066159080657e-10
1.5328548806699443e-09
-4.35482472535467e-10
1.5302556184037401e-09
-4.0059533930023122e-10
1.5279939440640599e-09
-3.6628188701472269e-10
1.5260870088868324e-09
-3.3250557149431355e-10
1.524550191622459e-09
-2.9923066310253786e-10
1.5233972353429794e-09
-2.6642222280851327e-10
1.5226403718275743e-09
-2.3404607173428848e-10
1.5222904342047797e-09
-2.0206875530415006e-10
1.5223569585072229e-09
-1.7045750294587789e-10
1.5228482747619091e-09
-1.3918018414909887e-10
1.5237715882040383e-09
-1.0820526156460592e-10
1.5251330511624644e-09
-7.7501741722463264e-11
1.5269378261258689e-09
-4.7039123850044296e-11
1.5291901405140805e-09
-1.6787347122207061e-11
1.5318933330514016e-09
1.3283262595651225e-11
4.3202048603218957e-11
1.6575635738442735e-09
-1.2583550183922758e-09
1.654324245611937e-09
-1.2041694428861601e-09
1.6505015894321691e-09
-1.1514237668270658e-09
1.6461951085859495e-09
-1.1000803008397629e-09
1.6414966868284953e-09
-1.0500977961922563e-09
1.636490974023539e-09
-1.0014323352123543e-09
1.6312557910624972e-09
-9.5403806818679655e-10
1.6258625430632121e-09
-9.0786782379729812e-10
1.6203766323515122e-09
-8.6287361428472102e-10
1.6148578647625165e-09
-8.1900705220715966e-10
1.6093608444454729e-09
-7.762196924467927e-10
1.6039353536803442e-09
-7.344633106965955e-10
1.5986267152738489e-09
-6.936901278036881e-10
1.5934761359498681e-09
-6.5385298789012722e-10
1.5885210298140906e-09
-6.1490549700487931e-10
1.5837953214925011e-09
-5.7680212810611001e-10
1.5793297289467249e-09
-5.3949829737077047e-10
1.575152026271344e-09
-5.0295041615016041e-10
1.5712872870020677e-09
-4.671159223047641e-10
1.5677581086259443e-09
-4.3195329414364058e-10
1.5645848190914988e-09
-3.9742204975106991e-10
1.5617856661855263e-09
-3.6348273409496272e-10
1.5593769906777555e-09
-3.3009689597363899e-10
1.5573733841453817e-09
-2.9722705655811036e-10
1.55578783237817e-09
-2.64836671030065e-10
1.5546318452412653e-09
-2.3289008458694325e-10
1.5539155738374353e-09
-2.0135248389065504e-10
1.5536479157648137e-09
-1.7018984486434159e-10
1.5538366092191877e-09
-1.3936887759528221e-10
1.5544883166357618e-09
-1.0885696897370776e-10
1.5556086985103412e-09
-7.8622123590263574e-11
1.5572024779855444e-09
-4.8632903319150869e-11
1.5592734967529637e-09
-1.8858365884189907e-11
1.5618247625206995e-09
1.0731996832698633e-11
4.0168321998967029e-11
1.7117659792963022e-09
-1.254331677377159e-09
1.7070861451847182e-09
-1.1994896072090245e-09
1.7018613458003707e-09
-1.1461989664306342e-09
1.6961942850021232e-09
-1.0944132393884216e-09
1.6901793020580316e-09
-1.0440828128260502e-09
1.6839028580893024e-09
-9.9515589096901748e-10
1.6774440327350474e-09
-9.4757924265152505e-10
1.6708750200512563e-09
-9.0129881099156048e-10
1.6642616154247492e-09
-8.5626020957344157e-10
1.6576636874905598e-09
-8.1240912421158109e-10
1.6511356307933265e-09
-7.6969163570294801e-10
1.6447267963170387e-09
-7.2805447618314782e-10
1.6384818980905298e-09
-6.8744522954617644e-10
1.6324413949176731e-09
-6.4781248469042038e-10
1.6266418469281476e-09
-6.0910594899142688e-10
1.6211162471319335e-09
-5.7127652828814348e-10
1.6158943285229565e-09
-5.3427637874175638e-10
1.6110028475387274e-09
-4.9805893514731957e-10
1.6064658448614058e-09
-4.6257891961007225e-10
1.6023048846626531e-09
-4.2779233392863938e-10
1.598539273461358e-09
-3.9365643853456385e-10
1.5951862597887116e-09
-3.6012972040809423e-10
1.5922612158552824e-09
-3.2717185202691633e-10
1.5897778023876969e-09
-2.9474364307811622e-10
1.5877481177624478e-09
-2.62806986393267e-10
1.5861828325105244e-09
-2.3132479932429597e-10
1.5850913102052638e-09
-2.0026096157547231e-10
1.5844817156789234e-09
-1.6958025032886305e-10
1.584361111444093e-09
-1.3924827335206054e-10
1.5847355431243789e-09
-1.0923140064634254e-10
1.58561011462786e-09
-7.9496695086811851e-11
1.5869890537260392e-09
-5.0011842411091814e-11
1.5888757686567734e-09
-2.074508080936171e-11
1.5912728961137811e-09
8.3348693805752903e-12
3.7258876556867223e-11
1.7666248158961789e-09
-1.2487125382883239e-09
1.7603927961750002e-09
-1.1932575858097378e-09
1.7536630320036122e-09
-1.1394692011749023e-09
1.7465409498533073e-09
-1.0872911565387827e-09
1.739122849407706e-09
-1.0366647119287729e-09
1.7314965022755495e-09
-9.8752954354329993e-10
1.7237417494650489e-09
-9.3982448964776862e-10
1.7159310869926014e-09
-8.9348814838915521e-10
1.7081302320019067e-09
-8.4845935449261145e-10
1.7003986641222855e-09
-8.0467755626688741e-10
1.6927901386232424e-09
-7.6208311015466677e-10
1.6853531693284191e-09
-7.2061750684921343e-10
1.6781314803319613e-09
-6.8022354051721123e-10
1.6711644263643281e-09
-6.4084543069473941e-10
1.664487382258183e-09
-6.0242890486035986e-10
1.658132102395222e-09
-5.6492124840258213e-10
1.652127051318411e-09
-5.2827132764417204e-10
1.6464977068929607e-09
-4.924295907026111e-10
1.6412668375210043e-09
-4.5734805022016966e-10
1.6364547549729157e-09
-4.2298025136379211e-10
1.6320795444128004e-09
-3.8928122795878555e-10
1.6281572731731392e-09
-3.5620744915379927e-10
1.6247021797858344e-09
-3.2371675862594892e-10
1.6217268447129146e-09
-2.9176830799246123e-10
1.6192423441417142e-09
-2.6032248581022733e-10
1.6172583881233184e-09
-2.2934084329491983e-10
1.615783444244492e-09
-1.9878601768649103e-10
1.6148248479297207e-09
-1.6862165400474067e-10
1.6143889003780492e-09
-1.3881232579181913e-10
1.6144809550507651e-09
-1.0932345531123405e-10
1.6151054935348924e-09
-8.0121233563856632e-11
1.6162661915234188e-09
-5.1172540393241426e-11
1.6179659755930175e-09
-2.2444864873293533e-11
1.6202070712180256e-09
6.0937737605527057e-12
3.4474904835293896e-11
1.8220940720902831e-09
-1.241372038921281e-09
1.8141946332946948e-09
-1.1853581452109164e-09
1.8058544157238085e-09
-1.1311289824395676e-09
1.7971809653672627e-09
-1.0786177054318244e-09
1.7882719342528908e-09
-1.0277556803302061e-09
1.7792158025868071e-09
-9.7847341156292026e-10
1.7700925855589597e-09
-9.3070127241336352e-10
1.7609745149657385e-09
-8.8437007765734299e-10
1.7519266890065698e-09
-8.3941152843760274e-10
1.743007686062174e-09
-7.9575855325354403e-10
1.7342701401207322e-09
-7.5334556416126707e-10
1.7257612769122356e-09
-7.1210864359962696e-10
1.7175234108342135e-09
-6.7198567440517663e-10
1.7095944034982637e-09
-6.3291642332954672e-10
1.7020080852441027e-09
-5.9484258658030666e-10
1.6947946413200484e-09
-5.5770780445511418e-10
1.6879809646475585e-09
-5.2145765095020765e-10
1.6815909772064783e-09
-4.8603960324166683e-10
1.6756459221231862e-09
-4.5140299511839582e-10
1.670164628532736e-09
-4.1749895775611452e-10
1.6651637512340894e-09
-3.8428035064405869e-10
1.6606579870795014e-09
-3.5170168498421025e-10
1.6566602699381818e-09
-3.1971904147063125e-10
1.6531819459642125e-09
-2.8828998400546031e-10
1.6502329307794746e-09
-2.5737347061338194e-10
1.6478218500621597e-09
-2.2692976256637937e-10
1.6459561649080028e-09
-1.9692033252197138e-10
1.6446422832144932e-09
-1.6730777230169399e-10
1.6438856582211924e-09
-1.380557007897772e-10
1.6436908752279385e-09
-1.091286723100184e-10
1.6440617274078317e-09
-8.0492085736532325e-11
1.645001281532091e-09
-5.211209451101367e-11
1.6465119343220705e-09
-2.3955517657507817e-11
1.6485954600316234e-09
4.0102480560722831e-12
3.1817314886159883e-11
1.8781158704427345e-09
-1.2321806487832394e-09
1.8684308682632027e-09
-1.1756731410889521e-09
1.8583727002082383e-09
-1.1210708131313334e-09
1.8480502894079675e-09
-1.0682952938247074e-09
1.8375619081853002e-09
-1.0172672985875627e-09
1.8269960339968127e-09
-9.6790753703744149e-10
1.816432173103748e-09
-9.2013741129927671e-10
1.8059416434157478e-09
-8.7387954782144651e-10
1.7955883112911426e-09
-8.2905819621107488e-10
1.7854292795690302e-09
-7.8559952145840864e-10
1.7755155259402753e-09
-7.4343181047774662e-10
1.7658924920836553e-09
-7.024856096998995e-10
1.7566006249260208e-09
-6.6269380721202986e-10
1.7476758720161441e-09
-6.2399167038926854e-10
1.7391501334070181e-09
-5.8631684794434485e-10
1.7310516726813311e-09
-5.496093437052357e-10
1.7234054898610102e-09
-5.1381146810776111e-10
1.7162336589644618e-09
-4.7886777232468773e-10
1.7095556329229265e-09
-4.4472496905789779e-10
1.7033885184746015e-09
-4.1133184329013042e-10
1.6977473235281676e-09
-3.7863915568116784e-10
1.692645179339544e-09
-3.4659954078024353e-10
1.6880935396896248e-09
-3.1516740180641724e-10
1.6841023590865655e-09
-2.8429880338911269e-10
1.6806802518533241e-09
-2.539513633678076e-10
1.6778346338014209e-09
-2.2408414450305116e-10
1.675571848036277e-09
-1.9465754674627919e-10
1.6738972762922753e-09
-1.6563320054799104e-10
1.6728154370548664e-09
-1.3697386154348177e-10
1.6723300715944573e-09
-1.0864330684151302e-10
1.6724442189140612e-09
-8.0606233048814729e-11
1.6731602804938457e-09
-5.2828156084214614e-11
1.6744800756155547e-09
-2.5275312773360342e-11
1.6764048878798722e-09
2.0854357968983482e-12
2.9286698990405536e-11
1.9346186536359481e-09
-1.2210056826424681e-09
1.9230278614910192e-09
-1.1640823468467208e-09
1.9111430634134804e-09
-1.1091860137020191e-09
1.8990736645438093e-09
-1.0562258940858364e-09
1.8869176914533673e-09
-1.0051113249377901e-09
1.8747627908726359e-09
-9.557526360948914e-10
1.8626871762490641e-09
-9.0806179643897301e-10
1.8507605154612444e-09
-8.619528868757212e-10
1.8390447564120406e-09
-8.1734243705347017e-10
1.8275948896751864e-09
-7.7414965464426051e-10
1.8164596490981964e-09
-7.3229656984309631e-10
1.8056821524497806e-09
-6.9170811300634093e-10
1.7953004849768991e-09
-6.523121397021482e-10
1.785348229209009e-09
-6.14039414589847e-10
1.7758549446008577e-09
-5.7682356330848134e-10
1.7668466006906281e-09
-5.4060099977009423e-10
1.7583459674295533e-09
-5.0531083482396137e-10
1.7503729662291274e-09
-4.7089477110333038e-10
1.742944985116308e-09
-4.3729698792567976e-10
1.7360771611927976e-09
-4.044640193485907e-10
1.7297826333797722e-09
-3.7234462785135744e-10
1.7240727682117182e-09
-3.4088967559655997e-10
1.7189573612157395e-09
-3.1005199479590272e-10
1.7144448161965087e-09
-2.7978625835637543e-10
1.7105423045346104e-09
-2.5004885169337016e-10
1.7072559064049365e-09
-2.2079774636178335e-10
1.7045907356317878e-09
-1.9199237596243871e-10
1.7025510497201216e-09
-1.6359351462649186e-10
1.7011403464361197e-09
-1.3556315825048357e-10
1.7003614481573956e-09
-1.0786440855459531e-10
1.7002165750701005e-09
-8.0461359954106374e-11
1.7007074081606587e-09
-5.3318989168112938e-11
1.7018351428253105e-09
-2.640304743208418e-11
1.7036005337521441e-09
3.200448752671645e-13
1.7060039320657846e-09
2.6883300681264848e-11
1.7090453142966735e-09
5.3319268760970641e-11
1.7127243048341905e-09
7.9660131315518433e-11
1.0593780236658068e-10
1.9915150339055959e-09
-1.2077123536944453e-09
1.9778971866541513e-09
-1.1504644973257794e-09
1.9640769143416814e-09
-1.095365739928612e-09
1.9501630442355338e-09
-1.0423120230416506e-09
1.9362523487701832e-09
-9.9120062886985969e-10
1.9224306939527859e-09
-9.4193098088854097e-10
1.9087741127005856e-09
-8.9440521493299465e-10
1.8953497989990862e-09
-8.4852857300554122e-10
1.8822170221078619e-09
-8.0420966004696514e-10
1.8694279623514067e-09
-7.6136059480604725e-10
1.8570284715703389e-09
-7.1989707900138929e-10
1.8450587622813297e-09
-6.7973840367015352e-10
1.8335540301499196e-09
-6.4080740753230478e-10
1.8225450146446071e-09
-6.0303039905193455e-10
1.8120585027902268e-09
-5.6633705142556309e-10
1.8021177808474201e-09
-5.3066027780172948e-10
1.792743038552825e-09
-4.9593609250612089e-10
1.7839517303063415e-09
-4.6210346283547949e-10
1.7757588974019811e-09
-4.2910415500155008e-10
1.7681774550954576e-09
-3.9688257702372081e-10
1.7612184479929928e-09
-3.6538562073184882e-10
1.7548912769404581e-09
-3.3456250452816938e-10
1.7492039002997123e-09
-3.0436461814042325e-10
1.7441630122191261e-09
-2.747453702621092e-10
1.7397742002447544e-09
-2.4566003970632382e-10
1.7360420843727792e-09
-2.1706563047808561e-10
1.7329704394207148e-09
-1.8892073099957159e-10
1.7305623023849652e-09
-1.6118537758081474e-10
1.7288200662629905e-09
-1.3382092211942525e-10
1.727745561644085e-09
-1.0678990392741875e-10
1.7273401272120671e-09
-8.0055925514616278e-11
1.727604670160427e-09
-5.358353210976239e-11
1.7285397173802201e-09
-2.733809464590478e-11
1.7301454580242112e-09
-1.2856957634699786e-12
1.7324217789311571e-09
2.4606979778867682e-11
1.7353682913505446e-09
5.0372756345435565e-11
1.738984352119972e-09
7.6044070549261989e-11
1.0165307683715659e-10
2.0486992138332689e-09
-1.1921651050862094e-09
2.0329332984524354e-09
-1.1346985794842987e-09
2.0170697785619426e-09
-1.0795022184564113e-09
2.0012156693497138e-09
-1.0264579128155243e-09
1.9854653325747091e-09
-9.7545029144482999e-10
1.9699017786165719e-09
-9.2636742651185495e-10
1.9545978676701433e-09
-8.7910130371432746e-10
1.9396174092761725e-09
-8.3354811443133738e-10
1.9250161625276434e-09
-7.8960841317587918e-10
1.9108427413349374e-09
-7.4718717352693806e-10
1.8971394303779405e-09
-7.0619376798072656e-10
1.8839429180442247e-09
-6.6654189128724006e-10
1.8712849529211756e-09
-6.2814944236941847e-10
1.8591929304009141e-09
-5.9093837649807468e-10
1.8476904157638853e-09
-5.5483453675926714e-10
1.8367976097935835e-09
-5.1976747180531451e-10
1.8265317625957896e-09
-4.8567024528464256e-10
1.8169075408739909e-09
-4.5247924109197157e-10
1.8079373534832438e-09
-4.20133967590759e-10
1.7996316396568323e-09
-3.8857686317873928e-10
1.7919991238864415e-09
-3.5775310494420792e-10
1.7850470410437299e-09
-3.2761042166943481e-10
1.7787813349640921e-09
-2.980989120459084e-10
1.7732068333725666e-09
-2.6917086865679223e-10
1.7683274017167698e-09
-2.4078060803775357e-10
1.7641460781879019e-09
-2.1288430693741958e-10
1.7606651919465431e-09
-1.8543984474734126e-10
1.757886466335099e-09
-1.5840665195938934e-10
1.7558111086434916e-09
-1.3174556441868999e-10
1.7544398878004859e-09
-1.0541868307610111e-10
1.7537732011880789e-09
-7.9389238894696538e-11
1.7538111316155382e-09
-5.3621462530471905e-11
1.7545534953891044e-09
-2.8080458413471523e-11
1.7559998817015726e-09
-2.7320820706586445e-12
1.7581496863507974e-09
2.2457175134219419e-11
1.7610021350950521e-09
4.752030760506233e-11
1.7645563037207066e-09
7.2489901926802899e-11
9.7398250392331253e-11
2.1060438596571904e-09
-1.1742292612687441e-09
2.0880106865919357e-09
-1.1166654037467069e-09
2.0699986972433132e-09
-1.0614902273928115e-09
2.0521116802167886e-09
-1.0085708946917242e-09
2.0344402796014688e-09
-9.577788901275833e-10
2.0170634507912474e-09
-9.0899059725089208e-10
2.0000497870473387e-09
-8.6208763967824639e-10
1.9834587200870688e-09
-8.1695704727848452e-10
1.9673416007728039e-09
-7.7349129373137156e-10
1.9517426676128091e-09
-7.3158824027571271e-10
1.9366999116212107e-09
-6.9115101192240454e-10
1.9222458463570978e-09
-6.520878259719427e-10
1.908408191868266e-09
-6.1431178783943746e-10
1.8952104809247898e-09
-5.7774066552011253e-10
1.8826725954430629e-09
-5.4229665124763987e-10
1.8708112404368827e-09
-5.0790611677256856e-10
1.8596403622291591e-09
-4.744993670528884e-10
1.8491715170549178e-09
-4.4201039589575968e-10
1.8394141955973079e-09
-4.1037664611289958e-10
1.8303761084371248e-09
-3.7953877599983568e-10
1.8220634368737247e-09
-3.4944043336344173e-10
1.8144810530895178e-09
-3.2002803786912705e-10
1.8076327131873696e-09
-2.9125057212882779e-10
1.8015212262259555e-09
-2.6305938168153266e-10
1.7961486020147188e-09
-2.3540798381370418e-10
1.7915161800982401e-09
-2.0825188500911801e-10
1.7876247420685364e-09
-1.8154840670675294e-10
1.7844746090766162e-09
-1.5525651895747628e-10
1.7820657261775112e-09
-1.2933668151044254e-10
1.7803977349331079e-09
-1.037506918233885e-10
1.7794700355060831e-09
-7.8461539460148978e-11
1.7792818393117661e-09
-5.34332663294074e-11
1.7798322131204846e-09
-2.8630832216184336e-11
1.7811201152248971e-09
-4.0199841697885222e-12
1.7831444253618202e-09
2.0432865001882612e-11
1.7859039663228986e-09
4.4760766647874524e-11
1.789397521182032e-09
6.8996347070884699e-11
9.3171927839332859e-11
2.1633962759801237e-09
-1.1537730424292712e-09
2.142980365954175e-09
-1.0962494908148476e-09
2.12271899030425e-09
-1.0412288498813986e-09
2.1027111152271431e-09
-9.8856301842603014e-10
2.0830422120256007e-09
-9.3810998616755284e-10
2.063785862005246e-09
-8.8973424674492197e-10
2.0450052015711256e-09
-8.4330697893052479e-10
2.0267542157098084e-09
-7.9870606121144556e-10
2.0090788902748507e-09
-7.558159681581032e-10
1.9920182345729076e-09
-7.1452758447756959e-10
1.9756051860410613e-09
-6.7473796332076558e-10
1.9598674085890392e-09
-6.3635004846681556e-10
1.9448279956369035e-09
-5.9927237484493814e-10
1.9305060881551216e-09
-5.6341875800305827e-10
1.9169174171923547e-09
-5.2870798025448193e-10
1.9040747795277103e-09
-4.9506347908102978e-10
1.8919884542381303e-09
-4.6241304173906944e-10
1.8806665671720569e-09
-4.3068850880757853e-10
1.8701154095582473e-09
-3.998254884787654e-10
1.8603397162826342e-09
-3.6976308270544571e-10
1.8513429087306631e-09
-3.4044362579409704e-10
1.8431273065088392e-09
-3.1181243563120066e-10
1.8356943118478783e-09
-2.8381757745294751e-10
1.82904457001927e-09
-2.5640963983910515e-10
1.8231781086852729e-09
-2.2954152246694147e-10
1.8180944587350162e-09
-2.0316823504707359e-10
1.8137927588302811e-09
-1.7724670679116817e-10
1.8102718455976633e-09
-1.5173560571490625e-10
1.8075303311460144e-09
-1.2659516704968604e-10
1.8055666693606538e-09
-1.0178703002974803e-10
1.8043792122247967e-09
-7.7274082316802523e-11
1.8039662572353314e-09
-5.3020311333218407e-11
1.8043260867905211e-09
-2.8990661765387663e-11
1.8054570008147245e-09
-5.1508981887089236e-12
1.8073573412024075e-09
1.8532524618791643e-11
1.8100255130035208e-09
4.2092594850657464e-11
1.8134599971653563e-09
6.5561862912282628e-11
8.8972565469213296e-11
2.2205736927603005e-09
-1.1306699855991888e-09
2.1976655137444435e-09
-1.0733413086366221e-09
2.1750601941863784e-09
-1.0186235283015517e-09
2.1528501061542607e-09
-9.6635292910585571e-10
2.1311139531240355e-09
-9.1637383231750625e-10
2.1099185134167525e-09
-8.6853880651443901e-10
2.0893201918812128e-09
-8.2270865705847478e-10
2.0693663936785951e-09
-7.7875226278918867e-10
2.0500967354928026e-09
-7.3654630982558856e-10
2.0315441098419375e-09
-6.9597495872543337e-10
2.0137356177901039e-09
-6.5692947119608522e-10
1.9966933845457295e-09
-6.1930781516750996e-10
1.9804352713776822e-09
-5.830142616334444e-10
1.964975496110008e-09
-5.4795898269949064e-10
1.9503251732672228e-09
-5.1405765738094724e-10
1.9364927837768651e-09
-4.8123108956359491e-10
1.9234845830398162e-09
-4.4940484097771153e-10
1.9113049551588237e-09
-4.18508880904476e-10
1.8999567201901965e-09
-3.8847725348985359e-10
1.8894414004418564e-09
-3.5924776293840804e-10
1.8797594510912075e-09
-3.3076167642616145e-10
1.8709104597323046e-09
-3.0296344425630021e-10
1.8628933188639831e-09
-2.7580043656980935e-10
1.8557063748150946e-09
-2.4922269577650733e-10
1.8493475561386602e-09
-2.2318270377783992e-10
1.8438144841090668e-09
-1.9763516300579025e-10
1.8391045675976008e-09
-1.7253679026894881e-10
1.8352150842927789e-09
-1.4784612240022416e-10
1.8321432499621578e-09
-1.235233327100519e-10
1.8298862772101383e-09
-9.9530057269524283e-11
1.8284414249769905e-09
-7.582923007623407e-11
1.8278060398405902e-09
-5.2384926190147172e-11
1.827977590053242e-09
-2.916221197209164e-11
1.8289536927550641e-09
-6.1270008852900466e-12
1.8307321360398407e-09
1.6754081338573171e-11
1.8333108943143499e-09
3.9513836580030386e-11
1.8366881398747621e-09
6.218461735509974e-11
8.4798456358191327e-11
2.2773574319264288e-09
-1.1048018143612886e-09
2.2518560192552787e-09
-1.0478398925232687e-09
2.2268209383382351e-09
-9.9358844518847587e-10
2.2023360330229299e-09
-9.4186802239480393e-10
2.1784715193326443e-09
-8.9250931774133507e-10
2.1552858501029325e-09
-8.4535313672128674e-10
2.132827355476855e-09
-8.0025016207154066e-10
2.1111356794740116e-09
-7.5706058655209532e-10
2.0902430333320953e-09
-7.1565366352824964e-10
2.070175285764221e-09
-6.7590721105116848e-10
2.0509529091047538e-09
-6.3770709446079802e-10
2.0325917988205865e-09
-6.0094670482673914e-10
2.0151039822237594e-09
-5.6552644499225717e-10
1.9984982305707925e-09
-5.3135323101017896e-10
1.9827805871384654e-09
-4.9834001391769427e-10
1.9679548223775851e-09
-4.6640532477563099e-10
1.9540228258826752e-09
-4.354728444585831e-10
1.9409849436809439e-09
-4.0547099868078212e-10
1.928840268245714e-09
-3.7633257803453154e-10
1.9175868876659017e-09
-3.4799438234010008e-10
1.9072220995440959e-09
-3.2039688828727979e-10
1.8977425944435281e-09
-2.9348393913994069e-10
1.8891446130497401e-09
-2.6720245516141204e-10
1.8814240806378699e-09
-2.4150216335113169e-10
1.8745767219425078e-09
-2.163353450700031e-10
1.8685981590901712e-09
-1.9165660014195659e-10
1.8634839948830999e-09
-1.6742262605129572e-10
1.8592298833960705e-09
-1.4359201090349048e-10
1.8558315895629457e-09
-1.2012503886805044e-10
1.8532850391846184e-09
-9.6983506883115618e-11
1.8515863605751665e-09
-7.4130551459470611e-11
1.8507319188736649e-09
-5.1530484482061445e-11
1.8507183438718962e-09
-2.9148636964453302e-11
1.8515425522818478e-09
-6.9512092900546349e-12
1.8532017640581956e-09
1.5094869566747995e-11
1.8556935154738503e-09
3.7022085168254456e-11
1.8590156663986486e-09
5.886246643353312e-11
8.0647718449591031e-11
2.333485672355252e-09
-1.0760617947590377e-09
2.3053016612029893e-09
-1.0196558776258527e-09
2.2777624722371938e-09
-9.6604925383871026e-10
2.2509413478829881e-09
-9.150468965292155e-10
2.2248981962540525e-09
-8.6646616515593718e-10
2.1996815519724739e-09
-8.2013649183354426e-10
2.1753302812957856e-09
-7.7589889100837307e-10
2.1518750586620409e-09
-7.3360536366889583e-10
2.1293396410338989e-09
-6.9311824573578969e-10
2.107741964805127e-09
-6.5430953471089281e-10
2.0870950879546952e-09
-6.1706021753170886e-10
2.0674079978693649e-09
-5.8125961468330031e-10
2.0486863029880265e-09
-5.4680475006586506e-10
2.030932824252887e-09
-5.135997522384625e-10
2.0141481003443325e-09
-4.8155528997825771e-10
1.9983308188513257e-09
-4.5058804325574618e-10
1.9834781839050328e-09
-4.2062020948836051e-10
1.9695862293590624e-09
-3.9157904411317366e-10
1.9566500853408581e-09
-3.633964339965824e-10
1.9446642048979369e-09
-3.3600850187904033e-10
1.9336225565068316e-09
-3.0935523987944742e-10
1.9235187873909468e-09
-2.8338017000860262e-10
1.9143463618774105e-09
-2.5803002963360316e-10
1.9060986784139769e-09
-2.3325447987450439e-10
1.898769168337658e-09
-2.0900583498149953e-10
1.8923513790338211e-09
-1.8523881082688817e-10
1.8868390437364525e-09
-1.6191029074360297e-10
1.8822261398823412e-09
-1.3897910703989335e-10
1.8785069376454874e-09
-1.1640583662252195e-10
1.8756760400285303e-09
-9.4152609258261587e-11
1.8737284156717236e-09
-7.2182927095503708e-11
1.8726594253496466e-09
-5.0461494153532938e-11
1.8724648429534029e-09
-2.8954054562444312e-11
1.8731408719476364e-09
-7.6272382791829586e-12
1.8746841563730238e-09
1.3551585145832976e-11
1.8770917901160411e-09
3.4614451429079859e-11
1.8803613205086114e-09
5.5592936044181203e-11
7.6518289153116714e-11
2.3886444792587149e-09
-1.0443586074679806e-09
2.3577035724005855e-09
-9.8871496669772853e-10
2.3276004976664348e-09
-9.3594617651987229e-10
2.2983957183426694e-09
-8.85842115571097e-10
2.270136946654753e-09
-8.3820739243688597e-10
2.2428611674390181e-09
-7.9286071196674965e-10
2.2165963769409211e-09
-7.4963410009710293e-10
2.1913630710566517e-09
-7.0837205751952934e-10
2.1671755151850096e-09
-6.6893068969083552e-10
2.1440428250346808e-09
-6.3117684444406328e-10
2.121969884653392e-09
-5.9498727706911164e-10
2.1009581248648246e-09
-5.6024785483538078e-10
2.0810061823726811e-09
-5.2685280752822758e-10
2.0621104570983344e-09
-4.9470402692757092e-10
2.0442655828965241e-09
-4.6371041574586398e-10
2.0274648246483414e-09
-4.3378728498111046e-10
2.0117004128527689e-09
-4.0485579766935461e-10
1.9969638252077101e-09
-3.768424564470179e-10
1.9832460232644007e-09
-3.4967863203406822e-10
1.9705376510309034e-09
-3.2330012962793609e-10
1.9588292013662179e-09
-2.9764679019854653e-10
1.9481111551232442e-09
-2.726621237506713e-10
1.9383740972463065e-09
-2.4829297174284952e-10
1.9296088133877176e-09
-2.244891960031539e-10
1.9218063700616156e-09
-2.012033916436178e-10
1.9149581808916109e-09
-1.7839062164602318e-10
1.9090560611092734e-09
-1.5600817095126381e-10
1.9040922721278652e-09
-1.3401531804930443e-10
1.9000595577260679e-09
-1.1237312221232204e-10
1.8969511731304855e-09
-9.1044224655009287e-11
1.8947609080768149e-09
-6.9992662034874368e-11
1.893483104748473e-09
-4.9183690818908718e-11
1.8931126713099902e-09
-2.8583621118337295e-11
1.8936450915899625e-09
-8.1596585541533942e-12
1.8950764319224079e-09
1.2120244817780003e-11
1.8974033441245807e-09
3.2287539230711459e-11
1.9006230667751125e-09
5.2373213396861266e-11
7.240793236115474e-11
2.4424567085263106e-09
-1.0096207549997312e-09
2.4087035932091794e-09
-9.5496184696634069e-10
2.3759949005709197e-09
-9.0323748108506163e-10
2.3443760797909612e-09
-8.5422329302758273e-10
2.3138807354890543e-09
-8.0771204702582819e-10
2.2845326722745038e-09
-7.6351264805454916e-10
2.2563476293952147e-09
-7.2144905677720836e-10
2.2293347470163538e-09
-6.8135917485971498e-10
2.2034978019129596e-09
-6.430937444052183e-10
2.1788362462300035e-09
-6.0651528863980602e-10
2.155346078839042e-09
-5.7149710959448824e-10
2.1330205748938805e-09
-5.3792235082991885e-10
2.111850895607904e-09
-5.0568312819663577e-10
2.0918265970773554e-09
-4.7467972836080854e-10
2.0729360541540494e-09
-4.4481987279255023e-10
2.0551668129426579e-09
-4.1601804374397417e-10
2.0385058833878779e-09
-3.8819486809190398e-10
2.0229399816323574e-09
-3.6127655467116471e-10
2.0084557302988609e-09
-3.3519438068211606e-10
1.9950398235549139e-09
-3.0988422286710721e-10
1.9826791627348452e-09
-2.8528612936295872e-10
1.9713609673632184e-09
-2.6134392836473298e-10
1.9610728656561374e-09
-2.3800487002255761e-10
1.9518029679170112e-09
-2.1521929825183126e-10
1.943539925696714e-09
-1.9294034941205803e-10
1.9362729791226087e-09
-1.7112367506152891e-10
1.9299919944095227e-09
-1.4972718622861439e-10
1.9246874932383291e-09
-1.2871081686932114e-10
1.9203506754074775e-09
-1.080363043734141e-10
1.9169734359243048e-09
-8.7666985164471763e-11
1.9145483775035689e-09
-6.756760360744843e-11
1.9130688192865489e-09
-4.7704132595828536e-11
1.9125288025363312e-09
-2.8043604362669963e-11
1.9129230925448786e-09
-8.5539485578333296e-12
1.9142471821646753e-09
1.0796155202288109e-11
1.9164972868395843e-09
3.0037434559551236e-11
1.9196703445629447e-09
4.9200155676697784e-11
6.8314266449536501e-11
2.494468339931641e-09
-9.7180150751513683e-10
2.4578710556857966e-09
-9.1836455794652244e-10
2.4225369151904796e-09
-8.6790333757275819e-10
2.3884941221599163e-09
-8.2018049809968707e-10
2.3557602929236513e-09
-7.7497821660009792e-10
2.3243444713507927e-09
-7.3209682573646124e-10
2.2942488149834268e-09
-6.9135339994150979e-10
2.2654700007286204e-09
-6.5258036030816633e-10
2.2380003930182702e-09
-6.1562413650399965e-10
2.2118290118700665e-09
-5.803439073658778e-10
2.1869423330807611e-09
-5.4661043071955231e-10
2.1633249480584883e-09
-5.1430496574679609e-10
2.1409601065953596e-09
-4.8331828668814054e-10
2.1198301622125878e-09
-4.535497839425041e-10
2.0999169365655903e-09
-4.2490664711644833e-10
2.0812020166992322e-09
-3.9730312385288053e-10
2.0636669966775774e-09
-3.7065984804861289e-10
2.0472936731932165e-09
-3.4490323116750121e-10
2.0320642031562336e-09
-3.1996491062766357e-10
2.0179612299246445e-09
-2.957812496195748e-10
2.0049679837108468e-09
-2.7229288313452866e-10
1.9930683607700983e-09
-2.4944430541051502e-10
1.9822469851953097e-09
-2.2718349443533572e-10
1.9724892564949484e-09
-2.0546156953998738e-10
1.9637813855922426e-09
-1.8423247849875022e-10
1.956110421430211e-09
-1.6345271088971584e-10
1.9494642699970224e-09
-1.4308103478640071e-10
1.9438317072679087e-09
-1.2307825413189818e-10
1.9392023872984477e-09
-1.0340698439632525e-10
1.9355668464887337e-09
-8.4031444347769244e-11
1.9329165048492811e-09
-6.4917261961622752e-11
1.9312436649269369e-09
-4.6031292667695471e-11
1.9305415088282107e-09
-2.734144825870069e-11
1.9308040951294059e-09
-8.8165348543295439e-12
1.9320263504732057e-09
9.5738998626784119e-12
1.9342040679249822e-09
2.7859717111457773e-11
1.9373338971597186e-09
4.6070326445153615e-11
6.4234825198313677e-11
2.5441317370877099e-09
-9.3088437193556585e-10
2.5046864817449619e-09
-8.7891929746032451e-10
2.4667331928350947e-09
-8.299500454205103e-10
2.4302806756199241e-09
-7.8372797885111276e-10
2.3953287742056174e-09
-7.4002631391517258e-10
2.3618702985172692e-09
-6.9863834925519124e-10
2.3298926117739177e-09
-6.5937571270237204e-10
2.2993789328137239e-09
-6.2206668103590516e-10
2.2703094004428179e-09
-5.8655460393409118e-10
2.2426619401701607e-09
-5.5269644696358703e-10
2.2164129674962686e-09
-5.2036145795855582e-10
2.191537956450085e-09
-4.8942995463968585e-10
2.1680118973238317e-09
-4.5979222751720253e-10
2.145809663507957e-09
-4.3134755009218981e-10
2.1249063039077182e-09
-4.0400328748837456e-10
2.1052772745547253e-09
-3.7767409447649884e-10
2.0868986206407953e-09
-3.5228119411440017e-10
2.0697471182155305e-09
-3.2775172872424248e-10
2.0538003831522866e-09
-3.0401817554821301e-10
2.0390369536318712e-09
-2.8101782008440627e-10
2.0254363512766743e-09
-2.5869228076581248e-10
2.0129791251518678e-09
-2.3698707927326708e-10
2.0016468820899874e-09
-2.1585125136198286e-10
1.9914223061757917e-09
-1.9523699361519248e-10
1.9822891697132703e-09
-1.7509934202643291e-10
1.9742323375761488e-09
-1.553958787435432e-10
1.9672377664945394e-09
-1.360864636964221e-10
1.9612925005424079e-09
-1.1713298817204657e-10
1.9563846638548721e-09
-9.8499147701678496e-11
1.9525034514053367e-09
-8.0150231891702213e-11
1.9496391185102346e-09
-6.2052929060525438e-11
1.9477829695900922e-09
-4.4175143742069134e-11
1.9469273466317205e-09
-2.6485825295342147e-11
1.9470656177951388e-09
-8.9548060132361233e-12
1.9481921652609413e-09
8.4473524009259598e-12
1.950302375530732e-09
2.5749506845276378e-11
1.9533926281413297e-09
4.2980073837739605e-11
6.0167167422842189e-11
2.5907852783662752e-09
-8.8688904740681373e-10
2.5485216232893598e-09
-8.3665563686831457e-10
2.5079861913851734e-09
-7.8941461004834594e-10
2.4691664029308467e-09
-7.4490818822798667e-10
2.4320427185492389e-09
-7.0290262818278113e-10
2.3965904134317096e-09
-6.6318604329810621e-10
2.3627810115754446e-09
-6.2556631032385759e-10
2.3305834390516408e-09
-5.8986910818560468e-10
2.2999649464828131e-09
-5.5593611115892841e-10
2.2708918428798683e-09
-5.2362334322780556e-10
2.2433300759208207e-09
-4.9279969091156654e-10
2.2172456876671815e-09
-4.6334556632560289e-10
2.1926051695560192e-09
-4.3515170936254862e-10
2.1693757361864917e-09
-4.0811811668976085e-10
2.1475255338341708e-09
-3.8215308510991887e-10
2.1270237966687728e-09
-3.5717235728943903e-10
2.1078409612240381e-09
-3.3309835865107341e-10
2.0899487476827021e-09
-3.0985951516654632e-10
2.0733202149201265e-09
-2.8738964277096947e-10
2.057929794930919e-09
-2.6562740008189377e-10
2.043753311189696e-09
-2.4451579701242071e-10
2.0307679846262182e-09
-2.2400175269859371e-10
2.0189524301848234e-09
-2.0403569691026961e-10
2.0082866463648668e-09
-1.8457120978569139e-10
1.9987519996698703e-09
-1.6556469532259995e-10
1.990331205514144e-09
-1.4697508457963712e-10
1.9830083068267514e-09
-1.2876356500145319e-10
1.9767686513419111e-09
-1.1089333268019227e-10
1.9715988683599224e-09
-9.3329364713195276e-11
1.9674868455962679e-09
-7.6038209122048855e-11
1.9644217065998783e-09
-5.8987790058594759e-11
1.9623937891116589e-09
-4.2147226248742334e-11
1.9613946246442687e-09
-2.5486660823274512e-11
1.9614169194644588e-09
-8.9771008291451833e-12
1.9624545370130909e-09
7.409734856198695e-12
1.964502482256135e-09
2.3701561605757383e-11
1.967556887379571e-09
3.9925668717476474e-11
5.6109055585254244e-11
2.6336287530503072e-09
-8.3987780760690803e-10
2.5886152222754902e-09
-7.9164210021414591e-10
2.5455702521224119e-09
-7.4636963620743761e-10
2.5044581575951117e-09
-7.0379609140083072e-10
2.4652386617199913e-09
-6.6368313087996106e-10
2.4278684478656818e-09
-6.2581582856004218e-10
2.3923023836412093e-09
-5.9000024555253078e-10
2.3584944782061686e-09
-5.5606120241106689e-10
2.3263986245276056e-09
-5.2384025726782507e-10
2.2959691690786851e-09
-4.9319388764376516e-10
2.2671613437366156e-09
-4.6399186548149253e-10
2.2399315881325814e-09
-4.3611581066226209e-10
2.2142377853018919e-09
-4.0945790649013824e-10
2.1900394290421089e-09
-3.8391976039913648e-10
2.1672977377635613e-09
-3.5941139380739742e-10
2.1459757266754659e-09
-3.3585034618181736e-10
2.1260382477759315e-09
-3.1316087973501918e-10
2.1074520051991172e-09
-2.9127327257534449e-10
2.0901855519364017e-09
-2.7012318949544199e-10
2.0742092727109437e-09
-2.4965112084486303e-10
2.0594953568022891e-09
-2.2980188109321805e-10
2.0460177638192359e-09
-2.105241597058421e-10
2.0337521847917486e-09
-1.9177011787382588e-10
2.0226760004439254e-09
-1.7349502542957778e-10
2.0127682381068664e-09
-1.5565693297785582e-10
2.0040095284076126e-09
-1.3821637487324025e-10
1.9963820626125269e-09
-1.2113609919971171e-10
1.9898695512992139e-09
-1.0438082136069105e-10
1.9844571848654448e-09
-8.7916998273655533e-11
1.9801315962553194e-09
-7.171262050654742e-11
1.9768808261782404e-09
-5.5737019976501788e-11
1.9746942910102318e-09
-3.9960691076070956e-11
1.9735627535066461e-09
-2.4355123315351082e-11
1.9734782963889877e-09
-8.8926437074551855e-12
1.9744342987856876e-09
6.4537324632376141e-12
1.9764254156963338e-09
2.1710444698562696e-11
1.9794475601746188e-09
3.6903524242363378e-11
5.2058727450767953e-11
2.6716938715191594e-09
-7.8996222986736887e-10
2.624043825725712e-09
-7.4399204819597023e-10
2.5786026903044045e-09
-7.0092849689126285e-10
2.5353103295480736e-09
-6.6050372822227431e-10
2.4941047223439236e-09
-6.2247752217708315e-10
2.4549232219902391e-09
-5.8663432728244236e-10
2.417703512641309e-09
-5.5278053563495824e-10
2.3823843246989773e-09
-5.2074201411826495e-10
2.3489059600243329e-09
-4.9036189237593124e-10
2.3172106681100983e-09
-4.6149859559327467e-10
2.2872429062330621e-09
-4.3402410351730269e-10
2.2589495099219998e-09
-4.0782241429380355e-10
2.2322797946442111e-09
-3.8278819117304456e-10
2.2071856052291603e-09
-3.588255709558711e-10
2.1836213260344642e-09
-3.3584711459137992e-10
2.1615438620599909e-09
-3.1377288219041867e-10
2.140912598988312e-09
-2.9252961664931109e-10
2.1216893483713477e-09
-2.7205002194633509e-10
2.1038382827898443e-09
-2.5227212390332431e-10
2.0873258647188977e-09
-2.3313870276439339e-10
2.0721207719660201e-09
-2.1459678833167122e-10
2.0581938218761477e-09
-1.9659720960802095e-10
2.0455178959651043e-09
-1.7909419195542798e-10
2.0340678662280287e-09
-1.6204499568568368e-10
2.0238205240465072e-09
-1.4540959078997429e-10
2.0147545123667535e-09
-1.2915036318754547e-10
2.006850261624468e-09
-1.1323184845185704e-10
2.0000899297429637e-09
-9.7620489473953229e-11
1.9944573464147719e-09
-8.2284414940537574e-11
1.9899379617881348e-09
-6.7193235875266963e-11
1.9865187996107419e-09
-5.2317857794717538e-11
1.9841884148377907e-09
-3.7630306298966169e-11
1.9829368556646491e-09
-2.3103564138268941e-11
1.9827556299343707e-09
-8.7114179734411168e-12
1.9836376757381397e-09
5.5716866630096682e-12
1.9855773363600176e-09
1.9770784080046972e-11
1.9885703391062261e-09
3.3910521499342788e-11
4.8015288439383336e-11
2.7038091970801953e-09
-7.3731017686577377e-10
2.65368695567158e-09
-6.9386980024927133e-10
2.6060091967027691e-09
-6.5325073384140395e-10
2.5606904763974798e-09
-6.1518500538594118e-10
2.5176464632724479e-09
-5.7943350749114265e-10
2.4767948370504722e-09
-5.4578270010221345e-10
2.4380559235836816e-09
-5.1404162158163136e-10
2.401353125832125e-09
-4.8403921600791454e-10
2.3666131988167778e-09
-4.5562196514051549e-10
2.3337664064445224e-09
-4.2865180308502274e-10
2.3027465899456075e-09
-4.0300428693315843e-10
2.2734911711086803e-09
-3.785669954022442e-10
2.24594110827746e-09
-3.5523812830564578e-10
2.2200408189508058e-09
-3.3292528160422805e-10
2.195738079587331e-09
-3.1154437520977413e-10
2.172983910686449e-09
-2.9101871327567517e-10
2.1517324532499801e-09
-2.7127815920172246e-10
2.131940841202805e-09
-2.5225840988985027e-10
2.1135690731727567e-09
-2.3390035586521274e-10
2.0965798861252924e-09
-2.1614951570977316e-10
2.0809386326522024e-09
-1.9895553485210524e-10
2.0666131631854798e-09
-1.8227174013536571e-10
2.0535737140026697e-09
-1.6605474276712262e-10
2.0417928015880721e-09
-1.5026408326595559e-10
2.0312451236859128e-09
-1.3486191288298439e-10
2.0219074672123813e-09
-1.1981270670946017e-10
2.0137586230721417e-09
-1.0508300430728394e-10
2.0067793078325238e-09
-9.0641174230204819e-11
2.0009520921510731e-09
-7.6457199255122837e-11
1.9962613358055533e-09
-6.2502479525932026e-11
1.9926931291521268e-09
-4.8749651137604414e-11
1.990235240818933e-09
-3.5172417962187855e-11
1.9888770714363299e-09
-2.1745394752179991e-11
1.9886096132158577e-09
-8.4439597495671731e-12
1.9894254150937214e-09
4.7558847884678632e-12
1.9913185534602926e-09
1.7877645716737678e-11
1.9942846079992775e-09
3.0944466963556974e-11
4.3979253788660907e-11
2.7285587686763237e-09
-6.8215293437019069e-10
2.6761859065567331e-09
-6.4149693132456688e-10
2.6264828297710143e-09
-6.0354765281800306e-10
2.5793385295706972e-09
-5.6804070256457428e-10
2.5346463286798381e-09
-5.3474130498919669e-10
2.4923043573788799e-09
-5.0344072781636955e-10
2.452215819358512e-09
-4.7395308296183503e-10
2.4142891020744276e-09
-4.4611249836005953e-10
2.3784377741015574e-09
-4.1977063694703967e-10
2.344580502163478e-09
-3.9479453101282269e-10
2.3126409127332662e-09
-3.7106469742084166e-10
2.2825474170006111e-09
-3.4847349961865766e-10
2.254233013267547e-09
-3.2692372454029974e-10
2.2276350771817187e-09
-3.0632734549729982e-10
2.2026951474235383e-09
-2.8660444543721885e-10
2.1793587123368928e-09
-2.6768227817874906e-10
2.1575750013860039e-09
-2.4949444824306983e-10
2.1372967841127046e-09
-2.3198019261038179e-10
2.1184801783670779e-09
-2.1508375011445228e-10
2.1010844689166397e-09
-1.9875380625487986e-10
2.0850719370501776e-09
-1.8294300298167203e-10
2.0704077014366284e-09
-1.6760750451818728e-10
2.0570595702482442e-09
-1.5270661157534994e-10
2.0449979043800624e-09
-1.3820241739456949e-10
2.0341954914795766e-09
-1.2405949997941947e-10
2.0246274304252203e-09
-1.1024464565211947e-10
2.0162710258464676e-09
-9.672659972560704e-11
2.0091056922593466e-09
-8.3475840640199532e-11
2.0031128673853076e-09
-7.0464374378216922e-11
1.9982759342296265e-09
-5.7665546367378977e-11
1.9945801515112598e-09
-4.5053868416340022e-11
1.9920125920575288e-09
-3.2604858505524596e-11
1.9905620888016901e-09
-2.0294891493371638e-11
1.9902191880486306e-09
-8.1010589934778348e-12
1.9909761096793086e-09
3.9989631608755978e-12
1.9928267140745243e-09
1.6027041324673298e-11
1.995766475413291e-09
2.800470562801651e-11
3.9953268036187356e-11
2.7442336451820312e-09
-6.2479242521400116e-10
2.6898954209063553e-09
-5.8715870003780429e-10
2.6384358712446188e-09
-5.5208809880042931e-10
2.5897188710162904e-09
-5.1932369964935334e-10
2.5436159755144719e-09
-4.8863840784129789e-10
2.5000064229944977e-09
-4.5983117429445631e-10
2.4587769941480619e-09
-4.3272365350920162e-10
2.419821774838094e-09
-4.0715727868530524e-10
2.3830418566912082e-09
-3.8299071858166617e-10
2.3483450010668795e-09
-3.6009767525809691e-10
2.3156452849554137e-09
-3.3836498123173362e-10
2.2848627420634328e-09
-3.1769095668046542e-10
2.2559230083678616e-09
-2.97983990817161e-10
2.2287569784552773e-09
-2.7916131556817399e-10
2.2033004767777098e-09
-2.6114794374961561e-10
2.1794939463615872e-09
-2.4387574775642136e-10
2.1572821563532654e-09
-2.272826582308068e-10
2.1366139289696552e-09
-2.1131196522416014e-10
2.1174418858499588e-09
-1.9591170699292325e-10
2.0997222134175025e-09
-1.8103413382102328e-10
2.0834144466074595e-09
-1.6663523617047724e-10
2.0684812701586904e-09
-1.5267432806837578e-10
2.0548883365842736e-09
-1.3911367799991319e-10
2.0426040998979962e-09
-1.2591818070724565e-10
2.0315996641740494e-09
-1.1305506425435402e-10
2.0218486460401962e-09
-1.0049362751705473e-10
2.0133270502461247e-09
-8.8205003930201036e-11
2.0060131574957221e-09
-7.6161947888312715e-11
1.9998874237908313e-09
-6.4338640671684549e-11
1.9949323905900572e-09
-5.2710513164793581e-11
1.9911326051486198e-09
-4.12540829729056e-11
1.9884745504622112e-09
-2.9946803816922067e-11
1.9869465842961822e-09
-1.8766925324955967e-11
1.9865388868366412e-09
-7.693361531336928e-12
1.9872434165427546e-09
3.2944334575788405e-12
1.9890538738563842e-09
1.4216584014075166e-11
1.9919656724308006e-09
2.5092907056850607e-11
3.5943022864834501e-11
2.7487755584061178e-09
-5.6560846347441545e-10
2.6928274741143474e-09
-5.3121060860421595e-10
2.6399438186640358e-09
-4.9920443892308345e-10
2.58996459489871e-09
-4.6934447316052561e-10
2.5427408526791236e-09
-4.4141466395880613e-10
2.498134182957846e-09
-4.1522450356553021e-10
2.4560161475013707e-09
-3.9060561744688764e-10
2.4162676790724546e-09
-3.6740880989515615e-10
2.3787784764600402e-09
-3.4550151575586898e-10
2.343446410975158e-09
-3.2476560964857484e-10
2.3101769553103294e-09
-3.0509552549516875e-10
2.2788826415161154e-09
-2.8639664284583258e-10
2.249482551880617e-09
-2.6858390115964742e-10
2.2219018444197185e-09
-2.5158060809597737e-10
2.1960713132522166e-09
-2.3531741257699984e-10
2.1719269831795207e-09
-2.1973141768212465e-10
2.1494097371746004e-09
-2.0476541222622128e-10
2.1284649751172254e-09
-1.9036720316814129e-10
2.1090423019136554e-09
-1.7648903379118945e-10
2.091095243065058e-09
-1.6308707497442164e-10
2.0745809857488708e-09
-1.5012097885626718e-10
2.0594601435402698e-09
-1.3755348586160104e-10
2.0456965429861216e-09
-1.2535007744737528e-10
2.0332570303613e-09
-1.1347866808378253e-10
2.0221112970556301e-09
-1.0190933094974332e-10
2.0122317221667492e-09
-9.0614052628932158e-11
2.003593230998205e-09
-7.9566512762077988e-11
1.9961731682856657e-09
-6.8741885175849508e-11
1.9899511850869312e-09
-5.8116657472676668e-11
1.9849091383844478e-09
-4.7668466461670207e-11
1.9810310025491995e-09
-3.7375947136657944e-11
1.9783027919133419e-09
-2.7218593179688379e-11
1.9767124937865334e-09
-1.7176627196395134e-11
1.97625001133779e-09
-7.2308790804651426e-12
1.9769071158183546e-09
2.6373289795233534e-12
1.9786774077268997e-09
1.2446292108416186e-11
1.9815562865046256e-09
2.2214028282397298e-11
3.1958380900910433e-11
2.7397118059836517e-09
-5.0506609274959276e-10
2.6825863744501855e-09
-4.7408516988584034e-10
2.6286807906577571e-09
-4.4529885068676469e-10
2.5778132947565766e-09
-4.1847697453280405e-10
2.5298164281978388e-09
-3.9341779574104394e-10
2.4845360050209368e-09
-3.6994407938804997e-10
2.4418301057772288e-09
-3.478997176056598e-10
2.401568114817222e-09
-3.271468185824824e-10
2.3636298132006768e-09
-3.0756321393426647e-10
2.3279045335476535e-09
-2.8904032987880081e-10
2.2942903790805366e-09
-2.714813709637051e-10
2.262693506401576e-09
-2.5479977013332678e-10
2.2330274698217461e-09
-2.3891786456417786e-10
2.2052126240155944e-09
-2.2376576228444988e-10
2.1791755812165371e-09
-2.092803697783107e-10
2.1548487189306808e-09
-1.9540455539975438e-10
2.1321697341290684e-09
-1.8208642742966804e-10
2.1110812399939945e-09
-1.6927870903879129e-10
2.0915304015020316e-09
-1.5693819530509722e-10
2.0734686063737354e-09
-1.450252798518549e-10
2.0568511681938723e-09
-1.3350354068182069e-10
2.0416370587820826e-09
-1.2233937645479824e-10
2.0277886671665099e-09
-1.1150168583631669e-10
2.0152715827711169e-09
-1.0096158369239162e-10
2.0040544006724714e-09
-9.0692148854563973e-11
1.9941085470066333e-09
-8.0668198966009913e-11
1.9854081228172009e-09
-7.0866088575006331e-11
1.9779297648222009e-09
-6.1263527182655145e-11
1.9716525217561363e-09
-5.1839414407846942e-11
1.9665577450979432e-09
-4.2573689804147463e-11
1.962628993141587e-09
-3.3447195180407711e-11
1.9598519474958735e-09
-2.4441547533508899e-11
1.9582143412200392e-09
-1.5539020919536241e-11
1.957705897919167e-09
-6.7224357780017877e-12
1.9583182811877554e-09
2.0249457130879826e-12
1.9600450539487859e-09
1.0719519350111202e-11
1.9628816471995567e-09
1.9377435034910794e-11
2.8014690190835742e-11
2.7140804362973908e-09
-4.4372317790692564e-10
2.6562943445578897e-09
-4.1629907101522714e-10
2.6018456150048494e-09
-3.9085011673272666e-10
2.5505337405369519e-09
-3.6716509737200431e-10
2.5021755148247437e-09
-3.4505956839615717e-10
2.4566034906840449e-09
-3.2437205426762565e-10
2.4136645522132139e-09
-3.0496077855411053e-10
2.3732186054001504e-09
-2.8670087143059615e-10
2.3351373859896315e-09
-2.6948199433037814e-10
2.2993033797382638e-09
-2.5320632352078327e-10
2.2656088480887897e-09
-2.3778683925876764e-10
2.2339549512583055e-09
-2.2314587327723846e-10
2.204250960398851e-09
-2.0921387369627838e-10
2.1764135505980034e-09
-1.9592835248478884e-10
2.150366166866242e-09
-1.8323298605295189e-10
2.1260384557877908e-09
-1.7107684433034355e-10
2.1033657561135044e-09
-1.5941372776556311e-10
2.0822886421937285e-09
-1.4820159512947402e-10
2.0627525147606485e-09
-1.3740206788227562e-10
2.0447072341445086e-09
-1.2697999924549388e-10
2.0281067915491247e-09
-1.1690309809557172e-10
2.0129090144996452e-09
-1.0714159941372727e-10
1.9990753030243591e-09
-9.7667974368672102e-11
1.9865703935313477e-09
-8.8456674206236267e-11
1.9753621477005082e-09
-7.9483903029794339e-11
1.9654213640309705e-09
-7.0727415301741088e-11
1.9567216099705348e-09
-6.2166334519035381e-11
1.9492390728073434e-09
-5.3780990023137822e-11
1.9429524277306185e-09
-4.5552769334002344e-11
1.9378427216698768e-09
-3.7463983745512332e-11
1.933893271702263e-09
-2.9497745214117419e-11
1.9310895769811105e-09
-2.1637852812907256e-11
1.929419243284932e-09
-1.3868687223138943e-11
1.9288719194162707e-09
-6.1751119083513146e-12
1.9294392448257426e-09
1.4576203053679956e-12
1.9311148078972549e-09
9.0439562811027984e-12
1.9338941143193743e-09
1.6598128616047532e-11
2.4134239054647603e-11
2.6683446591776298e-09
-3.8223860029118229e-10
2.6105066798401205e-09
-3.5846108470200073e-10
2.5560778399663669e-09
-3.3642127256321107e-10
2.5048428167136999e-09
-3.1593007149815687e-10
2.4566061835850072e-09
-2.9682293368433812e-10
2.4111903926598953e-09
-2.7895626239777064e-10
2.3684339608183948e-09
-2.6220434615731259e-10
2.3281898476155298e-09
-2.4645675790805499e-10
2.2903240095637763e-09
-2.3161615610025034e-10
2.2547141145075936e-09
-2.1759642837015258e-10
2.2212483998563877e-09
-2.0432112456237624e-10
2.1898246591991525e-09
-1.9172213260332419e-10
2.1603493429647508e-09
-1.7973855746134378e-10
2.1327367600838747e-09
-1.6831576961223406e-10
2.1069083689505507e-09
-1.5740459493251689e-10
2.0827921472728669e-09
-1.4696062266764664e-10
2.0603220316196543e-09
-1.3694361212801477e-10
2.039437418577075e-09
-1.2731698210241761e-10
2.0200827204278877e-09
-1.1804736974801394e-10
2.0022069691543999e-09
-1.091042479860937e-10
1.9857634633503239e-09
-1.0045959230460791e-10
1.9707094533172146e-09
-9.2087589392692596e-11
1.9570058602246827e-09
-8.3964381287148204e-11
1.9446170257427235e-09
-7.6067839734210425e-11
1.9335104890134364e-09
-6.8377366309365709e-11
1.9236567882386892e-09
-6.0873714534788413e-11
1.9150292845052126e-09
-5.3538830792303931e-11
1.9076040057862967e-09
-4.6355711309928628e-11
1.9013595093252057e-09
-3.9308272877586869e-11
1.8962767608478879e-09
-3.2381235271848163e-11
1.892339029263524e-09
-2.5560013632402799e-11
1.8895317957000657e-09
-1.8830619251110957e-11
1.887842675890833e-09
-1.2179567414575179e-11
1.887261355083225e-09
-5.5937911004328808e-12
1.8877795348232865e-09
9.394405665764634e-13
1.8893908911032106e-09
7.4326000034150092e-12
1.8920910427719094e-09
1.3897976950536878e-11
2.0347750902263599e-11
2.5982952325282036e-09
-3.213816518827708e-10
2.5411154517819557e-09
-3.0128129723591355e-10
2.4873628313564595e-09
-2.8266864800858268e-10
2.4368120583781247e-09
-2.6537929600767295e-10
2.3892597594692262e-09
-2.4927063326444939e-10
2.3445220717098816e-09
-2.3421857374230326e-10
2.3024325012916329e-09
-2.2011477521743849e-10
2.2628400405773429e-09
-2.0686429689825517e-10
2.2256075146334435e-09
-1.9438362999605651e-10
2.1906101299606565e-09
-1.8259904361706285e-10
2.1577342004571412e-09
-1.7144519502523825e-10
2.1268760282247429e-09
-1.6086396036402555e-10
2.0979409194070259e-09
-1.5080344865162121e-10
2.0708423177041522e-09
-1.4121716792526079e-10
2.045501040452362e-09
-1.3206331770048775e-10
2.0218446041790272e-09
-1.2330418641558017e-10
1.9998066283124337e-09
-1.149056362828509e-10
1.9793263072893729e-09
-1.0683666110018607e-10
1.9603479426410281e-09
-9.9069005119499501e-11
1.9428205278056675e-09
-9.1576833169350712e-11
1.9266973794150885e-09
-8.4336443931319987e-11
1.9119358096596368e-09
-7.7326019653165039e-11
1.8984968350783601e-09
-7.0525406720411472e-11
1.8863449177501146e-09
-6.3915922419141304e-11
1.8754477354167461e-09
-5.7480183987807753e-11
1.8657759775279596e-09
-5.1201956656466464e-11
1.8573031646182432e-09
-4.5066017891744839e-11
1.8500054887689225e-09
-3.9058035468462387e-11
1.8438616732206785e-09
-3.3164457335935798e-11
1.8388528494698397e-09
-2.7372411526337044e-11
1.8349624504174539e-09
-2.1669614584111158e-11
1.8321761183428618e-09
-1.6044287179387758e-11
1.8304816266602507e-09
-1.0485075733621412e-11
1.829868814591775e-09
-4.9809790324221397e-12
1.8303295341787372e-09
4.7872098033972991e-13
1.8318576092736496e-09
5.9045249103930203e-12
1.8344488042105663e-09
1.1306782016685612e-11
1.6695750365535162e-11
2.498939286813407e-09
-2.6204354476478502e-10
2.443240502123118e-09
-2.4558250617424759e-10
2.3909249542432113e-09
-2.3035309622244111e-10
2.3417630110081499e-09
-2.1621735040351275e-10
2.2955483296545729e-09
-2.0305595049247684e-10
2.2520951090288259e-09
-1.9076535228130392e-10
2.2112357008262341e-09
-1.7925536653421217e-10
2.1728185349617066e-09
-1.6844713076675676e-10
2.1367063177935949e-09
-1.5827141268837689e-10
2.1027744662210126e-09
-1.4866719197992774e-10
2.070909745116758e-09
-1.3958047389990538e-10
2.0410090798165357e-09
-1.3096329506732307e-10
2.0129785192874197e-09
-1.2277288813946078e-10
1.9867323290862062e-09
-1.1497097774787455e-10
1.9621921962689101e-09
-1.0752318491006575e-10
1.9392865310445379e-09
-1.0039852121894771e-10
1.9179498522306864e-09
-9.3568957496366469e-11
1.8981222454827203e-09
-8.7009054378526742e-11
1.8797488849065887e-09
-8.069564456826191e-11
1.8627796100423303e-09
-7.4607558328383091e-11
1.8471685513759997e-09
-6.8725385286595176e-11
1.8328737985294833e-09
-6.3031266826541494e-11
1.8198571061134151e-09
-5.7508714322548234e-11
1.8080836329480341e-09
-5.214244927028865e-11
1.7975217109564859e-09
-4.6918262011134597e-11
1.7881426405621554e-09
-4.1822886275409064e-11
1.779920509859731e-09
-3.6843887200997218e-11
1.7728320352174755e-09
-3.1969560836341216e-11
1.7668564212965295e-09
-2.7188843423592742e-11
1.7619752387610355e-09
-2.2491228997952043e-11
1.7581723182030698e-09
-1.7866694031777432e-11
1.7554336590266634e-09
-1.330562800716116e-11
1.7537473521884205e-09
-8.7987688981203175e-12
1.7531035158250214e-09
-4.3371426703450215e-12
1.7534942435611593e-09
8.7993244281402369e-14
1.7549135661851419e-09
4.485202287872163e-12
1.757357419236039e-09
8.8629289686300314e-12
1.3229542773677533e-11
2.364373605073859e-09
-2.0525236038048978e-10
2.3111061071975639e-09
-1.9231500235241804e-10
2.2611075413525194e-09
-1.8035452674080279e-10
2.2141504060258908e-09
-1.6926021287886357e-10
2.1700310186730511e-09
-1.5893656183053397e-10
2.1285665673060386e-09
-1.4930090014978007e-10
2.0895925744174874e-09
-1.4028137321181665e-10
2.0529607153475878e-09
-1.3181527146180427e-10
2.0185369397926717e-09
-1.2384763701657638e-10
1.9861998518134744e-09
-1.163301039530645e-10
1.9558393099817455e-09
-1.0921993206027536e-10
1.9273552149835252e-09
-1.0247920008342108e-10
1.9006564569954375e-09
-9.6074130177509241e-11
1.8756599994661952e-09
-8.997452025049376e-11
1.8522900796131826e-09
-8.4153265091124135e-11
1.83047750905613e-09
-7.8585950696174886e-11
1.810159060620377e-09
-7.3250509093960553e-11
1.7912769295333963e-09
-6.8126923323378327e-11
1.7737782590662987e-09
-6.319697413114894e-11
1.7576147222034483e-09
-5.8444021493530186e-11
1.7427421522025934e-09
-5.3852815311712289e-11
1.7291202159789686e-09
-4.9409330626855183e-11
1.7167121251508654e-09
-4.5100623516362653e-11
1.7054843803389443e-09
-4.0914704478321473e-11
1.6954065449551392e-09
-3.6840426645353841e-11
1.6864510452609167e-09
-3.2867386597307394e-11
1.6785929939357472e-09
-2.8985835890092753e-11
1.6718100347956844e-09
-2.5186601708751676e-11
1.6660822066420731e-09
-2.1461015280679818e-11
1.6613918245155182e-09
-1.7800846880356719e-11
1.6577233768885596e-09
-1.4198246412077751e-11
1.6550634375623158e-09
-1.0645688686483545e-11
1.6534005912023116e-09
-7.1359225420278433e-12
1.6527253710928528e-09
-3.6619225631670344e-12
1.6530302065272796e-09
-2.1684219081091022e-13
1.6543094001323405e-09
3.206008683751274e-12
1.6565590770393805e-09
6.6132520641140207e-12
1.0011435793018216e-11
2.1876396794579108e-09
-1.5219327620654216e-10
2.1379010899716156e-09
-1.4257640740128702e-10
2.0912378348602258e-09
-1.336912682951934e-10
2.047431707930597e-09
-1.2545408394163592e-10
2.0062879213572821e-09
-1.1779277406870004e-10
1.9676320971526859e-09
-1.1064507525792016e-10
1.9313077010899396e-09
-1.0395697676568477e-10
1.8971738520201781e-09
-9.768142219092396e-11
1.8651034485287368e-09
-9.1777233431952595e-11
1.8349815633779349e-09
-8.620821877195811e-11
1.8067040638473002e-09
-8.0942432535122889e-11
1.7801764227942586e-09
-7.5951559055517114e-11
1.755312691012791e-09
-7.1210398431282952e-11
1.7320346063342988e-09
-6.6696435611786171e-11
1.7102708189945637e-09
-6.2389477792534132e-11
1.6899562161783984e-09
-5.8271347920693644e-11
1.6710313314720735e-09
-5.4325624426862906e-11
1.6534418272767081e-09
-5.0537419165253791e-11
1.63713804016269e-09
-4.6893187052122315e-11
1.6220745807391172e-09
-4.3380562102599778e-11
1.6082099809308273e-09
-3.9988215533693751e-11
1.5955063826570855e-09
-3.6705732381022629e-11
1.5839292628182088e-09
-3.3523503703090877e-11
1.5734471902645341e-09
-3.043263194798263e-11
1.5640316110650535e-09
-2.7424847467003501e-11
1.555656658935079e-09
-2.4492434486314957e-11
1.5482989881446372e-09
-2.162816511652516e-11
1.5419376266188816e-09
-1.8825240197812408e-11
1.5365538472810468e-09
-1.6077235955662271e-11
1.5321310559789865e-09
-1.3378055589149745e-11
1.5286546945907013e-09
-1.0721885032706473e-11
1.5261121581273073e-09
-8.1031522301125622e-12
1.5244927250343338e-09
-5.5164894542115119e-12
1.5237875014927214e-09
-2.9566990248670791e-12
1.523989348324677e-09
-4.1868902425802323e-13
1.5250929273669726e-09
2.1024296417606156e-12
1.5270945623108914e-09
4.6116171222791263e-12
7.113692582869592e-12
1.9605565476634479e-09
-1.042365746916445e-10
1.9156189799033548e-09
-9.7638834682716217e-11
1.8734740388348354e-09
-9.1546324209538763e-11
1.8339206566808578e-09
-8.5900699978706509e-11
1.7967797601023694e-09
-8.0651876426688334e-11
1.7618913606933629e-09
-7.5756675241126075e-11
1.7291120904111526e-09
-7.1177706151519119e-11
1.6983131106400704e-09
-6.6882442252932826e-11
1.6693783341851605e-09
-6.2842456907484995e-11
1.6422029091106335e-09
-5.9032793684210591e-11
1.6166919217790777e-09
-5.5431445222039132e-11
1.5927592836726899e-09
-5.2018920984652888e-11
1.5703267726679776e-09
-4.8777887470511829e-11
1.5493232045082983e-09
-4.5692867499423581e-11
1.529683714409789e-09
-4.2749987741864248e-11
1.5113491321855497e-09
-3.9936765743199951e-11
1.494265437100545e-09
-3.7241929386640808e-11
1.4783832809882366e-09
-3.4655263095301752e-11
1.4636575700628339e-09
-3.2167476166455746e-11
1.4500470974175507e-09
-2.977008949435598e-11
1.4375142194892909e-09
-2.7455337639786171e-11
1.4260245708290683e-09
-2.5216083752505224e-11
1.4155468123960614e-09
-2.3045745299195199e-11
1.4060524093292379e-09
-2.0938228907746236e-11
1.3975154347566089e-09
-1.8887872918500779e-11
1.3899123967238471e-09
-1.6889396475287721e-11
1.3832220857512988e-09
-1.4937854163370492e-11
1.3774254409017214e-09
-1.3028595365354024e-11
1.3725054325554297e-09
-1.1157227624262368e-11
1.3684469603558296e-09
-9.3195834022778875e-12
1.3652367650253449e-09
-7.5116897128039284e-12
1.3628633529508633e-09
-5.7297401641246529e-12
1.361316932478527e-09
-3.97006898830696e-12
1.3605893595951608e-09
-2.2291261459077445e-12
1.3606741135279283e-09
-5.0344295942305162e-13
1.3615662162737162e-09
1.2103268955511672e-12
1.3632622773636707e-09
2.9155560338619444e-12
4.6155378614457639e-12
1.6735247289122341e-09
-6.2976875850774645e-11
1.6348723806911342e-09
-5.8986482000150191e-11
1.5986294008373774e-09
-5.5303341648803439e-11
1.5646204117082956e-09
-5.1891709234215013e-11
1.5326894996016235e-09
-4.8720963377712033e-11
1.5026975790192479e-09
-4.5764754127560676e-11
1.4745201729217691e-09
-4.3000299771294809e-11
1.4480455393349709e-09
-4.0407808531662416e-11
1.423173085784162e-09
-3.7970003309273093e-11
1.3998120228687205e-09
-3.567173077138807e-11
1.3778802167448391e-09
-3.3499639128557838e-11
1.3573032074071566e-09
-3.144191169194567e-11
1.338013365581911e-09
-2.948804569706177e-11
1.3199491659135692e-09
-2.7628667885181288e-11
1.3030545581127595e-09
-2.5855379994895773e-11
1.2872784209757674e-09
-2.4160628658387889e-11
1.2725740868265475e-09
-2.2537595287180395e-11
1.2588989260765461e-09
-2.0980102392248884e-11
1.2462139833426099e-09
-1.9482533476514319e-11
1.2344836579918164e-09
-1.803976418455836e-11
1.2236754231439157e-09
-1.6647102829918848e-11
1.2137595781225917e-09
-1.5300238766304872e-11
1.2047090301370006e-09
-1.3995197345905981e-11
1.1964991016272337e-09
-1.2728300427518664e-11
1.1891073602575672e-09
-1.1496131575696148e-11
1.1825134689924479e-09
-1.0295505234431463e-11
1.1766990540801689e-09
-9.1234392728135861e-12
1.1716475890910573e-09
-7.977130395505379e-12
1.167344293436413e-09
-6.8539319864585937e-12
1.1637760440350735e-09
-5.7513340154287616e-12
1.1609312989903521e-09
-4.6669446802677848e-12
1.1588000323185437e-09
-3.5984735022285204e-12
1.1573736790184377e-09
-2.5437156958824701e-12
1.1566450903983805e-09
-1.5005375313464877e-12
1.1566084978307022e-09
-4.6685039508324955e-13
1.1572594784367678e-09
5.5934628828549727e-13
1.1585949503695749e-09
1.5800841019711597e-12
2.5973376112899052e-12
1.3152923197010841e-09
-3.0288197904071871e-11
1.2846736555652943e-09
-2.8367813850479879e-11
1.2559663835319514e-09
-2.6596067186971009e-11
1.2290302241710833e-09
-2.4955548431100052e-11
1.2037406366512699e-09
-2.3431375023562665e-11
1.1799866463428399e-09
-2.2010763355794658e-11
1.1576690245204448e-09
-2.0682677709416005e-11
1.1366987590169118e-09
-1.9437542921903435e-11
1.1169957650127432e-09
-1.8267009276780272e-11
1.0984877941009293e-09
-1.7163759875672758e-11
1.0811095073450132e-09
-1.6121352413060313e-11
1.0648016843455054e-09
-1.5134088745269387e-11
1.0495105455013088e-09
-1.4196906911115412e-11
1.0351871688655398e-09
-1.3305291309052647e-11
1.0217869864049439e-09
-1.2455197593045628e-11
1.0092693472294112e-09
-1.1642989539452568e-11
9.9759713757953121e-10
-1.086538569109598e-11
9.8673644915636899e-10
-1.0119414019776034e-11
9.7665628883013256e-10
-9.4023731977469453e-12
9.6732832394131541e-10
-8.7117993399682941e-12
9.5872665836840306e-10
-8.045437298040364e-12
9.5082763532018344e-10
-7.4012157560215621e-12
9.4360966345580876e-10
-6.7772255164376128e-12
9.3705306346735395e-10
-6.1717004710480347e-12
9.3113993270307482e-10
-5.5830008405360542e-12
9.2585402577713226e-10
-5.0095983348459008e-12
9.2118064942368519e-10
-4.4500629430221005e-12
9.1710657011334429e-10
-3.9030511062025963e-12
9.1361993317518272e-10
-3.3672950667742918e-12
9.1071019235879523e-10
-2.8415932150238618e-12
9.0836804894661665e-10
-2.3248012816232657e-12
9.0658539967207071e-10
-1.8158242388297468e-12
9.0535529276650605e-10
-1.3136087991096695e-12
9.0467189172618509e-10
-8.171364975010712e-13
9.0453045772672979e-10
-3.2541639982173241e-13
9.0492727077298926e-10
1.6253324008670358e-13
9.0585972299993728e-10
6.4763187531774864e-13
1.1308531185034307e-12
8.7268099807077786e-10
-8.400054926632386e-12
8.5218025001963864e-10
-7.8670621386094304e-12
8.3295978546106878e-10
-7.3756004189073435e-12
8.1492500553015265e-10
-6.9207671934972996e-12
7.9799201335729089e-10
-6.4983821003803205e-12
7.820861124941497e-10
-6.1048620816542883e-12
7.6714055456842698e-10
-5.737119577209888e-12
7.5309549141832295e-10
-5.3924796867773865e-12
7.3989709490380167e-10
-5.0686127479932054e-12
7.2749681436214521e-10
-4.7634793598225543e-12
7.158507473184707e-10
-4.4752854168534538e-12
7.0491910369459725e-10
-4.2024451796299417e-12
6.9466574752169475e-10
-3.9435508008168911e-12
6.8505780319505918e-10
-3.6973470457345108e-12
6.7606531574469265e-10
-3.4627102046483358e-12
6.6766095654736072e-10
-3.2386304016014703e-12
6.5981976746743809e-10
-3.0241966676032678e-12
6.5251893766895062e-10
-2.8185842744096208e-12
6.4573760834918003e-10
-2.621043927695913e-12
6.3945670145850788e-10
-2.4308924956260194e-12
6.3365876913041424e-10
-2.2475050129620679e-12
6.2832786108417955e-10
-2.0703077495565159e-12
6.2344940770238571e-10
-1.8987721712752635e-12
6.19010116847596e-10
-1.7324096498420873e-12
6.1499788278400778e-10
-1.5707668075633788e-12
6.1140170581901057e-10
-1.4134213975928883e-12
6.0821162148964071e-10
-1.2599786386086582e-12
6.0541863829702899e-10
-1.1100679358249493e-12
6.0301468314092e-10
-9.6333993025789397e-13
6.0099255373887136e-10
-8.1946382997278387e-13
5.9934587744734633e-10
-6.7812500457167912e-13
5.9806907599711577e-10
-5.390228005864076e-13
5.9715733547586269e-10
-4.0186828740972059e-13
5.966065820218226e-10
-2.6638305062244091e-13
5.9641348233636854e-10
-1.3231671916678145e-13
5.9657531304749449e-10
7.0252649370236783e-16
5.9709020394233671e-10
1.3274098029857782e-13
2.6421343907662978e-13
3.3027507973201553e-10
3.224080210460069e-10
3.1503242270783459e-10
3.0811165674158702e-10
3.0161327534255479e-10
2.9550841364158737e-10
2.8977129425193058e-10
2.8437881463815444e-10
2.7931020189660371e-10
2.7454672250567578e-10
2.7007143703757918e-10
2.658689917968837e-10
2.6192544093120167e-10
2.5822809382026006e-10
2.5476538355201492e-10
2.5152675308945492e-10
2.4850255636408114e-10
2.4568397203529861e-10
2.4306292805671359e-10
2.4063203551367367e-10
2.3838453045667522e-10
2.3631422266637324e-10
2.3441545045757067e-10
2.3268304077330377e-10
2.3111227393432855e-10
2.296988525082428e-10
2.2843887384398489e-10
2.2732880588526961e-10
2.2636546593482181e-10
2.2554600208729058e-10
2.2486787706773046e-10
2.2432885425467667e-10
2.2392698595728067e-10
2.2366060289909446e-10
2.2352828617477443e-10
2.2352898869847455e-10
2.2366172967830352e-10
)
;

boundaryField
{
    hotWall
    {
        type            calculated;
        value           nonuniform List<scalar> 0();
    }
    coldWall
    {
        type            calculated;
        value           nonuniform List<scalar> 0();
    }
    bottomWall
    {
        type            calculated;
        value           nonuniform List<scalar> 0();
    }
    topWall
    {
        type            calculated;
        value           uniform 0;
    }
    front
    {
        type            empty;
    }
    back
    {
        type            empty;
    }
    procBoundary1to0
    {
        type            processor;
        value           nonuniform List<scalar> 
40
(
1.5941110965200838e-10
1.2522436923988999e-10
9.0968015157608016e-11
5.6628505193285735e-11
2.2191724377756089e-11
-1.2357014265729852e-11
-4.7032969768801093e-11
-8.1851973995139754e-11
-1.1683043300834145e-10
-1.5198532872147714e-10
-1.8733422069649949e-10
-2.2289524782709058e-10
-2.5868712961836921e-10
-2.9472916674322242e-10
-3.3104124050862567e-10
-3.6764381081300682e-10
-4.0455791211914914e-10
-4.4180514689829661e-10
-4.7940767592770868e-10
-5.1738820473634257e-10
-5.5576996539739213e-10
-5.9457669275715766e-10
-6.3383259406471045e-10
-6.7356231083104422e-10
-7.1379087158786792e-10
-7.5454363404633688e-10
-7.9584621496128763e-10
-8.3772440579520042e-10
-8.8020407203969551e-10
-9.2331103379681043e-10
-9.6707092493989699e-10
-1.0115090278681508e-09
-1.0566500805412588e-09
-1.1025180521166458e-09
-1.1491358831325184e-09
-1.1965251857522748e-09
-1.2447058991239399e-09
-1.2936958943859148e-09
-1.3435105232402649e-09
-1.3941621032850702e-09
)
;
    }
    procBoundary1to2
    {
        type            processor;
        value           nonuniform List<scalar> 
40
(
-1.4456593323773957e-09
-1.4980066231030125e-09
-1.551203346821824e-09
-1.6052429745679611e-09
-1.6601120990581585e-09
-1.7157893178998997e-09
-1.7722439523990822e-09
-1.8294345686770047e-09
-1.8873072575835974e-09
-1.9457936165375499e-09
-2.0048083593445702e-09
-2.0642464586319187e-09
-2.1239796993311718e-09
-2.1838524903064921e-09
-2.2436767446700589e-09
-2.3032255977981477e-09
-2.3622256861069183e-09
-2.4203476601779097e-09
-2.4771945540682083e-09
-2.5322875799082484e-09
-2.5850488645594119e-09
-2.6347805941810454e-09
-2.6806399835392013e-09
-2.7216094393782407e-09
-2.7564612396807881e-09
-2.7837160003226033e-09
-2.8015941431370857e-09
-2.8079595087126307e-09
-2.8002541651840634e-09
-2.7754233396805837e-09
-2.7298292255634337e-09
-2.6591521700997425e-09
-2.5582773836389337e-09
-2.4211647798373185e-09
-2.2406987547737722e-09
-2.0085132411270366e-09
-1.7147844204960437e-09
-1.3479809911078213e-09
-8.9456913507558975e-10
-3.3867512902108844e-10
)
;
    }
    procBoundary1to3
    {
        type            processor;
        value           nonuniform List<scalar> 
31
(
1.7170401913255202e-09
1.7432690776518933e-09
1.7688111301680569e-09
1.7936238437375778e-09
1.8176593595380442e-09
1.8408622489883785e-09
1.8631664043098529e-09
1.8844907498077105e-09
1.9047334235697209e-09
1.9237640104772351e-09
1.9414133384136514e-09
1.9574602859195526e-09
1.9716149992199876e-09
1.9834978883120142e-09
1.9926137781206395e-09
1.9983206426531497e-09
1.9997924611690717e-09
1.9959759176056293e-09
1.9855409284722073e-09
1.9668253379134773e-09
1.937774565459577e-09
1.895877530928434e-09
1.838100804751515e-09
1.7608236268321141e-09
1.6597771840241269e-09
1.5299923055248914e-09
1.3657604320885677e-09
1.1606131506227286e-09
9.073262074952184e-10
5.9795684362387274e-10
2.2392594311922667e-10
)
;
    }
    procBoundary1to5
    {
        type            processor;
        value           nonuniform List<scalar> 
73
(
-6.2836482961630496e-11
-2.7500222304162293e-11
7.8924308845981723e-12
4.3346469334187871e-11
7.8867078617117167e-11
1.1445960793823015e-10
1.5012954011821675e-10
1.8588246078116278e-10
2.2172402653916105e-10
2.5765993200296235e-10
2.9369587543743514e-10
3.2983752287033625e-10
3.660904704531254e-10
4.0246020486138506e-10
4.3895206151140399e-10
4.7557118035797185e-10
5.1232245902702482e-10
5.4921050302645023e-10
5.862395727686467e-10
6.2341352712945149e-10
6.6073576326242946e-10
6.9820915238231909e-10
7.3583597123091801e-10
7.7361782894051865e-10
8.1155558901601287e-10
8.4964928617124347e-10
8.8789803776967194e-10
9.26299949648475e-10
9.6485201613623867e-10
1.0035500141208965e-09
1.0423883910729536e-09
1.0813601470001591e-09
1.1204567103779116e-09
1.1596678081876241e-09
1.198981330285359e-09
1.2383831884108181e-09
6.3325915831460991e-10
5.9432852263199449e-10
5.5591260953201134e-10
5.1799140093358853e-10
4.8054436194306821e-10
4.4355054284351066e-10
4.0698866781835697e-10
3.7083721158097776e-10
3.3507446501805342e-10
2.9967859088132234e-10
2.6462767049498137e-10
2.2989974237706012e-10
1.9547283360605034e-10
1.6132498470099956e-10
1.2743426872204342e-10
9.3778805240528548e-11
6.0336769775253443e-11
2.7086399238965476e-11
-5.9940060152395474e-12
-3.8926083076039911e-11
-7.173141085328317e-11
1.3151618816781728e-09
1.3475956099462528e-09
1.3797298039034594e-09
1.411540941176253e-09
1.4430045030094221e-09
1.4740949889780553e-09
1.5047859293256087e-09
1.535049893550513e-09
1.5648584891290913e-09
1.5941823415601111e-09
1.6229910429439154e-09
1.6512530499851502e-09
1.6789355037800729e-09
-5.6360650988046368e-11
-8.3339121849896204e-11
-1.102536888554403e-10
)
;
    }
    procBoundary1to6
    {
        type            processor;
        value           nonuniform List<scalar> 
14
(
9.3175713654282962e-10
8.974801948426648e-10
8.6307191147147844e-10
8.2854362920806582e-10
7.9390594441241942e-10
7.5916875738961324e-10
7.2434131022898598e-10
6.8943221731483797e-10
6.5444949181588711e-10
6.19400570243206e-10
5.8429233635979416e-10
5.4913114519821468e-10
5.139228476272838e-10
4.7867281570155193e-10
)
;
    }
}


// ************************************************************************* //
