case_id,iteration,Ux_initial,Uy_initial,e_initial,p_rgh_initial,Nu_bar_0,Nu_bar_0_path1_snapshot,Nu_bar_half,Nu_bar_cavity,Nu_bar_1,Nu_hot_path2,Nu_cold_path2,heat_imbalance,Umax_monitor,Wmax_monitor,Vmax_monitor_legacy_alias
A-Ra1e5-fine,6001,6.058799889989744e-06,7.409817735250288e-06,2.671323674868956e-06,2.9880097600376e-06,4.531682054851787,,,,,4.531682054851787,4.53170407473083,4.859084392520925e-06,,,
A-Ra1e5-fine,6002,6.046122048762659e-06,7.395184343032672e-06,2.675978850946695e-06,3.01970130958261e-06,4.531670056394207,,,,,4.531670056394207,4.531692060818886,4.855686972477799e-06,,,
A-Ra1e5-fine,6003,6.02968377398652e-06,7.375230803467451e-06,2.680603399285876e-06,3.072408561090108e-06,4.531658009573903,,,,,4.531658009573903,4.531679998553661,4.8522916696245024e-06,,,
A-Ra1e5-fine,6004,6.011338702900268e-06,7.352626714726607e-06,2.685206173089667e-06,3.055489075685861e-06,4.531645914684984,,,,,4.531645914684984,4.531667888221296,4.848896725882912e-06,,,
A-Ra1e5-fine,6005,5.992064462529711e-06,7.328692389872891e-06,2.689781215678676e-06,3.031474309135418e-06,4.531633771998034,,,,,4.531633771998034,4.531655730095213,4.845502766864149e-06,,,
A-Ra1e5-fine,6006,5.97235761786304e-06,7.30409669922648e-06,2.694330802997919e-06,3.02716161015861e-06,4.531621581779976,,,,,4.531621581779976,4.531643524443144,4.842109970538773e-06,,,
A-Ra1e5-fine,6007,5.952441547774453e-06,7.279181283422393e-06,2.698849545224488e-06,3.034448526359598e-06,4.531609344292289,,,,,4.531609344292289,4.5316312715297515,4.838719039173364e-06,,,
A-Ra1e5-fine,6008,5.932410470991813e-06,7.2541063477352e-06,2.703334728909158e-06,3.041182099427609e-06,4.531597059794989,,,,,4.531597059794989,4.5316189716099196,4.8353288401315846e-06,,,
A-Ra1e5-fine,6009,5.912304942640318e-06,7.228940010467446e-06,2.707791133751518e-06,3.042892239798655e-06,4.531584728546706,,,,,4.531584728546706,4.53160662494388,4.831939726223567e-06,,,
A-Ra1e5-fine,6010,5.89215152516954e-06,7.203713527672943e-06,2.712215712300439e-06,3.042611175945093e-06,4.531572350804258,,,,,4.531572350804258,4.53159423178913,4.8285518472132636e-06,,,
A-Ra1e5-fine,6011,5.871966996866854e-06,7.17844612722054e-06,2.716612616103197e-06,3.043286713564112e-06,4.5315599268255955,,,,,4.5315599268255955,4.531581792404655,4.825165430872883e-06,,,
A-Ra1e5-fine,6012,5.851757538623777e-06,7.153148188369463e-06,2.720987986029062e-06,3.045100763635307e-06,4.53154745686993,,,,,4.53154745686993,4.531569307047721,4.821780047599426e-06,,,
A-Ra1e5-fine,6013,5.831530800266676e-06,7.127829503122584e-06,2.725336197024526e-06,3.047085945493011e-06,4.531534941193171,,,,,4.531534941193171,4.5315567759734465,4.818395522587601e-06,,,
A-Ra1e5-fine,6014,5.811284966365253e-06,7.102495408648465e-06,2.729655832610335e-06,3.048699347007485e-06,4.531522380052937,,,,,4.531522380052937,4.531544199443878,4.8150128323276785e-06,,,
A-Ra1e5-fine,6015,5.791026278843648e-06,7.077141502899787e-06,2.73394538730728e-06,3.050082418058225e-06,4.531509773707514,,,,,4.531509773707514,4.531531577713782,4.811631200300418e-06,,,
A-Ra1e5-fine,6016,5.770750781379947e-06,7.051769945366341e-06,2.738204689907992e-06,3.051475487952484e-06,4.531497122415548,,,,,4.531497122415548,4.531518911039417,4.808250098898594e-06,,,
A-Ra1e5-fine,6017,5.75045901232464e-06,7.026380360615658e-06,2.742432466049123e-06,3.052945742912341e-06,4.531484426431917,,,,,4.531484426431917,4.531506199682372,4.804871008541133e-06,,,
A-Ra1e5-fine,6018,5.730153280130373e-06,7.000978168874145e-06,2.746628919501869e-06,3.054427147002081e-06,4.531471686014585,,,,,4.531471686014585,4.531493443896624,4.801493049217998e-06,,,
A-Ra1e5-fine,6019,5.709829973936101e-06,6.975559153639635e-06,2.750797081695895e-06,3.05587060780645e-06,4.53145890142207,,,,,4.53145890142207,4.5314806439420625,4.798116523584444e-06,,,
A-Ra1e5-fine,6020,5.689493824155047e-06,6.95012172947618e-06,2.754938127293344e-06,3.057299569735671e-06,4.531446072913129,,,,,4.531446072913129,4.531467800075621,4.794741028495212e-06,,,
A-Ra1e5-fine,6021,5.669140972014722e-06,6.924665690673766e-06,2.759047629419085e-06,3.058707200360922e-06,4.531433200742758,,,,,4.531433200742758,4.53145491255332,4.791366789582675e-06,,,
A-Ra1e5-fine,6022,5.648774119562502e-06,6.899195980705352e-06,2.763124772104858e-06,3.060096340026834e-06,4.531420285169813,,,,,4.531420285169813,4.531441981635158,4.7879940589389945e-06,,,
A-Ra1e5-fine,6023,5.628402570436191e-06,6.87371509281894e-06,2.767169689832595e-06,3.061468967839791e-06,4.531407326451133,,,,,4.531407326451133,4.531429007576708,4.7846225565112005e-06,,,
A-Ra1e5-fine,6024,5.60802195626202e-06,6.848221609164016e-06,2.77118563425128e-06,3.062818025040316e-06,4.531394324844314,,,,,4.531394324844314,4.531415990636264,4.78125243619737e-06,,,
A-Ra1e5-fine,6025,5.58762772421484e-06,6.822712274809011e-06,2.775174951276465e-06,3.064154015142736e-06,4.531381280608575,,,,,4.531381280608575,4.531402931071442,4.77788334385106e-06,,,
A-Ra1e5-fine,6026,5.567220991323343e-06,6.797191494633834e-06,2.779133695181497e-06,3.065477005982211e-06,4.531368193997992,,,,,4.531368193997992,4.531389829139403,4.774515959846306e-06,,,
A-Ra1e5-fine,6027,5.546802409430066e-06,6.771660695412583e-06,2.783063708097995e-06,3.066780177597999e-06,4.5313550652720105,,,,,4.5313550652720105,4.531376685097986,4.771149929450873e-06,,,
A-Ra1e5-fine,6028,5.526373900025313e-06,6.74611564777916e-06,2.786962432738652e-06,3.068068913693868e-06,4.531341894685509,,,,,4.531341894685509,4.531363499203328,4.767785529860251e-06,,,
A-Ra1e5-fine,6029,5.505939545385288e-06,6.720555949966802e-06,2.790831726935389e-06,3.069345518621231e-06,4.531328682498839,,,,,4.531328682498839,4.531350271710655,4.7644216295626875e-06,,,
A-Ra1e5-fine,6030,5.485494931391423e-06,6.694980343929085e-06,2.794666132534988e-06,3.070618751843711e-06,4.531315428966994,,,,,4.531315428966994,4.531337002883835,4.761060187106195e-06,,,
A-Ra1e5-fine,6031,5.465042914605616e-06,6.669393922668348e-06,2.798468578800428e-06,3.071889429628541e-06,4.531302134347132,,,,,4.531302134347132,4.531323692973548,4.75769977207159e-06,,,
A-Ra1e5-fine,6032,5.444585833044073e-06,6.643796288699874e-06,2.80224271799907e-06,3.073144197377216e-06,4.531288798897665,,,,,4.531288798897665,4.5313103422367265,4.75434005755409e-06,,,
A-Ra1e5-fine,6033,5.424115504887244e-06,6.618189318057101e-06,2.805989161033326e-06,3.074372404724056e-06,4.531275422873934,,,,,4.531275422873934,4.531296950936328,4.750982724573053e-06,,,
A-Ra1e5-fine,6034,5.403632781825777e-06,6.592570986538691e-06,2.809709324792414e-06,3.075576878158848e-06,4.53126200653276,,,,,4.53126200653276,4.531283519323486,4.747626517148089e-06,,,
A-Ra1e5-fine,6035,5.38314415692131e-06,6.566942510567707e-06,2.813400068968116e-06,3.076757832295171e-06,4.531248550131978,,,,,4.531248550131978,4.531270047657745,4.744271812642711e-06,,,
A-Ra1e5-fine,6036,5.362646776781831e-06,6.541303288895229e-06,2.817058977633774e-06,3.077925088019846e-06,4.531235053927048,,,,,4.531235053927048,4.531256536193656,4.74091840941025e-06,,,
A-Ra1e5-fine,6037,5.342144143729219e-06,6.5156503568708e-06,2.82068522201547e-06,3.079076973720237e-06,4.531221518176385,,,,,4.531221518176385,4.531242985190306,4.737566456268997e-06,,,
A-Ra1e5-fine,6038,5.321632816372112e-06,6.489983708446254e-06,2.82428228705718e-06,3.080209211236663e-06,4.531207943134065,,,,,4.531207943134065,4.531229394902357,4.734216081463058e-06,,,
A-Ra1e5-fine,6039,5.301116233778056e-06,6.46431140340534e-06,2.827848568306427e-06,3.081318214099693e-06,4.53119432905862,,,,,4.53119432905862,4.531215765589129,4.730867459297378e-06,,,
A-Ra1e5-fine,6040,5.280592610223264e-06,6.438633262116414e-06,2.831383211799244e-06,3.082402720175255e-06,4.53118067620369,,,,,4.53118067620369,4.531202097502888,4.7275202852230905e-06,,,
A-Ra1e5-fine,6041,5.260068484177241e-06,6.412948277953516e-06,2.83488445850274e-06,3.083469530337433e-06,4.5311669848302945,,,,,4.5311669848302945,4.531188390902504,4.724174085520317e-06,,,
A-Ra1e5-fine,6042,5.239540064688978e-06,6.38725684248993e-06,2.838355311029438e-06,3.084532954679408e-06,4.531153255189114,,,,,4.531153255189114,4.531174646042406,4.720829686446852e-06,,,
A-Ra1e5-fine,6043,5.219005202760424e-06,6.361559831366739e-06,2.841796799638898e-06,3.085578255246436e-06,4.5311394875406,,,,,4.5311394875406,4.531160863182024,4.717486862441206e-06,,,
A-Ra1e5-fine,6044,5.19846211269202e-06,6.335857083067889e-06,2.845207806635577e-06,3.086595938572724e-06,4.531125682136692,,,,,4.531125682136692,4.531147042575233,4.714146040290913e-06,,,
A-Ra1e5-fine,6045,5.177913018458243e-06,6.310142223373841e-06,2.848584031000197e-06,3.08758823067753e-06,4.5311118392375,,,,,4.5311118392375,4.531133184475654,4.710805787757319e-06,,,
A-Ra1e5-fine,6046,5.157369526037083e-06,6.28441678200577e-06,2.851927060266944e-06,3.08855673760262e-06,4.531097959094723,,,,,4.531097959094723,4.5311192891439775,4.707468088785814e-06,,,
A-Ra1e5-fine,6047,5.136823249317952e-06,6.258684232181691e-06,2.855238807963192e-06,3.089519426367921e-06,4.531084041967462,,,,,4.531084041967462,4.531105356831338,4.704131184570697e-06,,,
A-Ra1e5-fine,6048,5.116264768416761e-06,6.232948112556133e-06,2.858517769916511e-06,3.090465349017436e-06,4.531070088107979,,,,,4.531070088107979,4.531091387796485,4.70079650688814e-06,,,
A-Ra1e5-fine,6049,5.095699843341371e-06,6.207207831445263e-06,2.861766952910205e-06,3.091388003826068e-06,4.531056097774468,,,,,4.531056097774468,4.531077382293054,4.6974630494391345e-06,,,
A-Ra1e5-fine,6050,5.075129624544919e-06,6.181463697450695e-06,2.864984183572012e-06,3.092294186473042e-06,4.531042071219987,,,,,4.531042071219987,4.531063340577523,4.694131566568806e-06,,,
A-Ra1e5-fine,6051,5.05455762563299e-06,6.155721635728696e-06,2.868170035633959e-06,3.093172368957639e-06,4.531028008701242,,,,,4.531028008701242,4.53104926290273,4.6908012040846785e-06,,,
A-Ra1e5-fine,6052,5.03398591070915e-06,6.129974787894363e-06,2.871329329128619e-06,3.094026713598703e-06,4.531013910473235,,,,,4.531013910473235,4.531035149527201,4.6874727394657435e-06,,,
A-Ra1e5-fine,6053,5.013411023724582e-06,6.104220028917998e-06,2.874458092455165e-06,3.094885746915446e-06,4.530999776790511,,,,,4.530999776790511,4.531021000703323,4.6841456962511964e-06,,,
A-Ra1e5-fine,6054,4.99283491488947e-06,6.078459579826807e-06,2.877558324596854e-06,3.095732480126294e-06,4.530985607906923,,,,,4.530985607906923,4.531006816687456,4.680820627288957e-06,,,
A-Ra1e5-fine,6055,4.972261476386331e-06,6.05269592954945e-06,2.880630503915592e-06,3.096556819504641e-06,4.53097140407806,,,,,4.53097140407806,4.530992597733122,4.6774970763068975e-06,,,
A-Ra1e5-fine,6056,4.951680747872392e-06,6.026932825168583e-06,2.883669985681443e-06,3.097360543020025e-06,4.530957165558904,,,,,4.530957165558904,4.5309783440964555,4.674175297025875e-06,,,
A-Ra1e5-fine,6057,4.931099040943631e-06,6.001164764099963e-06,2.886677878340149e-06,3.09813739379367e-06,4.5309428926029796,,,,,4.5309428926029796,4.5309640560290525,4.670854863752535e-06,,,
A-Ra1e5-fine,6058,4.910521768949433e-06,5.975398629629293e-06,2.88965710181338e-06,3.098893069068145e-06,4.53092858546313,,,,,4.53092858546313,4.530949733788183,4.6675367529549095e-06,,,
A-Ra1e5-fine,6059,4.889944505720588e-06,5.94963451266273e-06,2.892604890492037e-06,3.099642998321136e-06,4.530914244396287,,,,,4.530914244396287,4.5309353776281585,4.6642203860405e-06,,,
A-Ra1e5-fine,6060,4.869375491103671e-06,5.923868546620981e-06,2.895520166134203e-06,3.10036362478808e-06,4.530899869655062,,,,,4.530899869655062,4.530920987799097,4.6609052124464825e-06,,,
A-Ra1e5-fine,6061,4.848810291673801e-06,5.898100267627637e-06,2.898402015708394e-06,3.101057487247039e-06,4.530885461493658,,,,,4.530885461493658,4.530906564558607,4.6575919836111854e-06,,,
A-Ra1e5-fine,6062,4.828253346302541e-06,5.872326844358573e-06,2.901254384678264e-06,3.101730585454781e-06,4.530871020166618,,,,,4.530871020166618,4.530892108158061,4.654279999205003e-06,,,
A-Ra1e5-fine,6063,4.807697744835402e-06,5.846553460787403e-06,2.904072183802388e-06,3.102381220432939e-06,4.530856545925304,,,,,4.530856545925304,4.530877618854607,4.650970536030851e-06,,,
A-Ra1e5-fine,6064,4.787144894216818e-06,5.820783325918798e-06,2.90685990442739e-06,3.103011190899302e-06,4.530842039024607,,,,,4.530842039024607,4.5308630968968835,4.6476622137385005e-06,,,
A-Ra1e5-fine,6065,4.766589923195021e-06,5.795012372627095e-06,2.909615683138538e-06,3.103634048460583e-06,4.530827499715999,,,,,4.530827499715999,4.530848542540799,4.6443560113712754e-06,,,
A-Ra1e5-fine,6066,4.746037332150641e-06,5.769244116401317e-06,2.912339649642931e-06,3.104233498826877e-06,4.530812928255269,,,,,4.530812928255269,4.530833956038624,4.6410511517505956e-06,,,
A-Ra1e5-fine,6067,4.725480338752224e-06,5.743481683265967e-06,2.915034879343803e-06,3.10481142158294e-06,4.530798324894705,,,,,4.530798324894705,4.530819337644337,4.637748007998784e-06,,,
A-Ra1e5-fine,6068,4.704925882693029e-06,5.71772308235188e-06,2.917696969859473e-06,3.105365157713191e-06,4.530783689884517,,,,,4.530783689884517,4.530804687609863,4.634446958146678e-06,,,
A-Ra1e5-fine,6069,4.684382880439183e-06,5.69196901707062e-06,2.920325754785291e-06,3.105891899217635e-06,4.530769023477889,,,,,4.530769023477889,4.530790006187932,4.631147901518395e-06,,,
A-Ra1e5-fine,6070,4.663859944541849e-06,5.666215477301836e-06,2.922924815452785e-06,3.106392803953584e-06,4.530754325929594,,,,,4.530754325929594,4.530775293630473,4.62785021050105e-06,,,
A-Ra1e5-fine,6071,4.643337556052864e-06,5.640465837314709e-06,2.925492826845327e-06,3.106881151206865e-06,4.530739597490193,,,,,4.530739597490193,4.530760550190667,4.624554462885412e-06,,,
A-Ra1e5-fine,6072,4.622822274979965e-06,5.614717809837541e-06,2.928027132625317e-06,3.107344263511271e-06,4.530724838412084,,,,,4.530724838412084,4.530745776119874,4.621260429006282e-06,,,
A-Ra1e5-fine,6073,4.602309816227062e-06,5.588972124971942e-06,2.930532904595123e-06,3.107788638609714e-06,4.530710048945933,,,,,4.530710048945933,4.5307309716712805,4.6179686652953585e-06,,,
A-Ra1e5-fine,6074,4.581803733908662e-06,5.563234742845744e-06,2.933010575745641e-06,3.108220277532091e-06,4.530695229344706,,,,,4.530695229344706,4.530716137094192,4.614678363199171e-06,,,
A-Ra1e5-fine,6075,4.561304445161731e-06,5.537498483079086e-06,2.935454592335212e-06,3.108637970879482e-06,4.530680379859857,,,,,4.530680379859857,4.530701272642138,4.611389980545518e-06,,,
A-Ra1e5-fine,6076,4.54081002259319e-06,5.511766114109526e-06,2.937865001080655e-06,3.109028879050579e-06,4.530665500743109,,,,,4.530665500743109,4.530686378565113,4.608103135545808e-06,,,
A-Ra1e5-fine,6077,4.520322210188029e-06,5.486041901554327e-06,2.940247111645665e-06,3.109409606321353e-06,4.53065059224298,,,,,4.53065059224298,4.530671455116067,4.60481880651393e-06,,,
A-Ra1e5-fine,6078,4.499853556951473e-06,5.460323222080518e-06,2.942597582244351e-06,3.109773510327938e-06,4.53063565461298,,,,,4.53063565461298,4.530656502545231,4.60153626859889e-06,,,
A-Ra1e5-fine,6079,4.479393085175188e-06,5.434615805828641e-06,2.944916295146517e-06,3.110110038749875e-06,4.530620688104365,,,,,4.530620688104365,4.530641521102258,4.598255168435457e-06,,,
A-Ra1e5-fine,6080,4.458942491469218e-06,5.408910600154929e-06,2.94720673104628e-06,3.110422266425371e-06,4.530605692965422,,,,,4.530605692965422,4.530626511037259,4.594975907994883e-06,,,
A-Ra1e5-fine,6081,4.438496622921448e-06,5.383214365369242e-06,2.949467513467987e-06,3.110711081092497e-06,4.53059066944718,,,,,4.53059066944718,4.530611472603416,4.59169896237445e-06,,,
A-Ra1e5-fine,6082,4.41804858151164e-06,5.357522124908773e-06,2.95169754269492e-06,3.110979561059587e-06,4.530575617799399,,,,,4.530575617799399,4.5305964060491295,4.588424030753258e-06,,,
A-Ra1e5-fine,6083,4.397606905919817e-06,5.331830692796852e-06,2.953895414463017e-06,3.111228065332666e-06,4.530560538274357,,,,,4.530560538274357,4.530581311624518,4.585150636652174e-06,,,
A-Ra1e5-fine,6084,4.377179745417299e-06,5.30614988999391e-06,2.956059456930812e-06,3.111469714290545e-06,4.5305454311189814,,,,,4.5305454311189814,4.530566189579577,4.581879456903321e-06,,,
A-Ra1e5-fine,6085,4.356761437632961e-06,5.28047721146008e-06,2.958192187427359e-06,3.111687961111914e-06,4.530530296584407,,,,,4.530530296584407,4.530551040163507,4.578610064039641e-06,,,
A-Ra1e5-fine,6086,4.336368519933238e-06,5.254815782021456e-06,2.960295329161556e-06,3.1118799597265e-06,4.530515134918689,,,,,4.530515134918689,4.530535863626189,4.5753428610290824e-06,,,
A-Ra1e5-fine,6087,4.315993963234852e-06,5.22916370831354e-06,2.962366640721527e-06,3.112044286535393e-06,4.5304999463729665,,,,,4.5304999463729665,4.530520660215464,4.5720771194765335e-06,,,
A-Ra1e5-fine,6088,4.295633063691509e-06,5.203519642293248e-06,2.964403541705885e-06,3.112181288788703e-06,4.530484731193161,,,,,4.530484731193161,4.5305054301818934,4.568813863420492e-06,,,
A-Ra1e5-fine,6089,4.275280921099035e-06,5.17788677278999e-06,2.96641350570277e-06,3.112292246204035e-06,4.530469489631404,,,,,4.530469489631404,4.530490173773775,4.565552246053532e-06,,,
A-Ra1e5-fine,6090,4.254940429926847e-06,5.152260973130096e-06,2.968393043848522e-06,3.112390259338598e-06,4.530454221932816,,,,,4.530454221932816,4.530474891238373,4.5622927403418e-06,,,
A-Ra1e5-fine,6091,4.234610877974318e-06,5.126650200385968e-06,2.97034315649248e-06,3.112472788750356e-06,4.53043892834819,,,,,4.53043892834819,4.53045958282535,4.559035096823426e-06,,,
A-Ra1e5-fine,6092,4.214294639352414e-06,5.101051648140912e-06,2.972265450840062e-06,3.112543102739043e-06,4.530423609124004,,,,,4.530423609124004,4.5304442487828736,4.55577968750618e-06,,,
A-Ra1e5-fine,6093,4.193994529927543e-06,5.075463458555345e-06,2.974155357861626e-06,3.112604680028561e-06,4.530408264509225,,,,,4.530408264509225,4.5304288893587925,4.552526266067916e-06,,,
A-Ra1e5-fine,6094,4.173723173855364e-06,5.049887167365722e-06,2.976014342074674e-06,3.112644213564852e-06,4.530392894749749,,,,,4.530392894749749,4.530413504799118,4.549274857125323e-06,,,
A-Ra1e5-fine,6095,4.153464041675347e-06,5.024323843872494e-06,2.977843540309058e-06,3.112662086215681e-06,4.5303775000938895,,,,,4.5303775000938895,4.530398095352145,4.546025456278571e-06,,,
A-Ra1e5-fine,6096,4.133210671865048e-06,4.998773325433717e-06,2.979642668546053e-06,3.11265262628218e-06,4.5303620807902725,,,,,4.5303620807902725,4.530382661265938,4.542777939734207e-06,,,
A-Ra1e5-fine,6097,4.112976208715139e-06,4.973237964163237e-06,2.981409695425762e-06,3.112624170489861e-06,4.530346637080928,,,,,4.530346637080928,4.530367202785261,4.5395329100696656e-06,,,
A-Ra1e5-fine,6098,4.092759382064036e-06,4.947710966831525e-06,2.98314287478244e-06,3.112576769003446e-06,4.530331169218698,,,,,4.530331169218698,4.5303517201588654,4.5362894647796735e-06,,,
A-Ra1e5-fine,6099,4.072550203385374e-06,4.922202405669473e-06,2.984846019618104e-06,3.112506868074873e-06,4.5303156774466515,,,,,4.5303156774466515,4.530336213632201,4.533048128610834e-06,,,
A-Ra1e5-fine,6100,4.052358451711422e-06,4.896708845630779e-06,2.986517003757889e-06,3.112415573559362e-06,4.530300162009893,,,,,4.530300162009893,4.530320683452079,4.529809278100344e-06,,,
A-Ra1e5-fine,6101,4.032192536579802e-06,4.871232554068707e-06,2.988161930460538e-06,3.112303189117448e-06,4.530284623157284,,,,,4.530284623157284,4.530305129863272,4.5265720107399645e-06,,,
A-Ra1e5-fine,6102,4.01205896952459e-06,4.845776199115634e-06,2.989773862432247e-06,3.112164144041524e-06,4.530269061131435,,,,,4.530269061131435,4.530289553112812,4.523337301815008e-06,,,
A-Ra1e5-fine,6103,3.991941665552547e-06,4.820334199208021e-06,2.991352965273404e-06,3.112001658155027e-06,4.530253476180404,,,,,4.530253476180404,4.530273953444794,4.520104276457743e-06,,,
A-Ra1e5-fine,6104,3.97183641288499e-06,4.79490776516067e-06,2.992901555082684e-06,3.111820000187436e-06,4.530237868546467,,,,,4.530237868546467,4.530258331104893,4.516873684304129e-06,,,
A-Ra1e5-fine,6105,3.951748871592285e-06,4.769489142970684e-06,2.994416952087846e-06,3.111626673405245e-06,4.530222238476088,,,,,4.530222238476088,4.530242686338899,4.513645377063445e-06,,,
A-Ra1e5-fine,6106,3.931679547442065e-06,4.744089808949689e-06,2.995902298945839e-06,3.111409498780187e-06,4.530206586216198,,,,,4.530206586216198,4.530227019391011,4.510418750808964e-06,,,
A-Ra1e5-fine,6107,3.911633003657783e-06,4.718710141997092e-06,2.997357638286116e-06,3.111181436063166e-06,4.5301909120067885,,,,,4.5301909120067885,4.530211330504293,4.507194483824283e-06,,,
A-Ra1e5-fine,6108,3.891603528091785e-06,4.693351296247263e-06,2.998785868610042e-06,3.110934523248515e-06,4.530175216095013,,,,,4.530175216095013,4.530195619923735,4.503972098245472e-06,,,
A-Ra1e5-fine,6109,3.871602237631827e-06,4.668017100939831e-06,3.000186385030904e-06,3.110664126017872e-06,4.530159498722586,,,,,4.530159498722586,4.530179887896044,4.500752695456061e-06,,,
A-Ra1e5-fine,6110,3.851623221726249e-06,4.642698351379587e-06,3.001556807767249e-06,3.110370070601193e-06,4.530143760135844,,,,,4.530143760135844,4.530164134659503,4.497534497924037e-06,,,
A-Ra1e5-fine,6111,3.83166670371476e-06,4.617398296204116e-06,3.00289871288904e-06,3.110049147778615e-06,4.530128000576268,,,,,4.530128000576268,4.530148360461271,4.494318758393167e-06,,,
A-Ra1e5-fine,6112,3.811726460812355e-06,4.592114433871465e-06,3.004210822761741e-06,3.109713622819065e-06,4.530112220287154,,,,,4.530112220287154,4.530132565543387,4.49110519957029e-06,,,
A-Ra1e5-fine,6113,3.791810957373067e-06,4.566851147869748e-06,3.00549318494866e-06,3.109359182561381e-06,4.530096419511322,,,,,4.530096419511322,4.5301167501482285,4.487893722967068e-06,,,
A-Ra1e5-fine,6114,3.771925716416127e-06,4.541608977664897e-06,3.006748393918191e-06,3.108980891140109e-06,4.530080598489121,,,,,4.530080598489121,4.530100914520564,4.484685304317993e-06,,,
A-Ra1e5-fine,6115,3.75206480622262e-06,4.516397479372276e-06,3.007972729235086e-06,3.10858113542074e-06,4.530064757466902,,,,,4.530064757466902,4.530085058898797,4.481478188807821e-06,,,
A-Ra1e5-fine,6116,3.732237434004046e-06,4.491202439136204e-06,3.009165763350316e-06,3.108157098528106e-06,4.530048896685231,,,,,4.530048896685231,4.5300691835286,4.478273503727577e-06,,,
A-Ra1e5-fine,6117,3.712439562077124e-06,4.466026117477269e-06,3.010329101010999e-06,3.10771807237257e-06,4.530033016383985,,,,,4.530033016383985,4.530053288649403,4.475071149419682e-06,,,
A-Ra1e5-fine,6118,3.692663480451366e-06,4.44086891662851e-06,3.011460921625058e-06,3.107254962248119e-06,4.530017116805992,,,,,4.530017116805992,4.5300373745030145,4.471870901330051e-06,,,
A-Ra1e5-fine,6119,3.672912027402068e-06,4.415731909570109e-06,3.01256162858001e-06,3.106787806911086e-06,4.5300011981926245,,,,,4.5300011981926245,4.530021441330565,4.468672705480129e-06,,,
A-Ra1e5-fine,6120,3.653185958951875e-06,4.390621307339987e-06,3.013630463464691e-06,3.106305871827129e-06,4.529985260782386,,,,,4.529985260782386,4.530005489375344,4.465477618213874e-06,,,
A-Ra1e5-fine,6121,3.633481905748775e-06,4.365536931939526e-06,3.014665107283982e-06,3.10579892220454e-06,4.5299693048183345,,,,,4.5299693048183345,4.5299895188742765,4.462284285250851e-06,,,
A-Ra1e5-fine,6122,3.613803938839506e-06,4.340476279047871e-06,3.015672642035238e-06,3.105269464787052e-06,4.5299533305408195,,,,,4.5299533305408195,4.529973530068831,4.4590929533782345e-06,,,
A-Ra1e5-fine,6123,3.594148323373831e-06,4.315430937407315e-06,3.016655933238278e-06,3.104716382287198e-06,4.52993733818835,,,,,4.52993733818835,4.529957523199348,4.455904027027662e-06,,,
A-Ra1e5-fine,6124,3.574528098408443e-06,4.290412127403086e-06,3.017613316295067e-06,3.104135267999545e-06,4.529921328001023,,,,,4.529921328001023,4.529941498506152,4.452717555555763e-06,,,
A-Ra1e5-fine,6125,3.554944813448102e-06,4.265421756006289e-06,3.018542893488722e-06,3.103532103434219e-06,4.529905300218956,,,,,4.529905300218956,4.529925456227422,4.449533111088385e-06,,,
A-Ra1e5-fine,6126,3.535385731488874e-06,4.240465303497829e-06,3.019441192655374e-06,3.102908998312833e-06,4.529889255078959,,,,,4.529889255078959,4.529909396603832,4.446351546673275e-06,,,
A-Ra1e5-fine,6127,3.515863817509921e-06,4.215536583277993e-06,3.020309890385864e-06,3.102265335906542e-06,4.5298731928243114,,,,,4.5298731928243114,4.529893319871393,4.443171256836733e-06,,,
A-Ra1e5-fine,6128,3.496371100549579e-06,4.190631073488794e-06,3.021149541809255e-06,3.101624742700678e-06,4.529857113687624,,,,,4.529857113687624,4.529877226271696,4.439994224588381e-06,,,
A-Ra1e5-fine,6129,3.476914975974146e-06,4.165742247940173e-06,3.021960046601182e-06,3.100957690121601e-06,4.52984101791219,,,,,4.52984101791219,4.529861116040411,4.43681876601982e-06,,,
A-Ra1e5-fine,6130,3.457492832370943e-06,4.140878886415263e-06,3.022740741622203e-06,3.100267276211744e-06,4.5298249057320845,,,,,4.5298249057320845,4.529844989417644,4.433646212608747e-06,,,
A-Ra1e5-fine,6131,3.438100619486648e-06,4.116048547441245e-06,3.023491064121294e-06,3.099552504054365e-06,4.52980877738685,,,,,4.52980877738685,4.529828846639864,4.430475885899943e-06,,,
A-Ra1e5-fine,6132,3.418740903064785e-06,4.091255891810836e-06,3.024209669927241e-06,3.098812224677647e-06,4.529792633112835,,,,,4.529792633112835,4.529812687943993,4.427307911923914e-06,,,
A-Ra1e5-fine,6133,3.399420063092059e-06,4.06649504977471e-06,3.024898400046104e-06,3.098047967658089e-06,4.52977647314708,,,,,4.52977647314708,4.529796513566501,4.424142164364889e-06,,,
A-Ra1e5-fine,6134,3.380125261589422e-06,4.041753320300277e-06,3.025556066800137e-06,3.09726849487002e-06,4.529760297728218,,,,,4.529760297728218,4.529780323745106,4.420978441415415e-06,,,
A-Ra1e5-fine,6135,3.360857213641233e-06,4.017047676756379e-06,3.026181231395984e-06,3.096482872415749e-06,4.529744107087711,,,,,4.529744107087711,4.529764118716957,4.417817997922111e-06,,,
A-Ra1e5-fine,6136,3.341624880119287e-06,3.99236687901603e-06,3.026780284830609e-06,3.095683360226678e-06,4.529727901466575,,,,,4.529727901466575,4.529747898715686,4.414659203863155e-06,,,
A-Ra1e5-fine,6137,3.322448472815803e-06,3.967719718815832e-06,3.027355963757161e-06,3.0948622626326e-06,4.5297116810977505,,,,,4.5297116810977505,4.529731663977986,4.411502887033307e-06,,,
A-Ra1e5-fine,6138,3.303313800266535e-06,3.943103794175545e-06,3.027905755783014e-06,3.094015640539771e-06,4.529695446217033,,,,,4.529695446217033,4.529715414740328,4.408349196414404e-06,,,
A-Ra1e5-fine,6139,3.284210242968505e-06,3.918527008043419e-06,3.028430449442429e-06,3.093154895840351e-06,4.529679197058842,,,,,4.529679197058842,4.529699151236106,4.405197905893528e-06,,,
A-Ra1e5-fine,6140,3.265139662420146e-06,3.893986981521737e-06,3.028926546373227e-06,3.092279709415343e-06,4.529662933860327,,,,,4.529662933860327,4.5296828736997465,4.402048413467966e-06,,,
A-Ra1e5-fine,6141,3.246108912967181e-06,3.869466363343062e-06,3.029393237044201e-06,3.091383377847249e-06,4.529646656851813,,,,,4.529646656851813,4.529666582368397,4.398902225389147e-06,,,
A-Ra1e5-fine,6142,3.227121907455785e-06,3.844983426512847e-06,3.029830596607966e-06,3.090467997307531e-06,4.529630366268862,,,,,4.529630366268862,4.529650277474323,4.395758613386539e-06,,,
A-Ra1e5-fine,6143,3.208174049551029e-06,3.820524459053548e-06,3.030238513725894e-06,3.089545266395106e-06,4.529614062348401,,,,,4.529614062348401,4.529633959248987,4.3926163715234455e-06,,,
A-Ra1e5-fine,6144,3.189255178397453e-06,3.796103302025072e-06,3.03062008617149e-06,3.088616664842519e-06,4.529597745319056,,,,,4.529597745319056,4.5296176279282925,4.389477105284356e-06,,,
A-Ra1e5-fine,6145,3.170383648587198e-06,3.77172865909224e-06,3.030971749508032e-06,3.087749379388754e-06,4.529581415415469,,,,,4.529581415415469,4.529601283746094,4.38634064110949e-06,,,
A-Ra1e5-fine,6146,3.151562793148468e-06,3.747382351894173e-06,3.03129320709111e-06,3.086896057000711e-06,4.529565072871266,,,,,4.529565072871266,4.5295849269326025,4.38320622503007e-06,,,
A-Ra1e5-fine,6147,3.132786667311142e-06,3.723078140465544e-06,3.031585212768558e-06,3.086018574408646e-06,4.52954871791826,,,,,4.52954871791826,4.529568557722131,4.380074408403719e-06,,,
A-Ra1e5-fine,6148,3.114055758562321e-06,3.698808234095977e-06,3.03185080192059e-06,3.085117901576783e-06,4.529532350787235,,,,,4.529532350787235,4.529552176345011,4.3769450912024745e-06,,,
A-Ra1e5-fine,6149,3.095367935940142e-06,3.674579889926216e-06,3.032090043500561e-06,3.08419277905981e-06,4.529515971710907,,,,,4.529515971710907,4.529535783034408,4.3738183724229995e-06,,,
A-Ra1e5-fine,6150,3.076739903622956e-06,3.650383954815469e-06,3.032300710613481e-06,3.083245547704361e-06,4.529499580921995,,,,,4.529499580921995,4.529519378019406,4.3706934492614255e-06,,,
A-Ra1e5-fine,6151,3.058165487457546e-06,3.626234558360572e-06,3.032482735692577e-06,3.082275094626292e-06,4.529483178648095,,,,,4.529483178648095,4.529502961534538,4.367571853328264e-06,,,
A-Ra1e5-fine,6152,3.039624413429439e-06,3.60212196306121e-06,3.032635798889493e-06,3.081287684214345e-06,4.529466765122381,,,,,4.529466765122381,4.529486533806382,4.364452127868841e-06,,,
A-Ra1e5-fine,6153,3.021139148732422e-06,3.57804828793372e-06,3.032757336477862e-06,3.080278449541002e-06,4.529450340573593,,,,,4.529450340573593,4.52947009506811,4.361335251143193e-06,,,
A-Ra1e5-fine,6154,3.002699075659097e-06,3.554011781698634e-06,3.032849980661e-06,3.07924243313947e-06,4.529433905232853,,,,,4.529433905232853,4.529453645548235,4.358220647022256e-06,,,
A-Ra1e5-fine,6155,2.984314320170599e-06,3.530000385766734e-06,3.032913929068762e-06,3.078179115263486e-06,4.52941745932799,,,,,4.52941745932799,4.529437185477082,4.3551088664991275e-06,,,
A-Ra1e5-fine,6156,2.965973607477734e-06,3.506034015501439e-06,3.032949189101708e-06,3.077093187840573e-06,4.529401003089679,,,,,4.529401003089679,4.529420715083961,4.351999607773296e-06,,,
A-Ra1e5-fine,6157,2.947707513011069e-06,3.482117808244227e-06,3.03295454102131e-06,3.075980255198525e-06,4.529384536745738,,,,,4.529384536745738,4.529404234595451,4.348892597084377e-06,,,
A-Ra1e5-fine,6158,2.92949951970044e-06,3.458252314076766e-06,3.032935503140198e-06,3.074843012454309e-06,4.529368060525486,,,,,4.529368060525486,4.5293877442427855,4.345788256991259e-06,,,
A-Ra1e5-fine,6159,2.911359982915519e-06,3.434423631910679e-06,3.032891951518742e-06,3.07368217869676e-06,4.529351574655153,,,,,4.529351574655153,4.529371244251982,4.3426865402235555e-06,,,
A-Ra1e5-fine,6160,2.893288801682185e-06,3.410634086484986e-06,3.032818724765278e-06,3.072509693647578e-06,4.5293350793659775,,,,,4.5293350793659775,4.52935473485336,4.3395872440036565e-06,,,
A-Ra1e5-fine,6161,2.875287265982105e-06,3.386901010037128e-06,3.032717968258979e-06,3.071313195123683e-06,4.529318574881132,,,,,4.529318574881132,4.529338216272255,4.336490845419095e-06,,,
A-Ra1e5-fine,6162,2.857361866334208e-06,3.363216501057903e-06,3.032590640402028e-06,3.070096247100825e-06,4.5293020614299175,,,,,4.5293020614299175,4.529321688735468,4.333396792255234e-06,,,
A-Ra1e5-fine,6163,2.839544186777291e-06,3.339567872918897e-06,3.032433103942662e-06,3.068856484625898e-06,4.529285539238118,,,,,4.529285539238118,4.529305152470035,4.330305360798805e-06,,,
A-Ra1e5-fine,6164,2.82182463502303e-06,3.31595892389233e-06,3.032247415543498e-06,3.067591705692277e-06,4.529269008532989,,,,,4.529269008532989,4.529288607701847,4.327216249835119e-06,,,
A-Ra1e5-fine,6165,2.804207343236508e-06,3.292396581452493e-06,3.03203433846391e-06,3.066305237208816e-06,4.529252469539302,,,,,4.529252469539302,4.529272054659645,4.324130335124628e-06,,,
A-Ra1e5-fine,6166,2.786693779903135e-06,3.268879269685353e-06,3.031795865965134e-06,3.064995794874896e-06,4.529235922482596,,,,,4.529235922482596,4.529255493563531,4.321046416349858e-06,,,
A-Ra1e5-fine,6167,2.769317622884536e-06,3.245412712350379e-06,3.031532324703006e-06,3.063667075999182e-06,4.52921936758969,,,,,4.52921936758969,4.529238924644733,4.317965466538452e-06,,,
A-Ra1e5-fine,6168,2.752050033905184e-06,3.222003200246577e-06,3.03124380630171e-06,3.062317865072962e-06,4.529202805081921,,,,,4.529202805081921,4.529222348123016,4.314887138596051e-06,,,
A-Ra1e5-fine,6169,2.734891751924804e-06,3.198637486815651e-06,3.030930444796478e-06,3.060950825850388e-06,4.529186235185874,,,,,4.529186235185874,4.529205764223706,4.311811154446139e-06,,,
A-Ra1e5-fine,6170,2.717840390844146e-06,3.175316812486943e-06,3.030590475241302e-06,3.059561892755418e-06,4.529169658126536,,,,,4.529169658126536,4.529189173173039,4.308737789407247e-06,,,
A-Ra1e5-fine,6171,2.700918272957235e-06,3.152047258187639e-06,3.030222891538695e-06,3.058149374670591e-06,4.529153074124907,,,,,4.529153074124907,4.529172575192367,4.3056671209397495e-06,,,
A-Ra1e5-fine,6172,2.684092998891636e-06,3.128837577123904e-06,3.029827459958022e-06,3.056713628812139e-06,4.529136483403707,,,,,4.529136483403707,4.5291559705079205,4.3025999244326435e-06,,,
A-Ra1e5-fine,6173,2.667360490456154e-06,3.105674262391519e-06,3.029408231236608e-06,3.055255882928317e-06,4.529119886189168,,,,,4.529119886189168,4.529139359336729,4.2995341672828235e-06,,,
A-Ra1e5-fine,6174,2.650736763694026e-06,3.082569912632931e-06,3.028966365051725e-06,3.053780919666555e-06,4.529103282701385,,,,,4.529103282701385,4.52912274190742,4.29647173344997e-06,,,
A-Ra1e5-fine,6175,2.634239649755182e-06,3.059520198459855e-06,3.028499620483828e-06,3.052282829640553e-06,4.529086673162737,,,,,4.529086673162737,4.529106118438951,4.293411867352319e-06,,,
A-Ra1e5-fine,6176,2.617847906935328e-06,3.036514593288159e-06,3.028007435810361e-06,3.050758118000889e-06,4.5290700577947955,,,,,4.5290700577947955,4.529089489152786,4.290354544871139e-06,,,
A-Ra1e5-fine,6177,2.601566727886916e-06,3.013566549148084e-06,3.027487608763519e-06,3.049214699905576e-06,4.529053436818914,,,,,4.529053436818914,4.5290728542707255,4.287299864846647e-06,,,
A-Ra1e5-fine,6178,2.585393571035155e-06,2.990683670851466e-06,3.026944654885697e-06,3.047645851567574e-06,4.529036810455067,,,,,4.529036810455067,4.529056214013213,4.284247930240663e-06,,,
A-Ra1e5-fine,6179,2.569335620994999e-06,2.967842111725374e-06,3.026380823347428e-06,3.046052258965993e-06,4.529020178924955,,,,,4.529020178924955,4.529039568603184,4.2811990138445676e-06,,,
A-Ra1e5-fine,6180,2.553387261126065e-06,2.945052016193085e-06,3.025794556924815e-06,3.044439303936958e-06,4.529003542448091,,,,,4.529003542448091,4.5290229182560795,4.2781522161217596e-06,,,
A-Ra1e5-fine,6181,2.537529340665874e-06,2.922329863281113e-06,3.025185989385791e-06,3.042805292996432e-06,4.528986901243569,,,,,4.528986901243569,4.529006263195516,4.275108535661417e-06,,,
A-Ra1e5-fine,6182,2.521764737451879e-06,2.899681476510478e-06,3.024555802250361e-06,3.041146735014253e-06,4.5289702555319336,,,,,4.5289702555319336,4.528989603639208,4.2720673474751274e-06,,,
A-Ra1e5-fine,6183,2.506130351782225e-06,2.877082073545792e-06,3.023904849280542e-06,3.039465957990673e-06,4.528953605528499,,,,,4.528953605528499,4.528972939806568,4.2690295560353486e-06,,,
A-Ra1e5-fine,6184,2.490603019015178e-06,2.854541848417187e-06,3.023232091245156e-06,3.037761764192365e-06,4.528936951456783,,,,,4.528936951456783,4.52895627191281,4.26599332752198e-06,,,
A-Ra1e5-fine,6185,2.475164869809861e-06,2.832060571406961e-06,3.02253602464979e-06,3.036046560750706e-06,4.528920293531206,,,,,4.528920293531206,4.528939600180868,4.262960542258155e-06,,,
A-Ra1e5-fine,6186,2.459829229699128e-06,2.809645160884797e-06,3.021816584802228e-06,3.034310161965685e-06,4.528903631970136,,,,,4.528903631970136,4.528922924825498,4.2599304016947476e-06,,,
A-Ra1e5-fine,6187,2.444630977238626e-06,2.787295298129299e-06,3.021070900754797e-06,3.032547354840588e-06,4.528886966991422,,,,,4.528886966991422,4.528906246063163,4.256902600300616e-06,,,
A-Ra1e5-fine,6188,2.429526537958636e-06,2.765008759990619e-06,3.020300887626392e-06,3.030761901654013e-06,4.528870298809692,,,,,4.528870298809692,4.528889564114867,4.253878545402969e-06,,,
A-Ra1e5-fine,6189,2.414500763438163e-06,2.742777659049854e-06,3.019507604868253e-06,3.028961509633104e-06,4.528853627644707,,,,,4.528853627644707,4.528872879191841,4.250856353345209e-06,,,
A-Ra1e5-fine,6190,2.399556586628956e-06,2.720599722628401e-06,3.01869064597989e-06,3.027140500640538e-06,4.528836953709631,,,,,4.528836953709631,4.528856191511457,4.247836952940641e-06,,,
A-Ra1e5-fine,6191,2.384734175350211e-06,2.69849931694387e-06,3.017850735085543e-06,3.025302703389193e-06,4.528820277220693,,,,,4.528820277220693,4.528839501292444,4.2448208964710155e-06,,,
A-Ra1e5-fine,6192,2.370046750600132e-06,2.676489783200123e-06,3.016986388472933e-06,3.02344588714923e-06,4.528803598394009,,,,,4.528803598394009,4.528822808745009,4.241806878804329e-06,,,
A-Ra1e5-fine,6193,2.355460063001317e-06,2.654538120309833e-06,3.016097447137367e-06,3.021573154644635e-06,4.528786917442174,,,,,4.528786917442174,4.528806114088004,4.238796281407709e-06,,,
A-Ra1e5-fine,6194,2.340967267058554e-06,2.632666400598459e-06,3.015183771428743e-06,3.019682546775673e-06,4.52877023458086,,,,,4.52877023458086,4.528789417533563,4.23578832258165e-06,,,
A-Ra1e5-fine,6195,2.326568404153335e-06,2.610860056865666e-06,3.01424390581189e-06,3.017770649941612e-06,4.528753550023228,,,,,4.528753550023228,4.52877271929565,4.232783179836127e-06,,,
A-Ra1e5-fine,6196,2.312268006182644e-06,2.589116154025678e-06,3.013277332045142e-06,3.015837970745045e-06,4.528736863983342,,,,,4.528736863983342,4.52875601958549,4.229780226004193e-06,,,
A-Ra1e5-fine,6197,2.298064952007676e-06,2.56743267190551e-06,3.012283437695207e-06,3.013884339079012e-06,4.528720176675053,,,,,4.528720176675053,4.5287393186232965,4.226780865718347e-06,,,
A-Ra1e5-fine,6198,2.283985929334412e-06,2.545831061448027e-06,3.011265687073592e-06,3.011910654094544e-06,4.528703488307652,,,,,4.528703488307652,4.5287226166140515,4.223784147436787e-06,,,
A-Ra1e5-fine,6199,2.270002500635088e-06,2.524300825440749e-06,3.01022324336955e-06,3.009913341725049e-06,4.528686799096822,,,,,4.528686799096822,4.52870591377273,4.220789914676468e-06,,,
A-Ra1e5-fine,6200,2.25611589745383e-06,2.502852739164676e-06,3.009153386540404e-06,3.007894289270703e-06,4.528670109251379,,,,,4.528670109251379,4.528689210311132,4.217798826240759e-06,,,
A-Ra1e5-fine,6201,2.242319653959394e-06,2.481500822131798e-06,3.008058831783295e-06,3.005849507173992e-06,4.528653418983941,,,,,4.528653418983941,4.5286725064398095,4.214810425390156e-06,,,
A-Ra1e5-fine,6202,2.228639328162013e-06,2.460219876349969e-06,3.006935690375958e-06,3.003782027871168e-06,4.528636728505377,,,,,4.528636728505377,4.528655802370441,4.211824891214849e-06,,,
A-Ra1e5-fine,6203,2.215057849855348e-06,2.439030383653551e-06,3.005786778410614e-06,3.001694807231473e-06,4.528620038026815,,,,,4.528620038026815,4.528639098312669,4.208841895237012e-06,,,
A-Ra1e5-fine,6204,2.20156961750528e-06,2.417895216109146e-06,3.004611471020345e-06,2.999588530833207e-06,4.528603347754599,,,,,4.528603347754599,4.528622394477726,4.205862516767955e-06,,,
A-Ra1e5-fine,6205,2.188169074479337e-06,2.396864350590584e-06,3.00341005126622e-06,2.997459332342778e-06,4.5285866579026814,,,,,4.5285866579026814,4.528605691073767,4.202885475337437e-06,,,
A-Ra1e5-fine,6206,2.174886297330957e-06,2.375915924486086e-06,3.002185485110194e-06,2.995309336531967e-06,4.528569968678764,,,,,4.528569968678764,4.528588988309072,4.1999108988504284e-06,,,
A-Ra1e5-fine,6207,2.161716848568913e-06,2.355043768304629e-06,3.000935091012369e-06,2.993139059298425e-06,4.528553280287948,,,,,4.528553280287948,4.528572286394752,4.196940113949179e-06,,,
A-Ra1e5-fine,6208,2.148641874473328e-06,2.334260115386529e-06,2.999659932094413e-06,2.990948150048882e-06,4.528536592944195,,,,,4.528536592944195,4.528555585537496,4.193971514579683e-06,,,
A-Ra1e5-fine,6209,2.135663539152411e-06,2.313567211338333e-06,2.998359665495676e-06,2.988735685756899e-06,4.528519906850984,,,,,4.528519906850984,4.52853888594523,4.191006082794578e-06,,,
A-Ra1e5-fine,6210,2.122793299918971e-06,2.29296863502004e-06,2.997033734833494e-06,2.986502105878733e-06,4.528503222216954,,,,,4.528503222216954,4.528522187825322,4.188043537384325e-06,,,
A-Ra1e5-fine,6211,2.110012228747497e-06,2.272465444084891e-06,2.995681366713712e-06,2.984247929701938e-06,4.528486539249119,,,,,4.528486539249119,4.528505491382863,4.1850834537658186e-06,,,
A-Ra1e5-fine,6212,2.097314250167148e-06,2.252063286241803e-06,2.994303483333653e-06,2.981968844500021e-06,4.528469858153131,,,,,4.528469858153131,4.528488796827721,4.182126762814942e-06,,,
A-Ra1e5-fine,6213,2.084742076878924e-06,2.231753022999089e-06,2.992899705641105e-06,2.97966887035214e-06,4.528453179136365,,,,,4.528453179136365,4.528472104364527,4.179172858137404e-06,,,
A-Ra1e5-fine,6214,2.072283080890034e-06,2.211552549157067e-06,2.991468561962154e-06,2.977345734792894e-06,4.52843650240186,,,,,4.52843650240186,4.528455414196674,4.176221818426204e-06,,,
A-Ra1e5-fine,6215,2.059913162011892e-06,2.191445866385971e-06,2.990011170450828e-06,2.974999114537228e-06,4.528419828156756,,,,,4.528419828156756,4.52843872653084,4.173273540752646e-06,,,
A-Ra1e5-fine,6216,2.047628481090419e-06,2.171433482922126e-06,2.988528410050397e-06,2.9726307007656e-06,4.528403156605013,,,,,4.528403156605013,4.528422041571777,4.170328200112135e-06,,,
A-Ra1e5-fine,6217,2.035443560602719e-06,2.151531487526462e-06,2.987022511691993e-06,2.970242532341659e-06,4.528386487950457,,,,,4.528386487950457,4.528405359523098,4.1673857494785685e-06,,,
A-Ra1e5-fine,6218,2.023361526166281e-06,2.131742791169147e-06,2.985494314695059e-06,2.967832367672485e-06,4.528369822398076,,,,,4.528369822398076,4.528388680588524,4.164445908815458e-06,,,
A-Ra1e5-fine,6219,2.011386132215141e-06,2.112048979251187e-06,2.983940272711444e-06,2.9654019877841e-06,4.528353160147965,,,,,4.528353160147965,4.528372004970539,4.161509205580619e-06,,,
A-Ra1e5-fine,6220,1.999518393261722e-06,2.092484051550774e-06,2.98236010016365e-06,2.962951766401001e-06,4.528336501404741,,,,,4.528336501404741,4.5283553328754795,4.158576019348628e-06,,,
A-Ra1e5-fine,6221,1.987767795738162e-06,2.073047306342107e-06,2.980756359667813e-06,2.960483569386718e-06,4.528319846372486,,,,,4.528319846372486,4.5283386645004855,4.155644816964752e-06,,,
A-Ra1e5-fine,6222,1.976097714065113e-06,2.053722927169136e-06,2.979129172882665e-06,2.957994230942845e-06,4.5283031952474175,,,,,4.5283031952474175,4.528322000051096,4.152717656555893e-06,,,
A-Ra1e5-fine,6223,1.964529228469332e-06,2.034527307270913e-06,2.977473690533344e-06,2.955480880205908e-06,4.528286548237362,,,,,4.528286548237362,4.528305339727629,4.149792880018706e-06,,,
A-Ra1e5-fine,6224,1.953054613416548e-06,2.015451164462638e-06,2.975794840427437e-06,2.952946374434321e-06,4.528269905537966,,,,,4.528269905537966,4.528288683729945,4.14687141789248e-06,,,
A-Ra1e5-fine,6225,1.941687774368307e-06,1.996507056883444e-06,2.974093035753292e-06,2.950389185079323e-06,4.528253267355016,,,,,4.528253267355016,4.528272032258699,4.14395213673288e-06,,,
A-Ra1e5-fine,6226,1.930413896685409e-06,1.977687933940162e-06,2.972367449262228e-06,2.947810782371647e-06,4.528236633882669,,,,,4.528236633882669,4.528255385514445,4.141036449005616e-06,,,
A-Ra1e5-fine,6227,1.919254112041301e-06,1.95900727652532e-06,2.970617215537425e-06,2.945209257798837e-06,4.528220005323988,,,,,4.528220005323988,4.528238743697603,4.1381237710509975e-06,,,
A-Ra1e5-fine,6228,1.908200744122287e-06,1.940474569098362e-06,2.968841990070063e-06,2.942588012860891e-06,4.528203381878031,,,,,4.528203381878031,4.5282221070065605,4.135213954445906e-06,,,
A-Ra1e5-fine,6229,1.897244981390769e-06,1.922082127052706e-06,2.967040983273526e-06,2.939946555671091e-06,4.528186763741248,,,,,4.528186763741248,4.528205475637654,4.132306974338373e-06,,,
A-Ra1e5-fine,6230,1.886375884903034e-06,1.903851338252669e-06,2.965212333299646e-06,2.937281279096086e-06,4.528170151113495,,,,,4.528170151113495,4.528188849791539,4.129403006529055e-06,,,
A-Ra1e5-fine,6231,1.875617476032222e-06,1.885786288896452e-06,2.963354948219677e-06,2.934594140695026e-06,4.52815354419056,,,,,4.52815354419056,4.5281722296650075,4.126502273507905e-06,,,
A-Ra1e5-fine,6232,1.864977462556701e-06,1.867882082602954e-06,2.961475988731776e-06,2.931890365994259e-06,4.528136943171261,,,,,4.528136943171261,4.528155615455989,4.12360457821013e-06,,,
A-Ra1e5-fine,6233,1.854414540301785e-06,1.8501218581404e-06,2.959575544791155e-06,2.929164417213651e-06,4.528120348252289,,,,,4.528120348252289,4.528139007358211,4.120709266353077e-06,,,
A-Ra1e5-fine,6234,1.843965934898167e-06,1.832546790443947e-06,2.957650175161723e-06,2.926418578348409e-06,4.528103759627925,,,,,4.528103759627925,4.5281224055713,4.11781751801555e-06,,,
A-Ra1e5-fine,6235,1.833638912969151e-06,1.815151929267788e-06,2.955699938902248e-06,2.923651917315114e-06,4.528087177494284,,,,,4.528087177494284,4.528105810289211,4.1149288562350515e-06,,,
A-Ra1e5-fine,6236,1.823414002513629e-06,1.797928396112845e-06,2.953725705310781e-06,2.920865214952005e-06,4.528070602048274,,,,,4.528070602048274,4.528089221707251,4.112042927615475e-06,,,
A-Ra1e5-fine,6237,1.813268908368278e-06,1.780901836691546e-06,2.951728031253453e-06,2.918059755735928e-06,4.528054033483957,,,,,4.528054033483957,4.528072640020743,4.1091600099671385e-06,,,
A-Ra1e5-fine,6238,1.803227793566635e-06,1.764079327412768e-06,2.949706328131189e-06,2.915232258651379e-06,4.528037471994594,,,,,4.528037471994594,4.528056065423061,4.106280128464361e-06,,,
A-Ra1e5-fine,6239,1.793313342220652e-06,1.74745656364817e-06,2.947661017957485e-06,2.912387221661429e-06,4.528020917775167,,,,,4.528020917775167,4.528039498108843,4.10340320687079e-06,,,
A-Ra1e5-fine,6240,1.783483725625676e-06,1.731060291466415e-06,2.945592485162442e-06,2.909524758365699e-06,4.528004371013711,,,,,4.528004371013711,4.5280229382708965,4.1005302991805636e-06,,,
A-Ra1e5-fine,6241,1.773729372935756e-06,1.714859577595451e-06,2.943500064555379e-06,2.906641597551086e-06,4.527987831913265,,,,,4.527987831913265,4.528006386101129,4.0976589466964835e-06,,,
A-Ra1e5-fine,6242,1.76411915732758e-06,1.698894941219193e-06,2.941383820918114e-06,2.903739708522339e-06,4.527971300658235,,,,,4.527971300658235,4.52798984179292,4.094791131016347e-06,,,
A-Ra1e5-fine,6243,1.754629299223006e-06,1.683171966106779e-06,2.939242708020609e-06,2.900816877344404e-06,4.527954777441669,,,,,4.527954777441669,4.5279733055380555,4.091926573873519e-06,,,
A-Ra1e5-fine,6244,1.745230793288411e-06,1.667684220252792e-06,2.937079305251908e-06,2.897873935866954e-06,4.527938262458407,,,,,4.527938262458407,4.527956777527652,4.089064452079346e-06,,,
A-Ra1e5-fine,6245,1.735936651882951e-06,1.652440799546955e-06,2.934893398603032e-06,2.894910545060607e-06,4.527921755895021,,,,,4.527921755895021,4.527940257951674,4.086205515212402e-06,,,
A-Ra1e5-fine,6246,1.726762276529752e-06,1.637472561887829e-06,2.932685943174529e-06,2.891925324271541e-06,4.527905257941709,,,,,4.527905257941709,4.527923747001909,4.083350113878508e-06,,,
A-Ra1e5-fine,6247,1.717691154322529e-06,1.622792238804795e-06,2.93045313442817e-06,2.888920200688036e-06,4.527888768791173,,,,,4.527888768791173,4.5279072448675395,4.0804974711792465e-06,,,
A-Ra1e5-fine,6248,1.708694339076185e-06,1.608393571365384e-06,2.928194959750252e-06,2.885894416520373e-06,4.527872288629056,,,,,4.527872288629056,4.527890751737847,4.077648390061851e-06,,,
A-Ra1e5-fine,6249,1.699794090179258e-06,1.594269897480465e-06,2.925915609505564e-06,2.882851555478192e-06,4.527855817649422,,,,,4.527855817649422,4.527874267801667,4.074801715822022e-06,,,
A-Ra1e5-fine,6250,1.691059298819117e-06,1.580442498908003e-06,2.923615507085652e-06,2.87978930245015e-06,4.527839356034518,,,,,4.527839356034518,4.527857793247953,4.071958929533343e-06,,,
A-Ra1e5-fine,6251,1.682409861664645e-06,1.56696448553784e-06,2.921290722419044e-06,2.876708687924853e-06,4.527822903976131,,,,,4.527822903976131,4.527841328262346,4.069118673660824e-06,,,
A-Ra1e5-fine,6252,1.673855622517451e-06,1.55385369198179e-06,2.918942656336942e-06,2.873612176485081e-06,4.527806461661616,,,,,4.527806461661616,4.527824873035048,4.066281576970964e-06,,,
A-Ra1e5-fine,6253,1.665433437204315e-06,1.541066363233404e-06,2.91657062116359e-06,2.870497414420238e-06,4.527790029276049,,,,,4.527790029276049,4.527808427750916,4.063447590898714e-06,,,
A-Ra1e5-fine,6254,1.657129946977604e-06,1.528606403539223e-06,2.914175292590622e-06,2.867363647831457e-06,4.527773607005768,,,,,4.527773607005768,4.527791992598101,4.060617115695099e-06,,,
A-Ra1e5-fine,6255,1.648901720085775e-06,1.516512353889595e-06,2.911757596867408e-06,2.864212211055336e-06,4.5277571950387046,,,,,4.5277571950387046,4.527775567759637,4.057789069610526e-06,,,
A-Ra1e5-fine,6256,1.640782040077692e-06,1.504915753525227e-06,2.909316937893963e-06,2.86104328606657e-06,4.527740793557317,,,,,4.527740793557317,4.527759153426634,4.054965363350251e-06,,,
A-Ra1e5-fine,6257,1.63279523844205e-06,1.493723776084163e-06,2.906851809943987e-06,2.857856358808102e-06,4.527724402747936,,,,,4.527724402747936,4.527742749776099,4.052143937684788e-06,,,
A-Ra1e5-fine,6258,1.62490655544087e-06,1.482941695631161e-06,2.904362456811942e-06,2.854650757467173e-06,4.527708022795318,,,,,4.527708022795318,4.527726356996416,4.049325593628776e-06,,,
A-Ra1e5-fine,6259,1.617143543680879e-06,1.472636066485192e-06,2.901851364894451e-06,2.851426876420252e-06,4.527691653884061,,,,,4.527691653884061,4.52770997527141,4.046510160407394e-06,,,
A-Ra1e5-fine,6260,1.609502451708227e-06,1.462818003388903e-06,2.899319130295789e-06,2.848185270428287e-06,4.527675296194048,,,,,4.527675296194048,4.527693604783328,4.043698159516912e-06,,,
A-Ra1e5-fine,6261,1.601968786823602e-06,1.453565318002888e-06,2.896763950413237e-06,2.844926095417368e-06,4.527658949913077,,,,,4.527658949913077,4.52767724571668,4.040888865424292e-06,,,
A-Ra1e5-fine,6262,1.594531798145432e-06,1.444946791489634e-06,2.894185616006162e-06,2.841648037124417e-06,4.527642615218495,,,,,4.527642615218495,4.527660898252228,4.038083031892368e-06,,,
A-Ra1e5-fine,6263,1.58721701707523e-06,1.437092976233769e-06,2.891584068208327e-06,2.838352318899382e-06,4.527626292294486,,,,,4.527626292294486,4.527644562572778,4.035280354363468e-06,,,
A-Ra1e5-fine,6264,1.580034460422047e-06,1.430022199423841e-06,2.888962002041396e-06,2.835041170270427e-06,4.527609981321916,,,,,4.527609981321916,4.527628238857848,4.03248053514478e-06,,,
A-Ra1e5-fine,6265,1.572949733858724e-06,1.423564718669482e-06,2.886322031617059e-06,2.831713600437165e-06,4.52759368248235,,,,,4.52759368248235,4.527611927291264,4.0296840733786405e-06,,,
A-Ra1e5-fine,6266,1.56597578365416e-06,1.417645284492851e-06,2.883659121656005e-06,2.828364508752354e-06,4.527577395954382,,,,,4.527577395954382,4.527595628049814,4.0268905703475425e-06,,,
A-Ra1e5-fine,6267,1.559144754808582e-06,1.412251184294893e-06,2.880972967812425e-06,2.824994341563601e-06,4.52756112191844,,,,,4.52756112191844,4.527579341315505,4.024100374541203e-06,,,
A-Ra1e5-fine,6268,1.552427671680462e-06,1.407352873113845e-06,2.878266543619368e-06,2.821605264517598e-06,4.527544860553235,,,,,4.527544860553235,4.527563067265808,4.0213132120043936e-06,,,
A-Ra1e5-fine,6269,1.545822069559056e-06,1.402923968174542e-06,2.875537318633006e-06,2.818198965539294e-06,4.527528612038737,,,,,4.527528612038737,4.527546806082501,4.018529481843736e-06,,,
A-Ra1e5-fine,6270,1.539346375877962e-06,1.398918265862292e-06,2.872788556450532e-06,2.814775840366048e-06,4.5275123765528615,,,,,4.5275123765528615,4.5275305579395315,4.015748307658141e-06,,,
A-Ra1e5-fine,6271,1.532988460365725e-06,1.39532362928964e-06,2.870017868269601e-06,2.811336419201711e-06,4.5274961542710335,,,,,4.5274961542710335,4.527514323018002,4.012970943284787e-06,,,
A-Ra1e5-fine,6272,1.526726908297287e-06,1.392112719113183e-06,2.86722303966826e-06,2.807883773265492e-06,4.527479945374014,,,,,4.527479945374014,4.527498101494123,4.010196383628309e-06,,,
A-Ra1e5-fine,6273,1.52059645849649e-06,1.389301236920583e-06,2.864405412024291e-06,2.804414601730754e-06,4.527463750035055,,,,,4.527463750035055,4.527481893543769,4.007425207698487e-06,,,
A-Ra1e5-fine,6274,1.514589793972358e-06,1.386899657802234e-06,2.861564500408812e-06,2.800933331009597e-06,4.52744756843254,,,,,4.52744756843254,4.527465699342932,4.004656887686339e-06,,,
A-Ra1e5-fine,6275,1.508705007975131e-06,1.384874588968441e-06,2.858703716917037e-06,2.797433274946272e-06,4.527431400740738,,,,,4.527431400740738,4.527449519067934,4.001891876072455e-06,,,
A-Ra1e5-fine,6276,1.502966852032901e-06,1.38317526799789e-06,2.855823786910816e-06,2.79391889111882e-06,4.527415247133606,,,,,4.527415247133606,4.527433352895332,3.999130747562827e-06,,,
A-Ra1e5-fine,6277,1.497370289306867e-06,1.381832644947031e-06,2.852922303474779e-06,2.790393826108622e-06,4.527399107788485,,,,,4.527399107788485,4.52741720099475,3.996371797872361e-06,,,
A-Ra1e5-fine,6278,1.491890711646788e-06,1.380816126545748e-06,2.84999987825425e-06,2.786855149324148e-06,4.5273829828790895,,,,,4.5273829828790895,4.527401063545131,3.9936161810149e-06,,,
A-Ra1e5-fine,6279,1.486527106061754e-06,1.380150314164815e-06,2.84705599386893e-06,2.783302816382001e-06,4.52736687257607,,,,,4.52736687257607,4.527384940717798,3.9908640459981505e-06,,,
A-Ra1e5-fine,6280,1.481281721474583e-06,1.379810482399635e-06,2.844091545876955e-06,2.779734606477143e-06,4.52735077705472,,,,,4.52735077705472,4.5273688326864665,3.988115043727629e-06,,,
A-Ra1e5-fine,6281,1.476164950854141e-06,1.379807544655494e-06,2.841106801713842e-06,2.776151580637371e-06,4.527334696487401,,,,,4.527334696487401,4.527352739623486,3.985369171953986e-06,,,
A-Ra1e5-fine,6282,1.471170997105277e-06,1.380087427437433e-06,2.838100133189915e-06,2.77255778945905e-06,4.527318631043614,,,,,4.527318631043614,4.527336661699385,3.982626657374192e-06,,,
A-Ra1e5-fine,6283,1.466325124964241e-06,1.380699878837882e-06,2.835070798177884e-06,2.768950959701747e-06,4.527302580897637,,,,,4.527302580897637,4.527320599086967,3.979887174040138e-06,,,
A-Ra1e5-fine,6284,1.461620709750048e-06,1.381583022397163e-06,2.832020644833346e-06,2.76532897120869e-06,4.527286546218764,,,,,4.527286546218764,4.527304551956537,3.9771509455113115e-06,,,
A-Ra1e5-fine,6285,1.457057265955555e-06,1.38276388887777e-06,2.82894848937503e-06,2.761694383825295e-06,4.527270527176599,,,,,4.527270527176599,4.527288520477829,3.974417999951867e-06,,,
A-Ra1e5-fine,6286,1.452633087400928e-06,1.384262664497378e-06,2.825856619947164e-06,2.758051476840333e-06,4.527254523944866,,,,,4.527254523944866,4.527272504822509,3.971687882910457e-06,,,
A-Ra1e5-fine,6287,1.448324838236588e-06,1.386040660050937e-06,2.82274708398185e-06,2.754398641917483e-06,4.527238536686241,,,,,4.527238536686241,4.5272565051594045,3.968961953274445e-06,,,
A-Ra1e5-fine,6288,1.44416681671937e-06,1.388104420630633e-06,2.819618181099772e-06,2.750734751673077e-06,4.5272225655757,,,,,4.5272225655757,4.527240521653699,3.966238047627555e-06,,,
A-Ra1e5-fine,6289,1.440137368682613e-06,1.390408472970316e-06,2.81647023314856e-06,2.74705893346164e-06,4.527206610777058,,,,,4.527206610777058,4.52722455447763,3.963518026701886e-06,,,
A-Ra1e5-fine,6290,1.436222056503365e-06,1.393013264294076e-06,2.813301390805236e-06,2.743369200902583e-06,4.527190672462097,,,,,4.527190672462097,4.527208603797183,3.96080060951425e-06,,,
A-Ra1e5-fine,6291,1.432463477452985e-06,1.395874855197008e-06,2.810111176932867e-06,2.739668149879748e-06,4.52717475079203,,,,,4.52717475079203,4.527192669780609,3.958087350962691e-06,,,
A-Ra1e5-fine,6292,1.428867824215252e-06,1.399011994074807e-06,2.806900629164035e-06,2.735953637445346e-06,4.527158845938174,,,,,4.527158845938174,4.527176752593893,3.955377073057733e-06,,,
A-Ra1e5-fine,6293,1.425408241093536e-06,1.402416253263018e-06,2.80367136689838e-06,2.732230211389715e-06,4.527142958065275,,,,,4.527142958065275,4.527160852400746,3.952669547157183e-06,,,
A-Ra1e5-fine,6294,1.422116041075539e-06,1.406058913059891e-06,2.800423840193784e-06,2.728494636100661e-06,4.527127087338951,,,,,4.527127087338951,4.527144969369762,3.949965430410908e-06,,,
A-Ra1e5-fine,6295,1.41896067271882e-06,1.409958949551948e-06,2.797155092121534e-06,2.724728300916034e-06,4.527111233922935,,,,,4.527111233922935,4.527129103664767,3.947264743538919e-06,,,
A-Ra1e5-fine,6296,1.415944684617113e-06,1.414094380242846e-06,2.79386544636649e-06,2.720974734980908e-06,4.527095397980249,,,,,4.527095397980249,4.527113255451399,3.9445680640522176e-06,,,
A-Ra1e5-fine,6297,1.413076045562437e-06,1.418488776178783e-06,2.790555072217981e-06,2.717206350084959e-06,4.527079579677098,,,,,4.527079579677098,4.527097424890305,3.941874164308648e-06,,,
A-Ra1e5-fine,6298,1.410344398942367e-06,1.423150322708991e-06,2.78722577578761e-06,2.713420021208314e-06,4.527063779178321,,,,,4.527063779178321,4.5270816121471205,3.939183220209897e-06,,,
A-Ra1e5-fine,6299,1.407764427953054e-06,1.428031307616477e-06,2.783875884607514e-06,2.709617269703125e-06,4.527047996647298,,,,,4.527047996647298,4.527065817385552,3.936495303679431e-06,,,
A-Ra1e5-fine,6300,1.405349566255983e-06,1.433160001343278e-06,2.78050671328124e-06,2.705799056936532e-06,4.52703223224319,,,,,4.52703223224319,4.527050040765107,3.93381049115816e-06,,,
A-Ra1e5-fine,6301,1.403100845440289e-06,1.438500333359315e-06,2.777119590092206e-06,2.70196647490242e-06,4.527016486128674,,,,,4.527016486128674,4.527034282451088,3.931129362716135e-06,,,
A-Ra1e5-fine,6302,1.40101315874185e-06,1.44408194365626e-06,2.773714096798242e-06,2.698131264186476e-06,4.5270007584663325,,,,,4.5270007584663325,4.527018542599809,3.928450533342703e-06,,,
A-Ra1e5-fine,6303,1.399072735027666e-06,1.449894651980626e-06,2.770288572443578e-06,2.694287924684738e-06,4.526985049412927,,,,,4.526985049412927,4.527002821375438,3.925775639426872e-06,,,
A-Ra1e5-fine,6304,1.397318307361283e-06,1.455967168280711e-06,2.766841828920932e-06,2.690428381617244e-06,4.526969359130819,,,,,4.526969359130819,4.526987118937815,3.923104123508051e-06,,,
A-Ra1e5-fine,6305,1.395706463855376e-06,1.462247824140649e-06,2.763377783650164e-06,2.686550141575642e-06,4.526953687780407,,,,,4.526953687780407,4.526971435447242,3.920435964326435e-06,,,
A-Ra1e5-fine,6306,1.394241740258762e-06,1.468751705716657e-06,2.759896354857959e-06,2.68265328496588e-06,4.526938035518355,,,,,4.526938035518355,4.5269557710607184,3.917771235781346e-06,,,
A-Ra1e5-fine,6307,1.392934510273138e-06,1.475453741662207e-06,2.756395399142155e-06,2.67874949944964e-06,4.526922402504738,,,,,4.526922402504738,4.526940125935359,3.915109284070589e-06,,,
A-Ra1e5-fine,6308,1.391816172439335e-06,1.482395078941286e-06,2.752874759324118e-06,2.674837843984471e-06,4.526906788897127,,,,,4.526906788897127,4.5269245002322585,3.912450887638674e-06,,,
A-Ra1e5-fine,6309,1.390901416291666e-06,1.489562604959358e-06,2.749333968020822e-06,2.670910785321576e-06,4.526891194852509,,,,,4.526891194852509,4.526908894107398,3.909795823734295e-06,,,
A-Ra1e5-fine,6310,1.390164787415452e-06,1.496966973526481e-06,2.745776113961565e-06,2.666971541337935e-06,4.526875620527222,,,,,4.526875620527222,4.526893307717889,3.907144263770584e-06,,,
A-Ra1e5-fine,6311,1.389587131638716e-06,1.504576192151474e-06,2.742200352716984e-06,2.663019951476405e-06,4.52686006607837,,,,,4.52686006607837,4.526877741220734,3.9044961849235516e-06,,,
A-Ra1e5-fine,6312,1.389180870465216e-06,1.512381191217127e-06,2.73860656971389e-06,2.6590556953828e-06,4.5268445316639845,,,,,4.5268445316639845,4.52686219476816,3.901850304949145e-06,,,
A-Ra1e5-fine,6313,1.388938950829714e-06,1.520409371631069e-06,2.734996196573892e-06,2.655078726144131e-06,4.5268290174341255,,,,,4.5268290174341255,4.5268466685197835,3.899208734718086e-06,,,
A-Ra1e5-fine,6314,1.388888241434803e-06,1.52865402875161e-06,2.731368067626193e-06,2.651090906217814e-06,4.526813523546482,,,,,4.526813523546482,4.5268311626259,3.896569840979506e-06,,,
A-Ra1e5-fine,6315,1.389019115357781e-06,1.537132490905759e-06,2.727720304214908e-06,2.647091466811129e-06,4.526798050154981,,,,,4.526798050154981,4.526815677243622,3.893934327643301e-06,,,
A-Ra1e5-fine,6316,1.389383530832034e-06,1.545832281435642e-06,2.724055075576525e-06,2.643085180827753e-06,4.526782597414356,,,,,4.526782597414356,4.526800212525861,3.891301791642973e-06,,,
A-Ra1e5-fine,6317,1.389939927088191e-06,1.554738419856118e-06,2.720372976588546e-06,2.639062298220546e-06,4.526767165472732,,,,,4.526767165472732,4.526784768624841,3.888673138993137e-06,,,
A-Ra1e5-fine,6318,1.390697600427356e-06,1.563856640437265e-06,2.716672771831748e-06,2.635027099680866e-06,4.526751754486327,,,,,4.526751754486327,4.52676934569313,3.886047562837401e-06,,,
A-Ra1e5-fine,6319,1.391634231573896e-06,1.573203054288925e-06,2.712954554285772e-06,2.630977510151814e-06,4.526736364606447,,,,,4.526736364606447,4.526753943881705,3.883424990517473e-06,,,
A-Ra1e5-fine,6320,1.392774483128333e-06,1.5827656043324e-06,2.709215347191563e-06,2.626916177168262e-06,4.526720995983169,,,,,4.526720995983169,4.5267385633447255,3.88080632413246e-06,,,
A-Ra1e5-fine,6321,1.394116113580322e-06,1.592589147861334e-06,2.705457289194319e-06,2.62284374019987e-06,4.526705648770303,,,,,4.526705648770303,4.526723204228962,3.878190008288028e-06,,,
A-Ra1e5-fine,6322,1.395722586975099e-06,1.60266537765666e-06,2.701680585817361e-06,2.618763405888025e-06,4.526690323113824,,,,,4.526690323113824,4.52670786668789,3.875577699900769e-06,,,
A-Ra1e5-fine,6323,1.397566087070441e-06,1.612979218978801e-06,2.697885811530415e-06,2.614669926289179e-06,4.526675019165056,,,,,4.526675019165056,4.526692550868619,3.872968467710724e-06,,,
A-Ra1e5-fine,6324,1.39965109798708e-06,1.623460052669163e-06,2.694076243633629e-06,2.610560814404085e-06,4.526659737073945,,,,,4.526659737073945,4.5266772569215625,3.870362415257223e-06,,,
A-Ra1e5-fine,6325,1.401967666768849e-06,1.634054551907396e-06,2.690249988944491e-06,2.606441333423353e-06,4.526644476986919,,,,,4.526644476986919,4.526661984995759,3.8677601189514535e-06,,,
A-Ra1e5-fine,6326,1.404519686056754e-06,1.644734919901252e-06,2.686407828598096e-06,2.602313971273833e-06,4.526629239053701,,,,,4.526629239053701,4.526646735237297,3.865160776238068e-06,,,
A-Ra1e5-fine,6327,1.407335254444521e-06,1.655559191875382e-06,2.682547695096835e-06,2.598178016048196e-06,4.5266140234207315,,,,,4.5266140234207315,4.526631507795219,3.862564961371997e-06,,,
A-Ra1e5-fine,6328,1.4104793312427e-06,1.666472643899938e-06,2.678671806261492e-06,2.594031894381966e-06,4.526598830235117,,,,,4.526598830235117,4.526616302814135,3.859972122944816e-06,,,
A-Ra1e5-fine,6329,1.413994911835591e-06,1.677452039236678e-06,2.674779205547855e-06,2.589876952927128e-06,4.526583659643393,,,,,4.526583659643393,4.526601120442866,3.857382765756519e-06,,,
A-Ra1e5-fine,6330,1.417891335405826e-06,1.688493919236919e-06,2.67086967650257e-06,2.585710937983364e-06,4.526568511791085,,,,,4.526568511791085,4.526585960824651,3.854796384702778e-06,,,
A-Ra1e5-fine,6331,1.422072246815063e-06,1.699597511771288e-06,2.666946048783098e-06,2.581535891735841e-06,4.5265533868222265,,,,,4.5265533868222265,4.5265708241070595,3.852213761055674e-06,,,
A-Ra1e5-fine,6332,1.426540689000355e-06,1.710788433785298e-06,2.663004680274126e-06,2.577352406992268e-06,4.526538284883373,,,,,4.526538284883373,4.526555710432766,3.849634037111386e-06,,,
A-Ra1e5-fine,6333,1.431256451052226e-06,1.722052907270036e-06,2.659043556218925e-06,2.573161266087853e-06,4.526523206116506,,,,,4.526523206116506,4.526540619947175,3.847057969229259e-06,,,
A-Ra1e5-fine,6334,1.436255865365369e-06,1.733384900541304e-06,2.655066485650997e-06,2.568961196570171e-06,4.52650815066454,,,,,4.52650815066454,4.526525552792398,3.844485379788226e-06,,,
A-Ra1e5-fine,6335,1.441530877930855e-06,1.74475245512234e-06,2.651071702769886e-06,2.564749363139248e-06,4.5264931186724215,,,,,4.5264931186724215,4.526510509111109,3.8419157668166e-06,,,
A-Ra1e5-fine,6336,1.447040093671241e-06,1.75616226092373e-06,2.647060705339814e-06,2.560530397874849e-06,4.526478110280551,,,,,4.526478110280551,4.526495489047239,3.839349910230184e-06,,,
A-Ra1e5-fine,6337,1.45275034733992e-06,1.767640740851384e-06,2.643035946876659e-06,2.556301684205747e-06,4.526463125634451,,,,,4.526463125634451,4.526480492743008,3.836787080247206e-06,,,
A-Ra1e5-fine,6338,1.458675650941659e-06,1.77916991879091e-06,2.638995873815323e-06,2.55206062827836e-06,4.526448164868953,,,,,4.526448164868953,4.5264655203367745,3.834228056205631e-06,,,
A-Ra1e5-fine,6339,1.464901858532863e-06,1.790732996543427e-06,2.634936663405851e-06,2.547811180431935e-06,4.526433228131393,,,,,4.526433228131393,4.5264505719695105,3.831671432145422e-06,,,
A-Ra1e5-fine,6340,1.471325523285217e-06,1.802335271922306e-06,2.630859677633577e-06,2.543552999401785e-06,4.526418315556388,,,,,4.526418315556388,4.5264356477834315,3.829118886485368e-06,,,
A-Ra1e5-fine,6341,1.477942691028709e-06,1.813996825972268e-06,2.626765215932412e-06,2.539288673930847e-06,4.526403427287733,,,,,4.526403427287733,4.52642074791645,3.826569119614009e-06,,,
A-Ra1e5-fine,6342,1.484783036144729e-06,1.825713613492968e-06,2.62265377424144e-06,2.535016896889258e-06,4.526388563461297,,,,,4.526388563461297,4.5264058725081675,3.824022956204292e-06,,,
A-Ra1e5-fine,6343,1.491873165593673e-06,1.837441398089591e-06,2.618530148139881e-06,2.530740978429251e-06,4.526373724216227,,,,,4.526373724216227,4.526391021695122,3.8214798199108996e-06,,,
A-Ra1e5-fine,6344,1.499160812534233e-06,1.849175454051782e-06,2.614391988685993e-06,2.526455346528955e-06,4.526358909690091,,,,,4.526358909690091,4.526376195618289,3.818940463007389e-06,,,
A-Ra1e5-fine,6345,1.506652671186916e-06,1.860945067906499e-06,2.610241396299451e-06,2.522157996642293e-06,4.526344120020667,,,,,4.526344120020667,4.526361394412152,3.81640415844831e-06,,,
A-Ra1e5-fine,6346,1.514362312153495e-06,1.872783537763414e-06,2.606076585808736e-06,2.517849958420875e-06,4.526329355344844,,,,,4.526329355344844,4.526346618216097,3.813871457187401e-06,,,
A-Ra1e5-fine,6347,1.522290254520274e-06,1.884668739670409e-06,2.601896022677553e-06,2.513531040191095e-06,4.526314615798128,,,,,4.526314615798128,4.526331867162231,3.8113416082356187e-06,,,
A-Ra1e5-fine,6348,1.530402666254326e-06,1.896562389158612e-06,2.597698203125833e-06,2.50920141206179e-06,4.526299901516156,,,,,4.526299901516156,4.526317141389591,3.8088153632883815e-06,,,
A-Ra1e5-fine,6349,1.538712902417246e-06,1.90845877456554e-06,2.593483761676238e-06,2.504865692719501e-06,4.526285212632046,,,,,4.526285212632046,4.526302441030387,3.8062925209833043e-06,,,
A-Ra1e5-fine,6350,1.547252176619676e-06,1.920380436957287e-06,2.589256486817417e-06,2.500516475860492e-06,4.526270549282461,,,,,4.526270549282461,4.526287766221505,3.803773131122736e-06,,,
A-Ra1e5-fine,6351,1.555972379531576e-06,1.932319557191773e-06,2.585014437617716e-06,2.496155557621498e-06,4.526255911601196,,,,,4.526255911601196,4.526273117096187,3.8012570710284596e-06,,,
A-Ra1e5-fine,6352,1.564887661040013e-06,1.944279202217146e-06,2.580756649650751e-06,2.491785925462165e-06,4.526241299722415,,,,,4.526241299722415,4.526258493786534,3.798743885414172e-06,,,
A-Ra1e5-fine,6353,1.573995264000661e-06,1.956278665692088e-06,2.576481293905624e-06,2.487411149547096e-06,4.526226713775486,,,,,4.526226713775486,4.526243896423286,3.796233876826682e-06,,,
A-Ra1e5-fine,6354,1.583308907240574e-06,1.96831297095043e-06,2.572188697973462e-06,2.483026770794354e-06,4.526212153894903,,,,,4.526212153894903,4.526229325142868,3.79372747222191e-06,,,
A-Ra1e5-fine,6355,1.592801131406735e-06,1.980353350013517e-06,2.567879504904108e-06,2.478635636892921e-06,4.5261976202118595,,,,,4.5261976202118595,4.526214780075112,3.791224370551495e-06,,,
A-Ra1e5-fine,6356,1.602472189511082e-06,1.99239441546835e-06,2.563558274175489e-06,2.474236036660899e-06,4.526183112856644,,,,,4.526183112856644,4.5262002613507555,3.7887246712705356e-06,,,
A-Ra1e5-fine,6357,1.612300288629033e-06,2.00443946763249e-06,2.559224620868674e-06,2.469832492499413e-06,4.52616863195897,,,,,4.52616863195897,4.526185769098834,3.78622822423009e-06,,,
A-Ra1e5-fine,6358,1.622284258463224e-06,2.016500457781366e-06,2.554877434965254e-06,2.465421494945503e-06,4.52615417764969,,,,,4.52615417764969,4.52617130345168,3.7837353565140827e-06,,,
A-Ra1e5-fine,6359,1.632409400228357e-06,2.028586797152106e-06,2.550517925895303e-06,2.461001432388959e-06,4.526139750057726,,,,,4.526139750057726,4.526156864536961,3.781245790816742e-06,,,
A-Ra1e5-fine,6360,1.642651638470386e-06,2.040679457992503e-06,2.54614348968211e-06,2.456571930479438e-06,4.526125349312907,,,,,4.526125349312907,4.52614245248235,3.7787590508479253e-06,,,
A-Ra1e5-fine,6361,1.652987245317677e-06,2.05278050100671e-06,2.541755378910678e-06,2.452135788012488e-06,4.5261109755408615,,,,,4.5261109755408615,4.526128067420633,3.7762767178244344e-06,,,
A-Ra1e5-fine,6362,1.663418749191387e-06,2.06488823862058e-06,2.537350100192141e-06,2.447686924021341e-06,4.526096628872894,,,,,4.526096628872894,4.5261137094718595,3.773796305435549e-06,,,
A-Ra1e5-fine,6363,1.67392808496277e-06,2.07700030153387e-06,2.532932331295043e-06,2.443231338209539e-06,4.526082309430875,,,,,4.526082309430875,4.5260993787692785,3.7713203272147173e-06,,,
A-Ra1e5-fine,6364,1.684514806954509e-06,2.089135594133053e-06,2.528500457351708e-06,2.438766222475046e-06,4.526068017345326,,,,,4.526068017345326,4.526085075435778,3.7688470968886858e-06,,,
A-Ra1e5-fine,6365,1.695150445336166e-06,2.101269444778743e-06,2.524055173159918e-06,2.4342975510916e-06,4.526053752739926,,,,,4.526053752739926,4.5260707995993705,3.7663775716650607e-06,,,
A-Ra1e5-fine,6366,1.705828774260984e-06,2.113397094639049e-06,2.519596891064827e-06,2.42981978277225e-06,4.526039515740197,,,,,4.526039515740197,4.526056551383182,3.76391122207287e-06,,,
A-Ra1e5-fine,6367,1.716547517993967e-06,2.125517288619887e-06,2.515124554288955e-06,2.425330851110587e-06,4.526025306471188,,,,,4.526025306471188,4.526042330913062,3.761448225089374e-06,,,
A-Ra1e5-fine,6368,1.727302356358239e-06,2.137642487055459e-06,2.510638628679548e-06,2.420829305911155e-06,4.526011125057265,,,,,4.526011125057265,4.526028138313269,3.7589885567471258e-06,,,
A-Ra1e5-fine,6369,1.738102605379551e-06,2.149773646379894e-06,2.506139178197995e-06,2.416317242137722e-06,4.525996971621794,,,,,4.525996971621794,4.526013973705905,3.756531938361723e-06,,,
A-Ra1e5-fine,6370,1.748931158547195e-06,2.161916461131603e-06,2.501627159906337e-06,2.411793158957594e-06,4.5259828462864045,,,,,4.5259828462864045,4.525999837217388,3.754079427243081e-06,,,
A-Ra1e5-fine,6371,1.75977614769131e-06,2.174044509920721e-06,2.497101357724605e-06,2.40725667758988e-06,4.525968749175377,,,,,4.525968749175377,4.525985728963908,3.751629236020483e-06,,,
A-Ra1e5-fine,6372,1.770654613901448e-06,2.186164129087573e-06,2.492562215068549e-06,2.402709285817286e-06,4.525954680407271,,,,,4.525954680407271,4.525971649073359,3.7491834269534574e-06,,,
A-Ra1e5-fine,6373,1.781535997875497e-06,2.198275833098221e-06,2.488009634219882e-06,2.398148537770847e-06,4.525940640107705,,,,,4.525940640107705,4.525957597662388,3.746740017990817e-06,,,
A-Ra1e5-fine,6374,1.792439259824481e-06,2.210378236044669e-06,2.483440572126257e-06,2.393575662399266e-06,4.525926628394699,,,,,4.525926628394699,4.525943574855249,3.7443003863269524e-06,,,
A-Ra1e5-fine,6375,1.803361374749682e-06,2.222489651928136e-06,2.478857491596516e-06,2.388992935246483e-06,4.525912645390693,,,,,4.525912645390693,4.52592958077064,3.741863705566029e-06,,,
A-Ra1e5-fine,6376,1.81430354054851e-06,2.234623492963493e-06,2.47426481548028e-06,2.3843943510448e-06,4.525898691209365,,,,,4.525898691209365,4.525915615527016,3.739431030689237e-06,,,
A-Ra1e5-fine,6377,1.825238008568338e-06,2.246748799834444e-06,2.469662023806565e-06,2.379797782713733e-06,4.525884765976117,,,,,4.525884765976117,4.525901679244204,3.7370011300528947e-06,,,
A-Ra1e5-fine,6378,1.836185327031272e-06,2.258845717573055e-06,2.465046930285917e-06,2.375171269250252e-06,4.525870869805086,,,,,4.525870869805086,4.525887772039643,3.7345747330741035e-06,,,
A-Ra1e5-fine,6379,1.847144355617525e-06,2.270935326625208e-06,2.460419269984374e-06,2.370548526042892e-06,4.52585700281497,,,,,4.52585700281497,4.525873894031226,3.7321516621326375e-06,,,
A-Ra1e5-fine,6380,1.85810066414721e-06,2.28300688461988e-06,2.455779876785471e-06,2.365890773392677e-06,4.52584316512457,,,,,4.52584316512457,4.525860045338437,3.7297320679243916e-06,,,
A-Ra1e5-fine,6381,1.869065897290341e-06,2.29505822284999e-06,2.451128837518251e-06,2.361244983068708e-06,4.525829356848591,,,,,4.525829356848591,4.525846226073374,3.7273153746485625e-06,,,
A-Ra1e5-fine,6382,1.880029656878848e-06,2.307113565597564e-06,2.446466403313059e-06,2.356573691770184e-06,4.525815578102537,,,,,4.525815578102537,4.525832436357224,3.724902837672136e-06,,,
A-Ra1e5-fine,6383,1.89099538640125e-06,2.31916330138181e-06,2.441789763152166e-06,2.351903379587133e-06,4.525801829004995,,,,,4.525801829004995,4.525818676300838,3.7224927476712634e-06,,,
A-Ra1e5-fine,6384,1.901960932200293e-06,2.331204874655997e-06,2.437098388360878e-06,2.347240992482435e-06,4.525788109669068,,,,,4.525788109669068,4.525804946021868,3.720086109999184e-06,,,
A-Ra1e5-fine,6385,1.912917936656868e-06,2.343228606453421e-06,2.432394127668438e-06,2.342555686760447e-06,4.525774420209245,,,,,4.525774420209245,4.525791245634131,3.71768277588461e-06,,,
A-Ra1e5-fine,6386,1.923870970020794e-06,2.355232263725093e-06,2.427678703472824e-06,2.337855564313375e-06,4.525760760737625,,,,,4.525760760737625,4.525777575249707,3.7152827415843894e-06,,,
A-Ra1e5-fine,6387,1.934824881488496e-06,2.367223232213112e-06,2.422951293122291e-06,2.333151785056371e-06,4.525747131369487,,,,,4.525747131369487,4.525763934984233,3.7128860855813127e-06,,,
A-Ra1e5-fine,6388,1.945775113384185e-06,2.379198607930112e-06,2.418213101317163e-06,2.328437222110046e-06,4.525733532214303,,,,,4.525733532214303,4.525750324947513,3.7104928816539922e-06,,,
A-Ra1e5-fine,6389,1.956713190136937e-06,2.391161122941811e-06,2.413463356679664e-06,2.32371058880663e-06,4.525719963387588,,,,,4.525719963387588,4.525736745253701,3.7081028287384817e-06,,,
A-Ra1e5-fine,6390,1.967640019192749e-06,2.403105846619382e-06,2.408701758640262e-06,2.318975216268529e-06,4.525706424999042,,,,,4.525706424999042,4.525723196012726,3.7057159778466736e-06,,,
A-Ra1e5-fine,6391,1.978561264294509e-06,2.415044356208855e-06,2.403930563130828e-06,2.314229222007931e-06,4.525692917158381,,,,,4.525692917158381,4.525709677337137,3.703332954420014e-06,,,
A-Ra1e5-fine,6392,1.989479028478548e-06,2.426971621184959e-06,2.399148455657915e-06,2.309474408087151e-06,4.525679439978606,,,,,4.525679439978606,4.5256961893345995,3.700952579953412e-06,,,
A-Ra1e5-fine,6393,2.000387189023713e-06,2.438880458166497e-06,2.394353856747927e-06,2.304707433879077e-06,4.525665993566007,,,,,4.525665993566007,4.5256827321185735,3.6985764383893297e-06,,,
A-Ra1e5-fine,6394,2.011269567819262e-06,2.450770224829245e-06,2.389548968088173e-06,2.299928124482049e-06,4.5256525780338315,,,,,4.5256525780338315,4.525669305793076,3.696202490451426e-06,,,
A-Ra1e5-fine,6395,2.022143053932214e-06,2.462637863886661e-06,2.384735868405163e-06,2.295138785648891e-06,4.525639193486312,,,,,4.525639193486312,4.525655910471235,3.693832701411066e-06,,,
A-Ra1e5-fine,6396,2.033012857274757e-06,2.4744805645562e-06,2.37991295060496e-06,2.290339104737026e-06,4.525625840034649,,,,,4.525625840034649,4.525642546258769,3.6914658603719224e-06,,,
A-Ra1e5-fine,6397,2.043872371443519e-06,2.486293244685369e-06,2.375075804011027e-06,2.285526543560711e-06,4.52561251778286,,,,,4.52561251778286,4.525629213261758,3.6891024224399973e-06,,,
A-Ra1e5-fine,6398,2.054712408761029e-06,2.498090216847147e-06,2.370225301047297e-06,2.280704089220111e-06,4.525599226840997,,,,,4.525599226840997,4.52561591159024,3.686742384857015e-06,,,
A-Ra1e5-fine,6399,2.06553057145362e-06,2.509858054086973e-06,2.365366575825199e-06,2.275871854331064e-06,4.525585967314781,,,,,4.525585967314781,4.5256026413472235,3.684385148445126e-06,,,
A-Ra1e5-fine,6400,2.076330459379804e-06,2.521603245160173e-06,2.360495355378491e-06,2.271031116966494e-06,4.525572739306427,,,,,4.525572739306427,4.52558940264105,3.6820320665828964e-06,,,
A-Ra1e5-fine,6401,2.087123560509593e-06,2.533340877539305e-06,2.355614211657226e-06,2.266182137192353e-06,4.525559542925068,,,,,4.525559542925068,4.525576195573923,3.679681608262201e-06,,,
A-Ra1e5-fine,6402,2.097904023990539e-06,2.545063224489663e-06,2.35072153165302e-06,2.261325900768583e-06,4.525546378273817,,,,,4.525546378273817,4.525563020252595,3.6773345775409545e-06,,,
A-Ra1e5-fine,6403,2.10866383942025e-06,2.556757591634783e-06,2.345817551495249e-06,2.256459771410351e-06,4.525533245454994,,,,,4.525533245454994,4.5255498767796105,3.6749910240688155e-06,,,
A-Ra1e5-fine,6404,2.11939808918808e-06,2.568424581039805e-06,2.340905271105066e-06,2.251587305371998e-06,4.525520144574444,,,,,4.525520144574444,4.525536765258882,3.6726505209757846e-06,,,
A-Ra1e5-fine,6405,2.13011074331526e-06,2.580066802649219e-06,2.335986345128492e-06,2.24670715651504e-06,4.525507075731977,,,,,4.525507075731977,4.525523685792837,3.6703136466346403e-06,,,
A-Ra1e5-fine,6406,2.140805156726749e-06,2.591684629077401e-06,2.33105823893181e-06,2.241823930138566e-06,4.525494039033906,,,,,4.525494039033906,4.525510638483798,3.6679795190461783e-06,,,
A-Ra1e5-fine,6407,2.151492408242621e-06,2.60327839256175e-06,2.326118598054715e-06,2.236933452576055e-06,4.525481034575707,,,,,4.525481034575707,4.525497623433856,3.665649600154304e-06,,,
A-Ra1e5-fine,6408,2.162158304849819e-06,2.614849167104742e-06,2.321166468434377e-06,2.2320318503473e-06,4.525468062464943,,,,,4.525468062464943,4.5254846407432785,3.6633222776698027e-06,,,
A-Ra1e5-fine,6409,2.172795101080926e-06,2.626400038640062e-06,2.316205753829957e-06,2.227117729944168e-06,4.525455122796873,,,,,4.525455122796873,4.525471690511085,3.6609983825614478e-06,,,
A-Ra1e5-fine,6410,2.183403280303232e-06,2.637919285964186e-06,2.311238373359078e-06,2.222191385908547e-06,4.525442215674843,,,,,4.525442215674843,4.525458772839489,3.658677664590244e-06,,,
A-Ra1e5-fine,6411,2.193997281830315e-06,2.64940780204674e-06,2.306261648165261e-06,2.217255444159583e-06,4.5254293411962845,,,,,4.5254293411962845,4.525445887826824,3.6563603233544062e-06,,,
A-Ra1e5-fine,6412,2.204569908351917e-06,2.660885741737061e-06,2.301272972893988e-06,2.212311715450506e-06,4.525416499460334,,,,,4.525416499460334,4.525433035570519,3.6540459810451756e-06,,,
A-Ra1e5-fine,6413,2.215121332466168e-06,2.672330600597334e-06,2.296273959313487e-06,2.207361144492804e-06,4.525403690563963,,,,,4.525403690563963,4.52542021617039,3.6517352666871613e-06,,,
A-Ra1e5-fine,6414,2.225645438882899e-06,2.683742990813943e-06,2.291265789115661e-06,2.202402545882635e-06,4.525390914605967,,,,,4.525390914605967,4.525407429723989,3.649427905511035e-06,,,
A-Ra1e5-fine,6415,2.236144785127367e-06,2.695122483354817e-06,2.28624747408548e-06,2.19743311415577e-06,4.5253781716841095,,,,,4.5253781716841095,4.525394676328734,3.6471238205807717e-06,,,
A-Ra1e5-fine,6416,2.246619942442426e-06,2.706475638867489e-06,2.281218769116054e-06,2.192453268214374e-06,4.525365461893104,,,,,4.525365461893104,4.5253819560775135,3.6448226091605072e-06,,,
A-Ra1e5-fine,6417,2.257074947178942e-06,2.717788832501036e-06,2.276182169378316e-06,2.187465877238122e-06,4.525352785328895,,,,,4.525352785328895,4.525369269070257,3.6425251516993376e-06,,,
A-Ra1e5-fine,6418,2.267502647999886e-06,2.729078216640646e-06,2.271140806509332e-06,2.182475344773096e-06,4.525340142087659,,,,,4.525340142087659,4.525356615398939,3.640230519662636e-06,,,
A-Ra1e5-fine,6419,2.277904248548865e-06,2.740336422234911e-06,2.266092066246436e-06,2.177480018003511e-06,4.525327532262737,,,,,4.525327532262737,4.525343995159734,3.6379393389471443e-06,,,
A-Ra1e5-fine,6420,2.288273921782315e-06,2.751561276785151e-06,2.261032826482137e-06,2.172474204226631e-06,4.525314955949401,,,,,4.525314955949401,4.525331408446891,3.6356513838475794e-06,,,
A-Ra1e5-fine,6421,2.298619517901007e-06,2.762763248921835e-06,2.255965366807604e-06,2.167459483112234e-06,4.525302413240754,,,,,4.525302413240754,4.525318855353749,3.6333667063781387e-06,,,
A-Ra1e5-fine,6422,2.308938206915565e-06,2.773938840559488e-06,2.250889546121488e-06,2.162440535421301e-06,4.525289904229111,,,,,4.525289904229111,4.525306335971824,3.6310851300968806e-06,,,
A-Ra1e5-fine,6423,2.319233219007573e-06,2.785086652733913e-06,2.245803543450793e-06,2.157418064624026e-06,4.525277429007247,,,,,4.525277429007247,4.525293850395817,3.6288070805189933e-06,,,
A-Ra1e5-fine,6424,2.329504325231048e-06,2.796194200192133e-06,2.240708550271608e-06,2.152387795910106e-06,4.525264987666104,,,,,4.525264987666104,4.525281398716902,3.6265326084858298e-06,,,
A-Ra1e5-fine,6425,2.33974850934933e-06,2.807262421199016e-06,2.23560607195575e-06,2.147351453050063e-06,4.525252580299142,,,,,4.525252580299142,4.5252689810222835,3.624260332452599e-06,,,
A-Ra1e5-fine,6426,2.349965050455621e-06,2.818295316906589e-06,2.230498282656799e-06,2.142305504905661e-06,4.525240206994566,,,,,4.525240206994566,4.525256597409385,3.6219922891262114e-06,,,
A-Ra1e5-fine,6427,2.360153211431402e-06,2.829301846756692e-06,2.225381319378879e-06,2.137257280146078e-06,4.525227867843796,,,,,4.525227867843796,4.5252442479626795,3.619726943280473e-06,,,
A-Ra1e5-fine,6428,2.370307383116313e-06,2.840270774346574e-06,2.220254673884983e-06,2.132200064198227e-06,4.525215562934705,,,,,4.525215562934705,4.525231932773001,3.6174649492909095e-06,,,
A-Ra1e5-fine,6429,2.380429268241125e-06,2.851205424787577e-06,2.21511758868312e-06,2.127138997865139e-06,4.525203292357674,,,,,4.525203292357674,4.52521965193164,3.615206508343851e-06,,,
A-Ra1e5-fine,6430,2.390526214910965e-06,2.862117788579276e-06,2.209972704169522e-06,2.122071492773088e-06,4.525191056201035,,,,,4.525191056201035,4.525207405522953,3.6129507417325216e-06,,,
A-Ra1e5-fine,6431,2.400598818791415e-06,2.873000705510471e-06,2.204824337596342e-06,2.116998825602189e-06,4.525178854550294,,,,,4.525178854550294,4.525195193636412,3.6106985260218212e-06,,,
A-Ra1e5-fine,6432,2.41063853129912e-06,2.883848720668655e-06,2.199670582486796e-06,2.111921959919194e-06,4.525166687496268,,,,,4.525166687496268,4.525183016361484,3.608449562685956e-06,,,
A-Ra1e5-fine,6433,2.420644562174871e-06,2.894658700763131e-06,2.194509550925822e-06,2.106836994392717e-06,4.525154555122183,,,,,4.525154555122183,4.525170873780031,3.6062035506504203e-06,,,
A-Ra1e5-fine,6434,2.430618690943136e-06,2.905435997187855e-06,2.189341685395994e-06,2.101748182678557e-06,4.525142457516042,,,,,4.525142457516042,4.525158765982318,3.6039609894420178e-06,,,
A-Ra1e5-fine,6435,2.440559892280208e-06,2.91617482331264e-06,2.184166660819639e-06,2.096651534572928e-06,4.525130394760935,,,,,4.525130394760935,4.525146693052694,3.601722157393601e-06,,,
A-Ra1e5-fine,6436,2.450468873658971e-06,2.926877628491553e-06,2.178984402402339e-06,2.091552374664826e-06,4.5251183669458905,,,,,4.5251183669458905,4.525134655072681,3.5994853957816836e-06,,,
A-Ra1e5-fine,6437,2.46034710027342e-06,2.937552507447314e-06,2.17379247375949e-06,2.086446946909577e-06,4.525106374151164,,,,,4.525106374151164,4.525122652130268,3.597252413400135e-06,,,
A-Ra1e5-fine,6438,2.470200984058534e-06,2.948189281863495e-06,2.168590359973634e-06,2.08133674098099e-06,4.52509441646089,,,,,4.52509441646089,4.525110684308792,3.5950230343991924e-06,,,
A-Ra1e5-fine,6439,2.480020522134181e-06,2.958779364409067e-06,2.16338187692153e-06,2.076219432941271e-06,4.525082493960556,,,,,4.525082493960556,4.525098751688733,3.5927961519784584e-06,,,
A-Ra1e5-fine,6440,2.489807300292218e-06,2.969330255355068e-06,2.158167623348734e-06,2.071096967115455e-06,4.525070606731336,,,,,4.525070606731336,4.5250868543565055,3.5905729241898896e-06,,,
A-Ra1e5-fine,6441,2.499557579770593e-06,2.979850907079126e-06,2.152947258064279e-06,2.06596993559105e-06,4.525058754853489,,,,,4.525058754853489,4.525074992391572,3.58835317498815e-06,,,
A-Ra1e5-fine,6442,2.509271008668967e-06,2.990347000763969e-06,2.147725046028369e-06,2.060836305741153e-06,4.5250469384127445,,,,,4.5250469384127445,4.525063165873396,3.586135519827081e-06,,,
A-Ra1e5-fine,6443,2.518955555780248e-06,3.000802510903361e-06,2.142497079252791e-06,2.055694636924772e-06,4.525035157484695,,,,,4.525035157484695,4.52505137488713,3.583922071083873e-06,,,
A-Ra1e5-fine,6444,2.528602969039337e-06,3.011212799468962e-06,2.1372633830636e-06,2.05055177934709e-06,4.525023412153472,,,,,4.525023412153472,4.525039619510655,3.581711447941464e-06,,,
A-Ra1e5-fine,6445,2.538223434905312e-06,3.021583399028649e-06,2.132022909781582e-06,2.045409771605806e-06,4.52501170249741,,,,,4.52501170249741,4.525027899822523,3.5795036983047212e-06,,,
A-Ra1e5-fine,6446,2.547816340470944e-06,3.031915933966181e-06,2.126773064339936e-06,2.040263714156961e-06,4.5250000285952865,,,,,4.5250000285952865,4.5250162159055,3.5772997032950007e-06,,,
A-Ra1e5-fine,6447,2.557372657518267e-06,3.042211274973378e-06,2.121514815658151e-06,2.035111947859179e-06,4.524988390525775,,,,,4.524988390525775,4.525004567834165,3.575098558462517e-06,,,
A-Ra1e5-fine,6448,2.566892096595969e-06,3.052459944107859e-06,2.116251371268158e-06,2.029954542603892e-06,4.524976788367554,,,,,4.524976788367554,4.524992955688891,3.5729006381308057e-06,,,
A-Ra1e5-fine,6449,2.576374378320508e-06,3.062670105251219e-06,2.11098391304043e-06,2.02479318496918e-06,4.524965222196899,,,,,4.524965222196899,4.524981379546535,3.5707060708824103e-06,,,
A-Ra1e5-fine,6450,2.585822024775897e-06,3.07284504731908e-06,2.105715266188731e-06,2.019626094392711e-06,4.524953692091456,,,,,4.524953692091456,4.524969839482583,3.5685143791756314e-06,,,
A-Ra1e5-fine,6451,2.595234310480969e-06,3.082978948701831e-06,2.100438602930595e-06,2.014454773116258e-06,4.524942198126838,,,,,4.524942198126838,4.524958335574573,3.5663259889622776e-06,,,
A-Ra1e5-fine,6452,2.604610657411544e-06,3.093079259650844e-06,2.095154852365117e-06,2.009276737457721e-06,4.524930740380112,,,,,4.524930740380112,4.524946867899576,3.5641409004555483e-06,,,
A-Ra1e5-fine,6453,2.61395570229271e-06,3.10314622957264e-06,2.089866682284836e-06,2.004097264692631e-06,4.52491931892473,,,,,4.52491931892473,4.524935436528199,3.561958485365872e-06,,,
A-Ra1e5-fine,6454,2.623262796427967e-06,3.113172787783205e-06,2.084571010107702e-06,1.99891515790774e-06,4.5249079338356095,,,,,4.5249079338356095,4.524924041540934,3.559779975596881e-06,,,
A-Ra1e5-fine,6455,2.632532303662298e-06,3.123154344629815e-06,2.079268967389154e-06,1.993726241254556e-06,4.524896585188,,,,,4.524896585188,4.524912683005302,3.55760366308796e-06,,,
A-Ra1e5-fine,6456,2.641768125407565e-06,3.133085706606105e-06,2.073966055266545e-06,1.9885316969895e-06,4.524885273054566,,,,,4.524885273054566,4.524901360998618,3.555430576001413e-06,,,
A-Ra1e5-fine,6457,2.650964070516743e-06,3.142978377418921e-06,2.068661070371843e-06,1.983332721167595e-06,4.524873997505781,,,,,4.524873997505781,4.524890075595228,3.5532615695824505e-06,,,
A-Ra1e5-fine,6458,2.660123790850156e-06,3.152835970733471e-06,2.063352123135035e-06,1.978133928423793e-06,4.524862758617819,,,,,4.524862758617819,4.524878826863232,3.551094859794802e-06,,,
A-Ra1e5-fine,6459,2.669248417601273e-06,3.162646860054707e-06,2.058037764162149e-06,1.972934203883364e-06,4.5248515564600265,,,,,4.5248515564600265,4.524867614877897,3.548931754915167e-06,,,
A-Ra1e5-fine,6460,2.678337907389108e-06,3.172413055141701e-06,2.052715018318322e-06,1.967729883347171e-06,4.524840391102658,,,,,4.524840391102658,4.524856439707424,3.546771801540935e-06,,,
A-Ra1e5-fine,6461,2.687391960798997e-06,3.182137952408497e-06,2.047385793504332e-06,1.962518367483815e-06,4.524829262619167,,,,,4.524829262619167,4.524845301425037,3.544614948655415e-06,,,
A-Ra1e5-fine,6462,2.696407832987601e-06,3.191826594785405e-06,2.042049218444592e-06,1.957306003563624e-06,4.524818171077866,,,,,4.524818171077866,4.524834200097464,3.5424608460998987e-06,,,
A-Ra1e5-fine,6463,2.705386829713957e-06,3.201480493227918e-06,2.03670878327833e-06,1.952096453442934e-06,4.5248071165482315,,,,,4.5248071165482315,4.524823135796556,3.540310018773015e-06,,,
A-Ra1e5-fine,6464,2.714326703883045e-06,3.211093107529576e-06,2.031368654042881e-06,1.946883883310389e-06,4.524796099098013,,,,,4.524796099098013,4.524812108590525,3.5381625689660335e-06,,,
A-Ra1e5-fine,6465,2.72322899593071e-06,3.220662152543427e-06,2.026030732411369e-06,1.94166813417125e-06,4.5247851187988335,,,,,4.5247851187988335,4.5248011185480435,3.5360178444249755e-06,,,
A-Ra1e5-fine,6466,2.732095207316495e-06,3.230191103636867e-06,2.02068904127618e-06,1.936449009282616e-06,4.524774175714586,,,,,4.524774175714586,4.524790165735844,3.5338764729132455e-06,,,
A-Ra1e5-fine,6467,2.74091986588163e-06,3.239670230975989e-06,2.015340440681929e-06,1.931225794109152e-06,4.524763269914388,,,,,4.524763269914388,4.524779250222354,3.531738301738829e-06,,,
A-Ra1e5-fine,6468,2.749703492781269e-06,3.249105151699677e-06,2.009986738190159e-06,1.925998225806151e-06,4.524752401466913,,,,,4.524752401466913,4.524768372072847,3.5296025797125006e-06,,,
A-Ra1e5-fine,6469,2.758451981761259e-06,3.258493029790013e-06,2.004626804397267e-06,1.920767041472284e-06,4.524741570432751,,,,,4.524741570432751,4.524757531353702,3.5274705860993374e-06,,,
A-Ra1e5-fine,6470,2.767167576619478e-06,3.267834354613661e-06,1.999262611067714e-06,1.915536787769486e-06,4.524730776882963,,,,,4.524730776882963,4.524746728130639,3.5253411408070705e-06,,,
A-Ra1e5-fine,6471,2.775842399997699e-06,3.277141179192802e-06,1.993892367978233e-06,1.910304432017672e-06,4.524720020879272,,,,,4.524720020879272,4.524735962469028,3.5232150496455952e-06,,,
A-Ra1e5-fine,6472,2.784477938921519e-06,3.286409235824684e-06,1.988520246989832e-06,1.905070003443732e-06,4.524709302486026,,,,,4.524709302486026,4.524725234433549,3.5210923860558247e-06,,,
A-Ra1e5-fine,6473,2.79307546284545e-06,3.295626837540873e-06,1.983151776895464e-06,1.899836488484592e-06,4.5246986217681515,,,,,4.5246986217681515,4.52471454408492,3.5189722198230147e-06,,,
A-Ra1e5-fine,6474,2.801631356208735e-06,3.304805770070738e-06,1.977780866496795e-06,1.894604730520861e-06,4.52468797878828,,,,,4.52468797878828,4.524703891489755,3.5168554313538763e-06,,,
A-Ra1e5-fine,6475,2.810145611707134e-06,3.313949303443959e-06,1.972404292324818e-06,1.889369262052318e-06,4.524677373607233,,,,,4.524677373607233,4.524693276710355,3.5147423477068384e-06,,,
A-Ra1e5-fine,6476,2.818620213759899e-06,3.323047826992835e-06,1.967025852781331e-06,1.88413315002962e-06,4.5246668062907265,,,,,4.5246668062907265,4.524682699806865,3.5126317373470026e-06,,,
A-Ra1e5-fine,6477,2.827055574103427e-06,3.332097438469188e-06,1.961644834820581e-06,1.878899019866576e-06,4.5246562768988925,,,,,4.5246562768988925,4.52467216084124,3.5105240032952656e-06,,,
A-Ra1e5-fine,6478,2.835453655251411e-06,3.34109809813632e-06,1.956257567998272e-06,1.873666714453256e-06,4.524645785492338,,,,,4.524645785492338,4.524661659876461,3.508419670476447e-06,,,
A-Ra1e5-fine,6479,2.843818707383003e-06,3.350055869561656e-06,1.950863908592893e-06,1.868434305651678e-06,4.524635332132562,,,,,4.524635332132562,4.524651196970283,3.5063179113286565e-06,,,
A-Ra1e5-fine,6480,2.852143554544804e-06,3.35896960448534e-06,1.94547204122184e-06,1.86320279470057e-06,4.524624916879703,,,,,4.524624916879703,4.524640772184558,3.504219104535241e-06,,,
A-Ra1e5-fine,6481,2.860427802118361e-06,3.367841982955326e-06,1.940079750288146e-06,1.85797612085941e-06,4.524614539791402,,,,,4.524614539791402,4.524630385577827,3.5021234489754586e-06,,,
A-Ra1e5-fine,6482,2.868666754257623e-06,3.376662161024369e-06,1.934685486761201e-06,1.852746799264024e-06,4.524604200923932,,,,,4.524604200923932,4.524620037207388,3.5000311716021668e-06,,,
A-Ra1e5-fine,6483,2.876864070328948e-06,3.385442965867007e-06,1.929290587141502e-06,1.847519434303492e-06,4.524593900340283,,,,,4.524593900340283,4.524609727135657,3.4979421452408207e-06,,,
A-Ra1e5-fine,6484,2.885023067245395e-06,3.394178047702033e-06,1.92389199680841e-06,1.842292484942564e-06,4.524583638096036,,,,,4.524583638096036,4.524599455414364,3.495855518571063e-06,,,
A-Ra1e5-fine,6485,2.893135835633173e-06,3.402869500502326e-06,1.918490778863061e-06,1.837069396607211e-06,4.5245734142453085,,,,,4.5245734142453085,4.524589222104556,3.4937728235483764e-06,,,
A-Ra1e5-fine,6486,2.901207672993822e-06,3.411521039704623e-06,1.913086265454004e-06,1.831847028889474e-06,4.524563228850185,,,,,4.524563228850185,4.524579027261712,3.4916926003155983e-06,,,
A-Ra1e5-fine,6487,2.909246007016834e-06,3.420123985636487e-06,1.907680602100237e-06,1.826622832867417e-06,4.524553081963744,,,,,4.524553081963744,4.524568870940291,3.4896151535610435e-06,,,
A-Ra1e5-fine,6488,2.917245086760659e-06,3.428678692654808e-06,1.902278572283885e-06,1.821402041612455e-06,4.524542973643067,,,,,4.524542973643067,4.524558753199404,3.4875409324506676e-06,,,
A-Ra1e5-fine,6489,2.925201975947104e-06,3.437185681254644e-06,1.896875433376045e-06,1.816187818700055e-06,4.524532903940668,,,,,4.524532903940668,4.524548674089309,3.4854694380187493e-06,,,
A-Ra1e5-fine,6490,2.933119249166548e-06,3.445645126118835e-06,1.891470626431816e-06,1.810975242379335e-06,4.524522872914075,,,,,4.524522872914075,4.524538633668544,3.48340089348825e-06,,,
A-Ra1e5-fine,6491,2.940996062095953e-06,3.454060934440845e-06,1.886060827119887e-06,1.805768861427405e-06,4.524512880614681,,,,,4.524512880614681,4.524528631987482,3.481335073732801e-06,,,
A-Ra1e5-fine,6492,2.948828258983386e-06,3.462432510154959e-06,1.880650962109932e-06,1.800547740942875e-06,4.524502927097046,,,,,4.524502927097046,4.524518669099553,3.4792717288873282e-06,,,
A-Ra1e5-fine,6493,2.956613782746913e-06,3.470755973514269e-06,1.875242591813715e-06,1.795334790661975e-06,4.524493012407448,,,,,4.524493012407448,4.524508745060805,3.4772130183278627e-06,,,
A-Ra1e5-fine,6494,2.96436302928458e-06,3.479030424141429e-06,1.869833409793439e-06,1.790128417140862e-06,4.524483136606817,,,,,4.524483136606817,4.524498859919551,3.4751561535890287e-06,,,
A-Ra1e5-fine,6495,2.9720730921865e-06,3.487258366461239e-06,1.864424447615414e-06,1.784914176365134e-06,4.524473299740521,,,,,4.524473299740521,4.524489013728206,3.473102691986253e-06,,,
A-Ra1e5-fine,6496,2.979741114924622e-06,3.495437676853583e-06,1.859016677715621e-06,1.779712245799817e-06,4.524463501865286,,,,,4.524463501865286,4.524479206539516,3.471051753908018e-06,,,
A-Ra1e5-fine,6497,2.9873659926481e-06,3.503570970085893e-06,1.853609367852313e-06,1.774530893521867e-06,4.524453743024763,,,,,4.524453743024763,4.524469438400662,3.469004120097425e-06,,,
A-Ra1e5-fine,6498,2.994952545027443e-06,3.511664855694766e-06,1.848200487645567e-06,1.769401559333983e-06,4.524444023274331,,,,,4.524444023274331,4.524459709364282,3.466959184197319e-06,,,
A-Ra1e5-fine,6499,3.002495470801744e-06,3.51971206254441e-06,1.842787450496085e-06,1.764293847124164e-06,4.524434342663199,,,,,4.524434342663199,4.524450019477673,3.464916523592779e-06,,,
A-Ra1e5-fine,6500,3.00999313439824e-06,3.527707015933245e-06,1.837375226504932e-06,1.759195209985692e-06,4.524424701233443,,,,,4.524424701233443,4.524440368791876,3.462878120625318e-06,,,
A-Ra1e5-fine,6501,3.01744858832549e-06,3.535658126465078e-06,1.831963552631965e-06,1.754129885902278e-06,4.524415099040656,,,,,4.524415099040656,4.524430757353506,3.460841989881399e-06,,,
A-Ra1e5-fine,6502,3.024865265702786e-06,3.543566243520999e-06,1.826550986922604e-06,1.749069651819234e-06,4.524405536131214,,,,,4.524405536131214,4.524421185210419,3.458808459226775e-06,,,
A-Ra1e5-fine,6503,3.032237919299729e-06,3.551423505836973e-06,1.821145641358894e-06,1.744034581444369e-06,4.524396012549347,,,,,4.524396012549347,4.5244116524077524,3.456777729127641e-06,,,
A-Ra1e5-fine,6504,3.03956881070871e-06,3.559229290459625e-06,1.815740669198679e-06,1.739001523237402e-06,4.524386528342806,,,,,4.524386528342806,4.524402158997694,3.4547507801789494e-06,,,
A-Ra1e5-fine,6505,3.046857915281237e-06,3.56698696660906e-06,1.810335057557386e-06,1.733981908819281e-06,4.524377083557172,,,,,4.524377083557172,4.5243927050196815,3.452726254357875e-06,,,
A-Ra1e5-fine,6506,3.054106121655668e-06,3.574692167069146e-06,1.804929938895069e-06,1.728986166327922e-06,4.524367678240538,,,,,4.524367678240538,4.52438329052352,3.4507045305727556e-06,,,
A-Ra1e5-fine,6507,3.061309603542563e-06,3.582350496593614e-06,1.799526552004638e-06,1.723998274753437e-06,4.524358312435423,,,,,4.524358312435423,4.524373915552976,3.4486858844803805e-06,,,
A-Ra1e5-fine,6508,3.068470325044757e-06,3.589959010301774e-06,1.794130640684497e-06,1.719028241751925e-06,4.524348986186052,,,,,4.524348986186052,4.524364580151476,3.446670139243687e-06,,,
A-Ra1e5-fine,6509,3.075590141128051e-06,3.597523236656184e-06,1.788742265316293e-06,1.714071295185055e-06,4.524339699538131,,,,,4.524339699538131,4.524355284363926,3.4446571186118796e-06,,,
A-Ra1e5-fine,6510,3.08267233160003e-06,3.605043644246507e-06,1.783361192484105e-06,1.709115912709565e-06,4.5243304525320145,,,,,4.5243304525320145,4.524346028233529,3.442647451800325e-06,,,
A-Ra1e5-fine,6511,3.089710536983415e-06,3.612518539041786e-06,1.777988052807346e-06,1.70417408526879e-06,4.524321245214653,,,,,4.524321245214653,4.524336811801779,3.440639933102754e-06,,,
A-Ra1e5-fine,6512,3.096706108554544e-06,3.619949357506682e-06,1.772621183081673e-06,1.699254253672386e-06,4.52431207762402,,,,,4.52431207762402,4.524327635112675,3.438635894138482e-06,,,
A-Ra1e5-fine,6513,3.103655229527995e-06,3.627336804670933e-06,1.767257271268235e-06,1.694347959638064e-06,4.524302949804221,,,,,4.524302949804221,4.524318498206797,3.436634555981597e-06,,,
A-Ra1e5-fine,6514,3.110560656191527e-06,3.634670272392733e-06,1.761899839034734e-06,1.689453430719492e-06,4.524293861795741,,,,,4.524293861795741,4.524309401125198,3.4346360439178725e-06,,,
A-Ra1e5-fine,6515,3.117422342913995e-06,3.641952927480696e-06,1.75654748534479e-06,1.684576373422376e-06,4.524284813640295,,,,,4.524284813640295,4.524300343909593,3.4326403579854637e-06,,,
A-Ra1e5-fine,6516,3.124238014167853e-06,3.64918581622966e-06,1.751205881927284e-06,1.679705385027256e-06,4.524275805375967,,,,,4.524275805375967,4.524291326598748,3.4306476493864204e-06,,,
A-Ra1e5-fine,6517,3.131011471412157e-06,3.656364406244069e-06,1.745876416995349e-06,1.674843024881246e-06,4.5242668370434584,,,,,4.5242668370434584,4.524282349232339,3.428657691221821e-06,,,
A-Ra1e5-fine,6518,3.137744724199888e-06,3.66349103163542e-06,1.740558131806553e-06,1.67000198438716e-06,4.52425790868199,,,,,4.52425790868199,4.524273411850052,3.4266705862032692e-06,,,
A-Ra1e5-fine,6519,3.144433337810658e-06,3.670569979712545e-06,1.735246840463575e-06,1.665162903311119e-06,4.524249020328739,,,,,4.524249020328739,4.524264514489734,3.424686482589597e-06,,,
A-Ra1e5-fine,6520,3.151080252477598e-06,3.677602408276852e-06,1.729941355324141e-06,1.660338450803765e-06,4.524240172022701,,,,,4.524240172022701,4.524255657188907,3.422705054735366e-06,,,
A-Ra1e5-fine,6521,3.157685385520653e-06,3.684584983687965e-06,1.724642315825169e-06,1.655529562976018e-06,4.524231363801053,,,,,4.524231363801053,4.524246839986449,3.420726678624405e-06,,,
A-Ra1e5-fine,6522,3.164247637867205e-06,3.691523536475121e-06,1.719348224537368e-06,1.650744104756357e-06,4.52422259570039,,,,,4.52422259570039,4.524238062917268,3.4187509812998875e-06,,,
A-Ra1e5-fine,6523,3.170766141049369e-06,3.698420723984721e-06,1.714061443632805e-06,1.645962350042944e-06,4.524213867756431,,,,,4.524213867756431,4.524229326018077,3.416778182676865e-06,,,
A-Ra1e5-fine,6524,3.177238695886295e-06,3.705270250513345e-06,1.708790067116837e-06,1.641183439531727e-06,4.524205180007927,,,,,4.524205180007927,4.5242206293265115,3.4148080362220936e-06,,,
A-Ra1e5-fine,6525,3.183666556475589e-06,3.712070894054583e-06,1.703532064747763e-06,1.63642740508057e-06,4.524196532485917,,,,,4.524196532485917,4.524211972875994,3.412841068894022e-06,,,
A-Ra1e5-fine,6526,3.190053688459492e-06,3.718818165916096e-06,1.698282278988915e-06,1.631683588281714e-06,4.524187925228943,,,,,4.524187925228943,4.524203356701085,3.4108764002521767e-06,,,
A-Ra1e5-fine,6527,3.196398721223391e-06,3.725514914927136e-06,1.693038507904898e-06,1.626943567630975e-06,4.52417935826736,,,,,4.52417935826736,4.524194780835434,3.4089147590696794e-06,,,
A-Ra1e5-fine,6528,3.202699485825096e-06,3.732158639732371e-06,1.687799637531892e-06,1.622208541455622e-06,4.5241708316377744,,,,,4.5241708316377744,4.524186245315086,3.406956020923093e-06,,,
A-Ra1e5-fine,6529,3.208955705902998e-06,3.738748682228751e-06,1.682572398457096e-06,1.617506534961718e-06,4.524162345373042,,,,,4.524162345373042,4.52417775017175,3.40499993280235e-06,,,
A-Ra1e5-fine,6530,3.215168393212497e-06,3.745288439236026e-06,1.677362105243957e-06,1.612817107498783e-06,4.524153899504085,,,,,4.524153899504085,4.524169295435902,3.4030463956106e-06,,,
A-Ra1e5-fine,6531,3.221337915243926e-06,3.751779510160885e-06,1.672167476687134e-06,1.608131167189258e-06,4.524145494062849,,,,,4.524145494062849,4.524160881142893,3.4010961622735503e-06,,,
A-Ra1e5-fine,6532,3.227461696580564e-06,3.758223529886783e-06,1.666986404093451e-06,1.603451834221091e-06,4.524137129082193,,,,,4.524137129082193,4.524152507322969,3.3991486556585116e-06,,,
A-Ra1e5-fine,6533,3.233539831229403e-06,3.764618617281563e-06,1.66181810699275e-06,1.598802987684494e-06,4.5241288045947385,,,,,4.5241288045947385,4.524144174007391,3.397203574457709e-06,,,
A-Ra1e5-fine,6534,3.239578042791997e-06,3.77096965378503e-06,1.656662500557362e-06,1.594159770828798e-06,4.524120520626753,,,,,4.524120520626753,4.524135881225267,3.395261546941106e-06,,,
A-Ra1e5-fine,6535,3.245574302293455e-06,3.777278612062447e-06,1.651513246011512e-06,1.589518104618502e-06,4.5241122772118905,,,,,4.5241122772118905,4.524127629007514,3.3933219680930464e-06,,,
A-Ra1e5-fine,6536,3.251526029413427e-06,3.783538199666935e-06,1.646378266032498e-06,1.58487732291284e-06,4.524104074375374,,,,,4.524104074375374,4.524119417383349,3.3913857210108162e-06,,,
A-Ra1e5-fine,6537,3.257433154027458e-06,3.789746101616285e-06,1.641254987852739e-06,1.580267809844011e-06,4.524095912151439,,,,,4.524095912151439,4.524111246381541,3.389451597186422e-06,,,
A-Ra1e5-fine,6538,3.263294877598211e-06,3.795902280054916e-06,1.636149331412078e-06,1.575665132559672e-06,4.524087790564525,,,,,4.524087790564525,4.524103116032779,3.3875209779827797e-06,,,
A-Ra1e5-fine,6539,3.26911192789527e-06,3.802009305387834e-06,1.631059593483324e-06,1.571066643309799e-06,4.524079709644529,,,,,4.524079709644529,4.524095026358783,3.385592055913742e-06,,,
A-Ra1e5-fine,6540,3.274884193224634e-06,3.808062625299323e-06,1.625980968945729e-06,1.566470350756818e-06,4.524071669416573,,,,,4.524071669416573,4.524086977393088,3.383666691173882e-06,,,
A-Ra1e5-fine,6541,3.280609833823471e-06,3.814063645554644e-06,1.620913713114054e-06,1.561914447175198e-06,4.524063669909651,,,,,4.524063669909651,4.5240789691602465,3.381743901611082e-06,,,
A-Ra1e5-fine,6542,3.286291800765212e-06,3.820011138293608e-06,1.61586579037801e-06,1.557372915289468e-06,4.524055711149684,,,,,4.524055711149684,4.524071001685161,3.3798234622856106e-06,,,
A-Ra1e5-fine,6543,3.29193256264795e-06,3.825908244381935e-06,1.610838515805041e-06,1.552853840251481e-06,4.524047793159412,,,,,4.524047793159412,4.524063074996481,3.377906679382868e-06,,,
A-Ra1e5-fine,6544,3.297530176751092e-06,3.831758230756484e-06,1.605829177523514e-06,1.548348727098285e-06,4.524039915967592,,,,,4.524039915967592,4.524055189116032,3.3759920210400453e-06,,,
A-Ra1e5-fine,6545,3.303082496575646e-06,3.837558235694712e-06,1.600839387705033e-06,1.543875075530905e-06,4.524032079599466,,,,,4.524032079599466,4.524047344071895,3.3740801145559447e-06,,,
A-Ra1e5-fine,6546,3.308589892553366e-06,3.843312297075386e-06,1.595862843921302e-06,1.539427631913708e-06,4.524024284076632,,,,,4.524024284076632,4.524039539883964,3.3721705834307364e-06,,,
A-Ra1e5-fine,6547,3.314054108072599e-06,3.849022664415656e-06,1.59090113346459e-06,1.534992606102645e-06,4.5240165294233075,,,,,4.5240165294233075,4.5240317765807765,3.370264382632915e-06,,,
A-Ra1e5-fine,6548,3.319475757005403e-06,3.854684752437207e-06,1.585960638306052e-06,1.530576312633385e-06,4.524008815662685,,,,,4.524008815662685,4.52402405418211,3.3683607573449047e-06,,,
A-Ra1e5-fine,6549,3.32485424068327e-06,3.860293130784205e-06,1.581035378256765e-06,1.526186860909554e-06,4.5240011428179505,,,,,4.5240011428179505,4.524016372710823,3.366459635170265e-06,,,
A-Ra1e5-fine,6550,3.33018618469707e-06,3.865851875751142e-06,1.576127206163044e-06,1.521822608560644e-06,4.523993510911965,,,,,4.523993510911965,4.524008732191011,3.3645612892451394e-06,,,
A-Ra1e5-fine,6551,3.335472891887524e-06,3.871360828545591e-06,1.571235470074257e-06,1.517469399847945e-06,4.5239859199643915,,,,,4.5239859199643915,4.524001132643708,3.3626660223549943e-06,,,
A-Ra1e5-fine,6552,3.340715846983402e-06,3.876817523637041e-06,1.566376407091613e-06,1.513137552652024e-06,4.523978369997394,,,,,4.523978369997394,4.523993574087445,3.3607730317725688e-06,,,
A-Ra1e5-fine,6553,3.345916080191883e-06,3.882219777996599e-06,1.56154182246436e-06,1.508814989141305e-06,4.5239708610319,,,,,4.5239708610319,4.523986056545189,3.358882768114532e-06,,,
A-Ra1e5-fine,6554,3.351070223164514e-06,3.887570276912376e-06,1.556725738939075e-06,1.504521213540184e-06,4.523963393088821,,,,,4.523963393088821,4.523978580036716,3.356994980720981e-06,,,
A-Ra1e5-fine,6555,3.356178062594185e-06,3.892869531111096e-06,1.551926720604534e-06,1.500251608659088e-06,4.523955966183165,,,,,4.523955966183165,4.523971144580105,3.3551103481510913e-06,,,
A-Ra1e5-fine,6556,3.361243920186038e-06,3.898119692285034e-06,1.547148979069072e-06,1.495994946146329e-06,4.523948580339945,,,,,4.523948580339945,4.523963750197301,3.353228192730693e-06,,,
A-Ra1e5-fine,6557,3.366267320158774e-06,3.903321200449753e-06,1.542402919836236e-06,1.491755324600871e-06,4.523941235573831,,,,,4.523941235573831,4.523956396903761,3.351348687869765e-06,,,
A-Ra1e5-fine,6558,3.371246920088967e-06,3.908477265594227e-06,1.537678678727863e-06,1.487544852835774e-06,4.523933931905162,,,,,4.523933931905162,4.52394908471961,3.349471786891279e-06,,,
A-Ra1e5-fine,6559,3.376181487872349e-06,3.91358286542845e-06,1.532968955506497e-06,1.483348546164048e-06,4.523926669349293,,,,,4.523926669349293,4.523941813660873,3.3475976376829637e-06,,,
A-Ra1e5-fine,6560,3.381075424495047e-06,3.91863926196192e-06,1.528288498513829e-06,1.479171137753101e-06,4.523919447923277,,,,,4.523919447923277,4.523934583744837,3.3457262919310313e-06,,,
A-Ra1e5-fine,6561,3.385924861707164e-06,3.92364947207404e-06,1.523645256942234e-06,1.474996590657489e-06,4.523912267647235,,,,,4.523912267647235,4.523927394988664,3.3438570957129885e-06,,,
A-Ra1e5-fine,6562,3.390729967337658e-06,3.928608847603829e-06,1.519026112870999e-06,1.470846988462038e-06,4.523905128531851,,,,,4.523905128531851,4.523920247409299,3.3419914332042663e-06,,,
A-Ra1e5-fine,6563,3.395489394155587e-06,3.933513299306173e-06,1.51443184214001e-06,1.466725402874453e-06,4.523898030596118,,,,,4.523898030596118,4.5239131410187845,3.34012776798244e-06,,,
A-Ra1e5-fine,6564,3.40020536759837e-06,3.938366572198492e-06,1.509871351276304e-06,1.462614825698811e-06,4.523890973854918,,,,,4.523890973854918,4.523906075835658,3.3382669077983982e-06,,,
A-Ra1e5-fine,6565,3.404876292433007e-06,3.943171085336231e-06,1.50534091130036e-06,1.458512114793198e-06,4.523883958321562,,,,,4.523883958321562,4.523899051872538,3.3364087001576648e-06,,,
A-Ra1e5-fine,6566,3.409503785809616e-06,3.947924112787521e-06,1.500837282411288e-06,1.454434211263001e-06,4.523876984010257,,,,,4.523876984010257,4.523892069142041,3.3345527930921466e-06,,,
A-Ra1e5-fine,6567,3.414086743900794e-06,3.952626325822814e-06,1.496367826442044e-06,1.450384558467341e-06,4.5238700509338505,,,,,4.5238700509338505,4.523885127663039,3.3327005187588927e-06,,,
A-Ra1e5-fine,6568,3.418624244021255e-06,3.957277117110089e-06,1.491938672416518e-06,1.446348187223998e-06,4.523863159107577,,,,,4.523863159107577,4.523878227442244,3.3308499930235788e-06,,,
A-Ra1e5-fine,6569,3.423117690941955e-06,3.961876843170153e-06,1.487547587491679e-06,1.442329542685763e-06,4.5238563085420065,,,,,4.5238563085420065,4.523871368494546,3.329002170893431e-06,,,
A-Ra1e5-fine,6570,3.427567021919099e-06,3.966426618910232e-06,1.483193439053619e-06,1.438322104785927e-06,4.523849499248631,,,,,4.523849499248631,4.523864550832448,3.3271572760447607e-06,,,
A-Ra1e5-fine,6571,3.431971686779237e-06,3.970929651662146e-06,1.478881002885768e-06,1.434353936730251e-06,4.523842731240959,,,,,4.523842731240959,4.523857774466183,3.325314584654981e-06,,,
A-Ra1e5-fine,6572,3.436331021120068e-06,3.975382191428189e-06,1.474618691168893e-06,1.430401786868441e-06,4.523836004528792,,,,,4.523836004528792,4.5238510394088305,3.3234748208510404e-06,,,
A-Ra1e5-fine,6573,3.440644675599196e-06,3.979784125292256e-06,1.470407677607807e-06,1.426463680860579e-06,4.523829319122115,,,,,4.523829319122115,4.523844345669705,3.3216378368505694e-06,,,
A-Ra1e5-fine,6574,3.444912382366166e-06,3.984137818325419e-06,1.466252306712923e-06,1.422536187130417e-06,4.523822675031281,,,,,4.523822675031281,4.5238376932574536,3.3198032555530227e-06,,,
A-Ra1e5-fine,6575,3.449137230098278e-06,3.988445527120551e-06,1.46215984331026e-06,1.418618898357202e-06,4.523816072265959,,,,,4.523816072265959,4.523831082182643,3.3179712755050827e-06,,,
A-Ra1e5-fine,6576,3.453318035925834e-06,3.992701280394093e-06,1.458115138600473e-06,1.414740259863267e-06,4.52380951083626,,,,,4.52380951083626,4.523824512454374,3.316141673137058e-06,,,
A-Ra1e5-fine,6577,3.457453943856588e-06,3.996905309931055e-06,1.454109605382189e-06,1.410868821184821e-06,4.52380299074889,,,,,4.52380299074889,4.523817984082644,3.3143151765103176e-06,,,
A-Ra1e5-fine,6578,3.461546339870613e-06,4.001058104942146e-06,1.450144661442028e-06,1.407004016123248e-06,4.523796512012608,,,,,4.523796512012608,4.523811497071891,3.312490830123946e-06,,,
A-Ra1e5-fine,6579,3.465596460294767e-06,4.005157924216372e-06,1.44621285684032e-06,1.403150568196962e-06,4.523790074635146,,,,,4.523790074635146,4.523805051432581,3.3106692389377607e-06,,,
A-Ra1e5-fine,6580,3.469602879425578e-06,4.00920615570745e-06,1.442319900839278e-06,1.39933342654682e-06,4.523783678622636,,,,,4.523783678622636,4.5237986471709535,3.308850426176503e-06,,,
A-Ra1e5-fine,6581,3.473564685553648e-06,4.013204422522182e-06,1.438471184992644e-06,1.395536142013016e-06,4.523777323983268,,,,,4.523777323983268,4.5237922842916785,3.307033614213242e-06,,,
A-Ra1e5-fine,6582,3.477482720933263e-06,4.017154897954303e-06,1.434658118741198e-06,1.391746565592942e-06,4.523771010721135,,,,,4.523771010721135,4.523785962804414,3.3052200329469663e-06,,,
A-Ra1e5-fine,6583,3.48135566178016e-06,4.021057118452222e-06,1.430872786576838e-06,1.387977535912741e-06,4.523764738843172,,,,,4.523764738843172,4.523779682712348,3.303408854292898e-06,,,
A-Ra1e5-fine,6584,3.485186231633142e-06,4.024909240448361e-06,1.427116851303355e-06,1.384222743781573e-06,4.523758508354378,,,,,4.523758508354378,4.523773444019913,3.3015999530449012e-06,,,
A-Ra1e5-fine,6585,3.488971384071253e-06,4.028710050188717e-06,1.423405870004078e-06,1.380507642294535e-06,4.523752319258732,,,,,4.523752319258732,4.523767246732451,3.299793630634921e-06,,,
A-Ra1e5-fine,6586,3.492711552177001e-06,4.032460241882105e-06,1.419718882084924e-06,1.376824824398327e-06,4.52374617155954,,,,,4.52374617155954,4.523761090855874,3.2979904633677117e-06,,,
A-Ra1e5-fine,6587,3.496405707827332e-06,4.036159519851517e-06,1.416069605877792e-06,1.373163542940189e-06,4.52374006526395,,,,,4.52374006526395,4.5237549763917775,3.2961892234116977e-06,,,
A-Ra1e5-fine,6588,3.500056759812164e-06,4.039808042045033e-06,1.412442944697565e-06,1.369515812686667e-06,4.5237340003709505,,,,,4.5237340003709505,4.523748903343108,3.294390786094378e-06,,,
A-Ra1e5-fine,6589,3.503664849276259e-06,4.043407452523408e-06,1.408855981829818e-06,1.365893137682643e-06,4.523727976883833,,,,,4.523727976883833,4.52374287171283,3.2925950790256453e-06,,,
A-Ra1e5-fine,6590,3.507227574591686e-06,4.046959174780954e-06,1.405304459150071e-06,1.362292664938058e-06,4.523721994808397,,,,,4.523721994808397,4.523736881504011,3.290801498524223e-06,,,
A-Ra1e5-fine,6591,3.51074614235152e-06,4.050464440781073e-06,1.401774730356401e-06,1.358711056771866e-06,4.5237160541418024,,,,,4.5237160541418024,4.523730932716422,3.2890106216860497e-06,,,
A-Ra1e5-fine,6592,3.514222389849936e-06,4.053917533461178e-06,1.398276819952407e-06,1.355137544731825e-06,4.523710154889277,,,,,4.523710154889277,4.523725025355408,3.287222474680107e-06,,,
A-Ra1e5-fine,6593,3.517654315631717e-06,4.057322219120929e-06,1.394810434184188e-06,1.351573107307402e-06,4.52370429704729,,,,,4.52370429704729,4.523719159415169,3.285436555532245e-06,,,
A-Ra1e5-fine,6594,3.521040665578119e-06,4.060674676154961e-06,1.391376052576845e-06,1.348043292479618e-06,4.523698480620167,,,,,4.523698480620167,4.523713334902757,3.283653467448453e-06,,,
A-Ra1e5-fine,6595,3.524384953712134e-06,4.063975523322172e-06,1.38796767123412e-06,1.344534243950772e-06,4.523692705604277,,,,,4.523692705604277,4.523707551811913,3.281872629525349e-06,,,
A-Ra1e5-fine,6596,3.527684943611193e-06,4.067224185076351e-06,1.384588261468814e-06,1.341032366694349e-06,4.523686972000523,,,,,4.523686972000523,4.523701810146511,3.2800946979842555e-06,,,
A-Ra1e5-fine,6597,3.530939094062914e-06,4.070425424150671e-06,1.381236437536299e-06,1.33753424288137e-06,4.523681279808555,,,,,4.523681279808555,4.523696109904498,3.278319297288628e-06,,,
A-Ra1e5-fine,6598,3.534151802897098e-06,4.073578710133979e-06,1.377915355655057e-06,1.334053758334004e-06,4.523675629026229,,,,,4.523675629026229,4.523690451081102,3.2765458457448626e-06,,,
A-Ra1e5-fine,6599,3.537321016539429e-06,4.076680906657643e-06,1.374621623202423e-06,1.330611020902834e-06,4.523670019650239,,,,,4.523670019650239,4.52368483367734,3.274775299781509e-06,,,
A-Ra1e5-fine,6600,3.540448241999748e-06,4.079733610200921e-06,1.371352736274363e-06,1.327174615713304e-06,4.523664451680134,,,,,4.523664451680134,4.5236792576900395,3.2730070572840744e-06,,,
A-Ra1e5-fine,6601,3.543532919099593e-06,4.082736763816359e-06,1.368114397374031e-06,1.323746233660694e-06,4.523658925109203,,,,,4.523658925109203,4.523673723115781,3.2712418463434694e-06,,,
A-Ra1e5-fine,6602,3.54657188315017e-06,4.085689516431121e-06,1.364904366066807e-06,1.320336953955072e-06,4.523653439938131,,,,,4.523653439938131,4.523668229949569,3.2694784110298295e-06,,,
A-Ra1e5-fine,6603,3.549567490238425e-06,4.08859181423629e-06,1.361721430180236e-06,1.316955060946062e-06,4.523647996159866,,,,,4.523647996159866,4.523662778190488,3.267718107723626e-06,,,
A-Ra1e5-fine,6604,3.552519398532422e-06,4.091443775716345e-06,1.3585650746387e-06,1.313604599513509e-06,4.5236425937723705,,,,,4.5236425937723705,4.52365736783161,3.2659598558263187e-06,,,
A-Ra1e5-fine,6605,3.555426377253485e-06,4.094244350468063e-06,1.355436113466922e-06,1.310268850609015e-06,4.523637232769491,,,,,4.523637232769491,4.52365199886963,3.264204285063602e-06,,,
A-Ra1e5-fine,6606,3.558288713772474e-06,4.096994465912477e-06,1.352335719333647e-06,1.306951041130215e-06,4.523631913145547,,,,,4.523631913145547,4.523646671297049,3.2624509933904323e-06,,,
A-Ra1e5-fine,6607,3.561107126566229e-06,4.09969458704466e-06,1.349263153606885e-06,1.303669210295494e-06,4.523626634893733,,,,,4.523626634893733,4.523641385109774,3.260700580102061e-06,,,
A-Ra1e5-fine,6608,3.563883129017844e-06,4.10234592414327e-06,1.346214619246765e-06,1.300411051708153e-06,4.523621398011186,,,,,4.523621398011186,4.523636140301095,3.2589521954917835e-06,,,
A-Ra1e5-fine,6609,3.566618295338656e-06,4.104952452492023e-06,1.343189917073405e-06,1.297179383725871e-06,4.523616202486435,,,,,4.523616202486435,4.523630936862949,3.2572065925941747e-06,,,
A-Ra1e5-fine,6610,3.569309862119281e-06,4.107513952176091e-06,1.340196139586445e-06,1.293967146839225e-06,4.523611048316414,,,,,4.523611048316414,4.523625774790664,3.2554634166786515e-06,,,
A-Ra1e5-fine,6611,3.571956569062065e-06,4.110024109824425e-06,1.337226377366232e-06,1.290779392322349e-06,4.523605935490881,,,,,4.523605935490881,4.523620654073898,3.2537226456220086e-06,,,
A-Ra1e5-fine,6612,3.574559358304321e-06,4.112484671248231e-06,1.334278967636146e-06,1.287596421970888e-06,4.52360086400176,,,,,4.52360086400176,4.5236155747054925,3.2519844821115074e-06,,,
A-Ra1e5-fine,6613,3.577118015659865e-06,4.11489575390797e-06,1.331360959208216e-06,1.284434546440673e-06,4.523595833842022,,,,,4.523595833842022,4.5236105366765775,3.2502485193863217e-06,,,
A-Ra1e5-fine,6614,3.579634193542627e-06,4.117256862499143e-06,1.328465074025413e-06,1.281294877275559e-06,4.523590845001419,,,,,4.523590845001419,4.523605539979189,3.2485152626993633e-06,,,
A-Ra1e5-fine,6615,3.582106761052978e-06,4.119567006773144e-06,1.325599611568103e-06,1.278182168099e-06,4.523585897469617,,,,,4.523585897469617,4.523600584603333,3.2467847867249455e-06,,,
A-Ra1e5-fine,6616,3.584534732010537e-06,4.121826841736136e-06,1.322760394190213e-06,1.275087914651883e-06,4.523580991239558,,,,,4.523580991239558,4.523595670535704,3.245055710641131e-06,,,
A-Ra1e5-fine,6617,3.586920585236993e-06,4.124036267211026e-06,1.319943500354661e-06,1.272006379938258e-06,4.5235761262979395,,,,,4.5235761262979395,4.523590797770386,3.24332966769603e-06,,,
A-Ra1e5-fine,6618,3.589264734489583e-06,4.126195691941871e-06,1.317147648067955e-06,1.268954739480037e-06,4.523571302633628,,,,,4.523571302633628,4.523585966295106,3.2416064056528e-06,,,
A-Ra1e5-fine,6619,3.591567452670006e-06,4.12830792866681e-06,1.314386041087699e-06,1.265928067732874e-06,4.5235665202372966,,,,,4.5235665202372966,4.523581176097017,3.23988514665893e-06,,,
A-Ra1e5-fine,6620,3.593828414836779e-06,4.130370761142194e-06,1.3116498012899e-06,1.26291898257018e-06,4.523561779095647,,,,,4.523561779095647,4.5235764271662235,3.238166642972401e-06,,,
A-Ra1e5-fine,6621,3.596047879171924e-06,4.132384080564836e-06,1.308934503022706e-06,1.259918024295847e-06,4.523557079196965,,,,,4.523557079196965,4.523571719488748,3.236450394175165e-06,,,
A-Ra1e5-fine,6622,3.598223812209226e-06,4.134347288175937e-06,1.306240967497299e-06,1.256926030205421e-06,4.523552420529997,,,,,4.523552420529997,4.523567053050826,3.2347358452627806e-06,,,
A-Ra1e5-fine,6623,3.600355979950465e-06,4.13626082767133e-06,1.303571436768423e-06,1.253960120884071e-06,4.523547803078031,,,,,4.523547803078031,4.52356242784372,3.2330247592802103e-06,,,
A-Ra1e5-fine,6624,3.602444555096396e-06,4.138125489845999e-06,1.300926608109223e-06,1.251025619066221e-06,4.523543226830613,,,,,4.523543226830613,4.523557843851495,3.2313159248430435e-06,,,
A-Ra1e5-fine,6625,3.604488368547871e-06,4.13994066212741e-06,1.298305198747741e-06,1.248099484049828e-06,4.523538691771136,,,,,4.523538691771136,4.523553301058359,3.229609522065316e-06,,,
A-Ra1e5-fine,6626,3.60648950080708e-06,4.141706589663078e-06,1.295712479426169e-06,1.245188994584687e-06,4.5235341978882415,,,,,4.5235341978882415,4.523548799450217,3.227904945675915e-06,,,
A-Ra1e5-fine,6627,3.608448870984666e-06,4.143422661373798e-06,1.293141128806774e-06,1.24229506424816e-06,4.523529745163613,,,,,4.523529745163613,4.523544339013076,3.2262031517470553e-06,,,
A-Ra1e5-fine,6628,3.610365614338822e-06,4.145091711783486e-06,1.290596114045065e-06,1.239435983166966e-06,4.52352533358385,,,,,4.52352533358385,4.523539919732618,3.2245039379103715e-06,,,
A-Ra1e5-fine,6629,3.612241376211231e-06,4.146714046723037e-06,1.28807810377201e-06,1.236615816251751e-06,4.52352096313325,,,,,4.52352096313325,4.523535541590766,3.2228067788089e-06,,,
A-Ra1e5-fine,6630,3.614074139787012e-06,4.14828791753346e-06,1.285580589231761e-06,1.233807302902238e-06,4.523516633793634,,,,,4.523516633793634,4.5235312045729685,3.221112476582304e-06,,,
A-Ra1e5-fine,6631,3.615863575353888e-06,4.149813169069161e-06,1.283100302508824e-06,1.231005642027373e-06,4.523512345551241,,,,,4.523512345551241,4.523526908660575,3.219419950407619e-06,,,
A-Ra1e5-fine,6632,3.617609784126572e-06,4.151291124451485e-06,1.280650328903072e-06,1.228219357885365e-06,4.523508098385949,,,,,4.523508098385949,4.523522653837907,3.2177301828688772e-06,,,
A-Ra1e5-fine,6633,3.619312811725812e-06,4.152723386365537e-06,1.278226119604689e-06,1.225478743449876e-06,4.523503892281836,,,,,4.523503892281836,4.523518440087448,3.216042821195996e-06,,,
A-Ra1e5-fine,6634,3.620973196355998e-06,4.15410542450589e-06,1.275819692308933e-06,1.222771337983283e-06,4.523499727220383,,,,,4.523499727220383,4.5235142673897615,3.2143576626283655e-06,,,
A-Ra1e5-fine,6635,3.622591772988817e-06,4.155438258638918e-06,1.273440062594395e-06,1.22007421436585e-06,4.523495603182708,,,,,4.523495603182708,4.523510135727566,3.212675061245312e-06,,,
A-Ra1e5-fine,6636,3.62416897535536e-06,4.156722851296208e-06,1.27108052344864e-06,1.217385087711801e-06,4.523491520151428,,,,,4.523491520151428,4.523506045081648,3.2109946124400753e-06,,,
A-Ra1e5-fine,6637,3.625703382952473e-06,4.157959000836267e-06,1.268747464196929e-06,1.214715344264537e-06,4.523487478105152,,,,,4.523487478105152,4.5235019954314355,3.209316497115442e-06,,,
A-Ra1e5-fine,6638,3.627195092992276e-06,4.159145112428233e-06,1.266435646005196e-06,1.212073760539744e-06,4.523483477024685,,,,,4.523483477024685,4.523497986759641,3.2076411372881094e-06,,,
A-Ra1e5-fine,6639,3.628643253197484e-06,4.160282848153149e-06,1.264150087251719e-06,1.209460932716715e-06,4.5234795168914825,,,,,4.5234795168914825,4.523494019044098,3.205967732317446e-06,,,
A-Ra1e5-fine,6640,3.630049171366406e-06,4.161372111265479e-06,1.261886933975317e-06,1.20686555386015e-06,4.523475597681907,,,,,4.523475597681907,4.523490092264457,3.204297008954885e-06,,,
A-Ra1e5-fine,6641,3.631413077773978e-06,4.162411657864797e-06,1.25964219332536e-06,1.204278770805207e-06,4.523471719378108,,,,,4.523471719378108,4.5234862063984345,3.2026279872914768e-06,,,
A-Ra1e5-fine,6642,3.632735800436999e-06,4.163403064253611e-06,1.257416305526548e-06,1.201718107750339e-06,4.523467881955071,,,,,4.523467881955071,4.5234823614279565,3.2009622018571524e-06,,,
A-Ra1e5-fine,6643,3.634017015821324e-06,4.164345028025594e-06,1.255224850669356e-06,1.199168260437469e-06,4.523464085393926,,,,,4.523464085393926,4.523478557328576,3.199298419649829e-06,,,
A-Ra1e5-fine,6644,3.635257530474485e-06,4.165242005060289e-06,1.253053273714855e-06,1.196650262244723e-06,4.52346032967148,,,,,4.52346032967148,4.523474794076767,3.197636567301629e-06,,,
A-Ra1e5-fine,6645,3.636458951815296e-06,4.166090011654836e-06,1.250895134437129e-06,1.19415594920407e-06,4.523456614764314,,,,,4.523456614764314,4.523471071652402,3.1959773725478288e-06,,,
A-Ra1e5-fine,6646,3.637618778648151e-06,4.166890874695882e-06,1.248762280008626e-06,1.191676161793847e-06,4.523452940649235,,,,,4.523452940649235,4.523467390030239,3.194320382282724e-06,,,
A-Ra1e5-fine,6647,3.638735858636046e-06,4.16764650400024e-06,1.246659746801531e-06,1.189218765805197e-06,4.523449307303169,,,,,4.523449307303169,4.523463749188454,3.1926658728361145e-06,,,
A-Ra1e5-fine,6648,3.63980969100684e-06,4.168354359181871e-06,1.244575462672234e-06,1.186775515352488e-06,4.523445714701093,,,,,4.523445714701093,4.523460149100676,3.191013546610777e-06,,,
A-Ra1e5-fine,6649,3.640840715086414e-06,4.169014644415349e-06,1.242508544077616e-06,1.184365918005461e-06,4.523442162818354,,,,,4.523442162818354,4.523456589745411,3.189364101892762e-06,,,
A-Ra1e5-fine,6650,3.641830500389819e-06,4.169626013288682e-06,1.240464873802659e-06,1.181971200555157e-06,4.523438651633343,,,,,4.523438651633343,4.523453071094355,3.1877160584686447e-06,,,
A-Ra1e5-fine,6651,3.642778918559938e-06,4.170188279166189e-06,1.238447374818573e-06,1.179593801739437e-06,4.5234351811163815,,,,,4.5234351811163815,4.523449593124087,3.1860708000841187e-06,,,
A-Ra1e5-fine,6652,3.643687299081149e-06,4.170703139639846e-06,1.236451292953064e-06,1.177244518577823e-06,4.523431751243718,,,,,4.523431751243718,4.523446155807666,3.1844276215176867e-06,,,
A-Ra1e5-fine,6653,3.644554549499445e-06,4.171168812209204e-06,1.234472703561037e-06,1.174905089688006e-06,4.523428361989206,,,,,4.523428361989206,4.523442759121554,3.1827870997133654e-06,,,
A-Ra1e5-fine,6654,3.645379722795122e-06,4.171585733410358e-06,1.232518205785999e-06,1.172593057966916e-06,4.523425013326235,,,,,4.523425013326235,4.523439403035857,3.181148508440501e-06,,,
A-Ra1e5-fine,6655,3.646163850900912e-06,4.171954937661238e-06,1.230584818341811e-06,1.170312129813899e-06,4.523421705227861,,,,,4.523421705227861,4.523436087525785,3.1795123243088282e-06,,,
A-Ra1e5-fine,6656,3.646905584051473e-06,4.172277974337513e-06,1.228671797305018e-06,1.168056866424862e-06,4.523418437666009,,,,,4.523418437666009,4.523432812562123,3.1778782952733043e-06,,,
A-Ra1e5-fine,6657,3.647605348189642e-06,4.172553907811817e-06,1.226780758985795e-06,1.165829669099214e-06,4.523415210612256,,,,,4.523415210612256,4.523429578118727,3.176246925238313e-06,,,
A-Ra1e5-fine,6658,3.64826421436393e-06,4.172784133409036e-06,1.224913569202392e-06,1.163613255014647e-06,4.523412024041137,,,,,4.523412024041137,4.523426384167624,3.174617659580229e-06,,,
A-Ra1e5-fine,6659,3.648882025407214e-06,4.172966854678242e-06,1.223065112338839e-06,1.161411439115607e-06,4.523408877922294,,,,,4.523408877922294,4.5234232306777855,3.1729903505162872e-06,,,
A-Ra1e5-fine,6660,3.649459005382007e-06,4.173101642915218e-06,1.2212334203791e-06,1.159240019182186e-06,4.523405772225258,,,,,4.523405772225258,4.523420117621461,3.1713655987535495e-06,,,
A-Ra1e5-fine,6661,3.649996268722762e-06,4.173190307362918e-06,1.219425616088858e-06,1.157084624526938e-06,4.5234027069234335,,,,,4.5234027069234335,4.523417044970234,3.1697430022322084e-06,,,
A-Ra1e5-fine,6662,3.650491373246065e-06,4.173233408276603e-06,1.217644717848244e-06,1.154952515471595e-06,4.523399681984299,,,,,4.523399681984299,4.52341401269364,3.1681230153799137e-06,,,
A-Ra1e5-fine,6663,3.650945452740202e-06,4.173232717892061e-06,1.215881026721288e-06,1.152841887877117e-06,4.523396697379782,,,,,4.523396697379782,4.523411020758819,3.1665045799304863e-06,,,
A-Ra1e5-fine,6664,3.651358635805348e-06,4.173184940048832e-06,1.214134582511743e-06,1.150744840122969e-06,4.523393753077924,,,,,4.523393753077924,4.523408069138487,3.1648887295474934e-06,,,
A-Ra1e5-fine,6665,3.651732268374148e-06,4.173093057195585e-06,1.212407255161983e-06,1.148668841538624e-06,4.523390849047471,,,,,4.523390849047471,4.523405157799562,3.1632750602091845e-06,,,
A-Ra1e5-fine,6666,3.652066155552625e-06,4.172955275110634e-06,1.210707458090531e-06,1.14661766441912e-06,4.523387985255796,,,,,4.523387985255796,4.523402286713169,3.161664400983197e-06,,,
A-Ra1e5-fine,6667,3.652358572436485e-06,4.172769233801022e-06,1.209027953796561e-06,1.144594030470819e-06,4.523385161675265,,,,,4.523385161675265,4.523399455843493,3.160054943732209e-06,,,
A-Ra1e5-fine,6668,3.652609480002271e-06,4.172535872987087e-06,1.207362795810613e-06,1.142587619328594e-06,4.523382378270639,,,,,4.523382378270639,4.52339666516143,3.15844804492629e-06,,,
A-Ra1e5-fine,6669,3.652822904037906e-06,4.172255785117937e-06,1.205716069724195e-06,1.140596121829029e-06,4.523379635008043,,,,,4.523379635008043,4.52339391463129,3.1568433030963496e-06,,,
A-Ra1e5-fine,6670,3.652996883118556e-06,4.17192839861763e-06,1.204094479255683e-06,1.138617910944187e-06,4.523376931857117,,,,,4.523376931857117,4.523391204223163,3.155240817860858e-06,,,
A-Ra1e5-fine,6671,3.653129779155584e-06,4.171554563973276e-06,1.202496365166037e-06,1.136675542691929e-06,4.523374268781707,,,,,4.523374268781707,4.523388533901358,3.1536406917876852e-06,,,
A-Ra1e5-fine,6672,3.653223009788353e-06,4.171135285009597e-06,1.200911745869924e-06,1.134757860092393e-06,4.523371645750219,,,,,4.523371645750219,4.5233859036340425,3.1520428719303647e-06,,,
A-Ra1e5-fine,6673,3.653277081904106e-06,4.17067018028507e-06,1.199346784371336e-06,1.132853355495352e-06,4.523369062727509,,,,,4.523369062727509,4.523383313383127,3.150446707450708e-06,,,
A-Ra1e5-fine,6674,3.653291431529519e-06,4.170158187865417e-06,1.197802020996744e-06,1.130963152135246e-06,4.523366519678686,,,,,4.523366519678686,4.523380763117007,3.1488529249235136e-06,,,
A-Ra1e5-fine,6675,3.653265725506903e-06,4.169599017403703e-06,1.196279341661366e-06,1.129087676928892e-06,4.52336401656737,,,,,4.52336401656737,4.523378252802381,3.147262204979515e-06,,,
A-Ra1e5-fine,6676,3.653201092503521e-06,4.168993706787669e-06,1.194776367208982e-06,1.127243734352815e-06,4.523361553362858,,,,,4.523361553362858,4.523375782399446,3.145672535854424e-06,,,
A-Ra1e5-fine,6677,3.653097190778408e-06,4.16834119444316e-06,1.193288104429612e-06,1.125453536777987e-06,4.523359130024232,,,,,4.523359130024232,4.523373351873763,3.144085350016408e-06,,,
A-Ra1e5-fine,6678,3.652953766082292e-06,4.16764193750152e-06,1.191822910009159e-06,1.123673524172773e-06,4.523356746515562,,,,,4.523356746515562,4.523370961189861,3.1425007490510067e-06,,,
A-Ra1e5-fine,6679,3.652770352075256e-06,4.166897865273673e-06,1.190377061154863e-06,1.121908456987328e-06,4.52335440280433,,,,,4.52335440280433,4.523368610310446,3.1409176772349847e-06,,,
A-Ra1e5-fine,6680,3.652548472724118e-06,4.166109979452176e-06,1.188946276372718e-06,1.120163966124934e-06,4.523352098848933,,,,,4.523352098848933,4.523366299199145,3.139337290573937e-06,,,
A-Ra1e5-fine,6681,3.652287249648758e-06,4.165275878021976e-06,1.18753608446251e-06,1.118428860589366e-06,4.5233498346151455,,,,,4.5233498346151455,4.523364027819572,3.137759111802001e-06,,,
A-Ra1e5-fine,6682,3.651985723225924e-06,4.164396690312559e-06,1.186145765360128e-06,1.116725426069531e-06,4.523347610063636,,,,,4.523347610063636,4.523361796129783,3.1361825631226738e-06,,,
A-Ra1e5-fine,6683,3.651644179200213e-06,4.163473767508983e-06,1.184778796770771e-06,1.115048088948086e-06,4.523345425156779,,,,,4.523345425156779,4.523359604097368,3.1346087979875994e-06,,,
A-Ra1e5-fine,6684,3.651262292424301e-06,4.162507652390506e-06,1.183422419922024e-06,1.113387431669413e-06,4.523343279855457,,,,,4.523343279855457,4.523357451678908,3.1330368655278503e-06,,,
A-Ra1e5-fine,6685,3.650840751480296e-06,4.161497610628495e-06,1.182083086274943e-06,1.11174221155059e-06,4.5233411741214695,,,,,4.5233411741214695,4.5233553388360885,3.1314667400914195e-06,,,
A-Ra1e5-fine,6686,3.650379061401469e-06,4.16044091802894e-06,1.180766030866647e-06,1.110115525412582e-06,4.523339107915719,,,,,4.523339107915719,4.523353265533659,3.1298992727472476e-06,,,
A-Ra1e5-fine,6687,3.649879645511528e-06,4.159338306733966e-06,1.179471130816482e-06,1.108500745339352e-06,4.523337081198181,,,,,4.523337081198181,4.523351231727294,3.128333512428654e-06,,,
A-Ra1e5-fine,6688,3.649340918034383e-06,4.158190150822539e-06,1.178192360915785e-06,1.106929328386163e-06,4.523335093926337,,,,,4.523335093926337,4.523349237379242,3.126770513237446e-06,,,
A-Ra1e5-fine,6689,3.648763229504507e-06,4.156998564369829e-06,1.176926432965912e-06,1.105372065666855e-06,4.523333146063234,,,,,4.523333146063234,4.523347282448346,3.125209345899078e-06,,,
A-Ra1e5-fine,6690,3.648148133622708e-06,4.155762701493953e-06,1.175674936428263e-06,1.103829458125403e-06,4.523331237567961,,,,,4.523331237567961,4.5233453668939125,3.1236500583954345e-06,,,
A-Ra1e5-fine,6691,3.647494357790725e-06,4.154480703467688e-06,1.174449714207052e-06,1.102300816743034e-06,4.523329368397415,,,,,4.523329368397415,4.52334349067387,3.1220928787668307e-06,,,
A-Ra1e5-fine,6692,3.646801450800795e-06,4.15315327589962e-06,1.173245703631463e-06,1.100790207991092e-06,4.523327538510562,,,,,4.523327538510562,4.523341653749231,3.1205382598782563e-06,,,
A-Ra1e5-fine,6693,3.646068812509049e-06,4.15178119308795e-06,1.172054171911141e-06,1.099314471984915e-06,4.52332574786726,,,,,4.52332574786726,4.523339856073722,3.1189848457763994e-06,,,
A-Ra1e5-fine,6694,3.64529683275901e-06,4.150367660765442e-06,1.170873864276268e-06,1.097889525435324e-06,4.523323996422052,,,,,4.523323996422052,4.523338097609941,3.117434417863746e-06,,,
A-Ra1e5-fine,6695,3.644486126147538e-06,4.14890943892416e-06,1.169709603230693e-06,1.09647859980737e-06,4.523322284134906,,,,,4.523322284134906,4.523336378311615,3.1158855960343776e-06,,,
A-Ra1e5-fine,6696,3.643637600360991e-06,4.14740571194661e-06,1.168575147253131e-06,1.095083538344305e-06,4.5233206109602415,,,,,4.5233206109602415,4.523334698138163,3.1143394856428255e-06,,,
A-Ra1e5-fine,6697,3.642751715542252e-06,4.145856853368312e-06,1.167454670405985e-06,1.093707439496587e-06,4.523318976857694,,,,,4.523318976857694,4.523333057043306,3.1127947796257078e-06,,,
A-Ra1e5-fine,6698,3.641827208206225e-06,4.144263260117512e-06,1.166347066357428e-06,1.092352774114069e-06,4.523317381781909,,,,,4.523317381781909,4.5233314549863515,3.1112525083300827e-06,,,
A-Ra1e5-fine,6699,3.640865247553852e-06,4.142628310233759e-06,1.165251757145833e-06,1.091027849440223e-06,4.523315825689224,,,,,4.523315825689224,4.52332989191955,3.109711768399139e-06,,,
A-Ra1e5-fine,6700,3.639864779585015e-06,4.140949947364425e-06,1.16417407945938e-06,1.089734820736132e-06,4.5233143085346175,,,,,4.5233143085346175,4.52332836780254,3.1081735899838897e-06,,,
A-Ra1e5-fine,6701,3.638826042161601e-06,4.139227425077684e-06,1.163122950624605e-06,1.088453793737558e-06,4.523312830271837,,,,,4.523312830271837,4.523326882588141,3.106637768360017e-06,,,
A-Ra1e5-fine,6702,3.637748373074067e-06,4.137462889290636e-06,1.162085000849172e-06,1.087188924540935e-06,4.523311390857998,,,,,4.523311390857998,4.523325436230539,3.105103655430419e-06,,,
A-Ra1e5-fine,6703,3.636632786211534e-06,4.135654474413897e-06,1.161058961964875e-06,1.085944265121413e-06,4.523309990248549,,,,,4.523309990248549,4.523324028685058,3.1035712241698064e-06,,,
A-Ra1e5-fine,6704,3.635479448906286e-06,4.133803343759909e-06,1.160046731799781e-06,1.084730640903327e-06,4.52330862839517,,,,,4.52330862839517,4.523322659906218,3.1020411025966033e-06,,,
A-Ra1e5-fine,6705,3.634289612770392e-06,4.131910186186089e-06,1.159054332511884e-06,1.083541907692657e-06,4.523307305251027,,,,,4.523307305251027,4.52332132984582,3.1005129885934303e-06,,,
A-Ra1e5-fine,6706,3.633063548495587e-06,4.1299745977401e-06,1.158081347047406e-06,1.082384938768273e-06,4.523306020770859,,,,,4.523306020770859,4.523320038460659,3.0989873369914594e-06,,,
A-Ra1e5-fine,6707,3.631799813689756e-06,4.127995334977303e-06,1.157123262706377e-06,1.081254016223203e-06,4.5233047749077295,,,,,4.5233047749077295,4.523318785699464,3.097463189649332e-06,,,
A-Ra1e5-fine,6708,3.630497211702537e-06,4.125971952451831e-06,1.156177930193834e-06,1.080150265316353e-06,4.523303567613881,,,,,4.523303567613881,4.523317571518127,3.095941353268541e-06,,,
A-Ra1e5-fine,6709,3.629157434261183e-06,4.123905326076215e-06,1.155247624026194e-06,1.079063079214417e-06,4.523302398840541,,,,,4.523302398840541,4.523316395867417,3.0944217268001164e-06,,,
A-Ra1e5-fine,6710,3.627779517328808e-06,4.121797217633533e-06,1.154337512617449e-06,1.07800894913932e-06,4.523301268542583,,,,,4.523301268542583,4.5233152586987915,3.0929035549353514e-06,,,
A-Ra1e5-fine,6711,3.626365190298216e-06,4.119646998543657e-06,1.15343952389019e-06,1.076977645730332e-06,4.523300176669638,,,,,4.523300176669638,4.523314159964506,3.0913874179795366e-06,,,
A-Ra1e5-fine,6712,3.624915373159343e-06,4.117452437567725e-06,1.152557987377547e-06,1.075984013388816e-06,4.523299123173388,,,,,4.523299123173388,4.523313099616916,3.089873465236149e-06,,,
A-Ra1e5-fine,6713,3.623427872798322e-06,4.115213688545569e-06,1.151690787129101e-06,1.075007591021768e-06,4.523298108002791,,,,,4.523298108002791,4.523312077605329,3.0883617733588596e-06,,,
A-Ra1e5-fine,6714,3.621903803425771e-06,4.112930934308237e-06,1.150840787513379e-06,1.074061420633404e-06,4.523297131110894,,,,,4.523297131110894,4.523311093882219,3.086852216359237e-06,,,
A-Ra1e5-fine,6715,3.62034220286012e-06,4.110605358457965e-06,1.150008185934972e-06,1.073140703796216e-06,4.523296192448361,,,,,4.523296192448361,4.523310148394148,3.085343887342969e-06,,,
A-Ra1e5-fine,6716,3.618743129003744e-06,4.108236985579924e-06,1.149184842037645e-06,1.072251379758984e-06,4.523295291961858,,,,,4.523295291961858,4.523309241093262,3.08383799750857e-06,,,
A-Ra1e5-fine,6717,3.617106803435149e-06,4.105826083623407e-06,1.148378499130684e-06,1.071378604218697e-06,4.523294429604221,,,,,4.523294429604221,4.523308371929423,3.082333890117192e-06,,,
A-Ra1e5-fine,6718,3.615434593803778e-06,4.103371883874367e-06,1.147587163407135e-06,1.070551901055679e-06,4.523293605322579,,,,,4.523293605322579,4.523307540851694,3.0808319919254228e-06,,,
A-Ra1e5-fine,6719,3.613725785612025e-06,4.10087553521986e-06,1.146816530985079e-06,1.069740795206346e-06,4.523292819066455,,,,,4.523292819066455,4.523306747807441,3.0793318268434707e-06,,,
A-Ra1e5-fine,6720,3.611980219414068e-06,4.098337573793595e-06,1.146059491991684e-06,1.068949901803745e-06,4.523292070784578,,,,,4.523292070784578,4.5233059927475585,3.077833873660976e-06,,,
A-Ra1e5-fine,6721,3.61019850953385e-06,4.095757387165269e-06,1.145308972468319e-06,1.068183771172717e-06,4.5232913604239675,,,,,4.5232913604239675,4.52330527561735,3.076337752700179e-06,,,
A-Ra1e5-fine,6722,3.60837968498184e-06,4.09313484017031e-06,1.144575166758443e-06,1.067441793826438e-06,4.523290687934833,,,,,4.523290687934833,4.523304596366576,3.0748433650699546e-06,,,
A-Ra1e5-fine,6723,3.606524558139278e-06,4.090470471860088e-06,1.143858357801203e-06,1.066709211437207e-06,4.523290053262257,,,,,4.523290053262257,4.523303954942254,3.0733511383132083e-06,,,
A-Ra1e5-fine,6724,3.604633471016452e-06,4.087764018181109e-06,1.143163352076485e-06,1.066003440684438e-06,4.523289456353612,,,,,4.523289456353612,4.523303351290953,3.071860895390783e-06,,,
A-Ra1e5-fine,6725,3.60270618142622e-06,4.085017051858852e-06,1.142480654247385e-06,1.065317510061255e-06,4.5232888971570455,,,,,4.5232888971570455,4.523302785361058,3.0703726884103797e-06,,,
A-Ra1e5-fine,6726,3.600743725633572e-06,4.082228491656084e-06,1.141803846730531e-06,1.064652378783987e-06,4.52328837561993,,,,,4.52328837561993,4.523302257096407,3.068885736340748e-06,,,
A-Ra1e5-fine,6727,3.598747290200383e-06,4.079398577793478e-06,1.141137339652848e-06,1.06401540510324e-06,4.523287891684505,,,,,4.523287891684505,4.52330176644539,3.067401398632722e-06,,,
A-Ra1e5-fine,6728,3.596714589140144e-06,4.076526041890032e-06,1.140490099872508e-06,1.06340107391352e-06,4.523287445300071,,,,,4.523287445300071,4.523301313352639,3.0659186435065135e-06,,,
A-Ra1e5-fine,6729,3.594645886852893e-06,4.073613220664244e-06,1.139864727677916e-06,1.062801052946874e-06,4.523287036410918,,,,,4.523287036410918,4.5233008977661955,3.064438300642443e-06,,,
A-Ra1e5-fine,6730,3.592542341391262e-06,4.070661572915853e-06,1.139249427060086e-06,1.06222244607783e-06,4.523286664962711,,,,,4.523286664962711,4.523300519625241,3.0629589363212947e-06,,,
A-Ra1e5-fine,6731,3.590403463619424e-06,4.067670204998207e-06,1.138637507168908e-06,1.061662478150212e-06,4.523286330899279,,,,,4.523286330899279,4.523300178880779,3.061482136980496e-06,,,
A-Ra1e5-fine,6732,3.588229657640892e-06,4.064637127370041e-06,1.138035262104657e-06,1.061109813839908e-06,4.5232860341673184,,,,,4.5232860341673184,4.523299875475733,3.0600070685717487e-06,,,
A-Ra1e5-fine,6733,3.586021406847334e-06,4.061562013528903e-06,1.137457773535048e-06,1.060591909522812e-06,4.523285774706554,,,,,4.523285774706554,4.523299609352012,3.058534214012845e-06,,,
A-Ra1e5-fine,6734,3.58377781690931e-06,4.058444721174138e-06,1.136906378791942e-06,1.060097628970284e-06,4.5232855524668585,,,,,4.5232855524668585,4.523299380454249,3.057062414872176e-06,,,
A-Ra1e5-fine,6735,3.581499006849558e-06,4.05528625469465e-06,1.136369499781295e-06,1.059612513947925e-06,4.523285367388554,,,,,4.523285367388554,4.523299188729245,3.055593103842318e-06,,,
A-Ra1e5-fine,6736,3.57918544556133e-06,4.052086112538478e-06,1.135836471798201e-06,1.059139781357387e-06,4.5232852194135384,,,,,4.5232852194135384,4.523299034116055,3.0541256520696926e-06,,,
A-Ra1e5-fine,6737,3.576837002619161e-06,4.048845458579507e-06,1.135307524685006e-06,1.058698763291791e-06,4.523285108486788,,,,,4.523285108486788,4.523298916558862,3.052659884870592e-06,,,
A-Ra1e5-fine,6738,3.574454382867151e-06,4.045564526519946e-06,1.134788186300095e-06,1.058273726687674e-06,4.523285034550215,,,,,4.523285034550215,4.523298836001506,3.051196228020901e-06,,,
A-Ra1e5-fine,6739,3.572037537015299e-06,4.042244058798654e-06,1.134286951312321e-06,1.057863832403802e-06,4.523284997547991,,,,,4.523284997547991,4.523298792384642,3.04973390421951e-06,,,
A-Ra1e5-fine,6740,3.569585654231603e-06,4.03888618444465e-06,1.13381439256097e-06,1.057493993064492e-06,4.5232849974180445,,,,,4.5232849974180445,4.523298785652334,3.048274270170101e-06,,,
A-Ra1e5-fine,6741,3.567098311698003e-06,4.035488100709947e-06,1.133350897482192e-06,1.057148600398246e-06,4.523285034107177,,,,,4.523285034107177,4.523298815742853,3.0468154399415275e-06,,,
A-Ra1e5-fine,6742,3.564576854048589e-06,4.032048625186349e-06,1.132892812302687e-06,1.056809769350417e-06,4.523285107552853,,,,,4.523285107552853,4.523298882600149,3.045358847209149e-06,,,
A-Ra1e5-fine,6743,3.562023174082724e-06,4.028568583126271e-06,1.132440933274306e-06,1.056488500976767e-06,4.5232852176959595,,,,,4.5232852176959595,4.5232989861647654,3.043904416450967e-06,,,
A-Ra1e5-fine,6744,3.559434877909164e-06,4.025048519091283e-06,1.132006007442565e-06,1.056176842667895e-06,4.523285364481125,,,,,4.523285364481125,4.523299126377812,3.042451369579335e-06,,,
A-Ra1e5-fine,6745,3.556811177045031e-06,4.02148896442295e-06,1.131588046649938e-06,1.055875824484307e-06,4.523285547844125,,,,,4.523285547844125,4.523299303179376,3.0410006597862085e-06,,,
A-Ra1e5-fine,6746,3.55415333370058e-06,4.017890266166938e-06,1.131183876034942e-06,1.055597608020645e-06,4.523285767727998,,,,,4.523285767727998,4.523299516508064,3.039551307719489e-06,,,
A-Ra1e5-fine,6747,3.551460787505696e-06,4.014251902440828e-06,1.130788830786821e-06,1.055326110180407e-06,4.523286024071919,,,,,4.523286024071919,4.523299766305447,3.038103843027895e-06,,,
A-Ra1e5-fine,6748,3.548733714841245e-06,4.010575940629373e-06,1.130401008639047e-06,1.05506383046969e-06,4.523286316815186,,,,,4.523286316815186,4.523300052510694,3.0366582371188494e-06,,,
A-Ra1e5-fine,6749,3.545973605450348e-06,4.006860252156263e-06,1.130024843957106e-06,1.054814455583138e-06,4.523286645897315,,,,,4.523286645897315,4.52330037506197,3.035214191409585e-06,,,
A-Ra1e5-fine,6750,3.543179740810791e-06,4.003105923803925e-06,1.12966657827955e-06,1.054580279606192e-06,4.523287011255318,,,,,4.523287011255318,4.5233007339001485,3.0337725597338416e-06,,,
A-Ra1e5-fine,6751,3.540352736361794e-06,3.999312097247563e-06,1.12932161105115e-06,1.054353537895294e-06,4.523287412831224,,,,,4.523287412831224,4.523301128962139,3.0323322103672027e-06,,,
A-Ra1e5-fine,6752,3.537492608789136e-06,3.995480293269033e-06,1.128986892591806e-06,1.054148952599644e-06,4.523287850562044,,,,,4.523287850562044,4.52330156018643,3.030893470122895e-06,,,
A-Ra1e5-fine,6753,3.534598461541498e-06,3.991610743940169e-06,1.128660837563586e-06,1.053949279963845e-06,4.5232883243841115,,,,,4.5232883243841115,4.5233020275114075,3.0294567926604328e-06,,,
A-Ra1e5-fine,6754,3.531671888686398e-06,3.987703721881058e-06,1.128342256388476e-06,1.053759596799408e-06,4.523288834236498,,,,,4.523288834236498,4.523302530875574,3.028022052386397e-06,,,
A-Ra1e5-fine,6755,3.528711563432312e-06,3.983759453962004e-06,1.128040521947457e-06,1.053574801686362e-06,4.52328938005644,,,,,4.52328938005644,4.523303070214231,3.0265888215163483e-06,,,
A-Ra1e5-fine,6756,3.525718753649222e-06,3.97977755479957e-06,1.127753829738623e-06,1.053409452118023e-06,4.523289961781757,,,,,4.523289961781757,4.523303645466672,3.0251574260767075e-06,,,
A-Ra1e5-fine,6757,3.522692725023373e-06,3.97575695074413e-06,1.127478362540097e-06,1.053246792042033e-06,4.52329057934912,,,,,4.52329057934912,4.523304256567873,3.023727491103028e-06,,,
A-Ra1e5-fine,6758,3.519633353303824e-06,3.97169740292122e-06,1.127212202139317e-06,1.0531002789837e-06,4.523291232694761,,,,,4.523291232694761,4.5233049034548465,3.0222991896610243e-06,,,
A-Ra1e5-fine,6759,3.51654122955473e-06,3.96759931595487e-06,1.1269536488731e-06,1.05297117403363e-06,4.523291921753296,,,,,4.523291921753296,4.523305586064723,3.02087307731882e-06,,,
A-Ra1e5-fine,6760,3.513415343045592e-06,3.963462996695456e-06,1.126704597386449e-06,1.052846898851097e-06,4.523292646462778,,,,,4.523292646462778,4.523306304333164,3.019448625952864e-06,,,
A-Ra1e5-fine,6761,3.510256493575715e-06,3.959288184366654e-06,1.126474064994119e-06,1.052730989490885e-06,4.523293406758739,,,,,4.523293406758739,4.523307058195932,3.0180258861025484e-06,,,
A-Ra1e5-fine,6762,3.507064591981298e-06,3.955075828554021e-06,1.126255611006351e-06,1.052623710352804e-06,4.523294202575812,,,,,4.523294202575812,4.523307847586853,3.0166046799456993e-06,,,
A-Ra1e5-fine,6763,3.50384071045457e-06,3.950826119929699e-06,1.126047665483616e-06,1.05253341419315e-06,4.523295033849764,,,,,4.523295033849764,4.523308672443864,3.0151854868626027e-06,,,
A-Ra1e5-fine,6764,3.500585632622361e-06,3.946538306917443e-06,1.125847622627785e-06,1.052448561224755e-06,4.523295900514769,,,,,4.523295900514769,4.52330953269841,3.01376770372413e-06,,,
A-Ra1e5-fine,6765,3.49729831539759e-06,3.942213238439548e-06,1.125654491425389e-06,1.052382899626047e-06,4.523296802506252,,,,,4.523296802506252,4.523310428286938,3.0123515564149756e-06,,,
A-Ra1e5-fine,6766,3.493979399796177e-06,3.937851601863934e-06,1.125474968066194e-06,1.052322419112081e-06,4.5232977397581635,,,,,4.5232977397581635,4.523311359144536,3.0109372967394496e-06,,,
A-Ra1e5-fine,6767,3.490628154457344e-06,3.933452582017929e-06,1.125311656798938e-06,1.052267986141784e-06,4.523298712202971,,,,,4.523298712202971,4.523312325202758,3.0095247227243176e-06,,,
A-Ra1e5-fine,6768,3.487244201846967e-06,3.929015910956255e-06,1.125159408932263e-06,1.052217868901841e-06,4.523299719776105,,,,,4.523299719776105,4.523313326396694,3.0081137590438163e-06,,,
A-Ra1e5-fine,6769,3.483828587405542e-06,3.924541104111605e-06,1.125016549834318e-06,1.052181460210371e-06,4.523300762411623,,,,,4.523300762411623,4.5233143626605194,3.0067044322815977e-06,,,
A-Ra1e5-fine,6770,3.480380906682371e-06,3.920028428507934e-06,1.124881024725801e-06,1.052158018182016e-06,4.523301840041203,,,,,4.523301840041203,4.523315433925678,3.005296690087752e-06,,,
A-Ra1e5-fine,6771,3.476902106149103e-06,3.91547808664401e-06,1.124751877240597e-06,1.052153644491629e-06,4.523302952596395,,,,,4.523302952596395,4.523316540126235,3.0038910890109817e-06,,,
A-Ra1e5-fine,6772,3.473392635442095e-06,3.910892019098613e-06,1.124640209145512e-06,1.052163574761891e-06,4.523304100013998,,,,,4.523304100013998,4.523317681195115,3.00248677242507e-06,,,
A-Ra1e5-fine,6773,3.469851067558934e-06,3.906268774763757e-06,1.124541310566453e-06,1.052182006025411e-06,4.523305282221713,,,,,4.523305282221713,4.523318857061486,3.0010840649850825e-06,,,
A-Ra1e5-fine,6774,3.466277645820936e-06,3.90161021747141e-06,1.124453618181713e-06,1.052204948106494e-06,4.52330649915666,,,,,4.52330649915666,4.523320067661576,2.9996827692302756e-06,,,
A-Ra1e5-fine,6775,3.462673605449877e-06,3.896916414451654e-06,1.124373524934837e-06,1.052229720901375e-06,4.523307750745859,,,,,4.523307750745859,4.523321312926488,2.9982837880821455e-06,,,
A-Ra1e5-fine,6776,3.459037528305344e-06,3.892187107522378e-06,1.124300600609671e-06,1.052277810414469e-06,4.523309036923364,,,,,4.523309036923364,4.523322592783575,2.9968856401137972e-06,,,
A-Ra1e5-fine,6777,3.455369851402837e-06,3.887421973275328e-06,1.124236069038379e-06,1.052337303157061e-06,4.523310357618129,,,,,4.523310357618129,4.5233239071699725,2.995490134031901e-06,,,
A-Ra1e5-fine,6778,3.451671730105477e-06,3.882620625494978e-06,1.12418856436786e-06,1.052417631352296e-06,4.523311712765235,,,,,4.523311712765235,4.52332525601178,2.994095284561679e-06,,,
A-Ra1e5-fine,6779,3.447943143408646e-06,3.877784134062738e-06,1.124153265899375e-06,1.052499460502074e-06,4.523313102291352,,,,,4.523313102291352,4.5233266392418034,2.992702448204216e-06,,,
A-Ra1e5-fine,6780,3.444185000910896e-06,3.872911599735107e-06,1.124127331050623e-06,1.052587600573858e-06,4.523314526129524,,,,,4.523314526129524,4.523328056790028,2.9913109487868233e-06,,,
A-Ra1e5-fine,6781,3.440397439682165e-06,3.868003530342704e-06,1.124108520142231e-06,1.052677988799069e-06,4.523315984208809,,,,,4.523315984208809,4.523329508588792,2.9899215115258628e-06,,,
A-Ra1e5-fine,6782,3.436580460352792e-06,3.863060821934024e-06,1.124095268164944e-06,1.05277071739606e-06,4.523317476459512,,,,,4.523317476459512,4.523330994564665,2.9885333106280404e-06,,,
A-Ra1e5-fine,6783,3.432732970243578e-06,3.858083659157065e-06,1.124093720068654e-06,1.052881246054813e-06,4.5233190028105845,,,,,4.5233190028105845,4.523332514648744,2.9871468207602673e-06,,,
A-Ra1e5-fine,6784,3.428854460585257e-06,3.853072323210499e-06,1.124109257462653e-06,1.053002328924315e-06,4.523320563193013,,,,,4.523320563193013,4.523334068772034,2.98576204572847e-06,,,
A-Ra1e5-fine,6785,3.424944662719831e-06,3.848025638084719e-06,1.124134449837767e-06,1.053136214640167e-06,4.523322157533018,,,,,4.523322157533018,4.523335656859946,2.984378807124354e-06,,,
A-Ra1e5-fine,6786,3.421004411371581e-06,3.842944157932015e-06,1.12416806294654e-06,1.053277226696992e-06,4.523323785763868,,,,,4.523323785763868,4.523337278843361,2.9829965766310297e-06,,,
A-Ra1e5-fine,6787,3.41703508580685e-06,3.837828703163314e-06,1.124208445303518e-06,1.0534257341086e-06,4.523325447811547,,,,,4.523325447811547,4.523338934653614,2.9816165377564615e-06,,,
A-Ra1e5-fine,6788,3.41303490066779e-06,3.832679152348865e-06,1.124253777577808e-06,1.053577854016426e-06,4.523327143602842,,,,,4.523327143602842,4.523340624214531,2.9802380357350754e-06,,,
A-Ra1e5-fine,6789,3.409004571714704e-06,3.827494565541292e-06,1.124315616555643e-06,1.053738140392457e-06,4.523328873069659,,,,,4.523328873069659,4.523342347457447,2.978860944581284e-06,,,
A-Ra1e5-fine,6790,3.404944986355295e-06,3.822274522613971e-06,1.124390804569377e-06,1.053910821636845e-06,4.523330636136963,,,,,4.523330636136963,4.523344104308013,2.9774854155664944e-06,,,
A-Ra1e5-fine,6791,3.400855907395516e-06,3.817020002237741e-06,1.124475104458463e-06,1.05409733947038e-06,4.5233324327338105,,,,,4.5233324327338105,4.523345894695627,2.976111524951686e-06,,,
A-Ra1e5-fine,6792,3.396736951024463e-06,3.81173115991687e-06,1.124566674211533e-06,1.054295957773954e-06,4.5233342627882385,,,,,4.5233342627882385,4.5233477185462805,2.97473882021631e-06,,,
A-Ra1e5-fine,6793,3.392589287379384e-06,3.806407387634063e-06,1.124664424530233e-06,1.054495442728901e-06,4.523336126225102,,,,,4.523336126225102,4.523349575788348,2.973368079590249e-06,,,
A-Ra1e5-fine,6794,3.388413705223463e-06,3.80104951462118e-06,1.124768279046454e-06,1.054699144218796e-06,4.5233380229736895,,,,,4.5233380229736895,4.523351466348391,2.971998700144577e-06,,,
A-Ra1e5-fine,6795,3.384208719861698e-06,3.795658157642778e-06,1.124891312868134e-06,1.054904083672273e-06,4.523339952959759,,,,,4.523339952959759,4.523353390151601,2.970630556879116e-06,,,
A-Ra1e5-fine,6796,3.37997362525511e-06,3.790232518725874e-06,1.125024024855357e-06,1.055118135599826e-06,4.523341916109079,,,,,4.523341916109079,4.523355347126928,2.9692643532108124e-06,,,
A-Ra1e5-fine,6797,3.375709105394263e-06,3.784773997586274e-06,1.125165668270052e-06,1.055347642717686e-06,4.52334391234865,,,,,4.52334391234865,4.523357337198311,2.967899412383531e-06,,,
A-Ra1e5-fine,6798,3.371416131888616e-06,3.779281516761541e-06,1.125311929259969e-06,1.055596507648621e-06,4.523345941604135,,,,,4.523345941604135,4.523359360293332,2.9665361585983394e-06,,,
A-Ra1e5-fine,6799,3.36709522799514e-06,3.773755439029711e-06,1.125463642352957e-06,1.05584690575674e-06,4.523348003801856,,,,,4.523348003801856,4.523361416335708,2.9651740160259376e-06,,,
A-Ra1e5-fine,6800,3.36274497121788e-06,3.768195702408789e-06,1.125627983228499e-06,1.056103018913008e-06,4.523350098865194,,,,,4.523350098865194,4.523363505253134,2.963813938826604e-06,,,
A-Ra1e5-fine,6801,3.358365350747927e-06,3.762602491010946e-06,1.125808320444286e-06,1.056364355396281e-06,4.5233522267218405,,,,,4.5233522267218405,4.523365626970463,2.9624552991361654e-06,,,
A-Ra1e5-fine,6802,3.353957258493168e-06,3.756976359573378e-06,1.12599816355907e-06,1.056629111535461e-06,4.5233543872961945,,,,,4.5233543872961945,4.523367781410164,2.961097670355808e-06,,,
A-Ra1e5-fine,6803,3.349520836200545e-06,3.751316708982404e-06,1.126193710194359e-06,1.056900252838717e-06,4.523356580513338,,,,,4.523356580513338,4.523369968499696,2.959741578396587e-06,,,
A-Ra1e5-fine,6804,3.345055319708586e-06,3.745624633724797e-06,1.126394711284219e-06,1.057182148564169e-06,4.523358806296075,,,,,4.523358806296075,4.523372188163126,2.9583873023539575e-06,,,
A-Ra1e5-fine,6805,3.34056075638869e-06,3.739899993310984e-06,1.126600839795039e-06,1.057484242344491e-06,4.52336106457142,,,,,4.52336106457142,4.523374440323369,2.9570339361328314e-06,,,
A-Ra1e5-fine,6806,3.336038866118765e-06,3.734144619398984e-06,1.126824164239764e-06,1.057793057117747e-06,4.523363355259904,,,,,4.523363355259904,4.523376724906189,2.9556826363318887e-06,,,
A-Ra1e5-fine,6807,3.33148943824093e-06,3.728356831106036e-06,1.127059472047511e-06,1.058106736153713e-06,4.523365678288996,,,,,4.523365678288996,4.523379041833826,2.954332247487828e-06,,,
A-Ra1e5-fine,6808,3.326912474804705e-06,3.722537108143096e-06,1.127303378730905e-06,1.05841977440226e-06,4.523368033578894,,,,,4.523368033578894,4.523381391030331,2.952983621065878e-06,,,
A-Ra1e5-fine,6809,3.32230822605078e-06,3.716684632729832e-06,1.127552721889797e-06,1.058735803302671e-06,4.523370421055802,,,,,4.523370421055802,4.523383772422269,2.951636837252185e-06,,,
A-Ra1e5-fine,6810,3.317677072573511e-06,3.710799464784035e-06,1.127805322928765e-06,1.059061304433066e-06,4.523372840643675,,,,,4.523372840643675,4.5233861859265305,2.95029033413764e-06,,,
A-Ra1e5-fine,6811,3.313017335113754e-06,3.704882455469791e-06,1.128066842417616e-06,1.05939640547431e-06,4.523375292262019,,,,,4.523375292262019,4.523388631471495,2.948946073756582e-06,,,
A-Ra1e5-fine,6812,3.30832999655358e-06,3.698934084295743e-06,1.128347404445725e-06,1.059751619979163e-06,4.523377775833863,,,,,4.523377775833863,4.523391108975875,2.94760310151902e-06,,,
A-Ra1e5-fine,6813,3.303615633304635e-06,3.692955177671732e-06,1.128637042716307e-06,1.060108648832038e-06,4.523380291284523,,,,,4.523380291284523,4.523393618366685,2.9462617935144606e-06,,,
A-Ra1e5-fine,6814,3.29887306851256e-06,3.686944739336973e-06,1.12893224475626e-06,1.060472231073104e-06,4.523382838535325,,,,,4.523382838535325,4.523396159561847,2.944921396809338e-06,,,
A-Ra1e5-fine,6815,3.294103404373926e-06,3.680902973221576e-06,1.129232355326251e-06,1.06083828049886e-06,4.523385417507825,,,,,4.523385417507825,4.523398732485182,2.9435824125717555e-06,,,
A-Ra1e5-fine,6816,3.289306968872142e-06,3.67482940577386e-06,1.129533980873948e-06,1.061209326627842e-06,4.523388028122215,,,,,4.523388028122215,4.523401337059159,2.942245343932936e-06,,,
A-Ra1e5-fine,6817,3.284484126309071e-06,3.66872545135886e-06,1.129855457069968e-06,1.061593725535023e-06,4.5233906703033435,,,,,4.5233906703033435,4.523403973203747,2.940909112602517e-06,,,
A-Ra1e5-fine,6818,3.27963609074252e-06,3.662591200181848e-06,1.130189392617168e-06,1.061986424565866e-06,4.523393343971183,,,,,4.523393343971183,4.523406640842317,2.93957446970413e-06,,,
A-Ra1e5-fine,6819,3.274762042950059e-06,3.6564263791705e-06,1.130529254949012e-06,1.062396512889833e-06,4.523396049046821,,,,,4.523396049046821,4.523409339894946,2.938241192062385e-06,,,
A-Ra1e5-fine,6820,3.269861679137695e-06,3.650231198116242e-06,1.130874701343109e-06,1.062809317622894e-06,4.523398785449558,,,,,4.523398785449558,4.523412070282052,2.936909526568751e-06,,,
A-Ra1e5-fine,6821,3.264935206122752e-06,3.644005776536109e-06,1.13122164493836e-06,1.063227862675828e-06,4.523401553104124,,,,,4.523401553104124,4.5234148319256535,2.935578874228985e-06,,,
A-Ra1e5-fine,6822,3.25998247439763e-06,3.637750064390906e-06,1.131580941317918e-06,1.063647045663249e-06,4.523404351927527,,,,,4.523404351927527,4.523417624745141,2.9342497615401785e-06,,,
A-Ra1e5-fine,6823,3.255002497820802e-06,3.631464477429796e-06,1.13195787405596e-06,1.064065166125162e-06,4.523407181842686,,,,,4.523407181842686,4.523420448662865,2.9329220629122508e-06,,,
A-Ra1e5-fine,6824,3.249996709551897e-06,3.62514935743113e-06,1.132341268070784e-06,1.064492030970353e-06,4.523410042767298,,,,,4.523410042767298,4.52342330359595,2.9315956521696174e-06,,,
A-Ra1e5-fine,6825,3.244965634022788e-06,3.618803820571568e-06,1.132729879570221e-06,1.064934381361431e-06,4.523412934624734,,,,,4.523412934624734,4.523426189466752,2.9302703047614267e-06,,,
A-Ra1e5-fine,6826,3.239908136628241e-06,3.612428221270629e-06,1.133120278838434e-06,1.065396429334082e-06,4.523415857331313,,,,,4.523415857331313,4.523429106192839,2.928946296639734e-06,,,
A-Ra1e5-fine,6827,3.234825171319455e-06,3.606022340388376e-06,1.133519345671236e-06,1.065859530132858e-06,4.523418810808267,,,,,4.523418810808267,4.523432053696912,2.9276239530365458e-06,,,
A-Ra1e5-fine,6828,3.229716675880438e-06,3.599585999833385e-06,1.13393829240236e-06,1.066329421397747e-06,4.523421794973388,,,,,4.523421794973388,4.523435031895522,2.926302999334522e-06,,,
A-Ra1e5-fine,6829,3.224582483672975e-06,3.593119755197056e-06,1.134363470172911e-06,1.066800430789489e-06,4.523424809748691,,,,,4.523424809748691,4.523438040709199,2.9249831078995792e-06,,,
A-Ra1e5-fine,6830,3.219422572453219e-06,3.586624275768366e-06,1.134794361959674e-06,1.067273958025771e-06,4.523427855051297,,,,,4.523427855051297,4.52344108005632,2.9236645556636964e-06,,,
A-Ra1e5-fine,6831,3.214237617417762e-06,3.580098826860177e-06,1.135225639734712e-06,1.067758414485816e-06,4.523430930799693,,,,,4.523430930799693,4.523444149855142,2.9223472926342743e-06,,,
A-Ra1e5-fine,6832,3.209027921233033e-06,3.573543639587531e-06,1.135667523486534e-06,1.06825298611108e-06,4.523434036913499,,,,,4.523434036913499,4.523447250025855,2.9210314443547783e-06,,,
A-Ra1e5-fine,6833,3.203793617040503e-06,3.566958398021829e-06,1.136126390570517e-06,1.068764147688008e-06,4.5234371733100724,,,,,4.5234371733100724,4.523450380485249,2.9197168856309895e-06,,,
A-Ra1e5-fine,6834,3.198533651301542e-06,3.560344198006705e-06,1.136592410712267e-06,1.069283990095689e-06,4.523440339907098,,,,,4.523440339907098,4.523453541151003,2.918403615361645e-06,,,
A-Ra1e5-fine,6835,3.193247894369713e-06,3.553702166352264e-06,1.137063426844356e-06,1.069810348645557e-06,4.523443536624995,,,,,4.523443536624995,4.523456731942294,2.91709135873238e-06,,,
A-Ra1e5-fine,6836,3.187936998641686e-06,3.54703135462748e-06,1.137535210067429e-06,1.070342397824911e-06,4.523446763380205,,,,,4.523446763380205,4.523459952778288,2.91578071861363e-06,,,
A-Ra1e5-fine,6837,3.182601671732828e-06,3.540332334540723e-06,1.138020158505906e-06,1.070875640705731e-06,4.5234500200899666,,,,,4.5234500200899666,4.52346320357451,2.914471315734703e-06,,,
A-Ra1e5-fine,6838,3.17724304848642e-06,3.533604932989694e-06,1.138518047416607e-06,1.071421720583817e-06,4.523453306672993,,,,,4.523453306672993,4.523466484247864,2.9131627506009446e-06,,,
A-Ra1e5-fine,6839,3.171860144005897e-06,3.526848565610412e-06,1.13902420485449e-06,1.071978984570786e-06,4.523456623043217,,,,,4.523456623043217,4.523469794716496,2.911855954182102e-06,,,
A-Ra1e5-fine,6840,3.166452654448706e-06,3.520063409991684e-06,1.139532961613113e-06,1.07254619956733e-06,4.523459969120609,,,,,4.523459969120609,4.523473134896609,2.9105500942291357e-06,,,
A-Ra1e5-fine,6841,3.161019963624395e-06,3.51324989992347e-06,1.140044836600901e-06,1.073127351504461e-06,4.5234633448220665,,,,,4.5234633448220665,4.523476504706926,2.9092455743155807e-06,,,
A-Ra1e5-fine,6842,3.155562015358202e-06,3.506407891764875e-06,1.140572156522471e-06,1.073710977029491e-06,4.523466750063563,,,,,4.523466750063563,4.52347990406411,2.907942546688166e-06,,,
A-Ra1e5-fine,6843,3.150079309228153e-06,3.499537292874786e-06,1.141109350120231e-06,1.074297990116471e-06,4.52347018476178,,,,,4.52347018476178,4.523483332881531,2.9066402796323486e-06,,,
A-Ra1e5-fine,6844,3.144573499446879e-06,3.492639196856894e-06,1.141651494171593e-06,1.07488977200681e-06,4.523473648831895,,,,,4.523473648831895,4.523486791078015,2.9053395794319644e-06,,,
A-Ra1e5-fine,6845,3.139043666369556e-06,3.485714393639034e-06,1.142197710983855e-06,1.075493892536698e-06,4.523477142190932,,,,,4.523477142190932,4.523490278570353,2.904040395111541e-06,,,
A-Ra1e5-fine,6846,3.133490407223638e-06,3.478761822371241e-06,1.142752233200089e-06,1.076112437649035e-06,4.523480664755879,,,,,4.523480664755879,4.523493795270543,2.9027416230746372e-06,,,
A-Ra1e5-fine,6847,3.127914757260456e-06,3.47178200843399e-06,1.143322234355381e-06,1.076741348354158e-06,4.523484216441717,,,,,4.523484216441717,4.523497341098665,2.9014443910249782e-06,,,
A-Ra1e5-fine,6848,3.122316518924124e-06,3.464775387464826e-06,1.143898880498363e-06,1.077387473156256e-06,4.5234877971623755,,,,,4.5234877971623755,4.523500915968433,2.900148651326717e-06,,,
A-Ra1e5-fine,6849,3.116695338406188e-06,3.457742446103208e-06,1.144481113248525e-06,1.078034235595129e-06,4.5234914068356575,,,,,4.5234914068356575,4.523504519796623,2.8988541768799826e-06,,,
A-Ra1e5-fine,6850,3.111050572646001e-06,3.450682680232341e-06,1.145065517671999e-06,1.078684468587884e-06,4.5234950453773335,,,,,4.5234950453773335,4.523508152495926,2.8975602872209672e-06,,,
A-Ra1e5-fine,6851,3.105381875462408e-06,3.443596802613755e-06,1.1456641680888e-06,1.079342341883839e-06,4.5234987126996185,,,,,4.5234987126996185,4.523511813982103,2.8962677662468575e-06,,,
A-Ra1e5-fine,6852,3.0996895125422e-06,3.436485668196954e-06,1.146269606402533e-06,1.080008190759014e-06,4.523502408718512,,,,,4.523502408718512,4.523515504173409,2.8949771125576346e-06,,,
A-Ra1e5-fine,6853,3.093973315879952e-06,3.429349273279479e-06,1.146879484710563e-06,1.08069168378379e-06,4.523506133351136,,,,,4.523506133351136,4.523519222980258,2.8936868432191047e-06,,,
A-Ra1e5-fine,6854,3.088235082758179e-06,3.422186512391812e-06,1.147493756293196e-06,1.081375058104813e-06,4.52350988650869,,,,,4.52350988650869,4.523522970317961,2.892397867396408e-06,,,
A-Ra1e5-fine,6855,3.082474652519041e-06,3.414997882959257e-06,1.148121967016535e-06,1.082082740513299e-06,4.523513668107173,,,,,4.523513668107173,4.523526746103631,2.8911104315791977e-06,,,
A-Ra1e5-fine,6856,3.076693345435712e-06,3.407783169680135e-06,1.148759869751851e-06,1.082791457244205e-06,4.5235174780599445,,,,,4.5235174780599445,4.5235305502487115,2.8898241119316204e-06,,,
A-Ra1e5-fine,6857,3.070889618644116e-06,3.400542097077277e-06,1.149403294810095e-06,1.083506061609898e-06,4.523521316284475,,,,,4.523521316284475,4.523534382668734,2.888538480100518e-06,,,
A-Ra1e5-fine,6858,3.06506351500129e-06,3.393274934708934e-06,1.150048719858883e-06,1.084225953816854e-06,4.523525182689585,,,,,4.523525182689585,4.5235382432763815,2.8872543900749868e-06,,,
A-Ra1e5-fine,6859,3.059216355666999e-06,3.385982352172581e-06,1.150702089169363e-06,1.084949014372398e-06,4.523529077191028,,,,,4.523529077191028,4.5235421319871865,2.885971792842382e-06,,,
A-Ra1e5-fine,6860,3.053347369350669e-06,3.378663827064651e-06,1.1513688713251e-06,1.085682482870748e-06,4.523532999705026,,,,,4.523532999705026,4.523546048712139,2.8846895320005195e-06,,,
A-Ra1e5-fine,6861,3.047457797346601e-06,3.37132034698909e-06,1.152042357194327e-06,1.086417194777548e-06,4.523536950141879,,,,,4.523536950141879,4.523549993367558,2.8834089382625796e-06,,,
A-Ra1e5-fine,6862,3.041547151556477e-06,3.363951139503976e-06,1.15271994111402e-06,1.087163831328463e-06,4.523540928416538,,,,,4.523540928416538,4.523553965864201,2.8821290845597456e-06,,,
A-Ra1e5-fine,6863,3.035614972216636e-06,3.356557863879426e-06,1.153403236811021e-06,1.087923779040628e-06,4.523544934440567,,,,,4.523544934440567,4.523557966117258,2.8808507726470404e-06,,,
A-Ra1e5-fine,6864,3.029661034187751e-06,3.349139810001009e-06,1.154097950711235e-06,1.088690526895691e-06,4.523548968127557,,,,,4.523548968127557,4.523561994036688,2.8795731997445252e-06,,,
A-Ra1e5-fine,6865,3.023685342620837e-06,3.341696740538458e-06,1.154799940728889e-06,1.089462089548301e-06,4.523553029392478,,,,,4.523553029392478,4.523566049539955,2.8782969170674642e-06,,,
A-Ra1e5-fine,6866,3.017688855635086e-06,3.334228733048384e-06,1.155506459910761e-06,1.0902375641047e-06,4.523557118144597,,,,,4.523557118144597,4.523570132535315,2.8770217014496656e-06,,,
A-Ra1e5-fine,6867,3.011670498288647e-06,3.326737240763787e-06,1.156219900786369e-06,1.091025180173985e-06,4.523561234299564,,,,,4.523561234299564,4.52357424293887,2.8757476527080576e-06,,,
A-Ra1e5-fine,6868,3.005630585682947e-06,3.319220715496625e-06,1.156942151502625e-06,1.091820113614247e-06,4.52356537776598,,,,,4.52356537776598,4.523578380658182,2.874474541197968e-06,,,
A-Ra1e5-fine,6869,2.999570203553277e-06,3.31167896537643e-06,1.157673725057419e-06,1.092623491441263e-06,4.523569548459136,,,,,4.523569548459136,4.523582545611522,2.873203025924249e-06,,,
A-Ra1e5-fine,6870,2.993488323809916e-06,3.304113736801678e-06,1.158407462589289e-06,1.093445425797159e-06,4.523573746290594,,,,,4.523573746290594,4.523586737704864,2.871931871566115e-06,,,
A-Ra1e5-fine,6871,2.987385884603454e-06,3.296524523555628e-06,1.159149618547495e-06,1.09427145260015e-06,4.523577971170994,,,,,4.523577971170994,4.523590956854425,2.870662310847667e-06,,,
A-Ra1e5-fine,6872,2.981263549152621e-06,3.288911475704485e-06,1.159900618862156e-06,1.095097297616605e-06,4.5235822230143885,,,,,4.5235822230143885,4.523595202970499,2.869393513505165e-06,,,
A-Ra1e5-fine,6873,2.975119666007092e-06,3.281274644254991e-06,1.160658929931281e-06,1.095929105036427e-06,4.523586501730509,,,,,4.523586501730509,4.5235994759659,2.868126160731268e-06,,,
A-Ra1e5-fine,6874,2.968954419151179e-06,3.273614705390374e-06,1.161420455175061e-06,1.096772302115939e-06,4.523590807231248,,,,,4.523590807231248,4.523603775748985,2.8668594707620533e-06,,,
A-Ra1e5-fine,6875,2.962768596082942e-06,3.26593089136865e-06,1.162189644593737e-06,1.097617890989722e-06,4.523595139428038,,,,,4.523595139428038,4.52360810223404,2.865594074916723e-06,,,
A-Ra1e5-fine,6876,2.956563374671321e-06,3.258223137337218e-06,1.162969324437857e-06,1.098465148679361e-06,4.523599498232898,,,,,4.523599498232898,4.523612455330682,2.8643294419662492e-06,,,
A-Ra1e5-fine,6877,2.950338575516713e-06,3.250491337981903e-06,1.163753469896287e-06,1.099322135978003e-06,4.523603883554981,,,,,4.523603883554981,4.523616834951035,2.8630662293430678e-06,,,
A-Ra1e5-fine,6878,2.944093168382737e-06,3.242736424443031e-06,1.164541083430535e-06,1.100184845710457e-06,4.523608295307099,,,,,4.523608295307099,4.523621241005506,2.861803904639975e-06,,,
A-Ra1e5-fine,6879,2.93782727579549e-06,3.234958309205932e-06,1.165339557275414e-06,1.101047189354343e-06,4.5236127334,,,,,4.5236127334,4.523625673405196,2.860542546469806e-06,,,
A-Ra1e5-fine,6880,2.931541009308761e-06,3.227158464755088e-06,1.166144384541029e-06,1.101912848694008e-06,4.523617197743194,,,,,4.523617197743194,4.5236301320597265,2.8592821796480367e-06,,,
A-Ra1e5-fine,6881,2.925234834417292e-06,3.219336715165432e-06,1.166953889054884e-06,1.102785726383306e-06,4.523621688248115,,,,,4.523621688248115,4.523634616880421,2.858022779510572e-06,,,
A-Ra1e5-fine,6882,2.918908276623242e-06,3.211492961553848e-06,1.1677673941387e-06,1.103655955637443e-06,4.523626204824155,,,,,4.523626204824155,4.523639127779168,2.8567648980497664e-06,,,
A-Ra1e5-fine,6883,2.912561321860893e-06,3.203626576971097e-06,1.168591839846813e-06,1.104526375136204e-06,4.5236307473832085,,,,,4.5236307473832085,4.523643664662745,2.85550740441212e-06,,,
A-Ra1e5-fine,6884,2.906194672317424e-06,3.195737278504041e-06,1.16942181067166e-06,1.105403987174504e-06,4.5236353158337534,,,,,4.5236353158337534,4.523648227443279,2.8542511050490965e-06,,,
A-Ra1e5-fine,6885,2.899809481577956e-06,3.187825308522304e-06,1.170253491063647e-06,1.106292839348607e-06,4.5236399100849685,,,,,4.5236399100849685,4.523652816031975,2.8529964480860457e-06,,,
A-Ra1e5-fine,6886,2.893404714087906e-06,3.179890660131093e-06,1.171094536389412e-06,1.107181289193179e-06,4.523644530051801,,,,,4.523644530051801,4.523657430336176,2.851741752719655e-06,,,
A-Ra1e5-fine,6887,2.886980576854259e-06,3.171934372583074e-06,1.171943050186958e-06,1.108068473401339e-06,4.523649175637727,,,,,4.523649175637727,4.5236620702668695,2.8504886792881773e-06,,,
A-Ra1e5-fine,6888,2.880538230483457e-06,3.163955924713103e-06,1.172794574569671e-06,1.108963654270873e-06,4.523653846757384,,,,,4.523653846757384,4.5236667357346985,2.849236345115357e-06,,,
A-Ra1e5-fine,6889,2.874077076467547e-06,3.155955856381786e-06,1.173651153862007e-06,1.109855760967397e-06,4.523658543316286,,,,,4.523658543316286,4.52367142664723,2.847985203629051e-06,,,
A-Ra1e5-fine,6890,2.867597661274187e-06,3.14793520693616e-06,1.174515554491297e-06,1.110746255312802e-06,4.523663265225198,,,,,4.523663265225198,4.523676142913292,2.8467348272743684e-06,,,
A-Ra1e5-fine,6891,2.861100290419194e-06,3.139893403608095e-06,1.175386063788452e-06,1.11163345512377e-06,4.523668012395999,,,,,4.523668012395999,4.523680884446369,2.845485570911312e-06,,,
A-Ra1e5-fine,6892,2.854583719758052e-06,3.131829657208453e-06,1.176260097384053e-06,1.112528597192419e-06,4.5236727847343445,,,,,4.5236727847343445,4.523685651150733,2.844237128326905e-06,,,
A-Ra1e5-fine,6893,2.848047929161364e-06,3.123744563581342e-06,1.177138163328123e-06,1.113421848509088e-06,4.5236775821508655,,,,,4.5236775821508655,4.523690442938391,2.842989804314241e-06,,,
A-Ra1e5-fine,6894,2.841494090973122e-06,3.115638833545053e-06,1.178024722399292e-06,1.114312846051023e-06,4.523682404554277,,,,,4.523682404554277,4.5236952597168045,2.841743321520655e-06,,,
A-Ra1e5-fine,6895,2.834922309033133e-06,3.107512383293923e-06,1.178914798015562e-06,1.115208264459351e-06,4.5236872518528335,,,,,4.5236872518528335,4.523700101394457,2.840497730873505e-06,,,
A-Ra1e5-fine,6896,2.82833192633627e-06,3.099366147130841e-06,1.179809394662063e-06,1.116103774817708e-06,4.523692123955471,,,,,4.523692123955471,4.523704967881647,2.8392533334348973e-06,,,
A-Ra1e5-fine,6897,2.821724213992646e-06,3.0911997542669e-06,1.180708615828528e-06,1.116998586264465e-06,4.523697020772828,,,,,4.523697020772828,4.523709859087536,2.838009802962921e-06,,,
A-Ra1e5-fine,6898,2.815101250593378e-06,3.083013019507594e-06,1.181612794142441e-06,1.117888519098004e-06,4.523701942209755,,,,,4.523701942209755,4.523714774916176,2.8367669628303526e-06,,,
A-Ra1e5-fine,6899,2.808462842972494e-06,3.074806307137997e-06,1.182522875295189e-06,1.118776107260222e-06,4.52370688817689,,,,,4.52370688817689,4.523719715280028,2.835525216193314e-06,,,
A-Ra1e5-fine,6900,2.801807562141316e-06,3.066579547457444e-06,1.183435350874116e-06,1.119674050496621e-06,4.523711858581238,,,,,4.523711858581238,4.52372468008473,2.83428426115906e-06,,,
A-Ra1e5-fine,6901,2.795136553774605e-06,3.058332599540217e-06,1.184351177324753e-06,1.120566417932548e-06,4.523716853333098,,,,,4.523716853333098,4.523729669241949,2.8330443997685672e-06,,,
A-Ra1e5-fine,6902,2.788450032712283e-06,3.050065428021949e-06,1.185274003324962e-06,1.121464898447078e-06,4.523721872337662,,,,,4.523721872337662,4.523734682656985,2.8318056562470887e-06,,,
A-Ra1e5-fine,6903,2.781749445242973e-06,3.041778217104838e-06,1.186201070179961e-06,1.122360447522319e-06,4.523726915504765,,,,,4.523726915504765,4.523739720237633,2.8305675794843464e-06,,,
A-Ra1e5-fine,6904,2.775032784487333e-06,3.033471654205352e-06,1.187129248386991e-06,1.123247436749171e-06,4.523731982740969,,,,,4.523731982740969,4.523744781891697,2.829330444428176e-06,,,
A-Ra1e5-fine,6905,2.768299075732606e-06,3.025146016916287e-06,1.188060385322729e-06,1.124132646950694e-06,4.523737073957135,,,,,4.523737073957135,4.523749867528,2.82809380055801e-06,,,
A-Ra1e5-fine,6906,2.761548122461322e-06,3.016801004937145e-06,1.188999253460138e-06,1.125014060857274e-06,4.523742189055955,,,,,4.523742189055955,4.52375497705332,2.8268585511007703e-06,,,
A-Ra1e5-fine,6907,2.754779781112098e-06,3.008437091411998e-06,1.189940052032536e-06,1.125903144047144e-06,4.523747327948058,,,,,4.523747327948058,4.523760110375567,2.825624094945301e-06,,,
A-Ra1e5-fine,6908,2.747994303679275e-06,3.000054599777571e-06,1.190881996075033e-06,1.126797043497905e-06,4.523752490541256,,,,,4.523752490541256,4.523765267401973,2.824390304351138e-06,,,
A-Ra1e5-fine,6909,2.741192221370758e-06,2.991654769931652e-06,1.191825798471196e-06,1.127694013193041e-06,4.523757676739367,,,,,4.523757676739367,4.52377044804057,2.8231581106164674e-06,,,
A-Ra1e5-fine,6910,2.734374346543769e-06,2.983236634157101e-06,1.192773403230041e-06,1.128584650951939e-06,4.523762886454735,,,,,4.523762886454735,4.5237756521964245,2.821925905035479e-06,,,
A-Ra1e5-fine,6911,2.727539871548663e-06,2.974799302057821e-06,1.193727380196509e-06,1.129470210622198e-06,4.523768119591182,,,,,4.523768119591182,4.523780879778475,2.8206948189720935e-06,,,
A-Ra1e5-fine,6912,2.72068859151425e-06,2.966343532531063e-06,1.194680730372991e-06,1.130351009318741e-06,4.523773376055379,,,,,4.523773376055379,4.52378613069202,2.8194645487691733e-06,,,
A-Ra1e5-fine,6913,2.713821704759555e-06,2.957869608488236e-06,1.195637615603573e-06,1.131226791643319e-06,4.523778655755905,,,,,4.523778655755905,4.5237914048479295,2.8182356012404056e-06,,,
A-Ra1e5-fine,6914,2.70693867137288e-06,2.949378428844599e-06,1.196593921632186e-06,1.132099000966494e-06,4.523783958599213,,,,,4.523783958599213,4.523796702146729,2.8170066659240077e-06,,,
A-Ra1e5-fine,6915,2.700040342277776e-06,2.940869084979304e-06,1.197556749993243e-06,1.132983550864765e-06,4.523789284489907,,,,,4.523789284489907,4.523802022502016,2.8157797311776847e-06,,,
A-Ra1e5-fine,6916,2.693127598527531e-06,2.932341333855786e-06,1.198519272760149e-06,1.133870099342784e-06,4.523794633340001,,,,,4.523794633340001,4.523807365815789,2.8145525828099654e-06,,,
A-Ra1e5-fine,6917,2.686198036346901e-06,2.923796368628161e-06,1.199483954665416e-06,1.13475053963786e-06,4.523800005049111,,,,,4.523800005049111,4.523812731994715,2.8133267799913153e-06,,,
A-Ra1e5-fine,6918,2.679252473911121e-06,2.915234108856655e-06,1.200448303443309e-06,1.135628432806952e-06,4.523805399529007,,,,,4.523805399529007,4.523818120947044,2.8121015443268406e-06,,,
A-Ra1e5-fine,6919,2.672292617515926e-06,2.906653654635116e-06,1.20141649524735e-06,1.136500983611409e-06,4.523810816683864,,,,,4.523810816683864,4.523823532578766,2.8108772771983727e-06,,,
A-Ra1e5-fine,6920,2.665316459665415e-06,2.898055530032849e-06,1.202384728820552e-06,1.137367115977184e-06,4.523816256419761,,,,,4.523816256419761,4.523828966796874,2.8096541805098433e-06,,,
A-Ra1e5-fine,6921,2.658324782809173e-06,2.889440087004533e-06,1.203355851032909e-06,1.138227858569701e-06,4.5238217186447445,,,,,4.5238217186447445,4.523834423503832,2.808431020771592e-06,,,
A-Ra1e5-fine,6922,2.651317252719021e-06,2.880808118498874e-06,1.204326926342675e-06,1.139090883162189e-06,4.5238272032619316,,,,,4.5238272032619316,4.523839902611645,2.807209762372458e-06,,,
A-Ra1e5-fine,6923,2.644294685403958e-06,2.872160250960517e-06,1.205296826734041e-06,1.139963254867082e-06,4.523832710181296,,,,,4.523832710181296,4.523845404021518,2.805988467380217e-06,,,
A-Ra1e5-fine,6924,2.637256122649657e-06,2.863496042134595e-06,1.206267250601469e-06,1.140832165585067e-06,4.523838239305062,,,,,4.523838239305062,4.523850927640913,2.804768293253068e-06,,,
A-Ra1e5-fine,6925,2.630202632081767e-06,2.854814578880882e-06,1.20724245811347e-06,1.141695312829663e-06,4.523843790541266,,,,,4.523843790541266,4.52385647337683,2.8035490111385898e-06,,,
A-Ra1e5-fine,6926,2.623135685429831e-06,2.846116787625841e-06,1.208216478403575e-06,1.142556236414119e-06,4.52384936379565,,,,,4.52384936379565,4.523862041133316,2.8023302465085083e-06,,,
A-Ra1e5-fine,6927,2.616055006674393e-06,2.837402678289417e-06,1.209190068233532e-06,1.143413954380499e-06,4.523854958972947,,,,,4.523854958972947,4.523867630817497,2.801112528355175e-06,,,
A-Ra1e5-fine,6928,2.608959619614365e-06,2.828672494241701e-06,1.210160567449926e-06,1.144264549997956e-06,4.523860575979827,,,,,4.523860575979827,4.523873242333297,2.7998952496934554e-06,,,
A-Ra1e5-fine,6929,2.60185042000027e-06,2.819926732797921e-06,1.211133314923886e-06,1.145116057609733e-06,4.523866214720554,,,,,4.523866214720554,4.523878875589098,2.798679321182513e-06,,,
A-Ra1e5-fine,6930,2.594728198979074e-06,2.811165601767971e-06,1.212106846484128e-06,1.14597647265139e-06,4.523871875102938,,,,,4.523871875102938,4.5238845304875674,2.79746360574314e-06,,,
A-Ra1e5-fine,6931,2.587595598023319e-06,2.802388181400093e-06,1.213080048915156e-06,1.146835248351067e-06,4.523877557029437,,,,,4.523877557029437,4.523890206936063,2.7962491866086117e-06,,,
A-Ra1e5-fine,6932,2.580450576974575e-06,2.793594459169535e-06,1.214052459155004e-06,1.147688721151602e-06,4.523883260408752,,,,,4.523883260408752,4.523895904839424,2.795035210595767e-06,,,
A-Ra1e5-fine,6933,2.573292041208829e-06,2.784783971694183e-06,1.215022923008818e-06,1.148539398423372e-06,4.523888985144367,,,,,4.523888985144367,4.523901624099995,2.7938214252991953e-06,,,
A-Ra1e5-fine,6934,2.566120706642121e-06,2.775957808020273e-06,1.21599187755048e-06,1.149384721272542e-06,4.523894731139765,,,,,4.523894731139765,4.523907364628648,2.7926094644562977e-06,,,
A-Ra1e5-fine,6935,2.558935595305624e-06,2.767116773562401e-06,1.216959984323005e-06,1.150224671455701e-06,4.523900498303533,,,,,4.523900498303533,4.523913126326128,2.791397594738869e-06,,,
A-Ra1e5-fine,6936,2.551736854908034e-06,2.758260586703094e-06,1.217930193314489e-06,1.151067553224075e-06,4.523906286539048,,,,,4.523906286539048,4.5239189090996685,2.790186668685551e-06,,,
A-Ra1e5-fine,6937,2.544525864558604e-06,2.749389698895272e-06,1.218896194512821e-06,1.151905446322097e-06,4.523912095751257,,,,,4.523912095751257,4.523924712853318,2.788976487486787e-06,,,
A-Ra1e5-fine,6938,2.537303234579813e-06,2.740503167123429e-06,1.219861894415562e-06,1.152756152249346e-06,4.523917925845128,,,,,4.523917925845128,4.523930537492495,2.787767151146531e-06,,,
A-Ra1e5-fine,6939,2.530069004859774e-06,2.731602088780371e-06,1.220826054969793e-06,1.153600844042496e-06,4.523923776726748,,,,,4.523923776726748,4.523936382921921,2.7865583575862855e-06,,,
A-Ra1e5-fine,6940,2.522822997914187e-06,2.722686883091995e-06,1.221788199431115e-06,1.154440357349856e-06,4.523929648299715,,,,,4.523929648299715,4.523942249046218,2.785350333442957e-06,,,
A-Ra1e5-fine,6941,2.515564428537408e-06,2.713757441430804e-06,1.222746748311658e-06,1.155275315782732e-06,4.523935540469434,,,,,4.523935540469434,4.523948135769775,2.7841428539926e-06,,,
A-Ra1e5-fine,6942,2.508293623947314e-06,2.704813763747905e-06,1.223703701851082e-06,1.156109241018741e-06,4.523941453139856,,,,,4.523941453139856,4.5239540429989145,2.7829364438968273e-06,,,
A-Ra1e5-fine,6943,2.501009698303806e-06,2.695855702089205e-06,1.224660123655038e-06,1.15694885269776e-06,4.523947386217744,,,,,4.523947386217744,4.523959970637112,2.7817303762239026e-06,,,
A-Ra1e5-fine,6944,2.493713218595096e-06,2.686883190079344e-06,1.225614391760401e-06,1.15778449960261e-06,4.52395333960351,,,,,4.52395333960351,4.523965918588307,2.7805254308624007e-06,,,
A-Ra1e5-fine,6945,2.48640376073289e-06,2.677897334667123e-06,1.226568784789322e-06,1.158621482482001e-06,4.523959313206318,,,,,4.523959313206318,4.523971886759275,2.7793210799562745e-06,,,
A-Ra1e5-fine,6946,2.479082513070892e-06,2.668897967776708e-06,1.227517706899935e-06,1.159460591225351e-06,4.523965306928519,,,,,4.523965306928519,4.523977875051674,2.7781171704443225e-06,,,
A-Ra1e5-fine,6947,2.47175365503317e-06,2.659885249876436e-06,1.228463277394167e-06,1.160296454418031e-06,4.523971320675857,,,,,4.523971320675857,4.523983883371947,2.7769138565151e-06,,,
A-Ra1e5-fine,6948,2.464414660105077e-06,2.650858939007785e-06,1.229404936026959e-06,1.161126871622491e-06,4.523977354348632,,,,,4.523977354348632,4.523989911625267,2.7757122160750368e-06,,,
A-Ra1e5-fine,6949,2.45706323558916e-06,2.641819643542473e-06,1.230344669001058e-06,1.161958731928413e-06,4.523983407857713,,,,,4.523983407857713,4.523995959711264,2.7745097640923873e-06,,,
A-Ra1e5-fine,6950,2.449700256581517e-06,2.632766916124608e-06,1.231284049826867e-06,1.162790097404456e-06,4.523989481102829,,,,,4.523989481102829,4.52400202754011,2.7733088098320196e-06,,,
A-Ra1e5-fine,6951,2.44232599534e-06,2.623702220660946e-06,1.232219983053019e-06,1.16361803962215e-06,4.523995573988942,,,,,4.523995573988942,4.524008115013592,2.77210865090901e-06,,,
A-Ra1e5-fine,6952,2.434941334278592e-06,2.614624648395367e-06,1.233153535994121e-06,1.164443577932446e-06,4.52400168642123,,,,,4.52400168642123,4.524014222034957,2.770908860778995e-06,,,
A-Ra1e5-fine,6953,2.427545200646319e-06,2.605533297581681e-06,1.234081205615933e-06,1.165270775864564e-06,4.524007818302609,,,,,4.524007818302609,4.524020348508248,2.769709688848254e-06,,,
A-Ra1e5-fine,6954,2.420138318440351e-06,2.596428844385798e-06,1.235004626243161e-06,1.166096513911479e-06,4.524013969538373,,,,,4.524013969538373,4.524026494341729,2.7685117913050483e-06,,,
A-Ra1e5-fine,6955,2.412722653292339e-06,2.587312072600646e-06,1.235924273528078e-06,1.166918442350573e-06,4.524020140033259,,,,,4.524020140033259,4.524032659433648,2.767313734067407e-06,,,
A-Ra1e5-fine,6956,2.40529803808628e-06,2.578182688070305e-06,1.236841167834163e-06,1.16774011026987e-06,4.524026329688586,,,,,4.524026329688586,4.524038843690552,2.766116672776008e-06,,,
A-Ra1e5-fine,6957,2.397863373534442e-06,2.569043464868987e-06,1.237755178515429e-06,1.168557423620165e-06,4.524032538410211,,,,,4.524032538410211,4.524045047018083,2.7649205599891152e-06,,,
A-Ra1e5-fine,6958,2.390418377121689e-06,2.559893037279097e-06,1.238666855205926e-06,1.169368457500614e-06,4.524038766102649,,,,,4.524038766102649,4.524051269317557,2.7637246886183655e-06,,,
A-Ra1e5-fine,6959,2.382962823251818e-06,2.55073105803923e-06,1.23957410429482e-06,1.170173768558506e-06,4.524045012669491,,,,,4.524045012669491,4.5240575104946235,2.762529513814353e-06,,,
A-Ra1e5-fine,6960,2.375498512813852e-06,2.541557426029924e-06,1.240476049128146e-06,1.17097709750202e-06,4.524051278014555,,,,,4.524051278014555,4.524063770450699,2.761334504790081e-06,,,
A-Ra1e5-fine,6961,2.368024489873173e-06,2.532372870001569e-06,1.241372746009221e-06,1.171789313099419e-06,4.524057562040641,,,,,4.524057562040641,4.52407004909235,2.7601404944206617e-06,,,
A-Ra1e5-fine,6962,2.360540590951433e-06,2.523175654243762e-06,1.242265645594252e-06,1.172601217479029e-06,4.524063864651453,,,,,4.524063864651453,4.524076346323047,2.7589474307499645e-06,,,
A-Ra1e5-fine,6963,2.353047262309675e-06,2.513966881581087e-06,1.243153404155042e-06,1.173409468053022e-06,4.524070185751612,,,,,4.524070185751612,4.5240826620464984,2.757755112223853e-06,,,
A-Ra1e5-fine,6964,2.345545351787321e-06,2.504748268860035e-06,1.244037027998776e-06,1.174212238472422e-06,4.524076525245503,,,,,4.524076525245503,4.524088996163121,2.756562661941494e-06,,,
A-Ra1e5-fine,6965,2.338036301273276e-06,2.495517475447277e-06,1.244917641542289e-06,1.175008178639799e-06,4.524082883035478,,,,,4.524082883035478,4.524095348580704,2.755371281859352e-06,,,
A-Ra1e5-fine,6966,2.33051767895932e-06,2.486275019397736e-06,1.245793950969712e-06,1.175798359174967e-06,4.524089259025348,,,,,4.524089259025348,4.5241017192019415,2.754180724877165e-06,,,
A-Ra1e5-fine,6967,2.322989529163333e-06,2.477022991542236e-06,1.246664729801866e-06,1.176582170357707e-06,4.524095653120411,,,,,4.524095653120411,4.524108107929739,2.7529904623704105e-06,,,
A-Ra1e5-fine,6968,2.315452679720494e-06,2.46775981374936e-06,1.247528972704431e-06,1.177367394648101e-06,4.524102065223132,,,,,4.524102065223132,4.524114514667236,2.751800643615371e-06,,,
A-Ra1e5-fine,6969,2.307906506359173e-06,2.458486506958229e-06,1.248390936936931e-06,1.178164338560012e-06,4.524108495235055,,,,,4.524108495235055,4.524120939320189,2.7506121996368124e-06,,,
A-Ra1e5-fine,6970,2.300352801413884e-06,2.449203360155828e-06,1.24924638342267e-06,1.178958568301479e-06,4.5241149430636405,,,,,4.5241149430636405,4.524127381791279,2.7494240740992475e-06,,,
A-Ra1e5-fine,6971,2.292790427116628e-06,2.439908804669433e-06,1.250096155345229e-06,1.179748715060887e-06,4.524121408610654,,,,,4.524121408610654,4.524133841980346,2.748235841649366e-06,,,
A-Ra1e5-fine,6972,2.28522038743535e-06,2.430606439517937e-06,1.250939781926668e-06,1.180532335294124e-06,4.524127891778794,,,,,4.524127891778794,4.524140319795993,2.747048807298521e-06,,,
A-Ra1e5-fine,6973,2.277643237165585e-06,2.421295491723115e-06,1.251778545833354e-06,1.18131063222104e-06,4.524134392471753,,,,,4.524134392471753,4.524146815139876,2.745862520756864e-06,,,
A-Ra1e5-fine,6974,2.270058478250513e-06,2.411974700242982e-06,1.252612706580633e-06,1.18208131882314e-06,4.524140910595519,,,,,4.524140910595519,4.52415332791434,2.744676177379361e-06,,,
A-Ra1e5-fine,6975,2.262463907550893e-06,2.402644709813829e-06,1.253440544361678e-06,1.182846067172251e-06,4.524147446049708,,,,,4.524147446049708,4.52415985802286,2.743490629657827e-06,,,
A-Ra1e5-fine,6976,2.25486135400937e-06,2.393304763341709e-06,1.254264845437237e-06,1.183610637235941e-06,4.524153998741217,,,,,4.524153998741217,4.524166405371309,2.7423056518923817e-06,,,
A-Ra1e5-fine,6977,2.247251440577648e-06,2.383955672109193e-06,1.255083243491982e-06,1.184373775644658e-06,4.524160568569416,,,,,4.524160568569416,4.5241729698610005,2.7411216733070986e-06,,,
A-Ra1e5-fine,6978,2.239634238694909e-06,2.374599467963774e-06,1.255895794513145e-06,1.185129650563752e-06,4.524167155441663,,,,,4.524167155441663,4.524179551395425,2.7399378390017787e-06,,,
A-Ra1e5-fine,6979,2.232011291156907e-06,2.365233172618934e-06,1.256702277527193e-06,1.185879998112732e-06,4.524173759260184,,,,,4.524173759260184,4.524186149879189,2.738754675965424e-06,,,
A-Ra1e5-fine,6980,2.224381130959942e-06,2.355856730451408e-06,1.257501729299659e-06,1.186625543115629e-06,4.5241803799285645,,,,,4.5241803799285645,4.524192765212709,2.7375714830204603e-06,,,
A-Ra1e5-fine,6981,2.216743745600217e-06,2.346471395856676e-06,1.25829507155339e-06,1.187369716881145e-06,4.524187017348027,,,,,4.524187017348027,4.524199397303211,2.7363895873446448e-06,,,
A-Ra1e5-fine,6982,2.209099107827625e-06,2.33707759174705e-06,1.259079402040685e-06,1.188105527057736e-06,4.5241936714247695,,,,,4.5241936714247695,4.524206046051338,2.7352077616284194e-06,,,
A-Ra1e5-fine,6983,2.201448482140788e-06,2.327675866813494e-06,1.259859829315765e-06,1.188833040677445e-06,4.524200342058525,,,,,4.524200342058525,4.524212711361363,2.73402700892704e-06,,,
A-Ra1e5-fine,6984,2.193792447946561e-06,2.318266091637336e-06,1.260635379336881e-06,1.189563826998454e-06,4.524207029156175,,,,,4.524207029156175,4.524219393136992,2.732846627670198e-06,,,
A-Ra1e5-fine,6985,2.186129177331812e-06,2.308847650652515e-06,1.261405461747659e-06,1.190287976139451e-06,4.524213732620866,,,,,4.524213732620866,4.5242260912804575,2.731666415918346e-06,,,
A-Ra1e5-fine,6986,2.178459727311192e-06,2.299421575112679e-06,1.262169644548724e-06,1.190991637021175e-06,4.524220452350957,,,,,4.524220452350957,4.524232805695353,2.7304875304376245e-06,,,
A-Ra1e5-fine,6987,2.170785881115047e-06,2.289988880671621e-06,1.262926926545814e-06,1.19170851411579e-06,4.524227188256535,,,,,4.524227188256535,4.524239536285154,2.7293085105053297e-06,,,
A-Ra1e5-fine,6988,2.163107010946087e-06,2.280547174862846e-06,1.263677813901176e-06,1.192424260411856e-06,4.52423394023731,,,,,4.52423394023731,4.52424628295346,2.7281302154669153e-06,,,
A-Ra1e5-fine,6989,2.155423142605654e-06,2.271096661650599e-06,1.264420764292557e-06,1.193124479920176e-06,4.5242407081987075,,,,,4.5242407081987075,4.524253045601815,2.7269517872961435e-06,,,
A-Ra1e5-fine,6990,2.147734385522814e-06,2.26163972758856e-06,1.265156008940014e-06,1.193814885474095e-06,4.524247492041357,,,,,4.524247492041357,4.524259824136768,2.7257745350919593e-06,,,
A-Ra1e5-fine,6991,2.140039907587194e-06,2.252174717520403e-06,1.265885123466115e-06,1.194501000208812e-06,4.524254291669541,,,,,4.524254291669541,4.5242666184577045,2.7245973758528974e-06,,,
A-Ra1e5-fine,6992,2.132342247944691e-06,2.242703065162601e-06,1.266605461359768e-06,1.195191980309878e-06,4.524261106986044,,,,,4.524261106986044,4.524273428469248,2.723420716412082e-06,,,
A-Ra1e5-fine,6993,2.124641639378359e-06,2.233224118623127e-06,1.267319930104412e-06,1.195884119676709e-06,4.524267937894249,,,,,4.524267937894249,4.5242802540770315,2.722245054296674e-06,,,
A-Ra1e5-fine,6994,2.116936842150194e-06,2.223738835023445e-06,1.268028971876912e-06,1.196568637402751e-06,4.524274784299677,,,,,4.524274784299677,4.524287095180787,2.721069110000053e-06,,,
A-Ra1e5-fine,6995,2.109226193757932e-06,2.214249629192088e-06,1.268731771097458e-06,1.197243160116304e-06,4.524281646103077,,,,,4.524281646103077,4.524293951687402,2.7198942401191507e-06,,,
A-Ra1e5-fine,6996,2.101510480627175e-06,2.204754605567734e-06,1.269429085427769e-06,1.197909126840114e-06,4.524288523205654,,,,,4.524288523205654,4.52430082349672,2.7187201439691487e-06,,,
A-Ra1e5-fine,6997,2.093789831217826e-06,2.195255042048284e-06,1.270117467707078e-06,1.198567879797522e-06,4.524295415516575,,,,,4.524295415516575,4.524307710513247,2.7175457913646888e-06,,,
A-Ra1e5-fine,6998,2.086067191484965e-06,2.185750892466141e-06,1.270798649705946e-06,1.199219910233489e-06,4.524302322934321,,,,,4.524302322934321,4.524314612641596,2.71637253791588e-06,,,
A-Ra1e5-fine,6999,2.07833967970433e-06,2.176240207148725e-06,1.271472329801136e-06,1.199868432304222e-06,4.524309245363955,,,,,4.524309245363955,4.524321529781949,2.715199304559585e-06,,,
A-Ra1e5-fine,7000,2.070608080248968e-06,2.166722692991727e-06,1.272137356425259e-06,1.200517200673585e-06,4.524316182709184,,,,,4.524316182709184,4.524328461841541,2.714026871311369e-06,,,
A-Ra1e5-fine,7001,2.062874114918624e-06,2.157198796107414e-06,1.272794565362244e-06,1.201158806435253e-06,4.524323134871792,,,,,4.524323134871792,4.524335408719756,2.7128547076084454e-06,,,
A-Ra1e5-fine,7002,2.055137757974738e-06,2.147669477817393e-06,1.273445514524947e-06,1.20179400331862e-06,4.5243301017568465,,,,,4.5243301017568465,4.524342370322918,2.7116830914944402e-06,,,
A-Ra1e5-fine,7003,2.047399073306981e-06,2.138136757311675e-06,1.274089759077156e-06,1.202422539443383e-06,4.5243370832668015,,,,,4.5243370832668015,4.5243493465528015,2.7105118726626686e-06,,,
A-Ra1e5-fine,7004,2.039657409621292e-06,2.128597962209976e-06,1.274723824631169e-06,1.203045880392153e-06,4.524344079304453,,,,,4.524344079304453,4.524356337313796,2.709341403361803e-06,,,
A-Ra1e5-fine,7005,2.031915891391755e-06,2.119054088086098e-06,1.275352410925785e-06,1.203662673024039e-06,4.524351089775111,,,,,4.524351089775111,4.52436334250722,2.7081708016348453e-06,,,
A-Ra1e5-fine,7006,2.024173106886572e-06,2.109505009587621e-06,1.275973485913166e-06,1.204271007478909e-06,4.524358114579624,,,,,4.524358114579624,4.524370362037917,2.707000950358286e-06,,,
A-Ra1e5-fine,7007,2.016426888539748e-06,2.099951357779275e-06,1.27658675915355e-06,1.204873384534352e-06,4.524365153623307,,,,,4.524365153623307,4.524377395807779,2.7058310930194327e-06,,,
A-Ra1e5-fine,7008,2.008677890559441e-06,2.090391693994996e-06,1.277194295588952e-06,1.205478052073262e-06,4.524372206806677,,,,,4.524372206806677,4.524384443723695,2.704662638207544e-06,,,
A-Ra1e5-fine,7009,2.000929911762206e-06,2.080826840763795e-06,1.277791939588006e-06,1.206074590159004e-06,4.524379274036503,,,,,4.524379274036503,4.524391505686184,2.7034942045568456e-06,,,
A-Ra1e5-fine,7010,1.993179532541909e-06,2.071259560068382e-06,1.278381834206064e-06,1.206665980702587e-06,4.524386355215596,,,,,4.524386355215596,4.524398581597483,2.702325665124496e-06,,,
A-Ra1e5-fine,7011,1.98542492347338e-06,2.061688922441944e-06,1.278963894829627e-06,1.207248929792949e-06,4.524393450246521,,,,,4.524393450246521,4.5244056713635725,2.701157775178028e-06,,,
A-Ra1e5-fine,7012,1.977670865977825e-06,2.05211389820358e-06,1.279537096808233e-06,1.2078246203615e-06,4.5244005590318475,,,,,4.5244005590318475,4.524412774887926,2.699990734232186e-06,,,
A-Ra1e5-fine,7013,1.969917952759736e-06,2.042535353370931e-06,1.280103384403549e-06,1.208389804461593e-06,4.524407681475965,,,,,4.524407681475965,4.524419892071639,2.698823814441731e-06,,,
A-Ra1e5-fine,7014,1.962163198267231e-06,2.032953479506181e-06,1.280661309895019e-06,1.208947056269164e-06,4.5244148174826915,,,,,4.5244148174826915,4.524427022820805,2.697657518813517e-06,,,
A-Ra1e5-fine,7015,1.954409603186002e-06,2.023367725868288e-06,1.281210604348645e-06,1.209503271368495e-06,4.52442196695563,,,,,4.52442196695563,4.524434167036748,2.6964913438848953e-06,,,
A-Ra1e5-fine,7016,1.946652371147452e-06,2.013778345803511e-06,1.281750588696272e-06,1.210060648496096e-06,4.524429129798021,,,,,4.524429129798021,4.524441324625674,2.6953259447990082e-06,,,
A-Ra1e5-fine,7017,1.938899327447462e-06,2.004185109636973e-06,1.282282871783896e-06,1.210609954915584e-06,4.524436305913697,,,,,4.524436305913697,4.524448495487879,2.694160540123796e-06,,,
A-Ra1e5-fine,7018,1.931144031026568e-06,1.994588582997896e-06,1.282807916250932e-06,1.211150492132946e-06,4.524443495204877,,,,,4.524443495204877,4.524455679528548,2.6929957855902407e-06,,,
A-Ra1e5-fine,7019,1.923385625332559e-06,1.984988561540371e-06,1.283324047770914e-06,1.211682901423051e-06,4.52445069757641,,,,,4.52445069757641,4.524462876651274,2.6918314036855947e-06,,,
A-Ra1e5-fine,7020,1.915627451642465e-06,1.975385679545551e-06,1.283833422197683e-06,1.212205236505882e-06,4.524457912933483,,,,,4.524457912933483,4.524470086758515,2.690666791031417e-06,,,
A-Ra1e5-fine,7021,1.907872105513863e-06,1.965781535378213e-06,1.28433404883727e-06,1.212720718317416e-06,4.524465141176169,,,,,4.524465141176169,4.524477309757846,2.6895036062808672e-06,,,
A-Ra1e5-fine,7022,1.900117756884166e-06,1.956175834334845e-06,1.284826875932057e-06,1.213229067519225e-06,4.524472382210548,,,,,4.524472382210548,4.524484545549332,2.688340519527251e-06,,,
A-Ra1e5-fine,7023,1.892363560220817e-06,1.946568085422771e-06,1.285312128598184e-06,1.21373715663042e-06,4.524479635940336,,,,,4.524479635940336,4.524491794036229,2.6871774293476867e-06,,,
A-Ra1e5-fine,7024,1.884607576893262e-06,1.936957083802398e-06,1.285786205650229e-06,1.214238913527622e-06,4.5244869022690155,,,,,4.5244869022690155,4.524499055125535,2.6860151129778275e-06,,,
A-Ra1e5-fine,7025,1.876853556105867e-06,1.927346335525928e-06,1.286252565188049e-06,1.214733027868483e-06,4.524494181099953,,,,,4.524494181099953,4.524506328716417,2.684852642355971e-06,,,
A-Ra1e5-fine,7026,1.869104451491993e-06,1.917734284211842e-06,1.286709888405179e-06,1.21522016261846e-06,4.524501472336738,,,,,4.524501472336738,4.524513614717352,2.683691097415919e-06,,,
A-Ra1e5-fine,7027,1.86135734843287e-06,1.908119998091252e-06,1.287157450942441e-06,1.21570235771447e-06,4.524508775884554,,,,,4.524508775884554,4.5245209130298925,2.6825296757310495e-06,,,
A-Ra1e5-fine,7028,1.853608879470162e-06,1.898504704879371e-06,1.287597271167656e-06,1.21617767937806e-06,4.52451609164621,,,,,4.52451609164621,4.5245282235583115,2.681368701267778e-06,,,
A-Ra1e5-fine,7029,1.845862040451265e-06,1.888888331624513e-06,1.288026910567762e-06,1.216642990029498e-06,4.524523419525847,,,,,4.524523419525847,4.524535546205404,2.68020787629897e-06,,,
A-Ra1e5-fine,7030,1.838120318130921e-06,1.879270092648385e-06,1.288448317528391e-06,1.2171002941746e-06,4.524530759427076,,,,,4.524530759427076,4.524542880877155,2.6790477258027953e-06,,,
A-Ra1e5-fine,7031,1.830381180943621e-06,1.869652857362741e-06,1.288861971195816e-06,1.217558486614993e-06,4.524538111256335,,,,,4.524538111256335,4.524550227477608,2.6778877206103077e-06,,,
A-Ra1e5-fine,7032,1.822641451702376e-06,1.860036247489881e-06,1.289267498246095e-06,1.218013314462574e-06,4.524545474912776,,,,,4.524545474912776,4.524557585907178,2.6767281399306777e-06,,,
A-Ra1e5-fine,7033,1.814902607796999e-06,1.850419239888547e-06,1.289665438804759e-06,1.218456905460981e-06,4.524552850306237,,,,,4.524552850306237,4.524564956075711,2.6755689853946537e-06,,,
A-Ra1e5-fine,7034,1.807167557985842e-06,1.840803133170416e-06,1.290054626729833e-06,1.218893317732385e-06,4.5245602373368,,,,,4.5245602373368,4.52457233788157,2.674409877225652e-06,,,
A-Ra1e5-fine,7035,1.799433971061146e-06,1.831184593679701e-06,1.29043440347756e-06,1.21932027218085e-06,4.5245676359097615,,,,,4.5245676359097615,4.524579731232893,2.673251443650761e-06,,,
A-Ra1e5-fine,7036,1.791707381809163e-06,1.82156677857967e-06,1.29080506097114e-06,1.219735033806843e-06,4.52457504592917,,,,,4.52457504592917,4.524587136031575,2.672093208507352e-06,,,
A-Ra1e5-fine,7037,1.783985257179426e-06,1.811947271606856e-06,1.291165725540906e-06,1.220140431313336e-06,4.524582467300775,,,,,4.524582467300775,4.524594552183933,2.670935297687252e-06,,,
A-Ra1e5-fine,7038,1.776268320268572e-06,1.802329224218747e-06,1.291518679011026e-06,1.220539167468266e-06,4.524589899929315,,,,,4.524589899929315,4.524601979593219,2.6697773822553416e-06,,,
A-Ra1e5-fine,7039,1.768556818900668e-06,1.792714178448027e-06,1.291860405493907e-06,1.220940869741145e-06,4.524597343714047,,,,,4.524597343714047,4.524609418163368,2.6686204963853e-06,,,
A-Ra1e5-fine,7040,1.760846412319276e-06,1.783099409586984e-06,1.29219256326525e-06,1.221334617022297e-06,4.524604798565632,,,,,4.524604798565632,4.524616867799002,2.667463305691693e-06,,,
A-Ra1e5-fine,7041,1.753138791032275e-06,1.773482940572642e-06,1.292515471902185e-06,1.221719080372531e-06,4.524612264383449,,,,,4.524612264383449,4.524624328403709,2.666306740111326e-06,,,
A-Ra1e5-fine,7042,1.745441974730424e-06,1.763868455893105e-06,1.292827983265749e-06,1.222099066275648e-06,4.52461974107598,,,,,4.52461974107598,4.524631799885632,2.6651507249136956e-06,,,
A-Ra1e5-fine,7043,1.737750261763359e-06,1.754253900548409e-06,1.293132986383997e-06,1.222471185621409e-06,4.5246272285467075,,,,,4.5246272285467075,4.52463928214438,2.66399440410491e-06,,,
A-Ra1e5-fine,7044,1.730062671645098e-06,1.7446394824803e-06,1.293430683068999e-06,1.22283307633917e-06,4.524634726698192,,,,,4.524634726698192,4.5246467750883355,2.662839064288182e-06,,,
A-Ra1e5-fine,7045,1.722378536010791e-06,1.735029328168218e-06,1.293718907091207e-06,1.223187767155748e-06,4.524642235438366,,,,,4.524642235438366,4.524654278619256,2.6616833410569103e-06,,,
A-Ra1e5-fine,7046,1.714702990543005e-06,1.725420113064683e-06,1.293999653995688e-06,1.223534259674163e-06,4.524649754669213,,,,,4.524649754669213,4.524661792645067,2.6605285477069863e-06,,,
A-Ra1e5-fine,7047,1.707033637298472e-06,1.715815887119368e-06,1.294269991138606e-06,1.22387992436532e-06,4.524657284297403,,,,,4.524657284297403,4.524669317067653,2.6593736264528375e-06,,,
A-Ra1e5-fine,7048,1.69936931430235e-06,1.706211889675708e-06,1.294530103788453e-06,1.224217877594052e-06,4.524664824226759,,,,,4.524664824226759,4.524676851793333,2.6582191289528512e-06,,,
A-Ra1e5-fine,7049,1.691707566630018e-06,1.696609083578304e-06,1.294781828289187e-06,1.224547652525482e-06,4.524672374361328,,,,,4.524672374361328,4.52468439672662,2.657065158520951e-06,,,
A-Ra1e5-fine,7050,1.684053823128742e-06,1.687007385206849e-06,1.295023467614266e-06,1.224869406353898e-06,4.524679934607777,,,,,4.524679934607777,4.524691951771662,2.6559111585219594e-06,,,
A-Ra1e5-fine,7051,1.676412582462894e-06,1.677410719123856e-06,1.295254714586042e-06,1.225181614738567e-06,4.524687504870938,,,,,4.524687504870938,4.524699516834564,2.654757409918542e-06,,,
A-Ra1e5-fine,7052,1.668772984210038e-06,1.667817773758212e-06,1.295476806987302e-06,1.225486031991465e-06,4.52469508505419,,,,,4.52469508505419,4.524707091819936,2.653604185427842e-06,,,
A-Ra1e5-fine,7053,1.661139468934086e-06,1.658227927851567e-06,1.29568851127996e-06,1.225781559522382e-06,4.524702675064758,,,,,4.524702675064758,4.5247146766341055,2.652451286262461e-06,,,
A-Ra1e5-fine,7054,1.653511805876618e-06,1.648639348865183e-06,1.29589103494191e-06,1.226070343195834e-06,4.524710274805899,,,,,4.524710274805899,4.524722271179189,2.6512984608353243e-06,,,
A-Ra1e5-fine,7055,1.645892493717882e-06,1.63905601040588e-06,1.296085266692509e-06,1.226357990789226e-06,4.524717884184955,,,,,4.524717884184955,4.524729875364573,2.6501461604882277e-06,,,
A-Ra1e5-fine,7056,1.638282967456467e-06,1.6294752176435e-06,1.296268735773183e-06,1.226630366605077e-06,4.524725503105857,,,,,4.524725503105857,4.524737489091014,2.648993684512869e-06,,,
A-Ra1e5-fine,7057,1.630682735118305e-06,1.619899076492568e-06,1.29644243703828e-06,1.226901155369921e-06,4.524733131474248,,,,,4.524733131474248,4.524745112267558,2.647841784384468e-06,,,
A-Ra1e5-fine,7058,1.62309245324206e-06,1.61032741687953e-06,1.296608891240176e-06,1.227165713665251e-06,4.524740769195092,,,,,4.524740769195092,4.524752744797571,2.646690107031365e-06,,,
A-Ra1e5-fine,7059,1.615514570334793e-06,1.600759131141955e-06,1.296766886436268e-06,1.227419463712022e-06,4.524748416174929,,,,,4.524748416174929,4.524760386588742,2.6455389069098385e-06,,,
A-Ra1e5-fine,7060,1.607946924394039e-06,1.591195868273381e-06,1.296915375184516e-06,1.227663112267706e-06,4.52475607231861,,,,,4.52475607231861,4.524768037542845,2.6443875037300434e-06,,,
A-Ra1e5-fine,7061,1.600386844962893e-06,1.58163816436461e-06,1.297055606917214e-06,1.227896824322287e-06,4.524763737532566,,,,,4.524763737532566,4.524775697569953,2.643236702352905e-06,,,
A-Ra1e5-fine,7062,1.592838237390258e-06,1.572086208691517e-06,1.29718530482339e-06,1.228125581448394e-06,4.524771411720619,,,,,4.524771411720619,4.524783366571844,2.642086051367029e-06,,,
A-Ra1e5-fine,7063,1.585302299182065e-06,1.562538988217425e-06,1.29730532404695e-06,1.228354587185625e-06,4.524779094790572,,,,,4.524779094790572,4.524791044457109,2.640935724550365e-06,,,
A-Ra1e5-fine,7064,1.577773878153227e-06,1.552996728375959e-06,1.29741442050389e-06,1.228575194710383e-06,4.524786786647155,,,,,4.524786786647155,4.524798731129344,2.63978547208485e-06,,,
A-Ra1e5-fine,7065,1.570253860238829e-06,1.543459996353781e-06,1.297513301241491e-06,1.228787579667073e-06,4.524794487197485,,,,,4.524794487197485,4.524806426497935,2.6386357947691102e-06,,,
A-Ra1e5-fine,7066,1.562740561016678e-06,1.533931340634314e-06,1.297602106202385e-06,1.228990977541957e-06,4.524802196346858,,,,,4.524802196346858,4.524814130463984,2.637485766170471e-06,,,
A-Ra1e5-fine,7067,1.555241122540061e-06,1.524410198951549e-06,1.297681775433928e-06,1.229186094176205e-06,4.524809914000914,,,,,4.524809914000914,4.524821842938584,2.6363365913781184e-06,,,
A-Ra1e5-fine,7068,1.547751401706659e-06,1.514893558391543e-06,1.29775181988856e-06,1.229370583602222e-06,4.524817640065636,,,,,4.524817640065636,4.524829563823279,2.6351872895882052e-06,,,
A-Ra1e5-fine,7069,1.540273653772524e-06,1.505381184894938e-06,1.297812297664485e-06,1.229546158740666e-06,4.5248253744480245,,,,,4.5248253744480245,4.524837293027123,2.6340383142908618e-06,,,
A-Ra1e5-fine,7070,1.532804846541477e-06,1.495877899411161e-06,1.297862264008395e-06,1.229714689882168e-06,4.5248331170536185,,,,,4.5248331170536185,4.524845030456325,2.6328898137440956e-06,,,
A-Ra1e5-fine,7071,1.525349302059042e-06,1.486380380643054e-06,1.297902009278126e-06,1.229879337958523e-06,4.524840867790319,,,,,4.524840867790319,4.524852776014817,2.6317409111827406e-06,,,
A-Ra1e5-fine,7072,1.517904655816651e-06,1.476889477092085e-06,1.297933260058757e-06,1.230034119139972e-06,4.524848626563085,,,,,4.524848626563085,4.524860529613919,2.630593012096493e-06,,,
A-Ra1e5-fine,7073,1.5104718368774e-06,1.467405996765968e-06,1.297954354494384e-06,1.230180286034839e-06,4.524856393279609,,,,,4.524856393279609,4.524868291154962,2.6294447109198896e-06,,,
A-Ra1e5-fine,7074,1.503055225285724e-06,1.457929181785273e-06,1.297965642836472e-06,1.230318838773721e-06,4.5248641678446155,,,,,4.5248641678446155,4.524876060546765,2.6282969122110286e-06,,,
A-Ra1e5-fine,7075,1.495647093878825e-06,1.448458737262266e-06,1.297967059277919e-06,1.230452861318271e-06,4.52487195016556,,,,,4.52487195016556,4.524883837695985,2.627149439957084e-06,,,
A-Ra1e5-fine,7076,1.488252348490382e-06,1.438998725713542e-06,1.297958567132421e-06,1.230579477208789e-06,4.52487974015071,,,,,4.52487974015071,4.524891622509973,2.626002091450805e-06,,,
A-Ra1e5-fine,7077,1.480870573511716e-06,1.429543965094092e-06,1.297940714087027e-06,1.230697553235329e-06,4.5248875377059194,,,,,4.5248875377059194,4.524899414893798,2.6248546934306755e-06,,,
A-Ra1e5-fine,7078,1.473507977914724e-06,1.420097831339193e-06,1.29791176450071e-06,1.230808117730365e-06,4.524895342737978,,,,,4.524895342737978,4.52490721475606,2.623707645792457e-06,,,
A-Ra1e5-fine,7079,1.46616006774534e-06,1.410658810390689e-06,1.297872871533922e-06,1.230915164419377e-06,4.524903155153541,,,,,4.524903155153541,4.524915022003872,2.6225610500740955e-06,,,
A-Ra1e5-fine,7080,1.458822677780657e-06,1.401230911526819e-06,1.29782358731743e-06,1.231013203183124e-06,4.524910974860519,,,,,4.524910974860519,4.524922836542078,2.6214142285571016e-06,,,
A-Ra1e5-fine,7081,1.451502116357519e-06,1.391809289704971e-06,1.297763742254341e-06,1.231100971586729e-06,4.524918801765468,,,,,4.524918801765468,4.524930658281324,2.6202680848046017e-06,,,
A-Ra1e5-fine,7082,1.44419933247745e-06,1.382396459470534e-06,1.297693863874262e-06,1.231180147987333e-06,4.52492663577675,,,,,4.52492663577675,4.524938487125998,2.619121740887929e-06,,,
A-Ra1e5-fine,7083,1.436909575256442e-06,1.372994982656576e-06,1.297613381094764e-06,1.231251348699059e-06,4.524934476799333,,,,,4.524934476799333,4.524946322984921,2.6179760485484798e-06,,,
A-Ra1e5-fine,7084,1.42963125659041e-06,1.363606839490206e-06,1.297522748421449e-06,1.23131332953097e-06,4.524942324743735,,,,,4.524942324743735,4.524954165763847,2.616829954773537e-06,,,
A-Ra1e5-fine,7085,1.422370509504939e-06,1.354231702298219e-06,1.297422926056934e-06,1.231365530705571e-06,4.524950179515602,,,,,4.524950179515602,4.5249620153725125,2.6156843637098813e-06,,,
A-Ra1e5-fine,7086,1.415126296186564e-06,1.344861478996078e-06,1.297313847627706e-06,1.23141221612415e-06,4.524958041023299,,,,,4.524958041023299,4.5249698717172375,2.614538823371369e-06,,,
A-Ra1e5-fine,7087,1.407898227328067e-06,1.335500521287779e-06,1.297196882407542e-06,1.231455396677191e-06,4.524965909174627,,,,,4.524965909174627,4.5249777347066145,2.613393508900972e-06,,,
A-Ra1e5-fine,7088,1.400682909483452e-06,1.326146460994994e-06,1.297070932298874e-06,1.231489899302011e-06,4.524973783875684,,,,,4.524973783875684,4.52498560424799,2.6122486963308746e-06,,,
A-Ra1e5-fine,7089,1.393486500848236e-06,1.316809450680242e-06,1.296935322872731e-06,1.231516076713212e-06,4.524981665036194,,,,,4.524981665036194,4.524993480248373,2.611103785286417e-06,,,
A-Ra1e5-fine,7090,1.386313718274456e-06,1.307482100887694e-06,1.296789906351908e-06,1.231535421330743e-06,4.524989552565672,,,,,4.524989552565672,4.525001362617263,2.6099587726846863e-06,,,
A-Ra1e5-fine,7091,1.379158494651197e-06,1.298163204356296e-06,1.296634163092905e-06,1.231543636619573e-06,4.5249974463685065,,,,,4.5249974463685065,4.525009251262464,2.6088144134872155e-06,,,
A-Ra1e5-fine,7092,1.372018249290244e-06,1.288854531210509e-06,1.29646871284228e-06,1.231544890637314e-06,4.525005346353851,,,,,4.525005346353851,4.525017146091775,2.6076704084179843e-06,,,
A-Ra1e5-fine,7093,1.364897210506884e-06,1.279558444864456e-06,1.296293190611479e-06,1.231536924513072e-06,4.525013252433266,,,,,4.525013252433266,4.525025047011398,2.606525572972299e-06,,,
A-Ra1e5-fine,7094,1.357795091518962e-06,1.27027787749328e-06,1.296107764773459e-06,1.231522914542657e-06,4.525021164510919,,,,,4.525021164510919,4.525032953934601,2.6053819187029653e-06,,,
A-Ra1e5-fine,7095,1.350705791479597e-06,1.26100733110229e-06,1.295912563366668e-06,1.231506833299054e-06,4.525029082498238,,,,,4.525029082498238,4.525040866765768,2.6042378889566778e-06,,,
A-Ra1e5-fine,7096,1.343640269066454e-06,1.251749248244804e-06,1.295706681248653e-06,1.231479307789092e-06,4.525037006301887,,,,,4.525037006301887,4.5250487854145165,2.603094136425937e-06,,,
A-Ra1e5-fine,7097,1.336592723674427e-06,1.242504038511887e-06,1.29549154870964e-06,1.231443804151265e-06,4.525044935831604,,,,,4.525044935831604,4.5250567097909205,2.6019507355557438e-06,,,
A-Ra1e5-fine,7098,1.329569029545035e-06,1.233270526154603e-06,1.295264741005162e-06,1.231398594409189e-06,4.525052870996318,,,,,4.525052870996318,4.525064639800848,2.60080700962846e-06,,,
A-Ra1e5-fine,7099,1.322561074997211e-06,1.224048873891839e-06,1.295029208398164e-06,1.231342854051352e-06,4.525060811704296,,,,,4.525060811704296,4.525072575357445,2.5996640372579382e-06,,,
A-Ra1e5-fine,7100,1.315580246407843e-06,1.21484253321825e-06,1.294782470524211e-06,1.231279741883764e-06,4.525068757864458,,,,,4.525068757864458,4.5250805163657795,2.5985209668420005e-06,,,
A-Ra1e5-fine,7101,1.308624743583925e-06,1.205651330314009e-06,1.294525050728102e-06,1.231207330935863e-06,4.525076709388032,,,,,4.525076709388032,4.5250884627368375,2.597377745441004e-06,,,
A-Ra1e5-fine,7102,1.301688898482826e-06,1.19647331726975e-06,1.294257837153459e-06,1.231128006529562e-06,4.5250846661805335,,,,,4.5250846661805335,4.525096414378869,2.5962349770624767e-06,,,
A-Ra1e5-fine,7103,1.294770665482373e-06,1.18730906198805e-06,1.293981534151739e-06,1.231047805301849e-06,4.525092628153064,,,,,4.525092628153064,4.525104371201726,2.5950923859884186e-06,,,
A-Ra1e5-fine,7104,1.287874625476521e-06,1.178159908466732e-06,1.293695474436554e-06,1.230957267837503e-06,4.525100595217054,,,,,4.525100595217054,4.525112333116385,2.593949871385876e-06,,,
A-Ra1e5-fine,7105,1.281000053141212e-06,1.169028072867111e-06,1.2933990578068e-06,1.230859548968692e-06,4.525108567278725,,,,,4.525108567278725,4.525120300028267,2.5928072570550177e-06,,,
A-Ra1e5-fine,7106,1.274146847872118e-06,1.159907840602295e-06,1.293092318544416e-06,1.230755989439454e-06,4.525116544249042,,,,,4.525116544249042,4.525128271851647,2.5916652737902667e-06,,,
A-Ra1e5-fine,7107,1.267313014362494e-06,1.150804960971567e-06,1.292775519657821e-06,1.230643884474887e-06,4.525124526038324,,,,,4.525124526038324,4.525136248492051,2.5905228631235686e-06,,,
A-Ra1e5-fine,7108,1.260506981465978e-06,1.14172164897307e-06,1.292448392070761e-06,1.230521075216068e-06,4.525132512556413,,,,,4.525132512556413,4.525144229862852,2.5893808053105874e-06,,,
A-Ra1e5-fine,7109,1.253732364101064e-06,1.132653175797162e-06,1.29211148932111e-06,1.230388050989942e-06,4.525140503711897,,,,,4.525140503711897,4.525152215871502,2.5882388489758636e-06,,,
A-Ra1e5-fine,7110,1.246973930010841e-06,1.123596413338139e-06,1.2917642757881e-06,1.230244122300357e-06,4.525148499415424,,,,,4.525148499415424,4.52516020643127,2.587097573382678e-06,,,
A-Ra1e5-fine,7111,1.240246002337579e-06,1.114560011477569e-06,1.291408235761617e-06,1.230099187500519e-06,4.5251564995782045,,,,,4.5251564995782045,4.525168201448355,2.5859558715893194e-06,,,
A-Ra1e5-fine,7112,1.233534686036911e-06,1.105539466507298e-06,1.291042313332263e-06,1.229946834977213e-06,4.525164504110191,,,,,4.525164504110191,4.525176200834427,2.584814123052202e-06,,,
A-Ra1e5-fine,7113,1.22684636065254e-06,1.096533337314431e-06,1.29066562924444e-06,1.229786488164832e-06,4.525172512921699,,,,,4.525172512921699,4.525184204500579,2.5836724991737555e-06,,,
A-Ra1e5-fine,7114,1.220181208618949e-06,1.087544059650287e-06,1.290278991571775e-06,1.22961559988441e-06,4.525180525920977,,,,,4.525180525920977,4.525192212357457,2.582531530538046e-06,,,
A-Ra1e5-fine,7115,1.213546550017309e-06,1.078575627757375e-06,1.289882374349243e-06,1.229435585378019e-06,4.525188543021954,,,,,4.525188543021954,4.525200224315019,2.58139033926098e-06,,,
A-Ra1e5-fine,7116,1.206937680042261e-06,1.069620531713226e-06,1.289476515662649e-06,1.229244469178015e-06,4.525196564134261,,,,,4.525196564134261,4.525208240284815,2.580249349349111e-06,,,
A-Ra1e5-fine,7117,1.200364852652043e-06,1.060687041891913e-06,1.289061525237822e-06,1.229045744852369e-06,4.52520458916763,,,,,4.52520458916763,4.525216260176129,2.579108462130462e-06,,,
A-Ra1e5-fine,7118,1.193814631646055e-06,1.051775856510451e-06,1.288638022670998e-06,1.228837186965931e-06,4.525212618034744,,,,,4.525212618034744,4.525224283901415,2.5779676268225404e-06,,,
A-Ra1e5-fine,7119,1.187292006547779e-06,1.042885584495116e-06,1.288204143991385e-06,1.228623390405999e-06,4.5252206506455686,,,,,4.5252206506455686,4.525232311370632,2.5768268423016045e-06,,,
A-Ra1e5-fine,7120,1.180790020866673e-06,1.034010720238051e-06,1.287760158040219e-06,1.228404770271283e-06,4.52522868691358,,,,,4.52522868691358,4.525240342496706,2.57568598673449e-06,,,
A-Ra1e5-fine,7121,1.174312558788435e-06,1.025152596432504e-06,1.287305064999599e-06,1.228178772372849e-06,4.525236726745336,,,,,4.525236726745336,4.525248377189135,2.5745457100332677e-06,,,
A-Ra1e5-fine,7122,1.167859014122943e-06,1.016315592796117e-06,1.286839732087628e-06,1.227942673899666e-06,4.525244770057727,,,,,4.525244770057727,4.525256415359924,2.5734049327521025e-06,,,
A-Ra1e5-fine,7123,1.161433483538572e-06,1.007504358151142e-06,1.286364763657629e-06,1.227697588395379e-06,4.525252816757871,,,,,4.525252816757871,4.525264456922104,2.5722649613292178e-06,,,
A-Ra1e5-fine,7124,1.155037556928399e-06,9.987141358157488e-07,1.28588071116659e-06,1.227443215511272e-06,4.525260866760734,,,,,4.525260866760734,4.525272501784504,2.57112444016944e-06,,,
A-Ra1e5-fine,7125,1.148675596527005e-06,9.899428163661464e-07,1.2853862866906e-06,1.227179810248862e-06,4.525268919975703,,,,,4.525268919975703,4.525280549861056,2.569984373056253e-06,,,
A-Ra1e5-fine,7126,1.142346125791225e-06,9.811940069289907e-07,1.284881824710741e-06,1.226908358477705e-06,4.525276976317174,,,,,4.525276976317174,4.525288601063768,2.5688442330532925e-06,,,
A-Ra1e5-fine,7127,1.136036531242043e-06,9.724634691402512e-07,1.284367568516059e-06,1.226631865138876e-06,4.525285035693518,,,,,4.525285035693518,4.525296655303738,2.567704622174337e-06,,,
A-Ra1e5-fine,7128,1.12975183341073e-06,9.63750825781305e-07,1.283842601721126e-06,1.226348118731614e-06,4.52529309802162,,,,,4.52529309802162,4.525304712492972,2.5665644625549596e-06,,,
A-Ra1e5-fine,7129,1.123502384102952e-06,9.550681103483024e-07,1.283306178583987e-06,1.226057047168298e-06,4.525301163210771,,,,,4.525301163210771,4.525312772544728,2.56542463078891e-06,,,
A-Ra1e5-fine,7130,1.117278996457888e-06,9.464084216946929e-07,1.282759685110044e-06,1.225756305216289e-06,4.5253092311741066,,,,,4.5253092311741066,4.525320835371124,2.5642849021982652e-06,,,
A-Ra1e5-fine,7131,1.11108747206154e-06,9.377666688287657e-07,1.282204119570646e-06,1.22544636646859e-06,4.525317301825115,,,,,4.525317301825115,4.525328900884963,2.563145125314474e-06,,,
A-Ra1e5-fine,7132,1.104924473642626e-06,9.291471077092619e-07,1.281639377802739e-06,1.22512634318949e-06,4.525325375073294,,,,,4.525325375073294,4.525336968998249,2.5620058542553678e-06,,,
A-Ra1e5-fine,7133,1.09879771889516e-06,9.205538345775406e-07,1.281064315594508e-06,1.224797148005088e-06,4.5253334508353165,,,,,4.5253334508353165,4.525345039623451,2.56086615974047e-06,,,
A-Ra1e5-fine,7134,1.092705742192716e-06,9.11987310989331e-07,1.28047890253577e-06,1.224458449263224e-06,4.525341529023083,,,,,4.525341529023083,4.525353112676542,2.5597269419051932e-06,,,
A-Ra1e5-fine,7135,1.086641677060934e-06,9.034445745628489e-07,1.279883701746789e-06,1.224110537556751e-06,4.525349609549267,,,,,4.525349609549267,4.525361188066019,2.5585872779514275e-06,,,
A-Ra1e5-fine,7136,1.080603179770302e-06,8.949234982672893e-07,1.279279691168634e-06,1.223759915887623e-06,4.525357692324409,,,,,4.525357692324409,4.525369265708537,2.5574485192287876e-06,,,
A-Ra1e5-fine,7137,1.074592865760131e-06,8.864259903965641e-07,1.278667025490974e-06,1.223400930585368e-06,4.525365777267097,,,,,4.525365777267097,4.525377345515995,2.5563091873071515e-06,,,
A-Ra1e5-fine,7138,1.068616777391545e-06,8.779590491859854e-07,1.278044621765534e-06,1.223033496302167e-06,4.5253738642868475,,,,,4.5253738642868475,4.525385427401193,2.555170007837004e-06,,,
A-Ra1e5-fine,7139,1.062675795930094e-06,8.695163756960994e-07,1.277412705174654e-06,1.222657199869539e-06,4.525381953299416,,,,,4.525381953299416,4.5253935112805745,2.5540311333649003e-06,,,
A-Ra1e5-fine,7140,1.056765908159671e-06,8.611009314936434e-07,1.276770416812728e-06,1.222273116937874e-06,4.525390044219196,,,,,4.525390044219196,4.525401597064436,2.552891657979279e-06,,,
A-Ra1e5-fine,7141,1.050896714005376e-06,8.52710356511938e-07,1.276118185463947e-06,1.221879841506955e-06,4.525398136957162,,,,,4.525398136957162,4.52540968466956,2.5517528656990236e-06,,,
A-Ra1e5-fine,7142,1.045056106037024e-06,8.443486448513517e-07,1.275455623119454e-06,1.221476247778074e-06,4.525406231428746,,,,,4.525406231428746,4.525417774007838,2.5506139740633317e-06,,,
A-Ra1e5-fine,7143,1.039245948057744e-06,8.360111729646996e-07,1.27478331183984e-06,1.221067562202234e-06,4.5254143275473115,,,,,4.5254143275473115,4.52542586499401,2.5494752869396067e-06,,,
A-Ra1e5-fine,7144,1.033464645428916e-06,8.277097092216688e-07,1.274101120426673e-06,1.220655498532653e-06,4.52542242523043,,,,,4.52542242523043,4.525433957541896,2.5483359757490634e-06,,,
A-Ra1e5-fine,7145,1.027717035109011e-06,8.194327419344369e-07,1.273409511892945e-06,1.220235032836314e-06,4.5254305243879624,,,,,4.5254305243879624,4.5254420515677145,2.547197445400031e-06,,,
A-Ra1e5-fine,7146,1.02199762327302e-06,8.111829288499793e-07,1.272709274923964e-06,1.21980450526119e-06,4.525438624937806,,,,,4.525438624937806,4.525450146983918,2.5460584926471737e-06,,,
A-Ra1e5-fine,7147,1.016322706591291e-06,8.029674343853251e-07,1.271999580339017e-06,1.21936565993798e-06,4.525446726792328,,,,,4.525446726792328,4.5254582437080915,2.54492027058615e-06,,,
A-Ra1e5-fine,7148,1.010687002218473e-06,7.947806041229474e-07,1.271280857342838e-06,1.218918632239059e-06,4.5254548298696635,,,,,4.5254548298696635,4.525466341650758,2.5437810972921523e-06,,,
A-Ra1e5-fine,7149,1.005091253484288e-06,7.866247856587071e-07,1.270551552504101e-06,1.218463005165831e-06,4.525462934080567,,,,,4.525462934080567,4.525474440731661,2.542642958992246e-06,,,
A-Ra1e5-fine,7150,9.99525920253516e-07,7.785000853714653e-07,1.269812521676275e-06,1.217998868013401e-06,4.525471039343304,,,,,4.525471039343304,4.525482540862007,2.5415042958404775e-06,,,
A-Ra1e5-fine,7151,9.939895357879481e-07,7.704070326952352e-07,1.269063388689154e-06,1.21752588762035e-06,4.525479145571582,,,,,4.525479145571582,4.5254906419578935,2.540365636224166e-06,,,
A-Ra1e5-fine,7152,9.884897525549047e-07,7.623439302312355e-07,1.268304290287214e-06,1.217045754237804e-06,4.525487252681733,,,,,4.525487252681733,4.5254987439373515,2.5392273554417916e-06,,,
A-Ra1e5-fine,7153,9.830226073450506e-07,7.543153563889397e-07,1.267534567527832e-06,1.216560898565162e-06,4.525495360588935,,,,,4.525495360588935,4.52550684671171,2.538088603142636e-06,,,
A-Ra1e5-fine,7154,9.775983916468451e-07,7.463209448565531e-07,1.266755218418357e-06,1.216067068253347e-06,4.525503469208392,,,,,4.525503469208392,4.52551495020207,2.5369506825450243e-06,,,
A-Ra1e5-fine,7155,9.722092795661844e-07,7.383585832628553e-07,1.265966004617219e-06,1.215566269399135e-06,4.5255115784563085,,,,,4.5255115784563085,4.525523054318617,2.535812263246539e-06,,,
A-Ra1e5-fine,7156,9.66858607183023e-07,7.304266159627966e-07,1.265167810423481e-06,1.215055765828862e-06,4.525519688249234,,,,,4.525519688249234,4.525531158979834,2.5346737729464956e-06,,,
A-Ra1e5-fine,7157,9.615395365699175e-07,7.225234411113211e-07,1.264359979899318e-06,1.21453594293556e-06,4.525527798502483,,,,,4.525527798502483,4.525539264103646,2.5335357883024316e-06,,,
A-Ra1e5-fine,7158,9.562594122938169e-07,7.146603634877028e-07,1.263541458885115e-06,1.214008467686903e-06,4.525535909133168,,,,,4.525535909133168,4.525547369602057,2.5323971806740993e-06,,,
A-Ra1e5-fine,7159,9.510120966109998e-07,7.068302842730599e-07,1.262713685159391e-06,1.213472314500074e-06,4.525544020057509,,,,,4.525544020057509,4.525555475395824,2.53125895260006e-06,,,
A-Ra1e5-fine,7160,9.458021764499865e-07,6.990415591678554e-07,1.261877140418308e-06,1.212925002951663e-06,4.525552131190696,,,,,4.525552131190696,4.5255635814001405,2.530121105107201e-06,,,
A-Ra1e5-fine,7161,9.406363322483638e-07,6.912868855959652e-07,1.26103110505673e-06,1.212374383197925e-06,4.525560242451435,,,,,4.525560242451435,4.525571687529169,2.5289826337920074e-06,,,
A-Ra1e5-fine,7162,9.3552097655763e-07,6.835741829488404e-07,1.260176749944367e-06,1.211816265056592e-06,4.525568353755258,,,,,4.525568353755258,4.5255797937031055,2.52784456984137e-06,,,
A-Ra1e5-fine,7163,9.304406228596306e-07,6.759002400824718e-07,1.259313287400233e-06,1.211249310093668e-06,4.525576465019075,,,,,4.525576465019075,4.525587899837137,2.526706532168378e-06,,,
A-Ra1e5-fine,7164,9.253881778258039e-07,6.68256369411241e-07,1.258440599676314e-06,1.210676831018808e-06,4.5255845761637365,,,,,4.5255845761637365,4.525596005849072,2.5255678486379224e-06,,,
A-Ra1e5-fine,7165,9.203751050878022e-07,6.606567814551748e-07,1.257558273404185e-06,1.210097575511473e-06,4.525592687100925,,,,,4.525592687100925,4.5256041116565955,2.5244298459953883e-06,,,
A-Ra1e5-fine,7166,9.153956990489576e-07,6.530924717223104e-07,1.256666783739527e-06,1.209507337936587e-06,4.5256007977503705,,,,,4.5256007977503705,4.52561221717524,2.52329159657974e-06,,,
A-Ra1e5-fine,7167,9.104584322668988e-07,6.455727891004596e-07,1.255765239247595e-06,1.208908940029589e-06,4.525608908030794,,,,,4.525608908030794,4.525620322326222,2.52215365171942e-06,,,
A-Ra1e5-fine,7168,9.055657070803053e-07,6.380882159497364e-07,1.254853638589873e-06,1.208302037664533e-06,4.5256170178583925,,,,,4.5256170178583925,4.525628427024163,2.5210156634986058e-06,,,
A-Ra1e5-fine,7169,9.007210563153954e-07,6.306432995646757e-07,1.253931999386033e-06,1.207688137688665e-06,4.525625127152924,,,,,4.525625127152924,4.525636531186637,2.519877149371027e-06,,,
A-Ra1e5-fine,7170,8.959059277722866e-07,6.23242095208654e-07,1.253001639777725e-06,1.207071037284419e-06,4.525633235830355,,,,,4.525633235830355,4.525644634733957,2.5187390696594637e-06,,,
A-Ra1e5-fine,7171,8.911284251305159e-07,6.158845866081601e-07,1.252061807984487e-06,1.206444705635384e-06,4.525641343810205,,,,,4.525641343810205,4.525652737584257,2.517601118445568e-06,,,
A-Ra1e5-fine,7172,8.863875414124384e-07,6.085722325093148e-07,1.251113124966671e-06,1.205810169809073e-06,4.525649451009941,,,,,4.525649451009941,4.52566083965444,2.5164631713490672e-06,,,
A-Ra1e5-fine,7173,8.816900973333509e-07,6.013077492176338e-07,1.250155966912753e-06,1.20516803599836e-06,4.525657557348837,,,,,4.525657557348837,4.525668940863558,2.515325178762079e-06,,,
A-Ra1e5-fine,7174,8.77030509501069e-07,5.940871315313799e-07,1.249189947739932e-06,1.204520086290318e-06,4.525665662744133,,,,,4.525665662744133,4.525677041130213,2.5141874419787738e-06,,,
A-Ra1e5-fine,7175,8.724237571294657e-07,5.869032984764431e-07,1.248214434607025e-06,1.203861215452755e-06,4.525673767117837,,,,,4.525673767117837,4.525685140374823,2.513049609944102e-06,,,
A-Ra1e5-fine,7176,8.678610809155013e-07,5.797746895516676e-07,1.247229966956424e-06,1.203193232276743e-06,4.525681870385713,,,,,4.525681870385713,4.525693238514738,2.51191203281894e-06,,,
A-Ra1e5-fine,7177,8.633272186114782e-07,5.726871715433185e-07,1.246236219455611e-06,1.202517693846558e-06,4.525689972469993,,,,,4.525689972469993,4.525701335469694,2.510774159372064e-06,,,
A-Ra1e5-fine,7178,8.588370029018962e-07,5.656496651022047e-07,1.245233239942378e-06,1.201835934773666e-06,4.5256980732871215,,,,,4.5256980732871215,4.525709431156704,2.5096361150553785e-06,,,
A-Ra1e5-fine,7179,8.543866340163873e-07,5.586655358387458e-07,1.244220790632554e-06,1.201149516007731e-06,4.5257061727595564,,,,,4.5257061727595564,4.5257175254992505,2.508498126385944e-06,,,
A-Ra1e5-fine,7180,8.49975439744413e-07,5.517238228015365e-07,1.243198224594656e-06,1.200454968345835e-06,4.525714270805113,,,,,4.525714270805113,4.525725618413208,2.507359764599428e-06,,,
A-Ra1e5-fine,7181,8.456291979661261e-07,5.448375110960544e-07,1.24216568081237e-06,1.199752124718308e-06,4.525722367342268,,,,,4.525722367342268,4.525733709822068,2.5062221377733673e-06,,,
A-Ra1e5-fine,7182,8.413140864086234e-07,5.380007768726247e-07,1.241122905981237e-06,1.199040263627736e-06,4.525730462293494,,,,,4.525730462293494,4.525741799642039,2.5050838617918646e-06,,,
A-Ra1e5-fine,7183,8.370357622581679e-07,5.312114294703364e-07,1.240071199203361e-06,1.198320693311126e-06,4.525738555579781,,,,,4.525738555579781,4.5257498877966125,2.5039454897334213e-06,,,
A-Ra1e5-fine,7184,8.327953170561399e-07,5.24483115771493e-07,1.239009942222873e-06,1.19759395527905e-06,4.525746647117334,,,,,4.525746647117334,4.525757974205749,2.502807851190907e-06,,,
A-Ra1e5-fine,7185,8.285923236152227e-07,5.178113213096219e-07,1.23794010379293e-06,1.196858594133129e-06,4.525754736829869,,,,,4.525754736829869,4.5257660587850985,2.501669163668849e-06,,,
A-Ra1e5-fine,7186,8.244364733976747e-07,5.111980763533976e-07,1.236861815267244e-06,1.196116621393296e-06,4.525762824635876,,,,,4.525762824635876,4.525774141461216,2.5005312097457325e-06,,,
A-Ra1e5-fine,7187,8.203425015054769e-07,5.046321961384203e-07,1.235775368016393e-06,1.195369100999879e-06,4.525770910458279,,,,,4.525770910458279,4.525782222153956,2.4993933110273487e-06,,,
A-Ra1e5-fine,7188,8.16286936966643e-07,4.981220970105608e-07,1.234680498784017e-06,1.194615490605767e-06,4.5257789942169255,,,,,4.5257789942169255,4.5257903007810025,2.498254989495416e-06,,,
A-Ra1e5-fine,7189,8.122727719019964e-07,4.916761025350722e-07,1.233578059048147e-06,1.19385307660734e-06,4.52578707583325,,,,,4.52578707583325,4.525798377266757,2.4971169008582194e-06,,,
A-Ra1e5-fine,7190,8.082984869190999e-07,4.852855913750749e-07,1.232466435858483e-06,1.193082797869835e-06,4.525795155228136,,,,,4.525795155228136,4.525806451530733,2.4959787423465606e-06,,,
A-Ra1e5-fine,7191,8.043657332910345e-07,4.789622928864686e-07,1.231345933988777e-06,1.192304215462658e-06,4.525803232322346,,,,,4.525803232322346,4.525814523494136,2.4948406117339226e-06,,,
A-Ra1e5-fine,7192,8.004812876883338e-07,4.727070821482877e-07,1.230216754367966e-06,1.191517334553581e-06,4.525811307039592,,,,,4.525811307039592,4.525822593078649,2.493702061225147e-06,,,
A-Ra1e5-fine,7193,7.96653827842347e-07,4.665173227623387e-07,1.229077942168176e-06,1.190723732443477e-06,4.525819379301989,,,,,4.525819379301989,4.525830660208658,2.4925635922733834e-06,,,
A-Ra1e5-fine,7194,7.928622197514163e-07,4.603971618436352e-07,1.227928988410674e-06,1.189922816572455e-06,4.5258274490267905,,,,,4.5258274490267905,4.5258387248032275,2.4914256050677923e-06,,,
A-Ra1e5-fine,7195,7.891073564277076e-07,4.544301543590932e-07,1.226770152243915e-06,1.189115370896938e-06,4.525835516140659,,,,,4.525835516140659,4.5258467867856105,2.490287346452859e-06,,,
A-Ra1e5-fine,7196,7.853994458834116e-07,4.48704839554114e-07,1.22560335371866e-06,1.1883026949036e-06,4.52584358056481,,,,,4.52584358056481,4.5258548460763475,2.4891486673248546e-06,,,
A-Ra1e5-fine,7197,7.817353070915423e-07,4.432473415165625e-07,1.224429667548394e-06,1.187484591869303e-06,4.525851642222395,,,,,4.525851642222395,4.525862902600626,2.488010017520009e-06,,,
A-Ra1e5-fine,7198,7.781273026900465e-07,4.380018277346703e-07,1.223247134140247e-06,1.186657582849562e-06,4.525859701033823,,,,,4.525859701033823,4.525870956279325,2.4868715008932863e-06,,,
A-Ra1e5-fine,7199,7.745660007656017e-07,4.329619321402688e-07,1.222055545311728e-06,1.185824800264327e-06,4.52586775692396,,,,,4.52586775692396,4.525879007036613,2.485732963234992e-06,,,
A-Ra1e5-fine,7200,7.710486949838003e-07,4.281318479570142e-07,1.220855406001623e-06,1.184983353462607e-06,4.52587580981333,,,,,4.52587580981333,4.525887054795182,2.4845948838146416e-06,,,
A-Ra1e5-fine,7201,7.675743178652167e-07,4.234921957626731e-07,1.219646145782727e-06,1.184136019014392e-06,4.525883859628036,,,,,4.525883859628036,4.5258950994773866,2.483456434715889e-06,,,
A-Ra1e5-fine,7202,7.64140952536612e-07,4.190490331959499e-07,1.218427892913583e-06,1.183280860788769e-06,4.525891906290554,,,,,4.525891906290554,4.52590314100569,2.4823176126447664e-06,,,
A-Ra1e5-fine,7203,7.607619827862495e-07,4.147976584586321e-07,1.217201230422085e-06,1.182419303976886e-06,4.525899949722089,,,,,4.525899949722089,4.525911179306312,2.4811795258283413e-06,,,
A-Ra1e5-fine,7204,7.574396480267088e-07,4.107399656678175e-07,1.215965816612465e-06,1.181550466264106e-06,4.52590798984886,,,,,4.52590798984886,4.525919214299893,2.480040942093033e-06,,,
A-Ra1e5-fine,7205,7.541588539651622e-07,4.06878062553916e-07,1.214721091345233e-06,1.180676880586957e-06,4.525916026593795,,,,,4.525916026593795,4.525927245912432,2.478902539302148e-06,,,
A-Ra1e5-fine,7206,7.509178269785455e-07,4.032126723860898e-07,1.213466743370317e-06,1.17980024050871e-06,4.525924059883436,,,,,4.525924059883436,4.525935274066845,2.4777635170214222e-06,,,
A-Ra1e5-fine,7207,7.477231254493122e-07,3.997586457131635e-07,1.212203302487417e-06,1.178923778469187e-06,4.52593208963447,,,,,4.52593208963447,4.52594329868787,2.476625653638642e-06,,,
A-Ra1e5-fine,7208,7.445800707525561e-07,3.965216069462246e-07,1.210933532376575e-06,1.17802668446425e-06,4.52594011578174,,,,,4.52594011578174,4.5259513196988825,2.4754864157058603e-06,,,
A-Ra1e5-fine,7209,7.414956492796422e-07,3.934989052615593e-07,1.20965579522188e-06,1.177128165841534e-06,4.525948138243966,,,,,4.525948138243966,4.525959337027805,2.4743478365242618e-06,,,
A-Ra1e5-fine,7210,7.384500438736913e-07,3.906986802268399e-07,1.208369394649404e-06,1.176229473928123e-06,4.525956156942245,,,,,4.525956156942245,4.525967350593919,2.4732095150149533e-06,,,
A-Ra1e5-fine,7211,7.354454495009776e-07,3.881354364324492e-07,1.207075060588963e-06,1.175311308004703e-06,4.525964171810302,,,,,4.525964171810302,4.5259753603262896,2.4720704215374667e-06,,,
A-Ra1e5-fine,7212,7.324849991945508e-07,3.858501316722712e-07,1.205771650951076e-06,1.174399267605566e-06,4.525972182764919,,,,,4.525972182764919,4.525983366148627,2.470932087005724e-06,,,
A-Ra1e5-fine,7213,7.29580106729717e-07,3.838323918625753e-07,1.20445935936659e-06,1.173466413991486e-06,4.52598018973913,,,,,4.52598018973913,4.525991367985219,2.4697925788823953e-06,,,
A-Ra1e5-fine,7214,7.267363850374054e-07,3.820521598638396e-07,1.203138254144023e-06,1.172543054240463e-06,4.525988192650174,,,,,4.525988192650174,4.525999365764665,2.4686544075074728e-06,,,
A-Ra1e5-fine,7215,7.239324883468801e-07,3.80519322914082e-07,1.20180871267474e-06,1.171599065074053e-06,4.525996191432345,,,,,4.525996191432345,4.526007359408757,2.467514810256282e-06,,,
A-Ra1e5-fine,7216,7.211668207417115e-07,3.792112843399158e-07,1.200470803585109e-06,1.170660657997024e-06,4.526004186003322,,,,,4.526004186003322,4.526015348845184,2.466375998982144e-06,,,
A-Ra1e5-fine,7217,7.184450482080488e-07,3.781300033375251e-07,1.199124885057208e-06,1.169700952485166e-06,4.526012176293876,,,,,4.526012176293876,4.526023334000047,2.4652369420915025e-06,,,
A-Ra1e5-fine,7218,7.157800092034862e-07,3.772775953554326e-07,1.197770130135658e-06,1.168747122160171e-06,4.526020162229198,,,,,4.526020162229198,4.526031314799456,2.4640978427292736e-06,,,
A-Ra1e5-fine,7219,7.131787225234503e-07,3.766654323883756e-07,1.196409129574167e-06,1.167772007666992e-06,4.526028143736315,,,,,4.526028143736315,4.526039291168035,2.4629581697173214e-06,,,
A-Ra1e5-fine,7220,7.106209492164445e-07,3.763146618326877e-07,1.195040996456199e-06,1.166802179449907e-06,4.526036120738468,,,,,4.526036120738468,4.526047263035982,2.4618194600261036e-06,,,
A-Ra1e5-fine,7221,7.081109643380034e-07,3.762305999829625e-07,1.193664492732957e-06,1.165810375048677e-06,4.526044093166321,,,,,4.526044093166321,4.526055230325417,2.4606798264758926e-06,,,
A-Ra1e5-fine,7222,7.056561072890018e-07,3.764567298875852e-07,1.192279668646242e-06,1.164823726824393e-06,4.526052060944154,,,,,4.526052060944154,4.526063192966878,2.459540651398575e-06,,,
A-Ra1e5-fine,7223,7.032686661458259e-07,3.769726276234677e-07,1.19088701778468e-06,1.163819582886068e-06,4.52606002400148,,,,,4.52606002400148,4.526071150886128,2.4584011065140487e-06,,,
A-Ra1e5-fine,7224,7.009253907370631e-07,3.777147660947025e-07,1.18948646007919e-06,1.162823015716217e-06,4.526067982261569,,,,,4.526067982261569,4.526079104009844,2.4572619442301323e-06,,,
A-Ra1e5-fine,7225,6.986205993255754e-07,3.786940403747283e-07,1.188076655252851e-06,1.161804893282554e-06,4.526075935658471,,,,,4.526075935658471,4.526087052266395,2.4561219100441797e-06,,,
A-Ra1e5-fine,7226,6.963606842707483e-07,3.798714015336254e-07,1.186658245539077e-06,1.160792039740983e-06,4.52608388411136,,,,,4.52608388411136,4.526094995582912,2.4549827614819438e-06,,,
A-Ra1e5-fine,7227,6.94155282106034e-07,3.812557304784893e-07,1.185231736581074e-06,1.159764880716219e-06,4.526091827553619,,,,,4.526091827553619,4.5261029338868655,2.453843192629263e-06,,,
A-Ra1e5-fine,7228,6.9200906281699e-07,3.828327509634552e-07,1.183797130228824e-06,1.158722515652947e-06,4.526099765916116,,,,,4.526099765916116,4.52611086710697,2.4527027274574953e-06,,,
A-Ra1e5-fine,7229,6.899086152972937e-07,3.8458281904904e-07,1.182355430911002e-06,1.157687157770148e-06,4.5261076991170075,,,,,4.5261076991170075,4.526118795171034,2.4515634984867813e-06,,,
A-Ra1e5-fine,7230,6.878601190602094e-07,3.865105908363335e-07,1.180906520602159e-06,1.156637103306006e-06,4.526115627093533,,,,,4.526115627093533,4.526126718008688,2.4504238246069244e-06,,,
A-Ra1e5-fine,7231,6.858638388252521e-07,3.886225257984996e-07,1.179449467815318e-06,1.155579621769199e-06,4.526123549771341,,,,,4.526123549771341,4.526134635546714,2.4492839568389644e-06,,,
A-Ra1e5-fine,7232,6.839277626852268e-07,3.908830917481416e-07,1.177984258212383e-06,1.154516065716112e-06,4.526131467078475,,,,,4.526131467078475,4.526142547714062,2.4481440947877707e-06,,,
A-Ra1e5-fine,7233,6.820353380281616e-07,3.933182568720252e-07,1.176510799433408e-06,1.153451452138857e-06,4.526139378945801,,,,,4.526139378945801,4.526150454439564,2.44700378950637e-06,,,
A-Ra1e5-fine,7234,6.801842314565666e-07,3.958967646724334e-07,1.175028994074986e-06,1.152379943218981e-06,4.526147285299885,,,,,4.526147285299885,4.526158355654321,2.4458640427984962e-06,,,
A-Ra1e5-fine,7235,6.783917012259268e-07,3.986258318356694e-07,1.173538599473465e-06,1.151300560949006e-06,4.526155186071605,,,,,4.526155186071605,4.526166251284555,2.4447238260465244e-06,,,
A-Ra1e5-fine,7236,6.766714557994377e-07,4.015233778528804e-07,1.172041122347546e-06,1.150199163791068e-06,4.526163081194342,,,,,4.526163081194342,4.526174141260913,2.4435825354800102e-06,,,
A-Ra1e5-fine,7237,6.749892850224762e-07,4.045554203729856e-07,1.170535604790053e-06,1.149108964207702e-06,4.526170970593512,,,,,4.526170970593512,4.526182025514051,2.4424413285125397e-06,,,
A-Ra1e5-fine,7238,6.733574820023033e-07,4.077169744432855e-07,1.169022484602334e-06,1.148016272637306e-06,4.526178854196591,,,,,4.526178854196591,4.526189903974843,2.4413009561542022e-06,,,
A-Ra1e5-fine,7239,6.71783399480412e-07,4.110402593141437e-07,1.16750320283494e-06,1.14691099503578e-06,4.526186731936835,,,,,4.526186731936835,4.526197776570757,2.4401601394013143e-06,,,
A-Ra1e5-fine,7240,6.702606673916604e-07,4.144907657118055e-07,1.165977150803771e-06,1.145793907127569e-06,4.526194603743649,,,,,4.526194603743649,4.526205643231425,2.4390189285247453e-06,,,
A-Ra1e5-fine,7241,6.687894110183948e-07,4.180771289246015e-07,1.164444211101648e-06,1.14467323616931e-06,4.52620246954734,,,,,4.52620246954734,4.5262135038920395,2.4378784032165047e-06,,,
A-Ra1e5-fine,7242,6.673713302993523e-07,4.217848669123179e-07,1.162903800235775e-06,1.143547981852033e-06,4.526210329278683,,,,,4.526210329278683,4.526221358478372,2.436737457752188e-06,,,
A-Ra1e5-fine,7243,6.660197360928143e-07,4.256428784445516e-07,1.161355479705038e-06,1.14241637093491e-06,4.526218182869342,,,,,4.526218182869342,4.526229206924133,2.4355965444745106e-06,,,
A-Ra1e5-fine,7244,6.647130729049136e-07,4.29615717015764e-07,1.159799109989056e-06,1.141275585145979e-06,4.526226030248156,,,,,4.526226030248156,4.526237049159863,2.434456039195238e-06,,,
A-Ra1e5-fine,7245,6.634498500987554e-07,4.337185020591645e-07,1.158235303605171e-06,1.140127846563511e-06,4.5262338713492944,,,,,4.5262338713492944,4.526244885115648,2.433315039880352e-06,,,
A-Ra1e5-fine,7246,6.62259683500876e-07,4.379319878973115e-07,1.156664285913342e-06,1.138972158453985e-06,4.526241706102497,,,,,4.526241706102497,4.526252714722592,2.4321738479719397e-06,,,
A-Ra1e5-fine,7247,6.61133168959649e-07,4.422807442731708e-07,1.155086048478236e-06,1.137809793023693e-06,4.526249534437506,,,,,4.526249534437506,4.52626053791487,2.431033442877183e-06,,,
A-Ra1e5-fine,7248,6.600451576840873e-07,4.467408562051938e-07,1.153500950662039e-06,1.136639958027019e-06,4.5262573562901025,,,,,4.5262573562901025,4.526268354622789,2.4298926150751863e-06,,,
A-Ra1e5-fine,7249,6.590044786846068e-07,4.513139881691751e-07,1.151908797762114e-06,1.135463520262348e-06,4.526265171590583,,,,,4.526265171590583,4.526276164777347,2.4287515196201145e-06,,,
A-Ra1e5-fine,7250,6.580408455665375e-07,4.559988357145897e-07,1.150309335837359e-06,1.13428287756579e-06,4.526272980270275,,,,,4.526272980270275,4.526283968311579,2.4276105338894505e-06,,,
A-Ra1e5-fine,7251,6.571201089762615e-07,4.607793785086167e-07,1.148702004563225e-06,1.133093989557642e-06,4.526280782263259,,,,,4.526280782263259,4.526291765157499,2.426469201293878e-06,,,
A-Ra1e5-fine,7252,6.562466974222917e-07,4.656668034289091e-07,1.147086903770487e-06,1.13190096068477e-06,4.526288577499827,,,,,4.526288577499827,4.526299555249967,2.4253285312548952e-06,,,
A-Ra1e5-fine,7253,6.554455709794134e-07,4.706513113796321e-07,1.145464810063297e-06,1.130699806950161e-06,4.526296365915414,,,,,4.526296365915414,4.526307338518839,2.424187290911654e-06,,,
A-Ra1e5-fine,7254,6.547002229081574e-07,4.757231692120924e-07,1.143836541857138e-06,1.12948765084339e-06,4.526304147443401,,,,,4.526304147443401,4.526315114896583,2.4230452787740175e-06,,,
A-Ra1e5-fine,7255,6.54009276691414e-07,4.808685752942829e-07,1.142201594111005e-06,1.128260089114051e-06,4.526311922014884,,,,,4.526311922014884,4.526322884319188,2.421903575882011e-06,,,
A-Ra1e5-fine,7256,6.533806104447394e-07,4.860935597158756e-07,1.140560393361942e-06,1.127040500359622e-06,4.526319689561888,,,,,4.526319689561888,4.526330646716863,2.420761780985374e-06,,,
A-Ra1e5-fine,7257,6.528083975623067e-07,4.913841624603281e-07,1.138912288428316e-06,1.125819892254986e-06,4.526327450021311,,,,,4.526327450021311,4.526338402027751,2.4196201690234974e-06,,,
A-Ra1e5-fine,7258,6.522840032758045e-07,4.967356511416626e-07,1.137256640138376e-06,1.124588515634438e-06,4.526335203323809,,,,,4.526335203323809,4.526346150182281,2.4184786903824216e-06,,,
A-Ra1e5-fine,7259,6.518258073921686e-07,5.021634035724978e-07,1.135593442561288e-06,1.123349673152139e-06,4.526342949406171,,,,,4.526342949406171,4.5263538911141765,2.417336667332754e-06,,,
A-Ra1e5-fine,7260,6.514188005545206e-07,5.076405070464656e-07,1.133923230270755e-06,1.122100926180065e-06,4.5263506882019975,,,,,4.5263506882019975,4.526361624758399,2.416194400914083e-06,,,
A-Ra1e5-fine,7261,6.510634718447692e-07,5.131693931356288e-07,1.132246264927503e-06,1.120847466322127e-06,4.52635841964377,,,,,4.52635841964377,4.526369351051063,2.4150526935145947e-06,,,
A-Ra1e5-fine,7262,6.50790608432901e-07,5.187519812298065e-07,1.1305621928388e-06,1.119587419214437e-06,4.5263661436661105,,,,,4.5263661436661105,4.5263770699246395,2.413911070105309e-06,,,
A-Ra1e5-fine,7263,6.505648512955268e-07,5.243759048937477e-07,1.128871926795342e-06,1.118320316410895e-06,4.526373860207289,,,,,4.526373860207289,4.526384781313074,2.4127685753058624e-06,,,
A-Ra1e5-fine,7264,6.503917140169101e-07,5.300425739604002e-07,1.127175153259636e-06,1.117045447255652e-06,4.526381569200227,,,,,4.526381569200227,4.526392485154291,2.411626314470096e-06,,,
A-Ra1e5-fine,7265,6.502965780613756e-07,5.357613878611553e-07,1.125472194515043e-06,1.115766707501643e-06,4.52638927057808,,,,,4.52638927057808,4.526400181381564,2.4104843135279774e-06,,,
A-Ra1e5-fine,7266,6.502385393630801e-07,5.415210177280657e-07,1.123763072576084e-06,1.114481609713903e-06,4.52639696428071,,,,,4.52639696428071,4.526407869929858,2.4093414909316675e-06,,,
A-Ra1e5-fine,7267,6.502444057296461e-07,5.473187557385721e-07,1.122046766583596e-06,1.113189477037264e-06,4.526404650238876,,,,,4.526404650238876,4.52641555073585,2.4081991537453927e-06,,,
A-Ra1e5-fine,7268,6.503173757732315e-07,5.531566744233579e-07,1.120324070847308e-06,1.11189015433316e-06,4.526412328392667,,,,,4.526412328392667,4.5264232237339455,2.4070560467681723e-06,,,
A-Ra1e5-fine,7269,6.504470774428191e-07,5.590243496516338e-07,1.118595071740443e-06,1.110583892049179e-06,4.526419998673192,,,,,4.526419998673192,4.526430888861843,2.4059136257943313e-06,,,
A-Ra1e5-fine,7270,6.506249692626179e-07,5.649297452110691e-07,1.116861356955763e-06,1.109270166171523e-06,4.5264276610218985,,,,,4.5264276610218985,4.526438546054398,2.4047704341071877e-06,,,
A-Ra1e5-fine,7271,6.508803373720477e-07,5.708600103257158e-07,1.115121785803752e-06,1.107942536299003e-06,4.5264353153717165,,,,,4.5264353153717165,4.526446195251017,2.4036279029675636e-06,,,
A-Ra1e5-fine,7272,6.511870339099808e-07,5.768278150617246e-07,1.113376092274911e-06,1.106619093132342e-06,4.526442961660113,,,,,4.526442961660113,4.526453836382575,2.4024845758620406e-06,,,
A-Ra1e5-fine,7273,6.515480415695021e-07,5.828272625108584e-07,1.111624525493285e-06,1.105288414323558e-06,4.526450599823875,,,,,4.526450599823875,4.526461469390531,2.4013414851310235e-06,,,
A-Ra1e5-fine,7274,6.519676120748644e-07,5.888436663687567e-07,1.109866142251008e-06,1.103947604129343e-06,4.52645822980003,,,,,4.52645822980003,4.526469094210189,2.400198249547385e-06,,,
A-Ra1e5-fine,7275,6.524551535913322e-07,5.948699591139304e-07,1.108102364555351e-06,1.102599585827311e-06,4.52646585152536,,,,,4.52646585152536,4.526476710780051,2.3990552499992492e-06,,,
A-Ra1e5-fine,7276,6.529909071296963e-07,6.009066341232915e-07,1.106332300449699e-06,1.101247865486184e-06,4.526473464938025,,,,,4.526473464938025,4.526484319035762,2.397911930233451e-06,,,
A-Ra1e5-fine,7277,6.535821880844371e-07,6.069497347805354e-07,1.104556307075906e-06,1.099892949140212e-06,4.526481069975832,,,,,4.526481069975832,4.526491918915144,2.3967682938101596e-06,,,
A-Ra1e5-fine,7278,6.54238442542659e-07,6.129983432479872e-07,1.102774676584524e-06,1.098532219758669e-06,4.526488666576254,,,,,4.526488666576254,4.526499510357712,2.395624791665529e-06,,,
A-Ra1e5-fine,7279,6.54947843046501e-07,6.190501272767681e-07,1.100987331097965e-06,1.097164038139752e-06,4.526496254676768,,,,,4.526496254676768,4.526507093299007,2.3944809964645635e-06,,,
A-Ra1e5-fine,7280,6.557039108117718e-07,6.25104336708176e-07,1.099194991837547e-06,1.095790097057981e-06,4.52650383421485,,,,,4.52650383421485,4.526514667679226,2.3933375092475433e-06,,,
A-Ra1e5-fine,7281,6.565152418872193e-07,6.311709850965774e-07,1.097396976647853e-06,1.094409525920746e-06,4.526511405131374,,,,,4.526511405131374,4.526522233435958,2.392193604036573e-06,,,
A-Ra1e5-fine,7282,6.573928438884498e-07,6.372445408874483e-07,1.095593406250304e-06,1.0930243743777e-06,4.526518967363471,,,,,4.526518967363471,4.526529790508495,2.3910497586468388e-06,,,
A-Ra1e5-fine,7283,6.583257987625433e-07,6.433178948029746e-07,1.093785198387391e-06,1.091633571792127e-06,4.526526520848733,,,,,4.526526520848733,4.52653733883499,2.3899060969166157e-06,,,
A-Ra1e5-fine,7284,6.593013372107602e-07,6.493977266890703e-07,1.091972676225262e-06,1.090256565047582e-06,4.526534065531226,,,,,4.526534065531226,4.526544878353936,2.3887613876153975e-06,,,
A-Ra1e5-fine,7285,6.603284791936506e-07,6.554837486440444e-07,1.090156463374489e-06,1.088853093246456e-06,4.526541601348071,,,,,4.526541601348071,4.52655240900656,2.3876165378778116e-06,,,
A-Ra1e5-fine,7286,6.61414396979428e-07,6.615721188370286e-07,1.0883354826405e-06,1.087440259051053e-06,4.526549128235509,,,,,4.526549128235509,4.526559930730561,2.3864718699162816e-06,,,
A-Ra1e5-fine,7287,6.625410404425878e-07,6.676600934911895e-07,1.086509005177559e-06,1.086024406999755e-06,4.526556646135309,,,,,4.526556646135309,4.526567443465457,2.3853268863499137e-06,,,
A-Ra1e5-fine,7288,6.637179920715232e-07,6.737466894950546e-07,1.084676585815599e-06,1.084605721967245e-06,4.526564154986774,,,,,4.526564154986774,4.526574947152247,2.3841819619746097e-06,,,
A-Ra1e5-fine,7289,6.649448943909977e-07,6.798323321610484e-07,1.082838021457562e-06,1.083182151324082e-06,4.526571654729196,,,,,4.526571654729196,4.526582441730899,2.3830372461339507e-06,,,
A-Ra1e5-fine,7290,6.662298509587922e-07,6.859167385962503e-07,1.080994019780366e-06,1.081753305034019e-06,4.526579145305504,,,,,4.526579145305504,4.5265899271420755,2.381892237916748e-06,,,
A-Ra1e5-fine,7291,6.675704786180906e-07,6.920024939382782e-07,1.079145984053253e-06,1.080318558282602e-06,4.5265866266536285,,,,,4.5265866266536285,4.52659740332665,2.380747587993304e-06,,,
A-Ra1e5-fine,7292,6.68950759026234e-07,6.980913278313639e-07,1.077292585667064e-06,1.078879902513213e-06,4.52659409871558,,,,,4.52659409871558,4.526604870222446,2.379602371045132e-06,,,
A-Ra1e5-fine,7293,6.703724240766983e-07,7.041781541277062e-07,1.075433261483128e-06,1.077434649109989e-06,4.526601561432811,,,,,4.526601561432811,4.5266123277725026,2.3784569377306876e-06,,,
A-Ra1e5-fine,7294,6.718352944256072e-07,7.102606133490584e-07,1.073567253926797e-06,1.075983692487322e-06,4.5266090147461,,,,,4.5266090147461,4.526619775918495,2.3773114860532466e-06,,,
A-Ra1e5-fine,7295,6.733402819820465e-07,7.163468887739153e-07,1.071695290026029e-06,1.074528013751654e-06,4.526616458594962,,,,,4.526616458594962,4.5266272146017625,2.376166419253098e-06,,,
A-Ra1e5-fine,7296,6.749137253269193e-07,7.224356932296566e-07,1.069817536660162e-06,1.073062183259687e-06,4.526623892923454,,,,,4.526623892923454,4.526634643762851,2.3750209613334682e-06,,,
A-Ra1e5-fine,7297,6.765261873070446e-07,7.28519263785169e-07,1.067933924277075e-06,1.071591815771336e-06,4.526631317672017,,,,,4.526631317672017,4.526642063344003,2.373875510825482e-06,,,
A-Ra1e5-fine,7298,6.781860995927627e-07,7.345999800626144e-07,1.066044388158175e-06,1.070114808938822e-06,4.5266387327827715,,,,,4.5266387327827715,4.526649473287696,2.372730146236569e-06,,,
A-Ra1e5-fine,7299,6.798863047334379e-07,7.406735669709217e-07,1.064148312501722e-06,1.068632257911283e-06,4.526646138197748,,,,,4.526646138197748,4.526656873535945,2.371584864253782e-06,,,
A-Ra1e5-fine,7300,6.816237417937938e-07,7.467463737843284e-07,1.062245702758311e-06,1.06714154558466e-06,4.5266535338601015,,,,,4.5266535338601015,4.526664264028955,2.370439013284521e-06,,,
A-Ra1e5-fine,7301,6.834115861409816e-07,7.528130047218463e-07,1.060338594589081e-06,1.065644383390663e-06,4.52666091971355,,,,,4.52666091971355,4.526671644713065,2.369293171977031e-06,,,
A-Ra1e5-fine,7302,6.852487183751924e-07,7.588738430801207e-07,1.058426131340399e-06,1.064141026781622e-06,4.526668295696823,,,,,4.526668295696823,4.526679015528589,2.3681476909826385e-06,,,
A-Ra1e5-fine,7303,6.87122587002828e-07,7.649327344876349e-07,1.056507547544736e-06,1.062630925254004e-06,4.52667566175808,,,,,4.52667566175808,4.526686376420618,2.3670018922195095e-06,,,
A-Ra1e5-fine,7304,6.890482022616376e-07,7.709897809611055e-07,1.054582728600841e-06,1.061115688002683e-06,4.526683017836715,,,,,4.526683017836715,4.526693727328555,2.365855777675426e-06,,,
A-Ra1e5-fine,7305,6.910131597460886e-07,7.770399252350345e-07,1.052651944201355e-06,1.059595865055196e-06,4.52669036387738,,,,,4.52669036387738,4.526701068200329,2.3647100711873863e-06,,,
A-Ra1e5-fine,7306,6.930226991249903e-07,7.830811881830161e-07,1.050714756068156e-06,1.058071013115931e-06,4.526697699824466,,,,,4.526697699824466,4.5267083989772825,2.3635640993874333e-06,,,
A-Ra1e5-fine,7307,6.950802394153404e-07,7.89116582327001e-07,1.048771490350172e-06,1.056540110719712e-06,4.526705025622281,,,,,4.526705025622281,4.526715719603479,2.3624178085372267e-06,,,
A-Ra1e5-fine,7308,6.971788124187333e-07,7.951513022422809e-07,1.046822775742373e-06,1.05500337606707e-06,4.526712341212945,,,,,4.526712341212945,4.526723030022298,2.361271476491059e-06,,,
A-Ra1e5-fine,7309,6.993186564551721e-07,8.011870170881451e-07,1.044868268437944e-06,1.053459291478237e-06,4.526719646543368,,,,,4.526719646543368,4.526730330181456,2.3601252816216665e-06,,,
A-Ra1e5-fine,7310,7.015054134554773e-07,8.072168075484708e-07,1.042907552052431e-06,1.05191128637106e-06,4.526726941555813,,,,,4.526726941555813,4.526737620022847,2.358979142524701e-06,,,
A-Ra1e5-fine,7311,7.037359152481385e-07,8.132338308597501e-07,1.040940620144572e-06,1.050356965516436e-06,4.52673422619546,,,,,4.52673422619546,4.526744899489747,2.3578326383568873e-06,,,
A-Ra1e5-fine,7312,7.060135607586387e-07,8.192440926190467e-07,1.038967959475221e-06,1.048797952630529e-06,4.5267415004093445,,,,,4.5267415004093445,4.526752168529742,2.3566858911801525e-06,,,
A-Ra1e5-fine,7313,7.08340784836962e-07,8.252459962984837e-07,1.036989006160885e-06,1.047233091020895e-06,4.526748764140049,,,,,4.526748764140049,4.526759427085769,2.3555389789114963e-06,,,
A-Ra1e5-fine,7314,7.107170995482266e-07,8.312406159450932e-07,1.035004423849236e-06,1.045663366176778e-06,4.526756017334603,,,,,4.526756017334603,4.5267666751051845,2.3543919739712786e-06,,,
A-Ra1e5-fine,7315,7.131403622859288e-07,8.372297876212456e-07,1.033014604444695e-06,1.044086240392552e-06,4.5267632599379795,,,,,4.5267632599379795,4.526773912533876,2.3532450784723166e-06,,,
A-Ra1e5-fine,7316,7.156067290836566e-07,8.432108346637728e-07,1.031019911011037e-06,1.042504067847026e-06,4.5267704918962846,,,,,4.5267704918962846,4.526781139316701,2.352098016373191e-06,,,
A-Ra1e5-fine,7317,7.181271582631907e-07,8.49185900231591e-07,1.029020310075484e-06,1.040915567955932e-06,4.526777713154388,,,,,4.526777713154388,4.526788355398414,2.3509507623847973e-06,,,
A-Ra1e5-fine,7318,7.207059332106372e-07,8.551469746494363e-07,1.027015363452706e-06,1.039320918350069e-06,4.526784923659987,,,,,4.526784923659987,4.526795560727624,2.3498035182254647e-06,,,
A-Ra1e5-fine,7319,7.233539112634944e-07,8.610995649977852e-07,1.025005283648503e-06,1.037720124138394e-06,4.526792123360451,,,,,4.526792123360451,4.526802755251016,2.3486561322483113e-06,,,
A-Ra1e5-fine,7320,7.260804652479878e-07,8.670432055783844e-07,1.022988888913799e-06,1.03611579069129e-06,4.526799312199047,,,,,4.526799312199047,4.5268099389118595,2.347508605260033e-06,,,
A-Ra1e5-fine,7321,7.288663789696854e-07,8.729803099224533e-07,1.020967533918777e-06,1.03450656427831e-06,4.526806490126427,,,,,4.526806490126427,4.52681711166115,2.3463610130132607e-06,,,
A-Ra1e5-fine,7322,7.317059943059036e-07,8.789112889142706e-07,1.018940765980832e-06,1.032891033202437e-06,4.526813657087472,,,,,4.526813657087472,4.52682427344353,2.345213302946045e-06,,,
A-Ra1e5-fine,7323,7.345853919624333e-07,8.848333367704888e-07,1.016907870175765e-06,1.031270688121245e-06,4.526820813029759,,,,,4.526820813029759,4.526831424206693,2.344065501172763e-06,,,
A-Ra1e5-fine,7324,7.375076591500325e-07,8.907454750541026e-07,1.014869263179619e-06,1.029643649054884e-06,4.526827957902127,,,,,4.526827957902127,4.526838563897676,2.3429172088316464e-06,,,
A-Ra1e5-fine,7325,7.404856148934952e-07,8.966529088873967e-07,1.01282495919461e-06,1.028010273790786e-06,4.52683509165206,,,,,4.52683509165206,4.526845692466101,2.3417688989879744e-06,,,
A-Ra1e5-fine,7326,7.434977864113879e-07,9.025502030787291e-07,1.010775211871189e-06,1.026371758782279e-06,4.526842214224079,,,,,4.526842214224079,4.526852809860363,2.3406214271035853e-06,,,
A-Ra1e5-fine,7327,7.465399958768142e-07,9.084359867184895e-07,1.008719886533171e-06,1.024728034322629e-06,4.52684932557088,,,,,4.52684932557088,4.526859916026687,2.3394733638597866e-06,,,
A-Ra1e5-fine,7328,7.496138250220746e-07,9.143088898307169e-07,1.006658729405242e-06,1.023078690871648e-06,4.526856425639836,,,,,4.526856425639836,4.526867010912996,2.338324830530578e-06,,,
A-Ra1e5-fine,7329,7.527207905582624e-07,9.201769230156842e-07,1.004592133502315e-06,1.021423581612766e-06,4.52686351437774,,,,,4.52686351437774,4.526874094469509,2.3371765840815333e-06,,,
A-Ra1e5-fine,7330,7.558666732183528e-07,9.260356959140213e-07,1.00252052924651e-06,1.019762457035967e-06,4.5268705917358165,,,,,4.5268705917358165,4.526881166645513,2.3360281966135648e-06,,,
A-Ra1e5-fine,7331,7.590376862717431e-07,9.31880887506043e-07,1.000444035094536e-06,1.018096268485292e-06,4.526877657662226,,,,,4.526877657662226,4.526888227388827,2.33487959280436e-06,,,
A-Ra1e5-fine,7332,7.622329780705005e-07,9.377115615526745e-07,9.98362316789804e-07,1.016425229547e-06,4.52688471210479,,,,,4.52688471210479,4.526895276648065,2.333730947291437e-06,,,
A-Ra1e5-fine,7333,7.654585854468187e-07,9.435284723011618e-07,9.962746589804227e-07,1.014749858214787e-06,4.526891755016323,,,,,4.526891755016323,4.526902314376277,2.3325823124759733e-06,,,
A-Ra1e5-fine,7334,7.687090433541494e-07,9.493376714300541e-07,9.941824014216915e-07,1.013068289827527e-06,4.526898786343169,,,,,4.526898786343169,4.526909340519911,2.3314337113321443e-06,,,
A-Ra1e5-fine,7335,7.719829763138121e-07,9.551376541111269e-07,9.920851427197087e-07,1.011381530605585e-06,4.526905806036895,,,,,4.526905806036895,4.526916355028948,2.33028479365992e-06,,,
A-Ra1e5-fine,7336,7.752817437757791e-07,9.60926215940365e-07,9.899815549251362e-07,1.009689330627291e-06,4.526912814048392,,,,,4.526912814048392,4.5269233578551855,2.3291357594040945e-06,,,
A-Ra1e5-fine,7337,7.785992884386111e-07,9.667020978598916e-07,9.878729077167453e-07,1.007991781868174e-06,4.526919810327398,,,,,4.526919810327398,4.526930348947121,2.3279863344923986e-06,,,
A-Ra1e5-fine,7338,7.819423140924756e-07,9.724648137332107e-07,9.857602539489372e-07,1.006290151306972e-06,4.526926794822314,,,,,4.526926794822314,4.5269373282584855,2.3268376967239653e-06,,,
A-Ra1e5-fine,7339,7.853045409589642e-07,9.782162496614594e-07,9.836427968240362e-07,1.004584005175397e-06,4.526933767488118,,,,,4.526933767488118,4.526944295738235,2.3256885156891735e-06,,,
A-Ra1e5-fine,7340,7.886852807422803e-07,9.839567555845973e-07,9.815196998771279e-07,1.002872938359949e-06,4.526940728272846,,,,,4.526940728272846,4.526951251334525,2.3245388176987264e-06,,,
A-Ra1e5-fine,7341,7.920850336109763e-07,9.896845247532041e-07,9.793912164436208e-07,1.00115665392456e-06,4.526947677127961,,,,,4.526947677127961,4.526958195004616,2.3233898835489243e-06,,,
A-Ra1e5-fine,7342,7.955048814005218e-07,9.954000976565194e-07,9.772582715917337e-07,9.994356360276516e-07,4.526954614007879,,,,,4.526954614007879,4.526965126694838,2.322239927070162e-06,,,
A-Ra1e5-fine,7343,7.989395029939747e-07,1.001103608690915e-06,9.751201468120632e-07,9.977100807765657e-07,4.526961538861202,,,,,4.526961538861202,4.526972046360632,2.3210904590014085e-06,,,
A-Ra1e5-fine,7344,8.023921792476625e-07,1.006802826798951e-06,9.729768437554202e-07,9.95979252779007e-07,4.526968451640414,,,,,4.526968451640414,4.526978953951063,2.319940723802047e-06,,,
A-Ra1e5-fine,7345,8.058588705182756e-07,1.012490884447383e-06,9.708289822078119e-07,9.94243952683309e-07,4.526975352298225,,,,,4.526975352298225,4.526985849420205,2.3187910234346146e-06,,,
A-Ra1e5-fine,7346,8.093415075821354e-07,1.018162482564783e-06,9.686765285583865e-07,9.925031491457836e-07,4.526982240787565,,,,,4.526982240787565,4.5269927327207595,2.317641306706626e-06,,,
A-Ra1e5-fine,7347,8.128388972933102e-07,1.02381848108264e-06,9.66519196276273e-07,9.907575392263417e-07,4.526989117059199,,,,,4.526989117059199,4.526999603802257,2.3164913015104715e-06,,,
A-Ra1e5-fine,7348,8.163541604159135e-07,1.029459298406225e-06,9.643573116986494e-07,9.89006716328834e-07,4.526995981067329,,,,,4.526995981067329,4.527006462620581,2.3153413790635134e-06,,,
A-Ra1e5-fine,7349,8.198744903949039e-07,1.035089288946504e-06,9.621910233715504e-07,9.872517427018997e-07,4.527002832765218,,,,,4.527002832765218,4.527013309127415,2.3141911905448025e-06,,,
A-Ra1e5-fine,7350,8.234110033097108e-07,1.040708607421889e-06,9.600192237157088e-07,9.854907544808981e-07,4.5270096721067175,,,,,4.5270096721067175,4.527020143276833,2.3130407850184756e-06,,,
A-Ra1e5-fine,7351,8.26959908099972e-07,1.046314442615949e-06,9.57841752397342e-07,9.837251249727878e-07,4.527016499042364,,,,,4.527016499042364,4.527026965022107,2.3118907667808433e-06,,,
A-Ra1e5-fine,7352,8.305233043177222e-07,1.051905166057893e-06,9.556594685245946e-07,9.819549297480349e-07,4.527023313528842,,,,,4.527023313528842,4.527033774316171,2.3107403073140963e-06,,,
A-Ra1e5-fine,7353,8.340955249782136e-07,1.057482094827329e-06,9.534727983289057e-07,9.801787252192828e-07,4.527030115518984,,,,,4.527030115518984,4.527040571113777,2.309589831002527e-06,,,
A-Ra1e5-fine,7354,8.376750529542931e-07,1.063045847876047e-06,9.512821791424978e-07,9.783991256503514e-07,4.527036904966055,,,,,4.527036904966055,4.527047355368883,2.3084394904992557e-06,,,
A-Ra1e5-fine,7355,8.412666122996348e-07,1.068593357977065e-06,9.490862296758915e-07,9.766155319769172e-07,4.527043681826396,,,,,4.527043681826396,4.527054127035787,2.3072888345714015e-06,,,
A-Ra1e5-fine,7356,8.448655892387746e-07,1.074125290223831e-06,9.468850882419919e-07,9.748262964341525e-07,4.527050446053412,,,,,4.527050446053412,4.5270608860692425,2.306138161448133e-06,,,
A-Ra1e5-fine,7357,8.484789130196367e-07,1.079644183270024e-06,9.446783145080096e-07,9.730331069136333e-07,4.527057197601264,,,,,4.527057197601264,4.527067632422973,2.3049873742239535e-06,,,
A-Ra1e5-fine,7358,8.520983071744777e-07,1.085147763325737e-06,9.424672156640736e-07,9.712355030924145e-07,4.527063936427794,,,,,4.527063936427794,4.527074366054239,2.3038363446012075e-06,,,
A-Ra1e5-fine,7359,8.557247724028367e-07,1.090639575062534e-06,9.402527658036086e-07,9.694313832255316e-07,4.527070662484333,,,,,4.527070662484333,4.527081086916999,2.30268565273664e-06,,,
A-Ra1e5-fine,7360,8.59357921203927e-07,1.096117419921003e-06,9.380343521906666e-07,9.676239905775626e-07,4.527077375728595,,,,,4.527077375728595,4.527087794964974,2.301534416953647e-06,,,
A-Ra1e5-fine,7361,8.629989164160084e-07,1.101581180456848e-06,9.358115805963769e-07,9.658121183328832e-07,4.527084076117036,,,,,4.527084076117036,4.527094490157584,2.300383291958743e-06,,,
A-Ra1e5-fine,7362,8.666487842899493e-07,1.107029060152733e-06,9.335845448311276e-07,9.639970064680329e-07,4.527090763603726,,,,,4.527090763603726,4.527101172448104,2.29923210178125e-06,,,
A-Ra1e5-fine,7363,8.703024732054946e-07,1.112460607379356e-06,9.313528986891427e-07,9.621773257009597e-07,4.527097438145469,,,,,4.527097438145469,4.527107841793101,2.298080794639083e-06,,,
A-Ra1e5-fine,7364,8.73961094770437e-07,1.117877737917726e-06,9.29117374027721e-07,9.603536550938352e-07,4.527104099697911,,,,,4.527104099697911,4.5271144981491505,2.296929575368629e-06,,,
A-Ra1e5-fine,7365,8.776272033132724e-07,1.123280094252383e-06,9.268780089642318e-07,9.58524906536057e-07,4.527110748221163,,,,,4.527110748221163,4.5271211414748675,2.295778113791111e-06,,,
A-Ra1e5-fine,7366,8.81299301032044e-07,1.128669280258336e-06,9.246339383798583e-07,9.566926661419633e-07,4.52711738366577,,,,,4.52711738366577,4.527127771722964,2.2946268884307892e-06,,,
A-Ra1e5-fine,7367,8.849728682119607e-07,1.134042661450291e-06,9.223848732584062e-07,9.548560882742325e-07,4.527124005995009,,,,,4.527124005995009,4.527134388853757,2.2934752457864197e-06,,,
A-Ra1e5-fine,7368,8.886503502175731e-07,1.139402885283253e-06,9.201313521477685e-07,9.530151401404364e-07,4.527130615163854,,,,,4.527130615163854,4.527140992822003,2.292323137413765e-06,,,
A-Ra1e5-fine,7369,8.923332155710898e-07,1.144752598567467e-06,9.178731265290922e-07,9.51170569780122e-07,4.527137211128321,,,,,4.527137211128321,4.527147583588364,2.291171589593888e-06,,,
A-Ra1e5-fine,7370,8.960202805020078e-07,1.150085919229039e-06,9.156103655023303e-07,9.493224763532083e-07,4.527143793845996,,,,,4.527143793845996,4.527154161107706,2.2900200019969926e-06,,,
A-Ra1e5-fine,7371,8.997087917845309e-07,1.155403194304423e-06,9.133435853746812e-07,9.47469931203004e-07,4.527150363277885,,,,,4.527150363277885,4.5271607253394475,2.2888680234548304e-06,,,
A-Ra1e5-fine,7372,9.034021568420694e-07,1.160703609822167e-06,9.110730119737375e-07,9.456130635143387e-07,4.527156919379535,,,,,4.527156919379535,4.527167276241176,2.2877161050189185e-06,,,
A-Ra1e5-fine,7373,9.07098817363577e-07,1.165988454594728e-06,9.08798886620694e-07,9.437516406897973e-07,4.52716346211105,,,,,4.52716346211105,4.52717381377231,2.2865640952416235e-06,,,
A-Ra1e5-fine,7374,9.107948739133131e-07,1.171255947300284e-06,9.065203386619772e-07,9.418851252239734e-07,4.527169991428991,,,,,4.527169991428991,4.527180337888516,2.285411796181378e-06,,,
A-Ra1e5-fine,7375,9.144923751785551e-07,1.176506844047376e-06,9.042375621170038e-07,9.400155959023247e-07,4.527176507293806,,,,,4.527176507293806,4.527186848552152,2.2842596302412877e-06,,,
A-Ra1e5-fine,7376,9.181913214593148e-07,1.181741358186159e-06,9.019501800233797e-07,9.381414520961577e-07,4.527183009663192,,,,,4.527183009663192,4.527193345720367,2.2831074761880085e-06,,,
A-Ra1e5-fine,7377,9.218944697664329e-07,1.186959610859626e-06,8.996593398513978e-07,9.362621992945759e-07,4.527189498498162,,,,,4.527189498498162,4.527199829352573,2.2819549805015986e-06,,,
A-Ra1e5-fine,7378,9.255977490794013e-07,1.192162577591166e-06,8.973644415459456e-07,9.343785190961157e-07,4.52719597375631,,,,,4.52719597375631,4.527206299408864,2.2808026952643975e-06,,,
A-Ra1e5-fine,7379,9.292984538659492e-07,1.197350849969396e-06,8.950658912409702e-07,9.324908279368236e-07,4.527202435399205,,,,,4.527202435399205,4.527212755848768,2.279650169647709e-06,,,
A-Ra1e5-fine,7380,9.330007086757031e-07,1.202522443310747e-06,8.927633061005625e-07,9.305985468513362e-07,4.527208883385247,,,,,4.527208883385247,4.527219198632156,2.2784977285476272e-06,,,
A-Ra1e5-fine,7381,9.367030848583421e-07,1.207675488996462e-06,8.904567766546601e-07,9.287019508949102e-07,4.527215317675198,,,,,4.527215317675198,4.527225627719122,2.277345224441205e-06,,,
A-Ra1e5-fine,7382,9.404067846580114e-07,1.21281081301958e-06,8.881460243372287e-07,9.268017333072616e-07,4.527221738229513,,,,,4.527221738229513,4.527232043068854,2.276192377773438e-06,,,
A-Ra1e5-fine,7383,9.441087897590309e-07,1.21792963749166e-06,8.858315396171109e-07,9.248986640559908e-07,4.527228145010216,,,,,4.527228145010216,4.52723844464497,2.2750395403149282e-06,,,
A-Ra1e5-fine,7384,9.478079773191494e-07,1.223031461358991e-06,8.835138249600436e-07,9.229924571175379e-07,4.5272345379726175,,,,,4.5272345379726175,4.527244832404381,2.2738870656032847e-06,,,
A-Ra1e5-fine,7385,9.515074207681259e-07,1.22811478351359e-06,8.811924849998222e-07,9.210826948405451e-07,4.527240917086145,,,,,4.527240917086145,4.527251206311052,2.272733747496875e-06,,,
A-Ra1e5-fine,7386,9.552048731177939e-07,1.233180293017853e-06,8.788677472180501e-07,9.191684054150748e-07,4.527247282306463,,,,,4.527247282306463,4.52725756632633,2.2715808406117276e-06,,,
A-Ra1e5-fine,7387,9.589015898332913e-07,1.238226811033873e-06,8.765391650852091e-07,9.172502692112402e-07,4.52725363359389,,,,,4.52725363359389,4.527263912410651,2.2704283708517324e-06,,,
A-Ra1e5-fine,7388,9.625975210851447e-07,1.243261801175838e-06,8.742068275593052e-07,9.153275486574459e-07,4.527259970915455,,,,,4.527259970915455,4.5272702445243365,2.2692748574233837e-06,,,
A-Ra1e5-fine,7389,9.662865692608644e-07,1.248282921697593e-06,8.718705237639745e-07,9.13400872850082e-07,4.527266294229778,,,,,4.527266294229778,4.527276562631917,2.2681216049635313e-06,,,
A-Ra1e5-fine,7390,9.699747494297399e-07,1.25328713387572e-06,8.695309099237614e-07,9.114706925240093e-07,4.527272603498661,,,,,4.527272603498661,4.527282866695424,2.2669686650757804e-06,,,
A-Ra1e5-fine,7391,9.736615333039194e-07,1.258271322738338e-06,8.671885022248853e-07,9.095389418618996e-07,4.527278898685497,,,,,4.527278898685497,4.5272891566753986,2.265815407037181e-06,,,
A-Ra1e5-fine,7392,9.773425203369273e-07,1.263238318152512e-06,8.648419074325645e-07,9.076034318821321e-07,4.527285179752652,,,,,4.527285179752652,4.527295432534222,2.2646618345846013e-06,,,
A-Ra1e5-fine,7393,9.810216463842283e-07,1.268188448319601e-06,8.624909460062609e-07,9.056641531440144e-07,4.527291446663413,,,,,4.527291446663413,4.527301694237442,2.263508447011965e-06,,,
A-Ra1e5-fine,7394,9.846993726550662e-07,1.27312094054475e-06,8.601362825599377e-07,9.037214661599128e-07,4.527297699380033,,,,,4.527297699380033,4.527307941746405,2.2623550440242553e-06,,,
A-Ra1e5-fine,7395,9.883724044437851e-07,1.278035162188705e-06,8.577777776569407e-07,9.017749649848103e-07,4.527303937867257,,,,,4.527303937867257,4.527314175025074,2.2612014531841485e-06,,,
A-Ra1e5-fine,7396,9.920404291720207e-07,1.28292898018076e-06,8.554152727743691e-07,8.998243230328121e-07,4.527310162086681,,,,,4.527310162086681,4.527320394035814,2.260047844001896e-06,,,
A-Ra1e5-fine,7397,9.957017752343135e-07,1.287807341801518e-06,8.53049125417759e-07,8.97869988216394e-07,4.5273163720030425,,,,,4.5273163720030425,4.527326598743278,2.2588941978470034e-06,,,
A-Ra1e5-fine,7398,9.993600826101758e-07,1.292668735199263e-06,8.506814403070478e-07,8.959124126148382e-07,4.5273225675790645,,,,,4.5273225675790645,4.527332789111757,2.257740861379787e-06,,,
A-Ra1e5-fine,7399,1.00301618061649e-06,1.29751328513655e-06,8.483111837436627e-07,8.939522191075558e-07,4.527328748782224,,,,,4.527328748782224,4.527338965103514,2.2565866828248838e-06,,,
A-Ra1e5-fine,7400,1.006665079825519e-06,1.302340856553643e-06,8.459374365669676e-07,8.919896000162511e-07,4.527334915573534,,,,,4.527334915573534,4.52734512668501,2.255432865371329e-06,,,
A-Ra1e5-fine,7401,1.010308009729966e-06,1.307151548600462e-06,8.435604346979074e-07,8.900228190737052e-07,4.5273410679186545,,,,,4.5273410679186545,4.52735127381941,2.2542788579524657e-06,,,
A-Ra1e5-fine,7402,1.013946830848796e-06,1.311942882335677e-06,8.411798889276244e-07,8.880516481008353e-07,4.527347205781899,,,,,4.527347205781899,4.527357406473971,2.2531253109135384e-06,,,
A-Ra1e5-fine,7403,1.01757694361397e-06,1.316714901116465e-06,8.387962643828797e-07,8.860773806572093e-07,4.527353329131872,,,,,4.527353329131872,4.5273635246116335,2.2519709730208407e-06,,,
A-Ra1e5-fine,7404,1.021205289135142e-06,1.321467654261424e-06,8.364097088465553e-07,8.841003196872836e-07,4.527359437927773,,,,,4.527359437927773,4.527369628197949,2.2508172473646135e-06,,,
A-Ra1e5-fine,7405,1.024830478459636e-06,1.326202437785665e-06,8.34020238406257e-07,8.821201861720309e-07,4.527365532140152,,,,,4.527365532140152,4.52737571719847,2.2496630300436986e-06,,,
A-Ra1e5-fine,7406,1.028445258083643e-06,1.330923003942962e-06,8.316273762457389e-07,8.801381370023556e-07,4.527371611732066,,,,,4.527371611732066,4.5273817915789785,2.24850892314143e-06,,,
A-Ra1e5-fine,7407,1.032051169460989e-06,1.335624771696713e-06,8.292309705062067e-07,8.781531105730985e-07,4.527377676671335,,,,,4.527377676671335,4.527387851306504,2.247354751866667e-06,,,
A-Ra1e5-fine,7408,1.035652755657528e-06,1.340306943199907e-06,8.268307892343829e-07,8.761651021389669e-07,4.527383726923063,,,,,4.527383726923063,4.527393896345577,2.246200390082847e-06,,,
A-Ra1e5-fine,7409,1.03924459005729e-06,1.344971026470556e-06,8.244269650585181e-07,8.741723622295867e-07,4.527389762453481,,,,,4.527389762453481,4.52739992666311,2.2450459872842416e-06,,,
A-Ra1e5-fine,7410,1.042830689526058e-06,1.34961618659786e-06,8.22021072896686e-07,8.721767532988853e-07,4.527395783230302,,,,,4.527395783230302,4.527405942226599,2.243891496392985e-06,,,
A-Ra1e5-fine,7411,1.04641311350377e-06,1.354242063597379e-06,8.196123476425462e-07,8.701772592482911e-07,4.527401789218743,,,,,4.527401789218743,4.527411943002723,2.2427372401281096e-06,,,
A-Ra1e5-fine,7412,1.049985836621156e-06,1.358850354634923e-06,8.172010967497662e-07,8.681749216388205e-07,4.527407780386853,,,,,4.527407780386853,4.527417928956927,2.2415826433001843e-06,,,
A-Ra1e5-fine,7413,1.053550642617908e-06,1.363437751619949e-06,8.147874048065017e-07,8.661695144161066e-07,4.527413756701663,,,,,4.527413756701663,4.527423900059194,2.2404283578131627e-06,,,
A-Ra1e5-fine,7414,1.057108869958026e-06,1.368007023527635e-06,8.123704729135966e-07,8.64161106087915e-07,4.527419718130886,,,,,4.527419718130886,4.527429856274059,2.2392736819446493e-06,,,
A-Ra1e5-fine,7415,1.060656213595899e-06,1.372558229667629e-06,8.099499614827595e-07,8.621505539705202e-07,4.527425664643149,,,,,4.527425664643149,4.527435797572529,2.2381191410621024e-06,,,
A-Ra1e5-fine,7416,1.064196995621152e-06,1.377090623121422e-06,8.07526621440338e-07,8.601365592301866e-07,4.527431596206042,,,,,4.527431596206042,4.527441723919925,2.2369642347229197e-06,,,
A-Ra1e5-fine,7417,1.067731060927692e-06,1.38160320846811e-06,8.051010850494767e-07,8.581193672447415e-07,4.527437512785695,,,,,4.527437512785695,4.527447635285332,2.235809614828029e-06,,,
A-Ra1e5-fine,7418,1.071257087944969e-06,1.386098324204571e-06,8.02672556779844e-07,8.560994662798494e-07,4.527443414353342,,,,,4.527443414353342,4.527453531637707,2.2346547785795607e-06,,,
A-Ra1e5-fine,7419,1.074772334344705e-06,1.390573740621033e-06,8.00241426317453e-07,8.540762778175061e-07,4.527449300875218,,,,,4.527449300875218,4.527459412945565,2.233500229959415e-06,,,
A-Ra1e5-fine,7420,1.078278762721522e-06,1.395028110209011e-06,7.978074262434709e-07,8.52049795554033e-07,4.527455172321198,,,,,4.527455172321198,4.527465279177865,2.2323457663203724e-06,,,
A-Ra1e5-fine,7421,1.08177216440786e-06,1.399460973280644e-06,7.953720685281293e-07,8.500204637487633e-07,4.527461028662747,,,,,4.527461028662747,4.527471130301413,2.2311903587247064e-06,,,
A-Ra1e5-fine,7422,1.085261215848539e-06,1.403874232814415e-06,7.929345766089876e-07,8.479884574452461e-07,4.527466869865063,,,,,4.527466869865063,4.527476966288465,2.230035566185478e-06,,,
A-Ra1e5-fine,7423,1.088739984968112e-06,1.408269178780639e-06,7.904940128608935e-07,8.459529956683289e-07,4.527472695899744,,,,,4.527472695899744,4.527482787107536,2.228880707387328e-06,,,
A-Ra1e5-fine,7424,1.09220823347559e-06,1.412647901786396e-06,7.880508545565264e-07,8.439152113505203e-07,4.527478506737224,,,,,4.527478506737224,4.527488592728607,2.2277256828729133e-06,,,
A-Ra1e5-fine,7425,1.095667020453551e-06,1.417006799454994e-06,7.856050904316436e-07,8.418754989279736e-07,4.527484302347031,,,,,4.527484302347031,4.527494383120417,2.226570318051024e-06,,,
A-Ra1e5-fine,7426,1.099118033206709e-06,1.42134415961951e-06,7.83156647479824e-07,8.398331126827643e-07,4.527490082696656,,,,,4.527490082696656,4.527500158254317,2.2254154655000717e-06,,,
A-Ra1e5-fine,7427,1.102556406342314e-06,1.425660777906165e-06,7.807052555157804e-07,8.377888981247375e-07,4.52749584776109,,,,,4.52749584776109,4.527505918101429,2.2242602706852663e-06,,,
A-Ra1e5-fine,7428,1.105985823539288e-06,1.429957905702579e-06,7.782515158253195e-07,8.357436335333333e-07,4.527501597509515,,,,,4.527501597509515,4.527511662630833,2.223104711051379e-06,,,
A-Ra1e5-fine,7429,1.109403965995961e-06,1.434234407689661e-06,7.757955615626276e-07,8.336961381864943e-07,4.5275073319087396,,,,,4.5275073319087396,4.527517391814106,2.2219498396631e-06,,,
A-Ra1e5-fine,7430,1.112812945807871e-06,1.438494170119296e-06,7.73336510474863e-07,8.316447931918345e-07,4.527513050935795,,,,,4.527513050935795,4.52752310562214,2.220794300764772e-06,,,
A-Ra1e5-fine,7431,1.11621123692825e-06,1.442734815161662e-06,7.708743128813786e-07,8.295918824722378e-07,4.527518754557265,,,,,4.527518754557265,4.52752880402777,2.2196394750283507e-06,,,
A-Ra1e5-fine,7432,1.119599717071202e-06,1.446954904427166e-06,7.684099850213451e-07,8.275368852393822e-07,4.527524442748586,,,,,4.527524442748586,4.527534486999503,2.2184838321085797e-06,,,
A-Ra1e5-fine,7433,1.122977166793823e-06,1.451153870876046e-06,7.659442414855699e-07,8.254789127693098e-07,4.527530115478836,,,,,4.527530115478836,4.52754015451176,2.2173285517926804e-06,,,
A-Ra1e5-fine,7434,1.126342060566098e-06,1.455332557259563e-06,7.634767913545134e-07,8.234195437861478e-07,4.527535772720514,,,,,4.527535772720514,4.527545806534638,2.216173103827581e-06,,,
A-Ra1e5-fine,7435,1.129695663508036e-06,1.459493437730005e-06,7.610073047169163e-07,8.213588542244423e-07,4.527541414446319,,,,,4.527541414446319,4.527551443041992,2.215017743238891e-06,,,
A-Ra1e5-fine,7436,1.133037632924869e-06,1.463634548312381e-06,7.585362823799165e-07,8.19294366620675e-07,4.527547040627726,,,,,4.527547040627726,4.5275570640064196,2.2138627181855144e-06,,,
A-Ra1e5-fine,7437,1.136368986637571e-06,1.467757267481428e-06,7.560643378915385e-07,8.17226808316952e-07,4.527552651239606,,,,,4.527552651239606,4.527562669397005,2.2127067506097537e-06,,,
A-Ra1e5-fine,7438,1.139688896472474e-06,1.471859795074607e-06,7.535895900292761e-07,8.15156940932307e-07,4.52755824625342,,,,,4.52755824625342,4.527568259191458,2.211551220581394e-06,,,
A-Ra1e5-fine,7439,1.142997940080661e-06,1.475940955486944e-06,7.511126465738798e-07,8.130848944871179e-07,4.527563825640528,,,,,4.527563825640528,4.527573833358748,2.2103956000086797e-06,,,
A-Ra1e5-fine,7440,1.146294887649139e-06,1.480001217836843e-06,7.486329568187275e-07,8.110099947613395e-07,4.527569389376939,,,,,4.527569389376939,4.527579391876363,2.209240215712073e-06,,,
A-Ra1e5-fine,7441,1.149578024143549e-06,1.48404273681297e-06,7.461500452357437e-07,8.089335854505112e-07,4.527574937434909,,,,,4.527574937434909,4.527584934714401,2.2080845911942054e-06,,,
A-Ra1e5-fine,7442,1.152849751286855e-06,1.48806568689264e-06,7.43664279135901e-07,8.068559227454999e-07,4.527580469786928,,,,,4.527580469786928,4.52759046184683,2.20692905249227e-06,,,
A-Ra1e5-fine,7443,1.156111370311459e-06,1.492069222045318e-06,7.411775294536627e-07,8.047753211124381e-07,4.527585986411282,,,,,4.527585986411282,4.5275959732496665,2.2057730985863714e-06,,,
A-Ra1e5-fine,7444,1.159360860390117e-06,1.496052757626425e-06,7.386897262433032e-07,8.026940118428527e-07,4.527591487276711,,,,,4.527591487276711,4.527601468896186,2.2046177311239134e-06,,,
A-Ra1e5-fine,7445,1.162596282108508e-06,1.500015111769919e-06,7.362003558849512e-07,8.006105364675617e-07,4.527596972360929,,,,,4.527596972360929,4.527606948759219,2.203461871757765e-06,,,
A-Ra1e5-fine,7446,1.165819051356312e-06,1.50395559105256e-06,7.337096033056614e-07,7.985257221805871e-07,4.527602441637327,,,,,4.527602441637327,4.527612412816373,2.202306451313754e-06,,,
A-Ra1e5-fine,7447,1.16902977067798e-06,1.507874886044328e-06,7.312174950576126e-07,7.964374203754297e-07,4.527607895083635,,,,,4.527607895083635,4.527617861040472,2.2011503865436118e-06,,,
A-Ra1e5-fine,7448,1.172227536856343e-06,1.511776045132534e-06,7.287233348600656e-07,7.943468807750975e-07,4.527613332669374,,,,,4.527613332669374,4.5276232934060525,2.199994785217552e-06,,,
A-Ra1e5-fine,7449,1.175414736602693e-06,1.515655972120846e-06,7.262269836134944e-07,7.922544225987745e-07,4.52761875437307,,,,,4.52761875437307,4.527628709888678,2.198838992913864e-06,,,
A-Ra1e5-fine,7450,1.178587611619956e-06,1.519516834089473e-06,7.237285431892142e-07,7.90160889230452e-07,4.527624160172196,,,,,4.527624160172196,4.527634110466625,2.1976831873605098e-06,,,
A-Ra1e5-fine,7451,1.181746472330826e-06,1.523357780443708e-06,7.212282117711378e-07,7.88063921221137e-07,4.527629550038682,,,,,4.527629550038682,4.527639495113636,2.1965277683495544e-06,,,
A-Ra1e5-fine,7452,1.184892346190535e-06,1.527177403493483e-06,7.187257103520063e-07,7.85964948963539e-07,4.527634923950472,,,,,4.527634923950472,4.527644863803902,2.1953719074612294e-06,,,
A-Ra1e5-fine,7453,1.188026849086254e-06,1.530976621034223e-06,7.162217179332555e-07,7.838647331238529e-07,4.527640281883124,,,,,4.527640281883124,4.527650216514351,2.194215906991051e-06,,,
A-Ra1e5-fine,7454,1.191149349478543e-06,1.53475380533922e-06,7.137183744894054e-07,7.817631962398933e-07,4.5276456238151495,,,,,4.5276456238151495,4.5276555532236,2.1930597902816053e-06,,,
A-Ra1e5-fine,7455,1.194257152837267e-06,1.538511676824278e-06,7.112142416514182e-07,7.796602358981607e-07,4.527650949719832,,,,,4.527650949719832,4.527660873906871,2.191903985763079e-06,,,
A-Ra1e5-fine,7456,1.197349975676563e-06,1.542248533862107e-06,7.087082265089526e-07,7.775558580959581e-07,4.527656259574996,,,,,4.527656259574996,4.527666178541655,2.1907484194778897e-06,,,
A-Ra1e5-fine,7457,1.200427967158145e-06,1.545965687576195e-06,7.061995149696086e-07,7.754494942173765e-07,4.527661553358828,,,,,4.527661553358828,4.5276714671035085,2.189592510377663e-06,,,
A-Ra1e5-fine,7458,1.203493162288765e-06,1.549662946510167e-06,7.036887567394964e-07,7.733423728718012e-07,4.527666831046076,,,,,4.527666831046076,4.527676739571053,2.1884371143378605e-06,,,
A-Ra1e5-fine,7459,1.206547384456272e-06,1.553338797325565e-06,7.011761385452792e-07,7.712330493651071e-07,4.527672092618908,,,,,4.527672092618908,4.5276819959195125,2.187280697725202e-06,,,
A-Ra1e5-fine,7460,1.209586182747402e-06,1.556992175191607e-06,6.986616124647865e-07,7.691220832631043e-07,4.527677338050582,,,,,4.527677338050582,4.527687236129444,2.1861248724400554e-06,,,
A-Ra1e5-fine,7461,1.212611981438894e-06,1.560623892205649e-06,6.961455792351177e-07,7.670099390361491e-07,4.527682567320768,,,,,4.527682567320768,4.527692460178105,2.1849691054953346e-06,,,
A-Ra1e5-fine,7462,1.215624466349499e-06,1.564236365087795e-06,6.936284653079822e-07,7.648952684487112e-07,4.527687780407748,,,,,4.527687780407748,4.527697668043221,2.1838132740892856e-06,,,
A-Ra1e5-fine,7463,1.218621694479053e-06,1.567828943929164e-06,6.911123195560827e-07,7.627806221718696e-07,4.527692977288211,,,,,4.527692977288211,4.527702859701143,2.182657303874308e-06,,,
A-Ra1e5-fine,7464,1.221605754221903e-06,1.571400952992121e-06,6.885967182924981e-07,7.606650512301478e-07,4.527698157942384,,,,,4.527698157942384,4.527708035133787,2.181501567757898e-06,,,
A-Ra1e5-fine,7465,1.224575591516403e-06,1.574953822834252e-06,6.860790641537021e-07,7.585484178977122e-07,4.527703322349453,,,,,4.527703322349453,4.52771319431888,2.1803457432417484e-06,,,
A-Ra1e5-fine,7466,1.227530681758206e-06,1.578485056248476e-06,6.835596454553527e-07,7.564302001201321e-07,4.527708470486458,,,,,4.527708470486458,4.527718337234707,2.179190105151488e-06,,,
A-Ra1e5-fine,7467,1.230469819768137e-06,1.581993785702327e-06,6.810383559473243e-07,7.543102571637708e-07,4.527713602334646,,,,,4.527713602334646,4.527723463859436,2.178033974165526e-06,,,
A-Ra1e5-fine,7468,1.233395474843611e-06,1.585481078225973e-06,6.785158350620909e-07,7.521893560290624e-07,4.527718717872516,,,,,4.527718717872516,4.527728574175785,2.1768782812788616e-06,,,
A-Ra1e5-fine,7469,1.236306987524669e-06,1.588947247088098e-06,6.759916794050047e-07,7.500688952281087e-07,4.527723817080757,,,,,4.527723817080757,4.527733668159432,2.1757219205140817e-06,,,
A-Ra1e5-fine,7470,1.239203511943819e-06,1.592392823090932e-06,6.734662485296146e-07,7.479460190525861e-07,4.527728899935824,,,,,4.527728899935824,4.527738745794228,2.1745665247396737e-06,,,
A-Ra1e5-fine,7471,1.242086656039386e-06,1.595817149735708e-06,6.709396661946656e-07,7.458234774991627e-07,4.5277339664220335,,,,,4.5277339664220335,4.5277438070573215,2.1734105111035006e-06,,,
A-Ra1e5-fine,7472,1.244954688452912e-06,1.599221109953131e-06,6.684117407336003e-07,7.43698722947199e-07,4.527739016516534,,,,,4.527739016516534,4.527748851931438,2.1722551113157847e-06,,,
A-Ra1e5-fine,7473,1.247807626019639e-06,1.602604159009396e-06,6.658844492444476e-07,7.415723339536474e-07,4.527744050202386,,,,,4.527744050202386,4.527753880392698,2.1710987927474343e-06,,,
A-Ra1e5-fine,7474,1.25064468009237e-06,1.605965430177435e-06,6.633575260585893e-07,7.394466734731887e-07,4.527749067458559,,,,,4.527749067458559,4.5277588924276895,2.169943237692246e-06,,,
A-Ra1e5-fine,7475,1.253468293822301e-06,1.60930437943909e-06,6.608295568521193e-07,7.37319265087338e-07,4.527754068266176,,,,,4.527754068266176,4.5277638880136735,2.168787593424861e-06,,,
A-Ra1e5-fine,7476,1.256277467612004e-06,1.61262214853596e-06,6.583002840622286e-07,7.351918353367389e-07,4.527759052607163,,,,,4.527759052607163,4.527768867131431,2.167631606892019e-06,,,
A-Ra1e5-fine,7477,1.259072040179906e-06,1.615918908811637e-06,6.557699893599852e-07,7.330627945884734e-07,4.527764020462999,,,,,4.527764020462999,4.527773829764488,2.166475730441308e-06,,,
A-Ra1e5-fine,7478,1.261851957242966e-06,1.619194947297973e-06,6.532389142754184e-07,7.309334870888042e-07,4.52776897181434,,,,,4.52776897181434,4.527778775894195,2.1653201170753998e-06,,,
A-Ra1e5-fine,7479,1.264616635140649e-06,1.622449771538253e-06,6.507068996140092e-07,7.28802818441962e-07,4.5277739066415315,,,,,4.5277739066415315,4.5277837055016805,2.1641649401972624e-06,,,
A-Ra1e5-fine,7480,1.267365091177691e-06,1.625683930313083e-06,6.481744437651744e-07,7.266710649813143e-07,4.52777882493092,,,,,4.52777882493092,4.527788618566253,2.1630086450222242e-06,,,
A-Ra1e5-fine,7481,1.27009622976214e-06,1.628896755930612e-06,6.45640599801268e-07,7.245392717900151e-07,4.527783726662162,,,,,4.527783726662162,4.527793515075292,2.1618529373707047e-06,,,
A-Ra1e5-fine,7482,1.272812689247788e-06,1.632087806564221e-06,6.431064212715107e-07,7.224066944764456e-07,4.527788611816392,,,,,4.527788611816392,4.527798395007768,2.160697339192247e-06,,,
A-Ra1e5-fine,7483,1.275514410895504e-06,1.635256855010214e-06,6.405722126305784e-07,7.202730179396759e-07,4.527793480378594,,,,,4.527793480378594,4.527803258348219,2.159541752400468e-06,,,
A-Ra1e5-fine,7484,1.278203164785337e-06,1.638404506727595e-06,6.380372946371906e-07,7.181394424755629e-07,4.52779833233069,,,,,4.52779833233069,4.527808105078795,2.1583862268160847e-06,,,
A-Ra1e5-fine,7485,1.2808784345734e-06,1.641531266392732e-06,6.355018762670143e-07,7.160059759667479e-07,4.527803167656429,,,,,4.527803167656429,4.5278129351806236,2.1572301837602093e-06,,,
A-Ra1e5-fine,7486,1.283537030529949e-06,1.644637149038689e-06,6.3296649272858e-07,7.138715063754855e-07,4.527807986336827,,,,,4.527807986336827,4.527817748641203,2.1560750548092078e-06,,,
A-Ra1e5-fine,7487,1.28617734711993e-06,1.647721700433947e-06,6.304309694156949e-07,7.117364698245297e-07,4.527812788358119,,,,,4.527812788358119,4.52782254543995,2.1549193338362253e-06,,,
A-Ra1e5-fine,7488,1.288800993737417e-06,1.650785497584249e-06,6.278950692061686e-07,7.096024553681836e-07,4.527817573703375,,,,,4.527817573703375,4.527827325563227,2.1537637485918853e-06,,,
A-Ra1e5-fine,7489,1.29141048276283e-06,1.653827842167398e-06,6.253581487603564e-07,7.074659762632328e-07,4.527822342355421,,,,,4.527822342355421,4.527832088994433,2.1526084252018767e-06,,,
A-Ra1e5-fine,7490,1.294004153384942e-06,1.656848392647533e-06,6.228206950800051e-07,7.053303316570988e-07,4.527827094298458,,,,,4.527827094298458,4.5278368357156085,2.1514528864039234e-06,,,
A-Ra1e5-fine,7491,1.296581886668503e-06,1.659847497600977e-06,6.202831540581887e-07,7.031929698333868e-07,4.527831829518502,,,,,4.527831829518502,4.527841565714812,2.1502975837513566e-06,,,
A-Ra1e5-fine,7492,1.299145776888347e-06,1.662825681791945e-06,6.177459589449907e-07,7.010548407639334e-07,4.527836547999754,,,,,4.527836547999754,4.527846278973971,2.1491420146784235e-06,,,
A-Ra1e5-fine,7493,1.301693544475193e-06,1.665783140503953e-06,6.152086100458813e-07,6.989153602170552e-07,4.527841249725267,,,,,4.527841249725267,4.527850975478759,2.1479867580461943e-06,,,
A-Ra1e5-fine,7494,1.304225833560627e-06,1.668720240884656e-06,6.126705897972817e-07,6.967774684071079e-07,4.527845934682091,,,,,4.527845934682091,4.527855655214625,2.1468314603689774e-06,,,
A-Ra1e5-fine,7495,1.306740964158912e-06,1.671635632016552e-06,6.101327230373148e-07,6.946422896810134e-07,4.527850602854984,,,,,4.527850602854984,4.527860318165086,2.145675847411665e-06,,,
A-Ra1e5-fine,7496,1.309240099443764e-06,1.674529428475028e-06,6.07594450573395e-07,6.925090855601118e-07,4.527855254225985,,,,,4.527855254225985,4.527864964316951,2.1445209727372632e-06,,,
A-Ra1e5-fine,7497,1.311722477934837e-06,1.677402700464186e-06,6.050565493799728e-07,6.903777214850797e-07,4.527859888786112,,,,,4.527859888786112,4.527869593655671,2.1433656070119135e-06,,,
A-Ra1e5-fine,7498,1.314189015599608e-06,1.680253918478906e-06,6.025184016137156e-07,6.882479878394914e-07,4.5278645065195615,,,,,4.5278645065195615,4.527874206167374,2.1422101762867474e-06,,,
A-Ra1e5-fine,7499,1.316640649798698e-06,1.683083850585896e-06,5.99980231628179e-07,6.861204512377294e-07,4.527869107409743,,,,,4.527869107409743,4.527878801837735,2.1410551815437647e-06,,,
A-Ra1e5-fine,7500,1.319077579790782e-06,1.685892578077956e-06,5.974424783471501e-07,6.839964707612997e-07,4.527873691444482,,,,,4.527873691444482,4.527883380651978,2.1399000478367837e-06,,,
A-Ra1e5-fine,7501,1.321498037422449e-06,1.688679246605399e-06,5.949052809760263e-07,6.818756286437506e-07,4.527878258612757,,,,,4.527878258612757,4.527887942599865,2.1387449481692964e-06,,,
A-Ra1e5-fine,7502,1.323900966290509e-06,1.691444615116485e-06,5.923680304720354e-07,6.79757316740122e-07,4.5278828088962655,,,,,4.5278828088962655,4.52789248766435,2.137590160491595e-06,,,
A-Ra1e5-fine,7503,1.326286683467012e-06,1.694188163754867e-06,5.898306687641082e-07,6.776401140379576e-07,4.527887342286705,,,,,4.527887342286705,4.5278970158344,2.136435081022678e-06,,,
A-Ra1e5-fine,7504,1.328657013178737e-06,1.696910095810853e-06,5.872933339509209e-07,6.755269377398682e-07,4.527891858768729,,,,,4.527891858768729,4.527901527094902,2.135279761935425e-06,,,
A-Ra1e5-fine,7505,1.331011096188633e-06,1.699611175753239e-06,5.847564388803893e-07,6.734146900081144e-07,4.527896358329373,,,,,4.527896358329373,4.527906021438232,2.1341253825168917e-06,,,
A-Ra1e5-fine,7506,1.333349010148346e-06,1.702290846533667e-06,5.822194447222704e-07,6.713062135189012e-07,4.527900840957956,,,,,4.527900840957956,4.527910498845521,2.132970134194776e-06,,,
A-Ra1e5-fine,7507,1.335671384097255e-06,1.704948506320812e-06,5.79683096030845e-07,6.691978499598154e-07,4.52790530664072,,,,,4.52790530664072,4.527914959309375,2.131815422816384e-06,,,
A-Ra1e5-fine,7508,1.337978514833222e-06,1.70758437627266e-06,5.771468387420679e-07,6.670952009458508e-07,4.527909755365502,,,,,4.527909755365502,4.5279194028153595,2.13066074660592e-06,,,
A-Ra1e5-fine,7509,1.340268058857428e-06,1.710198511213748e-06,5.746111853396457e-07,6.649965760085672e-07,4.52791418712025,,,,,4.52791418712025,4.527923829351769,2.12950618186057e-06,,,
A-Ra1e5-fine,7510,1.342540404254631e-06,1.712790532011266e-06,5.72076284823416e-07,6.629020587588474e-07,4.527918601895408,,,,,4.527918601895408,4.527928238908476,2.128351602639633e-06,,,
A-Ra1e5-fine,7511,1.344797205741973e-06,1.715361163498011e-06,5.695422565294395e-07,6.608094997022216e-07,4.5279229996774575,,,,,4.5279229996774575,4.527932631471848,2.1271969834363104e-06,,,
A-Ra1e5-fine,7512,1.347036925947309e-06,1.717910170226864e-06,5.670088708370333e-07,6.587204859759614e-07,4.527927380456158,,,,,4.527927380456158,4.527937007030847,2.1260421482913074e-06,,,
A-Ra1e5-fine,7513,1.349259359977084e-06,1.720437676010798e-06,5.644756450867118e-07,6.566325541147855e-07,4.52793174422027,,,,,4.52793174422027,4.52794136557809,2.1248879490987577e-06,,,
A-Ra1e5-fine,7514,1.351464599843063e-06,1.722944186847304e-06,5.619434532489181e-07,6.545473628142377e-07,4.527936090958751,,,,,4.527936090958751,4.5279457070975475,2.1237332842434675e-06,,,
A-Ra1e5-fine,7515,1.353655115574145e-06,1.725429832022803e-06,5.5941105805509e-07,6.524666886471563e-07,4.527940420661367,,,,,4.527940420661367,4.527950031582851,2.122579007383553e-06,,,
A-Ra1e5-fine,7516,1.355831342686361e-06,1.72789367041918e-06,5.568786199142125e-07,6.503866365774202e-07,4.52794473331892,,,,,4.52794473331892,4.527954339020585,2.1214241873639814e-06,,,
A-Ra1e5-fine,7517,1.357991180611838e-06,1.730335716055819e-06,5.543477856121574e-07,6.483080911765665e-07,4.527949028918106,,,,,4.527949028918106,4.527958629403021,2.12027005524369e-06,,,
A-Ra1e5-fine,7518,1.36013341852624e-06,1.732755911564399e-06,5.518179064756417e-07,6.462332763861301e-07,4.527953307449819,,,,,4.527953307449819,4.527962902717082,2.119115734007027e-06,,,
A-Ra1e5-fine,7519,1.362259135431144e-06,1.735153965281581e-06,5.492890103288456e-07,6.441631897941102e-07,4.52795756890623,,,,,4.52795756890623,4.527967158956404,2.1179615471029177e-06,,,
A-Ra1e5-fine,7520,1.364367100353439e-06,1.737530294926494e-06,5.467612343654117e-07,6.420960577387393e-07,4.527961813276764,,,,,4.527961813276764,4.5279713981098455,2.116807369965262e-06,,,
A-Ra1e5-fine,7521,1.366457415967475e-06,1.739885281130487e-06,5.442341424589509e-07,6.400326770036526e-07,4.527966040550042,,,,,4.527966040550042,4.527975620166718,2.1156533544091164e-06,,,
A-Ra1e5-fine,7522,1.368530243199345e-06,1.74221856453217e-06,5.41707813678957e-07,6.379736002131161e-07,4.527970250720501,,,,,4.527970250720501,4.527979825120542,2.1144992983856025e-06,,,
A-Ra1e5-fine,7523,1.370587093314133e-06,1.74453068717833e-06,5.391833494277317e-07,6.359171448021679e-07,4.527974443776656,,,,,4.527974443776656,4.52798401296143,2.1133455547666707e-06,,,
A-Ra1e5-fine,7524,1.372627766907814e-06,1.746822555774808e-06,5.366591834363378e-07,6.338624002078942e-07,4.5279786197114635,,,,,4.5279786197114635,4.527988183679486,2.112191493302101e-06,,,
A-Ra1e5-fine,7525,1.374652199526907e-06,1.749093296135118e-06,5.341349314219776e-07,6.318106891276865e-07,4.5279827785130955,,,,,4.5279827785130955,4.527992337266755,2.111037969407598e-06,,,
A-Ra1e5-fine,7526,1.376660657934057e-06,1.751342277746834e-06,5.316123084247613e-07,6.297623422606705e-07,4.527986920176777,,,,,4.527986920176777,4.527996473715282,2.1098842808443958e-06,,,
A-Ra1e5-fine,7527,1.378651906961584e-06,1.753569778063671e-06,5.290914623386438e-07,6.277186925822736e-07,4.527991044692615,,,,,4.527991044692615,4.528000593017554,2.1087309530968732e-06,,,
A-Ra1e5-fine,7528,1.380625634628843e-06,1.755776091987938e-06,5.265718932467759e-07,6.256769745446091e-07,4.527995152055159,,,,,4.527995152055159,4.528004695163807,2.1075770336380326e-06,,,
A-Ra1e5-fine,7529,1.382583620813314e-06,1.757961092562774e-06,5.240534289381574e-07,6.236377105616008e-07,4.527999242251439,,,,,4.527999242251439,4.5280087801459565,2.1064236016912443e-06,,,
A-Ra1e5-fine,7530,1.384525688013324e-06,1.760124579038961e-06,5.215363630690174e-07,6.216035558851478e-07,4.528003315278513,,,,,4.528003315278513,4.528012847960599,2.1052705548521347e-06,,,
A-Ra1e5-fine,7531,1.386449956841649e-06,1.762266474544696e-06,5.190203908548963e-07,6.195764737335319e-07,4.528007371127956,,,,,4.528007371127956,4.528016898594548,2.104116841737106e-06,,,
A-Ra1e5-fine,7532,1.388356974519794e-06,1.764386126450797e-06,5.165064888983875e-07,6.175525841910257e-07,4.528011409791477,,,,,4.528011409791477,4.5280209320460925,2.1029639152333543e-06,,,
A-Ra1e5-fine,7533,1.390246285785483e-06,1.766484798944829e-06,5.139930425155941e-07,6.15534045004427e-07,4.528015431263956,,,,,4.528015431263956,4.528024948305459,2.1018107482793116e-06,,,
A-Ra1e5-fine,7534,1.392119323034327e-06,1.768562919672627e-06,5.114812581759683e-07,6.135195687868747e-07,4.528019435536747,,,,,4.528019435536747,4.528028947365491,2.100657669223643e-06,,,
A-Ra1e5-fine,7535,1.393977223402516e-06,1.77061920041225e-06,5.089709521082736e-07,6.115068891873845e-07,4.528023422602586,,,,,4.528023422602586,4.528032929220491,2.099505024262949e-06,,,
A-Ra1e5-fine,7536,1.395818057404641e-06,1.772653495484257e-06,5.064624094700221e-07,6.094967547355763e-07,4.528027392459536,,,,,4.528027392459536,4.528036893863416,2.0983516857124357e-06,,,
A-Ra1e5-fine,7537,1.397642388900038e-06,1.774666215443223e-06,5.03955511167376e-07,6.074891952198735e-07,4.528031345097704,,,,,4.528031345097704,4.528040841291545,2.0971992372861774e-06,,,
A-Ra1e5-fine,7538,1.399449172469847e-06,1.776657406632314e-06,5.014500194545967e-07,6.054875006868668e-07,4.528035280511972,,,,,4.528035280511972,4.528044771493388,2.0960462719832563e-06,,,
A-Ra1e5-fine,7539,1.40123876615741e-06,1.77862686225385e-06,4.989458432935418e-07,6.034886506021021e-07,4.528039198697339,,,,,4.528039198697339,4.5280486844674686,2.0948935681188396e-06,,,
A-Ra1e5-fine,7540,1.403010954955991e-06,1.780575130805301e-06,4.96443760602075e-07,6.01493702222223e-07,4.528043099646426,,,,,4.528043099646426,4.528052580206852,2.093741223953753e-06,,,
A-Ra1e5-fine,7541,1.404765570901617e-06,1.782501898129318e-06,4.939441056093413e-07,5.99504700102764e-07,4.528046983354105,,,,,4.528046983354105,4.528056458704829,2.0925888899369217e-06,,,
A-Ra1e5-fine,7542,1.406503593683512e-06,1.784407208103131e-06,4.914460568236643e-07,5.975180670756516e-07,4.528050849818902,,,,,4.528050849818902,4.528060319959358,2.0914364407160737e-06,,,
A-Ra1e5-fine,7543,1.408225829752161e-06,1.786290938558456e-06,4.889499212262229e-07,5.95538133147497e-07,4.5280546990320545,,,,,4.5280546990320545,4.528064163962357,2.090284026925351e-06,,,
A-Ra1e5-fine,7544,1.409931815531839e-06,1.788154115599411e-06,4.864554958021405e-07,5.935633430206982e-07,4.5280585309895995,,,,,4.5280585309895995,4.528067990712362,2.0891322001258055e-06,,,
A-Ra1e5-fine,7545,1.411621368189972e-06,1.789995790491528e-06,4.839632662845639e-07,5.915927620306301e-07,4.528062345686975,,,,,4.528062345686975,4.528071800201295,2.0879801839456885e-06,,,
A-Ra1e5-fine,7546,1.413293161356114e-06,1.791815874995616e-06,4.814724080006824e-07,5.896274640716179e-07,4.528066143122144,,,,,4.528066143122144,4.52807559242699,2.0868279499316076e-06,,,
A-Ra1e5-fine,7547,1.414948320295464e-06,1.79361445398533e-06,4.789827651748812e-07,5.876689723995821e-07,4.528069923286921,,,,,4.528069923286921,4.528079367385023,2.0856763285697375e-06,,,
A-Ra1e5-fine,7548,1.416586567464248e-06,1.795391062875218e-06,4.764954174363038e-07,5.857154779321648e-07,4.528073686180618,,,,,4.528073686180618,4.528083125069474,2.084524164724948e-06,,,
A-Ra1e5-fine,7549,1.4182070490043e-06,1.797146085298312e-06,4.740116989058688e-07,5.837643398771513e-07,4.528077431797103,,,,,4.528077431797103,4.528086865481942,2.083373165470495e-06,,,
A-Ra1e5-fine,7550,1.419810144998419e-06,1.798879919251295e-06,4.715310035656803e-07,5.81819517473065e-07,4.528081160135572,,,,,4.528081160135572,4.528090588611621,2.0822211219618224e-06,,,
A-Ra1e5-fine,7551,1.421396791900673e-06,1.800592322388908e-06,4.690520130694656e-07,5.798806997784745e-07,4.5280848711896615,,,,,4.5280848711896615,4.528094294460336,2.0810698424832805e-06,,,
A-Ra1e5-fine,7552,1.422966372606747e-06,1.80228307993971e-06,4.665753630250132e-07,5.779478172293518e-07,4.52808856495881,,,,,4.52808856495881,4.528097983023533,2.0799184453337577e-06,,,
A-Ra1e5-fine,7553,1.424519261235418e-06,1.803953107419149e-06,4.641005773911785e-07,5.760198088494368e-07,4.528092241439142,,,,,4.528092241439142,4.528101654297577,2.0787669840505602e-06,,,
A-Ra1e5-fine,7554,1.426055421006748e-06,1.805602290138634e-06,4.616275726560683e-07,5.74095542256502e-07,4.5280959006261154,,,,,4.5280959006261154,4.52810530828042,2.077616008621495e-06,,,
A-Ra1e5-fine,7555,1.427575345655876e-06,1.807230795367613e-06,4.591560541298881e-07,5.721745945027098e-07,4.528099542519047,,,,,4.528099542519047,4.5281089449684275,2.076464868018102e-06,,,
A-Ra1e5-fine,7556,1.429077876609073e-06,1.808838634813316e-06,4.566871877060773e-07,5.702593819037421e-07,4.528103167115319,,,,,4.528103167115319,4.528112564362504,2.0753143397578818e-06,,,
A-Ra1e5-fine,7557,1.430563227707184e-06,1.810424988081869e-06,4.542227382889005e-07,5.68350862119463e-07,4.528106774412776,,,,,4.528106774412776,4.528116166454584,2.0741631184659188e-06,,,
A-Ra1e5-fine,7558,1.432031228068047e-06,1.811989580370013e-06,4.517611734436279e-07,5.664517966078113e-07,4.528110364408464,,,,,4.528110364408464,4.528119751247506,2.0730124836007996e-06,,,
A-Ra1e5-fine,7559,1.433482362094356e-06,1.813532478195108e-06,4.493032356951902e-07,5.645590109538353e-07,4.528113937102149,,,,,4.528113937102149,4.5281233187384275,2.0718618590639114e-06,,,
A-Ra1e5-fine,7560,1.434916299782703e-06,1.815053941361276e-06,4.468476450648499e-07,5.626707000939049e-07,4.528117492490765,,,,,4.528117492490765,4.528126868925073,2.0707114194142562e-06,,,
A-Ra1e5-fine,7561,1.436333327788104e-06,1.816554321945104e-06,4.443937188992875e-07,5.607865341525053e-07,4.5281210305728345,,,,,4.5281210305728345,4.52813040180563,2.069561090495383e-06,,,
A-Ra1e5-fine,7562,1.43773372083713e-06,1.81803346942912e-06,4.419415151951271e-07,5.589077570640147e-07,4.528124551349264,,,,,4.528124551349264,4.528133917380435,2.0684107467595554e-06,,,
A-Ra1e5-fine,7563,1.439117523811263e-06,1.81949124078781e-06,4.394932013601077e-07,5.570349172207439e-07,4.528128054816195,,,,,4.528128054816195,4.528137415646985,2.0672606873188316e-06,,,
A-Ra1e5-fine,7564,1.440484648482022e-06,1.820928445390153e-06,4.370481122016e-07,5.551684829185809e-07,4.528131540974756,,,,,4.528131540974756,4.52814089660585,2.066110788586633e-06,,,
A-Ra1e5-fine,7565,1.441834604344806e-06,1.822345126191416e-06,4.346046268346197e-07,5.533046670390069e-07,4.528135009822219,,,,,4.528135009822219,4.528144360253512,2.0649608763727996e-06,,,
A-Ra1e5-fine,7566,1.443167752763775e-06,1.82374102109288e-06,4.321657682063912e-07,5.514455750155424e-07,4.528138461360525,,,,,4.528138461360525,4.528147806593825,2.0638113733580816e-06,,,
A-Ra1e5-fine,7567,1.444483643555797e-06,1.825116766949613e-06,4.297304061238973e-07,5.495923202280254e-07,4.528141895589102,,,,,4.528141895589102,4.528151235621341,2.0626612022951934e-06,,,
A-Ra1e5-fine,7568,1.445783724073337e-06,1.826471993873468e-06,4.272977869612944e-07,5.477440100462261e-07,4.528145312505902,,,,,4.528145312505902,4.528154647341509,2.0615120188399143e-06,,,
A-Ra1e5-fine,7569,1.447066497296743e-06,1.827806380503318e-06,4.248685086718212e-07,5.458985602449447e-07,4.528148712111715,,,,,4.528148712111715,4.528158041749111,2.060362496443564e-06,,,
A-Ra1e5-fine,7570,1.448331576285426e-06,1.829119811094656e-06,4.224435578192183e-07,5.440572793316925e-07,4.528152094407684,,,,,4.528152094407684,4.5281614188485735,2.059213360046916e-06,,,
A-Ra1e5-fine,7571,1.449579040749572e-06,1.830411883171235e-06,4.200219505342236e-07,5.422229459303684e-07,4.528155459395294,,,,,4.528155459395294,4.528164778639326,2.058064155558791e-06,,,
A-Ra1e5-fine,7572,1.450809375606999e-06,1.831683222124793e-06,4.176038982497254e-07,5.403976977222483e-07,4.528158807073511,,,,,4.528158807073511,4.528168121119779,2.0569147607681754e-06,,,
A-Ra1e5-fine,7573,1.452023376061672e-06,1.832933180978004e-06,4.151884169432397e-07,5.385798811554462e-07,4.528162137442454,,,,,4.528162137442454,4.528171446294596,2.055766178748047e-06,,,
A-Ra1e5-fine,7574,1.453220877506636e-06,1.83416174517156e-06,4.127752038454756e-07,5.36766518053972e-07,4.528165450502457,,,,,4.528165450502457,4.528174754160705,2.0546176574637156e-06,,,
A-Ra1e5-fine,7575,1.454401788986421e-06,1.835369614235666e-06,4.103677338916225e-07,5.349591555101071e-07,4.528168746260236,,,,,4.528168746260236,4.528178044723793,2.0534689697631935e-06,,,
A-Ra1e5-fine,7576,1.455565874248039e-06,1.83655680255796e-06,4.079657417919673e-07,5.33156000078622e-07,4.528172024712146,,,,,4.528172024712146,4.528181317979194,2.0523198900690113e-06,,,
A-Ra1e5-fine,7577,1.456713424351893e-06,1.837723289863218e-06,4.055666750470834e-07,5.313588963581522e-07,4.528175285861494,,,,,4.528175285861494,4.528184573934188,2.0511712957216167e-06,,,
A-Ra1e5-fine,7578,1.457844598514222e-06,1.838868933277465e-06,4.031709081022394e-07,5.295674557083962e-07,4.528178529709292,,,,,4.528178529709292,4.528187812588773,2.0500229629056416e-06,,,
A-Ra1e5-fine,7579,1.458958470306848e-06,1.839993576326669e-06,4.007786509474747e-07,5.277816622182915e-07,4.528181756257593,,,,,4.528181756257593,4.528191033944202,2.048874714880509e-06,,,
A-Ra1e5-fine,7580,1.460054880570102e-06,1.84109732012913e-06,3.983903874640056e-07,5.260010039918316e-07,4.528184965508672,,,,,4.528184965508672,4.528194238003652,2.0477267509142164e-06,,,
A-Ra1e5-fine,7581,1.46113422529205e-06,1.842180372235715e-06,3.960062335963128e-07,5.24226688512712e-07,4.528188157465478,,,,,4.528188157465478,4.5281974247691785,2.0465788732785954e-06,,,
A-Ra1e5-fine,7582,1.462196302568861e-06,1.84324230176432e-06,3.936258491936745e-07,5.224557983909517e-07,4.528191332130517,,,,,4.528191332130517,4.528200594242935,2.0454310044823837e-06,,,
A-Ra1e5-fine,7583,1.463242335722387e-06,1.844283277177513e-06,3.912499633098704e-07,5.206908833713534e-07,4.528194489504355,,,,,4.528194489504355,4.5282037464276526,2.0442836227103804e-06,,,
A-Ra1e5-fine,7584,1.464271376368159e-06,1.845303780672193e-06,3.888793116024718e-07,5.189338833960109e-07,4.52819762959382,,,,,4.52819762959382,4.528206881326176,2.0431358482416733e-06,,,
A-Ra1e5-fine,7585,1.465283434740834e-06,1.84630335724733e-06,3.865139835027875e-07,5.1718672849354e-07,4.528200752397195,,,,,4.528200752397195,4.528209998942929,2.04198903680776e-06,,,
A-Ra1e5-fine,7586,1.466278707104192e-06,1.847281848265176e-06,3.841545594056503e-07,5.154461539950807e-07,4.528203857923025,,,,,4.528203857923025,4.528213099278491,2.0408414299654577e-06,,,
A-Ra1e5-fine,7587,1.467257059902152e-06,1.848239815085346e-06,3.817990951969588e-07,5.137104666758528e-07,4.528206946170598,,,,,4.528206946170598,4.5282161823400235,2.0396947657277124e-06,,,
A-Ra1e5-fine,7588,1.468218482323656e-06,1.849177532248475e-06,3.794476821432021e-07,5.119810827363065e-07,4.528210017146879,,,,,4.528210017146879,4.5282192481264945,2.0385472783972265e-06,,,
A-Ra1e5-fine,7589,1.46916351161858e-06,1.850094396599648e-06,3.770985258445408e-07,5.102574417003888e-07,4.528213070850255,,,,,4.528213070850255,4.528222296646324,2.037401183789026e-06,,,
A-Ra1e5-fine,7590,1.470092463226592e-06,1.850991762556631e-06,3.747529200655476e-07,5.085417453245669e-07,4.5282161072912,,,,,4.5282161072912,4.5282253279004205,2.036254369033124e-06,,,
A-Ra1e5-fine,7591,1.471004523679435e-06,1.851868646841771e-06,3.724161640194207e-07,5.068321515134104e-07,4.528219126469709,,,,,4.528219126469709,4.528228341892991,2.0351077646182845e-06,,,
A-Ra1e5-fine,7592,1.47189954336616e-06,1.852724762582339e-06,3.700859247778894e-07,5.051324064915228e-07,4.5282221283929385,,,,,4.5282221283929385,4.5282313386308495,2.0339612950129137e-06,,,
A-Ra1e5-fine,7593,1.472777498611627e-06,1.853560171403046e-06,3.677612434540655e-07,5.034399628103246e-07,4.528225113061811,,,,,4.528225113061811,4.528234318116166,2.0328152351947665e-06,,,
A-Ra1e5-fine,7594,1.473638917951347e-06,1.85437472977785e-06,3.654408155079958e-07,5.017536350104962e-07,4.5282280804846105,,,,,4.5282280804846105,4.528237280354962,2.0316690861604618e-06,,,
A-Ra1e5-fine,7595,1.474484119083222e-06,1.855169086991658e-06,3.631240950102343e-07,5.000745654996436e-07,4.528231030663961,,,,,4.528231030663961,4.528240225351443,2.0305231964403637e-06,,,
A-Ra1e5-fine,7596,1.475312817510956e-06,1.855942988407639e-06,3.608145829006927e-07,4.984025332218151e-07,4.528233963606226,,,,,4.528233963606226,4.5282431531122045,2.0293776177994975e-06,,,
A-Ra1e5-fine,7597,1.476125238581971e-06,1.856696196508238e-06,3.585104691580251e-07,4.967391404987992e-07,4.528236879315727,,,,,4.528236879315727,4.528246063640429,2.0282320985722886e-06,,,
A-Ra1e5-fine,7598,1.476920524847326e-06,1.857428561167902e-06,3.562115439491629e-07,4.950848744127982e-07,4.528239777798375,,,,,4.528239777798375,4.528248956942708,2.0270867885951507e-06,,,
A-Ra1e5-fine,7599,1.477699297782129e-06,1.858140461557453e-06,3.539176660511852e-07,4.934408217635893e-07,4.528242659059859,,,,,4.528242659059859,4.5282518330235915,2.0259414369870012e-06,,,
A-Ra1e5-fine,7600,1.478461796675701e-06,1.858831990617933e-06,3.516310574539776e-07,4.918011447795378e-07,4.528245523104942,,,,,4.528245523104942,4.52825469188888,2.024796272433646e-06,,,
A-Ra1e5-fine,7601,1.479207487954459e-06,1.85950302232065e-06,3.49352498063741e-07,4.901710025179667e-07,4.528248369940911,,,,,4.528248369940911,4.52825753354789,2.0236517431013337e-06,,,
A-Ra1e5-fine,7602,1.479936171119351e-06,1.860153528641804e-06,3.47079765222219e-07,4.88548952144019e-07,4.528251199574017,,,,,4.528251199574017,4.528260358003012,2.0225069965433734e-06,,,
A-Ra1e5-fine,7603,1.480648667616959e-06,1.860783884297597e-06,3.448114305958601e-07,4.869315578400596e-07,4.528254012010166,,,,,4.528254012010166,4.528263165262094,2.021362461705027e-06,,,
A-Ra1e5-fine,7604,1.481344408172938e-06,1.861393984688658e-06,3.425502793417502e-07,4.85321975713657e-07,4.528256807255613,,,,,4.528256807255613,4.52826595532956,2.020217733931274e-06,,,
A-Ra1e5-fine,7605,1.482024193015792e-06,1.861983732174485e-06,3.402979606969664e-07,4.837187270163314e-07,4.528259585316622,,,,,4.528259585316622,4.5282687282152,2.0190735922780485e-06,,,
A-Ra1e5-fine,7606,1.482688033225483e-06,1.862553635061072e-06,3.380521518416132e-07,4.821233432787999e-07,4.528262346200109,,,,,4.528262346200109,4.52827148392537,2.01792991276723e-06,,,
A-Ra1e5-fine,7607,1.483335385433728e-06,1.863103509156065e-06,3.358109214517869e-07,4.805355989709544e-07,4.5282650899139325,,,,,4.5282650899139325,4.528274222464393,2.0167859147418753e-06,,,
A-Ra1e5-fine,7608,1.483965873195874e-06,1.863633109354084e-06,3.335778205475541e-07,4.789572030183263e-07,4.528267816465702,,,,,4.528267816465702,4.528276943843527,2.01564240373512e-06,,,
A-Ra1e5-fine,7609,1.484579872329558e-06,1.864142988614493e-06,3.313525187414337e-07,4.773885431832167e-07,4.528270525859173,,,,,4.528270525859173,4.5282796480651575,2.014499077282971e-06,,,
A-Ra1e5-fine,7610,1.485177560140798e-06,1.864633001376622e-06,3.291343475871275e-07,4.758282395424685e-07,4.528273218105714,,,,,4.528273218105714,4.528282335141557,2.013356135037819e-06,,,
A-Ra1e5-fine,7611,1.485759046918898e-06,1.86510308905304e-06,3.269248493948353e-07,4.742709676723928e-07,4.528275893214531,,,,,4.528275893214531,4.528285005077056,2.01221250036872e-06,,,
A-Ra1e5-fine,7612,1.486323924797308e-06,1.865553391120953e-06,3.247253836544656e-07,4.727250700474828e-07,4.528278551187554,,,,,4.528278551187554,4.528287657882563,2.0110701560424913e-06,,,
A-Ra1e5-fine,7613,1.486872332499194e-06,1.865983509224976e-06,3.225415989495562e-07,4.71187996352705e-07,4.528281192037751,,,,,4.528281192037751,4.52829029356376,2.0099274927102357e-06,,,
A-Ra1e5-fine,7614,1.487404017138893e-06,1.866393655200022e-06,3.203740229215027e-07,4.69657760087684e-07,4.528283815774219,,,,,4.528283815774219,4.528292912129746,2.0087845111400713e-06,,,
A-Ra1e5-fine,7615,1.487919182960308e-06,1.866784051319413e-06,3.182253728205309e-07,4.681399376077434e-07,4.528286422400014,,,,,4.528286422400014,4.528295513587912,2.007642168283722e-06,,,
A-Ra1e5-fine,7616,1.488418378315387e-06,1.86715486294091e-06,3.160970473419564e-07,4.666636804217965e-07,4.528289011927204,,,,,4.528289011927204,4.52829809795019,2.0065004345047138e-06,,,
A-Ra1e5-fine,7617,1.488900785306756e-06,1.867506507761781e-06,3.139884736849981e-07,4.652177921220135e-07,4.528291584366459,,,,,4.528291584366459,4.52830066522147,2.005358033308781e-06,,,
A-Ra1e5-fine,7618,1.48936742346014e-06,1.867838641299761e-06,3.118996546570355e-07,4.637995451584275e-07,4.52829413972154,,,,,4.52829413972154,4.5283032154123255,2.0042164688750852e-06,,,
A-Ra1e5-fine,7619,1.489818256257192e-06,1.868151835336284e-06,3.098331927424529e-07,4.624045884872902e-07,4.528296678006314,,,,,4.528296678006314,4.528305748530261,2.0030743362378274e-06,,,
A-Ra1e5-fine,7620,1.490252625933391e-06,1.868446067051472e-06,3.077874727133228e-07,4.610245457010432e-07,4.528299199224648,,,,,4.528299199224648,4.528308264588008,2.0019335930479383e-06,,,
A-Ra1e5-fine,7621,1.490670056999373e-06,1.868720655414444e-06,3.057623161163328e-07,4.596682090684614e-07,4.528301703395418,,,,,4.528301703395418,4.528310763591936,2.000791477056096e-06,,,
A-Ra1e5-fine,7622,1.491071058551115e-06,1.868975253242913e-06,3.037619521904778e-07,4.583198719311374e-07,4.5283041905158825,,,,,4.5283041905158825,4.528313245553411,1.9996511043117308e-06,,,
A-Ra1e5-fine,7623,1.491456099800874e-06,1.869210280059119e-06,3.017832727250778e-07,4.569956199570938e-07,4.528306660606514,,,,,4.528306660606514,4.5283157104817535,1.9985100114828427e-06,,,
A-Ra1e5-fine,7624,1.491824537520191e-06,1.869425406958894e-06,2.998278720393344e-07,4.5568145142409e-07,4.528309113670161,,,,,4.528309113670161,4.528318158384582,1.9973692522135527e-06,,,
A-Ra1e5-fine,7625,1.492176571423966e-06,1.869620948578672e-06,2.978958749215662e-07,4.543838887437627e-07,4.528311549722731,,,,,4.528311549722731,4.5283205892756575,1.996228352416466e-06,,,
A-Ra1e5-fine,7626,1.49251270923251e-06,1.869797164606974e-06,2.959886762101553e-07,4.530994515446624e-07,4.528313968769229,,,,,4.528313968769229,4.528323003163269,1.9950880372007293e-06,,,
A-Ra1e5-fine,7627,1.492832551599925e-06,1.869953672504822e-06,2.941092589034187e-07,4.518365913327214e-07,4.528316370822492,,,,,4.528316370822492,4.528325400057998,1.993947808551555e-06,,,
A-Ra1e5-fine,7628,1.493136402008514e-06,1.870090687848794e-06,2.922561920890432e-07,4.505830227237167e-07,4.528318755891862,,,,,4.528318755891862,4.528327779971438,1.9928081636623957e-06,,,
A-Ra1e5-fine,7629,1.493424783739799e-06,1.870207935922546e-06,2.904331050529808e-07,4.493456231302485e-07,4.528321123991874,,,,,4.528321123991874,4.528330142913137,1.991668001197251e-06,,,
A-Ra1e5-fine,7630,1.493697429289936e-06,1.870305468557884e-06,2.886397140328154e-07,4.481329661828779e-07,4.528323475128788,,,,,4.528323475128788,4.528332488894468,1.9905284501121238e-06,,,
A-Ra1e5-fine,7631,1.493954128645529e-06,1.870383823476336e-06,2.868798204975547e-07,4.469471605680467e-07,4.528325809316473,,,,,4.528325809316473,4.528334817926226,1.989388831945911e-06,,,
A-Ra1e5-fine,7632,1.494194544322398e-06,1.870442695203871e-06,2.851544352558597e-07,4.457827918428732e-07,4.528328126563563,,,,,4.528328126563563,4.528337130019329,1.988249650560328e-06,,,
A-Ra1e5-fine,7633,1.494418994694351e-06,1.870482104587777e-06,2.834760565850091e-07,4.446360032090335e-07,4.528330426886555,,,,,4.528330426886555,4.528339425188666,1.9871105513175843e-06,,,
A-Ra1e5-fine,7634,1.494627368187301e-06,1.87050211317989e-06,2.818451595650746e-07,4.435087839093709e-07,4.528332710289763,,,,,4.528332710289763,4.528341703441175,1.985972113201311e-06,,,
A-Ra1e5-fine,7635,1.4948198180687e-06,1.87050281734344e-06,2.802506846231985e-07,4.424111490608044e-07,4.528334976793192,,,,,4.528334976793192,4.528343964789704,1.9848327559085127e-06,,,
A-Ra1e5-fine,7636,1.494996091807015e-06,1.87048459576811e-06,2.786897798544224e-07,4.413241579556776e-07,4.528337226400707,,,,,4.528337226400707,4.5283462092488,1.9836948385677402e-06,,,
A-Ra1e5-fine,7637,1.495156442685294e-06,1.870447373635603e-06,2.771593520960738e-07,4.402592833922886e-07,4.528339459130848,,,,,4.528339459130848,4.528348436828018,1.9825563766379395e-06,,,
A-Ra1e5-fine,7638,1.495301225590981e-06,1.870390784049523e-06,2.756615456507518e-07,4.392037795831761e-07,4.528341674991341,,,,,4.528341674991341,4.528350647538949,1.9814182238894235e-06,,,
A-Ra1e5-fine,7639,1.495429893570052e-06,1.870315154646855e-06,2.741903732308883e-07,4.38163431651078e-07,4.528343873999239,,,,,4.528343873999239,4.528352841397625,1.980280154743789e-06,,,
A-Ra1e5-fine,7640,1.495542505302472e-06,1.870220438186265e-06,2.727454867275651e-07,4.371440122630701e-07,4.528346056160444,,,,,4.528346056160444,4.52835501841314,1.97914287371009e-06,,,
A-Ra1e5-fine,7641,1.495639915850573e-06,1.870106291137413e-06,2.71327625722406e-07,4.361451149962342e-07,4.528348221494872,,,,,4.528348221494872,4.528357178600392,1.9780052733762625e-06,,,
A-Ra1e5-fine,7642,1.495721988760792e-06,1.869972897757393e-06,2.699338252546697e-07,4.351577479933182e-07,4.528350370010005,,,,,4.528350370010005,4.528359321969151,1.9768678581909553e-06,,,
A-Ra1e5-fine,7643,1.495788253623503e-06,1.869820177461012e-06,2.685644360460089e-07,4.341935434608788e-07,4.528352501721085,,,,,4.528352501721085,4.52836144853625,1.9757309802001756e-06,,,
A-Ra1e5-fine,7644,1.495838635648665e-06,1.869648149753834e-06,2.672216241497189e-07,4.33237342759629e-07,4.528354616642335,,,,,4.528354616642335,4.528363558314299,1.9745942828077343e-06,,,
A-Ra1e5-fine,7645,1.49587313403247e-06,1.869457104840786e-06,2.658995187582623e-07,4.322922001409479e-07,4.52835671478522,,,,,4.52835671478522,4.528365651313768,1.9734575461265656e-06,,,
A-Ra1e5-fine,7646,1.495892337651968e-06,1.869247457144867e-06,2.646032221473144e-07,4.313673171212758e-07,4.528358796162477,,,,,4.528358796162477,4.52836772755079,1.972321520164706e-06,,,
A-Ra1e5-fine,7647,1.495896185969523e-06,1.869019056095493e-06,2.633290567497518e-07,4.304658935858253e-07,4.528360860793329,,,,,4.528360860793329,4.528369787037765,1.9711846985721776e-06,,,
A-Ra1e5-fine,7648,1.495884005304483e-06,1.868771586736423e-06,2.620745889684035e-07,4.295823000770204e-07,4.528362908684701,,,,,4.528362908684701,4.5283718297901485,1.970048964635883e-06,,,
A-Ra1e5-fine,7649,1.495856647598505e-06,1.868505094283618e-06,2.608431648821068e-07,4.287120701780421e-07,4.528364939853081,,,,,4.528364939853081,4.528373855820565,1.9689134653378865e-06,,,
A-Ra1e5-fine,7650,1.495813552390073e-06,1.868219627994388e-06,2.596341358148663e-07,4.278584263657256e-07,4.5283669543163105,,,,,4.5283669543163105,4.528375865143337,1.967777423762065e-06,,,
A-Ra1e5-fine,7651,1.495754543934865e-06,1.867915293876629e-06,2.584442313006184e-07,4.270197929747348e-07,4.528368952081904,,,,,4.528368952081904,4.52837785777199,1.9666421669502276e-06,,,
A-Ra1e5-fine,7652,1.495680301877097e-06,1.867593060619255e-06,2.572763897841319e-07,4.261969588479714e-07,4.528370933168165,,,,,4.528370933168165,4.52837983372324,1.9655073445818964e-06,,,
A-Ra1e5-fine,7653,1.495590815550206e-06,1.867252659814257e-06,2.561294648411721e-07,4.25398080034754e-07,4.528372897592362,,,,,4.528372897592362,4.528381793009816,1.9643719537934094e-06,,,
A-Ra1e5-fine,7654,1.495485556773341e-06,1.866893777967565e-06,2.550010719722945e-07,4.246159702109186e-07,4.528374845363602,,,,,4.528374845363602,4.5283837356475285,1.9632374755908713e-06,,,
A-Ra1e5-fine,7655,1.495364759823739e-06,1.866516187457714e-06,2.538919464052809e-07,4.238501941526152e-07,4.528376776500066,,,,,4.528376776500066,4.528385661649442,1.9621027794261218e-06,,,
A-Ra1e5-fine,7656,1.495228502121055e-06,1.866119864048791e-06,2.528051847687834e-07,4.23105077506524e-07,4.528378691015519,,,,,4.528378691015519,4.528387571033525,1.9609687937873287e-06,,,
A-Ra1e5-fine,7657,1.495076954514591e-06,1.865704806146383e-06,2.51736884815244e-07,4.223786904459181e-07,4.528380588926666,,,,,4.528380588926666,4.528389463812962,1.9598347411723276e-06,,,
A-Ra1e5-fine,7658,1.494909805187964e-06,1.865271075796312e-06,2.506884393073555e-07,4.216617153522784e-07,4.528382470248399,,,,,4.528382470248399,4.528391340005033,1.958701148970717e-06,,,
A-Ra1e5-fine,7659,1.494727696313649e-06,1.864818735467536e-06,2.496575985003273e-07,4.209570548427257e-07,4.528384334995963,,,,,4.528384334995963,4.528393199621336,1.957567211634599e-06,,,
A-Ra1e5-fine,7660,1.494529944140186e-06,1.864347695222861e-06,2.486460008990479e-07,4.202721843681715e-07,4.528386183183785,,,,,4.528386183183785,4.528395042681998,1.956434188334767e-06,,,
A-Ra1e5-fine,7661,1.494316890187758e-06,1.863858274191606e-06,2.476523957539481e-07,4.195943555726855e-07,4.528388014831765,,,,,4.528388014831765,4.528396869200083,1.9553005690035063e-06,,,
A-Ra1e5-fine,7662,1.494088575846783e-06,1.863350737780722e-06,2.466781941738277e-07,4.18928606838863e-07,4.528389829950358,,,,,4.528389829950358,4.528398679194926,1.954168314584421e-06,,,
A-Ra1e5-fine,7663,1.493845373547355e-06,1.862824867783551e-06,2.45722201413257e-07,4.182826898885372e-07,4.528391628560715,,,,,4.528391628560715,4.528400472677549,1.9530351885254556e-06,,,
A-Ra1e5-fine,7664,1.493587029421183e-06,1.862280527665233e-06,2.447814253908815e-07,4.17657697574032e-07,4.5283934106752195,,,,,4.5283934106752195,4.528402249667624,1.951902800098033e-06,,,
A-Ra1e5-fine,7665,1.493313308699605e-06,1.861717797622574e-06,2.438639624845888e-07,4.170410846786036e-07,4.528395176313437,,,,,4.528395176313437,4.5284040101818634,1.950770519294933e-06,,,
A-Ra1e5-fine,7666,1.493024836318315e-06,1.861136828191308e-06,2.429625416176813e-07,4.164364504907294e-07,4.528396925490028,,,,,4.528396925490028,4.528405754234246,1.949638195858024e-06,,,
A-Ra1e5-fine,7667,1.492721185323728e-06,1.860537691869199e-06,2.42075798447666e-07,4.158461133356442e-07,4.52839865822284,,,,,4.52839865822284,4.528407481845128,1.9485063832598104e-06,,,
A-Ra1e5-fine,7668,1.492402415651782e-06,1.85992084288754e-06,2.412101986994334e-07,4.1526940116671e-07,4.528400374526315,,,,,4.528400374526315,4.528409193029053,1.9473751042327978e-06,,,
A-Ra1e5-fine,7669,1.492068275463469e-06,1.859286475178002e-06,2.40359046075108e-07,4.147048392632447e-07,4.528402074421366,,,,,4.528402074421366,4.5284108878018285,1.9462432313729413e-06,,,
A-Ra1e5-fine,7670,1.4917190967333e-06,1.858634136269867e-06,2.395254023212881e-07,4.141508029358199e-07,4.528403757921751,,,,,4.528403757921751,4.528412566184715,1.945112421215585e-06,,,
A-Ra1e5-fine,7671,1.49135461015359e-06,1.85796383718676e-06,2.387099753906758e-07,4.138132458061615e-07,4.528405425643315,,,,,4.528405425643315,4.528414226610767,1.9435006526608063e-06,,,
A-Ra1e5-fine,7672,1.490975168499993e-06,1.857275748378921e-06,2.379134563637747e-07,4.135419418050928e-07,4.528407076018312,,,,,4.528407076018312,4.528415872627921,1.942537611391606e-06,,,
A-Ra1e5-fine,7673,1.490580866926385e-06,1.856569848385942e-06,2.371329806047801e-07,4.126013018401949e-07,4.528408710843566,,,,,4.528408710843566,4.528417500672093,1.9410394595139023e-06,,,
A-Ra1e5-fine,7674,1.490171677545784e-06,1.85584607623956e-06,2.363671793392401e-07,4.118302319455559e-07,4.52841032906429,,,,,4.52841032906429,4.528419112695292,1.939670181177578e-06,,,
A-Ra1e5-fine,7675,1.489747692509296e-06,1.855104213181476e-06,2.356212553350346e-07,4.113426263327817e-07,4.528411930832017,,,,,4.528411930832017,4.5284207086423764,1.938384136900863e-06,,,
A-Ra1e5-fine,7676,1.489308822335713e-06,1.854344348081563e-06,2.348908353768579e-07,4.109063650650015e-07,4.528413516234878,,,,,4.528413516234878,4.528422288472987,1.9371529522036075e-06,,,
A-Ra1e5-fine,7677,1.488855326536392e-06,1.853566490402635e-06,2.341744148461699e-07,4.104772853123002e-07,4.5284150853311775,,,,,4.5284150853311775,4.52842385216302,1.9359584294704887e-06,,,
A-Ra1e5-fine,7678,1.488387447335517e-06,1.852770957566627e-06,2.33477257615653e-07,4.100504903161163e-07,4.528416638163547,,,,,4.528416638163547,4.528425399702021,1.9347888453078933e-06,,,
A-Ra1e5-fine,7679,1.487904793244354e-06,1.851958097430874e-06,2.32795568339508e-07,4.09632130696052e-07,4.52841817476019,,,,,4.52841817476019,4.528426931091918,1.933638397433931e-06,,,
A-Ra1e5-fine,7680,1.487407697327678e-06,1.851127947948415e-06,2.321287038392963e-07,4.092251556300283e-07,4.5284196951519124,,,,,4.5284196951519124,4.528428446336011,1.9325010117323202e-06,,,
A-Ra1e5-fine,7681,1.486895756358414e-06,1.85028014094379e-06,2.314795259754903e-07,4.088220076560863e-07,4.528421199360762,,,,,4.528421199360762,4.528429945444759,1.9313741292099345e-06,,,
A-Ra1e5-fine,7682,1.4863690534731e-06,1.84941487515265e-06,2.308469739897117e-07,4.084217452684332e-07,4.5284226874072155,,,,,4.5284226874072155,4.52843142843169,1.930256215480894e-06,,,
A-Ra1e5-fine,7683,1.485827615608927e-06,1.848532344981644e-06,2.302323991128976e-07,4.080343978184415e-07,4.5284241593154775,,,,,4.5284241593154775,4.528432895306582,1.929144084321716e-06,,,
A-Ra1e5-fine,7684,1.485271530291889e-06,1.847632515726933e-06,2.296327104903167e-07,4.076575509945033e-07,4.528425615102263,,,,,4.528425615102263,4.528434346086715,1.9280378606449187e-06,,,
A-Ra1e5-fine,7685,1.484700506454185e-06,1.846715351754433e-06,2.290459198129304e-07,4.072861988867943e-07,4.528427054790541,,,,,4.528427054790541,4.528435780787662,1.926935911414868e-06,,,
A-Ra1e5-fine,7686,1.48411531266421e-06,1.845780736726226e-06,2.284774111338513e-07,4.069251787147599e-07,4.528428478396563,,,,,4.528428478396563,4.528437199425344,1.925838163254893e-06,,,
A-Ra1e5-fine,7687,1.483515937968648e-06,1.844828995833874e-06,2.279235535086709e-07,4.065733613845186e-07,4.528429885942727,,,,,4.528429885942727,4.528438602015673,1.9247431841692964e-06,,,
A-Ra1e5-fine,7688,1.482901592197594e-06,1.84386018506053e-06,2.273807214818239e-07,4.062385522047509e-07,4.528431277446884,,,,,4.528431277446884,4.528439988579796,1.923651701987393e-06,,,
A-Ra1e5-fine,7689,1.482272777924468e-06,1.842874013402707e-06,2.268599219231344e-07,4.059060061292085e-07,4.52843265293063,,,,,4.52843265293063,4.528441359131241,1.92256193461749e-06,,,
A-Ra1e5-fine,7690,1.481629719286207e-06,1.841870498500939e-06,2.263574297827956e-07,4.055781562368645e-07,4.528434012410798,,,,,4.528434012410798,4.528442713690586,1.9214747095257243e-06,,,
A-Ra1e5-fine,7691,1.480972595203872e-06,1.840850234307566e-06,2.258656626478407e-07,4.052584363925718e-07,4.528435355907733,,,,,4.528435355907733,4.528444052277269,1.920389826241482e-06,,,
A-Ra1e5-fine,7692,1.480300994757942e-06,1.83981295511624e-06,2.253919385364966e-07,4.049552038342391e-07,4.52843668344247,,,,,4.52843668344247,4.528445374907666,1.91930625582759e-06,,,
A-Ra1e5-fine,7693,1.479615053065563e-06,1.838758443330043e-06,2.249346237173695e-07,4.046567376832863e-07,4.528437995036829,,,,,4.528437995036829,4.528446681602237,1.918223697786243e-06,,,
A-Ra1e5-fine,7694,1.478914932878426e-06,1.837687045959815e-06,2.244876513315721e-07,4.043600958616271e-07,4.528439290707182,,,,,4.528439290707182,4.52844797238156,1.9171430813767036e-06,,,
A-Ra1e5-fine,7695,1.478200686867863e-06,1.836598822126748e-06,2.240559800902988e-07,4.04072563510431e-07,4.5284405704730935,,,,,4.5284405704730935,4.528449247263257,1.91606397743859e-06,,,
A-Ra1e5-fine,7696,1.477472183006969e-06,1.835493697301032e-06,2.236444873618369e-07,4.037963910191872e-07,4.528441834359684,,,,,4.528441834359684,4.528450506269386,1.9149857092899064e-06,,,
A-Ra1e5-fine,7697,1.476729397241086e-06,1.834371842491598e-06,2.232439639731421e-07,4.035276041807266e-07,4.528443082384569,,,,,4.528443082384569,4.528451749416765,1.9139081013722126e-06,,,
A-Ra1e5-fine,7698,1.475972801923828e-06,1.833233240599888e-06,2.228600338644224e-07,4.032628657873419e-07,4.528444314568333,,,,,4.528444314568333,4.528452976729272,1.9128318807294467e-06,,,
A-Ra1e5-fine,7699,1.475202225054092e-06,1.832077844817758e-06,2.224970790470221e-07,4.030112543194428e-07,4.528445530931548,,,,,4.528445530931548,4.528454188227262,1.9117569990918324e-06,,,
A-Ra1e5-fine,7700,1.474417826407759e-06,1.830905575535467e-06,2.221461563886918e-07,4.027718378732231e-07,4.528446731496389,,,,,4.528446731496389,4.528455383925625,1.9106818479529685e-06,,,
A-Ra1e5-fine,7701,1.473619612759331e-06,1.829716785550851e-06,2.218083261942548e-07,4.025395651117658e-07,4.528447916283541,,,,,4.528447916283541,4.528456563853115,1.90960820935482e-06,,,
A-Ra1e5-fine,7702,1.472807084101828e-06,1.828511286152951e-06,2.214865223791924e-07,4.023121164983139e-07,4.528449085314719,,,,,4.528449085314719,4.528457728026343,1.9085349561014836e-06,,,
A-Ra1e5-fine,7703,1.471980554419979e-06,1.827289079676165e-06,2.211805793812699e-07,4.020884520854654e-07,4.528450238610618,,,,,4.528450238610618,4.5284588764667895,1.9074622615539627e-06,,,
A-Ra1e5-fine,7704,1.471140307111676e-06,1.826050362260122e-06,2.208881188559258e-07,4.018755175410947e-07,4.528451376191016,,,,,4.528451376191016,4.52846000919549,1.9063904032198848e-06,,,
A-Ra1e5-fine,7705,1.470286044759396e-06,1.82479492706796e-06,2.206118030028706e-07,4.016720413443311e-07,4.528452498080127,,,,,4.528452498080127,4.528461126235861,1.90531920514642e-06,,,
A-Ra1e5-fine,7706,1.469417956867278e-06,1.823523146787959e-06,2.203523889939503e-07,4.014733819202449e-07,4.528453604300693,,,,,4.528453604300693,4.528462227609272,1.9042483642877363e-06,,,
A-Ra1e5-fine,7707,1.468535859542939e-06,1.8222349734835e-06,2.201076502954058e-07,4.012785570082334e-07,4.5284546948714715,,,,,4.5284546948714715,4.528463313335397,1.9031780828370879e-06,,,
A-Ra1e5-fine,7708,1.467639862107296e-06,1.820930421731956e-06,2.198784200549722e-07,4.01093007677478e-07,4.528455769816899,,,,,4.528455769816899,4.528464383437995,1.9021082111237193e-06,,,
A-Ra1e5-fine,7709,1.46672976319615e-06,1.819609489112929e-06,2.196647509350713e-07,4.00914224882777e-07,4.528456829157675,,,,,4.528456829157675,4.528465437938781,1.9010389736990786e-06,,,
A-Ra1e5-fine,7710,1.465805858710167e-06,1.818272199283424e-06,2.194667862413171e-07,4.00744933652896e-07,4.528457872918013,,,,,4.528457872918013,4.528466476860034,1.8999699431692903e-06,,,
A-Ra1e5-fine,7711,1.464868151170547e-06,1.816918585630246e-06,2.192831412307216e-07,4.005796071434573e-07,4.5284589011191665,,,,,4.5284589011191665,4.528467500222678,1.8989010467492078e-06,,,
A-Ra1e5-fine,7712,1.463916925279849e-06,1.815548617992527e-06,2.191149565383405e-07,4.004215210451977e-07,4.528459913783081,,,,,4.528459913783081,4.528468508053083,1.8978332613529348e-06,,,
A-Ra1e5-fine,7713,1.462952015721986e-06,1.814162351432986e-06,2.18963330844971e-07,4.002693639418159e-07,4.528460910933971,,,,,4.528460910933971,4.52846950037024,1.8967654335054748e-06,,,
A-Ra1e5-fine,7714,1.461973218233112e-06,1.812759966296743e-06,2.188271775810762e-07,4.001255212251886e-07,4.528461892595943,,,,,4.528461892595943,4.528470477198584,1.8956976359507982e-06,,,
A-Ra1e5-fine,7715,1.460980957478221e-06,1.811341712298319e-06,2.187071872615552e-07,3.999916835076897e-07,4.528462858786954,,,,,4.528462858786954,4.528471438559837,1.894630699878075e-06,,,
A-Ra1e5-fine,7716,1.459975592006234e-06,1.809907572294536e-06,2.186024638864775e-07,3.998619345229135e-07,4.52846380953554,,,,,4.52846380953554,4.528472384479005,1.8935638456391236e-06,,,
A-Ra1e5-fine,7717,1.458956691478516e-06,1.808457261981174e-06,2.185143286861913e-07,3.997404976678805e-07,4.528464744862617,,,,,4.528464744862617,4.52847331497769,1.8924972250203875e-06,,,
A-Ra1e5-fine,7718,1.457924077593691e-06,1.806991185929549e-06,2.184429269419404e-07,3.996213749535335e-07,4.528465664791607,,,,,4.528465664791607,4.528474230080908,1.8914311898617368e-06,,,
A-Ra1e5-fine,7719,1.456877764748278e-06,1.805509259078588e-06,2.183880048694152e-07,3.995112002598668e-07,4.528466569346622,,,,,4.528466569346622,4.5284751298096815,1.890365057799005e-06,,,
A-Ra1e5-fine,7720,1.455818122820037e-06,1.804011331795279e-06,2.18349368336713e-07,3.994071594185566e-07,4.528467458551632,,,,,4.528467458551632,4.528476014190619,1.8892994115191454e-06,,,
A-Ra1e5-fine,7721,1.454745181329855e-06,1.802497528559994e-06,2.183283466599448e-07,3.993106280182496e-07,4.528468332430523,,,,,4.528468332430523,4.528476883246118,1.8882339224802755e-06,,,
A-Ra1e5-fine,7722,1.453658709667896e-06,1.800967811849044e-06,2.183256119392321e-07,3.99217850473871e-07,4.528469191004089,,,,,4.528469191004089,4.528477736998231,1.8871688681892965e-06,,,
A-Ra1e5-fine,7723,1.452558717349105e-06,1.799422319923406e-06,2.183410305176954e-07,3.991290616108393e-07,4.528470034301448,,,,,4.528470034301448,4.528478575473788,1.8861037437799157e-06,,,
A-Ra1e5-fine,7724,1.4514457793977e-06,1.797861275305488e-06,2.183752172349976e-07,3.990509424355309e-07,4.528470862344308,,,,,4.528470862344308,4.528479398696325,1.8850389524791579e-06,,,
A-Ra1e5-fine,7725,1.450319662504961e-06,1.796284684859262e-06,2.184298536356515e-07,3.989771063079749e-07,4.528471675155855,,,,,4.528471675155855,4.528480206690393,1.8839747961130862e-06,,,
A-Ra1e5-fine,7726,1.449180639427946e-06,1.794692456448864e-06,2.185193323457108e-07,3.989092807769296e-07,4.52847247276168,,,,,4.52847247276168,4.528480999477598,1.8829103944211683e-06,,,
A-Ra1e5-fine,7727,1.448028321905675e-06,1.793084512374077e-06,2.186467806479811e-07,3.988461174508762e-07,4.528473255186213,,,,,4.528473255186213,4.528481777085676,1.8818464777767731e-06,,,
A-Ra1e5-fine,7728,1.44686271848443e-06,1.791460921776196e-06,2.188050632515922e-07,3.987882841325874e-07,4.528474022455725,,,,,4.528474022455725,4.528482539538848,1.8807825927018333e-06,,,
A-Ra1e5-fine,7729,1.445684116770517e-06,1.789821841010214e-06,2.18990348495271e-07,3.987384269791395e-07,4.528474774592836,,,,,4.528474774592836,4.528483286859731,1.8797187393723952e-06,,,
A-Ra1e5-fine,7730,1.444492945038461e-06,1.788167357434927e-06,2.192013879665718e-07,3.986971621392699e-07,4.528475511623813,,,,,4.528475511623813,4.528484019076405,1.8786553176790345e-06,,,
A-Ra1e5-fine,7731,1.443289058918888e-06,1.78649748912512e-06,2.194358601553782e-07,3.986598314564798e-07,4.528476233572175,,,,,4.528476233572175,4.528484736210705,1.8775919555397285e-06,,,
A-Ra1e5-fine,7732,1.442072679256251e-06,1.784812183693673e-06,2.196922680992058e-07,3.986280342535379e-07,4.528476940463976,,,,,4.528476940463976,4.52848543828991,1.8765289239866923e-06,,,
A-Ra1e5-fine,7733,1.440843808607211e-06,1.783111628211181e-06,2.199702714953748e-07,3.985980765481727e-07,4.5284776323247815,,,,,4.5284776323247815,4.528486125339374,1.875466175927041e-06,,,
A-Ra1e5-fine,7734,1.439602074356779e-06,1.781396165542956e-06,2.202688717724755e-07,3.985786511525758e-07,4.52847830917972,,,,,4.52847830917972,4.528486797382177,1.874403259256802e-06,,,
A-Ra1e5-fine,7735,1.43834747694694e-06,1.779665625470666e-06,2.205864644427269e-07,3.985686733127299e-07,4.528478971055508,,,,,4.528478971055508,4.528487454447306,1.8733406748739348e-06,,,
A-Ra1e5-fine,7736,1.43708009521789e-06,1.77792010670985e-06,2.209237711515137e-07,3.985621487807513e-07,4.528479617975903,,,,,4.528479617975903,4.528488096558296,1.872278373921226e-06,,,
A-Ra1e5-fine,7737,1.435800015595078e-06,1.776159587223749e-06,2.212800619774582e-07,3.985589591080613e-07,4.528480249966609,,,,,4.528480249966609,4.528488723740726,1.8712163289190254e-06,,,
A-Ra1e5-fine,7738,1.434507339194796e-06,1.774383897506001e-06,2.216546158996453e-07,3.985587003288609e-07,4.528480867056487,,,,,4.528480867056487,4.528489336021086,1.8701540159781488e-06,,,
A-Ra1e5-fine,7739,1.433202007330034e-06,1.772593174138662e-06,2.220462999882916e-07,3.985656696257654e-07,4.528481469266354,,,,,4.528481469266354,4.528489933423931,1.8690922605960845e-06,,,
A-Ra1e5-fine,7740,1.431883947676145e-06,1.770787474532982e-06,2.224537764939489e-07,3.985801638788498e-07,4.528482056628034,,,,,4.528482056628034,4.528490515977683,1.8680303117625335e-06,,,
A-Ra1e5-fine,7741,1.430553522827841e-06,1.768966685450605e-06,2.228786079426274e-07,3.985973227147084e-07,4.52848262916393,,,,,4.52848262916393,4.528491083706557,1.8669685691732878e-06,,,
A-Ra1e5-fine,7742,1.429210511782377e-06,1.76713084748778e-06,2.233184526715578e-07,3.986168235391843e-07,4.528483186899964,,,,,4.528483186899964,4.528491636639662,1.8659077367219748e-06,,,
A-Ra1e5-fine,7743,1.42785456966316e-06,1.765279942064039e-06,2.237741919787071e-07,3.98640638946722e-07,4.528483729867504,,,,,4.528483729867504,4.528492174800637,1.8648461080438578e-06,,,
A-Ra1e5-fine,7744,1.426485958719427e-06,1.76341410270814e-06,2.242455402554662e-07,3.98672301606756e-07,4.5284842580883815,,,,,4.5284842580883815,4.528492698216314,1.8637847867497535e-06,,,
A-Ra1e5-fine,7745,1.425104479784168e-06,1.761533474499787e-06,2.247318314992304e-07,3.987108433673285e-07,4.5284847715894365,,,,,4.5284847715894365,4.528493206915233,1.8627241484092314e-06,,,
A-Ra1e5-fine,7746,1.423710324859414e-06,1.75963808225204e-06,2.252309371326341e-07,3.98752774399677e-07,4.528485270398847,,,,,4.528485270398847,4.528493700921718,1.8616633421834526e-06,,,
A-Ra1e5-fine,7747,1.422303883255551e-06,1.757728152236686e-06,2.257456459475154e-07,3.987960146814191e-07,4.528485754545154,,,,,4.528485754545154,4.528494180264534,1.86060241727932e-06,,,
A-Ra1e5-fine,7748,1.420884966948932e-06,1.755803764466335e-06,2.262733677214041e-07,3.988409119567108e-07,4.528486224051562,,,,,4.528486224051562,4.528494644970853,1.8595422497944479e-06,,,
A-Ra1e5-fine,7749,1.419453439045855e-06,1.753864864153414e-06,2.268148036239688e-07,3.988969074749122e-07,4.528486678949665,,,,,4.528486678949665,4.528495095064888,1.858481209856472e-06,,,
A-Ra1e5-fine,7750,1.418009549550995e-06,1.75191134546429e-06,2.273682325981489e-07,3.989587932125579e-07,4.528487119261629,,,,,4.528487119261629,4.528495530577564,1.8574212316903518e-06,,,
A-Ra1e5-fine,7751,1.416553478764966e-06,1.749943528623681e-06,2.27934562475806e-07,3.990284296765867e-07,4.528487545018266,,,,,4.528487545018266,4.5284959515350245,1.8563612844083947e-06,,,
A-Ra1e5-fine,7752,1.415085299634523e-06,1.747961612890083e-06,2.285142652728682e-07,3.991004847039911e-07,4.528487956246522,,,,,4.528487956246522,4.52849635796297,1.8553010928175693e-06,,,
A-Ra1e5-fine,7753,1.413604568914916e-06,1.745965576163969e-06,2.291053867562069e-07,3.991728204944683e-07,4.528488352973683,,,,,4.528488352973683,4.528496749892089,1.8542414084704083e-06,,,
A-Ra1e5-fine,7754,1.412111224877763e-06,1.743955499051804e-06,2.297084550628417e-07,3.992562172042906e-07,4.528488735226916,,,,,4.528488735226916,4.5284971273476256,1.8531818061335934e-06,,,
A-Ra1e5-fine,7755,1.410605403097656e-06,1.741931230916e-06,2.303231742619981e-07,3.993452251268805e-07,4.528489103035324,,,,,4.528489103035324,4.528497490356289,1.8521217578005813e-06,,,
A-Ra1e5-fine,7756,1.409087679816146e-06,1.739893274882045e-06,2.309497934039087e-07,3.994362246665191e-07,4.528489456425404,,,,,4.528489456425404,4.528497838950491,1.85106256948626e-06,,,
A-Ra1e5-fine,7757,1.407558108345637e-06,1.737841452259877e-06,2.315860927414636e-07,3.995302510945666e-07,4.528489795425796,,,,,4.528489795425796,4.528498173153525,1.8500030602644671e-06,,,
A-Ra1e5-fine,7758,1.40601647497727e-06,1.735775518820481e-06,2.322337553566943e-07,3.996255621462169e-07,4.528490120063791,,,,,4.528490120063791,4.528498492996893,1.8489441601666915e-06,,,
A-Ra1e5-fine,7759,1.404462819110015e-06,1.733695577064614e-06,2.328920709691733e-07,3.997298811746814e-07,4.528490430369289,,,,,4.528490430369289,4.528498798505827,1.8478848381105316e-06,,,
A-Ra1e5-fine,7760,1.402897069116214e-06,1.731601579850676e-06,2.335596647207801e-07,3.998410039030245e-07,4.528490726368205,,,,,4.528490726368205,4.528499089710228,1.8468259747030063e-06,,,
A-Ra1e5-fine,7761,1.401319289337506e-06,1.729493539545929e-06,2.342387115025369e-07,3.999542073509163e-07,4.528491008092264,,,,,4.528491008092264,4.528499366639653,1.8457670911656616e-06,,,
A-Ra1e5-fine,7762,1.399729767244113e-06,1.727371505859765e-06,2.349278974092263e-07,4.000670988337874e-07,4.528491275566353,,,,,4.528491275566353,4.5284996293216215,1.8447087684178868e-06,,,
A-Ra1e5-fine,7763,1.39812856710284e-06,1.725235454875602e-06,2.356261195501643e-07,4.001807957660243e-07,4.528491528821977,,,,,4.528491528821977,4.528499877782611,1.8436498963362943e-06,,,
A-Ra1e5-fine,7764,1.396516255720804e-06,1.723085391969103e-06,2.363336997083898e-07,4.003028873656238e-07,4.5284917678856145,,,,,4.5284917678856145,4.528500112054579,1.8425916850273585e-06,,,
A-Ra1e5-fine,7765,1.394893621907329e-06,1.720921421255329e-06,2.370494995114196e-07,4.004319306651793e-07,4.528491992788644,,,,,4.528491992788644,4.528500332165712,1.8415334293780197e-06,,,
A-Ra1e5-fine,7766,1.39326067446918e-06,1.718743667454871e-06,2.377752969527426e-07,4.00562800142639e-07,4.528492203555628,,,,,4.528492203555628,4.528500538141932,1.8404754296446248e-06,,,
A-Ra1e5-fine,7767,1.391617452389075e-06,1.716552336887594e-06,2.385096569839007e-07,4.006970297233819e-07,4.5284924002228335,,,,,4.5284924002228335,4.528500730016095,1.839416932660271e-06,,,
A-Ra1e5-fine,7768,1.389962710624887e-06,1.71434753103246e-06,2.39252213205324e-07,4.008322330742398e-07,4.528492582811962,,,,,4.528492582811962,4.5285009078156,1.838359196389154e-06,,,
A-Ra1e5-fine,7769,1.388296483317252e-06,1.712129230951889e-06,2.400046442465841e-07,4.009713344226217e-07,4.528492751355769,,,,,4.528492751355769,4.528501071569895,1.8373014908092897e-06,,,
A-Ra1e5-fine,7770,1.386618415443388e-06,1.70989721842012e-06,2.407635990603827e-07,4.011209259278295e-07,4.528492905883583,,,,,4.528492905883583,4.528501221308308,1.8362438151144167e-06,,,
A-Ra1e5-fine,7771,1.384928841737514e-06,1.707651751528776e-06,2.415311078967013e-07,4.012715434455686e-07,4.52849304642541,,,,,4.52849304642541,4.52850135706017,1.8351860208115663e-06,,,
A-Ra1e5-fine,7772,1.383227594871639e-06,1.705392890159348e-06,2.423061347266979e-07,4.014274265846567e-07,4.528493173007975,,,,,4.528493173007975,4.528501478854469,1.8341286074251593e-06,,,
A-Ra1e5-fine,7773,1.381514518481979e-06,1.703120830171178e-06,2.430899121659297e-07,4.015849087288561e-07,4.528493285663675,,,,,4.528493285663675,4.528501586723157,1.8330714764746361e-06,,,
A-Ra1e5-fine,7774,1.379789956847398e-06,1.700836038427229e-06,2.438815873863125e-07,4.017446799217957e-07,4.528493384420362,,,,,4.528493384420362,4.528501680692717,1.8320143258976037e-06,,,
A-Ra1e5-fine,7775,1.378054097379483e-06,1.69853814965759e-06,2.446784388503232e-07,4.019169936653012e-07,4.528493469309301,,,,,4.528493469309301,4.52850176079601,1.8309575081186358e-06,,,
A-Ra1e5-fine,7776,1.376306951339582e-06,1.696226864420115e-06,2.454824695282617e-07,4.020896747090956e-07,4.5284935403603885,,,,,4.5284935403603885,4.528501827060655,1.829900520040574e-06,,,
A-Ra1e5-fine,7777,1.374548354279217e-06,1.693902168201093e-06,2.462932248232329e-07,4.022629974983353e-07,4.528493597601594,,,,,4.528493597601594,4.528501879516445,1.828843764298847e-06,,,
A-Ra1e5-fine,7778,1.372778774911905e-06,1.691564129616604e-06,2.471120181237415e-07,4.024359826623193e-07,4.528493641065776,,,,,4.528493641065776,4.528501918196685,1.8277873397204094e-06,,,
A-Ra1e5-fine,7779,1.370997792662738e-06,1.689213311613615e-06,2.479374478345567e-07,4.026112259624952e-07,4.528493670781358,,,,,4.528493670781358,4.5285019431282105,1.8267308952101262e-06,,,
A-Ra1e5-fine,7780,1.369205357095563e-06,1.686849732210653e-06,2.487696748561768e-07,4.027983328139819e-07,4.528493686778687,,,,,4.528493686778687,4.528501954342051,1.8256745815706765e-06,,,
A-Ra1e5-fine,7781,1.367401511321809e-06,1.684473359752324e-06,2.496077093526288e-07,4.0298620512435e-07,4.5284936890888075,,,,,4.5284936890888075,4.528501951869476,1.8246184487932905e-06,,,
A-Ra1e5-fine,7782,1.365586358348598e-06,1.682084027949359e-06,2.504526919171219e-07,4.031765094093583e-07,4.52849367774263,,,,,4.52849367774263,4.528501935741747,1.8235625739353233e-06,,,
A-Ra1e5-fine,7783,1.363760234753088e-06,1.679681728821746e-06,2.513020364089845e-07,4.033664382129046e-07,4.528493652770637,,,,,4.528493652770637,4.528501905986268,1.8225062775780821e-06,,,
A-Ra1e5-fine,7784,1.361923061060759e-06,1.677266426489225e-06,2.521574826347942e-07,4.03558289458835e-07,4.528493614201012,,,,,4.528493614201012,4.528501862637701,1.8214509900821714e-06,,,
A-Ra1e5-fine,7785,1.360074544681809e-06,1.674838121704197e-06,2.530185784661342e-07,4.037577384386541e-07,4.528493562067527,,,,,4.528493562067527,4.528501805723566,1.8203953308602451e-06,,,
A-Ra1e5-fine,7786,1.358214867661403e-06,1.67239699588116e-06,2.538852635422631e-07,4.039612349959054e-07,4.528493496399731,,,,,4.528493496399731,4.528501735276383,1.8193399557521431e-06,,,
A-Ra1e5-fine,7787,1.35634422683597e-06,1.669943109266475e-06,2.547571524499434e-07,4.041673605895656e-07,4.528493417229928,,,,,4.528493417229928,4.528501651326725,1.8182844828688788e-06,,,
A-Ra1e5-fine,7788,1.354462895883226e-06,1.667476662429377e-06,2.556362752933319e-07,4.043745564921305e-07,4.528493324586861,,,,,4.528493324586861,4.528501553904268,1.8172291179306304e-06,,,
A-Ra1e5-fine,7789,1.352571065401195e-06,1.664997984723346e-06,2.565189641716058e-07,4.045810483231331e-07,4.528493218502377,,,,,4.528493218502377,4.5285014430434565,1.8161744345976792e-06,,,
A-Ra1e5-fine,7790,1.350668259532547e-06,1.662507259767629e-06,2.574068699264861e-07,4.047920674444333e-07,4.528493099009327,,,,,4.528493099009327,4.5285013187718075,1.8151192550822842e-06,,,
A-Ra1e5-fine,7791,1.348754655198548e-06,1.660004199268673e-06,2.582998826362669e-07,4.050122177083516e-07,4.528492966136016,,,,,4.528492966136016,4.528501181123079,1.8140647834104842e-06,,,
A-Ra1e5-fine,7792,1.346830257879129e-06,1.657488919074892e-06,2.591973815008264e-07,4.052344041080729e-07,4.528492819916664,,,,,4.528492819916664,4.5285010301286555,1.8130103933137295e-06,,,
A-Ra1e5-fine,7793,1.344895340795968e-06,1.654961712919304e-06,2.600991036159098e-07,4.054570881989116e-07,4.528492660382082,,,,,4.528492660382082,4.52850086581741,1.8119556570091418e-06,,,
A-Ra1e5-fine,7794,1.34295030139848e-06,1.652422476573166e-06,2.610058032356519e-07,4.056801886178956e-07,4.528492487563202,,,,,4.528492487563202,4.5285006882247005,1.810901551794738e-06,,,
A-Ra1e5-fine,7795,1.34099563527305e-06,1.649870998617393e-06,2.619161704629014e-07,4.059065390243199e-07,4.528492301491384,,,,,4.528492301491384,4.52850049737781,1.8098471774084168e-06,,,
A-Ra1e5-fine,7796,1.339030824532671e-06,1.647307303311257e-06,2.62831363342755e-07,4.061454990728265e-07,4.528492102198356,,,,,4.528492102198356,4.528500293312664,1.808793460350149e-06,,,
A-Ra1e5-fine,7797,1.337055884639358e-06,1.644731372570675e-06,2.637514775536394e-07,4.063859074075359e-07,4.528491889717428,,,,,4.528491889717428,4.528500076059278,1.8077396735405585e-06,,,
A-Ra1e5-fine,7798,1.335070621681038e-06,1.642143249255786e-06,2.646739261442694e-07,4.066265850938664e-07,4.528491664079642,,,,,4.528491664079642,4.528499845647776,1.8066856141587699e-06,,,
A-Ra1e5-fine,7799,1.333075088204593e-06,1.639543052297204e-06,2.656006311257337e-07,4.068671911465102e-07,4.528491425316361,,,,,4.528491425316361,4.528499602112949,1.8056320390519502e-06,,,
A-Ra1e5-fine,7800,1.331069162247495e-06,1.636930790787785e-06,2.665314581061891e-07,4.071094063311367e-07,4.528491173458974,,,,,4.528491173458974,4.528499345485377,1.8045787695233046e-06,,,
A-Ra1e5-fine,7801,1.329053735465124e-06,1.634306453675057e-06,2.674665503817985e-07,4.07356736014884e-07,4.528490908541703,,,,,4.528490908541703,4.5284990757990515,1.8035257547522275e-06,,,
A-Ra1e5-fine,7802,1.327028392159696e-06,1.631670125254535e-06,2.684034882065855e-07,4.076113082943298e-07,4.528490630596708,,,,,4.528490630596708,4.528498793083076,1.802472319634389e-06,,,
A-Ra1e5-fine,7803,1.324992964556995e-06,1.629022033629824e-06,2.693453591123701e-07,4.078662401510301e-07,4.528490339654011,,,,,4.528490339654011,4.528498497372812,1.8014196434836908e-06,,,
A-Ra1e5-fine,7804,1.32294764248146e-06,1.626362360767451e-06,2.702892705527017e-07,4.081218207122336e-07,4.528490035747609,,,,,4.528490035747609,4.528498188697702,1.800366720322321e-06,,,
A-Ra1e5-fine,7805,1.320892348943297e-06,1.623691105105314e-06,2.712354573636152e-07,4.083798247964315e-07,4.528489718909895,,,,,4.528489718909895,4.528497867093328,1.7993142544344234e-06,,,
A-Ra1e5-fine,7806,1.31882692178118e-06,1.621008236978092e-06,2.72186375339876e-07,4.086376068796352e-07,4.528489389173158,,,,,4.528489389173158,4.528497532590041,1.7982618178405738e-06,,,
A-Ra1e5-fine,7807,1.316751586034125e-06,1.618313759398135e-06,2.731397580153199e-07,4.089047269579508e-07,4.528489046570486,,,,,4.528489046570486,4.528497185220135,1.7972092351775924e-06,,,
A-Ra1e5-fine,7808,1.314666935080859e-06,1.615607766701873e-06,2.740979737735369e-07,4.091742101377793e-07,4.528488691133021,,,,,4.528488691133021,4.528496825018855,1.796157412156884e-06,,,
A-Ra1e5-fine,7809,1.312573305161328e-06,1.612890290021504e-06,2.750582815810319e-07,4.094435824780787e-07,4.52848832289635,,,,,4.52848832289635,4.528496452017454,1.7951053924209521e-06,,,
A-Ra1e5-fine,7810,1.310469677640647e-06,1.610161137734096e-06,2.760213564272927e-07,4.097135112102651e-07,4.528487941891626,,,,,4.528487941891626,4.528496066246865,1.7940531267196063e-06,,,
A-Ra1e5-fine,7811,1.308355953516131e-06,1.607420414384425e-06,2.769866001796959e-07,4.099833617903704e-07,4.52848754815204,,,,,4.52848754815204,4.528495667744713,1.7930015943128648e-06,,,
A-Ra1e5-fine,7812,1.306232194677031e-06,1.604668531740233e-06,2.779526907462024e-07,4.102628094709928e-07,4.528487141707843,,,,,4.528487141707843,4.528495256538739,1.7919502411099317e-06,,,
A-Ra1e5-fine,7813,1.30409826100679e-06,1.601905748725389e-06,2.789237908728421e-07,4.105448134785481e-07,4.528486722597452,,,,,4.528486722597452,4.528494832667368,1.7908990686558621e-06,,,
A-Ra1e5-fine,7814,1.30195451014999e-06,1.599131903003774e-06,2.798959230883988e-07,4.108288882470815e-07,4.528486290850536,,,,,4.528486290850536,4.52849439615709,1.7898473749770859e-06,,,
A-Ra1e5-fine,7815,1.299801098782393e-06,1.596346977015614e-06,2.808695229508726e-07,4.111121137747769e-07,4.528485846501099,,,,,4.528485846501099,4.528493947049289,1.78879678970438e-06,,,
A-Ra1e5-fine,7816,1.297637993897357e-06,1.593550977707276e-06,2.818462511218761e-07,4.113961931764658e-07,4.52848538958176,,,,,4.52848538958176,4.528493485371018,1.7877460840550696e-06,,,
A-Ra1e5-fine,7817,1.295465082859943e-06,1.590743691953694e-06,2.828243510299202e-07,4.116821913886535e-07,4.52848492012788,,,,,4.52848492012788,4.528493011157187,1.786695157783412e-06,,,
A-Ra1e5-fine,7818,1.293282444062284e-06,1.587925404307158e-06,2.838047573885264e-07,4.119780319479601e-07,4.528484438172088,,,,,4.528484438172088,4.528492524441664,1.785644285059086e-06,,,
A-Ra1e5-fine,7819,1.291090320068258e-06,1.585096702036539e-06,2.847845834453678e-07,4.122722576217924e-07,4.528483943745984,,,,,4.528483943745984,4.528492025259132,1.784594146043834e-06,,,
A-Ra1e5-fine,7820,1.288888664964496e-06,1.582256906409884e-06,2.857677454356063e-07,4.125722020059769e-07,4.528483436884583,,,,,4.528483436884583,4.528491513642211,1.7835442125341439e-06,,,
A-Ra1e5-fine,7821,1.286677369380415e-06,1.579406218263443e-06,2.867515994912183e-07,4.128731470714428e-07,4.528482917622343,,,,,4.528482917622343,4.528490989624676,1.7824943332907089e-06,,,
A-Ra1e5-fine,7822,1.284456450575638e-06,1.576544799973491e-06,2.877365334737369e-07,4.131758954458685e-07,4.528482385992676,,,,,4.528482385992676,4.528490453238694,1.7814442333157898e-06,,,
A-Ra1e5-fine,7823,1.282226756527558e-06,1.573672554729755e-06,2.887253065904765e-07,4.13487190895342e-07,4.528481842029693,,,,,4.528481842029693,4.52848990452053,1.7803943884017245e-06,,,
A-Ra1e5-fine,7824,1.279988005216291e-06,1.570789514449224e-06,2.897147008879786e-07,4.138015185930638e-07,4.528481285764773,,,,,4.528481285764773,4.528489343503954,1.7793453265131092e-06,,,
A-Ra1e5-fine,7825,1.277740124828593e-06,1.567896050268404e-06,2.907053896321086e-07,4.141147600064142e-07,4.5284807172356505,,,,,4.5284807172356505,4.528488770221249,1.7782958437729062e-06,,,
A-Ra1e5-fine,7826,1.275483243096854e-06,1.564992036876526e-06,2.916975988717734e-07,4.144292461078036e-07,4.5284801364727,,,,,4.5284801364727,4.528488184708001,1.7772470910591658e-06,,,
A-Ra1e5-fine,7827,1.273217895457539e-06,1.562077566487786e-06,2.926909516649976e-07,4.147451700317896e-07,4.5284795435133,,,,,4.5284795435133,4.528487586995813,1.7761977927106575e-06,,,
A-Ra1e5-fine,7828,1.270943831078663e-06,1.559152712550517e-06,2.936854272106152e-07,4.150648873610383e-07,4.528478938390209,,,,,4.528478938390209,4.528486977121749,1.7751488997469293e-06,,,
A-Ra1e5-fine,7829,1.268660970968644e-06,1.556217584339123e-06,2.946798823535098e-07,4.153913224240538e-07,4.52847832113639,,,,,4.52847832113639,4.528486355119345,1.7741005384554074e-06,,,
A-Ra1e5-fine,7830,1.26636891505216e-06,1.553272360222802e-06,2.956758610067607e-07,4.157179796046765e-07,4.528477691787885,,,,,4.528477691787885,4.528485721021457,1.7730520054864354e-06,,,
A-Ra1e5-fine,7831,1.264067876251e-06,1.550316780322505e-06,2.966739920995108e-07,4.160441587138792e-07,4.528477050379137,,,,,4.528477050379137,4.528485074865148,1.772003879405889e-06,,,
A-Ra1e5-fine,7832,1.261757447263022e-06,1.547350850209638e-06,2.976709601377022e-07,4.163717332751433e-07,4.528476396942664,,,,,4.528476396942664,4.528484416681911,1.7709559336609745e-06,,,
A-Ra1e5-fine,7833,1.259438352616356e-06,1.544374602997124e-06,2.986692196930222e-07,4.166970361548013e-07,4.528475731514844,,,,,4.528475731514844,4.52848374650778,1.7699080923263024e-06,,,
A-Ra1e5-fine,7834,1.257110554652352e-06,1.541388235408769e-06,2.996676663433294e-07,4.170330017256035e-07,4.528475054131149,,,,,4.528475054131149,4.528483064378337,1.7688603797000523e-06,,,
A-Ra1e5-fine,7835,1.254774328384242e-06,1.538391804074638e-06,3.006660416029741e-07,4.173687340582236e-07,4.528474364823072,,,,,4.528474364823072,4.5284823703251975,1.7678128226317163e-06,,,
A-Ra1e5-fine,7836,1.252429196516036e-06,1.535385411752058e-06,3.016660353284861e-07,4.177055565427464e-07,4.528473663627214,,,,,4.528473663627214,4.528481664385982,1.7667656466501682e-06,,,
A-Ra1e5-fine,7837,1.25007505936232e-06,1.532368946787867e-06,3.026661889201337e-07,4.180430263262724e-07,4.528472950578701,,,,,4.528472950578701,4.528480946595371,1.7657187528832935e-06,,,
A-Ra1e5-fine,7838,1.247712161089354e-06,1.529342535379293e-06,3.036671700862476e-07,4.183804529327346e-07,4.5284722257106305,,,,,4.5284722257106305,4.528480216984624,1.7646717357098001e-06,,,
A-Ra1e5-fine,7839,1.245340516024541e-06,1.526305936879315e-06,3.046687135950778e-07,4.187206754155103e-07,4.528471489060509,,,,,4.528471489060509,4.528479475593758,1.7636251493750342e-06,,,
A-Ra1e5-fine,7840,1.242960414532024e-06,1.523259218596813e-06,3.056692536038748e-07,4.190687250899313e-07,4.528470740660171,,,,,4.528470740660171,4.528478722453929,1.7625788442101275e-06,,,
A-Ra1e5-fine,7841,1.240571856613859e-06,1.520202877564427e-06,3.066705375213607e-07,4.194140615470197e-07,4.528469980548265,,,,,4.528469980548265,4.528477957600832,1.7615321676616275e-06,,,
A-Ra1e5-fine,7842,1.238174763989089e-06,1.517136733235796e-06,3.076722556569812e-07,4.197591429477215e-07,4.528469208756972,,,,,4.528469208756972,4.528477181070958,1.760486071732513e-06,,,
A-Ra1e5-fine,7843,1.235769509371017e-06,1.514060760309739e-06,3.086728721386919e-07,4.201032412867131e-07,4.528468425321081,,,,,4.528468425321081,4.528476392898528,1.7594404310732248e-06,,,
A-Ra1e5-fine,7844,1.233355979153319e-06,1.510975007249622e-06,3.096730240533165e-07,4.20449043113867e-07,4.528467630277078,,,,,4.528467630277078,4.528475593118107,1.7583948210362525e-06,,,
A-Ra1e5-fine,7845,1.23093400789369e-06,1.507879590091312e-06,3.106734815602939e-07,4.208036814289589e-07,4.528466823662371,,,,,4.528466823662371,4.528474781765954,1.7573489881966232e-06,,,
A-Ra1e5-fine,7846,1.228503588534883e-06,1.504774543386156e-06,3.116747001893675e-07,4.211611704308253e-07,4.528466005506517,,,,,4.528466005506517,4.5284739588764085,1.7563039885091463e-06,,,
A-Ra1e5-fine,7847,1.226064714522644e-06,1.501659850536062e-06,3.126741887831079e-07,4.21518171906918e-07,4.528465175851694,,,,,4.528465175851694,4.528473124488463,1.7552591186206423e-06,,,
A-Ra1e5-fine,7848,1.223617307667778e-06,1.498535665119402e-06,3.136739086282631e-07,4.21872839028487e-07,4.5284643347289375,,,,,4.5284643347289375,4.52847227863042,1.7542137748168403e-06,,,
A-Ra1e5-fine,7849,1.221161868325577e-06,1.495401938804992e-06,3.146740093823492e-07,4.222266231906748e-07,4.5284634821734935,,,,,4.5284634821734935,4.528471421345492,1.7531697165765813e-06,,,
A-Ra1e5-fine,7850,1.218699015922497e-06,1.492258740493316e-06,3.156734536154522e-07,4.225836531484414e-07,4.5284626182244665,,,,,4.5284626182244665,4.528470552663567,1.7521249082225357e-06,,,
A-Ra1e5-fine,7851,1.216228703802121e-06,1.489106281702143e-06,3.166712734668545e-07,4.22946496101267e-07,4.528461742913919,,,,,4.528461742913919,4.528469672622171,1.7510805565350076e-06,,,
A-Ra1e5-fine,7852,1.213751430241117e-06,1.485944936232029e-06,3.176682734122859e-07,4.233087196847826e-07,4.528460856277548,,,,,4.528460856277548,4.528468781258472,1.7500369862874844e-06,,,
A-Ra1e5-fine,7853,1.211266746598364e-06,1.482774535917658e-06,3.186655297501911e-07,4.236686817011915e-07,4.528459958354575,,,,,4.528459958354575,4.528467878606355,1.7489930188989908e-06,,,
A-Ra1e5-fine,7854,1.208774981525693e-06,1.479595445419761e-06,3.196635748734082e-07,4.240267937919711e-07,4.52845904917649,,,,,4.52845904917649,4.52846696470049,1.7479493566989198e-06,,,
A-Ra1e5-fine,7855,1.206275131685061e-06,1.476407822713951e-06,3.206595986750246e-07,4.243851741508177e-07,4.528458128782633,,,,,4.528458128782633,4.52846603958044,1.7469060488937035e-06,,,
A-Ra1e5-fine,7856,1.203767930358546e-06,1.473211414059335e-06,3.216539862355828e-07,4.247473469461968e-07,4.528457197206764,,,,,4.528457197206764,4.528465103278155,1.7458626955489667e-06,,,
A-Ra1e5-fine,7857,1.201252795028091e-06,1.470006149690632e-06,3.22647433900679e-07,4.251115605814621e-07,4.52845625448538,,,,,4.52845625448538,4.528464155832853,1.7448198979847455e-06,,,
A-Ra1e5-fine,7858,1.198729535417653e-06,1.466791834876111e-06,3.236407122964255e-07,4.254736556325125e-07,4.528455300653033,,,,,4.528455300653033,4.5284631972783025,1.743777482603197e-06,,,
A-Ra1e5-fine,7859,1.196198626324211e-06,1.46356847769374e-06,3.24633333850026e-07,4.258327346287224e-07,4.528454335749193,,,,,4.528454335749193,4.528462227650427,1.7427346666170684e-06,,,
A-Ra1e5-fine,7860,1.19366006372047e-06,1.460336213591161e-06,3.256238741669511e-07,4.261910465140873e-07,4.528453359807258,,,,,4.528453359807258,4.528461246987765,1.7416925852205114e-06,,,
A-Ra1e5-fine,7861,1.191113747874035e-06,1.457095246861079e-06,3.266136196238829e-07,4.265533470145294e-07,4.528452372863853,,,,,4.528452372863853,4.5284602553238535,1.7406505558510591e-06,,,
A-Ra1e5-fine,7862,1.188559605980775e-06,1.453845839604735e-06,3.276026179676001e-07,4.269191771714126e-07,4.528451374954443,,,,,4.528451374954443,4.528459252695985,1.7396089827167866e-06,,,
A-Ra1e5-fine,7863,1.185997819164539e-06,1.450587857539567e-06,3.285898722186401e-07,4.272842057345515e-07,4.528450366117114,,,,,4.528450366117114,4.528458239139175,1.738567187569176e-06,,,
A-Ra1e5-fine,7864,1.183428891351113e-06,1.447321294697698e-06,3.295759965603937e-07,4.276450159748787e-07,4.528449346385855,,,,,4.528449346385855,4.528457214691504,1.737526073774589e-06,,,
A-Ra1e5-fine,7865,1.180852601201169e-06,1.444045932871639e-06,3.305612828827139e-07,4.280060798086911e-07,4.528448315800688,,,,,4.528448315800688,4.528456179389355,1.7364848379510132e-06,,,
A-Ra1e5-fine,7866,1.178268366930793e-06,1.440761863609646e-06,3.315458437524631e-07,4.283665501902026e-07,4.528447274393445,,,,,4.528447274393445,4.528455133265813,1.7354437564297429e-06,,,
A-Ra1e5-fine,7867,1.175676331269982e-06,1.437469189632619e-06,3.325279714646443e-07,4.287283990976773e-07,4.528446222204027,,,,,4.528446222204027,4.528454076361575,1.734403005119269e-06,,,
A-Ra1e5-fine,7868,1.173077161336074e-06,1.434168344106795e-06,3.335077618530036e-07,4.290922560983179e-07,4.528445159265176,,,,,4.528445159265176,4.52845300871211,1.733363186519988e-06,,,
A-Ra1e5-fine,7869,1.170470936280007e-06,1.430859080004676e-06,3.344864550877739e-07,4.294556169675814e-07,4.528444085617594,,,,,4.528444085617594,4.528451930351868,1.732322919441687e-06,,,
A-Ra1e5-fine,7870,1.16785726441221e-06,1.427541475722015e-06,3.354642262383997e-07,4.298161193312928e-07,4.528443001296408,,,,,4.528443001296408,4.528450841319048,1.7312828826793742e-06,,,
A-Ra1e5-fine,7871,1.165236164882463e-06,1.424215699228117e-06,3.364400434572947e-07,4.301769754025864e-07,4.528441906336637,,,,,4.528441906336637,4.528449741649229,1.7302431997762694e-06,,,
A-Ra1e5-fine,7872,1.162607501806664e-06,1.420882102159767e-06,3.374143907453311e-07,4.305370487394361e-07,4.528440800777045,,,,,4.528440800777045,4.52844863138096,1.7292038228540373e-06,,,
A-Ra1e5-fine,7873,1.159971523944007e-06,1.417540407435621e-06,3.38386508631387e-07,4.309038840437166e-07,4.528439684651517,,,,,4.528439684651517,4.528447510548564,1.728164849174688e-06,,,
A-Ra1e5-fine,7874,1.157328497215107e-06,1.41419051125883e-06,3.393588554814014e-07,4.312688607262535e-07,4.528438558001424,,,,,4.528438558001424,4.528446379191496,1.7271258552640147e-06,,,
A-Ra1e5-fine,7875,1.15467869721159e-06,1.410832597249085e-06,3.403285310527509e-07,4.316321471835611e-07,4.528437420858836,,,,,4.528437420858836,4.528445237342726,1.7260870401777235e-06,,,
A-Ra1e5-fine,7876,1.152022998653379e-06,1.407466917847528e-06,3.412953935005e-07,4.319943818217041e-07,4.528436273263879,,,,,4.528436273263879,4.528444085043748,1.72504870554637e-06,,,
A-Ra1e5-fine,7877,1.149360939869528e-06,1.404093500010147e-06,3.422599823717165e-07,4.323558472436203e-07,4.528435115250662,,,,,4.528435115250662,4.52844292232799,1.7240107011120433e-06,,,
A-Ra1e5-fine,7878,1.146692372781707e-06,1.400712262020096e-06,3.432236751787035e-07,4.327185854194426e-07,4.528433946859311,,,,,4.528433946859311,4.528441749233527,1.7229725741768106e-06,,,
A-Ra1e5-fine,7879,1.144017035028532e-06,1.397323175293993e-06,3.441858588103878e-07,4.330819458508868e-07,4.528432768123025,,,,,4.528432768123025,4.528440565796859,1.7219350533563753e-06,,,
A-Ra1e5-fine,7880,1.141334943589353e-06,1.3939265377095e-06,3.451452233519351e-07,4.334439650078844e-07,4.528431579082735,,,,,4.528431579082735,4.528439372055847,1.7208974609874922e-06,,,
A-Ra1e5-fine,7881,1.138646115759675e-06,1.390522638496174e-06,3.461016984011067e-07,4.338037447340373e-07,4.528430379772204,,,,,4.528430379772204,4.5284381680477725,1.7198605737388504e-06,,,
A-Ra1e5-fine,7882,1.135950264164522e-06,1.387111350400468e-06,3.470567951909503e-07,4.34163354057861e-07,4.528429170230541,,,,,4.528429170230541,4.528436953809026,1.7188237914204495e-06,,,
A-Ra1e5-fine,7883,1.133247986530595e-06,1.383692458416303e-06,3.480102910694463e-07,4.345199687111313e-07,4.528427950493783,,,,,4.528427950493783,4.528435729375178,1.7177870110415329e-06,,,
A-Ra1e5-fine,7884,1.130539850633668e-06,1.380265831898139e-06,3.489611176232901e-07,4.348789111804835e-07,4.528426720599669,,,,,4.528426720599669,4.528434494785914,1.7167506623096365e-06,,,
A-Ra1e5-fine,7885,1.127824863555069e-06,1.376831606018692e-06,3.499089081465671e-07,4.352394019101089e-07,4.528425480586409,,,,,4.528425480586409,4.5284332500778435,1.7157143917707156e-06,,,
A-Ra1e5-fine,7886,1.125103131838399e-06,1.373390038891944e-06,3.5085449224695e-07,4.355977780953043e-07,4.528424230487986,,,,,4.528424230487986,4.528431995288138,1.7146789035252387e-06,,,
A-Ra1e5-fine,7887,1.12237478787698e-06,1.36994095548849e-06,3.517993357945871e-07,4.359563092880946e-07,4.528422970344538,,,,,4.528422970344538,4.528430730452262,1.7136431658878527e-06,,,
A-Ra1e5-fine,7888,1.119640064095908e-06,1.366484537597174e-06,3.527414070036065e-07,4.363127716706864e-07,4.528421700193008,,,,,4.528421700193008,4.528429455610582,1.71260793414904e-06,,,
A-Ra1e5-fine,7889,1.116898995129049e-06,1.363021011923976e-06,3.53680254288102e-07,4.366658038648176e-07,4.528420420070009,,,,,4.528420420070009,4.528428170798337,1.7115729054577367e-06,,,
A-Ra1e5-fine,7890,1.114151672204616e-06,1.359550400814749e-06,3.546165567674203e-07,4.370209198811154e-07,4.528419130012933,,,,,4.528419130012933,4.528426876053617,1.7105382333660646e-06,,,
A-Ra1e5-fine,7891,1.111398082746209e-06,1.356072675634516e-06,3.555508607366624e-07,4.373733867604568e-07,4.52841783005965,,,,,4.52841783005965,4.528425571414619,1.7095039908150902e-06,,,
A-Ra1e5-fine,7892,1.108638435611796e-06,1.352587840380673e-06,3.564834012526821e-07,4.377256140990043e-07,4.528416520249151,,,,,4.528416520249151,4.528424256916812,1.7084693991313118e-06,,,
A-Ra1e5-fine,7893,1.105873179780762e-06,1.34909587182611e-06,3.574133001181596e-07,4.380763397342479e-07,4.528415200613952,,,,,4.528415200613952,4.528422932599188,1.7074358892902284e-06,,,
A-Ra1e5-fine,7894,1.103101830434053e-06,1.345597185658045e-06,3.583396586764585e-07,4.384238901612661e-07,4.528413871198496,,,,,4.528413871198496,4.528421598498928,1.7064018568914285e-06,,,
A-Ra1e5-fine,7895,1.100324274273773e-06,1.342091595535412e-06,3.592630347566068e-07,4.387739786291797e-07,4.528412532034396,,,,,4.528412532034396,4.528420254653429,1.705368579534507e-06,,,
A-Ra1e5-fine,7896,1.097540617944082e-06,1.338579263035989e-06,3.601845174919128e-07,4.391241045489925e-07,4.528411183162919,,,,,4.528411183162919,4.528418901100783,1.704335356213826e-06,,,
A-Ra1e5-fine,7897,1.09475080543939e-06,1.33506032605848e-06,3.61103697030773e-07,4.394738018671856e-07,4.528409824620099,,,,,4.528409824620099,4.528417537878957,1.7033026133054031e-06,,,
A-Ra1e5-fine,7898,1.09195494924639e-06,1.331534787272381e-06,3.620197145411407e-07,4.3982127257547e-07,4.528408456444255,,,,,4.528408456444255,4.528416165024216,1.7022698977180696e-06,,,
A-Ra1e5-fine,7899,1.089153262453116e-06,1.328002874696998e-06,3.6293250848354e-07,4.401653668385465e-07,4.52840707867165,,,,,4.52840707867165,4.528414782575557,1.701237812741391e-06,,,
A-Ra1e5-fine,7900,1.08634697412036e-06,1.324464433489214e-06,3.638423064568679e-07,4.405095563218702e-07,4.528405691343098,,,,,4.528405691343098,4.528413390568565,1.7002052039059737e-06,,,
A-Ra1e5-fine,7901,1.083535884504101e-06,1.32091949371611e-06,3.647490276825312e-07,4.408577155456203e-07,4.528404294492704,,,,,4.528404294492704,4.528411989043708,1.6991734761043692e-06,,,
A-Ra1e5-fine,7902,1.080720088604195e-06,1.317368054570828e-06,3.656524725582359e-07,4.412050958576997e-07,4.528402888159237,,,,,4.528402888159237,4.5284105780386215,1.6981423794407502e-06,,,
A-Ra1e5-fine,7903,1.077898610357232e-06,1.31381026855147e-06,3.665530559932574e-07,4.415504037470378e-07,4.528401472382712,,,,,4.528401472382712,4.528409157589912,1.6971111605406396e-06,,,
A-Ra1e5-fine,7904,1.0750713449101e-06,1.31024621816136e-06,3.674520988613784e-07,4.418933472383652e-07,4.528400047199289,,,,,4.528400047199289,4.528407727736,1.6960803191354404e-06,,,
A-Ra1e5-fine,7905,1.072238061935805e-06,1.306675768392644e-06,3.683493045549473e-07,4.422338764966115e-07,4.528398612646016,,,,,4.528398612646016,4.5284062885132705,1.6950497086924647e-06,,,
A-Ra1e5-fine,7906,1.069399002174933e-06,1.303098768997897e-06,3.692427653664171e-07,4.425766588740138e-07,4.528397168762243,,,,,4.528397168762243,4.5284048399626515,1.694019677330335e-06,,,
A-Ra1e5-fine,7907,1.066554548433896e-06,1.299515275093134e-06,3.701327893521634e-07,4.42919156642997e-07,4.5283957155855905,,,,,4.5283957155855905,4.528403382119725,1.6929897752916097e-06,,,
A-Ra1e5-fine,7908,1.063704374659503e-06,1.295925821572222e-06,3.710188168589132e-07,4.432578404076162e-07,4.52839425315483,,,,,4.52839425315483,4.528401915021324,1.6919595741965978e-06,,,
A-Ra1e5-fine,7909,1.060849628693809e-06,1.292330174076751e-06,3.719015949286057e-07,4.435938809902769e-07,4.528392781507927,,,,,4.528392781507927,4.5284004387088315,1.6909298287525053e-06,,,
A-Ra1e5-fine,7910,1.057989558286198e-06,1.288728263365206e-06,3.727819225502603e-07,4.439268487917159e-07,4.528391300680711,,,,,4.528391300680711,4.528398953217721,1.6899004604860414e-06,,,
A-Ra1e5-fine,7911,1.055123929181313e-06,1.285120099986127e-06,3.73658419620651e-07,4.442611025439201e-07,4.528389810713185,,,,,4.528389810713185,4.528397458587212,1.6888712959928255e-06,,,
A-Ra1e5-fine,7912,1.052253016507203e-06,1.28150567331213e-06,3.745317256957578e-07,4.445972703527526e-07,4.528388311640361,,,,,4.528388311640361,4.5283959548565225,1.6878432645429566e-06,,,
A-Ra1e5-fine,7913,1.049376799355318e-06,1.277885421885098e-06,3.754023109944936e-07,4.449300055430012e-07,4.528386803504192,,,,,4.528386803504192,4.5283944420599935,1.6868146848431527e-06,,,
A-Ra1e5-fine,7914,1.046495038228573e-06,1.274259721434528e-06,3.762698245693203e-07,4.452595641177929e-07,4.528385286340724,,,,,4.528385286340724,4.52839292024014,1.6857869857200815e-06,,,
A-Ra1e5-fine,7915,1.043607939885855e-06,1.270628457580796e-06,3.771338710484363e-07,4.455890042757886e-07,4.528383760188602,,,,,4.528383760188602,4.528391389433684,1.68475974193229e-06,,,
A-Ra1e5-fine,7916,1.040716224389476e-06,1.266991891990034e-06,3.779941149114201e-07,4.459158760866111e-07,4.528382225086035,,,,,4.528382225086035,4.528389849678026,1.6837327755649348e-06,,,
A-Ra1e5-fine,7917,1.03781955701223e-06,1.263349833208224e-06,3.78851061285818e-07,4.462426214264204e-07,4.528380681069847,,,,,4.528380681069847,4.528388301009774,1.682706038349155e-06,,,
A-Ra1e5-fine,7918,1.03491764808636e-06,1.259702678856391e-06,3.797051418759746e-07,4.465689773813247e-07,4.528379128181767,,,,,4.528379128181767,4.528386743471223,1.681679655594354e-06,,,
A-Ra1e5-fine,7919,1.032010247091485e-06,1.256050191211696e-06,3.805560638612429e-07,4.468933889671814e-07,4.5283775664556725,,,,,4.5283775664556725,4.528385177097492,1.6806539014801307e-06,,,
A-Ra1e5-fine,7920,1.029097565285797e-06,1.252392203138783e-06,3.814024457411164e-07,4.472163372392221e-07,4.5283759959353365,,,,,4.5283759959353365,4.52838360192634,1.6796274475567051e-06,,,
A-Ra1e5-fine,7921,1.026179675132778e-06,1.248728505766021e-06,3.822449591891934e-07,4.475374447174915e-07,4.5283744166536035,,,,,4.5283744166536035,4.528382017999365,1.6786022273131924e-06,,,
A-Ra1e5-fine,7922,1.023257456543725e-06,1.245059159285162e-06,3.830844983428131e-07,4.478549509568971e-07,4.528372828650053,,,,,4.528372828650053,4.528380425351591,1.6775772343564612e-06,,,
A-Ra1e5-fine,7923,1.02033146933257e-06,1.241384402948122e-06,3.839214193311803e-07,4.481726432292433e-07,4.528371231964452,,,,,4.528371231964452,4.528378824023026,1.6765525220151163e-06,,,
A-Ra1e5-fine,7924,1.017401465357575e-06,1.237704488417299e-06,3.847550244219901e-07,4.484880955703883e-07,4.528369626635939,,,,,4.528369626635939,4.528377214051534,1.675527808813722e-06,,,
A-Ra1e5-fine,7925,1.014467071236308e-06,1.234019331486317e-06,3.855847284602937e-07,4.488020289501811e-07,4.528368012700413,,,,,4.528368012700413,4.528375595474974,1.674503527801884e-06,,,
A-Ra1e5-fine,7926,1.011528121114861e-06,1.230329069660394e-06,3.864105571304686e-07,4.491177638014677e-07,4.528366390197787,,,,,4.528366390197787,4.528373968334837,1.6734800271013687e-06,,,
A-Ra1e5-fine,7927,1.008584367253949e-06,1.226633863134708e-06,3.872323353329248e-07,4.49430656256133e-07,4.528364759164106,,,,,4.528364759164106,4.528372332664664,1.6724567537855278e-06,,,
A-Ra1e5-fine,7928,1.005636191013506e-06,1.222933364393835e-06,3.880513722749693e-07,4.497436729556922e-07,4.528363119643243,,,,,4.528363119643243,4.528370688505379,1.671433056659711e-06,,,
A-Ra1e5-fine,7929,1.002684048361952e-06,1.219227663341661e-06,3.88866710447064e-07,4.500554444642444e-07,4.5283614716680685,,,,,4.5283614716680685,4.528369035896437,1.670410389665396e-06,,,
A-Ra1e5-fine,7930,9.997274576035892e-07,1.215516660581794e-06,3.896777476180121e-07,4.503651204678605e-07,4.528359815279031,,,,,4.528359815279031,4.528367374875007,1.6693880288430121e-06,,,
A-Ra1e5-fine,7931,9.967665576825678e-07,1.211800820837393e-06,3.904846600318744e-07,4.506708975822562e-07,4.5283581505149195,,,,,4.5283581505149195,4.528365705479178,1.6683658194211e-06,,,
A-Ra1e5-fine,7932,9.938007782825416e-07,1.208080196857874e-06,3.912873523624243e-07,4.50973320432657e-07,4.528356477413583,,,,,4.528356477413583,4.528364027747831,1.6673439892910752e-06,,,
A-Ra1e5-fine,7933,9.908309127227544e-07,1.204354790689499e-06,3.920864642246189e-07,4.512750740860274e-07,4.5283547960144706,,,,,4.5283547960144706,4.5283623417203005,1.6663225129354178e-06,,,
A-Ra1e5-fine,7934,9.87857124187974e-07,1.200624789241037e-06,3.928825974619766e-07,4.515802483958319e-07,4.528353106354417,,,,,4.528353106354417,4.528360647433763,1.6653014660441884e-06,,,
A-Ra1e5-fine,7935,9.848786924530526e-07,1.196889719498577e-06,3.936744599774782e-07,4.51880478944769e-07,4.528351408473782,,,,,4.528351408473782,4.528358944928686,1.664280872526153e-06,,,
A-Ra1e5-fine,7936,9.818959565757133e-07,1.193149883249217e-06,3.94462261543482e-07,4.521786461357827e-07,4.528349702412016,,,,,4.528349702412016,4.528357234240437,1.6632598301315571e-06,,,
A-Ra1e5-fine,7937,9.789094280259564e-07,1.189405788871769e-06,3.952460458416373e-07,4.524739677679469e-07,4.528347988202997,,,,,4.528347988202997,4.5283555154115245,1.6622402454904602e-06,,,
A-Ra1e5-fine,7938,9.75919082507327e-07,1.185657051935557e-06,3.960263399663115e-07,4.527682649770301e-07,4.528346265890719,,,,,4.528346265890719,4.528353788478104,1.6612203870840922e-06,,,
A-Ra1e5-fine,7939,9.729254334020127e-07,1.181904146057471e-06,3.96803398522182e-07,4.530624785940738e-07,4.528344535509406,,,,,4.528344535509406,4.528352053478604,1.6602011834077561e-06,,,
A-Ra1e5-fine,7940,9.699274878899331e-07,1.178146368662051e-06,3.975763811838261e-07,4.53355216845889e-07,4.528342797101688,,,,,4.528342797101688,4.528350310453154,1.6591820827069019e-06,,,
A-Ra1e5-fine,7941,9.669254845521409e-07,1.174383826868389e-06,3.983451549101045e-07,4.536440138855665e-07,4.528341050702124,,,,,4.528341050702124,4.528348559438363,1.658163537060234e-06,,,
A-Ra1e5-fine,7942,9.639193120811885e-07,1.170616670374376e-06,3.991092788014478e-07,4.539311789139125e-07,4.528339296353693,,,,,4.528339296353693,4.528346800473676,1.6571447664086144e-06,,,
A-Ra1e5-fine,7943,9.609094123534891e-07,1.166845465425041e-06,3.99869547732767e-07,4.542160753351962e-07,4.528337534090498,,,,,4.528337534090498,4.528345033600477,1.6561273784732948e-06,,,
A-Ra1e5-fine,7944,9.578966693964619e-07,1.16307022599846e-06,4.006264575627044e-07,4.544973801258887e-07,4.528335763955396,,,,,4.528335763955396,4.5283432588526455,1.6551093906759427e-06,,,
A-Ra1e5-fine,7945,9.548808128251984e-07,1.159290588163792e-06,4.013794414936199e-07,4.547797710845734e-07,4.528333985983752,,,,,4.528333985983752,4.5283414762714544,1.6540921077055145e-06,,,
A-Ra1e5-fine,7946,9.518619090416141e-07,1.155506762730538e-06,4.021281638539975e-07,4.55060043539191e-07,4.528332200215233,,,,,4.528332200215233,4.528339685896231,1.6530754548145937e-06,,,
A-Ra1e5-fine,7947,9.488404897928255e-07,1.151719361311799e-06,4.028725963403752e-07,4.553371915003014e-07,4.528330406688952,,,,,4.528330406688952,4.5283378877647245,1.6520591301282673e-06,,,
A-Ra1e5-fine,7948,9.458158756058063e-07,1.147928409618926e-06,4.036130013142322e-07,4.556097684304986e-07,4.528328605445608,,,,,4.528328605445608,4.528336081916271,1.6510428333397091e-06,,,
A-Ra1e5-fine,7949,9.427865875659138e-07,1.144133823310065e-06,4.043494591268387e-07,4.558858624506077e-07,4.528326796518404,,,,,4.528326796518404,4.52833426838747,1.6500273140710877e-06,,,
A-Ra1e5-fine,7950,9.397545536780594e-07,1.140334796724295e-06,4.050817988842609e-07,4.561537990349354e-07,4.528324979952116,,,,,4.528324979952116,4.528332447220398,1.6490119764343844e-06,,,
A-Ra1e5-fine,7951,9.367189274218673e-07,1.136532545737304e-06,4.058102193164375e-07,4.564273958134029e-07,4.528323155781436,,,,,4.528323155781436,4.528330618450401,1.6479969645735984e-06,,,
A-Ra1e5-fine,7952,9.336799882360522e-07,1.132726630097795e-06,4.065345568772541e-07,4.566985401557272e-07,4.528321324045577,,,,,4.528321324045577,4.528328782117504,1.6469824581323738e-06,,,
A-Ra1e5-fine,7953,9.306378163537077e-07,1.128916955382052e-06,4.072545791599286e-07,4.569654461988363e-07,4.528319484783196,,,,,4.528319484783196,4.528326938263992,1.6459692579249335e-06,,,
A-Ra1e5-fine,7954,9.27592416947565e-07,1.125104006928353e-06,4.079704438720101e-07,4.572298551844314e-07,4.528317638032949,,,,,4.528317638032949,4.5283250869231795,1.644956184553603e-06,,,
A-Ra1e5-fine,7955,9.245442977263453e-07,1.121287487996643e-06,4.086815279150167e-07,4.574931781686558e-07,4.52831578383473,,,,,4.52831578383473,4.528323228135764,1.6439434153082117e-06,,,
A-Ra1e5-fine,7956,9.214932859337165e-07,1.117466949066094e-06,4.09388447065571e-07,4.577569534117206e-07,4.528313922228223,,,,,4.528313922228223,4.528321361940632,1.6429307740373144e-06,,,
A-Ra1e5-fine,7957,9.184382858205626e-07,1.113642629194402e-06,4.100907750899058e-07,4.580185946084301e-07,4.52831205324981,,,,,4.52831205324981,4.52831948837586,1.6419186353477083e-06,,,
A-Ra1e5-fine,7958,9.153801427120571e-07,1.109814931976643e-06,4.107885830107274e-07,4.58277426743834e-07,4.52831017694075,,,,,4.52831017694075,4.52831760748238,1.640906926256518e-06,,,
A-Ra1e5-fine,7959,9.123191918874686e-07,1.105983486538041e-06,4.114825937123532e-07,4.58533377391012e-07,4.528308293339481,,,,,4.528308293339481,4.528315719297485,1.6398953945109476e-06,,,
A-Ra1e5-fine,7960,9.092553952486618e-07,1.10214885282048e-06,4.121720529410009e-07,4.587874342114975e-07,4.528306402483736,,,,,4.528306402483736,4.528313823857891,1.638883815317514e-06,,,
A-Ra1e5-fine,7961,9.061881279294245e-07,1.098310873328757e-06,4.128573101661405e-07,4.590406005308305e-07,4.528304504413773,,,,,4.528304504413773,4.528311921205432,1.637872536607261e-06,,,
A-Ra1e5-fine,7962,9.03117387243966e-07,1.094469864575374e-06,4.135378948112752e-07,4.5929286121626e-07,4.5283025991668655,,,,,4.5283025991668655,4.528310011376269,1.6368613127961714e-06,,,
A-Ra1e5-fine,7963,9.000447468309168e-07,1.090625849012705e-06,4.142140190139548e-07,4.595418845062103e-07,4.528300686783268,,,,,4.528300686783268,4.528308094411774,1.6358503906079927e-06,,,
A-Ra1e5-fine,7964,8.969700395268891e-07,1.086778321657227e-06,4.148861820173122e-07,4.597876746226273e-07,4.528298767299248,,,,,4.528298767299248,4.528306170350266,1.6348402231068226e-06,,,
A-Ra1e5-fine,7965,8.938932096518531e-07,1.082927129639801e-06,4.155543791601827e-07,4.60030689782286e-07,4.528296840753569,,,,,4.528296840753569,4.528304239227101,1.633830057492255e-06,,,
A-Ra1e5-fine,7966,8.908133651417118e-07,1.079073677402478e-06,4.162186122801184e-07,4.602693473096119e-07,4.528294907187955,,,,,4.528294907187955,4.528302301087868,1.632820747735396e-06,,,
A-Ra1e5-fine,7967,8.877312598914074e-07,1.07521690108799e-06,4.168785820696199e-07,4.605111901660506e-07,4.528292966637535,,,,,4.528292966637535,4.528300355964283,1.631811539859878e-06,,,
A-Ra1e5-fine,7968,8.84647386724567e-07,1.071357423933829e-06,4.175343418505894e-07,4.607478033271816e-07,4.528291019144604,,,,,4.528291019144604,4.528298403899998,1.6308027335471661e-06,,,
A-Ra1e5-fine,7969,8.815604287892482e-07,1.067495537833339e-06,4.181857018984502e-07,4.609799297321549e-07,4.5282890647453105,,,,,4.5282890647453105,4.528296444930835,1.6297942567968828e-06,,,
A-Ra1e5-fine,7970,8.784718752899288e-07,1.063630611106366e-06,4.188325599438587e-07,4.612120923156298e-07,4.528287103479897,,,,,4.528287103479897,4.528294479098281,1.6287863839898376e-06,,,
A-Ra1e5-fine,7971,8.753811216898409e-07,1.059763629727986e-06,4.194748712239628e-07,4.614408862725619e-07,4.528285135385315,,,,,4.528285135385315,4.528292506439743,1.6277792163170905e-06,,,
A-Ra1e5-fine,7972,8.722872210734241e-07,1.055893989495224e-06,4.201123464498014e-07,4.616658634466105e-07,4.528283160501816,,,,,4.528283160501816,4.528290526992626,1.626772124543768e-06,,,
A-Ra1e5-fine,7973,8.691911659229844e-07,1.052021144756675e-06,4.207454409023849e-07,4.618927569771724e-07,4.528281178868155,,,,,4.528281178868155,4.528288540797622,1.625765537021241e-06,,,
A-Ra1e5-fine,7974,8.660925777030325e-07,1.048146578234711e-06,4.213746970829386e-07,4.621171876883708e-07,4.528279190522538,,,,,4.528279190522538,4.528286547891573,1.6247591520685427e-06,,,
A-Ra1e5-fine,7975,8.629915012852807e-07,1.044269725729076e-06,4.219996221367025e-07,4.623365447646126e-07,4.528277195504073,,,,,4.528277195504073,4.52828454831722,1.6237537722729443e-06,,,
A-Ra1e5-fine,7976,8.598885415542056e-07,1.040390062879218e-06,4.226194537099166e-07,4.625574809919135e-07,4.528275193852211,,,,,4.528275193852211,4.528282542108901,1.6227482680455586e-06,,,
A-Ra1e5-fine,7977,8.567844657352239e-07,1.036508105162889e-06,4.232347414699742e-07,4.62773921715768e-07,4.52827318560526,,,,,4.52827318560526,4.528280529306518,1.621742991832248e-06,,,
A-Ra1e5-fine,7978,8.536787834210984e-07,1.032623985285118e-06,4.238452755410907e-07,4.629880881009695e-07,4.5282711708002825,,,,,4.5282711708002825,4.52827850995168,1.6207389472661555e-06,,,
A-Ra1e5-fine,7979,8.50570921719265e-07,1.028737502826103e-06,4.244509109826104e-07,4.632031112225649e-07,4.5282691494777545,,,,,4.5282691494777545,4.528276484079516,1.6197349537604115e-06,,,
A-Ra1e5-fine,7980,8.474604514376302e-07,1.02484899679855e-06,4.250519326675369e-07,4.634113502910731e-07,4.528267121678599,,,,,4.528267121678599,4.528274451728908,1.6187305605650453e-06,,,
A-Ra1e5-fine,7981,8.443477324549713e-07,1.020958047203852e-06,4.256480781521575e-07,4.636140107560279e-07,4.528265087436695,,,,,4.528265087436695,4.52827241294306,1.6177278267479406e-06,,,
A-Ra1e5-fine,7982,8.412332455090638e-07,1.017064487816645e-06,4.262397441311365e-07,4.638183250677929e-07,4.528263046793882,,,,,4.528263046793882,4.5282703677555,1.6167249173952522e-06,,,
A-Ra1e5-fine,7983,8.381168300039114e-07,1.013169243617624e-06,4.268262034095957e-07,4.640193259733819e-07,4.528260999789156,,,,,4.528260999789156,4.5282683162062565,1.615722059815826e-06,,,
A-Ra1e5-fine,7984,8.349993937094984e-07,1.009272672062305e-06,4.274082614637602e-07,4.642160713512646e-07,4.528258946459347,,,,,4.528258946459347,4.52826625833716,1.614720358658171e-06,,,
A-Ra1e5-fine,7985,8.318810365067559e-07,1.005374794611935e-06,4.27985866825984e-07,4.644150006326368e-07,4.528256886843563,,,,,4.528256886843563,4.528264194182316,1.6137187088471456e-06,,,
A-Ra1e5-fine,7986,8.287630099992446e-07,1.001475247444179e-06,4.285594344554647e-07,4.646067144652313e-07,4.528254820982624,,,,,4.528254820982624,4.528262123783566,1.6127173365148258e-06,,,
A-Ra1e5-fine,7987,8.256436335613424e-07,9.975738310983687e-07,4.291289013889025e-07,4.647931277857011e-07,4.528252748912336,,,,,4.528252748912336,4.5282600471786525,1.6117166686441265e-06,,,
A-Ra1e5-fine,7988,8.225231272503168e-07,9.936706443402e-07,4.296943151075113e-07,4.649821496188518e-07,4.528250670672605,,,,,4.528250670672605,4.528257964406227,1.6107164284623262e-06,,,
A-Ra1e5-fine,7989,8.194010711138059e-07,9.897654587667093e-07,4.302550737639401e-07,4.65167755217163e-07,4.528248586304701,,,,,4.528248586304701,4.528255875505171,1.609716088723189e-06,,,
A-Ra1e5-fine,7990,8.162773848922457e-07,9.858586626413758e-07,4.308116463801669e-07,4.65347343277303e-07,4.528246495841589,,,,,4.528246495841589,4.528253780514819,1.6087170557452502e-06,,,
A-Ra1e5-fine,7991,8.131522049214242e-07,9.819496124021423e-07,4.313634864253196e-07,4.65528861260131e-07,4.528244399326923,,,,,4.528244399326923,4.528251679473374,1.6077181257899403e-06,,,
A-Ra1e5-fine,7992,8.100262789496995e-07,9.780386374291046e-07,4.319103915751138e-07,4.657038945229991e-07,4.528242296798907,,,,,4.528242296798907,4.5282495724169864,1.6067188453603074e-06,,,
A-Ra1e5-fine,7993,8.068987238874737e-07,9.741259316797237e-07,4.324527700331609e-07,4.658722267198514e-07,4.528240188292212,,,,,4.528240188292212,4.528247459388399,1.6057209967797466e-06,,,
A-Ra1e5-fine,7994,8.037705113077278e-07,9.702117337773604e-07,4.329906784019928e-07,4.660467857019168e-07,4.528238073848345,,,,,4.528238073848345,4.528245340424681,1.604723600499201e-06,,,
A-Ra1e5-fine,7995,8.006410956167563e-07,9.662964867632249e-07,4.335238942256085e-07,4.662172081886174e-07,4.528235953509352,,,,,4.528235953509352,4.528243215562887,1.6037255537904906e-06,,,
A-Ra1e5-fine,7996,7.975106764997261e-07,9.623807861267808e-07,4.340519449861285e-07,4.663841837741838e-07,4.528233827305714,,,,,4.528233827305714,4.52824108484383,1.602729138358303e-06,,,
A-Ra1e5-fine,7997,7.943791693636431e-07,9.58464090884377e-07,4.345750518658927e-07,4.665511067551716e-07,4.528231695283696,,,,,4.528231695283696,4.5282389483057175,1.6017325747833257e-06,,,
A-Ra1e5-fine,7998,7.912462564618651e-07,9.545458889454075e-07,4.350938981109336e-07,4.667130838928572e-07,4.528229557477627,,,,,4.528229557477627,4.528236805985036,1.6007363396749677e-06,,,
A-Ra1e5-fine,7999,7.881117693460529e-07,9.506259237788441e-07,4.35608189671413e-07,4.668681835109094e-07,4.528227413926398,,,,,4.528227413926398,4.5282346579236235,1.5997410838163326e-06,,,
A-Ra1e5-fine,8000,7.849764243145403e-07,9.467043216343274e-07,4.361170278835165e-07,4.670272983231838e-07,4.528225264669799,,,,,4.528225264669799,4.528232504157179,1.598745903759054e-06,,,
A-Ra1e5-fine,8001,7.818417650058238e-07,9.427812567410352e-07,4.366210191751832e-07,4.671798938911467e-07,4.5282231097473895,,,,,4.5282231097473895,4.528230344726058,1.5977509750330566e-06,,,
A-Ra1e5-fine,8002,7.787078497372853e-07,9.388584213754889e-07,4.371206188602427e-07,4.67328046208966e-07,4.5282209491949725,,,,,4.5282209491949725,4.528228179669486,1.5967570535558978e-06,,,
A-Ra1e5-fine,8003,7.755726014129765e-07,9.349349039560716e-07,4.376154405456536e-07,4.674779486501808e-07,4.528218783053259,,,,,4.528218783053259,4.52822600902157,1.5957626809900843e-06,,,
A-Ra1e5-fine,8004,7.724367018814186e-07,9.310107700878913e-07,4.381053333917948e-07,4.676218642015551e-07,4.528216611357834,,,,,4.528216611357834,4.528223832825621,1.5947695633686706e-06,,,
A-Ra1e5-fine,8005,7.692994202837195e-07,9.270862626570301e-07,4.385905758362616e-07,4.677594445082083e-07,4.528214434150981,,,,,4.528214434150981,4.528221651120865,1.5937770257472917e-06,,,
A-Ra1e5-fine,8006,7.661627740868833e-07,9.231605235197918e-07,4.39071489905911e-07,4.679018975302299e-07,4.528212251469431,,,,,4.528212251469431,4.5282194639392435,1.5927840101150553e-06,,,
A-Ra1e5-fine,8007,7.630257823037746e-07,9.192341991619184e-07,4.395478782362685e-07,4.680359727957841e-07,4.52821006335319,,,,,4.52821006335319,4.52821727132589,1.5917916489836678e-06,,,
A-Ra1e5-fine,8008,7.598879210883879e-07,9.153067190432486e-07,4.400195880726114e-07,4.681715143665837e-07,4.528207869836821,,,,,4.528207869836821,4.528215073315824,1.590800042763663e-06,,,
A-Ra1e5-fine,8009,7.567506814030658e-07,9.113782188724288e-07,4.404865327647153e-07,4.68296923576895e-07,4.528205670961598,,,,,4.528205670961598,4.52821286994929,1.589808964696497e-06,,,
A-Ra1e5-fine,8010,7.536144024415935e-07,9.074496203572156e-07,4.409489459878321e-07,4.684250986501476e-07,4.528203466764464,,,,,4.528203466764464,4.528210661262213,1.5888181893977478e-06,,,
A-Ra1e5-fine,8011,7.50476959964732e-07,9.035208275073092e-07,4.41406783760062e-07,4.685455046438179e-07,4.52820125728533,,,,,4.52820125728533,4.528208447296994,1.5878282672288863e-06,,,
A-Ra1e5-fine,8012,7.473384665248088e-07,8.995915168117384e-07,4.418593488026402e-07,4.686718124839971e-07,4.528199042562846,,,,,4.528199042562846,4.528206228088312,1.5868383206279378e-06,,,
A-Ra1e5-fine,8013,7.441989720384516e-07,8.956618049176016e-07,4.423071408137161e-07,4.687912854308074e-07,4.528196822632595,,,,,4.528196822632595,4.528204003674932,1.5858490529500616e-06,,,
A-Ra1e5-fine,8014,7.410592347719502e-07,8.917314204944584e-07,4.427508208560553e-07,4.689112823857975e-07,4.528194597538123,,,,,4.528194597538123,4.528201774095967,1.5848594848319228e-06,,,
A-Ra1e5-fine,8015,7.379205867096636e-07,8.878008986681821e-07,4.431901676859766e-07,4.690239558587912e-07,4.528192367309996,,,,,4.528192367309996,4.528199539391541,1.5838717269628005e-06,,,
A-Ra1e5-fine,8016,7.347818596946823e-07,8.838696198564536e-07,4.436247387630127e-07,4.691370665470425e-07,4.52819013199428,,,,,4.52819013199428,4.528197299596105,1.5828832145478685e-06,,,
A-Ra1e5-fine,8017,7.316435546946585e-07,8.799386313774018e-07,4.440544129750022e-07,4.692438251945095e-07,4.528187891625637,,,,,4.528187891625637,4.528195054753202,1.5818959086185617e-06,,,
A-Ra1e5-fine,8018,7.285073688647496e-07,8.760077983612637e-07,4.444792714720853e-07,4.693527606231836e-07,4.5281856462415835,,,,,4.5281856462415835,4.528192804894779,1.5809085793366027e-06,,,
A-Ra1e5-fine,8019,7.253720773253673e-07,8.720773844452885e-07,4.448989741502727e-07,4.69452684152539e-07,4.52818339588066,,,,,4.52818339588066,4.528190550064257,1.579922304301593e-06,,,
A-Ra1e5-fine,8020,7.22237115486294e-07,8.681472262861607e-07,4.453136251252718e-07,4.69555006678184e-07,4.528181140583683,,,,,4.528181140583683,4.5281882902971144,1.5789359048663951e-06,,,
A-Ra1e5-fine,8021,7.191021811000963e-07,8.642169108600468e-07,4.457238301316801e-07,4.696485838063194e-07,4.528178880385899,,,,,4.528178880385899,4.528186025632797,1.5779503083861307e-06,,,
A-Ra1e5-fine,8022,7.15967232635468e-07,8.60285797680057e-07,4.461292328612554e-07,4.697442861775192e-07,4.52817661532731,,,,,4.52817661532731,4.528183756107455,1.5769646639699547e-06,,,
A-Ra1e5-fine,8023,7.128334000305948e-07,8.563546606359713e-07,4.465299752584417e-07,4.698327793177107e-07,4.528174345442497,,,,,4.528174345442497,4.528181481762022,1.5759803748211713e-06,,,
A-Ra1e5-fine,8024,7.097009526025925e-07,8.52424286637297e-07,4.469261935965142e-07,4.699240480314423e-07,4.528172070776807,,,,,4.528172070776807,4.528179202631623,1.5749951831010868e-06,,,
A-Ra1e5-fine,8025,7.065710654982612e-07,8.484948006842362e-07,4.473179537908596e-07,4.7000700711658e-07,4.5281697913607095,,,,,4.5281697913607095,4.5281769187595735,1.5740119260293617e-06,,,
A-Ra1e5-fine,8026,7.034418034358608e-07,8.445662972101973e-07,4.477049346034607e-07,4.700899370295388e-07,4.528167507236161,,,,,4.528167507236161,4.528174630177137,1.573028242006499e-06,,,
A-Ra1e5-fine,8027,7.003122988503686e-07,8.406390235925402e-07,4.480873090440266e-07,4.701676908568878e-07,4.528165218440336,,,,,4.528165218440336,4.528172336927632,1.572045488143219e-06,,,
A-Ra1e5-fine,8028,6.971832699626706e-07,8.367118979380685e-07,4.484650906076472e-07,4.702466185254158e-07,4.528162925011658,,,,,4.528162925011658,4.528170039046402,1.571062983604877e-06,,,
A-Ra1e5-fine,8029,6.94055011588871e-07,8.327852009392621e-07,4.48838366132855e-07,4.70319139848616e-07,4.528160626987183,,,,,4.528160626987183,4.528167736573254,1.570081336622292e-06,,,
A-Ra1e5-fine,8030,6.909263168313602e-07,8.288584581518491e-07,4.492069372304383e-07,4.703949190866689e-07,4.528158324407744,,,,,4.528158324407744,4.528165429542291,1.5690990605943142e-06,,,
A-Ra1e5-fine,8031,6.87798370035604e-07,8.249324325831783e-07,4.495705508513458e-07,4.70461707924084e-07,4.528156017306858,,,,,4.528156017306858,4.528163117996362,1.568118216209109e-06,,,
A-Ra1e5-fine,8032,6.84672006638375e-07,8.21007722670861e-07,4.499290653719055e-07,4.705302722378171e-07,4.528153705725687,,,,,4.528153705725687,4.528160801972423,1.5671378748988298e-06,,,
A-Ra1e5-fine,8033,6.815482634407896e-07,8.17084547997662e-07,4.502825003646221e-07,4.705896989436932e-07,4.528151389700951,,,,,4.528151389700951,4.528158481506625,1.566157910919301e-06,,,
A-Ra1e5-fine,8034,6.784265283954351e-07,8.13162816339539e-07,4.506308678060156e-07,4.706505093526407e-07,4.528149069272218,,,,,4.528149069272218,4.528156156635691,1.5651776958036748e-06,,,
A-Ra1e5-fine,8035,6.753057955834107e-07,8.092418966057515e-07,4.509747352740116e-07,4.707026738175444e-07,4.528146744473704,,,,,4.528146744473704,4.5281538274016855,1.5641989630735914e-06,,,
A-Ra1e5-fine,8036,6.721863538511679e-07,8.053213683284763e-07,4.513141369466193e-07,4.707594788849993e-07,4.528144415347011,,,,,4.528144415347011,4.52815149383837,1.5632199807457106e-06,,,
A-Ra1e5-fine,8037,6.690683346643201e-07,8.014015398833871e-07,4.516488435840853e-07,4.70806709782393e-07,4.5281420819275136,,,,,4.5281420819275136,4.528149155987239,1.562242101035273e-06,,,
A-Ra1e5-fine,8038,6.659514646926744e-07,7.974830060407863e-07,4.519789075703211e-07,4.708571205814875e-07,4.5281397442544185,,,,,4.5281397442544185,4.528146813881496,1.5612639975876369e-06,,,
A-Ra1e5-fine,8039,6.628355791014714e-07,7.935660616464415e-07,4.523038395920944e-07,4.709004640016771e-07,4.528137402364221,,,,,4.528137402364221,4.528144467562858,1.5602868237268952e-06,,,
A-Ra1e5-fine,8040,6.597213042766879e-07,7.896503316184471e-07,4.526237742042495e-07,4.709455023819778e-07,4.528135056295579,,,,,4.528135056295579,4.528142117069753,1.5593105288327e-06,,,
A-Ra1e5-fine,8041,6.566092339949481e-07,7.857368289794558e-07,4.529392943301209e-07,4.709896047021752e-07,4.528132706085442,,,,,4.528132706085442,4.528139762433216,1.5583338063596735e-06,,,
A-Ra1e5-fine,8042,6.535000021387623e-07,7.818242341568715e-07,4.532500817744407e-07,4.710246604196744e-07,4.528130351770985,,,,,4.528130351770985,4.528137403699635,1.5573586913118876e-06,,,
A-Ra1e5-fine,8043,6.503928037738826e-07,7.779115787686684e-07,4.535562197542971e-07,4.710617118609558e-07,4.528127993393126,,,,,4.528127993393126,4.528135040901068,1.5563832267202306e-06,,,
A-Ra1e5-fine,8044,6.47286476464292e-07,7.739999378946687e-07,4.538582089025573e-07,4.710979450331262e-07,4.528125630986094,,,,,4.528125630986094,4.528132674074233,1.5554079625652044e-06,,,
A-Ra1e5-fine,8045,6.441809228058504e-07,7.700902965023037e-07,4.541557807584135e-07,4.711245253688956e-07,4.528123264587067,,,,,4.528123264587067,4.528130303263472,1.5544344805598204e-06,,,
A-Ra1e5-fine,8046,6.410769830422877e-07,7.661822277429428e-07,4.544486312355828e-07,4.711498408358102e-07,4.528120894236513,,,,,4.528120894236513,4.528127928498112,1.5534603204194004e-06,,,
A-Ra1e5-fine,8047,6.37976009803387e-07,7.622764887494122e-07,4.547369388403659e-07,4.711765233449206e-07,4.5281185199711445,,,,,4.5281185199711445,4.528125549819425,1.552486489146638e-06,,,
A-Ra1e5-fine,8048,6.348777247114837e-07,7.583732906532202e-07,4.550208452924593e-07,4.711922486279194e-07,4.528116141824399,,,,,4.528116141824399,4.528123167266518,1.5515142387352802e-06,,,
A-Ra1e5-fine,8049,6.31783327705861e-07,7.544723357274699e-07,4.552998966518014e-07,4.712123337306145e-07,4.528113759840154,,,,,4.528113759840154,4.528120780874976,1.55054173793961e-06,,,
A-Ra1e5-fine,8050,6.286908489835511e-07,7.50572266190955e-07,4.555739165325008e-07,4.712336904316338e-07,4.528111374049901,,,,,4.528111374049901,4.528118390682087,1.5495702666074364e-06,,,
A-Ra1e5-fine,8051,6.2560177160332e-07,7.466740237908317e-07,4.558434180710945e-07,4.712445013502039e-07,4.528108984493202,,,,,4.528108984493202,4.528115996725705,1.5485994479251532e-06,,,
A-Ra1e5-fine,8052,6.22514975471163e-07,7.427775903082322e-07,4.561082781343623e-07,4.712535384495001e-07,4.528106591212235,,,,,4.528106591212235,4.528113599040513,1.5476276261954294e-06,,,
A-Ra1e5-fine,8053,6.194297425263336e-07,7.388824714660511e-07,4.563685359148563e-07,4.712628975482727e-07,4.528104194236786,,,,,4.528104194236786,4.52811119766948,1.5466577132161261e-06,,,
A-Ra1e5-fine,8054,6.163472415127966e-07,7.349897876079529e-07,4.566237557159569e-07,4.712619071414396e-07,4.52810179360756,,,,,4.52810179360756,4.5281087926450025,1.5456878738155208e-06,,,
A-Ra1e5-fine,8055,6.132674410597501e-07,7.31100004597191e-07,4.568739154481076e-07,4.712594176946748e-07,4.528099389363774,,,,,4.528099389363774,4.528106384005744,1.5447179855817337e-06,,,
A-Ra1e5-fine,8056,6.101909816074949e-07,7.272122633715663e-07,4.571195881150144e-07,4.712567632633429e-07,4.528096981538621,,,,,4.528096981538621,4.52810397179069,1.5437493283665782e-06,,,
A-Ra1e5-fine,8057,6.071173984821781e-07,7.233271667940511e-07,4.573605004095843e-07,4.712539400157893e-07,4.528094570172587,,,,,4.528094570172587,4.5281015560337226,1.5427804430103727e-06,,,
A-Ra1e5-fine,8058,6.040456412430619e-07,7.194436348293553e-07,4.575966656259433e-07,4.712463875593417e-07,4.528092155299643,,,,,4.528092155299643,4.528099136772927,1.5418122384495934e-06,,,
A-Ra1e5-fine,8059,6.009763733270461e-07,7.155627141861322e-07,4.578279984080746e-07,4.712367314600385e-07,4.5280897369591475,,,,,4.5280897369591475,4.5280967140483215,1.5408448604078674e-06,,,
A-Ra1e5-fine,8060,5.979091160915327e-07,7.116839877613105e-07,4.580546774373116e-07,4.71222153059588e-07,4.528087315186892,,,,,4.528087315186892,4.5280942878942385,1.5398779866003167e-06,,,
A-Ra1e5-fine,8061,5.948449677652929e-07,7.078081676040256e-07,4.582771719468566e-07,4.712038011612746e-07,4.5280848900212085,,,,,4.5280848900212085,4.528091858347627,1.5389113114131651e-06,,,
A-Ra1e5-fine,8062,5.917839690246406e-07,7.039351044912305e-07,4.584954421305407e-07,4.711845366525097e-07,4.5280824614978865,,,,,4.5280824614978865,4.528089425447933,1.5379456427685034e-06,,,
A-Ra1e5-fine,8063,5.887265319107874e-07,7.000649369691783e-07,4.587090441537296e-07,4.711635293418976e-07,4.52808002965253,,,,,4.52808002965253,4.528086989228019,1.5369803745542075e-06,,,
A-Ra1e5-fine,8064,5.856727270517111e-07,6.961971807543441e-07,4.5891792890549e-07,4.711400663875103e-07,4.528077594526733,,,,,4.528077594526733,4.528084549729035,1.536015409464878e-06,,,
A-Ra1e5-fine,8065,5.826244221984178e-07,6.923321766116791e-07,4.591221375482784e-07,4.711124812664976e-07,4.528075156153477,,,,,4.528075156153477,4.528082106984404,1.5350508443852938e-06,,,
A-Ra1e5-fine,8066,5.795788105427875e-07,6.884702950643107e-07,4.593216174215183e-07,4.710847670445728e-07,4.528072714570956,,,,,4.528072714570956,4.528079661034033,1.5340870578687085e-06,,,
A-Ra1e5-fine,8067,5.765355090556802e-07,6.846116304965854e-07,4.59516179549769e-07,4.710540352500472e-07,4.528070269815434,,,,,4.528070269815434,4.528077211912138,1.533123597778305e-06,,,
A-Ra1e5-fine,8068,5.734953507604961e-07,6.807570268773518e-07,4.597060741756272e-07,4.710198368210917e-07,4.528067821923287,,,,,4.528067821923287,4.528074759656581,1.5321607918656572e-06,,,
A-Ra1e5-fine,8069,5.704600581388544e-07,6.769056032108088e-07,4.598915941194097e-07,4.709849276829542e-07,4.528065370931814,,,,,4.528065370931814,4.52807230430408,1.5311985118355426e-06,,,
A-Ra1e5-fine,8070,5.674272053992069e-07,6.730578700159923e-07,4.600725300996095e-07,4.709565546496732e-07,4.528062916878981,,,,,4.528062916878981,4.528069845891584,1.5302365334751866e-06,,,
A-Ra1e5-fine,8071,5.64398111590212e-07,6.692126192550002e-07,4.602488897675539e-07,4.709348461907365e-07,4.528060459799347,,,,,4.528060459799347,4.528067384456266,1.5292754338434596e-06,,,
A-Ra1e5-fine,8072,5.613724653048585e-07,6.653705902342664e-07,4.604205396323631e-07,4.70908423170756e-07,4.5280579997304375,,,,,4.5280579997304375,4.528064920033377,1.528314710587908e-06,,,
A-Ra1e5-fine,8073,5.58351592359342e-07,6.615318181262491e-07,4.605873707726449e-07,4.708779709732397e-07,4.528055536708962,,,,,4.528055536708962,4.528062452657697,1.527353937657556e-06,,,
A-Ra1e5-fine,8074,5.553339600511835e-07,6.576973549920117e-07,4.607493215288432e-07,4.708442317357963e-07,4.528053070771419,,,,,4.528053070771419,4.528059982371633,1.5263944196309867e-06,,,
A-Ra1e5-fine,8075,5.523195613389897e-07,6.538669660358529e-07,4.609064801693953e-07,4.708063320237325e-07,4.528050601952034,,,,,4.528050601952034,4.528057509206337,1.5254354780140667e-06,,,
A-Ra1e5-fine,8076,5.493105468105169e-07,6.500388036743671e-07,4.610588623985178e-07,4.707649050056901e-07,4.528048130292292,,,,,4.528048130292292,4.528055033199553,1.5244762866077482e-06,,,
A-Ra1e5-fine,8077,5.46306216408085e-07,6.462137755237172e-07,4.612070519746405e-07,4.707187494563051e-07,4.528045655823579,,,,,4.528045655823579,4.52805255438891,1.5235182239428693e-06,,,
A-Ra1e5-fine,8078,5.433073128339855e-07,6.423914534091678e-07,4.613509884128221e-07,4.706705872307647e-07,4.528043178583061,,,,,4.528043178583061,4.528050072811131,1.5225611925203013e-06,,,
A-Ra1e5-fine,8079,5.403122803469569e-07,6.385734074154631e-07,4.614900049251948e-07,4.706187450926651e-07,4.528040698609177,,,,,4.528040698609177,4.5280475885000895,1.5216041837216236e-06,,,
A-Ra1e5-fine,8080,5.373210304952283e-07,6.347609587788677e-07,4.616243291007817e-07,4.705645313467965e-07,4.528038215937611,,,,,4.528038215937611,4.528045101495471,1.5206480811912672e-06,,,
A-Ra1e5-fine,8081,5.343338730508628e-07,6.309524566855721e-07,4.61753926135151e-07,4.705059441410074e-07,4.528035730605553,,,,,4.528035730605553,4.528042611828755,1.5196916240602735e-06,,,
A-Ra1e5-fine,8082,5.313517307547796e-07,6.271470636659508e-07,4.618787095931473e-07,4.704429485382149e-07,4.528033242645846,,,,,4.528033242645846,4.528040119539971,1.5187363991748415e-06,,,
A-Ra1e5-fine,8083,5.283725004603779e-07,6.233453580643297e-07,4.61998793396895e-07,4.703762672692122e-07,4.528030752098405,,,,,4.528030752098405,4.528037624664354,1.5177813733954475e-06,,,
A-Ra1e5-fine,8084,5.25398414138248e-07,6.19547974661169e-07,4.62114344319236e-07,4.703062265472659e-07,4.528028258995963,,,,,4.528028258995963,4.5280351272374935,1.5168271769428397e-06,,,
A-Ra1e5-fine,8085,5.224282949142695e-07,6.157553086952483e-07,4.622250669823861e-07,4.702324200488046e-07,4.528025763379109,,,,,4.528025763379109,4.528032627295079,1.5158727282262183e-06,,,
A-Ra1e5-fine,8086,5.19464029936191e-07,6.119675334621736e-07,4.62331002437235e-07,4.701558961419434e-07,4.528023265278425,,,,,4.528023265278425,4.528030124873158,1.5149192341515098e-06,,,
A-Ra1e5-fine,8087,5.165053361318309e-07,6.081832092336755e-07,4.624320217855391e-07,4.700759200737916e-07,4.528020764733354,,,,,4.528020764733354,4.528027620010609,1.513966569953325e-06,,,
A-Ra1e5-fine,8088,5.135513365003059e-07,6.044035533865358e-07,4.625283873021673e-07,4.699915895951827e-07,4.528018261778475,,,,,4.528018261778475,4.528025112739034,1.513014078120485e-06,,,
A-Ra1e5-fine,8089,5.106023654083542e-07,6.006276661191106e-07,4.626198395946053e-07,4.699046543776221e-07,4.528015756451058,,,,,4.528015756451058,4.528022603096747,1.5120619893134712e-06,,,
A-Ra1e5-fine,8090,5.076591449266745e-07,5.96856225750781e-07,4.627064319490307e-07,4.698134922051708e-07,4.528013248786123,,,,,4.528013248786123,4.528020091120585,1.5111107048459605e-06,,,
A-Ra1e5-fine,8091,5.047211245610408e-07,5.930903861851058e-07,4.627885909898039e-07,4.697191383105412e-07,4.528010738817446,,,,,4.528010738817446,4.5280175768434,1.5101600205126156e-06,,,
A-Ra1e5-fine,8092,5.017885258900515e-07,5.893291990623685e-07,4.628665447299869e-07,4.696208301585939e-07,4.528008226583439,,,,,4.528008226583439,4.528015060303506,1.509209914919634e-06,,,
A-Ra1e5-fine,8093,4.988603916994541e-07,5.855724797140319e-07,4.629399744173898e-07,4.695191586734468e-07,4.528005712119238,,,,,4.528005712119238,4.528012541534214,1.5082599847664728e-06,,,
A-Ra1e5-fine,8094,4.959380515625233e-07,5.818207602668239e-07,4.630088487553721e-07,4.694143404415751e-07,4.528003195460655,,,,,4.528003195460655,4.528010020573039,1.5073106060635682e-06,,,
A-Ra1e5-fine,8095,4.930219299164028e-07,5.780732496264517e-07,4.630731413009533e-07,4.693068688518154e-07,4.528000676641908,,,,,4.528000676641908,4.528007497455793,1.5063621306960395e-06,,,
A-Ra1e5-fine,8096,4.901093236351557e-07,5.743308525739124e-07,4.631331473838606e-07,4.691954467576696e-07,4.527998155699951,,,,,4.527998155699951,4.528004972217265,1.5054140812171479e-06,,,
A-Ra1e5-fine,8097,4.872022409575215e-07,5.70595233103798e-07,4.631888152955922e-07,4.690808286123979e-07,4.527995632669784,,,,,4.527995632669784,4.528002444890991,1.5044661335709233e-06,,,
A-Ra1e5-fine,8098,4.843002447985241e-07,5.668652462709438e-07,4.632401425564465e-07,4.689617865804872e-07,4.527993107586782,,,,,4.527993107586782,4.52799991551574,1.5035190378315682e-06,,,
A-Ra1e5-fine,8099,4.814073095716055e-07,5.63139542323816e-07,4.632870131224311e-07,4.688486116745052e-07,4.527990580488561,,,,,4.527990580488561,4.527997384126299,1.502572168652279e-06,,,
A-Ra1e5-fine,8100,4.785195985358729e-07,5.594195561872896e-07,4.633292161540148e-07,4.687163031179607e-07,4.527988051406507,,,,,4.527988051406507,4.527994850756547,1.5016260770147e-06,,,
A-Ra1e5-fine,8101,4.756373568847011e-07,5.557049462217947e-07,4.633666735203761e-07,4.685803296095197e-07,4.527985520376886,,,,,4.527985520376886,4.527992315441839,1.5006805618502421e-06,,,
A-Ra1e5-fine,8102,4.727616496204586e-07,5.519969847611523e-07,4.633996720423212e-07,4.684458542701551e-07,4.527982987436756,,,,,4.527982987436756,4.527989778219354,1.4997356492347178e-06,,,
A-Ra1e5-fine,8103,4.698937131209421e-07,5.482942808971513e-07,4.634278266070225e-07,4.683143956435552e-07,4.527980452619771,,,,,4.527980452619771,4.527987239123763,1.4987915643404836e-06,,,
A-Ra1e5-fine,8104,4.670314093529268e-07,5.445959714565834e-07,4.634516037451342e-07,4.681789579454188e-07,4.527977915962081,,,,,4.527977915962081,4.527984698188265,1.497847655338913e-06,,,
A-Ra1e5-fine,8105,4.641745451141657e-07,5.409015229752871e-07,4.63471286146887e-07,4.680357413599952e-07,4.5279753774980245,,,,,4.5279753774980245,4.527982155449697,1.4969044738007399e-06,,,
A-Ra1e5-fine,8106,4.613241101894051e-07,5.372139400748998e-07,4.634867417884329e-07,4.678875928723952e-07,4.5279728372638575,,,,,4.5279728372638575,4.527979610944546,1.4959620707139577e-06,,,
A-Ra1e5-fine,8107,4.584808146217793e-07,5.335341949744302e-07,4.634978430684279e-07,4.677374553763653e-07,4.527970295292224,,,,,4.527970295292224,4.52797706470385,1.4950200916186712e-06,,,
A-Ra1e5-fine,8108,4.556439772721964e-07,5.298612068399795e-07,4.635044447730102e-07,4.675847859458315e-07,4.527967751621417,,,,,4.527967751621417,4.527974516765697,1.4940784911904001e-06,,,
A-Ra1e5-fine,8109,4.528129431231779e-07,5.26192831113994e-07,4.635068894269958e-07,4.674287309786683e-07,4.5279652062830555,,,,,4.5279652062830555,4.527971967163172,1.4931375928757335e-06,,,
A-Ra1e5-fine,8110,4.49989207346803e-07,5.22531945259178e-07,4.635048594334258e-07,4.672680712374934e-07,4.5279626593152225,,,,,4.5279626593152225,4.5279694159308335,1.4921966187162878e-06,,,
A-Ra1e5-fine,8111,4.471741089719254e-07,5.188776037423704e-07,4.634985232033156e-07,4.671138289751502e-07,4.527960110747929,,,,,4.527960110747929,4.5279668631082375,1.4912576763748324e-06,,,
A-Ra1e5-fine,8112,4.443672502826924e-07,5.152287520520755e-07,4.634879045249964e-07,4.669416416482777e-07,4.527957560620736,,,,,4.527957560620736,4.527964308724837,1.4903185336079953e-06,,,
A-Ra1e5-fine,8113,4.415659381731091e-07,5.115866538949232e-07,4.634726048636663e-07,4.66765545942427e-07,4.527955008967868,,,,,4.527955008967868,4.527961752816442,1.4893795409306484e-06,,,
A-Ra1e5-fine,8114,4.387721725609624e-07,5.079502529713927e-07,4.63452715640831e-07,4.665904886216267e-07,4.5279524558212625,,,,,4.5279524558212625,4.527959195418068,1.4884413772214407e-06,,,
A-Ra1e5-fine,8115,4.359855444687933e-07,5.043213484007145e-07,4.63428318097208e-07,4.664145358847574e-07,4.527949901218903,,,,,4.527949901218903,4.527956636564503,1.4875033376857692e-06,,,
A-Ra1e5-fine,8116,4.332070471919106e-07,5.006985696410665e-07,4.633998972937498e-07,4.662351490586262e-07,4.527947345192614,,,,,4.527947345192614,4.5279540762908725,1.4865661506340272e-06,,,
A-Ra1e5-fine,8117,4.304348883142365e-07,4.970836186747401e-07,4.633674229300105e-07,4.660491915424494e-07,4.527944787778667,,,,,4.527944787778667,4.5279515146306055,1.4856291887525352e-06,,,
A-Ra1e5-fine,8118,4.27669563698178e-07,4.934747957082467e-07,4.63330948810685e-07,4.658599067732094e-07,4.527942229009,,,,,4.527942229009,4.527948951618488,1.4846930809022756e-06,,,
A-Ra1e5-fine,8119,4.249142230504809e-07,4.898745017953104e-07,4.632900778483324e-07,4.656678214324799e-07,4.527939668918979,,,,,4.527939668918979,4.527946387287946,1.4837573982778744e-06,,,
A-Ra1e5-fine,8120,4.221679582255697e-07,4.862802705637111e-07,4.63244767077438e-07,4.654728907927301e-07,4.52793710754452,,,,,4.52793710754452,4.527943821677401,1.4828226948089444e-06,,,
A-Ra1e5-fine,8121,4.194307824941357e-07,4.826918598935223e-07,4.631951222745745e-07,4.652738786506984e-07,4.5279345449195025,,,,,4.5279345449195025,4.527941254815395,1.4818877910051148e-06,,,
A-Ra1e5-fine,8122,4.167010686001638e-07,4.791112223079964e-07,4.631410265685772e-07,4.650720685097391e-07,4.5279319810762235,,,,,4.5279319810762235,4.527938686739666,1.4809538890895231e-06,,,
A-Ra1e5-fine,8123,4.139813121262324e-07,4.755403661820579e-07,4.630824772082224e-07,4.64866462549208e-07,4.527929416050029,,,,,4.527929416050029,4.527936117482842,1.4800203884242056e-06,,,
A-Ra1e5-fine,8124,4.112708677285782e-07,4.719776676603823e-07,4.630199312881389e-07,4.64658068042785e-07,4.52792684987537,,,,,4.52792684987537,4.527933547081193,1.4790876911163413e-06,,,
A-Ra1e5-fine,8125,4.085681496856305e-07,4.684218859607822e-07,4.629535216827515e-07,4.64446606493537e-07,4.527924282585105,,,,,4.527924282585105,4.527930975567121,1.4781556959396403e-06,,,
A-Ra1e5-fine,8126,4.058745040325006e-07,4.648717001866166e-07,4.628834389995863e-07,4.642309672262312e-07,4.527921714216293,,,,,4.527921714216293,4.5279284029740445,1.4772235990369545e-06,,,
A-Ra1e5-fine,8127,4.031904503677073e-07,4.613309811673471e-07,4.628094074579399e-07,4.640143922183892e-07,4.527919144797698,,,,,4.527919144797698,4.527925829336189,1.476292606559411e-06,,,
A-Ra1e5-fine,8128,4.005163059987879e-07,4.577990492409668e-07,4.627314233576599e-07,4.637935028310245e-07,4.527916574368534,,,,,4.527916574368534,4.527923254689361,1.4753619658456528e-06,,,
A-Ra1e5-fine,8129,3.978513487251281e-07,4.542740660280212e-07,4.62649514451517e-07,4.635694679669466e-07,4.5279140029576865,,,,,4.5279140029576865,4.527920679064369,1.4744321019561173e-06,,,
A-Ra1e5-fine,8130,3.951966438160614e-07,4.507574463448134e-07,4.625637104831065e-07,4.63341898072875e-07,4.527911430604376,,,,,4.527911430604376,4.527918102498279,1.4735025386119314e-06,,,
A-Ra1e5-fine,8131,3.925564397997498e-07,4.472500281619197e-07,4.624738024351793e-07,4.631107484580207e-07,4.527908857337367,,,,,4.527908857337367,4.527915525020876,1.4725735011870744e-06,,,
A-Ra1e5-fine,8132,3.899270973110598e-07,4.437504157775922e-07,4.623796445603033e-07,4.628761521236119e-07,4.527906283192579,,,,,4.527906283192579,4.527912946669337,1.4716452678197687e-06,,,
A-Ra1e5-fine,8133,3.873093449262885e-07,4.402594013619008e-07,4.622810556340237e-07,4.626385296892235e-07,4.527903708203212,,,,,4.527903708203212,4.52791036747674,1.4707178112343313e-06,,,
A-Ra1e5-fine,8134,3.847057515681367e-07,4.367774087084159e-07,4.621786333674532e-07,4.62397998455867e-07,4.527901132402804,,,,,4.527901132402804,4.527907787474351,1.4697906296524255e-06,,,
A-Ra1e5-fine,8135,3.821170477085944e-07,4.333026337675809e-07,4.620727086972476e-07,4.621553779949756e-07,4.527898555825916,,,,,4.527898555825916,4.527905206696621,1.468863698739396e-06,,,
A-Ra1e5-fine,8136,3.795433066978662e-07,4.298381765226326e-07,4.61962913062236e-07,4.61908748213221e-07,4.527895978505056,,,,,4.527895978505056,4.527902625177878,1.4679374206058824e-06,,,
A-Ra1e5-fine,8137,3.769869900182997e-07,4.263826837108695e-07,4.618488049926401e-07,4.616587472703071e-07,4.527893400472298,,,,,4.527893400472298,4.527900042952913,1.4670123952858292e-06,,,
A-Ra1e5-fine,8138,3.744492583417172e-07,4.229379346197248e-07,4.617305669597132e-07,4.614048132372788e-07,4.527890821760932,,,,,4.527890821760932,4.5278974600502595,1.4660875719575432e-06,,,
A-Ra1e5-fine,8139,3.719330336376678e-07,4.195008346397964e-07,4.616084122802579e-07,4.61147767199232e-07,4.527888242407019,,,,,4.527888242407019,4.527894876507206,1.465163222286776e-06,,,
A-Ra1e5-fine,8140,3.694351705868293e-07,4.16073659797833e-07,4.614825049933694e-07,4.608880750753103e-07,4.527885662443507,,,,,4.527885662443507,4.5278922923559355,1.4642391767835168e-06,,,
A-Ra1e5-fine,8141,3.669575154305167e-07,4.126561990024941e-07,4.61353656340702e-07,4.606248803903316e-07,4.527883081898381,,,,,4.527883081898381,4.527889707628951,1.463316433486987e-06,,,
A-Ra1e5-fine,8142,3.644976997813873e-07,4.092494732513537e-07,4.612210808600643e-07,4.603592777222239e-07,4.5278805008115315,,,,,4.5278805008115315,4.527887122360473,1.4623937399213834e-06,,,
A-Ra1e5-fine,8143,3.62057774762156e-07,4.058528392934902e-07,4.610846433772381e-07,4.600893512530745e-07,4.527877919209692,,,,,4.527877919209692,4.527884536583474,1.4614724744764431e-06,,,
A-Ra1e5-fine,8144,3.596345006351045e-07,4.024668283943368e-07,4.609440846744483e-07,4.598157458023432e-07,4.527875337131261,,,,,4.527875337131261,4.52788195032729,1.4605506351575282e-06,,,
A-Ra1e5-fine,8145,3.572310797483362e-07,3.990893025099422e-07,4.607997037165361e-07,4.595379601763445e-07,4.5278727546060535,,,,,4.5278727546060535,4.5278793636290855,1.4596298453549118e-06,,,
A-Ra1e5-fine,8146,3.548434617451769e-07,3.957207977386172e-07,4.606522667089275e-07,4.592568652066681e-07,4.527870171667472,,,,,4.527870171667472,4.527876776520021,1.4587096097608729e-06,,,
A-Ra1e5-fine,8147,3.524759398053308e-07,3.923630534632941e-07,4.605011549825365e-07,4.58973025783417e-07,4.527867588349295,,,,,4.527867588349295,4.527874189034653,1.4577901005918957e-06,,,
A-Ra1e5-fine,8148,3.501275547866438e-07,3.890170178037365e-07,4.603467862484045e-07,4.586864091771641e-07,4.5278650046817575,,,,,4.5278650046817575,4.527871601201855,1.456871016540516e-06,,,
A-Ra1e5-fine,8149,3.477995453856723e-07,3.85681053424868e-07,4.601895290994539e-07,4.583973109785732e-07,4.527862420698968,,,,,4.527862420698968,4.527869013057444,1.4559527353968833e-06,,,
A-Ra1e5-fine,8150,3.454891994984479e-07,3.8235838927041e-07,4.600298084214284e-07,4.581039840955319e-07,4.527859836435255,,,,,4.527859836435255,4.527866424632794,1.4550346045326056e-06,,,
A-Ra1e5-fine,8151,3.431962308756457e-07,3.790475270606561e-07,4.598671425910165e-07,4.578084770895405e-07,4.5278572519204126,,,,,4.5278572519204126,4.52786383596065,1.4541172753801698e-06,,,
A-Ra1e5-fine,8152,3.40919743737763e-07,3.757480884274335e-07,4.59700876525057e-07,4.575095904839008e-07,4.527854667188308,,,,,4.527854667188308,4.527861247073408,1.4532004232876304e-06,,,
A-Ra1e5-fine,8153,3.386618992008754e-07,3.724603245228388e-07,4.595310990407295e-07,4.572083869210374e-07,4.527852082269421,,,,,4.527852082269421,4.527858658003584,1.4522844980375686e-06,,,
A-Ra1e5-fine,8154,3.364204542977296e-07,3.691828358284641e-07,4.593579948954186e-07,4.569044209833446e-07,4.527849497198303,,,,,4.527849497198303,4.527856068782674,1.4513688244420961e-06,,,
A-Ra1e5-fine,8155,3.341969702482362e-07,3.659144100160301e-07,4.591814366175421e-07,4.565961888263685e-07,4.527846912007135,,,,,4.527846912007135,4.527853479444207,1.4504537006526572e-06,,,
A-Ra1e5-fine,8156,3.319907056925803e-07,3.626590976156472e-07,4.590008477970243e-07,4.562851141232622e-07,4.527844326725699,,,,,4.527844326725699,4.527850890020364,1.4495396560935606e-06,,,
A-Ra1e5-fine,8157,3.298042530060712e-07,3.594176687191104e-07,4.588165855988788e-07,4.559710944018893e-07,4.527841741387875,,,,,4.527841741387875,4.527848300541951,1.4486260120454521e-06,,,
A-Ra1e5-fine,8158,3.27636702604462e-07,3.56187950254118e-07,4.586290175929095e-07,4.556549073767211e-07,4.527839156026747,,,,,4.527839156026747,4.527845711041482,1.447712642564224e-06,,,
A-Ra1e5-fine,8159,3.254839381103672e-07,3.529731519949501e-07,4.584378524540294e-07,4.553355761670758e-07,4.5278365706726635,,,,,4.5278365706726635,4.527843121551133,1.446799951532582e-06,,,
A-Ra1e5-fine,8160,3.233469428000753e-07,3.497721748736282e-07,4.582430924773951e-07,4.550135180292452e-07,4.527833985360645,,,,,4.527833985360645,4.527840532101824,1.4458870328803056e-06,,,
A-Ra1e5-fine,8161,3.21226708408388e-07,3.465836463296777e-07,4.580446228536456e-07,4.54689523325244e-07,4.527831400118205,,,,,4.527831400118205,4.5278379427278885,1.4449753929070376e-06,,,
A-Ra1e5-fine,8162,3.191244077468092e-07,3.434105250104162e-07,4.578423374363297e-07,4.54363076588764e-07,4.527828814977969,,,,,4.527828814977969,4.527835353458887,1.4440643548539525e-06,,,
A-Ra1e5-fine,8163,3.170443964881781e-07,3.402502002541794e-07,4.576362780445927e-07,4.540328434848233e-07,4.52782622997256,,,,,4.52782622997256,4.527832764327333,1.4431538945841002e-06,,,
A-Ra1e5-fine,8164,3.149790504096978e-07,3.371014004399637e-07,4.57426179578695e-07,4.536993933480408e-07,4.527823645133595,,,,,4.527823645133595,4.5278301753664225,1.4422443606645091e-06,,,
A-Ra1e5-fine,8165,3.129318626339864e-07,3.33966729537155e-07,4.572120376792944e-07,4.533638063076239e-07,4.5278210604926725,,,,,4.5278210604926725,4.527827586605486,1.441335252290465e-06,,,
A-Ra1e5-fine,8166,3.108992447102842e-07,3.30848248830603e-07,4.569938993639472e-07,4.5302421928188e-07,4.527818476081849,,,,,4.527818476081849,4.52782499807727,1.440426721476665e-06,,,
A-Ra1e5-fine,8167,3.088825972932126e-07,3.277428830253194e-07,4.567720698172433e-07,4.526823460491098e-07,4.527815891929548,,,,,4.527815891929548,4.527822409811099,1.4395189679062562e-06,,,
A-Ra1e5-fine,8168,3.068841236600106e-07,3.246545251632731e-07,4.565464105548504e-07,4.523358353907417e-07,4.527813308071932,,,,,4.527813308071932,4.527819821841651,1.4386116631969224e-06,,,
A-Ra1e5-fine,8169,3.049054754692016e-07,3.21581932491008e-07,4.563167907924657e-07,4.519867040526987e-07,4.5278107245382,,,,,4.5278107245382,4.527817234199166,1.4377050372403223e-06,,,
A-Ra1e5-fine,8170,3.029412093053782e-07,3.185270948390982e-07,4.560834416685975e-07,4.516334268295352e-07,4.5278081413584905,,,,,4.5278081413584905,4.527814646912637,1.4367988371773563e-06,,,
A-Ra1e5-fine,8171,3.009937199797668e-07,3.154891970936443e-07,4.558458451622948e-07,4.512778652537431e-07,4.527805558566457,,,,,4.527805558566457,4.527812060016167,1.4358931624517289e-06,,,
A-Ra1e5-fine,8172,2.990632817171506e-07,3.124659008423589e-07,4.556045463936424e-07,4.509179021693716e-07,4.527802976190511,,,,,4.527802976190511,4.527809473539879,1.434988390664977e-06,,,
A-Ra1e5-fine,8173,2.971508072526497e-07,3.094603786254394e-07,4.553594940012484e-07,4.505560845064493e-07,4.527800394262273,,,,,4.527800394262273,4.52780688751334,1.4340840686773337e-06,,,
A-Ra1e5-fine,8174,2.952558172192133e-07,3.064717734307674e-07,4.551106222016594e-07,4.50190729446753e-07,4.527797812814018,,,,,4.527797812814018,4.5278043019715595,1.4331807998707215e-06,,,
A-Ra1e5-fine,8175,2.933771677541425e-07,3.035006127054851e-07,4.548581247459484e-07,4.498211248503153e-07,4.527795231877011,,,,,4.527795231877011,4.527801716940351,1.4322773807891915e-06,,,
A-Ra1e5-fine,8176,2.915163164318824e-07,3.00547950987538e-07,4.546023174410293e-07,4.494492057003325e-07,4.527792651479445,,,,,4.527792651479445,4.527799132453927,1.4313751406120332e-06,,,
A-Ra1e5-fine,8177,2.896707657294472e-07,2.976141342977335e-07,4.543427848396221e-07,4.490736620905868e-07,4.527790071654294,,,,,4.527790071654294,4.52779654854321,1.43047362659091e-06,,,
A-Ra1e5-fine,8178,2.878433568763764e-07,2.947021624249441e-07,4.540795482298028e-07,4.486947334472037e-07,4.527787492431916,,,,,4.527787492431916,4.5277939652361745,1.4295723116321291e-06,,,
A-Ra1e5-fine,8179,2.860348074452636e-07,2.918111083206921e-07,4.538125247390497e-07,4.483120868430705e-07,4.527784913843452,,,,,4.527784913843452,4.527791382566578,1.4286717740107136e-06,,,
A-Ra1e5-fine,8180,2.842424004889945e-07,2.889396401667532e-07,4.535417572466514e-07,4.479270238425528e-07,4.527782335918344,,,,,4.527782335918344,4.52778880056342,1.4277719160305977e-06,,,
A-Ra1e5-fine,8181,2.824654872645263e-07,2.860911194013908e-07,4.532671487592846e-07,4.475392830736957e-07,4.527779758689121,,,,,4.527779758689121,4.5277862192563605,1.4268721038845084e-06,,,
A-Ra1e5-fine,8182,2.807045084479534e-07,2.832640245437783e-07,4.529884794448603e-07,4.471474435422216e-07,4.527777182182606,,,,,4.527777182182606,4.527783638677239,1.4259734456827879e-06,,,
A-Ra1e5-fine,8183,2.789615570201694e-07,2.804596682101845e-07,4.527059547239634e-07,4.467527702032097e-07,4.527774606432789,,,,,4.527774606432789,4.527781058856976,1.4250752632852365e-06,,,
A-Ra1e5-fine,8184,2.772358329716389e-07,2.776760241471163e-07,4.524201743132226e-07,4.463547600474924e-07,4.527772031468546,,,,,4.527772031468546,4.527778479824225,1.424177507839679e-06,,,
A-Ra1e5-fine,8185,2.755277664966206e-07,2.749198883094925e-07,4.521306505509709e-07,4.459536358365791e-07,4.5277694573184135,,,,,4.5277694573184135,4.527775901610474,1.4232808307929615e-06,,,
A-Ra1e5-fine,8186,2.738383081634799e-07,2.721898296729495e-07,4.518371075590855e-07,4.455496643714591e-07,4.527766884017072,,,,,4.527766884017072,4.527773324244827,1.4223840008257717e-06,,,
A-Ra1e5-fine,8187,2.721654359398774e-07,2.694834877106252e-07,4.515397796313471e-07,4.451421623057074e-07,4.527764311588952,,,,,4.527764311588952,4.527770747758429,1.4214885005261738e-06,,,
A-Ra1e5-fine,8188,2.705066161359908e-07,2.668074074438789e-07,4.512391628658954e-07,4.447312858002397e-07,4.5277617400690815,,,,,4.5277617400690815,4.527768172178914,1.4205926974214657e-06,,,
A-Ra1e5-fine,8189,2.688666569002506e-07,2.641592280729519e-07,4.509347584678932e-07,4.443185960516922e-07,4.527759169484284,,,,,4.527759169484284,4.527765597542318,1.4196986259059214e-06,,,
A-Ra1e5-fine,8190,2.672462275493423e-07,2.615386327204615e-07,4.506265703915822e-07,4.439010514454108e-07,4.527756599864917,,,,,4.527756599864917,4.527763023870809,1.4188044769607099e-06,,,
A-Ra1e5-fine,8191,2.65640538717072e-07,2.589503860139771e-07,4.503146526947012e-07,4.434811520903333e-07,4.527754031241784,,,,,4.527754031241784,4.5277604511991765,1.4179111313478468e-06,,,
A-Ra1e5-fine,8192,2.640537633027476e-07,2.563917384767863e-07,4.499993658846037e-07,4.430575947010415e-07,4.527751463642858,,,,,4.527751463642858,4.527757879555841,1.4170186877305088e-06,,,
A-Ra1e5-fine,8193,2.624837794938202e-07,2.538665904077384e-07,4.496806579060775e-07,4.426313881320279e-07,4.5277488970998565,,,,,4.5277488970998565,4.527755308968314,1.4161262170725784e-06,,,
A-Ra1e5-fine,8194,2.609291393282605e-07,2.51375229875193e-07,4.493582314707203e-07,4.422030564643508e-07,4.527746331640403,,,,,4.527746331640403,4.5277527394704755,1.4152351013356724e-06,,,
A-Ra1e5-fine,8195,2.593913938492141e-07,2.489149064346509e-07,4.490321123077702e-07,4.417701601307803e-07,4.527743767298036,,,,,4.527743767298036,4.527750171089272,1.4143438843920766e-06,,,
A-Ra1e5-fine,8196,2.578736796710013e-07,2.464931119323386e-07,4.487020172281538e-07,4.41335388203296e-07,4.5277412040964,,,,,4.5277412040964,4.527747603853462,1.4134536959399884e-06,,,
A-Ra1e5-fine,8197,2.563743821794205e-07,2.441135643425793e-07,4.483678595785252e-07,4.408971519397411e-07,4.527738642068127,,,,,4.527738642068127,4.52774503779442,1.4125642582041006e-06,,,
A-Ra1e5-fine,8198,2.548922548671541e-07,2.417721480961194e-07,4.480302600964847e-07,4.40456301011657e-07,4.527736081241869,,,,,4.527736081241869,4.5277424729400115,1.4116753971803039e-06,,,
A-Ra1e5-fine,8199,2.534292140731002e-07,2.394719377566404e-07,4.476896108508732e-07,4.400117032035294e-07,4.527733521648314,,,,,4.527733521648314,4.527739909319553,1.4107868103762287e-06,,,
A-Ra1e5-fine,8200,2.519830143477196e-07,2.372104443957649e-07,4.473454106621711e-07,4.395639144353781e-07,4.527730963316574,,,,,4.527730963316574,4.527737346963865,1.4098988748109339e-06,,,
A-Ra1e5-fine,8201,2.505525843986477e-07,2.349920526348017e-07,4.469975084258778e-07,4.391136278545204e-07,4.527728406271194,,,,,4.527728406271194,4.527734785898978,1.4090119186609464e-06,,,
A-Ra1e5-fine,8202,2.491411903538718e-07,2.328214584120261e-07,4.4664628583418e-07,4.38661076126457e-07,4.527725850545951,,,,,4.527725850545951,4.527732226156152,1.4081253861853457e-06,,,
A-Ra1e5-fine,8203,2.477485382159298e-07,2.307011171374962e-07,4.462916282236561e-07,4.382056750255984e-07,4.527723296169142,,,,,4.527723296169142,4.52772966776495,1.407239556910801e-06,,,
A-Ra1e5-fine,8204,2.46371429221874e-07,2.286345094691741e-07,4.459333199411182e-07,4.377481901944563e-07,4.527720743168404,,,,,4.527720743168404,4.527727110751857,1.4063541762094488e-06,,,
A-Ra1e5-fine,8205,2.450134271791625e-07,2.266163130098105e-07,4.455714639604847e-07,4.372886488253326e-07,4.52771819157306,,,,,4.52771819157306,4.527724555147349,1.4054694986951602e-06,,,
A-Ra1e5-fine,8206,2.436771867071189e-07,2.246509755753755e-07,4.452062860053329e-07,4.368257050675231e-07,4.527715641411191,,,,,4.527715641411191,4.5277220009804084,1.4045857236643922e-06,,,
A-Ra1e5-fine,8207,2.423557461042298e-07,2.227358691120106e-07,4.448378355556513e-07,4.363610156247485e-07,4.5277130927114575,,,,,4.5277130927114575,4.527719448276617,1.403702171204011e-06,,,
A-Ra1e5-fine,8208,2.410524711639342e-07,2.208901078523685e-07,4.444657511003471e-07,4.358938319685705e-07,4.527710545505671,,,,,4.527710545505671,4.527716897069742,1.402819273063992e-06,,,
A-Ra1e5-fine,8209,2.397697626006737e-07,2.191111766549895e-07,4.440900186752054e-07,4.354250435046363e-07,4.527707999817037,,,,,4.527707999817037,4.527714347383769,1.401937201668035e-06,,,
A-Ra1e5-fine,8210,2.385014665655468e-07,2.173905971700272e-07,4.437106669633047e-07,4.349533024373746e-07,4.527705455677394,,,,,4.527705455677394,4.527711799250301,1.401055904632527e-06,,,
A-Ra1e5-fine,8211,2.372553470105825e-07,2.157319707496086e-07,4.433277264156975e-07,4.34478597361253e-07,4.5277029131146955,,,,,4.5277029131146955,4.527709252694128,1.4001746836033715e-06,,,
A-Ra1e5-fine,8212,2.36030967001653e-07,2.141517327924685e-07,4.429412517140657e-07,4.340017344217151e-07,4.527700372155321,,,,,4.527700372155321,4.52770670774753,1.3992948418949487e-06,,,
A-Ra1e5-fine,8213,2.348252773028541e-07,2.126428361487266e-07,4.425510054038781e-07,4.335222286475249e-07,4.527697832830427,,,,,4.527697832830427,4.527704164434272,1.398414746817152e-06,,,
A-Ra1e5-fine,8214,2.33635313412628e-07,2.112258821380629e-07,4.421571960019722e-07,4.330399866467053e-07,4.527695295166951,,,,,4.527695295166951,4.527701622786526,1.397535554168755e-06,,,
A-Ra1e5-fine,8215,2.324641417490521e-07,2.098912510271876e-07,4.417600033637069e-07,4.325555381681046e-07,4.527692759190357,,,,,4.527692759190357,4.527699082829763,1.3966572659060461e-06,,,
A-Ra1e5-fine,8216,2.313117220934491e-07,2.086569203161256e-07,4.413598807488185e-07,4.320689271218668e-07,4.527690224932599,,,,,4.527690224932599,4.527696544595347,1.395779751571538e-06,,,
A-Ra1e5-fine,8217,2.301766539278914e-07,2.075457312996161e-07,4.409564117725806e-07,4.315804462564859e-07,4.527687692419819,,,,,4.527687692419819,4.5276940081058,1.3949022117841107e-06,,,
A-Ra1e5-fine,8218,2.290639246522457e-07,2.065485782549667e-07,4.405495436513526e-07,4.310897983574738e-07,4.52768516167851,,,,,4.52768516167851,4.527691473393181,1.3940258755155922e-06,,,
A-Ra1e5-fine,8219,2.279742726576734e-07,2.056460729624945e-07,4.401391277018298e-07,4.305968452488415e-07,4.52768263273765,,,,,4.52768263273765,4.527688940483631,1.3931501164022254e-06,,,
A-Ra1e5-fine,8220,2.26901783611153e-07,2.048289362858785e-07,4.397254615829683e-07,4.301020316280581e-07,4.527680105624881,,,,,4.527680105624881,4.5276864094053515,1.3922750580221437e-06,,,
A-Ra1e5-fine,8221,2.258496804525018e-07,2.04088198367673e-07,4.393084054793276e-07,4.296052649256771e-07,4.527677580369869,,,,,4.527677580369869,4.527683880185853,1.3914002242731636e-06,,,
A-Ra1e5-fine,8222,2.24817815721066e-07,2.034189124285506e-07,4.38887996526487e-07,4.291059517030573e-07,4.527675056995806,,,,,4.527675056995806,4.527681352852642,1.390526568125417e-06,,,
A-Ra1e5-fine,8223,2.238023905156205e-07,2.028181734345185e-07,4.384642735461726e-07,4.286045007321234e-07,4.527672535533499,,,,,4.527672535533499,4.527678827431875,1.389653062249113e-06,,,
A-Ra1e5-fine,8224,2.228084526587851e-07,2.022870933620698e-07,4.380374482578393e-07,4.281004647343465e-07,4.527670016008874,,,,,4.527670016008874,4.527676303952649,1.3887804073444018e-06,,,
A-Ra1e5-fine,8225,2.218340864346424e-07,2.018237974662096e-07,4.376071787303546e-07,4.275946387331905e-07,4.527667498448069,,,,,4.527667498448069,4.5276737824417985,1.3879087568081026e-06,,,
A-Ra1e5-fine,8226,2.208791736151456e-07,2.014215957852375e-07,4.371739915588313e-07,4.27065480557794e-07,4.527664982881104,,,,,4.527664982881104,4.527671262925583,1.3870372802601062e-06,,,
A-Ra1e5-fine,8227,2.199514811250477e-07,2.010820841599983e-07,4.367372892369349e-07,4.265615820126937e-07,4.527662469332085,,,,,4.527662469332085,4.527668745432653,1.3861669814801382e-06,,,
A-Ra1e5-fine,8228,2.190443151653344e-07,2.007962199959831e-07,4.362970869820403e-07,4.260599089409789e-07,4.52765995783068,,,,,4.52765995783068,4.5276662299892685,1.3852971075735418e-06,,,
A-Ra1e5-fine,8229,2.181534643208354e-07,2.005680442218701e-07,4.358536882780139e-07,4.25546583645443e-07,4.5276574484004195,,,,,4.5276574484004195,4.527663716620556,1.3844280114395276e-06,,,
A-Ra1e5-fine,8230,2.172872112334285e-07,2.00397458594967e-07,4.354072195389694e-07,4.250263497253383e-07,4.527654941072682,,,,,4.527654941072682,4.52766120535596,1.3835592654265958e-06,,,
A-Ra1e5-fine,8231,2.164402252854185e-07,2.002841960597526e-07,4.349574422097173e-07,4.245059329964299e-07,4.527652435871344,,,,,4.527652435871344,4.527658696221967,1.3826914462610039e-06,,,
A-Ra1e5-fine,8232,2.156102003763909e-07,2.002245982274566e-07,4.345041723296549e-07,4.239858416496087e-07,4.52764993282676,,,,,4.52764993282676,4.527656189244272,1.3818235248422146e-06,,,
A-Ra1e5-fine,8233,2.148045363637103e-07,2.002138136439312e-07,4.340478127613194e-07,4.23464250075004e-07,4.527647431960988,,,,,4.527647431960988,4.527653684449595,1.3809565306515122e-06,,,
A-Ra1e5-fine,8234,2.140240464692463e-07,2.002534965135076e-07,4.335882934817032e-07,4.229390817669541e-07,4.5276449333036926,,,,,4.5276449333036926,4.52765118186669,1.380090262807033e-06,,,
A-Ra1e5-fine,8235,2.132630204845641e-07,2.003424407078419e-07,4.331255803697565e-07,4.224120440908509e-07,4.527642436880115,,,,,4.527642436880115,4.527648681518078,1.379224120049565e-06,,,
A-Ra1e5-fine,8236,2.125251694305202e-07,2.004835331137976e-07,4.326595690551416e-07,4.218825707634909e-07,4.5276399427158385,,,,,4.5276399427158385,4.527646183433764,1.3783590796808213e-06,,,
A-Ra1e5-fine,8237,2.118091346772232e-07,2.006767034275759e-07,4.321902696659221e-07,4.213527158747311e-07,4.527637450838257,,,,,4.527637450838257,4.527643687638534,1.3774945651580858e-06,,,
A-Ra1e5-fine,8238,2.111125021647182e-07,2.009096955330979e-07,4.317177712956513e-07,4.208205771303055e-07,4.527634961274317,,,,,4.527634961274317,4.527641194158423,1.3766303752069535e-06,,,
A-Ra1e5-fine,8239,2.104395962258633e-07,2.011950006287775e-07,4.312419941318635e-07,4.202856327206376e-07,4.5276324740489144,,,,,4.5276324740489144,4.5276387030215135,1.3757672138691416e-06,,,
A-Ra1e5-fine,8240,2.09790669825376e-07,2.015178312832289e-07,4.307630039052693e-07,4.197501052074527e-07,4.527629989186835,,,,,4.527629989186835,4.527636214250994,1.3749047282334973e-06,,,
A-Ra1e5-fine,8241,2.091662183596729e-07,2.018913410993031e-07,4.302807595343876e-07,4.192129100027773e-07,4.5276275067161595,,,,,4.5276275067161595,4.52763372787483,1.3740428927920788e-06,,,
A-Ra1e5-fine,8242,2.085649363400892e-07,2.023081724617221e-07,4.297953854980455e-07,4.186733139515744e-07,4.527625026664053,,,,,4.527625026664053,4.527631243918953,1.3731814350611023e-06,,,
A-Ra1e5-fine,8243,2.07984263425026e-07,2.027736952898262e-07,4.293071287425358e-07,4.181316198206059e-07,4.52762254905076,,,,,4.52762254905076,4.527628762408018,1.372321329209508e-06,,,
A-Ra1e5-fine,8244,2.07428663204468e-07,2.032769726629458e-07,4.288162000203505e-07,4.175878654028454e-07,4.527620073910162,,,,,4.527620073910162,4.527626283368867,1.371461020397779e-06,,,
A-Ra1e5-fine,8245,2.068946618299194e-07,2.03821379764645e-07,4.283221897985097e-07,4.170448325607383e-07,4.527617601259864,,,,,4.527617601259864,4.52762380682639,1.37060211779413e-06,,,
A-Ra1e5-fine,8246,2.063885139711889e-07,2.04409997710662e-07,4.278250215338668e-07,4.164971815748966e-07,4.527615131133191,,,,,4.527615131133191,4.527621332806736,1.3697430363476293e-06,,,
A-Ra1e5-fine,8247,2.0590443701755e-07,2.050371010315762e-07,4.273252105235549e-07,4.159490128374026e-07,4.527612663548889,,,,,4.527612663548889,4.527618861335713,1.3688853359895621e-06,,,
A-Ra1e5-fine,8248,2.054414788955023e-07,2.057121997963302e-07,4.268222655846548e-07,4.153984365439067e-07,4.527610198538244,,,,,4.527610198538244,4.527616392438905,1.36802775691624e-06,,,
A-Ra1e5-fine,8249,2.050081929446842e-07,2.064227381324823e-07,4.263160594470307e-07,4.148441683451777e-07,4.527607736122832,,,,,4.527607736122832,4.52761392614041,1.3671708566356863e-06,,,
A-Ra1e5-fine,8250,2.04598090800483e-07,2.071760640497985e-07,4.258067626728035e-07,4.142881659485692e-07,4.5276052763281305,,,,,4.5276052763281305,4.527611462467166,1.3663149572528039e-06,,,
A-Ra1e5-fine,8251,2.042135371386776e-07,2.0796278106503e-07,4.252942021232481e-07,4.13729300080309e-07,4.527602819178017,,,,,4.527602819178017,4.527609001442375,1.3654599098709236e-06,,,
A-Ra1e5-fine,8252,2.038547439665516e-07,2.087924629314565e-07,4.247786645112041e-07,4.131691498910194e-07,4.5276003646999925,,,,,4.5276003646999925,4.527606543092409,1.3646054649570104e-06,,,
A-Ra1e5-fine,8253,2.035192406169362e-07,2.096624537305883e-07,4.242602954946497e-07,4.12608141142559e-07,4.527597912922944,,,,,4.527597912922944,4.527604087442162,1.3637507409185388e-06,,,
A-Ra1e5-fine,8254,2.032086304183081e-07,2.105736040788446e-07,4.237387670451783e-07,4.120449265567669e-07,4.527595463864374,,,,,4.527595463864374,4.52760163451824,1.3628977479026062e-06,,,
A-Ra1e5-fine,8255,2.029257033919876e-07,2.115190998727118e-07,4.232140292348707e-07,4.114793496569231e-07,4.527593017553959,,,,,4.527593017553959,4.527599184341785,1.3620446013009565e-06,,,
A-Ra1e5-fine,8256,2.02672590494593e-07,2.125040695193315e-07,4.22686513928516e-07,4.10912520084658e-07,4.52759057401454,,,,,4.52759057401454,4.5275967369408825,1.3611924592954032e-06,,,
A-Ra1e5-fine,8257,2.024447823233824e-07,2.135240865520598e-07,4.221564567412936e-07,4.103429819253648e-07,4.527588133271138,,,,,4.527588133271138,4.527594292339179,1.3603410184065483e-06,,,
A-Ra1e5-fine,8258,2.022459984096807e-07,2.145837181080094e-07,4.216236596137514e-07,4.097727557474876e-07,4.527585695348985,,,,,4.527585695348985,4.527591850562024,1.3594903043278198e-06,,,
A-Ra1e5-fine,8259,2.020732327338526e-07,2.156834198795223e-07,4.210877678967031e-07,4.091998578280112e-07,4.527583260272196,,,,,4.527583260272196,4.5275894116329525,1.358640189347904e-06,,,
A-Ra1e5-fine,8260,2.019232788870016e-07,2.168218045499921e-07,4.205485415879139e-07,4.086251792298398e-07,4.527580828065314,,,,,4.527580828065314,4.527586975575038,1.357790348603876e-06,,,
A-Ra1e5-fine,8261,2.018017614641775e-07,2.179955199018025e-07,4.200067358107021e-07,4.080483861379636e-07,4.5275783987516425,,,,,4.5275783987516425,4.527584542415004,1.3569415373471472e-06,,,
A-Ra1e5-fine,8262,2.017112367811187e-07,2.192062944424516e-07,4.194617758705771e-07,4.074698607738225e-07,4.527575972358479,,,,,4.527575972358479,4.527582112177628,1.3560931994292276e-06,,,
A-Ra1e5-fine,8263,2.016552691230146e-07,2.204549616679473e-07,4.189136440008775e-07,4.068890051242196e-07,4.527573548906504,,,,,4.527573548906504,4.52757968488486,1.3552456149780724e-06,,,
A-Ra1e5-fine,8264,2.016256865179071e-07,2.217452750440384e-07,4.183628360133109e-07,4.063063857477414e-07,4.5275711284210765,,,,,4.5275711284210765,4.527577260562046,1.3543987808502266e-06,,,
A-Ra1e5-fine,8265,2.016276796531183e-07,2.230752669647486e-07,4.178096318377415e-07,4.057216180863507e-07,4.527568710927085,,,,,4.527568710927085,4.527574839234648,1.353552824356032e-06,,,
A-Ra1e5-fine,8266,2.016541662022681e-07,2.244442895916344e-07,4.172535163678635e-07,4.051364555297827e-07,4.527566296449549,,,,,4.527566296449549,4.5275724209245025,1.3527070418257131e-06,,,
A-Ra1e5-fine,8267,2.01711586976131e-07,2.25855505548702e-07,4.166944981778865e-07,4.045500270732191e-07,4.527563885009722,,,,,4.527563885009722,4.52757000565582,1.3518620865046792e-06,,,
A-Ra1e5-fine,8268,2.018033412281572e-07,2.273097745244348e-07,4.161326783050798e-07,4.03962791815012e-07,4.527561476632288,,,,,4.527561476632288,4.527567593453617,1.3510180323451363e-06,,,
A-Ra1e5-fine,8269,2.019316261703915e-07,2.288153000132955e-07,4.155681564391843e-07,4.033724588567429e-07,4.527559071342807,,,,,4.527559071342807,4.527565184339144,1.3501739267347048e-06,,,
A-Ra1e5-fine,8270,2.020898056282059e-07,2.303829827902242e-07,4.150009639039242e-07,4.02776476431799e-07,4.527556669160275,,,,,4.527556669160275,4.527562778338436,1.3493313249163876e-06,,,
A-Ra1e5-fine,8271,2.022785311838212e-07,2.319966998366427e-07,4.144310820584415e-07,4.021807336624273e-07,4.5275542701133435,,,,,4.5275542701133435,4.527560375475834,1.3484892746692042e-06,,,
A-Ra1e5-fine,8272,2.025062394845065e-07,2.336423501660357e-07,4.138586484839047e-07,4.015901426663702e-07,4.527551874222239,,,,,4.527551874222239,4.52755797577395,1.3476483029067554e-06,,,
A-Ra1e5-fine,8273,2.027655385150892e-07,2.353020231408751e-07,4.132834472744508e-07,4.009976226444221e-07,4.52754948151278,,,,,4.52754948151278,4.5275555792555195,1.3468077285165807e-06,,,
A-Ra1e5-fine,8274,2.030585468608644e-07,2.369772921539085e-07,4.127053463537578e-07,4.00398785685632e-07,4.527547092006102,,,,,4.527547092006102,4.527553185941817,1.3459675824899502e-06,,,
A-Ra1e5-fine,8275,2.033896669063998e-07,2.386654538532137e-07,4.121243354162423e-07,3.997958544404998e-07,4.527544705725857,,,,,4.527544705725857,4.527550795859769,1.3451285877158948e-06,,,
A-Ra1e5-fine,8276,2.037625742095006e-07,2.403697857797454e-07,4.115404286361776e-07,3.991896139386364e-07,4.527542322697175,,,,,4.527542322697175,4.5275484090314455,1.3442900685740554e-06,,,
A-Ra1e5-fine,8277,2.041761488560565e-07,2.420881140049803e-07,4.109538220959472e-07,3.985850632391039e-07,4.527539942940622,,,,,4.527539942940622,4.527546025478889,1.343452351295167e-06,,,
A-Ra1e5-fine,8278,2.046343527835287e-07,2.438145556333287e-07,4.103645484861362e-07,3.979808642370362e-07,4.527537566480416,,,,,4.527537566480416,4.52754364522598,1.3426153607411592e-06,,,
A-Ra1e5-fine,8279,2.051321508228102e-07,2.45552474654941e-07,4.097725315316444e-07,3.973686784521266e-07,4.52753519333976,,,,,4.52753519333976,4.527541268294317,1.3417787432093794e-06,,,
A-Ra1e5-fine,8280,2.056763170187108e-07,2.472987412950424e-07,4.091780523241866e-07,3.967589989838318e-07,4.52753282354081,,,,,4.52753282354081,4.527538894708007,1.3409429292942314e-06,,,
A-Ra1e5-fine,8281,2.062786313931498e-07,2.490600200962832e-07,4.085809151193085e-07,3.961495912902131e-07,4.527530457106084,,,,,4.527530457106084,4.527536524490803,1.3401081916720197e-06,,,
A-Ra1e5-fine,8282,2.069474694883637e-07,2.508310667928827e-07,4.079810318659378e-07,3.955383559866805e-07,4.52752809405911,,,,,4.52752809405911,4.527534157660671,1.3392733021023105e-06,,,
A-Ra1e5-fine,8283,2.076692562353578e-07,2.526087434177775e-07,4.073784984615013e-07,3.9492431930757e-07,4.527525734422854,,,,,4.527525734422854,4.527531794246603,1.338439591415972e-06,,,
A-Ra1e5-fine,8284,2.084371988479582e-07,2.543938847873654e-07,4.067737678518134e-07,3.943082805955056e-07,4.527523378218461,,,,,4.527523378218461,4.5275294342667864,1.3376064061586747e-06,,,
A-Ra1e5-fine,8285,2.09250182839148e-07,2.561887621902025e-07,4.06166353925247e-07,3.936907102778635e-07,4.527521025468789,,,,,4.527521025468789,4.5275270777433905,1.3367735946846821e-06,,,
A-Ra1e5-fine,8286,2.101145572932329e-07,2.579923449754031e-07,4.055563465902187e-07,3.930714299115731e-07,4.52751867619645,,,,,4.52751867619645,4.527524724701315,1.3359416619392918e-06,,,
A-Ra1e5-fine,8287,2.110179144009979e-07,2.598027078445281e-07,4.049438046107639e-07,3.924501671865264e-07,4.527516330423736,,,,,4.527516330423736,4.527522375162153,1.3351104537271046e-06,,,
A-Ra1e5-fine,8288,2.119543483340923e-07,2.616184805626086e-07,4.043287275030223e-07,3.918276857032757e-07,4.5275139881707664,,,,,4.5275139881707664,4.527520029146377,1.334280047729863e-06,,,
A-Ra1e5-fine,8289,2.129388048866266e-07,2.634439254426428e-07,4.037110868952207e-07,3.912044931910561e-07,4.527511649463011,,,,,4.527511649463011,4.527517686676948,1.3334498901458148e-06,,,
A-Ra1e5-fine,8290,2.139665516095539e-07,2.652756204171136e-07,4.030909586694866e-07,3.905797544922876e-07,4.527509314320359,,,,,4.527509314320359,4.5275153477761485,1.3326205094627838e-06,,,
A-Ra1e5-fine,8291,2.150269087463906e-07,2.671140078288172e-07,4.024686548764469e-07,3.89953432634807e-07,4.527506982764407,,,,,4.527506982764407,4.527513012467058,1.3317922332874527e-06,,,
A-Ra1e5-fine,8292,2.16124493129654e-07,2.689554159766721e-07,4.018437940036976e-07,3.893249434050588e-07,4.527504654818356,,,,,4.527504654818356,4.527510680768321,1.3309640550495402e-06,,,
A-Ra1e5-fine,8293,2.172651476278628e-07,2.708006365281433e-07,4.012163455499378e-07,3.886946271838198e-07,4.527502330502902,,,,,4.527502330502902,4.527508352703127,1.3301365257972418e-06,,,
A-Ra1e5-fine,8294,2.184401209601722e-07,2.726538540863591e-07,4.005866454906347e-07,3.880621133722294e-07,4.527500009839286,,,,,4.527500009839286,4.527506028294898,1.3293101267418372e-06,,,
A-Ra1e5-fine,8295,2.196503608219361e-07,2.745124296575131e-07,3.999540767492456e-07,3.874284736869031e-07,4.527497692850378,,,,,4.527497692850378,4.5275037075640965,1.3284843264450461e-06,,,
A-Ra1e5-fine,8296,2.20900226386499e-07,2.763774243276645e-07,3.993188908591493e-07,3.867919947227125e-07,4.527495379556288,,,,,4.527495379556288,4.52750139052994,1.3276589279451272e-06,,,
A-Ra1e5-fine,8297,2.221848222703657e-07,2.782440996227205e-07,3.98681425210705e-07,3.861533947601154e-07,4.527493069979415,,,,,4.527493069979415,4.527499077217319,1.3268344813105538e-06,,,
A-Ra1e5-fine,8298,2.235039827180353e-07,2.801153736329343e-07,3.980414248768994e-07,3.855137890954506e-07,4.527490764140796,,,,,4.527490764140796,4.5274967676442,1.3260103081679946e-06,,,
A-Ra1e5-fine,8299,2.248608905735342e-07,2.819893694843178e-07,3.973986913620709e-07,3.84871565314668e-07,4.527488462061685,,,,,4.527488462061685,4.527494461834,1.3251868867868264e-06,,,
A-Ra1e5-fine,8300,2.262546135814498e-07,2.83865611605705e-07,3.967531374951513e-07,3.842278243778138e-07,4.527486163761751,,,,,4.527486163761751,4.527492159807753,1.3243645180961484e-06,,,
A-Ra1e5-fine,8301,2.27682322458419e-07,2.857489488691567e-07,3.961054137393276e-07,3.835822260625393e-07,4.527483869264185,,,,,4.527483869264185,4.527489861585923,1.3235426000330612e-06,,,
A-Ra1e5-fine,8302,2.291431678410445e-07,2.876349518091286e-07,3.954560252893819e-07,3.829349347893366e-07,4.527481578588666,,,,,4.527481578588666,4.52748756718852,1.3227212059639032e-06,,,
A-Ra1e5-fine,8303,2.306374400095466e-07,2.895241012371823e-07,3.948045563880943e-07,3.822869212101297e-07,4.527479291756212,,,,,4.527479291756212,4.527485276637936,1.321900638975446e-06,,,
A-Ra1e5-fine,8304,2.321623573267301e-07,2.914168817536026e-07,3.941510432978645e-07,3.816368670400335e-07,4.527477008787971,,,,,4.527477008787971,4.52748298995464,1.3210807489910832e-06,,,
A-Ra1e5-fine,8305,2.337128256215753e-07,2.933092012171458e-07,3.934953317860697e-07,3.809860503948117e-07,4.527474729705091,,,,,4.527474729705091,4.527480707158863,1.3202613339475473e-06,,,
A-Ra1e5-fine,8306,2.352837436885295e-07,2.952037097117974e-07,3.928370282299876e-07,3.803341143437777e-07,4.527472454525992,,,,,4.527472454525992,4.527478428271638,1.319442970597018e-06,,,
A-Ra1e5-fine,8307,2.36871088784224e-07,2.971045091698078e-07,3.921762964033096e-07,3.796803828688491e-07,4.527470183273526,,,,,4.527470183273526,4.527476153312751,1.3186249819360219e-06,,,
A-Ra1e5-fine,8308,2.384753569093157e-07,2.990055064446589e-07,3.915131765691412e-07,3.790259534247885e-07,4.527467915967691,,,,,4.527467915967691,4.527473882303572,1.3178076710522256e-06,,,
A-Ra1e5-fine,8309,2.4009264778097e-07,3.009072894257754e-07,3.908476033784493e-07,3.783698222718428e-07,4.5274656526271455,,,,,4.5274656526271455,4.527471615263995,1.3169913104309478e-06,,,
A-Ra1e5-fine,8310,2.417185957426769e-07,3.028090272931661e-07,3.90179705511841e-07,3.777123339465126e-07,4.527463393274618,,,,,4.527463393274618,4.527469352213691,1.316175225225544e-06,,,
A-Ra1e5-fine,8311,2.433530455437815e-07,3.047110168509377e-07,3.895094611727024e-07,3.770537294820223e-07,4.52746113792887,,,,,4.52746113792887,4.527467093174368,1.3153600661474847e-06,,,
A-Ra1e5-fine,8312,2.449972049712238e-07,3.066162494359583e-07,3.888369193501958e-07,3.763938640798863e-07,4.527458886609567,,,,,4.527458886609567,4.527464838164907,1.3145456595791482e-06,,,
A-Ra1e5-fine,8313,2.466468616846984e-07,3.085237822530865e-07,3.881621617695739e-07,3.757302886082091e-07,4.527456639336609,,,,,4.527456639336609,4.527462587203037,1.3137315262606734e-06,,,
A-Ra1e5-fine,8314,2.483026389974694e-07,3.104318024952019e-07,3.874852713465831e-07,3.750666572050249e-07,4.527454396129887,,,,,4.527454396129887,4.527460340315702,1.312919224217551e-06,,,
A-Ra1e5-fine,8315,2.499611623885858e-07,3.123416593207391e-07,3.868062393518249e-07,3.744022580058588e-07,4.527452157010655,,,,,4.527452157010655,4.5274580975163214,1.3121070223919024e-06,,,
A-Ra1e5-fine,8316,2.516266785113987e-07,3.142503939281066e-07,3.861250088275322e-07,3.737351337698078e-07,4.52744992199689,,,,,4.52744992199689,4.527455858825808,1.311295569731253e-06,,,
A-Ra1e5-fine,8317,2.532997039523606e-07,3.161604559301625e-07,3.85441554166846e-07,3.730657618514536e-07,4.527447691111207,,,,,4.527447691111207,4.527453624265082,1.3104844919282816e-06,,,
A-Ra1e5-fine,8318,2.549744080659394e-07,3.180697030446973e-07,3.847565781207642e-07,3.723959107440592e-07,4.527445464371227,,,,,4.527445464371227,4.527451393851536,1.3096737383671928e-06,,,
A-Ra1e5-fine,8319,2.566510364468203e-07,3.199782511821958e-07,3.840695864538885e-07,3.717225065887075e-07,4.527443241796622,,,,,4.527443241796622,4.527449167607915,1.3088639876189759e-06,,,
A-Ra1e5-fine,8320,2.583308139003288e-07,3.218860633880019e-07,3.833801789395927e-07,3.710482276469593e-07,4.527441023403639,,,,,4.527441023403639,4.527446945551037,1.3080553660202779e-06,,,
A-Ra1e5-fine,8321,2.600139555917511e-07,3.237925816797967e-07,3.826884754783553e-07,3.703702840773778e-07,4.527438809217525,,,,,4.527438809217525,4.527444727701367,1.30724681715707e-06,,,
A-Ra1e5-fine,8322,2.617001349609746e-07,3.257015472933129e-07,3.819946322542564e-07,3.696911134096683e-07,4.527436599253294,,,,,4.527436599253294,4.5274425140780075,1.3064392444207672e-06,,,
A-Ra1e5-fine,8323,2.633867556678067e-07,3.276118104628619e-07,3.81298781799707e-07,3.690100801528587e-07,4.5274343935311645,,,,,4.5274343935311645,4.527440304700167,1.3056324243639374e-06,,,
A-Ra1e5-fine,8324,2.650759230204825e-07,3.295209724817078e-07,3.806010782516065e-07,3.683266822520127e-07,4.527432192068771,,,,,4.527432192068771,4.527438099585017,1.3048262549729208e-06,,,
A-Ra1e5-fine,8325,2.667675318014719e-07,3.314278662593864e-07,3.799012172580447e-07,3.676413197637079e-07,4.527429994888168,,,,,4.527429994888168,4.527435898755746,1.3040209865663383e-06,,,
A-Ra1e5-fine,8326,2.684587547177795e-07,3.333336234244133e-07,3.791992618173109e-07,3.669539947071055e-07,4.5274278020062875,,,,,4.5274278020062875,4.527433702225426,1.303215766557617e-06,,,
A-Ra1e5-fine,8327,2.701515178025702e-07,3.352379654496208e-07,3.784955494275082e-07,3.662645811659673e-07,4.527425613441783,,,,,4.527425613441783,4.527431510018053,1.302411775145235e-06,,,
A-Ra1e5-fine,8328,2.718459707346248e-07,3.371416090788859e-07,3.777897514651346e-07,3.655737244955199e-07,4.527423429214653,,,,,4.527423429214653,4.527429322148625,1.3016079076537006e-06,,,
A-Ra1e5-fine,8329,2.735409899749886e-07,3.390450895905609e-07,3.770815018326645e-07,3.648799404757094e-07,4.527421249340474,,,,,4.527421249340474,4.527427138639772,1.3008057221211224e-06,,,
A-Ra1e5-fine,8330,2.75235762462517e-07,3.409495122034107e-07,3.763712319725152e-07,3.641851145472804e-07,4.52741907384143,,,,,4.52741907384143,4.527424959505586,1.3000034311736626e-06,,,
A-Ra1e5-fine,8331,2.769309162977008e-07,3.428508383239302e-07,3.756590537629588e-07,3.634888407177691e-07,4.527416902735351,,,,,4.527416902735351,4.527422784767898,1.2992019185879522e-06,,,
A-Ra1e5-fine,8332,2.786249228398126e-07,3.447479776235616e-07,3.749445894367361e-07,3.627909849135261e-07,4.527414736038054,,,,,4.527414736038054,4.527420614442169,1.2984011056957008e-06,,,
A-Ra1e5-fine,8333,2.803199013263781e-07,3.466412483377746e-07,3.742283977371002e-07,3.620914916013502e-07,4.527412573768974,,,,,4.527412573768974,4.52741844854818,1.2976010688077985e-06,,,
A-Ra1e5-fine,8334,2.820147896044431e-07,3.485329970147567e-07,3.735107315917047e-07,3.613898420518384e-07,4.527410415946749,,,,,4.527410415946749,4.527416287104803,1.2968018597132984e-06,,,
A-Ra1e5-fine,8335,2.83709551195496e-07,3.504243921344054e-07,3.727915143540678e-07,3.606876094731691e-07,4.527408262590712,,,,,4.527408262590712,4.5274141301277275,1.296002673688622e-06,,,
A-Ra1e5-fine,8336,2.854020048334901e-07,3.523156541699432e-07,3.720702181501383e-07,3.599834862997492e-07,4.527406113715983,,,,,4.527406113715983,4.527411977639009,1.2952050424893076e-06,,,
A-Ra1e5-fine,8337,2.870945021676367e-07,3.542048370762528e-07,3.713466698831414e-07,3.592777821538416e-07,4.52740396934212,,,,,4.52740396934212,4.52740982965263,1.2944077349009254e-06,,,
A-Ra1e5-fine,8338,2.887870997054553e-07,3.56091608341241e-07,3.706213915836e-07,3.585702586931363e-07,4.5274018294861635,,,,,4.5274018294861635,4.527407686188033,1.2936112811909578e-06,,,
A-Ra1e5-fine,8339,2.904781638090369e-07,3.579764038651568e-07,3.698942509415377e-07,3.578612574981908e-07,4.527399694168484,,,,,4.527399694168484,4.527405547262948,1.2928150981192987e-06,,,
A-Ra1e5-fine,8340,2.921674551003633e-07,3.598576096319621e-07,3.691653783869135e-07,3.571495675571379e-07,4.5273975634024755,,,,,4.5273975634024755,4.5274034128938645,1.292019869758724e-06,,,
A-Ra1e5-fine,8341,2.938550054744174e-07,3.617363658664808e-07,3.684349346327251e-07,3.56436965047139e-07,4.527395437210091,,,,,4.527395437210091,4.527401283100906,1.2912251915868245e-06,,,
A-Ra1e5-fine,8342,2.95541400710443e-07,3.636139935965238e-07,3.677024054656505e-07,3.557217938724159e-07,4.527393315603833,,,,,4.527393315603833,4.527399157898051,1.2904313898480826e-06,,,
A-Ra1e5-fine,8343,2.972274763795311e-07,3.654879920941721e-07,3.669678520236983e-07,3.55004749886533e-07,4.527391198605868,,,,,4.527391198605868,4.527397037307243,1.2896384151028235e-06,,,
A-Ra1e5-fine,8344,2.98912561384754e-07,3.673596901588657e-07,3.662314777991608e-07,3.542861002540188e-07,4.527389086230757,,,,,4.527389086230757,4.527394921340195,1.2888456385977734e-06,,,
A-Ra1e5-fine,8345,3.0059372681123e-07,3.692267578326957e-07,3.654933875563023e-07,3.535660958319634e-07,4.527386978495772,,,,,4.527386978495772,4.527392810018615,1.2880540396552181e-06,,,
A-Ra1e5-fine,8346,3.022730554482492e-07,3.710911557357292e-07,3.64753421250804e-07,3.528439617946663e-07,4.527384875418764,,,,,4.527384875418764,4.527390703357175,1.2872629167385036e-06,,,
A-Ra1e5-fine,8347,3.039514092598136e-07,3.729554006446009e-07,3.640115555993575e-07,3.521211827272314e-07,4.527382777018605,,,,,4.527382777018605,4.52738860137429,1.2864721684208463e-06,,,
A-Ra1e5-fine,8348,3.056279007279802e-07,3.748161965267067e-07,3.63268149730224e-07,3.513970241649181e-07,4.527380683307797,,,,,4.527380683307797,4.527386504086099,1.2856825982510913e-06,,,
A-Ra1e5-fine,8349,3.073022585820789e-07,3.76672926219615e-07,3.62523336340155e-07,3.506705168196426e-07,4.5273785943057865,,,,,4.5273785943057865,4.527384411509322,1.284893603957823e-06,,,
A-Ra1e5-fine,8350,3.089730284125941e-07,3.785251473327142e-07,3.61776628809149e-07,3.499429719346981e-07,4.5273765100298595,,,,,4.5273765100298595,4.527382323661803,1.2841053087399609e-06,,,
A-Ra1e5-fine,8351,3.106420730259214e-07,3.803729875639156e-07,3.610281339567449e-07,3.492146701598995e-07,4.5273744304956836,,,,,4.5273744304956836,4.527380240560364,1.2833179674334493e-06,,,
A-Ra1e5-fine,8352,3.123097145999237e-07,3.822164284320437e-07,3.602781372197166e-07,3.484838376650184e-07,4.527372355720446,,,,,4.527372355720446,4.52737816221752,1.282530548525822e-06,,,
A-Ra1e5-fine,8353,3.139733106012747e-07,3.840568100115519e-07,3.595267736141552e-07,3.47751912823378e-07,4.527370285720397,,,,,4.527370285720397,4.527376088654526,1.2817441568978511e-06,,,
A-Ra1e5-fine,8354,3.156347065787888e-07,3.858945225044125e-07,3.587739152251558e-07,3.470181244411658e-07,4.527368220509293,,,,,4.527368220509293,4.527374019887973,1.2809594191471836e-06,,,
A-Ra1e5-fine,8355,3.172933117371098e-07,3.877300853799236e-07,3.580192850560637e-07,3.462828406932442e-07,4.527366160108614,,,,,4.527366160108614,4.527371955930381,1.280174355623267e-06,,,
A-Ra1e5-fine,8356,3.189495262016823e-07,3.895622671651075e-07,3.572630489544669e-07,3.455460179010107e-07,4.527364104532238,,,,,4.527364104532238,4.527369896800384,1.2793900174554853e-06,,,
A-Ra1e5-fine,8357,3.206029575097985e-07,3.913896552868126e-07,3.565050909814516e-07,3.448084742473573e-07,4.5273620537956285,,,,,4.5273620537956285,4.527367842514129,1.2786065551129263e-06,,,
A-Ra1e5-fine,8358,3.222530097056855e-07,3.932125259707247e-07,3.557451043687928e-07,3.440694274212601e-07,4.52736000791515,,,,,4.52736000791515,4.527365793086051,1.2778235426879923e-06,,,
A-Ra1e5-fine,8359,3.238996843659422e-07,3.950306216512041e-07,3.549833812166796e-07,3.433289374511587e-07,4.52735796690695,,,,,4.52735796690695,4.527363748534573,1.2770414827925322e-06,,,
A-Ra1e5-fine,8360,3.255435862473254e-07,3.96845371348767e-07,3.542201524134833e-07,3.425860303727881e-07,4.527355930787279,,,,,4.527355930787279,4.527361708874471,1.2762600495705807e-06,,,
A-Ra1e5-fine,8361,3.271844303951653e-07,3.986560558226102e-07,3.534552311844438e-07,3.418428013048563e-07,4.527353899570698,,,,,4.527353899570698,4.527359674120182,1.2754792157523626e-06,,,
A-Ra1e5-fine,8362,3.288224293448694e-07,4.004641105028377e-07,3.526887030446529e-07,3.410966460068734e-07,4.5273518732749425,,,,,4.5273518732749425,4.52735764428933,1.2746989566175108e-06,,,
A-Ra1e5-fine,8363,3.304570565029574e-07,4.022680840593151e-07,3.519214316821966e-07,3.403501894073701e-07,4.527349851913529,,,,,4.527349851913529,4.527355619397942,1.27391982676752e-06,,,
A-Ra1e5-fine,8364,3.320875166492723e-07,4.040676835542248e-07,3.511532991813805e-07,3.396027729596535e-07,4.527347835503747,,,,,4.527347835503747,4.527353599458526,1.2731407701620463e-06,,,
A-Ra1e5-fine,8365,3.337156752139189e-07,4.058635896817138e-07,3.503834592565653e-07,3.388542211376466e-07,4.527345824060037,,,,,4.527345824060037,4.527351584488703,1.2723624891261296e-06,,,
A-Ra1e5-fine,8366,3.353393537379396e-07,4.076541239010678e-07,3.496117673898226e-07,3.381050063379503e-07,4.527343817596148,,,,,4.527343817596148,4.527349574504275,1.271585437033007e-06,,,
A-Ra1e5-fine,8367,3.369581963484891e-07,4.094396680517724e-07,3.488384108132151e-07,3.373544285143967e-07,4.527341816130844,,,,,4.527341816130844,4.527347569519225,1.2708085582330229e-06,,,
A-Ra1e5-fine,8368,3.385740815032945e-07,4.112215926459044e-07,3.480633684920432e-07,3.36602343336622e-07,4.527339819677537,,,,,4.527339819677537,4.527345569550951,1.270032732596248e-06,,,
A-Ra1e5-fine,8369,3.401881995756267e-07,4.129987248800539e-07,3.472871834295716e-07,3.358483235243758e-07,4.527337828249872,,,,,4.527337828249872,4.5273435746105894,1.269257406500279e-06,,,
A-Ra1e5-fine,8370,3.417987686451191e-07,4.147701248253311e-07,3.465095466039907e-07,3.350935956147241e-07,4.5273358418653515,,,,,4.5273358418653515,4.5273415847170115,1.2684828822583819e-06,,,
A-Ra1e5-fine,8371,3.434045137651405e-07,4.16536658248975e-07,3.457306263824015e-07,3.343373392747463e-07,4.527333860537964,,,,,4.527333860537964,4.527339599882725,1.267708832640226e-06,,,
A-Ra1e5-fine,8372,3.45005028587583e-07,4.182976580357022e-07,3.449504194030944e-07,3.335799372973273e-07,4.527331884281009,,,,,4.527331884281009,4.52733762012365,1.2669358365759598e-06,,,
A-Ra1e5-fine,8373,3.466019533121292e-07,4.200529538183048e-07,3.441686692124346e-07,3.328221466493043e-07,4.527329913113136,,,,,4.527329913113136,4.527335645453081,1.2661627108951557e-06,,,
A-Ra1e5-fine,8374,3.481960382913341e-07,4.218054174604869e-07,3.433854411228355e-07,3.320624909865966e-07,4.527327947044455,,,,,4.527327947044455,4.5273336758888725,1.2653911666911362e-06,,,
A-Ra1e5-fine,8375,3.497856739055341e-07,4.235553454879323e-07,3.426007210332047e-07,3.313026759426852e-07,4.5273259860948665,,,,,4.5273259860948665,4.527331711442049,1.264619243129598e-06,,,
A-Ra1e5-fine,8376,3.513712161140938e-07,4.25299558973566e-07,3.418146005716512e-07,3.305407443064973e-07,4.527324030272668,,,,,4.527324030272668,4.527329752128753,1.2638486732778714e-06,,,
A-Ra1e5-fine,8377,3.529526867944785e-07,4.270369092283543e-07,3.410272683072291e-07,3.297773735797943e-07,4.527322079594798,,,,,4.527322079594798,4.527327797962859,1.2630787801128988e-06,,,
A-Ra1e5-fine,8378,3.545288002366976e-07,4.28768445606435e-07,3.40239045777047e-07,3.290131926129109e-07,4.527320134077513,,,,,4.527320134077513,4.527325848960051,1.2623094372926427e-06,,,
A-Ra1e5-fine,8379,3.561011019936975e-07,4.304945687202782e-07,3.394496946078778e-07,3.282489162249167e-07,4.527318193730934,,,,,4.527318193730934,4.527323905132381,1.2615410713167932e-06,,,
A-Ra1e5-fine,8380,3.576703552638993e-07,4.322148434367519e-07,3.386590352981096e-07,3.274831111591109e-07,4.527316258573933,,,,,4.527316258573933,4.527321966495197,1.2607729039305687e-06,,,
A-Ra1e5-fine,8381,3.592350297357939e-07,4.339305859011924e-07,3.378673426306403e-07,3.267167067410428e-07,4.527314328616966,,,,,4.527314328616966,4.527320033063166,1.2600058648401617e-06,,,
A-Ra1e5-fine,8382,3.607942534540922e-07,4.356418396450659e-07,3.370742571677538e-07,3.259475823778381e-07,4.527312403873907,,,,,4.527312403873907,4.527318104849704,1.259239853404425e-06,,,
A-Ra1e5-fine,8383,3.62350149820344e-07,4.373486630195038e-07,3.36279538041089e-07,3.251785791413665e-07,4.527310484362259,,,,,4.527310484362259,4.527316181867991,1.2584739144117822e-06,,,
A-Ra1e5-fine,8384,3.639010548453233e-07,4.390502945467968e-07,3.354835407868382e-07,3.244073384455525e-07,4.52730857009226,,,,,4.52730857009226,4.527314264131681,1.2577088023788325e-06,,,
A-Ra1e5-fine,8385,3.654469697880444e-07,4.407468442193278e-07,3.346863297857788e-07,3.236364974130329e-07,4.52730666107811,,,,,4.52730666107811,4.527312351654519,1.2569444172523843e-06,,,
A-Ra1e5-fine,8386,3.669884765902875e-07,4.4243702286797e-07,3.338880636710202e-07,3.228648039965773e-07,4.527304757335402,,,,,4.527304757335402,4.527310444452882,1.2561809316721654e-06,,,
A-Ra1e5-fine,8387,3.685255452005615e-07,4.441202144977615e-07,3.330887286404878e-07,3.22091609434279e-07,4.5273028588757125,,,,,4.5273028588757125,4.52730854253632,1.255417898342815e-06,,,
A-Ra1e5-fine,8388,3.700570885424233e-07,4.457988824574689e-07,3.322878487564552e-07,3.213174917065039e-07,4.527300965711902,,,,,4.527300965711902,4.527306645920863,1.2546560170470531e-06,,,
A-Ra1e5-fine,8389,3.715837916275053e-07,4.474726747699117e-07,3.314860461373262e-07,3.205428401999823e-07,4.527299077860451,,,,,4.527299077860451,4.527304754617195,1.253894007889152e-06,,,
A-Ra1e5-fine,8390,3.731063236121067e-07,4.491421273360006e-07,3.306835538092257e-07,3.197671521486345e-07,4.527297195331017,,,,,4.527297195331017,4.527302868641917,1.2531334040366216e-06,,,
A-Ra1e5-fine,8391,3.746242123344233e-07,4.508044972005012e-07,3.298800046340335e-07,3.189915203736942e-07,4.527295318138732,,,,,4.527295318138732,4.527300988004915,1.2523730470304953e-06,,,
A-Ra1e5-fine,8392,3.761364095318165e-07,4.524607813349418e-07,3.290752235550574e-07,3.182132571169662e-07,4.527293446296428,,,,,4.527293446296428,4.527299112721768,1.2516135438599446e-06,,,
A-Ra1e5-fine,8393,3.776439333642528e-07,4.541117695277499e-07,3.282692665093154e-07,3.174347815196013e-07,4.527291579816507,,,,,4.527291579816507,4.5272972428035025,1.2508545902455783e-06,,,
A-Ra1e5-fine,8394,3.791471271371058e-07,4.557578257405838e-07,3.274626570197687e-07,3.166550170722055e-07,4.527289718712837,,,,,4.527289718712837,4.527295378265583,1.2500965389239906e-06,,,
A-Ra1e5-fine,8395,3.806452453626694e-07,4.573988591612879e-07,3.266550721877521e-07,3.158755856910517e-07,4.527287862999855,,,,,4.527287862999855,4.527293519118688,1.2493385600405546e-06,,,
A-Ra1e5-fine,8396,3.821377542581547e-07,4.590334509821756e-07,3.258461469619389e-07,3.150942593513261e-07,4.527286012684161,,,,,4.527286012684161,4.52729166537556,1.2485820100066665e-06,,,
A-Ra1e5-fine,8397,3.836255478606499e-07,4.606619242851844e-07,3.2503574633777e-07,3.143116181046321e-07,4.527284167784841,,,,,4.527284167784841,4.527289817049157,1.2478255355494854e-06,,,
A-Ra1e5-fine,8398,3.851083900470924e-07,4.622841198403281e-07,3.242239769013805e-07,3.135281511103876e-07,4.527282328310776,,,,,4.527282328310776,4.527287974153002,1.2470701617272582e-06,,,
A-Ra1e5-fine,8399,3.865860947415241e-07,4.639000061646149e-07,3.234115140947726e-07,3.127443921904343e-07,4.527280494275601,,,,,4.527280494275601,4.527286136699605,1.2463156401720983e-06,,,
A-Ra1e5-fine,8400,3.880594299884176e-07,4.655099245316568e-07,3.225982953905883e-07,3.11959602091295e-07,4.527278665691598,,,,,4.527278665691598,4.527284304700448,1.2455617943192453e-06,,,
A-Ra1e5-fine,8401,3.895279011281282e-07,4.671133289849749e-07,3.217844385242696e-07,3.111740813560172e-07,4.527276842571155,,,,,4.527276842571155,4.527282478164398,1.244807846300998e-06,,,
A-Ra1e5-fine,8402,3.909904388964716e-07,4.6870994383038e-07,3.209699177242607e-07,3.103870561015135e-07,4.527275024926893,,,,,4.527275024926893,4.52728065710919,1.244054925545737e-06,,,
A-Ra1e5-fine,8403,3.924470769649764e-07,4.703005331261471e-07,3.201545205917824e-07,3.096009989899309e-07,4.527273212769726,,,,,4.527273212769726,4.5272788415454,1.2433029575046212e-06,,,
A-Ra1e5-fine,8404,3.938981013823431e-07,4.718852492486972e-07,3.193382917255268e-07,3.088132937035416e-07,4.527271406112503,,,,,4.527271406112503,4.527277031485302,1.24255181544327e-06,,,
A-Ra1e5-fine,8405,3.953441682524903e-07,4.734659123451059e-07,3.18520986552327e-07,3.080255400024643e-07,4.527269604966705,,,,,4.527269604966705,4.527275226939357,1.2418012735546153e-06,,,
A-Ra1e5-fine,8406,3.967842238606749e-07,4.750409763813908e-07,3.17702458007049e-07,3.072356889513196e-07,4.527267809345635,,,,,4.527267809345635,4.527273427918932,1.241050904745993e-06,,,
A-Ra1e5-fine,8407,3.982196542927128e-07,4.766085111295175e-07,3.168827999985239e-07,3.064467351020695e-07,4.5272660192574685,,,,,4.5272660192574685,4.527271634438467,1.2403020923117524e-06,,,
A-Ra1e5-fine,8408,3.996500042273649e-07,4.781687608797295e-07,3.160622006699083e-07,3.056585826536437e-07,4.527264234716768,,,,,4.527264234716768,4.527269846507057,1.239553628739285e-06,,,
A-Ra1e5-fine,8409,4.010745072953347e-07,4.797224780616525e-07,3.152410298945761e-07,3.048679828527184e-07,4.527262455736155,,,,,4.527262455736155,4.5272680641376635,1.2388055893630309e-06,,,
A-Ra1e5-fine,8410,4.024939257688149e-07,4.812693581471881e-07,3.144193774058974e-07,3.040781265988289e-07,4.527260682325049,,,,,4.527260682325049,4.527266287340967,1.2380582523729626e-06,,,
A-Ra1e5-fine,8411,4.039075822584236e-07,4.828095480950984e-07,3.135969717533394e-07,3.032872849473751e-07,4.527258914494495,,,,,4.527258914494495,4.5272645161289145,1.23731181709294e-06,,,
A-Ra1e5-fine,8412,4.053154891184766e-07,4.843438354999422e-07,3.127741231260086e-07,3.024955762739217e-07,4.52725715225711,,,,,4.52725715225711,4.527262750513206,1.2365660810610135e-06,,,
A-Ra1e5-fine,8413,4.067185049106437e-07,4.85871900620351e-07,3.119501436350923e-07,3.017039903027646e-07,4.527255395624023,,,,,4.527255395624023,4.527260990504987,1.2358210480052332e-06,,,
A-Ra1e5-fine,8414,4.081155892386832e-07,4.873944190972614e-07,3.111249460418336e-07,3.009101443215138e-07,4.5272536446059295,,,,,4.5272536446059295,4.527259236113358,1.2350763651864048e-06,,,
A-Ra1e5-fine,8415,4.095070505844403e-07,4.889102914041193e-07,3.102989043945953e-07,3.001168915717779e-07,4.5272518992138675,,,,,4.5272518992138675,4.527257487352859,1.2343328065531366e-06,,,
A-Ra1e5-fine,8416,4.108933599078101e-07,4.904202064676703e-07,3.094729429448995e-07,2.99322931087654e-07,4.527250159459412,,,,,4.527250159459412,4.5272557442323675,1.2335897760971573e-06,,,
A-Ra1e5-fine,8417,4.122732514396614e-07,4.919231024423674e-07,3.086462245537948e-07,2.985289342724868e-07,4.527248425351563,,,,,4.527248425351563,4.527254006761431,1.2328473948654231e-06,,,
A-Ra1e5-fine,8418,4.136475205295588e-07,4.934191920933034e-07,3.078190151253412e-07,2.977342645939992e-07,4.527246696902923,,,,,4.527246696902923,4.527252274952891,1.2321057158279458e-06,,,
A-Ra1e5-fine,8419,4.150155328051648e-07,4.949080768167769e-07,3.069910916234589e-07,2.969393925896938e-07,4.527244974124418,,,,,4.527244974124418,4.527250548818916,1.2313650128595298e-06,,,
A-Ra1e5-fine,8420,4.163777170874879e-07,4.963902943226448e-07,3.061621718965007e-07,2.96144344619342e-07,4.527243257027181,,,,,4.527243257027181,4.527248828367238,1.230624535160962e-06,,,
A-Ra1e5-fine,8421,4.177348090302546e-07,4.97866079028305e-07,3.053322016950057e-07,2.953487390757195e-07,4.5272415456182635,,,,,4.5272415456182635,4.52724711360854,1.229885084934238e-06,,,
A-Ra1e5-fine,8422,4.190860892507779e-07,4.993350626433013e-07,3.045012938133583e-07,2.945533151141736e-07,4.527239839912228,,,,,4.527239839912228,4.527245404553401,1.2291457820926759e-06,,,
A-Ra1e5-fine,8423,4.204320830050768e-07,5.007975035994358e-07,3.03670018787943e-07,2.937567939236943e-07,4.527238139918042,,,,,4.527238139918042,4.5272437012150055,1.2284075579281664e-06,,,
A-Ra1e5-fine,8424,4.217721983199341e-07,5.022528054860508e-07,3.028388208185961e-07,2.929600068463444e-07,4.527236445643667,,,,,4.527236445643667,4.527242003600853,1.2276703108185667e-06,,,
A-Ra1e5-fine,8425,4.231055578655616e-07,5.037016470937279e-07,3.020072926867078e-07,2.921618443029706e-07,4.527234757101949,,,,,4.527234757101949,4.527240311720494,1.2269333125241105e-06,,,
A-Ra1e5-fine,8426,4.244329897205056e-07,5.051442206383356e-07,3.011753983252071e-07,2.913641901036515e-07,4.527233074302562,,,,,4.527233074302562,4.527238625587235,1.2261973656399974e-06,,,
A-Ra1e5-fine,8427,4.257537221473602e-07,5.065806313289587e-07,3.003428670820882e-07,2.905658515958446e-07,4.527231397257083,,,,,4.527231397257083,4.527236945207665,1.225461368389083e-06,,,
A-Ra1e5-fine,8428,4.27068791910009e-07,5.080100626149612e-07,2.995096727207757e-07,2.897673466532926e-07,4.527229725969846,,,,,4.527229725969846,4.527235270594747,1.2247272263237885e-06,,,
A-Ra1e5-fine,8429,4.283790943530309e-07,5.094327985757845e-07,2.986755778550576e-07,2.889680568364263e-07,4.5272280604576745,,,,,4.5272280604576745,4.527233601756327,1.223992957184277e-06,,,
A-Ra1e5-fine,8430,4.296836758738503e-07,5.108477047204199e-07,2.978406368517476e-07,2.881689573805222e-07,4.527226400725907,,,,,4.527226400725907,4.527231938701267,1.2232593386521115e-06,,,
A-Ra1e5-fine,8431,4.309817121151269e-07,5.122555588346397e-07,2.97004791047914e-07,2.87370393039379e-07,4.527224746785008,,,,,4.527224746785008,4.527230281440711,1.2225265210063372e-06,,,
A-Ra1e5-fine,8432,4.322739349115433e-07,5.136567878331074e-07,2.961688546625669e-07,2.865708171486876e-07,4.527223098646688,,,,,4.527223098646688,4.527228629987168,1.2217946808147945e-06,,,
A-Ra1e5-fine,8433,4.335601927948077e-07,5.15050841586885e-07,2.953330921759911e-07,2.857719781126009e-07,4.527221456316395,,,,,4.527221456316395,4.527226984344157,1.2210633917677842e-06,,,
A-Ra1e5-fine,8434,4.348394971152421e-07,5.164377150851743e-07,2.944972895849638e-07,2.849726346341827e-07,4.527219819807785,,,,,4.527219819807785,4.527225344524983,1.22033257656774e-06,,,
A-Ra1e5-fine,8435,4.361125225922786e-07,5.178176368405199e-07,2.93661310150401e-07,2.841729570973806e-07,4.527218189127435,,,,,4.527218189127435,4.527223710539078,1.2196028653660174e-06,,,
A-Ra1e5-fine,8436,4.373803304047329e-07,5.19190798854406e-07,2.928246986359606e-07,2.833735757385451e-07,4.527216564285822,,,,,4.527216564285822,4.527222082392586,1.2188733017561674e-06,,,
A-Ra1e5-fine,8437,4.386418881795236e-07,5.205575321927205e-07,2.91987648454081e-07,2.825730963408899e-07,4.527214945291462,,,,,4.527214945291462,4.527220460097327,1.2181446149631841e-06,,,
A-Ra1e5-fine,8438,4.398967989526867e-07,5.219184002539912e-07,2.911496698192995e-07,2.817731860138033e-07,4.527213332153906,,,,,4.527213332153906,4.527218843663767,1.2174170072563642e-06,,,
A-Ra1e5-fine,8439,4.411453989136668e-07,5.23271344601403e-07,2.903108024189779e-07,2.809721510341297e-07,4.527211724882591,,,,,4.527211724882591,4.52721723309792,1.2166897227309792e-06,,,
A-Ra1e5-fine,8440,4.423879627671153e-07,5.246169051271335e-07,2.894715381029457e-07,2.801718891710339e-07,4.52721012348491,,,,,4.52721012348491,4.527215628408886,1.2159631382624097e-06,,,
A-Ra1e5-fine,8441,4.436240019280885e-07,5.259557939713283e-07,2.886324855286018e-07,2.793706706141953e-07,4.527208527970401,,,,,4.527208527970401,4.5272140296063315,1.2152372822987152e-06,,,
A-Ra1e5-fine,8442,4.448549809683141e-07,5.272872151612227e-07,2.877939463262628e-07,2.785715528480383e-07,4.527206938351012,,,,,4.527206938351012,4.527212436698325,1.214511297897219e-06,,,
A-Ra1e5-fine,8443,4.460803566885935e-07,5.286110725261585e-07,2.869554069738677e-07,2.777703399019128e-07,4.527205354629701,,,,,4.527205354629701,4.527210849695212,1.2137868167443607e-06,,,
A-Ra1e5-fine,8444,4.47298949572216e-07,5.299277041303563e-07,2.861161232532139e-07,2.769679935845275e-07,4.527203776818623,,,,,4.527203776818623,4.527209268604613,1.213062837504184e-06,,,
A-Ra1e5-fine,8445,4.485112039626208e-07,5.312367420524452e-07,2.852763929945863e-07,2.761659525400268e-07,4.527202204924039,,,,,4.527202204924039,4.527207693433684,1.2123395575423004e-06,,,
A-Ra1e5-fine,8446,4.497168054351812e-07,5.325391050488379e-07,2.844361583119657e-07,2.75365954692148e-07,4.52720063895697,,,,,4.52720063895697,4.527206124193003,1.2116168793544497e-06,,,
A-Ra1e5-fine,8447,4.509158674944793e-07,5.338351855137795e-07,2.835955909637274e-07,2.745647287293107e-07,4.527199078923219,,,,,4.527199078923219,4.5272045608892775,1.210895002464665e-06,,,
A-Ra1e5-fine,8448,4.521081799249482e-07,5.351237500018169e-07,2.827547319231654e-07,2.737643801851785e-07,4.5271975248317595,,,,,4.5271975248317595,4.52720300353251,1.210174154254959e-06,,,
A-Ra1e5-fine,8449,4.532944046377522e-07,5.364052902323158e-07,2.819142040914547e-07,2.729634184766022e-07,4.527195976693066,,,,,4.527195976693066,4.5272014521285,1.209453301997661e-06,,,
A-Ra1e5-fine,8450,4.544748111883588e-07,5.376805771507961e-07,2.810736804763343e-07,2.72163044114551e-07,4.527194434510308,,,,,4.527194434510308,4.5271999066877004,1.2087340546255315e-06,,,
A-Ra1e5-fine,8451,4.55648864380037e-07,5.389484865806247e-07,2.802330602070467e-07,2.713628358005972e-07,4.527192898296791,,,,,4.527192898296791,4.52719836721683,1.2080149572151488e-06,,,
A-Ra1e5-fine,8452,4.568169974363144e-07,5.402091548854397e-07,2.793924450470616e-07,2.705638068981653e-07,4.527191368056723,,,,,4.527191368056723,4.527196833723043,1.2072966605215853e-06,,,
A-Ra1e5-fine,8453,4.579785658941403e-07,5.414617804838921e-07,2.785518625541018e-07,2.697658732972663e-07,4.527189843799192,,,,,4.527189843799192,4.5271953062152095,1.2065791164801775e-06,,,
A-Ra1e5-fine,8454,4.591333357948714e-07,5.427067376833956e-07,2.777110929752043e-07,2.68967909780163e-07,4.527188325533304,,,,,4.527188325533304,4.52719378469981,1.205861744965937e-06,,,
A-Ra1e5-fine,8455,4.602816462473706e-07,5.439437498755038e-07,2.768699176620199e-07,2.681701482764488e-07,4.527186813263598,,,,,4.527186813263598,4.527192269185252,1.2051454007695058e-06,,,
A-Ra1e5-fine,8456,4.614234040137517e-07,5.451737402937598e-07,2.760286384441966e-07,2.673742642983763e-07,4.527185306998832,,,,,4.527185306998832,4.527190759681324,1.2044303112737916e-06,,,
A-Ra1e5-fine,8457,4.625590161789863e-07,5.463968394208754e-07,2.751880477774951e-07,2.665789930306935e-07,4.527183806751737,,,,,4.527183806751737,4.527189256192903,1.2037147415925142e-06,,,
A-Ra1e5-fine,8458,4.636886184844906e-07,5.476117320062578e-07,2.743477512037403e-07,2.6578177930563e-07,4.527182312520609,,,,,4.527182312520609,4.527187758725793,1.2030003502990674e-06,,,
A-Ra1e5-fine,8459,4.648116235379175e-07,5.488187056400072e-07,2.7350716354239e-07,2.649858698337584e-07,4.527180824316932,,,,,4.527180824316932,4.527186267290109,1.2022868350691188e-06,,,
A-Ra1e5-fine,8460,4.65927812461433e-07,5.500190693735283e-07,2.726663447032406e-07,2.64191103900098e-07,4.527179342149791,,,,,4.527179342149791,4.52718478189404,1.2015739979504833e-06,,,
A-Ra1e5-fine,8461,4.670378616805387e-07,5.51213212324623e-07,2.718256238349937e-07,2.633965558126466e-07,4.527177866022496,,,,,4.527177866022496,4.527183302541791,1.200862036114604e-06,,,
A-Ra1e5-fine,8462,4.681416184640224e-07,5.52400697554779e-07,2.709849921185162e-07,2.626026942916419e-07,4.527176395944595,,,,,4.527176395944595,4.527181829239502,1.200150197574333e-06,,,
A-Ra1e5-fine,8463,4.692385659831919e-07,5.53580422460582e-07,2.701443732671899e-07,2.618082910222236e-07,4.527174931921882,,,,,4.527174931921882,4.527180361999901,1.1994400135783775e-06,,,
A-Ra1e5-fine,8464,4.70329026895571e-07,5.547516789330092e-07,2.693041591278252e-07,2.6101571620207e-07,4.527173473963899,,,,,4.527173473963899,4.527178900823448,1.1987294783020035e-06,,,
A-Ra1e5-fine,8465,4.714129049822344e-07,5.5591564753365e-07,2.684644118187712e-07,2.602229823973249e-07,4.527172022074067,,,,,4.527172022074067,4.52717744572117,1.198020271313292e-06,,,
A-Ra1e5-fine,8466,4.724902551791555e-07,5.570718880228608e-07,2.676245756229543e-07,2.594301491994981e-07,4.527170576261711,,,,,4.527170576261711,4.5271759966981815,1.1973114628781252e-06,,,
A-Ra1e5-fine,8467,4.735613319708725e-07,5.582206453473565e-07,2.667844987154209e-07,2.586374401208719e-07,4.527169136531486,,,,,4.527169136531486,4.527174553759483,1.196603129315736e-06,,,
A-Ra1e5-fine,8468,4.746254262664525e-07,5.59361932595919e-07,2.659446611559003e-07,2.578466535653049e-07,4.5271677028903206,,,,,4.5271677028903206,4.527173116913606,1.1958956247474935e-06,,,
A-Ra1e5-fine,8469,4.756826829518536e-07,5.604953380632099e-07,2.651050242456725e-07,2.570563555563577e-07,4.527166275344259,,,,,4.527166275344259,4.527171686167709,1.1951891951956577e-06,,,
A-Ra1e5-fine,8470,4.767328725714921e-07,5.616207649007851e-07,2.642652190867863e-07,2.562663714787451e-07,4.52716485390158,,,,,4.52716485390158,4.527170261527477,1.1944832675955175e-06,,,
A-Ra1e5-fine,8471,4.777767004000671e-07,5.62738962179193e-07,2.634258038138789e-07,2.554768172758811e-07,4.527163438568891,,,,,4.527163438568891,4.527168842999619,1.1937778645103353e-06,,,
A-Ra1e5-fine,8472,4.788144766555832e-07,5.638503264112611e-07,2.625871466870373e-07,2.546877658917971e-07,4.527162029348234,,,,,4.527162029348234,4.527167430587656,1.193073312793049e-06,,,
A-Ra1e5-fine,8473,4.798460524185435e-07,5.64955583248909e-07,2.617488838042432e-07,2.539064486595325e-07,4.527160626249044,,,,,4.527160626249044,4.527166024300007,1.192369387808863e-06,,,
A-Ra1e5-fine,8474,4.808714346162336e-07,5.66053059724148e-07,2.609105397611698e-07,2.531309121213921e-07,4.527159229276097,,,,,4.527159229276097,4.527164624142463,1.191666313999801e-06,,,
A-Ra1e5-fine,8475,4.818898188097641e-07,5.671427521615826e-07,2.600717843878969e-07,2.523605658456143e-07,4.527157838437008,,,,,4.527157838437008,4.5271632301215075,1.1909638412268694e-06,,,
A-Ra1e5-fine,8476,4.829014732234705e-07,5.682246342121802e-07,2.592337909001846e-07,2.515935999677789e-07,4.5271564537364375,,,,,4.5271564537364375,4.5271618422420286,1.1902620197165842e-06,,,
A-Ra1e5-fine,8477,4.839068671365537e-07,5.692988235641072e-07,2.583967231627775e-07,2.508278205774727e-07,4.527155075181214,,,,,4.527155075181214,4.527160460510619,1.1895607976767476e-06,,,
A-Ra1e5-fine,8478,4.849051088232285e-07,5.703649254448862e-07,2.575602203928393e-07,2.50068588916389e-07,4.527153702776675,,,,,4.527153702776675,4.527159084932624,1.1888601762864959e-06,,,
A-Ra1e5-fine,8479,4.858964553547473e-07,5.714228389459386e-07,2.567242673523251e-07,2.493117050084832e-07,4.527152336526457,,,,,4.527152336526457,4.527157715512023,1.1881602318657883e-06,,,
A-Ra1e5-fine,8480,4.868816144882398e-07,5.724728912620818e-07,2.558898947828755e-07,2.485552589518252e-07,4.527150976437727,,,,,4.527150976437727,4.527156352259045,1.1874616406798054e-06,,,
A-Ra1e5-fine,8481,4.878601630483337e-07,5.735150489135948e-07,2.550569828733013e-07,2.478044801686341e-07,4.527149622518095,,,,,4.527149622518095,4.527154995173237,1.1867626213336872e-06,,,
A-Ra1e5-fine,8482,4.888321606350902e-07,5.745494820335482e-07,2.54225053474461e-07,2.470546225150141e-07,4.527148274768938,,,,,4.527148274768938,4.52715364426347,1.1860648298621512e-06,,,
A-Ra1e5-fine,8483,4.897971726285025e-07,5.755769716755239e-07,2.533939689789235e-07,2.463108585501395e-07,4.527146933197743,,,,,4.527146933197743,4.527152299533715,1.1853674887693606e-06,,,
A-Ra1e5-fine,8484,4.907554545618239e-07,5.765974587175919e-07,2.525646775194627e-07,2.455658866040356e-07,4.527145597809749,,,,,4.527145597809749,4.527150960992051,1.18467122586285e-06,,,
A-Ra1e5-fine,8485,4.917071362476865e-07,5.776112192402678e-07,2.517370824342707e-07,2.448242793661109e-07,4.527144268608707,,,,,4.527144268608707,4.527149628640518,1.183975663284812e-06,,,
A-Ra1e5-fine,8486,4.926522121417527e-07,5.786178124473693e-07,2.509107681893213e-07,2.44087488299903e-07,4.527142945601895,,,,,4.527142945601895,4.527148302484353,1.1832803498012387e-06,,,
A-Ra1e5-fine,8487,4.935903962414426e-07,5.796165450577797e-07,2.50086378122701e-07,2.433507158689693e-07,4.527141628792607,,,,,4.527141628792607,4.527146982530603,1.1825861149032852e-06,,,
A-Ra1e5-fine,8488,4.945223834370806e-07,5.80606738263854e-07,2.492635185662741e-07,2.426180382576917e-07,4.527140318185386,,,,,4.527140318185386,4.52714566878142,1.181892430255251e-06,,,
A-Ra1e5-fine,8489,4.954477679745954e-07,5.815891578262912e-07,2.484418446736608e-07,2.418880747140878e-07,4.527139013786385,,,,,4.527139013786385,4.527144361243064,1.1811993190092284e-06,,,
A-Ra1e5-fine,8490,4.963663501846096e-07,5.825638218112717e-07,2.476212990336226e-07,2.411586717092803e-07,4.527137715600248,,,,,4.527137715600248,4.527143059920764,1.1805069112410642e-06,,,
A-Ra1e5-fine,8491,4.972777626832415e-07,5.835303464225674e-07,2.468032659057368e-07,2.404304207643036e-07,4.527136423630853,,,,,4.527136423630853,4.527141764820545,1.1798156807512422e-06,,,
A-Ra1e5-fine,8492,4.981825369189965e-07,5.844886557615537e-07,2.459873397827045e-07,2.397078526085045e-07,4.527135137883308,,,,,4.527135137883308,4.527140475942863,1.1791245999005405e-06,,,
A-Ra1e5-fine,8493,4.990807379288323e-07,5.854391002042511e-07,2.451732933780826e-07,2.389871692207633e-07,4.527133858361707,,,,,4.527133858361707,4.5271391932944205,1.1784342449002388e-06,,,
A-Ra1e5-fine,8494,4.999720001656247e-07,5.863820690086114e-07,2.443615743220197e-07,2.382680636432792e-07,4.5271325850711746,,,,,4.5271325850711746,4.527137916879999,1.1777445402193853e-06,,,
A-Ra1e5-fine,8495,5.008563765499783e-07,5.873171708197364e-07,2.435516945255701e-07,2.37552422141785e-07,4.527131318015109,,,,,4.527131318015109,4.527136646704026,1.1770557128521912e-06,,,
A-Ra1e5-fine,8496,5.017340655067876e-07,5.882450015198469e-07,2.427435780065137e-07,2.368377447556463e-07,4.527130057197271,,,,,4.527130057197271,4.527135382769688,1.1763676364549424e-06,,,
A-Ra1e5-fine,8497,5.026053989126222e-07,5.891662926202601e-07,2.419375562634284e-07,2.361245586171046e-07,4.527128802624244,,,,,4.527128802624244,4.527134125082443,1.175680061868109e-06,,,
A-Ra1e5-fine,8498,5.034704188484743e-07,5.900811369076632e-07,2.411331152090435e-07,2.354143580699792e-07,4.5271275542970715,,,,,4.5271275542970715,4.527132873644453,1.1749932362941457e-06,,,
A-Ra1e5-fine,8499,5.043289265055527e-07,5.909876643111637e-07,2.403306497064397e-07,2.347062400319745e-07,4.527126312222665,,,,,4.527126312222665,4.5271316284631,1.1743072641078586e-06,,,
A-Ra1e5-fine,8500,5.051804146419861e-07,5.918860843383845e-07,2.395306369539284e-07,2.339998907022452e-07,4.527125076402402,,,,,4.527125076402402,4.5271303895381605,1.1736217911892043e-06,,,
A-Ra1e5-fine,8501,5.060252327464387e-07,5.927767238069391e-07,2.387322170951669e-07,2.332961551906182e-07,4.5271238468425326,,,,,4.5271238468425326,4.527129156876346,1.172936919558723e-06,,,
A-Ra1e5-fine,8502,5.068630144337458e-07,5.936591469368584e-07,2.379362649208523e-07,2.32597879235098e-07,4.527122623546234,,,,,4.527122623546234,4.527127930480153,1.1722524989371838e-06,,,
A-Ra1e5-fine,8503,5.076935125189677e-07,5.945334695285593e-07,2.37144102877083e-07,2.318991980608438e-07,4.52712140651454,,,,,4.52712140651454,4.52712671035504,1.1715695065514892e-06,,,
A-Ra1e5-fine,8504,5.085171937427901e-07,5.95399543314215e-07,2.36354564754663e-07,2.312017447465485e-07,4.527120195753927,,,,,4.527120195753927,4.527125496502369,1.170886813132194e-06,,,
A-Ra1e5-fine,8505,5.093346127169313e-07,5.962574793301188e-07,2.355665769074934e-07,2.305067130785985e-07,4.527118991268707,,,,,4.527118991268707,4.527124288926007,1.1702043199974784e-06,,,
A-Ra1e5-fine,8506,5.101455103322898e-07,5.971078285138273e-07,2.347811028442514e-07,2.298144644902011e-07,4.527117793057527,,,,,4.527117793057527,4.527123087631414,1.1695235319316186e-06,,,
A-Ra1e5-fine,8507,5.109498308321963e-07,5.97950613279879e-07,2.339985707046643e-07,2.291243253974575e-07,4.527116601128226,,,,,4.527116601128226,4.527121892618587,1.1688427171630168e-06,,,
A-Ra1e5-fine,8508,5.117473652289414e-07,5.987855015886352e-07,2.332183358110727e-07,2.284332617134291e-07,4.52711541548342,,,,,4.52711541548342,4.527120703894232,1.1681627785628417e-06,,,
A-Ra1e5-fine,8509,5.12538063440166e-07,5.996130995300678e-07,2.32441600023803e-07,2.277466812750155e-07,4.527114236125951,,,,,4.527114236125951,4.527119521459258,1.1674832898116501e-06,,,
A-Ra1e5-fine,8510,5.133218933726018e-07,6.004339550712056e-07,2.316670314742454e-07,2.270629220751038e-07,4.527113063057754,,,,,4.527113063057754,4.5271183453188995,1.1668049793681154e-06,,,
A-Ra1e5-fine,8511,5.140987267518061e-07,6.012483067920861e-07,2.308946268290361e-07,2.26381569722314e-07,4.527111896283602,,,,,4.527111896283602,4.5271171754734985,1.1661268684392054e-06,,,
A-Ra1e5-fine,8512,5.148686388591768e-07,6.020545151374789e-07,2.301259504502937e-07,2.257036773544655e-07,4.527110735805426,,,,,4.527110735805426,4.5271160119286185,1.1654497594476947e-06,,,
A-Ra1e5-fine,8513,5.156317829581463e-07,6.028524673963778e-07,2.293607915678865e-07,2.250339170967842e-07,4.527109581626065,,,,,4.527109581626065,4.527114854685397,1.164773276691012e-06,,,
A-Ra1e5-fine,8514,5.163883315239437e-07,6.036424874998958e-07,2.285988230245129e-07,2.243688535767629e-07,4.527108433748709,,,,,4.527108433748709,4.527113703748046,1.1640976455949606e-06,,,
A-Ra1e5-fine,8515,5.171382282346308e-07,6.044245156404336e-07,2.27840323492519e-07,2.237056999950068e-07,4.527107292177905,,,,,4.527107292177905,4.527112559117132,1.1634219874226717e-06,,,
A-Ra1e5-fine,8516,5.17881722697893e-07,6.051983219989774e-07,2.270853591848916e-07,2.230443690676363e-07,4.527106156912058,,,,,4.527106156912058,4.527111420798679,1.1627479847111906e-06,,,
A-Ra1e5-fine,8517,5.18618267920186e-07,6.059640299760496e-07,2.263329506370198e-07,2.223900691216887e-07,4.527105027957759,,,,,4.527105027957759,4.527110288791097,1.1620738305435256e-06,,,
A-Ra1e5-fine,8518,5.19347880887666e-07,6.067215946208753e-07,2.255833312700095e-07,2.217383240777986e-07,4.527103905313996,,,,,4.527103905313996,4.527109163099614,1.161400903361145e-06,,,
A-Ra1e5-fine,8519,5.200704778326044e-07,6.074716056239894e-07,2.248374280937256e-07,2.210891084990341e-07,4.527102788987354,,,,,4.527102788987354,4.5271080437279805,1.160728576727828e-06,,,
A-Ra1e5-fine,8520,5.207860608999472e-07,6.08213838140128e-07,2.24096209469521e-07,2.204426130140047e-07,4.527101678977263,,,,,4.527101678977263,4.527106930674839,1.1600566770177923e-06,,,
A-Ra1e5-fine,8521,5.21494626722165e-07,6.089482671667236e-07,2.233587677148786e-07,2.198009376849903e-07,4.527100575286905,,,,,4.527100575286905,4.527105823945637,1.1593857043247735e-06,,,
A-Ra1e5-fine,8522,5.221965069483612e-07,6.096753734144239e-07,2.226247855246035e-07,2.191646541193724e-07,4.527099477917772,,,,,4.527099477917772,4.527104723541175,1.1587155064074541e-06,,,
A-Ra1e5-fine,8523,5.228918956399526e-07,6.103950539778175e-07,2.218955913243161e-07,2.185302367932245e-07,4.527098386872923,,,,,4.527098386872923,4.52710362946191,1.158045508035486e-06,,,
A-Ra1e5-fine,8524,5.235804450468356e-07,6.111071182871319e-07,2.21170391416243e-07,2.178982695621961e-07,4.527097302153379,,,,,4.527097302153379,4.527102541714204,1.1573768893026104e-06,,,
A-Ra1e5-fine,8525,5.242624259125772e-07,6.11811854535333e-07,2.20449168784634e-07,2.172711328614533e-07,4.527096223761648,,,,,4.527096223761648,4.527101460296126,1.1567086694511243e-06,,,
A-Ra1e5-fine,8526,5.249375556845914e-07,6.125096840430932e-07,2.197313586628181e-07,2.166485368860636e-07,4.527095151700106,,,,,4.527095151700106,4.527100385210067,1.1560408520149546e-06,,,
A-Ra1e5-fine,8527,5.256060771175977e-07,6.131995997335944e-07,2.190183111393674e-07,2.160261864369175e-07,4.527094085973431,,,,,4.527094085973431,4.527099316460456,1.1553733816699924e-06,,,
A-Ra1e5-fine,8528,5.262677495021183e-07,6.138812018738122e-07,2.183106298070012e-07,2.154056634685074e-07,4.527093026576497,,,,,4.527093026576497,4.52709825404695,1.1547073153044678e-06,,,
A-Ra1e5-fine,8529,5.269230416644853e-07,6.145547260756572e-07,2.17607376352487e-07,2.147907013165027e-07,4.527091973514983,,,,,4.527091973514983,4.5270971979710355,1.154041726700196e-06,,,
A-Ra1e5-fine,8530,5.275715183285366e-07,6.152201454848394e-07,2.169099723514899e-07,2.141785187849952e-07,4.527090926788447,,,,,4.527090926788447,4.527096148234866,1.1533771891323915e-06,,,
A-Ra1e5-fine,8531,5.282129069269216e-07,6.158776456225449e-07,2.162183578613204e-07,2.135662581073578e-07,4.527089886402908,,,,,4.527089886402908,4.527095104839122,1.1527125234910123e-06,,,
A-Ra1e5-fine,8532,5.288475381032209e-07,6.165273957691342e-07,2.155308209966312e-07,2.129577985870025e-07,4.527088852354497,,,,,4.527088852354497,4.527094067788244,1.1520495649571946e-06,,,
A-Ra1e5-fine,8533,5.294757771931114e-07,6.171693202081278e-07,2.148484181763502e-07,2.123523203663908e-07,4.527087824648677,,,,,4.527087824648677,4.527093037079615,1.1513865289731192e-06,,,
A-Ra1e5-fine,8534,5.300975440344211e-07,6.17803511875972e-07,2.141723140692944e-07,2.117500656979957e-07,4.527086803284189,,,,,4.527086803284189,4.5270920127160705,1.1507243201823198e-06,,,
A-Ra1e5-fine,8535,5.307123418018627e-07,6.184300756614849e-07,2.135038911739902e-07,2.111510631694966e-07,4.527085788263208,,,,,4.527085788263208,4.527090994698984,1.1500627612301439e-06,,,
A-Ra1e5-fine,8536,5.313203864372485e-07,6.190487063255067e-07,2.128419080223956e-07,2.105545887281672e-07,4.527084779585715,,,,,4.527084779585715,4.52708998302983,1.1494021821146036e-06,,,
A-Ra1e5-fine,8537,5.319215085835429e-07,6.196594614924781e-07,2.121869257648678e-07,2.099611501003745e-07,4.527083777254461,,,,,4.527083777254461,4.527088977710084,1.1487423011067936e-06,,,
A-Ra1e5-fine,8538,5.325157669253616e-07,6.202624062264079e-07,2.115396234198754e-07,2.093725493403517e-07,4.527082781270334,,,,,4.527082781270334,4.527087978738612,1.1480826716767488e-06,,,
A-Ra1e5-fine,8539,5.33103157069508e-07,6.208578691479075e-07,2.109025652637716e-07,2.087863770013275e-07,4.5270817916338055,,,,,4.5270817916338055,4.527086986119501,1.1474240923288836e-06,,,
A-Ra1e5-fine,8540,5.336838275736771e-07,6.214453783304136e-07,2.102755329313827e-07,2.082009747126783e-07,4.527080808343727,,,,,4.527080808343727,4.527085999850034,1.1467662165917362e-06,,,
A-Ra1e5-fine,8541,5.342580175838467e-07,6.220258041065809e-07,2.09656359430615e-07,2.076193244896067e-07,4.52707983140397,,,,,4.52707983140397,4.527085019933956,1.1461090164120794e-06,,,
A-Ra1e5-fine,8542,5.348258277002865e-07,6.225988502088392e-07,2.090454456892387e-07,2.07044518609137e-07,4.527078860813616,,,,,4.527078860813616,4.527084046369668,1.1454523417063438e-06,,,
A-Ra1e5-fine,8543,5.353866997667926e-07,6.231644579545165e-07,2.084407333433513e-07,2.064734993557681e-07,4.527077896573136,,,,,4.527077896573136,4.5270830791588885,1.1447964679313712e-06,,,
A-Ra1e5-fine,8544,5.359407846612356e-07,6.237223981200589e-07,2.078414402073258e-07,2.059064011534149e-07,4.527076938684444,,,,,4.527076938684444,4.527082118301384,1.144140920697094e-06,,,
A-Ra1e5-fine,8545,5.364881446293521e-07,6.242722017905003e-07,2.072493690032249e-07,2.053429516433772e-07,4.527075987146419,,,,,4.527075987146419,4.527081163800791,1.143486751008859e-06,,,
A-Ra1e5-fine,8546,5.370290796787266e-07,6.248143271952043e-07,2.066644052667571e-07,2.047844437611357e-07,4.527075041959053,,,,,4.527075041959053,4.527080215652336,1.142832906102245e-06,,,
A-Ra1e5-fine,8547,5.375632717978321e-07,6.253484036516145e-07,2.060840809560165e-07,2.042270760010586e-07,4.527074103125413,,,,,4.527074103125413,4.527079273859546,1.1421794878032747e-06,,,
A-Ra1e5-fine,8548,5.380905332905541e-07,6.258747184747127e-07,2.05509385890021e-07,2.036724996605555e-07,4.527073170641646,,,,,4.527073170641646,4.527078338423328,1.1415275471186901e-06,,,
A-Ra1e5-fine,8549,5.386110498918872e-07,6.263937287893523e-07,2.049408559561009e-07,2.031221985687817e-07,4.527072244513423,,,,,4.527072244513423,4.5270774093389035,1.140874776238902e-06,,,
A-Ra1e5-fine,8550,5.391251047220468e-07,6.26904884246785e-07,2.043780770900985e-07,2.025726866389863e-07,4.52707132473472,,,,,4.52707132473472,4.5270764866136695,1.1402241396362277e-06,,,
A-Ra1e5-fine,8551,5.396323017245217e-07,6.274081456970609e-07,2.038201513339863e-07,2.02027423205649e-07,4.527070411309864,,,,,4.527070411309864,4.527075570242731,1.1395736004427513e-06,,,
A-Ra1e5-fine,8552,5.401327366401864e-07,6.279033801177826e-07,2.032670137917668e-07,2.014870883172958e-07,4.527069504237603,,,,,4.527069504237603,4.527074660227118,1.1389236622879172e-06,,,
A-Ra1e5-fine,8553,5.406264885219267e-07,6.283905800283388e-07,2.027199756024288e-07,2.009479134364811e-07,4.52706860351611,,,,,4.52706860351611,4.527073756567735,1.138274928859947e-06,,,
A-Ra1e5-fine,8554,5.411137165131287e-07,6.28869913792549e-07,2.021781757294188e-07,2.004095972602319e-07,4.52706770914847,,,,,4.52706770914847,4.5270728592627645,1.1376263169818978e-06,,,
A-Ra1e5-fine,8555,5.415940447399447e-07,6.293416604568177e-07,2.016418323464934e-07,1.998760900169412e-07,4.527066821131029,,,,,4.527066821131029,4.527071968312884,1.1369787838816172e-06,,,
A-Ra1e5-fine,8556,5.420673523408434e-07,6.29805753295722e-07,2.011097944958396e-07,1.993458791030908e-07,4.527065939466527,,,,,4.527065939466527,4.52707108371742,1.1363315752007454e-06,,,
A-Ra1e5-fine,8557,5.425339711900894e-07,6.302622635740583e-07,2.005825861086399e-07,1.988164492218406e-07,4.527065064152112,,,,,4.527065064152112,4.5270702054771625,1.1356854955294411e-06,,,
A-Ra1e5-fine,8558,5.429940513482356e-07,6.307111914930803e-07,2.000609189819619e-07,1.982884191264833e-07,4.527064195186655,,,,,4.527064195186655,4.527069333588701,1.1350400410482455e-06,,,
A-Ra1e5-fine,8559,5.434475072602667e-07,6.311524620828493e-07,1.995440477657183e-07,1.9776519864332e-07,4.527063332573451,,,,,4.527063332573451,4.527068468053405,1.1343947862171405e-06,,,
A-Ra1e5-fine,8560,5.438940579037707e-07,6.315860912004326e-07,1.990313134775569e-07,1.972481012487113e-07,4.527062476307947,,,,,4.527062476307947,4.527067608872405,1.1337509864783186e-06,,,
A-Ra1e5-fine,8561,5.443339709011741e-07,6.320123139062644e-07,1.985235149766092e-07,1.967331079328642e-07,4.527061626391855,,,,,4.527061626391855,4.527066756041725,1.1331073856116577e-06,,,
A-Ra1e5-fine,8562,5.447672037844097e-07,6.324309032794971e-07,1.980207945862126e-07,1.962183166349893e-07,4.527060782822788,,,,,4.527060782822788,4.527065909561361,1.1324645098100702e-06,,,
A-Ra1e5-fine,8563,5.451940678649633e-07,6.328422951098692e-07,1.975223612973535e-07,1.957074684561667e-07,4.527059945600967,,,,,4.527059945600967,4.527065069432004,1.1318224628627014e-06,,,
A-Ra1e5-fine,8564,5.456142192395004e-07,6.332461372059418e-07,1.970282671449892e-07,1.952014317059682e-07,4.5270591147249215,,,,,4.5270591147249215,4.527064235652736,1.1311813670013344e-06,,,
A-Ra1e5-fine,8565,5.460278646638288e-07,6.336428615033192e-07,1.9653852330558e-07,1.947000756620946e-07,4.527058290193622,,,,,4.527058290193622,4.527063408218444,1.1305403201337617e-06,,,
A-Ra1e5-fine,8566,5.464350634467454e-07,6.340318278109789e-07,1.960542201268849e-07,1.9420001096138e-07,4.527057472006282,,,,,4.527057472006282,4.5270625871334484,1.129900450373197e-06,,,
A-Ra1e5-fine,8567,5.468358548076362e-07,6.34412774534427e-07,1.955750169946733e-07,1.937050708057518e-07,4.5270566601626605,,,,,4.5270566601626605,4.527061772394336,1.1292610569211694e-06,,,
A-Ra1e5-fine,8568,5.472299704357088e-07,6.347857508101919e-07,1.95099069935322e-07,1.932135324742868e-07,4.527055854660151,,,,,4.527055854660151,4.527060963997475,1.1286219133743622e-06,,,
A-Ra1e5-fine,8569,5.476172265340686e-07,6.351509410453536e-07,1.946276014412462e-07,1.927294832554702e-07,4.527055055497386,,,,,4.527055055497386,4.527060161947406,1.127984324813101e-06,,,
A-Ra1e5-fine,8570,5.479977386909516e-07,6.355083797992405e-07,1.941609610546045e-07,1.922457247939633e-07,4.527054262672554,,,,,4.527054262672554,4.527059366235609,1.1273468093938429e-06,,,
A-Ra1e5-fine,8571,5.48371443733651e-07,6.358580540325455e-07,1.936982944397751e-07,1.917648811595015e-07,4.52705347618746,,,,,4.52705347618746,4.5270585768685585,1.1267103983106743e-06,,,
A-Ra1e5-fine,8572,5.487386195233706e-07,6.362002025951506e-07,1.93240946186635e-07,1.912856628793076e-07,4.527052696035755,,,,,4.527052696035755,4.527057793837504,1.1260745614541226e-06,,,
A-Ra1e5-fine,8573,5.490993085302845e-07,6.365347739983423e-07,1.927866948196356e-07,1.908112799016738e-07,4.5270519222202665,,,,,4.5270519222202665,4.527057017145058,1.1254392509552773e-06,,,
A-Ra1e5-fine,8574,5.494531855169279e-07,6.368615377939178e-07,1.923368956232048e-07,1.903405391964669e-07,4.527051154736799,,,,,4.527051154736799,4.527056246788948,1.124804892165345e-06,,,
A-Ra1e5-fine,8575,5.498004638645431e-07,6.371806549839255e-07,1.918914524325255e-07,1.89874064267906e-07,4.527050393585342,,,,,4.527050393585342,4.527055482766333,1.1241708592305211e-06,,,
A-Ra1e5-fine,8576,5.50141371814933e-07,6.374921650357451e-07,1.914498668773223e-07,1.894100190819693e-07,4.527049638762375,,,,,4.527049638762375,4.527054725075962,1.123537653624926e-06,,,
A-Ra1e5-fine,8577,5.504756474363291e-07,6.377965058478089e-07,1.91012482218336e-07,1.889462403931832e-07,4.527048890267112,,,,,4.527048890267112,4.527053973717376,1.122905347943409e-06,,,
A-Ra1e5-fine,8578,5.508032834787693e-07,6.380934864102621e-07,1.905804292222491e-07,1.884867072586122e-07,4.5270481480955596,,,,,4.5270481480955596,4.5270532286855785,1.1222737204914043e-06,,,
A-Ra1e5-fine,8579,5.511243337669039e-07,6.383831579470089e-07,1.901521951773245e-07,1.880320535157017e-07,4.527047412250909,,,,,4.527047412250909,4.52705248998216,1.1216424175341631e-06,,,
A-Ra1e5-fine,8580,5.514388159113332e-07,6.386650831057254e-07,1.897274436318851e-07,1.875791859438949e-07,4.5270466827246265,,,,,4.5270466827246265,4.527051757600862,1.121011941528323e-06,,,
A-Ra1e5-fine,8581,5.517466836956571e-07,6.38939411390719e-07,1.893072284673466e-07,1.871281705057631e-07,4.527045959519113,,,,,4.527045959519113,4.527051031544762,1.1203824419758506e-06,,,
A-Ra1e5-fine,8582,5.520482065915836e-07,6.392061091538361e-07,1.888904064683577e-07,1.866781559337685e-07,4.527045242630379,,,,,4.527045242630379,4.527050311807036,1.1197532932193637e-06,,,
A-Ra1e5-fine,8583,5.523432992009515e-07,6.394653793756709e-07,1.884783868223032e-07,1.862321217488082e-07,4.527044532056833,,,,,4.527044532056833,4.527049598389157,1.1191251715415945e-06,,,
A-Ra1e5-fine,8584,5.52631774019923e-07,6.397169218973683e-07,1.88070868490938e-07,1.857919904234921e-07,4.527043827796435,,,,,4.527043827796435,4.527048891285223,1.118497224484585e-06,,,
A-Ra1e5-fine,8585,5.529139074122952e-07,6.399608345897539e-07,1.876663294967581e-07,1.853524171449496e-07,4.527043129845084,,,,,4.527043129845084,4.527048190496363,1.1178706068482862e-06,,,
A-Ra1e5-fine,8586,5.531896222358626e-07,6.401971696701895e-07,1.872649132508106e-07,1.84916492912255e-07,4.527042438201761,,,,,4.527042438201761,4.527047496016327,1.1172441632511991e-06,,,
A-Ra1e5-fine,8587,5.534589485675653e-07,6.404257049967733e-07,1.868684134740495e-07,1.844842474320596e-07,4.527041752863627,,,,,4.527041752863627,4.527046807845454,1.116618595678063e-06,,,
A-Ra1e5-fine,8588,5.537218191749997e-07,6.406466844384299e-07,1.864762336548652e-07,1.840594987814972e-07,4.5270410738284035,,,,,4.5270410738284035,4.527046125980109,1.1159936047407016e-06,,,
A-Ra1e5-fine,8589,5.539780275472903e-07,6.408602928837606e-07,1.860873082426318e-07,1.836392727071681e-07,4.527040401092561,,,,,4.527040401092561,4.527045450418247,1.1153695178903703e-06,,,
A-Ra1e5-fine,8590,5.542278926339771e-07,6.410666482954368e-07,1.857031848150255e-07,1.832194258417744e-07,4.527039734652818,,,,,4.527039734652818,4.527044781157136,1.1147464571634727e-06,,,
A-Ra1e5-fine,8591,5.544712325694915e-07,6.412659754168125e-07,1.853227584577606e-07,1.828028468685752e-07,4.527039074509846,,,,,4.527039074509846,4.527044118191773,1.114123168491519e-06,,,
A-Ra1e5-fine,8592,5.547079076734367e-07,6.414578865893533e-07,1.849463508228334e-07,1.823902985900492e-07,4.527038420657849,,,,,4.527038420657849,4.5270434615230695,1.1135011337311415e-06,,,
A-Ra1e5-fine,8593,5.549384966007891e-07,6.416425845244953e-07,1.845733179101046e-07,1.819827787157185e-07,4.527037773092845,,,,,4.527037773092845,4.527042811143521,1.112879574977439e-06,,,
A-Ra1e5-fine,8594,5.551626891725136e-07,6.418202891295909e-07,1.842044881019748e-07,1.815782051797229e-07,4.52703713181438,,,,,4.52703713181438,4.527042167054264,1.1122588434205415e-06,,,
A-Ra1e5-fine,8595,5.553805222204171e-07,6.419906955602891e-07,1.838388340892931e-07,1.811745874192721e-07,4.527036496818483,,,,,4.527036496818483,4.527041529250981,1.111638862352506e-06,,,
A-Ra1e5-fine,8596,5.555919095727186e-07,6.421534092326577e-07,1.834764863580301e-07,1.807737721025921e-07,4.52703586810162,,,,,4.52703586810162,4.527040897730378,1.111019685141876e-06,,,
A-Ra1e5-fine,8597,5.557967088442582e-07,6.423088690641548e-07,1.831192845124353e-07,1.803765156566761e-07,4.527035245660953,,,,,4.527035245660953,4.527040272487333,1.1104008067887452e-06,,,
A-Ra1e5-fine,8598,5.559949728897036e-07,6.42456741590695e-07,1.827648162288265e-07,1.799837646888815e-07,4.527034629493075,,,,,4.527034629493075,4.527039653520934,1.1097827787982292e-06,,,
A-Ra1e5-fine,8599,5.561868170903935e-07,6.425970548154705e-07,1.824141586473342e-07,1.795944160466295e-07,4.527034019594906,,,,,4.527034019594906,4.527039040827663,1.109165504646497e-06,,,
A-Ra1e5-fine,8600,5.563722767139935e-07,6.427299723360379e-07,1.820682251034461e-07,1.792072740767584e-07,4.527033415963048,,,,,4.527033415963048,4.527038434403881,1.1085489303838615e-06,,,
A-Ra1e5-fine,8601,5.565514575633538e-07,6.428559081053327e-07,1.817259707447349e-07,1.788240153682727e-07,4.527032818593514,,,,,4.527032818593514,4.527037834245152,1.1079329575246688e-06,,,
A-Ra1e5-fine,8602,5.567240467476132e-07,6.42974328751387e-07,1.813865004332543e-07,1.78442078453274e-07,4.527032227483006,,,,,4.527032227483006,4.527037240348637,1.10731768711253e-06,,,
A-Ra1e5-fine,8603,5.568900452679672e-07,6.430850948928875e-07,1.810508365482413e-07,1.780644637327849e-07,4.527031642627778,,,,,4.527031642627778,4.52703665271138,1.1067032937640446e-06,,,
A-Ra1e5-fine,8604,5.570497574266918e-07,6.431886008709576e-07,1.807191334841044e-07,1.776896427680894e-07,4.527031064024868,,,,,4.527031064024868,4.5270360713283715,1.1060893250588972e-06,,,
A-Ra1e5-fine,8605,5.572031639189514e-07,6.432845411634439e-07,1.803907901011804e-07,1.773180777281001e-07,4.52703049167087,,,,,4.52703049167087,4.527035496197686,1.1054761082526682e-06,,,
A-Ra1e5-fine,8606,5.573503468215524e-07,6.433731522840938e-07,1.800660239068286e-07,1.769522560080602e-07,4.52702992556033,,,,,4.52702992556033,4.527034927312733,1.1048633920246245e-06,,,
A-Ra1e5-fine,8607,5.574911612419697e-07,6.43454413958391e-07,1.797451129208267e-07,1.765885482056943e-07,4.527029365690055,,,,,4.527029365690055,4.527034364673502,1.1042518797348987e-06,,,
A-Ra1e5-fine,8608,5.576258909134514e-07,6.43528463770946e-07,1.794278718461696e-07,1.762294948988621e-07,4.527028812055737,,,,,4.527028812055737,4.5270338082724955,1.103640866657442e-06,,,
A-Ra1e5-fine,8609,5.577542678338225e-07,6.435950579375745e-07,1.7911375025365e-07,1.758731909205936e-07,4.527028264654748,,,,,4.527028264654748,4.527033258107101,1.1030303561309075e-06,,,
A-Ra1e5-fine,8610,5.578763535266055e-07,6.436545085148643e-07,1.788034505208215e-07,1.755208975921076e-07,4.5270277234838,,,,,4.5270277234838,4.527032714173106,1.1024201439204418e-06,,,
A-Ra1e5-fine,8611,5.57992116983928e-07,6.437069226382236e-07,1.784972071558072e-07,1.75171040079013e-07,4.527027188534587,,,,,4.527027188534587,4.52703217646938,1.1018118152815493e-06,,,
A-Ra1e5-fine,8612,5.581016642018887e-07,6.437523093111024e-07,1.781942339603934e-07,1.748253772312647e-07,4.52702665980803,,,,,4.52702665980803,4.527031644985007,1.1012027555339383e-06,,,
A-Ra1e5-fine,8613,5.582048663391752e-07,6.437904152661543e-07,1.778939667612077e-07,1.744821561810632e-07,4.527026137295483,,,,,4.527026137295483,4.527031119721805,1.1005952758526873e-06,,,
A-Ra1e5-fine,8614,5.583015949006167e-07,6.438211558065474e-07,1.775973298529937e-07,1.741445155006268e-07,4.527025620995802,,,,,4.527025620995802,4.527030600674311,1.0999884221473644e-06,,,
A-Ra1e5-fine,8615,5.583922032018988e-07,6.438445314355089e-07,1.773052866196561e-07,1.738095584110887e-07,4.527025110904109,,,,,4.527025110904109,4.527030087836286,1.099381894048083e-06,,,
A-Ra1e5-fine,8616,5.584768516188935e-07,6.438606907195063e-07,1.770164702411498e-07,1.734792094991625e-07,4.527024607012777,,,,,4.527024607012777,4.527029581203967,1.0987765452016806e-06,,,
A-Ra1e5-fine,8617,5.585550491483179e-07,6.438696684337068e-07,1.767301746145447e-07,1.731499226676042e-07,4.527024109321813,,,,,4.527024109321813,4.527029080772696,1.0981713446086935e-06,,,
A-Ra1e5-fine,8618,5.58626909920925e-07,6.438710622960005e-07,1.764472105805286e-07,1.728233972634974e-07,4.527023617823945,,,,,4.527023617823945,4.527028586538156,1.0975669456013336e-06,,,
A-Ra1e5-fine,8619,5.586926161382725e-07,6.438650890582698e-07,1.761690656472677e-07,1.725008023576032e-07,4.527023132516091,,,,,4.527023132516091,4.527028098498634,1.0969636499303698e-06,,,
A-Ra1e5-fine,8620,5.587521346840551e-07,6.438521682375505e-07,1.758938605545585e-07,1.721815085527848e-07,4.527022653391443,,,,,4.527022653391443,4.52702761664357,1.0963606296590262e-06,,,
A-Ra1e5-fine,8621,5.58805288734106e-07,6.438321603458583e-07,1.756212631850027e-07,1.71865759166382e-07,4.527022180448166,,,,,4.527022180448166,4.527027140972267,1.0957581353308496e-06,,,
A-Ra1e5-fine,8622,5.588521602093539e-07,6.438050664551405e-07,1.753519357595926e-07,1.71551968397719e-07,4.527021713678209,,,,,4.527021713678209,4.527026671480075,1.0951569187683257e-06,,,
A-Ra1e5-fine,8623,5.58892747753017e-07,6.437707180791937e-07,1.750869175739962e-07,1.712407568038639e-07,4.527021253080534,,,,,4.527021253080534,4.527026208160169,1.0945557015700835e-06,,,
A-Ra1e5-fine,8624,5.589272984855012e-07,6.437291429824049e-07,1.748250763957687e-07,1.709344358399111e-07,4.527020798645369,,,,,4.527020798645369,4.5270257510084555,1.0939557378174097e-06,,,
A-Ra1e5-fine,8625,5.589555552567185e-07,6.436806911085856e-07,1.745661118103971e-07,1.706347444359782e-07,4.527020350372822,,,,,4.527020350372822,4.527025300021182,1.0933561750470895e-06,,,
A-Ra1e5-fine,8626,5.589775863506682e-07,6.436250705805248e-07,1.743104361622595e-07,1.703373989325859e-07,4.527019908253236,,,,,4.527019908253236,4.527024855190623,1.0927574395951711e-06,,,
A-Ra1e5-fine,8627,5.589934177136486e-07,6.435623979392976e-07,1.740585006042845e-07,1.700429153514344e-07,4.527019472285474,,,,,4.527019472285474,4.527024416514269,1.092159228736116e-06,,,
A-Ra1e5-fine,8628,5.590031220054856e-07,6.434929413822631e-07,1.738096512016561e-07,1.697502948255315e-07,4.527019042461005,,,,,4.527019042461005,4.527023983984851,1.0915618208749482e-06,,,
A-Ra1e5-fine,8629,5.590069089330071e-07,6.434165205993758e-07,1.735636710940594e-07,1.694596647761294e-07,4.527018618776425,,,,,4.527018618776425,4.527023557598844,1.090965189528854e-06,,,
A-Ra1e5-fine,8630,5.590044454502649e-07,6.433334947242253e-07,1.733215473113202e-07,1.691754210310242e-07,4.527018201228316,,,,,4.527018201228316,4.527023137350785,1.090368882668474e-06,,,
A-Ra1e5-fine,8631,5.589959441956199e-07,6.432435584307361e-07,1.730830073399949e-07,1.688945010812118e-07,4.527017789806797,,,,,4.527017789806797,4.527022723234541,1.0897737286332426e-06,,,
A-Ra1e5-fine,8632,5.589814107305427e-07,6.4314649915672e-07,1.728464423923947e-07,1.686165666146288e-07,4.527017384509919,,,,,4.527017384509919,4.527022315242267,1.089178424496428e-06,,,
A-Ra1e5-fine,8633,5.589608977595355e-07,6.430422130069682e-07,1.726133233094446e-07,1.6834092640999e-07,4.527016985329964,,,,,4.527016985329964,4.52702191337521,1.0885849510455439e-06,,,
A-Ra1e5-fine,8634,5.589342162075443e-07,6.429308883491783e-07,1.723840917160661e-07,1.68067199742754e-07,4.527016592263634,,,,,4.527016592263634,4.527021517621441,1.087991401662483e-06,,,
A-Ra1e5-fine,8635,5.589013461843771e-07,6.428124883371028e-07,1.721585112334396e-07,1.677999056619173e-07,4.5270162053036564,,,,,4.5270162053036564,4.527021127977653,1.087398652165374e-06,,,
A-Ra1e5-fine,8636,5.588625105081851e-07,6.426869520425567e-07,1.71935031766452e-07,1.675360270686591e-07,4.527015824444562,,,,,4.527015824444562,4.527020744438276,1.0868066803881099e-06,,,
A-Ra1e5-fine,8637,5.58817654786106e-07,6.425542549287629e-07,1.717140103045512e-07,1.672735716486508e-07,4.527015449682727,,,,,4.527015449682727,4.527020366998091,1.0862151339680666e-06,,,
A-Ra1e5-fine,8638,5.587667646410217e-07,6.424142853531212e-07,1.714971375524033e-07,1.670136680138471e-07,4.527015081008929,,,,,4.527015081008929,4.527019995650494,1.0856245912926378e-06,,,
A-Ra1e5-fine,8639,5.587100094322871e-07,6.422672999549802e-07,1.712842171840523e-07,1.667553496017555e-07,4.52701471842022,,,,,4.52701471842022,4.527019630390488,1.0850345999395897e-06,,,
A-Ra1e5-fine,8640,5.586475601439686e-07,6.421134266138103e-07,1.71073602258701e-07,1.665017452093096e-07,4.5270143619088685,,,,,4.5270143619088685,4.527019271210223,1.0844451332307706e-06,,,
A-Ra1e5-fine,8641,5.58579235249082e-07,6.419525225580595e-07,1.708652863354928e-07,1.66253239692075e-07,4.527014011469194,,,,,4.527014011469194,4.527018918106523,1.083856744832294e-06,,,
A-Ra1e5-fine,8642,5.585049421390403e-07,6.417846410189182e-07,1.706599641236953e-07,1.660076811628885e-07,4.527013667095727,,,,,4.527013667095727,4.52701857107086,1.083268758856305e-06,,,
A-Ra1e5-fine,8643,5.584248531189979e-07,6.416097878610002e-07,1.704592446488806e-07,1.657662174989617e-07,4.5270133287840535,,,,,4.5270133287840535,4.527018230099589,1.0826813456035908e-06,,,
A-Ra1e5-fine,8644,5.583391055883464e-07,6.41428065474504e-07,1.702611078782593e-07,1.655261354494587e-07,4.527012996524262,,,,,4.527012996524262,4.527017895184304,1.082094837237198e-06,,,
A-Ra1e5-fine,8645,5.58247275732349e-07,6.412393062971525e-07,1.700654200150082e-07,1.65288904556897e-07,4.527012670311821,,,,,4.527012670311821,4.5270175663192065,1.0815089539866266e-06,,,
A-Ra1e5-fine,8646,5.581495025000982e-07,6.410438044976839e-07,1.698722067616137e-07,1.650578308521616e-07,4.527012350143195,,,,,4.527012350143195,4.527017243499746,1.080923471800447e-06,,,
A-Ra1e5-fine,8647,5.580458167179445e-07,6.408414400832221e-07,1.696828496578328e-07,1.648299107927962e-07,4.527012036007594,,,,,4.527012036007594,4.527016926717624,1.0803389408146507e-06,,,
A-Ra1e5-fine,8648,5.579359942879991e-07,6.406322580679005e-07,1.694967344231454e-07,1.64605383256235e-07,4.527011727901256,,,,,4.527011727901256,4.527016615968185,1.0797551638566098e-06,,,
A-Ra1e5-fine,8649,5.578200963661692e-07,6.40416352346826e-07,1.693130283469429e-07,1.643848575046208e-07,4.527011425818503,,,,,4.527011425818503,4.527016311244142,1.0791717854246433e-06,,,
A-Ra1e5-fine,8650,5.576985060536826e-07,6.401937248147073e-07,1.691321541776457e-07,1.641660574534258e-07,4.527011129750011,,,,,4.527011129750011,4.5270160125383425,1.0785892852204343e-06,,,
A-Ra1e5-fine,8651,5.575709633056025e-07,6.399642446051881e-07,1.689546085985037e-07,1.639526583503309e-07,4.527010839691228,,,,,4.527010839691228,4.527015719844987,1.0780073873972145e-06,,,
A-Ra1e5-fine,8652,5.574375923897638e-07,6.39727969276912e-07,1.687794675641124e-07,1.637438029413583e-07,4.527010555636709,,,,,4.527010555636709,4.527015433157363,1.0774258125768376e-06,,,
A-Ra1e5-fine,8653,5.572984497284198e-07,6.39484819742999e-07,1.686075394027377e-07,1.635385348639121e-07,4.527010277576553,,,,,4.527010277576553,4.527015152470586,1.076845668481854e-06,,,
A-Ra1e5-fine,8654,5.571534587229698e-07,6.392350797012175e-07,1.684382566813194e-07,1.633355039120687e-07,4.527010005506895,,,,,4.527010005506895,4.527014877774312,1.0762655238720428e-06,,,
A-Ra1e5-fine,8655,5.570024648315433e-07,6.389784165227736e-07,1.682722295555541e-07,1.631342006967229e-07,4.527009739418987,,,,,4.527009739418987,4.527014609064783,1.0756864811724698e-06,,,
A-Ra1e5-fine,8656,5.568457348662385e-07,6.387148194126644e-07,1.681091867699933e-07,1.629379435718966e-07,4.527009479306233,,,,,4.527009479306233,4.5270143463345,1.0751083408566886e-06,,,
A-Ra1e5-fine,8657,5.566832810947004e-07,6.384443220888874e-07,1.67947869818546e-07,1.62747850856015e-07,4.527009225166804,,,,,4.527009225166804,4.527014089575165,1.0745296742341581e-06,,,
A-Ra1e5-fine,8658,5.56514850475664e-07,6.381673166674802e-07,1.677897425205049e-07,1.625603849433399e-07,4.527008976985145,,,,,4.527008976985145,4.527013838781886,1.073952836241845e-06,,,
A-Ra1e5-fine,8659,5.563407114008459e-07,6.378837585358283e-07,1.67634737146919e-07,1.623763955085762e-07,4.527008734760106,,,,,4.527008734760106,4.527013593946594,1.073376298914245e-06,,,
A-Ra1e5-fine,8660,5.561608528966375e-07,6.375934297038004e-07,1.674833853577895e-07,1.621967511798807e-07,4.527008498482015,,,,,4.527008498482015,4.527013355061333,1.0728004409127655e-06,,,
A-Ra1e5-fine,8661,5.559750970343379e-07,6.372965128863914e-07,1.67333803673804e-07,1.620195349088133e-07,4.527008268146803,,,,,4.527008268146803,4.527013122121095,1.072225055058575e-06,,,
A-Ra1e5-fine,8662,5.557835247165888e-07,6.369927922556479e-07,1.671859389502967e-07,1.618481972665768e-07,4.527008043744668,,,,,4.527008043744668,4.527012895117583,1.0716504739072795e-06,,,
A-Ra1e5-fine,8663,5.555861906453619e-07,6.366823038343196e-07,1.670415384792396e-07,1.616827917234762e-07,4.5270078252679005,,,,,4.5270078252679005,4.527012674043976,1.0710768936583408e-06,,,
A-Ra1e5-fine,8664,5.553831155075847e-07,6.363650448256805e-07,1.669010129604073e-07,1.615213741128534e-07,4.527007612711601,,,,,4.527007612711601,4.527012458893116,1.0705038153907515e-06,,,
A-Ra1e5-fine,8665,5.551742790310436e-07,6.360411600241953e-07,1.667629897427728e-07,1.613654944916654e-07,4.527007406067469,,,,,4.527007406067469,4.5270122496557885,1.069931037027659e-06,,,
A-Ra1e5-fine,8666,5.549598265869273e-07,6.357108387406525e-07,1.666265717691398e-07,1.61212245558317e-07,4.5270072053284585,,,,,4.5270072053284585,4.527012046328129,1.06935926154072e-06,,,
A-Ra1e5-fine,8667,5.547396885370027e-07,6.353739125681199e-07,1.664920303088825e-07,1.610638905805067e-07,4.52700701048593,,,,,4.52700701048593,4.52701184889934,1.0687880123759784e-06,,,
A-Ra1e5-fine,8668,5.545141619558413e-07,6.350305647825034e-07,1.663610590052238e-07,1.609187938582954e-07,4.527006821534885,,,,,4.527006821534885,4.527011657363847,1.0682171620099683e-06,,,
A-Ra1e5-fine,8669,5.542830495213683e-07,6.346804881336345e-07,1.662340555219954e-07,1.607774152139768e-07,4.52700663846383,,,,,4.52700663846383,4.527011471714492,1.0676476682731837e-06,,,
A-Ra1e5-fine,8670,5.540460864392802e-07,6.343239118451982e-07,1.661089235689242e-07,1.606405159229601e-07,4.527006461268909,,,,,4.527006461268909,4.527011291942519,1.0670784487593507e-06,,,
A-Ra1e5-fine,8671,5.538033840417886e-07,6.339608953607723e-07,1.659854432456379e-07,1.605066699825352e-07,4.527006289942161,,,,,4.527006289942161,4.527011118039968,1.0665095038649847e-06,,,
A-Ra1e5-fine,8672,5.535549846464551e-07,6.335915864099295e-07,1.658638895572671e-07,1.603751877693888e-07,4.527006124472222,,,,,4.527006124472222,4.527010949999912,1.0659418135906926e-06,,,
A-Ra1e5-fine,8673,5.533010939620387e-07,6.332158499906022e-07,1.65746446999347e-07,1.60248070885828e-07,4.527005964855791,,,,,4.527005964855791,4.527010787815176,1.0653745221355222e-06,,,
A-Ra1e5-fine,8674,5.530417218219467e-07,6.328336340958131e-07,1.656320989108074e-07,1.601237917738336e-07,4.5270058110828595,,,,,4.5270058110828595,4.527010631476559,1.0648078076494458e-06,,,
A-Ra1e5-fine,8675,5.527766704614416e-07,6.324448476505914e-07,1.655194730751532e-07,1.600043566591833e-07,4.527005663145818,,,,,4.527005663145818,4.527010480978722,1.064242172200415e-06,,,
A-Ra1e5-fine,8676,5.525060629021626e-07,6.320496723169393e-07,1.654086840734321e-07,1.598889985002184e-07,4.527005521037497,,,,,4.527005521037497,4.527010336310288,1.0636766860226018e-06,,,
A-Ra1e5-fine,8677,5.52230088498995e-07,6.316479729876182e-07,1.653000312037611e-07,1.5977630478364e-07,4.527005384748464,,,,,4.527005384748464,4.527010197466486,1.063112378753697e-06,,,
A-Ra1e5-fine,8678,5.519484949749675e-07,6.312399653766776e-07,1.651950273787646e-07,1.596660221784694e-07,4.527005254272922,,,,,4.527005254272922,4.527010064436628,1.0625481705380237e-06,,,
A-Ra1e5-fine,8679,5.516614882607252e-07,6.308255936058953e-07,1.650925408041262e-07,1.595599222773024e-07,4.527005129600867,,,,,4.527005129600867,4.5270099372146895,1.0619849397468116e-06,,,
A-Ra1e5-fine,8680,5.5136908461098e-07,6.304046944331966e-07,1.649916659983988e-07,1.594556910137633e-07,4.527005010724681,,,,,4.527005010724681,4.527009815791462,1.061422335586753e-06,,,
A-Ra1e5-fine,8681,5.510711356901482e-07,6.299772363550585e-07,1.648923581594704e-07,1.593544722744054e-07,4.5270048976365205,,,,,4.5270048976365205,4.527009700159787,1.0608605087399544e-06,,,
A-Ra1e5-fine,8682,5.507676223680158e-07,6.295433944947935e-07,1.647956890064586e-07,1.592585214968941e-07,4.527004790328648,,,,,4.527004790328648,4.527009590310218,1.0602990825152907e-06,,,
A-Ra1e5-fine,8683,5.504585111955033e-07,6.291030947683741e-07,1.647022896438665e-07,1.591633539745311e-07,4.527004688792317,,,,,4.527004688792317,4.527009486235035,1.059738282934085e-06,,,
A-Ra1e5-fine,8684,5.501438425604659e-07,6.286564807422617e-07,1.646116901337192e-07,1.590711713029811e-07,4.527004593019574,,,,,4.527004593019574,4.527009387926842,1.0591782337996847e-06,,,
A-Ra1e5-fine,8685,5.498238024353091e-07,6.282035925190008e-07,1.645232097832839e-07,1.589842226472162e-07,4.527004503000287,,,,,4.527004503000287,4.527009295376095,1.058619064409418e-06,,,
A-Ra1e5-fine,8686,5.494983717429115e-07,6.277446027935735e-07,1.644370575992633e-07,1.588985150592642e-07,4.52700441872912,,,,,4.52700441872912,4.527009208573806,1.0580599684035906e-06,,,
A-Ra1e5-fine,8687,5.491673796587832e-07,6.272793534490155e-07,1.643540317135507e-07,1.588149553589554e-07,4.5270043401928906,,,,,4.5270043401928906,4.527009127514636,1.057502678192901e-06,,,
A-Ra1e5-fine,8688,5.488310617662141e-07,6.268077034527132e-07,1.642722616429411e-07,1.587347073547859e-07,4.5270042673896596,,,,,4.5270042673896596,4.527009052185394,1.0569447085726957e-06,,,
A-Ra1e5-fine,8689,5.484893222609242e-07,6.263296539473693e-07,1.641924589491005e-07,1.586572324022028e-07,4.527004200306467,,,,,4.527004200306467,4.527008982582221,1.056388069570142e-06,,,
A-Ra1e5-fine,8690,5.481422998640777e-07,6.258452493016307e-07,1.641142479775641e-07,1.585827572959809e-07,4.527004138934674,,,,,4.527004138934674,4.5270089186935145,1.0558321066815027e-06,,,
A-Ra1e5-fine,8691,5.47790097690875e-07,6.253545660396955e-07,1.64038556374818e-07,1.585110618506955e-07,4.5270040832678,,,,,4.5270040832678,4.527008860510296,1.0552762684050865e-06,,,
A-Ra1e5-fine,8692,5.474325389926314e-07,6.248578639264296e-07,1.639674449960454e-07,1.584411200694539e-07,4.527004033295388,,,,,4.527004033295388,4.527008808026314,1.0547214831421895e-06,,,
A-Ra1e5-fine,8693,5.470694970836962e-07,6.243551037970902e-07,1.638975801635807e-07,1.583724051361907e-07,4.527003989008564,,,,,4.527003989008564,4.527008761230993,1.054167375575155e-06,,,
A-Ra1e5-fine,8694,5.467010641131101e-07,6.238460984424758e-07,1.638292842228429e-07,1.583075977824344e-07,4.527003950399036,,,,,4.527003950399036,4.52700872011717,1.0536141946800222e-06,,,
A-Ra1e5-fine,8695,5.463273081208747e-07,6.23330950681845e-07,1.637629893802508e-07,1.582441180115804e-07,4.527003917459521,,,,,4.527003917459521,4.527008684672798,1.053060888264495e-06,,,
A-Ra1e5-fine,8696,5.459485154943084e-07,6.228097990981491e-07,1.636984277920522e-07,1.581830118350759e-07,4.527003890178889,,,,,4.527003890178889,4.527008654893101,1.0525088601115551e-06,,,
A-Ra1e5-fine,8697,5.45564609705734e-07,6.222824645581757e-07,1.636374696172519e-07,1.581252060206786e-07,4.5270038685479195,,,,,4.5270038685479195,4.527008630766023,1.0519574837734225e-06,,,
A-Ra1e5-fine,8698,5.451753954329679e-07,6.217491603506345e-07,1.635785279100585e-07,1.580674835014522e-07,4.527003852560258,,,,,4.527003852560258,4.527008612284181,1.0514065320593344e-06,,,
A-Ra1e5-fine,8699,5.447808211841177e-07,6.212098478774351e-07,1.635208694697624e-07,1.580108256463919e-07,4.527003842205202,,,,,4.527003842205202,4.527008599437002,1.0508560332259833e-06,,,
A-Ra1e5-fine,8700,5.443809843597754e-07,6.20664531923284e-07,1.634657991592722e-07,1.579568020015158e-07,4.527003837473105,,,,,4.527003837473105,4.527008592217546,1.0503065856737433e-06,,,
A-Ra1e5-fine,8701,5.439758632509412e-07,6.201131833613676e-07,1.634128847459628e-07,1.579081356522432e-07,4.527003838357131,,,,,4.527003838357131,4.527008590613993,1.0497570881612747e-06,,,
A-Ra1e5-fine,8702,5.435654639332857e-07,6.195556092233333e-07,1.633624261885414e-07,1.578621316462795e-07,4.527003844843761,,,,,4.527003844843761,4.52700859462043,1.04920922091146e-06,,,
A-Ra1e5-fine,8703,5.431501174896251e-07,6.18992070377119e-07,1.6331383758369e-07,1.578185634635323e-07,4.527003856928444,,,,,4.527003856928444,4.527008604225036,1.0486613778715569e-06,,,
A-Ra1e5-fine,8704,5.427296611157431e-07,6.184225355811013e-07,1.632666027498102e-07,1.577761011741444e-07,4.527003874598448,,,,,4.527003874598448,4.527008619419054,1.0481144374135024e-06,,,
A-Ra1e5-fine,8705,5.423042678775891e-07,6.178468762085313e-07,1.632220102944477e-07,1.577334076112591e-07,4.52700389784752,,,,,4.52700389784752,4.527008640193733,1.0475678474468108e-06,,,
A-Ra1e5-fine,8706,5.418736795694215e-07,6.172652227436522e-07,1.631798229450725e-07,1.576926673760308e-07,4.527003926664524,,,,,4.527003926664524,4.527008666539632,1.0470219825131525e-06,,,
A-Ra1e5-fine,8707,5.414379892127697e-07,6.166776606144272e-07,1.631399808967224e-07,1.576550196858032e-07,4.527003961039554,,,,,4.527003961039554,4.527008698447323,1.046476948169961e-06,,,
A-Ra1e5-fine,8708,5.409970009251787e-07,6.160841866753262e-07,1.631018551245639e-07,1.57619759741715e-07,4.527004000963645,,,,,4.527004000963645,4.527008735906227,1.0459323881303986e-06,,,
A-Ra1e5-fine,8709,5.405508835926974e-07,6.154847914412499e-07,1.630649346487698e-07,1.575868214143378e-07,4.527004046428151,,,,,4.527004046428151,4.52700877890793,1.0453883532130681e-06,,,
A-Ra1e5-fine,8710,5.400996984749346e-07,6.148795339081204e-07,1.630301794816385e-07,1.575568461833084e-07,4.527004097422154,,,,,4.527004097422154,4.52700882744414,1.0448454239647337e-06,,,
A-Ra1e5-fine,8711,5.396433972229022e-07,6.142682857463059e-07,1.629984349482959e-07,1.575280937342987e-07,4.527004153937468,,,,,4.527004153937468,4.5270088815023435,1.0443026439365538e-06,,,
A-Ra1e5-fine,8712,5.391819275162295e-07,6.136509873814323e-07,1.629687600228871e-07,1.574996674311702e-07,4.527004215963643,,,,,4.527004215963643,4.527008941073792,1.043760389239538e-06,,,
A-Ra1e5-fine,8713,5.387153933024778e-07,6.130278154253762e-07,1.629407341576963e-07,1.57476127784924e-07,4.527004283490101,,,,,4.527004283490101,4.527009006151547,1.0432194640830979e-06,,,
A-Ra1e5-fine,8714,5.382440911739253e-07,6.123988648188055e-07,1.629141462333602e-07,1.574531083976822e-07,4.5270043565082005,,,,,4.5270043565082005,4.527009076722312,1.0426788398185828e-06,,,
A-Ra1e5-fine,8715,5.377677934469375e-07,6.117642427014355e-07,1.628889714244159e-07,1.574326832751025e-07,4.527004435010327,,,,,4.527004435010327,4.5270091527771035,1.0421382143087665e-06,,,
A-Ra1e5-fine,8716,5.372864311026967e-07,6.111237344961145e-07,1.628669752370124e-07,1.574136294117882e-07,4.527004518981928,,,,,4.527004518981928,4.527009234306819,1.041598791217785e-06,,,
A-Ra1e5-fine,8717,5.368000025171242e-07,6.104772967621954e-07,1.628472450470515e-07,1.573945583966493e-07,4.527004608415383,,,,,4.527004608415383,4.527009321302945,1.0410603735690958e-06,,,
A-Ra1e5-fine,8718,5.363086480240092e-07,6.09824926925056e-07,1.628291939538777e-07,1.573776463417409e-07,4.5270047033027385,,,,,4.5270047033027385,4.52700941375308,1.0405219786236624e-06,,,
A-Ra1e5-fine,8719,5.358123688131491e-07,6.091669491652049e-07,1.628126033766198e-07,1.573641855510518e-07,4.52700480363069,,,,,4.52700480363069,4.527009511648024,1.0399845130054069e-06,,,
A-Ra1e5-fine,8720,5.35311105648328e-07,6.085036352395634e-07,1.627972527156861e-07,1.573529355221266e-07,4.527004909391167,,,,,4.527004909391167,4.527009614977647,1.0394475219371442e-06,,,
A-Ra1e5-fine,8721,5.348047788514947e-07,6.078347190633502e-07,1.627842763675822e-07,1.57344817711144e-07,4.527005020574734,,,,,4.527005020574734,4.527009723733433,1.0389112082889694e-06,,,
A-Ra1e5-fine,8722,5.342933793259976e-07,6.071601287021477e-07,1.627740934040279e-07,1.573385619033306e-07,4.527005137170363,,,,,4.527005137170363,4.527009837902644,1.0383751945853778e-06,,,
A-Ra1e5-fine,8723,5.337771730318074e-07,6.064798197275402e-07,1.627656625550633e-07,1.573329292619291e-07,4.527005259166232,,,,,4.527005259166232,4.527009957478572,1.0378406103277573e-06,,,
A-Ra1e5-fine,8724,5.33256325016833e-07,6.057937764175984e-07,1.627588476977196e-07,1.57328456794271e-07,4.527005386555059,,,,,4.527005386555059,4.52701008244758,1.0373060521340927e-06,,,
A-Ra1e5-fine,8725,5.327306554975709e-07,6.051021806305218e-07,1.62753281191995e-07,1.573262590202065e-07,4.527005519326055,,,,,4.527005519326055,4.527010212801133,1.0367720173640124e-06,,,
A-Ra1e5-fine,8726,5.322000064044034e-07,6.044048968296139e-07,1.627491261913826e-07,1.573276511487091e-07,4.52700565746613,,,,,4.52700565746613,4.527010348528212,1.0362389637461445e-06,,,
A-Ra1e5-fine,8727,5.316644237232823e-07,6.037018461877238e-07,1.62747994723417e-07,1.573304462237687e-07,4.527005800968597,,,,,4.527005800968597,4.52701048962017,1.0357064582806837e-06,,,
A-Ra1e5-fine,8728,5.311240048073393e-07,6.029932577252832e-07,1.627489550329729e-07,1.573369443766735e-07,4.527005949821501,,,,,4.527005949821501,4.527010636065531,1.0351746067214964e-06,,,
A-Ra1e5-fine,8729,5.305788135562019e-07,6.022790223978963e-07,1.627514430936843e-07,1.573467940627711e-07,4.52700610401439,,,,,4.52700610401439,4.527010787853147,1.0346432556480383e-06,,,
A-Ra1e5-fine,8730,5.300288825354264e-07,6.015592333543536e-07,1.627552203606773e-07,1.573568961294756e-07,4.527006263537489,,,,,4.527006263537489,4.527010944973702,1.0341125061049686e-06,,,
A-Ra1e5-fine,8731,5.294741665466054e-07,6.00833937286267e-07,1.627600277353592e-07,1.573723547882303e-07,4.527006428380673,,,,,4.527006428380673,4.527011107416615,1.0335822574482086e-06,,,
A-Ra1e5-fine,8732,5.289147397726788e-07,6.001030073354525e-07,1.627673445530727e-07,1.573910245242022e-07,4.527006598531672,,,,,4.527006598531672,4.527011275170985,1.0330528120193607e-06,,,
A-Ra1e5-fine,8733,5.283506618050722e-07,5.993665244421525e-07,1.627770880446274e-07,1.574109803002983e-07,4.527006773981041,,,,,4.527006773981041,4.527011448227132,1.0325241182229843e-06,,,
A-Ra1e5-fine,8734,5.27781998932408e-07,5.986245827015527e-07,1.627884412926672e-07,1.574350650234362e-07,4.527006954717535,,,,,4.527006954717535,4.527011626572336,1.0319958499868193e-06,,,
A-Ra1e5-fine,8735,5.272086619548767e-07,5.97877170039112e-07,1.628009908308624e-07,1.574600459570031e-07,4.527007140732621,,,,,4.527007140732621,4.527011810199086,1.0314682331353953e-06,,,
A-Ra1e5-fine,8736,5.266305477769207e-07,5.971242239483722e-07,1.628145967091649e-07,1.574850807708263e-07,4.5270073320129995,,,,,4.5270073320129995,4.527011999093977,1.0309412443262685e-06,,,
A-Ra1e5-fine,8737,5.260475921973113e-07,5.963657804929922e-07,1.628296382642763e-07,1.575115043035708e-07,4.527007528547528,,,,,4.527007528547528,4.527012193247448,1.0304152329875268e-06,,,
A-Ra1e5-fine,8738,5.254598718676553e-07,5.956018912807935e-07,1.628476207411342e-07,1.57537753450712e-07,4.527007730330297,,,,,4.527007730330297,4.527012392648138,1.0298889946794563e-06,,,
A-Ra1e5-fine,8739,5.248674927114068e-07,5.948327370015133e-07,1.628674356818995e-07,1.57567886220998e-07,4.527007937344936,,,,,4.527007937344936,4.527012597285695,1.029363859022926e-06,,,
A-Ra1e5-fine,8740,5.242705276374062e-07,5.940582833463961e-07,1.628884560010294e-07,1.575988888625723e-07,4.5270081495843915,,,,,4.5270081495843915,4.52701280715171,1.0288395268234503e-06,,,
A-Ra1e5-fine,8741,5.236689522473683e-07,5.932784062856862e-07,1.62910668645632e-07,1.576326795552428e-07,4.527008367034114,,,,,4.527008367034114,4.527013022229925,1.0283156204101953e-06,,,
A-Ra1e5-fine,8742,5.230630575141769e-07,5.924934016260395e-07,1.629336212982132e-07,1.576677164559239e-07,4.527008589687854,,,,,4.527008589687854,4.527013242512839,1.0277918635434391e-06,,,
A-Ra1e5-fine,8743,5.224525713184736e-07,5.9170297888357e-07,1.62959440539592e-07,1.577022091097986e-07,4.527008817530148,,,,,4.527008817530148,4.527013467990335,1.0272694367351363e-06,,,
A-Ra1e5-fine,8744,5.218374744443474e-07,5.90907239164003e-07,1.62987350517064e-07,1.577379170963827e-07,4.527009050553149,,,,,4.527009050553149,4.527013698649217,1.0267471590896728e-06,,,
A-Ra1e5-fine,8745,5.212178732681409e-07,5.90106137721394e-07,1.630166129110203e-07,1.577749720368276e-07,4.527009288743784,,,,,4.527009288743784,4.527013934479486,1.0262257092509911e-06,,,
A-Ra1e5-fine,8746,5.205937501229015e-07,5.89299857161023e-07,1.630469826276828e-07,1.578141892229485e-07,4.527009532093648,,,,,4.527009532093648,4.527014175471258,1.0257047607538512e-06,,,
A-Ra1e5-fine,8747,5.199651745921376e-07,5.884883451252256e-07,1.630782901860533e-07,1.578564454551432e-07,4.527009780587265,,,,,4.527009780587265,4.527014421609853,1.0251844891981465e-06,,,
A-Ra1e5-fine,8748,5.193319842407106e-07,5.87671733942373e-07,1.631113956538994e-07,1.579001313019174e-07,4.5270100342182795,,,,,4.5270100342182795,4.527014672888687,1.0246648441648198e-06,,,
A-Ra1e5-fine,8749,5.186942948389623e-07,5.868500129315624e-07,1.631473205294642e-07,1.579439607873305e-07,4.527010292972138,,,,,4.527010292972138,4.527014929292979,1.024145775432867e-06,,,
A-Ra1e5-fine,8750,5.180521033738792e-07,5.860232138236756e-07,1.631847222319585e-07,1.579897038687124e-07,4.5270105568386025,,,,,4.5270105568386025,4.527015190813177,1.023627434665118e-06,,,
A-Ra1e5-fine,8751,5.174054338955815e-07,5.85191293625303e-07,1.632232911190896e-07,1.580348285976137e-07,4.52701082580768,,,,,4.52701082580768,4.527015457437005,1.0231093174477626e-06,,,
A-Ra1e5-fine,8752,5.167543326178729e-07,5.843541232940399e-07,1.632627153808393e-07,1.58081415930642e-07,4.527011099866285,,,,,4.527011099866285,4.527015729154576,1.0225921302841167e-06,,,
A-Ra1e5-fine,8753,5.160988194006167e-07,5.835117610111661e-07,1.633030119873511e-07,1.581296853379079e-07,4.52701137900465,,,,,4.52701137900465,4.527016005954397,1.0220754919708563e-06,,,
A-Ra1e5-fine,8754,5.154389011326415e-07,5.826643567466965e-07,1.633465132800416e-07,1.581816439315687e-07,4.527011663209465,,,,,4.527011663209465,4.527016287823745,1.0215595323937808e-06,,,
A-Ra1e5-fine,8755,5.147744725885204e-07,5.81811815669306e-07,1.633920037857555e-07,1.582342463009924e-07,4.527011952471185,,,,,4.527011952471185,4.527016574750566,1.0210436971093268e-06,,,
A-Ra1e5-fine,8756,5.141056248270448e-07,5.809541264723614e-07,1.634385767889466e-07,1.582875085791379e-07,4.527012246777533,,,,,4.527012246777533,4.527016866725308,1.0205285884408518e-06,,,
A-Ra1e5-fine,8757,5.134326635611352e-07,5.800913487674682e-07,1.634856965179667e-07,1.58341266039442e-07,4.527012546116795,,,,,4.527012546116795,4.527017163738994,1.020014810280981e-06,,,
A-Ra1e5-fine,8758,5.127553041590221e-07,5.792233972081235e-07,1.635334221483212e-07,1.583962142769022e-07,4.527012850478741,,,,,4.527012850478741,4.527017465774565,1.0195008550707043e-06,,,
A-Ra1e5-fine,8759,5.120735190090709e-07,5.783502912081309e-07,1.635846119240452e-07,1.584517696018982e-07,4.527013159849163,,,,,4.527013159849163,4.52701777282248,1.0189877526427141e-06,,,
A-Ra1e5-fine,8760,5.113874576315591e-07,5.774720767614822e-07,1.636377710715187e-07,1.585113753832839e-07,4.5270134742190775,,,,,4.5270134742190775,4.527018084873182,1.018475377435747e-06,,,
A-Ra1e5-fine,8761,5.106971435299352e-07,5.765888509057042e-07,1.63691911903665e-07,1.585722893025359e-07,4.52701379357643,,,,,4.52701379357643,4.527018401912119,1.0179631769689124e-06,,,
A-Ra1e5-fine,8762,5.100026535164409e-07,5.757006795787123e-07,1.637467292630488e-07,1.58633990487397e-07,4.527014117907698,,,,,4.527014117907698,4.527018723930317,1.0174521561576744e-06,,,
A-Ra1e5-fine,8763,5.093038320388105e-07,5.74807500283422e-07,1.638019062594366e-07,1.586960262513439e-07,4.527014447204014,,,,,4.527014447204014,4.5270190509152615,1.0169415098212538e-06,,,
A-Ra1e5-fine,8764,5.08600668052838e-07,5.739095459549217e-07,1.638605750370167e-07,1.587599672731458e-07,4.527014781451725,,,,,4.527014781451725,4.52701938285377,1.0164313413590615e-06,,,
A-Ra1e5-fine,8765,5.078930906640155e-07,5.730068497358656e-07,1.639213138718144e-07,1.588242040858032e-07,4.527015120640271,,,,,4.527015120640271,4.527019719733564,1.0159212715301936e-06,,,
A-Ra1e5-fine,8766,5.071813691895746e-07,5.720992290051461e-07,1.639828473125473e-07,1.588899911572017e-07,4.527015464755209,,,,,4.527015464755209,4.5270200615474785,1.0154129075684681e-06,,,
A-Ra1e5-fine,8767,5.064655293802157e-07,5.711865992483473e-07,1.640449907923696e-07,1.589591930433106e-07,4.527015813789149,,,,,4.527015813789149,4.527020408278348,1.0149040905478844e-06,,,
A-Ra1e5-fine,8768,5.057454613631271e-07,5.702690156662134e-07,1.641076562132651e-07,1.590298074218826e-07,4.527016167725487,,,,,4.527016167725487,4.527020759917879,1.0143966560734815e-06,,,
A-Ra1e5-fine,8769,5.05021198196809e-07,5.693465294203761e-07,1.641739699189515e-07,1.591005631471755e-07,4.527016526556852,,,,,4.527016526556852,4.52702111645083,1.0138888656652973e-06,,,
A-Ra1e5-fine,8770,5.04292719896276e-07,5.684191358829788e-07,1.642419583763902e-07,1.591728711502137e-07,4.527016890265717,,,,,4.527016890265717,4.527021477868107,1.0133825821993382e-06,,,
A-Ra1e5-fine,8771,5.03560224937149e-07,5.674869219457399e-07,1.64310635076282e-07,1.592458899766273e-07,4.527017258845261,,,,,4.527017258845261,4.527021844157776,1.0128766759883988e-06,,,
A-Ra1e5-fine,8772,5.028236781553176e-07,5.665498712327762e-07,1.643798514233881e-07,1.593195483415517e-07,4.527017632282426,,,,,4.527017632282426,4.527022215305965,1.012370967126268e-06,,,
A-Ra1e5-fine,8773,5.020831161820341e-07,5.6560804683129e-07,1.644503950323273e-07,1.593969632436428e-07,4.527018010564123,,,,,4.527018010564123,4.5270225913022175,1.0118660377275066e-06,,,
A-Ra1e5-fine,8774,5.013383402293074e-07,5.646615603465253e-07,1.645240554418798e-07,1.594765499959076e-07,4.5270183936780795,,,,,4.5270183936780795,4.527022972134137,1.0113618599366194e-06,,,
A-Ra1e5-fine,8775,5.005894017585895e-07,5.637104843339034e-07,1.645990159132067e-07,1.595581117497852e-07,4.527018781611905,,,,,4.527018781611905,4.52702335778786,1.0108581082706334e-06,,,
A-Ra1e5-fine,8776,4.998364117320109e-07,5.627548597160942e-07,1.646746655413384e-07,1.596402340243997e-07,4.527019174355476,,,,,4.527019174355476,4.527023748253829,1.0103549082979659e-06,,,
A-Ra1e5-fine,8777,4.990796628780443e-07,5.617946893058222e-07,1.647507861664492e-07,1.597229173602357e-07,4.52701957189515,,,,,4.52701957189515,4.5270241435189735,1.009852385783963e-06,,,
A-Ra1e5-fine,8778,4.983188160204064e-07,5.608299434398354e-07,1.648294838764478e-07,1.598064335031162e-07,4.52701997421855,,,,,4.52701997421855,4.527024543569657,1.0093502627248525e-06,,,
A-Ra1e5-fine,8779,4.975539580986625e-07,5.598607674308877e-07,1.649102451599142e-07,1.598907344856336e-07,4.5270203813128065,,,,,4.5270203813128065,4.52702494839598,1.0088491955925415e-06,,,
A-Ra1e5-fine,8780,4.967852144676709e-07,5.588871130566084e-07,1.649918581015424e-07,1.599771734238746e-07,4.527020793168617,,,,,4.527020793168617,4.52702535798351,1.008348050384989e-06,,,
A-Ra1e5-fine,8781,4.960125070344013e-07,5.579088748947139e-07,1.650741921330704e-07,1.600666955900533e-07,4.527021209772216,,,,,4.527021209772216,4.527025772322009,1.007847607176951e-06,,,
A-Ra1e5-fine,8782,4.952357923406295e-07,5.56926000301206e-07,1.651579721635761e-07,1.60156913173385e-07,4.52702163110837,,,,,4.52702163110837,4.527026191397501,1.007348143000076e-06,,,
A-Ra1e5-fine,8783,4.944550095580005e-07,5.559385090322898e-07,1.652442565928998e-07,1.602482822780762e-07,4.5270220571692334,,,,,4.5270220571692334,4.527026615198614,1.0068488795532118e-06,,,
A-Ra1e5-fine,8784,4.936705127424212e-07,5.549465544916422e-07,1.653316862343564e-07,1.603415601757154e-07,4.527022487939689,,,,,4.527022487939689,4.527027043713634,1.0063505680704842e-06,,,
A-Ra1e5-fine,8785,4.92882202220631e-07,5.539500748132309e-07,1.654198614862222e-07,1.604343632356401e-07,4.527022923408369,,,,,4.527022923408369,4.527027476926993,1.0058522811437519e-06,,,
A-Ra1e5-fine,8786,4.920899420137075e-07,5.52949005806395e-07,1.655090205601081e-07,1.605281739426532e-07,4.527023363562081,,,,,4.527023363562081,4.527027914828911,1.0053547721647432e-06,,,
A-Ra1e5-fine,8787,4.912938624640914e-07,5.519434418536965e-07,1.656006717182203e-07,1.606245216959279e-07,4.527023808389235,,,,,4.527023808389235,4.527028357407448,1.0048579640328802e-06,,,
A-Ra1e5-fine,8788,4.904938985919542e-07,5.509333814028959e-07,1.656936027300307e-07,1.607236032299109e-07,4.527024257876179,,,,,4.527024257876179,4.5270288046486264,1.0043617849453167e-06,,,
A-Ra1e5-fine,8789,4.896901051027603e-07,5.499189305222483e-07,1.657875219499859e-07,1.608237103963087e-07,4.527024712010758,,,,,4.527024712010758,4.527029256539141,1.0038659806379703e-06,,,
A-Ra1e5-fine,8790,4.888824945329278e-07,5.488999868751002e-07,1.658822495388138e-07,1.609248278596284e-07,4.527025170781829,,,,,4.527025170781829,4.527029713068873,1.0033707775232012e-06,,,
A-Ra1e5-fine,8791,4.880711338655164e-07,5.478766775412969e-07,1.659795860468772e-07,1.610253067322007e-07,4.527025634174834,,,,,4.527025634174834,4.5270301742230465,1.0028761273417273e-06,,,
A-Ra1e5-fine,8792,4.872558707045695e-07,5.468489794632754e-07,1.660783207679743e-07,1.611261884765595e-07,4.527026102178068,,,,,4.527026102178068,4.527030639990745,1.0023822041219899e-06,,,
A-Ra1e5-fine,8793,4.864368279353206e-07,5.458169895784033e-07,1.661780759585202e-07,1.612284248780217e-07,4.527026574780052,,,,,4.527026574780052,4.5270311103577585,1.001888404962241e-06,,,
A-Ra1e5-fine,8794,4.856139808236693e-07,5.447808357383644e-07,1.662786713028217e-07,1.613329220439196e-07,4.527027051965092,,,,,4.527027051965092,4.527031585313739,1.0013959105655493e-06,,,
A-Ra1e5-fine,8795,4.847872667752966e-07,5.437402564472143e-07,1.663813365704799e-07,1.614406627605858e-07,4.5270275337230705,,,,,4.5270275337230705,4.527032064842092,1.0009032902855434e-06,,,
A-Ra1e5-fine,8796,4.839568007331379e-07,5.42695312686086e-07,1.664852683068447e-07,1.615488453265947e-07,4.527028020041142,,,,,4.527028020041142,4.527032548932018,1.0004109961584844e-06,,,
A-Ra1e5-fine,8797,4.831226930670319e-07,5.416460809994136e-07,1.665899402847551e-07,1.616578569656986e-07,4.527028510904642,,,,,4.527028510904642,4.527033037573962,9.999201565028479e-07,,,
A-Ra1e5-fine,8798,4.822848459235371e-07,5.405926036450138e-07,1.666957960327049e-07,1.617666683158102e-07,4.527029006302315,,,,,4.527029006302315,4.527033530749283,9.99429140162266e-07,,,
A-Ra1e5-fine,8799,4.814433940202119e-07,5.39534873614867e-07,1.668040897952344e-07,1.618743670824575e-07,4.527029506219945,,,,,4.527029506219945,4.527034028450361,9.989394040805228e-07,,,
A-Ra1e5-fine,8800,4.805982104627024e-07,5.384729267984503e-07,1.669137100710659e-07,1.619841610062114e-07,4.527030010646628,,,,,4.527030010646628,4.5270345306607185,9.984497171417671e-07,,,
A-Ra1e5-fine,8801,4.797494599008975e-07,5.374067354292497e-07,1.670240903395838e-07,1.620950511330818e-07,4.52703051956894,,,,,4.52703051956894,4.527035037368978,9.979605315782415e-07,,,
A-Ra1e5-fine,8802,4.788971409717194e-07,5.36336381544944e-07,1.671355348989041e-07,1.622088936421042e-07,4.52703103297267,,,,,4.52703103297267,4.527035548562983,9.974723009955099e-07,,,
A-Ra1e5-fine,8803,4.780411568158792e-07,5.352618679476696e-07,1.672487569806722e-07,1.623232612422782e-07,4.527031550845778,,,,,4.527031550845778,4.527036064227038,9.969842178618412e-07,,,
A-Ra1e5-fine,8804,4.771817115907638e-07,5.341832528133671e-07,1.673636841735331e-07,1.624383952395409e-07,4.527032073176883,,,,,4.527032073176883,4.527036584350688,9.964964868117088e-07,,,
A-Ra1e5-fine,8805,4.763185669391875e-07,5.331004826421585e-07,1.674794542691517e-07,1.625535292870337e-07,4.527032599949283,,,,,4.527032599949283,4.527037108920741,9.96009883405776e-07,,,
A-Ra1e5-fine,8806,4.754517226600757e-07,5.320135219090949e-07,1.675965553867315e-07,1.626689701612875e-07,4.527033131154326,,,,,4.527033131154326,4.5270376379232165,9.95523230481929e-07,,,
A-Ra1e5-fine,8807,4.745814487749632e-07,5.309225287943686e-07,1.677152048776157e-07,1.627850500167281e-07,4.527033666774853,,,,,4.527033666774853,4.52703817134641,9.950377326774852e-07,,,
A-Ra1e5-fine,8808,4.737077698307177e-07,5.298274214856688e-07,1.678351098650991e-07,1.629035145002921e-07,4.527034206801547,,,,,4.527034206801547,4.527038709176215,9.945523323129508e-07,,,
A-Ra1e5-fine,8809,4.728306174750999e-07,5.287282710596489e-07,1.679562294875202e-07,1.630229586950117e-07,4.527034751217228,,,,,4.527034751217228,4.527039251399905,9.940680129145353e-07,,,
A-Ra1e5-fine,8810,4.719498772163843e-07,5.276250485877672e-07,1.680789505619755e-07,1.631434132550335e-07,4.527035300011904,,,,,4.527035300011904,4.527039798002353,9.935836406798492e-07,34.750100683762234,68.60935584507031,68.60935584507031
A-Ra1e5-fine,8811,4.710656586624792e-07,5.26517833919552e-07,1.682027899188154e-07,1.632638879413253e-07,4.527035853172606,,,,,4.527035853172606,4.527040348974017,9.930999719412578e-07,,,
A-Ra1e5-fine,8812,4.701781525559817e-07,5.254067380009647e-07,1.683278843614677e-07,1.633855573450139e-07,4.527036410683423,,,,,4.527036410683423,4.5270409042990885,9.92617029658095e-07,,,
A-Ra1e5-fine,8813,4.692874470382872e-07,5.242917007024645e-07,1.684543035149999e-07,1.635071878541932e-07,4.527036972534007,,,,,4.527036972534007,4.527041463965861,9.921345138531112e-07,,,
A-Ra1e5-fine,8814,4.683934679412764e-07,5.231727217603721e-07,1.685822754061039e-07,1.636301468428649e-07,4.527037538709351,,,,,4.527037538709351,4.527042027959329,9.916524247270177e-07,,,
A-Ra1e5-fine,8815,4.674962727344752e-07,5.220498347965202e-07,1.68711288828791e-07,1.637544630134278e-07,4.527038109197298,,,,,4.527038109197298,4.527042596269144,9.911711617346027e-07,,,
A-Ra1e5-fine,8816,4.665958185214698e-07,5.209230541235055e-07,1.688415512420537e-07,1.638817418323567e-07,4.527038683983166,,,,,4.527038683983166,4.527043168878824,9.906903273912293e-07,,,
A-Ra1e5-fine,8817,4.656919557631633e-07,5.197924939980051e-07,1.689734233001255e-07,1.640098758006269e-07,4.527039263056164,,,,,4.527039263056164,4.527043745776769,9.902097431640048e-07,,,
A-Ra1e5-fine,8818,4.647848135452621e-07,5.186582564800925e-07,1.691063601078297e-07,1.641386457270317e-07,4.5270398463998145,,,,,4.5270398463998145,4.527044326950707,9.897303374472705e-07,,,
A-Ra1e5-fine,8819,4.63874433700348e-07,5.175202926140841e-07,1.692404715040183e-07,1.642682147330127e-07,4.527040434002742,,,,,4.527040434002742,4.5270449123839205,9.892509309231182e-07,,,
A-Ra1e5-fine,8820,4.629608562788301e-07,5.163784655479033e-07,1.693759787580877e-07,1.64398070214055e-07,4.527041025852442,,,,,4.527041025852442,4.527045502066974,9.887722010529453e-07,34.75048160928605,68.60961452818925,68.60961452818925
A-Ra1e5-fine,8821,4.620440406690652e-07,5.15232796273201e-07,1.695127840268464e-07,1.645299453670965e-07,4.527041621932542,,,,,4.527041621932542,4.5270460959833825,9.882941231209896e-07,,,
A-Ra1e5-fine,8822,4.611239621726408e-07,5.140834453475885e-07,1.696508286955083e-07,1.646643096493779e-07,4.5270422222322395,,,,,4.5270422222322395,4.527046694122012,9.878166237542157e-07,,,
A-Ra1e5-fine,8823,4.602005300399146e-07,5.129302863026459e-07,1.697899917041842e-07,1.647983789192218e-07,4.527042826738467,,,,,4.527042826738467,4.5270472964663675,9.873389462372578e-07,,,
A-Ra1e5-fine,8824,4.592737586010691e-07,5.117733856024237e-07,1.699305045850305e-07,1.649366331093284e-07,4.52704343543496,,,,,4.52704343543496,4.527047903005541,9.86862273427069e-07,,,
A-Ra1e5-fine,8825,4.583437970705821e-07,5.106130111934407e-07,1.700722468417314e-07,1.650736356757671e-07,4.527044048310925,,,,,4.527044048310925,4.527048513726232,9.863860516682864e-07,,,
A-Ra1e5-fine,8826,4.574106303592125e-07,5.094490307470234e-07,1.702150144755765e-07,1.652109203856481e-07,4.527044665351926,,,,,4.527044665351926,4.527049128614229,9.859103307983846e-07,,,
A-Ra1e5-fine,8827,4.564741644387123e-07,5.082813349173689e-07,1.703591151447579e-07,1.653479734050099e-07,4.5270452865420365,,,,,4.5270452865420365,4.527049747654294,9.85435262283438e-07,,,
A-Ra1e5-fine,8828,4.55534653509852e-07,5.07109876056594e-07,1.705045590620655e-07,1.654860645641631e-07,4.527045911872733,,,,,4.527045911872733,4.527050370836197,9.849604698269684e-07,,,
A-Ra1e5-fine,8829,4.545918981835221e-07,5.059347352498533e-07,1.706509908479601e-07,1.656256493879058e-07,4.527046541326175,,,,,4.527046541326175,4.527050998144933,9.844865792916188e-07,,,
A-Ra1e5-fine,8830,4.536458574299385e-07,5.047560222660974e-07,1.707984093185228e-07,1.657644490063589e-07,4.527047174890757,,,,,4.527047174890757,4.527051629565725,9.840128906621754e-07,34.75085530954139,68.60987044432324,68.60987044432324
A-Ra1e5-fine,8831,4.526967639602684e-07,5.035737119988026e-07,1.709474161825093e-07,1.65905940810071e-07,4.527047812552046,,,,,4.527047812552046,4.5270522650870815,9.835400531474103e-07,,,
A-Ra1e5-fine,8832,4.517445975494649e-07,5.023878936487051e-07,1.710973163450466e-07,1.660485859941345e-07,4.5270484542962794,,,,,4.5270484542962794,4.527052904692302,9.830674179392852e-07,,,
A-Ra1e5-fine,8833,4.507891384931963e-07,5.011985480070991e-07,1.712480341794631e-07,1.661906890164861e-07,4.527049100112097,,,,,4.527049100112097,4.527053548371487,9.825953079759382e-07,,,
A-Ra1e5-fine,8834,4.498304812450032e-07,5.000055977308553e-07,1.714002794112984e-07,1.663331196845811e-07,4.527049749982549,,,,,4.527049749982549,4.527054196107474,9.821236759794722e-07,,,
A-Ra1e5-fine,8835,4.488687565357006e-07,4.988090281027584e-07,1.715535974210264e-07,1.664751715415754e-07,4.527050403895377,,,,,4.527050403895377,4.5270548478893495,9.816528191866548e-07,,,
A-Ra1e5-fine,8836,4.479041637764838e-07,4.976089085825215e-07,1.717075524627466e-07,1.666176379537732e-07,4.527051061836686,,,,,4.527051061836686,4.52705550370131,9.811823157856096e-07,,,
A-Ra1e5-fine,8837,4.46936596523177e-07,4.964054474570628e-07,1.718629144371728e-07,1.66759815352946e-07,4.527051723794557,,,,,4.527051723794557,4.527056163531756,9.807122368020224e-07,,,
A-Ra1e5-fine,8838,4.459659669569093e-07,4.951985660457052e-07,1.720193777418281e-07,1.669022084390983e-07,4.527052389751476,,,,,4.527052389751476,4.527056827363982,9.802427603843084e-07,,,
A-Ra1e5-fine,8839,4.449923474869297e-07,4.939882876708736e-07,1.721764667100395e-07,1.670453080672235e-07,4.527053059695389,,,,,4.527053059695389,4.527057495187186,9.797741633648231e-07,,,
A-Ra1e5-fine,8840,4.440157310951692e-07,4.927747225600838e-07,1.723346385509776e-07,1.67188177922599e-07,4.5270537336147125,,,,,4.5270537336147125,4.527058166986014,9.793056127102269e-07,34.75122144672281,68.61012334948425,68.61012334948425
A-Ra1e5-fine,8841,4.430361543558846e-07,4.91557888050387e-07,1.724939968768004e-07,1.673297104116207e-07,4.527054411494195,,,,,4.527054411494195,4.52705884274592,9.788372645948646e-07,,,
A-Ra1e5-fine,8842,4.420537872096404e-07,4.903377707736098e-07,1.726540848128697e-07,1.67474251479466e-07,4.5270550933187215,,,,,4.5270550933187215,4.527059522455422,9.783699210610555e-07,,,
A-Ra1e5-fine,8843,4.410684332429346e-07,4.891142479728712e-07,1.728150056899866e-07,1.676169194942209e-07,4.527055779075344,,,,,4.527055779075344,4.527060206099053,9.779030259046495e-07,,,
A-Ra1e5-fine,8844,4.400800683719799e-07,4.878874266837421e-07,1.729769700062375e-07,1.677590490518038e-07,4.5270564687489285,,,,,4.5270564687489285,4.527060893662497,9.774367598238352e-07,,,
A-Ra1e5-fine,8845,4.390886893537142e-07,4.866574192957835e-07,1.731398141569309e-07,1.679014818965517e-07,4.527057162327537,,,,,4.527057162327537,4.527061585133243,9.769709960813456e-07,,,
A-Ra1e5-fine,8846,4.380943459550839e-07,4.854240716784672e-07,1.733033393878011e-07,1.680447214751426e-07,4.527057859797651,,,,,4.527057859797651,4.527062280495603,9.76505255773695e-07,,,
A-Ra1e5-fine,8847,4.370971350687081e-07,4.841875209604004e-07,1.73467720468375e-07,1.681878717392585e-07,4.527058561143124,,,,,4.527058561143124,4.527062979737298,9.760403931302154e-07,,,
A-Ra1e5-fine,8848,4.360971946922341e-07,4.829477655502658e-07,1.736329696732597e-07,1.683310931521261e-07,4.527059266350421,,,,,4.527059266350421,4.527063682843211,9.755760585386005e-07,,,
A-Ra1e5-fine,8849,4.35094373009741e-07,4.817046932927924e-07,1.737989396510857e-07,1.684750523471856e-07,4.527059975408407,,,,,4.527059975408407,4.527064389802081,9.751122241427827e-07,,,
A-Ra1e5-fine,8850,4.340887859898513e-07,4.804584229591527e-07,1.739654032072371e-07,1.686179419563945e-07,4.527060688300481,,,,,4.527060688300481,4.527065100594702,9.746483147094503e-07,34.751579698503704,68.61037300780748,68.61037300780748
A-Ra1e5-fine,8851,4.330809030212716e-07,4.792090069398745e-07,1.741323522211968e-07,1.687592163223591e-07,4.527061405011635,,,,,4.527061405011635,4.527065815212996,9.74185861136675e-07,,,
A-Ra1e5-fine,8852,4.320706312535017e-07,4.779564530263804e-07,1.743005349355599e-07,1.689009514457178e-07,4.527062125530277,,,,,4.527062125530277,4.5270665336379805,9.737232305137258e-07,,,
A-Ra1e5-fine,8853,4.310578612234153e-07,4.767007184194391e-07,1.744693249653603e-07,1.69043727376204e-07,4.527062849841399,,,,,4.527062849841399,4.52706725585772,9.732611016724884e-07,,,
A-Ra1e5-fine,8854,4.300424718971282e-07,4.754417795363055e-07,1.746384245831851e-07,1.691865920304791e-07,4.52706357793079,,,,,4.52706357793079,4.5270679818595925,9.7279982580216e-07,,,
A-Ra1e5-fine,8855,4.290246579118563e-07,4.741796438290024e-07,1.748079365309436e-07,1.693291075151262e-07,4.527064309784806,,,,,4.527064309784806,4.527068711626543,9.723386495259502e-07,,,
A-Ra1e5-fine,8856,4.280043864921262e-07,4.72914512407747e-07,1.74978453193431e-07,1.694714740314202e-07,4.527065045388895,,,,,4.527065045388895,4.527069445147094,9.718782516751653e-07,,,
A-Ra1e5-fine,8857,4.269816040994136e-07,4.716464628468807e-07,1.751494044750067e-07,1.696134762516452e-07,4.527065784728051,,,,,4.527065784728051,4.5270701824052155,9.714184060435324e-07,,,
A-Ra1e5-fine,8858,4.259566009222317e-07,4.703754908319517e-07,1.753208185999504e-07,1.697550576228861e-07,4.527066527790453,,,,,4.527066527790453,4.527070923388966,9.709590863446286e-07,,,
A-Ra1e5-fine,8859,4.24928890143509e-07,4.691015718480688e-07,1.754923088345045e-07,1.698951090630438e-07,4.527067274559845,,,,,4.527067274559845,4.527071668080612,9.704999657257737e-07,,,
A-Ra1e5-fine,8860,4.238984969637821e-07,4.678246651561327e-07,1.756646032655356e-07,1.700359391015276e-07,4.527068025024506,,,,,4.527068025024506,4.527072416470262,9.700414489359844e-07,34.751929758150766,68.6106191916074,68.6106191916074
A-Ra1e5-fine,8861,4.22865488257345e-07,4.665447437679406e-07,1.758373557862206e-07,1.701770205430296e-07,4.527068779169442,,,,,4.527068779169442,4.527073168540418,9.695829823236764e-07,,,
A-Ra1e5-fine,8862,4.21829794300355e-07,4.65262044543053e-07,1.760105937149142e-07,1.703182997359787e-07,4.527069536977251,,,,,4.527069536977251,4.527073924277875,9.69125493296104e-07,,,
A-Ra1e5-fine,8863,4.20791494539376e-07,4.639765320756642e-07,1.761836149856873e-07,1.70459562117479e-07,4.527070298438049,,,,,4.527070298438049,4.527074683670254,9.686684305548809e-07,,,
A-Ra1e5-fine,8864,4.197507430778097e-07,4.626881835816766e-07,1.76357388501665e-07,1.70600064121377e-07,4.527071063534433,,,,,4.527071063534433,4.5270754467006125,9.68211895928547e-07,,,
A-Ra1e5-fine,8865,4.187075235320337e-07,4.613969380247698e-07,1.765313410344371e-07,1.707394237928706e-07,4.527071832253797,,,,,4.527071832253797,4.527076213356671,9.67755961619472e-07,,,
A-Ra1e5-fine,8866,4.176618089140029e-07,4.601027830679528e-07,1.767058034708163e-07,1.708790328186621e-07,4.527072604582035,,,,,4.527072604582035,4.52707698362308,9.673003527658076e-07,,,
A-Ra1e5-fine,8867,4.166135091556566e-07,4.588056896811483e-07,1.768801843935466e-07,1.710167487494429e-07,4.527073380505047,,,,,4.527073380505047,4.527077757485178,9.66844945377868e-07,,,
A-Ra1e5-fine,8868,4.155627872117091e-07,4.575058491103514e-07,1.770549406123137e-07,1.711570669183848e-07,4.527074160008513,,,,,4.527074160008513,4.5270785349301175,9.663900647466974e-07,,,
A-Ra1e5-fine,8869,4.145096777194014e-07,4.562033020310512e-07,1.772297416196606e-07,1.712964272104043e-07,4.527074943076289,,,,,4.527074943076289,4.5270793159420935,9.659357858220332e-07,,,
A-Ra1e5-fine,8870,4.134540714955029e-07,4.548980408111182e-07,1.774045353866678e-07,1.714355623754519e-07,4.52707572969507,,,,,4.52707572969507,4.527080100508374,9.654822351515316e-07,34.75227133439627,68.61086168163423,68.61086168163423
A-Ra1e5-fine,8871,4.123958143672709e-07,4.535899244019585e-07,1.775800338182148e-07,1.715746617153085e-07,4.5270765198528125,,,,,4.5270765198528125,4.527080888614185,9.650288094471202e-07,,,
A-Ra1e5-fine,8872,4.113351655225414e-07,4.522789798184362e-07,1.777552226019964e-07,1.717124764896282e-07,4.527077313531663,,,,,4.527077313531663,4.527081680245422,9.645763370373547e-07,,,
A-Ra1e5-fine,8873,4.102719551969607e-07,4.509652688931829e-07,1.779308046504807e-07,1.718499532265594e-07,4.527078110719911,,,,,4.527078110719911,4.527082475385375,9.641237135592052e-07,,,
A-Ra1e5-fine,8874,4.092062628856612e-07,4.49648901944858e-07,1.78106063050645e-07,1.719862740244132e-07,4.527078911401532,,,,,4.527078911401532,4.527083274021881,9.63671791864701e-07,,,
A-Ra1e5-fine,8875,4.081383561740456e-07,4.483298638012002e-07,1.782812393771502e-07,1.72123432165826e-07,4.527079715564465,,,,,4.527079715564465,4.527084076140844,9.63220122677029e-07,,,
A-Ra1e5-fine,8876,4.070682770300016e-07,4.470082180686573e-07,1.784566446778494e-07,1.722621668517118e-07,4.527080523189736,,,,,4.527080523189736,4.5270848817269105,9.627695054840564e-07,,,
A-Ra1e5-fine,8877,4.059958368105911e-07,4.456840075969921e-07,1.786322832964093e-07,1.723991651466457e-07,4.527081334268359,,,,,4.527081334268359,4.527085690765989,9.623188125760111e-07,,,
A-Ra1e5-fine,8878,4.049211546262871e-07,4.443572468666184e-07,1.788079117899825e-07,1.725355458696848e-07,4.527082148782377,,,,,4.527082148782377,4.527086503243528,9.618687963543248e-07,,,
A-Ra1e5-fine,8879,4.03844213515776e-07,4.430278458280651e-07,1.789831439482097e-07,1.726718973624044e-07,4.52708296671813,,,,,4.52708296671813,4.527087319145086,9.61419283977386e-07,,,
A-Ra1e5-fine,8880,4.027648202903345e-07,4.416960806809214e-07,1.791581270968088e-07,1.728064396378801e-07,4.527083788062326,,,,,4.527083788062326,4.527088138457588,9.609703233196082e-07,34.752604151642146,68.6111002669901,68.6111002669901
A-Ra1e5-fine,8881,4.016831323625008e-07,4.403617489486029e-07,1.793328306032571e-07,1.729406724991128e-07,4.527084612799629,,,,,4.527084612799629,4.5270889611628515,9.60521285982138e-07,,,
A-Ra1e5-fine,8882,4.005993418601948e-07,4.390247869563371e-07,1.795079298330274e-07,1.730757586079134e-07,4.527085440915243,,,,,4.527085440915243,4.527089787251317,9.600733285205102e-07,,,
A-Ra1e5-fine,8883,3.995137417487439e-07,4.376852775645168e-07,1.796828480022944e-07,1.732111988324199e-07,4.527086272395876,,,,,4.527086272395876,4.5270906167042355,9.5962524533885e-07,,,
A-Ra1e5-fine,8884,3.98426116326552e-07,4.363433360189528e-07,1.798578081967272e-07,1.733467788423878e-07,4.527087107226067,,,,,4.527087107226067,4.527091449511252,9.591781645446052e-07,,,
A-Ra1e5-fine,8885,3.973364609583874e-07,4.349988049400075e-07,1.800320997369212e-07,1.734812649661963e-07,4.527087945391032,,,,,4.527087945391032,4.52709228565407,9.587313102027461e-07,,,
A-Ra1e5-fine,8886,3.962447238745502e-07,4.33651973214361e-07,1.80205939121774e-07,1.736145888461962e-07,4.527088786876448,,,,,4.527088786876448,4.527093125119042,9.582848316191046e-07,,,
A-Ra1e5-fine,8887,3.951508737333365e-07,4.323028582264617e-07,1.803798417722068e-07,1.737465114744414e-07,4.527089631668453,,,,,4.527089631668453,4.5270939678960564,9.578395569226993e-07,,,
A-Ra1e5-fine,8888,3.940548958640582e-07,4.309514231030207e-07,1.805532071243437e-07,1.738780871511174e-07,4.527090479752132,,,,,4.527090479752132,4.52709481396055,9.573933550827626e-07,,,
A-Ra1e5-fine,8889,3.929570308728564e-07,4.295976854058571e-07,1.807267841025644e-07,1.740089531078673e-07,4.52709133111353,,,,,4.52709133111353,4.527095663309685,9.569486818347628e-07,,,
A-Ra1e5-fine,8890,3.918570622348084e-07,4.282416000373685e-07,1.808999449577055e-07,1.741403598590969e-07,4.5270921857371595,,,,,4.5270921857371595,4.527096515921745,9.565041612902158e-07,34.75292794987545,68.61133474521333,68.61133474521333
A-Ra1e5-fine,8891,3.907551771860384e-07,4.26883145819962e-07,1.81072445035326e-07,1.742723720846794e-07,4.5270930436095105,,,,,4.5270930436095105,4.527097371782864,9.56059714976214e-07,,,
A-Ra1e5-fine,8892,3.89651438848072e-07,4.255225213195783e-07,1.812447765539159e-07,1.744030432595521e-07,4.527093904714664,,,,,4.527093904714664,4.527098230880644,9.556161202079542e-07,,,
A-Ra1e5-fine,8893,3.885458710071443e-07,4.241597019711147e-07,1.814168053011029e-07,1.745334708403067e-07,4.527094769039304,,,,,4.527094769039304,4.527099093199402,9.551728543345217e-07,,,
A-Ra1e5-fine,8894,3.874384921872103e-07,4.227945720081703e-07,1.815880161627395e-07,1.746624009412125e-07,4.527095636568903,,,,,4.527095636568903,4.527099958725148,9.547300364479634e-07,,,
A-Ra1e5-fine,8895,3.863289715504165e-07,4.214272016204236e-07,1.81758963850674e-07,1.747924004606397e-07,4.527096507286843,,,,,4.527096507286843,4.5271008274408375,9.542875717920008e-07,,,
A-Ra1e5-fine,8896,3.852174959415775e-07,4.200577883494764e-07,1.819297503437602e-07,1.749212507877385e-07,4.52709738118199,,,,,4.52709738118199,4.527101699334982,9.53845382285535e-07,,,
A-Ra1e5-fine,8897,3.841040988321072e-07,4.186862706146136e-07,1.820998031001628e-07,1.750499292274314e-07,4.527098258235247,,,,,4.527098258235247,4.527102574392689,9.534043968994585e-07,,,
A-Ra1e5-fine,8898,3.82988778508946e-07,4.173125493863306e-07,1.822696832487986e-07,1.75179636106802e-07,4.5270991384362596,,,,,4.5270991384362596,4.527103452597363,9.529632366073598e-07,,,
A-Ra1e5-fine,8899,3.818716353421744e-07,4.159366545658908e-07,1.824390246330741e-07,1.753087990628159e-07,4.527100021768549,,,,,4.527100021768549,4.527104333933769,9.525221766701019e-07,,,
A-Ra1e5-fine,8900,3.80752786325638e-07,4.145586642726013e-07,1.826076763338338e-07,1.754363588034766e-07,4.52710090821654,4.527100908216767,4.530715011321438,4.530064140479041,4.527105218391512,4.52710090821654,4.527105218391559,9.520823710887339e-07,34.75324248471817,68.61156492244749,68.61156492244749
A-Ra1e5-fine,8901,3.796322162172832e-07,4.131785463794833e-07,1.827759330589177e-07,1.755634891048449e-07,4.527101797767614,,,,,4.527101797767614,4.527106105951408,9.516423392110281e-07,,,
A-Ra1e5-fine,8902,3.785100576689105e-07,4.117965156848122e-07,1.829432624108353e-07,1.75689410286264e-07,4.527102690405058,,,,,4.527102690405058,4.527106996601493,9.512031604853524e-07,,,
A-Ra1e5-fine,8903,3.77385931963727e-07,4.10412431568095e-07,1.831099830003273e-07,1.758152324350399e-07,4.527103586115917,,,,,4.527103586115917,4.527107890326238,9.507642563471758e-07,,,
A-Ra1e5-fine,8904,3.762599987475126e-07,4.090261729917952e-07,1.832764495583838e-07,1.759403063857324e-07,4.527104484885287,,,,,4.527104484885287,4.527108787110868,9.503256554442579e-07,,,
A-Ra1e5-fine,8905,3.751323563921128e-07,4.076378737672369e-07,1.834424765755388e-07,1.760659094271473e-07,4.527105386696348,,,,,4.527105386696348,4.527109686941846,9.498880825105884e-07,,,
A-Ra1e5-fine,8906,3.740028310876844e-07,4.062476862474238e-07,1.836077485609285e-07,1.76191610109685e-07,4.527106291538986,,,,,4.527106291538986,4.527110589801216,9.494498059666632e-07,,,
A-Ra1e5-fine,8907,3.728715903934852e-07,4.048555675440629e-07,1.837725592970818e-07,1.763163044639536e-07,4.527107199393985,,,,,4.527107199393985,4.527111495679198,9.490129093659701e-07,,,
A-Ra1e5-fine,8908,3.717388673179325e-07,4.034614958835978e-07,1.839365948685758e-07,1.764412036103457e-07,4.527108110246785,,,,,4.527108110246785,4.527112404556467,9.485763407358046e-07,,,
A-Ra1e5-fine,8909,3.706050725942427e-07,4.020655111145799e-07,1.840995993564361e-07,1.765644917398144e-07,4.527109024086032,,,,,4.527109024086032,4.527113316420287,9.48139794609989e-07,,,
A-Ra1e5-fine,8910,3.694699091696439e-07,4.006676205597755e-07,1.842621084188187e-07,1.76687299762488e-07,4.52710994089557,,,,,4.52710994089557,4.527114231256222,9.477036510144455e-07,34.753547527305805,68.61179061341281,68.61179061341281
A-Ra1e5-fine,8911,3.68333072267619e-07,3.992679397255656e-07,1.844235541243783e-07,1.768087886514273e-07,4.527110860660289,,,,,4.527110860660289,4.527115149050633,9.472682346487516e-07,,,
A-Ra1e5-fine,8912,3.671947788492222e-07,3.978666622570978e-07,1.845845366667024e-07,1.769300469736035e-07,4.527111783363926,,,,,4.527111783363926,4.527116069784531,9.468329436034158e-07,,,
A-Ra1e5-fine,8913,3.660548317273909e-07,3.964636226455428e-07,1.847451550208711e-07,1.770524506248985e-07,4.527112708993968,,,,,4.527112708993968,4.527116993449728,9.463987331345238e-07,,,
A-Ra1e5-fine,8914,3.649132855781155e-07,3.950587263208071e-07,1.849051110284481e-07,1.771754117374416e-07,4.527113637535307,,,,,4.527113637535307,4.527117920026104,9.4596449614131e-07,,,
A-Ra1e5-fine,8915,3.637702321820305e-07,3.936520256121269e-07,1.850640808085965e-07,1.772982460395265e-07,4.527114568972366,,,,,4.527114568972366,4.527118849500018,9.455306603235138e-07,,,
A-Ra1e5-fine,8916,3.626256609163725e-07,3.922436812196519e-07,1.852222076700873e-07,1.774186763909819e-07,4.527115503292182,,,,,4.527115503292182,4.527119781858166,9.450971503472298e-07,,,
A-Ra1e5-fine,8917,3.614796936657561e-07,3.908336034314288e-07,1.853797082446384e-07,1.775389813743588e-07,4.527116440478271,,,,,4.527116440478271,4.527120717084064,9.446639664127154e-07,,,
A-Ra1e5-fine,8918,3.603325130253234e-07,3.89421695845444e-07,1.855359095237344e-07,1.776577146225122e-07,4.527117380516189,,,,,4.527117380516189,4.527121655164637,9.442314106570278e-07,,,
A-Ra1e5-fine,8919,3.591839709497755e-07,3.880079618553547e-07,1.856913866505035e-07,1.777746350469493e-07,4.527118323391734,,,,,4.527118323391734,4.5271225960832915,9.437989547425536e-07,,,
A-Ra1e5-fine,8920,3.580338459697569e-07,3.865923790390049e-07,1.85846183710907e-07,1.778933411855719e-07,4.527119269087734,,,,,4.527119269087734,4.527123539827061,9.433675276354186e-07,34.753842864301966,68.61201164147222,68.61201164147222
A-Ra1e5-fine,8921,3.568820770104732e-07,3.851751174749679e-07,1.860000835780645e-07,1.780112748916944e-07,4.527120217593053,,,,,4.527120217593053,4.527124486381286,9.429363514431207e-07,,,
A-Ra1e5-fine,8922,3.557288407076603e-07,3.837564057848347e-07,1.861532657567021e-07,1.781294935520846e-07,4.527121168890746,,,,,4.527121168890746,4.527125435728341,9.425052754956274e-07,,,
A-Ra1e5-fine,8923,3.545744419438821e-07,3.823361092776787e-07,1.86305622353332e-07,1.782455678546709e-07,4.527122122967855,,,,,4.527122122967855,4.527126387856856,9.420746505846805e-07,,,
A-Ra1e5-fine,8924,3.5341851588167e-07,3.809141568222823e-07,1.864572712708898e-07,1.783623827260601e-07,4.527123079808346,,,,,4.527123079808346,4.527127342749216,9.416441274954091e-07,,,
A-Ra1e5-fine,8925,3.522613096987781e-07,3.794905824693437e-07,1.866076141164803e-07,1.784775525555596e-07,4.52712403939506,,,,,4.52712403939506,4.527128300393591,9.41214883569778e-07,,,
A-Ra1e5-fine,8926,3.511029768217267e-07,3.780654588884092e-07,1.867571805564506e-07,1.785927158153329e-07,4.527125001718106,,,,,4.527125001718106,4.5271292607720195,9.407851358332243e-07,,,
A-Ra1e5-fine,8927,3.499433194336472e-07,3.766388046793474e-07,1.869059709735596e-07,1.787080634871994e-07,4.527125966758378,,,,,4.527125966758378,4.527130223872453,9.403564434140481e-07,,,
A-Ra1e5-fine,8928,3.48782285321285e-07,3.7521060121172e-07,1.870535857258983e-07,1.788248968532541e-07,4.5271269345034835,,,,,4.5271269345034835,4.527131189677383,9.399276762598187e-07,,,
A-Ra1e5-fine,8929,3.4762025631229e-07,3.737806966770485e-07,1.872002080044886e-07,1.789401697469348e-07,4.527127904937859,,,,,4.527127904937859,4.527132158175211,9.394997099709084e-07,,,
A-Ra1e5-fine,8930,3.464568741271613e-07,3.723493285666353e-07,1.873458540737165e-07,1.790557586550872e-07,4.527128878047276,,,,,4.527128878047276,4.527133129348545,9.390718461139833e-07,34.754128297822625,68.61222783865735,68.61222783865735
A-Ra1e5-fine,8931,3.452921486154569e-07,3.709165410640345e-07,1.874905862543148e-07,1.791697497643782e-07,4.527129853814363,,,,,4.527129853814363,4.5271341031840855,9.386449838320873e-07,,,
A-Ra1e5-fine,8932,3.441260433678312e-07,3.69482383234305e-07,1.876343152959067e-07,1.792831531650165e-07,4.527130832230001,,,,,4.527130832230001,4.527135079664324,9.382172701131068e-07,,,
A-Ra1e5-fine,8933,3.429588325633034e-07,3.68046850114448e-07,1.877771553206703e-07,1.793955915719198e-07,4.527131813273741,,,,,4.527131813273741,4.527136058779136,9.377909854741036e-07,,,
A-Ra1e5-fine,8934,3.417906092355663e-07,3.666101399142435e-07,1.879189873371907e-07,1.795076571313495e-07,4.5271327969328485,,,,,4.5271327969328485,4.527137040509323,9.373647020476675e-07,,,
A-Ra1e5-fine,8935,3.406213138204466e-07,3.65172231142725e-07,1.880597213748181e-07,1.796207662014818e-07,4.527133783192082,,,,,4.527133783192082,4.527138024841908,9.369389203179365e-07,,,
A-Ra1e5-fine,8936,3.394507590338269e-07,3.637330803211271e-07,1.881995724415516e-07,1.797341275892047e-07,4.5271347720384965,,,,,4.5271347720384965,4.527139011762007,9.365132118095091e-07,,,
A-Ra1e5-fine,8937,3.382791747489974e-07,3.622926728680657e-07,1.883384678255579e-07,1.798457173626731e-07,4.5271357634538845,,,,,4.5271357634538845,4.527140001255293,9.36088433483616e-07,,,
A-Ra1e5-fine,8938,3.371064385235962e-07,3.608512329550843e-07,1.884763489783593e-07,1.799647243172595e-07,4.527136757423253,,,,,4.527136757423253,4.527140993305401,9.356642826227672e-07,,,
A-Ra1e5-fine,8939,3.359336080171128e-07,3.59408039160796e-07,1.886128291491543e-07,1.800643604740705e-07,4.527137753938063,,,,,4.527137753938063,4.527141987899813,9.352398801031926e-07,,,
A-Ra1e5-fine,8940,3.347593554688227e-07,3.579640028032057e-07,1.887481711513586e-07,1.801834458479694e-07,4.52713875297457,,,,,4.52713875297457,4.5271429850235325,9.348171583983424e-07,34.754403645343274,68.612439045693,68.612439045693
A-Ra1e5-fine,8941,3.33584375624382e-07,3.565185479472431e-07,1.888824899592557e-07,1.802808912467052e-07,4.527139754527867,,,,,4.527139754527867,4.527143984657348,9.343929576796531e-07,,,
A-Ra1e5-fine,8942,3.324086141807307e-07,3.550718917139534e-07,1.890153959548917e-07,1.803992259029261e-07,4.527140758573409,,,,,4.527140758573409,4.527144986791474,9.339705382313845e-07,,,
A-Ra1e5-fine,8943,3.312318703313768e-07,3.536244043383781e-07,1.891475807036185e-07,1.804985859737835e-07,4.527141765103921,,,,,4.527141765103921,4.5271459914077266,9.335474902591635e-07,,,
A-Ra1e5-fine,8944,3.300548600927232e-07,3.521752553154569e-07,1.892786959801315e-07,1.806116511097593e-07,4.527142774097342,,,,,4.527142774097342,4.527146998493139,9.331258227484852e-07,,,
A-Ra1e5-fine,8945,3.28876348859112e-07,3.507254774384181e-07,1.894087800521443e-07,1.807136696720848e-07,4.527143785547764,,,,,4.527143785547764,4.527148008032487,9.327034778697902e-07,,,
A-Ra1e5-fine,8946,3.276971527786871e-07,3.492742780918923e-07,1.895376692250649e-07,1.808210389915442e-07,4.527144799434039,,,,,4.527144799434039,4.5271490200120095,9.322820873353913e-07,,,
A-Ra1e5-fine,8947,3.265173661888882e-07,3.478220730775925e-07,1.896655148514456e-07,1.809275769231886e-07,4.52714581574219,,,,,4.52714581574219,4.527150034414879,9.318610211843465e-07,,,
A-Ra1e5-fine,8948,3.253366279588696e-07,3.463687929991e-07,1.897923564446268e-07,1.810315107954894e-07,4.527146834459247,,,,,4.527146834459247,4.527151051226998,9.314400308479885e-07,,,
A-Ra1e5-fine,8949,3.241552913122867e-07,3.449145287315375e-07,1.899178660026834e-07,1.811343429754152e-07,4.527147855567135,,,,,4.527147855567135,4.527152070433362,9.310197943605892e-07,,,
A-Ra1e5-fine,8950,3.229730815894286e-07,3.434592348721648e-07,1.900421500599222e-07,1.812371257615674e-07,4.527148879055063,,,,,4.527148879055063,4.527153092019763,9.305995565923976e-07,34.75466873963155,68.61264511200986,68.61264511200986
A-Ra1e5-fine,8951,3.217904462688925e-07,3.420029242272987e-07,1.901650138127e-07,1.813405843398923e-07,4.527149904906424,,,,,4.527149904906424,4.527154115970619,9.301795445383107e-07,,,
A-Ra1e5-fine,8952,3.206071254866117e-07,3.405457234214735e-07,1.902865996063033e-07,1.814433124915829e-07,4.527150933105529,,,,,4.527150933105529,4.5271551422719565,9.29760136846988e-07,,,
A-Ra1e5-fine,8953,3.194233466991775e-07,3.390875480512494e-07,1.904068331236773e-07,1.815444440871238e-07,4.52715196363647,,,,,4.52715196363647,4.527156170907054,9.293411536165868e-07,,,
A-Ra1e5-fine,8954,3.182388433195509e-07,3.376282838746077e-07,1.905259930605746e-07,1.816438817289885e-07,4.527152996487529,,,,,4.527152996487529,4.527157201865568,9.289228989428114e-07,,,
A-Ra1e5-fine,8955,3.170534685463943e-07,3.361681119196004e-07,1.906443422646456e-07,1.817430878936364e-07,4.527154031644728,,,,,4.527154031644728,4.527158235125556,9.285036134061722e-07,,,
A-Ra1e5-fine,8956,3.158676267390271e-07,3.347069259350454e-07,1.907614145283279e-07,1.81842024897232e-07,4.527155069088506,,,,,4.527155069088506,4.527159270679183,9.280858869017599e-07,,,
A-Ra1e5-fine,8957,3.146815982532257e-07,3.332450550800882e-07,1.908773874348366e-07,1.819378063451632e-07,4.52715610880614,,,,,4.52715610880614,4.527160308507339,9.276683088338413e-07,,,
A-Ra1e5-fine,8958,3.134947810088003e-07,3.317823691226453e-07,1.909920945960964e-07,1.820355905816991e-07,4.5271571507833,,,,,4.5271571507833,4.527161348596837,9.272511315046949e-07,,,
A-Ra1e5-fine,8959,3.123076275414425e-07,3.303190996009633e-07,1.911055054085244e-07,1.821320229272768e-07,4.5271581950057715,,,,,4.5271581950057715,4.527162390932108,9.268340559258941e-07,,,
A-Ra1e5-fine,8960,3.111199411336179e-07,3.288551184977078e-07,1.912175655124454e-07,1.822282502140162e-07,4.5271592414575235,,,,,4.5271592414575235,4.527163435500414,9.264178095690599e-07,34.75492342861703,68.61284589569183,68.61284589569183
A-Ra1e5-fine,8961,3.099318970049824e-07,3.273906077239185e-07,1.913283865825218e-07,1.823223768329806e-07,4.527160290122084,,,,,4.527160290122084,4.527164482284023,9.26002113849678e-07,,,
A-Ra1e5-fine,8962,3.087435617973683e-07,3.259251828071206e-07,1.914379956910983e-07,1.824166090236606e-07,4.527161340990235,,,,,4.527161340990235,4.527165531269863,9.255861175073796e-07,,,
A-Ra1e5-fine,8963,3.075550072964655e-07,3.244589371022144e-07,1.915460276528222e-07,1.825093299988988e-07,4.527162394041171,,,,,4.527162394041171,4.527166582441782,9.251708485754343e-07,,,
A-Ra1e5-fine,8964,3.063663808989909e-07,3.229918504850925e-07,1.916527771545466e-07,1.826012445746122e-07,4.527163449263302,,,,,4.527163449263302,4.52716763578626,9.247558805424124e-07,,,
A-Ra1e5-fine,8965,3.05177611381038e-07,3.215240760509069e-07,1.917582642644578e-07,1.826910539734849e-07,4.527164506640816,,,,,4.527164506640816,4.527168691287605,9.243412400935646e-07,,,
A-Ra1e5-fine,8966,3.039885052954081e-07,3.200556102219159e-07,1.91862367346232e-07,1.827817812353224e-07,4.5271655661604235,,,,,4.5271655661604235,4.527169748932852,9.239269992331283e-07,,,
A-Ra1e5-fine,8967,3.027989532728189e-07,3.185867371656937e-07,1.919653021466781e-07,1.828716891482381e-07,4.5271666278044895,,,,,4.5271666278044895,4.527170808703252,9.23512911159995e-07,,,
A-Ra1e5-fine,8968,3.016090851101419e-07,3.171172667251558e-07,1.920671061384532e-07,1.829603503401915e-07,4.527167691560178,,,,,4.527167691560178,4.5271718705891315,9.230996748963802e-07,,,
A-Ra1e5-fine,8969,3.004189602753561e-07,3.156473331378732e-07,1.921676821278851e-07,1.830484023483237e-07,4.527168757413736,,,,,4.527168757413736,4.527172934571058,9.226860360169944e-07,,,
A-Ra1e5-fine,8970,2.992293201998499e-07,3.141770576879505e-07,1.922669152133059e-07,1.831346745828892e-07,4.527169825347073,,,,,4.527169825347073,4.527174000635504,9.222730019531301e-07,34.75516757529089,68.6130412635902,68.6130412635902
A-Ra1e5-fine,8971,2.980391011694759e-07,3.127060744237297e-07,1.923647621627781e-07,1.832202131435743e-07,4.527170895348033,,,,,4.527170895348033,4.52717506877109,9.218607447644747e-07,,,
A-Ra1e5-fine,8972,2.968485772284101e-07,3.112344745736295e-07,1.924613171679568e-07,1.8330341778601e-07,4.527171967401269,,,,,4.527171967401269,4.5271761389590655,9.21448512268707e-07,,,
A-Ra1e5-fine,8973,2.95658035086245e-07,3.097624507489284e-07,1.925564282427606e-07,1.833875015235932e-07,4.527173041490758,,,,,4.527173041490758,4.527177211185905,9.210368565430214e-07,,,
A-Ra1e5-fine,8974,2.944676710092738e-07,3.082901088567095e-07,1.926501560670965e-07,1.834710943591003e-07,4.527174117604317,,,,,4.527174117604317,4.5271782854359115,9.206250008814284e-07,,,
A-Ra1e5-fine,8975,2.932773749634836e-07,3.068173141681566e-07,1.927423861954721e-07,1.835526286929448e-07,4.527175195724568,,,,,4.527175195724568,4.527179361696247,9.202139483975743e-07,,,
A-Ra1e5-fine,8976,2.920867449025604e-07,3.053442010722579e-07,1.928333736799633e-07,1.836340630822285e-07,4.527176275838884,,,,,4.527176275838884,4.52718043995076,9.198029206200638e-07,,,
A-Ra1e5-fine,8977,2.908960007179792e-07,3.038707303721569e-07,1.929230268937545e-07,1.837128040744452e-07,4.527177357930556,,,,,4.527177357930556,4.527181520185013,9.193924192053803e-07,,,
A-Ra1e5-fine,8978,2.897055500991129e-07,3.023968617812668e-07,1.930112580812714e-07,1.83791570060126e-07,4.527178441984688,,,,,4.527178441984688,4.5271826023836645,9.189823458665734e-07,,,
A-Ra1e5-fine,8979,2.885151085341412e-07,3.009223924426601e-07,1.93098103530556e-07,1.838688450498563e-07,4.5271795279890075,,,,,4.5271795279890075,4.527183686534662,9.185727490647582e-07,,,
A-Ra1e5-fine,8980,2.873245097486399e-07,2.994476496400217e-07,1.931834028757564e-07,1.839448930510012e-07,4.527180615927249,,,,,4.527180615927249,4.527184772617991,9.181628006947174e-07,34.7554010575145,68.61323109118841,68.61323109118841
A-Ra1e5-fine,8981,2.861342577579321e-07,2.979727667686993e-07,1.932673552593567e-07,1.840217435911981e-07,4.527181705784189,,,,,4.527181705784189,4.52718586062274,9.177534534480422e-07,,,
A-Ra1e5-fine,8982,2.849440986001714e-07,2.96497715174782e-07,1.933500196165375e-07,1.840970717389509e-07,4.527182797546062,,,,,4.527182797546062,4.5271869505362945,9.173449611944998e-07,,,
A-Ra1e5-fine,8983,2.837537418718148e-07,2.950226453838299e-07,1.934313492315487e-07,1.841723190407202e-07,4.527183891196956,,,,,4.527183891196956,4.527188042337504,9.169361670185914e-07,,,
A-Ra1e5-fine,8984,2.825633692532121e-07,2.935474427067393e-07,1.93511343317354e-07,1.842460399886939e-07,4.527184986723001,,,,,4.527184986723001,4.5271891360173875,9.165281509366523e-07,,,
A-Ra1e5-fine,8985,2.813730332857985e-07,2.92072218610649e-07,1.935897902498753e-07,1.843180354927099e-07,4.5271860841095295,,,,,4.5271860841095295,4.527190231558667,9.16120336356345e-07,,,
A-Ra1e5-fine,8986,2.801836026645539e-07,2.905967648482283e-07,1.936669353593401e-07,1.843892421251327e-07,4.527187183341996,,,,,4.527187183341996,4.527191328946219,9.157125951705206e-07,,,
A-Ra1e5-fine,8987,2.789949481111604e-07,2.891213084877586e-07,1.937427179318892e-07,1.844585325696558e-07,4.527188284404476,,,,,4.527188284404476,4.527192428166863,9.153055341906827e-07,,,
A-Ra1e5-fine,8988,2.77806355360967e-07,2.876456101160666e-07,1.938170350215777e-07,1.845273228694778e-07,4.527189387283098,,,,,4.527189387283098,4.52719352920467,9.148986982648175e-07,,,
A-Ra1e5-fine,8989,2.76617816793795e-07,2.861699194475351e-07,1.938900044123377e-07,1.845962557288623e-07,4.527190491964687,,,,,4.527190491964687,4.527194632044986,9.144917611363114e-07,,,
A-Ra1e5-fine,8990,2.754299614921828e-07,2.846945018365006e-07,1.939613943657354e-07,1.846635214819772e-07,4.527191598432179,,,,,4.527191598432179,4.527195736674617,9.140855775973435e-07,34.75562376791296,68.6134152626213,68.6134152626213
A-Ra1e5-fine,8991,2.74242565239653e-07,2.832189283476973e-07,1.940313053389909e-07,1.847296380458888e-07,4.527192706670689,,,,,4.527192706670689,4.527196843077196,9.136798198219072e-07,,,
A-Ra1e5-fine,8992,2.730557113130318e-07,2.817431527977168e-07,1.940998453280544e-07,1.847944007904193e-07,4.5271938166683885,,,,,4.5271938166683885,4.527197951239078,9.132740873944194e-07,,,
A-Ra1e5-fine,8993,2.718692600565933e-07,2.802675811954353e-07,1.941669005589345e-07,1.848582506823737e-07,4.5271949284084485,,,,,4.5271949284084485,4.527199061143213,9.128683308795583e-07,,,
A-Ra1e5-fine,8994,2.706833663695982e-07,2.787923644362993e-07,1.942324800223303e-07,1.849211496926345e-07,4.527196041874613,,,,,4.527196041874613,4.527200172779818,9.124639802890945e-07,,,
A-Ra1e5-fine,8995,2.694985281350783e-07,2.773171090456589e-07,1.942966674361184e-07,1.84982012268536e-07,4.527197157056778,,,,,4.527197157056778,4.527201286129573,9.120589999873054e-07,,,
A-Ra1e5-fine,8996,2.683139923533831e-07,2.758421259666996e-07,1.943595192696789e-07,1.8504343477521e-07,4.52719827393628,,,,,4.52719827393628,4.527202401180762,9.116549245538684e-07,,,
A-Ra1e5-fine,8997,2.671303984343145e-07,2.743674268667463e-07,1.944208739642023e-07,1.851032726067509e-07,4.527199392500165,,,,,4.527199392500165,4.527203517915315,9.112506237579425e-07,,,
A-Ra1e5-fine,8998,2.659470903728789e-07,2.728927108634368e-07,1.944806843269198e-07,1.851620418806562e-07,4.527200512734223,,,,,4.527200512734223,4.527204636322427,9.108468499799156e-07,,,
A-Ra1e5-fine,8999,2.647644695045817e-07,2.7141795365248e-07,1.945392559863732e-07,1.852197268161075e-07,4.527201634623113,,,,,4.527201634623113,4.527205756385501,9.10443325618479e-07,,,
A-Ra1e5-fine,9000,2.635827996131311e-07,2.699430626799949e-07,1.94596343161129e-07,1.852757137307879e-07,4.527202758150224,4.527202758149542,4.5311207501844315,4.530339723328243,4.52720687808926,4.527202758150224,4.527206878089875,9.100404811111601e-07,34.7558356136936,68.61359367063567,68.61359367063567
