/*--------------------------------*- C++ -*----------------------------------*\
  =========                 |
  \\      /  F ield         | OpenFOAM: The Open Source CFD Toolbox
   \\    /   O peration     | Website:  https://openfoam.org
    \\  /    A nd           | Version:  13
     \\/     M anipulation  |
\*---------------------------------------------------------------------------*/
FoamFile
{
    format      ascii;
    class       volVectorField;
    location    "2.928096339318";
    object      U_0;
}
// * * * * * * * * * * * * * * * * * * * * * * * * * * * * * * * * * * * * * //

dimensions      [0 1 -1 0 0 0 0];

internalField   nonuniform List<vector> 
2140
(
(-2.1733089386279411e-06 0.0063261279211378691 -1.4414038551626741e-24)
(-4.1900074715963527e-05 0.016168983775329375 -1.4486673059585177e-24)
(-0.00012582556286222792 0.023473255764104251 0)
(-0.00025522438334419636 0.028531366818891339 0)
(-0.00042813790674008762 0.031651857930277701 0)
(-0.00064155966816639731 0.033150321929722316 0)
(-0.00089062704310340773 0.033337813923875671 0)
(-0.0011687745883263516 0.032508862418614455 8.0567625898509477e-25)
(-0.0014682987912398528 0.030931113278303835 7.183879283271386e-25)
(-0.0017809901964290589 0.028838012251972103 0)
(-0.0020987296695685644 0.026425095410244032 0)
(-0.0024139864487845225 0.02384968873701682 0)
(-0.0027201763374457713 0.021233297953703639 -4.481629848955944e-25)
(-0.0030118696109085246 0.018665749615857485 -3.9885167403131645e-25)
(-0.0032848636475151455 0.016210175623334322 0)
(-0.0035361494332892146 0.013908117993443643 0)
(-0.0037638054242459147 0.011784270690741807 0)
(-0.0039668498423599584 0.0098505992557907703 0)
(-0.0041450764424473992 0.0081097502644075451 2.3142955674804236e-25)
(-0.0042988916366355594 0.006557772976629463 2.0964033771899336e-25)
(-0.0044291642377064641 0.0051862335833329984 0)
(-0.0045370937825052844 0.0039838234367646861 0)
(-0.0046240996057286257 0.0029375614383176153 -1.5952933718953963e-25)
(-0.0046917303933932284 0.0020336787422596874 -1.4684495902862834e-25)
(-0.0047415925539770207 0.0012582584351584979 0)
(-0.0047752950892654723 0.00059768782938740062 0)
(-0.0047944084612842521 3.8968159408484863e-05 0)
(-0.0048004350385074728 -0.00043008381483249526 0)
(-0.0047947889321043359 -0.00082071573747683803 0)
(-0.0047787833135088708 -0.0011431806027858852 9.7415197535888061e-26)
(-0.0047536235929687785 -0.0014067227910164767 9.2199963791222753e-26)
(-0.0047204051094281579 -0.0016195967799755458 0)
(-0.0046801142205132543 -0.0017891088385565835 0)
(-0.0046336318883668983 -0.0019216741438619956 -7.9628130735162466e-26)
(-0.0045817390315154565 -0.002022883459264966 -7.6225755942932146e-26)
(-0.0045251230587122805 -0.0020975748691720144 0)
(-0.0044643851215695708 -0.0021499071598854833 0)
(-0.0044000477226082942 -0.0021834323175903519 0)
(-0.0043325623976087991 -0.0022011653236532901 0)
(-0.0042623172588311126 -0.002205649994727357 0)
(-0.0041896442412850347 -0.0021990200650053634 6.0714439465324264e-26)
(-0.0041148259397970283 -0.002183055060277848 5.8654316673439612e-26)
(-0.0040381019617818153 -0.0021592307848277508 0)
(-0.0039596747507073494 -0.0021287644466098238 0)
(-0.0038797148593210707 -0.0020926545955365079 0)
(-0.0037983656706785042 -0.0020517161542035539 0)
(-0.0037157475796399447 -0.0020066108887577612 0)
(-0.0036319616584317301 -0.0019578737072960704 4.7854813354338264e-26)
(-0.0035470928376812915 -0.0019059351905347831 4.6235618388542096e-26)
(-0.0034612126395420248 -0.0018511407598612605 0)
(-0.0033743815025842365 -0.0017937668757671554 0)
(-0.0032866507394511565 -0.0017340346387666105 0)
(-0.0031980641682281463 -0.0016721211382392657 0)
(-0.003108659457369226 -0.0016081688646160479 0)
(-0.0030184692221431001 -0.0015422934688212485 0)
(-0.0029275219081373381 -0.0014745901213291457 3.5861328145778957e-26)
(-0.0028358424945902684 -0.001405138692619954 3.4502320672395514e-26)
(-2.0730361312291336e-06 0.0063462146704249042 0)
(-4.0518285488024721e-05 0.016231161446262594 0)
(-0.00012204572303804682 0.023578928337658199 0)
(-0.00024810165886718794 0.028680589572691196 0)
(-0.00041698003476471661 0.031842835666954949 1.1112251637515991e-24)
(-0.00062590933215324947 0.033379257343959315 1.0048114229806859e-24)
(-0.00087026035264469684 0.033599080412383783 0)
(-0.0011436902602170553 0.032795427500509816 0)
(-0.0014386915943815756 0.031235107734012127 0)
(-0.0017472130271326224 0.029151334914654246 0)
(-0.0020612499702414217 0.026739961309891695 0)
(-0.0023733421205716773 0.024159059618576489 0)
(-0.0026769352851463719 0.021531168433194588 0)
(-0.0029665956689583924 0.018947291179905405 0)
(-0.00323809019282184 0.01647176006358992 0)
(-0.0034883607910113283 0.014147251166647784 0)
(-0.0037154253465967388 0.011999468639621784 0)
(-0.003918235888048357 0.010041234648353223 0)
(-0.0040965189337784204 0.008275890617212428 2.3383077931014538e-25)
(-0.0042506159258986834 0.0067000253051038936 2.1181486778641748e-25)
(-0.0043813351836109963 0.0053056041905849421 0)
(-0.0044898215516440635 0.0040815970121171382 0)
(-0.0045774461279939607 0.0030152005116366675 0)
(-0.0046457159892444267 0.0020927426079358448 0)
(-0.0046962024055596839 0.0013003396182141185 0)
(-0.0047304853458157376 0.00062436372905684307 0)
(-0.0047501118559380821 5.1765442845656152e-05 0)
(-0.0047565659549768328 -0.00042971434953782077 0)
(-0.0047512479004419251 -0.00083141586345250541 0)
(-0.0047354609414492679 -0.0011636946862921868 0)
(-0.0047104039566250831 -0.0014359026124998973 0)
(-0.0046771686369170805 -0.0016564023812922096 0)
(-0.0046367401083901019 -0.0018326064019248672 0)
(-0.0045900000938132492 -0.0019710317185895276 0)
(-0.004537731884537639 -0.0020773651928259152 0)
(-0.0044806265386730668 -0.0021565342663963233 0)
(-0.0044192898415142783 -0.0022127797840845332 0)
(-0.004354249663246287 -0.002249728256755958 0)
(-0.0042859634305923875 -0.0022704616701971327 0)
(-0.0042148254962327972 -0.0022775835258324077 0)
(-0.0041411742450108849 -0.002273280260268858 0)
(-0.0040652988211984688 -0.0022593775520982295 0)
(-0.0039874453980595801 -0.0022373913034380798 0)
(-0.0039078229409622665 -0.0022085732945887212 0)
(-0.0038266084394136899 -0.0021739516650509994 0)
(-0.0037439516025186892 -0.0021343664833389404 0)
(-0.0036599790272260641 -0.0020905007403725245 0)
(-0.0035747978599635359 -0.0020429071443002662 0)
(-0.0034884989804259926 -0.001992031114796487 0)
(-0.0034011597418630653 -0.0019382303776213135 0)
(-0.003312846305651357 -0.0018817915500630813 0)
(-0.0032236156096274141 -0.0018229440885518542 -4.1175144010893764e-26)
(-0.0031335170099508233 -0.0017618719442982795 -3.963887913922086e-26)
(-0.0030425936354736708 -0.0016987232437235054 0)
(-0.0029508834919831539 -0.0016336182796223033 0)
(-0.0028584203514915672 -0.0015666560679103317 0)
(-0.0027652344591680045 -0.001497919694520098 0)
(-1.9722361697949012e-06 0.0063656153141642162 0)
(-3.9140072011628649e-05 0.016291462027150545 -4.8300157598101866e-25)
(-0.00011828114991344944 0.023681720910877155 -4.45156811137147e-25)
(-0.00024101116636184781 0.028826134027640771 0)
(-0.0004058723433963979 0.032029558766265759 1.1133970033972525e-24)
(-0.00061032356054436002 0.033603593280055147 1.0075473073352255e-24)
(-0.00084996526757753516 0.033855630167423968 0)
(-0.001118674854346553 0.033077367345390324 0)
(-0.0014091401387144266 0.031534745579107341 -2.4202565098314723e-25)
(-0.0017134686260510637 0.029460706673243808 -2.1565781717225261e-25)
(-0.0020237721279540151 0.027051375716136056 0)
(-0.0023326633855616876 0.024465530076189512 0)
(-0.0026336211166808738 0.021826703993963793 0)
(-0.0029212103385963923 0.01922704743769962 0)
(-0.0031911701194496122 0.016732070235470124 0)
(-0.0034403955123391856 0.014385567235788073 0)
(-0.0036668454917153162 0.012214243947674962 0)
(-0.0038694070427589609 0.01023177558318775 1.7444059403948002e-25)
(-0.0040477401180370621 0.008442198804058847 3.9366415547474005e-25)
(-0.0042021214384399298 0.0068426450483398821 2.1396081661922376e-25)
(-0.0043332987238711733 0.0054254840638667855 0)
(-0.0044423617341979348 0.0041799699788309143 0)
(-0.0045306327136469034 0.0030934838215391294 0)
(-0.0045995763437959225 0.0021524567548398608 0)
(-0.0046507278510228151 0.0013430445675476498 0)
(-0.0046856371878727125 0.00065161015360661913 8.554317252976494e-26)
(-0.004705826959044479 6.5058613628198329e-05 7.9690191743166022e-26)
(-0.0047127617980605181 -0.00042894024670836207 0)
(-0.0047078270885249742 -0.00084181498545276776 -3.4995029582183197e-26)
(-0.004692315175586043 -0.0011840200971953299 -3.2982301378229216e-26)
(-0.0046674174815438361 -0.001465011620345562 0)
(-0.0046342211967157106 -0.0016932578660559686 0)
(-0.004593709446433062 -0.0018762751356159928 0)
(-0.0045467640363256265 -0.0020206804911886019 0)
(-0.0044941700489275361 -0.0021322553998155648 0)
(-0.0044366217079579336 -0.0022160154818795623 0)
(-0.0043747290457121658 -0.0022762827343521634 -2.3654243179452523e-26)
(-0.0043090250073882326 -0.0023167575191395283 2.2743290146335535e-26)
(-0.0042399727072131872 -0.0023405883479401366 4.3786728911193957e-26)
(-0.0041679726178778815 -0.0023504380887963573 0)
(-0.0040933695295354896 -0.002348545691281791 -2.033943118413254e-26)
(-0.0040164591595242792 -0.0023367828978025917 -1.962045126202135e-26)
(-0.0039374943307021164 -0.0023167056951033443 0)
(-0.0038566906661646888 -0.0022896004773237041 -1.8269967671260008e-26)
(-0.0037742317722353328 -0.002256525052203051 -1.7629982970476423e-26)
(-0.0036902739008368478 -0.0022183447357982935 0)
(-0.0036049500974105562 -0.0021757638573322575 1.6405038450989867e-26)
(-0.0035183738520482444 -0.0021293530421740169 1.5815704806885177e-26)
(-0.0034306422799830114 -0.0020795726639529924 0)
(-0.00334183886351489 -0.00202679286190484 0)
(-0.0032520357912467651 -0.0019713105113229675 0)
(-0.0031612959325526728 -0.0019133635172375975 -5.4326783723313177e-26)
(-0.0030696744858315652 -0.0018531427772648745 -2.6100891999681221e-26)
(-0.0029772203386155978 -0.0017908021314475423 1.2529380279214297e-26)
(-0.0028839771762664453 -0.0017264665868047212 0)
(-0.0027899843740353454 -0.0016602390737214395 1.1517378408091451e-26)
(-0.0026952777048768264 -0.0015922059613506366 0)
(-1.8705005923065249e-06 0.0063843305737750133 0)
(-3.7762076555442489e-05 0.016349891975609553 9.6599516152699094e-25)
(-0.00011452449604291665 0.023781645909770471 2.2269544189044725e-24)
(-0.00023394154852702628 0.028968015902434856 1.2245715376260409e-24)
(-0.00039480024032602547 0.032212042173619927 0)
(-0.00059478566739348078 0.033823339846830336 -1.0101444457524593e-24)
(-0.00082972424244703044 0.034107465361466166 -9.1006689044044313e-25)
(-0.0010937111226218574 0.033354674530207372 0)
(-0.0013796284545543377 0.0318300096493472 -2.4324793778437622e-25)
(-0.0016797430625783867 0.029766101784143521 -2.1692395489076553e-25)
(-0.0019862847855179572 0.027359306416774837 0)
(-0.0022919417869280818 0.024769064083533021 0)
(-0.0025902284280567831 0.022119867618677035 0)
(-0.0028757112854337868 0.01950498307293571 0)
(-0.0031441040825415803 0.016991074877948834 0)
(-0.0033922571002705537 0.014623040894537011 0)
(-0.0036180720367409622 0.012428578664748145 0)
(-0.0038203719751505947 0.010422212379951119 1.7615146838802208e-25)
(-0.0039987509806385553 0.0086086738834505443 1.5902423135867021e-25)
(-0.0041534213205221757 0.0069856400881522949 0)
(-0.0042850700345871389 0.0055458896734461947 -1.9645205398342601e-25)
(-0.0043947314319661493 0.004278966904842257 -1.7928438253104636e-25)
(-0.0044836783116709881 0.003172443344872591 0)
(-0.004553332196628207 0.0022128597332552137 0)
(-0.0046051913804432722 0.0013864174693149519 0)
(-0.0046407748258245358 0.00067947592407288421 8.6308446519178685e-26)
(-0.0046615796737021391 7.8900096714538796e-05 -8.7591656557516122e-40)
(-0.0046690501316162449 -0.00042770650925642417 -7.5162559256644562e-26)
(-0.0046645556777899083 -0.00085185654234949497 -3.5277845006354568e-26)
(-0.0046493767540781604 -0.0012040996734625569 -3.3238342647482713e-26)
(-0.004624696379090935 -0.0014939929524293027 9.4277584850361959e-26)
(-0.004591596363225257 -0.0017301074967421158 2.9808098758900602e-26)
(-0.0045510570325560957 -0.001920061164956223 -5.6713697555868396e-26)
(-0.0045039595670983311 -0.0020705690946733728 0)
(-0.0044510902281497686 -0.0021875057685093189 0)
(-0.0043931458916379937 -0.0022759737084546436 0)
(-0.0043307404226953341 -0.0023403750605662152 -2.3772406503519089e-26)
(-0.0042644115244473545 -0.0023844832708943596 2.2845109042835687e-26)
(-0.0041946277744847214 -0.0024115128105041995 4.3957996223680071e-26)
(-0.0041217956286252475 -0.0024241855143387167 0)
(-0.0040462662258682466 -0.0024247925812651322 -2.0392610387600082e-26)
(-0.0039683418729699734 -0.002415251662146756 -7.8628592187886101e-26)
(-0.0038882821235117692 -0.0023971587568485772 -5.6856389179043906e-26)
(-0.0038063093960397981 -0.0023718348645872475 -1.8272836835127638e-26)
(-0.0037226140999061961 -0.0023403674975593543 -1.7615429227373161e-26)
(-0.0036373592567074719 -0.0023036472860261882 0)
(-0.0035506846204107502 -0.0022623999831010051 -3.2709118404598028e-26)
(-0.0034627103109789786 -0.0022172142271212158 -3.1493485821472269e-26)
(-0.0033735399850661676 -0.0021685654452478086 0)
(-0.0032832635736030659 -0.0021168362893575691 0)
(-0.0031919596202324946 -0.0020623339890060706 0)
(-0.0030996972569413191 -0.0020053049900753592 -1.3436087336460526e-26)
(-0.0030065378541958752 -0.0019459472248158473 1.2885237627722054e-26)
(-0.0029125363827091741 -0.0018844203318690129 1.2344511843276829e-26)
(-0.0028177425229063847 -0.0018208541155082675 0)
(-0.0027222015564343539 -0.0017553555032919458 1.1293262861638249e-26)
(-0.0026259550718733303 -0.001688014231732619 0)
(-1.7673598398913935e-06 0.0064023592978446203 0)
(-3.6380365819815562e-05 0.016406453866356276 1.4488542489854413e-24)
(-0.00011076705248991425 0.023878711284064748 2.6734778309636711e-24)
(-0.00022687917289742379 0.029106246839546483 1.2258214696804034e-24)
(-0.00038374595079620789 0.032390297747151603 0)
(-0.00057927496786073021 0.034038505317071109 -1.0125983189417047e-24)
(-0.0008095150584099916 0.034354587610490296 -1.2173250850097552e-24)
(-0.0010687766370630599 0.033627342234111963 -2.7320701819579332e-25)
(-0.0013501350603456655 0.032120884339698411 0)
(-0.0016460167292462328 0.030067496787879466 0)
(-0.0019487708943956414 0.027663723980495637 0)
(-0.0022511632912012164 0.025069628688976137 0)
(-0.0025467464595273323 0.022410625491788051 0)
(-0.0028300911238585574 0.019781065971376289 0)
(-0.0030968880534851095 0.017248745843959322 0)
(-0.0033439447863167519 0.014859649807905181 0)
(-0.003569107329112461 0.012642457642661951 0)
(-0.0037711359830189528 0.010612537985413339 0)
(-0.0039495596021617641 0.0087753173756671167 0)
(-0.0041045262792112997 0.0071290206218001216 0)
(-0.0042366623122631506 0.005666839682506232 -1.9835517738199907e-25)
(-0.0043469462166264494 0.0043786144532621009 -1.8100558127896065e-25)
(-0.0044366007774023324 0.0032521130787029101 0)
(-0.0045070036151666762 0.002273992057270996 0)
(-0.0045596152168657601 0.0014305044298168037 0)
(-0.0045959225907513382 0.00070801174401523227 0)
(-0.0046173963934247747 9.3344160875545395e-05 -8.1074345470165533e-26)
(-0.0046254593606200739 -0.00042595634357825635 -7.579044204017896e-26)
(-0.0046214640213669061 -0.00086148223853900398 0)
(-0.0046066778963726272 -0.0012238746011738019 0)
(-0.004582274629217651 -0.0015227882025817222 6.3320967602378099e-26)
(-0.0045493297429654708 -0.0017668941282968772 7.7764311599991442e-40)
(-0.0045088199349853364 -0.0019639093750039214 -5.7098907998662042e-26)
(-0.0044616250188638648 -0.0021206451205208936 0)
(-0.0044085317898641422 -0.0022430671752894107 0)
(-0.0043502392315802971 -0.0023363635859007669 0)
(-0.0042873645990497049 -0.0024050155448670099 -2.389440354501984e-26)
(-0.0042204500107984521 -0.0024528687186952227 -2.2950695017154661e-26)
(-0.0041499692622788062 -0.0024832028790820839 0)
(-0.0040763346388156107 -0.0024987983420157399 0)
(-0.0039999035600235544 -0.0025019982129496029 -2.0448996051242444e-26)
(-0.00392098493178588 -0.0024947658246012496 -9.8483773113676335e-26)
(-0.0038398451180068106 -0.0024787370553565591 -7.5898550169516827e-26)
(-0.0037567134738319811 -0.0024552674459016981 0)
(-0.0036717874059640381 -0.0024254742023917574 0)
(-0.0035852369449556666 -0.0023902732970822972 0)
(-0.0034972088296450357 -0.0023504119611434927 -4.8914656103067736e-26)
(-0.0034078301157932298 -0.0023064969171902776 -4.7034242736332469e-26)
(-0.0033172113299835232 -0.0022590187275299601 0)
(-0.003225449196378999 -0.0022083726438442805 0)
(-0.0031326289683887595 -0.0021548763396572451 0)
(-0.0030388264000048046 -0.0020987848923662172 -1.3288688587450696e-26)
(-0.0029441093928493562 -0.0020403033599992919 -1.271773303491992e-26)
(-0.0028485393550930584 -0.001979597271762243 -1.2156860746770736e-26)
(-0.0027521723076148539 -0.0019168013228766075 -1.1606079224482854e-26)
(-0.0026550597712910184 -0.0018520265347472843 0)
(-0.0025572494673150115 -0.0017853661123142278 0)
(-1.6622789608409736e-06 0.0064196981576117515 0)
(-3.4990388240565695e-05 0.016461145700006126 0)
(-0.00010699864372124376 0.023972919613751004 0)
(-0.0002198079479705569 0.029240833452825944 0)
(-0.00037268824629711094 0.03256433335090568 0)
(-0.00056376641630605467 0.034249095336570945 0)
(-0.00078931037210508523 0.034596997340227073 -3.0525906604247368e-25)
(-0.0010438432547544764 0.033895363780065427 -2.7425937769467393e-25)
(-0.0013206323522138067 0.032407355322102135 0)
(-0.0016122636667930638 0.030364870391819739 0)
(-0.0019112069877328032 0.027964601786012191 0)
(-0.0022103075224224407 0.025367194168967662 0)
(-0.0025031583040249611 0.022698947254122057 0)
(-0.0027843366123453763 0.020055267554535877 0)
(-0.0030495125137369483 0.017505058493176281 0)
(-0.00329545273327931 0.015095375046772967 0)
(-0.0035199491074171109 0.012855868996971833 0)
(-0.0037217002400124232 0.010802748450664109 0)
(-0.0039001704374605553 0.0089421337461228264 0)
(-0.0040554438992523286 0.0072727996443686478 0)
(-0.004188086132787143 0.005788355423227946 0)
(-0.0042990195342597817 0.0044789418482846883 0)
(-0.0043894163252689205 0.0033325294932839877 0)
(-0.0044606094976384798 0.0023358966428483666 0)
(-0.0045140208709096774 0.0014753538972126974 0)
(-0.0045511045416569097 0.00073727060364110351 0)
(-0.0045733036623171203 0.00010844730399175931 0)
(-0.0045820184442785647 -0.00042363079362351563 0)
(-0.0045785834098000791 -0.00087063169878975357 0)
(-0.0045642521205703354 -0.0012432840916125109 0)
(-0.0045401878481209417 -0.0015513371215033088 -3.1899486560275902e-26)
(-0.0045074588907344677 -0.0018035589345966518 -3.0238376576104286e-26)
(-0.0044670374546734335 -0.0020077631643587186 0)
(-0.0044198012118802209 -0.0021708549016414371 0)
(-0.0043665368123913329 -0.002298889498502999 0)
(-0.0043079447699190393 -0.0023971390472395135 0)
(-0.0042446452560863674 -0.0024701625816781264 -2.4021625109693841e-26)
(-0.00417718443556699 -0.0025218770244299802 -2.3061401897396816e-26)
(-0.0041060410539367868 -0.0025556266923426486 0)
(-0.0040316330552653407 -0.0025742498054324259 0)
(-0.0039543240598859785 -0.0025801409487094581 -2.0509805954569587e-26)
(-0.0038744295765039223 -0.0025753088335324411 -3.948087039820263e-26)
(-0.0037922228585727906 -0.0025614290138379881 -1.9000817020490394e-26)
(-0.0037079403440839014 -0.0025398914482760884 0)
(-0.0036217866416760197 -0.002511842975026996 0)
(-0.00353393904516332 -0.0024782248929623128 0)
(-0.0034445515738978517 -0.0024398059302380027 0)
(-0.0033537585484019234 -0.0023972109373188214 0)
(-0.0032616777199050038 -0.0023509456725495197 0)
(-0.003168412979208713 -0.0023014180603549714 0)
(-0.0030740566750443155 -0.0022489562996856503 0)
(-0.0029786915751031256 -0.0021938241873362008 -1.3139978480203638e-26)
(-0.0028823925045017651 -0.0021362340004501051 -1.2548337566894035e-26)
(-0.0027852276968559548 -0.0020763572574671357 -1.1966759964888802e-26)
(-0.002687259892614422 -0.0020143336490248539 -1.1395329022876003e-26)
(-0.0025885472180583839 -0.0019502784014776146 0)
(-0.0024891438765888355 -0.001884288306953022 0)
(-1.5546530822351749e-06 0.0064363413202150836 0)
(-3.3586928961329668e-05 0.016513960159026907 0)
(-0.00010320751689384301 0.024064267142737406 0)
(-0.00021270912983278618 0.029371776290085295 -4.0929001804066671e-25)
(-0.00036160215968091008 0.032734151857042322 -3.7354481109859509e-25)
(-0.00054823022671961707 0.03445511204127278 -3.3901785142166053e-25)
(-0.00076907724282249232 0.034834693063861846 -3.0613707189497535e-25)
(-0.001018876557096498 0.034158732094852338 0)
(-0.0012910859638570948 0.032689409191395354 0)
(-0.0015784508556749919 0.030658203292790696 0)
(-0.0018735624160566284 0.028261916003993946 -1.9680498061755451e-25)
(-0.0021693469553872593 0.025661734147509371 -1.7554764348259289e-25)
(-0.0024594400713936425 0.022984806236592194 0)
(-0.0027384278016415577 0.020327563104818452 0)
(-0.0030019615990363965 0.017759992087513308 0)
(-0.0032467691864115538 0.015330201535156593 0)
(-0.0034705896691378888 0.013068804590169746 0)
(-0.0036720609882905943 0.010992843437173298 0)
(-0.0038505835402964038 0.0091091309237786855 0)
(-0.0040061779055730008 0.0074169934713036231 0)
(-0.0041393487566591643 0.0059104614171523748 0)
(-0.0042509620572429713 0.0045799813886588997 0)
(-0.0043421389304917025 0.0034137320351447981 0)
(-0.0044141670270395434 0.0023986192979201485 0)
(-0.0044684286488867577 0.0015210171365870665 0)
(-0.0045063440290948331 0.0007673082380736197 0)
(-0.0045293277948902678 0.00012426869305699924 -4.1238649392800451e-26)
(-0.0045387565723330305 -0.00042066832055438676 -3.8533639677646171e-26)
(-0.0045359458037684836 -0.00087924206919000932 0)
(-0.0045221340318318121 -0.0012622650054623565 0)
(-0.0044984731311030783 -0.0015795772663081225 0)
(-0.0044660232051838842 -0.0018400410855524039 3.0462163293876555e-26)
(-0.0044257510713238031 -0.0020515641521136373 2.8951085495212867e-26)
(-0.0043785314476192522 -0.0022211432514519431 0)
(-0.0043251501227877416 -0.0023549213918154324 0)
(-0.0042663085277857577 -0.0024582531283068561 0)
(-0.0042026292450944337 -0.002535774025118365 0)
(-0.0041346620879349821 -0.0025914711916678662 0)
(-0.0040628904608956025 -0.0026287526326970873 0)
(-0.0039877377782976753 -0.0026505137985221036 0)
(-0.003909573769634387 -0.0026592002365141967 0)
(-0.0038287205447307083 -0.0026568656509178348 0)
(-0.0037454583266728334 -0.0026452249940427512 0)
(-0.0036600307894636623 -0.0026257024535119677 0)
(-0.0035726499609063196 -0.0025994743809514636 0)
(-0.003483500670289475 -0.00256750733856274 0)
(-0.003392744535748483 -0.0025305915309795702 0)
(-0.0033005234982699787 -0.0024893699487370264 0)
(-0.0032069629186595714 -0.002444363583376147 0)
(-0.003112174260795774 -0.0023959930883785275 0)
(-0.003016257389490724 -0.0023445972595294946 0)
(-0.0029193025145741332 -0.0022904486968930199 0)
(-0.0028213918146857563 -0.0022337669915703648 0)
(-0.0027226007749535418 -0.0021747297564165629 0)
(-0.0026229992724729539 -0.0021134817929852291 0)
(-0.0025226524424919023 -0.0020501426587706886 0)
(-0.0024216213566241626 -0.0019848128705469885 0)
(-1.4438026440622215e-06 0.0064522800984899379 0)
(-3.2164062290861053e-05 0.016564883807959573 -9.6507699306013198e-25)
(-9.9380224982132927e-05 0.024152742735761783 -8.9170407853663078e-25)
(-0.00020556111821875905 0.029499068706394859 -4.0955106943188748e-25)
(-0.00035045868503718675 0.0328997500526792 -3.7401644968335693e-25)
(-0.00053263147322264216 0.034656553078158923 -3.3968028856470394e-25)
(-0.00074877663512086588 0.035067670566912242 -3.0696298511290973e-25)
(-0.00099383525996644918 0.034417439083274506 2.7622159102472518e-25)
(-0.001261454092900135 0.032967033035247048 2.4771861401277148e-25)
(-0.0015445374697053984 0.030947477935565963 0)
(-0.001835798540934228 0.028555645527947624 -1.9794484665171098e-25)
(-0.0021282460629145775 0.025953225678130836 -1.7668654372866721e-25)
(-0.0024155600030250708 0.023268179669803581 0)
(-0.0026923371301222844 0.020597932079272283 0)
(-0.0029542121880052766 0.018013530186967788 0)
(-0.0031978755666853946 0.015564118508349824 0)
(-0.003421014978758278 0.013281260535001695 1.0148847732158197e-25)
(-0.0036222086703454927 0.011182826750924215 1.8280197010329465e-25)
(-0.0038007937264983179 0.0092763208543696525 8.2554526984978784e-26)
(-0.0039567273642378484 0.0075616223013959425 0)
(-0.0040904533731454589 0.0060331859406451945 0)
(-0.0042027809760839321 0.0046817690100537405 0)
(-0.0042947796722806256 0.003495763682098172 -5.6826268692235864e-26)
(-0.0043676910687058049 0.0024622092667202855 -5.2247760652756929e-26)
(-0.0044228571072005068 0.0015675487608727454 0)
(-0.0044616632081261693 0.00079818364262396733 0)
(-0.0044854944484197497 0.00014087066214206137 -4.1597030129107714e-26)
(-0.0044957027975095383 -0.00041700432423118217 -3.8861452476821535e-26)
(-0.004493583527137128 -0.0008872475601291801 0)
(-0.00448035907563796 -0.00128075141981368 0)
(-0.0044571688649305066 -0.0016074435942706642 0)
(-0.0044250637986019458 -0.0018762773704059565 3.0693928156819132e-26)
(-0.0043850043683348189 -0.0020952518335549432 0)
(-0.0043378614860035388 -0.0022714531547979745 -2.7779514716505841e-26)
(-0.004284419322922714 -0.0024111100130257781 0)
(-0.0042253795762331684 -0.0025196577368673716 2.5364860033017349e-26)
(-0.0041613666986354504 -0.0026018070004400749 2.4297708371708921e-26)
(-0.0040929337239208738 -0.0026616139209687402 0)
(-0.0040205683997449077 -0.002702549226467572 -2.2371431863772597e-26)
(-0.0039446994036398545 -0.0027275648209477738 -2.1489650434813434e-26)
(-0.0038657024709118034 -0.0027391566002869477 0)
(-0.0037839063059934282 -0.0027394227867270924 0)
(-0.0036995981838416651 -0.0027301173730820845 0)
(-0.003613029176540977 -0.0027126985152692682 -1.8316838230583623e-26)
(-0.0035244189635560306 -0.0026883718973549431 -1.7584807075879204e-26)
(-0.0034339602029785149 -0.0026581292284289511 1.6869774338794946e-26)
(-0.0033418224563403118 -0.0026227821250221182 1.61693712543358e-26)
(-0.0032481556716801099 -0.0025829916946344851 -1.5481826357567138e-26)
(-0.0031530932390074072 -0.0025392941721440335 -1.480586930827747e-26)
(-0.0030567546394835968 -0.0024921229771850324 0)
(-0.0029592477148590785 -0.0024418275618231177 0)
(-0.0028606705872543906 -0.0023886894079931916 0)
(-0.0027611132615088293 -0.0023329355164547526 -1.2205540246482431e-26)
(-0.0026606589432773857 -0.0022747497060914982 -2.3161113933017284e-26)
(-0.0025593851060472309 -0.0022142820163398558 0)
(-0.0024573643394629544 -0.0021516564780031671 1.0361969821025758e-26)
(-0.0023546650099679342 -0.0020869774899474171 -9.7690856258957404e-27)
(-1.3289683982233734e-06 0.0064675025760224502 0)
(-3.0715101510100781e-05 0.016613896234753883 -1.929200285172965e-24)
(-9.5501503279734259e-05 0.024238326754288095 -1.7833417447179047e-24)
(-0.00019833924104362805 0.029622695643267003 0)
(-0.00033922446077171874 0.033061117446380156 0)
(-0.0005169296684438496 0.034853410524913746 -6.8057102463483186e-25)
(-0.00072836289405947747 0.035295921994396094 -6.1546819054942332e-25)
(-0.00096867059134815754 0.034671474911754922 2.7712703556508422e-25)
(-0.001231686789703109 0.033240213923466336 2.4872391810133655e-25)
(-0.0015104740872957335 0.03123267820274972 0)
(-0.0017978678815801716 0.028845771849788801 0)
(-0.0020869604116783469 0.026241649284392453 0)
(-0.0023714775310077979 0.023549048865933859 0)
(-0.0026460284600172308 0.020866358408780986 0)
(-0.0029062329284478801 0.018265661043118313 0)
(-0.0031487454991056831 0.015797119979772924 0)
(-0.0033712037088155923 0.013493237716285541 1.023663534853681e-25)
(-0.0035721269922473361 0.01137270690357233 1.84427192197365e-25)
(-0.0037507896676105034 0.0094437200879749095 8.3302609820525483e-26)
(-0.0039070858135455896 0.0077067108203233443 0)
(-0.0040413982748262233 0.0061565616361571335 0)
(-0.0041544792225080545 0.0047843448976241671 0)
(-0.0042473460097843148 0.003578671552172087 -5.7349068961796954e-26)
(-0.0043211935027979171 0.0025267198313139653 -5.2725038803861577e-26)
(-0.0043773224442926091 0.0016150073223844517 0)
(-0.0044170824915579334 0.00082995965276904098 0)
(-0.0044418281390596528 0.00015831927748919937 0)
(-0.0044528856158753908 -0.00041257059887589529 0)
(-0.0044515289122381077 -0.00089457892561312807 0)
(-0.0044389632481589046 -0.0012986741329159021 0)
(-0.0044163145024387254 -0.0016348679957919512 0)
(-0.0043846233341869626 -0.0019122017622276791 0)
(-0.0043448429305073723 -0.0021387631796603917 -2.9385570622407488e-26)
(-0.0042978395006258233 -0.0023217254058982739 -2.7983428189062502e-26)
(-0.0042443947986038977 -0.0024674007037340717 0)
(-0.0041852100950161668 -0.002581303376965972 2.553395363934122e-26)
(-0.0041209111341505619 -0.0026682176755782987 -2.4449771137662228e-26)
(-0.004052053709488474 -0.002732267430578951 -4.6877985519565732e-26)
(-0.0039791295691172027 -0.0027769850150242731 -2.2489176510575817e-26)
(-0.0039025724270871391 -0.0028053779002552631 -2.1589804705764594e-26)
(-0.0038227639090848342 -0.0028199916128924377 0)
(-0.0037400393033621988 -0.0028229683217975005 -3.9817221175531817e-26)
(-0.0036546930224994763 -0.0028161006144937109 -3.8226883367161701e-26)
(-0.00356698370979166 -0.0028008802759108323 -1.8341668000748441e-26)
(-0.0034771389470283627 -0.0027785420726885116 -1.7589390073240474e-26)
(-0.0033853595391168125 -0.0027501026853768477 -1.6853554836256067e-26)
(-0.0032918233660962884 -0.0027163950286137268 -1.6131832138158658e-26)
(-0.0031966888051737277 -0.002678098264049719 -1.5422504251367992e-26)
(-0.0031000977349198398 -0.0026357638494225004 -1.472436731452363e-26)
(-0.0030021781410671197 -0.0025898379855870753 0)
(-0.0029030463487536278 -0.0025406808263371055 0)
(-0.0028028089098267174 -0.0024885828075191297 0)
(-0.0027015641761994674 -0.0024337784355200078 -1.2032999801069202e-26)
(-0.0025994035914568285 -0.0023764578533553887 -2.2770281903355133e-26)
(-0.0024964127331391461 -0.0023167764774216022 0)
(-0.002392672137569633 -0.0022548629711431488 1.0121348632070304e-26)
(-0.0022882579379053538 -0.0021908257945263093 -9.5063294546270095e-27)
(-1.2093061838872563e-06 0.0064819932061233182 0)
(-2.9232545955103545e-05 0.016660969129860488 -9.640106656291699e-25)
(-9.1554138930700709e-05 0.024320989846717864 -8.915183286295797e-25)
(-0.000191015526601693 0.029742632308355853 0)
(-0.00032786143449391978 0.033218234968682023 0)
(-0.00050107831772254724 0.035045669702727766 -6.816601432739808e-25)
(-0.00070778319030883447 0.035519434834753325 -6.1689447146308293e-25)
(-0.00094332563301729338 0.034920827195956232 0)
(-0.0012017252045652522 0.033508938311453004 0)
(-0.0014762018556188149 0.031513789031023101 0)
(-0.0017597132091480441 0.029132278875324515 0)
(-0.0020454357007765821 0.026526988954453313 0)
(-0.0023271422754264711 0.023827399368811279 0)
(-0.0025994560476271058 0.02113283077906038 0)
(-0.0028579831939675691 0.018516377987147753 0)
(-0.003099343768204128 0.016029205213947274 0)
(-0.0033211262055695967 0.013704742329222298 0)
(-0.0035217919095390212 0.011562497699213794 0)
(-0.0037005529058339475 0.0096113504001136135 0)
(-0.0038572403156805213 0.0078522888445226643 0)
(-0.0039921759525630724 0.0062806261696112904 0)
(-0.0041060546134041422 0.0048877541495742395 0)
(-0.0041998409797869398 0.0036625075675469627 0)
(-0.004274682479414052 0.0025922089712637421 0)
(-0.0043318378156974929 0.0016634559640004716 0)
(-0.0043726199291683537 0.00086270358197014963 0)
(-0.0043983516917484918 0.00017668495864765879 0)
(-0.0044103324884561083 -0.00040729472741085669 0)
(-0.0044098138902191938 -0.00090116287695752131 0)
(-0.0043979827551328824 -0.0013159601024400173 0)
(-0.0043759502905033046 -0.0016617787615722448 0)
(-0.0043447458222582057 -0.0019477449182441534 0)
(-0.0043053142065014698 -0.0021820321749011929 0)
(-0.004258516004566718 -0.0023718981878674177 0)
(-0.0042051297050441057 -0.0025237366146014712 0)
(-0.0041458554132218607 -0.0026431388235590683 0)
(-0.0040813195445715128 -0.0027349609882547344 -4.922694558536474e-26)
(-0.0040120801553583793 -0.002803393238447353 -4.7170742014195808e-26)
(-0.0039386326224346299 -0.0028520283933857618 0)
(-0.003861415448561909 -0.002883928487889906 0)
(-0.0037808160217679032 -0.0029016878495204145 4.1648502434752861e-26)
(-0.003697176199504818 -0.0029074919176430587 -1.4631586222567835e-39)
(-0.0036107976226497558 -0.0029031713326641354 -3.8333469722218247e-26)
(-0.0035219466922263437 -0.002890251082899347 0)
(-0.0034308591643697904 -0.0028699946916391729 0)
(-0.00333774433746675 -0.0028434435699748045 -3.3687487027604095e-26)
(-0.0032427888203158338 -0.0028114517619398489 -3.2199621045804041e-26)
(-0.0031461598821441845 -0.0027747163759597698 0)
(-0.0030480083948225493 -0.0027338040375793119 0)
(-0.0029484713849995429 -0.0026891737188592339 0)
(-0.002847674219417444 -0.0026411963046022802 0)
(-0.0027457324506280165 -0.0025901712487284598 0)
(-0.0026427533529190701 -0.0025363406589726792 0)
(-0.0025388371796925074 -0.0024799011272976998 0)
(-0.002434078173988915 -0.0024210135991380223 0)
(-0.0023285653635028089 -0.0023598115484783455 0)
(-0.0022223831704332783 -0.0022964076991137147 0)
(-1.0838815029935116e-06 0.0064957323833832866 0)
(-2.7708025383005579e-05 0.016706065299576744 0)
(-8.7518833311376525e-05 0.024400691647946122 0)
(-0.00018355846283367853 0.029858842749881549 0)
(-0.00031632650854457577 0.033371073560362396 0)
(-0.00048502444732529846 0.035233307875896798 0)
(-0.00068697693259103429 0.035738190794272026 0)
(-0.00091773462299067794 0.035165480086315135 0)
(-0.0011715007892954938 0.033773191351879311 0)
(-0.0014416516029483882 0.031790795948069397 0)
(-0.0017212665832592258 0.029415152674238099 4.022773178739028e-25)
(-0.002003606736908792 0.026809232084632529 3.5982206433296558e-25)
(-0.0022824929730166379 0.024103221067521659 0)
(-0.0025525634400845377 0.021397342889259468 0)
(-0.0028094119628187474 0.018765679808711026 0)
(-0.0030496251920124171 0.016260379202479323 0)
(-0.0032707433699870384 0.013915786431681515 0)
(-0.0034711705259076499 0.011752218844867275 0)
(-0.0036500567798581447 0.0097792394451118418 0)
(-0.0038071704180521015 0.0079983920048028265 0)
(-0.0039427720996882947 0.0064054229340305517 0)
(-0.0040574989043201592 0.0049920474926327353 0)
(-0.0041522623051922251 0.0037473291754417781 0)
(-0.0042281615874153128 0.0026587400848307281 0)
(-0.0042864125689247709 0.0017129631360428606 0)
(-0.0043282905113367787 0.00089648792902686245 0)
(-0.0043550856095826247 0.00019604317243230763 0)
(-0.0043680692796523105 -0.00040109940234743513 0)
(-0.0043684695062835982 -0.00090692142327613028 0)
(-0.0043574536047422214 -0.0013325318108628088 0)
(-0.0043361169390356219 -0.0016880999777997875 0)
(-0.0043054763640543604 -0.0019828336097981363 0)
(-0.0042664673254987507 -0.002224989287123968 0)
(-0.0042199437370411264 -0.002421906587646233 0)
(-0.0041666799196769105 -0.002580058270203515 0)
(-0.0041073740235485611 -0.002705110741718298 0)
(-0.0040426524685369175 -0.0028019903233379019 0)
(-0.0039730750369179032 -0.0028749519007741416 0)
(-0.0038991403306791639 -0.0029276474120940145 0)
(-0.0038212913704647501 -0.0029631923255554926 0)
(-0.0037399211651845026 -0.0029842288186592895 4.1856291379991239e-26)
(-0.003655378123354472 -0.0029929848111366212 4.0131513585824979e-26)
(-0.0035679712111735249 -0.0029913283492995837 0)
(-0.0034779747898053292 -0.0029808171041784677 0)
(-0.0033856330866124012 -0.00296274294566305 3.5243276026871272e-26)
(-0.0032911642731810772 -0.0029381717016911842 3.3683111603220506e-26)
(-0.0031947641376504992 -0.0029079783156826335 0)
(-0.0030966093506960063 -0.0028728776855083734 0)
(-0.0029968603339619419 -0.0028334515105247877 0)
(-0.0028956637471382225 -0.0027901714955663624 0)
(-0.0027931546155072198 -0.0027434192672402672 0)
(-0.0026894581238876844 -0.0026935033524786646 0)
(-0.0025846911056747494 -0.0026406735554088769 0)
(-0.0024789632573047095 -0.0025851330488848453 2.198290208031961e-26)
(-0.0023723781091305931 -0.0025270484736395226 2.0611819633284027e-26)
(-0.0022650337835390926 -0.0024665583126398933 0)
(-0.0021570235703173585 -0.002403779782158005 0)
(-9.5166393128652102e-07 0.0065086959865119217 0)
(-2.6132241712182052e-05 0.01674913761007004 0)
(-8.337405722996452e-05 0.024477379382977244 0)
(-0.00017593274345428369 0.029971278319416594 0)
(-0.00030457116542719967 0.033519592641586451 0)
(-0.00046870810512728809 0.035416292831194872 3.4172063903760161e-25)
(-0.0006658751451710821 0.035952164555017464 -3.0968433406676944e-25)
(-0.00089182221567467778 0.035405413244619544 -5.5901063924459588e-25)
(-0.0011409344492656908 0.034032956107916984 -2.5143254868889368e-25)
(-0.00140674289446286 0.032063684523726446 -2.2561863754120584e-25)
(-0.0016824483252322316 0.029694381158413705 4.0424325242891718e-25)
(-0.0019613963398063395 0.027088369366151898 3.6183408836721747e-25)
(-0.002237456330007697 0.024376508268149241 0)
(-0.0025052822906887298 0.021659893683248742 0)
(-0.0027604566102299782 0.019013571121265196 0)
(-0.0029995334049678583 0.016490653139252309 0)
(-0.0032200054437271208 0.014126388507277007 0)
(-0.0034202198935659126 0.011941896582130062 0)
(-0.0035992652497772474 0.0099474214398667764 0)
(-0.00375684701177382 0.0081450624684959987 7.7547569832918815e-26)
(-0.0038931645120495583 0.0065310017988563012 7.0529922478587848e-26)
(-0.004008796738094466 0.0050972820494628313 0)
(-0.0041046013983113789 0.003833200126179181 -1.1791014334702199e-25)
(-0.0041816289178202015 0.002726382771069044 -1.0840499497690427e-25)
(-0.0042410513724651846 0.0017636033761677667 5.0027064441151022e-26)
(-0.0042841053696154119 0.00093139115247281112 4.6355704261944214e-26)
(-0.0043120473501525331 0.00021647520086428066 0)
(-0.0043261196118384703 -0.00039390167356754494 0)
(-0.0043275253540983622 -0.0009117711368853825 -3.7751102674518436e-26)
(-0.0043174111227017638 -0.0013483065533784243 0)
(-0.0042968552174534342 -0.0017137508433125953 3.3521552720230921e-26)
(-0.0042668608294176074 -0.0020173900753026512 0)
(-0.0042283528547450806 -0.0022675608626353694 -3.0130815689867213e-26)
(-0.0041821774981904156 -0.0024716820394173377 -2.8674308076655516e-26)
(-0.0041291039504214493 -0.0026363030666682599 2.7344156619754497e-26)
(-0.0040698275591928065 -0.0027671632438597605 2.6119742377022677e-26)
(-0.0040049740300722178 -0.0028692571343092665 4.9966586671231869e-26)
(-0.0039351042900033365 -0.0029469027014616513 2.3919589890066017e-26)
(-0.0038607197268681415 -0.0030038095373585831 0)
(-0.0037822675828795768 -0.0030431452776217408 2.1960694418014488e-26)
(-0.003700146331760093 -0.0030675988671423561 0)
(-0.003614710911553473 -0.0030794397913638787 -4.0325089092738677e-26)
(-0.0035262777185740973 -0.0030805727400782319 -5.7917242771877705e-26)
(-0.0034351292950972421 -0.0030725874414986184 0)
(-0.0033415186652855336 -0.0030568036088380519 5.295603821408436e-26)
(-0.003245673291579793 -0.0030343110922217385 3.3696574385304771e-26)
(-0.0031477986381592913 -0.0030060054359997011 0)
(-0.0030480813396985195 -0.0029726191141873546 -1.5276211652109103e-26)
(-0.0029466919829658753 -0.0029347487621732694 0)
(-0.0028437875161691261 -0.0028928787470619494 0)
(-0.0027395133066206779 -0.0028474014270849727 -1.2991845222071541e-26)
(-0.0026340048714922986 -0.0027986344465309901 0)
(-0.0025273893093420196 -0.0027468353999671774 -1.1516296018098058e-26)
(-0.0024197864618931606 -0.0026922141808585552 2.1587833211989149e-26)
(-0.0023113098363813623 -0.0026349433071982905 2.0165416330219931e-26)
(-0.0022020673188057334 -0.002575166492130397 9.3834547320962827e-27)
(-0.0020921617077613564 -0.0025130057020843035 1.7393948649178048e-26)
(-8.1152142515113152e-07 0.0065208548912770448 0)
(-2.449490840474703e-05 0.01679012785856487 0)
(-7.9095899260618119e-05 0.024550986369153996 0)
(-0.00016809900097311268 0.030079876016221627 4.0990461675227233e-25)
(-0.00029254107270515218 0.033663738454617211 3.7541890789597887e-25)
(-0.00045206183272971311 0.035594581329318357 6.8411361928451021e-25)
(-0.00064439980858381398 0.03616132240846897 -3.1019917374115163e-25)
(-0.00086550269702387707 0.035640600703906178 -8.4051774587855646e-25)
(-0.0011099356423429872 0.034288212660446918 -5.0444353772256343e-25)
(-0.0013713830269668518 0.032332439728026519 -4.529955710198159e-25)
(-0.0016431659225042924 0.029969953681545383 0)
(-0.0019187141714353314 0.027364394608356643 1.8188534443915212e-25)
(-0.0021919457916970654 0.024647259717366931 1.6289015661876303e-25)
(-0.0024575310843787642 0.02192048754779706 0)
(-0.0027110416047868313 0.019260062708606439 0)
(-0.0029489995393703564 0.016720044890161833 0)
(-0.0031688506887888605 0.014336574035202294 0)
(-0.0033688857030708019 0.012131564336649628 0)
(-0.0035481316079355243 0.010115937875359698 8.6279039943435641e-26)
(-0.0037062310733482172 0.0082923496982615537 1.5648033279025931e-25)
(-0.0038433218694328627 0.0066574199039226446 2.1351972117756764e-25)
(-0.0039599244742078883 0.0052035221579159584 1.2992720698774261e-25)
(-0.0040568422461523899 0.0039201913094362136 -1.1901700896105972e-25)
(-0.0041350760132789453 0.0027952136761047416 -1.6414823611456897e-25)
(-0.0041957532352628717 0.0018154581617825991 2.5811977442289034e-56)
(-0.0042400708657625097 0.00096749852970640549 -1.3702748475815926e-56)
(-0.0042692504881233764 0.00023806900200126012 -4.3537793812236592e-26)
(-0.0042845041067685182 -0.00038561210405989527 4.0659680131414208e-26)
(-0.004287008899942722 -0.00091562233085314571 3.8113908696499116e-26)
(-0.0042778893656274805 -0.0013631956393923611 7.1709164539116477e-26)
(-0.0042582054583994123 -0.0017386449007581399 1.0152318216665129e-25)
(-0.0042289454499199013 -0.0020513312883646928 6.4074937730399762e-26)
(-0.00419102248055187 -0.0023096684386886583 0)
(-0.0041452739154567179 -0.0025211516887219945 2.8937769511027362e-26)
(-0.0040924627837128072 -0.0026924046944047956 5.5179851041632376e-26)
(-0.0040332807186046716 -0.0028292373775206797 4.3877940867027004e-40)
(-0.0039683519339990805 -0.0029367105017194472 5.0386903925053343e-26)
(-0.0038982378698680198 -0.003019203285856433 2.4111388444706915e-26)
(-0.0038234422206141921 -0.0030804813634935329 0)
(-0.0037444161250688489 -0.0031237631243467789 2.2113843716551942e-26)
(-0.0036615633494067202 -0.0031517830548607184 -2.1178129713642713e-26)
(-0.0035752453361019604 -0.0031668511551290871 -6.0821440289039976e-26)
(-0.0034857860254961784 -0.0031709078688803996 -3.8789494004921166e-26)
(-0.0033934763833110043 -0.0031655742400050731 3.7072061171412914e-26)
(-0.0032985785889316712 -0.0031521972182531849 5.3081546422751834e-26)
(-0.003201329856623854 -0.003131890191068886 3.3730644069358131e-26)
(-0.0031019458758690323 -0.0031055689287837925 1.6048371535813329e-26)
(-0.0030006238683438964 -0.0030739832055387472 -3.0483195276112163e-26)
(-0.0028975452681929939 -0.0030377444057984836 1.4444169974549768e-26)
(-0.0027928780394961511 -0.0029973494523346375 1.3655728941916302e-26)
(-0.0026867786504746484 -0.002953201401160936 -1.794378635105787e-39)
(-0.0025793937282194263 -0.0029056270462708383 1.2106202606835001e-26)
(-0.0024708614207322533 -0.0028548918655272584 -3.4038015599719835e-26)
(-0.002361312494997317 -0.0028012126214170402 0)
(-0.0022508712007847922 -0.0027447679087706988 0)
(-0.0021396559300600818 -0.0026857069176693406 0)
(-0.0020277797013573233 -0.0026241566549182857 2.5261031392117334e-26)
(-6.6221460767144612e-07 0.0065321744525716182 0)
(-2.2784687947703711e-05 0.016828965568407434 4.8016425835939103e-25)
(-7.4657907911371464e-05 0.024621430411602311 8.8951657982391168e-25)
(-0.0001600135270933119 0.030184556706167414 8.1949899659511791e-25)
(-0.00028017566743038924 0.03380344227202093 3.7547396230166007e-25)
(-0.0004350101085757222 0.035768117419893296 3.4231250991012654e-25)
(-0.0006224631623448425 0.036365620756209985 0)
(-0.00083867915254297808 0.035871009603029198 -2.8076916805668209e-25)
(-0.0010784014215369797 0.034538937100707053 -2.5294713065373421e-25)
(-0.0013354659583040545 0.032597045187764205 -2.2732065177826068e-25)
(-0.0016033128589107968 0.030241860551932318 0)
(-0.0018754554824974505 0.027637304490652066 1.8281328237646393e-25)
(-0.0021458602211185409 0.024915478570525371 1.6383182905810014e-25)
(-0.0024092137645318006 0.022179134470766471 0)
(-0.0026610770988743128 0.01950517184628639 0)
(-0.002897940794197923 0.016948579451668711 0)
(-0.0031172039484315735 0.014546376061755016 1.0663344348025292e-25)
(-0.0033171008489889945 0.012321263381062545 1.9241951345478492e-25)
(-0.0034965970608860954 0.010284838252402546 1.7404773878740697e-25)
(-0.0036552722734448004 0.0084403112450753635 7.8937254546567e-26)
(-0.0037932023808086345 0.006784742497089275 1.436478296259862e-25)
(-0.0039108488795344338 0.00531084024349691 1.3114026812891228e-25)
(-0.0040089601549566627 0.0040083816544517203 0)
(-0.0040884866717887441 0.002865317417251437 -5.524317321940978e-26)
(-0.0041505103708978138 0.0018686168553983967 0)
(-0.0041961875258964961 0.0010049031081221676 0)
(-0.0042267037440090393 0.00026092014215960352 -4.3969359707940247e-26)
(-0.0042432395118943153 -0.00037613383206559553 4.1065060284532432e-26)
(-0.0042469446933050157 -0.00091837813703265049 7.6990829278675504e-26)
(-0.0042389204185090436 -0.0013771034979329474 7.2428310939507741e-26)
(-0.0042202069489059024 -0.0017626891738985755 6.8360521472937091e-26)
(-0.0041917763061467229 -0.0020845681333560595 6.471495216682971e-26)
(-0.0041545285913088112 -0.0023512279652907466 6.1427763004528723e-26)
(-0.0041092911204375325 -0.0025702376688921513 8.7664484644472719e-26)
(-0.0040568196518863311 -0.0027482924774055342 2.7855906755196055e-26)
(-0.003997801118625707 -0.0028912705352337124 -2.6595942299766603e-26)
(-0.003932857398668459 -0.003004296620448715 0)
(-0.003862549756110915 -0.0030918092310450169 0)
(-0.0037873836667843873 -0.00315762827052157 0)
(-0.0037078138085382966 -0.0032050213095407613 0)
(-0.0036242490490351223 -0.0032367669936322618 -2.1328068915370691e-26)
(-0.0035370573059655395 -0.0032552146365478086 -2.0401470136863304e-26)
(-0.0034465701879268997 -0.0032623394060287561 1.9499120725443948e-26)
(-0.0033530873506762626 -0.0032597927915372893 3.7232273786766911e-26)
(-0.0032568805245658623 -0.0032489482573899008 3.5497495551247109e-26)
(-0.0031581971858735177 -0.0032309421427961496 3.3788287057846896e-26)
(-0.00305726385835401 -0.0032067099835306491 1.6050337209113104e-26)
(-0.0029542890423269958 -0.003177018507523052 -1.5216039587763697e-26)
(-0.0028494657774712452 -0.0031424936061424315 1.4390546068168815e-26)
(-0.0027429738525670271 -0.0031036446106598023 1.3573634869729681e-26)
(-0.0026349816809756129 -0.0030608852144458367 1.2765475672779033e-26)
(-0.0025256478648653397 -0.0030145513801113138 1.1966547948290284e-26)
(-0.0024151224742419873 -0.0029649165604288324 -2.2355136473670861e-26)
(-0.002303548068852212 -0.0029122045452334294 -2.9356485628427773e-40)
(-0.0021910604921235757 -0.0028566002257561281 0)
(-0.0020777894665986998 -0.0027982585447158884 -8.8797376519691707e-27)
(-0.0019638590199261997 -0.0027373118762835905 0)
(-5.0239113824680347e-07 0.0065426139549723972 0)
(-2.0989128141673415e-05 0.016865566705145413 4.7950716941151547e-25)
(-7.0030928728912235e-05 0.024688612086562201 1.3329086896481481e-24)
(-0.00015162798170503385 0.030285223208009616 8.1900767195466873e-25)
(-0.00026740772095540551 0.033938618461819559 0)
(-0.00041746876223701482 0.035936830610874632 0)
(-0.00059996696908640515 0.036565004468178057 0)
(-0.0008112425866622755 0.036096598786273255 2.8128926865754264e-25)
(-0.0010462154188261349 0.034785100398753974 2.5360342797534028e-25)
(-0.001298871167744616 0.032857482332078955 0)
(-0.0015627673658408418 0.03051009244915398 0)
(-0.0018314997699222721 0.027907098234148078 0)
(-0.0020990824791299566 0.025181172295615745 0)
(-0.002360218252009153 0.022435850151159505 0)
(-0.0026104574026730464 0.019748922590264395 0)
(-0.0028462588793191725 0.017176289391091486 0)
(-0.0030649750759141024 0.014755835767053702 1.0746397656419579e-25)
(-0.0032647838563941559 0.012511043505441456 1.9399923673037514e-25)
(-0.0034445891657509018 0.010454180836019572 8.7770388924879054e-26)
(-0.0036039074340900252 0.0085890135696736116 0)
(-0.0037427522721887323 0.0069130438085071803 0)
(-0.0038615256554601152 0.0054193177343458965 0)
(-0.003960920323434175 0.0040978590750161735 0)
(-0.0040418355732884477 0.0029367875464642612 5.5785547608984776e-26)
(-0.0041053068972078475 0.001923177672301825 1.0301099926553133e-25)
(-0.0041524488375849315 0.0010437066745757602 4.7738927105801363e-26)
(-0.0041844098470170191 0.00028513278503407297 0)
(-0.0042023376353602102 -0.00036536159297638959 0)
(-0.004207353415971761 -0.00091993352464019972 3.889786784945073e-26)
(-0.0042005335470964621 -0.0013899267016021252 3.6595286148654018e-26)
(-0.0041828971817128172 -0.0017857832125575184 0)
(-0.0041553986809955111 -0.0021170044841004802 0)
(-0.0041189237343903186 -0.002392148929104609 3.1038091115195871e-26)
(-0.0040742883086733591 -0.0026188562811403234 5.9055757391189589e-26)
(-0.0040222396931972474 -0.0028038906198240791 2.8144492348489715e-26)
(-0.0039634590503176926 -0.0029531957770079918 0)
(-0.0038985650015230804 -0.0030719582063891658 0)
(-0.0038281178804080293 -0.0031646735436681511 0)
(-0.0037526243665418958 -0.0032352140184623976 0)
(-0.0036725422814618595 -0.003286894634915786 0)
(-0.0035882853816203717 -0.0033225366433464959 0)
(-0.0035002280254936174 -0.0033445273048345473 0)
(-0.0034087096254112764 -0.0033548753257138619 0)
(-0.0033140388209089212 -0.0033552616279253177 0)
(-0.0032164973311172899 -0.0033470853398999004 0)
(-0.0031163434601497657 -0.003331505054454377 0)
(-0.003013815242597966 -0.0033094755163461213 0)
(-0.0029091332268125934 -0.0032817799820341184 0)
(-0.0028025029021511946 -0.0032490585455995473 0)
(-0.0026941167831844321 -0.0032118327540927452 0)
(-0.0025841561692277921 -0.003170526848029587 0)
(-0.0024727926016955095 -0.0031254859626218151 0)
(-0.0023601890448007781 -0.0030769916160331926 0)
(-0.002246500817168184 -0.0030252747952682953 0)
(-0.002131876303085028 -0.0029705269304043237 9.4073121561108259e-27)
(-0.0020164574724968374 -0.0029129090254877746 8.6248055852198088e-27)
(-0.0019003802385475443 -0.0028525591908428118 -7.8570380064150949e-27)
(-3.3058033689626662e-07 0.0065521260318077935 0)
(-1.9094598429362708e-05 0.016899832311598931 0)
(-6.5182938205009681e-05 0.024752412907345946 4.4374997222838667e-25)
(-0.00014288909233785036 0.030381758239421061 4.0915935913054034e-25)
(-0.00025416288565082752 0.034069162400724086 0)
(-0.00039934436091897823 0.036100633882586802 0)
(-0.00057680174049733603 0.03675940508815756 0)
(-0.00078307099295292124 0.036317317257358678 8.4517880415881646e-25)
(-0.0010132467684949007 0.035026667136931221 7.6255407866810133e-25)
(-0.0012614624443717866 0.033113729416237477 4.5755724068754216e-25)
(-0.0015213910898605827 0.030774639733931387 4.1113429424769901e-25)
(-0.0017867093394175841 0.028173777182553972 3.6906949181671457e-25)
(-0.002051477898394632 0.025444352502986916 -1.6560667046667982e-25)
(-0.0023104148472851429 0.02269065605132712 -4.4599814205378648e-25)
(-0.0025590593308739014 0.019991346023611169 0)
(-0.0027938383225941887 0.017403215260034657 0)
(-0.0030120572169209919 0.014965003019005064 -3.2485884347814258e-25)
(-0.0032118371526107504 0.012700963688089997 -2.9336031684588224e-25)
(-0.0033920201043839884 0.010624033422311328 -1.7703792920569164e-25)
(-0.0035520588176539327 0.0087385328878084138 -1.6069669613533966e-25)
(-0.0036919041023824833 0.0070424079595018639 0)
(-0.0038118977922219901 0.0055290460215297182 0)
(-0.0039126762486101901 0.0041887214711083349 -1.2249198297214672e-25)
(-0.0039950867501046417 0.0030097275850801942 -5.6344936785622956e-26)
(-0.0040601173670859331 0.0019792487414666054 -5.2033273469649869e-26)
(-0.0041088398202040353 0.001084020836907537 -9.6475393472121419e-26)
(-0.0041423642004597477 0.0003108207907934623 0)
(-0.0041618041178012538 -0.00035318061102067511 0)
(-0.0041682507255700338 -0.00092017419540345779 1.1797077259056988e-25)
(-0.0041627541451153081 -0.001401552875356198 1.1100108836343129e-25)
(-0.0041463109180661884 -0.0018078180253327178 0)
(-0.0041198562376964813 -0.0021485361715771773 0)
(-0.0040842599089426718 -0.0024323333677912264 6.277478563482206e-26)
(-0.0040403251461996383 -0.0026669170674281056 8.9578351833215324e-26)
(-0.0039887894696306169 -0.0028591173490449423 8.5374651301702152e-26)
(-0.0039303271038531032 -0.0030149410545913099 5.4323906327551856e-26)
(-0.003865552405177304 -0.0031396338117781969 5.1903831613109001e-26)
(-0.0037950239462193405 -0.0032377460747241241 4.9624143955213135e-26)
(-0.0037192489715908109 -0.0033132002682286789 0)
(-0.0036386880070661382 -0.0033693568917053606 0)
(-0.0035537594592841876 -0.003409078056814271 0)
(-0.0034648440860115854 -0.0034347874227146553 0)
(-0.0033722892505339565 -0.0034485258761523707 -3.9523850364273523e-26)
(-0.0032764128998470127 -0.0034520025990259001 -3.7653263451942955e-26)
(-0.0031775072266780535 -0.0034466413897526115 -3.5809496464081814e-26)
(-0.0030758419913395904 -0.0034336222703783637 -3.39872867613316e-26)
(-0.0029716674920474972 -0.0034139185304724456 0)
(-0.0028652171824056793 -0.0033883294410430569 0)
(-0.002756709942828164 -0.0033575089249523603 4.2932903364148735e-26)
(-0.0026463520191277825 -0.0033219905011403462 4.029649518338416e-26)
(-0.0025343386466167295 -0.003282208833716905 0)
(-0.0024208553820234111 -0.0032385182179758593 0)
(-0.00230607916846368 -0.0031912083271016904 0)
(-0.0021901791607142579 -0.0031405175285638834 2.0017088315307796e-26)
(-0.002073317339208949 -0.0030866440601120151 5.5087309272836559e-26)
(-0.0019556489415965784 -0.0030297553336212021 3.3472131131447308e-26)
(-0.0018373227404458897 -0.0029699956120970818 2.2711218395635694e-26)
(-1.4518858028320174e-07 0.0065606560539651455 0)
(-1.708622876851226e-05 0.016931647062097994 4.7790077629505302e-25)
(-6.0078877631804093e-05 0.024812693367361451 4.4309009348081283e-25)
(-0.00013373834664951692 0.030474022214861375 0)
(-0.00024035922573288642 0.034194948226334468 7.5013307524546873e-25)
(-0.00038053357018173859 0.036259421536262992 6.8504905804624035e-25)
(-0.00055284592658968285 0.036948738875498412 0)
(-0.00075402837584415583 0.036533102476182189 2.8207266252349269e-25)
(-0.0009793489694545506 0.035263594096283365 2.5468411401658394e-25)
(-0.0012230866015059837 0.033365760411361821 4.5880480528787674e-25)
(-0.0014790276732293956 0.031035491638907928 4.1257159625789827e-25)
(-0.0017409277677587029 0.028437344280195082 5.5596009374201122e-25)
(-0.0020028926440927119 0.025705034688953743 2.0877477458046399e-40)
(-0.0022596545065662866 0.022943579379846001 -4.4853565952340218e-25)
(-0.0025067404110113278 0.020232480450233948 0)
(-0.0027405446266626147 0.017629405970468161 1.2099809687361248e-25)
(-0.0029583249302278136 0.015173936904672376 -2.1819889570865596e-25)
(-0.0031581451662304355 0.012891092757591042 -2.957125460114207e-25)
(-0.0033387847742297997 0.010794474109653797 -8.9269702717885345e-26)
(-0.0034996322220912173 0.0088889560324583727 -8.1063608175049575e-26)
(-0.0036405748742832436 0.0071729299011373355 0)
(-0.0037618937069824336 0.0056401274626308243 6.7461959886956835e-26)
(-0.0038641679001887794 0.0042810777891744527 -1.8556799579137843e-25)
(-0.0039481918081487235 0.0030842521362903653 -2.2769207802498099e-25)
(-0.0040149050589127011 0.002036949270170528 -5.4182866728197307e-56)
(-0.0040653354096836592 0.0011259682291258298 4.8758700361390616e-26)
(-0.0041005533301979478 0.00033810892670071036 4.5388294256749536e-26)
(-0.0041216369525823643 -0.00033946536787803018 -4.2411359962825155e-26)
(-0.0041296458918589421 -0.00091897535934251174 3.9774975404029927e-26)
(-0.0041256024790852679 -0.0014118594897226538 7.4863722559188379e-26)
(-0.0041104790409282809 -0.0018286748960331307 0)
(-0.0040851899883202359 -0.0021790498338915229 0)
(-0.0040505876544897667 -0.0024716747661161949 6.3528861284359531e-26)
(-0.0040074609801723036 -0.0027143217660599186 6.0437766562349659e-26)
(-0.0039565362990409223 -0.0029138839442028473 5.7599536532444381e-26)
(-0.0038984796193525569 -0.0030764283258072475 5.4970120186676612e-26)
(-0.0038338999219195672 -0.003207257037119284 5.251153466357911e-26)
(-0.0037633530998515785 -0.0033109728392384974 1.2547825073565326e-25)
(-0.0036873462528155894 -0.0033915460172371965 7.1972862680453506e-26)
(-0.0036063421192275885 -0.0034523804181635933 0)
(-0.003520763485886827 -0.0034963770626814453 -2.1903750503624308e-26)
(-0.0034309974584284197 -0.0035259942557814249 -5.3651467272414626e-40)
(-0.0033373995099004595 -0.0035433035139321627 -5.9774118912166536e-26)
(-0.0032402972508637938 -0.0035500409282114378 -1.1376680469121782e-25)
(-0.0031399938844669235 -0.0035476538118013753 -1.8009702974287705e-26)
(-0.0030367713254347271 -0.0035373426497660554 3.4135785729507019e-26)
(-0.002930892973973042 -0.0035200984910894071 0)
(-0.0028226061450859295 -0.0034967360074060747 -3.0414811504963803e-26)
(-0.0027121441613429057 -0.003467922497869647 4.286292081552472e-26)
(-0.0025997281231418196 -0.0034342031518628945 2.6750161085059901e-26)
(-0.0024855683752725453 -0.0033960228962048805 1.2470441893425492e-26)
(-0.0023698656922831961 -0.0033537451555516527 3.4724299690347279e-26)
(-0.002252812207906942 -0.0033076678473391258 1.0689340655478198e-26)
(-0.0021345921157110525 -0.0032580369186929413 1.9631240117224997e-26)
(-0.0020153821692502371 -0.0032050577144222404 3.5820659186307038e-26)
(-0.0018953520104082872 -0.0031489044442522904 8.1095812881063005e-27)
(-0.0017746643543631549 -0.0030897279951350169 7.2804720335658335e-27)
(5.5504051109208611e-08 0.0065681414895610996 0)
(-1.4947856723835943e-05 0.016960877740506013 4.7693144712318256e-25)
(-5.4680492955572905e-05 0.024869290852524446 4.4231273904824466e-25)
(-0.00012411168065723516 0.030561850886591722 8.1627158003892176e-25)
(-0.00022590673476531351 0.034315826418995013 1.4988391103432567e-24)
(-0.00036092249198637358 0.036413066866514347 6.8476275831365456e-25)
(-0.00052796507131362084 0.037132904671232564 0)
(-0.0007239637260948457 0.036743878485469228 -2.8231997355165683e-25)
(-0.0009443586875408132 0.035495828682410829 -2.5509394877998362e-25)
(-0.0011835721165682166 0.033613543746201298 0)
(-0.0014355012448918887 0.031292635326279537 0)
(-0.0016939782604158673 0.028697803433098201 1.8604831170696054e-25)
(-0.0019531519548506397 0.025963237879407533 1.6721335717709881e-25)
(-0.002207766983173457 0.023194652991456354 0)
(-0.0024533369423829212 0.020472371522382387 0)
(-0.002686222262008005 0.017854919120639672 1.2181538615790983e-25)
(-0.0029036321307713874 0.015382706226658972 1.0990213446265318e-25)
(-0.0031035722351704059 0.013081510034083765 0)
(-0.0032847586754574179 0.010965592062320353 9.0022396094894871e-26)
(-0.0034465148604184417 0.009040381320529367 8.1785780125349213e-26)
(-0.0035886639193105571 0.0073047163678846578 0)
(-0.0037114251455146372 0.0057526764089645965 6.8120575038735813e-26)
(-0.0038153196512738965 0.0043750491112011748 -6.2483744287163998e-26)
(-0.003901087896002822 0.0031604880242953066 -1.1504278199323451e-25)
(-0.0039696199904108234 0.0020964107220179597 1.0630498810478974e-25)
(-0.0040218985328793712 0.0011696837292357281 1.479118631296569e-25)
(-0.00405895305004789 0.00036713413342080893 4.5909913965400359e-26)
(-0.004081824751114572 -0.00032407832660440573 -4.291114021855698e-26)
(-0.004091540153960232 -0.00091620044254454088 -4.0254475074402358e-26)
(-0.0040890921469473674 -0.0014207125591584144 0)
(-0.0040754271283816113 -0.001848224089510814 0)
(-0.0040514369904053726 -0.0022084216465781893 0)
(-0.004017954876039862 -0.0025100568273000194 0)
(-0.0039757537956435565 -0.0027609631406107686 0)
(-0.0039255473445821941 -0.0029680936388807042 0)
(-0.0038679919075503412 -0.00313757254641209 0)
(-0.0038036898617503437 -0.0032747556262885192 0)
(-0.0037331933996253707 -0.0033842952269357517 7.6226392609582467e-26)
(-0.0036570086821008855 -0.0034702069357696852 7.2845732053450162e-26)
(-0.0035756001064602421 -0.0035359355692215553 0)
(-0.0034893945309835885 -0.0035844188732471554 -2.2145807597449747e-26)
(-0.0033987853435974978 -0.0036181478204884137 5.4917481272144373e-40)
(-0.003304136296360536 -0.0036392227913274633 -2.011159664727436e-26)
(-0.0032057850538461359 -0.003649405235380594 -7.6472642218395018e-26)
(-0.0031040464233069512 -0.0036501646442590927 1.813545992806497e-26)
(-0.0029992152495119419 -0.0036427208400306057 6.8644410863210095e-26)
(-0.0028915689685981598 -0.0036280817088983923 0)
(-0.0027813698241212379 -0.003607076596324808 -3.0464675409143774e-26)
(-0.0026688667554019183 -0.0035803856365480783 0)
(-0.0025542969737167576 -0.0035485653230482644 -1.3328781978226129e-26)
(-0.002437887246175773 -0.0035120706425722575 1.2387960048601959e-26)
(-0.0023198549104591999 -0.0034712740983247141 3.4368080387596709e-26)
(-0.0022004086460683564 -0.0034264819414356481 1.0534499143082954e-26)
(-0.0020797490294557439 -0.0033779479166758438 0)
(-0.0019580689013903698 -0.003325884810807997 -8.7294955548562346e-27)
(-0.0018355535752326328 -0.0032704740716678073 -1.5699242635669355e-26)
(-0.0017123809144898167 -0.0032118737443597276 -1.3974484048924822e-26)
(2.7335270823834763e-07 0.0065745112305434809 0)
(-1.2661992170640686e-05 0.01698737164133754 0)
(-4.8946192995571302e-05 0.024922017413991627 0)
(-0.00011393916335006012 0.030645052822210257 8.1486963041354289e-25)
(-0.00021070684210399809 0.034431621206077657 7.4844958552117821e-25)
(-0.00034038598436036635 0.036561419648590547 0)
(-0.00050201093927505986 0.037311781577143634 0)
(-0.00069270995414200229 0.036949553853927966 0)
(-0.00090809450060171559 0.035723307176003 0)
(-0.0011427276974656567 0.033857040885358604 0)
(-0.0013906148210172326 0.031546054796240224 2.075118454513361e-25)
(-0.0016456619013728178 0.028955158736936628 1.867135101482651e-25)
(-0.0019020582583571752 0.026218984157241158 1.6794221202785909e-25)
(-0.0021545588261307198 0.02344391518803746 1.5109123496366931e-25)
(-0.0023986618948495055 0.020711072286185409 0)
(-0.0026306924828267352 0.018079821255429115 0)
(-0.0028478098387733665 0.015591389949557511 0)
(-0.0030479603044226721 0.013272305935372703 0)
(-0.0032297955718832137 0.011137488252905241 0)
(-0.0033925729986344468 0.0091929194117072923 0)
(-0.0035360505256021809 0.0074378868364747457 0)
(-0.003660384813665935 0.005866820251189904 0)
(-0.0037660379263716971 0.0044707697766602026 6.313040051023797e-26)
(-0.00385369538328808 0.0032385754839983059 5.8141530380758848e-26)
(-0.0039241966393903371 0.0021577780643904591 5.3747507791098946e-26)
(-0.0039784778785324475 0.0012153157508534938 4.9875435849787256e-26)
(-0.004017526296180126 0.00039804685479601689 0)
(-0.0040423446553217394 -0.00030686855710071855 0)
(-0.0040539247251485163 -0.00091169968048311048 4.0764596766814741e-26)
(-0.0040532281908234533 -0.0014279652216944206 3.8384442729031338e-26)
(-0.0040411736847469331 -0.0018663234337526733 3.6257103653525059e-26)
(-0.0040186287048455845 -0.0022365159233952697 3.4344520496775083e-26)
(-0.0039864053361689591 -0.0025473521100869323 3.2612980332759781e-26)
(-0.0039452588474908606 -0.0028067236716540858 3.103278195805452e-26)
(-0.0038958883898049892 -0.0030216403859632656 0)
(-0.003838939168800095 -0.0031982805259495413 0)
(-0.0037750055933259592 -0.0033420504300275826 0)
(-0.0037046350140528474 -0.0034576490881699008 0)
(-0.0036283317603918079 -0.0035491345877840304 0)
(-0.0035465612600505719 -0.003619990081852337 0)
(-0.0034597540860503029 -0.0036731876009916406 2.2417533728985671e-26)
(-0.0033683098228309005 -0.0037112485552139841 0)
(-0.0032726006786100879 -0.0037363001819902151 -2.0325235132446048e-26)
(-0.0031729747977421964 -0.0037501275141491094 -1.9300214203588032e-26)
(-0.0030697592465164028 -0.0037542206812134398 -1.8284369639482855e-26)
(-0.0029632626603846709 -0.0037498175356763387 0)
(-0.0028537775514114894 -0.0037379417239387226 0)
(-0.0027415822828488843 -0.003719436410613567 0)
(-0.0026269427239227171 -0.0036949939232980423 0)
(-0.002510113602693727 -0.0036651816197880291 0)
(-0.0023913395785655528 -0.0036304642967738767 0)
(-0.0022708560588571374 -0.0035912234629071438 -1.134478734522203e-26)
(-0.0021488897859549046 -0.003547773793395147 -1.0384847724198798e-26)
(-0.0020256592229748109 -0.0035003770708459214 0)
(-0.0019013747666334533 -0.003449253900168734 0)
(-0.0017762388161800292 -0.0033945934656671797 0)
(-0.0016504457268109224 -0.0033365615773312826 0)
(5.1037412373070415e-07 0.006579684916233077 0)
(-1.020980457072005e-05 0.01701095483841867 0)
(-4.2830938342551807e-05 0.024970657404589616 0)
(-0.00010314467619863845 0.030723406714996238 0)
(-0.00019465191167703042 0.034542127780526899 0)
(-0.00031878696960350788 0.036704303429237257 0)
(-0.00047482062167179448 0.037485226433693869 -9.3374054314074614e-25)
(-0.00066008278866643694 0.037150019419858668 -8.474340062470007e-25)
(-0.00087035559195204962 0.035945952790847349 0)
(-0.0011003407789334798 0.034096204726025578 0)
(-0.0013441486161723038 0.031795729627810847 2.0800420613422827e-25)
(-0.0015957557936974157 0.029209413553123297 1.8730859010069273e-25)
(-0.0018493891575317592 0.026472298054769153 1.686136506045567e-25)
(-0.0020998112289665471 0.023691409401834243 1.5181543061621057e-25)
(-0.0023425026374993435 0.020948643126572228 0)
(-0.0025737509524997679 0.018304188042721943 0)
(-0.0027906637183572162 0.015800077578329973 0)
(-0.0029911263933800288 0.013463582530082152 0)
(-0.0031737249017711549 0.011310276166162923 0)
(-0.0033376493240571438 0.0093466941425266528 0)
(-0.0034825912774160677 0.007572574473463236 0)
(-0.0036086437009976596 0.0059827004671030894 0)
(-0.0037162085223456385 0.0045683885202818112 6.3796931410581383e-26)
(-0.0038059151926299302 0.0033186693812144491 5.8784759160537808e-26)
(-0.0038785513016578264 0.0022212110656549739 5.4368340158644914e-26)
(-0.0039350052952417166 0.0012630276106523398 2.0190021379016798e-25)
(-0.0039762205766844831 0.00043101246368756793 2.8223498556078716e-25)
(-0.0040031598539210737 -0.00028767026156175513 1.320038522112295e-25)
(-0.0040167783936991908 -0.00090530860876887544 4.1307886442229073e-26)
(-0.0040180047968454737 -0.0014334562072859031 3.8910872218027011e-26)
(-0.0040077279525648022 -0.0018828167799662451 3.6767174976580846e-26)
(-0.003986788932792462 -0.0022631835853355563 1.3935359485458335e-25)
(-0.0039559767281702931 -0.0025834205259921842 1.32361922598931e-25)
(-0.0039160268789989626 -0.0028514741027715986 3.1493373747144284e-26)
(-0.0038676222093572462 -0.0030744074733827413 0)
(-0.0038113950197916093 -0.0032584496338702012 0)
(-0.0037479302275770219 -0.0034090542219649012 0)
(-0.003677769060116826 -0.0035309636775427782 0)
(-0.0036014130052728988 -0.0036282755173583457 7.4887528989329307e-26)
(-0.0035193278025840362 -0.0037045083165814915 7.1483127819064741e-26)
(-0.0034319473228593342 -0.0037626656640149868 2.2722013197838673e-26)
(-0.0033396772326304775 -0.0038052968948602203 0)
(-0.0032428983768230859 -0.0038345538262008344 -2.0568484249947175e-26)
(-0.0031419698401833132 -0.0038522430455293832 -7.8040058982123766e-26)
(-0.0030372316676983589 -0.0038598735489488003 -7.3835958455662346e-26)
(-0.0029290072383899015 -0.0038586997081754642 0)
(-0.0028176052969887243 -0.003849759676986106 0)
(-0.0027033216553047777 -0.0038339094390715915 0)
(-0.0025864405804533431 -0.0038118527593098122 0)
(-0.0024672358910775515 -0.0037841673365429126 0)
(-0.002345971785698747 -0.0037513274739252836 0)
(-0.0022229034295550743 -0.0037137235875097192 -1.124212151955252e-26)
(-0.0020982773278751068 -0.0036716788686727252 -1.0241231328312809e-26)
(-0.0019723315145329964 -0.0036254634041634859 0)
(-0.0018452955854689553 -0.0035753060412403808 0)
(-0.0017173906061460438 -0.0035214042662630707 2.1977760671787407e-26)
(-0.0015888289216674351 -0.0034639323445206523 1.9172725482056516e-26)
(7.6862394609777373e-07 0.0065835724852150758 0)
(-7.5711903516838858e-06 0.017031430433338181 0)
(-3.6286128538787081e-05 0.025014964923097696 0)
(-9.1645607887554849e-05 0.030796658511356167 0)
(-0.00017762474364618446 0.034647109346049726 0)
(-0.00029597574062282384 0.036841512627607272 0)
(-0.00044621563147369763 0.037653071091615899 -3.1092029382414485e-25)
(-0.00062587964927236328 0.037345145822603253 -8.4709811859434797e-25)
(-0.00083092039947216885 0.03616367352254838 -1.0227701000610918e-24)
(-0.0010561759542422444 0.034330977794081417 2.0599718944090472e-40)
(-0.0012958582682977709 0.032041633531547355 4.1680856937160356e-25)
(-0.001544011091433657 0.029460569411787835 -3.7565088531762865e-25)
(-0.0017948952849169298 0.026723205789466901 -3.3844125905161575e-25)
(-0.0020432777232486298 0.023937183739058395 0)
(-0.0022846184883187478 0.021185151589639403 0)
(-0.0025151651662122863 0.018528104343886381 0)
(-0.0027319713893866377 0.016008869446776965 0)
(-0.0029328598124205713 0.013655454016105552 0)
(-0.003116348913903633 0.011484082442599462 0)
(-0.0032815600149265238 0.0095018433140290313 2.5197371797490655e-25)
(-0.003428117071818068 0.0077089270497990711 0)
(-0.003556048057869886 0.0061004736496226538 -7.0191516923873721e-26)
(-0.0036656935592017403 0.0046680696029890037 1.2896807147360586e-25)
(-0.0037576257377269404 0.0034009404382932679 0)
(-0.0038325790309019295 0.0022868856089228728 0)
(-0.0038913927491419547 0.0013129989248580347 3.0662765319239042e-25)
(-0.0039349649632843377 0.0004662127340433538 4.2885928529237628e-25)
(-0.0039642166246788733 -0.0002663012379719845 1.337890469274123e-25)
(-0.0039800646324632425 -0.00089684647294525129 0)
(-0.0039834024890115722 -0.0014370082067993008 -7.8948783893297181e-26)
(-0.003975087208171248 -0.0018975323471575505 0)
(-0.0039559312297600124 -0.0022882604999708419 1.7685675643049256e-25)
(-0.003926698224068428 -0.0026181076947047817 6.7215391900344709e-26)
(-0.0038881018172470861 -0.0028950718348534068 -6.3988174795667792e-26)
(-0.0038408064228049568 -0.0031262659809803027 -3.0503861191965155e-26)
(-0.0037854295139951298 -0.0033179663426040583 -5.8227613048675476e-26)
(-0.0037225448097159613 -0.0034756703506640765 -5.5607799141914603e-26)
(-0.0036526859682696768 -0.0036041604359688564 7.9671135445635976e-26)
(-0.0035763504867521835 -0.003707570179324075 2.2822943944231197e-25)
(-0.0034940035886984297 -0.0037894503520988837 1.2098632117056527e-25)
(-0.0034060819499484537 -0.0038528330563803652 -2.3062582703417509e-26)
(-0.0033129971644924061 -0.0039002927246598153 -4.3893976076446778e-26)
(-0.0032151388907218385 -0.0039340031716482973 -4.1688909422602041e-26)
(-0.0031128776465964322 -0.0039557902249279468 -1.9750523296445186e-26)
(-0.0030065672421286118 -0.0039671797142493779 3.7324218103070294e-26)
(-0.0028965468513957784 -0.0039694407867569715 5.27319650341553e-26)
(-0.0027831427357407801 -0.0039636246504681791 3.2990592784837978e-26)
(-0.0026666696362573571 -0.0039505989420939615 0)
(-0.0025474318580626606 -0.0039310779769997327 -2.8680532607118248e-26)
(-0.0024257240719108915 -0.0039056491763284767 0)
(-0.0023018318608341664 -0.0038747959851153243 3.6614711432861231e-26)
(-0.0021760320409632745 -0.0038389176004726272 3.3447623123385289e-26)
(-0.0020485927866106413 -0.0037983458244189023 0)
(-0.0019197735901442985 -0.0037533593446336978 -1.8147075394092725e-26)
(-0.0017898250871559564 -0.0037041957306170304 -3.2234719981431773e-26)
(-0.0016589887769258985 -0.0036510614141445617 2.1187790831840214e-26)
(-0.0015274966672133127 -0.0035941399028199816 3.0439075904699057e-26)
(1.0494160809058039e-06 0.0065860738436528225 0)
(-4.7254099995835812e-06 0.01704857728663409 0)
(-2.9259588240239554e-05 0.025054660926176361 0)
(-7.9352464243564972e-05 0.030864518256428761 0)
(-0.0001594980552931916 0.03474629394121713 0)
(-0.0002717892905233682 0.036972809401375616 0)
(-0.00041600101631103633 0.037815119438533065 6.2087647361140349e-25)
(-0.00058987851397862578 0.037534780791232528 0)
(-0.00078954523500543319 0.036376359761744873 -1.0225781859763179e-24)
(-0.0010099733526838827 0.03456129021490751 -1.3292760685124037e-40)
(-0.0012454729843770624 0.032283732689727444 4.1740332205209175e-25)
(-0.0014901509263947437 0.02970862471697765 -3.7650952591815751e-25)
(-0.0017382980255164365 0.026971734317990277 -3.3950995745926585e-25)
(-0.001984681713533892 0.024181290358485524 0)
(-0.0022247380777751977 0.021420672056817549 0)
(-0.0024546716595957455 0.018751664152502266 0)
(-0.0026714794970970246 0.016217876890068605 0)
(-0.002872919108725796 0.01384804709815593 0)
(-0.003057439503978558 0.011659047435452308 0)
(-0.0032240914810512497 0.0096585194064938099 2.542088768085146e-25)
(-0.0033724297767424301 0.0078471077957873985 0)
(-0.0035024159838919376 0.0062203124884477818 -7.0914219485845037e-26)
(-0.0036143280120736606 0.0047699939101250189 1.3038415510952835e-25)
(-0.003708679412495826 0.0034855764412695862 0)
(-0.0037861500994254118 0.0023549950018877087 0)
(-0.0038475287719670595 0.0013654270162105641 1.5529724747646737e-25)
(-0.003893666544006863 0.00050384733934736106 1.4489122504246914e-25)
(-0.0039254408100145889 -0.00024256129776938315 4.522780954619915e-26)
(-0.003943728116682991 -0.00088611457229452798 4.2504218997457539e-26)
(-0.0039493847096715613 -0.0014384261555886757 -8.0155593268097486e-26)
(-0.0039432334259283429 -0.0019102809624168349 0)
(-0.0039260556745462083 -0.0023115656983913012 7.1893136573003915e-26)
(-0.0038985873684431178 -0.0026512431603541702 -3.4167974294863685e-26)
(-0.003861517810645078 -0.0029373591665522651 -6.5076805274465052e-26)
(-0.0038154906925753932 -0.0031770730714164776 -3.1030853279668401e-26)
(-0.003761106513912418 -0.0033767045956913642 -5.9243612413137976e-26)
(-0.0036989258763099465 -0.0035417912112625798 -5.658193294144678e-26)
(-0.0036294732309873489 -0.0036771515906597655 8.1063044362565622e-26)
(-0.0035532407697861342 -0.0037869516900674136 1.5478418277247219e-25)
(-0.0034706922397611546 -0.0038747709061650337 4.9215840978812499e-26)
(-0.0033822665333705965 -0.0039436664545520611 -2.3442855543616203e-26)
(-0.0032883809616198541 -0.0039962346831962656 -4.4588760631982451e-26)
(-0.0031894341585157852 -0.0040346684793711174 -4.2313064629868657e-26)
(-0.0030858085945561671 -0.0040608102724848279 4.0049939659525454e-26)
(-0.0029778726973007708 -0.0040762003957871638 9.4483881587719415e-26)
(-0.0028659825906614052 -0.004082120762872633 5.331082504558469e-26)
(-0.0027504834733429839 -0.00407963395377929 3.3289708248320633e-26)
(-0.0026317106623864883 -0.0040696179018414533 0)
(-0.0025099903311311747 -0.0040527964358771972 -2.8798316159982835e-26)
(-0.002385639972907915 -0.004029765970631996 0)
(-0.0022589686228991165 -0.0040010186579573816 3.6510403879586864e-26)
(-0.0021302768711450055 -0.0039669623170013333 3.3202037019720305e-26)
(-0.0019998566997868434 -0.003927937457636861 0)
(-0.0018679911773697637 -0.0038842317004890783 -1.7797403905085836e-26)
(-0.0017349540423831026 -0.0038360918815483445 -3.1354535458504427e-26)
(-0.0016010092071807314 -0.003783734111204569 0)
(-0.0014664102119832472 -0.0037273520378894244 -5.7814537200468468e-27)
(1.3543456562933994e-06 0.0065870733382701295 0)
(-1.6521274062164331e-06 0.01706214905530648 0)
(-2.1696061738207825e-05 0.025089429819112361 0)
(-6.6168262733219343e-05 0.03092665709881422 0)
(-0.00014013384787291039 0.034839371342499495 0)
(-0.00024605064082041078 0.037097920406404875 0)
(-0.00038396447596381891 0.037971144232495944 0)
(-0.00055183677694200779 0.037718746202744464 0)
(-0.00074596287771078261 0.036583881662721168 0)
(-0.00096144697018382133 0.034787057439522193 0)
(-0.0011926936143359999 0.032521983859775935 0)
(-0.0014338682356345388 0.029953573227375459 0)
(-0.0016792871109862777 0.02721791018035722 5.1062179694396174e-25)
(-0.0019237138530845662 0.024423784656018795 4.6095195188005475e-25)
(-0.0021625565216301414 0.021655285241150384 0)
(-0.0023919729942904681 0.018974970371114258 0)
(-0.0026089005256374142 0.016427222270608791 0)
(-0.0028110287222913714 0.014041501233171751 3.0940081625480754e-25)
(-0.0029967347267120109 0.011835325649254982 2.8133156598776825e-25)
(-0.0031649967448154543 0.0098168901888404988 -2.5644993977078495e-25)
(-0.0033152984931212595 0.0079872961634467592 -2.344264552052327e-25)
(-0.0034475335831481153 0.0063424066718410542 0)
(-0.0035619157717188031 0.0048743599829950829 0)
(-0.003658898569686265 0.0035727833945143695 0)
(-0.0037391059088247285 0.0024257512498069961 0)
(-0.0038032743192481203 0.0014205283011259064 0)
(-0.003852206246288241 0.00054413534940638052 0)
(-0.0038867336245357871 -0.00021623066550984231 4.5897854739746553e-26)
(-0.0039076905375901895 -0.00087289456486724524 1.7264931112838311e-25)
(-0.0039158936627065963 -0.0014374954562600694 1.22171652707654e-25)
(-0.0039121291759443358 -0.0019208542174675687 -1.1561599493200262e-25)
(-0.0038971448473582686 -0.0023328994853650193 -1.0970198986191726e-25)
(-0.0038716461630292978 -0.0026826384786551656 0)
(-0.0038362954454261452 -0.0029781613847878691 0)
(-0.0037917130961849987 -0.0032266701126171448 0)
(-0.0037384802403838658 -0.0034345239919983143 -9.0532711530172551e-26)
(-0.0036771421996497642 -0.0036072965214592285 -8.6476798587037578e-26)
(-0.0036082123560725989 -0.0037498385519448263 0)
(-0.0035321760856976635 -0.0038663443722103006 0)
(-0.0034494945375127101 -0.0039604180521313629 0)
(-0.0033606081114559046 -0.0040351381257992527 0)
(-0.0032659395485690615 -0.0040931192780823246 0)
(-0.0031658965903912577 -0.0041365701569264909 0)
(-0.0030608741958045673 -0.004167346788465468 0)
(-0.0029512563245983909 -0.0041870013408953789 0)
(-0.0028374173105631924 -0.0041968261820626695 0)
(-0.0027197228551256013 -0.0041978933188260752 -5.0470486498983531e-26)
(-0.0025985306771184775 -0.0041910894054328525 -4.6954493087289662e-26)
(-0.0024741908565272266 -0.0041771465733774502 0)
(-0.0023470459108681911 -0.0041566693746666102 0)
(-0.0022174306428184394 -0.0041301581506652529 0)
(-0.0020856717971685277 -0.0040980291449524021 0)
(-0.0019520875642818887 -0.0040606316749189032 0)
(-0.001816986966076373 -0.0040182626662979264 0)
(-0.0016806691590958375 -0.0039711788397834482 0)
(-0.0015434226874884468 -0.0039196068210957261 1.9602747548248337e-26)
(-0.0014055247166284174 -0.0038637514265774894 3.192136720052871e-55)
(1.690953708091459e-06 0.006586447547164598 0)
(1.6739202171027082e-06 0.017071875663607718 0)
(-1.3538889249569162e-05 0.025118916792496063 0)
(-5.1987625205962219e-05 0.030982704676272871 0)
(-0.00011938317507079061 0.034925989337395602 0)
(-0.00021856853681163601 0.037216532967352778 0)
(-0.00034987566022560599 0.038120883512810115 0)
(-0.00051149018711693661 0.037896834797449666 5.6220272011708896e-25)
(-0.00069988119135711002 0.036786086205840576 5.1019152592356178e-25)
(-0.00091028298209460789 0.035008177685128261 -4.6205878978381426e-25)
(-0.0011371906717199207 0.032756332207011761 -2.0893955493126983e-25)
(-0.0013748235020426989 0.03019540228020157 4.1314729533743984e-41)
(-0.0016175180929479331 0.027461758101701175 3.411332938441902e-25)
(-0.0018600292636991199 0.024664724221852469 4.6236705695274357e-25)
(-0.0020977324017451581 0.021889077471453591 2.7871339668407813e-25)
(-0.0023267345142936073 0.019198134390919518 2.5228389068446027e-25)
(-0.0025439093441108861 0.016637038821265 0)
(-0.0027468753350071112 0.014235968706662638 3.1153349162674418e-25)
(-0.0029339349603070162 0.0120130860220102 2.8353116025475668e-25)
(-0.0031039914323994305 0.0099771391835354432 -2.5868823486220584e-25)
(-0.0032564553834416358 0.0081296884557887465 -2.3668203607143773e-25)
(-0.003391150640276998 0.0064669636666941227 0)
(-0.0035082251784251594 0.004981384940494645 -1.3334048103917704e-25)
(-0.0036080709236539707 0.0036627865782761187 -1.2321259831882418e-25)
(-0.0036912542740443009 0.0024993862457789026 0)
(-0.0037584579500548406 0.0014785396106682827 0)
(-0.003810433929355473 0.00058731667973158683 -9.9397590284443736e-26)
(-0.003847966679998544 -0.00018706840486763923 0)
(-0.0038718455830709722 -0.00085694677532188561 3.0704555679898499e-25)
(-0.003882845276152745 -0.0014339801783502684 2.0707707592766449e-25)
(-0.0038817125977526098 -0.0019290225743856268 -7.8439469449962845e-26)
(-0.003869158845941344 -0.0023520414697966929 -3.7236981171891614e-26)
(-0.0038458561581867202 -0.0027120851952112624 3.5431736332423821e-26)
(-0.0038124369458353959 -0.0030172847179745538 0)
(-0.003769495467860577 -0.0032748806362565305 0)
(-0.0037175907864732565 -0.0034912677820699328 -3.0785207366197605e-26)
(-0.0036572505016398789 -0.0036720513894881669 -2.9412009554054342e-26)
(-0.003588974804090339 -0.0038221100864999241 0)
(-0.0035132405115512098 -0.0039456620653225069 0)
(-0.0034305048579181662 -0.0040463316967085886 0)
(-0.0033412088893820585 -0.0041272145987921614 0)
(-0.0032457803863526011 -0.0041909397703689096 0)
(-0.0031446362777049386 -0.0042397278720330191 4.3808204373936388e-26)
(-0.0030381845472967489 -0.0042754451054565646 4.1380244226077446e-26)
(-0.0029268256548769132 -0.0042996524192576374 1.9474427406926018e-26)
(-0.0028109535072440113 -0.0043136499756865352 1.8255852840821278e-26)
(-0.0026909560232400561 -0.0043185169601985575 -5.1103168518850523e-26)
(-0.0025672153398333709 -0.0043151469182824793 -4.7433018180940384e-26)
(-0.0024401077076257769 -0.0043042788710976011 2.9174959743668971e-26)
(-0.002310003123650436 -0.0042865245020832308 5.3464954313340799e-26)
(-0.0021772647479861807 -0.0042623917276182694 2.4300424952766792e-26)
(-0.0020422481489003235 -0.0042323049714488407 1.0942698090675069e-26)
(-0.0019053004191489284 -0.0041966224591664693 9.7472331912246315e-27)
(-0.0017667592037857844 -0.0041556508387095709 0)
(-0.0016269516773625549 -0.0041096574180684332 0)
(-0.0014861935057160676 -0.0040588802938518803 1.8809501502147455e-26)
(-0.0013447878246048576 -0.0040035366253936911 2.5795246223322893e-26)
(2.0649631837312906e-06 0.0065840478498371052 0)
(5.2740438577037565e-06 0.017077398974328039 0)
(-4.7306709684225593e-06 0.025142753076570077 0)
(-3.6693977749937888e-05 0.031032254722953553 0)
(-9.7085742086170694e-05 0.035005752009482707 0)
(-0.00018913659024732878 0.037328291918649184 0)
(-0.0003134851348964329 0.038264037100294621 0)
(-0.00046855166381470144 0.038068806730059239 5.6063075761926754e-25)
(-0.00065098169462155333 0.036982794004750096 5.0912444156800291e-25)
(-0.00085613802196097795 0.03522452908976878 -4.6146081274033135e-25)
(-0.0010786023059618788 0.032986708845242865 -2.0885173578262316e-25)
(-0.0013126424188332287 0.030434090727859266 -4.5539473439504004e-41)
(-0.0015526097057881108 0.027703299316880266 3.4164141599967373e-25)
(-0.0017932446069214793 0.024904167533064878 4.6352044508036316e-25)
(-0.0020298845577743059 0.022122139725476355 2.7969325830311971e-25)
(-0.0022585808708853738 0.019421275434089398 2.5343001290236995e-25)
(-0.0024761394772524511 0.01684747026428772 0)
(-0.0026801038987533743 0.014431614496842698 0)
(-0.0028686987024431534 0.012192512006153544 0)
(-0.0030407493468710451 0.010139465940288053 -2.6091231125112974e-25)
(-0.0031955910300555017 0.0082744982741804925 -2.3895052618426578e-25)
(-0.0033329757714282474 0.0065942093257418755 0)
(-0.0034529839729592086 0.0050913052373408154 -1.3487716429182587e-25)
(-0.0035559443093196629 0.0037558314533674845 -1.2475006010024964e-25)
(-0.0036423639999057698 0.0025761528205341514 0)
(-0.0037128702330941647 0.001539719385983653 0)
(-0.0037681626351866496 0.00063365343355794744 -1.0091478955687717e-25)
(-0.0038089761004281349 -0.00015481093017052412 1.4208482460460373e-25)
(-0.0038360529407394802 -0.00083800856264829786 3.1227312512609729e-25)
(-0.0038501231217483371 -0.0014276212885047713 8.4310114898846352e-26)
(-0.003851891269483185 -0.0019345334690945132 3.9951173776117742e-26)
(-0.0038420291416611991 -0.0023687485575730393 7.591778776662765e-26)
(-0.0038211723364796248 -0.0027393527490968341 3.614247424050068e-26)
(-0.0037899201279373348 -0.0030545141768778851 1.0341037827661261e-25)
(-0.0037488374660460738 -0.0033215081470031891 9.8741437224462693e-26)
(-0.0036984583413187536 -0.0035467606805530526 6.2898084616362838e-26)
(-0.0036392898741861696 -0.0037359041670007934 6.0109323346514617e-26)
(-0.0035718166414582513 -0.0038938402490879551 0)
(-0.003496504886669291 -0.0040248061745441271 -8.2223557012442519e-26)
(-0.0034138063752229063 -0.0041324417815972554 -7.8383587960628765e-26)
(-0.0033241617474300878 -0.0042198550510049145 0)
(-0.0032280032936331739 -0.0042896847757971247 0)
(-0.0031257571278548806 -0.0043441593899422653 -2.2348007801767449e-26)
(-0.0030178447728023772 -0.0043851513774666936 -2.1088910384678156e-26)
(-0.0029046841928329547 -0.004414226972133453 7.930035181914811e-26)
(-0.0027866903257466363 -0.0044326910712253137 7.4222716673690286e-26)
(-0.0026642751717217421 -0.0044416274401517727 5.1843096998402937e-26)
(-0.0025378475005559649 -0.0044419343904149641 4.8007554594903602e-26)
(-0.002407812238294635 -0.0044343561828264211 7.3611759479028277e-26)
(-0.0022745695925111926 -0.0044195104497303178 9.4103973693928213e-26)
(-0.0021385139727379244 -0.0043979119515773777 2.4338294228189548e-26)
(-0.0020000327592970589 -0.0043699929901806159 1.0903301506680008e-26)
(-0.00185950497029846 -0.0043361207977448387 3.8599635156610143e-26)
(-0.0017172998729481942 -0.004296612210603127 2.5239316743631995e-26)
(-0.001573775581567652 -0.0042517459219622161 0)
(-0.0014292776808348872 -0.0042017725906282315 0)
(-0.0012841379087038969 -0.0041469230639167185 9.6862403657415259e-27)
(2.4614486596990761e-06 0.0065797350490261891 0)
(9.2232901469461382e-06 0.017078422575394381 0)
(4.847445812594336e-06 0.025160498038738061 0)
(-2.0197535810771281e-05 0.031074836440926231 0)
(-7.3081855038597366e-05 0.035078209946791117 0)
(-0.00015753581767210468 0.03743279372409563 0)
(-0.00027452466143019198 0.038400261775399284 0)
(-0.00042271063256136562 0.038234385438561017 0)
(-0.00059891833150707877 0.037173795668592365 0)
(-0.0007986375326177671 0.035435966496870676 0)
(-0.001016532279493543 0.033213028033925021 0)
(-0.0012469135096161695 0.030669606544844536 0)
(-0.0014841411404249462 0.027942549576454614 5.1286587096519644e-25)
(-0.0017229350214701437 0.025142172338974447 4.6437388639375997e-25)
(-0.0019585886988031866 0.022354566367760592 0)
(-0.0021870923193920626 0.019644519612694686 0)
(-0.0024051790978634031 0.017058670158054661 0)
(-0.0026103133329883404 0.014628615876643004 0)
(-0.0028006379809715851 0.012373801396046529 0)
(-0.0029748975982424415 0.010304086063549362 -2.631074437620094e-25)
(-0.0031323492892725503 0.0084219567256943739 -2.412203672955326e-25)
(-0.0032726710059018701 0.0067243882603950089 0)
(-0.003395873608789042 0.0052043771937459156 0)
(-0.0035022207284732682 0.0038521843442223063 0)
(-0.0035921586665688863 0.0026563255796375144 0)
(-0.003666257279211293 0.0016043486733269051 0)
(-0.0037251618799916805 0.00068343105978320982 0)
(-0.0037695555897396247 -0.00011917068071508948 1.4447582758521638e-25)
(-0.0038001311649184816 -0.00081579282405561983 1.362141936271594e-25)
(-0.0038175711111424772 -0.0014181349845556377 0)
(-0.0038225347700452474 -0.001937109481084825 0)
(-0.0038156510509269716 -0.0023827529681903223 0)
(-0.0037975155423138137 -0.0027641863540440988 0)
(-0.0037686908408796288 -0.0030896113245409565 1.0568003172018217e-25)
(-0.0037297090824783526 -0.0033663338115874387 1.009677557664135e-25)
(-0.003681075824021707 -0.003600806510283024 0)
(-0.003623274593594762 -0.0037986840883874715 0)
(-0.0035567715876086486 -0.0039648860602059738 0)
(-0.0034820201393494983 -0.0041036634308289398 -8.4175114852501897e-26)
(-0.0033994647077937568 -0.0042186661699545958 -8.0237816866667474e-26)
(-0.0033095442368982213 -0.0043130093625479496 0)
(-0.0032126948140884701 -0.0043893365229007971 0)
(-0.0031093516144486935 -0.0044498790669181623 -6.8534725531461151e-26)
(-0.0029999501572548805 -0.0044965113328074638 -6.4613606172705083e-26)
(-0.0028849269274738507 -0.0045308008406442866 6.0668162214406799e-26)
(-0.0027647194300718754 -0.0045540537034003932 5.669683051110013e-26)
(-0.0026397657524546464 -0.0045673552612621885 5.2701855754971355e-26)
(-0.0025105037125716196 -0.004571606120892904 4.8688701033802522e-26)
(-0.0023773696690609076 -0.0045675538531258098 4.466548292654046e-26)
(-0.0022407970666464363 -0.004555820645860958 4.0642434509444112e-26)
(-0.0021012147857279373 -0.0045369272312735832 0)
(-0.0019590453602768686 -0.0045113134137882071 0)
(-0.0018147031230615373 -0.0044793555222055826 2.8697999167410856e-26)
(-0.0016685923320035761 -0.0044413810993151823 2.480330789691957e-26)
(-0.0015211053261529499 -0.0043976811277960728 0)
(-0.0013726207543589182 -0.0043485200739988988 0)
(-0.0012235019142017029 -0.004294144012566857 0)
(2.8981269755647147e-06 0.006573349246420738 0)
(1.3508493930882525e-05 0.017074593162496522 0)
(1.5228238046720618e-05 0.025171620960848975 8.5531688026889806e-25)
(-2.3469776964283159e-06 0.031109911677735587 0)
(-4.7178973670476806e-05 0.035142857837940404 -7.2788414256141397e-25)
(-0.00012352679632428399 0.037529582592672618 0)
(-0.00023270439016435918 0.038529167343132525 0)
(-0.00037363122871194476 0.038393253704597959 0)
(-0.0005433159005084605 0.037358847989808736 0)
(-0.0007373740370036115 0.035642317933343076 0)
(-0.00095054792112045437 0.033435184026923213 0)
(-0.0011771857140691743 0.030901904074515568 0)
(-0.0014116492487245139 0.028179516793024648 0)
(-0.0016486309461008894 0.025378793693085225 0)
(-0.0018833738501145374 0.022586453542846465 0)
(-0.0021118007975351044 0.019867998652357177 0)
(-0.002330566744550568 0.017270800917303625 0)
(-0.0025370518885133027 0.014827161696566119 0)
(-0.0027293133684065936 0.012557165841830357 0)
(-0.0029060112710961451 0.010471230929970354 0)
(-0.0030663216122567517 0.0085723123223460096 0)
(-0.0032098457585746296 0.0068577639062946802 0)
(-0.003336522873195543 0.005320877218436851 0)
(-0.0034465496167432937 0.0039521328168547797 0)
(-0.0035403095409648169 0.0027402014394131628 0)
(-0.0036183132989354456 0.0016727318253247241 0)
(-0.0036811498642859834 0.00073695922979911911 -1.0418895994463997e-25)
(-0.0037294483074434685 -7.9835056935342397e-05 -9.8001143902147223e-26)
(-0.0037638492388106129 -0.0007899867345785666 0)
(-0.0037849847741666803 -0.0014052112310433409 0)
(-0.0037934657129153962 -0.0019364466623038594 0)
(-0.0037898745733986909 -0.002393760360818193 0)
(-0.0037747631822623632 -0.0027863049329106423 0)
(-0.0037486535945207224 -0.0031223120384650466 0)
(-0.0037120412678827617 -0.0034091140762031605 0)
(-0.0036653995813888539 -0.0036531857101637288 0)
(-0.0036091849648743888 -0.0038601987111474192 0)
(-0.0035438420780910759 -0.0040350849262321695 0)
(-0.0034698086359804805 -0.004182103341561166 0)
(-0.0033875196129153303 -0.0043049081794384924 0)
(-0.0032974106705718565 -0.0044066157825855996 0)
(-0.0031999207412633499 -0.0044898687004656388 0)
(-0.0030954937629530214 -0.0045568959210074804 0)
(-0.0029845796069538099 -0.0046095686032000434 0)
(-0.0028676342682409746 -0.0046494509795264021 0)
(-0.0027451194050672062 -0.0046778463291537913 0)
(-0.0026175013225180322 -0.0046958380889707196 0)
(-0.0024852494965411486 -0.0047043262840054554 0)
(-0.0023488347329583196 -0.0047040595334778626 0)
(-0.0022087270515564711 -0.0046956629337026922 0)
(-0.0020653933795802323 -0.0046796621423021885 0)
(3.3746976807029536e-06 0.0065647006032879974 0)
(1.8157517155860059e-05 0.017065472946772107 0)
(2.6481185141401243e-05 0.02517562879249588 8.496623011652931e-25)
(1.6991561827300778e-05 0.031136932006206427 0)
(-1.9179060375782587e-05 0.035199129355067811 -7.2313184420114658e-25)
(-8.6857156280172409e-05 0.037618143901890548 0)
(-0.00018771437018565853 0.038650311903236742 0)
(-0.00032095235564110527 0.038545049155620896 0)
(-0.0004837692665871413 0.037537669661631953 0)
(-0.00067190571788443548 0.035843380664801153 0)
(-0.00088017820610412814 0.033653047507896348 0)
(-0.0011029660132746743 0.031130920862788181 3.7656962618105169e-25)
(-0.0013346257247188256 0.028414198276250802 3.4159910853562143e-25)
(-0.0015698148613125745 0.025614081578280719 0)
(-0.0018037186604922442 0.022817897168147409 0)
(-0.0020321858040615874 0.020091848222385644 0)
(-0.0022517867768269994 0.017484032445756754 0)
(-0.0024598121824313192 0.015027451283975767 0)
(-0.0026542285975179017 0.012742829981299178 0)
(-0.0028336076184682481 0.010641147022780444 0)
(-0.0029970408116326238 0.0087258304936498939 0)
(-0.0031440501607844971 0.0069946181966811698 0)
(-0.0032745007719500478 0.00544110163309905 0)
(-0.0033885202708629622 0.0040559856523716851 0)
(-0.003486427536474167 0.0028280997547804089 0)
(-0.0035686720874375417 0.0017451967945925169 0)
(-0.0036357844811908445 0.00079457231290618654 -1.0594605828277369e-25)
(-0.0036883374070982656 -3.6465743888059222e-05 -9.977593122158515e-26)
(-0.0037269166590835124 -0.00076025084938064933 0)
(-0.0037521009164500395 -0.0013885126222286492 0)
(-0.0037644490174223049 -0.0019322131475760557 0)
(-0.0037644933304826185 -0.002401448185146936 0)
(-0.0037527378969271366 -0.0028053992102917086 0)
(-0.0037296600422182442 -0.0031523243560758092 0)
(-0.0036957143125698425 -0.0034495782864124224 0)
(-0.0036513377597681808 -0.0037036527616184103 0)
(-0.0035969557815170223 -0.0039202311908169592 0)
(-0.0035329879087133849 -0.0041042518132001753 0)
(-0.003459853102046496 -0.0042599753199991184 0)
(-0.0033779742697992361 -0.0043910537281501901 0)
(-0.003287781842456278 -0.0045005981538643706 0)
(-0.0031897163368322938 -0.0045912438211165524 0)
(-0.0030842299145958795 -0.0046652111907408093 0)
(-0.0029717869905276349 -0.0047243625266610405 0)
(-0.0028528639785870276 -0.0047702535441193593 0)
(-0.0027279482829156189 -0.0048041800278494345 0)
(-0.0025975366499430847 -0.0048272194822455775 0)
(-0.0024621329998421788 -0.0048402679953662006 0)
(-0.0023222458530640067 -0.0048440725767377631 0)
(-0.0021783854622786378 -0.0048392592759453372 0)
(-0.0020310607528920047 -0.0048263574134107205 0)
(3.8939955040898271e-06 0.006553590130519679 8.9850672791319623e-25)
(2.3210048634705224e-05 0.017050608351998429 0)
(3.8697767450543239e-05 0.025171930817089887 -8.4336224072320746e-25)
(3.7938763482735707e-05 0.031155254935616241 0)
(1.1104998423017277e-05 0.035246404454277409 0)
(-4.7248287875518514e-05 0.037697907105970818 0)
(-0.00013921898774292831 0.038763198695558256 6.0238111871331742e-25)
(-0.00026428597242364238 0.038689359852007575 1.099216405361623e-24)
(-0.00041984210234427576 0.037709936812283636 5.004639494134562e-25)
(-0.00060175493007788507 0.036038916905381121 0)
(-0.00080491188581501905 0.033866461602343169 -4.1340944435929447e-25)
(-0.0010237171050565227 0.031356574039534346 -1.0970486373861031e-39)
(-0.0012525142956865791 0.028646577505678852 3.4094099793451846e-25)
(-0.0014859179861678815 0.025848078068342741 0)
(-0.0017190476033546388 0.023048990465633815 0)
(-0.0019476701059031164 0.020316205808181872 0)
(-0.002168264589848846 0.017698540313441556 0)
(-0.0023780259199012487 0.015229692887142684 0)
(-0.0025748247862104443 0.012931030113346328 0)
(-0.002757139781844953 0.010814094800879904 0)
(-0.0029239742641496854 0.0088827926234093645 0)
(-0.0030747677290159725 0.0071352507464851429 0)
(-0.0032093086440340987 0.0055653659921386569 0)
(-0.0033276533876044948 0.0041640723001826483 0)
(-0.0034300541545765717 0.0029203619130870047 0)
(-0.003516897350431447 0.0018220948838718642 0)
(-0.0035886530133965333 0.00085662930371411031 0)
(-0.0036458350999690561 1.1301411996832005e-05 0)
(-0.0036889718740921486 -0.00072621872708842109 0)
(-0.0037185854551493864 -0.0013676737311047011 0)
(-0.0037351791811400989 -0.0019240482031925436 0)
(-0.0037392313302850211 -0.0024054644077067208 0)
(-0.0037311938918632021 -0.0028211301036560805 0)
(-0.003711494967464435 -0.0031793265292272754 0)
(-0.0036805435926433767 -0.0034874264166325267 0)
(-0.003638735925699332 -0.0037519336184671324 0)
(-0.0035864619426087584 -0.0039785374502362492 0)
(-0.0035241119739085592 -0.0041721762069164897 0)
(-0.0034520826047172971 -0.0043371054981836601 0)
(-0.0033707816229865337 -0.0044769680700511832 0)
(-0.0032806318379918873 -0.0045948626448991279 0)
(-0.0031820736994159181 -0.0046934100255338332 0)
(-0.0030755667285317116 -0.0047748152840234011 0)
(-0.0029615898302599955 -0.0048409253076437033 0)
(-0.0028406405924594727 -0.0048932813191916716 0)
(-0.0027132337010896722 -0.00493316624456699 0)
(-0.0025798986108545789 -0.0049616469836685452 0)
(-0.0024411766139329581 -0.0049796117666321572 0)
(-0.0022976174470082313 -0.0049878028596285597 0)
(-0.0021497755708811172 -0.004986844934026141 0)
(-0.0019982062487256648 -0.0049772694387324144 0)
(4.4583096749184449e-06 0.006539805002461721 8.9150896323246197e-25)
(2.8696504441089385e-05 0.017029510001748894 0)
(5.1955549944526217e-05 0.025159877707865291 -8.3635287486784587e-25)
(6.0651560021536935e-05 0.031164171866286949 0)
(4.3895413758458809e-05 0.035284008281967365 -7.1166753192037193e-25)
(-4.4238486550532817e-06 0.037768239697531819 -1.306068798138516e-24)
(-8.6868799463011521e-05 0.038867271462549591 -1.2685493584067657e-39)
(-0.00020321967716184988 0.038825719265957542 1.0908416591789463e-24)
(-0.0003510669820944962 0.037875277970702441 4.969589389923324e-25)
(-0.00052640733147382083 0.036228648967958597 0)
(-0.00072419592983485545 0.034075237349589005 -4.1121642881246514e-25)
(-0.00093885524889485779 0.031578756166357726 -3.7382309001132515e-25)
(-0.0011647079975389601 0.028876620370725751 0)
(-0.0013963169874087081 0.026080813957819401 0)
(-0.0016287271197563836 0.023279820963839841 0)
(-0.0018576153153083595 0.020541208055121298 0)
(-0.002079361624155398 0.017914503404459978 0)
(-0.0022910583317555925 0.015434101585399027 0)
(-0.0024904742939484952 0.013122012328867986 0)
(-0.0026759900519610141 0.010990347011783258 0)
(-0.0028465165554744016 0.0090434945116874711 0)
(-0.0030014073674243477 0.0072799774383965924 0)
(-0.0031403714905823233 0.0056940037779316596 0)
(-0.0032633916844345833 0.0042767416789137409 0)
(-0.0033706513617956743 0.0030173502494365676 0)
(-0.0034624718062352218 0.0019037997977491017 0)
(-0.0035392604424030619 0.00092351305059843011 0)
(-0.0036014701259074367 6.3855878123570323e-05 0)
(-0.0036495689130142143 -0.00068749724545482576 0)
(-0.0036840192471264306 -0.0013423011362909323 0)
(-0.0037052653306218716 -0.0019115619087163632 0)
(-0.0037137272944261861 -0.0024054268050837991 0)
(-0.0037098006187182742 -0.0028331275953298873 0)
(-0.0036938594198881822 -0.0032029654555758408 0)
(-0.0036662622814487684 -0.0035223270573340047 0)
(-0.003627359490140823 -0.0037977232638727277 0)
(-0.0035775007395619173 -0.0040348433382169317 -6.8566668005204668e-26)
(-0.0035170425729286166 -0.00423861892273549 -6.5641738252876856e-26)
(-0.0034463550370391503 -0.0044132932528152405 0)
(-0.0033658271988568928 -0.0045624921147059622 0)
(-0.0032758713274093315 -0.0046892939504397831 0)
(-0.0031769256644851398 -0.0047962972553458362 -5.3954442856434911e-26)
(-0.0030694557989776414 -0.0048856840154660429 -5.0946663749322406e-26)
(-0.0029539547249875782 -0.004959278406617528 0)
(-0.0028309417074119736 -0.0050186003401803559 0)
(-0.0027009601053962521 -0.0050649137103917176 0)
(-0.0025645743180256453 -0.0050992693913095126 0)
(-0.0024223660215743625 -0.0051225431647409728 0)
(-0.0022749298662795526 -0.005135468847471741 0)
(-0.0021228687949261895 -0.0051386669389596419 0)
(-0.0019667891368215342 -0.0051326691388631374 0)
(5.0705029012915964e-06 0.0065231163559554923 0)
(3.4650027098016114e-05 0.017001648889432418 0)
(6.6339132730164549e-05 0.025138772336362213 8.2857739904782144e-25)
(8.5283002578582181e-05 0.031162921278026223 7.6558149063148034e-25)
(7.941734568901645e-05 0.03531117026637174 -7.04829569892902e-25)
(4.1915391190815927e-05 0.037828439467899891 -1.2936011828117543e-24)
(-3.0290678754910621e-05 0.038961893896623245 -5.9192667358565595e-25)
(-0.00013731551825363887 0.038953596699119776 0)
(-0.00027694482757511184 0.038033267421353503 0)
(-0.00044531097834839517 0.036412253624635404 4.4879184588928966e-25)
(-0.00063743409139699358 0.034279148576479644 4.08470011797848e-25)
(-0.00084774826471189862 0.031797330511500146 0)
(-0.0010705465729837667 0.02910427082800119 0)
(-0.0013003307537588166 0.026312304799860253 0)
(-0.001532061758666814 0.023510466902367425 -2.8108257495390275e-25)
(-0.0017613173907331241 0.020766987510141197 -2.5665216128365724e-25)
(-0.0019843702204870649 0.018132100956162907 0)
(-0.0021982023732374217 0.015640896580968129 0)
(-0.0024004742495026834 0.013316030008437498 0)
(-0.0025894627040761696 0.011170186350084557 0)
(-0.0027639815938591611 0.0092082441542654971 0)
(-0.0029232947228544671 0.0074291282919489131 0)
(-0.0030670285269539816 0.0058273643393593156 0)
(-0.0031950895986119091 0.004394360177591719 0)
(-0.003307590381780144 0.003119446118368958 0)
(-0.0034047850105558223 0.0019907058067022902 0)
(-0.0034870162312649394 0.00099562854144499315 0)
(-0.0035546735508604137 0.00012161086561066067 0)
(-0.003608162176276514 -0.00064366787929342377 0)
(-0.0036478817797350144 -0.0013119743687626975 0)
(-0.0036742138659234267 -0.0018943357114073586 -9.1085473864830746e-26)
(-0.0036875163154196314 -0.002400923061282471 -8.7123252934573251e-26)
(-0.0036881235264320592 -0.002840990315611623 0)
(-0.0036763506687604256 -0.0032228557040624231 0)
(-0.0036525006407688012 -0.0035539158577532846 0)
(-0.003616872496582805 -0.0038406835665318983 7.374779881536915e-26)
(-0.0035697703195937541 -0.0040888419185516021 -1.805119113374618e-39)
(-0.0035115117405286329 -0.0043033088699985346 -6.7768854384133358e-26)
(-0.0034424355143756104 -0.0044883075096560955 0)
(-0.0033629077659707808 -0.0046474383553299185 0)
(-0.0032733266805805303 -0.0047837509420038732 0)
(-0.0031741255500723591 -0.0048998127352163192 -5.5766849188137699e-26)
(-0.0030657741879646233 -0.0049977740338160445 -5.2644530821116907e-26)
(-0.0029487788011194642 -0.005079428025627903 0)
(-0.0028236804567712977 -0.0051462655431100358 0)
(-0.0026910523159573399 -0.0051995243513460292 0)
(-0.0025514958228338874 -0.0052402330055594916 0)
(-0.0024056360476301069 -0.0052692494566550811 0)
(-0.0022541163819929169 -0.0052872946760819965 0)
(-0.0020975927812179394 -0.0052949816282397422 0)
(-0.0019367277396325189 -0.0052928399498753179 0)
(5.7334605778216743e-06 0.0065032783270129024 -8.7536067882856309e-25)
(4.1104824027957378e-05 0.016966452264558774 -8.8440639109487663e-25)
(8.193634955113944e-05 0.025107854378685075 8.1997252295145999e-25)
(0.00011198924065323896 0.031150664415547039 7.5739582022879262e-25)
(0.00011791122048888368 0.035327046958720021 0)
(9.2071307425334016e-05 0.037877716522292923 0)
(3.0896015143533383e-05 0.039046377799825345 0)
(-6.6099237640561111e-05 0.039072392032946199 0)
(-0.00019694194222158023 0.038183418402474009 -4.8793832262995508e-25)
(-0.00035787504569103154 0.036589356063073439 -3.6212956409641561e-39)
(-0.00054398564287057695 0.034477926215858511 4.0510830596059608e-25)
(-0.0007497137937980935 0.032012125672239509 0)
(-0.00096931409768281787 0.029329445872191589 0)
(-0.0011972173271314189 0.026542546258645897 0)
(-0.0014282903966208026 0.023740992954244106 -2.8021383990734339e-25)
(-0.0016580021372463848 0.020993668677787611 -2.5625916323967329e-25)
(-0.0018825083901253552 0.018351508904167979 -2.3475366979370006e-25)
(-0.0020986727496354182 0.015850297782579178 -2.1548190600454526e-25)
(-0.0023040398115819032 0.013513340590762432 0)
(-0.0024967764651736223 0.011353902357483656 0)
(-0.0026755942458004888 0.0093773587255630252 0)
(-0.0028396629406404169 0.0075830444892574468 0)
(-0.0029885230006837134 0.0059658099326754411 0)
(-0.0031220021015304911 0.0045173086996755738 0)
(-0.0032401394368174611 0.0032270469473430195 0)
(-0.0033431199642487272 0.0020832248357954227 0)
(-0.0034312197672454474 0.0010734000714607938 0)
(-0.003504762863232275 0.00018500063693322464 0)
(-0.0035640891445699908 -0.00059428915317629154 0)
(-0.0036095325946334952 -0.001276248038403057 0)
(-0.003641408568126725 -0.0018719241305847319 -9.3378623879927445e-26)
(-0.00366000867623965 -0.0023915119529024421 -8.9456754112931715e-26)
(-0.0036656016650966944 -0.0028442861191809747 0)
(-0.0036584387011319181 -0.0032385794074451645 0)
(-0.0036387615587851036 -0.0035817946799779165 0)
(-0.0036068123769265846 -0.0038804416670772768 7.6124033880530311e-26)
(-0.0035628438654678866 -0.0041401910880379707 7.3089557612766578e-26)
(-0.003507129078078959 -0.0043659399309137845 0)
(-0.0034399700984028467 -0.0045618829419039305 0)
(-0.003361705199044154 -0.0047315864723119442 0)
(-0.0032727142148612901 -0.0048780617851478516 0)
(-0.003173422020514907 -0.0050038357299454009 0)
(-0.0030643001171608902 -0.0051110173559804203 0)
(6.4497048048414869e-06 0.0064800283131942887 -8.6609122180805784e-25)
(4.809396662367985e-05 0.016923303595133256 -8.7459629702987186e-25)
(9.8834215289524024e-05 0.025066299416779451 8.1047258680714665e-25)
(0.00014092619056262437 0.031126485283121126 1.4966320285757254e-24)
(0.00015961279344971148 0.035330716026758108 1.3772211688591051e-24)
(0.00014638465446731248 0.037915193269056131 6.3182904318441743e-25)
(9.710079714188889e-05 0.039119952851338187 0)
(1.0903698350444981e-05 0.039181444391615895 0)
(-0.00011049170936013308 0.038325180517276368 1.8857491603808154e-39)
(-0.00026346916390547855 0.036759524152298523 1.0461805742710964e-55)
(-0.00044316463634450011 0.034671252545965071 0)
(-0.00064401799852199532 0.032222929855586002 0)
(-0.0008602369234943318 0.029552029948109935 0)
(-0.001086171056571168 0.026771508799046849 0)
(-0.0013165826121928493 0.02397144522952737 0)
(-0.0015468207912270567 0.021221363323414053 -2.5547630745378029e-25)
(-0.0017729145882508107 0.018572895451301846 -7.0332950343447389e-25)
(-0.0019915998562404793 0.01606252159031616 -4.3117129281827198e-25)
(-0.0022002972490219601 0.013714201513857454 0)
(-0.0023970566989797142 0.011541787457881871 0)
(-0.0025804815790005453 0.0095511606481677707 0)
(-0.0027496429059526589 0.0077420744276984069 0)
(-0.0029039913589700888 0.0061097117194091046 0)
(-0.0030432727087365604 0.0046459785864758161 0)
(-0.0031674505076183307 0.0033405620885761651 0)
(-0.0032766385208814674 0.0021817822750725274 0)
(-0.0033710442992554092 0.0011572670782236665 0)
(-0.0034509244269187644 0.00025447647715293799 0)
(-0.0035165512774117686 -0.0005389005355249057 0)
(-0.0035681905140687946 -0.0012346554390110106 0)
(-0.0036060881617873083 -0.001843857930603306 0)
(-0.0036304657750987745 -0.0023767259532818407 0)
(-0.0036415220350280004 -0.0028425539910308163 0)
(-0.0036394390998912775 -0.0032496873549892279 0)
(-0.0036243921057361466 -0.0036055317854414167 0)
(-0.0035965603755827753 -0.0039165891942877411 0)
(-0.0035561391170330636 -0.0041885117923191025 0)
(-0.0035033506334756705 -0.0044261681830299118 0)
(-0.0034384543201675462 -0.0046337162441917939 0)
(-0.0033617549442580964 -0.0048146787399854932 0)
(-0.0032736089056656366 -0.0049720185928469243 0)
(-0.0031744283384889682 -0.0051082115851739263 0)
(7.2214677823842341e-06 0.0064530876594276381 0)
(5.5649384329661156e-05 0.016871543326196801 -8.6382837795008171e-25)
(0.00011711929371081077 0.025013219748486092 0)
(0.00017225324927928483 0.031089391555170195 1.476551514753722e-24)
(0.00020476535361590837 0.035321174487235971 1.3582058753847989e-24)
(0.00020518933774420569 0.037939918806973158 0)
(0.00016875695239906326 0.039181741208704227 -5.702201197667721e-25)
(9.4207718210477759e-05 0.039280011707632227 5.211233792583429e-25)
(-1.7006883330844051e-05 0.038457930382532007 9.5155342969417209e-25)
(-0.00016142663621675283 0.036922261267743596 4.3420247590292168e-25)
(-0.00033424009647874846 0.034858753894662822 0)
(-0.00052987512929205131 0.032429483518132116 -3.6180159956231441e-25)
(-0.00074248231161602035 0.029771868047361993 -3.3060660085127318e-25)
(-0.00096632023173701793 0.026999131332324827 0)
(-0.0011960354057329759 0.024201845348289001 2.7706801198034905e-25)
(-0.00142684583929063 0.021450164886774807 -8.2137550850784897e-40)
(-0.0016546426188209491 0.01879641575368551 -4.6748164512651683e-25)
(-0.0018760237530221764 0.016277775782799639 -2.1535389316413339e-25)
(-0.0020882769593218754 0.013918865228562238 0)
(-0.00228932742922929 0.011734132021312921 0)
(-0.002477663836856831 0.0097299726336727115 0)
(-0.0026522531004221504 0.0079065686719255301 0)
(-0.0028124519023200963 0.00625944457777245 0)
(-0.0029579208303932535 0.0047807662562396238 0)
(-0.0030885452677202026 0.0034604072795161637 0)
(-0.0032043657844485086 0.0022868112835172493 0)
(-0.003305519684178125 0.0012476783368160329 0)
(-0.0033921944532624656 0.00033050084534011519 0)
(-0.0034645931076838642 -0.00047702813607498738 0)
(-0.0035229107854906983 -0.0011867139739896147 0)
(-0.0035673214548794822 -0.0018096491187539804 0)
(-0.0035979732522658345 -0.0023560756299528369 0)
(-0.0036149907377088487 -0.002835307669837629 0)
(-0.0036184823062055493 -0.0032557016791952384 0)
(-0.0036085510480975773 -0.0036246634441920661 0)
(-0.0035853075084832497 -0.0039486826872468126 0)
(-0.0035488830182175287 -0.0042333871901166125 0)
(-0.0034994425238250079 -0.0044836097789596099 0)
(-0.0034371961027078921 -0.0047034627482102961 0)
(-0.0033624085924326644 -0.0048964154454995603 0)
(-0.0032754069753797798 -0.0050653717590478115 0)
(-0.0031765853366406117 -0.0052127451256612656 0)
(8.0506696664218035e-06 0.0064221623600168075 0)
(6.3801547921545993e-05 0.016810469254548873 -8.5203522813962974e-25)
(0.00013687661464937276 0.024947663131798484 6.3888995388095293e-40)
(0.00020613045311581701 0.031038310519545646 7.2720682019511331e-25)
(0.00025361666245581174 0.035297328269743571 0)
(0.00026882681413752314 0.037950847414924826 -6.1307346213915991e-25)
(0.0002463066198937377 0.039230789025691805 -5.6108185099605811e-25)
(0.00018434557325211324 0.039367251580872342 5.1281795618122297e-25)
(8.4131070141111138e-05 0.038580971222463012 4.6834858379379129e-25)
(-5.1043173460388447e-05 0.037076988764806418 -4.2764818280611163e-25)
(-0.0002164369583201653 0.035039993751313336 -3.9063327284892873e-25)
(-0.00040644755919536709 0.032631473100666337 -3.5704101243141734e-25)
(-0.00061515708896432079 0.029988759477315111 -3.2668230823612527e-25)
(-0.00083672483707756184 0.027225314725822077 -2.9930453328671002e-25)
(-0.0010656701732546987 0.0244321838826673 0)
(-0.0012970671080134142 0.021680142062046066 2.524882787181969e-25)
(-0.0015266567706921279 0.019022205686922665 0)
(-0.0017508883048311561 0.016496253432939971 0)
(-0.0019669065717911821 0.014127573195218056 0)
(-0.002172503358265875 0.011931218358622719 0)
(-0.0023660453129172999 0.0099141115882756189 0)
(-0.0025463892562499666 0.0080768736882043599 0)
(-0.0027127931234146611 0.0064153805969892203 0)
(-0.0028648286814552024 0.0049220664113340321 0)
(-0.0030023004356460421 0.0035869975448132368 0)
(-0.00312517376297868 0.0023987454030266584 -1.2617553236225257e-25)
(-0.003233514190325477 0.0013450843430837251 -1.1992337482277087e-25)
(-0.0033274387932022971 0.00041353963101500954 0)
(-0.0034070798843885319 -0.00040819245026722453 0)
(-0.0034725604674574894 -0.0011319327236594674 0)
(-0.0035239803786096193 -0.0017687981341148531 0)
(-0.0035614116312751489 -0.0023290562363616225 0)
(-0.0035849012162608267 -0.0028220414177068452 0)
(-0.0035944795139033932 -0.003256120585314032 0)
(-0.0035901725128589159 -0.0036386974254497871 0)
(-0.0035720161769160889 -0.0039762456799174971 0)
(-0.0035400715231504254 -0.0042743632070948992 0)
(-0.0034944392358004723 -0.004537839895404538 0)
(-0.0034352729097586669 -0.0047707337488247801 0)
(-0.0033627902723009024 -0.0049764506322623331 0)
(-0.0032772819569188813 -0.0051578242168319448 0)
(-0.0031791175920968767 -0.0053171935782368833 0)
(8.9387963987020088e-06 0.0063869440519300352 0)
(7.2578658869918661e-05 0.016739337495503579 0)
(0.00015818778382963849 0.024868612302673249 7.7593639140015832e-25)
(0.00024271499864266937 0.030972086785796018 7.1504031839215257e-25)
(0.00030641448193935173 0.035257988812695353 0)
(0.000337643114654499 0.037946833204411015 0)
(0.00033019841262361109 0.039266043648779399 0)
(0.0002818758191995037 0.039442229238285796 0)
(0.00019355975295130847 0.038693513192219989 0)
(6.8411768106148218e-05 0.037223075198111383 -4.2014832863268929e-25)
(-8.8926897370229552e-05 0.035214443353059267 -3.84057124589682e-25)
(-0.00027284567622506376 0.032828512216943981 0)
(-0.00047730776874331825 0.030202446047375653 0)
(-0.00069637600428954774 0.02744991247045353 -2.9543280903031577e-25)
(-0.00092443085331256 0.024662412089441928 -2.7157463917300935e-25)
(-0.0011563885993186647 0.021911331111304975 0)
(-0.0013878274763041664 0.019250374485834092 0)
(-0.0016150357113375753 0.016718125724915312 0)
(-0.0018350043398999629 0.014340548763474986 0)
(-0.0020453820878559119 0.012133313554479113 0)
(-0.0022444053457256283 0.010103881290142985 0)
(-0.0024308140489734432 0.0082533242628175518 0)
(-0.0026037619988713762 0.0065778811469138785 0)
(-0.0027627280503625361 0.0050702636920030922 0)
(-0.0029074328762737174 0.0037207383992402766 0)
(-0.0030377646392451547 0.0025180093164246229 -1.2800372068969259e-25)
(-0.0031537157636444941 0.0014499276807157424 -1.2196480299515044e-25)
(-0.0032553320224767588 0.00050405223040259832 0)
(-0.0033426742975006881 -0.00033191843398793235 0)
(-0.0034157926238214398 -0.0010698224734232696 0)
(-0.0034747115104097992 -0.0017208035917263742 0)
(-0.0035194250690771881 -0.0022951569080188142 0)
(-0.0035499001787495199 -0.002802238389320825 0)
(-0.0035660857703543485 -0.0032504256135513802 0)
(-0.0035679263376763928 -0.0036471188871977272 0)
(-0.0035553779119574347 -0.0039987729818054983 0)
(-0.0035284249559708668 -0.0043109510145396572 0)
(-0.0034870968971380235 -0.0045883932718843072 0)
(-0.0034314832956374233 -0.0048350950289619806 0)
(-0.0033617469071241914 -0.0050543886066761728 0)
(-0.00327813413459616 -0.0052490259938988192 0)
(-0.003180982562714171 -0.0054212593117029841 0)
(9.8867795532683813e-06 0.0063471114764663888 0)
(8.2005736418273772e-05 0.016657364429793719 8.2510299429705014e-25)
(0.00018112904345303051 0.024774985779527785 7.6218824968257601e-25)
(0.00028215822175437774 0.030889481339479784 -7.0170814145843004e-25)
(0.00036340270248625593 0.035201870658576058 -6.4415017919878555e-25)
(0.00041198506779827082 0.037926626050804303 5.8996698488323405e-25)
(0.00042088668329442601 0.039286346421049376 5.3950655636742329e-25)
(0.00038736460956954085 0.039503909647626081 0)
(0.00031197018188205755 0.038794653931966391 0)
(0.00019768913399215328 0.037359785149609553 0)
(4.9119823504795959e-05 0.035381527564495863 -3.7647791442955681e-25)
(-0.00012811645980713188 0.033020153368585513 -3.4483209836324683e-25)
(-0.00032791371885392614 0.030412608496481298 3.1634533562011034e-25)
(-0.00054419292417343167 0.027672723229284876 0)
(-0.00077118139592584063 0.024892433760342052 -2.6774166976115398e-25)
(-0.0010036254551646249 0.022143727552028696 0)
(-0.0012369274040603738 0.019480996430588343 0)
(-0.0014672015375909132 0.016943533681504485 0)
(-0.0016912730158767553 0.014557988890514602 0)
(-0.0019066367785273222 0.012340661077701093 0)
(-0.0021113897035169842 0.010299563773340372 -1.7196041127343748e-25)
(-0.0023041471332080651 0.0084362345374870071 -1.6138421203148129e-25)
(-0.0024839525796627074 0.0067472874520360781 1.5198122739406452e-25)
(-0.0026501873221599151 0.0052257226975106061 1.4363883431207319e-25)
(-0.002802484908186634 0.003862015257628696 0)
(-0.00294065418862557 0.002645007630882094 0)
(-0.0030646133605921637 0.0015626312138549165 0)
(-0.0031743364804992158 0.00060247924384050481 0)
(-0.0032698130057086969 -0.00024774814268668869 0)
(-0.0033510201262374651 -0.00099990847721886543 0)
(-0.003417906954654412 -0.001665174909593139 0)
(-0.0034703891469864728 -0.0022538728498924052 0)
(-0.0035083521747548722 -0.002775382047892897 0)
(-0.0035316612713809149 -0.0032380919392972552 0)
(-0.0035401760867622314 -0.0036493992213855958 0)
(-0.0035337681943479055 -0.0040157377517681669 0)
(-0.0035123398054964536 -0.0043426320557884745 0)
(-0.0034758423082463571 -0.0046347669700829734 0)
(-0.0034242935263282819 -0.0048960672017752307 0)
(-0.0033577928623142466 -0.0051297817925028931 0)
(-0.0032765337290970439 -0.0053385695936697458 0)
(-0.0031808128785746847 -0.0055245828453537038 0)
(1.0894871823322473e-05 0.0063023324595012442 0)
(9.2103588255975827e-05 0.016563729712830353 1.6196635423697148e-24)
(0.00020576901462913578 0.024665639875555066 1.4944252813206853e-24)
(0.00032460200870764784 0.030789171524439489 9.1939643362481001e-40)
(0.00042481638181240879 0.035127589195028099 -6.3011991614158925e-25)
(0.00049219403663859379 0.037888867182105587 -9.2675905894963904e-40)
(0.00051882504315942395 0.039290425859255344 5.2691295731163784e-25)
(0.00050137801157695545 0.03955114722507206 0)
(0.00044003985644077044 0.038883390122115613 0)
(0.00033760053793119288 0.037486249452456058 0)
(0.00019860953679330827 0.035540574308937631 -3.678138521191328e-25)
(2.8714962132932698e-05 0.033205873804353934 -2.4951924033382281e-39)
(-0.00016590528338838038 0.030618855742303462 3.0974038037737119e-25)
(-0.00037902837419326031 0.02789348101449653 -2.8512007179674113e-25)
(-0.00060470676759363752 0.025122095480499793 -2.6305773535940621e-25)
(-0.00083750293203733582 0.022377276467821804 0)
(-0.001072628868840684 0.019714101263194561 2.2557914356482535e-25)
(-0.001306010731388905 0.017172578652888664 2.0971585020636458e-25)
(-0.0015342945611863581 0.014780054611397862 0)
(-0.0017548095722293368 0.012553471111731449 0)
(-0.0019655026973500098 0.010501409378765076 -1.714951799591511e-25)
(-0.0021648558958261188 0.0086258876345466137 -1.6140535294281699e-25)
(-0.0023517953059515205 0.0069239096509148843 1.5243985448919254e-25)
(-0.0025255992464619259 0.0053887763595834252 1.4449187315292727e-25)
(-0.0026858103845201881 0.0040111810353407043 0)
(-0.002832156000720966 0.002780111663957246 0)
(-0.0029644791077203807 0.0016835840730475957 0)
(-0.0030826821373374255 0.00070922773908776765 0)
(-0.0031866839603059173 -0.00015525604401507418 1.1656521947067271e-25)
(-0.0032763901759576084 -0.00092174612900392818 1.1268674911953905e-25)
(-0.0033516758045733044 -0.0016014480601683752 0)
(-0.0034123790296766996 -0.0022047208321912719 -1.0592951115707554e-25)
(-0.0034583042410123803 -0.0027409710257926025 -1.0288892740982297e-25)
(-0.0034892323328475161 -0.0032186021916908681 0)
(-0.0035049362544478323 -0.0036450084147009289 0)
(-0.0035051998786477232 -0.0040266019966777415 0)
(-0.0034898384545708197 -0.0043688663107226602 9.1331436178318357e-26)
(-0.0034587191669905731 -0.004676426084575456 8.8302461811575364e-26)
(-0.0034117806004202019 -0.0049531286188564958 0)
(-0.0033490501728663576 -0.0052021306739855853 0)
(-0.0032706588443283868 -0.0054259869080846169 0)
(-0.0031768526104574511 -0.0056267367696301506 0)
(1.1962520521878741e-05 0.006252266446268597 0)
(0.00010288769712041315 0.016457580454726405 7.9327360623115388e-25)
(0.00023216621280727632 0.02453937208730584 7.3094814234262792e-25)
(0.00037017491064166274 0.030669752323742104 1.3425700284743511e-24)
(0.0004908766579374272 0.035033659510234585 1.229573774450094e-24)
(0.0005786000670079739 0.037832086038491378 5.6191511238490769e-25)
(0.00062446188263593936 0.03927689320121755 1.0260219723800187e-24)
(0.00062448585681724805 0.03958268031055779 4.6823141701664645e-25)
(0.0005784609878112134 0.038958614638747523 0)
(0.00048896335919118279 0.037601526620887289 0)
(0.00036047713306195544 0.035690781805930862 0)
(0.00019867977468637272 0.033385042028577616 3.2841819651686616e-25)
(9.8402188006931709e-06 0.030820707793763301 1.7752352032338446e-40)
(-0.00019966829566623169 0.028111841567750956 -2.7847262775760612e-25)
(-0.00042371323107781236 0.025351174353173713 0)
(-0.00065665586067279065 0.022611861005638167 0)
(-0.00089350210756286347 0.019949663128331512 2.2176305423294322e-25)
(-0.0011299746544294062 0.017405311459262166 2.0670899442789292e-25)
(-0.0013625259162042315 0.01500686020575815 0)
(-0.0015883060908974552 0.01277190958282106 0)
(-0.0018051003955706097 0.010709625475766642 0)
(-0.0020112473587039774 0.008822523898935614 -1.6096725189794796e-25)
(-0.0022055475472547146 0.0071080143892246249 -3.0499810654481357e-25)
(-0.0023871700341832019 0.0055597127337457322 -1.4500173792652957e-25)
(-0.0025555622306429764 0.0041685420164106722 0)
(-0.0027103673043168009 0.0029236443117515807 0)
(-0.0028513522204283133 0.0018131255043600876 0)
(-0.0029783483733870136 0.00082465413184181348 0)
(-0.0030912057726090914 -5.40669798755543e-05 1.188020090344465e-25)
(-0.0031897609596649337 -0.00083493957709457757 1.1518769350009334e-25)
(-0.0032738177713445833 -0.0015292045530072701 0)
(-0.0033431397444797385 -0.0021472581868964289 -1.0889020355726278e-25)
(-0.0033974525222381573 -0.0026985377207438882 -1.0604506128157781e-25)
(-0.003436454078565463 -0.0031914641889408592 0)
(-0.0034598308013045116 -0.0036334314345451433 0)
(-0.0034672774361321147 -0.0040308311132951097 0)
(-0.0034585190862055654 -0.0043891045161228897 9.5014537087971272e-26)
(-0.003433333709893112 -0.0047128132060151517 9.2045110554931823e-26)
(-0.003391573825261156 -0.0050057217061999209 0)
(-0.0033331863890523794 -0.0052708867218579569 0)
(-0.0032582300512839836 -0.0055107485563673248 0)
(-0.0031668891860123787 -0.0057272214388484179 0)
(1.3088235549170532e-05 0.0061965676253510757 0)
(0.00011436700588601041 0.016338036665999162 -7.7537148930034295e-25)
(0.00026036627967581597 0.024394925957882448 -7.133382609046075e-25)
(0.00041898778171884808 0.030529738922233672 6.5407256466964798e-25)
(0.00056178506889401872 0.034918495938798255 1.1961770429583473e-24)
(0.00067151513111873829 0.037754696777040367 1.0917152430344938e-24)
(0.00073823287153552128 0.039244235892015193 9.9544851471920102e-25)
(0.00075725413459501705 0.03959711958763093 4.5383708377454306e-25)
(0.00072793032919273091 0.039019092500534244 0)
(0.00065260200490865785 0.037704549199111342 0)
(0.00053567317646463703 0.0358312470025876 0)
(0.00038284840061073537 0.033556916852630563 0)
(0.00020050076167111317 0.03101758580572506 0)
(-4.8348540980179726e-06 0.028327370957618295 0)
(-0.00022683022741033402 0.025579365769298604 0)
(-0.00045962941142778987 0.022847290120098965 0)
(-0.00069801491154287726 0.020187588422130497 0)
(-0.00093748951810618253 0.017641720319612444 0)
(-0.0011742962016894141 0.015238461116541032 0)
(-0.0014053914056875543 0.012996085932038531 0)
(-0.0016283853766470861 0.010924363918901994 0)
(-0.0018414617264664367 0.0090263278522293485 -1.599756737092266e-25)
(-0.0020432859393689053 0.0072998110769866243 -3.0413754810507541e-25)
(-0.002232910449966089 0.0057387603741264857 -1.450825203262382e-25)
(-0.0024096822227384069 0.0043343421866263677 0)
(-0.002573157320128968 0.0030758632205485472 1.335136454442353e-25)
(-0.0027230257666679492 0.0019515268151250457 1.287565479610116e-25)
(-0.002859048935933025 0.0009490449161224365 0)
(-0.0029810106060450632 5.6123450368459395e-05 0)
(-0.00308868215450264 -0.00073916311660379827 0)
(-0.0031818009215945839 -0.0014480935553172543 0)
(-0.0032600607560625623 -0.00208110530294534 0)
(-0.0033231132729679429 -0.0026476707380261996 0)
(-0.0033705774663099759 -0.0031562328315282795 1.0665438174785199e-25)
(-0.0034020558353474303 -0.0036141890247409418 1.0412355000295253e-25)
(-0.0034171549842392816 -0.0040279130070501818 0)
(-0.0034155088446190221 -0.0044028050224662867 0)
(-0.0033968029049549729 -0.0047433624531948481 0)
(-0.0033607980812984245 -0.0050532636602440076 0)
(-0.0033073531082895751 -0.00533545932224947 0)
(-0.003236444548604115 -0.0055922667221481766 0)
(-0.0031481837049193414 -0.005825463520299232 0)
(1.4269446976613494e-05 0.0061348887028924689 0)
(0.00012654256155638136 0.016204198142304841 -7.5607497814458872e-25)
(0.00029039880593684388 0.024230997681625469 -6.9433322520147167e-25)
(0.00047112860101053162 0.0303675709130206 6.3545480827389945e-25)
(0.00063771655003723611 0.034780412833925231 0)
(0.00077122444521144176 0.037654995350822694 0)
(0.00086055024651701261 0.039190811302671026 4.8098030980724691e-25)
(0.00090023215784808481 0.039592938759861841 0)
(0.00088913753897699337 0.039063448495308711 3.9930342027941536e-25)
(0.00082934464766003582 0.037794112424844276 3.6477288047589241e-25)
(0.00072516244844368952 0.035960942469370177 0)
(0.00058231946149413585 0.033720643246633181 0)
(0.00040729870302845539 0.0312087993084753 0)
(0.00020680777520698198 0.028539532552075222 0)
(-1.2615230550486187e-05 0.025806270292452527 0)
(-0.00024488215881764814 0.023083285231739744 -2.2609060062607549e-25)
(-0.00048453428499868883 0.020427702428865362 0)
(-0.00072683672566494742 0.017881717539480074 1.9804848584186118e-25)
(-0.00096780580378677983 0.015474840641854481 0)
(-0.001204187932794512 0.013226039693664236 1.7584559195820571e-25)
(-0.0014334035099039394 0.011145707349418011 1.6655777533842326e-25)
(-0.0016534681255752318 0.009237414021793653 0)
(-0.0018629011439952521 0.0074994370303285646 0)
(-0.0020606296286993569 0.0059260725692200479 0)
)
;

boundaryField
{
    hotWall
    {
        type            calculated;
        value           uniform (0 0 0);
    }
    coldWall
    {
        type            calculated;
        value           nonuniform List<vector> 0();
    }
    bottomWall
    {
        type            calculated;
        value           nonuniform List<vector> 0();
    }
    topWall
    {
        type            calculated;
        value           nonuniform List<vector> 0();
    }
    front
    {
        type            empty;
    }
    back
    {
        type            empty;
    }
    procBoundary7to3
    {
        type            processor;
        value           nonuniform List<vector> 
43
(
(-0.0022458938633535316 0.0045087463653280934 0)
(-0.00241815915357602 0.003236942644274697 1.3407884875443626e-25)
(-0.0025770374707980701 0.0020989718260186114 -7.9157337911177881e-40)
(-0.0027222214686361016 0.0010825956123051929 -1.2599447162074878e-25)
(-0.0028534322596201964 0.00017552626561596486 0)
(-0.0029703812424619943 -0.00063418501374337308 0)
(-0.0030727457607047596 -0.0013578568002259369 0)
(-0.0031601573802153456 -0.0020059713474433203 0)
(-0.0032322010998621594 -0.0025880410231252761 0)
(-0.0032884238224626878 -0.0031125361447875343 2.1994122533827556e-25)
(-0.0033283499026798514 -0.0035868630740713029 2.1531952132168345e-25)
(-0.0033515018307284576 -0.0040173821398390699 0)
(-0.0033574242000398253 -0.0044094558367315413 0)
(-0.003345709310165831 -0.0047675188191419098 0)
(-0.0033160229875311103 -0.0050951624317232234 0)
(-0.0032681294302944553 -0.0053952277944598736 0)
(-0.0032019140814437447 -0.0056699026982488052 -9.0009340843846759e-26)
(-0.0031174036984393146 -0.0059208186884680694 -8.6045375342672275e-26)
(1.5502360585006242e-05 0.0060668853929691444 0)
(0.00013940605007873235 0.016055152992829849 0)
(0.00032227381293438586 0.024046244795900163 0)
(0.00052665661663141197 0.030181618664343286 6.1538845034008007e-25)
(0.00071881138668297023 0.034617627387034208 -1.2186134586118591e-40)
(0.00087797663789293057 0.037531158507845871 5.0936332933260252e-25)
(0.00099179157536602859 0.039114842477094521 1.3881387645563931e-24)
(0.0010539401311152839 0.039568468572297441 4.205720807853372e-25)
(0.0010627526491423626 0.039090160947322289 3.8288650413137151e-25)
(0.0010200126035066915 0.037868865779006951 3.4944765283449457e-25)
(0.00092991591536269159 0.036078699621040176 0)
(0.00079820952214190743 0.03387523329576228 0)
(0.0006314897868040549 0.031393531859963318 0)
(0.00043664566711197589 0.028747670837185227 0)
(0.00022043961467972659 0.026031378497899268 0)
(-1.0791535587246247e-05 0.023319465297427674 -2.180255706310853e-25)
(-0.00025133042434487637 0.020669734547596484 2.0429791521433679e-25)
(-0.00049618550277753923 0.018125124899490731 3.8428625139574896e-25)
(-0.00074112777517507914 0.015715895423941674 1.8136912911382319e-25)
(-0.00098267572671538071 0.013461725966369052 3.4363748025625874e-25)
(-0.0012180432785385733 0.011373654496592223 3.2672549029220185e-25)
(-0.0014450631086274364 0.0094558118771593605 3.1178610351965998e-25)
(-0.001662095686186563 0.0077069418118582769 1.4931634784150099e-25)
(-0.0022458938633535316 0.0045087463653280934 0)
(-0.0018679323741122649 0.0061217108346035883 0)
)
;
    }
    procBoundary7to4
    {
        type            processor;
        value           nonuniform List<vector> 
29
(
(-0.0019192951324439908 -0.0046565039959798145 0)
(-0.0017708857525998937 -0.0046265739912550938 0)
(-0.0016206082704113105 -0.0045902109476197361 0)
(-0.0014688929436630228 -0.0045477191581296834 0)
(-0.0013161550250245626 -0.0044993783153153017 0)
(-0.0011627926993995061 -0.0044454514817225425 0)
(-0.0019192951324439908 -0.0046565039959798145 0)
(-0.0018807761671212956 -0.0048058202631998141 0)
(-0.0018434615393128854 -0.0049595353249655156 0)
(-0.0018072956198136876 -0.0051179390947645028 0)
(-0.0029458664179790903 -0.0052013595603173897 0)
(-0.0028186833818047911 -0.0052763152725595654 0)
(-0.0026833546837582477 -0.0053370879803943125 0)
(-0.0025405206362928302 -0.0053846766175001306 0)
(-0.0023908525874599823 -0.0054199149859149674 0)
(-0.0022350465283333073 -0.0054435059845032675 0)
(-0.0020738161403868714 -0.005456050977197935 0)
(-0.0017721841739772684 -0.0052813367092824836 0)
(-0.0019078855073504538 -0.0054580746700326503 0)
(-0.0029458664179790903 -0.0052013595603173897 0)
(-0.0030646830403362434 -0.0052253149553784448 0)
(-0.0030646830403362434 -0.0052253149553784448 0)
(-0.0030664073534507224 -0.0053405294058777595 0)
(-0.003068749120104553 -0.0054564766647296958 0)
(-0.0030707254299847356 -0.0055729171949108766 0)
(-0.0030710364051120815 -0.0056895467839363795 0)
(-0.003068000462305901 -0.0058059876143051687 0)
(-0.003059484264796112 -0.0059217803766645283 0)
(-0.003042829872134686 -0.0060363784787037193 0)
)
;
    }
    procBoundary7to8
    {
        type            processor;
        value           nonuniform List<vector> 
57
(
(-2.2734060316101031e-06 0.0063053527554580539 -1.4417818306367388e-24)
(-4.3288262439194857e-05 0.016104919314787469 -1.4483247656134357e-24)
(-0.00012962675544770245 0.023364687111873741 0)
(-0.00026238859743142975 0.028378446842427133 0)
(-0.00043935762861124322 0.031456608343173646 3.688259303118613e-25)
(-0.00065728760215786675 0.032916775795326807 6.6595842506418641e-25)
(-0.00091107864325925007 0.033071828521917784 2.9900307681600531e-25)
(-0.0011939404195126129 0.03221768050548815 8.018764460841899e-25)
(-0.0014979727715820389 0.030622781149544538 7.1436937471332388e-25)
(-0.0018148090331059348 0.028520766773747416 0)
(-0.002136217585767475 0.026106812937454607 -3.757513455640315e-25)
(-0.0024545999799553786 0.023537456348504935 -3.3348694745658851e-25)
(-0.0027633450740712421 0.020933132502130067 -4.4427893748031286e-25)
(-0.0030570302102999858 0.018382460924268675 -3.9516979739245945e-25)
(-0.0033314859065329389 0.015947350901743849 0)
(-0.0035837544158393484 0.013668195573673958 2.0985049096582383e-25)
(-0.0038119764496016852 0.011568670413958055 1.8809775892302827e-25)
(-0.0040152375712971759 0.0096598812651990541 0)
(-0.0041933994262473009 0.0079437807006874517 2.2899126515517248e-25)
(-0.0043469336201056655 0.0064158820538873567 2.074334845414391e-25)
(-0.0044767693239800071 0.0050673575320395754 0)
(-0.0045841603440014474 0.0038866263602830393 0)
(-0.004670573606749287 0.0028605362402729074 0)
(-0.004737598598836555 0.0019752281830593683 4.8464569097497582e-26)
(-0.0047868759443034587 0.0012167583813964095 4.4811327573653657e-26)
(-0.0048200426840363962 0.00057153516302209492 0)
(-0.004838691667639579 2.6615847500188577e-05 -7.7596340068307611e-26)
(-0.0048443425811668366 -0.00043010215832527192 -7.2650097003426012e-26)
(-0.0048384223802044133 -0.00080976972917117277 -6.8287807050374388e-26)
(-0.0048222531934099411 -0.0011225336307299277 -3.2214481627943012e-26)
(-0.0047970460597742152 -0.0013775277256563262 3.0501636118901657e-26)
(-0.0047638991392217021 -0.0015828956202555533 0)
(-0.004723799279930066 -0.0017458352831439762 0)
(-0.0046776260350987987 -0.0018726582693321505 -7.912634613609067e-26)
(-0.0046261573983088378 -0.0019688578481258877 -7.5779613861234627e-26)
(-0.0045700766736906026 -0.0020391816645383564 0)
(-0.0045099800189609832 -0.0020877056344034066 0)
(-0.0044463842999791182 -0.0021179066355940766 0)
(-0.0043797349783551154 -0.0021327322507765103 0)
(-0.0043104138218440285 -0.0021346663710536326 0)
(-0.0042387462832620092 -0.0021257899085834627 8.0751671858595665e-26)
(-0.0041650084394968334 -0.0021078362092867026 7.8068363147161192e-26)
(-0.0040894334194864846 -0.002082241020329527 0)
(-0.0040122172801332276 -0.0020501870648865616 0)
(-0.0039335243130965772 -0.0020126434204553816 -3.5350111939038018e-26)
(-0.0038534917841762666 -0.0019703999967343967 -3.4210852972204267e-26)
(-0.0037722341213343603 -0.0019240974733889141 -3.3106879127668935e-26)
(-0.0036898465779905739 -0.0018742530942876172 -1.6017156439938725e-26)
(-0.0036064084056546489 -0.0018212827292645552 1.5495047016382737e-26)
(-0.003521985574768433 -0.0017655196124558617 0)
(-0.0034366330852947163 -0.0017072301522096471 2.8977714661661848e-26)
(-0.0033503969095352122 -0.0016466271851262721 2.8006336505843516e-26)
(-0.0032633156092606317 -0.0015838810189257979 0)
(-0.0031754216678201923 -0.0015191285779210316 0)
(-0.003086742575747003 -0.0014524809327315813 0)
(-0.0029973017057259152 -0.0013840294638958965 3.6496879300719488e-26)
(-0.0029071190098382666 -0.0013138508782213627 3.5193780539191084e-26)
)
;
    }
    procBoundary7to9
    {
        type            processor;
        value           nonuniform List<vector> 
26
(
(-0.002743453047365146 -0.0013340079479660768 0)
(-0.0026713530876994241 -0.0014274806482979965 0)
(-0.0025998898927538467 -0.0015224415306683348 0)
(-0.0025290415143168861 -0.0016189074612723542 0)
(-0.0024587858601208103 -0.001716900202383079 0)
(-0.0023891006817609627 -0.00181644662610024 0)
(-0.0023199635424186976 -0.0019175789521697086 0)
(-0.0022513517629407682 -0.0020203350121044163 -1.8375337372842302e-26)
(-0.0021832423444279312 -0.0021247585419540342 -1.7806429238625274e-26)
(-0.0021156118650111581 -0.002230899506188704 0)
(-0.0020484363479266309 -0.002338814455275528 0)
(-0.0019816910973205868 -0.0024485669196250078 0)
(-0.0019153504973936366 -0.0025602278426546739 1.5444624203586422e-26)
(-0.0018493877694968216 -0.0026738760557406811 7.4160603712532266e-27)
(-0.001783774680573203 -0.002789598797779921 -7.1052344770961119e-27)
(-0.0017184811948428185 -0.002907492281931386 3.3948608734228605e-26)
(-0.0016534750587817622 -0.003027662311800483 5.1755138145291846e-26)
(-0.0015887213071558316 -0.0031502249488136258 1.8432298185145922e-26)
(-0.0015241816750187834 -0.0032753072317218699 0)
(-0.0014598138970264118 -0.0034030479479649463 0)
(-0.0013955708709653776 -0.0035335984548820472 0)
(-0.0013313996568184378 -0.0036671235462919075 -1.4369486119865511e-26)
(-0.0012672402757013662 -0.0038038023565492478 -1.3311026229103004e-26)
(-0.0012030242642632166 -0.0039438292895183514 0)
(-0.0011386729292244522 -0.0040874149536101901 -1.1138346723200583e-26)
(-0.0010740952331426226 -0.0042347870756407075 -1.0022835487475051e-26)
)
;
    }
}


// ************************************************************************* //
