/*--------------------------------*- C++ -*----------------------------------*\
  =========                 |
  \\      /  F ield         | OpenFOAM: The Open Source CFD Toolbox
   \\    /   O peration     | Website:  https://openfoam.org
    \\  /    A nd           | Version:  13
     \\/     M anipulation  |
\*---------------------------------------------------------------------------*/
FoamFile
{
    format      ascii;
    class       surfaceScalarField;
    location    "0.032778746640202423";
    object      phi;
}
// * * * * * * * * * * * * * * * * * * * * * * * * * * * * * * * * * * * * * //

dimensions      [1 0 -1 0 0 0 0];

internalField   nonuniform List<scalar> 
12640
(
4.0059208395797078e-12
4.8188627836237476e-14
4.0068586965805083e-12
1.7852187868167413e-13
4.0079678351436527e-12
3.0375874760648509e-13
4.0087389106032728e-12
4.2826218728920232e-13
4.0093417894031392e-12
5.5251321109058316e-13
4.0098074085571588e-12
6.7655587221167214e-13
4.0101479183309184e-12
8.0044797624891119e-13
4.0103810074134248e-12
9.2424864377888271e-13
4.0105250294447058e-12
1.0479887793067396e-12
4.0105955639868347e-12
1.1716832129754786e-12
4.0106045970159016e-12
1.295338919689205e-12
4.0105608591303016e-12
1.4189578205639667e-12
4.0104705290116017e-12
1.5425381248496881e-12
4.0103379044961261e-12
1.6660751742613741e-12
4.0101659217191518e-12
1.789561934611644e-12
4.0099565266058654e-12
1.9129892539820712e-12
4.0097109341278852e-12
2.0363459808402296e-12
4.00942980893675e-12
2.1596189994550151e-12
4.0091133924415673e-12
2.2827932155845388e-12
4.0087615936035643e-12
2.4058515127123366e-12
4.0083740550654329e-12
2.5287746904219822e-12
4.0079502022021602e-12
2.6515413924771589e-12
4.0074892803789187e-12
2.7741280290527671e-12
4.0069903837949715e-12
2.8965086964558645e-12
4.0064524783871147e-12
3.0186550963212919e-12
4.0058744205032175e-12
3.140536455957483e-12
4.0052549723533922e-12
3.2621194510185953e-12
4.0045928153719933e-12
3.3833681315956745e-12
4.0038865619151387e-12
3.5042438527523856e-12
4.0031347659185877e-12
3.6247052100662798e-12
4.0023359326941159e-12
3.7447079812135911e-12
4.0014885282568222e-12
3.8642050742714705e-12
4.0005909883513746e-12
3.9831464835461821e-12
3.9996417273126951e-12
4.1014792537174191e-12
3.9986391468459405e-12
4.2191474530694104e-12
3.9975816449278777e-12
4.336092156622084e-12
3.9964676248218699e-12
4.4522514398442397e-12
3.9952955042753258e-12
4.5675603838309073e-12
3.9940637248671315e-12
4.6819510925855929e-12
3.9927707616537209e-12
4.7953527234247336e-12
3.9914151329818082e-12
4.9076915309626048e-12
3.9899954106045075e-12
5.0188909254335674e-12
3.9885102299172059e-12
5.1288715461861592e-12
3.9869583004667504e-12
5.2375513508636376e-12
3.9853384166166646e-12
5.3448457207254757e-12
3.9836494683288211e-12
5.4506675826872524e-12
3.9818904519247753e-12
5.5549275485024071e-12
3.9800604810110833e-12
5.657534071372134e-12
3.9781587972660079e-12
5.7583936202825475e-12
3.9761847810843561e-12
5.8574108717936665e-12
3.9741379621003384e-12
5.9544889197875733e-12
3.9720180293806277e-12
6.0495295025679661e-12
3.9698248412133766e-12
6.1424332469702369e-12
3.9675584345490938e-12
6.2330999295195009e-12
3.9652190336973911e-12
6.3214287532624283e-12
3.9628070585195807e-12
6.407318639825505e-12
3.9603231317657227e-12
6.4906685358884771e-12
3.9577680856293299e-12
6.5713777324134811e-12
3.9551429672310092e-12
6.6493461955636906e-12
3.9524490431656093e-12
6.7244749080116056e-12
3.94968780283489e-12
6.7966662182945377e-12
3.9468609605420515e-12
6.8658241969490206e-12
3.9439704563569122e-12
6.9318549972478516e-12
3.9410184555672119e-12
6.9946672179636254e-12
3.9380073466888039e-12
7.0541722659612186e-12
3.9349397373384163e-12
7.1102847109238204e-12
3.9318184452460299e-12
7.1629225893061063e-12
3.9286464586252402e-12
7.212007316626591e-12
3.9254266773921549e-12
7.2574604740697606e-12
3.9221600931548825e-12
7.2991762358313084e-12
3.9188334632499864e-12
7.3368116356459803e-12
3.9153414859377594e-12
7.3682866827080373e-12
3.9110391736611328e-12
7.3797579263154931e-12
3.9024637878419165e-12
7.2840824056816847e-12
3.8735256256138559e-12
6.5835153517356591e-12
3.762535416222335e-12
2.7902824232204e-12
3.3912394446665758e-12
-1.437956506221165e-11
2.4494079379758225e-12
-7.6276436191930309e-11
9.2792163352305101e-13
-2.3004180162851619e-10
-3.6190539268612747e-10
4.1313719871182387e-12
5.1786584315425347e-14
4.1319465142729954e-12
1.7794732046142011e-13
4.1325304511536276e-12
3.0317479909294224e-13
4.1329976091666545e-12
4.2779502610051999e-13
4.1334028371267054e-12
5.5210798245897455e-13
4.1337331962226178e-12
6.76225513023087e-13
4.133976609745225e-12
8.0020456273774887e-13
4.1341390337624626e-12
9.2408621982617812e-13
4.1342298427800099e-12
1.0478979703474567e-12
4.1342568459737359e-12
1.1716562098301622e-12
4.1342260076252816e-12
1.2953697580549162e-12
4.134141645385603e-12
1.4190421828073939e-12
4.1340066346071145e-12
1.5426731356232507e-12
4.1338226365855055e-12
1.6662591722738996e-12
4.1335903183719449e-12
1.7897942528155653e-12
4.1333095391696132e-12
1.9132700331739997e-12
4.132979498983192e-12
2.0366760210116419e-12
4.132598854051746e-12
2.1599996443635294e-12
4.1321658054001728e-12
2.2832262642061646e-12
4.1316781670991066e-12
2.4063391509825427e-12
4.1311334191594234e-12
2.5293194383392883e-12
4.1305287493393939e-12
2.6521460622919793e-12
4.1298610868013544e-12
2.7747956916050871e-12
4.1291271299484244e-12
2.8972426533324661e-12
4.1283233700909103e-12
3.0194588561912541e-12
4.127446112260435e-12
3.1414137137829318e-12
4.1264914940048689e-12
3.2630740692849801e-12
4.125455502902483e-12
3.3844041227228687e-12
4.1243339934473461e-12
3.5053653622504667e-12
4.1231227035656766e-12
3.6259165000113636e-12
4.1218172711872297e-12
3.7460134136731542e-12
4.1204132510540402e-12
3.8656090944858739e-12
4.1189061320786034e-12
3.9846536025982616e-12
4.1172913551968305e-12
4.1030940306525912e-12
4.115564332132198e-12
4.220874476174532e-12
4.1137204648628788e-12
4.3379360239265495e-12
4.1117551660668059e-12
4.4542167386732383e-12
4.1096638805088426e-12
4.5696516694329923e-12
4.1074421073217223e-12
4.6841728658066317e-12
4.1050854233294789e-12
4.7977094074241453e-12
4.102589507268984e-12
4.910187446986383e-12
4.099950164939618e-12
5.0215302677379298e-12
4.0971633550734911e-12
5.1316583560455951e-12
4.0942252160797328e-12
5.2404894898639195e-12
4.0911320933791048e-12
5.3479388434591514e-12
4.0878805672291786e-12
5.4539191088789738e-12
4.0844674809747514e-12
5.5583406348048124e-12
4.0808899694959786e-12
5.6611115829028666e-12
4.0771454876783964e-12
5.7621381021702574e-12
4.0732318386959645e-12
5.8613245208468208e-12
4.0691472019677285e-12
5.9585735565831752e-12
4.0648901604269434e-12
6.053786544151099e-12
4.0604597270141425e-12
6.1468636804126289e-12
4.0558553699502694e-12
6.2377042866054195e-12
4.0510770366797697e-12
6.3262070865577539e-12
4.0461251761308333e-12
6.4122705004081288e-12
4.0410007590333598e-12
6.4957929530333026e-12
4.0357052960553248e-12
6.5766731954777603e-12
4.0302408533700991e-12
6.6548106383699399e-12
4.0246100655816519e-12
6.7301056959715943e-12
4.0188161455604048e-12
6.802460138542732e-12
4.0128628910470098e-12
6.8717774517068563e-12
4.0067546878314001e-12
6.9379632006494453e-12
4.0004965093908456e-12
7.0009253965182137e-12
3.994093912498507e-12
7.0605748628130447e-12
3.9875530284411788e-12
7.1168255940739609e-12
3.980880546793334e-12
7.16959506377508e-12
3.9740836660325637e-12
7.218804140645584e-12
3.9671698223431482e-12
7.2643738794646943e-12
3.9601448549167871e-12
7.3061979522660332e-12
3.9530006625453816e-12
7.3439329198670134e-12
3.9456373594107161e-12
7.3754983552631682e-12
3.9374156280295117e-12
7.3870504297505039e-12
3.9248786393550286e-12
7.2914459268398194e-12
3.8919428824017059e-12
6.5909400379956268e-12
3.7769260550104396e-12
2.7977578485896122e-12
3.4015859888049186e-12
-1.4372059024771015e-11
2.4557341807790724e-12
-7.6268991611703479e-11
9.3046284627751042e-13
-2.3003488358605192e-10
-3.6190095046205736e-10
4.2576774127121401e-12
5.3129554919868078e-14
4.2572150743496954e-12
1.7840964712276161e-13
4.2572393073297283e-12
3.0315056197872793e-13
4.2574023995870081e-12
4.2763193279923378e-13
4.2575880504253319e-12
5.5192233141795146e-13
4.2577565354083699e-12
6.7605702802767718e-13
4.2578869595378715e-12
8.0007413861805547e-13
4.2579691566907649e-12
9.2400402267863091e-13
4.2579995255102698e-12
1.0478676015509684e-12
4.2579772008445938e-12
1.1716785345123418e-12
4.2579020909763746e-12
1.2954448679236067e-12
4.2577740522491665e-12
1.4191702215336029e-12
4.2575925106601662e-12
1.5428546772093684e-12
4.2573563067959388e-12
1.6664953761329878e-12
4.2570636614472173e-12
1.7900868981578786e-12
4.2567121961060897e-12
1.9136214985086076e-12
4.2562989747179397e-12
2.0370892423933357e-12
4.2558205505961309e-12
2.1604780684780312e-12
4.255273011406748e-12
2.2837738033859781e-12
4.2546520196016394e-12
2.4069601427748619e-12
4.253952848032091e-12
2.5300186098932317e-12
4.2531704111307406e-12
2.6529284991774416e-12
4.2522992925477925e-12
2.775666810176376e-12
4.2513337701221579e-12
2.8982081757539745e-12
4.2502678389852502e-12
3.0205247873269368e-12
4.2490952334527004e-12
3.1425863193096115e-12
4.2478094483879408e-12
3.2643598543400022e-12
4.2464037603738828e-12
3.3858098107423365e-12
4.2448712492175233e-12
3.5068978734113091e-12
4.2432048200914924e-12
3.6275829291442591e-12
4.2413972265482908e-12
3.7478210072305011e-12
4.239441094663081e-12
3.8675652263935064e-12
4.2373289484446523e-12
3.9867657488405557e-12
4.2350532367427986e-12
4.1053697423911438e-12
4.2326063616909846e-12
4.223321351260144e-12
4.2299807087973394e-12
4.3405616768508829e-12
4.2271686787566909e-12
4.4570287687435513e-12
4.2241627210091306e-12
4.5726576272285654e-12
4.2209553689379673e-12
4.6873802179264251e-12
4.2175392769488995e-12
4.801125499464012e-12
4.2139072590545308e-12
4.91381946492361e-12
4.2100523291443691e-12
5.0253851976567689e-12
4.2059677426437257e-12
5.1357429425559013e-12
4.2016470395156545e-12
5.2448101930028984e-12
4.1970840884128339e-12
5.3525017945745218e-12
4.1922731317441207e-12
5.4587300655788209e-12
4.1872088314668148e-12
5.5634049351161377e-12
4.181886315320181e-12
5.6664340990862349e-12
4.1763012231667692e-12
5.767723194378583e-12
4.1704497531019391e-12
5.8671759909689759e-12
4.1643287070988304e-12
5.9646946026457327e-12
4.1579355356376838e-12
6.0601797156566533e-12
4.1512683810195632e-12
6.1535308350729923e-12
4.1443261189384772e-12
6.2446465487249476e-12
4.1371083977810365e-12
6.3334248077514896e-12
4.1296156753069008e-12
6.4197632229169859e-12
4.1218492522022446e-12
6.5035593761705065e-12
4.1138113020737052e-12
6.5847111456530475e-12
4.1055048973537925e-12
6.6631170431372782e-12
4.0969340308611796e-12
6.7386765625249105e-12
4.0881036323661811e-12
6.8112905371264569e-12
4.0790195799217859e-12
6.8808615042588415e-12
4.0696887055919339e-12
6.9472940750728778e-12
4.0601187953092663e-12
7.0104953069005396e-12
4.0503185823228616e-12
7.0703750758305859e-12
4.0402977337994435e-12
7.1268464418292045e-12
4.0300668273866109e-12
7.1798259631803066e-12
4.0196372920666255e-12
7.2292336193836819e-12
4.0090211244748813e-12
7.2749896087734355e-12
3.9982290395720978e-12
7.3169867861457612e-12
3.9872581094824175e-12
7.3548809418007216e-12
3.9760138999011632e-12
7.3865909347174388e-12
3.963862802145749e-12
7.3982723018659574e-12
3.9473539384318202e-12
7.3027813325933165e-12
3.9104100333012899e-12
6.6023729061248854e-12
3.7913557986779922e-12
2.8092707795157404e-12
3.4119606696979721e-12
-1.4360497700152456e-11
2.4620775651758458e-12
-7.625751535873975e-11
9.3301085640602429e-13
-2.3002416973926509e-10
-3.6189395998191141e-10
4.3824725714745872e-12
5.4217421558762989e-14
4.3819969209735331e-12
1.7888529439008451e-13
4.3817909625603105e-12
3.0335651932157861e-13
4.3817363761176286e-12
4.2768651900141199e-13
4.3817570490699727e-12
5.5190165843887323e-13
4.3818009681730259e-12
6.7601310895084935e-13
4.3818370363704143e-12
8.0003807042644124e-13
4.3818470409329149e-12
9.239940181484346e-13
4.3818202392538262e-12
1.0478944032469741e-12
4.3817498668871692e-12
1.1717489068899711e-12
4.3816311713687321e-12
1.2955635634383829e-12
4.3814602536092701e-12
1.4193411392890309e-12
4.3812334090751599e-12
1.5430815217383741e-12
4.3809467771026737e-12
1.6667820080987552e-12
4.3805961540314282e-12
1.7904375212209421e-12
4.3801769017004522e-12
1.9140407508308163e-12
4.3796839096344985e-12
2.0375822344507e-12
4.3791115864413445e-12
2.1610503916627693e-12
4.3784538666273348e-12
2.2844315231911421e-12
4.3777042251732336e-12
2.4077097842189157e-12
4.3768556959088014e-12
2.5308671391458447e-12
4.375900891579295e-12
2.6538833034934296e-12
4.374832024698114e-12
2.7767356770437408e-12
4.3736409288889913e-12
2.8993992715526952e-12
4.3723190807043009e-12
3.0218466355061039e-12
4.3708576220729698e-12
3.144047777935353e-12
4.3692473836724849e-12
3.2659700927489224e-12
4.3674789093183759e-12
3.3875782851031911e-12
4.365542481821558e-12
3.5088343009135872e-12
4.3634281504298801e-12
3.6296972605406202e-12
4.3611257600607736e-12
3.7501233976054948e-12
4.3586249825665243e-12
3.8700660038981771e-12
4.3559153501067588e-12
3.9894753813140997e-12
4.3529862909430362e-12
4.1082988015844446e-12
4.3498271674694974e-12
4.2264804747614871e-12
4.3464273168924076e-12
4.3439615274528115e-12
4.3427760943709087e-12
4.4606799912872791e-12
4.3388629187068762e-12
4.5765708029146394e-12
4.3346773206045827e-12
4.6915658160772193e-12
4.3302089933754221e-12
4.8055938267339742e-12
4.325447846127467e-12
4.9185806121844534e-12
4.3203840592227784e-12
5.0304489845705274e-12
4.3150081418114539e-12
5.1411188599753199e-12
4.309310991318971e-12
5.2505073435042024e-12
4.3032839546124614e-12
5.358528831291532e-12
4.2969188905648265e-12
5.4650951296550274e-12
4.2902082336208516e-12
5.5701155920909049e-12
4.2831450581313195e-12
5.6734972746083228e-12
4.2757231428942585e-12
5.7751451096651487e-12
4.2679370354589839e-12
5.8749620984547109e-12
4.2597821158203553e-12
5.9728495223361126e-12
4.2512546588357991e-12
6.0687071727104116e-12
4.2423518947496256e-12
6.1624335991974277e-12
4.2330720675466017e-12
6.2539263759650218e-12
4.2234144900254493e-12
6.3430823853085023e-12
4.2133795953679543e-12
6.4297981176101829e-12
4.2029689843818644e-12
6.5139699871925957e-12
4.1921854677916011e-12
6.595494662295386e-12
4.1810331029517801e-12
6.674269408037397e-12
4.1695172243730975e-12
6.75019244116484e-12
4.1576444675151446e-12
6.8231632940644081e-12
4.1454227851103127e-12
6.8930831867499045e-12
4.1328614557868225e-12
6.959855404461233e-12
4.1199710844183678e-12
7.0233856783415511e-12
4.1067635936035531e-12
7.083582566657204e-12
4.0932522057933523e-12
7.1403578288651578e-12
4.0794514127160298e-12
7.1936267492518431e-12
4.0653769064412882e-12
7.2433080690958431e-12
4.0510452833662799e-12
7.2893207935983381e-12
4.0364721796291924e-12
7.3315566388918941e-12
4.0216598924974787e-12
7.3696703208553912e-12
4.0065194967746094e-12
7.4015797008022027e-12
3.9904231557050607e-12
7.4134394195336198e-12
3.9699260106811695e-12
7.3181050290877692e-12
3.92895709372384e-12
6.6178308196572642e-12
3.8058482069249608e-12
2.8248384611577232e-12
3.4223804853155801e-12
-1.4344863557498034e-11
2.4684485102979834e-12
-7.6241989857184099e-11
9.3556985667784093e-13
-2.3000964351568874e-10
-3.6188441025478367e-10
4.5068641024354103e-12
5.5087282640891071e-14
4.5063778493285309e-12
1.7937154678539422e-13
4.5061018033719228e-12
3.0363256510950962e-13
4.5059526739859555e-12
4.2783564835369418e-13
4.5058784700821e-12
5.5197586233186521e-13
4.5058387847639352e-12
6.7605279427644122e-13
4.5058047811163358e-12
8.000720740758542e-13
4.5057570808556171e-12
9.2404171842372849e-13
4.5056820078706269e-12
1.0479694762381071e-12
4.5055695809245962e-12
1.1718613338426466e-12
4.5054119162082246e-12
1.2957212281467566e-12
4.5052022159416747e-12
1.4195508395476321e-12
4.5049341358467796e-12
1.5433496018254134e-12
4.504601382291198e-12
1.6671147616461055e-12
4.5041974654115173e-12
1.790841438091697e-12
4.5037155518587217e-12
1.914522664374076e-12
4.5031483802086066e-12
2.0381494060910396e-12
4.5024882156551144e-12
2.1617105562063935e-12
4.5017268292041283e-12
2.2851929096321611e-12
4.5008554921745694e-12
2.4085811212383405e-12
4.4998649803196779e-12
2.5318576509903415e-12
4.4987455842534646e-12
2.6550026995487058e-12
4.4974871241085966e-12
2.7779941371765222e-12
4.496078967418967e-12
2.9008074282298642e-12
4.4945100495766334e-12
3.0234155533375158e-12
4.4927688966633612e-12
3.1457889308545055e-12
4.4908436505428223e-12
3.2678953388743105e-12
4.4887220963112586e-12
3.3896998393390348e-12
4.4863916922359446e-12
3.5111647049929289e-12
4.4838396022802156e-12
3.6322493504998364e-12
4.4810527313884998e-12
3.7529102684994911e-12
4.4780177636763052e-12
3.8731009716127958e-12
4.4747212037258687e-12
3.9927719412683861e-12
4.471149420981057e-12
4.1118705843494228e-12
4.4672886974732448e-12
4.2303411982887986e-12
4.4631252789457366e-12
4.3481249459994677e-12
4.4586454292883191e-12
4.4651598409621667e-12
4.4538354884560424e-12
4.5813807437795509e-12
4.4486819336912552e-12
4.6967193708751171e-12
4.4431714441350794e-12
4.811104316332724e-12
4.4372909686014281e-12
4.9244610877601261e-12
4.4310277963941871e-12
5.0367121567871259e-12
4.4243696309881687e-12
5.1477770253898073e-12
4.4173046661939588e-12
5.2575723083070387e-12
4.4098216646514031e-12
5.3660118328435478e-12
4.4019100381920531e-12
5.4730067561408318e-12
4.3935599296028155e-12
5.5784657007078886e-12
4.3847622954393499e-12
5.6822949088006516e-12
4.3755089892478209e-12
5.784398415902217e-12
4.3657928445472655e-12
5.8846782432012322e-12
4.3556077571306937e-12
5.9830346097991253e-12
4.3449487657684593e-12
6.0793661641356983e-12
4.3338121307006983e-12
6.1735702342976095e-12
4.3221954091775092e-12
6.2655430975209984e-12
4.3100975270819277e-12
6.3551802674368859e-12
4.2975188459893403e-12
6.4423767987358972e-12
4.2844612247063327e-12
6.527027608509554e-12
4.2709280745908351e-12
6.6090278124621267e-12
4.2569244075368975e-12
6.6882730751436102e-12
4.2424568762263456e-12
6.7646599725526419e-12
4.2275338055010476e-12
6.8380863648675912e-12
4.2121652143633001e-12
6.9084517779661573e-12
4.1963628278308323e-12
6.9756577910430522e-12
4.1801400781673897e-12
7.0396084280571311e-12
4.1635120947275305e-12
7.100210550088184e-12
4.1464956817687726e-12
7.1573742410340729e-12
4.1291092808720323e-12
7.2110131431453548e-12
4.1113728922943983e-12
7.2610444010889466e-12
4.0933077663903435e-12
7.3073854812714142e-12
4.0749345236957669e-12
7.3499266306314517e-12
4.056260758542013e-12
7.3883211780362093e-12
4.0372031348939436e-12
7.4204856952433718e-12
4.0171396758158475e-12
7.4325736574971723e-12
3.9926316366145951e-12
7.3374396292326768e-12
3.9476144575297808e-12
6.6373370292320692e-12
3.8204271381720043e-12
2.844484674662761e-12
3.4328626499520666e-12
-1.4325132421071649e-11
2.4748575680567712e-12
-7.6222390868003869e-11
9.381440933311635e-13
-2.2999128203647326e-10
-3.6187228604309456e-10
4.6310112080008786e-12
5.5742775560201181e-14
4.6305668915829667e-12
1.7981586300661109e-13
4.6302739555092241e-12
3.0392550114270728e-13
4.6300824439308129e-12
4.2802715992675337e-13
4.6299553592260942e-12
5.5210294704505299e-13
4.6298626151237051e-12
6.7614553839658306e-13
4.6297804666917498e-12
8.0015422252306904e-13
4.6296906009682805e-12
9.2413158415300503e-13
4.6295786831309489e-12
1.0480813940806512e-12
4.629433083025275e-12
1.1720069339538874e-12
4.629243888948472e-12
1.2959104222136844e-12
4.6290021575342068e-12
1.4197925709523213e-12
4.628699386570965e-12
1.5436523727793294e-12
4.6283271518263517e-12
1.6674869963813947e-12
4.6278768620663745e-12
1.7912917278420835e-12
4.6273395975638894e-12
1.9150599288665181e-12
4.6267060064529647e-12
2.0387829971915365e-12
4.6259662406938746e-12
2.1624503219546753e-12
4.6251099190263955e-12
2.2860492312885379e-12
4.6241261083794169e-12
2.4095649318739918e-12
4.6230033180615277e-12
2.5329804412968214e-12
4.621729503022514e-12
2.656276514576242e-12
4.6202920738099988e-12
2.7794315663770328e-12
4.6186779117479473e-12
2.9024215902787083e-12
4.6168733884079513e-12
3.0252200766642716e-12
4.6148643889515514e-12
3.1477979302976903e-12
4.6126363389697589e-12
3.2701233888422614e-12
4.610174234902177e-12
3.3921619434085978e-12
4.6074626778730347e-12
3.5138762620235018e-12
4.6044859112153796e-12
3.6352261171588402e-12
4.6012278616330482e-12
3.7561683180821213e-12
4.5976721842207198e-12
3.8766566490245693e-12
4.5938023114503411e-12
3.9966418140382931e-12
4.5896015062110389e-12
4.1160713895876426e-12
4.5850529190938999e-12
4.2348897854208381e-12
4.580139649860848e-12
4.3530382152470252e-12
4.5748448132582644e-12
4.470454677578999e-12
4.5691516091243376e-12
4.587073947926686e-12
4.5630433967279739e-12
4.702827583308061e-12
4.5565037732603798e-12
4.817643939829284e-12
4.5495166564908437e-12
4.9314482045354048e-12
4.5420663711387809e-12
5.0441624421449556e-12
4.5341377388456336e-12
5.1557056576888207e-12
4.5257161714589707e-12
5.2659938756999322e-12
4.5167877671729308e-12
5.3749402371365041e-12
4.50733940913032e-12
5.4824551142068008e-12
4.4973588658394241e-12
5.58844624402262e-12
4.4868348930532215e-12
5.6928188816117351e-12
4.4757573362161939e-12
5.7954759727808638e-12
4.4641172328118204e-12
5.8963183466479632e-12
4.4519069139033781e-12
5.9952449287503313e-12
4.4391201039256585e-12
6.0921529741408459e-12
4.425752017885118e-12
6.1869383203662757e-12
4.4117994548747126e-12
6.2794956605601758e-12
4.3972608870878895e-12
6.3697188352530836e-12
4.3821365431881808e-12
6.4575011426656284e-12
4.366428485041727e-12
6.5427356667028453e-12
4.350140676716808e-12
6.6253156208350674e-12
4.3332790447817171e-12
6.7051347071285508e-12
4.3158515288719845e-12
6.7820874885213217e-12
4.2978681214710951e-12
6.8560697723446135e-12
4.2793408961390993e-12
6.9269790033745833e-12
4.2602840232787252e-12
6.99471466394888e-12
4.2407137726940755e-12
7.0591786786880674e-12
4.2206485021915227e-12
7.1202758205746439e-12
4.2001086313852983e-12
7.1779141110421099e-12
4.1791165972866466e-12
7.232005170250247e-12
4.1576967658761866e-12
7.282464175943223e-12
4.1358751109445995e-12
7.3292066979752749e-12
4.1136773186647723e-12
7.3721211720033348e-12
4.0911163728049764e-12
7.410859216057046e-12
4.0681146297242853e-12
7.4433358096091008e-12
4.0440560854189515e-12
7.4557029829787171e-12
4.0155082314943536e-12
7.3608140537187818e-12
3.9664130465552992e-12
6.6609212788402383e-12
3.8351168675405201e-12
2.868239848067939e-12
3.4434246796671697e-12
-1.4301273355648211e-11
2.4813154757168861e-12
-7.6198687372430397e-11
9.4073788706616667e-13
-2.299690560054694e-10
-3.6185756778847862e-10
4.7550134101303771e-12
5.6240705874132586e-14
4.7546318341005173e-12
1.8019743898887564e-13
4.7543509315584105e-12
3.042064036651119e-13
4.7541461971352939e-12
4.2823189434275288e-13
4.7539937098325293e-12
5.5225543434134833e-13
4.7538714345397797e-12
6.7626781369645673e-13
4.753760149478977e-12
8.0026550758969323e-13
4.753643382863138e-12
9.2424835075825167e-13
4.7535070760189459e-12
1.0482177009146453e-12
4.7533388770239597e-12
1.172175132938355e-12
4.7531275883861522e-12
1.2961217108412598e-12
4.752862674584649e-12
1.4200574847436911e-12
4.7525338735807273e-12
1.5439811737732044e-12
4.7521309064069424e-12
1.6678899635450246e-12
4.7516432660077713e-12
1.7917793682309138e-12
4.751060067517305e-12
1.9156431273463546e-12
4.750369945031803e-12
2.0394731196660746e-12
4.7495609827646935e-12
2.1632592842103041e-12
4.7486206713946348e-12
2.2869895426466243e-12
4.7475358829602618e-12
2.41064972029593e-12
4.7462928594400764e-12
2.5342234648042348e-12
4.7448772116996045e-12
2.6576921623036837e-12
4.7432739264835889e-12
2.7810348515797868e-12
4.7414673800025049e-12
2.9042281367455194e-12
4.7394413570556311e-12
3.0272460995959722e-12
4.7371790751839238e-12
3.1500602121538477e-12
4.7346632134619789e-12
3.2726392505641166e-12
4.7318759457917202e-12
3.3949492110782338e-12
4.7287989786957461e-12
3.5169532291178773e-12
4.7254135936734042e-12
3.6386115021794283e-12
4.7217006941401996e-12
3.7598812176127814e-12
4.7176408571516842e-12
3.8807164860096201e-12
4.7132143899671239e-12
4.0010682812185106e-12
4.7084013916866899e-12
4.1208843878793591e-12
4.7031818199018868e-12
4.2401093572161167e-12
4.6975355626076192e-12
4.3586844725519048e-12
4.6914425153233612e-12
4.4765477248735159e-12
4.68488266343076e-12
4.5936337998294694e-12
4.6778361697186255e-12
4.7098740770296871e-12
4.670283466959738e-12
4.825196642590031e-12
4.6622053555452435e-12
4.9395263159514333e-12
4.6535831056646938e-12
5.0527846920273478e-12
4.6443985640173791e-12
5.1648901993386048e-12
4.6346342644772142e-12
5.2757581752432346e-12
4.6242735423828848e-12
5.3853009592346171e-12
4.6133006518595914e-12
5.4934280047342325e-12
4.6017008855882796e-12
5.6000460103148609e-12
4.5894606962505463e-12
5.7050590709708313e-12
4.5765678190669216e-12
5.8083688500024403e-12
4.5630113942251266e-12
5.9098747715286025e-12
4.5487820885634618e-12
6.0094742344514786e-12
4.533872215336345e-12
6.1070628473921948e-12
4.5182758510125774e-12
6.202534684714929e-12
4.5019889478920482e-12
6.2957825637062554e-12
4.4850094414304252e-12
6.3866983417410625e-12
4.4673373509904489e-12
6.4751732331332845e-12
4.4489748727756574e-12
6.5610981449460752e-12
4.4299264636335786e-12
6.6443640300222712e-12
4.4101989145444032e-12
6.7248622562644352e-12
4.3898014125490332e-12
6.8024849905725579e-12
4.3687455898499598e-12
6.8771255951169272e-12
4.3470455590328393e-12
6.9486790342343811e-12
4.3247179335506999e-12
7.0170422894747494e-12
4.3017818321905027e-12
7.0821147800935301e-12
4.2782588669544287e-12
7.1437987857934392e-12
4.2541731132248094e-12
7.2019998639725315e-12
4.2295510587340245e-12
7.2566272177447835e-12
4.2044215053397332e-12
7.3075936727467694e-12
4.1788152353506845e-12
7.3548125297346179e-12
4.1527631000581445e-12
7.3981700564199638e-12
4.1262835861611946e-12
7.4373158222036833e-12
4.0993048693605993e-12
7.470162898195494e-12
4.0712170579433419e-12
7.4828615779221702e-12
4.0385940304858165e-12
7.3882636614134615e-12
3.9853844649146677e-12
6.6886199436673134e-12
3.8499422086578059e-12
2.8961412001935091e-12
3.4540844806136272e-12
-1.4273248518029714e-11
2.4878332100701086e-12
-7.6170841421617443e-11
9.4335565482218069e-13
-2.2994292956577369e-10
-3.6184023151513107e-10
4.8789323042334718e-12
5.6628113431969699e-14
4.8786113409465081e-12
1.8051840223949849e-13
4.8783571329924761e-12
3.0446061160664993e-13
4.8781584086797913e-12
4.2843061866280815e-13
4.878000372047081e-12
5.5241347096330141e-13
4.8778671071153737e-12
6.7640107861752743e-13
4.8777431116774181e-12
8.0038950301708242e-13
4.8776138714387912e-12
9.2437759098607107e-13
4.8774659490806787e-12
1.0483656232621099e-12
4.8772867469205361e-12
1.1723543350878537e-12
4.877064234387135e-12
1.2963442233640982e-12
4.8767866618723205e-12
1.4203350572477882e-12
4.8764423047507033e-12
1.5443255308840992e-12
4.8760192529122085e-12
1.6683130153728026e-12
4.8755052456892332e-12
1.7922933754429863e-12
4.8748875470921878e-12
1.9162608259320975e-12
4.8741528545669965e-12
2.0402078121794633e-12
4.873287234580591e-12
2.1641249041843475e-12
4.8722760794909361e-12
2.2880006977234418e-12
4.8711040811493706e-12
2.4118217186242254e-12
4.8697552175386719e-12
2.5355723284010823e-12
4.8682127499793034e-12
2.6592346298485067e-12
4.866459228914506e-12
2.7827883726296408e-12
4.8644765069687065e-12
2.9062108586755879e-12
4.862245758497291e-12
3.0294768480507924e-12
4.8597475048962456e-12
3.1525584657380215e-12
4.8569616455742934e-12
3.2754251098682674e-12
4.8538674941930414e-12
3.3980433624409005e-12
4.8504438204001107e-12
3.5203769029070954e-12
4.8466688969020092e-12
3.6423864256733462e-12
4.8425205521066462e-12
3.7640295624030206e-12
4.8379762284056191e-12
3.8852608097046502e-12
4.8330130462643017e-12
4.0060314633532543e-12
4.8276078742442888e-12
4.1262895598917262e-12
4.8217374050684948e-12
4.2459798263994054e-12
4.8153782378372956e-12
4.365043639790097e-12
4.8085069665130477e-12
4.4834189962046325e-12
4.8011002745210204e-12
4.6010404918280245e-12
4.7931350355981254e-12
4.717839315974756e-12
4.784588420625155e-12
4.83374325758474e-12
4.7754380104265714e-12
4.948676726179726e-12
4.7656619141404425e-12
5.0625607883120065e-12
4.7552388929669199e-12
5.1753132205112874e-12
4.7441484886912359e-12
5.2868485795183717e-12
4.7323711566666151e-12
5.3970782912592064e-12
4.7198884024818919e-12
5.5059107589356415e-12
4.70668292169382e-12
5.6132514911205677e-12
4.6927387417896796e-12
5.7190032508933652e-12
4.678041365525431e-12
5.8230662263016503e-12
4.6625779144593014e-12
5.9253382226308663e-12
4.6463372718008897e-12
6.0257148771466013e-12
4.6293102232033584e-12
6.1240898960113718e-12
4.6114895943189457e-12
6.220355313622132e-12
4.592870383733237e-12
6.3144017743153473e-12
4.5734498898115401e-12
6.4061188356870458e-12
4.5532278300892985e-12
6.4953952928810426e-12
4.5322064516643222e-12
6.5821195233977959e-12
4.5103906310856842e-12
6.666179850644648e-12
4.4877879622242179e-12
6.7474649251785697e-12
4.4644088307161941e-12
6.8258641221341141e-12
4.4402664735511334e-12
6.9012679523528823e-12
4.4153770222965779e-12
6.9735684855293675e-12
4.3897595291186233e-12
7.0426597827105581e-12
4.3634359740331304e-12
7.10843833522261e-12
4.3364312526815736e-12
7.1708035071268101e-12
4.3087731432641498e-12
7.2296579725903657e-12
4.2804922491828645e-12
7.2849081048297226e-12
4.2516218912072235e-12
7.3364639741312333e-12
4.2221977608960647e-12
7.3842362218152899e-12
4.1922559930157965e-12
7.4281085734392248e-12
4.1618207125066487e-12
7.4677281950249011e-12
4.1308260658246693e-12
7.5010059171774546e-12
4.0986684400887908e-12
7.5140899895325794e-12
4.0619282812166848e-12
7.4198304103669295e-12
4.0045611593305427e-12
6.7204761998619173e-12
3.8649286402001071e-12
2.9282329180549484e-12
3.4648604407643731e-12
-1.4241012973694685e-11
2.4944220439851119e-12
-7.613880795070954e-11
9.4600193278820163e-13
-2.2991286012315252e-10
-3.6182024871095004e-10
5.002802030524577e-12
5.6936033202030695e-14
5.0025346362094475e-12
1.807857965615974e-13
5.0023127364607581e-12
3.046825113448387e-13
5.0021318210768254e-12
4.2861153405240987e-13
5.0019823827372869e-12
5.5256290931343874e-13
5.0018527435607977e-12
6.7653071778306934e-13
5.0017302322277072e-12
8.0051201433950099e-13
5.0016019786860779e-12
9.245058445165669e-13
5.0014551995880193e-12
1.0485124023493316e-12
5.0012772329550827e-12
1.1725323017098023e-12
5.001055451407413e-12
1.2965660049006531e-12
5.000777123972384e-12
1.4206133846714703e-12
5.0004292667416044e-12
1.5446733881033015e-12
4.9999985043902704e-12
1.6687437777126754e-12
4.9994709516692081e-12
1.7928209281523352e-12
4.9988321180224303e-12
1.916899659566674e-12
4.9980668334670168e-12
2.0409730967220122e-12
4.9971591939971523e-12
2.1650325436408531e-12
4.996092523444979e-12
2.2890673682616601e-12
4.9948493493224687e-12
2.4130648927322823e-12
4.9934113903321297e-12
2.5370102873763208e-12
4.9917595538313728e-12
2.6608864663331989e-12
4.9898739418315287e-12
2.7846739846128315e-12
4.9877338645815536e-12
2.9083509359080614e-12
4.9853178610415707e-12
3.0318928515724004e-12
4.9826037258990459e-12
3.1552726008615244e-12
4.9795685427407356e-12
3.2784602930063401e-12
4.9761887234480764e-12
3.4014231817126721e-12
4.9724400537452595e-12
3.5241255726037213e-12
4.9682977449293017e-12
3.6465287344821066e-12
4.9637364921238584e-12
3.7685908152005079e-12
4.9587305389692134e-12
3.8902667628505039e-12
4.9532537490826267e-12
4.0115082532300893e-12
4.9472796844077357e-12
4.1322636245564342e-12
4.940781690540382e-12
4.2524778202556551e-12
4.9337329892973321e-12
4.3720923410374879e-12
4.92610677843255e-12
4.4910452070733325e-12
4.9178763386468471e-12
4.6092709316176444e-12
4.9090151477992545e-12
4.7267005068255215e-12
4.8994970021906256e-12
4.8432614032201197e-12
4.8892961447797871e-12
4.9588775836178752e-12
4.8783874001364055e-12
5.0734695329830631e-12
4.8667463154917187e-12
5.1869543051524772e-12
4.8543493078273014e-12
5.2992455871797776e-12
4.8411738160269114e-12
5.410253783057299e-12
4.8271984576755101e-12
5.5198861173010314e-12
4.8124031895102757e-12
5.6280467593001841e-12
4.7967694708523945e-12
5.7346369695669563e-12
4.7802804287528568e-12
5.8395552684336904e-12
4.7629210236984041e-12
5.9426976277186971e-12
4.7446782148607461e-12
6.0439576860187295e-12
4.7255411231954295e-12
6.1432269877280277e-12
4.7055011910400337e-12
6.2403952457982501e-12
4.6845523368599633e-12
6.3353506285173687e-12
4.6626911030157503e-12
6.4279800695544215e-12
4.6399167953011804e-12
6.5181696006196678e-12
4.6162316123015127e-12
6.6058047064230529e-12
4.5916407628194941e-12
6.690770700169092e-12
4.5661525696340783e-12
6.7729531184073292e-12
4.5397785578807462e-12
6.8522381339555788e-12
4.5125335263450954e-12
6.9285129839577368e-12
4.4844356000629418e-12
7.0016664118826893e-12
4.4555062628830704e-12
7.0715891199472796e-12
4.4257703684765999e-12
7.1381742296720575e-12
4.3952561287633129e-12
7.2013177468216245e-12
4.3639950782047174e-12
7.2609190223493966e-12
4.3320220104629214e-12
7.3168811655754859e-12
4.2993748610591835e-12
7.3691110669440905e-12
4.2660943477892743e-12
7.4175162968547519e-12
4.2322220265913318e-12
7.4619776437440479e-12
4.1977878185000672e-12
7.5021394955231054e-12
4.1627320176909129e-12
7.535910090783964e-12
4.1264574850462676e-12
7.5494353104472551e-12
4.0855514451969254e-12
7.4555630502581324e-12
4.0239765868109711e-12
6.7565402282007664e-12
3.8801024385996835e-12
2.9645663694944471e-12
3.4757715260810717e-12
-1.4204514477198747e-11
2.5010936053817169e-12
-7.6102534555988418e-11
9.4868139995437779e-13
-2.2987879813347239e-10
-3.6179758618441017e-10
5.1266407104137205e-12
5.7185137808207831e-14
5.1264195824867411e-12
1.8100692450907726e-13
5.1262319176585236e-12
3.0487017618353197e-13
5.1260760083110205e-12
4.2876744340813034e-13
5.125945500195372e-12
5.5269341744822996e-13
5.1258313231124871e-12
6.7664489487830993e-13
5.1257227596821722e-12
8.0062057779054469e-13
5.1256081303484171e-12
9.2462047383942544e-13
5.1254751617815469e-12
1.0486453709051473e-12
5.1253111378644239e-12
1.1726963256151279e-12
5.1251029264403813e-12
1.2967742163131689e-12
5.1248369386207773e-12
1.4208793724794827e-12
5.1244990567841114e-12
1.5450112699282901e-12
5.1240745534184844e-12
1.6691682810658964e-12
5.1235480136274108e-12
1.7933474679308345e-12
5.1229032674598147e-12
1.9175444057209855e-12
5.1221233342517513e-12
2.041753029916436e-12
5.1211903798950082e-12
2.1659654979832098e-12
5.1200856859212545e-12
2.2901720622204482e-12
5.1187896297094462e-12
2.4143609489283443e-12
5.1172816746182621e-12
2.5385182424511342e-12
5.1155403691092866e-12
2.6626277718247023e-12
5.1135433539740139e-12
2.7866709997298997e-12
5.1112673771477894e-12
2.9106269127073181e-12
5.1086883156789229e-12
3.0344719130211856e-12
5.1057812045709007e-12
3.1581797119486599e-12
5.1025202724219354e-12
3.2817212251331363e-12
5.0988789838973845e-12
3.4050644702143496e-12
5.0948300890435001e-12
3.5281744674333076e-12
5.0903456796266016e-12
3.6510131438896403e-12
5.0853972527401054e-12
3.7735392420767145e-12
5.079955781810878e-12
3.8957082337683729e-12
5.0739917952577014e-12
4.0174722397708946e-12
5.0674754630135454e-12
4.1387799567874473e-12
5.0603766910303806e-12
4.2595765922250697e-12
5.0526652240979557e-12
4.3798038079714379e-12
5.0443107567836977e-12
4.4993996743881115e-12
5.0352830529080686e-12
4.6182986354937128e-12
5.0255520731928556e-12
4.7364314865408888e-12
5.0150881112336466e-12
4.8537253651956963e-12
5.0038619373621201e-12
4.9701037574820895e-12
4.9918449505404671e-12
5.0854865198295509e-12
4.9790093372776765e-12
5.1997899184091925e-12
4.9653282377418857e-12
5.3129266867099494e-12
4.9507759178289371e-12
5.4248061029657248e-12
4.9353279468619746e-12
5.5353340882640503e-12
4.918961379783839e-12
5.6444133263912565e-12
4.9016549429320553e-12
5.7519434064330129e-12
4.8833892222564465e-12
5.857820989124325e-12
4.8641468524896919e-12
5.9619399975173232e-12
4.8439127060603174e-12
6.0641918324814529e-12
4.8226740800597257e-12
6.1644656137786114e-12
4.8004208794621616e-12
6.2626484464151011e-12
4.7771457952256239e-12
6.3586257127748282e-12
4.7528444747639105e-12
6.4522813900386036e-12
4.7275156833388013e-12
6.543498392068523e-12
4.7011614541178422e-12
6.6321589356688532e-12
4.6737872249684214e-12
6.7181449293601626e-12
4.6454019597102093e-12
6.8013383837084699e-12
4.6160182522040564e-12
6.8816218415293633e-12
4.5856524108541369e-12
6.9588788253766508e-12
4.5543245220439749e-12
7.0329943007319809e-12
4.5220584906642184e-12
7.1038551513833715e-12
4.4888820558598312e-12
7.1713506645191625e-12
4.4548267811308317e-12
7.2353730215320786e-12
4.4199280166639507e-12
7.2958177860168311e-12
4.3842248304876014e-12
7.3525843447560108e-12
4.3477598817136345e-12
7.4055759591276219e-12
4.3105790479591401e-12
7.4546966924106739e-12
4.272729464059625e-12
7.4998239767826705e-12
4.2342470283986512e-12
7.5405990237019774e-12
4.1950783865756832e-12
7.5749271059589965e-12
4.1546330979904445e-12
7.5889513897531486e-12
4.1095054100676246e-12
7.4955173483656499e-12
4.0436653916722389e-12
6.796869452802664e-12
3.8954908178015492e-12
3.0052003529866487e-12
3.4868373819021629e-12
-1.4163693213967968e-11
2.5078599397719507e-12
-7.6061961233048633e-11
9.5139890340140256e-13
-2.2984068685336538e-10
-3.6177220589651146e-10
5.2504568356067698e-12
5.7389477180806826e-14
5.2502758651500526e-12
1.8118789498411084e-13
5.2501228435232924e-12
3.050231978243998e-13
5.2499969509185125e-12
4.2889333602547645e-13
5.2498934643111911e-12
5.5279690406778138e-13
5.2498048127762675e-12
6.7673354642543159e-13
5.2497214827064076e-12
8.0070390787313096e-13
5.2496325508710325e-12
9.2470940569520967e-13
5.2495260355688316e-12
1.0487518861956533e-12
5.2493890885746841e-12
1.1728332725972494e-12
5.2492080782064926e-12
1.2969552267001945e-12
5.2489686067376983e-12
1.4211188439361549e-12
5.2486554900441024e-12
1.5453243866088137e-12
5.2482527184569577e-12
1.6695710526399804e-12
5.2477434116352848e-12
1.7938567747387236e-12
5.2471097746434764e-12
1.9181780427225222e-12
5.2463330592290779e-12
2.0425297453154933e-12
5.2453935327706047e-12
2.1669050244261019e-12
5.2442704553087168e-12
2.2912951396660518e-12
5.2429420649061677e-12
2.4156893393057601e-12
5.2413855714138542e-12
2.5400747359255069e-12
5.2395771578375534e-12
2.6644361853819925e-12
5.2374919895382502e-12
2.7887561680091886e-12
5.2351042306083813e-12
2.9130146716163214e-12
5.2323870676488863e-12
3.0371890759585264e-12
5.2293127405471787e-12
3.1612540390272836e-12
5.2258525806282761e-12
3.2851813850276718e-12
5.2219770560772174e-12
3.4089399947400673e-12
5.2176558249525823e-12
3.5324956985314803e-12
5.2128577959281315e-12
3.6558111729024766e-12
5.2075511970289311e-12
3.778845840963277e-12
5.201703652797474e-12
3.9015557779865515e-12
5.1952822699163452e-12
4.0238936226374855e-12
5.1882537317301979e-12
4.1458084949582877e-12
5.1805844018143599e-12
4.2672459221248511e-12
5.1722404368495166e-12
4.3881477729195858e-12
5.163187908900826e-12
4.5084522023351413e-12
5.1533929372184215e-12
4.6280936071740736e-12
5.1428218295358044e-12
4.7470025942216326e-12
5.13144123282638e-12
4.8651059619033226e-12
5.1192182932730194e-12
4.9823266970501729e-12
5.1061208252320724e-12
5.0985839878935434e-12
5.0921174887745877e-12
5.2137932548585427e-12
5.0771779753140116e-12
5.3278662001629572e-12
5.0612732003837445e-12
5.4407108778887565e-12
5.0443755031484855e-12
5.5522317854937307e-12
5.0264588513375136e-12
5.6623299782135932e-12
5.0074990505737771e-12
5.7709032072094891e-12
4.9874739569090683e-12
5.8778460828031128e-12
4.9663636909419114e-12
5.9830502635154928e-12
4.9441508519451319e-12
6.0864046715105296e-12
4.9208207303581202e-12
6.1877957353989939e-12
4.8963615165045849e-12
6.2871076602881462e-12
4.8707645038164566e-12
6.3842227254836038e-12
4.8440242840475418e-12
6.4790216098297577e-12
4.8161389325022195e-12
6.5713837436373691e-12
4.7871101808481559e-12
6.6611876873474244e-12
4.7569435752674836e-12
6.74831153498258e-12
4.7256486172966162e-12
6.8326333417299634e-12
4.6932388854608815e-12
6.9140315734332265e-12
4.6597321349553089e-12
6.9923855759519109e-12
4.6251503735974044e-12
7.0675760621295513e-12
4.589519911782525e-12
7.1394856132555267e-12
4.552871384485111e-12
7.2079991918598541e-12
4.5152397440467257e-12
7.2730046619523588e-12
4.4766642214734847e-12
7.3343933077668464e-12
4.4371882525375496e-12
7.3920603066963244e-12
4.3968593420111094e-12
7.4459048130959384e-12
4.3557286777851063e-12
7.4958269184386683e-12
4.3138491521692744e-12
7.5417002515537794e-12
4.2712628466953849e-12
7.5831624218049086e-12
4.227922990039071e-12
7.6181153364341067e-12
4.183246096421267e-12
7.6326990765194906e-12
4.1338337147137943e-12
7.5397563506218238e-12
4.0636635933012767e-12
6.8415288173932571e-12
3.9111220777363441e-12
3.0502013866296437e-12
3.4980784407587203e-12
-1.4118481501410593e-11
2.514733576499429e-12
-7.6017020073374654e-11
9.5415948519050179e-13
-2.2979846205134944e-10
-3.6174406476594831e-10
5.3742528296210373e-12
5.7558675733803628e-14
5.3741074466021207e-12
1.8133327802940909e-13
5.3739892266236632e-12
3.0514141781948261e-13
5.3738973912307118e-12
4.2898517143362211e-13
5.3738278196791852e-12
5.5286647563258237e-13
5.3737737222198934e-12
6.767876438973532e-13
5.3737262178037773e-12
8.0075141230175817e-13
5.3736747631088384e-12
9.2476086040193643e-13
5.3736074445828078e-12
1.0488192047415424e-12
5.3735111667095331e-12
1.1729295504502402e-12
5.3733717560004138e-12
1.2970946373968354e-12
5.3731740083508723e-12
1.4213165915722644e-12
5.3729016999851798e-12
1.5455966949927505e-12
5.3725375766203405e-12
1.6699351760143681e-12
5.3720633319853976e-12
1.7943310193591919e-12
5.3714595823632726e-12
1.9187817923290742e-12
5.3707058421732722e-12
2.0432834855210291e-12
5.3697805029384509e-12
2.1678303636677353e-12
5.3686608180335567e-12
2.292414824585191e-12
5.3673228929659637e-12
2.4170272643542763e-12
5.3657416829845069e-12
2.5416559458877249e-12
5.3638909969561905e-12
2.6662868713897534e-12
5.3617435086932455e-12
2.7909036562504795e-12
5.3592707750746802e-12
2.9154874052122551e-12
5.3564432615557269e-12
3.0400165894533949e-12
5.3532303749791775e-12
3.1644669255786766e-12
5.3496005040177277e-12
3.2888112559627871e-12
5.3455210674603649e-12
3.4130194312700698e-12
5.3409585706265162e-12
3.5370581953366857e-12
5.3358786702660632e-12
3.6608910732331527e-12
5.3302462482713598e-12
3.7844782629430395e-12
5.3240254945629367e-12
3.9077765316786112e-12
5.3171799995491871e-12
4.030739117634244e-12
5.3096728563632395e-12
4.1533156381264042e-12
5.3014667733108227e-12
4.2754520051582477e-12
5.2925241966795316e-12
4.3970903495316716e-12
5.2828074442491564e-12
4.5181689547613458e-12
5.2722788494242285e-12
4.6386222019949697e-12
5.2609009162776079e-12
4.7583805273637943e-12
5.2486364852632371e-12
4.877370392914022e-12
5.2354489095479867e-12
4.9955142727781299e-12
5.2213022415752952e-12
5.1127306558873394e-12
5.2061614296169899e-12
5.2289340668071391e-12
5.1899925236843159e-12
5.3440351060867616e-12
5.1727628898492777e-12
5.4579405117161813e-12
5.1544414325161932e-12
5.5705532428204901e-12
5.1349988232334237e-12
5.6817725875072073e-12
5.1144077348910587e-12
5.7914942955637997e-12
5.0926430800333352e-12
5.8996107376745276e-12
5.0696822514997996e-12
6.0060110920796535e-12
5.0455053635868411e-12
6.1105815594550695e-12
5.0200954919345579e-12
6.2132056071002771e-12
4.9934389097410509e-12
6.3137642425007107e-12
4.9655253183563602e-12
6.4121363168890749e-12
4.9363480693793705e-12
6.5081988588291411e-12
4.9059043760719227e-12
6.6018274369685547e-12
4.8741955112962081e-12
6.6928965521639383e-12
4.841226989264309e-12
6.7812800570568898e-12
4.8070087284652367e-12
6.8668516025805754e-12
4.7715551929818834e-12
6.9494851089856752e-12
4.7348855095569076e-12
7.0290552594157158e-12
4.6970235581238851e-12
7.1054380136190297e-12
4.6579980329274399e-12
7.1785111385100733e-12
4.617842472493744e-12
7.2481547523377993e-12
4.5765952563815621e-12
7.314251878015254e-12
4.5342995665507514e-12
7.376688996799431e-12
4.491003309016837e-12
7.4353565572360229e-12
4.4467589695058621e-12
7.4901490960655819e-12
4.4016232140795905e-12
7.5409622356678134e-12
4.3556548927450371e-12
7.587665322077471e-12
4.3089025015528448e-12
7.6298919057221408e-12
4.2613261137461292e-12
7.6655400985906702e-12
4.2123494878717793e-12
7.6807464981209663e-12
4.1585817897303593e-12
7.5883506798585326e-12
4.0840087866218345e-12
6.8905911013953845e-12
3.9270257630519505e-12
3.099644039137273e-12
3.5095160375228524e-12
-1.4068803446568831e-11
2.5217275996126051e-12
-7.596763491664485e-11
9.5696841071670362e-13
-2.2975205167631327e-10
-3.6171311444557719e-10
5.4980270090253204e-12
5.7699390513695044e-14
5.4979141610596333e-12
1.8144612601444181e-13
5.4978312507246697e-12
3.0522432817181185e-13
5.4977771711664993e-12
4.2903925100799327e-13
5.4977478849030621e-12
5.5289576190968645e-13
5.4977368697662031e-12
6.767986590468022e-13
5.4977354738789927e-12
8.0075280820115034e-13
5.497733231302813e-12
9.2476310299755609e-13
5.4977180959400431e-12
1.0488343401149697e-12
5.4976766031285975e-12
1.1729710432726233e-12
5.4975939740289886e-12
1.2971772665064317e-12
5.4974541744080442e-12
1.4214563912110479e-12
5.4972399419010892e-12
1.5458109275089188e-12
5.4969327925618276e-12
1.6702423253623337e-12
5.49651301511803e-12
1.794750796818251e-12
5.4959596588318455e-12
1.9193351485907619e-12
5.495250519983137e-12
2.0439926243760392e-12
5.4943621291115316e-12
2.1687187545210955e-12
5.4932697418490018e-12
2.2935072118520732e-12
5.4919473339471303e-12
2.4183496722596366e-12
5.4903676018975055e-12
2.5432356779398543e-12
5.488501969463327e-12
2.6681525037938093e-12
5.4863206008160265e-12
2.7930850248660118e-12
5.4837924202940412e-12
2.9180155857098624e-12
5.4808851394361011e-12
3.0429238702773895e-12
5.477565291719196e-12
3.1677867732685283e-12
5.4737982748681642e-12
3.2925782727856782e-12
5.4695484018616695e-12
3.4172693042473362e-12
5.4647789603450058e-12
3.5418276368227623e-12
5.4594522813858346e-12
3.6662177521608345e-12
5.4535298177698429e-12
3.7904007265259973e-12
5.446972232355016e-12
3.9143341170751601e-12
5.4397394969122108e-12
4.0379718530578398e-12
5.4317910018890131e-12
4.1612641331299321e-12
5.4230856774228702e-12
4.2841573296035568e-12
5.4135821259613822e-12
4.4065939009717974e-12
5.4032387667765242e-12
4.5285123139403183e-12
5.3920139924634795e-12
4.6498469763021336e-12
5.379866337766841e-12
4.7705281820549043e-12
5.366754660405465e-12
4.8904820702701602e-12
5.3526383340179278e-12
5.0096305991608599e-12
5.3374774528345393e-12
5.1278915370903081e-12
5.3212330477125282e-12
5.2451784719177296e-12
5.3038673130762062e-12
5.3614008407132415e-12
5.2853438437138078e-12
5.476463981070131e-12
5.2656278808243496e-12
5.5902692057032242e-12
5.2446865659518344e-12
5.7027139023746367e-12
5.2224892015350241e-12
5.8136916599928125e-12
5.1990075165371873e-12
5.9230924226860428e-12
5.174215935441529e-12
6.0308026732059919e-12
5.1480918484170251e-12
6.1367056465124425e-12
5.1206158807157188e-12
6.2406815748353403e-12
5.0917721587311731e-12
6.3426079645051022e-12
5.0615485703189885e-12
6.4423599053228495e-12
5.0299370163751842e-12
6.5398104127961008e-12
4.9969336510398964e-12
6.6348308023286976e-12
4.9625391074360195e-12
6.7272910958097227e-12
4.9267587057811879e-12
6.8170604587557236e-12
4.8896026409790546e-12
6.9040076674281681e-12
4.85108614637546e-12
6.9880016036599638e-12
4.8112296306430614e-12
7.0689117751886196e-12
4.7700587852082804e-12
7.1466088591117068e-12
4.727604658828012e-12
7.2209652649499084e-12
4.6839036973344274e-12
7.2918557138763554e-12
4.6389977460375127e-12
7.3591578293118069e-12
4.5929340121780109e-12
7.4227527298377565e-12
4.545764983435307e-12
7.4825255789854591e-12
4.4975482750342389e-12
7.5383657479269197e-12
4.448346217108932e-12
7.5901638553971247e-12
4.3982238399792251e-12
7.6377844484128807e-12
4.3472363127615275e-12
7.6808565257855329e-12
4.2953508459769008e-12
7.717273940294858e-12
4.2419987676016166e-12
7.73316937477787e-12
4.1837972152964178e-12
7.6413788740503507e-12
4.1047403575663717e-12
6.9441372786197767e-12
3.9432328335619163e-12
3.1536113056422445e-12
3.5211725330831979e-12
-1.4014574556991133e-11
2.5288557241233769e-12
-7.5913720955662753e-11
9.5983119957011998e-13
-2.2970137548075537e-10
-3.6167930106835708e-10
5.6217747646991103e-12
5.7816201860395767e-14
5.6216925737738367e-12
1.8152831695429159e-13
5.6216460334241731e-12
3.0527086853753678e-13
5.621633505966546e-12
4.290517784816048e-13
5.6216507726332574e-12
5.5287849525668535e-13
5.6216912510971714e-12
6.7675818059527321e-13
5.6217462331397446e-12
8.0069782617045034e-13
5.6218051036046494e-12
9.2470423254390284e-13
5.6218555164228833e-12
1.0487839273152546e-12
5.6218835259454035e-12
1.1729430337602439e-12
5.6218736797483857e-12
1.2971871127130402e-12
5.621809077621987e-12
1.421520993346311e-12
5.6216714050700051e-12
1.54594860007694e-12
5.6214409488395953e-12
1.6704727816001432e-12
5.6210966006708172e-12
1.79509514499365e-12
5.6206158539600827e-12
1.9198158953073768e-12
5.6199747976004717e-12
2.0446336807409707e-12
5.6191481094349562e-12
2.1695454426981128e-12
5.6181090515086963e-12
2.2945462697817081e-12
5.6168294688726613e-12
2.4196292548975569e-12
5.6152797925767315e-12
2.5447853542367228e-12
5.6134290481983821e-12
2.6700032481480969e-12
5.6112448703392923e-12
2.7952692027235556e-12
5.6086935237133981e-12
2.9205669323408161e-12
5.6057399313807035e-12
3.0458774625823244e-12
5.6023477108663608e-12
3.17117899377775e-12
5.5984792181397612e-12
3.2964467654818931e-12
5.594095600722716e-12
3.4216529216330079e-12
5.5891568598364665e-12
3.5467663776763022e-12
5.5836219224703463e-12
3.6717526894927156e-12
5.5774487238459375e-12
3.7965739251154552e-12
5.5705943008034247e-12
3.9211885400814079e-12
5.5630148966762317e-12
4.0455512571637062e-12
5.5546660781233653e-12
4.1696129516606916e-12
5.5455028644156762e-12
4.2933205432881713e-12
5.535479869618544e-12
4.4166168957460367e-12
5.5245514578918551e-12
4.5394407256435771e-12
5.5126719123650731e-12
4.6617265218216189e-12
5.499795617572042e-12
4.7834044768410506e-12
5.4858772556787598e-12
4.9044004321569785e-12
5.4708720162311699e-12
5.0246358386025246e-12
5.4547358193662092e-12
5.1440277339661384e-12
5.4374255519423554e-12
5.2624887393617822e-12
5.4188993161894306e-12
5.3799270764875099e-12
5.3991166899900679e-12
5.496246607261158e-12
5.3780389978052546e-12
5.6113468978810938e-12
5.3556295911010767e-12
5.7251233090739573e-12
5.3318541367775511e-12
5.8374671143286384e-12
5.3066809119292465e-12
5.9482656475481591e-12
5.2800811031260756e-12
6.0574024820402992e-12
5.2520291077803523e-12
6.1647576418911052e-12
5.2225028355024736e-12
6.2702078471481157e-12
5.1914840064963452e-12
6.373626793532326e-12
5.1589584443677429e-12
6.4748854674743309e-12
5.1249163600708135e-12
6.5738524971175273e-12
5.0893526238776926e-12
6.670394538548327e-12
5.0522670219540517e-12
6.764376697777209e-12
5.0136644940090051e-12
6.8556629867464922e-12
4.9735553485347115e-12
6.944116812957709e-12
4.9319554520750227e-12
7.0296015001916926e-12
4.8888863888691674e-12
7.1119808384364382e-12
4.8443755878832931e-12
7.1911196601571018e-12
4.798456413411898e-12
7.2668844394823403e-12
4.7511682168187738e-12
7.3391439105326676e-12
4.7025563464160853e-12
7.4077696996841595e-12
4.6526721128032665e-12
7.4726369626312158e-12
4.6015727048364157e-12
7.5336249799608687e-12
4.5493210292558568e-12
7.5906173669699745e-12
4.4959852845676958e-12
7.6434991619068184e-12
4.4416369275695165e-12
7.6921295546341594e-12
4.3863380873507135e-12
7.7361324589460947e-12
4.3300634379381959e-12
7.7733969651820187e-12
4.2722522397415134e-12
7.7900513738972369e-12
4.2095299994471163e-12
7.6989277672832051e-12
4.1258997155640667e-12
7.0022569216094448e-12
3.9597758483167423e-12
3.2121950318617463e-12
3.5330714482126312e-12
-1.3955701301225954e-11
2.5361323782412484e-12
-7.5855184289656455e-11
9.6275365882334879e-13
-2.2964634459509928e-10
-3.616425649596779e-10
5.7454890010503601e-12
5.7912290003877113e-14
5.7454365953474599e-12
1.8158072267220595e-13
5.7454280653229588e-12
3.0527939857569015e-13
5.7454612053988858e-12
4.2901863842054125e-13
5.7455314545447137e-12
5.5280824612435464e-13
5.7456319734003845e-12
6.7665766175173449e-13
5.7457538060961571e-12
8.0057599348590221e-13
5.7458860221409952e-12
9.245720165097436e-13
5.7460158442039465e-12
1.048654105262296e-12
5.7461287506814586e-12
1.1728301272921696e-12
5.7462085517125757e-12
1.29710731169055e-12
5.7462374422098704e-12
1.4214921028568323e-12
5.7461960351972241e-12
1.5459900070965127e-12
5.746063380384391e-12
1.670605436419244e-12
5.7458169725259255e-12
1.7953415528574825e-12
5.7454327530491877e-12
1.920200114788593e-12
5.7448851083172625e-12
2.0451813254764972e-12
5.7441468669042538e-12
2.170283684113546e-12
5.743189297920406e-12
2.2955038387671263e-12
5.7419821119829791e-12
2.4208364408353897e-12
5.7404934659192491e-12
2.5462740002994076e-12
5.738689972383219e-12
2.6718067416824928e-12
5.7365367151360055e-12
2.7974224599674361e-12
5.733997270859825e-12
2.9231063766125526e-12
5.7310337381108408e-12
3.0488409953336491e-12
5.7276067740818738e-12
3.1746059578077748e-12
5.7236756399906279e-12
3.3003778995333402e-12
5.719198255547229e-12
3.4261303060432013e-12
5.7141312633794961e-12
3.5518333698095868e-12
5.7084301037820432e-12
3.6774538490543791e-12
5.7020491009047868e-12
3.802954927955949e-12
5.694941560581084e-12
3.9282960803676096e-12
5.6870598807313181e-12
4.0534329369748046e-12
5.6783556748302422e-12
4.1783171575222544e-12
5.668779909076614e-12
4.3028963090175301e-12
5.658283053685856e-12
4.4271137511128017e-12
5.6468152488692357e-12
4.5509085304359378e-12
5.6343264857747204e-12
4.6742152848921943e-12
5.6207668026231301e-12
4.7969641599848513e-12
5.6060864962944797e-12
4.9190807384787595e-12
5.5902363492017103e-12
5.0404859856888236e-12
5.5731678713815474e-12
5.1610962117970271e-12
5.5548335573176223e-12
5.2808230534458901e-12
5.5351871571062028e-12
5.3995734766891729e-12
5.514183961173427e-12
5.5172498031863026e-12
5.4917810972723664e-12
5.6337497617762559e-12
5.4679378388831419e-12
5.7489665674589497e-12
5.4426159231790198e-12
5.8627890300457934e-12
5.4157798768693136e-12
5.9751016938734468e-12
5.3873973478937125e-12
6.0857850110326814e-12
5.3574394405017596e-12
6.1947155493177843e-12
5.3258810510942789e-12
6.30176623659233e-12
5.2927012019010563e-12
6.4068066427485239e-12
5.2578833693047162e-12
6.5097033000954258e-12
5.2214158034240784e-12
6.6103200630246123e-12
5.1832918351941323e-12
6.7085185068071129e-12
5.1435101672824379e-12
6.8041583657351561e-12
5.10207514474509e-12
6.8970980093315944e-12
5.0589970015448705e-12
6.9871949562149984e-12
5.0142920787399283e-12
7.0743064230711335e-12
4.9679830102789628e-12
7.1582899069413565e-12
4.9200988728602822e-12
7.2390037976369049e-12
4.870675295465558e-12
7.3163080169402244e-12
4.8197545257556874e-12
7.3900646803072853e-12
4.7673854497542625e-12
7.4601387756573657e-12
4.7136235617469368e-12
7.5263988498214866e-12
4.658530879227456e-12
7.5887176554581976e-12
4.6021757756506386e-12
7.6469724140104551e-12
4.5446325411321239e-12
7.7010419582566281e-12
4.4859793296804701e-12
7.7507795153406783e-12
4.4262855474140379e-12
7.7958033342978169e-12
4.3655336936199943e-12
7.833997195020758e-12
4.303171364948985e-12
7.8514845062346636e-12
4.23583287987255e-12
7.7610929166503784e-12
4.1475305457065943e-12
7.065048655576729e-12
3.9766891655103268e-12
3.2754963906787738e-12
3.5452376087462142e-12
-1.3892080614777059e-11
2.5435727928258814e-12
-7.5791921421771583e-11
9.6574191905105374e-13
-2.2958686104829008e-10
-3.616028403139669e-10
5.869160459695358e-12
5.7989826376632823e-14
5.86913778402349e-12
1.8160339836596016e-13
5.8691694831869363e-12
3.0524769942394148e-13
5.8692528204928842e-12
4.2893530112813981e-13
5.8693827968352407e-12
5.5267826979507731e-13
5.8695522075707849e-12
6.7648825102819729e-13
5.8697517212076955e-12
8.0037647985987205e-13
5.8699699739729586e-12
9.2435376375459463e-13
5.8701936589405083e-12
1.0484304203040016e-12
5.8704076019584544e-12
1.1726161842826823e-12
5.8705948210370277e-12
1.2969200926195563e-12
5.8707365698461786e-12
1.4213503540544892e-12
5.8708123671159359e-12
1.5459142098326598e-12
5.8708000144046827e-12
1.6706177891355529e-12
5.8706756053474856e-12
1.7954659619188397e-12
5.870413529185766e-12
1.9204621909533503e-12
5.8699864709344793e-12
2.0456083837299463e-12
5.8693654104530606e-12
2.170904744595949e-12
5.868519622141628e-12
2.2963496270786421e-12
5.8674166768475327e-12
2.4219393861283614e-12
5.8660224470997766e-12
2.5476682300447754e-12
5.8643011169754072e-12
2.6735280718032223e-12
5.8622151973861784e-12
2.799508379551823e-12
5.859725547812123e-12
2.9255960261806033e-12
5.8567914052356233e-12
3.0517751379025419e-12
5.853370421100883e-12
3.1780269419339209e-12
5.8494187071330482e-12
3.3043296134989839e-12
5.8448908907156855e-12
3.4306581224254052e-12
5.8397401808066403e-12
3.5569840797065672e-12
5.8339184447961399e-12
3.6832755850271208e-12
5.8273762976904673e-12
3.8094970750231665e-12
5.8200632037625966e-12
3.9356091742561376e-12
5.8119275918782303e-12
4.06156854881882e-12
5.8029169850420752e-12
4.1873277643179778e-12
5.7929781449329359e-12
4.3128351491015987e-12
5.7820572318653649e-12
4.4380346641548892e-12
5.7700999811008967e-12
4.5628657811753588e-12
5.7570518955800112e-12
4.687263370388447e-12
5.7428584557161686e-12
4.8111575998404504e-12
5.7274653462563217e-12
4.934473847931186e-12
5.7108187005377746e-12
5.0571326314010384e-12
5.6928653617736558e-12
5.17904955055627e-12
5.6735531611881049e-12
5.3001352540445086e-12
5.6528312124670939e-12
5.4202954254325864e-12
5.6306502218074316e-12
5.5394307938390639e-12
5.6069628124605447e-12
5.6574371711180262e-12
5.5817238624882526e-12
5.7742055174283515e-12
5.5548908541232971e-12
5.8896220384252044e-12
5.5264242327558528e-12
6.0035683152575001e-12
5.4962877734709507e-12
6.1159214703364495e-12
5.4644489524246255e-12
6.2265543704010192e-12
5.4308793201281182e-12
6.3353358689278295e-12
5.3955548735919067e-12
6.4421310893415992e-12
5.3584564235600124e-12
6.54680175015455e-12
5.3195699534016144e-12
6.6492065332120303e-12
5.2788869650673604e-12
6.7492014951725162e-12
5.2364048082798939e-12
6.8466405225553876e-12
5.1921269882803777e-12
6.9413758293888047e-12
5.1460634475491943e-12
7.0332584970212097e-12
5.0982308169891801e-12
7.1221390537074139e-12
5.0486526317775688e-12
7.2078680921991106e-12
4.9973595077128725e-12
7.2902969217653207e-12
4.9443892731460508e-12
7.3692782515724522e-12
4.8897870531094077e-12
7.4446669003790311e-12
4.8336053015797871e-12
7.5163205271608396e-12
4.7759037780027707e-12
7.5841003725831081e-12
4.71674946299646e-12
7.6478719634444736e-12
4.6562163850136304e-12
7.7075054354578106e-12
4.5943851684187469e-12
7.7628727366837638e-12
4.5313409608076847e-12
7.8138204722227114e-12
4.467160794455373e-12
7.8599605938223348e-12
4.401835393577224e-12
7.8991709725683365e-12
4.3348211387341738e-12
7.9175695675505394e-12
4.262761652295156e-12
7.8279790790964159e-12
4.1696790835351403e-12
7.1326206660266812e-12
3.9940091603767608e-12
3.3436264157035072e-12
3.5576973039680861e-12
-1.3823599346533923e-11
2.5511930990978052e-12
-7.5723818695852292e-11
9.6880247376331842e-13
-2.2952281723049632e-10
-3.6156005483165745e-10
5.9927778388126894e-12
5.8050255063724311e-14
5.9927855075320786e-12
1.8159572968026804e-13
5.9928602145368932e-12
3.0517299243024849e-13
5.9929987226725336e-12
4.2879679300499372e-13
5.9931955798869288e-12
5.5248141259313001e-13
5.9934431469121903e-12
6.7624068401450238e-13
5.9937316358234918e-12
8.000879909590057e-13
5.9940491688041254e-12
9.2403623078340916e-13
5.9943818378927864e-12
1.0480977512237972e-12
5.9947137581118094e-12
1.1722842640711968e-12
5.9950271113136446e-12
1.2966067394243087e-12
5.9953021792255643e-12
1.4210752861482653e-12
5.9955173665792981e-12
1.5456990224836685e-12
5.9956492155496911e-12
1.6704859401689089e-12
5.9956724134007135e-12
1.7954427640706062e-12
5.9955597954005303e-12
1.9205748089550926e-12
5.9952823448817957e-12
2.0458858342492148e-12
5.9948091922452843e-12
2.1713778972319495e-12
5.9941076145124456e-12
2.2970512048100008e-12
5.9931430368172583e-12
2.4229039638210058e-12
5.9918790370853405e-12
2.5489322297727822e-12
5.9902773550836294e-12
2.6751297537996457e-12
5.9882979068233869e-12
2.8014878278056597e-12
5.9858988053545601e-12
2.9279951276420517e-12
5.9830363888600516e-12
3.054637554388256e-12
5.9796652569794953e-12
3.1813980738042703e-12
5.9757383162928557e-12
3.3082565541740761e-12
5.9712068358500079e-12
3.4351896028554624e-12
5.9660205135973281e-12
3.562170401913809e-12
5.9601275548956553e-12
3.6891685436901375e-12
5.9534747635637866e-12
3.8161498663078835e-12
5.9460076468299098e-12
3.9430762909493727e-12
5.937670534746403e-12
4.0699056608611592e-12
5.9284067151973236e-12
4.1965915838260996e-12
5.9181585850602577e-12
4.3230832791971787e-12
5.9068678184825626e-12
4.4493254307071849e-12
5.8944755528261857e-12
4.5752580468063911e-12
5.8809225930480714e-12
4.700816330142073e-12
5.8661496347734671e-12
4.8259305580909647e-12
5.8500975065104608e-12
4.9505259761711686e-12
5.832707431323319e-12
5.074522706582999e-12
5.8139213075931625e-12
5.1978356742824312e-12
5.7936820090547935e-12
5.3203745525813113e-12
5.7719337033008931e-12
5.4420437312105147e-12
5.7486221881943707e-12
5.5627423089634603e-12
5.7236952452345863e-12
5.6823641140739793e-12
5.6971030083000015e-12
5.8007977543617205e-12
5.6687983463365957e-12
5.9179267003894116e-12
5.6387372577577617e-12
6.0336294038554215e-12
5.6068792743533932e-12
6.1477794537621446e-12
5.5731878718455653e-12
6.260245772948206e-12
5.537630883870652e-12
6.3708928569438288e-12
5.5001809160879656e-12
6.4795810571835858e-12
5.4608157561748044e-12
6.5861669100975511e-12
5.4195187759930158e-12
6.6905035134255951e-12
5.376279320755377e-12
6.7924409504434571e-12
5.3310930809614885e-12
6.8918267624002673e-12
5.2839624417006399e-12
6.9885064687020969e-12
5.2348968043052445e-12
7.0823241344936501e-12
5.1839128749967489e-12
7.1731229830940254e-12
5.1310349153890779e-12
7.2607460518710029e-12
5.0762949494682331e-12
7.3450368877519353e-12
5.0197329220889553e-12
7.4258402790189256e-12
4.9613968044683683e-12
7.5030030180447301e-12
4.9013426420110639e-12
7.5763746895927115e-12
4.8396345404462516e-12
7.6458084733657614e-12
4.7763445838854764e-12
7.7111619129862206e-12
4.7115526570346674e-12
7.7722973057736019e-12
4.6453459808633711e-12
7.8290789746882218e-12
4.5778170198961715e-12
7.8813461824934941e-12
4.5090508155028499e-12
7.928703891467847e-12
4.4390467572631994e-12
7.9690234080550051e-12
4.3672705046910193e-12
7.9884166294894396e-12
4.2903755295730082e-12
7.8997007422997773e-12
4.19239441569402e-12
7.2050912647804843e-12
4.0117744634469608e-12
3.4167065969279941e-12
3.5704784599874856e-12
-1.3750133640109985e-11
2.5590104356462235e-12
-7.5650751667029482e-11
9.71942222701934e-13
-2.2945409529184453e-10
-3.6151412931300388e-10
6.1163278592631179e-12
5.8094469463578054e-14
6.1163670200855629e-12
1.8155656890479183e-13
6.1164880129614177e-12
3.0505199956696271e-13
6.1166871373353319e-12
4.2859766864347841e-13
6.1169584890645683e-12
5.5221006087590575e-13
6.117293959242576e-12
6.7590521384757936e-13
6.1176832544342141e-12
7.9969869577729596e-13
6.1181139304043457e-12
9.2360555482205867e-13
6.1185714286727698e-12
1.0476402529630315e-12
6.1190391116085768e-12
1.1718165811419927e-12
6.1194982920926697e-12
1.2961475589458003e-12
6.1199282563241273e-12
1.4206453219213946e-12
6.1203062795872437e-12
1.5453209992241198e-12
6.1206076357472087e-12
1.6701845840114171e-12
6.1208056015103804e-12
1.7952447983087193e-12
6.120871456918892e-12
1.9205089535466706e-12
6.1207744835573185e-12
2.0459828076097617e-12
6.1204819619311192e-12
2.1716704188563555e-12
6.1199591694379621e-12
2.2975739973002713e-12
6.1191693801826954e-12
2.4236937530721935e-12
6.118073867935734e-12
2.5500277420144171e-12
6.1166319132926647e-12
2.6765717084360248e-12
6.11480081618747e-12
2.8033189249028362e-12
6.112535914799135e-12
2.9302600290213738e-12
6.1097906118681119e-12
3.0573828573090221e-12
6.1065164094581859e-12
3.1846722762024957e-12
6.1026629531902186e-12
3.3121100104296115e-12
6.098178086963419e-12
3.4396744690678304e-12
6.0930079191686292e-12
3.5673405696937018e-12
6.087096901585553e-12
3.6950795612573342e-12
6.0803879217191813e-12
3.8228588461334786e-12
6.0728224100312958e-12
3.9506418025884473e-12
6.0643404625943251e-12
4.0783876082562353e-12
6.0548809807108407e-12
4.2060510656674786e-12
6.0443818280268198e-12
4.3335824318395724e-12
6.0327800063098077e-12
4.4609272523828081e-12
6.0200118506370545e-12
4.5880262024537424e-12
6.0060132447213821e-12
4.7148149360331044e-12
5.9907198571009147e-12
4.8412239456875618e-12
5.9740673985331845e-12
4.9671784347327571e-12
5.9559919009466761e-12
5.0925982041491405e-12
5.9364300181533049e-12
5.2173975570730544e-12
5.9153193480456193e-12
5.3414852226887885e-12
5.8925987760128797e-12
5.4647643032607931e-12
5.8682088387281494e-12
5.5871322462447631e-12
5.8420921076799554e-12
5.7084808451201958e-12
5.8141935905483317e-12
5.8286962714940679e-12
5.7844611492813982e-12
5.9476591416596336e-12
5.752845932324426e-12
6.0652446208341233e-12
5.7193028186107985e-12
6.1813225674998355e-12
5.6837908704913083e-12
6.2957577210938445e-12
5.6462737919535849e-12
6.4084099355256149e-12
5.6067203884990116e-12
6.5191344607000958e-12
5.5651050241674547e-12
6.6277822744615353e-12
5.5214080714915345e-12
6.734200466135954e-12
5.4756163487015603e-12
6.8382326732697263e-12
5.427723539353731e-12
6.9397195718014044e-12
5.377730588390661e-12
7.0384994197279987e-12
5.3256460689649886e-12
7.1344086539990072e-12
5.2714865138233094e-12
7.2272825382849469e-12
5.2152767055859439e-12
7.3169558601747278e-12
5.1570499193444665e-12
7.4032636740607859e-12
5.0968481124185596e-12
7.4860420859978092e-12
5.0347220554185861e-12
7.5651290750829955e-12
4.9707313995765899e-12
7.6403653454190687e-12
4.9049446754007748e-12
7.7115951967596961e-12
4.8374392158012576e-12
7.7786673655991345e-12
4.7683009752352561e-12
7.8414354898202812e-12
4.6976240538523989e-12
7.8997554578721657e-12
4.6255085845206345e-12
7.9534584011450282e-12
4.5520480366405366e-12
8.0021415327419995e-12
4.4772509494365138e-12
8.0436688731317911e-12
4.4005928075291736e-12
8.0641455836886942e-12
4.318737535928741e-12
7.9763827143965942e-12
4.2157288102560597e-12
7.2825895198890668e-12
4.0300262228009559e-12
3.4948695447405823e-12
3.5836108301399081e-12
-1.3671548243648531e-11
2.5670430661293705e-12
-7.5572584399367914e-11
9.7516851930319554e-13
-2.2938056647088721e-10
-3.6146497720427694e-10
6.2397952409822529e-12
5.8122929730438667e-14
6.2398674849095772e-12
1.8148432503465851e-13
6.2400384963221689e-12
3.0488098816964176e-13
6.2403041491477563e-12
4.283320158310119e-13
6.2406580927858835e-12
5.5185611724951185e-13
6.2410917348647849e-12
6.7547157177918069e-13
6.2415942503241267e-12
7.9919618032722034e-13
6.2421525963334487e-12
9.2304720882076263e-13
6.2427515323487609e-12
1.0470413169545493e-12
6.2433736403389521e-12
1.1711944731574769e-12
6.2439993421777828e-12
1.2955218571115544e-12
6.2446069126800764e-12
1.4200377514225834e-12
6.245172487743637e-12
1.5447554241628661e-12
6.2456700678864479e-12
1.6696870038697307e-12
6.2460715178766654e-12
1.7948433483183091e-12
6.2463465634337496e-12
1.9202339079883667e-12
6.2464627861710285e-12
2.0458665848705113e-12
6.246385617967192e-12
2.1717475870567081e-12
6.2460783360899731e-12
2.2978812791732904e-12
6.2455020600947676e-12
2.424270029061402e-12
6.244615751891538e-12
2.5509140502106516e-12
6.2433762199387491e-12
2.6778112403810173e-12
6.2417381287653683e-12
2.8049570160667993e-12
6.239654014975331e-12
2.932344142800896e-12
6.2370743107432476e-12
3.0599625615294426e-12
6.2339473759776812e-12
3.1877992109550336e-12
6.2302195402850834e-12
3.315837846108369e-12
6.2258351558339793e-12
3.4440588535038849e-12
6.2207366623067504e-12
3.5724390632053725e-12
6.2148646651459394e-12
3.7009515584010361e-12
6.2081580281521068e-12
3.8295654831096141e-12
6.2005539818489449e-12
3.9582458488734855e-12
6.1919882485651623e-12
4.0869533414979497e-12
6.1823951855801381e-12
4.2156441286105718e-12
6.1717079472838824e-12
4.3442696700938107e-12
6.1598586676488915e-12
4.4727765319765765e-12
6.1467786639062028e-12
4.601106206155556e-12
6.1323986622853309e-12
4.729194937629892e-12
6.1166490467207096e-12
4.8569735612296942e-12
6.0994601311709302e-12
4.9843673502611978e-12
6.0807624558446698e-12
5.1112958794565259e-12
6.0604871078964088e-12
5.2376729050204478e-12
6.038566066186424e-12
5.3634062643996982e-12
6.014932570331502e-12
5.4883977991348372e-12
5.9895215129042673e-12
5.6125433036935506e-12
5.9622698543332354e-12
5.7357325037237042e-12
5.9331170588623957e-12
5.8578490669683238e-12
5.9020055499633614e-12
5.9787706505646666e-12
5.8688811829715042e-12
6.0983689878345108e-12
5.8336937322155357e-12
6.2165100182821493e-12
5.7963973895993169e-12
6.3330540637389468e-12
5.7569512709855244e-12
6.4478560541860001e-12
5.7153199260202783e-12
6.5607658057140043e-12
5.6714738469534551e-12
6.6716283535630322e-12
5.6253899713126773e-12
6.7802843418136026e-12
5.5770521725548553e-12
6.886570472065963e-12
5.5264517330328514e-12
6.9903200113793311e-12
5.4735877926360988e-12
7.091363360181473e-12
5.4184677667704746e-12
7.1895286799465611e-12
5.3611077265002304e-12
7.284642578606603e-12
5.3015327344292934e-12
7.3765308523139363e-12
5.2397771288467357e-12
7.465019279712675e-12
5.1758847500775606e-12
7.5499344648526952e-12
5.1099091021091271e-12
7.6311047231147221e-12
5.041913443973376e-12
7.7083610035395663e-12
4.971970804654502e-12
7.7815378352973965e-12
4.9001639142894819e-12
7.8504742489789277e-12
4.8265850222532869e-12
7.9150143253382267e-12
4.7513354108861056e-12
7.9750046310419587e-12
4.6745232621092646e-12
8.030267299274134e-12
4.5962509305688413e-12
8.0803909578197428e-12
4.5165366365569209e-12
8.1232315456725299e-12
4.4348662915467585e-12
8.1448867440741223e-12
4.3479149411912759e-12
8.0581607781022744e-12
4.2397380813829662e-12
7.3652559552818836e-12
4.0488083953095744e-12
3.5782597271672471e-12
3.5971262095114343e-12
-1.35876957424779e-11
2.5753105043508373e-12
-7.5489168674296026e-11
9.7848922108147314e-13
-2.293020903485901e-10
-3.6141250409366114e-10
6.3631626451154391e-12
5.8135776132085667e-14
6.3632699486229012e-12
1.8137702158883355e-13
6.3634951302239736e-12
3.0465580658724487e-13
6.3638336759101645e-12
4.2799347015913485e-13
6.3642787994101048e-12
5.5141099376138387e-13
6.3648214252720398e-12
6.7492894592742829e-13
6.3654501851366551e-12
7.9856742047128533e-13
6.366151420986276e-12
9.2234597297837634e-13
6.3669091926416379e-12
1.0462835453051105e-12
6.3677052860024834e-12
1.1703983798013458e-12
6.3685192198099695e-12
1.294707923307656e-12
6.369328249581191e-12
1.4192287216537247e-12
6.370107368104382e-12
1.5439763056406821e-12
6.3708293024959499e-12
1.6689650694778942e-12
6.3714645082862803e-12
1.7942081425262679e-12
6.3719811612786338e-12
1.9197172549940204e-12
6.3723451480263305e-12
2.0455025981032583e-12
6.3725200561041693e-12
2.1715726789744245e-12
6.3724671650529211e-12
2.2979341702033413e-12
6.372145439346454e-12
2.4245917547608446e-12
6.3715115242938768e-12
2.551547965254982e-12
6.3705197461869858e-12
2.6788030184626199e-12
6.369122117779123e-12
2.8063546444639479e-12
6.3672683501434896e-12
2.9341979104246222e-12
6.3649058723271389e-12
3.0623250393333258e-12
6.3619798597369419e-12
3.1907252235307787e-12
6.358433272712902e-12
3.319384433117871e-12
6.35420690636042e-12
3.4482852198404425e-12
6.3492394530497994e-12
3.5774065164993215e-12
6.3434675788480055e-12
3.7067234325856797e-12
6.3368260151995309e-12
3.8362070467397526e-12
6.3292476672227721e-12
3.965824196831795e-12
6.3206637400261187e-12
4.0955372686526003e-12
6.3110038842776536e-12
4.2253039843170026e-12
6.3001963623831479e-12
4.3550771919386484e-12
6.2881682366078619e-12
4.4848046577108071e-12
6.2748455802879996e-12
4.6144288624350545e-12
6.2601537132749437e-12
4.7438868046039185e-12
6.2440174625103418e-12
4.8731098119727119e-12
6.2263614487364749e-12
5.0020233640155121e-12
6.2071103998898424e-12
5.1305469282859443e-12
6.186189491630938e-12
5.2585938132644654e-12
6.1635247151268557e-12
5.3860710409075787e-12
6.1390432721448305e-12
5.5128792421224329e-12
6.1126739967555944e-12
5.6389125791068719e-12
6.0843478029142704e-12
5.7640586975681529e-12
6.0539981567319412e-12
5.8881987131566953e-12
6.021561571405034e-12
6.0112072359002794e-12
5.9869781229793671e-12
6.1329524362714254e-12
5.9501919837439304e-12
6.2532961575469526e-12
5.9111519701676874e-12
6.3720940773467042e-12
5.869812101519137e-12
6.4891959228837565e-12
5.8261321644225458e-12
6.6044457428622005e-12
5.7800782785013917e-12
6.7176822395218958e-12
5.7316234574255965e-12
6.8287391629286663e-12
5.6807481589518638e-12
6.9374457705811338e-12
5.6274408175826385e-12
7.0436273527909066e-12
5.5716983524320148e-12
7.1471058253910075e-12
5.5135266430571491e-12
7.247700389405069e-12
5.4529409652685918e-12
7.3452282564481499e-12
5.3899663794476922e-12
7.4395054382041874e-12
5.3246380628833004e-12
7.5303475963634191e-12
5.2570015789426344e-12
7.6175709488488525e-12
5.1871130754560022e-12
7.7009932266650731e-12
5.1150394050306637e-12
7.7804346739503878e-12
5.0408581610818329e-12
7.8557190784653317e-12
4.9646576204846466e-12
7.9266747825903669e-12
4.8865365633420674e-12
7.993135325962928e-12
4.8066037776941756e-12
8.0549369785085107e-12
4.7249759057434664e-12
8.1118919205943835e-12
4.6417646854518492e-12
8.1635792717756013e-12
4.5569986002054874e-12
8.2078460101516198e-12
4.47017465061837e-12
8.2307815121599418e-12
4.3779797401572233e-12
8.1451824152099645e-12
4.2644819911778756e-12
7.4532433276622515e-12
4.0681680658287853e-12
3.6670342898932787e-12
3.6110586768957806e-12
-1.3498415715029012e-11
2.5838336445773274e-12
-7.5400343087143856e-11
9.8191274377645481e-13
-2.2921851402592236e-10
-3.6135660715308429e-10
6.486410627390707e-12
5.8132889202599983e-14
6.4865552982587415e-12
1.8123235077952069e-13
6.4868391872285416e-12
3.0437191764000545e-13
6.4872574233475331e-12
4.2757523405517111e-13
6.4878028034280973e-12
5.5086561369209343e-13
6.4884657755713384e-12
6.7426597379380337e-13
6.4892344273561165e-12
7.9779876869462725e-13
6.4900944805334421e-12
9.2148591980757587e-13
6.4910292890046165e-12
1.0453487368390109e-12
6.4920198372133415e-12
1.1694078315964365e-12
6.4930447376892001e-12
1.2936830228344587e-12
6.4940802265401237e-12
1.4181932328041711e-12
6.4951001563775073e-12
1.5429563758030814e-12
6.4960759865909152e-12
1.6679892392633875e-12
6.496976771236559e-12
1.7933073578780466e-12
6.4977691451761008e-12
1.9189248810346643e-12
6.4984173091944172e-12
2.0448544340646566e-12
6.498883014999535e-12
2.1711069731631848e-12
6.4991255509604498e-12
2.2976916342195029e-12
6.4991017299958488e-12
2.4246155757015955e-12
6.4987658802108261e-12
2.5518838150146428e-12
6.4980698398265968e-12
2.6794990588204602e-12
6.4969629574049813e-12
2.8074615268578863e-12
6.495392098502868e-12
2.9357687693137272e-12
6.4933016601195882e-12
3.0644154776867038e-12
6.4906335942471356e-12
3.1933932893883017e-12
6.4873274416427513e-12
3.3226905857065175e-12
6.4833203774390395e-12
3.4522922840274571e-12
6.4785472698349814e-12
3.5821796240854462e-12
6.4729407534170978e-12
3.7123299489857879e-12
6.4664313185148049e-12
3.8427164816236318e-12
6.4589474181826021e-12
3.9733080971456787e-12
6.4504155943061687e-12
4.1040690925106177e-12
6.4407606243085041e-12
4.2349589542968698e-12
6.4299056901363683e-12
4.365932126093331e-12
6.4177725708022594e-12
4.496937776996757e-12
6.4042818600361801e-12
4.6279195731614526e-12
6.3893532103955316e-12
4.758815454206473e-12
6.3729056049470232e-12
4.8895574173851507e-12
6.3548576577422204e-12
5.0200713112025474e-12
6.3351279438371728e-12
5.1502766421754217e-12
6.3136353595981728e-12
5.280086397490325e-12
6.2902995136609226e-12
5.4094068868504503e-12
6.2650411484535196e-12
5.5381376073384478e-12
6.2377825923294245e-12
5.6661711352423722e-12
6.2084482411883443e-12
5.7933930487391174e-12
6.1769650685993322e-12
5.9196818857784141e-12
6.1432631627788879e-12
6.0449091417322371e-12
6.1072762880401155e-12
6.1689393110241613e-12
6.0689424679053034e-12
6.2916299777138042e-12
6.0282045862734845e-12
6.4128319590125126e-12
5.9850110027971184e-12
6.5323895064118044e-12
5.9393161772143201e-12
6.6501405684988932e-12
5.8910812975114901e-12
6.7659171192647318e-12
5.8402749054379085e-12
6.8795455550445472e-12
5.78687351272882e-12
6.9908471633334368e-12
5.7308622004362402e-12
7.0996386651277802e-12
5.6722351935551605e-12
7.2057328323332201e-12
5.6109964023551171e-12
7.3089391806902862e-12
5.5471599217141978e-12
7.4090647371433335e-12
5.4807504797284668e-12
7.5059148802606957e-12
5.4118038258796288e-12
7.599294250299452e-12
5.340367050505798e-12
7.6890077242867567e-12
5.2664988266608268e-12
7.7748614505743633e-12
5.1902695658423457e-12
7.8566639347235501e-12
5.1117614804101898e-12
7.9342271631172664e-12
5.0310685421267874e-12
8.0073677138888899e-12
4.9482963068447662e-12
8.0759075046965916e-12
4.8635614121228003e-12
8.1396714350502709e-12
4.7769894034556899e-12
8.1984606786624671e-12
4.6887019433801777e-12
8.2518438256584837e-12
4.5987384149637911e-12
8.297657918448627e-12
4.5066076358430564e-12
8.3219831130514167e-12
4.4090091802337122e-12
8.237607611252578e-12
4.2900246870540905e-12
7.5467174939102197e-12
4.088155772990211e-12
3.7613639878356652e-12
3.6254448076990081e-12
-1.340353377542944e-11
2.5926349650879538e-12
-7.5305932134449795e-11
9.8544814267492687e-13
-2.2912967117916501e-10
-3.6129717449846231e-10
6.6095175667646824e-12
5.8113936054848668e-14
6.6097022003712721e-12
1.8104771721942904e-13
6.6100496875109055e-12
3.0402443052752325e-13
6.6105548274504425e-12
4.2707009413253016e-13
6.6112100206170883e-12
5.5021042053620492e-13
6.6120052507511821e-12
6.7347074366827016e-13
6.6129280680278593e-12
7.9687595142507459e-13
6.6139635780670684e-12
9.2045040977395199e-13
6.6150944317595858e-12
1.0442178831506407e-12
6.61630081565162e-12
1.16820144770729e-12
6.6175604412835877e-12
1.2924233972042069e-12
6.6188485328191014e-12
1.4169051412687095e-12
6.6201378125319067e-12
1.5416670960892649e-12
6.6213984840265131e-12
1.6667285677508214e-12
6.6225982135030169e-12
1.7921076283819273e-12
6.6237021094200953e-12
1.9178209850972756e-12
6.6246727013794657e-12
2.0438838420842622e-12
6.6254699188953283e-12
2.1703097556244531e-12
6.6260510709921224e-12
2.297110482098572e-12
6.6263708277721902e-12
2.4242958188962747e-12
6.6263812047881097e-12
2.551873437972336e-12
6.6260315515358804e-12
2.6798487120452447e-12
6.6252685452084542e-12
2.8082245331570252e-12
6.6240361909201926e-12
2.9370011235718686e-12
6.6222758297117871e-12
3.0661758388648833e-12
6.6199261558145884e-12
3.1957429632539234e-12
6.6169232443803804e-12
3.3256934971086529e-12
6.6132005913791136e-12
3.4560149369957837e-12
6.6086891670771346e-12
3.5866910483696348e-12
6.6033174846987459e-12
3.7177016313459317e-12
6.5970116860105863e-12
3.849022280293528e-12
6.5896956454202745e-12
3.9806241377176358e-12
6.5812910943464769e-12
4.1124736435662738e-12
6.5717177676389837e-12
4.2445322809869955e-12
6.5608935737298221e-12
4.3767563199859917e-12
6.5487347902860336e-12
4.5090965604251377e-12
6.5351562869631453e-12
4.6414980764466291e-12
6.5200717769933323e-12
4.7738999641325812e-12
6.5033940988301515e-12
4.9062350955139955e-12
6.4850355296048065e-12
5.0384298803966922e-12
6.4649081310767571e-12
5.1704040406748769e-12
6.442924129420167e-12
5.3020703991368363e-12
6.4189963291331722e-12
5.4333346871294414e-12
6.3930385616157253e-12
5.5640953748669623e-12
6.3649661681509553e-12
5.694243528721054e-12
6.3346965169381807e-12
5.8236626999689446e-12
6.3021495528587187e-12
5.952228849901505e-12
6.2672483785749416e-12
6.0798103160306257e-12
6.2299198646686706e-12
6.2062678249472264e-12
6.1900952859235131e-12
6.3314545564778503e-12
6.1477109799620332e-12
6.4552162650107423e-12
6.1027090240953481e-12
6.5773914623326706e-12
6.0550379250382398e-12
6.6978116676119793e-12
6.0046533157392621e-12
6.8163017286378124e-12
5.951518652163161e-12
6.9326802186642966e-12
5.8956059031583075e-12
7.0467599123828708e-12
5.8368962244131866e-12
7.158348343934173e-12
5.775380608128846e-12
7.2672484486796114e-12
5.7110604987461182e-12
7.3732592901586579e-12
5.6439483646603238e-12
7.4761768712999633e-12
5.5740682160634356e-12
7.5757950289290025e-12
5.501456057954857e-12
7.6719064084958038e-12
5.4261602684462869e-12
7.7643035138598671e-12
5.3482418921651691e-12
7.8527798269206054e-12
5.26777483887502e-12
7.9371309879841712e-12
5.184845978565689e-12
8.0171560226469077e-12
5.0995551215047965e-12
8.0926585639656808e-12
5.0120148517103968e-12
8.1634477179437808e-12
4.92235001989095e-12
8.2293358286892907e-12
4.8306955508120049e-12
8.2901118971591851e-12
4.7371836185960742e-12
8.3453328518089999e-12
4.6418652012967829e-12
8.3928247163722098e-12
4.5442617316861139e-12
8.4186574079203954e-12
4.4410863493966395e-12
8.3356097484031223e-12
4.316435200562943e-12
7.6458583673926043e-12
4.1088259491540156e-12
3.8614341756324814e-12
3.6403238430360223e-12
-1.3302860345479996e-11
2.6017388642238068e-12
-7.5205745468275136e-11
9.891052065933808e-13
-2.2903538087347826e-10
-3.6123408445626658e-10
6.7324595859816356e-12
5.8078407385988663e-14
6.7326870310600883e-12
1.8082027216101959e-13
6.733103333679941e-12
3.0360812793489748e-13
6.7337029873094435e-12
4.2647044052174682e-13
6.73447801713564e-12
5.4943539072109078e-13
6.7354179575319646e-12
6.7253080327993533e-13
6.7365098345100097e-12
7.9578407445340608e-13
6.7377381486057253e-12
9.1922209568312896e-13
6.7390848585156426e-12
1.0428711732441931e-12
6.7405293643244355e-12
1.1667569419006637e-12
6.742048489503977e-12
1.2909042720092169e-12
6.7436164611570342e-12
1.4153371695993686e-12
6.7452048880998844e-12
1.5400786691280826e-12
6.7467827368793258e-12
1.6651507189523311e-12
6.7483163059210509e-12
1.7905740593199504e-12
6.7497691981629225e-12
1.9163680928338601e-12
6.7511022928716231e-12
2.042550747353052e-12
6.7522737173358558e-12
2.1691383311364095e-12
6.7532388193116063e-12
2.2961453800977439e-12
6.7539501412185908e-12
2.4235844969630943e-12
6.7543573971163967e-12
2.5514661820471431e-12
6.7544074535618662e-12
2.6797986555714193e-12
6.754044315689315e-12
2.8085876710001335e-12
6.7532091196383384e-12
2.9378363195921757e-12
6.7518401328206883e-12
3.0675448256511863e-12
6.7498727633944704e-12
3.1977103326481062e-12
6.747239580547286e-12
3.3283266799227949e-12
6.7438703470883806e-12
3.4593841704218555e-12
6.7396920661113085e-12
3.5908693293129856e-12
6.7346290433998966e-12
3.7227646540235964e-12
6.7286029674956829e-12
3.8550483561640026e-12
6.7215330092157089e-12
3.987694095964218e-12
6.7133359425965908e-12
4.1206707101684356e-12
6.7039262891829745e-12
4.2539419343843623e-12
6.693216487758477e-12
4.3874661213945094e-12
6.6811170913413925e-12
4.5211959568278992e-12
6.667536993549469e-12
4.6550781742341274e-12
6.6523836860324864e-12
4.7890532716391102e-12
6.6355635490246051e-12
4.9230552324903639e-12
6.6169821763323472e-12
5.0570112530599422e-12
6.596544736581317e-12
5.1908414804000295e-12
6.5741563716517101e-12
5.3244587640433387e-12
6.5497226334283896e-12
5.4577684253485031e-12
6.523149959392491e-12
5.5906680489010943e-12
6.4943461872018372e-12
5.7230473009287061e-12
6.4632211079828416e-12
5.8547877792079557e-12
6.4296870575496227e-12
5.9857629003733624e-12
6.3936595438168631e-12
6.1158378298126583e-12
6.3550579085485519e-12
6.2448694602352905e-12
6.3138060204427779e-12
6.3727064446051529e-12
6.2698329956523705e-12
6.4991892898404343e-12
6.2230739412601101e-12
6.6241505167660637e-12
6.1734707163885506e-12
6.7474148925423826e-12
6.1209727042823058e-12
6.8687997408040803e-12
6.065537588139738e-12
6.9881153348523343e-12
6.0071321225697394e-12
7.1051653779990857e-12
5.9457328912346764e-12
7.2197475753314321e-12
5.8813270409655102e-12
7.3316542990194814e-12
5.8139129817617054e-12
7.4406733494494709e-12
5.7435010411293928e-12
7.5465888120036874e-12
5.6701140614530267e-12
7.6491820086771411e-12
5.5937879281079294e-12
7.7482325418968497e-12
5.5145720166791115e-12
7.8435194253534296e-12
5.4325295472792008e-12
7.9348222963858189e-12
5.3477378349307733e-12
8.0219227003038339e-12
5.2602884250185274e-12
8.1046054318119373e-12
5.1702871012956307e-12
8.182659880721362e-12
5.0778537332465904e-12
8.2558810294774288e-12
4.9831217675893536e-12
8.3240673561987709e-12
4.8862360182390164e-12
8.3869943959904743e-12
4.7873398070297738e-12
8.4442061571104625e-12
4.6864964668238825e-12
8.4935164379472195e-12
4.5832409243051419e-12
8.52098377923226e-12
4.4743008746770075e-12
8.4393765678030714e-12
4.3437880605745563e-12
7.7508609599150522e-12
4.1302373959558406e-12
3.9674459356004747e-12
3.655738616007734e-12
-1.3196189877305923e-11
2.611171201760559e-12
-7.5099575765410162e-11
9.9289441382816403e-13
-2.2893544679069389e-10
-3.6116720487393117e-10
6.8552104693530792e-12
5.8025647083156984e-14
6.8554838023843182e-12
1.8054693912028604e-13
6.855974440148407e-12
3.0311749019123782e-13
6.8566765941124373e-12
4.2576828657519484e-13
6.8575819336911361e-12
5.4853005115329749e-13
6.858679563443688e-12
6.7143317353471973e-13
6.8599560026981338e-12
7.945076352045567e-13
6.8613951640685023e-12
9.1778293431704195e-13
6.8629783315420815e-12
1.0412880057735999e-12
6.8646841373633764e-12
1.1650511360648754e-12
6.8664885371959147e-12
1.2890998721608905e-12
6.8683647832135181e-12
1.4134609235644925e-12
6.8702833948776485e-12
1.5381600574451706e-12
6.8722121275372031e-12
1.6632219862729353e-12
6.8741159390319913e-12
1.7886702478042031e-12
6.8759569547325802e-12
1.9145270771109365e-12
6.8776944315743088e-12
2.0408132704878396e-12
6.8792847218153656e-12
2.1675480408705627e-12
6.8806812373559502e-12
2.2947488645311107e-12
6.881834415543078e-12
2.4224313187488493e-12
6.8826916875973098e-12
2.5506089099648311e-12
6.8831974506573264e-12
2.6792928924823544e-12
6.8832930448476188e-12
2.808492076780017e-12
6.882916736588609e-12
2.9382126278202006e-12
6.8820037096258593e-12
3.0684578525822725e-12
6.8804860652960115e-12
3.1992279769457707e-12
6.8782928336390919e-12
3.3305199115468841e-12
6.8753499970884387e-12
3.4623270069392744e-12
6.8715805285389678e-12
3.5946387978290288e-12
6.8669044457001887e-12
3.7274407368286098e-12
6.8612388837476875e-12
3.8607139180831443e-12
6.8544981883500679e-12
3.9944347913293635e-12
6.8465940312018037e-12
4.1285748672851991e-12
6.8374355502445137e-12
4.2631004153113099e-12
6.8269295169656161e-12
4.3979721546440526e-12
6.8149805328625517e-12
4.533144940919468e-12
6.8014912574066946e-12
4.6685674496791988e-12
6.7863626697233548e-12
4.8041818593147517e-12
6.7694943662224797e-12
4.9399235359861208e-12
6.7507848958866837e-12
5.0757207233696998e-12
6.7301321353854951e-12
5.2114942408775425e-12
6.7074337054229512e-12
5.3471571939855577e-12
6.6825874296425284e-12
5.4826147011274073e-12
6.6554918370952124e-12
5.6177636414498756e-12
6.6260467087777342e-12
5.7524924292505149e-12
6.5941536681233699e-12
5.8866808198854706e-12
6.559716814975794e-12
6.0201997535463886e-12
6.5226434017283855e-12
6.1529112431041327e-12
6.4828445495226753e-12
6.2846683124628475e-12
6.440236001828018e-12
6.4153149923234583e-12
6.3947389114936419e-12
6.5446863802159255e-12
6.3462806563862151e-12
6.672608771916155e-12
6.2947956781881537e-12
6.7988998708002271e-12
6.2402263372165859e-12
6.9233690818368676e-12
6.182523775385431e-12
7.0458178967294187e-12
6.1216487784722594e-12
7.1660403749590584e-12
6.0575726272828665e-12
7.2838237265673418e-12
5.9902779269161532e-12
7.398948999449575e-12
5.919759402158581e-12
7.5111918742945174e-12
5.846024646061695e-12
7.6203235681724436e-12
5.7690948087830271e-12
7.726111846027961e-12
5.6890052125991816e-12
7.8283221381377077e-12
5.6058058796673314e-12
7.926718758350459e-12
5.5195619584793823e-12
8.0210662176399999e-12
5.4303540362242812e-12
8.1111306225312091e-12
5.3382783240154927e-12
8.1966811432823112e-12
5.2434467006059392e-12
8.277491497164692e-12
5.1459865798754918e-12
8.3533410936939533e-12
5.0460404052301192e-12
8.4240130927295525e-12
4.9437634240586926e-12
8.4892681266286309e-12
4.8393107938090838e-12
8.5486358815743126e-12
4.7327590307083201e-12
8.5999165831720202e-12
4.6236575191392128e-12
8.6291561233284426e-12
4.5087496008079579e-12
8.5491112714729572e-12
4.3721638246775009e-12
7.8619365706560755e-12
4.152453699120511e-12
4.0796173224896571e-12
3.6717351136535032e-12
-1.3083299223021026e-11
2.6209603676125816e-12
-7.4987198103431054e-11
9.9682718503369224e-13
-2.2882965564131544e-10
-3.6109639217744013e-10
6.9777415835539585e-12
5.7954872553263836e-14
6.9780640853289673e-12
1.8022443732035125e-13
6.9786348585907247e-12
3.0254671694136816e-13
6.9794478545486396e-12
4.2495529063133653e-13
6.9804944076835523e-12
5.4748349802930076e-13
6.9817632143932292e-12
6.701643668322861e-13
6.983240309038316e-12
7.9303054056446538e-13
6.98490903870006e-12
9.1611420465887975e-13
6.9867500362725204e-12
1.0394470082032502e-12
6.9887411914178843e-12
1.1630599809040455e-12
6.9908576192818085e-12
1.2869834442799467e-12
6.9930716264998383e-12
1.4112469163282516e-12
6.995352674678041e-12
1.5358790092473315e-12
6.9976673413398626e-12
1.6609073195903015e-12
6.9999792785807423e-12
1.7863583105414569e-12
7.0022491699641918e-12
1.9122571857043425e-12
7.0044346860605003e-12
2.0386277543673001e-12
7.0064904394614042e-12
2.1654922874441152e-12
7.0083679399938627e-12
2.2928713639717927e-12
7.0100155511737664e-12
2.4207837075415517e-12
7.0113784488251057e-12
2.5492460122846345e-12
7.0123985831808892e-12
2.6782727580966333e-12
7.0130146455431513e-12
2.8078760143873374e-12
7.0131620410662894e-12
2.9380652322658276e-12
7.0127728690232637e-12
3.0688470245934671e-12
7.0117759122477987e-12
3.2002249336891033e-12
7.0100966373529451e-12
3.332199186409203e-12
7.0076572077070211e-12
3.4647664365522703e-12
7.0043765110109256e-12
3.5979194944924326e-12
7.0001702035754039e-12
3.731647044231356e-12
6.9949507735299609e-12
3.865933348096887e-12
6.9886276251492456e-12
4.0007579396786427e-12
6.981107186786246e-12
4.13609530561737e-12
6.9722930448683954e-12
4.2719145572000033e-12
6.9620861063757281e-12
4.4081790931091321e-12
6.950384792592302e-12
4.5448462546774768e-12
6.9370852665071218e-12
4.6818669757568521e-12
6.9220816965817643e-12
4.819185429235117e-12
6.9052665593977611e-12
4.9567386731673686e-12
6.8865309835443006e-12
5.0944562992236005e-12
6.8657651369689231e-12
5.2322600874326411e-12
6.8428586599703268e-12
5.3700636709588733e-12
6.8177011453383588e-12
5.5077722157446686e-12
6.7901826672435851e-12
5.6452821195490251e-12
6.7601943596459011e-12
5.7824807368553923e-12
6.7276290447210823e-12
5.9192461348202963e-12
6.6923819109000361e-12
6.0554468873959693e-12
6.6543512396648021e-12
6.1909419143698496e-12
6.6134391792247103e-12
6.3255803729510813e-12
6.5695525623231072e-12
6.4592016092512291e-12
6.5226037645167607e-12
6.5916351780495068e-12
6.4725115979269137e-12
6.7227009385504e-12
6.4192022344630347e-12
6.852209234325206e-12
6.3626101513061785e-12
6.9799611650556661e-12
6.3026790901175616e-12
7.1057489579645815e-12
6.2393630200254561e-12
7.2293564450982971e-12
6.1726270934866143e-12
7.3505596531540937e-12
6.1024485825280222e-12
7.4691275104799065e-12
6.028817782188408e-12
7.5848226747218887e-12
5.9517388666290106e-12
7.6974024838038566e-12
5.8712306830102912e-12
7.8066200297350982e-12
5.7873274671307751e-12
7.9122253540826519e-12
5.7000794652112102e-12
8.0139667603357807e-12
5.6095534456905235e-12
8.1115922372281034e-12
5.5158330856672187e-12
8.2048509825282235e-12
5.419019217034283e-12
8.2934950111471224e-12
5.3192299154625475e-12
8.3772807917716177e-12
5.2166003956434098e-12
8.4559705570005275e-12
5.1112825140213886e-12
8.5293305362066517e-12
5.0034425307954e-12
8.5971048593876426e-12
4.8932481813100776e-12
8.6588073254675117e-12
4.7807900677048429e-12
8.7122230797351885e-12
4.6656330889137728e-12
8.7433839384854654e-12
4.5445374354947337e-12
8.6650337264797042e-12
4.4016498014829101e-12
7.9793140979127723e-12
4.1755437760427023e-12
4.1981847828799266e-12
3.688363231349474e-12
-1.2963946211296435e-11
2.6311371329470517e-12
-7.4868368433547819e-11
1.0009159119405058e-12
-2.2871777575429106e-10
-3.6102149040009411e-10
7.100021796199772e-12
5.7865193267043589e-14
7.1003969320179584e-12
1.7984930148281244e-13
7.1010539015464143e-12
3.018897474170941e-13
7.1019864147808125e-12
4.2402277740471989e-13
7.1031854942739476e-12
5.4628441854604404e-13
7.104639452020465e-12
6.6871040909355606e-13
7.1063338628397554e-12
7.9133612975042215e-13
7.1082515355208753e-12
9.141965319810034e-13
7.1103724811806648e-12
1.0373260625293566e-12
7.1126738786031883e-12
1.1607585834657153e-12
7.1151300365368078e-12
1.2845272863287971e-12
7.1177123527858713e-12
1.4086646000602745e-12
7.1203892702166824e-12
1.5332020917962442e-12
7.1231262297929248e-12
1.6581703599926247e-12
7.1258856209276157e-12
1.7835989193841365e-12
7.1286267296035576e-12
1.9095160770043441e-12
7.1313056847785792e-12
2.0359487991669654e-12
7.1338754038261886e-12
2.1629225683700574e-12
7.1362855377342932e-12
2.2904612300363681e-12
7.138482417114977e-12
2.4185868281168681e-12
7.1404089999471962e-12
2.5473194294076563e-12
7.1420048223462297e-12
2.6766769356518969e-12
7.1432059535515588e-12
2.8066748831355089e-12
7.1439449566326661e-12
2.9373262291375479e-12
7.1441508564229889e-12
3.0686411247556525e-12
7.1437491163655746e-12
3.2006266736985686e-12
7.1426616260798915e-12
3.3332866766471116e-12
7.140806701616085e-12
3.4666213609677485e-12
7.1380991004879892e-12
3.6006270955727041e-12
7.1344500537199683e-12
3.7352960909678923e-12
7.129767317234398e-12
3.8706160845359195e-12
7.1239552452215512e-12
4.006570011646329e-12
7.116914887964736e-12
4.1431356628458188e-12
7.1085441169705375e-12
4.2802853281674323e-12
7.0987377802442807e-12
4.4179854298098457e-12
7.0873878905801837e-12
4.556196144318315e-12
7.0743838499283352e-12
4.6948710163880719e-12
7.0596127127076748e-12
4.8339565664374978e-12
7.0429594911426451e-12
4.9733918947325639e-12
7.0243075053513236e-12
5.1131082850178382e-12
7.0035387811159101e-12
5.2530288116748506e-12
6.9805344976102765e-12
5.3930679544500473e-12
6.9551754876812488e-12
5.5331312256621732e-12
6.9273427920479168e-12
5.6731148151741079e-12
6.8969182693948172e-12
5.8129052595180311e-12
6.8637852628290764e-12
5.9523791413986598e-12
6.8278293231957079e-12
6.0914028270596608e-12
6.7889389882325405e-12
6.229832249365336e-12
6.7470066165736177e-12
6.3675127446674608e-12
6.7019292735470967e-12
6.5042789523366318e-12
6.6536096655608746e-12
6.6399547860640921e-12
6.601957118005094e-12
6.774353486151602e-12
6.5468885902064867e-12
6.9072777621697663e-12
6.4883297201564677e-12
7.0385200351683053e-12
6.4262158896957761e-12
7.1678627885036727e-12
6.3604932993449012e-12
7.2950790354965685e-12
6.2911200411080988e-12
7.4199329114387175e-12
6.2180671550283618e-12
7.5421803966236918e-12
6.1413196549771846e-12
7.6615701748612406e-12
6.0608775073561702e-12
7.7778446314979692e-12
5.9767565455982312e-12
7.8907409915827047e-12
5.8889893022472009e-12
7.9999925974924638e-12
5.7976257406068219e-12
8.1053303220441896e-12
5.7027338670970333e-12
8.2064841108070011e-12
5.6044002063582514e-12
8.3031846432589736e-12
5.5027301214426076e-12
8.3951650952969779e-12
5.3978479596459709e-12
8.4821629465746022e-12
5.2898969850397227e-12
8.5639214751144807e-12
5.1790388963672274e-12
8.6401881867548503e-12
5.0654515806240298e-12
8.7106889247176464e-12
4.9493161507201245e-12
8.7749198499097943e-12
4.8307382774969908e-12
8.8306493367588031e-12
4.7092995338506737e-12
8.8638935225419392e-12
4.5817782855281643e-12
8.7873817934691169e-12
4.4323408537977447e-12
8.1032414843615093e-12
4.1995825580668354e-12
4.3234046954503485e-12
3.7056772972095467e-12
-1.2837868066159286e-11
2.6417348857488605e-12
-7.4742821764261855e-11
1.0051740534256806e-12
-2.2859955552705927e-10
-3.6094233011550299e-10
7.2220173975925604e-12
5.7755626601279668e-14
7.2224488010559957e-12
1.794178980228503e-13
7.2231982666791196e-12
3.0114028179954426e-13
7.224259284305505e-12
4.2296175978069786e-13
7.2256225881228484e-12
5.4492111473541269e-13
7.2272761318362674e-12
6.6705686538732229e-13
7.2292050597162125e-12
7.8940720185980167e-13
7.231391674210844e-12
9.1200991748918936e-13
7.2338153994847434e-12
1.0349023372405495e-12
7.2364527413641293e-12
1.1581212415696788e-12
7.2392772432351734e-12
1.2817027844396941e-12
7.2422594381656881e-12
1.405682405110389e-12
7.2453667972739068e-12
1.5300947326673652e-12
7.2485636745641029e-12
1.6549734826805179e-12
7.2518112485351531e-12
1.7803513453902939e-12
7.2550674609826315e-12
1.906259864532146e-12
7.2582869536083315e-12
2.0327293065155817e-12
7.261421003014733e-12
2.1597885189212589e-12
7.2644174550651815e-12
2.2874647779420694e-12
7.267220659293338e-12
2.4157836238442688e-12
7.2697714046610553e-12
2.5447686839949982e-12
7.2720068576827069e-12
2.6744414825841631e-12
7.2738605043206294e-12
2.8048212364508931e-12
7.2752620970780942e-12
2.9359246363326835e-12
7.2761376089071062e-12
3.0677656128795703e-12
7.2764091956591545e-12
3.2003550868991562e-12
7.2759951690278228e-12
3.333700703231393e-12
7.2748099819977498e-12
3.4678065479505045e-12
7.2727642291008317e-12
3.6026728484231236e-12
7.2697646638362446e-12
3.7382956561860006e-12
7.2657142357737082e-12
3.8746665125529029e-12
7.2605121502986091e-12
4.0117720970774945e-12
7.2540539535844515e-12
4.1495938595171044e-12
7.24623164604853e-12
4.2881076356785659e-12
7.2369338274373779e-12
4.4272832483818238e-12
7.2260458768270892e-12
4.5670840949077181e-12
7.2134501708341115e-12
4.7074667223622879e-12
7.1990263436351661e-12
4.8483803936210515e-12
7.1826515920836525e-12
4.9897666462713991e-12
7.1642010293917316e-12
5.1315588477156859e-12
7.14354809062593e-12
5.2736817504493424e-12
7.1205649931746155e-12
5.4160510519133357e-12
7.0951232549908152e-12
5.5585729638370433e-12
7.067094273140523e-12
5.7011437970184281e-12
7.0363499644108946e-12
5.8436495682442255e-12
7.0027634699358976e-12
5.9859656358885089e-12
6.9662099240846907e-12
6.1279563729277724e-12
6.9265672878548557e-12
6.2694748856293746e-12
6.8837172454591227e-12
6.4103627870984864e-12
6.8375461620532165e-12
6.5504500357710595e-12
6.7879460990908592e-12
6.6895548490552489e-12
6.7348158824721182e-12
6.8274837028004228e-12
6.6780622171713446e-12
6.9640314275169743e-12
6.6176008402060185e-12
7.0989814121969374e-12
6.5533577023972887e-12
7.2321059263759798e-12
6.4852701673890789e-12
7.3631665705529066e-12
6.4132882146888288e-12
7.4919148641872914e-12
6.337375631633388e-12
7.6180929797437714e-12
6.2575111776316637e-12
7.7414346289518852e-12
6.1736897025077082e-12
7.8616661066959444e-12
6.0859231995440973e-12
7.9785074946370414e-12
5.9942417722667347e-12
8.0916740248386682e-12
5.8986944943259436e-12
8.2008776000713208e-12
5.799350140332283e-12
8.3058284648886588e-12
5.6962977668016504e-12
8.4062370167844678e-12
5.5896471222716991e-12
8.5018157390802443e-12
5.479528863969626e-12
8.592281197934751e-12
5.3660945390203842e-12
8.6773557435442363e-12
5.2495161267215153e-12
8.7567661609355731e-12
5.1299837888713508e-12
8.830218012144488e-12
5.0076928757438964e-12
8.8971878577807904e-12
4.8827651959343478e-12
8.9554254012682162e-12
4.754800268262576e-12
8.990929294866444e-12
4.6205960975085167e-12
8.9164128007213568e-12
4.4643402750465827e-12
8.2339873259659456e-12
4.2246516844803658e-12
4.4555550937264931e-12
3.7237365181411788e-12
-1.2704779577484827e-11
2.6527900288404857e-12
-7.4610270297457588e-11
1.0096162853872016e-12
-2.2847472162765766e-10
-3.608587272202378e-10
7.3436920282193515e-12
5.7625108799388929e-14
7.3441834830163296e-12
1.7892644324247516e-13
7.3450319641614199e-12
3.0029180067100408e-13
7.3462307619341413e-12
4.217629620131612e-13
7.3477703469322437e-12
5.4338152974246013e-13
7.3496383432294156e-12
6.6518886909562747e-13
7.3518194971926954e-12
7.8722604790115815e-13
7.3542956413136849e-12
9.0953377335529435e-13
7.3570456531589623e-12
1.0321523253802011e-12
7.3600454097373518e-12
1.1551214849745028e-12
7.3632677370548273e-12
1.2784804571039451e-12
7.3666823551243504e-12
1.4022677870212417e-12
7.3702558184778353e-12
1.5265212692928778e-12
7.3739514524986018e-12
1.6512778486375515e-12
7.3777292858146206e-12
1.7765735120501599e-12
7.3815459792918649e-12
1.902443171030098e-12
7.3853547520755369e-12
2.0289205336895773e-12
7.3891053054689776e-12
2.1560379654849796e-12
7.3927437453605108e-12
2.2838263380071222e-12
7.3962125041232444e-12
2.4123148650373432e-12
7.3994502631116747e-12
2.5415309249615774e-12
7.4023918768780233e-12
2.671499868771368e-12
7.4049683004908706e-12
2.8022448127913311e-12
7.4071065214098014e-12
2.9337864153665614e-12
7.4087294976327935e-12
3.0661426366108019e-12
7.4097561038114107e-12
3.1993284806732952e-12
7.4101010875420787e-12
3.3333557194551965e-12
7.409675037725378e-12
3.4682325977210459e-12
7.4083843676818997e-12
3.6039635184212552e-12
7.4061313153359637e-12
3.7405487084874764e-12
7.4028139633620017e-12
3.8779838644831375e-12
7.3983262823427715e-12
4.0162597780551435e-12
7.3925581998403331e-12
4.1553619419781782e-12
7.3853956991051662e-12
4.2952701363753149e-12
7.3767209505816536e-12
4.4359579968685964e-12
7.3664124802608918e-12
4.5773925651940243e-12
7.3543453784134749e-12
4.7195338241936871e-12
7.3403915527429072e-12
4.8623342192782471e-12
7.3244200300426659e-12
5.0057381689622005e-12
7.3062973101060502e-12
5.1496815676450719e-12
7.2858877759878218e-12
5.2940912845634132e-12
7.2630541642856958e-12
5.4388846636303542e-12
7.2376580989891992e-12
5.5839690291504316e-12
7.2095606921283096e-12
5.7292412039070574e-12
7.1786232139608044e-12
5.8745870464103082e-12
7.1447078346671428e-12
6.0198810151829411e-12
7.1076784392359813e-12
6.1649857683771949e-12
7.0674015159494571e-12
6.3097518089355783e-12
7.023747118010988e-12
6.4540171850733716e-12
6.9765898965712982e-12
6.5976072572482568e-12
6.925810201954831e-12
6.7403345437332135e-12
6.8712952485185964e-12
6.8819986562674675e-12
6.8129403369120604e-12
7.0223863391701159e-12
6.7506501249885194e-12
7.1612716241676737e-12
6.684339937767751e-12
7.298416113660673e-12
6.6139371036646572e-12
7.433569404704657e-12
6.539382302972474e-12
7.5664696649288107e-12
6.4606309117308188e-12
7.6968443710514435e-12
6.3776543226291296e-12
7.8244112181443542e-12
6.2904412224227616e-12
7.9488792069784429e-12
6.1989988039464648e-12
8.0699499132069154e-12
6.1033538887524287e-12
8.1873189401043621e-12
6.0035539364736745e-12
8.3006775524397869e-12
5.8996679153161126e-12
8.4097144861381169e-12
5.7917870091461693e-12
8.5141179229695782e-12
5.6800251363407585e-12
8.613577611145125e-12
5.5645192543078712e-12
8.707787073015905e-12
5.4454294037251645e-12
8.7964455376146372e-12
5.3229382861355464e-12
8.8792568404447877e-12
5.1972490185268647e-12
8.9559040293838155e-12
5.0685721105618691e-12
9.0258418606694026e-12
4.9370466706417848e-12
9.0867992268433178e-12
4.8022915589158731e-12
9.1247552556791637e-12
4.6611260359225642e-12
9.0524051789952729e-12
4.4977607854572315e-12
8.3718426632311432e-12
4.250840294282355e-12
4.5949375932533768e-12
3.7426055553595017e-12
-1.2564371055664193e-11
2.664342343334399e-12
-7.4470401351986787e-11
1.0142586486273125e-12
-2.2834297698095056e-10
-3.60770481569007e-10
7.4650066073316822e-12
5.7472505694708328e-14
7.4655620319901018e-12
1.7837101857586158e-13
7.466516247246028e-12
2.9933758543611352e-13
7.4678623649265483e-12
4.2041684434519698e-13
7.4695906181281048e-12
5.4165327654802155e-13
7.4716883326870144e-12
6.630911545258431e-13
7.4741398933111815e-12
7.8477448728089979e-13
7.4769267035073438e-12
9.0674696314536931e-13
7.4800271400399432e-12
1.029051888832192e-12
7.4834165015588938e-12
1.1517321234385334e-12
7.4870669517611933e-12
1.2748300068833079e-12
7.490947457068692e-12
1.3983872816941232e-12
7.4950237191128981e-12
1.5224450072281364e-12
7.4992581021277264e-12
1.647043465583984e-12
7.5036095558272123e-12
1.7722220583271748e-12
7.5080335338547987e-12
1.8980191929613828e-12
7.5124819087497903e-12
2.024472158752326e-12
7.5169028837939349e-12
2.1516169903980454e-12
7.5212409026498788e-12
2.2794883191078457e-12
7.5254365576641542e-12
2.4081192099787822e-12
7.5294264979355032e-12
2.5375409846452849e-12
7.5331433382553204e-12
2.6677830284051664e-12
7.5365155703845759e-12
2.7988725806162838e-12
7.5394674780323304e-12
2.9308345076727074e-12
7.5419190573877279e-12
3.0636910571778408e-12
7.5437859450687468e-12
3.1974615929469368e-12
7.5449793552878547e-12
3.3321623091592812e-12
7.5454060290477396e-12
3.4678059238846003e-12
7.5449681973442293e-12
3.6044013500489214e-12
7.5435635613948631e-12
3.74195334436191e-12
7.5410852929566333e-12
3.8804621328792732e-12
7.5374220574712233e-12
4.0199230134681065e-12
7.5324580642668583e-12
4.1603259351440559e-12
7.5260731465937303e-12
4.3016550540117917e-12
7.5181428761590078e-12
4.4438882672688139e-12
7.5085387158386911e-12
4.5869967254825778e-12
7.4971282151200697e-12
4.7309443248837812e-12
7.4837752524019527e-12
4.8756871819692877e-12
7.4683403292403074e-12
5.0211730921006928e-12
7.4506809206089396e-12
5.1673409762721139e-12
7.4306518861406263e-12
5.3141203190298831e-12
7.4081059467829885e-12
5.4614306029892781e-12
7.3828942311041138e-12
5.6091807448488411e-12
7.3548668953494266e-12
5.7572685396838531e-12
7.3238738208834417e-12
5.9055801209008524e-12
7.2897653919328743e-12
6.0539894441357412e-12
7.2523933557717669e-12
6.2023578045419415e-12
7.2116117669526208e-12
6.3505333977751147e-12
7.1672780156779897e-12
6.4983509363848032e-12
7.1192539392287281e-12
6.645631333735332e-12
7.0674070139722425e-12
6.7921814690518693e-12
7.0116116232262566e-12
6.9377940470448742e-12
6.9517503953829419e-12
7.0822475670449449e-12
6.887715603193075e-12
7.2253064164055858e-12
6.8194106140450303e-12
7.3667211028731086e-12
6.7467513779520546e-12
7.5062286408471165e-12
6.6696679378617629e-12
7.6435531050698528e-12
6.5881059440197584e-12
7.7784063649612647e-12
6.5020281518537534e-12
7.9104890104033791e-12
6.4114158805347376e-12
8.0394914783764448e-12
6.3162704073166657e-12
8.1650953865219403e-12
6.2166142703822902e-12
8.2869750771144052e-12
6.1124924525191226e-12
8.4047993703972201e-12
6.0039734159965436e-12
8.518233522757816e-12
5.8911499598276666e-12
8.6269413791592721e-12
5.7741398699855934e-12
8.7305877002534761e-12
5.6530863321891842e-12
8.8288406038842492e-12
5.5281580568982677e-12
8.9213737564401727e-12
5.3995489059354508e-12
9.0078655533201046e-12
5.2674756612445236e-12
9.0879740237286319e-12
5.1321649779857426e-12
9.1611296390492159e-12
4.9937745261447225e-12
9.2250380653121295e-12
4.8519440382960025e-12
9.2656565973281476e-12
4.7035158181017775e-12
9.1956602741553882e-12
4.5327256665957611e-12
8.5171229727782212e-12
4.2782459384686119e-12
4.7418795410876803e-12
3.7623551887804431e-12
-1.2416306037945298e-11
2.6764353893280401e-12
-7.4322875023664856e-11
1.0191187122074526e-12
-2.2820399851767994e-10
-3.6067737544616404e-10
7.5859192680096764e-12
5.7296622185969259e-14
7.5865427008154507e-12
1.7774758571996932e-13
7.5876095470788387e-12
2.9827073918496037e-13
7.5891127621232331e-12
4.1891362931492446e-13
7.5910423694933016e-12
5.3972366918688439e-13
7.5933854308853901e-12
6.6074809313979284e-13
7.596126009209255e-12
7.8203390894532197e-13
7.5992451247278264e-12
9.03627847613204e-13
7.6027207046945199e-12
1.0255763088503681e-12
7.6065275263059127e-12
1.1479253018103305e-12
7.610637153251346e-12
1.2707203799195774e-12
7.6150178659161973e-12
1.394006569009673e-12
7.61963458551549e-12
1.5178282875915764e-12
7.6244487923115917e-12
1.642229258750035e-12
7.6294184383613288e-12
1.7672524122377425e-12
7.6344978550543714e-12
1.8929397762276775e-12
7.6396376562209861e-12
2.0193323575441677e-12
7.6447846371998711e-12
2.1464700093768938e-12
7.6498816708015053e-12
2.2743912854632466e-12
7.6548676009061565e-12
2.4031332798288376e-12
7.6596771349799449e-12
2.5327314505268651e-12
7.6642407363256282e-12
2.6632194270136554e-12
7.6684845177743231e-12
2.7946287990911578e-12
7.6723301382159821e-12
2.9269888871534921e-12
7.6756947035123469e-12
3.060326491806077e-12
7.6784906741264261e-12
3.1946656222566939e-12
7.6806257811142539e-12
3.3300272020959207e-12
7.6820029533884362e-12
3.4664287515353457e-12
7.682520258430168e-12
3.6038840449644864e-12
7.6820708595492229e-12
3.7424027431704308e-12
7.6805429930899864e-12
3.8819899992975489e-12
7.6778199683159062e-12
4.0226460381731366e-12
7.6737801947741901e-12
4.1643657086179238e-12
7.6682972400247628e-12
4.3071380086954404e-12
7.6612399229051604e-12
4.4509455843247178e-12
7.6524724464632825e-12
4.5957642018952588e-12
7.6418545754319991e-12
4.741562195856897e-12
7.6292418634434982e-12
4.8882998939338771e-12
7.6144859349743642e-12
5.0359290205492305e-12
7.597434827536092e-12
5.1843920836926487e-12
7.5779333993711462e-12
5.3336217471786875e-12
7.5558238081993638e-12
5.4835401941643571e-12
7.5309460659726917e-12
5.6340584870813027e-12
7.5031386748656687e-12
5.7850759308144992e-12
7.4722393489725218e-12
5.9364794468196467e-12
7.4380858257320725e-12
6.0881429674030861e-12
7.4005167704433191e-12
6.2399268598352541e-12
7.359372775933546e-12
6.3916773922906797e-12
7.3144974587866567e-12
6.5432262535536459e-12
7.2657386519481074e-12
6.6943901406129858e-12
7.2129496916680505e-12
6.8449704293709588e-12
7.1559907950210514e-12
6.9947529437240211e-12
7.0947305220500981e-12
7.1435078400483901e-12
7.0290473142618974e-12
7.2909896242432073e-12
6.9588310982544211e-12
7.4369373189467158e-12
6.8839849411044152e-12
7.5810747980802976e-12
6.8044267404671914e-12
7.723111305760227e-12
6.7200909300429167e-12
7.8627421754558344e-12
6.6309301772429935e-12
7.9996497632999863e-12
6.5369170478358757e-12
8.1335046078664027e-12
6.4380456093352117e-12
8.2639668251241132e-12
6.3343329421046122e-12
8.3906877444257599e-12
6.2258205262169896e-12
8.5133117863848967e-12
6.1125754697245563e-12
8.6314785793535807e-12
5.9946915445552717e-12
8.7448253043573877e-12
5.8722899951511329e-12
8.8529892489320151e-12
5.7455200842207059e-12
8.9556105078940931e-12
5.6145593201329919e-12
9.0523344640711652e-12
5.4796131500472403e-12
9.1428112853431878e-12
5.3409127554029851e-12
9.2266711681229708e-12
5.1987019876982152e-12
9.3033175020589399e-12
5.0531584468247232e-12
9.3704299938517459e-12
4.9039444177066035e-12
9.4139414851423727e-12
4.7479272279451212e-12
9.3465043596370519e-12
4.5693700590591011e-12
8.670170374796885e-12
4.3069756480637251e-12
4.8967363946323785e-12
3.7830630379840073e-12
-1.2260218648067939e-11
2.6891169609499342e-12
-7.4167321579391163e-11
1.0242157623142691e-12
-2.2805743465729006e-10
-3.6057917184859004e-10
7.7063852981610636e-12
5.7096210689848618e-14
7.7070808818841533e-12
1.7705200193120097e-13
7.7082674127473621e-12
2.9708420832284276e-13
7.7099377123946694e-12
4.1724332967710552e-13
7.712081624834062e-12
5.3757975675652774e-13
7.7146859845925597e-12
6.5814373338747408e-13
7.7177345764854923e-12
7.7898531703997202e-13
7.7212080879886813e-12
9.0015433609636198e-13
7.7250840538495204e-12
1.021700342974356e-12
7.729336793285407e-12
1.1436725623578055e-12
7.73393733972806e-12
1.2661198334589414e-12
7.7388533634249501e-12
1.3890905452930154e-12
7.7440490868605157e-12
1.5126325641193123e-12
7.7494851935315486e-12
1.6367931520408896e-12
7.7551187300892673e-12
1.7616188756407118e-12
7.7609030024702928e-12
1.8871555038064619e-12
7.7667874664608889e-12
2.0134478935127129e-12
7.7727176132594462e-12
2.1405398625367271e-12
7.7786348508144497e-12
2.2684740478338206e-12
7.7844763818328102e-12
2.3972917487665687e-12
7.7901750792659221e-12
2.5270327530179147e-12
7.7956593608438434e-12
2.6577351453590163e-12
7.8008530634547643e-12
2.7894350964044905e-12
7.8056753194967468e-12
2.922166631067518e-12
7.8100404363346103e-12
3.0559613749247781e-12
7.8138577813732278e-12
3.1908482771747969e-12
7.8170316745618512e-12
3.3268533088645154e-12
7.8194612910076398e-12
3.4639991350474576e-12
7.8210405763313786e-12
3.6023047595998159e-12
7.8216581778978804e-12
3.7417851415646645e-12
7.8211973951844808e-12
3.8824507819730073e-12
7.8195361530533763e-12
4.024307280268249e-12
7.8165470018901163e-12
4.1673548597473057e-12
7.8120971489828172e-12
4.3115878615710917e-12
7.8060485258517999e-12
4.456994207427283e-12
7.7982578965681302e-12
4.6035548311199645e-12
7.7885770123984379e-12
4.7512430800030792e-12
7.776852818469638e-12
4.9000240878098457e-12
7.7629277183511031e-12
5.0498541206176031e-12
7.7466399026481959e-12
5.2006798993480665e-12
7.7278237479669688e-12
5.352437901846838e-12
7.7063102923588071e-12
5.5050536497621976e-12
7.6819277937694972e-12
5.6584409856619352e-12
7.6545023773962674e-12
5.8125013471969532e-12
7.6238587776249501e-12
5.9671230466016269e-12
7.5898211800332784e-12
6.1221805650221217e-12
7.5522141676627482e-12
6.277533872234209e-12
7.5108637753808265e-12
6.4330277845704866e-12
7.4655986543017415e-12
6.5884913746553572e-12
7.4162513472840991e-12
6.7437374476544371e-12
7.3626596748610876e-12
6.8985621018338728e-12
7.304668228325989e-12
7.0527443903157056e-12
7.2421299644101793e-12
7.2060461039979018e-12
7.1749078939100085e-12
7.3582116947782473e-12
7.1028768526155531e-12
7.5089683602938579e-12
7.0259253406301882e-12
7.6580263101358953e-12
6.9439574121614621e-12
7.8050792342850721e-12
6.8568945945645519e-12
7.9498049931270576e-12
6.7646778114073709e-12
8.0918665465578862e-12
6.6672692813746796e-12
8.2309131379870118e-12
6.5646543611561053e-12
8.366581745449851e-12
6.4568432971383336e-12
8.4984988085306594e-12
6.3438728489639261e-12
8.6262822346661212e-12
6.2258077452814936e-12
8.7495436831322868e-12
6.1027419318761729e-12
8.8678911177686764e-12
5.9747995711362811e-12
8.9809316089545814e-12
5.8421357507654833e-12
9.0882743213863089e-12
5.7049368398214524e-12
9.1895333185839112e-12
5.5634202704692611e-12
9.2843274166739154e-12
5.4178323760653229e-12
9.3722558123040199e-12
5.2684353196174177e-12
9.4526916540690645e-12
5.1154281112105049e-12
9.5232855910363896e-12
4.9584974295133075e-12
9.5699430307187269e-12
4.7945378217978839e-12
9.5052908849980992e-12
4.607842420211647e-12
8.8313560887852737e-12
4.3371473027987648e-12
5.0598941900633218e-12
3.8048142366799763e-12
-1.2095710261293448e-11
2.7024396281021952e-12
-7.400333871838464e-11
1.0295710296598402e-12
-2.2790290247629033e-10
-3.6047561254088715e-10
7.8263570882376219e-12
5.6869979107566573e-14
7.827129054738962e-12
1.7628003538339527e-13
7.8284424577271088e-12
2.9577080532925733e-13
7.8302900090824833e-12
4.1539577832568022e-13
7.8326614055813013e-12
5.3520836026655142e-13
7.8355432944575004e-12
6.5526184450210441e-13
7.8389192301966615e-12
7.7560938128965349e-13
7.8427696227555204e-12
8.9630394352427005e-13
7.8470716772172198e-12
1.0173982884977681e-12
7.8517993250193625e-12
1.1389449145392318e-12
7.8569231467950421e-12
1.2609960116654033e-12
7.8624102870871399e-12
1.3836034049663791e-12
7.8682243609457453e-12
1.5068184902243912e-12
7.8743253527702991e-12
1.6306921601787428e-12
7.8806695075744911e-12
1.7552747207976716e-12
7.8872092151091157e-12
1.8806157962321286e-12
7.8938928873437195e-12
2.0067642212377106e-12
7.9006648297287524e-12
2.1337679201087984e-12
7.9074651070805453e-12
2.261673770408756e-12
7.914229404951434e-12
2.3905274508202643e-12
7.920888887017542e-12
2.5203732708765414e-12
7.9273700503831599e-12
2.6512539819497412e-12
7.9335945792783221e-12
2.783210567466666e-12
7.9394791993299324e-12
2.9162820109731939e-12
7.9449355337516942e-12
3.0505050404607109e-12
7.9498699635739756e-12
3.1859138473105316e-12
7.9541834941495716e-12
3.3225397782478148e-12
7.9577716304499211e-12
3.4604109987069878e-12
7.9605242639859566e-12
3.5995521260249458e-12
7.9623255745639691e-12
3.7399838309501115e-12
7.9630539503426171e-12
3.8817224061593043e-12
7.9625819301851939e-12
4.0247793003923233e-12
7.9607761725028812e-12
4.1691606173981774e-12
7.95749745537961e-12
4.314866578665229e-12
7.9526007130117928e-12
4.461890949768733e-12
7.9459351140761324e-12
4.610220430031513e-12
7.9373441878184688e-12
4.7598340062393073e-12
7.9266660044013859e-12
4.9107022712077062e-12
7.91373341588517e-12
5.06278670911634e-12
7.8983743650990981e-12
5.2160389500885554e-12
7.8804122694849793e-12
5.370399997417924e-12
7.8596664871527418e-12
5.5257994320531932e-12
7.8359528729486724e-12
5.6821545998589389e-12
7.8090844313804599e-12
5.8393697887592632e-12
7.7788720738681313e-12
5.9973354041260635e-12
7.7451254867118018e-12
6.1559271521909914e-12
7.7076541158318828e-12
6.3150052431440147e-12
7.6662682732112005e-12
6.4744136272223053e-12
7.6207803690965679e-12
6.6339792787778853e-12
7.5710062714698706e-12
6.7935115452900129e-12
7.5167667938960192e-12
6.9528015794331244e-12
7.4578893095763029e-12
7.1116218746778796e-12
7.3942094870456892e-12
7.2697259265647038e-12
7.3255731397863301e-12
7.426848042074907e-12
7.2518381790630769e-12
7.5827033210729054e-12
7.1728766549270223e-12
7.7369878343456571e-12
7.0885768669845826e-12
7.889379022288354e-12
6.9988455219786542e-12
8.0395363381961466e-12
6.9036099107231703e-12
8.1871021579039423e-12
6.8028200729486352e-12
8.3317029758558414e-12
6.6964509143607867e-12
8.4729509041202334e-12
6.5845042362028492e-12
8.6104454867989294e-12
6.4670106343478868e-12
8.7437758366527661e-12
6.3440312225317818e-12
8.8725230950536974e-12
6.2156591325561686e-12
8.9962632077596094e-12
6.0820207432950363e-12
9.1145699975410938e-12
5.9432765884977448e-12
9.2270184692849335e-12
5.7996218740358913e-12
9.3331879765942123e-12
5.6512863752655151e-12
9.432662477435402e-12
5.4985323384698662e-12
9.5250065989375023e-12
5.3416414145044313e-12
9.6095596738160524e-12
5.1808356193700887e-12
9.6839397761012257e-12
5.0158280355148119e-12
9.734021483960916e-12
4.8435428320029193e-12
9.6724030292927709e-12
4.6483058969924675e-12
9.0010834200981606e-12
4.3688908342376256e-12
5.2317721800451754e-12
3.8277025741268889e-12
-1.1922346107976065e-11
2.7164616523856237e-12
-7.383048860801473e-11
1.0352079943994735e-12
-2.2773998426562362e-10
-3.6036641580589867e-10
7.945784086768608e-12
5.6616597940182321e-14
7.9466367411507082e-12
1.754273809924233e-13
7.9480843134762051e-12
2.9432323299793644e-13
7.9501194315255674e-12
4.1336066027560142e-13
7.9527316791902126e-12
5.3259611260826014e-13
7.9559075595415368e-12
6.5208596415793853e-13
7.9596304484732596e-12
7.7188649234681598e-13
7.9638805387598111e-12
8.9205385322470083e-13
7.96863477458283e-12
1.012644052660071e-12
7.9738667766991158e-12
1.133712912406685e-12
7.9795467582722096e-12
1.2553160300747241e-12
7.9856414314575081e-12
1.3775087317464652e-12
7.9921139050057887e-12
1.5003460166402592e-12
7.9989235728408805e-12
1.6238824923064822e-12
8.0060259940746759e-12
1.7481722995254634e-12
8.0133727647058788e-12
1.8732690255616472e-12
8.020911381301199e-12
1.9992256045706217e-12
8.0285850974867581e-12
2.1260942038505357e-12
8.0363327734272347e-12
2.2539260943949063e-12
8.0440887195086157e-12
2.3827715046961645e-12
8.0517825346858016e-12
2.5126794556570594e-12
8.0593389410392821e-12
2.6436975755540369e-12
8.0666776154287593e-12
2.7758718930355127e-12
8.0737130198985603e-12
2.9092466064618845e-12
8.0803542325313078e-12
3.0438638277869348e-12
8.0865047806858867e-12
3.1797632991154798e-12
8.0920624789197928e-12
3.3169820799747723e-12
8.0969192741418673e-12
3.4555542034473642e-12
8.1009611008786828e-12
3.5955102992510151e-12
8.1040677500843988e-12
3.7368771817091457e-12
8.1061127548901981e-12
3.8796774013206989e-12
8.1069632978363975e-12
4.02392875741509e-12
8.106480143616798e-12
4.169643771589135e-12
8.1045176029350728e-12
4.3168291193203439e-12
8.1009235324329777e-12
4.4654850202468447e-12
8.0955393772762016e-12
4.6156045851662404e-12
8.0882002623264528e-12
4.7671731211693168e-12
8.0787351395087467e-12
4.9201673940079446e-12
8.0669669982988528e-12
5.0745548503113123e-12
8.0527131476482428e-12
5.230292800726794e-12
8.0357855773045962e-12
5.3873275677507818e-12
8.0159914072366603e-12
5.5455936020813161e-12
7.9931334339177274e-12
5.7050125731394879e-12
7.9670107819526663e-12
5.8654924407189686e-12
7.9374196699042602e-12
6.0269265161701867e-12
7.9041542985530257e-12
6.1891925235553404e-12
7.8670078690730635e-12
6.352151672638409e-12
7.8257737380213377e-12
6.515647758306065e-12
7.7802467147167401e-12
6.6795063021230188e-12
7.7302245050021089e-12
6.8435337550072653e-12
7.6755093029981374e-12
7.0075167814638395e-12
7.6159095306227248e-12
7.1712216470975973e-12
7.5512417219274451e-12
7.3343937353064002e-12
7.4813325450569123e-12
7.4967572189863982e-12
7.4060209514767134e-12
7.6580149147128132e-12
7.3251604376178544e-12
7.8178483482825425e-12
7.2386213995529958e-12
7.9759180604507666e-12
7.1462935562796614e-12
8.1318641815385877e-12
7.0480884122084378e-12
8.2853073020726432e-12
6.9439417234737756e-12
8.4358496646924665e-12
6.8338159287057462e-12
8.5830766989790765e-12
6.7177024990092797e-12
8.7265589166150447e-12
6.5956241579945416e-12
8.8658541778087009e-12
6.4676369191264594e-12
9.0005103340376972e-12
6.3338318853248314e-12
9.1300682416041159e-12
6.194336753653791e-12
9.2540651285172127e-12
6.0493169662147354e-12
9.372038249837116e-12
5.8989764282379451e-12
9.4835284581331746e-12
5.7435575549527338e-12
9.5880809127104086e-12
5.5833392626020824e-12
9.6852216411887707e-12
5.4186239230520798e-12
9.7742521094243945e-12
5.2496582686933216e-12
9.8527538216085379e-12
5.0761839542913235e-12
9.9065666735229115e-12
4.8951573573453234e-12
9.8482565915114794e-12
4.6909398821215397e-12
9.1797913804616741e-12
4.4023432446176968e-12
5.4128320089513661e-12
3.8518380789860093e-12
-1.1739664442000761e-11
2.7312480857837442e-12
-7.364828843419025e-11
1.0411528292837934e-12
-2.2756822343250253e-10
-3.602512737518842e-10
8.064612763733369e-12
5.6334707992003061e-14
8.065550467772038e-12
1.7448967698179125e-13
8.0671395910675149e-12
2.9273410970593092e-13
8.069372704369172e-12
4.1112754697391976e-13
8.0722393153756182e-12
5.297295016074968e-13
8.0757258293923678e-12
6.4859945013254779e-13
8.0798154996682e-12
7.6779682206065782e-13
8.0844883672040391e-12
8.8738098567661026e-13
8.0897211901108008e-12
1.0074112297392509e-12
8.0954873626304574e-12
1.1279467398717239e-12
8.1017568237855601e-12
1.2490465688866559e-12
8.1084959558309715e-12
1.3707695996671351e-12
8.115667472487779e-12
1.4931744999481265e-12
8.1232302971391414e-12
1.6163196676182779e-12
8.1311394312169115e-12
1.7402631654094439e-12
8.139345813011568e-12
1.8650626436960554e-12
8.1477961672052904e-12
1.9907752503054928e-12
8.1564328457467841e-12
2.1174575252365312e-12
8.1651936603058404e-12
2.2451652797947665e-12
8.1740117072665264e-12
2.3739534576941658e-12
8.1828151860206276e-12
2.503875976861955e-12
8.1915272114998776e-12
2.6349855500338471e-12
8.2000656222101845e-12
2.7673334822846295e-12
8.2083427851464209e-12
2.9009694434852967e-12
8.21626539930383e-12
3.035941213590247e-12
8.2237342996325741e-12
3.1722943987475214e-12
8.2306442638398179e-12
3.3100721157305412e-12
8.2368838243901002e-12
3.4493146428457709e-12
8.242335088955849e-12
3.5900590346353633e-12
8.2468735724568296e-12
3.7323386981917992e-12
8.2503680444873015e-12
3.8761829292440212e-12
8.2526803967677047e-12
4.0216164051219382e-12
8.2536655348325337e-12
4.1686586334822878e-12
8.2531713000160274e-12
4.3173233541283255e-12
8.25103842693389e-12
4.4676178932909787e-12
8.2471005436905173e-12
4.6195424684052752e-12
8.2411842212004119e-12
4.7730894436257227e-12
8.2331090800723484e-12
4.9282425351042538e-12
8.2226879627835941e-12
5.0849759675864843e-12
8.2097271803002793e-12
5.2432535831989346e-12
8.194026842554272e-12
5.4030279054876909e-12
8.1753812824383326e-12
5.5642391621898118e-12
8.1535795836196661e-12
5.7268142719529457e-12
8.1284062223997322e-12
5.8906658019341316e-12
8.0996418339032622e-12
6.0556909046322326e-12
8.0670641131098459e-12
6.2217702443470224e-12
8.0304488596854022e-12
6.388766926062595e-12
7.9895711762412008e-12
6.5565254417664449e-12
7.9442068271007915e-12
6.7248706512975121e-12
7.8941337639745813e-12
6.8936068181764558e-12
7.8391338228393062e-12
7.0625167226129698e-12
7.7789945924135768e-12
7.2313608775541698e-12
7.7135114536488919e-12
7.3998768741213815e-12
7.642489784822525e-12
7.5677788878899967e-12
7.5657473220325568e-12
7.7347573775516722e-12
7.4831166610528477e-12
7.900479009330242e-12
7.3944478803742064e-12
8.0645868412174945e-12
7.299611259915125e-12
8.2267008020746681e-12
7.1985000636132152e-12
8.3864184984722879e-12
7.09103334738881e-12
8.5433163810117075e-12
6.9771587482273998e-12
8.6969512982731465e-12
6.856855203480801e-12
8.8468624614919398e-12
6.7301355443295595e-12
8.9925738371127091e-12
6.5970489020382694e-12
9.1335969764726978e-12
6.4576828627563444e-12
9.2694342809417608e-12
6.3121653034099275e-12
9.3995826871819197e-12
6.160665838719134e-12
9.5235377076712228e-12
6.003396788979437e-12
9.6407974514819442e-12
5.8406134191681211e-12
9.7508638445670112e-12
5.6726120538650688e-12
9.8532197564091967e-12
5.4997170781573971e-12
9.9471241814131669e-12
5.32220180347125e-12
1.0030117488781193e-11
5.1398389000383284e-12
1.0088000458274769e-11
4.949619979611452e-12
1.003330250322146e-11
4.7359457314982204e-12
9.3679562079835226e-12
4.4376726265134072e-12
5.6035685859107196e-12
3.8773263363145875e-12
-1.1547141006509211e-11
2.7468680766451517e-12
-7.3456218941000922e-11
1.0474336331708511e-12
-2.2738712232966855e-10
-3.6012985038621686e-10
8.1827865833703341e-12
5.602292760118463e-14
8.1838137384188856e-12
1.7346252197337021e-13
8.1855518517588678e-12
2.9099599638184125e-13
8.187993465719669e-12
4.0868593301974113e-13
8.1911280509875241e-12
5.2659491634549803e-13
8.1949419648049409e-12
6.4478553630579976e-13
8.1994183979740344e-12
7.6332038888141358e-13
8.204537310314595e-12
8.8226207332426476e-13
8.2102753548622038e-12
1.0016731851780409e-12
8.2166057906326308e-12
1.1216163040704529e-12
8.2234983841219258e-12
1.2421539753650847e-12
8.2309192993957036e-12
1.3633486843598478e-12
8.2388309768900432e-12
1.4852628224188163e-12
8.2471920010017998e-12
1.6079586434700191e-12
8.2559569566047881e-12
1.7314982097700235e-12
8.2650762745481587e-12
1.8559433256826104e-12
8.2744960667305616e-12
1.9813554580525368e-12
8.284157950661829e-12
2.1077956412655469e-12
8.2939988642230145e-12
2.2353243661937026e-12
8.3039508712936138e-12
2.3640014505837795e-12
8.3139409587525436e-12
2.4938858893632967e-12
8.3238908259084508e-12
2.6250356828382215e-12
8.3337166674641611e-12
2.7575076406896794e-12
8.3433289512669801e-12
2.8913571596435813e-12
8.3526321924823804e-12
3.0266379723211511e-12
8.3615247261153315e-12
3.1634018650622779e-12
8.3698984799999995e-12
3.3016983618258303e-12
8.3776387507223451e-12
3.4415743721049898e-12
8.3846239858489266e-12
3.5830737994925228e-12
8.3907255753524783e-12
3.7262371086737097e-12
8.3958076565464752e-12
3.8711008480375843e-12
8.3997269366888986e-12
4.0176971249691581e-12
8.4023325385637487e-12
4.1660530315990794e-12
8.4034658743447707e-12
4.31619001834069e-12
8.4029605544384842e-12
4.4681232131925234e-12
8.4006423378549115e-12
4.6218606849861766e-12
8.3963291322980832e-12
4.777402649182156e-12
8.3898310519990005e-12
4.9347406154047994e-12
8.3809505428203668e-12
5.0938564767683807e-12
8.3694825842620805e-12
5.254721541762793e-12
8.3552149792239174e-12
5.4172955105333019e-12
8.3379287424849416e-12
5.5815253989061846e-12
8.3173985998551667e-12
5.7473444145774626e-12
8.2933936098299952e-12
5.9146707919552416e-12
8.2656779202877342e-12
6.0834065941720112e-12
8.2340116725579545e-12
6.2534364920769087e-12
8.1981520643402561e-12
6.4246265342496425e-12
8.1578545835898206e-12
6.5968229225199241e-12
8.112874422715202e-12
6.7698508121917156e-12
8.0629680825292169e-12
6.9435131583996075e-12
8.007895172157199e-12
7.1175896330327234e-12
7.9474204092540826e-12
7.291835640476225e-12
7.8813158200094019e-12
7.4659814634044227e-12
7.8093631367721339e-12
7.6397315711850445e-12
7.7313563848398601e-12
7.8127641295700181e-12
7.6471046442556489e-12
7.9847307499884842e-12
7.5564349672118041e-12
8.155256518356827e-12
7.4591954240106105e-12
8.3239403453611129e-12
7.3552582440224945e-12
8.490355678566973e-12
7.2445230097739387e-12
8.6540516153964824e-12
7.1269198547975228e-12
8.8145544533928578e-12
7.00241260844607e-12
8.9713697079858777e-12
6.8710018231989737e-12
9.1239846225249434e-12
6.7327276141823775e-12
9.2718711856461239e-12
6.5876722351631897e-12
9.4144896600304147e-12
6.4359623120182401e-12
9.551292609676459e-12
6.2777706500251068e-12
9.681729362823654e-12
6.1133175113956426e-12
9.805250533737493e-12
5.9428710997079591e-12
9.9213098183020655e-12
5.7667458424795536e-12
1.0029341763660808e-11
5.5852894703974096e-12
1.0128557650065103e-11
5.3988038624868162e-12
1.0216451490526764e-11
5.2070953522636646e-12
1.0278779856351917e-11
5.0071940867170155e-12
1.0228030787677387e-11
4.7835439701214728e-12
9.5660970042443749e-12
4.4750501972445702e-12
5.804526129242043e-12
3.9042996792283361e-12
-1.1344212656865538e-11
2.7634011002270877e-12
-7.3253708008958612e-11
1.0540824557301726e-12
-2.2719613587861809e-10
-3.6000177766439843e-10
8.3002459869107711e-12
5.5679859809020052e-14
8.3013670159820993e-12
1.7234149292151824e-13
8.3032615872797995e-12
2.8910142510570627e-13
8.3059222449888396e-12
4.060252753092067e-13
8.3093384644739685e-12
5.231786968535292e-13
8.3134966080309194e-12
6.4062739274020985e-13
8.3183798684458484e-12
7.5843712845656372e-13
8.3239682002031761e-12
8.7667374155558019e-13
8.3302382384535608e-12
9.954031469145854e-13
8.3371632055576967e-12
1.1146913369366374e-12
8.3447128053762058e-12
1.2346043755151761e-12
8.3528531049547081e-12
1.3552083847485054e-12
8.3615464038375154e-12
1.4765695235014847e-12
8.3707510909079796e-12
1.5987539563646934e-12
8.3804214887587015e-12
1.7218278118501696e-12
8.3905076858876576e-12
1.8458571285162841e-12
8.4009553565511722e-12
1.9709077873511269e-12
8.4117055688301032e-12
2.0970454289483039e-12
8.4226945810909224e-12
2.2243353538944729e-12
8.4338536273568647e-12
2.3528424042794359e-12
8.4451086922132911e-12
2.4826308244684128e-12
8.4563802759973691e-12
2.6137640990155508e-12
8.467583151359279e-12
2.7463047652911094e-12
8.4786261121453374e-12
2.8803141988041774e-12
8.4894117165906687e-12
3.0158523678244518e-12
8.4998360259305277e-12
3.1529775556721935e-12
8.5097883411034969e-12
3.2917460466356748e-12
8.5191509397187373e-12
3.432211773474234e-12
8.5277988164559596e-12
3.5744259227413351e-12
8.5355994300955818e-12
3.7184364950219496e-12
8.5424124613321292e-12
3.8642878167903999e-12
8.5480895857654297e-12
4.0120200005270147e-12
8.5524742673870075e-12
4.1616683499624911e-12
8.555401578382805e-12
4.3132627073406581e-12
8.5566980519200649e-12
4.4668267396454553e-12
8.5561815753664015e-12
4.6223771615304865e-12
8.5536613323313455e-12
4.7799228922104767e-12
8.5489378025563997e-12
4.9394641451748774e-12
8.54180282985787e-12
5.1009914494635218e-12
8.5320397690840519e-12
5.264484602543147e-12
8.5194237238662062e-12
5.4299115557598427e-12
8.5037218880397547e-12
5.5972272347428111e-12
8.4846940039198778e-12
5.7663722987088748e-12
8.4620929516799784e-12
5.9372718442075551e-12
8.435665484297817e-12
6.1098340615526184e-12
8.4051531227500196e-12
6.2839488536239225e-12
8.3702932259850927e-12
6.4594864310168039e-12
8.3308202501374739e-12
6.6362958983399842e-12
8.2864672099059005e-12
6.8142038524298329e-12
8.2369673540688977e-12
6.9930130142606366e-12
8.1820560650920077e-12
7.1725009220382779e-12
8.1214729897190714e-12
7.3524187158972477e-12
8.0549644044228382e-12
7.5324900487289853e-12
7.9822858135142627e-12
7.7124101621572208e-12
7.9032047758141226e-12
7.8918451673550508e-12
7.8175039467745954e-12
8.0704315790941842e-12
7.724984316864287e-12
8.2477761483552899e-12
7.6254686189381452e-12
8.4234560434136001e-12
7.5188048691497968e-12
8.5970194284566865e-12
7.4048699965392832e-12
8.7679864881549256e-12
7.2835735065606354e-12
8.9358509435270511e-12
7.1548611151511255e-12
9.1000820995344913e-12
7.0187182802161295e-12
9.2601274576081017e-12
6.8751735491413014e-12
9.4154159168922026e-12
6.7243016344537911e-12
9.5653615748267986e-12
6.5662261238086892e-12
9.709368119687653e-12
6.4011217256102572e-12
9.8468337542305439e-12
6.2292159296089167e-12
9.9771562733361292e-12
6.0507898028279372e-12
1.0099735507181796e-11
5.86617649483763e-12
1.0213951821742099e-11
5.6757484371060304e-12
1.0318962804687825e-11
5.4798381912097443e-12
1.04122101317265e-11
5.2782886325785287e-12
1.0479400309816474e-11
5.0681720637332562e-12
1.0432974404845447e-11
4.8339798926576326e-12
9.7747799617198346e-12
4.5146708784902513e-12
6.016299231959472e-12
3.9329009277851103e-12
-1.1130264142862309e-11
2.7809353728851547e-12
-7.3040128908372859e-11
1.0611348947166423e-12
-2.2699466637607767e-10
-3.5986665194164507e-10
8.4169283859366848e-12
5.5304099617653825e-14
8.4181477149046576e-12
1.7112216394155431e-13
8.4202062106713597e-12
2.8704292935805314e-13
8.4230964512417167e-12
4.0313503475551535e-13
8.4268079608824101e-12
5.1946718720814327e-13
8.431327163429672e-12
6.3610819018546374e-13
8.4366373224137491e-12
7.5312696946317439e-13
8.4427184680510513e-12
8.7059259590743589e-13
8.4495473110245559e-12
9.8857430392878253e-13
8.4570971428833972e-12
1.1071415050483454e-12
8.4653377230968128e-12
1.2263637952711175e-12
8.4742351524074281e-12
1.3463109554058154e-12
8.4837517326493328e-12
1.4670529432269906e-12
8.4938458126985551e-12
1.588659876249226e-12
8.5044716208007774e-12
1.7112020036810561e-12
8.5155790830424588e-12
1.8347496662386995e-12
8.5271136279203422e-12
1.9593732424368415e-12
8.539015977501026e-12
2.0851430793309544e-12
8.5512219250448995e-12
2.212129406313739e-12
8.563662099578973e-12
2.3404022297082919e-12
8.5762617178865204e-12
2.4700312061237106e-12
8.5889403244345115e-12
2.6010854924306237e-12
8.601611520314552e-12
2.7336335693912005e-12
8.6141826818645052e-12
2.8677430372037132e-12
8.6265546709283901e-12
3.0034803787425357e-12
8.6386215375489635e-12
3.1409106890347441e-12
8.6502702178128674e-12
3.2800973663565238e-12
8.6613802289344314e-12
3.4211017623396791e-12
8.6718233643628911e-12
3.5639827872934721e-12
8.6814633924727671e-12
3.7087964668944032e-12
8.6901557626923762e-12
3.8555954465551793e-12
8.6977473236168545e-12
4.0044284395875147e-12
8.7040760585670744e-12
4.1553396149990711e-12
8.708970844571285e-12
4.3083679213255617e-12
8.7122512416877061e-12
4.4635463424884135e-12
8.7137273207826345e-12
4.6209010823971338e-12
8.7131995382716002e-12
4.7804506746841764e-12
8.7104586679948098e-12
4.9422050154159318e-12
8.7052858010804134e-12
5.1061643163438447e-12
8.6974524259056513e-12
5.2723179776858138e-12
8.6867206013331533e-12
5.4406433803341356e-12
8.6728432374355392e-12
5.611104598643692e-12
8.6555644991494508e-12
5.7836510370074112e-12
8.634620348795617e-12
5.9582159945757855e-12
8.6097392447230186e-12
6.1347151656416012e-12
8.5806430130636365e-12
6.3130450853012255e-12
8.5470479107845102e-12
6.4930815333004514e-12
8.5086658971151983e-12
6.6746779120158473e-12
8.4652061303774885e-12
6.8576636191768599e-12
8.416376705667965e-12
7.041842438982886e-12
8.3618866472287972e-12
7.22699098051015e-12
8.3014481663619286e-12
7.4128571968169718e-12
8.2347791922771733e-12
7.5991590228714801e-12
8.1616061788606521e-12
7.7855831756288982e-12
8.0816671826104266e-12
7.9717841636815756e-12
7.9947152046303092e-12
8.157383557149142e-12
7.9005217773939994e-12
8.3419695756890164e-12
7.7988807694739222e-12
8.5250970514538931e-12
7.6896123714158132e-12
8.7062878266273502e-12
7.5725672150525723e-12
8.8850316446782632e-12
7.4476305664938923e-12
9.0607875922379339e-12
7.3147265222555576e-12
9.2329861439424029e-12
7.1738221255360347e-12
9.4010318545218626e-12
7.0249313093239883e-12
9.5643067332918307e-12
6.8681185641376863e-12
9.7221743201390396e-12
6.7035022192728898e-12
9.8739844639368285e-12
6.5312572208650891e-12
1.0019078745834664e-11
6.3516172656887114e-12
1.0156796172138406e-11
6.1648759904521143e-12
1.02864763445549e-11
5.9713857704088714e-12
1.0407438791930888e-11
5.7715450925151997e-12
1.0518780579756931e-11
5.5657194409435993e-12
1.0617884180153103e-11
5.3537913681693573e-12
1.0690399284785305e-11
5.1328793449762872e-12
1.0648713507682836e-11
4.8875271314102122e-12
9.994623075629599e-12
4.5567527709406228e-12
6.2395380205592041e-12
3.9632886730296536e-12
-1.0904620700203965e-11
2.7995689954457853e-12
-7.2814794412176726e-11
1.0686306133223452e-12
-2.2678205767415999e-10
-3.5972402990723483e-10
8.5327681672955941e-12
5.48942413993768e-14
8.5340902052052385e-12
1.6980012600111322e-13
8.5363200585877784e-12
2.8481307599002774e-13
8.5394503729221503e-12
4.0000472043663996e-13
8.5434707681590756e-12
5.1544679196701629e-13
8.548367789509232e-12
6.3121116882832564e-13
8.5541248442644947e-12
7.4736991469900011e-13
8.5607221246538701e-12
8.639953155081175e-13
8.5681365164885622e-12
9.8115991206666195e-13
8.5763414935823376e-12
1.098936527926003e-12
8.5853069976113332e-12
1.217398291212253e-12
8.594999303287421e-12
1.3366186496986078e-12
8.6053808686752251e-12
1.4566713777744208e-12
8.6164101704912919e-12
1.5776305743684376e-12
8.6280415241647218e-12
1.6995706499417756e-12
8.640224888605693e-12
1.8225663017631588e-12
8.6529056554539532e-12
1.9466924755537125e-12
8.6660244230065812e-12
2.0720243117432549e-12
8.6795167547018948e-12
2.1986370745831033e-12
8.693312922405703e-12
2.3266060619687853e-12
8.7073376348331549e-12
2.4560064936469849e-12
8.7215097514040106e-12
2.5869133758093097e-12
8.7357419824285202e-12
2.7194013383493544e-12
8.7499405762898421e-12
2.8535444433259661e-12
8.7640049948070723e-12
2.9894159602097809e-12
8.7778275783238215e-12
3.1270881054957834e-12
8.7912932021728771e-12
3.2666317424947572e-12
8.8042789268836263e-12
3.4081160376109318e-12
8.8166536447755972e-12
3.5516080693840218e-12
8.8282777262614621e-12
3.6971723853931442e-12
8.8390026696225123e-12
3.8448705031478861e-12
8.8486707590412817e-12
3.9947603501248692e-12
8.857114735991815e-12
4.1468956380065818e-12
8.8641574904518556e-12
4.3013251668242614e-12
8.8696117789470737e-12
4.4580920539544577e-12
8.8732799778621515e-12
4.61723288344466e-12
8.8749538811245051e-12
4.7787767713854406e-12
8.8744145530091972e-12
4.9427443434963172e-12
8.8714322478555718e-12
5.1091466214644741e-12
8.8657664098619022e-12
5.2779838156484989e-12
8.8571657675243862e-12
5.4492440226427899e-12
8.8453685385234093e-12
5.6229018276170278e-12
8.8301027624963577e-12
5.7989168130078815e-12
8.8110867799789224e-12
5.9772319771001089e-12
8.7880298771512758e-12
6.1577720684785827e-12
8.7606331169788912e-12
6.3404418454938107e-12
8.7285903777496629e-12
6.5251242725531388e-12
8.6915896200996854e-12
6.7116786696594844e-12
8.6493144040270583e-12
6.899938835263928e-12
8.6014456752100487e-12
7.0897111678182228e-12
8.5476638395246794e-12
7.2807728161860698e-12
8.4876511413727929e-12
7.4728698949963669e-12
8.4210943576440779e-12
7.6657158066656813e-12
8.3476878151823786e-12
7.8589897181373575e-12
8.2671367325794301e-12
8.0523352463538392e-12
8.179160878476694e-12
8.2453594113444965e-12
8.0834985342231078e-12
8.4376319200349495e-12
7.979910733234703e-12
8.6286848525742526e-12
7.8681857398353839e-12
8.8180128201514347e-12
7.7481437177289462e-12
9.0050736669338906e-12
7.6196415235271186e-12
9.1892897866068955e-12
7.4825775471453008e-12
9.3700501204928622e-12
7.3368965058104809e-12
9.5467128960671224e-12
7.1825940848489636e-12
9.7186091544583369e-12
7.0197213062842804e-12
9.8850470988642662e-12
6.8483884948323834e-12
1.0045317274832865e-11
6.6687687021342315e-12
1.0198698531758735e-11
6.4811004242584045e-12
1.0344464393694263e-11
6.2856892866921443e-12
1.0481887044280915e-11
6.0829072253732455e-12
1.0610217603506243e-11
5.8731801042492012e-12
1.0728484798405768e-11
5.6569086857152738e-12
1.0834003997226715e-11
5.43401860862732e-12
1.0912360271937725e-11
5.2016789634435367e-12
1.0875880265977294e-11
4.9444913210464111e-12
1.0226301740077914e-11
4.6015394923902767e-12
6.4749546406656515e-12
3.9956405625601605e-12
-1.0666541589445209e-11
2.8194117202331893e-12
-7.2576949390045773e-11
1.0766139960017527e-12
-2.265575882493662e-10
-3.5957342386275723e-10
8.6476967103043461e-12
5.4448886451388933e-14
8.6491258287666387e-12
1.6837100750491101e-13
8.6515344058412467e-12
2.8240449892416065e-13
8.6549151898901365e-12
3.9662393640177439e-13
8.6592579457839384e-12
5.1110403607016704e-13
8.6645494032669401e-12
6.2591971133911407e-13
8.670773190597087e-12
7.4114612736033919e-13
8.6779097533702646e-12
8.5685875272501863e-13
8.6859362582331365e-12
9.7313340717705789e-13
8.6948264814467335e-12
1.0900463046845999e-12
8.7045506817636173e-12
1.2076740908664847e-12
8.7150754576121092e-12
1.3260938738201578e-12
8.7263635880366771e-12
1.4453832472869836e-12
8.7383738576153788e-12
1.5656203047578905e-12
8.7510608642273552e-12
1.6868836432971532e-12
8.7643748103051995e-12
1.8092523556522808e-12
8.7782612767496515e-12
1.9328060090758582e-12
8.7926609795340952e-12
2.0576246089250022e-12
8.8075095089000918e-12
2.1837885451828958e-12
8.822737051017319e-12
2.3113785198174579e-12
8.8382680923745279e-12
2.440475452272509e-12
8.8540211069615877e-12
2.5711603612061388e-12
8.8699082267826634e-12
2.7035142185133228e-12
8.8858348963610652e-12
2.8376177737333782e-12
8.9016995119390468e-12
2.9735513446107062e-12
8.9173930469310347e-12
3.1113945704844347e-12
8.9327986648369239e-12
3.2512261245703042e-12
8.9477913218472974e-12
3.3931233805528504e-12
8.96223736168469e-12
3.5371620295012489e-12
8.9759941054991956e-12
3.6834156415331687e-12
8.9889094408031442e-12
3.8319551677995719e-12
9.0008214139091006e-12
3.982848376976313e-12
9.0115578309913564e-12
4.1361592208842077e-12
9.0209358743116676e-12
4.2919471234657787e-12
9.0287617406692341e-12
4.4502661875588199e-12
9.0348303108886e-12
4.6111643131886977e-12
9.0389248598907246e-12
4.7746822223478603e-12
9.0408168185210941e-12
4.9408523848322343e-12
9.0402655999623101e-12
5.109697839991625e-12
9.0370185048213787e-12
5.2812309107595419e-12
9.0308107208508721e-12
5.4554518065852911e-12
9.0213654348495051e-12
5.6323471135920592e-12
9.00839407606065e-12
5.8118881717728784e-12
8.9915967119988868e-12
5.9940293411394203e-12
8.9706626190209895e-12
6.1787061614371745e-12
8.9452710517584512e-12
6.3658334127402367e-12
8.9150922360449015e-12
6.5553030882537735e-12
8.8797886110207439e-12
6.7469822947138632e-12
8.839016346088802e-12
6.9407111002303448e-12
8.7924271581401534e-12
7.1363003557747643e-12
8.7396704528255818e-12
7.333529521529751e-12
8.6803958112560379e-12
7.5321445365696072e-12
8.614255840709538e-12
7.7318557772531121e-12
8.5409094017553308e-12
7.9323361571708836e-12
8.4600252195889915e-12
8.1332194285827923e-12
8.3712858769042691e-12
8.3340987541160664e-12
8.2743921765352705e-12
8.5345256205309979e-12
8.1690678535329118e-12
8.7340091757048986e-12
8.0550645978056514e-12
8.9320160760481848e-12
7.9321673358648479e-12
9.1279709290384824e-12
7.8001997035956883e-12
9.3212574190581932e-12
7.6590296236232472e-12
9.5112202006504706e-12
7.5085748835217025e-12
9.6971676363968543e-12
7.3488085927615554e-12
9.8783754454425854e-12
7.1797643806928026e-12
1.0054091311114034e-11
7.0015411824260232e-12
1.022354047253391e-11
6.8143074471234701e-12
1.0385932260325944e-11
6.6183045745419875e-12
1.0540467209963961e-11
6.4138492232279208e-12
1.0686341957810935e-11
6.2013329869006797e-12
1.0822730590147872e-11
5.9812103487476977e-12
1.0948584534441467e-11
5.7539198018524464e-12
1.1061142944410568e-11
5.5194337666324956e-12
1.114591722569077e-11
5.2749768856257986e-12
1.1115164295905457e-11
5.0052146711980211e-12
1.0470555107028986e-11
4.64930404760713e-12
6.7233304450163592e-12
4.0301560326225016e-12
-1.0415212497045148e-11
2.8405866641190435e-12
-7.2325762383228894e-11
1.085134853208925e-12
-2.2632046326302256e-10
-3.5941429629588649e-10
8.7616424170541608e-12
5.3966650816425213e-14
8.7631829286582066e-12
1.668304958803305e-13
8.7657774930492704e-12
2.7980993453389406e-13
8.7694189985574873e-12
3.9298243090279386e-13
8.7740974066015145e-12
5.0642562802260762e-13
8.7797996978303667e-12
6.2021742010514134e-13
8.7865098027190923e-12
7.3443602246401255e-13
8.7942085165207249e-12
8.4916003889845829e-13
8.8028733983572734e-12
9.6446852531438294e-13
8.8124786540535058e-12
1.0804410489609446e-12
8.8229950023998046e-12
1.1971577424915707e-12
8.8343895245353668e-12
1.314699351623488e-12
8.8466254959956292e-12
1.4331472757644486e-12
8.8596622011852217e-12
1.5525835995372547e-12
8.873454729446111e-12
1.6730911150050352e-12
8.8879537528659135e-12
1.7947533322010056e-12
8.9031052850080709e-12
1.917654476901728e-12
8.9188504203687171e-12
2.0418794735318722e-12
8.9351250542281003e-12
2.1675139112771186e-12
8.9518595826785661e-12
2.2946439913196966e-12
8.9689785826100245e-12
2.423356452326686e-12
8.986400471866076e-12
2.5537384719366532e-12
9.0040371494348148e-12
2.6858775409320625e-12
9.0217936162589698e-12
2.819861306889507e-12
9.0395675771948965e-12
2.9557773836562777e-12
9.0572490250695089e-12
3.0937131225620903e-12
9.0747198081489599e-12
3.2337553414433205e-12
9.0918531825851401e-12
3.3759900060711713e-12
9.1085133522969039e-12
3.5205018597450775e-12
9.1245549988391934e-12
3.6673739949474417e-12
9.1398228048995682e-12
3.8166873616975941e-12
9.1541509758018966e-12
3.9685202060339076e-12
9.167362763940858e-12
4.1229474327062129e-12
9.1792700026009526e-12
4.2800398847841677e-12
9.1896726563697539e-12
4.4398635337614341e-12
9.1983583969704723e-12
4.6024785725681043e-12
9.2051022143926418e-12
4.7679384048995481e-12
9.2096660752152124e-12
4.9362885239854898e-12
9.2117986413601058e-12
5.107565273824544e-12
9.211235064591009e-12
5.281794487508036e-12
9.2076968739571456e-12
5.4589899971999354e-12
9.2008919753983294e-12
5.6391520121336355e-12
9.1905147849494255e-12
5.8222653622150009e-12
9.1762465189339241e-12
6.0082976071511444e-12
9.1577556667975913e-12
6.1971970135891454e-12
9.134698673866676e-12
6.3888904056578517e-12
9.106720863402601e-12
6.5832808987092843e-12
9.0734576280730525e-12
6.7802455300389356e-12
9.0345359221692365e-12
6.9796328061659733e-12
8.989576085918664e-12
7.1812601920711056e-12
8.9381940322244927e-12
7.3849115752756713e-12
8.880003824530167e-12
7.5903347443062032e-12
8.8146206710409284e-12
7.7972389307599621e-12
8.7416643560962062e-12
8.0052924721725714e-12
8.6607631220946906e-12
8.2141206626813207e-12
8.571558008712718e-12
8.4233038675800462e-12
8.4737076409320783e-12
8.6323759884347954e-12
8.3668934492263285e-12
8.8408233675362215e-12
8.2508252886699105e-12
9.0480842367727547e-12
8.125247402926704e-12
9.2535488149451217e-12
7.9899446622305956e-12
9.4565601599373039e-12
7.8447489818275063e-12
9.656415881256691e-12
7.6895458055976533e-12
9.8523708128743138e-12
7.5242805166741382e-12
1.0043640734610991e-11
7.3489646158252665e-12
1.0229407212134292e-11
7.163681488574933e-12
1.0408823599241025e-11
6.9685915640236138e-12
1.0581022178165425e-11
6.7639366368249932e-12
1.0745122080874872e-11
6.5500429569093846e-12
1.0900235199958986e-11
6.3273215446957155e-12
1.104544875279513e-11
6.0962566018952664e-12
1.1179626575491511e-11
5.8573268700094468e-12
1.1299921078516785e-11
5.6105555361968191e-12
1.1391759487081271e-11
5.3532282512447812e-12
1.1367318768205483e-11
5.070081345094727e-12
1.0728193305641054e-11
4.7003531414508679e-12
6.9855242475633484e-12
4.067059310514665e-12
-1.0149736625651839e-11
2.8632325530899045e-12
-7.2060316421580557e-11
1.0942493371931553e-12
-2.2606980529287566e-10
-3.5924605353813562e-10
8.874530756506201e-12
5.3446173290725703e-14
8.876186892295417e-12
1.6517436010620659e-13
8.8789745681501734e-12
2.7702225868099244e-13
8.882886850968955e-12
3.8907014807248223e-13
8.8879139526906769e-12
5.0139852629566475e-13
8.8940431742656168e-12
6.1408819852519769e-13
8.9012588334782734e-12
7.2722036324480507e-13
8.9095421763038334e-12
8.4087669604902831e-13
8.9188712715942877e-12
9.5513942999869887e-13
8.9292208885714928e-12
1.0700914319569397e-12
8.9405623568080973e-12
1.1858162742266978e-12
8.9528634082101333e-12
1.3023983001615755e-12
8.9660880005969137e-12
1.4199226833167019e-12
8.9801961220754305e-12
1.5384754780293425e-12
8.9951435758918962e-12
1.6581436611588673e-12
9.0108817451492609e-12
1.7790151629133218e-12
9.0273573367121994e-12
1.9011788853075973e-12
9.0445121038336612e-12
2.0247247063790006e-12
9.0622825468352279e-12
2.1497434682291269e-12
9.0805995916906667e-12
2.2763269464511582e-12
9.0993882456062463e-12
2.4045677983992226e-12
9.1185672298975708e-12
2.5345594876340333e-12
9.1380485895130509e-12
2.6663961812980189e-12
9.157737279584124e-12
2.8001726168006579e-12
9.1775307291014438e-12
2.9359839341224241e-12
9.1973183823394283e-12
3.0739254692784028e-12
9.2169812191161751e-12
3.2140925046221095e-12
9.2363912548432082e-12
3.3565799703003663e-12
9.2554110226071073e-12
3.5014820919385483e-12
9.2738930394638265e-12
3.6488919780803682e-12
9.2916792602235366e-12
3.7989011409299223e-12
9.3086005227377988e-12
3.9515989434973705e-12
9.3244759895165459e-12
4.1070719658977511e-12
9.3391125916760654e-12
4.2654032825965184e-12
9.3523044826449795e-12
4.4266716427649734e-12
9.3638325101433115e-12
4.5909505450433955e-12
9.3734637167524108e-12
4.758307198266085e-12
9.3809508811864786e-12
4.9288013595281106e-12
9.3860321141941444e-12
5.1024840407959482e-12
9.3884305252062334e-12
5.2793960764766931e-12
9.3878539782303056e-12
5.4595665441586088e-12
9.3839949577852833e-12
5.6430110325637339e-12
9.3765305684514782e-12
5.8297297515368958e-12
9.365122693974887e-12
6.0197054816194396e-12
9.3494183449119884e-12
6.2129013626476302e-12
9.3290502258549544e-12
6.4092585247140876e-12
9.303637556205626e-12
6.6086935683702442e-12
9.2727871801687476e-12
6.8110959061091428e-12
9.2360950031424492e-12
7.0163249831988714e-12
9.193147793024393e-12
7.2242074022021924e-12
9.1435253843280888e-12
7.4345339840230086e-12
9.0868033222255327e-12
7.6470568064751841e-12
9.0225559804686392e-12
7.8614862725748665e-12
8.9503601833776262e-12
8.0774882692989561e-12
8.8697993547128063e-12
8.2946814914380579e-12
8.7804682074038689e-12
8.5126350150064901e-12
8.6819779785593499e-12
8.7308662173997742e-12
8.5739621924807154e-12
8.9488391537786539e-12
8.4560829278378375e-12
9.1659635015827587e-12
8.3280375368102755e-12
9.3815942061527231e-12
8.1895657416374344e-12
9.5950319553426651e-12
8.040457009661624e-12
9.8055246134471144e-12
7.8805580801442615e-12
1.0012269742660037e-11
7.7097804870460844e-12
1.021441832797553e-11
7.5281078952219595e-12
1.0411079804152336e-11
7.3356030406771742e-12
1.060132845326623e-11
7.132414041558759e-12
1.0784211170595427e-11
6.9187798089789515e-12
1.0958756257222412e-11
6.695034116028855e-12
1.1123980455196825e-11
6.461606733235195e-12
1.1278872886124812e-11
6.2190124511017343e-12
1.1422197956315521e-11
5.9677727939599192e-12
1.15510091399088e-11
5.7079659832257878e-12
1.1650637235105524e-11
5.4369446943225876e-12
1.1633167285676974e-11
5.1395238319456224e-12
1.1000105610937971e-11
4.7550325863249726e-12
7.2624815419809271e-12
4.1066024736592728e-12
-9.8691234359113033e-12
2.8875071440142299e-12
-7.1779600202902142e-11
1.1040210810374267e-12
-2.2580464278179553e-10
-3.5906803828345908e-10
8.9862843231412097e-12
5.2886123456951239e-14
8.9880602091871325e-12
1.6339847410876832e-13
8.9910479425237205e-12
2.7403452535734216e-13
8.9952408086820267e-12
3.8487728192173272e-13
9.0006293261510091e-12
4.9601000882057425e-13
9.0072011884675526e-12
6.075163362032478e-13
9.0149411894436073e-12
7.1948036226283684e-13
9.0238311312520788e-12
8.3198675421753718e-13
9.0338497150744257e-12
9.4512084615178757e-13
9.0449724136779999e-12
1.0589687333270214e-12
9.0571713256106114e-12
1.1736173622666473e-12
9.0704150102080933e-12
1.289154615504293e-12
9.0846683032874558e-12
1.4056693902090265e-12
9.0998921119892514e-12
1.5232516692992101e-12
9.1160431889799318e-12
1.6419925841396727e-12
9.1330738846352064e-12
1.7619844672290417e-12
9.150931876687553e-12
1.8833208932267699e-12
9.1695598765000948e-12
2.0060967065223654e-12
9.1888953111735249e-12
2.1304080335435964e-12
9.2088699808427912e-12
2.2563522767713187e-12
9.2294096904001927e-12
2.3840280888322923e-12
9.2504338549748165e-12
2.513535323042326e-12
9.2718550788974e-12
2.6449749573590852e-12
9.2935787075492143e-12
2.778448988102517e-12
9.3155023523153349e-12
2.914060289310517e-12
9.3375153884118416e-12
3.0519124331380297e-12
9.3594984264203072e-12
3.192109466571065e-12
9.3813227582056707e-12
3.3347556384730404e-12
9.4028497786993932e-12
3.4799550714372043e-12
9.4239303853340801e-12
3.6278113714224556e-12
9.4444043582734537e-12
3.7784271679601248e-12
9.4640997244003921e-12
3.9319035773423435e-12
9.4828321100103111e-12
4.0883395802602718e-12
9.5004040877010555e-12
4.2478313048790699e-12
9.5166045244654122e-12
4.4104712059749418e-12
9.5312079396056478e-12
4.5763471298789107e-12
9.5439738826080284e-12
4.7455412552094691e-12
9.5546463433919649e-12
4.918128898692107e-12
9.5629532090276206e-12
5.094177175109685e-12
9.5686057841801501e-12
5.2737435012752614e-12
9.571298394462015e-12
5.4568739338301658e-12
9.5707080952695098e-12
5.643601331712619e-12
9.566494511508373e-12
5.8339433352574879e-12
9.5582998369795161e-12
6.0279001561114336e-12
9.545749025456647e-12
6.2254521741381125e-12
9.528450208849492e-12
6.4265573412932856e-12
9.5059953811268386e-12
6.6311483961017873e-12
9.4779613895777522e-12
6.839129897672906e-12
9.4439112775988644e-12
7.0503750951984089e-12
9.4033960251200892e-12
7.2647226547165718e-12
9.3559567336885276e-12
7.4819732754817767e-12
9.3011273028725002e-12
7.7018862373268659e-12
9.2384376431342618e-12
7.9241759323970912e-12
9.1674174657189886e-12
8.1485084467918211e-12
9.0876006850763909e-12
8.3744982721685678e-12
8.9985304586039994e-12
8.6017052415936447e-12
8.8997648783609564e-12
8.8296317977619522e-12
8.7908833120004864e-12
9.0577207202863637e-12
8.671493366647241e-12
9.2853534471042981e-12
8.5412384375670113e-12
9.5118491354466239e-12
8.3998057636037501e-12
9.7364646295338324e-12
8.2469348861403339e-12
9.9583954911771929e-12
8.0824263739118668e-12
1.0176778255162152e-11
7.9061506405748692e-12
1.0390694061600693e-11
7.718056645839971e-12
1.0599173799119221e-11
7.5181802373054416e-12
1.0801204861319345e-11
7.3066518566620897e-12
1.0995739544572505e-11
7.0837032890679084e-12
1.118170476860613e-11
6.8496729576889527e-12
1.1358010348933516e-11
6.6050081096380759e-12
1.152353448479545e-11
6.3502546518615605e-12
1.1676928513173568e-11
6.085979380082759e-12
1.1815132818090029e-11
5.8123201039661183e-12
1.1923367458907324e-11
5.5267031774636024e-12
1.1913611485195885e-11
5.2140307754575005e-12
1.1287269618014229e-11
4.8137337051326566e-12
7.5552451461911832e-12
4.1490736479881222e-12
-9.5722791833824096e-12
2.9135860890148008e-12
-7.1482489938208443e-11
1.1145215862314067e-12
-2.2552390000941553e-10
-3.5887952171915122e-10
9.0968229106917885e-12
5.2285210238374222e-14
9.0987225439223895e-12
1.6149884092672443e-13
9.1019170625382611e-12
2.7084000676254072e-13
9.1064000120888933e-12
3.8039433238653751e-13
9.1121622755925343e-12
4.9024774531295258e-13
9.1191920140412976e-12
6.0048659774990107e-13
9.1274745892946652e-12
7.1119778700410045e-13
9.1369924692653814e-12
8.2246887422390151e-13
9.1477251149976802e-12
9.3438820039550885e-13
9.1596488488343957e-12
1.0470449994656823e-12
9.1727367033272279e-12
1.1605295077168118e-12
9.1869582500978962e-12
1.2749330686758119e-12
9.2022794079869671e-12
1.3903482322937236e-12
9.2186622294256173e-12
1.506868847833703e-12
9.236064664491075e-12
1.6245901490467294e-12
9.2544403014365975e-12
1.7436088302555583e-12
9.2737380828565624e-12
1.8640231117795888e-12
9.2939019962752765e-12
1.9859327930929916e-12
9.3148707385245431e-12
2.1094392912849118e-12
9.3365773524596735e-12
2.2346456628277625e-12
9.3589488351920966e-12
2.3616566060844218e-12
9.3819057169087631e-12
2.4905784413105747e-12
9.4053616093754904e-12
2.621519064847399e-12
9.4292227233721033e-12
2.7545878740617351e-12
9.4533873545609019e-12
2.8898956580787644e-12
9.4777453373310857e-12
3.0275544503262647e-12
9.5021774666957888e-12
3.1676773371660159e-12
9.5265548885651199e-12
3.3103782165944068e-12
9.5507384592168213e-12
3.455771500754837e-12
9.5745780753981819e-12
3.6039717552121e-12
9.5979119770327222e-12
3.7550932662975629e-12
9.6205660255963158e-12
3.9092495287521428e-12
9.6423529620634418e-12
4.0665526437673029e-12
9.6630716496357349e-12
4.227112617250409e-12
9.6825063077711454e-12
4.3910365477844269e-12
9.7004257455976847e-12
4.5584276919976587e-12
9.7165826047724053e-12
4.7293843959824123e-12
9.7307126242487844e-12
4.9039988791967706e-12
9.7425339409215465e-12
5.0823558584200829e-12
9.7517464442436779e-12
5.2645309979386334e-12
9.7580312045906226e-12
5.450589173471445e-12
9.7610499994536027e-12
5.6405825368412266e-12
9.7604449646237862e-12
5.8345483700825658e-12
9.7558384017495391e-12
6.0325067189848196e-12
9.7468327775464609e-12
6.2344577983451828e-12
9.7330109542987265e-12
6.4403791645502596e-12
9.7139366954163069e-12
6.6502226549673482e-12
9.6891554940968527e-12
6.8639110989817603e-12
9.6581957766211498e-12
7.0813348126701658e-12
9.620570535392948e-12
7.3023478959809603e-12
9.5757794485317083e-12
7.5267643623867666e-12
9.5233115446280357e-12
7.754354141307358e-12
9.4626484699267189e-12
7.9848390071534866e-12
9.3932684127052687e-12
8.2178885041103875e-12
9.3146507341218668e-12
8.4531159508686167e-12
9.226281345919063e-12
8.6900746298773766e-12
9.1276588629811368e-12
8.9282542808411954e-12
9.0183015422946027e-12
9.1670780411206013e-12
8.897754996227311e-12
9.4058999933809344e-12
8.765600640522529e-12
9.6440034913679786e-12
8.6214648149329533e-12
9.8806004553551107e-12
8.4650284641699192e-12
1.0114831842210911e-11
8.2960372341716791e-12
1.0345769485454997e-11
8.1143117925894676e-12
1.0572419503492149e-11
7.9197581366085302e-12
1.079372745535245e-11
7.7123776069032351e-12
1.1008585390563365e-11
7.4922762820709381e-12
1.1215840862766039e-11
7.2596733726635652e-12
1.1414307621837224e-11
7.0149080472776837e-12
1.1602775236677675e-11
6.7584429614027071e-12
1.1779996321400765e-11
6.4908551674498428e-12
1.1944493406680138e-11
6.212759070728227e-12
1.209307732356579e-11
5.9243568613857374e-12
1.2210840627193927e-11
5.6231558800254026e-12
1.2209639787469341e-11
5.2941553764437087e-12
1.1590761901727377e-11
4.8769000891022226e-12
7.8649674916524397e-12
4.1947974905536823e-12
-9.2579911804558572e-12
2.9416716938485394e-12
-7.1167739472520933e-11
1.1258326809273236e-12
-2.2522638076345254e-10
-3.5867969319871892e-10
9.2060636018270212e-12
5.1642190532873015e-14
9.2080908250674074e-12
1.5947161771724214e-13
9.2114985971080931e-12
2.6743223474151536e-13
9.2162807660259232e-12
3.7561216347171446e-13
9.2224286391274778e-12
4.840998722107858e-13
9.2299309219719581e-12
5.9298431490262659e-13
9.2387736393875635e-12
7.0235506956823645e-13
9.2489400382394118e-12
8.1230247535026918e-13
9.2604104713585498e-12
9.2291776725301937e-13
9.2731622619904116e-12
1.0342932088098783e-12
9.2871695480444647e-12
1.1465222216055076e-12
9.3024031056326741e-12
1.2596995110625421e-12
9.3188301504017205e-12
1.373921187499427e-12
9.3364141163954061e-12
1.4892848818144339e-12
9.3551144108633462e-12
1.605889854553012e-12
9.3748861441366874e-12
1.7238370969574879e-12
9.3956798332376293e-12
1.8432294226687216e-12
9.4174410779812253e-12
1.9641715483410353e-12
9.4401102084992767e-12
2.0867701607594396e-12
9.4636219023713304e-12
2.2111339689413297e-12
9.4879047704182812e-12
2.3373737380241149e-12
9.5128809096036383e-12
2.4656023021122094e-12
9.538465421842484e-12
2.5959345525653416e-12
9.5645658976102166e-12
2.7284873982524052e-12
9.5910818629530977e-12
2.8633796926955861e-12
9.6179041893946916e-12
3.0007321238770897e-12
9.6449144658060613e-12
3.1406670607342231e-12
9.671984332268717e-12
3.2833083501101523e-12
9.6989747757168309e-12
3.4287810572785057e-12
9.7257353884948873e-12
3.5772111424075726e-12
9.7521035906622841e-12
3.728725064104509e-12
9.777903818616778e-12
3.8834493007414596e-12
9.8029466832604454e-12
4.0415097790684197e-12
9.8270281018450943e-12
4.2030311986118229e-12
9.8499284096220404e-12
4.3681362399550032e-12
9.8714114587741514e-12
4.536944642826895e-12
9.891223713959448e-12
4.7095721407791973e-12
9.9090933567430451e-12
4.8861292363813124e-12
9.9247294130229711e-12
5.0667198021105246e-12
9.93782092110079e-12
5.2514394898340167e-12
9.9480361613412107e-12
5.4403739332061555e-12
9.9550219722682781e-12
5.633596725893588e-12
9.9584031819149636e-12
5.8311671604194352e-12
9.957782188099307e-12
6.0331277127886703e-12
9.952738726249455e-12
6.2395012601887137e-12
9.9428298684012017e-12
6.450288022397996e-12
9.9275903025980288e-12
6.6654622207760537e-12
9.9065329474409034e-12
6.8849684541508523e-12
9.8791499613281492e-12
7.1087177988184435e-12
9.8449142112161958e-12
7.3365836461368059e-12
9.8032812692397785e-12
7.568397304384907e-12
9.7536920089050797e-12
7.8039434017053313e-12
9.6955758726333803e-12
8.0429551434993882e-12
9.6283548824413889e-12
8.2851094943803778e-12
9.5514484600736038e-12
8.5300223733268667e-12
9.4642791160805434e-12
8.7772439739823826e-12
9.3662790539451521e-12
9.0262543430866889e-12
9.256897718785454e-12
9.2764593764686381e-12
9.1356102981025667e-12
9.5271874142596131e-12
9.0019271438888548e-12
9.7776866458015509e-12
8.8554040617853369e-12
1.0027123537741688e-11
8.6956533633458915e-12
1.0274582540956733e-11
8.5223555251979792e-12
1.0519067323900948e-11
8.3352712486276405e-12
1.0759503780391323e-11
8.1342536541106499e-12
1.0994745050140183e-11
7.919260287133816e-12
1.1223578757104401e-11
7.6903645535213048e-12
1.1444736589771524e-11
7.4477661322441793e-12
1.1656905986967985e-11
7.1917997144389254e-12
1.185874121686889e-11
6.9229402454273227e-12
1.2048852541255319e-11
6.6417952466608382e-12
1.2225615505474086e-11
6.3490287806760958e-12
1.2385692200831473e-11
6.0449123918118939e-12
1.2514027987123568e-11
5.7270424077046522e-12
1.2522337144307989e-11
5.380526173698408e-12
1.1911770105400678e-11
4.9450363867240715e-12
8.1929249045771859e-12
4.2441443032791453e-12
-8.9249123825501358e-12
2.9719940544568068e-12
-7.0833962427988615e-11
1.1380476231391686e-12
-2.2491075197734631e-10
-3.5846764881098353e-10
9.3139208741819059e-12
5.0955877847480625e-14
9.316079350538716e-12
1.5731314138710341e-13
9.3197065418704384e-12
2.6380504342827155e-13
9.3247966423060713e-12
3.7052206303938709e-13
9.331341444569765e-12
4.7755506994766606e-13
9.3393302778585461e-12
5.8499548161187713e-13
9.3487499273750586e-12
6.9293542003270697e-13
9.3595845352211628e-12
8.014678674837133e-13
9.3718154817846688e-12
9.106868206686515e-13
9.3854212470881087e-12
1.0206874434519845e-12
9.4003772514294125e-12
1.1315662172104257e-12
9.4166556740521261e-12
1.2434210884163313e-12
9.4342252491043504e-12
1.3563516124232854e-12
9.4530510377163507e-12
1.4704590931782801e-12
9.4730941748466089e-12
1.5858467173988563e-12
9.4943115896489998e-12
1.7026196821160527e-12
9.5166556978105401e-12
1.8208853145008538e-12
9.5400740645507299e-12
1.9407531815951437e-12
9.5645090364450954e-12
2.0623351888601397e-12
9.5898973404638385e-12
2.1857456649107318e-12
9.6161696485874134e-12
2.3111014298587149e-12
9.6432501061246995e-12
2.4385218445336135e-12
9.6710558220141932e-12
2.568128836635652e-12
9.6994963195185264e-12
2.7000469007092272e-12
9.7284729454514733e-12
2.8344030667248059e-12
9.7578782365335209e-12
2.9713268327877514e-12
9.7875952416813424e-12
3.110950055566538e-12
9.8174967991876496e-12
3.2534067925769334e-12
9.8474447678832105e-12
3.3988330885572319e-12
9.8772892125164428e-12
3.547366697750157e-12
9.9068675435640865e-12
3.6991467330020348e-12
9.9360036129261335e-12
3.8543132313255077e-12
9.9645067676197686e-12
4.0130066243217512e-12
9.9921708649200961e-12
4.1753671012914258e-12
1.001877325397609e-11
4.3415338508807411e-12
1.0044073730526593e-11
4.5116441662437584e-12
1.0067813473381412e-11
4.6858323978937415e-12
1.0089713973781731e-11
4.8642287359526289e-12
1.0109475971857016e-11
5.0469578040094774e-12
1.0126778417239967e-11
5.2341370443964205e-12
1.0141277475133433e-11
5.4258748752614014e-12
1.0152605603138887e-11
5.6222685978405853e-12
1.0160370729070395e-11
5.8234020344292022e-12
1.0164155565428723e-11
6.0293428763916969e-12
1.0163517101827827e-11
6.2401397237419818e-12
1.0157986323500412e-11
6.4558188007155754e-12
1.0147068209925688e-11
6.6763803343318583e-12
1.0130242075589277e-11
6.9017945884765134e-12
1.0106962320862294e-11
7.1319975535737742e-12
1.0076659668266127e-11
7.3668862987708437e-12
1.0038742965432561e-11
7.6063140072665636e-12
9.9926016409024045e-12
7.8500847263101219e-12
9.9376089020567017e-12
8.0979478823997706e-12
9.8731257662699531e-12
8.3495926302653443e-12
9.7985060127227387e-12
8.6046421270103235e-12
9.7131021377036067e-12
8.8626478491203556e-12
9.6162723833640811e-12
9.1230840975999176e-12
9.5073888930919301e-12
9.3853428669148412e-12
9.3858470224390799e-12
9.6487292851332883e-12
9.2510758029798287e-12
9.9124578655065151e-12
9.1025495039286825e-12
1.0175649837062293e-11
8.9398002096091791e-12
1.0437331835575944e-11
8.7624312507189898e-12
1.069643628309791e-11
8.5701312683735675e-12
1.0951803763080802e-11
8.3626886177375846e-12
1.1202187701093095e-11
8.1400057421004467e-12
1.1446261632317653e-11
7.9021130719359945e-12
1.1682629253339051e-11
7.6491819136487324e-12
1.1909837089116536e-11
7.3815355761980515e-12
1.2126387116758013e-11
7.0996567951113156e-12
1.2330728073233715e-11
6.8041819043092472e-12
1.2521067496832735e-11
6.49582618524228e-12
1.2693896333872295e-11
6.1749355983176332e-12
1.2833989558255012e-11
5.8392041754702033e-12
1.2852895996051847e-11
5.4738597416336644e-12
1.2251606714486595e-11
5.0187189915463592e-12
8.5405338970845664e-12
4.2975377572578404e-12
-8.5715430108273755e-12
3.0048161074506362e-12
-7.0479611673098914e-11
1.1512730887621104e-12
-2.2457552430512988e-10
-3.5824237796137972e-10
9.4203067233224422e-12
5.022515125050184e-14
9.4225999099961673e-12
1.5501995474703247e-13
9.4264523406306809e-12
2.599526128139453e-13
9.4318585996718276e-12
3.6511580400154398e-13
9.438811027481989e-12
4.7060264213874198e-13
9.4472996574655318e-12
5.765068516276241e-13
9.4573121345986109e-12
6.8292294288123061e-13
9.468833614973429e-12
7.8994638708912945e-13
9.4818466453869273e-12
8.9767379023344137e-13
9.4963310224737423e-12
1.0062030663436971e-12
9.5122636303802688e-12
1.1156336092815192e-12
9.5296182559321235e-12
1.2260664628420548e-12
9.5483653801294934e-12
1.3376044882036454e-12
9.5684719447491308e-12
1.4503525285367921e-12
9.5899010925690298e-12
1.5644175695565186e-12
9.6126118796012431e-12
1.6799088950778846e-12
9.6365589578500515e-12
1.7969382362474095e-12
9.6616922265727554e-12
1.9156199128685702e-12
9.6879564502697584e-12
2.0360709651522989e-12
9.7152908412952088e-12
2.1584112738746844e-12
9.7436286049846786e-12
2.2827636661293603e-12
9.7728964452035614e-12
2.4092540042762975e-12
9.8030140278112914e-12
2.5380112539907615e-12
9.8338934000603278e-12
2.669167528424265e-12
9.8654383634799718e-12
2.8028581032868673e-12
9.8975437980429699e-12
2.9392213981978175e-12
9.9300949358664768e-12
3.0783989177175953e-12
9.9629665821597179e-12
3.2205351462594052e-12
9.9960222821583949e-12
3.3657773885355315e-12
1.0029113432768938e-11
3.5142755470863832e-12
1.0062078338556261e-11
3.6661818271625004e-12
1.0094741212082971e-11
3.8216503577475939e-12
1.0126911119712241e-11
3.9808367166746359e-12
1.0158380874940632e-11
4.1438973460310871e-12
1.0188925883418835e-11
4.3109888423715996e-12
1.0218302944471516e-11
4.4822671051620937e-12
1.0246249017141922e-11
4.6578863251964501e-12
1.0272479960461856e-11
4.8379977925767347e-12
1.029668926144204e-11
5.0227485029593341e-12
1.0318546767021297e-11
5.2122795387829242e-12
1.0337697440836565e-11
5.4067242014153907e-12
1.0353760170517366e-11
5.6062058681334811e-12
1.0366326656161712e-11
5.8108355487477089e-12
1.037496041738005e-11
6.020709115141825e-12
1.0379195962508343e-11
6.2359041785886125e-12
1.0378538171815595e-11
6.4564765913888144e-12
1.037246195418644e-11
6.6824565519494145e-12
1.0360412245517606e-11
6.9138442971421851e-12
1.0341804426438044e-11
7.1506053726754404e-12
1.0316025245202096e-11
7.392665480038158e-12
1.0282434341274728e-11
7.6399049112210869e-12
1.0240366472010615e-11
7.8921525956445741e-12
1.0189134551468273e-11
8.149179803025e-12
1.0128033614927573e-11
8.4106935669186106e-12
1.005634582226641e-11
8.6763299197671565e-12
9.9733466106780472e-12
8.9456470608591203e-12
9.8783120971052836e-12
9.2181186113234575e-12
9.7705278146190585e-12
9.4931271495760489e-12
9.6492988416109873e-12
9.7699582583485844e-12
9.5139613497034545e-12
1.004779535764481e-11
9.3638955464882584e-12
1.0325715640546867e-11
9.1985399279580585e-12
1.0602687454406392e-11
9.0174067067681087e-12
1.0877569504624075e-11
8.8200981752231991e-12
1.114911229499804e-11
8.6063236861996956e-12
1.1415962190427187e-11
8.3759168359795919e-12
1.1676668482120736e-11
8.1288523322640604e-12
1.1929693750461191e-11
7.8652619165488947e-12
1.2173427448694497e-11
7.5854484676447085e-12
1.2406200128082337e-11
7.2898962026804058e-12
1.2626277089204046e-11
6.9792672649041791e-12
1.2831673535719035e-11
6.6543289578908618e-12
1.3018683057814047e-11
6.3155066593380368e-12
1.3171882855223682e-11
5.9606015434498713e-12
1.3202628601810529e-11
5.5749758265864086e-12
1.2611724830167365e-11
5.0986085333213249e-12
8.9093701036908166e-12
4.3554639470331345e-12
-8.1962087376422839e-12
3.0404399072783447e-12
-7.0102956014139473e-11
1.1656317007706895e-12
-2.242190289478412e-10
-3.5800274742365572e-10
9.5251308029962924e-12
4.9448964329856088e-14
9.5275619247063531e-12
1.5258883307781373e-13
9.5316450244553569e-12
2.5586951308657074e-13
9.5373751217730387e-12
3.5938570668756945e-13
9.5447451676200821e-12
4.6323259629342733e-13
9.5537459812013248e-12
5.6750603804668299e-13
9.5643661680417985e-12
6.7230275602397204e-13
9.5765920187876673e-12
7.7772053632488164e-13
9.5904073878223345e-12
8.8385842117986822e-13
9.6057935510379271e-12
9.9081690307562598e-13
9.6227290416340374e-12
1.0986981186325348e-12
9.6411894629286699e-12
1.2076060415259556e-12
9.6611472766224432e-12
1.3176466744890387e-12
9.682571565424544e-12
1.4289282397149326e-12
9.7054277681455688e-12
1.5415613668001609e-12
9.7296773855659434e-12
1.6556592776229803e-12
9.7552776553029708e-12
1.7713379665080728e-12
9.7821811933096838e-12
1.8887163748604391e-12
9.8103356000548163e-12
2.0079165583991873e-12
9.8396830288345545e-12
2.1290638450876975e-12
9.870159713567682e-12
2.2522869813586123e-12
9.9016954538365016e-12
2.3777182639712073e-12
9.9342130537801189e-12
2.5054936540120959e-12
9.9676277124241182e-12
2.6357528697763657e-12
1.0001846362340291e-11
2.7686394533465388e-12
1.0036766953866434e-11
2.904300806647272e-12
1.0072277681739693e-11
3.0428881898214795e-12
1.0108256151517202e-11
3.1845566764603615e-12
1.0144568483201135e-11
3.3294650567996855e-12
1.0181068349940758e-11
3.4777756802961055e-12
1.0217595949739578e-11
3.6296542273455542e-12
1.0253976909284847e-11
3.7852693981867039e-12
1.0290021119549039e-11
3.9447925063791592e-12
1.0325521503777552e-11
4.1083969617734374e-12
1.036025272002408e-11
4.2762576260981106e-12
1.0393969802010574e-11
4.448550023119041e-12
1.0426406744443846e-11
4.625449382724784e-12
1.0457275041067434e-11
4.8071294959174812e-12
1.0486262187212379e-11
4.9937613567814321e-12
1.0513030162130688e-11
5.1855115638192427e-12
1.0537213910960228e-11
5.3825404525444484e-12
1.0558419851095062e-11
5.5849999279611217e-12
1.05762244341236e-11
5.7930309656886049e-12
1.0590172801198751e-11
6.0067607480419348e-12
1.0599777577433539e-11
6.2262994023039746e-12
1.0604517860079087e-11
6.4517363087009368e-12
1.0603838464581409e-11
6.6831359474126023e-12
1.0597149503631211e-11
6.9205332580671505e-12
1.0583826385302772e-11
7.1639284909883677e-12
1.0563210328056476e-11
7.4132815373114979e-12
1.0534609502445273e-11
7.668505736870501e-12
1.0497300920420393e-11
7.9294611777201563e-12
1.0450533203066374e-11
8.1959475204588114e-12
1.0393530366045228e-11
8.4676964040181582e-12
1.0325496766254648e-11
8.7443635196834967e-12
1.0245623353562297e-11
9.0255204736776354e-12
1.0153095365674089e-11
9.3106465993848537e-12
1.0047101589144194e-11
9.5991209262883145e-12
9.9268452867944375e-12
9.8902145609198572e-12
9.7915568543410775e-12
1.0183083790349876e-11
9.6405082239734449e-12
1.0476764271204241e-11
9.4730289527823152e-12
1.077016672590783e-11
9.288523872504898e-12
1.1062074585262466e-11
9.0864920754816998e-12
1.1351144092367853e-11
8.8665468889893935e-12
1.1635907377217267e-11
8.6284363781548199e-12
1.1914778992537761e-11
8.3720637845607271e-12
1.2186066337489986e-11
8.0975071597899429e-12
1.2447984017335189e-11
7.8050371771200611e-12
1.2698669673225668e-11
7.4951308623791798e-12
1.2936180155064437e-11
7.1684713311092264e-12
1.3158310168676998e-11
6.8258775736607718e-12
1.3361125235367062e-11
6.4678590986937959e-12
1.3528972344082827e-11
6.0923343620357754e-12
1.3572980894777227e-11
5.6848156566304531e-12
1.2993736178103329e-11
5.1854652708529209e-12
9.3011901349105131e-12
4.4184825447116799e-12
-7.7970346328562898e-12
3.0792137386908811e-12
-6.9702052844522995e-11
1.1812649944313581e-12
-2.2383939033215902e-10
-3.5774748242633278e-10
9.6283005830717904e-12
4.8626354295428879e-14
9.6308726051569877e-12
1.5001681103802671e-13
9.6351913688037409e-12
2.5155074946322936e-13
9.6412523735588011e-12
3.5332470193737724e-13
9.6490492442720206e-12
4.5543572558256727e-13
9.6585736680505764e-12
5.579816142689076e-13
9.6698153124439603e-12
6.6106111161407719e-13
9.6827617242535079e-12
7.6477412449735635e-13
9.6973982080309415e-12
8.6922193738333766e-13
9.7137076834135481e-12
9.7450742764252559e-13
9.731670520413919e-12
1.080735281612582e-12
9.7512643508383216e-12
1.1880122110820747e-12
9.77246385509355e-12
1.2964471702148268e-12
9.795240522258999e-12
1.4061515725304068e-12
9.8195623818619398e-12
1.5172395071637826e-12
9.845393705377269e-12
1.6298279541063832e-12
9.8726946750749579e-12
1.7440369968100034e-12
9.9014210182601677e-12
1.8599900316676489e-12
9.9315236039044094e-12
1.9778139727489563e-12
9.9629479991173653e-12
2.0976394498392006e-12
9.9956339824890155e-12
2.2196009979519433e-12
1.0029515011154669e-11
2.3438372352718471e-12
1.0064517638130555e-11
2.4704910270355252e-12
1.0100560876419015e-11
2.5997096314875422e-12
1.0137555506460067e-11
2.7316448232824817e-12
1.0175403323134666e-11
2.8664529899507603e-12
1.0213996318141368e-11
3.0042951947943905e-12
1.0253215794382683e-11
3.1453372001685397e-12
1.0292931408625432e-11
3.2897494425076305e-12
1.0333000138775073e-11
3.4377069501300464e-12
1.037326517246328e-11
3.5893891936422529e-12
1.0413554714790167e-11
3.7449798558304427e-12
1.0453680712683208e-11
3.904666508458554e-12
1.0493437495313433e-11
4.0686401791179438e-12
1.0532600330255843e-11
4.2370947911010936e-12
1.0570923897681586e-11
4.4102264556566147e-12
1.0608140686164185e-11
4.5882325942079525e-12
1.0643959316718869e-11
4.7713108653157376e-12
1.0678062804405509e-11
4.9596578690507428e-12
1.0710106770998967e-11
5.1534675971854732e-12
1.0739717626789449e-11
5.3529295966865536e-12
1.0766490745089528e-11
5.5582268096617519e-12
1.0789988659187743e-11
5.7695330515975064e-12
1.080973932014839e-11
5.987010087094024e-12
1.0825234461477638e-11
6.2108042609953251e-12
1.0835928127683412e-11
6.4410426425078909e-12
1.0841235434694679e-11
6.6778286404230685e-12
1.0840531643167578e-11
6.9212370496248861e-12
1.0833151639180004e-11
7.1713084950180354e-12
1.0818389931842679e-11
7.4280432447021475e-12
1.0795501292648852e-11
7.6913943761455798e-12
1.0763702176981565e-11
7.9612602934820734e-12
1.0722173082859963e-11
8.2374766146268985e-12
1.0670062015097465e-11
8.5198074718729644e-12
1.0606489233157147e-11
8.8079363017480596e-12
1.0530553466984698e-11
9.1014562400064725e-12
1.044133978346294e-11
9.3998602830943586e-12
1.0337929276595159e-11
9.702531433359078e-12
1.0219410733472017e-11
1.0008733104252595e-11
1.0084894392346719e-11
1.0317600131722463e-11
9.9335278573302605e-12
1.0628130806510779e-11
9.7645141668707431e-12
1.093918041669181e-11
9.577131896658059e-12
1.1249456855799733e-11
9.3707571091569604e-12
1.1557518880214957e-11
9.1448867863877094e-12
1.1861777700256675e-11
8.8991632420109197e-12
1.2160502536482626e-11
8.6333988414821279e-12
1.2451830731442426e-11
8.3476001675710737e-12
1.2733782635103272e-11
8.0419904451399383e-12
1.3004278958105877e-11
7.7170277532168426e-12
1.3261139598199157e-11
7.3734088586674549e-12
1.3501906165597951e-11
7.0120024346758848e-12
1.372238008292927e-11
6.6334061899267083e-12
1.3906639619651408e-11
6.2356666013695028e-12
1.3965548112197402e-11
5.804463991488118e-12
1.3399431696985229e-11
5.2801690408172733e-12
9.7179555320386121e-12
4.4872392156478642e-12
-7.3719115770793143e-12
3.1215409216137437e-12
-6.9274717182713017e-11
1.1983371469936875e-12
-2.2343449371342493e-10
-3.5747514400897365e-10
9.7297215252130684e-12
4.7756451024873862e-14
9.7324371266919628e-12
1.4730120960644389e-13
9.7369960689538432e-12
2.4699180722652006e-13
9.7433943763708473e-12
3.4692639452742154e-13
9.7516264108432655e-12
4.4720369111386108e-13
9.7616848093919997e-12
5.4792321572214363e-13
9.7735604030792421e-12
6.4918551791138156e-13
9.7872421166177291e-12
7.5109241094163965e-13
9.8027168476852278e-12
8.537472062983758e-13
9.8199693249590649e-12
9.5725495031809398e-13
9.8389819440353352e-12
1.0617226625184322e-12
9.8597345791108371e-12
1.1672595759887987e-12
9.8822043697100662e-12
1.2739773795986061e-12
9.9063654801341236e-12
1.3819904620897636e-12
9.9321888298854297e-12
1.4914161573807895e-12
9.9596417928267628e-12
1.6023749911656162e-12
9.9886878626787153e-12
1.7149909269599607e-12
1.0019286282250148e-11
1.8293916120989021e-12
1.0051391633455001e-11
1.9457086215403516e-12
1.0084953384871675e-11
2.0640776983882565e-12
1.0119915393808326e-11
2.184638988982435e-12
1.015621535869259e-11
2.3075372703554836e-12
1.0193784218330333e-11
2.4329221673997516e-12
1.0232545493469098e-11
2.5609483563269314e-12
1.0272414566810483e-11
2.6917757499207628e-12
1.0313297896372692e-11
2.8255696603694443e-12
1.0355092157544323e-11
2.9625009335734828e-12
1.0397683309146625e-11
3.1027460485184755e-12
1.0440945578439043e-11
3.2464871731686131e-12
1.0484740360031126e-11
3.3939121685092471e-12
1.0528915024266715e-11
3.5452145293787567e-12
1.0573301630487733e-11
3.700593249583769e-12
1.0617715541322374e-11
3.860252597600453e-12
1.0661953934828957e-11
4.0244017855585323e-12
1.0705794212748816e-11
4.1932545131467065e-12
1.0748992303719492e-11
4.3670283646377902e-12
1.0791280863235887e-11
4.5459440346459957e-12
1.083236737364217e-11
4.7302243548670004e-12
1.0871932151215176e-11
4.9200930914071085e-12
1.090962627105337e-11
5.115773477343698e-12
1.0945069424661541e-11
5.3174864430809175e-12
1.0977847732022944e-11
5.5254485022918763e-12
1.1007511535864321e-11
5.7398692477544937e-12
1.1033573214495184e-11
5.9609484084683191e-12
1.1055505059801324e-11
6.1888724156940269e-12
1.1072737277557102e-11
6.4238104247654657e-12
1.1084656181172343e-11
6.6659097368308142e-12
1.1090602664162459e-11
6.9152905666679382e-12
1.1089871053821123e-11
7.1720401054035544e-12
1.1081708466551376e-11
7.4362058320291873e-12
1.1065314804747167e-11
7.7077880380180767e-12
1.1039843556095807e-11
7.9867315422167538e-12
1.1004403575812649e-11
8.2729165950078708e-12
1.0958062052669962e-11
8.5661489951366102e-12
1.0899848876393846e-11
8.8661494781764093e-12
1.0828762637142761e-11
9.172542479394018e-12
1.0743778494290869e-11
9.4848444261136241e-12
1.0643858148157538e-11
9.8024517796896443e-12
1.0527962133392488e-11
1.0124629119243097e-11
1.0395064620014163e-11
1.0450497645329701e-11
1.0244170855789625e-11
1.0779024570965107e-11
1.0074337310270677e-11
1.1109013962503175e-11
9.884694470084218e-12
1.1439099696306875e-11
9.6744720942507463e-12
1.1767741256378735e-11
9.4430266159347436e-12
1.2093223178816206e-11
9.1898701334901684e-12
1.2413659018464161e-11
8.9147002470130998e-12
1.272700061129425e-11
8.6174297443997573e-12
1.30310530815853e-11
8.298214756100583e-12
1.332349350888009e-11
7.9574786479387913e-12
1.3601872457692093e-11
7.5959211707646592e-12
1.3863440745808482e-11
7.2144562704568202e-12
1.4103693410603045e-11
6.8137727108366172e-12
1.430639422855092e-11
6.3920558708615881e-12
1.4382092660489732e-11
5.9351739565595119e-12
1.3830806812409429e-11
5.3837431548331994e-12
1.0161857659251493e-11
4.5624813311070213e-12
-6.918454489355722e-12
3.1678926644012892e-12
-6.8818487849785107e-11
1.2170398715563968e-12
-2.2300194481790574e-10
-3.5718410148455822e-10
9.8292972765509384e-12
4.6838486075402134e-14
9.8321588232645134e-12
1.4443966293960173e-13
9.8369619338814738e-12
2.4218869663629832e-13
9.8437032019286043e-12
3.4018512648888688e-13
9.8523777889074107e-12
4.3852910414009918e-13
9.8629793630382321e-12
5.3732164159405967e-13
9.8755000196039924e-12
6.366648613310474e-13
9.8899301822071537e-12
7.3666224832384915e-13
9.9062584838731218e-12
8.3741890458473978e-13
9.9244716271115806e-12
9.3904180703220755e-13
9.9445542216221123e-12
1.0416400679922919e-12
9.9664885979720176e-12
1.1453251996228024e-12
9.9902545959428608e-12
1.2502113816121811e-12
1.0015829325323295e-11
1.3564157326945138e-12
1.0043186897186388e-11
1.4640585855198838e-12
1.0072298123100777e-11
1.5732637652542265e-12
1.0103130179941727e-11
1.6841588701151815e-12
1.0135646237032174e-11
1.7968755550064949e-12
1.0169805042597025e-11
1.911549815942059e-12
1.0205560466001092e-11
2.0283222749521306e-12
1.0242860991927239e-11
2.1473384630258134e-12
1.0281649162250981e-11
2.2687491000021741e-12
1.0321860961179966e-11
2.3927103684581929e-12
1.0363425138867493e-11
2.5193841786278604e-12
1.0406262468354014e-11
2.6489384204161032e-12
1.0450284930197794e-11
2.7815471985088474e-12
1.0495394818989699e-11
2.9173910447344943e-12
1.0541483766053085e-11
3.0566571014099253e-12
1.0588431671581268e-11
3.1995392676274784e-12
1.0636105539903961e-11
3.346238300160441e-12
1.068435821202254e-11
3.4969618572357858e-12
1.0733026988168856e-11
3.6519244734154081e-12
1.0781932134998614e-11
3.8113474507196036e-12
1.083087527168663e-11
3.9754586488376684e-12
1.0879637630220796e-11
4.1444921545666443e-12
1.0927978186696043e-11
4.3186878081191061e-12
1.0975631661194947e-11
4.4982905601063765e-12
1.1022306386845606e-11
4.683549629210636e-12
1.106768205153991e-11
4.8747174267109304e-12
1.1111407319059601e-11
5.072048209826613e-12
1.1153097341291786e-11
5.2757964208407947e-12
1.1192331179124233e-11
5.4862146644497259e-12
1.1228649157032239e-11
5.7035512698439072e-12
1.1261550184512865e-11
5.9280473809924983e-12
1.1290489089053443e-11
6.1599335111348713e-12
1.1314874017059612e-11
6.3994254967495531e-12
1.133406397465431e-11
6.6467197792364985e-12
1.134736659662958e-11
6.9019879447038402e-12
1.1354036252212128e-11
7.16537044984436e-12
1.1353272617725579e-11
7.4369694665673219e-12
1.1344219870690527e-11
7.7168407851034874e-12
1.1325966686085085e-11
8.0049847268856026e-12
1.129754724238241e-11
8.3013360387886464e-12
1.1257943473116936e-11
8.6057527644952519e-12
1.1206088825236125e-11
8.9180041261966998e-12
1.1140873808148516e-11
9.2377574966432782e-12
1.106115363473402e-11
9.5645645997193842e-12
1.096575826151645e-11
9.8978471530795181e-12
1.0853505129673885e-11
1.0236882251299378e-11
1.0723214882538336e-11
1.0580787892702976e-11
1.0573730287383244e-11
1.0928509166387167e-11
1.0403938509871809e-11
1.1278805740277629e-11
1.0212796784877891e-11
1.1630241421603776e-11
9.9993613446072855e-12
1.1981176696959027e-11
9.7628193150391187e-12
1.2329765208626251e-11
9.5025230408744679e-12
1.2673955292178352e-11
9.2180260076705163e-12
1.301149763785105e-11
8.9091192325405747e-12
1.3339959800528989e-11
8.575866521861522e-12
1.3656745781994449e-11
8.2186355564702415e-12
1.395910017455693e-11
7.838113924490295e-12
1.4243939481608206e-11
7.4352530211686266e-12
1.4506402745443154e-11
7.0108334028765318e-12
1.4729884916394218e-11
6.5631893117074075e-12
1.4824564547252849e-11
6.0783942440912893e-12
1.4290095402306949e-11
5.4973153099168793e-12
1.0635408886179341e-11
4.6451459179262163e-12
-6.4340875934519429e-12
3.2188270182652249e-12
-6.8330524650072019e-11
1.2375986446057827e-12
-2.2253901675752556e-10
-3.5687249867354956e-10
9.9269298812317323e-12
4.5871801583024838e-14
9.9299393992870677e-12
1.4143014493025253e-13
9.9349900985682763e-12
2.371379973818122e-13
9.9420791852470528e-12
3.3309603981994531e-13
9.9512026818316061e-12
4.2940560756203055e-13
9.9623553676217498e-12
5.261689558078377e-13
9.9755307011974126e-12
6.2348952774241092e-13
9.9907207242261718e-12
7.2147222528053896e-13
1.0007915945443658e-11
8.2022368332202909e-13
1.0027105204000833e-11
9.198525484285166e-13
1.0048275510441743e-11
1.0204697615376417e-12
1.0071411864044118e-11
1.1221888460065362e-12
1.0096497044701606e-11
1.2251262009412628e-12
1.0123511377196617e-11
1.3294014001867382e-12
1.0152432465671864e-11
1.4351374970500274e-12
1.0183234895672338e-11
1.5424613352595208e-12
1.0215889901016515e-11
1.6515038647696919e-12
1.0250364992184184e-11
1.7624004638385524e-12
1.0286623542712576e-11
1.8752912653827209e-12
1.0324624329910772e-11
1.9903214877240589e-12
1.0364321025335865e-11
2.1076417675721708e-12
1.0405661630664434e-11
2.2274084946779002e-12
1.0448587853506193e-11
2.3497841456062356e-12
1.0493034418297819e-11
2.4749376138191356e-12
1.0538928305567074e-11
2.6030445331307573e-12
1.0586187913664299e-11
2.73428759036516e-12
1.0634722135888969e-11
2.8688568224648907e-12
1.0684429345812836e-11
3.0069498914435219e-12
1.0735196283067577e-11
3.1487723303478667e-12
1.0786896831556712e-11
3.2945377516484366e-12
1.0839390682013648e-11
3.444468006758164e-12
1.0892521870043595e-11
3.5987932853355403e-12
1.0946117181651238e-11
3.7577521390806196e-12
1.0999984417789241e-11
3.9215914126541877e-12
1.1053910510371121e-11
4.0905660619429639e-12
1.1107659482707181e-11
4.264938835744095e-12
1.1160970249123983e-11
4.4449797936854738e-12
1.1213554249613286e-11
4.6309656287209455e-12
1.1265092918809132e-11
4.823178757504175e-12
1.1315234991349447e-11
5.0219061372714895e-12
1.1363593650539771e-11
5.2274377616418596e-12
1.1409743533084748e-11
5.4400647819025408e-12
1.1453217609537056e-11
5.6600771933649313e-12
1.149350396969057e-11
5.8877610208201644e-12
1.1530042552980487e-11
6.1233949278509198e-12
1.156222187775072e-11
6.3672461719946313e-12
1.1589375839596411e-11
6.6195658174164779e-12
1.1610780667764313e-11
6.8805831165423993e-12
1.162565215215231e-11
7.1504989654653319e-12
1.1633143278163538e-11
7.4294783405791445e-12
1.1632342437105729e-11
7.7176416261978851e-12
1.1622272411340996e-11
8.0150547527005171e-12
1.1601890369480866e-11
8.3217180807129866e-12
1.1570089143052327e-11
8.6375539910413371e-12
1.1525700093434939e-11
8.962393175946503e-12
1.1467497913155048e-11
9.2959596770521536e-12
1.1394207735413728e-11
9.6378547776319273e-12
1.1304514947518466e-11
9.9875399411645665e-12
1.1197078110582546e-11
1.0344319088414969e-11
1.1070545375641412e-11
1.0707320627829064e-11
1.0923574746216772e-11
1.1075479796046835e-11
1.0754858462225571e-11
1.1447522024534627e-11
1.0563151663319641e-11
1.1821948220789827e-11
1.0347305327687199e-11
1.2197023032866139e-11
1.0106303211100529e-11
1.2570767325426057e-11
9.8393023239175974e-12
1.294095617884758e-11
9.5456760521813838e-12
1.3305123902915805e-11
9.2250586589914427e-12
1.3660577137539615e-11
8.8773893267468492e-12
1.4004414676697785e-11
8.5029523415365315e-12
1.4333533911311995e-11
8.1024020580774513e-12
1.4644466869712069e-11
7.6767149737861278e-12
1.4931938265833894e-11
7.2267618335401887e-12
1.5178909148530047e-11
6.7510368074224112e-12
1.529511746511243e-11
6.235845752820935e-12
1.4779780333442853e-11
5.6223696938432788e-12
1.1141358306000482e-11
4.7361678466778722e-12
-5.9156857678612671e-12
3.2749693246882407e-12
-6.780767781334389e-11
1.2602715802559928e-12
-2.2204261537171802e-10
-3.5653822126396927e-10
1.0022520009689515e-11
4.4855858949997709e-14
1.0025679159421647e-11
1.3827099524638568e-13
1.0030980254634325e-11
2.3183690219637004e-13
1.0038421156398759e-11
3.256551380655162e-13
1.004799880793416e-11
4.1982795603416833e-13
1.0059709177366544e-11
5.1445858638161244e-13
1.0073547183109232e-11
6.0965152198823529e-13
1.0089506601199228e-11
7.0551280717906296e-13
1.010757995327074e-11
8.0215033120702978e-13
1.0127758374531377e-11
8.9967412715475824e-13
1.0150031459589439e-11
9.9819667646721204e-13
1.0174387085247471e-11
1.0978332203361928e-12
1.02008112079354e-11
1.1987020782418524e-12
1.0229287633781716e-11
1.3009249743301785e-12
1.0259797758811126e-11
1.4046273720273584e-12
1.0292320276722474e-11
1.509938817356438e-12
1.032683085100093e-11
1.6169932904923308e-12
1.0363301748054565e-11
1.7259295667869413e-12
1.0401701427461173e-11
1.8368915859484802e-12
1.0441994085374478e-11
1.950028829783451e-12
1.048413914603345e-11
2.0654967068870668e-12
1.0528090696628579e-11
2.1834569440894027e-12
1.0573796859437967e-11
2.3040779827888442e-12
1.0621199095740431e-11
2.4275353775017077e-12
1.0670231434052366e-11
2.5540121948045945e-12
1.0720819615641314e-11
2.6836994087327008e-12
1.0772880149603343e-11
2.8167962884918632e-12
1.0826319268503516e-11
2.9535107725351214e-12
1.088103177571214e-11
3.0940598231176065e-12
1.093689977493578e-11
3.2386697524051167e-12
1.0993791271050323e-11
3.3875765105948152e-12
1.1051558632141203e-11
3.5410259242145589e-12
1.1110036901311824e-11
3.6992738698666569e-12
1.1169041947439163e-11
3.862586366486613e-12
1.122836844351934e-11
4.0312395658254404e-12
1.1287787661838809e-11
4.2055196174220621e-12
1.1347045076382234e-11
4.3857223791430074e-12
1.140585776429685e-11
4.5721529407956808e-12
1.1463911599264274e-11
4.7651249225233068e-12
1.1520858233934925e-11
4.9649595025927992e-12
1.1576311871985489e-11
5.1719841235579559e-12
1.162984583616395e-11
5.3865308176976045e-12
1.1680988944926813e-11
5.608934084598964e-12
1.172922172080339e-11
5.8395282449487376e-12
1.1773972463575621e-11
6.0786441850536324e-12
1.1814613237037162e-11
6.3266053985179969e-12
1.1850455834243332e-11
6.5837232202219992e-12
1.1880747808602173e-11
6.8502911422074612e-12
1.1904668682998358e-11
7.1265780911054345e-12
1.1921326478826644e-11
7.4128205447678934e-12
1.1929754742074298e-11
7.7092133629803055e-12
1.1928910282281015e-11
8.0158992125377831e-12
1.1917671884901018e-11
8.3329564781493384e-12
1.1894840305145565e-11
8.6603855708976861e-12
1.1859139901087302e-11
8.9980935801177843e-12
1.1809222316046494e-11
9.3458772622170313e-12
1.1743672665720287e-11
9.7034044280754989e-12
1.1661018728494269e-11
1.0070193878553481e-11
1.1559743662512309e-11
1.0445594154579083e-11
1.1438302781273058e-11
1.0828761509275989e-11
1.1295144895323311e-11
1.1218637682170766e-11
1.1128738663993817e-11
1.1613928256082039e-11
1.0937604284738127e-11
1.2013082600273309e-11
1.0720350675786137e-11
1.2414276642063274e-11
1.0475718030313698e-11
1.2815399971063695e-11
1.0202625289241961e-11
1.3214048919365098e-11
9.9002217188482632e-12
1.3607527466597862e-11
9.5679411719619308e-12
1.399285762822337e-11
9.2055569566635995e-12
1.4366798454464776e-11
8.8132335035584942e-12
1.4725854116141407e-11
8.3915628883573427e-12
1.5066114590474542e-11
7.9415277903967e-12
1.5381821804972613e-11
7.4640829256687092e-12
1.5655425129760666e-11
6.9578910696514948e-12
1.5796137319161037e-11
6.409515099643603e-12
1.5302650572045302e-11
5.760484190247802e-12
1.1682863759580432e-11
4.8368154715973124e-12
-5.3598143271689807e-12
3.3370909341993519e-12
-6.7246300508896386e-11
1.2853716574432538e-12
-2.215091880733941e-10
-3.5617884194276427e-10
1.0115967205323684e-11
4.3790247265497122e-14
1.0119277255997516e-11
1.3496094462697109e-13
1.0124830898987802e-11
2.2628325923576475e-13
1.0132626690857684e-11
3.1785934620512956e-13
1.0142662552957481e-11
4.0979209394250201e-13
1.0154935717058882e-11
5.0218542227149698e-13
1.0169442654511287e-11
5.9514458452689937e-13
1.0186178987956381e-11
6.8877647372351714e-13
1.02051393846222e-11
7.8318993449943735e-13
1.0226317430196997e-11
8.7849608153890798e-13
1.0249705481312757e-11
9.7480862534145008e-13
1.0275294495508196e-11
1.0722442061311571e-12
1.0303073836461116e-11
1.1709227372811039e-12
1.0333031052227407e-11
1.2709677585403843e-12
1.0365151623995613e-11
1.3725068002682841e-12
1.0399418682546775e-11
1.4756717588155169e-12
1.0435812689109752e-11
1.580599283932398e-12
1.0474311077050171e-11
1.6874311788508374e-12
1.0514887850152239e-11
1.7963148128190312e-12
1.0557513133436359e-11
1.9074035464741202e-12
1.0602152670811513e-11
2.0208571694877733e-12
1.0648767264589523e-11
2.1368423503041506e-12
1.0697312150155416e-11
2.2555330972088236e-12
1.0747736299653131e-11
2.3771112279908404e-12
1.0799981646464832e-11
2.501766847981109e-12
1.0853982222539849e-11
2.6296988326160612e-12
1.0909663199865529e-11
2.7611153111268087e-12
1.0966939825625157e-11
2.8962341467544063e-12
1.1025716240911717e-11
3.0352834078126307e-12
1.1085884171508856e-11
3.1785018217918411e-12
1.1147321477932976e-11
3.32613920412554e-12
1.1209890552304198e-11
3.4784568498163824e-12
1.1273436547644196e-11
3.6357278744878854e-12
1.1337785425748823e-11
3.7982374883460676e-12
1.1402741808316308e-11
3.966283183256892e-12
1.1468086616660767e-11
4.1401748090801155e-12
1.1533574485505081e-11
4.3202345102895806e-12
1.1598930936439169e-11
4.5067964898490065e-12
1.1663849299344266e-11
4.7002065596111451e-12
1.1727987370681956e-11
4.9008214312221565e-12
1.1790963802416188e-11
5.1090076917972511e-12
1.1852354219118269e-11
5.3251404009919248e-12
1.1911687068079778e-11
5.5496012356025729e-12
1.196843921590274e-11
5.7827760971313173e-12
1.2022031315306574e-11
6.0250520856492428e-12
1.2071822982497484e-11
6.2768137313372535e-12
1.2117107841259094e-11
6.5384383614499996e-12
1.2157108515217635e-11
6.8102904682821576e-12
1.2190971675259833e-11
7.0927149310769745e-12
1.2217763284688445e-11
7.3860289353649535e-12
1.2236464223249253e-11
7.6905124244575027e-12
1.2245966518523677e-11
8.0063969172804889e-12
1.2245070466861241e-11
8.3338525298426194e-12
1.223248298579863e-11
8.6729730520328381e-12
1.2206817605768235e-11
9.0237589602300707e-12
1.2166596578694332e-11
9.38609828938222e-12
1.2110255650249516e-11
9.7597453566476326e-12
1.203615210870484e-11
1.0144297420229449e-11
1.1942576777974516e-11
1.0539169485424978e-11
1.1827770657601115e-11
1.0943567629786894e-11
1.1689946915880466e-11
1.1356461424064787e-11
1.1527318901136513e-11
1.1776556270992659e-11
1.1338134733758414e-11
1.2202266767841386e-11
1.1120718858807276e-11
1.2631692517180005e-11
1.0873520680243021e-11
1.3062598149737437e-11
1.0595169932133614e-11
1.3492399666904453e-11
1.0284538058241435e-11
1.3918159333748414e-11
9.9408041468494603e-12
1.4336591483391502e-11
9.5635230787588713e-12
1.4744079085030246e-11
9.1526916404364205e-12
1.5136682306346175e-11
8.7087999659596019e-12
1.5509983371536227e-11
8.2328089462001856e-12
1.5857661271441804e-11
7.7257444723323735e-12
1.6161560747421681e-11
7.1864433254768835e-12
1.6330266581914777e-11
6.6017511147423502e-12
1.5861837486774159e-11
5.9135925281485021e-12
1.226349820597653e-11
4.9485233934155005e-12
-4.7625394170836195e-12
3.406102504853534e-12
-6.6642221897083731e-11
1.3132701484406181e-12
-2.2093464282471405e-10
-3.5579156209832363e-10
1.0207170148039572e-11
4.267469143263482e-14
1.0210631953568109e-11
1.3149913915509723e-13
1.021643960002681e-11
2.2047561281207603e-13
1.0224592377978923e-11
3.0970656826434162e-13
1.0235089241418884e-11
3.9929523051023325e-13
1.0247928756929836e-11
4.8934590676866778e-13
1.0263109037350748e-11
5.7996430409837463e-13
1.0280627658989335e-11
6.7125785207575702e-13
1.0300481561436526e-11
7.6333603204408722e-13
1.0322666928699866e-11
8.5631071426592864e-13
1.034717905012959e-11
9.5029650390338786e-13
1.0374012159541376e-11
1.0454110967116664e-12
1.0403159250397975e-11
1.1417756464180597e-12
1.043461186481283e-11
1.2395151441045234e-12
1.0468359853710587e-11
1.3387588113821601e-12
1.0504391105251276e-11
1.4396405072873461e-12
1.0542691238031184e-11
1.5422991511588769e-12
1.0583243255362186e-11
1.6468791614944132e-12
1.0626027156266062e-11
1.7535309118911252e-12
1.0671019498540303e-11
1.8624112041769949e-12
1.0718192908301509e-11
1.9736837597047167e-12
1.0767515530256647e-11
2.0875197283359485e-12
1.081895041184067e-11
2.2040982156126383e-12
1.0872454814083099e-11
2.3236068257383559e-12
1.0927979440604003e-11
2.4462422214192191e-12
1.0985467575893532e-11
2.5722106972880286e-12
1.1044854122864394e-11
2.7017287641519723e-12
1.1106064528122481e-11
2.8350237414779539e-12
1.1169013583784371e-11
2.9723343521353783e-12
1.1233604091553747e-11
3.1139113139780481e-12
1.1299725375202577e-11
3.2600179204510908e-12
1.1367251625932688e-11
3.4109305990481613e-12
1.1436040063624967e-11
3.5669394367609705e-12
1.150592889637671e-11
3.7283486555312966e-12
1.1576735059322291e-11
3.8954770203150879e-12
1.164825171344644e-11
4.0686581549477989e-12
1.1720245484218803e-11
4.2482407395056651e-12
1.1792453419962913e-11
4.4345885540980785e-12
1.1864579650261511e-11
4.6280803292797343e-12
1.1936291727072374e-11
4.8291093543846185e-12
1.2007216631658058e-11
5.0380827872079122e-12
1.2076936435824962e-11
5.2554205967894352e-12
1.2144983611473834e-11
5.4815540599582106e-12
1.2210835989419064e-11
5.7169237191840038e-12
1.2273911379945548e-11
5.961976695099056e-12
1.233356188160051e-11
6.2171632296855609e-12
1.2389067922664487e-11
6.4829323203847452e-12
1.2439632104191271e-11
6.7597262867327668e-12
1.2484372942683834e-11
7.0479740926055799e-12
1.2522318647098556e-11
7.3480832309677335e-12
1.2552401110587831e-11
7.6604299609638786e-12
1.2573450350292439e-11
7.9853476776139327e-12
1.2584189692962894e-11
8.3231131872125381e-12
1.2583232077149547e-11
8.6739306678954838e-12
1.2569077926191182e-11
9.0379131112448007e-12
1.2540115137450101e-11
9.4150610781930653e-12
1.2494621830267693e-11
9.8052386639019229e-12
1.24307725923953e-11
1.0208146658190163e-11
1.2346649056185485e-11
1.0623293021720738e-11
1.2240255710925827e-11
1.1049960975158311e-11
1.2109541901646525e-11
1.1487175233473636e-11
1.1952430962327987e-11
1.1933667210448023e-11
1.1766857358731027e-11
1.2387840371541634e-11
1.1550812549212104e-11
1.2847737326833281e-11
1.1302399989878726e-11
1.3311010709158126e-11
1.1019899277297102e-11
1.3774900378840498e-11
1.0701838743528904e-11
1.4236219860733639e-11
1.0347075219461823e-11
1.4691354951221085e-11
9.9548783753655714e-12
1.5136275491613265e-11
9.5250149357889705e-12
1.5566542498004816e-11
9.0578193355860809e-12
1.5977156079505691e-11
8.5541902931310139e-12
1.6361138766835344e-11
8.0152026521115287e-12
1.669961956256666e-11
7.4398675086495789e-12
1.6900429972428184e-11
6.8153394119354537e-12
1.6460860772775489e-11
6.0839935351211984e-12
1.2887321411063738e-11
5.0730174599778115e-12
-4.1193541553953742e-12
3.4830767409089469e-12
-6.5990617915057525e-11
1.3444080002833388e-12
-2.2031425575242571e-10
-3.5537314214034019e-10
1.0296026934065834e-11
4.1509059823805086e-14
1.0299640909977495e-11
1.2788516328656839e-13
1.0305703280788747e-11
2.1441324204032097e-13
1.031421410704499e-11
3.0119574202396182e-13
1.0325173426375288e-11
3.8833591119025497e-13
1.0338581206810698e-11
4.7593812634255838e-13
1.0354437285761428e-11
5.6410822514144979e-13
1.0372741293820154e-11
6.5295384401137762e-13
1.0393492562230094e-11
7.4258476359568693e-13
1.0416690012937625e-11
8.3311326355201656e-13
1.0442332029574347e-11
9.246544872608542e-13
1.047041630774454e-11
1.0173268185365564e-12
1.0500939682519042e-11
1.1112522716398642e-12
1.0533897930847997e-11
1.2065568957883518e-12
1.0569285546047033e-11
1.3033711961966381e-12
1.060709548163771e-11
1.4018305717109463e-12
1.0647318860668079e-11
1.502075772135064e-12
1.068994464689383e-11
1.6042533752456691e-12
1.0734959273262015e-11
1.7085162855008292e-12
1.0782346222619386e-11
1.8150242547987711e-12
1.0832085555165281e-11
1.9239444271391179e-12
1.0884153376117356e-11
2.0354519073728382e-12
1.0938521236816391e-11
2.1497303549033229e-12
1.0995155460966677e-11
2.2669726015794092e-12
1.1054016387313715e-11
2.3873812950341204e-12
1.1115057518950239e-11
2.5111695656162105e-12
1.117822456789144e-11
2.6385617151936933e-12
1.12434543829726e-11
2.7697939263823338e-12
1.1310673747534758e-11
2.9051149875609262e-12
1.1379798031556839e-11
3.044787029931679e-12
1.1450729682047091e-11
3.1890862699392504e-12
1.1523356533597989e-11
3.3383037474634024e-12
1.1597549919339875e-11
3.492746050988788e-12
1.1673162560834426e-11
3.6527360140415906e-12
1.1750026214138675e-11
3.8186133670195936e-12
1.1827949047465289e-11
3.9907353216104386e-12
1.1906712724690608e-11
4.1694770622741183e-12
1.1986069167590501e-11
4.3552321111649428e-12
1.206573697003546e-11
4.5484125268073293e-12
1.2145397435964264e-11
4.7494488884506707e-12
1.2224690216089685e-11
4.9587900070457905e-12
1.2303208519477468e-11
5.1769022933892844e-12
1.2380493879500116e-11
5.4042686999319935e-12
1.2456030461979024e-11
5.6413871367112946e-12
1.2529238911540192e-11
5.888768245522733e-12
1.2599469745445672e-11
6.1469323957440743e-12
1.2665996322097051e-11
6.4164057437235329e-12
1.2728007434471893e-11
6.6977151743586195e-12
1.2784599610268214e-11
6.9913819168120707e-12
1.2834769238467633e-11
7.2979136027645935e-12
1.2877404691770039e-11
7.6177945076683506e-12
1.2911278674312554e-11
7.9514736950866441e-12
1.2935041098127629e-11
8.2993507633888114e-12
1.2947212878631304e-11
8.6617588874210982e-12
1.2946181141560876e-11
9.0389448483484954e-12
1.2930196450820241e-11
9.4310457689697001e-12
1.2897372794194497e-11
9.8380623205317225e-12
1.2845691201585526e-11
1.0259828250833447e-11
1.2773008008058711e-11
1.0695976215276919e-11
1.2677068902927461e-11
1.1145900080335668e-11
1.2555530008554251e-11
1.1608714127899784e-11
1.2405987289830392e-11
1.2083209929262939e-11
1.2226015576692251e-11
1.2567812084785095e-11
1.2013218356464931e-11
1.3060534547150459e-11
1.1765289218610688e-11
1.3558939847080863e-11
1.1480085397343196e-11
1.4060104199452896e-11
1.1155713083685761e-11
1.4560592167562941e-11
1.0790623313606076e-11
1.5056444664989158e-11
1.0383715911401299e-11
1.5543182456345554e-11
9.9344462657047455e-12
1.6015808896001054e-11
9.4429206480952384e-12
1.6468658806108099e-11
8.9099181445662807e-12
1.6893989730192298e-11
8.3365266067205132e-12
1.7272082308385265e-11
7.7219232328909748e-12
1.7509861739905432e-11
7.0535962746908736e-12
1.7103683463431998e-11
6.2744330344766695e-12
1.3558963625269824e-11
5.2123561639058549e-12
-3.425064271009589e-12
3.5693209095161952e-12
-6.528591317923528e-11
1.3793198784161543e-12
-2.1964253028811751e-10
-3.5491980777510551e-10
1.0382435371173312e-11
4.0293371464296477e-14
1.0386201473104273e-11
1.2411906137271296e-13
1.0392518518216395e-11
2.0809619696384014e-13
1.0401387370048212e-11
2.9232689020931524e-13
1.041280919670008e-11
3.769140845512919e-13
1.0426785428925495e-11
4.6196189412812813e-13
1.0443317705285683e-11
5.4757594877638001e-13
1.0462407803523036e-11
6.338637457680281e-13
1.0484057556986652e-11
7.2093501009548058e-13
1.0508268755123885e-11
8.0890206540991395e-13
1.053504302620904e-11
8.9788021617176652e-13
1.0564381700872924e-11
9.8798814386966154e-13
1.0596285654276259e-11
1.0793483182349507e-12
1.0630755124541393e-11
1.1720874255380721e-12
1.0667789504822347e-11
1.266336815931577e-12
1.0707387105788389e-11
1.3622329707538384e-12
1.0749544885218816e-11
1.4599179927144464e-12
1.0794258140440781e-11
1.5595401200029647e-12
1.0841520159329097e-11
1.6612542665925937e-12
1.0891321824379469e-11
1.7652225897295415e-12
1.0943651164356733e-11
1.8716150871758555e-12
1.0998492846502042e-11
1.9806102252187147e-12
1.1055827602567052e-11
2.0923955988304609e-12
1.1115631579357864e-11
2.2071686247825882e-12
1.117787560502321e-11
2.325137269334707e-12
1.1242524360393461e-11
2.446520810244558e-12
1.1309535442986784e-11
2.5715506325865644e-12
1.1378858311008936e-11
2.7004710583483909e-12
1.1450433091979567e-11
2.8335402065816e-12
1.1524189239411722e-11
2.9710308824940061e-12
1.1600044019258413e-11
3.1132314900751083e-12
1.1677900805250511e-11
3.2604469614417462e-12
1.1757647160974467e-11
3.4129996952072751e-12
1.1839152683075885e-11
3.5712304919496321e-12
1.192226657893869e-11
3.7354994711544201e-12
1.2006814948971936e-11
3.9061869515710504e-12
1.2092597741485637e-11
4.0836942697589622e-12
1.21793853462557e-11
4.2684445063666885e-12
1.2266914790848104e-11
4.4608830822101917e-12
1.2354885502024183e-11
4.661478177236804e-12
1.2442954595171011e-11
4.8707209139010289e-12
1.2530731653789762e-11
5.0891252347657454e-12
1.2617772965431455e-11
5.3172273882942687e-12
1.2703575181217177e-11
5.5555849209077562e-12
1.2787568377266927e-11
5.8047750494655183e-12
1.2869108504739662e-11
6.0653922682571201e-12
1.2947469232205929e-11
6.3380450162456988e-12
1.3021833206092727e-11
6.6233512004852928e-12
1.3091282784741696e-11
6.9219323381537254e-12
1.3154790341741815e-11
7.2344060457316634e-12
1.3211208285337779e-11
7.5613765640552678e-12
1.3259259006847723e-11
7.9034229735345146e-12
1.3297525052787261e-11
8.2610847174438207e-12
1.3324439916611152e-11
8.6348440235797445e-12
1.3338279967374257e-11
9.0251047975693022e-12
1.333715817604691e-11
9.4321675602823922e-12
1.3319020464697595e-11
9.8562000318631999e-12
1.3281645687463923e-11
1.0297203028044368e-11
1.3222650447926996e-11
1.0754971454800988e-11
1.3139500155889985e-11
1.1229050372366698e-11
1.3029527909383701e-11
1.1718686374430058e-11
1.2889962931904282e-11
1.2222774906749587e-11
1.2717970364067885e-11
1.2739804652668488e-11
1.2510704161573326e-11
1.326780074969442e-11
1.2265374631669376e-11
1.3804269376960043e-11
1.1979331688454537e-11
1.434614714196348e-11
1.1650164189951918e-11
1.4889759659206557e-11
1.1275814409219225e-11
1.5430794389424488e-11
1.0854705402920788e-11
1.596429102520445e-11
1.0385875721818178e-11
1.6484635329613171e-11
9.8691062414069634e-12
1.69854053969736e-11
9.3049755547376487e-12
1.7457968884350761e-11
8.6945288812016952e-12
1.7881600227745392e-11
8.0370878913402603e-12
1.8162131287910944e-11
7.3204946147324501e-12
1.7794773082979117e-11
6.488216130649403e-12
1.4283722935883409e-11
5.3690332436040772e-12
-2.6736640565814872e-12
3.6664122350752905e-12
-6.4521615676004912e-11
1.4186535311965689e-12
-2.1891304027348097e-10
-3.5442713691450332e-10
1.046629328829983e-11
3.902780259312289e-14
1.0470210992272438e-11
1.2020135740156426e-13
1.0476781857539033e-11
2.0152533172760162e-13
1.048600758023691e-11
2.8310116752732118e-13
1.0497890500971066e-11
3.6503116383115719e-13
1.0512433568320712e-11
4.4741882679138281e-13
1.0529640290988789e-11
5.3036922610510557e-13
1.0549514677779308e-11
6.1398935897417266e-13
1.0572061164209765e-11
6.9838852363033458e-13
1.0597284524964874e-11
7.8367870462168134e-13
1.0625189770100437e-11
8.6997497103498922e-13
1.0655782023866687e-11
9.5739589010272257e-13
1.0689066383918252e-11
1.0460639581836146e-12
1.0725047758488423e-11
1.1361060509530991e-12
1.076373067913383e-11
1.2276538953040306e-12
1.080511908542077e-11
1.320844564486173e-12
1.0849216078788418e-11
1.415820999358718e-12
1.0896023640875015e-11
1.5127325578974265e-12
1.0945542312159145e-11
1.6117355952905508e-12
1.0997770825299073e-11
1.7129940765726776e-12
1.1052705687554885e-11
1.8166802249359903e-12
1.1110340705164264e-11
1.922975207610577e-12
1.1170666442453422e-11
2.0320698615358925e-12
1.123366960643722e-11
2.1441654607958843e-12
1.1299332347229486e-11
2.2594745285093918e-12
1.1367631463366515e-11
2.3782216940778934e-12
1.1438537498748121e-11
2.5006445971935922e-12
1.1512013717513262e-11
2.626994839575541e-12
1.1588014940419449e-11
2.7575389836384933e-12
1.1666486224669041e-11
2.892559598227365e-12
1.1747361366752419e-11
3.0323563479627649e-12
1.1830561205538197e-11
3.1772471226305662e-12
1.1915991700215459e-11
3.3275692005398901e-12
1.2003541754150183e-11
3.4836804380286599e-12
1.209308075380147e-11
3.6459604715052688e-12
1.2184455787489898e-11
3.8148119178811502e-12
1.2277488505647872e-11
3.9906615515725475e-12
1.2371971581457592e-11
4.1739614305343538e-12
1.24676647261261e-11
4.3651899375419458e-12
1.256429021130814e-11
4.5648526920238373e-12
1.2661527847944243e-11
4.7734832772579884e-12
1.2759009368827999e-11
4.9916437138528018e-12
1.2856312162325182e-11
5.2199245947769813e-12
1.2952952306977101e-11
5.4589447762453136e-12
1.3048376858629287e-11
5.7093504977968089e-12
1.3141955351135679e-11
5.9718137757349992e-12
1.3232970484551998e-11
6.2470298828059037e-12
1.332060799367512e-11
6.5357136913146714e-12
1.3403945717042052e-11
6.8385946147545237e-12
1.3481941925316887e-11
7.1564098374309071e-12
1.3553423020007679e-11
7.4898954693283441e-12
1.3617070781812062e-11
7.8397752117219732e-12
1.3671409436248364e-11
8.2067460629865519e-12
1.3714792917699335e-11
8.5914605421095315e-12
1.3745392852471553e-11
8.9945048627778504e-12
1.3761187952751849e-11
9.4163724599497125e-12
1.3759955717057921e-11
9.8574322675008052e-12
1.3739267568942579e-11
1.0317891176097048e-11
1.3696488831178017e-11
1.0797750192526048e-11
1.3628785217300333e-11
1.1296753986196507e-11
1.3533137811056446e-11
1.1814333780608476e-11
1.3406368769405846e-11
1.2349543948342729e-11
1.3245180185744118e-11
1.2900993236306489e-11
1.3046208633884066e-11
1.3466772301566099e-11
1.2806097807262509e-11
1.4044380203523265e-11
1.2521591280546709e-11
1.4630653667952701e-11
1.2189646683642644e-11
1.5221704249208569e-11
1.1807571252251047e-11
1.5812869764527481e-11
1.1373176720500974e-11
1.6398685119543702e-11
1.0884948297869162e-11
1.6972860505015526e-11
1.0342211516517177e-11
1.7528119290347574e-11
9.7452316110123805e-12
1.8054797266036509e-11
9.0949273611028515e-12
1.8530975766053184e-11
8.3907225597833477e-12
1.8861164832664716e-11
7.6208235155734415e-12
1.8539169159372352e-11
6.7293497117345732e-12
1.5067679661604164e-11
5.5460857348938082e-12
-1.8581778668782153e-12
3.7762759995822296e-12
-6.369012149651232e-11
1.4632012563102301e-12
-2.1811822642649413e-10
-3.5388991511599439e-10
1.0547498858389137e-11
3.7712692506333653e-14
1.0551567143139619e-11
1.1613307265088505e-13
1.0558390140593854e-11
1.9470233430242985e-13
1.0567970405230148e-11
2.7352090290575013e-13
1.0580311486775666e-11
3.5269008230073297e-13
1.0595417899732946e-11
4.3231241384822931e-13
1.061329508333195e-11
5.1249204250420939e-13
1.0633949351101637e-11
5.9333509120270495e-13
1.0657387828975015e-11
6.7495004575636575e-13
1.0683618380954845e-11
7.5744815264089024e-13
1.0712649520755886e-11
8.4094383123505646e-13
1.0744490307835883e-11
9.2555510302425547e-13
1.0779150225954593e-11
1.0114040400672857e-12
1.0816639041853597e-11
1.0986172350419101e-12
1.0856966641637765e-11
1.18732629554032e-12
1.0900142841403035e-11
1.2776683647425204e-12
1.0946177169280659e-11
1.3697866714955751e-12
1.0995078614333181e-11
1.4638311128281432e-12
1.1046855338098129e-11
1.5599588715096853e-12
1.1101514343179819e-11
1.658335071475847e-12
1.1159061093273977e-11
1.7591334748596388e-12
1.1219499077412733e-11
1.8625372234673214e-12
1.1282829310975147e-11
1.9687396279716812e-12
1.1349049764168813e-11
2.0779450075696913e-12
1.1418154707990181e-11
2.1903695846585888e-12
1.1490133966088993e-11
2.3062424359836251e-12
1.1564972058951116e-11
2.425806504322823e-12
1.1642647226025527e-11
2.5493196724960925e-12
1.1723130307907339e-11
2.6770559017239304e-12
1.1806383469792935e-11
2.8093064363288967e-12
1.1892358743639327e-11
2.9463810740914657e-12
1.1980996364607842e-11
3.0886095016406128e-12
1.2072222873276209e-11
3.2363426918855055e-12
1.2165948951885806e-11
3.3899543594213471e-12
1.2262066959261465e-11
3.5498424641280154e-12
1.2360448124217254e-11
3.7164307529284647e-12
1.2460939353028813e-11
3.8901703227400048e-12
1.256335960177197e-11
4.0715411817907737e-12
1.2667495758668231e-11
4.2610537806135732e-12
1.2773097977831036e-11
4.459250472853158e-12
1.28798743991466e-11
4.6667068559109549e-12
1.2987485186182057e-11
4.8840329267949078e-12
1.3095535809270902e-11
5.1118739716749609e-12
1.3203569499143089e-11
5.3509110863528436e-12
1.3311058797747893e-11
5.6018611991725936e-12
1.3417396134852525e-11
5.8654764386026824e-12
1.3521883366295515e-11
6.142542651342053e-12
1.362372022663215e-11
6.433876830939094e-12
1.372199166984683e-11
6.7403231714900545e-12
1.3815654107169324e-11
7.0627474000866493e-12
1.3903520599311228e-11
7.4020289771840435e-12
1.3984245129003936e-11
7.7590506819818403e-12
1.4056306171315514e-11
8.1346850206133153e-12
1.4117989899333619e-11
8.529776814046849e-12
1.4167373519832864e-11
8.9451212421909143e-12
1.4202309429497347e-11
9.3814365501952709e-12
1.4220411126132431e-11
9.8393305707541407e-12
1.4219042102561706e-11
1.0319260199548442e-11
1.4195309295265079e-11
1.0821482999710832e-11
1.4146063048648448e-11
1.1346000232692144e-11
1.4067905977737409e-11
1.1892490851430382e-11
1.3957213537783555e-11
1.2460236388185496e-11
1.3810169499457227e-11
1.304803727456585e-11
1.3622819812361897e-11
1.3654121988578301e-11
1.3391148434662972e-11
1.4276051581119089e-11
1.3111178482822495e-11
1.4910623619010205e-11
1.2779101371460854e-11
1.5553781353655422e-11
1.2391435361507349e-11
1.6200535718174123e-11
1.1945212382252286e-11
1.6844907661411914e-11
1.1438188351268193e-11
1.7479881289096748e-11
1.086906045027552e-11
1.8097224305144189e-11
1.0237624020238067e-11
1.8686082181983702e-11
9.5445474676846933e-12
1.9223123655098238e-11
8.7892828408589635e-12
1.9611258412691788e-11
7.9603937677772878e-12
1.9342556046713671e-11
7.0027265748451973e-12
1.5917832158495829e-11
5.7472413008838037e-12
-9.7046481728262909e-13
3.9012847381520409e-12
-6.2782471429378367e-11
1.5139411906567011e-12
-2.1724913489491577e-10
-3.533019497302789e-10
1.0625950933118932e-11
3.6348548668451253e-14
1.0630168264722676e-11
1.119157410493798e-13
1.0637240846705897e-11
1.876297523451303e-13
1.0647172113332135e-11
2.6358963629242145e-13
1.065996685403517e-11
3.3989534161365287e-13
1.0675631189532019e-11
4.1664807836706074e-13
1.0694172540355482e-11
4.9395069168048976e-13
1.0715599586978793e-11
5.7190804458088174e-13
1.0739922220544575e-11
6.5062741216047906e-13
1.0767151483263735e-11
7.3021888989186106e-13
1.0797299497080181e-11
8.1079581742194855e-13
1.0830379378829153e-11
8.924752212790589e-13
1.0866405140507079e-11
9.7537827839398874e-13
1.090539157203919e-11
1.0596308034998574e-12
1.0947354104362451e-11
1.1453637632386729e-12
1.0992308649475036e-11
1.2327138196530634e-12
1.104027141469506e-11
1.3218239062915032e-12
1.1091258686701826e-11
1.4128438408063189e-12
1.1145286581306571e-11
1.5059309768918313e-12
1.1202370753272696e-11
1.6012508994966022e-12
1.1262526060860829e-11
1.698978167291281e-12
1.1325766177813429e-11
1.7992971065122201e-12
1.1392103145286211e-11
1.9024026604977875e-12
1.1461546854355246e-11
2.0085012984711179e-12
1.1534104449311245e-11
2.1178119896756314e-12
1.1609779639254426e-11
2.2305672460484167e-12
1.1688571904814348e-11
2.3470142387579407e-12
1.1770475584497672e-11
2.4674159928117804e-12
1.18554788223746e-11
2.592052663818332e-12
1.1943562357167684e-11
2.7212229015267307e-12
1.2034698128861528e-11
2.8552453023766427e-12
1.2128847676656843e-11
2.9944599538280014e-12
1.2225960297406445e-11
3.1392300711553653e-12
1.2325970929905807e-11
3.289943726929344e-12
1.2428797725937544e-11
3.4470156680995672e-12
1.2534339262783852e-11
3.6108892160905234e-12
1.2642471347377982e-11
3.7820382381290285e-12
1.2753043354638372e-11
3.9609691745368966e-12
1.2865874036504452e-11
4.1482230987211465e-12
1.298074673088166e-11
4.3443777784756377e-12
1.3097403891405485e-11
4.5500496953941301e-12
1.3215540852194951e-11
4.7658959659897108e-12
1.3334798733984779e-11
4.992616089862492e-12
1.3454756391519725e-11
5.230953428794979e-12
1.357492129662532e-11
5.4816962940669237e-12
1.3694719250211631e-11
5.7456784849905163e-12
1.3813482818220867e-11
6.0237790832882474e-12
1.393043839007709e-11
6.3169212590263665e-12
1.404469177786471e-11
6.626069783672719e-12
1.4155212299626436e-11
6.9522268782817425e-12
1.4260815332152646e-11
7.2964259445848782e-12
1.4360143381480731e-11
7.6597226325971966e-12
1.4451645808239353e-11
8.0431825937591137e-12
1.4533557468753815e-11
8.4478651533888403e-12
1.4603876697744387e-11
8.87480201306252e-12
1.4660343277208439e-11
9.3249699705888546e-12
1.470041731528888e-11
9.7992565325243523e-12
1.4721260310122683e-11
1.0298417204526426e-11
1.471972010280976e-11
1.0823023206826035e-11
1.4692321931783248e-11
1.1373398403513169e-11
1.4635268383259864e-11
1.194954439977307e-11
1.4544451664121453e-11
1.2551053107138368e-11
1.4415482267331917e-11
1.317700667120849e-11
1.4243738679042325e-11
1.3825865576780372e-11
1.4024443186955407e-11
1.449534707303769e-11
1.3752768934591081e-11
1.5182297870506137e-11
1.3423982916788888e-11
1.5882567364492251e-11
1.3033628392877867e-11
1.6590890185706233e-11
1.2577747772748963e-11
1.7300787844171093e-11
1.2053141949659005e-11
1.8004483865594853e-11
1.1457650335833799e-11
1.8692693034764862e-11
1.0790382422682863e-11
1.9353198592017091e-11
1.0051575289150819e-11
1.9961002179678084e-11
9.2405877762511036e-12
2.0417075117482437e-11
8.3463036202838008e-12
2.0211338909047286e-11
7.3143653520024231e-12
1.6842258453851505e-11
5.977111321019601e-12
-9.766402608335751e-16
4.0443843692585602e-12
-6.1788040585332783e-11
1.5720918780813519e-12
-2.1629508423725577e-10
-3.5265582947684604e-10
1.0701549387918745e-11
3.4936051015795442e-14
1.0705913706993338e-11
1.0755142198411777e-13
1.0713232444559245e-11
1.8031101479012232e-13
1.0723509931450626e-11
2.5331214941289875e-13
1.0736752220740626e-11
3.2665305233915618e-13
1.0752967071076908e-11
4.0043322804735638e-13
1.0772163924495187e-11
4.7475383826353573e-13
1.0794353877984034e-11
5.4971809109379301e-13
1.0819549647918892e-11
6.2543164219766122e-13
1.084776552667692e-11
7.0200301110661391e-13
1.0879017329637904e-11
7.7954401446605991e-13
1.0913322331587439e-11
8.5817021933533741e-13
1.0950699190736669e-11
9.380014192517273e-13
1.0991167858116648e-11
1.0191621361116124e-12
1.1034749470352323e-11
1.1017821510284715e-12
1.1081466222448063e-11
1.1859970675822925e-12
1.1131341218210073e-11
1.2719489105470803e-12
1.1184398293970488e-11
1.3597867650644218e-12
1.1240661811631522e-11
1.4496674592186086e-12
1.1300156415875055e-11
1.5417562952420468e-12
1.136290674995406e-11
1.6362278332029831e-12
1.1428937123327223e-11
1.7332667331472814e-12
1.1498271123518247e-11
1.8330686603093022e-12
1.1570931163190698e-11
1.935841258803568e-12
1.1646937952402987e-11
2.0418052004390324e-12
1.1726309883926333e-11
2.1511953145360547e-12
1.1809062317949534e-11
2.2642618047337334e-12
1.1895206750690627e-11
2.3812715600738071e-12
1.1984749848102962e-11
2.5025095663814341e-12
1.2077692324105643e-11
2.6282804255185708e-12
1.2174027638470359e-11
2.7589099879946072e-12
1.2273740486921781e-11
2.8947471053641454e-12
1.2376805050598802e-11
3.0361655075007637e-12
1.2483182968064648e-11
3.1835658094758438e-12
1.2592820987208867e-11
3.3373776489654878e-12
1.2705648247686469e-11
3.4980619555958195e-12
1.2821573138695064e-11
3.6661133471263559e-12
1.2940479667123993e-11
3.8420626460814691e-12
1.3062223264531488e-11
4.0264795013267506e-12
1.3186625949585877e-11
4.2199750933946796e-12
1.3313470754141477e-11
4.4232048908361357e-12
1.3442495307996557e-11
4.6368714121247543e-12
1.3573384467580724e-11
4.861726930260447e-12
1.3705761860758393e-11
5.098576035582099e-12
1.3839180209619955e-11
5.3482779451753495e-12
1.3973110282933014e-11
5.6117484116276917e-12
1.4106928322722076e-11
5.8899610434365354e-12
1.4239901789711725e-11
6.1839477919998541e-12
1.4371173273548699e-11
6.4947982997846107e-12
1.4499742428920339e-11
6.8236577228282473e-12
1.4624445832354321e-11
7.1717225410539265e-12
1.4743934702578599e-11
7.540233762252233e-12
1.4856650507171769e-11
7.9304667890198527e-12
1.4960798596314508e-11
8.3437170640998968e-12
1.5054320169083286e-11
8.7812804401270519e-12
1.5134863109040667e-11
9.2444270304365952e-12
1.5199752531898488e-11
9.734367109495908e-12
1.5245962291087841e-11
1.0252207445110446e-11
1.5270089201044635e-11
1.0798896296659069e-11
1.5268332373224641e-11
1.1375155231084294e-11
1.5236480826751307e-11
1.1981395946023827e-11
1.5169913417753599e-11
1.2617620515902716e-11
1.5063616102213607e-11
1.3283303986532932e-11
1.4912222532225664e-11
1.3977259146582482e-11
1.4710084867628824e-11
1.4697484737403515e-11
1.4451382276751855e-11
1.5441000460462004e-11
1.4130274629289953e-11
1.6203675004953831e-11
1.3741107977992991e-11
1.6980056780606572e-11
1.3278676149062885e-11
1.7763219235762219e-11
1.2738537164838276e-11
1.8544619603586438e-11
1.2117369839510378e-11
1.9313837478177545e-11
1.1413301337977878e-11
2.0057115602955059e-11
1.0625875674325243e-11
2.0747499296598604e-11
9.7541656047174427e-12
2.1283614652064175e-11
8.7872876217226168e-12
2.1152716621784519e-11
7.6717328245765212e-12
1.7850304409919795e-11
6.2414403275024923e-12
1.0615573443489683e-12
4.2092878241897726e-12
-6.0694172202089016e-11
1.6391904150435766e-12
-2.1524321690780812e-10
-3.5194260586883091e-10
1.0774195475541953e-11
3.3476055251392915e-14
1.0778704187249354e-11
1.0304271029060688e-13
1.0786264753343761e-11
1.7275044872757342e-13
1.0796882412847667e-11
2.4269448992217221e-13
1.0810564499285449e-11
3.1297096591712055e-13
1.0827320431661941e-11
3.8367729568897309e-13
1.0847161702193457e-11
4.5491256773554446e-13
1.0870101860199309e-11
5.2677793309144149e-13
1.0896156491298054e-11
5.9937701110437527e-13
1.0925343191236721e-11
6.7281631114189782e-13
1.0957681533030636e-11
7.4720567267841424e-13
1.099319302610943e-11
8.2265872626376993e-13
1.1031901066180028e-11
8.9929337918879408e-13
1.1073830873660162e-11
9.7723232864126884e-13
1.1119009418789677e-11
1.0566036059248934e-12
1.116746533053869e-11
1.1375411558597116e-12
1.1219228786788903e-11
1.2201854543170472e-12
1.1274331382095784e-11
1.3046841697775995e-12
1.1332805969013332e-11
1.3911928722909921e-12
1.1394686468468526e-11
1.4798757957779518e-12
1.1460007643518258e-11
1.5709066581777609e-12
1.152880483030139e-11
1.6644695463747954e-12
1.1601113618826379e-11
1.760759871789378e-12
1.1676969474946695e-11
1.8599854026911673e-12
1.1756407293473049e-11
1.9623673818919622e-12
1.1839460871042716e-11
2.0681417369810309e-12
1.1926162284728175e-11
2.1775603910512557e-12
1.2016541161303356e-11
2.2908926835057319e-12
1.2110623818193114e-11
2.4084269094713395e-12
1.2208432255318576e-11
2.5304719883922017e-12
1.2309982972492528e-11
2.6573592708091345e-12
1.2415285584079347e-11
2.7894444937378999e-12
1.2524341197021663e-11
2.9271098945859805e-12
1.2637140513238757e-11
3.070766493275675e-12
1.2753661611685812e-11
3.2208565505330259e-12
1.2873867357077947e-11
3.3778562101929082e-12
1.299770237519529e-11
3.5422783290202549e-12
1.3125089524121625e-11
3.7146754971362623e-12
1.3255925781375088e-11
3.8956432440764801e-12
1.3390077453274515e-11
4.08582342147499e-12
1.3527374600978311e-11
4.2859077431200821e-12
1.3667604561203187e-11
4.496641451895119e-12
1.3810504424357672e-11
4.7188270670915983e-12
1.3955752314747097e-11
4.9533281451593576e-12
1.4102957299911217e-11
5.2010729599810661e-12
1.4251647736810284e-11
5.4630579746766039e-12
1.440125784695202e-11
5.7403509332516775e-12
1.4551112295624731e-11
6.0340933432685586e-12
1.4700408543840771e-11
6.3455020514785788e-12
1.4848196741112093e-11
6.675869525441872e-12
1.4993356933055553e-11
7.0265623489804054e-12
1.5134573396086457e-11
7.399017299067541e-12
1.5270305970249834e-11
7.7947342146701635e-12
1.5398758358879107e-11
8.2152646752741968e-12
1.5517843518671393e-11
8.6621952801344802e-12
1.5625146488749104e-11
9.1371240601292588e-12
1.5717885326944942e-11
9.6416282710150855e-12
1.5792871260445103e-11
1.0177221511350029e-11
1.5846469744187768e-11
1.0745297812593351e-11
1.5874564882959958e-11
1.1347060091998531e-11
1.5872530633404454e-11
1.198343019523009e-11
1.583521337488625e-11
1.2654937774103657e-11
1.5756931807617398e-11
1.3361585553503395e-11
1.5631501653082903e-11
1.4102689300819442e-11
1.5452294176422188e-11
1.4876692213754978e-11
1.5212338917239547e-11
1.5680955718630812e-11
1.490448187249114e-11
1.6511532042586575e-11
1.4521610224823307e-11
1.7362928371787447e-11
1.4056952804510202e-11
1.82278762187366e-11
1.3504460344665084e-11
1.9097108817587481e-11
1.2859253687521706e-11
1.9959021255941881e-11
1.2118072760695074e-11
2.0798145053446822e-11
1.127939299218073e-11
2.1585250589698559e-11
1.034170208200803e-11
2.2216135341432902e-11
9.2941804431526915e-12
2.2174739171891719e-11
8.0841827084447131e-12
1.8952796929192977e-11
6.5475028684332067e-12
2.2304871907118289e-12
4.4006752328028628e-12
-5.9485614753345729e-11
1.7171870249811968e-12
-2.1407794511040377e-10
-3.511513800554433e-10
1.0843792186391401e-11
3.196959520661663e-14
1.0848442153502185e-11
9.8392743184842734e-14
1.0856239311151605e-11
1.6495329111305706e-13
1.0867189812758385e-11
2.3174398833171149e-13
1.0881302281423045e-11
2.9885849726902493e-13
1.0898587808958065e-11
3.6639176817293235e-13
1.0919059954144028e-11
4.344404225551067e-13
1.0942734739659286e-11
5.0310314758251584e-13
1.0969630646959885e-11
5.7248110381083414e-13
1.0999768608425671e-11
6.4267834965168315e-13
1.1033171995958745e-11
7.1380228515323837e-13
1.1069866604456369e-11
7.85964117775041e-13
1.1109880629324398e-11
8.5927935433182701e-13
1.1153244636151469e-11
9.3386832182530401e-13
1.119999152067474e-11
1.0098567214292152e-12
1.1250156456830122e-11
1.0873762197322156e-12
1.1303776830091097e-11
1.1665650810769932e-12
1.1360892153347679e-11
1.247568846542997e-12
1.1421543961254516e-11
1.3305410643762649e-12
1.1485775679178983e-11
1.4156440778474016e-12
1.1553632461310735e-11
1.5030498760418236e-12
1.1625160992474696e-11
1.5929410152165749e-12
1.1700409246396565e-11
1.6855116178744042e-12
1.1779426192586791e-11
1.7809684565114688e-12
1.1862261442183554e-11
1.879532132277803e-12
1.1948964821862828e-11
1.9814383573201954e-12
1.2039585862293267e-11
2.0869393506278333e-12
1.2134173186491521e-11
2.1963053593174183e-12
1.223277377948403e-11
2.3098263164621143e-12
1.2335432118765916e-11
2.4278136491134854e-12
1.2442189140236923e-11
2.5506022493293772e-12
1.255308101117963e-11
2.6785526227605559e-12
1.2668137676072882e-11
2.8120532297262073e-12
1.2787381134819992e-11
2.9515230345507833e-12
1.291082340774497e-11
3.0974142776283699e-12
1.3038464131502781e-11
3.2502154864303909e-12
1.3170287722480618e-11
3.4104547380603541e-12
1.3306260032236392e-11
3.5787031873666578e-12
1.3446324408095449e-11
3.7555788682269593e-12
1.3590397056304966e-11
3.9417507732828497e-12
1.3738361589681428e-11
4.1379432097365966e-12
1.3890062622313866e-11
4.3449404192461075e-12
1.4045298252498529e-11
4.5635914368867425e-12
1.4203811251686897e-11
4.7948151459376752e-12
1.4365278751390503e-11
5.0396054602214655e-12
1.4529300191209059e-11
5.2990365347861202e-12
1.469538326289817e-11
5.574267861497774e-12
1.4862927555819894e-11
5.8665490502494343e-12
1.5031205581628965e-11
6.1772240255551595e-12
1.5199340833078527e-11
6.5077342738532969e-12
1.5366282525524542e-11
6.8596206563708903e-12
1.5530776665439266e-11
7.2345231589578522e-12
1.5691333120881183e-11
7.6341777590236794e-12
1.5846188441475106e-11
8.0604093544821602e-12
1.5993264293701516e-11
8.5151194276417526e-12
1.613012157806737e-11
9.0002667754838241e-12
1.6253910600752916e-11
9.5178392480193044e-12
1.6361318121345193e-11
1.0069813990392866e-11
1.6448512730077421e-11
1.0658103203489396e-11
1.6511090875237285e-11
1.1284481946469659e-11
1.6544027010004236e-11
1.1950494060075705e-11
1.6541632805761055e-11
1.2657331977945175e-11
1.649753220957127e-11
1.3405686149281196e-11
1.6404661294369416e-11
1.4195560215603275e-11
1.6255304275570142e-11
1.5026049232109584e-11
1.6041179545755563e-11
1.5895080447328258e-11
1.5753591742679915e-11
1.6799119838452727e-11
1.5383667092767937e-11
1.7732852965142882e-11
1.4922688561612347e-11
1.8688854312509242e-11
1.4362542828233037e-11
1.9657251305493532e-11
1.3696275153962796e-11
2.062526605372505e-11
1.2918688401064851e-11
2.1575580346388062e-11
1.2026654165779622e-11
2.247635643175946e-11
1.1017618730644854e-11
2.322000091963221e-11
9.8805268503394747e-12
2.3286333336571368e-11
8.5635374791322597e-12
2.0162285312433212e-11
6.9045736982202277e-12
3.521710937935776e-12
4.6245544635461325e-12
-5.8143849382625767e-11
1.8085958364442742e-12
-2.1278018686548092e-10
-3.50268738875597e-10
1.0910244613456647e-11
3.0417884070874218e-14
1.0915032152666673e-11
9.3605203961185239e-14
1.0923059748654642e-11
1.5692569515864267e-13
1.0934334469732672e-11
2.2046926727386338e-13
1.0948866229577112e-11
2.8432673744314112e-13
1.0966667794709892e-11
3.4859020305988305e-13
1.0987754793791267e-11
4.1335342347975428e-13
1.1012145728187863e-11
4.7871221319265123e-13
1.1039861983306648e-11
5.4476484870017338e-13
1.1070927840084778e-11
6.1161249285045167e-13
1.1105370486089939e-11
6.7935963912668787e-13
1.11432200247545e-11
7.4811457912086785e-13
1.1184509482124347e-11
8.1798989697373123e-13
1.1229274809701642e-11
8.8910299426076558e-13
1.1277554881560636e-11
9.6157664956801817e-13
1.1329391484137767e-11
1.0355396171848848e-12
1.1384829295896197e-11
1.1111272693493206e-12
1.1443915854968892e-11
1.1884822874943284e-12
1.1506701510882181e-11
1.2677554084571633e-12
1.1573239357084287e-11
1.349106231640185e-12
1.1643585139408988e-11
1.4327040937149491e-12
1.1717797135514495e-11
1.518729019126622e-12
1.1795935999079224e-11
1.6073727543205001e-12
1.1878064560903309e-11
1.6988398947013157e-12
1.1964247578803834e-11
1.7933491143637313e-12
1.2054551425700135e-11
1.8911345104464381e-12
1.2149043703362708e-11
1.9924470729761297e-12
1.2247792767958951e-11
2.0975562947362064e-12
1.235086714961569e-11
2.2067519347931875e-12
1.2458334846495169e-11
2.3203459522421538e-12
1.2570262468439466e-11
2.4386746273808685e-12
1.2686714202649599e-11
2.5621008885518691e-12
1.2807750567261225e-11
2.6910168651522345e-12
1.2933426912835379e-11
2.8258466890037851e-12
1.3063791625255111e-11
2.9670495652340215e-12
1.3198883973471304e-11
3.1151231382152559e-12
1.3338731536468004e-11
3.2706071750875328e-12
1.3483347130985043e-11
3.4340875928420146e-12
1.3632725148222425e-11
3.606200851005395e-12
1.3786837189880187e-11
3.7876387316481736e-12
1.3945626875718654e-11
3.9791535238635658e-12
1.4109003671451131e-11
4.1815636234993141e-12
1.4276835559554256e-11
4.3957595487480448e-12
1.4448940345849364e-11
4.62271035957598e-12
1.4625075360607565e-11
4.8634704453719074e-12
1.4804925273834975e-11
5.1191866215049226e-12
1.4988087702300747e-11
5.3911054329601669e-12
1.5174056240398496e-11
5.6805805120446051e-12
1.5362200497948579e-11
5.9890797678735293e-12
1.5551742681364159e-11
6.318192090265744e-12
1.5741730208446928e-11
6.6696331290846424e-12
1.5931003817267704e-11
7.0452495499257503e-12
1.6118160618089305e-11
7.4470209579974035e-12
1.6301511541903798e-11
7.8770584304130815e-12
1.6479032719624752e-11
8.3375982496379034e-12
1.6648310469593877e-11
8.8309890251873095e-12
1.6806479825837557e-11
9.3596698913934319e-12
1.6950156955908304e-11
9.9261368599251553e-12
1.7075366448924975e-11
1.0532893710037465e-11
1.7177465378499068e-11
1.1182383016423617e-11
1.725106734059491e-11
1.1876892097467284e-11
1.7289971431733717e-11
1.2618427886280582e-11
1.7287103447761238e-11
1.3408554132734258e-11
1.723447950766955e-11
1.4248184155185753e-11
1.7123205828619529e-11
1.513732291057632e-11
1.6943532354921806e-11
1.6074753919779094e-11
1.6684982023993541e-11
1.7057670162041454e-11
1.6336580939455778e-11
1.8081253993012157e-11
1.5887216371031533e-11
1.9138218443551926e-11
1.5326146776759235e-11
2.0218317654806671e-11
1.4643673678591731e-11
2.1307716278715818e-11
1.3831921695308999e-11
2.2387180888567554e-11
1.2885400513709082e-11
2.3421949315590079e-11
1.1799826108979682e-11
2.4300405891555088e-11
1.056340059860481e-11
2.4497262738897534e-11
9.1248909211260305e-12
2.1493298970333571e-11
7.3245960594287627e-12
4.9542775087007125e-12
4.8887627046289627e-12
-5.6646250601270801e-11
1.9167071813650593e-12
-2.1132631275842818e-10
-3.4927797859865456e-10
1.0973460319771886e-11
2.8822314480917045e-14
1.0978381201435412e-11
8.8684322270094727e-14
1.0986632165751567e-11
1.4867473086736893e-13
1.0998221190407307e-11
2.0888024263946815e-13
1.1013159472184608e-11
2.6938845568908268e-13
1.1031461443181465e-11
3.3028823208531311e-13
1.105314479150923e-11
3.9167007515914112e-13
1.1078230486086449e-11
4.5362651862360239e-13
1.110674280497374e-11
5.1625252982218629e-13
1.1138709367078475e-11
5.7964593075634082e-13
1.1174161166541698e-11
6.4390783964336935e-13
1.1213132609004559e-11
7.0914313667040039e-13
1.125566154892794e-11
7.7546095706371334e-13
1.1301789327169826e-11
8.4297521603281395e-13
1.1351560807212016e-11
9.1180516952471116e-13
1.1405024408911546e-11
9.8207601551662259e-13
1.146223213731344e-11
1.0539195409798169e-12
1.1523239605169916e-11
1.1274748196639136e-12
1.1588106045867348e-11
1.2028889677555847e-12
1.1656894314067063e-11
1.280317963438128e-12
1.1729670869774211e-11
1.3599275380062501e-12
1.1806505741839813e-11
1.4418941470628759e-12
1.1887472465260904e-11
1.5264060309124294e-12
1.1972647985686252e-11
1.6136643742930654e-12
1.2062112523497592e-11
1.7038845765426539e-12
1.2155949388531402e-11
1.7972976454062328e-12
1.2254244733715319e-11
1.8941517278227568e-12
1.2357087235029862e-11
1.9947137934401579e-12
1.246456768155664e-11
2.0992714882895684e-12
1.2576778457162168e-11
2.208135176649081e-12
1.2693812890822101e-11
2.3216401937219971e-12
1.2815764448726299e-11
2.4401493306535334e-12
1.2942725735892749e-11
2.5640555780282466e-12
1.3074787268540401e-11
2.6937851563885651e-12
1.3212035971157995e-11
2.8298008626471578e-12
1.3354553342817338e-11
2.9726057665623637e-12
1.3502413226370312e-11
3.1227472915645267e-12
1.3655679101638581e-11
3.2808217175723086e-12
1.3814400807984745e-11
3.4474791446810167e-12
1.3978610582653291e-11
3.6234289570077052e-12
1.4148318280365191e-11
3.8094458261205665e-12
1.4323505612793219e-11
4.0063762910581093e-12
1.450411921582212e-11
4.2151459457141401e-12
1.46900623165673e-11
4.4367672587927226e-12
1.4881184729839649e-11
4.6723480320349466e-12
1.5077270864040784e-11
4.9231004872434918e-12
1.5278025360264578e-11
5.1903509366410373e-12
1.5483055924588287e-11
5.4755499476218234e-12
1.5691852841517632e-11
5.7802828507875714e-12
1.5903764579872734e-11
6.1062803517295195e-12
1.6117968819938157e-11
6.4554288888244012e-12
1.6333438151888401e-11
6.8297802177569074e-12
1.6548899619489049e-11
7.231559490121608e-12
1.6762787243529474e-11
7.6631708060571423e-12
1.6973186639300141e-11
8.1271988535388262e-12
1.71777708879076e-11
8.6264047762209622e-12
1.7373727003534323e-11
9.1637137753298283e-12
1.7557672648844e-11
9.7421912141330593e-12
1.772556331318915e-11
1.0365003045130664e-11
1.7872591065209722e-11
1.1035355263845732e-11
1.7993077347650699e-11
1.1756405814459634e-11
1.8080364256482565e-11
1.2531140976797615e-11
1.8126711501357641e-11
1.3362206887214523e-11
1.8123209953245525e-11
1.4251685702647172e-11
1.8059727468694892e-11
1.5200805394410556e-11
1.7924908542684304e-11
1.620957284436023e-11
1.770625605018381e-11
1.7276322647012685e-11
1.7390330232528636e-11
1.8397179753818467e-11
1.6963105760514512e-11
1.956544247810268e-11
1.6410529121996245e-11
2.077089104882558e-11
1.5719307145706387e-11
2.1998915385624989e-11
1.4877896154406443e-11
2.3228440460647058e-11
1.387737835367554e-11
2.4421538929981957e-11
1.2710709540637128e-11
2.5461905769916236e-11
1.1364514767109601e-11
2.5817963301715774e-11
9.7877328806391067e-12
2.2962590727221122e-11
7.8232270518732849e-12
6.551069020105465e-12
5.2035783016846371e-12
-5.4964813402601014e-11
2.0458763421286023e-12
-2.0968676954177757e-10
-3.4815803989467873e-10
1.1033349706047037e-11
2.7184457535615129e-14
1.1038399157503144e-11
8.3634870800047521e-14
1.1046865508790584e-11
1.4020837959323712e-13
1.1058757635279379e-11
1.9698811618309344e-13
1.1074088000551574e-11
2.5405809044033782e-13
1.1092872681712797e-11
3.1150355094841964e-13
1.1115131401730446e-11
3.6941135516658198e-13
1.1140887568753407e-11
4.2787035161030353e-13
1.1170168322042877e-11
4.8697177654458259e-13
1.1203004584361931e-11
5.4680966844920351e-13
1.1239431120387173e-11
6.0748130360000816e-13
1.1279486600915865e-11
6.6908765615607622e-13
1.132321367174474e-11
7.3173388624973233e-13
1.1370659027280914e-11
7.9552986051196517e-13
1.1421873487433338e-11
8.6059070938809583e-13
1.1476912077056225e-11
9.2703742592634453e-13
1.1535834106320326e-11
9.9499751174949241e-13
1.1598703250583061e-11
1.0646056754274401e-12
1.1665587627829911e-11
1.1360045905378533e-12
1.1736559871067852e-11
1.2093457201993756e-12
1.1811697192818886e-11
1.2847902162576381e-12
1.189108143795957e-11
1.3625099019585199e-12
1.1974799120654299e-11
1.442688348242033e-12
1.206294144021504e-11
1.5255220547528573e-12
1.215560426863143e-11
1.611221748151769e-12
1.2252888103027833e-11
1.7000138110080444e-12
1.2354897972619018e-11
1.7921418582342935e-12
1.2461743289065596e-11
1.8878684770163691e-12
1.2573537626037532e-11
1.9874771513449314e-12
1.2690398411351501e-11
2.091274391335636e-12
1.2812446511232133e-11
2.1995920938622758e-12
1.2939805681490311e-11
2.3127901604055589e-12
1.3072601856294715e-11
2.4312594032710909e-12
1.3210962238063734e-11
2.5554247746572115e-12
1.3355014144650417e-11
2.6857489560969731e-12
1.3504883560937995e-11
2.8227363502872244e-12
1.3660693330432843e-11
2.966937522105908e-12
1.3822560909421782e-11
3.1189541385880464e-12
1.3990595589582589e-11
3.2794444645461647e-12
1.4164895075082209e-11
3.449129471539674e-12
1.4345541276781813e-11
3.6287996244232607e-12
1.453259515693462e-11
3.8193224108918669e-12
1.4726090422928137e-11
4.021650679713309e-12
1.4926025827430121e-11
4.2368318542402705e-12
1.5132355782180487e-11
4.4660180772136537e-12
1.5344978932923934e-11
4.7104773364148517e-12
1.5563724273162229e-11
4.9716055963140448e-12
1.5788334291255902e-11
5.2509399293816882e-12
1.6018444549918124e-11
5.5501725919610943e-12
1.6253558986374472e-11
5.871165915085931e-12
1.649302009849913e-11
6.2159677764741927e-12
1.6735973046563503e-11
6.5868272694443785e-12
1.6981322559477543e-11
6.9862099769431211e-12
1.7227681391857716e-11
7.4168119733319751e-12
1.7473308960297828e-11
7.8815712847160807e-12
1.771603872650463e-11
8.3836750095778318e-12
1.7953192875151696e-11
8.9265596261992637e-12
1.8181483001206564e-11
9.5139010875226084e-12
1.8396895922543293e-11
1.0149590123191501e-11
1.8594564460442341e-11
1.0837686725285174e-11
1.8768624306872667e-11
1.1582345967311072e-11
1.8912060114858667e-11
1.2387705168072278e-11
1.9016546990140957e-11
1.3257720011167221e-11
1.9072297958015767e-11
1.4195934733953918e-11
1.906793405537258e-11
1.5205169296167154e-11
1.8990401732958947e-11
1.6287105165174548e-11
1.8824972301499139e-11
1.7441752070717351e-11
1.8555369815205894e-11
1.8666782183077929e-11
1.816408572950533e-11
1.995672612624241e-11
1.7632947518450968e-11
2.1302026015904166e-11
1.6944004262431414e-11
2.2687835776634202e-11
1.6080737081807274e-11
2.4091556247603735e-11
1.5029316608849306e-11
2.5472031347671682e-11
1.3778411818511165e-11
2.6707642215196332e-11
1.2311719292430381e-11
2.7259163876103399e-11
1.0577471846896848e-11
2.4589355092825076e-11
8.4211953150012405e-12
8.339648035686789e-12
5.5827909778802183e-12
-5.3064592835461896e-11
2.2020056304534787e-12
-2.0782411551387431e-10
-3.4688196069143473e-10
1.1089826376045509e-11
2.5506060388499587e-14
1.1094999088660077e-11
7.8462158223481736e-14
1.1103671945934502e-11
1.3153552233452996e-13
1.1115854702813161e-11
1.8480535931518414e-13
1.1131561064460192e-11
2.3835172881511584e-13
1.1150808720647932e-11
2.9225589478662564e-13
1.1173619389991371e-11
3.4660068585029227e-13
1.1200018874003938e-11
4.0147086760933445e-13
1.1230037120875502e-11
4.5695352968586892e-13
1.1263708298907569e-11
5.1313849043113491e-13
1.130107087948214e-11
5.7011872300900481e-13
1.1342167729634786e-11
6.2799080601933262e-13
1.1387046213331374e-11
6.8685540256921504e-13
1.1435758301924963e-11
7.4681777193502822e-13
1.1488360692830705e-11
8.0798831849932743e-13
1.154491493595599e-11
8.7048318280326017e-13
1.1605487567354825e-11
9.3442488038600194e-13
1.1670150248400224e-11
9.9994299441835041e-13
1.1738979910208729e-11
1.0671749287592362e-12
1.1812058900878447e-11
1.1362667295623838e-12
1.1889475133891416e-11
1.2073739832482848e-12
1.1971322234888776e-11
1.2806628009686884e-12
1.2057699683758037e-11
1.3563108993846491e-12
1.2148712948013985e-11
1.4345087905208002e-12
1.2244473602129128e-11
1.5154610940655629e-12
1.2345099427154354e-11
1.5993879859847909e-12
1.2450714482761357e-11
1.6865268026340977e-12
1.25614491419555e-11
1.7771338178490847e-12
1.267744007744278e-11
1.8714862158891011e-12
1.2798830184806573e-11
1.9698842839762745e-12
1.2925768425607789e-11
2.0726538530862749e-12
1.305840956809625e-11
2.1801490179319533e-12
1.3196913799626278e-11
2.2927551717301325e-12
1.3341446178515298e-11
2.4108923958269451e-12
1.3492175884780346e-11
2.5350192498742377e-12
1.3649275222117517e-11
2.6656370130003605e-12
1.3812918310375847e-11
2.803294433874406e-12
1.398327939578682e-11
2.9485930531871501e-12
1.4160530688770403e-11
3.1021931715939105e-12
1.4344839618959566e-11
3.2648205413846402e-12
1.4536365372360761e-11
3.4372738709933768e-12
1.4735254544785878e-11
3.620433238451885e-12
1.4941635707360214e-11
3.8152695171283246e-12
1.5155612635733869e-11
4.0228549258110009e-12
1.5377255896705894e-11
4.2443748161478515e-12
1.5606592418717985e-11
4.4811408143106734e-12
1.5843592589426722e-11
4.7346054255087011e-12
1.6088154323320425e-11
5.0063781953003755e-12
1.6340083422508248e-11
5.2982434925800391e-12
1.6599069409665882e-11
5.6121799277041645e-12
1.6864655844651917e-11
5.950381341258852e-12
1.7136203940129534e-11
6.3152791736849146e-12
1.7412848070299166e-11
6.7095658464673936e-12
1.7693441522184107e-11
7.1362185210820918e-12
1.7976490584149713e-11
7.5985222223481647e-12
1.8260074809114811e-11
8.1000907841483055e-12
1.8541751102057299e-11
8.644883332718588e-12
1.8818439181108597e-11
9.2372130078682394e-12
1.9086286003236412e-11
9.881743300381494e-12
1.9340507215197544e-11
1.0583465512604632e-11
1.9575204635686704e-11
1.1347648546021841e-11
1.9783160557188596e-11
1.2179749245724978e-11
1.9955612678738672e-11
1.308526788870639e-11
2.0082018250738017e-11
1.4069529160971863e-11
2.0149823161263621e-11
1.51373643845498e-11
2.0144261913529682e-11
1.6292666411047159e-11
2.0048228336326735e-11
1.7537785639907816e-11
1.9842274648841843e-11
1.8872735813214353e-11
1.9504817399569109e-11
2.0294182937742916e-11
1.9012649616653739e-11
2.1794190555415542e-11
1.8341868562716948e-11
2.3358593970591416e-11
1.7469286424076278e-11
2.4963987022603209e-11
1.6374117796605784e-11
2.6566272075205709e-11
1.5038500382631118e-11
2.8038091988049681e-11
1.344105419981293e-11
2.8831120822833044e-11
1.1527683400576944e-11
2.6395251340238905e-11
9.1457308693787331e-12
1.035392348812891e-11
6.0459378687903515e-12
-5.0902949666816822e-11
2.3933486998526731e-12
-2.0568962406876459e-10
-3.4541452467151267e-10
1.1142807497280833e-11
2.3789042750086717e-14
1.1148097637250501e-11
7.3172018347020375e-14
1.11569672379438e-11
1.22665921671759e-13
1.1169426909354236e-11
1.7234568793662972e-13
1.1185491563820533e-11
2.2228707437053046e-13
1.1205180459577289e-11
2.7256699905568574e-13
1.1228517256878794e-11
3.2326388857747131e-13
1.1255530086831588e-11
3.7445803767037056e-13
1.1286251633153604e-11
4.2623198337857444e-13
1.1320719226722391e-11
4.7867089687795999e-13
1.1358974953378724e-11
5.3186299636910043e-13
1.1401065774890372e-11
5.8589998449338634e-13
1.1447043663268621e-11
6.4087751420868814e-13
1.149696574831118e-11
6.9689568691078328e-13
1.1550894478698696e-11
7.540595881306213e-13
1.1608897796342921e-11
8.1247986517810215e-13
1.1671049323978157e-11
8.7227335278734249e-13
1.1737428565406741e-11
9.335637530279577e-13
1.1808121118201717e-11
9.9648237599757615e-13
1.1883218898051699e-11
1.0611689497477331e-12
1.1962820373589877e-11
1.127772507717381e-12
1.2047030810487854e-11
1.1964523640804549e-12
1.2135962522655246e-11
1.2673791872322016e-12
1.222973512825283e-11
1.3407361849503008e-12
1.2328475807188091e-11
1.4167204151625452e-12
1.2432319555582538e-11
1.4955442376276864e-12
1.2541409432300201e-11
1.5774369259273337e-12
1.2655896790089077e-11
1.6626464601069632e-12
1.2775941482934356e-11
1.751441523079578e-12
1.2901712038248833e-11
1.8441137287023328e-12
1.3033385780433935e-11
1.9409801108992962e-12
1.3171148888085522e-11
2.0423859102997648e-12
1.3315196362875428e-11
2.1487076969658796e-12
1.3465731883336525e-11
2.2603568754298848e-12
1.3622967509048712e-11
2.3777836242179242e-12
1.3787123193233921e-11
2.5014813288713175e-12
1.3958426050559816e-11
2.6319915765798318e-12
1.4137109314415568e-11
2.7699097893857353e-12
1.4323410901769842e-11
2.9158915842896891e-12
1.4517571483224303e-11
3.0706599599338884e-12
1.4719831931332547e-11
3.2350134228876072e-12
1.4930429988494496e-11
3.4098351812728309e-12
1.514959595736726e-11
3.5961035482090353e-12
1.5377547168150162e-11
3.794903714973176e-12
1.5614480916503743e-11
4.0074410677090455e-12
1.5860565491769954e-11
4.2350562389457592e-12
1.6115928821530539e-11
4.479242095612217e-12
1.6380644144158633e-11
4.7416628725115296e-12
1.6654711978898611e-11
5.0241756576414711e-12
1.6938037488898658e-11
5.3288544174926893e-12
1.7230402120408825e-11
5.6580167094929342e-12
1.753142814498719e-11
6.0142531488377748e-12
1.784053442381173e-11
6.400459567294717e-12
1.8156881354139027e-11
6.819871590371094e-12
1.8479302543161433e-11
7.2761010329024557e-12
1.8806220296730087e-11
7.7731730300686363e-12
1.9135541526137553e-11
8.3155621027317645e-12
1.9464530206860627e-11
8.908224326461111e-12
1.9789652212435012e-11
9.5566212940821577e-12
2.0106388187444585e-11
1.0266729536737509e-11
2.040901044881538e-11
1.1045026283720463e-11
2.0690321135908165e-11
1.1898438557609053e-11
2.0941351260589528e-11
1.2834237762925945e-11
2.1151024854688429e-11
1.3859855565701153e-11
2.130579999227995e-11
1.4982589245626951e-11
2.1389310359941707e-11
1.6209156041278076e-11
2.1382048716903777e-11
1.754504727461945e-11
2.1261158389382745e-11
1.8993626083107114e-11
2.1000431491514098e-11
2.0554909397609803e-11
2.057065093456204e-11
2.2223967869560488e-11
1.9940447252426601e-11
2.3988774798549648e-11
1.9077827492502244e-11
2.5826455454350612e-11
1.7952287425314162e-11
2.7690884428046321e-11
1.6536192997334522e-11
2.9449019623293951e-11
1.4799722802206037e-11
3.0542105081509271e-11
1.2683624402852545e-11
2.8403885627864081e-11
1.003605750935827e-11
1.2633838487447255e-11
6.618138698164241e-12
-4.8423138633642419e-11
2.6311239720994282e-12
-2.0322066527079426e-10
-3.4370929624819156e-10
1.1192214154175612e-11
2.2035492102979582e-14
1.1197615377179915e-11
6.7770795451013779e-14
1.1206671101672446e-11
1.1361019721766483e-13
1.12193927616935e-11
1.5962402795926321e-13
1.123579643320401e-11
2.0588340288642503e-13
1.1255902886756514e-11
2.5246054553023028e-13
1.1279737655352981e-11
2.9942912001070061e-13
1.1307331117997075e-11
3.4686457505752562e-13
1.1338718599212855e-11
3.9484450217905453e-13
1.1373940484701167e-11
4.4344901140664033e-13
1.1413042353740038e-11
4.9276112734777269e-13
1.145607512860801e-11
5.4286720961239305e-13
1.1503095241629884e-11
5.9385740117365425e-13
1.1554164820093699e-11
6.458261084669479e-13
1.1609351889638847e-11
6.9887251860624149e-13
1.1668730596790403e-11
7.5310115804764205e-13
1.1732381450770155e-11
8.086224988141264e-13
1.1800391585369421e-11
8.6555361846897493e-13
1.1872855040685281e-11
9.2401892072368234e-13
1.1949873065568424e-11
9.8415092491077852e-13
1.2031554440417219e-11
1.0460911328784903e-12
1.2118015820493068e-11
1.1099909840182615e-12
1.2209382098784617e-11
1.1760129089584624e-12
1.2305786788114389e-11
1.2443314956748116e-12
1.2407372420886731e-11
1.3151347824261262e-12
1.2514290964198777e-11
1.3886256943554767e-12
1.2626704247708498e-11
1.4650236424318334e-12
1.2744784400190182e-11
1.5445663076438894e-12
1.2868714289026006e-11
1.6275116342832054e-12
1.2998687955627876e-11
1.714140062145106e-12
1.3134911037128308e-11
1.8047570294170728e-12
1.327760116211686e-11
1.899695785350713e-12
1.3426988303795734e-11
1.9993205553174562e-12
1.358331507018604e-11
2.1040301090457999e-12
1.3746836904904046e-11
2.2142617895774509e-12
1.3917822163811745e-11
2.3304960700256169e-12
1.4096552025234953e-11
2.4532617151936286e-12
1.4283320177520002e-11
2.5831416371582993e-12
1.4478432214556124e-11
2.7207795472739291e-12
1.4682204650150291e-11
2.8668875243755912e-12
1.489496343798654e-11
3.0222546350526596e-12
1.5117041854846922e-11
3.1877567644080442e-12
1.5348777564818612e-11
3.3643678382016855e-12
1.5590508635320022e-11
3.5531726443795491e-12
1.5842568212870765e-11
3.755381490065706e-12
1.6105277489405775e-11
3.972346962319034e-12
1.6378936490906441e-11
4.2055830940021131e-12
1.6663812095256656e-11
4.4567872679647078e-12
1.6960122528168465e-11
4.7278652245286361e-12
1.7268017386509364e-11
5.0209595589396032e-12
1.7587551989291193e-11
5.3384821064556023e-12
1.791865454256516e-11
5.6831505952628913e-12
1.8261084216140497e-11
6.0580298933852092e-12
1.8614377752000475e-11
6.4665780541319903e-12
1.8977781642175653e-11
6.9126971422753704e-12
1.9350166220489056e-11
7.400788451196366e-12
1.9729917205084582e-11
7.9358111175007678e-12
2.0114799327146427e-11
8.5233422037039956e-12
2.0501785719857276e-11
9.1696349005554938e-12
2.0886845866425353e-11
9.8816693892603505e-12
2.1264684359144444e-11
1.0667187789980481e-11
2.1628422587724392e-11
1.1534700327865752e-11
2.196921672495242e-11
1.2493443624449461e-11
2.2275808750343285e-11
1.3553263538913711e-11
2.2534013951287036e-11
1.4724384043103412e-11
2.2726160581151639e-11
1.6017009409003233e-11
2.2830517609009404e-11
1.7440690238098958e-11
2.2820777961807929e-11
1.9003365672191422e-11
2.266571052249982e-11
2.0709976398575971e-11
2.2329155636258198e-11
2.256051951358693e-11
2.1770608919947097e-11
2.4547298667519357e-11
2.0946674630066492e-11
2.6650238458346569e-11
1.9813481866923145e-11
2.8823149700478071e-11
1.8328994456599954e-11
3.09283412738117e-11
1.6449736089945728e-11
3.239588156762746e-11
1.4106386311864602e-11
3.0639784244726556e-11
1.1144700228503137e-11
1.5227904174737782e-11
7.3373526023107039e-12
-4.5553845829378202e-11
2.932013942532812e-12
-2.0033332963953097e-10
-3.4170315611489958e-10
1.1237971688781216e-11
2.024765770894019e-14
1.12434771585369e-11
6.2265325807239507e-14
1.1252707561165432e-11
1.0437979462135877e-13
1.1265675117355007e-11
1.4665647181679238e-13
1.1282397014099597e-11
1.8916150617252251e-13
1.130289546627172e-11
2.3196209338855479e-13
1.1327197795978173e-11
2.7512679033536695e-13
1.1355336530574602e-11
3.1872584049348183e-13
1.1387349519521847e-11
3.6283151324915451e-13
1.1423280070858115e-11
4.0751846008915907e-13
1.1463177107705776e-11
4.5286409051955506e-13
1.1507095345750787e-11
4.9894897155587077e-13
1.15550954925458e-11
5.458572543684026e-13
1.1607244469200229e-11
5.9367713183294646e-13
1.1663615655785346e-11
6.4250133204307567e-13
1.172428916141629e-11
6.9242765243963347e-13
1.1789352120072261e-11
7.435595401831507e-13
1.1858899013412856e-11
7.9600672513945353e-13
1.1933032021786033e-11
8.4988591239619125e-13
1.2011861404406621e-11
9.0532154233762162e-13
1.2095505910492703e-11
9.6244662683634063e-13
1.2184093222080091e-11
1.0214036724469242e-12
1.2277760429716838e-11
1.0823457013424958e-12
1.2376654541923103e-11
1.1454373834948863e-12
1.2480933029310026e-11
1.2108562950864763e-12
1.2590764403415739e-11
1.2787943202941642e-12
1.2706328830123722e-11
1.3494592157740975e-12
1.282781877694869e-11
1.4230763608411809e-12
1.2955439692384378e-11
1.4998907189064809e-12
1.3089410714097571e-11
1.5801690404802186e-12
1.322996540171888e-11
1.6642023418497764e-12
1.3377352487154386e-11
1.752308699943499e-12
1.353183663347587e-11
1.8448364090470945e-12
1.3693699188617867e-11
1.9421675539469284e-12
1.3863238917069964e-11
2.0447220612080176e-12
1.4040772685273435e-11
2.152962301896687e-12
1.4226636069829707e-11
2.2673983307095807e-12
1.4421183847047011e-11
2.3885938599851894e-12
1.4624790309663424e-11
2.5171730847196675e-12
1.4837849340043917e-11
2.6538284940311077e-12
1.5060774148040506e-11
2.7993298270874535e-12
1.5293996553664334e-11
2.9545343587759327e-12
1.5537965659458816e-11
3.120398732373967e-12
1.5793145711845861e-11
3.2979925919257621e-12
1.6060012890666096e-11
3.488514311146712e-12
1.6339050690231701e-11
3.6933091626569228e-12
1.6630743455518687e-11
3.9138903285695963e-12
1.6935567509417615e-11
4.1519632138984129e-12
1.7253979140529044e-11
4.4094535932150183e-12
1.7586398507230414e-11
4.6885401920261084e-12
1.793318823702594e-11
4.9916923764054137e-12
1.8294625144028475e-11
5.3217136879598947e-12
1.8670863030024781e-11
5.6817920070531822e-12
1.9061883950787205e-11
6.075557132987672e-12
1.9467434587374016e-11
6.5071465051982843e-12
1.9886943431038746e-11
6.9812796069643649e-12
2.0319413334614421e-11
7.5033412132478514e-12
2.0763282578909705e-11
8.0794729586389521e-12
2.1216245944475217e-11
8.7166715340758099e-12
2.1675025407346999e-11
9.4228899253742314e-12
2.213507807638123e-11
1.0207135119794823e-11
2.2590227296648511e-11
1.1079551106305048e-11
2.3032201863157125e-11
1.20514690565026e-11
2.3450068700475346e-11
1.3135396699976417e-11
2.3829548611782498e-11
1.4344904129921124e-11
2.4152214613099831e-11
1.5694343404879098e-11
2.4394592149813883e-11
1.7198312692214038e-11
2.4527215813367494e-11
1.8870741950046944e-11
2.4513755082134276e-11
2.0723436691003529e-11
2.4310409309548584e-11
2.2763862044605502e-11
2.3865890425197295e-11
2.4991794712517593e-11
2.3122426482815744e-11
2.7393551165541995e-11
2.2018142655771208e-11
2.9926506308860956e-11
2.0490145195422827e-11
3.2451174245533709e-11
1.8473348500919042e-11
3.4387201431088714e-11
1.5879989731145733e-11
3.3125708155956927e-11
1.254705823058835e-11
1.8193255339405969e-11
8.2580347515763256e-12
-4.220280922144931e-11
3.3207372730551121e-12
-1.9691396684610818e-10
-3.3930826445685012e-10
1.1280010003339578e-11
1.8427943123841227e-14
1.1285612413964736e-11
5.6662915336707835e-14
1.1295005260461295e-11
9.4986948157931091e-14
1.1308201506519432e-11
1.3346022580396798e-13
1.1325219388723009e-11
1.7214362401705203e-13
1.1346082486643733e-11
2.1109899550107595e-13
1.1370819813428592e-11
2.5038946358346483e-13
1.1399465927689273e-11
2.9007972626646638e-13
1.1432061067229922e-11
3.3023637374305568e-13
1.1468651305591945e-11
3.7092822174663095e-13
1.1509288732041307e-11
4.1222666409069689e-13
1.155403165622494e-11
4.542060473944945e-13
1.1602944838761326e-11
4.969440718232035e-13
1.1656099748886124e-11
5.4052222169982176e-13
1.1713574850696856e-11
5.8502623025589695e-13
1.1775455919712529e-11
6.3054658344870011e-13
1.184183639151286e-11
6.771790684087867e-13
1.1912817744358907e-11
7.2502537232285473e-13
1.1988509917984342e-11
7.7419373881846813e-13
1.2069031770715364e-11
8.2479968965684952e-13
1.2154511577459648e-11
8.7696682014575745e-13
1.2245087571069483e-11
9.3082767888751689e-13
1.2340908529881561e-11
9.8652474255427592e-13
1.2442134414094092e-11
1.0442114993107577e-12
1.2548937053785686e-11
1.1040536554291931e-12
1.2661500891759443e-11
1.1662304823911726e-12
1.2780023783475986e-11
1.2309363241093338e-12
1.2904717856997508e-11
1.2983822873764515e-12
1.3035810435128798e-11
1.3687981408055532e-12
1.3173545021372004e-11
1.4424344542727206e-12
1.3318182350476317e-11
1.5195650128030614e-12
1.3470001503385442e-11
1.6004895470987673e-12
1.3629301084737696e-11
1.6855368277509657e-12
1.3796400458600226e-11
1.7750681801329869e-12
1.3971641035004919e-11
1.869481484859353e-12
1.4155387596168142e-11
1.9692157408279261e-12
1.4348029644932036e-11
2.074756282020934e-12
1.4549982751660805e-11
2.1866407533358648e-12
1.4761689864167136e-11
2.3054659722759585e-12
1.4983622534108886e-11
2.4318958241094417e-12
1.5216281994616052e-11
2.5666703666096342e-12
1.5460200000824166e-11
2.7106163525552836e-12
1.5715939315869037e-11
2.8646594172897159e-12
1.5984093683287702e-11
3.0298382244337223e-12
1.6265287074532814e-11
3.207320919812726e-12
1.6560171930001512e-11
3.3984243070634936e-12
1.6869426019305007e-11
3.604636239149494e-12
1.7193747423083531e-11
3.8276418099911837e-12
1.7533846977031072e-11
4.0693540390898986e-12
1.7890437302574725e-11
4.331949866254708e-12
1.8264217263609221e-11
4.6179124151400897e-12
1.8655850310516654e-11
4.930080640750829e-12
1.9065934673274522e-11
5.2717076439569943e-12
1.9494962704341087e-11
5.646529101534e-12
1.994326580369348e-11
6.05884340531768e-12
2.04109402190819e-11
6.5136051909996503e-12
2.0897747532120424e-11
7.0165338995059628e-12
2.1402981733035694e-11
7.5742387568956477e-12
2.1925292362043017e-11
8.1943609041451506e-12
2.2462450186208788e-11
8.8857321001449145e-12
2.3011038261877603e-11
9.6585470429015918e-12
2.3566047085678432e-11
1.0524542281118184e-11
2.4120348163793837e-11
1.1497167976770428e-11
2.4664016900597797e-11
1.25917279613559e-11
2.5183474067874809e-11
1.3825446960443819e-11
2.5660418503318588e-11
1.5217398966219564e-11
2.6070538063744361e-11
1.6788193122142176e-11
2.638201776838586e-11
1.8559262186184215e-11
2.6553926989598123e-11
2.0551527030474599e-11
2.6534677377735264e-11
2.2783108415636517e-11
2.6260915411813112e-11
2.5265533848578722e-11
2.5657434300269396e-11
2.799688110329654e-11
2.4638793875233802e-11
3.0944219849358512e-11
2.3112567903199364e-11
3.3972237311827425e-11
2.0980196543437188e-11
3.6494102334642015e-11
1.8121535373238108e-11
3.5876955331117268e-11
1.4351625741342589e-11
2.1595636568731681e-11
9.4626277314402307e-12
-3.8251708978467721e-11
3.8354788587045661e-12
-1.9280466221716483e-10
-3.3639859369606427e-10
1.1318263595961243e-11
1.6578897678979672e-14
1.1323955198037267e-11
5.0971313479884346e-14
1.1333497509240644e-11
8.5444636999934005e-14
1.1346904186564842e-11
1.2005354852638295e-13
1.1364194446147029e-11
1.5485336448280844e-13
1.1385393141469128e-11
1.8990030021320103e-13
1.1410530864639016e-11
2.2525174044803572e-13
1.1439644071491223e-11
2.6096651945006537e-13
1.1472775231472261e-11
2.9710521379800031e-13
1.1509973003228638e-11
3.3373045002755454e-13
1.155129243709372e-11
3.7090723024845932e-13
1.1596795205782029e-11
4.0870327872846702e-13
1.1646549864882101e-11
4.4718941274765461e-13
1.1700632144905002e-11
4.8643994167003826e-13
1.1759125276869189e-11
5.2653309828564602e-13
1.1822120353493926e-11
5.6755150685083302e-13
1.1889716728669833e-11
6.0958269326155768e-13
1.1962022457820525e-11
6.5271964320295055e-13
1.2039154782170929e-11
6.9706141450144656e-13
1.2121240660332733e-11
7.4271381151569269e-13
1.2208417350718951e-11
7.8979012981556874e-13
1.2300833048662693e-11
8.3841198099723815e-13
1.2398647583090645e-11
8.8871020818527717e-13
1.2502033176824515e-11
9.4082590560944333e-13
1.261117527600416e-11
9.9491155628784002e-13
1.272627345384033e-11
1.05113230459667e-12
1.2847542394751976e-11
1.1096673832524219e-12
1.2975212964876962e-11
1.1707117173111677e-12
1.3109533375273377e-11
1.2344777304752699e-12
1.3250770444821316e-11
1.3011973847641822e-12
1.3399210969155699e-11
1.3711244885460491e-12
1.355516320232289e-11
1.4445373140003757e-12
1.3718958457439488e-11
1.5217415727109469e-12
1.3890952831822316e-11
1.6030738058195316e-12
1.4071529060675583e-11
1.6889052560670277e-12
1.426109850136422e-11
1.7796463002378143e-12
1.4460103247816336e-11
1.8757515356724362e-12
1.4669018369630317e-11
1.9777256316341717e-12
1.4888354264580759e-11
2.086130077373729e-12
1.5118659104745639e-11
2.2015909840035502e-12
1.5360521343887017e-11
2.3248081275105673e-12
1.561457223773072e-11
2.4565654587265609e-12
1.588148830568941e-11
2.5977433492710161e-12
1.6161993631528334e-11
2.7493328985402266e-12
1.6456861857539451e-11
2.9124526937163068e-12
1.676691766970118e-11
3.0883684947587203e-12
1.7093037491643539e-11
3.278516417105692e-12
1.7436148997905724e-11
3.4845303035853458e-12
1.7797228911667214e-11
3.7082741251517851e-12
1.8177298351907661e-11
3.9518804257901842e-12
1.857741472467997e-11
4.2177960421064741e-12
1.8998658783090396e-11
4.5088365820543453e-12
1.9442114976652778e-11
4.8282514500380331e-12
1.9908842523623157e-11
5.1798015541712888e-12
2.0399833703514383e-11
5.5678522249225447e-12
2.0915954593803223e-11
5.9974843001253967e-12
2.1457861746530156e-11
6.4746267460420425e-12
2.2025885969351964e-11
7.0062145332523028e-12
2.2619871246451599e-11
7.600375626081795e-12
2.3238952688276203e-11
8.2666506571945e-12
2.3881251980395129e-11
9.0162477494705644e-12
2.4543461898819353e-11
9.8623323612065825e-12
2.5220282982274259e-11
1.0820346891538625e-11
2.5903665553145571e-11
1.1908345388395127e-11
2.6581800143786763e-11
1.3147312367281493e-11
2.7237792030380498e-11
1.456140707599499e-11
2.7847954167076177e-11
1.6178030975201145e-11
2.8379669502246083e-11
1.8027546791094984e-11
2.8788825654698325e-11
2.0142370438066641e-11
2.9016937630063227e-11
2.2554993200302634e-11
2.8988287762785514e-11
2.5294160897432433e-11
2.8607749709593781e-11
2.8377268057672757e-11
2.7760317233074828e-11
3.1790725855834135e-11
2.6313039459162259e-11
3.5414354175722886e-11
2.4116802804795521e-11
3.8664876704689584e-11
2.0996510648914499e-11
3.8889860689593914e-11
1.6721797325067342e-11
2.5502890302470559e-11
1.1075588039212537e-11
-3.3543277633228685e-11
4.5369248838075098e-12
-1.8778372017774279e-10
-3.3278742543132883e-10
1.1352669247466174e-11
1.4703206740711253e-14
1.1358441877633001e-11
4.5198683577251785e-14
1.136811997910288e-11
7.5766535594295533e-14
1.1381717846702569e-11
1.064556809816997e-13
1.1399255597913759e-11
1.3731561332028875e-13
1.1420759258679866e-11
1.6839663948158345e-13
1.1446260874662026e-11
1.9975012450201589e-13
1.1475798648735199e-11
2.3142874541307321e-13
1.1509417106026554e-11
2.6348675654447293e-13
1.1547167287404874e-11
2.9598026868796112e-13
1.1589106973065363e-11
3.2896754461251694e-13
1.1635300937729026e-11
3.6250931409017738e-13
1.1685821239325992e-11
3.9666911117604483e-13
1.1740747543433242e-11
4.3151363758908007e-13
1.1800167485903117e-11
4.671131558110866e-13
1.1864177076348227e-11
5.0354191640251574e-13
1.1932881145703437e-11
5.408786239366956e-13
1.2006393841215261e-11
5.792069477239179e-13
1.208483917300084e-11
6.1861608275139916e-13
1.216835161628213e-11
6.5920136827366275e-13
1.2257076774258004e-11
7.0106497189878446e-13
1.2351172106900309e-11
7.4431664841906084e-13
1.2450807731750317e-11
7.8907458340350506e-13
1.2556167303203162e-11
8.3546633422272978e-13
1.2667448977768864e-11
8.8362988176154817e-13
1.2784866473201833e-11
9.3371480920798961e-13
1.2908650230414428e-11
9.858836260893269e-13
1.3039048688230169e-11
1.0403132595741688e-12
1.317632968117416e-11
1.0971967375994401e-12
1.3320781972649946e-11
1.156745093362596e-12
1.3472716935581944e-11
1.2191895256632695e-12
1.3632470394932685e-11
1.284783854738143e-12
1.3800404646133775e-11
1.3538073215905703e-12
1.3976910665699271e-11
1.426567786343386e-12
1.4162410530066497e-11
1.5034053917806257e-12
1.4357360059483176e-11
1.584696770893163e-12
1.456225170387391e-11
1.6708598913877333e-12
1.477761768638739e-11
1.7623596492118491e-12
1.5004033419610247e-11
1.8597143442312235e-12
1.5242121204683203e-11
1.9635031989713481e-12
1.549255421934548e-11
2.0743751128870574e-12
1.5756060791855929e-11
2.1930588862264231e-12
1.603342894486228e-11
2.3203751962630204e-12
1.632551117402849e-11
2.4572506693312721e-12
1.6633229399011149e-11
2.604734468661826e-12
1.6957579983536141e-11
2.7640179101454027e-12
1.7299638664773056e-11
2.9364577357445896e-12
1.7660565150528147e-11
3.1236038177189857e-12
1.8041607027995925e-11
3.3272322475652236e-12
1.8444102464493159e-11
3.5493849891007407e-12
1.886948095148712e-11
3.7924175549070207e-12
1.9319261017900981e-11
4.0590565153860973e-12
1.9795043381379221e-11
4.3524690862401399e-12
2.0298497359514423e-11
4.6763475756302779e-12
2.0831337449424785e-11
5.0350121345321894e-12
2.1395285694882021e-11
5.4335360541054162e-12
2.1992013638240006e-11
5.8778988019625437e-12
2.2623055088147963e-11
6.3751730825318611e-12
2.3289677320933032e-11
6.9337533923274636e-12
2.3992693279335965e-11
7.5636346976442111e-12
2.4732190302160427e-11
8.2767507252769539e-12
2.5507141258614039e-11
9.0873814031593372e-12
2.631485090499313e-11
1.0012637243252045e-11
2.7150173113255027e-11
1.1073023177873858e-11
2.8004412976260823e-11
1.2293072501446144e-11
2.8863802073114112e-11
1.3702017975059915e-11
2.9707409814606637e-11
1.5334423222875015e-11
3.0504337483839306e-11
1.723061906120227e-11
3.1210049399282056e-11
1.9436658081972871e-11
3.1761772053817686e-11
2.200326730682891e-11
3.2073095385737256e-11
2.498281476092403e-11
3.202832119729495e-11
2.8421891239732858e-11
3.1477724730351828e-11
3.2340396372363389e-11
3.0235211118665067e-11
3.665170942679476e-11
2.8077815029290123e-11
4.0796821158837565e-11
2.4739756436068834e-11
4.2120568669471007e-11
1.9900771067699941e-11
2.9974509549084875e-11
1.3299807668709034e-11
-2.7879926190981561e-11
5.5274072109330095e-12
-1.8152886740555899e-10
-3.2818570153201915e-10
1.1383143585598339e-11
1.2803681029370034e-14
1.1388988698683162e-11
3.935357075937387e-14
1.1398788274500423e-11
6.5966959854778419e-14
1.141255718481156e-11
9.2686770737693767e-14
1.1430316362600132e-11
1.1955643558466608e-13
1.1452092894828822e-11
1.4662010730476196e-13
1.1477920142770644e-11
1.7392287659691127e-13
1.1507837891023287e-11
2.0151099719816952e-13
1.1541892526359874e-11
2.2943212124733307e-13
1.1580137247817565e-11
2.5773554726986204e-13
1.1622632309662021e-11
2.8647248280996101e-13
1.1669445299169137e-11
3.1569632460955869e-13
1.1720651451401193e-11
3.4546295897138344e-13
1.1776334003550287e-11
3.7583108546750076e-13
1.1836584591800836e-11
4.0686256758909241e-13
1.1901503694008847e-11
4.3862281422414819e-13
1.1971201121741286e-11
4.7118119620423751e-13
1.2045796566287849e-11
5.0461150321199115e-13
1.2125420202820395e-11
5.3899244625564135e-13
1.2210213358651118e-11
5.7440821248488825e-13
1.2300329251028906e-11
6.1094907956734632e-13
1.2395933801642557e-11
6.487120978404297e-13
1.2497206535004768e-11
6.8780185011288139e-13
1.2604341569353297e-11
7.2833129995051177e-13
1.2717548709627758e-11
7.7042274156872678e-13
1.2837054652991929e-11
8.1420886592270967e-13
1.2963104318914039e-11
8.5983396022108141e-13
1.3095962317214366e-11
9.0745526133179292e-13
1.3235914568902183e-11
9.5724448597534602e-13
1.3383270096740137e-11
1.0093895656022675e-12
1.3538363004118359e-11
1.0640966183694926e-12
1.3701554663329962e-11
1.1215921955883949e-12
1.3873236136557448e-11
1.1821258484638646e-12
1.4053830855558397e-11
1.2459730674358123e-12
1.4243797589001547e-11
1.3134386584379587e-12
1.4443633729364394e-11
1.3848606305890697e-12
1.4653878934543265e-11
1.4606146862862512e-12
1.4875119162330439e-11
1.5411194214696647e-12
1.5107991139607861e-11
1.6268423670408143e-12
1.5353187310209023e-11
1.7183070284406899e-12
1.5611461307892607e-11
1.816101115230462e-12
1.5883634001890804e-11
1.9208861922581381e-12
1.6170600160560421e-11
2.0334090375879596e-12
1.6473335775149106e-11
2.1545150546973054e-12
1.679290607559247e-11
2.285164168153817e-12
1.7130474253471784e-11
2.4264497321775963e-12
1.7487310879101228e-11
2.5796211100074408e-12
1.7864803954378182e-11
2.7461107423190815e-12
1.8264469473424857e-11
2.9275667283858804e-12
1.8687962256481248e-11
3.1258922058936956e-12
1.9137086663027902e-11
3.3432931481717614e-12
1.9613806550395385e-11
3.5823366277533716e-12
2.0120253490625706e-11
3.8460221457249394e-12
2.0658731731954237e-11
4.1378693339045807e-12
2.1231717616361675e-11
4.4620262496754705e-12
2.1841850016611261e-11
4.8234036532761525e-12
2.2491906664650802e-11
5.2278421532414681e-12
2.3184758743113065e-11
5.6823210032839035e-12
2.3923292423743832e-11
6.1952197107555784e-12
2.4710280599940797e-11
6.7766465202947222e-12
2.5548180065233083e-11
7.4388512586034117e-12
2.643881768309861e-11
8.1967437836497015e-12
2.7382912078417857e-11
9.0685428459287863e-12
2.8379352942825671e-11
1.0076582311017883e-11
2.9424125599496761e-11
1.1248299841692393e-11
3.05087213690819e-11
1.2617422200988885e-11
3.1617812816743073e-11
1.4225331763816015e-11
3.2725898875129038e-11
1.6122532941400768e-11
3.379255497757869e-11
1.8370001538173294e-11
3.4755888118021053e-11
2.1039930928798175e-11
3.552386981516692e-11
2.4214810276168013e-11
3.596355921889014e-11
2.7982050944366325e-11
3.5888964156729363e-11
3.2414066142313428e-11
3.5049247917521773e-11
3.7486270606080098e-11
3.3118736980610601e-11
4.2701894582602317e-11
2.9687372322074647e-11
4.5444631944748082e-11
2.4265778540917691e-11
3.5028867782006515e-11
1.6468250655128603e-11
-2.1019772348164013e-11
6.9860960367909402e-12
-1.7356400627493443e-10
-3.2212517975787461e-10
1.1409402057372211e-11
1.0883247123371917e-14
1.1415310753118568e-11
3.3444875256071615e-14
1.1425216889909306e-11
5.6060823141103645e-14
1.143913585058639e-11
7.8767810134231478e-14
1.1457089290750226e-11
1.0160299547908973e-13
1.1479105237681626e-11
1.2460416042662224e-13
1.1505218218819154e-11
1.4780989551306769e-13
1.1535469421068954e-11
1.7125979500301359e-13
1.1569906882136853e-11
1.9499466022003855e-13
1.1608585715526232e-11
2.1905671392161555e-13
1.1651568370962517e-11
2.434898274159481e-13
1.1698924932521957e-11
2.6833976309358495e-13
1.1750733456920258e-11
2.9365443460127e-13
1.1807080354863217e-11
3.194841875536217e-13
1.1868060818880563e-11
3.4588210360161612e-13
1.1933779301313447e-11
3.7290433182331198e-13
1.2004350046799271e-11
4.0061045075205228e-13
1.2079897684242727e-11
4.2906386577354223e-13
1.2160557883621992e-11
4.5833224688481268e-13
1.2246478083944528e-11
4.8848801220628771e-13
1.2337818299429674e-11
5.1960886412923318e-13
1.2434752011932698e-11
5.5177838539001006e-13
1.2537467158543255e-11
5.8508670355936342e-13
1.2646167224592775e-11
6.1963123394745149e-13
1.2761072453661714e-11
6.55517512583666e-13
1.2882421187479148e-11
6.9286013219465138e-13
1.3010471350740481e-11
7.3178379704591287e-13
1.3145502097477294e-11
7.7242451465540128e-13
1.3287815638073233e-11
8.14930945445354e-13
1.3437739268366674e-11
8.5946593538097516e-13
1.3595627625846828e-11
9.0620826100065541e-13
1.3761865200111335e-11
9.5535462141944109e-13
1.3936869130393502e-11
1.0071219182856055e-12
1.4121092325315506e-11
1.0617498725956708e-12
1.431502694689276e-11
1.1195040369801519e-12
1.4519208305124357e-11
1.1806792724660782e-12
1.4734219217104421e-11
1.2456037743845726e-12
1.4960694891063428e-11
1.3146437476025617e-12
1.5199328404490747e-11
1.388208853683004e-12
1.5450876854825432e-11
1.4667585781967668e-12
1.5716168270863319e-11
1.5508096992469269e-12
1.5996109384737939e-11
1.6409450783934872e-12
1.6291694375795518e-11
1.7378240465455894e-12
1.6604014709478741e-11
1.8421947209987078e-12
1.6934270206781937e-11
1.9549086708169212e-12
1.7283781488510002e-11
2.0769384503857095e-12
1.7654003946448055e-11
2.2093986519873364e-12
1.804654339172685e-11
2.3535712969419169e-12
1.8463173519202924e-11
2.5109366008267471e-12
1.8905855294431066e-11
2.6832104305724069e-12
1.9376758306399911e-11
2.8723901360369563e-12
1.9878284014609623e-11
3.0808109193143581e-12
2.0413090625363262e-11
3.3112155347269428e-12
2.098411901243493e-11
3.5668409464661046e-12
2.1594618584101117e-11
3.851526677565772e-12
2.2248171178375979e-11
4.1698510584680271e-12
2.2948709777253988e-11
4.5273035537223099e-12
2.3700526798262808e-11
4.9305039814845503e-12
2.4508263539168741e-11
5.3874829689342107e-12
2.5376867371582557e-11
5.908042686806184e-12
2.6311495497614619e-11
6.5042231312336066e-12
2.7317331943895121e-11
7.1909073357262564e-12
2.8399265571796314e-11
7.9866092159737369e-12
2.9561347607090038e-11
8.9145002731524878e-12
3.0805902176196509e-11
1.0003745269256611e-11
3.2132094985922883e-11
1.1291229386456549e-11
3.3533663654874943e-11
1.2823763082970193e-11
3.4995367159412771e-11
1.4660829374784735e-11
3.6487512338713671e-11
1.6877855916964163e-11
3.7957671080616257e-11
1.9569768951240539e-11
3.9318478762239373e-11
2.2853979827954466e-11
4.0430321534993854e-11
2.6870057423535535e-11
4.1078068077965151e-11
3.1765395148556567e-11
4.0942053848316814e-11
3.7617134105037561e-11
3.9564905497199627e-11
4.4053624484738447e-11
3.6318879188394329e-11
4.8583425461644319e-11
3.0410880775956722e-11
4.0569818765966766e-11
2.1149850294497834e-11
-1.2695761528003677e-11
9.2434403894815914e-12
-1.6317450002644489e-10
-3.1380714314590157e-10
1.1429662851455905e-11
8.9449591507930161e-15
1.1435625825105206e-11
2.7481901842607739e-14
1.1445622924968759e-11
4.6063723350908807e-14
1.1459669974409383e-11
6.4720760765534026e-14
1.1477789252121502e-11
8.3483717827288877e-14
1.1500009596243955e-11
1.0238381635980921e-13
1.1526366539948307e-11
1.214529518641575e-13
1.1556902479702043e-11
1.4072385530469231e-13
1.159166687753766e-11
1.6023026242571231e-13
1.1630716499100683e-11
1.8000709240122132e-13
1.1674115689320817e-11
2.0009063723951717e-13
1.1721936688345689e-11
2.2051876411252675e-13
1.1774259990417157e-11
2.4133113257484435e-13
1.183117474889264e-11
2.6256942912303287e-13
1.1892779231174446e-11
2.8427762136613728e-13
1.1959181327760363e-11
3.0650223526990051e-13
1.2030499120233442e-11
3.2929265831262239e-13
1.2106861513621204e-11
3.5270147242364621e-13
1.2188408939477412e-11
3.7678482106985922e-13
1.227529413655193e-11
4.0160281517705775e-13
1.2367683017229335e-11
4.2721998346861049e-13
1.2465755628960762e-11
4.5370577371251814e-13
1.2569707220593601e-11
4.8113511198483744e-13
1.2679749425944912e-11
5.0958902866005752e-13
1.2796111577654556e-11
5.3915536094447499e-13
1.2919042166644175e-11
5.6992954326324371e-13
1.3048810464726564e-11
6.0201549905991269e-13
1.3185708330083923e-11
6.3552664939890607e-13
1.3330052218675058e-11
6.7058705695283522e-13
1.3482185427307804e-11
7.0733272685437761e-13
1.3642480598633609e-11
7.4591308975590295e-13
1.3811342522266544e-11
7.8649269787621959e-13
1.3989211271981984e-11
8.2925316870010313e-13
1.417656572420978e-11
8.7439542048192685e-13
1.4373927511375818e-11
9.221422499345429e-13
1.4581865470498178e-11
9.7274131343613551e-13
1.4801000658580248e-11
1.0264685864272873e-12
1.5032012016503743e-11
1.0836323897840148e-12
1.5275642777703873e-11
1.1445780925327874e-12
1.5532707732527513e-11
1.2096936234278816e-12
1.5804101478163972e-11
1.2794159536837686e-12
1.6090807805553255e-11
1.3542387510489716e-12
1.6393910399784438e-11
1.4347214523414832e-12
1.6714605059643957e-11
1.5215000611276276e-12
1.7054213676309083e-11
1.6153000541150927e-12
1.7414200249875778e-11
1.7169518767699465e-12
1.7796189266982414e-11
1.8274096348371872e-12
1.820198681209168e-11
1.9477737517731703e-12
1.8633604838875186e-11
2.079318573966868e-12
1.9093289083054334e-11
2.2235261863425697e-12
1.9583551151279954e-11
2.382128067710572e-12
2.0107205361833636e-11
2.5571567085778214e-12
2.0667410927189875e-11
2.7510099691149795e-12
2.1267720030553341e-11
2.9665318428257548e-12
2.1912132211862169e-11
3.2071144958716032e-12
2.2605155169565164e-11
3.4768281002995326e-12
2.3351871473206809e-11
3.7805872494857677e-12
2.4158009559159462e-11
4.124365894828278e-12
2.5030015388933101e-11
4.5154771383160044e-12
2.5975117692621927e-11
4.9629403821131362e-12
2.7001373798274377e-11
5.4779670243310753e-12
2.811767298870047e-11
6.0746081437131857e-12
2.9333657321780465e-11
6.7706248808415617e-12
3.0659491215275639e-11
7.5886663770273096e-12
3.2105363060097927e-11
8.5578734210170867e-12
3.3680521963167752e-11
9.7160704783650714e-12
3.5391520072024379e-11
1.1112764961880693e-11
3.7239114386419289e-11
1.2813234997840893e-11
3.9212936475086171e-11
1.4904033386127044e-11
4.1282507139000398e-11
1.7500195054435871e-11
4.3382396772941103e-11
2.0754067453689287e-11
4.5388329932958753e-11
2.4863973695633748e-11
4.707999875200079e-11
3.0072802960195244e-11
4.8085576215004369e-11
3.6606411644695573e-11
4.780344596361463e-11
4.4310362420529688e-11
4.5304470674416428e-11
5.0975265695753906e-11
3.9275976572352939e-11
4.6231544951930329e-11
2.8357170128512125e-11
-2.7134254508137372e-12
1.2939100934200704e-11
-1.4927270792591021e-10
-3.0179316551701227e-10
1.1432623647096528e-11
6.9922048726754015e-15
1.1438630485710782e-11
2.1475063492404455e-14
1.1448701063502536e-11
3.5993145634964772e-14
1.146285156759466e-11
5.0570256739432172e-14
1.1481104791525312e-11
6.5230493955351473e-14
1.1503490243215835e-11
7.9998364726444051e-14
1.1530044286602845e-11
9.4898908534227156e-14
1.1560810317393654e-11
1.0995782457031309e-13
1.1595838974597163e-11
1.2520160527999472e-13
1.1635188389440254e-11
1.4065767761691923e-13
1.1678924473877148e-11
1.5635455286258754e-13
1.1727121251473745e-11
1.7232198657678599e-13
1.1779861233501782e-11
1.8859115059231838e-13
1.1837235843900443e-11
2.0519481877139882e-13
1.1899345896918934e-11
2.2216756839480021e-13
1.1966302132352399e-11
2.3954599988645304e-13
1.2038225813329691e-11
2.5736897738627557e-13
1.2115249392811154e-11
2.7567789299640372e-13
1.219751725558671e-11
2.9451695835161108e-13
1.2285186543521407e-11
3.1393352728771906e-13
1.2378428072956723e-11
3.3397845409845241e-13
1.247742735433753e-11
3.5470649238567696e-13
1.2582385725561525e-11
3.7617674082023422e-13
1.2693521612173031e-11
3.9845314211375418e-13
1.2811071929485813e-11
4.216050436700167e-13
1.2935293643858271e-11
4.4570782896694429e-13
1.3066465512622157e-11
4.7084363037677477e-13
1.3204890025578802e-11
4.9710213652766241e-13
1.3350895573963952e-11
5.2458150865874331e-13
1.3504838876943115e-11
5.5338942397351107e-13
1.3667107700308067e-11
5.836442665129522e-13
1.3838123907661559e-11
6.1547649064674329e-13
1.4018346890582453e-11
6.4903018591056793e-13
1.4208277432070401e-11
6.8446487913266197e-13
1.4408462066567448e-11
7.2195761554971336e-13
1.4619498010401675e-11
7.6170536974920343e-13
1.484203874921845e-11
8.0392784773246859e-13
1.5076800384527828e-11
8.4887075459235936e-13
1.5324568858847253e-11
8.9680961829054285e-13
1.5586208201601163e-11
9.480542807718339e-13
1.586266996316895e-11
1.0029541921849396e-12
1.6155004036859456e-11
1.0619046773993598e-12
1.6464371105992892e-11
1.1253543832240489e-12
1.6792056999905691e-11
1.193814167256849e-12
1.7139489297828613e-11
1.2678677562091079e-12
1.7508256589085285e-11
1.348184585502078e-12
1.7900130878649889e-11
1.4355353452756675e-12
1.8317093729099713e-11
1.5308109013183273e-12
1.8761366851679491e-11
1.6350454513553219e-12
1.9235448006796053e-11
1.7494450311712294e-12
1.9742153253029725e-11
1.8754228213915232e-12
2.0284666797179992e-11
2.0146431643206142e-12
2.0866599949858596e-11
2.1690768162861842e-12
2.1492060982282601e-11
2.3410708101748307e-12
2.2165738004107932e-11
2.5334374737906263e-12
2.2892997318399757e-11
2.7495687856262902e-12
2.3680000014279166e-11
2.9935845531200264e-12
2.4533839727219178e-11
3.2705261813267281e-12
2.5462704345525209e-11
3.5866125193196631e-12
2.6476063592979403e-11
3.9495811337835139e-12
2.7584882177780259e-11
4.3691484384312367e-12
2.8801853263993985e-11
4.8576370560930102e-12
3.0141636971874716e-11
5.4308411710722397e-12
3.1621068963504041e-11
6.1092343829418664e-12
3.3259266621113837e-11
6.9196757600899683e-12
3.5077489587441384e-11
7.897847507102775e-12
3.7098479479299971e-11
9.0917750578278329e-12
3.9344759585472528e-11
1.0566954829127411e-11
4.1834928858578535e-11
1.2413863671183462e-11
4.4576179261212122e-11
1.4758941423038598e-11
4.7549844485451454e-11
1.7780379521767579e-11
5.0684350510419025e-11
2.1729317326483786e-11
5.3805894685993497e-11
2.6950336794389245e-11
5.6551003515262906e-11
3.38561653916313e-11
5.8216904972946836e-11
4.2619104629878905e-11
5.7524381884928302e-11
5.1560794797978165e-11
5.2346078071552936e-11
5.1043505576803322e-11
3.99091353272009e-11
8.78792528009693e-12
1.9353047926772794e-11
-1.3023185376794696e-10
-2.833647619214063e-10
1.1356706949473158e-11
5.0304188153557672e-15
1.1362740536374782e-11
1.5441476861169418e-14
1.1372855731769034e-11
2.5877950303120878e-14
1.1387068989943581e-11
3.6356998604317751e-14
1.140540348104553e-11
4.6896002874569697e-14
1.1427889202066232e-11
5.7512643737100305e-14
1.1454563123391088e-11
6.8224987235530797e-14
1.1485469370667509e-11
7.9051577328583237e-14
1.1520659443365682e-11
9.0011532617619222e-14
1.1560192472060496e-11
1.0112464895002599e-13
1.1604135516839942e-11
1.124115081199991e-13
1.1652563909574932e-11
1.2389359387880975e-13
1.170556164322941e-11
1.3559341697589301e-13
1.1763221812095161e-11
1.4753464994481378e-13
1.1825647106997995e-11
1.5974227354796787e-13
1.1892950370495493e-11
1.7224273643093166e-13
1.1965255217830259e-11
1.850641301123138e-13
1.204269672962132e-11
1.982363812686464e-13
1.2125422224032758e-11
2.1179146400598637e-13
1.2213592116515882e-11
2.2576363486741409e-13
1.2307380876727076e-11
2.4018969395338115e-13
1.240697809342319e-11
2.5510927576075377e-13
1.2512589659899456e-11
2.7056517442101797e-13
1.2624439094039514e-11
2.8660370805469038e-13
1.2742769009455125e-11
3.032751283421739e-13
1.2867842756359654e-11
3.2063408215398613e-13
1.2999946253806932e-11
3.3874013305818118e-13
1.3139390037959037e-11
3.5765835250904188e-13
1.3286511555454666e-11
3.7745999130309987e-13
1.344167773476317e-11
3.9822324479715567e-13
1.3605287874261766e-11
4.2003412715420448e-13
1.3777776892000177e-11
4.429874730572262e-13
1.3959618989222687e-11
4.6718808884527836e-13
1.4151331789224781e-11
4.9275207929435064e-13
1.4353481023120151e-11
5.1980838182261624e-13
1.4566685847251698e-11
5.4850054578786965e-13
1.4791624891823597e-11
5.7898880332953763e-13
1.5029043159006621e-11
6.1145248755741636e-13
1.5279759910819372e-11
6.4609286664865586e-13
1.554467771399305e-11
6.8313647774854269e-13
1.5824792842231836e-11
7.2283906409984601e-13
1.6121207275973826e-11
7.6549024376740466e-13
1.6435142589875982e-11
8.1141906941552775e-13
1.6767956078323073e-11
8.6100067891487424e-13
1.7121159545753976e-11
9.1466428888301298e-13
1.7496441281957157e-11
9.7290284937602799e-13
1.7895691860433504e-11
1.0362847668827147e-12
1.8321034544829991e-11
1.1054682170108733e-12
1.8774861275163264e-11
1.1812187211235467e-12
1.9259875440720598e-11
1.2644308657290176e-12
1.9779142945340003e-11
1.3561553168545777e-12
2.0336153454168634e-11
1.4576326554957773e-12
2.0934894198695882e-11
1.5703360717184018e-12
2.1579939345461267e-11
1.6960256633398671e-12
2.2276558740328742e-11
1.8368180788110016e-12
2.3030850875716297e-11
1.9952766500749903e-12
2.3849906253914373e-11
2.1745291746716161e-12
2.4742009000045902e-11
2.3784234349084377e-12
2.5716886677593999e-11
2.6117348413590255e-12
2.6786020799827461e-11
2.8804470110189361e-12
2.7963033429315936e-11
3.1921358081797404e-12
2.9264168159999478e-11
3.5565023243998649e-12
3.0708885710661585e-11
3.9861236189349442e-12
3.2320592977278387e-11
4.4975271143305362e-12
3.4127514399457269e-11
5.1127543351594227e-12
3.6163684243006356e-11
5.8616776592422396e-12
3.846996277283108e-11
6.7854965165661971e-12
4.1094804773788816e-11
7.9421127665234678e-12
4.4094122228584016e-11
9.4145457760937615e-12
4.7528747043625716e-11
1.1324313385208052e-11
5.1456221325918537e-11
1.3852882570445025e-11
5.5909898421908063e-11
1.7275490149681319e-11
6.0850493579565462e-11
2.200882132271052e-11
6.6058912641927887e-11
2.8642618521625519e-11
7.0905788232597529e-11
3.7746920785405502e-11
7.3878311860046019e-11
4.8481476866998841e-11
7.1759312988935041e-11
5.2796800918026126e-11
5.9029376729779168e-11
2.0583672902710896e-11
3.1085029360522934e-11
-1.0380100281021312e-10
-2.5320356315641586e-10
1.0935154741359747e-11
3.0788711173989726e-15
1.094115387077053e-11
9.4423477511142507e-15
1.0951210425106207e-11
1.5821396096235389e-14
1.0965340911038388e-11
2.2226512741525812e-14
1.0983568560244552e-11
2.8668353708943621e-14
1.1005923447487188e-11
3.5157756549525699e-14
1.1032442640975704e-11
4.1705793807113745e-14
1.1063170387414542e-11
4.8323830969209012e-14
1.1098158333795827e-11
5.5023586317878059e-14
1.1137465788457942e-11
6.1817194370867565e-14
1.1181160023885187e-11
6.871727277684381e-14
1.1229316624098661e-11
7.5736993750782103e-14
1.1282019879923071e-11
8.2890161236282865e-14
1.1339363236286934e-11
9.0191293683736221e-14
1.1401449795496786e-11
9.7655714440416663e-14
1.1468392881919874e-11
1.0529965009683254e-13
1.1540316673922499e-11
1.131403382008749e-13
1.1617356909239138e-11
1.2119614604626078e-13
1.1699661671960572e-11
1.2948670139768063e-13
1.1787392269306614e-11
1.3803303763853706e-13
1.1880724208526405e-11
1.4685775485486017e-13
1.1979848284870921e-11
1.5598519954254815e-13
1.2084971794011249e-11
1.6544166541211197e-13
1.2196319883470601e-11
1.7525561874760125e-13
1.2314137060466098e-11
1.8545795150342914e-13
1.2438688875724665e-11
1.9608226707270012e-13
1.2570263806035579e-11
2.0716520292934205e-13
1.2709175361802114e-11
2.1874679694636247e-13
1.2855764449970718e-11
2.3087090336077861e-13
1.3010402027669923e-11
2.4358566730032796e-13
1.3173492087749165e-11
2.5694406728547424e-13
1.334547502392011e-11
2.7100453710473495e-13
1.3526831431948205e-11
2.8583168106745917e-13
1.371808641247688e-11
3.0149709901424948e-13
1.3919814453403866e-11
3.1808034116389407e-13
1.4132644983257343e-11
3.3567001622013578e-13
1.4357268704376055e-11
3.5436508249405397e-13
1.4594444835181017e-11
3.7427635703051389e-13
1.4845009416107369e-11
3.9552828600618997e-13
1.5109884864073282e-11
4.1826103006988223e-13
1.539009099882136e-11
4.4263292964190018e-13
1.5686757810380007e-11
4.6882343248722852e-13
1.6001140295060428e-11
4.9703658502091054e-13
1.6334635759183342e-11
5.2750521507370584e-13
1.6688804080557598e-11
5.6049596778281208e-13
1.7065391530765355e-11
5.9631539946198242e-13
1.746635890620929e-11
6.3531739173824654e-13
1.7893914899794259e-11
6.7791222374639825e-13
1.8350555880688655e-11
7.2457774055049118e-13
1.8839113555812582e-11
7.7587319094579081e-13
1.9362812382195864e-11
8.3245649080080826e-13
1.9925339121173976e-11
8.9510591685406263e-13
2.0530927610392634e-11
9.6474758278158541e-13
2.1184462744402195e-11
1.0424905296063651e-12
2.1891608878420754e-11
1.1296719450896346e-12
2.265896952727626e-11
1.2279160014815257e-12
2.3494287487557121e-11
1.339211214638581e-12
2.4406697612608394e-11
1.4660133101134555e-12
2.5407048764119026e-11
1.6113836900278955e-12
2.6508317447023798e-11
1.7791783282908251e-12
2.7726144022792213e-11
1.9743092324214889e-12
2.9079534169048834e-11
2.2031121779295021e-12
3.0591784769144823e-11
2.4738730183137484e-12
3.2291716278540348e-11
2.7975956040340286e-12
3.4215324495089059e-11
3.189146117123399e-12
3.6408003799724327e-11
3.6689983517698988e-12
3.8927536430069309e-11
4.2659638765870316e-12
4.1848067616828517e-11
5.0215815204178025e-12
4.5265229264031439e-11
5.9973836919212426e-12
4.930225191448406e-11
7.2872875197922441e-12
5.4115821594403485e-11
9.0392902603991879e-12
5.9897259983499727e-11
1.1493901939992174e-11
6.6855372332617486e-11
1.5049790394011165e-11
7.5141547165702326e-11
2.0351326461612153e-11
8.4605045809880448e-11
2.8258170577048328e-11
9.4066936138086643e-11
3.891304604934604e-11
9.9422765078321665e-11
4.7076146751859219e-11
9.0437640443765216e-11
2.8636671562741855e-11
5.2769255607703649e-11
-6.7643469018067929e-11
-2.0135688288310101e-10
9.3349876949220112e-12
1.2384668384690531e-15
9.3406372028284759e-12
3.7928401929584464e-15
9.3501052443291919e-12
6.3533548388224954e-15
9.3634074474878199e-12
8.9243097560512306e-15
9.3805657868113785e-12
1.1510014512844257e-14
9.4016087099070736e-12
1.4114833539918096e-14
9.42657128150829e-12
1.6743222301460863e-14
9.4554953600447203e-12
1.939975252662502e-14
9.4884298090838383e-12
2.2089137389198747e-14
9.5254307460858481e-12
2.4816257495913707e-14
9.5665618308986207e-12
2.7586188092268242e-14
9.6118945968110212e-12
3.0404227966541857e-14
9.6615088275530411e-12
3.3275930646474931e-14
9.715492983680905e-12
3.6207137724445221e-14
9.7739446828303394e-12
3.9204015476266885e-14
9.8369712386482949e-12
4.2273094449149301e-14
9.9046902639951148e-12
4.5421313042222784e-14
9.9772303447739e-12
4.8656065458337355e-14
1.0054731791843963e-11
5.198525452096319e-14
1.0137347479290411e-11
5.5417350420470179e-14
1.022524377872856e-11
5.8961455664534122e-14
1.0318601600593636e-11
6.262737791292186e-14
1.0417617555146009e-11
6.6425711115782841e-14
1.0522505247351251e-11
7.0367926817364761e-14
1.0633496722718151e-11
7.4466476432143571e-14
1.0750844082959689e-11
7.8734907130494156e-14
1.0874821293776151e-11
8.3187992433550474e-14
1.1005726210384245e-11
8.7841880695982641e-14
1.1143882850367396e-11
9.2714263725391718e-14
1.1289643948750119e-11
9.7824569304475556e-14
1.1443393835290519e-11
1.0319418117091454e-13
1.160555168119421e-11
1.0884669163443715e-13
1.1776575170746757e-11
1.1480819197033178e-13
1.195696466252912e-11
1.2110760774001687e-13
1.2147267917192192e-11
1.2777708700405567e-13
1.2348085482744531e-11
1.3485245117944053e-13
1.2560076845081617e-11
1.423737207039392e-13
1.2783967472918345e-11
1.50385729748732e-13
1.3020556911363979e-11
1.589388481360352e-13
1.3270728109862402e-11
1.6808983214850426e-13
1.3535458208772623e-11
1.7790283131072931e-13
1.3815831056874748e-11
1.8845058499907478e-13
1.4113051791561675e-11
1.9981585095395983e-13
1.4428463888665491e-11
2.1209311861618505e-13
1.4763569183017883e-11
2.2539067410694029e-13
1.5120051480706642e-11
2.3983310249890977e-13
1.5499804536878434e-11
2.5556433634375277e-13
1.5904965369856558e-11
2.7275139159531332e-13
1.6337954136593605e-11
2.9158897468739392e-13
1.6801522127324347e-11
3.1230520113009766e-13
1.729880987434255e-11
3.3516874476306881e-13
1.783341795014335e-11
3.6049784202951249e-13
1.84094938080705e-11
3.8867172589293474e-13
1.9031839068426887e-11
4.2014527034212328e-13
1.9706043090673696e-11
4.5546792397436298e-13
2.0438650655958486e-11
4.9530843742216196e-13
2.1237374358361908e-11
5.404875135415636e-13
2.2111366232004024e-11
5.9202143788725801e-13
2.307156877495761e-11
6.5118114855694285e-13
2.4131173738256189e-11
7.1957336657033391e-13
2.5306229165898463e-11
7.9925380639115781e-13
2.6616453387621826e-11
8.9288795783702484e-13
2.808634245002237e-11
1.0039839575061434e-12
2.974670067224659e-11
1.1372373832539135e-12
3.1636792208275144e-11
1.2990545823866811e-12
3.380742103299391e-11
1.4983695274574996e-12
3.6325425143050904e-11
1.7479597607737084e-12
3.9280363729222985e-11
2.0666428796351952e-12
4.2794657538694118e-11
2.483089451437298e-12
4.7039216675989975e-11
3.0427251762673024e-12
5.225773535806257e-11
3.8207489711931852e-12
5.8804024790528359e-11
4.9474628216433508e-12
6.7195479879060313e-11
6.6574177315869281e-12
7.8167145200103391e-11
9.3745510142040927e-12
9.2615922246467896e-11
1.3784185791000496e-11
1.1093365474243337e-10
2.0488997137265405e-11
1.2992747627189256e-10
2.771837440094625e-11
1.3409039850461381e-10
2.354387768810668e-11
8.9092597413889868e-11
-2.4153533787246749e-11
-1.1318544189254922e-10
4.9146144219552777e-12
4.9184072620806577e-12
4.9247606169570467e-12
4.933684926836591e-12
4.9451949414760071e-12
4.9593097751632741e-12
4.9760529976582288e-12
4.9954527504020001e-12
5.0175418880406287e-12
5.0423581458185403e-12
5.0699443342161226e-12
5.1003485624892694e-12
5.1336244935057269e-12
5.1698316316328153e-12
5.2090356475288332e-12
5.2513087424073922e-12
5.2967300558965415e-12
5.3453861218671272e-12
5.3973713769339249e-12
5.4527887279343331e-12
5.5117501842132971e-12
5.5743775627431658e-12
5.6408032745576711e-12
5.7111712021081688e-12
5.7856376793159092e-12
5.8643725872644464e-12
5.9475605805431183e-12
6.0354024621200383e-12
6.128116726809477e-12
6.2259412970979971e-12
6.3291354793133123e-12
6.4379821720592833e-12
6.5527903652077384e-12
6.6738979742077485e-12
6.8016750625206679e-12
6.9365275150641758e-12
7.0789012371851438e-12
7.2292869684490858e-12
7.3882258181501359e-12
7.556315651976957e-12
7.7342184850250042e-12
7.9226690718615932e-12
8.1224849247791969e-12
8.3345780454477827e-12
8.5599687217528892e-12
8.7998018265881455e-12
9.0553661654368149e-12
9.3281175596806084e-12
9.619706537180796e-12
9.9320117413086756e-12
1.0267180489290379e-11
1.0627678334760114e-11
1.1016350064347691e-11
1.1436495338650999e-11
1.1891963266936364e-11
1.2387271709013875e-11
1.2927759227638325e-11
1.3519780671065212e-11
1.4170961825688083e-11
1.489053519888029e-11
1.5689789012563297e-11
1.6582676978389506e-11
1.7586660944758868e-11
1.8723898337907596e-11
2.0022952931381915e-11
2.1521322470819056e-11
2.3269282239563564e-11
2.5335925080951336e-11
2.7819014120636832e-11
3.086173611064462e-11
3.4682462477627705e-11
3.9629775493668042e-11
4.6286274894415737e-11
5.5655712490241151e-11
6.9414681217542585e-11
8.9797359923734223e-11
1.1715191863259996e-10
1.3976654310788932e-10
1.141061149905783e-10
)
;

boundaryField
{
    hotWall
    {
        type            calculated;
        value           nonuniform List<scalar> 0();
    }
    coldWall
    {
        type            calculated;
        value           nonuniform List<scalar> 
80
(
0
0
0
0
0
0
0
0
0
0
0
0
0
0
0
0
0
0
0
0
0
0
0
8.2718061255302767e-25
0
0
-8.2718061255302767e-25
0
0
0
8.2718061255302767e-25
-8.2718061255302767e-25
0
0
0
0
-8.2718061255302767e-25
-8.2718061255302767e-25
8.2718061255302767e-25
8.2718061255302767e-25
-8.2718061255302767e-25
0
8.2718061255302767e-25
0
0
0
0
0
0
0
0
0
0
0
0
0
0
0
0
0
0
0
0
0
0
0
0
0
0
0
0
0
0
0
0
0
0
0
0
0
)
;
    }
    bottomWall
    {
        type            calculated;
        value           nonuniform List<scalar> 0();
    }
    topWall
    {
        type            calculated;
        value           uniform 0;
    }
    front
    {
        type            empty;
    }
    back
    {
        type            empty;
    }
    procBoundary1to0
    {
        type            processor;
        value           nonuniform List<scalar> 
80
(
-4.0057547546009824e-12
-4.1349700012450192e-12
-4.2590204082929259e-12
-4.3835604456698192e-12
-4.5077339653434868e-12
-4.6316667011972198e-12
-4.7555113402803404e-12
-4.8793197115387754e-12
-5.0031099501269973e-12
-5.1268898149903864e-12
-5.2506611750658441e-12
-5.3744220282831735e-12
-5.4981677238940394e-12
-5.6218915760924209e-12
-5.7455850892019677e-12
-5.8692379960611228e-12
-5.9928382675109979e-12
-6.1163720737234334e-12
-6.239823701376364e-12
-6.3631754917045592e-12
-6.4864077406840584e-12
-6.6094986138400032e-12
-6.7324240574900591e-12
-6.8551577091165562e-12
-6.9776708089459593e-12
-7.0999321167313988e-12
-7.2219078307225936e-12
-7.3435615102888714e-12
-7.4648540041854046e-12
-7.5857433844098296e-12
-7.7061848864051184e-12
-7.826130856276079e-12
-7.9455307052431691e-12
-8.064330873565138e-12
-8.1824748029467258e-12
-8.2999029192027365e-12
-8.4165526257941011e-12
-8.5323583089934643e-12
-8.6472513551492966e-12
-8.7611601811520547e-12
-8.8740102787311951e-12
-8.9857242731916562e-12
-9.0962219975340935e-12
-9.2054205822478746e-12
-9.3132345616078248e-12
-9.4195759967649457e-12
-9.5243546161138771e-12
-9.627477973091942e-12
-9.7288516220145713e-12
-9.8283793116838064e-12
-9.9259631968202491e-12
-1.0021504067128043e-11
-1.0114901593709794e-11
-1.0206054592293097e-11
-1.0294861302557168e-11
-1.0381219682874105e-11
-1.0465027719378508e-11
-1.0546183748153769e-11
-1.0624586789093478e-11
-1.0700136890067334e-11
-1.0772735479602514e-11
-1.0842285726201108e-11
-1.0908692902154688e-11
-1.0971864749974646e-11
-1.1031711848785071e-11
-1.1088147978593746e-11
-1.1141090479517012e-11
-1.1190460603657847e-11
-1.1236183854672052e-11
-1.1278190289120125e-11
-1.1316414551014856e-11
-1.1350793557289792e-11
-1.1381244060893253e-11
-1.1407481624562608e-11
-1.142772456451125e-11
-1.1430670893766177e-11
-1.135474516442152e-11
-1.0933203194766102e-11
-9.3331472918780825e-12
-4.9133759563803497e-12
)
;
    }
    procBoundary1to2
    {
        type            processor;
        value           nonuniform List<scalar> 
80
(
-4.8354788043180573e-14
-1.7945979389323059e-13
-3.04867911357982e-13
-4.2903327037927657e-13
-5.5311609181001149e-13
-6.7702149177141551e-13
-8.0078848617360518e-13
-9.2448173297681839e-13
-1.0481328015317049e-12
-1.171753747762774e-12
-1.295347952953682e-12
-1.4189140828548364e-12
-1.5424477948353204e-12
-1.6659425497909569e-12
-1.7893899518430837e-12
-1.912779858863738e-12
-2.0361003883604641e-12
-2.1593378742388581e-12
-2.2824767990324301e-12
-2.4054997137814632e-12
-2.5283871517746185e-12
-2.6511175395287088e-12
-2.7736671072135091e-12
-2.8960097999492752e-12
-3.0181171910574805e-12
-3.1399583982002607e-12
-3.261500002904302e-12
-3.3827059746146957e-12
-3.5035375993279534e-12
-3.6239534141754168e-12
-3.7439091481939653e-12
-3.8633576701369637e-12
-3.9822489439783632e-12
-4.100529992936782e-12
-4.2181448727495514e-12
-4.3350346547582775e-12
-4.4511374197365767e-12
-4.5663882632401575e-12
-4.6807193131009773e-12
-4.794059760064223e-12
-4.9063359020566468e-12
-5.0174712027333593e-12
-5.1273863651833981e-12
-5.235999421167507e-12
-5.3432258367063324e-12
-5.4489786342823241e-12
-5.5531685320333865e-12
-5.6557041004276845e-12
-5.756491936510428e-12
-5.8554368555939112e-12
-5.9524421007858156e-12
-6.0474095698003977e-12
-6.1402400587480018e-12
-6.230833522739294e-12
-6.319089352244086e-12
-6.4049066644735165e-12
-6.4881846089908536e-12
-6.5688226861785432e-12
-6.6467210771711665e-12
-6.7217809841024338e-12
-6.7939049783062462e-12
-6.8629973552030527e-12
-6.9289644937353749e-12
-6.991715217831562e-12
-7.0511611574945769e-12
-7.1072171023265089e-12
-7.1598013037249496e-12
-7.2088353857161725e-12
-7.2542411301289615e-12
-7.2959129019688024e-12
-7.3335079138789512e-12
-7.3649463367051702e-12
-7.3763848445172838e-12
-7.2806804965923373e-12
-6.5800882927313668e-12
-2.7868337120362048e-12
1.4383026783625552e-11
7.6279860098353575e-11
2.3004493421456864e-10
3.6190729345391319e-10
)
;
    }
}


// ************************************************************************* //
