/*--------------------------------*- C++ -*----------------------------------*\
  =========                 |
  \\      /  F ield         | OpenFOAM: The Open Source CFD Toolbox
   \\    /   O peration     | Website:  https://openfoam.org
    \\  /    A nd           | Version:  13
     \\/     M anipulation  |
\*---------------------------------------------------------------------------*/
FoamFile
{
    format      ascii;
    class       surfaceScalarField;
    location    "2.9280963393185626";
    object      phi;
}
// * * * * * * * * * * * * * * * * * * * * * * * * * * * * * * * * * * * * * //

dimensions      [1 0 -1 0 0 0 0];

internalField   nonuniform List<scalar> 
4117
(
-3.3815675068694128e-09
-5.741931945808187e-10
-3.3540474587826919e-09
-5.4823373033065102e-10
-3.3259250943522411e-09
-5.1910497385259351e-10
-3.2972732874828151e-09
-4.8723293921125015e-10
-3.2681482716508574e-09
-4.5295649787726257e-10
-3.2385922784118297e-09
-4.1654300202122505e-10
-3.2086357473716618e-09
-3.7820145214494943e-10
-3.178299157496849e-09
-3.3809351881774821e-10
-3.1475945276151986e-09
-2.9634270892344977e-10
-3.1165266309174933e-09
-2.530419433047694e-10
-3.085093964589131e-09
-2.0825978697858654e-10
-3.05328951170696e-09
-1.6204554666469246e-10
-3.0211013284507525e-09
-1.1443342436924506e-10
-2.9885129856488641e-09
-6.5445890949989905e-11
-2.9555038911447668e-09
-1.5096420572871352e-11
-2.9220495081123825e-09
3.6608293212325418e-11
-2.8881215071647293e-09
8.966654483198049e-11
-2.8536878374834016e-09
1.4408014243747047e-10
-2.8187127606374919e-09
1.9985321753341298e-10
-2.7831568415049167e-09
2.5699122369942313e-10
-2.7469769116635939e-09
3.1550009872159813e-10
-2.7101260134833852e-09
3.7538554463513853e-10
-2.6725533325717037e-09
4.3665239487460387e-10
-2.6342041255001443e-09
4.9930404319299588e-10
-2.5950196492274897e-09
5.633419140128565e-10
-2.5549370982892145e-09
6.2876495790439311e-10
-2.5138895556559762e-09
6.9556915925230523e-10
-2.4718059631569718e-09
7.6374704593039936e-10
-2.4286111174807908e-09
8.3328719308707498e-10
-2.3842256979909657e-09
9.0417371506145062e-10
-2.3385663329052065e-09
9.7638574109718686e-10
-2.2915457107610084e-09
1.0498968719738529e-09
-2.2430727445121251e-09
1.1246746160021698e-09
-2.1930527960376837e-09
1.2006798040841145e-09
-2.1413879692867048e-09
1.2778659847753744e-09
-2.0879774806867043e-09
1.3561788015160812e-09
-2.0327181157935317e-09
1.4355553554842611e-09
-1.9755047814196101e-09
1.5159235588486299e-09
-1.9162311625993041e-09
1.5972014845902018e-09
1.6792967205273879e-09
-3.3459436943390535e-09
-6.0201746184566288e-10
-3.3173977712730681e-09
-5.7677964601674541e-10
-3.2882246846641268e-09
-5.482780495855762e-10
-3.2584988132386699e-09
-5.1695879804879785e-10
-3.2282775906934827e-09
-4.83177707353416e-10
-3.1976041947442816e-09
-4.4721638523408313e-10
-3.1665098068459796e-09
-4.0929582814495794e-10
-3.1350154913287769e-09
-3.695878235567744e-10
-3.1031337410902058e-09
-3.2822444962869186e-10
-3.0708697342630899e-09
-2.8530594186113557e-10
-3.0382223428675613e-09
-2.4090717131432636e-10
-3.0051849306552925e-09
-1.9508295293477449e-10
-2.9717459734296714e-09
-1.4787237665511699e-10
-2.937889531230584e-09
-9.9302329088476288e-11
-2.9035955980962827e-09
-4.9390350403545909e-11
-2.8688403521106195e-09
1.8530498885413578e-12
-2.8335963214238388e-09
5.4422516270299692e-11
-2.7978324939675815e-09
1.0831631666261794e-10
-2.7615143657511898e-09
1.6353509063556948e-10
-2.7246039587313971e-09
2.2008081770428412e-10
-2.6870598078299965e-09
2.7795594860887152e-10
-2.6488369292655483e-09
3.3716266667141054e-10
-2.6098867778672903e-09
3.9770224392837956e-10
-2.5701572003636328e-09
4.5957446602446033e-10
-2.5295923911252037e-09
5.2277710501794192e-10
-2.4881328564253738e-09
5.8730542337636667e-10
-2.4457153930336192e-09
6.5315169597597827e-10
-2.4022730868613444e-09
7.2030473982857189e-10
-2.3577353374033929e-09
7.887494436626544e-10
-2.312027913840748e-09
8.5846629150044013e-10
-2.2650730488636065e-09
9.2943087609194741e-10
-2.2167895765258348e-09
1.0016133995775081e-09
-2.1670931207212809e-09
1.0749781601046537e-09
-2.1158963411659482e-09
1.1494830243938352e-09
-2.0631092440414186e-09
1.2250788874617838e-09
-2.0086395646958823e-09
1.3017091219094082e-09
-1.9523932299641291e-09
1.3793090203938505e-09
-1.894274907737269e-09
1.4578052361303089e-09
-1.8341886513558756e-09
1.5371152275364307e-09
1.6171467144217994e-09
-2.2176534545162014e-11
3.6165013377290454e-09
-8.7350018939206211e-11
9.0946681591393025e-09
-1.9337166521808668e-10
1.2996864264798156e-08
-3.3688158932464656e-10
1.5525426717861513e-08
-5.1317225448636914e-10
1.6897820567225793e-08
-7.1632437642377637e-10
1.7335919194827485e-08
-9.3955600890007852e-10
1.7054486737298354e-08
-1.175694107518033e-09
1.6250798023839411e-08
-1.4176703823524195e-09
1.5096920988117081e-08
-1.6589582042698413e-09
1.3735420903333844e-08
-1.8938966544025493e-09
1.2278447701772074e-08
-2.1178808210607628e-09
1.080956790063103e-08
-2.327425217120918e-09
9.3874055699393601e-09
-2.5201249722227859e-09
8.0501440233515954e-09
-2.6945467645946715e-09
6.8201181967484288e-09
-2.850080622197622e-09
5.7079861599988536e-09
-2.9867780905409557e-09
4.7162188298123827e-09
-3.1051948716834921e-09
3.8418402703921761e-09
-3.2062489723327216e-09
3.0784728591626347e-09
-3.2910997274382462e-09
2.417800797385241e-09
-3.3610490811597202e-09
1.8505804050410593e-09
-3.4174640448311361e-09
1.3673151515193834e-09
-3.461717957199513e-09
9.5869193606479627e-10
-3.4951476716535233e-09
6.1585187536711679e-10
-3.5190237768177067e-09
3.3054840795504167e-10
-3.5345311955216212e-09
9.52294919473321e-11
-3.5427578537466637e-09
-9.6931002020466301e-11
-3.5446894895362793e-09
-2.5203570876684246e-10
-3.5412090126224781e-09
-3.7548841375982122e-10
-3.5330991459396999e-09
-4.7203296956814665e-10
-3.521047337235589e-09
-5.4580088447347279e-10
-3.5056521501070467e-09
-6.0036359569314269e-10
-3.4874305228900132e-09
-6.3878654772258251e-10
-3.4668254296764779e-09
-6.6368299405712735e-10
-3.4442135955878144e-09
-6.7726603510885676e-10
-3.4199130132024302e-09
-6.8139786104888169e-10
-3.3941900827973339e-09
-6.7763552407805889e-10
-3.3672662591792404e-09
-6.6727284369576827e-10
-3.339324135062608e-09
-6.5137826614288661e-10
-3.3105129274464384e-09
-6.3082866606925826e-10
-3.280953361096638e-09
-6.0633920299463727e-10
-3.2507419636176727e-09
-5.7848943428536682e-10
-3.219954801019956e-09
-5.4774594628667564e-10
-3.1886506922966332e-09
-5.1448180139178879e-10
-3.1568739472903777e-09
-4.789931160554793e-10
-3.1246566748994773e-09
-4.415130873580081e-10
-3.0920207091546854e-09
-4.022237774075115e-10
-3.0589791995003944e-09
-3.6126594878761656e-10
-3.0255379092364038e-09
-3.1874722303352161e-10
-2.9916962629273208e-09
-2.7474880986984968e-10
-2.9574481799977072e-09
-2.2933102934099183e-10
-2.9227827279546049e-09
-1.8253782327551165e-10
-2.887684624903245e-09
-1.3440042768098062e-10
-2.8521346173911303e-09
-8.4940354286015381e-11
-2.8161097566582088e-09
-3.4171807917412039e-11
-2.7795835900259074e-09
1.7896351977247569e-11
-2.7425262923120743e-09
7.1259020802154468e-11
-2.7049047397411331e-09
1.259135395205083e-10
-2.6666825482916356e-09
1.8185862738855971e-10
-2.6278200837392676e-09
2.3909348493152528e-10
-2.5882744522766165e-09
2.9761703587755212e-10
-2.5479994804059228e-09
3.5742727256330876e-10
-2.5069456911804764e-09
4.1852067717631299e-10
-2.4650602832740121e-09
4.8089169738835031e-10
-2.4222871189187247e-09
5.4453225921954487e-10
-2.3785667264240301e-09
6.094313036184248e-10
-2.3338363228085301e-09
6.7557433630178578e-10
-2.2880298620134108e-09
7.429429829172567e-10
-2.2410781141916471e-09
8.1151454369568579e-10
-2.1929087816591179e-09
8.8126154354722494e-10
-2.1434466572327447e-09
9.5215127511049878e-10
-2.0926138308416565e-09
1.0241453336423659e-09
-2.0403299504600449e-09
1.0971991439051358e-09
-1.9865125435520841e-09
1.1712614804017123e-09
-1.9310774053132407e-09
1.24627398345954e-09
-1.8739390600167212e-09
1.3221706748074646e-09
-1.8150113016989067e-09
1.3988774774159442e-09
-1.754207820217751e-09
1.4763117455139663e-09
1.554381811825703e-09
-2.1686632396787501e-11
3.6381869125053985e-09
-8.5522679870186283e-11
9.1585010783553743e-09
-1.8952809151891695e-10
1.310086458556936e-08
-3.3053371733804865e-10
1.5666425447619924e-08
-5.040299570871181e-10
1.7071308304017866e-08
-7.0428777940061323e-10
1.7536167140646416e-08
-9.2469418004970544e-10
1.7274882151181858e-08
-1.1582130880444069e-09
1.6484305121403811e-08
-1.3978749140483233e-09
1.5336570480664528e-08
-1.6372120301323159e-09
1.3974745465397612e-08
-1.8705857890260423e-09
1.251180897632238e-08
-2.0933829494674721e-09
1.1032352910418298e-08
-2.3020868389141048e-09
9.5960978682754482e-09
-2.4942464902773326e-09
8.2422928225798992e-09
-2.6683746883054299e-09
6.9942364108101915e-09
-2.8238054899051716e-09
5.8634079253074116e-09
-2.9605365513306312e-09
4.8529418366121093e-09
-3.0790744763723025e-09
3.9603711176125136e-09
-3.1802944765246297e-09
3.1796867225491007e-09
-3.2653200049809153e-09
2.5028210717078619e-09
-3.3354240217873687e-09
1.9206799769280431e-09
-3.3919510361054465e-09
1.4238384483746838e-09
-3.436257721412851e-09
1.0029955466699034e-09
-3.4696693486792257e-09
6.4926098717122734e-10
-3.493449224203375e-09
3.5432624783901717e-10
-3.5087785279007565e-09
1.1055716641984029e-10
-3.5167442747232983e-09
-8.896654431751108e-11
-3.5183334841589454e-09
-2.5044750710360906e-10
-3.5144319784705e-09
-3.7939069708405019e-10
-3.5058265409915348e-09
-4.8063899852892328e-10
-3.4932094214482159e-09
-5.5841844662014906e-10
-3.4771843932237967e-09
-6.1638894884492815e-10
-3.4582737451945466e-09
-6.5769742881591292e-10
-3.4369257357285817e-09
-6.8503116583377818e-10
-3.4135221538573048e-09
-7.0066972560461706e-10
-3.3883857272852498e-09
-7.0653435619787912e-10
-3.3617871928254744e-09
-7.0423409783447127e-10
-3.3339519053053361e-09
-6.9510814962355984e-10
-3.3050659086711491e-09
-6.8026426674411969e-10
-3.2752814301134166e-09
-6.6061313903172459e-10
-3.2447217863513206e-09
-6.3689883522389073e-10
-3.2134857122815374e-09
-6.0972549352127943e-10
-3.1816511373036118e-09
-5.7958050499778776e-10
-3.1492784448974471e-09
-5.4685447737745533e-10
-3.1164132574043503e-09
-5.1185828780986289e-10
-3.0830887912802243e-09
-4.7483753893265203e-10
-3.0493278290532243e-09
-4.3598472654461378e-10
-3.0151443534310762e-09
-3.9544941288336625e-10
-2.9805448869662466e-09
-3.5334667952674869e-10
-2.9455295778148039e-09
-3.0976411052359109e-10
-2.9100930687478815e-09
-2.6476753126068407e-10
-2.8742251829593829e-09
-2.1840570312250538e-10
-2.8379114565568827e-09
-1.7071414919646652e-10
-2.8011335440634287e-09
-1.2171826279897431e-10
-2.7638695198718054e-09
-7.1435828896526766e-11
-2.7260940964203979e-09
-1.9879068903993663e-11
-2.6877787717550238e-09
3.2943698175774543e-11
-2.6488919332860797e-09
8.7026702655808207e-11
-2.609398912136445e-09
1.4236560749066516e-10
-2.5692620151976092e-09
1.9895658896109404e-10
-2.52844053637265e-09
2.567955577950458e-10
-2.4868907567585641e-09
3.1587749351279715e-10
-2.4445659413550013e-09
3.7619586219561938e-10
-2.40141633861951e-09
4.3774209496563624e-10
-2.3573891889042245e-09
5.0050510973119866e-10
-2.3124287473694342e-09
5.6447086224366932e-10
-2.2664763267134139e-09
6.2962191575341119e-10
-2.2194703649154281e-09
6.95937021185278e-10
-2.1713465231257536e-09
7.6339070193794583e-10
-2.1220378188385231e-09
8.3195283926256729e-10
-2.0714747995209234e-09
9.0158825576815566e-10
-2.0195857619320794e-09
9.7225629600089914e-10
-1.9662970224184661e-09
1.0439104043075711e-09
-1.9115332435019939e-09
1.1164977013632281e-09
-1.855217822058425e-09
1.1899585618452213e-09
-1.7972733442930402e-09
1.2642261968069283e-09
-1.7376221125375574e-09
1.3392262453388819e-09
-1.676186748589139e-09
1.4148763811272782e-09
1.4910859405034204e-09
-2.1197981297141299e-11
3.659383803333737e-09
-8.3700721457069894e-11
9.2210005907526672e-09
-1.8569596714525105e-10
1.3202854573669798e-08
-3.2420373487992266e-10
1.5804926087577821e-08
-4.9491058655284768e-10
1.7242006361945472e-08
-6.9227606209982005e-10
1.7733522399379395e-08
-9.0985477805473187e-10
1.7492449502774557e-08
-1.140746897913152e-09
1.6715185029635026e-08
-1.3780814972273343e-09
1.5573892335474221e-08
-1.6154506023491237e-09
1.4212101608260175e-08
-1.8472390415527208e-09
1.2743584536497397e-08
-2.0688267850622063e-09
1.125392813052398e-08
-2.2766676218056996e-09
9.8039267690086951e-09
-2.4682660394912458e-09
8.4338800746857333e-09
-2.6420822412895341e-09
7.1680423482710183e-09
-2.7973953045750115e-09
6.0187117050364793e-09
-2.9341496426331383e-09
4.9896879047388401e-09
-3.0528030786682708e-09
4.0790172905268582e-09
-3.1541880606492606e-09
3.2810654100225867e-09
-3.2393919610562823e-09
2.5880195850989867e-09
-3.309658384626691e-09
1.9909418447893076e-09
-3.3663088501648383e-09
1.4804851050442903e-09
-3.4106828093975192e-09
1.0473663566106607e-09
-3.4440933667898996e-09
6.8266896895017157e-10
-3.4677959671063183e-09
3.7802676464011646e-10
-3.4829674978226733e-09
1.2572703037343159e-10
-3.4906935606897472e-09
-8.1241799488182371e-11
-3.4919620139845862e-09
-2.491800833854416e-10
-3.4876612160900868e-09
-3.8369228861217721e-10
-3.4785817034485527e-09
-4.8971911396859349e-10
-3.4654202891944382e-09
-5.7158031107119263e-10
-3.4487857837875507e-09
-6.3302378385946327e-10
-3.429205715151525e-09
-6.772777329594113e-10
-3.4071335698290246e-09
-7.0710347423252284e-10
-3.382956193542187e-09
-7.2484721006020356e-10
-3.3570010840192885e-09
-7.3248953298849912e-10
-3.3295433849272794e-09
-7.3169183435227456e-10
-3.3008124504814781e-09
-7.2383910027196952e-10
-3.2709978984087941e-09
-7.1007882041815935e-10
-3.2402551065687912e-09
-6.9135592287906395e-10
-3.2087101374615394e-09
-6.6844379046181757e-10
-3.1764640965599284e-09
-6.4197151737688791e-10
-3.1435969461611222e-09
-6.1244763708239286e-10
-3.1101708073446608e-09
-5.8028059791337266e-10
-3.076232789592815e-09
-5.4579628815946775e-10
-3.0418173914828035e-09
-5.0925292102547706e-10
-3.0069485173024328e-09
-4.7085358635569074e-10
-2.9716411540633116e-09
-4.307567634928373e-10
-2.9359027516954368e-09
-3.8908507098102686e-10
-2.8997343466108806e-09
-3.4593250631342194e-10
-2.8631314656746527e-09
-3.0137040438102298e-10
-2.8260848441682085e-09
-2.5545231813093746e-10
-2.7885809877981461e-09
-2.0821800021979568e-10
-2.7506026053313867e-09
-1.5969664090817855e-10
-2.7121289351362951e-09
-1.099094955718908e-10
-2.6731359859439838e-09
-5.8872015277443854e-11
-2.6335967093126267e-09
-6.5955762164759925e-12
-2.5934811171170961e-09
4.6911112224626509e-11
-2.5527563639806273e-09
1.0164085573335917e-10
-2.5113867932608356e-09
1.5758701931065113e-10
-2.4693339680433554e-09
2.147427333996438e-10
-2.4265566900375638e-09
2.73100216133212e-10
-2.3830110141872232e-09
3.3265018681731232e-10
-2.3386502660369348e-09
3.9338134716675379e-10
-2.2934250677239738e-09
4.5527991167567769e-10
-2.2472833780390777e-09
5.1832917274313329e-10
-2.2001705517131655e-09
5.8250908955492231e-10
-2.1520294228650112e-09
6.47795892419748e-10
-2.102800417402803e-09
7.141616965223754e-10
-2.0524216990887625e-09
7.8157412096507324e-10
-2.0008293539327142e-09
8.499959106018001e-10
-1.9479576175486119e-09
9.1938455958034721e-10
-1.8937391500704041e-09
9.8969193676489774e-10
-1.8381053631633794e-09
1.0608639143589534e-09
-1.7809868035557627e-09
1.1328400020994626e-09
-1.7223135973382469e-09
1.2055529903980446e-09
-1.6620159590141794e-09
1.2789286067527824e-09
-1.6000247689075357e-09
1.3528851906637067e-09
1.4273333931436508e-09
-2.0710798317238222e-11
3.6800934798441092e-09
-8.1884641016091315e-11
9.2821711105447694e-09
-1.8187578690310161e-10
1.3302840302083409e-08
-3.178916137353191e-10
1.59409345637016e-08
-4.8581297923787026e-10
1.7409918653117653e-08
-6.8028635990472591e-10
1.7927985234013086e-08
-8.9503281673298711e-10
1.7707184229174727e-08
-1.1232881986090205e-09
1.6943427810256519e-08
-1.3582803980971379e-09
1.5808871390707474e-08
-1.5936619041607127e-09
1.4447469754618292e-08
-1.8238423342302976e-09
1.2973751702977125e-08
-2.0441964756109859e-09
1.1474269385100206e-08
-2.2511502531888707e-09
1.0010868274191328e-08
-2.4421651625628752e-09
8.6248835126931216e-09
-2.615650123113765e-09
7.3415167709205552e-09
-2.7708302025446198e-09
6.173882259630543e-09
-2.9075971937822849e-09
5.1264464159469825e-09
-3.0263604346227894e-09
4.1977730874345386e-09
-3.1279096212624056e-09
3.3826081482455867e-09
-3.2132958293550563e-09
2.6734002765409001e-09
-3.2837329222666837e-09
2.0613742739352386e-09
-3.3405189268887565e-09
1.5372672116803531e-09
-3.3849755039983986e-09
1.0918197117478893e-09
-3.4184029946703659e-09
7.1609382544799475e-10
-3.4420483895056229e-09
4.0167002941093051e-10
-3.4570837196429655e-09
1.4076065731919051e-10
-3.4645926560575676e-09
-7.3734209096716471e-11
-3.4655634367686584e-09
-2.4821035326466528e-10
-3.4608865627146963e-09
-3.8836997162108162e-10
-3.4513559985225941e-09
-4.9925029169002445e-10
-3.4376728643868028e-09
-5.8526390248583698e-10
-3.4204508175469215e-09
-6.502461645350764e-10
-3.4002224964056947e-09
-6.9750629164807591e-10
-3.3774465432782926e-09
-7.2987959083903628e-10
-3.3525148380478754e-09
-7.497790226756911e-10
-3.3257596691852832e-09
-7.5924476751197214e-10
-3.2974606445647861e-09
-7.5999089425713798e-10
-3.2678512054273235e-09
-7.5344855316102405e-10
-3.2371246553024659e-09
-7.4080536955544708e-10
-3.2054396537974889e-09
-7.2304091379198715e-10
-3.172925154640019e-09
-7.0095827323138827e-10
-3.139684789665506e-09
-6.7521186292989875e-10
-3.1058007168114905e-09
-6.4633168942903834e-10
-3.0713369616764006e-09
-6.1474433277847966e-10
-3.0363422897401862e-09
-5.8079094091577514e-10
-3.0008526507262543e-09
-5.4474254245450551e-10
-2.9648932384961811e-09
-5.0681298284993445e-10
-2.9284802099021471e-09
-4.6716977827855991e-10
-2.8916221046760522e-09
-4.2594316428666406e-10
-2.8543210061303373e-09
-3.8323359471199775e-10
-2.8165734795150043e-09
-3.3911792246476615e-10
-2.7783713216052841e-09
-2.9365446894645627e-10
-2.7397021516858717e-09
-2.4688716429949408e-10
-2.7005498707177299e-09
-1.9884891711399759e-10
-2.6608950122328811e-09
-1.495643502068995e-10
-2.6207150054678414e-09
-9.9052018956095029e-11
-2.5799843686667402e-09
-4.7326210562976187e-11
-2.5386748475126346e-09
5.6015930074465366e-12
-2.4967555109898532e-09
5.9721520727236102e-11
-2.4541928231489607e-09
1.1502433264809105e-10
-2.4109506833296728e-09
1.7150059448846439e-10
-2.3669904656421666e-09
2.291399991395652e-10
-2.3222710480686081e-09
2.8793076976888147e-10
-2.2767488453752515e-09
3.4785914486644708e-10
-2.2303778499459306e-09
4.089089165365367e-10
-2.1831096860155082e-09
4.7106100902299565e-10
-2.1348936823115985e-09
5.3429308599926408e-10
-2.0856769677854887e-09
5.985791779934633e-10
-2.0354045949028829e-09
6.6388932370119788e-10
-1.9840196948138016e-09
7.3018922090604047e-10
-1.9314636685982964e-09
7.9743988438930682e-10
-1.8776764186792327e-09
8.6559730963917151e-10
-1.8225966243830048e-09
9.3461214242089354e-10
-1.7661620654882289e-09
1.0044293553875609e-09
-1.708309997424847e-09
1.0749879339245331e-09
-1.6489775815406402e-09
1.1462205743578237e-09
-1.5881023735286465e-09
1.2180533985263475e-09
-1.5256228726864888e-09
1.2904056895292225e-09
1.3631896542026051e-09
-2.0225345620243067e-11
3.7003176739269213e-09
-8.0075130849520502e-11
9.3420174823792059e-09
-1.7806850033341347e-10
1.3400828101526431e-08
-3.1159813771400493e-10
1.6074456636910558e-08
-4.7673721008245887e-10
1.7575048381628089e-08
-6.683175052422881e-10
1.8119554666013784e-08
-8.802254591206944e-10
1.7919080099183146e-08
-1.1058322144417726e-09
1.7169021587416833e-08
-1.3384647980444158e-09
1.6041490442771248e-08
-1.5718371127649653e-09
1.4680828324128672e-08
-1.8003849852120836e-09
1.3202285938495022e-08
-2.019479693378167e-09
1.1693350853434182e-08
-2.2255210078772293e-09
1.0216896989359585e-08
-2.4159289965888821e-09
8.8152797327464737e-09
-2.5890625889235894e-09
7.5146395593349961e-09
-2.7440938006529174e-09
6.328903711868298e-09
-2.8808624116565488e-09
5.2632063425799824e-09
-2.9997295540072386e-09
4.3166326099938955e-09
-3.1014421696217613e-09
3.4843141657586179e-09
-3.1870148085299349e-09
2.7589672727372243e-09
-3.2576311952611509e-09
2.1319858918472935e-09
-3.3145653525200866e-09
1.5941973843458424e-09
-3.3591205702302004e-09
1.1363716368953769e-09
-3.3925838179053135e-09
7.4955438212589164e-10
-3.4161930270639034e-09
4.2527706340093772e-10
-3.4311147950541858e-09
1.5568068689392204e-10
-3.4384303298085893e-09
-6.6420047341210461e-11
-3.4391277740476053e-09
-2.4751397977743729e-10
-3.4340993608252736e-09
-3.9339920839392219e-10
-3.4241421405558544e-09
-5.0920813559544153e-10
-3.4099612664257978e-09
-5.9944524043336626e-10
-3.3921750345451583e-09
-6.6803273400184395e-10
-3.3713210480465222e-09
-7.183605173099576e-10
-3.3478630161578406e-09
-7.5333778622995208e-10
-3.3221978148779121e-09
-7.754443302148578e-10
-3.2946625297276402e-09
-7.8678011640664777e-10
-3.2655412769283597e-09
-7.8911217991847284e-10
-3.2350716604027592e-09
-7.8391818073227888e-10
-3.2034507707352689e-09
-7.7242625541526633e-10
-3.1708406707379903e-09
-7.5565100038868243e-10
-3.1373733422394805e-09
-7.3442558263492229e-10
-3.1031550915738833e-09
-7.0943009162927603e-10
-3.0682704281921635e-09
-6.8121632995903061e-10
-3.0327854428883664e-09
-6.502292956886109e-10
-2.9967507202262541e-09
-6.1682564250174929e-10
-2.9602038246466774e-09
-5.8128941877735371e-10
-2.9231714021132492e-09
-5.4384538819017512e-10
-2.8856709395947436e-09
-5.0467022573135241e-10
-2.8477122236869792e-09
-4.6390186719930952e-10
-2.8092985376599374e-09
-4.2164726968144393e-10
-2.7704276335232124e-09
-3.7798881730487059e-10
-2.73109251261211e-09
-3.3298958212547196e-10
-2.691282044924273e-09
-2.8669762561964583e-10
-2.6509814541529888e-09
-2.3914950268897696e-10
-2.610172692188356e-09
-1.9037310796737224e-10
-2.5688347238724742e-09
-1.4038998389810927e-10
-2.5269437400264149e-09
-8.9217191722614608e-11
-2.4844733146232525e-09
-3.6868830272909154e-11
-2.4413945186023992e-09
1.6642726371263775e-11
-2.3976760027384868e-09
7.1305818080108914e-11
-2.3532840617532129e-09
1.2710865450417173e-10
-2.3081826810044915e-09
1.8403861915777369e-10
-2.2623335823101639e-09
2.4208167165700717e-10
-2.2156962694612617e-09
3.012218324555083e-10
-2.1682280813646973e-09
3.6144072876535682e-10
-2.1198842577820582e-09
4.2271718567837742e-10
-2.0706180224538659e-09
4.8502685084140084e-10
-2.0203806880714561e-09
5.4834184372881297e-10
-1.9691217872767037e-09
6.1263042298293229e-10
-1.9167892336489932e-09
6.7785666732169022e-10
-1.8633295164535623e-09
7.4398016720953741e-10
-1.8086879327565965e-09
8.1095572593308738e-10
-1.7528088603354953e-09
8.7873306996651837e-10
-1.6956360746182247e-09
9.472565696110813e-10
-1.6371131126482021e-09
1.0164649718649796e-09
-1.5771836867779624e-09
1.0862911483603007e-09
-1.5157921504330363e-09
1.1566618620052748e-09
-1.4528840178338046e-09
1.2274975566892773e-09
1.2987121750579976e-09
-1.9741917045224978e-11
3.7200584114027137e-09
-7.8273031081312969e-11
9.4005450974656376e-09
-1.7427541780876796e-10
1.3496824773430554e-08
-3.0532475661117554e-10
1.6205498208197256e-08
-4.6768439600154596e-10
1.7737398419506844e-08
-6.5636978746662048e-10
1.8308228890240793e-08
-8.6543174447526908e-10
1.8128129632558028e-08
-1.0883764388471302e-09
1.7391952940556905e-08
-1.3186304912587602e-09
1.6271730589959981e-08
-1.5499702989340947e-09
1.4912154014147182e-08
-1.7768594187948271e-09
1.3429161060378182e-08
-1.9946673623539545e-09
1.191114521550518e-08
-2.1997694965496133e-09
1.0421986207650942e-08
-2.3895460451131707e-09
9.0050442246734223e-09
-2.5623072460404245e-09
7.6873896985894384e-09
-2.7171730172737366e-09
6.4837594962076414e-09
-2.8539317253280073e-09
5.3999561682173209e-09
-2.9728965673381743e-09
4.435589661764103e-09
-3.0747717196346504e-09
3.5861825748764384e-09
-3.1605349695522472e-09
2.8447247577752049e-09
-3.2313394974145489e-09
2.2027855491043477e-09
-3.2884348014791427e-09
1.6512886199368287e-09
-3.3331052123234067e-09
1.1810386868544497e-09
-3.3666237100958515e-09
7.8307013395973099e-10
-3.3902185513129419e-09
4.4886968590675354e-10
-3.4050503095519579e-09
1.7051067279196377e-10
-3.4121971832945075e-09
-5.9274572488541706e-11
-3.4126467295220289e-09
-2.4706552355094643e-10
-3.4072924864668327e-09
-3.9875428882142823e-10
-3.3969342306812132e-09
-5.1956702446090735e-10
-3.3822808566516326e-09
-6.1409908424508316e-10
-3.3639550738420552e-09
-6.8635885764551009e-10
-3.3424992871223742e-09
-7.3981654436452299e-10
-3.3183821671874348e-09
-7.7745506929408777e-10
-3.2920055324222229e-09
-8.0182106975763571e-10
-3.2637112570950347e-09
-8.1507445324056052e-10
-3.2337879964883115e-09
-8.1903547067406719e-10
-3.2024775806680537e-09
-8.1522860462854522e-10
-3.1699809775570524e-09
-8.0492285165955264e-10
-3.1364637648313129e-09
-7.8916819668920579e-10
-3.1020610805796185e-09
-7.6882824488967443e-10
-3.0668820460229937e-09
-7.4460910149991719e-10
-3.0310136710830903e-09
-7.1708467954639455e-10
-2.9945242661980243e-09
-6.8671867591714547e-10
-2.9574663924098199e-09
-6.538834931944989e-10
-2.9198793871453522e-09
-6.1887640300508081e-10
-2.8817915059413032e-09
-5.8193325064914082e-10
-2.8432217212127004e-09
-5.4323999405476495e-10
-2.8041812185191604e-09
-5.0294235575222747e-10
-2.7646746290561177e-09
-4.611538471156837e-10
-2.7247010346507392e-09
-4.1796240159685321e-10
-2.6842547786343475e-09
-3.7343582972808313e-10
-2.643326112837857e-09
-3.2762628448362866e-10
-2.6019017077751884e-09
-2.8057390209058365e-10
-2.5599650499684318e-09
-2.3230976119004876e-10
-2.5174967474289492e-09
-1.8285828275513314e-10
-2.4744747615804495e-09
-1.3223917463555288e-10
-2.4308745814933923e-09
-8.0469008037163626e-11
-2.3866693546332841e-09
-2.7562498664309584e-11
-2.3418299819204411e-09
2.6466446789985713e-11
-2.2963251982639785e-09
8.1603871948917804e-11
-2.2501216305367713e-09
1.378350522764068e-10
-2.2031838552024758e-09
1.9514389696706527e-10
-2.1554744550729217e-09
2.5351243281237376e-10
-2.1069540824400344e-09
3.1292035649577335e-10
-2.0575815338773626e-09
3.7334463738346959e-10
-2.0073138412801235e-09
4.3475915843800108e-10
-1.956106383399148e-09
4.9713438598444668e-10
-1.9039130217777552e-09
5.6043706145358041e-10
-1.850686264728469e-09
6.2462991032912509e-10
-1.7963774627464773e-09
6.8967136525540064e-10
-1.7409370385300895e-09
7.5551530171962541e-10
-1.6843147545546926e-09
8.2211078597075327e-10
-1.6264600209025009e-09
8.8940183591463858e-10
-1.5673222457682937e-09
9.573271966596387e-10
-1.5068512307410975e-09
1.0258201332294298e-09
-1.4449976125649047e-09
1.0948082436840218e-09
-1.3817133526224378e-09
1.1642132965476727e-09
1.2339510969975461e-09
-1.9260825273404025e-11
3.7393180308574682e-09
-7.6479284492897906e-11
9.4577599773718877e-09
-1.7049812039206229e-10
1.3590837757946025e-08
-2.9907344552505163e-10
1.6334065573202813e-08
-4.5865650564650766e-10
1.789697163311147e-08
-6.4444471931946273e-10
1.8494005646552787e-08
-8.5065232119907621e-10
1.8334324485727293e-08
-1.0709203452021171e-09
1.7612207275162348e-08
-1.2987755849251884e-09
1.6499571565468195e-08
-1.5280581269499023e-09
1.5141422080204797e-08
-1.7532608736621047e-09
1.3654349461389901e-08
-1.9697533813061222e-09
1.2127623812344321e-08
-2.1738884080970106e-09
1.0626108013211438e-08
-2.3630079424985954e-09
9.19415142456802e-09
-2.5353748416646643e-09
7.85974528729758e-09
-2.690057883595947e-09
6.6384323317045542e-09
-2.826794620429819e-09
5.536683831406082e-09
-2.9458505823687849e-09
4.5546376688685353e-09
-3.0478871652484317e-09
3.6882122744813858e-09
-3.1338451526620723e-09
2.9306768623460184e-09
-3.204846770939676e-09
2.2737821985154969e-09
-3.2621164684457298e-09
1.7085541680278865e-09
-3.3069190215600756e-09
1.2258378132014615e-09
-3.3405127953664681e-09
8.1666110890808151e-10
-3.3641157457923734e-09
4.7247037575342127e-10
-3.3788818211528954e-09
1.8527494327576026e-10
-3.3858856508564207e-09
-5.2272166408146192e-11
-3.3861137008595667e-09
-2.4683858182757138e-10
-3.3804603715328591e-09
-4.0440846852208236e-10
-3.3697277889380179e-09
-5.3030024887957248e-10
-3.3546282797096511e-09
-6.2919906861668968e-10
-3.3357887235945069e-09
-7.0519875731660568e-10
-3.3137561469300113e-09
-7.61849362072097e-10
-3.2890040597532826e-09
-8.0220731881503908e-10
-3.2619391532806212e-09
-8.2888607915726274e-10
-3.2329080674484891e-09
-8.4410559800941461e-10
-3.2022040137089669e-09
-8.4973955154887571e-10
-3.1700730993622923e-09
-8.4735952380948538e-10
-3.1367202488218458e-09
-8.3827569202779652e-10
-3.1023146563574278e-09
-8.2357376948086478e-10
-3.066994735666864e-09
-8.041481404802302e-10
-3.0308725554519804e-09
-7.8073125412830307e-10
-2.9940377681544706e-09
-7.5391943882877233e-10
-2.9565610521452333e-09
-7.2419536486292446e-10
-2.9184970967863753e-09
-6.919474233109924e-10
-2.8798871656682107e-09
-6.5748631119412762e-10
-2.8407612766039884e-09
-6.2105911931805755e-10
-2.8011400382110469e-09
-5.8286121461748886e-10
-2.7610361826113175e-09
-5.4304619599190072e-10
-2.7204558323584236e-09
-5.0173418430505808e-10
-2.6793995374883059e-09
-4.5901868548256799e-10
-2.6378631158856674e-09
-4.1497224218926219e-10
-2.5958383271780289e-09
-3.6965106565516918e-10
-2.5533134072966201e-09
-3.2309881581368914e-10
-2.5102734878140523e-09
-2.7534967568158554e-10
-2.466700921265151e-09
-2.264308452906416e-10
-2.4225755309727328e-09
-1.7636456172489199e-10
-2.3778748014341327e-09
-1.2516973503798083e-10
-2.3325740230947652e-09
-7.2863275007318265e-11
-2.2866464038015577e-09
-1.946117094387716e-11
-2.2400631547414385e-09
3.5020624098099896e-11
-2.1927935674072377e-09
9.0565465873175089e-11
-2.1448050759371496e-09
1.4715540620814055e-10
-2.0960633247262563e-09
2.0477068214018998e-10
-2.0465322393792725e-09
2.6338927155294626e-10
-1.9961741083745471e-09
3.2298650667849327e-10
-1.9449496797449602e-09
3.8353473002738128e-10
-1.8928182768249118e-09
4.4500298322098909e-10
-1.8397379367281032e-09
5.0735672146499328e-10
-1.7856655749055181e-09
5.7055754857685187e-10
-1.7305571788436839e-09
6.3456296923342993e-10
-1.6743680336948605e-09
6.9932615658511177e-10
-1.6170529823620766e-09
7.647957346293075e-10
-1.5585667222793586e-09
8.3091557580072882e-10
-1.4988641408211732e-09
8.9762461514594757e-10
-1.437900690920786e-09
9.6485668324498013e-10
-1.3756328080765921e-09
1.0325403607202613e-09
-1.3120183694569048e-09
1.1005988577625862e-09
1.168949922589959e-09
-1.8782389496787268e-11
3.7580991901461413e-09
-7.4694893100039407e-11
9.5136688267265418e-09
-1.6673837298032519e-10
1.3682875258509119e-08
-2.9284656884699754e-10
1.6460165627634754e-08
-4.4965617469846526e-10
1.8053771160816544e-08
-6.3254480903260358e-10
1.8676882548217919e-08
-8.358891847234917e-10
1.8537655803276389e-08
-1.0534651012233734e-09
1.7829769170024166e-08
-1.2789002011166428e-09
1.6724992057891148e-08
-1.5060995540822177e-09
1.5368606614063408e-08
-1.7295871084516814e-09
1.3877822336655514e-08
-1.9447343420534515e-09
1.2342756819095255e-08
-2.1478732453398048e-09
1.0829233402042256e-08
-2.3363092101389541e-09
9.3825747878646289e-09
-2.5082590412488207e-09
8.0316835688091272e-09
-2.662741344754975e-09
6.7929042176871291e-09
-2.7994434628749304e-09
5.6733766919768542e-09
-2.9185835297135675e-09
4.6737696225618644e-09
-3.0207801469933338e-09
3.7904018737328973e-09
-3.1069368536799002e-09
3.0168275727323702e-09
-3.178144511334751e-09
2.3449847928167857e-09
-3.2356019905995159e-09
1.7660074200798077e-09
-3.2805539147144055e-09
1.2707862472743828e-09
-3.3142434019311092e-09
8.5034774650494227e-10
-3.3378774738011631e-09
4.9610214696054101e-10
-3.3526028415283246e-09
1.9999847506806594e-10
-3.3594899934321334e-09
-4.5386461632617784e-11
-3.359523784991697e-09
-2.4680591579992925e-10
-3.3535990200709248e-09
-4.1033409595366926e-10
-3.3425197809593451e-09
-5.4138013782361093e-10
-3.3270015000153403e-09
-6.4471782943324684e-10
-3.3076749667292845e-09
-7.2452563633168393e-10
-3.2850916313592512e-09
-7.8443293871170892e-10
-3.2597297044142276e-09
-8.2756940689242619e-10
-3.2320006644524155e-09
-8.5661521981406209e-10
-3.2022558790815585e-09
-8.73850439404141e-10
-3.1707931192775134e-09
-8.8120233516505942e-10
-3.1378628081498576e-09
-8.8028983624953423e-10
-3.1036738944994039e-09
-8.7246459194686478e-10
-3.0683992808936251e-09
-8.5884835993680363e-10
-3.0321807671277172e-09
-8.4036662583586562e-10
-2.9951334941795759e-09
-8.1777849640297831e-10
-2.9573498922100389e-09
-7.9170300995353234e-10
-2.9189031497750736e-09
-7.6264207767854711e-10
-2.8798502310362039e-09
-7.3100031452845826e-10
-2.8402344741007893e-09
-6.9710204319151105e-10
-2.8000878073410978e-09
-6.6120576393000154e-10
-2.7594326221872243e-09
-6.2351638042703958e-10
-2.7182833409364456e-09
-5.8419546058604004e-10
-2.6766477170001592e-09
-5.4336979407670842e-10
-2.6345279030450877e-09
-5.0113848752543572e-10
-2.5919213199826283e-09
-4.5757881533432017e-10
-2.5488213569363002e-09
-4.1275102052104995e-10
-2.5052179293642309e-09
-3.6670223669601082e-10
-2.4610979195600499e-09
-3.1946968005927355e-10
-2.4164455209134239e-09
-2.7108323956928909e-10
-2.3712425046436068e-09
-2.2156757450464697e-10
-2.325468425264968e-09
-1.7094381164789412e-10
-2.2791007788182371e-09
-1.1923091927290796e-10
-2.2321151260344411e-09
-6.6446822021264514e-11
-2.1844851910990898e-09
-1.2609309511476502e-11
-2.1361829424977747e-09
4.2263218294658692e-11
-2.0871786714438771e-09
9.8151135937516381e-11
-2.0374410608064363e-09
1.5503307209787012e-10
-1.9869372648119242e-09
2.1288547600665097e-10
-1.9356329950722229e-09
2.7168223727293854e-10
-1.8834926209699191e-09
3.3139435617097414e-10
-1.8304792875772217e-09
3.9198965000612274e-10
-1.7765550546179264e-09
4.534324886309471e-10
-1.7216810595727587e-09
5.1568355361599773e-10
-1.6658177076954741e-09
5.7869961740803228e-10
-1.6089248913967426e-09
6.4243334031169046e-10
-1.5509622411531628e-09
7.0683308438793982e-10
-1.491889409788389e-09
7.7184274441640063e-10
-1.4316663916411829e-09
8.3740159695670876e-10
-1.3702538777705115e-09
9.0344416930677364e-10
-1.3076136479378904e-09
9.6990013078916679e-10
-1.2437089996471844e-09
1.0366942093340876e-09
1.1037461367547566e-09
-1.8306923518997596e-11
3.7764048609965748e-09
-7.2920876242741844e-11
9.5682790559093374e-09
-1.6299804031318703e-10
1.3772946324325709e-08
-2.866467483224305e-10
1.6583806024734092e-08
-4.4068652594853895e-10
1.8207800642718528e-08
-6.2067333724481645e-10
1.885685736715579e-08
-8.2114541949957741e-10
1.8738114534504659e-08
-1.0360132861190708e-09
1.8044622699654832e-08
-1.2590061796128883e-09
1.6947970017386874e-08
-1.4840955289036515e-09
1.5593680817261848e-08
-1.7058381040139419e-09
1.4099549914526593e-08
-1.9196092424031736e-09
1.2556513428749018e-08
-2.121722053616804e-09
1.1031332418493394e-08
-2.309447004065414e-09
9.570286881425012e-09
-2.4809561971260132e-09
8.203180983425503e-09
-2.6352190504215313e-09
6.9471564513868729e-09
-2.7718733115522862e-09
5.810021519464697e-09
-2.891089997250379e-09
4.7929780435007542e-09
-2.9934449073294769e-09
3.8927496367201861e-09
-3.0798040993381365e-09
3.1031806597790179e-09
-3.1512266616411144e-09
2.4164022012929126e-09
-3.2088853597242875e-09
1.8236618164927911e-09
-3.2540040629452697e-09
1.3159013999471093e-09
-3.2878100067578469e-09
8.8415079222391054e-10
-3.311498637859514e-09
5.1978843920504345e-10
-3.3262088093451225e-09
2.1470678112271237e-10
-3.3330062849952377e-09
-3.8590455320422385e-11
-3.3328737769089404e-09
-2.4693956559014389e-10
-3.3267060187170694e-09
-4.1650272788590432e-10
-3.3153086393693202e-09
-5.5277817424344589e-10
-3.2993998334827913e-09
-6.6062711926304413e-10
-3.2796140224010738e-09
-7.4431179474533851e-10
-3.2565068655077271e-09
-8.0754033660221858e-10
-3.2305611181282868e-09
-8.5351531375140859e-10
-3.202192944649911e-09
-8.8498349136234787e-10
-3.1717583873251066e-09
-9.0428504948715501e-10
-3.1395597661285419e-09
-9.1340097653242081e-10
-3.1058518459222533e-09
-9.1399775395851899e-10
-3.0708476564411273e-09
-9.0746876387679321e-10
-3.0347238901693113e-09
-8.9497209934578214e-10
-2.9976258346108602e-09
-8.7746464946063235e-10
-2.9596718200597024e-09
-8.5573247700173217e-10
-2.9209571828446663e-09
-8.3041761332188487e-10
-2.8815577580918036e-09
-8.0204147010234032e-10
-2.8415329261234005e-09
-7.7102511655972104e-10
-2.8009282434114618e-09
-7.377066988356976e-10
-2.7597776931469764e-09
-7.0235629018819751e-10
-2.7181055925174256e-09
-6.6518846010550567e-10
-2.6759281941863849e-09
-6.2637284088342384e-10
-2.6332550186415856e-09
-5.8604295428640556e-10
-2.5900899523717064e-09
-5.443035408958845e-10
-2.5464321445316051e-09
-5.0123661243044959e-10
-2.502276732099785e-09
-4.5690642408521556e-10
-2.457615420697362e-09
-4.1136354084122502e-10
-2.4124369453772754e-09
-3.6464814948729516e-10
-2.3667274329081661e-09
-3.1679274729083057e-10
-2.3204706844381847e-09
-2.678243191769487e-10
-2.2736483949926376e-09
-2.1776609807688512e-10
-2.2262403240394792e-09
-1.6663898784634543e-10
-2.1782244293962976e-09
-1.1446271479979246e-10
-2.1295769750831849e-09
-6.1256762373358486e-11
-2.0802726222140494e-09
-7.0411334526736399e-12
-2.0302845093637841e-09
4.8163023948305696e-11
-1.9795843335231264e-09
1.0433289691322834e-10
-1.9281424298656313e-09
1.6144357284492326e-10
-1.8759278625773295e-09
2.1946767035583077e-10
-1.8229085269347436e-09
2.78375020803232e-10
-1.7690512676222107e-09
3.3813239089412067e-10
-1.7143220164373536e-09
3.9870323758932669e-10
-1.6586859522509627e-09
4.6004748952850929e-10
-1.6021076857353779e-09
5.2212135095656879e-10
-1.5445514710337766e-09
5.8487712564621228e-10
-1.4859814462132012e-09
6.4826305957982717e-10
-1.4263619040118161e-09
7.1222320220606054e-10
-1.3656575940440567e-09
7.7669728695871025e-10
-1.3038340572543904e-09
8.4162063246368089e-10
-1.2408579930030134e-09
9.0692406645701219e-10
-1.1766976587156613e-09
9.7253387493181172e-10
1.0383717794143543e-09
-1.7834724225333761e-11
3.7942383120830596e-09
-7.1158229985170166e-11
9.6215987746702403e-09
-1.5927900547114027e-10
1.3861060891951265e-08
-2.8047673464479617e-10
1.6704995285835088e-08
-4.3175099350445127e-10
1.8359064402949385e-08
-6.0883413799748207e-10
1.903392827596399e-08
-8.0642494433679243e-10
1.8935691714319761e-08
-1.0185686097516104e-09
1.8256751730523297e-08
-1.2390967809534184e-09
1.716848294572286e-08
-1.4620486878146249e-09
1.581661726812897e-08
-1.6820157618028921e-09
1.4319501689306107e-08
-1.8943791932467961e-09
1.2768862044578943e-08
-2.0954351417893995e-09
1.123237430566131e-08
-2.2824208535219377e-09
9.7572594931930605e-09
-2.4534651069997726e-09
8.3742132405267955e-09
-2.607489134476965e-09
7.1011696667525793e-09
-2.7440817196454205e-09
5.9466045031707379e-09
-2.8633670529532152e-09
4.9122549675266492e-09
-2.9658781344734493e-09
3.9952534481067921e-09
-3.0524433113263075e-09
3.1897396280803682e-09
-3.1240894957939524e-09
2.4880431457032382e-09
-3.1819628238912787e-09
1.881530771991186e-09
-3.2272658108327036e-09
1.3612007787557464e-09
-3.2612091710036397e-09
9.1809120823991537e-10
-3.2849761306300278e-09
5.4355302376970055e-10
-3.2996970558016492e-09
2.2942581300960611e-10
-3.3064323918743183e-09
-3.1856609435853608e-11
-3.306162161984294e-09
-2.4721095222510547e-10
-3.2997805412937476e-09
-4.2288523259890814e-10
-3.2880942799632269e-09
-5.6446509908489743e-10
-3.2718239746253004e-09
-6.7689791193127628e-10
-3.2516073833805523e-09
-7.6452873433480606e-10
-3.228004142745282e-09
-8.3114381744723858e-10
-3.2015013804030161e-09
-8.8001823346634492e-10
-3.1725198289674296e-09
-9.1396513783880387e-10
-3.1414201371840682e-09
-9.3538479040101175e-10
-3.1085091495219361e-09
-9.463119803977456e-10
-3.0740459858150012e-09
-9.4846091106339628e-10
-3.0382478018609906e-09
-9.4326692619250766e-10
-3.0012951515673473e-09
-9.319247188215267e-10
-2.9633369029026174e-09
-9.1542286244935298e-10
-2.9244946848381731e-09
-8.9457465763737305e-10
-2.8848668617161122e-09
-8.7004539941793336e-10
-2.8445320459651674e-09
-8.4237625065572777e-10
-2.8035521706000751e-09
-8.1200495943060129e-10
-2.7619751501683314e-09
-7.7928368994484351e-10
-2.7198371633632532e-09
-7.4449425101830265e-10
-2.6771645929386835e-09
-7.0786100787583206e-10
-2.6339756593046167e-09
-6.6956175502300531e-10
-2.5902817836565059e-09
-6.2973681335648034e-10
-2.5460887150426635e-09
-5.8849659556083809e-10
-2.5013974536848279e-09
-5.4592786216465006e-10
-2.4562050003793415e-09
-5.0209886779083383e-10
-2.4105049591042392e-09
-4.5706357425369384e-10
-2.3642880171922775e-09
-4.1086508500984342e-10
-2.3175423247079202e-09
-3.6353843462159628e-10
-2.2702537920726332e-09
-3.1511284768505796e-10
-2.2224063225635751e-09
-2.6561356430355909e-10
-2.1739819941011846e-09
-2.1506331371575855e-10
-2.1249612027625939e-09
-1.6348350410357404e-10
-2.0753227787361518e-09
-1.1089518481349466e-10
-2.0250440839176021e-09
-5.731982704273257e-11
-1.9741010984046246e-09
-2.7799606197237555e-12
-1.9224685040540914e-09
5.2700303284423033e-11
-1.8701197692800652e-09
1.0909483861797139e-10
-1.8170272402739941e-09
1.6637514176094087e-10
-1.7631622438853145e-09
2.2451002472052567e-10
-1.7084952047956337e-09
2.834653520292973e-10
-1.652995780491665e-09
3.4320381344776353e-10
-1.5966330166855422e-09
4.0368472583661078e-10
-1.53937552547429e-09
4.6486385982202978e-10
-1.481191688164899e-09
5.2669328838376885e-10
-1.4220498843408864e-09
5.8912125577821414e-10
-1.3619187483972526e-09
6.5209206626328777e-10
-1.3007674544146771e-09
7.1554599295645745e-10
-1.2385660298668242e-09
7.7941920787463281e-10
-1.1752856982539789e-09
8.4364373477834867e-10
-1.1108992503220714e-09
9.081474269040727e-10
9.728539720128457e-10
-1.7366060364709969e-11
3.8116030808816017e-09
-6.9407887638726378e-11
9.6736367574886269e-09
-1.5558309052117208e-10
1.3947229786991564e-08
-2.7433928209371759e-10
1.682374286491506e-08
-4.2285315052007033e-10
1.8507567585078301e-08
-5.9703138313929373e-10
1.9208094046615753e-08
-7.9173226039705274e-10
1.9130378707716986e-08
-1.0011356331384565e-09
1.846614018979179e-08
-1.2191763890889215e-09
1.7386508168468706e-08
-1.4399630491943443e-09
1.6037388180291202e-08
-1.6581235978691848e-09
1.4537646653810962e-08
-1.8690471193399089e-09
1.2979770479358001e-08
-2.0690147952258795e-09
1.1432327667987193e-08
-2.25523239011153e-09
9.9434637580078113e-09
-2.4257867619137694e-09
8.5447554095188665e-09
-2.5795519834057296e-09
7.2549238936842312e-09
-2.7160685242142641e-09
6.0831112834108437e-09
-2.8354140558123259e-09
5.0315919527848464e-09
-2.9380787943657013e-09
4.097910799821e-09
-3.0248531587295515e-09
3.2765076856378814e-09
-3.0967314907747756e-09
2.5599161559205651e-09
-3.1548327784686003e-09
1.9396276198642526e-09
-3.200337585346252e-09
1.406701922983279e-09
-3.2344394660400587e-09
9.5219010124770996e-10
-3.2583087771175378e-09
5.6741992566536451e-10
-3.2730667621575391e-09
2.4418187862923732e-10
-3.2797679447880015e-09
-2.5156936423906685e-11
-3.2793891017285307e-09
-2.4759096589191569e-10
-3.2728233475370827e-09
-4.2945188010989306e-10
-3.26087811268828e-09
-5.764110030531836e-10
-3.2442760190958402e-09
-6.9350049553413241e-10
-3.2236578494812558e-09
-7.8514725269837377e-10
-3.1995869683737621e-09
-8.5521493744737075e-10
-3.172554686549324e-09
-9.0705067009053985e-10
-3.1429861711054378e-09
-9.4353374488062293e-10
-3.1112465939272045e-09
-9.671244127114338e-10
-3.0776472854096093e-09
-9.7991130081714131e-10
-3.0424517207830056e-09
-9.8365646468134931e-10
-3.0058812155776609e-09
-9.7983740539894933e-10
-2.9681202465164306e-09
-9.6968565286184582e-10
-2.9293213459853442e-09
-9.5422172333757063e-10
-2.8896095434320794e-09
-9.3428641908263753e-10
-2.8490863466359096e-09
-9.105685558261923e-10
-2.8078332706668239e-09
-8.8362928839509675e-10
-2.7659149332709752e-09
-8.5392326162919997e-10
-2.7233817430594024e-09
-8.2181684844947392e-10
-2.6802722118319697e-09
-7.8760375418782623e-10
-2.6366149251584944e-09
-7.5151827009173066e-10
-2.5924302064221988e-09
-7.1374645271664792e-10
-2.5477315093078551e-09
-6.7443549257422853e-10
-2.5025265725248202e-09
-6.3370151728041868e-10
-2.4568183686847809e-09
-5.9163605344569045e-10
-2.4106058769398756e-09
-5.4831134915631482e-10
-2.3638847064227148e-09
-5.0378473626281372e-10
-2.3166475948662106e-09
-4.5810218964602944e-10
-2.2688848041318449e-09
-4.113012197683528e-10
-2.2205844318255271e-09
-3.6341321551153282e-10
-2.1717326557870638e-09
-3.1446533677472748e-10
-2.1223139260384358e-09
-2.6448204064254091e-10
-2.0723111167897433e-09
-2.1348631113458916e-10
-2.0217056493383332e-09
-1.6150065053325668e-10
-1.9704775951087471e-09
-1.0854787992890805e-10
-1.91860576683444e-09
-5.4651787858598616e-11
-1.8660678043041798e-09
1.6234154679582863e-13
-1.812840261192732e-09
5.5867296108961859e-11
-1.7588986970485902e-09
1.1243357807110058e-10
-1.7042177786337404e-09
1.6982910664519905e-10
-1.6487713950384093e-09
2.2801896868495425e-10
-1.5925327886269216e-09
2.8696520721912839e-10
-1.5354747047996883e-09
3.4662664213979914e-10
-1.4775695625843852e-09
4.0695871769656162e-10
-1.4187896477800788e-09
4.6791337363742708e-10
-1.3591073300078739e-09
5.294389380381528e-10
-1.2984953046573523e-09
5.9148004092293223e-10
-1.2369268603561263e-09
6.5397754864516811e-10
-1.1743761722149272e-09
7.1686851970302836e-10
-1.1108186207095919e-09
7.8008618322007514e-10
-1.0462311356440521e-09
8.4355994175883028e-10
9.0721540045322588e-10
-1.6901161589347322e-11
3.8285029345645801e-09
-6.767068123388998e-11
9.7244023813639144e-09
-1.519119789892228e-10
1.403146468680271e-08
-2.6823702576089592e-10
1.6940059167895437e-08
-4.1399653988928504e-10
1.865331624097859e-08
-5.8526936951854539e-10
1.9379354205652629e-08
-7.7707220120594916e-10
1.932216741707361e-08
-9.8371948966224933e-10
1.8672772305247468e-08
-1.1992502130446528e-09
1.7602023087637558e-08
-1.4178437046417133e-09
1.6255965650753389e-08
-1.6341664319677696e-09
1.4753953529797063e-08
-1.8436174533187757e-09
1.3189206159481199e-08
-2.0424649803564005e-09
1.1631160644389921e-08
-2.2278850671226287e-09
1.0128870298184581e-08
-2.3979240833312088e-09
8.7147820285307321e-09
-2.5514099930469691e-09
7.4083986369365688e-09
-2.687835623688934e-09
6.2195270035041954e-09
-2.8072324544918918e-09
5.1509801080057281e-09
-2.9100479504433155e-09
4.2007187988595549e-09
-2.9970343985328613e-09
3.3634877342476175e-09
-3.0691531872481937e-09
2.6320295457014624e-09
-3.1274956461592024e-09
1.9979655756071647e-09
-3.1732197944776565e-09
1.4524223573380898e-09
-3.2075013898404093e-09
9.8646866803413649e-10
-3.2314972679665389e-09
5.9141336266289509e-10
-3.2463189091047059e-09
2.5900157600035255e-10
-3.2530143034844837e-09
-1.8463069617176446e-11
-3.2525564129125395e-09
-2.4805003971073417e-10
-3.2458367759348277e-09
-4.3617241868449169e-10
-3.233663047450348e-09
-5.8858540540826826e-10
-3.2167594817344188e-09
-7.1040455321239587e-10
-3.1957695571344666e-09
-8.0613752582630691e-10
-3.1712601000261254e-09
-8.7972463158821003e-10
-3.1437263982149851e-09
-9.3458452365169321e-10
-3.1135979033581041e-09
-9.7366232746951219e-10
-3.0812442118590292e-09
-9.9947814496608482e-10
-3.046981087337059e-09
-1.0141744325988786e-09
-3.0110763479946524e-09
-1.0195611883004237e-09
-2.9737554912812414e-09
-1.0171582314734376e-09
-2.9352069680376321e-09
-1.0082341366279509e-09
-2.89558705029967e-09
-9.9384159723588153e-10
-2.8550242623754025e-09
-9.7484916201163023e-10
-2.8136233647067604e-09
-9.5196940955734301e-10
-2.7714688952494159e-09
-9.2578371642205209e-10
-2.7286282844064719e-09
-8.9676383442116665e-10
-2.6851545675802976e-09
-8.6529053105036356e-10
-2.6410887247460783e-09
-8.3166956676270887e-10
-2.5964616796042958e-09
-7.9614528886847864e-10
-2.5512959922892552e-09
-7.5891211734990062e-10
-2.5056072796877297e-09
-7.2012418588162163e-10
-2.459405396490556e-09
-6.7990338423143546e-10
-2.4126954084503282e-09
-6.3834602793316203e-10
-2.3654783871848244e-09
-5.9552835921309899e-10
-2.3177520534451121e-09
-5.5151106080698289e-10
-2.2695112932117596e-09
-5.0634294239275185e-10
-2.2207485684128466e-09
-4.6006393851603626e-10
-2.1714542415591319e-09
-4.1270753750812757e-10
-2.1216168312290838e-09
-3.6430274323226085e-10
-2.0712232131481086e-09
-3.1487565565614658e-10
-2.0202587796169684e-09
-2.6445074225161059e-10
-1.9687075682613686e-09
-2.1305186000087742e-10
-1.9165523694864879e-09
-1.6070307723659365e-10
-1.8637748206671266e-09
-1.0742933554500936e-10
-1.8103554939128477e-09
-5.3256984338337734e-11
-1.7562739828812263e-09
1.7857857395651743e-12
-1.701508994371295e-09
5.7668590062034061e-11
-1.6460384477027238e-09
1.1435856035234774e-10
-1.5898395860242714e-09
1.7182010728560646e-10
-1.5328891025054382e-09
2.3001472390508139e-10
-1.4751632835083458e-09
2.8890082329035438e-10
-1.4166381708526163e-09
3.484336051444463e-10
-1.357289744698247e-09
4.0856494755233985e-10
-1.2970941282080446e-09
4.6924332158984851e-10
-1.2360278147833808e-09
5.3041372751738883e-10
-1.1740679183003909e-09
5.920176521610515e-10
-1.1111924464039251e-09
6.539930477858056e-10
-1.0473805965363089e-09
7.1627433331080075e-10
-9.8261307398291085e-10
7.7879241913954024e-10
8.4147475717763317e-10
-1.6440207699682683e-11
3.844941820140174e-09
-6.5947303771250243e-11
9.7739055366117931e-09
-1.4826713984970648e-10
1.411377804492855e-08
-2.6217236092291633e-10
1.7053955527324607e-08
-4.0518450736252058e-10
1.8796317373436028e-08
-5.7355230836424703e-10
1.9547709145638978e-08
-7.624496840595816e-10
1.9511050451465624e-08
-9.6632560638631736e-10
1.887663281513891e-08
-1.179323987018645e-09
1.7815005413106309e-08
-1.3956965067703527e-09
1.6472321895672497e-08
-1.6101500712914783e-09
1.4968390994319196e-08
-1.8180958225060332e-09
1.3397136332156403e-08
-2.0157910403775275e-09
1.1828841090294564e-08
-2.2003838686410811e-09
1.0313449377500569e-08
-2.3698816489401023e-09
8.8842672298024451e-09
-2.523067313326407e-09
7.5615729739470414e-09
-2.6593867429005967e-09
6.3558363820590819e-09
-2.7788255733565566e-09
5.2704101417798309e-09
-2.8817885708473662e-09
4.3036741962709519e-09
-2.9689897038320238e-09
3.4506823808901115e-09
-3.0413570383398415e-09
2.7043914090224941e-09
-3.0999537457386705e-09
2.0565577205211659e-09
-3.1459147152286463e-09
1.4983795648818037e-09
-3.1803972734493646e-09
1.0209481595317218e-09
-3.2045440836165231e-09
6.1555770201029413e-10
-3.2194562178005459e-09
2.7391174392516348e-10
-3.2261745138519049e-09
-1.1746317565776034e-11
-3.2256675399614028e-09
-2.4855820822426259e-10
-3.2188247306226296e-09
-4.4301613684620368e-10
-3.2064534947424414e-09
-6.0095731902818873e-10
-3.1892793101648749e-09
-7.2757923095693378e-10
-3.1679480051962677e-09
-8.2746917846170866e-10
-3.1430295849342099e-09
-9.0464328646777941e-10
-3.1150230913647568e-09
-9.6259116543499381e-10
-3.0843620945640636e-09
-1.004323407705384e-09
-3.0514205015045848e-09
-1.0324197740193023e-09
-3.0165184421340237e-09
-1.0490764942403478e-09
-2.9799280523105631e-09
-1.0561515573719709e-09
-2.9418790221024375e-09
-1.0552072261177033e-09
-2.9025638177265131e-09
-1.0475492968108415e-09
-2.8621425174875818e-09
-1.0342628492031637e-09
-2.8207472277045983e-09
-1.0162444026988264e-09
-2.7784860647672704e-09
-9.9423052481490174e-10
-2.7354467050077844e-09
-9.6882303137695899e-10
-2.6916995157237493e-09
-9.4051098264505323e-10
-2.647300289085984e-09
-9.096897208059448e-10
-2.6022926063706627e-09
-8.7667721689448268e-10
-2.5567098634626344e-09
-8.4172800339580299e-10
-2.5105769903282255e-09
-8.0504496606865442e-10
-2.4639118975267765e-09
-7.6678925790894098e-10
-2.4167266821678616e-09
-7.2708858209021551e-10
-2.3690286242876465e-09
-6.8604407120558708e-10
-2.3208210026773319e-09
-6.4373596873307356e-10
-2.2721037569201252e-09
-6.0022829663676839e-10
-2.2228740199543346e-09
-5.5557267126817622e-10
-2.1731265429969529e-09
-5.0981140892722356e-10
-2.1228540322193483e-09
-4.6298004302527279e-10
-2.0720474142407957e-09
-4.1510935701150912e-10
-2.0206960453364457e-09
-3.6622702122984691e-10
-1.9687878772639908e-09
-3.1635890769904527e-10
-1.916309590825652e-09
-2.6553014438316794e-10
-1.8632467066780734e-09
-2.1376595978371933e-10
-1.8095836815040327e-09
-1.6109235948098077e-10
-1.7553039964435425e-09
-1.0753666844713402e-10
-1.7003902436278121e-09
-5.3127966349390399e-11
-1.6448242153554262e-09
2.1025623408134796e-12
-1.5885870011269402e-09
5.8121346538663637e-11
-1.531659094254365e-09
1.1489220072247791e-10
-1.4740205122998738e-09
1.7237614217893037e-10
-1.4156509330707072e-09
2.3053124422726425e-10
-1.3565298480016152e-09
2.8931252019353629e-10
-1.2966367344134012e-09
3.4867183404519809e-10
-1.2359512476341971e-09
4.085578348624787e-10
-1.1744534336162543e-09
4.6891591352740207e-10
-1.1121239623116141e-09
5.2968818086374543e-10
-1.0489443817077958e-09
5.9081346717007119e-10
-9.8489739205621708e-10
6.5222734362751442e-10
-9.1996713945398455e-10
7.1386216648338163e-10
7.7564714519866935e-10
-1.5983318042408615e-11
3.8609238039898216e-09
-6.4238272082948754e-11
9.8221565111234489e-09
-1.4464975272333214e-10
1.4194182977873721e-08
-2.561473241228807e-10
1.7165444132943179e-08
-3.9642003655038686e-10
1.8936578932677458e-08
-5.6188411626016464e-10
1.9713160192584429e-08
-7.4786946221216488e-10
1.9697021257195189e-08
-9.4895942486682498e-10
1.9077707146634178e-08
-1.1594036683419309e-09
1.8025433371180736e-08
-1.3735277530240174e-09
1.6686429471983222e-08
-1.5860809883338728e-09
1.5180927900134957e-08
-1.7924887280403651e-09
1.3603528273858926e-08
-1.9889993816714522e-09
1.2025336766947532e-08
-2.1727350080267106e-09
1.0497171067235227e-08
-2.3416654067738838e-09
9.0531848807147914e-09
-2.4945295805655064e-09
7.7144256708501044e-09
-2.6307271852489299e-09
6.4920238051150488e-09
-2.7501983854664778e-09
5.3898724326591656e-09
-2.8533053226765796e-09
4.4067734373960173e-09
-2.9407234793658233e-09
3.5380939703978667e-09
-3.0133472461798575e-09
2.7770096374269453e-09
-3.0722111491407889e-09
2.1154170058550065e-09
-3.1184263706308602e-09
1.5445909798909612e-09
-3.1531311772433198e-09
1.0556498641121634e-09
-3.1774534090549988e-09
6.3987743564221777e-10
-3.1924830823432474e-09
2.8893943037635889e-10
-3.1992532573236523e-09
-4.9777014376213759e-12
-3.1987275204988394e-09
-2.490851497482081e-10
-3.1917926622719955e-09
-4.4995191004236794e-10
-3.1792553610765417e-09
-6.1349530092872505e-10
-3.1618418939744207e-09
-7.4499319166664018e-10
-3.1402000770755785e-09
-8.4911134151300924e-10
-3.1149027941987877e-09
-9.2994080098206164e-10
-3.0864526018863211e-09
-9.9104150193051256e-10
-3.0552870062369956e-09
-1.0354890820552681e-09
-3.021784095455042e-09
-1.0659227156419064e-09
-2.9862682846679035e-09
-1.0845923019572175e-09
-2.9490159891467871e-09
-1.0934038267934981e-09
-2.9102610907972461e-09
-1.09396208368845e-09
-2.870200102489632e-09
-1.0876102359458852e-09
-2.8289969669372786e-09
-1.075465931811609e-09
-2.7867874525969948e-09
-1.0584538636245185e-09
-2.7436831294457549e-09
-1.0373347963462953e-09
-2.6997749233114762e-09
-1.0127311891539942e-09
-2.6551362594060904e-09
-9.8514960232081437e-10
-2.609825814453229e-09
-9.5500012607645847e-10
-2.5638899028565594e-09
-9.2261309345608736e-10
-2.5173645262046056e-09
-8.8825334953893102e-10
-2.4702771174821576e-09
-8.5213234854285441e-10
-2.4226480120268859e-09
-8.1441834102396752e-10
-2.374491676863333e-09
-7.752448984249622e-10
-2.3258177288507812e-09
-7.3471800349101921e-10
-2.2766317703196326e-09
-6.9292191423724236e-10
-2.226936068756948e-09
-6.4992398749335649e-10
-2.1767301047837549e-09
-6.0577862650773997e-10
-2.1260110102685495e-09
-5.6053049636808907e-10
-2.0747739160507452e-09
-5.1421713155156433e-10
-2.023012226459343e-09
-4.6687104205385218e-10
-1.9707178356629079e-09
-4.1852140841345646e-10
-1.9178812989081956e-09
-3.6919544160232462e-10
-1.864491969903554e-09
-3.1891947115108157e-10
-1.8105381139922682e-09
-2.6771981395111765e-10
-1.7560070053358571e-09
-2.1562346678602013e-10
-1.7008850150783118e-09
-1.6265865766391933e-10
-1.6451576963547797e-09
-1.0885528427643523e-10
-1.5888098711098579e-09
-5.4245262298609195e-11
-1.5318257225626631e-09
1.1371984484921014e-12
-1.4741888975046315e-09
5.7255376006635705e-11
-1.4158826199374415e-09
1.1406986486547549e-10
-1.3568898193717111e-09
1.7153844384737609e-10
-1.2971932750332762e-09
2.2961597598879835e-10
-1.2367757773094811e-09
2.8825433641486435e-10
-1.1756203073630554e-09
3.4740236497808049e-10
-1.1137102354003351e-09
4.0700584160147817e-10
-1.0510295377265506e-09
4.6700748320548407e-10
-9.8756303236053555e-10
5.2734696180033022e-10
-9.2329663263175028e-10
5.8796094387599025e-10
-8.5821761782931026e-10
6.4878315163752849e-10
7.0974444692549203e-10
-1.5530541008106078e-11
3.8764530009032009e-09
-6.2543890131061011e-11
9.8691658484255474e-09
-1.4106063396602275e-10
1.4272693114667045e-08
-2.5016347551008688e-10
1.7274537918499422e-08
-3.8770558526094439e-10
1.9074109766895641e-08
-5.5026820709586378e-10
1.9875709628978439e-08
-7.333358772043685e-10
1.9880074208693387e-08
-9.3162612082696979e-10
1.9275981561622268e-08
-1.1394951326867886e-09
1.8233285888691824e-08
-1.3513438649334609e-09
1.6898261483069333e-08
-1.5619659923371412e-09
1.5391533488296981e-08
-1.7668032158208085e-09
1.3808349498279758e-08
-1.9620971504512783e-09
1.2220615536430135e-08
-2.1449456152832078e-09
1.0680005422932817e-08
-2.3132823771857181e-09
9.2215087394212876e-09
-2.4658036369075811e-09
7.8669353159417187e-09
-2.6018635715468603e-09
6.6280734377021802e-09
-2.7213572720847055e-09
5.5093571199196767e-09
-2.8246043528266136e-09
4.5100127334392737e-09
-2.9122416639236533e-09
3.6257246396901445e-09
-2.9851295857835664e-09
2.8498919588437322e-09
-3.0442735264786182e-09
2.174556278086134e-09
-3.0907603954096281e-09
1.5910740013607766e-09
-3.1257087766248883e-09
1.0905951109100516e-09
-3.1502310388577176e-09
6.6439717473468681e-10
-3.1654054934197256e-09
3.0411187949167569e-10
-3.1722567923605397e-09
1.8720254153362729e-12
-3.1717429438752604e-09
-2.4960021167621224e-10
-3.1647475428570749e-09
-4.5694823107177061e-10
-3.152076039171406e-09
-6.2616748736211059e-10
-3.1344550694849979e-09
-7.626146546228206e-10
-3.1125340592426687e-09
-8.7103269572932985e-10
-3.0868884541788364e-09
-9.555866341298027e-10
-3.0580240689875523e-09
-1.019906026772584e-09
-3.026382147090244e-09
-1.0671310774749349e-09
-2.9923448131300888e-09
-1.0999600748933024e-09
-2.9562406719516078e-09
-1.1206964343671041e-09
-2.9183503670373957e-09
-1.1312940999366553e-09
-2.8789119598824357e-09
-1.1334004445549053e-09
-2.8381260313862367e-09
-1.1283961100211758e-09
-2.7961604384852229e-09
-1.1174314668512455e-09
-2.7531546851170802e-09
-1.1014595590359389e-09
-2.7092238871704774e-09
-1.0812655385301523e-09
-2.6644623271401984e-09
-1.0574926970908327e-09
-2.6189466064724613e-09
-1.0306652754241193e-09
-2.5727384126452484e-09
-1.0012082772730662e-09
-2.5258869244149609e-09
-9.6946454406782573e-10
-2.4784308828396373e-09
-9.35709358360469e-10
-2.430400358076086e-09
-9.0016284512267355e-10
-2.3818182429095503e-09
-8.630004321941682e-10
-2.3327015038316487e-09
-8.2436161726722254e-10
-2.2830622195112617e-09
-7.8435727089742687e-10
-2.2329084349410692e-09
-7.430756847858694e-10
-2.1822448575846858e-09
-7.0058755331558402e-10
-2.1310734196585987e-09
-6.5695005501510311e-10
-2.0793937283853427e-09
-6.1221018000367627e-10
-2.0272034237493443e-09
-5.6640743003558659e-10
-1.9744984610487177e-09
-5.1957599983122604e-10
-1.9212733334136785e-09
-4.7174653213332217e-10
-1.8675212474935478e-09
-4.22947524428065e-10
-1.8132342637128059e-09
-3.7320645250091017e-10
-1.7584034108756846e-09
-3.2255066488997175e-10
-1.7030187834527651e-09
-2.7100809273544684e-10
-1.6470696286091022e-09
-2.1860781137070352e-10
-1.5905444289087954e-09
-1.653804831049533e-10
-1.5334309856661272e-09
-1.1135870487704018e-10
-1.4757165070673361e-09
-5.6577279647607534e-11
-1.4173877042707245e-09
-1.0734264123935523e-12
-1.3584308987629468e-09
5.5113059638869113e-11
-1.298832142233216e-09
1.1193968752474315e-10
-1.2385773514261759e-09
1.6936118533203857e-10
-1.1776524587987331e-09
2.2732944389401926e-10
-1.116043579812534e-09
2.8579348606452811e-10
-1.0537371972763191e-09
3.4469945911102453e-10
-9.9072036275624854e-10
4.0399064870897628e-10
-9.2698091472403795e-10
4.6360751377221386e-10
-8.6250771277628696e-10
5.23487741913715e-10
-7.9729088692963707e-10
5.8356632575683371e-10
6.4377566061391363e-10
-1.5081843572472133e-11
3.8915334926546051e-09
-6.0864212561822686e-11
9.9149441797533121e-09
-1.3750016331743533e-10
1.4349322409519051e-08
-2.4422178196387957e-10
1.7381250405039699e-08
-3.7904292258556176e-10
1.9208919526735684e-08
-5.3870728434001275e-10
2.0035360672011293e-08
-7.1885261064292189e-10
2.006020465892769e-08
-9.1433032200434647e-10
1.9471443268580292e-08
-1.1196038658544504e-09
1.8438542751030504e-08
-1.3291510621747053e-09
1.7107791766703429e-08
-1.5378118937210236e-09
1.5600177591113643e-08
-1.7410465386853556e-09
1.4011567962021365e-08
-1.9350918990735229e-09
1.2414645560804105e-08
-2.1170234127761959e-09
1.0861922670568849e-08
-2.2847403421375927e-09
9.3892126240495886e-09
-2.4368972363267881e-09
8.0190804698621324e-09
-2.5728035650091252e-09
6.7639693543787513e-09
-2.6923097681635389e-09
5.6288542148206672e-09
-2.7956930548929797e-09
4.6133881544560263e-09
-2.8835515191086254e-09
3.7135763938672416e-09
-2.9567112157611873e-09
2.9230459983523784e-09
-3.0161479785169068e-09
2.2339883259640971e-09
-3.0629238898375407e-09
1.6378460278896579e-09
-3.0981372367346556e-09
1.1258052940045689e-09
-3.1228842721359467e-09
6.8914166449519549e-10
-3.1382309528078275e-09
3.1945653812304964e-10
-3.1451928877241919e-09
8.8323766617768406e-12
-3.1447219024692086e-09
-2.5007241775680738e-10
-3.137697834155851e-09
-4.6397322331243491e-10
-3.1249243928065191e-09
-6.3894161256314621e-10
-3.1071281200976016e-09
-7.8041141947346616e-10
-3.0849596561707144e-09
-8.9320150077874778e-10
-3.0589966751113667e-09
-9.8154983913909554e-10
-3.0297479765573962e-09
-1.0491548599381775e-09
-2.9976583261798789e-09
-1.0992207957484828e-09
-2.9631137247294516e-09
-1.134504695685009e-09
-2.9264468569190897e-09
-1.1573632873493465e-09
-2.8879425302447033e-09
-1.1697983888405816e-09
-2.8478429620958142e-09
-1.1734999606065368e-09
-2.806352812964731e-09
-1.1698861992096018e-09
-2.7636438956746889e-09
-1.1601403211124755e-09
-2.7198595164717319e-09
-1.1452438755117337e-09
-2.6751184245312422e-09
-1.1260065703570359e-09
-2.6295183627061503e-09
-1.1030927028975913e-09
-2.5831392248641211e-09
-1.0770443621964863e-09
-2.5360458345209337e-09
-1.0483016218842084e-09
-2.4882903661675325e-09
-1.0172199720823345e-09
-2.4399144351876105e-09
-9.8408525422005256e-10
-2.3909508849506004e-09
-9.4912636513321294e-10
-2.3414253009163507e-09
-9.1252599048191478e-10
-2.2913572817025463e-09
-8.7442961475654347e-10
-2.240761496327539e-09
-8.3495303810063707e-10
-2.1896485554755801e-09
-7.9418861056064672e-10
-2.1380257228401175e-09
-7.5221037353666822e-10
-2.0858974905407431e-09
-7.0907827716638619e-10
-2.0332660404164218e-09
-6.6484162188963893e-10
-1.9801316107674824e-09
-6.1954185304078188e-10
-1.9264927859339985e-09
-5.7321481934120223e-10
-1.8723467240069724e-09
-5.2589258982125929e-10
-1.8176893360170328e-09
-4.7760490906292197e-10
-1.7625154281452964e-09
-4.2838035773307475e-10
-1.7068188168730551e-09
-3.7824727409782349e-10
-1.6505924255250365e-09
-3.2723448247840338e-10
-1.5938283693659527e-09
-2.7537186628921344e-10
-1.5365180352638311e-09
-2.2269081625393978e-10
-1.4786521609367334e-09
-1.6922457847637779e-10
-1.4202209179249647e-09
-1.1500852210727705e-10
-1.3612140016678341e-09
-6.0080342253630434e-11
-1.3016207313023233e-09
-4.48021041583693e-12
-1.2414301616161242e-09
5.1749118068569315e-11
-1.1806312082305249e-09
1.0856223211452491e-10
-1.1192127876056291e-09
1.6591102338966936e-10
-1.0571639723643634e-09
2.2374467090709031e-10
-9.9447416225635815e-10
2.8200964905801053e-10
-9.3113327071509439e-10
3.4064975719931753e-10
-8.671319265877591e-10
3.9960616965649301e-10
-8.0246169029568628e-10
4.5881750561479426e-10
-7.3711528337450885e-10
5.1821991881008337e-10
5.777472072319632e-10
-1.4637100822537823e-11
3.9061692361056369e-09
-5.9199008323603921e-11
9.9595020302156997e-09
-1.3396821075308838e-10
1.4424084917714173e-08
-2.3832250049338949e-10
1.7485595500746729e-08
-3.7043296610438239e-10
1.9341018523586915e-08
-5.2720313292376292e-10
2.0192117406472441e-08
-7.044224346810216e-10
2.0237408948405618e-08
-8.970758234098228e-10
1.9664080499218216e-08
-1.0997346513932818e-09
1.8641184732540192e-08
-1.3069550307048307e-09
1.7314995063502661e-08
-1.513625160787661e-09
1.5806830823676976e-08
-1.7152258091456614e-09
1.4213152266321712e-08
-1.9079912413582639e-09
1.260739550384079e-08
-2.0889763786502029e-09
1.1042893400811614e-08
-2.2560475211612602e-09
9.5562705944455185e-09
-2.407818736576973e-09
8.1708398317654935e-09
-2.54355558174455e-09
6.8996956883111856e-09
-2.6630642931711263e-09
5.7483537321974741e-09
-2.7665798214984184e-09
4.7168957438394045e-09
-2.8546614038313544e-09
3.8016512044705849e-09
-2.9281004752483974e-09
2.9964793613842611e-09
-2.9878428560095813e-09
2.2937259499604654e-09
-3.0349252612225828e-09
1.6849245147140833e-09
-3.0704250756614382e-09
1.161301918322815e-09
-3.0954217969079751e-09
7.1413582011363597e-10
-3.1109683782917379e-09
3.3500108292948959e-10
-3.1180707472231344e-09
1.5933152026243973e-11
-3.1176739354955932e-09
-2.5047045630845634e-10
-3.1106534497721581e-09
-4.7099463573593195e-10
-3.0978107362106307e-09
-6.5178501012896282e-10
-3.0798717721458205e-09
-7.9835087375243494e-10
-3.0574880017160082e-09
-9.1558560879988566e-10
-3.0312389770452773e-09
-1.0077990830404442e-09
-3.0016361926415585e-09
-1.0787577734034707e-09
-2.9691277048822968e-09
-1.1317293453258098e-09
-2.934103214646652e-09
-1.1695291989081304e-09
-2.8968993621908472e-09
-1.1945671185528646e-09
-2.8578050417828636e-09
-1.2088926651471097e-09
-2.817066591579783e-09
-1.2142383526004886e-09
-2.7748927535166994e-09
-1.2120599715305306e-09
-2.7314593300087562e-09
-1.2035736761694135e-09
-2.6869134902168427e-09
-1.1897896475727406e-09
-2.6413776994336041e-09
-1.171542296462675e-09
-2.5949532615929473e-09
-1.1495170806009965e-09
-2.5477234776610878e-09
-1.1242740913776512e-09
-2.499756432281442e-09
-1.096268618271937e-09
-2.4511074280399974e-09
-1.0658689331225658e-09
-2.4018210915037424e-09
-1.0333715531429412e-09
-2.3519331781752134e-09
-9.9901424608056158e-10
-2.3014721050340795e-09
-9.6298703602789384e-10
-2.2504602397117933e-09
-9.2544145677947904e-10
-2.1989149748375319e-09
-8.8649828347060809e-10
-2.146849614928438e-09
-8.4625395427257064e-10
-2.0942741015743225e-09
-8.0478587354105761e-10
-2.0411956007465754e-09
-7.621567670697539e-10
-1.9876189739740503e-09
-7.1841823978343275e-10
-1.9335471529831931e-09
-6.736136668627973e-10
-1.8789814352690462e-09
-6.2778053130377629e-10
-1.8239217160142696e-09
-5.8095230448992732e-10
-1.7683666698370107e-09
-5.331599516053779e-10
-1.7123138940592274e-09
-4.8443313064706176e-10
-1.6557600235509132e-09
-4.3480114236294182e-10
-1.5987008257340197e-09
-3.8429367854839783e-10
-1.5411312830132138e-09
-3.3294140765750047e-10
-1.4830456687371927e-09
-2.8077642948891897e-10
-1.4244376217682489e-09
-2.2783262464882397e-10
-1.3653002238411395e-09
-1.7414591942879243e-10
-1.3056260831028007e-09
-1.1975448253457761e-10
-1.2454074265354775e-09
-6.469886664026434e-11
-1.1846362033157326e-09
-9.0221048963459928e-12
-1.1233042008241413e-09
4.7230229810219782e-11
-1.0614031741147464e-09
1.0400999681578038e-10
-9.9892498970636205e-10
1.6126648659436394e-10
-9.3586178385271528e-10
2.1894644326895315e-10
-8.7220613513692029e-10
2.7699410852329065e-10
-8.0795125091401439e-10
3.3535128545260404e-10
-7.4309116678492702e-10
3.9395742148611107e-10
-6.7762095798898074e-10
4.5274970999632351e-10
5.1166321047797143e-10
-1.4196085405364042e-11
3.9203639607568609e-09
-5.7547724142970856e-11
1.000284959898844e-08
-1.3046406316122733e-10
1.4496994534704315e-08
-2.3246506136315812e-10
1.7587587257227259e-08
-3.6187561852170755e-10
1.9470417541385005e-08
-5.1575640995038045e-10
2.0345984671723326e-08
-6.9004696035694292e-10
2.041168437180719e-08
-8.7986529913537968e-10
1.9853882548592147e-08
-1.0798912531869198e-09
1.8841193697688811e-08
-1.2847605841272827e-09
1.7519847164160784e-08
-1.4894115678819357e-09
1.6011464762184796e-08
-1.689347641873794e-09
1.4413071853103445e-08
-1.8808024961281524e-09
1.2798834733801749e-08
-2.0608123971655697e-09
1.1222888770080862e-08
-2.2272122332155356e-09
9.7226571454365599e-09
-2.3785767763093215e-09
8.3221924207489275e-09
-2.514128485975684e-09
7.0352367984555041e-09
-2.633629866486608e-09
5.8678458422292011e-09
-2.7372737812815727e-09
4.820531654400544e-09
-2.8255805337790554e-09
3.8899511302228127e-09
-2.8993066663211066e-09
3.0701997398691542e-09
-2.9593675651937022e-09
2.3537820547975904e-09
-3.006774052354714e-09
1.7323270536957502e-09
-3.0425820155211015e-09
1.1971066681753894e-09
-3.0678535633163615e-09
7.3940478485166104e-10
-3.0836279980050908e-09
3.5077346859571829e-10
-3.0909009259598228e-09
2.3204478228209581e-11
-3.0906099649407826e-09
-2.5076264874645295e-10
-3.0836257103820286e-09
-4.7797981861031099e-10
-3.0707468077709212e-09
-6.6466459593581109e-10
-3.0526981861380902e-09
-8.1639998286567304e-10
-3.0301316669077627e-09
-9.3815246140601876e-10
-3.0036283131379539e-09
-1.0343026507328819e-09
-2.973702007163679e-09
-1.1086842023758195e-09
-2.9408038479120369e-09
-1.1646275598636517e-09
-2.9053270446198852e-09
-1.2050060084277073e-09
-2.8676120541664806e-09
-1.2322820809625214e-09
-2.8279517672397531e-09
-1.248552901306553e-09
-2.7865965962150858e-09
-1.2555934589973449e-09
-2.7437593567067232e-09
-1.2548971392152452e-09
-2.6996198666755242e-09
-1.247713092068034e-09
-2.6543292129056504e-09
-1.235080228369547e-09
-2.6080136555331938e-09
-1.2178577843749934e-09
-2.5607781578923686e-09
-1.1967525137860675e-09
-2.5127095418916422e-09
-1.172342648765206e-09
-2.4638792789910564e-09
-1.1450988287566696e-09
-2.4143459341053279e-09
-1.1154022317972535e-09
-2.3641572848329972e-09
-1.0835601621771206e-09
-2.3133521416804084e-09
-1.0498193545802881e-09
-2.2619618967517537e-09
-1.0143772514095868e-09
-2.2100118290073001e-09
-9.7739149955933146e-10
-2.1575221939138095e-09
-9.3898789764864402e-10
-2.1045091243490948e-09
-8.992670064521156e-10
-2.0509853681733966e-09
-8.5830961537327585e-10
-1.9969608860991479e-09
-8.161812373935235e-10
-1.9424433315237601e-09
-7.7293578479752693e-10
-1.8874384319241992e-09
-7.2861855873287925e-10
-1.8319502893504586e-09
-6.8326866766812226e-10
-1.7759816155437885e-09
-6.3692097333879087e-10
-1.7195339152966929e-09
-5.8960764791756564e-10
-1.6626076298896327e-09
-5.4135941294933392e-10
-1.6052022508045093e-09
-4.9220651901241108e-10
-1.5473164124309746e-09
-4.4217951502213321e-10
-1.4889479711509132e-09
-3.9130984746419622e-10
-1.4300940770007603e-09
-3.3963032250299184e-10
-1.3707512430649134e-09
-2.871754577138062e-10
-1.3109154168309978e-09
-2.3398174499914885e-10
-1.2505820569279411e-09
-1.8008784193526624e-10
-1.1897462179581337e-09
-1.255347052323783e-10
-1.1284026455073904e-09
-7.0365677065391345e-11
-1.0665458828438447e-09
-1.4626532645303261e-11
-1.004170390419742e-09
4.1634504543280037e-11
-9.412706786454226e-10
9.8366774928327461e-11
-8.7784145420235429e-10
1.5551721890060058e-10
-8.1387777968140345e-10
2.1303043405053044e-10
-7.4937524595190173e-10
2.7084875174951844e-10
-6.8433015638121856e-10
3.2891233192285944e-10
-6.1873972170989645e-10
3.871592753144688e-10
4.4552575262714749e-10
-1.3758456832782228e-11
3.9341210556043649e-09
-5.5909447639289704e-11
1.0044996513317847e-08
-1.2698635043166872e-10
1.4568064698177907e-08
-2.2664795034605588e-10
1.7687239581964996e-08
-3.533696029763173e-10
1.9597127601472568e-08
-5.0436643336009771e-10
2.0496967902025527e-08
-6.7572638285256937e-10
2.0583029101211552e-08
-8.6270000973424669e-10
2.0040839777339449e-08
-1.0600760920244146e-09
1.9038552671430843e-08
-1.2625713173069996e-09
1.7722325033724652e-08
-1.4651758340360546e-09
1.6214052107291515e-08
-1.6634177849841942e-09
1.4611297193660016e-08
-1.8535323180158198e-09
1.2988933525743972e-08
-2.0325388950109687e-09
1.1401880707110804e-08
-2.1982425434999341e-09
9.8883474105958599e-09
-2.3491799364139823e-09
8.4731177718092053e-09
-2.4845312690485872e-09
7.1705774544062367e-09
-2.6040158064230101e-09
5.9873210422190957e-09
-2.707784519610035e-09
4.9242923061386162e-09
-2.7963187249377862e-09
3.9784784605768363e-09
-2.8703398209921298e-09
3.144215041856063e-09
-2.9307323585668554e-09
2.4141697657580683e-09
-2.9784807561001184e-09
1.7800714771255387e-09
-3.0146188207005014e-09
1.2332414994414101e-09
-3.0401906453002247e-09
7.6497401156024634e-10
-3.0562212362735941e-09
3.6680200022109636e-10
-3.0636952347372623e-09
3.0676868485020305e-11
-3.0635422228080655e-09
-2.5091689527116761e-10
-3.0566272917386403e-09
-4.848956784437748e-10
-3.0437457377437549e-09
-6.7754683135022505e-10
-3.0256209431782175e-09
-8.3452526136757584e-10
-3.0029046640345827e-09
-9.6086906902314334e-10
-2.9761790903080832e-09
-1.0610284324837997e-09
-2.945960167977905e-09
-1.1389032411259672e-09
-2.9127017735543743e-09
-1.1978860025863372e-09
-2.8768004168752819e-09
-1.2409073641662937e-09
-2.8386002177695913e-09
-1.2704822448634537e-09
-2.798397959788103e-09
-1.2887551015172985e-09
-2.7564480715451538e-09
-1.2975432758834821e-09
-2.7129674250570622e-09
-1.2983777075120092e-09
-2.6681398722522861e-09
-1.2925405647944476e-09
-2.6221204666974974e-09
-1.2810995554654674e-09
-2.575039338477437e-09
-1.264938838128203e-09
-2.52700520685468e-09
-1.2447865764290961e-09
-2.4781085284371308e-09
-1.2212392645196715e-09
-2.4284242886523942e-09
-1.1947830125315326e-09
-2.3780144518275306e-09
-1.1658120192478747e-09
-2.3269300905066536e-09
-1.1346444804975725e-09
-2.2752132181824082e-09
-1.1015361898575689e-09
-2.2228983516809027e-09
-1.0666920863040335e-09
-2.1700138303230566e-09
-1.0302759941921989e-09
-2.116582918935854e-09
-9.9241878662621624e-10
-2.0626247210303659e-09
-9.5322518571247256e-10
-2.0081549271858726e-09
-9.1277939381858448e-10
-1.9531864220532204e-09
-8.7114972989661304e-10
-1.8977297715310177e-09
-8.2839242503085716e-10
-1.8417936097056917e-09
-7.8455471223009965e-10
-1.7853849431453878e-09
-7.3967732752940845e-10
-1.7285093881761524e-09
-6.9379652295199133e-10
-1.671171354887806e-09
-6.4694567694894215e-10
-1.6133741898493458e-09
-5.9915657462396573e-10
-1.5551202878789205e-09
-5.5046041833997981e-10
-1.496411181723336e-09
-5.0088861911304904e-10
-1.4372476171564005e-09
-4.5047341042725873e-10
-1.3776296198004322e-09
-3.992483186201048e-10
-1.3175565589089313e-09
-3.4724851765386824e-10
-1.2570272124021163e-09
-2.945110907795683e-10
-1.1960398366168727e-09
-2.4107521716934329e-10
-1.1345922435014243e-09
-1.8698229793236897e-10
-1.0726818873424647e-09
-1.3227603291351347e-10
-1.0103059625427544e-09
-7.7002457214484348e-11
-9.4746151345616684e-10
-2.1209944374329481e-11
-8.8414555686837047e-10
3.5050818462349881e-11
-8.2035521723762678e-10
9.1726879355278136e-11
-7.5608787441919665e-10
1.4876309128902458e-10
-6.9134132329462585e-10
2.0610220065886065e-10
-6.2611394426241361e-10
2.6368495290496168e-10
-5.6040488334169115e-10
3.2145021439005639e-10
3.7933510883663063e-10
-1.3323750572025862e-11
3.9474434450874997e-09
-5.4282869843263964e-11
1.0085951555953428e-08
-1.2353297051643841e-10
1.4637308052672159e-08
-2.2086858945419729e-10
1.7784565906445275e-08
-3.4491229619881222e-10
1.9721159679887707e-08
-4.9303096758663695e-10
2.064507291936929e-08
-6.6145922261168335e-10
2.0751442064786546e-08
-8.4557950406343918e-10
2.0224943574638953e-08
-1.0402899150199306e-09
1.923324587714699e-08
-1.2403892510933242e-09
1.7922406911174498e-08
-1.4409212509570265e-09
1.6414566830723936e-08
-1.6374407389738503e-09
1.4807799968294498e-08
-1.8261863144107683e-09
1.3177663261831859e-08
-2.0041624624622814e-09
1.1579842123725035e-08
-2.1691458940892044e-09
1.0053317375481903e-08
-2.3196363844514787e-09
8.6235961455960932e-09
-2.4547727110885023e-09
7.3057030384697572e-09
-2.5742314117390413e-09
6.1067703482310826e-09
-2.6781217818855205e-09
5.0281745658040961e-09
-2.7668861200449811e-09
4.0672358824122079e-09
-2.841210451684687e-09
3.2185335451549566e-09
-2.901948109862147e-09
2.4749025694955392e-09
-2.9500566150292573e-09
1.8281759861806167e-09
-2.9865471220060232e-09
1.2697287562741318e-09
-3.0124450887520439e-09
7.9086936820553937e-10
-3.0287605836119775e-09
3.8311542754865757e-10
-3.0364666384672913e-09
3.8381310426352069e-11
-3.0364841700843621e-09
-2.5090059999770516e-10
-3.0296721651525792e-09
-4.9170861141448708e-10
-3.0168220096120295e-09
-6.9039766556292562e-10
-2.9986550262715509e-09
-8.5269272428851468e-10
-2.9758224468403666e-09
-9.837019713382795e-10
-2.9489071871602203e-09
-1.0879438937000496e-09
-2.9184269152798884e-09
-1.1693836223335985e-09
-2.8848380032437246e-09
-1.2314749554791255e-09
-2.8485400374901863e-09
-1.277205321402626e-09
-2.8098806321599683e-09
-1.3091416074566697e-09
-2.7691603467729828e-09
-1.3294753217898525e-09
-2.7266375567417222e-09
-1.3400659875151197e-09
-2.6825331637861813e-09
-1.3424820156180829e-09
-2.6370350649230181e-09
-1.3380385773643186e-09
-2.5903023244856276e-09
-1.3278322117089445e-09
-2.5424690145163649e-09
-1.3127720683937161e-09
-2.4936477056167827e-09
-1.2936078116132135e-09
-2.4439326035768769e-09
-1.2709542996526923e-09
-2.393402337354102e-09
-1.2453132189738959e-09
-2.3421224116885721e-09
-1.2170918922161708e-09
-2.2901473432246471e-09
-1.1866195030551254e-09
-2.2375225028006312e-09
-1.1541609907121654e-09
-2.1842856888927374e-09
-1.1199288664309101e-09
-2.1304684583257994e-09
-1.084093196173425e-09
-2.0760972405397693e-09
-1.0467899804206211e-09
-2.0211942611491516e-09
-1.0081281451217e-09
-1.9657782994375582e-09
-9.6819533900941373e-10
-1.9098653029444498e-09
-9.2706271282461363e-10
-1.85346888057675e-09
-8.8478883633400481e-10
-1.7966006938015498e-09
-8.4142289003790951e-10
-1.7392707635540092e-09
-7.9700725055409476e-10
-1.6814877085832562e-09
-7.5157957213993181e-10
-1.6232589291086079e-09
-7.051744518208755e-10
-1.5645907479096556e-09
-6.5782475218056129e-10
-1.5054885193434702e-09
-6.095626440401023e-10
-1.4459567152860256e-09
-5.6042042092795005e-10
-1.3859989956355387e-09
-5.104311283328445e-10
-1.3256182697970361e-09
-4.596290431085142e-10
-1.2648167544755262e-09
-4.0805003193667025e-10
-1.2035960321409905e-09
-3.5573181231954153e-10
-1.1419571136754435e-09
-3.0271413503071373e-10
-1.0799005079619043e-09
-2.4903890318939204e-10
-1.0174263005146678e-09
-1.9475024001822753e-10
-9.5453424267008988e-10
-1.3989451480412376e-10
-8.9122385234138263e-10
-8.4520334515218694e-11
-8.2749452688515464e-10
-2.8678506857473994e-11
-7.633456682026604e-10
2.7578020769662862e-11
-6.9877681982249856e-10
8.419424297500495e-11
-6.337878151584048e-10
1.4111319603638424e-10
-5.6837893598966387e-10
1.9827607375740662e-10
-5.0255107993849048e-10
2.5562235834184259e-10
3.1308996243739715e-10
-1.2891366849239626e-11
3.9603334538403737e-09
-5.2666246871493972e-11
1.0125722365452676e-08
-1.2010101298699043e-10
1.4704736076070013e-08
-2.151232154450903e-10
1.7879578809230717e-08
-3.3649955861003737e-10
1.9842524376246832e-08
-4.8174600513822126e-10
2.0790305677786861e-08
-6.4724206113930874e-10
2.0916922779698225e-08
-8.2850131433160461e-10
2.0406186280421177e-08
-1.0205314565766176e-09
1.9425258740501137e-08
-1.2182144668248427e-09
1.8120072382545982e-08
-1.4166492990225528e-09
1.6612984303388666e-08
-1.611419361977561e-09
1.5002553235218229e-08
-1.7987686471920862e-09
1.3364996628127114e-08
-1.9756884580265778e-09
1.1756747128523179e-08
-2.139928717023777e-09
1.0217544099324823e-08
-2.2899535007977679e-09
8.7736087512205942e-09
-2.4248610239229159e-09
7.4405997645156574e-09
-2.5442856242557483e-09
6.2261855064200409e-09
-2.6482951580607272e-09
5.1321759483625678e-09
-2.7372928966068913e-09
4.1562266702322815e-09
-2.8119292838457289e-09
3.2931640755746551e-09
-2.8730260719407605e-09
2.5359944801249921e-09
-2.9215134049427185e-09
1.8766593050148286e-09
-2.9583792259264709e-09
1.3065913135437377e-09
-2.9846297465168485e-09
8.1711726913121541e-10
-3.0012594583567334e-09
3.9974306582791263e-10
-3.0092291390176191e-09
4.6349375222913874e-11
-3.0094504051042192e-09
-2.5068057056857393e-10
-3.0027755293508683e-09
-4.9838441330544711e-10
-2.9899914143847664e-09
-7.0318245548207013e-10
-2.9718167960212397e-09
-8.7086781706557277e-10
-2.9489019064864396e-09
-1.0066171774817694e-09
-2.9218299689813239e-09
-1.115016025664367e-09
-2.8911200143057407e-09
-1.2000936787304854e-09
-2.8572306105406354e-09
-1.2653643922033988e-09
-2.8205641801419116e-09
-1.3138717352982529e-09
-2.7814716476827396e-09
-1.3482340892739362e-09
-2.7402572182347778e-09
-1.3706896784369417e-09
-2.697183133045347e-09
-1.3831399869447952e-09
-2.6524742874969894e-09
-1.3871907693638559e-09
-2.6063226277477577e-09
-1.3841901443307717e-09
-2.5588912681102502e-09
-1.3752634811622221e-09
-2.5103182920662146e-09
-1.3613449592603675e-09
-2.4607202165841795e-09
-1.3432058084253514e-09
-2.4101951127394991e-09
-1.3214793321456895e-09
-2.3588253860314883e-09
-1.2966828819472575e-09
-2.3066802277049065e-09
-1.2692369943557074e-09
-2.25381775418613e-09
-1.2394819276110605e-09
-2.2002868557787655e-09
-1.2076918468927615e-09
-2.1461287783295599e-09
-1.1740869078051055e-09
-2.0913784629388036e-09
-1.1388434810116638e-09
-2.0360656691937317e-09
-1.1021027484990082e-09
-1.9802159070518449e-09
-1.0639778858648267e-09
-1.923851201585671e-09
-1.0245600267630654e-09
-1.8669907134743538e-09
-9.8392318637492873e-10
-1.8096512365206986e-09
-9.4212830139594898e-10
-1.7518475917071175e-09
-8.9922652520115599e-10
-1.6935929354528908e-09
-8.552618990248532e-10
-1.6348989978792002e-09
-8.1027350347329232e-10
-1.5757762650779609e-09
-7.6429717964809419e-10
-1.5162341176484508e-09
-7.1736689566804212e-10
-1.4562809361441144e-09
-6.695158224378585e-10
-1.395924182571796e-09
-6.207771720657135e-10
-1.3351704657163053e-09
-5.7118484329096944e-10
-1.2740255968268428e-09
-5.2077391052744696e-10
-1.2124946410907532e-09
-4.6958098653937659e-10
-1.1505819693353832e-09
-4.1764448320631648e-10
-1.0882913135230278e-09
-3.6500479018126517e-10
-1.0256258288350966e-09
-3.1170438737615315e-10
-9.6258816446448004e-10
-2.5778790401180917e-10
-8.9918054464206606e-10
-2.0330213434501945e-10
-8.3540486090362261e-10
-1.4829601804539012e-10
-7.7126277614818132e-10
-9.2820591460709442e-11
-7.0675584063607979e-10
-3.6928914633243267e-11
-6.4188561965033356e-10
1.9324022065172326e-11
-5.7665383208479548e-10
7.5881408520496446e-11
-5.1106249882468622e-10
1.3268474052545865e-10
-4.4511410069905953e-10
1.8967396022569503e-10
2.4678760325092056e-10
-1.2460559089535834e-11
3.9727926598839657e-09
-5.1057360496479443e-11
1.016431510861711e-08
-1.1668668058974e-10
1.4770358667084274e-08
-2.094067553508645e-10
1.7972289593013017e-08
-3.2812556037971928e-10
1.9961231533159595e-08
-4.7050554293593867e-10
2.0932671957947935e-08
-6.3306927017147953e-10
2.1079471137854434e-08
-8.11460642943596e-10
2.0584561065255535e-08
-1.0007970894245281e-09
1.9614577857492614e-08
-1.1960447290980155e-09
1.8315302425784635e-08
-1.392359249735835e-09
1.680928140316723e-08
-1.5853544597695207e-09
1.5195531586997577e-08
-1.7712816176631307e-09
1.3550907806312662e-08
-1.9471205949723358e-09
1.1932571242163736e-08
-2.1105960282366842e-09
1.0381005944110213e-08
-2.2601374848681932e-09
8.9231379813608837e-09
-2.3948034736240478e-09
7.5752549131473809e-09
-2.514186670923662e-09
6.345559223887284e-09
-2.6183137467124879e-09
5.236294840464885e-09
-2.7075489548340736e-09
4.2454549002241349e-09
-2.7825069690692809e-09
3.368116210348772e-09
-2.8439776159876455e-09
2.5974602313857333e-09
-2.8928632006635763e-09
1.9255408614461401e-09
-2.9301279072470293e-09
1.3438527461019189e-09
-2.9567580977854243e-09
8.4374483310022437e-10
-2.9737320522712321e-09
4.1671494288972423e-10
-2.9819976477351008e-09
5.4613353633719051e-11
-2.9824565612808698e-09
-2.5022289255821904e-10
-2.9759537330321212e-09
-5.0488816461491754e-10
-2.9632709971157417e-09
-7.1586586166282214e-10
-2.9451239600912559e-09
-8.8901532252856771e-10
-2.9221613627966336e-09
-1.0295800844271714e-09
-2.8949662994735083e-09
-1.1422112757840569e-09
-2.8640587861312778e-09
-1.2310012856767727e-09
-2.8298992694630094e-09
-1.2995239334795038e-09
-2.7928927503331837e-09
-1.350878229529772e-09
-2.7533932642632365e-09
-1.3877335164229984e-09
-2.711708517687471e-09
-1.4123743441799904e-09
-2.6681045250925484e-09
-1.4267438860985496e-09
-2.6228101301970654e-09
-1.4324850652036532e-09
-2.5760213255256724e-09
-1.4309788494494238e-09
-2.5279053102367943e-09
-1.4233794000145488e-09
-2.4786042468240378e-09
-1.4106459317780458e-09
-2.4282386940735986e-09
-1.3935712773250829e-09
-2.3769107070510303e-09
-1.3728072431628436e-09
-2.3247066054055571e-09
-1.3488869157121571e-09
-2.2716994193585581e-09
-1.3222441205511375e-09
-2.2179510287446476e-09
-1.2932302660475018e-09
-2.1635140147334724e-09
-1.2621288158776571e-09
-2.1084332466540562e-09
-1.2291676373885791e-09
-2.0527472279404661e-09
-1.194529467093467e-09
-1.9964892258365072e-09
-1.1583607231622488e-09
-1.9396882093527982e-09
-1.1207788794459119e-09
-1.8823696192310069e-09
-1.0818785979055454e-09
-1.8245559925007327e-09
-1.0417367974836963e-09
-1.7662674627402409e-09
-1.0004168183822732e-09
-1.7075221554894509e-09
-9.5797182207164716e-10
-1.648336496494237e-09
-9.1444754963632428e-10
-1.5887254486666413e-09
-8.6988454456974126e-10
-1.5287026918719696e-09
-8.2431993106973323e-10
-1.4682807579471231e-09
-7.7778882532826404e-10
-1.4074711317410785e-09
-7.3032544527793711e-10
-1.3462843274675486e-09
-6.8196397369725848e-10
-1.2847299482816054e-09
-6.3273922041456273e-10
-1.2228167357362902e-09
-5.8268712147169232e-10
-1.1605526146505162e-09
-5.3184510638902111e-10
-1.0979447379077073e-09
-4.8025235900005242e-10
-1.0349995348101893e-09
-4.2794999255427429e-10
-9.7172276582540305e-10
-3.7498115581111817e-10
-9.0811958586331825e-10
-3.2139108355925355e-10
-8.4419461762245313e-10
-2.6722710227539449e-10
-7.7995203601570898e-10
-2.1253859942158358e-10
-7.1539566425058859e-10
-1.5737696305644429e-10
-6.5052908177789461e-10
-1.0179549698344233e-10
-5.8535574393709876e-10
-4.5849315689244026e-11
-5.1987911251863089e-10
1.0404777160130252e-11
-4.5410279684783567e-10
6.690842488998421e-11
-3.8803070742236212e-10
1.2360187081620028e-10
1.8042411150080472e-10
-1.2030421916648636e-11
3.9848217358183714e-09
-4.9453477343408508e-11
1.0201734124127043e-08
-1.132852082725433e-10
1.4834183692573882e-08
-2.0371269823282855e-10
1.8062707814395415e-08
-3.1978260239255376e-10
2.0077289804858271e-08
-4.5930135213837223e-10
2.1072177010616829e-08
-6.1893273277393479e-10
2.1239087142925097e-08
-7.9445003957177175e-10
2.0760061766212883e-08
-9.8108046406535042e-10
1.9801190924884355e-08
-1.1738750950705968e-09
1.8508079425461332e-08
-1.3680477528609255e-09
1.7003436600544947e-08
-1.5592443586912424e-09
1.5386711292794932e-08
-1.7437252328315937e-09
1.3735372658770279e-08
-1.9184605078528372e-09
1.2107291612891801e-08
-2.0811510003959187e-09
1.0543682809983013e-08
-2.2301929394729689e-09
9.0721676588823843e-09
-2.364605980699112e-09
7.7096570827084303e-09
-2.4839416833525846e-09
6.4648854188762957e-09
-2.5881857966773195e-09
5.3405307460238104e-09
-2.6776635835022089e-09
4.3349256885442879e-09
-2.7529537767535216e-09
3.4434005073586451e-09
-2.8148139500722618e-09
2.6593154957083633e-09
-2.8641181222192029e-09
1.9748409952656294e-09
-2.9018061832434172e-09
1.3815375260593131e-09
-2.9288440504038602e-09
8.7078006945234819e-10
-2.9461931606888336e-09
4.3406197405518397e-10
-2.9547878438831235e-09
6.3206420347801229e-11
-2.9555191925655992e-09
-2.4949277685540581e-10
-2.9492241868381436e-09
-5.111840891543409e-10
-2.936678994564867e-09
-7.2841171854680308e-10
-2.918595535534876e-09
-9.0709924321871034e-10
-2.8956205500614692e-09
-1.0525553719153168e-09
-2.8683365486765058e-09
-1.1694954557208989e-09
-2.8372641362025693e-09
-1.2620737831288777e-09
-2.8028653019680521e-09
-1.3339227835179361e-09
-2.7655473500470722e-09
-1.388196147747745e-09
-2.7256672113499244e-09
-1.4276135875445217e-09
-2.6835359353789606e-09
-1.4545055309377808e-09
-2.6394232054670378e-09
-1.4708565145620981e-09
-2.5935617590836455e-09
-1.4783464049724987e-09
-2.5461516257514866e-09
-1.4783888761715636e-09
-2.4973641204481651e-09
-1.4721668023593103e-09
-2.4473455510123591e-09
-1.4606644043486894e-09
-2.3962206148020716e-09
-1.4446961242686685e-09
-2.344095473260677e-09
-1.4249323038271859e-09
-2.291060503655036e-09
-1.4019218130906343e-09
-2.2371927354611413e-09
-1.3761118250453817e-09
-2.1825579850562631e-09
-1.3478649608935101e-09
-2.1272127068336957e-09
-1.3174740461240124e-09
-2.0712055818724305e-09
-1.2851747212983137e-09
-2.0145788671060239e-09
-1.251156147029098e-09
-1.9573695287724938e-09
-1.2155700321753805e-09
-1.8996101839771363e-09
-1.1785381997422509e-09
-1.8413298736454078e-09
-1.1401588879106792e-09
-1.7825546891290357e-09
-1.1005119652485373e-09
-1.7233082733895501e-09
-1.059663220405502e-09
-1.6636122161254924e-09
-1.0176678681746782e-09
-1.6034863605301189e-09
-9.7457339620471846e-10
-1.5429490376301093e-09
-9.3042186021171449e-10
-1.482017242427646e-09
-8.8525172047000188e-10
-1.4207067643864987e-09
-8.3909929875720198e-10
-1.3590322832026053e-09
-7.9199992281591152e-10
-1.2970074392968971e-09
-7.4398881473671133e-10
-1.2346448870813253e-09
-6.9510177038910869e-10
-1.1719563377815769e-09
-6.4537566902876489e-10
-1.1089525974492109e-09
-5.9484884537360708e-10
-1.0456436047683579e-09
-5.435613506442659e-10
-9.8203847234190409e-10
-4.9155512418785681e-10
-9.1814553432929553e-10
-4.3887409322079706e-10
-8.539724025970134e-10
-3.8556421483583352e-10
-7.8952603291932124e-10
-3.3167347161095255e-10
-7.2481280224152211e-10
-2.7725182984448646e-10
-6.5983859760670059e-10
-2.223511675031727e-10
-5.9460891708207874e-10
-1.6702517737110504e-10
-5.291289826760268e-10
-1.1132924999765198e-10
-4.6340386448901215e-10
-5.5320340959769598e-11
-3.9743861763694277e-10
9.4317808069802247e-13
-3.3123844575079848e-10
5.7401698952626399e-11
1.139945391264389e-10
-1.1599878634741216e-11
3.9964202774974703e-09
-4.7851306440276044e-11
1.0237981536246142e-08
-1.0989077914210832e-10
1.4896216493269849e-08
-1.980329623258974e-10
1.8150840764865421e-08
-3.1146093100515181e-10
2.0190706173443123e-08
-4.4812274009101655e-10
2.1208825147305695e-08
-6.0482155480487449e-10
2.139577059687982e-08
-7.774590667291644e-10
2.0932682676842029e-08
-9.6137213477889386e-10
1.9985086631067552e-08
-1.1516975083549104e-09
1.8698387155377293e-08
-1.3437084062182624e-09
1.7195430020144827e-08
-1.533084459422726e-09
1.5576070424587629e-08
-1.7160967508944214e-09
1.3918368905374008e-08
-1.8897072968364048e-09
1.2280887230913734e-08
-2.0515945124269334e-09
1.0705556375845353e-08
-2.2001224310254946e-09
9.2206832941450637e-09
-2.3342726956140655e-09
7.843796455605273e-09
-2.4535562924588959e-09
6.5841594900931721e-09
-2.5579183238840635e-09
5.4448845539770072e-09
-2.6476451013717175e-09
4.4246454541923766e-09
-2.7232792619365516e-09
3.5190287607730539e-09
-2.7855458147477102e-09
2.7215771310460252e-09
-2.8352900591466448e-09
2.024581195253246e-09
-2.8734270672948122e-09
1.4196712493709787e-09
-2.9009017241162e-09
8.9825209389197916e-10
-2.9186579956959366e-09
4.5181616698528509e-10
-2.9276160165806135e-09
7.216282708248805e-11
-2.9286556447392041e-09
-2.484543776925581e-10
-2.9226052631196005e-09
-5.1723538417158584e-10
-2.9102347625916564e-09
-7.4078287707323493e-10
-2.8922518027893345e-09
-9.2508265710568008e-10
-2.869300596406312e-09
-1.0755068720042769e-09
-2.8419625962890982e-09
-1.1968336255674895e-09
-2.8107585800028676e-09
-1.2932778752615219e-09
-2.7761517241907476e-09
-1.3685296458785733e-09
-2.7385513426226059e-09
-1.4257964863980748e-09
-2.6983170293636905e-09
-1.467847824194877e-09
-2.6557630041465469e-09
-1.4970594582085936e-09
-2.6111625027208198e-09
-1.5154569062007838e-09
-2.5647520924472129e-09
-1.5247567007598818e-09
-2.5167358241108893e-09
-1.5264050305450571e-09
-2.4672891560626964e-09
-1.5216133606481249e-09
-2.4165626073058843e-09
-1.5113908500080972e-09
-2.3646851127937355e-09
-1.4965735238528002e-09
-2.3117670676100694e-09
-1.4778502630338757e-09
-2.2579030573640378e-09
-1.4557857465518611e-09
-2.2031742804508833e-09
-1.4308405342169956e-09
-2.1476506741655964e-09
-1.4033885080619014e-09
-2.0913927612966164e-09
-1.3737319079070283e-09
-2.0344532370433055e-09
-1.3421142018009444e-09
-1.9768783181230187e-09
-1.3087310287916677e-09
-1.9187088769739862e-09
-1.2737394420111269e-09
-1.859981384210578e-09
-1.2372656663108197e-09
-1.8007286821061486e-09
-1.1994115682545447e-09
-1.7409806110272197e-09
-1.1602600183708458e-09
-1.6807645095361694e-09
-1.1198793071737076e-09
-1.6201056074344681e-09
-1.0783267582795574e-09
-1.5590273294261656e-09
-1.0356516644961398e-09
-1.4975515254105896e-09
-9.9189765640304272e-10
-1.4356986417313747e-09
-9.4710459788498767e-10
-1.3734878460575605e-09
-9.0131008944392179e-10
-1.3109371169806832e-09
-8.5455064794436292e-10
-1.2480633079179876e-09
-8.0686262069039806e-10
-1.184882193510107e-09
-7.582828823622078e-10
-1.1214085054240568e-09
-7.0884935521831024e-10
-1.0576559632995381e-09
-6.5860138602888586e-10
-9.9363730552639829e-10
-6.0758000728534194e-10
-9.2936432359605914e-10
-5.5582810525073558e-10
-8.6484790293265783e-10
-5.0339051322325717e-10
-8.0009807237111689e-10
-4.5031404489675385e-10
-7.3512406380374397e-10
-3.9664747980155173e-10
-6.6993438296949863e-10
-3.424415103971925e-10
-6.0453689195119412e-10
-2.8774865831293303e-10
-5.3893890378867814e-10
-2.3262316538092924e-10
-4.7314728941816476e-10
-1.7712086425829998e-10
-4.0716859545515391e-10
-1.2129903484601824e-10
-3.4100917456574733e-10
-6.5216242758045165e-11
-2.7467538098266216e-10
-8.932094601138211e-12
4.7493057687516009e-11
-1.1167668118065398e-11
-4.6246954848983705e-11
-1.064964368025426e-10
-1.9235775671383445e-10
-3.031485454284149e-10
-4.3695630295474299e-10
-5.9072176505926295e-10
-7.6047395196716731e-10
-9.4165917015440697e-10
-1.1295003753394931e-09
-1.3193313058694712e-09
-1.5068667692318564e-09
-1.6883902034830812e-09
-1.8608570473153678e-09
-2.0219246731176631e-09
-2.169926022940021e-09
-2.3038055469298583e-09
-2.4230341954655371e-09
-2.5275167005839281e-09
-2.6175004713404627e-09
-2.6934919064795706e-09
-2.7561831528687108e-09
-2.8063903701224786e-09
2.0747843660062706e-09
-2.8450032991381368e-09
1.4582808930470456e-09
-2.8729452119318791e-09
9.261913753898157e-10
-2.8911419786435335e-09
4.7001085767535966e-10
-2.9004988891014758e-09
8.1518127470088789e-11
-2.9018839105308665e-09
-2.4707057985517226e-10
-2.8961161815384369e-09
-5.2300401999008466e-10
-2.8839586914910855e-09
-7.5294101755620208e-10
-2.8661142497441773e-09
-9.4292754457154287e-10
-2.8432239953529974e-09
-1.0983974111254773e-09
-2.8158678292505129e-09
-1.2241899520030628e-09
-2.7845662649556952e-09
-1.3245795057673454e-09
-2.7497832907573061e-09
-1.4033126169188398e-09
-2.711929917385442e-09
-1.4636498072253736e-09
-2.6713681523916288e-09
-1.5084095031652767e-09
-2.6284151977905907e-09
-1.5400123057718379e-09
-2.58334771294944e-09
-1.5605242725774275e-09
-2.5364060219155638e-09
-1.571698269114272e-09
-2.4877981748419608e-09
-1.5750127559974815e-09
-2.4377037980868979e-09
-1.5717076205532354e-09
-2.3862776879058529e-09
-1.5628168505856917e-09
-2.333653119199467e-09
-1.5491979917124412e-09
-2.2799448541470776e-09
-1.5315584367688331e-09
-2.2252518462326312e-09
-1.5104786729006441e-09
-2.1696596435750086e-09
-1.4864326648855542e-09
-2.1132425019283495e-09
-1.4598055868455485e-09
-2.0560652225232451e-09
-1.4309091329456996e-09
-1.9981847333169194e-09
-1.3999946444037115e-09
-1.9396514344393021e-09
-1.3672642880472114e-09
-1.8805103298606926e-09
-1.3328805131616616e-09
-1.8208019677422325e-09
-1.2969740004312694e-09
-1.7605632117327217e-09
-1.2596503009757178e-09
-1.6998278647744521e-09
-1.2209953460860156e-09
-1.6386271659133888e-09
-1.1810799902352202e-09
-1.5769901792783374e-09
-1.1399637320220436e-09
-1.5149440928879795e-09
-1.0976977404287719e-09
-1.4525144433470496e-09
-1.0543272975105658e-09
-1.3897252808568859e-09
-1.0098937536129048e-09
-1.3265992873424989e-09
-9.6443607756632663e-10
-1.2631578589287829e-09
-9.1799207208235344e-10
-1.1994211624977407e-09
-8.7059931374931824e-10
-1.1354081746602399e-09
-8.2229586755454573e-10
-1.0711367101727295e-09
-7.7312081764203351e-10
-1.0066234456461004e-09
-7.2311464895394257e-10
-9.4188394331205147e-10
-6.7231950838320053e-10
-8.7693267864632786e-10
-6.2077936896748595e-10
-8.1178307477853708e-10
-5.685401163666134e-10
-7.464475458471268e-10
-5.1564957327832968e-10
-6.8093755077206999e-10
-4.621574744618455e-10
-6.1526365830649801e-10
-4.0811540255200198e-10
-5.4943562367306268e-10
-3.5357669271536354e-10
-4.8346247665927061e-10
-2.9859631222479514e-10
-4.1735262110019602e-10
-2.4323071969418037e-10
-3.511139447274814e-10
-1.875377111315391e-10
-2.8475392838957272e-10
-1.3157625903691722e-10
-2.1827978593331444e-10
-7.5406237021040134e-11
-1.9087508896212145e-11
-2.7774295546149397e-09
-2.8165470485363552e-09
-2.8449883165379299e-09
-2.8636605097950081e-09
-2.8734534217115849e-09
-2.8752224657007941e-09
-2.8697768779183034e-09
-2.857872106926193e-09
-2.8402055037926362e-09
-2.8174145677448467e-09
-2.7900771320128114e-09
-2.7587129872555142e-09
-2.723786536133511e-09
-2.6857101532471921e-09
-2.6448479915726122e-09
-2.6015200316267953e-09
-2.5560062147755346e-09
-2.5085505390583987e-09
-2.4593650261257023e-09
-2.40863349257151e-09
-2.3565150791059717e-09
-2.30314750742092e-09
-2.2486500478938684e-09
-2.1931261919462518e-09
-2.1366660313182522e-09
-2.0793483530775025e-09
-2.0212424641176932e-09
-1.9624097624656238e-09
-1.9029050751150369e-09
-1.8427777835282332e-09
-1.7820727585688453e-09
-1.7208311265984683e-09
-1.6590908879293588e-09
-1.5968874078924915e-09
-1.5342537995626234e-09
-1.4712212157719421e-09
-1.4078190665125859e-09
-1.3440751762461514e-09
-1.2800158940457621e-09
-1.2156661679432587e-09
-1.1510495933583354e-09
-1.0861884440784289e-09
-1.021103692944719e-09
-9.5581502819130269e-10
-8.9034087028297549e-10
-8.2469839310152076e-10
-7.5890355243370994e-10
-6.9297112390754193e-10
-6.269147517915992e-10
-5.6074700937855985e-10
-4.9447947084575552e-10
-4.2812279308634429e-10
-3.6168680472602331e-10
-2.951806054696224e-10
-2.2861268471787048e-10
-1.6199084674337691e-10
)
;

boundaryField
{
    hotWall
    {
        type            calculated;
        value           uniform 0;
    }
    coldWall
    {
        type            calculated;
        value           nonuniform List<scalar> 0();
    }
    bottomWall
    {
        type            calculated;
        value           nonuniform List<scalar> 0();
    }
    topWall
    {
        type            calculated;
        value           nonuniform List<scalar> 0();
    }
    front
    {
        type            empty;
    }
    back
    {
        type            empty;
    }
    procBoundary6to0
    {
        type            processor;
        value           nonuniform List<scalar> 
54
(
4.0075866195934768e-09
1.0273056837269329e-08
1.4956459346211372e-08
1.8236692901107594e-08
2.0301485410838902e-08
2.134261927617792e-08
2.1549520734045155e-08
2.1102418289203459e-08
2.0166254505263767e-08
1.8886210726963021e-08
1.7385243476127683e-08
1.5763588965454356e-08
1.4099876290282e-08
1.2453339140137898e-08
1.0866610343952335e-08
9.3686723521051217e-09
7.9776650793704939e-09
6.7033786048921906e-09
5.5493588282812481e-09
4.5146222068084787e-09
3.5950142837194863e-09
2.7842634563412302e-09
2.726734750289292e-09
2.1254751257233178e-09
1.4973951043804992e-09
9.5463001582926284e-10
4.8868097968605439e-10
9.130943513461334e-11
-2.4530275264470323e-10
-5.2845050687935492e-10
-7.6484643047881341e-10
-9.6059458427513495e-10
-1.121188622265486e-09
-1.2515275381013094e-09
-1.3559437065974961e-09
-1.43823905472347e-09
-1.5017261275248439e-09
-1.5492715690137628e-09
-1.5833401492221261e-09
-1.6060379619381722e-09
-1.6191538136257206e-09
-1.6241981393325521e-09
-1.6224390298636091e-09
-1.6149351476537637e-09
-1.6025654563601162e-09
-1.586055799382906e-09
-1.5660024422641194e-09
-1.5428927490572305e-09
-1.5171231982755989e-09
-1.48901496407514e-09
-1.4588272964336536e-09
-1.4267689331628574e-09
-1.3930077690735413e-09
-1.3576789954729614e-09
)
;
    }
    procBoundary6to1
    {
        type            processor;
        value           nonuniform List<scalar> 
14
(
-1.3208919080279117e-09
-1.2827355641368046e-09
-1.2432834533192228e-09
-1.2025973264979117e-09
-1.1607303129650164e-09
-1.117729437680112e-09
-1.0736376365794254e-09
-1.0284953539368097e-09
-9.8234179355445946e-10
-9.35215884676458e-10
-8.8715701396048926e-10
-8.3820556652968839e-10
-7.8840331196136233e-10
-7.3779366494153496e-10
)
;
    }
    procBoundary6to5
    {
        type            processor;
        value           nonuniform List<scalar> 
12
(
-6.8642184511073657e-10
-6.3433495624039617e-10
-5.8158200120062649e-10
-5.2821384612126756e-10
-4.7428314462213034e-10
-4.1984423099251762e-10
-3.6495298979532139e-10
-3.0966670791672955e-10
-2.5404391028941419e-10
-1.9814417972064703e-10
-1.4202807495176648e-10
-8.5757672650636782e-11
)
;
    }
    procBoundary6to7
    {
        type            processor;
        value           nonuniform List<scalar> 
38
(
4.9098261854040205e-10
4.5858114328746013e-10
4.2383149361320478e-10
3.8698702017093391e-10
3.4824493181168314e-10
3.0775693868176351e-10
2.6563808767903118e-10
2.2197405411340727e-10
1.7682712706425441e-10
1.3024109918400447e-10
8.2245245603823664e-11
3.2857551838824399e-11
-1.7912670930139204e-11
-7.0062673828575136e-11
-1.2359454385288368e-10
-1.7851381059653559e-10
-2.3482829318774748e-10
-2.9254714190816667e-10
-3.5168002785396913e-10
-4.1223644227751777e-10
-4.7422507538379537e-10
-5.3765324996855008e-10
-6.0252639007308434e-10
-6.6884750869589134e-10
-7.3661670179080319e-10
-8.0583063837679511e-10
-8.7648203874605628e-10
-9.4855913456582887e-10
-1.0220451062285725e-09
-1.0969174941972234e-09
-1.1731475823698282e-09
-1.2506997527273761e-09
-1.3295308117611853e-09
-1.4095892904400037e-09
-1.4908147208229412e-09
-1.5731368938345225e-09
-1.6564751042502016e-09
-1.7407373905659583e-09
)
;
    }
    procBoundary6to8
    {
        type            processor;
        value           nonuniform List<scalar> 
43
(
5.4736809410999526e-10
5.2071368779409248e-10
3.4083926068821357e-09
-3.5943258265485134e-09
-9.0294976994464995e-09
-1.2890847536379501e-08
-1.5381923450028572e-08
-1.6721538104915791e-08
-1.7132776598991088e-08
-1.683126570358604e-08
-1.6014671324067711e-08
-1.4854956625590679e-08
-1.3494145217579371e-08
-1.2043521332294545e-08
-1.0585595503572393e-08
-9.1778724125274388e-09
-7.8574548001341702e-09
-6.6457061019149142e-09
-5.5524610860883933e-09
-4.5795291961400253e-09
-3.7234303777577246e-09
-2.9774247341029317e-09
-2.3329551606151934e-09
-1.7806353829903355e-09
-1.3109038118418917e-09
-9.1444102208388902e-10
-5.8242461478321408e-10
-3.0667428935078225e-10
-7.9723663918811608e-11
1.0515640089856459e-10
2.5396635931614199e-10
3.7200717583436558e-10
4.6392252326471173e-10
5.3374864123889217e-10
5.8496808874356773e-10
6.2056469026697511e-10
6.4307773964365584e-10
6.5465409225333897e-10
6.5709720906266697e-10
6.519125527654672e-10
6.403489997016903e-10
3.3737679629811809e-09
6.2343613590856331e-10
)
;
    }
    procBoundary6to9
    {
        type            processor;
        value           nonuniform List<scalar> 
28
(
-1.8547904937108382e-09
-1.7720386461686361e-09
-1.6914429183591459e-09
-1.6128908778627818e-09
-1.5362722220323845e-09
-1.4614791341421043e-09
-1.3884065390159713e-09
-1.3169522748328208e-09
-1.2470171952750412e-09
-1.1785052140010171e-09
-1.1113233015342214e-09
-1.0453814430546154e-09
-9.8059256419768007e-10
-9.1687243080297475e-10
-8.5413952755564446e-10
-7.9231491962379094e-10
-7.3132210067442265e-10
-6.7108683003891755e-10
-6.1153696127237247e-10
-5.526022638883195e-10
-4.9421423957292837e-10
-4.3630593355402212e-10
-3.7881174152069086e-10
-3.216672156739455e-10
-2.6480887337184483e-10
-2.0817389953291046e-10
-1.5169921933244296e-10
-9.532068296530272e-11
)
;
    }
}


// ************************************************************************* //
