/*--------------------------------*- C++ -*----------------------------------*\
  =========                 |
  \\      /  F ield         | OpenFOAM: The Open Source CFD Toolbox
   \\    /   O peration     | Website:  https://openfoam.org
    \\  /    A nd           | Version:  13
     \\/     M anipulation  |
\*---------------------------------------------------------------------------*/
FoamFile
{
    format      ascii;
    class       volVectorField;
    location    "0.032778746640202423";
    object      U_0;
}
// * * * * * * * * * * * * * * * * * * * * * * * * * * * * * * * * * * * * * //

dimensions      [0 1 -1 0 0 0 0];

internalField   nonuniform List<vector> 
2147
(
(7.1269486929957088e-06 -1.5125212503746939e-07 0)
(7.1048364372970096e-06 3.4649267506501136e-08 0)
(7.1145908865892154e-06 2.0742616123578337e-07 0)
(7.118691537192995e-06 3.6581952099255711e-07 0)
(7.1193916017035603e-06 5.1965310099570978e-07 0)
(7.1201474466182157e-06 6.7202775554645407e-07 0)
(7.1210898523992764e-06 8.2359535955793726e-07 0)
(7.1218858031202209e-06 9.7471455914678101e-07 0)
(7.1224718471003938e-06 1.1256050147066229e-06 0)
(7.1228781692907863e-06 1.2763707277882198e-06 0)
(7.1231382966671245e-06 1.4270578022507229e-06 0)
(7.1232783610752002e-06 1.577686660348112e-06 0)
(7.1233180445472018e-06 1.7282648705013184e-06 0)
(7.1232717347735395e-06 1.8787926525460954e-06 0)
(7.1231497496598272e-06 2.0292655068773095e-06 0)
(7.1229594295239546e-06 2.1796754845292284e-06 0)
(7.1227059618865474e-06 2.3300117910398773e-06 0)
(7.1223929645120993e-06 2.4802610613702138e-06 0)
(7.1220228916473982e-06 2.6304074661049025e-06 0)
(7.1215973186842446e-06 2.7804327267100038e-06 0)
(7.1211171441414289e-06 2.9303160800734861e-06 0)
(7.1205827353811155e-06 3.0800342141458103e-06 0)
(7.1199940356553334e-06 3.2295611868736802e-06 0)
(7.1193506442241546e-06 3.3788683361035535e-06 -9.1763388955955221e-28)
(7.1186518774993631e-06 3.5279241845336178e-06 -9.581020573676159e-28)
(7.1178968165725243e-06 3.6766943437743467e-06 0)
(7.1170843450112514e-06 3.8251414187451494e-06 0)
(7.116213179526604e-06 3.9732249150259668e-06 0)
(7.1152818953698031e-06 4.1209011498327177e-06 0)
(7.1142889479318722e-06 4.2681231680748523e-06 0)
(7.1132326915673707e-06 4.4148406647722702e-06 0)
(7.1121113962998695e-06 4.560999914449486e-06 0)
(7.1109232630557934e-06 4.7065437087263531e-06 -1.2780567531381638e-27)
(7.1096664378157978e-06 4.8514113028642925e-06 -1.3173760034137651e-27)
(7.1083390251484093e-06 4.9955383725754663e-06 0)
(7.1069391013019901e-06 5.1388569816291572e-06 0)
(7.1054647269150363e-06 5.2812955614550643e-06 -1.4340384977863294e-27)
(7.1039139596486259e-06 5.4227789036879409e-06 -1.4724287876208659e-27)
(7.1022848668570378e-06 5.5632281664186658e-06 0)
(7.1005755383296045e-06 5.7025608953090624e-06 0)
(7.0987840993390755e-06 5.8406910603298626e-06 0)
(7.2808470091511924e-06 -1.0295630496072645e-07 0)
(7.2676460279699991e-06 5.986536646666345e-08 4.8071317253426833e-29)
(7.267218040142132e-06 2.1564467199660382e-07 1.2667895393893566e-28)
(7.2692758661234901e-06 3.6777311845314013e-07 0)
(7.270580079378072e-06 5.1961371503008424e-07 1.4335467041564342e-28)
(7.2715594513762973e-06 6.7138721273137391e-07 1.8399137194383976e-28)
(7.2723406350929677e-06 8.2288306233427558e-07 -2.2469999283853182e-28)
(7.2729388718466843e-06 9.7411532249149258e-07 -2.6545936696512029e-28)
(7.2733774639346761e-06 1.1251582675967078e-06 0)
(7.273678204767724e-06 1.2760682280917795e-06 0)
(7.2738590935592176e-06 1.4268809749455459e-06 0)
(7.273934623316996e-06 1.5776179099702036e-06 0)
(7.2739159384048334e-06 1.7282902358391347e-06 4.6961901224544475e-28)
(7.2738112426425707e-06 1.8789018318411997e-06 5.1046453941720704e-28)
(7.2736262868305734e-06 2.0294512080253376e-06 5.5130284536640048e-28)
(7.2733648248936443e-06 2.1799327353604506e-06 0)
(7.2730290078118738e-06 2.3303373778752052e-06 -6.3294102331559794e-28)
(7.2726197038159947e-06 2.4806531084971943e-06 0)
(7.2721367484541944e-06 2.6308651292283992e-06 0)
(7.271579136502369e-06 2.7809559703821439e-06 -1.5104648927434539e-27)
(7.2709451685751257e-06 2.9309055149614295e-06 0)
(7.2702325636186982e-06 3.0806909763981337e-06 3.3463391860547409e-27)
(7.2694385461027808e-06 3.2302868472997959e-06 2.6315649902540036e-27)
(7.2685599146628535e-06 3.3796648303608366e-06 1.8354659493723992e-27)
(7.2675930971285351e-06 3.5287937585599705e-06 9.5820997448418502e-28)
(7.2665341956389994e-06 3.6776395099054268e-06 0)
(7.2653790246127708e-06 3.8261649197109853e-06 0)
(7.2641231435376629e-06 3.9743296935147295e-06 0)
(7.2627618861328802e-06 4.1220903221908663e-06 0)
(7.2612903869919424e-06 4.2694000007642992e-06 -2.3184362173967758e-27)
(7.2597036066210089e-06 4.4162085528666399e-06 0)
(7.2579963555017817e-06 4.5624623614579705e-06 2.4774995164836323e-27)
(7.2561633177312875e-06 4.7081043071505198e-06 0)
(7.2541990745255693e-06 4.8530737153198708e-06 1.3176088273286161e-27)
(7.2520981280975185e-06 4.9973063129832363e-06 1.3567438364046556e-27)
(7.2498549261188464e-06 5.1407341963361786e-06 0)
(7.2474638867647388e-06 5.2832858100184144e-06 0)
(7.2449194246469248e-06 5.4248859392651436e-06 -2.9454880588346058e-27)
(7.2422159777278577e-06 5.5654557156693075e-06 -3.021747390361348e-27)
(7.2393480352413605e-06 5.7049126377179953e-06 0)
(7.2363101668832753e-06 5.8431706068812274e-06 0)
(7.43009617722025e-06 -9.6545685274271391e-08 0)
(7.4234241880522298e-06 5.7729036188769046e-08 4.5158390923800702e-29)
(7.4224915301750936e-06 2.1276204396139619e-07 1.2525058050334304e-28)
(7.4226584240792679e-06 3.6619889542249426e-07 0)
(7.4230052195991914e-06 5.1874724798905483e-07 1.4346638317425698e-28)
(7.4234167102164159e-06 6.7074594487316614e-07 1.8411283539770089e-28)
(7.4238179504634846e-06 8.223597131412505e-07 -2.2482119811622977e-28)
(7.4241610073981501e-06 9.7370466025141172e-07 -2.6557668386162119e-28)
(7.4244247528921777e-06 1.1248594015498311e-06 0)
(7.4246008768333002e-06 1.2758761666954931e-06 0)
(7.4246879786488057e-06 1.4267891688925166e-06 0)
(7.4246876220074484e-06 1.5776198357033781e-06 0)
(7.424601966448917e-06 1.7283803347901022e-06 4.6969947158584797e-28)
(7.4244327069897151e-06 1.8790759599633446e-06 5.1054354407891539e-28)
(7.4241806532127696e-06 2.0297067180265696e-06 5.5138252250695518e-28)
(7.4238455994092557e-06 2.1802683704369931e-06 -1.3932646703190095e-41)
(7.4234263350647017e-06 2.3307531007698944e-06 -6.3302787533084152e-28)
(7.4229207159080409e-06 2.4811499264168684e-06 0)
(7.4223257535571569e-06 2.6314449381630226e-06 0)
(7.4216377044085416e-06 2.7816214248951914e-06 -1.5106867991754148e-27)
(7.4208521501261603e-06 2.9316599222861543e-06 0)
(7.4199640677070873e-06 3.0815382107761443e-06 3.346881392451718e-27)
(7.4189678896230668e-06 3.2312312806251455e-06 2.632016246301496e-27)
(7.4178575555052857e-06 3.3807112750733065e-06 1.8357999992391387e-27)
(7.4166265570442176e-06 3.5299474200615144e-06 9.5839537231242497e-28)
(7.4152679777060784e-06 3.6789059456767924e-06 0)
(7.4137745286415936e-06 3.8275500035465247e-06 0)
(7.4121385819944106e-06 3.9758395830885118e-06 0)
(7.410352202570615e-06 4.1237314290414296e-06 0)
(7.4084071785951335e-06 4.271178961671444e-06 -2.3190459853285305e-27)
(7.4062950522515095e-06 4.4181322019496632e-06 2.8004358722094497e-41)
(7.4040071505476048e-06 4.5645377024433166e-06 2.4782318324724751e-27)
(7.4015346168748338e-06 4.7103384853229883e-06 0)
(7.3988684436248795e-06 4.8554739889333113e-06 1.3180442718440272e-27)
(7.3959995061518719e-06 4.9998800236338011e-06 1.357216968083927e-27)
(7.3929185983296541e-06 5.1434887383420188e-06 0)
(7.3896164698411527e-06 5.2862285985106737e-06 0)
(7.3860838652863434e-06 5.4280243768600636e-06 -2.946684891994171e-27)
(7.382311565271535e-06 5.5687971576839373e-06 -3.0230358410335677e-27)
(7.3782904294837033e-06 5.7084643558825093e-06 0)
(7.374011441875475e-06 5.8469397515529886e-06 0)
(7.5807899009594839e-06 -9.1586277890679108e-08 0)
(7.5769506488260843e-06 6.1238951573756565e-08 0)
(7.5756860814780916e-06 2.1417171659855302e-07 0)
(7.5752604749458111e-06 3.6666515081046947e-07 0)
(7.5751269876593993e-06 5.187848365956853e-07 0)
(7.5751718902623517e-06 6.7059479932807891e-07 0)
(7.5752993468520526e-06 8.2215239757743544e-07 0)
(7.5754385601731128e-06 9.7351149172996934e-07 0)
(7.5755489706405518e-06 1.1247158408933664e-06 0)
(7.5756079723168916e-06 1.2757995636127937e-06 0)
(7.5756027626888296e-06 1.4267877650558419e-06 0)
(7.5755257892544402e-06 1.5776975293835136e-06 0)
(7.5753720626897694e-06 1.7285392474893318e-06 0)
(7.57513762590898e-06 1.8793177973258417e-06 0)
(7.5748186973326614e-06 2.0300334590211466e-06 0)
(7.574411207665321e-06 2.1806825890425058e-06 0)
(7.5739105638366279e-06 2.3312580919981374e-06 0)
(7.5733115412477481e-06 2.4817497327207055e-06 0)
(7.5726082469623164e-06 2.6321443285358975e-06 0)
(7.5717941206283645e-06 2.7824258540894706e-06 0)
(7.570861954439448e-06 2.9325754837840008e-06 0)
(7.5698039219443419e-06 3.0825715898598626e-06 -1.6738106129839655e-27)
(7.5686116104049955e-06 3.2323897100309581e-06 -1.7550931829190855e-27)
(7.5672760541299629e-06 3.382002493877627e-06 0)
(7.5657877677473023e-06 3.5313796355506088e-06 0)
(7.5641367791203039e-06 3.6804877975968862e-06 0)
(7.5623126620344666e-06 3.8292905300577864e-06 0)
(7.5603045690195946e-06 3.9777481876261001e-06 0)
(7.5581012646739986e-06 4.1258178475389438e-06 -2.2398303542301711e-27)
(7.5556911598937478e-06 4.2734532295881639e-06 -2.3199274361139659e-27)
(7.5530623473835082e-06 4.4206046205529938e-06 -2.3997593444426935e-27)
(7.5502026388563797e-06 4.5672188039469352e-06 -2.4792967028719929e-27)
(7.5470996041857009e-06 4.7132389966276036e-06 -2.5585082115626814e-27)
(7.5437406127926634e-06 4.8586047935326908e-06 -2.637360612881084e-27)
(7.5401128774872947e-06 5.0032521215694622e-06 0)
(7.5362035009905613e-06 5.1471132039674878e-06 0)
(7.5319995252766544e-06 5.290116535959784e-06 0)
(7.5274879838002679e-06 5.4321868730840727e-06 0)
(7.522655956708814e-06 5.5732452330245982e-06 0)
(7.5174906290565481e-06 5.713208912123837e-06 0)
(7.5119793519667759e-06 5.8519915176344587e-06 0)
(7.7315809988273205e-06 -8.8428689131000687e-08 0)
(7.7291816063238919e-06 6.3305165811656934e-08 0)
(7.7279173675299819e-06 2.1533960433342154e-07 0)
(7.7272714176686348e-06 3.6725860828560575e-07 0)
(7.7269348363850961e-06 5.1903885581572073e-07 0)
(7.7267842651543449e-06 6.706663626043264e-07 0)
(7.7267346422132365e-06 8.2214085824542855e-07 0)
(7.7267244509305483e-06 9.734783413181051e-07 0)
(7.7267128250109982e-06 1.1246997250431061e-06 0)
(7.7266728011724406e-06 1.2758248657441693e-06 0)
(7.7265859445366518e-06 1.4268701089850742e-06 0)
(7.7264391044860146e-06 1.5778474623378623e-06 0)
(7.7262222344144073e-06 1.7287645839039864e-06 0)
(7.7259269185452618e-06 1.879625058871065e-06 0)
(7.725545444949884e-06 2.0304287421611666e-06 0)
(7.7250702324099923e-06 2.1811720735591868e-06 0)
(7.7244934787844124e-06 2.3318483277896595e-06 0)
(7.723806952484692e-06 2.4824477929702977e-06 0)
(7.7230018749557761e-06 2.6329578839395906e-06 0)
(7.722068859660678e-06 2.7833632012627184e-06 0)
(7.7209978858841306e-06 2.9336455474152578e-06 0)
(7.719778293948583e-06 3.0837839101835274e-06 -1.6742745276017211e-27)
(7.7183987936517146e-06 3.2337544220288554e-06 -1.7556187756493799e-27)
(7.7168474810627018e-06 3.3835303019130206e-06 0)
(7.7151118607984017e-06 3.5330817851424485e-06 0)
(7.7131788722144312e-06 3.6823760453928208e-06 0)
(7.7110349186623368e-06 3.8313771121731008e-06 0)
(7.7086658994609872e-06 3.9800457864428643e-06 0)
(7.7060572445129768e-06 4.1283395567537999e-06 -2.2408672056516988e-27)
(7.7031939516129223e-06 4.2762125173397858e-06 -2.3210747909173778e-27)
(7.7000606266065309e-06 4.4236152903319061e-06 -2.401024866135883e-27)
(7.6966415265977937e-06 4.5704949529714528e-06 -2.48068818477492e-27)
(7.6929206064093863e-06 4.7167949716249485e-06 -2.5600335577556972e-27)
(7.6888815685194017e-06 4.8624551434247684e-06 -2.6390278165327174e-27)
(7.6845079165683822e-06 5.007411547163403e-06 0)
(7.6797830127192558e-06 5.1515965042676132e-06 0)
(7.6746901389539768e-06 5.294938551119411e-06 0)
(7.6692125623207085e-06 5.4373624238510491e-06 0)
(7.6633336042796864e-06 5.5787890566952827e-06 0)
(7.6570367140546477e-06 5.719135594951435e-06 0)
(7.6503055457927766e-06 5.8583154238720831e-06 0)
(7.8823187125083045e-06 -8.6514390776370721e-08 -3.9348341162293303e-29)
(7.880718851173112e-06 6.4692438106144023e-08 0)
(7.8796394624949613e-06 2.1623617926410661e-07 -6.19327072498894e-29)
(7.8789597033321186e-06 3.6782801212230083e-07 -1.0266251197608028e-28)
(7.8785347357707029e-06 5.1938356210656716e-07 0)
(7.8782738914865034e-06 6.708645856836391e-07 0)
(7.87811132551146e-06 8.222561839840215e-07 0)
(7.8779974271554101e-06 9.735590422601765e-07 0)
(7.8778954952322436e-06 1.124781211702312e-06 0)
(7.8777783563933774e-06 1.275932790993549e-06 6.9474828494171832e-28)
(7.8776253593721583e-06 1.4270233200069253e-06 7.7643706699748126e-28)
(7.8774202642041773e-06 1.5780603935926797e-06 0)
(7.8771496592392396e-06 1.7290489781918806e-06 -4.6993553835251731e-28)
(7.8768017841828619e-06 1.8799911633542815e-06 -5.1080188356525729e-28)
(7.8763657120409496e-06 2.0308861189489002e-06 0)
(7.8758307933192258e-06 2.1817301321672465e-06 0)
(7.875186283283739e-06 2.3325166657344901e-06 0)
(7.874421097434794e-06 2.4832364079789823e-06 0)
(7.8735236552797953e-06 2.6338773015438401e-06 1.4301373109094704e-27)
(7.8724817841029878e-06 2.7844245472332921e-06 1.5117576577042296e-27)
(7.8712826633513228e-06 2.9348605843365434e-06 0)
(7.8699127965695535e-06 3.0851650508166208e-06 -8.374131316762758e-28)
(7.8683580021564333e-06 3.2353147273637464e-06 -1.7562478870707021e-27)
(7.8666034172835851e-06 3.3852834689322578e-06 -9.1878718918138272e-28)
(7.8646335112691728e-06 3.5350421273597985e-06 -1.9187889063535864e-27)
(7.862432106152812e-06 3.684558467896451e-06 -1.9998730881130361e-27)
(7.8599824030749225e-06 3.8337970823126278e-06 0)
(7.8572670135850175e-06 3.9827193005943903e-06 0)
(7.8542679955600798e-06 4.1312831034034053e-06 2.2421349374423612e-27)
(7.8509668934736244e-06 4.2794430365525601e-06 0)
(7.8473447830094052e-06 4.427150129518814e-06 -2.4025778990364471e-27)
(7.8433823201176245e-06 4.5743518187963644e-06 -1.2411991912617428e-27)
(7.8390597945859889e-06 4.7209918779586383e-06 0)
(7.8343571882939128e-06 4.8670103550976618e-06 1.3205410530455085e-27)
(7.829254238312041e-06 5.0123435194769467e-06 0)
(7.8237305049478797e-06 5.1569238179785518e-06 0)
(7.8177654448571308e-06 5.3006798429852953e-06 0)
(7.8113384893386381e-06 5.4435363125004483e-06 1.4768116492283108e-27)
(7.8044291277766772e-06 5.5854140639320469e-06 1.5152605551672848e-27)
(7.7970169962009453e-06 5.7262300625081354e-06 0)
(7.7890819705169604e-06 5.865897425627135e-06 0)
(8.0330605796326468e-06 -8.5243225137109303e-08 -3.9805799893776743e-29)
(8.0319321630306245e-06 6.5755655765133414e-08 0)
(8.0310529317650974e-06 2.1702225965561211e-07 -6.1772117630610905e-29)
(8.0304187963091749e-06 3.6838834913072532e-07 -1.0255501974612411e-28)
(8.0299714085975265e-06 5.197725420217173e-07 1.4333404438217373e-28)
(8.0296568867162613e-06 6.7113296521067378e-07 1.8412094897162661e-28)
(8.0294290987699733e-06 8.2244960751023117e-07 0)
(8.0292494787357983e-06 9.7371574369299696e-07 -2.6573547677724821e-28)
(8.0290865738408719e-06 1.124931985370757e-06 3.0656508450033856e-28)
(8.0289149095562949e-06 1.276102223580512e-06 1.0422263383209285e-27)
(8.0287135471779108e-06 1.4272312792754716e-06 1.1647952420292982e-27)
(8.0284647626853565e-06 1.5783234113662745e-06 4.2913207154401292e-28)
(8.0281530041848326e-06 1.7293814008444438e-06 -1.0367362295745075e-41)
(8.0277640593150029e-06 1.880406040383072e-06 1.0217776090889354e-27)
(8.0272844137871768e-06 2.0313958581236598e-06 5.5177314243753678e-28)
(8.026700779224989e-06 2.1823469684376543e-06 5.9265733423922932e-28)
(8.0259997546282033e-06 2.3332529882507576e-06 6.3353783713019284e-28)
(8.0251675883293107e-06 2.4841049824587722e-06 6.7441069366745401e-28)
(8.0241900142360653e-06 2.6348914172692015e-06 2.1458144419150109e-27)
(8.023052142456481e-06 2.7855981106630991e-06 1.5122305155914342e-27)
(8.0217383894691665e-06 2.9362081751768313e-06 0)
(8.0202324369901546e-06 3.0867019516818425e-06 -8.3772913884938876e-28)
(8.0185172117902202e-06 3.2370569346574447e-06 -1.7569726756074475e-27)
(8.0165748810896664e-06 3.3872476900392345e-06 9.192006278705404e-28)
(8.0143868597944091e-06 3.537245767699362e-06 -9.5986377675033557e-28)
(8.0119338271782398e-06 3.6870196097734875e-06 -2.0009335354941835e-27)
(8.0091957513564127e-06 3.836534457243929e-06 0)
(8.0061519205302915e-06 3.985752255709497e-06 0)
(8.0027809804541679e-06 4.1346315624521582e-06 3.3654362855639873e-27)
(7.9990609777226601e-06 4.2831274557865301e-06 -1.1620673440981692e-27)
(7.9949694088404546e-06 4.4311914483764997e-06 -2.4044087192979255e-27)
(7.990483275008148e-06 4.5787714054990858e-06 -5.2401422036816508e-42)
(7.9855791426748898e-06 4.7258114698065843e-06 0)
(7.9802332100156975e-06 4.872251993429304e-06 5.2666187749868323e-42)
(7.9744213794366607e-06 5.0180294790751335e-06 -2.722532807805999e-27)
(7.9681193362285098e-06 5.1630765308965055e-06 -2.8011510843646019e-27)
(7.9613026334618617e-06 5.3073218166819296e-06 -1.4396645128007689e-27)
(7.9539467832349349e-06 5.4506900421943994e-06 1.4785126386621193e-27)
(7.9460273542492265e-06 5.5931019392215832e-06 3.0341963317691899e-27)
(7.9375200756920936e-06 5.7344742683142858e-06 1.5553982640981021e-27)
(7.9284009467606415e-06 5.8747198375037539e-06 1.5933890313594165e-27)
(8.1838208558151941e-06 -8.4318022802847157e-08 0)
(8.1829843338617655e-06 6.6593442870776559e-08 0)
(8.182272154133511e-06 2.1770063050886415e-07 0)
(8.1817099847163719e-06 3.6891140786645314e-07 0)
(8.1812793514076355e-06 5.2016678896431061e-07 1.4326589991923766e-28)
(8.1809509567907684e-06 6.7143120855752213e-07 1.8407741007978841e-28)
(8.1806941039132393e-06 8.2268461887669337e-07 0)
(8.1804798050175278e-06 9.7391740310628551e-07 -2.65729231780382e-28)
(8.1802819751463857e-06 1.125126433586451e-06 3.0657368643402442e-28)
(8.1800776503239654e-06 1.2763121274970843e-06 3.4743113868380265e-28)
(8.1798465471699838e-06 1.4274764073952183e-06 3.8830106774174975e-28)
(8.179570385782113e-06 1.5786213321789589e-06 4.2918239689327784e-28)
(8.1792322882612095e-06 1.729748178985678e-06 4.7007359507458976e-28)
(8.1788162414731444e-06 1.8808568376238716e-06 1.5329181814667746e-27)
(8.1783066401208119e-06 2.0319454166762605e-06 5.5187746876651467e-28)
(8.1776879234771447e-06 2.1830099844065351e-06 5.9278509697357103e-28)
(8.1769442973363319e-06 2.3340443908694424e-06 6.3369246506145862e-28)
(8.1760595264887214e-06 2.4850401368763257e-06 6.7459596755927724e-28)
(8.1750167835206035e-06 2.63598626754723e-06 7.1549149970114849e-28)
(8.1737985420311136e-06 2.7868692772206569e-06 0)
(8.1723865043802713e-06 2.9376730179224211e-06 0)
(8.1707615560517576e-06 3.0883786073371161e-06 0)
(8.1689037405355513e-06 3.2389643345696392e-06 0)
(8.1667922503429619e-06 3.389405562911868e-06 1.8393310043511116e-27)
(8.1644054310098078e-06 3.5396746305312703e-06 9.6039356959604256e-28)
(8.1617207957139313e-06 3.6897407489555137e-06 0)
(8.158715049011098e-06 3.8395699015057325e-06 0)
(8.1553641187757521e-06 3.989124741563661e-06 0)
(8.1516431956128327e-06 4.1383644928811646e-06 1.1226618685317623e-27)
(8.1475267793790423e-06 4.2872448523903652e-06 -1.163013103495217e-27)
(8.1429887327166881e-06 4.4357178970248737e-06 0)
(8.1380023415389423e-06 4.5837319956463479e-06 1.2433667219007902e-27)
(8.1325403824926062e-06 4.7312317272694896e-06 0)
(8.1265751975416691e-06 4.8781578066244282e-06 -1.3231547864353495e-27)
(8.120078775771327e-06 5.0244470184761145e-06 -2.7255903658323679e-27)
(8.1130228425460344e-06 5.1700321617408198e-06 -2.8044843899672689e-27)
(8.1053789561284126e-06 5.3148420047576191e-06 -1.4414762432573224e-27)
(8.0971186118491232e-06 5.4588012526683056e-06 1.4804766485085116e-27)
(8.088213353856886e-06 5.601830528552136e-06 3.0384432517254447e-27)
(8.0786348944085526e-06 5.7438463692374055e-06 1.5576882831425981e-27)
(8.0683552400161325e-06 5.8847612372635728e-06 1.5958526239153867e-27)
(8.3345968926968243e-06 -8.3613973376783831e-08 0)
(8.3339508158674288e-06 6.725707984519122e-08 0)
(8.3333708963211153e-06 2.1827072499908763e-07 0)
(8.3328849544287348e-06 3.693779983503308e-07 0)
(8.3324912090669326e-06 5.2054024165785153e-07 0)
(8.3321747164605706e-06 6.7173094336411869e-07 0)
(8.3319152931827466e-06 8.2293342384295364e-07 0)
(8.3316912933624808e-06 9.7413839654768819e-07 0)
(8.3314812982091751e-06 1.1253416852819944e-06 0)
(8.3312648833668482e-06 1.2765422442497404e-06 0)
(8.3310227518640511e-06 1.4277405701901986e-06 0)
(8.3307365342823266e-06 1.5789375657981204e-06 0)
(8.3303885096310993e-06 1.7301337125720186e-06 0)
(8.3299612970124907e-06 1.8813284690907845e-06 0)
(8.3294375605922862e-06 2.0325198395064877e-06 0)
(8.3287997534491435e-06 2.1837040614230465e-06 0)
(8.328029907130216e-06 2.3348753732340274e-06 0)
(8.3271094650404477e-06 2.4860258327458236e-06 0)
(8.32601915462054e-06 2.6371451675261893e-06 0)
(8.3247388928632699e-06 2.7882206443571207e-06 0)
(8.3232477196034087e-06 2.9392369489644101e-06 0)
(8.3215237536306931e-06 3.0901760709589331e-06 0)
(8.3195441673806078e-06 3.2410171912386077e-06 0)
(8.3172851770568976e-06 3.3917365696350414e-06 0)
(8.3147220458354655e-06 3.5423074332186553e-06 0)
(8.3118290981663819e-06 3.6926998642209148e-06 0)
(8.3085797439612565e-06 3.8428806891252235e-06 0)
(8.3049465119041396e-06 3.9928133683395818e-06 0)
(8.3009010912560177e-06 4.1424578886283251e-06 0)
(8.296414381837715e-06 4.2917706581696016e-06 0)
(8.2914565520962052e-06 4.4407044057715948e-06 0)
(8.285997105263849e-06 4.5892080851998409e-06 0)
(8.2800049536418621e-06 4.7372267857557984e-06 0)
(8.2734485011901631e-06 4.8847016500093164e-06 0)
(8.2662957345309126e-06 5.0315698002563037e-06 0)
(8.2585143224890047e-06 5.1777642745277494e-06 0)
(8.250071724357616e-06 5.3232139738313831e-06 0)
(8.2409353070012981e-06 5.46784362122381e-06 1.4826965203790392e-27)
(8.2310724707828958e-06 5.6115737348361439e-06 1.5216238392099602e-27)
(8.2204507843430362e-06 5.7543206155065283e-06 0)
(8.2090381276705854e-06 5.8959963507002621e-06 0)
(8.4853846671811487e-06 -8.3058273267661497e-08 0)
(8.484869032062385e-06 6.7791870088463678e-08 0)
(8.4843930724468453e-06 2.1874760591685574e-07 0)
(8.483979501220008e-06 3.6978426174432085e-07 2.0456967647433692e-28)
(8.4836322962788185e-06 5.2087860139995588e-07 2.8625667374042877e-28)
(8.4833441388486385e-06 6.7201279787749884e-07 3.679455886747136e-28)
(8.4831015569589432e-06 8.2317482699873185e-07 -2.2482310663070178e-28)
(8.482888066303964e-06 9.7435752495495343e-07 -7.9704845197071193e-28)
(8.4826858227931072e-06 1.1255573793534751e-06 0)
(8.4824765352195888e-06 1.2767732988894053e-06 0)
(8.4822418687169419e-06 1.4280054937820554e-06 0)
(8.4819635281686223e-06 1.5792545884869005e-06 8.5850428314714713e-28)
(8.4816231915502091e-06 1.7305209210525874e-06 9.4035991453360595e-28)
(8.4812023684070632e-06 1.8818039962068895e-06 0)
(8.4806822324729907e-06 2.0331020637644316e-06 -1.1041487742792632e-27)
(8.4800434572378525e-06 2.18441179179005e-06 5.930379399264796e-28)
(8.479266068689055e-06 2.3357280084700557e-06 1.9020285598623209e-27)
(8.4783293208117594e-06 2.4870434916766645e-06 0)
(8.4772115951778792e-06 2.6383487908485381e-06 -1.4319300469382435e-27)
(8.4758903234887899e-06 2.7896320709977832e-06 7.5694166139661596e-28)
(8.4743419309926402e-06 2.9408789698310612e-06 2.3937350540288357e-27)
(8.4725417983243882e-06 3.0920724634597608e-06 2.5166096120870859e-27)
(8.470464239204035e-06 3.2431927375985719e-06 8.7981029487076517e-28)
(8.4680824923218123e-06 3.394217060891371e-06 -4.60363145367691e-27)
(8.4653687256241483e-06 3.545119661068471e-06 -2.8848312311890905e-27)
(8.462294051640633e-06 3.6958716020970841e-06 -3.0073631562653663e-27)
(8.4588285531079958e-06 3.8464406632115464e-06 -5.2162454421408636e-27)
(8.4549413182740663e-06 3.9967912193351083e-06 -2.1679689918221045e-27)
(8.450600485425756e-06 4.1468841246297619e-06 2.2492993039587547e-27)
(8.4457732965006585e-06 4.296676598874619e-06 2.3304652672134011e-27)
(8.4404261597540942e-06 4.4461221180189113e-06 2.4114410352082927e-27)
(8.4345247215335059e-06 4.5951703097807995e-06 2.4921986986179018e-27)
(8.4280339472877075e-06 4.7437668554744756e-06 0)
(8.4209182120017929e-06 4.8918533987212988e-06 0)
(8.4131414002668486e-06 5.0393674628203653e-06 0)
(8.4046670160994238e-06 5.1862423774449992e-06 2.8124147872397348e-27)
(8.3954583027794279e-06 5.3324072165485105e-06 5.7831745608577916e-27)
(8.3854783728277921e-06 5.4777867478283099e-06 2.9703279844888776e-27)
(8.374690348113398e-06 5.6223013963340485e-06 0)
(8.3630575102310603e-06 5.7658672226241837e-06 0)
(8.3505434606781333e-06 5.9083959172939826e-06 4.8052660946525182e-27)
(8.6361792076067636e-06 -8.2604956853769073e-08 0)
(8.6357566949704238e-06 6.8230600649322489e-08 0)
(8.635363287866086e-06 2.1914626824122955e-07 -1.2270408081781622e-28)
(8.6350159498268893e-06 3.7013136051326036e-07 -1.33433312957041e-41)
(8.6347197451295669e-06 5.2117372239389335e-07 2.8611852316015686e-28)
(8.6344709419765769e-06 6.7226308120829135e-07 3.6782596014524887e-28)
(8.6342600201373344e-06 8.2339221738426948e-07 -2.2477306049786741e-28)
(8.634073845568448e-06 9.7455685995612132e-07 -1.062572420694163e-27)
(8.6338970720440542e-06 1.1257551452874238e-06 -6.1305173775327122e-28)
(8.6337129977358493e-06 1.2769869005860968e-06 -1.0422700819043058e-27)
(8.6335040414472149e-06 1.428252896192131e-06 1.9992517546593504e-41)
(8.6332519615537263e-06 1.5795541800655596e-06 1.7170694843788269e-27)
(8.6329379173463206e-06 1.7308915099916317e-06 1.4106447022667783e-27)
(8.6325424397201688e-06 1.8822648810519576e-06 1.022358501887433e-27)
(8.6320453561984076e-06 2.0336731380970008e-06 -1.1043192881753428e-27)
(8.6314256982064261e-06 2.185113657144876e-06 3.1674601059732979e-42)
(8.6306616070371784e-06 2.3365820814951631e-06 1.9024886991140896e-27)
(8.6297302474454951e-06 2.4880720978598967e-06 2.0255448196072103e-27)
(8.6286077339966036e-06 2.6395752418126396e-06 2.8648319786567956e-27)
(8.6272690718364252e-06 2.791080724687201e-06 3.0289541540898213e-27)
(8.6256881120817441e-06 2.9425752739049835e-06 2.3948072186992464e-27)
(8.6238375214095993e-06 3.0940429835659905e-06 1.678589510673459e-27)
(8.621688764763847e-06 3.2454651716320404e-06 2.6259336370632973e-41)
(8.6192121005165951e-06 3.3968202405524984e-06 -6.4491600353536967e-27)
(8.6163765870990089e-06 3.5480835417680334e-06 -1.9245665861309098e-27)
(8.6131501003351258e-06 3.6992272421690996e-06 -1.013303480967437e-41)
(8.609499361161857e-06 3.8502201928687165e-06 -5.2206429171124088e-27)
(8.6053899733075727e-06 4.0010277998393419e-06 -3.2549418331602479e-27)
(8.6007864707861238e-06 4.1516118978873064e-06 -6.8197920284879878e-42)
(8.5956523752146486e-06 4.3019306274947736e-06 1.1664899999766378e-27)
(8.58995026301708e-06 4.4519383157737331e-06 4.8284920385519735e-27)
(8.5836418427244895e-06 4.6015853623225901e-06 4.9906277049007231e-27)
(8.5766880425525662e-06 4.7508181311639594e-06 1.2880769226631382e-27)
(8.5690491084979472e-06 4.8995788493451341e-06 1.328367056575534e-27)
(8.5606847132505582e-06 5.0478055139279027e-06 -1.3685102434403588e-27)
(8.5515540761914526e-06 5.1954318081922668e-06 -1.4084882325502681e-27)
(8.5416160946720527e-06 5.3423870287447154e-06 2.8965631729319617e-27)
(8.5308294867579498e-06 5.4885960241791536e-06 -1.4878696631050258e-27)
(8.5191529455561639e-06 5.6339791477739489e-06 -4.581691808287275e-27)
(8.5065453052594819e-06 5.7784522247971344e-06 1.5663413185545052e-27)
(8.4929657185740658e-06 5.9219265362422672e-06 6.420709967093984e-27)
(8.7869739993382161e-06 -8.2224649276793209e-08 0)
(8.7866202571235846e-06 6.8595431493924607e-08 0)
(8.7862938322569929e-06 2.1947802381701757e-07 -1.2255314122513376e-28)
(8.7860069553333957e-06 3.7042103755622325e-07 -2.0426655106145765e-28)
(8.7857640169558595e-06 5.2142017812887165e-07 0)
(8.7855626337913715e-06 6.724713817695727e-07 0)
(8.7853953356227855e-06 8.2357192198935972e-07 0)
(8.785250994101889e-06 9.747206905303062e-07 -2.6559122569723117e-28)
(8.7851158632924623e-06 1.1259180217101479e-06 -6.1296625884515825e-28)
(8.7849742860247188e-06 1.2771652943211459e-06 -1.0421752069790592e-27)
(8.7848091481652145e-06 1.428464448966598e-06 -5.7553501625997764e-42)
(8.7846021419464651e-06 1.5798175037846657e-06 8.5853158708424607e-28)
(8.7843338925395147e-06 1.7312261066542691e-06 4.7023327453158776e-28)
(8.783983996514875e-06 1.8826911383680028e-06 1.0224431036217184e-27)
(8.783531008570384e-06 2.0342123682663198e-06 -2.8781471075119989e-42)
(8.7829524006911117e-06 2.1857881560201129e-06 -5.9325891393373594e-28)
(8.7822245094164525e-06 2.3374151938287046e-06 0)
(8.7813224811745386e-06 2.4890882796343658e-06 2.026108288291477e-27)
(8.7802202220498743e-06 2.6408001151284003e-06 4.2986823064130933e-27)
(8.7788903555266967e-06 2.7925411216640843e-06 2.2726070411279227e-27)
(8.7773041899050823e-06 2.9442992693382576e-06 0)
(8.7754316960691319e-06 3.0960599157199397e-06 -8.3973033686557974e-28)
(8.773241496116577e-06 3.2478056512348161e-06 -8.8082678740813641e-28)
(8.770700862441558e-06 3.3995161489987272e-06 -1.8438300281201244e-27)
(8.7677757272995404e-06 3.5511680181609428e-06 9.6298828697458544e-28)
(8.7644307027617461e-06 3.7027346601172028e-06 3.0121170822784472e-27)
(8.7606291107386394e-06 3.8541861269438075e-06 0)
(8.7563330232850388e-06 4.0054889819318961e-06 -1.0860381091085959e-27)
(8.7515033130886365e-06 4.1566061634157981e-06 -2.2539333744231032e-27)
(8.7460997143766065e-06 4.3074968513607263e-06 -1.1678331290834833e-27)
(8.7400808945853158e-06 4.4581163378347027e-06 2.417250036649494e-27)
(8.7334045369280995e-06 4.6084159022097957e-06 2.4986577177790786e-27)
(8.7260274342821587e-06 4.7583426920677323e-06 1.2899300410147931e-27)
(8.7179055947359985e-06 4.9078396106142651e-06 1.3304128093290277e-27)
(8.7089943591133274e-06 5.0568452120019352e-06 -1.3707602330680232e-27)
(8.6992485308743008e-06 5.2052936057768499e-06 -4.2328625372918809e-27)
(8.6886225186819114e-06 5.3531143717536079e-06 -2.9019505758885347e-27)
(8.6770704918198958e-06 5.5002324865806171e-06 -4.4724088590813967e-27)
(8.6645465487074119e-06 5.6465682639330763e-06 -4.5912459123669915e-27)
(8.6510048986522988e-06 5.7920373094941094e-06 1.569789194657056e-27)
(8.6364000566662103e-06 5.9365504923894535e-06 1.6089001937396094e-27)
(8.9377609145056233e-06 -8.1897570290306922e-08 0)
(8.93745936805423e-06 6.8901821687230642e-08 0)
(8.9371888939106934e-06 2.197514725914499e-07 0)
(8.9369581041256038e-06 3.7065501331085127e-07 0)
(8.9367700893397178e-06 5.2161391664478349e-07 0)
(8.9366226858202245e-06 6.7262914258852989e-07 0)
(8.9365093288567703e-06 8.2370204258119806e-07 0)
(8.9364199452029715e-06 9.7483470337290728e-07 0)
(8.9363416757144299e-06 1.1260299360879689e-06 0)
(8.9362594249209396e-06 1.2772910713713513e-06 0)
(8.9361562508936905e-06 1.4286216531503387e-06 0)
(8.9360136191923087e-06 1.5800250902865007e-06 0)
(8.9358115519335939e-06 1.7315043069223975e-06 0)
(8.9355287013505879e-06 1.8830614133475329e-06 0)
(8.9351423738178489e-06 2.0346974047311136e-06 0)
(8.9346285237648091e-06 2.1864118883216123e-06 0)
(8.9339617306708774e-06 2.3382028377640812e-06 0)
(8.9331151688149592e-06 2.4900663699784903e-06 0)
(8.9320605760487956e-06 2.641996541403617e-06 0)
(8.9307682259909213e-06 2.7939851577766289e-06 0)
(8.9292069061351935e-06 2.9460215960997316e-06 0)
(8.9273439033244252e-06 3.0980926341269535e-06 0)
(8.9251449980008837e-06 3.2501822863144001e-06 0)
(8.9225744674091844e-06 3.4022716439600307e-06 0)
(8.9195950982562299e-06 3.5543387185504283e-06 0)
(8.9161682091224332e-06 3.7063582879114936e-06 0)
(8.9122536829408432e-06 3.8583017443593592e-06 0)
(8.9078100097978016e-06 4.010136945028908e-06 0)
(8.902794340234789e-06 4.161828065037118e-06 0)
(8.8971625496109103e-06 4.3133354530865113e-06 0)
(8.8908693138459223e-06 4.4646154907396364e-06 0)
(8.8838681969572684e-06 4.6156204560465639e-06 0)
(8.8761117509440657e-06 4.7662983923271738e-06 0)
(8.867551628415672e-06 4.9165929832300788e-06 0)
(8.8581387084043889e-06 5.0664434352084391e-06 0)
(8.847823235892001e-06 5.2157843687792883e-06 0)
(8.8365549753902027e-06 5.3645457198202527e-06 0)
(8.8242833788861803e-06 5.5126526525171114e-06 0)
(8.8109577684441529e-06 5.6600254854887194e-06 0)
(8.7965275336849416e-06 5.8065796328087812e-06 0)
(8.7809423441077523e-06 5.9522255615138731e-06 0)
(9.0885303011413004e-06 -8.1609677628078776e-08 0)
(9.0882692999990893e-06 6.9160774965955599e-08 0)
(9.0880470238755162e-06 2.1997286397684751e-07 0)
(9.0878693993849082e-06 3.7083435640138363e-07 0)
(9.0877381462344989e-06 5.2175122304728669e-07 0)
(9.0876507597225251e-06 6.7272862941612465e-07 0)
(9.0876008963826919e-06 8.2377160509395488e-07 0)
(9.0875788875397931e-06 9.7488534337820049e-07 0)
(9.0875722312009219e-06 1.1260752586730532e-06 0)
(9.0875660030523573e-06 1.2773468864453583e-06 0)
(9.0875431670747128e-06 1.4287056829093617e-06 0)
(9.0874847956736333e-06 1.5801567714254118e-06 0)
(9.0873702156070614e-06 1.7317046683369621e-06 1.4106117004858254e-27)
(9.0871770943573583e-06 1.8833530095592422e-06 3.0674415963888677e-27)
(9.0868814835174118e-06 2.0351042879443691e-06 1.6569231533777465e-27)
(9.0864578336552503e-06 2.1869596060312583e-06 0)
(9.0858789910920219e-06 2.3389184448632165e-06 0)
(9.0851161848629257e-06 2.490978447994837e-06 -2.0270895376945075e-27)
(9.08413900985471e-06 2.6431352191681429e-06 -2.1506561915912086e-27)
(9.0829154102279481e-06 2.7953821298235678e-06 2.2743029089974644e-27)
(9.0814116662266319e-06 2.9477101361899917e-06 2.3980214074386065e-27)
(9.0795923862909054e-06 3.1001076020805241e-06 0)
(9.0774205059307722e-06 3.2525601271724363e-06 0)
(9.0748572946408147e-06 3.4050503783405433e-06 0)
(9.07186237124987e-06 3.5575579240838667e-06 -2.8933703351916213e-27)
(9.0683937285205259e-06 3.710059070794335e-06 -3.0172445467344324e-27)
(9.0644077678300405e-06 3.8625267007717958e-06 0)
(9.0598593440062335e-06 4.0149301122067737e-06 0)
(9.0547018211538623e-06 4.1672348611099574e-06 0)
(9.0488871400513431e-06 4.3194026054891265e-06 0)
(9.0423658975152784e-06 4.4713909526501472e-06 0)
(9.0350874385007901e-06 4.623153310232161e-06 3.7589089498652788e-27)
(9.0269999614631639e-06 4.7746387419281345e-06 3.8819408719192735e-27)
(9.0180506376174062e-06 4.925791828957259e-06 0)
(9.0081857446482499e-06 5.0765525384584018e-06 0)
(8.9973508154409743e-06 5.2268561001285536e-06 0)
(8.9854908023474022e-06 5.3766328925388085e-06 4.3707943066397738e-27)
(8.9725502574211352e-06 5.5258083407662962e-06 4.4919117113478159e-27)
(8.9584735289604663e-06 5.6743028269134216e-06 0)
(8.9432049746597487e-06 5.8220316153353737e-06 0)
(8.926689191466848e-06 5.9689047945029402e-06 0)
(9.2392708118728106e-06 -8.1350628920800887e-08 4.1195923018892815e-29)
(9.2390419096542401e-06 6.9380048067800321e-08 4.0481033930492714e-29)
(9.2388624753432704e-06 2.2014623874547048e-07 1.2214992915055313e-28)
(9.2387364631952377e-06 3.7095903995372023e-07 -1.0190972423337095e-28)
(9.2386643623548723e-06 5.2182812578218663e-07 -1.4274934860976662e-28)
(9.2386430678628153e-06 6.7276231265440063e-07 -3.6719686848502917e-28)
(9.2386660428032892e-06 8.2376998480859525e-07 -8.9784586860793844e-28)
(9.2387235987399176e-06 9.7485933525619036e-07 0)
(9.2388032187329164e-06 1.1260384407372075e-06 1.5312304687496792e-27)
(9.2388898491373486e-06 1.2773152067433095e-06 2.0830512987540267e-27)
(9.2389661358424679e-06 1.4286972271111e-06 1.1643997612650834e-27)
(9.2390126045935155e-06 1.5801915929323649e-06 0)
(9.2390077900798715e-06 1.7318046733662085e-06 4.7014663788483941e-28)
(9.2389283209898698e-06 1.883541885614133e-06 3.0672367460558499e-27)
(9.2387489703002932e-06 2.0354074646870568e-06 1.1046055236006372e-27)
(9.2384426806141727e-06 2.1874042390745281e-06 -9.0615843770211336e-42)
(9.2379805726324741e-06 2.3395334141415363e-06 1.9038307599404377e-27)
(9.2373319431411801e-06 2.4917943645431911e-06 -2.7032844018825964e-27)
(9.2364642578774802e-06 2.6441844350418121e-06 -2.8682760871487184e-27)
(9.2353431430372752e-06 2.7966987480463949e-06 3.7917623935224102e-27)
(9.2339323783899758e-06 2.9493300173890403e-06 3.9983462663965589e-27)
(9.2321938942869946e-06 3.1020683663138356e-06 2.5230492250414508e-27)
(9.2300877742306071e-06 3.2549011490887481e-06 5.2943414783880549e-27)
(9.2275722643190398e-06 3.4078127747817603e-06 9.2378626676909623e-28)
(9.2246037906701921e-06 3.5607845331015961e-06 -6.7563938530843215e-27)
(9.221136985726924e-06 3.7137944212045524e-06 -3.0198677170874087e-27)
(9.217124724331193e-06 3.866816971815319e-06 4.1921977673970535e-27)
(9.2125181701527098e-06 4.019823082364046e-06 0)
(9.2072668335070333e-06 4.1727798453628221e-06 -3.3926393178748309e-27)
(9.2013186411366887e-06 4.3256503807802909e-06 -2.3445275679027635e-27)
(9.1946200185616663e-06 4.4783936704459665e-06 -3.6408366707321404e-27)
(9.1871159862036774e-06 4.6309643955799524e-06 3.7647376361031463e-27)
(9.1787502696603054e-06 4.7833127784816339e-06 6.4807549778368848e-27)
(9.1694654249461993e-06 4.9353844292114605e-06 1.3373125704194516e-27)
(9.1592029795622827e-06 5.087120198509679e-06 1.378380975592166e-27)
(9.1479035899466427e-06 5.2384560384823564e-06 0)
(9.1355072159817904e-06 5.3893228723191503e-06 4.3804992595243626e-27)
(9.1219533131871016e-06 5.5396464749265474e-06 1.5008440859069876e-27)
(9.1071810429548122e-06 5.6893473661129433e-06 -3.082699548742548e-27)
(9.0911295012579701e-06 5.8383407181395938e-06 -4.7449806638504506e-27)
(9.073737966062173e-06 5.9865362799800359e-06 -3.2435013806862084e-27)
(9.3899692553225034e-06 -8.1112512512584711e-08 4.1254055702098253e-29)
(9.3897661676621215e-06 6.9565164009469498e-08 4.0384949965281713e-29)
(9.3896260157601696e-06 2.2027400046424865e-07 1.2201846310545195e-28)
(9.3895512864208792e-06 3.7102804049724126e-07 -1.0182797168597936e-28)
(9.3895414189323831e-06 5.2184018132972175e-07 -1.4265356709227709e-28)
(9.3895926187403229e-06 6.7272250226454006e-07 -3.6698183197715001e-28)
(9.3896979189744838e-06 8.2368651520495026e-07 -8.9737930976641303e-28)
(9.3898473434521968e-06 9.7474333443221405e-07 0)
(9.3900281026729952e-06 1.1259037328268684e-06 1.5306028374216408e-27)
(9.3902247894207487e-06 1.2771781017257437e-06 2.0823047903636089e-27)
(9.390419553238754e-06 1.4285763441977027e-06 1.1640428889626306e-27)
(9.3905922419151416e-06 1.5801077229390899e-06 0)
(9.3907205082846403e-06 1.7317806789472832e-06 -9.4010759802715043e-28)
(9.390779885693131e-06 1.8836026339438911e-06 -2.1091606270545765e-42)
(9.3907438370025346e-06 2.0355797859461526e-06 -5.5226006465700367e-28)
(9.3905837830769484e-06 2.1877169041250252e-06 6.3188769051952216e-42)
(9.3902691165449089e-06 2.3400171255631281e-06 1.9039391453240519e-27)
(9.3897672057688406e-06 2.4924817559279147e-06 -6.7590887388941231e-28)
(9.3890433933532411e-06 2.645110074223777e-06 -7.1721738205851312e-28)
(9.3880609925807782e-06 2.7978991412926466e-06 1.5171419093716865e-27)
(9.3867812845022913e-06 2.9508436115192275e-06 1.5999359120819602e-27)
(9.3851635179693192e-06 3.1039355470348329e-06 2.5242180749687211e-27)
(9.3831649143883466e-06 3.2571642335340942e-06 5.2972921934153715e-27)
(9.380740678658963e-06 3.4105159972734384e-06 9.2439203594118372e-28)
(9.377844017634654e-06 3.5639740226374593e-06 -3.8637249441448852e-27)
(9.3744261671913822e-06 3.7175181698428814e-06 4.3562337550016115e-42)
(9.3704364289350106e-06 3.8711247930806406e-06 4.1962938112279025e-27)
(9.36582221751649e-06 4.0247665585952245e-06 0)
(9.3605291195748438e-06 4.1784122632566016e-06 -3.3967539690290834e-27)
(9.3545009651221489e-06 4.3320266543417182e-06 -2.3476623094669163e-27)
(9.3476799122703266e-06 4.4855702504069792e-06 -3.6461720908198401e-27)
(9.3400065464789236e-06 4.6389991643665941e-06 0)
(9.3314199950542422e-06 4.7922649301722013e-06 2.5967981644743658e-27)
(9.3218580576387605e-06 4.945314333428393e-06 1.3398198584169986e-27)
(9.3112573539168139e-06 5.098089247382526e-06 1.381164119827203e-27)
(9.2995534892371396e-06 5.2505264763226093e-06 0)
(9.2866812387652912e-06 5.4025576069561726e-06 0)
(9.2725747511490384e-06 5.5541088702984479e-06 -3.0091136344706641e-27)
(9.2571677721096845e-06 5.7051010156437736e-06 -3.090813577441112e-27)
(9.24039388850368e-06 5.8554491984526636e-06 -4.7582363318358252e-27)
(9.2221867933228452e-06 6.0050628848254971e-06 -3.2530959380846875e-27)
(9.5406104833458128e-06 -8.0889047496415784e-08 0)
(9.540428422629382e-06 6.9720100449668176e-08 0)
(9.5403253518303279e-06 2.2035733683700722e-07 0)
(9.5403026440595106e-06 3.7103946990588114e-07 0)
(9.5403588241168752e-06 5.2178236169723273e-07 0)
(9.5404894017257526e-06 6.7260111399437829e-07 0)
(9.5406868749641128e-06 8.2351022424537704e-07 0)
(9.5409408163622297e-06 9.7452367796112105e-07 -7.9521523632463443e-28)
(9.5412379860250846e-06 1.1256549716175843e-06 -1.8357937704850409e-27)
(9.5415624605108033e-06 1.2769170742656601e-06 -1.0406799196891101e-27)
(9.5418957570558633e-06 1.4283223375592922e-06 0)
(9.542216939339515e-06 1.5798823664883239e-06 1.2865996066804497e-27)
(9.5425027010735098e-06 1.7316078629036541e-06 1.4097581079169492e-27)
(9.5427274279916179e-06 1.883508451324599e-06 0)
(9.542863240492361e-06 2.0355924943010971e-06 0)
(9.5428800202179294e-06 2.1878669026545251e-06 0)
(9.5427454244189338e-06 2.3403369436543898e-06 0)
(9.5424248917992392e-06 2.4930060490969339e-06 0)
(9.5418816432429058e-06 2.6458756240671659e-06 0)
(9.5410766803343139e-06 2.7989448566322225e-06 0)
(9.5399687841269114e-06 2.9522105282464222e-06 0)
(9.53851451629709e-06 3.1056668246340974e-06 0)
(9.536668224485363e-06 3.2593051465814569e-06 0)
(9.534382053420815e-06 3.4131139204315748e-06 0)
(9.5316059632275521e-06 3.5670784077630456e-06 0)
(9.5282877561604178e-06 3.7211805141873377e-06 0)
(9.5243731130067746e-06 3.8753985972443699e-06 0)
(9.5198056402792575e-06 4.0297072733916131e-06 3.275558095598816e-27)
(9.5145269292888093e-06 4.1840772243660697e-06 6.8017959612216468e-27)
(9.5084766282463121e-06 4.3384750035834068e-06 3.5262578507625373e-27)
(9.5015925284947272e-06 4.4928628428975672e-06 0)
(9.4938106659110497e-06 4.64719846029698e-06 0)
(9.4850654386557604e-06 4.801434870332861e-06 0)
(9.4752897421298027e-06 4.9555201976220692e-06 0)
(9.4644151224622902e-06 5.1093974944007306e-06 0)
(9.4523719494994514e-06 5.2630045650170827e-06 0)
(9.4390896099389494e-06 5.4162737973797679e-06 0)
(9.4244967218280878e-06 5.5691320041039219e-06 0)
(9.4085213710429e-06 5.7215002753325354e-06 0)
(9.3910913704005208e-06 5.8732938447609027e-06 0)
(9.3721345421649552e-06 6.0244219720305143e-06 0)
(9.6911772939203819e-06 -8.0675104008298441e-08 -2.0664482811102588e-29)
(9.6910125519947144e-06 6.9847664306169644e-08 -2.0103099709006208e-29)
(9.6909453852157177e-06 2.2039641617116287e-07 -6.0869931300996238e-29)
(9.6909763112800157e-06 3.7099062573790319e-07 0)
(9.6911030630168941e-06 5.2164899678358941e-07 2.84848733458812e-28)
(9.69132048127937e-06 6.723895436655269e-07 7.3289426762356739e-28)
(9.6916204829364331e-06 8.2322967255351842e-07 6.7213520832910077e-28)
(9.6919920908266411e-06 9.7418621522733559e-07 -2.648944425490688e-28)
(9.6924214989799108e-06 1.1252754247307214e-06 -1.5288852287174951e-27)
(9.692892155366349e-06 1.2765129305720963e-06 -1.7334898844171075e-27)
(9.6933848454644885e-06 1.4279136540654588e-06 -1.5506481034679423e-27)
(9.6938777672600543e-06 1.579491691576048e-06 4.2867363361375758e-28)
(9.6943465931189704e-06 1.7312601737989023e-06 2.3486842730517421e-27)
(9.694764517089671e-06 1.8832311077785464e-06 1.0217106428725118e-27)
(9.6951022883287127e-06 2.0354152069562756e-06 -5.5203220996510194e-28)
(9.6953282324200403e-06 2.1878217134450315e-06 -5.9327020429988382e-28)
(9.6954082629778437e-06 2.3404582154219287e-06 0)
(9.695305886183495e-06 2.4933304615122133e-06 0)
(9.6949822008966743e-06 2.6464421731303289e-06 1.4347390398121614e-27)
(9.6943958967627339e-06 2.7997948553042825e-06 2.2766029526994183e-27)
(9.6935032524965163e-06 2.9533876060389458e-06 1.6008632336493828e-27)
(9.69225813630419e-06 3.1072169241894364e-06 0)
(9.6906120101989572e-06 3.2612765155872031e-06 -8.8375195749121714e-28)
(9.6885139398441729e-06 3.4155570972499828e-06 -1.8510075762326348e-27)
(9.6859106113903826e-06 3.5700461994220453e-06 -1.9346245347230637e-27)
(9.6827463566676327e-06 3.7247279654154004e-06 2.0183458073420226e-27)
(9.6789631880988469e-06 3.8795829492383847e-06 2.1021604484587567e-27)
(9.6745008446082514e-06 4.0345879111412785e-06 3.2790831632886729e-27)
(9.6692968497846301e-06 4.1897156113823971e-06 6.81004677825333e-27)
(9.6632865835844328e-06 4.3449346026736077e-06 3.5310351196986564e-27)
(9.6564033688611995e-06 4.5002090219567493e-06 0)
(9.648578573878958e-06 4.655498382002182e-06 0)
(9.6397417323137482e-06 4.8107573641797087e-06 0)
(9.6298206816398339e-06 4.9659356136454311e-06 1.3450475906699657e-27)
(9.61874172131234e-06 5.1209775372748884e-06 1.3869955020454762e-27)
(9.6064297921910463e-06 5.2758221072141852e-06 0)
(9.5928086778398788e-06 5.4304026708505095e-06 0)
(9.5778012290760095e-06 5.584646769165664e-06 0)
(9.5613296127013624e-06 5.7384759662128776e-06 3.1080756433167895e-27)
(9.5433155851443969e-06 5.8918056910062169e-06 3.1910148404545765e-27)
(9.5236807922819152e-06 6.044545095352603e-06 0)
(9.8416502753787655e-06 -8.0466367479612033e-08 -2.0673660668626391e-29)
(9.8414999428082513e-06 6.99497796607133e-08 4.0119691836052773e-29)
(9.8414683132614743e-06 2.203905366067853e-07 1.2158683075501456e-28)
(9.8415552246714245e-06 3.7087802725435175e-07 0)
(9.8417577420430714e-06 5.2143375289931863e-07 2.8457224142714275e-28)
(9.8420700774921202e-06 6.7207859924923189e-07 1.2814058669138597e-27)
(9.8424835465234583e-06 8.2283285176149261e-07 1.343131415289809e-27)
(9.8429865685394855e-06 9.737161937015729e-07 5.2936803753104498e-28)
(9.8435647013707512e-06 1.1247476803843759e-06 3.0555026952984627e-28)
(9.8442006898474082e-06 1.2759456833035242e-06 -6.9291936898208028e-28)
(9.8448745180612799e-06 1.427327805025454e-06 -1.5496706834332635e-27)
(9.8455634590730802e-06 1.5789107688751929e-06 -8.5685861001960868e-28)
(9.8462421172755102e-06 1.7307102879741802e-06 -4.6949929340752144e-28)
(9.8468824611466285e-06 1.8827409181620427e-06 -5.1063193504488759e-28)
(9.8474538461507454e-06 2.0350158986433239e-06 -5.5183108445009622e-28)
(9.8479230286765568e-06 2.1875469834320199e-06 -5.9310011446599863e-28)
(9.8482541724854401e-06 2.3403442659855396e-06 0)
(9.8484088495129587e-06 2.4934159986963296e-06 0)
(9.8483460370424019e-06 2.6467684081826728e-06 1.4347043656022209e-27)
(9.8480221132458433e-06 2.800405506997874e-06 2.2767704072425961e-27)
(9.8473908530104919e-06 2.9543289019421534e-06 4.0028644629956013e-27)
(9.8464034258457238e-06 3.108537599065369e-06 2.5269002513263659e-27)
(9.8450083975495707e-06 3.2630278052670122e-06 1.768207781796282e-27)
(9.8431517372572386e-06 3.4177927263894867e-06 9.2598232979922308e-28)
(9.8407768313935885e-06 3.5728223616883231e-06 9.6793253169146857e-28)
(9.8378245059759153e-06 3.7281032946665161e-06 5.0497534464006754e-27)
(9.8342330587265273e-06 3.8836184803136543e-06 2.1040640024870103e-27)
(9.8299383024117477e-06 4.0393470289073395e-06 0)
(9.8248736208138938e-06 4.1952639866885369e-06 3.4090787086787535e-27)
(9.8189700387683913e-06 4.3513401138465979e-06 3.5357722014990999e-27)
(9.8121563077041036e-06 4.5075416604328664e-06 0)
(9.8043590080769217e-06 4.6638301409397371e-06 -3.7894228949028646e-27)
(9.795502670247837e-06 4.8201621084321937e-06 -3.9163121478177672e-27)
(9.7855099151457221e-06 4.976488929823436e-06 1.3477305894403735e-27)
(9.774301616015392e-06 5.1327565628494114e-06 1.3900057010783802e-27)
(9.761797083044581e-06 5.2889053369894499e-06 -4.2967389027022172e-27)
(9.7479142718729937e-06 5.4448697399345397e-06 -4.4233031463699806e-27)
(9.7325700171735577e-06 5.6005782111959569e-06 4.5496508757036686e-27)
(9.7156802928372888e-06 5.7559529458225032e-06 7.7928633878600124e-27)
(9.6971604994841683e-06 5.9109097097695133e-06 3.2009568734001558e-27)
(9.6769257810245257e-06 6.0653576704035277e-06 0)
(9.9920077068607862e-06 -8.0259107415827739e-08 0)
(9.9918694560807232e-06 7.0027709074495793e-08 6.0049381135489989e-29)
(9.9918736328089529e-06 2.2033831454459088e-07 1.8213136139602622e-28)
(9.992019527572305e-06 3.7069753218786174e-07 0)
(9.9923036350114195e-06 5.2112966745126497e-07 0)
(9.9927195801406315e-06 6.716584732873862e-07 5.4860112682470753e-28)
(9.9932580773878775e-06 8.2230712319189124e-07 6.7090183662792971e-28)
(9.9939069194490879e-06 9.7309818407663131e-07 0)
(9.9946509885818404e-06 1.1240535713432387e-06 0)
(9.9954722800075637e-06 1.2751944821120836e-06 0)
(9.9963499310353495e-06 1.4265413075958151e-06 0)
(9.9972602502065096e-06 1.5781135256649929e-06 0)
(9.9981767424050553e-06 1.7299295758027731e-06 -1.4075978074028256e-27)
(9.9990701277576865e-06 1.8820067193136642e-06 -1.5310267341985594e-27)
(9.9999083535912653e-06 2.0343608874917438e-06 0)
(1.0000656599756568e-05 2.187006519916942e-06 0)
(1.000127727824321e-05 2.3399563946853912e-06 0)
(1.0001730028386502e-05 2.4932214519024781e-06 0)
(1.0001971709205488e-05 2.6468106112760932e-06 0)
(1.0001956390525528e-05 2.8007305843732723e-06 0)
(1.0001635344564697e-05 2.954985681759729e-06 2.4019101352051884e-27)
(1.0000957039629399e-05 3.1095776151474316e-06 2.5273906288832053e-27)
(9.9998671375238004e-06 3.2645052945235606e-06 2.6531446262785972e-27)
(9.9983084962657371e-06 3.4197646201974966e-06 2.7791684359339507e-27)
(9.9962211796672146e-06 3.5753482697084024e-06 2.9054556955740317e-27)
(9.9935424752928686e-06 3.7312454795838694e-06 3.031997202425693e-27)
(9.9902069223391511e-06 3.8874418220136005e-06 0)
(9.9861463509800618e-06 4.0439189766039054e-06 0)
(9.9812899347159349e-06 4.2006544975001466e-06 3.413008848060378e-27)
(9.9755642573000793e-06 4.3576215763129252e-06 3.5404122529671265e-27)
(9.9688933958594651e-06 4.5147888014309796e-06 0)
(9.9611990218124191e-06 4.6721199144833447e-06 -3.795666870629581e-27)
(9.9524005211748542e-06 4.8295735648666957e-06 -3.9234537133057315e-27)
(9.942415135988176e-06 4.9871030637205818e-06 0)
(9.9311581284358777e-06 5.1446561382373225e-06 0)
(9.9185429692306059e-06 5.3021746883702003e-06 -4.3069745207095516e-27)
(9.9044815520069666e-06 5.4595945476512498e-06 -4.4347081670155985e-27)
(9.8888844349502367e-06 5.6168452499691474e-06 4.5622959918003244e-27)
(9.8716611112432737e-06 5.7738498049561625e-06 4.6896746036517095e-27)
(9.8527203096791345e-06 5.9305244843131766e-06 0)
(9.8319703270859786e-06 6.0867786219780183e-06 0)
(1.0142225420412338e-05 -8.0050031651821657e-08 0)
(1.0142097364768546e-05 7.0082176040331416e-08 0)
(1.0142138136374591e-05 2.2023779135131123e-07 0)
(1.0142346577577911e-05 3.7044440663096693e-07 0)
(1.0142718683142426e-05 5.2072916989034172e-07 0)
(1.0143247533232423e-05 6.7111872904987403e-07 0)
(1.0143923257312359e-05 8.2163918329233811e-07 0)
(1.0144733016690577e-05 9.723160343062269e-07 0)
(1.0145660999405976e-05 1.1231741254793988e-06 0)
(1.0146688426099356e-05 1.2742375668373993e-06 0)
(1.0147793561611664e-05 1.4255296444050187e-06 0)
(1.0148951727275218e-05 1.5770727136721883e-06 0)
(1.0150135310923481e-05 1.7288880781267107e-06 0)
(1.015131377283788e-05 1.8809958544374877e-06 0)
(1.015245364675055e-05 2.0334148260189177e-06 0)
(1.015351853586484e-05 2.1861622864374477e-06 0)
(1.015446910446896e-05 2.3392538739400101e-06 0)
(1.0155263066107577e-05 2.4927033980454659e-06 0)
(1.0155855169520243e-05 2.646522658868126e-06 0)
(1.0156197183733562e-05 2.8007212595910552e-06 0)
(1.0156237883786211e-05 2.9553064122929932e-06 0)
(1.0155923038609595e-05 3.110282737207236e-06 0)
(1.0155195402599685e-05 3.2656520553990035e-06 0)
(1.0153994712442117e-05 3.4214131747928806e-06 0)
(1.0152257690779311e-05 3.5775616695043158e-06 0)
(1.0149918058281268e-05 3.7340896524444087e-06 0)
(1.0146906555747116e-05 3.890985541244959e-06 0)
(1.0143150977896119e-05 4.048233817671442e-06 0)
(1.0138576220513519e-05 4.2058147807486055e-06 0)
(1.0133104342673925e-05 4.3637042940295021e-06 0)
(1.01266546458165e-05 4.521873527556145e-06 0)
(1.0119143771482462e-05 4.6802886952355616e-06 0)
(1.0110485819484959e-05 4.8389107885827791e-06 0)
(1.0100592488460036e-05 4.9976953080667402e-06 0)
(1.0089373240604696e-05 5.156591993162676e-06 0)
(1.0076735492408235e-05 5.3155445530189747e-06 0)
(1.0062584833418962e-05 5.4744903995306944e-06 0)
(1.0046825274449542e-05 5.6333603848902507e-06 0)
(1.0029359527135615e-05 5.7920785461078365e-06 0)
(1.0010089316453443e-05 5.9505618594725725e-06 0)
(9.9889157280252633e-06 6.108720007255659e-06 0)
(1.0292276684677269e-05 -7.9836161632066258e-08 0)
(1.0292157279083946e-05 7.0113493123289301e-08 0)
(1.0292235863399425e-05 2.2008652954130502e-07 0)
(1.0292510906111111e-05 3.7011338584120655e-07 0)
(1.0292977957429943e-05 5.202241133317228e-07 0)
(1.0293629593541924e-05 6.7044830883569179e-07 0)
(1.0294455382643803e-05 8.2081505351373757e-07 0)
(1.0295441861636144e-05 9.713528474852894e-07 0)
(1.0296572521112983e-05 1.1220895382933546e-06 0)
(1.029782779893273e-05 1.2730522399136614e-06 0)
(1.0299185077867571e-05 1.4242672393378847e-06 0)
(1.0300618683922976e-05 1.5757598901270399e-06 0)
(1.0302099883169797e-05 1.7275544932437028e-06 0)
(1.0303596875653787e-05 1.879674165816127e-06 0)
(1.0305074785590905e-05 2.0321406987440067e-06 0)
(1.030649564767345e-05 2.184974404034756e-06 0)
(1.0307818389847575e-05 2.3381939526873253e-06 0)
(1.0308998813315644e-05 2.491816203714978e-06 0)
(1.0309989570755365e-05 2.6458560247617139e-06 0)
(1.0310740143954063e-05 2.8003261045429404e-06 0)
(1.0311196822182694e-05 2.955236757252539e-06 0)
(1.0311302682734715e-05 3.110595718915706e-06 0)
(1.0310997575109327e-05 3.266407935642562e-06 0)
(1.0310218110371863e-05 3.4226753436668461e-06 0)
(1.0308897657318613e-05 3.5793966410900214e-06 0)
(1.0306966347034267e-05 3.736567051283775e-06 0)
(1.0304351087567181e-05 3.894178077899997e-06 0)
(1.0300975590481504e-05 4.0522172516625101e-06 0)
(1.0296760411064056e-05 4.2106678691033952e-06 0)
(1.029162300408528e-05 4.369508723599462e-06 0)
(1.0285477797034682e-05 4.5287138292240678e-06 0)
(1.0278236282829074e-05 4.6882521381176964e-06 0)
(1.0269807134007445e-05 4.8480872522881218e-06 0)
(1.0260096340545767e-05 5.0081771309388501e-06 0)
(1.0249007373350668e-05 5.1684737946274314e-06 0)
(1.0236441375561908e-05 5.3289230280768234e-06 0)
(1.0222297383820553e-05 5.4894640833050301e-06 0)
(1.0206472581464381e-05 5.6500293854828709e-06 0)
(1.0188862585745822e-05 5.8105442439396189e-06 0)
(1.0169361770748646e-05 5.9709265714908486e-06 0)
(1.0147863628417598e-05 6.1310866145945676e-06 0)
(1.0442132089395576e-05 -7.9614752907457501e-08 0)
(1.0442020055942156e-05 7.0121635152929652e-08 0)
(1.0442138029092368e-05 2.1988166877918751e-07 0)
(1.0442484161367832e-05 3.6969871549002739e-07 0)
(1.0443053606135472e-05 5.1960580400743298e-07 0)
(1.0443838473411821e-05 6.6963554950970685e-07 0)
(1.0444827795960976e-05 8.1982008276353029e-07 0)
(1.0446007501471418e-05 9.70190975367023e-07 0)
(1.0447360391835568e-05 1.1207791618732489e-06 0)
(1.0448866127144617e-05 1.2716148544318135e-06 0)
(1.045050121182405e-05 1.4227274473997636e-06 0)
(1.0452238981177784e-05 1.5741454110922529e-06 0)
(1.045404958661182e-05 1.7258961744213948e-06 0)
(1.0455899978340659e-05 1.8780059964996846e-06 0)
(1.0457753884969852e-05 2.0304998275149581e-06 0)
(1.0459571789805915e-05 2.1834011592883277e-06 0)
(1.0461310904146044e-05 2.3367318659305867e-06 0)
(1.0462925138180062e-05 2.4905120348659594e-06 0)
(1.0464365070348585e-05 2.6447597884758926e-06 0)
(1.0465577916226788e-05 2.7994910963887809e-06 0)
(1.0466507498160869e-05 2.9547195784223208e-06 0)
(1.0467094216998966e-05 3.1104562980734629e-06 0)
(1.0467275027350405e-05 3.2667095464308676e-06 0)
(1.0466983417890588e-05 3.4234846163095558e-06 0)
(1.0466149398397304e-05 3.5807835664021238e-06 0)
(1.0464699495092984e-05 3.738604975507978e-06 0)
(1.0462556756127291e-05 3.8969436865013048e-06 0)
(1.0459640769098357e-05 4.0557905402562793e-06 0)
(1.0455867692441173e-05 4.215132099653653e-06 0)
(1.0451150302772221e-05 4.3749503638808983e-06 0)
(1.0445398060314056e-05 4.5352224734496185e-06 0)
(1.0438517194541316e-05 4.6959204066549156e-06 0)
(1.043041081230543e-05 4.8570106683010791e-06 0)
(1.0420979030804569e-05 5.0184539716797697e-06 0)
(1.041011913774181e-05 5.1802049151710584e-06 0)
(1.0397725781072503e-05 5.3422116552142509e-06 0)
(1.0383691190774731e-05 5.5044155773717986e-06 0)
(1.0367905435016255e-05 5.6667509679453474e-06 0)
(1.0350256713035326e-05 5.8291446886121381e-06 0)
(1.0330631686990853e-05 5.9915158572450047e-06 0)
(1.0308915855239129e-05 6.1537755380965671e-06 0)
(1.059175942950413e-05 -7.9383236399984971e-08 0)
(1.0591653700771015e-05 7.0106296374049757e-08 0)
(1.0591812943736255e-05 2.1961997925948606e-07 0)
(1.0592235041338143e-05 3.6919419628012291e-07 0)
(1.0592914791445751e-05 5.1886503409209866e-07 0)
(1.059384387229129e-05 6.686682028040005e-07 0)
(1.0595010808499497e-05 8.1863895813707922e-07 0)
(1.0596400940750516e-05 9.6881202312421234e-07 0)
(1.0597996400181851e-05 1.1192215066168038e-06 0)
(1.0599776084461684e-05 1.2699008151886442e-06 0)
(1.0601715634528535e-05 1.4208825569748897e-06 0)
(1.0603787410943367e-05 1.5721984362170863e-06 0)
(1.0605960468576365e-05 1.7238791377841329e-06 0)
(1.0608200528748186e-05 1.8759542013820236e-06 0)
(1.06104699483808e-05 2.0284518853726348e-06 0)
(1.0612727686088024e-05 2.181399020222052e-06 0)
(1.0614929265421511e-05 2.3348208516781829e-06 0)
(1.0617026735856681e-05 2.4887408735966991e-06 0)
(1.0618968632276929e-05 2.6431806505343332e-06 0)
(1.0620699933902575e-05 2.7981596299215241e-06 0)
(1.0622162023870119e-05 2.9536949436050566e-06 0)
(1.0623292650752291e-05 3.1098011985926708e-06 0)
(1.0624025893343923e-05 3.266490256807605e-06 0)
(1.0624292130342105e-05 3.4237710034548792e-06 0)
(1.0624018016526903e-05 3.5816491036731045e-06 0)
(1.0623126467128617e-05 3.740126747667108e-06 0)
(1.0621536652310058e-05 3.8992023835781073e-06 0)
(1.061916400364371e-05 4.0588704383979572e-06 0)
(1.0615920234689947e-05 4.2191210269536462e-06 0)
(1.061171337785166e-05 4.3799396490329914e-06 0)
(1.0606447839784032e-05 4.541306874908742e-06 0)
(1.0600024477678809e-05 4.7031980200802108e-06 0)
(1.0592340699033773e-05 4.8655828097704343e-06 0)
(1.0583290587423256e-05 5.0284250342731291e-06 0)
(1.057276505689333e-05 5.1916821963492774e-06 0)
(1.0560652037764385e-05 5.3553051523920571e-06 0)
(1.0546836696533245e-05 5.5192377491762625e-06 0)
(1.053120169266343e-05 5.6834164585784946e-06 0)
(1.0513627474947033e-05 5.8477700128528235e-06 0)
(1.0493992620105929e-05 6.0122190436615653e-06 0)
(1.0472174216548645e-05 6.1766757283525018e-06 0)
(1.0741123593997957e-05 -7.9139171775361257e-08 0)
(1.0741023271602929e-05 7.006694090048812e-08 0)
(1.0741225928998089e-05 2.1929791028369389e-07 0)
(1.0741729216198526e-05 3.6859322500067804e-07 0)
(1.0742527612653462e-05 5.1799211280593187e-07 0)
(1.0743612397447259e-05 6.6753345825878211e-07 0)
(1.0744971616279712e-05 8.1725572233766502e-07 0)
(1.0746590049958741e-05 9.6719686326524178e-07 0)
(1.0748449183906056e-05 1.1173942534752811e-06 0)
(1.0750527177505926e-05 1.2678845908754752e-06 0)
(1.0752798832853644e-05 1.4187038032354182e-06 0)
(1.0755235561986807e-05 1.569886944266588e-06 0)
(1.0757805351776208e-05 1.7214680804376873e-06 0)
(1.0760472725929946e-05 1.873480167967035e-06 0)
(1.0763198703820294e-05 2.0259549196154387e-06 0)
(1.0765940756111156e-05 2.1789226610303868e-06 0)
(1.076865275750834e-05 2.3324121764315481e-06 0)
(1.0771284937039984e-05 2.4864505433103852e-06 0)
(1.0773783826681158e-05 2.6410629560728506e-06 0)
(1.0776092209291683e-05 2.7962725382682815e-06 0)
(1.0778149066835628e-05 2.9521001429437247e-06 0)
(1.0779889530228183e-05 3.1085641408915747e-06 0)
(1.0781244832209975e-05 3.2656801965332137e-06 0)
(1.0782142264753122e-05 3.4234610306756826e-06 0)
(1.0782505142627905e-05 3.5819161700178025e-06 0)
(1.0782252774986211e-05 3.7410516831806935e-06 0)
(1.0781300446845694e-05 3.9008699026175866e-06 0)
(1.0779559412494072e-05 4.0613691324884272e-06 0)
(1.0776936903080891e-05 4.2225433423930679e-06 0)
(1.0773336150696136e-05 4.3843818469422491e-06 0)
(1.0768656431332423e-05 4.5468689712674039e-06 0)
(1.0762793129391927e-05 4.7099837033298902e-06 0)
(1.0755637826500147e-05 4.8736993330795072e-06 0)
(1.074707841738754e-05 5.0379830799295712e-06 0)
(1.0736999255863178e-05 5.2027957093393315e-06 0)
(1.072528133390207e-05 5.3680911402512536e-06 0)
(1.0711802496964068e-05 5.5338160451847802e-06 0)
(1.0696437698680144e-05 5.6999094454016991e-06 0)
(1.0679059298071743e-05 5.8663023036608607e-06 0)
(1.0659537402400652e-05 6.0329171179710195e-06 0)
(1.0637740259104383e-05 6.1996675198935958e-06 0)
(1.0890186461565805e-05 -7.88802130347138e-08 0)
(1.0890090782833537e-05 7.0002840533935977e-08 0)
(1.089033922783637e-05 2.1891162719067261e-07 0)
(1.0890929243858631e-05 3.6788882880870654e-07 0)
(1.0891855024698874e-05 5.1697689693564639e-07 0)
(1.0893107481815725e-05 6.6621797081455383e-07 0)
(1.0894674213505462e-05 8.1565379861107454e-07 0)
(1.0896539471894335e-05 9.653256584412273e-07 0)
(1.0898684127796397e-05 1.1152742758421351e-06 0)
(1.0901085634224088e-05 1.2655397363795908e-06 0)
(1.0903717987920881e-05 1.416161391892714e-06 0)
(1.090655168814591e-05 1.5671777589877097e-06 0)
(1.0909553692276729e-05 1.7186264087761323e-06 0)
(1.0912687367927644e-05 1.8705438471110158e-06 0)
(1.0915912441463853e-05 2.0229653846635344e-06 0)
(1.0919184942914067e-05 2.1759249964704902e-06 0)
(1.0922457147691924e-05 2.3294551702669252e-06 0)
(1.0925677515512317e-05 2.4835867434769661e-06 0)
(1.0928790627251461e-05 2.6383487280993607e-06 0)
(1.0931737120758521e-05 2.7937681233234234e-06 0)
(1.0934453626496661e-05 2.9498697150937689e-06 0)
(1.0936872704368945e-05 3.1066758622811439e-06 0)
(1.0938922783125594e-05 3.2642062689791323e-06 0)
(1.0940528103824094e-05 3.4224777420945736e-06 0)
(1.0941608669042422e-05 3.5815039340439271e-06 0)
(1.0942080199723715e-05 3.7412950699009062e-06 0)
(1.0941854101612463e-05 3.9018576585690912e-06 0)
(1.0940837443430452e-05 4.0631941876808659e-06 0)
(1.0938932949133999e-05 4.2253028019988029e-06 0)
(1.0936039006710242e-05 4.3881769651885952e-06 0)
(1.0932049696155607e-05 4.5518051049574649e-06 0)
(1.0926854839470472e-05 4.7161702421356617e-06 0)
(1.0920340075634059e-05 4.8812496037315684e-06 0)
(1.0912386963684513e-05 5.0470142212071774e-06 0)
(1.0902873117204687e-05 5.2134285147463739e-06 0)
(1.0891672373599908e-05 5.3804498650764432e-06 0)
(1.0878655001685562e-05 5.548028174578244e-06 0)
(1.0863687951140041e-05 5.7161054201705246e-06 0)
(1.084663514750692e-05 5.8846152003435333e-06 0)
(1.0827357836294524e-05 6.0534822799135398e-06 0)
(1.0805714980356239e-05 6.2226221361119356e-06 0)
(1.1038906800037044e-05 -7.8604083740710808e-08 0)
(1.1038815111842218e-05 6.991310249978447e-08 0)
(1.1039111917273699e-05 2.1845704309453336e-07 0)
(1.1039794485942627e-05 3.670736980278616e-07 0)
(1.1040856754656814e-05 5.1580882309970788e-07 0)
(1.1042289299119527e-05 6.6470789195913776e-07 0)
(1.1044079303906483e-05 8.1381602079629719e-07 0)
(1.1046210527192185e-05 9.6317789109894393e-07 0)
(1.1048663261845184e-05 1.112837669678014e-06 0)
(1.1051414293557393e-05 1.2628389242166596e-06 0)
(1.1054436855463379e-05 1.4132245326260706e-06 0)
(1.1057700578871018e-05 1.5640365849793038e-06 0)
(1.1061171439900313e-05 1.7153162769692527e-06 0)
(1.1064811701828552e-05 1.8671037940362868e-06 0)
(1.1068579853192197e-05 2.019438185271372e-06 0)
(1.1072430541734905e-05 2.1723572266596267e-06 0)
(1.1076314504533521e-05 2.325897272501307e-06 0)
(1.1080178494880593e-05 2.480093095170059e-06 0)
(1.1083965206535422e-05 2.6349777117187565e-06 0)
(1.1087613196278201e-05 2.790582197370824e-06 0)
(1.1091056805796045e-05 2.9469354848386182e-06 0)
(1.1094226084124055e-05 3.1040641489490983e-06 0)
(1.1097046712022072e-05 3.2619921758371184e-06 0)
(1.1099439929816675e-05 3.4207407159720788e-06 0)
(1.1101322470435301e-05 3.5803278204144062e-06 0)
(1.1102606499512133e-05 3.7407681595904506e-06 0)
(1.1103199564626374e-05 3.9020727240139879e-06 0)
(1.110300455592631e-05 4.0642485064227571e-06 0)
(1.1101919680580116e-05 4.2272981649485506e-06 0)
(1.1099838453651301e-05 4.3912196670304414e-06 0)
(1.1096649708275686e-05 4.5560059138737338e-06 0)
(1.1092237628155529e-05 4.7216443457469645e-06 0)
(1.1086481805572912e-05 4.8881165282422435e-06 0)
(1.1079257328402681e-05 5.0553977201747371e-06 0)
(1.1070434899711898e-05 5.2234564241194659e-06 0)
(1.1059880993712507e-05 5.3922539207503303e-06 0)
(1.1047458052047727e-05 5.561743788777426e-06 0)
(1.1033024724435523e-05 5.7318714127158896e-06 0)
(1.1016436157809569e-05 5.9025734809816616e-06 0)
(1.0997544338150904e-05 6.0737774778238222e-06 0)
(1.0976198489954986e-05 6.2454011727927161e-06 0)
(1.1187151909693805e-05 6.9796691576456852e-08 0)
(1.1187499823366332e-05 2.1792984465521329e-07 0)
(1.1188281023864051e-05 3.6614021451149768e-07 0)
(1.1189489218629668e-05 5.1447693865468828e-07 0)
(1.1191114679511523e-05 6.6298890226825716e-07 0)
(1.1193144212645294e-05 8.1172466721898915e-07 0)
(1.1195561120775995e-05 9.6073239900495776e-07 0)
(1.1198345160912777e-05 1.1100597910509714e-06 0)
(1.1201472497172349e-05 1.2597539844704372e-06 0)
(1.1204915648685605e-05 1.4098614817793436e-06 0)
(1.1208643432490858e-05 1.5604280533835326e-06 0)
(1.1212620901336287e-05 1.7114986356974415e-06 0)
(1.1216809276259368e-05 1.8631172199483456e-06 0)
(1.122116587410012e-05 2.0153267306519767e-06 0)
(1.1225644030156208e-05 2.1681688931410487e-06 0)
(1.1230193016230139e-05 2.3216840888817338e-06 0)
(1.1234757954729656e-05 2.4759111984291671e-06 0)
(1.1239279729451351e-05 2.6308874305726485e-06 0)
(1.1243694893878917e-05 2.7866481373213369e-06 0)
(1.1247935578077044e-05 2.943226613658784e-06 0)
(1.1251929395368614e-05 3.1006538812894232e-06 0)
(1.1255599350148071e-05 3.258958455494504e-06 0)
(1.1258863748400892e-05 3.4181660941996433e-06 0)
(1.1261636112660104e-05 3.578299528471825e-06 0)
(1.1263825103321942e-05 3.7393781734939617e-06 0)
(1.1265334448445565e-05 3.9014178193461908e-06 0)
(1.1266062884376319e-05 4.0644303007767544e-06 0)
(1.1265904109743223e-05 4.2284231454345402e-06 0)
(1.1264746755625473e-05 4.3933991999735935e-06 0)
(1.1262474374869687e-05 4.559356233767731e-06 0)
(1.1258965453838265e-05 4.72628652008227e-06 0)
(1.1254093450063374e-05 4.8941763949082474e-06 0)
(1.1247726859562496e-05 5.0630057935299112e-06 0)
(1.1239729317768929e-05 5.2327477660829666e-06 0)
(1.1229959738245454e-05 5.4033679725943563e-06 0)
(1.1218272493630155e-05 5.574824159632923e-06 0)
(1.1204517643313462e-05 5.747065620189149e-06 0)
(1.1188541212598909e-05 5.9200326396199938e-06 0)
(1.1170185528094672e-05 6.0936559307909202e-06 0)
(1.1149289615219062e-05 6.2678560624179233e-06 0)
(1.1335053519889959e-05 6.9652450165028976e-08 0)
(1.1335455440211449e-05 2.1732551578030638e-07 0)
(1.1336341579944317e-05 3.6508047987548137e-07 0)
(1.1337705442414961e-05 5.1296993387549155e-07 0)
(1.1339537027684184e-05 6.6104624656796476e-07 0)
(1.1341822800643096e-05 8.0936149878833719e-07 0)
(1.134454565102358e-05 9.5796741649588182e-07 0)
(1.1347684847309422e-05 1.1069153007343424e-06 0)
(1.1351215984285939e-05 1.2562559529134071e-06 0)
(1.1355110924379174e-05 1.4060395941442379e-06 0)
(1.1359337732801289e-05 1.5563157773914652e-06 0)
(1.136386060647782e-05 1.7071332913102221e-06 0)
(1.1368639796813656e-05 1.8585400546251888e-06 0)
(1.137363152640541e-05 2.0105830000583657e-06 0)
(1.1378787899966885e-05 2.1633079469259082e-06 0)
(1.1384056809831614e-05 2.3167594612392142e-06 0)
(1.1389381836570648e-05 2.47098070260967e-06 0)
(1.1394702145426975e-05 2.626013256789808e-06 0)
(1.1399952379365477e-05 2.7818969529679541e-06 0)
(1.1405062549766387e-05 2.9386696648312243e-06 0)
(1.1409957925960241e-05 3.0963670942900465e-06 0)
(1.1414558924932081e-05 3.2550225368951501e-06 0)
(1.1418781002793728e-05 3.414666627739538e-06 0)
(1.1422534549728809e-05 3.5753270671012093e-06 0)
(1.1425724790386594e-05 3.7370283243334059e-06 0)
(1.1428251691919713e-05 3.8997913194613635e-06 0)
(1.1430009882034731e-05 4.0636330811669193e-06 0)
(1.1430888579778814e-05 4.2285663805795239e-06 0)
(1.1430771541966494e-05 4.3945993398635591e-06 0)
(1.1429537028382581e-05 4.561735015364427e-06 0)
(1.142705778929601e-05 4.7299709544775969e-06 0)
(1.1423201079020505e-05 4.8992987266765842e-06 0)
(1.1417828699577744e-05 5.0697034279944664e-06 0)
(1.1410797078766848e-05 5.2411631604812427e-06 0)
(1.1401957387259489e-05 5.4136484864122993e-06 0)
(1.1391155699629642e-05 5.5871218595189534e-06 0)
(1.1378233204390652e-05 5.7615370343989975e-06 0)
(1.1363026468385832e-05 5.9368384570660183e-06 0)
(1.1345367760931182e-05 6.1129606393629246e-06 0)
(1.1325085444563211e-05 6.2898275214851547e-06 0)
(1.1482468893255484e-05 6.9479117120271145e-08 0)
(1.1482927853082996e-05 2.1663936255361708e-07 0)
(1.1483925441965533e-05 3.6388634523799719e-07 0)
(1.1485454985325961e-05 5.1127617581357743e-07 0)
(1.1487506244425505e-05 6.5886477220968212e-07 0)
(1.1490065382572822e-05 8.0670780175925044e-07 0)
(1.1493114922721272e-05 9.5486062164995288e-07 0)
(1.1496633697330117e-05 1.1033782158388957e-06 0)
(1.1500596790583596e-05 1.2523151272100625e-06 0)
(1.1504975473176947e-05 1.4017253837806831e-06 0)
(1.1509737129688768e-05 1.5516624176506545e-06 0)
(1.151484517859174e-05 1.7021789756797232e-06 0)
(1.1520258985019707e-05 1.8533270204053623e-06 0)
(1.1525933766411096e-05 2.0051576204604932e-06 0)
(1.1531820491337778e-05 2.1577208292181607e-06 0)
(1.1537865771915378e-05 2.3110655505798453e-06 0)
(1.1544011750279494e-05 2.4652393908725351e-06 0)
(1.1550195979808617e-05 2.6202884957401759e-06 0)
(1.1556351301923272e-05 2.7762573707328272e-06 0)
(1.1562405719411543e-05 2.9331886847426126e-06 0)
(1.1568282267434019e-05 3.0911230547562809e-06 0)
(1.1573898883597409e-05 3.2500988108562954e-06 0)
(1.1579168278607342e-05 3.4101517400578221e-06 0)
(1.1583997809254871e-05 3.5713148080769774e-06 0)
(1.1588289355693611e-05 3.7336178572031812e-06 0)
(1.1591939205299512e-05 3.8970872795749961e-06 0)
(1.159483794550633e-05 4.0617456642922307e-06 0)
(1.159687036844014e-05 4.2276114174189495e-06 0)
(1.1597915390400095e-05 4.3946983537309792e-06 0)
(1.1597845989492524e-05 4.5630152595445039e-06 0)
(1.1596529165150936e-05 4.7325654255622364e-06 0)
(1.1593825923570183e-05 4.9033461498137197e-06 0)
(1.1589591293366072e-05 5.075348209697542e-06 0)
(1.1583674376168785e-05 5.2485553043008615e-06 0)
(1.1575918437269905e-05 5.4229434665809021e-06 0)
(1.1566161041604103e-05 5.5984804471818509e-06 0)
(1.1554234240847064e-05 5.7751250709496591e-06 0)
(1.1539964817547154e-05 5.9528265689207915e-06 0)
(1.1523174592488729e-05 6.1315238881183482e-06 0)
(1.1503680802935782e-05 6.3111449835025148e-06 0)
(1.1629343521055692e-05 6.9275341738095533e-08 0)
(1.1629862668342109e-05 2.1586653528628961e-07 0)
(1.1630978393215372e-05 3.6254944015630564e-07 0)
(1.1632683869392442e-05 5.093837435119583e-07 0)
(1.1634968653631026e-05 6.564289704017845e-07 0)
(1.1637818650081702e-05 8.0374443494297411e-07 0)
(1.1641216065101162e-05 9.5138918922253299e-07 0)
(1.1645139352870421e-05 1.0994219684350267e-06 0)
(1.1649563152232202e-05 1.2479011312213097e-06 0)
(1.165445821485329e-05 1.3968845939715013e-06 0)
(1.1659791324743006e-05 1.5464297577709766e-06 0)
(1.1665525209245424e-05 1.6965934270064688e-06 0)
(1.1671618441595685e-05 1.847431717979931e-06 0)
(1.1678025335218553e-05 1.9989999568994729e-06 0)
(1.1684695830087455e-05 2.1513525656866604e-06 0)
(1.1691575371496711e-05 2.3045429345143932e-06 0)
(1.1698604781730979e-05 2.4586232798518974e-06 0)
(1.17057201252792e-05 2.6136444868289006e-06 0)
(1.1712852568382175e-05 2.7696559343231392e-06 0)
(1.1719928233821489e-05 2.9267053019625491e-06 0)
(1.1726868052078047e-05 3.0848383571459427e-06 0)
(1.1733587610234507e-05 3.2440987208429702e-06 0)
(1.173999700002405e-05 3.4045276107600611e-06 0)
(1.174600066687695e-05 3.5661635603226198e-06 0)
(1.1751497261905602e-05 3.7290421119345431e-06 0)
(1.1756379499031e-05 3.8931954829749525e-06 0)
(1.1760534019880536e-05 4.0586522032721764e-06 0)
(1.1763841269216427e-05 4.2254367222569494e-06 0)
(1.1766175384090518e-05 4.3935689847856204e-06 0)
(1.1767404100232578e-05 4.5630639742885218e-06 0)
(1.1767388679566611e-05 4.7339312221073331e-06 0)
(1.1765983863137555e-05 4.9061742824165194e-06 0)
(1.1763037854063892e-05 5.0797901717942798e-06 0)
(1.175839233563853e-05 5.2547687736950509e-06 0)
(1.1751882530108978e-05 5.4310922075955139e-06 0)
(1.1743337303976748e-05 5.608734163760382e-06 0)
(1.1732579326125087e-05 5.7876592046116267e-06 0)
(1.1719425285538703e-05 5.9678220351602038e-06 0)
(1.1703686175485921e-05 6.1491667443644173e-06 0)
(1.1685167652615646e-05 6.3316260218531281e-06 0)
(1.1775619370824319e-05 6.9039696164822219e-08 0)
(1.1776201951522049e-05 2.1500204950980721e-07 0)
(1.1777442650204991e-05 3.6106120200159385e-07 0)
(1.1779334515577624e-05 5.072804652723884e-07 0)
(1.1781866935857025e-05 6.5372302085201546e-07 0)
(1.1785025601389699e-05 8.0045188145066932e-07 0)
(1.1788792456207962e-05 9.4752984937736779e-07 0)
(1.1793145639330384e-05 1.0950194711914196e-06 0)
(1.1798059416129416e-05 1.2429829874746493e-06 0)
(1.1803504099772123e-05 1.3914822764265408e-06 0)
(1.180944596276689e-05 1.5405787900780613e-06 0)
(1.1815847138804051e-05 1.6903334819121401e-06 0)
(1.1822665514912823e-05 1.8408067244828313e-06 0)
(1.1829854614117937e-05 1.9920582160970429e-06 0)
(1.1837363468955266e-05 2.1441468750143617e-06 0)
(1.1845136486101264e-05 2.2971307199606401e-06 0)
(1.1853113302596575e-05 2.4510667355985705e-06 0)
(1.1861228634275018e-05 2.6060107216223638e-06 0)
(1.1869412117090151e-05 2.7620171237814814e-06 0)
(1.1877588142269377e-05 2.9191388457435547e-06 0)
(1.1885675686328871e-05 3.0774270398582293e-06 0)
(1.1893588137222629e-05 3.236930875232894e-06 0)
(1.1901233118105159e-05 3.3976972817099295e-06 0)
(1.1908512310431608e-05 3.5597706675905783e-06 0)
(1.1915321278358948e-05 3.7231926097065478e-06 0)
(1.1921549296658697e-05 3.8880015137413154e-06 0)
(1.192707918478871e-05 4.0542322433418966e-06 0)
(1.1931787149952092e-05 4.2219157158750228e-06 0)
(1.1935542642430639e-05 4.3910784634335459e-06 0)
(1.1938208226824224e-05 4.5617421574193137e-06 0)
(1.1939639473280632e-05 4.7339230951268916e-06 0)
(1.1939684873248407e-05 4.9076316472288661e-06 0)
(1.1938185784644618e-05 5.082871665066942e-06 0)
(1.1934976411967314e-05 5.2596398470772272e-06 0)
(1.1929883827305019e-05 5.4379250641432556e-06 0)
(1.1922728038607484e-05 5.6177076441017996e-06 0)
(1.1913322112242545e-05 5.7989586160141129e-06 0)
(1.1901472357273077e-05 5.9816389161815867e-06 0)
(1.1886978579142641e-05 6.1656985576221388e-06 0)
(1.1869634412110908e-05 6.351075766866577e-06 0)
(1.19212348325057e-05 6.8770688612983206e-08 0)
(1.1921884174205307e-05 2.1404080825431264e-07 0)
(1.1923256808991174e-05 3.5941290677189797e-07 0)
(1.1925345688248268e-05 5.0495395805698964e-07 0)
(1.1928140069809619e-05 6.5073083967544242e-07 0)
(1.1931625478602454e-05 7.9681030496944873e-07 0)
(1.1935783654834792e-05 9.4325895222319445e-07 0)
(1.194059249096946e-05 1.0901431900633878e-06 0)
(1.194602595748839e-05 1.2375291978840872e-06 0)
(1.1952054017503825e-05 1.3854828798982176e-06 0)
(1.195864253026174e-05 1.5340698119329989e-06 0)
(1.1965753143651873e-05 1.6833551792320381e-06 0)
(1.1973343175780135e-05 1.8334037043919549e-06 0)
(1.1981365485750753e-05 1.9842795639862588e-06 0)
(1.1989768333955822e-05 2.1360462924748011e-06 0)
(1.1998495232105335e-05 2.2887666720391048e-06 0)
(1.2007484783407789e-05 2.4425026069048449e-06 0)
(1.2016670513476173e-05 2.5973149805658369e-06 0)
(1.2025980692546738e-05 2.7532634943452988e-06 0)
(1.2035338149926552e-05 2.9104064855863812e-06 0)
(1.2044660081590019e-05 3.0688007238981755e-06 0)
(1.2053857852105955e-05 3.2285011831691379e-06 0)
(1.2062836792390631e-05 3.3895607879999519e-06 0)
(1.2071495994873848e-05 3.5520301320853145e-06 0)
(1.2079728108059963e-05 3.7159571667568607e-06 0)
(1.208741913267873e-05 3.8813868575133222e-06 0)
(1.2094448222014273e-05 4.0483608064232255e-06 0)
(1.2100687489305855e-05 4.2169168382690512e-06 0)
(1.2106001825633478e-05 4.3870885482317383e-06 0)
(1.211024873192615e-05 4.5589048094259073e-06 0)
(1.2113278169378486e-05 4.7323892379023218e-06 0)
(1.2114932433079471e-05 4.9075596137406246e-06 0)
(1.2115046053911844e-05 5.0844272566521905e-06 0)
(1.2113445734714547e-05 5.262996354670886e-06 0)
(1.2109950327124264e-05 5.4432632453508974e-06 0)
(1.2104370855846e-05 5.6252156492754732e-06 0)
(1.2096510598200692e-05 5.8088318556447092e-06 0)
(1.208616522712733e-05 5.9940798614615309e-06 0)
(1.2073123026131237e-05 6.1809164658673239e-06 0)
(1.2057165186260847e-05 6.3692863226185834e-06 0)
(1.2066124674849974e-05 6.8466774418317598e-08 0)
(1.2066844169704972e-05 2.1297762351698523e-07 0)
(1.2068355800017624e-05 3.5759570075807791e-07 0)
(1.2070652448485436e-05 5.0239166917229053e-07 0)
(1.2073723282770363e-05 6.4743613082463647e-07 0)
(1.2077553713935249e-05 7.9279961078597004e-07 0)
(1.2082125341306228e-05 9.3855253832078429e-07 0)
(1.2087415884993613e-05 1.0847652241827997e-06 0)
(1.2093399105992488e-05 1.2315078328843293e-06 0)
(1.210004471386599e-05 1.3788503484277177e-06 0)
(1.2107318262113869e-05 1.5268625329054788e-06 0)
(1.2115181031262133e-05 1.6756138758288337e-06 0)
(1.2123589899665257e-05 1.8251735336563018e-06 0)
(1.2132497202203552e-05 1.9756102577224226e-06 0)
(1.2141850577026521e-05 2.1269923092659354e-06 0)
(1.2151592800568996e-05 2.2793873600493253e-06 0)
(1.2161661611158657e-05 2.4328623770799563e-06 0)
(1.2171989521731363e-05 2.587483489523609e-06 0)
(1.2182503622145101e-05 2.7433158365447243e-06 0)
(1.2193125371856478e-05 2.9004233935534147e-06 0)
(1.220377038392459e-05 3.0588687757694307e-06 0)
(1.2214348201334408e-05 3.2187130161166008e-06 0)
(1.2224762067020579e-05 3.3800153160667397e-06 0)
(1.223490868918796e-05 3.5428327667519529e-06 0)
(1.2244678003790799e-05 3.7072200380951425e-06 0)
(1.2253952936336427e-05 3.8732290335900671e-06 0)
(1.2262609165543912e-05 4.0409085082036323e-06 0)
(1.2270514891752654e-05 4.2103036469238682e-06 0)
(1.2277530613586245e-05 4.3814556011448719e-06 0)
(1.2283508916494118e-05 4.5544009811048475e-06 0)
(1.2288294277618026e-05 4.729171300950266e-06 0)
(1.2291722892021206e-05 4.9057923749839128e-06 0)
(1.2293622525557502e-05 5.0842836627289421e-06 0)
(1.2293812400666911e-05 5.2646575606816878e-06 0)
(1.2292103121929997e-05 5.4469186396233763e-06 0)
(1.2288296648889675e-05 5.6310628268680375e-06 0)
(1.2282186324404443e-05 5.8170765320543251e-06 0)
(1.2273556967478906e-05 6.0049357177484042e-06 0)
(1.2262185040280099e-05 6.194604915628031e-06 0)
(1.2247838899778906e-05 6.3860361907187834e-06 0)
(1.2210220012443949e-05 6.8126365454107477e-08 0)
(1.2211013100563564e-05 2.1180723740605637e-07 0)
(1.2212670854653769e-05 3.5560063348621957e-07 0)
(1.2215186118318288e-05 4.9958092050836237e-07 0)
(1.2218548011424595e-05 6.4382244131139522e-07 0)
(1.2222741886098996e-05 7.8839951182304748e-07 0)
(1.2227749268248372e-05 9.3338641539494435e-07 0)
(1.2233547785536191e-05 1.0788573931446562e-06 0)
(1.2240111081758778e-05 1.2248866291737934e-06 0)
(1.2247408717566325e-05 1.3715482293947835e-06 0)
(1.2255406057664457e-05 1.5189161929928751e-06 0)
(1.2264064144399278e-05 1.6670643747647039e-06 0)
(1.2273339557670726e-05 1.8160664375150536e-06 0)
(1.228318426136749e-05 1.9659957927504694e-06 0)
(1.2293545436323551e-05 2.1169255283128358e-06 0)
(1.2304365299969049e-05 2.2689283213736259e-06 0)
(1.2315580912929054e-05 2.4220763351480278e-06 0)
(1.232712397295728e-05 2.5764410973430593e-06 0)
(1.2338920596590913e-05 2.7320933590018552e-06 0)
(1.2350891089181693e-05 2.8891029309153282e-06 0)
(1.2362949704155742e-05 3.0475384963791243e-06 0)
(1.2375004392403749e-05 3.2074673972476902e-06 0)
(1.238695654302524e-05 3.3689553914101502e-06 0)
(1.2398700716902886e-05 3.5320663789576011e-06 0)
(1.2410124374911364e-05 3.6968620943337412e-06 0)
(1.2421107602825689e-05 3.863401761832902e-06 0)
(1.2431522835345124e-05 4.0317417115573342e-06 0)
(1.2441234582241424e-05 4.2019349528253067e-06 0)
(1.2450099159831565e-05 4.3740307017733947e-06 0)
(1.2457964431726691e-05 4.5480738611164557e-06 0)
(1.2464669563306457e-05 4.7241044475053271e-06 0)
(1.2470044794908814e-05 4.9021569650756416e-06 0)
(1.2473911239577361e-05 5.0822597216278627e-06 0)
(1.2476080711610232e-05 5.2644340849846634e-06 0)
(1.2476355593349144e-05 5.4486936773779265e-06 0)
(1.2474528748252362e-05 5.6350435066764366e-06 0)
(1.2470383489029832e-05 5.8234790320202496e-06 0)
(1.2463693610671685e-05 6.0139851647404138e-06 0)
(1.2454223499097481e-05 6.2065352039163547e-06 3.3555200142916227e-27)
(1.2441728326450514e-05 6.4010897089874574e-06 3.4607205623769939e-27)
(1.2353448284883832e-05 6.774784092922166e-08 0)
(1.2354318437754756e-05 2.1052434531128892e-07 0)
(1.2356129483126313e-05 3.5341869292958829e-07 0)
(1.235887425631322e-05 4.9650895571394937e-07 0)
(1.2362541874086051e-05 6.3987322037750073e-07 0)
(1.2367117688019979e-05 7.8358959974662224e-07 0)
(1.2372583222638083e-05 9.277362412948115e-07 0)
(1.2378916098785126e-05 1.0723913317035776e-06 0)
(1.2386089942275568e-05 1.2176330961546074e-06 0)
(1.2394074277715797e-05 1.3635397915835237e-06 0)
(1.240283440748368e-05 1.5101896921805155e-06 0)
(1.2412331275780564e-05 1.6576610661642467e-06 0)
(1.2422521317650348e-05 1.8060321424155595e-06 0)
(1.2433356293020633e-05 1.9553810654407614e-06 0)
(1.2444783105700967e-05 2.1057858371948595e-06 0)
(1.2456743607445726e-05 2.2573242440895198e-06 0)
(1.2469174387175246e-05 2.4100737674726476e-06 0)
(1.2482006545617831e-05 2.5641114755741244e-06 0)
(1.2495165455720705e-05 2.7195138952316615e-06 0)
(1.2508570509244421e-05 2.8763568607130263e-06 0)
(1.252213485025773e-05 3.0347153378768248e-06 0)
(1.2535765096367108e-05 3.1946632207961509e-06 0)
(1.2549361048732976e-05 3.3562730983816027e-06 0)
(1.2562815392115965e-05 3.519615988279399e-06 0)
(1.2576013386706729e-05 3.6847610347725446e-06 0)
(1.2588832553638801e-05 3.851775167870447e-06 0)
(1.2601142356540081e-05 4.020722720309254e-06 0)
(1.2612803881979347e-05 4.191664998676213e-06 0)
(1.2623669521915304e-05 4.3646598054680294e-06 0)
(1.2633582662216695e-05 4.5397609088672993e-06 0)
(1.2642377381614801e-05 4.7170174554997649e-06 0)
(1.2649878166193065e-05 4.8964733238994799e-06 0)
(1.2655899645452851e-05 5.0781664143166449e-06 0)
(1.2660246356417817e-05 5.2621278718452982e-06 0)
(1.2662712543641901e-05 5.4483812396981403e-06 0)
(1.266308200351764e-05 5.6369415403609018e-06 0)
(1.2661127982428564e-05 5.8278142817236956e-06 0)
(1.2656613139346053e-05 6.0209943876712377e-06 0)
(1.2649289584527433e-05 6.2164650516346412e-06 3.3605898256297246e-27)
(1.2638899006313522e-05 6.4141965145901382e-06 3.4675137634242958e-27)
(1.2495733248999333e-05 6.7329557683905813e-08 0)
(1.2496683952583138e-05 2.0912361952002572e-07 0)
(1.2498655465062147e-05 3.5104084236397772e-07 0)
(1.2501640645767816e-05 4.9316299026104454e-07 0)
(1.2505628655458304e-05 6.3557188268562708e-07 0)
(1.2510604907026571e-05 7.7834942120752481e-07 0)
(1.2516551000208408e-05 9.2157761326536176e-07 0)
(1.2523444640418238e-05 1.0653385920642862e-06 0)
(1.2531259541679658e-05 1.2097146311947679e-06 0)
(1.2539965313604666e-05 1.354788153388072e-06 0)
(1.2549527332244883e-05 1.5006417315007701e-06 0)
(1.2559906594634547e-05 1.6473580810154365e-06 0)
(1.257105955696086e-05 1.7950200423686332e-06 0)
(1.2582937956184266e-05 1.9437105517506596e-06 0)
(1.2595488615022741e-05 2.093512598727064e-06 0)
(1.2608653230277297e-05 2.2445091690110639e-06 0)
(1.2622368144448366e-05 2.3967831706588525e-06 0)
(1.2636564100747673e-05 2.5504173414532252e-06 0)
(1.2651165981731766e-05 2.7054941357061542e-06 0)
(1.2666092531827392e-05 2.862095587787807e-06 0)
(1.2681256064240745e-05 3.0203031502218514e-06 0)
(1.2696562152934342e-05 3.1801975034389791e-06 0)
(1.2711909310541681e-05 3.3418583344083842e-06 0)
(1.2727188653309319e-05 3.5053640812403274e-06 0)
(1.2742283554558685e-05 3.6707916398871348e-06 0)
(1.2757069288442815e-05 3.8382160302145076e-06 0)
(1.2771412666168451e-05 4.0077100173085021e-06 0)
(1.2785171667424823e-05 4.1793436838639627e-06 0)
(1.279819507005518e-05 4.3531839503911307e-06 0)
(1.2810322081753819e-05 4.5292940383614118e-06 0)
(1.282138197835072e-05 4.7077328721659842e-06 0)
(1.2831193753756552e-05 4.8885544158150824e-06 0)
(1.2839565787525919e-05 5.0718069397655951e-06 0)
(1.2846295536991252e-05 5.2575322137616968e-06 0)
(1.2851169261865301e-05 5.4457646216436619e-06 0)
(1.2853961790276537e-05 5.6365301945287749e-06 0)
(1.2854436336327822e-05 5.8298455588959567e-06 0)
(1.2852344380567876e-05 6.0257167972211904e-06 0)
(1.2847425626012881e-05 6.2241382191448944e-06 0)
(1.2839408042909186e-05 6.4250910427708246e-06 0)
(1.2636994985091282e-05 6.6869860233901198e-08 0)
(1.263802972245396e-05 2.0759973356256574e-07 0)
(1.2640168853872043e-05 3.4845805900723523e-07 0)
(1.2643405296635816e-05 4.8953026435627743e-07 0)
(1.2647728305033904e-05 6.3090187546752713e-07 0)
(1.2653123418619572e-05 7.7265855921676235e-07 0)
(1.2659572393508199e-05 9.1488616356237102e-07 0)
(1.2667053116737943e-05 1.0576707537849464e-06 0)
(1.2675539503630402e-05 1.2010986437637896e-06 0)
(1.2685001378024132e-05 1.3452564212291752e-06 0)
(1.2695404335112473e-05 1.4902309657248545e-06 0)
(1.2706709586663245e-05 1.6361094580943812e-06 0)
(1.2718873788421126e-05 1.7829793800237564e-06 0)
(1.2731848849417447e-05 1.9309285022656023e-06 0)
(1.2745581723009782e-05 2.0800448597064176e-06 0)
(1.2760014179412664e-05 2.2304167118253536e-06 0)
(1.2775082559631295e-05 2.3821324865254382e-06 0)
(1.2790717510676851e-05 2.5352807050937414e-06 0)
(1.2806843702057177e-05 2.6899498864162292e-06 0)
(1.282337952376073e-05 2.8462284276781141e-06 0)
(1.2840236765916069e-05 3.0042044591171507e-06 0)
(1.2857320280629852e-05 3.1639656697084164e-06 0)
(1.2874527626616423e-05 3.325599101028977e-06 0)
(1.2891748697622045e-05 3.4891909056931926e-06 0)
(1.29088653357288e-05 3.6548260664419734e-06 0)
(1.2925750931096865e-05 3.8225880729169949e-06 0)
(1.2942270010204883e-05 3.9925585509987623e-06 0)
(1.2958277815097548e-05 4.1648168407781357e-06 0)
(1.2973619876436836e-05 4.3394395187540261e-06 0)
(1.2988131583992768e-05 4.5164998588964827e-06 0)
(1.3001637759070801e-05 4.6960672279785353e-06 0)
(1.3013952233804456e-05 4.8782064098577081e-06 0)
(1.3024877443399562e-05 5.0629768534890839e-06 0)
(1.3034204038293459e-05 5.2504318395132627e-06 0)
(1.3041710524407764e-05 5.4406175601583776e-06 0)
(1.3047162940770679e-05 5.6335721077860359e-06 0)
(1.3050314585119478e-05 5.8293243673395291e-06 0)
(1.3050905799590467e-05 6.0278928088759664e-06 0)
(1.3048663830071985e-05 6.2292841768725125e-06 0)
(1.304330277376509e-05 6.4334920742660566e-06 0)
(1.2777149918163277e-05 6.6367090811292574e-08 0)
(1.2778272151372517e-05 2.0594738765328185e-07 0)
(1.2780585995858879e-05 3.4566137470926896e-07 0)
(1.2784084462228578e-05 4.8559809887771718e-07 0)
(1.2788756950319733e-05 6.2584674973890461e-07 0)
(1.279458919513409e-05 7.6649671970102336e-07 0)
(1.2801563194808958e-05 9.0763766136817201e-07 0)
(1.280965712065206e-05 1.0493595411724561e-06 0)
(1.2818845209136548e-05 1.1917526884053924e-06 0)
(1.282909763556697e-05 1.3349078382005219e-06 0)
(1.2840380369115227e-05 1.4789161677451792e-06 0)
(1.2852655008969589e-05 1.6238693241280902e-06 0)
(1.2865878601179237e-05 1.7698594426248516e-06 0)
(1.2880003435897383e-05 1.9169791538697695e-06 0)
(1.2894976824627371e-05 2.0653215782223843e-06 0)
(1.291074085712841e-05 2.2149803057727549e-06 0)
(1.2927232137719663e-05 2.3660493598138241e-06 0)
(1.2944381500640948e-05 2.5186231417164356e-06 0)
(1.2962113704326293e-05 2.672796354975459e-06 0)
(1.298034710453318e-05 2.8286639056919111e-06 0)
(1.2998993306302336e-05 2.986320776928352e-06 0)
(1.3017956794957148e-05 3.1458618733895038e-06 0)
(1.3037134546607695e-05 3.3073818339757569e-06 0)
(1.3056415618755195e-05 3.4709748074786233e-06 0)
(1.3075680721832707e-05 3.6367341882199183e-06 0)
(1.3094801773009184e-05 3.8047523073370326e-06 0)
(1.3113641434035196e-05 3.9751200747820029e-06 0)
(1.313205263521152e-05 4.1479265674299828e-06 0)
(1.3149878088187344e-05 4.3232585579838619e-06 0)
(1.3166949790979243e-05 4.5011999791298978e-06 0)
(1.3183088529311908e-05 4.6818313172226593e-06 0)
(1.3198103379268763e-05 4.8652289294415395e-06 0)
(1.3211791217180799e-05 5.0514642781345165e-06 2.7297212869623961e-27)
(1.3223936243656993e-05 5.2406030762902409e-06 5.6639552716445707e-27)
(1.3234309530136467e-05 5.4327043373143242e-06 5.8716856527462363e-27)
(1.3242668597459474e-05 5.6278193234543532e-06 6.0826893340416597e-27)
(1.3248757037419371e-05 5.8259903864973924e-06 6.297012167998977e-27)
(1.3252304190102199e-05 6.027249695339307e-06 3.2573444216029256e-27)
(1.3253024891403141e-05 6.2316178455198394e-06 0)
(1.325061930655635e-05 6.4391023469022186e-06 0)
(1.2916110854972567e-05 6.5819599251512978e-08 0)
(1.2917324006365009e-05 2.0416133503545441e-07 0)
(1.2919819565098081e-05 3.4264191861820681e-07 0)
(1.2923590671665716e-05 4.813539543125145e-07 0)
(1.2928626925858775e-05 6.203902355484647e-07 0)
(1.2934914330262189e-05 7.5984382315884468e-07 0)
(1.2942435215021479e-05 8.9980812102922388e-07 0)
(1.2951168143807537e-05 1.0403769481864811e-06 0)
(1.2961087800661259e-05 1.1816446065263864e-06 0)
(1.2972164857366044e-05 1.3237059428769924e-06 0)
(1.2984365821057189e-05 1.4666564045963302e-06 0)
(1.2997652861590756e-05 1.6105920871996843e-06 0)
(1.3011983618211921e-05 1.7556097728890321e-06 0)
(1.3027310985052594e-05 1.9018069582304266e-06 0)
(1.3043582874945562e-05 2.0492818697385486e-06 0)
(1.3060741961016815e-05 2.1981334652159273e-06 0)
(1.3078725395577499e-05 2.348461419113845e-06 0)
(1.3097464505844177e-05 2.5003660896197532e-06 0)
(1.3116884466071179e-05 2.6539484651235047e-06 0)
(1.3136903945743547e-05 2.8093100872645629e-06 0)
(1.315743473367231e-05 2.9665529479808699e-06 0)
(1.3178381337778297e-05 3.125779356569422e-06 0)
(1.319964056075415e-05 3.2870917743845659e-06 0)
(1.3221101051906452e-05 3.4505926119888034e-06 0)
(1.3242642835629996e-05 3.6163839854384849e-06 0)
(1.3264136817664359e-05 3.7845674266854249e-06 0)
(1.3285444270299334e-05 3.955243543194593e-06 0)
(1.3306416298310759e-05 4.1285116212808465e-06 0)
(1.332689328813883e-05 4.304469167351775e-06 0)
(1.334670434323279e-05 4.4832113808631316e-06 0)
(1.336566670938504e-05 4.664830552370059e-06 0)
(1.3383585194739355e-05 4.8494153798028446e-06 0)
(1.3400251590269707e-05 5.0370501953540076e-06 2.7215984792102071e-27)
(1.3415444097471082e-05 5.2278140962117909e-06 5.649465600396803e-27)
(1.3428926771570203e-05 5.4217799703426031e-06 5.8592132901391941e-27)
(1.3440448989955805e-05 5.619013410743407e-06 6.0725113408500523e-27)
(1.3449744957009501e-05 5.8195715098450992e-06 6.2894217511457414e-27)
(1.3456533258638526e-05 6.0235015269224746e-06 3.2549978694099518e-27)
(1.3460516481658736e-05 6.2308394217168773e-06 0)
(1.3461380914987407e-05 6.4416082483548693e-06 0)
(1.3053787037685031e-05 6.5225753035435605e-08 0)
(1.3055094470751222e-05 2.0223640917896696e-07 0)
(1.3057778615137106e-05 3.3939096166664094e-07 0)
(1.3061832779159608e-05 4.7678549253693818e-07 0)
(1.306724681917764e-05 6.1451632111602204e-07 0)
(1.3074007080637204e-05 7.5268010129000167e-07 0)
(1.3082096319869548e-05 8.9137391638717716e-07 0)
(1.3091493606172087e-05 1.0306953706487623e-06 0)
(1.3102174203829179e-05 1.1707426767662661e-06 0)
(1.3114109433642175e-05 1.311614738113319e-06 0)
(1.3127266513474321e-05 1.4534112249585385e-06 0)
(1.314160837731197e-05 1.5962326432397669e-06 0)
(1.3157093472259663e-05 1.7401803947485638e-06 0)
(1.317367553279079e-05 1.8853568270566593e-06 0)
(1.3191303331626401e-05 2.0318652719913804e-06 0)
(1.3209920406506702e-05 2.1798100703521219e-06 0)
(1.3229464762135278e-05 2.3292965813702212e-06 0)
(1.3249868546679576e-05 2.4804311743621483e-06 0)
(1.327105770204568e-05 2.6333212003478418e-06 0)
(1.3292951587448769e-05 2.7880749406032181e-06 0)
(1.3315462575655869e-05 2.9448015295373773e-06 0)
(1.3338495621427915e-05 3.1036108478658941e-06 0)
(1.3361947802069611e-05 3.264613383173217e-06 0)
(1.3385707829845011e-05 3.4279200529204116e-06 0)
(1.3409655536545992e-05 3.5936419858811886e-06 0)
(1.3433661330766867e-05 3.7618902568556174e-06 0)
(1.3457585628630262e-05 3.9327755691605276e-06 0)
(1.3481278259369443e-05 4.1064078790677182e-06 0)
(1.3504577847772182e-05 4.2828959556207167e-06 0)
(1.3527311176022767e-05 4.4623468689779214e-06 0)
(1.3549292528281641e-05 4.6448653997629748e-06 0)
(1.357032302231786e-05 4.8305533617645697e-06 0)
(1.3590189933650847e-05 5.0195088288289016e-06 -2.7117771507573373e-27)
(1.3608666018647047e-05 5.2118252583640189e-06 -2.8157500279363428e-27)
(1.3625508844667227e-05 5.4075905010246129e-06 0)
(1.3640460136964821e-05 5.6068856882396699e-06 0)
(1.3653245153607778e-05 5.8097839875938051e-06 0)
(1.3663572102026693e-05 6.0163492167951404e-06 0)
(1.3671131612881379e-05 6.226634307344633e-06 0)
(1.3675596289303838e-05 6.4406796093837043e-06 0)
(1.3190084215061019e-05 6.4583947967875588e-08 0)
(1.319148921500557e-05 2.0016755225417186e-07 0)
(1.3194368648457046e-05 3.3589996302910925e-07 0)
(1.3198716031116407e-05 4.7188064144765523e-07 0)
(1.3204521534632462e-05 6.0820933579599142e-07 0)
(1.3211771925556756e-05 7.4498619848866398e-07 0)
(1.3220450484404141e-05 8.8231190095644163e-07 0)
(1.3230536904207874e-05 1.0202877455389011e-06 0)
(1.3242007168129847e-05 1.1590157736959318e-06 0)
(1.325483340557427e-05 1.2985988695496221e-06 0)
(1.3268983726229682e-05 1.4391408578921283e-06 0)
(1.32844220314311e-05 1.5807465953666777e-06 0)
(1.3301107802077332e-05 1.7235220537727371e-06 0)
(1.3318995862329011e-05 1.8675743939271837e-06 0)
(1.333803611824425e-05 2.0130120286471692e-06 0)
(1.3358173270400132e-05 2.1599446730172172e-06 0)
(1.3379346499628494e-05 2.3084833800607334e-06 0)
(1.3401489124893104e-05 2.458740559461365e-06 0)
(1.3424528232392732e-05 2.6108299771247839e-06 0)
(1.3448384274988024e-05 2.7648667322173982e-06 0)
(1.3472970640968548e-05 2.9209672092646406e-06 0)
(1.349819319146276e-05 3.0792490012598035e-06 0)
(1.3523949765845424e-05 3.2398308001813144e-06 0)
(1.355012965462984e-05 3.4028322503899593e-06 0)
(1.3576613039568021e-05 3.5683737602721001e-06 0)
(1.3603270400944842e-05 3.7365762666624624e-06 0)
(1.3629961892512389e-05 3.9075609462041249e-06 0)
(1.3656536684774363e-05 4.081448867281834e-06 0)
(1.3682832278075538e-05 4.2583605753481716e-06 0)
(1.3708673787462718e-05 4.4384156041976043e-06 0)
(1.3733873202252315e-05 4.6217319044087364e-06 0)
(1.3758228623877098e-05 4.8084251808790676e-06 0)
(1.3781523486927379e-05 4.998608128604218e-06 -2.7001306678573e-27)
(1.3803525769669345e-05 5.1923895579178743e-06 -2.8048944949662934e-27)
(1.3823987201452168e-05 5.3898733974882719e-06 0)
(1.3842642476534932e-05 5.5911575644641187e-06 0)
(1.3859208485577512e-05 5.7963326901483278e-06 0)
(1.3873383578436718e-05 6.0054806894310704e-06 -3.2445891028318794e-27)
(1.3884846874276482e-05 6.2186731628661116e-06 0)
(1.3893257637951408e-05 6.4359696197691939e-06 3.4774538670864316e-27)
(1.3324904732267985e-05 6.3892618982714237e-08 0)
(1.3326410485819232e-05 1.9794984465809141e-07 0)
(1.3329491704331376e-05 3.3216061840104765e-07 0)
(1.3334142151927366e-05 4.6662766220609368e-07 0)
(1.3340352376231387e-05 6.0145403654111726e-07 0)
(1.3348109645830538e-05 7.3674327776589073e-07 0)
(1.3357397866951945e-05 8.7259953374311261e-07 0)
(1.3368197478924487e-05 1.0091276970056184e-06 0)
(1.3380485327853693e-05 1.1464335344919727e-06 0)
(1.3394234517863627e-05 1.2846238134512107e-06 0)
(1.340941423932905e-05 1.4238064223427517e-06 0)
(1.3425989573250121e-05 1.5640904856639187e-06 0)
(1.3443921270867477e-05 1.7055864718085215e-06 0)
(1.3463165507681062e-05 1.8484062923604597e-06 0)
(1.3483673610718934e-05 1.9926633914167625e-06 0)
(1.3505391757927997e-05 2.1384728233539752e-06 0)
(1.3528260648656314e-05 2.2859513169253028e-06 0)
(1.3552215143844524e-05 2.4352173236276339e-06 0)
(1.3577183874862626e-05 2.5863910478766551e-06 0)
(1.3603088819636528e-05 2.7395944557613499e-06 0)
(1.3629844844739804e-05 2.8949512599347459e-06 1.5632341166358889e-27)
(1.3657359212381345e-05 3.0525868763865842e-06 1.6483541938462575e-27)
(1.3685531051214834e-05 3.2126283494268646e-06 0)
(1.3714250789937897e-05 3.3752042402770768e-06 0)
(1.3743399552820998e-05 3.5404444741897368e-06 0)
(1.3772848516721597e-05 3.7084801404745546e-06 0)
(1.3802458229273862e-05 3.8794432392556357e-06 2.0949545799260027e-27)
(1.3832077888541104e-05 4.0534663678851061e-06 2.18897385590989e-27)
(1.3861544584739776e-05 4.2306823394347833e-06 0)
(1.3890682505195713e-05 4.4112237252602896e-06 0)
(1.391930210506979e-05 4.5952223114788258e-06 0)
(1.3947199246564013e-05 4.7828084607858991e-06 0)
(1.3974154310713384e-05 4.9741103673957427e-06 0)
(1.399993128752834e-05 5.1692531947093385e-06 0)
(1.4024276851234419e-05 5.3683580825787144e-06 0)
(1.4046919429650444e-05 5.5715410115482621e-06 0)
(1.4067568278606814e-05 5.7789115103851148e-06 0)
(1.4085912574792004e-05 5.9905711924057775e-06 -3.2361789896479527e-27)
(1.4101620543227396e-05 6.2066121070404212e-06 0)
(1.4114338638765178e-05 6.4271148914971793e-06 3.4723327506867997e-27)
(1.3458147640008435e-05 6.3150250740977633e-08 0)
(1.3459757214431615e-05 1.9557853534860436e-07 0)
(1.3463046466005895e-05 3.2816491000228489e-07 0)
(1.3468009449257315e-05 4.610152189860643e-07 0)
(1.347463715020545e-05 5.9423569766146313e-07 0)
(1.3482917422801067e-05 7.2793313091693281e-07 0)
(1.3492834903675974e-05 8.6221501021978494e-07 0)
(1.3504370904960758e-05 9.9718968863298796e-07 0)
(1.3517503284597309e-05 1.1329665330589264e-06 0)
(1.3532206293452327e-05 1.2696560733012635e-06 0)
(1.3548450398480251e-05 1.4073701468930247e-06 0)
(1.3566202080959927e-05 1.5462220388348594e-06 0)
(1.3585423608811616e-05 1.6863266152481626e-06 0)
(1.3606072781944176e-05 1.8278004495691256e-06 0)
(1.3628102649242356e-05 1.9707619400507773e-06 0)
(1.365146119594026e-05 2.1153314168652382e-06 0)
(1.3676091000003579e-05 2.2616312368513502e-06 0)
(1.370192885594224e-05 2.409785864143059e-06 0)
(1.3728905364579268e-05 2.5599219335207869e-06 0)
(1.375694448709811e-05 2.7121682943467334e-06 0)
(1.3785963061631207e-05 2.8666560317244019e-06 1.5476594643340099e-27)
(1.3815870280970091e-05 3.0235184609386086e-06 1.6323510540063167e-27)
(1.3846567129737579e-05 3.1828910915469233e-06 0)
(1.3877945779393453e-05 3.3449115561217719e-06 0)
(1.3909888939790422e-05 3.5097194985344357e-06 0)
(1.3942269166074965e-05 3.6774564158353425e-06 0)
(1.397494811997447e-05 3.8482654474045325e-06 2.0777643818022344e-27)
(1.4007775785022741e-05 4.0222911033585287e-06 2.1717772611099593e-27)
(1.4040589635507145e-05 4.1996789248387786e-06 0)
(1.4073213759573046e-05 4.3805750666599361e-06 0)
(1.4105457937866112e-05 4.5651257921913753e-06 0)
(1.4137116679837227e-05 4.7534768700014404e-06 0)
(1.4167968220872421e-05 4.9457728595998739e-06 0)
(1.4197773484854804e-05 5.1421562737961226e-06 0)
(1.4226275018335608e-05 5.3427666033523733e-06 0)
(1.425319590438973e-05 5.5477391888166157e-06 0)
(1.4278238666483067e-05 5.7572039239710433e-06 0)
(1.430108417514307e-05 5.9712837733542997e-06 0)
(1.4321390573371185e-05 6.1900930873655475e-06 0)
(1.4338792240512145e-05 6.4137356964262143e-06 0)
(1.3589708823519086e-05 6.2355388277395412e-08 0)
(1.3591425145089686e-05 1.930490728390914e-07 0)
(1.3594928387969832e-05 3.2390515799548685e-07 0)
(1.3600212939587741e-05 4.5503245096219334e-07 0)
(1.3607270288183798e-05 5.8654020362943257e-07 0)
(1.3616088958431782e-05 7.1853829256319684e-07 0)
(1.3626654424691729e-05 8.5113739800996738e-07 0)
(1.3638949001765826e-05 9.844491814457666e-07 0)
(1.3652951712536471e-05 1.1185864609982262e-06 0)
(1.3668638131735996e-05 1.2536633844730197e-06 0)
(1.3685980204928003e-05 1.3897955990334824e-06 0)
(1.3704946041659565e-05 1.5271004169380248e-06 0)
(1.3725499681619064e-05 1.6656969761844952e-06 0)
(1.3747600832489136e-05 1.8057063950582792e-06 0)
(1.3771204578023788e-05 1.9472519194326989e-06 0)
(1.3796261054809005e-05 2.0904590610769231e-06 0)
(1.3822715096053106e-05 2.2354557252247342e-06 0)
(1.3850505840578616e-05 2.3823723258719003e-06 0)
(1.3879566305120763e-05 2.5313418851941243e-06 0)
(1.3909822917890156e-05 2.6825001158418989e-06 0)
(1.3941195011348581e-05 2.8359854819249805e-06 0)
(1.3973594272205716e-05 2.9919392354084133e-06 0)
(1.4006924146397485e-05 3.1505054238462063e-06 0)
(1.4041079196930452e-05 3.3118308645647359e-06 0)
(1.4075944412602814e-05 3.4760650800192277e-06 0)
(1.41113944656813e-05 3.6433601881796431e-06 0)
(1.4147292916854441e-05 3.8138707413572739e-06 0)
(1.418349136606874e-05 3.9877535048598562e-06 0)
(1.4219828548104233e-05 4.1651671682139655e-06 0)
(1.4256129372586027e-05 4.3462719778426873e-06 0)
(1.4292203908468171e-05 4.5312292813533827e-06 0)
(1.4327846314010841e-05 4.7202009710404682e-06 0)
(1.4362833714555801e-05 4.9133488134692876e-06 0)
(1.4396925031315675e-05 5.1108336505173145e-06 0)
(1.442985976630788e-05 5.312814456520014e-06 0)
(1.4461356750321153e-05 5.5194472336298501e-06 0)
(1.4491112863169793e-05 5.7308837278090118e-06 0)
(1.4518801738211555e-05 5.9472699450425256e-06 0)
(1.4544072466299893e-05 6.1687444474791359e-06 0)
(1.456654831875398e-05 6.3954364079791085e-06 0)
(1.3719481151596307e-05 6.1506648073834436e-08 0)
(1.3721306984157796e-05 1.9035713687508856e-07 0)
(1.3725029844129878e-05 3.1937407304291899e-07 0)
(1.3730644494891951e-05 4.4866904606453442e-07 0)
(1.3738142991819584e-05 5.783541443883494e-07 0)
(1.374751461722475e-05 7.0854215737726488e-07 0)
(1.3758745792590984e-05 8.3934677671282154e-07 0)
(1.3771819967951286e-05 9.7088279694249393e-07 0)
(1.3786717487631262e-05 1.1032663146646713e-06 0)
(1.38034154315373e-05 1.2366149262166701e-06 0)
(1.3821887431032002e-05 1.3710479230127097e-06 0)
(1.3842103458157366e-05 1.5066864842010632e-06 0)
(1.3864029586936836e-05 1.6436538654178232e-06 0)
(1.3887627725195541e-05 1.7820755830344275e-06 9.6180501685195587e-28)
(1.3912855315271667e-05 1.92207959272395e-06 1.0373322234602112e-27)
(1.3939665001841972e-05 2.0637964607840195e-06 0)
(1.3968004264928191e-05 2.2073595266208609e-06 0)
(1.3997815015961693e-05 2.3529050549440638e-06 0)
(1.4029033154602516e-05 2.5005723742615813e-06 0)
(1.4061588083865904e-05 2.6505040005048549e-06 0)
(1.4095402181202031e-05 2.8028457415513146e-06 -1.5125911262664165e-27)
(1.4130390222890881e-05 2.9577467797379224e-06 -1.5961997484009033e-27)
(1.4166458758896786e-05 3.1153597279640675e-06 1.6812806195133237e-27)
(1.4203505435599626e-05 3.2758406546956202e-06 1.7679187688762983e-27)
(1.4241418263522324e-05 3.4393490725439649e-06 0)
(1.4280074827508798e-05 3.6060478840863676e-06 0)
(1.4319341436712682e-05 3.77610327787606e-06 -2.0380555351916717e-27)
(1.4359072211962417e-05 3.9496845664385638e-06 -4.2636211341405873e-27)
(1.4399108108548508e-05 4.1269639578078493e-06 -2.2275755714205136e-27)
(1.4439275872755844e-05 4.3081162493634663e-06 -2.3254459562730729e-27)
(1.4479386931120951e-05 4.4933184332682902e-06 -2.42551835494094e-27)
(1.4519236212001049e-05 4.682749200139762e-06 0)
(1.4558600900404203e-05 4.8765883269644675e-06 0)
(1.459723912795503e-05 5.0750159327213742e-06 0)
(1.4634888601473293e-05 5.2782115849649308e-06 0)
(1.4671265175703911e-05 5.4863532373226554e-06 -2.9623385977317396e-27)
(1.4706061377904171e-05 5.6996159775173121e-06 -3.0776779597220429e-27)
(1.4738944894855061e-05 5.9181705630298227e-06 0)
(1.4769557036312974e-05 6.1421817197600076e-06 -3.3170888438673229e-27)
(1.4797511193771965e-05 6.37180617891312e-06 -3.4413361003620566e-27)
(1.3847354646868587e-05 6.0602729477195585e-08 0)
(1.3849292570073653e-05 1.874986709818956e-07 0)
(1.3853240297160624e-05 3.1456481011186691e-07 0)
(1.3859193010934144e-05 4.419153163356542e-07 0)
(1.3867143399510368e-05 5.6966491272550649e-07 0)
(1.3877081590799549e-05 6.979291000889443e-07 0)
(1.3888995064289286e-05 8.2682438116589659e-07 0)
(1.3902868539721502e-05 9.5646848439822798e-07 0)
(1.3918683841818548e-05 1.0869805874194627e-06 0)
(1.3936419740143892e-05 1.218481539907489e-06 0)
(1.3956051763001308e-05 1.3510940852370935e-06 0)
(1.3977551984102061e-05 1.484943080842294e-06 0)
(1.4000888780455182e-05 1.6201557160780958e-06 0)
(1.4026026559796914e-05 1.7568617273239192e-06 9.4796869125971787e-28)
(1.4052925455785006e-05 1.8951936091767547e-06 1.0225790028592403e-27)
(1.4081540988819195e-05 2.0352868204350754e-06 0)
(1.411182369034601e-05 2.1772799834947039e-06 0)
(1.4143718688284957e-05 2.3213150755853339e-06 0)
(1.4177165250732599e-05 2.4675376091389096e-06 0)
(1.4212096285196798e-05 2.6160967996843312e-06 -1.4114887231946246e-27)
(1.4248437790582511e-05 2.767145717646743e-06 -2.9859938224367084e-27)
(1.4286108258619757e-05 2.9208414209896927e-06 -1.5759417037278512e-27)
(1.4325018021385283e-05 3.0773450644937344e-06 1.660410879548168e-27)
(1.4365068541608953e-05 3.2368219810136221e-06 1.7464945229643294e-27)
(1.4406151642138212e-05 3.3994417296087449e-06 0)
(1.4448148671093468e-05 3.5653781037195906e-06 0)
(1.4490929599252608e-05 3.7348090925636201e-06 -2.0153681206282401e-27)
(1.4534352046055893e-05 3.9079167876282625e-06 -4.217714171110224e-27)
(1.4578260231078819e-05 4.0848872247095797e-06 -6.6133369621287517e-27)
(1.4622483848112245e-05 4.2659101505014993e-06 -6.9067122559447911e-27)
(1.4666836859324217e-05 4.4511787021646758e-06 -2.4023378564471689e-27)
(1.471111620776029e-05 4.6408889855457815e-06 0)
(1.4755100447162527e-05 4.8352395371755176e-06 0)
(1.4798548289337719e-05 5.03443065232979e-06 0)
(1.4841197070917591e-05 5.2386635601442297e-06 0)
(1.488276114292243e-05 5.4481394242522119e-06 -2.9412589823620826e-27)
(1.4922930188930297e-05 5.6630581455925776e-06 -3.0574940512718366e-27)
(1.4961367480538861e-05 5.88361694149848e-06 -6.3536003162548987e-27)
(1.4997708082209669e-05 6.1100086728955672e-06 -9.8978484541242235e-27)
(1.5031557022849719e-05 6.3424198899957398e-06 -3.4250440947584353e-27)
(1.397321667765172e-05 5.9642425809597021e-08 0)
(1.3975269064816662e-05 1.8446991516129494e-07 0)
(1.3979446489485754e-05 3.0947102294209739e-07 0)
(1.3985744597507965e-05 4.3476227445938382e-07 0)
(1.3994156775605137e-05 5.6046080327043515e-07 0)
(1.4004674085708478e-05 6.866845975822108e-07 0)
(1.401728517691549e-05 8.1355274734649083e-07 0)
(1.4031976174218678e-05 9.4118569150549355e-07 0)
(1.4048730543159783e-05 1.0697054660478311e-06 0)
(1.4067528929415203e-05 1.1992359523907925e-06 0)
(1.408834897204499e-05 1.3299031258921395e-06 0)
(1.4111165089025535e-05 1.4618353044364351e-06 0)
(1.4135948233420306e-05 1.5951633963315702e-06 0)
(1.4162665618297904e-05 1.7300211471778781e-06 0)
(1.4191280408416993e-05 1.8665453849070657e-06 0)
(1.4221751376280876e-05 2.0048762619102951e-06 0)
(1.4254032520200763e-05 2.1451574931485853e-06 0)
(1.428807264167284e-05 2.2875365884215521e-06 0)
(1.4323814878741297e-05 2.4321650772018234e-06 0)
(1.4361196192378689e-05 2.5791987237617172e-06 -1.3912538716791396e-27)
(1.4400146802507251e-05 2.7287977296463456e-06 -1.4719652125730455e-27)
(1.4440589569743775e-05 2.881126920499669e-06 0)
(1.4482439319002312e-05 3.0363559132247999e-06 0)
(1.4525602100873695e-05 3.194659258946181e-06 0)
(1.4569974386349803e-05 3.3562165569783282e-06 0)
(1.4615442190512611e-05 3.5212125324156187e-06 0)
(1.46618801206642e-05 3.6898370715297688e-06 0)
(1.4709150344153225e-05 3.8622852058968155e-06 0)
(1.4757101471484275e-05 4.0387570358277006e-06 -4.3582236590937082e-27)
(1.4805567350305565e-05 4.2194575818447563e-06 -4.5534391808335595e-27)
(1.4854365766233564e-05 4.4045965522015408e-06 0)
(1.4903297047035741e-05 4.5943880110972811e-06 0)
(1.495214256718965e-05 4.7890499320695334e-06 0)
(1.5000663150931507e-05 4.9888036177210134e-06 0)
(1.5048597373452551e-05 5.1938729648738408e-06 0)
(1.5095659761285239e-05 5.4044835518482051e-06 0)
(1.514153889526087e-05 5.6208615217984466e-06 0)
(1.5185895422231229e-05 5.8432322330825253e-06 -6.3090542999615096e-27)
(1.5228359984853572e-05 6.0718186453457561e-06 -6.5564001553608337e-27)
(1.5268531084280869e-05 6.3068394059248524e-06 0)
(1.4096952170970193e-05 5.8624635670215405e-08 0)
(1.4099121167224507e-05 1.8126743873667986e-07 0)
(1.4103532656460523e-05 3.0408691877105617e-07 0)
(1.4110182791265387e-05 4.2720171081189953e-07 0)
(1.4119065722675091e-05 5.5073111241401495e-07 0)
(1.4130173534918918e-05 6.7479535226149904e-07 0)
(1.4143496158219214e-05 7.9951586005432961e-07 0)
(1.4159021258447118e-05 9.2501553733798189e-07 0)
(1.4176734102742558e-05 1.051419030160117e-06 0)
(1.4196617400041203e-05 1.1788530031696037e-06 0)
(1.421865111510537e-05 1.3074464153494124e-06 0)
(1.4242812254565533e-05 1.4373307972445007e-06 0)
(1.4269074623199484e-05 1.5686405294601933e-06 0)
(1.4297408548398995e-05 1.7015131221113159e-06 0)
(1.4327780570599754e-05 1.8360894946855083e-06 0)
(1.4360153097171421e-05 1.9725142556269487e-06 0)
(1.4394484016941552e-05 2.1109359805876131e-06 0)
(1.443072627239471e-05 2.2515074877671837e-06 0)
(1.4468827386101217e-05 2.3943861094266672e-06 0)
(1.450872893764393e-05 2.5397339569769665e-06 0)
(1.4550365987320841e-05 2.6877181774232652e-06 0)
(1.4593666442210714e-05 2.8385111982244838e-06 0)
(1.463855035996161e-05 2.9922909568819243e-06 0)
(1.4684929185543531e-05 3.1492411110108255e-06 0)
(1.4732704915690481e-05 3.3095512241571514e-06 -1.7849787645401058e-27)
(1.4781769185684228e-05 3.4734169202758884e-06 0)
(1.4832002272790061e-05 3.6410400013906013e-06 1.9639164406085611e-27)
(1.4883272010403874e-05 3.8126285189465983e-06 0)
(1.4935432607110364e-05 3.98839678976993e-06 0)
(1.4988323364580997e-05 4.1685653451520604e-06 0)
(1.5041767288603102e-05 4.353360800635161e-06 0)
(1.5095569587629653e-05 4.5430156307398948e-06 0)
(1.5149516053793282e-05 4.7377678324405604e-06 0)
(1.5203371322202249e-05 4.9378604572475841e-06 0)
(1.525687700519879e-05 5.1435409899252542e-06 0)
(1.5309749700003939e-05 5.3550605484648409e-06 0)
(1.5361678870256872e-05 5.5726728768183595e-06 0)
(1.5412324604137261e-05 5.7966330985131759e-06 3.1288692591610781e-27)
(1.5461315255105119e-05 6.0271961960531444e-06 3.2536132348896065e-27)
(1.5508244976619805e-05 6.2646151758388767e-06 0)
(1.4218443847591112e-05 5.7548374331036781e-08 0)
(1.4220731347927634e-05 1.7788817350217137e-07 0)
(1.4225380761562208e-05 2.9840731335507518e-07 0)
(1.423238879115353e-05 4.1922627073474666e-07 0)
(1.4241750417096899e-05 5.4046623845768322e-07 0)
(1.4253458833392017e-05 6.6224941588036739e-07 0)
(1.4267505361997503e-05 7.8469930135062038e-07 0)
(1.4283879344341658e-05 9.0794098646789046e-07 0)
(1.4302568009041303e-05 1.0321014532285597e-06 0)
(1.4323556314675485e-05 1.1573098738419813e-06 0)
(1.4346826766168603e-05 1.2836979137303881e-06 0)
(1.43723592031497e-05 1.4114000376902234e-06 0)
(1.4400130558290839e-05 1.5405538193097439e-06 0)
(1.4430114583573047e-05 1.6713002535970241e-06 0)
(1.4462281542050608e-05 1.8037840723901987e-06 0)
(1.4496597862276286e-05 1.9381540623588018e-06 0)
(1.4533025752390961e-05 2.0745633846974391e-06 -1.1184549580782057e-27)
(1.457152277056316e-05 2.2131698952919748e-06 8.6955553573542811e-41)
(1.4612041347976951e-05 2.3541364647853954e-06 1.2691882948987995e-27)
(1.4654528260377826e-05 2.49763129610356e-06 -1.3465663674289425e-27)
(1.4698924043758606e-05 2.643828237934012e-06 -1.425410506853879e-27)
(1.4745162349241611e-05 2.7929070911741821e-06 0)
(1.479316923195334e-05 2.9450539052902578e-06 -1.5878920368005758e-27)
(1.4842862368313171e-05 3.1004612606558355e-06 0)
(1.4894150195674654e-05 3.2593285320081222e-06 -3.9023414180193204e-41)
(1.4946930967796408e-05 3.4218621273033053e-06 -6.2536406492981366e-41)
(1.5001091719393095e-05 3.5882756956505264e-06 1.9349946756485018e-27)
(1.5056507132594175e-05 3.7587902956917273e-06 0)
(1.5113038297779557e-05 3.9336345152898291e-06 2.1214500904259666e-27)
(1.5170531361235506e-05 4.1130445313067285e-06 2.2183371215770923e-27)
(1.5228816051825129e-05 4.2972640964453654e-06 0)
(1.5287704078848166e-05 4.4865444378667776e-06 0)
(1.5346987393758531e-05 4.6811440502243988e-06 0)
(1.5406436308576387e-05 4.8813283626506995e-06 0)
(1.5465797464857348e-05 5.0873692561539712e-06 0)
(1.5524791648277489e-05 5.2995444047025761e-06 0)
(1.5583111445369348e-05 5.5181364095406501e-06 0)
(1.564041874152802e-05 5.7434316916565105e-06 3.0996142532907672e-27)
(1.5696342062245716e-05 5.9757191036838772e-06 3.2252911489631878e-27)
(1.5750473764012765e-05 6.2152882167447758e-06 3.3549372394309365e-27)
(1.4337572479006122e-05 5.6412784515806246e-08 0)
(1.4339980106259281e-05 1.7432944631568532e-07 0)
(1.4344870753694494e-05 2.9242768554337412e-07 0)
(1.4352241716370614e-05 4.10829531436522e-07 0)
(1.436208886786313e-05 5.2965778138732534e-07 0)
(1.4374406597855042e-05 6.4903631299361714e-07 0)
(1.4389187728811216e-05 7.6909039866787412e-07 0)
(1.4406423410333816e-05 8.8994702295471079e-07 0)
(1.4426102990168493e-05 1.0117352038626826e-06 0)
(1.4448213860631818e-05 1.1345863182060275e-06 0)
(1.4472741279001389e-05 1.2586344316703399e-06 0)
(1.449966816014853e-05 1.3840166338615853e-06 0)
(1.452897483910996e-05 1.510873378830681e-06 0)
(1.4560638801533612e-05 1.6393488311465538e-06 0)
(1.459463437948998e-05 1.7695912173196141e-06 0)
(1.4630932409571994e-05 1.9017531829266483e-06 0)
(1.4669499849924121e-05 2.0359921546258817e-06 -1.0973436760097218e-27)
(1.4710299352530934e-05 2.1724707066614588e-06 0)
(1.4753288786928743e-05 2.3113569309410873e-06 1.2457721677340216e-27)
(1.4798420710796072e-05 2.4528248093278968e-06 -1.3220394390139274e-27)
(1.4845641782422439e-05 2.5970545866485167e-06 -2.7996100894933033e-27)
(1.4894892109670186e-05 2.7442331420216507e-06 -1.4791707358254742e-27)
(1.4946104529605721e-05 2.8945543560394554e-06 -1.5602421185826836e-27)
(1.4999203812371173e-05 3.0482194698898705e-06 0)
(1.5054105782386418e-05 3.2054374325209249e-06 1.7279448484835548e-27)
(1.5110716349386994e-05 3.3664252304722267e-06 0)
(1.5168930441250933e-05 3.5314081942192185e-06 0)
(1.5228630830124839e-05 3.7006202731394046e-06 -1.9951749525648242e-27)
(1.5289686842790981e-05 3.8743042701922129e-06 -2.0292349411725913e-41)
(1.535195294576014e-05 4.0527120253029863e-06 2.1852697632388927e-27)
(1.5415267195168867e-05 4.236104534750603e-06 0)
(1.5479449541467604e-05 4.42475199123075e-06 2.3862138648245075e-27)
(1.5544299978740232e-05 4.6189337269044564e-06 2.4911268799990452e-27)
(1.5609596528326195e-05 4.8189380388068834e-06 0)
(1.5675093047369104e-05 5.0250618718649662e-06 5.4212469339237449e-27)
(1.574051685345239e-05 5.2376103318601644e-06 5.6510733703351669e-27)
(1.58055661572929e-05 5.4568959960385007e-06 0)
(1.5869907298366893e-05 5.683237983815062e-06 0)
(1.5933171780271033e-05 5.9169607451100275e-06 0)
(1.5994953106394501e-05 6.1583925182210717e-06 3.3236547785835651e-27)
(1.445421716522146e-05 5.5217147191508089e-08 0)
(1.4456746248967714e-05 1.705890111020129e-07 0)
(1.4461880846684693e-05 2.8614423090018451e-07 0)
(1.4469618887000373e-05 4.0200607773570777e-07 0)
(1.4479957198696902e-05 5.1829864137043591e-07 0)
(1.4492891450716016e-05 6.3514716301276621e-07 0)
(1.4508416071964628e-05 7.5267837145470667e-07 0)
(1.4526524149554019e-05 8.7102082284432789e-07 0)
(1.4547207304352832e-05 9.9030524569033856e-07 0)
(1.457045554256355e-05 1.1106648912313546e-06 0)
(1.4596257081861272e-05 1.2322358902770029e-06 6.6402919843289816e-28)
(1.4624598150312846e-05 1.3551576167325511e-06 7.3023300511246653e-28)
(1.4655462755582159e-05 1.4795730590574739e-06 0)
(1.4688832422136948e-05 1.6056291998261354e-06 8.6514680405419666e-28)
(1.4724685893961009e-05 1.7334774033732824e-06 9.3401875733849242e-28)
(1.4762998799667212e-05 1.863273812371975e-06 0)
(1.4803743276181887e-05 1.9951797526634337e-06 0)
(1.4846887546915694e-05 2.1293621471218155e-06 0)
(1.4892395450648817e-05 2.2659939370508304e-06 0)
(1.4940225916091735e-05 2.4052545109465966e-06 0)
(1.4990332376531668e-05 2.5473301392068847e-06 -1.372597993685345e-27)
(1.5042662118781606e-05 2.6924144131548858e-06 -1.4508155859550395e-27)
(1.5097155559950141e-05 2.8407086865323705e-06 0)
(1.5153745444870518e-05 2.9924225156532801e-06 0)
(1.5212355956306446e-05 3.1477740956889147e-06 0)
(1.5272901729554844e-05 3.3069906877020358e-06 0)
(1.5335286762158983e-05 3.4703090311623812e-06 0)
(1.5399403208656163e-05 3.6379757346956411e-06 -1.9608715421400904e-27)
(1.5465130049968575e-05 3.8102476366610008e-06 -2.0538558634053391e-27)
(1.5532331625797142e-05 3.987392125031044e-06 0)
(1.5600856017787802e-05 4.1696874047247101e-06 2.2479242222756549e-27)
(1.5670533271149069e-05 4.3574226969319465e-06 2.3493184790648439e-27)
(1.5741173441550541e-05 4.5508983532259598e-06 8.978877909754012e-41)
(1.5812564453676644e-05 4.7504258633545271e-06 2.5616487281160217e-27)
(1.5884469757983678e-05 4.9563277324096104e-06 8.0187953666808921e-27)
(1.5956625772533812e-05 5.1689371983012255e-06 5.575736420561831e-27)
(1.6028739097417715e-05 5.3885977559181091e-06 0)
(1.6100483490698021e-05 5.6156624485452093e-06 0)
(1.6171496596767378e-05 5.8504928813994887e-06 0)
(1.6241376421228578e-05 6.0934579050039237e-06 0)
(1.4568255633860319e-05 5.3960892332182361e-08 0)
(1.4570907189978062e-05 1.6666508017665925e-07 0)
(1.457628782032954e-05 2.7955391396916286e-07 0)
(1.458439612684389e-05 3.9275157591357905e-07 0)
(1.4595229953183477e-05 5.0638311499798764e-07 0)
(1.4608786327983946e-05 6.2057479979836539e-07 0)
(1.4625061388659042e-05 7.3545447526688009e-07 0)
(1.4644050284595871e-05 8.5115192415368279e-07 0)
(1.4665747058615354e-05 9.677992348413979e-07 0)
(1.4690144505288589e-05 1.0855311758987254e-06 0)
(1.4717234004528723e-05 1.2044855792505822e-06 6.4885243178302431e-28)
(1.4747005328933014e-05 1.3248037318197128e-06 7.1363380363922641e-28)
(1.4779446422220649e-05 1.446630777104682e-06 0)
(1.4814543145951535e-05 1.5701161276378365e-06 8.4572819042295508e-28)
(1.4852278992162048e-05 1.695413888962011e-06 9.1320593713946598e-28)
(1.4892634758938482e-05 1.8226832958499728e-06 0)
(1.4935588184727523e-05 1.9520891601943525e-06 0)
(1.4981113536936301e-05 2.0838023321782524e-06 0)
(1.5029181150756137e-05 2.2180001741138329e-06 0)
(1.5079756912961147e-05 2.3548670468345068e-06 0)
(1.513280168473697e-05 2.4945948078512301e-06 0)
(1.5188270657148626e-05 2.6373833202962235e-06 0)
(1.5246112632213238e-05 2.7834409715861976e-06 0)
(1.5306269221609452e-05 2.9329851984496165e-06 0)
(1.5368673954496549e-05 3.0862430168006828e-06 0)
(1.5433251284934202e-05 3.24345155191009e-06 0)
(1.5499915488345853e-05 3.4048585639870237e-06 0)
(1.5568569435688961e-05 3.5707229633453204e-06 0)
(1.5639103233130862e-05 3.7413153072317031e-06 0)
(1.5711392713834202e-05 3.9169182688859782e-06 0)
(1.5785297767174028e-05 4.0978270673278051e-06 2.2085742263116153e-27)
(1.5860660490175611e-05 4.2843498440219176e-06 0)
(1.5937303145340278e-05 4.4768079692009218e-06 -2.4132495341191646e-27)
(1.601502590761518e-05 4.6755362567958524e-06 2.5206151446816705e-27)
(1.6093604382414039e-05 4.8808830645659795e-06 2.631584594018711e-27)
(1.6172786877058971e-05 5.093210249950886e-06 0)
(1.6252291407625701e-05 5.3128929469617797e-06 0)
(1.6331802423972357e-05 5.5403191241576274e-06 0)
(1.6410967236869557e-05 5.7758888758536394e-06 0)
(1.6489392133531102e-05 6.020013391083049e-06 0)
)
;

boundaryField
{
    hotWall
    {
        type            calculated;
        value           nonuniform List<vector> 0();
    }
    coldWall
    {
        type            calculated;
        value           nonuniform List<vector> 0();
    }
    bottomWall
    {
        type            calculated;
        value           nonuniform List<vector> 0();
    }
    topWall
    {
        type            calculated;
        value           nonuniform List<vector> 0();
    }
    front
    {
        type            empty;
    }
    back
    {
        type            empty;
    }
    procBoundary4to0
    {
        type            processor;
        value           nonuniform List<vector> 
27
(
(7.1519797773876219e-06 -2.6742695844868699e-07 6.0492685513022926e-29)
(7.2922794821525595e-06 -2.4328203519523762e-07 0)
(7.4370250521625024e-06 -2.4221386542686446e-07 0)
(7.5847734460027099e-06 -2.4024587551544905e-07 0)
(7.7339906934687845e-06 -2.3822364770726316e-07 0)
(7.8839053980695553e-06 -2.3678714355565711e-07 -1.8183066701166443e-28)
(8.0341739349478229e-06 -2.3574648793295215e-07 -1.8248290534797136e-28)
(8.1846430932661647e-06 -2.3494287034898008e-07 0)
(8.3352317204176992e-06 -2.34306731574233e-07 0)
(8.4858939932318321e-06 -2.3379044484110861e-07 0)
(8.6366019476749582e-06 -2.3335873151850859e-07 0)
(8.787336042259424e-06 -2.3298627541203014e-07 -1.2269157099793269e-28)
(8.9380804477820417e-06 -2.3265448012182645e-07 -1.2278239511112889e-28)
(9.0888206979478825e-06 -2.3234912240624299e-07 0)
(9.2395423442585641e-06 -2.320589061169981e-07 1.228889628266188e-28)
(9.3902301525245086e-06 -2.3177450746538638e-07 1.2290755041908806e-28)
(9.5408675988152108e-06 -2.314879381489323e-07 0)
(9.6914365249276696e-06 -2.3119212772714534e-07 -1.8431531736306723e-28)
(9.8419168587665425e-06 -2.3088063327983537e-07 -1.8424006425942787e-28)
(9.9922864139630542e-06 -2.3054743595883753e-07 0)
(1.014252069882007e-05 -2.3018680177498934e-07 0)
(1.0292592757939518e-05 -2.2979317585720488e-07 0)
(1.0442473028005037e-05 -2.2936110966905561e-07 0)
(1.0592129203414806e-05 -2.2888520821213762e-07 0)
(1.0741526111144033e-05 -2.2836009112447623e-07 0)
(1.0890625595305352e-05 -2.2778036546307942e-07 0)
(1.1039386408614137e-05 -2.2714060803791072e-07 0)
)
;
    }
    procBoundary4to1
    {
        type            processor;
        value           nonuniform List<vector> 
28
(
(1.1187240172156854e-05 -7.8308563371644248e-08 0)
(1.1187240172156854e-05 -7.8308563371644248e-08 0)
(1.1335138843215573e-05 -7.7991467757561228e-08 0)
(1.1482551702865458e-05 -7.7650638571693223e-08 0)
(1.1629424190001238e-05 -7.7283942216338177e-08 0)
(1.177569822799701e-05 -7.688926184656814e-08 0)
(1.19213121689014e-05 -7.6464495687283802e-08 0)
(1.206620074933108e-05 -7.6007556365113451e-08 0)
(1.2210295056157016e-05 -7.5516372580574354e-08 0)
(1.2353522504915533e-05 -7.4988891199270681e-08 0)
(1.2495806831460251e-05 -7.44230806320024e-08 0)
(1.2637068097722095e-05 -7.3816935527736116e-08 0)
(1.2777222712544761e-05 -7.3168482145060148e-08 0)
(1.2916183468359271e-05 -7.2475784400186914e-08 0)
(1.3053859594421908e-05 -7.1736950840624673e-08 0)
(1.319015682783983e-05 -7.0950142271554126e-08 0)
(1.332497750332987e-05 -7.011358022266916e-08 0)
(1.345822066217732e-05 -6.9225555833299209e-08 0)
(1.3589782180880959e-05 -6.8284438687229361e-08 0)
(1.3719554920104951e-05 -6.7288686425287858e-08 0)
(1.3847428894978103e-05 -6.6236855020368789e-08 0)
(1.3973291466745392e-05 -6.5127608861802191e-08 0)
(1.4097027555744203e-05 -6.3959731123882329e-08 0)
(1.4218519876555394e-05 -6.2732134458031285e-08 0)
(1.4337649194678733e-05 -6.144387122097946e-08 0)
(1.4454294604321103e-05 -6.0094143665841388e-08 0)
(1.4568333827607894e-05 -5.8682314333657795e-08 0)
(1.4679564559790372e-05 5.2643609789391358e-08 0)
)
;
    }
    procBoundary4to3
    {
        type            processor;
        value           nonuniform List<vector> 
39
(
(1.468233927061188e-05 1.6255635546436007e-07 -8.7920650838139607e-29)
(1.4687967342422659e-05 2.7265451984289723e-07 -1.4716143988672034e-28)
(1.4696448088032205e-05 3.8306284582673585e-07 0)
(1.4707780422625097e-05 4.939069885700791e-07 -2.6621275895211748e-28)
(1.4721962811030437e-05 6.0531388702553881e-07 -6.5232004101797029e-28)
(1.4738993196343807e-05 7.1741214034753952e-07 -3.8648088581962378e-28)
(1.475886890914633e-05 8.30332389906964e-07 -4.4724610464326049e-28)
(1.4781586556149283e-05 9.4420770893903132e-07 -1.017055521338226e-27)
(1.4807141887048352e-05 1.0591740004124884e-06 -5.7039948932757098e-28)
(1.4835529637806514e-05 1.175370405286747e-06 0)
(1.4866743348172941e-05 1.2929397213398749e-06 0)
(1.4900775151427276e-05 1.412028834465337e-06 0)
(1.4937615534106115e-05 1.5327891633227925e-06 0)
(1.497725306230414e-05 1.6553771187146864e-06 0)
(1.5019674070978283e-05 1.7799545789173075e-06 0)
(1.5064862312553135e-05 1.9066893806481326e-06 0)
(1.5112798560841565e-05 2.0357558276995764e-06 -2.1922956565314345e-27)
(1.516346016530671e-05 2.1673352173231034e-06 -2.3340323055401423e-27)
(1.5216820549840836e-05 2.3016163848380072e-06 0)
(1.5272848650117955e-05 2.4387962662956209e-06 0)
(1.5331508282687792e-05 2.5790804790082429e-06 0)
(1.539275743819575e-05 2.7226839193861915e-06 0)
(1.545654749015639e-05 2.8698313760068977e-06 0)
(1.5522822309839875e-05 3.0207581568250213e-06 0)
(1.5591517276844473e-05 3.1757107273808014e-06 0)
(1.5662558173685949e-05 3.3349473557542803e-06 0)
(1.5735859951926703e-05 3.4987387599191779e-06 0)
(1.5811325355515002e-05 3.6673687502135003e-06 0)
(1.5888843385954402e-05 3.8411348594138763e-06 0)
(1.5968287593110314e-05 4.0203489492938525e-06 0)
(1.6049514173224138e-05 4.2053377815753411e-06 0)
(1.6132359854432386e-05 4.3964435366464635e-06 0)
(1.6216639549152141e-05 4.5940242607852613e-06 0)
(1.6302143751265666e-05 4.7984542184737917e-06 0)
(1.6388635655029443e-05 5.0101241212205651e-06 0)
(1.6475847971745885e-05 5.2294411981641321e-06 0)
(1.6563479419730447e-05 5.456829068273008e-06 0)
(1.6651190863786402e-05 5.6927273647486639e-06 0)
(1.6738601081090498e-05 5.9375910541766729e-06 0)
)
;
    }
    procBoundary4to5
    {
        type            processor;
        value           nonuniform List<vector> 
53
(
(7.0969087229050486e-06 5.9775291092879154e-06 0)
(7.2330970521903174e-06 5.98013998032551e-06 1.623334851136122e-27)
(7.369465757512087e-06 5.984133541034617e-06 1.6241283013758037e-27)
(7.5061097071453853e-06 5.9895030161226393e-06 0)
(7.6431240409915974e-06 5.9962382135891943e-06 0)
(7.7806042669305399e-06 6.0043254635665143e-06 -1.6287621617254603e-27)
(7.9186463547731328e-06 6.0137475378983696e-06 5.430880042887928e-42)
(8.0573468269261257e-06 6.0244835502154931e-06 1.6336895558467903e-27)
(8.196802845035467e-06 6.0365088362286964e-06 0)
(8.3371122916764439e-06 6.0497948135780473e-06 4.920095724310368e-27)
(8.4783738458735551e-06 6.064308820810851e-06 4.9311407182092763e-27)
(8.6206870513266862e-06 6.0800139350326849e-06 0)
(8.7641523760392014e-06 6.0968687676075826e-06 0)
(8.9088712620211103e-06 6.1148272372915046e-06 0)
(9.0549461634053097e-06 6.1338383200062923e-06 1.661594957313309e-27)
(9.2024805711897366e-06 6.1538457745723246e-06 1.6667879842775175e-27)
(9.3515790225932906e-06 6.1747878437495037e-06 0)
(9.5023470928911394e-06 6.1965969299134872e-06 0)
(9.6548913673129543e-06 6.2191992446221532e-06 5.051515936446713e-27)
(9.8093193903130749e-06 6.242514431355445e-06 5.0698377159217613e-27)
(9.9657395889730843e-06 6.2664551608447545e-06 0)
(1.0124261167202038e-05 6.2909266987572443e-06 0)
(1.0284993967130044e-05 6.3158264454767422e-06 0)
(1.0448048293617935e-05 6.3410434476894887e-06 0)
(1.0613534697237739e-05 6.3664578819295475e-06 0)
(1.078156371068072e-05 6.3919405108364979e-06 0)
(1.0952245533218924e-05 6.417352112709023e-06 -3.4719387607492881e-27)
(1.112568965759202e-05 6.4425428854105638e-06 -3.4852370433785808e-27)
(1.1302004432330247e-05 6.4673518270889986e-06 0)
(1.1481296552845505e-05 6.4916060961900809e-06 0)
(1.1663670473969044e-05 6.515120353578483e-06 0)
(1.1849227735634381e-05 6.537696091308439e-06 0)
(1.2038066193577023e-05 6.5591209535593481e-06 3.5467518049645506e-27)
(1.2230279146299791e-05 6.579168055849626e-06 3.5573009485600203e-27)
(1.2425954348753931e-05 6.597595310506936e-06 0)
(1.262517290365922e-05 6.6141447681363398e-06 0)
(1.2828008020533641e-05 6.6285419866092892e-06 0)
(1.3034523633600992e-05 6.6404954405203338e-06 0)
(1.3244772869058005e-05 6.6496959867376493e-06 0)
(1.3458796353027066e-05 6.6558164044550842e-06 0)
(1.3676620352661141e-05 6.6585110303011044e-06 0)
(1.3898254744122401e-05 6.6574155123250027e-06 0)
(1.4123690802947607e-05 6.6521467096013436e-06 0)
(1.4352898814859572e-05 6.6423027673544794e-06 0)
(1.4585825507958625e-05 6.6274634007307936e-06 0)
(1.4822391311361662e-05 6.6071904238250894e-06 0)
(1.5062487449988667e-05 6.5810285633606816e-06 0)
(1.5305972891106486e-05 6.5485065990660321e-06 0)
(1.5552671164250475e-05 6.5091388757239715e-06 0)
(1.5802367084866738e-05 6.4624272333771839e-06 3.4887105295047933e-27)
(1.6054803420746814e-05 6.4078634022133635e-06 3.458693384268415e-27)
(1.6309677549918964e-05 6.3449319084455031e-06 3.4241121773607874e-27)
(1.6566638170363593e-05 6.2731135356566705e-06 3.3846822757450956e-27)
)
;
    }
    procBoundary4to6
    {
        type            processor;
        value           nonuniform List<vector> 
40
(
(6.9090075142543608e-06 7.2318276024555348e-08 0)
(6.9360672034676682e-06 2.2246035650550171e-07 0)
(6.9570544569080225e-06 3.732019610409623e-07 0)
(6.9643730155318721e-06 5.2391074507559376e-07 0)
(6.9676173959918499e-06 6.7453778380294807e-07 0)
(6.9696538618968154e-06 8.2512057294989729e-07 0)
(6.9709292206618929e-06 9.7568439149171052e-07 0)
(6.9717212956728257e-06 1.1262369302174505e-06 0)
(6.9722254172200618e-06 1.2767781169332167e-06 0)
(6.972543160976294e-06 1.4273048091139237e-06 0)
(6.972727555001846e-06 1.5778120253286704e-06 0)
(6.9728099461720509e-06 1.7282932457235213e-06 0)
(6.9728106062628082e-06 1.8787404626837469e-06 0)
(6.9727434548118926e-06 2.0291441240121813e-06 0)
(6.9726185406991163e-06 2.179493027208414e-06 0)
(6.9724434309494449e-06 2.3297741953458586e-06 0)
(6.9722240287154255e-06 2.479972748413941e-06 0)
(6.9719650831038894e-06 2.6300717746720926e-06 0)
(6.9716705225524553e-06 2.7800522031717535e-06 0)
(6.9713436811761507e-06 2.9298926785352067e-06 0)
(6.9709874568221082e-06 3.0795694380686427e-06 0)
(6.9706044241459808e-06 3.2290561915625634e-06 0)
(6.9701969170121891e-06 3.3783240043246429e-06 -9.1760374663682152e-28)
(6.9697670894741175e-06 3.5273411834356613e-06 -9.5807262000642551e-28)
(6.9693169614525734e-06 3.6760731682860857e-06 0)
(6.9688484533523771e-06 3.8244824254782887e-06 0)
(6.9683634124670945e-06 3.9725283489250917e-06 0)
(6.9678636331114724e-06 4.1201671655504547e-06 0)
(6.9673508720568783e-06 4.2673518474432264e-06 0)
(6.9668268602586614e-06 4.414032031203317e-06 0)
(6.9662933116047355e-06 4.560153944998777e-06 0)
(6.9657519293690987e-06 4.705660344428269e-06 -1.2780279277167994e-27)
(6.9652044106841828e-06 4.8504904576255508e-06 -1.3173468453434571e-27)
(6.9646524493416713e-06 4.9945799410391714e-06 0)
(6.9640977372457019e-06 5.1378608461481681e-06 0)
(6.9635419647031564e-06 5.2802615984234732e-06 -1.4340079990023936e-27)
(6.9629868196870011e-06 5.4217069893075585e-06 -1.4723977447241734e-27)
(6.9624339861270751e-06 5.5621181820502686e-06 0)
(6.9618851413905199e-06 5.7014127324795005e-06 0)
(6.9613419529908332e-06 5.8395046254201799e-06 0)
)
;
    }
    procBoundary4to9
    {
        type            processor;
        value           uniform (6.9787706511027192e-06 -7.384897626873905e-08 0);
    }
}


// ************************************************************************* //
