index,coordinate,U_at_X0.5,W_at_Z0.5,theta_vertical,theta_horizontal
0,0.0,0.0,0.0,-0.3332888793452753,0.5
1,0.000244140625,-0.18909166060687302,3.284574379973581,-0.3332888793452753,0.4979536739805326
2,0.00048828125,-0.37818332121374604,6.569148759947162,-0.3332888793452753,0.49590734796106517
3,0.0007324218750000001,-0.5672749818206192,9.853723139920746,-0.3332888793452753,0.49386102194159776
4,0.0009765625,-0.7563666424274921,13.138297519894325,-0.3332888793452753,0.49181469592213034
5,0.001220703125,-0.9454583030343651,16.422871899867907,-0.3332888793452753,0.48976836990271977
6,0.0014648437500000002,-1.1345499636412384,19.70744627984149,-0.3332888793452753,0.48772204388325235
7,0.001708984375,-1.3236416242481113,22.992020659815072,-0.3332888793452753,0.48567571786378494
8,0.001953125,-1.5127332848549842,26.27659503978865,-0.3332888793452753,0.4836293918443175
9,0.002197265625,-1.7018249454618573,29.561169419762233,-0.3332888793452753,0.4815830658248501
10,0.00244140625,-1.8909166060687301,32.845743799735814,-0.3332888793452753,0.4795367398053827
11,0.002685546875,-2.0800082666756032,36.1303181797094,-0.3332888793452753,0.4774904137859153
12,0.0029296875000000004,-2.269099927282477,39.41489255968298,-0.3332888793452753,0.47544408776644786
13,0.003173828125,-2.45682077525593,42.55445326337837,-0.33328878674194584,0.4733980210633604
14,0.00341796875,-2.639058372695708,45.113959261961,-0.33328832372524175,0.47135299162573574
15,0.003662109375,-2.821295970135486,47.67346526054363,-0.33328786070853766,0.4693079621881111
16,0.00390625,-3.0035335675752637,50.23297125912626,-0.33328739769177673,0.46726293275048647
17,0.004150390625,-3.1857711650150415,52.792477257708896,-0.33328693467507264,0.46521790331286184
18,0.00439453125,-3.3680087624548194,55.35198325629152,-0.33328647165836855,0.46317287387518036
19,0.004638671875,-3.5502463598945977,57.911489254874155,-0.33328600864166447,0.4611278444375557
20,0.0048828125,-3.732483957334375,60.470995253456785,-0.3332855456249604,0.4590828149999311
21,0.005126953125,-3.914721554774153,63.03050125203941,-0.3332850826082563,0.45703778556230645
22,0.00537109375,-4.096959152213931,65.59000725062204,-0.3332846195915522,0.4549927561246818
23,0.005615234375,-4.2791967496537096,68.14951324920469,-0.33328415657479127,0.45294772668700034
24,0.005859375000000001,-4.461434347093487,70.70901924778731,-0.3332836935580872,0.4509026972493757
25,0.006103515625,-4.643671944533264,73.26852524636993,-0.3332832305413831,0.44885766781175107
26,0.00634765625,-4.825909541973041,75.82803124495256,-0.333282767524679,0.44681263837412644
27,0.006591796875,-5.00814713941282,78.38753724353519,-0.3332823045079749,0.4447676089365018
28,0.0068359375,-5.190384736852598,80.94704324211783,-0.3332818414912708,0.4427225794988203
29,0.007080078125000001,-5.372622334292376,83.50654924070047,-0.33328137847456674,0.4406775500611957
30,0.00732421875,-5.554859931732153,86.06605523928309,-0.33328091545786265,0.43863252062357105
31,0.007568359375,-5.737097529171931,88.62556123786571,-0.3332804524411017,0.4365874911859464
32,0.0078125,-5.919335126611709,91.18506723644836,-0.3332799894243976,0.4345424617483218
33,0.008056640625,-6.101572724051488,93.74457323503098,-0.33327952640769354,0.4324974323106403
34,0.00830078125,-6.283810321491265,96.3040792336136,-0.33327906339098945,0.43045240287301567
35,0.008544921875,-6.466047918931042,98.86358523219623,-0.33327860037428536,0.42840737343539104
36,0.0087890625,-6.64828551637082,101.42309123077887,-0.33327813735758127,0.4263623439977664
37,0.009033203125,-6.830523113810598,103.9825972293615,-0.3332776743408772,0.4243173145600849
38,0.00927734375,-7.012760711250378,106.54210322794414,-0.33327721132411625,0.4222722851224603
39,0.009521484375,-7.191081946272737,108.7081013717613,-0.33327613165084813,0.4202369111598614
40,0.009765625,-7.366792273016818,110.61176094573483,-0.3332746408731282,0.4182079741805751
41,0.010009765625,-7.542502599760902,112.51542051970836,-0.3332731500953514,0.41617903720134564
42,0.01025390625,-7.718212926504983,114.4190800936819,-0.3332716593176315,0.41415010022205934
43,0.010498046874999998,-7.893923253249065,116.32273966765541,-0.33327016853991154,0.41212116324277304
44,0.0107421875,-8.069633579993148,118.22639924162897,-0.3332686777621916,0.41009222626348674
45,0.010986328125,-8.24534390673723,120.13005881560248,-0.33326718698447166,0.4080632892842573
46,0.01123046875,-8.421054233481312,122.033718389576,-0.3332656962067517,0.406034352304971
47,0.011474609375,-8.596764560225393,123.93737796354954,-0.3332642054290318,0.4040054153256847
48,0.011718750000000002,-8.772474886969476,125.84103753752308,-0.33326271465131185,0.4019764783463984
49,0.011962890625,-8.948185213713558,127.7446971114966,-0.3332612238735919,0.3999475413671689
50,0.01220703125,-9.123895540457642,129.64835668547013,-0.333259733095872,0.3979186043878826
51,0.012451171875,-9.299605867201725,131.55201625944366,-0.33325824231815204,0.3958896674085963
52,0.0126953125,-9.475316193945806,133.45567583341722,-0.3332567515404321,0.39386073042936687
53,0.012939453125000002,-9.651026520689891,135.35933540739074,-0.33325526076271217,0.39183179345008057
54,0.01318359375,-9.826736847433972,137.26299498136427,-0.33325376998499223,0.38980285647079427
55,0.013427734375,-10.002447174178053,139.1666545553378,-0.3332522792072723,0.38777391949150797
56,0.013671875,-10.178157500922135,141.0703141293113,-0.3332507884294955,0.3857449825122785
57,0.013916015625,-10.353867827666216,142.97397370328486,-0.3332492976517756,0.3837160455329922
58,0.014160156250000002,-10.5295781544103,144.87763327725838,-0.33324780687405564,0.3816871085537059
59,0.014404296875,-10.705288481154383,146.78129285123194,-0.3332463160963357,0.37965817157447646
60,0.0146484375,-10.880998807898465,148.68495242520544,-0.33324482531861577,0.37762923459519016
61,0.014892578125,-11.056709134642547,150.588611999179,-0.33324333454089583,0.37560029761590386
62,0.01513671875,-11.232419461386629,152.4922715731525,-0.3332418437631759,0.37357136063661756
63,0.015380859375000002,-11.408129788130713,154.39593114712605,-0.33324035298545596,0.3715424236573881
64,0.015625,-11.583840114874794,156.29959072109958,-0.333238862207736,0.3695134866781018
65,0.015869140625,-11.753323315610075,157.61603474672148,-0.3332358048422748,0.3675252729257181
66,0.01611328125,-11.922806516345359,158.93247877234344,-0.3332327474767567,0.36553705917333446
67,0.016357421875,-12.09228971708064,160.24892279796538,-0.33322969011129544,0.3635488454210076
68,0.0166015625,-12.261772917815923,161.5653668235873,-0.33322663274577735,0.36156063166862396
69,0.016845703125,-12.431256118551204,162.88181084920927,-0.3332235753803161,0.3595724179162403
70,0.01708984375,-12.600739319286486,164.19825487483124,-0.333220518014798,0.3575842041638566
71,0.017333984375,-12.770222520021768,165.5146989004532,-0.33321746064927993,0.35559599041147294
72,0.017578125,-12.939705720757047,166.8311429260751,-0.3332144032838187,0.3536077766591461
73,0.017822265625,-13.109188921492331,168.14758695169706,-0.3332113459183006,0.35161956290676244
74,0.01806640625,-13.278672122227611,169.464030977319,-0.33320828855283935,0.34963134915437877
75,0.018310546875,-13.448155322962894,170.78047500294093,-0.3332052311873781,0.3476431354019951
76,0.0185546875,-13.617638523698176,172.09691902856287,-0.33320217382186,0.3456549216496114
77,0.018798828125,-13.787121724433458,173.41336305418483,-0.33319911645639877,0.34366670789722775
78,0.01904296875,-13.956604925168739,174.72980707980676,-0.3331960590908807,0.3416784941449009
79,0.019287109375,-14.12608812590402,176.04625110542872,-0.33319300172541944,0.33969028039251725
80,0.01953125,-14.295571326639303,177.36269513105066,-0.33318994435990135,0.3377020666401336
81,0.019775390624999997,-14.465054527374582,178.67913915667256,-0.3331868869944401,0.3357138528877499
82,0.02001953125,-14.634537728109866,179.99558318229455,-0.333183829628922,0.33372563913536624
83,0.020263671875,-14.804020928845148,181.3120272079165,-0.3331807722634039,0.3317374253830394
84,0.0205078125,-14.97350412958043,182.6284712335384,-0.3331777148979427,0.32974921163065574
85,0.020751953125,-15.14298733031571,183.94491525916035,-0.33317465753248143,0.32776099787827206
86,0.020996093749999997,-15.312470531050993,185.2613592847823,-0.33317160016696334,0.3257727841258884
87,0.021240234375,-15.481953731786277,186.57780331040422,-0.33316854280144526,0.3237845703735047
88,0.021484375,-15.651436932521559,187.89424733602618,-0.333165485435984,0.32179635662112105
89,0.021728515625,-15.82092013325684,189.21069136164814,-0.33316242807052276,0.3198081428687942
90,0.02197265625,-15.988023062134543,190.32115901041485,-0.3331585399084247,0.31784819740232706
91,0.022216796874999997,-16.151555583225875,191.12266209389878,-0.33315340555145667,0.3159306543646494
92,0.0224609375,-16.315088104317212,191.9241651773827,-0.33314827119448864,0.3140131113270286
93,0.022705078125,-16.478620625408542,192.7256682608666,-0.3331431368375206,0.31209556828940777
94,0.02294921875,-16.64215314649988,193.52717134435048,-0.33313800248049574,0.31017802525178695
95,0.023193359375,-16.805685667591213,194.3286744278344,-0.3331328681235277,0.30826048221416613
96,0.023437500000000003,-16.969218188682547,195.13017751131835,-0.3331277337665597,0.3063429391765453
97,0.023681640625,-17.132750709773884,195.93168059480223,-0.33312259940959166,0.3044253961389245
98,0.02392578125,-17.296283230865217,196.73318367828614,-0.33311746505262363,0.3025078531013037
99,0.024169921875,-17.45981575195655,197.53468676177005,-0.3331123306956556,0.30059031006368286
100,0.0244140625,-17.62334827304788,198.33618984525395,-0.3331071963386876,0.29867276702606205
101,0.024658203125000003,-17.786880794139222,199.13769292873786,-0.33310206198171954,0.29675522398844123
102,0.02490234375,-17.950413315230552,199.93919601222177,-0.3330969276247515,0.29483768095076357
103,0.025146484375,-18.11394583632189,200.74069909570568,-0.3330917932677835,0.29292013791314275
104,0.025390625,-18.27747835741322,201.5422021791896,-0.33308665891081546,0.29100259487552194
105,0.025634765625,-18.441010878504553,202.34370526267347,-0.3330815245537906,0.2890850518379011
106,0.025878906250000003,-18.60454339959589,203.1452083461574,-0.33307639019682256,0.2871675088002803
107,0.026123046875,-18.768075920687224,203.94671142964134,-0.33307125583985453,0.2852499657626595
108,0.0263671875,-18.931608441778554,204.74821451312522,-0.3330661214828865,0.28333242272503867
109,0.026611328125,-19.095140962869895,205.54971759660916,-0.3330609871259185,0.28141487968741785
110,0.02685546875,-19.258673483961225,206.35122068009304,-0.33305585276895044,0.27949733664979703
111,0.027099609375000003,-19.422206005052562,207.15272376357694,-0.3330507184119824,0.2775797936121762
112,0.02734375,-19.585738526143896,207.95422684706088,-0.3330455840550144,0.27566225057449856
113,0.027587890625,-19.74927104723523,208.75572993054476,-0.33304044969804636,0.27374470753687774
114,0.02783203125,-19.91280356832656,209.5572330140287,-0.33303531534107833,0.2718271644992569
115,0.028076171875,-20.076336089417897,210.35873609751258,-0.3330301809841103,0.2699096214616361
116,0.028320312500000003,-20.235273956777156,210.80950104831808,-0.33302300141411934,0.2680734950754413
117,0.028564453125,-20.393063160703395,211.17258146595395,-0.3330153105409295,0.2662577228520604
118,0.02880859375,-20.550852364629634,211.53566188358985,-0.3330076196677396,0.2644419506286795
119,0.029052734375,-20.708641568555873,211.89874230122572,-0.33299992879454976,0.2626261784053554
120,0.029296875,-20.86643077248211,212.2618227188616,-0.3329922379213599,0.2608104061819745
121,0.029541015625000003,-21.02421997640835,212.62490313649747,-0.33298454704817004,0.25899463395859357
122,0.02978515625,-21.18200918033459,212.98798355413336,-0.3329768561749802,0.25717886173521265
123,0.030029296875,-21.339798384260828,213.35106397176926,-0.3329691653017903,0.2553630895118886
124,0.0302734375,-21.497587588187066,213.71414438940513,-0.33296147442860047,0.25354731728850766
125,0.030517578125,-21.6553767921133,214.077224807041,-0.3329537835554106,0.25173154506512674
126,0.030761718750000003,-21.813165996039544,214.44030522467688,-0.33294609268222075,0.24991577284174582
127,0.031005859375,-21.970955199965783,214.80338564231278,-0.3329384018090309,0.24810000061842175
128,0.03125,-22.12874440389202,215.16646605994865,-0.33293071093584103,0.24628422839504083
129,0.031494140625,-22.286533607818257,215.52954647758455,-0.3329230200626512,0.2444684561716599
130,0.03173828125,-22.444322811744495,215.8926268952204,-0.3329153291894613,0.24265268394833583
131,0.031982421875,-22.602112015670738,216.25570731285632,-0.33290763831627146,0.24083691172495492
132,0.0322265625,-22.759901219596976,216.61878773049222,-0.3328999474430816,0.239021139501574
133,0.032470703125,-22.91769042352321,216.9818681481281,-0.33289225656989174,0.23720536727819308
134,0.03271484375,-23.07547962744945,217.34494856576396,-0.3328845656967019,0.235389595054869
135,0.032958984375,-23.23326883137569,217.70802898339983,-0.332876874823512,0.2335738228314881
136,0.033203125,-23.39105803530193,218.07110940103573,-0.33286918395032217,0.23175805060810717
137,0.033447265625,-23.548847239228166,218.4341898186716,-0.3328614930771323,0.22994227838472625
138,0.03369140625,-23.706636443154405,218.7972702363075,-0.33285380220394245,0.22812650616140218
139,0.033935546875,-23.864425647080644,219.16035065394337,-0.3328461113307526,0.22631073393802126
140,0.0341796875,-24.022214851006883,219.52343107157924,-0.33283842045756273,0.22449496171464034
141,0.034423828125,-24.178877462508932,219.81459095389297,-0.33283012902165865,0.22270527437439114
142,0.03466796875,-24.331033704314212,219.818068694918,-0.3328194353349545,0.22101992656644143
143,0.034912109375,-24.48318994611949,219.82154643594305,-0.33280874164825036,0.21933457875849172
144,0.03515625,-24.63534618792477,219.8250241769681,-0.3327980479614894,0.217649230950542
145,0.035400390625,-24.78750242973005,219.82850191799318,-0.33278735427478523,0.2159638831425923
146,0.03564453125,-24.939658671535334,219.83197965901823,-0.3327766605880811,0.21427853533464258
147,0.035888671875,-25.09181491334061,219.83545740004325,-0.33276596690137694,0.21259318752669287
148,0.0361328125,-25.24397115514589,219.8389351410683,-0.3327552732146728,0.2109078397188
149,0.036376953125,-25.396127396951165,219.84241288209336,-0.33274457952796865,0.2092224919108503
150,0.03662109375,-25.548283638756445,219.8458906231184,-0.3327338858412645,0.20753714410290058
151,0.036865234375,-25.70043988056173,219.84936836414346,-0.3327231921545035,0.20585179629495087
152,0.037109375,-25.852596122367007,219.8528461051685,-0.3327124984677994,0.20416644848700116
153,0.037353515625,-26.004752364172287,219.85632384619353,-0.33270180478109523,0.20248110067905145
154,0.03759765625,-26.156908605977566,219.8598015872186,-0.3326911110943911,0.20079575287110174
155,0.037841796875,-26.309064847782846,219.86327932824364,-0.33268041740768695,0.19911040506315203
156,0.0380859375,-26.461221089588125,219.8667570692687,-0.3326697237209828,0.19742505725520232
157,0.038330078125,-26.613377331393405,219.87023481029374,-0.33265903003427866,0.19573970944730945
158,0.03857421875,-26.765533573198685,219.87371255131882,-0.3326483363475745,0.19405436163935974
159,0.038818359375,-26.917689815003968,219.87719029234384,-0.3326376426608135,0.19236901383141003
160,0.0390625,-27.069846056809247,219.8806680333689,-0.3326269489741094,0.19068366602346032
161,0.039306640625,-27.222002298614523,219.88414577439391,-0.33261625528740524,0.1889983182155106
162,0.03955078124999999,-27.3741585404198,219.88762351541897,-0.3326055616007011,0.1873129704075609
163,0.039794921875,-27.526314782225082,219.89110125644402,-0.33259486791399695,0.1856276225996112
164,0.0400390625,-27.678471024030365,219.8945789974691,-0.3325841742272928,0.18394227479166148
165,0.040283203125,-27.83062726583564,219.89805673849415,-0.33257348054058866,0.1822569269837686
166,0.04052734375,-27.98278350764092,219.90153447951917,-0.3325627868538277,0.1805715791758189
167,0.04077148437499999,-28.131558600326667,219.7359844170333,-0.3325500448880234,0.17897854079348008
168,0.041015625,-28.278079593599404,219.45774915220682,-0.3325359374027812,0.17744704202823414
169,0.041259765625,-28.42460058687214,219.17951388738032,-0.33252182991748214,0.17591554326293135
170,0.04150390625,-28.57112158014486,218.90127862255386,-0.3325077224322399,0.1743840444976854
171,0.041748046875,-28.717642573417592,218.62304335772737,-0.3324936149469977,0.17285254573243947
172,0.04199218749999999,-28.864163566690326,218.34480809290088,-0.3324795074617555,0.17132104696719352
173,0.042236328125,-29.010684559963057,218.0665728280744,-0.3324653999764564,0.16978954820189074
174,0.04248046875,-29.157205553235787,217.78833756324792,-0.3324512924912142,0.1682580494366448
175,0.042724609375,-29.303726546508514,217.51010229842146,-0.33243718500597197,0.16672655067139885
176,0.04296875,-29.45024753978125,217.23186703359494,-0.33242307752072975,0.1651950519061529
177,0.04321289062499999,-29.59676853305398,216.95363176876847,-0.3324089700354875,0.16366355314090697
178,0.04345703125,-29.743289526326706,216.675396503942,-0.33239486255018846,0.16213205437560418
179,0.043701171875,-29.88981051959944,216.39716123911552,-0.33238075506494624,0.16060055561035824
180,0.0439453125,-30.03633151287217,216.11892597428906,-0.332366647579704,0.1590690568451123
181,0.044189453125,-30.182852506144904,215.84069070946254,-0.3323525400944618,0.15753755807986636
182,0.04443359374999999,-30.329373499417624,215.56245544463607,-0.33233843260916274,0.15600605931456357
183,0.044677734375,-30.475894492690358,215.28422017980955,-0.3323243251239205,0.15447456054931763
184,0.044921875,-30.622415485963096,215.0059849149831,-0.3323102176386783,0.1529430617840717
185,0.045166015625,-30.768936479235823,214.7277496501566,-0.3322961101534361,0.15141156301882575
186,0.04541015625,-30.91545747250855,214.44951438533013,-0.332282002668137,0.14988006425352296
187,0.04565429687499999,-31.06197846578128,214.17127912050364,-0.3322678951828948,0.14834856548827702
188,0.0458984375,-31.208499459054014,213.89304385567715,-0.33225378769765257,0.14681706672303108
189,0.046142578125,-31.355020452326748,213.61480859085069,-0.33223968021241035,0.14528556795778513
190,0.04638671875,-31.501541445599475,213.3365733260242,-0.3322255727271113,0.14375406919248235
191,0.046630859375,-31.648062438872206,213.05833806119773,-0.33221146524186906,0.1422225704272364
192,0.04687500000000001,-31.79458343214494,212.7801027963712,-0.33219735775662684,0.14069107166199046
193,0.047119140625,-31.935348082725874,212.29366841641811,-0.3321794625063035,0.13932983111766362
194,0.04736328125,-32.07611273330682,211.80723403646502,-0.3321615672559801,0.13796859057333677
195,0.047607421875,-32.216877383887756,211.32079965651192,-0.3321436720057136,0.13660735002900992
196,0.0478515625,-32.3576420344687,210.8343652765588,-0.33212577675539023,0.13524610948473992
197,0.04809570312500001,-32.498406685049645,210.34793089660567,-0.33210788150506687,0.13388486894041307
198,0.04833984375,-32.63917133563058,209.8614965166526,-0.3320899862547435,0.13252362839608622
199,0.048583984375,-32.77993598621152,209.3750621366995,-0.33207209100442014,0.13116238785175938
200,0.048828125,-32.92070063679246,208.8886277567464,-0.3320541957541536,0.12980114730743253
201,0.049072265625,-33.0614652873734,208.4021933767933,-0.33203630050383026,0.12843990676310568
202,0.04931640625000001,-33.20222993795434,207.9157589968402,-0.3320184052535069,0.12707866621883568
203,0.049560546875,-33.342994588535284,207.42932461688707,-0.33200051000318354,0.12571742567450883
204,0.0498046875,-33.483759239116225,206.94289023693398,-0.3319826147528602,0.12435618513018198
205,0.050048828125,-33.624523889697166,206.4564558569809,-0.3319647195025368,0.12299494458585514
206,0.05029296875,-33.76528854027811,205.97002147702779,-0.3319468242522703,0.12163370404152829
207,0.05053710937500001,-33.90605319085905,205.48358709707466,-0.3319289290019469,0.12027246349720144
208,0.05078125,-34.04681784143999,204.99715271712157,-0.33191103375162356,0.11891122295293144
209,0.051025390625,-34.18758249202093,204.51071833716847,-0.3318931385013002,0.11754998240860459
210,0.05126953125,-34.328347142601864,204.02428395721537,-0.33187524325097684,0.11618874186427774
211,0.051513671875,-34.46911179318281,203.53784957726225,-0.3318573480007103,0.1148275013199509
212,0.05175781250000001,-34.60987644376375,203.05141519730915,-0.33183945275038695,0.11346626077562405
213,0.052001953125,-34.75064109434469,202.5649808173561,-0.3318215575000636,0.1121050202312972
214,0.05224609375,-34.891405744925635,202.07854643740293,-0.3318036622497402,0.1107437796870272
215,0.052490234375,-35.03217039550657,201.59211205744987,-0.33178576699941686,0.10938253914270035
216,0.052734375,-35.17293504608751,201.10567767749674,-0.3317678717490935,0.1080212985983735
217,0.05297851562500001,-35.31369969666846,200.61924329754365,-0.331749976498827,0.10666005805404666
218,0.05322265625,-35.45206696389385,200.07602391361388,-0.3317304318606489,0.10537037820841988
219,0.053466796875,-35.586838156085896,199.44762702371912,-0.33170841314068866,0.10418803941092847
220,0.0537109375,-35.72160934827795,198.8192301338244,-0.33168639442072845,0.10300570061338021
221,0.053955078125,-35.85638054047001,198.19083324392963,-0.33166437570076823,0.10182336181583196
222,0.05419921875000001,-35.99115173266207,197.56243635403484,-0.331642356980808,0.1006410230182837
223,0.054443359375,-36.12592292485413,196.9340394641401,-0.3316203382608478,0.09945868422073545
224,0.0546875,-36.260694117046185,196.30564257424535,-0.3315983195408876,0.0982763454231872
225,0.054931640625,-36.39546530923823,195.67724568435062,-0.33157630082092737,0.09709400662563894
226,0.05517578125,-36.530236501430295,195.04884879445584,-0.33155428210096716,0.09591166782814753
227,0.05541992187500001,-36.66500769362236,194.4204519045611,-0.33153226338100694,0.09472932903059927
228,0.0556640625,-36.79977888581441,193.79205501466637,-0.3315102446610467,0.09354699023305102
229,0.055908203125,-36.93455007800647,193.1636581247716,-0.3314882259410865,0.09236465143550276
230,0.05615234375,-37.06932127019853,192.53526123487683,-0.3314662072211263,0.09118231263795451
231,0.056396484375,-37.20409246239058,191.90686434498213,-0.3314441885011661,0.08999997384040626
232,0.05664062500000001,-37.33886365458264,191.27846745508734,-0.33142216978120587,0.088817635042858
233,0.056884765625,-37.4736348467747,190.65007056519258,-0.33140015106124565,0.08763529624530975
234,0.05712890625,-37.60840603896675,190.02167367529785,-0.33137813234128544,0.08645295744781833
235,0.057373046875,-37.7431772311588,189.39327678540312,-0.3313561136213252,0.08527061865027008
236,0.0576171875,-37.877948423350865,188.76487989550833,-0.331334094901365,0.08408827985272183
237,0.05786132812500001,-38.01271961554292,188.13648300561354,-0.3313120761814048,0.08290594105517357
238,0.05810546875,-38.14749080773498,187.50808611571884,-0.3312900574614446,0.08172360225762532
239,0.058349609375,-38.28226199992704,186.87968922582408,-0.33126803874148436,0.08054126346007706
240,0.05859375,-38.41703319211909,186.25129233592932,-0.331246020021581,0.07935892466252881
241,0.058837890625,-38.55180438431115,185.62289544603456,-0.3312240013016208,0.0781765858650374
242,0.05908203125000001,-38.68657557650321,184.99449855613983,-0.33120198258166056,0.07699424706748914
243,0.059326171875,-38.821346768695264,184.36610166624507,-0.33117996386170034,0.07581190826994089
244,0.0595703125,-38.95104943935113,183.66973867213565,-0.33115440897938697,0.07477353604065229
245,0.059814453125,-39.07948497962294,182.95638415197257,-0.33112797005651373,0.07377115545347124
246,0.06005859375,-39.207920519894756,182.24302963180946,-0.3311015311336405,0.07276877486623334
247,0.06030273437500001,-39.33635606016657,181.52967511164636,-0.33107509221076725,0.07176639427899545
248,0.060546875,-39.46479160043839,180.81632059148325,-0.331048653287894,0.0707640136918144
249,0.060791015625,-39.593227140710205,180.10296607132014,-0.3310222143650208,0.0697616331045765
250,0.06103515625,-39.721662680982014,179.3896115511571,-0.3309957754422044,0.06875925251739545
251,0.061279296875,-39.85009822125383,178.67625703099398,-0.33096933651933114,0.06775687193015756
252,0.06152343750000001,-39.978533761525654,177.96290251083084,-0.3309428975964579,0.06675449134297651
253,0.061767578125,-40.10696930179747,177.24954799066776,-0.33091645867358466,0.06575211075579546
254,0.06201171875,-40.23540484206928,176.53619347050468,-0.3308900197507114,0.06474973016855756
255,0.062255859375,-40.363840382341095,175.82283895034158,-0.3308635808278382,0.06374734958137651
256,0.0625,-40.49227592261291,175.10948443017847,-0.33083714190496494,0.06274496899413862
257,0.062744140625,-40.620711462884735,174.39612991001536,-0.3308107029820917,0.06174258840690072
258,0.06298828125,-40.749147003156544,173.6827753898523,-0.33078426405921846,0.06074020781971967
259,0.063232421875,-40.87758254342836,172.96942086968917,-0.3307578251363452,0.05973782723248178
260,0.0634765625,-41.00601808370017,172.2560663495261,-0.330731386213472,0.058735446645300726
261,0.063720703125,-41.134453623972,171.542711829363,-0.33070494729059874,0.057733066058119675
262,0.06396484375,-41.26288916424381,170.8293573091999,-0.3306785083677255,0.05673068547088178
263,0.064208984375,-41.39132470451562,170.1160027890368,-0.3306520694449091,0.05572830488370073
264,0.064453125,-41.51976024478744,169.4026482688737,-0.33062563052203586,0.054725924296462836
265,0.064697265625,-41.64819578505925,168.6892937487106,-0.3305991915991626,0.053723543709281785
266,0.06494140625,-41.776631325331074,167.97593922854747,-0.3305727526762894,0.05272116312204389
267,0.065185546875,-41.90506686560289,167.2625847083844,-0.33054631375341614,0.051718782534805996
268,0.0654296875,-42.0335024058747,166.54923018822132,-0.3305198748305429,0.050716401947624945
269,0.065673828125,-42.160584922964546,165.82825654330918,-0.3304925003356516,0.04974888491818774
270,0.06591796875,-42.28225534732648,165.07680639940114,-0.3304613835527448,0.04892082211966908
271,0.066162109375,-42.40392577168843,164.32535625549303,-0.330430266769838,0.04809275932120727
272,0.06640625,-42.52559619605038,163.5739061115849,-0.33039914998698805,0.04726469652268861
273,0.066650390625,-42.647266620412324,162.8224559676768,-0.33036803320408126,0.046436633724226795
274,0.06689453125,-42.768937044774276,162.07100582376867,-0.33033691642117446,0.045608570925708136
275,0.067138671875,-42.890607469136214,161.3195556798606,-0.33030579963826767,0.04478050812724632
276,0.0673828125,-43.01227789349816,160.5681055359525,-0.3302746828553609,0.04395244532872766
277,0.067626953125,-43.13394831786011,159.81665539204437,-0.3302435660724541,0.04312438253026585
278,0.06787109375,-43.255618742222055,159.06520524813627,-0.3302124492895473,0.04229631973174719
279,0.068115234375,-43.37728916658399,158.31375510422814,-0.33018133250669734,0.041468256933285375
280,0.068359375,-43.49895959094594,157.5623049603201,-0.33015021572379055,0.040640194134766716
281,0.068603515625,-43.62063001530789,156.810854816412,-0.33011909894088376,0.0398121313363049
282,0.06884765625,-43.742300439669826,156.05940467250386,-0.33008798215797697,0.03898406853778624
283,0.069091796875,-43.86397086403177,155.30795452859576,-0.3300568653750702,0.03815600573932443
284,0.0693359375,-43.98564128839372,154.55650438468763,-0.3300257485921634,0.03732794294080577
285,0.069580078125,-44.10731171275566,153.80505424077955,-0.3299946318092566,0.036499880142343955
286,0.06982421875,-44.228982137117605,153.05360409687145,-0.3299635150263498,0.035671817343825296
287,0.070068359375,-44.350652561479556,152.30215395296332,-0.32993239824349985,0.03484375454536348
288,0.0703125,-44.4723229858415,151.55070380905522,-0.32990128146059305,0.03401569174684482
289,0.070556640625,-44.59399341020345,150.7992536651471,-0.32987016467768626,0.03318762894838301
290,0.07080078125,-44.71566383456539,150.04780352123905,-0.32983904789477947,0.03235956614986435
291,0.071044921875,-44.837334258927335,149.29635337733095,-0.3298079311118727,0.031531503351402534
292,0.0712890625,-44.95900468328929,148.54490323342281,-0.3297768143289659,0.030703440552883876
293,0.071533203125,-45.080675107651224,147.7934530895147,-0.3297456975460591,0.02987537775442206
294,0.07177734375,-45.20234553201317,147.0420029456066,-0.32971458076320914,0.029047314955903403
295,0.072021484375,-45.31966067494754,146.28973577621412,-0.32968052576876516,0.028317241343359
296,0.072265625,-45.4340722969302,145.53692392316538,-0.32964451196659184,0.027652493854873228
297,0.072509765625,-45.548483918912865,144.78411207011663,-0.32960849816447535,0.02698774636633061
298,0.07275390625,-45.662895540895526,144.03130021706792,-0.329572484362302,0.026322998877787995
299,0.072998046875,-45.77730716287819,143.27848836401915,-0.32953647056018553,0.02565825138924538
300,0.0732421875,-45.89171878486085,142.52567651097047,-0.3295004567580122,0.024993503900702763
301,0.073486328125,-46.00613040684352,141.7728646579217,-0.3294644429558957,0.024328756412160146
302,0.07373046875,-46.12054202882617,141.02005280487293,-0.3294284291537224,0.02366400892361753
303,0.073974609375,-46.23495365080883,140.26724095182425,-0.3293924153516059,0.022999261435074914
304,0.07421875,-46.349365272791495,139.51442909877548,-0.3293564015494326,0.022334513946532297
305,0.074462890625,-46.463776894774156,138.76161724572677,-0.3293203877473161,0.02166976645798968
306,0.07470703125,-46.578188516756825,138.00880539267803,-0.32928437394514276,0.021005018969447065
307,0.074951171875,-46.692600138739486,137.25599353962926,-0.32924836014296943,0.020340271480904448
308,0.0751953125,-46.80701176072214,136.50318168658058,-0.32921234634085295,0.019675523992361832
309,0.075439453125,-46.9214233827048,135.7503698335318,-0.3291763325386796,0.019010776503819216
310,0.07568359375,-47.03583500468746,134.9975579804831,-0.32914031873656313,0.0183460290152766
311,0.075927734375,-47.15024662667013,134.24474612743435,-0.32910430493444665,0.017681281526733983
312,0.076171875,-47.26465824865279,133.49193427438559,-0.3290682911322733,0.017016534038191367
313,0.076416015625,-47.379069870635455,132.73912242133687,-0.32903227733015683,0.016351786549705594
314,0.07666015625,-47.493481492618116,131.98631056828813,-0.3289962635279835,0.015687039061162977
315,0.076904296875,-47.60789311460077,131.23349871523942,-0.328960249725867,0.015022291572620361
316,0.0771484375,-47.72230473658344,130.48068686219068,-0.3289242359236937,0.014357544084077745
317,0.077392578125,-47.8367163585661,129.72787500914194,-0.32888822212152036,0.013692796595535128
318,0.07763671875,-47.95112798054876,128.9750631560932,-0.32885220831940387,0.013028049106992512
319,0.077880859375,-48.06553960253142,128.2222513030445,-0.32881619451723054,0.012363301618449896
320,0.078125,-48.179951224514085,127.46943944999575,-0.32878018071511406,0.01169855412990728
321,0.078369140625,-48.286572677883335,126.74258293406581,-0.32873908788161543,0.011182277887996861
322,0.07861328125,-48.39319413125258,126.0157264181359,-0.32869799504817365,0.010666001646143286
323,0.078857421875,-48.499815584621835,125.28886990220597,-0.32865690221467503,0.010149725404232868
324,0.07910156249999999,-48.60643703799108,124.5620133862761,-0.32861580938123325,0.00963344916232245
325,0.079345703125,-48.713058491360336,123.83515687034621,-0.3285747165477346,0.009117172920468875
326,0.07958984375,-48.819679944729586,123.1083003544163,-0.32853362371429284,0.008600896678558456
327,0.079833984375,-48.926301398098836,122.38144383848638,-0.3284925308807942,0.008084620436648038
328,0.080078125,-49.032922851468086,121.65458732255645,-0.3284514380472956,0.007568344194794463
329,0.08032226562499999,-49.13954430483734,120.92773080662658,-0.3284103452138538,0.007052067952884045
330,0.08056640625,-49.24616575820659,120.20087429069667,-0.3283692523803552,0.006535791710973626
331,0.080810546875,-49.35278721157584,119.47401777476674,-0.3283281595469134,0.006019515469120051
332,0.0810546875,-49.45940866494509,118.74716125883683,-0.3282870667134148,0.005503239227209633
333,0.081298828125,-49.56603011831434,118.0203047429069,-0.328245973879973,0.004986962985299215
334,0.08154296874999999,-49.67265157168359,117.29344822697706,-0.3282048810464744,0.00447068674344564
335,0.081787109375,-49.779273025052845,116.56659171104714,-0.3281637882130326,0.0039544105015352216
336,0.08203125,-49.885894478422095,115.83973519511723,-0.328122695379534,0.0034381342596816467
337,0.082275390625,-49.992515931791345,115.1128786791873,-0.32808160254603536,0.0029218580177712283
338,0.08251953125,-50.09913738516059,114.38602216325738,-0.3280405097125936,0.00240558177586081
339,0.08276367187499999,-50.20575883852984,113.65916564732751,-0.32799941687909495,0.0018893055340072351
340,0.0830078125,-50.31238029189909,112.9323091313976,-0.32795832404565317,0.0013730292920968168
341,0.083251953125,-50.419001745268346,112.20545261546766,-0.32791723121215455,0.0008567530501863985
342,0.08349609375,-50.5256231986376,111.47859609953775,-0.32787613837871277,0.00034047680833282357
343,0.083740234375,-50.63224465200685,110.75173958360784,-0.32783504554521414,-0.00017579943357759475
344,0.08398437499999999,-50.7388661053761,110.02488306767799,-0.32779395271177236,-0.0006920756754880131
345,0.084228515625,-50.84548755874535,109.29802655174807,-0.32775285987827374,-0.001208351917341588
346,0.08447265625,-50.948776626666785,108.58917214904208,-0.32770967659837424,-0.0016721158618793197
347,0.084716796875,-51.047067116416514,107.90732091617201,-0.3276633576489303,-0.0020571113602727564
348,0.0849609375,-51.145357606166236,107.22546968330194,-0.3276170386994295,-0.0024421068587230366
349,0.08520507812499999,-51.24364809591596,106.54361845043191,-0.32757071974998553,-0.0028271023571733167
350,0.08544921875,-51.34193858566568,105.86176721756182,-0.3275244008004847,-0.0032120978555667534
351,0.085693359375,-51.440229075415395,105.17991598469176,-0.32747808185104077,-0.0035970933540170336
352,0.0859375,-51.53851956516513,104.49806475182169,-0.32743176290153997,-0.003982088852467314
353,0.086181640625,-51.63681005491486,103.81621351895161,-0.327385443952096,-0.00436708435086075
354,0.08642578124999999,-51.73510054466457,103.1343622860816,-0.3273391250025952,-0.0047520798493110306
355,0.086669921875,-51.8333910344143,102.45251105321151,-0.32729280605315125,-0.005137075347704467
356,0.0869140625,-51.93168152416402,101.77065982034145,-0.32724648710365045,-0.005522070846154747
357,0.087158203125,-52.02997201391374,101.08880858747136,-0.3272001681542065,-0.0059070663446050276
358,0.08740234375,-52.12826250366347,100.40695735460129,-0.3271538492047057,-0.006292061842998464
359,0.08764648437499999,-52.226552993413186,99.72510612173127,-0.32710753025526174,-0.006677057341448744
360,0.087890625,-52.324843483162915,99.04325488886118,-0.32706121130576093,-0.007062052839842181
361,0.088134765625,-52.42313397291264,98.36140365599111,-0.327014892356317,-0.007447048338292461
362,0.08837890625,-52.52142446266237,97.67955242312105,-0.3269685734068162,-0.007832043836742741
363,0.088623046875,-52.61971495241209,96.99770119025098,-0.3269222544573154,-0.008217039335136178
364,0.08886718749999999,-52.71800544216181,96.31584995738096,-0.3268759355078714,-0.008602034833586458
365,0.089111328125,-52.81629593191153,95.63399872451087,-0.3268296165583706,-0.008987030331979895
366,0.08935546875,-52.91458642166126,94.95214749164079,-0.32678329760892666,-0.009372025830430175
367,0.089599609375,-53.01287691141098,94.27029625877071,-0.32673697865942586,-0.009757021328880455
368,0.08984375,-53.11116740116071,93.58844502590065,-0.3266906597099819,-0.010142016827273892
369,0.09008789062499999,-53.20945789091043,92.90659379303062,-0.3266443407604811,-0.010527012325724172
370,0.09033203125,-53.30774838066015,92.22474256016055,-0.32659802181103714,-0.010912007824117609
371,0.090576171875,-53.40603887040988,91.54289132729048,-0.32655170286153634,-0.011297003322567889
372,0.0908203125,-53.49724699941448,90.90675589470567,-0.3265011107494047,-0.0115915437388594
373,0.091064453125,-53.586684538232795,90.28204941219218,-0.3264494503466153,-0.011863470384582797
374,0.09130859374999999,-53.67612207705111,89.65734292967872,-0.3263977899437691,-0.012135397030306194
375,0.091552734375,-53.765559615869435,89.03263644716523,-0.32634612954097975,-0.012407323676086435
376,0.091796875,-53.85499715468776,88.40792996465174,-0.32629446913813354,-0.012679250321809832
377,0.092041015625,-53.94443469350608,87.78322348213825,-0.32624280873534417,-0.012951176967533229
378,0.09228515625,-54.03387223232439,87.15851699962474,-0.32619114833249796,-0.013223103613256626
379,0.09252929687499999,-54.123309771142715,86.5338105171113,-0.3261394879297086,-0.013495030259036866
380,0.0927734375,-54.21274730996104,85.9091040345978,-0.3260878275268624,-0.013766956904760264
381,0.093017578125,-54.30218484877936,85.28439755208433,-0.326036167124073,-0.01403888355048366
382,0.09326171875,-54.391622387597685,84.65969106957081,-0.3259845067212268,-0.014310810196207058
383,0.093505859375,-54.481059926415995,84.03498458705731,-0.32593284631843744,-0.014582736841987298
384,0.09375000000000001,-54.570497465234325,83.41027810454383,-0.32588118591559123,-0.014854663487710695
385,0.093994140625,-54.659935004052635,82.78557162203039,-0.32582952551280187,-0.015126590133434092
386,0.09423828125,-54.74937254287096,82.16086513951687,-0.3257778651100125,-0.015398516779214333
387,0.094482421875,-54.838810081689275,81.53615865700338,-0.3257262047071663,-0.01567044342493773
388,0.0947265625,-54.9282476205076,80.9114521744899,-0.3256745443043769,-0.015942370070661127
389,0.09497070312500001,-55.01768515932592,80.28674569197639,-0.3256228839015307,-0.016214296716384524
390,0.09521484375,-55.10712269814424,79.66203920946295,-0.32557122349874135,-0.016486223362164765
391,0.095458984375,-55.19656023696256,79.03733272694944,-0.32551956309589514,-0.016758150007888162
392,0.095703125,-55.28599777578087,78.41262624443597,-0.32546790269310577,-0.01703007665361156
393,0.095947265625,-55.3754353145992,77.78791976192247,-0.32541624229025956,-0.017302003299334956
394,0.09619140625000001,-55.46487285341752,77.16321327940896,-0.3253645818874702,-0.017573929945115196
395,0.096435546875,-55.55431039223584,76.53850679689553,-0.325312921484624,-0.017845856590838594
396,0.0966796875,-55.64374793105415,75.91380031438203,-0.3252612610818346,-0.01811778323656199
397,0.096923828125,-55.73131958157399,75.30184542842345,-0.3252085148287165,-0.018370727531930697
398,0.09716796875,-55.811427678899875,74.74089692868442,-0.32515142517422646,-0.018547742425766955
399,0.09741210937500001,-55.891535776225766,74.1799484289454,-0.3250943355197933,-0.018724757319660057
400,0.09765625,-55.97164387355165,73.61899992920644,-0.32503724586530325,-0.018901772213496315
401,0.097900390625,-56.05175197087753,73.05805142946741,-0.32498015621087006,-0.019078787107332573
402,0.09814453125,-56.13186006820342,72.4971029297284,-0.32492306655638004,-0.019255802001225675
403,0.098388671875,-56.211968165529306,71.93615442998937,-0.32486597690194685,-0.019432816895061933
404,0.09863281250000001,-56.2920762628552,71.37520593025036,-0.32480888724751367,-0.01960983178889819
405,0.098876953125,-56.37218436018107,70.81425743051139,-0.32475179759302364,-0.019786846682791293
406,0.09912109375,-56.452292457506964,70.25330893077236,-0.32469470793859045,-0.01996386157662755
407,0.099365234375,-56.532400554832854,69.69236043103335,-0.3246376182841004,-0.02014087647046381
408,0.099609375,-56.61250865215874,69.13141193129434,-0.32458052862966724,-0.02031789136435691
409,0.09985351562500001,-56.69261674948463,68.57046343155531,-0.3245234389751772,-0.02049490625819317
410,0.10009765625,-56.77272484681051,68.00951493181634,-0.32446634932074403,-0.020671921152029427
411,0.100341796875,-56.852832944136395,67.44856643207731,-0.32440925966631085,-0.020848936045865685
412,0.1005859375,-56.932941041462286,66.88761793233832,-0.3243521700118208,-0.021025950939758786
413,0.100830078125,-57.01304913878817,66.32666943259929,-0.32429508035738763,-0.021202965833595044
414,0.10107421875000001,-57.09315723611406,65.76572093286026,-0.3242379907028976,-0.021379980727431303
415,0.101318359375,-57.173265333439936,65.20477243312129,-0.3241809010484644,-0.021556995621324404
416,0.1015625,-57.253373430765826,64.64382393338228,-0.3241238113939744,-0.021734010515160662
417,0.101806640625,-57.33348152809172,64.08287543364327,-0.3240667217395412,-0.02191102540899692
418,0.10205078125,-57.4135896254176,63.52192693390424,-0.324009632085108,-0.022088040302890022
419,0.10229492187500001,-57.49369772274349,62.96097843416521,-0.323952542430618,-0.02226505519672628
420,0.1025390625,-57.573805820069374,62.40002993442624,-0.3238954527761848,-0.022442070090562538
421,0.102783203125,-57.65391391739525,61.83908143468723,-0.3238383631216948,-0.02261908498445564
422,0.10302734375,-57.73402201472115,61.27813293494822,-0.3237812734672616,-0.022796099878291898
423,0.103271484375,-57.80828810734006,60.75686654610763,-0.3237208869516053,-0.022926547416773246
424,0.10351562500000001,-57.878659530154316,60.262054897865994,-0.32365830252854266,-0.023025950051760447
425,0.103759765625,-57.94903095296859,59.7672432496244,-0.3235957181054232,-0.023125352686690803
426,0.10400390625,-58.01940237578285,59.27243160138276,-0.3235331336823606,-0.02322475532162116
427,0.104248046875,-58.08977379859712,58.77761995314113,-0.3234705492592411,-0.023324157956551517
428,0.1044921875,-58.16014522141139,58.28280830489949,-0.32340796483612166,-0.023423560591481873
429,0.10473632812500001,-58.23051664422565,57.78799665665786,-0.32334538041305905,-0.02352296322641223
430,0.10498046875,-58.30088806703991,57.29318500841626,-0.3232827959899396,-0.02362236586139943
431,0.105224609375,-58.371259489854175,56.79837336017464,-0.32322021156687697,-0.023721768496329787
432,0.10546875,-58.441630912668444,56.303561711933,-0.3231576271437575,-0.023821171131260144
433,0.105712890625,-58.51200233548271,55.80875006369136,-0.3230950427206949,-0.0239205737661905
434,0.10595703125000001,-58.58237375829698,55.31393841544973,-0.32303245829757543,-0.024019976401120857
435,0.106201171875,-58.652745181111236,54.81912676720813,-0.32296987387445597,-0.024119379036108057
436,0.1064453125,-58.72311660392551,54.3243151189665,-0.32290728945139335,-0.024218781671038414
437,0.106689453125,-58.79348802673977,53.829503470724866,-0.3228447050282739,-0.02431818430596877
438,0.10693359375,-58.86385944955404,53.334691822483244,-0.3227821206052113,-0.024417586940899128
439,0.10717773437500001,-58.93423087236832,52.83988017424161,-0.3227195361820918,-0.024516989575829484
440,0.107421875,-59.00460229518257,52.34506852600001,-0.3226569517590292,-0.024616392210816684
441,0.107666015625,-59.074973717996826,51.850256877758376,-0.32259436733590974,-0.02471579484574704
442,0.10791015625,-59.145345140811095,51.35544522951674,-0.3225317829127903,-0.024815197480677398
443,0.108154296875,-59.21571656362537,50.8606335812751,-0.32246919848972766,-0.024914600115607755
444,0.10839843750000001,-59.28608798643963,50.365821933033466,-0.3224066140666082,-0.02501400275053811
445,0.108642578125,-59.3564594092539,49.87101028479187,-0.3223440296435456,-0.025113405385468468
446,0.10888671875,-59.426830832068156,49.37619863655024,-0.3222814452204261,-0.025212808020455668
447,0.109130859375,-59.49720225488243,48.88138698830861,-0.3222188607973635,-0.025312210655386025
448,0.109375,-59.56757367769669,48.38657534006698,-0.32215627637424404,-0.02541161329031638
449,0.10961914062500001,-59.62789032628831,47.957176478910384,-0.3220881476891577,-0.025449302531853846
450,0.10986328125,-59.68820697487993,47.52777761775382,-0.3220200190040714,-0.025486991773448153
451,0.110107421875,-59.74852362347155,47.09837875659722,-0.3219518903189851,-0.025524681014985617
452,0.1103515625,-59.80884027206317,46.66897989544063,-0.3218837616338419,-0.025562370256579925
453,0.110595703125,-59.869156920654795,46.23958103428403,-0.3218156329487556,-0.02560005949811739
454,0.11083984375000001,-59.92947356924642,45.81018217312742,-0.32174750426366927,-0.025637748739654853
455,0.111083984375,-59.989790217838035,45.38078331197086,-0.32167937557858295,-0.02567543798124916
456,0.111328125,-60.05010686642966,44.95138445081427,-0.3216112468934966,-0.025713127222786625
457,0.111572265625,-60.11042351502128,44.521985589657675,-0.3215431182084103,-0.02575081646432409
458,0.11181640625,-60.1707401636129,44.092586728501075,-0.32147498952326714,-0.025788505705918396
459,0.11206054687500001,-60.23105681220452,43.663187867344476,-0.3214068608381808,-0.02582619494745586
460,0.1123046875,-60.29137346079614,43.233789006187905,-0.3213387321530945,-0.025863884189050168
461,0.112548828125,-60.35169010938776,42.80439014503132,-0.3212706034680082,-0.025901573430587632
462,0.11279296875,-60.41200675797937,42.37499128387472,-0.32120247478292185,-0.025939262672125096
463,0.113037109375,-60.472323406571,41.945592422718114,-0.32113434609783553,-0.025976951913719404
464,0.11328125000000001,-60.532640055162624,41.516193561561515,-0.32106621741269237,-0.026014641155256868
465,0.113525390625,-60.59295670375425,41.08679470040495,-0.32099808872760605,-0.026052330396794332
466,0.11376953125,-60.653273352345856,40.65739583924836,-0.3209299600425197,-0.02609001963838864
467,0.114013671875,-60.71359000093749,40.22799697809176,-0.3208618313574334,-0.026127708879926104
468,0.1142578125,-60.77390664952911,39.79859811693517,-0.3207937026723471,-0.02616539812152041
469,0.11450195312500001,-60.834223298120726,39.36919925577857,-0.32072557398726076,-0.026203087363057875
470,0.11474609375,-60.89453994671234,38.939800394622,-0.3206574453021176,-0.02624077660459534
471,0.114990234375,-60.954856595303966,38.51040153346541,-0.3205893166170313,-0.026278465846189647
472,0.115234375,-61.01517324389559,38.08100267230881,-0.32052118793194495,-0.02631615508772711
473,0.115478515625,-61.07548989248721,37.65160381115221,-0.32045305924685863,-0.026353844329264575
474,0.11572265625000001,-61.13169913133364,37.2472165236498,-0.3203826966227439,-0.026372519915867088
475,0.115966796875,-61.18174725556229,36.88034659662868,-0.32030898309017175,-0.02636267501986822
476,0.1162109375,-61.231795379790924,36.513476669607535,-0.3202352695575428,-0.026352830123926196
477,0.116455078125,-61.28184350401957,36.146606742586386,-0.32016155602497065,-0.026342985227984173
478,0.11669921875,-61.33189162824823,35.779736815565236,-0.3200878424923417,-0.02633314033204215
479,0.11694335937500001,-61.381939752476875,35.412866888544094,-0.32001412895976955,-0.026323295436100125
480,0.1171875,-61.43198787670552,35.04599696152297,-0.3199404154271406,-0.026313450540101258
481,0.117431640625,-61.48203600093417,34.67912703450182,-0.31986670189456845,-0.026303605644159234
482,0.11767578125,-61.53208412516282,34.312257107480676,-0.3197929883619963,-0.02629376074821721
483,0.117919921875,-61.58213224939146,33.94538718045953,-0.31971927482936735,-0.026283915852275186
484,0.11816406250000001,-61.6321803736201,33.57851725343838,-0.3196455612967952,-0.026274070956333162
485,0.118408203125,-61.682228497848755,33.21164732641726,-0.31957184776416625,-0.026264226060391138
486,0.11865234375,-61.73227662207741,32.84477739939611,-0.3194981342315941,-0.02625438116439227
487,0.118896484375,-61.78232474630605,32.47790747237496,-0.31942442069896515,-0.026244536268450247
488,0.119140625,-61.832372870534705,32.11103754535382,-0.319350707166393,-0.026234691372508223
489,0.11938476562500001,-61.88242099476334,31.744167618332668,-0.31927699363376405,-0.0262248464765662
490,0.11962890625,-61.93246911899199,31.377297691311544,-0.3192032801011919,-0.026215001580624175
491,0.119873046875,-61.982517243220634,31.010427764290398,-0.3191295665686198,-0.02620515668468215
492,0.1201171875,-62.03256536744929,30.64355783726925,-0.3190558530359908,-0.026195311788683284
493,0.120361328125,-62.08261349167793,30.2766879102481,-0.3189821395034187,-0.02618546689274126
494,0.12060546875000001,-62.132661615906585,29.90981798322696,-0.3189084259707897,-0.026175621996799237
495,0.120849609375,-62.182709740135216,29.542948056205834,-0.3188347124382176,-0.026165777100857213
496,0.12109375,-62.23275786436387,29.176078129184685,-0.3187609989055886,-0.02615593220491519
497,0.121337890625,-62.28280598859252,28.809208202163543,-0.3186872853730165,-0.026146087308973165
498,0.12158203125,-62.33285411282117,28.442338275142394,-0.3186135718403875,-0.026136242412974298
499,0.12182617187500001,-62.38290223704982,28.075468348121245,-0.3185398583078154,-0.026126397517032274
500,0.1220703125,-62.424656157233926,27.755190232242484,-0.318461645375578,-0.026088380908674935
501,0.122314453125,-62.46433652640692,27.446560069149285,-0.31838230759342423,-0.026043321372185346
502,0.12255859375,-62.50401689557989,27.137929906056083,-0.3183029698112705,-0.025998261835695757
503,0.122802734375,-62.54369726475288,26.829299742962885,-0.31822363202911674,-0.02595320229920617
504,0.12304687500000001,-62.583377633925856,26.520669579869683,-0.318144294246963,-0.02590814276271658
505,0.123291015625,-62.62305800309884,26.212039416776506,-0.3180649564648661,-0.02586308322622699
506,0.12353515625,-62.66273837227181,25.90340925368331,-0.31798561868271236,-0.0258180236897374
507,0.123779296875,-62.7024187414448,25.59477909059011,-0.3179062809005586,-0.025772964153247813
508,0.1240234375,-62.74209911061779,25.28614892749691,-0.31782694311840487,-0.025727904616758224
509,0.12426757812500001,-62.78177947979078,24.977518764403708,-0.3177476053362511,-0.025682845080268635
510,0.12451171875,-62.82145984896375,24.66888860131053,-0.3176682675540974,-0.025637785543779046
511,0.124755859375,-62.861140218136725,24.360258438217336,-0.31758892977194364,-0.025592726007289457
512,0.125,-62.90082058730971,24.051628275124134,-0.31750959198984674,-0.025547666470799868
513,0.125244140625,-62.940500956482694,23.742998112030932,-0.317430254207693,-0.02550260693431028
514,0.12548828125,-62.98018132565567,23.434367948937734,-0.31735091642553925,-0.02545754739782069
515,0.125732421875,-63.019861694828656,23.125737785844557,-0.3172715786433855,-0.0254124878613311
516,0.1259765625,-63.05954206400165,22.817107622751358,-0.31719224086123177,-0.025367428324841512
517,0.126220703125,-63.09922243317462,22.50847745965816,-0.317112903079078,-0.025322368788351923
518,0.12646484375,-63.13890280234761,22.199847296564958,-0.3170335652969243,-0.025277309251862334
519,0.126708984375,-63.178583171520586,21.89121713347176,-0.31695422751477054,-0.025232249715372745
520,0.126953125,-63.21826354069357,21.58258697037858,-0.31687488973267364,-0.025187190178883156
521,0.127197265625,-63.25794390986654,21.273956807285384,-0.3167955519505199,-0.025142130642393568
522,0.12744140625,-63.29762427903953,20.965326644192185,-0.31671621416836615,-0.02509707110590398
523,0.127685546875,-63.337304648212516,20.656696481098983,-0.3166368763862124,-0.02505201156941439
524,0.1279296875,-63.37698501738551,20.34806631800578,-0.31655753860405866,-0.0250069520329248
525,0.128173828125,-63.4145959022225,20.05006158777533,-0.31647706673419407,-0.024956940091442448
526,0.12841796875,-63.443928849715626,19.79455858899574,-0.3163920585135429,-0.024887118530102725
527,0.128662109375,-63.47326179720874,19.539055590216154,-0.3163070502928349,-0.02481729696870616
528,0.12890625,-63.50259474470186,19.28355259143657,-0.3162220420721269,-0.024747475407309594
529,0.129150390625,-63.53192769219498,19.028049592656984,-0.3161370338514189,-0.02467765384596987
530,0.12939453125,-63.56126063968809,18.772546593877415,-0.31605202563076773,-0.024607832284573306
531,0.129638671875,-63.590593587181196,18.517043595097828,-0.3159670174100597,-0.024538010723233583
532,0.1298828125,-63.61992653467431,18.261540596318245,-0.3158820091893517,-0.024468189161837017
533,0.130126953125,-63.64925948216743,18.006037597538658,-0.3157970009686437,-0.02439836760044045
534,0.13037109375,-63.67859242966055,17.75053459875907,-0.3157119927479357,-0.02432854603910073
535,0.130615234375,-63.707925377153664,17.495031599979505,-0.31562698452728455,-0.024258724477704163
536,0.130859375,-63.73725832464679,17.23952860119992,-0.31554197630657654,-0.024188902916307597
537,0.131103515625,-63.766591272139905,16.98402560242033,-0.31545696808586854,-0.024119081354967875
538,0.13134765625,-63.79592421963302,16.728522603640744,-0.31537195986516053,-0.02404925979357131
539,0.131591796875,-63.82525716712614,16.47301960486116,-0.3152869516445094,-0.023979438232174743
540,0.1318359375,-63.854590114619256,16.217516606081592,-0.31520194342380137,-0.02390961667083502
541,0.132080078125,-63.88392306211237,15.962013607302005,-0.31511693520309336,-0.023839795109438455
542,0.13232421875,-63.91325600960549,15.706510608522418,-0.31503192698238536,-0.02376997354804189
543,0.132568359375,-63.94258895709861,15.451007609742835,-0.3149469187617342,-0.023700151986702167
544,0.1328125,-63.971921904591724,15.195504610963248,-0.3148619105410262,-0.0236303304253056
545,0.133056640625,-64.00125485208484,14.940001612183679,-0.3147769023203182,-0.023560508863909035
546,0.13330078125,-64.03058779957796,14.684498613404095,-0.3146918940996102,-0.023490687302569313
547,0.133544921875,-64.05992074707108,14.428995614624508,-0.314606885878959,-0.023420865741172747
548,0.1337890625,-64.08925369456419,14.173492615844921,-0.314521877658251,-0.02335104417977618
549,0.134033203125,-64.11858664205731,13.917989617065338,-0.314436869437543,-0.02328122261843646
550,0.13427734375,-64.14791958955043,13.66248661828577,-0.314351861216835,-0.023211401057039893
551,0.134521484375,-64.17112808048604,13.435558426488136,-0.31426341429869353,-0.023131924561198502
552,0.134765625,-64.19025360038334,13.227680106011807,-0.3141726749155396,-0.023046011442374947
553,0.135009765625,-64.20937912028064,13.019801785535476,-0.3140819355323856,-0.022960098323551392
554,0.13525390625,-64.22850464017795,12.811923465059147,-0.31399119614923165,-0.022874185204727837
555,0.135498046875,-64.24763016007525,12.604045144582832,-0.3139004567660777,-0.022788272085904282
556,0.1357421875,-64.26675567997253,12.396166824106501,-0.31380971738292374,-0.022702358967080727
557,0.135986328125,-64.28588119986985,12.188288503630172,-0.3137189779998266,-0.022616445848257172
558,0.13623046875,-64.30500671976715,11.980410183153841,-0.31362823861667266,-0.022530532729433617
559,0.136474609375,-64.32413223966445,11.772531862677512,-0.3135374992335187,-0.02244461961061006
560,0.13671875,-64.34325775956175,11.564653542201198,-0.31344675985036474,-0.022358706491786506
561,0.136962890625,-64.36238327945904,11.356775221724867,-0.3133560204672108,-0.02227279337296295
562,0.13720703125,-64.38150879935634,11.148896901248538,-0.3132652810840568,-0.022186880254139396
563,0.137451171875,-64.40063431925364,10.941018580772209,-0.31317454170090286,-0.02210096713531584
564,0.1376953125,-64.41975983915094,10.733140260295878,-0.3130838023177489,-0.02201505401654913
565,0.137939453125,-64.43888535904823,10.525261939819563,-0.31299306293459495,-0.021929140897725574
566,0.13818359375,-64.45801087894553,10.317383619343232,-0.312902323551441,-0.02184322777890202
567,0.138427734375,-64.47713639884283,10.109505298866903,-0.312811584168287,-0.021757314660078464
568,0.138671875,-64.49626191874013,9.901626978390574,-0.31272084478513307,-0.02167140154125491
569,0.138916015625,-64.51538743863745,9.693748657914243,-0.3126301054019791,-0.021585488422431354
570,0.13916015625,-64.53451295853473,9.48587033743793,-0.312539366018882,-0.0214995753036078
571,0.139404296875,-64.55363847843203,9.2779920169616,-0.31244862663572803,-0.021413662184784243
572,0.1396484375,-64.57276399832934,9.070113696485269,-0.3123578872525741,-0.02132774906596069
573,0.139892578125,-64.59188951822664,8.86223537600894,-0.3122671478694201,-0.021241835947137133
574,0.14013671875,-64.61101503812394,8.65435705553261,-0.31217640848626615,-0.021155922828313578
575,0.140380859375,-64.63014055802122,8.446478735056296,-0.3120856691031122,-0.021070009709490023
576,0.140625,-64.64926607791853,8.238600414579965,-0.31199492971995824,-0.020984096590666468
577,0.140869140625,-64.6584393864715,8.072766275908789,-0.3118983769434749,-0.020889122737571597
578,0.14111328125,-64.66761269502446,7.906932137237614,-0.31180182416699154,-0.020794148884476726
579,0.141357421875,-64.67678600357745,7.741097998566439,-0.31170527139056503,-0.020699175031381856
580,0.1416015625,-64.68595931213042,7.575263859895275,-0.3116087186140817,-0.020604201178286985
581,0.141845703125,-64.69513262068338,7.4094297212241,-0.31151216583759833,-0.020509227325248958
582,0.14208984375,-64.70430592923637,7.243595582552925,-0.311415613061115,-0.020414253472154087
583,0.142333984375,-64.71347923778934,7.077761443881749,-0.31131906028463163,-0.020319279619059216
584,0.142578125,-64.7226525463423,6.9119273052105745,-0.3112225075082051,-0.020224305765964345
585,0.142822265625,-64.73182585489529,6.74609316653941,-0.3111259547317218,-0.020129331912869475
586,0.14306640625,-64.74099916344827,6.580259027868236,-0.3110294019552384,-0.020034358059774604
587,0.143310546875,-64.75017247200124,6.41442488919706,-0.3109328491787551,-0.019939384206679733
588,0.1435546875,-64.75934578055421,6.248590750525885,-0.31083629640227173,-0.019844410353584863
589,0.143798828125,-64.76851908910719,6.08275661185471,-0.3107397436258452,-0.019749436500489992
590,0.14404296875,-64.77769239766016,5.916922473183545,-0.31064319084936187,-0.019654462647451965
591,0.144287109375,-64.78686570621313,5.751088334512371,-0.3105466380728785,-0.019559488794357094
592,0.14453125,-64.79603901476611,5.585254195841196,-0.3104500852963952,-0.019464514941262223
593,0.144775390625,-64.8052123233191,5.41942005717002,-0.3103535325199118,-0.019369541088167352
594,0.14501953125,-64.81438563187206,5.253585918498846,-0.3102569797434853,-0.01927456723507248
595,0.145263671875,-64.82355894042503,5.087751779827681,-0.31016042696700197,-0.01917959338197761
596,0.1455078125,-64.83273224897802,4.921917641156506,-0.3100638741905186,-0.01908461952888274
597,0.145751953125,-64.84190555753098,4.756083502485331,-0.30996732141403527,-0.01898964567578787
598,0.14599609375,-64.85107886608395,4.590249363814157,-0.3098707686375519,-0.018894671822693
599,0.146240234375,-64.86025217463694,4.424415225142981,-0.3097742158611254,-0.01879969796965497
600,0.146484375,-64.8694254831899,4.258581086471818,-0.30967766308464206,-0.0187047241165601
601,0.146728515625,-64.87859879174289,4.092746947800642,-0.3095811103081587,-0.01860975026346523
602,0.14697265625,-64.8839360471462,3.941553400194563,-0.30948218844173425,-0.018513378126669977
603,0.147216796875,-64.88351922282502,3.8123207391861316,-0.3093797129403697,-0.018414908564409416
604,0.1474609375,-64.88310239850384,3.6830880781777,-0.30927723743900515,-0.018316439002205698
605,0.147705078125,-64.88268557418266,3.5538554171692778,-0.30917476193769744,-0.018217969439945136
606,0.14794921875,-64.88226874986148,3.424622756160846,-0.3090722864363329,-0.018119499877684575
607,0.148193359375,-64.8818519255403,3.2953900951524138,-0.30896981093496834,-0.018021030315424014
608,0.1484375,-64.88143510121911,3.166157434143982,-0.3088673354336038,-0.017922560753163452
609,0.148681640625,-64.88101827689795,3.03692477313555,-0.30876485993223923,-0.01782409119090289
610,0.14892578125,-64.88060145257676,2.9076921121271275,-0.3086623844308747,-0.01772562162864233
611,0.149169921875,-64.88018462825558,2.778459451118696,-0.30855990892951013,-0.017627152066381768
612,0.1494140625,-64.8797678039344,2.6492267901102644,-0.3084574334282024,-0.017528682504121207
613,0.149658203125,-64.87935097961322,2.5199941291018324,-0.30835495792683787,-0.017430212941860646
614,0.14990234375,-64.87893415529204,2.3907614680934004,-0.3082524824254733,-0.017331743379600084
615,0.150146484375,-64.87851733097085,2.2615288070849777,-0.30815000692410877,-0.017233273817339523
616,0.150390625,-64.87810050664969,2.1322961460765457,-0.3080475314227442,-0.01713480425507896
617,0.150634765625,-64.87768368232851,2.003063485068114,-0.30794505592137966,-0.0170363346928184
618,0.15087890625,-64.87726685800732,1.8738308240596826,-0.30784258042007195,-0.01693786513055784
619,0.151123046875,-64.87685003368615,1.7445981630512508,-0.3077401049187074,-0.016839395568297277
620,0.1513671875,-64.87643320936496,1.615365502042828,-0.30763762941734285,-0.016740926006036716
621,0.151611328125,-64.87601638504377,1.4861328410343964,-0.3075351539159783,-0.016642456443776155
622,0.15185546875,-64.8755995607226,1.3569001800259646,-0.30743267841461375,-0.016543986881572437
623,0.152099609375,-64.87518273640143,1.2276675190175326,-0.3073302029132492,-0.016445517319311875
624,0.15234375,-64.87476591208024,1.0984348580091008,-0.3072277274119415,-0.016347047757051314
625,0.152587890625,-64.87434908775907,0.9692021970006783,-0.30712525191057694,-0.016248578194790753
626,0.15283203125,-64.8739322634379,0.8399695359922463,-0.3070227764092124,-0.01615010863253019
627,0.153076171875,-64.8735154391167,0.7107368749838147,-0.30692030090784783,-0.01605163907026963
628,0.1533203125,-64.86579241353228,0.606655344328238,-0.30681297519106465,-0.01595380102321542
629,0.153564453125,-64.85624283763201,0.5088615962608755,-0.3067044369204268,-0.015856120854948585
630,0.15380859375,-64.84669326173174,0.41106784819351994,-0.306595898649789,-0.01575844068662491
631,0.154052734375,-64.8371436858315,0.3132741001261576,-0.306487360379208,-0.015660760518358074
632,0.154296875,-64.82759410993124,0.21548035205879518,-0.30637882210857015,-0.01556308035009124
633,0.154541015625,-64.81804453403097,0.11768660399143267,-0.3062702838379323,-0.015465400181824407
634,0.15478515625,-64.80849495813072,0.019892855924070283,-0.3061617455672945,-0.015367720013557573
635,0.155029296875,-64.79894538223047,-0.07790089214328519,-0.30605320729665664,-0.01527003984529074
636,0.1552734375,-64.78939580633022,-0.1756946402106476,-0.3059446690260188,-0.015172359677023906
637,0.155517578125,-64.77984623042995,-0.27348838827801,-0.3058361307554378,-0.015074679508757072
638,0.15576171875,-64.77029665452969,-0.3712821363453724,-0.30572759248479997,-0.014976999340490238
639,0.156005859375,-64.76074707862944,-0.46907588441273473,-0.30561905421416213,-0.014879319172223404
640,0.15625,-64.75119750272918,-0.5668696324800903,-0.3055105159435243,-0.01478163900395657
641,0.156494140625,-64.74164792682892,-0.6646633805474597,-0.30540197767288646,-0.014683958835689737
642,0.15673828125,-64.73209835092867,-0.7624571286148152,-0.3052934394022486,-0.014586278667422903
643,0.15698242187499997,-64.7225487750284,-0.8602508766821707,-0.3051849011316108,-0.014488598499156069
644,0.1572265625,-64.71299919912813,-0.95804462474954,-0.3050763628610298,-0.014390918330889235
645,0.157470703125,-64.7034496232279,-1.0558383728168954,-0.30496782459039196,-0.014293238162622401
646,0.15771484375,-64.69390004732763,-1.153632120884265,-0.3048592863197541,-0.014195557994355568
647,0.157958984375,-64.68435047142738,-1.2514258689516202,-0.3047507480491163,-0.014097877826088734
648,0.15820312499999997,-64.67480089552711,-1.3492196170189759,-0.30464220977847845,-0.0140001976578219
649,0.158447265625,-64.66525131962686,-1.4470133650863453,-0.3045336715078406,-0.013902517489555066
650,0.15869140625,-64.65570174372661,-1.5448071131537007,-0.3044251332372596,-0.013804837321288232
651,0.158935546875,-64.64615216782634,-1.6426008612210699,-0.3043165949666218,-0.013707157152964555
652,0.1591796875,-64.63660259192608,-1.7403946092884255,-0.30420805669598394,-0.013609476984697721
653,0.15942382812499997,-64.62533421152706,-1.832859508196441,-0.30409827150310775,-0.013512592657434652
654,0.15966796875,-64.60719061313289,-1.904009010467103,-0.303983498621335,-0.013418891694072954
655,0.159912109375,-64.58904701473871,-1.9751585127377553,-0.30386872573956225,-0.013325190730654413
656,0.16015625,-64.57090341634454,-2.0463080150084174,-0.3037539528577895,-0.013231489767292715
657,0.160400390625,-64.55275981795037,-2.1174575172790697,-0.3036391799760736,-0.013137788803874173
658,0.16064453124999997,-64.53461621955621,-2.1886070195497216,-0.30352440709430084,-0.013044087840512475
659,0.160888671875,-64.51647262116204,-2.2597565218203837,-0.3034096342125281,-0.012950386877150777
660,0.1611328125,-64.49832902276788,-2.330906024091036,-0.30329486133075534,-0.012856685913732235
661,0.161376953125,-64.4801854243737,-2.402055526361698,-0.3031800884489826,-0.012762984950370537
662,0.16162109375,-64.46204182597954,-2.4732050286323504,-0.30306531556720984,-0.012669283986951996
663,0.16186523437499997,-64.44389822758538,-2.5443545309030022,-0.3029505426854371,-0.012575583023590298
664,0.162109375,-64.42575462919119,-2.6155040331736648,-0.30283576980366433,-0.0124818820602286
665,0.162353515625,-64.40761103079704,-2.6866535354443166,-0.3027209969218916,-0.012388181096810058
666,0.16259765625,-64.38946743240287,-2.757803037714979,-0.30260622404011883,-0.01229448013344836
667,0.162841796875,-64.37132383400869,-2.828952539985631,-0.3024914511584029,-0.012200779170029818
668,0.16308593749999997,-64.35318023561453,-2.9001020422562833,-0.3023766782766302,-0.01210707820666812
669,0.163330078125,-64.33503663722036,-2.9712515445269454,-0.3022619053948574,-0.012013377243306422
670,0.16357421875,-64.3168930388262,-3.0424010467975973,-0.30214713251308467,-0.01191967627988788
671,0.163818359375,-64.29874944043202,-3.11355054906826,-0.3020323596313119,-0.011825975316526183
672,0.1640625,-64.28060584203786,-3.1847000513389117,-0.30191758674953917,-0.011732274353107641
673,0.16430664062499997,-64.26246224364368,-3.2558495536095635,-0.3018028138677664,-0.011638573389745943
674,0.16455078125,-64.24431864524952,-3.326999055880226,-0.30168804098599367,-0.011544872426384245
675,0.164794921875,-64.22617504685535,-3.398148558150878,-0.3015732681042209,-0.011451171462965704
676,0.1650390625,-64.20803144846117,-3.4692980604215404,-0.30145849522244816,-0.011357470499604005
677,0.165283203125,-64.18988785006701,-3.5404475626921923,-0.3013437223406754,-0.011263769536242307
678,0.16552734374999997,-64.17174425167285,-3.6115970649628446,-0.3012289494589595,-0.011170068572823766
679,0.165771484375,-64.14880697139294,-3.6693871413353487,-0.30111031474842775,-0.011080116780533444
680,0.166015625,-64.12267390318922,-3.718270933775739,-0.30098910548548474,-0.010992664435661936
681,0.166259765625,-64.09654083498552,-3.767154726216137,-0.3008678962224849,-0.010905212090733585
682,0.16650390625,-64.0704077667818,-3.8160385186565278,-0.30074668695948503,-0.010817759745862077
683,0.16674804687499997,-64.04427469857809,-3.8649223110969193,-0.300625477696542,-0.010730307400990569
684,0.1669921875,-64.01814163037437,-3.9138061035373166,-0.30050426843354217,-0.010642855056062217
685,0.167236328125,-63.99200856217067,-3.9626898959777077,-0.30038305917059915,-0.010555402711190709
686,0.16748046875,-63.96587549396694,-4.011573688418105,-0.3002618499075993,-0.010467950366262357
687,0.167724609375,-63.93974242576323,-4.060457480858496,-0.30014064064459944,-0.01038049802139085
688,0.16796874999999997,-63.91360935755951,-4.109341273298887,-0.30001943138165643,-0.010293045676519341
689,0.168212890625,-63.8874762893558,-4.158225065739284,-0.2998982221186566,-0.01020559333159099
690,0.16845703125,-63.86134322115209,-4.207108858179676,-0.29977701285571356,-0.010118140986719482
691,0.168701171875,-63.83521015294836,-4.2559926506200725,-0.2996558035927137,-0.01003068864179113
692,0.1689453125,-63.80907708474466,-4.304876443060464,-0.29953459432971385,-0.009943236296919622
693,0.16918945312499997,-63.78294401654093,-4.353760235500855,-0.29941338506677084,-0.00985578395199127
694,0.16943359375,-63.75681094833722,-4.402644027941252,-0.299292175803771,-0.009768331607119762
695,0.169677734375,-63.730677880133506,-4.451527820381643,-0.29917096654077113,-0.009680879262248254
696,0.169921875,-63.70454481192979,-4.500411612822041,-0.2990497572778281,-0.009593426917319903
697,0.170166015625,-63.67841174372608,-4.5492954052624315,-0.29892854801482827,-0.009505974572448395
698,0.17041015624999997,-63.65227867552237,-4.598179197702822,-0.29880733875188525,-0.009418522227520043
699,0.170654296875,-63.62614560731865,-4.64706299014322,-0.2986861294888854,-0.009331069882648535
700,0.1708984375,-63.600012539114935,-4.6959467825836105,-0.29856492022588554,-0.009243617537777027
701,0.171142578125,-63.573879470911216,-4.744830575024009,-0.29844371096294253,-0.009156165192848675
702,0.17138671875,-63.5477464027075,-4.7937143674644,-0.2983225016999427,-0.009068712847977167
703,0.17163085937499997,-63.5216133345038,-4.8425981599047905,-0.29820129243699967,-0.008981260503048816
704,0.171875,-63.49548026630007,-4.891481952345188,-0.2980800831739998,-0.008893808158177308
705,0.172119140625,-63.46201181514841,-4.922042142109535,-0.2979522109016557,-0.008814113711423488
706,0.17236328125,-63.42854336399676,-4.952602331873886,-0.29782433862931157,-0.008734419264612825
707,0.172607421875,-63.395074912845104,-4.983162521638232,-0.2976964663569106,-0.008654724817859005
708,0.17285156249999997,-63.36160646169344,-5.01372271140258,-0.2975685940845665,-0.008575030371105186
709,0.173095703125,-63.328138010541785,-5.044282901166931,-0.29744072181222236,-0.008495335924351366
710,0.17333984375,-63.29466955939014,-5.074843090931278,-0.29731284953987824,-0.008415641477540703
711,0.173583984375,-63.261201108238474,-5.105403280695629,-0.2971849772674773,-0.008335947030786883
712,0.173828125,-63.22773265708681,-5.135963470459976,-0.29705710499513316,-0.008256252584033064
713,0.17407226562499997,-63.19426420593517,-5.166523660224323,-0.29692923272278904,-0.0081765581372224
714,0.17431640625,-63.160795754783514,-5.197083849988673,-0.2968013604504449,-0.008096863690468581
715,0.174560546875,-63.12732730363185,-5.227644039753021,-0.29667348817804395,-0.008017169243714761
716,0.1748046875,-63.0938588524802,-5.258204229517372,-0.29654561590569983,-0.007937474796904098
717,0.175048828125,-63.06039040132855,-5.288764419281719,-0.2964177436333557,-0.007857780350150279
718,0.17529296874999997,-63.026921950176884,-5.319324609046065,-0.2962898713610116,-0.007778085903396459
719,0.175537109375,-62.99345349902522,-5.349884798810417,-0.29616199908861063,-0.007698391456642639
720,0.17578125,-62.95998504787357,-5.380444988574763,-0.2960341268162665,-0.007618697009831976
721,0.176025390625,-62.92651659672192,-5.411005178339115,-0.2959062545439224,-0.0075390025630781565
722,0.17626953125,-62.893048145570255,-5.441565368103462,-0.29577838227157827,-0.007459308116324337
723,0.17651367187499997,-62.859579694418606,-5.472125557867809,-0.29565050999923415,-0.007379613669513674
724,0.1767578125,-62.82611124326696,-5.502685747632159,-0.2955226377268332,-0.007299919222759854
725,0.177001953125,-62.792642792115295,-5.533245937396506,-0.29539476545448906,-0.0072202247760060345
726,0.17724609375,-62.759174340963646,-5.563806127160857,-0.29526689318214494,-0.0071405303291953715
727,0.177490234375,-62.725705889811984,-5.594366316925204,-0.2951390209098008,-0.007060835882441552
728,0.17773437499999997,-62.69223743866033,-5.624926506689552,-0.29501114863739986,-0.006981141435687732
729,0.177978515625,-62.658768987508665,-5.655486696453903,-0.29488327636505574,-0.0069014469889339125
730,0.17822265625,-62.622641307414916,-5.680119310642473,-0.2947526416099322,-0.00682521267623315
731,0.178466796875,-62.58252478390798,-5.695860561467379,-0.29461786313055427,-0.006754168564611973
732,0.1787109375,-62.54240826040106,-5.711601812292283,-0.2944830846512332,-0.006683124452990796
733,0.17895507812499997,-62.502291736894136,-5.727343063117187,-0.2943483061719121,-0.006612080341426463
734,0.17919921875,-62.46217521338722,-5.743084313942093,-0.294213527692591,-0.006541036229805286
735,0.179443359375,-62.422058689880295,-5.758825564766997,-0.2940787492132131,-0.006469992118184109
736,0.1796875,-62.38194216637336,-5.7745668155919025,-0.293943970733892,-0.006398948006562932
737,0.179931640625,-62.341825642866446,-5.790308066416807,-0.2938091922545709,-0.006327903894998599
738,0.18017578124999997,-62.30170911935952,-5.80604931724171,-0.293674413775193,-0.006256859783377422
739,0.180419921875,-62.26159259585259,-5.821790568066617,-0.2935396352958719,-0.006185815671756245
740,0.1806640625,-62.22147607234567,-5.837531818891521,-0.2934048568165508,-0.006114771560191912
741,0.180908203125,-62.18135954883875,-5.853273069716427,-0.29327007833722973,-0.006043727448570735
742,0.18115234375,-62.141243025331825,-5.869014320541331,-0.2931352998578518,-0.005972683336949558
743,0.18139648437499997,-62.1011265018249,-5.8847555713662345,-0.2930005213785307,-0.0059016392253852246
744,0.181640625,-62.061009978317976,-5.9004968221911405,-0.29286574289920964,-0.005830595113764048
745,0.181884765625,-62.02089345481105,-5.916238073016045,-0.2927309644198317,-0.005759551002142871
746,0.18212890625,-61.98077693130412,-5.9319793238409515,-0.2925961859405106,-0.005688506890578537
747,0.182373046875,-61.9406604077972,-5.947720574665855,-0.29246140746118954,-0.005617462778957361
748,0.18261718749999997,-61.90054388429028,-5.963461825490759,-0.29232662898186845,-0.005546418667336184
749,0.182861328125,-61.86042736078335,-5.979203076315665,-0.2921918505024905,-0.00547537455577185
750,0.18310546875,-61.82031083727643,-5.994944327140569,-0.29205707202316944,-0.005404330444150673
751,0.183349609375,-61.780194313769506,-6.010685577965474,-0.29192229354384835,-0.005333286332529497
752,0.18359375,-61.74007779026259,-6.026426828790378,-0.29178751506452727,-0.005262242220965163
753,0.18383789062499997,-61.69996126675567,-6.042168079615283,-0.29165273658514934,-0.005191198109343986
754,0.18408203125,-61.65984474324873,-6.057909330440189,-0.29151795810582826,-0.0051201539977228094
755,0.184326171875,-61.619728219741816,-6.073650581265093,-0.29138317962650717,-0.005049109886158476
756,0.1845703125,-61.5748571245074,-6.080000035291487,-0.29124267737881837,-0.00498530707949385
757,0.184814453125,-61.52879738634113,-6.084001540118252,-0.29110074418906606,-0.004923314599125206
758,0.18505859374999997,-61.48273764817486,-6.088003044945017,-0.2909588109992569,-0.004861322118699718
759,0.185302734375,-61.436677910008584,-6.092004549771783,-0.2908168778095046,-0.0047993296383310735
760,0.185546875,-61.39061817184231,-6.096006054598547,-0.2906749446197523,-0.004737337157905586
761,0.185791015625,-61.344558433676035,-6.100007559425312,-0.29053301143,-0.004675344677536941
762,0.18603515625,-61.29849869550975,-6.104009064252078,-0.29039107824019084,-0.004613352197111453
763,0.18627929687499997,-61.25243895734348,-6.108010569078843,-0.29024914505043853,-0.004551359716742809
764,0.1865234375,-61.2063792191772,-6.112012073905608,-0.2901072118606862,-0.004489367236317321
765,0.186767578125,-61.16031948101093,-6.116013578732373,-0.2899652786709339,-0.0044273747559486765
766,0.18701171875,-61.114259742844645,-6.120015083559139,-0.28982334548112476,-0.004365382275523189
767,0.187255859375,-61.06820000467837,-6.124016588385903,-0.28968141229137245,-0.004303389795154544
768,0.18750000000000003,-61.022140266512096,-6.128018093212669,-0.28953947910162015,-0.004241397314729056
769,0.187744140625,-60.97608052834582,-6.132019598039434,-0.28939754591186784,-0.004179404834303568
770,0.18798828125,-60.930020790179555,-6.136021102866199,-0.28925561272211553,-0.004117412353934924
771,0.188232421875,-60.88396105201326,-6.140022607692964,-0.2891136795323064,-0.004055419873509436
772,0.1884765625,-60.837901313847,-6.1440241125197295,-0.28897174634255407,-0.0039934273931407915
773,0.18872070312500003,-60.791841575680714,-6.148025617346494,-0.28882981315280176,-0.003931434912715304
774,0.18896484375,-60.74578183751445,-6.1520271221732585,-0.28868787996304945,-0.003869442432346659
775,0.189208984375,-60.699722099348165,-6.1560286270000235,-0.2885459467732403,-0.0038074499519211713
776,0.189453125,-60.653662361181894,-6.16003013182679,-0.288404013583488,-0.003745457471552527
777,0.189697265625,-60.607602623015616,-6.164031636653554,-0.2882620803937357,-0.003683464991127039
778,0.18994140625000003,-60.56154288484934,-6.168033141480319,-0.2881201472039834,-0.0036214725107583945
779,0.190185546875,-60.51548314668307,-6.172034646307084,-0.2879782140141742,-0.0035594800303329066
780,0.1904296875,-60.46942340851678,-6.176036151133849,-0.2878362808244219,-0.003497487549964262
781,0.190673828125,-60.42231660860797,-6.178224546094151,-0.2876928686758333,-0.0034373091431803005
782,0.19091796875,-60.371021561729016,-6.173160501588602,-0.28754354069201327,-0.00338438703073507
783,0.19116210937500003,-60.319726514850046,-6.168096457083051,-0.2873942127081932,-0.0033314649183466827
784,0.19140625,-60.26843146797108,-6.1630324125775005,-0.28724488472437315,-0.0032785428059582955
785,0.191650390625,-60.21713642109213,-6.157968368071949,-0.2870955567405531,-0.0032256206935699083
786,0.19189453125,-60.16584137421316,-6.152904323566399,-0.2869462287566762,-0.003172698581181521
787,0.192138671875,-60.114546327334196,-6.147840279060849,-0.28679690077285613,-0.0031197764687362906
788,0.19238281250000003,-60.063251280455226,-6.142776234555297,-0.2866475727890361,-0.0030668543563479034
789,0.192626953125,-60.01195623357627,-6.137712190049748,-0.286498244805216,-0.003013932243959516
790,0.19287109375,-59.9606611866973,-6.132648145544197,-0.28634891682139596,-0.002961010131571129
791,0.193115234375,-59.90936613981834,-6.127584101038646,-0.28619958883751906,-0.002908088019182742
792,0.193359375,-59.85807109293938,-6.122520056533094,-0.286050260853699,-0.0028551659067943547
793,0.19360351562500003,-59.80677604606042,-6.117456012027544,-0.28590093286987894,-0.002802243794349124
794,0.19384765625,-59.75548099918145,-6.112391967521994,-0.2857516048860589,-0.002749321681960737
795,0.194091796875,-59.7041859523025,-6.107327923016443,-0.2856022769022388,-0.0026963995695723497
796,0.1943359375,-59.65289090542353,-6.102263878510891,-0.2854529489183619,-0.0026434774571839625
797,0.194580078125,-59.60159585854458,-6.097199834005342,-0.28530362093454187,-0.0025905553447955754
798,0.19482421875000003,-59.5503008116656,-6.092135789499791,-0.2851542929507218,-0.0025376332323503448
799,0.195068359375,-59.49900576478664,-6.08707174499424,-0.28500496496690175,-0.0024847111199619576
800,0.1953125,-59.44771071790769,-6.082007700488689,-0.2848556369830817,-0.0024317890075735704
801,0.195556640625,-59.39641567102872,-6.076943655983139,-0.2847063089992048,-0.0023788668951851832
802,0.19580078125,-59.34512062414976,-6.071879611477589,-0.28455698101538474,-0.002325944782796796
803,0.19604492187500003,-59.29382557727079,-6.066815566972037,-0.2844076530315647,-0.0022730226703515655
804,0.1962890625,-59.24253053039183,-6.061751522466487,-0.2842583250477446,-0.0022201005579631783
805,0.196533203125,-59.19123548351286,-6.056687477960936,-0.2841089970638677,-0.002167178445574791
806,0.19677734375,-59.1399404366339,-6.051623433455385,-0.28395966908004766,-0.002114256333186404
807,0.197021484375,-59.08592303599215,-6.042497076262069,-0.2838057744771163,-0.0020666136847466987
808,0.19726562500000003,-59.03009073284186,-6.030662510610238,-0.283648835461463,-0.002022490678939448
809,0.197509765625,-58.97425842969158,-6.018827944958409,-0.2834918964457529,-0.001978367673075354
810,0.19775390625,-58.9184261265413,-6.00699337930658,-0.2833349574300996,-0.0019342446672681035
811,0.197998046875,-58.86259382339101,-5.995158813654752,-0.2831780184143895,-0.001890121661460853
812,0.1982421875,-58.80676152024074,-5.983324248002923,-0.2830210793987362,-0.0018459986556536023
813,0.19848632812500003,-58.75092921709045,-5.971489682351092,-0.2828641403830261,-0.0018018756498463517
814,0.19873046875,-58.69509691394017,-5.959655116699263,-0.2827072013673728,-0.0017577526439822577
815,0.198974609375,-58.639264610789894,-5.9478205510474345,-0.2825502623516627,-0.0017136296381750071
816,0.19921875,-58.5834323076396,-5.935985985395605,-0.2823933233360094,-0.0016695066323677565
817,0.199462890625,-58.52760000448932,-5.924151419743777,-0.2822363843202993,-0.001625383626560506
818,0.19970703125000003,-58.47176770133903,-5.912316854091947,-0.282079445304646,-0.0015812606207532554
819,0.199951171875,-58.41593539818875,-5.900482288440117,-0.2819225062889359,-0.0015371376148891613
820,0.2001953125,-58.360103095038475,-5.8886477227882885,-0.2817655672732826,-0.0014930146090819107
821,0.200439453125,-58.30427079188818,-5.876813157136459,-0.2816086282575725,-0.0014488916032746602
822,0.20068359375,-58.248438488737904,-5.86497859148463,-0.2814516892419192,-0.0014047685974674096
823,0.20092773437500003,-58.19260618558762,-5.853144025832801,-0.2812947502262091,-0.001360645591660159
824,0.201171875,-58.13677388243733,-5.841309460180971,-0.2811378112105558,-0.0013165225858529084
825,0.201416015625,-58.080941579287064,-5.829474894529143,-0.2809808721948457,-0.0012723995799888144
826,0.20166015625,-58.02510927613676,-5.817640328877313,-0.2808239331791924,-0.0012282765741815638
827,0.201904296875,-57.96927697298649,-5.805805763225484,-0.2806669941634823,-0.0011841535683743132
828,0.20214843750000003,-57.91344466983621,-5.793971197573654,-0.280510055147829,-0.0011400305625670626
829,0.202392578125,-57.85761236668592,-5.782136631921826,-0.2803531161321189,-0.001095907556759812
830,0.20263671875,-57.801780063535645,-5.770302066269997,-0.2801961771164656,-0.001051784550895718
831,0.202880859375,-57.745947760385356,-5.758467500618167,-0.2800392381007555,-0.0010076615450884674
832,0.203125,-57.69011545723507,-5.746632934966338,-0.2798822990851022,-0.0009635385392812168
833,0.20336914062500003,-57.63042308097202,-5.729972718676214,-0.27971757281096643,-0.0009277313348547978
834,0.20361328125,-57.57073070470898,-5.713312502386091,-0.27955284653683066,-0.0008919241303715353
835,0.203857421875,-57.51103832844594,-5.6966522860959685,-0.2793881202626949,-0.0008561169259451162
836,0.2041015625,-57.45134595218289,-5.679992069805844,-0.27922339398861595,-0.0008203097215186972
837,0.204345703125,-57.39165357591985,-5.6633318535157215,-0.2790586677144802,-0.0007845025170354347
838,0.20458984375000003,-57.331961199656796,-5.646671637225596,-0.2788939414403444,-0.0007486953126090157
839,0.204833984375,-57.27226882339375,-5.630011420935474,-0.27872921516620863,-0.0007128881081825966
840,0.205078125,-57.21257644713072,-5.613351204645352,-0.27856448889207286,-0.0006770809037561776
841,0.205322265625,-57.152884070867664,-5.596690988355227,-0.2783997626179371,-0.0006412736992729151
842,0.20556640625,-57.09319169460463,-5.580030772065105,-0.2782350363438013,-0.0006054664948464961
843,0.20581054687500003,-57.033499318341576,-5.56337055577498,-0.2780703100697224,-0.000569659290420077
844,0.2060546875,-56.97380694207853,-5.546710339484857,-0.2779055837955866,-0.0005338520859368145
845,0.206298828125,-56.91411456581549,-5.5300501231947345,-0.27774085752145083,-0.0004980448815103955
846,0.20654296875,-56.85442218955244,-5.51338990690461,-0.27757613124731506,-0.00046223767708397645
847,0.206787109375,-56.7947298132894,-5.496729690614488,-0.2774114049731793,-0.000426430472600714
848,0.20703125000000003,-56.73503743702634,-5.480069474324362,-0.2772466786990435,-0.00039062326817429494
849,0.207275390625,-56.675345060763306,-5.46340925803424,-0.27708195242490774,-0.0003548160637478759
850,0.20751953125,-56.61565268450026,-5.446749041744117,-0.2769172261508288,-0.00031900885932145684
851,0.207763671875,-56.55596030823721,-5.430088825453993,-0.27675249987669304,-0.00028320165483819437
852,0.2080078125,-56.496267931974174,-5.41342860916387,-0.27658777360255726,-0.0002473944504117753
853,0.20825195312500003,-56.43657555571112,-5.396768392873746,-0.2764230473284215,-0.00021158724598535628
854,0.20849609375,-56.376883179448086,-5.380108176583623,-0.2762583210542857,-0.0001757800415020938
855,0.208740234375,-56.31719080318504,-5.363447960293501,-0.27609359478014994,-0.00013997283707567476
856,0.208984375,-56.25749842692199,-5.346787744003376,-0.27592886850601417,-0.00010416563264925571
857,0.209228515625,-56.19780605065895,-5.330127527713254,-0.27576414223193524,-6.835842816599325e-05
858,0.20947265625000003,-56.136828582856396,-5.312187179739188,-0.2755962528958662,-3.5625354257717845e-05
859,0.209716796875,-56.07392347774461,-5.292326634239213,-0.2754236189668404,-7.503476183501334e-06
860,0.2099609375,-56.01101837263281,-5.272466088739239,-0.2752509850378715,2.0618401890715177e-05
861,0.210205078125,-55.94811326752101,-5.252605543239261,-0.27507835110890255,4.8740280021775106e-05
862,0.21044921875,-55.88520816240923,-5.232744997739285,-0.2749057171799336,7.686215809599162e-05
863,0.21069335937500003,-55.822303057297425,-5.212884452239308,-0.2747330832509647,0.00010498403622705155
864,0.2109375,-55.75939795218563,-5.193023906739333,-0.2745604493219389,0.00013310591430126806
865,0.211181640625,-55.69649284707384,-5.173163361239359,-0.27438781539296997,0.00016122779237548457
866,0.21142578125,-55.633587741962046,-5.153302815739382,-0.27421518146400103,0.0001893496705065445
867,0.211669921875,-55.57068263685024,-5.1334422702394065,-0.2740425475350321,0.000217471548580761
868,0.21191406250000003,-55.50777753173845,-5.113581724739428,-0.27386991360606316,0.00024559342671182094
869,0.212158203125,-55.44487242662666,-5.093721179239454,-0.27369727967709423,0.00027371530478603745
870,0.21240234375,-55.381967321514864,-5.073860633739479,-0.27352464574806845,0.00030183718286025396
871,0.212646484375,-55.31906221640307,-5.054000088239501,-0.2733520118190995,0.0003299590609913139
872,0.212890625,-55.25615711129127,-5.034139542739527,-0.2731793778901306,0.0003580809390655304
873,0.21313476562500003,-55.19325200617948,-5.01427899723955,-0.27300674396116165,0.00038620281719659033
874,0.21337890625,-55.13034690106768,-4.994418451739575,-0.2728341100321927,0.00041432469527080684
875,0.213623046875,-55.067441795955894,-4.9745579062396,-0.2726614761032238,0.00044244657334502335
876,0.2138671875,-55.00453669084409,-4.9546973607396225,-0.272488842174198,0.0004705684514760833
877,0.214111328125,-54.9416315857323,-4.934836815239648,-0.27231620824522906,0.0004986903295502998
878,0.21435546875000003,-54.8787264806205,-4.91497626973967,-0.27214357431626013,0.0005268122076813597
879,0.214599609375,-54.81582137550871,-4.895115724239695,-0.2719709403872912,0.0005549340857555762
880,0.21484375,-54.752916270396916,-4.875255178739721,-0.27179830645832226,0.0005830559638297927
881,0.215087890625,-54.69001116528512,-4.855394633239744,-0.2716256725293533,0.0006111778419608527
882,0.21533203125,-54.627106060173325,-4.835534087739768,-0.27145303860032755,0.0006392997200350692
883,0.21557617187500003,-54.56420095506153,-4.815673542239791,-0.2712804046713586,0.0006674215981661291
884,0.2158203125,-54.49921416418184,-4.794322316358697,-0.27110140445017805,0.0006899746850308475
885,0.216064453125,-54.43370695186018,-4.772598420382323,-0.27092081265590195,0.0007111355741926673
886,0.21630859375,-54.36819973953851,-4.750874524405946,-0.2707402208616827,0.0007322964632976436
887,0.216552734375,-54.30269252721685,-4.729150628429572,-0.2705596290674066,0.00075345735240262
888,0.21679687500000003,-54.237185314895186,-4.707426732453194,-0.27037903727318735,0.0007746182415075964
889,0.217041015625,-54.17167810257352,-4.68570283647682,-0.27019844547891125,0.0007957791306125728
890,0.21728515625,-54.10617089025186,-4.663978940500447,-0.27001785368463516,0.0008169400197175491
891,0.217529296875,-54.0406636779302,-4.642255044524069,-0.2698372618904159,0.0008381009088225255
892,0.2177734375,-53.975156465608535,-4.620531148547695,-0.2696566700961398,0.0008592617979275019
893,0.21801757812500003,-53.90964925328686,-4.598807252571318,-0.26947607830192055,0.0008804226870324783
894,0.21826171875,-53.844142040965195,-4.577083356594944,-0.26929548650764445,0.0009015835761374547
895,0.218505859375,-53.77863482864354,-4.55535946061857,-0.2691148947134252,0.000922744465242431
896,0.21875,-53.71312761632186,-4.533635564642194,-0.2689343029191491,0.0009439053543474074
897,0.218994140625,-53.64762040400021,-4.511911668665818,-0.268753711124873,0.0009650662435092272
898,0.21923828125000003,-53.58211319167854,-4.490187772689442,-0.26857311933065375,0.0009862271326142036
899,0.219482421875,-53.516605979356875,-4.468463876713068,-0.26839252753637766,0.00100738802171918
900,0.2197265625,-53.45109876703521,-4.4467399807366945,-0.2682119357421584,0.0010285489108241563
901,0.219970703125,-53.38559155471354,-4.425016084760316,-0.2680313439478823,0.0010497097999291327
902,0.22021484375,-53.32008434239189,-4.403292188783943,-0.26785075215366305,0.001070870689034109
903,0.22045898437500003,-53.25457713007022,-4.3815682928075645,-0.26767016035938695,0.0010920315781390855
904,0.220703125,-53.189069917748554,-4.359844396831192,-0.26748956856511086,0.0011131924672440618
905,0.220947265625,-53.12356270542689,-4.338120500854817,-0.2673089767708916,0.0011343533563490382
906,0.22119140625,-53.05805549310523,-4.31639660487844,-0.2671283849766155,0.0011555142454540146
907,0.221435546875,-52.992548280783566,-4.294672708902066,-0.26694779318239625,0.001176675134558991
908,0.22167968750000003,-52.9270410684619,-4.272948812925689,-0.26676720138812016,0.0011978360237208108
909,0.221923828125,-52.86112724160545,-4.2510681680166655,-0.2665850243850514,0.0012177597193385736
910,0.22216796875,-52.79358695660987,-4.228560527377043,-0.26639650654675506,0.0012327346412916995
911,0.222412109375,-52.72604667161428,-4.206052886737418,-0.2662079887084019,0.001247709563187982
912,0.22265625,-52.6585063866187,-4.183545246097797,-0.2660194708701056,0.0012626844851411079
913,0.22290039062500003,-52.5909661016231,-4.161037605458172,-0.2658309530317524,0.0012776594070942338
914,0.22314453125,-52.52342581662753,-4.1385299648185505,-0.26564243519339925,0.0012926343289905162
915,0.223388671875,-52.45588553163194,-4.116022324178928,-0.26545391735510293,0.0013076092508867987
916,0.2236328125,-52.388345246636355,-4.093514683539303,-0.26526539951674977,0.0013225841728399246
917,0.223876953125,-52.32080496164077,-4.071007042899682,-0.26507688167845345,0.001337559094736207
918,0.22412109375000003,-52.25326467664518,-4.048499402260057,-0.2648883638401003,0.001352534016689333
919,0.224365234375,-52.1857243916496,-4.0259917616204355,-0.26469984600180396,0.0013675089385856154
920,0.224609375,-52.11818410665401,-4.003484120980814,-0.2645113281634508,0.0013824838605387413
921,0.224853515625,-52.050643821658426,-3.980976480341189,-0.2643228103251545,0.0013974587824350237
922,0.22509765625,-51.98310353666284,-3.958468839701567,-0.2641342924868013,0.0014124337043881496
923,0.22534179687500003,-51.91556325166725,-3.9359611990619428,-0.263945774648505,0.0014274086263412755
924,0.2255859375,-51.848022966671664,-3.9134535584223205,-0.26375725681015183,0.001442383548237558
925,0.225830078125,-51.78048268167609,-3.890945917782699,-0.2635687389718555,0.0014573584701338405
926,0.22607421875,-51.712942396680496,-3.868438277143074,-0.26338022113350235,0.0014723333920869663
927,0.226318359375,-51.645402111684916,-3.845930636503452,-0.263191703295206,0.0014873083139832488
928,0.22656250000000003,-51.57786182668932,-3.8234229958638277,-0.26300318545685286,0.0015022832359363747
929,0.226806640625,-51.51032154169374,-3.8009153552242054,-0.2628146676184997,0.0015172581578326572
930,0.22705078125,-51.44278125669816,-3.7784077145845836,-0.2626261497802034,0.001532233079785783
931,0.227294921875,-51.375240971702574,-3.755900073944959,-0.2624376319418502,0.0015472080016820655
932,0.2275390625,-51.30770068670699,-3.733392433305337,-0.2622491141035539,0.0015621829236351914
933,0.22778320312500003,-51.24016040171139,-3.7108847926657123,-0.26206059626520073,0.0015771578455314739
934,0.22802734375,-51.17262011671581,-3.688377152026091,-0.2618720784269044,0.0015921327674845998
935,0.228271484375,-51.10417465687409,-3.665910716915967,-0.26167887834714065,0.0016038709077861313
936,0.228515625,-51.035125747134956,-3.6434717521588373,-0.26148255677310317,0.0016134511935774754
937,0.228759765625,-50.96607683739582,-3.621032787401712,-0.26128623519900884,0.0016230314794256628
938,0.22900390625000003,-50.89702792765666,-3.5985938226445833,-0.26108991362497136,0.0016326117652738503
939,0.229248046875,-50.82797901791752,-3.576154857887458,-0.2608935920509339,0.0016421920511220378
940,0.2294921875,-50.75893010817839,-3.5537158931303328,-0.2606972704768964,0.0016517723369702253
941,0.229736328125,-50.68988119843924,-3.5312769283732033,-0.26050094890280207,0.0016613526228184128
942,0.22998046875,-50.62083228870009,-3.508837963616078,-0.2603046273287646,0.0016709329086666003
943,0.23022460937500003,-50.55178337896095,-3.4863989988589488,-0.2601083057547271,0.0016805131944579443
944,0.23046875,-50.48273446922181,-3.4639600341018233,-0.2599119841806896,0.0016900934803061318
945,0.230712890625,-50.41368555948267,-3.441521069344698,-0.25971566260665213,0.0016996737661543193
946,0.23095703125,-50.34463664974353,-3.419082104587569,-0.2595193410325578,0.0017092540520025068
947,0.231201171875,-50.27558774000439,-3.3966431398304433,-0.2593230194585203,0.0017188343378506943
948,0.23144531250000003,-50.206538830265245,-3.3742041750733143,-0.25912669788448284,0.0017284146236988818
949,0.231689453125,-50.13748992052611,-3.3517652103161883,-0.25893037631044535,0.0017379949095470693
950,0.23193359375,-50.06844101078696,-3.3293262455590633,-0.258734054736351,0.0017475751953384133
951,0.232177734375,-49.99939210104781,-3.3068872808019347,-0.25853773316231354,0.0017571554811866008
952,0.232421875,-49.93034319130868,-3.284448316044809,-0.25834141158827606,0.0017667357670347883
953,0.23266601562500003,-49.86129428156953,-3.26200935128768,-0.2581450900142386,0.0017763160528829758
954,0.23291015625,-49.79224537183038,-3.2395703865305543,-0.25794876844014425,0.0017858963387311633
955,0.233154296875,-49.723196462091245,-3.217131421773429,-0.25775244686610677,0.0017954766245793508
956,0.2333984375,-49.65414755235211,-3.1946924570163,-0.2575561252920693,0.0018050569104275382
957,0.233642578125,-49.58509864261297,-3.1722534922591743,-0.2573598037180318,0.0018146371962188823
958,0.23388671875000003,-49.51604973287382,-3.1498145275020457,-0.25716348214393747,0.0018242174820670698
959,0.234130859375,-49.44700082313468,-3.12737556274492,-0.2569671605699,0.0018337977679152573
960,0.234375,-49.37795191339554,-3.1049365979877943,-0.2567708389958625,0.0018433780537634448
961,0.234619140625,-49.30787288571887,-3.083220514967994,-0.2565669309147438,0.0018483445634274176
962,0.23486328125,-49.23779385804221,-3.061504431948197,-0.2563630228336251,0.0018533110731482338
963,0.23510742187500003,-49.16771483036554,-3.039788348928397,-0.2561591147525064,0.0018582775828122067
964,0.2353515625,-49.09763580268886,-3.0180722659086,-0.2559552066713877,0.0018632440924761795
965,0.235595703125,-49.0275567750122,-2.9963561828888032,-0.255751298590269,0.0018682106021401523
966,0.23583984375,-48.95747774733553,-2.9746400998690032,-0.2555473905091503,0.0018731771118609686
967,0.236083984375,-48.88739871965887,-2.952924016849206,-0.2553434824280316,0.0018781436215249414
968,0.23632812500000003,-48.8173196919822,-2.9312079338294064,-0.2551395743469129,0.0018831101311889142
969,0.236572265625,-48.74724066430554,-2.909491850809609,-0.2549356662657942,0.001888076640852887
970,0.23681640625,-48.677161636628874,-2.887775767789812,-0.2547317581846755,0.0018930431505737033
971,0.237060546875,-48.607082608952204,-2.8660596847700117,-0.25452785010355683,0.0018980096602376761
972,0.2373046875,-48.537003581275535,-2.844343601750215,-0.25432394202243813,0.001902976169901649
973,0.23754882812500003,-48.46692455359886,-2.822627518730415,-0.25412003394131943,0.0019079426795656218
974,0.23779296875,-48.396845525922195,-2.8009114357106175,-0.25391612586020074,0.001912909189286438
975,0.238037109375,-48.32676649824554,-2.7791953526908206,-0.25371221777908204,0.0019178756989504109
976,0.23828125,-48.25668747056886,-2.7574792696710206,-0.25350830969796334,0.0019228422086143837
977,0.238525390625,-48.1866084428922,-2.7357631866512238,-0.25330440161684464,0.0019278087183352
978,0.23876953125000003,-48.11652941521553,-2.7140471036314233,-0.25310049353572595,0.0019327752279991728
979,0.239013671875,-48.04645038753887,-2.6923310206116264,-0.25289658545460725,0.0019377417376631456
980,0.2392578125,-47.976371359862206,-2.6706149375918296,-0.25269267737348855,0.0019427082473271184
981,0.239501953125,-47.90629233218553,-2.64889885457203,-0.25248876929236985,0.0019476747570479347
982,0.23974609375,-47.836213304508874,-2.6271827715522327,-0.25228486121125115,0.0019526412667119075
983,0.23999023437500003,-47.76613427683219,-2.6054666885324322,-0.25208095313013246,0.0019576077763758803
984,0.240234375,-47.696055249155535,-2.5837506055126354,-0.25187704504901376,0.001962574286039853
985,0.240478515625,-47.62597622147887,-2.5620345224928385,-0.25167313696789506,0.0019675407957606694
986,0.24072265625,-47.55565818083232,-2.5408009497365565,-0.25146631917607465,0.001970961839674601
987,0.240966796875,-47.48498162073095,-2.520291142375555,-0.2512551368182585,0.0019720646848782053
988,0.24121093750000003,-47.41430506062957,-2.4997813350145504,-0.2510439544603855,0.001973167530138653
989,0.241455078125,-47.34362850052821,-2.479271527653549,-0.25083277210251254,0.001974270375399101
990,0.24169921875,-47.272951940426836,-2.458761720292548,-0.25062158974463955,0.0019753732206595487
991,0.241943359375,-47.20227538032547,-2.4382519129315434,-0.25041040738676656,0.0019764760659199965
992,0.2421875,-47.1315988202241,-2.4177421055705417,-0.2501992250288936,0.001977578911123601
993,0.24243164062500003,-47.06092226012272,-2.3972322982095378,-0.2499880426710206,0.0019786817563840486
994,0.24267578125,-46.990245700021354,-2.3767224908485365,-0.2497768603131476,0.0019797846016444964
995,0.242919921875,-46.91956913991999,-2.3562126834875348,-0.24956567795527462,0.0019808874469049442
996,0.2431640625,-46.84889257981861,-2.335702876126531,-0.24935449559740164,0.001981990292165392
997,0.243408203125,-46.77821601971724,-2.315193068765529,-0.24914331323952865,0.00198309313742584
998,0.24365234375000003,-46.707539459615866,-2.2946832614045243,-0.2489321308817125,0.001984195982629444
999,0.243896484375,-46.636862899514504,-2.274173454043523,-0.24872094852383952,0.001985298827889892
1000,0.244140625,-46.566186339413136,-2.2536636466825217,-0.24850976616596654,0.0019864016731503398
1001,0.244384765625,-46.49550977931175,-2.2331538393215173,-0.24829858380809355,0.0019875045184107876
1002,0.24462890625,-46.42483321921039,-2.2126440319605156,-0.24808740145022057,0.0019886073636712354
1003,0.24487304687500003,-46.354156659109016,-2.1921342245995117,-0.24787621909234758,0.001989710208931683
1004,0.2451171875,-46.28348009900765,-2.17162441723851,-0.2476650367344746,0.0019908130541352875
1005,0.245361328125,-46.21280353890628,-2.1511146098775082,-0.2474538543766016,0.0019919158993957353
1006,0.24560546875,-46.1421269788049,-2.1306048025165043,-0.24724267201872863,0.001993018744656183
1007,0.245849609375,-46.07145041870354,-2.1100949951555026,-0.24703148966085564,0.001994121589916631
1008,0.24609375000000003,-46.000773858602166,-2.089585187794498,-0.24682030730298266,0.0019952244351770787
1009,0.246337890625,-45.93009729850079,-2.069075380433497,-0.2466091249451665,0.0019963272804375265
1010,0.24658203125,-45.85942073839943,-2.0485655730724956,-0.24639794258729353,0.001997430125641131
1011,0.246826171875,-45.78874417829805,-2.0280557657114913,-0.24618676022942054,0.0019985329709015787
1012,0.2470703125,-45.7178998529616,-2.008781567393047,-0.2459700808159937,0.0019971085719703296
1013,0.24731445312500003,-45.647013586316376,-1.9898162713352399,-0.24575202713873523,0.0019950523619058913
1014,0.24755859375,-45.57612731967116,-1.970850975277436,-0.24553397346141992,0.0019929961518982964
1015,0.247802734375,-45.50524105302595,-1.951885679219631,-0.24531591978416145,0.0019909399418907014
1016,0.248046875,-45.43435478638072,-1.932920383161824,-0.24509786610684614,0.001988883731826263
1017,0.248291015625,-45.363468519735505,-1.9139550871040196,-0.24487981242958767,0.001986827521818668
1018,0.24853515625000003,-45.29258225309028,-1.8949897910462121,-0.24466175875227236,0.0019847713118110732
1019,0.248779296875,-45.22169598644506,-1.8760244949884082,-0.2444437050750139,0.001982715101746635
1020,0.2490234375,-45.15080971979985,-1.8570591989306036,-0.24422565139769858,0.00198065889173904
1021,0.249267578125,-45.07992345315463,-1.8380939028727963,-0.24400759772044012,0.001978602681731445
1022,0.24951171875,-45.00903718650941,-1.8191286068149917,-0.2437895440431248,0.00197654647172385
1023,0.24975585937500003,-44.938150919864185,-1.8001633107571846,-0.24357149036586634,0.0019744902616594118
1024,0.25,-44.86726465321897,-1.7811980146993798,-0.24335343668855103,0.001972434051651817
1025,0.250244140625,-44.79637838657375,-1.7622327186415758,-0.24313538301123572,0.001970377841644222
1026,0.25048828125,-44.725492119928525,-1.7432674225837685,-0.24291732933397725,0.0019683216315797836
1027,0.250732421875,-44.654605853283314,-1.724302126525964,-0.24269927565666194,0.0019662654215721886
1028,0.2509765625,-44.58371958663809,-1.7053368304681569,-0.24248122197940347,0.0019642092115645937
1029,0.251220703125,-44.512833319992865,-1.6863715344103523,-0.24226316830208816,0.001962153001556999
1030,0.25146484375,-44.441947053347654,-1.6674062383525479,-0.2420451146248297,0.0019600967914925604
1031,0.251708984375,-44.37106078670243,-1.6484409422947408,-0.24182706094751438,0.0019580405814849655
1032,0.251953125,-44.30017452005721,-1.6294756462369362,-0.24160900727025592,0.0019559843714773706
1033,0.252197265625,-44.22928825341198,-1.610510350179129,-0.2413909535929406,0.0019539281614129322
1034,0.25244140625,-44.15840198676676,-1.5915450541213247,-0.24117289991568214,0.0019518719514053373
1035,0.252685546875,-44.08751572012156,-1.5725797580635201,-0.24095484623836683,0.0019498157413977424
1036,0.2529296875,-44.01662945347632,-1.553614462005713,-0.24073679256110836,0.001947759531333304
1037,0.253173828125,-43.94577022458048,-1.5350014114366872,-0.24051746169277521,0.001945201308956257
1038,0.25341796875,-43.87501914668214,-1.5177973428227713,-0.24029302206042757,0.001940635037044558
1039,0.253662109375,-43.8042680687838,-1.5005932742088586,-0.2400685824280231,0.001936068765132859
1040,0.25390625,-43.73351699088546,-1.4833892055949456,-0.23984414279567545,0.00193150249322116
1041,0.254150390625,-43.66276591298712,-1.46618513698103,-0.2396197031633278,0.0019269362213663044
1042,0.25439453125,-43.59201483508878,-1.448981068367117,-0.23939526353092333,0.0019223699494546054
1043,0.254638671875,-43.52126375719043,-1.4317769997532015,-0.2391708238985757,0.0019178036775429064
1044,0.2548828125,-43.4505126792921,-1.4145729311392883,-0.2389463842661712,0.0019132374056312074
1045,0.255126953125,-43.37976160139376,-1.3973688625253753,-0.23872194463382357,0.0019086711337195084
1046,0.25537109375,-43.30901052349542,-1.3801647939114596,-0.23849750500141909,0.0019041048618078094
1047,0.255615234375,-43.23825944559708,-1.3629607252975466,-0.23827306536907145,0.0018995385899529538
1048,0.255859375,-43.16750836769874,-1.3457566566836312,-0.23804862573666696,0.0018949723180412548
1049,0.256103515625,-43.096757289800394,-1.328552588069718,-0.23782418610431932,0.0018904060461295558
1050,0.25634765625,-43.026006211902065,-1.311348519455805,-0.23759974647197168,0.0018858397742178568
1051,0.256591796875,-42.955255134003714,-1.2941444508418893,-0.2373753068395672,0.0018812735023061578
1052,0.2568359375,-42.88450405610538,-1.2769403822279766,-0.23715086720721956,0.0018767072303944587
1053,0.257080078125,-42.81375297820703,-1.2597363136140611,-0.23692642757481508,0.0018721409585396032
1054,0.25732421875,-42.7430019003087,-1.242532245000148,-0.23670198794246744,0.0018675746866279042
1055,0.257568359375,-42.672250822410355,-1.225328176386235,-0.23647754831006296,0.0018630084147162052
1056,0.2578125,-42.60149974451201,-1.2081241077723193,-0.23625310867771532,0.0018584421428045061
1057,0.258056640625,-42.530748666613675,-1.1909200391584063,-0.23602866904536768,0.0018538758708928071
1058,0.25830078125,-42.459997588715325,-1.1737159705444908,-0.2358042294129632,0.0018493095989811081
1059,0.258544921875,-42.38924651081699,-1.1565119019305776,-0.23557978978061556,0.0018447433270694091
1060,0.2587890625,-42.31849543291865,-1.1393078333166646,-0.23535535014821107,0.0018401770552145535
1061,0.259033203125,-42.2477443550203,-1.1221037647027492,-0.23513091051586343,0.0018356107833028545
1062,0.25927734375,-42.176993277121966,-1.104899696088836,-0.23490647088345895,0.0018310445113911555
1063,0.259521484375,-42.10650607885558,-1.0888224250453193,-0.2346785332712784,0.001825324473315959
1064,0.259765625,-42.03619480034385,-1.0734963523820709,-0.23444826367256155,0.001818835257779483
1065,0.260009765625,-41.965883521832126,-1.0581702797188224,-0.2342179940738447,0.0018123460421861637
1066,0.26025390625,-41.89557224332038,-1.0428442070555717,-0.23398772447512783,0.0018058568266496877
1067,0.260498046875,-41.82526096480865,-1.027518134392323,-0.23375745487641097,0.0017993676111132118
1068,0.2607421875,-41.754949686296904,-1.0121920617290723,-0.23352718527763727,0.0017928783955767358
1069,0.260986328125,-41.68463840778518,-0.9968659890658238,-0.2332969156789204,0.0017863891800402598
1070,0.26123046875,-41.61432712927345,-0.9815399164025753,-0.23306664608020355,0.0017798999644469404
1071,0.261474609375,-41.5440158507617,-0.9662138437393245,-0.2328363764814867,0.0017734107489104645
1072,0.26171875,-41.473704572249964,-0.950887771076076,-0.23260610688276984,0.0017669215333739885
1073,0.261962890625,-41.403393293738226,-0.9355616984128252,-0.23237583728405298,0.0017604323178375125
1074,0.26220703125,-41.333082015226495,-0.9202356257495768,-0.23214556768527927,0.0017539431023010366
1075,0.262451171875,-41.262770736714764,-0.9049095530863281,-0.23191529808656242,0.0017474538867077172
1076,0.2626953125,-41.19245945820302,-0.8895834804230774,-0.23168502848784556,0.0017409646711712412
1077,0.262939453125,-41.122148179691294,-0.8742574077598289,-0.2314547588891287,0.0017344754556347652
1078,0.26318359375,-41.05183690117955,-0.8589313350965782,-0.23122448929041184,0.0017279862400982893
1079,0.263427734375,-40.98152562266782,-0.8436052624333296,-0.23099421969169498,0.0017214970245618133
1080,0.263671875,-40.91121434415609,-0.8282791897700811,-0.23076395009292128,0.0017150078090253373
1081,0.263916015625,-40.84090306564434,-0.8129531171068303,-0.23053368049420442,0.001708518593432018
1082,0.26416015625,-40.77059178713261,-0.7976270444435818,-0.23030341089548756,0.001702029377895542
1083,0.264404296875,-40.70028050862087,-0.7823009717803312,-0.2300731412967707,0.001695540162359066
1084,0.2646484375,-40.62996923010914,-0.7669748991170826,-0.22984287169805384,0.00168905094682259
1085,0.264892578125,-40.55965795159741,-0.751648826453834,-0.22961260209933698,0.001682561731286114
1086,0.26513671875,-40.48934667308566,-0.7363227537905833,-0.22938233250056328,0.0016760725156927947
1087,0.265380859375,-40.419035394573925,-0.7209966811273348,-0.22915206290184642,0.0016695833001563187
1088,0.265625,-40.34872411606219,-0.7056706084640844,-0.22892179330312956,0.0016630940846198428
1089,0.265869140625,-40.27911967216194,-0.6922587723564144,-0.22868630589459826,0.001655204059773041
1090,0.26611328125,-40.209515228261694,-0.6788469362487446,-0.22845081848601012,0.001647314034869396
1091,0.266357421875,-40.13991078436143,-0.6654351001410728,-0.22821533107747882,0.0016394240100225943
1092,0.2666015625,-40.07030634046118,-0.6520232640334028,-0.22797984366894752,0.0016315339851757926
1093,0.266845703125,-40.000701896560926,-0.638611427925731,-0.22774435626035938,0.001623643960328991
1094,0.26708984375,-39.93109745266067,-0.6251995918180612,-0.22750886885182808,0.0016157539354253458
1095,0.267333984375,-39.86149300876042,-0.6117877557103912,-0.22727338144329678,0.0016078639105785442
1096,0.267578125,-39.79188856486016,-0.5983759196027194,-0.22703789403470864,0.0015999738857317425
1097,0.267822265625,-39.72228412095991,-0.5849640834950496,-0.22680240662617734,0.0015920838608849408
1098,0.26806640625,-39.65267967705965,-0.5715522473873778,-0.22656691921764605,0.0015841938359812957
1099,0.268310546875,-39.583075233159406,-0.558140411279708,-0.2263314318090579,0.001576303811134494
1100,0.2685546875,-39.51347078925915,-0.544728575172038,-0.2260959444005266,0.0015684137862876923
1101,0.268798828125,-39.44386634535889,-0.5313167390643662,-0.2258604569919953,0.0015605237613840472
1102,0.26904296875,-39.374261901458645,-0.5179049029566963,-0.22562496958340716,0.0015526337365372456
1103,0.269287109375,-39.304657457558385,-0.5044930668490246,-0.22538948217487587,0.0015447437116904439
1104,0.26953125,-39.23505301365813,-0.4910812307413546,-0.22515399476634457,0.0015368536868436422
1105,0.269775390625,-39.165448569757885,-0.47766939463368474,-0.22491850735775643,0.0015289636619399971
1106,0.27001953125,-39.095844125857624,-0.46425755852601297,-0.22468301994922513,0.0015210736370931954
1107,0.270263671875,-39.02623968195738,-0.4508457224183431,-0.22444753254063698,0.0015131836122463937
1108,0.2705078125,-38.95663523805712,-0.4374338863106713,-0.2242120451321057,0.001505293587399592
1109,0.270751953125,-38.887030794156864,-0.4240220502030014,-0.2239765577235744,0.001497403562495947
1110,0.27099609375,-38.81742635025662,-0.4106102140953315,-0.22374107031498625,0.0014895135376491453
1111,0.271240234375,-38.74782190635636,-0.3971983779876597,-0.22350558290645495,0.0014816235128023436
1112,0.271484375,-38.678217462456104,-0.38378654187998984,-0.22327009549792365,0.0014737334878986985
1113,0.271728515625,-38.60861301855585,-0.370374705772318,-0.2230346080893355,0.0014658434630518968
1114,0.27197265625,-38.53938428011962,-0.3577177528214308,-0.22279729440089113,0.001457575742051631
1115,0.272216796875,-38.4707190998794,-0.34619312460571783,-0.22255724129246346,0.0014487414767359041
1116,0.2724609375,-38.40205391963918,-0.3346684963900033,-0.22231718818403579,0.0014399072114201772
1117,0.272705078125,-38.33338873939896,-0.32314386817429036,-0.2220771350756081,0.0014310729461044502
1118,0.27294921875,-38.264723559158746,-0.3116192399585758,-0.22183708196723728,0.0014222386808455667
1119,0.273193359375,-38.19605837891853,-0.30009461174286295,-0.2215970288588096,0.0014134044155298398
1120,0.2734375,-38.12739319867831,-0.28856998352715,-0.22135697575038193,0.0014045701502141128
1121,0.273681640625,-38.05872801843809,-0.2770453553114354,-0.22111692264195426,0.0013957358848983858
1122,0.27392578125,-37.99006283819788,-0.2655207270957225,-0.22087686953358343,0.0013869016196395023
1123,0.274169921875,-37.921397657957655,-0.25399609888000796,-0.22063681642515576,0.0013780673543237754
1124,0.2744140625,-37.85273247771744,-0.242471470664295,-0.22039676331672808,0.0013692330890080484
1125,0.274658203125,-37.78406729747723,-0.2309468424485821,-0.2201567102083004,0.0013603988236923215
1126,0.27490234375,-37.71540211723701,-0.2194222142328675,-0.21991665709987274,0.0013515645583765945
1127,0.275146484375,-37.646736936996795,-0.2078975860171546,-0.2196766039915019,0.001342730293117711
1128,0.275390625,-37.57807175675657,-0.19637295780144004,-0.21943655088307423,0.001333896027801984
1129,0.275634765625,-37.50940657651636,-0.18484832958572714,-0.21919649777464656,0.001325061762486257
1130,0.27587890625,-37.44074139627615,-0.1733237013700142,-0.21895644466627573,0.0013162274972273735
1131,0.276123046875,-37.37207621603592,-0.16179907315429964,-0.21871639155784806,0.0013073932319116466
1132,0.2763671875,-37.30341103579571,-0.15027444493858672,-0.21847633844942038,0.0012985589665959196
1133,0.276611328125,-37.23474585555549,-0.13874981672287218,-0.2182362853409927,0.0012897247012801927
1134,0.27685546875,-37.16608067531527,-0.12722518850715925,-0.21799623223256503,0.0012808904359644657
1135,0.277099609375,-37.09741549507507,-0.11570056029144629,-0.2177561791241942,0.0012720561707055822
1136,0.27734375,-37.02875031483484,-0.10417593207573174,-0.21751612601576653,0.0012632219053898552
1137,0.277587890625,-36.96008513459463,-0.09265130386001882,-0.21727607290733886,0.0012543876400741283
1138,0.27783203125,-36.891419954354404,-0.08112667564430426,-0.21703601979891118,0.0012455533747584013
1139,0.278076171875,-36.822754774114195,-0.06960204742859134,-0.21679596669054035,0.0012367191094995178
1140,0.2783203125,-36.75500159530398,-0.059527052345116724,-0.2165528010602884,0.0012274433715901978
1141,0.278564453125,-36.687476416851275,-0.04981446554470022,-0.21630885729956617,0.001218057265589323
1142,0.27880859375,-36.61995123839857,-0.040101878744285106,-0.21606491353884394,0.0012086711595316046
1143,0.279052734375,-36.55242605994585,-0.030389291943868614,-0.2158209697781217,0.0011992850535307298
1144,0.279296875,-36.484900881493154,-0.0206767051434535,-0.21557702601739948,0.001189898947529855
1145,0.279541015625,-36.41737570304045,-0.010964118343038383,-0.21533308225667724,0.0011805128414721366
1146,0.27978515625,-36.34985052458773,-0.001251531542621889,-0.215089138495955,0.0011711267354712618
1147,0.280029296875,-36.282325346135025,0.008461055257793221,-0.21484519473523278,0.0011617406294135435
1148,0.2802734375,-36.21480016768232,0.018173642058209715,-0.2146012509745674,0.0011523545234126686
1149,0.280517578125,-36.14727498922961,0.027886228858624833,-0.21435730721384516,0.0011429684174117938
1150,0.28076171875,-36.079749810776896,0.03759881565903994,-0.21411336345312293,0.0011335823113540755
1151,0.281005859375,-36.012224632324184,0.047311402459456454,-0.2138694196924007,0.0011241962053532006
1152,0.28125,-35.944699453871486,0.05702398925987156,-0.21362547593167847,0.0011148100992954824
1153,0.281494140625,-35.87717427541877,0.06673657606028804,-0.21338153217095623,0.0011054239932946075
1154,0.28173828125,-35.80964909696606,0.07644916286070318,-0.213137588410234,0.0010960378872937326
1155,0.281982421875,-35.742123918513364,0.08616174966111828,-0.21289364464951177,0.0010866517812360144
1156,0.2822265625,-35.674598740060645,0.09587433646153476,-0.21264970088878954,0.0010772656752351395
1157,0.282470703125,-35.60707356160794,0.1055869232619499,-0.21240575712812415,0.0010678795692342646
1158,0.28271484375,-35.53954838315523,0.11529951006236637,-0.21216181336740192,0.0010584934631765464
1159,0.282958984375,-35.47202320470252,0.12501209686278147,-0.2119178696066797,0.0010491073571756715
1160,0.283203125,-35.40449802624982,0.13472468366319662,-0.21167392584595746,0.0010397212511179532
1161,0.283447265625,-35.33697284779711,0.1444372704636131,-0.21142998208523522,0.0010303351451170784
1162,0.28369140625,-35.26944766934441,0.1541498572640282,-0.211186038324513,0.0010209490391162035
1163,0.283935546875,-35.20192249089169,0.16386244406444472,-0.21094209456379076,0.0010115629330584852
1164,0.2841796875,-35.134397312438985,0.17357503086485984,-0.21069815080306853,0.0010021768270576104
1165,0.284423828125,-35.06713450001855,0.18294725476743703,-0.21045356512934177,0.0009927465778787337
1166,0.28466796875,-35.00092115172719,0.19095802707866483,-0.2102064118034832,0.00098313975615838
1167,0.284912109375,-34.93470780343584,0.1989687993898915,-0.20995925847762464,0.0009735329344380261
1168,0.28515625,-34.868494455144486,0.20697957170111927,-0.20971210515176608,0.0009639261127176724
1169,0.285400390625,-34.80228110685314,0.21499034401234593,-0.20946495182590752,0.0009543192909973186
1170,0.28564453125,-34.73606775856179,0.2230011163235726,-0.20921779850004896,0.0009447124692769648
1171,0.285888671875,-34.66985441027043,0.23101188863480038,-0.2089706451741904,0.0009351056475566111
1172,0.2861328125,-34.60364106197908,0.239022660946027,-0.20872349184833183,0.0009254988257794139
1173,0.286376953125,-34.53742771368773,0.24703343325725483,-0.20847633852247327,0.0009158920040590601
1174,0.28662109375,-34.47121436539638,0.25504420556848145,-0.2082291851966147,0.0009062851823387064
1175,0.286865234375,-34.405001017105036,0.2630549778797081,-0.20798203187075615,0.0008966783606183526
1176,0.287109375,-34.33878766881367,0.27106575019093593,-0.20773487854489758,0.0008870715388979988
1177,0.287353515625,-34.27257432052233,0.2790765225021626,-0.20748772521903902,0.0008774647171776451
1178,0.28759765625,-34.20636097223097,0.28708729481339035,-0.20724057189318046,0.0008678578954572913
1179,0.287841796875,-34.140147623939626,0.295098067124617,-0.2069934185673219,0.0008582510737369375
1180,0.2880859375,-34.07393427564828,0.30310883943584366,-0.20674626524146333,0.0008486442520165838
1181,0.288330078125,-34.00772092735692,0.3111196117470715,-0.20649911191560477,0.00083903743029623
1182,0.28857421875,-33.94150757906557,0.31913038405829813,-0.2062519585897462,0.0008294306085758762
1183,0.288818359375,-33.875294230774216,0.32714115636952595,-0.20600480526388765,0.0008198237868555225
1184,0.2890625,-33.80908088248287,0.3351519286807526,-0.20575765193802908,0.0008102169650783253
1185,0.289306640625,-33.74286753419152,0.3431627009919792,-0.20551049861217052,0.0008006101433579715
1186,0.28955078125,-33.67665418590016,0.35117347330320703,-0.20526334528631196,0.0007910033216376178
1187,0.289794921875,-33.61044083760881,0.3591842456144337,-0.2050161919604534,0.000781396499917264
1188,0.2900390625,-33.54422748931746,0.36719501792566145,-0.20476903863459484,0.0007717896781969102
1189,0.290283203125,-33.47801414102611,0.37520579023688816,-0.20452188530873627,0.0007621828564765565
1190,0.29052734375,-33.41180079273475,0.3832165625481148,-0.2042747319828777,0.0007525760347562027
1191,0.290771484375,-33.34646185070208,0.3902867432853362,-0.2040260556154294,0.0007430010813891386
1192,0.291015625,-33.281705846175186,0.396729862973219,-0.20377636388690235,0.0007334473736477776
1193,0.291259765625,-33.21694984164829,0.4031729826611028,-0.20352667215837528,0.0007238936658495732
1194,0.29150390625,-33.15219383712141,0.40961610234898566,-0.2032769804298482,0.0007143399581082122
1195,0.291748046875,-33.08743783259452,0.4160592220368685,-0.20302728870132114,0.0007047862503100077
1196,0.2919921875,-33.02268182806762,0.4225023417247524,-0.20277759697279407,0.0006952325425686467
1197,0.292236328125,-32.95792582354073,0.42894546141263523,-0.202527905244267,0.0006856788347704423
1198,0.29248046875,-32.89316981901383,0.435388581100519,-0.20227821351573994,0.0006761251270290813
1199,0.292724609375,-32.82841381448694,0.44183170078840184,-0.20202852178721287,0.0006665714192308769
1200,0.29296875,-32.76365780996005,0.4482748204762847,-0.2017788300586858,0.0006570177114895159
1201,0.293212890625,-32.69890180543316,0.45471794016416844,-0.2015291383301019,0.0006474640036913115
1202,0.29345703125,-32.634145800906275,0.4611610598520513,-0.20127944660157482,0.0006379102958931071
1203,0.293701171875,-32.56938979637937,0.4676041795399351,-0.20102975487304775,0.0006283565881517461
1204,0.2939453125,-32.504633791852484,0.47404729922781796,-0.20078006314452068,0.0006188028803535417
1205,0.294189453125,-32.43987778732559,0.4804904189157009,-0.2005303714159936,0.0006092491726121807
1206,0.29443359375,-32.37512178279869,0.4869335386035846,-0.20028067968746655,0.0005996954648139763
1207,0.294677734375,-32.31036577827181,0.4933766582914675,-0.20003098795893948,0.0005901417570726153
1208,0.294921875,-32.24560977374492,0.49981977797935134,-0.1997812962304124,0.0005805880492744109
1209,0.295166015625,-32.180853769218025,0.5062628976672341,-0.19953160450188534,0.0005710343415330499
1210,0.29541015625,-32.11609776469113,0.5127060173551169,-0.19928191277335827,0.0005614806337348455
1211,0.295654296875,-32.051341760164235,0.5191491370430008,-0.1990322210448312,0.0005519269259934845
1212,0.2958984375,-31.986585755637353,0.5255922567308836,-0.19878252931630414,0.0005423732181952801
1213,0.296142578125,-31.921829751110455,0.5320353764187673,-0.19853283758777707,0.0005328195104539191
1214,0.29638671875,-31.857073746583563,0.5384784961066502,-0.19828314585925,0.0005232658026557147
1215,0.296630859375,-31.792317742056678,0.544921615794533,-0.19803345413072293,0.0005137120949143537
1216,0.296875,-31.727561737529783,0.5513647354824167,-0.19778376240219586,0.0005041583871161492
1217,0.297119140625,-31.664384626003542,0.5563889948666031,-0.1975321791437068,0.0004948790391381408
1218,0.29736328125,-31.6012075144773,0.5614132542507904,-0.19728059588527458,0.00048559969116013235
1219,0.297607421875,-31.53803040295107,0.5664375136349769,-0.19702901262678552,0.0004763203431252805
1220,0.2978515625,-31.474853291424832,0.5714617730191632,-0.19677742936829645,0.00046704099514727204
1221,0.298095703125,-31.41167617989859,0.5764860324033504,-0.19652584610986423,0.0004577616471692636
1222,0.29833984375,-31.348499068372355,0.581510291787537,-0.19627426285137517,0.00044848229919125515
1223,0.298583984375,-31.28532195684611,0.5865345511717243,-0.1960226795928861,0.0004392029512132467
1224,0.298828125,-31.222144845319875,0.5915588105559105,-0.1957710963344539,0.00042992360323523826
1225,0.299072265625,-31.15896773379364,0.5965830699400971,-0.19551951307596482,0.0004206442552003864
1226,0.29931640625,-31.095790622267398,0.6016073293242843,-0.19526792981747576,0.00041136490722237795
1227,0.299560546875,-31.032613510741164,0.6066315887084708,-0.19501634655904354,0.0004020855592443695
1228,0.2998046875,-30.96943639921492,0.6116558480926579,-0.19476476330055448,0.00039280621126636106
1229,0.300048828125,-30.906259287688687,0.6166801074768444,-0.19451318004206541,0.0003835268632883526
1230,0.30029296875,-30.84308217616245,0.6217043668610309,-0.1942615967836332,0.00037424751531034417
1231,0.300537109375,-30.779905064636207,0.6267286262452181,-0.19401001352514413,0.0003649681672754923
1232,0.30078125,-30.716727953109974,0.6317528856294046,-0.19375843026665507,0.00035568881929748386
1233,0.301025390625,-30.65355084158373,0.6367771450135917,-0.19350684700822285,0.0003464094713194754
1234,0.30126953125,-30.590373730057493,0.6418014043977782,-0.19325526374973379,0.00033713012334146697
1235,0.301513671875,-30.527196618531264,0.6468256637819647,-0.19300368049124472,0.0003278507753634585
1236,0.3017578125,-30.46401950700502,0.651849923166152,-0.1927520972328125,0.0003185714273854501
1237,0.302001953125,-30.400842395478787,0.6568741825503384,-0.19250051397432344,0.0003092920793505982
1238,0.30224609375,-30.337665283952543,0.6618984419345255,-0.19224893071583438,0.00030001273137258977
1239,0.302490234375,-30.274488172426302,0.6669227013187121,-0.19199734745740216,0.0002907333833945813
1240,0.302734375,-30.211311060900076,0.6719469607028985,-0.1917457641989131,0.0002814540354165729
1241,0.302978515625,-30.148133949373833,0.6769712200870858,-0.19149418094042403,0.00027217468743856443
1242,0.30322265625,-30.085628274494645,0.6814902524842215,-0.19124208519190233,0.0002630746076874857
1243,0.303466796875,-30.024129754586042,0.6852514444007815,-0.19098922070827484,0.00025424343039048836
1244,0.3037109375,-29.96263123467744,0.689012636317341,-0.19073635622464735,0.0002454122530366476
1245,0.303955078125,-29.901132714768845,0.6927738282339004,-0.19048349174101986,0.00023658107573965026
1246,0.30419921875,-29.839634194860242,0.6965350201504605,-0.19023062725744921,0.0002277498983858095
1247,0.304443359375,-29.778135674951642,0.70029621206702,-0.18997776277382172,0.00021891872108881216
1248,0.3046875,-29.716637155043035,0.70405740398358,-0.18972489829019423,0.0002100875437349714
1249,0.304931640625,-29.655138635134435,0.7078185959001394,-0.18947203380656674,0.00020125636643797407
1250,0.30517578125,-29.593640115225835,0.711579787816699,-0.18921916932293925,0.00019242518914097673
1251,0.305419921875,-29.532141595317228,0.7153409797332589,-0.18896630483931176,0.00018359401178713597
1252,0.3056640625,-29.470643075408628,0.7191021716498184,-0.18871344035568427,0.00017476283449013863
1253,0.305908203125,-29.409144555500024,0.7228633635663785,-0.18846057587205678,0.00016593165713629787
1254,0.30615234375,-29.347646035591424,0.7266245554829379,-0.1882077113884293,0.00015710047983930053
1255,0.306396484375,-29.28614751568283,0.7303857473994974,-0.18795484690485864,0.00014826930248545978
1256,0.306640625,-29.22464899577422,0.7341469393160573,-0.18770198242123115,0.00013943812518846244
1257,0.306884765625,-29.163150475865624,0.7379081312326169,-0.18744911793760366,0.00013060694783462168
1258,0.30712890625,-29.10165195595702,0.741669323149177,-0.18719625345397617,0.00012177577053762434
1259,0.307373046875,-29.040153436048417,0.7454305150657364,-0.18694338897034868,0.000112944593240627
1260,0.3076171875,-28.978654916139817,0.749191706982296,-0.1866905244867212,0.00010411341588678624
1261,0.307861328125,-28.91715639623121,0.7529528988988559,-0.1864376600030937,9.52822385897889e-05
1262,0.30810546875,-28.855657876322613,0.7567140908154153,-0.1861847955194662,8.645106123594815e-05
1263,0.308349609375,-28.794159356414006,0.7604752827319753,-0.18593193103589556,7.76198839389508e-05
1264,0.30859375,-28.732660836505406,0.7642364746485348,-0.18567906655226807,6.878870658511005e-05
1265,0.308837890625,-28.671162316596813,0.7679976665650943,-0.18542620206864058,5.995752928811271e-05
1266,0.30908203125,-28.60966379668821,0.7717588584816544,-0.1851733375850131,5.112635193427195e-05
1267,0.309326171875,-28.548165276779606,0.7755200503982139,-0.1849204731013856,4.229517463727461e-05
1268,0.3095703125,-28.488073411973925,0.778396131363023,-0.18466703471608525,3.3927909612430085e-05
1269,0.309814453125,-28.428333210943983,0.7810509345898943,-0.18441345285532407,2.5676622726678033e-05
1270,0.31005859375,-28.36859300991404,0.7837057378167654,-0.18415987099461972,1.7425335784082563e-05
1271,0.310302734375,-28.30885280888409,0.786360541043637,-0.18390628913391538,9.174048898330511e-06
1272,0.310546875,-28.249112607854144,0.7890153442705081,-0.1836527072731542,9.227619557350408e-07
1273,0.310791015625,-28.189372406824198,0.7916701474973799,-0.18339912541244985,-7.32852498686043e-06
1274,0.31103515625,-28.129632205794255,0.794324950724251,-0.18314554355168866,-1.557981187261248e-05
1275,0.311279296875,-28.069892004764313,0.7969797539511222,-0.18289196169098432,-2.3831098815207952e-05
1276,0.3115234375,-28.010151803734363,0.7996345571779938,-0.18263837983022313,-3.208238570096e-05
1277,0.311767578125,-27.950411602704417,0.802289360404865,-0.18238479796951879,-4.0333672643555474e-05
1278,0.31201171875,-27.89067140167447,0.8049441636317365,-0.1821312161087576,-4.8584959529307525e-05
1279,0.312255859375,-27.830931200644525,0.8075989668586077,-0.18187763424805325,-5.6836246471902996e-05
1280,0.3125,-27.771190999614586,0.810253770085479,-0.1816240523873489,-6.508753335765505e-05
1281,0.31274414062499994,-27.711450798584643,0.8129085733123502,-0.18137047052658772,-7.333882030025052e-05
1282,0.31298828125,-27.651710597554683,0.8155633765392222,-0.18111688866588338,-8.159010724284599e-05
1283,0.313232421875,-27.591970396524744,0.8182181797660932,-0.1808633068051222,-8.984139412859804e-05
1284,0.3134765625,-27.5322301954948,0.8208729829929645,-0.18060972494441785,-9.809268107119351e-05
1285,0.313720703125,-27.47248999446486,0.8235277862198357,-0.18035614308365666,-0.00010634396795694556
1286,0.31396484374999994,-27.412749793434916,0.826182589446707,-0.18010256122295232,-0.00011459525489954103
1287,0.314208984375,-27.353009592404955,0.8288373926735789,-0.17984897936219113,-0.00012284654178529308
1288,0.314453125,-27.293269391375016,0.8314921959004501,-0.1795953975014868,-0.00013109782872788855
1289,0.314697265625,-27.233529190345074,0.8341469991273213,-0.1793418156407256,-0.00013934911567048403
1290,0.31494140625,-27.17378898931513,0.8368018023541925,-0.17908823378002126,-0.00014760040255623608
1291,0.31518554687499994,-27.11404878828519,0.8394566055810636,-0.1788346519193169,-0.00015585168949883155
1292,0.3154296875,-27.054308587255232,0.8421114088079356,-0.17858107005855572,-0.0001641029763845836
1293,0.315673828125,-26.994932335036033,0.844575494409374,-0.178327446725973,-0.00017221929073230058
1294,0.31591796875,-26.937011878059813,0.8462767095090801,-0.1780736575060473,-0.0001797957147005036
1295,0.316162109375,-26.879091421083597,0.8479779246087863,-0.17781986828612162,-0.0001873721386687066
1296,0.31640624999999994,-26.821170964107377,0.8496791397084924,-0.17756607906619593,-0.00019494856263690963
1297,0.316650390625,-26.76325050713114,0.851380354808199,-0.1773122898462134,-0.00020252498660511264
1298,0.31689453125,-26.70533005015492,0.8530815699079051,-0.1770585006262877,-0.00021010141051647224
1299,0.317138671875,-26.6474095931787,0.8547827850076112,-0.176804711406362,-0.00021767783448467526
1300,0.3173828125,-26.589489136202477,0.8564840001073174,-0.17655092218637947,-0.00022525425845287828
1301,0.31762695312499994,-26.531568679226258,0.8581852152070235,-0.17629713296645377,-0.0002328306824210813
1302,0.31787109375,-26.473648222250024,0.8598864303067301,-0.17604334374652808,-0.0002404071063892843
1303,0.318115234375,-26.4157277652738,0.8615876454064363,-0.1757895545266024,-0.0002479835303574873
1304,0.318359375,-26.357807308297584,0.8632888605061424,-0.17553576530661985,-0.00025555995432569034
1305,0.318603515625,-26.299886851321364,0.8649900756058485,-0.17528197608669416,-0.00026313637829389336
1306,0.31884765624999994,-26.241966394345145,0.8666912907055547,-0.17502818686676846,-0.00027071280220525296
1307,0.319091796875,-26.184045937368907,0.8683925058052613,-0.17477439764678593,-0.00027828922617345597
1308,0.3193359375,-26.126125480392687,0.8700937209049675,-0.17452060842686024,-0.000285865650141659
1309,0.319580078125,-26.068205023416468,0.8717949360046735,-0.17426681920693454,-0.000293442074109862
1310,0.31982421875,-26.01028456644025,0.8734961511043797,-0.17401302998700885,-0.000301018498078065
1311,0.32006835937499994,-25.952364109464032,0.8751973662040857,-0.1737592407670263,-0.00030859492204626804
1312,0.3203125,-25.894443652487798,0.8768985813037924,-0.17350545154710062,-0.00031617134601447106
1313,0.320556640625,-25.836523195511578,0.8785997964034986,-0.17325166232717493,-0.00032374776998267407
1314,0.32080078125,-25.778602738535355,0.8803010115032045,-0.1729978731071924,-0.0003313241939508771
1315,0.321044921875,-25.720682281559135,0.8820022266029107,-0.1727440838872667,-0.0003389006178622367
1316,0.32128906249999994,-25.662761824582915,0.8837034417026169,-0.172490294667341,-0.0003464770418304397
1317,0.321533203125,-25.604841367606678,0.8854046568023235,-0.1722365054474153,-0.0003540534657986427
1318,0.32177734375,-25.546920910630458,0.8871058719020295,-0.17198271622743277,-0.00036162988976684574
1319,0.322021484375,-25.490119066951262,0.8883221399379835,-0.17172907337300103,-0.0003687633453637318
1320,0.322265625,-25.43406296547008,0.889215109931436,-0.17147552809552735,-0.0003756014887130732
1321,0.32250976562499994,-25.378006863988897,0.8901080799248884,-0.17122198281805368,-0.0003824396320055712
1322,0.32275390625,-25.321950762507697,0.8910010499183412,-0.17096843754063684,-0.0003892777753549126
1323,0.322998046875,-25.26589466102652,0.8918940199117936,-0.17071489226316316,-0.000396115918704254
1324,0.3232421875,-25.209838559545332,0.8927869899052461,-0.1704613469856895,-0.0004029540620535954
1325,0.323486328125,-25.153782458064153,0.8936799598986985,-0.1702078017082158,-0.0004097922053460934
1326,0.32373046874999994,-25.09772635658297,0.894572929892151,-0.16995425643074213,-0.0004166303486954348
1327,0.323974609375,-25.041670255101774,0.8954658998856037,-0.1697007111533253,-0.0004234684920447762
1328,0.32421875,-24.98561415362059,0.8963588698790562,-0.16944716587585162,-0.0004303066353941176
1329,0.324462890625,-24.92955805213941,0.8972518398725086,-0.16919362059837795,-0.00043714477874345903
1330,0.32470703125,-24.873501950658223,0.8981448098659611,-0.16894007532090427,-0.000443982922035957
1331,0.32495117187499994,-24.81744584917704,0.8990377798594136,-0.1686865300434306,-0.0004508210653852984
1332,0.3251953125,-24.761389747695844,0.8999307498528664,-0.16843298476601376,-0.00045765920873463983
1333,0.325439453125,-24.70533364621466,0.9008237198463189,-0.16817943948854008,-0.00046449735208398124
1334,0.32568359375,-24.649277544733483,0.9017166898397714,-0.1679258942110664,-0.00047133549537647923
1335,0.325927734375,-24.593221443252297,0.9026096598332238,-0.16767234893359273,-0.00047817363872582064
1336,0.32617187499999994,-24.537165341771114,0.9035026298266763,-0.16741880365611905,-0.00048501178207516205
1337,0.326416015625,-24.481109240289918,0.904395599820129,-0.16716525837870222,-0.0004918499254245035
1338,0.32666015625,-24.42505313880873,0.9052885698135815,-0.16691171310122854,-0.0004986880687170014
1339,0.326904296875,-24.368997037327553,0.9061815398070339,-0.16665816782375487,-0.0005055262120663429
1340,0.3271484375,-24.312940935846367,0.9070745098004864,-0.1664046225462812,-0.0005123643554156843
1341,0.32739257812499994,-24.256884834365188,0.9079674797939388,-0.1661510772688075,-0.0005192024987650257
1342,0.32763671875,-24.20082873288399,0.9088604497873916,-0.16589753199139068,-0.0005260406420575237
1343,0.327880859375,-24.144772631402805,0.9097534197808439,-0.165643986713917,-0.0005328787854068651
1344,0.328125,-24.088716529921623,0.9106463897742965,-0.16539044143644333,-0.0005397169287562065
1345,0.328369140625,-24.03455391998644,0.9108664437202147,-0.16513753013475707,-0.0005457800022554693
1346,0.32861328124999994,-23.980391310051257,0.911086497666133,-0.16488461883307082,-0.0005518430757547321
1347,0.328857421875,-23.926228700116056,0.9113065516120515,-0.16463170753138456,-0.000557906149253995
1348,0.3291015625,-23.872066090180876,0.9115266055579698,-0.1643787962296983,-0.0005639692227532578
1349,0.329345703125,-23.81790348024569,0.911746659503888,-0.1641258849280689,-0.0005700322962525206
1350,0.32958984375,-23.76374087031051,0.9119667134498064,-0.16387297362638265,-0.0005760953697517834
1351,0.32983398437499994,-23.709578260375324,0.9121867673957247,-0.1636200623246964,-0.0005821584432510463
1352,0.330078125,-23.655415650440126,0.9124068213416432,-0.16336715102301014,-0.0005882215167503091
1353,0.330322265625,-23.601253040504943,0.9126268752875615,-0.16311423972132388,-0.0005942845902495719
1354,0.33056640625,-23.547090430569757,0.9128469292334798,-0.16286132841963763,-0.0006003476637488347
1355,0.330810546875,-23.492927820634577,0.913066983179398,-0.16260841711795138,-0.0006064107372480976
1356,0.33105468749999994,-23.438765210699394,0.9132870371253163,-0.16235550581632197,-0.0006124738107473604
1357,0.331298828125,-23.384602600764193,0.9135070910712348,-0.1621025945146357,-0.0006185368842466232
1358,0.33154296875,-23.33043999082901,0.9137271450171531,-0.16184968321294946,-0.0006245999577458861
1359,0.331787109375,-23.276277380893827,0.9139471989630714,-0.1615967719112632,-0.0006306630312451489
1360,0.33203125,-23.222114770958644,0.9141672529089897,-0.16134386060957695,-0.0006367261047444117
1361,0.33227539062499994,-23.16795216102346,0.9143873068549082,-0.1610909493078907,-0.0006427891782436745
1362,0.33251953125,-23.113789551088264,0.9146073608008265,-0.16083803800620444,-0.0006488522517429374
1363,0.332763671875,-23.059626941153077,0.9148274147467448,-0.1605851267045182,-0.0006549153252422002
1364,0.3330078125,-23.005464331217894,0.9150474686926631,-0.16033221540288878,-0.000660978398741463
1365,0.333251953125,-22.95130172128271,0.9152675226385816,-0.16007930410120252,-0.0006670414722407259
1366,0.33349609374999994,-22.897139111347528,0.9154875765844999,-0.15982639279951627,-0.0006731045457399887
1367,0.333740234375,-22.84297650141233,0.9157076305304181,-0.15957348149783002,-0.0006791676192392515
1368,0.333984375,-22.788813891477144,0.9159276844763364,-0.15932057019614376,-0.0006852306927385143
1369,0.334228515625,-22.734651281541964,0.9161477384222547,-0.1590676588944575,-0.0006912937662377772
1370,0.33447265625,-22.681252019799686,0.9161480766630399,-0.15881513250371881,-0.0006970409157815993
1371,0.33471679687499994,-22.62899778034676,0.9158188413461246,-0.15856318347942988,-0.000702314179534369
1372,0.3349609375,-22.576743540893826,0.9154896060292093,-0.15831123445514095,-0.0007075874432302953
1373,0.335205078125,-22.52448930144091,0.9151603707122941,-0.15805928543079517,-0.0007128607069262216
1374,0.33544921875,-22.472235061987984,0.9148311353953791,-0.15780733640650624,-0.0007181339706221479
1375,0.335693359375,-22.419980822535063,0.9145019000784639,-0.1575553873822173,-0.0007234072343749176
1376,0.33593749999999994,-22.367726583082142,0.9141726647615486,-0.15730343835792837,-0.0007286804980708439
1377,0.336181640625,-22.315472343629203,0.9138434294446331,-0.1570514893335826,-0.0007339537617667702
1378,0.33642578125,-22.263218104176286,0.9135141941277181,-0.15679954030929366,-0.0007392270255195399
1379,0.336669921875,-22.21096386472336,0.913184958810803,-0.15654759128500473,-0.0007445002892154662
1380,0.3369140625,-22.158709625270436,0.9128557234938879,-0.15629564226065895,-0.0007497735529113925
1381,0.33715820312499994,-22.106455385817522,0.9125264881769726,-0.15604369323637002,-0.0007550468166073188
1382,0.33740234375,-22.054201146364584,0.9121972528600572,-0.15579174421208108,-0.0007603200803600885
1383,0.337646484375,-22.001946906911662,0.9118680175431423,-0.1555397951877353,-0.0007655933440560148
1384,0.337890625,-21.94969266745874,0.911538782226227,-0.15528784616344637,-0.000770866607751941
1385,0.338134765625,-21.897438428005817,0.9112095469093118,-0.15503589713915744,-0.0007761398714478673
1386,0.33837890624999994,-21.8451841885529,0.9108803115923966,-0.1547839481148685,-0.0007814131351437936
1387,0.338623046875,-21.79292994909996,0.9105510762754814,-0.15453199909052273,-0.0007866863988965633
1388,0.3388671875,-21.740675709647043,0.9102218409585662,-0.1542800500662338,-0.0007919596625924896
1389,0.339111328125,-21.688421470194122,0.909892605641651,-0.15402810104194486,-0.0007972329262884159
1390,0.33935546875,-21.636167230741197,0.9095633703247358,-0.1537761520175991,-0.0008025061899843422
1391,0.33959960937499994,-21.583912991288276,0.9092341350078205,-0.15352420299331015,-0.0008077794537371119
1392,0.33984375,-21.53165875183534,0.9089048996909054,-0.15327225396902122,-0.0008130527174330382
1393,0.340087890625,-21.479404512382416,0.9085756643739902,-0.15302030494467544,-0.0008183259811289645
1394,0.34033203125,-21.4271502729295,0.908246429057075,-0.1527683559203865,-0.0008235992448248908
1395,0.340576171875,-21.374896033476574,0.9079171937401598,-0.15251640689609758,-0.0008288725085776605
1396,0.34082031249999994,-21.324169887718075,0.9072372944196736,-0.15226544200680792,-0.0008335164291111141
1397,0.341064453125,-21.27382576538316,0.9064697290982943,-0.1520147231512965,-0.0008380030138823713
1398,0.34130859375,-21.223481643048267,0.9057021637769151,-0.15176400429572823,-0.0008424895986536285
1399,0.341552734375,-21.173137520713375,0.9049345984555359,-0.1515132854402168,-0.0008469761834248857
1400,0.341796875,-21.122793398378477,0.904167033134157,-0.15126256658470538,-0.0008514627681961429
1401,0.34204101562499994,-21.072449276043585,0.9033994678127778,-0.15101184772919396,-0.0008559493529674
1402,0.34228515625,-21.022105153708672,0.9026319024913985,-0.1507611288736257,-0.0008604359377386572
1403,0.342529296875,-20.971761031373774,0.9018643371700196,-0.15051041001811427,-0.0008649225225099144
1404,0.3427734375,-20.92141690903888,0.9010967718486405,-0.15025969116260285,-0.0008694091072811716
1405,0.343017578125,-20.87107278670398,0.9003292065272613,-0.15000897230709143,-0.0008738956920524288
1406,0.34326171874999994,-20.82072866436909,0.8995616412058821,-0.14975825345158,-0.000878382276823686
1407,0.343505859375,-20.770384542034176,0.898794075884503,-0.14950753459601174,-0.0008828688615949432
1408,0.34375,-20.72004041969928,0.8980265105631238,-0.14925681574050031,-0.0008873554463662003
1409,0.343994140625,-20.669696297364386,0.8972589452417447,-0.1490060968849889,-0.0008918420311943009
1410,0.34423828125,-20.61935217502949,0.8964913799203658,-0.14875537802947747,-0.0008963286159655581
1411,0.34448242187499994,-20.569008052694592,0.8957238145989866,-0.1485046591739092,-0.0009008152007368153
1412,0.3447265625,-20.51866393035968,0.8949562492776073,-0.14825394031839778,-0.0009053017855080725
1413,0.344970703125,-20.468319808024788,0.8941886839562281,-0.14800322146288636,-0.0009097883702793297
1414,0.34521484375,-20.41797568568989,0.8934211186348492,-0.14775250260737494,-0.0009142749550505869
1415,0.345458984375,-20.367631563354994,0.89265355331347,-0.14750178375180667,-0.000918761539821844
1416,0.34570312499999994,-20.317287441020095,0.891885987992091,-0.14725106489629525,-0.0009232481245931012
1417,0.345947265625,-20.266943318685183,0.8911184226707117,-0.14700034604078382,-0.0009277347093643584
1418,0.34619140625,-20.21659919635029,0.8903508573493326,-0.1467496271852724,-0.0009322212941356156
1419,0.346435546875,-20.166255074015396,0.8895832920279535,-0.14649890832970414,-0.0009367078789068728
1420,0.3466796875,-20.1159109516805,0.8888157267065745,-0.1462481894741927,-0.00094119446367813
1421,0.34692382812499994,-20.065946786315653,0.8879800785887227,-0.14599775870334497,-0.0009455271634806195
1422,0.34716796875,-20.017502448830992,0.8868720992849798,-0.1457484802710951,-0.0009492443234080383
1423,0.347412109375,-19.969058111346342,0.8857641199812374,-0.14549920183884524,-0.0009529614833354572
1424,0.34765625,-19.92061377386169,0.8846561406774948,-0.14524992340659537,-0.000956678643262876
1425,0.347900390625,-19.872169436377042,0.8835481613737524,-0.1450006449743455,-0.0009603958031902948
1426,0.34814453124999994,-19.823725098892393,0.8824401820700098,-0.14475136654209564,-0.0009641129631177137
1427,0.348388671875,-19.775280761407732,0.881332202766267,-0.14450208810984577,-0.0009678301230451325
1428,0.3486328125,-19.726836423923082,0.8802242234625245,-0.1442528096775959,-0.0009715472829725513
1429,0.348876953125,-19.678392086438432,0.879116244158782,-0.14400353124534604,-0.0009752644428999702
1430,0.34912109375,-19.629947748953782,0.8780082648550395,-0.14375425281309617,-0.000978981602827389
1431,0.34936523437499994,-19.581503411469136,0.876900285551297,-0.1435049743808463,-0.0009826987627548078
1432,0.349609375,-19.53305907398447,0.8757923062475541,-0.14325569594859644,-0.00098641592273907
1433,0.349853515625,-19.48461473649982,0.8746843269438116,-0.14300641751634657,-0.000990133082666489
1434,0.35009765625,-19.43617039901517,0.8735763476400691,-0.1427571390840967,-0.0009938502425939078
1435,0.350341796875,-19.387726061530525,0.8724683683363267,-0.14250786065184684,-0.0009975674025213266
1436,0.35058593749999994,-19.339281724045875,0.8713603890325841,-0.14225858221959697,-0.0010012845624487454
1437,0.350830078125,-19.29083738656121,0.8702524097288413,-0.1420093037873471,-0.0010050017223761643
1438,0.35107421875,-19.24239304907656,0.8691444304250987,-0.14176002535509724,-0.001008718882303583
1439,0.351318359375,-19.19394871159192,0.8680364511213563,-0.14151074692284737,-0.001012436042231002
1440,0.3515625,-19.145504374107265,0.8669284718176137,-0.1412614684905975,-0.0010161532021584208
1441,0.35180664062499994,-19.097060036622615,0.8658204925138712,-0.14101219005834764,-0.0010198703620858396
1442,0.35205078125,-19.04861569913795,0.8647125132101283,-0.14076291162609778,-0.0010235875220132584
1443,0.352294921875,-19.000171361653308,0.8636045339063859,-0.1405136331938479,-0.0010273046819406773
1444,0.3525390625,-18.951727024168655,0.8624965546026433,-0.14026435476159804,-0.001031021841868096
1445,0.352783203125,-18.903282686684005,0.8613885752989008,-0.14001507632934818,-0.001034739001795515
1446,0.35302734374999994,-18.85483834919936,0.8602805959951583,-0.1397657978970983,-0.0010384561617229338
1447,0.353271484375,-18.807521035345772,0.8590193480156433,-0.13951747762212108,-0.001041728509846962
1448,0.353515625,-18.760955070579573,0.8576559209189473,-0.13926979611875367,-0.001044704316655043
1449,0.353759765625,-18.71438910581338,0.8562924938222513,-0.13902211461532943,-0.0010476801235199673
1450,0.35400390625,-18.667823141047187,0.8549290667255551,-0.13877443311190518,-0.0010506559303848917
1451,0.35424804687499994,-18.621257176280995,0.8535656396288592,-0.13852675160853778,-0.001053631737249816
1452,0.3544921875,-18.574691211514786,0.8522022125321628,-0.13827907010511353,-0.0010566075441147404
1453,0.354736328125,-18.52812524674859,0.8508387854354666,-0.1380313886016893,-0.0010595833509796648
1454,0.35498046875,-18.4815592819824,0.8494753583387705,-0.13778370709832188,-0.0010625591577877458
1455,0.355224609375,-18.434993317216204,0.8481119312420744,-0.13753602559489764,-0.0010655349646526702
1456,0.35546874999999994,-18.38842735245001,0.8467485041453785,-0.13728834409153023,-0.0010685107715175945
1457,0.355712890625,-18.341861387683807,0.845385077048682,-0.137040662588106,-0.001071486578382519
1458,0.35595703125,-18.29529542291761,0.844021649951986,-0.13679298108468174,-0.0010744623852474433
1459,0.356201171875,-18.248729458151416,0.8426582228552899,-0.13654529958131434,-0.0010774381920555243
1460,0.3564453125,-18.202163493385225,0.8412947957585939,-0.1362976180778901,-0.0010804139989204486
1461,0.35668945312499994,-18.15559752861903,0.8399313686618979,-0.13604993657446585,-0.001083389805785373
1462,0.35693359375,-18.10903156385282,0.8385679415652014,-0.13580225507109844,-0.0010863656126502974
1463,0.357177734375,-18.062465599086625,0.8372045144685053,-0.1355545735676742,-0.0010893414195152218
1464,0.357421875,-18.015899634320434,0.8358410873718092,-0.13530689206424995,-0.0010923172263801462
1465,0.357666015625,-17.96933366955424,0.8344776602751133,-0.13505921056088255,-0.0010952930331882271
1466,0.35791015624999994,-17.922767704788043,0.8331142331784173,-0.1348115290574583,-0.0010982688400531515
1467,0.358154296875,-17.87620174002184,0.8317508060817208,-0.13456384755403406,-0.0011012446469180759
1468,0.3583984375,-17.829635775255646,0.8303873789850247,-0.13431616605066665,-0.0011042204537830003
1469,0.358642578125,-17.783069810489447,0.8290239518883287,-0.1340684845472424,-0.0011071962606479246
1470,0.35888671875,-17.73650384572326,0.8276605247916327,-0.13382080304381816,-0.0011101720674560056
1471,0.35913085937499994,-17.689937880957064,0.8262970976949365,-0.13357312154045076,-0.00111314787432093
1472,0.359375,-17.64337191619086,0.82493367059824,-0.1333254400370265,-0.0011161236811858544
1473,0.359619140625,-17.598652789014142,0.8233872669360178,-0.13307946290018435,-0.0011183941566628164
1474,0.35986328125,-17.553933661837426,0.8218408632737957,-0.1328334857633422,-0.001120664632082935
1475,0.360107421875,-17.50921453466071,0.8202944596115734,-0.13258750862650004,-0.001122935107559897
1476,0.36035156249999994,-17.464495407483994,0.8187480559493512,-0.13234153148965788,-0.0011252055829800156
1477,0.360595703125,-17.419776280307268,0.8172016522871286,-0.13209555435281572,-0.0011274760584569776
1478,0.36083984375,-17.37505715313055,0.8156552486249063,-0.13184957721597357,-0.0011297465338770962
1479,0.361083984375,-17.330338025953832,0.814108844962684,-0.1316036000791314,-0.0011320170093540582
1480,0.361328125,-17.285618898777116,0.8125624413004618,-0.13135762294228925,-0.0011342874848310203
1481,0.36157226562499994,-17.240899771600404,0.8110160376382397,-0.1311116458054471,-0.0011365579602511389
1482,0.36181640625,-17.196180644423674,0.809469633976017,-0.13086566866860494,-0.0011388284357281009
1483,0.362060546875,-17.151461517246958,0.8079232303137948,-0.13061969153176278,-0.0011410989111482195
1484,0.3623046875,-17.10674239007024,0.8063768266515726,-0.13037371439492063,-0.0011433693866251815
1485,0.362548828125,-17.062023262893526,0.8048304229893504,-0.13012773725807847,-0.0011456398620453
1486,0.36279296874999994,-17.017304135716813,0.803284019327128,-0.1298817601212363,-0.0011479103375222621
1487,0.363037109375,-16.97258500854008,0.8017376156649054,-0.12963578298439415,-0.0011501808129423807
1488,0.36328125,-16.927865881363367,0.8001912120026833,-0.129389805847552,-0.0011524512884193427
1489,0.363525390625,-16.883146754186647,0.798644808340461,-0.12914382871070984,-0.0011547217638963048
1490,0.36376953125,-16.838427627009935,0.7970984046782388,-0.12889785157386768,-0.0011569922393164234
1491,0.36401367187499994,-16.79370849983322,0.7955520010160166,-0.12865187443702553,-0.0011592627147933854
1492,0.3642578125,-16.74898937265649,0.7940055973537938,-0.12840589730018337,-0.001161533190213504
1493,0.364501953125,-16.704270245479776,0.7924591936915717,-0.1281599201633412,-0.001163803665690466
1494,0.36474609375,-16.659551118303057,0.7909127900293494,-0.1279139430264422,-0.0011660741411105846
1495,0.364990234375,-16.614831991126344,0.7893663863671273,-0.12766796588960005,-0.0011683446165875466
1496,0.36523437499999994,-16.57011286394963,0.7878199827049049,-0.1274219887527579,-0.0011706150920076652
1497,0.365478515625,-16.525393736772898,0.7862735790426825,-0.12717601161591574,-0.0011728855674846272
1498,0.36572265625,-16.481397050366258,0.7846782642809984,-0.1269307416463903,-0.0011748905207582538
1499,0.365966796875,-16.438484025114732,0.7830095828701217,-0.12668653242769778,-0.0011764971906700339
1500,0.3662109375,-16.395570999863203,0.7813409014592448,-0.12644232320900528,-0.0011781038606386574
1501,0.36645507812499994,-16.352657974611677,0.7796722200483682,-0.12619811399036962,-0.0011797105305504374
1502,0.36669921875,-16.309744949360137,0.778003538637491,-0.12595390477167712,-0.0011813172005190609
1503,0.366943359375,-16.26683192410861,0.7763348572266143,-0.1257096955529846,-0.001182923870430841
1504,0.3671875,-16.223918898857082,0.7746661758157376,-0.12546548633434895,-0.001184530540342621
1505,0.367431640625,-16.181005873605553,0.772997494404861,-0.12522127711565645,-0.0011861372103112444
1506,0.36767578124999994,-16.138092848354027,0.7713288129939841,-0.12497706789696394,-0.0011877438802230245
1507,0.367919921875,-16.095179823102487,0.769660131583107,-0.12473285867827144,-0.001189350550191648
1508,0.3681640625,-16.05226679785096,0.7679914501722303,-0.12448864945963578,-0.001190957220103428
1509,0.368408203125,-16.009353772599432,0.7663227687613536,-0.12424444024094328,-0.0011925638900720514
1510,0.36865234375,-15.966440747347907,0.7646540873504769,-0.12400023102225077,-0.0011941705599838315
1511,0.36889648437499994,-15.92352772209638,0.7629854059396001,-0.12375602180361511,-0.001195777229952455
1512,0.369140625,-15.880614696844837,0.7613167245287229,-0.12351181258492261,-0.001197383899864235
1513,0.369384765625,-15.837701671593312,0.7596480431178463,-0.1232676033662301,-0.0011989905698328585
1514,0.36962890625,-15.794788646341786,0.7579793617069696,-0.12302339414759444,-0.0012005972397446385
1515,0.369873046875,-15.751875621090257,0.7563106802960928,-0.12277918492890194,-0.001202203909713262
1516,0.37011718749999994,-15.70896259583873,0.7546419988852162,-0.12253497571020944,-0.001203810579625042
1517,0.370361328125,-15.666049570587191,0.752973317474339,-0.12229076649157378,-0.0012054172495936655
1518,0.37060546875,-15.623136545335663,0.7513046360634623,-0.12204655727288127,-0.0012070239195054455
1519,0.370849609375,-15.580223520084138,0.7496359546525856,-0.12180234805418877,-0.001208630589474069
1520,0.37109375,-15.537310494832608,0.747967273241709,-0.12155813883555311,-0.001210237259385849
1521,0.37133789062499994,-15.494397469581083,0.7462985918308321,-0.1213139296168606,-0.0012118439293544725
1522,0.37158203125,-15.451484444329544,0.744629910419955,-0.1210697203981681,-0.0012134505992662525
1523,0.371826171875,-15.408571419078013,0.7429612290090782,-0.12082551117953244,-0.001215057269234876
1524,0.3720703125,-15.367064040057787,0.7412345940101732,-0.12058273636966987,-0.0012161688803189463
1525,0.372314453125,-15.325908072595382,0.739493470614261,-0.12034032016208585,-0.0012171567266818784
1526,0.37255859374999994,-15.284752105132979,0.7377523472183488,-0.12009790395450182,-0.0012181445731016538
1527,0.372802734375,-15.243596137670563,0.7360112238224362,-0.11985548774686094,-0.0012191324194645858
1528,0.373046875,-15.202440170208158,0.734270100426524,-0.11961307153927692,-0.0012201202658275179
1529,0.373291015625,-15.161284202745756,0.7325289770306118,-0.11937065533169289,-0.0012211081122472933
1530,0.37353515625,-15.120128235283351,0.7307878536346997,-0.11912823912405202,-0.0012220959586102254
1531,0.37377929687499994,-15.078972267820948,0.7290467302387875,-0.11888582291646799,-0.0012230838049731574
1532,0.3740234375,-15.037816300358532,0.7273056068428748,-0.11864340670882711,-0.0012240716513929328
1533,0.374267578125,-14.996660332896127,0.7255644834469627,-0.11840099050124309,-0.0012250594977558649
1534,0.37451171875,-14.955504365433724,0.7238233600510506,-0.11815857429365906,-0.001226047344118797
1535,0.374755859375,-14.914348397971319,0.7220822366551384,-0.11791615808601819,-0.0012270351905385724
1536,0.37500000000000006,-14.873192430508906,0.7203411132592257,-0.11767374187843416,-0.0012280230369015044
1537,0.375244140625,-14.832036463046501,0.7185999898633135,-0.11743132567085013,-0.0012290108832644364
1538,0.37548828125,-14.790880495584098,0.7168588664674014,-0.11718890946320926,-0.0012299987296842119
1539,0.375732421875,-14.749724528121693,0.7151177430714892,-0.11694649325562523,-0.001230986576047144
1540,0.3759765625,-14.70856856065929,0.7133766196755771,-0.1167040770480412,-0.001231974422410076
1541,0.37622070312500006,-14.667412593196874,0.7116354962796645,-0.11646166084040033,-0.0012329622688298514
1542,0.37646484375,-14.626256625734468,0.7098943728837522,-0.1162192446328163,-0.0012339501151927834
1543,0.376708984375,-14.585100658272067,0.7081532494878401,-0.11597682842517543,-0.0012349379615557154
1544,0.376953125,-14.543944690809662,0.7064121260919278,-0.1157344122175914,-0.001235925807975491
1545,0.377197265625,-14.502788723347258,0.7046710026960157,-0.11549199601000737,-0.001236913654338423
1546,0.37744140625000006,-14.461632755884843,0.7029298793001031,-0.1152495798023665,-0.001237901500701355
1547,0.377685546875,-14.420476788422437,0.701188755904191,-0.11500716359478247,-0.0012388893471211304
1548,0.3779296875,-14.379320820960034,0.6994476325082788,-0.11476474738719844,-0.0012398771934840624
1549,0.378173828125,-14.338504967063194,0.697700020802672,-0.11452268820056588,-0.0012407506265503798
1550,0.37841796875,-14.299049567428606,0.6959264558582872,-0.11428205709790973,-0.0012411664062597083
1551,0.37866210937500006,-14.259594167794006,0.6941528909139014,-0.11404142599531042,-0.0012415821859121934
1552,0.37890625,-14.220138768159417,0.6923793259695165,-0.11380079489265427,-0.0012419979656215219
1553,0.379150390625,-14.180683368524827,0.6906057610251314,-0.11356016378999811,-0.0012424137453308504
1554,0.37939453125,-14.141227968890238,0.6888321960807464,-0.1133195326873988,-0.0012428295250401789
1555,0.379638671875,-14.101772569255653,0.6870586311363615,-0.11307890158474265,-0.001243245304692664
1556,0.37988281250000006,-14.06231716962105,0.6852850661919759,-0.1128382704820865,-0.0012436610844019924
1557,0.380126953125,-14.022861769986463,0.683511501247591,-0.11259763937948719,-0.001244076864111321
1558,0.38037109375,-13.983406370351874,0.6817379363032059,-0.11235700827683104,-0.0012444926438206494
1559,0.380615234375,-13.943950970717285,0.6799643713588208,-0.11211637717423173,-0.0012449084235299779
1560,0.380859375,-13.904495571082697,0.6781908064144359,-0.11187574607157558,-0.001245324203182463
1561,0.38110351562500006,-13.865040171448099,0.6764172414700503,-0.11163511496891942,-0.0012457399828917914
1562,0.38134765625,-13.82558477181351,0.6746436765256654,-0.11139448386632012,-0.00124615576260112
1563,0.381591796875,-13.786129372178921,0.6728701115812803,-0.11115385276366396,-0.0012465715423104484
1564,0.3818359375,-13.746673972544333,0.6710965466368952,-0.11091322166106465,-0.001246987322019777
1565,0.382080078125,-13.707218572909746,0.6693229816925104,-0.1106725905584085,-0.001247403101672262
1566,0.38232421875000006,-13.667763173275144,0.6675494167481246,-0.11043195945575235,-0.0012478188813815905
1567,0.382568359375,-13.628307773640556,0.6657758518037397,-0.11019132835315304,-0.001248234661090919
1568,0.3828125,-13.588852374005967,0.6640022868593546,-0.10995069725049689,-0.0012486504408002475
1569,0.383056640625,-13.54939697437138,0.6622287219149697,-0.10971006614784073,-0.001249066220509576
1570,0.38330078125,-13.509941574736791,0.6604551569705847,-0.10946943504524143,-0.001249482000162061
1571,0.38354492187500006,-13.47048617510219,0.6586815920261991,-0.10922880394258527,-0.0012498977798713895
1572,0.3837890625,-13.431030775467601,0.6569080270818142,-0.10898817283992912,-0.001250313559580718
1573,0.384033203125,-13.391575375833012,0.6551344621374291,-0.10874754173732981,-0.0012507293392900465
1574,0.38427734375,-13.352119976198425,0.6533608971930441,-0.10850691063467366,-0.0012511451189425316
1575,0.384521484375,-13.313647054940581,0.6515866199683711,-0.10826732924414273,-0.0012512459686035982
1576,0.38476562500000006,-13.275829119267224,0.6498118678901723,-0.10802844766163844,-0.001251136864880209
1577,0.385009765625,-13.238011183593876,0.6480371158119741,-0.10778956607919099,-0.00125102776115682
1578,0.38525390625,-13.20019324792053,0.6462623637337759,-0.1075506844966867,-0.0012509186574334308
1579,0.385498046875,-13.162375312247182,0.6444876116555777,-0.10731180291423925,-0.0012508095537100417
1580,0.3857421875,-13.124557376573836,0.6427128595773794,-0.10707292133173496,-0.0012507004499298091
1581,0.38598632812500006,-13.086739440900478,0.6409381074991807,-0.10683403974923067,-0.00125059134620642
1582,0.38623046875,-13.048921505227133,0.6391633554209825,-0.10659515816678322,-0.0012504822424830309
1583,0.386474609375,-13.011103569553786,0.6373886033427841,-0.10635627658427893,-0.0012503731387596417
1584,0.38671875,-12.973285633880437,0.6356138512645859,-0.10611739500183148,-0.0012502640350362526
1585,0.386962890625,-12.935467698207093,0.6338390991863877,-0.10587851341932719,-0.0012501549313128635
1586,0.38720703125000006,-12.897649762533733,0.6320643471081889,-0.1056396318368229,-0.0012500458275894744
1587,0.387451171875,-12.859831826860386,0.6302895950299907,-0.10540075025437545,-0.0012499367238660852
1588,0.3876953125,-12.82201389118704,0.6285148429517925,-0.10516186867187116,-0.0012498276200858527
1589,0.387939453125,-12.784195955513692,0.6267400908735943,-0.10492298708942371,-0.0012497185163624636
1590,0.38818359375,-12.746378019840344,0.624965338795396,-0.10468410550691942,-0.0012496094126390744
1591,0.38842773437500006,-12.708560084166988,0.6231905867171973,-0.10444522392441513,-0.0012495003089156853
1592,0.388671875,-12.670742148493641,0.6214158346389991,-0.10420634234196768,-0.0012493912051922962
1593,0.388916015625,-12.632924212820294,0.6196410825608007,-0.10396746075946339,-0.001249282101468907
1594,0.38916015625,-12.595106277146947,0.6178663304826025,-0.10372857917701594,-0.001249172997745518
1595,0.389404296875,-12.557288341473601,0.6160915784044042,-0.10348969759451165,-0.0012490638940221288
1596,0.38964843750000006,-12.519470405800243,0.6143168263262055,-0.10325081601200736,-0.0012489547902418963
1597,0.389892578125,-12.481652470126896,0.6125420742480073,-0.10301193442955991,-0.0012488456865185071
1598,0.39013671875,-12.443834534453549,0.6107673221698091,-0.10277305284705562,-0.001248736582795118
1599,0.390380859375,-12.406016598780202,0.6089925700916109,-0.10253417126460818,-0.0012486274790717289
1600,0.390625,-12.368198663106856,0.6072178180134126,-0.10229528968210388,-0.0012485183753483398
1601,0.39086914062500006,-12.331949271897093,0.6054654919284905,-0.10205809940526933,-0.0012479309457376075
1602,0.39111328125,-12.295699880687339,0.6037131658435688,-0.10182090912843478,-0.0012473435161268753
1603,0.391357421875,-12.259450489477588,0.6019608397586472,-0.10158371885160022,-0.0012467560865161431
1604,0.3916015625,-12.223201098267836,0.6002085136737256,-0.10134652857476567,-0.001246168656905411
1605,0.391845703125,-12.186951707058084,0.5984561875888039,-0.10110933829793112,-0.0012455812272946787
1606,0.39208984375000006,-12.150702315848322,0.5967038615038819,-0.10087214802109656,-0.0012449937976839465
1607,0.392333984375,-12.114452924638568,0.5949515354189602,-0.10063495774426201,-0.0012444063680732143
1608,0.392578125,-12.078203533428818,0.5931992093340386,-0.1003977674674843,-0.001243818938462482
1609,0.392822265625,-12.041954142219064,0.591446883249117,-0.10016057719064975,-0.0012432315088517498
1610,0.39306640625,-12.005704751009311,0.5896945571641953,-0.0999233869138152,-0.0012426440791841742
1611,0.39331054687500006,-11.96945535979955,0.5879422310792731,-0.09968619663698064,-0.001242056649573442
1612,0.3935546875,-11.933205968589796,0.5861899049943515,-0.09944900636014609,-0.0012414692199627098
1613,0.393798828125,-11.896956577380045,0.5844375789094298,-0.09921181608331153,-0.0012408817903519775
1614,0.39404296875,-11.860707186170291,0.5826852528245082,-0.09897462580647698,-0.0012402943607412453
1615,0.394287109375,-11.824457794960543,0.5809329267395865,-0.09873743552964243,-0.0012397069311305131
1616,0.39453125000000006,-11.788208403750778,0.5791806006546645,-0.09850024525280787,-0.001239119501519781
1617,0.394775390625,-11.751959012541025,0.5774282745697429,-0.09826305497597332,-0.0012385320719090487
1618,0.39501953125,-11.715709621331275,0.5756759484848212,-0.09802586469913876,-0.0012379446422983165
1619,0.395263671875,-11.67946023012152,0.5739236223998996,-0.09778867442230421,-0.0012373572126875843
1620,0.3955078125,-11.64321083891177,0.5721712963149779,-0.09755148414546966,-0.001236769783076852
1621,0.39575195312500006,-11.606961447702007,0.5704189702300558,-0.0973142938686351,-0.0012361823534661198
1622,0.39599609375,-11.570712056492255,0.5686666441451342,-0.0970771035918574,-0.0012355949238553876
1623,0.396240234375,-11.534462665282502,0.5669143180602125,-0.09683991331502284,-0.0012350074942446554
1624,0.396484375,-11.49821327407275,0.5651619919752909,-0.09660272303818829,-0.0012344200646339232
1625,0.396728515625,-11.461963882862998,0.5634096658903692,-0.09636553276135373,-0.001233832635023191
1626,0.39697265625000006,-11.426312319667776,0.5616731323757691,-0.09612898854180685,-0.0012330719307556137
1627,0.397216796875,-11.391557498494377,0.5599602877166525,-0.09589341340819146,-0.0012320513146164558
1628,0.3974609375,-11.356802677320976,0.5582474430575358,-0.09565783827451924,-0.0012310306984204544
1629,0.397705078125,-11.322047856147574,0.5565345983984192,-0.09542226314090385,-0.0012300100822812965
1630,0.39794921875,-11.287293034974175,0.5548217537393026,-0.09518668800728847,-0.0012289894660852951
1631,0.39819335937500006,-11.252538213800765,0.5531089090801854,-0.09495111287367308,-0.0012279688499461372
1632,0.3984375,-11.217783392627366,0.5513960644210688,-0.0947155377400577,-0.0012269482337501358
1633,0.398681640625,-11.183028571453965,0.5496832197619521,-0.09447996260644231,-0.0012259276175541345
1634,0.39892578125,-11.148273750280566,0.5479703751028355,-0.09424438747282693,-0.0012249070014149765
1635,0.399169921875,-11.113518929107167,0.5462575304437189,-0.09400881233921154,-0.0012238863852189752
1636,0.39941406250000006,-11.078764107933756,0.5445446857846018,-0.09377323720553932,-0.0012228657690798173
1637,0.399658203125,-11.044009286760355,0.5428318411254851,-0.09353766207192393,-0.001221845152883816
1638,0.39990234375,-11.009254465586954,0.5411189964663684,-0.09330208693830855,-0.001220824536744658
1639,0.400146484375,-10.974499644413557,0.5394061518072518,-0.09306651180469316,-0.0012198039205486566
1640,0.400390625,-10.939744823240156,0.5376933071481352,-0.09283093667107778,-0.0012187833044094987
1641,0.40063476562500006,-10.904990002066745,0.535980462489018,-0.0925953615374624,-0.0012177626882134973
1642,0.40087890625,-10.870235180893344,0.5342676178299014,-0.09235978640384701,-0.0012167420720743394
1643,0.401123046875,-10.835480359719945,0.5325547731707848,-0.09212421127023163,-0.001215721455878338
1644,0.4013671875,-10.800725538546546,0.5308419285116681,-0.0918886361365594,-0.00121470083973918
1645,0.401611328125,-10.765970717373145,0.5291290838525515,-0.09165306100294401,-0.0012136802235431787
1646,0.40185546875000006,-10.731215896199734,0.5274162391934343,-0.09141748586932863,-0.0012126596074040208
1647,0.402099609375,-10.696461075026333,0.5257033945343177,-0.09118191073571325,-0.0012116389912080194
1648,0.40234375,-10.661706253852936,0.5239905498752011,-0.09094633560209786,-0.001210618375012018
1649,0.402587890625,-10.626951432679535,0.5222777052160844,-0.09071076046848248,-0.0012095977588728601
1650,0.40283203125,-10.592196611506134,0.5205648605569678,-0.09047518533486709,-0.0012085771426768588
1651,0.40307617187500006,-10.557441790332723,0.5188520158978507,-0.09023961020125171,-0.0012075565265377008
1652,0.4033203125,-10.523819976667985,0.5171799820648854,-0.09000525529353354,-0.0012062238829457783
1653,0.403564453125,-10.49048141488041,0.5155181509384578,-0.0897712054423323,-0.001204813232448032
1654,0.40380859375,-10.457142853092835,0.5138563198120303,-0.08953715559113107,-0.0012034025819502858
1655,0.404052734375,-10.42380429130526,0.5121944886856026,-0.08930310573992983,-0.001201991931509383
1656,0.40429687500000006,-10.390465729517677,0.5105326575591747,-0.0890690558887286,-0.0012005812810116367
1657,0.404541015625,-10.357127167730102,0.5088708264327471,-0.08883500603752736,-0.001199170630570734
1658,0.40478515625,-10.323788605942527,0.5072089953063196,-0.08860095618632613,-0.0011977599800729877
1659,0.405029296875,-10.290450044154952,0.505547164179892,-0.08836690633506805,-0.0011963493296320848
1660,0.4052734375,-10.257111482367378,0.5038853330534645,-0.08813285648386682,-0.0011949386791343386
1661,0.40551757812500006,-10.223772920579792,0.5022235019270365,-0.08789880663266558,-0.0011935280286934358
1662,0.40576171875,-10.190434358792217,0.5005616708006089,-0.08766475678146435,-0.0011921173781956895
1663,0.406005859375,-10.157095797004642,0.49889983967418133,-0.08743070693026311,-0.0011907067277547867
1664,0.40625,-10.12375723521707,0.49723800854775374,-0.08719665707906188,-0.0011892960772570405
1665,0.406494140625,-10.090418673429495,0.4955761774213262,-0.08696260722786064,-0.0011878854267592942
1666,0.40673828125000006,-10.057080111641909,0.49391434629489817,-0.08672855737665941,-0.0011864747763183914
1667,0.406982421875,-10.023741549854334,0.4922525151684707,-0.08649450752545818,-0.0011850641258206451
1668,0.4072265625,-9.99040298806676,0.49059068404204303,-0.08626045767425694,-0.0011836534753797423
1669,0.407470703125,-9.957064426279185,0.48892885291561555,-0.0860264078230557,-0.001182242824881996
1670,0.40771484375,-9.92372586449161,0.487267021789188,-0.08579235797179763,-0.0011808321744410932
1671,0.40795898437500006,-9.890387302704028,0.48560519066276,-0.0855583081205964,-0.001179421523943347
1672,0.408203125,-9.857048740916452,0.4839433595363324,-0.08532425826939516,-0.0011780108735024442
1673,0.408447265625,-9.823710179128877,0.4822815284099049,-0.08509020841819392,-0.001176600223004698
1674,0.40869140625,-9.790371617341302,0.4806196972834773,-0.08485615856699269,-0.001175189572563795
1675,0.408935546875,-9.757033055553729,0.47895786615704977,-0.08462210871579146,-0.0011737789220660488
1676,0.40917968750000006,-9.723694493766144,0.47729603503062173,-0.08438805886459022,-0.0011723682715683026
1677,0.409423828125,-9.690622788924285,0.4756458012600649,-0.08415429411377318,-0.0011708877713658694
1678,0.40966796875,-9.658618511865292,0.4740419569129909,-0.08392166976454973,-0.0011691278721741583
1679,0.409912109375,-9.626614234806297,0.47243811256591695,-0.08368904541526945,-0.001167367972982447
1680,0.41015625,-9.594609957747306,0.47083426821884283,-0.083456421066046,-0.001165608073790736
1681,0.41040039062500006,-9.562605680688304,0.4692304238717684,-0.08322379671676572,-0.0011638481745990248
1682,0.41064453125,-9.53060140362931,0.46762657952469444,-0.08299117236754228,-0.0011620882753504702
1683,0.410888671875,-9.498597126570315,0.46602273517762044,-0.08275854801831883,-0.001160328376158759
1684,0.4111328125,-9.46659284951132,0.46441889083054644,-0.08252592366903855,-0.001158568476967048
1685,0.411376953125,-9.434588572452329,0.4628150464834724,-0.0822932993198151,-0.0011568085777753367
1686,0.41162109375000006,-9.402584295393325,0.46121120213639794,-0.08206067497053482,-0.0011550486785836256
1687,0.411865234375,-9.370580018334332,0.4596073577893239,-0.08182805062131138,-0.0011532887793919144
1688,0.412109375,-9.338575741275339,0.4580035134422499,-0.08159542627208793,-0.0011515288802002033
1689,0.412353515625,-9.306571464216345,0.4563996690951759,-0.08136280192280765,-0.0011497689809516487
1690,0.41259765625,-9.27456718715735,0.45479582474810193,-0.0811301775735842,-0.0011480090817599375
1691,0.41284179687500006,-9.242562910098348,0.4531919804010275,-0.08089755322430392,-0.0011462491825682264
1692,0.4130859375,-9.210558633039357,0.4515881360539534,-0.08066492887508048,-0.0011444892833765152
1693,0.413330078125,-9.178554355980362,0.44998429170687937,-0.08043230452585703,-0.001142729384184804
1694,0.41357421875,-9.146550078921367,0.4483804473598054,-0.08019968017657675,-0.001140969484993093
1695,0.413818359375,-9.114545801862374,0.44677660301273137,-0.0799670558273533,-0.0011392095858013818
1696,0.41406250000000006,-9.082541524803371,0.4451727586656569,-0.07973443147807302,-0.0011374496865528272
1697,0.414306640625,-9.050537247744378,0.443568914318583,-0.07950180712884958,-0.001135689787361116
1698,0.41455078125,-9.018532970685387,0.44196506997150886,-0.07926918277962614,-0.0011339298881694049
1699,0.414794921875,-8.986528693626392,0.4403612256244349,-0.07903655843034585,-0.0011321699889776937
1700,0.4150390625,-8.954524416567399,0.4387573812773609,-0.0788039340811224,-0.0011304100897859826
1701,0.41528320312500006,-8.922520139508396,0.43715353693028647,-0.07857130973189896,-0.0011286501905942714
1702,0.41552734375,-8.890515862449401,0.43554969258321236,-0.07833868538261868,-0.0011268902914025603
1703,0.415771484375,-8.859261145930455,0.43398261707152225,-0.07810685248858817,-0.0011249437608285007
1704,0.416015625,-8.828506136438206,0.43244005411675485,-0.07787554723142875,-0.0011228728094465623
1705,0.416259765625,-8.797751126945954,0.4308974911619873,-0.07764424197421249,-0.0011208018580077805
1706,0.41650390625000006,-8.766996117453695,0.4293549282072194,-0.07741293671705307,-0.0011187309066258422
1707,0.416748046875,-8.736241107961446,0.42781236525245186,-0.07718163145983681,-0.0011166599551870604
1708,0.4169921875,-8.705486098469194,0.42626980229768435,-0.07695032620267739,-0.001114589003805122
1709,0.417236328125,-8.674731088976944,0.4247272393429169,-0.07671902094546112,-0.0011125180523663403
1710,0.41748046875,-8.643976079484695,0.42318467638814933,-0.0764877156883017,-0.0011104471009275585
1711,0.41772460937500006,-8.613221069992436,0.4216421134333814,-0.07625641043108544,-0.0011083761495456201
1712,0.41796875,-8.582466060500186,0.4200995504786139,-0.07602510517392602,-0.0011063051981068384
1713,0.418212890625,-8.551711051007937,0.4185569875238464,-0.07579379991670976,-0.0011042342467249
1714,0.41845703125,-8.520956041515687,0.4170144245690789,-0.07556249465955034,-0.0011021632952861182
1715,0.418701171875,-8.490201032023435,0.4154718616143114,-0.07533118940233408,-0.0011000923439041799
1716,0.41894531250000006,-8.459446022531178,0.4139292986595435,-0.07509988414511781,-0.001098021392465398
1717,0.419189453125,-8.428691013038929,0.41238673570477596,-0.07486857888795839,-0.0010959504410266163
1718,0.41943359375,-8.397936003546679,0.41084417275000845,-0.07463727363074213,-0.001093879489644678
1719,0.419677734375,-8.367180994054428,0.40930160979524094,-0.07440596837358271,-0.0010918085382058962
1720,0.419921875,-8.336425984562178,0.4077590468404735,-0.07417466311636645,-0.0010897375868239578
1721,0.42016601562500006,-8.30567097506992,0.4062164838857055,-0.07394335785920703,-0.001087666635385176
1722,0.42041015625,-8.274915965577668,0.404673920930938,-0.07371205260199076,-0.0010855956839463943
1723,0.420654296875,-8.244160956085418,0.40313135797617045,-0.07348074734483134,-0.001083524732564456
1724,0.4208984375,-8.213405946593168,0.40158879502140304,-0.07324944208761508,-0.0010814537811256741
1725,0.421142578125,-8.182650937100918,0.4000462320666355,-0.07301813683045566,-0.0010793828297437358
1726,0.42138671875000006,-8.15189592760866,0.3985036691118676,-0.0727868315732394,-0.001077311878304954
1727,0.421630859375,-8.12114091811641,0.3969611061571,-0.07255552631607998,-0.0010752409269230156
1728,0.421875,-8.090385908624159,0.39541854320233255,-0.07232422105886371,-0.0010731699754842339
1729,0.422119140625,-8.06079267413573,0.39393766465867575,-0.07209412465510923,-0.0010708234848380016
1730,0.42236328125,-8.0311994396473,0.392456786115019,-0.07186402825141158,-0.0010684769942486128
1731,0.42260742187500006,-8.001606205158865,0.3909759075713618,-0.0716339318476571,-0.0010661305036023805
1732,0.4228515625,-7.972012970670434,0.38949502902770505,-0.07140383544395945,-0.0010637840129561482
1733,0.423095703125,-7.942419736182005,0.38801415048404825,-0.07117373904020496,-0.0010614375223667594
1734,0.42333984375,-7.912826501693577,0.3865332719403915,-0.07094364263650732,-0.001059091031720527
1735,0.423583984375,-7.8832332672051475,0.3850523933967347,-0.07071354623275283,-0.0010567445410742948
1736,0.42382812500000006,-7.853640032716711,0.38357151485307756,-0.07048344982899835,-0.0010543980504280626
1737,0.424072265625,-7.824046798228281,0.38209063630942075,-0.0702533534253007,-0.0010520515598386737
1738,0.42431640625,-7.794453563739852,0.38060975776576395,-0.07002325702154621,-0.0010497050691924414
1739,0.424560546875,-7.764860329251423,0.3791288792221072,-0.06979316061784857,-0.0010473585785462092
1740,0.4248046875,-7.735267094762993,0.37764800067845045,-0.06956306421409408,-0.0010450120879568203
1741,0.42504882812500006,-7.705673860274557,0.3761671221347932,-0.0693329678103396,-0.001042665597310588
1742,0.42529296875,-7.676080625786127,0.37468624359113645,-0.06910287140664195,-0.0010403191066643558
1743,0.425537109375,-7.646487391297699,0.3732053650474797,-0.06887277500288747,-0.001037972616074967
1744,0.42578125,-7.61689415680927,0.3717244865038229,-0.06864267859918982,-0.0010356261254287347
1745,0.426025390625,-7.587300922320839,0.3702436079601661,-0.06841258219543533,-0.0010332796347825024
1746,0.42626953125000006,-7.557707687832404,0.36876272941650895,-0.06818248579173769,-0.0010309331441931135
1747,0.426513671875,-7.528114453343973,0.36728185087285214,-0.0679523893879832,-0.0010285866535468813
1748,0.4267578125,-7.498521218855545,0.3658009723291954,-0.06772229298422872,-0.001026240162900649
1749,0.427001953125,-7.468927984367117,0.3643200937855386,-0.06749219658053107,-0.0010238936723112602
1750,0.42724609375,-7.439334749878686,0.36283921524188184,-0.06726210017677658,-0.001021547181665028
1751,0.42749023437500006,-7.409741515390249,0.3613583366982246,-0.06703200377307894,-0.0010192006910187956
1752,0.427734375,-7.380148280901819,0.3598774581545679,-0.06680190736932445,-0.0010168542003725634
1753,0.427978515625,-7.35055504641339,0.3583965796109111,-0.06657181096562681,-0.0010145077097831745
1754,0.42822265625,-7.3213907386491295,0.35693965515307846,-0.06634215340557148,-0.0010120641381377027
1755,0.428466796875,-7.2928698209711165,0.355518661823982,-0.06611315411100804,-0.0010094749450786367
1756,0.42871093750000006,-7.264348903293096,0.3540976684948851,-0.0658841548164446,-0.0010068857519627272
1757,0.428955078125,-7.235827985615083,0.35267667516578866,-0.06565515552188117,-0.0010042965589036612
1758,0.42919921875,-7.207307067937072,0.35125568183669226,-0.06542615622737458,-0.0010017073657877518
1759,0.429443359375,-7.17878615025906,0.3498346885075958,-0.06519715693281114,-0.0009991181727286857
1760,0.4296875,-7.150265232581047,0.34841369517849935,-0.0649681576382477,-0.0009965289796127763
1761,0.42993164062500006,-7.121744314903028,0.3469927018494025,-0.06473915834374111,-0.0009939397864968669
1762,0.43017578125,-7.093223397225015,0.3455717085203061,-0.06451015904917767,-0.0009913505934378009
1763,0.430419921875,-7.064702479547004,0.34415071519120966,-0.06428115975461424,-0.0009887614003218914
1764,0.4306640625,-7.036181561868991,0.3427297218621132,-0.0640521604600508,-0.0009861722072628254
1765,0.430908203125,-7.007660644190979,0.34130872853301675,-0.0638231611655442,-0.000983583014146916
1766,0.43115234375000006,-6.979139726512958,0.3398877352039199,-0.06359416187098077,-0.00098099382108785
1767,0.431396484375,-6.950618808834946,0.33846674187482345,-0.06336516257641733,-0.0009784046279719405
1768,0.431640625,-6.922097891156934,0.337045748545727,-0.06313616328191074,-0.0009758154349128745
1769,0.431884765625,-6.893576973478923,0.3356247552166306,-0.0629071639873473,-0.000973226241796965
1770,0.43212890625,-6.865056055800911,0.33420376188753415,-0.06267816469278387,-0.0009706370486810556
1771,0.43237304687500006,-6.8365351381228905,0.33278276855843725,-0.06244916539822043,-0.0009680478556219896
1772,0.4326171875,-6.8080142204448775,0.3313617752293408,-0.062220166103713836,-0.0009654586625060801
1773,0.432861328125,-6.779493302766865,0.3299407819002444,-0.0619911668091504,-0.0009628694694470141
1774,0.43310546875,-6.750972385088853,0.32851978857114794,-0.06176216751458696,-0.0009602802763311047
1775,0.433349609375,-6.722451467410841,0.3270987952420515,-0.06153316822008037,-0.0009576910832720387
1776,0.43359375000000006,-6.693930549732821,0.32567780191295465,-0.06130416892551693,-0.0009551018901561292
1777,0.433837890625,-6.665409632054809,0.3242568085838582,-0.061075169630953496,-0.0009525126970402198
1778,0.43408203125,-6.636888714376798,0.32283581525476174,-0.06084617033639006,-0.0009499235039811538
1779,0.434326171875,-6.608367796698785,0.3214148219256653,-0.060617171041883466,-0.0009473343108652443
1780,0.4345703125,-6.5806319537388385,0.3200390082695933,-0.0603889603277139,-0.0009445751530847701
1781,0.43481445312500006,-6.553092379458401,0.31867448953177696,-0.060160946758571754,-0.0009417735040528896
1782,0.43505859375,-6.525552805177972,0.3173099707939611,-0.05993293318948645,-0.0009389718550778525
1783,0.435302734375,-6.498013230897542,0.31594545205614516,-0.05970491962040114,-0.0009361702061028154
1784,0.435546875,-6.470473656617113,0.3145809333183293,-0.059476906051315837,-0.0009333685571277783
1785,0.435791015625,-6.4429340823366825,0.31321641458051336,-0.05924889248223053,-0.0009305669080958978
1786,0.43603515625000006,-6.415394508056246,0.31185189584269707,-0.059020878913145225,-0.0009277652591208607
1787,0.436279296875,-6.387854933775817,0.31048737710488117,-0.05879286534405992,-0.0009249636101458236
1788,0.4365234375,-6.360315359495387,0.30912285836706527,-0.05856485177497461,-0.0009221619611139431
1789,0.436767578125,-6.332775785214957,0.30775833962924937,-0.058336838205832464,-0.000919360312138906
1790,0.43701171875,-6.305236210934528,0.30639382089143347,-0.05810882463674716,-0.0009165586631638689
1791,0.43725585937500006,-6.27769663665409,0.3050293021536172,-0.05788081106766185,-0.0009137570141319884
1792,0.4375,-6.250157062373661,0.3036647834158012,-0.05765279749857655,-0.0009109553651569513
1793,0.437744140625,-6.222617488093232,0.3023002646779854,-0.05742478392949124,-0.0009081537161819142
1794,0.43798828125,-6.195077913812801,0.3009357459401694,-0.057196770360405935,-0.0009053520671500337
1795,0.438232421875,-6.167538339532372,0.2995712272023536,-0.05696875679132063,-0.0009025504181749966
1796,0.43847656250000006,-6.139998765251935,0.2982067084645373,-0.05674074322217848,-0.0008997487691999595
1797,0.438720703125,-6.112459190971506,0.29684218972672133,-0.056512729653093174,-0.000896947120168079
1798,0.43896484375,-6.084919616691075,0.2954776709889054,-0.05628471608400787,-0.0008941454711930419
1799,0.439208984375,-6.057380042410647,0.2941131522510895,-0.05605670251492256,-0.0008913438222180048
1800,0.439453125,-6.0298404681302165,0.2927486335132736,-0.05582868894583726,-0.0008885421732429677
1801,0.43969726562500006,-6.002300893849779,0.2913841147754574,-0.05560067537675195,-0.0008857405242110872
1802,0.43994140625,-5.9747613195693505,0.29001959603764144,-0.055372661807666645,-0.0008829388752360501
1803,0.440185546875,-5.947221745288921,0.28865507729982554,-0.05514464823858134,-0.000880137226261013
1804,0.4404296875,-5.919682171008491,0.2872905585620096,-0.054916634669496034,-0.0008773355772291325
1805,0.440673828125,-5.8923204456903555,0.285936429193875,-0.054688796328207445,-0.0008744969973122352
1806,0.44091796875000006,-5.865670116221395,0.2846238573044651,-0.054461658898446785,-0.0008715106936847405
1807,0.441162109375,-5.839019786752441,0.2833112854150557,-0.05423452146862928,-0.0008685243900004025
1808,0.44140625,-5.812369457283489,0.2819987135256462,-0.05400738403881178,-0.0008655380863729079
1809,0.441650390625,-5.785719127814534,0.28068614163623673,-0.05378024660905112,-0.0008625517826885698
1810,0.44189453125,-5.759068798345581,0.2793735697468272,-0.053553109179233616,-0.0008595654790610752
1811,0.44213867187500006,-5.732418468876619,0.2780609978574174,-0.05332597174941611,-0.0008565791753767371
1812,0.4423828125,-5.705768139407666,0.27674842596800786,-0.05309883431965545,-0.0008535928717492425
1813,0.442626953125,-5.679117809938712,0.2754358540785984,-0.05287169688983795,-0.0008506065680649044
1814,0.44287109375,-5.652467480469759,0.2741232821891889,-0.052644559460020446,-0.0008476202644374098
1815,0.443115234375,-5.625817151000806,0.27281071029977944,-0.052417422030259786,-0.0008446339608099152
1816,0.44335937500000006,-5.599166821531845,0.27149813841036957,-0.05219028460044228,-0.0008416476571255771
1817,0.443603515625,-5.57251649206289,0.2701855665209601,-0.05196314717062478,-0.0008386613534980825
1818,0.44384765625,-5.545866162593937,0.26887299463155057,-0.051736009740807276,-0.0008356750498137444
1819,0.444091796875,-5.519215833124982,0.2675604227421411,-0.051508872311046616,-0.0008326887461862498
1820,0.4443359375,-5.49256550365603,0.2662478508527316,-0.05128173488122911,-0.0008297024425019117
1821,0.44458007812500006,-5.465915174187068,0.2649352789633218,-0.05105459745141161,-0.0008267161388744171
1822,0.44482421875,-5.439264844718115,0.2636227070739123,-0.05082746002165095,-0.000823729835190079
1823,0.445068359375,-5.41261451524916,0.2623101351845028,-0.050600322591833446,-0.0008207435315625844
1824,0.4453125,-5.385964185780208,0.2609975632950933,-0.05037318516201594,-0.0008177572279350898
1825,0.445556640625,-5.359313856311254,0.25968499140568385,-0.05014604773225528,-0.0008147709242507517
1826,0.44580078125000006,-5.332663526842293,0.258372419516274,-0.04991891030243778,-0.0008117846206232571
1827,0.446044921875,-5.306013197373338,0.25705984762686446,-0.04969177287262028,-0.000808798316938919
1828,0.4462890625,-5.279362867904385,0.255747275737455,-0.04946463544280277,-0.0008058120133114244
1829,0.446533203125,-5.252712538435432,0.25443470384804556,-0.049237498013042114,-0.0008028257096270863
1830,0.44677734375,-5.226062208966478,0.2531221319586361,-0.04901036058322461,-0.0007998394059995917
1831,0.44702148437500006,-5.1998896899923155,0.25183758252749394,-0.048783684787792936,-0.0007967576354417361
1832,0.447265625,-5.174035711348027,0.25057171473519746,-0.048557316748656376,-0.0007936122202636398
1833,0.447509765625,-5.148181732703737,0.24930584694290092,-0.04833094870946297,-0.0007904668050855435
1834,0.44775390625,-5.122327754059447,0.24803997915060444,-0.04810458067032641,-0.0007873213899074472
1835,0.447998046875,-5.096473775415158,0.24677411135830793,-0.04787821263113301,-0.0007841759747293509
1836,0.44824218750000006,-5.070619796770862,0.24550824356601103,-0.04765184459193961,-0.0007810305595512546
1837,0.448486328125,-5.044765818126573,0.24424237577371452,-0.04742547655280305,-0.0007778851443731583
1838,0.44873046875,-5.018911839482283,0.242976507981418,-0.047199108513609644,-0.000774739729195062
1839,0.448974609375,-4.993057860837994,0.24171064018912147,-0.046972740474473085,-0.0007715943140169657
1840,0.44921875,-4.967203882193705,0.24044477239682496,-0.04674637243527968,-0.0007684488988957128
1841,0.44946289062500006,-4.941349903549409,0.23917890460452812,-0.04652000439614312,-0.0007653034837176165
1842,0.44970703125,-4.915495924905119,0.2379130368122316,-0.04629363635694972,-0.0007621580685395202
1843,0.449951171875,-4.88964194626083,0.23664716901993504,-0.046067268317756316,-0.0007590126533614239
1844,0.4501953125,-4.863787967616541,0.23538130122763853,-0.045840900278619756,-0.0007558672381833276
1845,0.450439453125,-4.837933988972253,0.23411543343534202,-0.04561453223942635,-0.0007527218230052313
1846,0.45068359375000006,-4.812080010327954,0.23284956564304518,-0.04538816420028979,-0.000749576407827135
1847,0.450927734375,-4.786226031683666,0.23158369785074864,-0.04516179616109639,-0.0007464309926490387
1848,0.451171875,-4.760372053039377,0.23031783005845213,-0.04493542812195983,-0.0007432855774709424
1849,0.451416015625,-4.734518074395089,0.22905196226615562,-0.04470906008276643,-0.0007401401622928461
1850,0.45166015625,-4.708664095750798,0.2277860944738591,-0.044482692043573024,-0.0007369947471147498
1851,0.45190429687500006,-4.682810117106501,0.22652022668156224,-0.044256324004436465,-0.0007338493319934969
1852,0.4521484375,-4.6569561384622125,0.22525435888926573,-0.04402995596524306,-0.0007307039168154006
1853,0.452392578125,-4.631102159817924,0.22398849109696922,-0.0438035879261065,-0.0007275585016373043
1854,0.45263671875,-4.605248181173635,0.2227226233046727,-0.0435772198869131,-0.000724413086459208
1855,0.452880859375,-4.579394202529345,0.2214567555123762,-0.04335085184777654,-0.0007212676712811117
1856,0.45312500000000006,-4.553540223885049,0.22019088772007933,-0.043124483808583136,-0.0007181222561030154
1857,0.453369140625,-4.528389177406482,0.21896608224214406,-0.042898781926624,-0.0007148412302626639
1858,0.45361328125,-4.503238130927914,0.2177412767642088,-0.0426730800447217,-0.0007115602044223124
1859,0.453857421875,-4.478087084449347,0.21651647128627358,-0.04244737816276256,-0.0007082791786388043
1860,0.4541015625,-4.4529360379707805,0.2152916658083383,-0.04222167628080342,-0.0007049981527984528
1861,0.45434570312500006,-4.4277849914922065,0.21406686033040273,-0.04199597439884428,-0.0007017171269581013
1862,0.45458984375,-4.40263394501364,0.21284205485246746,-0.041770272516941986,-0.0006984361011177498
1863,0.454833984375,-4.377482898535072,0.2116172493745322,-0.04154457063498285,-0.0006951550753342417
1864,0.455078125,-4.352331852056505,0.21039244389659698,-0.04131886875302371,-0.0006918740494938902
1865,0.455322265625,-4.327180805577937,0.2091676384186617,-0.04109316687106457,-0.0006885930236535387
1866,0.45556640625000006,-4.302029759099363,0.2079428329407261,-0.04086746498916227,-0.0006853119978131872
1867,0.455810546875,-4.276878712620796,0.20671802746279083,-0.04064176310720313,-0.0006820309720296791
1868,0.4560546875,-4.251727666142229,0.2054932219848556,-0.04041606122524399,-0.0006787499461893276
1869,0.456298828125,-4.226576619663662,0.20426841650692035,-0.040190359343284854,-0.0006754689203489761
1870,0.45654296875,-4.2014255731850945,0.20304361102898508,-0.03996465746138256,-0.0006721878945086246
1871,0.45678710937500006,-4.17627452670652,0.2018188055510495,-0.03973895557942342,-0.0006689068687251165
1872,0.45703125,-4.1511234802279535,0.20059400007311426,-0.03951325369746428,-0.000665625842884765
1873,0.457275390625,-4.125972433749386,0.19936919459517902,-0.03928755181556198,-0.0006623448170444135
1874,0.45751953125,-4.100821387270819,0.19814438911724375,-0.039061849933602844,-0.000659063791204062
1875,0.457763671875,-4.075670340792253,0.19691958363930848,-0.038836148051643704,-0.0006557827654205539
1876,0.45800781250000006,-4.050519294313677,0.1956947781613729,-0.038610446169684565,-0.0006525017395802024
1877,0.458251953125,-4.02536824783511,0.19446997268343763,-0.03838474428778227,-0.0006492207137398509
1878,0.45849609375,-4.000217201356543,0.19324516720550236,-0.03815904240582313,-0.0006459396878994994
1879,0.458740234375,-3.975066154877976,0.19202036172756715,-0.03793334052386399,-0.0006426586621159913
1880,0.458984375,-3.949915108399409,0.19079555624963188,-0.03770763864190485,-0.0006393776362756398
1881,0.45922851562500006,-3.9247640619208344,0.1895707507716963,-0.037481936760002554,-0.0006360966104352883
1882,0.45947265625,-3.8998566966009425,0.1883600487398261,-0.03725646159466578,-0.0006327700172050754
1883,0.459716796875,-3.8753148530190638,0.18717050187705347,-0.03703132650417729,-0.0006293750729469139
1884,0.4599609375,-3.8507730094371855,0.18598095501428089,-0.03680619141374564,-0.0006259801286887523
1885,0.460205078125,-3.826231165855306,0.18479140815150832,-0.03658105632331399,-0.0006225851843737473
1886,0.46044921875000006,-3.80168932227342,0.18360186128873537,-0.03635592123288234,-0.0006191902401155858
1887,0.460693359375,-3.777147478691541,0.18241231442596276,-0.03613078614245069,-0.0006157952958005808
1888,0.4609375,-3.7526056351096626,0.18122276756319017,-0.03590565105201904,-0.0006124003515424192
1889,0.461181640625,-3.728063791527784,0.18003322070041755,-0.03568051596158739,-0.0006090054072274143
1890,0.46142578125,-3.7035219479459047,0.17884367383764493,-0.03545538087115574,-0.0006056104629692527
1891,0.46166992187500006,-3.678980104364019,0.17765412697487198,-0.03523024578072409,-0.0006022155186542477
1892,0.4619140625,-3.65443826078214,0.17646458011209942,-0.03500511069029244,-0.0005988205743960862
1893,0.462158203125,-3.629896417200261,0.1752750332493268,-0.03477997559986079,-0.0005954256301379246
1894,0.46240234375,-3.6053545736183823,0.17408548638655422,-0.0345548405093723,-0.0005920306858229196
1895,0.462646484375,-3.5808127300365027,0.17289593952378163,-0.03432970541894065,-0.0005886357415647581
1896,0.46289062500000006,-3.5562708864546173,0.17170639266100868,-0.034104570328509,-0.0005852407972497531
1897,0.463134765625,-3.531729042872739,0.17051684579823606,-0.03387943523807735,-0.0005818458529915915
1898,0.46337890625,-3.507187199290859,0.16932729893546347,-0.0336543001476457,-0.0005784509086765866
1899,0.463623046875,-3.4826453557089807,0.16813775207269085,-0.03342916505721405,-0.000575055964418425
1900,0.4638671875,-3.4581035121271015,0.16694820520991824,-0.0332040299667824,-0.00057166102010342
1901,0.46411132812500006,-3.433561668545216,0.16575865834714534,-0.03297889487635075,-0.0005682660758452585
1902,0.46435546875,-3.409019824963337,0.16456911148437273,-0.0327537597859191,-0.0005648711315870969
1903,0.464599609375,-3.3844779813814583,0.1633795646216001,-0.03252862469548745,-0.0005614761872720919
1904,0.46484375,-3.359936137799579,0.16219001775882752,-0.03230348960499896,-0.0005580812430139304
1905,0.465087890625,-3.3353942942177004,0.1610004708960549,-0.03207835451456731,-0.0005546862986989254
1906,0.46533203125000006,-3.310852450635814,0.15981092403328195,-0.03185321942413566,-0.0005512913544407638
1907,0.465576171875,-3.2863106070539354,0.15862137717050936,-0.03162808433370401,-0.0005478964101257588
1908,0.4658203125,-3.262181022606738,0.15745539792132446,-0.031403326329893844,-0.0005444264324410142
1909,0.466064453125,-3.2381545029432117,0.15629531057553636,-0.031178662597710627,-0.0005409376964280455
1910,0.46630859375,-3.2141279832796843,0.15513522322974835,-0.030953998865584254,-0.0005374489604150767
1911,0.46655273437500006,-3.1901014636161507,0.15397513588395995,-0.030729335133401037,-0.000533960224402108
1912,0.466796875,-3.166074943952624,0.1528150485381719,-0.03050467140121782,-0.0005304714883891393
1913,0.467041015625,-3.1420484242890967,0.15165496119238384,-0.030280007669034603,-0.0005269827523761705
1914,0.46728515625,-3.11802190462557,0.1504948738465958,-0.03005534393690823,-0.0005234940163063584
1915,0.467529296875,-3.0939953849620427,0.14933478650080775,-0.029830680204725013,-0.0005200052802933897
1916,0.46777343750000006,-3.069968865298509,0.14817469915501938,-0.029606016472541796,-0.0005165165442804209
1917,0.468017578125,-3.045942345634982,0.14701461180923134,-0.02938135274035858,-0.0005130278082674522
1918,0.46826171875,-3.021915825971455,0.14585452446344327,-0.029156689008232206,-0.0005095390722544835
1919,0.468505859375,-2.9978893063079286,0.14469443711765523,-0.02893202527604899,-0.0005060503362415147
1920,0.46875,-2.9738627866444016,0.1435343497718672,-0.028707361543865773,-0.000502561600228546
1921,0.46899414062500006,-2.949836266980868,0.1423742624260788,-0.028482697811682556,-0.0004990728641587339
1922,0.46923828125,-2.925809747317341,0.14121417508029077,-0.02825803407949934,-0.0004955841281457651
1923,0.469482421875,-2.901783227653814,0.1400540877345027,-0.028033370347372966,-0.0004920953921327964
1924,0.4697265625,-2.877756707990287,0.13889400038871466,-0.02780870661518975,-0.0004886066561198277
1925,0.469970703125,-2.85373018832676,0.13773391304292662,-0.027584042883006532,-0.00048511792010685895
1926,0.47021484375000006,-2.8297036686632264,0.13657382569713825,-0.027359379150823315,-0.0004816291840938902
1927,0.470458984375,-2.8056771489996994,0.1354137383513502,-0.027134715418696942,-0.00047814044802407807
1928,0.470703125,-2.7816506293361725,0.13425365100556214,-0.026910051686513725,-0.00047465171201110934
1929,0.470947265625,-2.757624109672646,0.1330935636597741,-0.02668538795433051,-0.0004711629759981406
1930,0.47119140625,-2.733597590009119,0.13193347631398605,-0.026460724222204135,-0.0004676742399851719
1931,0.47143554687500006,-2.7095710703455853,0.13077338896819768,-0.026236060490020918,-0.00046418550397220315
1932,0.4716796875,-2.685544550682058,0.1296133016224096,-0.0260113967578377,-0.0004606967679592344
1933,0.471923828125,-2.661602312529491,0.12845796822377156,-0.02578680896027663,-0.0004571930351744413
1934,0.47216796875,-2.6379972004207612,0.12732165061373352,-0.0255625249011473,-0.00045362931530235073
1935,0.472412109375,-2.6143920883120324,0.1261853330036955,-0.025338240841961124,-0.00045006559548710356
1936,0.47265625000000006,-2.590786976203296,0.12504901539365712,-0.025113956782831792,-0.0004465018756718564
1937,0.472900390625,-2.567181864094567,0.12391269778361909,-0.02488967272370246,-0.00044293815585660923
1938,0.47314453125,-2.543576751985838,0.12277638017358104,-0.024665388664516286,-0.00043937443604136206
1939,0.473388671875,-2.5199716398771086,0.121640062563543,-0.024441104605386954,-0.0004358107162261149
1940,0.4736328125,-2.4963665277683793,0.12050374495350498,-0.024216820546257622,-0.0004322469964108677
1941,0.47387695312500006,-2.4727614156596434,0.1193674273434666,-0.023992536487071447,-0.00042868327653877714
1942,0.47412109375,-2.4491563035509145,0.11823110973342855,-0.023768252427942116,-0.00042511955672352997
1943,0.474365234375,-2.4255511914421852,0.11709479212339055,-0.023543968368812784,-0.0004215558369082828
1944,0.474609375,-2.4019460793334555,0.1159584745133525,-0.023319684309683453,-0.00041799211709303563
1945,0.474853515625,-2.3783409672247267,0.11482215690331446,-0.023095400250497278,-0.00041442839727778846
1946,0.47509765625000006,-2.3547358551159907,0.11368583929327608,-0.022871116191367946,-0.0004108646774625413
1947,0.475341796875,-2.3311307430072614,0.11254952168323806,-0.022646832132238615,-0.0004073009575904507
1948,0.4755859375,-2.307525630898532,0.11141320407320002,-0.02242254807305244,-0.00040373723777520354
1949,0.475830078125,-2.283920518789803,0.11027688646316197,-0.022198264013923108,-0.00040017351795995637
1950,0.47607421875,-2.260315406681074,0.10914056885312394,-0.021973979954793776,-0.0003966097981447092
1951,0.47631835937500006,-2.2367102945723376,0.10800425124308558,-0.0217496958956076,-0.00039304607832946203
1952,0.4765625,-2.2131051824636088,0.10686793363304753,-0.02152541183647827,-0.00038948235851421487
1953,0.476806640625,-2.1895000703548795,0.1057316160230095,-0.021301127777348938,-0.0003859186386989677
1954,0.47705078125,-2.16589495824615,0.10459529841297145,-0.021076843718162763,-0.0003823549188268771
1955,0.477294921875,-2.1422898461374213,0.10345898080293342,-0.02085255965903343,-0.00037879119901162994
1956,0.47753906250000006,-2.118684734028685,0.10232266319289506,-0.0206282755999041,-0.0003752274791963828
1957,0.477783203125,-2.095079621919956,0.10118634558285701,-0.020403991540717925,-0.0003716637593811356
1958,0.47802734375,-2.071474509811227,0.10005002797281896,-0.020179707481588594,-0.00036810003956588844
1959,0.478271484375,-2.0480659115871096,0.09892465521542136,-0.01995559822665882,-0.0003645019707505526
1960,0.478515625,-2.0247883226194006,0.09780657902645072,-0.019731605507899985,-0.00036088100256392863
1961,0.47875976562500006,-2.0015107336516844,0.09668850283747975,-0.01950761278914115,-0.0003572600344341481
1962,0.47900390625,-1.978233144683975,0.09557042664850908,-0.019283620070382312,-0.0003536390663043676
1963,0.479248046875,-1.954955555716266,0.09445235045953843,-0.019059627351623476,-0.00035001809811774365
1964,0.4794921875,-1.9316779667485566,0.09333427427056777,-0.01883563463286464,-0.0003463971299879631
1965,0.479736328125,-1.908400377780847,0.0922161980815971,-0.018611641914105803,-0.0003427761618013392
1966,0.47998046875000006,-1.8851227888131314,0.09109812189262614,-0.018387649195290123,-0.00033915519367155866
1967,0.480224609375,-1.861845199845422,0.08998004570365549,-0.018163656476531287,-0.00033553422554177814
1968,0.48046875,-1.8385676108777127,0.08886196951468482,-0.01793966375777245,-0.0003319132573551542
1969,0.480712890625,-1.8152900219100034,0.08774389332571418,-0.017715671039013614,-0.0003282922892253737
1970,0.48095703125,-1.792012432942294,0.08662581713674351,-0.017491678320254778,-0.00032467132103874974
1971,0.48120117187500006,-1.768734843974578,0.08550774094777254,-0.01726768560149594,-0.0003210503529089692
1972,0.4814453125,-1.745457255006869,0.08438966475880187,-0.017043692882737105,-0.0003174293847791887
1973,0.481689453125,-1.7221796660391595,0.08327158856983123,-0.016819700163921425,-0.00031380841659256475
1974,0.48193359375,-1.6989020770714502,0.08215351238086056,-0.01659570744516259,-0.00031018744846278423
1975,0.482177734375,-1.675624488103741,0.08103543619188991,-0.016371714726403752,-0.0003065664803330037
1976,0.48242187500000006,-1.652346899136025,0.07991736000291895,-0.016147722007644916,-0.00030294551214637977
1977,0.482666015625,-1.6290693101683156,0.07879928381394828,-0.01592372928888608,-0.00029932454401659925
1978,0.48291015625,-1.6057917212006065,0.07768120762497763,-0.015699736570127243,-0.0002957035758299753
1979,0.483154296875,-1.582514132232897,0.07656313143600697,-0.015475743851368406,-0.0002920826077001948
1980,0.4833984375,-1.5592365432651878,0.0754450552470363,-0.01525175113260957,-0.00028846163957041426
1981,0.48364257812500006,-1.5359589542974719,0.07432697905806533,-0.01502775841379389,-0.0002848406713837903
1982,0.48388671875,-1.5126813653297626,0.07320890286909468,-0.014803765695035054,-0.0002812197032540098
1983,0.484130859375,-1.4894037763620533,0.07209082668012402,-0.014579772976276217,-0.00027759873506738586
1984,0.484375,-1.466126187394344,0.07097275049115337,-0.014355780257517381,-0.00027397776693760534
1985,0.484619140625,-1.4430823019371706,0.06986755787031163,-0.014131993331318426,-0.0002703164570903027
1986,0.48486328125000006,-1.4200384164799906,0.06876236524946955,-0.013908206405176315,-0.0002666551472430001
1987,0.485107421875,-1.3969945310228171,0.0676571726286278,-0.013684419478977361,-0.0002629938374525409
1988,0.4853515625,-1.3739506455656436,0.06655198000778605,-0.013460632552778407,-0.0002593325276052383
1989,0.485595703125,-1.35090676010847,0.0654467873869443,-0.013236845626636295,-0.00025567121775793566
1990,0.48583984375,-1.3278628746512966,0.06434159476610254,-0.013013058700437341,-0.00025200990791063305
1991,0.48608398437500006,-1.3048189891941167,0.06323640214526048,-0.012789271774238387,-0.00024834859806333043
1992,0.486328125,-1.281775103736943,0.06213120952441872,-0.012565484848039432,-0.0002446872882160278
1993,0.486572265625,-1.2587312182797696,0.06102601690357698,-0.012341697921897321,-0.0002410259784255686
1994,0.48681640625,-1.235687332822596,0.05992082428273522,-0.012117910995698367,-0.000237364668578266
1995,0.487060546875,-1.2126434473654226,0.05881563166189348,-0.011894124069499412,-0.00023370335873096337
1996,0.48730468750000006,-1.1895995619082425,0.057710439041051415,-0.011670337143357301,-0.00023004204888366075
1997,0.487548828125,-1.1665556764510692,0.056605246420209664,-0.011446550217158347,-0.00022638073903635814
1998,0.48779296875,-1.1435117909938957,0.05550005379936791,-0.011222763290959392,-0.00022271942918905552
1999,0.488037109375,-1.1204679055367224,0.05439486117852615,-0.010998976364817281,-0.00021905811939859632
2000,0.48828125,-1.0974240200795486,0.05328966855768441,-0.010775189438618327,-0.0002153968095512937
2001,0.48852539062500006,-1.0743801346223687,0.052184475936842334,-0.010551402512419372,-0.00021173549970399108
2002,0.48876953125,-1.0513362491651952,0.05107928331600058,-0.010327615586277261,-0.00020807418985668846
2003,0.489013671875,-1.0282923637080217,0.04997409069515883,-0.010103828660078307,-0.00020441288000938584
2004,0.4892578125,-1.0052484782508482,0.04886889807431708,-0.009880041733879352,-0.00020075157016208323
2005,0.489501953125,-0.9822045927936748,0.04776370545347533,-0.009656254807737241,-0.00019709026037162403
2006,0.48974609375000006,-0.9591607073364948,0.04665851283263326,-0.009432467881538287,-0.0001934289505243214
2007,0.489990234375,-0.9361168218793212,0.045553320211791516,-0.009208680955339332,-0.0001897676406770188
2008,0.490234375,-0.9130729364221476,0.04444812759094976,-0.008984894029140378,-0.00018610633082971617
2009,0.490478515625,-0.8900290509649742,0.04334293497010801,-0.008761107102998267,-0.00018244502098241355
2010,0.49072265625,-0.8670411464109448,0.04224081098197297,-0.008537369108012172,-0.00017877410164146568
2011,0.49096679687500006,-0.8441372132116246,0.04114328994289769,-0.0083137045097601,-0.00017508876811689333
2012,0.4912109375,-0.8212332800123111,0.040045768903822714,-0.008090039911564872,-0.00017140343453547757
2013,0.491455078125,-0.7983293468129975,0.038948247864747744,-0.007866375313312801,-0.0001677181009540618
2014,0.49169921875,-0.7754254136136839,0.03785072682567277,-0.007642710715117573,-0.00016403276737264605
2015,0.491943359375,-0.7525214804143704,0.036753205786597805,-0.007419046116922345,-0.0001603474337912303
2016,0.49218750000000006,-0.7296175472150502,0.035655684747522516,-0.007195381518670274,-0.00015666210020981453
2017,0.492431640625,-0.7067136140157366,0.034558163708447553,-0.006971716920475046,-0.00015297676668524218
2018,0.49267578125,-0.6838096808164231,0.03346064266937258,-0.006748052322222975,-0.00014929143310382642
2019,0.492919921875,-0.6609057476171095,0.03236312163029761,-0.006524387724027747,-0.00014560609952241066
2020,0.4931640625,-0.6380018144177959,0.03126560059122263,-0.006300723125832519,-0.0001419207659409949
2021,0.49340820312500006,-0.6150978812184759,0.030168079552147353,-0.006077058527580448,-0.00013823543235957914
2022,0.49365234375,-0.5921939480191623,0.029070558513072383,-0.00585339392938522,-0.0001345500988350068
2023,0.493896484375,-0.5692900148198488,0.027973037473997407,-0.005629729331133149,-0.00013086476525359103
2024,0.494140625,-0.5463860816205351,0.026875516434922437,-0.005406064732937921,-0.00012717943167217527
2025,0.494384765625,-0.5234821484212215,0.025777995395847464,-0.005182400134742693,-0.0001234940980907595
2026,0.49462890625000006,-0.5005782152219014,0.024680474356772182,-0.004958735536490622,-0.00011980876450934375
2027,0.494873046875,-0.47767428202258777,0.023582953317697216,-0.004735070938295394,-0.00011612343092792798
2028,0.4951171875,-0.45477034882327416,0.022485432278622243,-0.004511406340043322,-0.00011243809740335564
2029,0.495361328125,-0.43186641562396066,0.02138791123954727,-0.0042877417418480945,-0.00010875276382193988
2030,0.49560546875,-0.4089624824246471,0.0202903902004723,-0.004064077143652867,-0.00010506743024052412
2031,0.49584960937500006,-0.38605854922532695,0.019192869161397015,-0.0038404125454007954,-0.00010138209665910836
2032,0.49609375,-0.36315461602601334,0.018095348122322042,-0.0036167479472055675,-9.76967630776926e-05
2033,0.496337890625,-0.34025068282669985,0.016997827083247073,-0.003393083348953496,-9.401142949627683e-05
2034,0.49658203125,-0.31734674962738624,0.0159003060441721,-0.0031694187507582683,-9.032609597170449e-05
2035,0.496826171875,-0.29444281642807263,0.014802785005097132,-0.0029457541525630404,-8.664076239028873e-05
2036,0.49707031250000006,-0.27157588453377385,0.013707309458507629,-0.0027221216737984832,-8.29489825946439e-05
2037,0.497314453125,-0.24871820296573688,0.01261234528503989,-0.0024984972249058046,-7.925559134491778e-05
2038,0.49755859375,-0.22586052139770005,0.011517381111572153,-0.0022748727759562826,-7.556220003834824e-05
2039,0.497802734375,-0.20300283982966308,0.01042241693810441,-0.002051248327063604,-7.18688087317787e-05
2040,0.498046875,-0.18014515826162616,0.00932745276463667,-0.0018276238781709253,-6.817541742520916e-05
2041,0.49829101562500006,-0.15728747669358273,0.008232488591168619,-0.0016039994292782467,-6.448202611863962e-05
2042,0.49853515625,-0.13442979512554581,0.007137524417700879,-0.001380374980385568,-6.0788634812070086e-05
2043,0.498779296875,-0.1115721135575089,0.0060425602442331396,-0.0011567505314928894,-5.709524350550055e-05
2044,0.4990234375,-0.08871443198947197,0.004947596070765398,-0.0009331260826002108,-5.340185219893101e-05
2045,0.499267578125,-0.06585675042143502,0.0038526318972976594,-0.0007095016336506887,-4.970846089236147e-05
2046,0.49951171875000006,-0.0429990688533916,0.0027576677238296075,-0.0004858771847580101,-4.6015069585791935e-05
2047,0.499755859375,-0.020141387285354678,0.0016627035503618665,-0.0002622527358653315,-4.23216782792224e-05
2048,0.5,0.0027162942826822445,0.0005677393768941273,-3.862828697265286e-05,-3.862828702949628e-05
2049,0.500244140625,0.02557397585071917,-0.0005272247965736134,0.00018499616192002577,-3.493489572292674e-05
2050,0.50048828125,0.048431657418756095,-0.0016221889700413542,0.0004086206108127044,-3.12415044163572e-05
2051,0.500732421875,0.07128933898679951,-0.0027171531435094044,0.000632245059705383,-2.7548113109787664e-05
2052,0.5009765625,0.09414702055483642,-0.0038121173169771453,0.0008558695086549051,-2.3854721803218126e-05
2053,0.501220703125,0.11700470212287337,-0.004907081490444886,0.0010794939575475837,-2.016133049664859e-05
2054,0.50146484375,0.13986238369091028,-0.006002045663912624,0.0013031184064402623,-1.646793919007905e-05
2055,0.501708984375,0.16272006525894714,-0.007097009837380364,0.001526742855332941,-1.2774547883509513e-05
2056,0.501953125,0.1855777468269906,-0.008191974010848417,0.0017503673042256196,-9.081156576939975e-06
2057,0.502197265625,0.20843542839502754,-0.009286938184316156,0.0019739917531182982,-5.387765270370437e-06
2058,0.50244140625,0.23129310996306443,-0.010381902357783896,0.002197616202010977,-1.6943739638008992e-06
2059,0.502685546875,0.25415079153110137,-0.011476866531251637,0.002421240650960499,1.9990173427686386e-06
2060,0.5029296875,0.27700847309913823,-0.012571830704719376,0.0026448650998531775,5.692408592494758e-06
2061,0.503173828125,0.2998756404951017,-0.013667299596349365,0.0028684978683486406,9.384241764109902e-06
2062,0.50341796875,0.32278075120273875,-0.014764787360626789,0.0030921639151415548,1.3069842225377215e-05
2063,0.503662109375,0.3456858619103758,-0.015862275124904214,0.0033158299619913123,1.675544262980111e-05
2064,0.50390625,0.3685909726180128,-0.01695976288918164,0.00353949600884107,2.0441043091068423e-05
2065,0.504150390625,0.39149608332564984,-0.01805725065345907,0.003763162055633984,2.4126643552335736e-05
2066,0.50439453125,0.4144011940332934,-0.0191547384177368,0.0039868281024837415,2.781224401360305e-05
2067,0.504638671875,0.43730630474093035,-0.02025222618201423,0.004210494149333499,3.1497844418026943e-05
2068,0.5048828125,0.4602114154485675,-0.021349713946291655,0.004434160196183257,3.518344487929426e-05
2069,0.505126953125,0.48311652615620454,-0.022447201710569083,0.004657826242976171,3.886904534056157e-05
2070,0.50537109375,0.5060216368638415,-0.023544689474846506,0.004881492289825928,4.2554645744985464e-05
2071,0.505615234375,0.5289267475714851,-0.024642177239124246,0.005105158336675686,4.624024620625278e-05
2072,0.505859375,0.5518318582791222,-0.02573966500340167,0.005328824383525443,4.992584666752009e-05
2073,0.506103515625,0.5747369689867592,-0.02683715276767909,0.0055524904303183575,5.3611447128787404e-05
2074,0.50634765625,0.5976420796943962,-0.02793464053195652,0.005776156477168115,5.72970475332113e-05
2075,0.506591796875,0.6205471904020332,-0.029032128296233948,0.005999822524017873,6.098264799447861e-05
2076,0.5068359375,0.6434523011096769,-0.03012961606051168,0.00622348857086763,6.466824845574592e-05
2077,0.507080078125,0.6663574118173138,-0.031227103824789108,0.006447154617660544,6.835384891701324e-05
2078,0.50732421875,0.6892625225249509,-0.03232459158906653,0.006670820664510302,7.203944932143713e-05
2079,0.507568359375,0.7121676332325879,-0.03342207935334396,0.006894486711360059,7.572504978270445e-05
2080,0.5078125,0.7350727439402249,-0.034519567117621386,0.0071181527581529735,7.941065024397176e-05
2081,0.508056640625,0.7579778546478685,-0.03561705488189912,0.007341818805002731,8.309625070523907e-05
2082,0.50830078125,0.7808829653555055,-0.036714542646176546,0.007565484851852489,8.678185116650639e-05
2083,0.508544921875,0.8037880760631425,-0.03781203041045398,0.007789150898702246,9.046745157093028e-05
2084,0.5087890625,0.8266931867707795,-0.03890951817473139,0.00801281694549516,9.415305203219759e-05
2085,0.509033203125,0.8495982974784166,-0.04000700593900882,0.008236482992344918,9.78386524934649e-05
2086,0.50927734375,0.8725034081860602,-0.04110449370328656,0.008460149039194675,0.00010152425295473222
2087,0.509521484375,0.8954931939878262,-0.04220656404141525,0.008683889358337638,0.00010519559992872018
2088,0.509765625,0.9185394298523453,-0.043311689428778104,0.008907679192361684,0.00010885744467259428
2089,0.510009765625,0.941585665716864,-0.04441681481614096,0.009131469026328887,0.00011251928935962496
2090,0.51025390625,0.9646319015813827,-0.045521940203503815,0.009355258860352933,0.00011618113410349906
2091,0.510498046875,0.9876781374459083,-0.04662706559086698,0.00957904869437698,0.00011984297884737316
2092,0.5107421875,1.010724373310427,-0.04773219097822984,0.009802838528401026,0.00012350482353440384
2093,0.510986328125,1.033770609174946,-0.04883731636559269,0.010026628362425072,0.00012716666827827794
2094,0.51123046875,1.0568168450394646,-0.04994244175295554,0.010250418196449118,0.00013082851302215204
2095,0.511474609375,1.0798630809039835,-0.0510475671403184,0.010474208030416321,0.00013449035770918272
2096,0.51171875,1.102909316768509,-0.052152692527681566,0.010697997864440367,0.00013815220245305682
2097,0.511962890625,1.1259555526330278,-0.05325781791504443,0.010921787698464414,0.00014181404719693091
2098,0.51220703125,1.1490017884975465,-0.05436294330240728,0.01114557753248846,0.0001454758918839616
2099,0.512451171875,1.1720480243620655,-0.05546806868977014,0.011369367366512506,0.0001491377366278357
2100,0.5126953125,1.1950942602265842,-0.056573194077132995,0.011593157200479709,0.00015279958131486637
2101,0.512939453125,1.2181404960911097,-0.05767831946449615,0.011816947034503755,0.00015646142605874047
2102,0.51318359375,1.2411867319556285,-0.05878344485185901,0.012040736868527802,0.00016012327080261457
2103,0.513427734375,1.2642329678201474,-0.05988857023922186,0.012264526702551848,0.00016378511548964525
2104,0.513671875,1.2872792036846663,-0.06099369562658472,0.012488316536575894,0.00016744696023351935
2105,0.513916015625,1.310325439549185,-0.06209882101394758,0.012712106370543097,0.00017110880497739345
2106,0.51416015625,1.3333716754137104,-0.06320394640131075,0.012935896204567143,0.00017477064966442413
2107,0.514404296875,1.3564179112782295,-0.0643090717886736,0.01315968603859119,0.00017843249440829823
2108,0.5146484375,1.3794641471427482,-0.06541419717603646,0.013383475872615236,0.0001820943390953289
2109,0.514892578125,1.402510383007267,-0.06651932256339932,0.013607265706639282,0.000185756183839203
2110,0.51513671875,1.4255566188717856,-0.06762444795076215,0.013831055540606485,0.0001894180285830771
2111,0.515380859375,1.4486028547363112,-0.06872957333812535,0.014054845374630531,0.00019307987327010778
2112,0.515625,1.47164909060083,-0.06983469872548818,0.014278635208654578,0.00019674171801398188
2113,0.515869140625,1.4949301937021422,-0.07095267241483987,0.014502632315156916,0.00020036349138763399
2114,0.51611328125,1.518211296803454,-0.07207064610419155,0.014726629421716098,0.0002039852647612861
2115,0.516357421875,1.541492399904766,-0.07318861979354323,0.014950626528218436,0.0002076070381349382
2116,0.5166015625,1.5647735030060845,-0.07430659348289521,0.015174623634720774,0.0002112288115085903
2117,0.516845703125,1.5880546061073968,-0.07542456717224688,0.015398620741223112,0.0002148505848822424
2118,0.51708984375,1.6113357092087086,-0.07654254086159856,0.015622617847782294,0.0002184723582558945
2119,0.517333984375,1.6346168123100207,-0.07766051455095024,0.015846614954284632,0.0002220941316295466
2120,0.517578125,1.6578979154113325,-0.07877848824030192,0.01607061206078697,0.0002257159050031987
2121,0.517822265625,1.6811790185126512,-0.0798964619296539,0.016294609167346152,0.0002293376783200074
2122,0.51806640625,1.7044601216139632,-0.08101443561900556,0.01651860627384849,0.0002329594516936595
2123,0.518310546875,1.7277412247152752,-0.08213240930835725,0.01674260338035083,0.0002365812250673116
2124,0.5185546875,1.751022327816587,-0.08325038299770893,0.016966600486853167,0.0002402029984409637
2125,0.518798828125,1.7743034309178989,-0.08436835668706061,0.01719059759341235,0.00024382477181461581
2126,0.51904296875,1.7975845340192178,-0.0854863303764126,0.017414594699914687,0.0002474465451882679
2127,0.519287109375,1.8208656371205298,-0.08660430406576426,0.017638591806417026,0.00025106831856192
2128,0.51953125,1.8441467402218417,-0.08772227775511594,0.017862588912976207,0.00025469009193557213
2129,0.519775390625,1.8674278433231535,-0.08884025144446762,0.018086586019478545,0.00025831186530922423
2130,0.52001953125,1.8907089464244655,-0.0899582251338193,0.018310583125980884,0.00026193363868287634
2131,0.520263671875,1.9139900495257844,-0.09107619882317129,0.018534580232483222,0.00026555541205652844
2132,0.5205078125,1.9372711526270963,-0.09219417251252297,0.018758577339042404,0.00026917718543018054
2133,0.520751953125,1.960552255728408,-0.09331214620187465,0.018982574445544742,0.00027279895880383265
2134,0.52099609375,1.9838333588297201,-0.09443011989122632,0.01920657155204708,0.00027642073217748475
2135,0.521240234375,2.007114461931032,-0.095548093580578,0.019430568658606262,0.00028004250555113686
2136,0.521484375,2.0303955650323506,-0.09666606726992999,0.0196545657651086,0.00028366427892478896
2137,0.521728515625,2.053676668133663,-0.09778404095928166,0.01987856287161094,0.00028728605224159764
2138,0.52197265625,2.0770892404977706,-0.09890929637812701,0.020102677118359225,0.00029088503583807324
2139,0.522216796875,2.100699016756071,-0.10004547439121284,0.020326967075391167,0.00029444983471194064
2140,0.5224609375,2.1243087930143716,-0.10118165240429866,0.020551257032366266,0.0002980146335289646
2141,0.522705078125,2.1479185692726785,-0.10231783041738483,0.020775546989398208,0.000301579432402832
2142,0.52294921875,2.1715283455309793,-0.10345400843047065,0.02099983694643015,0.00030514423127669943
2143,0.523193359375,2.19513812178928,-0.10459018644355648,0.021224126903462093,0.00030870903015056683
2144,0.5234375,2.2187478980475808,-0.10572636445664231,0.021448416860494035,0.00031227382902443424
2145,0.523681640625,2.242357674305881,-0.10686254246972814,0.021672706817525977,0.0003158386278414582
2146,0.52392578125,2.2659674505641885,-0.10799872048281431,0.021896996774501076,0.0003194034267153256
2147,0.524169921875,2.2895772268224888,-0.10913489849590012,0.02212128673153302,0.000322968225589193
2148,0.5244140625,2.3131870030807895,-0.11027107650898596,0.02234557668856496,0.00032653302446306043
2149,0.524658203125,2.33679677933909,-0.11140725452207179,0.022569866645596903,0.0003300978232800844
2150,0.52490234375,2.360406555597391,-0.11254343253515761,0.022794156602628846,0.0003336626221539518
2151,0.525146484375,2.3840163318556975,-0.11367961054824378,0.023018446559660788,0.0003372274210278192
2152,0.525390625,2.4076261081139987,-0.1148157885613296,0.023242736516635887,0.0003407922199016866
2153,0.525634765625,2.431235884372299,-0.11595196657441544,0.02346702647366783,0.0003443570187187106
2154,0.52587890625,2.4548456606306,-0.11708814458750126,0.02369131643069977,0.000347921817592578
2155,0.526123046875,2.4784554368889,-0.11822432260058709,0.023915606387731714,0.0003514866164664454
2156,0.5263671875,2.502065213147208,-0.11936050061367325,0.024139896344763656,0.0003550514153403128
2157,0.526611328125,2.525674989405508,-0.12049667862675907,0.0243641863017956,0.0003586162141573368
2158,0.52685546875,2.5492847656638085,-0.12163285663984491,0.024588476258770697,0.0003621810130312042
2159,0.527099609375,2.572894541922109,-0.12276903465293074,0.02481276621580264,0.0003657458119050716
2160,0.52734375,2.59650431818041,-0.12390521266601656,0.025037056172834582,0.000369310610778939
2161,0.527587890625,2.6201140944387173,-0.12504139067910272,0.025261346129866524,0.0003728754096528064
2162,0.52783203125,2.6437238706970176,-0.12617756869218857,0.025485636086898467,0.0003764402084698304
2163,0.528076171875,2.6673336469553184,-0.1273137467052744,0.02570992604393041,0.0003800050073436978
2164,0.5283203125,2.6912814547319783,-0.12846890908718728,0.02593452097841009,0.00038351004201331307
2165,0.528564453125,2.7153137703882275,-0.12962881756130698,0.026159192157308553,0.00038700013567449787
2166,0.52880859375,2.7393460860444843,-0.13078872603542704,0.02638386333615017,0.00039049022927883925
2167,0.529052734375,2.763378401700734,-0.13194863450954675,0.026608534515048632,0.00039398032288318063
2168,0.529296875,2.7874107173569835,-0.13310854298366645,0.02683320569389025,0.00039747041654436543
2169,0.529541015625,2.8114430330132327,-0.13426845145778615,0.02705787687278871,0.0004009605101487068
2170,0.52978515625,2.835475348669483,-0.13542835993190583,0.027282548051687172,0.0004044506038098916
2171,0.530029296875,2.859507664325739,-0.13658826840602586,0.02750721923052879,0.000407940697414233
2172,0.5302734375,2.8835399799819887,-0.13774817688014557,0.02773189040942725,0.0004114307910185744
2173,0.530517578125,2.907572295638239,-0.13890808535426527,0.02795656158826887,0.0004149208846797592
2174,0.53076171875,2.931604611294488,-0.14006799382838497,0.02818123276716733,0.00041841097828410057
2175,0.531005859375,2.9556369269507377,-0.14122790230250468,0.028405903946008948,0.00042190107194528537
2176,0.53125,2.9796692426069944,-0.14238781077662466,0.02863057512490741,0.00042539116554962675
2177,0.531494140625,3.003701558263244,-0.14354771925074436,0.02885524630380587,0.00042888125915396813
2178,0.53173828125,3.0277338739194937,-0.14470762772486406,0.029079917482647488,0.00043237135281515293
2179,0.531982421875,3.051766189575743,-0.14586753619898377,0.02930458866154595,0.0004358614464194943
2180,0.5322265625,3.075798505231993,-0.14702744467310347,0.029529259840387567,0.0004393515400806791
2181,0.532470703125,3.0998308208882492,-0.1481873531472235,0.02975393101928603,0.0004428416336850205
2182,0.53271484375,3.123863136544499,-0.1493472616213432,0.029978602198127646,0.0004463317272893619
2183,0.532958984375,3.147895452200749,-0.1505071700954629,0.030203273377026107,0.0004498218209505467
2184,0.533203125,3.171927767856998,-0.15166707856958261,0.03042794455592457,0.00045331191455488806
2185,0.533447265625,3.195960083513248,-0.15282698704370232,0.030652615734766187,0.00045680200821607286
2186,0.53369140625,3.2199923991695045,-0.15398689551782235,0.030877286913664648,0.00046029210182041425
2187,0.533935546875,3.244024714825754,-0.15514680399194206,0.031101958092506266,0.00046378219542475563
2188,0.5341796875,3.2680570304820034,-0.15630671246606176,0.03132662927140473,0.00046727228908594043
2189,0.534423828125,3.292192632785188,-0.15747250452862258,0.03155139504087856,0.00047074368126232
2190,0.53466796875,3.3167413816761138,-0.15866183094494782,0.03177653917271073,0.0004741402677836959
2191,0.534912109375,3.3412901305670464,-0.15985115736127348,0.032001683304542894,0.00047753685430507176
2192,0.53515625,3.365838879457972,-0.16104048377759878,0.03222682743631822,0.0004809334407696042
2193,0.535400390625,3.3903876283488974,-0.16222981019392405,0.032451971568150384,0.00048433002729098007
2194,0.53564453125,3.414936377239823,-0.16341913661024937,0.03267711569998255,0.00048772661381235594
2195,0.535888671875,3.4394851261307484,-0.16460846302657464,0.03290225983181472,0.0004911232002768884
2196,0.5361328125,3.4640338750216806,-0.16579778944290027,0.033127403963646884,0.0004945197867982642
2197,0.536376953125,3.488582623912606,-0.16698711585922557,0.03335254809547905,0.0004979163732627967
2198,0.53662109375,3.513131372803532,-0.16817644227555087,0.03357769222731122,0.0005013129597841726
2199,0.536865234375,3.537680121694457,-0.16936576869187617,0.033802836359143384,0.0005047095463055484
2200,0.537109375,3.562228870585383,-0.17055509510820144,0.03402798049097555,0.0005081061327700809
2201,0.537353515625,3.5867776194763152,-0.17174442152452707,0.03425312462280772,0.0005115027192914567
2202,0.53759765625,3.611326368367241,-0.17293374794085237,0.034478268754639885,0.0005148993058128326
2203,0.537841796875,3.635875117258166,-0.1741230743571777,0.03470341288641521,0.0005182958922773651
2204,0.5380859375,3.6604238661490913,-0.17531240077350294,0.034928557018247375,0.0005216924787987409
2205,0.538330078125,3.684972615040017,-0.17650172718982823,0.03515370115007954,0.0005250890653201168
2206,0.53857421875,3.7095213639309494,-0.1776910536061539,0.03537884528191171,0.0005284856517846492
2207,0.538818359375,3.734070112821875,-0.17888038002247916,0.035603989413743875,0.0005318822383060251
2208,0.5390625,3.7586188617128005,-0.18006970643880446,0.03582913354557604,0.000535278824827401
2209,0.539306640625,3.7831676106037264,-0.18125903285512976,0.03605427767740821,0.0005386754112919334
2210,0.53955078125,3.8077163594946515,-0.18244835927145506,0.036279421809240375,0.0005420719978133093
2211,0.539794921875,3.832265108385584,-0.18363768568778066,0.03650456594107254,0.0005454685842778417
2212,0.5400390625,3.8568138572765096,-0.184827012104106,0.03672971007290471,0.0005488651707992176
2213,0.540283203125,3.881362606167435,-0.18601633852043126,0.036954854204736876,0.0005522617573205935
2214,0.54052734375,3.9059113550583597,-0.18720566493675653,0.0371799983365122,0.0005556583437851259
2215,0.540771484375,3.9308262752366088,-0.18841612029005878,0.03740548353084705,0.00055898675446997
2216,0.541015625,3.9559853096064135,-0.189640661601346,0.03763119610022159,0.0005622697145781785
2217,0.541259765625,3.9811443439762106,-0.1908652029126328,0.03785690866953928,0.0005655526746295436
2218,0.54150390625,4.006303378346008,-0.19208974422391964,0.038082621238913816,0.0005688356347377521
2219,0.541748046875,4.031462412715805,-0.19331428553520646,0.03830833380823151,0.0005721185948459606
2220,0.5419921875,4.056621447085602,-0.19453882684649332,0.038534046377606046,0.0005754015548973257
2221,0.542236328125,4.081780481455406,-0.19576336815778048,0.03875975894692374,0.0005786845150055342
2222,0.54248046875,4.1069395158252044,-0.19698790946906733,0.03898547151624143,0.0005819674751137427
2223,0.542724609375,4.132098550195001,-0.19821245078035415,0.03921118408561597,0.0005852504352219512
2224,0.54296875,4.157257584564798,-0.199436992091641,0.03943689665493366,0.0005885333952733163
2225,0.543212890625,4.182416618934595,-0.20066153340292783,0.0396626092243082,0.0005918163553815248
2226,0.54345703125,4.2075756533044,-0.20188607471421502,0.03988832179362589,0.0005950993154897333
2227,0.543701171875,4.232734687674197,-0.20311061602550184,0.04011403436300043,0.0005983822755979418
2228,0.5439453125,4.2578937220439945,-0.2043351573367887,0.04033974693231812,0.0006016652356493069
2229,0.544189453125,4.283052756413791,-0.20555969864807552,0.040565459501635814,0.0006049481957575154
2230,0.54443359375,4.308211790783589,-0.20678423995936238,0.04079117207101035,0.0006082311558657238
2231,0.544677734375,4.333370825153393,-0.20800878127064956,0.041016884640328044,0.0006115141159170889
2232,0.544921875,4.35852985952319,-0.2092333225819364,0.04124259720970258,0.0006147970760252974
2233,0.545166015625,4.383688893892987,-0.2104578638932232,0.041468309779020274,0.0006180800361335059
2234,0.54541015625,4.408847928262785,-0.21168240520451007,0.04169402234833797,0.0006213629962417144
2235,0.545654296875,4.434006962632581,-0.2129069465157969,0.0419197349177125,0.0006246459562930795
2236,0.5458984375,4.459165997002387,-0.21413148782708408,0.042145447487030196,0.000627928916401288
2237,0.546142578125,4.484325031372184,-0.21535602913837093,0.04237116005640473,0.0006312118765094965
2238,0.54638671875,4.50948406574198,-0.21658057044965776,0.042596872625722426,0.000634494836617705
2239,0.546630859375,4.5346431001117775,-0.21780511176094458,0.04282258519509696,0.0006377777966690701
2240,0.546875,4.559802134481575,-0.21902965307223143,0.043048297764414656,0.0006410607567772786
2241,0.547119140625,4.585665152854133,-0.22029521131577232,0.04327467819183539,0.0006442084070954479
2242,0.54736328125,4.6115281712266825,-0.22156076955931286,0.043501058619199284,0.0006473560574704607
2243,0.547607421875,4.6373911895992315,-0.22282632780285336,0.04372743904662002,0.00065050370778863
2244,0.5478515625,4.663254207971782,-0.22409188604639393,0.043953819474040756,0.0006536513581067993
2245,0.548095703125,4.689117226344331,-0.2253574442899344,0.04418019990146149,0.0006567990084249686
2246,0.54833984375,4.714980244716889,-0.2266230025334753,0.044406580328825385,0.0006599466587999814
2247,0.548583984375,4.740843263089438,-0.22788856077701586,0.04463296075624612,0.0006630943091181507
2248,0.548828125,4.766706281461989,-0.22915411902055635,0.044859341183666857,0.00066624195943632
2249,0.549072265625,4.792569299834538,-0.23041967726409693,0.04508572161108759,0.0006693896097544894
2250,0.54931640625,4.818432318207088,-0.2316852355076374,0.045312102038451485,0.0006725372601295021
2251,0.549560546875,4.844295336579646,-0.2329507937511783,0.04553848246587222,0.0006756849104476714
2252,0.5498046875,4.870158354952195,-0.23421635199471885,0.04576486289329296,0.0006788325607658408
2253,0.550048828125,4.8960213733247455,-0.23548191023825932,0.04599124332071369,0.0006819802111408535
2254,0.55029296875,4.9218843916972945,-0.2367474684817999,0.046217623748077585,0.0006851278614590228
2255,0.550537109375,4.947747410069844,-0.2380130267253404,0.04644400417549832,0.0006882755117771922
2256,0.55078125,4.973610428442401,-0.2392785849688813,0.04667038460291906,0.0006914231620953615
2257,0.551025390625,4.999473446814952,-0.24054414321242182,0.04689676503033979,0.0006945708124703742
2258,0.55126953125,5.025336465187501,-0.2418097014559623,0.047123145457703686,0.0006977184627885435
2259,0.551513671875,5.051199483560051,-0.2430752596995029,0.04734952588512442,0.0007008661131067129
2260,0.5517578125,5.077062501932601,-0.24434081794304338,0.04757590631254516,0.0007040137634248822
2261,0.552001953125,5.102925520305158,-0.24560637618658432,0.047802286739965894,0.0007071614137998949
2262,0.55224609375,5.128788538677709,-0.2468719344301248,0.048028667167329786,0.0007103090641180643
2263,0.552490234375,5.154651557050258,-0.24813749267366536,0.04825504759475052,0.0007134567144362336
2264,0.552734375,5.180514575422808,-0.24940305091720588,0.04848142802217126,0.0007166043648112463
2265,0.552978515625,5.206377593795358,-0.2506686091607464,0.048707808449591994,0.0007197520151294157
2266,0.55322265625,5.23255955943215,-0.25195283056679235,0.048934497335949345,0.0007228361453144316
2267,0.553466796875,5.259219945965286,-0.2532650467165956,0.04916164891085373,0.000725824995356561
2268,0.5537109375,5.285880332498421,-0.25457726286639887,0.04938880048575811,0.0007288138453986903
2269,0.553955078125,5.312540719031558,-0.2558894790162021,0.049615952060662494,0.0007318026954408197
2270,0.55419921875,5.339201105564694,-0.2572016951660054,0.04984310363551003,0.000734791545482949
2271,0.554443359375,5.365861492097838,-0.25851391131580903,0.050070255210414416,0.0007377803955250783
2272,0.5546875,5.3925218786309745,-0.25982612746561223,0.0502974067853188,0.0007407692456240511
2273,0.554931640625,5.41918226516411,-0.2611383436154155,0.05052455836022318,0.0007437580956661805
2274,0.55517578125,5.445842651697246,-0.26245055976521875,0.050751709935127565,0.0007467469457083098
2275,0.555419921875,5.472503038230382,-0.263762775915022,0.050978861509975104,0.0007497357957504391
2276,0.5556640625,5.499163424763526,-0.26507499206482565,0.05120601308487949,0.0007527246457925685
2277,0.555908203125,5.525823811296663,-0.26638720821462886,0.05143316465978387,0.0007557134958346978
2278,0.55615234375,5.5524841978297985,-0.2676994243644321,0.05166031623468825,0.0007587023458768272
2279,0.556396484375,5.579144584362934,-0.26901164051423543,0.05188746780953579,0.0007616911959189565
2280,0.556640625,5.60580497089607,-0.27032385666403863,0.052114619384440175,0.0007646800459610859
2281,0.556884765625,5.632465357429215,-0.2716360728138423,0.05234177095934456,0.0007676688960032152
2282,0.55712890625,5.659125743962351,-0.2729482889636455,0.05256892253424894,0.0007706577460453445
2283,0.557373046875,5.6857861304954875,-0.27426050511344874,0.052796074109153324,0.0007736465960874739
2284,0.5576171875,5.712446517028623,-0.27557272126325205,0.05302322568400086,0.0007766354461296032
2285,0.557861328125,5.73910690356176,-0.2768849374130552,0.053250377258905246,0.0007796242961717326
2286,0.55810546875,5.765767290094904,-0.2781971535628589,0.05347752883380963,0.0007826131462138619
2287,0.558349609375,5.79242767662804,-0.2795093697126621,0.05370468040871401,0.0007856019962559913
2288,0.55859375,5.8190880631611765,-0.2808215858624654,0.05393183198356155,0.0007885908462981206
2289,0.558837890625,5.845748449694312,-0.2821338020122686,0.054158983558465934,0.0007915796963402499
2290,0.55908203125,5.872408836227448,-0.2834460181620719,0.05438613513337032,0.0007945685463823793
2291,0.559326171875,5.899069222760592,-0.28475823431187547,0.0546132867082747,0.0007975573964245086
2292,0.5595703125,5.926441788663982,-0.286111971440452,0.054841140643759445,0.0008003987811662228
2293,0.559814453125,5.953992399409935,-0.2874760888137218,0.0550691701694177,0.000803203299597044
2294,0.56005859375,5.98154301015589,-0.2888402061869915,0.05529719969507596,0.0008060078179710217
2295,0.560302734375,6.009093620901843,-0.2902043235602613,0.05552522922073422,0.0008088123364018429
2296,0.560546875,6.036644231647805,-0.29156844093353146,0.055753258746392476,0.0008116168548326641
2297,0.560791015625,6.064194842393759,-0.29293255830680126,0.05598128827205073,0.0008144213732634853
2298,0.56103515625,6.091745453139713,-0.29429667568007106,0.05620931779770899,0.0008172258916374631
2299,0.561279296875,6.119296063885666,-0.2956607930533408,0.056437347323310405,0.0008200304100682843
2300,0.5615234375,6.14684667463162,-0.2970249104266106,0.05666537684896866,0.0008228349284991054
2301,0.561767578125,6.174397285377581,-0.29838902779988075,0.05689340637462692,0.0008256394469299266
2302,0.56201171875,6.201947896123535,-0.29975314517315055,0.05712143590028518,0.0008284439653039044
2303,0.562255859375,6.229498506869488,-0.3011172625464203,0.057349465425943436,0.0008312484837347256
2304,0.5625,6.257049117615442,-0.3024813799196901,0.05757749495160169,0.0008340530021655468
2305,0.562744140625,6.284599728361396,-0.30384549729295984,0.05780552447725995,0.000836857520596368
2306,0.56298828125,6.312150339107357,-0.30520961466623003,0.05803355400291821,0.0008396620390271892
2307,0.563232421875,6.339700949853312,-0.30657373203949984,0.058261583528576466,0.0008424665574011669
2308,0.5634765625,6.367251560599265,-0.3079378494127696,0.058489613054234724,0.0008452710758319881
2309,0.563720703125,6.394802171345219,-0.3093019667860394,0.05871764257989298,0.0008480755942628093
2310,0.56396484375,6.422352782091173,-0.31066608415930913,0.058945672105494396,0.0008508801126936305
2311,0.564208984375,6.449903392837134,-0.3120302015325794,0.05917370163115265,0.0008536846310676083
2312,0.564453125,6.477454003583087,-0.3133943189058491,0.05940173115681091,0.0008564891494984295
2313,0.564697265625,6.505004614329041,-0.3147584362791189,0.05962976068246917,0.0008592936679292507
2314,0.56494140625,6.532555225074995,-0.31612255365238867,0.059857790208127426,0.0008620981863600718
2315,0.565185546875,6.560105835820949,-0.3174866710256584,0.060085819733785684,0.0008649027047340496
2316,0.5654296875,6.5876564465669105,-0.3188507883989286,0.06031384925944394,0.0008677072231648708
2317,0.565673828125,6.615403513678644,-0.32022619203580704,0.06054207630251085,0.0008704693176468936
2318,0.56591796875,6.643936406253493,-0.3216467407271204,0.060771093415439736,0.0008730617164474097
2319,0.566162109375,6.672469298828343,-0.32306728941843377,0.06100011052831178,0.0008756541152479258
2320,0.56640625,6.701002191403192,-0.32448783810974696,0.06122912764118382,0.0008782465140484419
2321,0.566650390625,6.72953508397805,-0.32590838680106077,0.06145814475411271,0.000880838912848958
2322,0.56689453125,6.7580679765528995,-0.327328935492374,0.06168716186698475,0.0008834313116494741
2323,0.567138671875,6.786600869127748,-0.3287494841836873,0.061916178979856795,0.0008860237103931468
2324,0.5673828125,6.815133761702598,-0.3301700328750007,0.06214519609278568,0.0008886161091936629
2325,0.567626953125,6.843666654277447,-0.331590581566314,0.062374213205657725,0.0008912085079941789
2326,0.56787109375,6.872199546852306,-0.3330111302576277,0.06260323031852977,0.000893800906794695
2327,0.568115234375,6.900732439427155,-0.33443167894894105,0.06283224743145865,0.0008963933055952111
2328,0.568359375,6.929265332002005,-0.3358522276402543,0.0630612645443307,0.0008989857043957272
2329,0.568603515625,6.957798224576854,-0.3372727763315676,0.06329028165720274,0.0009015781031393999
2330,0.56884765625,6.986331117151704,-0.3386933250228809,0.06351929877007478,0.000904170501939916
2331,0.569091796875,7.01486400972656,-0.34011387371419466,0.06374831588300367,0.0009067629007404321
2332,0.5693359375,7.04339690230141,-0.34153442240550796,0.06397733299587571,0.0009093552995409482
2333,0.569580078125,7.071929794876259,-0.34295497109682127,0.06420635010874776,0.0009119476983414643
2334,0.56982421875,7.100462687451109,-0.3443755197881346,0.06443536722167664,0.0009145400971419804
2335,0.570068359375,7.128995580025958,-0.3457960684794479,0.06466438433454869,0.000917132495885653
2336,0.5703125,7.157528472600816,-0.34721661717076163,0.06489340144742073,0.0009197248946861691
2337,0.570556640625,7.186061365175666,-0.34863716586207494,0.06512241856034962,0.0009223172934866852
2338,0.57080078125,7.214594257750515,-0.35005771455338824,0.06535143567322166,0.0009249096922872013
2339,0.571044921875,7.243127150325365,-0.35147826324470155,0.0655804527860937,0.0009275020910877174
2340,0.5712890625,7.271660042900214,-0.35289881193601486,0.06580946989896574,0.0009300944898882335
2341,0.571533203125,7.300192935475072,-0.35431936062732855,0.06603848701189463,0.0009326868886319062
2342,0.57177734375,7.328725828049922,-0.3557399093186418,0.06626750412476667,0.0009352792874324223
2343,0.572021484375,7.357902647654731,-0.35719636599021903,0.06649718064596755,0.0009377262753105242
2344,0.572265625,7.38750875194618,-0.3586767613153054,0.06672729677273992,0.0009400763224789443
2345,0.572509765625,7.417114856237632,-0.36015715664039183,0.06695741289945545,0.0009424263697042079
2346,0.57275390625,7.446720960529091,-0.36163755196547864,0.06718752902622782,0.000944776416872628
2347,0.572998046875,7.476327064820541,-0.36311794729056496,0.06741764515294335,0.0009471264640978916
2348,0.5732421875,7.505933169111991,-0.36459834261565144,0.06764776127965888,0.0009494765113231551
2349,0.573486328125,7.535539273403442,-0.36607873794073775,0.06787787740643125,0.0009518265584915753
2350,0.57373046875,7.565145377694892,-0.3675591332658241,0.06810799353314678,0.0009541766057168388
2351,0.573974609375,7.59475148198635,-0.36903952859091094,0.06833810965991916,0.0009565266529421024
2352,0.57421875,7.6243575862778,-0.37051992391599736,0.06856822578663468,0.0009588767001105225
2353,0.574462890625,7.65396369056925,-0.37200031924108373,0.06879834191340706,0.0009612267473357861
2354,0.57470703125,7.683569794860701,-0.37348071456617016,0.06902845804012259,0.0009635767945042062
2355,0.574951171875,7.713175899152151,-0.3749611098912565,0.06925857416689496,0.0009659268417294697
2356,0.5751953125,7.742782003443609,-0.3764415052163433,0.06948869029361049,0.0009682768889547333
2357,0.575439453125,7.772388107735059,-0.37792190054142977,0.06971880642038286,0.0009706269361231534
2358,0.57568359375,7.801994212026509,-0.3794022958665161,0.06994892254709839,0.000972976983348417
2359,0.575927734375,7.83160031631796,-0.3808826911916025,0.07017903867387076,0.0009753270305168371
2360,0.576171875,7.86120642060941,-0.3823630865166889,0.0704091548005863,0.0009776770777421007
2361,0.576416015625,7.89081252490087,-0.3838434818417757,0.07063927092735867,0.0009800271249673642
2362,0.57666015625,7.92041862919232,-0.38532387716686206,0.0708693870540742,0.0009823771721357843
2363,0.576904296875,7.950024733483771,-0.38680427249194843,0.07109950318084657,0.000984727219361048
2364,0.5771484375,7.97963083777522,-0.38828466781703486,0.0713296193075621,0.0009870772665863115
2365,0.577392578125,8.009236942066671,-0.3897650631421212,0.07155973543433447,0.0009894273137547316
2366,0.57763671875,8.038843046358128,-0.39124545846720804,0.07178985156105,0.0009917773609799951
2367,0.577880859375,8.06844915064958,-0.39272585379229447,0.07201996768782237,0.0009941274081484153
2368,0.578125,8.098055254941029,-0.39420624911738084,0.0722500838145379,0.0009964774553736788
2369,0.578369140625,8.128823983629752,-0.3957482978869046,0.07248141073148417,0.0009985523299747001
2370,0.57861328125,8.159592712318478,-0.39729034665642843,0.07271273764843045,0.0010006272045757214
2371,0.578857421875,8.190361441007209,-0.39883239542595267,0.07294406456537672,0.0010027020791767427
2372,0.5791015625,8.22113016969593,-0.40037444419547646,0.07317539148226615,0.0010047769538346074
2373,0.579345703125,8.251898898384654,-0.40191649296500026,0.07340671839921242,0.0010068518284356287
2374,0.57958984375,8.282667627073378,-0.40345854173452406,0.0736380453161587,0.00100892670303665
2375,0.579833984375,8.313436355762102,-0.40500059050404785,0.07386937223310497,0.0010110015776376713
2376,0.580078125,8.344205084450834,-0.4065426392735721,0.07410069915005124,0.0010130764522386926
2377,0.580322265625,8.374973813139556,-0.4080846880430959,0.07433202606699751,0.0010151513268397139
2378,0.58056640625,8.40574254182828,-0.4096267368126197,0.07456335298388694,0.0010172262014975786
2379,0.580810546875,8.436511270517002,-0.4111687855821435,0.07479467990083322,0.0010193010760985999
2380,0.5810546875,8.467279999205727,-0.4127108343516673,0.07502600681777949,0.0010213759506996212
2381,0.581298828125,8.49804872789446,-0.4142528831211915,0.07525733373472576,0.0010234508253006425
2382,0.58154296875,8.528817456583182,-0.4157949318907153,0.07548866065167203,0.0010255256999016638
2383,0.581787109375,8.559586185271906,-0.41733698066023917,0.07571998756861831,0.001027600574502685
2384,0.58203125,8.59035491396063,-0.4188790294297629,0.07595131448556458,0.0010296754491605498
2385,0.582275390625,8.621123642649351,-0.4204210781992867,0.07618264140245401,0.001031750323761571
2386,0.58251953125,8.651892371338084,-0.42196312696881094,0.07641396831940028,0.0010338251983625923
2387,0.582763671875,8.682661100026806,-0.4235051757383348,0.07664529523634656,0.0010359000729636136
2388,0.5830078125,8.71342982871553,-0.42504722450785853,0.07687662215329283,0.001037974947564635
2389,0.583251953125,8.744198557404255,-0.42658927327738233,0.0771079490702391,0.0010400498221656562
2390,0.58349609375,8.774967286092977,-0.4281313220469062,0.07733927598718537,0.0010421246967666775
2391,0.583740234375,8.80573601478171,-0.42967337081643037,0.0775706029040748,0.0010441995714245422
2392,0.583984375,8.836504743470433,-0.43121541958595416,0.07780192982102108,0.0010462744460255635
2393,0.584228515625,8.867273472159155,-0.432757468355478,0.07803325673796735,0.0010483493206265848
2394,0.58447265625,8.898542228894408,-0.434324021746924,0.0782651120734954,0.0010502999276695846
2395,0.584716796875,8.930561027699454,-0.43592733207125334,0.07849776003683928,0.001052064133375552
2396,0.5849609375,8.962579826504507,-0.4375306423955831,0.07873040800024,0.0010538283390815195
2397,0.585205078125,8.994598625309553,-0.43913395271991235,0.07896305596358388,0.001055592544787487
2398,0.58544921875,9.0266174241146,-0.4407372630442417,0.0791957039269846,0.001057356750436611
2399,0.585693359375,9.058636222919645,-0.44234057336857097,0.07942835189032849,0.0010591209561425785
2400,0.5859375,9.090655021724691,-0.4439438836929003,0.07966099985372921,0.001060885161848546
2401,0.586181640625,9.122673820529746,-0.44554719401723,0.07989364781712993,0.0010626493675545134
2402,0.58642578125,9.154692619334792,-0.4471505043415594,0.08012629578047381,0.001064413573260481
2403,0.586669921875,9.186711418139836,-0.44875381466588865,0.08035894374387453,0.0010661777789664484
2404,0.5869140625,9.218730216944882,-0.450357124990218,0.08059159170721841,0.0010679419846724159
2405,0.587158203125,9.250749015749927,-0.45196043531454727,0.08082423967061914,0.0010697061903783833
2406,0.58740234375,9.282767814554983,-0.453563745638877,0.08105688763396302,0.0010714703960843508
2407,0.587646484375,9.314786613360027,-0.4551670559632063,0.08128953559736374,0.0010732346017334748
2408,0.587890625,9.346805412165075,-0.4567703662875357,0.08152218356070762,0.0010749988074394423
2409,0.588134765625,9.37882421097012,-0.45837367661186496,0.08175483152410834,0.0010767630131454098
2410,0.58837890625,9.410843009775165,-0.45997698693619427,0.08198747948745222,0.0010785272188513773
2411,0.588623046875,9.44286180858022,-0.46158029726052396,0.08222012745085294,0.0010802914245573447
2412,0.5888671875,9.474880607385266,-0.46318360758485333,0.08245277541419682,0.0010820556302633122
2413,0.589111328125,9.506899406190312,-0.4647869179091826,0.08268542337759754,0.0010838198359692797
2414,0.58935546875,9.538918204995356,-0.466390228233512,0.08291807134094142,0.0010855840416752471
2415,0.589599609375,9.570937003800402,-0.4679935385578412,0.08315071930434215,0.0010873482473243712
2416,0.58984375,9.602955802605456,-0.46959684888217096,0.08338336726774287,0.0010891124530303387
2417,0.590087890625,9.634974601410502,-0.47120015920650027,0.08361601523108675,0.0010908766587363061
2418,0.59033203125,9.666993400215548,-0.47280346953082963,0.08384866319448747,0.0010926408644422736
2419,0.590576171875,9.699012199020594,-0.4744067798551589,0.08408131115783135,0.001094405070148241
2420,0.5908203125,9.73209902970332,-0.4760564759534395,0.08431510108590601,0.0010958901972912827
2421,0.591064453125,9.765452868355476,-0.4777177684952082,0.08454917650516336,0.0010973055547651711
2422,0.59130859375,9.798806707007623,-0.4793790610369766,0.08478325192436387,0.001098720912295903
2423,0.591552734375,9.832160545659768,-0.48104035357874486,0.08501732734362122,0.0011001362697697914
2424,0.591796875,9.865514384311917,-0.48270164612051325,0.08525140276287857,0.0011015516272436798
2425,0.592041015625,9.898868222964063,-0.48436293866228164,0.08548547818207908,0.0011029669847744117
2426,0.59228515625,9.932222061616221,-0.48602423120405036,0.08571955360133643,0.0011043823422483001
2427,0.592529296875,9.965575900268366,-0.48768552374581875,0.08595362902059378,0.001105797699779032
2428,0.5927734375,9.998929738920515,-0.48934681628758697,0.08618770443979429,0.0011072130572529204
2429,0.593017578125,10.032283577572661,-0.49100810882935536,0.08642177985905164,0.0011086284147268088
2430,0.59326171875,10.065637416224806,-0.4926694013711237,0.08665585527830899,0.0011100437722575407
2431,0.593505859375,10.098991254876964,-0.4943306939128925,0.0868899306975095,0.0011114591297314291
2432,0.59375,10.132345093529109,-0.4959919864546609,0.08712400611676685,0.001112874487262161
2433,0.593994140625,10.165698932181257,-0.49765327899642914,0.0873580815360242,0.0011142898447360494
2434,0.59423828125,10.199052770833402,-0.4993145715381975,0.08759215695522471,0.0011157052022099379
2435,0.594482421875,10.232406609485551,-0.5009758640799659,0.08782623237448206,0.0011171205597406697
2436,0.5947265625,10.265760448137705,-0.5026371566217347,0.08806030779373941,0.0011185359172145581
2437,0.594970703125,10.299114286789854,-0.504298449163503,0.08829438321293992,0.0011199512746884466
2438,0.59521484375,10.332468125442,-0.5059597417052714,0.08852845863219727,0.0011213666322191784
2439,0.595458984375,10.365821964094145,-0.5076210342470397,0.08876253405145462,0.0011227819896930669
2440,0.595703125,10.399175802746294,-0.5092823267888079,0.08899660947065513,0.0011241973472237987
2441,0.595947265625,10.432529641398451,-0.5109436193305767,0.08923068488991248,0.0011256127046976871
2442,0.59619140625,10.465883480050598,-0.5126049118723451,0.08946476030916983,0.0011270280621715756
2443,0.596435546875,10.499237318702743,-0.5142662044141135,0.08969883572837034,0.0011284434197023074
2444,0.5966796875,10.532591157354892,-0.5159274969558817,0.08993291114762769,0.0011298587771761959
2445,0.596923828125,10.566228389469407,-0.5175989952979043,0.09016729200965301,0.0011311962113609297
2446,0.59716796875,10.600999195433408,-0.5193113168409446,0.0904028946427502,0.001132221952332202
2447,0.597412109375,10.6357700013974,-0.5210236383839841,0.09063849727590423,0.001133247693303474
2448,0.59765625,10.670540807361391,-0.5227359599270238,0.09087409990900142,0.0011342734342179028
2449,0.597900390625,10.705311613325382,-0.5244482814700635,0.09110970254215545,0.001135299175189175
2450,0.59814453125,10.740082419289374,-0.5261606030131031,0.09134530517525263,0.0011363249161604472
2451,0.598388671875,10.774853225253375,-0.5278729245561433,0.09158090780840666,0.0011373506571317193
2452,0.5986328125,10.809624031217366,-0.5295852460991829,0.09181651044150385,0.001138376398046148
2453,0.598876953125,10.844394837181358,-0.5312975676422226,0.09205211307465788,0.0011394021390174203
2454,0.59912109375,10.879165643145349,-0.5330098891852624,0.09228771570775507,0.0011404278799886924
2455,0.599365234375,10.913936449109343,-0.534722210728302,0.09252331834085226,0.0011414536209599646
2456,0.599609375,10.948707255073343,-0.5364345322713421,0.09275892097400629,0.0011424793618743934
2457,0.599853515625,10.983478061037333,-0.5381468538143817,0.09299452360710347,0.0011435051028456655
2458,0.60009765625,11.018248867001326,-0.5398591753574215,0.0932301262402575,0.0011445308438169377
2459,0.600341796875,11.053019672965318,-0.541571496900461,0.09346572887335469,0.0011455565847882099
2460,0.6005859375,11.087790478929309,-0.5432838184435006,0.09370133150650872,0.0011465823257026386
2461,0.600830078125,11.12256128489331,-0.5449961399865408,0.09393693413960591,0.0011476080666739108
2462,0.60107421875,11.1573320908573,-0.5467084615295805,0.09417253677275994,0.001148633807645183
2463,0.601318359375,11.192102896821293,-0.5484207830726201,0.09440813940585713,0.0011496595486164551
2464,0.6015625,11.226873702785285,-0.5501331046156598,0.09464374203895431,0.001150685289530884
2465,0.601806640625,11.261644508749276,-0.5518454261586995,0.09487934467210835,0.001151711030502156
2466,0.60205078125,11.296415314713276,-0.5535577477017396,0.09511494730520553,0.0011527367714734282
2467,0.602294921875,11.33118612067727,-0.5552700692447792,0.09535054993835956,0.001153762512387857
2468,0.6025390625,11.36595692664126,-0.5569823907878189,0.09558615257145675,0.0011547882533591292
2469,0.602783203125,11.400727732605253,-0.5586947123308587,0.09582175520461078,0.0011558139943304013
2470,0.60302734375,11.435498538569243,-0.5604070338738982,0.09605735783770797,0.0011568397353016735
2471,0.603271484375,11.471166483676614,-0.562143068788832,0.09629393068672698,0.0011576058249147536
2472,0.603515625,11.50743252154622,-0.5638949126183611,0.09653115034632265,0.0011581988136981636
2473,0.603759765625,11.543698559415825,-0.5656467564478901,0.09676837000591831,0.0011587918024815735
2474,0.60400390625,11.579964597285429,-0.5673986002774192,0.09700558966551398,0.0011593847912649835
2475,0.604248046875,11.616230635155034,-0.5691504441069483,0.09724280932510965,0.0011599777800483935
2476,0.6044921875,11.652496673024649,-0.5709022879364778,0.09748002898470531,0.0011605707688318034
2477,0.604736328125,11.688762710894254,-0.5726541317660069,0.09771724864435782,0.0011611637576152134
2478,0.60498046875,11.725028748763858,-0.5744059755955359,0.09795446830395349,0.0011617567463986234
2479,0.605224609375,11.761294786633464,-0.5761578194250648,0.09819168796354916,0.0011623497351820333
2480,0.60546875,11.797560824503071,-0.5779096632545939,0.09842890762314482,0.0011629427239085999
2481,0.605712890625,11.833826862372685,-0.5796615070841235,0.09866612728274049,0.0011635357126920098
2482,0.60595703125,11.870092900242291,-0.5814133509136525,0.09890334694233616,0.0011641287014754198
2483,0.606201171875,11.906358938111895,-0.5831651947431816,0.09914056660193182,0.0011647216902588298
2484,0.6064453125,11.9426249759815,-0.5849170385727106,0.09937778626152749,0.0011653146790422397
2485,0.606689453125,11.978891013851106,-0.5866688824022397,0.09961500592112316,0.0011659076678256497
2486,0.60693359375,12.015157051720722,-0.5884207262317692,0.09985222558071882,0.0011665006566090597
2487,0.607177734375,12.051423089590328,-0.5901725700612983,0.10008944524031449,0.0011670936453924696
2488,0.607421875,12.087689127459933,-0.5919244138908274,0.10032666489991016,0.0011676866341758796
2489,0.607666015625,12.123955165329539,-0.5936762577203565,0.10056388455950582,0.0011682796229592896
2490,0.60791015625,12.160221203199143,-0.5954281015498853,0.10080110421915833,0.0011688726117426995
2491,0.608154296875,12.196487241068757,-0.5971799453794151,0.101038323878754,0.001169465600469266
2492,0.6083984375,12.232753278938365,-0.598931789208944,0.10127554353834967,0.001170058589252676
2493,0.608642578125,12.26901931680797,-0.600683633038473,0.10151276319794533,0.001170651578036086
2494,0.60888671875,12.305285354677574,-0.6024354768680021,0.101749982857541,0.001171244566819496
2495,0.609130859375,12.34155139254718,-0.6041873206975312,0.10198720251713667,0.001171837555602906
2496,0.609375,12.377817430416796,-0.6059391645270608,0.10222442217673233,0.0011724305443863159
2497,0.609619140625,12.415652630651074,-0.6077135065251764,0.1024633349475721,0.0011725456568001391
2498,0.60986328125,12.45348783088535,-0.6094878485232922,0.1027022477184687,0.0011726607692708058
2499,0.610107421875,12.49132303111963,-0.6112621905214078,0.10294116048930846,0.001172775881684629
2500,0.6103515625,12.52915823135391,-0.6130365325195236,0.10318007326014822,0.0011728909940984522
2501,0.610595703125,12.566993431588198,-0.6148108745176399,0.10341898603098798,0.0011730061065691189
2502,0.61083984375,12.604828631822475,-0.6165852165157556,0.10365789880188458,0.001173121218982942
2503,0.611083984375,12.642663832056755,-0.6183595585138714,0.10389681157272435,0.0011732363313967653
2504,0.611328125,12.680499032291033,-0.6201339005119871,0.1041357243435641,0.001173351443867432
2505,0.611572265625,12.71833423252531,-0.6219082425101028,0.10437463711446071,0.0011734665562812552
2506,0.61181640625,12.7561694327596,-0.623682584508219,0.10461354988530047,0.0011735816686950784
2507,0.612060546875,12.794004632993877,-0.6254569265063348,0.10485246265614023,0.001173696781165745
2508,0.6123046875,12.831839833228157,-0.6272312685044504,0.10509137542698,0.0011738118935795683
2509,0.612548828125,12.869675033462434,-0.6290056105025662,0.1053302881978766,0.0011739270059933915
2510,0.61279296875,12.907510233696712,-0.6307799525006819,0.10556920096871636,0.0011740421184640581
2511,0.613037109375,12.945345433931001,-0.6325542944987981,0.10580811373955612,0.0011741572308778814
2512,0.61328125,12.983180634165281,-0.6343286364969138,0.10604702651045272,0.0011742723432917046
2513,0.613525390625,13.021015834399558,-0.6361029784950295,0.10628593928129249,0.0011743874557623712
2514,0.61376953125,13.058851034633836,-0.6378773204931453,0.10652485205213225,0.0011745025681761945
2515,0.614013671875,13.096686234868116,-0.6396516624912609,0.10676376482297201,0.0011746176805900177
2516,0.6142578125,13.134521435102403,-0.6414260044893773,0.10700267759386861,0.0011747327930606843
2517,0.614501953125,13.172356635336683,-0.643200346487493,0.10724159036470837,0.0011748479054745076
2518,0.61474609375,13.210191835570962,-0.6449746884856087,0.10748050313554813,0.0011749630178883308
2519,0.614990234375,13.248027035805238,-0.6467490304837245,0.1077194159063879,0.0011750781303589974
2520,0.615234375,13.285862236039517,-0.6485233724818401,0.1079583286772845,0.0011751932427728207
2521,0.615478515625,13.323697436273807,-0.6502977144799563,0.10819724144812426,0.001175308355186644
2522,0.61572265625,13.362187852895955,-0.6520716255864965,0.1084368547050758,0.0011752136991844964
2523,0.615966796875,13.401661094099909,-0.653844890355673,0.10867751869108133,0.0011748043904731276
2524,0.6162109375,13.441134335303861,-0.6556181551248493,0.1089181826771437,0.0011743950817049154
2525,0.616455078125,13.480607576507813,-0.6573914198940259,0.10915884666314923,0.0011739857729935466
2526,0.61669921875,13.520080817711777,-0.659164684663203,0.1093995106492116,0.0011735764642821778
2527,0.616943359375,13.559554058915731,-0.6609379494323795,0.10964017463527398,0.001173167155570809
2528,0.6171875,13.599027300119683,-0.6627112142015559,0.10988083862127951,0.0011727578468594402
2529,0.617431640625,13.638500541323635,-0.6644844789707325,0.11012150260734188,0.001172348538091228
2530,0.61767578125,13.677973782527589,-0.666257743739909,0.11036216659334741,0.0011719392293798592
2531,0.617919921875,13.717447023731554,-0.6680310085090859,0.11060283057940978,0.0011715299206684904
2532,0.6181640625,13.756920264935506,-0.6698042732782624,0.11084349456547216,0.0011711206119571216
2533,0.618408203125,13.796393506139458,-0.6715775380474389,0.11108415855147769,0.0011707113031889094
2534,0.61865234375,13.835866747343411,-0.6733508028166154,0.11132482253754006,0.0011703019944775406
2535,0.618896484375,13.875339988547365,-0.6751240675857919,0.11156548652354559,0.0011698926857661718
2536,0.619140625,13.914813229751328,-0.6768973323549689,0.11180615050960796,0.001169483377054803
2537,0.619384765625,13.95428647095528,-0.6786705971241455,0.11204681449567033,0.0011690740682865908
2538,0.61962890625,13.993759712159234,-0.680443861893322,0.11228747848167586,0.001168664759575222
2539,0.619873046875,14.033232953363187,-0.6822171266624985,0.11252814246773823,0.0011682554508638532
2540,0.6201171875,14.072706194567141,-0.683990391431675,0.11276880645374376,0.0011678461421524844
2541,0.620361328125,14.112179435771104,-0.6857636562008519,0.11300947043980614,0.0011674368333842722
2542,0.62060546875,14.151652676975058,-0.6875369209700285,0.11325013442586851,0.0011670275246729034
2543,0.620849609375,14.191125918179011,-0.689310185739205,0.11349079841187404,0.0011666182159615346
2544,0.62109375,14.230599159382965,-0.6910834505083815,0.11373146239793641,0.0011662089072501658
2545,0.621337890625,14.270072400586917,-0.692856715277558,0.11397212638394194,0.001165799598538797
2546,0.62158203125,14.30954564179088,-0.694629980046735,0.11421279037000431,0.0011653902897705848
2547,0.621826171875,14.349018882994834,-0.6964032448159115,0.11445345435606669,0.001164980981059216
2548,0.6220703125,14.389853010608949,-0.6981506798986584,0.11469554766489409,0.001164114396090099
2549,0.622314453125,14.431027359825606,-0.699891657559798,0.11493799830441276,0.001163133492070756
2550,0.62255859375,14.472201709042263,-0.7016326352209377,0.11518044894393142,0.0011621525879945693
2551,0.622802734375,14.513376058258933,-0.7033736128820777,0.11542289958350693,0.0011611716839752262
2552,0.623046875,14.554550407475588,-0.7051145905432172,0.1156653502230256,0.0011601907798990396
2553,0.623291015625,14.595724756692245,-0.7068555682043569,0.11590780086254426,0.0011592098758796965
2554,0.62353515625,14.636899105908903,-0.7085965458654965,0.11615025150211977,0.0011582289718603533
2555,0.623779296875,14.67807345512556,-0.710337523526636,0.11639270214163844,0.0011572480677841668
2556,0.6240234375,14.719247804342228,-0.7120785011877762,0.1166351527811571,0.0011562671637648236
2557,0.624267578125,14.760422153558885,-0.7138194788489157,0.11687760342073261,0.0011552862597454805
2558,0.62451171875,14.801596502775544,-0.7155604565100553,0.11712005406025128,0.001154305355669294
2559,0.624755859375,14.8427708519922,-0.717301434171195,0.11736250469976994,0.0011533244516499508
2560,0.625,14.883945201208856,-0.7190424118323345,0.11760495533928861,0.0011523435476306076
2561,0.625244140625,14.925119550425526,-0.7207833894934745,0.11784740597886412,0.001151362643554421
2562,0.6254882812499999,14.966293899642169,-0.7225243671546135,0.11808985661838278,0.001150381739535078
2563,0.625732421875,15.00746824885884,-0.7242653448157538,0.11833230725790145,0.0011494008354588914
2564,0.6259765625,15.04864259807551,-0.7260063224768938,0.11857475789747696,0.0011484199314395482
2565,0.626220703125,15.089816947292153,-0.7277473001380329,0.11881720853699562,0.001147439027420205
2566,0.62646484375,15.130991296508823,-0.729488277799173,0.11905965917651429,0.0011464581233440185
2567,0.6267089843749999,15.172165645725467,-0.7312292554603121,0.1193021098160898,0.0011454772193246754
2568,0.626953125,15.213339994942135,-0.7329702331214522,0.11954456045560846,0.0011444963153053322
2569,0.627197265625,15.254514344158805,-0.7347112107825923,0.11978701109512713,0.0011435154112291457
2570,0.62744140625,15.295688693375451,-0.7364521884437314,0.12002946173470264,0.0011425345072098025
2571,0.627685546875,15.33686304259212,-0.7381931661048714,0.1202719123742213,0.001141553603133616
2572,0.6279296874999999,15.378037391808764,-0.7399341437660105,0.12051436301373997,0.0011405726991142728
2573,0.628173828125,15.419563254262627,-0.7416606742371358,0.12075717252821505,0.0011394681254728312
2574,0.62841796875,15.462495169665269,-0.7433294159482016,0.12100141754251581,0.0011378688733429954
2575,0.628662109375,15.505427085067884,-0.7449981576592665,0.12124566255681657,0.001136269621270003
2576,0.62890625,15.548359000470525,-0.7466668993703324,0.12148990757106048,0.0011346703691401672
2577,0.6291503906249999,15.591290915873142,-0.7483356410813972,0.12173415258536124,0.0011330711170103314
2578,0.62939453125,15.634222831275784,-0.7500043827924631,0.121978397599662,0.001131471864937339
2579,0.629638671875,15.677154746678422,-0.751673124503529,0.12222264261396276,0.0011298726128075032
2580,0.6298828125,15.720086662081043,-0.7533418662145936,0.12246688762820668,0.0011282733606776674
2581,0.630126953125,15.763018577483683,-0.7550106079256597,0.12271113264250744,0.001126674108604675
2582,0.6303710937499999,15.8059504928863,-0.7566793496367246,0.1229553776568082,0.0011250748564748392
2583,0.630615234375,15.84888240828894,-0.7583480913477904,0.12319962267110895,0.0011234756043450034
2584,0.630859375,15.89181432369158,-0.7600168330588561,0.12344386768535287,0.001121876352272011
2585,0.631103515625,15.934746239094197,-0.761685574769921,0.12368811269965363,0.0011202771001421752
2586,0.63134765625,15.97767815449684,-0.763354316480987,0.12393235771395439,0.0011186778480123394
2587,0.6315917968749999,16.020610069899455,-0.7650230581920517,0.1241766027281983,0.001117078595939347
2588,0.6318359375,16.063541985302095,-0.7666917999031176,0.12442084774249906,0.0011154793438095112
2589,0.632080078125,16.106473900704735,-0.7683605416141834,0.12466509275679982,0.0011138800916796754
2590,0.63232421875,16.149405816107354,-0.7700292833252483,0.12490933777110058,0.001112280839606683
2591,0.632568359375,16.192337731509994,-0.7716980250363141,0.1251535827853445,0.0011106815874768472
2592,0.6328124999999999,16.235269646912613,-0.7733667667473791,0.12539782779964526,0.0011090823353470114
2593,0.633056640625,16.278201562315253,-0.7750355084584449,0.12564207281394602,0.001107483083274019
2594,0.63330078125,16.321133477717893,-0.7767042501695108,0.12588631782818993,0.0011058838311441832
2595,0.633544921875,16.364065393120512,-0.7783729918805756,0.1261305628424907,0.0011042845790143474
2596,0.6337890625,16.406997308523152,-0.7800417335916415,0.12637480785679145,0.001102685326941355
2597,0.6340332031249999,16.449929223925768,-0.7817104753027063,0.1266190528710922,0.0011010860748115192
2598,0.63427734375,16.492861139328408,-0.7833792170137721,0.12686329788533612,0.0010994868226816834
2599,0.634521484375,16.5368770054123,-0.7849747509317533,0.12710860433389826,0.0010974895710660348
2600,0.634765625,16.58161550528367,-0.7865214796543436,0.12735461840520657,0.0010952269864787922
2601,0.635009765625,16.626354005155065,-0.7880682083769347,0.12760063247657172,0.0010929644018915496
2602,0.6352539062499999,16.671092505026436,-0.789614937099525,0.12784664654793687,0.001090701817304307
2603,0.635498046875,16.71583100489783,-0.7911616658221161,0.12809266061930202,0.001088439232660221
2604,0.6357421875,16.76056950476923,-0.7927083945447074,0.12833867469066718,0.0010861766480729784
2605,0.635986328125,16.805308004640597,-0.7942551232672977,0.12858468876203233,0.0010839140634857358
2606,0.63623046875,16.85004650451199,-0.7958018519898888,0.12883070283334064,0.0010816514788416498
2607,0.6364746093749999,16.894785004383362,-0.7973485807124792,0.1290767169047058,0.0010793888942544072
2608,0.63671875,16.939523504254755,-0.7988953094350704,0.12932273097607094,0.0010771263096671646
2609,0.636962890625,16.98426200412615,-0.8004420381576616,0.1295687450474361,0.0010748637250230786
2610,0.63720703125,17.029000503997523,-0.8019887668802519,0.12981475911880125,0.001072601140435836
2611,0.637451171875,17.073739003868916,-0.803535495602843,0.13006077319010956,0.0010703385558485934
2612,0.6376953124999999,17.118477503740284,-0.8050822243254333,0.1303067872614747,0.0010680759712613508
2613,0.637939453125,17.163216003611684,-0.8066289530480244,0.13055280133283986,0.0010658133866172648
2614,0.63818359375,17.207954503483077,-0.8081756817706156,0.13079881540420502,0.0010635508020300222
2615,0.638427734375,17.252693003354448,-0.8097224104932059,0.13104482947557017,0.0010612882174427796
2616,0.638671875,17.297431503225837,-0.8112691392157971,0.13129084354693532,0.0010590256327986936
2617,0.6389160156249999,17.34217000309721,-0.8128158679383874,0.13153685761824363,0.001056763048211451
2618,0.63916015625,17.386908502968605,-0.8143625966609785,0.13178287168960878,0.0010545004636242084
2619,0.639404296875,17.431647002840002,-0.8159093253835698,0.13202888576097394,0.0010522378789801223
2620,0.6396484375,17.47638550271137,-0.8174560541061601,0.1322748998323391,0.0010499752943928797
2621,0.639892578125,17.521124002582763,-0.8190027828287513,0.13252091390370424,0.0010477127098056371
2622,0.6401367187499999,17.565862502454138,-0.8205495115513416,0.13276692797501255,0.0010454501252183945
2623,0.640380859375,17.61060100232553,-0.8220962402739328,0.1330129420463777,0.0010431875405743085
2624,0.640625,17.65533950219693,-0.8236429689965238,0.13325895611774285,0.001040924955987066
2625,0.640869140625,17.701925303069075,-0.8250070516130176,0.1335066754294303,0.0010379575022056997
2626,0.64111328125,17.748511103941247,-0.8263711342295121,0.13375439474106088,0.00103499004836749
2627,0.6413574218749999,17.795096904813395,-0.8277352168460059,0.1340021140527483,0.0010320225945861239
2628,0.6416015625,17.841682705685564,-0.8290992994625005,0.1342498333643789,0.0010290551408047577
2629,0.641845703125,17.88826850655774,-0.8304633820789951,0.13449755267606633,0.0010260876870233915
2630,0.64208984375,17.934854307429884,-0.8318274646954887,0.13474527198769692,0.0010231202331851819
2631,0.642333984375,17.981440108302056,-0.8331915473119834,0.13499299129938436,0.0010201527794038157
2632,0.6425781249999999,18.028025909174204,-0.8345556299284772,0.13524071061101495,0.0010171853256224495
2633,0.642822265625,18.07461171004638,-0.8359197125449718,0.13548842992270238,0.0010142178717842398
2634,0.64306640625,18.121197510918552,-0.8372837951614663,0.13573614923433297,0.0010112504180028736
2635,0.643310546875,18.167783311790696,-0.8386478777779601,0.1359838685460204,0.0010082829642215074
2636,0.6435546875,18.214369112662872,-0.8400119603944547,0.136231587857651,0.0010053155103832978
2637,0.6437988281249999,18.26095491353502,-0.8413760430109485,0.13647930716933843,0.0010023480566019316
2638,0.64404296875,18.307540714407192,-0.842740125627443,0.13672702648102586,0.0009993806028205654
2639,0.644287109375,18.354126515279365,-0.8441042082439377,0.13697474579265645,0.0009964131490391992
2640,0.64453125,18.400712316151512,-0.8454682908604314,0.13722246510434388,0.0009934456952009896
2641,0.644775390625,18.447298117023685,-0.846832373476926,0.13747018441597447,0.0009904782414196234
2642,0.6450195312499999,18.493883917895833,-0.8481964560934198,0.1377179037276619,0.0009875107876382572
2643,0.645263671875,18.540469718768005,-0.8495605387099143,0.1379656230392925,0.0009845433338000475
2644,0.6455078125,18.587055519640177,-0.8509246213264089,0.13821334235097993,0.0009815758800186813
2645,0.645751953125,18.633641320512325,-0.8522887039429027,0.13846106166261052,0.0009786084262373151
2646,0.64599609375,18.680227121384497,-0.8536527865593972,0.13870878097429795,0.0009756409723991055
2647,0.6462402343749999,18.726812922256645,-0.8550168691758911,0.13895650028592854,0.0009726735186177393
2648,0.646484375,18.773398723128814,-0.8563809517923857,0.13920421959761597,0.0009697060648363731
2649,0.646728515625,18.819984524000986,-0.8577450344088803,0.13945193890924656,0.0009667386110550069
2650,0.64697265625,18.86732185460954,-0.8590070989845412,0.13970029722008803,0.000963474792456509
2651,0.647216796875,18.91578647982272,-0.8601161364989538,0.13994961402966055,0.0009597664267175787
2652,0.6474609374999999,18.964251105035878,-0.8612251740133658,0.14019893083923307,0.0009560580609786484
2653,0.647705078125,19.01271573024906,-0.8623342115277783,0.14044824764874875,0.0009523496952397181
2654,0.64794921875,19.06118035546224,-0.8634432490421908,0.14069756445832127,0.0009486413295007878
2655,0.648193359375,19.109644980675395,-0.8645522865566028,0.1409468812678938,0.0009449329637618575
2656,0.6484375,19.158109605888576,-0.8656613240710153,0.1411961980774663,0.0009412245980229272
2657,0.6486816406249999,19.20657423110173,-0.8667703615854273,0.14144551488703883,0.0009375162322839969
2658,0.64892578125,19.25503885631491,-0.8678793990998398,0.1416948316965545,0.0009338078665450666
2659,0.649169921875,19.303503481528093,-0.8689884366142523,0.14194414850612702,0.0009300995008061363
2660,0.6494140625,19.35196810674125,-0.8700974741286643,0.14219346531569954,0.000926391135067206
2661,0.649658203125,19.40043273195443,-0.8712065116430768,0.14244278212527206,0.0009226827693282758
2662,0.6499023437499999,19.448897357167585,-0.8723155491574887,0.14269209893478774,0.0009189744035893455
2663,0.650146484375,19.497361982380767,-0.8734245866719013,0.14294141574436026,0.0009152660378504152
2664,0.650390625,19.54582660759395,-0.8745336241863138,0.14319073255393278,0.0009115576721114849
2665,0.650634765625,19.594291232807105,-0.8756426617007257,0.1434400493635053,0.0009078493063725546
2666,0.65087890625,19.642755858020283,-0.8767516992151382,0.14368936617302097,0.0009041409406336243
2667,0.6511230468749999,19.69122048323344,-0.8778607367295501,0.1439386829825935,0.000900432574894694
2668,0.6513671875,19.739685108446622,-0.8789697742439626,0.144187999792166,0.0008967242091557637
2669,0.651611328125,19.788149733659804,-0.8800788117583751,0.14443731660173853,0.0008930158434168334
2670,0.65185546875,19.836614358872957,-0.8811878492727871,0.14468663341131105,0.0008893074776779031
2671,0.652099609375,19.88507898408614,-0.8822968867871996,0.14493595022082673,0.0008855991119389728
2672,0.6523437499999999,19.933543609299296,-0.8834059243016115,0.14518526703039925,0.0008818907462000425
2673,0.652587890625,19.982008234512477,-0.8845149618160243,0.14543458383997176,0.0008781823804611122
2674,0.65283203125,20.03047285972566,-0.8856239993304368,0.14568390064954428,0.0008744740147221819
2675,0.653076171875,20.078937484938812,-0.8867330368448487,0.14593321745905996,0.0008707656489832516
2676,0.6533203125,20.12892229609709,-0.8875701277044689,0.1461836867891293,0.000866442069536788
2677,0.6535644531249999,20.179287153741615,-0.8883392319003907,0.1464344442492802,0.0008619646866918629
2678,0.65380859375,20.229652011386168,-0.889108336096313,0.1466852017094311,0.0008574873037900943
2679,0.654052734375,20.28001686903072,-0.8898774402922351,0.14693595916958202,0.0008530099209451691
2680,0.654296875,20.330381726675245,-0.8906465444881569,0.14718671662973293,0.000848532538100244
2681,0.654541015625,20.380746584319798,-0.8914156486840791,0.14743747408988384,0.0008440551551984754
2682,0.6547851562499999,20.431111441964322,-0.8921847528800008,0.14768823155003474,0.0008395777723535502
2683,0.655029296875,20.481476299608875,-0.8929538570759232,0.1479389890102425,0.0008351003895086251
2684,0.6552734375,20.53184115725343,-0.8937229612718454,0.1481897464703934,0.0008306230066068565
2685,0.655517578125,20.582206014897952,-0.894492065467767,0.1484405039305443,0.0008261456237619313
2686,0.65576171875,20.632570872542505,-0.8952611696636893,0.14869126139069522,0.0008216682409170062
2687,0.6560058593749999,20.68293573018703,-0.8960302738596111,0.14894201885084613,0.0008171908580152376
2688,0.65625,20.733300587831582,-0.8967993780555332,0.14919277631099703,0.0008127134751703124
2689,0.656494140625,20.783665445476135,-0.8975684822514556,0.14944353377114794,0.0008082360923253873
2690,0.65673828125,20.834030303120663,-0.8983375864473774,0.14969429123129885,0.0008037587094236187
2691,0.656982421875,20.884395160765216,-0.8991066906432995,0.14994504869144976,0.0007992813265786936
2692,0.6572265624999999,20.934760018409737,-0.8998757948392212,0.15019580615160066,0.0007948039437337684
2693,0.657470703125,20.98512487605429,-0.9006448990351433,0.15044656361175157,0.0007903265608319998
2694,0.65771484375,21.035489733698842,-0.9014140032310655,0.15069732107195932,0.0007858491779870747
2695,0.657958984375,21.085854591343367,-0.9021831074269873,0.15094807853211023,0.0007813717951421495
2696,0.658203125,21.136219448987923,-0.9029522116229096,0.15119883599226114,0.0007768944122403809
2697,0.6584472656249999,21.186584306632447,-0.9037213158188314,0.15144959345241205,0.0007724170293954558
2698,0.65869140625,21.236949164276997,-0.9044904200147535,0.15170035091256295,0.0007679396465505306
2699,0.658935546875,21.28731402192155,-0.9052595242106757,0.15195110837271386,0.000763462263648762
2700,0.6591796875,21.337678879566074,-0.9060286284065974,0.15220186583286477,0.0007589848808038369
2701,0.659423828125,21.38842585091725,-0.9067101792579779,0.15245286929734903,0.0007543502341036401
2702,0.6596679687499999,21.440701277094877,-0.9070415167311912,0.15270485677916668,0.000749086531982357
2703,0.659912109375,21.492976703272536,-0.9073728542044044,0.15295684426092748,0.0007438228298610738
2704,0.66015625,21.545252129450187,-0.9077041916776176,0.15320883174274513,0.0007385591277966341
2705,0.660400390625,21.597527555627817,-0.9080355291508306,0.15346081922450594,0.000733295425675351
2706,0.66064453125,21.649802981805472,-0.908366866624044,0.15371280670626675,0.0007280317236109113
2707,0.6608886718749999,21.7020784079831,-0.9086982040972571,0.1539647941880844,0.0007227680214896282
2708,0.6611328125,21.754353834160753,-0.9090295415704702,0.1542167816698452,0.000717504319368345
2709,0.661376953125,21.80662926033841,-0.9093608790436837,0.15446876915166285,0.0007122406173039053
2710,0.66162109375,21.85890468651604,-0.9096922165168967,0.15472075663342366,0.0007069769151826222
2711,0.661865234375,21.911180112693692,-0.9100235539901099,0.1549727441152413,0.0007017132131181825
2712,0.6621093749999999,21.963455538871322,-0.9103548914633229,0.15522473159700212,0.0006964495109968993
2713,0.662353515625,22.015730965048977,-0.9106862289365363,0.15547671907881977,0.0006911858088756162
2714,0.66259765625,22.068006391226636,-0.9110175664097495,0.15572870656058058,0.0006859221068111765
2715,0.662841796875,22.120281817404262,-0.9113489038829625,0.15598069404239823,0.0006806584046898934
2716,0.6630859375,22.17255724358192,-0.911680241356176,0.15623268152415903,0.0006753947026254536
2717,0.6633300781249999,22.22483266975955,-0.912011578829389,0.15648466900597668,0.0006701310005041705
2718,0.66357421875,22.2771080959372,-0.9123429163026021,0.1567366564877375,0.0006648672983828874
2719,0.663818359375,22.32938352211486,-0.9126742537758153,0.15698864396955514,0.0006596035963184477
2720,0.6640625,22.381658948292486,-0.9130055912490285,0.15724063145131595,0.0006543398941971645
2721,0.664306640625,22.43393437447014,-0.9133369287222417,0.15749261893307676,0.0006490761921327248
2722,0.6645507812499999,22.486209800647767,-0.9136682661954547,0.1577446064148944,0.0006438124900114417
2723,0.664794921875,22.538485226825426,-0.9139996036686682,0.1579965938966552,0.0006385487878901586
2724,0.6650390625,22.59076065300308,-0.9143309411418814,0.15824858137847286,0.0006332850858257189
2725,0.665283203125,22.643036079180707,-0.9146622786150944,0.15850056886023367,0.0006280213837044357
2726,0.66552734375,22.695311505358365,-0.9149936160883076,0.15875255634205132,0.000622757681639996
2727,0.6657714843749999,22.74873223157709,-0.914995769294259,0.15900512086147955,0.0006170202705675365
2728,0.666015625,22.80291649115657,-0.9147784663220362,0.15925807007266712,0.0006109670535465739
2729,0.666259765625,22.85710075073606,-0.9145611633498131,0.1595110192838547,0.0006049138365824547
2730,0.66650390625,22.91128501031551,-0.9143438603775902,0.15976396849504226,0.0005988606195614921
2731,0.666748046875,22.96546926989499,-0.9141265574053671,0.16001691770622983,0.0005928074025405294
2732,0.6669921874999999,23.019653529474443,-0.9139092544331442,0.1602698669174174,0.0005867541855764102
2733,0.667236328125,23.073837789053925,-0.9136919514609212,0.16052281612860497,0.0005807009685554476
2734,0.66748046875,23.128022048633408,-0.9134746484886981,0.16077576533979254,0.000574647751534485
2735,0.667724609375,23.182206308212862,-0.9132573455164751,0.1610287145509801,0.0005685945345703658
2736,0.66796875,23.236390567792345,-0.9130400425442521,0.16128166376216768,0.0005625413175494032
2737,0.6682128906249999,23.290574827371795,-0.9128227395720292,0.1615346129732984,0.0005564881005284406
2738,0.66845703125,23.34475908695128,-0.9126054365998064,0.16178756218448598,0.0005504348835643214
2739,0.668701171875,23.39894334653076,-0.9123881336275833,0.16204051139567355,0.0005443816665433587
2740,0.6689453125,23.453127606110215,-0.9121708306553603,0.16229346060686112,0.0005383284495223961
2741,0.669189453125,23.5073118656897,-0.9119535276831373,0.1625464098180487,0.0005322752325582769
2742,0.6694335937499999,23.561496125269148,-0.9117362247109144,0.16279935902923626,0.0005262220155373143
2743,0.669677734375,23.615680384848634,-0.9115189217386913,0.16305230824042383,0.0005201687985163517
2744,0.669921875,23.66986464442812,-0.9113016187664683,0.1633052574516114,0.000514115581495389
2745,0.670166015625,23.724048904007567,-0.9110843157942453,0.16355820666279897,0.0005080623645312698
2746,0.67041015625,23.778233163587053,-0.9108670128220225,0.16381115587398654,0.0005020091475103072
2747,0.6706542968749999,23.832417423166508,-0.9106497098497994,0.1640641050851741,0.0004959559304893446
2748,0.6708984375,23.886601682745987,-0.9104324068775765,0.16431705429636168,0.0004899027135252254
2749,0.671142578125,23.940785942325473,-0.9102151039053535,0.16457000350754925,0.0004838494965042628
2750,0.67138671875,23.994970201904923,-0.9099978009331305,0.16482295271873681,0.00047779627948330017
2751,0.671630859375,24.049154461484406,-0.9097804979609074,0.16507590192992438,0.00047174306251918097
2752,0.6718749999999999,24.10333872106386,-0.9095631949886847,0.16532885114111195,0.00046568984549821835
2753,0.672119140625,24.15941695369163,-0.9086737111609179,0.16558243336140777,0.0004588617696867914
2754,0.67236328125,24.215495186319394,-0.9077842273331512,0.16583601558164673,0.0004520336938753644
2755,0.672607421875,24.27157341894713,-0.9068947435053848,0.16608959780194255,0.000445205618007094
2756,0.6728515625,24.3276516515749,-0.9060052596776181,0.1663431800221815,0.00043837754219566705
2757,0.6730957031249999,24.383729884202637,-0.9051157758498518,0.16659676224247733,0.0004315494663842401
2758,0.67333984375,24.439808116830402,-0.904226292022085,0.1668503444627163,0.0004247213905728131
2759,0.673583984375,24.49588634945817,-0.9033368081943183,0.1671039266830121,0.00041789331476138614
2760,0.673828125,24.551964582085905,-0.9024473243665522,0.16735750890325107,0.00041106523889311575
2761,0.674072265625,24.60804281471367,-0.9015578405387852,0.16761109112354688,0.0004042371630816888
2762,0.6743164062499999,24.664121047341407,-0.9006683567110191,0.1678646733438427,0.0003974090872702618
2763,0.674560546875,24.720199279969176,-0.8997788728832524,0.16811825556408166,0.00039058101145883484
2764,0.6748046875,24.776277512596945,-0.8988893890554857,0.16837183778437748,0.00038375293564740787
2765,0.675048828125,24.83235574522468,-0.8979999052277193,0.16862542000461644,0.0003769248597791375
2766,0.67529296875,24.888433977852447,-0.8971104213999526,0.16887900222491226,0.0003700967839677105
2767,0.6755371093749999,24.944512210480184,-0.8962209375721863,0.16913258444515122,0.00036326870815628354
2768,0.67578125,25.000590443107953,-0.8953314537444196,0.16938616666544704,0.00035644063234485657
2769,0.676025390625,25.056668675735718,-0.8944419699166529,0.16963974888574285,0.0003496125565334296
2770,0.67626953125,25.11274690836345,-0.8935524860888866,0.16989333110598182,0.0003427844806651592
2771,0.676513671875,25.16882514099122,-0.8926630022611198,0.17014691332627763,0.00033595640485373224
2772,0.6767578124999999,25.224903373618957,-0.8917735184333537,0.1704004955465166,0.00032912832904230527
2773,0.677001953125,25.280981606246723,-0.890884034605587,0.1706540777668124,0.0003223002532308783
2774,0.67724609375,25.33705983887449,-0.8899945507778201,0.17090765998705137,0.00031547217741945133
2775,0.677490234375,25.39313807150223,-0.8891050669500539,0.1711612422073472,0.00030864410160802436
2776,0.677734375,25.449216304129994,-0.8882155831222872,0.17141482442758615,0.00030181602573975397
2777,0.6779785156249999,25.50529453675773,-0.8873260992945208,0.17166840664788197,0.000294987949928327
2778,0.67822265625,25.562118714037716,-0.8861136453005647,0.17192208588807034,0.00028786460421770244
2779,0.678466796875,25.620061808296022,-0.8844167360573236,0.1721759106581544,0.0002802983536298598
2780,0.6787109375,25.678004902554296,-0.8827198268140835,0.17242973542823847,0.0002727321030420171
2781,0.678955078125,25.735947996812605,-0.8810229175708424,0.17268356019832254,0.00026516585245417446
2782,0.6791992187499999,25.79389109107088,-0.8793260083276022,0.1729373849684066,0.0002575996018663318
2783,0.679443359375,25.851834185329185,-0.8776290990843612,0.17319120973849067,0.00025003335133533255
2784,0.6796875,25.90977727958749,-0.8759321898411201,0.1734450345085179,0.0002424671007474899
2785,0.679931640625,25.96772037384577,-0.8742352805978799,0.17369885927860196,0.00023490085015964723
2786,0.68017578125,26.025663468104074,-0.8725383713546389,0.17395268404868602,0.00022733459957180457
2787,0.6804199218749999,26.08360656236235,-0.8708414621113987,0.1742065088187701,0.00021976834898396191
2788,0.6806640625,26.141549656620654,-0.8691445528681576,0.17446033358885416,0.00021220209839611925
2789,0.680908203125,26.19949275087896,-0.8674476436249166,0.17471415835893822,0.0002046358478082766
2790,0.68115234375,26.257435845137238,-0.8657507343816765,0.1749679831290223,0.00019706959727727735
2791,0.681396484375,26.315378939395544,-0.8640538251384354,0.17522180789910635,0.0001895033466894347
2792,0.6816406249999999,26.373322033653817,-0.8623569158951953,0.17547563266919042,0.00018193709610159203
2793,0.681884765625,26.431265127912127,-0.8606600066519542,0.17572945743927448,0.00017437084551374937
2794,0.68212890625,26.489208222170436,-0.858963097408713,0.1759832822093017,0.0001668045949259067
2795,0.682373046875,26.547151316428707,-0.857266188165473,0.17623710697938577,0.00015923834433806405
2796,0.6826171875,26.605094410687016,-0.8555692789222319,0.17649093174946984,0.0001516720938070648
2797,0.6828613281249999,26.66303750494529,-0.8538723696789917,0.1767447565195539,0.00014410584321922215
2798,0.68310546875,26.7209805992036,-0.8521754604357507,0.17699858128963797,0.0001365395926313795
2799,0.683349609375,26.778923693461905,-0.8504785511925095,0.17725240605972203,0.00012897334204353683
2800,0.68359375,26.83686678772018,-0.8487816419492694,0.1775062308298061,0.00012140709145569417
2801,0.683837890625,26.89480988197849,-0.8470847327060284,0.17776005559989017,0.00011384084086785151
2802,0.6840820312499999,26.952752976236763,-0.8453878234627882,0.17801388036997423,0.00010627459028000885
2803,0.684326171875,27.01069607049507,-0.8436909142195471,0.17826770514000145,9.870833974900961e-05
2804,0.6845703125,27.070095388251357,-0.8412318536602703,0.17852136257204165,9.060218076228921e-05
2805,0.684814453125,27.129858761882108,-0.8385822552719857,0.1787749781695993,8.236104474690364e-05
2806,0.68505859375,27.189622135512888,-0.8359326568836998,0.17902859376710012,7.411990873151808e-05
2807,0.6853027343749999,27.24938550914364,-0.8332830584954152,0.17928220936465777,6.587877271613252e-05
2808,0.685546875,27.309148882774423,-0.8306334601071291,0.17953582496215859,5.7637636643903534e-05
2809,0.685791015625,27.368912256405206,-0.827983861718843,0.17978944055971624,4.939650062851797e-05
2810,0.68603515625,27.428675630035954,-0.8253342633305585,0.18004305615721705,4.1155364613132406e-05
2811,0.686279296875,27.488439003666745,-0.8226846649422724,0.1802966717547747,3.291422859774684e-05
2812,0.6865234374999999,27.54820237729749,-0.8200350665539878,0.18055028735227552,2.467309252551786e-05
2813,0.686767578125,27.607965750928276,-0.8173854681657018,0.18080390294983317,1.6431956510132295e-05
2814,0.68701171875,27.66772912455906,-0.8147358697774156,0.18105751854733398,8.190820494746731e-06
2815,0.687255859375,27.727492498189807,-0.8120862713891311,0.18131113414489164,-5.031552063883282e-08
2816,0.6875,27.787255871820587,-0.8094366730008451,0.18156474974239245,-8.291451536024397e-06
2817,0.6877441406249999,27.847019245451346,-0.8067870746125605,0.1818183653399501,-1.653258760825338e-05
2818,0.68798828125,27.906782619082122,-0.8041374762242745,0.18207198093750776,-2.4773723623638944e-05
2819,0.688232421875,27.96654599271291,-0.8014878778359885,0.18232559653500857,-3.301485963902451e-05
2820,0.6884765625,28.02630936634366,-0.7988382794477039,0.18257921213256623,-4.125599565441007e-05
2821,0.688720703125,28.086072739974437,-0.7961886810594179,0.18283282773006704,-4.9497131726639054e-05
2822,0.6889648437499999,28.14583611360519,-0.7935390826711333,0.1830864433276247,-5.773826774202462e-05
2823,0.689208984375,28.205599487235975,-0.7908894842828473,0.1833400589251255,-6.597940375741018e-05
2824,0.689453125,28.265362860866755,-0.7882398858945612,0.18359367452268316,-7.422053977279575e-05
2825,0.689697265625,28.325126234497503,-0.7855902875062767,0.18384729012018397,-8.246167584502473e-05
2826,0.68994140625,28.384889608128294,-0.7829406891179905,0.18410090571774163,-9.070281186041029e-05
2827,0.6901855468749999,28.444652981759038,-0.7802910907297059,0.18435452131524244,-9.894394787579586e-05
2828,0.6904296875,28.50441635538982,-0.77764149234142,0.1846081369128001,-0.00010718508389118142
2829,0.690673828125,28.56453150620779,-0.77477081003103,0.18486160859197298,-0.00011554223317489232
2830,0.69091796875,28.626053765774444,-0.7710157920322285,0.18511450459794787,-0.00012436343536137429
2831,0.691162109375,28.687576025341134,-0.7672607740334251,0.18536740060392276,-0.00013318463754785625
2832,0.6914062499999999,28.749098284907788,-0.7635057560346236,0.1856202966098408,-0.00014200583973433822
2833,0.691650390625,28.810620544474478,-0.7597507380358202,0.1858731926158157,-0.0001508270419208202
2834,0.69189453125,28.872142804041168,-0.7559957200370165,0.1861260886217906,-0.00015964824410730216
2835,0.692138671875,28.933665063607823,-0.752240702038215,0.18637898462770863,-0.00016846944629378413
2836,0.6923828125,28.99518732317451,-0.7484856840394116,0.18663188063368352,-0.0001772906484802661
2837,0.6926269531249999,29.056709582741167,-0.7447306660406101,0.1868847766396584,-0.00018611185066674807
2838,0.69287109375,29.118231842307857,-0.7409756480418067,0.18713767264557646,-0.00019493305285323004
2839,0.693115234375,29.179754101874547,-0.737220630043003,0.18739056865155135,-0.000203754255039712
2840,0.693359375,29.2412763614412,-0.7334656120442017,0.18764346465752624,-0.00021257545722619398
2841,0.693603515625,29.30279862100789,-0.7297105940453981,0.18789636066344428,-0.00022139665941267594
2842,0.6938476562499999,29.364320880574546,-0.7259555760465967,0.18814925666941917,-0.00023021786159915791
2843,0.694091796875,29.425843140141236,-0.7222005580477932,0.18840215267539406,-0.00023903906378563988
2844,0.6943359375,29.487365399707922,-0.7184455400489896,0.18865504868136895,-0.00024786026597212185
2845,0.694580078125,29.548887659274577,-0.7146905220501882,0.188907944687287,-0.0002566814681586038
2846,0.69482421875,29.610409918841267,-0.7109355040513846,0.1891608406932619,-0.0002655026703450858
2847,0.6950683593749999,29.67193217840792,-0.7071804860525832,0.18941373669923678,-0.00027432387253156776
2848,0.6953125,29.73345443797461,-0.7034254680537797,0.18966663270515483,-0.00028314507471804973
2849,0.695556640625,29.7949766975413,-0.6996704500549762,0.18991952871112971,-0.0002919662769045317
2850,0.69580078125,29.85649895710796,-0.6959154320561747,0.1901724247171046,-0.00030078747909101367
2851,0.696044921875,29.91802121667465,-0.6921604140573712,0.19042532072302265,-0.00030960868127749563
2852,0.6962890624999999,29.979543476241304,-0.6884053960585698,0.19067821672899754,-0.0003184298834639776
2853,0.696533203125,30.04106573580799,-0.6846503780597663,0.19093111273497243,-0.00032725108565045957
2854,0.69677734375,30.10258799537468,-0.6808953600609627,0.19118400874089048,-0.00033607228783694154
2855,0.697021484375,30.165117769225603,-0.6763831167675489,0.19143613446340169,-0.0003451626055266388
2856,0.697265625,30.228319219266066,-0.6713660566110576,0.19168774666354693,-0.0003544323334949695
2857,0.6975097656249999,30.291520669306497,-0.6663489964545692,0.19193935886369218,-0.0003637020615201436
2858,0.69775390625,30.35472211934696,-0.6613319362980781,0.19219097106383742,-0.0003729717894884743
2859,0.697998046875,30.417923569387433,-0.6563148761415868,0.19244258326398267,-0.00038224151751364843
2860,0.6982421875,30.48112501942786,-0.6512978159850984,0.19269419546412792,-0.00039151124548197913
2861,0.698486328125,30.544326469468324,-0.6462807558286071,0.19294580766427316,-0.00040078097350715325
2862,0.6987304687499999,30.607527919508758,-0.6412636956721189,0.19319741986447525,-0.00041005070147548395
2863,0.698974609375,30.67072936954922,-0.6362466355156277,0.1934490320646205,-0.00041932042950065807
2864,0.69921875,30.733930819589688,-0.6312295753591364,0.19370064426476574,-0.0004285901575258322
2865,0.699462890625,30.797132269630122,-0.6262125152026481,0.193952256464911,-0.0004378598854941629
2866,0.69970703125,30.860333719670585,-0.6211954550461568,0.19420386866505623,-0.000447129613519337
2867,0.6999511718749999,30.923535169711016,-0.6161783948896684,0.19445548086520148,-0.0004563993414876677
2868,0.7001953125,30.986736619751483,-0.6111613347331771,0.19470709306534673,-0.0004656690695128418
2869,0.700439453125,31.04993806979195,-0.6061442745766861,0.19495870526554882,-0.0004749387974811725
2870,0.70068359375,31.113139519832373,-0.6011272144201977,0.19521031746569406,-0.00048420852550634663
2871,0.700927734375,31.176340969872847,-0.5961101542637065,0.1954619296658393,-0.0004934782534746773
2872,0.7011718749999999,31.239542419913274,-0.5910930941072181,0.19571354186598455,-0.0005027479814998514
2873,0.701416015625,31.302743869953744,-0.5860760339507269,0.1959651540661298,-0.0005120177094681821
2874,0.70166015625,31.36594531999421,-0.5810589737942357,0.19621676626627504,-0.0005212874374933563
2875,0.701904296875,31.429146770034635,-0.5760419136377474,0.1964683784664203,-0.000530557165461687
2876,0.7021484375,31.492348220075108,-0.5710248534812561,0.19671999066656554,-0.0005398268934868611
2877,0.7023925781249999,31.555549670115536,-0.5660077933247677,0.19697160286676763,-0.0005490966214551918
2878,0.70263671875,31.618751120156,-0.5609907331682764,0.19722321506691287,-0.0005583663494803659
2879,0.702880859375,31.68195257019647,-0.5559736730117854,0.19747482726705812,-0.0005676360774486966
2880,0.703125,31.745154020236896,-0.550956612855297,0.19772643946720336,-0.0005769058054738707
2881,0.703369140625,31.809934991018544,-0.5445217547067525,0.19797615724115758,-0.0005864504545343152
2882,0.7036132812499999,31.87471596180015,-0.5380868965582117,0.19822587501516864,-0.0005959951035379163
2883,0.703857421875,31.939496932581793,-0.5316520384096672,0.19847559278912286,-0.0006055397525983608
2884,0.7041015625,32.00427790336344,-0.5252171802611229,0.19872531056313392,-0.0006150844016588053
2885,0.704345703125,32.06905887414505,-0.5187823221125819,0.19897502833708813,-0.0006246290506624064
2886,0.70458984375,32.1338398449267,-0.5123474639640374,0.19922474611104235,-0.0006341736997228509
2887,0.7048339843749999,32.1986208157083,-0.5059126058154967,0.1994744638850534,-0.000643718348726452
2888,0.705078125,32.26340178648994,-0.4994777476669522,0.19972418165900763,-0.0006532629977868964
2889,0.705322265625,32.32818275727159,-0.49304288951840775,0.1999738994330187,-0.000662807646847341
2890,0.70556640625,32.3929637280532,-0.48660803136986697,0.2002236172069729,-0.000672352295850942
2891,0.705810546875,32.457744698834844,-0.4801731732213226,0.20047333498092712,-0.0006818969449113865
2892,0.7060546874999999,32.52252566961645,-0.47373831507278175,0.20072305275493818,-0.000691441593971831
2893,0.706298828125,32.5873066403981,-0.46730345692423725,0.2009727705288924,-0.0007009862429754321
2894,0.70654296875,32.652087611179745,-0.4608685987756928,0.20122248830290346,-0.0007105308920358766
2895,0.706787109375,32.71686858196136,-0.45443374062715197,0.20147220607685767,-0.0007200755410963211
2896,0.70703125,32.781649552743,-0.4479988824786076,0.2017219238508119,-0.0007296201900999222
2897,0.7072753906249999,32.8464305235246,-0.4415640243300667,0.20197164162482295,-0.0007391648391603667
2898,0.70751953125,32.91121149430625,-0.4351291661815223,0.20222135939877717,-0.0007487094882208112
2899,0.707763671875,32.9759924650879,-0.4286943080329778,0.20247107717278823,-0.0007582541372244123
2900,0.7080078125,33.04077343586951,-0.422259449884437,0.20272079494674244,-0.0007677987862848568
2901,0.708251953125,33.10555440665116,-0.41582459173589253,0.20297051272069666,-0.0007773434352884578
2902,0.7084960937499999,33.170335377432764,-0.4093897335873517,0.20322023049470772,-0.0007868880843489023
2903,0.708740234375,33.23511634821441,-0.40295487543880726,0.20346994826866194,-0.0007964327334093468
2904,0.708984375,33.29989731899605,-0.3965200172902628,0.203719666042673,-0.0008059773824129479
2905,0.709228515625,33.364678289777665,-0.390085159141722,0.20396938381662721,-0.0008155220314733924
2906,0.70947265625,33.43004245815612,-0.3830236695632083,0.2042180849711599,-0.0008250882436868778
2907,0.7097167968749999,33.49628142292978,-0.3750222328397438,0.20446526119656028,-0.0008346868007151897
2908,0.7099609375,33.56252038770348,-0.36702079611627464,0.20471243742196066,-0.0008442853576866582
2909,0.710205078125,33.628759352477175,-0.3590193593928055,0.20495961364736104,-0.0008538839147149702
2910,0.71044921875,33.694998317250835,-0.35101792266934095,0.20520678987281826,-0.0008634824716864387
2911,0.710693359375,33.76123728202453,-0.34301648594587175,0.20545396609821864,-0.0008730810287147506
2912,0.7109374999999999,33.827476246798184,-0.3350150492224072,0.20570114232361902,-0.0008826795856862191
2913,0.711181640625,33.89371521157188,-0.32701361249893807,0.2059483185490194,-0.0008922781426576876
2914,0.71142578125,33.95995417634557,-0.3190121757754689,0.20619549477441979,-0.0009018766996859995
2915,0.711669921875,34.02619314111923,-0.31101073905200427,0.20644267099982017,-0.000911475256657468
2916,0.7119140625,34.09243210589293,-0.3030093023285352,0.20668984722522055,-0.0009210738136857799
2917,0.7121582031249999,34.158671070666585,-0.2950078656050706,0.20693702345062093,-0.0009306723706572484
2918,0.71240234375,34.22491003544028,-0.28700642888160144,0.2071841996760213,-0.0009402709276855603
2919,0.712646484375,34.29114900021398,-0.27900499215813235,0.2074313759014217,-0.0009498694846570288
2920,0.712890625,34.35738796498764,-0.2710035554346677,0.20767855212682207,-0.0009594680416853407
2921,0.713134765625,34.423626929761326,-0.26300211871119855,0.2079257283522793,-0.0009690665986568092
2922,0.7133789062499999,34.48986589453499,-0.255000681987734,0.20817290457767967,-0.0009786651556851211
2923,0.713623046875,34.55610485930868,-0.24699924526426487,0.20842008080308005,-0.0009882637126565896
2924,0.7138671875,34.62234382408238,-0.2389978085407957,0.20866725702848044,-0.0009978622696849015
2925,0.714111328125,34.68858278885603,-0.23099637181733113,0.20891443325388082,-0.00100746082665637
2926,0.71435546875,34.75482175362973,-0.22299493509386198,0.2091616094792812,-0.001017059383684682
2927,0.7145996093749999,34.82106071840339,-0.2149934983703974,0.20940878570468158,-0.0010266579406561505
2928,0.71484375,34.88729968317708,-0.20699206164692827,0.20965596193008196,-0.001036256497627619
2929,0.715087890625,34.95353864795078,-0.1989906249234591,0.20990313815548234,-0.0010458550546559309
2930,0.71533203125,35.01977761272443,-0.19098918819999453,0.21015031438088272,-0.0010554536116273994
2931,0.715576171875,35.08601657749813,-0.18298775147652538,0.2103974906062831,-0.0010650521686557113
2932,0.7158203124999999,35.15330553682116,-0.1736257062503871,0.21064209652683985,-0.0010744749948798926
2933,0.716064453125,35.22085699478157,-0.16392350889857507,0.2108860598711999,-0.0010838538884740956
2934,0.71630859375,35.28840845274198,-0.15422131154676305,0.21113002321555996,-0.0010932327820114551
2935,0.716552734375,35.35595991070235,-0.14451911419495658,0.21137398655986317,-0.0011026116755488147
2936,0.716796875,35.423511368662766,-0.13481691684314456,0.21161794990422322,-0.0011119905691430176
2937,0.7170410156249999,35.49106282662314,-0.12511471949133807,0.21186191324858328,-0.0011213694626803772
2938,0.71728515625,35.55861428458355,-0.11541252213952607,0.2121058765928865,-0.0011307483562177367
2939,0.717529296875,35.62616574254396,-0.10571032478771407,0.21234983993724654,-0.0011401272498119397
2940,0.7177734375,35.69371720050433,-0.09600812743590759,0.2125938032816066,-0.0011495061433492992
2941,0.718017578125,35.76126865846474,-0.08630593008409558,0.2128377666259098,-0.0011588850368866588
2942,0.7182617187499999,35.82882011642511,-0.07660373273228908,0.21308172997026986,-0.0011682639304808617
2943,0.718505859375,35.89637157438553,-0.06690153538047709,0.21332569331462992,-0.0011776428240182213
2944,0.71875,35.96392303234594,-0.057199338028665066,0.21356965665898997,-0.0011870217176124243
2945,0.718994140625,36.03147449030631,-0.04749714067685859,0.21381362000329318,-0.0011964006111497838
2946,0.71923828125,36.09902594826672,-0.03779494332504658,0.21405758334765324,-0.0012057795046871433
2947,0.7194824218749999,36.1665774062271,-0.028092745973240095,0.2143015466920133,-0.0012151583982813463
2948,0.7197265625,36.23412886418751,-0.01839054862142808,0.2145455100363165,-0.0012245372918187059
2949,0.719970703125,36.30168032214792,-0.00868835126961609,0.21478947338067655,-0.0012339161853560654
2950,0.72021484375,36.36923178010829,0.001013846082190416,0.2150334367250366,-0.0012432950789502684
2951,0.720458984375,36.4367832380687,0.010716043434002407,0.21527740006933982,-0.001252673972487628
2952,0.7207031249999999,36.50433469602907,0.02041824078580891,0.21552136341369987,-0.0012620528660249875
2953,0.720947265625,36.57188615398949,0.030120438137620904,0.21576532675805993,-0.0012714317596191904
2954,0.72119140625,36.639437611949894,0.03982263548943291,0.21600929010236314,-0.00128081065315655
2955,0.721435546875,36.70698906991027,0.0495248328412394,0.2162532534467232,-0.0012901895466939095
2956,0.7216796875,36.77454052787068,0.05922703019305141,0.21649721679108325,-0.0012995684402881125
2957,0.7219238281249999,36.8423201184761,0.06929143691739774,0.21674040132592154,-0.0013088372324432385
2958,0.72216796875,36.911012239661794,0.08080468113191099,0.2169804706228433,-0.0013176656191262737
2959,0.722412109375,36.97970436084748,0.0923179253464242,0.2172205399197651,-0.0013264940058093089
2960,0.72265625,37.048396482033134,0.10383116956093091,0.21746060921668686,-0.0013353223924355007
2961,0.722900390625,37.117088603218825,0.11534441377544415,0.21770067851360864,-0.0013441507791185359
2962,0.7231445312499999,37.185780724404474,0.12685765798995083,0.2179407478105304,-0.001352979165801571
2963,0.723388671875,37.254472845590165,0.13837090220446405,0.21818081710745219,-0.0013618075524846063
2964,0.7236328125,37.323164966775856,0.14988414641897732,0.21842088640431712,-0.001370635939110798
2965,0.723876953125,37.391857087961505,0.16139739063348402,0.2186609557012389,-0.0013794643257938333
2966,0.72412109375,37.4605492091472,0.17291063484799726,0.21890102499816066,-0.0013882927124768685
2967,0.7243652343749999,37.529241330332844,0.18442387906250393,0.21914109429508244,-0.0013971210991599037
2968,0.724609375,37.597933451518536,0.19593712327701718,0.2193811635920042,-0.0014059494857860955
2969,0.724853515625,37.66662557270423,0.2074503674915304,0.219621232888926,-0.0014147778724691307
2970,0.72509765625,37.73531769388988,0.21896361170603706,0.21986130218584776,-0.0014236062591521659
2971,0.725341796875,37.80400981507557,0.2304768559205503,0.22010137148276954,-0.001432434645835201
2972,0.7255859374999999,37.87270193626122,0.241990100135057,0.2203414407796913,-0.0014412630324613929
2973,0.725830078125,37.94139405744691,0.2535033443495702,0.22058151007661309,-0.001450091419144428
2974,0.72607421875,38.0100861786326,0.2650165885640835,0.22082157937353486,-0.0014589198058274633
2975,0.726318359375,38.078778299818254,0.27652983277859017,0.22106164867045663,-0.0014677481925104985
2976,0.7265625,38.14747042100394,0.28804307699310344,0.2213017179673784,-0.0014765765791366903
2977,0.7268066406249999,38.216162542189586,0.29955632120761017,0.22154178726424334,-0.0014854049658197255
2978,0.72705078125,38.28485466337528,0.3110695654221234,0.2217818565611651,-0.0014942333525027607
2979,0.727294921875,38.35354678456097,0.3225828096366366,0.2220219258580869,-0.0015030617391289525
2980,0.7275390625,38.42223890574662,0.3340960538511433,0.22226199515500866,-0.0015118901258119877
2981,0.727783203125,38.49093102693231,0.34560929806565654,0.22250206445193044,-0.0015207185124950229
2982,0.7280273437499999,38.55962314811796,0.3571225422801632,0.2227421337488522,-0.001529546899178058
2983,0.728271484375,38.62887921325342,0.3697675781185243,0.22297946160028914,-0.0015378097226630416
2984,0.728515625,38.698511241022054,0.38316714170611765,0.22321496182132705,-0.001545695504091782
2985,0.728759765625,38.76814326879066,0.3965667052937033,0.2234504620424218,-0.0015535812854636788
2986,0.72900390625,38.8377752965593,0.40996626888129667,0.22368596226351656,-0.001561467066892419
2987,0.7292480468749999,38.9074073243279,0.4233658324688823,0.2239214624846113,-0.001569352848264316
2988,0.7294921875,38.97703935209654,0.4367653960564757,0.22415696270564922,-0.0015772386296930563
2989,0.729736328125,39.04667137986518,0.45016495964406894,0.22439246292674397,-0.0015851244110649532
2990,0.72998046875,39.11630340763379,0.46356452323165465,0.22462796314783873,-0.0015930101924936935
2991,0.730224609375,39.18593543540243,0.476964086819248,0.22486346336893348,-0.0016008959738655903
2992,0.7304687499999999,39.255567463171026,0.49036365040683366,0.2250989635899714,-0.0016087817552943307
2993,0.730712890625,39.32519949093966,0.503763213994427,0.22533446381106614,-0.0016166675366662275
2994,0.73095703125,39.39483151870831,0.5171627775820202,0.2255699640321609,-0.0016245533180949678
2995,0.731201171875,39.46446354647691,0.5305623411696061,0.2258054642531988,-0.0016324390994668647
2996,0.7314453125,39.53409557424554,0.5439619047571994,0.22604096447429356,-0.001640324880895605
2997,0.7316894531249999,39.603727602014146,0.5573614683447851,0.2262764646953883,-0.001648210662267502
2998,0.73193359375,39.67335962978279,0.5707610319323784,0.22651196491648307,-0.0016560964436962422
2999,0.732177734375,39.74299165755142,0.5841605955199716,0.22674746513752098,-0.001663982225068139
3000,0.732421875,39.81262368532003,0.5975601591075574,0.22698296535861573,-0.0016718680064968794
3001,0.732666015625,39.88225571308867,0.6109597226951506,0.22721846557971048,-0.0016797537878687763
3002,0.7329101562499999,39.95188774085726,0.6243592862827365,0.22745396580080524,-0.0016876395692975166
3003,0.733154296875,40.021519768625915,0.6377588498703297,0.22768946602184315,-0.0016955253506694135
3004,0.7333984375,40.09115179639455,0.651158413457923,0.2279249662429379,-0.0017034111320981538
3005,0.733642578125,40.16078382416315,0.6645579770455088,0.22816046646403265,-0.0017112969134700506
3006,0.73388671875,40.23041585193179,0.677957540633102,0.2283959666851274,-0.001719182694898791
3007,0.7341308593749999,40.300047879700394,0.6913571042206879,0.22863146690616531,-0.0017270684762706878
3008,0.734375,40.36967990746903,0.7047566678082811,0.22886696712726007,-0.0017349542576994281
3009,0.734619140625,40.44001936978413,0.7200697400737139,0.22909724628306094,-0.0017414411810250385
3010,0.73486328125,40.5103588320992,0.7353828123391383,0.22932752543880497,-0.0017479281044074924
3011,0.735107421875,40.58069829441431,0.7506958846045712,0.22955780459460584,-0.0017544150277331028
3012,0.7353515624999999,40.65103775672938,0.7660089568699954,0.22978808375034987,-0.0017609019510587132
3013,0.735595703125,40.721377219044484,0.7813220291354283,0.23001836290615074,-0.001767388874441167
3014,0.73583984375,40.79171668135959,0.7966351014008614,0.2302486420619516,-0.0017738757977667774
3015,0.736083984375,40.862056143674664,0.8119481736662855,0.23047892121769564,-0.0017803627210923878
3016,0.736328125,40.93239560598977,0.8272612459317185,0.23070920037349651,-0.0017868496444748416
3017,0.7365722656249999,41.002735068304844,0.8425743181971426,0.23093947952924054,-0.001793336567800452
3018,0.73681640625,41.073074530619955,0.8578873904625756,0.23116975868504142,-0.0017998234911260624
3019,0.737060546875,41.14341399293506,0.8732004627280086,0.23140003784078544,-0.0018063104145085163
3020,0.7373046875,41.21375345525012,0.8885135349934327,0.23163031699658632,-0.0018127973378341267
3021,0.737548828125,41.28409291756524,0.9038266072588655,0.2318605961523872,-0.001819284261159737
3022,0.7377929687499999,41.35443237988031,0.9191396795242899,0.23209087530813122,-0.001825771184542191
3023,0.738037109375,41.42477184219541,0.9344527517897228,0.2323211544639321,-0.0018322581078678013
3024,0.73828125,41.495111304510516,0.9497658240551559,0.23255143361967612,-0.0018387450312502551
3025,0.738525390625,41.565450766825585,0.9650788963205799,0.232781712775477,-0.0018452319545758655
3026,0.73876953125,41.635790229140696,0.9803919685860129,0.23301199193127786,-0.001851718877901476
3027,0.7390136718749999,41.706129691455764,0.9957050408514371,0.2332422710870219,-0.0018582058012839298
3028,0.7392578125,41.77646915377087,1.01101811311687,0.23347255024282276,-0.0018646927246095402
3029,0.739501953125,41.84680861608597,1.026331185382303,0.2337028293985668,-0.0018711796479351506
3030,0.73974609375,41.91714807840104,1.0416442576477272,0.23393310855436766,-0.0018776665713176044
3031,0.739990234375,41.98748754071615,1.05695732991316,0.2341633877101117,-0.0018841534946432148
3032,0.7402343749999999,42.05782700303122,1.0722704021785845,0.23439366686591256,-0.0018906404179688252
3033,0.740478515625,42.128166465346325,1.0875834744440174,0.23462394602171344,-0.001897127341351279
3034,0.74072265625,42.19868206103251,1.1036475431822739,0.23485189197663203,-0.0019028459973355893
3035,0.740966796875,42.26946185677526,1.120838106629756,0.23507633813028406,-0.0019074122524216364
3036,0.7412109375,42.34024165251805,1.1380286700772477,0.23530078428399293,-0.00191197850745084
3037,0.7414550781249999,42.41102144826081,1.1552192335247298,0.23552523043764495,-0.001916544762536887
3038,0.74169921875,42.481801244003606,1.1724097969722214,0.23574967659129697,-0.0019211110175660906
3039,0.741943359375,42.55258103974639,1.1896003604197132,0.23597412274500584,-0.0019256772726521376
3040,0.7421875,42.62336083548915,1.2067909238671952,0.23619856889865787,-0.0019302435276813412
3041,0.742431640625,42.69414063123194,1.223981487314687,0.23642301505236674,-0.0019348097827105448
3042,0.7426757812499999,42.76492042697469,1.241172050762169,0.23664746120601876,-0.0019393760377965918
3043,0.742919921875,42.835700222717485,1.258362614209661,0.23687190735967079,-0.0019439422928257954
3044,0.7431640625,42.90648001846028,1.2755531776571527,0.23709635351337965,-0.0019485085479118425
3045,0.743408203125,42.97725981420303,1.2927437411046347,0.23732079966703168,-0.001953074802941046
3046,0.74365234375,43.04803960994582,1.3099343045521266,0.23754524582074055,-0.001957641058027093
3047,0.7438964843749999,43.118819405688576,1.3271248679996086,0.23776969197439257,-0.0019622073130562967
3048,0.744140625,43.18959920143136,1.3443154314471002,0.2379941381280446,-0.0019667735680855003
3049,0.744384765625,43.26037899717416,1.361505994894592,0.23821858428175346,-0.0019713398231715473
3050,0.74462890625,43.331158792916916,1.378696558342074,0.2384430304354055,-0.001975906078200751
3051,0.744873046875,43.40193858865971,1.3958871217895659,0.23866747658905751,-0.001980472333286798
3052,0.7451171874999999,43.472718384402455,1.413077685237048,0.23889192274276638,-0.0019850385883160016
3053,0.745361328125,43.54349818014526,1.4302682486845395,0.2391163688964184,-0.0019896048434020486
3054,0.74560546875,43.614277975888044,1.4474588121320313,0.23934081505012728,-0.001994171098431252
3055,0.745849609375,43.68505777163079,1.4646493755795134,0.2395652612037793,-0.001998737353517299
3056,0.74609375,43.75583756737359,1.4818399390270052,0.23978970735743133,-0.002003303608546503
3057,0.7463378906249999,43.826617363116334,1.4990305024744872,0.2400141535111402,-0.0020078698635757064
3058,0.74658203125,43.89739715885913,1.516221065921979,0.24023859966479222,-0.0020124361186617534
3059,0.746826171875,43.96817695460192,1.5334116293694708,0.2404630458185011,-0.002017002373690957
3060,0.7470703125,44.03906525606765,1.5520110056368082,0.2406823810285914,-0.002019562658460927
3061,0.747314453125,44.109980683964146,1.57096258510912,0.24090043850287657,-0.002021621450580824
3062,0.7475585937499999,44.18089611186061,1.5899141645814212,0.24111849597710489,-0.002023680242757564
3063,0.747802734375,44.25181153975711,1.608865744053733,0.2413365534513332,-0.002025739034934304
3064,0.748046875,44.322726967653615,1.6278173235260447,0.24155461092561836,-0.0020277978270542008
3065,0.748291015625,44.393642395550074,1.6467689029983459,0.24177266839984668,-0.002029856619230941
3066,0.74853515625,44.464557823446576,1.6657204824706577,0.241990725874075,-0.002031915411407681
3067,0.7487792968749999,44.535473251343035,1.684672061942959,0.2422087833483033,-0.0020339742035275776
3068,0.7490234375,44.60638867923954,1.7036236414152708,0.24242684082258847,-0.0020360329957043177
3069,0.749267578125,44.677304107136045,1.7225752208875826,0.2426448982968168,-0.002038091787881058
3070,0.74951171875,44.748219535032504,1.7415268003598836,0.2428629557710451,-0.0020401505800009545
3071,0.749755859375,44.819134962929006,1.760478379832196,0.24308101324533027,-0.0020422093721776946
3072,0.7500000000000001,44.89005039082551,1.7794299593045073,0.24329907071955859,-0.0020442681643544347
3073,0.750244140625,44.960965818721974,1.7983815387768083,0.2435171281937869,-0.0020463269564743314
3074,0.75048828125,45.031881246618475,1.8173331182491201,0.24373518566807206,-0.0020483857486510715
3075,0.750732421875,45.10279667451494,1.8362846977214216,0.24395324314230038,-0.002050444540770968
3076,0.7509765625,45.17371210241144,1.8552362771937334,0.2441713006165287,-0.0020525033329477083
3077,0.7512207031250001,45.24462753030794,1.8741878566660448,0.24438935809081386,-0.0020545621251244484
3078,0.75146484375,45.315542958204404,1.8931394361383458,0.24460741556504217,-0.002056620917244345
3079,0.751708984375,45.386458386100905,1.912091015610658,0.2448254730392705,-0.002058679709421085
3080,0.751953125,45.45737381399737,1.931042595082959,0.2450435305134988,-0.0020607385015978252
3081,0.752197265625,45.528289241893866,1.949994174555271,0.24526158798778397,-0.002062797293717722
3082,0.7524414062500001,45.599204669790375,1.968945754027583,0.24547964546201229,-0.002064856085894462
3083,0.752685546875,45.67012009768683,1.987897333499884,0.2456977029362406,-0.002066914878071202
3084,0.7529296875,45.741035525583335,2.006848912972196,0.24591576041052576,-0.002068973670191099
3085,0.753173828125,45.81190907359747,2.0261094263574333,0.24613244315401062,-0.002070401233652319
3086,0.75341796875,45.8826151020823,2.046605675394428,0.2463436269746353,-0.002069303882137774
3087,0.7536621093750001,45.95332113056715,2.0671019244314235,0.24655481079520314,-0.002068206530623229
3088,0.75390625,46.02402715905195,2.0875981734684066,0.24676599461582782,-0.0020671091791086837
3089,0.754150390625,46.09473318753679,2.108094422505402,0.2469771784364525,-0.002066011827537295
3090,0.75439453125,46.16543921602159,2.1285906715423857,0.24718836225702034,-0.00206491447602275
3091,0.754638671875,46.23614524450642,2.1490869205793808,0.24739954607764503,-0.002063817124508205
3092,0.7548828125000001,46.30685127299126,2.169583169616376,0.24761072989821287,-0.0020627197729936597
3093,0.755126953125,46.37755730147606,2.1900794186533594,0.24782191371883755,-0.0020616224214791146
3094,0.75537109375,46.4482633299609,2.2105756676903545,0.2480330975394054,-0.0020605250699645694
3095,0.755615234375,46.5189693584457,2.231071916727338,0.24824428136003007,-0.0020594277184500243
3096,0.755859375,46.58967538693053,2.2515681657643336,0.24845546518065476,-0.002058330366935479
3097,0.7561035156250001,46.66038141541538,2.2720644148013283,0.2486666490012226,-0.002057233015420934
3098,0.75634765625,46.73108744390017,2.292560663838312,0.24887783282184728,-0.002056135663906389
3099,0.756591796875,46.80179347238502,2.3130569128753073,0.24908901664241512,-0.0020550383123918436
3100,0.7568359375,46.87249950086982,2.333553161912291,0.2493002004630398,-0.0020539409608772985
3101,0.757080078125,46.94320552935466,2.354049410949286,0.24951138428360764,-0.0020528436093627533
3102,0.7573242187500001,47.01391155783949,2.374545659986281,0.24972256810423232,-0.002051746257848208
3103,0.757568359375,47.08461758632429,2.3950419090232646,0.24993375192480016,-0.002050648906333663
3104,0.7578125,47.155323614809134,2.41553815806026,0.25014493574542485,-0.002049551554819118
3105,0.758056640625,47.226029643293934,2.4360344070972433,0.25035611956604953,-0.0020484542033045727
3106,0.75830078125,47.29673567177877,2.456530656134239,0.25056730338661737,-0.0020473568517900276
3107,0.7585449218750001,47.367441700263605,2.4770269051712335,0.25077848720724205,-0.0020462595002754824
3108,0.7587890625,47.438147728748405,2.4975231542082175,0.2509896710278099,-0.0020451621487609373
3109,0.759033203125,47.508853757233254,2.518019403245212,0.2512008548484346,-0.002044064797246392
3110,0.75927734375,47.57955978571805,2.5385156522821966,0.2514120386690024,-0.002042967445731847
3111,0.759521484375,47.649907386881566,2.559736030299497,0.2516188567938116,-0.0020395538160187243
3112,0.7597656250000001,47.72001603649754,2.581439160970336,0.2518227644547437,-0.00203459600078304
3113,0.760009765625,47.79012468611347,2.6031422916411624,0.25202667211567586,-0.002029638185604199
3114,0.76025390625,47.86023333572945,2.6248454223120015,0.25223057977655117,-0.002024680370425358
3115,0.760498046875,47.93034198534538,2.6465485529828277,0.2524344874374833,-0.0020197225551896736
3116,0.7607421875,48.00045063496136,2.6682516836536663,0.25263839509841546,-0.0020147647400108326
3117,0.7609863281250001,48.070559284577335,2.689954814324505,0.2528423027593476,-0.0020098069248319916
3118,0.76123046875,48.14066793419327,2.7116579449953315,0.25304621042027975,-0.0020048491095963072
3119,0.761474609375,48.21077658380923,2.73336107566617,0.25325011808115505,-0.0019998912944174663
3120,0.76171875,48.280885233425174,2.755064206336997,0.2534540257420872,-0.0019949334792386253
3121,0.761962890625,48.35099388304115,2.7767673370078354,0.25365793340301934,-0.0019899756640597843
3122,0.7622070312500001,48.421102532657116,2.7984704676786745,0.2538618410639515,-0.0019850178488241
3123,0.762451171875,48.491211182273055,2.8201735983495007,0.25406574872488363,-0.001980060033645259
3124,0.7626953125,48.56131983188902,2.8418767290203397,0.25426965638575894,-0.001975102218466418
3125,0.762939453125,48.631428481504955,2.863579859691166,0.2544735640466911,-0.0019701444032307336
3126,0.76318359375,48.70153713112093,2.8852829903620045,0.2546774717076232,-0.0019651865880518926
3127,0.7634277343750001,48.77164578073691,2.906986121032843,0.25488137936855537,-0.0019602287728730516
3128,0.763671875,48.84175443035284,2.92868925170367,0.2550852870294875,-0.0019552709576373672
3129,0.763916015625,48.91186307996882,2.950392382374508,0.2552891946903628,-0.0019503131424585263
3130,0.76416015625,48.98197172958475,2.972095513045335,0.25549310235129497,-0.0019453553272796853
3131,0.764404296875,49.05208037920072,2.993798643716173,0.2556970100122271,-0.0019403975121008443
3132,0.7646484375000001,49.1221890288167,3.0155017743870123,0.25590091767315926,-0.00193543969686516
3133,0.764892578125,49.19229767843263,3.0372049050578385,0.2561048253340914,-0.001930481881686319
3134,0.76513671875,49.262406328048606,3.0589080357286775,0.2563087329949667,-0.001925524066507478
3135,0.765380859375,49.33251497766454,3.0806111663995037,0.25651264065589885,-0.0019205662512717936
3136,0.765625,49.40262362728051,3.102314297070343,0.256716548316831,-0.0019156084360929526
3137,0.7658691406250001,49.47170211653921,3.124741465876115,0.25691286807904135,-0.0019060402967170376
3138,0.76611328125,49.54078060579788,3.147168634681875,0.2571091878412517,-0.001896472157397966
3139,0.766357421875,49.609859095056585,3.169595803487647,0.25730550760346205,-0.0018869040180220509
3140,0.7666015625,49.67893758431525,3.1920229722934064,0.2575018273656724,-0.0018773358786461358
3141,0.766845703125,49.74801607357396,3.2144501410991793,0.25769814712788275,-0.0018677677393270642
3142,0.7670898437500001,49.817094562832665,3.236877309904951,0.25789446689014994,-0.0018581995999511491
3143,0.767333984375,49.88617305209133,3.259304478710711,0.2580907866523603,-0.001848631460575234
3144,0.767578125,49.95525154135004,3.281731647516483,0.25828710641457064,-0.0018390633212561625
3145,0.767822265625,50.02433003060871,3.304158816322243,0.258483426176781,-0.0018294951818802474
3146,0.76806640625,50.09340851986741,3.326585985128015,0.25867974593899135,-0.0018199270425043323
3147,0.7683105468750001,50.16248700912611,3.3490131539337873,0.2588760657012017,-0.0018103589031852607
3148,0.7685546875,50.23156549838479,3.3714403227395473,0.25907238546341205,-0.0018007907638093457
3149,0.768798828125,50.30064398764349,3.3938674915453193,0.2592687052256224,-0.0017912226244334306
3150,0.76904296875,50.36972247690216,3.4162946603510793,0.25946502498783275,-0.001781654485114359
3151,0.769287109375,50.43880096616086,3.438721829156851,0.2596613447500431,-0.001772086345738444
3152,0.7695312500000001,50.50787945541957,3.4611489979626238,0.2598576645123103,-0.0017625182063625289
3153,0.769775390625,50.57695794467824,3.483576166768383,0.26005398427452064,-0.0017529500670434572
3154,0.77001953125,50.64603643393694,3.5060033355741558,0.260250304036731,-0.0017433819276675422
3155,0.770263671875,50.71511492319561,3.5284305043799153,0.26044662379894135,-0.0017338137883484706
3156,0.7705078125,50.78419341245432,3.550857673185688,0.2606429435611517,-0.0017242456489725555
3157,0.7707519531250001,50.85327190171302,3.57328484199146,0.26083926332336205,-0.0017146775095966404
3158,0.77099609375,50.92235039097169,3.595712010797219,0.2610355830855724,-0.0017051093702775688
3159,0.771240234375,50.991428880230394,3.618139179602992,0.26123190284778275,-0.0016955412309016538
3160,0.771484375,51.06050736948906,3.640566348408751,0.2614282226099931,-0.0016859730915257387
3161,0.771728515625,51.12958585874777,3.662993517214524,0.26162454237220345,-0.001676404952206667
3162,0.7719726562500001,51.198060790735326,3.6854488690056724,0.26181774028663085,-0.0016646804177185004
3163,0.772216796875,51.26563038681615,3.7079464952748746,0.26200625542929856,-0.001649721290675643
3164,0.7724609375,51.33319998289701,3.730444121544089,0.2621947705720231,-0.0016347621635759424
3165,0.772705078125,51.40076957897784,3.7529417478132903,0.26238328571469083,-0.0016198030364762417
3166,0.77294921875,51.46833917505869,3.775439374082505,0.2625718008574154,-0.0016048439094333844
3167,0.7731933593750001,51.535908771139546,3.797937000351719,0.2627603160000831,-0.0015898847823336837
3168,0.7734375,51.603478367220376,3.8204346266209206,0.26294883114280765,-0.0015749256552908264
3169,0.773681640625,51.67104796330123,3.842932252890135,0.26313734628547536,-0.0015599665281911257
3170,0.77392578125,51.73861755938205,3.8654298791593367,0.2633258614281999,-0.001545007401091425
3171,0.774169921875,51.806187155462915,3.8879275054285514,0.2635143765708676,-0.0015300482740485677
3172,0.7744140625000001,51.87375675154377,3.9104251316977656,0.2637028917135922,-0.001515089146948867
3173,0.774658203125,51.94132634762459,3.9329227579669674,0.2638914068562599,-0.0015001300198491663
3174,0.77490234375,52.008895943705454,3.9554203842361817,0.26407992199898445,-0.001485170892806309
3175,0.775146484375,52.07646553978627,3.977918010505383,0.26426843714165216,-0.0014702117657066083
3176,0.775390625,52.14403513586713,4.000415636774597,0.26445695228431987,-0.0014552526386069076
3177,0.7756347656250001,52.21160473194799,4.0229132630438125,0.2646454674270444,-0.0014402935115640503
3178,0.77587890625,52.279174328028816,4.045410889313014,0.26483398256971213,-0.0014253343844643496
3179,0.776123046875,52.34674392410967,4.067908515582228,0.2650224977124367,-0.0014103752573646489
3180,0.7763671875,52.4143135201905,4.090406141851429,0.2652110128551044,-0.0013954161303217916
3181,0.776611328125,52.481883116271355,4.112903768120644,0.26539952799782895,-0.0013804570032220909
3182,0.7768554687500001,52.549452712352206,4.135401394389858,0.26558804314049667,-0.0013654978761792336
3183,0.777099609375,52.617022308433036,4.15789902065906,0.2657765582832212,-0.0013505387490795329
3184,0.77734375,52.684591904513894,4.1803966469282745,0.26596507342588893,-0.0013355796219798322
3185,0.777587890625,52.75216150059472,4.202894273197476,0.2661535885686135,-0.0013206204949369749
3186,0.77783203125,52.819731096675575,4.225391899466691,0.2663421037112812,-0.0013056613678372742
3187,0.7780761718750001,52.88730069275643,4.247889525735904,0.26653061885400575,-0.0012907022407375734
3188,0.7783203125,52.953243408832925,4.2697621578407405,0.266712792854662,-0.0012707973569376918
3189,0.778564453125,53.018779404908365,4.291478541404497,0.26689338156984377,-0.0012496560339059215
3190,0.77880859375,53.08431540098377,4.313194924968242,0.2670739702850824,-0.0012285147108741512
3191,0.779052734375,53.14985139705921,4.334911308531999,0.2672545590002642,-0.001207373387842381
3192,0.7792968750000001,53.21538739313466,4.356627692095755,0.26743514771544596,-0.0011862320648106106
3193,0.779541015625,53.280923389210066,4.3783440756595,0.26761573643062775,-0.0011650907418356837
3194,0.77978515625,53.346459385285506,4.400060459223257,0.26779632514580953,-0.0011439494188039134
3195,0.780029296875,53.41199538136092,4.421776842787001,0.26797691386104816,-0.0011228080957721431
3196,0.7802734375,53.47753137743636,4.443493226350758,0.26815750257622994,-0.0011016667727403728
3197,0.7805175781250001,53.5430673735118,4.465209609914515,0.26833809129141173,-0.0010805254497086025
3198,0.78076171875,53.6086033695872,4.48692599347826,0.2685186800065935,-0.0010593841267336757
3199,0.781005859375,53.674139365662654,4.508642377042016,0.2686992687217753,-0.0010382428037019054
3200,0.78125,53.73967536173806,4.530358760605761,0.2688798574369571,-0.001017101480670135
3201,0.781494140625,53.8052113578135,4.552075144169518,0.2690604461521957,-0.0009959601576383648
3202,0.7817382812500001,53.87074735388895,4.573791527733274,0.2692410348673775,-0.0009748188346065945
3203,0.781982421875,53.936283349964356,4.595507911297019,0.2694216235825593,-0.0009536775116316676
3204,0.7822265625,54.001819346039795,4.617224294860776,0.26960221229774106,-0.0009325361885998973
3205,0.782470703125,54.067355342115206,4.63894067842452,0.26978280101292285,-0.000911394865568127
3206,0.78271484375,54.132891338190646,4.660657061988277,0.2699633897281615,-0.0008902535425363567
3207,0.7829589843750001,54.19842733426609,4.6823734455520345,0.27014397844334326,-0.0008691122195045864
3208,0.783203125,54.263963330341504,4.704089829115779,0.27032456715852504,-0.0008479708965296595
3209,0.783447265625,54.32949932641694,4.725806212679536,0.2705051558737068,-0.0008268295734978892
3210,0.78369140625,54.395035322492355,4.7475225962432805,0.2706857445888886,-0.0008056882504661189
3211,0.783935546875,54.460571318567794,4.769238979807037,0.27086633330412724,-0.0007845469274343486
3212,0.7841796875000001,54.52610731464324,4.790955363370793,0.271046922019309,-0.0007634056044025783
3213,0.784423828125,54.59112272604812,4.812299738901072,0.2712259191787325,-0.0007408728435507328
3214,0.78466796875,54.65405579877095,4.832156082297496,0.27139855011517966,-0.0007127743314185864
3215,0.784912109375,54.71698887149373,4.852012425693909,0.2715711810516268,-0.0006846758192295965
3216,0.78515625,54.77992194421656,4.871868769090332,0.27174381198807396,-0.0006565773070974501
3217,0.7854003906250001,54.84285501693939,4.891725112486755,0.2719164429245211,-0.0006284787949084603
3218,0.78564453125,54.905788089662174,4.911581455883168,0.2720890738609114,-0.0006003802827763138
3219,0.785888671875,54.968721162385,4.931437799279591,0.27226170479735856,-0.000572281770587324
3220,0.7861328125,55.031654235107794,4.951294142676003,0.2724343357338057,-0.0005441832583983341
3221,0.786376953125,55.094587307830615,4.9711504860724265,0.27260696667025286,-0.0005160847462661877
3222,0.7866210937500001,55.15752038055345,4.991006829468851,0.2727795976067,-0.0004879862340771979
3223,0.786865234375,55.22045345327623,5.010863172865264,0.27295222854314716,-0.00045988772194505145
3224,0.787109375,55.283386525999056,5.030719516261687,0.2731248594795943,-0.0004317892097560616
3225,0.787353515625,55.34631959872185,5.050575859658099,0.2732974904159846,-0.0004036906976239152
3226,0.78759765625,55.40925267144467,5.070432203054523,0.27347012135243176,-0.00037559218543492534
3227,0.7878417968750001,55.4721857441675,5.090288546450946,0.2736427522888789,-0.0003474936733027789
3228,0.7880859375,55.53511881689029,5.1101448898473585,0.27381538322532606,-0.00031939516111378907
3229,0.788330078125,55.5980518896131,5.1300012332437825,0.2739880141617732,-0.00029129664892479923
3230,0.78857421875,55.6609849623359,5.149857576640195,0.27416064509822036,-0.0002631981367926528
3231,0.788818359375,55.72391803505872,5.169713920036619,0.2743332760346675,-0.00023509962460366296
3232,0.7890625000000001,55.78685110778155,5.189570263433042,0.27450590697111465,-0.00020700111247151654
3233,0.789306640625,55.84978418050435,5.209426606829455,0.27467853790750496,-0.0001789026002825267
3234,0.78955078125,55.912717253227164,5.229282950225878,0.2748511688439521,-0.00015080408815038027
3235,0.789794921875,55.97565032594996,5.2491392936222905,0.27502379978039926,-0.00012270557596139042
3236,0.7900390625,56.038583398672785,5.268995637018714,0.2751964307168464,-9.4607063829244e-05
3237,0.7902832031250001,56.10151647139561,5.288851980415138,0.27536906165329356,-6.650855164025415e-05
3238,0.79052734375,56.1644495441184,5.30870832381155,0.2755416925897407,-3.841003945126431e-05
3239,0.790771484375,56.22545430076542,5.326646989847206,0.27570957923677497,-5.702558325992868e-06
3240,0.791015625,56.285173513361876,5.343307204309006,0.2758743030241817,3.0077568737851834e-05
3241,0.791259765625,56.34489272595835,5.359967418770817,0.27603902681158843,6.585769585853996e-05
3242,0.7915039062500001,56.40461193855484,5.376627633232627,0.27620375059899516,0.00010163782292238466
3243,0.791748046875,56.46433115115129,5.393287847694428,0.2763684743864019,0.00013741795004307278
3244,0.7919921875,56.52405036374777,5.4099480621562375,0.2765331981738086,0.0001731980771637609
3245,0.792236328125,56.58376957634423,5.426608276618038,0.2766979219612722,0.0002089782042276056
3246,0.79248046875,56.64348878894071,5.443268491079849,0.2768626457486789,0.0002447583313482937
3247,0.7927246093750001,56.70320800153719,5.4599287055416585,0.27702736953608564,0.00028053845846898184
3248,0.79296875,56.762927214133654,5.47658892000346,0.2771920933234924,0.00031631858553282655
3249,0.793212890625,56.82264642673013,5.493249134465269,0.2773568171108991,0.00035209871265351467
3250,0.79345703125,56.88236563932657,5.50990934892707,0.27752154089830583,0.00038787883971735937
3251,0.793701171875,56.94208485192307,5.52656956338888,0.2776862646857694,0.0004236589668380475
3252,0.7939453125000001,57.00180406451955,5.54322977785069,0.27785098847317613,0.0004594390939587356
3253,0.794189453125,57.061523277116,5.559889992312491,0.27801571226058286,0.0004952192210225803
3254,0.79443359375,57.121242489712486,5.5765502067743,0.2781804360479896,0.0005309993481432684
3255,0.794677734375,57.18096170230893,5.593210421236101,0.2783451598353963,0.0005667794752071131
3256,0.794921875,57.24068091490542,5.609870635697911,0.2785098836228599,0.0006025596023278013
3257,0.7951660156250001,57.3004001275019,5.626530850159721,0.2786746074102666,0.0006383397294484894
3258,0.79541015625,57.36011934009836,5.643191064621522,0.27883933119767335,0.0006741198565123341
3259,0.795654296875,57.419838552694834,5.659851279083331,0.2790040549850801,0.0007098999836330222
3260,0.7958984375,57.47955776529128,5.676511493545132,0.2791687787724868,0.0007456801107537103
3261,0.796142578125,57.53927697788777,5.693171708006942,0.27933350255989353,0.000781460237817555
3262,0.7963867187500001,57.59899619048426,5.709831922468752,0.2794982263473571,0.0008172403649382431
3263,0.796630859375,57.6587154030807,5.7264921369305535,0.27966295013476383,0.0008530204920020878
3264,0.796875,57.7184346156772,5.743152351392361,0.27982767392217056,0.000888800619122776
3265,0.797119140625,57.77429228660879,5.754992080020793,0.2799846113093736,0.0009328930662491075
3266,0.79736328125,57.83014995754044,5.766831808649232,0.2801415486965766,0.000976985513375439
3267,0.7976074218750001,57.88600762847208,5.778671537277672,0.28029848608372276,0.0010210779605017706
3268,0.7978515625,57.941865299403695,5.790511265906105,0.2804554234709258,0.0010651704076281021
3269,0.798095703125,57.99772297033534,5.802350994534543,0.2806123608581288,0.0011092628547544336
3270,0.79833984375,58.05358064126694,5.814190723162977,0.2807692982453318,0.0011533553018807652
3271,0.798583984375,58.109438312198584,5.826030451791415,0.280926235632478,0.0011974477490070967
3272,0.7988281250000001,58.16529598313022,5.837870180419855,0.281083173019681,0.0012415401961334283
3273,0.799072265625,58.22115365406184,5.849709909048288,0.281240110406884,0.0012856326432597598
3274,0.79931640625,58.27701132499348,5.861549637676727,0.28139704779408703,0.0013297250903860913
3275,0.799560546875,58.33286899592508,5.873389366305159,0.28155398518129005,0.0013738175375692663
3276,0.7998046875,58.38872666685673,5.885229094933599,0.2817109225684362,0.0014179099846955978
3277,0.8000488281250001,58.44458433778836,5.897068823562039,0.28186785995563923,0.0014620024318219293
3278,0.80029296875,58.50044200871998,5.908908552190471,0.28202479734284225,0.0015060948789482609
3279,0.800537109375,58.55629967965163,5.92074828081891,0.28218173473004526,0.0015501873260745924
3280,0.80078125,58.612157350583225,5.932588009447343,0.28233867211719144,0.001594279773200924
3281,0.801025390625,58.66801502151488,5.944427738075783,0.28249560950439445,0.0016383722203272555
3282,0.8012695312500001,58.72387269244652,5.9562674667042215,0.28265254689159747,0.001682464667453587
3283,0.801513671875,58.77973036337813,5.968107195332655,0.2828094842788005,0.0017265571145799186
3284,0.8017578125,58.835588034309765,5.979946923961093,0.28296642166594665,0.00177064956170625
3285,0.802001953125,58.89144570524138,5.991786652589526,0.28312335905314967,0.0018147420088325816
3286,0.80224609375,58.947303376173025,6.003626381217964,0.2832802964403527,0.0018588344559589132
3287,0.8024902343750001,59.00316104710466,6.015466109846405,0.2834372338275557,0.0019029269030852447
3288,0.802734375,59.05901871803627,6.027305838474837,0.2835941712147587,0.0019470193502115762
3289,0.802978515625,59.11487638896791,6.039145567103276,0.2837511086019049,0.0019911117973379078
3290,0.80322265625,59.16891842815387,6.048279557657038,0.28390500202931435,0.0020387226538218783
3291,0.803466796875,59.220237019721395,6.053354941098793,0.2840543295170619,0.0020916111243423074
3292,0.8037109375000001,59.271555611288896,6.058430324540548,0.2842036570047526,0.0021444995948627366
3293,0.803955078125,59.32287420285638,6.0635057079823005,0.2843529844925001,0.0021973880653831657
3294,0.80419921875,59.3741927944239,6.068581091424055,0.2845023119801908,0.002250276535960438
3295,0.804443359375,59.42551138599138,6.073656474865807,0.28465163946793837,0.0023031650064808673
3296,0.8046875,59.4768299775589,6.078731858307562,0.28480096695562906,0.0023560534770012964
3297,0.8049316406250001,59.52814856912641,6.083807241749317,0.2849502944433766,0.0024089419475217255
3298,0.80517578125,59.57946716069389,6.088882625191069,0.28509962193112415,0.0024618304180421546
3299,0.805419921875,59.63078575226141,6.093958008632823,0.28524894941881485,0.0025147188885625837
3300,0.8056640625,59.68210434382889,6.099033392074576,0.2853982769065624,0.002567607359083013
3301,0.805908203125,59.7334229353964,6.10410877551633,0.2855476043942531,0.002620495829603442
3302,0.8061523437500001,59.78474152696391,6.109184158958086,0.2856969318820006,0.002673384300123871
3303,0.806396484375,59.83606011853139,6.114259542399837,0.2858462593696913,0.0027262727706443
3304,0.806640625,59.887378710098915,6.119334925841592,0.28599558685743887,0.0027791612411647293
3305,0.806884765625,59.9386973016664,6.124410309283344,0.28614491434512956,0.002832049711742002
3306,0.80712890625,59.99001589323391,6.1294856927250985,0.2862942418328771,0.002884938182262431
3307,0.8073730468750001,60.041334484801425,6.134561076166854,0.28644356932062465,0.00293782665278286
3308,0.8076171875,60.092653076368904,6.139636459608606,0.28659289680831534,0.002990715123303289
3309,0.807861328125,60.14397166793641,6.144711843050361,0.2867422242960629,0.0030436035938237183
3310,0.80810546875,60.195290259503906,6.149787226492113,0.2868915517837536,0.0030964920643441474
3311,0.808349609375,60.24660885107141,6.154862609933867,0.2870408792715011,0.0031493805348645765
3312,0.8085937500000001,60.29792744263893,6.159937993375623,0.2871902067591918,0.0032022690053850056
3313,0.808837890625,60.349246034206416,6.165013376817374,0.28733953424693937,0.0032551574759054347
3314,0.80908203125,60.400564625773924,6.17008876025913,0.28748886173463006,0.003308045946425864
3315,0.809326171875,60.451883217341404,6.175164143700881,0.2876381892223776,0.003360934416946293
3316,0.8095703125,60.49901181038038,6.172992875786429,0.2877816019327497,0.0034210771904668036
3317,0.8098144531250001,60.545092903787214,6.169009945032924,0.2879235359487211,0.0034830335397373346
3318,0.81005859375,60.591173997194005,6.16502701427942,0.28806546996474935,0.0035449898890078657
3319,0.810302734375,60.63725509060084,6.161044083525914,0.2882074039807776,0.0036069462382783968
3320,0.810546875,60.68333618400765,6.1570611527724095,0.288349337996749,0.0036689025874920844
3321,0.810791015625,60.72941727741448,6.153078222018903,0.28849127201277724,0.0037308589367626155
3322,0.8110351562500001,60.77549837082131,6.149095291265396,0.2886332060288055,0.0037928152860331465
3323,0.811279296875,60.82157946422812,6.145112360511892,0.2887751400447769,0.0038547716353036776
3324,0.8115234375,60.86766055763495,6.141129429758386,0.28891707406080513,0.003916727984574209
3325,0.811767578125,60.91374165104175,6.137146499004882,0.2890590080768334,0.00397868433384474
3326,0.81201171875,60.95982274444858,6.133163568251375,0.2892009420928048,0.004040640683058427
3327,0.8122558593750001,61.005903837855406,6.1291806374978695,0.289342876108833,0.0041025970323289584
3328,0.8125,61.05198493126222,6.125197706744364,0.2894848101248044,0.0041645533815994895
3329,0.812744140625,61.09806602466905,6.121214775990858,0.28962674414083267,0.004226509730870021
3330,0.81298828125,61.14414711807585,6.117231845237354,0.2897686781568609,0.004288466080140552
3331,0.813232421875,61.19022821148268,6.113248914483847,0.2899106121728323,0.004350422429354239
3332,0.8134765625000001,61.2363093048895,6.109265983730341,0.29005254618886056,0.00441237877862477
3333,0.813720703125,61.282390398296315,6.105283052976838,0.2901944802048888,0.004474335127895301
3334,0.81396484375,61.32847149170315,6.101300122223331,0.2903364142208602,0.0045362914771658325
3335,0.814208984375,61.374552585109946,6.097317191469827,0.29047834823688845,0.0045982478264363635
3336,0.814453125,61.42063367851678,6.09333426071632,0.2906202822529167,0.004660204175650051
3337,0.8146972656250001,61.46671477192361,6.089351329962814,0.2907622162688881,0.004722160524920582
3338,0.81494140625,61.51279586533042,6.08536839920931,0.29090415028491634,0.004784116874191113
3339,0.815185546875,61.558876958737244,6.081385468455803,0.2910460843009446,0.004846073223461644
3340,0.8154296875,61.60495805214404,6.077402537702299,0.291188018316916,0.0049080295727321754
3341,0.815673828125,61.64984999026755,6.071073318680095,0.2913285216763484,0.004971795914173072
3342,0.8159179687500001,61.68998530725765,6.055358946583083,0.2914633024094542,0.005042802224352272
3343,0.816162109375,61.730120624247746,6.039644574486079,0.29159808314250313,0.005113808534531472
3344,0.81640625,61.770255941237856,6.023930202389066,0.2917328638756089,0.005184814844710672
3345,0.816650390625,61.81039125822795,6.008215830292064,0.2918676446087147,0.0052558211548898726
3346,0.81689453125,61.850526575218055,5.9925014581950515,0.2920024253417637,0.005326827465069073
3347,0.8171386718750001,61.890661892208165,5.9767870860980405,0.2921372060748695,0.005397833775248273
3348,0.8173828125,61.93079720919826,5.961072714001037,0.29227198680791844,0.005468840085427473
3349,0.817626953125,61.97093252618837,5.945358341904025,0.29240676754102424,0.0055398463956066735
3350,0.81787109375,62.011067843178466,5.929643969807022,0.2925415482740732,0.005610852705785874
3351,0.818115234375,62.05120316016857,5.91392959771001,0.292676329007179,0.005681859015965074
3352,0.8183593750000001,62.09133847715869,5.898215225612997,0.2928111097402848,0.005752865326144274
3353,0.818603515625,62.13147379414879,5.882500853515995,0.29294589047333375,0.005823871636323474
3354,0.81884765625,62.1716091111389,5.866786481418982,0.29308067120643955,0.005894877946502675
3355,0.819091796875,62.211744428128995,5.851072109321979,0.2932154519394885,0.005965884256681875
3356,0.8193359375,62.251879745119105,5.8353577372249665,0.2933502326725943,0.006036890566861075
3357,0.8195800781250001,62.29201506210921,5.8196433651279555,0.29348501340564326,0.006107896877040275
3358,0.81982421875,62.3321503790993,5.8039289930309526,0.29361979413874906,0.0061789031872194755
3359,0.820068359375,62.37228569608941,5.788214620933941,0.293754574871798,0.006249909497398676
3360,0.8203125,62.41242101307951,5.772500248836937,0.2938893556049038,0.006320915807577876
3361,0.820556640625,62.45255633006961,5.756785876739925,0.2940241363380096,0.006391922117757076
3362,0.8208007812500001,62.49269164705974,5.741071504642912,0.29415891707105857,0.006462928427936276
3363,0.821044921875,62.532826964049825,5.725357132545909,0.29429369780416437,0.006533934738115477
3364,0.8212890625,62.57296228103994,5.709642760448897,0.2944284785372133,0.006604941048294677
3365,0.821533203125,62.61309759803003,5.693928388351893,0.2945632592703191,0.006675947358473877
3366,0.82177734375,62.65323291502015,5.678214016254882,0.2946980400033681,0.006746953668653077
3367,0.8220214843750001,62.68937762826127,5.653613895599059,0.29482867788345857,0.006823149822196228
3368,0.822265625,62.72286193900304,5.623089942570723,0.2949565538615957,0.006902805871277451
3369,0.822509765625,62.75634624974483,5.59256598954237,0.295084429839676,0.0069824619203586735
3370,0.82275390625,62.7898305604866,5.5620420365140335,0.29521230581775626,0.007062117969439896
3371,0.822998046875,62.8233148712284,5.531518083485681,0.29534018179583654,0.007141774018464275
3372,0.8232421875000001,62.85679918197019,5.500994130457328,0.2954680577739168,0.007221430067545498
3373,0.823486328125,62.89028349271196,5.470470177428991,0.29559593375205395,0.0073010861166267205
3374,0.82373046875,62.92376780345376,5.4399462244006385,0.29572380973013423,0.007380742165707943
3375,0.823974609375,62.957252114195526,5.409422271372302,0.2958516857082145,0.007460398214789166
3376,0.82421875,62.99073642493733,5.378898318343949,0.2959795616862948,0.007540054263870388
3377,0.8244628906250001,63.024220735679116,5.348374365315595,0.2961074376644319,0.007619710312951611
3378,0.82470703125,63.057705046420885,5.317850412287259,0.2962353136425122,0.007699366362032833
3379,0.824951171875,63.09118935716269,5.287326459258906,0.2963631896205925,0.007779022411114056
3380,0.8251953125,63.12467366790446,5.256802506230571,0.2964910655986728,0.007858678460138435
3381,0.825439453125,63.158157978646244,5.226278553202216,0.2966189415768099,0.007938334509219658
3382,0.8256835937500001,63.19164228938804,5.1957546001738635,0.2967468175548902,0.00801799055830088
3383,0.825927734375,63.22512660012981,5.165230647145527,0.29687469353297047,0.008097646607382103
3384,0.826171875,63.25861091087162,5.134706694117174,0.29700256951105075,0.008177302656463326
3385,0.826416015625,63.29209522161339,5.104182741088839,0.29713044548913103,0.008256958705544548
3386,0.82666015625,63.32557953235517,5.073658788060484,0.29725832146726816,0.00833661475462577
3387,0.8269042968750001,63.359063843096976,5.043134835032132,0.29738619744534844,0.008416270803706993
3388,0.8271484375,63.392548153838746,5.012610882003796,0.2975140734234287,0.008495926852731372
3389,0.827392578125,63.42603246458053,4.982086928975442,0.297641949401509,0.008575582901812595
3390,0.82763671875,63.45951677532231,4.951562975947108,0.29776982537964614,0.008655238950893818
3391,0.827880859375,63.493001086064105,4.9210390229187535,0.2978977013577264,0.00873489499997504
3392,0.8281250000000001,63.52648539680589,4.89051506989039,0.2980255773358067,0.008814551049056263
3393,0.828369140625,63.552631025035154,4.841677875205216,0.2981467917085183,0.008901965759150698
3394,0.82861328125,63.57877665326444,4.7928406805200146,0.2982680060812868,0.008989380469245134
3395,0.828857421875,63.60492228149371,4.74400348583484,0.2983892204539984,0.00907679517933957
3396,0.8291015625,63.63106790972299,4.695166291149637,0.29851043482676687,0.009164209889434005
3397,0.8293457031250001,63.65721353795228,4.646329096464436,0.2986316491994785,0.00925162459952844
3398,0.82958984375,63.683359166181546,4.597491901779262,0.29875286357224695,0.00933903930967972
3399,0.829833984375,63.70950479441082,4.548654707094058,0.29887407794495857,0.009426454019774155
3400,0.830078125,63.735650422640084,4.499817512408884,0.29899529231772703,0.009513868729868591
3401,0.830322265625,63.76179605086937,4.450980317723682,0.29911650669043865,0.009601283439963026
3402,0.8305664062500001,63.78794167909865,4.40214312303848,0.2992377210632071,0.009688698150057462
3403,0.830810546875,63.81408730732792,4.353305928353307,0.29935893543591874,0.009776112860151898
3404,0.8310546875,63.8402329355572,4.304468733668104,0.2994801498086872,0.009863527570246333
3405,0.831298828125,63.86637856378646,4.25563153898293,0.2996013641813988,0.009950942280340769
3406,0.83154296875,63.89252419201574,4.206794344297728,0.2997225785541673,0.010038356990435204
3407,0.8317871093750001,63.918669820245036,4.157957149612526,0.2998437929268789,0.01012577170052964
3408,0.83203125,63.9448154484743,4.109119954927351,0.29996500729964737,0.010213186410624076
3409,0.832275390625,63.97096107670358,4.06028276024215,0.300086221672359,0.010300601120718511
3410,0.83251953125,63.997106704932854,4.011445565556976,0.30020743604512745,0.01038801583086979
3411,0.832763671875,64.02325233316213,3.962608370871773,0.30032865041783907,0.010475430540964226
3412,0.8330078125000001,64.0493979613914,3.9137711761865708,0.30044986479060753,0.010562845251058661
3413,0.833251953125,64.07554358962068,3.864933981501397,0.30057107916331915,0.010650259961153097
3414,0.83349609375,64.10168921784995,3.816096786816195,0.3006922935360876,0.010737674671247532
3415,0.833740234375,64.12783484607922,3.76725959213102,0.30081350790879924,0.010825089381341968
3416,0.833984375,64.1539804743085,3.7184223974458184,0.3009347222815677,0.010912504091436404
3417,0.8342285156250001,64.1801261025378,3.6695852027606164,0.3010559366542793,0.010999918801530839
3418,0.83447265625,64.20307448187323,3.6118462335335546,0.3011745769924232,0.011089833933453974
3419,0.834716796875,64.22122698786796,3.5407546024936085,0.30128935627868714,0.011183499698120158
3420,0.8349609375,64.23937949386269,3.4696629714537024,0.3014041355650079,0.011277165462786343
3421,0.835205078125,64.25753199985742,3.3985713404137567,0.3015189148512718,0.011370831227452527
3422,0.8354492187500001,64.27568450585214,3.32747970937381,0.3016336941375357,0.011464496992061868
3423,0.835693359375,64.29383701184688,3.256388078333905,0.3017484734237996,0.011558162756728052
3424,0.8359375,64.3119895178416,3.185296447293959,0.30186325271006353,0.011651828521394236
3425,0.836181640625,64.33014202383632,3.1142048162540528,0.3019780319963843,0.01174549428606042
3426,0.83642578125,64.34829452983105,3.0431131852141067,0.3020928112826482,0.011839160050726605
3427,0.8366699218750001,64.36644703582579,2.972021554174161,0.3022075905689121,0.011932825815335946
3428,0.8369140625,64.38459954182049,2.900929923134255,0.302322369855176,0.01202649158000213
3429,0.837158203125,64.40275204781524,2.829838292094309,0.3024371491414968,0.012120157344668314
3430,0.83740234375,64.42090455380995,2.7587466610544036,0.3025519284277607,0.012213823109334498
3431,0.837646484375,64.4390570598047,2.687655030014457,0.3026667077140246,0.012307488874000683
3432,0.8378906250000001,64.45720956579942,2.616563398974511,0.3027814870002885,0.012401154638610024
3433,0.838134765625,64.47536207179414,2.5454717679346053,0.3028962662865524,0.012494820403276208
3434,0.83837890625,64.49351457778887,2.4743801368946587,0.30301104557287317,0.012588486167942392
3435,0.838623046875,64.51166708378359,2.4032885058547535,0.3031258248591371,0.012682151932608576
3436,0.8388671875,64.52981958977831,2.3321968748148074,0.303240604145401,0.01277581769727476
3437,0.8391113281250001,64.54797209577305,2.261105243774861,0.3033553834316649,0.012869483461940945
3438,0.83935546875,64.56612460176777,2.190013612734955,0.3034701627179288,0.012963149226550286
3439,0.839599609375,64.5842771077625,2.118921981695009,0.30358494200424957,0.01305681499121647
3440,0.83984375,64.60242961375722,2.0478303506551034,0.3036997212905135,0.013150480755882654
3441,0.840087890625,64.62058211975194,1.9767387196151578,0.3038145005767774,0.013244146520548838
3442,0.8403320312500001,64.6387346257467,1.9056470885752115,0.3039292798630413,0.013337812285215023
3443,0.840576171875,64.6568871317414,1.8345554575353058,0.3040440591493052,0.013431478049824364
3444,0.8408203125,64.66816123080226,1.74215806964536,0.3041538516563378,0.01352833073747206
3445,0.841064453125,64.67771572812961,1.6444342425429586,0.3042623974685057,0.013625980155836714
3446,0.84130859375,64.68727022545696,1.5467104154405014,0.30437094328073044,0.013723629574201368
3447,0.8415527343750001,64.69682472278431,1.4489865883380446,0.3044794890929552,0.013821278992622865
3448,0.841796875,64.70637922011169,1.3512627612356432,0.3045880349051231,0.013918928410987519
3449,0.842041015625,64.71593371743904,1.253538934133186,0.304696580717291,0.014016577829352173
3450,0.84228515625,64.7254882147664,1.1558151070307845,0.30480512652951575,0.014114227247716826
3451,0.842529296875,64.73504271209377,1.0580912799283273,0.30491367234168365,0.01421187666608148
3452,0.8427734375000001,64.74459720942112,0.9603674528258705,0.3050222181539084,0.014309526084446134
3453,0.843017578125,64.75415170674847,0.862643625723469,0.3051307639660763,0.01440717550286763
3454,0.84326171875,64.76370620407583,0.764919798621012,0.30523930977830105,0.014504824921232284
3455,0.843505859375,64.7732607014032,0.6671959715186105,0.30534785559046895,0.014602474339596938
3456,0.84375,64.78281519873056,0.5694721444161533,0.3054564014026937,0.014700123757961592
3457,0.8439941406250001,64.79236969605792,0.4717483173136964,0.30556494721491845,0.014797773176326245
3458,0.84423828125,64.80192419338528,0.37402449021129497,0.30567349302708635,0.014895422594690899
3459,0.844482421875,64.81147869071263,0.27630066310883794,0.3057820388393111,0.014993072013055553
3460,0.8447265625,64.82103318803999,0.17857683600643653,0.305890584651479,0.01509072143147705
3461,0.844970703125,64.83058768536735,0.08085300890397933,0.30599913046370375,0.015188370849841704
3462,0.8452148437500001,64.84014218269472,-0.016870818198477494,0.30610767627587165,0.015286020268206357
3463,0.845458984375,64.84969668002208,-0.11459464530087889,0.3062162220880964,0.015383669686571011
3464,0.845703125,64.85925117734944,-0.2123184724033361,0.3063247679002643,0.015481319104935665
3465,0.845947265625,64.8688056746768,-0.3100422995057375,0.3064333137124322,0.015578968523300318
3466,0.84619140625,64.87836017200416,-0.40776612660819467,0.30654185952465696,0.015676617941721815
3467,0.8464355468750001,64.88791466933152,-0.5054899537106515,0.3066504053368817,0.01577426736008647
3468,0.8466796875,64.89746916665888,-0.6032137808130529,0.3067589511490496,0.015871916778451123
3469,0.846923828125,64.90519625474563,-0.7072228626703293,0.3068662845963104,0.015969725439674676
3470,0.84716796875,64.90561370587,-0.836372963546755,0.30696876858382893,0.01606817107222014
3471,0.847412109375,64.90603115699436,-0.9655230644232542,0.30707125257140433,0.016166616704822445
3472,0.8476562500000001,64.90644860811871,-1.0946731652997532,0.3071737365589229,0.016265062337367908
3473,0.847900390625,64.90686605924309,-1.223823266176179,0.30727622054644144,0.016363507969970215
3474,0.84814453125,64.90728351036744,-1.3529733670526782,0.30737870453401683,0.016461953602515678
3475,0.848388671875,64.9077009614918,-1.482123467929104,0.3074811885215354,0.016560399235117984
3476,0.8486328125,64.90811841261616,-1.6112735688056028,0.30758367250905394,0.016658844867663447
3477,0.8488769531250001,64.90853586374052,-1.7404236696821018,0.30768615649662934,0.016757290500265754
3478,0.84912109375,64.90895331486487,-1.8695737705585278,0.3077886404841479,0.016855736132811217
3479,0.849365234375,64.90937076598924,-1.998723871435027,0.30789112447166644,0.01695418176535668
3480,0.849609375,64.9097882171136,-2.127873972311453,0.30799360845924184,0.017052627397958986
3481,0.849853515625,64.91020566823796,-2.257024073187952,0.3080960924467604,0.01715107303050445
3482,0.8500976562500001,64.91062311936233,-2.386174174064451,0.30819857643427895,0.017249518663106755
3483,0.850341796875,64.91104057048669,-2.5153242749408764,0.3083010604217975,0.01734796429565222
3484,0.8505859375,64.91145802161104,-2.644474375817376,0.3084035444093729,0.017446409928254525
3485,0.850830078125,64.91187547273542,-2.7736244766938016,0.30850602839689145,0.017544855560799988
3486,0.85107421875,64.91229292385977,-2.9027745775703013,0.30860851238441,0.017643301193402294
3487,0.8513183593750001,64.91271037498413,-3.0319246784468,0.3087109963719854,0.017741746825947757
3488,0.8515625,64.91312782610848,-3.1610747793232252,0.30881348035950396,0.017840192458550064
3489,0.851806640625,64.91354527723286,-3.2902248801997254,0.3089159643470225,0.017938638091095527
3490,0.85205078125,64.9139627283572,-3.4193749810761505,0.3090184483345979,0.018037083723697833
3491,0.852294921875,64.91438017948158,-3.5485250819526497,0.30912093232211646,0.018135529356243296
3492,0.8525390625000001,64.91479763060593,-3.677675182829149,0.309223416309635,0.018233974988845603
3493,0.852783203125,64.9152150817303,-3.806825283705575,0.3093259002972104,0.018332420621391066
3494,0.85302734375,64.91563253285466,-3.935975384582074,0.30942838428472896,0.018430866253993372
3495,0.853271484375,64.91029316119315,-4.0870785801415295,0.30952731507579756,0.01852722019572184
3496,0.853515625,64.90111590767442,-4.252817172156419,0.30962387706915706,0.018622179676867745
3497,0.8537597656250001,64.8919386541557,-4.41855576417131,0.3097204390625734,0.018717139158070495
3498,0.85400390625,64.88276140063697,-4.5842943561861045,0.3098170010559329,0.0188120986392164
3499,0.854248046875,64.87358414711824,-4.750032948200994,0.30991356304934925,0.01890705812041915
3500,0.8544921875,64.86440689359951,-4.91577154021579,0.31001012504270875,0.019002017601565058
3501,0.854736328125,64.85522964008078,-5.0815101322306795,0.3101066870361251,0.019096977082767808
3502,0.8549804687500001,64.84605238656205,-5.247248724245569,0.3102032490294846,0.019191936563913714
3503,0.855224609375,64.83687513304332,-5.412987316260364,0.31029981102290094,0.019286896045116464
3504,0.85546875,64.82769787952459,-5.5787259082752545,0.31039637301626044,0.01938185552626237
3505,0.855712890625,64.81852062600586,-5.744464500290049,0.3104929350096768,0.01947681500746512
3506,0.85595703125,64.80934337248713,-5.91020309230494,0.3105894970030363,0.019571774488611027
3507,0.8562011718750001,64.80016611896839,-6.075941684319829,0.31068605899645263,0.019666733969813777
3508,0.8564453125,64.79098886544968,-6.241680276334625,0.31078262098981213,0.019761693450959683
3509,0.856689453125,64.78181161193095,-6.407418868349515,0.3108791829832285,0.019856652932162433
3510,0.85693359375,64.77263435841222,-6.57315746036431,0.310975744976588,0.01995161241330834
3511,0.857177734375,64.76345710489348,-6.7388960523792,0.3110723069700043,0.02004657189451109
3512,0.8574218750000001,64.75427985137476,-6.90463464439409,0.3111688689633638,0.020141531375656996
3513,0.857666015625,64.74510259785603,-7.0703732364088845,0.31126543095678016,0.020236490856859746
3514,0.85791015625,64.73592534433729,-7.236111828423775,0.31136199295013967,0.020331450338005652
3515,0.858154296875,64.72674809081856,-7.40185042043857,0.311458554943556,0.020426409819208402
3516,0.8583984375,64.71757083729983,-7.56758901245346,0.3115551169369155,0.02052136930035431
3517,0.8586425781250001,64.7083935837811,-7.733327604468349,0.31165167893033185,0.02061632878155706
3518,0.85888671875,64.69921633026237,-7.899066196483145,0.31174824092369136,0.020711288262702965
3519,0.859130859375,64.69003907674364,-8.064804788498034,0.3118448029171077,0.020806247743905715
3520,0.859375,64.68086182322492,-8.230543380512831,0.3119413649104672,0.02090120722505162
3521,0.859619140625,64.66172754652747,-8.438313123413463,0.31203211401827957,0.020987118622656453
3522,0.8598632812500001,64.64259326983,-8.646082866314098,0.31212286312609194,0.02107303002031813
3523,0.860107421875,64.62345899313257,-8.853852609214615,0.3122136122339043,0.02115894141792296
3524,0.8603515625,64.60432471643512,-9.061622352115247,0.31230436134165984,0.021244852815527793
3525,0.860595703125,64.58519043973767,-9.269392095015766,0.3123951104494722,0.021330764213132625
3526,0.86083984375,64.56605616304022,-9.477161837916398,0.3124858595572846,0.0214166756107943
3527,0.8610839843750001,64.54692188634277,-9.68493158081703,0.31257660866509696,0.021502587008399132
3528,0.861328125,64.52778760964534,-9.892701323717546,0.3126673577729093,0.021588498406003964
3529,0.861572265625,64.50865333294787,-10.100471066618182,0.3127581068807217,0.021674409803608796
3530,0.86181640625,64.48951905625044,-10.308240809518697,0.31284885598853407,0.02176032120127047
3531,0.862060546875,64.47038477955299,-10.516010552419331,0.3129396050962896,0.021846232598875304
3532,0.8623046875000001,64.45125050285553,-10.723780295319965,0.31303035420410197,0.021932143996480136
3533,0.862548828125,64.43211622615809,-10.931550038220482,0.31312110331191434,0.02201805539414181
3534,0.86279296875,64.41298194946064,-11.139319781121115,0.3132118524197267,0.022103966791746643
3535,0.863037109375,64.39384767276319,-11.34708952402163,0.3133026015275391,0.022189878189351475
3536,0.86328125,64.37471339606574,-11.554859266922266,0.31339335063535145,0.022275789586956307
3537,0.8635253906250001,64.35557911936829,-11.7626290098229,0.313484099743107,0.022361700984617983
3538,0.86376953125,64.33644484267084,-11.970398752723414,0.31357484885091935,0.022447612382222815
3539,0.864013671875,64.3173105659734,-12.17816849562405,0.3136655979587317,0.022533523779827647
3540,0.8642578125,64.29817628927596,-12.385938238524565,0.3137563470665441,0.02261943517743248
3541,0.864501953125,64.27904201257851,-12.593707981425199,0.31384709617435647,0.022705346575094154
3542,0.8647460937500001,64.25990773588104,-12.801477724325835,0.31393784528216884,0.022791257972698986
3543,0.864990234375,64.24077345918361,-13.009247467226349,0.3140285943899812,0.022877169370303818
3544,0.865234375,64.22163918248616,-13.217017210126983,0.31411934349773674,0.022963080767965494
3545,0.865478515625,64.20250490578871,-13.424786953027498,0.3142100926055491,0.023048992165570326
3546,0.86572265625,64.17928565428464,-13.651601483547347,0.3142985493629453,0.023128473364351976
3547,0.8659667968750001,64.14993894057062,-13.906983195496077,0.31438356759463204,0.023198309264955697
3548,0.8662109375,64.12059222685664,-14.162364907444656,0.31446858582631876,0.023268145165502574
3549,0.866455078125,64.09124551314262,-14.417746619393386,0.3145536040580623,0.023337981066106295
3550,0.86669921875,64.06189879942862,-14.673128331341964,0.31463862228974904,0.023407816966653172
3551,0.866943359375,64.0325520857146,-14.928510043290693,0.31472364052143575,0.023477652867256893
3552,0.8671875000000001,64.0032053720006,-15.18389175523942,0.3148086587531793,0.02354748876780377
3553,0.867431640625,63.97385865828659,-15.439273467188002,0.31489367698486603,0.02361732466840749
3554,0.86767578125,63.94451194457258,-15.69465517913673,0.31497869521655275,0.02368716056895437
3555,0.867919921875,63.91516523085858,-15.950036891085313,0.3150637134482963,0.02375699646955809
3556,0.8681640625,63.885818517144564,-16.20541860303404,0.31514873167998303,0.023826832370104967
3557,0.8684082031250001,63.85647180343056,-16.460800314982766,0.31523374991166975,0.023896668270708687
3558,0.86865234375,63.82712508971656,-16.71618202693135,0.3153187681434133,0.023966504171255565
3559,0.868896484375,63.79777837600254,-16.97156373888007,0.3154037863751,0.024036340071859286
3560,0.869140625,63.76843166228854,-17.226945450828655,0.31548880460678674,0.024106175972406163
3561,0.869384765625,63.73908494857453,-17.482327162777384,0.3155738228385303,0.024176011873009884
3562,0.8696289062500001,63.709738234860524,-17.73770887472611,0.315658841070217,0.02424584777355676
3563,0.869873046875,63.68039152114652,-17.993090586674693,0.31574385930190374,0.024315683674160482
3564,0.8701171875,63.651044807432505,-18.24847229862342,0.3158288775336473,0.02438551957470736
3565,0.870361328125,63.62169809371851,-18.503854010572002,0.315913895765334,0.02445535547531108
3566,0.87060546875,63.5923513800045,-18.75923572252073,0.31599891399702074,0.024525191375857958
3567,0.8708496093750001,63.56300466629048,-19.014617434469457,0.3160839322287643,0.02459502727646168
3568,0.87109375,63.53365795257648,-19.269999146418037,0.316168950460451,0.024664863177008556
3569,0.871337890625,63.50431123886247,-19.525380858366766,0.31625396869213773,0.024734699077612277
3570,0.87158203125,63.474964525148465,-19.780762570315346,0.3163389869238813,0.024804534978159154
3571,0.871826171875,63.44561781143446,-20.036144282264075,0.316424005155568,0.024874370878762875
3572,0.8720703125000001,63.4079890322544,-20.33401816073504,0.31650448709677903,0.024924412926111472
3573,0.872314453125,63.368289736707844,-20.642515080836375,0.3165838349653427,0.0249695065101605
3574,0.87255859375,63.328590441161275,-20.951012000937883,0.3166631828339064,0.025014600094209527
3575,0.872802734375,63.28889114561473,-21.25950892103922,0.31674253070247005,0.025059693678258554
3576,0.873046875,63.24919185006815,-21.568005841140728,0.3168218785710337,0.025104787262307582
3577,0.8732910156250001,63.20949255452159,-21.87650276124224,0.3169012264395974,0.02514988084635661
3578,0.87353515625,63.16979325897504,-22.184999681343573,0.31698057430816107,0.02519497443046248
3579,0.873779296875,63.130093963428465,-22.49349660144508,0.31705992217672474,0.025240068014511507
3580,0.8740234375,63.09039466788192,-22.801993521546414,0.3171392700452884,0.025285161598560535
3581,0.874267578125,63.050695372335355,-23.11049044164793,0.3172186179138521,0.025330255182609562
3582,0.8745117187500001,63.01099607678878,-23.418987361749437,0.31729796578241576,0.02537534876665859
3583,0.874755859375,62.97129678124223,-23.727484281850767,0.31737731365097943,0.025420442350707617
3584,0.875,62.93159748569566,-24.03598120195228,0.31745666151959995,0.025465535934756645
3585,0.875244140625,62.89189819014912,-24.344478122053612,0.3175360093881636,0.025510629518805672
3586,0.87548828125,62.852198894602544,-24.65297504215512,0.3176153572567273,0.0255557231028547
3587,0.8757324218750001,62.812499599055975,-24.961471962256628,0.31769470512529097,0.025600816686903727
3588,0.8759765625,62.77280030350943,-25.26996888235797,0.31777405299385464,0.025645910270952754
3589,0.876220703125,62.73310100796285,-25.578465802459476,0.3178534008624183,0.02569100385500178
3590,0.87646484375,62.69340171241631,-25.88696272256081,0.317932748730982,0.02573609743905081
3591,0.876708984375,62.65370241686974,-26.19545964266232,0.31801209659954566,0.02578119102315668
3592,0.8769531250000001,62.614003121323165,-26.50395656276383,0.31809144446810933,0.025826284607205707
3593,0.877197265625,62.57430382577662,-26.81245348286516,0.318170792336673,0.025871378191254735
3594,0.87744140625,62.53460453023005,-27.120950402966674,0.3182501402052367,0.025916471775303762
3595,0.877685546875,62.4949052346835,-27.429447323068004,0.31832948807380035,0.02596156535935279
3596,0.8779296875,62.45520593913693,-27.737944243169512,0.318408835942364,0.026006658943401817
3597,0.8781738281250001,62.41343204078702,-28.058086974844876,0.3184870589373645,0.02604471429174282
3598,0.87841796875,62.36335973122385,-28.424812952815333,0.3185607824381691,0.026054616697308575
3599,0.878662109375,62.31328742166065,-28.791538930786,0.3186345059389737,0.026064519102817485
3600,0.87890625,62.26321511209747,-29.158264908756454,0.3187082294397783,0.02607442150838324
3601,0.879150390625,62.21314280253426,-29.52499088672712,0.31878195294058287,0.02608432391389215
3602,0.8793945312500001,62.16307049297106,-29.891716864697777,0.31885567644138746,0.026094226319457903
3603,0.879638671875,62.11299818340788,-30.25844284266824,0.31892939994219205,0.026104128725023656
3604,0.8798828125,62.06292587384467,-30.6251688206389,0.31900312344299664,0.026114031130532567
3605,0.880126953125,62.0128535642815,-30.99189479860936,0.31907684694380123,0.02612393353609832
3606,0.88037109375,61.96278125471829,-31.358620776580025,0.3191505704446058,0.02613383594160723
3607,0.8806152343750001,61.91270894515509,-31.72534675455069,0.3192242939454104,0.026143738347172985
3608,0.880859375,61.8626366355919,-32.092072732521146,0.31929801744615816,0.026153640752738738
3609,0.881103515625,61.8125643260287,-32.45879871049181,0.31937174094696275,0.02616354315824765
3610,0.88134765625,61.76249201646552,-32.82552468846227,0.31944546444776734,0.026173445563813402
3611,0.881591796875,61.71241970690231,-33.19225066643293,0.3195191879485719,0.026183347969322313
3612,0.8818359375000001,61.66234739733911,-33.5589766444036,0.3195929114493765,0.026193250374888066
3613,0.882080078125,61.61227508777593,-33.925702622374054,0.3196666349501811,0.026203152780396977
3614,0.88232421875,61.56220277821273,-34.29242860034472,0.3197403584509857,0.02621305518596273
3615,0.882568359375,61.512130468649545,-34.659154578315174,0.3198140819517903,0.026222957591528484
3616,0.8828125,61.46205815908634,-35.02588055628584,0.3198878054525949,0.026232859997037394
3617,0.8830566406250001,61.411985849523134,-35.3926065342565,0.31996152895339947,0.026242762402603148
3618,0.88330078125,61.36191353995996,-35.75933251222697,0.32003525245420406,0.02625266480811206
3619,0.883544921875,61.31184123039675,-36.12605849019762,0.3201089759549518,0.026262567213677812
3620,0.8837890625,61.261768920833575,-36.492784468168075,0.3201826994557564,0.026272469619243566
3621,0.884033203125,61.211696611270376,-36.85951044613875,0.320256422956561,0.026282372024752476
3622,0.8842773437500001,61.161624301707164,-37.22623642410941,0.32033014645736557,0.02629227443031823
3623,0.884521484375,61.105387695865865,-37.63047442505905,0.3204005188758856,0.026273672624938627
3624,0.884765625,61.045041559172454,-38.059720441328366,0.3204686572395872,0.026236068012394753
3625,0.885009765625,60.984695422479085,-38.488966457597435,0.3205367956032319,0.026198463399794036
3626,0.88525390625,60.92434928578568,-38.918212473866745,0.32060493396693346,0.02616085878719332
3627,0.8854980468750001,60.86400314909228,-39.34745849013606,0.320673072330635,0.026123254174592603
3628,0.8857421875,60.803657012398894,-39.77670450640513,0.32074121069427974,0.026085649561991886
3629,0.885986328125,60.74331087570548,-40.20595052267444,0.3208093490579813,0.02604804494939117
3630,0.88623046875,60.682964739012114,-40.63519653894351,0.32087748742162603,0.026010440336790452
3631,0.886474609375,60.62261860231871,-41.06444255521283,0.3209456257853276,0.025972835724189736
3632,0.8867187500000001,60.562272465625306,-41.49368857148213,0.3210137641489723,0.02593523111158902
3633,0.886962890625,60.50192632893192,-41.92293458775121,0.3210819025126739,0.025897626498988302
3634,0.88720703125,60.44158019223851,-42.35218060402052,0.3211500408763186,0.02586002188644443
3635,0.887451171875,60.38123405554514,-42.781426620289594,0.32121817924002016,0.025822417273843712
3636,0.8876953125,60.32088791885174,-43.210672636558904,0.3212863176036649,0.025784812661242995
3637,0.8879394531250001,60.26054178215832,-43.639918652828214,0.32135445596736645,0.02574720804864228
3638,0.88818359375,60.20019564546495,-44.06916466909728,0.321422594331068,0.02570960343604156
3639,0.888427734375,60.13984950877154,-44.4984106853666,0.32149073269471273,0.025671998823440845
3640,0.888671875,60.07950337207818,-44.92765670163567,0.3215588710584143,0.025634394210840128
3641,0.888916015625,60.019157235384775,-45.35690271790498,0.321627009422059,0.02559678959823941
3642,0.8891601562500001,59.95881109869135,-45.7861487341743,0.3216951477857606,0.025559184985638694
3643,0.889404296875,59.89846496199799,-46.215394750443366,0.3217632861494053,0.025521580373037978
3644,0.8896484375,59.83811882530457,-46.644640766712676,0.32183142451310687,0.025483975760494104
3645,0.889892578125,59.77777268861121,-47.073886782981745,0.3218995628767516,0.025446371147893387
3646,0.89013671875,59.71742655191779,-47.50313279925106,0.32196770124045315,0.02540876653529267
3647,0.8903808593750001,59.657080415224385,-47.93237881552038,0.3220358396040979,0.025371161922691954
3648,0.890625,59.59673427853102,-48.36162483178945,0.32210397796779944,0.025333557310091237
3649,0.890869140625,59.526328078934114,-48.85627716721205,0.3221665716338862,0.025234269699296874
3650,0.89111328125,59.45592187933725,-49.35092950263435,0.3222291652999161,0.02513498208850251
3651,0.891357421875,59.38551567974035,-49.845581838056944,0.3222917589660028,0.025035694477651305
3652,0.8916015625000001,59.315109480143455,-50.34023417347954,0.3223543526320327,0.02493640686685694
3653,0.891845703125,59.24470328054659,-50.83488650890185,0.32241694629811946,0.02483711925606258
3654,0.89208984375,59.17429708094969,-51.329538844324446,0.3224795399642062,0.024737831645268216
3655,0.892333984375,59.10389088135283,-51.82419117974676,0.3225421336302361,0.024638544034473853
3656,0.892578125,59.03348468175593,-52.318843515169355,0.32260472729632284,0.02453925642367949
3657,0.8928222656250001,58.963078482159034,-52.81349585059195,0.32266732096235273,0.024439968812828283
3658,0.89306640625,58.89267228256217,-53.308148186014265,0.3227299146284395,0.02434068120203392
3659,0.893310546875,58.822266082965264,-53.80280052143686,0.3227925082945262,0.024241393591239557
3660,0.8935546875,58.75185988336842,-54.297452856859174,0.3228551019605561,0.024142105980445194
3661,0.893798828125,58.68145368377151,-54.79210519228175,0.32291769562664285,0.02404281836965083
3662,0.8940429687500001,58.611047484174605,-55.28675752770435,0.32298028929267275,0.02394353075885647
3663,0.894287109375,58.54064128457776,-55.781409863126655,0.3230428829587595,0.023844243148005262
3664,0.89453125,58.47023508498086,-56.276062198549255,0.32310547662484623,0.0237449555372109
3665,0.894775390625,58.399828885384,-56.770714533971564,0.32316807029087613,0.023645667926416536
3666,0.89501953125,58.329422685787094,-57.265366869394164,0.32323066395696287,0.023546380315622173
3667,0.8952636718750001,58.25901648619019,-57.76001920481676,0.32329325762299277,0.02344709270482781
3668,0.8955078125,58.18861028659334,-58.25467154023907,0.3233558512890795,0.023347805094033447
3669,0.895751953125,58.118204086996435,-58.749323875661666,0.3234184449551094,0.02324851748318224
3670,0.89599609375,58.04779788739957,-59.24397621108398,0.32348103862119615,0.023149229872387878
3671,0.896240234375,57.97739168780267,-59.73862854650657,0.3235436322872829,0.023049942261593515
3672,0.8964843750000001,57.90698548820577,-60.233280881929154,0.3236062259533128,0.02295065465079915
3673,0.896728515625,57.83657928860891,-60.72793321735147,0.32366881961939953,0.02285136704000479
3674,0.89697265625,57.76227633291333,-61.24903894395441,0.32372921515616326,0.022721047690765772
3675,0.897216796875,57.682128243069776,-61.80982475732753,0.32378631349899933,0.022544180733973462
3676,0.8974609375,57.60198015322618,-62.37061057070097,0.32384341184189225,0.022367313777181153
3677,0.8977050781250001,57.521832063382575,-62.931396384074404,0.3239005101847283,0.022190446820388843
3678,0.89794921875,57.441683973539014,-63.49218219744752,0.3239576085275644,0.02201357986353969
3679,0.898193359375,57.361535883695424,-64.05296801082096,0.32401470687040046,0.02183671290674738
3680,0.8984375,57.28138779385186,-64.61375382419409,0.3240718052132934,0.02165984594995507
3681,0.898681640625,57.20123970400825,-65.17453963756753,0.32412890355612944,0.021482978993105917
3682,0.8989257812500001,57.12109161416466,-65.73532545094096,0.3241860018989655,0.021306112036313607
3683,0.899169921875,57.04094352432111,-66.29611126431408,0.32424310024185843,0.021129245079521297
3684,0.8994140625,56.96079543447751,-66.85689707768752,0.3243001985846945,0.020952378122728987
3685,0.899658203125,56.88064734463396,-67.41768289106064,0.32435729692753057,0.020775511165879834
3686,0.89990234375,56.800499254790346,-67.97846870443408,0.32441439527036664,0.020598644209087524
3687,0.9001464843750001,56.720351164946756,-68.53925451780752,0.32447149361325955,0.020421777252295215
3688,0.900390625,56.640203075103194,-69.10004033118064,0.3245285919560956,0.020244910295502905
3689,0.900634765625,56.56005498525958,-69.66082614455406,0.3245856902989317,0.02006804333865375
3690,0.90087890625,56.47990689541604,-70.22161195792718,0.32464278864176777,0.019891176381861442
3691,0.901123046875,56.39975880557243,-70.78239777130064,0.3246998869846607,0.019714309425069132
3692,0.9013671875000001,56.31961071572884,-71.34318358467407,0.32475698532749675,0.019537442468276822
3693,0.901611328125,56.23946262588529,-71.9039693980472,0.3248140836703328,0.01936057551142767
3694,0.90185546875,56.15931453604168,-72.46475521142062,0.32487118201322573,0.01918370855463536
3695,0.902099609375,56.07916644619813,-73.02554102479374,0.3249282803560618,0.01900684159784305
3696,0.90234375,55.99901835635452,-73.58632683816718,0.3249853786988979,0.01882997464105074
3697,0.9025878906250001,55.918870266510936,-74.14711265154061,0.32504247704173395,0.018653107684201586
3698,0.90283203125,55.838722176667375,-74.70789846491374,0.32509957538462686,0.018476240727409277
3699,0.903076171875,55.758574086823764,-75.26868427828718,0.32515667372746293,0.018299373770616967
3700,0.9033203125,55.67095837619096,-75.880476817059,0.32520942815210674,0.018046604779783593
3701,0.903564453125,55.58147576036079,-76.50502103718087,0.32526109659715985,0.017774860280496796
3702,0.9038085937500001,55.491993144530625,-77.12956525730272,0.3253127650422698,0.017503115781153156
3703,0.904052734375,55.4025105287005,-77.75410947742421,0.32536443348737976,0.017231371281809515
3704,0.904296875,55.31302791287034,-78.37865369754606,0.32541610193243287,0.01695962678252272
3705,0.904541015625,55.22354529704022,-79.00319791766756,0.3254677703775428,0.01668788228317908
3706,0.90478515625,55.13406268121005,-79.62774213778941,0.32551943882259593,0.01641613778389228
3707,0.9050292968750001,55.04458006537988,-80.25228635791126,0.3255711072677059,0.01614439328454864
3708,0.9052734375,54.95509744954977,-80.87683057803277,0.325622775712759,0.015872648785261845
3709,0.905517578125,54.8656148337196,-81.50137479815461,0.32567444415786895,0.015600904285918205
3710,0.90576171875,54.776132217889476,-82.12591901827611,0.32572611260292206,0.015329159786631408
3711,0.906005859375,54.68664960205931,-82.75046323839798,0.325777781048032,0.015057415287287768
3712,0.9062500000000001,54.597166986229134,-83.37500745851982,0.32582944949314196,0.014785670787944127
3713,0.906494140625,54.507684370399026,-83.99955167864131,0.3258811179381951,0.01451392628865733
3714,0.90673828125,54.41820175456885,-84.62409589876316,0.32593278638330503,0.01424218178931369
3715,0.906982421875,54.328719138738734,-85.24864011888467,0.32598445482835814,0.013970437290026894
3716,0.9072265625,54.23923652290856,-85.87318433900653,0.3260361232734681,0.013698692790683253
3717,0.9074707031250001,54.14975390707839,-86.49772855912838,0.3260877917185212,0.013426948291396457
3718,0.90771484375,54.06027129124828,-87.12227277924988,0.32613946016363116,0.013155203792052816
3719,0.907958984375,53.97078867541811,-87.74681699937173,0.32619112860868427,0.01288345929276602
3720,0.908203125,53.88130605958799,-88.37136121949322,0.3262427970537942,0.01261171479342238
3721,0.908447265625,53.79182344375782,-88.99590543961507,0.32629446549884733,0.012339970294135583
3722,0.9086914062500001,53.70234082792766,-89.62044965973693,0.3263461339439573,0.012068225794791942
3723,0.908935546875,53.612858212097535,-90.24499387985843,0.32639780238906724,0.011796481295448302
3724,0.9091796875,53.523375596267364,-90.86953809998028,0.32644947083412035,0.011524736796161505
3725,0.909423828125,53.432121412309066,-91.50551225926884,0.32650007084635035,0.011230385278281574
3726,0.90966796875,53.33378095583798,-92.18720617522601,0.32654639712717426,0.010845605686199633
3727,0.9099121093750001,53.2354404993669,-92.86890009118319,0.3265927234079413,0.010460826094174536
3728,0.91015625,53.137100042895874,-93.55059400713999,0.3266390496887084,0.010076046502092595
3729,0.910400390625,53.03875958642479,-94.23228792309716,0.3266853759695323,0.009691266910010654
3730,0.91064453125,52.94041912995375,-94.91398183905396,0.32673170225029935,0.009306487317928713
3731,0.910888671875,52.842078673482675,-95.59567575501114,0.32677802853112325,0.008921707725846773
3732,0.9111328125000001,52.74373821701159,-96.27736967096833,0.3268243548118903,0.008536928133821675
3733,0.911376953125,52.64539776054056,-96.95906358692511,0.3268706810927142,0.008152148541739734
3734,0.91162109375,52.547057304069476,-97.6407575028823,0.3269170073734813,0.0077673689496577936
3735,0.911865234375,52.448716847598455,-98.32245141883908,0.3269633336543052,0.007382589357575853
3736,0.912109375,52.35037639112736,-99.00414533479628,0.32700965993507225,0.006997809765550755
3737,0.9123535156250001,52.252035934656284,-99.68583925075345,0.32705598621589616,0.006613030173468815
3738,0.91259765625,52.15369547818525,-100.36753316671025,0.3271023124966632,0.006228250581386874
3739,0.912841796875,52.05535502171417,-101.04922708266743,0.3271486387774871,0.005843470989304933
3740,0.9130859375,51.957014565243135,-101.73092099862423,0.3271949650582542,0.005458691397279836
3741,0.913330078125,51.85867410877206,-102.4126149145814,0.3272412913390781,0.005073911805197895
3742,0.9135742187500001,51.76033365230098,-103.09430883053858,0.32728761761984515,0.004689132213115954
3743,0.913818359375,51.66199319582994,-103.77600274649538,0.32733394390066906,0.004304352621034013
3744,0.9140625,51.563652739358865,-104.45769666245256,0.3273802701814361,0.0039195730289520725
3745,0.914306640625,51.46531228288784,-105.13939057840935,0.3274265964622032,0.003534793436926975
3746,0.91455078125,51.36697182641675,-105.82108449436653,0.3274729227430271,0.0031500138448450343
3747,0.9147949218750001,51.26863136994566,-106.5027784103237,0.32751924902379415,0.0027652342527630935
3748,0.9150390625,51.17029091347464,-107.18447232628051,0.32756557530461805,0.0023804546606811527
3749,0.915283203125,51.07195045700355,-107.86616624223768,0.3276119015853851,0.0019956750686560554
3750,0.91552734375,50.973610000532524,-108.54786015819448,0.327658227866209,0.0016108954765741146
3751,0.915771484375,50.87026818016079,-109.2565633582686,0.3277014180270612,0.0011473660591150292
3752,0.9160156250000001,50.763592117188615,-109.983272747754,0.3277425174413793,0.0006313367580901286
3753,0.916259765625,50.6569160542165,-110.70998213723901,0.3277836168556405,0.00011530745700838452
3754,0.91650390625,50.550239991244325,-111.43669152672439,0.32782471626995857,-0.0004007218440165161
3755,0.916748046875,50.44356392827221,-112.16340091620938,0.3278658156842198,-0.0009167511450414167
3756,0.9169921875,50.33688786530004,-112.8901103056948,0.32790691509853787,-0.0014327804461231608
3757,0.9172363281250001,50.23021180232787,-113.61681969518021,0.3279480145127991,-0.0019488097471480614
3758,0.91748046875,50.12353573935575,-114.3435290846652,0.32798911392711716,-0.0024648390482298055
3759,0.917724609375,50.01685967638358,-115.07023847415061,0.3280302133413784,-0.002980868349254706
3760,0.91796875,49.91018361341147,-115.79694786363561,0.32807131275569645,-0.0034968976502796068
3761,0.918212890625,49.8035075504393,-116.52365725312102,0.3281124121699577,-0.004012926951361351
3762,0.9184570312500001,49.69683148746712,-117.25036664260644,0.32815351158427575,-0.0045289562523862514
3763,0.918701171875,49.59015542449501,-117.97707603209143,0.328194610998537,-0.005044985553411152
3764,0.9189453125,49.48347936152283,-118.70378542157681,0.3282357104127982,-0.005561014854492896
3765,0.919189453125,49.376803298550726,-119.43049481106183,0.32827680982711627,-0.006077044155517797
3766,0.91943359375,49.27012723557855,-120.15720420054723,0.3283179092413775,-0.006593073456542697
3767,0.9196777343750001,49.16345117260638,-120.88391359003263,0.32835900865569556,-0.0071091027576244414
3768,0.919921875,49.056775109634266,-121.61062297951764,0.3284001080699568,-0.007625132058649342
3769,0.920166015625,48.95009904666209,-122.33733236900304,0.32844120748427486,-0.008141161359674243
3770,0.92041015625,48.843422983689976,-123.06404175848803,0.3284823068985361,-0.008657190660755987
3771,0.920654296875,48.7367469207178,-123.79075114797345,0.32852340631285415,-0.009173219961780887
3772,0.9208984375000001,48.63007085774563,-124.51746053745886,0.3285645057271154,-0.009689249262862631
3773,0.921142578125,48.523394794773516,-125.24416992694384,0.32860560514143344,-0.010205278563887532
3774,0.92138671875,48.41671873180134,-125.97087931642923,0.32864670455569467,-0.010721307864912433
3775,0.921630859375,48.310042668829226,-126.69758870591426,0.32868780397001274,-0.011237337165994177
3776,0.921875,48.203366605857056,-127.42429809539965,0.32872890338427396,-0.011753366467019077
3777,0.9221191406250001,48.08889603286755,-128.17697894638,0.3287649230003922,-0.012417841424337439
3778,0.92236328125,47.9744254598781,-128.92965979735988,0.32880094261645354,-0.0130823163816558
3779,0.922607421875,47.8599548868886,-129.6823406483402,0.32883696223257175,-0.013746791339031006
3780,0.9228515625,47.74548431389916,-130.43502149932007,0.3288729818486331,-0.014411266296349368
3781,0.923095703125,47.63101374090965,-131.18770235030038,0.3289090014647513,-0.01507574125366773
3782,0.9233398437500001,47.51654316792014,-131.94038320128072,0.3289450210808127,-0.01574021621098609
3783,0.923583984375,47.4020725949307,-132.6930640522606,0.3289810406969309,-0.016404691168304453
3784,0.923828125,47.2876020219412,-133.44574490324095,0.32901706031299227,-0.017069166125622814
3785,0.924072265625,47.17313144895175,-134.1984257542208,0.3290530799291105,-0.01773364108299802
3786,0.92431640625,47.05866087596224,-134.95110660520112,0.32908909954517185,-0.01839811604031638
3787,0.9245605468750001,46.94419030297273,-135.70378745618146,0.32912511916129006,-0.019062590997634743
3788,0.9248046875,46.82971972998329,-136.45646830716134,0.3291611387773514,-0.019727065954953105
3789,0.925048828125,46.715249156993785,-137.20914915814168,0.32919715839346964,-0.020391540912271466
3790,0.92529296875,46.60077858400434,-137.96183000912157,0.32923317800958785,-0.021056015869589828
3791,0.925537109375,46.486308011014835,-138.71451086010188,0.3292691976256492,-0.021720490826965033
3792,0.9257812500000001,46.371837438025324,-139.46719171108222,0.3293052172417674,-0.022384965784283395
3793,0.926025390625,46.257366865035884,-140.2198725620621,0.3293412368578288,-0.023049440741601757
3794,0.92626953125,46.14289629204637,-140.9725534130424,0.329377256473947,-0.02371391569892012
3795,0.926513671875,46.028425719056926,-141.7252342640223,0.32941327609000837,-0.02437839065623848
3796,0.9267578125,45.91395514606742,-142.47791511500265,0.3294492957061266,-0.02504286561355684
3797,0.9270019531250001,45.79948457307792,-143.23059596598296,0.32948531532218794,-0.025707340570932047
3798,0.92724609375,45.68501400008848,-143.98327681696287,0.32952133493830615,-0.02637181552825041
3799,0.927490234375,45.57054342709897,-144.73595766794315,0.3295573545543675,-0.02703629048556877
3800,0.927734375,45.45607285410953,-145.48863851892304,0.32959337417048573,-0.027700765442887132
3801,0.927978515625,45.341602281120025,-146.24131936990338,0.3296293937865471,-0.028365240400205494
3802,0.9282226562500001,45.2242265905718,-146.9934646109958,0.329663454289971,-0.029095034600118197
3803,0.928466796875,45.102493223685606,-147.74480643725587,0.3296945761242682,-0.029922807663808726
3804,0.9287109375,44.980759856799324,-148.4961482635164,0.32972569795856543,-0.0307505807275561
3805,0.928955078125,44.85902648991313,-149.24749008977653,0.32975681979286264,-0.03157835379130347
3806,0.92919921875,44.73729312302685,-149.99883191603703,0.3297879416272167,-0.032406126854994
3807,0.9294433593750001,44.61555975614058,-150.75017374229756,0.3298190634615139,-0.03323389991874137
3808,0.9296875,44.49382638925438,-151.5015155685577,0.3298501852958111,-0.0340616729824319
3809,0.929931640625,44.372093022368105,-152.25285739481822,0.3298813071301083,-0.03488944604617927
3810,0.93017578125,44.2503596554819,-153.00419922107832,0.32991242896440554,-0.0357172191098698
3811,0.930419921875,44.128626288595626,-153.75554104733885,0.3299435507987596,-0.036544992173617175
3812,0.9306640625000001,44.00689292170936,-154.5068828735994,0.3299746726330568,-0.03737276523736455
3813,0.930908203125,43.885159554823154,-155.25822469985948,0.330005794467354,-0.038200538301055076
3814,0.93115234375,43.76342618793688,-156.00956652612,0.3300369163016512,-0.03902831136480245
3815,0.931396484375,43.641692821050675,-156.76090835238014,0.33006803813600527,-0.03985608442849298
3816,0.931640625,43.5199594541644,-157.5122501786407,0.3300991599703025,-0.04068385749224035
3817,0.9318847656250001,43.39822608727813,-158.2635920049012,0.3301302818045997,-0.04151163055593088
3818,0.93212890625,43.27649272039193,-159.0149338311613,0.3301614036388969,-0.04233940361967825
3819,0.932373046875,43.15475935350565,-159.76627565742186,0.3301925254731941,-0.04316717668342562
3820,0.9326171875,43.03302598661945,-160.51761748368193,0.33022364730754816,-0.04399494974711615
3821,0.932861328125,42.911292619733175,-161.26895930994246,0.3302547691418454,-0.044822722810863525
3822,0.9331054687500001,42.78955925284691,-162.02030113620302,0.3302858909761426,-0.04565049587455405
3823,0.933349609375,42.6678258859607,-162.7716429624631,0.3303170128104398,-0.046478268938301426
3824,0.93359375,42.54609251907443,-163.52298478872362,0.33034813464479384,-0.047306042001991955
3825,0.933837890625,42.42435915218823,-164.27432661498375,0.33037925647909105,-0.04813381506573933
3826,0.93408203125,42.30262578530195,-165.02566844124428,0.33041037831338826,-0.0489615881294867
3827,0.9343261718750001,42.18089241841568,-165.77701026750478,0.3304415001476855,-0.04978936119317723
3828,0.9345703125,42.05374407898506,-166.4978993728091,0.33046887910171563,-0.0507565836694539
3829,0.934814453125,41.92524199641828,-167.21117529787483,0.33049532233570744,-0.05175866849879185
3830,0.93505859375,41.79673991385156,-167.92445122294018,0.3305217655696424,-0.05276075332818664
3831,0.935302734375,41.66823783128478,-168.63772714800592,0.3305482088035774,-0.05376283815758143
3832,0.9355468750000001,41.53973574871798,-169.35100307307164,0.3305746520375692,-0.05476492298697622
3833,0.935791015625,41.41123366615126,-170.06427899813698,0.33060109527150416,-0.05576700781631416
3834,0.93603515625,41.28273158358447,-170.77755492320273,0.330627538505496,-0.05676909264570895
3835,0.936279296875,41.15422950101776,-171.49083084826808,0.33065398173943095,-0.05777117747510374
3836,0.9365234375,41.02572741845097,-172.20410677333382,0.3306804249733659,-0.05877326230449853
3837,0.9367675781250001,40.89722533588418,-172.91738269839956,0.33070686820735773,-0.059775347133836476
3838,0.93701171875,40.76872325331746,-173.63065862346488,0.3307333114412927,-0.060777431963231265
3839,0.937255859375,40.64022117075068,-174.34393454853063,0.3307597546752845,-0.061779516792626055
3840,0.9375,40.51171908818396,-175.05721047359597,0.3307861979092195,-0.062781601621964
3841,0.937744140625,40.383217005617176,-175.7704863986617,0.33081264114315445,-0.06378368645135879
3842,0.9379882812500001,40.25471492305038,-176.48376232372746,0.33083908437714626,-0.06478577128075358
3843,0.938232421875,40.12621284048367,-177.19703824879278,0.33086552761108123,-0.06578785611014837
3844,0.9384765625,39.99771075791688,-177.9103141738585,0.33089197084507305,-0.06678994093948631
3845,0.938720703125,39.869208675350166,-178.62359009892387,0.330918414079008,-0.0677920257688811
3846,0.93896484375,39.74070659278337,-179.33686602398961,0.330944857312943,-0.06879411059827589
3847,0.9392089843750001,39.61220451021658,-180.05014194905533,0.3309713005469348,-0.06979619542767068
3848,0.939453125,39.48370242764987,-180.76341787412068,0.33099774378086977,-0.07079828025700863
3849,0.939697265625,39.35520034508308,-181.47669379918642,0.3310241870148616,-0.07180036508640342
3850,0.93994140625,39.22669826251636,-182.18996972425174,0.33105063024879655,-0.0728024499157982
3851,0.940185546875,39.09819617994957,-182.9032456493175,0.3310770734827315,-0.073804534745193
3852,0.9404296875000001,38.969694097382785,-183.61652157438326,0.33110351671672333,-0.07480661957453094
3853,0.940673828125,38.839924249638884,-184.31281337849222,0.3311290757694678,-0.07584469750275957
3854,0.94091796875,38.705083341186146,-184.94116869877624,0.33115109809733667,-0.07702674782632357
3855,0.941162109375,38.570242432733494,-185.5695240190599,0.3311731204252055,-0.07820879814983073
3856,0.94140625,38.435401524280756,-186.1978793393439,0.3311951427530744,-0.07939084847339473
3857,0.9416503906250001,38.300560615828026,-186.82623465962791,0.33121716508094323,-0.08057289879695873
3858,0.94189453125,38.165719707375374,-187.45458997991153,0.33123918740886893,-0.08175494912046588
3859,0.942138671875,38.030878798922636,-188.08294530019555,0.3312612097367378,-0.08293699944402988
3860,0.9423828125,37.896037890469984,-188.7113006204792,0.33128323206460664,-0.08411904976759388
3861,0.942626953125,37.76119698201725,-189.3396559407632,0.3313052543924755,-0.08530110009110103
3862,0.9428710937500001,37.626356073564516,-189.9680112610472,0.33132727672034434,-0.08648315041466503
3863,0.943115234375,37.49151516511186,-190.59636658133084,0.3313492990482132,-0.08766520073822903
3864,0.943359375,37.35667425665914,-191.22472190161483,0.33137132137608205,-0.08884725106173619
3865,0.943603515625,37.221833348206474,-191.8530772218985,0.33139334370400775,-0.09002930138530019
3866,0.94384765625,37.08699243975375,-192.4814325421825,0.3314153660318766,-0.09121135170886419
3867,0.9440917968750001,36.95215153130101,-193.1097878624665,0.33143738835974546,-0.09239340203237134
3868,0.9443359375,36.81731062284836,-193.73814318275012,0.3314594106876143,-0.09357545235593534
3869,0.944580078125,36.68246971439562,-194.36649850303414,0.33148143301548316,-0.09475750267949934
3870,0.94482421875,36.54762880594297,-194.9948538233178,0.331503455343352,-0.0959395530030065
3871,0.945068359375,36.41278789749024,-195.6232091436018,0.33152547767122087,-0.0971216033265705
3872,0.9453125000000001,36.27794698903751,-196.2515644638858,0.33154749999914657,-0.09830365365013449
3873,0.945556640625,36.14310608058486,-196.87991978416943,0.3315695223270154,-0.09948570397364165
3874,0.94580078125,36.00826517213212,-197.50827510445345,0.3315915446548843,-0.10066775429720565
3875,0.946044921875,35.87342426367947,-198.1366304247371,0.3316135669827531,-0.10184980462076965
3876,0.9462890625,35.73858335522673,-198.7649857450211,0.331635589310622,-0.1030318549442768
3877,0.9465332031250001,35.603742446774,-199.3933410653051,0.33165761163849083,-0.1042139052678408
3878,0.94677734375,35.46890153832134,-200.02169638558877,0.3316796339663597,-0.1053959555914048
3879,0.947021484375,35.3304629214145,-200.56490077648385,0.33169918181999947,-0.10668535983359106
3880,0.947265625,35.18962583220499,-201.05133788111942,0.3317170800240774,-0.10804633335499148
3881,0.947509765625,35.0487887429954,-201.53777498575525,0.33173497822815534,-0.10940730687633504
3882,0.9477539062500001,34.90795165378581,-202.02421209039107,0.3317528764322333,-0.11076828039767861
3883,0.947998046875,34.7671145645763,-202.51064919502667,0.3317707746363112,-0.11212925391902218
3884,0.9482421875,34.62627747536671,-202.9970862996625,0.33178867284038915,-0.11349022744036574
3885,0.948486328125,34.4854403861572,-203.48352340429804,0.3318065710444671,-0.11485120096170931
3886,0.94873046875,34.34460329694762,-203.96996050893387,0.33182446924854503,-0.11621217448305288
3887,0.9489746093750001,34.20376620773802,-204.45639761356972,0.33184236745262297,-0.11757314800445329
3888,0.94921875,34.06292911852851,-204.94283471820526,0.3318602656567009,-0.11893412152579685
3889,0.949462890625,33.922092029318925,-205.42927182284112,0.3318781638608357,-0.12029509504714042
3890,0.94970703125,33.78125494010941,-205.9157089274767,0.3318960620649136,-0.12165606856848399
3891,0.949951171875,33.64041785089983,-206.40214603211254,0.33191396026899156,-0.12301704208982756
3892,0.9501953125000001,33.49958076169024,-206.88858313674837,0.3319318584730695,-0.12437801561117112
3893,0.950439453125,33.35874367248073,-207.3750202413839,0.33194975667714743,-0.1257389891325147
3894,0.95068359375,33.21790658327114,-207.86145734601973,0.33196765488122537,-0.1270999626539151
3895,0.950927734375,33.077069494061625,-208.3478944506553,0.3319855530853033,-0.12846093617525867
3896,0.951171875,32.93623240485204,-208.83433155529113,0.33200345128938125,-0.12982190969660223
3897,0.9514160156250001,32.79539531564245,-209.32076865992696,0.3320213494934592,-0.1311828832179458
3898,0.95166015625,32.65455822643294,-209.80720576456255,0.3320392476975371,-0.13254385673928937
3899,0.951904296875,32.51372113722335,-210.29364286919838,0.3320571459016719,-0.13390483026063293
3900,0.9521484375,32.37288404801384,-210.78007997383392,0.33207504410574984,-0.1352658037819765
3901,0.952392578125,32.232046958804254,-211.26651707846975,0.3320929423098278,-0.1366267773033769
3902,0.9526367187500001,32.091209869594664,-211.7529541831056,0.3321108405139057,-0.13798775082472048
3903,0.952880859375,31.950372780385155,-212.23939128774114,0.33212873871798365,-0.13934872434606405
3904,0.953125,31.809535691175558,-212.72582839237685,0.3321466369220616,-0.1407096978674076
3905,0.953369140625,31.662940003559026,-213.00411759285112,0.33216074676482776,-0.14224096427290078
3906,0.95361328125,31.51634431594241,-213.28240679332558,0.3321748566076508,-0.14377223067839395
3907,0.9538574218750001,31.36974862832579,-213.5606959938,0.33218896645041696,-0.14530349708388712
3908,0.9541015625,31.22315294070925,-213.83898519427427,0.33220307629324,-0.1468347634893803
3909,0.954345703125,31.076557253092638,-214.11727439474868,0.33221718613600615,-0.1483660298949303
3910,0.95458984375,30.9299615654761,-214.39556359522297,0.33223129597882917,-0.14989729630042348
3911,0.954833984375,30.78336587785948,-214.6738527956974,0.33224540582159534,-0.15142856270591665
3912,0.9550781250000001,30.63677019024286,-214.9521419961718,0.33225951566441836,-0.15295982911140982
3913,0.955322265625,30.490174502626328,-215.2304311966461,0.33227362550718453,-0.154491095516903
3914,0.95556640625,30.343578815009707,-215.50872039712053,0.33228773535000755,-0.15602236192239616
3915,0.955810546875,30.196983127393175,-215.78700959759476,0.3323018451927737,-0.15755362832788933
3916,0.9560546875,30.050387439776557,-216.0652987980692,0.3323159550355399,-0.1590848947333825
3917,0.9562988281250001,29.903791752159936,-216.34358799854363,0.3323300648783629,-0.16061616113887567
3918,0.95654296875,29.7571960645434,-216.62187719901792,0.3323441747211291,-0.16214742754436884
3919,0.956787109375,29.610600376926783,-216.90016639949235,0.3323582845639521,-0.16367869394991885
3920,0.95703125,29.464004689310247,-217.1784555999666,0.3323723944067183,-0.16520996035541202
3921,0.957275390625,29.317409001693626,-217.45674480044104,0.3323865042495413,-0.1667412267609052
3922,0.9575195312500001,29.17081331407701,-217.73503400091548,0.3324006140923075,-0.16827249316639836
3923,0.957763671875,29.02421762646047,-218.01332320138974,0.3324147239351305,-0.16980375957189153
3924,0.9580078125,28.877621938843852,-218.29161240186414,0.33242883377789667,-0.1713350259773847
3925,0.958251953125,28.731026251227323,-218.56990160233843,0.3324429436207197,-0.17286629238287787
3926,0.95849609375,28.584430563610706,-218.84819080281284,0.33245705346348586,-0.17439755878837104
3927,0.9587402343750001,28.43783487599408,-219.12648000328727,0.33247116330625204,-0.1759288251938642
3928,0.958984375,28.29123918837755,-219.40476920376156,0.33248527314907506,-0.17746009159935738
3929,0.959228515625,28.14464350076093,-219.683058404236,0.33249938299184123,-0.1789913580049074
3930,0.95947265625,27.995793000301596,-219.84868542524333,0.33251212710229083,-0.18058418194425485
3931,0.959716796875,27.843560280577982,-219.84531917705013,0.332522822614294,-0.18226934218438373
3932,0.9599609375000001,27.691327560854372,-219.84195292885693,0.3325335181262403,-0.1839545024245126
3933,0.960205078125,27.539094841130847,-219.83858668066375,0.33254421363818665,-0.1856396626646415
3934,0.96044921875,27.386862121407233,-219.83522043247055,0.33255490915013297,-0.18732482290477037
3935,0.960693359375,27.23462940168371,-219.83185418427732,0.3325656046620793,-0.18900998314489925
3936,0.9609375,27.082396681960095,-219.82848793608414,0.3325763001740256,-0.19069514338502813
3937,0.9611816406250001,26.930163962236485,-219.82512168789094,0.3325869956860288,-0.19238030362521386
3938,0.96142578125,26.77793124251296,-219.82175543969777,0.3325976911979751,-0.19406546386534274
3939,0.961669921875,26.625698522789342,-219.8183891915046,0.33260838670992143,-0.19575062410547162
3940,0.9619140625,26.47346580306582,-219.81502294331136,0.33261908222186776,-0.1974357843456005
3941,0.962158203125,26.321233083342204,-219.81165669511816,0.3326297777338141,-0.19912094458572938
3942,0.9624023437500001,26.169000363618593,-219.80829044692499,0.33264047324581725,-0.20080610482585826
3943,0.962646484375,26.016767643895065,-219.80492419873178,0.33265116875776357,-0.20249126506598714
3944,0.962890625,25.86453492417145,-219.80155795053858,0.3326618642697099,-0.20417642530617286
3945,0.963134765625,25.712302204447926,-219.79819170234538,0.3326725597816562,-0.20586158554630174
3946,0.96337890625,25.560069484724316,-219.7948254541522,0.33268325529360254,-0.20754674578643062
3947,0.9636230468750001,25.407836765000702,-219.791459205959,0.33269395080554887,-0.2092319060265595
3948,0.9638671875,25.255604045277178,-219.78809295776583,0.33270464631755203,-0.21091706626668838
3949,0.964111328125,25.103371325553567,-219.78472670957262,0.33271534182949836,-0.21260222650681726
3950,0.96435546875,24.951138605830035,-219.78136046137942,0.3327260373414447,-0.21428738674694614
3951,0.964599609375,24.798905886106425,-219.77799421318622,0.332736732853391,-0.21597254698713186
3952,0.9648437500000001,24.64667316638281,-219.77462796499302,0.3327474283653373,-0.21765770722726074
3953,0.965087890625,24.494440446659286,-219.77126171679984,0.33275812387728365,-0.21934286746738962
3954,0.96533203125,24.342207726935676,-219.76789546860667,0.3327688193892868,-0.2210280277075185
3955,0.965576171875,24.189975007212144,-219.76452922041344,0.33277951490123314,-0.22271318794764738
3956,0.9658203125,24.03323486335697,-219.47353156549835,0.33278780779033923,-0.2245027275831717
3957,0.9660644531250001,23.875367863468902,-219.11062605890262,0.33279550002373526,-0.22631836206755906
3958,0.96630859375,23.717500863580923,-218.7477205523071,0.3328031922571313,-0.2281339965518896
3959,0.966552734375,23.559633863692856,-218.38481504571138,0.3328108844905273,-0.22994963103627697
3960,0.966796875,23.401766863804873,-218.02190953911585,0.3328185767238665,-0.23176526552066434
3961,0.967041015625,23.24389986391681,-217.65900403252013,0.3328262689572625,-0.23358090000499487
3962,0.9672851562500001,23.08603286402874,-217.2960985259244,0.33283396119065856,-0.23539653448938225
3963,0.967529296875,22.92816586414076,-216.93319301932888,0.3328416534240546,-0.23721216897376962
3964,0.9677734375,22.77029886425269,-216.57028751273316,0.3328493456574506,-0.23902780345810015
3965,0.968017578125,22.612431864364712,-216.20738200613766,0.33285703789084664,-0.24084343794248753
3966,0.96826171875,22.454564864476644,-215.84447649954194,0.33286473012424267,-0.2426590724268749
3967,0.9685058593750001,22.296697864588573,-215.4815709929462,0.3328724223576387,-0.24447470691120543
3968,0.96875,22.138830864700598,-215.1186654863507,0.3328801145910347,-0.2462903413955928
3969,0.968994140625,21.980963864812527,-214.75575997975497,0.33288780682443075,-0.24810597587998018
3970,0.96923828125,21.82309686492455,-214.39285447315945,0.3328954990578268,-0.2499216103643107
3971,0.969482421875,21.66522986503648,-214.02994896656372,0.3329031912912228,-0.2517372448486981
3972,0.9697265625000001,21.50736286514841,-213.66704345996797,0.33291088352461884,-0.25355287933308546
3973,0.969970703125,21.349495865260433,-213.30413795337248,0.33291857575801487,-0.255368513817416
3974,0.97021484375,21.191628865372362,-212.94123244677672,0.3329262679914109,-0.25718414830180336
3975,0.970458984375,21.033761865484387,-212.57832694018123,0.3329339602248069,-0.25899978278619074
3976,0.970703125,20.875894865596315,-212.21542143358548,0.3329416524581461,-0.26081541727052127
3977,0.9709472656250001,20.718027865708248,-211.85251592698975,0.33294934469154214,-0.26263105175490864
3978,0.97119140625,20.56016086582027,-211.48961042039423,0.33295703692493817,-0.264446686239296
3979,0.971435546875,20.4022938659322,-211.12670491379853,0.3329647291583342,-0.26626232072362654
3980,0.9716796875,20.24442686604422,-210.763799407203,0.3329724213917302,-0.2680779552080139
3981,0.971923828125,20.08541102869091,-210.31322324016998,0.3329796022425171,-0.2699139535451991
3982,0.9721679687500001,19.921799841476602,-209.51196443138738,0.3329847375627537,-0.2718314072936323
3983,0.972412109375,19.758188654262394,-208.71070562260525,0.3329898728829903,-0.2737488610420655
3984,0.97265625,19.59457746704809,-207.90944681382263,0.3329950082032269,-0.27566631479049875
3985,0.972900390625,19.430966279833882,-207.10818800504046,0.3330001435234635,-0.27758376853893196
3986,0.97314453125,19.267355092619578,-206.30692919625784,0.3330052788437001,-0.279501222287422
3987,0.9733886718750001,19.103743905405278,-205.50567038747525,0.33301041416393673,-0.28141867603585524
3988,0.9736328125,18.940132718191066,-204.70441157869305,0.33301554948417333,-0.28333612978428846
3989,0.973876953125,18.776521530976762,-203.90315276991046,0.33302068480440994,-0.2852535835327217
3990,0.97412109375,18.612910343762554,-203.10189396112833,0.33302582012464654,-0.2871710372811549
3991,0.974365234375,18.44929915654825,-202.3006351523457,0.33303095544488315,-0.2890884910295881
3992,0.9746093750000001,18.28568796933395,-201.49937634356309,0.3330360907651766,-0.29100594477802133
3993,0.974853515625,18.122076782119734,-200.6981175347809,0.3330412260854132,-0.2929233985265114
3994,0.97509765625,17.958465594905437,-199.8968587259983,0.3330463614056498,-0.2948408522749446
3995,0.975341796875,17.794854407691226,-199.09559991721613,0.3330514967258864,-0.2967583060233778
3996,0.9755859375,17.631243220476925,-198.29434110843354,0.333056632046123,-0.29867575977181104
3997,0.9758300781250001,17.46763203326262,-197.49308229965092,0.3330617673663596,-0.30059321352024426
3998,0.97607421875,17.304020846048413,-196.69182349086879,0.3330669026865962,-0.3025106672686775
3999,0.976318359375,17.140409658834105,-195.89056468208616,0.3330720380068328,-0.3044281210171107
4000,0.9765625,16.976798471619897,-195.089305873304,0.33307717332706943,-0.30634557476560076
4001,0.976806640625,16.813187284405597,-194.28804706452138,0.33308230864730604,-0.308263028514034
4002,0.9770507812500001,16.649576097191293,-193.48678825573876,0.33308744396754264,-0.3101804822624672
4003,0.977294921875,16.485964909977085,-192.68552944695662,0.33309257928777924,-0.3120979360109004
4004,0.9775390625,16.322353722762784,-191.884270638174,0.33309771460801585,-0.31401538975933363
4005,0.977783203125,16.15874253554857,-191.08301182939184,0.33310284992825245,-0.31593284350776685
4006,0.97802734375,15.99513134833427,-190.28175302060924,0.33310798524848906,-0.31785029725620007
4007,0.9782714843750001,15.827949482011455,-189.1715755011315,0.3331118741757564,-0.31981017777559373
4008,0.978515625,15.658387162949738,-187.8554521745248,0.3331149321742828,-0.321798342808961
4009,0.978759765625,15.488824843887926,-186.53932884791732,0.33311799017286603,-0.3237865078423283
4010,0.97900390625,15.31926252482621,-185.22320552131063,0.3331210481714493,-0.32577467287563877
4011,0.979248046875,15.149700205764397,-183.90708219470318,0.3331241061699757,-0.32776283790900607
4012,0.9794921875000001,14.980137886702583,-182.59095886809575,0.3331271641685589,-0.32975100294237336
4013,0.979736328125,14.810575567640868,-181.27483554148904,0.3331302221670853,-0.3317391679756838
4014,0.97998046875,14.641013248579052,-179.9587122148816,0.33313328016566857,-0.3337273330090511
4015,0.980224609375,14.471450929517335,-178.6425888882749,0.3331363381642518,-0.3357154980424184
4016,0.98046875,14.30188861045552,-177.32646556166748,0.3331393961627782,-0.33770366307572885
4017,0.9807128906250001,14.13232629139371,-176.01034223506002,0.33314245416136146,-0.33969182810909615
4018,0.98095703125,13.962763972331992,-174.6942189084533,0.33314551215988786,-0.34167999314246345
4019,0.981201171875,13.793201653270177,-173.37809558184586,0.3331485701584711,-0.3436681581757739
4020,0.9814453125,13.62363933420846,-172.06197225523914,0.33315162815705435,-0.3456563232091412
4021,0.981689453125,13.454077015146648,-170.74584892863174,0.33315468615558075,-0.3476444882425085
4022,0.9819335937500001,13.284514696084836,-169.42972560202426,0.333157744154164,-0.34963265327581894
4023,0.982177734375,13.114952377023117,-168.11360227541755,0.33316080215274724,-0.35162081830918623
4024,0.982421875,12.945390057961305,-166.79747894881012,0.33316386015127364,-0.35360898334255353
4025,0.982666015625,12.775827738899588,-165.48135562220344,0.3331669181498569,-0.355597148375864
4026,0.98291015625,12.606265419837772,-164.16523229559596,0.3331699761483833,-0.3575853134092313
4027,0.9831542968750001,12.436703100775961,-162.84910896898853,0.33317303414696653,-0.35957347844259857
4028,0.9833984375,12.267140781714243,-161.53298564238182,0.3331760921455498,-0.361561643475909
4029,0.983642578125,12.09757846265243,-160.21686231577436,0.3331791501440762,-0.3635498085092763
4030,0.98388671875,11.928016143590712,-158.90073898916765,0.3331822081426594,-0.3655379735426436
4031,0.984130859375,11.758453824528901,-157.58461566256022,0.3331852661411858,-0.36752613857595406
4032,0.9843750000000001,11.588891505467084,-156.26849233595243,0.33318832413976907,-0.36951430360932136
4033,0.984619140625,11.41310198837545,-154.36523907866092,0.33318981528373115,-0.3715432195913877
4034,0.98486328125,11.237312471283719,-152.4619858213683,0.33319130642769323,-0.3735721355735109
4035,0.985107421875,11.061522954192087,-150.55873256407676,0.3331927975716553,-0.3756010515555772
4036,0.9853515625,10.885733437100356,-148.65547930678414,0.3331942887156174,-0.3776299675377004
4037,0.9855957031250001,10.709943920008623,-146.75222604949153,0.3331957798595795,-0.37965888351976673
4038,0.98583984375,10.534154402916991,-144.8489727922,0.3331972710035416,-0.38168779950183307
4039,0.986083984375,10.35836488582526,-142.94571953490737,0.33319876214750366,-0.38371671548395625
4040,0.986328125,10.182575368733627,-141.04246627761586,0.33320025329146574,-0.3857456314660226
4041,0.986572265625,10.006785851641894,-139.1392130203232,0.3332017444354278,-0.38777454744814577
4042,0.9868164062500001,9.830996334550164,-137.23595976303062,0.3332032355793899,-0.3898034634302121
4043,0.987060546875,9.65520681745853,-135.33270650573908,0.33320472672329515,-0.39183237941227844
4044,0.9873046875,9.4794173003668,-133.42945324844646,0.33320621786725724,-0.3938612953944016
4045,0.987548828125,9.303627783275168,-131.52619999115493,0.3332077090112193,-0.39589021137646796
4046,0.98779296875,9.127838266183435,-129.6229467338623,0.3332092001551814,-0.3979191273585343
4047,0.9880371093750001,8.952048749091704,-127.71969347656972,0.3332106912991435,-0.3999480433406575
4048,0.98828125,8.776259232000072,-125.81644021927815,0.3332121824431056,-0.4019769593227238
4049,0.988525390625,8.60046971490834,-123.91318696198553,0.33321367358706766,-0.404005875304847
4050,0.98876953125,8.424680197816706,-122.009933704694,0.33321516473102974,-0.40603479128691333
4051,0.989013671875,8.248890680724976,-120.1066804474014,0.33321665587499183,-0.40806370726897967
4052,0.9892578125000001,8.073101163633243,-118.20342719010878,0.3332181470189539,-0.41009262325110285
4053,0.989501953125,7.897311646541611,-116.30017393281723,0.333219638162916,-0.4121215392331692
4054,0.98974609375,7.72152212944988,-114.39692067552463,0.3332211293068781,-0.41415045521529237
4055,0.989990234375,7.545732612358249,-112.49366741823312,0.33322262045084017,-0.4161793711973587
4056,0.990234375,7.369943095266515,-110.59041416094048,0.33322411159480225,-0.41820828717942504
4057,0.9904785156250001,7.1941535781747845,-108.68716090364786,0.33322560273876434,-0.4202372031615482
4058,0.99072265625,7.015753259570437,-106.52160782174317,0.33322668269482847,-0.4222725613881835
4059,0.990966796875,6.833436738696914,-103.96260500291689,0.3332271458691025,-0.42431758298158684
4060,0.9912109375,6.651120217823493,-101.40360218409205,0.3332276090433197,-0.42636260457504704
4061,0.991455078125,6.46880369694997,-98.84459936526578,0.33322807221759376,-0.42840762616850725
4062,0.9916992187500001,6.286487176076448,-96.2855965464395,0.33322853539181096,-0.43045264776196746
4063,0.991943359375,6.104170655203028,-93.72659372761467,0.333228998566085,-0.4324976693553708
4064,0.9921875,5.921854134329504,-91.16759090878838,0.3332294617403022,-0.434542690948831
4065,0.992431640625,5.739537613456083,-88.60858808996355,0.33322992491457626,-0.43658771254229123
4066,0.99267578125,5.5572210925825605,-86.04958527113727,0.33323038808879346,-0.4386327341356946
4067,0.9929199218750001,5.3749045717090365,-83.490582452311,0.3332308512630675,-0.4406777557291548
4068,0.9931640625,5.192588050835616,-80.93157963348617,0.3332313144372847,-0.442722777322615
4069,0.993408203125,5.010271529962092,-78.37257681465988,0.33323177761155875,-0.4447677989160752
4070,0.99365234375,4.827955009088673,-75.81357399583504,0.33323224078577596,-0.44681282050947857
4071,0.993896484375,4.64563848821515,-73.25457117700876,0.33323270396005,-0.4488578421029388
4072,0.9941406250000001,4.463321967341626,-70.6955683581825,0.33323316713432405,-0.450902863696399
4073,0.994384765625,4.281005446468206,-68.13656553935766,0.33323363030854125,-0.45294788528980234
4074,0.99462890625,4.098688925594682,-65.57756272053139,0.3332340934828153,-0.45499290688326255
4075,0.994873046875,3.9163724047212622,-63.01855990170656,0.3332345566570325,-0.45703792847672275
4076,0.9951171875,3.7340558838477387,-60.45955708288027,0.33323501983130654,-0.45908295007018296
4077,0.9953613281250001,3.551739362974215,-57.900554264054,0.33323548300552375,-0.4611279716635863
4078,0.99560546875,3.3694228421007955,-55.341551445229165,0.3332359461797978,-0.46317299325704653
4079,0.995849609375,3.1871063212272714,-52.78254862640289,0.333236409354015,-0.46521801485050673
4080,0.99609375,3.004789800353852,-50.223545807578056,0.33323687252828904,-0.4672630364439101
4081,0.996337890625,2.8224732794803282,-47.66454298875177,0.33323733570250624,-0.4693080580373703
4082,0.9965820312500001,2.640156758606805,-45.1055401699255,0.3332377988767803,-0.4713530796308305
4083,0.996826171875,2.4578402377333846,-42.54653735110067,0.3332382620509975,-0.4733981012242907
4084,0.9970703125,2.2700408752112304,-39.4075657381266,0.33323835468587504,-0.47544416144654633
4085,0.997314453125,2.0808708022770244,-36.12360192661715,0.33323835468587504,-0.47749048132595817
4086,0.99755859375,1.8917007293427104,-32.83963811510581,0.33323835468587504,-0.47953680120542685
4087,0.9978027343750001,1.7025306564083962,-29.555674303594486,0.33323835468587504,-0.48158312108489554
4088,0.998046875,1.5133605834741897,-26.271710492085024,0.33323835468587504,-0.4836294409643642
4089,0.998291015625,1.324190510539876,-22.987746680573697,0.33323835468587504,-0.4856757608438329
4090,0.99853515625,1.1350204376056692,-19.703782869064234,0.33323835468587504,-0.48772208072324474
4091,0.998779296875,0.9458503646713552,-16.419819057552907,0.33323835468587504,-0.4897684006027134
4092,0.9990234375000001,0.7566802917370411,-13.135855246041581,0.33323835468587504,-0.4918147204821821
4093,0.999267578125,0.5675102188028347,-9.851891434532119,0.33323835468587504,-0.4938610403616508
4094,0.99951171875,0.37834014586852055,-6.567927623020791,0.33323835468587504,-0.49590736024106263
4095,0.999755859375,0.18917007293431418,-3.2839638115113283,0.33323835468587504,-0.4979536801205313
4096,1.0,0.0,0.0,0.33323835468587504,-0.5
