index,coordinate,U_at_X0.5,W_at_Z0.5,theta_vertical,theta_horizontal
0,0.0,0.0,0.0,-0.3332879873453862,0.5
1,0.000244140625,-0.18909684509648686,3.2845747694226213,-0.3332879873453862,0.49795367694775905
2,0.00048828125,-0.3781936901929737,6.5691495388452426,-0.3332879873453862,0.4959073538955181
3,0.0007324218750000001,-0.5672905352894606,9.853724308267864,-0.3332879873453862,0.493861030843334
4,0.0009765625,-0.7563873803859474,13.138299077690485,-0.3332879873453862,0.49181470779109304
5,0.001220703125,-0.9454842254824343,16.422873847113102,-0.3332879873453862,0.4897683847388521
6,0.0014648437500000002,-1.1345810705789212,19.70744861653573,-0.3332879873453862,0.48772206168661114
7,0.001708984375,-1.3236779156754082,22.99202338595835,-0.3332879873453862,0.4856757386343702
8,0.001953125,-1.5127747607718949,26.27659815538097,-0.3332879873453862,0.4836294155821861
9,0.002197265625,-1.7018716058683816,29.561172924803586,-0.3332879873453862,0.48158309252994513
10,0.00244140625,-1.8909684509648685,32.845747694226205,-0.3332879873453862,0.4795367694777042
11,0.002685546875,-2.0800652960613557,36.130322463648824,-0.3332879873453862,0.47749044642546323
12,0.0029296875000000004,-2.2691621411578424,39.41489723307146,-0.3332879873453862,0.4754441233732223
13,0.003173828125,-2.4568881350728904,42.554458425542116,-0.33328789477724285,0.47339805962724313
14,0.00341796875,-2.6391307242621846,45.113965310204996,-0.333287431936526,0.47135303310614063
15,0.003662109375,-2.821373313451478,47.673472194867855,-0.3332869690957523,0.46930800658503813
16,0.00390625,-3.003615902640772,50.23297907953072,-0.3332865062550354,0.46726298006393563
17,0.004150390625,-3.1858584918300665,52.79248596419359,-0.33328604341431856,0.46521795354283313
18,0.00439453125,-3.36810108101936,55.35199284885645,-0.33328558057354485,0.46317292702173063
19,0.004638671875,-3.550343670208654,57.91149973351933,-0.333285117732828,0.46112790050062813
20,0.0048828125,-3.7325862593979475,60.47100661818219,-0.3332846548920543,0.45908287397952563
21,0.005126953125,-3.9148288485872413,63.03051350284506,-0.3332841920513374,0.45703784745842313
22,0.00537109375,-4.097071437776536,65.59002038750792,-0.33328372921062055,0.45499282093732063
23,0.005615234375,-4.279314026965829,68.14952727217079,-0.33328326636984684,0.45294779441621813
24,0.005859375000000001,-4.461556616155123,70.70903415683365,-0.33328280352913,0.45090276789511563
25,0.006103515625,-4.6437992053444175,73.26854104149652,-0.3332823406884131,0.44885774137401313
26,0.00634765625,-4.826041794533711,75.82804792615939,-0.3332818778476394,0.4468127148529675
27,0.006591796875,-5.008284383723005,78.38755481082225,-0.33328141500692254,0.444767688331865
28,0.0068359375,-5.1905269729122985,80.94706169548513,-0.3332809521662057,0.4427226618107625
29,0.007080078125000001,-5.372769562101593,83.50656858014801,-0.333280489325432,0.44067763528966
30,0.00732421875,-5.555012151290887,86.06607546481085,-0.3332800264847151,0.4386326087685575
31,0.007568359375,-5.73725474048018,88.62558234947373,-0.33327956364399824,0.436587582247455
32,0.0078125,-5.919497329669475,91.1850892341366,-0.33327910080322454,0.4345425557263525
33,0.008056640625,-6.101739918858769,93.74459611879948,-0.3332786379625077,0.43249752920525
34,0.00830078125,-6.283982508048062,96.30410300346233,-0.3332781751217908,0.4304525026841475
35,0.008544921875,-6.466225097237356,98.8636098881252,-0.3332777122810171,0.428407476163045
36,0.0087890625,-6.648467686426651,101.42311677278806,-0.33327724944030024,0.4263624496419425
37,0.009033203125,-6.830710275615943,103.98262365745092,-0.33327678659952653,0.42431742312084
38,0.00927734375,-7.0129528648052375,106.54213054211381,-0.33327632375880967,0.4222723965997375
39,0.009521484375,-7.191278928094573,108.70812986274848,-0.33327524434866973,0.42023702547527364
40,0.009765625,-7.36699397411727,110.61179080736433,-0.33327375389228564,0.41820809128194014
41,0.010009765625,-7.542709020139969,112.51545175198022,-0.33327226343590155,0.4161791570885498
42,0.01025390625,-7.718424066162665,114.41911269659607,-0.33327077297951746,0.4141502228952163
43,0.010498046874999998,-7.894139112185362,116.32277364121195,-0.33326928252313337,0.4121212887018828
44,0.0107421875,-8.069854158208061,118.22643458582785,-0.3332677920667493,0.41009235450849246
45,0.010986328125,-8.245569204230758,120.13009553044368,-0.3332663016103652,0.40806342031515896
46,0.01123046875,-8.421284250253455,122.03375647505958,-0.3332648111539811,0.40603448612182547
47,0.011474609375,-8.596999296276152,123.93741741967546,-0.333263320697597,0.4040055519284351
48,0.011718750000000002,-8.772714342298851,125.8410783642913,-0.3332618302412129,0.4019766177351016
49,0.011962890625,-8.948429388321548,127.74473930890719,-0.33326033978482883,0.39994768354176813
50,0.01220703125,-9.124144434344245,129.64840025352305,-0.33325884932844474,0.3979187493483778
51,0.012451171875,-9.299859480366944,131.55206119813892,-0.33325735887206065,0.3958898151550443
52,0.0126953125,-9.475574526389641,133.4557221427548,-0.33325586841567656,0.39386088096165395
53,0.012939453125000002,-9.65128957241234,135.3593830873707,-0.33325437795929247,0.39183194676832045
54,0.01318359375,-9.827004618435035,137.26304403198654,-0.3332528875029084,0.38980301257498695
55,0.013427734375,-10.002719664457732,139.1667049766024,-0.33325139704646745,0.3877740783815966
56,0.013671875,-10.178434710480431,141.07036592121827,-0.33324990659008336,0.3857451441882631
57,0.013916015625,-10.354149756503128,142.97402686583416,-0.33324841613369927,0.3837162099949296
58,0.014160156250000002,-10.529864802525825,144.87768781045003,-0.3332469256773152,0.38168727580153927
59,0.014404296875,-10.705579848548524,146.7813487550659,-0.3332454352209311,0.3796583416082058
60,0.0146484375,-10.88129489457122,148.68500969968176,-0.333243944764547,0.37762940741481543
61,0.014892578125,-11.05700994059392,150.58867064429765,-0.3332424543081629,0.37560047322148193
62,0.01513671875,-11.232724986616615,152.49233158891352,-0.3332409638517788,0.37357153902814844
63,0.015380859375000002,-11.408440032639314,154.39599253352938,-0.3332394733953947,0.3715426048347581
64,0.015625,-11.584155078662011,156.29965347814525,-0.33323798293901064,0.3695136706414246
65,0.015869140625,-11.753642673821073,157.61609931510927,-0.33323492601113003,0.36752545949252635
66,0.01611328125,-11.923130268980135,158.93254515207332,-0.3332318690832494,0.3655372483436281
67,0.016357421875,-12.0926178641392,160.2489909890373,-0.3332288121553688,0.36354903719472986
68,0.0166015625,-12.262105459298262,161.56543682600136,-0.3332257552274882,0.3615608260458316
69,0.016845703125,-12.431593054457325,162.88188266296538,-0.3332226982996076,0.3595726148969334
70,0.01708984375,-12.601080649616385,164.19832849992943,-0.333219641371727,0.35758440374803513
71,0.017333984375,-12.77056824477545,165.51477433689342,-0.3332165844438464,0.3555961925991369
72,0.017578125,-12.940055839934512,166.83122017385747,-0.3332135275159658,0.3536079814501818
73,0.017822265625,-13.109543435093576,168.1476660108215,-0.3332104705880852,0.35161977030128355
74,0.01806640625,-13.279031030252638,169.4641118477855,-0.3332074136602614,0.3496315591523853
75,0.018310546875,-13.4485186254117,170.7805576847495,-0.3332043567323808,0.34764334800348706
76,0.0185546875,-13.618006220570763,172.09700352171356,-0.3332012998045002,0.3456551368545888
77,0.018798828125,-13.787493815729825,173.41344935867758,-0.3331982428766196,0.3436669257056906
78,0.01904296875,-13.95698141088889,174.7298951956416,-0.333195185948739,0.34167871455679233
79,0.019287109375,-14.12646900604795,176.04634103260565,-0.3331921290208584,0.3396905034078941
80,0.01953125,-14.295956601207013,177.36278686956967,-0.33318907209297777,0.33770229225899584
81,0.019775390624999997,-14.465444196366075,178.6792327065337,-0.33318601516509716,0.3357140811100976
82,0.02001953125,-14.63493179152514,179.99567854349772,-0.33318295823721655,0.33372586996119935
83,0.020263671875,-14.804419386684202,181.31212438046174,-0.33317990130933595,0.3317376588123011
84,0.0205078125,-14.973906981843262,182.62857021742576,-0.33317684438145534,0.32974944766340286
85,0.020751953125,-15.143394577002326,183.94501605438975,-0.33317378745357473,0.3277612365145046
86,0.020996093749999997,-15.31288217216139,185.2614618913538,-0.3331707305256941,0.32577302536554953
87,0.021240234375,-15.482369767320453,186.57790772831785,-0.3331676735978135,0.3237848142166513
88,0.021484375,-15.651857362479516,187.89435356528188,-0.3331646166699329,0.32179660306775304
89,0.021728515625,-15.821344957638576,189.21079940224587,-0.3331615597420523,0.3198083919188548
90,0.02197265625,-15.988452138948249,190.32126901230964,-0.33315767205323255,0.3178484489704374
91,0.022216796874999997,-16.15198869948384,191.12277428202302,-0.3331525382229188,0.31593090832279813
92,0.0224609375,-16.315525260019427,191.9242795517364,-0.3331474043925482,0.31401336767515886
93,0.022705078125,-16.479061820555017,192.7257848214498,-0.33314227056223444,0.31209582702746275
94,0.02294921875,-16.642598381090608,193.52729009116314,-0.3331371367319207,0.3101782863798235
95,0.023193359375,-16.806134941626194,194.3287953608765,-0.33313200290160694,0.30826074573212736
96,0.023437500000000003,-16.969671502161784,195.1303006305899,-0.33312686907123634,0.3063432050844881
97,0.023681640625,-17.133208062697374,195.9318059003033,-0.3331217352409226,0.3044256644368488
98,0.02392578125,-17.29674462323296,196.7333111700166,-0.33311660141060884,0.3025081237891527
99,0.024169921875,-17.46028118376855,197.53481643972998,-0.3331114675802951,0.30059058314151343
100,0.0244140625,-17.62381774430414,198.33632170944335,-0.33310633374998133,0.2986730424938173
101,0.024658203125000003,-17.787354304839727,199.13782697915676,-0.33310119991961074,0.29675550184617805
102,0.02490234375,-17.950890865375317,199.9393322488701,-0.333096066089297,0.2948379611985388
103,0.025146484375,-18.114427425910904,200.7408375185835,-0.33309093225898323,0.29292042055084266
104,0.025390625,-18.277963986446494,201.54234278829685,-0.3330857984286695,0.2910028799032034
105,0.025634765625,-18.44150054698208,202.34384805801025,-0.3330806645983557,0.2890853392555073
106,0.025878906250000003,-18.605037107517674,203.14535332772363,-0.33307553076798513,0.287167798607868
107,0.026123046875,-18.768573668053257,203.946858597437,-0.3330703969376714,0.28525025796022874
108,0.0263671875,-18.93211022858885,204.74836386715035,-0.3330652631073576,0.2833327173125326
109,0.026611328125,-19.095646789124434,205.54986913686375,-0.33306012927704387,0.28141517666489335
110,0.02685546875,-19.259183349660024,206.35137440657707,-0.3330549954467301,0.27949763601719724
111,0.027099609375000003,-19.422719910195614,207.15287967629047,-0.3330498616163595,0.27758009536955797
112,0.02734375,-19.586256470731204,207.9543849460038,-0.33304472778604577,0.27566255472186185
113,0.027587890625,-19.749793031266794,208.75589021571722,-0.333039593955732,0.2737450140742226
114,0.02783203125,-19.91332959180238,209.55739548543056,-0.33303446012541826,0.2718274734265833
115,0.028076171875,-20.07686615233797,210.35890075514396,-0.3330293262951045,0.2699099327788872
116,0.028320312500000003,-20.235807764652442,210.80966813125815,-0.33302214730287005,0.26807380859901286
117,0.028564453125,-20.393600639911632,211.1727510339726,-0.3330144570202265,0.2662580385360229
118,0.02880859375,-20.551393515170826,211.53583393668697,-0.3330067667375829,0.2644422684730898
119,0.029052734375,-20.709186390430016,211.8989168394014,-0.3329990764549393,0.2626264984100999
120,0.029296875,-20.86697926568921,212.26199974211582,-0.33299138617229573,0.26081072834710994
121,0.029541015625000003,-21.024772140948407,212.62508264483023,-0.33298369588965215,0.25899495828417685
122,0.02978515625,-21.182565016207597,212.9881655475446,-0.3329760056070086,0.2571791882211869
123,0.030029296875,-21.340357891466788,213.35124845025905,-0.332968315324365,0.2553634181582538
124,0.0302734375,-21.498150766725974,213.71433135297346,-0.33296062504166457,0.25354764809526387
125,0.030517578125,-21.65594364198517,214.07741425568787,-0.332952934759021,0.2517318780322739
126,0.030761718750000003,-21.813736517244365,214.44049715840228,-0.3329452444763774,0.24991610796934083
127,0.031005859375,-21.971529392503555,214.80358006111672,-0.33293755419373383,0.2481003379063509
128,0.03125,-22.129322267762745,215.1666629638311,-0.33292986391109025,0.2462845678434178
129,0.031494140625,-22.28711514302194,215.5297458665455,-0.33292217362844667,0.24446879778042785
130,0.03173828125,-22.44490801828113,215.89282876925992,-0.3329144833458031,0.2426530277174379
131,0.031982421875,-22.602700893540323,216.25591167197436,-0.3329067930631595,0.2408372576545048
132,0.0322265625,-22.760493768799517,216.61899457468874,-0.33289910278051593,0.23902148759151487
133,0.032470703125,-22.918286644058707,216.98207747740318,-0.3328914124978155,0.23720571752852493
134,0.03271484375,-23.076079519317897,217.34516038011762,-0.33288372221517193,0.23538994746559183
135,0.032958984375,-23.233872394577087,217.708243282832,-0.33287603193252835,0.2335741774026019
136,0.033203125,-23.39166526983628,218.0713261855464,-0.33286834164988477,0.2317584073396688
137,0.033447265625,-23.54945814509548,218.43440908826082,-0.3328606513672412,0.22994263727667885
138,0.03369140625,-23.70725102035467,218.79749199097526,-0.3328529610845976,0.2281268672136889
139,0.033935546875,-23.86504389561386,219.16057489368964,-0.33284527080195403,0.2263110971507558
140,0.0341796875,-24.02283677087305,219.52365779640408,-0.33283758051931045,0.22449532708776587
141,0.034423828125,-24.179502979915437,219.8148202083981,-0.3328292896821381,0.22270564186078445
142,0.03466796875,-24.331662524090568,219.81830065751058,-0.3328185966270212,0.22102029597772344
143,0.034912109375,-24.483822068265706,219.82178110662306,-0.3328079035718474,0.21933495009471926
144,0.03515625,-24.635981612440844,219.82526155573552,-0.3327972105167305,0.21764960421165824
145,0.035400390625,-24.788141156615982,219.828742004848,-0.3327865174616136,0.21596425832859723
146,0.03564453125,-24.94030070079112,219.83222245396044,-0.3327758244064398,0.2142789124455362
147,0.035888671875,-25.092460244966258,219.83570290307293,-0.3327651313513229,0.21259356656253203
148,0.0361328125,-25.244619789141396,219.8391833521854,-0.332754438296206,0.21090822067947101
149,0.036376953125,-25.39677933331653,219.84266380129787,-0.33274374524103223,0.20922287479641
150,0.03662109375,-25.548938877491665,219.84614425041033,-0.3327330521859153,0.20753752891334898
151,0.036865234375,-25.701098421666803,219.84962469952282,-0.3327223591307984,0.20585218303028796
152,0.037109375,-25.85325796584194,219.8531051486353,-0.3327116660756815,0.2041668371472838
153,0.037353515625,-26.00541751001708,219.8565855977478,-0.3327009730205077,0.20248149126422277
154,0.03759765625,-26.157577054192217,219.86006604686025,-0.3326902799653908,0.20079614538116175
155,0.037841796875,-26.309736598367355,219.86354649597274,-0.3326795869102739,0.19911079949810073
156,0.0380859375,-26.461896142542493,219.86702694508517,-0.3326688938551001,0.19742545361503971
157,0.038330078125,-26.61405568671763,219.87050739419766,-0.3326582007999832,0.19574010773203554
158,0.03857421875,-26.76621523089277,219.87398784331012,-0.3326475077448663,0.19405476184897452
159,0.038818359375,-26.918374775067903,219.8774682924226,-0.33263681468969253,0.1923694159659135
160,0.0390625,-27.070534319243038,219.88094874153506,-0.3326261216345756,0.19068407008285249
161,0.039306640625,-27.222693863418176,219.88442919064755,-0.3326154285794587,0.18899872419979147
162,0.03955078124999999,-27.37485340759331,219.88790963976004,-0.33260473552428493,0.1873133783167873
163,0.039794921875,-27.52701295176845,219.89139008887253,-0.332594042469168,0.18562803243372628
164,0.0400390625,-27.67917249594359,219.89487053798499,-0.3325833494140511,0.18394268655066526
165,0.040283203125,-27.831332040118728,219.89835098709744,-0.33257265635887734,0.18225734066760424
166,0.04052734375,-27.983491584293866,219.9018314362099,-0.3325619633037604,0.18057199478460007
167,0.04077148437499999,-28.132269762448736,219.7362841740312,-0.3325492219818784,0.17897895818578036
168,0.041015625,-28.2787936965901,219.4580517709917,-0.3325351151488576,0.17744746110980714
169,0.041259765625,-28.425317630731463,219.17981936795218,-0.33252100831583675,0.17591596403389076
170,0.04150390625,-28.57184156487283,218.90158696491264,-0.3325069014828159,0.17438446695791754
171,0.041748046875,-28.718365499014197,218.62335456187316,-0.3324927946497951,0.17285296988200116
172,0.04199218749999999,-28.864889433155554,218.34512215883362,-0.33247868781677425,0.17132147280602794
173,0.042236328125,-29.011413367296917,218.06688975579414,-0.3324645809837534,0.16978997573011156
174,0.04248046875,-29.157937301438288,217.7886573527546,-0.3324504741507326,0.16825847865413834
175,0.042724609375,-29.30446123557965,217.5104249497151,-0.33243636731771176,0.16672698157822197
176,0.04296875,-29.450985169721015,217.23219254667558,-0.3324222604846341,0.16519548450224875
177,0.04321289062499999,-29.597509103862375,216.9539601436361,-0.33240815365161325,0.16366398742627553
178,0.04345703125,-29.74403303800374,216.67572774059656,-0.3323940468185924,0.16213249035035915
179,0.043701171875,-29.890556972145113,216.39749533755702,-0.3323799399855716,0.16060099327438593
180,0.0439453125,-30.03708090628647,216.11926293451754,-0.33236583315255075,0.15906949619846955
181,0.044189453125,-30.183604840427833,215.841030531478,-0.3323517263195299,0.15753799912249633
182,0.04443359374999999,-30.330128774569193,215.5627981284385,-0.3323376194865091,0.15600650204657995
183,0.044677734375,-30.476652708710564,215.284565725399,-0.33232351265348825,0.15447500497060673
184,0.044921875,-30.62317664285193,215.0063333223595,-0.3323094058204674,0.1529435078946335
185,0.045166015625,-30.76970057699329,214.72810091931996,-0.3322952989874466,0.15141201081871714
186,0.04541015625,-30.916224511134654,214.44986851628045,-0.33228119215442575,0.14988051374274391
187,0.04565429687499999,-31.062748445276018,214.17163611324096,-0.3322670853213481,0.14834901666682754
188,0.0458984375,-31.20927237941738,213.89340371020143,-0.33225297848832724,0.14681751959085432
189,0.046142578125,-31.35579631355875,213.6151713071619,-0.3322388716553064,0.14528602251493794
190,0.04638671875,-31.50232024770011,213.3369389041224,-0.3322247648222856,0.14375452543896472
191,0.046630859375,-31.64884418184148,213.0587065010829,-0.33221065798926475,0.14222302836304834
192,0.04687500000000001,-31.795368115982843,212.78047409804336,-0.3321965511562439,0.14069153128707512
193,0.047119140625,-31.936135358462852,212.29404267281896,-0.3321786565609841,0.13933029219867876
194,0.04736328125,-32.076902600942866,211.80761124759454,-0.3321607619657243,0.1379690531102824
195,0.047607421875,-32.217669843422875,211.32117982237014,-0.3321428673704645,0.13660781402194289
196,0.0478515625,-32.358437085902885,210.83474839714575,-0.3321249727752047,0.13524657493354653
197,0.04809570312500001,-32.4992043283829,210.34831697192132,-0.3321070781799449,0.13388533584515017
198,0.04833984375,-32.63997157086291,209.86188554669693,-0.3320891835846851,0.1325240967567538
199,0.048583984375,-32.78073881334293,209.37545412147256,-0.3320712889894253,0.13116285766835745
200,0.048828125,-32.92150605582294,208.88902269624813,-0.3320533943941655,0.12980161858001793
201,0.049072265625,-33.06227329830295,208.40259127102374,-0.33203549979884883,0.12844037949162157
202,0.04931640625000001,-33.203040540782965,207.9161598457993,-0.33201760520358903,0.1270791404032252
203,0.049560546875,-33.343807783262974,207.42972842057492,-0.3319997106083292,0.12571790131482885
204,0.0498046875,-33.48457502574299,206.94329699535052,-0.3319818160130694,0.12435666222648933
205,0.050048828125,-33.625342268222994,206.45686557012613,-0.3319639214178096,0.12299542313809297
206,0.05029296875,-33.76610951070301,205.9704341449017,-0.3319460268225498,0.12163418404969661
207,0.05053710937500001,-33.90687675318303,205.4840027196773,-0.33192813222729,0.12027294496130025
208,0.05078125,-34.04764399566303,204.99757129445288,-0.3319102376320302,0.1189117058729039
209,0.051025390625,-34.18841123814305,204.5111398692285,-0.3318923430367704,0.11755046678456438
210,0.05126953125,-34.32917848062306,204.0247084440041,-0.3318744484415106,0.11618922769616802
211,0.051513671875,-34.469945723103066,203.53827701877967,-0.3318565538462508,0.11482798860777166
212,0.05175781250000001,-34.61071296558308,203.05184559355524,-0.331838659250991,0.1134667495193753
213,0.052001953125,-34.75148020806309,202.56541416833088,-0.3318207646557312,0.11210551043097894
214,0.05224609375,-34.8922474505431,202.07898274310645,-0.3318028700604714,0.11074427134263942
215,0.052490234375,-35.03301469302312,201.59255131788206,-0.3317849754652116,0.10938303225424306
216,0.052734375,-35.17378193550313,201.10611989265766,-0.3317670808698949,0.1080217931658467
217,0.05297851562500001,-35.31454917798315,200.61968846743324,-0.3317491862746351,0.10666055407745034
218,0.05322265625,-35.45291890358185,200.0764720541529,-0.3317296422865752,0.10537087559521296
219,0.053466796875,-35.587692353858614,199.4480781587887,-0.3317076242093435,0.1041885380221288
220,0.0537109375,-35.72246580413537,198.81968426342442,-0.331685606132055,0.10300620044904463
221,0.053955078125,-35.85723925441213,198.19129036806018,-0.3316635880548233,0.1018238628760173
222,0.05419921875000001,-35.99201270468888,197.56289647269594,-0.3316415699775348,0.10064152530293313
223,0.054443359375,-36.12678615496564,196.93450257733173,-0.3316195519002463,0.09945918772984896
224,0.0546875,-36.261559605242404,196.30610868196746,-0.3315975338230146,0.0982768501567648
225,0.054931640625,-36.39633305551916,195.67771478660327,-0.3315755157457261,0.09709451258368063
226,0.05517578125,-36.53110650579591,195.049320891239,-0.3315534976684944,0.0959121750106533
227,0.05541992187500001,-36.66587995607268,194.42092699587474,-0.3315314795912059,0.09472983743756913
228,0.0556640625,-36.800653406349426,193.79253310051055,-0.33150946151391736,0.09354749986448496
229,0.055908203125,-36.935426856626194,193.16413920514628,-0.3314874434366857,0.09236516229140079
230,0.05615234375,-37.07020030690294,192.53574530978207,-0.33146542535939716,0.09118282471837347
231,0.056396484375,-37.2049737571797,191.90735141441783,-0.3314434072821655,0.0900004871452893
232,0.05664062500000001,-37.33974720745646,191.2789575190536,-0.33142138920487696,0.08881814957220513
233,0.056884765625,-37.474520657733216,190.65056362368935,-0.33139937112758844,0.08763581199912096
234,0.05712890625,-37.609294108009976,190.02216972832514,-0.33137735305035676,0.08645347442609363
235,0.057373046875,-37.74406755828673,189.3937758329609,-0.33135533497306824,0.08527113685300947
236,0.0576171875,-37.878841008563484,188.76538193759666,-0.33133331689583656,0.0840887992799253
237,0.05786132812500001,-38.01361445884025,188.13698804223242,-0.33131129881854804,0.08290646170684113
238,0.05810546875,-38.148387909117005,187.50859414686818,-0.3312892807412595,0.08172412413375696
239,0.058349609375,-38.28316135939376,186.88020025150394,-0.33126726266402784,0.08054178656072963
240,0.05859375,-38.41793480967051,186.25180635613972,-0.3312452445867393,0.07935944898764546
241,0.058837890625,-38.55270825994728,185.62341246077546,-0.33122322650950764,0.0781771114145613
242,0.05908203125000001,-38.687481710224034,184.9950185654112,-0.3312012084322191,0.07699477384147713
243,0.059326171875,-38.822255160500795,184.366624670047,-0.3311791903549306,0.0758124362684498
244,0.0595703125,-38.95195983500487,183.67026466416817,-0.33115363609545057,0.07477406507888418
245,0.059814453125,-39.08039731556578,182.95691313066075,-0.33112719779040845,0.07377168548515556
246,0.06005859375,-39.20883479612669,182.24356159715327,-0.3311007594853663,0.07276930589148378
247,0.06030273437500001,-39.3372722766876,181.53021006364582,-0.3310743211803242,0.071766926297812
248,0.060546875,-39.465709757248504,180.81685853013838,-0.3310478828752821,0.07076454670414023
249,0.060791015625,-39.59414723780941,180.1035069966309,-0.3310214445701831,0.06976216711046845
250,0.06103515625,-39.72258471837032,179.39015546312345,-0.330995006265141,0.06875978751679668
251,0.061279296875,-39.851022198931226,178.67680392961603,-0.3309685679600989,0.06775740792306806
252,0.06152343750000001,-39.97945967949214,177.96345239610855,-0.33094212965505676,0.06675502832939628
253,0.061767578125,-40.10789716005305,177.2501008626011,-0.33091569135001464,0.0657526487357245
254,0.06201171875,-40.236334640613954,176.53674932909362,-0.3308892530449725,0.06475026914205273
255,0.062255859375,-40.36477212117487,175.8233977955862,-0.3308628147399304,0.06374788954838095
256,0.0625,-40.49320960173578,175.11004626207875,-0.33083637643483144,0.06274550995465233
257,0.062744140625,-40.62164708229668,174.39669472857128,-0.3308099381297893,0.06174313036098056
258,0.06298828125,-40.750084562857595,173.68334319506386,-0.3307834998247472,0.06074075076730878
259,0.063232421875,-40.8785220434185,172.96999166155638,-0.3307570615197051,0.059738371173637006
260,0.0634765625,-41.00695952397941,172.25664012804893,-0.33073062321466296,0.05873599157996523
261,0.063720703125,-41.135397004540316,171.54328859454145,-0.33070418490962084,0.057733611986293454
262,0.06396484375,-41.26383448510123,170.82993706103403,-0.3306777466045787,0.056731232392564834
263,0.064208984375,-41.39227196566214,170.1165855275266,-0.3306513082995366,0.05572885279889306
264,0.064453125,-41.520709446223044,169.4032339940191,-0.33062486999443763,0.05472647320522128
265,0.064697265625,-41.649146926783956,168.68988246051168,-0.3305984316893955,0.053724093611549506
266,0.06494140625,-41.77758440734486,167.9765309270042,-0.3305719933843534,0.05272171401787773
267,0.065185546875,-41.906021887905766,167.26317939349676,-0.33054555507931127,0.051719334424205954
268,0.0654296875,-42.03445936846668,166.5498278599893,-0.33051911677426915,0.050716954830477334
269,0.065673828125,-42.16154376545185,165.82885719131173,-0.33049174289027405,0.04974943874827886
270,0.06591796875,-42.28321582813404,165.07740998195374,-0.3304606266904102,0.048921376711746234
271,0.066162109375,-42.40488789081625,164.32596277259572,-0.3304295104906032,0.04809331467527045
272,0.06640625,-42.52655995349845,163.57451556323772,-0.3303983942907962,0.04726525263873782
273,0.066650390625,-42.64823201618064,162.82306835387968,-0.33036727809093236,0.046437190602262035
274,0.06689453125,-42.769904078862844,162.07162114452169,-0.33033616189112536,0.04560912856572941
275,0.067138671875,-42.89157614154504,161.3201739351637,-0.3303050456912615,0.04478106652925362
276,0.0673828125,-43.01324820422723,160.56872672580565,-0.3302739294914545,0.04395300449272099
277,0.067626953125,-43.13492026690944,159.81727951644766,-0.33024281329159066,0.04312494245624521
278,0.06787109375,-43.25659232959163,159.06583230708966,-0.33021169709178366,0.04229688041971258
279,0.068115234375,-43.378264392273834,158.31438509773164,-0.33018058089197666,0.041468818383236794
280,0.068359375,-43.49993645495603,157.56293788837363,-0.3301494646921128,0.040640756346704165
281,0.068603515625,-43.62160851763822,156.81149067901563,-0.3301183484923058,0.03981269431022838
282,0.06884765625,-43.74328058032044,156.06004346965761,-0.33008723229244197,0.038984632273752595
283,0.069091796875,-43.864952643002624,155.30859626029965,-0.33005611609263497,0.03815657023721997
284,0.0693359375,-43.986624705684825,154.5571490509416,-0.33002499989282796,0.03732850820074418
285,0.069580078125,-44.10829676836702,153.8057018415836,-0.3299938836929641,0.03650044616421155
286,0.06982421875,-44.22996883104922,153.0542546322256,-0.3299627674931571,0.03567238412773577
287,0.070068359375,-44.35164089373142,152.30280742286755,-0.32993165129329327,0.03484432209120314
288,0.0703125,-44.47331295641362,151.55136021350958,-0.32990053509348627,0.034016260054727354
289,0.070556640625,-44.594985019095816,150.79991300415156,-0.32986941889367927,0.033188198018194726
290,0.07080078125,-44.71665708177802,150.04846579479354,-0.3298383026938154,0.03236013598171894
291,0.071044921875,-44.83832914446021,149.29701858543552,-0.3298071864940084,0.03153207394518631
292,0.0712890625,-44.96000120714241,148.54557137607753,-0.3297760702941446,0.030704011908710527
293,0.071533203125,-45.081673269824606,147.7941241667195,-0.3297449540943376,0.029875949872177898
294,0.07177734375,-45.20334533250681,147.0426769573615,-0.32971383789453057,0.029047887835702113
295,0.072021484375,-45.32066194163708,146.29041266608488,-0.32967978345789106,0.02831781484610474
296,0.072265625,-45.435074915066075,145.53760365352915,-0.32964377019681024,0.027653067887797533
297,0.072509765625,-45.54948788849506,144.78479464097342,-0.32960775693567257,0.026988320929490328
298,0.07275390625,-45.66390086192405,144.0319856284177,-0.32957174367459174,0.026323573971239966
299,0.072998046875,-45.77831383535304,143.27917661586196,-0.3295357304134541,0.02565882701293276
300,0.0732421875,-45.89272680878203,142.52636760330623,-0.32949971715237325,0.024994080054625556
301,0.073486328125,-46.00713978221101,141.7735585907505,-0.3294637038912356,0.02432933309631835
302,0.07373046875,-46.12155275564,141.02074957819474,-0.32942769063015476,0.023664586138011146
303,0.073974609375,-46.235965729069,140.26794056563904,-0.3293916773690171,0.02299983917970394
304,0.07421875,-46.35037870249799,139.5151315530833,-0.32935566410793626,0.022335092221396735
305,0.074462890625,-46.46479167592697,138.76232254052755,-0.3293196508467986,0.02167034526308953
306,0.07470703125,-46.579204649355965,138.00951352797182,-0.32928363758571777,0.021005598304782325
307,0.074951171875,-46.693617622784956,137.2567045154161,-0.3292476243245801,0.020340851346531963
308,0.0751953125,-46.80803059621394,136.5038955028604,-0.3292116110634993,0.019676104388224758
309,0.075439453125,-46.92244356964293,135.75108649030466,-0.3291755978023616,0.019011357429917553
310,0.07568359375,-47.03685654307192,134.99827747774893,-0.3291395845412808,0.018346610471610347
311,0.075927734375,-47.15126951650091,134.24546846519317,-0.3291035712801431,0.017681863513303142
312,0.076171875,-47.2656824899299,133.49265945263744,-0.3290675580190623,0.017017116554995937
313,0.076416015625,-47.38009546335889,132.7398504400817,-0.3290315447579246,0.01635236959668873
314,0.07666015625,-47.49450843678788,131.987041427526,-0.3289955314968438,0.015687622638381526
315,0.076904296875,-47.60892141021686,131.23423241497028,-0.3289595182357061,0.015022875680074321
316,0.0771484375,-47.723334383645856,130.48142340241455,-0.3289235049746253,0.01435812872182396
317,0.077392578125,-47.83774735707485,129.7286143898588,-0.32888749171348763,0.013693381763516754
318,0.07763671875,-47.95216033050384,128.97580537730306,-0.3288514784524068,0.013028634805209549
319,0.077880859375,-48.06657330393282,128.22299636474733,-0.32881546519126914,0.012363887846902344
320,0.078125,-48.18098627736181,127.47018735219162,-0.3287794519301883,0.011699140888595139
321,0.078369140625,-48.28760880957323,126.74333354285784,-0.3287383595909432,0.011182864947386406
322,0.07861328125,-48.394231341784646,126.01647973352404,-0.3286972672516413,0.010666589006234517
323,0.078857421875,-48.50085387399606,125.28962592419026,-0.3286561749123962,0.010150313065025784
324,0.07910156249999999,-48.60747640620746,124.56277211485651,-0.32861508257309424,0.009634037123873895
325,0.079345703125,-48.71409893841887,123.83591830552272,-0.32857399023384914,0.009117761182722006
326,0.07958984375,-48.82072147063029,123.10906449618894,-0.3285328978945472,0.008601485241513274
327,0.079833984375,-48.9273440028417,122.38221068685516,-0.3284918055553021,0.008085209300304541
328,0.080078125,-49.03396653505311,121.65535687752136,-0.32845071321600017,0.007568933359152652
329,0.08032226562499999,-49.14058906726452,120.92850306818765,-0.32840962087675507,0.007052657418000763
330,0.08056640625,-49.24721159947593,120.20164925885386,-0.32836852853745313,0.00653638147679203
331,0.080810546875,-49.35383413168734,119.47479544952007,-0.32832743619820803,0.006020105535583298
332,0.0810546875,-49.46045666389876,118.74794164018628,-0.3282863438589061,0.005503829594431409
333,0.081298828125,-49.56707919611018,118.0210878308525,-0.328245251519661,0.004987553653222676
334,0.08154296874999999,-49.67370172832158,117.29423402151876,-0.3282041591804159,0.004471277712070787
335,0.081787109375,-49.78032426053299,116.56738021218496,-0.32816306684111396,0.003955001770918898
336,0.08203125,-49.88694679274441,115.84052640285118,-0.32812197450186886,0.0034387258297101653
337,0.082275390625,-49.99356932495582,115.11367259351739,-0.3280808821625669,0.0029224498885014327
338,0.08251953125,-50.10019185716723,114.3868187841836,-0.3280397898233218,0.0024061739473495436
339,0.08276367187499999,-50.20681438937864,113.65996497484987,-0.3279986974840199,0.0018898980061976545
340,0.0830078125,-50.31343692159005,112.93311116551608,-0.3279576051447748,0.001373622064988922
341,0.083251953125,-50.42005945380147,112.20625735618229,-0.32791651280547285,0.0008573461238370328
342,0.08349609375,-50.52668198601288,111.47940354684852,-0.32787542046622775,0.00034107018262830024
343,0.083740234375,-50.63330451822429,110.75254973751473,-0.3278343281269258,-0.0001752057585804323
344,0.08398437499999999,-50.739927050435696,110.02569592818098,-0.3277932357876807,-0.0006914816997323214
345,0.084228515625,-50.846549582647114,109.2988421188472,-0.3277521434483788,-0.0012077576408842106
346,0.08447265625,-50.9498396258335,108.58999035433624,-0.32770896064300814,-0.0016715213738507373
347,0.084716796875,-51.048130935482334,107.90814165705949,-0.3276626421384776,-0.0020565167944255336
348,0.0849609375,-51.14642224513118,107.22629295978274,-0.32761632363389026,-0.0024415122150571733
349,0.08520507812499999,-51.24471355478,106.54444426250605,-0.3275700051293029,-0.0028265076356319696
350,0.08544921875,-51.34300486442884,105.86259556522931,-0.3275236866247724,-0.003211503056206766
351,0.085693359375,-51.44129617407768,105.18074686795256,-0.327477368120185,-0.003596498476781562
352,0.0859375,-51.539587483726514,104.49889817067582,-0.32743104961559766,-0.003981493897413202
353,0.086181640625,-51.63787879337535,103.81704947339907,-0.32738473111106714,-0.004366489317987998
354,0.08642578124999999,-51.73617010302418,103.13520077612236,-0.3273384126064798,-0.0047514847385627945
355,0.086669921875,-51.834461412673015,102.45335207884563,-0.32729209410194926,-0.005136480159137591
356,0.0869140625,-51.93275272232186,101.77150338156888,-0.3272457755973619,-0.005521475579712387
357,0.087158203125,-52.0310440319707,101.08965468429213,-0.32719945709277454,-0.005906471000344027
358,0.08740234375,-52.12933534161953,100.40780598701538,-0.327153138588244,-0.006291466420918823
359,0.08764648437499999,-52.227626651268366,99.72595728973869,-0.32710682008365666,-0.006676461841493619
360,0.087890625,-52.3259179609172,99.04410859246195,-0.32706050157912614,-0.007061457262068416
361,0.088134765625,-52.42420927056604,98.3622598951852,-0.3270141830745388,-0.0074464526827000554
362,0.08837890625,-52.52250058021487,97.68041119790846,-0.3269678645699514,-0.007831448103274852
363,0.088623046875,-52.62079188986371,96.9985625006317,-0.3269215460654209,-0.008216443523849648
364,0.08886718749999999,-52.71908319951254,96.316713803355,-0.32687522756083354,-0.008601438944424444
365,0.089111328125,-52.81737450916138,95.63486510607825,-0.326828909056303,-0.008986434365056084
366,0.08935546875,-52.91566581881021,94.9530164088015,-0.32678259055171566,-0.00937142978563088
367,0.089599609375,-53.013957128459055,94.27116771152478,-0.3267362720471283,-0.009756425206205677
368,0.08984375,-53.1122484381079,93.58931901424803,-0.3266899535425978,-0.010141420626780473
369,0.09008789062499999,-53.21053974775673,92.90747031697133,-0.3266436350380104,-0.01052641604735527
370,0.09033203125,-53.30883105740556,92.22562161969458,-0.3265973165334799,-0.010911411467986909
371,0.090576171875,-53.40712236705439,91.54377292241783,-0.32655099802889254,-0.011296406888561705
372,0.0908203125,-53.4983311196041,90.9076398619621,-0.3265004063219976,-0.011590947395234252
373,0.091064453125,-53.58776923287902,90.2829357107116,-0.3264487463144974,-0.011862874173402815
374,0.09130859374999999,-53.677207346153935,89.65823155946114,-0.3263970863069403,-0.012134800951628222
375,0.091552734375,-53.76664545942885,89.03352740821065,-0.3263454262994401,-0.012406727729796785
376,0.091796875,-53.856083572703774,88.40882325696016,-0.32629376629193985,-0.012678654507965348
377,0.092041015625,-53.9455216859787,87.78411910570966,-0.3262421062844396,-0.012950581286190754
378,0.09228515625,-54.034959799253606,87.15941495445917,-0.3261904462769394,-0.013222508064359317
379,0.09252929687499999,-54.12439791252853,86.53471080320872,-0.32613878626943915,-0.013494434842584724
380,0.0927734375,-54.213836025803445,85.91000665195824,-0.3260871262619389,-0.013766361620753287
381,0.093017578125,-54.30327413907837,85.28530250070774,-0.3260354662544387,-0.01403828839892185
382,0.09326171875,-54.39271225235328,84.66059834945725,-0.32598380624693846,-0.014310215177147256
383,0.093505859375,-54.48215036562821,84.03589419820675,-0.3259321462394382,-0.01458214195531582
384,0.09375000000000001,-54.57158847890313,83.41119004695625,-0.325880486231938,-0.014854068733541226
385,0.093994140625,-54.66102659217804,82.78648589570581,-0.32582882622443776,-0.015125995511709789
386,0.09423828125,-54.75046470545296,82.16178174445531,-0.32577716621693753,-0.015397922289878352
387,0.094482421875,-54.83990281872788,81.53707759320481,-0.3257255062094373,-0.01566984906810376
388,0.0947265625,-54.9293409320028,80.91237344195432,-0.32567384620193707,-0.01594177584627232
389,0.09497070312500001,-55.01877904527771,80.28766929070382,-0.32562218619443684,-0.016213702624440884
390,0.09521484375,-55.108217158552634,79.66296513945336,-0.3255705261869366,-0.01648562940266629
391,0.095458984375,-55.19765527182755,79.03826098820288,-0.3255188661794364,-0.016757556180834854
392,0.095703125,-55.28709338510247,78.41355683695238,-0.32546720617193614,-0.01702948295906026
393,0.095947265625,-55.37653149837739,77.7888526857019,-0.3254155461644359,-0.017301409737228823
394,0.09619140625000001,-55.46596961165231,77.1641485344514,-0.3253638861569357,-0.017573336515397386
395,0.096435546875,-55.55540772492723,76.53944438320096,-0.3253122261493786,-0.017845263293622793
396,0.0966796875,-55.644845838202144,75.91474023195045,-0.32526056614187837,-0.018117190071791356
397,0.096923828125,-55.73241801678894,75.30278763070564,-0.3252078202744997,-0.01837013453786085
398,0.09716796875,-55.81252645662325,74.74184122948355,-0.3251507309673798,-0.018547149755363534
399,0.09741210937500001,-55.89263489645756,74.18089482826147,-0.3250936416602599,-0.018724164972923063
400,0.09765625,-55.97274333629185,73.61994842703942,-0.32503655235314,-0.018901180190425748
401,0.097900390625,-56.052851776126154,73.05900202581735,-0.3249794630460201,-0.019078195407985277
402,0.09814453125,-56.13296021596045,72.49805562459525,-0.32492237373895705,-0.019255210625487962
403,0.098388671875,-56.213068655794764,71.93710922337317,-0.32486528443183715,-0.019432225842990647
404,0.09863281250000001,-56.29317709562907,71.37616282215109,-0.32480819512471726,-0.019609241060550175
405,0.098876953125,-56.373285535463374,70.81521642092905,-0.32475110581759736,-0.01978625627805286
406,0.09912109375,-56.453393975297686,70.25427001970696,-0.32469401651047747,-0.01996327149561239
407,0.099365234375,-56.533502415131984,69.69332361848488,-0.3246369272034144,-0.020140286713115074
408,0.099609375,-56.61361085496629,69.1323772172628,-0.3245798378962945,-0.02031730193061776
409,0.09985351562500001,-56.693719294800594,68.57143081604072,-0.3245227485891746,-0.020494317148177288
410,0.10009765625,-56.773827734634885,68.01048441481866,-0.32446565928205473,-0.020671332365679973
411,0.100341796875,-56.8539361744692,67.4495380135966,-0.32440856997493484,-0.0208483475832395
412,0.1005859375,-56.9340446143035,66.8885916123745,-0.3243514806678718,-0.021025362800742187
413,0.100830078125,-57.01415305413781,66.32764521115242,-0.3242943913607519,-0.021202378018301715
414,0.10107421875000001,-57.094261493972105,65.76669880993033,-0.324237302053632,-0.0213793932358044
415,0.101318359375,-57.17436993380642,65.20575240870829,-0.3241802127465121,-0.021556408453307085
416,0.1015625,-57.25447837364072,64.6448060074862,-0.32412312343944905,-0.021733423670866614
417,0.101806640625,-57.33458681347501,64.08385960626411,-0.32406603413232915,-0.0219104388883693
418,0.10205078125,-57.41469525330932,63.52291320504204,-0.32400894482520926,-0.022087454105928828
419,0.10229492187500001,-57.49480369314363,62.961966803819955,-0.32395185551808936,-0.022264469323431513
420,0.1025390625,-57.574912132977936,62.401020402597915,-0.32389476621096946,-0.022441484540934198
421,0.102783203125,-57.655020572812234,61.84007400137583,-0.3238376769039064,-0.022618499758493726
422,0.10302734375,-57.73512901264654,61.27912760015374,-0.3237805875967865,-0.02279551497599641
423,0.103271484375,-57.80939531723606,60.757863156663724,-0.32372020140167024,-0.022925962937733857
424,0.10351562500000001,-57.87976686499571,60.263053351661746,-0.323657617281242,-0.02302536606225658
425,0.103759765625,-57.95013841275537,59.76824354665982,-0.32359503316087057,-0.023124769186779304
426,0.10400390625,-58.020509960515035,59.273433741657854,-0.3235324490404423,-0.023224172311302027
427,0.104248046875,-58.090881508274684,58.778623936655876,-0.32346986492001406,-0.02332357543582475
428,0.1044921875,-58.16125305603435,58.2838141316539,-0.3234072807995858,-0.023422978560347474
429,0.10473632812500001,-58.231624603793996,57.78900432665193,-0.3233446966792144,-0.023522381684870197
430,0.10498046875,-58.30199615155365,57.294194521649985,-0.32328211255878614,-0.02362178480939292
431,0.105224609375,-58.37236769931331,56.79938471664802,-0.3232195284383579,-0.023721187933915644
432,0.10546875,-58.44273924707297,56.30457491164604,-0.32315694431792963,-0.023820591058438367
433,0.105712890625,-58.51311079483261,55.80976510664407,-0.3230943601975014,-0.02391999418296109
434,0.10595703125000001,-58.583482342592276,55.314955301642094,-0.32303177607712996,-0.024019397307483814
435,0.106201171875,-58.65385389035194,54.82014549664016,-0.3229691919567017,-0.024118800432006537
436,0.1064453125,-58.72422543811159,54.32533569163819,-0.32290660783627345,-0.02421820355652926
437,0.106689453125,-58.79459698587125,53.83052588663622,-0.3228440237158452,-0.024317606681051984
438,0.10693359375,-58.864968533630915,53.33571608163424,-0.3227814395954738,-0.024417009805574708
439,0.10717773437500001,-58.93534008139056,52.84090627663227,-0.32271885547504553,-0.02451641293009743
440,0.107421875,-59.00571162915022,52.34609647163034,-0.3226562713546173,-0.024615816054620154
441,0.107666015625,-59.07608317690988,51.85128666662836,-0.322593687234189,-0.024715219179142878
442,0.10791015625,-59.14645472466953,51.35647686162639,-0.3225311031138176,-0.0248146223036656
443,0.108154296875,-59.216826272429195,50.86166705662442,-0.32246851899338935,-0.024914025428188324
444,0.10839843750000001,-59.287197820188844,50.36685725162245,-0.3224059348729611,-0.025013428552711048
445,0.108642578125,-59.3575693679485,49.872047446620506,-0.32234335075253284,-0.02511283167723377
446,0.10888671875,-59.427940915708156,49.37723764161853,-0.32228076663216143,-0.025212234801756495
447,0.109130859375,-59.49831246346782,48.882427836616564,-0.3222181825117332,-0.025311637926279218
448,0.109375,-59.56868401122747,48.38761803161459,-0.3221555983913049,-0.02541104105080194
449,0.10961914062500001,-59.62900058253775,47.95822074244757,-0.32208746996889204,-0.02544873091738964
450,0.10986328125,-59.689317153848016,47.52882345328057,-0.32201934154647915,-0.025486420783977337
451,0.110107421875,-59.7496337251583,47.09942616411354,-0.3219512131241231,-0.025524110650565035
452,0.1103515625,-59.80995029646857,46.67002887494652,-0.32188308470171023,-0.025561800517152733
453,0.110595703125,-59.87026686777885,46.24063158577949,-0.32181495627929735,-0.02559949038374043
454,0.11083984375000001,-59.93058343908912,45.81123429661246,-0.32174682785688447,-0.02563718025032813
455,0.111083984375,-59.9909000103994,45.38183700744547,-0.3216786994344716,-0.02567487011697267
456,0.111328125,-60.051216581709674,44.95243971827845,-0.32161057101211554,-0.025712559983560368
457,0.111572265625,-60.11153315301994,44.52304242911142,-0.32154244258970266,-0.025750249850148066
458,0.11181640625,-60.17184972433022,44.09364513994439,-0.3214743141672898,-0.025787939716735764
459,0.11206054687500001,-60.232166295640496,43.664247850777365,-0.3214061857448769,-0.02582562958332346
460,0.1123046875,-60.29248286695076,43.234850561610365,-0.321338057322464,-0.02586331944991116
461,0.112548828125,-60.352799438261044,42.805453272443344,-0.32126992890010797,-0.025901009316498858
462,0.11279296875,-60.41311600957132,42.37605598327631,-0.3212018004776951,-0.025938699183086555
463,0.113037109375,-60.473432580881585,41.94665869410929,-0.3211336720552822,-0.025976389049674253
464,0.11328125000000001,-60.533749152191874,41.51726140494226,-0.3210655436328693,-0.02601407891626195
465,0.113525390625,-60.59406572350214,41.08786411577527,-0.32099741521045644,-0.02605176878284965
466,0.11376953125,-60.654382294812415,40.65846682660824,-0.3209292867881004,-0.026089458649437347
467,0.114013671875,-60.714698866122696,40.22906953744122,-0.3208611583656875,-0.026127148516025045
468,0.1142578125,-60.77501543743297,39.79967224827419,-0.32079302994327463,-0.026164838382669586
469,0.11450195312500001,-60.835332008743244,39.37027495910716,-0.32072490152086175,-0.026202528249257284
470,0.11474609375,-60.895648580053525,38.940877669940164,-0.32065677309844887,-0.026240218115844982
471,0.114990234375,-60.95596515136379,38.511480380773136,-0.3205886446760928,-0.02627790798243268
472,0.115234375,-61.01628172267406,38.082083091606115,-0.32052051625367994,-0.026315597849020378
473,0.115478515625,-61.07659829398435,37.65268580243908,-0.32045238783126706,-0.026353287715608076
474,0.11572265625000001,-61.13280738128877,37.24829997479219,-0.32038202545618333,-0.026371963967733336
475,0.115966796875,-61.18285524258441,36.88143133942551,-0.32030831215200806,-0.026362119798250205
476,0.1162109375,-61.232903103880055,36.5145627040588,-0.3202345988478328,-0.02635227562871023
477,0.116455078125,-61.28295096517571,36.1476940686921,-0.3201608855436575,-0.026342431459170257
478,0.11669921875,-61.33299882647135,35.78082543332539,-0.32008717223948224,-0.026332587289630283
479,0.11694335937500001,-61.38304668776699,35.41395679795868,-0.32001345893530697,-0.026322743120147152
480,0.1171875,-61.43309454906264,35.047088162592,-0.3199397456311317,-0.026312898950607178
481,0.117431640625,-61.48314241035829,34.68021952722528,-0.31986603232695643,-0.026303054781067203
482,0.11767578125,-61.533190271653936,34.313350891858576,-0.31979231902278116,-0.02629321061152723
483,0.117919921875,-61.583238132949575,33.946482256491876,-0.3197186057186059,-0.026283366441987255
484,0.11816406250000001,-61.63328599424523,33.57961362112517,-0.3196448924144306,-0.026273522272504124
485,0.118408203125,-61.68333385554087,33.21274498575848,-0.31957117911025534,-0.02626367810296415
486,0.11865234375,-61.73338171683652,32.84587635039178,-0.31949746580608007,-0.026253833933424175
487,0.118896484375,-61.78342957813216,32.47900771502507,-0.3194237525019048,-0.0262439897638842
488,0.119140625,-61.83347743942781,32.11213907965836,-0.31935003919772953,-0.02623414559440107
489,0.11938476562500001,-61.88352530072346,31.745270444291652,-0.31927632589355426,-0.026224301424861096
490,0.11962890625,-61.93357316201911,31.378401808924966,-0.319202612589379,-0.026214457255321122
491,0.119873046875,-61.98362102331474,31.011533173558263,-0.3191288992852037,-0.026204613085781148
492,0.1201171875,-62.0336688846104,30.644664538191556,-0.31905518598102844,-0.026194768916298017
493,0.120361328125,-62.083716745906045,30.277795902824845,-0.3189814726768532,-0.026184924746758043
494,0.12060546875000001,-62.13376460720169,29.91092726745814,-0.3189077593726779,-0.02617508057721807
495,0.120849609375,-62.183812468497344,29.54405863209146,-0.31883404606850263,-0.026165236407678094
496,0.12109375,-62.23386032979298,29.17718999672475,-0.31876033276432736,-0.026155392238194963
497,0.121337890625,-62.28390819108863,28.810321361358042,-0.3186866194601521,-0.02614554806865499
498,0.12158203125,-62.33395605238428,28.44345272599133,-0.3186129061559768,-0.026135703899115015
499,0.12182617187500001,-62.384003913679926,28.07658409062463,-0.31853919285180154,-0.02612585972957504
500,0.1220703125,-62.42575743675221,27.756307040369247,-0.3184609801257352,-0.026087843900086227
501,0.122314453125,-62.46543737526865,27.447677886391666,-0.3183816425441819,-0.026042785155595993
502,0.12255859375,-62.50511731378511,27.139048732414093,-0.3183023049625717,-0.02599772641110576
503,0.122802734375,-62.54479725230155,26.830419578436516,-0.3182229673810184,-0.025952667666615525
504,0.12304687500000001,-62.584477190818,26.521790424458935,-0.3181436297994651,-0.02590760892212529
505,0.123291015625,-62.62415712933444,26.213161270481386,-0.31806429221791177,-0.025862550177635057
506,0.12353515625,-62.6638370678509,25.904532116503802,-0.31798495463635845,-0.025817491433144824
507,0.123779296875,-62.703517006367335,25.595902962526225,-0.3179056170547483,-0.02577243268865459
508,0.1240234375,-62.74319694488379,25.28727380854865,-0.317826279473195,-0.025727373944164356
509,0.12426757812500001,-62.782876883400235,24.978644654571074,-0.31774694189164165,-0.02568231519967412
510,0.12451171875,-62.82255682191668,24.670015500593514,-0.31766760431008834,-0.025637256455183888
511,0.124755859375,-62.86223676043313,24.36138634661594,-0.317588266728535,-0.025592197710693654
512,0.125,-62.90191669894957,24.05275719263836,-0.31750892914692486,-0.02554713896620342
513,0.125244140625,-62.94159663746603,23.744128038660786,-0.31742959156537154,-0.025502080221656342
514,0.12548828125,-62.981276575982484,23.43549888468321,-0.3173502539838182,-0.02545702147716611
515,0.125732421875,-63.02095651449892,23.12686973070565,-0.3172709164022649,-0.025411962732675875
516,0.1259765625,-63.06063645301536,22.818240576728073,-0.3171915788207116,-0.02536690398818564
517,0.126220703125,-63.10031639153182,22.5096114227505,-0.31711224123915827,-0.025321845243695407
518,0.12646484375,-63.13999633004826,22.20098226877292,-0.3170329036575481,-0.025276786499205173
519,0.126708984375,-63.17967626856471,21.89235311479534,-0.3169535660759948,-0.02523172775471494
520,0.126953125,-63.219356207081155,21.583723960817785,-0.31687422849444147,-0.025186669010224705
521,0.127197265625,-63.25903614559761,21.275094806840208,-0.31679489091288815,-0.02514161026573447
522,0.12744140625,-63.298716084114055,20.966465652862635,-0.31671555333133483,-0.025096551521244237
523,0.127685546875,-63.338396022630505,20.657836498885054,-0.31663621574972467,-0.025051492776754003
524,0.1279296875,-63.37807596114695,20.349207344907477,-0.31655687816817135,-0.02500643403226377
525,0.128173828125,-63.41568638562476,20.05120356815963,-0.31647640649470077,-0.02495642288874933
526,0.12841796875,-63.445018753947984,19.795701300330588,-0.3163913984535043,-0.02488660214913807
527,0.128662109375,-63.474351122271216,19.540199032501548,-0.3163063904123078,-0.024816781409583655
528,0.12890625,-63.50368349059446,19.28469676467251,-0.3162213823711113,-0.024746960669972395
529,0.129150390625,-63.53301585891768,19.029194496843473,-0.31613637432997166,-0.02467713993041798
530,0.12939453125,-63.56234822724091,18.773692229014454,-0.31605136628877517,-0.024607319190863564
531,0.129638671875,-63.591680595564156,18.518189961185417,-0.3159663582475787,-0.024537498451252304
532,0.1298828125,-63.62101296388738,18.26268769335638,-0.3158813502063822,-0.02446767771169789
533,0.130126953125,-63.65034533221063,18.007185425527343,-0.3157963421651857,-0.02439785697208663
534,0.13037109375,-63.67967770053385,17.751683157698306,-0.3157113341239892,-0.024328036232532213
535,0.130615234375,-63.709010068857076,17.496180889869287,-0.3156263260828496,-0.024258215492920954
536,0.130859375,-63.73834243718032,17.24067862204025,-0.3155413180416531,-0.024188394753366538
537,0.131103515625,-63.76767480550355,16.985176354211212,-0.3154563100004566,-0.02411857401375528
538,0.13134765625,-63.79700717382677,16.729674086382172,-0.3153713019592601,-0.024048753274200863
539,0.131591796875,-63.826339542150016,16.474171818553135,-0.3152862939180636,-0.023978932534589603
540,0.1318359375,-63.85567191047325,16.218669550724112,-0.315201285876924,-0.023909111795035187
541,0.132080078125,-63.88500427879647,15.963167282895078,-0.3151162778357275,-0.023839291055423928
542,0.13232421875,-63.91433664711972,15.707665015066038,-0.315031269794531,-0.023769470315869512
543,0.132568359375,-63.94366901544294,15.452162747237002,-0.3149462617533345,-0.023699649576258253
544,0.1328125,-63.97300138376618,15.196660479407962,-0.314861253712138,-0.023629828836703837
545,0.133056640625,-64.00233375208941,14.941158211578943,-0.31477624567094153,-0.02356000809714942
546,0.13330078125,-64.03166612041264,14.685655943749905,-0.3146912376298019,-0.02349018735753816
547,0.133544921875,-64.06099848873588,14.430153675920867,-0.3146062295886054,-0.023420366617983746
548,0.1337890625,-64.09033085705912,14.17465140809183,-0.3145212215474089,-0.023350545878372486
549,0.134033203125,-64.11966322538234,13.91914914026279,-0.3144362135062124,-0.02328072513881807
550,0.13427734375,-64.14899559370558,13.663646872433773,-0.31435120546501594,-0.02321090439920681
551,0.134521484375,-64.172203428547,13.436719250924833,-0.3142627587178026,-0.023131428722592773
552,0.134765625,-64.1913282410672,13.228841393629294,-0.31417201949983564,-0.02304551642134811
553,0.135009765625,-64.2104530535874,13.020963536333753,-0.3140812802819255,-0.022959604120046606
554,0.13525390625,-64.2295778661076,12.813085679038211,-0.3139905410639585,-0.0228736918187451
555,0.135498046875,-64.24870267862782,12.605207821742686,-0.31389980184599153,-0.022787779517443596
556,0.1357421875,-64.26782749114803,12.397329964447145,-0.3138090626280814,-0.02270186721614209
557,0.135986328125,-64.28695230366824,12.189452107151606,-0.3137183234101144,-0.02261595491489743
558,0.13623046875,-64.30607711618845,11.981574249856065,-0.3136275841921474,-0.022530042613595924
559,0.136474609375,-64.32520192870865,11.773696392560524,-0.3135368449742373,-0.02244413031229442
560,0.13671875,-64.34432674122885,11.565818535264997,-0.3134461057562703,-0.022358218010992914
561,0.136962890625,-64.36345155374907,11.357940677969458,-0.3133553665383033,-0.022272305709748252
562,0.13720703125,-64.38257636626929,11.150062820673917,-0.3132646273203932,-0.022186393408446747
563,0.137451171875,-64.40170117878948,10.942184963378377,-0.3131738881024262,-0.022100481107145242
564,0.1376953125,-64.42082599130968,10.734307106082836,-0.31308314888451605,-0.022014568805843737
565,0.137939453125,-64.4399508038299,10.526429248787307,-0.31299240966654907,-0.021928656504599076
566,0.13818359375,-64.4590756163501,10.318551391491768,-0.3129016704485821,-0.02184274420329757
567,0.138427734375,-64.47820042887032,10.110673534196227,-0.31281093123067194,-0.021756831901996065
568,0.138671875,-64.49732524139053,9.902795676900686,-0.31272019201270496,-0.02167091960069456
569,0.138916015625,-64.51645005391073,9.694917819605147,-0.31262945279473797,-0.021585007299393055
570,0.13916015625,-64.53557486643095,9.487039962309622,-0.31253871357682783,-0.021499094998148394
571,0.139404296875,-64.55469967895114,9.27916210501408,-0.31244797435886085,-0.02141318269684689
572,0.1396484375,-64.57382449147136,9.07128424771854,-0.3123572351409507,-0.021327270395545384
573,0.139892578125,-64.59294930399157,8.863406390422998,-0.3122664959229837,-0.02124135809424388
574,0.14013671875,-64.61207411651178,8.655528533127459,-0.31217575670501674,-0.021155445792999217
575,0.140380859375,-64.63119892903198,8.447650675831934,-0.3120850174871066,-0.02106953349169771
576,0.140625,-64.65032374155219,8.239772818536393,-0.3119942782691396,-0.020983621190396207
577,0.140869140625,-64.65949623558423,8.073938890934908,-0.31189772564999885,-0.020888648119580466
578,0.14111328125,-64.66866872961629,7.908104963333425,-0.31180117303080124,-0.02079367504882157
579,0.141357421875,-64.67784122364833,7.7422710357319415,-0.31170462041166047,-0.02069870197800583
580,0.1416015625,-64.68701371768037,7.57643710813047,-0.3116080677925197,-0.02060372890719009
581,0.141845703125,-64.69618621171242,7.4106031805289865,-0.3115115151733221,-0.02050875583637435
582,0.14208984375,-64.70535870574447,7.244769252927504,-0.31141496255418133,-0.02041378276561545
583,0.142333984375,-64.71453119977652,7.07893532532602,-0.3113184099349837,-0.02031880969479971
584,0.142578125,-64.72370369380855,6.913101397724536,-0.31122185731584295,-0.02022383662398397
585,0.142822265625,-64.7328761878406,6.747267470123065,-0.3111253046967022,-0.02012886355316823
586,0.14306640625,-64.74204868187265,6.581433542521581,-0.3110287520775046,-0.020033890482409333
587,0.143310546875,-64.75122117590469,6.415599614920098,-0.3109321994583638,-0.019938917411593593
588,0.1435546875,-64.76039366993673,6.2497656873186145,-0.3108356468391662,-0.019843944340777853
589,0.143798828125,-64.76956616396878,6.08393175971713,-0.31073909422002544,-0.019748971269962112
590,0.14404296875,-64.77873865800083,5.918097832115659,-0.31064254160088467,-0.019653998199203215
591,0.144287109375,-64.78791115203288,5.752263904514176,-0.31054598898168706,-0.019559025128387475
592,0.14453125,-64.79708364606492,5.586429976912692,-0.3104494363625463,-0.019464052057571735
593,0.144775390625,-64.80625614009696,5.420596049311209,-0.3103528837434055,-0.019369078986755994
594,0.14501953125,-64.815428634129,5.2547621217097245,-0.3102563311242079,-0.019274105915997097
595,0.145263671875,-64.82460112816106,5.088928194108253,-0.31015977850506715,-0.019179132845181357
596,0.1455078125,-64.83377362219309,4.92309426650677,-0.3100632258859264,-0.019084159774365617
597,0.145751953125,-64.84294611622514,4.7572603389052865,-0.3099666732667288,-0.018989186703549876
598,0.14599609375,-64.8521186102572,4.591426411303803,-0.309870120647588,-0.01889421363279098
599,0.146240234375,-64.86129110428924,4.425592483702319,-0.3097735680283904,-0.01879924056197524
600,0.146484375,-64.87046359832128,4.259758556100848,-0.30967701540924963,-0.0187042674911595
601,0.146728515625,-64.87963609235332,4.093924628499365,-0.30958046279010887,-0.018609294420343758
602,0.14697265625,-64.88497249895183,3.942731199122884,-0.3094815410801175,-0.018512923041043905
603,0.147216796875,-64.8845547744,3.813498517083909,-0.3093790657339923,-0.01841445419898946
604,0.1474609375,-64.88413704984818,3.6842658350449335,-0.3092765903878103,-0.018315985356878173
605,0.147705078125,-64.88371932529635,3.555033153005968,-0.3091741150416283,-0.018217516514766885
606,0.14794921875,-64.88330160074453,3.4258004709669923,-0.3090716396955031,-0.01811904767271244
607,0.148193359375,-64.8828838761927,3.2965677889280176,-0.3089691643493211,-0.018020578830601153
608,0.1484375,-64.88246615164087,3.167335106889042,-0.3088666890031959,-0.017922109988489865
609,0.148681640625,-64.88204842708905,3.0381024248500674,-0.3087642136570139,-0.01782364114643542
610,0.14892578125,-64.88163070253722,2.9088697428111017,-0.3086617383108887,-0.017725172304324133
611,0.149169921875,-64.8812129779854,2.7796370607721266,-0.3085592629647067,-0.01762670346226969
612,0.1494140625,-64.88079525343358,2.650404378733151,-0.3084567876185247,-0.0175282346201584
613,0.149658203125,-64.88037752888175,2.5211716966941764,-0.3083543122723995,-0.017429765778047113
614,0.14990234375,-64.87995980432993,2.3919390146552004,-0.3082518369262175,-0.01733129693599267
615,0.150146484375,-64.8795420797781,2.2627063326162347,-0.3081493615800923,-0.01723282809388138
616,0.150390625,-64.87912435522628,2.13347365057726,-0.3080468862339103,-0.017134359251826936
617,0.150634765625,-64.87870663067446,2.004240968538285,-0.3079444108877851,-0.01703589040971565
618,0.15087890625,-64.87828890612262,1.8750082864993098,-0.3078419355416031,-0.01693742156760436
619,0.151123046875,-64.8778711815708,1.7457756044603345,-0.3077394601954211,-0.016838952725549916
620,0.1513671875,-64.87745345701897,1.6165429224213685,-0.3076369848492959,-0.016740483883438628
621,0.151611328125,-64.87703573246715,1.4873102403823935,-0.3075345095031139,-0.016642015041384184
622,0.15185546875,-64.87661800791533,1.3580775583434181,-0.3074320341569887,-0.016543546199272896
623,0.152099609375,-64.87620028336349,1.228844876304443,-0.3073295588108067,-0.016445077357161608
624,0.15234375,-64.87578255881166,1.099612194265468,-0.3072270834646815,-0.016346608515107164
625,0.152587890625,-64.87536483425984,0.9703795122265022,-0.3071246081184995,-0.016248139672995876
626,0.15283203125,-64.87494710970803,0.8411468301875268,-0.3070221327723175,-0.01614967083094143
627,0.153076171875,-64.8745293851562,0.7119141481485517,-0.3069196574261923,-0.016051201988830144
628,0.1533203125,-64.86680540785052,0.6078324294599466,-0.30681233186680856,-0.015953364594565755
629,0.153564453125,-64.85725486735637,0.5100384516089354,-0.3067037937541386,-0.015855685062263092
630,0.15380859375,-64.84770432686226,0.41224447375793094,-0.3065952556414686,-0.015758005529960428
631,0.154052734375,-64.83815378636811,0.31445049590691965,-0.30648671752879864,-0.01566032599760092
632,0.154296875,-64.82860324587396,0.21665651805590835,-0.30637817941612866,-0.015562646465298258
633,0.154541015625,-64.81905270537985,0.11886254020489695,-0.3062696413034587,-0.015464966932995594
634,0.15478515625,-64.80950216488571,0.021068562353885652,-0.3061611031907887,-0.01536728740069293
635,0.155029296875,-64.79995162439157,-0.07672541549711871,-0.30605256507811873,-0.015269607868390267
636,0.1552734375,-64.79040108389744,-0.17451939334813002,-0.30594402696544876,-0.015171928336087603
637,0.155517578125,-64.7808505434033,-0.27231337119914145,-0.3058354888527788,-0.015074248803728096
638,0.15576171875,-64.77130000290916,-0.37010734905015263,-0.3057269507401088,-0.014976569271425433
639,0.156005859375,-64.76174946241501,-0.46790132690116404,-0.30561841262743883,-0.01487888973912277
640,0.15625,-64.7521989219209,-0.5656953047521683,-0.30550987451476885,-0.014781210206820106
641,0.156494140625,-64.74264838142675,-0.6634892826031865,-0.30540133640204203,-0.014683530674517442
642,0.15673828125,-64.73309784093261,-0.7612832604541911,-0.30529279828937206,-0.014585851142214779
643,0.15698242187499997,-64.72354730043848,-0.8590772383051953,-0.3051842601767021,-0.014488171609912115
644,0.1572265625,-64.71399675994434,-0.9568712161562136,-0.3050757220640321,-0.014390492077552608
645,0.157470703125,-64.7044462194502,-1.0546651940072183,-0.30496718395136213,-0.014292812545249944
646,0.15771484375,-64.69489567895606,-1.1524591718582362,-0.30485864583869215,-0.01419513301294728
647,0.157958984375,-64.68534513846193,-1.2502531497092404,-0.3047501077260222,-0.014097453480644617
648,0.15820312499999997,-64.6757945979678,-1.348047127560245,-0.3046415696133522,-0.013999773948341954
649,0.158447265625,-64.66624405747365,-1.4458411054112632,-0.3045330315006822,-0.01390209441603929
650,0.15869140625,-64.65669351697952,-1.5436350832622676,-0.30442449338801225,-0.013804414883679783
651,0.158935546875,-64.64714297648538,-1.641429061113286,-0.3043159552753423,-0.01370673535137712
652,0.1591796875,-64.63759243599124,-1.7392230389642902,-0.3042074171626723,-0.013609055819074456
653,0.15942382812499997,-64.6263230822812,-1.8316882042829374,-0.30409763212907137,-0.0135121721075393
654,0.15966796875,-64.60817847570748,-1.9028381194721629,-0.3039828594118035,-0.013418471678960486
655,0.159912109375,-64.59003386913378,-1.9739880346613778,-0.30386808669447873,-0.01332477125032483
656,0.16015625,-64.57188926256005,-2.0451379498506026,-0.30375331397721084,-0.013231070821746016
657,0.160400390625,-64.55374465598635,-2.1162878650398174,-0.30363854125994294,-0.013137370393167203
658,0.16064453124999997,-64.53560004941264,-2.1874377802290326,-0.3035237685426182,-0.013043669964588389
659,0.160888671875,-64.51745544283892,-2.258587695418258,-0.3034089958253503,-0.012949969536009576
660,0.1611328125,-64.49931083626521,-2.3297376106074728,-0.3032942231080824,-0.012856269107430762
661,0.161376953125,-64.4811662296915,-2.4008875257966977,-0.30317945039075767,-0.012762568678851949
662,0.16162109375,-64.46302162311778,-2.472037440985913,-0.30306467767348977,-0.012668868250273135
663,0.16186523437499997,-64.44487701654407,-2.5431873561751277,-0.30294990495622187,-0.012575167821694322
664,0.162109375,-64.42673240997037,-2.6143372713643527,-0.30283513223889713,-0.012481467393115508
665,0.162353515625,-64.40858780339664,-2.685487186553568,-0.30272035952162923,-0.012387766964536695
666,0.16259765625,-64.39044319682293,-2.756637101742793,-0.30260558680436134,-0.012294066535957882
667,0.162841796875,-64.37229859024923,-2.8277870169320076,-0.30249081408709344,-0.012200366107379068
668,0.16308593749999997,-64.3541539836755,-2.898936932121223,-0.3023760413697687,-0.012106665678800255
669,0.163330078125,-64.3360093771018,-2.970086847310448,-0.3022612686525008,-0.012012965250164598
670,0.16357421875,-64.31786477052809,-3.0412367624996626,-0.3021464959352329,-0.011919264821585784
671,0.163818359375,-64.29972016395438,-3.112386677688888,-0.30203172321790817,-0.011825564393006971
672,0.1640625,-64.28157555738066,-3.183536592878103,-0.30191695050064027,-0.011731863964428157
673,0.16430664062499997,-64.26343095080695,-3.254686508067318,-0.30180217778337237,-0.011638163535849344
674,0.16455078125,-64.24528634423324,-3.325836423256543,-0.30168740506604763,-0.01154446310727053
675,0.164794921875,-64.22714173765952,-3.396986338445758,-0.30157263234877973,-0.011450762678691717
676,0.1650390625,-64.20899713108582,-3.4681362536349827,-0.30145785963151184,-0.011357062250112904
677,0.165283203125,-64.1908525245121,-3.5392861688241988,-0.3013430869141871,-0.01126336182153409
678,0.16552734374999997,-64.1727079179384,-3.6104360840134126,-0.3012283141969192,-0.011169661392955277
679,0.165771484375,-64.14976961516925,-3.6682266670937596,-0.30110967965634927,-0.011079710067747328
680,0.166015625,-64.1236355149365,-3.7171110287681786,-0.3009884705668924,-0.010992258144767675
681,0.166259765625,-64.09750141470374,-3.7659953904426042,-0.3008672614774923,-0.010904806221788022
682,0.16650390625,-64.07136731447099,-3.8148797521170232,-0.3007460523880354,-0.010817354298808368
683,0.16674804687499997,-64.04523321423824,-3.8637641137914427,-0.3006248432985785,-0.010729902375771871
684,0.1669921875,-64.01909911400548,-3.9126484754658692,-0.30050363420917847,-0.010642450452792218
685,0.167236328125,-63.99296501377273,-3.9615328371402883,-0.3003824251197216,-0.010554998529812565
686,0.16748046875,-63.966830913539965,-4.010417198814714,-0.3002612160303215,-0.010467546606832911
687,0.167724609375,-63.94069681330721,-4.059301560489133,-0.3001400069408646,-0.010380094683853258
688,0.16796874999999997,-63.91456271307447,-4.1081859221635515,-0.3000187978514077,-0.010292642760873605
689,0.168212890625,-63.8884286128417,-4.157070283837979,-0.29989758876200767,-0.010205190837893952
690,0.16845703125,-63.862294512608955,-4.2059546455123975,-0.2997763796725508,-0.010117738914914298
691,0.168701171875,-63.836160412376195,-4.254839007186823,-0.2996551705830939,-0.010030286991934645
692,0.1689453125,-63.81002631214344,-4.303723368861243,-0.2995339614936938,-0.009942835068954992
693,0.16918945312499997,-63.78389221191069,-4.352607730535662,-0.2994127524042369,-0.009855383145975338
694,0.16943359375,-63.75775811167793,-4.401492092210089,-0.29929154331478003,-0.009767931222995685
695,0.169677734375,-63.731624011445184,-4.450376453884507,-0.29917033422538,-0.009680479300016032
696,0.169921875,-63.70548991121242,-4.499260815558933,-0.2990491251359231,-0.009593027377036378
697,0.170166015625,-63.67935581097967,-4.548145177233351,-0.2989279160464662,-0.009505575454056725
698,0.17041015624999997,-63.65322171074692,-4.597029538907771,-0.2988067069570661,-0.009418123531077072
699,0.170654296875,-63.62708761051416,-4.645913900582197,-0.29868549786760923,-0.009330671608097418
700,0.1708984375,-63.6009535102814,-4.694798262256616,-0.2985642887782092,-0.009243219685117765
701,0.171142578125,-63.57481941004864,-4.743682623931043,-0.2984430796887523,-0.009155767762138112
702,0.17138671875,-63.548685309815895,-4.792566985605461,-0.2983218705992954,-0.009068315839158458
703,0.17163085937499997,-63.52255120958314,-4.8414513472798815,-0.2982006615098953,-0.008980863916178805
704,0.171875,-63.49641710935038,-4.890335708954307,-0.29807945242043843,-0.008893411993199152
705,0.172119140625,-63.46294762057739,-4.920896597260254,-0.2979515803319259,-0.008813717848738634
706,0.17236328125,-63.429478131804395,-4.951457485566204,-0.29782370824347026,-0.008734023704334959
707,0.172607421875,-63.396008643031394,-4.98201837387215,-0.29769583615495776,-0.00865432955987444
708,0.17285156249999997,-63.3625391542584,-5.012579262178095,-0.2975679640665021,-0.008574635415470766
709,0.173095703125,-63.32906966548541,-5.043140150484047,-0.2974400919779896,-0.008494941271010248
710,0.17333984375,-63.29560017671242,-5.0737010387899915,-0.2973122198894771,-0.00841524712654973
711,0.173583984375,-63.26213068793942,-5.104261927095943,-0.29718434780102143,-0.008335552982146055
712,0.173828125,-63.22866119916644,-5.134822815401889,-0.2970564757125089,-0.008255858837685537
713,0.17407226562499997,-63.19519171039344,-5.1653837037078345,-0.2969286036239964,-0.008176164693225019
714,0.17431640625,-63.161722221620444,-5.195944592013786,-0.29680073153554076,-0.008096470548821344
715,0.174560546875,-63.12825273284745,-5.226505480319733,-0.29667285944702826,-0.008016776404360826
716,0.1748046875,-63.09478324407445,-5.257066368625683,-0.29654498735851575,-0.007937082259900308
717,0.175048828125,-63.061313755301455,-5.287627256931629,-0.2964171152700601,-0.007857388115496633
718,0.17529296874999997,-63.02784426652847,-5.318188145237575,-0.2962892431815476,-0.007777693971036115
719,0.175537109375,-62.994374777755475,-5.348749033543526,-0.29616137109309193,-0.00769799982663244
720,0.17578125,-62.960905288982474,-5.379309921849472,-0.2960334990045794,-0.007618305682171922
721,0.176025390625,-62.92743580020948,-5.4098708101554225,-0.2959056269160669,-0.007538611537711404
722,0.17626953125,-62.893966311436486,-5.440431698461369,-0.29577775482761126,-0.007458917393307729
723,0.17651367187499997,-62.860496822663485,-5.470992586767315,-0.29564988273909876,-0.007379223248847211
724,0.1767578125,-62.82702733389049,-5.5015534750732655,-0.2955220106506431,-0.007299529104443536
725,0.177001953125,-62.793557845117505,-5.532114363379212,-0.2953941385621306,-0.007219834959983018
726,0.17724609375,-62.76008835634451,-5.562675251685162,-0.2952662664736181,-0.0071401408155225
727,0.177490234375,-62.72661886757151,-5.593236139991109,-0.29513839438516243,-0.007060446671118825
728,0.17773437499999997,-62.69314937879853,-5.623797028297054,-0.2950105222966499,-0.006980752526658307
729,0.177978515625,-62.65967989002553,-5.654357916603005,-0.2948826502081374,-0.006901058382197789
730,0.17822265625,-62.62355117663264,-5.678991270544941,-0.29475201564099507,-0.006824824323189205
731,0.178466796875,-62.58343362630991,-5.6947333229408645,-0.2946172373558511,-0.0067537803923301
732,0.1787109375,-62.543316075987185,-5.710475375336786,-0.294482459070764,-0.006682736461470995
733,0.17895507812499997,-62.50319852566446,-5.726217427732707,-0.29434768078562,-0.006611692530555047
734,0.17919921875,-62.46308097534172,-5.741959480128631,-0.29421290250047605,-0.006540648599695942
735,0.179443359375,-62.422963425018985,-5.7577015325245515,-0.2940781242153321,-0.006469604668836837
736,0.1796875,-62.382845874696265,-5.773443584920476,-0.2939433459301881,-0.006398560737920889
737,0.179931640625,-62.34272832437354,-5.789185637316396,-0.29380856764504415,-0.006327516807061784
738,0.18017578124999997,-62.30261077405081,-5.804927689712317,-0.2936737893599002,-0.006256472876202679
739,0.180419921875,-62.26249322372808,-5.820669742108241,-0.2935390110747562,-0.006185428945343574
740,0.1806640625,-62.22237567340535,-5.836411794504162,-0.2934042327896691,-0.006114385014427626
741,0.180908203125,-62.18225812308261,-5.852153846900085,-0.29326945450452513,-0.006043341083568521
742,0.18115234375,-62.142140572759885,-5.867895899296006,-0.29313467621938116,-0.005972297152709416
743,0.18139648437499997,-62.10202302243717,-5.883637951691928,-0.2929998979342372,-0.005901253221793468
744,0.181640625,-62.06190547211444,-5.899380004087851,-0.29286511964909323,-0.005830209290934363
745,0.181884765625,-62.021787921791706,-5.915122056483772,-0.29273034136394926,-0.005759165360075258
746,0.18212890625,-61.98167037146898,-5.930864108879696,-0.2925955630788053,-0.005688121429216153
747,0.182373046875,-61.94155282114625,-5.946606161275616,-0.29246078479366133,-0.005617077498300205
748,0.18261718749999997,-61.90143527082352,-5.962348213671538,-0.2923260065085742,-0.0055460335674411
749,0.182861328125,-61.861317720500786,-5.978090266067461,-0.29219122822343024,-0.005474989636581995
750,0.18310546875,-61.821200170178074,-5.993832318463383,-0.2920564499382863,-0.005403945705666047
751,0.183349609375,-61.781082619855326,-6.009574370859306,-0.2919216716531423,-0.005332901774806942
752,0.18359375,-61.740965069532606,-6.0253164232552265,-0.29178689336799835,-0.005261857843947837
753,0.18383789062499997,-61.70084751920988,-6.041058475651148,-0.2916521150828544,-0.005190813913031889
754,0.18408203125,-61.660729968887146,-6.056800528047072,-0.2915173367977104,-0.005119769982172784
755,0.184326171875,-61.62061241856442,-6.072542580442992,-0.29138255851256645,-0.005048726051313679
756,0.1845703125,-61.57574031654456,-6.07889289865417,-0.29124205646650125,-0.004984923329857338
757,0.184814453125,-61.52967957660043,-6.08289528331916,-0.2911001234801347,-0.004922930910709056
758,0.18505859374999997,-61.48361883665629,-6.08689766798415,-0.29095819049376814,-0.004860938491617617
759,0.185302734375,-61.437558096712166,-6.09090005264914,-0.2908162575074016,-0.004798946072526178
760,0.185546875,-61.39149735676802,-6.094902437314129,-0.29067432452103503,-0.0047369536533778955
761,0.185791015625,-61.34543661682388,-6.098904821979119,-0.2905323915347253,-0.004674961234286457
762,0.18603515625,-61.29937587687975,-6.102907206644108,-0.29039045854835877,-0.004612968815138174
763,0.18627929687499997,-61.25331513693561,-6.1069095913090985,-0.2902485255619922,-0.004550976396046735
764,0.1865234375,-61.20725439699148,-6.110911975974088,-0.29010659257562565,-0.004488983976955296
765,0.186767578125,-61.16119365704734,-6.1149143606390775,-0.2899646595892591,-0.004426991557807014
766,0.18701171875,-61.115132917103196,-6.118916745304068,-0.2898227266029494,-0.004364999138715575
767,0.187255859375,-61.069072177159065,-6.122919129969056,-0.28968079361658283,-0.004303006719567293
768,0.18750000000000003,-61.02301143721493,-6.126921514634048,-0.2895388606302163,-0.004241014300475854
769,0.187744140625,-60.9769506972708,-6.130923899299037,-0.2893969276438497,-0.004179021881384415
770,0.18798828125,-60.93088995732666,-6.134926283964027,-0.28925499465748317,-0.0041170294622361325
771,0.188232421875,-60.88482921738252,-6.138928668629016,-0.28911306167117345,-0.004055037043144694
772,0.1884765625,-60.83876847743839,-6.1429310532940065,-0.2889711286848069,-0.003993044623996411
773,0.18872070312500003,-60.79270773749425,-6.146933437958996,-0.28882919569844034,-0.003931052204904972
774,0.18896484375,-60.746646997550116,-6.150935822623985,-0.2886872627120738,-0.0038690597858135334
775,0.189208984375,-60.70058625760598,-6.154938207288975,-0.28854532972570723,-0.003807067366665251
776,0.189453125,-60.65452551766184,-6.158940591953964,-0.2884033967393975,-0.003745074947573812
777,0.189697265625,-60.608464777717714,-6.162942976618955,-0.28826146375303097,-0.0036830825284255297
778,0.18994140625000003,-60.56240403777357,-6.166945361283944,-0.2881195307666644,-0.003621090109334091
779,0.190185546875,-60.516343297829444,-6.170947745948934,-0.28797759778029786,-0.003559097690242652
780,0.1904296875,-60.4702825578853,-6.174950130613923,-0.2878356647939313,-0.0034971052710943695
781,0.190673828125,-60.423174763575815,-6.177139416543177,-0.2876922528502064,-0.003436926902850246
782,0.19091796875,-60.371878751804935,-6.172076307529485,-0.28754292507693435,-0.0033840047380522265
783,0.19116210937500003,-60.32058274003405,-6.167013198515793,-0.2873935973036055,-0.0033310825731973637
784,0.19140625,-60.26928672826316,-6.161950089502101,-0.28724426953033344,-0.0032781604083993443
785,0.191650390625,-60.217990716492274,-6.156886980488409,-0.28709494175700456,-0.0032252382435444815
786,0.19189453125,-60.166694704721394,-6.151823871474716,-0.28694561398373253,-0.003172316078746462
787,0.192138671875,-60.11539869295051,-6.146760762461024,-0.2867962862104605,-0.0031193939138915994
788,0.19238281250000003,-60.06410268117963,-6.1416976534473315,-0.2866469584371316,-0.00306647174909358
789,0.192626953125,-60.01280666940873,-6.136634544433639,-0.2864976306638596,-0.003013549584238717
790,0.19287109375,-59.961510657637845,-6.131571435419947,-0.2863483028905307,-0.002960627419440698
791,0.193115234375,-59.910214645866965,-6.126508326406255,-0.28619897511725867,-0.002907705254585835
792,0.193359375,-59.858918634096085,-6.121445217392563,-0.28604964734398663,-0.0028547830897878157
793,0.19360351562500003,-59.8076226223252,-6.116382108378871,-0.28590031957065776,-0.002801860924932953
794,0.19384765625,-59.756326610554304,-6.111318999365179,-0.2857509917973857,-0.0027489387601349335
795,0.194091796875,-59.705030598783424,-6.106255890351487,-0.28560166402405684,-0.0026960165952800708
796,0.1943359375,-59.653734587012536,-6.101192781337794,-0.2854523362507848,-0.0026430944304820514
797,0.194580078125,-59.602438575241656,-6.0961296723241025,-0.28530300847745593,-0.0025901722656271886
798,0.19482421875000003,-59.55114256347077,-6.0910665633104095,-0.2851536807041839,-0.0025372501008291692
799,0.195068359375,-59.49984655169988,-6.086003454296717,-0.28500435293091186,-0.0024843279359743065
800,0.1953125,-59.448550539928995,-6.080940345283025,-0.284855025157583,-0.002431405771176287
801,0.195556640625,-59.397254528158115,-6.075877236269332,-0.28470569738431095,-0.0023784836063214243
802,0.19580078125,-59.34595851638723,-6.070814127255641,-0.2845563696109821,-0.002325561441523405
803,0.19604492187500003,-59.29466250461635,-6.065751018241948,-0.28440704183771004,-0.002272639276668542
804,0.1962890625,-59.24336649284545,-6.060687909228256,-0.284257714064438,-0.002219717111870523
805,0.196533203125,-59.19207048107457,-6.055624800214564,-0.2841083862911091,-0.00216679494701566
806,0.19677734375,-59.140774469303686,-6.050561691200871,-0.2839590585178371,-0.0021138727822176406
807,0.197021484375,-59.08675613150468,-6.04143629089738,-0.2838051641280117,-0.0020662300182721083
808,0.19726562500000003,-59.03092290968693,-6.029602696400686,-0.2836482253271697,-0.0020221068550085874
809,0.197509765625,-58.97508968786917,-6.017769101903993,-0.2834912865263277,-0.001977983691688223
810,0.19775390625,-58.91925646605142,-6.005935507407301,-0.2833343477254857,-0.001933860528367859
811,0.197998046875,-58.86342324423366,-5.994101912910607,-0.2831774089246437,-0.0018897373650474947
812,0.1982421875,-58.807590022415916,-5.982268318413915,-0.28302047012385856,-0.0018456142017839738
813,0.19848632812500003,-58.75175680059815,-5.970434723917221,-0.28286353132301656,-0.0018014910384636096
814,0.19873046875,-58.6959235787804,-5.958601129420528,-0.28270659252217456,-0.0017573678751432453
815,0.198974609375,-58.64009035696265,-5.946767534923836,-0.28254965372133256,-0.001713244711822881
816,0.19921875,-58.58425713514489,-5.9349339404271415,-0.28239271492049056,-0.0016691215485593602
817,0.199462890625,-58.528423913327146,-5.923100345930449,-0.28223577611964856,-0.001624998385238996
818,0.19970703125000003,-58.47259069150938,-5.911266751433756,-0.28207883731880656,-0.0015808752219186317
819,0.199951171875,-58.41675746969163,-5.8994331569370635,-0.28192189851796456,-0.0015367520586551109
820,0.2001953125,-58.36092424787388,-5.8875995624403705,-0.2817649597171794,-0.0014926288953347466
821,0.200439453125,-58.30509102605612,-5.875765967943677,-0.2816080209163374,-0.0014485057320143824
822,0.20068359375,-58.249257804238376,-5.863932373446985,-0.2814510821154954,-0.0014043825686940181
823,0.20092773437500003,-58.19342458242061,-5.852098778950291,-0.2812941433146534,-0.0013602594054304973
824,0.201171875,-58.13759136060286,-5.840265184453599,-0.2811372045138114,-0.001316136242110133
825,0.201416015625,-58.08175813878511,-5.828431589956906,-0.2809802657129694,-0.0012720130787897688
826,0.20166015625,-58.02592491696735,-5.816597995460212,-0.2808233269121274,-0.0012278899154694045
827,0.201904296875,-57.970091695149605,-5.804764400963521,-0.2806663881112854,-0.0011837667522058837
828,0.20214843750000003,-57.91425847333184,-5.792930806466827,-0.2805094493104434,-0.0011396435888855194
829,0.202392578125,-57.85842525151409,-5.781097211970134,-0.28035251050965826,-0.0010955204255651552
830,0.20263671875,-57.802592029696335,-5.769263617473442,-0.28019557170881626,-0.001051397262244791
831,0.202880859375,-57.74675880787858,-5.757430022976747,-0.28003863290797426,-0.00100727409898127
832,0.203125,-57.69092558606083,-5.745596428480054,-0.27988169410713226,-0.0009631509356609058
833,0.20336914062500003,-57.631232344153446,-5.72893720185291,-0.2797169680488878,-0.0009273434795886715
834,0.20361328125,-57.57153910224607,-5.712277975225766,-0.27955224199070017,-0.0008915360234595937
835,0.203857421875,-57.511845860338696,-5.695618748598623,-0.2793875159324557,-0.0008557285673873594
836,0.2041015625,-57.45215261843131,-5.678959521971478,-0.2792227898742681,-0.0008199211112582816
837,0.204345703125,-57.392459376523945,-5.662300295344335,-0.2790580638160236,-0.0007841136551860473
838,0.20458984375000003,-57.33276613461656,-5.64564106871719,-0.278893337757836,-0.0007483061991138129
839,0.204833984375,-57.27307289270918,-5.628981842090046,-0.2787286116995915,-0.0007124987429847351
840,0.205078125,-57.21337965080181,-5.612322615462904,-0.2785638856414039,-0.0006766912869125008
841,0.205322265625,-57.15368640889442,-5.595663388835757,-0.2783991595831594,-0.000640883830783423
842,0.20556640625,-57.09399316698704,-5.579004162208614,-0.2782344335249718,-0.0006050763747111887
843,0.20581054687500003,-57.03429992507966,-5.562344935581468,-0.2780697074667273,-0.0005692689185821109
844,0.2060546875,-56.97460668317229,-5.545685708954325,-0.2779049814085397,-0.0005334614625098766
845,0.206298828125,-56.91491344126492,-5.529026482327183,-0.27774025535029523,-0.0004976540064376422
846,0.20654296875,-56.85522019935754,-5.5123672557000365,-0.27757552929205076,-0.0004618465503085645
847,0.206787109375,-56.79552695745016,-5.495708029072894,-0.27741080323386313,-0.00042603909423633013
848,0.20703125000000003,-56.735833715542775,-5.479048802445749,-0.27724607717561867,-0.00039023163810725237
849,0.207275390625,-56.6761404736354,-5.462389575818605,-0.27708135111743104,-0.000354424182035018
850,0.20751953125,-56.616447231728024,-5.445730349191463,-0.27691662505918657,-0.0003186167259627837
851,0.207763671875,-56.55675398982064,-5.429071122564317,-0.27675189900099895,-0.0002828092698337059
852,0.2080078125,-56.497060747913274,-5.412411895937174,-0.2765871729427545,-0.00024700181376147157
853,0.20825195312500003,-56.43736750600589,-5.395752669310029,-0.27642244688456685,-0.0002111943576323938
854,0.20849609375,-56.37767426409852,-5.379093442682886,-0.2762577208263224,-0.00017538690156015946
855,0.208740234375,-56.31798102219114,-5.3624342160557426,-0.27609299476813476,-0.0001395794454310817
856,0.208984375,-56.25828778028375,-5.345774989428597,-0.2759282687098903,-0.00010377198935884735
857,0.209228515625,-56.19859453837638,-5.329115762801455,-0.27576354265170266,-6.7964533286613e-05
858,0.20947265625000003,-56.13761622786632,-5.311176406261555,-0.2755956535305586,-3.523117504755646e-05
859,0.209716796875,-56.074710314452226,-5.291316854852529,-0.2754230198151504,-7.108963643531752e-06
860,0.2099609375,-56.011804401038134,-5.271457303443502,-0.2752503860997422,2.101324776049296e-05
861,0.210205078125,-55.94889848762403,-5.251597752034475,-0.27507775238433396,4.913545922136109e-05
862,0.21044921875,-55.88599257420994,-5.231738200625448,-0.2749051186688689,7.72576706253858e-05
863,0.21069335937500003,-55.823086660795845,-5.211878649216419,-0.2747324849534607,0.00010537988202941051
864,0.2109375,-55.76018074738175,-5.192019097807394,-0.2745598512380525,0.00013350209343343522
865,0.211181640625,-55.69727483396766,-5.172159546398367,-0.2743872175226443,0.00016162430483745993
866,0.21142578125,-55.634368920553555,-5.152299994989339,-0.27421458380723607,0.00018974651624148464
867,0.211669921875,-55.571463007139464,-5.132440443580313,-0.274041950091771,0.00021786872764550935
868,0.21191406250000003,-55.50855709372536,-5.112580892171284,-0.2738693163763628,0.0002459909391063775
869,0.212158203125,-55.44565118031128,-5.0927213407622585,-0.2736966826609546,0.0002741131505104022
870,0.21240234375,-55.38274526689719,-5.072861789353231,-0.2735240489455464,0.0003022353619144269
871,0.212646484375,-55.31983935348309,-5.053002237944204,-0.27335141523008133,0.0003303575733184516
872,0.212890625,-55.256933440069,-5.033142686535177,-0.2731787815146731,0.0003584797847224763
873,0.21313476562500003,-55.1940275266549,-5.013283135126148,-0.2730061477992649,0.00038660199612650104
874,0.21337890625,-55.131121613240815,-4.993423583717123,-0.2728335140838567,0.00041472420758736916
875,0.213623046875,-55.06821569982672,-4.973564032308096,-0.2726608803684485,0.0004428464189913939
876,0.2138671875,-55.00530978641262,-4.953704480899068,-0.27248824665298343,0.0004709686303954186
877,0.214111328125,-54.942403872998526,-4.933844929490042,-0.2723156129375752,0.0004990908417994433
878,0.21435546875000003,-54.87949795958443,-4.913985378081013,-0.272142979222167,0.000527213053203468
879,0.214599609375,-54.816592046170335,-4.894125826671988,-0.2719703455067588,0.0005553352646074927
880,0.21484375,-54.75368613275625,-4.874266275262961,-0.2717977117913506,0.0005834574760115174
881,0.215087890625,-54.69078021934215,-4.854406723853933,-0.27162507807588554,0.0006115796874723856
882,0.21533203125,-54.62787430592806,-4.834547172444906,-0.27145244436047733,0.0006397018988764103
883,0.21557617187500003,-54.56496839251396,-4.814687621035878,-0.2712798106450691,0.000667824110280435
884,0.2158203125,-54.499980840788226,-4.793337383908141,-0.2711008106329018,0.0006903775850446436
885,0.216064453125,-54.43447287948458,-4.7716144753507255,-0.2709202190466158,0.0007115388756915308
886,0.21630859375,-54.368964918180936,-4.749891566793307,-0.2707396274602729,0.0007327001662815746
887,0.216552734375,-54.30345695687729,-4.7281686582358935,-0.2705590358739869,0.0007538614569284618
888,0.21679687500000003,-54.23794899557363,-4.706445749678475,-0.270378444287644,0.0007750227475185056
889,0.217041015625,-54.172441034269994,-4.6847228411210615,-0.270197852701358,0.0007961840381653928
890,0.21728515625,-54.10693307296635,-4.662999932563646,-0.2700172611150151,0.0008173453287554366
891,0.217529296875,-54.0414251116627,-4.641277024006228,-0.2698366695287291,0.0008385066194023238
892,0.2177734375,-53.97591715035905,-4.619554115448813,-0.2696560779423862,0.0008596679099923676
893,0.21801757812500003,-53.91040918905541,-4.597831206891395,-0.2694754863561002,0.0008808292006392549
894,0.21826171875,-53.84490122775176,-4.57610829833398,-0.2692948947697573,0.0009019904912292986
895,0.218505859375,-53.77939326644812,-4.554385389776566,-0.2691143031834713,0.0009231517818761859
896,0.21875,-53.713885305144466,-4.532662481219147,-0.2689337115971284,0.0009443130725230731
897,0.218994140625,-53.64837734384083,-4.510939572661732,-0.2687531200108424,0.0009654743631131169
898,0.21923828125000003,-53.58286938253717,-4.4892166641043145,-0.26857252842455637,0.000986635653760004
899,0.219482421875,-53.51736142123353,-4.4674937555469,-0.2683919368382135,0.0010077969443500479
900,0.2197265625,-53.451853459929886,-4.445770846989486,-0.26821134525192747,0.001028958234996935
901,0.219970703125,-53.386345498626234,-4.424047938432068,-0.2680307536655846,0.0010501195255869789
902,0.22021484375,-53.32083753732259,-4.402325029874652,-0.26785016207929857,0.001071280816233866
903,0.22045898437500003,-53.255329576018944,-4.380602121317234,-0.2676695704929557,0.0010924421068239099
904,0.220703125,-53.1898216147153,-4.35887921275982,-0.26748897890666967,0.001113603397470797
905,0.220947265625,-53.124313653411654,-4.337156304202405,-0.2673083873203268,0.0011347646880608409
906,0.22119140625,-53.058805692108,-4.315433395644987,-0.2671277957340408,0.001155925978707728
907,0.221435546875,-52.99329773080436,-4.293710487087572,-0.2669472041476979,0.0011770872692977719
908,0.22167968750000003,-52.927789769500706,-4.271987578530155,-0.2667666125614119,0.001198248559944659
909,0.221923828125,-52.861875205495835,-4.250107918056833,-0.266584435764571,0.0012181726679614258
910,0.22216796875,-52.794334230686054,-4.227601249919883,-0.2663959181256814,0.001233148045685084
911,0.222412109375,-52.72679325587626,-4.20509458178293,-0.2662074004867918,0.0012481234234655858
912,0.22265625,-52.65925228106648,-4.182587913645981,-0.2660188828479022,0.0012630988011892441
913,0.22290039062500003,-52.591711306256684,-4.160081245509027,-0.26583036520906944,0.0012780741789129024
914,0.22314453125,-52.524170331446896,-4.137574577372077,-0.26564184757017983,0.0012930495566365607
915,0.223388671875,-52.456629356637116,-4.115067909235129,-0.2654533299312902,0.0013080249344170625
916,0.2236328125,-52.38908838182732,-4.092561241098175,-0.2652648122924006,0.0013230003121407208
917,0.223876953125,-52.32154740701754,-4.070054572961225,-0.265076294653511,0.001337975689864379
918,0.22412109375000003,-52.254006432207746,-4.047547904824272,-0.2648877770146214,0.0013529510675880374
919,0.224365234375,-52.18646545739796,-4.025041236687322,-0.26469925937578864,0.0013679264453116957
920,0.224609375,-52.11892448258818,-4.002534568550373,-0.26451074173689904,0.0013829018230921974
921,0.224853515625,-52.05138350777838,-3.9800279004134205,-0.26432222409800943,0.0013978772008158558
922,0.22509765625,-51.9838425329686,-3.9575212322764703,-0.2641337064591198,0.001412852578539514
923,0.22534179687500003,-51.91630155815881,-3.935014564139517,-0.2639451888202302,0.0014278279562631724
924,0.2255859375,-51.848760583349026,-3.9125078960025683,-0.26375667118139745,0.0014428033339868307
925,0.225830078125,-51.781219608539246,-3.890001227865618,-0.26356815354250784,0.0014577787117673324
926,0.22607421875,-51.71367863372944,-3.867494559728665,-0.26337963590361824,0.0014727540894909907
927,0.226318359375,-51.646137658919656,-3.8449878915917153,-0.26319111826472863,0.001487729467214649
928,0.22656250000000003,-51.57859668410987,-3.8224812234547634,-0.263002600625839,0.0015027048449383074
929,0.226806640625,-51.51105570930008,-3.799974555317813,-0.2628140829869494,0.0015176802226619657
930,0.22705078125,-51.4435147344903,-3.777467887180863,-0.26262556534811665,0.0015326556004424674
931,0.227294921875,-51.3759737596805,-3.75496121904391,-0.26243704770922704,0.0015476309781661257
932,0.2275390625,-51.30843278487072,-3.7324545509069607,-0.26224853007033744,0.001562606355889784
933,0.22778320312500003,-51.24089181006093,-3.7099478827700083,-0.26206001243144783,0.0015775817336134423
934,0.22802734375,-51.17335083525114,-3.687441214633058,-0.2618714947925582,0.001592557111393944
935,0.228271484375,-51.1049047199071,-3.664975739699094,-0.2616782949058347,0.0016042957317381479
936,0.228515625,-51.0358551775402,-3.6425377269004504,-0.26148197352046054,0.001613876513829382
937,0.228759765625,-50.96680563517331,-3.6200997141018103,-0.2612856521351432,0.0016234572959774596
938,0.22900390625000003,-50.89775609280641,-3.597661701303167,-0.26108933074976903,0.0016330380780686937
939,0.229248046875,-50.82870655043952,-3.575223688504527,-0.2608930093644517,0.0016426188602167713
940,0.2294921875,-50.75965700807264,-3.552785675705887,-0.2606966879790775,0.0016521996423080054
941,0.229736328125,-50.69060746570573,-3.5303476629072432,-0.2605003665937602,0.001661780424456083
942,0.22998046875,-50.62155792333884,-3.5079096501086027,-0.260304045208386,0.0016713612065473171
943,0.23022460937500003,-50.55250838097194,-3.4854716373099595,-0.2601077238230687,0.0016809419886953947
944,0.23046875,-50.48345883860505,-3.4630336245113194,-0.25991140243775135,0.0016905227707866288
945,0.230712890625,-50.41440929623817,-3.440595611712679,-0.2597150810523772,0.0017001035529347064
946,0.23095703125,-50.345359753871264,-3.418157598914036,-0.25951875966705984,0.0017096843350259405
947,0.231201171875,-50.276310211504374,-3.395719586115395,-0.25932243828168566,0.001719265117174018
948,0.23144531250000003,-50.207260669137476,-3.373281573316752,-0.25912611689636833,0.0017288458992652522
949,0.231689453125,-50.138211126770585,-3.3508435605181113,-0.25892979551099415,0.0017384266814133298
950,0.23193359375,-50.0691615844037,-3.328405547719471,-0.2587334741256768,0.001748007463504564
951,0.232177734375,-50.000112042036804,-3.305967534920828,-0.25853715274030264,0.0017575882456526415
952,0.232421875,-49.931062499669906,-3.283529522122188,-0.2583408313549853,0.0017671690277438756
953,0.23266601562500003,-49.86201295730301,-3.261091509323544,-0.25814450996961114,0.0017767498098919532
954,0.23291015625,-49.79296341493612,-3.238653496524904,-0.2579481885842938,0.0017863305919831873
955,0.233154296875,-49.723913872569234,-3.2162154837262635,-0.2577518671989196,0.001795911374131265
956,0.2333984375,-49.65486433020234,-3.1937774709276203,-0.2575555458136023,0.001805492156222499
957,0.233642578125,-49.58581478783544,-3.17133945812898,-0.2573592244282281,0.0018150729383705766
958,0.23388671875000003,-49.51676524546854,-3.1489014453303366,-0.2571629030429108,0.0018246537204618107
959,0.234130859375,-49.44771570310165,-3.126463432531697,-0.2569665816575366,0.0018342345026098883
960,0.234375,-49.37866616073477,-3.1040254197330563,-0.2567702602722193,0.0018438152847011224
961,0.234619140625,-49.308586554186945,-3.082310264775178,-0.2565663523675994,0.0018487823177792961
962,0.23486328125,-49.238506947639124,-3.0605951098173034,-0.2563624444629795,0.0018537493508006264
963,0.23510742187500003,-49.1684273410913,-3.038879954859425,-0.25615853655835963,0.0018587163838788001
964,0.2353515625,-49.09834773454349,-3.0171647999015505,-0.25595462865373975,0.0018636834169569738
965,0.235595703125,-49.02826812799568,-2.995449644943675,-0.25575072074911986,0.001868650449978304
966,0.23583984375,-48.95818852144786,-2.9737344899857976,-0.2555468128445,0.0018736174830564778
967,0.236083984375,-48.88810891490004,-2.9520193350279222,-0.2553429049398801,0.0018785845161346515
968,0.23632812500000003,-48.818029308352216,-2.930304180070044,-0.2551389970352602,0.0018835515491559818
969,0.236572265625,-48.7479497018044,-2.9085890251121693,-0.25493508913064034,0.0018885185822341555
970,0.23681640625,-48.67787009525659,-2.886873870154294,-0.2547311812260773,0.0018934856152554858
971,0.237060546875,-48.60779048870876,-2.8651587151964155,-0.2545272733214574,0.0018984526483336595
972,0.2373046875,-48.53771088216095,-2.843443560238541,-0.25432336541683753,0.0019034196814118332
973,0.23754882812500003,-48.46763127561312,-2.8217284052806626,-0.25411945751221765,0.0019083867144331634
974,0.23779296875,-48.39755166906531,-2.8000132503227877,-0.25391554960759777,0.0019133537475113371
975,0.238037109375,-48.3274720625175,-2.778298095364913,-0.2537116417029779,0.0019183207805895108
976,0.23828125,-48.25739245596967,-2.7565829404070343,-0.253507733798358,0.0019232878136108411
977,0.238525390625,-48.187312849421865,-2.7348677854491594,-0.2533038258937381,0.0019282548466890148
978,0.23876953125000003,-48.11723324287404,-2.7131526304912814,-0.25309991798911824,0.0019332218797671885
979,0.239013671875,-48.04715363632622,-2.6914374755334065,-0.25289601008449836,0.0019381889127885188
980,0.2392578125,-47.97707402977841,-2.669722320575531,-0.2526921021798785,0.0019431559458666925
981,0.239501953125,-47.906994423230586,-2.648007165617653,-0.2524881942752586,0.0019481229789448662
982,0.23974609375,-47.83691481668277,-2.6262920106597782,-0.2522842863706387,0.0019530900119661965
983,0.23999023437500003,-47.76683521013494,-2.6045768557019002,-0.25208037846601883,0.00195805704504437
984,0.240234375,-47.696755603587135,-2.5828617007440253,-0.25187647056139895,0.001963024078122544
985,0.240478515625,-47.62667599703932,-2.56114654578615,-0.25167256265677906,0.001967991111143874
986,0.24072265625,-47.55635739697773,-2.539913891028972,-0.25146574503634156,0.0019714126842700352
987,0.240966796875,-47.4856803066455,-2.5194049865728463,-0.2512545628421776,0.0019725160673829123
988,0.24121093750000003,-47.41500321631326,-2.498896082116718,-0.2510433806480705,0.0019736194504957894
989,0.241455078125,-47.34432612598103,-2.478387177660593,-0.2508321984539066,0.00197472283366551
990,0.24169921875,-47.273649035648795,-2.457878273204468,-0.25062101625974265,0.001975826216778387
991,0.241943359375,-47.202971945316555,-2.4373693687483398,-0.2504098340655787,0.001976929599891264
992,0.2421875,-47.13229485498432,-2.4168604642922142,-0.25019865187141477,0.0019780329830609844
993,0.24243164062500003,-47.06161776465208,-2.396351559836086,-0.24998746967725083,0.0019791363661738615
994,0.24267578125,-46.99094067431985,-2.3758426553799605,-0.2497762874830869,0.0019802397492867385
995,0.242919921875,-46.92026358398763,-2.3553337509238355,-0.24956510528892295,0.0019813431323996156
996,0.2431640625,-46.84958649365539,-2.3348248464677073,-0.249353923094759,0.001982446515569336
997,0.243408203125,-46.778909403323155,-2.3143159420115818,-0.24914274090059507,0.001983549898682213
998,0.24365234375000003,-46.708232312990916,-2.2938070375554536,-0.24893155870643113,0.00198465328179509
999,0.243896484375,-46.63755522265868,-2.273298133099328,-0.2487203765122672,0.0019857566649648106
1000,0.244140625,-46.56687813232645,-2.2527892286432025,-0.24850919431810325,0.0019868600480776877
1001,0.244384765625,-46.49620104199421,-2.2322803241870743,-0.24829801212393932,0.0019879634311905647
1002,0.24462890625,-46.42552395166198,-2.2117714197309493,-0.24808682992977538,0.001989066814360285
1003,0.24487304687500003,-46.35484686132974,-2.1912625152748206,-0.24787564773561144,0.0019901701974731623
1004,0.2451171875,-46.28416977099751,-2.170753610818696,-0.2476644655414475,0.0019912735805860393
1005,0.245361328125,-46.213492680665276,-2.1502447063625705,-0.24745328334728356,0.00199237696375576
1006,0.24560546875,-46.142815590333036,-2.1297358019064423,-0.24724210115317646,0.001993480346868637
1007,0.245849609375,-46.072138500000804,-2.1092268974503168,-0.24703091895901252,0.001994583729981514
1008,0.24609375000000003,-46.001461409668565,-2.0887179929941886,-0.24681973676484859,0.0019956871131512344
1009,0.246337890625,-45.93078431933634,-2.068209088538063,-0.24660855457068465,0.0019967904962641114
1010,0.24658203125,-45.86010722900411,-2.0477001840819375,-0.2463973723765207,0.0019978938793769885
1011,0.246826171875,-45.78943013867186,-2.0271912796258094,-0.24618619018235677,0.001998997262546709
1012,0.2470703125,-45.71858531824471,-2.00791796426434,-0.24596951092263453,0.0019975734037984694
1013,0.24731445312500003,-45.64769856529384,-1.9889535461765315,-0.24575145739657955,0.001995517734542318
1014,0.24755859375,-45.576811812342974,-1.9699891280887258,-0.24553340387046774,0.00199346206534301
1015,0.247802734375,-45.5059250593921,-1.9510247100009201,-0.24531535034441276,0.001991406396086859
1016,0.248046875,-45.435038306441214,-1.9320602919131116,-0.2450972968183578,0.001989350726887551
1017,0.248291015625,-45.364151553490345,-1.9130958738253059,-0.24487924329224597,0.001987295057688243
1018,0.24853515625000003,-45.29326480053947,-1.8941314557374975,-0.244661189766191,0.001985239388432092
1019,0.248779296875,-45.2223780475886,-1.8751670376496914,-0.24444313624007918,0.001983183719232784
1020,0.2490234375,-45.15149129463772,-1.8562026195618857,-0.2442250827140242,0.0019811280499766326
1021,0.249267578125,-45.080604541686846,-1.8372382014740773,-0.24400702918796924,0.0019790723807773247
1022,0.24951171875,-45.00971778873598,-1.8182737833862714,-0.24378897566185742,0.0019770167115211734
1023,0.24975585937500003,-44.9388310357851,-1.799309365298463,-0.24357092213580245,0.0019749610423218655
1024,0.25,-44.86794428283422,-1.7803449472106576,-0.24335286860969063,0.0019729053730657142
1025,0.250244140625,-44.79705752988336,-1.761380529122852,-0.24313481508363566,0.0019708497038664063
1026,0.25048828125,-44.726170776932484,-1.7424161110350433,-0.24291676155758068,0.0019687940346670985
1027,0.250732421875,-44.65528402398161,-1.7234516929472377,-0.24269870803146887,0.001966738365410947
1028,0.2509765625,-44.584397271030724,-1.704487274859429,-0.2424806545054139,0.0019646826962116393
1029,0.251220703125,-44.51351051807985,-1.6855228567716232,-0.24226260097935892,0.001962627026955488
1030,0.25146484375,-44.442623765128985,-1.6665584386838177,-0.2420445474532471,0.00196057135775618
1031,0.251708984375,-44.37173701217811,-1.6475940205960093,-0.24182649392719213,0.0019585156885000288
1032,0.251953125,-44.30085025922723,-1.6286296025082034,-0.24160844040108032,0.001956460019300721
1033,0.252197265625,-44.22996350627635,-1.6096651844203949,-0.24139038687502534,0.001954404350101413
1034,0.25244140625,-44.159076753325486,-1.5907007663325892,-0.24117233334897037,0.0019523486808452617
1035,0.252685546875,-44.08819000037462,-1.5717363482447835,-0.24095427982285855,0.0019502930116459538
1036,0.2529296875,-44.01730324742373,-1.5527719301569751,-0.24073622629680358,0.0019482373423898025
1037,0.253173828125,-43.94644353944675,-1.5341597528719293,-0.2405168955774002,0.0019456796592862702
1038,0.25341796875,-43.87569201136526,-1.5169565387979205,-0.2402924560849442,0.0019411139207363703
1039,0.253662109375,-43.80494048328378,-1.4997533247239139,-0.24006801659243138,0.001936548182129627
1040,0.25390625,-43.7341889552023,-1.4825501106499077,-0.23984357709991855,0.0019319824435228838
1041,0.254150390625,-43.66343742712082,-1.4653468965758987,-0.23961913760746256,0.0019274167049161406
1042,0.25439453125,-43.59268589903934,-1.4481436825018923,-0.23939469811494973,0.0019228509663093973
1043,0.254638671875,-43.52193437095785,-1.4309404684278835,-0.2391702586224369,0.0019182852277594975
1044,0.2548828125,-43.45118284287638,-1.4137372543538769,-0.23894581912998092,0.0019137194891527542
1045,0.255126953125,-43.3804313147949,-1.3965340402798703,-0.2387213796374681,0.001909153750546011
1046,0.25537109375,-43.30967978671341,-1.3793308262058612,-0.23849694014495526,0.0019045880119392677
1047,0.255615234375,-43.23892825863194,-1.362127612131855,-0.23827250065249928,0.0019000222733325245
1048,0.255859375,-43.16817673055045,-1.344924398057846,-0.23804806115998645,0.0018954565347257812
1049,0.256103515625,-43.09742520246897,-1.3277211839838396,-0.23782362166747362,0.0018908907961758814
1050,0.25634765625,-43.026673674387496,-1.310517969909833,-0.2375991821749608,0.0018863250575691382
1051,0.256591796875,-42.95592214630601,-1.2933147558358242,-0.2373747426825048,0.001881759318962395
1052,0.2568359375,-42.88517061822453,-1.2761115417618176,-0.23715030318999197,0.0018771935803556516
1053,0.257080078125,-42.81441909014304,-1.2589083276878086,-0.23692586369747914,0.0018726278417489084
1054,0.25732421875,-42.74366756206157,-1.2417051136138024,-0.23670142420502316,0.0018680621031990086
1055,0.257568359375,-42.67291603398009,-1.224501899539796,-0.23647698471251033,0.0018634963645922653
1056,0.2578125,-42.6021645058986,-1.207298685465787,-0.2362525452199975,0.001858930625985522
1057,0.258056640625,-42.531412977817126,-1.1900954713917804,-0.23602810572754152,0.0018543648873787788
1058,0.25830078125,-42.46066144973564,-1.1728922573177718,-0.23580366623502869,0.0018497991487720356
1059,0.258544921875,-42.38990992165416,-1.1556890432437652,-0.23557922674251586,0.0018452334102221357
1060,0.2587890625,-42.319158393572685,-1.1384858291697586,-0.23535478725000303,0.0018406676716153925
1061,0.259033203125,-42.2484068654912,-1.1212826150957496,-0.23513034775754704,0.0018361019330086492
1062,0.25927734375,-42.17765533740971,-1.1040794010217434,-0.2349059082650342,0.001831536194401906
1063,0.259521484375,-42.10716770714868,-1.0880029719069153,-0.23467797078706099,0.0018258166796272235
1064,0.259765625,-42.03685600876798,-1.0726777327648769,-0.23444770131879977,0.0018193279807405816
1065,0.260009765625,-41.96654431038727,-1.0573524936228385,-0.23421743185053856,0.0018128392817970962
1066,0.26025390625,-41.89623261200656,-1.042027254480798,-0.2339871623822205,0.0018063505829104542
1067,0.260498046875,-41.82592091362585,-1.0267020153387596,-0.2337568929139593,0.0017998618839669689
1068,0.2607421875,-41.75560921524512,-1.0113767761967192,-0.23352662344569808,0.001793373185080327
1069,0.260986328125,-41.685297516864416,-0.9960515370546806,-0.23329635397738002,0.0017868844861368416
1070,0.26123046875,-41.6149858184837,-0.9807262979126421,-0.2330660845091188,0.0017803957872501996
1071,0.261474609375,-41.54467412010299,-0.9654010587706017,-0.2328358150408576,0.0017739070883067143
1072,0.26171875,-41.47436242172228,-0.9500758196285631,-0.23260554557253954,0.0017674183894200723
1073,0.261962890625,-41.404050723341555,-0.9347505804865225,-0.23237527610427833,0.0017609296905334304
1074,0.26220703125,-41.33373902496085,-0.9194253413444843,-0.23214500663601711,0.001754440991589945
1075,0.262451171875,-41.263427326580135,-0.9041001022024457,-0.23191473716769906,0.001747952292703303
1076,0.2626953125,-41.19311562819943,-0.8887748630604053,-0.23168446769943785,0.0017414635937598177
1077,0.262939453125,-41.122803929818716,-0.8734496239183669,-0.23145419823117663,0.0017349748948731758
1078,0.26318359375,-41.052492231437995,-0.8581243847763262,-0.23122392876285858,0.0017284861959296904
1079,0.263427734375,-40.98218053305729,-0.8427991456342879,-0.23099365929459736,0.0017219974970430485
1080,0.263671875,-40.911868834676575,-0.8274739064922495,-0.23076338982633615,0.0017155087981564066
1081,0.263916015625,-40.84155713629586,-0.8121486673502089,-0.2305331203580181,0.0017090200992129212
1082,0.26416015625,-40.77124543791515,-0.7968234282081705,-0.23030285088975688,0.0017025314003262793
1083,0.264404296875,-40.700933739534435,-0.7814981890661299,-0.23007258142149567,0.001696042701382794
1084,0.2646484375,-40.63062204115372,-0.7661729499240916,-0.2298423119531776,0.001689554002496152
1085,0.264892578125,-40.560310342773015,-0.7508477107820531,-0.2296120424849164,0.0016830653035526666
1086,0.26513671875,-40.4899986443923,-0.7355224716400125,-0.2293817730166552,0.0016765766046660247
1087,0.265380859375,-40.41968694601159,-0.7201972324979743,-0.22915150354833713,0.0016700879057225393
1088,0.265625,-40.34937524763087,-0.7048719933559339,-0.22892123408007592,0.0016635992068358973
1089,0.265869140625,-40.279770407544824,-0.6914609727507961,-0.22868574679506537,0.0016557096740825727
1090,0.26611328125,-40.21016556745878,-0.6780499521456583,-0.22845025950999798,0.0016478201412724047
1091,0.266357421875,-40.14056072737273,-0.6646389315405187,-0.22821477222498743,0.0016399306085190801
1092,0.2666015625,-40.07095588728668,-0.6512279109353809,-0.22797928493992003,0.001632041075708912
1093,0.266845703125,-40.00135104720063,-0.6378168903302412,-0.22774379765490949,0.0016241515429555875
1094,0.26708984375,-39.931746207114585,-0.6244058697251035,-0.2275083103698421,0.0016162620101454195
1095,0.267333984375,-39.862141367028535,-0.6109948491199656,-0.22727282308483154,0.0016083724773920949
1096,0.267578125,-39.79253652694249,-0.597583828514826,-0.22703733579976415,0.0016004829445819269
1097,0.267822265625,-39.72293168685644,-0.5841728079096882,-0.2268018485147536,0.0015925934118286023
1098,0.26806640625,-39.65332684677038,-0.5707617873045486,-0.2265663612296862,0.0015847038790184342
1099,0.268310546875,-39.58372200668434,-0.5573507666994107,-0.22633087394467566,0.0015768143462651096
1100,0.2685546875,-39.514117166598304,-0.543939746094273,-0.2260953866596651,0.0015689248134549416
1101,0.268798828125,-39.444512326512246,-0.5305287254891333,-0.22585989937459772,0.001561035280701617
1102,0.26904296875,-39.3749074864262,-0.5171177048839956,-0.22562441208958717,0.001553145747891449
1103,0.269287109375,-39.30530264634015,-0.5037066842788558,-0.22538892480451977,0.0015452562151381244
1104,0.26953125,-39.2356978062541,-0.4902956636737181,-0.22515343751950923,0.0015373666823279564
1105,0.269775390625,-39.16609296616806,-0.4768846430685803,-0.22491795023444183,0.0015294771495746318
1106,0.27001953125,-39.096488126082,-0.46347362246344065,-0.22468246294943128,0.0015215876167644637
1107,0.270263671875,-39.02688328599596,-0.4500626018583029,-0.2244469756643639,0.0015136980840111391
1108,0.2705078125,-38.95727844590991,-0.4366515812531631,-0.22421148837935334,0.0015058085512009711
1109,0.270751953125,-38.887673605823856,-0.4232405606480254,-0.22397600109428595,0.0014979190184476465
1110,0.27099609375,-38.81806876573782,-0.40982954004288763,-0.2237405138092754,0.001490029485694322
1111,0.271240234375,-38.74846392565176,-0.396418519437748,-0.22350502652426485,0.001482139952884154
1112,0.271484375,-38.67885908556572,-0.3830074988326102,-0.22326953923919746,0.0014742504201308293
1113,0.271728515625,-38.60925424547967,-0.3695964782274705,-0.2230340519541869,0.0014663608873206613
1114,0.27197265625,-38.540025117695976,-0.35694033489843835,-0.22279673838761482,0.0014580936459083205
1115,0.272216796875,-38.47135955836582,-0.3454165074835649,-0.22255668539867202,0.0014492598414790336
1116,0.2724609375,-38.402693999035655,-0.33389268006868994,-0.22231663240978605,0.0014404260370497468
1117,0.272705078125,-38.334028439705506,-0.3223688526538165,-0.2220765794209001,0.0014315922326773034
1118,0.27294921875,-38.26536288037534,-0.31084502523894153,-0.22183652643201413,0.0014227584282480166
1119,0.273193359375,-38.196697321045185,-0.2993211978240681,-0.22159647344312816,0.0014139246238187297
1120,0.2734375,-38.12803176171503,-0.2877973704091947,-0.2213564204542422,0.0014050908194462863
1121,0.273681640625,-38.059366202384865,-0.2762735429943197,-0.2211163674652994,0.0013962570150169995
1122,0.27392578125,-37.990700643054716,-0.26474971557944627,-0.22087631447641343,0.0013874232105877127
1123,0.274169921875,-37.92203508372455,-0.25322588816457126,-0.22063626148752746,0.0013785894062152693
1124,0.2744140625,-37.85336952439439,-0.24170206074969783,-0.2203962084986415,0.0013697556017859824
1125,0.274658203125,-37.78470396506424,-0.23017823333482446,-0.22015615550975554,0.0013609217973566956
1126,0.27490234375,-37.716038405734075,-0.21865440591994945,-0.21991610252081273,0.0013520879929842522
1127,0.275146484375,-37.647372846403925,-0.20713057850507605,-0.21967604953192676,0.0013432541885549654
1128,0.275390625,-37.57870728707376,-0.195606751090201,-0.2194359965430408,0.0013344203841256785
1129,0.275634765625,-37.5100417277436,-0.1840829236753276,-0.21919594355415484,0.0013255865797532351
1130,0.27587890625,-37.44137616841345,-0.1725590962604542,-0.21895589056526887,0.0013167527753239483
1131,0.276123046875,-37.372710609083285,-0.16103526884557917,-0.2187158375763829,0.0013079189708946615
1132,0.2763671875,-37.30404504975313,-0.1495114414307058,-0.2184757845874401,0.001299085166522218
1133,0.276611328125,-37.235379490422964,-0.13798761401583076,-0.21823573159855414,0.0012902513620929312
1134,0.27685546875,-37.16671393109281,-0.12646378660095736,-0.21799567860966818,0.0012814175576636444
1135,0.277099609375,-37.09804837176265,-0.11493995918608398,-0.2177556256207822,0.001272583753291201
1136,0.27734375,-37.02938281243249,-0.10341613177120892,-0.21751557263189625,0.0012637499488619142
1137,0.277587890625,-36.96071725310234,-0.09189230435633555,-0.21727551964301028,0.0012549161444326273
1138,0.27783203125,-36.892051693772174,-0.08036847694146054,-0.21703546665406748,0.001246082340060184
1139,0.278076171875,-36.82338613444202,-0.06884464952658712,-0.2167954136651815,0.001237248535630897
1140,0.2783203125,-36.755632585219,-0.058770446194943614,-0.21655224815378915,0.0012279732293336565
1141,0.278564453125,-36.68810703852275,-0.04905864888410615,-0.21630830451175598,0.00121858754761206
1142,0.27880859375,-36.62058149182651,-0.03934685157327006,-0.2160643608697228,0.00120920186583362
1143,0.279052734375,-36.553055945130275,-0.029635054262432594,-0.21582041722768963,0.0011998161840551802
1144,0.279296875,-36.48553039843403,-0.019923256951596507,-0.21557647358565646,0.0011904305023335837
1145,0.279541015625,-36.4180048517378,-0.010211459640760426,-0.21533252994362329,0.0011810448205551438
1146,0.27978515625,-36.35047930504156,-0.0004996623299229546,-0.2150885863015901,0.0011716591388335473
1147,0.280029296875,-36.282953758345315,0.009212134980913122,-0.21484464265955694,0.0011622734570551074
1148,0.2802734375,-36.21542821164906,0.01892393229175059,-0.21460069901752377,0.0011528877752766675
1149,0.280517578125,-36.14790266495283,0.02863572960258668,-0.2143567553754906,0.001143502093555071
1150,0.28076171875,-36.0803771182566,0.03834752691342277,-0.21411281173345742,0.0011341164117766311
1151,0.281005859375,-36.01285157156035,0.04805932422426024,-0.21386886809142425,0.0011247307300550347
1152,0.28125,-35.945326024864116,0.0577711215350963,-0.21362492444939107,0.0011153450482765948
1153,0.281494140625,-35.87780047816787,0.06748291884593378,-0.2133809808073579,0.0011059593664981548
1154,0.28173828125,-35.81027493147163,0.07719471615676987,-0.21313703716532473,0.0010965736847765584
1155,0.281982421875,-35.742749384775394,0.08690651346760597,-0.21289309352329155,0.0010871880029981185
1156,0.2822265625,-35.675223838079155,0.09661831077844342,-0.21264914988125838,0.001077802321276522
1157,0.282470703125,-35.60769829138291,0.10633010808927952,-0.2124052062392252,0.001068416639498082
1158,0.28271484375,-35.540172744686664,0.11604190540011697,-0.21216126259719204,0.0010590309577196422
1159,0.282958984375,-35.472647197990426,0.12575370271095307,-0.21191731895515886,0.0010496452759980457
1160,0.283203125,-35.405121651294195,0.13546550002178914,-0.2116733753131257,0.0010402595942196058
1161,0.283447265625,-35.33759610459794,0.1451772973326266,-0.21142943167109252,0.0010308739124980093
1162,0.28369140625,-35.27007055790171,0.1548890946434627,-0.21118548802905934,0.0010214882307195694
1163,0.283935546875,-35.202545011205466,0.1646008919543002,-0.21094154438702617,0.0010121025489411295
1164,0.2841796875,-35.13501946450923,0.17431268926513627,-0.210697600744993,0.001002716867219533
1165,0.284423828125,-35.06775628484806,0.18368412527433245,-0.21045301519041004,0.0009932870341344824
1166,0.28466796875,-35.00154257332714,0.19169411607697112,-0.21020586198562796,0.000983680595709302
1167,0.284912109375,-34.93532886180624,0.19970410687960866,-0.20995870878084588,0.0009740741572841216
1168,0.28515625,-34.86911515028531,0.20771409768224733,-0.20971155557600696,0.0009644677188020978
1169,0.285400390625,-34.80290143876441,0.21572408848488486,-0.20946440237122488,0.0009548612803769174
1170,0.28564453125,-34.7366877272435,0.22373407928752242,-0.2092172491664428,0.000945254841951737
1171,0.285888671875,-34.67047401572258,0.2317440700901611,-0.20897009596166072,0.0009356484035265566
1172,0.2861328125,-34.60426030420168,0.23975406089279866,-0.20872294275687864,0.0009260419651013763
1173,0.286376953125,-34.538046592680764,0.24776405169543736,-0.20847578955209656,0.0009164355266761959
1174,0.28662109375,-34.471832881159855,0.2557740424980749,-0.20822863634731448,0.0009068290882510155
1175,0.286865234375,-34.40561916963895,0.2637840333007124,-0.20798148314247555,0.0008972226498258351
1176,0.287109375,-34.33940545811803,0.27179402410335113,-0.20773432993769347,0.0008876162114006547
1177,0.287353515625,-34.27319174659712,0.27980401490598866,-0.2074871767329114,0.0008780097729754743
1178,0.28759765625,-34.206978035076204,0.28781400570862725,-0.2072400235281293,0.000868403334550294
1179,0.287841796875,-34.140764323555295,0.29582399651126484,-0.20699287032334723,0.0008587968961251136
1180,0.2880859375,-34.07455061203439,0.3038339873139024,-0.20674571711856515,0.0008491904576999332
1181,0.288330078125,-34.00833690051348,0.311843978116541,-0.20649856391372623,0.0008395840192747528
1182,0.28857421875,-33.94212318899257,0.31985396891917856,-0.20625141070894415,0.0008299775808495724
1183,0.288818359375,-33.87590947747165,0.3278639597218173,-0.20600425750416207,0.000820371142424392
1184,0.2890625,-33.80969576595075,0.33587395052445485,-0.20575710429938,0.0008107647039992116
1185,0.289306640625,-33.74348205442983,0.3438839413270924,-0.2055099510945979,0.0008011582655740312
1186,0.28955078125,-33.67726834290892,0.3518939321297311,-0.20526279788981583,0.0007915518271488509
1187,0.289794921875,-33.611054631388015,0.3599039229323686,-0.20501564468503375,0.0007819453887236705
1188,0.2900390625,-33.5448409198671,0.36791391373500726,-0.20476849148019483,0.0007723389502984901
1189,0.290283203125,-33.47862720834619,0.37592390453764485,-0.20452133827541275,0.0007627325118733097
1190,0.29052734375,-33.41241349682529,0.3839338953402824,-0.20427418507063066,0.0007531260734481293
1191,0.290771484375,-33.34707419137197,0.3910032975064908,-0.20402550882755577,0.0007435514767735185
1192,0.291015625,-33.282317823297085,0.39744564058174475,-0.20377581722556215,0.0007339981080463076
1193,0.291259765625,-33.21756145522219,0.4038879836569996,-0.20352612562362538,0.0007244447392622533
1194,0.29150390625,-33.15280508714729,0.41033032673225356,-0.20327643402163176,0.000714891370478199
1195,0.291748046875,-33.088048719072404,0.4167726698075076,-0.20302674241963814,0.0007053380016941446
1196,0.2919921875,-33.0232923509975,0.4232150128827624,-0.20277705081770137,0.0006957846329100903
1197,0.292236328125,-32.95853598292261,0.4296573559580164,-0.20252735921570775,0.000686231264126036
1198,0.29248046875,-32.89377961484771,0.43609969903327134,-0.20227766761377097,0.0006766778953419816
1199,0.292724609375,-32.82902324677281,0.44254204210852527,-0.20202797601177735,0.0006671245266147707
1200,0.29296875,-32.764266878697924,0.44898438518377914,-0.20177828440984058,0.0006575711578307164
1201,0.293212890625,-32.69951051062302,0.455426728259034,-0.20152859280784696,0.0006480177890466621
1202,0.29345703125,-32.63475414254813,0.461869071334288,-0.2012789012059102,0.0006384644202626077
1203,0.293701171875,-32.56999777447324,0.46831141440954294,-0.20102920960391657,0.0006289110514785534
1204,0.2939453125,-32.50524140639834,0.4747537574847968,-0.2007795180019798,0.0006193576826944991
1205,0.294189453125,-32.440485038323445,0.48119610056005085,-0.20052982639998618,0.0006098043139104448
1206,0.29443359375,-32.37572867024855,0.4876384436353057,-0.20028013479799256,0.0006002509451832339
1207,0.294677734375,-32.31097230217366,0.49408078671055966,-0.20003044319605578,0.0005906975763991795
1208,0.294921875,-32.24621593409876,0.5005231297858145,-0.19978075159406217,0.0005811442076151252
1209,0.295166015625,-32.18145956602386,0.5069654728610685,-0.1995310599921254,0.0005715908388310709
1210,0.29541015625,-32.11670319794897,0.5134078159363225,-0.19928136839013177,0.0005620374700470165
1211,0.295654296875,-32.05194682987407,0.5198501590115773,-0.199031676788195,0.0005524841012629622
1212,0.2958984375,-31.98719046179918,0.5262925020868313,-0.19878198518620138,0.0005429307324789079
1213,0.296142578125,-31.92243409372428,0.5327348451620862,-0.1985322935842646,0.000533377363751697
1214,0.29638671875,-31.85767772564939,0.5391771882373401,-0.198282601982271,0.0005238239949676426
1215,0.296630859375,-31.792921357574492,0.545619531312594,-0.19803291038033422,0.0005142706261835883
1216,0.296875,-31.728164989499597,0.5520618743878487,-0.1977832187783406,0.000504717257399534
1217,0.297119140625,-31.66498750928697,0.5570853592989901,-0.1975316356547978,0.0004954382016535419
1218,0.29736328125,-31.601810029074343,0.5621088442101322,-0.19728005253119818,0.00048615914590754983
1219,0.297607421875,-31.53863254886172,0.5671323291212736,-0.1970284694076554,0.00047688009016155775
1220,0.2978515625,-31.4754550686491,0.5721558140324149,-0.1967768862841126,0.00046760103441556566
1221,0.298095703125,-31.412277588436464,0.577179298943557,-0.19652530316051298,0.0004583219786695736
1222,0.29833984375,-31.349100108223848,0.5822027838546984,-0.1962737200369702,0.0004490429229235815
1223,0.298583984375,-31.285922628011214,0.5872262687658404,-0.1960221369134274,0.0004397638671775894
1224,0.298828125,-31.22274514779859,0.5922497536769818,-0.19577055378982777,0.00043048481143159734
1225,0.299072265625,-31.159567667585975,0.5972732385881232,-0.19551897066628499,0.00042120575568560525
1226,0.29931640625,-31.096390187373334,0.6022967234992652,-0.1952673875427422,0.00041192669993961317
1227,0.299560546875,-31.03321270716072,0.6073202084104066,-0.1950158044191994,0.0004026476441936211
1228,0.2998046875,-30.970035226948085,0.6123436933215487,-0.19476422129559978,0.000393368588447629
1229,0.300048828125,-30.90685774673546,0.6173671782326902,-0.194512638172057,0.0003840895327016369
1230,0.30029296875,-30.843680266522846,0.6223906631438315,-0.1942610550485142,0.00037481047695564484
1231,0.300537109375,-30.78050278631021,0.6274141480549736,-0.19400947192491458,0.00036553142120965276
1232,0.30078125,-30.71732530609759,0.6324376329661149,-0.1937578888013718,0.0003562523654636607
1233,0.301025390625,-30.654147825884962,0.637461117877257,-0.193506305677829,0.0003469733097176686
1234,0.30126953125,-30.590970345672336,0.6424846027883984,-0.19325472255422937,0.0003376942539716765
1235,0.301513671875,-30.527792865459713,0.6475080876995397,-0.1930031394306866,0.00032841519822568443
1236,0.3017578125,-30.464615385247082,0.6525315726106818,-0.1927515563071438,0.00031913614247969235
1237,0.302001953125,-30.401437905034463,0.6575550575218232,-0.19249997318354417,0.00030985708673370027
1238,0.30224609375,-30.338260424821833,0.6625785424329653,-0.19224839006000138,0.0003005780309877082
1239,0.302490234375,-30.27508294460921,0.6676020273441067,-0.1919968069364586,0.0002912989752417161
1240,0.302734375,-30.211905464396583,0.6726255122552481,-0.1917452238129158,0.000282019919495724
1241,0.302978515625,-30.148727984183957,0.6776489971663902,-0.19149364068931618,0.00027274086374973194
1242,0.30322265625,-30.08622193684994,0.6821672549980702,-0.19124154508006086,0.00026364105690390716
1243,0.303466796875,-30.02472303883382,0.6859276722105584,-0.1909886807421799,0.0002548101233514899
1244,0.3037109375,-29.96322414081771,0.6896880894230462,-0.19073581640429893,0.00024597918985591605
1245,0.303955078125,-29.901725242801604,0.6934485066355339,-0.1904829520664748,0.0002371482563603422
1246,0.30419921875,-29.840226344785485,0.697208923848022,-0.19023008772859384,0.00022831732280792494
1247,0.304443359375,-29.778727446769377,0.7009693410605098,-0.18997722339071288,0.0002194863893123511
1248,0.3046875,-29.71722854875326,0.7047297582729981,-0.18972435905283191,0.00021065545575993383
1249,0.304931640625,-29.65572965073715,0.7084901754854858,-0.1894714947150078,0.00020182452226435998
1250,0.30517578125,-29.59423075272104,0.7122505926979735,-0.18921863037712683,0.00019299358871194272
1251,0.305419921875,-29.53273185470492,0.7160110099104617,-0.18896576603924586,0.00018416265521636888
1252,0.3056640625,-29.471232956688812,0.7197714271229494,-0.18871290170142174,0.00017533172172079503
1253,0.305908203125,-29.409734058672694,0.7235318443354377,-0.18846003736354078,0.00016650078816837777
1254,0.30615234375,-29.348235160656586,0.7272922615479255,-0.1882071730256598,0.00015766985467280392
1255,0.306396484375,-29.286736262640474,0.7310526787604132,-0.1879543086878357,0.00014883892112038666
1256,0.306640625,-29.22523736462436,0.7348130959729015,-0.18770144434995473,0.0001400079876248128
1257,0.306884765625,-29.163738466608248,0.7385735131853891,-0.18744858001207376,0.00013117705407239555
1258,0.30712890625,-29.10223956859213,0.7423339303978774,-0.1871957156741928,0.0001223461205768217
1259,0.307373046875,-29.04074067057602,0.7460943476103652,-0.18694285133636868,0.00011351518708124786
1260,0.3076171875,-28.979241772559913,0.7498547648228528,-0.1866899869984877,0.0001046842535288306
1261,0.307861328125,-28.917742874543794,0.7536151820353411,-0.18643712266060675,9.585332003325675e-05
1262,0.30810546875,-28.856243976527683,0.7573755992478288,-0.18618425832278263,8.702238648083949e-05
1263,0.308349609375,-28.794745078511568,0.7611360164603171,-0.18593139398490166,7.819145298526564e-05
1264,0.30859375,-28.733246180495456,0.7648964336728048,-0.1856785296470207,6.936051943284838e-05
1265,0.308837890625,-28.67174728247935,0.7686568508852926,-0.18542566530919657,6.052958593727453e-05
1266,0.30908203125,-28.61024838446323,0.7724172680977809,-0.1851728009713156,5.169865244170069e-05
1267,0.309326171875,-28.54874948644712,0.7761776853102685,-0.18491993663343465,4.2867718889283424e-05
1268,0.3095703125,-28.488657232987258,0.7790529898216927,-0.18466649840422633,3.450065810284286e-05
1269,0.309814453125,-28.428916640666465,0.7817070161578503,-0.1844129167022288,2.6249565507896477e-05
1270,0.31005859375,-28.36917604834567,0.7843610424940082,-0.18415933500017445,1.7998472912950092e-05
1271,0.310302734375,-28.309435456024865,0.7870150688301664,-0.1839057532981201,9.747380318003707e-06
1272,0.310546875,-28.249694863704068,0.789669095166324,-0.18365217159612257,1.4962877230573213e-06
1273,0.310791015625,-28.189954271383268,0.7923231215024822,-0.1833985898940682,-6.754804871889064e-06
1274,0.31103515625,-28.13021367906248,0.79497714783864,-0.1831450081920707,-1.500589746683545e-05
1275,0.311279296875,-28.070473086741682,0.7976311741747978,-0.18289142649001633,-2.3256990061781835e-05
1276,0.3115234375,-28.010732494420882,0.8002852005109558,-0.18263784478796197,-3.150808265672822e-05
1277,0.311767578125,-27.950991902100085,0.8029392268471136,-0.18238426308596445,-3.9759175251674606e-05
1278,0.31201171875,-27.891251309779282,0.8055932531832718,-0.1821306813839101,-4.801026784662099e-05
1279,0.312255859375,-27.831510717458496,0.8082472795194295,-0.18187709968191257,-5.6261360441567376e-05
1280,0.3125,-27.7717701251377,0.8109013058555873,-0.1816235179798582,-6.451245303651376e-05
1281,0.31274414062499994,-27.712029532816903,0.8135553321917451,-0.18136993627780384,-7.276354568830357e-05
1282,0.31298828125,-27.652288940496092,0.8162093585279037,-0.18111635457580633,-8.101463828324995e-05
1283,0.313232421875,-27.592548348175296,0.8188633848640614,-0.18086277287375196,-8.926573087819634e-05
1284,0.3134765625,-27.532807755854506,0.8215174112002191,-0.18060919117175445,-9.751682347314272e-05
1285,0.313720703125,-27.47306716353371,0.8241714375363769,-0.18035560946970008,-0.00010576791606808911
1286,0.31396484374999994,-27.413326571212917,0.8268254638725346,-0.18010202776764572,-0.00011401900866303549
1287,0.314208984375,-27.353585978892106,0.8294794902086932,-0.1798484460656482,-0.00012227010125798188
1288,0.314453125,-27.293845386571316,0.8321335165448509,-0.17959486436359384,-0.00013052119385292826
1289,0.314697265625,-27.23410479425052,0.8347875428810086,-0.17934128266159632,-0.00013877228644787465
1290,0.31494140625,-27.174364201929727,0.8374415692171665,-0.17908770095954196,-0.00014702337904282103
1291,0.31518554687499994,-27.11462360960893,0.8400955955533242,-0.1788341192574876,-0.00015527447163776742
1292,0.3154296875,-27.05488301728812,0.8427496218894828,-0.17858053755549008,-0.0001635255642327138
1293,0.315673828125,-26.99550637048709,0.8452129298553769,-0.1783269143845132,-0.00017164169423722342
1294,0.31591796875,-26.937585505765107,0.8469133643402158,-0.1780731253377894,-0.00017921797387998595
1295,0.316162109375,-26.879664641043124,0.8486137988250547,-0.17781933629112245,-0.00018679425346590506
1296,0.31640624999999994,-26.82174377632114,0.8503142333098935,-0.17756554724439866,-0.0001943705331086676
1297,0.316650390625,-26.763822911599135,0.852014667794733,-0.17731175819767486,-0.0002019468126945867
1298,0.31689453125,-26.705902046877156,0.8537151022795718,-0.1770579691510079,-0.00020952309233734923
1299,0.317138671875,-26.647981182155174,0.8554155367644108,-0.17680418010428411,-0.00021709937192326834
1300,0.3173828125,-26.590060317433192,0.8571159712492497,-0.17655039105761716,-0.00022467565156603087
1301,0.31762695312499994,-26.532139452711203,0.8588164057340887,-0.17629660201089337,-0.00023225193115194998
1302,0.31787109375,-26.474218587989206,0.8605168402189279,-0.17604281296416957,-0.0002398282107947125
1303,0.318115234375,-26.41629772326722,0.862217274703767,-0.17578902391750262,-0.00024740449043747503
1304,0.318359375,-26.358376858545235,0.8639177091886057,-0.17553523487077882,-0.00025498077002339414
1305,0.318603515625,-26.300455993823252,0.8656181436734447,-0.17528144582405503,-0.00026255704966615667
1306,0.31884765624999994,-26.24253512910127,0.8673185781582835,-0.17502765677738807,-0.0002701333292520758
1307,0.319091796875,-26.184614264379274,0.8690190126431231,-0.17477386773066428,-0.0002777096088948383
1308,0.3193359375,-26.126693399657288,0.8707194471279618,-0.17452007868399733,-0.0002852858884807574
1309,0.319580078125,-26.068772534935306,0.8724198816128008,-0.17426628963727353,-0.00029286216812351995
1310,0.31982421875,-26.01085167021332,0.8741203160976397,-0.17401250059054973,-0.00030043844770943906
1311,0.32006835937499994,-25.952930805491338,0.8758207505824787,-0.17375871154388278,-0.0003080147273522016
1312,0.3203125,-25.895009940769334,0.877521185067318,-0.173504922497159,-0.0003155910069949641
1313,0.320556640625,-25.837089076047352,0.8792216195521569,-0.1732511334504352,-0.00032316728658088323
1314,0.32080078125,-25.77916821132537,0.8809220540369956,-0.17299734440376824,-0.00033074356622364576
1315,0.321044921875,-25.721247346603388,0.8826224885218347,-0.17274355535704444,-0.00033831984580956487
1316,0.32128906249999994,-25.663326481881402,0.8843229230066736,-0.1724897663103775,-0.0003458961254523274
1317,0.321533203125,-25.605405617159402,0.886023357491513,-0.1722359772636537,-0.0003534724050382465
1318,0.32177734375,-25.54748475243742,0.8877237919763519,-0.1719821882169299,-0.00036104868468100904
1319,0.322021484375,-25.490682489447007,0.8889392764808466,-0.17172854554513606,-0.00036818202590893634
1320,0.322265625,-25.434625960944306,0.8898314609984452,-0.17147500045655306,-0.00037502007495504586
1321,0.32250976562499994,-25.378569432441612,0.890723645516044,-0.17122145536797007,-0.00038185812394431196
1322,0.32275390625,-25.322512903938897,0.8916158300336429,-0.17096791027938707,-0.0003886961729904215
1323,0.322998046875,-25.266456375436196,0.8925080145512414,-0.17071436519080407,-0.000395534222036531
1324,0.3232421875,-25.210399846933502,0.8934001990688402,-0.17046082010222108,-0.0004023722710257971
1325,0.323486328125,-25.154343318430804,0.894292383586439,-0.17020727501363808,-0.0004092103200719066
1326,0.32373046874999994,-25.098286789928107,0.8951845681040376,-0.16995372992505509,-0.0004160483690611727
1327,0.323974609375,-25.042230261425388,0.8960767526216364,-0.1697001848364721,-0.0004228864181072822
1328,0.32421875,-24.986173732922694,0.8969689371392351,-0.1694466397478891,-0.0004297244670965483
1329,0.324462890625,-24.930117204419993,0.8978611216568337,-0.1691930946593061,-0.00043656251614265784
1330,0.32470703125,-24.874060675917296,0.8987533061744326,-0.1689395495707231,-0.00044340056513192394
1331,0.32495117187499994,-24.818004147414598,0.8996454906920313,-0.1686860044821401,-0.00045023861417803346
1332,0.3251953125,-24.761947618911886,0.90053767520963,-0.1684324593935571,-0.00045707666316729956
1333,0.325439453125,-24.705891090409185,0.9014298597272287,-0.16817891430497411,-0.0004639147122134091
1334,0.32568359375,-24.649834561906488,0.9023220442448275,-0.16792536921639112,-0.0004707527612595186
1335,0.325927734375,-24.593778033403787,0.9032142287624262,-0.16767182412786497,-0.0004775908102487847
1336,0.32617187499999994,-24.53772150490109,0.9041064132800248,-0.16741827903928197,-0.0004844288592948942
1337,0.326416015625,-24.481664976398378,0.9049985977976236,-0.16716473395069897,-0.0004912669082841603
1338,0.32666015625,-24.42560844789568,0.9058907823152225,-0.16691118886211598,-0.0004981049573302698
1339,0.326904296875,-24.369551919392983,0.906782966832821,-0.16665764377353298,-0.0005049430063195359
1340,0.3271484375,-24.31349539089028,0.9076751513504198,-0.16640409868494999,-0.0005117810553656454
1341,0.32739257812499994,-24.25743886238758,0.9085673358680184,-0.166150553596367,-0.0005186191043549115
1342,0.32763671875,-24.20138233388487,0.9094595203856174,-0.165897008507784,-0.0005254571534010211
1343,0.327880859375,-24.14532580538217,0.910351704903216,-0.165643463419201,-0.0005322952023902872
1344,0.328125,-24.089269276879474,0.9112438894208147,-0.165389918330618,-0.0005391332514363967
1345,0.328369140625,-24.03510621823272,0.9114631522619133,-0.16513700723419333,-0.0005451962803704191
1346,0.32861328124999994,-23.980943159585962,0.911682415103012,-0.16488409613771182,-0.0005512593092475981
1347,0.328857421875,-23.92678010093919,0.9119016779441106,-0.16463118504128715,-0.0005573223381816206
1348,0.3291015625,-23.872617042292433,0.9121209407852093,-0.16437827394486249,-0.000563385367115643
1349,0.329345703125,-23.81845398364568,0.9123402036263081,-0.16412536284838097,-0.000569448395992822
1350,0.32958984375,-23.76429092499892,0.9125594664674066,-0.1638724517519563,-0.0005755114249268445
1351,0.32983398437499994,-23.710127866352167,0.9127787293085053,-0.1636195406554748,-0.0005815744538608669
1352,0.330078125,-23.655964807705395,0.9129979921496041,-0.16336662955905012,-0.000587637482738046
1353,0.330322265625,-23.601801749058637,0.9132172549907027,-0.16311371846262546,-0.0005937005116720684
1354,0.33056640625,-23.547638690411883,0.9134365178318012,-0.16286080736614394,-0.0005997635406060908
1355,0.330810546875,-23.493475631765126,0.9136557806729,-0.16260789626971928,-0.0006058265694832699
1356,0.33105468749999994,-23.43931257311837,0.9138750435139986,-0.1623549851732946,-0.0006118895984172923
1357,0.331298828125,-23.3851495144716,0.9140943063550974,-0.1621020740768131,-0.0006179526273513147
1358,0.33154296875,-23.330986455824842,0.9143135691961959,-0.16184916298038843,-0.0006240156562284938
1359,0.331787109375,-23.276823397178084,0.9145328320372946,-0.16159625188390692,-0.0006300786851625162
1360,0.33203125,-23.22266033853133,0.9147520948783934,-0.16134334078748225,-0.0006361417140396952
1361,0.33227539062499994,-23.168497279884576,0.9149713577194918,-0.16109042969105758,-0.0006422047429737177
1362,0.33251953125,-23.114334221237804,0.9151906205605905,-0.16083751859457607,-0.0006482677719077401
1363,0.332763671875,-23.060171162591047,0.9154098834016893,-0.1605846074981514,-0.0006543308007849191
1364,0.3330078125,-23.00600810394429,0.915629146242788,-0.16033169640172673,-0.0006603938297189416
1365,0.333251953125,-22.951845045297535,0.9158484090838865,-0.16007878530524522,-0.000666456858652964
1366,0.33349609374999994,-22.897681986650777,0.9160676719249853,-0.15982587420882055,-0.000672519887530143
1367,0.333740234375,-22.84351892800401,0.9162869347660839,-0.15957296311239588,-0.0006785829164641655
1368,0.333984375,-22.789355869357255,0.9165061976071827,-0.15932005201591437,-0.0006846459453981879
1369,0.334228515625,-22.735192810710494,0.9167254604482811,-0.1590671409194897,-0.0006907089742753669
1370,0.33447265625,-22.681793090759534,0.9167250051560195,-0.15881461474066327,-0.000696456098978615
1371,0.33471679687499994,-22.62953837885226,0.9163949726637174,-0.1585626659382342,-0.0007017293672220148
1372,0.3349609375,-22.577283666944975,0.916064940171415,-0.15831071713580513,-0.0007070026354654146
1373,0.335205078125,-22.5250289550377,0.9157349076791128,-0.15805876833337607,-0.0007122759037656579
1374,0.33544921875,-22.47277424313043,0.9154048751868105,-0.157806819530947,-0.0007175491720090577
1375,0.335693359375,-22.420519531223157,0.9150748426945082,-0.15755487072851793,-0.0007228224402524575
1376,0.33593749999999994,-22.368264819315886,0.914744810202206,-0.15730292192608886,-0.0007280957084958573
1377,0.336181640625,-22.316010107408598,0.9144147777099038,-0.1570509731236598,-0.0007333689767961005
1378,0.33642578125,-22.263755395501327,0.9140847452176014,-0.15679902432123072,-0.0007386422450395003
1379,0.336669921875,-22.211500683594053,0.9137547127252992,-0.15654707551880165,-0.0007439155132829001
1380,0.3369140625,-22.159245971686786,0.9134246802329968,-0.15629512671637258,-0.0007491887815831433
1381,0.33715820312499994,-22.106991259779512,0.9130946477406947,-0.1560431779139435,-0.0007544620498265431
1382,0.33740234375,-22.054736547872224,0.9127646152483924,-0.15579122911151444,-0.0007597353180699429
1383,0.337646484375,-22.002481835964954,0.9124345827560901,-0.15553928030908537,-0.0007650085863701861
1384,0.337890625,-21.950227124057683,0.9121045502637878,-0.15528733150671314,-0.0007702818546135859
1385,0.338134765625,-21.89797241215041,0.9117745177714855,-0.15503538270428407,-0.0007755551228569857
1386,0.33837890624999994,-21.84571770024314,0.9114444852791835,-0.154783433901855,-0.0007808283911572289
1387,0.338623046875,-21.793462988335854,0.9111144527868811,-0.15453148509942594,-0.0007861016594006287
1388,0.3388671875,-21.741208276428583,0.9107844202945788,-0.15427953629699687,-0.0007913749276440285
1389,0.339111328125,-21.68895356452131,0.9104543878022765,-0.1540275874945678,-0.0007966481959442717
1390,0.33935546875,-21.63669885261404,0.9101243553099745,-0.15377563869213873,-0.0008019214641876715
1391,0.33959960937499994,-21.584444140706765,0.9097943228176721,-0.15352368988970966,-0.0008071947324310713
1392,0.33984375,-21.53218942879948,0.9094642903253698,-0.1532717410872806,-0.0008124680007313145
1393,0.340087890625,-21.47993471689221,0.9091342578330677,-0.15301979228485152,-0.0008177412689747143
1394,0.34033203125,-21.42768000498494,0.9088042253407654,-0.15276784348242245,-0.0008230145372181141
1395,0.340576171875,-21.375425293077665,0.9084741928484631,-0.15251589467999338,-0.0008282878055183573
1396,0.34082031249999994,-21.324698654484095,0.9077934913660549,-0.15226493002586494,-0.0008329317692528093
1397,0.341064453125,-21.274354034218938,0.90702512263612,-0.15201421140881166,-0.0008374184069452895
1398,0.34130859375,-21.224009413953794,0.9062567539061853,-0.15176349279175838,-0.0008419050445809262
1399,0.341552734375,-21.17366479368865,0.9054883851762507,-0.1515127741747051,-0.0008463916822734063
1400,0.341796875,-21.123320173423508,0.904720016446316,-0.15126205555765182,-0.0008508783199090431
1401,0.34204101562499994,-21.072975553158365,0.9039516477163814,-0.15101133694059854,-0.0008553649575446798
1402,0.34228515625,-21.022630932893204,0.9031832789864465,-0.15076061832354526,-0.0008598515952371599
1403,0.342529296875,-20.97228631262806,0.9024149102565115,-0.15050989970649198,-0.0008643382328727967
1404,0.3427734375,-20.921941692362918,0.901646541526577,-0.1502591810894387,-0.0008688248705084334
1405,0.343017578125,-20.871597072097774,0.9008781727966422,-0.15000846247238542,-0.0008733115082009135
1406,0.34326171874999994,-20.821252451832635,0.9001098040667076,-0.14975774385533214,-0.0008777981458365502
1407,0.343505859375,-20.770907831567474,0.8993414353367727,-0.14950702523827886,-0.0008822847835290304
1408,0.34375,-20.72056321130233,0.8985730666068381,-0.14925630662122558,-0.0008867714211646671
1409,0.343994140625,-20.670218591037187,0.8978046978769033,-0.1490055880041723,-0.0008912580588003038
1410,0.34423828125,-20.619873970772044,0.8970363291469687,-0.14875486938711902,-0.000895744696492784
1411,0.34448242187499994,-20.5695293505069,0.8962679604170339,-0.14850415077006573,-0.0009002313341284207
1412,0.3447265625,-20.519184730241744,0.8954995916870991,-0.14825343215301245,-0.0009047179718209009
1413,0.344970703125,-20.4688401099766,0.8947312229571645,-0.14800271353595917,-0.0009092046094565376
1414,0.34521484375,-20.418495489711457,0.8939628542272297,-0.1477519949189059,-0.0009136912470921743
1415,0.345458984375,-20.368150869446314,0.893194485497295,-0.1475012763018526,-0.0009181778847846545
1416,0.34570312499999994,-20.31780624918117,0.8924261167673603,-0.14725055768479933,-0.0009226645224202912
1417,0.345947265625,-20.267461628916017,0.8916577480374254,-0.14699983906774605,-0.0009271511600559279
1418,0.34619140625,-20.21711700865087,0.8908893793074907,-0.14674912045069277,-0.000931637797748408
1419,0.346435546875,-20.166772388385727,0.890121010577556,-0.1464984018336395,-0.0009361244353840448
1420,0.3466796875,-20.116427768120584,0.8893526418476214,-0.1462476832165862,-0.0009406110730196815
1421,0.34692382812499994,-20.066463099440224,0.8885161890881282,-0.14599725268743668,-0.0009449438351794015
1422,0.34716796875,-20.018018237098982,0.8874074002104003,-0.14574797450990218,-0.0009486610953786112
1423,0.347412109375,-19.969573374757758,0.8862986113326728,-0.14549869633236767,-0.0009523783555209775
1424,0.34765625,-19.921128512416534,0.8851898224549454,-0.14524941815483317,-0.0009560956157201872
1425,0.347900390625,-19.872683650075306,0.8840810335772177,-0.14500013997729866,-0.0009598128758625535
1426,0.34814453124999994,-19.82423878773408,0.8829722446994902,-0.144750861799821,-0.0009635301360617632
1427,0.348388671875,-19.77579392539284,0.8818634558217624,-0.1445015836222865,-0.0009672473962609729
1428,0.3486328125,-19.727349063051616,0.8807546669440349,-0.14425230544475198,-0.0009709646564033392
1429,0.348876953125,-19.67890420071039,0.8796458780663075,-0.14400302726721748,-0.0009746819165457055
1430,0.34912109375,-19.630459338369164,0.87853708918858,-0.14375374908968297,-0.0009783991767449152
1431,0.34936523437499994,-19.582014476027943,0.8774283003108525,-0.14350447091214846,-0.0009821164368872815
1432,0.349609375,-19.533569613686705,0.8763195114331247,-0.14325519273461396,-0.0009858336970864912
1433,0.349853515625,-19.485124751345477,0.875210722555397,-0.1430059145571363,-0.0009895509572288574
1434,0.35009765625,-19.43667988900425,0.8741019336776695,-0.1427566363796018,-0.0009932682174280671
1435,0.350341796875,-19.388235026663022,0.8729931447999421,-0.14250735820206728,-0.0009969854775704334
1436,0.35058593749999994,-19.339790164321798,0.8718843559222146,-0.14225808002453277,-0.0010007027377696431
1437,0.350830078125,-19.29134530198056,0.8707755670444868,-0.14200880184699827,-0.0010044199979688528
1438,0.35107421875,-19.242900439639335,0.8696667781667593,-0.14175952366946376,-0.0010081372581112191
1439,0.351318359375,-19.194455577298108,0.8685579892890318,-0.14151024549192925,-0.0010118545182535854
1440,0.3515625,-19.146010714956887,0.8674492004113041,-0.1412609673144516,-0.0010155717784527951
1441,0.35180664062499994,-19.09756585261566,0.8663404115335767,-0.14101168913691708,-0.0010192890385951614
1442,0.35205078125,-19.04912099027442,0.865231622655849,-0.14076241095938258,-0.001023006298794371
1443,0.352294921875,-19.000676127933193,0.8641228337781214,-0.14051313278184807,-0.0010267235589367374
1444,0.3525390625,-18.952231265591966,0.8630140449003939,-0.14026385460431356,-0.001030440819135947
1445,0.352783203125,-18.90378640325074,0.8619052560226663,-0.14001457642677906,-0.0010341580792783134
1446,0.35302734374999994,-18.85534154090952,0.8607964671449388,-0.13976529824924455,-0.001037875339477523
1447,0.353271484375,-18.808023685324297,0.8595344060405742,-0.13951697823847553,-0.0010411478156129306
1448,0.353515625,-18.761457167576438,0.8581701634517852,-0.13926929700551227,-0.0010441237690770322
1449,0.353759765625,-18.714890649828575,0.8568059208629965,-0.13902161577249217,-0.0010470997225411338
1450,0.35400390625,-18.668324132080716,0.8554416782742074,-0.1387739345395289,-0.0010500756760052354
1451,0.35424804687499994,-18.621757614332854,0.8540774356854186,-0.13852625330656565,-0.001053051629469337
1452,0.3544921875,-18.57519109658498,0.8527131930966292,-0.13827857207354555,-0.0010560275829334387
1453,0.354736328125,-18.52862457883712,0.8513489505078404,-0.1380308908405823,-0.0010590035363975403
1454,0.35498046875,-18.48205806108926,0.8499847079190515,-0.13778320960761903,-0.001061979489861642
1455,0.355224609375,-18.4354915433414,0.8486204653302627,-0.13753552837459893,-0.0010649554433257435
1456,0.35546874999999994,-18.388925025593537,0.8472562227414737,-0.13728784714163567,-0.0010679313967898452
1457,0.355712890625,-18.34235850784566,0.8458919801526844,-0.1370401659086724,-0.0010709073502539468
1458,0.35595703125,-18.2957919900978,0.8445277375638955,-0.1367924846756523,-0.0010738833037180484
1459,0.356201171875,-18.249225472349938,0.8431634949751066,-0.13654480344268904,-0.00107685925718215
1460,0.3564453125,-18.20265895460208,0.8417992523863178,-0.13629712220972579,-0.0010798352106462517
1461,0.35668945312499994,-18.156092436854216,0.8404350097975288,-0.13604944097670568,-0.0010828111641103533
1462,0.35693359375,-18.109525919106343,0.8390707672087396,-0.13580175974374242,-0.0010857871175176115
1463,0.357177734375,-18.06295940135848,0.8377065246199507,-0.13555407851077916,-0.001088763070981713
1464,0.357421875,-18.01639288361062,0.8363422820311618,-0.13530639727775906,-0.0010917390244458147
1465,0.357666015625,-17.969826365862758,0.8349780394423728,-0.1350587160447958,-0.0010947149779099163
1466,0.35791015624999994,-17.9232598481149,0.833613796853584,-0.13481103481183254,-0.001097690931374018
1467,0.358154296875,-17.876693330367026,0.8322495542647946,-0.13456335357886928,-0.0011006668848381196
1468,0.3583984375,-17.830126812619163,0.8308853116760058,-0.13431567234584918,-0.0011036428383022212
1469,0.358642578125,-17.783560294871304,0.8295210690872169,-0.13406799111288592,-0.0011066187917663228
1470,0.35888671875,-17.73699377712344,0.8281568264984279,-0.13382030987992266,-0.0011095947452304245
1471,0.35913085937499994,-17.690427259375582,0.8267925839096392,-0.13357262864690256,-0.001112570698694526
1472,0.359375,-17.64386074162771,0.8254283413208496,-0.1333249474139393,-0.0011155466521586277
1473,0.359619140625,-17.599141032372664,0.8238811166347938,-0.13307897056250795,-0.0011178173193115981
1474,0.35986328125,-17.554421323117616,0.8223338919487378,-0.1328329937110766,-0.001120087986521412
1475,0.360107421875,-17.509701613862564,0.8207866672626818,-0.13258701685964525,-0.0011223586536743824
1476,0.36035156249999994,-17.46498190460752,0.8192394425766258,-0.1323410400082139,-0.0011246293208841962
1477,0.360595703125,-17.42026219535246,0.8176922178905695,-0.1320950631568394,-0.0011268999880371666
1478,0.36083984375,-17.375542486097416,0.8161449932045134,-0.13184908630540804,-0.001129170655190137
1479,0.361083984375,-17.330822776842368,0.8145977685184574,-0.13160310945397669,-0.0011314413223999509
1480,0.361328125,-17.286103067587316,0.8130505438324016,-0.13135713260254533,-0.0011337119895529213
1481,0.36157226562499994,-17.24138335833227,0.8115033191463455,-0.13111115575111398,-0.0011359826567627351
1482,0.36181640625,-17.196663649077212,0.809956094460289,-0.13086517889968263,-0.0011382533239157056
1483,0.362060546875,-17.151943939822168,0.8084088697742332,-0.13061920204825128,-0.0011405239911255194
1484,0.3623046875,-17.10722423056712,0.8068616450881773,-0.13037322519681993,-0.0011427946582784898
1485,0.362548828125,-17.062504521312068,0.8053144204021212,-0.13012724834538858,-0.0011450653254314602
1486,0.36279296874999994,-17.017784812057023,0.8037671957160653,-0.12988127149401407,-0.001147335992641274
1487,0.363037109375,-16.973065102801964,0.8022199710300087,-0.12963529464258272,-0.0011496066597942445
1488,0.36328125,-16.92834539354692,0.8006727463439527,-0.12938931779115137,-0.0011518773270040583
1489,0.363525390625,-16.88362568429187,0.7991255216578967,-0.12914334093972002,-0.0011541479941570287
1490,0.36376953125,-16.83890597503682,0.7975782969718407,-0.12889736408828867,-0.0011564186613099992
1491,0.36401367187499994,-16.794186265781775,0.7960310722857848,-0.12865138723685732,-0.001158689328519813
1492,0.3642578125,-16.749466556526716,0.7944838475997283,-0.12840541038542597,-0.0011609599956727834
1493,0.364501953125,-16.70474684727167,0.7929366229136724,-0.12815943353399462,-0.0011632306628825972
1494,0.36474609375,-16.660027138016623,0.7913893982276164,-0.12791345668256326,-0.0011655013300355677
1495,0.364990234375,-16.61530742876157,0.7898421735415605,-0.12766747983118876,-0.0011677719972453815
1496,0.36523437499999994,-16.570587719506527,0.7882949488555046,-0.1274215029797574,-0.001170042664398352
1497,0.365478515625,-16.525868010251468,0.7867477241694482,-0.12717552612832606,-0.0011723133315513223
1498,0.36572265625,-16.481870729822866,0.7851515863644883,-0.1269302564498389,-0.0011743184940087303
1499,0.365966796875,-16.43895709263393,0.7834820788811732,-0.12668604753076806,-0.0011759253993659513
1500,0.3662109375,-16.396043455444996,0.781812571397858,-0.12644183861169722,-0.0011775323047231723
1501,0.36645507812499994,-16.353129818256065,0.7801430639145428,-0.12619762969262638,-0.0011791392100803932
1502,0.36669921875,-16.310216181067116,0.778473556431227,-0.12595342077355554,-0.0011807461154376142
1503,0.366943359375,-16.26730254387818,0.7768040489479118,-0.1257092118544847,-0.0011823530207948352
1504,0.3671875,-16.224388906689246,0.7751345414645966,-0.1254650029354707,-0.0011839599261520561
1505,0.367431640625,-16.18147526950031,0.7734650339812813,-0.12522079401639985,-0.001185566831509277
1506,0.36767578124999994,-16.138561632311376,0.771795526497966,-0.12497658509732901,-0.001187173736866498
1507,0.367919921875,-16.09564799512243,0.7701260190146504,-0.12473237617825816,-0.001188780642223719
1508,0.3681640625,-16.052734357933495,0.7684565115313352,-0.12448816725918732,-0.00119038754758094
1509,0.368408203125,-16.00982072074456,0.7667870040480198,-0.12424395834011648,-0.001191994452938161
1510,0.36865234375,-15.966907083555627,0.7651174965647047,-0.12399974942104564,-0.001193601358295382
1511,0.36889648437499994,-15.92399344636669,0.7634479890813894,-0.12375554050197479,-0.001195208263652603
1512,0.369140625,-15.881079809177745,0.7617784815980737,-0.12351133158290395,-0.0011968151690098239
1513,0.369384765625,-15.838166171988808,0.7601089741147585,-0.1232671226638331,-0.0011984220743670448
1514,0.36962890625,-15.795252534799875,0.7584394666314432,-0.1230229137448191,-0.0012000289797242658
1515,0.369873046875,-15.752338897610942,0.7567699591481281,-0.12277870482574826,-0.0012016358850814868
1516,0.37011718749999994,-15.709425260422005,0.7551004516648128,-0.12253449590667742,-0.0012032427904387077
1517,0.370361328125,-15.66651162323306,0.7534309441814971,-0.12229028698760658,-0.0012048496957959287
1518,0.37060546875,-15.623597986044123,0.7517614366981819,-0.12204607806853573,-0.0012064566011531497
1519,0.370849609375,-15.58068434885519,0.7500919292148666,-0.12180186914946489,-0.0012080635065103706
1520,0.37109375,-15.537770711666253,0.7484224217315514,-0.12155766023039405,-0.0012096704118675916
1521,0.37133789062499994,-15.49485707447732,0.7467529142482361,-0.1213134513113232,-0.0012112773172248126
1522,0.37158203125,-15.451943437288376,0.7450834067649204,-0.12106924239225236,-0.0012128842225820335
1523,0.371826171875,-15.40902980009944,0.7434138992816052,-0.12082503347323836,-0.0012144911279392545
1524,0.3720703125,-15.36752178480218,0.7416864346024309,-0.12058225897368402,-0.0012156030082906
1525,0.372314453125,-15.326365174977841,0.739944480624292,-0.12033984307907986,-0.0012165911323904766
1526,0.37255859374999994,-15.285208565153502,0.7382025266461529,-0.12009742718441885,-0.0012175792564903531
1527,0.372802734375,-15.24405195532915,0.7364605726680135,-0.11985501128981468,-0.0012185673805902297
1528,0.373046875,-15.202895345504809,0.7347186186898745,-0.11961259539515368,-0.0012195555046901063
1529,0.373291015625,-15.16173873568047,0.7329766647117354,-0.11937017950054951,-0.001220543628789983
1530,0.37353515625,-15.120582125856131,0.7312347107335965,-0.11912776360594535,-0.0012215317528898595
1531,0.37377929687499994,-15.079425516031788,0.7294927567554574,-0.11888534771128434,-0.001222519876989736
1532,0.3740234375,-15.038268906207438,0.7277508027773179,-0.11864293181668017,-0.0012235080010896127
1533,0.374267578125,-14.997112296383099,0.7260088487991789,-0.11840051592201917,-0.0012244961251894892
1534,0.37451171875,-14.95595568655876,0.7242668948210399,-0.118158100027415,-0.0012254842492893658
1535,0.374755859375,-14.914799076734417,0.722524940842901,-0.117915684132754,-0.0012264723733892424
1536,0.37500000000000006,-14.873642466910066,0.7207829868647614,-0.11767326823814983,-0.001227460497489119
1537,0.375244140625,-14.832485857085727,0.7190410328866225,-0.11743085234354567,-0.0012284486215889956
1538,0.37548828125,-14.791329247261386,0.7172990789084835,-0.11718843644888466,-0.0012294367456888722
1539,0.375732421875,-14.750172637437046,0.7155571249303445,-0.1169460205542805,-0.0012304248697887488
1540,0.3759765625,-14.709016027612707,0.7138151709522054,-0.11670360465961949,-0.0012314129938886254
1541,0.37622070312500006,-14.667859417788357,0.7120732169740659,-0.11646118876501532,-0.001232401117988502
1542,0.37646484375,-14.626702807964014,0.710331262995927,-0.11621877287035431,-0.0012333892420883785
1543,0.376708984375,-14.585546198139674,0.7085893090177879,-0.11597635697575015,-0.0012343773661882551
1544,0.376953125,-14.544389588315337,0.7068473550396489,-0.11573394108114599,-0.0012353654902881317
1545,0.377197265625,-14.503232978490994,0.70510540106151,-0.11549152518648498,-0.0012363536143880083
1546,0.37744140625000006,-14.462076368666644,0.7033634470833704,-0.11524910929188081,-0.0012373417384878849
1547,0.377685546875,-14.420919758842304,0.7016214931052315,-0.1150066933972198,-0.0012383298625877615
1548,0.3779296875,-14.379763149017965,0.6998795391270924,-0.11476427750261564,-0.001239317986687638
1549,0.378173828125,-14.338946646599156,0.6981310960499549,-0.11452221863146406,-0.0012401917056195089
1550,0.37841796875,-14.299490573802467,0.6963566965768238,-0.11428158785435016,-0.0012406078038225132
1551,0.37866210937500006,-14.26003450100577,0.6945822971036921,-0.11404095707717943,-0.001241023902082361
1552,0.37890625,-14.220578428209087,0.6928078976305609,-0.11380032630006554,-0.0012414400003422088
1553,0.379150390625,-14.1811223554124,0.6910334981574296,-0.1135596955228948,-0.0012418560985452132
1554,0.37939453125,-14.141666282615715,0.6892590986842985,-0.1133190647457809,-0.001242272196805061
1555,0.379638671875,-14.102210209819027,0.6874846992111672,-0.11307843396861017,-0.0012426882950649087
1556,0.37988281250000006,-14.062754137022331,0.6857102997380355,-0.11283780319149628,-0.0012431043933247565
1557,0.380126953125,-14.023298064225646,0.6839359002649043,-0.11259717241432554,-0.001243520491527761
1558,0.38037109375,-13.983841991428958,0.6821615007917731,-0.11235654163721165,-0.0012439365897876087
1559,0.380615234375,-13.944385918632275,0.6803871013186419,-0.11211591086004091,-0.0012443526880474565
1560,0.380859375,-13.904929845835587,0.6786127018455106,-0.11187528008292702,-0.0012447687863073043
1561,0.38110351562500006,-13.865473773038893,0.676838302372379,-0.11163464930575628,-0.0012451848845103086
1562,0.38134765625,-13.826017700242208,0.6750639028992478,-0.11139401852864239,-0.0012456009827701564
1563,0.381591796875,-13.78656162744552,0.6732895034261166,-0.11115338775147166,-0.0012460170810300042
1564,0.3818359375,-13.747105554648835,0.6715151039529854,-0.11091275697435776,-0.001246433179289852
1565,0.382080078125,-13.70764948185215,0.6697407044798541,-0.11067212619718703,-0.0012468492774928563
1566,0.38232421875000006,-13.668193409055451,0.6679663050067225,-0.11043149542007313,-0.0012472653757527041
1567,0.382568359375,-13.628737336258766,0.6661919055335911,-0.1101908646429024,-0.001247681474012552
1568,0.3828125,-13.589281263462082,0.66441750606046,-0.1099502338657885,-0.0012480975722723997
1569,0.383056640625,-13.549825190665395,0.6626431065873287,-0.10970960308861777,-0.001248513670475404
1570,0.38330078125,-13.51036911786871,0.6608687071141975,-0.10946897231150388,-0.0012489297687352519
1571,0.38354492187500006,-13.470913045072011,0.6590943076410657,-0.10922834153433314,-0.0012493458669950996
1572,0.3837890625,-13.431456972275326,0.6573199081679345,-0.10898771075721925,-0.001249761965198104
1573,0.384033203125,-13.39200089947864,0.6555455086948033,-0.10874707998004851,-0.0012501780634579518
1574,0.38427734375,-13.352544826681957,0.6537711092216721,-0.10850644920293462,-0.0012505941617177996
1575,0.384521484375,-13.314071213668576,0.6519959954375443,-0.10826686814488085,-0.0012506953534625609
1576,0.38476562500000006,-13.27625257384406,0.6502204054460846,-0.10802798689962856,-0.001250586607625337
1577,0.385009765625,-13.238433934019552,0.6484448154546256,-0.10778910565431943,-0.0012504778617312695
1578,0.38525390625,-13.200615294195043,0.6466692254631666,-0.10755022440906714,-0.0012503691158940455
1579,0.385498046875,-13.162796654370535,0.6448936354717075,-0.10731134316375801,-0.0012502603699999781
1580,0.3857421875,-13.124978014546029,0.6431180454802485,-0.10707246191850572,-0.0012501516241059107
1581,0.38598632812500006,-13.08715937472151,0.641342455488789,-0.1068335806731966,-0.0012500428782686868
1582,0.38623046875,-13.049340734897003,0.63956686549733,-0.1065946994279443,-0.0012499341323746194
1583,0.386474609375,-13.011522095072497,0.637791275505871,-0.10635581818263518,-0.001249825386480552
1584,0.38671875,-12.973703455247989,0.6360156855144119,-0.10611693693738289,-0.001249716640643328
1585,0.386962890625,-12.935884815423481,0.634240095522953,-0.10587805569207376,-0.0012496078947492606
1586,0.38720703125000006,-12.898066175598963,0.6324645055314932,-0.10563917444682147,-0.0012494991489120366
1587,0.387451171875,-12.860247535774457,0.6306889155400344,-0.10540029320151234,-0.0012493904030179692
1588,0.3876953125,-12.82242889594995,0.6289133255485753,-0.10516141195626005,-0.0012492816571239018
1589,0.387939453125,-12.784610256125442,0.6271377355571162,-0.10492253071095092,-0.0012491729112866778
1590,0.38818359375,-12.746791616300934,0.6253621455656573,-0.10468364946569864,-0.0012490641653926104
1591,0.38842773437500006,-12.708972976476417,0.6235865555741977,-0.1044447682203895,-0.0012489554195553865
1592,0.388671875,-12.67115433665191,0.6218109655827387,-0.10420588697513722,-0.001248846673661319
1593,0.388916015625,-12.633335696827402,0.6200353755912796,-0.10396700572982809,-0.0012487379277672517
1594,0.38916015625,-12.595517057002894,0.6182597855998205,-0.1037281244845758,-0.0012486291819300277
1595,0.389404296875,-12.557698417178388,0.6164841956083617,-0.10348924323926667,-0.0012485204360359603
1596,0.38964843750000006,-12.519879777353868,0.614708605616902,-0.10325036199401438,-0.001248411690141893
1597,0.389892578125,-12.48206113752936,0.612933015625443,-0.10301148074870525,-0.001248302944304669
1598,0.39013671875,-12.444242497704856,0.6111574256339839,-0.10277259950345297,-0.0012481941984106015
1599,0.390380859375,-12.406423857880348,0.609381835642525,-0.10253371825814384,-0.0012480854525733776
1600,0.390625,-12.368605218055839,0.6076062456510659,-0.10229483701289155,-0.0012479767066793102
1601,0.39086914062500006,-12.332355091703576,0.6058530788094566,-0.10205764708422294,-0.0012473896726419298
1602,0.39111328125,-12.296104965351322,0.6040999119678478,-0.10182045715555432,-0.0012468026386045494
1603,0.391357421875,-12.259854838999068,0.6023467451262392,-0.10158326722688571,-0.0012462156046240125
1604,0.3916015625,-12.223604712646813,0.6005935782846303,-0.10134607729816025,-0.0012456285705866321
1605,0.391845703125,-12.187354586294559,0.5988404114430216,-0.10110888736949164,-0.0012450415365492518
1606,0.39208984375000006,-12.151104459942294,0.5970872446014124,-0.10087169744082303,-0.0012444545025118714
1607,0.392333984375,-12.11485433359004,0.5953340777598035,-0.10063450751215441,-0.0012438674685313345
1608,0.392578125,-12.078604207237786,0.5935809109181949,-0.1003973175834858,-0.001243280434493954
1609,0.392822265625,-12.042354080885532,0.5918277440765861,-0.10016012765481719,-0.0012426934004565737
1610,0.39306640625,-12.006103954533279,0.5900745772349774,-0.09992293772609173,-0.0012421063664191934
1611,0.39331054687500006,-11.969853828181012,0.588321410393368,-0.09968574779742312,-0.0012415193324386564
1612,0.3935546875,-11.933603701828758,0.5865682435517593,-0.0994485578687545,-0.001240932298401276
1613,0.393798828125,-11.897353575476505,0.5848150767101505,-0.09921136794008589,-0.0012403452643638957
1614,0.39404296875,-11.861103449124249,0.5830619098685418,-0.09897417801141728,-0.0012397582303265153
1615,0.394287109375,-11.824853322771995,0.581308743026933,-0.09873698808274867,-0.0012391711963459784
1616,0.39453125000000006,-11.788603196419732,0.5795555761853237,-0.09849979815402321,-0.001238584162308598
1617,0.394775390625,-11.752353070067478,0.577802409343715,-0.0982626082253546,-0.0012379971282712177
1618,0.39501953125,-11.716102943715224,0.5760492425021063,-0.09802541829668598,-0.0012374100942338373
1619,0.395263671875,-11.67985281736297,0.5742960756604976,-0.09778822836801737,-0.0012368230602533004
1620,0.3955078125,-11.643602691010715,0.5725429088188887,-0.09755103843934876,-0.00123623602621592
1621,0.39575195312500006,-11.60735256465845,0.5707897419772795,-0.09731384851068015,-0.0012356489921785396
1622,0.39599609375,-11.571102438306196,0.5690365751356706,-0.09707665858195469,-0.0012350619581411593
1623,0.396240234375,-11.534852311953943,0.567283408294062,-0.09683946865328608,-0.0012344749241606223
1624,0.396484375,-11.498602185601689,0.5655302414524532,-0.09660227872461746,-0.001233887890123242
1625,0.396728515625,-11.462352059249433,0.5637770746108445,-0.09636508879594885,-0.0012333008560858616
1626,0.39697265625000006,-11.42669974858965,0.5620396994044426,-0.09612854492866063,-0.001232540561886708
1627,0.397216796875,-11.391944161468597,0.5603260116508525,-0.095892970153443,-0.0012315203773596295
1628,0.3974609375,-11.357188574347543,0.5586123238972625,-0.09565739537822537,-0.0012305001928893944
1629,0.397705078125,-11.322432987226488,0.5568986361436723,-0.09542182060300775,-0.0012294800084191593
1630,0.39794921875,-11.287677400105435,0.555184948390082,-0.09518624582779012,-0.0012284598238920807
1631,0.39819335937500006,-11.252921812984368,0.5534712606364914,-0.09495067105257249,-0.0012274396394218456
1632,0.3984375,-11.218166225863317,0.5517575728829013,-0.09471509627735486,-0.0012264194548947671
1633,0.398681640625,-11.183410638742263,0.5500438851293111,-0.09447952150213723,-0.001225399270424532
1634,0.39892578125,-11.148655051621208,0.5483301973757211,-0.0942439467269196,-0.001224379085954297
1635,0.399169921875,-11.113899464500154,0.5466165096221309,-0.09400837195170197,-0.0012233589014272184
1636,0.39941406250000006,-11.07914387737909,0.5449028218685402,-0.09377279717648435,-0.0012223387169569833
1637,0.399658203125,-11.044388290258036,0.5431891341149502,-0.09353722240126672,-0.0012213185324867482
1638,0.39990234375,-11.009632703136981,0.54147544636136,-0.09330164762604909,-0.0012202983479596696
1639,0.400146484375,-10.974877116015927,0.5397617586077699,-0.09306607285083146,-0.0012192781634894345
1640,0.400390625,-10.940121528894874,0.5380480708541797,-0.09283049807561383,-0.001218257978962356
1641,0.40063476562500006,-10.905365941773809,0.5363343831005892,-0.0925949233003962,-0.0012172377944921209
1642,0.40087890625,-10.870610354652754,0.5346206953469991,-0.09235934852517858,-0.0012162176100218858
1643,0.401123046875,-10.835854767531702,0.5329070075934088,-0.09212377374996095,-0.0012151974254948072
1644,0.4013671875,-10.801099180410647,0.5311933198398188,-0.09188819897474332,-0.0012141772410245721
1645,0.401611328125,-10.766343593289593,0.5294796320862286,-0.09165262419952569,-0.0012131570564974936
1646,0.40185546875000006,-10.73158800616853,0.5277659443326379,-0.09141704942430806,-0.0012121368720272585
1647,0.402099609375,-10.696832419047475,0.5260522565790479,-0.09118147464909043,-0.0012111166875570234
1648,0.40234375,-10.66207683192642,0.5243385688254577,-0.0909458998738728,-0.0012100965030299449
1649,0.402587890625,-10.627321244805366,0.5226248810718676,-0.09071032509865518,-0.0012090763185597098
1650,0.40283203125,-10.592565657684311,0.5209111933182775,-0.09047475032343755,-0.0012080561340326312
1651,0.40307617187500006,-10.557810070563248,0.5191975055646868,-0.09023917554821992,-0.0012070359495623961
1652,0.4033203125,-10.524187466608721,0.5175246271354966,-0.09000482100663021,-0.0012057037651516112
1653,0.403564453125,-10.490848108445823,0.5158619510374063,-0.08977077152343327,-0.0012042935807130561
1654,0.40380859375,-10.457508750282926,0.514199274939316,-0.08953672204023633,-0.0012028833963313446
1655,0.404052734375,-10.42416939212003,0.5125365988412257,-0.08930267255709623,-0.0012014732118927895
1656,0.40429687500000006,-10.390830033957123,0.5108739227431349,-0.08906862307389929,-0.0012000630274542345
1657,0.404541015625,-10.357490675794224,0.5092112466450447,-0.08883457359070235,-0.001198652843072523
1658,0.40478515625,-10.32415131763133,0.5075485705469545,-0.08860052410756225,-0.001197242658633968
1659,0.405029296875,-10.290811959468432,0.5058858944488642,-0.08836647462436531,-0.0011958324742522564
1660,0.4052734375,-10.257472601305535,0.5042232183507739,-0.08813242514122521,-0.0011944222898137014
1661,0.40551757812500006,-10.224133243142628,0.5025605422526831,-0.08789837565802827,-0.0011930121054319898
1662,0.40576171875,-10.190793884979731,0.5008978661545928,-0.08766432617483133,-0.0011916019209934348
1663,0.406005859375,-10.157454526816837,0.49923519005650246,-0.08743027669169123,-0.0011901917366117232
1664,0.40625,-10.124115168653939,0.49757251395841223,-0.08719622720849429,-0.0011887815521731682
1665,0.406494140625,-10.09077581049104,0.495909837860322,-0.08696217772529735,-0.0011873713677346132
1666,0.40673828125000006,-10.057436452328135,0.49424716176223127,-0.08672812824215725,-0.0011859611833529016
1667,0.406982421875,-10.024097094165239,0.4925844856641409,-0.08649407875896031,-0.0011845509989143466
1668,0.4072265625,-9.99075773600234,0.49092180956605064,-0.08626002927576337,-0.001183140814532635
1669,0.407470703125,-9.957418377839446,0.4892591334679603,-0.08602597979262327,-0.00118173063009408
1670,0.40771484375,-9.924079019676547,0.48759645736987,-0.08579193030942633,-0.0011803204457123684
1671,0.40795898437500006,-9.89073966151364,0.48593378127177933,-0.08555788082628624,-0.0011789102612738134
1672,0.408203125,-9.857400303350744,0.48427110517368904,-0.0853238313430893,-0.0011775000768352584
1673,0.408447265625,-9.824060945187847,0.4826084290755988,-0.08508978185989235,-0.0011760898924535468
1674,0.40869140625,-9.790721587024949,0.48094575297750847,-0.08485573237675226,-0.0011746797080149918
1675,0.408935546875,-9.757382228862054,0.4792830768794182,-0.08462168289355532,-0.0011732695236332802
1676,0.40917968750000006,-9.724042870699147,0.4776204007813274,-0.08438763341035838,-0.0011718593391947252
1677,0.409423828125,-9.690970363510768,0.47596932174565054,-0.08415386902942146,-0.0011703793115884764
1678,0.40966796875,-9.658965260220462,0.47436463095962716,-0.08392124505724041,-0.0011686199110272355
1679,0.409912109375,-9.626960156930158,0.4727599401736038,-0.08368862108511621,-0.001166860510522838
1680,0.41015625,-9.594955053639849,0.4711552493875804,-0.08345599711293517,-0.0011651011100184405
1681,0.41040039062500006,-9.562949950349536,0.46955055860155653,-0.08322337314081096,-0.0011633417094571996
1682,0.41064453125,-9.53094484705923,0.46794586781553316,-0.08299074916862992,-0.0011615823089528021
1683,0.410888671875,-9.498939743768926,0.4663411770295098,-0.08275812519650572,-0.0011598229083915612
1684,0.4111328125,-9.466934640478616,0.4647364862434864,-0.08252550122432467,-0.0011580635078871637
1685,0.411376953125,-9.434929537188312,0.463131795457463,-0.08229287725220047,-0.0011563041073259228
1686,0.41162109375000006,-9.402924433897997,0.4615271046714392,-0.08206025328001942,-0.0011545447068215253
1687,0.411865234375,-9.370919330607693,0.45992241388541577,-0.08182762930789522,-0.0011527853063171278
1688,0.412109375,-9.338914227317384,0.4583177230993924,-0.08159500533571418,-0.001151025905755887
1689,0.412353515625,-9.30690912402708,0.456713032313369,-0.08136238136358998,-0.0011492665052514894
1690,0.41259765625,-9.274904020736773,0.45510834152734564,-0.08112975739140893,-0.0011475071046902485
1691,0.41284179687500006,-9.24289891744646,0.4535036507413218,-0.08089713341928473,-0.001145747704185851
1692,0.4130859375,-9.210893814156151,0.45189895995529844,-0.08066450944710368,-0.0011439883036814535
1693,0.413330078125,-9.178888710865847,0.45029426916927506,-0.08043188547497948,-0.0011422289031202126
1694,0.41357421875,-9.14688360757554,0.4486895783832517,-0.08019926150279844,-0.0011404695026158151
1695,0.413818359375,-9.114878504285235,0.4470848875972283,-0.07996663753067423,-0.0011387101020545742
1696,0.41406250000000006,-9.082873400994918,0.44548019681120443,-0.07973401355849319,-0.0011369507015501767
1697,0.414306640625,-9.050868297704614,0.44387550602518105,-0.07950138958636899,-0.0011351913010457793
1698,0.41455078125,-9.018863194414308,0.4422708152391577,-0.07926876561424478,-0.0011334319004845383
1699,0.414794921875,-8.986858091124002,0.4406661244531343,-0.07903614164206374,-0.0011316724999801409
1700,0.4150390625,-8.954852987833696,0.4390614336671109,-0.07880351766993954,-0.0011299130994189
1701,0.41528320312500006,-8.922847884543382,0.43745674288108705,-0.07857089369775849,-0.0011281536989145025
1702,0.41552734375,-8.890842781253076,0.43585205209506367,-0.07833826972563429,-0.001126394298410105
1703,0.415771484375,-8.859587221050129,0.43428412947809253,-0.07810643721381894,-0.0011244482850543136
1704,0.416015625,-8.828831356238753,0.4327407189738227,-0.07787513234228527,-0.001122377863168822
1705,0.416259765625,-8.798075491427378,0.43119730846955295,-0.0776438274707516,-0.0011203074413401737
1706,0.41650390625000006,-8.767319626615995,0.4296538979652827,-0.07741252259921794,-0.001118237019454682
1707,0.416748046875,-8.736563761804618,0.4281104874610129,-0.07718121772768427,-0.0011161665975691903
1708,0.4169921875,-8.705807896993242,0.4265670769567432,-0.07694991285609376,-0.0011140961756836987
1709,0.417236328125,-8.675052032181867,0.4250236664524734,-0.0767186079845601,-0.0011120257538550504
1710,0.41748046875,-8.644296167370493,0.4234802559482036,-0.07648730311302643,-0.0011099553319695588
1711,0.41772460937500006,-8.613540302559109,0.4219368454439334,-0.07625599824149276,-0.001107884910084067
1712,0.41796875,-8.582784437747733,0.4203934349396636,-0.0760246933699591,-0.0011058144881985754
1713,0.418212890625,-8.552028572936358,0.4188500244353939,-0.07579338849842543,-0.0011037440663699272
1714,0.41845703125,-8.521272708124984,0.41730661393112406,-0.07556208362689176,-0.0011016736444844355
1715,0.418701171875,-8.490516843313609,0.41576320342685424,-0.0753307787553581,-0.0010996032225989438
1716,0.41894531250000006,-8.459760978502224,0.4142197929225841,-0.07509947388376759,-0.0010975328007702956
1717,0.419189453125,-8.429005113690849,0.4126763824183143,-0.07486816901223392,-0.001095462378884804
1718,0.41943359375,-8.398249248879473,0.4111329719140445,-0.07463686414070025,-0.0010933919569993122
1719,0.419677734375,-8.367493384068098,0.40958956140977476,-0.07440555926916659,-0.0010913215351138206
1720,0.419921875,-8.336737519256724,0.40804615090550495,-0.07417425439763292,-0.0010892511132851723
1721,0.42016601562500006,-8.30598165444534,0.4065027404012348,-0.07394294952609926,-0.0010871806913996807
1722,0.42041015625,-8.275225789633962,0.404959329896965,-0.07371164465456559,-0.001085110269514189
1723,0.420654296875,-8.244469924822589,0.4034159193926952,-0.07348033978303192,-0.0010830398476855407
1724,0.4208984375,-8.213714060011213,0.40187250888842546,-0.07324903491149826,-0.001080969425800049
1725,0.421142578125,-8.18295819519984,0.40032909838415565,-0.07301773003990775,-0.0010788990039145574
1726,0.42138671875000006,-8.152202330388455,0.39878568787988544,-0.07278642516837408,-0.0010768285820290657
1727,0.421630859375,-8.121446465577078,0.3972422773756157,-0.07255512029684041,-0.0010747581602004175
1728,0.421875,-8.090690600765704,0.3956988668713459,-0.07232381542530675,-0.0010726877383149258
1729,0.422119140625,-8.061096482836037,0.3942171399749426,-0.07209371941530662,-0.0010703418062121273
1730,0.42236328125,-8.031502364906368,0.3927354130785393,-0.07186362340536334,-0.0010679958740524853
1731,0.42260742187500006,-8.00190824697669,0.39125368618213563,-0.07163352739536322,-0.0010656499419496868
1732,0.4228515625,-7.972314129047023,0.38977195928573233,-0.07140343138541994,-0.0010633040097900448
1733,0.423095703125,-7.9427200111173555,0.3882902323893291,-0.07117333537541981,-0.0010609580776872463
1734,0.42333984375,-7.913125893187687,0.3868085054929258,-0.07094323936541969,-0.0010586121455276043
1735,0.423583984375,-7.88353177525802,0.38532677859652253,-0.0707131433554764,-0.0010562662134248058
1736,0.42382812500000006,-7.853937657328343,0.3838450517001188,-0.07048304734547628,-0.0010539202812651638
1737,0.424072265625,-7.824343539398675,0.38236332480371554,-0.070252951335533,-0.0010515743491623653
1738,0.42431640625,-7.794749421469007,0.38088159790731224,-0.07002285532553287,-0.0010492284170027233
1739,0.424560546875,-7.7651553035393395,0.37939987101090894,-0.06979275931558959,-0.0010468824848999247
1740,0.4248046875,-7.735561185609672,0.37791814411450564,-0.06956266330558947,-0.0010445365527971262
1741,0.42504882812500006,-7.705967067679995,0.37643641721810195,-0.06933256729558934,-0.0010421906206374842
1742,0.42529296875,-7.676372949750326,0.37495469032169865,-0.06910247128564606,-0.0010398446885346857
1743,0.425537109375,-7.646778831820658,0.3734729634252954,-0.06887237527564594,-0.0010374987563750437
1744,0.42578125,-7.617184713890991,0.3719912365288921,-0.06864227926570265,-0.0010351528242722452
1745,0.426025390625,-7.587590595961323,0.3705095096324888,-0.06841218325570253,-0.0010328068921126032
1746,0.42626953125000006,-7.5579964780316455,0.3690277827360851,-0.0681820872457024,-0.0010304609600098047
1747,0.426513671875,-7.528402360101978,0.36754605583968186,-0.06795199123575912,-0.0010281150278501627
1748,0.4267578125,-7.498808242172311,0.36606432894327856,-0.067721895225759,-0.0010257690957473642
1749,0.427001953125,-7.469214124242642,0.36458260204687526,-0.06749179921581572,-0.0010234231635877222
1750,0.42724609375,-7.439620006312975,0.363100875150472,-0.06726170320581559,-0.0010210772314849237
1751,0.42749023437500006,-7.410025888383298,0.3616191482540682,-0.06703160719587231,-0.0010187312993821251
1752,0.427734375,-7.38043177045363,0.36013742135766497,-0.06680151118587219,-0.0010163853672224832
1753,0.427978515625,-7.350837652523961,0.35865569446126166,-0.06657141517587206,-0.0010140394351196846
1754,0.42822265625,-7.321672450534641,0.35719792143334417,-0.06634175801264064,-0.0010115964327610527
1755,0.428466796875,-7.2931506224558404,0.3557760792081551,-0.06611275911956227,-0.0010090078250755141
1756,0.42871093750000006,-7.26462879437703,0.3543542369829658,-0.0658837602264839,-0.0010064192173899755
1757,0.428955078125,-7.236106966298229,0.3529323947577769,-0.06565476133334869,-0.001003830609704437
1758,0.42919921875,-7.207585138219428,0.35151055253258784,-0.06542576244027032,-0.0010012420020757418
1759,0.429443359375,-7.179063310140626,0.3500887103073989,-0.0651967635471351,-0.0009986533943902032
1760,0.4296875,-7.150541482061825,0.34866686808221,-0.06496776465405674,-0.0009960647867046646
1761,0.42993164062500006,-7.122019653983015,0.34724502585702066,-0.06473876576092152,-0.000993476179019126
1762,0.43017578125,-7.0934978259042145,0.3458231836318316,-0.06450976686784315,-0.0009908875713335874
1763,0.430419921875,-7.064975997825413,0.3444013414066427,-0.06428076797470794,-0.0009882989637048922
1764,0.4306640625,-7.036454169746611,0.34297949918145376,-0.06405176908162957,-0.0009857103560193536
1765,0.430908203125,-7.007932341667811,0.34155765695626483,-0.0638227701885512,-0.000983121748333815
1766,0.43115234375000006,-6.979410513589,0.3401358147310754,-0.06359377129541599,-0.0009805331406482765
1767,0.431396484375,-6.9508886855102014,0.3387139725058865,-0.06336477240233762,-0.0009779445329627379
1768,0.431640625,-6.922366857431399,0.33729213028069754,-0.06313577350920241,-0.0009753559253340427
1769,0.431884765625,-6.893845029352598,0.3358702880555086,-0.06290677461612404,-0.0009727673176485041
1770,0.43212890625,-6.865323201273796,0.33444844583031963,-0.06267777572298883,-0.0009701787099629655
1771,0.43237304687500006,-6.836801373194987,0.33302660360513026,-0.06244877682991046,-0.0009675901022774269
1772,0.4326171875,-6.808279545116187,0.3316047613799413,-0.062219777936775245,-0.0009650014945918883
1773,0.432861328125,-6.779757717037384,0.3301829191547524,-0.061990779043696875,-0.0009624128869063497
1774,0.43310546875,-6.751235888958584,0.3287610769295634,-0.061761780150618506,-0.0009598242792776546
1775,0.433349609375,-6.722714060879782,0.3273392347043744,-0.06153278125748329,-0.000957235671592116
1776,0.43359375000000006,-6.694192232800973,0.3259173924791851,-0.061303782364404924,-0.0009546470639065774
1777,0.433837890625,-6.665670404722171,0.3244955502539961,-0.06107478347126971,-0.0009520584562210388
1778,0.43408203125,-6.63714857664337,0.3230737080288072,-0.06084578457819134,-0.0009494698485355002
1779,0.434326171875,-6.608626748564569,0.32165186580361815,-0.06061678568505613,-0.000946881240906805
1780,0.4345703125,-6.580889974721551,0.3202752029876529,-0.06038857537816966,-0.0009441226883950549
1781,0.43481445312500006,-6.55334946443747,0.31890983502399306,-0.06016056221778854,-0.0009413216496909627
1782,0.43505859375,-6.525808954153396,0.3175444670603337,-0.05993254905746426,-0.0009385206109868705
1783,0.435302734375,-6.498268443869322,0.3161790990966742,-0.059704535897139976,-0.0009357195722827782
1784,0.435546875,-6.470727933585249,0.3148137311330148,-0.05947652273675885,-0.000932918533578686
1785,0.435791015625,-6.443187423301176,0.31344836316935537,-0.05924850957643457,-0.0009301174948745938
1786,0.43603515625000006,-6.415646913017095,0.3120829952056956,-0.05902049641605345,-0.0009273164561705016
1787,0.436279296875,-6.388106402733022,0.31071762724203617,-0.05879248325567232,-0.0009245154174664094
1788,0.4365234375,-6.360565892448948,0.3093522592783768,-0.05856447009534804,-0.0009217143787623172
1789,0.436767578125,-6.333025382164875,0.30798689131471735,-0.05833645693502376,-0.000918913340058225
1790,0.43701171875,-6.305484871880802,0.3066215233510579,-0.05810844377464264,-0.0009161123013541328
1791,0.43725585937500006,-6.277944361596721,0.3052561553873981,-0.05788043061426151,-0.0009133112626500406
1792,0.4375,-6.250403851312647,0.30389078742373865,-0.05765241745393723,-0.0009105102239459484
1793,0.437744140625,-6.222863341028574,0.30252541946007927,-0.05742440429361295,-0.0009077091852418562
1794,0.43798828125,-6.195322830744501,0.3011600514964199,-0.05719639113323183,-0.000904908146537764
1795,0.438232421875,-6.167782320460428,0.29979468353276045,-0.05696837797290755,-0.0009021071078336718
1796,0.43847656250000006,-6.140241810176347,0.29842931556910063,-0.05674036481252642,-0.0008993060691295796
1797,0.438720703125,-6.112701299892273,0.29706394760544125,-0.05651235165220214,-0.0008965050304254873
1798,0.43896484375,-6.085160789608199,0.2956985796417818,-0.05628433849182102,-0.0008937039917213951
1799,0.439208984375,-6.0576202793241265,0.2943332116781224,-0.05605632533149674,-0.0008909029530173029
1800,0.439453125,-6.030079769040054,0.29296784371446294,-0.05582831217111561,-0.0008881019143132107
1801,0.43969726562500006,-6.002539258755973,0.29160247575080317,-0.05560029901073449,-0.0008853008756091185
1802,0.43994140625,-5.974998748471899,0.29023710778714373,-0.05537228585041021,-0.0008824998369050263
1803,0.440185546875,-5.947458238187825,0.2888717398234843,-0.05514427269008593,-0.0008796987982009341
1804,0.4404296875,-5.919917727903752,0.2875063718598249,-0.0549162595297048,-0.0008768977594968419
1805,0.440673828125,-5.892555061770536,0.28615139323424255,-0.054688421598598325,-0.0008740597944552064
1806,0.44091796875000006,-5.8659037722407446,0.2848379719609682,-0.054461284584476743,-0.0008710741238360242
1807,0.441162109375,-5.839252482710959,0.2835245506876942,-0.05423414757029832,-0.0008680884532736854
1808,0.44140625,-5.812601193181175,0.2822111294144203,-0.05400701055617674,-0.0008651027827113467
1809,0.441650390625,-5.78594990365139,0.2808977081411463,-0.05377987354205516,-0.0008621171120921645
1810,0.44189453125,-5.7592986141216045,0.27958428686787223,-0.05355273652787673,-0.0008591314415298257
1811,0.44213867187500006,-5.732647324591812,0.2782708655945979,-0.05332559951375515,-0.0008561457709106435
1812,0.4423828125,-5.705996035062027,0.27695744432132396,-0.05309846249963357,-0.0008531601003483047
1813,0.442626953125,-5.6793447455322426,0.27564402304804997,-0.052871325485455145,-0.0008501744297859659
1814,0.44287109375,-5.652693456002457,0.274330601774776,-0.052644188471333564,-0.0008471887591667837
1815,0.443115234375,-5.626042166472673,0.27301718050150203,-0.05241705145721198,-0.0008442030886044449
1816,0.44335937500000006,-5.59939087694288,0.27170375922822765,-0.05218991444303356,-0.0008412174180421061
1817,0.443603515625,-5.5727395874130945,0.27039033795495365,-0.05196277742891198,-0.0008382317474229239
1818,0.44384765625,-5.546088297883311,0.26907691668167966,-0.051735640414790396,-0.0008352460768605852
1819,0.444091796875,-5.519437008353526,0.2677634954084057,-0.051508503400668815,-0.0008322604062982464
1820,0.4443359375,-5.4927857188237414,0.2664500741351317,-0.05128136638649039,-0.0008292747356790642
1821,0.44458007812500006,-5.466134429293949,0.26513665286185734,-0.05105422937236881,-0.0008262890651167254
1822,0.44482421875,-5.439483139764164,0.2638232315885834,-0.05082709235824723,-0.0008233033945543866
1823,0.445068359375,-5.412831850234379,0.2625098103153094,-0.0505999553440688,-0.0008203177239352044
1824,0.4453125,-5.386180560704593,0.2611963890420354,-0.05037281832994722,-0.0008173320533728656
1825,0.445556640625,-5.359529271174809,0.25988296776876146,-0.05014568131582564,-0.0008143463828105268
1826,0.44580078125000006,-5.332877981645016,0.2585695464954871,-0.049918544301647216,-0.0008113607121913446
1827,0.446044921875,-5.3062266921152315,0.2572561252222131,-0.049691407287525635,-0.0008083750416290059
1828,0.4462890625,-5.279575402585447,0.25594270394893914,-0.049464270273404054,-0.0008053893710666671
1829,0.446533203125,-5.252924113055662,0.25462928267566515,-0.04923713325922563,-0.0008024037004474849
1830,0.44677734375,-5.226272823525877,0.25331586140239115,-0.04900999624510405,-0.0007994180298851461
1831,0.44702148437500006,-5.2000993310927175,0.2520304625742601,-0.04878332086929049,-0.0007963369047843116
1832,0.447265625,-5.174244370057322,0.25076374537622503,-0.048556953252330004,-0.0007931921433055322
1833,0.447509765625,-5.148389409021926,0.24949702817818997,-0.048330585635369516,-0.0007900473818267528
1834,0.44775390625,-5.122534447986531,0.24823031098015488,-0.04810421801840903,-0.0007869026203479734
1835,0.447998046875,-5.096679486951135,0.24696359378211982,-0.04787785040144854,-0.0007837578588123506
1836,0.44824218750000006,-5.070824525915731,0.2456968765840844,-0.04765148278448805,-0.0007806130973335712
1837,0.448486328125,-5.044969564880335,0.2444301593860493,-0.047425115167527565,-0.0007774683358547918
1838,0.44873046875,-5.01911460384494,0.24316344218801425,-0.04719874755056708,-0.0007743235743760124
1839,0.448974609375,-4.993259642809544,0.24189672498997916,-0.04697237993360659,-0.000771178812897233
1840,0.44921875,-4.967404681774148,0.2406300077919441,-0.0467460123166461,-0.0007680340514184536
1841,0.44946289062500006,-4.941549720738746,0.23936329059390865,-0.046519644699685614,-0.0007648892899396742
1842,0.44970703125,-4.915694759703351,0.23809657339587356,-0.046293277082725126,-0.0007617445284608948
1843,0.449951171875,-4.889839798667955,0.23682985619783847,-0.04606690946576464,-0.0007585997669821154
1844,0.4501953125,-4.863984837632559,0.2355631389998034,-0.04584054184880415,-0.000755455005503336
1845,0.450439453125,-4.838129876597164,0.23429642180176835,-0.04561417423184366,-0.0007523102440245566
1846,0.45068359375000006,-4.81227491556176,0.2330297046037329,-0.04538780661494002,-0.0007491654825457772
1847,0.450927734375,-4.786419954526364,0.23176298740569784,-0.04516143899797953,-0.0007460207210669978
1848,0.451171875,-4.760564993490968,0.23049627020766275,-0.04493507138101904,-0.0007428759595882184
1849,0.451416015625,-4.734710032455573,0.2292295530096277,-0.044708703764058555,-0.000739731198109439
1850,0.45166015625,-4.708855071420177,0.22796283581159263,-0.04448233614709807,-0.0007365864366306596
1851,0.45190429687500006,-4.683000110384774,0.22669611861355715,-0.04425596853013758,-0.0007334416751518802
1852,0.4521484375,-4.657145149349378,0.22542940141552206,-0.04402960091317709,-0.0007302969136731008
1853,0.452392578125,-4.631290188313983,0.224162684217487,-0.043803233296216604,-0.0007271521521943214
1854,0.45263671875,-4.605435227278587,0.22289596701945194,-0.043576865679256116,-0.000724007390715542
1855,0.452880859375,-4.579580266243192,0.22162924982141682,-0.04335049806229563,-0.0007208626292367626
1856,0.45312500000000006,-4.553725305207788,0.22036253262338143,-0.04312413044533514,-0.0007177178677579832
1857,0.453369140625,-4.528573255905112,0.21913687782344635,-0.04289842899180485,-0.0007144375140342163
1858,0.45361328125,-4.503421206602436,0.21791122302351135,-0.042672727538217714,-0.0007111571603104494
1859,0.453857421875,-4.47826915729976,0.2166855682235763,-0.04244702608468742,-0.0007078768065866825
1860,0.4541015625,-4.453117107997083,0.2154599134236413,-0.04222132463110029,-0.0007045964528629156
1861,0.45434570312500006,-4.4279650586944,0.2142342586237059,-0.041995623177569996,-0.0007013160991391487
1862,0.45458984375,-4.402813009391723,0.21300860382377085,-0.04176992172398286,-0.0006980357453585384
1863,0.454833984375,-4.377660960089047,0.21178294902383582,-0.04154422027045257,-0.0006947553916347715
1864,0.455078125,-4.352508910786371,0.21055729422390076,-0.041318518816865435,-0.0006914750379110046
1865,0.455322265625,-4.327356861483694,0.20933163942396574,-0.04109281736333514,-0.0006881946841872377
1866,0.45556640625000006,-4.302204812181011,0.20810598462403038,-0.04086711590974801,-0.0006849143304634708
1867,0.455810546875,-4.277052762878335,0.20688032982409532,-0.04064141445621772,-0.0006816339767397039
1868,0.4560546875,-4.251900713575658,0.20565467502416027,-0.04041571300263058,-0.000678353623015937
1869,0.456298828125,-4.226748664272981,0.20442902022422524,-0.04019001154910029,-0.0006750732692921702
1870,0.45654296875,-4.201596614970306,0.20320336542429018,-0.039964310095513156,-0.0006717929155684033
1871,0.45678710937500006,-4.176444565667622,0.2019777106243548,-0.039738608641982864,-0.0006685125618446364
1872,0.45703125,-4.151292516364946,0.2007520558244198,-0.03951290718839573,-0.0006652322081208695
1873,0.457275390625,-4.126140467062269,0.19952640102448474,-0.03928720573486544,-0.0006619518543971026
1874,0.45751953125,-4.100988417759593,0.19830074622454968,-0.0390615042812783,-0.0006586715006164923
1875,0.457763671875,-4.075836368456916,0.19707509142461468,-0.03883580282774801,-0.0006553911468927254
1876,0.45800781250000006,-4.050684319154233,0.19584943662467927,-0.03861010137416088,-0.0006521107931689585
1877,0.458251953125,-4.025532269851557,0.1946237818247442,-0.038384399920630585,-0.0006488304394451916
1878,0.45849609375,-4.000380220548881,0.1933981270248092,-0.03815869846704345,-0.0006455500857214247
1879,0.458740234375,-3.9752281712462043,0.19217247222487419,-0.03793299701351316,-0.0006422697319976578
1880,0.458984375,-3.9500761219435283,0.19094681742493913,-0.037707295559926024,-0.0006389893782738909
1881,0.45922851562500006,-3.9249240726408448,0.18972116262500377,-0.03748159410639573,-0.000635709024550124
1882,0.45947265625,-3.9000156971449673,0.1885096113384584,-0.03725611937176154,-0.0006323831099166455
1883,0.459716796875,-3.8754728323592893,0.18731921532199752,-0.03703098471544308,-0.0006289888538617561
1884,0.4599609375,-3.8509299675736104,0.1861288193055367,-0.036805850059181466,-0.0006255945978068667
1885,0.460205078125,-3.8263871027879324,0.18493842328907587,-0.03658071540291985,-0.0006222003417519772
1886,0.46044921875000006,-3.801844238002247,0.18374802727261463,-0.036355580746658234,-0.0006188060856970878
1887,0.460693359375,-3.7773013732165692,0.18255763125615382,-0.036130446090339774,-0.0006154118296990418
1888,0.4609375,-3.7527585084308908,0.18136723523969298,-0.03590531143407816,-0.0006120175736441524
1889,0.461181640625,-3.7282156436452127,0.1801768392232321,-0.03568017677781654,-0.000608623317589263
1890,0.46142578125,-3.7036727788595343,0.1789864432067713,-0.03545504212149808,-0.000605229061591217
1891,0.46166992187500006,-3.6791299140738487,0.1777960471903101,-0.035229907465236465,-0.0006018348055363276
1892,0.4619140625,-3.6545870492881707,0.17660565117384924,-0.03500477280897485,-0.0005984405494814382
1893,0.462158203125,-3.6300441845024918,0.17541525515738843,-0.03477963815271323,-0.0005950462934265488
1894,0.46240234375,-3.6055013197168138,0.17422485914092758,-0.03455450349639477,-0.0005916520374285028
1895,0.462646484375,-3.5809584549311357,0.17303446312446671,-0.034329368840133156,-0.0005882577813736134
1896,0.46289062500000006,-3.55641559014545,0.17184406710800554,-0.03410423418387154,-0.000584863525318724
1897,0.463134765625,-3.531872725359772,0.17065367109154467,-0.03387909952755308,-0.0005814692692638346
1898,0.46337890625,-3.5073298605740932,0.16946327507508382,-0.033653964871291464,-0.0005780750132089452
1899,0.463623046875,-3.4827869957884157,0.168272879058623,-0.03342883021502985,-0.0005746807572108992
1900,0.4638671875,-3.458244131002737,0.16708248304216214,-0.03320369555876823,-0.0005712865011560098
1901,0.46411132812500006,-3.4337012662170516,0.16589208702570096,-0.03297856090244977,-0.0005678922451011204
1902,0.46435546875,-3.4091584014313736,0.16470169100924015,-0.032753426246188155,-0.0005644979890462309
1903,0.464599609375,-3.3846155366456956,0.16351129499277928,-0.03252829158992654,-0.000561103733048185
1904,0.46484375,-3.360072671860017,0.1623208989763184,-0.03230315693360808,-0.0005577094769932955
1905,0.465087890625,-3.3355298070743387,0.16113050295985756,-0.03207802227734646,-0.0005543152209384061
1906,0.46533203125000006,-3.3109869422886535,0.1599401069433964,-0.03185288762108485,-0.0005509209648835167
1907,0.465576171875,-3.2864440775029746,0.15874971092693554,-0.03162775296482323,-0.0005475267088854707
1908,0.4658203125,-3.2623134589025202,0.15758288271544063,-0.031402995399446354,-0.0005440574304884649
1909,0.466064453125,-3.2382859018483714,0.1564219464551872,-0.031178332106833295,-0.0005405693965485625
1910,0.46630859375,-3.2142583447942217,0.1552610101949338,-0.030953668814220237,-0.0005370813626086601
1911,0.46655273437500006,-3.1902307877400657,0.15410007393468,-0.030729005521550334,-0.0005335933286119143
1912,0.466796875,-3.166203230685917,0.15293913767442655,-0.030504342228937276,-0.000530105294672012
1913,0.467041015625,-3.142175673631767,0.15177820141417314,-0.030279678936324217,-0.0005266172607321096
1914,0.46728515625,-3.1181481165776175,0.1506172651539197,-0.030055015643711158,-0.0005231292267922072
1915,0.467529296875,-3.0941205595234686,0.14945632889366625,-0.0298303523510981,-0.0005196411927954614
1916,0.46777343750000006,-3.0700930024693127,0.14829539263341251,-0.029605689058428197,-0.000516153158855559
1917,0.468017578125,-3.046065445415163,0.14713445637315908,-0.02938102576581514,-0.0005126651249156566
1918,0.46826171875,-3.022037888361014,0.14597352011290562,-0.02915636247320208,-0.0005091770909757543
1919,0.468505859375,-2.998010331306865,0.1448125838526522,-0.02893169918058902,-0.0005056890569790085
1920,0.46875,-2.973982774252716,0.14365164759239876,-0.028707035887975962,-0.0005022010230391061
1921,0.46899414062500006,-2.9499552171985597,0.142490711332145,-0.02848237259530606,-0.0004987129890992037
1922,0.46923828125,-2.9259276601444104,0.14132977507189157,-0.028257709302693,-0.0004952249551024579
1923,0.469482421875,-2.9019001030902616,0.14016883881163814,-0.028033046010079943,-0.0004917369211625555
1924,0.4697265625,-2.8778725460361123,0.13900790255138468,-0.027808382717466884,-0.00048824888722265314
1925,0.469970703125,-2.853844988981963,0.13784696629113127,-0.027583719424796982,-0.00048476085328275076
1926,0.47021484375000006,-2.829817431927807,0.13668603003087748,-0.027359056132183923,-0.00048127281928600496
1927,0.470458984375,-2.805789874873658,0.13552509377062405,-0.027134392839570864,-0.0004777847853461026
1928,0.470703125,-2.7817623178195086,0.13436415751037065,-0.026909729546957806,-0.0004742967514062002
1929,0.470947265625,-2.757734760765359,0.1332032212501172,-0.026685066254344747,-0.0004708087174662978
1930,0.47119140625,-2.73370720371121,0.13204228498986376,-0.026460402961674845,-0.000467320683469552
1931,0.47143554687500006,-2.709679646657054,0.13088134872961002,-0.026235739669061786,-0.00046383264952964964
1932,0.4716796875,-2.6856520896029044,0.12972041246935656,-0.026011076376448727,-0.00046034461558974726
1933,0.471923828125,-2.6617088112831695,0.12856423021907507,-0.025786489019424153,-0.00045684158715175727
1934,0.47216796875,-2.6381026479010927,0.1274270640086814,-0.025562205404753513,-0.00045327858089194706
1935,0.472412109375,-2.614496484519016,0.12628989779828773,-0.025337921790139717,-0.00044971557457529343
1936,0.47265625000000006,-2.5908903211369316,0.12515273158789375,-0.025113638175469077,-0.0004461525683154832
1937,0.472900390625,-2.5672841577548544,0.1240155653775001,-0.02488935456085528,-0.0004425895619988296
1938,0.47314453125,-2.543677994372777,0.1228783991671064,-0.024665070946184642,-0.00043902655568217597
1939,0.473388671875,-2.5200718309907,0.12174123295671276,-0.024440787331570846,-0.00043546354942236576
1940,0.4736328125,-2.496465667608623,0.12060406674631909,-0.024216503716900206,-0.00043190054310571213
1941,0.47387695312500006,-2.4728595042265393,0.1194669005359251,-0.02399222010228641,-0.0004283375368459019
1942,0.47412109375,-2.4492533408444626,0.11832973432553141,-0.02376793648761577,-0.0004247745305292483
1943,0.474365234375,-2.4256471774623853,0.11719256811513776,-0.02354365287294513,-0.0004212115242694381
1944,0.474609375,-2.402041014080308,0.1160554019047441,-0.023319369258331335,-0.00041764851795278446
1945,0.474853515625,-2.378434850698231,0.11491823569435043,-0.023095085643660695,-0.00041408551169297425
1946,0.47509765625000006,-2.354828687316147,0.11378106948395644,-0.0228708020290469,-0.0004105225053763206
1947,0.475341796875,-2.33122252393407,0.11264390327356277,-0.02264651841437626,-0.0004069594991165104
1948,0.4755859375,-2.307616360551993,0.11150673706316912,-0.022422234799762464,-0.0004033964927998568
1949,0.475830078125,-2.2840101971699154,0.11036957085277543,-0.022197951185091824,-0.0003998334865400466
1950,0.47607421875,-2.2604040337878386,0.10923240464238178,-0.021973667570478028,-0.00039627048022339295
1951,0.47631835937500006,-2.2367978704057543,0.10809523843198779,-0.02174938395580739,-0.00039270747396358274
1952,0.4765625,-2.213191707023678,0.10695807222159412,-0.02152510034113675,-0.0003891444676469291
1953,0.476806640625,-2.1895855436416003,0.10582090601120045,-0.021300816726522953,-0.0003855814613302755
1954,0.47705078125,-2.165979380259523,0.1046837398008068,-0.021076533111852314,-0.0003820184550704653
1955,0.477294921875,-2.1423732168774463,0.10354657359041312,-0.020852249497238518,-0.00037845544875381165
1956,0.47753906250000006,-2.1187670534953624,0.10240940738001914,-0.020627965882567878,-0.00037489244249400144
1957,0.477783203125,-2.095160890113285,0.10127224116962545,-0.020403682267954082,-0.0003713294361773478
1958,0.47802734375,-2.0715547267312084,0.10013507495923181,-0.020179398653283442,-0.0003677664299175376
1959,0.478271484375,-2.0481450702784154,0.09900885390525677,-0.01995528984559769,-0.0003641690800577635
1960,0.478515625,-2.024866418445145,0.09788992962222749,-0.01973129757584502,-0.00036054883452152353
1961,0.47875976562500006,-2.001587766611868,0.0967710053391979,-0.01950730530609235,-0.00035692858892844015
1962,0.47900390625,-1.9783091147785978,0.09565208105616861,-0.019283313036339678,-0.0003533083433922002
1963,0.479248046875,-1.9550304629453277,0.09453315677313934,-0.01905932076664385,-0.0003496880978559602
1964,0.4794921875,-1.9317518111120575,0.09341423249011005,-0.01883532849689118,-0.00034606785226287684
1965,0.479736328125,-1.9084731592787874,0.09229530820708078,-0.01861133622713851,-0.0003424476067266369
1966,0.47998046875000006,-1.8851945074455108,0.09117638392405117,-0.018387343957385838,-0.0003388273611903969
1967,0.480224609375,-1.8619158556122406,0.0900574596410219,-0.018163351687633167,-0.00033520711559731353
1968,0.48046875,-1.8386372037789704,0.08893853535799262,-0.017939359417880496,-0.00033158687006107357
1969,0.480712890625,-1.8153585519457003,0.08781961107496335,-0.01771536714818467,-0.0003279666245248336
1970,0.48095703125,-1.7920799001124301,0.08670068679193407,-0.017491374878431998,-0.0003243463789317502
1971,0.48120117187500006,-1.7688012482791533,0.08558176250890447,-0.017267382608679327,-0.00032072613339551026
1972,0.4814453125,-1.7455225964458831,0.08446283822587519,-0.017043390338926656,-0.0003171058878592703
1973,0.481689453125,-1.7222439446126128,0.0833439139428459,-0.016819398069173985,-0.00031348564232303033
1974,0.48193359375,-1.6989652927793426,0.08222498965981663,-0.016595405799421314,-0.00030986539672994695
1975,0.482177734375,-1.6756866409460724,0.08110606537678736,-0.016371413529725487,-0.000306245151193707
1976,0.48242187500000006,-1.6524079891127958,0.07998714109375775,-0.016147421259972816,-0.000302624905657467
1977,0.482666015625,-1.6291293372795257,0.07886821681072848,-0.015923428990220145,-0.00029900466006438364
1978,0.48291015625,-1.6058506854462553,0.0777492925276992,-0.015699436720467475,-0.0002953844145281437
1979,0.483154296875,-1.5825720336129852,0.07663036824466991,-0.015475444450714804,-0.0002917641689919037
1980,0.4833984375,-1.559293381779715,0.07551144396164064,-0.015251452180962133,-0.00028814392339882033
1981,0.48364257812500006,-1.5360147299464382,0.07439251967861103,-0.015027459911266305,-0.00028452367786258037
1982,0.48388671875,-1.512736078113168,0.07327359539558176,-0.014803467641513635,-0.0002809034323263404
1983,0.484130859375,-1.4894574262798979,0.07215467111255248,-0.014579475371760964,-0.000277283186733257
1984,0.484375,-1.4661787744466277,0.07103574682952321,-0.014355483102008293,-0.00027366294119701706
1985,0.484619140625,-1.4431338165000398,0.06992970722690377,-0.01413169662890823,-0.000270002360593935
1986,0.48486328125000006,-1.4200888585534455,0.068823667624284,-0.013907910155865011,-0.00026634177999085296
1987,0.485107421875,-1.3970439006068573,0.06771762802166453,-0.013684123682764948,-0.0002626811993309275
1988,0.4853515625,-1.3739989426602692,0.06661158841904509,-0.013460337209664885,-0.00025902061872784543
1989,0.485595703125,-1.3509539847136816,0.06550554881642565,-0.013236550736621666,-0.0002553600381247634
1990,0.48583984375,-1.3279090267670937,0.06439950921380619,-0.013012764263521603,-0.0002516994575216813
1991,0.48608398437500006,-1.304864068820499,0.06329346961118643,-0.01278897779042154,-0.00024803887691859927
1992,0.486328125,-1.281819110873911,0.062187430008566975,-0.012565191317378321,-0.0002443782962586738
1993,0.486572265625,-1.258774152927323,0.061081390405947525,-0.012341404844278259,-0.00024071771565559175
1994,0.48681640625,-1.235729194980735,0.05997535080332807,-0.012117618371178196,-0.0002370571350525097
1995,0.487060546875,-1.2126842370341473,0.05886931120070862,-0.011893831898134977,-0.00023339655444942764
1996,0.48730468750000006,-1.189639279087553,0.05776327159808884,-0.011670045425034914,-0.0002297359738463456
1997,0.487548828125,-1.1665943211409648,0.05665723199546941,-0.011446258951934851,-0.00022607539318642011
1998,0.48779296875,-1.1435493631943767,0.055551192392849946,-0.011222472478891632,-0.00022241481258333806
1999,0.488037109375,-1.1205044052477888,0.0544451527902305,-0.01099868600579157,-0.000218754231980256
2000,0.48828125,-1.097459447301201,0.053339113187611045,-0.010774899532691506,-0.00021509365137717396
2001,0.48852539062500006,-1.0744144893546064,0.052233073584991276,-0.010551113059648287,-0.0002114330707740919
2002,0.48876953125,-1.0513695314080185,0.05112703398237182,-0.010327326586548224,-0.00020777249011416643
2003,0.489013671875,-1.0283245734614304,0.050020994379752375,-0.010103540113448162,-0.00020411190951108438
2004,0.4892578125,-1.0052796155148425,0.048914954777132924,-0.009879753640404942,-0.00020045132890800232
2005,0.489501953125,-0.9822346575682545,0.04780891517451347,-0.00965596716730488,-0.00019679074830492027
2006,0.48974609375000006,-0.9591896996216599,0.046702875571893704,-0.009432180694204817,-0.00019313016770183822
2007,0.489990234375,-0.9361447416750722,0.04559683596927425,-0.009208394221161598,-0.00018946958709875616
2008,0.490234375,-0.9130997837284843,0.0444907963666548,-0.008984607748061535,-0.0001858090064388307
2009,0.490478515625,-0.8900548257818962,0.04338475676403535,-0.008760821274961472,-0.00018214842583574864
2010,0.49072265625,-0.8670658457870891,0.04228178640181734,-0.008537083734552198,-0.00017847823738748048
2011,0.49096679687500006,-0.8441608327199469,0.041183419900201176,-0.008313419593036997,-0.00017479363708616802
2012,0.4912109375,-0.821255819652811,0.04008505339858533,-0.00808975545157864,-0.00017110903678485556
2013,0.491455078125,-0.7983508065856753,0.03898668689696948,-0.007866091310063439,-0.0001674244364835431
2014,0.49169921875,-0.7754457935185395,0.03788832039535363,-0.0076424271686050815,-0.00016373983623907407
2015,0.491943359375,-0.7525407804514037,0.036789953893737785,-0.007418763027089881,-0.0001600552359377616
2016,0.49218750000000006,-0.7296357673842614,0.03569158739212161,-0.0071950988856315234,-0.00015637063563644915
2017,0.492431640625,-0.7067307543171256,0.034593220890505774,-0.006971434744116323,-0.0001526860353351367
2018,0.49267578125,-0.68382574124999,0.033494854388889925,-0.006747770602657965,-0.00014900143503382424
2019,0.492919921875,-0.660920728182854,0.032396487887274075,-0.006524106461142765,-0.0001453168347893552
2020,0.4931640625,-0.6380157151157182,0.031298121385658226,-0.006300442319684407,-0.00014163223448804274
2021,0.49340820312500006,-0.615110702048576,0.03019975488404206,-0.0060767781781692065,-0.00013794763418673028
2022,0.49365234375,-0.5922056889814402,0.02910138838242621,-0.005853114036710849,-0.00013426303388541783
2023,0.493896484375,-0.5693006759143044,0.02800302188081036,-0.005629449895195648,-0.0001305784336409488
2024,0.494140625,-0.5463956628471686,0.026904655379194512,-0.005405785753737291,-0.00012689383333963633
2025,0.494384765625,-0.5234906497800328,0.025806288877578663,-0.00518212161222209,-0.00012320923303832387
2026,0.49462890625000006,-0.5005856367128905,0.0247079223759625,-0.004958457470763733,-0.00011952463273701142
2027,0.494873046875,-0.4776806236457547,0.023609555874346648,-0.004734793329305376,-0.00011584003249254238
2028,0.4951171875,-0.454775610578619,0.0225111893727308,-0.004511129187790175,-0.00011215543219122992
2029,0.495361328125,-0.4318705975114832,0.021412822871114952,-0.004287465046331818,-0.00010847083188991746
2030,0.49560546875,-0.40896558444434744,0.020314456369499103,-0.004063800904816617,-0.00010478623164544842
2031,0.49584960937500006,-0.3860605713772051,0.01921608986788294,-0.0038401367633582595,-0.00010110163134413597
2032,0.49609375,-0.36315555831006935,0.018117723366267092,-0.0036164726218430587,-9.741703104282351e-05
2033,0.496337890625,-0.3402505452429335,0.017019356864651242,-0.0033928084803847014,-9.373243074151105e-05
2034,0.49658203125,-0.3173455321757977,0.015920990363035393,-0.0031691443388695006,-9.004783049704201e-05
2035,0.496826171875,-0.294440519108662,0.01482262386141954,-0.0029454801974111433,-8.636323019572956e-05
2036,0.49707031250000006,-0.27157250861637283,0.01372629900485394,-0.0027218481784530013,-8.267218566970769e-05
2037,0.497314453125,-0.24871374876780356,0.012630484559551292,-0.0024982241901057023,-7.897953008750846e-05
2038,0.49755859375,-0.22585498891923417,0.011534670114248642,-0.0022746002018152467,-7.528687450530924e-05
2039,0.497802734375,-0.2029962290706648,0.010438855668945994,-0.0020509762134679477,-7.159421892311002e-05
2040,0.498046875,-0.18013746922209545,0.009343041223643347,-0.001827352225177492,-6.79015633409108e-05
2041,0.49829101562500006,-0.1572787093735196,0.008247226778340387,-0.001603728236830193,-6.420890770186816e-05
2042,0.49853515625,-0.13441994952495026,0.007151412333037739,-0.0013801042485397375,-6.0516252119668934e-05
2043,0.498779296875,-0.11156118967638089,0.006055597887735091,-0.0011564802601924384,-5.682359653746971e-05
2044,0.4990234375,-0.08870242982781154,0.004959783442432444,-0.0009328562719019828,-5.313094095527049e-05
2045,0.499267578125,-0.0658436699792422,0.0038639689971297956,-0.0007092322835546838,-4.943828537307127e-05
2046,0.49951171875000006,-0.042984910130666326,0.0027681545518268356,-0.0004856082952642282,-4.5745629790872044e-05
2047,0.499755859375,-0.020126150282097,0.0016723401065241886,-0.0002619843069169292,-4.205297420867282e-05
2048,0.5,0.0027326095664723738,0.0005765256612215401,-3.83603186264736e-05,-3.83603186264736e-05
2049,0.500244140625,0.025591369415041747,-0.0005192887840811068,0.000185263669663982,-3.466766304427438e-05
2050,0.50048828125,0.04845012926361107,-0.0016151032293837567,0.000408887658011281,-3.0975007462075155e-05
2051,0.500732421875,0.07130888911218694,-0.0027109176746867164,0.0006325116463017366,-2.7282351879875932e-05
2052,0.5009765625,0.09416764896075627,-0.0038067321199893632,0.0008561356346490356,-2.358969629767671e-05
2053,0.501220703125,0.11702640880932565,-0.00490254656529201,0.0010797596229394912,-1.9897040715477488e-05
2054,0.50146484375,0.13988516865789502,-0.00599836101059466,0.0013033836112867903,-1.6204385133278265e-05
2055,0.501708984375,0.16274392850646435,-0.007094175455897307,0.0015270075995772459,-1.2511729551079043e-05
2056,0.501953125,0.18560268835504024,-0.008189989901200267,0.0017506315879245449,-8.819073912036401e-06
2057,0.502197265625,0.20846144820360954,-0.009285804346502913,0.0019742555762150005,-5.126418329837179e-06
2058,0.50244140625,0.23132020805217895,-0.01038161879180556,0.0021978795645622995,-1.4337627476379566e-06
2059,0.502685546875,0.2541789679007483,-0.011477433237108212,0.002421503552852755,2.2588928345612658e-06
2060,0.5029296875,0.2770377277493176,-0.012573247682410861,0.002645127541200054,5.951548416760488e-06
2061,0.503173828125,0.29990597382789197,-0.013669566550874212,0.002868759848638547,9.642645977692155e-06
2062,0.50341796875,0.3228121648264539,-0.01476790311197883,0.0030924254324986578,1.3327511567240435e-05
2063,0.503662109375,0.3457183558250159,-0.015866239673083444,0.0033160910163587687,1.7012377156788716e-05
2064,0.50390625,0.3686245468235778,-0.016964576234188063,0.0035397566002188796,2.0697242746336997e-05
2065,0.504150390625,0.39153073782213976,-0.01806291279529268,0.0037634221840789905,2.4382108335885277e-05
2066,0.50439453125,0.4144369288207082,-0.019161249356397608,0.0039870877679391015,2.806697386859014e-05
2067,0.504638671875,0.4373431198192702,-0.020259585917502224,0.004210753351799212,3.175183945813842e-05
2068,0.5048828125,0.46024931081783216,-0.021357922478606843,0.004434418935659323,3.54367050476867e-05
2069,0.505126953125,0.48315550181639405,-0.022456259039711456,0.004658084519519434,3.912157063723498e-05
2070,0.50537109375,0.506061692814956,-0.02355459560081608,0.004881750103379545,4.280643622678326e-05
2071,0.505615234375,0.5289678838135244,-0.024652932161921003,0.005105415687239656,4.649130181633154e-05
2072,0.505859375,0.5518740748120864,-0.02575126872302562,0.005329081271099767,5.0176167405879823e-05
2073,0.506103515625,0.5747802658106483,-0.02684960528413024,0.005552746854959878,5.3861032938584685e-05
2074,0.50634765625,0.5976864568092103,-0.027947941845234855,0.005776412438819989,5.7545898528132966e-05
2075,0.506591796875,0.6205926478077722,-0.029046278406339474,0.0060000780226801,6.123076411768125e-05
2076,0.5068359375,0.6434988388063407,-0.0301446149674444,0.006223743606540211,6.491562970722953e-05
2077,0.507080078125,0.6664050298049027,-0.03124295152854902,0.006447409190400322,6.860049529677781e-05
2078,0.50732421875,0.6893112208034645,-0.032341288089653634,0.006671074774260433,7.228536088632609e-05
2079,0.507568359375,0.7122174118020266,-0.03343962465075825,0.0068947403581205435,7.597022647587437e-05
2080,0.5078125,0.7351236028005885,-0.034537961211862866,0.0071184059419806545,7.965509200857923e-05
2081,0.508056640625,0.7580297937991569,-0.0356362977729678,0.007342071525897609,8.333995759812751e-05
2082,0.50830078125,0.780935984797719,-0.03673463433407241,0.00756573710975772,8.702482318767579e-05
2083,0.508544921875,0.8038421757962809,-0.03783297089517703,0.007789402693617831,9.070968877722407e-05
2084,0.5087890625,0.8267483667948428,-0.03893130745628165,0.008013068277477942,9.439455436677235e-05
2085,0.509033203125,0.8496545577934047,-0.04002964401738626,0.008236733861338053,9.807941995632063e-05
2086,0.50927734375,0.8725607487919732,-0.0411279805784912,0.008460399445198163,0.00010176428554586892
2087,0.509521484375,0.8955516142142014,-0.0422308990481762,0.00868413930004408,0.00010543489958081409
2088,0.509765625,0.9185989292522068,-0.04333687212358147,0.00890792866891843,0.00010909601269304403
2089,0.510009765625,0.9416462442902119,-0.04444284519898674,0.009131718037735936,0.00011275712574843055
2090,0.51025390625,0.9646935593282175,-0.04554881827439201,0.009355507406610286,0.0001164182388606605
2091,0.510498046875,0.9877408743662293,-0.04665479134979759,0.009579296775484636,0.00012007935191604702
2092,0.5107421875,1.0107881894042348,-0.047760764425202856,0.009803086144302142,0.00012374046502827696
2093,0.510986328125,1.03383550444224,-0.048866737500608125,0.010026875513176492,0.00012740157808366348
2094,0.51123046875,1.0568828194802453,-0.049972710576013386,0.010250664882050842,0.00013106269113905
2095,0.511474609375,1.0799301345182508,-0.05107868365141867,0.010474454250868348,0.00013472380425127994
2096,0.51171875,1.102977449556263,-0.05218465672682425,0.010698243619742698,0.00013838491730666647
2097,0.511962890625,1.1260247645942683,-0.05329062980222951,0.010922032988617048,0.0001420460304188964
2098,0.51220703125,1.1490720796322735,-0.05439660287763478,0.011145822357434554,0.00014570714347428293
2099,0.512451171875,1.172119394670279,-0.05550257595304005,0.011369611726308904,0.00014936825658651287
2100,0.5126953125,1.1951667097082843,-0.056608549028445324,0.011593401095183253,0.0001530293696418994
2101,0.512939453125,1.2182140247462963,-0.05771452210385091,0.011817190464057603,0.00015669048269728592
2102,0.51318359375,1.2412613397843018,-0.05882049517925618,0.01204097983287511,0.00016035159580951586
2103,0.513427734375,1.2643086548223073,-0.05992646825466144,0.01226476920174946,0.00016401270886490238
2104,0.513671875,1.2873559698603125,-0.06103244133006671,0.012488558570623809,0.00016767382197713232
2105,0.513916015625,1.310403284898318,-0.062138414405471985,0.012712347939441315,0.00017133493503251884
2106,0.51416015625,1.3334505999363298,-0.06324438748087756,0.012936137308315665,0.00017499604808790536
2107,0.514404296875,1.3564979149743355,-0.06435036055628282,0.013159926677190015,0.0001786571612001353
2108,0.5146484375,1.3795452300123408,-0.0654563336316881,0.013383716046007521,0.00018231827425552183
2109,0.514892578125,1.402592545050346,-0.06656230670709337,0.01360750541488187,0.00018597938736775177
2110,0.51513671875,1.4256398600883515,-0.06766827978249865,0.01383129478375622,0.0001896405004231383
2111,0.515380859375,1.4486871751263632,-0.06877425285790421,0.014055084152573727,0.00019330161353536823
2112,0.515625,1.471734490164369,-0.06988022593330949,0.014278873521448077,0.00019696272659075476
2113,0.515869140625,1.4950166680030381,-0.07099904677014043,0.014502870160924886,0.00020058377396026117
2114,0.51611328125,1.518298845841707,-0.07211786760697136,0.014726866800458538,0.000204204821386611
2115,0.516357421875,1.5415810236803764,-0.07323668844380232,0.014950863439935347,0.00020782586875611742
2116,0.5166015625,1.564863201519052,-0.07435550928063357,0.015174860079469,0.00021144691612562383
2117,0.516845703125,1.5881453793577214,-0.0754743301174645,0.015398856718945808,0.00021506796349513024
2118,0.51708984375,1.6114275571963905,-0.07659315095429545,0.015622853358422617,0.00021868901092148008
2119,0.517333984375,1.63470973503506,-0.07771197179112638,0.01584684999795627,0.0002223100582909865
2120,0.517578125,1.6579919128737288,-0.07883079262795734,0.01607084663743308,0.0002259311056604929
2121,0.517822265625,1.6812740907124044,-0.07994961346478859,0.01629484327696673,0.00022955215308684274
2122,0.51806640625,1.7045562685510738,-0.08106843430161953,0.01651883991644354,0.00023317320045634915
2123,0.518310546875,1.727838446389743,-0.08218725513845046,0.01674283655592035,0.00023679424782585556
2124,0.5185546875,1.751120624228412,-0.0833060759752814,0.016966833195454,0.0002404152952522054
2125,0.518798828125,1.7744028020670812,-0.08442489681211235,0.01719082983493081,0.0002440363426217118
2126,0.51904296875,1.797684979905757,-0.0855437176489436,0.01741482647440762,0.0002476573899912182
2127,0.519287109375,1.8209671577444262,-0.08666253848577454,0.01763882311394127,0.00025127843736072464
2128,0.51953125,1.8442493355830951,-0.08778135932260547,0.01786281975341808,0.00025489948478707447
2129,0.519775390625,1.8675315134217645,-0.08890018015943642,0.018086816392951732,0.0002585205321565809
2130,0.52001953125,1.8908136912604336,-0.09001900099626736,0.01831081303242854,0.0002621415795260873
2131,0.520263671875,1.9140958690991094,-0.09113782183309861,0.01853480967190535,0.00026576262695243713
2132,0.5205078125,1.9373780469377786,-0.09225664266992956,0.018758806311439002,0.00026938367432194354
2133,0.520751953125,1.960660224776448,-0.0933754635067605,0.01898280295091581,0.00027300472169144996
2134,0.52099609375,1.983942402615117,-0.09449428434359143,0.019206799590449464,0.0002766257691177998
2135,0.521240234375,2.0072245804537863,-0.09561310518042238,0.019430796229926273,0.0002802468164873062
2136,0.521484375,2.0305067582924616,-0.09673192601725362,0.01965479286940308,0.0002838678638568126
2137,0.521728515625,2.0537889361311312,-0.09785074685408457,0.019878789508936734,0.00028748891122631903
2138,0.52197265625,2.0772025803117042,-0.09897684926132724,0.020102903288034213,0.0002910871720587238
2139,0.522216796875,2.100813424005133,-0.10011387402418752,0.02032719277644901,0.0002946512530570544
2140,0.5224609375,2.124424267698562,-0.10125089878704778,0.02055148226492065,0.00029821533405538503
2141,0.522705078125,2.148035111391997,-0.10238792354990839,0.02077577175339229,0.00030177941505371564
2142,0.52294921875,2.1716459550854252,-0.10352494831276866,0.021000061241863932,0.00030534349599520283
2143,0.523193359375,2.195256798778854,-0.10466197307562894,0.021224350730335573,0.00030890757699353344
2144,0.5234375,2.2188676424722824,-0.10579899783848921,0.021448640218807213,0.00031247165799186405
2145,0.523681640625,2.2424784861657114,-0.10693602260134949,0.021672929707278854,0.00031603573899019466
2146,0.52392578125,2.2660893298591467,-0.10807304736421007,0.02189721919569365,0.00031959981998852527
2147,0.524169921875,2.2897001735525753,-0.10921007212707036,0.022121508684165292,0.00032316390093001246
2148,0.5244140625,2.313311017246004,-0.11034709688993063,0.022345798172636933,0.00032672798192834307
2149,0.524658203125,2.336921860939433,-0.11148412165279091,0.022570087661108573,0.0003302920629266737
2150,0.52490234375,2.3605327046328615,-0.11262114641565117,0.022794377149580214,0.0003338561439250043
2151,0.525146484375,2.3841435483262967,-0.1137581711785118,0.023018666638051855,0.0003374202248664915
2152,0.525390625,2.4077543920197257,-0.11489519594137207,0.023242956126523495,0.0003409843058648221
2153,0.525634765625,2.431365235713154,-0.11603222070423233,0.023467245614995136,0.0003445483868631527
2154,0.52587890625,2.454976079406583,-0.1171692454670926,0.023691535103409933,0.0003481124678614833
2155,0.526123046875,2.478586923100011,-0.11830627022995288,0.023915824591881574,0.0003516765488598139
2156,0.5263671875,2.5021977667934467,-0.11944329499281345,0.024140114080353214,0.0003552406298013011
2157,0.526611328125,2.5258086104868753,-0.12058031975567375,0.024364403568824855,0.0003588047107996317
2158,0.52685546875,2.549419454180304,-0.12171734451853403,0.024588693057296496,0.00036236879179796233
2159,0.527099609375,2.5730302978737325,-0.12285436928139429,0.024812982545768136,0.00036593287279629294
2160,0.52734375,2.5966411415671615,-0.12399139404425456,0.025037272034239777,0.00036949695373778013
2161,0.527587890625,2.6202519852605968,-0.12512841880711514,0.025261561522654574,0.00037306103473611074
2162,0.52783203125,2.6438628289540254,-0.12626544356997543,0.025485851011126215,0.00037662511573444135
2163,0.528076171875,2.667473672647454,-0.1274024683328357,0.025710140499597856,0.00038018919673277196
2164,0.5283203125,2.6914225398683356,-0.12855847714877763,0.0259347349645509,0.00038369352193967643
2165,0.528564453125,2.71545591297108,-0.12971923197798996,0.026159405673638503,0.0003871829082413569
2166,0.52880859375,2.739489286073831,-0.13087998680720267,0.026384076382669264,0.0003906722945430374
2167,0.529052734375,2.763522659176576,-0.132040741636415,0.026608747091756868,0.0003941616808447179
2168,0.529296875,2.7875560322793214,-0.13320149646562734,0.026833417800844472,0.0003976510671463984
2169,0.529541015625,2.811589405382066,-0.1343622512948397,0.027058088509875233,0.0004011404534480789
2170,0.52978515625,2.8356227784848103,-0.13552300612405202,0.027282759218962838,0.0004046298397497594
2171,0.530029296875,2.859656151587562,-0.13668376095326468,0.027507429928050442,0.0004081192260514399
2172,0.5302734375,2.8836895246903067,-0.13784451578247706,0.027732100637081203,0.000411608612296277
2173,0.530517578125,2.9077228977930516,-0.13900527061168938,0.027956771346168807,0.0004150979985979575
2174,0.53076171875,2.931756270895796,-0.1401660254409017,0.02818144205525641,0.000418587384899638
2175,0.531005859375,2.9557896439985405,-0.14132678027011408,0.028406112764287172,0.0004220767712013185
2176,0.53125,2.979823017101292,-0.14248753509932674,0.028630783473374777,0.000425566157502999
2177,0.531494140625,3.0038563902040365,-0.1436482899285391,0.02885545418246238,0.0004290555438046795
2178,0.53173828125,3.027889763306781,-0.14480904475775142,0.029080124891493142,0.00043254493010635997
2179,0.531982421875,3.0519231364095263,-0.1459697995869638,0.029304795600580746,0.00043603431640804047
2180,0.5322265625,3.0759565095122707,-0.14713055441617612,0.02952946630966835,0.00043952370270972096
2181,0.532470703125,3.0999898826150223,-0.1482913092453888,0.02975413701869911,0.00044301308895455804
2182,0.53271484375,3.1240232557177667,-0.14945206407460115,0.029978807727786716,0.00044650247525623854
2183,0.532958984375,3.148056628820511,-0.15061281890381348,0.03020347843687432,0.00044999186155791904
2184,0.533203125,3.172090001923256,-0.15177357373302583,0.03042814914590508,0.00045348124785959953
2185,0.533447265625,3.1961233750260014,-0.15293432856223818,0.030652819854992686,0.00045697063416128003
2186,0.53369140625,3.2201567481287525,-0.15409508339145084,0.03087749056408029,0.00046046002046296053
2187,0.533935546875,3.244190121231497,-0.15525583822066316,0.03110216127311105,0.000463949406764641
2188,0.5341796875,3.268223494334242,-0.15641659304987554,0.031326831982198655,0.0004674387930663215
2189,0.534423828125,3.29236015156678,-0.15758323138202604,0.03155159728163426,0.0004709094804979941
2190,0.53466796875,3.316909945318493,-0.1587734037259292,0.03177674094268923,0.00047430537262016514
2191,0.534912109375,3.3414597390702134,-0.15996357606983277,0.0320018846037442,0.0004777012647991796
2192,0.53515625,3.366009532821927,-0.16115374841373598,0.03222702826474233,0.0004810971569213507
2193,0.535400390625,3.3905593265736402,-0.16234392075763915,0.0324521719257973,0.00048449304904352175
2194,0.53564453125,3.415109120325354,-0.16353409310154235,0.032677315586852274,0.0004878889411656928
2195,0.535888671875,3.4396589140770675,-0.16472426544544555,0.0329024592478504,0.0004912848332878639
2196,0.5361328125,3.4642087078287878,-0.16591443778934906,0.033127602908905374,0.0004946807254100349
2197,0.536376953125,3.4887585015805005,-0.16710461013325226,0.0333527465699035,0.0004980766175890494
2198,0.53662109375,3.513308295332214,-0.16829478247715546,0.033577890230958474,0.0005014725097112205
2199,0.536865234375,3.5378580890839277,-0.16948495482105863,0.033803033892013445,0.0005048684018333915
2200,0.537109375,3.562407882835641,-0.17067512716496186,0.034028177553011574,0.0005082642939555626
2201,0.537353515625,3.586957676587361,-0.1718652995088654,0.034253321214066546,0.0005116601860777337
2202,0.53759765625,3.611507470339075,-0.17305547185276857,0.03447846487512152,0.0005150560781999047
2203,0.537841796875,3.636057264090788,-0.17424564419667177,0.034703608536119646,0.0005184519703789192
2204,0.5380859375,3.6606070578425016,-0.17543581654057494,0.03492875219717462,0.0005218478625010903
2205,0.538330078125,3.685156851594215,-0.17662598888447814,0.03515389585822959,0.0005252437546232613
2206,0.53857421875,3.7097066453459355,-0.17781616122838168,0.03537903951922772,0.0005286396467454324
2207,0.538818359375,3.7342564390976483,-0.17900633357228485,0.03560418318028269,0.0005320355388676035
2208,0.5390625,3.758806232849362,-0.18019650591618805,0.03582932684133766,0.0005354314310466179
2209,0.539306640625,3.783356026601075,-0.18138667826009125,0.03605447050233579,0.000538827323168789
2210,0.53955078125,3.8079058203527887,-0.18257685060399442,0.03627961416339076,0.0005422232152909601
2211,0.539794921875,3.832455614104509,-0.18376702294789798,0.03650475782438889,0.0005456191074131311
2212,0.5400390625,3.8570054078562226,-0.18495719529180119,0.03672990148544386,0.0005490149995353022
2213,0.540283203125,3.8815552016079358,-0.18614736763570436,0.03695504514649883,0.0005524108916574733
2214,0.54052734375,3.9061049953596494,-0.18733753997960756,0.03718018880749696,0.0005558067838364877
2215,0.540771484375,3.931020951344996,-0.18854884096845387,0.03740567353059987,0.0005591345093307609
2216,0.541015625,3.956181015486107,-0.18977422772059602,0.037631385628401404,0.0005624167903874877
2217,0.541259765625,3.98134107962721,-0.19099961447273775,0.03785709772620294,0.0005656990714442145
2218,0.54150390625,4.006501143768313,-0.19222500122487948,0.03808280982394763,0.0005689813525577847
2219,0.541748046875,4.0316612079094165,-0.19345038797702124,0.03830852192174916,0.0005722636336145115
2220,0.5419921875,4.056821272050519,-0.194675774729163,0.038534234019550695,0.0005755459146712383
2221,0.542236328125,4.08198133619163,-0.19590116148130512,0.03875994611735223,0.0005788281957848085
2222,0.54248046875,4.107141400332733,-0.19712654823344686,0.03898565821509692,0.0005821104768415353
2223,0.542724609375,4.132301464473836,-0.19835193498558862,0.03921137031289845,0.0005853927578982621
2224,0.54296875,4.157461528614939,-0.1995773217377304,0.039437082410699986,0.0005886750390118323
2225,0.543212890625,4.182621592756043,-0.20080270848987214,0.03966279450850152,0.0005919573200685591
2226,0.54345703125,4.2077816568971524,-0.20202809524201423,0.03988850660624621,0.0005952396011252858
2227,0.543701171875,4.232941721038256,-0.203253481994156,0.040114218704047744,0.000598521882238856
2228,0.5439453125,4.258101785179359,-0.20447886874629775,0.04033993080184928,0.0006018041632955828
2229,0.544189453125,4.283261849320462,-0.20570425549843951,0.04056564289965081,0.0006050864443523096
2230,0.54443359375,4.308421913461566,-0.20692964225058127,0.0407913549973955,0.0006083687254658798
2231,0.544677734375,4.333581977602677,-0.20815502900272337,0.041017067095197035,0.0006116510065226066
2232,0.544921875,4.358742041743779,-0.20938041575486516,0.04124277919299857,0.0006149332875793334
2233,0.545166015625,4.383902105884883,-0.2106058025070069,0.0414684912908001,0.0006182155686929036
2234,0.54541015625,4.409062170025987,-0.21183118925914862,0.04169420338854479,0.0006214978497496304
2235,0.545654296875,4.434222234167089,-0.21305657601129038,0.041919915486346326,0.0006247801308063572
2236,0.5458984375,4.459382298308199,-0.2142819627634325,0.04214562758414786,0.0006280624119199274
2237,0.546142578125,4.484542362449303,-0.21550734951557426,0.042371339681949394,0.0006313446929766542
2238,0.54638671875,4.509702426590406,-0.216732736267716,0.042597051779694084,0.000634626974033381
2239,0.546630859375,4.534862490731509,-0.21795812301985779,0.04282276387749562,0.0006379092551469512
2240,0.546875,4.560022554872612,-0.21918350977199955,0.04304847597529715,0.000641191536203678
2241,0.547119140625,4.585886585529198,-0.22044991288639332,0.04327485593057645,0.0006443385252623557
2242,0.54736328125,4.611750616185777,-0.22171631600078684,0.04350123588585575,0.00064748551426419
2243,0.547607421875,4.637614646842355,-0.22298271911518028,0.04372761584113505,0.0006506325033228677
2244,0.5478515625,4.663478677498933,-0.22424912222957374,0.04395399579641435,0.000653779492324702
2245,0.548095703125,4.68934270815551,-0.22551552534396718,0.044180375751693646,0.0006569264813833797
2246,0.54833984375,4.715206738812096,-0.22678192845836098,0.044406755706972945,0.0006600734704420574
2247,0.548583984375,4.741070769468675,-0.22804833157275445,0.044633135662252243,0.0006632204594438917
2248,0.548828125,4.766934800125253,-0.2293147346871479,0.04485951561753154,0.0006663674485025695
2249,0.549072265625,4.792798830781831,-0.23058113780154135,0.04508589557281084,0.0006695144375044038
2250,0.54931640625,4.818662861438409,-0.23184754091593482,0.04531227552809014,0.0006726614265630815
2251,0.549560546875,4.844526892094995,-0.23311394403032865,0.04553865548336944,0.0006758084156217592
2252,0.5498046875,4.870390922751573,-0.23438034714472214,0.04576503543864874,0.0006789554046235935
2253,0.550048828125,4.896254953408152,-0.23564675025911558,0.04599141539387119,0.0006821023936822712
2254,0.55029296875,4.92211898406473,-0.23691315337350904,0.04621779534915049,0.0006852493826841055
2255,0.550537109375,4.947983014721308,-0.23817955648790248,0.04644417530442979,0.0006883963717427832
2256,0.55078125,4.973847045377894,-0.23944595960229628,0.04667055525970909,0.000691543360801461
2257,0.551025390625,4.999711076034472,-0.24071236271668975,0.04689693521498839,0.0006946903498032952
2258,0.55126953125,5.025575106691051,-0.2419787658310832,0.04712331517026769,0.000697837338861973
2259,0.551513671875,5.051439137347629,-0.24324516894547665,0.04734969512554699,0.0007009843278638073
2260,0.5517578125,5.077303168004207,-0.24451157205987012,0.047576075080826286,0.000704131316922485
2261,0.552001953125,5.103167198660793,-0.24577797517426395,0.047802455036105584,0.0007072783059811627
2262,0.55224609375,5.12903122931737,-0.2470443782886574,0.04802883499138488,0.000710425294982997
2263,0.552490234375,5.154895259973948,-0.24831078140305085,0.04825521494666418,0.0007135722840416747
2264,0.552734375,5.180759290630527,-0.24957718451744432,0.04848159490194348,0.000716719273043509
2265,0.552978515625,5.206623321287105,-0.2508435876318378,0.04870797485722278,0.0007198662621021867
2266,0.55322265625,5.232806291300756,-0.2521286536409254,0.04893466327132501,0.0007229497390426332
2267,0.553466796875,5.259467670349997,-0.2534417139920534,0.04916181437369005,0.0007259379478341543
2268,0.5537109375,5.2861290493992374,-0.25475477434318133,0.04938896547599825,0.0007289261566256755
2269,0.553955078125,5.312790428448478,-0.2560678346943093,0.04961611657836329,0.0007319143654171967
2270,0.55419921875,5.339451807497718,-0.25738089504543726,0.04984326768067149,0.0007349025742087179
2271,0.554443359375,5.366113186546967,-0.25869395539656564,0.05007041878303653,0.000737890783000239
2272,0.5546875,5.3927745655962065,-0.2600070157476936,0.05029756988534473,0.0007408789917917602
2273,0.554931640625,5.419435944645447,-0.2613200760988216,0.05052472098770977,0.0007438672005832814
2274,0.55517578125,5.446097323694688,-0.2626331364499495,0.05075187209001797,0.0007468554093748025
2275,0.555419921875,5.472758702743928,-0.2639461968010775,0.05097902319238301,0.0007498436181663237
2276,0.5556640625,5.499420081793176,-0.26525925715220583,0.05120617429469121,0.0007528318269578449
2277,0.555908203125,5.526081460842417,-0.2665723175033338,0.05143332539705625,0.0007558200357493661
2278,0.55615234375,5.552742839891657,-0.26788537785446176,0.05166047649936445,0.0007588082445408872
2279,0.556396484375,5.579404218940898,-0.26919843820558975,0.05188762760172949,0.000761796453275565
2280,0.556640625,5.6060655979901375,-0.27051149855671774,0.05211477870409453,0.0007647846620670862
2281,0.556884765625,5.632726977039386,-0.2718245589078461,0.05234192980640273,0.0007677728708586073
2282,0.55712890625,5.659388356088627,-0.27313761925897406,0.052569080908767774,0.0007707610796501285
2283,0.557373046875,5.686049735137868,-0.27445067961010206,0.05279623201107597,0.0007737492884416497
2284,0.5576171875,5.712711114187107,-0.27576373996123,0.053023383113441014,0.0007767374972331709
2285,0.557861328125,5.739372493236347,-0.27707680031235793,0.05325053421574921,0.000779725706024692
2286,0.55810546875,5.766033872285596,-0.2783898606634863,0.053477685318114254,0.0007827139148162132
2287,0.558349609375,5.792695251334837,-0.2797029210146143,0.05370483642042245,0.0007857021236077344
2288,0.55859375,5.819356630384077,-0.2810159813657423,0.053931987522787495,0.0007886903323992556
2289,0.558837890625,5.846018009433317,-0.28232904171687023,0.05415913862509569,0.0007916785411907767
2290,0.55908203125,5.872679388482558,-0.2836421020679982,0.054386289727460735,0.0007946667499822979
2291,0.559326171875,5.899340767531806,-0.2849551624191265,0.05461344082976893,0.0007976549587738191
2292,0.5595703125,5.926714308414517,-0.2863097430929859,0.054841294292486964,0.0008004957201137586
2293,0.559814453125,5.954265889755597,-0.2876747038475282,0.055069323345321664,0.0008032996196334352
2294,0.56005859375,5.981817471096675,-0.28903966460207037,0.05529735239815636,0.0008061035190962684
2295,0.560302734375,6.009369052437754,-0.29040462535661266,0.05552538145093422,0.0008089074185591016
2296,0.560546875,6.036920633778841,-0.2917695861111552,0.05575341050376892,0.0008117113180787783
2297,0.560791015625,6.06447221511992,-0.29313454686569745,0.055981439556546775,0.0008145152175416115
2298,0.56103515625,6.092023796461,-0.2944995076202397,0.056209468609381474,0.0008173191170612881
2299,0.561279296875,6.119575377802078,-0.295864468374782,0.05643749766215933,0.0008201230165241213
2300,0.5615234375,6.147126959143157,-0.2972294291293242,0.05666552671499403,0.000822926916043798
2301,0.561767578125,6.174678540484244,-0.29859438988386683,0.056893555767771886,0.0008257308155066312
2302,0.56201171875,6.202230121825323,-0.2999593506384091,0.057121584820606586,0.0008285347150263078
2303,0.562255859375,6.229781703166402,-0.30132431139295135,0.05734961387338444,0.000831338614489141
2304,0.5625,6.257333284507482,-0.3026892721474936,0.05757764292621914,0.0008341425139519743
2305,0.562744140625,6.284884865848561,-0.3040542329020358,0.05780567197905384,0.0008369464134716509
2306,0.56298828125,6.312436447189648,-0.30541919365657844,0.0580337010318317,0.0008397503129344841
2307,0.563232421875,6.339988028530726,-0.30678415441112067,0.0582617300846664,0.0008425542124541607
2308,0.5634765625,6.367539609871805,-0.3081491151656629,0.05848975913744425,0.000845358111916994
2309,0.563720703125,6.395091191212885,-0.30951407592020513,0.05871778819027895,0.0008481620114366706
2310,0.56396484375,6.422642772553964,-0.3108790366747474,0.05894581724305681,0.0008509659108995038
2311,0.564208984375,6.450194353895051,-0.31224399742929004,0.05917384629589151,0.0008537698104191804
2312,0.564453125,6.477745935236129,-0.3136089581838323,0.059401875348669364,0.0008565737098820136
2313,0.564697265625,6.505297516577208,-0.3149739189383745,0.059629904401504064,0.0008593776094016903
2314,0.56494140625,6.532849097918287,-0.3163388796929168,0.05985793345428192,0.0008621815088645235
2315,0.565185546875,6.5604006792593665,-0.317703840447459,0.06008596250711662,0.0008649854083273567
2316,0.5654296875,6.587952260600454,-0.3190688012020016,0.06031399155995132,0.0008677893078470333
2317,0.565673828125,6.615700293519886,-0.3204450480219653,0.060542218130137826,0.0008705507883064456
2318,0.56591796875,6.644234132752728,-0.32186643910361457,0.06077123477001578,0.0008731425927521741
2319,0.566162109375,6.672767971985571,-0.3232878301852638,0.061000251409893735,0.0008757343971979026
2320,0.56640625,6.701301811218413,-0.32470922126691304,0.06122926804977169,0.0008783262015867876
2321,0.566650390625,6.729835650451264,-0.3261306123485627,0.061458284689649645,0.0008809180060325161
2322,0.56689453125,6.758369489684107,-0.327552003430212,0.0616873013295276,0.0008835098104782446
2323,0.567138671875,6.78690332891695,-0.32897339451186125,0.061916317969405554,0.0008861016148671297
2324,0.5673828125,6.815437168149791,-0.3303947855935105,0.06214533460928351,0.0008886934193128582
2325,0.567626953125,6.843971007382635,-0.3318161766751598,0.062374351249161464,0.0008912852237585867
2326,0.56787109375,6.8725048466154846,-0.3332375677568094,0.06260336788903942,0.0008938770281474717
2327,0.568115234375,6.901038685848327,-0.33465895883845864,0.06283238452891737,0.0008964688325932002
2328,0.568359375,6.929572525081171,-0.3360803499201079,0.06306140116879533,0.0008990606370389287
2329,0.568603515625,6.958106364314013,-0.33750174100175717,0.06329041780867328,0.0009016524414846572
2330,0.56884765625,6.986640203546854,-0.33892313208340646,0.06351943444855124,0.0009042442458735422
2331,0.569091796875,7.015174042779706,-0.3403445231650561,0.06374845108842919,0.0009068360503192707
2332,0.5693359375,7.043707882012549,-0.3417659142467054,0.06397746772830715,0.0009094278547649992
2333,0.569580078125,7.0722417212453905,-0.34318730532835456,0.0642064843681851,0.0009120196591538843
2334,0.56982421875,7.100775560478233,-0.34460869641000386,0.06443550100806306,0.0009146114635996128
2335,0.570068359375,7.129309399711076,-0.34603008749165315,0.06466451764794101,0.0009172032680453412
2336,0.5703125,7.157843238943926,-0.34745147857330283,0.06489353428781897,0.0009197950724910697
2337,0.570556640625,7.186377078176769,-0.348872869654952,0.06512255092769692,0.0009223868768799548
2338,0.57080078125,7.214910917409612,-0.3502942607366013,0.06535156756757488,0.0009249786813256833
2339,0.571044921875,7.243444756642455,-0.35171565181825054,0.06558058420745283,0.0009275704857714118
2340,0.5712890625,7.271978595875297,-0.3531370428998998,0.06580960084733078,0.0009301622901602968
2341,0.571533203125,7.300512435108147,-0.35455843398154946,0.06603861748720874,0.0009327540946060253
2342,0.57177734375,7.329046274340991,-0.3559798250631987,0.0662676341270867,0.0009353458990517538
2343,0.572021484375,7.358224025118601,-0.35743712340968564,0.06649731017523663,0.0009377923085480688
2344,0.572265625,7.38783105025939,-0.3589183599327309,0.06672742582890123,0.0009401417881349516
2345,0.572509765625,7.41743807540018,-0.3603995964557762,0.06695754148262267,0.0009424912677218344
2346,0.57275390625,7.447045100540979,-0.3618808329788219,0.06718765713628727,0.0009448407473655607
2347,0.572998046875,7.476652125681768,-0.36336206950186717,0.06741777278995187,0.0009471902269524435
2348,0.5732421875,7.506259150822558,-0.36484330602491244,0.06764788844367331,0.0009495397065393263
2349,0.573486328125,7.535866175963347,-0.3663245425479577,0.06787800409733791,0.0009518891861262091
2350,0.57373046875,7.565473201104138,-0.367805779071003,0.0681081197510025,0.0009542386657130919
2351,0.573974609375,7.595080226244934,-0.3692870155940487,0.06833823540472395,0.0009565881452999747
2352,0.57421875,7.6246872513857245,-0.37076825211709397,0.06856835105838854,0.0009589376248868575
2353,0.574462890625,7.654294276526515,-0.37224948864013924,0.06879846671205314,0.0009612871044737403
2354,0.57470703125,7.683901301667304,-0.3737307251631845,0.06902858236577458,0.0009636365840606231
2355,0.574951171875,7.713508326808094,-0.3752119616862298,0.06925869801943918,0.0009659860637043494
2356,0.5751953125,7.743115351948892,-0.3766931982092755,0.06948881367316062,0.0009683355432912322
2357,0.575439453125,7.772722377089682,-0.37817443473232076,0.06971892932682522,0.000970685022878115
2358,0.57568359375,7.802329402230472,-0.37965567125536603,0.06994904498048982,0.0009730345024649978
2359,0.575927734375,7.831936427371261,-0.3811369077784113,0.07017916063421126,0.0009753839820518806
2360,0.576171875,7.86154345251205,-0.3826181443014566,0.07040927628787585,0.0009777334616387634
2361,0.576416015625,7.891150477652849,-0.38409938082450223,0.07063939194154045,0.0009800829412256462
2362,0.57666015625,7.920757502793637,-0.38558061734754756,0.0708695075952619,0.000982432420812529
2363,0.576904296875,7.950364527934428,-0.38706185387059283,0.07109962324892649,0.0009847819003994118
2364,0.5771484375,7.979971553075218,-0.3885430903936381,0.07132973890264793,0.000987131380043138
2365,0.577392578125,8.009578578216008,-0.3900243269166834,0.07155985455631253,0.0009894808596300209
2366,0.57763671875,8.039185603356806,-0.3915055634397291,0.07178997020997713,0.0009918303392169037
2367,0.577880859375,8.068792628497595,-0.3929867999627744,0.07202008586369857,0.0009941798188037865
2368,0.578125,8.098399653638385,-0.3944680364858197,0.07225020151736317,0.0009965292983906693
2369,0.578369140625,8.129169275646937,-0.3960109250244837,0.0724815279613722,0.00099860363428661
2370,0.57861328125,8.15993889765549,-0.39755381356314784,0.07271285440532438,0.0010006779701825508
2371,0.578857421875,8.19070851966405,-0.39909670210181236,0.0729441808493334,0.0010027523060784915
2372,0.5791015625,8.221478141672602,-0.4006395906404765,0.07317550729328559,0.0010048266419744323
2373,0.579345703125,8.252247763681154,-0.4021824791791405,0.07340683373729462,0.0010069009778135296
2374,0.57958984375,8.283017385689707,-0.4037253677178046,0.07363816018130365,0.0010089753137094704
2375,0.579833984375,8.31378700769826,-0.40526825625646873,0.07386948662525583,0.001011049649605411
2376,0.580078125,8.34455662970682,-0.40681114479513325,0.07410081306926486,0.0010131239855013519
2377,0.580322265625,8.375326251715373,-0.40835403333379733,0.07433213951321704,0.0010151983213972926
2378,0.58056640625,8.406095873723926,-0.4098969218724614,0.07456346595722607,0.0010172726572932334
2379,0.580810546875,8.436865495732478,-0.4114398104111255,0.0747947924012351,0.001019346993189174
2380,0.5810546875,8.467635117741029,-0.4129826989497897,0.07502611884518728,0.0010214213290851148
2381,0.581298828125,8.49840473974959,-0.41452558748845414,0.07525744528919631,0.0010234956649810556
2382,0.58154296875,8.529174361758143,-0.41606847602711816,0.07548877173320534,0.001025570000820153
2383,0.581787109375,8.559943983766695,-0.41761136456578235,0.07572009817715752,0.0010276443367160937
2384,0.58203125,8.590713605775248,-0.41915425310444643,0.07595142462116655,0.0010297186726120344
2385,0.582275390625,8.6214832277838,-0.4206971416431105,0.07618275106511874,0.0010317930085079752
2386,0.58251953125,8.65225284979236,-0.42224003018177503,0.07641407750912776,0.001033867344403916
2387,0.582763671875,8.683022471800912,-0.4237829187204391,0.07664540395313679,0.0010359416802998567
2388,0.5830078125,8.713792093809465,-0.42532580725910324,0.07687673039708898,0.0010380160161957974
2389,0.583251953125,8.744561715818017,-0.4268686957977673,0.077108056841098,0.0010400903520917382
2390,0.58349609375,8.77533133782657,-0.42841158433643134,0.07733938328505019,0.001042164687987679
2391,0.583740234375,8.806100959835131,-0.4299544728750959,0.07757070972905922,0.0010442390238267762
2392,0.583984375,8.836870581843684,-0.43149736141376,0.07780203617306825,0.001046313359722717
2393,0.584228515625,8.867640203852236,-0.4330402499524241,0.07803336261702043,0.0010483876956186577
2394,0.58447265625,8.8989098422692,-0.4346076424327433,0.07826521747972492,0.0010503377763484423
2395,0.584716796875,8.930929505298788,-0.4362117908255452,0.07849786497041578,0.0010521014743289925
2396,0.5849609375,8.962949168328386,-0.43781593921834744,0.07873051246116347,0.0010538651722526993
2397,0.585205078125,8.994968831357973,-0.4394200876111493,0.07896315995185432,0.0010556288702332495
2398,0.58544921875,9.02698849438756,-0.4410242360039512,0.07919580744260202,0.0010573925681569563
2399,0.585693359375,9.059008157417148,-0.44262838439675306,0.07942845493329287,0.0010591562661375065
2400,0.5859375,9.091027820446735,-0.4442325327895549,0.07966110242404056,0.0010609199640612132
2401,0.586181640625,9.123047483476332,-0.4458366811823572,0.07989374991478826,0.0010626836620417635
2402,0.58642578125,9.15506714650592,-0.447440829575159,0.08012639740547911,0.0010644473599654702
2403,0.586669921875,9.187086809535506,-0.4490449779679609,0.0803590448962268,0.0010662110579460204
2404,0.5869140625,9.219106472565095,-0.45064912636076276,0.08059169238691766,0.0010679747558697272
2405,0.587158203125,9.251126135594683,-0.45225327475356464,0.08082433987766535,0.0010697384538502774
2406,0.58740234375,9.283145798624279,-0.4538574231463669,0.0810569873683562,0.0010715021517739842
2407,0.587646484375,9.315165461653866,-0.4554615715391688,0.0812896348591039,0.0010732658497545344
2408,0.587890625,9.347185124683454,-0.45706571993197065,0.08152228234979475,0.0010750295477350846
2409,0.588134765625,9.379204787713041,-0.45866986832477247,0.08175492984054245,0.0010767932456587914
2410,0.58837890625,9.41122445074263,-0.46027401671757434,0.0819875773312333,0.0010785569436393416
2411,0.588623046875,9.443244113772225,-0.4618781651103766,0.08222022482198099,0.0010803206415630484
2412,0.5888671875,9.475263776801814,-0.4634823135031785,0.08245287231267184,0.0010820843395435986
2413,0.589111328125,9.5072834398314,-0.46508646189598035,0.08268551980341954,0.0010838480374673054
2414,0.58935546875,9.53930310286099,-0.4666906102887822,0.08291816729411039,0.0010856117354478556
2415,0.589599609375,9.571322765890574,-0.468294758681584,0.08315081478485808,0.0010873754333715624
2416,0.58984375,9.603342428920172,-0.46989890707438636,0.08338346227560578,0.0010891391313521126
2417,0.590087890625,9.63536209194976,-0.47150305546718824,0.08361610976629663,0.0010909028292758194
2418,0.59033203125,9.667381754979349,-0.47310720385999006,0.08384875725704433,0.0010926665272563696
2419,0.590576171875,9.699401418008934,-0.47471135225279193,0.08408140474773518,0.0010944302251800764
2420,0.5908203125,9.732489088513798,-0.47636188481375563,0.08431519420361155,0.001095914870973047
2421,0.591064453125,9.765843760887487,-0.47802401341676043,0.08454926915072747,0.0010973297537475446
2422,0.59130859375,9.799198433261168,-0.47968614201976467,0.08478334409784338,0.0010987446365220421
2423,0.591552734375,9.832553105634847,-0.481348270622769,0.0850174190449593,0.0011001595192396962
2424,0.591796875,9.865907778008527,-0.48301039922577327,0.08525149399207521,0.0011015744020141938
2425,0.592041015625,9.899262450382208,-0.48467252782877746,0.08548556893924797,0.0011029892847318479
2426,0.59228515625,9.932617122755897,-0.4863346564317823,0.08571964388636388,0.0011044041675063454
2427,0.592529296875,9.965971795129576,-0.4879967850347865,0.0859537188334798,0.001105819050280843
2428,0.5927734375,9.999326467503257,-0.4896589136377908,0.08618779378059571,0.001107233932998497
2429,0.593017578125,10.032681139876935,-0.4913210422407951,0.08642186872771163,0.0011086488157729946
2430,0.59326171875,10.066035812250618,-0.4929831708437994,0.08665594367488438,0.0011100636984906487
2431,0.593505859375,10.099390484624307,-0.49464529944680413,0.0868900186220003,0.0011114785812651462
2432,0.59375,10.132745156997988,-0.49630742804980843,0.08712409356911621,0.0011128934639828003
2433,0.593994140625,10.166099829371666,-0.4979695566528127,0.08735816851623213,0.0011143083467572978
2434,0.59423828125,10.199454501745347,-0.49963168525581686,0.08759224346334804,0.0011157232295317954
2435,0.594482421875,10.232809174119028,-0.5012938138588212,0.0878263184105208,0.0011171381122494495
2436,0.5947265625,10.266163846492715,-0.502955942461826,0.08806039335763671,0.001118552995023947
2437,0.594970703125,10.299518518866398,-0.5046180710648303,0.08829446830475263,0.0011199678777416011
2438,0.59521484375,10.332873191240076,-0.5062801996678344,0.08852854325186854,0.0011213827605160986
2439,0.595458984375,10.366227863613757,-0.5079423282708388,0.08876261819898446,0.0011227976432905962
2440,0.595703125,10.399582535987436,-0.509604456873843,0.08899669314615721,0.0011242125260082503
2441,0.595947265625,10.432937208361128,-0.5112665854768478,0.08923076809327313,0.0011256274087827478
2442,0.59619140625,10.466291880734806,-0.5129287140798521,0.08946484304038904,0.001127042291500402
2443,0.596435546875,10.499646553108487,-0.5145908426828563,0.08969891798750496,0.0011284571742748994
2444,0.5966796875,10.533001225482165,-0.5162529712858606,0.08993299293462087,0.001129872057049397
2445,0.596923828125,10.566639284968074,-0.5179253052199869,0.09016737332473213,0.001131209023469637
2446,0.59716796875,10.6014108929029,-0.5196384604786024,0.09040297548659737,0.0011322343246433775
2447,0.597412109375,10.636182500837716,-0.5213516157372172,0.09063857764851946,0.001133259625817118
2448,0.59765625,10.670954108772532,-0.523064770995832,0.0908741798103847,0.0011342849269908584
2449,0.597900390625,10.705725716707349,-0.524777926254447,0.09110978197224995,0.0011353102282214422
2450,0.59814453125,10.740497324642162,-0.5264910815130619,0.09134538413417204,0.0011363355293951827
2451,0.598388671875,10.775268932576987,-0.5282042367716772,0.09158098629603728,0.0011373608305689231
2452,0.5986328125,10.810040540511805,-0.5299173920302921,0.09181658845790253,0.0011383861317426636
2453,0.598876953125,10.84481214844662,-0.5316305472889069,0.09205219061982461,0.0011394114329732474
2454,0.59912109375,10.879583756381438,-0.5333437025475217,0.09228779278168986,0.0011404367341469879
2455,0.599365234375,10.91435536431625,-0.5350568578061367,0.0925233949435551,0.0011414620353207283
2456,0.599609375,10.94912697225108,-0.536770013064752,0.09275899710547719,0.0011424873364944688
2457,0.599853515625,10.983898580185894,-0.5384831683233668,0.09299459926734244,0.0011435126376682092
2458,0.60009765625,11.01867018812071,-0.5401963235819817,0.09323020142920768,0.001144537938898793
2459,0.600341796875,11.053441796055527,-0.5419094788405967,0.09346580359112977,0.0011455632400725335
2460,0.6005859375,11.088213403990341,-0.5436226340992115,0.09370140575299502,0.001146588541246274
2461,0.600830078125,11.122985011925168,-0.5453357893578268,0.09393700791486026,0.0011476138424200144
2462,0.60107421875,11.157756619859983,-0.5470489446164417,0.09417261007678235,0.0011486391436505983
2463,0.601318359375,11.1925282277948,-0.5487620998750566,0.09440821223864759,0.0011496644448243387
2464,0.6015625,11.227299835729616,-0.5504752551336713,0.09464381440051284,0.0011506897459980792
2465,0.601806640625,11.26207144366443,-0.5521884103922863,0.09487941656243493,0.0011517150471718196
2466,0.60205078125,11.296843051599257,-0.5539015656509017,0.09511501872430017,0.00115274034834556
2467,0.602294921875,11.331614659534072,-0.5556147209095166,0.09535062088616542,0.001153765649576144
2468,0.6025390625,11.366386267468888,-0.5573278761681314,0.0955862230480875,0.0011547909507498844
2469,0.602783203125,11.401157875403705,-0.5590410314267463,0.09582182520995275,0.0011558162519236248
2470,0.60302734375,11.435929483338521,-0.5607541866853611,0.096057427371818,0.0011568415530973652
2471,0.603271484375,11.471598210714504,-0.5624910536891731,0.09629399975040087,0.0011576072251386904
2472,0.603515625,11.507865017717915,-0.5642437285231153,0.09653121894001515,0.0011581998110159475
2473,0.603759765625,11.544131824721328,-0.5659964033570576,0.09676843812968627,0.0011587923968932046
2474,0.60400390625,11.58039863172474,-0.567749078191,0.0970056573193574,0.0011593849827704616
2475,0.604248046875,11.616665438728152,-0.5695017530249423,0.09724287650897168,0.0011599775687045621
2476,0.6044921875,11.652932245731577,-0.5712544278588851,0.0974800956986428,0.0011605701545818192
2477,0.604736328125,11.689199052734986,-0.5730071026928275,0.09771731488831392,0.0011611627404590763
2478,0.60498046875,11.7254658597384,-0.5747597775267699,0.0979545340779282,0.0011617553263363334
2479,0.605224609375,11.761732666741812,-0.5765124523607122,0.09819175326759932,0.0011623479122704339
2480,0.60546875,11.797999473745223,-0.5782651271946545,0.09842897245727045,0.001162940498147691
2481,0.605712890625,11.834266280748647,-0.5800178020285973,0.09866619164694157,0.001163533084024948
2482,0.60595703125,11.870533087752058,-0.5817704768625397,0.09890341083655585,0.0011641256699590485
2483,0.606201171875,11.906799894755471,-0.5835231516964821,0.09914063002622697,0.0011647182558363056
2484,0.6064453125,11.943066701758884,-0.5852758265304244,0.0993778492158981,0.0011653108417135627
2485,0.606689453125,11.979333508762295,-0.5870285013643667,0.09961506840551237,0.0011659034275908198
2486,0.60693359375,12.01560031576572,-0.5887811761983095,0.0998522875951835,0.0011664960135249203
2487,0.607177734375,12.05186712276913,-0.5905338510322519,0.10008950678485462,0.0011670885994021774
2488,0.607421875,12.088133929772543,-0.5922865258661942,0.1003267259744689,0.0011676811852794344
2489,0.607666015625,12.124400736775955,-0.5940392007001365,0.10056394516414002,0.0011682737711566915
2490,0.60791015625,12.160667543779367,-0.5957918755340789,0.10080116435381115,0.0011688663570339486
2491,0.608154296875,12.19693435078279,-0.5975445503680217,0.10103838354348227,0.001169458942968049
2492,0.6083984375,12.233201157786201,-0.599297225201964,0.10127560273309655,0.0011700515288453062
2493,0.608642578125,12.269467964789614,-0.6010499000359063,0.10151282192276767,0.0011706441147225632
2494,0.60888671875,12.305734771793027,-0.6028025748698487,0.1017500411124388,0.0011712367006566637
2495,0.609130859375,12.342001578796438,-0.604555249703791,0.10198726030205307,0.0011718292865339208
2496,0.609375,12.378268385799863,-0.6063079245377339,0.1022244794917242,0.001172421872411178
2497,0.609619140625,12.416104321407454,-0.608083094445047,0.1024633917944584,0.00117253662068606
2498,0.60986328125,12.453940257015047,-0.6098582643523603,0.10270230409719261,0.001172651368960942
2499,0.610107421875,12.491776192622638,-0.6116334342596734,0.10294121639992682,0.001172766117235824
2500,0.6103515625,12.52961212823023,-0.6134086041669867,0.10318012870266102,0.001172880865510706
2501,0.610595703125,12.567448063837835,-0.6151837740743005,0.10341904100539523,0.001172995613785588
2502,0.61083984375,12.605283999445426,-0.6169589439816137,0.10365795330812944,0.00117311036206047
2503,0.611083984375,12.643119935053017,-0.6187341138889267,0.10389686561086364,0.001173225110335352
2504,0.611328125,12.68095587066061,-0.62050928379624,0.10413577791359785,0.001173339858610234
2505,0.611572265625,12.718791806268202,-0.6222844537035531,0.10437469021633206,0.001173454606885116
2506,0.61181640625,12.756627741875803,-0.624059623610867,0.10461360251906626,0.001173569355159998
2507,0.612060546875,12.794463677483398,-0.62583479351818,0.10485251482185731,0.0011736841034917234
2508,0.6123046875,12.832299613090989,-0.6276099634254934,0.10509142712459152,0.0011737988517666054
2509,0.612548828125,12.870135548698581,-0.6293851333328065,0.10533033942732573,0.0011739136000414874
2510,0.61279296875,12.907971484306174,-0.6311603032401197,0.10556925173005993,0.0011740283483163694
2511,0.613037109375,12.945807419913775,-0.6329354731474334,0.10580816403279414,0.0011741430965912514
2512,0.61328125,12.98364335552137,-0.6347106430547467,0.10604707633552835,0.0011742578448661334
2513,0.613525390625,13.02147929112896,-0.6364858129620599,0.10628598863826255,0.0011743725931410154
2514,0.61376953125,13.059315226736553,-0.638260982869373,0.10652490094099676,0.0011744873414158974
2515,0.614013671875,13.097151162344145,-0.6400361527766862,0.10676381324373097,0.0011746020896907794
2516,0.6142578125,13.134987097951747,-0.641811322684,0.10700272554646517,0.0011747168379656614
2517,0.614501953125,13.172823033559341,-0.6435864925913132,0.10724163784919938,0.0011748315862405434
2518,0.61474609375,13.210658969166932,-0.6453616624986264,0.10748055015193358,0.0011749463345154254
2519,0.614990234375,13.248494904774523,-0.6471368324059396,0.10771946245466779,0.0011750610827903074
2520,0.615234375,13.286330840382117,-0.6489120023132529,0.107958374757402,0.0011751758310651894
2521,0.615478515625,13.324166775989719,-0.6506871722205665,0.1081972870601362,0.0011752905793400714
2522,0.61572265625,13.362657914177635,-0.6524619098417413,0.10843689984994853,0.0011751955753425136
2523,0.615966796875,13.40213185623604,-0.6542359990337087,0.10867756337034962,0.0011747859430215613
2524,0.6162109375,13.441605798294441,-0.656010088225676,0.1089182268907507,0.0011743763106437655
2525,0.616455078125,13.481079740352845,-0.6577841774176433,0.10915889041109494,0.0011739666782659697
2526,0.61669921875,13.520553682411256,-0.6595582666096111,0.10939955393149603,0.0011735570458881739
2527,0.616943359375,13.56002762446966,-0.6613323558015785,0.10964021745189712,0.0011731474135672215
2528,0.6171875,13.599501566528062,-0.6631064449935458,0.1098808809722982,0.0011727377811894257
2529,0.617431640625,13.638975508586466,-0.6648805341855131,0.11012154449269929,0.00117232814881163
2530,0.61767578125,13.678449450644868,-0.6666546233774804,0.11036220801310037,0.0011719185164338342
2531,0.617919921875,13.717923392703282,-0.6684287125694481,0.11060287153350146,0.0011715088840560384
2532,0.6181640625,13.757397334761682,-0.6702028017614156,0.1108435350538457,0.001171099251735086
2533,0.618408203125,13.796871276820086,-0.6719768909533829,0.11108419857424678,0.0011706896193572902
2534,0.61865234375,13.836345218878488,-0.6737509801453502,0.11132486209464787,0.0011702799869794944
2535,0.618896484375,13.87581916093689,-0.6755250693373175,0.11156552561504895,0.0011698703546016986
2536,0.619140625,13.915293102995305,-0.6772991585292852,0.11180618913545004,0.0011694607222239028
2537,0.619384765625,13.954767045053709,-0.6790732477212525,0.11204685265585113,0.0011690510899029505
2538,0.61962890625,13.994240987112109,-0.6808473369132199,0.11228751617619537,0.0011686414575251547
2539,0.619873046875,14.033714929170513,-0.6826214261051873,0.11252817969659645,0.001168231825147359
2540,0.6201171875,14.073188871228913,-0.6843955152971546,0.11276884321699754,0.0011678221927695631
2541,0.620361328125,14.112662813287328,-0.6861696044891223,0.11300950673739862,0.0011674125603917673
2542,0.62060546875,14.152136755345733,-0.6879436936810897,0.11325017025779971,0.001167002928070815
2543,0.620849609375,14.191610697404133,-0.689717782873057,0.1134908337782008,0.0011665932956930192
2544,0.62109375,14.231084639462535,-0.6914918720650243,0.11373149729854504,0.0011661836633152234
2545,0.621337890625,14.270558581520937,-0.6932659612569916,0.11397216081894612,0.0011657740309374276
2546,0.62158203125,14.310032523579352,-0.6950400504489594,0.11421282433934721,0.0011653643986164752
2547,0.621826171875,14.349506465637756,-0.6968141396409268,0.11445348785974829,0.0011649547662386794
2548,0.6220703125,14.390341266019705,-0.698562396051825,0.11469558070552921,0.0011640878913681263
2549,0.622314453125,14.431516280982544,-0.7003041942674559,0.1149380308826835,0.0011631067059738598
2550,0.62255859375,14.472691295945383,-0.702045992483087,0.11518048105978096,0.0011621255205227499
2551,0.622802734375,14.513866310908234,-0.7037877906987184,0.11542293123693526,0.00116114433507164
2552,0.623046875,14.555041325871073,-0.7055295889143494,0.11566538141408955,0.00116016314962053
2553,0.623291015625,14.596216340833912,-0.7072713871299804,0.115907831591187,0.00115918196416942
2554,0.62353515625,14.637391355796751,-0.7090131853456113,0.1161502817683413,0.0011582007787183102
2555,0.623779296875,14.67856637075959,-0.7107549835612422,0.11639273194543875,0.0011572195932672003
2556,0.6240234375,14.719741385722442,-0.7124967817768738,0.11663518212259305,0.0011562384078160903
2557,0.624267578125,14.76091640068528,-0.7142385799925048,0.11687763229974735,0.0011552572223649804
2558,0.62451171875,14.80209141564812,-0.7159803782081358,0.1171200824768448,0.0011542760369138705
2559,0.624755859375,14.843266430610958,-0.7177221764237668,0.1173625326539991,0.0011532948514627606
2560,0.625,14.884441445573797,-0.7194639746393978,0.11760498283109655,0.001152313666068494
2561,0.625244140625,14.925616460536647,-0.7212057728550292,0.11784743300825085,0.0011513324806173841
2562,0.6254882812499999,14.966791475499475,-0.7229475710706597,0.11808988318540514,0.0011503512951662742
2563,0.625732421875,15.007966490462326,-0.7246893692862912,0.1183323333625026,0.0011493701097151643
2564,0.6259765625,15.049141505425178,-0.7264311675019227,0.11857478353965689,0.0011483889242640544
2565,0.626220703125,15.090316520388004,-0.7281729657175532,0.11881723371681119,0.0011474077388129444
2566,0.62646484375,15.131491535350856,-0.7299147639331848,0.11905968389390864,0.0011464265533618345
2567,0.6267089843749999,15.172666550313682,-0.7316565621488152,0.11930213407106294,0.0011454453679107246
2568,0.626953125,15.213841565276534,-0.7333983603644466,0.11954458424816039,0.0011444641824596147
2569,0.627197265625,15.255016580239385,-0.7351401585800781,0.11978703442531469,0.0011434829970085048
2570,0.62744140625,15.296191595202211,-0.7368819567957086,0.12002948460246898,0.0011425018115573948
2571,0.627685546875,15.337366610165063,-0.73862375501134,0.12027193477956644,0.001141520626106285
2572,0.6279296874999999,15.37854162512789,-0.7403655532269706,0.12051438495672073,0.0011405394407120184
2573,0.628173828125,15.420068146223489,-0.742092903408469,0.12075719400962726,0.0011394345943926965
2574,0.62841796875,15.46300069185008,-0.7437624614534352,0.12100143856559953,0.0011378351047710566
2575,0.628662109375,15.505933237476649,-0.7454320194984003,0.12124568312162864,0.0011362356150925734
2576,0.62890625,15.548865783103238,-0.7471015775433665,0.12148992767765776,0.0011346361254709336
2577,0.6291503906249999,15.591798328729807,-0.7487711355883316,0.12173417223363003,0.0011330366358492938
2578,0.62939453125,15.634730874356398,-0.7504406936332977,0.12197841678965915,0.0011314371461708106
2579,0.629638671875,15.677663419982993,-0.7521102516782638,0.12222266134563142,0.0011298376565491708
2580,0.6298828125,15.72059596560956,-0.753779809723229,0.12246690590166054,0.001128238166927531
2581,0.630126953125,15.763528511236151,-0.7554493677681952,0.12271115045763281,0.0011266386772490478
2582,0.6303710937499999,15.80646105686272,-0.7571189258131603,0.12295539501366193,0.001125039187627408
2583,0.630615234375,15.849393602489311,-0.7587884838581265,0.12319963956969104,0.0011234396980057682
2584,0.630859375,15.8923261481159,-0.7604580419030925,0.12344388412566332,0.001121840208327285
2585,0.631103515625,15.935258693742473,-0.7621275999480577,0.12368812868169243,0.0011202407187056451
2586,0.63134765625,15.978191239369064,-0.7637971579930238,0.1239323732376647,0.0011186412290840053
2587,0.6315917968749999,16.02112378499563,-0.765466716037989,0.12417661779369382,0.001117041739405522
2588,0.6318359375,16.064056330622222,-0.7671362740829551,0.1244208623496661,0.0011154422497838823
2589,0.632080078125,16.106988876248813,-0.7688058321279213,0.12466510690569521,0.0011138427601622425
2590,0.63232421875,16.14992142187538,-0.7704753901728865,0.12490935146172433,0.0011122432704837593
2591,0.632568359375,16.192853967501975,-0.7721449482178525,0.1251535960176966,0.0011106437808621195
2592,0.6328124999999999,16.235786513128545,-0.7738145062628178,0.12539784057372572,0.0011090442912404797
2593,0.633056640625,16.278719058755133,-0.7754840643077838,0.125642085129698,0.0011074448015619964
2594,0.63330078125,16.321651604381724,-0.77715362235275,0.1258863296857271,0.0011058453119403566
2595,0.633544921875,16.364584150008294,-0.7788231803977151,0.12613057424169938,0.0011042458223187168
2596,0.6337890625,16.407516695634886,-0.7804927384426813,0.1263748187977285,0.0011026463326402336
2597,0.6340332031249999,16.450449241261456,-0.7821622964876465,0.1266190633537576,0.0011010468430185938
2598,0.63427734375,16.493381786888047,-0.7838318545326126,0.12686330790972988,0.001099447353396954
2599,0.634521484375,16.537398261745462,-0.7854282020739715,0.12710861390303307,0.001097449891517499
2600,0.634765625,16.582137356090072,-0.7869757426129247,0.1273546275212425,0.0010951871147995007
2601,0.635009765625,16.626876450434708,-0.7885232831518788,0.1276006411394519,0.0010929243380815024
2602,0.6352539062499999,16.671615544779318,-0.7900708236908319,0.12784665475760448,0.001090661561363504
2603,0.635498046875,16.71635463912395,-0.791618364229786,0.1280926683758139,0.001088398784702349
2604,0.6357421875,16.761093733468588,-0.79316590476874,0.12833868199402332,0.0010861360079843507
2605,0.635986328125,16.805832827813195,-0.7947134453076933,0.1285846956121759,0.0010838732312663524
2606,0.63623046875,16.85057192215783,-0.7962609858466475,0.1288307092303853,0.001081610454548354
2607,0.6364746093749999,16.895311016502436,-0.7978085263856006,0.12907672284853788,0.0010793476778303557
2608,0.63671875,16.94005011084707,-0.7993560669245547,0.1293227364667473,0.0010770849011692007
2609,0.636962890625,16.984789205191706,-0.8009036074635087,0.12956875008495672,0.0010748221244512024
2610,0.63720703125,17.029528299536317,-0.802451148002462,0.1298147637031093,0.001072559347733204
2611,0.637451171875,17.07426739388095,-0.8039986885414161,0.1300607773213187,0.0010702965710152057
2612,0.6376953124999999,17.11900648822556,-0.8055462290803693,0.13030679093947128,0.0010680337942972074
2613,0.637939453125,17.163745582570193,-0.8070937696193234,0.1305528045576807,0.0010657710176360524
2614,0.63818359375,17.20848467691483,-0.8086413101582776,0.13079881817589012,0.001063508240918054
2615,0.638427734375,17.25322377125944,-0.8101888506972307,0.1310448317940427,0.0010612454642000557
2616,0.638671875,17.29796286560407,-0.8117363912361847,0.1312908454122521,0.0010589826874820574
2617,0.6389160156249999,17.34270195994868,-0.813283931775138,0.13153685903046153,0.0010567199108209024
2618,0.63916015625,17.387441054293316,-0.814831472314092,0.1317828726486141,0.001054457134102904
2619,0.639404296875,17.43218014863795,-0.8163790128530461,0.13202888626682352,0.0010521943573849057
2620,0.6396484375,17.476919242982557,-0.8179265533919995,0.13227489988503294,0.0010499315806669074
2621,0.639892578125,17.521658337327192,-0.8194740939309535,0.1325209135031855,0.001047668803948909
2622,0.6401367187499999,17.566397431671803,-0.8210216344699066,0.13276692712139493,0.0010454060272877541
2623,0.640380859375,17.611136526016438,-0.8225691750088607,0.1330129407395475,0.0010431432505697558
2624,0.640625,17.655875620361076,-0.8241167155478146,0.13325895435775692,0.0010408804738517574
2625,0.640869140625,17.702461979927335,-0.825481605252228,0.1335066732224277,0.001037912874835456
2626,0.64111328125,17.74904833949363,-0.8268464949566421,0.1337543920870985,0.0010349452758191546
2627,0.6413574218749999,17.795634699059892,-0.8282113846610554,0.13400211095176928,0.0010319776768028532
2628,0.6416015625,17.842221058626183,-0.8295762743654694,0.13424982981644007,0.0010290100777865518
2629,0.641845703125,17.888807418192474,-0.8309411640698836,0.13449754868111086,0.0010260424787702505
2630,0.64208984375,17.935393777758737,-0.8323060537742968,0.13474526754578164,0.001023074879753949
2631,0.642333984375,17.981980137325028,-0.833670943478711,0.13499298641045243,0.0010201072807376477
2632,0.6425781249999999,18.028566496891294,-0.8350358331831242,0.13524070527512322,0.0010171396817213463
2633,0.642822265625,18.07515285645759,-0.8364007228875384,0.135488424139794,0.0010141720826482015
2634,0.64306640625,18.12173921602388,-0.8377656125919524,0.13573614300440795,0.0010112044836319
2635,0.643310546875,18.168325575590142,-0.8391305022963657,0.13598386186907874,0.0010082368846155987
2636,0.6435546875,18.214911935156433,-0.8404953920007798,0.13623158073374952,0.0010052692855992973
2637,0.6437988281249999,18.261498294722696,-0.841860281705193,0.1364792995984203,0.001002301686582996
2638,0.64404296875,18.308084654288987,-0.8432251714096072,0.1367270184630911,0.0009993340875666945
2639,0.644287109375,18.35467101385528,-0.8445900611140212,0.1369747373277619,0.0009963664885503931
2640,0.64453125,18.40125737342154,-0.8459549508184345,0.13722245619243267,0.0009933988895340917
2641,0.644775390625,18.447843732987835,-0.8473198405228487,0.13747017505710346,0.0009904312905177903
2642,0.6450195312499999,18.4944300925541,-0.848684730227262,0.13771789392177425,0.000987463691501489
2643,0.645263671875,18.54101645212039,-0.8500496199316759,0.13796561278644504,0.0009844960924851875
2644,0.6455078125,18.587602811686683,-0.8514145096360901,0.13821333165111582,0.0009815284934688862
2645,0.645751953125,18.634189171252945,-0.8527793993405034,0.1384610505157866,0.0009785608944525848
2646,0.64599609375,18.680775530819236,-0.8541442890449175,0.1387087693804574,0.0009755932954362834
2647,0.6462402343749999,18.727361890385502,-0.8555091787493307,0.13895648824512818,0.000972625696419982
2648,0.646484375,18.773948249951793,-0.8568740684537448,0.13920420710979897,0.0009696580974036806
2649,0.646728515625,18.820534609518084,-0.8582389581581589,0.13945192597446976,0.0009666904983305358
2650,0.64697265625,18.867872484585806,-0.8595018278945467,0.1397002838411936,0.0009634265538238651
2651,0.647216796875,18.916337632905737,-0.8606116676788969,0.13994960021102543,0.0009597180911100622
2652,0.6474609374999999,18.964802781225647,-0.8617215074632464,0.14019891658085726,0.0009560096283394159
2653,0.647705078125,19.013267929545577,-0.8628313472475965,0.14044823295074593,0.0009523011656256131
2654,0.64794921875,19.06173307786551,-0.8639411870319466,0.14069754932057776,0.0009485927028549668
2655,0.648193359375,19.110198226185414,-0.8650510268162961,0.1409468656904096,0.0009448842401411639
2656,0.6484375,19.15866337450535,-0.8661608666006463,0.14119618206024143,0.0009411757773705176
2657,0.6486816406249999,19.20712852282525,-0.8672707063849957,0.14144549843007326,0.0009374673145998713
2658,0.64892578125,19.255593671145185,-0.8683805461693459,0.14169481479996193,0.0009337588518860684
2659,0.649169921875,19.304058819465116,-0.869490385953696,0.14194413116979376,0.0009300503891154221
2660,0.6494140625,19.352523967785025,-0.8706002257380454,0.1421934475396256,0.0009263419264016193
2661,0.649658203125,19.400989116104956,-0.8717100655223955,0.14244276390945743,0.000922633463630973
2662,0.6499023437499999,19.449454264424862,-0.8728199053067451,0.1426920802793461,0.0009189250009171701
2663,0.650146484375,19.497919412744793,-0.8739297450910951,0.14294139664917793,0.0009152165381465238
2664,0.650390625,19.546384561064727,-0.8750395848754453,0.14319071301900976,0.0009115080754327209
2665,0.650634765625,19.594849709384633,-0.8761494246597947,0.1434400293888416,0.0009077996126620747
2666,0.65087890625,19.643314857704564,-0.8772592644441449,0.14368934575873027,0.0009040911498914284
2667,0.6511230468749999,19.691780006024473,-0.8783691042284943,0.1439386621285621,0.0009003826871776255
2668,0.6513671875,19.740245154344404,-0.8794789440128444,0.14418797849839393,0.0008966742244069792
2669,0.651611328125,19.788710302664338,-0.8805887837971947,0.14443729486822576,0.0008929657616931763
2670,0.65185546875,19.83717545098424,-0.8816986235815442,0.1446866112380576,0.00088925729892253
2671,0.652099609375,19.885640599304175,-0.8828084633658944,0.14493592760794627,0.0008855488362087272
2672,0.6523437499999999,19.934105747624077,-0.8839183031502438,0.1451852439777781,0.0008818403734380809
2673,0.652587890625,19.98257089594401,-0.8850281429345939,0.14543456034760993,0.0008781319106674346
2674,0.65283203125,20.031036044263942,-0.886137982718944,0.14568387671744176,0.0008744234479536317
2675,0.653076171875,20.07950119258385,-0.8872478225032936,0.14593319308733044,0.0008707149851829854
2676,0.6533203125,20.129486498729598,-0.8880857118359567,0.14618366198430977,0.0008663913482678254
2677,0.6535644531249999,20.179851844331772,-0.8888556135556976,0.14643441901318965,0.0008619139177881152
2678,0.65380859375,20.230217189933974,-0.889625515275439,0.1466851760420127,0.000857436487308405
2679,0.654052734375,20.28058253553618,-0.8903954169951801,0.14693593307083574,0.0008529590568855383
2680,0.654296875,20.330947881138353,-0.891165318714921,0.1471866900996588,0.0008484816264058281
2681,0.654541015625,20.381313226740556,-0.8919352204346624,0.14743744712848184,0.000844004195926118
2682,0.6547851562499999,20.43167857234273,-0.8927051221544031,0.14768820415730488,0.0008395267654464078
2683,0.655029296875,20.482043917944935,-0.8934750238741445,0.14793896118612793,0.0008350493349666976
2684,0.6552734375,20.532409263547137,-0.8942449255938858,0.14818971821495097,0.0008305719044869875
2685,0.655517578125,20.58277460914931,-0.8950148273136267,0.14844047524377402,0.0008260944740641207
2686,0.65576171875,20.633139954751513,-0.8957847290333679,0.14869123227259706,0.0008216170435844106
2687,0.6560058593749999,20.68350530035369,-0.8965546307531089,0.1489419893014201,0.0008171396131047004
2688,0.65625,20.73387064595589,-0.8973245324728502,0.14919274633024315,0.0008126621826249902
2689,0.656494140625,20.78423599155809,-0.8980944341925915,0.14944350335912304,0.0008081847521452801
2690,0.65673828125,20.83460133716027,-0.8988643359123324,0.1496942603879461,0.0008037073216655699
2691,0.656982421875,20.88496668276247,-0.8996342376320736,0.14994501741676913,0.0007992298911858597
2692,0.6572265624999999,20.935332028364645,-0.9004041393518146,0.15019577444559218,0.000794752460762993
2693,0.657470703125,20.985697373966847,-0.901174041071556,0.15044653147441522,0.0007902750302832828
2694,0.65771484375,21.03606271956905,-0.9019439427912971,0.15069728850323827,0.0007857975998035727
2695,0.657958984375,21.086428065171226,-0.9027138445110381,0.15094804553206131,0.0007813201693238625
2696,0.658203125,21.136793410773425,-0.9034837462307794,0.15119880256088436,0.0007768427388441523
2697,0.6584472656249999,21.187158756375602,-0.9042536479505201,0.1514495595897074,0.0007723653083644422
2698,0.65869140625,21.237524101977804,-0.9050235496702616,0.15170031661853045,0.0007678878779415754
2699,0.658935546875,21.28788944758001,-0.9057934513900029,0.1519510736473535,0.0007634104474618653
2700,0.6591796875,21.33825479318218,-0.9065633531097438,0.15220183067623339,0.0007589330169821551
2701,0.659423828125,21.389002245604754,-0.9072457005905818,0.1524528337112656,0.0007542983327653019
2702,0.6596679687499999,21.441278125308774,-0.9075778311158071,0.1527048207711914,0.0007490346337135634
2703,0.659912109375,21.493554005012825,-0.9079099616410324,0.15295680783106036,0.0007437709346618249
2704,0.66015625,21.545829884716873,-0.9082420921662576,0.15320879489098616,0.0007385072356100864
2705,0.660400390625,21.59810576442089,-0.9085742226914828,0.15346078195091195,0.0007332435365583478
2706,0.66064453125,21.65038164412494,-0.9089063532167081,0.15371276901083775,0.0007279798375066093
2707,0.6608886718749999,21.702657523828965,-0.9092384837419331,0.15396475607076354,0.0007227161384548708
2708,0.6611328125,21.754933403533013,-0.9095706142671585,0.15421674313068934,0.0007174524394031323
2709,0.661376953125,21.80720928323706,-0.9099027447923836,0.1544687301905583,0.0007121887403513938
2710,0.66162109375,21.85948516294108,-0.9102348753176088,0.15472071725048409,0.0007069250412996553
2711,0.661865234375,21.91176104264513,-0.910567005842834,0.15497270431040988,0.0007016613422479168
2712,0.6621093749999999,21.96403692234915,-0.9108991363680591,0.15522469137033568,0.0006963976431961783
2713,0.662353515625,22.0163128020532,-0.9112312668932845,0.15547667843026147,0.0006911339441444397
2714,0.66259765625,22.068588681757248,-0.9115633974185097,0.15572866549018727,0.0006858702450927012
2715,0.662841796875,22.120864561461268,-0.9118955279437349,0.15598065255005622,0.0006806065460409627
2716,0.6630859375,22.17314044116532,-0.91222765846896,0.15623263960998202,0.0006753428469892242
2717,0.6633300781249999,22.22541632086934,-0.9125597889941854,0.1564846266699078,0.0006700791479374857
2718,0.66357421875,22.277692200573384,-0.9128919195194106,0.1567366137298336,0.0006648154488857472
2719,0.663818359375,22.329968080277435,-0.9132240500446358,0.1569886007897594,0.0006595517498340087
2720,0.6640625,22.382243959981455,-0.913556180569861,0.15724058784962835,0.0006542880507822701
2721,0.664306640625,22.434519839685507,-0.9138883110950863,0.15749257490955415,0.0006490243516736882
2722,0.6645507812499999,22.486795719389523,-0.9142204416203114,0.15774456196947995,0.0006437606526219497
2723,0.664794921875,22.539071599093575,-0.9145525721455366,0.15799654902940574,0.0006384969535702112
2724,0.6650390625,22.591347478797623,-0.9148847026707619,0.15824853608933154,0.0006332332545184727
2725,0.665283203125,22.643623358501642,-0.915216833195987,0.15850052314925733,0.0006279695554667342
2726,0.66552734375,22.69589923820569,-0.9155489637212122,0.15875251020912629,0.0006227058564149957
2727,0.6657714843749999,22.749320397914406,-0.9155519076144213,0.15900507431297228,0.0006169684792780572
2728,0.666015625,22.803505077626276,-0.9153353937529528,0.15925802311267034,0.0006109153167130899
2729,0.666259765625,22.857689757338147,-0.9151188798914843,0.1595109719123684,0.0006048621541481225
2730,0.66650390625,22.91187443704999,-0.914902366030016,0.1597639207121233,0.0005988089915831551
2731,0.666748046875,22.96605911676186,-0.9146858521685476,0.16001686951182137,0.0005927558290181878
2732,0.6669921874999999,23.0202437964737,-0.9144693383070792,0.16026981831157627,0.0005867026664532204
2733,0.667236328125,23.074428476185574,-0.9142528244456107,0.16052276711127433,0.0005806495038882531
2734,0.66748046875,23.128613155897444,-0.9140363105841425,0.16077571591102924,0.0005745963413232857
2735,0.667724609375,23.182797835609286,-0.913819796722674,0.1610286647107273,0.0005685431787583184
2736,0.66796875,23.236982515321156,-0.9136032828612057,0.16128161351042536,0.000562490016193351
2737,0.6682128906249999,23.291167195032994,-0.9133867689997375,0.16153456231018026,0.0005564368536283837
2738,0.66845703125,23.345351874744868,-0.9131702551382689,0.16178751110987832,0.0005503836910634163
2739,0.668701171875,23.399536554456738,-0.9129537412768004,0.16204045990963323,0.000544330528498449
2740,0.6689453125,23.45372123416858,-0.912737227415332,0.1622934087093313,0.0005382773659334816
2741,0.669189453125,23.507905913880453,-0.9125207135538637,0.16254635750902935,0.0005322242033685143
2742,0.6694335937499999,23.56209059359229,-0.9123041996923954,0.16279930630878425,0.0005261710408603903
2743,0.669677734375,23.616275273304165,-0.9120876858309268,0.1630522551084823,0.000520117878295423
2744,0.669921875,23.67045995301603,-0.9118711719694585,0.16330520390823722,0.0005140647157304556
2745,0.670166015625,23.724644632727873,-0.9116546581079901,0.16355815270793528,0.0005080115531654883
2746,0.67041015625,23.778829312439743,-0.9114381442465218,0.16381110150769018,0.0005019583906005209
2747,0.6706542968749999,23.833013992151585,-0.9112216303850535,0.16406405030738824,0.0004959052280355536
2748,0.6708984375,23.887198671863455,-0.911005116523585,0.1643169991070863,0.0004898520654705862
2749,0.671142578125,23.94138335157533,-0.9107886026621165,0.1645699479068412,0.0004837989029056189
2750,0.67138671875,23.995568031287167,-0.9105720888006481,0.16482289670653927,0.00047774574034065154
2751,0.671630859375,24.04975271099904,-0.9103555749391797,0.16507584550629417,0.0004716925777756842
2752,0.6718749999999999,24.10393739071088,-0.9101390610777115,0.16532879430599223,0.00046563941521071683
2753,0.672119140625,24.160016011479797,-0.9092503632469924,0.1655823761259967,0.00045881144541226604
2754,0.67236328125,24.216094632248712,-0.9083616654162732,0.16583595794600114,0.00045198347561381524
2755,0.672607421875,24.272173253017595,-0.9074729675855547,0.1660895397660056,0.00044515550581536445
2756,0.6728515625,24.328251873786513,-0.9065842697548355,0.1663431215860669,0.00043832753601691365
2757,0.6730957031249999,24.384330494555403,-0.905695571924117,0.16659670340607136,0.00043149956621846286
2758,0.67333984375,24.44040911532432,-0.904806874093398,0.1668502852260758,0.00042467159642001207
2759,0.673583984375,24.496487736093236,-0.9039181762626789,0.16710386704608027,0.00041784362662156127
2760,0.673828125,24.552566356862123,-0.9030294784319602,0.16735744886608472,0.0004110156568231105
2761,0.674072265625,24.608644977631037,-0.9021407806012413,0.16761103068608918,0.0004041876870246597
2762,0.6743164062499999,24.66472359839992,-0.9012520827705226,0.16786461250615048,0.0003973597172262089
2763,0.674560546875,24.72080221916884,-0.9003633849398036,0.16811819432615493,0.0003905317474277581
2764,0.6748046875,24.776880839937757,-0.8994746871090844,0.1683717761461594,0.0003837037776293073
2765,0.675048828125,24.83295946070664,-0.8985859892783659,0.16862535796616385,0.0003768758078308565
2766,0.67529296875,24.889038081475558,-0.8976972914476468,0.1688789397861683,0.0003700478380324057
2767,0.6755371093749999,24.945116702244444,-0.8968085936169281,0.16913252160617276,0.0003632198682339549
2768,0.67578125,25.00119532301336,-0.8959198957862091,0.16938610342617721,0.0003563918984355041
2769,0.676025390625,25.057273943782278,-0.8950311979554901,0.16963968524623851,0.0003495639286370533
2770,0.67626953125,25.113352564551164,-0.8941425001247715,0.16989326706624297,0.00034273595883860253
2771,0.676513671875,25.16943118532008,-0.8932538022940525,0.17014684888624743,0.00033590798904015173
2772,0.6767578124999999,25.225509806088965,-0.8923651044633338,0.17040043070625188,0.00032908001924170094
2773,0.677001953125,25.28158842685788,-0.8914764066326146,0.17065401252625634,0.00032225204944325014
2774,0.67724609375,25.337667047626798,-0.8905877088018956,0.1709075943462608,0.00031542407964479935
2775,0.677490234375,25.393745668395685,-0.889699010971177,0.1711611761663221,0.00030859610984634855
2776,0.677734375,25.449824289164603,-0.888810313140458,0.17141475798632655,0.00030176814004789776
2777,0.6779785156249999,25.505902909933486,-0.8879216153097393,0.171668339806331,0.00029494017024944696
2778,0.67822265625,25.562727463285906,-0.8867099465296147,0.17192201865094603,0.00028781695124280304
2779,0.678466796875,25.620670915513585,-0.8850138213253806,0.17217584303256217,0.0002802508583954477
2780,0.6787109375,25.678614367741233,-0.8833176961211475,0.17242966741412147,0.0002726847655480924
2781,0.678955078125,25.736557819968912,-0.8816215709169133,0.1726834917957376,0.0002651186727007371
2782,0.6791992187499999,25.794501272196555,-0.8799254457126802,0.1729373161772969,0.00025755257985338176
2783,0.679443359375,25.852444724424235,-0.8782293205084462,0.17319114055891305,0.00024998648700602644
2784,0.6796875,25.910388176651914,-0.8765331953042121,0.17344496494047235,0.00024242039415867112
2785,0.679931640625,25.968331628879564,-0.8748370700999788,0.1736987893220885,0.0002348543013113158
2786,0.68017578125,26.02627508110724,-0.8731409448957448,0.17395261370370463,0.00022728820846396047
2787,0.6804199218749999,26.084218533334884,-0.8714448196915117,0.17420643808526393,0.00021972211561660515
2788,0.6806640625,26.142161985562563,-0.8697486944872777,0.17446026246688007,0.00021215602276924983
2789,0.680908203125,26.200105437790246,-0.8680525692830434,0.17471408684843936,0.0002045899299218945
2790,0.68115234375,26.258048890017893,-0.8663564440788104,0.1749679112300555,0.0001970238370745392
2791,0.681396484375,26.315992342245572,-0.8646603188745762,0.1752217356116148,0.00018945774422718387
2792,0.6816406249999999,26.373935794473216,-0.862964193670343,0.17547555999323095,0.00018189165137982855
2793,0.681884765625,26.431879246700895,-0.861268068466109,0.17572938437479024,0.00017432555853247322
2794,0.68212890625,26.489822698928574,-0.8595719432618748,0.17598320875640638,0.0001667594656851179
2795,0.682373046875,26.54776615115622,-0.8578758180576418,0.17623703313796568,0.00015919337283776258
2796,0.6826171875,26.605709603383904,-0.8561796928534077,0.17649085751958182,0.00015162727999040726
2797,0.6828613281249999,26.663653055611547,-0.8544835676491745,0.17674468190114112,0.00014406118714305194
2798,0.68310546875,26.721596507839223,-0.8527874424449404,0.17699850628275726,0.00013649509429569662
2799,0.683349609375,26.779539960066902,-0.8510913172407064,0.17725233066431656,0.0001289290014483413
2800,0.68359375,26.837483412294553,-0.8493951920364732,0.1775061550459327,0.0001213629086578294
2801,0.683837890625,26.895426864522232,-0.8476990668322391,0.177759979427492,0.00011379681581047407
2802,0.6840820312499999,26.953370316749876,-0.8460029416280059,0.17801380380910814,0.00010623072296311875
2803,0.684326171875,27.011313768977555,-0.8443068164237719,0.17826762819066744,9.866463011576343e-05
2804,0.6845703125,27.070713422398022,-0.8418485395494404,0.1785212852439031,9.05586699673222e-05
2805,0.684814453125,27.130477126116656,-0.8391997247575859,0.17877490046498679,8.231774302203121e-05
2806,0.68505859375,27.190240829835325,-0.8365509099657297,0.17902851568612732,7.407681613358363e-05
2807,0.6853027343749999,27.250004533553955,-0.8339020951738749,0.179282130907211,6.583588918829264e-05
2808,0.685546875,27.30976823727262,-0.831253280382019,0.1795357461282947,5.7594962243001646e-05
2809,0.685791015625,27.36953194099129,-0.8286044655901628,0.17978936134943524,4.935403529771065e-05
2810,0.68603515625,27.429295644709924,-0.8259556507983081,0.18004297657051893,4.111310840926308e-05
2811,0.686279296875,27.48905934842859,-0.8233068360064518,0.18029659179165947,3.287218146397208e-05
2812,0.6865234374999999,27.548823052147224,-0.8206580212145973,0.18055020701274316,2.463125451868109e-05
2813,0.686767578125,27.60858675586589,-0.8180092064227411,0.18080382223382685,1.6390327573390095e-05
2814,0.68701171875,27.66835045958456,-0.8153603916308849,0.18105743745496738,8.14940068494252e-06
2815,0.687255859375,27.72811416330319,-0.8127115768390304,0.18131105267605108,-9.152626034847344e-08
2816,0.6875,27.787877867021855,-0.8100627620471742,0.1815646678971916,-8.332453205639467e-06
2817,0.6877441406249999,27.847641570740496,-0.8074139472553196,0.1818182831182753,-1.657338015093046e-05
2818,0.68798828125,27.907405274459162,-0.8047651324634634,0.182071898339359,-2.4814307096221455e-05
2819,0.688232421875,27.96716897817782,-0.8021163176716073,0.18232551356049953,-3.305523398466903e-05
2820,0.6884765625,28.02693268189646,-0.7994675028797525,0.18257912878158322,-4.1296160929960024e-05
2821,0.688720703125,28.08669638561513,-0.7968186880878965,0.1828327440026669,-4.953708787525102e-05
2822,0.6889648437499999,28.146460089333758,-0.7941698732960418,0.18308635922380745,-5.777801482054201e-05
2823,0.689208984375,28.20622379305243,-0.7915210585041855,0.18333997444489114,-6.601894170898959e-05
2824,0.689453125,28.265987496771096,-0.7888722437123294,0.18359358966603168,-7.425986865428058e-05
2825,0.689697265625,28.325751200489727,-0.7862234289204748,0.18384720488711537,-8.250079559957157e-05
2826,0.68994140625,28.385514904208396,-0.7835746141286187,0.18410082010819906,-9.074172254486257e-05
2827,0.6901855468749999,28.445278607927026,-0.780925799336764,0.1843544353293396,-9.898264943331014e-05
2828,0.6904296875,28.505042311645692,-0.7782769845449079,0.18460805055042329,-0.00010722357637860114
2829,0.690673828125,28.56515778753826,-0.7754070861213884,0.18486152185562332,-0.0001155805064740889
2830,0.69091796875,28.62668035212638,-0.77165285317122,0.1851144174972319,-0.00012440144905667694
2831,0.691162109375,28.68820291671454,-0.7678986202210494,0.18536731313878363,-0.00013322239163926497
2832,0.6914062499999999,28.749725481302665,-0.764144387270881,0.18562020878033536,-0.000142043334221853
2833,0.691650390625,28.811248045890824,-0.7603901543207104,0.18587310442194394,-0.00015086427680444103
2834,0.69189453125,28.872770610478984,-0.7566359213705398,0.18612600006349567,-0.00015968521944387248
2835,0.692138671875,28.934293175067108,-0.7528816884203714,0.1863788957050474,-0.00016850616202646052
2836,0.6923828125,28.995815739655267,-0.7491274554702008,0.18663179134665597,-0.00017732710460904855
2837,0.6926269531249999,29.057338304243387,-0.7453732225200322,0.1868846869882077,-0.00018614804719163658
2838,0.69287109375,29.11886086883155,-0.7416189895698617,0.18713758262981628,-0.0001949689897742246
2839,0.693115234375,29.180383433419703,-0.7378647566196912,0.187390478271368,-0.00020378993241365606
2840,0.693359375,29.241905998007823,-0.7341105236695227,0.18764337391291974,-0.0002126108749962441
2841,0.693603515625,29.303428562595982,-0.7303562907193522,0.18789626955452832,-0.00022143181757883212
2842,0.6938476562499999,29.364951127184106,-0.7266020577691836,0.18814916519608005,-0.00023025276016142016
2843,0.694091796875,29.426473691772266,-0.7228478248190131,0.18840206083763178,-0.0002390737027440082
2844,0.6943359375,29.487996256360425,-0.7190935918688425,0.18865495647924035,-0.00024789464538343964
2845,0.694580078125,29.54951882094855,-0.7153393589186741,0.18890785212079209,-0.00025671558796602767
2846,0.69482421875,29.61104138553671,-0.7115851259685034,0.18916074776240066,-0.0002655365305486157
2847,0.6950683593749999,29.67256395012483,-0.7078308930183351,0.1894136434039524,-0.00027435747313120373
2848,0.6953125,29.734086514712992,-0.7040766600681644,0.18966653904550412,-0.0002831784157706352
2849,0.695556640625,29.795609079301148,-0.7003224271179938,0.1899194346871127,-0.0002919993583532232
2850,0.69580078125,29.85713164388927,-0.6965681941678253,0.19017233032866443,-0.00030082030093581125
2851,0.696044921875,29.918654208477427,-0.6928139612176548,0.19042522597021616,-0.0003096412435183993
2852,0.6962890624999999,29.980176773065555,-0.6890597282674863,0.19067812161182474,-0.0003184621861009873
2853,0.696533203125,30.04169933765371,-0.6853054953173158,0.19093101725337647,-0.00032728312874041876
2854,0.69677734375,30.103221902241867,-0.6815512623671452,0.1911839128949282,-0.0003361040713230068
2855,0.697021484375,30.165751968108314,-0.6770398063603964,0.19143603826006483,-0.00034519410002076256
2856,0.697265625,30.22895370149368,-0.6720235349825919,0.19168765010749667,-0.0003544635194430157
2857,0.6975097656249999,30.29215543487901,-0.66700726360479,0.1919392619549285,-0.0003637329388084254
2858,0.69775390625,30.355357168264376,-0.6619909922269854,0.19219087380236033,-0.0003730023582306785
2859,0.697998046875,30.418558901649746,-0.6569747208491808,0.19244248564979216,-0.00038227177765293163
2860,0.6982421875,30.481760635035076,-0.6519584494713792,0.192694097497224,-0.00039154119707518475
2861,0.698486328125,30.544962368420443,-0.6469421780935745,0.19294570934465582,-0.0004008106164974379
2862,0.6987304687499999,30.608164101805766,-0.6419259067157728,0.19319732119208766,-0.000410080035919691
2863,0.698974609375,30.671365835191132,-0.6369096353379681,0.1934489330395195,-0.0004193494553419441
2864,0.69921875,30.734567568576505,-0.6318933639601636,0.19370054488700816,-0.00042861887476419724
2865,0.699462890625,30.797769301961832,-0.6268770925823617,0.19395215673444,-0.00043788829418645037
2866,0.69970703125,30.860971035347198,-0.6218608212045571,0.19420376858187183,-0.0004471577136087035
2867,0.6999511718749999,30.92417276873253,-0.6168445498267554,0.19445538042930366,-0.0004564271330309566
2868,0.7001953125,30.9873745021179,-0.6118282784489508,0.1947069922767355,-0.00046569655245320973
2869,0.700439453125,31.05057623550326,-0.6068120070711461,0.19495860412416732,-0.00047496597187546286
2870,0.70068359375,31.11377796888859,-0.6017957356933444,0.19521021597159915,-0.000484235391297716
2871,0.700927734375,31.176979702273957,-0.5967794643155399,0.195461827819031,-0.0004935048107199691
2872,0.7011718749999999,31.240181435659284,-0.591763192937738,0.19571343966646282,-0.0005027742300853788
2873,0.701416015625,31.303383169044658,-0.5867469215599335,0.19596505151389465,-0.0005120436495076319
2874,0.70166015625,31.366584902430024,-0.5817306501821288,0.19621666336132648,-0.000521313068929885
2875,0.701904296875,31.42978663581535,-0.5767143788043271,0.19646827520881516,-0.0005305824883521382
2876,0.7021484375,31.492988369200713,-0.5716981074265224,0.196719887056247,-0.0005398519077743913
2877,0.7023925781249999,31.55619010258604,-0.5666818360487207,0.19697149890367882,-0.0005491213271966444
2878,0.70263671875,31.619391835971413,-0.5616655646709161,0.19722311075111065,-0.0005583907466188975
2879,0.702880859375,31.68259356935678,-0.5566492932931115,0.19747472259854248,-0.0005676601660411507
2880,0.703125,31.745795302742106,-0.5516330219153097,0.19772633444597432,-0.0005769295854634038
2881,0.703369140625,31.810576539197083,-0.5451989589178549,0.1979760518781859,-0.000586473879195637
2882,0.7036132812499999,31.875357775652017,-0.5387648959204036,0.19822576931039748,-0.0005960181729278702
2883,0.703857421875,31.940139012106993,-0.5323308329229486,0.19847548674255222,-0.0006055624667169468
2884,0.7041015625,32.004920248561966,-0.5258967699254938,0.1987252041747638,-0.00061510676044918
2885,0.704345703125,32.0697014850169,-0.5194627069280425,0.19897492160697539,-0.0006246510541814132
2886,0.70458984375,32.13448272147187,-0.5130286439305877,0.19922463903918697,-0.0006341953479136464
2887,0.7048339843749999,32.19926395792681,-0.5065945809331364,0.1994743564713417,-0.0006437396416458796
2888,0.705078125,32.26404519438178,-0.5001605179356815,0.1997240739035533,-0.0006532839353781128
2889,0.705322265625,32.328826430836756,-0.49372645493822664,0.19997379133576487,-0.0006628282291671894
2890,0.70556640625,32.39360766729169,-0.4872923919407754,0.20022350876797645,-0.0006723725228994226
2891,0.705810546875,32.458388903746666,-0.48085832894332053,0.20047322620018804,-0.0006819168166316558
2892,0.7060546874999999,32.5231701402016,-0.4744242659458693,0.20072294363234278,-0.000691461110363889
2893,0.706298828125,32.58795137665658,-0.46799020294841437,0.20097266106455436,-0.0007010054040961222
2894,0.70654296875,32.652732613111546,-0.4615561399509594,0.20122237849676594,-0.0007105496978283554
2895,0.706787109375,32.71751384956649,-0.45512207695350815,0.20147209592897752,-0.000720093991617432
2896,0.70703125,32.782295086021456,-0.44868801395605334,0.20172181336113226,-0.0007296382853496652
2897,0.7072753906249999,32.8470763224764,-0.4422539509586021,0.20197153079334385,-0.0007391825790818984
2898,0.70751953125,32.911857558931366,-0.4358198879611472,0.20222124822555543,-0.0007487268728141316
2899,0.707763671875,32.97663879538634,-0.42938582496369226,0.202470965657767,-0.0007582711665463648
2900,0.7080078125,33.04142003184128,-0.422951761966241,0.2027206830899786,-0.000767815460278598
2901,0.708251953125,33.106201268296246,-0.41651769896878615,0.20297040052213333,-0.0007773597540676747
2902,0.7084960937499999,33.17098250475119,-0.4100836359713349,0.20322011795434491,-0.0007869040477999079
2903,0.708740234375,33.235763741206156,-0.40364957297388004,0.2034698353865565,-0.0007964483415321411
2904,0.708984375,33.300544977661126,-0.39721550997642513,0.20371955281876808,-0.0008059926352643743
2905,0.709228515625,33.36532621411607,-0.3907814469789738,0.20396927025097966,-0.0008155369289966075
2906,0.70947265625,33.43069064295866,-0.38372075628492874,0.2042179710676919,-0.0008251027684877954
2907,0.7097167968749999,33.49692986038264,-0.375720124046001,0.20446514696118356,-0.0008347009265889938
2908,0.7099609375,33.56316907780666,-0.3677194918070687,0.20471232285467522,-0.0008442990847470355
2909,0.710205078125,33.62940829523068,-0.3597188595681365,0.20495949874822372,-0.0008538972428482339
2910,0.71044921875,33.695647512654666,-0.35171822732920877,0.20520667464171538,-0.0008634954009494322
2911,0.710693359375,33.761886730078686,-0.34371759509027644,0.20545385053520704,-0.0008730935590506306
2912,0.7109374999999999,33.82812594750266,-0.3357169628513487,0.20570102642875554,-0.0008826917171518289
2913,0.711181640625,33.89436516492668,-0.32771633061241645,0.2059482023222472,-0.0008922898753098707
2914,0.71142578125,33.9606043823507,-0.3197156983734841,0.20619537821573886,-0.000901888033411069
2915,0.711669921875,34.026843599774686,-0.3117150661345564,0.20644255410928736,-0.0009114861915122674
2916,0.7119140625,34.093082817198706,-0.30371443389562414,0.20668973000277902,-0.0009210843496134657
2917,0.7121582031249999,34.15932203462269,-0.29571380165669636,0.20693690589627067,-0.0009306825077715075
2918,0.71240234375,34.22556125204671,-0.2877131694177641,0.20718408178981917,-0.0009402806658727059
2919,0.712646484375,34.29180046947073,-0.2797125371788318,0.20743125768331083,-0.0009498788239739042
2920,0.712890625,34.35803968689471,-0.2717119049399041,0.2076784335768025,-0.0009594769820751026
2921,0.713134765625,34.42427890431873,-0.2637112727009718,0.207925609470351,-0.0009690751401763009
2922,0.7133789062499999,34.49051812174272,-0.25571064046204406,0.20817278536384265,-0.0009786732983343427
2923,0.713623046875,34.55675733916674,-0.2477100082231118,0.2084199612573343,-0.000988271456435541
2924,0.7138671875,34.622996556590756,-0.23970937598417952,0.2086671371508828,-0.0009978696145367394
2925,0.714111328125,34.68923577401473,-0.23170874374525177,0.20891431304437447,-0.0010074677726379377
2926,0.71435546875,34.75547499143875,-0.2237081115063195,0.20916148893786612,-0.001017065930739136
2927,0.7145996093749999,34.82171420886273,-0.21570747926739178,0.20940866483141463,-0.0010266640888971779
2928,0.71484375,34.88795342628676,-0.20770684702845948,0.20965584072490628,-0.0010362622469983762
2929,0.715087890625,34.954192643710776,-0.19970621478952721,0.20990301661839794,-0.0010458604050995746
2930,0.71533203125,35.02043186113475,-0.19170558255059947,0.21015019251194644,-0.001055458563200773
2931,0.715576171875,35.08667107855878,-0.18370495031166717,0.2103973684054381,-0.0010650567213019713
2932,0.7158203124999999,35.15396028433802,-0.17434371960113482,0.21064197400090734,-0.001074479117107785
2933,0.716064453125,35.2215119872061,-0.16464233927269606,0.21088593702188518,-0.0010838575723255417
2934,0.71630859375,35.28906369007419,-0.15494095894425727,0.21112990004286303,-0.001093236027486455
2935,0.716552734375,35.35661539294224,-0.145239578615824,0.21137386306384087,-0.0011026144827042117
2936,0.716796875,35.424167095810326,-0.13553819828738523,0.21161782608481872,-0.0011119929379219684
2937,0.7170410156249999,35.49171879867838,-0.125836817958952,0.21186178910579656,-0.0011213713930828817
2938,0.71728515625,35.55927050154646,-0.11613543763051322,0.2121057521267744,-0.0011307498483006384
2939,0.717529296875,35.62682220441455,-0.10643405730207445,0.21234971514775225,-0.0011401283035183951
2940,0.7177734375,35.694373907282596,-0.09673267697364117,0.2125936781687301,-0.0011495067586793084
2941,0.718017578125,35.76192561015068,-0.0870312966452024,0.21283764118970794,-0.0011588852138970651
2942,0.7182617187499999,35.829477313018735,-0.07732991631676914,0.21308160421068578,-0.0011682636691148218
2943,0.718505859375,35.89702901588682,-0.06762853598833035,0.21332556723166363,-0.0011776421242757351
2944,0.71875,35.96458071875491,-0.05792715565989159,0.21356953025269831,-0.0011870205794934918
2945,0.718994140625,36.032132421622954,-0.048225775331458325,0.21381349327367616,-0.0011963990347112485
2946,0.71923828125,36.09968412449105,-0.03852439500301954,0.214057456294654,-0.0012057774898721618
2947,0.7194824218749999,36.16723582735909,-0.02882301467458628,0.21430141931563185,-0.0012151559450899185
2948,0.7197265625,36.23478753022719,-0.01912163434614751,0.2145453823366097,-0.0012245344003076752
2949,0.719970703125,36.302339233095275,-0.009420254017708735,0.21478934535758754,-0.0012339128554685885
2950,0.72021484375,36.369890935963326,0.0002811263107245291,0.21503330837856538,-0.0012432913106863452
2951,0.720458984375,36.437442638831406,0.009982506639163303,0.21527727139954322,-0.001252669765904102
2952,0.7207031249999999,36.50499434169946,0.019683886967596567,0.21552123442052107,-0.0012620482210650152
2953,0.720947265625,36.57254604456755,0.029385267296035338,0.2157651974414989,-0.001271426676282772
2954,0.72119140625,36.64009774743563,0.039086647624474086,0.21600916046247676,-0.0012808051315005287
2955,0.721435546875,36.707649450303684,0.048788027952907376,0.2162531234834546,-0.001290183586661442
2956,0.7216796875,36.775201153171764,0.05848940828134615,0.21649708650443245,-0.0012995620418791987
2957,0.7219238281249999,36.84298098831871,0.0685529948048615,0.2167402707173096,-0.0013088303888366681
2958,0.72216796875,36.91167335258126,0.08006540610871292,0.21698033969778407,-0.0013176583028666755
2959,0.722412109375,36.98036571684381,0.09157781741256434,0.21722040867831538,-0.0013264862168966829
2960,0.72265625,37.04905808110631,0.1030902287164092,0.21746047765878984,-0.0013353141309266903
2961,0.722900390625,37.11775044536886,0.1146026400202606,0.21770054663932115,-0.0013441420449566976
2962,0.7231445312499999,37.186442809631366,0.1261150513241055,0.21794061561985245,-0.001352969958986705
2963,0.723388671875,37.25513517389391,0.1376274626279569,0.2181806846003269,-0.0013617978730167124
2964,0.7236328125,37.32382753815646,0.14913987393180828,0.21842075358085822,-0.0013706257870467198
2965,0.723876953125,37.39251990241897,0.16065228523565317,0.21866082256133268,-0.0013794537010767272
2966,0.72412109375,37.461212266681514,0.1721646965395046,0.21890089154186398,-0.0013882816151067345
2967,0.7243652343749999,37.52990463094402,0.18367710784334948,0.2191409605223953,-0.001397109529136742
2968,0.724609375,37.59859699520657,0.19518951914720084,0.21938102950286975,-0.0014059374431667493
2969,0.724853515625,37.667289359469116,0.20670193045105226,0.21962109848340106,-0.0014147653571967567
2970,0.72509765625,37.73598172373162,0.21821434175489712,0.21986116746387552,-0.001423593271226764
2971,0.725341796875,37.80467408799417,0.2297267530587485,0.22010123644440682,-0.0014324211852567714
2972,0.7255859374999999,37.873366452256676,0.2412391643625934,0.22034130542493813,-0.0014412490992867788
2973,0.725830078125,37.94205881651923,0.25275157566644485,0.2205813744054126,-0.0014500770133167862
2974,0.72607421875,38.01075118078177,0.26426398697029624,0.2208214433859439,-0.0014589049273467936
2975,0.726318359375,38.07944354504428,0.2757763982741411,0.22106151236641836,-0.001467732841376801
2976,0.7265625,38.14813590930682,0.2872888095779925,0.22130158134694966,-0.0014765607554068083
2977,0.7268066406249999,38.216828273569334,0.29880122088183736,0.22154165032748097,-0.0014853886694368157
2978,0.72705078125,38.28552063783187,0.3103136321856888,0.22178171930795543,-0.001494216583466823
2979,0.727294921875,38.35421300209442,0.3218260434895402,0.22202178828848673,-0.0015030444974968304
2980,0.7275390625,38.422905366356936,0.33333845479338503,0.2222618572689612,-0.0015118724115268378
2981,0.727783203125,38.491597730619475,0.34485086609723653,0.2225019262494925,-0.0015207003255568452
2982,0.7280273437499999,38.560290094881985,0.35636327740108137,0.2227419952300238,-0.0015295282395868526
2983,0.728271484375,38.62954640586453,0.3690074688218412,0.2229793227682535,-0.0015377905736499997
2984,0.728515625,38.69917868132708,0.3824061803205404,0.22321482267830106,-0.0015456758544587501
2985,0.728759765625,38.768810956789586,0.39580489181923195,0.22345032258829178,-0.0015535611352675005
2986,0.72900390625,38.83844323225214,0.40920360331793115,0.22368582249833935,-0.001561446416076251
2987,0.7292480468749999,38.90807550771465,0.42260231481662275,0.2239213224083869,-0.0015693316968850013
2988,0.7294921875,38.977707783177195,0.436001026315322,0.22415682231843448,-0.0015772169776937517
2989,0.729736328125,39.04734005863974,0.4493997378140212,0.22439232222848204,-0.001585102258502502
2990,0.72998046875,39.11697233410226,0.46279844931271275,0.2246278221385296,-0.0015929875393112525
2991,0.730224609375,39.1866046095648,0.47619716081141195,0.22486332204857717,-0.0016008728201200029
2992,0.7304687499999999,39.25623688502731,0.48959587231010354,0.22509882195862474,-0.0016087581009287533
2993,0.730712890625,39.325869160489866,0.5029945838088027,0.2253343218686723,-0.0016166433817375037
2994,0.73095703125,39.39550143595242,0.5163932953075019,0.22556982177871987,-0.001624528662546254
2995,0.731201171875,39.46513371141492,0.5297920068061935,0.22580532168876744,-0.0016324139433550044
2996,0.7314453125,39.53476598687747,0.5431907183048927,0.226040821598815,-0.0016402992241637548
2997,0.7316894531249999,39.604398262339984,0.5565894298035843,0.22627632150886257,-0.0016481845049725052
2998,0.73193359375,39.67403053780253,0.5699881413022836,0.22651182141891013,-0.0016560697857812556
2999,0.732177734375,39.743662813265075,0.5833868528009827,0.2267473213289577,-0.001663955066590006
3000,0.732421875,39.81329508872759,0.5967855642996743,0.22698282123894842,-0.0016718403473987564
3001,0.732666015625,39.88292736419014,0.6101842757983735,0.22721832114899598,-0.0016797256282075068
3002,0.7329101562499999,39.95255963965265,0.623582987297065,0.22745382105904355,-0.0016876109090162572
3003,0.733154296875,40.022191915115194,0.6369816987957643,0.2276893209690911,-0.0016954961898250076
3004,0.7333984375,40.091824190577746,0.6503804102944635,0.22792482087913868,-0.001703381470633758
3005,0.733642578125,40.161456466040256,0.663779121793155,0.22816032078918624,-0.0017112667514425084
3006,0.73388671875,40.2310887415028,0.6771778332918542,0.2283958206992338,-0.0017191520322512588
3007,0.7341308593749999,40.30072101696532,0.6905765447905459,0.22863132060928137,-0.0017270373130600092
3008,0.734375,40.370353292427865,0.7039752562892451,0.22886682051932894,-0.0017349225938687596
3009,0.734619140625,40.44069301398682,0.7192874542017403,0.22909709936800482,-0.0017414089961675927
3010,0.73486328125,40.511032735545726,0.7345996521142267,0.22932737821662386,-0.0017478953984095824
3011,0.735107421875,40.58137245710468,0.749911850026722,0.22955765706529974,-0.0017543818007084155
3012,0.7353515624999999,40.651712178663594,0.7652240479392085,0.22978793591391877,-0.0017608682030072487
3013,0.735595703125,40.72205190022254,0.7805362458517037,0.23001821476259465,-0.0017673546053060818
3014,0.73583984375,40.7923916217815,0.7958484437641989,0.23024849361127053,-0.0017738410075480715
3015,0.736083984375,40.8627313433404,0.8111606416766856,0.23047877245988957,-0.0017803274098469046
3016,0.736328125,40.93307106489935,0.8264728395891806,0.23070905130856545,-0.0017868138121457378
3017,0.7365722656249999,41.00341078645827,0.8417850375016671,0.23093933015724133,-0.0017933002143877275
3018,0.73681640625,41.07375050801721,0.8570972354141624,0.23116960900586037,-0.0017997866166865606
3019,0.737060546875,41.144090229576165,0.8724094333266575,0.23139988785453625,-0.0018062730189853937
3020,0.7373046875,41.21442995113509,0.887721631239144,0.23163016670315528,-0.0018127594212273834
3021,0.737548828125,41.284769672694026,0.9030338291516394,0.23186044555183116,-0.0018192458235262166
3022,0.7377929687499999,41.35510939425295,0.9183460270641258,0.23209072440050704,-0.0018257322258250497
3023,0.738037109375,41.4254491158119,0.933658224976621,0.23232100324912608,-0.0018322186281238828
3024,0.73828125,41.495788837370846,0.9489704228891163,0.23255128209780196,-0.0018387050303658725
3025,0.738525390625,41.56612855892976,0.9642826208016027,0.232781560946421,-0.0018451914326647056
3026,0.73876953125,41.63646828048871,0.979594818714098,0.23301183979509688,-0.0018516778349635388
3027,0.7390136718749999,41.70680800204762,0.9949070166265845,0.23324211864377276,-0.0018581642372055285
3028,0.7392578125,41.777147723606575,1.0102192145390796,0.2334723974923918,-0.0018646506395043616
3029,0.739501953125,41.84748744516552,1.0255314124515749,0.23370267634106767,-0.0018711370418031947
3030,0.73974609375,41.917827166724436,1.0408436103640615,0.23393295518974355,-0.0018776234440451844
3031,0.739990234375,41.988166888283395,1.0561558082765565,0.2341632340383626,-0.0018841098463440176
3032,0.7402343749999999,42.0585066098423,1.0714680061890431,0.23439351288703847,-0.0018905962486428507
3033,0.740478515625,42.12884633140125,1.0867802041015384,0.2346237917356575,-0.0018970826509416838
3034,0.74072265625,42.19936219384447,1.1028433885311506,0.23485173738441745,-0.0019028007814085868
3035,0.740966796875,42.27014226761406,1.1200330527364288,0.2350761832333319,-0.0019073665042128596
3036,0.7412109375,42.3409223413837,1.1372227169417168,0.23530062908224636,-0.0019119322270171324
3037,0.7414550781249999,42.41170241515329,1.1544123811469948,0.23552507493116082,-0.0019164979498214052
3038,0.74169921875,42.482482488922926,1.1716020453522826,0.23574952078007527,-0.0019210636725688346
3039,0.741943359375,42.55326256269256,1.1887917095575704,0.23597396662893289,-0.0019256293953731074
3040,0.7421875,42.62404263646216,1.2059813737628486,0.23619841247784734,-0.0019301951181773802
3041,0.742431640625,42.69482271023179,1.2231710379681366,0.2364228583267618,-0.001934760840981653
3042,0.7426757812499999,42.76560278400138,1.2403607021734147,0.23664730417567625,-0.0019393265637859258
3043,0.742919921875,42.83638285777102,1.2575503663787024,0.2368717500245907,-0.0019438922865901986
3044,0.7431640625,42.907162931540654,1.2747400305839902,0.23709619587350517,-0.0019484580093944714
3045,0.743408203125,42.977943005310244,1.2919296947892682,0.23732064172236278,-0.0019530237321987443
3046,0.74365234375,43.04872307907988,1.3091193589945562,0.23754508757127724,-0.001957589455003017
3047,0.7438964843749999,43.119503152849475,1.3263090231998345,0.2377695334201917,-0.0019621551777504465
3048,0.744140625,43.19028322661911,1.3434986874051222,0.23799397926910615,-0.0019667209005547193
3049,0.744384765625,43.26106330038874,1.36068835161041,0.2382184251180206,-0.001971286623358992
3050,0.74462890625,43.33184337415834,1.377878015815688,0.23844287096687822,-0.001975852346163265
3051,0.744873046875,43.40262344792797,1.395067680020976,0.23866731681579267,-0.0019804180689675377
3052,0.7451171874999999,43.47340352169756,1.4122573442262538,0.23889176266470713,-0.0019849837917718105
3053,0.745361328125,43.544183595467196,1.4294470084315418,0.2391162085136216,-0.0019895495145760833
3054,0.74560546875,43.61496366923683,1.4466366726368296,0.23934065436253604,-0.001994115237380356
3055,0.745849609375,43.68574374300642,1.4638263368421076,0.2395651002114505,-0.0019986809601277855
3056,0.74609375,43.75652381677606,1.4810160010473954,0.2397895460603081,-0.0020032466829320583
3057,0.7463378906249999,43.82730389054566,1.4982056652526736,0.24001399190922257,-0.002007812405736331
3058,0.74658203125,43.89808396431528,1.5153953294579616,0.24023843775813702,-0.002012378128540604
3059,0.746826171875,43.96886403808492,1.5325849936632494,0.24046288360705148,-0.0020169438513448767
3060,0.7470703125,44.03975263858889,1.551183449277886,0.2406822185130295,-0.0020195036030941083
3061,0.747314453125,44.11066837077648,1.5701341027448725,0.24090027568325922,-0.002021561862136423
3062,0.7475585937499999,44.18158410296403,1.5890847562118484,0.24111833285354578,-0.002023620121121894
3063,0.747802734375,44.25249983515163,1.6080354096788352,0.2413363900237755,-0.0020256783801642086
3064,0.748046875,44.32341556733922,1.6269860631458222,0.2415544471940052,-0.00202773663914968
3065,0.748291015625,44.394331299526776,1.645936716612798,0.24177250436429176,-0.0020297948981919944
3066,0.74853515625,44.46524703171437,1.6648873700797848,0.24199056153452148,-0.0020318531571774656
3067,0.7487792968749999,44.53616276390193,1.683838023546761,0.2422086187047512,-0.0020339114162197802
3068,0.7490234375,44.60707849608952,1.7027886770137477,0.24242667587503774,-0.0020359696752052514
3069,0.749267578125,44.677994228277115,1.7217393304807342,0.24264473304526746,-0.002038027934247566
3070,0.74951171875,44.748909960464665,1.7406899839477101,0.24286279021549717,-0.002040086193233037
3071,0.749755859375,44.819825692652266,1.759640637414697,0.24308084738578373,-0.002042144452275352
3072,0.7500000000000001,44.89074142483986,1.7785912908816839,0.24329890455601344,-0.002044202711260823
3073,0.750244140625,44.96165715702742,1.7975419443486595,0.24351696172624315,-0.002046260970246294
3074,0.75048828125,45.03257288921501,1.8164925978156465,0.2437350188965297,-0.0020483192292886088
3075,0.750732421875,45.10348862140257,1.8354432512826224,0.24395307606675942,-0.00205037748827408
3076,0.7509765625,45.17440435359016,1.8543939047496094,0.24417113323698914,-0.0020524357473163946
3077,0.7512207031250001,45.24532008577776,1.8733445582165957,0.2443891904072757,-0.0020544940063018657
3078,0.75146484375,45.316235817965314,1.8922952116835723,0.2446072475775054,-0.0020565522653441803
3079,0.751708984375,45.38715155015291,1.9112458651505586,0.24482530474773512,-0.0020586105243296515
3080,0.751953125,45.45806728234046,1.9301965186175345,0.24504336191802167,-0.002060668783371966
3081,0.752197265625,45.52898301452806,1.9491471720845215,0.2452614190882514,-0.0020627270423574373
3082,0.7524414062500001,45.599898746715645,1.968097825551508,0.2454794762584811,-0.002064785301399752
3083,0.752685546875,45.67081447890321,1.9870484790184841,0.24569753342876766,-0.002066843560385223
3084,0.7529296875,45.7417302110908,2.0059991324854707,0.24591559059899737,-0.0020689018194275377
3085,0.753173828125,45.81260407005268,2.0252587143562426,0.24613227303848362,-0.0020703288518006957
3086,0.75341796875,45.88331043611187,2.045754009842211,0.24634345655482548,-0.002069230977838288
3087,0.7536621093750001,45.95401680217106,2.066249305328179,0.24655464007116734,-0.0020681331038190365
3088,0.75390625,46.02472316823021,2.086744600814136,0.24676582358745236,-0.0020670352298566286
3089,0.754150390625,46.095429534289394,2.107239896300104,0.24697700710379422,-0.0020659373558373773
3090,0.75439453125,46.16613590034855,2.1277351917860607,0.24718819062013608,-0.0020648394818749694
3091,0.754638671875,46.23684226640774,2.1482304872720293,0.24739937413647795,-0.002063741607855718
3092,0.7548828125000001,46.30754863246693,2.1687257827579973,0.2476105576528198,-0.00206264373389331
3093,0.755126953125,46.37825499852609,2.189221078243954,0.24782174116916167,-0.002061545859874059
3094,0.75537109375,46.44896136458528,2.2097163737299224,0.24803292468550353,-0.002060447985911651
3095,0.755615234375,46.51966773064442,2.230211669215879,0.2482441082018454,-0.002059350111949243
3096,0.755859375,46.59037409670361,2.2507069647018474,0.24845529171818725,-0.0020582522379299917
3097,0.7561035156250001,46.661080462762804,2.2712022601878155,0.24866647523452912,-0.0020571543639675838
3098,0.75634765625,46.73178682882195,2.291697555673772,0.24887765875087098,-0.0020560564899483325
3099,0.756591796875,46.80249319488115,2.3121928511597405,0.249088842267156,-0.0020549586159859246
3100,0.7568359375,46.87319956094031,2.332688146645697,0.24930002578349786,-0.0020538607419666732
3101,0.757080078125,46.94390592699949,2.3531834421316655,0.24951120929983972,-0.0020527628680042653
3102,0.7573242187500001,47.01461229305869,2.3736787376176336,0.24972239281618158,-0.002051664993985014
3103,0.757568359375,47.08531865911783,2.39417403310359,0.24993357633252344,-0.002050567120022606
3104,0.7578125,47.15602502517702,2.4146693285895586,0.2501447598488653,-0.002049469246003355
3105,0.758056640625,47.22673139123618,2.435164624075515,0.25035594336520717,-0.002048371372040947
3106,0.75830078125,47.29743775729536,2.4556599195614837,0.25056712688154903,-0.0020472734980216956
3107,0.7585449218750001,47.36814412335456,2.4761552150474517,0.2507783103978909,-0.0020461756240592877
3108,0.7587890625,47.43885048941371,2.4966505105334083,0.25098949391423275,-0.0020450777500400363
3109,0.759033203125,47.5095568554729,2.5171458060193768,0.2512006774305746,-0.0020439798760776284
3110,0.75927734375,47.58026322153205,2.5376411015053333,0.25141186094685963,-0.002042882002058377
3111,0.759521484375,47.65061118445172,2.5588605098931057,0.25161867876698807,-0.0020394678638808728
3112,0.7597656250000001,47.72072021194504,2.5805626602154135,0.25182258612289843,-0.0020345095495599708
3113,0.760009765625,47.79082923943832,2.6022648105377097,0.2520264934788088,-0.0020295512352390688
3114,0.76025390625,47.86093826693164,2.623966960860018,0.252230400834776,-0.0020245929209181668
3115,0.760498046875,47.93104729442492,2.645669111182314,0.25243430819068635,-0.002019634606597265
3116,0.7607421875,48.00115632191824,2.667371261504622,0.2526382155465967,-0.002014676292276363
3117,0.7609863281250001,48.07126534941156,2.68907341182693,0.2528421229025639,-0.002009717977955461
3118,0.76123046875,48.14137437690484,2.7107755621492258,0.2530460302584743,-0.002004759663634559
3119,0.761474609375,48.21148340439816,2.732477712471534,0.25324993761438463,-0.001999801349313657
3120,0.76171875,48.28159243189144,2.75417986279383,0.25345384497035184,-0.001994843034992755
3121,0.761962890625,48.35170145938476,2.775882013116138,0.2536577523262622,-0.001989884720671853
3122,0.7622070312500001,48.42181048687809,2.797584163438446,0.25386165968217256,-0.001984926406350951
3123,0.762451171875,48.49191951437136,2.8192863137607422,0.25406556703813976,-0.001979968092030049
3124,0.7626953125,48.56202854186469,2.84098846408305,0.2542694743940501,-0.001975009777709147
3125,0.762939453125,48.632137569357965,2.862690614405346,0.2544733817499605,-0.001970051463388245
3126,0.76318359375,48.70224659685129,2.884392764727654,0.2546772891059277,-0.0019650931490104995
3127,0.7634277343750001,48.77235562434461,2.906094915049962,0.25488119646183804,-0.0019601348346895975
3128,0.763671875,48.842464651837886,2.9277970653722583,0.2550851038177484,-0.0019551765203686955
3129,0.763916015625,48.91257367933121,2.949499215694566,0.2552890111737156,-0.0019502182060477935
3130,0.76416015625,48.98268270682449,2.971201366016863,0.25549291852962597,-0.0019452598917268915
3131,0.764404296875,49.05279173431781,2.9929035163391706,0.2556968258855363,-0.0019403015774059895
3132,0.7646484375000001,49.12290076181113,3.014605666661479,0.25590073324150353,-0.0019353432630850875
3133,0.764892578125,49.19300978930441,3.0363078169837747,0.2561046405974139,-0.0019303849487641855
3134,0.76513671875,49.26311881679773,3.0580099673060825,0.25630854795332425,-0.0019254266344432835
3135,0.765380859375,49.33322784429101,3.079712117628379,0.25651245530929145,-0.0019204683201223816
3136,0.765625,49.40333687178433,3.1014142679506866,0.2567163626652018,-0.0019155100058014796
3137,0.7658691406250001,49.472415785382765,3.123840431813418,0.25691268212170826,-0.0019059414042885692
3138,0.76611328125,49.54149469898116,3.146266595676136,0.2571090015782147,-0.0018963728027756588
3139,0.766357421875,49.61057361257959,3.1686927595388674,0.257305321034778,-0.0018868042012627484
3140,0.7666015625,49.679652526177975,3.191118923401586,0.25750164049128443,-0.001877235599749838
3141,0.766845703125,49.74873143977641,3.2135450872643174,0.2576979599477909,-0.0018676669982369276
3142,0.7670898437500001,49.817810353374846,3.2359712511270486,0.2578942794042973,-0.0018580983967240172
3143,0.767333984375,49.88688926697324,3.2583974149897665,0.25809059886080377,-0.0018485297952111068
3144,0.767578125,49.95596818057167,3.2808235788524978,0.25828691831736705,-0.0018389611936981964
3145,0.767822265625,50.02504709417007,3.3032497427152165,0.2584832377738735,-0.001829392592185286
3146,0.76806640625,50.0941260077685,3.3256759065779478,0.25867955723037994,-0.0018198239906723757
3147,0.7683105468750001,50.16320492136693,3.348102070440679,0.2588758766868864,-0.0018102553891594653
3148,0.7685546875,50.23228383496533,3.370528234303397,0.25907219614339283,-0.0018006867876465549
3149,0.768798828125,50.30136274856376,3.392954398166128,0.2592685155999561,-0.0017911181861336445
3150,0.76904296875,50.37044166216214,3.415380562028847,0.25946483505646256,-0.001781549584620734
3151,0.769287109375,50.43952057576058,3.437806725891578,0.259661154512969,-0.0017719809831078237
3152,0.7695312500000001,50.508599489359014,3.4602328897543093,0.25985747396947545,-0.0017624123815949133
3153,0.769775390625,50.57767840295741,3.482659053617027,0.2600537934259819,-0.001752843780082003
3154,0.77001953125,50.64675731655584,3.505085217479759,0.2602501128825452,-0.0017432751785690925
3155,0.770263671875,50.71583623015424,3.527511381342477,0.2604464323390516,-0.0017337065770561821
3156,0.7705078125,50.78491514375267,3.549937545205208,0.26064275179555807,-0.0017241379755432718
3157,0.7707519531250001,50.8539940573511,3.5723637090679397,0.2608390712520645,-0.0017145693740303614
3158,0.77099609375,50.9230729709495,3.594789872930658,0.26103539070857096,-0.001705000772517451
3159,0.771240234375,50.99215188454793,3.6172160367933888,0.26123171016513425,-0.0016954321710045406
3160,0.771484375,51.06123079814632,3.6396422006561076,0.2614280296216407,-0.0016858635694916302
3161,0.771728515625,51.13030971174475,3.6620683645188388,0.26162434907814713,-0.0016762949679787198
3162,0.7719726562500001,51.198785088743264,3.6845227033993533,0.2618175466868138,-0.001664569991874032
3163,0.772216796875,51.266355160841854,3.7070193048065323,0.2620060615236639,-0.0016496104538532563
3164,0.7724609375,51.33392523294048,3.7295159062137238,0.262194576360514,-0.001634650915889324
3165,0.772705078125,51.40149530503907,3.752012507620902,0.26238309119736414,-0.0016196913779253919
3166,0.77294921875,51.4690653771377,3.774509109028094,0.2625716060341574,-0.0016047318399046162
3167,0.7731933593750001,51.53663544923633,3.797005710435285,0.26276012087100753,-0.001589772301940684
3168,0.7734375,51.60420552133492,3.8195023118424634,0.26294863570785765,-0.0015748127639199083
3169,0.773681640625,51.671775593433544,3.841998913249654,0.26313715054470777,-0.001559853225955976
3170,0.77392578125,51.739345665532134,3.8644955146568325,0.2633256653815579,-0.0015448936879352004
3171,0.774169921875,51.80691573763076,3.8869921160640235,0.263514180218408,-0.0015299341499712682
3172,0.7744140625000001,51.874485809729386,3.9094887174712145,0.2637026950552581,-0.001514974612007336
3173,0.774658203125,51.942055881827976,3.9319853188783935,0.26389120989210824,-0.0015000150739865603
3174,0.77490234375,52.00962595392661,3.9544819202855845,0.26407972472895835,-0.001485055536022628
3175,0.775146484375,52.077196026025206,3.976978521692763,0.26426823956580847,-0.0014700959980018524
3176,0.775390625,52.144766098123824,3.9994751230999537,0.2644567544026586,-0.0014551364600379202
3177,0.7756347656250001,52.21233617022245,4.021971724507146,0.26464526923945186,-0.0014401769220171445
3178,0.77587890625,52.27990624232104,4.044468325914324,0.264833784076302,-0.0014252173840532123
3179,0.776123046875,52.34747631441967,4.066964927321515,0.2650222989131521,-0.00141025784608928
3180,0.7763671875,52.41504638651826,4.089461528728694,0.2652108137500022,-0.0013952983080685044
3181,0.776611328125,52.48261645861689,4.111958130135885,0.26539932858685233,-0.0013803387701045722
3182,0.7768554687500001,52.55018653071551,4.134454731543076,0.26558784342370245,-0.0013653792320837965
3183,0.777099609375,52.61775660281411,4.156951332950254,0.26577635826055257,-0.0013504196941198643
3184,0.77734375,52.68532667491274,4.179447934357445,0.2659648730974027,-0.0013354601560990886
3185,0.777587890625,52.75289674701133,4.201944535764624,0.2661533879342528,-0.0013205006181351564
3186,0.77783203125,52.82046681910995,4.224441137171815,0.2663419027711029,-0.0013055410801712242
3187,0.7780761718750001,52.888036891208586,4.246937738579007,0.26653041760795304,-0.0012905815421504485
3188,0.7783203125,52.95398012775361,4.268809335517667,0.2667125913034738,-0.0012706763000664978
3189,0.778564453125,53.0195166554103,4.290524681339209,0.2668931797137475,-0.001249534631995175
3190,0.77880859375,53.08505318306694,4.3122400271607395,0.26707376812396433,-0.0012283929639238522
3191,0.779052734375,53.15058971072361,4.333955372982283,0.267254356534238,-0.0012072512958525294
3192,0.7792968750000001,53.21612623838029,4.355670718803826,0.26743494494445486,-0.0011861096277243632
3193,0.779541015625,53.28166276603693,4.377386064625356,0.26761553335472854,-0.0011649679596530405
3194,0.77978515625,53.34719929369361,4.399101410446899,0.2677961217649454,-0.0011438262915817177
3195,0.780029296875,53.41273582135026,4.4208167562684295,0.26797671017521907,-0.0011226846235103949
3196,0.7802734375,53.47827234900694,4.442532102089972,0.2681572985854359,-0.0011015429553822287
3197,0.7805175781250001,53.54380887666361,4.464247447911515,0.2683378869957096,-0.001080401287310906
3198,0.78076171875,53.60934540432026,4.485962793733046,0.26851847540592644,-0.0010592596192395831
3199,0.781005859375,53.674881931976934,4.507678139554589,0.2686990638162001,-0.0010381179511682603
3200,0.78125,53.74041845963358,4.5293934853761195,0.26887965222641697,-0.0010169762830969375
3201,0.781494140625,53.805954987290264,4.551108831197662,0.2690602406366338,-0.0009958346149687713
3202,0.7817382812500001,53.871491514946946,4.572824177019204,0.2692408290469075,-0.0009746929468974486
3203,0.781982421875,53.937028042603586,4.594539522840735,0.26942141745712433,-0.0009535512788261258
3204,0.7822265625,54.00256457026026,4.616254868662279,0.269602005867398,-0.000932409610754803
3205,0.782470703125,54.0681010979169,4.637970214483809,0.26978259427761486,-0.0009112679426266368
3206,0.78271484375,54.13363762557359,4.659685560305351,0.26996318268788855,-0.000890126274555314
3207,0.7829589843750001,54.19917415323027,4.681400906126894,0.2701437710981054,-0.0008689846064839912
3208,0.783203125,54.264710680886914,4.703116251948425,0.2703243595083791,-0.0008478429384126684
3209,0.783447265625,54.33024720854359,4.724831597769967,0.2705049479185959,-0.0008267012702845022
3210,0.78369140625,54.39578373620023,4.746546943591498,0.2706855363288696,-0.0008055596022131795
3211,0.783935546875,54.461320263856905,4.768262289413042,0.27086612473908644,-0.0007844179341418567
3212,0.7841796875000001,54.526856791513595,4.789977635234584,0.27104671314936013,-0.0007632762660705339
3213,0.784423828125,54.591872746062926,4.8113209724013455,0.27122571000433027,-0.00074074317620898
3214,0.78466796875,54.65480640818306,4.831176274949042,0.27139834063814305,-0.0007126443992433451
3215,0.784912109375,54.717740070303165,4.851031577496727,0.2715709712720127,-0.0006845456223345536
3216,0.78515625,54.7806737324233,4.870886880044423,0.2717436019058823,-0.0006564468454257621
3217,0.7854003906250001,54.84360739454345,4.890742182592119,0.27191623253975195,-0.0006283480684601273
3218,0.78564453125,54.90654105666355,4.910597485139805,0.2720888631736216,-0.0006002492915513358
3219,0.785888671875,54.96947471878369,4.9304527876875,0.2722614938074912,-0.0005721505146425443
3220,0.7861328125,55.032408380903796,4.950308090235185,0.27243412444136084,-0.0005440517376769094
3221,0.786376953125,55.095342043023926,4.970163392782882,0.27260675507523047,-0.0005159529607681179
3222,0.7866210937500001,55.15827570514407,4.990018695330578,0.2727793857091001,-0.00048785418385932644
3223,0.786865234375,55.221209367264166,5.0098739978782625,0.2729520163429129,-0.00045975540689369154
3224,0.787109375,55.28414302938431,5.0297293004259584,0.2731246469767825,-0.00043165662998490006
3225,0.787353515625,55.34707669150441,5.049584602973644,0.27329727761065215,-0.0004035578530761086
3226,0.78759765625,55.41001035362456,5.069439905521341,0.2734699082445218,-0.0003754590761104737
3227,0.7878417968750001,55.47294401574469,5.089295208069037,0.2736425388783914,-0.0003473602992016822
3228,0.7880859375,55.535877677864804,5.109150510616722,0.27381516951226104,-0.00031926152229289073
3229,0.788330078125,55.59881133998494,5.129005813164418,0.27398780014613067,-0.00029116274532725583
3230,0.78857421875,55.661745002105036,5.148861115712102,0.2741604307800003,-0.00026306396841846436
3231,0.788818359375,55.72467866422517,5.1687164182598,0.2743330614138699,-0.00023496519150967288
3232,0.7890625000000001,55.78761232634532,5.188571720807496,0.27450569204773956,-0.00020686641454403798
3233,0.789306640625,55.85054598846542,5.20842702335518,0.27467832268155234,-0.0001787676376352465
3234,0.78955078125,55.91347965058556,5.228282325902876,0.274850953315422,-0.00015066886072645502
3235,0.789794921875,55.97641331270566,5.2481376284505625,0.2750235839492916,-0.00012257008381766354
3236,0.7900390625,56.0393469748258,5.2679929309982585,0.27519621458316124,-9.447130685202865e-05
3237,0.7902832031250001,56.102280636945935,5.287848233545954,0.27536884521703087,-6.637252994323717e-05
3238,0.79052734375,56.16521429906604,5.30770353609364,0.2755414758509005,-3.827375303444569e-05
3239,0.790771484375,56.22621968000435,5.325641167049831,0.2757093621978015,-5.5660635780441226e-06
3240,0.791015625,56.28593954015474,5.342300350278342,0.2758740856867803,3.021423418658742e-05
3241,0.791259765625,56.34565940030517,5.358959533506864,0.27603880917575907,6.599453195121896e-05
3242,0.7915039062500001,56.405379260455604,5.375618716735385,0.27620353266473785,0.0001017748297158505
3243,0.791748046875,56.46509912060601,5.392277899963896,0.2763682561536598,0.00013755512753732546
3244,0.7919921875,56.524818980756436,5.408937083192417,0.27653297964263857,0.000173335425301957
3245,0.792236328125,56.58453884090683,5.425596266420929,0.27669770313161735,0.00020911572306658854
3246,0.79248046875,56.64425870105727,5.44225544964945,0.2768624266205961,0.0002448960208312201
3247,0.7927246093750001,56.70397856120769,5.458914632877971,0.2770271501095749,0.0002806763185958516
3248,0.79296875,56.763698421358086,5.475573816106483,0.27719187359849684,0.00031645661636048317
3249,0.793212890625,56.82341828150852,5.492232999335004,0.2773565970874756,0.0003522369141251147
3250,0.79345703125,56.88313814165892,5.508892182563516,0.2775213205764544,0.00038801721188974625
3251,0.793701171875,56.942858001809356,5.525551365792037,0.2776860440654332,0.0004237975096543778
3252,0.7939453125000001,57.00257786195978,5.542210549020558,0.27785076755441196,0.00045957780747585275
3253,0.794189453125,57.06229772211017,5.558869732249069,0.2780154910433339,0.0004953581052404843
3254,0.79443359375,57.122017582260604,5.57552891547759,0.2781802145323127,0.0005311384030051158
3255,0.794677734375,57.181737442411006,5.592188098706103,0.27834493802129145,0.0005669187007697474
3256,0.794921875,57.24145730256144,5.608847281934623,0.27850966151027023,0.0006026989985343789
3257,0.7951660156250001,57.301177162711866,5.625506465163144,0.27867438499919217,0.0006384792962990105
3258,0.79541015625,57.36089702286226,5.642165648391655,0.27883910848817095,0.000674259594063642
3259,0.795654296875,57.42061688301269,5.658824831620176,0.27900383197714973,0.0007100398918282735
3260,0.7958984375,57.480336743163086,5.6754840148486885,0.2791685554661285,0.0007458201896497485
3261,0.796142578125,57.540056603313516,5.692143198077209,0.2793332789551073,0.00078160048741438
3262,0.7963867187500001,57.59977646346395,5.708802381305731,0.2794980024440292,0.0008173807851790116
3263,0.796630859375,57.65949632361435,5.725461564534243,0.279662725933008,0.0008531610829436431
3264,0.796875,57.719216183764786,5.742120747762761,0.2798274494219868,0.0008889413807082747
3265,0.797119140625,57.77507455859729,5.753959470518338,0.2799843865167304,0.0009330338918971393
3266,0.79736328125,57.83093293342982,5.765798193273923,0.28014132361147404,0.0009771264030860038
3267,0.7976074218750001,57.886791308262374,5.7776369160295085,0.2802982607062745,0.001021218914218025
3268,0.7978515625,57.942649683094885,5.7894756387850865,0.28045519780101813,0.0010653114254068896
3269,0.798095703125,57.99850805792743,5.801314361540671,0.28061213489576176,0.0011094039365957542
3270,0.79833984375,58.05436643275994,5.81315308429625,0.2807690719905054,0.0011534964477846188
3271,0.798583984375,58.11022480759248,5.824991807051833,0.280926009085249,0.00119758895891664
3272,0.7988281250000001,58.16608318242502,5.836830529807418,0.2810829461800495,0.0012416814701055046
3273,0.799072265625,58.22194155725753,5.848669252562996,0.2812398832747931,0.0012857739812943692
3274,0.79931640625,58.27779993209007,5.860507975318581,0.2813968203695367,0.0013298664924832337
3275,0.799560546875,58.33365830692258,5.87234669807416,0.28155375746428035,0.001373959003615255
3276,0.7998046875,58.389516681755126,5.884185420829743,0.281710694559024,0.0014180515148041195
3277,0.8000488281250001,58.44537505658767,5.896024143585328,0.28186763165382445,0.001462144025992984
3278,0.80029296875,58.50123343142018,5.907862866340906,0.28202456874856807,0.0015062365371818487
3279,0.800537109375,58.557091806252714,5.919701589096491,0.2821815058433117,0.0015503290483138699
3280,0.80078125,58.612950181085225,5.9315403118520695,0.2823384429380553,0.0015944215595027345
3281,0.801025390625,58.66880855591777,5.943379034607653,0.28249538003279895,0.001638514070691599
3282,0.8012695312500001,58.724666930750324,5.955217757363238,0.2826523171275994,0.0016826065818804636
3283,0.801513671875,58.78052530558283,5.967056480118816,0.28280925422234304,0.0017266990930693282
3284,0.8017578125,58.83638368041538,5.9788952028744005,0.28296619131708667,0.0017707916042013494
3285,0.802001953125,58.89224205524789,5.990733925629979,0.2831231284118303,0.001814884115390214
3286,0.80224609375,58.94810043008042,6.002572648385563,0.2832800655065739,0.0018589766265790786
3287,0.8024902343750001,59.00395880491297,6.014411371141148,0.2834370026013744,0.0019030691377679432
3288,0.802734375,59.05981717974548,6.026250093896726,0.283593939696118,0.0019471616488999643
3289,0.802978515625,59.11567555457802,6.03808881665231,0.28375087679086164,0.001991254160088829
3290,0.80322265625,59.169718318548185,6.047221818990528,0.28390476992899494,0.002038865033739512
3291,0.803466796875,59.22103766622486,6.052296240702706,0.28405409713207064,0.002091753451054501
3292,0.8037109375000001,59.27235701390155,6.057370662414882,0.2842034243352032,0.00214464186836949
3293,0.803955078125,59.3236763615782,6.062445084127055,0.2843527515383357,0.002197530285684479
3294,0.80419921875,59.374995709254875,6.067519505839232,0.28450207874146827,0.0022504187029994682
3295,0.804443359375,59.42631505693153,6.072593927551406,0.2846514059446008,0.0023033071203144573
3296,0.8046875,59.4776344046082,6.077668349263583,0.2848007331476765,0.0023561955376294463
3297,0.8049316406250001,59.52895375228488,6.082742770975758,0.28495006035080905,0.0024090839549444354
3298,0.80517578125,59.58027309996153,6.0878171926879325,0.2850993875539416,0.0024619723722594244
3299,0.805419921875,59.63159244763821,6.092891614400108,0.28524871475707414,0.0025148607895744135
3300,0.8056640625,59.682911795314865,6.0979660361122825,0.2853980419602067,0.002567749206946246
3301,0.805908203125,59.73423114299155,6.103040457824458,0.2855473691633392,0.002620637624261235
3302,0.8061523437500001,59.78555049066822,6.108114879536636,0.2856966963664149,0.002673526041576224
3303,0.806396484375,59.836869838344874,6.113189301248809,0.28584602356954747,0.002726414458891213
3304,0.806640625,59.88818918602155,6.118263722960985,0.28599535077268,0.002779302876206202
3305,0.806884765625,59.9395085336982,6.12333814467316,0.28614467797581256,0.0028321912935211913
3306,0.80712890625,59.99082788137488,6.128412566385336,0.2862940051789451,0.0028850797108361803
3307,0.8073730468750001,60.04214722905156,6.133486988097513,0.28644333238207764,0.0029379681281511694
3308,0.8076171875,60.09346657672821,6.138561409809686,0.28659265958515334,0.0029908565454661584
3309,0.807861328125,60.144785924404886,6.143635831521863,0.2867419867882859,0.0030437449627811475
3310,0.80810546875,60.19610527208154,6.148710253234037,0.28689131399141843,0.0030966333800961365
3311,0.808349609375,60.24742461975822,6.153784674946213,0.28704064119455097,0.0031495217974111256
3312,0.8085937500000001,60.298743967434895,6.15885909665839,0.2871899683976835,0.0032024102147261146
3313,0.808837890625,60.35006331511155,6.163933518370563,0.28733929560081606,0.0032552986320411037
3314,0.80908203125,60.40138266278823,6.169007940082739,0.28748862280389176,0.003308187049412936
3315,0.809326171875,60.45270201046488,6.174082361794913,0.2876379500070243,0.0033610754667279252
3316,0.8095703125,60.49983139612035,6.1719101846832105,0.28778136244028474,0.003421218086771205
3317,0.8098144531250001,60.54591329127053,6.167926357865534,0.287923296181134,0.003483174257553401
3318,0.81005859375,60.591995186420675,6.1639425310478595,0.2880652299219264,0.0035451304283355967
3319,0.810302734375,60.63807708157085,6.159958704230182,0.2882071636627188,0.003607086599060949
3320,0.810546875,60.684158976721,6.1559748774125085,0.2883490974035112,0.003669042769843145
3321,0.810791015625,60.730240871871175,6.151991050594832,0.2884910311443605,0.0037309989406253408
3322,0.8110351562500001,60.776322767021355,6.148007223777155,0.2886329648851529,0.003792955111350693
3323,0.811279296875,60.82240466217151,6.14402339695948,0.2887748986259453,0.003854911282132889
3324,0.8115234375,60.86848655732168,6.140039570141803,0.2889168323667377,0.003916867452915085
3325,0.811767578125,60.91456845247183,6.136055743324129,0.28905876610758696,0.003978823623640437
3326,0.81201171875,60.960650347622,6.132071916506453,0.2892006998483794,0.004040779794422633
3327,0.8122558593750001,61.00673224277218,6.1280880896887755,0.2893426335891718,0.004102735965204829
3328,0.8125,61.052814137922326,6.124104262871101,0.2894845673299642,0.004164692135930181
3329,0.812744140625,61.0988960330725,6.120120436053425,0.28962650107081345,0.004226648306712377
3330,0.81298828125,61.144977928222644,6.11613660923575,0.28976843481160586,0.004288604477494573
3331,0.813232421875,61.19105982337282,6.1121527824180735,0.28991036855239827,0.004350560648276769
3332,0.8134765625000001,61.23714171852299,6.108168955600397,0.2900523022932475,0.004412516819002121
3333,0.813720703125,61.28322361367314,6.104185128782722,0.29019423603403993,0.004474472989784317
3334,0.81396484375,61.32930550882332,6.100201301965046,0.29033616977483234,0.004536429160566513
3335,0.814208984375,61.37538740397346,6.0962174751473714,0.29047810351562475,0.0045983853312918654
3336,0.814453125,61.42146929912365,6.092233648329694,0.290620037256474,0.004660341502074061
3337,0.8146972656250001,61.46755119427382,6.088249821512018,0.2907619709972664,0.004722297672856257
3338,0.81494140625,61.513633089423976,6.084265994694344,0.2909039047380588,0.0047842538435816095
3339,0.815185546875,61.55971498457414,6.080282167876667,0.29104583847885124,0.004846210014363805
3340,0.8154296875,61.605796879724295,6.076298341058993,0.2911877722197005,0.004908166185146001
3341,0.815673828125,61.650689626910975,6.069968243893518,0.29132827530600025,0.004971932322064276
3342,0.8159179687500001,61.69082578224365,6.054253065336838,0.29146305577438625,0.005042938323697399
3343,0.816162109375,61.7309619375763,6.038537886780168,0.2915978362427154,0.005113944325330522
3344,0.81640625,61.771098092908986,6.0228227082234875,0.2917326167111014,0.005184950326906801
3345,0.816650390625,61.81123424824164,6.007107529666817,0.2918673971794874,0.0052559563285399236
3346,0.81689453125,61.851370403574315,5.991392351110138,0.2920021776478734,0.005326962330173046
3347,0.8171386718750001,61.891506558907,5.975677172553458,0.29213695811620255,0.0053979683317493254
3348,0.8173828125,61.931642714239665,5.959961993996788,0.29227173858458855,0.005468974333382448
3349,0.817626953125,61.97177886957234,5.944246815440107,0.29240651905297455,0.005539980335015571
3350,0.81787109375,62.011915024904994,5.928531636883436,0.2925412995213037,0.00561098633659185
3351,0.818115234375,62.052051180237676,5.912816458326757,0.2926760799896897,0.005681992338224973
3352,0.8183593750000001,62.09218733557036,5.8971012797700775,0.2928108604580757,0.005752998339858095
3353,0.818603515625,62.13232349090301,5.881386101213407,0.2929456409264617,0.005824004341491218
3354,0.81884765625,62.17245964623569,5.865670922656727,0.29308042139479085,0.005895010343067497
3355,0.819091796875,62.21259580156834,5.849955744100056,0.29321520186317684,0.00596601634470062
3356,0.8193359375,62.25273195690102,5.834240565543377,0.29334998233156284,0.0060370223463337425
3357,0.8195800781250001,62.29286811223371,5.818525386986697,0.29348476279994884,0.006108028347910022
3358,0.81982421875,62.333004267566366,5.802810208430027,0.293619543268278,0.006179034349543144
3359,0.820068359375,62.37314042289905,5.787095029873346,0.293754323736664,0.006250040351176267
3360,0.8203125,62.4132765782317,5.771379851316675,0.29388910420505,0.00632104635280939
3361,0.820556640625,62.45341273356438,5.7556646727599965,0.29402388467337914,0.006392052354385669
3362,0.8208007812500001,62.49354888889706,5.739949494203317,0.29415866514176514,0.0064630583560187915
3363,0.821044921875,62.53368504422971,5.724234315646647,0.29429344561015114,0.006534064357651914
3364,0.8212890625,62.573821199562396,5.708519137089966,0.29442822607853714,0.006605070359228193
3365,0.821533203125,62.61395735489506,5.692803958533295,0.2945630065468663,0.006676076360861316
3366,0.82177734375,62.65409351022774,5.677088779976616,0.2946977870152523,0.006747082362494439
3367,0.8220214843750001,62.690239076909485,5.652487922086131,0.2948284246372168,0.006823278128877064
3368,0.822265625,62.72372425115728,5.62196327797314,0.2949563003615481,0.006902933738444972
3369,0.822509765625,62.75720942540509,5.591438633860129,0.29508417608587934,0.00698258934801288
3370,0.82275390625,62.79069459965287,5.560913989747136,0.2952120518102106,0.007062244957580788
3371,0.822998046875,62.82417977390069,5.530389345634126,0.29533992753454186,0.007141900567148696
3372,0.8232421875000001,62.857664948148496,5.499864701521116,0.2954678032588731,0.007221556176773447
3373,0.823486328125,62.89115012239629,5.4693400574081235,0.2955956789832044,0.007301211786341355
3374,0.82373046875,62.92463529664409,5.438815413295113,0.29572355470753564,0.007380867395909263
3375,0.823974609375,62.958120470891885,5.40829076918212,0.2958514304318669,0.007460523005477171
3376,0.82421875,62.99160564513969,5.37776612506911,0.29597930615619816,0.007540178615045079
3377,0.8244628906250001,63.02509081938751,5.347241480956101,0.2961071818805294,0.007619834224612987
3378,0.82470703125,63.05857599363529,5.316716836843108,0.2962350576048607,0.007699489834180895
3379,0.824951171875,63.0920611678831,5.286192192730098,0.29636293332919195,0.007779145443748803
3380,0.8251953125,63.1255463421309,5.255667548617106,0.2964908090535232,0.007858801053373554
3381,0.825439453125,63.1590315163787,5.225142904504096,0.29661868477785447,0.007938456662941462
3382,0.8256835937500001,63.192516690626505,5.194618260391085,0.2967465605022426,0.00801811227250937
3383,0.825927734375,63.2260018648743,5.164093616278093,0.29687443622657383,0.008097767882077278
3384,0.826171875,63.25948703912211,5.133568972165082,0.2970023119509051,0.008177423491645186
3385,0.826416015625,63.29297221336989,5.10304432805209,0.29713018767523636,0.008257079101213094
3386,0.82666015625,63.326457387617715,5.072519683939081,0.2972580633995676,0.008336734710781002
3387,0.8269042968750001,63.35994256186552,5.0419950398260704,0.2973859391238989,0.00841639032034891
3388,0.8271484375,63.39342773611332,5.0114703957130775,0.29751381484823014,0.008496045929973661
3389,0.827392578125,63.42691291036112,4.980945751600068,0.2976416905725614,0.00857570153954157
3390,0.82763671875,63.46039808460891,4.950421107487075,0.29776956629689266,0.008655357149109477
3391,0.827880859375,63.49388325885672,4.919896463374065,0.2978974420212239,0.008735012758677385
3392,0.8281250000000001,63.52736843310451,4.889371819261045,0.2980253177455552,0.008814668368245293
3393,0.828369140625,63.55351493631301,4.840534075703432,0.2981465318751475,0.008902082511497156
3394,0.82861328125,63.5796614395215,4.791696332145793,0.2982677460047398,0.008989496654749018
3395,0.828857421875,63.60580794272999,4.742858588588181,0.29838896013433214,0.009076910798000881
3396,0.8291015625,63.63195444593847,4.694020845030541,0.2985101742639813,0.009164324941252744
3397,0.8293457031250001,63.65810094914697,4.6451831014729,0.2986313883935736,0.009251739084504607
3398,0.82958984375,63.68424745235545,4.596345357915288,0.29875260252316593,0.00933915322775647
3399,0.829833984375,63.71039395556395,4.547507614357648,0.29887381665275825,0.009426567371008332
3400,0.830078125,63.73654045877244,4.498669870800036,0.29899503078235057,0.009513981514260195
3401,0.830322265625,63.76268696198093,4.449832127242397,0.2991162449119429,0.009601395657512057
3402,0.8305664062500001,63.78883346518943,4.400994383684757,0.2992374590415352,0.00968880980076392
3403,0.830810546875,63.8149799683979,4.352156640127145,0.29935867317118436,0.009776223944015783
3404,0.8310546875,63.8411264716064,4.303318896569505,0.2994798873007767,0.009863638087267645
3405,0.831298828125,63.86727297481488,4.254481153011892,0.299601101430369,0.009951052230519508
3406,0.83154296875,63.89341947802338,4.205643409454253,0.2997223155599613,0.01003846637377137
3407,0.8317871093750001,63.919565981231884,4.156805665896613,0.29984352968955363,0.010125880517023234
3408,0.83203125,63.94571248444036,4.107967922339001,0.29996474381914595,0.010213294660275096
3409,0.832275390625,63.97185898764885,4.059130178781361,0.30008595794873827,0.010300708803526959
3410,0.83251953125,63.99800549085733,4.010292435223748,0.30020717207838743,0.010388122946778822
3411,0.832763671875,64.02415199406583,3.9614546916661086,0.30032838620797975,0.010475537090030684
3412,0.8330078125000001,64.05029849727433,3.912616948108469,0.30044960033757206,0.010562951233282547
3413,0.833251953125,64.0764450004828,3.8637792045508563,0.3005708144671644,0.01065036537653441
3414,0.83349609375,64.10259150369131,3.8149414609932166,0.3006920285967567,0.010737779519786272
3415,0.833740234375,64.12873800689978,3.766103717435605,0.300813242726349,0.010825193663038135
3416,0.833984375,64.15488451010829,3.7172659738779648,0.30093445685594133,0.010912607806289998
3417,0.8342285156250001,64.18103101331678,3.668428230320325,0.3010556709855905,0.01100002194954186
3418,0.83447265625,64.20398026593399,3.610688779891869,0.30117431108436676,0.011089936467101325
3419,0.834716796875,64.2221336426643,3.5395967691570935,0.30128909013689054,0.011183601546065347
3420,0.8349609375,64.2402870193946,3.4685047584223585,0.3014038691894143,0.01127726662502937
3421,0.835205078125,64.25844039612493,3.397412747687583,0.3015186482419949,0.011370931703993392
3422,0.8354492187500001,64.27659377285524,3.3263207369528076,0.3016334272945187,0.011464596782957415
3423,0.835693359375,64.29474714958553,3.2552287262180726,0.3017482063470993,0.011558261861921437
3424,0.8359375,64.31290052631584,3.1841367154832976,0.3018629853996231,0.01165192694088546
3425,0.836181640625,64.33105390304615,3.113044704748562,0.30197776445214686,0.011745592019906326
3426,0.83642578125,64.34920727977648,3.0419526940137867,0.3020925435047275,0.011839257098870348
3427,0.8366699218750001,64.36736065650678,2.970860683279011,0.30220732255725125,0.01193292217783437
3428,0.8369140625,64.38551403323709,2.8997686725442766,0.30232210160983186,0.012026587256798393
3429,0.837158203125,64.40366740996741,2.828676661809501,0.30243688066235563,0.012120252335762416
3430,0.83740234375,64.4218207866977,2.757584651074766,0.3025516597148794,0.012213917414726438
3431,0.837646484375,64.439974163428,2.6864926403399907,0.30266643876746,0.012307582493690461
3432,0.8378906250000001,64.45812754015833,2.6154006296052152,0.3027812178199838,0.012401247572654484
3433,0.838134765625,64.47628091688863,2.54430861887048,0.3028959968725644,0.012494912651618506
3434,0.83837890625,64.49443429361894,2.4732166081357048,0.3030107759250882,0.012588577730582529
3435,0.838623046875,64.51258767034925,2.4021245974009697,0.30312555497761196,0.012682242809546551
3436,0.8388671875,64.53074104707956,2.3310325866661943,0.30324033403019257,0.012775907888510574
3437,0.8391113281250001,64.54889442380987,2.2599405759314193,0.30335511308271634,0.01286957296753144
3438,0.83935546875,64.56704780054018,2.1888485651966842,0.30346989213529696,0.012963238046495462
3439,0.839599609375,64.58520117727049,2.1177565544619084,0.30358467118782073,0.013056903125459485
3440,0.83984375,64.6033545540008,2.0466645437271738,0.3036994502403445,0.013150568204423507
3441,0.840087890625,64.6215079307311,1.9755725329923979,0.3038142292929251,0.01324423328338753
3442,0.8403320312500001,64.63966130746142,1.9044805222576227,0.3039290083454489,0.013337898362351552
3443,0.840576171875,64.65781468419172,1.8333885115228878,0.3040437873980295,0.013431563441315575
3444,0.8408203125,64.66908963663805,1.7409909000817214,0.30415357967712,0.01352841535913285
3445,0.841064453125,64.67864498301337,1.6432668884640012,0.30426212526288055,0.013626063986635017
3446,0.84130859375,64.68820032938868,1.5455428768462256,0.30437067084858427,0.013723712614080341
3447,0.8415527343750001,64.69775567576399,1.44781886522845,0.30447921643434483,0.013821361241582508
3448,0.841796875,64.7073110221393,1.35009485361073,0.30458776202004856,0.013919009869084675
3449,0.842041015625,64.71686636851463,1.252370841992954,0.3046963076058091,0.014016658496586842
3450,0.84228515625,64.72642171488994,1.154646830375234,0.3048048531915697,0.01411430712408901
3451,0.842529296875,64.73597706126525,1.0569228187574584,0.3049133987772734,0.014211955751591177
3452,0.8427734375000001,64.74553240764057,0.9591988071396829,0.305021944363034,0.014309604379093344
3453,0.843017578125,64.75508775401588,0.8614747955219626,0.30513048994879455,0.01440725300659551
3454,0.84326171875,64.76464310039121,0.7637507839041869,0.30523903553449827,0.014504901634097678
3455,0.843505859375,64.77419844676652,0.6660267722864669,0.30534758112025884,0.014602550261599845
3456,0.84375,64.78375379314183,0.5683027606686911,0.30545612670596256,0.014700198889102012
3457,0.8439941406250001,64.79330913951713,0.4705787490509154,0.3055646722917231,0.014797847516604179
3458,0.84423828125,64.80286448589246,0.37285473743319536,0.3056732178774837,0.014895496144106346
3459,0.844482421875,64.81241983226778,0.2751307258154197,0.3057817634631874,0.014993144771608513
3460,0.8447265625,64.82197517864309,0.17740671419769966,0.305890309048948,0.01509079339911068
3461,0.844970703125,64.83153052501841,0.07968270257992398,0.30599885463470855,0.015188442026612847
3462,0.8452148437500001,64.84108587139372,-0.018041309037851675,0.3061074002204123,0.015286090654115014
3463,0.845458984375,64.85064121776904,-0.11576532065557191,0.30621594580617284,0.015383739281617181
3464,0.845703125,64.86019656414436,-0.21348933227334757,0.3063244913919334,0.015481387909119348
3465,0.845947265625,64.86975191051967,-0.31121334389106775,0.30643303697763713,0.015579036536621516
3466,0.84619140625,64.87930725689498,-0.40893735550884347,0.3065415825633977,0.015676685164123683
3467,0.8464355468750001,64.8888626032703,-0.5066613671266191,0.3066501281491014,0.015774333791569006
3468,0.8466796875,64.8984179496456,-0.604385378744339,0.306758673734862,0.015871982419071173
3469,0.846923828125,64.90614587867992,-0.7083946013135851,0.30686600695651123,0.01596979027215184
3470,0.84716796875,64.9065641383502,-0.8375446676885833,0.30696849072182886,0.016068235027489663
3471,0.847412109375,64.90698239802047,-0.9666947340636548,0.30707097448708964,0.016166679782827487
3472,0.8476562500000001,64.90740065769076,-1.0958448004387262,0.30717345825240727,0.01626512453816531
3473,0.847900390625,64.90781891736104,-1.2249948668137245,0.3072759420177249,0.016363569293503133
3474,0.84814453125,64.90823717703131,-1.354144933188796,0.3073784257829857,0.016462014048840956
3475,0.848388671875,64.9086554367016,-1.483294999563794,0.3074809095483033,0.01656045880417878
3476,0.8486328125,64.90907369637188,-1.6124450659388656,0.30758339331362095,0.016658903559516602
3477,0.8488769531250001,64.90949195604216,-1.7415951323139376,0.30768587707888173,0.016757348314854426
3478,0.84912109375,64.90991021571244,-1.8707451986889354,0.30778836084419936,0.01685579307019225
3479,0.849365234375,64.91032847538271,-1.999895265064007,0.30789084460946015,0.016954237825530072
3480,0.849609375,64.910746735053,-2.129045331439005,0.3079933283747778,0.017052682580867895
3481,0.849853515625,64.91116499472326,-2.2581953978140765,0.3080958121400954,0.017151127336205718
3482,0.8500976562500001,64.91158325439353,-2.387345464189148,0.3081982959053562,0.01724957209154354
3483,0.850341796875,64.91200151406382,-2.5164955305641463,0.3083007796706738,0.017348016846881364
3484,0.8505859375,64.9124197737341,-2.645645596939218,0.30840326343599145,0.017446461602219188
3485,0.850830078125,64.91283803340438,-2.7747956633142157,0.30850574720125223,0.01754490635755701
3486,0.85107421875,64.91325629307467,-2.903945729689288,0.30860823096656986,0.017643351112894834
3487,0.8513183593750001,64.91367455274494,-3.033095796064359,0.30871071473183065,0.017741795868232657
3488,0.8515625,64.91409281241522,-3.1622458624393572,0.3088131984971483,0.017840240623627324
3489,0.851806640625,64.9145110720855,-3.2913959288144286,0.3089156822624659,0.017938685378965147
3490,0.85205078125,64.91492933175577,-3.4205459951894266,0.3090181660277267,0.01803713013430297
3491,0.852294921875,64.91534759142606,-3.5496960615644984,0.3091206497930443,0.018135574889640793
3492,0.8525390625000001,64.91576585109634,-3.67884612793957,0.30922313355836195,0.018234019644978616
3493,0.852783203125,64.91618411076662,-3.8079961943145673,0.30932561732362274,0.01833246440031644
3494,0.85302734375,64.9166023704369,-3.93714626068964,0.30942810108894037,0.018430909155654263
3495,0.853271484375,64.91126377114645,-4.088249278096593,0.3095270316579217,0.018527262182544746
3496,0.853515625,64.90208726588219,-4.253987596191597,0.30962359342942136,0.018622220723841565
3497,0.8537597656250001,64.89291076061792,-4.419725914286602,0.30972015520086416,0.018717179265138384
3498,0.85400390625,64.88373425535367,-4.585464232381511,0.3098167169723638,0.018812137806492046
3499,0.854248046875,64.87455775008942,-4.751202550476515,0.3099132787438066,0.018907096347788865
3500,0.8544921875,64.86538124482516,-4.916940868571425,0.3100098405153062,0.019002054889085684
3501,0.854736328125,64.85620473956091,-5.082679186666429,0.310106402286749,0.019097013430382503
3502,0.8549804687500001,64.84702823429664,-5.2484175047614325,0.31020296405824865,0.019191971971679322
3503,0.855224609375,64.83785172903238,-5.414155822856343,0.3102995258297483,0.01928693051297614
3504,0.85546875,64.82867522376813,-5.579894140951347,0.3103960876011911,0.019381889054329804
3505,0.855712890625,64.81949871850387,-5.745632459046257,0.3104926493726907,0.019476847595626623
3506,0.85595703125,64.81032221323962,-5.9113707771412605,0.3105892111441335,0.019571806136923442
3507,0.8562011718750001,64.80114570797537,-6.077109095236265,0.31068577291563315,0.01966676467822026
3508,0.8564453125,64.7919692027111,-6.242847413331176,0.31078233468707595,0.01976172321951708
3509,0.856689453125,64.78279269744684,-6.40858573142618,0.3108788964585756,0.0198566817608139
3510,0.85693359375,64.77361619218257,-6.574324049521088,0.3109754582300184,0.019951640302110718
3511,0.857177734375,64.76443968691832,-6.740062367616092,0.311072020001518,0.02004659884346438
3512,0.8574218750000001,64.75526318165407,-6.905800685711096,0.31116858177301765,0.0201415573847612
3513,0.857666015625,64.74608667638981,-7.071539003806007,0.31126514354446044,0.02023651592605802
3514,0.85791015625,64.73691017112556,-7.2372773219010105,0.3113617053159601,0.020331474467354838
3515,0.858154296875,64.7277336658613,-7.40301563999592,0.3114582670874029,0.020426433008651657
3516,0.8583984375,64.71855716059703,-7.568753958090924,0.3115548288589025,0.020521391549948476
3517,0.8586425781250001,64.70938065533278,-7.734492276185928,0.3116513906303453,0.020616350091302138
3518,0.85888671875,64.70020415006852,-7.9002305942808375,0.31174795240184494,0.020711308632598957
3519,0.859130859375,64.69102764480427,-8.065968912375842,0.31184451417328773,0.020806267173895776
3520,0.859375,64.68185113954002,-8.231707230470752,0.31194107594478737,0.020901225715192595
3521,0.859619140625,64.66271753045314,-8.439476444358707,0.3120318248264198,0.020987136138330698
3522,0.8598632812500001,64.64358392136627,-8.647245658246662,0.31212257370799534,0.021073046561411957
3523,0.860107421875,64.62445031227942,-8.855014872134499,0.31221332258962775,0.02115895698455006
3524,0.8603515625,64.60531670319254,-9.062784086022454,0.31230407147126016,0.02124486740768816
3525,0.860595703125,64.58618309410568,-9.270553299910292,0.3123948203528357,0.021330777830826264
3526,0.86083984375,64.56704948501881,-9.478322513798245,0.31248556923446813,0.021416688253907523
3527,0.8610839843750001,64.54791587593195,-9.686091727686202,0.31257631811610054,0.021502598677045626
3528,0.861328125,64.52878226684508,-9.893860941574038,0.3126670669976761,0.021588509100183728
3529,0.861572265625,64.50964865775822,-10.101630155461994,0.3127578158793085,0.021674419523264987
3530,0.86181640625,64.49051504867136,-10.30939936934983,0.3128485647609409,0.02176032994640309
3531,0.862060546875,64.47138143958449,-10.517168583237787,0.3129393136425165,0.021846240369541192
3532,0.8623046875000001,64.45224783049763,-10.72493779712574,0.3130300625241489,0.021932150792679295
3533,0.862548828125,64.43311422141076,-10.932707011013576,0.3131208114057813,0.022018061215760554
3534,0.86279296875,64.4139806123239,-11.140476224901533,0.31321156028735686,0.022103971638898656
3535,0.863037109375,64.39484700323703,-11.348245438789368,0.31330230916898927,0.02218988206203676
3536,0.86328125,64.37571339415017,-11.556014652677325,0.3133930580506217,0.022275792485118018
3537,0.8635253906250001,64.35657978506329,-11.76378386656528,0.31348380693219724,0.02236170290825612
3538,0.86376953125,64.33744617597644,-11.971553080453115,0.31357455581382965,0.022447613331394223
3539,0.864013671875,64.31831256688957,-12.179322294341071,0.31366530469546205,0.022533523754532325
3540,0.8642578125,64.29917895780271,-12.38709150822891,0.3137560535770376,0.022619434177613584
3541,0.864501953125,64.28004534871584,-12.594860722116863,0.31384680245867,0.022705344600751687
3542,0.8647460937500001,64.26091173962897,-12.802629936004818,0.31393755134030243,0.02279125502388979
3543,0.864990234375,64.24177813054212,-13.010399149892656,0.314028300221878,0.022877165447027892
3544,0.865234375,64.22264452145525,-13.21816836378061,0.3141190491035104,0.02296307587010915
3545,0.865478515625,64.20351091236839,-13.425937577668448,0.3142097979851428,0.023048986293247253
3546,0.86572265625,64.1802922880114,-13.652751473245406,0.31429825451255056,0.023128466516197932
3547,0.8659667968750001,64.15094614074921,-13.908132391355919,0.31438327250867815,0.023198301438867475
3548,0.8662109375,64.12159999348704,-14.163513309466289,0.31446829050480574,0.023268136361537017
3549,0.866455078125,64.09225384622485,-14.418894227576804,0.3145533085008765,0.023337971284263404
3550,0.86669921875,64.06290769896268,-14.674275145687174,0.3146383264970041,0.023407806206932946
3551,0.866943359375,64.03356155170049,-14.929656063797692,0.31472334449313166,0.02347764112960249
3552,0.8671875000000001,64.00421540443831,-15.185036981908205,0.31480836248925925,0.02354747605227203
3553,0.867431640625,63.97486925717613,-15.440417900018575,0.31489338048538684,0.023617310974998418
3554,0.86767578125,63.94552310991394,-15.69579881812909,0.3149783984814576,0.02368714589766796
3555,0.867919921875,63.91617696265178,-15.95117973623946,0.3150634164775852,0.023756980820337503
3556,0.8681640625,63.886830815389594,-16.206560654349975,0.31514843447371277,0.02382681574306389
3557,0.8684082031250001,63.857484668127405,-16.46194157246049,0.31523345246984036,0.023896650665733432
3558,0.86865234375,63.82813852086523,-16.717322490570858,0.31531847046596795,0.023966485588402975
3559,0.868896484375,63.79879237360304,-16.972703408681376,0.3154034884620387,0.024036320511072518
3560,0.869140625,63.769446226340875,-17.228084326791745,0.3154885064581663,0.024106155433798904
3561,0.869384765625,63.74010007907869,-17.483465244902263,0.3155735244542939,0.024175990356468446
3562,0.8696289062500001,63.710753931816505,-17.738846163012774,0.31565854245042146,0.02424582527913799
3563,0.869873046875,63.681407784554324,-17.994227081123146,0.31574356044654905,0.024315660201807532
3564,0.8701171875,63.652061637292135,-18.24960799923366,0.3158285784426198,0.024385495124533918
3565,0.870361328125,63.62271549002997,-18.50498891734403,0.3159135964387474,0.02445533004720346
3566,0.87060546875,63.59336934276778,-18.760369835454544,0.315998614434875,0.024525164969873003
3567,0.8708496093750001,63.5640231955056,-19.01575075356506,0.31608363243100257,0.024594999892542546
3568,0.87109375,63.534677048243424,-19.27113167167543,0.31616865042713016,0.024664834815268932
3569,0.871337890625,63.50533090098124,-19.526512589785945,0.3162536684232009,0.024734669737938475
3570,0.87158203125,63.47598475371907,-19.781893507896317,0.3163386864193285,0.024804504660608018
3571,0.871826171875,63.44663860645688,-20.037274426006828,0.3164237044154561,0.024874339583334404
3572,0.8720703125000001,63.40901029653507,-20.335147296610565,0.3165041861092277,0.024924380676509372
3573,0.872314453125,63.36931144594838,-20.643643155337415,0.3165835337273393,0.02496947331235333
3574,0.87255859375,63.32961259536165,-20.952139014064436,0.3166628813455077,0.025014565948197287
3575,0.872802734375,63.28991374477498,-21.260634872791286,0.3167422289636761,0.025059658584041244
3576,0.873046875,63.25021489418826,-21.569130731518307,0.31682157658178767,0.025104751219885202
3577,0.8732910156250001,63.210516043601544,-21.87762659024533,0.3169009241999561,0.02514984385572916
3578,0.87353515625,63.17081719301485,-22.18612244897218,0.3169802718181245,0.025194936491573117
3579,0.873779296875,63.131118342428145,-22.494618307699202,0.31705961943623606,0.025240029127417074
3580,0.8740234375,63.09141949184145,-22.803114166426052,0.3171389670544045,0.02528512176326103
3581,0.874267578125,63.05172064125473,-23.111610025153077,0.3172183146725729,0.02533021439910499
3582,0.8745117187500001,63.01202179066802,-23.4201058838801,0.31729766229068446,0.025375307034948946
3583,0.874755859375,62.97232294008133,-23.72860174260695,0.31737700990885287,0.025420399670792904
3584,0.875,62.93262408949462,-24.037097601333972,0.3174563575270213,0.02546549230663686
3585,0.875244140625,62.89292523890792,-24.345593460060822,0.31753570514513285,0.02551058494248082
3586,0.87548828125,62.85322638832121,-24.654089318787843,0.31761505276330126,0.025555677578324776
3587,0.8757324218750001,62.813527537734494,-24.962585177514867,0.31769440038141283,0.025600770214168733
3588,0.8759765625,62.7738286871478,-25.271081036241718,0.31777374799958125,0.02564586285001269
3589,0.876220703125,62.73412983656109,-25.57957689496874,0.31785309561774966,0.025690955485856648
3590,0.87646484375,62.69443098597441,-25.88807275369559,0.31793244323586123,0.025736048121700605
3591,0.876708984375,62.65473213538768,-26.196568612422613,0.31801179085402964,0.025781140757544563
3592,0.8769531250000001,62.615033284800965,-26.505064471149637,0.31809113847219805,0.02582623339338852
3593,0.877197265625,62.57533443421427,-26.813560329876488,0.3181704860903096,0.025871326029232478
3594,0.87744140625,62.535635583627574,-27.122056188603505,0.31824983370847804,0.025916418665076435
3595,0.877685546875,62.49593673304088,-27.430552047330355,0.31832918132664645,0.025961511300920392
3596,0.8779296875,62.456237882454154,-27.739047906057376,0.318408528944758,0.02600660393676435
3597,0.8781738281250001,62.41446440079915,-28.059189523885184,0.31848675168532736,0.02604465834946268
3598,0.87841796875,62.364392394871,-28.425914178115818,0.31856047491538675,0.026054559869521654
3599,0.878662109375,62.31432038894281,-28.79263883234666,0.318634198145503,0.02606446138958063
3600,0.87890625,62.26424838301466,-29.15936348657729,0.31870792137556236,0.02607436290958276
3601,0.879150390625,62.21417637708648,-29.52608814080813,0.3187816446056786,0.026084264429641735
3602,0.8793945312500001,62.16410437115831,-29.892812795038974,0.3188553678357948,0.02609416594970071
3603,0.879638671875,62.11403236523016,-30.259537449269605,0.3189290910658542,0.026104067469759684
3604,0.8798828125,62.06396035930198,-30.626262103500444,0.31900281429597044,0.02611396898981866
3605,0.880126953125,62.01388835337383,-30.992986757731074,0.3190765375260298,0.026123870509877634
3606,0.88037109375,61.96381634744565,-31.359711411961918,0.31915026075614605,0.02613377202993661
3607,0.8806152343750001,61.913744341517464,-31.726436066192758,0.31922398398620544,0.026143673549995583
3608,0.880859375,61.863672335589314,-32.09316072042339,0.31929770721632167,0.026153575070054558
3609,0.881103515625,61.813600329661135,-32.45988537465423,0.31937143044638105,0.026163476590113532
3610,0.88134765625,61.763528323732984,-32.826610028884865,0.3194451536764973,0.026173378110172507
3611,0.881591796875,61.71345631780481,-33.19333468311571,0.31951887690655667,0.026183279630231482
3612,0.8818359375000001,61.66338431187662,-33.56005933734655,0.3195926001366729,0.026193181150290457
3613,0.882080078125,61.61331230594848,-33.92678399157718,0.3196663233667323,0.02620308267034943
3614,0.88232421875,61.56324030002029,-34.293508645808025,0.3197400465968485,0.026212984190408406
3615,0.882568359375,61.513168294092154,-34.660233300038655,0.3198137698269079,0.02622288571046738
3616,0.8828125,61.46309628816396,-35.02695795426949,0.31988749305702413,0.026232787230526355
3617,0.8830566406250001,61.41302428223578,-35.393682608500335,0.31996121628714036,0.02624268875058533
3618,0.88330078125,61.36295227630763,-35.76040726273097,0.32003493951719975,0.026252590270644305
3619,0.883544921875,61.312880270379445,-36.12713191696181,0.320108662747316,0.02626249179070328
3620,0.8837890625,61.262808264451294,-36.49385657119244,0.32018238597737536,0.026272393310762254
3621,0.884033203125,61.212736258523115,-36.86058122542328,0.3202561092074916,0.02628229483082123
3622,0.8842773437500001,61.16266425259494,-37.22730587965412,0.320329832437551,0.026292196350880204
3623,0.884521484375,61.106427854105355,-37.6315424075981,0.32040020457003493,0.026273593716211963
3624,0.884765625,61.04608186057478,-38.06078685135119,0.3204683426374686,0.026235988311725578
3625,0.885009765625,60.98573586704424,-38.49003129510403,0.32053648070490226,0.026198382907239193
3626,0.88525390625,60.925389873513666,-38.919275738857124,0.3206046187723359,0.026160777502695964
3627,0.8854980468750001,60.865043879983084,-39.34852018261021,0.3206727568397696,0.02612317209820958
3628,0.8857421875,60.804697886452544,-39.77776462636306,0.32074089490720326,0.026085566693723194
3629,0.885986328125,60.744351892921976,-40.20700907011615,0.3208090329746369,0.02604796128923681
3630,0.88623046875,60.68400589939144,-40.63625351386899,0.3208771710420706,0.026010355884750425
3631,0.886474609375,60.623659905860855,-41.065497957622085,0.32094530910950425,0.02597275048026404
3632,0.8867187500000001,60.56331391233028,-41.49474240137518,0.3210134471769379,0.025935145075777655
3633,0.886962890625,60.50296791879974,-41.92398684512803,0.32108158524431474,0.02589753967129127
3634,0.88720703125,60.442621925269165,-42.35323128888112,0.3211497233117484,0.025859934266804885
3635,0.887451171875,60.382275931738626,-42.78247573263396,0.32121786137918207,0.025822328862261656
3636,0.8876953125,60.321929938208044,-43.211720176387054,0.32128599944661573,0.02578472345777527
3637,0.8879394531250001,60.261583944677476,-43.64096462014015,0.3213541375140494,0.025747118053288887
3638,0.88818359375,60.201237951146936,-44.070209063892996,0.32142227558148306,0.0257095126488025
3639,0.888427734375,60.140891957616354,-44.49945350764609,0.32149041364891673,0.025671907244316117
3640,0.888671875,60.080545964085815,-44.92869795139893,0.3215585517163504,0.025634301839829732
3641,0.888916015625,60.02019997055524,-45.35794239515203,0.32162668978378406,0.025596696435343347
3642,0.8891601562500001,59.959853977024665,-45.78718683890512,0.3216948278512177,0.025559091030856962
3643,0.889404296875,59.899507983494125,-46.216431282657965,0.32176296591859455,0.025521485626370577
3644,0.8896484375,59.83916198996355,-46.645675726411056,0.3218311039860282,0.02548388022182735
3645,0.889892578125,59.77881599643301,-47.0749201701639,0.3218992420534619,0.025446274817340964
3646,0.89013671875,59.718470002902436,-47.50416461391699,0.32196738012089554,0.02540866941285458
3647,0.8903808593750001,59.65812400937185,-47.93340905767008,0.3220355181883292,0.025371064008368194
3648,0.890625,59.597778015841314,-48.362653501422926,0.32210365625576287,0.02533345860388181
3649,0.890869140625,59.527371780566895,-48.85730403765599,0.322166249595341,0.025234170321084548
3650,0.89111328125,59.456965545292526,-49.351954573888776,0.32222884293491916,0.02513488203834413
3651,0.891357421875,59.38655931001811,-49.846605110121835,0.3222914362744973,0.02503559375554687
3652,0.8916015625000001,59.31615307474368,-50.34125564635491,0.32235402961407544,0.024936305472806453
3653,0.891845703125,59.2457468394693,-50.83590618258769,0.3224166229536536,0.024837017190009192
3654,0.89208984375,59.17534060419488,-51.33055671882076,0.32247921629323173,0.02473772890721193
3655,0.892333984375,59.10493436892051,-51.82520725505354,0.3225418096328099,0.024638440624471514
3656,0.892578125,59.034528133646084,-52.3198577912866,0.322604402972388,0.024539152341674253
3657,0.8928222656250001,58.964121898371666,-52.81450832751967,0.32266699631196616,0.024439864058876992
3658,0.89306640625,58.89371566309728,-53.30915886375245,0.3227295896515443,0.024340575776136575
3659,0.893310546875,58.82330942782288,-53.80380939998552,0.32279218299112244,0.024241287493339314
3660,0.8935546875,58.75290319254849,-54.2984599362183,0.3228547763307006,0.024141999210598897
3661,0.893798828125,58.68249695727407,-54.79311047245136,0.32291736967027873,0.024042710927801636
3662,0.8940429687500001,58.61209072199966,-55.28776100868443,0.3229799630098569,0.023943422645004375
3663,0.894287109375,58.54168448672528,-55.78241154491721,0.323042556349435,0.023844134362263958
3664,0.89453125,58.471278251450855,-56.277062081150284,0.32310514968901316,0.023744846079466697
3665,0.894775390625,58.40087201617647,-56.771712617383066,0.3231677430285913,0.02364555779672628
3666,0.89501953125,58.33046578090206,-57.26636315361613,0.32323033636816945,0.02354626951392902
3667,0.8952636718750001,58.260059545627634,-57.7610136898492,0.3232929297077476,0.023446981231131758
3668,0.8955078125,58.18965331035326,-58.25566422608198,0.32335552304732573,0.02334769294839134
3669,0.895751953125,58.119247075078846,-58.75031476231504,0.3234181163869039,0.02324840466559408
3670,0.89599609375,58.04884083980446,-59.244965298547825,0.323480709726482,0.02314911638279682
3671,0.896240234375,57.97843460453005,-59.73961583478089,0.32354330306606016,0.023049828100056402
3672,0.8964843750000001,57.90802836925563,-60.23426637101396,0.3236058964056383,0.02295053981725914
3673,0.896728515625,57.83762213398125,-60.72891690724674,0.32366848974521645,0.022851251534518724
3674,0.89697265625,57.76331906401668,-61.25002075604797,0.32372888494182916,0.022720931569097047
3675,0.897216796875,57.683170742016955,-61.8108045737011,0.32378598292410743,0.02254406407979559
3676,0.8974609375,57.60302242001718,-62.37158839135455,0.32384308090632885,0.022367196590437288
3677,0.8977050781250001,57.522874098017404,-62.93237220900801,0.32390017888855027,0.02219032910113583
3678,0.89794921875,57.44272577601768,-63.49315602666114,0.3239572768707717,0.022013461611834373
3679,0.898193359375,57.3625774540179,-64.0539398443146,0.3240143748529931,0.021836594122532915
3680,0.8984375,57.28242913201817,-64.61472366196773,0.32407147283521454,0.021659726633174614
3681,0.898681640625,57.20228081001841,-65.17550747962116,0.3241285708174928,0.021482859143873156
3682,0.8989257812500001,57.12213248801863,-65.73629129727462,0.3241856687997142,0.0213059916545717
3683,0.899169921875,57.041984166018906,-66.29707511492775,0.32424276678193564,0.021129124165213398
3684,0.8994140625,56.96183584401913,-66.85785893258121,0.32429986476415706,0.02095225667591194
3685,0.899658203125,56.8816875220194,-67.41864275023433,0.3243569627463785,0.020775389186610482
3686,0.89990234375,56.80153920001963,-67.97942656788778,0.32441406072865675,0.02059852169725218
3687,0.9001464843750001,56.72139087801985,-68.54021038554124,0.32447115871087817,0.020421654207950724
3688,0.900390625,56.64124255602013,-69.10099420319436,0.3245282566930996,0.020244786718649266
3689,0.900634765625,56.561094234020345,-69.6617780208478,0.324585354675321,0.020067919229347808
3690,0.90087890625,56.480945912020616,-70.22256183850095,0.32464245265754244,0.019891051739989507
3691,0.901123046875,56.40079759002085,-70.7833456561544,0.32469955063976386,0.01971418425068805
3692,0.9013671875000001,56.32064926802107,-71.34412947380784,0.3247566486220421,0.01953731676138659
3693,0.901611328125,56.24050094602135,-71.90491329146099,0.32481374660426354,0.01936044927202829
3694,0.90185546875,56.16035262402157,-72.46569710911443,0.32487084458648496,0.019183581782726833
3695,0.902099609375,56.08020430202184,-73.02648092676755,0.3249279425687064,0.019006714293425375
3696,0.90234375,56.000055980022076,-73.58726474442102,0.3249850405509278,0.018829846804067074
3697,0.9025878906250001,55.9199076580223,-74.14804856207446,0.3250421385331492,0.018652979314765616
3698,0.90283203125,55.839759336022574,-74.7088323797276,0.3250992365154275,0.01847611182546416
3699,0.903076171875,55.759611014022795,-75.26961619738104,0.3251563344976489,0.018299244336105858
3700,0.9033203125,55.671994900389414,-75.88140661281238,0.3252090885321195,0.01804647493304401
3701,0.903564453125,55.58251183884756,-76.50594867768865,0.32526075657960973,0.01777473005148522
3702,0.9038085937500001,55.4930287773057,-77.13049074256489,0.3253124246271568,0.017502985169926433
3703,0.904052734375,55.40354571576391,-77.75503280744077,0.3253640926747039,0.017231240288367644
3704,0.904296875,55.31406265422206,-78.37957487231701,0.32541576072219414,0.016959495406808855
3705,0.904541015625,55.224579592680264,-79.0041169371929,0.3254674287697412,0.016687750525250067
3706,0.90478515625,55.135096531138416,-79.62865900206916,0.32551909681723146,0.01641600564374812
3707,0.9050292968750001,55.04561346959656,-80.25320106694541,0.32557076486477854,0.016144260762189333
3708,0.9052734375,54.95613040805476,-80.87774313182129,0.3256224329123256,0.015872515880630544
3709,0.905517578125,54.86664734651291,-81.50228519669754,0.32567410095981586,0.015600770999071756
3710,0.90576171875,54.777164284971114,-82.12682726157342,0.32572576900736294,0.015329026117512967
3711,0.906005859375,54.68768122342927,-82.75136932644968,0.3257774370548532,0.015057281235954179
3712,0.9062500000000001,54.59819816188741,-83.37591139132591,0.32582910510240026,0.01478553635439539
3713,0.906494140625,54.50871510034562,-84.00045345620183,0.32588077314994734,0.014513791472893445
3714,0.90673828125,54.41923203880376,-84.62499552107806,0.3259324411974376,0.014242046591334656
3715,0.906982421875,54.329748977261964,-85.24953758595395,0.32598410924498467,0.013970301709775867
3716,0.9072265625,54.24026591572012,-85.8740796508302,0.3260357772924749,0.013698556828217079
3717,0.9074707031250001,54.150782854178274,-86.49862171570643,0.326087445340022,0.01342681194665829
3718,0.90771484375,54.061299792636476,-87.12316378058235,0.32613911338756907,0.013155067065099502
3719,0.907958984375,53.97181673109463,-87.74770584545858,0.3261907814350593,0.012883322183597556
3720,0.908203125,53.88233366955283,-88.37224791033448,0.3262424494826064,0.012611577302038768
3721,0.908447265625,53.79285060801097,-88.99678997521072,0.32629411753009663,0.01233983242047998
3722,0.9086914062500001,53.703367546469124,-89.62133204008695,0.3263457855776437,0.01206808753892119
3723,0.908935546875,53.613884484927326,-90.24587410496287,0.3263974536251908,0.011796342657362402
3724,0.9091796875,53.52440142338548,-90.8704161698391,0.32644912167268103,0.011524597775803613
3725,0.909423828125,53.43314674766894,-91.50638815035298,0.3264997212796743,0.011230245905949232
3726,0.90966796875,53.33480561525344,-92.18807979341923,0.32654604712456603,0.01084546608291248
3727,0.9099121093750001,53.23646448283792,-92.86977143648546,0.3265923729694009,0.010460686259875729
3728,0.91015625,53.13812335042246,-93.55146307955131,0.3266386988142358,0.010075906436838977
3729,0.910400390625,53.03978221800695,-94.23315472261756,0.3266850246590707,0.009691126613745382
3730,0.91064453125,52.941441085591485,-94.91484636568342,0.32673135050390556,0.00930634679070863
3731,0.910888671875,52.84309995317597,-95.59653800874966,0.3267776763487973,0.008921566967671879
3732,0.9111328125000001,52.74475882076046,-96.27822965181589,0.32682400219363217,0.008536787144635127
3733,0.911376953125,52.646417688345004,-96.95992129488175,0.32687032803846705,0.008152007321541532
3734,0.91162109375,52.54807655592949,-97.64161293794801,0.3269166538833588,0.007767227498504781
3735,0.911865234375,52.44973542351403,-98.32330458101386,0.32696297972819366,0.007382447675468029
3736,0.912109375,52.351394291098515,-99.00499622408009,0.32700930557302854,0.006997667852431277
3737,0.9123535156250001,52.25305315868301,-99.68668786714632,0.3270556314178634,0.006612888029337682
3738,0.91259765625,52.15471202626754,-100.3683795102122,0.3271019572626983,0.006228108206300931
3739,0.912841796875,52.05637089385203,-101.05007115327844,0.32714828310759003,0.005843328383264179
3740,0.9130859375,51.95802976143657,-101.73176279634428,0.3271946089524249,0.0054585485602274275
3741,0.913330078125,51.85968862902106,-102.41345443941053,0.3272409347972598,0.0050737687371338325
3742,0.9135742187500001,51.761347496605545,-103.09514608247677,0.3272872606421515,0.004688988914097081
3743,0.913818359375,51.66300636419008,-103.77683772554262,0.3273335864869864,0.004304209091060329
3744,0.9140625,51.564665231774576,-104.45852936860886,0.3273799123318213,0.003919429268023578
3745,0.914306640625,51.46632409935911,-105.14022101167473,0.32742623817665617,0.003534649444986826
3746,0.91455078125,51.3679829669436,-105.82191265474097,0.3274725640215479,0.003149869621893231
3747,0.9147949218750001,51.26964183452809,-106.5036042978072,0.3275188898663828,0.0027650897988564793
3748,0.9150390625,51.171300702112624,-107.18529594087305,0.32756521571121766,0.0023803099758197277
3749,0.915283203125,51.07295956969711,-107.8669875839393,0.32761154155605254,0.001995530152782976
3750,0.91552734375,50.974618437281656,-108.54867922700517,0.3276578674008874,0.001610750329689381
3751,0.915771484375,50.871275792781255,-109.25738010995694,0.32770105710289954,0.0011472207667111434
3752,0.9160156250000001,50.76459880689094,-109.98408715283243,0.3277421560430298,0.0006311913770105093
3753,0.916259765625,50.657921821000684,-110.71079419570749,0.32778325498310323,0.00011516198736671868
3754,0.91650390625,50.55124483511036,-111.437501238583,0.3278243539232335,-0.00040086740227707196
3755,0.916748046875,50.4445678492201,-112.16420828145809,0.3278654528633069,-0.000916896791977706
3756,0.9169921875,50.33789086332978,-112.89091532433355,0.3279065518034372,-0.0014329261816214967
3757,0.9172363281250001,50.23121387743946,-113.61762236720907,0.3279476507435106,-0.0019489555712652873
3758,0.91748046875,50.1245368915492,-114.34432941008411,0.3279887496836409,-0.0024649849609659213
3759,0.917724609375,50.01785990565888,-115.07103645295962,0.3280298486237143,-0.002981014350609712
3760,0.91796875,49.91118291976862,-115.79774349583468,0.32807094756378774,-0.0034970437402535026
3761,0.918212890625,49.8045059338783,-116.52445053871018,0.328112046503918,-0.004013073129897293
3762,0.9184570312500001,49.69782894798798,-117.25115758158566,0.32815314544399143,-0.004529102519597927
3763,0.918701171875,49.59115196209772,-117.97786462446074,0.3281942443841217,-0.005045131909241718
3764,0.9189453125,49.484474976207395,-118.70457166733623,0.32823534332419513,-0.005561161298885509
3765,0.919189453125,49.37779799031714,-119.4312787102113,0.3282764422643254,-0.006077190688586143
3766,0.91943359375,49.271121004426824,-120.1579857530868,0.3283175412043988,-0.006593220078229933
3767,0.9196777343750001,49.1644440185365,-120.88469279596228,0.3283586401445291,-0.007109249467873724
3768,0.919921875,49.05776703264623,-121.61139983883737,0.3283997390846025,-0.007625278857574358
3769,0.920166015625,48.95109004675592,-122.33810688171283,0.3284408380247328,-0.008141308247218149
3770,0.92041015625,48.84441306086566,-123.06481392458792,0.3284819369648062,-0.00865733763686194
3771,0.920654296875,48.73773607497534,-123.79152096746341,0.3285230359049365,-0.00917336702650573
3772,0.9208984375000001,48.63105908908502,-124.5182280103389,0.3285641348450099,-0.009689396416206364
3773,0.921142578125,48.52438210319476,-125.24493505321398,0.32860523378514017,-0.010205425805850155
3774,0.92138671875,48.417705117304436,-125.97164209608947,0.3286463327252136,-0.010721455195493945
3775,0.921630859375,48.311028131414176,-126.69834913896453,0.32868743166534387,-0.01123748458519458
3776,0.921875,48.20435114552386,-127.42505618184002,0.3287285306054173,-0.01175351397483837
3777,0.9221191406250001,48.089879385616584,-128.17773465489736,0.32876454971102476,-0.0124179888957201
3778,0.92236328125,47.975407625709366,-128.93041312795424,0.3288005688166322,-0.013082463816544987
3779,0.922607421875,47.860935865802084,-129.68309160101157,0.3288365879222397,-0.013746938737426717
3780,0.9228515625,47.746464105894866,-130.43577007406847,0.3288726070277903,-0.014411413658308447
3781,0.923095703125,47.631992345987584,-131.18844854712577,0.3289086261333978,-0.015075888579190178
3782,0.9233398437500001,47.5175205860803,-131.9411270201831,0.32894464523900524,-0.015740363500015064
3783,0.923583984375,47.40304882617309,-132.69380549324,0.3289806643446127,-0.016404838420896795
3784,0.923828125,47.28857706626581,-133.44648396629734,0.32901668345022017,-0.017069313341778525
3785,0.924072265625,47.17410530635859,-134.1991624393542,0.32905270255582764,-0.017733788262660255
3786,0.92431640625,47.059633546451316,-134.95184091241154,0.3290887216614351,-0.018398263183485142
3787,0.9245605468750001,46.945161786544034,-135.70451938546887,0.32912474076704257,-0.019062738104366872
3788,0.9248046875,46.830690026636816,-136.45719785852575,0.3291607598725932,-0.019727213025248602
3789,0.925048828125,46.71621826672954,-137.20987633158308,0.32919677897820065,-0.02039168794607349
3790,0.92529296875,46.601746506822316,-137.96255480463998,0.3292327980838081,-0.02105616286695522
3791,0.925537109375,46.487274746915034,-138.71523327769728,0.3292688171894156,-0.02172063778783695
3792,0.9257812500000001,46.37280298700776,-139.4679117507546,0.32930483629502305,-0.02238511270871868
3793,0.926025390625,46.25833122710054,-140.2205902238115,0.3293408554006305,-0.023049587629543566
3794,0.92626953125,46.14385946719326,-140.97326869686884,0.329376874506238,-0.023714062550425297
3795,0.926513671875,46.029387707286055,-141.72594716992572,0.32941289361184545,-0.024378537471307027
3796,0.9267578125,45.914915947378766,-142.47862564298305,0.32944891271739607,-0.025043012392188757
3797,0.9270019531250001,45.800444187471484,-143.23130411604038,0.32948493182300354,-0.025707487313013644
3798,0.92724609375,45.68597242756427,-143.98398258909725,0.329520950928611,-0.026371962233895374
3799,0.927490234375,45.571500667656984,-144.73666106215458,0.32955697003421847,-0.027036437154777104
3800,0.927734375,45.45702890774977,-145.48933953521149,0.32959298913982593,-0.02770091207560199
3801,0.927978515625,45.34255714784249,-146.2420180082688,0.3296290082454334,-0.02836538699648372
3802,0.9282226562500001,45.22518015774958,-146.99416087367143,0.32966306822538627,-0.029095181118975688
3803,0.928466796875,45.10344532237828,-147.74550032759163,0.329694189516772,-0.029922954043968275
3804,0.9287109375,44.9817104870069,-148.49683978151225,0.32972531080821454,-0.030750726968960862
3805,0.928955078125,44.8599756516356,-149.24817923543245,0.3297564320996571,-0.031578499893896605
3806,0.92919921875,44.73824081626423,-149.99951868935304,0.32978755339109966,-0.03240627281888919
3807,0.9294433593750001,44.61650598089286,-150.75085814327366,0.3298186746825422,-0.03323404574388178
3808,0.9296875,44.49477114552156,-151.50219759719388,0.32984979597392794,-0.03406181866881752
3809,0.929931640625,44.37303631015019,-152.25353705111448,0.3298809172653705,-0.03488959159381011
3810,0.93017578125,44.25130147477889,-153.00487650503467,0.32991203855681306,-0.0357173645188027
3811,0.930419921875,44.12956663940752,-153.75621595895527,0.3299431598482556,-0.03654513744373844
3812,0.9306640625000001,44.00783180403615,-154.50755541287592,0.3299742811396982,-0.03737291036873103
3813,0.930908203125,43.88609696866485,-155.2588948667961,0.33000540243114074,-0.03820068329366677
3814,0.93115234375,43.764362133293474,-156.0102343207167,0.33003652372252645,-0.03902845621865936
3815,0.931396484375,43.642627297922175,-156.7615737746369,0.330067645013969,-0.039856229143651944
3816,0.931640625,43.52089246255081,-157.5129132285575,0.3300987663054116,-0.04068400206858769
3817,0.9318847656250001,43.39915762717944,-158.26425268247814,0.33012988759685413,-0.041511774993580275
3818,0.93212890625,43.27742279180814,-159.01559213639834,0.3301610088882967,-0.04233954791857286
3819,0.932373046875,43.155687956436765,-159.76693159031893,0.33019213017973925,-0.043167320843508605
3820,0.9326171875,43.033953121065466,-160.51827104423913,0.33022325147112497,-0.04399509376850119
3821,0.932861328125,42.912218285694095,-161.26961049815975,0.3302543727625675,-0.044822866693436936
3822,0.9331054687500001,42.79048345032273,-162.0209499520804,0.3302854940540101,-0.04565063961842952
3823,0.933349609375,42.66874861495142,-162.77228940600057,0.33031661534545265,-0.04647841254342211
3824,0.93359375,42.547013779580055,-163.52362885992116,0.3303477366368952,-0.04730618546835785
3825,0.933837890625,42.42527894420875,-164.27496831384136,0.33037885792833777,-0.04813395839335044
3826,0.93408203125,42.30354410883738,-165.026307767762,0.3304099792197235,-0.04896173131834303
3827,0.9343261718750001,42.18180927346601,-165.77764722168263,0.33044110051116604,-0.04978950424327877
3828,0.9345703125,42.05465922576145,-166.49853398106936,0.33046847890125264,-0.0507567265182729
3829,0.934814453125,41.9261553749735,-167.21180756682313,0.33049492156601445,-0.0517588111307532
3830,0.93505859375,41.79765152418562,-167.9250811525765,0.33052136423077627,-0.052760895743233505
3831,0.935302734375,41.66914767339767,-168.6383547383303,0.3305478068955381,-0.05376298035571381
3832,0.9355468750000001,41.54064382260972,-169.3516283240841,0.33057424956024306,-0.05476506496819411
3833,0.935791015625,41.41213997182184,-170.06490190983746,0.3306006922250049,-0.05576714958067441
3834,0.93603515625,41.28363612103388,-170.77817549559126,0.3306271348897667,-0.056769234193154716
3835,0.936279296875,41.155132270246014,-171.49144908134463,0.3306535775545285,-0.05777131880563502
3836,0.9365234375,41.02662841945806,-172.2047226670984,0.3306800202192335,-0.05877340341811532
3837,0.9367675781250001,40.89812456867011,-172.9179962528522,0.3307064628839953,-0.059775488030595625
3838,0.93701171875,40.76962071788223,-173.6312698386056,0.3307329055487571,-0.06077757264307593
3839,0.937255859375,40.641116867094276,-174.34454342435936,0.33075934821351893,-0.06177965725555623
3840,0.9375,40.5126130163064,-175.05781701011276,0.3307857908782239,-0.06278174186803653
3841,0.937744140625,40.38410916551845,-175.77109059586653,0.3308122335429857,-0.06378382648057368
3842,0.9379882812500001,40.2556053147305,-176.48436418162032,0.33083867620774754,-0.06478591109305398
3843,0.938232421875,40.12710146394263,-177.19763776737372,0.33086511887250936,-0.06578799570553429
3844,0.9384765625,39.99859761315467,-177.9109113531275,0.3308915615372712,-0.06679008031801459
3845,0.938720703125,39.8700937623668,-178.62418493888086,0.33091800420197615,-0.06779216493049489
3846,0.93896484375,39.74158991157885,-179.33745852463466,0.33094444686673796,-0.0687942495429752
3847,0.9392089843750001,39.61308606079089,-180.05073211038842,0.3309708895314998,-0.0697963341554555
3848,0.939453125,39.48458221000302,-180.76400569614182,0.3309973321962616,-0.0707984187679358
3849,0.939697265625,39.35607835921506,-181.47727928189562,0.33102377486096657,-0.0718005033804161
3850,0.93994140625,39.22757450842719,-182.19055286764896,0.3310502175257284,-0.0728025879928964
3851,0.940185546875,39.09907065763924,-182.90382645340276,0.3310766601904902,-0.07380467260537671
3852,0.9404296875000001,38.97056680685128,-183.61710003915658,0.331103102855252,-0.07480675721785701
3853,0.940673828125,38.8407951272319,-184.31338951353453,0.33112866133518537,-0.07584483491768879
3854,0.94091796875,38.70595213228635,-184.94174254241133,0.331150683075748,-0.07702688496692645
3855,0.941162109375,38.57110913734089,-185.5700955712877,0.3311727048163675,-0.0782089350161641
3856,0.94140625,38.43626614239535,-186.19844860016448,0.331194726556987,-0.07939098506540176
3857,0.9416503906250001,38.30142314744981,-186.82680162904128,0.3312167482976065,-0.08057303511469627
3858,0.94189453125,38.166580152504345,-187.4551546579177,0.331238770038226,-0.08175508516393393
3859,0.942138671875,38.031737157558794,-188.08350768679446,0.3312607917788455,-0.08293713521317159
3860,0.9423828125,37.89689416261333,-188.71186071567084,0.331282813519465,-0.08411918526240925
3861,0.942626953125,37.76205116766779,-189.34021374454764,0.33130483526002763,-0.0853012353116469
3862,0.9428710937500001,37.627208172722256,-189.9685667734244,0.3313268570006471,-0.08648328536088457
3863,0.943115234375,37.49236517777679,-190.59691980230082,0.3313488787412666,-0.08766533541017907
3864,0.943359375,37.35752218283125,-191.22527283117762,0.3313709004818861,-0.08884738545941673
3865,0.943603515625,37.22267918788578,-191.853625860054,0.3313929222225056,-0.09002943550865439
3866,0.94384765625,37.087836192940244,-192.48197888893077,0.3314149439631251,-0.09121148555789205
3867,0.9440917968750001,36.9529931979947,-193.11033191780757,0.33143696570368775,-0.0923935356071297
3868,0.9443359375,36.81815020304924,-193.73868494668397,0.33145898744430724,-0.09357558565636737
3869,0.944580078125,36.68330720810369,-194.36703797556075,0.33148100918492673,-0.09475763570566187
3870,0.94482421875,36.54846421315823,-194.99539100443712,0.3315030309255462,-0.09593968575489953
3871,0.945068359375,36.41362121821269,-195.62374403331393,0.3315250526661657,-0.09712173580413719
3872,0.9453125000000001,36.278778223267146,-196.2520970621907,0.3315470744067852,-0.09830378585337485
3873,0.945556640625,36.14393522832169,-196.8804500910671,0.3315690961474047,-0.09948583590261251
3874,0.94580078125,36.009092233376144,-197.5088031199439,0.33159111788796736,-0.10066788595185017
3875,0.946044921875,35.87424923843068,-198.13715614882028,0.33161313962858685,-0.10184993600108783
3876,0.9462890625,35.73940624348514,-198.76550917769706,0.33163516136920634,-0.10303198605038233
3877,0.9465332031250001,35.6045632485396,-199.39386220657383,0.33165718310982584,-0.10421403609961999
3878,0.94677734375,35.46972025359414,-200.02221523545026,0.33167920485044533,-0.10539608614885765
3879,0.947021484375,35.3312793482879,-200.56541736408784,0.3316987521122883,-0.10668549009005801
3880,0.947265625,35.19043983607461,-201.05185222589895,0.33171664972167036,-0.10804646329262368
3881,0.947509765625,35.04960032386124,-201.53828708771036,0.33173454733105245,-0.10940743649513252
3882,0.9477539062500001,34.90876081164788,-202.02472194952176,0.3317524449403777,-0.11076840969764135
3883,0.947998046875,34.76792129943459,-202.51115681133288,0.3317703425497598,-0.11212938290020702
3884,0.9482421875,34.62708178722122,-202.99759167314429,0.3317882401591419,-0.11349035610271585
3885,0.948486328125,34.48624227500794,-203.4840265349554,0.3318061377684671,-0.11485132930528152
3886,0.94873046875,34.34540276279457,-203.9704613967668,0.3318240353778492,-0.11621230250779035
3887,0.9489746093750001,34.2045632505812,-204.4568962585782,0.3318419329872313,-0.11757327571029919
3888,0.94921875,34.06372373836792,-204.94333112038933,0.33185983059655655,-0.11893424891286486
3889,0.949462890625,33.92288422615455,-205.42976598220073,0.33187772820593864,-0.12029522211537369
3890,0.94970703125,33.78204471394126,-205.91620084401188,0.3318956258153207,-0.12165619531793936
3891,0.949951171875,33.6412052017279,-206.4026357058233,0.331913523424646,-0.1230171685204482
3892,0.9501953125000001,33.50036568951453,-206.8890705676347,0.33193142103402806,-0.12437814172295703
3893,0.950439453125,33.35952617730125,-207.37550542944584,0.33194931864341015,-0.1257391149255227
3894,0.95068359375,33.21868666508788,-207.86194029125724,0.3319672162527354,-0.12710008812803153
3895,0.950927734375,33.07784715287459,-208.34837515306836,0.3319851138621175,-0.12846106133054036
3896,0.951171875,32.93700764066123,-208.83481001487976,0.3320030114714996,-0.12982203453310603
3897,0.9514160156250001,32.79616812844786,-209.32124487669117,0.3320209090808248,-0.13118300773561486
3898,0.95166015625,32.65532861623457,-209.8076797385023,0.3320388066902069,-0.13254398093818054
3899,0.951904296875,32.51448910402121,-210.2941146003137,0.332056704299589,-0.13390495414068937
3900,0.9521484375,32.37364959180792,-210.7805494621248,0.33207460190891425,-0.1352659273431982
3901,0.952392578125,32.23281007959455,-211.2669843239362,0.33209249951829634,-0.13662690054576387
3902,0.9526367187500001,32.09197056738119,-211.75341918574762,0.3321103971276784,-0.1379878737482727
3903,0.952880859375,31.9511310551679,-212.23985404755874,0.33212829473700367,-0.13934884695083838
3904,0.953125,31.810291542954527,-212.72628890937,0.33214619234638576,-0.1407098201533472
3905,0.953369140625,31.66369307904029,-213.00457590251625,0.3321603015999699,-0.14224108619742992
3906,0.95361328125,31.517094615125973,-213.28286289566265,0.33217441085355404,-0.14377235224151264
3907,0.9538574218750001,31.370496151211654,-213.561149888809,0.3321885201071382,-0.14530361828559535
3908,0.9541015625,31.22389768729742,-213.8394368819552,0.3322026293607223,-0.14683488432967806
3909,0.954345703125,31.077299223383108,-214.1177238751016,0.33221673861430645,-0.14836615037376077
3910,0.95458984375,30.930700759468866,-214.39601086824783,0.3322308478678906,-0.1498974164178435
3911,0.954833984375,30.78410229555455,-214.6742978613942,0.3322449571214747,-0.1514286824619262
3912,0.9550781250000001,30.637503831640235,-214.95258485454056,0.33225906637505886,-0.1529599485060089
3913,0.955322265625,30.490905367726,-215.23087184768679,0.332273175628643,-0.15449121455003478
3914,0.95556640625,30.344306903811678,-215.50915884083318,0.3322872848821703,-0.1560224805941175
3915,0.955810546875,30.197708439897443,-215.7874458339794,0.33230139413575444,-0.1575537466382002
3916,0.9560546875,30.051109975983127,-216.06573282712574,0.3323155033893386,-0.15908501268228292
3917,0.9562988281250001,29.904511512068805,-216.34401982027214,0.3323296126429227,-0.16061627872636564
3918,0.95654296875,29.75791304815457,-216.6223068134184,0.33234372189650685,-0.16214754477044835
3919,0.956787109375,29.611314584240258,-216.90059380656476,0.332357831150091,-0.16367881081453106
3920,0.95703125,29.464716120326024,-217.17888079971095,0.3323719404036751,-0.16521007685861377
3921,0.957275390625,29.3181176564117,-217.45716779285735,0.33238604965725926,-0.1667413429026965
3922,0.9575195312500001,29.171519192497385,-217.73545478600371,0.3324001589108434,-0.1682726089467792
3923,0.957763671875,29.02492072858315,-218.0137417791499,0.33241426816442754,-0.1698038749908619
3924,0.9580078125,28.878322264668828,-218.2920287722963,0.3324283774180117,-0.17133514103494463
3925,0.958251953125,28.731723800754594,-218.57031576544253,0.3324424866715958,-0.17286640707902734
3926,0.95849609375,28.58512533684028,-218.8486027585889,0.33245659592517995,-0.17439767312311005
3927,0.9587402343750001,28.438526872925962,-219.1268897517353,0.3324707051787641,-0.17592893916719277
3928,0.958984375,28.291928409011724,-219.4051767448815,0.33248481443234823,-0.17746020521121864
3929,0.959228515625,28.14532994509741,-219.68346373802788,0.33249892368593237,-0.17899147125530135
3930,0.95947265625,27.996476521623382,-219.84908855614424,0.3325116672154991,-0.18058429481226312
3931,0.959716796875,27.84424065880957,-219.84572011171574,0.33252236215906805,-0.18226945463857191
3932,0.9599609375000001,27.692004795995764,-219.84235166728715,0.3325330571025802,-0.1839546144648807
3933,0.960205078125,27.539768933182042,-219.83898322285862,0.33254375204614917,-0.18563977429113265
3934,0.96044921875,27.38753307036823,-219.83561477843008,0.33255444698971814,-0.18732493411744144
3935,0.960693359375,27.23529720755451,-219.83224633400152,0.3325651419332871,-0.1890100939436934
3936,0.9609375,27.083061344740706,-219.828877889573,0.3325758368768561,-0.19069525377000218
3937,0.9611816406250001,26.930825481926895,-219.82550944514443,0.3325865318204251,-0.19238041359631097
3938,0.96142578125,26.778589619113173,-219.82214100071587,0.3325972267639372,-0.19406557342256292
3939,0.961669921875,26.626353756299366,-219.81877255628737,0.3326079217075062,-0.1957507332488717
3940,0.9619140625,26.47411789348564,-219.81540411185878,0.33261861665107517,-0.19743589307512366
3941,0.962158203125,26.321882030671834,-219.81203566743028,0.33262931159464415,-0.19912105290143245
3942,0.9624023437500001,26.169646167858026,-219.8086672230017,0.33264000653821313,-0.20080621272774124
3943,0.962646484375,26.017410305044304,-219.80529877857316,0.3326507014817821,-0.2024913725539932
3944,0.962890625,25.865174442230497,-219.80193033414463,0.33266139642529424,-0.20417653238030198
3945,0.963134765625,25.712938579416775,-219.79856188971607,0.3326720913688632,-0.20586169220655393
3946,0.96337890625,25.560702716602968,-219.79519344528754,0.3326827863124322,-0.20754685203286272
3947,0.9636230468750001,25.40846685378916,-219.79182500085898,0.3326934812560012,-0.2092320118591715
3948,0.9638671875,25.25623099097544,-219.78845655643042,0.33270417619957016,-0.21091717168542345
3949,0.964111328125,25.10399512816163,-219.7850881120019,0.33271487114313913,-0.21260233151173225
3950,0.96435546875,24.95175926534791,-219.78171966757333,0.33272556608665127,-0.2142874913379842
3951,0.964599609375,24.799523402534103,-219.77835122314477,0.33273626103022025,-0.21597265116429298
3952,0.9648437500000001,24.647287539720292,-219.77498277871626,0.3327469559737892,-0.21765781099060177
3953,0.965087890625,24.49505167690657,-219.77161433428768,0.3327576509173582,-0.21934297081685372
3954,0.96533203125,24.342815814092763,-219.76824588985917,0.3327683458609272,-0.2210281306431625
3955,0.965576171875,24.19057995127904,-219.7648774454306,0.33277904080449616,-0.22271329046941446
3956,0.9658203125,24.03383636471494,-219.47387757750727,0.3327873331559772,-0.22450282963359314
3957,0.9660644531250001,23.87596584721326,-219.11096985371003,0.33279502485942203,-0.22631846363219665
3958,0.96630859375,23.718095329711673,-218.74806212991305,0.33280271656286686,-0.22813409763074333
3959,0.966552734375,23.560224812209995,-218.38515440611584,0.3328104082663117,-0.22994973162934684
3960,0.966796875,23.402354294708406,-218.02224668231884,0.33281809996975653,-0.23176536562795036
3961,0.967041015625,23.24448377720673,-217.65933895852163,0.3328257916732582,-0.23358099962655388
3962,0.9672851562500001,23.086613259705054,-217.29643123472445,0.33283348337670304,-0.2353966336251574
3963,0.967529296875,22.928742742203468,-216.93352351092744,0.3328411750801479,-0.2372122676237609
3964,0.9677734375,22.770872224701787,-216.57061578713024,0.3328488667835927,-0.23902790162236442
3965,0.968017578125,22.6130017072002,-216.20770806333326,0.33285655848703755,-0.24084353562096794
3966,0.96826171875,22.455131189698523,-215.84480033953605,0.3328642501905392,-0.24265916961957146
3967,0.9685058593750001,22.297260672196845,-215.48189261573881,0.33287194189398406,-0.24447480361817497
3968,0.96875,22.139390154695256,-215.11898489194184,0.3328796335974289,-0.2462904376167785
3969,0.968994140625,21.981519637193582,-214.75607716814463,0.3328873253008737,-0.248106071615382
3970,0.96923828125,21.823649119691993,-214.39316944434762,0.33289501700431856,-0.24992170561398552
3971,0.969482421875,21.665778602190315,-214.03026172055044,0.33290270870782024,-0.25173733961258904
3972,0.9697265625000001,21.50790808468864,-213.66735399675323,0.3329104004112651,-0.25355297361119256
3973,0.969970703125,21.35003756718705,-213.30444627295623,0.3329180921147099,-0.25536860760979607
3974,0.97021484375,21.192167049685377,-212.94153854915902,0.33292578381815474,-0.2571842416083996
3975,0.970458984375,21.034296532183788,-212.57863082536204,0.3329334755215996,-0.2589998756070031
3976,0.970703125,20.87642601468211,-212.21572310156483,0.33294116722510125,-0.2608155096056066
3977,0.9709472656250001,20.71855549718043,-211.8528153777676,0.3329488589285461,-0.26263114360421014
3978,0.97119140625,20.560684979678843,-211.48990765397062,0.3329565506319909,-0.26444677760281365
3979,0.971435546875,20.402814462177165,-211.1269999301734,0.33296424233543576,-0.2662624116013603
3980,0.9716796875,20.244943944675576,-210.7640922063764,0.3329719340388806,-0.26807804559996384
3981,0.971923828125,20.085924515058945,-210.31351381066054,0.332979114371426,-0.2699140434322089
3982,0.9721679687500001,19.922309436982484,-209.51225272726953,0.3329842492200328,-0.2718314965989066
3983,0.972412109375,19.758694358906116,-208.71099164387897,0.3329893840686964,-0.27374894976560427
3984,0.97265625,19.595079280829655,-207.90973056048793,0.33299451891730314,-0.2756664029323588
3985,0.972900390625,19.431464202753286,-207.10846947709737,0.33299965376596674,-0.27758385609905645
3986,0.97314453125,19.267849124676825,-206.30720839370633,0.33300478861463034,-0.2795013092657541
3987,0.9733886718750001,19.104234046600364,-205.50594731031532,0.3330099234632371,-0.2814187624324518
3988,0.9736328125,18.940618968523996,-204.70468622692476,0.3330150583119007,-0.28333621559914945
3989,0.973876953125,18.777003890447535,-203.90342514353372,0.3330201931605643,-0.28525366876590397
3990,0.97412109375,18.61338881237117,-203.10216406014317,0.33302532800917106,-0.28717112193260164
3991,0.974365234375,18.449773734294702,-202.30090297675216,0.33303046285783466,-0.2890885750992993
3992,0.9746093750000001,18.286158656218245,-201.49964189336112,0.33303559770649827,-0.291006028265997
3993,0.974853515625,18.12254357814188,-200.69838080997056,0.333040732555105,-0.29292348143269464
3994,0.97509765625,17.95892850006541,-199.89711972657955,0.3330458674037686,-0.29484093459944916
3995,0.975341796875,17.795313421989047,-199.095858643189,0.3330510022524322,-0.2967583877661468
3996,0.9755859375,17.631698343912586,-198.29459755979795,0.333056137101039,-0.2986758409328445
3997,0.9758300781250001,17.468083265836125,-197.49333647640694,0.3330612719497026,-0.30059329409954216
3998,0.97607421875,17.304468187759753,-196.69207539301638,0.3330664067983662,-0.30251074726623983
3999,0.976318359375,17.140853109683295,-195.89081430962534,0.33307154164697295,-0.30442820043299434
4000,0.9765625,16.977238031606927,-195.08955322623478,0.33307667649563655,-0.306345653599692
4001,0.976806640625,16.813622953530462,-194.28829214284377,0.33308181134430015,-0.3082631067663897
4002,0.9770507812500001,16.650007875454005,-193.48703105945273,0.3330869461929069,-0.31018055993308735
4003,0.977294921875,16.486392797377636,-192.68576997606215,0.3330920810415705,-0.312098013099785
4004,0.9775390625,16.322777719301175,-191.88450889267114,0.3330972158902341,-0.31401546626653953
4005,0.977783203125,16.159162641224807,-191.08324780928055,0.33310235073884087,-0.3159329194332372
4006,0.97802734375,15.995547563148344,-190.28198672588954,0.33310748558750447,-0.31785037259993487
4007,0.9782714843750001,15.828361590536671,-189.1718068734647,0.33311137409134517,-0.31981025246761874
4008,0.978515625,15.65879502156829,-187.85568117501847,0.3331144316986183,-0.3217984168026078
4009,0.978759765625,15.489228452599813,-186.53955547657154,0.3331174893059483,-0.32378658113754
4010,0.97900390625,15.319661883631431,-185.2234297781253,0.33312054691322146,-0.32577474547252905
4011,0.979248046875,15.150095314662956,-183.9073040796783,0.3331236045204946,-0.3277629098075181
4012,0.9794921875000001,14.980528745694475,-182.59117838123134,0.3331266621278246,-0.32975107414250715
4013,0.979736328125,14.810962176726093,-181.27505268278512,0.33312971973509775,-0.3317392384774962
4014,0.97998046875,14.641395607757616,-179.95892698433818,0.33313277734242774,-0.33372740281248525
4015,0.980224609375,14.471829038789235,-178.64280128589195,0.3331358349497009,-0.3357155671474743
4016,0.98046875,14.302262469820757,-177.32667558744498,0.3331388925570309,-0.3377037314824065
4017,0.9807128906250001,14.132695900852278,-176.01054988899799,0.33314195016430403,-0.33969189581739556
4018,0.98095703125,13.9631293318839,-174.69442419055179,0.3331450077715772,-0.3416800601523846
4019,0.981201171875,13.79356276291542,-173.37829849210482,0.3331480653789072,-0.34366822448737366
4020,0.9814453125,13.62399619394704,-172.0621727936586,0.3331511229861803,-0.3456563888223627
4021,0.981689453125,13.454429624978562,-170.7460470952116,0.3331541805935103,-0.34764455315735177
4022,0.9819335937500001,13.284863056010085,-169.42992139676463,0.33315723820078347,-0.3496327174923408
4023,0.982177734375,13.115296487041704,-168.11379569831843,0.3331602958080566,-0.351620881827273
4024,0.982421875,12.945729918073225,-166.79766999987143,0.3331633534153866,-0.3536090461622621
4025,0.982666015625,12.776163349104843,-165.4815443014252,0.33316641102265976,-0.3555972104972511
4026,0.98291015625,12.606596780136364,-164.16541860297824,0.33316946862998975,-0.3575853748322402
4027,0.9831542968750001,12.437030211167889,-162.84929290453124,0.3331725262372629,-0.35957353916722923
4028,0.9833984375,12.267463642199507,-161.533167206085,0.33317558384453605,-0.3615617035022183
4029,0.983642578125,12.09789707323103,-160.21704150763807,0.33317864145186604,-0.3635498678371505
4030,0.98388671875,11.928330504262648,-158.90091580919182,0.3331816990591392,-0.36553803217213954
4031,0.984130859375,11.758763935294171,-157.58479011074485,0.3331847566664692,-0.3675261965071286
4032,0.9843750000000001,11.589197366325688,-156.26866441229754,0.33318781427374233,-0.36951436084211764
4033,0.984619140625,11.41340327202623,-154.36540864035143,0.333189305130702,-0.37154327600211445
4034,0.98486328125,11.23760917772667,-152.4621528684043,0.3331907959877185,-0.3735721911621681
4035,0.985107421875,11.061815083427213,-150.5588970964582,0.33319228684467816,-0.3756011063221649
4036,0.9853515625,10.886020989127653,-148.655641324511,0.33319377770169467,-0.3776300214822186
4037,0.9855957031250001,10.710226894828093,-146.75238555256382,0.33319526855865433,-0.3796589366422154
4038,0.98583984375,10.534432800528634,-144.84912978061772,0.33319675941567084,-0.3816878518022122
4039,0.986083984375,10.358638706229076,-142.9458740086706,0.3331982502726305,-0.38371676696226587
4040,0.986328125,10.182844611929616,-141.04261823672448,0.33319974112959017,-0.3857456821222627
4041,0.986572265625,10.007050517630056,-139.1393624647773,0.33320123198660667,-0.38777459728231634
4042,0.9868164062500001,9.831256423330498,-137.2361066928301,0.33320272284356633,-0.38980351244231315
4043,0.987060546875,9.655462329031039,-135.33285092088403,0.33320421370058284,-0.39183242760230996
4044,0.9873046875,9.479668234731479,-133.42959514893687,0.3332057045575425,-0.3938613427623636
4045,0.987548828125,9.303874140432018,-131.52633937699076,0.333207195414559,-0.39589025792236043
4046,0.98779296875,9.128080046132462,-129.62308360504358,0.3332086862715187,-0.3979191730824141
4047,0.9880371093750001,8.952285951832902,-127.71982783309639,0.3332101771285352,-0.3999480882424109
4048,0.98828125,8.776491857533443,-125.81657206115031,0.33321166798549484,-0.4019770034024077
4049,0.988525390625,8.600697763233885,-123.91331628920314,0.3332131588424545,-0.4040059185624614
4050,0.98876953125,8.424903668934425,-122.01006051725705,0.333214649699471,-0.4060348337224582
4051,0.989013671875,8.249109574634867,-120.10680474530987,0.3332161405564307,-0.40806374888251185
4052,0.9892578125000001,8.073315480335307,-118.20354897336267,0.3332176314134472,-0.41009266404250866
4053,0.989501953125,7.897521386035848,-116.3002932014166,0.33321912227040684,-0.4121215792025055
4054,0.98974609375,7.721727291736288,-114.39703742946942,0.33322061312742335,-0.41415049436255913
4055,0.989990234375,7.545933197436829,-112.49378165752333,0.333222103984383,-0.41617940952255594
4056,0.990234375,7.370139103137271,-110.59052588557614,0.3332235948413427,-0.4182083246826096
4057,0.9904785156250001,7.194345008837711,-108.68727011362897,0.3332250856983592,-0.4202372398426064
4058,0.99072265625,7.015940003877227,-106.52171443741264,0.3332261654194326,-0.4222725972052217
4059,0.990966796875,6.833618632925097,-103.96270890478914,0.3332266284366483,-0.4243176178717363
4060,0.9912109375,6.65129726197307,-101.4037033721671,0.333227091453864,-0.426362638538194
4061,0.991455078125,6.468975891020942,-98.84469783954363,0.3332275544710228,-0.4284076592047086
4062,0.9916992187500001,6.2866545200688115,-96.28569230692013,0.3332280174882385,-0.4304526798711663
4063,0.991943359375,6.104333149116786,-93.72668677429809,0.33322848050545417,-0.4324977005376809
4064,0.9921875,5.922011778164657,-91.16768124167459,0.33322894352266985,-0.43454272120419546
4065,0.992431640625,5.73969040721263,-88.60867570905255,0.33322940653988553,-0.4365877418706532
4066,0.99267578125,5.557369036260502,-86.04967017642907,0.3332298695571012,-0.43863276253716776
4067,0.9929199218750001,5.375047665308371,-83.49066464380556,0.3332303325743169,-0.44067778320368234
4068,0.9931640625,5.192726294356346,-80.93165911118352,0.3332307955914757,-0.44272280387014007
4069,0.993408203125,5.010404923404216,-78.37265357856003,0.3332312586086914,-0.44476782453665464
4070,0.99365234375,4.82808355245219,-75.813648045938,0.3332317216259071,-0.4468128452031692
4071,0.993896484375,4.645762181500061,-73.2546425133145,0.33323218464312276,-0.44885786586962695
4072,0.9941406250000001,4.463440810547931,-70.695636980691,0.33323264766033844,-0.4509028865361415
4073,0.994384765625,4.281119439595906,-68.13663144806897,0.3332331106775541,-0.4529479072026561
4074,0.99462890625,4.098798068643775,-65.57762591544547,0.33323357369471296,-0.45499292786911383
4075,0.994873046875,3.9164766976917496,-63.01862038282344,0.33323403671192864,-0.4570379485356284
4076,0.9951171875,3.7341553267396206,-60.45961485019994,0.3332344997291443,-0.459082969202143
4077,0.9953613281250001,3.5518339557874907,-57.900609317576446,0.33323496274636,-0.4611279898686007
4078,0.99560546875,3.3695125848354643,-55.34160378495441,0.3332354257635757,-0.4631730105351153
4079,0.995849609375,3.1871912138833345,-52.78259825233092,0.33323588878079136,-0.465218031201573
4080,0.99609375,3.004869842931309,-50.22359271970888,0.3332363517979502,-0.4672630518680876
4081,0.996337890625,2.8225484719791796,-47.66458718708538,0.33323681481516587,-0.46930807253460216
4082,0.9965820312500001,2.64022710102705,-45.105581654461886,0.33323727783238155,-0.4713530932010599
4083,0.996826171875,2.457905730075024,-42.546576121839855,0.33323774084959723,-0.47339811386757447
4084,0.9970703125,2.2701013648917794,-39.4076015768576,0.33323783345304037,-0.47544417312582254
4085,0.997314453125,2.0809262511508604,-36.12363477878723,0.33323783345304037,-0.4774904920320182
4086,0.99755859375,1.891751137409834,-32.839667980714985,0.33323783345304037,-0.47953681093815703
4087,0.9978027343750001,1.7025760236688074,-29.555701182642736,0.33323783345304037,-0.4815831298443527
4088,0.998046875,1.5134009099278884,-26.27173438457236,0.33323783345304037,-0.48362944875054836
4089,0.998291015625,1.3242257961868622,-22.987767586500112,0.33323783345304037,-0.48567576765674403
4090,0.99853515625,1.1350506824459432,-19.703800788429735,0.33323783345304037,-0.48772208656288285
4091,0.998779296875,0.945875568704917,-16.419833990357493,0.33323783345304037,-0.4897684054690785
4092,0.9990234375000001,0.7567004549638905,-13.135867192285245,0.33323783345304037,-0.4918147243752742
4093,0.999267578125,0.5675253412229718,-9.851900394214868,0.33323783345304037,-0.49386104328146985
4094,0.99951171875,0.3783502274819454,-6.567933596142622,0.33323783345304037,-0.4959073621876655
4095,0.999755859375,0.18917511374102638,-3.283966798072247,0.33323783345304037,-0.49795368109380433
4096,1.0,0.0,0.0,0.33323783345304037,-0.5
