index,coordinate,U_at_X0.5,W_at_Z0.5,theta_vertical,theta_horizontal
0,0.0,0.0,0.0,-0.3332888793461848,0.5
1,0.000244140625,-0.18909166060171814,3.2845743796489115,-0.3332888793461848,0.4979536739801915
2,0.00048828125,-0.3781833212034363,6.569148759297823,-0.3332888793461848,0.4959073479604399
3,0.0007324218750000001,-0.5672749818051545,9.853723138946737,-0.3332888793461848,0.4938610219406314
4,0.0009765625,-0.7563666424068726,13.138297518595646,-0.3332888793461848,0.4918146959208798
5,0.001220703125,-0.9454583030085907,16.42287189824456,-0.3332888793461848,0.4897683699010713
6,0.0014648437500000002,-1.134549963610309,19.707446277893474,-0.3332888793461848,0.4877220438813197
7,0.001708984375,-1.323641624212027,22.992020657542383,-0.3332888793461848,0.4856757178615112
8,0.001953125,-1.5127332848137451,26.276595037191292,-0.3332888793461848,0.48362939184175957
9,0.002197265625,-1.7018249454154633,29.561169416840208,-0.3332888793461848,0.4815830658219511
10,0.00244140625,-1.8909166060171814,32.84574379648912,-0.3332888793461848,0.47953673980219946
11,0.002685546875,-2.0800082666188997,36.13031817613803,-0.3332888793461848,0.477490413782391
12,0.0029296875000000004,-2.269099927220618,39.41489255578695,-0.3332888793461848,0.47544408776263936
13,0.003173828125,-2.4568207751863125,42.55445325915436,-0.33328878674285534,0.4733980210592108
14,0.00341796875,-2.639058372607914,45.113959257395784,-0.33328832372615125,0.4713529916212451
15,0.003662109375,-2.8212959700295155,47.67346525563721,-0.3332878607093903,0.4693079621832794
16,0.00390625,-3.0035335674511177,50.23297125387864,-0.3332873976926862,0.4672629327453137
17,0.004150390625,-3.1857711648727203,52.792477252120065,-0.33328693467598214,0.465217903307348
18,0.00439453125,-3.3680087622943216,55.3519832503615,-0.33328647165927805,0.46317287386938233
19,0.004638671875,-3.5502463597159233,57.91148924860292,-0.3332860086425171,0.46112784443141663
20,0.0048828125,-3.7324839571375246,60.47099524684435,-0.33328554562581303,0.45908281499345094
21,0.005126953125,-3.9147215545591267,63.03050124508577,-0.33328508260910894,0.45703778555548524
22,0.00537109375,-4.0969591519807285,65.59000724332721,-0.33328461959240485,0.45499275611751955
23,0.005615234375,-4.27919674940233,68.14951324156864,-0.33328415657570076,0.45294772667955385
24,0.005859375000000001,-4.461434346823934,70.70901923981006,-0.33328369355893983,0.45090269724158816
25,0.006103515625,-4.6436719442455345,73.2685252380515,-0.33328323054223574,0.44885766780362246
26,0.00634765625,-4.825909541667136,75.8280312362929,-0.33328276752553165,0.44681263836565677
27,0.006591796875,-5.008147139088738,78.38753723453435,-0.33328230450882756,0.44476760892769107
28,0.0068359375,-5.19038473651034,80.94704323277578,-0.3332818414921235,0.4427225794897254
29,0.007080078125000001,-5.372622333931942,83.5065492310172,-0.33328137847536254,0.4406775500517597
30,0.00732421875,-5.554859931353543,86.06605522925862,-0.33328091545865846,0.438632520613794
31,0.007568359375,-5.737097528775145,88.62556122750006,-0.33328045244195437,0.4365874911758283
32,0.0078125,-5.919335126196747,91.18506722574149,-0.3332799894252503,0.43454246173791944
33,0.008056640625,-6.101572723618349,93.74457322398293,-0.3332795264085462,0.43249743229995374
34,0.00830078125,-6.283810321039951,96.30407922222433,-0.33327906339178526,0.43045240286198805
35,0.008544921875,-6.466047918461552,98.86358522046577,-0.33327860037508117,0.42840737342402235
36,0.0087890625,-6.648285515883155,101.4230912187072,-0.3332781373583771,0.42636234398605666
37,0.009033203125,-6.830523113304755,103.98259721694862,-0.333277674341673,0.42431731454809096
38,0.00927734375,-7.012760710726358,106.54210321519005,-0.33327721132491206,0.42227228511012527
39,0.009521484375,-7.191081945723104,108.7081013586589,-0.33327613165164394,0.42023691114712847
40,0.009765625,-7.366792272436614,110.61176093227932,-0.33327464087386716,0.4182079741675011
41,0.010009765625,-7.542502599150125,112.5154205058998,-0.3332731500961472,0.41617903718787375
42,0.01025390625,-7.718212925863635,114.41908007952024,-0.3332716593184273,0.4141501002082464
43,0.010498046874999998,-7.893923252577144,116.32273965314069,-0.33327016854070735,0.412121163228619
44,0.0107421875,-8.069633579290654,118.22639922676116,-0.3332686777629874,0.41009222624899166
45,0.010986328125,-8.245343906004164,120.13005880038159,-0.33326718698526747,0.4080632892693643
46,0.01123046875,-8.421054232717674,122.03371837400205,-0.33326569620754753,0.40603435228973694
47,0.011474609375,-8.596764559431186,123.93737794762251,-0.33326420542977075,0.4040054153101096
48,0.011718750000000002,-8.772474886144696,125.84103752124297,-0.3332627146520508,0.4019764783304822
49,0.011962890625,-8.948185212858206,127.7446970948634,-0.3332612238743309,0.39994754135085486
50,0.01220703125,-9.123895539571715,129.64835666848384,-0.33325973309661094,0.3979186043712275
51,0.012451171875,-9.299605866285225,131.55201624210432,-0.333258242318891,0.39588966739160014
52,0.0126953125,-9.475316192998736,133.45567581572476,-0.33325675154117107,0.3938607304119728
53,0.012939453125000002,-9.651026519712246,135.35933538934523,-0.33325526076345113,0.3918317934323454
54,0.01318359375,-9.826736846425755,137.26299496296568,-0.33325376998567435,0.3898028564526612
55,0.013427734375,-10.002447173139265,139.16665453658612,-0.3332522792079544,0.38777391947303386
56,0.013671875,-10.178157499852777,141.07031411020657,-0.3332507884302345,0.3857449824934065
57,0.013916015625,-10.353867826566287,142.973973683827,-0.33324929765251454,0.38371604551377914
58,0.014160156250000002,-10.529578153279797,144.87763325744746,-0.3332478068747946,0.3816871085341518
59,0.014404296875,-10.705288479993307,146.7812928310679,-0.33324631609707467,0.3796581715545244
60,0.0146484375,-10.880998806706815,148.68495240468835,-0.33324482531935473,0.37762923457489705
61,0.014892578125,-11.056709133420329,150.58861197830882,-0.33324333454157795,0.3756002975952697
62,0.01513671875,-11.232419460133837,152.49227155192924,-0.333241843763858,0.37357136061564233
63,0.015380859375000002,-11.408129786847347,154.39593112554974,-0.3332403529861381,0.371542423636015
64,0.015625,-11.583840113560857,156.29959069917015,-0.33323886220841814,0.3695134866563876
65,0.015869140625,-11.753323314253763,157.6160347244372,-0.33323580484290005,0.36752527290360604
66,0.01611328125,-11.922806514946668,158.93247874970427,-0.3332327474774388,0.36553705915082446
67,0.016357421875,-12.092289715639573,160.24892277497133,-0.3332296901119207,0.36354884539809973
68,0.0166015625,-12.26177291633248,161.56536680023837,-0.33322663274640263,0.36156063164531815
69,0.016845703125,-12.431256117025384,162.88181082550543,-0.3332235753809414,0.3595724178925366
70,0.01708984375,-12.60073931771829,164.19825485077249,-0.3332205180154233,0.357584204139755
71,0.017333984375,-12.770222518411195,165.51469887603955,-0.3332174606499052,0.35559599038703027
72,0.017578125,-12.9397057191041,166.83114290130658,-0.33321440328444396,0.3536077766342487
73,0.017822265625,-13.109188919797006,168.14758692657364,-0.33321134591892587,0.3516195628814671
74,0.01806640625,-13.278672120489913,169.4640309518407,-0.3332082885534078,0.34963134912868554
75,0.018310546875,-13.448155321182817,170.7804749771077,-0.33320523118794654,0.3476431353759608
76,0.0185546875,-13.617638521875724,172.0969190023748,-0.33320217382242845,0.34565492162317923
77,0.018798828125,-13.787121722568628,173.41336302764182,-0.33319911645691036,0.34366670787039766
78,0.01904296875,-13.956604923261535,174.7298070529089,-0.3331960590914491,0.3416784941176161
79,0.019287109375,-14.12608812395444,176.0462510781759,-0.333193001725931,0.33969028036489135
80,0.01953125,-14.295571324647344,177.36269510344297,-0.3331899443604698,0.3377020666121098
81,0.019775390624999997,-14.46505452534025,178.67913912871003,-0.3331868869949517,0.3357138528593282
82,0.02001953125,-14.63453772603316,179.99558315397712,-0.3331838296294336,0.3337256391065466
83,0.020263671875,-14.804020926726063,181.31202717924413,-0.33318077226397236,0.33173742535376505
84,0.0205078125,-14.973504127418972,182.6284712045112,-0.33317771489845427,0.3297492116010403
85,0.020751953125,-15.142987328111872,183.94491522977825,-0.3331746575329362,0.32776099784825874
86,0.020996093749999997,-15.312470528804779,185.2613592550453,-0.33317160016747494,0.32577278409547716
87,0.021240234375,-15.481953729497684,186.57780328031234,-0.33316854280195685,0.3237845703426956
88,0.021484375,-15.651436930190593,187.8942473055794,-0.33316548543643876,0.32179635658997086
89,0.021728515625,-15.820920130883499,189.21069133084646,-0.3331624280709775,0.3198081428371893
90,0.02197265625,-15.988023059714324,190.32115897926172,-0.33315853990887945,0.3178481973703242
91,0.022216796874999997,-16.151555580752042,191.12266206239937,-0.3331534055518546,0.31593065433224865
92,0.0224609375,-16.31508810178976,191.924165145537,-0.33314827119488655,0.31401311129422993
93,0.022705078125,-16.47862062282747,192.72566822867464,-0.3331431368379185,0.3120955682562112
94,0.02294921875,-16.642153143865187,193.52717131181228,-0.3331380024809505,0.31017802521813564
95,0.023193359375,-16.805685664902903,194.32867439494993,-0.3331328681239256,0.3082604821801169
96,0.023437500000000003,-16.969218185940623,195.13017747808757,-0.3331277337669576,0.30634293914204136
97,0.023681640625,-17.132750706978335,195.9316805612252,-0.33312259940998956,0.30442539610402264
98,0.02392578125,-17.296283228016048,196.73318364436284,-0.3331174650529647,0.3025078530660039
99,0.024169921875,-17.459815749053764,197.53468672750049,-0.33311233069599666,0.30059031002792835
100,0.0244140625,-17.623348270091483,198.33618981063813,-0.33310719633902863,0.29867276698990963
101,0.024658203125000003,-17.786880791129196,199.13769289377578,-0.3331020619820606,0.2967552239518909
102,0.02490234375,-17.950413312166912,199.9391959769134,-0.33309692762503573,0.29483768091381535
103,0.025146484375,-18.113945833204628,200.74069906005104,-0.3330917932680677,0.2929201378757966
104,0.025390625,-18.27747835424234,201.5422021431887,-0.3330866589110997,0.2910025948377779
105,0.025634765625,-18.44101087528006,202.3437052263263,-0.3330815245540748,0.28908505179970234
106,0.025878906250000003,-18.604543396317776,203.14520830946398,-0.3330763901971068,0.2871675087616836
107,0.026123046875,-18.76807591735549,203.9467113926016,-0.33307125584013875,0.2852499657236649
108,0.0263671875,-18.931608438393205,204.74821447573925,-0.3330661214831707,0.28333242268558934
109,0.026611328125,-19.09514095943092,205.54971755887686,-0.33306098712614585,0.2814148796475706
110,0.02685546875,-19.258673480468634,206.3512206420145,-0.3330558527691778,0.27949733660949505
111,0.027099609375000003,-19.422206001506353,207.15272372515219,-0.3330507184122098,0.27757979357147633
112,0.02734375,-19.58573852254407,207.9542268082898,-0.3330455840551849,0.2756622505334576
113,0.027587890625,-19.749271043581782,208.7557298914274,-0.3330404496982169,0.27374470749538204
114,0.02783203125,-19.912803564619498,209.55723297456504,-0.33303531534124886,0.2718271644573633
115,0.028076171875,-20.076336085657214,210.35873605770269,-0.33303018098428083,0.2699096214193446
116,0.028320312500000003,-20.235273952954433,210.80950100817694,-0.33302300141428987,0.26807349503269506
117,0.028564453125,-20.393063156816524,211.1725814254853,-0.3330153105411,0.26625772280891624
118,0.02880859375,-20.550852360678615,211.5356618427937,-0.33300761966791015,0.2644419505851374
119,0.029052734375,-20.70864156454071,211.89874226010204,-0.33299992879466345,0.26262617836141544
120,0.029296875,-20.8664307684028,212.2618226774104,-0.3329922379214736,0.2608104061376366
121,0.029541015625000003,-21.024219972264895,212.62490309471877,-0.33298454704828373,0.2589946339138578
122,0.02978515625,-21.182009176126986,212.98798351202717,-0.33297685617509387,0.257178861690079
123,0.030029296875,-21.33979837998908,213.3510639293355,-0.33296916530184717,0.25536308946630015
124,0.0302734375,-21.497587583851168,213.7141443466439,-0.3329614744286573,0.25354731724252133
125,0.030517578125,-21.655376787713266,214.07722476395227,-0.33295378355546745,0.25173154501879935
126,0.030761718750000003,-21.813165991575357,214.44030518126067,-0.3329460926822776,0.24991577279502053
127,0.031005859375,-21.97095519543745,214.80338559856904,-0.3329384018090309,0.2481000005712417
128,0.03125,-22.12874439929954,215.1664660158774,-0.33293071093584103,0.24628422834746289
129,0.031494140625,-22.286533603161633,215.52954643318577,-0.3329230200626512,0.24446845612368406
130,0.03173828125,-22.444322807023724,215.89262685049414,-0.3329153291894045,0.24265268389990524
131,0.031982421875,-22.60211201088582,216.2557072678025,-0.3329076383162146,0.24083691167612642
132,0.0322265625,-22.75990121474791,216.61878768511087,-0.33289994744302476,0.23902113945240444
133,0.032470703125,-22.917690418610004,216.98186810241927,-0.3328922565698349,0.23720536722862562
134,0.03271484375,-23.075479622472095,217.34494851972764,-0.3328845656965882,0.2353895950048468
135,0.032958984375,-23.233268826334186,217.70802893703603,-0.33287687482339834,0.23357382278106797
136,0.033203125,-23.39105803019628,218.07110935434437,-0.3328691839502085,0.23175805055728915
137,0.033447265625,-23.548847234058375,218.43418977165277,-0.3328614930770186,0.22994227833351033
138,0.03369140625,-23.706636437920462,218.79727018896114,-0.3328538022037719,0.22812650610978835
139,0.033935546875,-23.864425641782557,219.1603506062695,-0.33284611133058206,0.22631073388600953
140,0.0341796875,-24.022214845644648,219.52343102357784,-0.3328384204573922,0.2244949616622307
141,0.034423828125,-24.178877457080638,219.81459090556936,-0.3328301290214881,0.22270527432152676
142,0.03466796875,-24.331033698812202,219.81806864629328,-0.33281943533472713,0.22101992651317914
143,0.034912109375,-24.483189940543767,219.8215463870172,-0.332808741648023,0.21933457870488837
144,0.03515625,-24.63534618227533,219.82502412774113,-0.332798047961262,0.21764923089654076
145,0.035400390625,-24.787502424006902,219.82850186846508,-0.33278735427455786,0.21596388308819314
146,0.03564453125,-24.939658665738467,219.83197960918903,-0.33277666058779687,0.21427853527984553
147,0.035888671875,-25.091814907470035,219.83545734991296,-0.3327659669010927,0.2125931874714979
148,0.0361328125,-25.2439711492016,219.83893509063688,-0.33275527321433174,0.2109078396631503
149,0.036376953125,-25.396127390933163,219.8424128313608,-0.3327445795276276,0.20922249185485953
150,0.03662109375,-25.548283632664724,219.84589057208473,-0.3327338858408666,0.2075371440465119
151,0.036865234375,-25.700439874396295,219.8493683128087,-0.33272319215416246,0.2058517962381643
152,0.037109375,-25.85259611612786,219.85284605353263,-0.3327124984674015,0.20416644842981668
153,0.037353515625,-26.004752357859427,219.85632379425655,-0.33270180478069733,0.20248110062146907
154,0.03759765625,-26.15690859959099,219.85980153498048,-0.33269111109393634,0.20079575281312145
155,0.037841796875,-26.309064841322556,219.8632792757044,-0.3326804174072322,0.19911040500483068
156,0.0380859375,-26.461221083054127,219.86675701642832,-0.3326697237204712,0.19742505719648307
157,0.038330078125,-26.613377324785688,219.8702347571523,-0.33265903003376707,0.19573970938813545
158,0.03857421875,-26.765533566517252,219.87371249787623,-0.3326483363470061,0.19405436157978784
159,0.038818359375,-26.91768980824882,219.87719023860015,-0.33263764266030194,0.19236901377144022
160,0.0390625,-27.069846049980384,219.88066797932407,-0.3326269489735978,0.19068366596314945
161,0.039306640625,-27.22200229171195,219.884145720048,-0.3326162552868368,0.18899831815480184
162,0.03955078124999999,-27.374158533443516,219.88762346077195,-0.33260556160013266,0.18731297034645422
163,0.039794921875,-27.526314775175084,219.89110120149587,-0.3325948679133717,0.1856276225381066
164,0.0400390625,-27.678471016906652,219.89457894221982,-0.33258417422666753,0.183942274729759
165,0.040283203125,-27.830627258638213,219.89805668294375,-0.33257348053990654,0.18225692692141138
166,0.04052734375,-27.98278350036978,219.90153442366767,-0.3325627868532024,0.1805715791131206
167,0.04077148437499999,-28.131558592976802,219.73598436089915,-0.3325500448873413,0.17897854073038388
168,0.041015625,-28.278079586167458,219.45774909580237,-0.33253593740204224,0.17744704196474004
169,0.041259765625,-28.424600579358117,219.1795138307056,-0.3325218299167432,0.17591554319915303
170,0.04150390625,-28.571121572548773,218.90127856560878,-0.3325077224314441,0.1743840444335092
171,0.041748046875,-28.71764256573943,218.623043300512,-0.3324936149462019,0.17285254566786534
172,0.04199218749999999,-28.864163558930088,218.3448080354152,-0.3324795074609028,0.1713210469022215
173,0.042236328125,-29.010684552120743,218.0665727703184,-0.33246539997560376,0.1697895481366345
174,0.04248046875,-29.157205545311406,217.7883375052216,-0.33245129249036154,0.16825804937099065
175,0.042724609375,-29.303726538502058,217.51010224012484,-0.3324371850050625,0.1667265506053468
176,0.04296875,-29.45024753169272,217.231866975028,-0.3324230775197634,0.16519505183970296
177,0.04321289062499999,-29.596768524883373,216.95363170993124,-0.3324089700345212,0.16366355307411595
178,0.04345703125,-29.743289518074032,216.6753964448344,-0.3323948625492221,0.1621320543084721
179,0.043701171875,-29.88981051126469,216.39716117973765,-0.33238075506392306,0.16060055554282826
180,0.0439453125,-30.036331504455347,216.11892591464084,-0.332366647578624,0.15906905677724126
181,0.044189453125,-30.182852497646007,215.84069064954406,-0.3323525400933818,0.1575375580115974
182,0.04443359374999999,-30.32937349083666,215.56245538444725,-0.3323384326080827,0.15600605924595357
183,0.044677734375,-30.475894484027318,215.2842201193505,-0.33232432512278365,0.15447456048030972
184,0.044921875,-30.622415477217977,215.00598485425365,-0.3323102176375414,0.15294306171472272
185,0.045166015625,-30.768936470408633,214.7277495891569,-0.33229611015224236,0.15141156294907887
186,0.04541015625,-30.915457463599292,214.44951432406006,-0.3322820026669433,0.14988006418343502
187,0.04565429687499999,-31.061978456789948,214.1712790589633,-0.3322678951817011,0.14834856541784802
188,0.0458984375,-31.208499449980604,213.8930437938665,-0.332253787696402,0.14681706665220418
189,0.046142578125,-31.35502044317127,213.6148085287697,-0.33223968021110295,0.14528556788656033
190,0.04638671875,-31.50154143636192,213.3365732636729,-0.3322255727258039,0.14375406912091648
191,0.046630859375,-31.648062429552574,213.05833799857612,-0.33221146524056167,0.14222257035532948
192,0.04687500000000001,-31.79458342274324,212.78010273347928,-0.3321973577552626,0.14069107158968563
193,0.047119140625,-31.935348073235208,212.29366835328833,-0.33217946250493924,0.13932983104501773
194,0.04736328125,-32.07611272372718,211.80723397309725,-0.33216156725455903,0.13796859050040666
195,0.047607421875,-32.216877374219145,211.32079959290627,-0.33214367200423567,0.13660734995573875
196,0.0478515625,-32.357642024711126,210.83436521271523,-0.3321257767539123,0.1352461094111277
197,0.04809570312500001,-32.49840667520309,210.34793083252418,-0.3321078815035321,0.13388486886645978
198,0.04833984375,-32.63917132569506,209.8614964523332,-0.33208998625320874,0.13252362832184872
199,0.048583984375,-32.77993597618704,209.37506207214216,-0.33207209100282853,0.1311623877771808
200,0.048828125,-32.920700626679,208.88862769195117,-0.33205419575250517,0.1298011472325129
201,0.049072265625,-33.061465277170974,208.4021933117601,-0.3320363005021818,0.12843990668790184
202,0.04931640625000001,-33.202229927662955,207.9157589315691,-0.3320184052518016,0.12707866614323393
203,0.049560546875,-33.34299457815492,207.42932455137807,-0.33200051000147823,0.12571742559862287
204,0.0498046875,-33.48375922864689,206.94289017118703,-0.33198261475115487,0.12435618505395496
205,0.050048828125,-33.62452387913886,206.45645579099605,-0.33196471950077466,0.12299494450928705
206,0.05029296875,-33.76528852963083,205.970021410805,-0.3319468242504513,0.12163370396467599
207,0.05053710937500001,-33.906053180122804,205.48358703061396,-0.33192892900012794,0.12027246342000808
208,0.05078125,-34.04681783061478,204.99715265042298,-0.33191103374974773,0.11891122287539702
209,0.051025390625,-34.187582481106745,204.51071827023193,-0.33189313849942437,0.11754998233072911
210,0.05126953125,-34.32834713159871,204.02428389004092,-0.331875243249101,0.11618874178611804
211,0.051513671875,-34.46911178209069,203.53784950984988,-0.3318573479987208,0.11482750124145014
212,0.05175781250000001,-34.60987643258266,203.05141512965886,-0.33183945274839743,0.11346626069678223
213,0.052001953125,-34.750641083074626,202.56498074946785,-0.33182155749801723,0.11210502015217116
214,0.05224609375,-34.8914057335666,202.07854636927684,-0.33180366224769386,0.11074377960750326
215,0.052490234375,-35.032170384058574,201.59211198908582,-0.3317857669973705,0.10938253906289219
216,0.052734375,-35.17293503455054,201.10567760889478,-0.3317678717469903,0.10802129851822428
217,0.05297851562500001,-35.313699685042515,200.61924322870374,-0.33174997649666693,0.10666005797361322
218,0.05322265625,-35.45206695217686,200.07602384454862,-0.33173043185848883,0.10537037812764538
219,0.053466796875,-35.586838144274765,199.44762695444723,-0.33170841313847177,0.10418803932981291
220,0.0537109375,-35.72160933637267,198.81923006434587,-0.3316863944184547,0.10300570053198044
221,0.053955078125,-35.85638052847058,198.19083317424452,-0.3316643756984945,0.10182336173414797
222,0.05419921875000001,-35.99115172056849,197.56243628414313,-0.33164235697847744,0.1006410229363155
223,0.054443359375,-36.1259229126664,196.9340393940418,-0.3316203382584604,0.09945868413848302
224,0.0546875,-36.260694104764305,196.3056425039404,-0.33159831953850016,0.09827634534065055
225,0.054931640625,-36.3954652968622,195.67724561383903,-0.3315763008184831,0.09709400654287492
226,0.05517578125,-36.53023648896011,195.04884872373768,-0.33155428209846605,0.09591166774504245
227,0.05541992187500001,-36.665007681058015,194.42045183363632,-0.33153226337850583,0.09472932894720998
228,0.0556640625,-36.799778873155915,193.79205494353496,-0.3315102446584888,0.0935469901493775
229,0.055908203125,-36.93455006525382,193.16365805343355,-0.33148822593852856,0.09236465135154504
230,0.05615234375,-37.06932125735173,192.53526116333222,-0.3314662072185115,0.09118231255371256
231,0.056396484375,-37.20409244944964,191.90686427323084,-0.33144418849849444,0.08999997375588009
232,0.05664062500000001,-37.33886364154755,191.27846738312948,-0.3314221697785342,0.08881763495804762
233,0.056884765625,-37.473634833645455,190.65007049302812,-0.33140015105851717,0.08763529616021515
234,0.05712890625,-37.60840602574336,190.02167360292677,-0.3313781323385001,0.08645295736238268
235,0.057373046875,-37.743177217841264,189.3932767128254,-0.3313561136185399,0.0852706185645502
236,0.0576171875,-37.87794840993917,188.76487982272403,-0.33133409489852284,0.08408827976671773
237,0.05786132812500001,-38.01271960203709,188.13648293262267,-0.3313120761785626,0.08290594096888526
238,0.05810546875,-38.14749079413499,187.50808604252128,-0.33129005745854556,0.08172360217105279
239,0.058349609375,-38.282261986232896,186.87968915241993,-0.3312680387385285,0.08054126337322032
240,0.05859375,-38.417033178330804,186.2512922623186,-0.3312460200185683,0.07935892457538785
241,0.058837890625,-38.5518043704287,185.62289537221722,-0.33122400129855123,0.07817658577755537
242,0.05908203125000001,-38.686575562526606,184.99449848211583,-0.33120198257853417,0.0769942469797229
243,0.059326171875,-38.821346754624514,184.36610159201447,-0.33117996385857396,0.07581190818189043
244,0.0595703125,-38.95104942518363,183.66973859772133,-0.33115440897620374,0.07477353595231762
245,0.059814453125,-39.07948496535804,182.95638407738025,-0.3311279700533305,0.07377115536485235
246,0.06005859375,-39.20792050553246,182.24302955703914,-0.3311015311304004,0.07276877477744392
247,0.06030273437500001,-39.33635604570688,181.52967503669805,-0.33107509220747033,0.07176639418997866
248,0.060546875,-39.46479158588129,180.816320516357,-0.3310486532845971,0.07076401360251339
249,0.060791015625,-39.59322712605571,180.10296599601588,-0.331022214361667,0.06976163301504812
250,0.06103515625,-39.72166266623012,179.38961147567485,-0.3309957754387369,0.06875925242758285
251,0.061279296875,-39.85009820640454,178.67625695533374,-0.3309693365158637,0.06775687184011758
252,0.06152343750000001,-39.978533746578954,177.96290243499263,-0.3309428975929336,0.06675449125265231
253,0.061767578125,-40.10696928675337,177.24954791465157,-0.3309164586700035,0.06575211066518705
254,0.06201171875,-40.235404826927784,176.53619339431046,-0.3308900197471303,0.06474973007772178
255,0.062255859375,-40.3638403671022,175.8228388739694,-0.3308635808242002,0.06374734949025651
256,0.0625,-40.49227590727661,175.1094843536283,-0.3308371419012701,0.06274496890279124
257,0.062744140625,-40.62071144745103,174.3961298332872,-0.3308107029783969,0.061742588315325975
258,0.06298828125,-40.74914698762544,173.68277531294612,-0.3307842640554668,0.06074020772786071
259,0.063232421875,-40.87758252779986,172.969420792605,-0.33075782513259355,0.05973782714039544
260,0.0634765625,-41.00601806797427,172.25606627226398,-0.33073138620966347,0.05873544655293017
261,0.063720703125,-41.13445360814869,171.54271175192287,-0.3307049472867334,0.0577330659654649
262,0.06396484375,-41.262889148323104,170.82935723158175,-0.33067850836386015,0.056730685377999635
263,0.064208984375,-41.39132468849752,170.11600271124072,-0.33065206944093006,0.055728304790534366
264,0.064453125,-41.51976022867193,169.4026481908996,-0.330625630518,0.0547259242030691
265,0.064697265625,-41.64819576884635,168.68929367055853,-0.33059919159512674,0.05372354361560383
266,0.06494140625,-41.77663130902076,167.9759391502174,-0.33057275267219666,0.05272116302813856
267,0.065185546875,-41.90506684919518,167.26258462987633,-0.3305463137492666,0.05171878244073014
268,0.0654296875,-42.03350238936959,166.54923010953527,-0.33051987482639333,0.05071640185326487
269,0.065673828125,-42.16058490636179,165.8282564644502,-0.33049250033144517,0.04974888482354345
270,0.06591796875,-42.282255330625105,165.07680632038927,-0.33046138354848154,0.04892082202479742
271,0.066162109375,-42.40392575488841,164.32535617632834,-0.33043026676557474,0.04809275922610823
272,0.06640625,-42.52559617915172,163.5739060322674,-0.3303991499826111,0.04726469642741904
273,0.066650390625,-42.647266603415034,162.82245588820643,-0.33036803319964747,0.04643663362867301
274,0.06689453125,-42.76893702767834,162.0710057441455,-0.33033691641668383,0.04560857082998382
275,0.067138671875,-42.890607451941655,161.31955560008458,-0.3303057996337202,0.04478050803129463
276,0.0673828125,-43.01227787620496,160.56810545602363,-0.3302746828508134,0.0439524452325486
277,0.067626953125,-43.133948300468276,159.81665531196268,-0.33024356606784977,0.04312438243385941
278,0.06787109375,-43.25561872473158,159.06520516790175,-0.33021244928488613,0.04229631963517022
279,0.068115234375,-43.3772891489949,158.31375502384083,-0.3301813325019225,0.04146825683642419
280,0.068359375,-43.498959573258205,157.5623048797799,-0.3301502157190157,0.040640194037735
281,0.068603515625,-43.62062999752151,156.81085473571895,-0.33011909893605207,0.03981213123904581
282,0.06884765625,-43.742300421784826,156.05940459165797,-0.33008798215308843,0.03898406844029978
283,0.069091796875,-43.86397084604813,155.3079544475971,-0.3300568653701248,0.03815600564161059
284,0.0693359375,-43.98564127031145,154.55650430353614,-0.330025748587218,0.0373279428429214
285,0.069580078125,-44.107311694574754,153.8050541594752,-0.32999463180425437,0.03649988004417537
286,0.06982421875,-44.22898211883807,153.05360401541427,-0.32996351502129073,0.03567181724548618
287,0.070068359375,-44.350652543101376,152.30215387135334,-0.3299323982383271,0.03484375444679699
288,0.0703125,-44.47232296736468,151.5507037272924,-0.3299012814554203,0.034015691648107804
289,0.070556640625,-44.593993391628,150.79925358323143,-0.32987016467245667,0.03318762884936177
290,0.07080078125,-44.715663815891304,150.04780343917054,-0.32983904788949303,0.032359566050672584
291,0.071044921875,-44.83733424015462,149.29635329510958,-0.3298079311065294,0.031531503251983395
292,0.0712890625,-44.959004664417925,148.54490315104863,-0.32977681432356576,0.030703440453237363
293,0.071533203125,-45.08067508868124,147.79345300698773,-0.32974569754065897,0.029875377654548174
294,0.07177734375,-45.20234551294455,147.04200286292675,-0.32971458075769533,0.029047314855858986
295,0.072021484375,-45.319660655780794,146.28973569339445,-0.3296805257631945,0.02831724124308721
296,0.072265625,-45.43407227766566,145.53692384021457,-0.32964451196096434,0.027652493754374063
297,0.072509765625,-45.54848389955053,144.78411198703463,-0.329608498158791,0.026987746265660917
298,0.07275390625,-45.662895521435395,144.03130013385473,-0.32957248435656084,0.026322998776890927
299,0.072998046875,-45.777307143320265,143.2784882806748,-0.3295364705543875,0.02565825128817778
300,0.0732421875,-45.891718765205134,142.52567642749491,-0.32950045675215733,0.02499350379940779
301,0.073486328125,-46.006130387089996,141.77286457431498,-0.329464442949984,0.024328756310694644
302,0.07373046875,-46.120542008974866,141.02005272113504,-0.32942842914775383,0.023664008821924654
303,0.073974609375,-46.234953630859735,140.26724086795514,-0.3293924153455805,0.022999261333211507
304,0.07421875,-46.3493652527446,139.51442901477526,-0.32935640154335033,0.02233451384449836
305,0.074462890625,-46.46377687462947,138.76161716159535,-0.329320387741177,0.02166976635572837
306,0.07470703125,-46.578188496514336,138.00880530841542,-0.32928437393894683,0.021005018867015224
307,0.074951171875,-46.6926001183992,137.25599345523548,-0.3292483601367735,0.020340271378245234
308,0.0751953125,-46.80701174028407,136.50318160205563,-0.3292123463345433,0.019675523889532087
309,0.075439453125,-46.92142336216894,135.7503697488757,-0.32917633253237,0.01901077640081894
310,0.07568359375,-47.0358349840538,134.9975578956958,-0.3291403187301398,0.01834602891204895
311,0.075927734375,-47.15024660593867,134.24474604251589,-0.3291043049279665,0.017681281423335804
312,0.076171875,-47.26465822782354,133.49193418933598,-0.3290682911257363,0.017016533934565814
313,0.076416015625,-47.3790698497084,132.73912233615607,-0.329032277323563,0.016351786445852667
314,0.07666015625,-47.49348147159327,131.98631048297614,-0.3289962635213328,0.015687038957082677
315,0.076904296875,-47.60789309347814,131.23349862979626,-0.3289602497191595,0.01502229146836953
316,0.0771484375,-47.722304715363,130.48068677661632,-0.3289242359169293,0.014357543979656384
317,0.077392578125,-47.83671633724787,129.7278749234364,-0.328888222114756,0.013692796490886394
318,0.07763671875,-47.951127959132734,128.97506307025648,-0.3288522083125258,0.013028049002173248
319,0.077880859375,-48.0655395810176,128.22225121707658,-0.3288161945103525,0.012363301513403258
320,0.078125,-48.17995120290247,127.46943936389668,-0.3287801807081223,0.011698554024690111
321,0.078369140625,-48.28657265617686,126.74258284785432,-0.32873908787456685,0.011182277782609162
322,0.07861328125,-48.39319410945125,126.01572633181193,-0.3286979950410682,0.010666001540585057
323,0.078857421875,-48.49981556272564,125.28886981576956,-0.32865690220751276,0.010149725298504109
324,0.07910156249999999,-48.606437016000015,124.56201329972723,-0.3286158093739573,0.00963344905642316
325,0.079345703125,-48.71305846927441,123.83515678368487,-0.3285747165404018,0.009117172814342211
326,0.07958984375,-48.819679922548794,123.10830026764248,-0.3285336237069032,0.008600896572318106
327,0.079833984375,-48.926301375823186,122.38144375160012,-0.32849253087334773,0.008084620330237158
328,0.080078125,-49.03292282909757,121.65458723555773,-0.32845143803979227,0.007568344088156209
329,0.08032226562499999,-49.13954428237196,120.92773071951541,-0.3284103452062368,0.007052067846075261
330,0.08056640625,-49.24616573564634,120.20087420347302,-0.3283692523727382,0.0065357916040511554
331,0.080810546875,-49.35278718892073,119.47401768743066,-0.3283281595391827,0.006019515361970207
332,0.0810546875,-49.45940864219512,118.74716117138829,-0.32828706670562724,0.005503239119889258
333,0.081298828125,-49.566030095469515,118.02030465534591,-0.3282459738720718,0.00498696287780831
334,0.08154296874999999,-49.67265154874389,117.29344813930356,-0.32820488103857315,0.0044706866357842046
335,0.081787109375,-49.77927300201828,116.5665916232612,-0.3281637882050177,0.003954410393703256
336,0.08203125,-49.88589445529267,115.83973510721883,-0.3281226953714622,0.0034381341516223074
337,0.082275390625,-49.992515908567064,115.11287859117643,-0.3280816025379636,0.002921857909541359
338,0.08251953125,-50.09913736184146,114.38602207513406,-0.3280405097044081,0.0024055816675172537
339,0.08276367187499999,-50.205758815115836,113.65916555909175,-0.32799941687085266,0.001889305425436305
340,0.0830078125,-50.31238026839022,112.93230904304937,-0.3279583240372972,0.0013730291833553565
341,0.083251953125,-50.419001721664614,112.20545252700701,-0.32791723120379856,0.0008567529412744079
342,0.08349609375,-50.525623174939,111.47859601096461,-0.3278761383702431,0.00034047669925030277
343,0.083740234375,-50.63224462821339,110.75173949492223,-0.32783504553668763,-0.0001757995428306458
344,0.08398437499999999,-50.73886608148777,110.02488297887992,-0.32779395270313216,-0.0006920757849115944
345,0.084228515625,-50.845487534762164,109.29802646283754,-0.32775285986963354,-0.001208352026992543
346,0.08447265625,-50.948776602590705,108.58917206002569,-0.3277096765896772,-0.0016721159716439615
347,0.084716796875,-51.047067092250494,107.90732082705965,-0.32766335764011956,-0.002057111470264772
348,0.0849609375,-51.14535758191028,107.22546959409362,-0.3276170386905619,-0.002442106968828739
349,0.08520507812499999,-51.24364807157006,106.54361836112763,-0.32757071974100427,-0.0028271024674495493
350,0.08544921875,-51.34193856122984,105.86176712816159,-0.32752440079150347,-0.0032120979660135163
351,0.085693359375,-51.44022905088963,105.17991589519555,-0.3274780818419458,-0.0035970934646343267
352,0.0859375,-51.53851954054941,104.49806466222951,-0.3274317628923882,-0.003982088963198294
353,0.086181640625,-51.63681003020919,103.81621342926347,-0.32738544394283053,-0.004367084461819104
354,0.08642578124999999,-51.73510051986897,103.13436219629747,-0.3273391249932729,-0.004752079960439914
355,0.086669921875,-51.833391009528754,102.45251096333145,-0.3272928060437721,-0.005137075459003881
356,0.0869140625,-51.931681499188535,101.77065973036541,-0.32724648709421444,-0.005522070957624692
357,0.087158203125,-52.029971988848324,101.08880849739936,-0.3272001681446568,-0.005907066456188659
358,0.08740234375,-52.12826247850811,100.40695726443333,-0.32715384919509916,-0.006292061954809469
359,0.08764648437499999,-52.22655296816788,99.72510603146735,-0.3271075302455415,-0.0066770574534302796
360,0.087890625,-52.32484345782767,99.0432547985013,-0.3270612112960407,-0.0070620529519942465
361,0.088134765625,-52.42313394748746,98.36140356553526,-0.32701489234648307,-0.007447048450615057
362,0.08837890625,-52.521424437147246,97.67955233256923,-0.3269685733969254,-0.007832043949179024
363,0.088623046875,-52.61971492680703,96.99770109960318,-0.3269222544473678,-0.008217039447799834
364,0.08886718749999999,-52.7180054164668,96.3158498666372,-0.32687593549781013,-0.008602034946363801
365,0.089111328125,-52.81629590612659,95.63399863367115,-0.3268296165482525,-0.008987030444984612
366,0.08935546875,-52.91458639578637,94.9521474007051,-0.3267832975987517,-0.009372025943605422
367,0.089599609375,-53.012876885446154,94.27029616773908,-0.32673697864919404,-0.009757021442169389
368,0.08984375,-53.11116737510594,93.58844493477302,-0.3266906596996364,-0.0101420169407902
369,0.09008789062499999,-53.20945786476572,92.90659370180704,-0.32664434075007875,-0.010527012439354166
370,0.09033203125,-53.3077483544255,92.22474246884101,-0.3265980218005211,-0.010912007937974977
371,0.090576171875,-53.40603884408529,91.54289123587498,-0.3265517028510203,-0.011297003436538944
372,0.0908203125,-53.49724697300535,90.90675580320651,-0.32650111073877497,-0.011591543853000985
373,0.091064453125,-53.58668451174048,90.28204932061244,-0.3264494503358719,-0.011863470498894912
374,0.09130859374999999,-53.67612205047561,89.65734283801842,-0.32639778993296886,-0.01213539714478884
375,0.091552734375,-53.76555958921075,89.03263635542436,-0.3263461295300658,-0.012407323790682767
376,0.091796875,-53.854997127945886,88.40792987283031,-0.3262944691272196,-0.012679250436576694
377,0.092041015625,-53.94443466668102,87.78322339023622,-0.32624280872431655,-0.012951177082470622
378,0.09228515625,-54.033872205416145,87.15851690764217,-0.3261911483214135,-0.013223103728421393
379,0.09252929687499999,-54.123309744151285,86.53381042504816,-0.32613948791851044,-0.01349503037431532
380,0.0927734375,-54.21274728288642,85.9091039424541,-0.3260878275156074,-0.013766957020209247
381,0.093017578125,-54.30218482162155,85.28439745986002,-0.32603616711270433,-0.014038883666103175
382,0.09326171875,-54.391622360356685,84.65969097726597,-0.3259845067098581,-0.014310810311997102
383,0.093505859375,-54.481059899091825,84.03498449467189,-0.32593284630695507,-0.01458273695789103
384,0.09375000000000001,-54.57049743782695,83.41027801207784,-0.325881185904052,-0.014854663603784957
385,0.093994140625,-54.659934976562084,82.78557152948382,-0.32582952550114896,-0.015126590249678884
386,0.09423828125,-54.74937251529722,82.16086504688975,-0.3257778650982459,-0.015398516895572811
387,0.094482421875,-54.83881005403236,81.53615856429569,-0.3257262046953997,-0.01567044354146674
388,0.0947265625,-54.92824759276749,80.91145208170164,-0.32567454429249665,-0.015942370187360666
389,0.09497070312500001,-55.01768513150262,80.28674559910755,-0.3256228838895936,-0.016214296833254593
390,0.09521484375,-55.10712267023775,79.66203911651354,-0.32557122348669054,-0.01648622347914852
391,0.095458984375,-55.19656020897289,79.03733263391948,-0.3255195630837875,-0.01675815012509929
392,0.095703125,-55.285997747708024,78.41262615132543,-0.32546790268088444,-0.01703007677099322
393,0.095947265625,-55.37543528644316,77.78791966873135,-0.3254162422780382,-0.017302003416887146
394,0.09619140625000001,-55.46487282517829,77.1632131861373,-0.3253645818751352,-0.017573930062781074
395,0.096435546875,-55.55431036391342,76.53850670354328,-0.3253129214722321,-0.017845856708675
396,0.0966796875,-55.64374790264856,75.9138002209492,-0.32526126106932907,-0.018117783354568928
397,0.096923828125,-55.73131955308686,75.30184533491307,-0.32520851481609725,-0.018370727650108165
398,0.09716796875,-55.811427650337876,74.74089683510864,-0.3251514251615504,-0.018547742544114953
399,0.09741210937500001,-55.89153574758888,74.17994833530419,-0.3250943355070035,-0.018724757438121742
400,0.09765625,-55.971643844839896,73.61899983549979,-0.3250372458525135,-0.01890177233212853
401,0.097900390625,-56.051751942090895,73.05805133569535,-0.3249801561979666,-0.01907878722613532
402,0.09814453125,-56.1318600393419,72.49710283589091,-0.32492306654341974,-0.019255802120142107
403,0.098388671875,-56.211968136592915,71.93615433608647,-0.32486597688887286,-0.019432817014148895
404,0.09863281250000001,-56.29207623384392,71.37520583628205,-0.324808887234326,-0.019609831908212527
405,0.098876953125,-56.372184331094935,70.81425733647765,-0.3247517975797791,-0.019786846802219316
406,0.09912109375,-56.452292428345935,70.2533088366732,-0.32469470792523225,-0.019963861696226104
407,0.099365234375,-56.53240052559694,69.69236033686877,-0.3246376182706854,-0.020140876590232892
408,0.099609375,-56.612508622847955,69.1314118370643,-0.3245805286161385,-0.02031789148423968
409,0.09985351562500001,-56.69261672009897,68.57046333725988,-0.32452343896159164,-0.02049490637824647
410,0.10009765625,-56.772724817349975,68.00951483745548,-0.32446634930704477,-0.020671921272253257
411,0.100341796875,-56.852832914600974,67.44856633765103,-0.32440925965255474,-0.020848936166260046
412,0.1005859375,-56.93294101185198,66.8876178378466,-0.32435216999800787,-0.021025951060323678
413,0.100830078125,-57.01304910910301,66.32666933804217,-0.324295080343461,-0.021202965954330466
414,0.10107421875000001,-57.09315720635401,65.76572083823773,-0.3242379906889141,-0.021379980848337254
415,0.101318359375,-57.173265303605014,65.20477233843332,-0.32418090103436725,-0.021556995742344043
416,0.1015625,-57.25337340085603,64.64382383862889,-0.3241238113798204,-0.02173401063635083
417,0.101806640625,-57.333481498107034,64.08287533882444,-0.3240667217252735,-0.02191102553035762
418,0.10205078125,-57.41358959535805,63.521926839020004,-0.32400963207072664,-0.022088040424364408
419,0.10229492187500001,-57.49369769260905,62.96097833921556,-0.32395254241617977,-0.022265055318371196
420,0.1025390625,-57.57380578986006,62.40002983941116,-0.3238954527616329,-0.022442070212377985
421,0.102783203125,-57.65391388711107,61.83908133960673,-0.323838363107086,-0.022619085106441617
422,0.10302734375,-57.73402198436207,61.27813283980228,-0.323781273452596,-0.022796100000448405
423,0.103271484375,-57.80828807691189,60.756866450905825,-0.323720886936826,-0.022926547539100284
424,0.10351562500000001,-57.878659499660934,60.2620548026147,-0.3236583025136497,-0.02302595017420117
425,0.103759765625,-57.94903092240997,59.767243154323594,-0.3235957180904734,-0.023125352809302058
426,0.10400390625,-58.019402345159,59.27243150603247,-0.3235331336672971,-0.023224755444402945
427,0.104248046875,-58.08977376790804,58.777619857741335,-0.3234705492441208,-0.02332415807950383
428,0.1044921875,-58.16014519065707,58.282808209450195,-0.32340796482088763,-0.02342356071460472
429,0.10473632812500001,-58.23051661340612,57.78799656115906,-0.3233453803977113,-0.023522963349648762
430,0.10498046875,-58.30088803615514,57.293184912867964,-0.323282795974535,-0.02362236598474965
431,0.105224609375,-58.37125945890418,56.798373264576846,-0.3232202115513587,-0.023721768619850536
432,0.10546875,-58.441630881653225,56.303561616285705,-0.3231576271281824,-0.023821171254951423
433,0.105712890625,-58.512002304402245,55.80874996799457,-0.3230950427050061,-0.02392057389005231
434,0.10595703125000001,-58.58237372715129,55.313938319703446,-0.32303245828177296,-0.024019976525153197
435,0.106201171875,-58.652745149900326,54.81912667141235,-0.32296987385859666,-0.024119379160254084
436,0.1064453125,-58.72311657264935,54.32431502312121,-0.32290728943542035,-0.02421878179535497
437,0.106689453125,-58.793487995398394,53.82950337483008,-0.32284470501224405,-0.024318184430455858
438,0.10693359375,-58.86385941814743,53.33469172653894,-0.32278212058906774,-0.024417587065556745
439,0.10717773437500001,-58.93423084089647,52.83988007824782,-0.32271953616589144,-0.024516989700657632
440,0.107421875,-59.0046022636455,52.34506842995672,-0.3226569517426583,-0.02461639233575852
441,0.107666015625,-59.07497368639453,51.850256781665585,-0.322594367319482,-0.024715794970859406
442,0.10791015625,-59.14534510914357,51.35544513337445,-0.3225317828963057,-0.02481519760590345
443,0.108154296875,-59.2157165318926,50.86063348508332,-0.3224691984731294,-0.024914600241004337
444,0.10839843750000001,-59.286087954641644,50.365821836792186,-0.3224066140499531,-0.025014002876105224
445,0.108642578125,-59.35645937739068,49.87101018850109,-0.3223440296267768,-0.02511340551120611
446,0.10888671875,-59.426830800139705,49.37619854020996,-0.3222814452035436,-0.025212808146306998
447,0.109130859375,-59.497202222888745,48.88138689191882,-0.3222188607803673,-0.025312210781407884
448,0.109375,-59.56757364563778,48.386575243627696,-0.322156276357191,-0.02541161341650877
449,0.10961914062500001,-59.62789029417487,47.95717638243878,-0.322088147671991,-0.025449302658216766
450,0.10986328125,-59.68820694271195,47.52777752124989,-0.322020018986791,-0.02548699189992476
451,0.110107421875,-59.74852359124904,47.098378660060966,-0.321951890301591,-0.025524681141632755
452,0.1103515625,-59.80884023978612,46.668979798872044,-0.3218837616164478,-0.02556237038334075
453,0.110595703125,-59.86915688832321,46.23958093768313,-0.3218156329312478,-0.025600059625048743
454,0.11083984375000001,-59.9294735368603,45.810182076494215,-0.3217475042460478,-0.025637748866756738
455,0.111083984375,-59.98979018539738,45.38078321530532,-0.3216793755608478,-0.025675438108464732
456,0.111328125,-60.05010683393447,44.9513843541164,-0.3216112468756478,-0.02571312735022957
457,0.111572265625,-60.11042348247155,44.52198549292748,-0.3215431181904478,-0.025750816591937564
458,0.11181640625,-60.17074013100864,44.092586631738556,-0.3214749895053046,-0.02578850583364556
459,0.11206054687500001,-60.23105677954573,43.66318777054964,-0.3214068608201046,-0.025826195075353553
460,0.1123046875,-60.291373428082814,43.23378890936075,-0.3213387321349046,-0.025863884317061547
461,0.112548828125,-60.3516900766199,42.804390048171825,-0.3212706034497046,-0.02590157355876954
462,0.11279296875,-60.412006725156985,42.3749911869829,-0.3212024747645046,-0.025939262800477536
463,0.113037109375,-60.472323373694074,41.94559232579398,-0.3211343460793046,-0.02597695204218553
464,0.11328125000000001,-60.53264002223116,41.51619346460507,-0.32106621739410457,-0.026014641283893525
465,0.113525390625,-60.592956670768245,41.08679460341617,-0.3209980887089614,-0.02605233052560152
466,0.11376953125,-60.653273319305335,40.65739574222725,-0.3209299600237614,-0.026090019767309514
467,0.114013671875,-60.71358996784242,40.22799688103833,-0.3208618313385614,-0.026127709009017508
468,0.1142578125,-60.773906616379506,39.79859801984941,-0.3207937026533614,-0.026165398250725502
469,0.11450195312500001,-60.834223264916595,39.369199158660486,-0.32072557396816137,-0.026203087492433497
470,0.11474609375,-60.89453991345368,38.9398002974716,-0.32065744528296136,-0.026240776734198334
471,0.114990234375,-60.954856561990766,38.510401436282685,-0.3205893165978182,-0.02627846597590633
472,0.115234375,-61.01517321052785,38.08100257509376,-0.3205211879126182,-0.026316155217614323
473,0.115478515625,-61.07548985906494,37.65160371390484,-0.3204530592274182,-0.026353844459322318
474,0.11572265625000001,-61.13169909786139,37.247216426377655,-0.32038269660318974,-0.026372520046038517
475,0.115966796875,-61.18174722204689,36.880346499343084,-0.3203089830705039,-0.02636267515021018
476,0.1162109375,-61.23179534623239,36.51347657230849,-0.3202352695378181,-0.026352830254381843
477,0.116455078125,-61.2818434704179,36.146606645273906,-0.3201615560051323,-0.026342985358553506
478,0.11669921875,-61.3318915946034,35.779736718239306,-0.32008784247238964,-0.026333140462782012
479,0.11694335937500001,-61.38193971878891,35.41286679120472,-0.3200141289397038,-0.026323295566953675
480,0.1171875,-61.431987842974394,35.04599686417015,-0.319940415407018,-0.026313450671125338
481,0.117431640625,-61.4820359671599,34.67912693713556,-0.31986670187427535,-0.026303605775353844
482,0.11767578125,-61.5320840913454,34.31225701010096,-0.31979298834158953,-0.026293760879525507
483,0.117919921875,-61.58213221553091,33.945387083066365,-0.3197192748089037,-0.02628391598369717
484,0.11816406250000001,-61.63218033971641,33.57851715603177,-0.3196455612762179,-0.026274071087868833
485,0.118408203125,-61.682228463901914,33.2116472289972,-0.31957184774347525,-0.02626422619209734
486,0.11865234375,-61.73227658808742,32.84477730196261,-0.31949813421078943,-0.026254381296269003
487,0.118896484375,-61.78232471227292,32.477907374928016,-0.3194244206781036,-0.026244536400440666
488,0.119140625,-61.83237283645842,32.11103744789343,-0.31935070714536096,-0.026234691504669172
489,0.11938476562500001,-61.88242096064392,31.744167520858827,-0.31927699361267514,-0.026224846608840835
490,0.11962890625,-61.93246908482943,31.37729759382426,-0.3192032800799893,-0.026215001713012498
491,0.119873046875,-61.98251720901493,31.010427666789667,-0.3191295665473035,-0.02620515681718416
492,0.1201171875,-62.032565333200424,30.643557739755074,-0.31905585301456085,-0.026195311921412667
493,0.120361328125,-62.082613457385925,30.27668781272048,-0.31898213948187504,-0.02618546702558433
494,0.12060546875000001,-62.13266158157143,29.90981788568589,-0.3189084259491892,-0.026175622129755993
495,0.120849609375,-62.182709705756935,29.542947958651318,-0.31883471241644656,-0.0261657772339845
496,0.12109375,-62.23275782994244,29.176078031616726,-0.31876099888376075,-0.026155932338156163
497,0.121337890625,-62.282805954127944,28.809208104582137,-0.31868728535107493,-0.026146087442327826
498,0.12158203125,-62.332854078313446,28.442338177547544,-0.3186135718183891,-0.02613624254649949
499,0.12182617187500001,-62.38290220249894,28.07546825051294,-0.31853985828564646,-0.026126397650727995
500,0.1220703125,-62.4246561226493,27.755190134637154,-0.31846164535329535,-0.026088381042484343
501,0.122314453125,-62.46433649179088,27.44655997155103,-0.31838230757108477,-0.02604332150610844
502,0.12255859375,-62.50401686093247,27.137929808464907,-0.31830296978881734,-0.02599826196973254
503,0.122802734375,-62.54369723007403,26.82929964537879,-0.3182236320065499,-0.025953202433356637
504,0.12304687500000001,-62.583377599215616,26.520669482292664,-0.3181442942243393,-0.025908142897037578
505,0.123291015625,-62.62305796835719,26.212039319206564,-0.3180649564420719,-0.025863083360661676
506,0.12353515625,-62.66273833749877,25.903409156120443,-0.31798561865980446,-0.025818023824285774
507,0.123779296875,-62.70241870664034,25.59477899303432,-0.31790628087759387,-0.025772964287909872
508,0.1240234375,-62.74209907578192,25.2861488299482,-0.31782694309532644,-0.025727904751590813
509,0.12426757812500001,-62.78177944492351,24.977518666862082,-0.317747605313059,-0.02568284521521491
510,0.12451171875,-62.82145981406507,24.668888503775978,-0.3176682675307916,-0.02563778567883901
511,0.124755859375,-62.86114018320665,24.36025834068986,-0.317588929748581,-0.025592726142463107
512,0.125,-62.90082055234823,24.051628177603735,-0.31750959196631356,-0.02554766660614405
513,0.125244140625,-62.940500921489814,23.742998014517614,-0.31743025418404613,-0.025502607069768146
514,0.12548828125,-62.980181290631386,23.43436785143149,-0.31735091640183555,-0.025457547533392244
515,0.125732421875,-63.01986165977296,23.125737688345392,-0.3172715786195681,-0.025412487997016342
516,0.1259765625,-63.05954202891454,22.81710752525927,-0.3171922408373007,-0.02536742846064044
517,0.126220703125,-63.09922239805612,22.50847736217315,-0.31711290305503326,-0.02532236892432138
518,0.12646484375,-63.13890276719769,22.199847199087024,-0.31703356527282267,-0.02527730938794548
519,0.126708984375,-63.17858313633928,21.891217036000906,-0.31695422749055524,-0.025232249851569577
520,0.126953125,-63.21826350548084,21.582586872914806,-0.3168748897082878,-0.025187190315193675
521,0.127197265625,-63.25794387462243,21.273956709828685,-0.3167955519260772,-0.025142130778874616
522,0.12744140625,-63.297624243764,20.965326546742563,-0.3167162141438098,-0.025097071242498714
523,0.127685546875,-63.337304612905584,20.656696383656442,-0.31663687636154236,-0.025052011706122812
524,0.1279296875,-63.376984982047155,20.34806622057032,-0.3165575385793318,-0.02500695216974691
525,0.128173828125,-63.414595866855116,20.05006149035138,-0.3164770667093535,-0.024956940228435087
526,0.12841796875,-63.443928814328565,19.79455849160106,-0.3163920584885318,-0.024887118667152208
527,0.128662109375,-63.47326176180201,19.53905549285074,-0.3163070502677101,-0.02481729710586933
528,0.12890625,-63.502594709275456,19.28355249410042,-0.31622204204694526,-0.024747475544643294
529,0.129150390625,-63.53192765674892,19.0280494953501,-0.31613703382612357,-0.024677653983360415
530,0.12939453125,-63.56126060422236,18.772546496599805,-0.3160520256053019,-0.024607832422077536
531,0.129638671875,-63.59059355169581,18.517043497849485,-0.3159670173844802,-0.024538010860794657
532,0.1298828125,-63.61992649916927,18.261540499099166,-0.31588200916371534,-0.02446818929956862
533,0.130126953125,-63.649259446642716,18.00603750034885,-0.31579700094289365,-0.024398367738285742
534,0.13037109375,-63.67859239411617,17.75053450159853,-0.31571199272207195,-0.024328546177002863
535,0.130615234375,-63.70792534158962,17.495031502848228,-0.31562698450125026,-0.024258724615719984
536,0.130859375,-63.73725828906307,17.239528504097912,-0.3155419762804854,-0.02418890305449395
537,0.131103515625,-63.76659123653652,16.984025505347592,-0.3154569680596637,-0.02411908149321107
538,0.13134765625,-63.79592418400996,16.728522506597272,-0.31537195983884203,-0.02404925993192819
539,0.131591796875,-63.825257131483426,16.473019507846953,-0.31528695161802034,-0.023979438370645312
540,0.1318359375,-63.854590078956875,16.217516509096658,-0.3152019433972555,-0.023909616809419276
541,0.132080078125,-63.88392302643032,15.962013510346337,-0.3151169351764338,-0.023839795248136397
542,0.13232421875,-63.91325597390377,15.706510511596017,-0.3150319269556121,-0.02376997368685352
543,0.132568359375,-63.94258892137722,15.451007512845699,-0.3149469187347904,-0.02370015212557064
544,0.1328125,-63.97192186885068,15.19550451409538,-0.31486191051402557,-0.023630330564344604
545,0.133056640625,-64.00125481632412,14.94000151534508,-0.3147769022932039,-0.023560509003061725
546,0.13330078125,-64.03058776379758,14.684498516594761,-0.3146918940723822,-0.023490687441778846
547,0.133544921875,-64.05992071127103,14.428995517844442,-0.31460688585161733,-0.02342086588055281
548,0.1337890625,-64.08925365874448,14.173492519094122,-0.31452187763079564,-0.02335104431926993
549,0.134033203125,-64.11858660621793,13.917989520343806,-0.31443686940997395,-0.023281222757987052
550,0.13427734375,-64.14791955369138,13.662486521593506,-0.31435186118915226,-0.023211401196704173
551,0.134521484375,-64.17112804461419,13.435558329839234,-0.3142634142708971,-0.02313192470097647
552,0.134765625,-64.19025356450324,13.22768000941566,-0.31417267488762946,-0.023046011582209758
553,0.135009765625,-64.20937908439228,13.019801688992086,-0.3140819355043618,-0.02296009846349989
554,0.13525390625,-64.22850460428133,12.811923368568515,-0.31399119612109416,-0.022874185344733178
555,0.135498046875,-64.24763012417037,12.604045048144954,-0.3139004567378265,-0.022788272225966466
556,0.1357421875,-64.26675564405942,12.396166727721381,-0.31380971735455887,-0.022702359107256598
557,0.135986328125,-64.28588116394846,12.188288407297806,-0.3137189779712912,-0.022616445988489886
558,0.13623046875,-64.3050066838375,11.980410086874233,-0.3136282385880236,-0.022530532869780018
559,0.136474609375,-64.32413220372655,11.77253176645066,-0.31353749920475593,-0.022444619751013306
560,0.13671875,-64.34325772361561,11.5646534460271,-0.3134467598214883,-0.022358706632303438
561,0.136962890625,-64.36238324350465,11.356775125603528,-0.31335602043822064,-0.022272793513536726
562,0.13720703125,-64.3815087633937,11.148896805179954,-0.313265281054953,-0.022186880394770014
563,0.137451171875,-64.40063428328274,10.94101848475638,-0.31317454167168535,-0.022100967276060146
564,0.1376953125,-64.41975980317179,10.733140164332807,-0.3130838022884177,-0.022015054157293434
565,0.137939453125,-64.43888532306082,10.525261843909249,-0.31299306290515005,-0.021929141038583566
566,0.13818359375,-64.45801084294986,10.317383523485674,-0.31290232352193925,-0.021843227919816854
567,0.138427734375,-64.4771363628389,10.1095052030621,-0.3128115841386716,-0.021757314801050143
568,0.138671875,-64.49626188272795,9.901626882638526,-0.31272084475540396,-0.021671401682340274
569,0.138916015625,-64.515387402617,9.693748562214951,-0.3126301053721363,-0.021585488563573563
570,0.13916015625,-64.53451292250604,9.485870241791396,-0.31253936598886867,-0.021499575444863694
571,0.139404296875,-64.5536384423951,9.277991921367821,-0.312448626605601,-0.021413662326096983
572,0.1396484375,-64.57276396228414,9.070113600944246,-0.3123578872223334,-0.02132774920733027
573,0.139892578125,-64.59188948217319,8.862235280520672,-0.31226714783906573,-0.021241836088620403
574,0.14013671875,-64.61101500206223,8.654356960097099,-0.3121764084557981,-0.02115592296985369
575,0.140380859375,-64.63014052195128,8.44647863967354,-0.31208566907253044,-0.021070009851143823
576,0.140625,-64.64926604184032,8.238600319249967,-0.3119949296892628,-0.02098409673237711
577,0.140869140625,-64.65843935039582,8.07276618065585,-0.31189837691266575,-0.020889122879339084
578,0.14111328125,-64.66761265895133,7.906932042061734,-0.3118018241360687,-0.020794149026301056
579,0.141357421875,-64.67678596750682,7.741097903467619,-0.3117052713594717,-0.02069917517326303
580,0.1416015625,-64.68595927606232,7.575263764873514,-0.31160871858287464,-0.020604201320225002
581,0.141845703125,-64.69513258461782,7.409429626279398,-0.3115121658062776,-0.020509227467186975
582,0.14208984375,-64.70430589317333,7.2435954876852815,-0.31141561302968057,-0.020414253614148947
583,0.142333984375,-64.71347920172882,7.077761349091165,-0.31131906025308353,-0.02031927976111092
584,0.142578125,-64.72265251028432,6.9119272104970495,-0.3112225074764865,-0.020224305908072893
585,0.142822265625,-64.73182581883982,6.746093071902944,-0.31112595469988946,-0.020129332055034865
586,0.14306640625,-64.74099912739533,6.580258933308828,-0.3110294019232924,-0.020034358201996838
587,0.143310546875,-64.75017243595082,6.414424794714711,-0.3109328491466954,-0.01993938434895881
588,0.1435546875,-64.75934574450632,6.248590656120595,-0.31083629637009835,-0.019844410495920783
589,0.143798828125,-64.76851905306182,6.082756517526479,-0.3107397435935013,-0.019749436642882756
590,0.14404296875,-64.77769236161733,5.916922378932375,-0.3106431908169043,-0.01965446278984473
591,0.144287109375,-64.78686567017282,5.751088240338259,-0.31054663804030724,-0.0195594889368067
592,0.14453125,-64.79603897872832,5.585254101744143,-0.3104500852637102,-0.019464515083768674
593,0.144775390625,-64.80521228728382,5.419419963150026,-0.31035353248711317,-0.019369541230673804
594,0.14501953125,-64.81438559583933,5.25358582455591,-0.31025697971051613,-0.019274567377635776
595,0.145263671875,-64.82355890439482,5.087751685961805,-0.3101604269339191,-0.01917959352459775
596,0.1455078125,-64.83273221295032,4.921917547367689,-0.31006387415732206,-0.01908461967155972
597,0.145751953125,-64.84190552150582,4.756083408773573,-0.309967321380725,-0.018989645818521694
598,0.14599609375,-64.85107883006133,4.590249270179457,-0.309870768604128,-0.018894671965483667
599,0.146240234375,-64.86025213861681,4.42441513158534,-0.30977421582753095,-0.01879969811244564
600,0.146484375,-64.86942544717232,4.258580992991235,-0.3096776630509339,-0.018704724259407612
601,0.146728515625,-64.87859875572782,4.092746854397119,-0.3095811102743369,-0.018609750406369585
602,0.14697265625,-64.88393601113762,3.9415533068779722,-0.30948218840779873,-0.018513378269631175
603,0.147216796875,-64.88351918682888,3.8123206459712797,-0.3093797129063205,-0.018414908707427458
604,0.1474609375,-64.88310236252013,3.6830879850645872,-0.30927723740484225,-0.018316439145166896
605,0.147705078125,-64.88268553821139,3.553855324157904,-0.309174761903364,-0.018217969582906335
606,0.14794921875,-64.88226871390266,3.4246226632512116,-0.3090722864018858,-0.018119500020645773
607,0.148193359375,-64.88185188959392,3.2953900023445186,-0.30896981090040754,-0.018021030458442056
608,0.1484375,-64.88143506528517,3.1661573414378266,-0.3088673353989293,-0.017922560896181494
609,0.148681640625,-64.88101824097643,3.036924680531134,-0.30876485989745106,-0.017824091333920933
610,0.14892578125,-64.88060141666769,2.9076920196244505,-0.3086623843959728,-0.01772562177166037
611,0.149169921875,-64.88018459235894,2.7784593587177584,-0.3085599088944946,-0.01762715220939981
612,0.1494140625,-64.8797677680502,2.6492266978110655,-0.30845743339301634,-0.017528682647196092
613,0.149658203125,-64.87935094374146,2.519994036904373,-0.3083549578915381,-0.01743021308493553
614,0.14990234375,-64.87893411943271,2.3907613759976805,-0.30825248239005987,-0.01733174352267497
615,0.150146484375,-64.87851729512397,2.2615287150909973,-0.30815000688858163,-0.017233273960414408
616,0.150390625,-64.87810047081523,2.132296054184305,-0.3080475313871034,-0.017134804398153847
617,0.150634765625,-64.8776836465065,2.0030633932776123,-0.30794505588562515,-0.01703633483595013
618,0.15087890625,-64.87726682219775,1.87383073237092,-0.3078425803841469,-0.016937865273689567
619,0.151123046875,-64.876849997889,1.7445980714642273,-0.3077401048826687,-0.016839395711429006
620,0.1513671875,-64.87643317358027,1.6153654105575443,-0.30763762938119044,-0.016740926149168445
621,0.151611328125,-64.87601634927152,1.4861327496508516,-0.3075351538797122,-0.016642456586907883
622,0.15185546875,-64.87559952496278,1.3569000887441591,-0.30743267837823396,-0.016543987024704165
623,0.152099609375,-64.87518270065404,1.2276674278374666,-0.3073302028767557,-0.016445517462443604
624,0.15234375,-64.87476587634528,1.0984347669307741,-0.30722772737522064,-0.016347047900183043
625,0.152587890625,-64.87434905203655,0.9692021060240906,-0.3071252518737424,-0.01624857833792248
626,0.15283203125,-64.8739322277278,0.8399694451173981,-0.30702277637226416,-0.016150108775718763
627,0.153076171875,-64.87351540341906,0.7107367842107057,-0.3069203008707859,-0.016051639213458202
628,0.1533203125,-64.86579237785413,0.606655253676496,-0.30681297515388906,-0.015953801166347148
629,0.153564453125,-64.85624280197517,0.5088615057354082,-0.30670443688313753,-0.01585612099802347
630,0.15380859375,-64.84669322609619,0.4110677577943273,-0.306595898612386,-0.015758440829756637
631,0.154052734375,-64.83714365021723,0.3132740098532394,-0.3064873603416345,-0.01566076066143296
632,0.154296875,-64.82759407433825,0.21548026191215153,-0.30637882207088296,-0.015563080493166126
633,0.154541015625,-64.81804449845929,0.11768651397106368,-0.3062702838000746,-0.015465400324842449
634,0.15478515625,-64.80849492258032,0.0198927660299759,-0.30616174552932307,-0.015367720156518772
635,0.155029296875,-64.79894534670134,-0.07790098191110503,-0.30605320725857155,-0.015270039988251938
636,0.1552734375,-64.78939577082238,-0.1756947298521929,-0.30594466898782,-0.01517235981992826
637,0.155517578125,-64.77984619494342,-0.2734884777932807,-0.3058361307170685,-0.015074679651604583
638,0.15576171875,-64.77029661906445,-0.37128222573436853,-0.30572759244626013,-0.01497699948333775
639,0.156005859375,-64.76074704318546,-0.4690759736754564,-0.3056190541755086,-0.014879319315014072
640,0.15625,-64.7511974673065,-0.5668697216165374,-0.3055105159047571,-0.014781639146747239
641,0.156494140625,-64.74164789142753,-0.6646634695576322,-0.30540197763400556,-0.014683958978423561
642,0.15673828125,-64.73209831554855,-0.7624572174987132,-0.30529343936325404,-0.014586278810099884
643,0.15698242187499997,-64.72254873966959,-0.8602509654397941,-0.30518490109244567,-0.01448859864183305
644,0.1572265625,-64.71299916379061,-0.9580447133808889,-0.30507636282169415,-0.014390918473509373
645,0.157470703125,-64.70344958791165,-1.0558384613219698,-0.3049678245509426,-0.014293238305185696
646,0.15771484375,-64.69390001203267,-1.1536322092630644,-0.3048592862801911,-0.014195558136918862
647,0.157958984375,-64.68435043615371,-1.2514259572041455,-0.3047507480094396,-0.014097877968595185
648,0.15820312499999997,-64.67480086027474,-1.3492197051452262,-0.30464220973868805,-0.014000197800271508
649,0.158447265625,-64.66525128439578,-1.4470134530863215,-0.3045336714678797,-0.013902517632004674
650,0.15869140625,-64.6557017085168,-1.544807201027402,-0.30442513319712816,-0.013804837463680997
651,0.158935546875,-64.64615213263784,-1.642600948968497,-0.30431659492637664,-0.013707157295414163
652,0.1591796875,-64.63660255675886,-1.7403946969095778,-0.3042080566556251,-0.013609477127090486
653,0.15942382812499997,-64.62533417638264,-1.8328595956865186,-0.30409827146263524,-0.013512592799770573
654,0.15966796875,-64.6071905780174,-1.9040090978069055,-0.30398349858069196,-0.013418891836295188
655,0.159912109375,-64.58904697965212,-1.9751585999272825,-0.3038687256988055,-0.013325190872819803
656,0.16015625,-64.5709033812869,-2.046308102047669,-0.3037539528169191,-0.013231489909344418
657,0.160400390625,-64.55275978292164,-2.117457604168046,-0.3036391799349758,-0.013137788945925877
658,0.16064453124999997,-64.53461618455638,-2.188607106288423,-0.30352440705308936,-0.013044087982450492
659,0.160888671875,-64.51647258619114,-2.25975660840881,-0.3034096341712029,-0.012950387018975107
660,0.1611328125,-64.49832898782589,-2.330906110529187,-0.30329486128925964,-0.012856686055556565
661,0.161376953125,-64.48018538946064,-2.4020556126495736,-0.3031800884073732,-0.01276298509208118
662,0.16162109375,-64.46204179109539,-2.473205114769951,-0.30306531552548677,-0.012669284128605796
663,0.16186523437499997,-64.44389819273015,-2.544354616890328,-0.3029505426435435,-0.01257558316513041
664,0.162109375,-64.42575459436489,-2.6155041190107147,-0.30283576976165705,-0.012481882201711869
665,0.162353515625,-64.40761099599965,-2.686653621131092,-0.3027209968797706,-0.012388181238236484
666,0.16259765625,-64.38946739763439,-2.757803123251479,-0.30260622399782733,-0.0122944802747611
667,0.162841796875,-64.37132379926913,-2.8289526253718553,-0.3024914511159409,-0.012200779311342558
668,0.16308593749999997,-64.35318020090389,-2.9001021274922327,-0.30237667823405445,-0.012107078347867173
669,0.163330078125,-64.33503660253864,-2.9712516296126195,-0.30226190535211117,-0.012013377384391788
670,0.16357421875,-64.3168930041734,-3.042401131732996,-0.30214713247022473,-0.011919676420916403
671,0.163818359375,-64.29874940580814,-3.1135506338533827,-0.3020323595883383,-0.011825975457497861
672,0.1640625,-64.2806058074429,-3.18470013597376,-0.301917586706395,-0.011732274494022477
673,0.16430664062499997,-64.26246220907765,-3.2558496380941366,-0.3018028138245086,-0.011638573530547092
674,0.16455078125,-64.2443186107124,-3.326999140214524,-0.30168804094262214,-0.01154487256712855
675,0.164794921875,-64.22617501234716,-3.3981486423349008,-0.3015732680607357,-0.011451171603653165
676,0.1650390625,-64.20803141398189,-3.469298144455288,-0.3014584951787924,-0.01135747064017778
677,0.165283203125,-64.18988781561664,-3.5404476465756645,-0.301343722296906,-0.011263769676702395
678,0.16552734374999997,-64.17174421725139,-3.611597148696042,-0.30122894941501954,-0.011170068713283854
679,0.165771484375,-64.14880693700421,-3.669387224904621,-0.3011103147043741,-0.011080116920879846
680,0.166015625,-64.12267386883572,-3.7182710171719875,-0.30098910544126056,-0.010992664575837807
681,0.166259765625,-64.09654080066723,-3.76715480943936,-0.300867896178147,-0.010905212230852612
682,0.16650390625,-64.07040773249874,-3.8160386017067265,-0.30074668691497664,-0.010817759885810574
683,0.16674804687499997,-64.04427466433026,-3.8649223939740924,-0.3006254776518631,-0.010730307540825379
684,0.1669921875,-64.01814159616177,-3.9138061862414655,-0.30050426838874955,-0.01064285519578334
685,0.167236328125,-63.992008527993285,-3.962689978508832,-0.300383059125636,-0.010555402850798146
686,0.16748046875,-63.96587545982479,-4.011573770776205,-0.30026184986252247,-0.010467950505756107
687,0.167724609375,-63.9397423916563,-4.060457563043571,-0.3001406405994089,-0.010380498160770912
688,0.16796874999999997,-63.91360932348781,-4.109341355310937,-0.3000194313362954,-0.010293045815728874
689,0.168212890625,-63.88747625531932,-4.15822514757831,-0.29989822207318184,-0.010205593470743679
690,0.16845703125,-63.86134318715084,-4.207108939845677,-0.2997770128100683,-0.01011814112570164
691,0.168701171875,-63.83521011898235,-4.25599273211305,-0.2996558035468979,-0.010030688780716446
692,0.1689453125,-63.80907705081387,-4.304876524380416,-0.29953459428378437,-0.009943236435674407
693,0.16918945312499997,-63.782943982645385,-4.353760316647783,-0.29941338502067083,-0.009855784090689212
694,0.16943359375,-63.75681091447688,-4.402644108915156,-0.2992921757575573,-0.009768331745647174
695,0.169677734375,-63.730677846308396,-4.451527901182522,-0.29917096649444375,-0.00968087940066198
696,0.169921875,-63.70454477813991,-4.500411693449895,-0.2990497572313302,-0.00959342705561994
697,0.170166015625,-63.67841170997143,-4.54929548571726,-0.29892854796821666,-0.009505974710634746
698,0.17041015624999997,-63.652278641802944,-4.5981792779846264,-0.2988073387051031,-0.009418522365592708
699,0.170654296875,-63.626145573634446,-4.647063070251999,-0.2986861294419896,-0.009331070020607513
700,0.1708984375,-63.60001250546596,-4.695946862519365,-0.2985649201788192,-0.009243617675565474
701,0.171142578125,-63.57387943729748,-4.74483065478674,-0.29844371091570565,-0.00915616533058028
702,0.17138671875,-63.547746369128994,-4.793714447054106,-0.2983225016525921,-0.009068712985538241
703,0.17163085937499997,-63.521613300960496,-4.842598239321472,-0.29820129238947857,-0.008981260640553046
704,0.171875,-63.49548023279201,-4.891482031588845,-0.298080083126365,-0.008893808295511008
705,0.172119140625,-63.462011781680516,-4.922042221158982,-0.2979522108538504,-0.008814113848586658
706,0.17236328125,-63.42854333056902,-4.952602410729123,-0.2978243385813357,-0.008734419401662308
707,0.172607421875,-63.3950748794575,-4.983162600299261,-0.2976964663088211,-0.008654724954681114
708,0.17285156249999997,-63.361606428346015,-5.013722789869398,-0.2975685940363064,-0.008575030507756765
709,0.173095703125,-63.32813797723452,-5.044282979439539,-0.29744072176379177,-0.008495336060832415
710,0.17333984375,-63.29466952612302,-5.074843169009676,-0.2973128494912771,-0.008415641613908065
711,0.173583984375,-63.26120107501153,-5.105403358579818,-0.29718497721876247,-0.008335947166983715
712,0.173828125,-63.22773262390003,-5.135963548149955,-0.29705710494630466,-0.008256252720059365
713,0.17407226562499997,-63.19426417278853,-5.166523737720092,-0.29692923267379,-0.008176558273078172
714,0.17431640625,-63.16079572167703,-5.197083927290233,-0.29680136040127536,-0.008096863826153822
715,0.174560546875,-63.12732727056554,-5.227644116860371,-0.2966734881287607,-0.008017169379229472
716,0.1748046875,-63.09385881945404,-5.258204306430512,-0.29654561585624606,-0.007937474932305122
717,0.175048828125,-63.060390368342546,-5.288764496000649,-0.2964177435837314,-0.007857780485380772
718,0.17529296874999997,-63.02692191723105,-5.319324685570786,-0.29628987131121676,-0.007778086038399579
719,0.175537109375,-62.99345346611954,-5.349884875140927,-0.2961619990387021,-0.007698391591475229
720,0.17578125,-62.959985015008044,-5.380445064711065,-0.29603412676618746,-0.007618697144550879
721,0.176025390625,-62.92651656389655,-5.411005254281207,-0.2959062544936728,-0.007539002697626529
722,0.17626953125,-62.89304811278505,-5.441565443851344,-0.29577838222115815,-0.007459308250702179
723,0.17651367187499997,-62.85957966167356,-5.472125633421481,-0.2956505099486435,-0.007379613803720986
724,0.1767578125,-62.826111210562054,-5.502685822991621,-0.29552263767612885,-0.007299919356796636
725,0.177001953125,-62.79264275945056,-5.533246012561758,-0.2953947654036142,-0.007220224909872286
726,0.17724609375,-62.75917430833906,-5.5638062021319,-0.2952668931311564,-0.007140530462947936
727,0.177490234375,-62.72570585722757,-5.594366391702038,-0.29513902085864174,-0.007060836016023586
728,0.17773437499999997,-62.69223740611607,-5.624926581272175,-0.2950111485861271,-0.006981141569099236
729,0.177978515625,-62.65876895500456,-5.655486770842316,-0.29488327631361244,-0.006901447122118043
730,0.17822265625,-62.6226412749524,-5.680119384828959,-0.2947526415583184,-0.00682521280924675
731,0.178466796875,-62.582524751489245,-5.695860635440361,-0.2946178630787699,-0.006754168697455043
732,0.1787109375,-62.54240822802608,-5.711601886051762,-0.2944830845992783,-0.0066831245856064925
733,0.17895507812499997,-62.50229170456292,-5.727343136663161,-0.2943483061197867,-0.006612080473814785
734,0.17919921875,-62.462175181099745,-5.743084387274564,-0.29421352764029507,-0.006541036361966235
735,0.179443359375,-62.42205865763659,-5.7588256378859635,-0.29407874916080345,-0.006469992250174528
736,0.1796875,-62.38194213417343,-5.774566888497366,-0.29394397068131184,-0.006398948138325977
737,0.179931640625,-62.341825610710266,-5.790308139108766,-0.2938091922018202,-0.00632790402653427
738,0.18017578124999997,-62.30170908724711,-5.806049389720165,-0.2936744137223286,-0.006256859914742563
739,0.180419921875,-62.26159256378394,-5.821790640331568,-0.293539635242837,-0.0061858158028940124
740,0.1806640625,-62.22147604032078,-5.837531890942968,-0.2934048567633454,-0.006114771691102305
741,0.180908203125,-62.18135951685762,-5.85327314155437,-0.29327007828385376,-0.006043727579253755
742,0.18115234375,-62.141242993394464,-5.86901439216577,-0.2931352998043053,-0.005972683467462048
743,0.18139648437499997,-62.1011264699313,-5.8847556427771694,-0.2930005213248137,-0.005901639355670341
744,0.181640625,-62.061009946468126,-5.9004968933885715,-0.2928657428453221,-0.00583059524382179
745,0.181884765625,-62.02089342300497,-5.916238143999973,-0.29273096436583046,-0.005759551132030083
746,0.18212890625,-61.98077689954181,-5.931979394611375,-0.29259618588633884,-0.005688507020181532
747,0.182373046875,-61.94066037607865,-5.947720645222773,-0.29246140740684723,-0.005617462908389825
748,0.18261718749999997,-61.90054385261549,-5.9634618958341745,-0.2923266289273556,-0.005546418796541275
749,0.182861328125,-61.860427329152316,-5.979203146445577,-0.292191850447864,-0.005475374684749568
750,0.18310546875,-61.820310805689154,-5.994944397056976,-0.2920570719683724,-0.005404330572957861
751,0.183349609375,-61.78019428222599,-6.010685647668378,-0.29192229348888077,-0.00533328646110931
752,0.18359375,-61.74007775876284,-6.026426898279779,-0.29178751500938915,-0.005262242349317603
753,0.18383789062499997,-61.699961235299675,-6.042168148891179,-0.2916527365298407,-0.005191198237469052
754,0.18408203125,-61.659844711836506,-6.057909399502581,-0.2915179580503491,-0.005120154125677345
755,0.184326171875,-61.619728188373344,-6.073650650113981,-0.29138317957085746,-0.005049110013828795
756,0.1845703125,-61.5748570931846,-6.080000103913036,-0.291242677323055,-0.004985307206993639
757,0.184814453125,-61.528797355064455,-6.084001608509003,-0.2911007441330753,-0.004923314726340777
758,0.18505859374999997,-61.48273761694431,-6.0880031131049686,-0.29095881094315246,-0.004861322245687916
759,0.185302734375,-61.436677878824156,-6.092004617700935,-0.2908168777532296,-0.004799329765035054
760,0.185546875,-61.390618140704014,-6.096006122296902,-0.2906749445633068,-0.004737337284382193
761,0.185791015625,-61.34455840258386,-6.100007626892868,-0.29053301137338394,-0.004675344803729331
762,0.18603515625,-61.29849866446372,-6.1040091314888345,-0.2903910781834611,-0.0046133523230764695
763,0.18627929687499997,-61.252438926343565,-6.1080106360848,-0.29024914499353827,-0.004551359842423608
764,0.1865234375,-61.206379188223416,-6.1120121406807675,-0.29010721180361543,-0.004489367361770746
765,0.186767578125,-61.16031945010328,-6.116013645276734,-0.2899652786136926,-0.004427374881117885
766,0.18701171875,-61.114259711983124,-6.120015149872701,-0.28982334542376975,-0.004365382400465023
767,0.187255859375,-61.06819997386298,-6.124016654468667,-0.2896814122338469,-0.004303389919812162
768,0.18750000000000003,-61.022140235742825,-6.128018159064633,-0.2895394790439241,-0.0042413974391593
769,0.187744140625,-60.97608049762268,-6.132019663660601,-0.2893975458539444,-0.004179404958449595
770,0.18798828125,-60.93002075950255,-6.136021168256566,-0.28925561266402156,-0.004117412477796734
771,0.188232421875,-60.88396102138239,-6.140022672852533,-0.2891136794740987,-0.004055419997143872
772,0.1884765625,-60.83790128326225,-6.1440241774485,-0.2889717462841759,-0.0039934275164910105
773,0.18872070312500003,-60.79184154514209,-6.148025682044467,-0.28882981309425304,-0.003931435035838149
774,0.18896484375,-60.74578180702195,-6.152027186640432,-0.2886878799043302,-0.0038694425551852873
775,0.189208984375,-60.699722068901806,-6.1560286912364,-0.28854594671440736,-0.003807450074532426
776,0.189453125,-60.65366233078165,-6.160030195832366,-0.2884040135244845,-0.0037454575938795642
777,0.189697265625,-60.607602592661515,-6.164031700428332,-0.2882620803345617,-0.0036834651132267027
778,0.18994140625000003,-60.56154285454136,-6.1680332050243,-0.28812014714463885,-0.003621472632573841
779,0.190185546875,-60.51548311642121,-6.172034709620266,-0.287978213954716,-0.0035594801519209796
780,0.1904296875,-60.46942337830107,-6.176036214216231,-0.28783628076473633,-0.003497487671268118
781,0.190673828125,-60.422316578438625,-6.178224608942759,-0.28769286861603405,-0.0034373092642567826
782,0.19091796875,-60.37102153160703,-6.17316056419152,-0.28754354063204346,-0.003384387151527335
783,0.19116210937500003,-60.3197264847754,-6.168096519440283,-0.28739421264799603,-0.0033314650388547307
784,0.19140625,-60.26843143794381,-6.163032474689047,-0.28724488466400544,-0.003278542926125283
785,0.191650390625,-60.2171363911122,-6.15796842993781,-0.28709555668001485,-0.0032256208134526787
786,0.19189453125,-60.165841344280594,-6.152904385186573,-0.28694622869602426,-0.0031726987007800744
787,0.192138671875,-60.11454629744898,-6.1478403404353354,-0.28679690071197683,-0.0031197765880506267
788,0.19238281250000003,-60.06325125061737,-6.142776295684098,-0.28664757272798624,-0.0030668544753780225
789,0.192626953125,-60.01195620378577,-6.137712250932861,-0.28649824474399566,-0.0030139323626485748
790,0.19287109375,-59.96066115695416,-6.132648206181624,-0.28634891676000507,-0.0029610102499759705
791,0.193115234375,-59.90936611012255,-6.127584161430386,-0.28619958877595764,-0.0029080881373033662
792,0.193359375,-59.85807106329094,-6.1225201166791505,-0.28605026079196705,-0.0028551660245739185
793,0.19360351562500003,-59.80677601645933,-6.117456071927911,-0.28590093280797646,-0.0028022439119013143
794,0.19384765625,-59.75548096962772,-6.112392027176675,-0.28575160482398587,-0.00274932179922871
795,0.194091796875,-59.70418592279613,-6.1073279824254385,-0.28560227683993844,-0.0026963996864992623
796,0.1943359375,-59.652890875964516,-6.1022639376742,-0.28545294885594785,-0.002643477573826658
797,0.194580078125,-59.60159582913291,-6.097199892922963,-0.28530362087195726,-0.0025905554610972104
798,0.19482421875000003,-59.5503007823013,-6.0921358481717265,-0.2851542928879667,-0.002537633348424606
799,0.195068359375,-59.49900573546969,-6.087071803420489,-0.28500496490391924,-0.002484711235752002
800,0.1953125,-59.4477106886381,-6.082007758669252,-0.28485563691992866,-0.002431789123022554
801,0.195556640625,-59.39641564180647,-6.076943713918015,-0.28470630893593807,-0.00237886701034995
802,0.19580078125,-59.34512059497487,-6.071879669166778,-0.2845569809519475,-0.002325944897620502
803,0.19604492187500003,-59.29382554814327,-6.06681562441554,-0.28440765296790005,-0.002273022784947898
804,0.1962890625,-59.242530501311656,-6.061751579664303,-0.28425832498390946,-0.0022201006722752936
805,0.196533203125,-59.191235454480044,-6.056687534913067,-0.2841089969999189,-0.002167178559545846
806,0.19677734375,-59.13994040764844,-6.051623490161828,-0.2839596690159283,-0.0021142564468732417
807,0.197021484375,-59.085923007054205,-6.042497132715336,-0.28380577441276955,-0.002066613798092476
808,0.19726562500000003,-59.03009070395156,-6.030662566805336,-0.28364883539694574,-0.002022490791944165
809,0.197509765625,-58.97425840084892,-6.018828000895339,-0.2834918963810651,-0.0019783677857958537
810,0.19775390625,-58.91842609774627,-6.006993434985341,-0.28333495736518444,-0.0019342447796475426
811,0.197998046875,-58.86259379464362,-5.995158869075342,-0.2831780183493038,-0.0018901217734992315
812,0.1982421875,-58.806761491540975,-5.983324303165345,-0.28302107933348,-0.0018459987673509204
813,0.19848632812500003,-58.750929188438334,-5.971489737255345,-0.2828641403175993,-0.0018018757612026093
814,0.19873046875,-58.69509688533569,-5.959655171345347,-0.28270720130171867,-0.0017577527550542982
815,0.198974609375,-58.63926458223305,-5.94782060543535,-0.28255026228589486,-0.001713629748905987
816,0.19921875,-58.58343227913039,-5.93598603952535,-0.2823933232700142,-0.0016695067428145194
817,0.199462890625,-58.52759997602775,-5.924151473615352,-0.28223638425413355,-0.0016253837366662083
818,0.19970703125000003,-58.471767672925104,-5.912316907705352,-0.28207944523830975,-0.0015812607305178972
819,0.199951171875,-58.41593536982246,-5.900482341795355,-0.2819225062224291,-0.001537137724369586
820,0.2001953125,-58.360103066719816,-5.8886477758853575,-0.28176556720654844,-0.001493014718221275
821,0.200439453125,-58.30427076361717,-5.876813209975357,-0.28160862819072463,-0.0014488917120729639
822,0.20068359375,-58.24843846051452,-5.86497864406536,-0.281451689174844,-0.0014047687059246527
823,0.20092773437500003,-58.19260615741188,-5.853144078155362,-0.2812947501589633,-0.0013606456997763416
824,0.201171875,-58.13677385430923,-5.841309512245363,-0.2811378111431395,-0.0013165226936280305
825,0.201416015625,-58.08094155120659,-5.829474946335366,-0.28098087212725886,-0.0012723996874797194
826,0.20166015625,-58.02510924810394,-5.817640380425366,-0.2808239331113782,-0.0012282766813314083
827,0.201904296875,-57.9692769450013,-5.805805814515368,-0.28066699409549756,-0.0011841536751830972
828,0.20214843750000003,-57.91344464189866,-5.793971248605369,-0.28051005507967375,-0.0011400306690347861
829,0.202392578125,-57.85761233879601,-5.782136682695372,-0.2803531160637931,-0.001095907662886475
830,0.20263671875,-57.80178003569337,-5.770302116785373,-0.28019617704791244,-0.001051784656738164
831,0.202880859375,-57.745947732590714,-5.758467550875374,-0.28003923803208863,-0.0010076616505898528
832,0.203125,-57.690115429488074,-5.746632984965377,-0.279882299016208,-0.0009635386444415417
833,0.20336914062500003,-57.63042305327221,-5.729972768407148,-0.2797175727419017,-0.0009277314396172187
834,0.20361328125,-57.57073067705635,-5.713312551848922,-0.2795528464675954,-0.0008919242348497392
835,0.203857421875,-57.51103830084048,-5.696652335290695,-0.27938812019328907,-0.0008561170300254162
836,0.2041015625,-57.45134592462461,-5.679992118732468,-0.2792233939189259,-0.0008203098252010932
837,0.204345703125,-57.391653548408755,-5.663331902174241,-0.2790586676446196,-0.0007845026203767702
838,0.20458984375000003,-57.33196117219289,-5.646671685616012,-0.2788939413703133,-0.0007486954156092906
839,0.204833984375,-57.27226879597702,-5.630011469057787,-0.278729215096007,-0.0007128882107849677
840,0.205078125,-57.21257641976116,-5.613351252499561,-0.2785644888217007,-0.0006770810059606447
841,0.205322265625,-57.1528840435453,-5.596691035941332,-0.2783997625473944,-0.0006412738011931651
842,0.20556640625,-57.093191667329435,-5.580030819383106,-0.2782350362730881,-0.0006054665963688421
843,0.20581054687500003,-57.033499291113564,-5.563370602824877,-0.27807030999872495,-0.0005696593915445192
844,0.2060546875,-56.97380691489771,-5.546710386266652,-0.27790558372441865,-0.0005338521867201962
845,0.206298828125,-56.91411453868185,-5.530050169708426,-0.27774085745011234,-0.0004980449819527166
846,0.20654296875,-56.85442216246597,-5.513389953150196,-0.27757613117580604,-0.00046223777712839365
847,0.206787109375,-56.794729786250116,-5.496729736591971,-0.27741140490149974,-0.00042643057230407067
848,0.20703125000000003,-56.73503741003425,-5.480069520033742,-0.27724667862719343,-0.0003906233675365911
849,0.207275390625,-56.675345033818395,-5.463409303475515,-0.27708195235288713,-0.0003548161627122681
850,0.20751953125,-56.615652657602524,-5.44674908691729,-0.276917226078524,-0.00031900895788794514
851,0.207763671875,-56.55596028138665,-5.430088870359061,-0.2767524998042177,-0.00028320175306362216
852,0.2080078125,-56.496267905170804,-5.4134286538008345,-0.2765877735299114,-0.0002473945482961426
853,0.20825195312500003,-56.43657552895494,-5.396768437242606,-0.27642304725560507,-0.00021158734347181962
854,0.20849609375,-56.37688315273907,-5.38010822068438,-0.27625832098129877,-0.00017578013864749664
855,0.208740234375,-56.31719077652321,-5.3634480041261545,-0.27609359470699246,-0.00013997293388001708
856,0.208984375,-56.25749840030735,-5.3467877875679255,-0.27592886843268616,-0.0001041657290556941
857,0.209228515625,-56.19780602409149,-5.3301275710097,-0.275764142158323,-6.835852423137112e-05
858,0.20947265625000003,-56.136828556335736,-5.312187222764568,-0.27559625282208344,-3.562544998203521e-05
859,0.209716796875,-56.073923451270176,-5.292326676989084,-0.275423618892944,-7.503571453071345e-06
860,0.2099609375,-56.01101834620461,-5.272466131213601,-0.27525098496374767,2.0618307019049098e-05
861,0.210205078125,-55.94811324113904,-5.252605585438116,-0.2750783510346082,4.874018549116954e-05
862,0.21044921875,-55.88520813607349,-5.232745039662633,-0.2749057171054119,7.68620640201334e-05
863,0.21069335937500003,-55.82230303100792,-5.212884493887145,-0.27473308317627243,0.00010498394249225385
864,0.2109375,-55.75939792594235,-5.193023948111662,-0.27456044924713296,0.0001331058209643743
865,0.211181640625,-55.69649282087679,-5.173163402336179,-0.27438781531793666,0.00016122769949333815
866,0.21142578125,-55.63358771581123,-5.1533028565606935,-0.2742151813887972,0.0001893495779654586
867,0.211669921875,-55.57068261074566,-5.1334423107852105,-0.2740425474596009,0.00021747145643757904
868,0.21191406250000003,-55.5077775056801,-5.113581765009724,-0.2738699135304614,0.0002455933349665429
869,0.212158203125,-55.444872400614535,-5.09372121923424,-0.2736972796012651,0.00027371521343866334
870,0.21240234375,-55.38196729554898,-5.073860673458757,-0.27352464567212564,0.0003018370919107838
871,0.212646484375,-55.31906219048341,-5.054000127683271,-0.27335201174292934,0.0003299589703829042
872,0.212890625,-55.25615708541785,-5.034139581907788,-0.27317937781378987,0.0003580808489118681
873,0.21313476562500003,-55.19325198035228,-5.014279036132302,-0.27300674388459356,0.00038620272738398853
874,0.21337890625,-55.13034687528671,-4.994418490356819,-0.2728341099554541,0.000414324605856109
875,0.213623046875,-55.06744177022116,-4.974557944581336,-0.27266147602631463,0.00044244648438507284
876,0.2138671875,-55.00453666515559,-4.954697398805849,-0.2724888420971183,0.0004705683628571933
877,0.214111328125,-54.94163156009003,-4.934836853030366,-0.27231620816797886,0.0004986902413293137
878,0.21435546875000003,-54.878726455024456,-4.9149763072548796,-0.27214357423878255,0.0005268121198582776
879,0.214599609375,-54.815821349958895,-4.8951157614793965,-0.2719709403096431,0.000554933998330398
880,0.21484375,-54.752916244893335,-4.875255215703913,-0.2717983063804468,0.0005830558768025185
881,0.215087890625,-54.69001113982777,-4.855394669928427,-0.2716256724513073,0.0006111777553314823
882,0.21533203125,-54.62710603476221,-4.835534124152944,-0.271453038522111,0.0006392996338036028
883,0.21557617187500003,-54.564200929696646,-4.815673578377457,-0.27128040459297154,0.0006674215122757232
884,0.2158203125,-54.49921413886219,-4.7943223522170975,-0.2711014043715636,0.0006899745995951889
885,0.216064453125,-54.433706926585515,-4.772598455960519,-0.270920812577117,0.0007111354891549126
886,0.21630859375,-54.36819971430884,-4.750874559703937,-0.27074022078267035,0.000732296378657793
887,0.216552734375,-54.30269250203216,-4.729150663447358,-0.2705596289882237,0.0007534572681606733
888,0.21679687500000003,-54.23718528975549,-4.707426767190777,-0.2703790371937771,0.000774618157720397
889,0.217041015625,-54.17167807747881,-4.685702870934198,-0.27019844539933047,0.0007957790472232773
890,0.21728515625,-54.10617086520213,-4.663978974677619,-0.27001785360488384,0.0008169399367261576
891,0.217529296875,-54.04066365292545,-4.642255078421036,-0.2698372618104372,0.0008381008262858813
892,0.2177734375,-53.975156440648774,-4.6205311821644575,-0.2696566700159906,0.0008592617157887616
893,0.21801757812500003,-53.9096492283721,-4.598807285907876,-0.26947607822154396,0.000880422605291642
894,0.21826171875,-53.844142016095425,-4.577083389651297,-0.26929548642709733,0.0009015834948513657
895,0.218505859375,-53.778634803818754,-4.555359493394718,-0.2691148946326507,0.000922744384354246
896,0.21875,-53.71312759154207,-4.533635597138137,-0.2689343028382041,0.0009439052738571263
897,0.218994140625,-53.647620379265405,-4.511911700881557,-0.26875371104375745,0.00096506616341685
898,0.21923828125000003,-53.58211316698872,-4.490187804624975,-0.2685731192493108,0.0009862270529197303
899,0.219482421875,-53.51660595471205,-4.4684639083683955,-0.2683925274548642,0.001007387942479454
900,0.2197265625,-53.45109874243537,-4.4467400121118175,-0.26821193566041757,0.0010285488319823344
901,0.219970703125,-53.38559153015869,-4.425016115855236,-0.26803134386597094,0.0010497097214852147
902,0.22021484375,-53.32008431788202,-4.403292219598657,-0.2678507520715243,0.0010708706110449384
903,0.22045898437500003,-53.25457710560534,-4.381568323342075,-0.2676701602770777,0.0010920315005478187
904,0.220703125,-53.189069893328664,-4.359844427085495,-0.26748956848263106,0.001113192390050699
905,0.220947265625,-53.12356268105199,-4.338120530828916,-0.26730897668818443,0.0011343532796104228
906,0.22119140625,-53.058055468775315,-4.316396634572334,-0.2671283848937378,0.001155514169113303
907,0.221435546875,-52.992548256498644,-4.2946727383157555,-0.2669477930992912,0.0011766750586161834
908,0.22167968750000003,-52.92704104422196,-4.272948842059174,-0.26676720130484455,0.001197835948175907
909,0.221923828125,-52.861127217410235,-4.251068196869509,-0.2665850243015484,0.0012177596442484173
910,0.22216796875,-52.79358693245832,-4.228560555947501,-0.2663965064630247,0.0012327345665994471
911,0.222412109375,-52.726046647506394,-4.20605291502549,-0.266207988624501,0.001247709488950477
912,0.22265625,-52.65850636255448,-4.183545274103482,-0.2660194707859773,0.0012626844113015068
913,0.22290039062500003,-52.59096607760256,-4.161037633181471,-0.2658309529474536,0.0012776593336525366
914,0.22314453125,-52.52342579265064,-4.138529992259462,-0.26564243510892993,0.0012926342560035664
915,0.223388671875,-52.455885507698724,-4.116022351337455,-0.26545391727040624,0.0013076091783545962
916,0.2236328125,-52.3883452227468,-4.093514710415443,-0.26526539943188254,0.0013225841007624695
917,0.223876953125,-52.32080493779488,-4.071007069493435,-0.26507688159335885,0.0013375590231134993
918,0.22412109375000003,-52.25326465284295,-4.048499428571424,-0.26488836375483515,0.001352533945464529
919,0.224365234375,-52.18572436789104,-4.025991787649416,-0.26469984591631146,0.001367508867815559
920,0.224609375,-52.11818408293913,-4.003484146727408,-0.26451132807778777,0.0013824837901665887
921,0.224853515625,-52.0506437979872,-3.9809765058053967,-0.26432281023926407,0.0013974587125176186
922,0.22509765625,-51.98310351303529,-3.958468864883389,-0.2641342924007404,0.0014124336348686484
923,0.22534179687500003,-51.91556322808336,-3.9359612239613777,-0.2639457745622167,0.0014274085572196782
924,0.2255859375,-51.84802294313144,-3.9134535830393693,-0.263757256723693,0.001442383479570708
925,0.225830078125,-51.78048265817953,-3.890945942117361,-0.2635687388851693,0.0014573584019217378
926,0.22607421875,-51.7129423732276,-3.8684383011953503,-0.2633802210466456,0.0014723333242727676
927,0.226318359375,-51.64540208827568,-3.8459306602733423,-0.2631917032081219,0.0014873082466237975
928,0.22656250000000003,-51.57786180332377,-3.823423019351331,-0.2630031853695982,0.0015022831689748273
929,0.226806640625,-51.510321518371846,-3.8009153784293224,-0.2628146675310177,0.0015172580913827005
930,0.22705078125,-51.44278123341993,-3.778407737507315,-0.262626149692494,0.0015322330137337303
931,0.227294921875,-51.375240948468004,-3.7559000965853038,-0.2624376318539703,0.0015472079360847601
932,0.2275390625,-51.30770066351609,-3.7333924556632962,-0.2622491140154466,0.00156218285843579
933,0.22778320312500003,-51.24016037856417,-3.710884814741284,-0.2620605961769229,0.0015771577807868198
934,0.22802734375,-51.172620093612245,-3.6883771738192763,-0.2618720783383992,0.0015921327031378496
935,0.228271484375,-51.10417463381352,-3.6659107384268936,-0.2616788782584649,0.001603870843837285
936,0.228515625,-51.0351257241169,-3.6434717733875917,-0.26148255668420006,0.00161345113014022
937,0.228759765625,-50.966076814420305,-3.621032808348292,-0.2612862351099352,0.0016230314163863113
938,0.22900390625000003,-50.897027904723686,-3.5985938433089903,-0.2610899135357272,0.0016326117026892462
939,0.229248046875,-50.82797899502707,-3.576154878269691,-0.26089359196146233,0.001642191988992181
940,0.2294921875,-50.75893008533047,-3.553715913230392,-0.2606972703871975,0.0016517722752382724
941,0.229736328125,-50.68988117563385,-3.5312769481910893,-0.26050094881298946,0.0016613525615412073
942,0.22998046875,-50.62083226593725,-3.508837983151791,-0.2603046272387246,0.001670932847844142
943,0.23022460937500003,-50.551783356240634,-3.4863990181124884,-0.26010830566445975,0.0016805131340902335
944,0.23046875,-50.482734446544015,-3.4639600530731895,-0.25991198409025174,0.0016900934203931683
945,0.230712890625,-50.41368553684742,-3.4415210880338902,-0.2597156625159869,0.0016996737066961032
946,0.23095703125,-50.3446366271508,-3.4190821229945882,-0.259519340941722,0.0017092539929421946
947,0.231201171875,-50.2755877174542,-3.3966431579552894,-0.259323019367514,0.0017188342792451294
948,0.23144531250000003,-50.20653880775758,-3.3742041929159874,-0.25912669779324915,0.0017284145654912209
949,0.231689453125,-50.13748989806096,-3.351765227876688,-0.2589303762189843,0.0017379948517941557
950,0.23193359375,-50.068440988364365,-3.3293262628373888,-0.2587340546447763,0.0017475751380970905
951,0.232177734375,-49.999392078667746,-3.3068872977980863,-0.2585377330705114,0.001757155424343182
952,0.232421875,-49.93034316897115,-3.2844483327587874,-0.25834141149624656,0.0017667357106461168
953,0.23266601562500003,-49.86129425927453,-3.2620093677194855,-0.25814508992203855,0.0017763159969490516
954,0.23291015625,-49.79224534957791,-3.239570402680186,-0.2579487683477737,0.001785896283195143
955,0.233154296875,-49.72319643988131,-3.2171314376408873,-0.25775244677350884,0.0017954765694980779
956,0.2333984375,-49.654147530184694,-3.1946924726015853,-0.2575561251993008,0.0018050568557441693
957,0.233642578125,-49.5850986204881,-3.172253507562286,-0.25735980362503597,0.0018146371420471041
958,0.23388671875000003,-49.51604971079148,-3.1498145425229835,-0.2571634820507711,0.001824217428350039
959,0.234130859375,-49.44700080109486,-3.127375577483684,-0.2569671604765631,0.0018337977145961304
960,0.234375,-49.37795189139826,-3.1049366124443853,-0.25677083890229824,0.0018433780008990652
961,0.234619140625,-49.30787286376343,-3.0832205291450636,-0.256566930821009,0.0018483445110177854
962,0.23486328125,-49.2377938361286,-3.0615044458457454,-0.25636302273966294,0.0018533110211365056
963,0.23510742187500003,-49.16771480849377,-3.0397883625464237,-0.2561591146583737,0.0018582775313120692
964,0.2353515625,-49.097635780858944,-3.0180722792471055,-0.25595520657702764,0.0018632440414307894
965,0.235595703125,-49.02755675322412,-2.9963561959477873,-0.2557512984957384,0.0018682105515495095
966,0.23583984375,-48.95747772558929,-2.9746401126484656,-0.2555473904144492,0.0018731770616682297
967,0.236083984375,-48.88739869795447,-2.9529240293491474,-0.2553434823331031,0.0018781435718437933
968,0.23632812500000003,-48.81731967031963,-2.931207946049826,-0.2551395742518139,0.0018831100819625135
969,0.236572265625,-48.74724064268481,-2.909491862750508,-0.25493566617052466,0.0018880765920812337
970,0.23681640625,-48.67716161504998,-2.8877757794511894,-0.2547317580891786,0.0018930431021999539
971,0.237060546875,-48.60708258741514,-2.8660596961518676,-0.25452785000788936,0.0018980096123755175
972,0.2373046875,-48.537003559780324,-2.8443436128525494,-0.2543239419265433,0.0019029761224942376
973,0.23754882812500003,-48.466924532145484,-2.822627529553228,-0.25412003384525406,0.0019079426326129578
974,0.23779296875,-48.39684550451066,-2.8009114462539095,-0.25391612576396483,0.001912909142731678
975,0.238037109375,-48.32676647687585,-2.779195362954591,-0.25371221768261876,0.0019178756529072416
976,0.23828125,-48.256687449241014,-2.75747927965527,-0.25350830960132953,0.0019228421630259618
977,0.238525390625,-48.18660842160619,-2.735763196355951,-0.25330440151998346,0.001927808673144682
978,0.23876953125000003,-48.116529393971355,-2.71404711305663,-0.25310049343869423,0.0019327751832634021
979,0.239013671875,-48.04645036633653,-2.6923310297573115,-0.252896585357405,0.0019377416933821223
980,0.2392578125,-47.97637133870171,-2.6706149464579934,-0.25269267727605893,0.001942708203557686
981,0.239501953125,-47.90629231106687,-2.6488988631586716,-0.2524887691947697,0.001947674713676406
982,0.23974609375,-47.836213283432045,-2.627182779859353,-0.2522848611134805,0.0019526412237951263
983,0.23999023437500003,-47.76613425579721,-2.6054666965600317,-0.2520809530321344,0.0019576077339138465
984,0.240234375,-47.696055228162386,-2.5837506132607135,-0.2518770449508452,0.00196257424408941
985,0.240478515625,-47.62597620052757,-2.562034529961395,-0.2516731368694991,0.0019675407542081302
986,0.24072265625,-47.5556581599227,-2.5408009569275523,-0.25146631907750816,0.001970961798576809
987,0.240966796875,-47.48498159986279,-2.5202911492919307,-0.25125513671946464,0.0019720646442920042
988,0.24121093750000003,-47.414305039802876,-2.4997813416563064,-0.2510439543613643,0.001973167489950356
989,0.241455078125,-47.343628479742975,-2.4792715340206843,-0.25083277200332077,0.001974270335665551
990,0.24169921875,-47.27295191968307,-2.4587617263850627,-0.25062158964527725,0.0019753731813807462
991,0.241943359375,-47.202275359623144,-2.4382519187494385,-0.25041040728723374,0.0019764760270959414
992,0.2421875,-47.131598799563236,-2.4177421111138164,-0.2501992249291334,0.0019775788728111365
993,0.24243164062500003,-47.06092223950333,-2.3972323034781926,-0.24998804257108986,0.0019786817184694883
994,0.24267578125,-46.990245679443426,-2.3767224958425706,-0.24977686021304635,0.0019797845641846834
995,0.242919921875,-46.91956911938351,-2.356212688206949,-0.249565677854946,0.0019808874098998785
996,0.2431640625,-46.848892559323595,-2.3357028805713247,-0.24935449549690247,0.0019819902556150737
997,0.243408203125,-46.77821599926369,-2.3151930729357026,-0.24914331313885896,0.0019830931012734254
998,0.24365234375000003,-46.70753943920378,-2.294683265300079,-0.2489321307807586,0.0019841959469886206
999,0.243896484375,-46.63686287914387,-2.2741734576644568,-0.24872094842271508,0.0019852987927038157
1000,0.244140625,-46.56618631908397,-2.2536636500288356,-0.24850976606467157,0.001986401638419011
1001,0.244384765625,-46.495509759024046,-2.233153842393211,-0.24829858370662805,0.001987504484134206
1002,0.24462890625,-46.424833198964144,-2.2126440347575893,-0.2480874013485277,0.0019886073297925577
1003,0.24487304687500003,-46.35415663890423,-2.1921342271219646,-0.24787621899048418,0.001989710175507753
1004,0.2451171875,-46.28348007884431,-2.1716244194863434,-0.24766503663244066,0.001990813021222948
1005,0.245361328125,-46.21280351878441,-2.1511146118507214,-0.2474538542743403,0.001991915866938143
1006,0.24560546875,-46.1421269587245,-2.130604804215097,-0.24724267191629679,0.0019930187126533383
1007,0.245849609375,-46.071450398664595,-2.110094996579475,-0.24703148955825327,0.00199412155831169
1008,0.24609375000000003,-46.00077383860467,-2.0895851889438513,-0.2468203072001529,0.001995224404026885
1009,0.246337890625,-45.930097278544764,-2.069075381308229,-0.2466091248421094,0.0019963272497420803
1010,0.24658203125,-45.85942071848486,-2.048565573672608,-0.24639794248406588,0.0019974300954572755
1011,0.246826171875,-45.78874415842495,-2.0280557660369833,-0.24618676012596552,0.0019985329411724706
1012,0.2470703125,-45.71789983313112,-2.008781567449528,-0.245970080712425,0.0019971085426391255
1013,0.24731445312500003,-45.64701356652881,-1.9898162711241119,-0.24575202703493915,0.0019950523330294345
1014,0.24755859375,-45.57612729992651,-1.9708509747986982,-0.2455339733574533,0.001992996123476587
1015,0.247802734375,-45.50524103332422,-1.9518856784732845,-0.24531591967996746,0.0019909399139237394
1016,0.248046875,-45.43435476672191,-1.9329203821478682,-0.24509786600248162,0.0019888837043140484
1017,0.248291015625,-45.3634685001196,-1.9139550858224543,-0.24487981232505263,0.001986827494761201
1018,0.24853515625000003,-45.2925822335173,-1.894989789497038,-0.24466175864756678,0.00198477128515151
1019,0.248779296875,-45.221695966915,-1.8760244931716241,-0.24444370497008094,0.0019827150755986622
1020,0.2490234375,-45.1508097003127,-1.8570591968462107,-0.2442256512925951,0.0019806588659889712
1021,0.249267578125,-45.079923433710384,-1.8380939005207944,-0.24400759761510926,0.0019786026564361237
1022,0.24951171875,-45.00903716710809,-1.8191286041953805,-0.24378954393768026,0.0019765464468264327
1023,0.24975585937500003,-44.938150900505775,-1.8001633078699641,-0.24357149026019442,0.001974490237273585
1024,0.25,-44.86726463390348,-1.7811980115445507,-0.24335343658270858,0.001972434027663894
1025,0.250244140625,-44.79637836730118,-1.762232715219137,-0.24313538290522274,0.0019703778181110465
1026,0.25048828125,-44.725492100698865,-1.7432674188937205,-0.2429173292277369,0.001968321608558199
1027,0.250732421875,-44.654605834096564,-1.724302122568307,-0.2426992755503079,0.001966265398948508
1028,0.2509765625,-44.583719567494256,-1.7053368262428907,-0.24248122187282206,0.0019642091893956604
1029,0.251220703125,-44.512833300891955,-1.686371529917477,-0.24226316819533622,0.0019621529797859694
1030,0.25146484375,-44.44194703428966,-1.6674062335920632,-0.24204511451785038,0.001960096770233122
1031,0.251708984375,-44.37106076768735,-1.6484409372666469,-0.24182706084036454,0.001958040560623431
1032,0.251953125,-44.300174501085046,-1.6294756409412334,-0.24160900716293554,0.001955984351070583
1033,0.252197265625,-44.22928823448274,-1.610510344615817,-0.2413909534854497,0.0019539281414608922
1034,0.25244140625,-44.15840196788044,-1.5915450482904032,-0.24117289980796386,0.0019518719319080446
1035,0.252685546875,-44.08751570127814,-1.5725797519649896,-0.24095484613047802,0.001949815722355197
1036,0.2529296875,-44.01662943467583,-1.5536144556395732,-0.24073679245299218,0.001947759512745506
1037,0.253173828125,-43.94577020582297,-1.5350014048047287,-0.24051746158454534,0.0019452012908232064
1038,0.25341796875,-43.87501912796783,-1.5177973359321568,-0.24029302195197033,0.0019406350193662547
1039,0.253662109375,-43.804268050112704,-1.5005932670595872,-0.24006858231945216,0.001936068747909303
1040,0.25390625,-43.73351697225758,-1.4833891981870175,-0.23984414268687715,0.0019315024764523514
1041,0.254150390625,-43.66276589440245,-1.466185129314446,-0.23961970305435898,0.0019269362049953997
1042,0.25439453125,-43.59201481654732,-1.448981060441876,-0.23939526342178397,0.001922369933538448
1043,0.254638671875,-43.5212637386922,-1.4317769915693042,-0.2391708237892658,0.0019178036620814964
1044,0.2548828125,-43.45051266083707,-1.4145729226967347,-0.23894638415669078,0.0019132373906245448
1045,0.255126953125,-43.37976158298195,-1.397368853824165,-0.2387219445241726,0.0019086711191675931
1046,0.25537109375,-43.30901050512682,-1.3801647849515932,-0.2384975048915976,0.0019041048477106415
1047,0.255615234375,-43.23825942727169,-1.3629607160790236,-0.23827306525907943,0.0018995385762536898
1048,0.255859375,-43.167508349416565,-1.345756647206452,-0.23804862562650442,0.0018949723047967382
1049,0.256103515625,-43.09675727156144,-1.328552578333882,-0.23782418599398625,0.0018904060333397865
1050,0.25634765625,-43.02600619370631,-1.3113485094613127,-0.23759974636141123,0.0018858397618828349
1051,0.256591796875,-42.95525511585118,-1.2941444405887408,-0.23737530672889307,0.0018812734904258832
1052,0.2568359375,-42.88450403799606,-1.2769403717161711,-0.23715086709631805,0.0018767072189689316
1053,0.257080078125,-42.81375296014092,-1.259736302843599,-0.23692642746379988,0.00187214094751198
1054,0.25732421875,-42.7430018822858,-1.2425322339710299,-0.23670198783122487,0.0018675746760550282
1055,0.257568359375,-42.672250804430675,-1.2253281650984602,-0.2364775481987067,0.0018630084045980766
1056,0.2578125,-42.60149972657554,-1.2081240962258881,-0.2362531085661317,0.001858442133141125
1057,0.258056640625,-42.53074864872042,-1.1909200273533187,-0.23602866893361352,0.0018538758616841733
1058,0.25830078125,-42.45999757086528,-1.1737159584807466,-0.23580422930109535,0.0018493095902272216
1059,0.258544921875,-42.389246493010155,-1.1565118896081772,-0.23557978966852033,0.00184474331877027
1060,0.2587890625,-42.31849541515504,-1.139307820735608,-0.23535535003600216,0.0018401770473133183
1061,0.259033203125,-42.247744337299906,-1.1221037518630357,-0.23513091040342715,0.0018356107758563667
1062,0.25927734375,-42.17699325944478,-1.1048996829904663,-0.23490647077090898,0.001831044504399415
1063,0.259521484375,-42.10650606122288,-1.0888224116947842,-0.2346785331585579,0.0018253244667221225
1064,0.259765625,-42.03619478275647,-1.0734963387836978,-0.23444826355961368,0.0018188352516403938
1065,0.260009765625,-41.96588350429005,-1.0581702658726113,-0.2342179939607263,0.0018123460365018218
1066,0.26025390625,-41.895572225823635,-1.0428441929615224,-0.2339877243618389,0.0018058568213632498
1067,0.260498046875,-41.82526094735723,-1.0275181200504362,-0.2337574547629515,0.0017993676062815211
1068,0.2607421875,-41.75494966889081,-1.0121920471393475,-0.23352718516406412,0.0017928783911429491
1069,0.260986328125,-41.6846383904244,-0.9968659742282611,-0.23329691556517673,0.0017863891760612205
1070,0.26123046875,-41.614327111957984,-0.9815399013171745,-0.23306664596628934,0.0017798999609226485
1071,0.261474609375,-41.54401583349156,-0.9662138284060859,-0.2328363763673451,0.0017734107457840764
1072,0.26171875,-41.47370455502515,-0.9508877554949994,-0.23260610676845772,0.0017669215307023478
1073,0.261962890625,-41.403393276558724,-0.9355616825839107,-0.23237583716957033,0.0017604323155637758
1074,0.26220703125,-41.33308199809231,-0.9202356096728244,-0.23214556757068294,0.0017539431004820472
1075,0.262451171875,-41.26277071962591,-0.9049095367617379,-0.23191529797179555,0.0017474538853434751
1076,0.2626953125,-41.192459441159485,-0.8895834638506491,-0.23168502837290816,0.001740964670204903
1077,0.262939453125,-41.12214816269307,-0.8742573909395627,-0.23145475877402077,0.0017344754551231745
1078,0.26318359375,-41.05183688422665,-0.858931318028474,-0.23122448917507654,0.0017279862399846024
1079,0.263427734375,-40.98152560576024,-0.8436052451173874,-0.23099421957618915,0.0017214970248460304
1080,0.263671875,-40.91121432729383,-0.8282791722063012,-0.23076394997730176,0.0017150078097643018
1081,0.263916015625,-40.84090304882741,-0.8129530992952124,-0.23053368037841437,0.0017085185946257297
1082,0.26416015625,-40.770591770360994,-0.7976270263841261,-0.23030341077952698,0.0017020293795440011
1083,0.264404296875,-40.70028049189458,-0.7823009534730373,-0.2300731411806396,0.001695540164405429
1084,0.2646484375,-40.62996921342817,-0.7669748805619508,-0.2298428715817522,0.001689050949266857
1085,0.264892578125,-40.559657934961756,-0.7516488076508645,-0.22961260198280797,0.0016825617341851284
1086,0.26513671875,-40.489346656495336,-0.7363227347397756,-0.22938233238392058,0.0016760725190465564
1087,0.265380859375,-40.41903537802892,-0.7209966618286893,-0.2291520627850332,0.0016695833039648278
1088,0.265625,-40.3487240995625,-0.7056705889176008,-0.2289217931861458,0.0016630940888262558
1089,0.265869140625,-40.279119655710524,-0.6922587525745534,-0.22868630577744398,0.001655204064377358
1090,0.26611328125,-40.209515211858545,-0.6788469162315058,-0.22845081836874215,0.0016473140399284603
1091,0.266357421875,-40.13991076800655,-0.6654350798884563,-0.22821533096004032,0.0016394240154795625
1092,0.2666015625,-40.07030632415457,-0.6520232435454087,-0.2279798435513385,0.0016315339910306648
1093,0.266845703125,-40.00070188030258,-0.6386114072023592,-0.22774435614263666,0.001623643966581767
1094,0.26708984375,-39.93109743645059,-0.6251995708593118,-0.22750886873393483,0.0016157539421328693
1095,0.267333984375,-39.86149299259862,-0.611787734516264,-0.227273381325233,0.0016078639176839715
1096,0.267578125,-39.79188854874663,-0.5983758981732147,-0.22703789391653117,0.0015999738932919172
1097,0.267822265625,-39.72228410489465,-0.584964061830167,-0.22680240650782935,0.0015920838688430194
1098,0.26806640625,-39.652679661042654,-0.5715522254871177,-0.22656691909912752,0.0015841938443941217
1099,0.268310546875,-39.583075217190675,-0.5581403891440699,-0.2263314316904257,0.001576303819945224
1100,0.2685546875,-39.513470773338696,-0.5447285528010225,-0.22609594428172386,0.0015684137954963262
1101,0.268798828125,-39.4438663294867,-0.531316716457973,-0.22586045687302203,0.0015605237710474285
1102,0.26904296875,-39.374261885634716,-0.5179048801149253,-0.2256249694643202,0.0015526337465985307
1103,0.269287109375,-39.30465744178273,-0.5044930437718759,-0.22538948205561837,0.001544743722149633
1104,0.26953125,-39.23505299793075,-0.4910812074288284,-0.22515399464691654,0.0015368536977007352
1105,0.269775390625,-39.16544855407878,-0.47766937108578084,-0.22491850723821472,0.0015289636732518375
1106,0.27001953125,-39.095844110226786,-0.46425753474273135,-0.2246830198295129,0.0015210736488029397
1107,0.270263671875,-39.02623966637479,-0.4508456983996838,-0.22444753242081106,0.001513183624354042
1108,0.2705078125,-38.956635222522806,-0.43743386205663426,-0.22421204501210923,0.0015052935999051442
1109,0.270751953125,-38.88703077867083,-0.4240220257135867,-0.2239765576034074,0.0014974035754562465
1110,0.27099609375,-38.817426334818855,-0.41061018937053917,-0.22374107019470557,0.0014895135510641921
1111,0.271240234375,-38.74782189096686,-0.3971983530274897,-0.22350558278600374,0.0014816235266152944
1112,0.271484375,-38.678217447114875,-0.38378651668444214,-0.2232700953773019,0.0014737335021663966
1113,0.271728515625,-38.60861300326289,-0.37037468034139265,-0.22303460796860008,0.001465843477717499
1114,0.27197265625,-38.5393842648764,-0.35771772716064704,-0.22279729427998518,0.0014575757570582937
1115,0.272216796875,-38.47071908468813,-0.3461930987233548,-0.22255724117138698,0.001448741492197314
1116,0.2724609375,-38.402053904499844,-0.3346684702860608,-0.22231718806284562,0.001439907227279491
1117,0.272705078125,-38.333388724311575,-0.32314384184876854,-0.22207713495430426,0.001431072962361668
1118,0.27294921875,-38.26472354412329,-0.3116192134114745,-0.2218370818457629,0.0014222386975006884
1119,0.273193359375,-38.19605836393503,-0.30009458497418223,-0.2215970287371647,0.0014134044325828654
1120,0.2734375,-38.12739318374676,-0.28856995653689,-0.22135697562862333,0.0014045701676650424
1121,0.273681640625,-38.05872800355848,-0.27704532809959603,-0.22111692252008197,0.0013957359028040628
1122,0.27392578125,-37.99006282337021,-0.2655206996623037,-0.2208768694115406,0.0013869016378862398
1123,0.274169921875,-37.92139764318194,-0.2539960712250097,-0.22063681630299925,0.0013780673729684167
1124,0.2744140625,-37.852732462993664,-0.24247144278771743,-0.22039676319440105,0.0013692331081074371
1125,0.274658203125,-37.784067282805395,-0.23094681435042513,-0.22015671008585969,0.0013603988431896141
1126,0.27490234375,-37.71540210261712,-0.21942218591313117,-0.21991665697731833,0.001351564578271791
1127,0.275146484375,-37.64673692242885,-0.20789755747583885,-0.21967660386877697,0.001342730313353968
1128,0.275390625,-37.578071742240574,-0.19637292903854492,-0.2194365507602356,0.0013338960484929885
1129,0.275634765625,-37.509406562052305,-0.1848483006012526,-0.2191964976516374,0.0013250617835751655
1130,0.27587890625,-37.440741381864036,-0.17332367216396033,-0.21895644454309604,0.0013162275186573424
1131,0.276123046875,-37.37207620167576,-0.16179904372666634,-0.21871639143455468,0.0013073932537963628
1132,0.2763671875,-37.30341102148749,-0.15027441528937407,-0.21847633832601332,0.0012985589888785398
1133,0.276611328125,-37.23474584129921,-0.13874978685208011,-0.21823628521747196,0.0012897247239607168
1134,0.27685546875,-37.16608066111094,-0.1272251584147878,-0.21799623210887376,0.0012808904590997372
1135,0.277099609375,-37.09741548092267,-0.11570052997749548,-0.2177561790003324,0.0012720561941819142
1136,0.27734375,-37.0287503007344,-0.10417590154020152,-0.21751612589179103,0.0012632219292640912
1137,0.277587890625,-36.96008512054613,-0.09265127310290924,-0.21727607278324967,0.0012543876644031116
1138,0.27783203125,-36.89141994035785,-0.0811266446656153,-0.21703601967465147,0.0012455533994852885
1139,0.278076171875,-36.82275476016959,-0.06960201622832297,-0.2167959665661101,0.0012367191345674655
1140,0.2783203125,-36.75500158141478,-0.05952702093528118,-0.21655280093574447,0.0012274433971128929
1141,0.278564453125,-36.68747640301834,-0.04981443392830057,-0.21630885717490855,0.0012180572914530785
1142,0.27880859375,-36.61995122462191,-0.04010184692132133,-0.21606491341407263,0.0012086711857932642
1143,0.279052734375,-36.55242604622546,-0.030389259914340723,-0.21582096965323672,0.0011992850801902932
1144,0.279296875,-36.48490086782903,-0.02067667290736149,-0.2155770258924008,0.0011898989745304789
1145,0.279541015625,-36.41737568943259,-0.010964085900382264,-0.21533308213156488,0.0011805128688706645
1146,0.27978515625,-36.34985051103615,-0.001251498893401645,-0.21508913837072896,0.0011711267632676936
1147,0.280029296875,-36.282325332639715,0.00846108811357759,-0.21484519460989304,0.0011617406576078793
1148,0.2802734375,-36.21480015424328,0.018173675120558196,-0.21460125084905712,0.001152354551948065
1149,0.280517578125,-36.14727497584684,0.02788626212753743,-0.2143573070882212,0.001142968446345094
1150,0.28076171875,-36.079749797450404,0.037598849134516665,-0.2141133633273853,0.0011335823406852796
1151,0.281005859375,-36.01222461905397,0.047311436141497284,-0.21386941956654937,0.0011241962350254653
1152,0.28125,-35.94469944065753,0.057024023148476516,-0.2136254758056566,0.001114810129365651
1153,0.281494140625,-35.877174262261086,0.06673661015545712,-0.2133815320448207,0.00110542402376268
1154,0.28173828125,-35.80964908386465,0.07644919716243635,-0.21313758828398477,0.0010960379181028657
1155,0.281982421875,-35.742123905468226,0.0861617841694156,-0.21289364452314885,0.0010866518124430513
1156,0.2822265625,-35.674598727071775,0.0958743711763962,-0.21264970076231293,0.0010772657068400804
1157,0.282470703125,-35.607073548675345,0.10558695818337543,-0.212405757001477,0.001067879601180266
1158,0.28271484375,-35.5395483702789,0.11529954519035604,-0.2121618132406411,0.0010584934955204517
1159,0.282958984375,-35.47202319188247,0.12501213219733529,-0.21191786947980518,0.0010491073899174808
1160,0.283203125,-35.40449801348604,0.1347247192043145,-0.21167392571896926,0.0010397212842576664
1161,0.283447265625,-35.33697283508959,0.1444373062112951,-0.21142998195813334,0.001030335178597852
1162,0.28369140625,-35.26944765669316,0.15414989321827438,-0.21118603819729742,0.0010209490729948811
1163,0.283935546875,-35.201922478296716,0.163862480225255,-0.2109420944364615,0.0010115629673350668
1164,0.2841796875,-35.13439729990028,0.1735750672322342,-0.21069815067562558,0.0010021768616752524
1165,0.284423828125,-35.0671344875371,0.18294729133819537,-0.21045356500178514,0.0009927466128942797
1166,0.28466796875,-35.000921139306946,0.19095806384008632,-0.2102064116758129,0.0009831397915149864
1167,0.284912109375,-34.934707791076804,0.19896883634197612,-0.20995925834984064,0.0009735329701925366
1168,0.28515625,-34.86849444284665,0.20697960884386707,-0.2097121050238684,0.0009639261488132433
1169,0.285400390625,-34.802281094616504,0.21499038134575688,-0.20946495169789614,0.0009543193274339501
1170,0.28564453125,-34.73606774638636,0.22300115384764668,-0.2092177983719239,0.0009447125060546568
1171,0.285888671875,-34.669854398156204,0.2310119263495376,-0.20897064504595164,0.000935105684732207
1172,0.2861328125,-34.60364104992606,0.23902269885142743,-0.2087234917199794,0.0009254988633529138
1173,0.286376953125,-34.537427701695904,0.2470334713533184,-0.208476338394064,0.0009158920419736205
1174,0.28662109375,-34.47121435346576,0.2550442438552082,-0.20822918506809174,0.0009062852205943273
1175,0.286865234375,-34.40500100523561,0.26305501635709805,-0.2079820317421195,0.0008966783992718774
1176,0.287109375,-34.33878765700547,0.27106578885898897,-0.20773487841614724,0.0008870715778925842
1177,0.287353515625,-34.27257430877532,0.27907656136087877,-0.207487725090175,0.0008774647565132909
1178,0.28759765625,-34.20636096054516,0.28708733386276974,-0.20724057176420274,0.0008678579351339977
1179,0.287841796875,-34.14014761231502,0.29509810636465955,-0.2069934184382305,0.0008582511138115478
1180,0.2880859375,-34.07393426408487,0.30310887886654936,-0.20674626511225824,0.0008486442924322546
1181,0.288330078125,-34.00772091585471,0.31111965136844033,-0.20649911178634284,0.0008390374710529613
1182,0.28857421875,-33.94150756762457,0.3191304238703302,-0.2062519584603706,0.0008294306496736681
1183,0.288818359375,-33.87529421939442,0.3271411963722211,-0.20600480513439834,0.0008198238283512183
1184,0.2890625,-33.80908087116428,0.3351519688741109,-0.2057576518084261,0.000810217006971925
1185,0.289306640625,-33.74286752293413,0.3431627413760007,-0.20551049848245384,0.0008006101855926318
1186,0.28955078125,-33.67665417470397,0.35117351387789164,-0.2052633451564816,0.0007910033642133385
1187,0.289794921875,-33.61044082647383,0.35918428637978145,-0.20501619183050934,0.0007813965428908887
1188,0.2900390625,-33.54422747824368,0.3671950588816724,-0.2047690385045371,0.0007717897215115954
1189,0.290283203125,-33.47801413001353,0.3752058313835622,-0.2045218851786217,0.0007621829001323022
1190,0.29052734375,-33.411800781783384,0.3832166038854521,-0.20427473185264944,0.0007525760788098523
1191,0.290771484375,-33.34646183981513,0.39028678480328344,-0.20402605548508745,0.0007430011257838487
1192,0.291015625,-33.281705835354806,0.39672990466507424,-0.2037763637564467,0.0007334474183267048
1193,0.291259765625,-33.21694983089448,0.4031730245268659,-0.2035266720278628,0.0007238937109264043
1194,0.29150390625,-33.15219382643416,0.40961614438865657,-0.20327698029922203,0.0007143400034692604
1195,0.291748046875,-33.087437821973836,0.4160592642504473,-0.20302728857058128,0.0007047862960689599
1196,0.2919921875,-33.02268181751351,0.422502384112239,-0.20277759684199737,0.000695232588611816
1197,0.292236328125,-32.95792581305319,0.42894550397402975,-0.2025279051133566,0.0006856788812115155
1198,0.29248046875,-32.893169808592866,0.43538862383582144,-0.2022782133847727,0.0006761251737543716
1199,0.292724609375,-32.828413804132545,0.44183174369761213,-0.20202852165613194,0.0006665714662972277
1200,0.29296875,-32.763657799672224,0.4482748635594029,-0.20177882992754803,0.0006570177588969273
1201,0.293212890625,-32.69890179521189,0.45471798342119446,-0.20152913819890728,0.0006474640514397834
1202,0.29345703125,-32.63414579075157,0.4611611032829853,-0.20127944647026652,0.0006379103440394829
1203,0.293701171875,-32.56938978629125,0.4676042231447769,-0.2010297547416826,0.000628356636582339
1204,0.2939453125,-32.504633781830925,0.47404734300656765,-0.20078006301304185,0.0006188029291820385
1205,0.294189453125,-32.439877777370604,0.48049046286835845,-0.20053037128445794,0.0006092492217248946
1206,0.29443359375,-32.375121772910276,0.48693358273015,-0.2002806795558172,0.0005996955143245941
1207,0.294677734375,-32.310365768449955,0.4933767025919408,-0.20003098782717643,0.0005901418068674502
1208,0.294921875,-32.24560976398963,0.49981982245373247,-0.19978129609859252,0.0005805880994103063
1209,0.295166015625,-32.180853759529306,0.5062629423155233,-0.19953160436995176,0.0005710343920100058
1210,0.29541015625,-32.11609775506899,0.512706062177314,-0.19928191264136785,0.0005614806845528619
1211,0.295654296875,-32.05134175060866,0.5191491820391056,-0.1990322209127271,0.0005519269771525614
1212,0.2958984375,-31.98658574614834,0.5255923019008963,-0.19878252918408634,0.0005423732696954175
1213,0.296142578125,-31.921829741688015,0.532035421762688,-0.19853283745550243,0.0005328195622951171
1214,0.29638671875,-31.857073737227694,0.5384785416244788,-0.19828314572686168,0.0005232658548379732
1215,0.296630859375,-31.792317732767373,0.5449216614862695,-0.19803345399827776,0.0005137121474376727
1216,0.296875,-31.727561728307048,0.5513647813480609,-0.197783762269637,0.0005041584399805288
1217,0.297119140625,-31.664384616853,0.5563890408890066,-0.1975321790110911,0.0004948790922867374
1218,0.29736328125,-31.601207505398943,0.5614133004299531,-0.1972805957525452,0.0004855997446497895
1219,0.297607421875,-31.538030393944894,0.5664375599708987,-0.1970290124939993,0.00047632039695599815
1220,0.2978515625,-31.47485328249084,0.5714618195118446,-0.19677742923545338,0.0004670410492622068
1221,0.298095703125,-31.411676171036785,0.576486079052791,-0.19652584597690748,0.00045776170156841545
1222,0.29833984375,-31.348499059582736,0.5815103385937368,-0.19627426271836157,0.0004484823539314675
1223,0.298583984375,-31.28532194812868,0.5865345981346831,-0.19602267945981566,0.00043920300623767616
1224,0.298828125,-31.22214483667463,0.5915588576756288,-0.19577109620126976,0.0004299236585438848
1225,0.299072265625,-31.158967725220574,0.5965831172165746,-0.19551951294272385,0.0004206443109069369
1226,0.29931640625,-31.09579061376652,0.6016073767575211,-0.19526792968417794,0.00041136496321314553
1227,0.299560546875,-31.03261350231247,0.6066316362984667,-0.19501634642563204,0.0004020856155193542
1228,0.2998046875,-30.969436390858416,0.6116558958394132,-0.19476476316708613,0.00039280626788240625
1229,0.300048828125,-30.906259279404363,0.6166801553803588,-0.19451317990854022,0.0003835269201886149
1230,0.30029296875,-30.84308216795031,0.6217044149213046,-0.19426159664999432,0.00037424757249482354
1231,0.300537109375,-30.779905056496254,0.6267286744622511,-0.1940100133914484,0.0003649682248010322
1232,0.30078125,-30.716727945042205,0.6317529340031968,-0.1937584301329025,0.00035568887716408426
1233,0.301025390625,-30.65355083358815,0.6367771935441432,-0.1935068468743566,0.0003464095294702929
1234,0.30126953125,-30.5903737221341,0.6418014530850888,-0.1932552636158107,0.00033713018177650156
1235,0.301513671875,-30.527196610680058,0.6468257126260347,-0.19300368035726478,0.0003278508341395536
1236,0.3017578125,-30.46401949922599,0.6518499721669812,-0.19275209709871888,0.0003185714864457623
1237,0.302001953125,-30.40084238777195,0.6568742317079268,-0.19250051384017297,0.0003092921387519709
1238,0.30224609375,-30.337665276317885,0.6618984912488733,-0.19224893058162706,0.000300012791115023
1239,0.302490234375,-30.274488164863843,0.666922750789819,-0.19199734732308116,0.00029073344342123164
1240,0.302734375,-30.21131105340979,0.6719470103307648,-0.19174576406453525,0.0002814540957274403
1241,0.302978515625,-30.148133941955734,0.6769712698717112,-0.19149418080598934,0.00027217474803364894
1242,0.30322265625,-30.085628267151023,0.6814903024186636,-0.1912420850574108,0.0002630746686236307
1243,0.303466796875,-30.024129747320313,0.6852514944746262,-0.19098922057372647,0.00025424349161085047
1244,0.3037109375,-29.96263122748961,0.6890126865305883,-0.19073635609004214,0.0002454123145980702
1245,0.303955078125,-29.901132707658906,0.6927738785865505,-0.1904834916063578,0.00023658113752844656
1246,0.30419921875,-29.839634187828196,0.696535070642513,-0.1902306271227303,0.00022774996051566632
1247,0.304443359375,-29.778135667997493,0.7002962626984752,-0.18997776263904598,0.00021891878344604265
1248,0.3046875,-29.71663714816678,0.7040574547544378,-0.18972489815536164,0.0002100876064332624
1249,0.304931640625,-29.655138628336076,0.7078186468104,-0.1894720336716773,0.00020125642942048216
1250,0.30517578125,-29.593640108505372,0.7115798388663621,-0.18921916918799297,0.0001924252523508585
1251,0.305419921875,-29.532141588674662,0.7153410309223247,-0.18896630470436548,0.00018359407533807826
1252,0.3056640625,-29.47064306884396,0.719102222978287,-0.18871344022068115,0.000174762898325298
1253,0.305908203125,-29.40914454901325,0.7228634150342494,-0.18846057573699682,0.00016593172125567435
1254,0.30615234375,-29.347646029182545,0.7266246070902117,-0.18820771125331248,0.0001571005442428941
1255,0.306396484375,-29.286147509351846,0.7303857991461739,-0.187954846769685,0.00014826936717327044
1256,0.306640625,-29.224648989521132,0.7341469912021366,-0.18770198228600066,0.0001394381901604902
1257,0.306884765625,-29.163150469690432,0.7379081832580986,-0.18744911780231632,0.00013060701314770995
1258,0.30712890625,-29.10165194985972,0.7416693753140612,-0.187196253318632,0.00012177583607808629
1259,0.307373046875,-29.04015343002902,0.7454305673700234,-0.18694338883494765,0.00011294465906530604
1260,0.3076171875,-28.978654910198316,0.7491917594259855,-0.18669052435132016,0.0001041134820525258
1261,0.307861328125,-28.917156390367605,0.7529529514819482,-0.18643765986763583,9.528230498290213e-05
1262,0.30810546875,-28.855657870536902,0.7567141435379103,-0.1861847953839515,8.645112797012189e-05
1263,0.308349609375,-28.79415935070619,0.7604753355938728,-0.18593193090026716,7.761995090049822e-05
1264,0.30859375,-28.73266083087549,0.7642365276498351,-0.18567906641658283,6.878877388771798e-05
1265,0.308837890625,-28.671162311044785,0.7679977197057971,-0.18542620193295534,5.9957596874937735e-05
1266,0.30908203125,-28.609663791214075,0.7717589117617599,-0.185173337449271,5.112641980531407e-05
1267,0.309326171875,-28.548165271383372,0.775520103817722,-0.18492047296558667,4.229524279253383e-05
1268,0.3095703125,-28.488073406660035,0.7783961849080451,-0.18466703458022948,3.392797805190639e-05
1269,0.309814453125,-28.428333205713553,0.7810509882569578,-0.18441345271941145,2.5676691393528017e-05
1270,0.31005859375,-28.368593004767078,0.7837057916058707,-0.18415987085865027,1.742540473514964e-05
1271,0.310302734375,-28.30885280382059,0.786360594954784,-0.18390628899783223,9.174118076771265e-06
1272,0.310546875,-28.24911260287411,0.7890153983036969,-0.1836527071370142,9.228314183928887e-07
1273,0.310791015625,-28.189372401927624,0.7916702016526102,-0.18339912527625302,-7.3284552399854874e-06
1274,0.31103515625,-28.129632200981142,0.794325005001523,-0.18314554341543499,-1.5579741841520445e-05
1275,0.311279296875,-28.069892000034663,0.796979808350436,-0.18289196155461696,-2.383102849989882e-05
1276,0.3115234375,-28.01015179908817,0.7996346116993492,-0.18263837969385577,-3.20823151582772e-05
1277,0.311767578125,-27.950411598141695,0.802289415048262,-0.18238479783303774,-4.033360181665557e-05
1278,0.31201171875,-27.890671397195202,0.8049442183971752,-0.1821312159722197,-4.858488847503395e-05
1279,0.312255859375,-27.830931196248724,0.8075990217460881,-0.18187763411145852,-5.6836175133412326e-05
1280,0.3125,-27.771190995302245,0.8102538250950011,-0.1816240522506405,-6.50874617917907e-05
1281,0.31274414062499994,-27.71145079435577,0.8129086284439139,-0.18137047038982246,-7.333874845016908e-05
1282,0.31298828125,-27.651710593409273,0.8155634317928275,-0.18111688852906127,-8.159003510854745e-05
1283,0.313232421875,-27.59197039246279,0.8182182351417405,-0.18086330666824324,-8.984132176692583e-05
1284,0.3134765625,-27.53223019151631,0.8208730384906534,-0.1806097248074252,-9.80926084253042e-05
1285,0.313720703125,-27.47248999056983,0.8235278418395662,-0.18035614294666402,-0.00010634389508368258
1286,0.31396484374999994,-27.41274978962335,0.8261826451884791,-0.180102561085846,-0.00011459518174206096
1287,0.314208984375,-27.353009588676855,0.8288374485373926,-0.17984897922502796,-0.00012284646834359592
1288,0.314453125,-27.293269387730376,0.8314922518863056,-0.17959539736426677,-0.0001310977550019743
1289,0.314697265625,-27.233529186783894,0.8341470552352185,-0.17934181550344874,-0.00013934904166035267
1290,0.31494140625,-27.17378898583741,0.8368018585841314,-0.1790882336426307,-0.00014760032831873104
1291,0.31518554687499994,-27.114048784890937,0.8394566619330442,-0.17883465178186952,-0.00015585161497710942
1292,0.3154296875,-27.05430858394444,0.8421114652819578,-0.1785810699210515,-0.0001641029016354878
1293,0.315673828125,-26.9949323318097,0.8445755510020199,-0.17832744658841193,-0.00017221921569898768
1294,0.31591796875,-26.937011874921943,0.8462767662066784,-0.1780736573684294,-0.00017979563943981702
1295,0.316162109375,-26.87909141803418,0.8479779814113368,-0.17781986814839001,-0.00018737206312380295
1296,0.31640624999999994,-26.82117096114642,0.8496791966159953,-0.17756607892840748,-0.0001949484868646323
1297,0.316650390625,-26.763250504258643,0.8513804118206543,-0.17731228970842494,-0.00020252491060546163
1298,0.31689453125,-26.70533004737088,0.8530816270253126,-0.17705850048838556,-0.00021010133428944755
1299,0.317138671875,-26.647409590483118,0.8547828422299711,-0.17680471126840303,-0.0002176777580302769
1300,0.3173828125,-26.589489133595357,0.8564840574346295,-0.1765509220484205,-0.0002252541817142628
1301,0.31762695312499994,-26.531568676707597,0.8581852726392879,-0.1762971328283811,-0.00023283060545509215
1302,0.31787109375,-26.473648219819818,0.859886487843947,-0.17604334360839857,-0.0002404070291959215
1303,0.318115234375,-26.415727762932057,0.8615877030486053,-0.1757895543883592,-0.0002479834528799074
1304,0.318359375,-26.3578073060443,0.8632889182532638,-0.17553576516837666,-0.00025555987662073676
1305,0.318603515625,-26.299886849156536,0.8649901334579223,-0.17528197594839412,-0.0002631363003615661
1306,0.31884765624999994,-26.241966392268772,0.8666913486625807,-0.17502818672835474,-0.000270712724045552
1307,0.319091796875,-26.184045935380997,0.8683925638672395,-0.1747743975083722,-0.00027828914778638136
1308,0.3193359375,-26.126125478493236,0.8700937790718981,-0.17452060828838967,-0.0002858655714703673
1309,0.319580078125,-26.068205021605475,0.8717949942765565,-0.1742668190683503,-0.0002934419952111966
1310,0.31982421875,-26.010284564717715,0.873496209481215,-0.17401302984836775,-0.00030101841895202597
1311,0.32006835937499994,-25.95236410782995,0.8751974246858735,-0.17375924062832837,-0.0003085948426360119
1312,0.3203125,-25.894443650942176,0.8768986398905323,-0.17350545140834583,-0.00031617126637684123
1313,0.320556640625,-25.83652319405441,0.8785998550951908,-0.1732516621883633,-0.00032374769011767057
1314,0.32080078125,-25.778602737166654,0.8803010702998493,-0.17299787296832392,-0.0003313241138016565
1315,0.321044921875,-25.720682280278893,0.8820022855045075,-0.17274408374834138,-0.00033890053754248584
1316,0.32128906249999994,-25.66276182339113,0.8837035007091661,-0.17249029452835885,-0.00034647696122647176
1317,0.321533203125,-25.604841366503354,0.8854047159138251,-0.17223650530831947,-0.0003540533849673011
1318,0.32177734375,-25.546920909615594,0.8871059311184833,-0.17198271608833693,-0.00036162980870813044
1319,0.322021484375,-25.490119066027322,0.8883221992494267,-0.1717290732337915,-0.0003687632640776428
1320,0.322265625,-25.434062964638713,0.8892151693312266,-0.17147552795631782,-0.00037560140719961055
1321,0.32250976562499994,-25.378006863250103,0.8901081394130264,-0.1712219826787873,-0.0003824395503215783
1322,0.32275390625,-25.32195076186148,0.8910011094948266,-0.17096843740125678,-0.000389277693443546
1323,0.322998046875,-25.26589466047287,0.8918940795766264,-0.17071489212372626,-0.00039611583656551375
1324,0.3232421875,-25.209838559084265,0.8927870496584264,-0.17046134684625258,-0.0004029539796874815
1325,0.323486328125,-25.153782457695655,0.893680019740226,-0.17020780156872206,-0.0004097921228094492
1326,0.32373046874999994,-25.097726356307046,0.894572989822026,-0.16995425629119154,-0.00041663026593141694
1327,0.323974609375,-25.041670254918422,0.8954659599038262,-0.16970071101366102,-0.0004234684090533847
1328,0.32421875,-24.985614153529813,0.8963589299856258,-0.16944716573618734,-0.0004303065522321958
1329,0.324462890625,-24.929558052141203,0.8972519000674258,-0.16919362045865682,-0.00043714469535416356
1330,0.32470703125,-24.873501950752594,0.8981448701492256,-0.1689400751811263,-0.0004439828384761313
1331,0.32495117187499994,-24.817445849363985,0.8990378402310255,-0.16868652990365263,-0.000450820981598099
1332,0.3251953125,-24.761389747975358,0.8999308103128257,-0.1684329846261221,-0.00045765912472006676
1333,0.325439453125,-24.70533364658675,0.9008237803946255,-0.1681794393485916,-0.0004644972678420345
1334,0.32568359375,-24.649277545198142,0.9017167504764254,-0.16792589407106107,-0.0004713354109640022
1335,0.325927734375,-24.593221443809536,0.9026097205582252,-0.1676723487935874,-0.00047817355408596995
1336,0.32617187499999994,-24.537165342420927,0.9035026906400252,-0.16741880351605687,-0.0004850116972079377
1337,0.326416015625,-24.481109241032303,0.9043956607218253,-0.16716525823852635,-0.0004918498403299054
1338,0.32666015625,-24.425053139643694,0.905288630803625,-0.16691171296099583,-0.0004986879834518732
1339,0.326904296875,-24.36899703825509,0.906181600885425,-0.16665816768352215,-0.0005055261266306843
1340,0.3271484375,-24.312940936866475,0.9070745709672247,-0.16640462240599163,-0.000512364269752652
1341,0.32739257812499994,-24.256884835477866,0.9079675410490247,-0.1661510771284611,-0.0005192024128746198
1342,0.32763671875,-24.200828734089242,0.9088605111308248,-0.1658975318509306,-0.0005260405559965875
1343,0.327880859375,-24.144772632700633,0.9097534812126247,-0.16564398657345691,-0.0005328786991185552
1344,0.328125,-24.088716531312024,0.9106464512944245,-0.1653904412959264,-0.000539716842240523
1345,0.328369140625,-24.03455392147241,0.9108665053131576,-0.1651375299941833,-0.0005457799155692555
1346,0.32861328124999994,-23.98039131163279,0.9110865593318909,-0.1648846186924402,-0.0005518429888411447
1347,0.328857421875,-23.926228701793157,0.9113066133506241,-0.16463170739075395,-0.0005579060621698773
1348,0.3291015625,-23.87206609195354,0.9115266673693572,-0.16437879608901085,-0.0005639691354986098
1349,0.329345703125,-23.81790348211392,0.9117467213880904,-0.16412588478726775,-0.000570032208770499
1350,0.32958984375,-23.763740872274305,0.9119667754068237,-0.16387297348552465,-0.0005760952820992316
1351,0.32983398437499994,-23.709578262434686,0.912186829425557,-0.16362006218378156,-0.0005821583554279641
1352,0.330078125,-23.655415652595053,0.91240688344429,-0.16336715088203846,-0.0005882214286998533
1353,0.330322265625,-23.601253042755435,0.9126269374630233,-0.1631142395803522,-0.0005942845020285858
1354,0.33056640625,-23.54709043291582,0.9128469914817563,-0.1628613282786091,-0.0006003475753573184
1355,0.330810546875,-23.4929278230762,0.9130670455004896,-0.162608416976866,-0.0006064106486292076
1356,0.33105468749999994,-23.43876521323658,0.9132870995192227,-0.1623555056751229,-0.0006124737219579401
1357,0.331298828125,-23.38460260339695,0.913507153537956,-0.16210259437337982,-0.0006185367952866727
1358,0.33154296875,-23.330439993557334,0.913727207556689,-0.16184968307169356,-0.0006245998685585619
1359,0.331787109375,-23.276277383717716,0.9139472615754223,-0.16159677176995046,-0.0006306629418872944
1360,0.33203125,-23.222114773878094,0.9141673155941554,-0.16134386046820737,-0.000636726015216027
1361,0.33227539062499994,-23.167952164038482,0.9143873696128887,-0.16109094916646427,-0.0006427890884879162
1362,0.33251953125,-23.11378955419885,0.914607423631622,-0.16083803786472117,-0.0006488521618166487
1363,0.332763671875,-23.05962694435923,0.914827477650355,-0.16058512656303492,-0.0006549152351453813
1364,0.3330078125,-23.00546433451961,0.9150475316690883,-0.16033221526129182,-0.0006609783084172705
1365,0.333251953125,-22.951301724679997,0.9152675856878213,-0.16007930395954872,-0.000667041381746003
1366,0.33349609374999994,-22.89713911484038,0.9154876397065546,-0.15982639265780563,-0.0006731044550747356
1367,0.333740234375,-22.842976505000742,0.9157076937252877,-0.15957348135606253,-0.0006791675283466247
1368,0.333984375,-22.788813895161123,0.915927747744021,-0.15932057005431943,-0.0006852306016753573
1369,0.334228515625,-22.734651285321508,0.916147801762754,-0.15906765875263318,-0.0006912936750040899
1370,0.33447265625,-22.68125202367559,0.9161481400705054,-0.15881513236183764,-0.0006970408243773818
1371,0.33471679687499994,-22.628997784320223,0.9158189048117835,-0.15856318333749186,-0.0007023140879596212
1372,0.3349609375,-22.57674354496484,0.9154896695530614,-0.1583112343131461,-0.0007075873514850173
1373,0.335205078125,-22.524489305609478,0.9151604342943395,-0.1580592852888003,-0.0007128606150104133
1374,0.33544921875,-22.472235066254115,0.9148311990356177,-0.15780733626445453,-0.0007181338785926528
1375,0.335693359375,-22.419980826898747,0.9145019637768957,-0.15755538724010876,-0.0007234071421180488
1376,0.33593749999999994,-22.36772658754338,0.9141727285181739,-0.15730343821576298,-0.0007286804056434448
1377,0.336181640625,-22.315472348188,0.913843493259452,-0.15705148919136036,-0.0007339536692256843
1378,0.33642578125,-22.263218108832636,0.9135142580007302,-0.15679954016701458,-0.0007392269327510803
1379,0.336669921875,-22.210963869477272,0.9131850227420083,-0.1565475911426688,-0.0007445001963333198
1380,0.3369140625,-22.158709630121905,0.9128557874832863,-0.15629564211832303,-0.0007497734598587158
1381,0.33715820312499994,-22.106455390766538,0.9125265522245645,-0.15604369309397725,-0.0007550467233841118
1382,0.33740234375,-22.054201151411156,0.9121973169658424,-0.15579174406963148,-0.0007603199869663513
1383,0.337646484375,-22.001946912055793,0.9118680817071206,-0.1555397950452857,-0.0007655932504917473
1384,0.337890625,-21.94969267270043,0.9115388464483987,-0.15528784602093992,-0.0007708665140171433
1385,0.338134765625,-21.897438433345062,0.9112096111896767,-0.15503589699659415,-0.0007761397775993828
1386,0.33837890624999994,-21.845184193989695,0.9108803759309549,-0.15478394797224837,-0.0007814130411247788
1387,0.338623046875,-21.792929954634314,0.910551140672233,-0.1545319989479026,-0.0007866863046501749
1388,0.3388671875,-21.74067571527895,0.9102219054135112,-0.15428004992355682,-0.0007919595682324143
1389,0.339111328125,-21.688421475923587,0.9098926701547893,-0.1540281008991542,-0.0007972328317578103
1390,0.33935546875,-21.636167236568223,0.9095634348960674,-0.15377615187480842,-0.0008025060953400498
1391,0.33959960937499994,-21.583912997212853,0.9092341996373455,-0.15352420285046264,-0.0008077793588654458
1392,0.33984375,-21.531658757857475,0.9089049643786234,-0.15327225382611687,-0.0008130526223908419
1393,0.340087890625,-21.479404518502108,0.9085757291199016,-0.1530203048017711,-0.0008183258859730813
1394,0.34033203125,-21.427150279146744,0.9082464938611796,-0.1527683557774253,-0.0008235991494984773
1395,0.340576171875,-21.37489603979138,0.9079172586024579,-0.15251640675307954,-0.0008288724130238734
1396,0.34082031249999994,-21.32416989413133,0.9072373593295302,-0.15226544186378987,-0.0008335163334436402
1397,0.341064453125,-21.273825771895098,0.9064697940530508,-0.1520147230082216,-0.0008380029181012105
1398,0.34130859375,-21.223481649658883,0.9057022287765716,-0.15176400415265334,-0.0008424895027019375
1399,0.341552734375,-21.173137527422664,0.9049346635000923,-0.15151328529708508,-0.0008469760873595078
1400,0.341796875,-21.122793405186446,0.9041670982236132,-0.1512625664415168,-0.0008514626719602347
1401,0.34204101562499994,-21.07244928295023,0.903399532947134,-0.15101184758594854,-0.0008559492566178051
1402,0.34228515625,-21.022105160714,0.9026319676706546,-0.15076112873038028,-0.0008604358412753754
1403,0.342529296875,-20.97176103847778,0.9018644023941754,-0.150510409874812,-0.0008649224258761024
1404,0.3427734375,-20.921416916241565,0.9010968371176962,-0.1502596910193006,-0.0008694090105336727
1405,0.343017578125,-20.871072794005347,0.9003292718412169,-0.15000897216373232,-0.0008738955951343996
1406,0.34326171874999994,-20.82072867176913,0.8995617065647377,-0.14975825330816406,-0.00087838217979197
1407,0.343505859375,-20.7703845495329,0.8987941412882583,-0.1495075344525958,-0.0008828687643926969
1408,0.34375,-20.720040427296677,0.8980265760117792,-0.14925681559702753,-0.0008873553490502673
1409,0.343994140625,-20.669696305060462,0.8972590107352999,-0.14900609674145926,-0.0008918419337078376
1410,0.34423828125,-20.619352182824247,0.8964914454588208,-0.148755377885891,-0.0008963285183085645
1411,0.34448242187499994,-20.569008060588025,0.8957238801823415,-0.14850465903032273,-0.0009008151029661349
1412,0.3447265625,-20.518663938351796,0.8949563149058621,-0.14825394017475446,-0.0009053016875668618
1413,0.344970703125,-20.46831981611558,0.8941887496293829,-0.14800322131924304,-0.0009097882722244321
1414,0.34521484375,-20.417975693879363,0.8934211843529036,-0.14775250246367477,-0.0009142748568251591
1415,0.345458984375,-20.367631571643145,0.8926536190764245,-0.1475017836081065,-0.0009187614414827294
1416,0.34570312499999994,-20.31728744940693,0.8918860537999452,-0.14725106475253824,-0.0009232480260834564
1417,0.345947265625,-20.266943327170697,0.8911184885234659,-0.14700034589696998,-0.0009277346107410267
1418,0.34619140625,-20.21659920493448,0.8903509232469866,-0.1467496270414017,-0.000932221195398597
1419,0.346435546875,-20.166255082698264,0.8895833579705075,-0.14649890818583344,-0.000936707779999324
1420,0.3466796875,-20.115910960462042,0.8888157926940282,-0.14624818933032202,-0.0009411943646568943
1421,0.34692382812499994,-20.065946795195952,0.8879801446187766,-0.14599775855941743,-0.0009455270642888536
1422,0.34716796875,-20.017502457810345,0.8868721653484345,-0.14574848012711072,-0.0009492442241025856
1423,0.347412109375,-19.96905812042475,0.8857641860780928,-0.14549920169486086,-0.0009529613839163176
1424,0.34765625,-19.92061378303916,0.884656206807751,-0.14524992326255415,-0.0009566785437300496
1425,0.347900390625,-19.87216944565356,0.8835482275374092,-0.14500064483030428,-0.0009603957035437816
1426,0.34814453124999994,-19.82372510826797,0.8824402482670675,-0.14475136639805442,-0.0009641128633575136
1427,0.348388671875,-19.775280770882365,0.8813322689967253,-0.1445020879657477,-0.0009678300231712456
1428,0.3486328125,-19.72683643349677,0.8802242897263838,-0.14425280953349784,-0.0009715471829849776
1429,0.348876953125,-19.678392096111175,0.879116310456042,-0.14400353110119113,-0.0009752643427987095
1430,0.34912109375,-19.629947758725578,0.8780083311857003,-0.14375425266894126,-0.0009789815026124415
1431,0.34936523437499994,-19.581503421339985,0.8769003519153585,-0.1435049742366914,-0.0009826986624261735
1432,0.349609375,-19.53305908395438,0.8757923726450162,-0.1432556958043847,-0.0009864158222399055
1433,0.349853515625,-19.484614746568788,0.8746843933746747,-0.14300641737213482,-0.0009901329820536375
1434,0.35009765625,-19.43617040918319,0.873576414104333,-0.14275713893988495,-0.0009938501418673695
1435,0.350341796875,-19.387726071797598,0.8724684348339912,-0.14250786050757824,-0.0009975673016811015
1436,0.35058593749999994,-19.339281734412005,0.8713604555636494,-0.14225858207532838,-0.0010012844614948335
1437,0.350830078125,-19.290837397026394,0.8702524762933073,-0.14200930364302167,-0.0010050016213085655
1438,0.35107421875,-19.242393059640804,0.8691444970229655,-0.1417600252107718,-0.0010087187811222975
1439,0.351318359375,-19.193948722255207,0.8680365177526238,-0.14151074677852193,-0.0010124359409360295
1440,0.3515625,-19.145504384869614,0.866928538482282,-0.14126146834621522,-0.0010161531007497615
1441,0.35180664062499994,-19.09706004748402,0.8658205592119402,-0.14101218991396536,-0.0010198702605634935
1442,0.35205078125,-19.04861571009841,0.8647125799415982,-0.14076291148165865,-0.0010235874203772255
1443,0.352294921875,-19.000171372712817,0.8636046006712564,-0.14051363304940878,-0.0010273045801909575
1444,0.3525390625,-18.95172703532722,0.8624966214009147,-0.14026435461715892,-0.0010310217400046895
1445,0.352783203125,-18.903282697941627,0.8613886421305729,-0.1400150761848522,-0.0010347388998184215
1446,0.35302734374999994,-18.854838360556037,0.8602806628602312,-0.13976579775260234,-0.0010384560596321535
1447,0.353271484375,-18.807521046801323,0.8590194149084112,-0.1395174774776251,-0.0010417284075856514
1448,0.353515625,-18.760955082133894,0.8576559878356063,-0.13926979597420086,-0.001044704214336889
1449,0.353759765625,-18.714389117466464,0.8562925607628014,-0.13902211447077661,-0.0010476800210881265
1450,0.35400390625,-18.667823152799027,0.8549291336899963,-0.13877443296735237,-0.0010506558277825206
1451,0.35424804687499994,-18.621257188131597,0.8535657066171912,-0.13852675146398497,-0.0010536316345337582
1452,0.3544921875,-18.574691223464146,0.852202279544386,-0.13827906996056072,-0.0010566074412849957
1453,0.354736328125,-18.528125258796717,0.8508388524715811,-0.13803138845713647,-0.0010595832479793899
1454,0.35498046875,-18.481559294129287,0.8494754253987761,-0.13778370695371223,-0.0010625590547306274
1455,0.355224609375,-18.43499332946185,0.8481119983259712,-0.13753602545028798,-0.001065534861481865
1456,0.35546874999999994,-18.38842736479442,0.8467485712531663,-0.13728834394686373,-0.001068510668176259
1457,0.355712890625,-18.34186140012697,0.8453851441803609,-0.1370406624434395,-0.0010714864749274966
1458,0.35595703125,-18.29529543545954,0.844021717107556,-0.13679298094001524,-0.0010744622816787341
1459,0.356201171875,-18.24872947079211,0.8426582900347511,-0.136545299436591,-0.0010774380883731283
1460,0.3564453125,-18.202163506124677,0.8412948629619461,-0.13629761793316675,-0.0010804138951243658
1461,0.35668945312499994,-18.155597541457244,0.8399314358891412,-0.1360499364297425,-0.0010833897018756034
1462,0.35693359375,-18.1090315767898,0.8385680088163358,-0.13580225492631826,-0.0010863655085699975
1463,0.357177734375,-18.062465612122363,0.8372045817435309,-0.135554573422894,-0.001089341315321235
1464,0.357421875,-18.015899647454933,0.8358411546707258,-0.13530689191946976,-0.0010923171220724726
1465,0.357666015625,-17.9693336827875,0.8344777275979209,-0.13505921041610236,-0.0010952929287668667
1466,0.35791015624999994,-17.92276771812007,0.833114300525116,-0.1348115289126781,-0.0010982687355181042
1467,0.358154296875,-17.876201753452623,0.8317508734523107,-0.13456384740925387,-0.0011012445422693418
1468,0.3583984375,-17.82963578878519,0.8303874463795058,-0.13431616590582962,-0.0011042203489637359
1469,0.358642578125,-17.783069824117756,0.8290240193067009,-0.13406848440240537,-0.0011071961557149734
1470,0.35888671875,-17.736503859450323,0.8276605922338959,-0.13382080289898113,-0.001110171962466211
1471,0.35913085937499994,-17.689937894782894,0.826297165161091,-0.13357312139555688,-0.001113147769160605
1472,0.359375,-17.643371930115446,0.8249337380882856,-0.13332543989213264,-0.0011161235759118426
1473,0.359619140625,-17.598652803036558,0.8233873344415162,-0.13307946275529048,-0.0011183940512182744
1474,0.35986328125,-17.553933675957666,0.8218409307947468,-0.13283348561844832,-0.0011206645265815496
1475,0.360107421875,-17.509214548878774,0.8202945271479773,-0.13258750848160616,-0.0011229350018879813
1476,0.36035156249999994,-17.464495421799885,0.8187481235012081,-0.13234153134470716,-0.001125205477194413
1477,0.360595703125,-17.419776294720982,0.8172017198544382,-0.132095554207865,-0.0011274759525008449
1478,0.36083984375,-17.37505716764209,0.8156553162076688,-0.13184957707102285,-0.00112974642786412
1479,0.361083984375,-17.330338040563202,0.8141089125608993,-0.1316035999341807,-0.0011320169031705518
1480,0.361328125,-17.285618913484313,0.81256250891413,-0.13135762279733854,-0.0011342873784769836
1481,0.36157226562499994,-17.24089978640542,0.8110161052673606,-0.13111164566049638,-0.0011365578537834153
1482,0.36181640625,-17.19618065932652,0.8094697016205908,-0.13086566852365422,-0.0011388283291466905
1483,0.362060546875,-17.15146153224763,0.8079232979738213,-0.13061969138675522,-0.0011410988044531223
1484,0.3623046875,-17.10674240516874,0.806376894327052,-0.13037371424991306,-0.001143369279759554
1485,0.362548828125,-17.06202327808985,0.8048304906802825,-0.1301277371130709,-0.0011456397550659858
1486,0.36279296874999994,-17.017304151010958,0.8032840870335132,-0.12988175997622875,-0.001147910230429261
1487,0.363037109375,-16.972585023932055,0.8017376833867433,-0.1296357828393866,-0.0011501807057356928
1488,0.36328125,-16.927865896853163,0.800191279739974,-0.12938980570254444,-0.0011524511810421245
1489,0.363525390625,-16.88314676977427,0.7986448760932046,-0.12914382856570228,-0.0011547216563485563
1490,0.36376953125,-16.838427642695383,0.7970984724464352,-0.12889785142880328,-0.0011569921317118315
1491,0.36401367187499994,-16.793708515616498,0.7955520687996659,-0.12865187429196112,-0.0011592626070182632
1492,0.3642578125,-16.74898938853759,0.7940056651528961,-0.12840589715511896,-0.001161533082324695
1493,0.364501953125,-16.704270261458703,0.7924592615061266,-0.1281599200182768,-0.0011638035576311268
1494,0.36474609375,-16.65955113437981,0.7909128578593572,-0.12791394288143465,-0.001166074032994402
1495,0.364990234375,-16.61483200730092,0.7893664542125878,-0.1276679657445925,-0.0011683445083008337
1496,0.36523437499999994,-16.57011288022203,0.7878200505658184,-0.12742198860775034,-0.0011706149836072655
1497,0.365478515625,-16.525393753143128,0.7862736469190486,-0.12717601147085134,-0.0011728854589136972
1498,0.36572265625,-16.48139706683369,0.7846783321696357,-0.12693074150132588,-0.001174890412073637
1499,0.365966796875,-16.43848404167844,0.7830096507662571,-0.12668653228263338,-0.0011764970818717302
1500,0.3662109375,-16.39557101652319,0.7813409693628787,-0.12644232306394088,-0.0011781037517266668
1501,0.36645507812499994,-16.352657991367938,0.7796722879595004,-0.12619811384524837,-0.00117971042152476
1502,0.36669921875,-16.309744966212676,0.7780036065561216,-0.12595390462655587,-0.0011813170913796966
1503,0.366943359375,-16.266831941057426,0.7763349251527432,-0.1257096954079202,-0.0011829237611777899
1504,0.3671875,-16.22391891590217,0.7746662437493648,-0.1254654861892277,-0.0011845304310327265
1505,0.367431640625,-16.181005890746924,0.7729975623459864,-0.1252212769705352,-0.0011861371008308197
1506,0.36767578124999994,-16.13809286559167,0.771328880942608,-0.12497706775189954,-0.0011877437706857563
1507,0.367919921875,-16.09517984043641,0.7696601995392292,-0.12473285853320704,-0.0011893504404838495
1508,0.3681640625,-16.052266815281158,0.7679915181358509,-0.12448864931451453,-0.0011909571103387862
1509,0.368408203125,-16.009353790125907,0.7663228367324725,-0.12424444009582203,-0.0011925637801368794
1510,0.36865234375,-15.966440764970656,0.7646541553290939,-0.12400023087718637,-0.001194170449991816
1511,0.36889648437499994,-15.923527739815405,0.7629854739257156,-0.12375602165849386,-0.0011957771197899092
1512,0.369140625,-15.880614714660142,0.7613167925223367,-0.12351181243980136,-0.0011973837896448458
1513,0.369384765625,-15.83770168950489,0.7596481111189584,-0.12326760322110886,-0.001198990459442939
1514,0.36962890625,-15.794788664349637,0.75797942971558,-0.12302339400241635,-0.0012005971292978757
1515,0.369873046875,-15.751875639194386,0.7563107483122017,-0.12277918478378069,-0.0012022037990959689
1516,0.37011718749999994,-15.708962614039136,0.7546420669088233,-0.12253497556508819,-0.0012038104689509055
1517,0.370361328125,-15.666049588883872,0.7529733855054442,-0.12229076634639569,-0.0012054171387489987
1518,0.37060546875,-15.623136563728622,0.7513047041020661,-0.12204655712770318,-0.0012070238086039353
1519,0.370849609375,-15.580223538573371,0.7496360226986876,-0.12180234790906752,-0.0012086304784020285
1520,0.37109375,-15.53731051341812,0.7479673412953092,-0.12155813869037502,-0.0012102371482569652
1521,0.37133789062499994,-15.494397488262868,0.7462986598919308,-0.12131392947168251,-0.0012118438180550584
1522,0.37158203125,-15.451484463107604,0.744629978488552,-0.12106972025299001,-0.001213450487909995
1523,0.371826171875,-15.408571437952356,0.7429612970851737,-0.12082551103435435,-0.0012150571577080882
1524,0.3720703125,-15.367064059026704,0.7412346620878888,-0.12058273622454863,-0.001216168768735315
1525,0.372314453125,-15.325908091658455,0.7394935386921273,-0.12034032001690775,-0.0012171566149845603
1526,0.37255859374999994,-15.284752124290206,0.7377524152963658,-0.12009790380932372,-0.001218144461290649
1527,0.372802734375,-15.243596156921942,0.7360112919006041,-0.1198554876017397,-0.0012191323075967375
1528,0.373046875,-15.202440189553696,0.7342701685048425,-0.11961307139409882,-0.0012201201539028261
1529,0.373291015625,-15.161284222185445,0.7325290451090811,-0.1193706551865148,-0.0012211080002089147
1530,0.37353515625,-15.120128254817194,0.7307879217133197,-0.11912823897893077,-0.00122209584645816
1531,0.37377929687499994,-15.078972287448945,0.7290467983175583,-0.1188858227712899,-0.0012230836927642486
1532,0.3740234375,-15.037816320080685,0.7273056749217964,-0.11864340656370587,-0.0012240715390703372
1533,0.374267578125,-14.996660352712434,0.725564551526035,-0.11840099035612184,-0.0012250593853764258
1534,0.37451171875,-14.955504385344184,0.7238234281302736,-0.11815857414853781,-0.001226047231625671
1535,0.374755859375,-14.914348417975937,0.7220823047345121,-0.11791615794089694,-0.0012270350779317596
1536,0.37500000000000006,-14.873192450607675,0.7203411813387501,-0.11767374173331291,-0.0012280229242378482
1537,0.375244140625,-14.832036483239422,0.7186000579429888,-0.11743132552572888,-0.0012290107705439368
1538,0.37548828125,-14.790880515871176,0.7168589345472274,-0.11718890931808801,-0.0012299986168500254
1539,0.375732421875,-14.749724548502927,0.7151178111514659,-0.11694649311050398,-0.0012309864630992706
1540,0.3759765625,-14.708568581134674,0.7133766877557045,-0.11670407690291995,-0.0012319743094053592
1541,0.37622070312500006,-14.667412613766414,0.7116355643599426,-0.11646166069533592,-0.0012329621557114478
1542,0.37646484375,-14.626256646398165,0.7098944409641811,-0.11621924448769505,-0.0012339500020175365
1543,0.376708984375,-14.585100679029914,0.7081533175684197,-0.11597682828011102,-0.0012349378482667817
1544,0.376953125,-14.543944711661664,0.7064121941726583,-0.115734412072527,-0.0012359256945728703
1545,0.377197265625,-14.502788744293417,0.704671070776897,-0.11549199586488612,-0.0012369135408789589
1546,0.37744140625000006,-14.461632776925155,0.7029299473811349,-0.11524957965730209,-0.0012379013871850475
1547,0.377685546875,-14.420476809556902,0.7011888239853736,-0.11500716344971806,-0.0012388892334911361
1548,0.3779296875,-14.379320842188656,0.699447700589612,-0.11476474724207719,-0.0012398770797403813
1549,0.378173828125,-14.338504988385438,0.6977000888828567,-0.11452268805550148,-0.0012407505126930118
1550,0.37841796875,-14.299049588842346,0.6959265239321247,-0.11428205695284532,-0.001241166292345497
1551,0.37866210937500006,-14.259594189299243,0.6941529589813925,-0.11404142585024601,-0.0012415820719411386
1552,0.37890625,-14.220138789756152,0.6923793940306606,-0.11380079474758986,-0.0012419978515936236
1553,0.379150390625,-14.18068339021306,0.6906058290799288,-0.11356016364499055,-0.0012424136311892653
1554,0.37939453125,-14.14122799066997,0.688832264129197,-0.1133195325423344,-0.0012428294108417504
1555,0.379638671875,-14.101772591126881,0.6870586991784651,-0.11307890143973509,-0.001243245190437392
1556,0.37988281250000006,-14.062317191583775,0.6852851342277329,-0.11283827033707894,-0.0012436609700330337
1557,0.380126953125,-14.022861792040684,0.6835115692770011,-0.11259763923447963,-0.0012440767496855187
1558,0.38037109375,-13.983406392497596,0.6817380043262691,-0.11235700813182348,-0.0012444925292811604
1559,0.380615234375,-13.943950992954504,0.6799644393755374,-0.11211637702922417,-0.0012449083089336455
1560,0.380859375,-13.904495593411413,0.6781908744248055,-0.11187574592656802,-0.0012453240885292871
1561,0.38110351562500006,-13.86504019386831,0.6764173094740732,-0.1116351148239687,-0.0012457398681817722
1562,0.38134765625,-13.82558479432522,0.6746437445233414,-0.11139448372131255,-0.0012461556477774138
1563,0.381591796875,-13.786129394782126,0.6728701795726095,-0.11115385261871324,-0.0012465714273730555
1564,0.3818359375,-13.746673995239036,0.6710966146218776,-0.11091322151605709,-0.0012469872070255406
1565,0.382080078125,-13.707218595695945,0.6693230496711459,-0.11067259041345778,-0.0012474029866211822
1566,0.38232421875000006,-13.667763196152844,0.6675494847204135,-0.11043195931080163,-0.0012478187662736673
1567,0.382568359375,-13.628307796609752,0.6657759197696818,-0.11019132820820232,-0.001248234545869309
1568,0.3828125,-13.588852397066661,0.6640023548189498,-0.10995069710554617,-0.001248650325521794
1569,0.383056640625,-13.549396997523571,0.6622287898682181,-0.10971006600294686,-0.0012490661051174357
1570,0.38330078125,-13.50994159798048,0.6604552249174863,-0.10946943490029071,-0.0012494818847130773
1571,0.38354492187500006,-13.470486198437378,0.6586816599667539,-0.1092288037976914,-0.0012498976643655624
1572,0.3837890625,-13.431030798894286,0.6569080950160221,-0.10898817269503525,-0.001250313443961204
1573,0.384033203125,-13.391575399351195,0.6551345300652903,-0.10874754159243594,-0.001250729223613689
1574,0.38427734375,-13.352119999808105,0.6533609651145583,-0.10850691048977978,-0.0012511450032093308
1575,0.384521484375,-13.313647078639852,0.6515866878802372,-0.10826732909924885,-0.0012512458527567105
1576,0.38476562500000006,-13.275829143054816,0.6498119357901894,-0.1080284475168014,-0.001251136748976478
1577,0.385009765625,-13.238011207469789,0.648037183700142,-0.10778956593429712,-0.0012510276451962454
1578,0.38525390625,-13.200193271884764,0.6462624316100946,-0.10755068435184967,-0.0012509185414160129
1579,0.385498046875,-13.162375336299739,0.6444876795200472,-0.10731180276934538,-0.0012508094376357803
1580,0.3857421875,-13.124557400714712,0.6427129274299999,-0.10707292118689793,-0.0012507003337987044
1581,0.38598632812500006,-13.086739465129678,0.6409381753399519,-0.10683403960439364,-0.0012505912300184718
1582,0.38623046875,-13.048921529544653,0.6391634232499046,-0.10659515802194619,-0.0012504821262382393
1583,0.386474609375,-13.011103593959628,0.6373886711598572,-0.10635627643949874,-0.0012503730224580067
1584,0.38671875,-12.973285658374603,0.6356139190698098,-0.10611739485699445,-0.0012502639186209308
1585,0.386962890625,-12.935467722789577,0.6338391669797625,-0.105878513274547,-0.0012501548148406982
1586,0.38720703125000006,-12.897649787204541,0.6320644148897145,-0.10563963169204271,-0.0012500457110604657
1587,0.387451171875,-12.859831851619514,0.630289662799667,-0.10540075010959526,-0.0012499366072802331
1588,0.3876953125,-12.82201391603449,0.6285149107096197,-0.10516186852709097,-0.0012498275035000006
1589,0.387939453125,-12.784195980449464,0.6267401586195723,-0.10492298694464353,-0.0012497183996629246
1590,0.38818359375,-12.74637804486444,0.624965406529525,-0.10468410536213923,-0.001249609295882692
1591,0.38842773437500006,-12.708560109279404,0.6231906544394771,-0.10444522377969179,-0.0012495001921024596
1592,0.388671875,-12.670742173694377,0.6214159023494298,-0.10420634219724434,-0.001249391088322227
1593,0.388916015625,-12.632924238109352,0.6196411502593823,-0.10396746061474005,-0.0012492819845419945
1594,0.38916015625,-12.595106302524327,0.617866398169335,-0.1037285790322926,-0.0012491728807049185
1595,0.389404296875,-12.5572883669393,0.6160916460792877,-0.10348969744978831,-0.001249063776924686
1596,0.38964843750000006,-12.519470431354266,0.6143168939892397,-0.10325081586734086,-0.0012489546731444534
1597,0.389892578125,-12.48165249576924,0.6125421418991922,-0.10301193428483657,-0.0012488455693642209
1598,0.39013671875,-12.443834560184214,0.6107673898091449,-0.10277305270238912,-0.001248736465527145
1599,0.390380859375,-12.40601662459919,0.6089926377190975,-0.10253417111988483,-0.0012486273617469124
1600,0.390625,-12.368198689014163,0.6072178856290502,-0.10229528953743738,-0.0012485182579666798
1601,0.39086914062500006,-12.331949297889066,0.6054655595280544,-0.10205809926060283,-0.0012479308282991042
1602,0.39111328125,-12.29569990676398,0.6037132334270592,-0.10182090898382512,-0.0012473433986315285
1603,0.391357421875,-12.259450515638893,0.6019609073260639,-0.10158371870699057,-0.001246755968963953
1604,0.3916015625,-12.223201124513805,0.6002085812250687,-0.10134652843015601,-0.0012461685392963773
1605,0.391845703125,-12.186951733388717,0.5984562551240734,-0.10110933815332146,-0.001245581109685645
1606,0.39208984375000006,-12.15070234226362,0.5967039290230778,-0.10087214787654375,-0.0012449936800180694
1607,0.392333984375,-12.114452951138531,0.5949516029220825,-0.1006349575997092,-0.0012444062503504938
1608,0.392578125,-12.078203560013446,0.5931992768210872,-0.10039776732287464,-0.0012438188206829182
1609,0.392822265625,-12.04195416888836,0.591446950720092,-0.10016057704604009,-0.0012432313910153425
1610,0.39306640625,-12.005704777763272,0.5896946246190967,-0.09992338676926238,-0.0012426439613477669
1611,0.39331054687500006,-11.969455386638172,0.587942298518101,-0.09968619649242783,-0.0012420565316801913
1612,0.3935546875,-11.933205995513084,0.5861899724171057,-0.09944900621559327,-0.0012414691020126156
1613,0.393798828125,-11.896956604387999,0.5844376463161105,-0.09921181593875872,-0.0012408816724018834
1614,0.39404296875,-11.860707213262911,0.5826853202151152,-0.09897462566198101,-0.0012402942427343078
1615,0.394287109375,-11.824457822137825,0.58093299411412,-0.09873743538514645,-0.0012397068130667321
1616,0.39453125000000006,-11.788208431012725,0.5791806680131243,-0.0985002451083119,-0.0012391193833991565
1617,0.394775390625,-11.75195903988764,0.577428341912129,-0.09826305483153419,-0.0012385319537315809
1618,0.39501953125,-11.715709648762552,0.5756760158111337,-0.09802586455469964,-0.0012379445240640052
1619,0.395263671875,-11.679460257637464,0.5739236897101384,-0.09778867427786508,-0.0012373570943964296
1620,0.3955078125,-11.643210866512376,0.5721713636091433,-0.09755148400103053,-0.0012367696647856974
1621,0.39575195312500006,-11.606961475387282,0.5704190375081475,-0.09731429372425282,-0.0012361822351181218
1622,0.39599609375,-11.570712084262194,0.5686667114071523,-0.09707710344741827,-0.0012355948054505461
1623,0.396240234375,-11.534462693137106,0.566914385306157,-0.09683991317058371,-0.0012350073757829705
1624,0.396484375,-11.498213302012019,0.5651620592051618,-0.09660272289374916,-0.0012344199461153949
1625,0.396728515625,-11.461963910886931,0.5634097331041664,-0.09636553261697145,-0.0012338325164478192
1626,0.39697265625000006,-11.426312347774745,0.5616731995723199,-0.09612898839742456,-0.001233071812180242
1627,0.397216796875,-11.391557526681938,0.5599603548941974,-0.09589341326380918,-0.0012320511959842406
1628,0.3974609375,-11.356802705589129,0.5582475102160749,-0.0956578381301938,-0.0012310305797882393
1629,0.397705078125,-11.32204788449632,0.5565346655379524,-0.09542226299657841,-0.001230009963592238
1630,0.39794921875,-11.287293063403512,0.5548218208598299,-0.09518668786296303,-0.0012289893473962366
1631,0.39819335937500006,-11.252538242310692,0.553108976181707,-0.09495111272934764,-0.0012279687312002352
1632,0.3984375,-11.217783421217883,0.5513961315035845,-0.09471553759573226,-0.0012269481149473904
1633,0.398681640625,-11.183028600125073,0.549683286825462,-0.09447996246217372,-0.001225927498751389
1634,0.39892578125,-11.148273779032266,0.5479704421473395,-0.09424438732855833,-0.0012249068825553877
1635,0.399169921875,-11.113518957939457,0.5462575974692169,-0.09400881219494295,-0.0012238862663593864
1636,0.39941406250000006,-11.07876413684664,0.544544752791094,-0.09377323706132756,-0.001222865650163385
1637,0.399658203125,-11.044009315753833,0.5428319081129714,-0.09353766192771218,-0.0012218450339673836
1638,0.39990234375,-11.009254494661024,0.541119063434849,-0.0933020867940968,-0.0012208244177713823
1639,0.400146484375,-10.974499673568214,0.5394062187567265,-0.09306651166048141,-0.001219803801575381
1640,0.400390625,-10.939744852475407,0.537693374078604,-0.09283093652686603,-0.0012187831853793796
1641,0.40063476562500006,-10.904990031382587,0.5359805294004809,-0.09259536139325064,-0.0012177625691833782
1642,0.40087890625,-10.870235210289778,0.5342676847223584,-0.0923597862596921,-0.0012167419529873769
1643,0.401123046875,-10.83548038919697,0.5325548400442359,-0.09212421112607672,-0.0012157213367913755
1644,0.4013671875,-10.800725568104161,0.5308419953661135,-0.09188863599246133,-0.0012147007205953742
1645,0.401611328125,-10.765970747011352,0.529129150687991,-0.09165306085884595,-0.0012136801043425294
1646,0.40185546875000006,-10.731215925918534,0.527416306009868,-0.09141748572523056,-0.001212659488146528
1647,0.402099609375,-10.696461104825726,0.5257034613317455,-0.09118191059161518,-0.0012116388719505267
1648,0.40234375,-10.661706283732917,0.5239906166536229,-0.0909463354579998,-0.0012106182557545253
1649,0.402587890625,-10.626951462640108,0.5222777719755004,-0.09071076032438441,-0.001209597639558524
1650,0.40283203125,-10.5921966415473,0.520564927297378,-0.09047518519076903,-0.0012085770233625226
1651,0.40307617187500006,-10.557441820454482,0.518852082619255,-0.09023961005721048,-0.0012075564071665212
1652,0.4033203125,-10.523820006866801,0.5171800487663472,-0.09000525514949231,-0.0012062237635177553
1653,0.403564453125,-10.490481445155401,0.5155182176197429,-0.08977120529834792,-0.001204813113020009
1654,0.40380859375,-10.457142883444005,0.5138563864731388,-0.08953715544714669,-0.0012034024625791062
1655,0.404052734375,-10.423804321732607,0.5121945553265346,-0.08930310559594545,-0.00120199181208136
1656,0.40429687500000006,-10.390465760021199,0.5105327241799299,-0.08906905574474422,-0.0012005811615836137
1657,0.404541015625,-10.357127198309799,0.5088708930333257,-0.08883500589354298,-0.0011991705110858675
1658,0.40478515625,-10.3237886365984,0.5072090618867214,-0.0886009560423986,-0.0011977598605881212
1659,0.405029296875,-10.290450074887001,0.5055472307401173,-0.08836690619119736,-0.001196349210090375
1660,0.4052734375,-10.257111513175603,0.5038853995935132,-0.08813285633999612,-0.0011949385595926287
1661,0.40551757812500006,-10.223772951464195,0.5022235684469085,-0.08789880648879489,-0.001193527909151726
1662,0.40576171875,-10.190434389752797,0.5005617373003043,-0.0876647566376505,-0.0011921172586539797
1663,0.406005859375,-10.157095828041399,0.4988999061537001,-0.08743070678644926,-0.0011907066081562334
1664,0.40625,-10.123757266330001,0.49723807500709594,-0.08719665693524803,-0.0011892959576584872
1665,0.406494140625,-10.090418704618601,0.4955762438604917,-0.0869626070840468,-0.001187885307160741
1666,0.40673828125000006,-10.057080142907195,0.4939144127138871,-0.08672855723284556,-0.0011864746566629947
1667,0.406982421875,-10.023741581195797,0.49225258156728285,-0.08649450738170117,-0.0011850640061652484
1668,0.4072265625,-9.990403019484399,0.4905907504206786,-0.08626045753049993,-0.0011836533557243456
1669,0.407470703125,-9.957064457772999,0.48892891927407456,-0.0860264076792987,-0.0011822427052265994
1670,0.40771484375,-9.9237258960616,0.4872670881274703,-0.08579235782809747,-0.0011808320547288531
1671,0.40795898437500006,-9.890387334350192,0.48560525698086565,-0.08555830797695307,-0.0011794214042311069
1672,0.408203125,-9.857048772638793,0.4839434258342615,-0.08532425812575184,-0.0011780107537333606
1673,0.408447265625,-9.823710210927395,0.4822815946876573,-0.0850902082745506,-0.0011766001032356144
1674,0.40869140625,-9.790371649215997,0.48061976354105307,-0.08485615842334937,-0.0011751894527378681
1675,0.408935546875,-9.757033087504599,0.4789579323944489,-0.08462210857214814,-0.0011737788022969653
1676,0.40917968750000006,-9.72369452579319,0.47729610124784416,-0.08438805872100374,-0.001172368151799219
1677,0.409423828125,-9.690622821026565,0.4756458674572627,-0.0841542939701867,-0.0011708876515399425
1678,0.40966796875,-9.65861854403903,0.47404202309077204,-0.08392166962096326,-0.0011691277523482313
1679,0.409912109375,-9.626614267051492,0.47243817872428145,-0.08368904527173981,-0.0011673678531565201
1680,0.41015625,-9.594609990063955,0.47083433435779076,-0.08345642092251637,-0.0011656079539079656
1681,0.41040039062500006,-9.562605713076408,0.46923048999129957,-0.08322379657329293,-0.0011638480547162544
1682,0.41064453125,-9.530601436088872,0.4676266456248089,-0.08299117222406949,-0.0011620881555245433
1683,0.410888671875,-9.498597159101335,0.4660228012583183,-0.08275854787484604,-0.0011603282562759887
1684,0.4111328125,-9.466592882113797,0.4644189568918276,-0.08252592352556576,-0.0011585683570842775
1685,0.411376953125,-9.43458860512626,0.4628151125253369,-0.08229329917634232,-0.0011568084578925664
1686,0.41162109375000006,-9.402584328138715,0.4612112681588457,-0.08206067482711887,-0.0011550485586440118
1687,0.411865234375,-9.37058005115118,0.45960742379235503,-0.08182805047789543,-0.0011532886594523006
1688,0.412109375,-9.338575774163642,0.45800357942586445,-0.08159542612867199,-0.0011515287602605895
1689,0.412353515625,-9.306571497176105,0.45639973505937376,-0.08136280177944855,-0.0011497688610688783
1690,0.41259765625,-9.274567220188567,0.45479589069288306,-0.0811301774302251,-0.0011480089618203237
1691,0.41284179687500006,-9.24256294320102,0.4531920463263919,-0.08089755308100166,-0.0011462490626286126
1692,0.4130859375,-9.210558666213485,0.4515882019599012,-0.08066492873177822,-0.0011444891634369014
1693,0.413330078125,-9.178554389225948,0.4499843575934106,-0.08043230438255478,-0.0011427292641883469
1694,0.41357421875,-9.14655011223841,0.4483805132269199,-0.08019968003333133,-0.0011409693649966357
1695,0.413818359375,-9.114545835250874,0.4467766688604292,-0.07996705568410789,-0.0011392094658049245
1696,0.41406250000000006,-9.082541558263328,0.4451728244939381,-0.0797344313348276,-0.00113744956655637
1697,0.414306640625,-9.050537281275792,0.44356898012744744,-0.07950180698560416,-0.0011356896673646588
1698,0.41455078125,-9.018533004288255,0.4419651357609568,-0.07926918263638072,-0.0011339297681729477
1699,0.414794921875,-8.986528727300717,0.44036129139446606,-0.07903655828715728,-0.0011321698689812365
1700,0.4150390625,-8.954524450313182,0.4387574470279754,-0.07880393393793383,-0.001130409969732682
1701,0.41528320312500006,-8.922520173325633,0.43715360266148423,-0.07857130958871039,-0.0011286500705409708
1702,0.41552734375,-8.890515896338098,0.43554975829499365,-0.07833868523948695,-0.0011268901713492596
1703,0.415771484375,-8.859261179887616,0.43398268276551577,-0.07810685234551329,-0.0011249436407752
1704,0.416015625,-8.828506170461837,0.4324401197940466,-0.07787554708835387,-0.0011228726893364183
1705,0.416259765625,-8.79775116103606,0.43089755682257747,-0.0776442418311376,-0.0011208017378976365
1706,0.41650390625000006,-8.766996151610275,0.42935499385110776,-0.07741293657397819,-0.0011187307864588547
1707,0.416748046875,-8.736241142184497,0.42781243087963855,-0.07718163131681877,-0.001116659835020073
1708,0.4169921875,-8.705486132758718,0.4262698679081694,-0.07695032605965935,-0.0011145888835244477
1709,0.417236328125,-8.674731123332942,0.4247273049367002,-0.07671902080249993,-0.001112517932085666
1710,0.41748046875,-8.643976113907165,0.42318474196523104,-0.07648771554528366,-0.0011104469806468842
1711,0.41772460937500006,-8.61322110448138,0.42164217899376144,-0.07625641028812424,-0.0011083760292081024
1712,0.41796875,-8.5824660950556,0.4200996160222921,-0.07602510503096482,-0.0011063050777693206
1713,0.418212890625,-8.551711085629822,0.41855705305082297,-0.0757937997738054,-0.0011042341263305389
1714,0.41845703125,-8.520956076204046,0.41701449007935376,-0.07556249451664598,-0.001102163174891757
1715,0.418701171875,-8.490201066778267,0.4154719271078846,-0.07533118925942972,-0.0011000922234529753
1716,0.41894531250000006,-8.459446057352482,0.413929364136415,-0.0750998840022703,-0.0010980212719573501
1717,0.419189453125,-8.428691047926703,0.4123868011649458,-0.07486857874511088,-0.0010959503205185683
1718,0.41943359375,-8.397936038500925,0.41084423819347665,-0.07463727348795146,-0.0010938793690797866
1719,0.419677734375,-8.367181029075148,0.4093016752220074,-0.07440596823079204,-0.0010918084176410048
1720,0.419921875,-8.33642601964937,0.40775911225053824,-0.07417466297363262,-0.001089737466202223
1721,0.42016601562500006,-8.305671010223586,0.4062165492790686,-0.07394335771641636,-0.0010876665147634412
1722,0.42041015625,-8.274916000797807,0.4046739863075994,-0.07371205245925694,-0.0010855955633246595
1723,0.420654296875,-8.244160991372029,0.4031314233361302,-0.07348074720209752,-0.0010835246118858777
1724,0.4208984375,-8.213405981946252,0.401588860364661,-0.0732494419449381,-0.001081453660447096
1725,0.421142578125,-8.182650972520474,0.4000462973931918,-0.07301813668777868,-0.0010793827089514707
1726,0.42138671875000006,-8.151895963094688,0.39850373442172216,-0.07278683143056242,-0.001077311757512689
1727,0.421630859375,-8.12114095366891,0.39696117145025295,-0.072555526173403,-0.0010752408060739072
1728,0.421875,-8.090385944243131,0.3954186084787838,-0.07232422091624358,-0.0010731698546351254
1729,0.422119140625,-8.060792709815958,0.3939377299223858,-0.07209412451254593,-0.0010708233639320497
1730,0.42236328125,-8.031199475388785,0.39245685136598785,-0.07186402810884829,-0.0010684768732858174
1731,0.42260742187500006,-8.001606240961603,0.3909759728095895,-0.0716339317050938,-0.0010661303825827417
1732,0.4228515625,-7.9720130065344295,0.38949509425319156,-0.07140383530139616,-0.001063783891879666
1733,0.423095703125,-7.942419772107255,0.38801421569679356,-0.07117373889769851,-0.0010614374011765904
1734,0.42333984375,-7.912826537680082,0.38653333714039567,-0.07094364249400087,-0.001059090910530358
1735,0.423583984375,-7.88323330325291,0.38505245858399767,-0.07071354609030323,-0.0010567444198272824
1736,0.42382812500000006,-7.853640068825727,0.3835715800275993,-0.07048344968654874,-0.0010543979291242067
1737,0.424072265625,-7.824046834398552,0.38209070147120133,-0.0702533532828511,-0.001052051438421131
1738,0.42431640625,-7.79445359997138,0.3806098229148034,-0.07002325687915345,-0.0010497049477748988
1739,0.424560546875,-7.764860365544206,0.37912894435840544,-0.0697931604754558,-0.001047358457071823
1740,0.4248046875,-7.735267131117033,0.3776480658020075,-0.06956306407175816,-0.0010450119663687474
1741,0.42504882812500006,-7.705673896689851,0.3761671872456091,-0.06933296766806052,-0.0010426654756656717
1742,0.42529296875,-7.676080662262677,0.3746863086892111,-0.06910287126430603,-0.0010403189850194394
1743,0.425537109375,-7.6464874278355035,0.3732054301328132,-0.06887277486060839,-0.0010379724943163637
1744,0.42578125,-7.616894193408329,0.3717245515764152,-0.06864267845691074,-0.001035626003613288
1745,0.426025390625,-7.587300958981156,0.37024367302001726,-0.0684125820532131,-0.0010332795129102124
1746,0.42626953125000006,-7.557707724553974,0.36876279446361887,-0.06818248564951546,-0.00103093302226398
1747,0.426513671875,-7.528114490126801,0.3672819159072209,-0.06795238924576097,-0.0010285865315609044
1748,0.4267578125,-7.498521255699626,0.365801037350823,-0.06772229284206333,-0.0010262400408578287
1749,0.427001953125,-7.468928021272452,0.36432015879442503,-0.06749219643836568,-0.001023893550154753
1750,0.42724609375,-7.43933478684528,0.36283928023802703,-0.06726210003466804,-0.0010215470595085208
1751,0.42749023437500006,-7.409741552418097,0.3613584016816287,-0.0670320036309704,-0.001019200568805445
1752,0.427734375,-7.3801483179909235,0.3598775231252307,-0.0668019072272159,-0.0010168540781023694
1753,0.427978515625,-7.350555083563751,0.3583966445688328,-0.06657181082351826,-0.0010145075873992937
1754,0.42822265625,-7.321390775858583,0.3569397200996903,-0.06634215326351978,-0.0010120640157538219
1755,0.428466796875,-7.29286985823642,0.3555187267614312,-0.06611315396895634,-0.0010094748226379124
1756,0.42871093750000006,-7.264348940614251,0.3540977334231717,-0.06588415467444975,-0.0010068856294651596
1757,0.428955078125,-7.2358280229920915,0.3526767400849126,-0.06565515537994315,-0.0010042964363492501
1758,0.42919921875,-7.20730710536993,0.35125574674665355,-0.06542615608543656,-0.0010017072432333407
1759,0.429443359375,-7.17878618774777,0.34983475340839437,-0.06519715679087312,-0.0009991180500605878
1760,0.4296875,-7.150265270125607,0.34841376007013525,-0.06496815749636653,-0.0009965288569446784
1761,0.42993164062500006,-7.1217443525034385,0.3469927667318758,-0.06473915820185994,-0.0009939396637719256
1762,0.43017578125,-7.093223434881279,0.34557177339361667,-0.0645101589072965,-0.0009913504706560161
1763,0.430419921875,-7.064702517259117,0.34415078005535754,-0.0642811596127899,-0.0009887612775401067
1764,0.4306640625,-7.036181599636957,0.3427297867170985,-0.06405216031828331,-0.0009861720843673538
1765,0.430908203125,-7.007660682014795,0.3413087933788393,-0.06382316102377672,-0.0009835828912514444
1766,0.43115234375000006,-6.979139764392626,0.33988780004057983,-0.06359416172921328,-0.0009809936980786915
1767,0.431396484375,-6.950618846770466,0.3384668067023207,-0.06336516243470669,-0.000978404504962782
1768,0.431640625,-6.922097929148305,0.3370458133640616,-0.0631361631402001,-0.0009758153118468726
1769,0.431884765625,-6.893577011526143,0.33562482002580246,-0.06290716384563666,-0.0009732261186741198
1770,0.43212890625,-6.865056093903982,0.3342038266875434,-0.06267816455113007,-0.0009706369255582104
1771,0.43237304687500006,-6.836535176281814,0.3327828333492838,-0.06244916525662347,-0.0009680477324423009
1772,0.4326171875,-6.808014258659653,0.33136184001102476,-0.06222016596211688,-0.0009654585392695481
1773,0.432861328125,-6.779493341037492,0.3299408466727657,-0.06199116666755344,-0.0009628693461536386
1774,0.43310546875,-6.750972423415331,0.3285198533345065,-0.06176216737304685,-0.0009602801529808858
1775,0.433349609375,-6.7224515057931695,0.3270988599962474,-0.06153316807854026,-0.0009576909598649763
1776,0.43359375000000006,-6.693930588171001,0.32567786665798787,-0.06130416878397682,-0.0009551017667490669
1777,0.433837890625,-6.66540967054884,0.32425687331972874,-0.06107516948947023,-0.000952512573576314
1778,0.43408203125,-6.63688875292668,0.3228358799814697,-0.060846170194963634,-0.0009499233804604046
1779,0.434326171875,-6.608367835304518,0.3214148866432106,-0.06061717090045704,-0.0009473341872876517
1780,0.4345703125,-6.580631992396008,0.3200390729808691,-0.06038896018628748,-0.0009445750294503341
1781,0.43481445312500006,-6.553092418165904,0.3186745542375067,-0.06016094661720217,-0.0009417733804184536
1782,0.43505859375,-6.525552843935809,0.3173100354941446,-0.059932933048116865,-0.0009389717313865731
1783,0.435302734375,-6.498013269705712,0.3159455167507826,-0.0597049194790884,-0.0009361700823546926
1784,0.435546875,-6.470473695475617,0.31458099800742056,-0.0594769059100031,-0.0009333684332659686
1785,0.435791015625,-6.4429341212455205,0.31321647926405843,-0.05924889234091779,-0.0009305667842340881
1786,0.43603515625000006,-6.415394547015416,0.311851960520696,-0.059020878771832486,-0.0009277651352022076
1787,0.436279296875,-6.387854972785319,0.310487441777334,-0.05879286520280402,-0.0009249634861703271
1788,0.4365234375,-6.3603153985552225,0.30912292303397193,-0.05856485163371872,-0.0009221618371384466
1789,0.436767578125,-6.332775824325127,0.3077584042906099,-0.05833683806463341,-0.0009193601881065661
1790,0.43701171875,-6.305236250095031,0.3063938855472478,-0.058108824495548106,-0.0009165585390178421
1791,0.43725585937500006,-6.277696675864927,0.3050293668038854,-0.057880810926519644,-0.0009137568899859616
1792,0.4375,-6.250157101634831,0.30366484806052335,-0.05765279735743434,-0.0009109552409540811
1793,0.437744140625,-6.222617527404735,0.30230032931716133,-0.05742478378834903,-0.0009081535919222006
1794,0.43798828125,-6.195077953174637,0.30093581057379926,-0.05719677021932057,-0.0009053519428903201
1795,0.438232421875,-6.167538378944541,0.2995712918304372,-0.056968756650235264,-0.0009025502938015961
1796,0.43847656250000006,-6.139998804714438,0.2982067730870748,-0.05674074308114996,-0.0008997486447697156
1797,0.438720703125,-6.112459230484341,0.29684225434371275,-0.05651272951206465,-0.0008969469957378351
1798,0.43896484375,-6.084919656254246,0.2954777356003507,-0.05628471594303619,-0.0008941453467059546
1799,0.439208984375,-6.057380082024149,0.29411321685698866,-0.056056702373950884,-0.0008913436976740741
1800,0.439453125,-6.029840507794053,0.2927486981136265,-0.05582868880486558,-0.0008885420486421935
1801,0.43969726562500006,-6.002300933563949,0.2913841793702641,-0.05560067523578027,-0.0008857403995534696
1802,0.43994140625,-5.974761359333852,0.2900196606269021,-0.05537266166675181,-0.0008829387505215891
1803,0.440185546875,-5.947221785103757,0.2886551418835401,-0.055144648097666504,-0.0008801371014897086
1804,0.4404296875,-5.91968221087366,0.287290623140178,-0.0549166345285812,-0.0008773354524578281
1805,0.440673828125,-5.892320485604734,0.28593649376723757,-0.0546887961874063,-0.0008744968724840874
1806,0.44091796875000006,-5.8656701561804825,0.28462392187598345,-0.05446165875758879,-0.0008715105687997493
1807,0.441162109375,-5.839019826756238,0.2833113499847296,-0.054234521327828134,-0.0008685242651154113
1808,0.44140625,-5.812369497331994,0.2819987780934759,-0.054007383898067474,-0.0008655379614310732
1809,0.441650390625,-5.78571916790775,0.28068620620222207,-0.053780246468306814,-0.0008625516577467351
1810,0.44189453125,-5.759068838483507,0.2793736343109683,-0.053553109038546154,-0.0008595653540623971
1811,0.44213867187500006,-5.732418509059253,0.2780610624197141,-0.053325971608785494,-0.000856579050378059
1812,0.4423828125,-5.70576817963501,0.27674849052846034,-0.053098834179024834,-0.0008535927466368776
1813,0.442626953125,-5.679117850210766,0.2754359186372065,-0.052871696749264174,-0.0008506064429525395
1814,0.44287109375,-5.652467520786521,0.27412334674595273,-0.052644559319503514,-0.0008476201392682015
1815,0.443115234375,-5.625817191362278,0.2728107748546989,-0.05241742188968601,-0.0008446338355838634
1816,0.44335937500000006,-5.599166861938026,0.27149820296344473,-0.05219028445992535,-0.0008416475318995253
1817,0.443603515625,-5.572516532513781,0.27018563107219096,-0.05196314703016469,-0.0008386612282151873
1818,0.44384765625,-5.545866203089537,0.2688730591809372,-0.05173600960040403,-0.0008356749245308492
1819,0.444091796875,-5.519215873665293,0.26756048728968335,-0.05150887217064337,-0.0008326886208465112
1820,0.4443359375,-5.4925655442410495,0.2662479153984296,-0.05128173474088271,-0.0008297023171621731
1821,0.44458007812500006,-5.465915214816797,0.2649353435071754,-0.05105459731112205,-0.0008267160134778351
1822,0.44482421875,-5.439264885392553,0.2636227716159216,-0.05082745988136139,-0.000823729709793497
1823,0.445068359375,-5.412614555968309,0.2623101997246678,-0.05060032245160073,-0.000820743406109159
1824,0.4453125,-5.385964226544064,0.26099762783341407,-0.05037318502184007,-0.0008177571024248209
1825,0.445556640625,-5.359313897119821,0.25968505594216024,-0.05014604759202257,-0.0008147707986836394
1826,0.44580078125000006,-5.332663567695569,0.25837248405090607,-0.04991891016226191,-0.0008117844949993014
1827,0.446044921875,-5.3060132382713245,0.2570599121596523,-0.04969177273250125,-0.0008087981913149633
1828,0.4462890625,-5.279362908847081,0.25574734026839846,-0.04946463530274059,-0.0008058118876306253
1829,0.446533203125,-5.252712579422837,0.2544347683771447,-0.04923749787297993,-0.0008028255839462872
1830,0.44677734375,-5.226062249998592,0.2531221964858909,-0.04901036044321927,-0.0007998392802619492
1831,0.44702148437500006,-5.199889731065728,0.2518376470552503,-0.04878368464784444,-0.0007967575096472501
1832,0.447265625,-5.174035752460463,0.25057177926501917,-0.04855731660870788,-0.0007936120944691538
1833,0.447509765625,-5.148181773855198,0.24930591147478803,-0.04833094856957132,-0.0007904666792910575
1834,0.44775390625,-5.122327795249933,0.24804004368455684,-0.04810458053043476,-0.0007873212640561178
1835,0.447998046875,-5.096473816644667,0.2467741758943257,-0.047878212491241356,-0.0007841758488780215
1836,0.44824218750000006,-5.070619838039396,0.24550830810409416,-0.0476518444521048,-0.0007810304336430818
1837,0.448486328125,-5.044765859434131,0.244242440313863,-0.04742547641296824,-0.0007778850184649855
1838,0.44873046875,-5.018911880828866,0.24297657252363183,-0.04719910837383168,-0.0007747396032868892
1839,0.448974609375,-4.993057902223601,0.2417107047334007,-0.04697274033469512,-0.0007715941880519495
1840,0.44921875,-4.967203923618336,0.2404448369431695,-0.04674637229555856,-0.0007684487728738532
1841,0.44946289062500006,-4.941349945013063,0.239178969152938,-0.046520004256422,-0.0007653033576957569
1842,0.44970703125,-4.915495966407798,0.23791310136270682,-0.04629363621728544,-0.0007621579424608171
1843,0.449951171875,-4.889641987802533,0.23664723357247566,-0.04606726817814888,-0.0007590125272827208
1844,0.4501953125,-4.863788009197268,0.2353813657822445,-0.04584090013901232,-0.0007558671121046245
1845,0.450439453125,-4.837934030592003,0.23411549799201337,-0.04561453209987576,-0.0007527216968696848
1846,0.45068359375000006,-4.812080051986731,0.23284963020178184,-0.0453881640607392,-0.0007495762816915885
1847,0.450927734375,-4.786226073381466,0.23158376241155065,-0.04516179602160264,-0.0007464308664566488
1848,0.451171875,-4.760372094776201,0.23031789462131952,-0.04493542798246608,-0.0007432854512785525
1849,0.451416015625,-4.734518116170936,0.22905202683108833,-0.04470905994332952,-0.0007401400361004562
1850,0.45166015625,-4.7086641375656715,0.22778615904085717,-0.04448269190419296,-0.0007369946208655165
1851,0.45190429687500006,-4.6828101589603985,0.22652029125062567,-0.0442563238650564,-0.0007338492056874202
1852,0.4521484375,-4.656956180355134,0.22525442346039454,-0.04402995582591984,-0.0007307037904524805
1853,0.452392578125,-4.6311022017498695,0.22398855567016335,-0.04380358778678328,-0.0007275583752743842
1854,0.45263671875,-4.605248223144604,0.2227226878799322,-0.04357721974764672,-0.0007244129600962879
1855,0.452880859375,-4.579394244539339,0.22145682008970105,-0.04335085170851016,-0.0007212675448613481
1856,0.45312500000000006,-4.553540265934068,0.22019095229946953,-0.0431244836693736,-0.0007181221296832518
1857,0.453369140625,-4.528389219488848,0.21896614682784246,-0.04289878178747131,-0.0007148411038429003
1858,0.45361328125,-4.503238173043631,0.21774134135621534,-0.04267307990556901,-0.0007115600779457054
1859,0.453857421875,-4.478087126598411,0.21651653588458827,-0.042447378023666715,-0.0007082790521053539
1860,0.4541015625,-4.452936080153192,0.21529173041296118,-0.04222167614176442,-0.0007049980262650024
1861,0.45434570312500006,-4.427785033707967,0.21406692494133375,-0.04199597425986212,-0.0007017170004246509
1862,0.45458984375,-4.402633987262748,0.21284211946970666,-0.04177027237795983,-0.000698435974527456
1863,0.454833984375,-4.377482940817528,0.21161731399807956,-0.04154457049605753,-0.0006951549486871045
1864,0.455078125,-4.352331894372311,0.21039250852645247,-0.041318868614155235,-0.000691873922846753
1865,0.455322265625,-4.3271808479270915,0.2091677030548254,-0.04109316673225294,-0.0006885928970064015
1866,0.45556640625000006,-4.302029801481865,0.20794289758319795,-0.04086746485035064,-0.0006853118711092065
1867,0.455810546875,-4.276878755036647,0.20671809211157088,-0.04064176296844835,-0.000682030845268855
1868,0.4560546875,-4.251727708591428,0.2054932866399438,-0.04041606108654605,-0.0006787498194285035
1869,0.456298828125,-4.2265766621462095,0.2042684811683167,-0.040190359204643755,-0.000675468793588152
1870,0.45654296875,-4.201425615700991,0.2030436756966896,-0.03996465732274146,-0.0006721877676909571
1871,0.45678710937500006,-4.176274569255765,0.20181887022506217,-0.03973895544083916,-0.0006689067418506056
1872,0.45703125,-4.151123522810546,0.20059406475343508,-0.039513253558880024,-0.0006656257160102541
1873,0.457275390625,-4.125972476365327,0.199369259281808,-0.03928755167697773,-0.0006623446901130592
1874,0.45751953125,-4.100821429920108,0.19814445381018092,-0.03906184979507543,-0.0006590636642727077
1875,0.457763671875,-4.07567038347489,0.19691964833855383,-0.038836147913173136,-0.0006557826384323562
1876,0.45800781250000006,-4.050519337029664,0.1956948428669264,-0.03861044603127084,-0.0006525016125920047
1877,0.458251953125,-4.025368290584446,0.1944700373952993,-0.038384744149368544,-0.0006492205866948098
1878,0.45849609375,-4.000217244139226,0.1932452319236722,-0.03815904226746625,-0.0006459395608544583
1879,0.458740234375,-3.9750661976940083,0.19202042645204512,-0.03793334038556395,-0.0006426585350141067
1880,0.458984375,-3.9499151512487893,0.19079562098041805,-0.037707638503661656,-0.0006393775091737552
1881,0.45922851562500006,-3.9247641048035637,0.1895708155087906,-0.03748193662175936,-0.0006360964832765603
1882,0.45947265625,-3.899856739514763,0.18836011348510523,-0.03725646145647943,-0.0006327698900463474
1883,0.459716796875,-3.8753148959605914,0.18717056663333234,-0.03703132636604778,-0.0006293749457313425
1884,0.4599609375,-3.8507730524064185,0.18598101978155948,-0.03680619127567297,-0.0006259800014731809
1885,0.460205078125,-3.8262312088522465,0.18479147292978662,-0.036581056185298166,-0.0006225850571581759
1886,0.46044921875000006,-3.801689365298068,0.18360192607801343,-0.03635592109486652,-0.0006191901128431709
1887,0.460693359375,-3.777147521743895,0.18241237922624054,-0.03613078600449171,-0.000615795168528166
1888,0.4609375,-3.7526056781897226,0.18122283237446768,-0.035905650914116904,-0.0006124002242700044
1889,0.461181640625,-3.7280638346355497,0.18003328552269482,-0.035680515823685255,-0.0006090052799549994
1890,0.46142578125,-3.703521991081378,0.17884373867092193,-0.03545538073331045,-0.0006056103356399944
1891,0.46166992187500006,-3.6789801475271986,0.17765419181914874,-0.0352302456428788,-0.0006022153913249895
1892,0.4619140625,-3.6544383039730257,0.17646464496737588,-0.03500511055250399,-0.0005988204470099845
1893,0.462158203125,-3.629896460418854,0.17527509811560302,-0.03477997546212919,-0.0005954255027518229
1894,0.46240234375,-3.6053546168646813,0.17408555126383013,-0.03455484037169754,-0.000592030558436818
1895,0.462646484375,-3.5808127733105093,0.17289600441205727,-0.03432970528132273,-0.000588635614121813
1896,0.46289062500000006,-3.5562709297563297,0.17170645756028408,-0.03410457019089108,-0.000585240669806808
1897,0.463134765625,-3.5317290862021578,0.17051691070851122,-0.033879435100516275,-0.000581845725491803
1898,0.46337890625,-3.5071872426479853,0.16932736385673833,-0.03365430001014147,-0.0005784507812336415
1899,0.463623046875,-3.4826453990938124,0.16813781700496547,-0.03342916491970982,-0.0005750558369186365
1900,0.4638671875,-3.458103555539641,0.1669482701531926,-0.03320402982933501,-0.0005716608926036315
1901,0.46411132812500006,-3.4335617119854613,0.1657587233014194,-0.032978894738903364,-0.0005682659482886265
1902,0.46435546875,-3.409019868431289,0.16456917644964653,-0.03275375964852856,-0.0005648710039736216
1903,0.464599609375,-3.3844780248771165,0.16337962959787367,-0.03252862455815375,-0.00056147605971546
1904,0.46484375,-3.3599361813229445,0.16219008274610078,-0.0323034894677221,-0.000558081115400455
1905,0.465087890625,-3.335394337768772,0.16100053589432795,-0.032078354377347296,-0.00055468617108545
1906,0.46533203125000006,-3.310852494214593,0.15981098904255475,-0.031853219286915646,-0.0005512912267704451
1907,0.465576171875,-3.2863106506604205,0.1586214421907819,-0.03162808419654084,-0.0005478962824554401
1908,0.4658203125,-3.262181066236444,0.15745546295678178,-0.03140332619278752,-0.0005444263047706954
1909,0.466064453125,-3.238154546595016,0.1562953756272249,-0.031178662460661144,-0.0005409375687577267
1910,0.46630859375,-3.2141280269535883,0.15513528829766798,-0.03095399872853477,-0.0005374488326879145
1911,0.46655273437500006,-3.190101507312154,0.15397520096811076,-0.030729334996408397,-0.0005339600966749458
1912,0.466796875,-3.166074987670726,0.15281511363855385,-0.030504671264282024,-0.0005304713606051337
1913,0.467041015625,-3.142048468029299,0.15165502630899697,-0.03028000753215565,-0.0005269826245921649
1914,0.46728515625,-3.118021948387871,0.15049493897944008,-0.030055343800029277,-0.0005234938885223528
1915,0.467529296875,-3.0939954287464437,0.14933485164988317,-0.029830680067902904,-0.0005200051525093841
1916,0.46777343750000006,-3.069968909105009,0.14817476432032592,-0.02960601633577653,-0.0005165164164395719
1917,0.468017578125,-3.045942389463581,0.14701467699076903,-0.029381352603650157,-0.0005130276804266032
1918,0.46826171875,-3.0219158698221538,0.14585458966121215,-0.029156688871523784,-0.000509538944356791
1919,0.468505859375,-2.9978893501807264,0.14469450233165526,-0.02893202513939741,-0.0005060502083438223
1920,0.46875,-2.9738628305392982,0.14353441500209832,-0.02870736140732788,-0.0005025614722740102
1921,0.46899414062500006,-2.949836310897864,0.14237432767254107,-0.028482697675201507,-0.000499072736204198
1922,0.46923828125,-2.9258097912564365,0.14121424034298422,-0.028258033943075134,-0.0004955840001912293
1923,0.469482421875,-2.901783271615009,0.1400541530134273,-0.02803337021094876,-0.0004920952641214171
1924,0.4697265625,-2.877756751973581,0.13889406568387042,-0.027808706478822387,-0.0004886065281084484
1925,0.469970703125,-2.853730232332153,0.13773397835431353,-0.027584042746696014,-0.00048511779203863625
1926,0.47021484375000006,-2.829703712690719,0.1365738910247563,-0.02735937901456964,-0.0004816290560256675
1927,0.470458984375,-2.8056771930492914,0.13541380369519937,-0.027134715282443267,-0.0004781403199558554
1928,0.470703125,-2.7816506734078636,0.13425371636564248,-0.026910051550316894,-0.00047465158394288665
1929,0.470947265625,-2.757624153766436,0.13309362903608557,-0.02668538781819052,-0.0004711628478730745
1930,0.47119140625,-2.733597634125008,0.13193354170652868,-0.026460724086064147,-0.00046767411186010577
1931,0.47143554687500006,-2.709571114483574,0.13077345437697147,-0.026236060353937773,-0.0004641853757902936
1932,0.4716796875,-2.685544594842146,0.12961336704741455,-0.0260113966218114,-0.0004606966397773249
1933,0.471923828125,-2.6616023567105707,0.12845803366619624,-0.025786808824307172,-0.0004571929069925318
1934,0.47216796875,-2.6379972446184032,0.12732171607833231,-0.025562524765234684,-0.0004536291871204412
1935,0.472412109375,-2.614392132526236,0.1261853984904684,-0.025338240706105353,-0.00045006546730519403
1936,0.47265625000000006,-2.5907870204340617,0.12504908090260416,-0.025113956647032865,-0.00044650174743310345
1937,0.472900390625,-2.5671819083418947,0.12391276331474023,-0.024889672587960376,-0.0004429380276178563
1938,0.47314453125,-2.5435767962497273,0.12277644572687632,-0.024665388528831045,-0.0004393743078026091
1939,0.473388671875,-2.51997168415756,0.1216401281390124,-0.024441104469758557,-0.0004358105879305185
1940,0.4736328125,-2.4963665720653925,0.12050381055114848,-0.02421682041068607,-0.00043224686811527135
1941,0.47387695312500006,-2.472761459973219,0.11936749296328424,-0.023992536351556737,-0.00042868314824318077
1942,0.47412109375,-2.4491563478810514,0.11823117537542033,-0.02376825229248425,-0.0004251194284279336
1943,0.474365234375,-2.425551235788884,0.11709485778755639,-0.023543968233354917,-0.00042155570861268643
1944,0.474609375,-2.4019461236967166,0.11595854019969247,-0.02331968417428243,-0.00041799198874059584
1945,0.474853515625,-2.3783410116045496,0.11482222261182855,-0.02309540011520994,-0.0004144282689253487
1946,0.47509765625000006,-2.3547358995123755,0.11368590502396429,-0.02287111605608061,-0.0004108645491101015
1947,0.475341796875,-2.331130787420208,0.11254958743610037,-0.02264683199700812,-0.0004073008292380109
1948,0.4755859375,-2.307525675328041,0.11141326984823645,-0.022422547937935633,-0.00040373710942276375
1949,0.475830078125,-2.2839205632358737,0.11027695226037251,-0.0221982638788063,-0.00040017338955067316
1950,0.47607421875,-2.2603154511437062,0.10914063467250863,-0.021973979819733813,-0.000396609669735426
1951,0.47631835937500006,-2.236710339051532,0.10800431708464436,-0.02174969576060448,-0.00039304594992017883
1952,0.4765625,-2.213105226959365,0.10686799949678044,-0.021525411701531993,-0.00038948223004808824
1953,0.476806640625,-2.1895001148671978,0.10573168190891652,-0.021301127642459505,-0.00038591851023284107
1954,0.47705078125,-2.1658950027750303,0.10459536432105261,-0.021076843583330174,-0.0003823547903607505
1955,0.477294921875,-2.142289890682863,0.10345904673318868,-0.020852559524257686,-0.0003787910705455033
1956,0.47753906250000006,-2.1186847785906893,0.10232272914532445,-0.020628275465128354,-0.00037522735073025615
1957,0.477783203125,-2.0950796664985223,0.10118641155746053,-0.020403991406055866,-0.00037166363085816556
1958,0.47802734375,-2.0714745544063544,0.10005009396959659,-0.020179707346983378,-0.0003680999110429184
1959,0.478271484375,-2.048065956195549,0.09892472123840439,-0.01995559809211045,-0.00036450184222758253
1960,0.478515625,-2.024788367238985,0.09780664507832665,-0.019731605373408456,-0.0003608808740409586
1961,0.47875976562500006,-2.001510778282414,0.09668856891824859,-0.01950761265464962,-0.00035725990585433465
1962,0.47900390625,-1.9782331893258498,0.09557049275817087,-0.019283619935947627,-0.0003536389377245541
1963,0.479248046875,-1.9549556003692856,0.09445241659809313,-0.019059627217245634,-0.0003500179695379302
1964,0.4794921875,-1.9316780114127217,0.09333434043801539,-0.01883563449854364,-0.00034639700140814966
1965,0.479736328125,-1.9084004224561575,0.09221626427793764,-0.018611641779784804,-0.0003427760332215257
1966,0.47998046875000006,-1.8851228334995864,0.0910981881178596,-0.01838764906108281,-0.0003391550650917452
1967,0.480224609375,-1.8618452445430225,0.08998011195778186,-0.01816365634238082,-0.00033553409690512126
1968,0.48046875,-1.838567655586458,0.0888620357977041,-0.017939663623678825,-0.0003319131287184973
1969,0.480712890625,-1.8152900666298941,0.08774395963762638,-0.017715670904976832,-0.0003282921605887168
1970,0.48095703125,-1.7920124776733297,0.08662588347754864,-0.017491678186217996,-0.00032467119240209286
1971,0.48120117187500006,-1.7687348887167587,0.08550780731747058,-0.017267685467516003,-0.00032105022427231233
1972,0.4814453125,-1.7454572997601947,0.08438973115739284,-0.01704369274881401,-0.0003174292560856884
1973,0.481689453125,-1.7221797108036305,0.0832716549973151,-0.016819700030112017,-0.00031380828789906445
1974,0.48193359375,-1.6989021218470661,0.08215357883723738,-0.01659570731135318,-0.00031018731976928393
1975,0.482177734375,-1.675624532890502,0.08103550267715963,-0.016371714592651188,-0.00030656635158266
1976,0.48242187500000006,-1.6523469439339311,0.07991742651708157,-0.016147721873949195,-0.00030294538345287947
1977,0.482666015625,-1.6290693549773672,0.07879935035700385,-0.0159237291552472,-0.00029932441526625553
1978,0.48291015625,-1.6057917660208028,0.07768127419692611,-0.015699736436488365,-0.000295703447136475
1979,0.483154296875,-1.5825141770642386,0.07656319803684836,-0.015475743717786372,-0.00029208247894985107
1980,0.4833984375,-1.5592365881076742,0.07544512187677062,-0.01525175099908438,-0.0002884615107632271
1981,0.48364257812500006,-1.5359589991511038,0.07432704571669259,-0.015027758280382386,-0.0002848405426334466
1982,0.48388671875,-1.5126814101945392,0.07320896955661484,-0.01480376556162355,-0.00028121957444682266
1983,0.484130859375,-1.489403821237975,0.0720908933965371,-0.014579772842921557,-0.00027759860631704214
1984,0.484375,-1.4661262322814108,0.07097281723645936,-0.014355780124219564,-0.0002739776381304182
1985,0.484619140625,-1.443082346830185,0.06986762465187207,-0.014131993198077453,-0.0002703163282831156
1986,0.48486328125000006,-1.4200384613789527,0.06876243206728447,-0.013908206271935342,-0.00026665501843581296
1987,0.485107421875,-1.396994575927727,0.06765723948269715,-0.013684419345850074,-0.00026299370858851034
1988,0.4853515625,-1.373950690476501,0.06655204689810985,-0.013460632419707963,-0.0002593323987412077
1989,0.485595703125,-1.350906805025275,0.06544685431352255,-0.013236845493565852,-0.0002556710888939051
1990,0.48583984375,-1.3278629195740492,0.06434166172893525,-0.013013058567480584,-0.0002520097791034459
1991,0.48608398437500006,-1.304819034122817,0.06323646914434765,-0.012789271641338473,-0.0002483484692561433
1992,0.486328125,-1.2817751486715914,0.06213127655976034,-0.012565484715196362,-0.00024468715940884067
1993,0.486572265625,-1.2587312632203655,0.06102608397517305,-0.012341697789054251,-0.00024102584956153805
1994,0.48681640625,-1.2356873777691397,0.059920891390585755,-0.012117910862968984,-0.00023736453971423543
1995,0.487060546875,-1.2126434923179141,0.05881569880599844,-0.011894123936826873,-0.00023370322986693282
1996,0.48730468750000006,-1.1895996068666814,0.057710506221410836,-0.011670337010684761,-0.0002300419200196302
1997,0.487548828125,-1.1665557214154556,0.056605313636823536,-0.01144655008454265,-0.00022638061017232758
1998,0.48779296875,-1.1435118359642298,0.055500121052236236,-0.01122276315840054,-0.00022271930032502496
1999,0.488037109375,-1.120467950513004,0.054394928467648936,-0.010998976232315272,-0.00021905799047772234
2000,0.48828125,-1.0974240650617784,0.053289735883061636,-0.01077518930617316,-0.00021539668068726314
2001,0.48852539062500006,-1.0743801796105459,0.05218454329847402,-0.01055140238003105,-0.00021173537083996052
2002,0.48876953125,-1.05133629415932,0.05107935071388672,-0.010327615453888939,-0.0002080740609926579
2003,0.489013671875,-1.0282924087080945,0.04997415812929942,-0.010103828527803671,-0.0002044127511453553
2004,0.4892578125,-1.0052485232568684,0.04886896554471212,-0.00988004160166156,-0.00020075144129805267
2005,0.489501953125,-0.9822046378056428,0.04776377296012482,-0.009656254675519449,-0.00019709013145075005
2006,0.48974609375000006,-0.9591607523544103,0.04665858037553722,-0.009432467749377338,-0.00019342882160344743
2007,0.489990234375,-0.9361168669031845,0.04555338779094991,-0.00920868082329207,-0.0001897675117561448
2008,0.490234375,-0.9130729814519588,0.04444819520636262,-0.00898489389714996,-0.0001861062019088422
2009,0.490478515625,-0.8900290960007328,0.04334300262177531,-0.008761106971007848,-0.00018244489206153958
2010,0.49072265625,-0.8670411914506443,0.042240878673199624,-0.008537368976078596,-0.0001787739727205917
2011,0.49096679687500006,-0.8441372582522553,0.041143357678641024,-0.008313704377940212,-0.00017508863913917594
2012,0.4912109375,-0.8212333250538727,0.04004583668408274,-0.008090039779744984,-0.00017140330550091676
2013,0.491455078125,-0.7983293918554901,0.038948315689524456,-0.0078663751816066,-0.00016771797186265758
2014,0.49169921875,-0.7754254586571074,0.03785079469496618,-0.007642710583411372,-0.00016403263828124182
2015,0.491943359375,-0.752521525458725,0.036753273700407894,-0.007419045985272987,-0.00016034730464298264
2016,0.49218750000000006,-0.7296175922603358,0.0356557527058493,-0.007195381387077759,-0.00015666197100472345
2017,0.492431640625,-0.7067136590619533,0.034558231711291014,-0.006971716788939375,-0.0001529766374233077
2018,0.49267578125,-0.6838097258635707,0.03346071071673273,-0.006748052190744147,-0.0001492913037850485
2019,0.492919921875,-0.660905792665188,0.03236318972217445,-0.006524387592605763,-0.00014560597020363275
2020,0.4931640625,-0.6380018594668054,0.031265668727616165,-0.006300722994410535,-0.00014192063656537357
2021,0.49340820312500006,-0.6150979262684163,0.03016814773305758,-0.00607705839627215,-0.0001382353029271144
2022,0.49365234375,-0.5921939930700338,0.02907062673849929,-0.005853393798076922,-0.00013454996934569863
2023,0.493896484375,-0.5692900598716512,0.02797310574394101,-0.005629729199938538,-0.00013086463570743945
2024,0.494140625,-0.5463861266732685,0.026875584749382727,-0.0054060646018001535,-0.00012717930212602369
2025,0.494384765625,-0.523482193474886,0.025778063754824443,-0.005182400003604926,-0.0001234939684877645
2026,0.49462890625000006,-0.5005782602764969,0.02468054276026585,-0.004958735405466541,-0.00011980863484950532
2027,0.494873046875,-0.47767432707811436,0.02358302176570757,-0.004735070807271313,-0.00011612330126808956
2028,0.4951171875,-0.4547703938797317,0.022485500771149285,-0.004511406209132929,-0.00011243796762983038
2029,0.495361328125,-0.4318664606813491,0.021387979776591,-0.004287741610937701,-0.00010875263404841462
2030,0.49560546875,-0.4089625274829665,0.020290458782032717,-0.0040640770127993164,-0.00010506730041015544
2031,0.49584960937500006,-0.38605859428457745,0.019192937787474124,-0.0038404124146040886,-0.00010138196677189626
2032,0.49609375,-0.3631546610861948,0.01809541679291584,-0.003616747816465704,-9.76966331904805e-05
2033,0.496337890625,-0.3402507278878123,0.01699789579835756,-0.003393083218270476,-9.401129955222132e-05
2034,0.49658203125,-0.31734679468942967,0.015900374803799276,-0.0031694186201320917,-9.032596597080556e-05
2035,0.496826171875,-0.2944428614910471,0.014802853809240995,-0.002945754021936864,-8.664063233254637e-05
2036,0.49707031250000006,-0.2715759295926855,0.013707378314613666,-0.0027221215431723067,-8.294885248005812e-05
2037,0.497314453125,-0.2487182480193374,0.012612414194969463,-0.0024984970942227847,-7.925546111664517e-05
2038,0.49755859375,-0.22586056644598929,0.011517450075325258,-0.002274872645330106,-7.556206975323221e-05
2039,0.497802734375,-0.20300288487264118,0.010422485955681057,-0.002051248196380584,-7.186867838981925e-05
2040,0.498046875,-0.18014520329929304,0.009327521836036856,-0.001827623747431062,-6.817528696956288e-05
2041,0.49829101562500006,-0.15728752172593843,0.008232557716392341,-0.0016039992985383833,-6.448189560614992e-05
2042,0.49853515625,-0.1344298401525903,0.007137593596748137,-0.0013803748495888613,-6.078850424273696e-05
2043,0.498779296875,-0.11157215857924219,0.006042629477103936,-0.0011567504006393392,-5.709511282248059e-05
2044,0.4990234375,-0.08871447700589408,0.004947665357459732,-0.0009331259516898172,-5.340172145906763e-05
2045,0.499267578125,-0.06585679543254595,0.003852701237815529,-0.0007095015027971385,-4.9708330095654674e-05
2046,0.49951171875000006,-0.04299911385919137,0.002757737118171016,-0.0004858770538476165,-4.601493873224172e-05
2047,0.499755859375,-0.02014143228584323,0.0016627729985268125,-0.00026225260489809443,-4.232154731198534e-05
2048,0.5,0.0027162492875048676,0.0005678088788826091,-3.8628156005415804e-05,-3.8628155948572385e-05
2049,0.500244140625,0.02557393086085301,-0.0005271552407615927,0.00018499629294410624,-3.493476458515943e-05
2050,0.50048828125,0.048431612434201105,-0.0016221193604057946,0.0004086207418936283,-3.124137316490305e-05
2051,0.500732421875,0.07128929400755574,-0.002717083480050309,0.0006322451908431503,-2.7547981801490096e-05
2052,0.5009765625,0.09414697558090383,-0.0038120475996945105,0.000855869639735829,-2.385459043807714e-05
2053,0.501220703125,0.11700465715425197,-0.0049070117193387155,0.001079494088685351,-2.0161199074664182e-05
2054,0.50146484375,0.13986233872760007,-0.0060019758389829175,0.001303118537634873,-1.6467807654407807e-05
2055,0.501708984375,0.1627200203009482,-0.007096939958627119,0.0015267429865843951,-1.277441629099485e-05
2056,0.501953125,0.18557770187430286,-0.008191904078271634,0.0017503674354770737,-9.081024927581893e-06
2057,0.502197265625,0.20843538344765095,-0.009286868197915835,0.001973991884426596,-5.387633507325518e-06
2058,0.50244140625,0.23129306502099906,-0.010381832317560041,0.002197616333376118,-1.694242143912561e-06
2059,0.502685546875,0.2541507465943471,-0.011476796437204242,0.0024212407822687965,1.9991492195003957e-06
2060,0.5029296875,0.2770084281676953,-0.012571760556848445,0.0026448652312183185,5.692540582913352e-06
2061,0.503173828125,0.2998755955699284,-0.013667229393426992,0.002868497999770625,9.384373811371916e-06
2062,0.50341796875,0.32278070628766853,-0.014764717097741353,0.003092164046677226,1.3069974329482648e-05
2063,0.503662109375,0.3456858170054087,-0.015862204802055715,0.003315830093583827,1.675557484759338e-05
2064,0.50390625,0.3685909277231488,-0.016959692506370073,0.0035394961405472714,2.0441175365704112e-05
2065,0.504150390625,0.391496038440889,-0.018057180210684438,0.0037631621874538723,2.4126775883814844e-05
2066,0.50439453125,0.41440114915863563,-0.01915466791499911,0.003986828234360473,2.7812376401925576e-05
2067,0.504638671875,0.4373062598763757,-0.020252155619313473,0.004210494281267074,3.149797692003631e-05
2068,0.5048828125,0.460211370594116,-0.021349643323627834,0.004434160328230519,3.518357743814704e-05
2069,0.505126953125,0.4831164813118561,-0.022447131027942196,0.00465782637513712,3.886917795625777e-05
2070,0.50537109375,0.5060215920295962,-0.023544618732256557,0.004881492422043721,4.2554778474368504e-05
2071,0.505615234375,0.5289267027473429,-0.024642106436571234,0.0051051584689503215,4.6240378992479236e-05
2072,0.505859375,0.551831813465083,-0.025739594140885596,0.005328824515913766,4.992597951058997e-05
2073,0.506103515625,0.5747369241828231,-0.026837081845199954,0.005552490562820367,5.36115800287007e-05
2074,0.50634765625,0.5976420349005633,-0.027934569549514315,0.005776156609726968,5.729718060365485e-05
2075,0.506591796875,0.6205471456183036,-0.029032057253828677,0.005999822656633569,6.0982781121765584e-05
2076,0.5068359375,0.6434522563360502,-0.03012954495814335,0.006223488703597013,6.466838163987632e-05
2077,0.507080078125,0.6663573670537902,-0.031227032662457715,0.006447154750503614,6.835398215798705e-05
2078,0.50732421875,0.6892624777715304,-0.03232452036677207,0.006670820797410215,7.203958267609778e-05
2079,0.507568359375,0.7121675884892705,-0.03342200807108644,0.006894486844316816,7.572518319420851e-05
2080,0.5078125,0.7350726992070107,-0.0345194957754008,0.0071181528912802605,7.941078371231924e-05
2081,0.508056640625,0.7579778099247573,-0.03561698347971547,0.0073418189381868615,8.309638423042998e-05
2082,0.50830078125,0.7808829206424975,-0.03671447118402983,0.0075654849850934625,8.678198474854071e-05
2083,0.508544921875,0.8037880313602377,-0.03781195888834419,0.007789151032056907,9.046758526665144e-05
2084,0.5087890625,0.8266931420779777,-0.038909446592658554,0.008012817078963508,9.415318578476217e-05
2085,0.509033203125,0.849598252795718,-0.04000693429697291,0.008236483125870109,9.78387863028729e-05
2086,0.50927734375,0.8725033635134647,-0.04110442200128759,0.00846014917277671,0.00010152438682098364
2087,0.509521484375,0.8954931493281421,-0.04220649227665509,0.008683889492033359,0.00010519573390865844
2088,0.509765625,0.9185393852074445,-0.04331161759939135,0.008907679326114248,0.00010885757870937596
2089,0.510009765625,0.9415856210867467,-0.04441674292212761,0.009131469160195138,0.00011251942351009347
2090,0.51025390625,0.9646318569660489,-0.04552186824486387,0.009355258994276028,0.00011618126831081099
2091,0.510498046875,0.987678092845358,-0.046626993567600444,0.009579048828300074,0.00011984311311152851
2092,0.5107421875,1.0107243287246601,-0.0477321188903367,0.009802838662380964,0.00012350495791224603
2093,0.510986328125,1.0337705646039625,-0.048837244213072964,0.010026628496461854,0.00012716680271296354
2094,0.51123046875,1.0568168004832648,-0.049942369535809224,0.010250418330542743,0.00013082864751368106
2095,0.511474609375,1.0798630363625672,-0.051047494858545484,0.010474208164623633,0.00013449049231439858
2096,0.51171875,1.1029092722418758,-0.05215262018128205,0.010697997998704523,0.0001381523371151161
2097,0.511962890625,1.1259555081211783,-0.053257745504018315,0.010921787832785412,0.00014181418191583361
2098,0.51220703125,1.1490017440004807,-0.054362870826754575,0.011145577666866302,0.00014547602671655113
2099,0.512451171875,1.172047979879783,-0.05546799614949083,0.011369367500947192,0.00014913787151726865
2100,0.5126953125,1.1950942157590851,-0.05657312147222709,0.011593157335028081,0.00015279971626114275
2101,0.512939453125,1.2181404516383938,-0.05767824679496365,0.011816947169108971,0.00015646156106186027
2102,0.51318359375,1.2411866875176962,-0.05878337211769991,0.01204073700318986,0.00016012340586257778
2103,0.513427734375,1.2642329233969987,-0.05988849744043618,0.01226452683727075,0.0001637852506632953
2104,0.513671875,1.287279159276301,-0.06099362276317244,0.01248831667135164,0.00016744709546401282
2105,0.513916015625,1.3103253951556033,-0.06209874808590869,0.01271210650543253,0.00017110894026473034
2106,0.51416015625,1.333371631034912,-0.06320387340864526,0.01293589633951342,0.00017477078506544785
2107,0.514404296875,1.3564178669142144,-0.06430899873138152,0.01315968617359431,0.00017843262986616537
2108,0.5146484375,1.3794641027935166,-0.06541412405411778,0.013383476007675199,0.0001820944746668829
2109,0.514892578125,1.402510338672819,-0.06651924937685404,0.013607265841756089,0.0001857563194676004
2110,0.51513671875,1.4255565745521215,-0.06762437469959029,0.013831055675836978,0.00018941816426831792
2111,0.515380859375,1.4486028104314301,-0.06872950002232688,0.014054845509917868,0.00019308000906903544
2112,0.515625,1.4716490463107323,-0.06983462534506313,0.014278635343998758,0.00019674185386975296
2113,0.515869140625,1.494930149431468,-0.07095259896652749,0.01450263245055794,0.00020036362730024848
2114,0.51611328125,1.5182112525522031,-0.07207057258799184,0.014726629557117121,0.000203985400730744
2115,0.516357421875,1.5414923556729387,-0.07318854620945617,0.014950626663733146,0.00020760717416123953
2116,0.5166015625,1.5647734587936808,-0.07430651983092086,0.015174623770292328,0.00021122894759173505
2117,0.516845703125,1.588054561914416,-0.07542449345238521,0.01539862087685151,0.00021485072102223057
2118,0.51708984375,1.6113356650351516,-0.07654246707384954,0.015622617983410692,0.0002184724944527261
2119,0.517333984375,1.634616768155887,-0.07766044069531389,0.015846615089969873,0.00022209426788322162
2120,0.517578125,1.6578978712766224,-0.07877841431677825,0.0160706121965859,0.00022571604131371714
2121,0.517822265625,1.6811789743973644,-0.07989638793824291,0.01629460930314508,0.00022933781474421266
2122,0.51806640625,1.7044600775180998,-0.08101436155970726,0.016518606409704262,0.0002329595881747082
2123,0.518310546875,1.727741180638835,-0.0821323351811716,0.016742603516263443,0.0002365813616052037
2124,0.5185546875,1.7510222837595706,-0.08325030880263598,0.016966600622822625,0.00024020313503569923
2125,0.518798828125,1.7743033868803055,-0.08436828242410033,0.017190597729381807,0.00024382490846619476
2126,0.51904296875,1.7975844900010476,-0.08548625604556498,0.017414594835997832,0.0002474466818966903
2127,0.519287109375,1.8208655931217832,-0.08660422966702934,0.017638591942557014,0.0002510684553271858
2128,0.51953125,1.8441466962425186,-0.0877222032884937,0.017862589049116195,0.00025469022881452474
2129,0.519775390625,1.8674277993632542,-0.08884017690995803,0.018086586155675377,0.00025831200224502027
2130,0.52001953125,1.8907089024839898,-0.08995815053142238,0.01831058326223456,0.0002619337756755158
2131,0.520263671875,1.9139900056047319,-0.09107612415288706,0.018534580368850584,0.0002655555491060113
2132,0.5205078125,1.9372711087254668,-0.0921940977743514,0.018758577475409766,0.00026917732253650684
2133,0.520751953125,1.9605522118462024,-0.09331207139581575,0.018982574581968947,0.00027279909596700236
2134,0.52099609375,1.9838333149669376,-0.0944300450172801,0.01920657168852813,0.0002764208693974979
2135,0.521240234375,2.007114418087673,-0.09554801863874447,0.01943056879508731,0.0002800426428279934
2136,0.521484375,2.030395521208415,-0.09666599226020912,0.019654565901703336,0.00028366441625848893
2137,0.521728515625,2.0536766243291504,-0.09778396588167347,0.019878563008262518,0.00028728618968898445
2138,0.52197265625,2.077089196714473,-0.09890922123185573,0.020102677255010803,0.00029088517328546004
2139,0.522216796875,2.1006989729966765,-0.10004539917511485,0.02032696721209959,0.00029444997221617086
2140,0.5224609375,2.1243087492788795,-0.10118157711837399,0.02055125716913153,0.0002980147711468817
2141,0.522705078125,2.1479185255610895,-0.10231775506163342,0.020775547126220317,0.0003015795700775925
2142,0.52294921875,2.171528301843293,-0.10345393300489253,0.02099983708325226,0.00030514436900830333
2143,0.523193359375,2.1951380781254963,-0.10459011094815167,0.021224127040341045,0.00030870916793901415
2144,0.5234375,2.2187478544076997,-0.10572628889141078,0.021448416997372988,0.00031227396686972497
2145,0.523681640625,2.2423576306899027,-0.10686246683466989,0.021672706954461773,0.0003158387658004358
2146,0.52392578125,2.2659674069721127,-0.10799864477792932,0.021896996911493716,0.0003194035647311466
2147,0.524169921875,2.289577183254316,-0.10913482272118845,0.0221212868685825,0.00032296836366185744
2148,0.5244140625,2.3131869595365195,-0.11027100066444756,0.022345576825614444,0.00032653316259256826
2149,0.524658203125,2.336796735818723,-0.11140717860770669,0.02256986678270323,0.0003300979615232791
2150,0.52490234375,2.3604065121009263,-0.1125433565509658,0.022794156739735172,0.0003336627604539899
2151,0.525146484375,2.384016288383136,-0.11367953449422526,0.023018446696823958,0.0003372275593847007
2152,0.525390625,2.4076260646653393,-0.11481571243748437,0.0232427366538559,0.00034079235831541155
2153,0.525634765625,2.4312358409475427,-0.1159518903807435,0.023467026610944686,0.00034435715718927895
2154,0.52587890625,2.454845617229746,-0.1170880683240026,0.023691316567976628,0.00034792195611998977
2155,0.526123046875,2.478455393511949,-0.11822424626726173,0.02391560652500857,0.0003514867550507006
2156,0.5263671875,2.5020651697941596,-0.11936042421052116,0.024139896482097356,0.0003550515539814114
2157,0.526611328125,2.525674946076362,-0.12049660215378027,0.024364186439186142,0.00035861635291212224
2158,0.52685546875,2.549284722358566,-0.1216327800970394,0.024588476396218084,0.00036218115184283306
2159,0.527099609375,2.57289449864077,-0.12276895804029851,0.024812766353250026,0.0003657459507735439
2160,0.52734375,2.5965042749229723,-0.12390513598355762,0.025037056310338812,0.0003693107497042547
2161,0.527587890625,2.620114051205183,-0.12504131392681708,0.025261346267427598,0.0003728755486349655
2162,0.52783203125,2.643723827487386,-0.1261774918700762,0.02548563622445954,0.00037644034756567635
2163,0.528076171875,2.667333603769589,-0.12731366981333533,0.025709926181491483,0.00038000514649638717
2164,0.5283203125,2.691281411573646,-0.12846883212481117,0.02593452111602801,0.00038351018122284586
2165,0.528564453125,2.715313727258166,-0.12962874052834122,0.02615919229492647,0.00038700027488403066
2166,0.52880859375,2.7393460429426932,-0.13078864893187161,0.026383863473881775,0.0003904903686020589
2167,0.529052734375,2.763378358627214,-0.13194855733540164,0.026608534652780236,0.0003939804622632437
2168,0.529296875,2.787410674311734,-0.1331084657389317,0.026833205831678697,0.0003974705559812719
2169,0.529541015625,2.811442989996254,-0.13426837414246176,0.027057877010577158,0.0004009606496424567
2170,0.52978515625,2.8354753056807747,-0.1354282825459918,0.02728254818947562,0.0004044507433036415
2171,0.530029296875,2.8595076213653012,-0.13658819094952215,0.02750721936837408,0.0004079408370216697
2172,0.5302734375,2.883539937049822,-0.13774809935305224,0.027731890547272542,0.0004114309306828545
2173,0.530517578125,2.907572252734342,-0.13890800775658227,0.027956561726171003,0.00041492102440088274
2174,0.53076171875,2.9316045684188623,-0.1400679161601123,0.028181232905069464,0.00041841111806206754
2175,0.531005859375,2.9556368841033827,-0.14122782456364236,0.028405904083967926,0.00042190121178009576
2176,0.53125,2.9796691997879092,-0.14238773296717272,0.028630575262866387,0.00042539130544128056
2177,0.531494140625,3.00370151547243,-0.14354764137070275,0.028855246441764848,0.00042888139910246537
2178,0.53173828125,3.02773383115695,-0.14470754977423284,0.02907991762066331,0.0004323714928204936
2179,0.531982421875,3.0517661468414703,-0.14586745817776287,0.02930458879956177,0.0004358615864816784
2180,0.5322265625,3.0757984625259907,-0.1470273665812929,0.02952925997846023,0.0004393516801997066
2181,0.532470703125,3.0998307782105177,-0.1481872749848233,0.029753931157358693,0.0004428417738608914
2182,0.53271484375,3.123863093895038,-0.14934718338835332,0.029978602336257154,0.00044633186757891963
2183,0.532958984375,3.147895409579558,-0.15050709179188337,0.030203273515155615,0.00044982196124010443
2184,0.533203125,3.1719277252640783,-0.15166700019541343,0.030427944694054077,0.00045331205490128923
2185,0.533447265625,3.1959600409485986,-0.1528269085989435,0.030652615872952538,0.00045680214861931745
2186,0.53369140625,3.2199923566331257,-0.15398681700247382,0.030877287051851,0.00046029224228050225
2187,0.533935546875,3.244024672317646,-0.15514672540600388,0.031101958230806304,0.00046378233599853047
2188,0.5341796875,3.268056988002166,-0.15630663380953394,0.031326629409704765,0.00046727242965971527
2189,0.534423828125,3.292192590334479,-0.15747242580157259,0.0315513951791786,0.0004707438219497817
2190,0.53466796875,3.3167413392579643,-0.15866175214764563,0.031776539311010765,0.00047414040847115757
2191,0.534912109375,3.3412900881814562,-0.15985107849371905,0.03200168344284293,0.00047753699504937686
2192,0.53515625,3.365838837104941,-0.1610404048397921,0.0322268275746751,0.0004809335815707527
2193,0.535400390625,3.3903875860284263,-0.16222973118586514,0.032451971706507265,0.000484330168148972
2194,0.53564453125,3.414936334951911,-0.16341905753193822,0.03267711583833943,0.00048772675467034787
2195,0.535888671875,3.4394850838753954,-0.16460838387801127,0.0329022599701716,0.0004911233412485672
2196,0.5361328125,3.464033832798888,-0.16579771022408465,0.03312740410206061,0.0004945199278267864
2197,0.536376953125,3.4885825817223726,-0.16698703657015773,0.033352548233892776,0.0004979165143481623
2198,0.53662109375,3.513131330645858,-0.16817636291623078,0.03357769236572494,0.0005013131009263816
2199,0.536865234375,3.537680079569342,-0.16936568926230386,0.03380283649755711,0.0005047096874477575
2200,0.537109375,3.5622288284928274,-0.1705550156083769,0.034027980629389276,0.0005081062740259767
2201,0.537353515625,3.5867775774163193,-0.1717443419544503,0.03425312476122144,0.0005115028605473526
2202,0.53759765625,3.6113263263398045,-0.17293366830052337,0.03447826889305361,0.0005148994471255719
2203,0.537841796875,3.63587507526329,-0.17412299464659642,0.034703413024885776,0.0005182960337037912
2204,0.5380859375,3.6604238241867737,-0.17531232099266944,0.03492855715671794,0.000521692620225167
2205,0.538330078125,3.684972573110259,-0.17650164733874252,0.03515370128855011,0.0005250892068033863
2206,0.53857421875,3.709521322033751,-0.1776909736848159,0.03537884542043912,0.0005284857933247622
2207,0.538818359375,3.734070070957236,-0.17888030003088895,0.03560398955227129,0.0005318823799029815
2208,0.5390625,3.7586188198807213,-0.18006962637696203,0.035829133684103454,0.0005352789664812008
2209,0.539306640625,3.7831675688042066,-0.1812589527230351,0.03605427781593562,0.0005386755530025766
2210,0.53955078125,3.807716317727691,-0.18244827906910813,0.03627942194776779,0.0005420721395807959
2211,0.539794921875,3.832265066651183,-0.18363760541518154,0.036504566079599954,0.0005454687261021718
2212,0.5400390625,3.856813815574668,-0.18482693176125461,0.03672971021143212,0.0005488653126803911
2213,0.540283203125,3.8813625644981533,-0.18601625810732764,0.03695485434326429,0.0005522618992017669
2214,0.54052734375,3.905911313421638,-0.18720558445340071,0.037179998475096454,0.0005556584857799862
2215,0.540771484375,3.9308262336349657,-0.18841603973726173,0.03740548366948815,0.0005589868964648304
2216,0.541015625,3.95598526804153,-0.18964058097964845,0.03763119623880584,0.0005622698566298823
2217,0.541259765625,3.9811443024480875,-0.19086512222203478,0.03785690880818038,0.0005655528167380908
2218,0.54150390625,4.006303336854645,-0.1920896634644211,0.03808262137749807,0.0005688357769031427
2219,0.541748046875,4.031462371261202,-0.19331420470680744,0.03830833394687261,0.0005721187370681946
2220,0.5419921875,4.056621405667759,-0.1945387459491938,0.0385340465161903,0.0005754016971764031
2221,0.542236328125,4.081780440074323,-0.19576328719158048,0.03875975908556484,0.000578684657341455
2222,0.54248046875,4.106939474480881,-0.1969878284339668,0.03898547165488253,0.0005819676174496635
2223,0.542724609375,4.132098508887437,-0.19821236967635314,0.03921118422425707,0.0005852505776147154
2224,0.54296875,4.157257543293994,-0.19943691091873947,0.03943689679357476,0.0005885335377229239
2225,0.543212890625,4.182416577700551,-0.20066145216112583,0.0396626093629493,0.0005918164978879759
2226,0.54345703125,4.2075756121071155,-0.20188599340351251,0.03988832193226699,0.0005950994579961844
2227,0.543701171875,4.232734646513673,-0.20311053464589884,0.04011403450164153,0.0005983824181612363
2228,0.5439453125,4.25789368092023,-0.20433507588828517,0.04033974707101606,0.0006016653782694448
2229,0.544189453125,4.283052715326787,-0.20555961713067153,0.040565459640333756,0.0006049483384344967
2230,0.54443359375,4.308211749733344,-0.20678415837305786,0.04079117220970829,0.0006082312985995486
2231,0.544677734375,4.333370784139908,-0.20800869961544458,0.041016884779025986,0.0006115142587077571
2232,0.544921875,4.358529818546465,-0.2092332408578309,0.04124259734840052,0.000614797218872809
2233,0.545166015625,4.383688852953021,-0.21045778210021723,0.041468309917718216,0.0006180801789810175
2234,0.54541015625,4.408847887359579,-0.2116823233426036,0.04169402248709275,0.0006213631391460694
2235,0.545654296875,4.434006921766136,-0.21290686458498992,0.041919735056410445,0.0006246460992542779
2236,0.5458984375,4.459165956172701,-0.21413140582737658,0.04214544762578498,0.0006279290594193299
2237,0.546142578125,4.484324990579257,-0.21535594706976294,0.042371160195102675,0.0006312120195275384
2238,0.54638671875,4.509484024985815,-0.2165804883121493,0.04259687276447721,0.0006344949796925903
2239,0.546630859375,4.534643059392371,-0.21780502955453562,0.042822585333794905,0.0006377779398007988
2240,0.546875,4.559802093798929,-0.21902957079692195,0.04304829790316944,0.0006410608999658507
2241,0.547119140625,4.585665112212321,-0.22029512897372175,0.04327467833059018,0.0006442085503408634
2242,0.54736328125,4.611528130625705,-0.22156068715052119,0.04350105875795407,0.0006473562007158762
2243,0.547607421875,4.637391149039089,-0.22282624532732062,0.043727439185374806,0.0006505038510908889
2244,0.5478515625,4.663254167452474,-0.2240918035041201,0.04395381961279554,0.0006536515014659017
2245,0.548095703125,4.689117185865859,-0.22535736168091955,0.04418020004021628,0.0006567991518409144
2246,0.54833984375,4.71498020427925,-0.22662291985771935,0.04440658046758017,0.0006599468022159272
2247,0.548583984375,4.740843222692635,-0.22788847803451878,0.044632960895000906,0.0006630944525909399
2248,0.548828125,4.766706241106019,-0.22915403621131825,0.04485934132242164,0.0006662421029659527
2249,0.549072265625,4.792569259519404,-0.23041959438811763,0.045085721749785534,0.0006693897533409654
2250,0.54931640625,4.818432277932788,-0.2316851525649171,0.04531210217720627,0.0006725374037159781
2251,0.549560546875,4.84429529634618,-0.23295071074171692,0.045538482604627006,0.0006756850540909909
2252,0.5498046875,4.870158314759564,-0.23421626891851632,0.0457648630319909,0.0006788327044660036
2253,0.550048828125,4.896021333172949,-0.23548182709531576,0.045991243459411635,0.0006819803548410164
2254,0.55029296875,4.921884351586334,-0.23674738527211522,0.04621762388683237,0.0006851280052160291
2255,0.550537109375,4.947747369999718,-0.23801294344891466,0.04644400431425311,0.0006882756555910419
2256,0.55078125,4.97361038841311,-0.23927850162571448,0.046670384741617,0.0006914233059660546
2257,0.551025390625,4.999473406826494,-0.24054405980251392,0.046896765169037735,0.0006945709563410674
2258,0.55126953125,5.025336425239878,-0.24180961797931336,0.04712314559645847,0.0006977186067160801
2259,0.551513671875,5.051199443653264,-0.24307517615611282,0.047349526023822364,0.0007008662570910928
2260,0.5517578125,5.077062462066648,-0.24434073433291226,0.0475759064512431,0.0007040139074661056
2261,0.552001953125,5.10292548048004,-0.24560629250971205,0.047802286878663836,0.0007071615578411183
2262,0.55224609375,5.1287884988934245,-0.2468718506865115,0.04802866730602773,0.0007103092082161311
2263,0.552490234375,5.154651517306808,-0.24813740886331095,0.048255047733448464,0.0007134568585911438
2264,0.552734375,5.180514535720192,-0.24940296704011033,0.0484814281608692,0.0007166045089661566
2265,0.552978515625,5.206377554133578,-0.2506685252169098,0.048707808588289936,0.0007197521593411693
2266,0.55322265625,5.2325595198127735,-0.2519527465574313,0.04893449747464729,0.0007228362896398721
2267,0.553466796875,5.259219906390666,-0.2532649626435349,0.04916164904955167,0.0007258251396820015
2268,0.5537109375,5.28588029296856,-0.2545771787296385,0.04938880062445605,0.0007288139897809742
2269,0.553955078125,5.312540679546453,-0.25588939481574213,0.04961595219930359,0.000731802839879947
2270,0.55419921875,5.339201066124346,-0.2572016109018457,0.049843103774207975,0.0007347916899220763
2271,0.554443359375,5.365861452702248,-0.25851382698794967,0.050070255349055515,0.0007377805400210491
2272,0.5546875,5.392521839280141,-0.25982604307405327,0.0502974069239599,0.0007407693901200219
2273,0.554931640625,5.419182225858034,-0.26113825916015687,0.05052455849886428,0.0007437582401621512
2274,0.55517578125,5.445842612435928,-0.26245047524626053,0.05075171007371182,0.000746747090261124
2275,0.555419921875,5.4725029990138205,-0.2637626913323641,0.0509788616486162,0.0007497359403032533
2276,0.5556640625,5.4991633855917215,-0.26507490741846806,0.051206013223520586,0.0007527247904022261
2277,0.555908203125,5.525823772169615,-0.26638712350457167,0.051433164798368125,0.0007557136405011988
2278,0.55615234375,5.552484158747508,-0.26769933959067527,0.05166031637327251,0.0007587024905433282
2279,0.556396484375,5.579144545325402,-0.26901155567677887,0.05188746794812005,0.0007616913406423009
2280,0.556640625,5.605804931903295,-0.27032377176288247,0.05211461952302443,0.0007646801907412737
2281,0.556884765625,5.632465318481197,-0.27163598784898646,0.05234177109792881,0.000767669040783403
2282,0.55712890625,5.659125705059089,-0.27294820393509006,0.05256892267277635,0.0007706578908823758
2283,0.557373046875,5.685786091636984,-0.27426042002119366,0.052796074247680735,0.0007736467409813486
2284,0.5576171875,5.712446478214876,-0.27557263610729726,0.053023225822528275,0.0007766355910234779
2285,0.557861328125,5.73910686479277,-0.2768848521934009,0.05325037739743266,0.0007796244411224507
2286,0.55810546875,5.76576725137067,-0.27819706827950486,0.05347752897233704,0.00078261329116458
2287,0.558349609375,5.792427637948563,-0.2795092843656084,0.05370468054718458,0.0007856021412635528
2288,0.55859375,5.819088024526457,-0.28082150045171206,0.05393183212208896,0.0007885909913625255
2289,0.558837890625,5.845748411104351,-0.28213371653781566,0.054158983696993346,0.0007915798414046549
2290,0.55908203125,5.872408797682243,-0.2834459326239193,0.054386135271840885,0.0007945686915036276
2291,0.559326171875,5.899069184260145,-0.28475814871002325,0.05461328684674527,0.0007975575416026004
2292,0.5595703125,5.926441750211321,-0.28611188577796826,0.05484114078223001,0.0008003989263443145
2293,0.559814453125,5.953992361005816,-0.28747600309137356,0.05506917030788827,0.0008032034447751357
2294,0.56005859375,5.981542971800312,-0.2888401204047789,0.055297199833489685,0.0008060079632628003
2295,0.560302734375,6.00909358259481,-0.29020423771818427,0.05552522935914794,0.0008088124816936215
2296,0.560546875,6.036644193389313,-0.29156835503159,0.0557532588848062,0.0008116170001244427
2297,0.560791015625,6.06419480418381,-0.29293247234499536,0.055981288410407615,0.0008144215185552639
2298,0.56103515625,6.091745414978306,-0.29429658965840066,0.05620931793606587,0.0008172260370429285
2299,0.561279296875,6.119296025772803,-0.295660706971806,0.05643734746172413,0.0008200305554737497
2300,0.5615234375,6.1468466365672985,-0.2970248242852114,0.056665376987325544,0.0008228350739045709
2301,0.561767578125,6.174397247361803,-0.2983889415986171,0.0568934065129838,0.0008256395923353921
2302,0.56201171875,6.2019478581562995,-0.2997530589120224,0.05712143603864206,0.0008284441108230567
2303,0.562255859375,6.229498468950796,-0.3011171762254278,0.057349465564243474,0.0008312486292538779
2304,0.5625,6.257049079745292,-0.3024812935388331,0.05757749508990173,0.0008340531476846991
2305,0.562744140625,6.284599690539789,-0.30384541085223843,0.05780552461555999,0.0008368576661155203
2306,0.56298828125,6.3121503013342934,-0.3052095281656442,0.0580335541411614,0.0008396621845463415
2307,0.563232421875,6.339700912128789,-0.30657364547904953,0.05826158366681966,0.0008424667030340061
2308,0.5634765625,6.367251522923286,-0.3079377627924548,0.05848961319247792,0.0008452712214648272
2309,0.563720703125,6.394802133717782,-0.3093018801058602,0.05871764271807933,0.0008480757398956484
2310,0.56396484375,6.4223527445122786,-0.3106659974192655,0.05894567224373759,0.0008508802583264696
2311,0.564208984375,6.449903355306781,-0.3120301147326712,0.05917370176939585,0.0008536847768141342
2312,0.564453125,6.477453966101279,-0.3133942320460766,0.05940173129499726,0.0008564892952449554
2313,0.564697265625,6.505004576895776,-0.31475834935948194,0.05962976082065552,0.0008592938136757766
2314,0.56494140625,6.532555187690271,-0.3161224666728873,0.05985779034631378,0.0008620983321065978
2315,0.565185546875,6.560105798484768,-0.31748658398629265,0.06008581987191519,0.0008649028505942624
2316,0.5654296875,6.587656409279272,-0.3188507012996984,0.06031384939757345,0.0008677073690250836
2317,0.565673828125,6.615403476440273,-0.32022610487763437,0.06054207644064036,0.0008704694635071064
2318,0.56591796875,6.64393636906729,-0.3216466535136934,0.0607710935535124,0.0008730618623644659
2319,0.566162109375,6.672469261694307,-0.3230672021497524,0.061000110666384444,0.000875654261164982
2320,0.56640625,6.701002154321324,-0.3244877507858113,0.06122912777925649,0.0008782466599654981
2321,0.566650390625,6.7295350469483495,-0.3259082994218708,0.06145814489218537,0.0008808390587660142
2322,0.56689453125,6.758067939575366,-0.3273288480579298,0.06168716200505742,0.0008834314575665303
2323,0.567138671875,6.7866008322023825,-0.3287493966939887,0.06191617911792946,0.0008860238564238898
2324,0.5673828125,6.8151337248293995,-0.3301699453300477,0.0621451962308015,0.0008886162552244059
2325,0.567626953125,6.8436666174564165,-0.3315904939661067,0.062374213343673546,0.000891208654024922
2326,0.56787109375,6.872199510083441,-0.3330110426021661,0.06260323045654559,0.0008938010528254381
2327,0.568115234375,6.900732402710458,-0.334431591238225,0.06283224756941763,0.0008963934516259542
2328,0.568359375,6.929265295337477,-0.335852139874284,0.06306126468228967,0.0008989858504833137
2329,0.568603515625,6.957798187964494,-0.33727268851034303,0.06329028179516172,0.0009015782492838298
2330,0.56884765625,6.98633108059151,-0.338693237146402,0.06351929890803376,0.0009041706480843459
2331,0.569091796875,7.014863973218535,-0.3401137857824613,0.0637483160209058,0.000906763046884862
2332,0.5693359375,7.043396865845552,-0.3415343344185203,0.06397733313377785,0.0009093554456853781
2333,0.569580078125,7.071929758472569,-0.34295488305457933,0.06420635024664989,0.0009119478444858942
2334,0.56982421875,7.100462651099587,-0.3443754316906383,0.06443536735952193,0.0009145402433432537
2335,0.570068359375,7.128995543726604,-0.3457959803266972,0.06466438447239398,0.0009171326421437698
2336,0.5703125,7.157528436353629,-0.3472165289627567,0.06489340158526602,0.0009197250409442859
2337,0.570556640625,7.186061328980646,-0.3486370775988157,0.06512241869813806,0.000922317439744802
2338,0.57080078125,7.214594221607662,-0.35005762623487463,0.0653514358110101,0.000924909838545318
2339,0.571044921875,7.24312711423468,-0.3514781748709336,0.06558045292388215,0.0009275022374026776
2340,0.5712890625,7.271660006861697,-0.3528987235069926,0.06580947003675419,0.0009300946362031937
2341,0.571533203125,7.300192899488723,-0.354319272143052,0.06603848714962623,0.0009326870350037098
2342,0.57177734375,7.32872579211574,-0.3557398207791109,0.06626750426249828,0.0009352794338042258
2343,0.572021484375,7.357902611774764,-0.3571962773986822,0.06649718078369915,0.0009377264216823278
2344,0.572265625,7.387508716121794,-0.3586766726739282,0.06672729691041468,0.0009400764688507479
2345,0.572509765625,7.417114820468826,-0.36015706794917435,0.06695741303713021,0.0009424265160760115
2346,0.57275390625,7.446720924815864,-0.3616374632244208,0.06718752916384574,0.000944776563301275
2347,0.572998046875,7.476327029162896,-0.3631178584996669,0.06741764529056127,0.0009471266105265386
2348,0.5732421875,7.5059331335099255,-0.36459825377491295,0.06764776141733364,0.0009494766577518021
2349,0.573486328125,7.5355392378569555,-0.36607864905015897,0.06787787754404917,0.0009518267049770657
2350,0.57373046875,7.565145342203986,-0.3675590443254051,0.0681079936707647,0.0009541767521454858
2351,0.573974609375,7.594751446551026,-0.36903943960065155,0.06833810979748023,0.0009565267993707494
2352,0.57421875,7.624357550898056,-0.3705198348758976,0.06856822592419576,0.0009588768465960129
2353,0.574462890625,7.653963655245086,-0.37200023015114364,0.06879834205091129,0.0009612268938212765
2354,0.57470703125,7.683569759592118,-0.37348062542638977,0.06902845817762682,0.00096357694104654
2355,0.574951171875,7.713175863939148,-0.3749610207016358,0.06925857430434235,0.0009659269882149601
2356,0.5751953125,7.742781968286186,-0.3764414159768823,0.06948869043111472,0.0009682770354402237
2357,0.575439453125,7.772388072633218,-0.37792181125212837,0.06971880655783025,0.0009706270826654873
2358,0.57568359375,7.801994176980248,-0.3794022065273744,0.06994892268454578,0.0009729771298907508
2359,0.575927734375,7.831600281327278,-0.3808826018026205,0.07017903881126131,0.0009753271771160144
2360,0.576171875,7.861206385674308,-0.38236299707786653,0.07040915493797684,0.0009776772242844345
2361,0.576416015625,7.890812490021348,-0.38384339235311304,0.07063927106469237,0.000980027271509698
2362,0.57666015625,7.920418594368378,-0.38532378762835906,0.0708693871914079,0.0009823773187349616
2363,0.576904296875,7.950024698715408,-0.3868041829036052,0.07109950331812342,0.0009847273659602251
2364,0.5771484375,7.97963080306244,-0.3882845781788512,0.07132961944483895,0.0009870774131854887
2365,0.577392578125,8.00923690740947,-0.3897649734540973,0.07155973557161133,0.0009894274604107522
2366,0.57763671875,8.03884301175651,-0.3912453687293438,0.07178985169832686,0.0009917775075791724
2367,0.577880859375,8.06844911610354,-0.3927257640045898,0.07201996782504239,0.000994127554804436
2368,0.578125,8.09805522045057,-0.39420615927983593,0.07225008395175792,0.0009964776020296995
2369,0.578369140625,8.12882394919804,-0.3957482080056695,0.07248141086864734,0.0009985524766307208
2370,0.57861328125,8.159592677945508,-0.3972902567315031,0.07271273778559362,0.001000627351231742
2371,0.578857421875,8.190361406692986,-0.39883230545733717,0.07294406470248305,0.0010027022258327634
2372,0.5791015625,8.221130135440456,-0.4003743541831707,0.07317539161942932,0.001004777100490628
2373,0.579345703125,8.251898864187924,-0.40191640290900427,0.07340671853631875,0.0010068519750916494
2374,0.57958984375,8.282667592935393,-0.40345845163483784,0.07363804545326502,0.0010089268496926707
2375,0.579833984375,8.313436321682861,-0.4050005003606715,0.07386937237015445,0.001011001724293692
2376,0.580078125,8.344205050430341,-0.40654254908650544,0.07410069928710072,0.0010130765988947132
2377,0.580322265625,8.37497377917781,-0.4080845978123391,0.07433202620399015,0.0010151514734957345
2378,0.58056640625,8.405742507925279,-0.4096266465381727,0.07456335312093643,0.0010172263481535992
2379,0.580810546875,8.436511236672748,-0.4111686952640063,0.07479468003782586,0.0010193012227546205
2380,0.5810546875,8.467279965420216,-0.4127107439898399,0.07502600695471529,0.0010213760973556418
2381,0.581298828125,8.498048694167696,-0.4142527927156739,0.07525733387166156,0.0010234509719566631
2382,0.58154296875,8.528817422915164,-0.4157948414415075,0.07548866078855099,0.0010255258465576844
2383,0.581787109375,8.559586151662634,-0.41733689016734105,0.07571998770549726,0.0010276007211587057
2384,0.58203125,8.590354880410104,-0.4188789388931747,0.07595131462238669,0.0010296755958165704
2385,0.582275390625,8.621123609157571,-0.42042098761900826,0.07618264153933296,0.0010317504704175917
2386,0.58251953125,8.651892337905052,-0.42196303634484233,0.07641396845622239,0.001033825345018613
2387,0.582763671875,8.682661066652518,-0.42350508507067586,0.07664529537316866,0.0010359002196196343
2388,0.5830078125,8.713429795399989,-0.42504713379650944,0.0768766222900581,0.0010379750942206556
2389,0.583251953125,8.744198524147457,-0.42658918252234307,0.07710794920700437,0.0010400499688216769
2390,0.58349609375,8.774967252894927,-0.42813123124817665,0.0773392761238938,0.0010421248434226982
2391,0.583740234375,8.805735981642405,-0.42967327997401067,0.07757060304078323,0.0010441997180805629
2392,0.583984375,8.836504710389875,-0.43121532869984425,0.0778019299577295,0.0010462745926815842
2393,0.584228515625,8.867273439137342,-0.4327573774256779,0.07803325687461893,0.0010483494672826055
2394,0.58447265625,8.89854219593249,-0.43432393077619236,0.07826511221014698,0.0010503000743256052
2395,0.584716796875,8.93056099479916,-0.4359272410637281,0.07849776017349086,0.0010520642800315727
2396,0.5849609375,8.962579793665837,-0.4375305513512643,0.07873040813683474,0.0010538284856806968
2397,0.585205078125,8.994598592532505,-0.43913386163879997,0.07896305610017862,0.0010555926913866642
2398,0.58544921875,9.026617391399173,-0.44073717192633577,0.0791957040635225,0.0010573568970926317
2399,0.585693359375,9.05863619026584,-0.4423404822138715,0.07942835202686638,0.0010591211027417557
2400,0.5859375,9.090654989132508,-0.44394379250140725,0.0796609999902671,0.0010608853084477232
2401,0.586181640625,9.122673787999187,-0.44554710278894344,0.07989364795361098,0.0010626495141536907
2402,0.58642578125,9.154692586865854,-0.4471504130764792,0.08012629591695486,0.0010644137198028147
2403,0.586669921875,9.186711385732522,-0.448753723364015,0.08035894388029874,0.0010661779255087822
2404,0.5869140625,9.218730184599188,-0.45035703365155066,0.08059159184364262,0.0010679421312147497
2405,0.587158203125,9.25074898346586,-0.4519603439390864,0.0808242398069865,0.0010697063368638737
2406,0.58740234375,9.282767782332536,-0.4535636542266226,0.08105688777033038,0.0010714705425698412
2407,0.587646484375,9.314786581199202,-0.4551669645141584,0.08128953573367426,0.0010732347482758087
2408,0.587890625,9.346805380065872,-0.45677027480169413,0.08152218369707498,0.0010749989539817761
2409,0.588134765625,9.37882417893254,-0.4583735850892299,0.08175483166041886,0.0010767631596309002
2410,0.58837890625,9.410842977799208,-0.4599768953767656,0.08198747962376274,0.0010785273653368677
2411,0.588623046875,9.442861776665884,-0.46158020566430186,0.08222012758710662,0.0010802915710428351
2412,0.5888671875,9.474880575532552,-0.4631835159518376,0.0824527755504505,0.0010820557766919592
2413,0.589111328125,9.50689937439922,-0.4647868262393733,0.08268542351379438,0.0010838199823979267
2414,0.58935546875,9.538918173265888,-0.46639013652690897,0.08291807147713826,0.0010855841881038941
2415,0.589599609375,9.570936972132557,-0.4679934468144448,0.08315071944053898,0.0010873483937530182
2416,0.58984375,9.602955770999234,-0.469596757101981,0.08338336740388286,0.0010891125994589856
2417,0.590087890625,9.6349745698659,-0.4712000673895167,0.08361601536722674,0.0010908768051649531
2418,0.59033203125,9.666993368732571,-0.4728033776770525,0.08384866333057062,0.0010926410108140772
2419,0.590576171875,9.699012167599237,-0.47440668796458824,0.0840813112939145,0.0010944052165200446
2420,0.5908203125,9.732098998345629,-0.4760563840320666,0.08431510122198915,0.0010958903436630862
2421,0.591064453125,9.765452837061963,-0.4777176765445311,0.08454917664118966,0.0010973057011369747
2422,0.59130859375,9.798806675778286,-0.4793789690569952,0.08478325206039017,0.0010987210585540197
2423,0.591552734375,9.83216051449461,-0.48104026156945917,0.08501732747959068,0.0011001364160279081
2424,0.591796875,9.865514353210934,-0.4827015540819233,0.08525140289884803,0.0011015517735017966
2425,0.592041015625,9.898868191927257,-0.4843628465943873,0.08548547831804854,0.001102967130975685
2426,0.59228515625,9.93222203064359,-0.4860241391068518,0.08571955373724904,0.0011043824884495734
2427,0.592529296875,9.965575869359915,-0.48768543161931593,0.0859536291565064,0.0011057978459234619
2428,0.5927734375,9.998929708076238,-0.4893467241317799,0.0861877045757069,0.0011072132033973503
2429,0.593017578125,10.032283546792563,-0.4910080166442439,0.08642177999490741,0.0011086285608712387
2430,0.59326171875,10.065637385508886,-0.492669309156708,0.08665585541410792,0.0011100439183451272
2431,0.593505859375,10.09899122422522,-0.49433060166917253,0.08688993083336527,0.0011114592758190156
2432,0.59375,10.132345062941543,-0.4959918941816366,0.08712400625256578,0.001112874633292904
2433,0.593994140625,10.165698901657866,-0.4976531866941006,0.08735808167176629,0.0011142899907667925
2434,0.59423828125,10.19905274037419,-0.4993144792065646,0.08759215709102364,0.001115705348240681
2435,0.594482421875,10.232406579090512,-0.5009757717190287,0.08782623251022414,0.0011171207057145693
2436,0.5947265625,10.265760417806847,-0.5026370642314932,0.08806030792942465,0.0011185360631884578
2437,0.594970703125,10.299114256523168,-0.5042983567439572,0.08829438334862516,0.0011199514206623462
2438,0.59521484375,10.332468095239493,-0.5059596492564212,0.08852845876788251,0.0011213667781362346
2439,0.595458984375,10.365821933955818,-0.5076209417688853,0.08876253418708302,0.001122782135610123
2440,0.595703125,10.39917577267214,-0.5092822342813493,0.08899660960628353,0.0011241974930840115
2441,0.595947265625,10.432529611388476,-0.5109435267938139,0.08923068502554088,0.0011256128505579
2442,0.59619140625,10.465883450104798,-0.5126048193062779,0.08946476044474139,0.0011270282080317884
2443,0.596435546875,10.499237288821123,-0.5142661118187419,0.0896988358639419,0.0011284435654488334
2444,0.5966796875,10.532591127537446,-0.515927404331206,0.0899329112831424,0.0011298589229227218
2445,0.596923828125,10.566228359716582,-0.5175989026455629,0.09016729214516772,0.0011311963571074557
2446,0.59716796875,10.600999165746977,-0.5193112241674914,0.09040289477826491,0.0011322220980218844
2447,0.597412109375,10.63576997177736,-0.5210235456894194,0.0906384974113621,0.0011332478389363132
2448,0.59765625,10.670540777807748,-0.5227358672113476,0.09087410004445928,0.001134273579850742
2449,0.597900390625,10.705311583838132,-0.5244481887332756,0.09110970267755647,0.0011352993208220141
2450,0.59814453125,10.740082389868519,-0.5261605102552036,0.09134530531065366,0.0011363250617364429
2451,0.598388671875,10.774853195898915,-0.5278728317771322,0.09158090794375084,0.0011373508026508716
2452,0.5986328125,10.8096240019293,-0.5295851532990603,0.09181651057684803,0.0011383765435653004
2453,0.598876953125,10.844394807959684,-0.5312974748209884,0.09205211320994522,0.0011394022844797291
2454,0.59912109375,10.879165613990072,-0.5330097963429163,0.0922877158430424,0.0011404280253941579
2455,0.599365234375,10.913936420020455,-0.5347221178648446,0.0925233184761396,0.00114145376636543
2456,0.599609375,10.948707226050852,-0.536434439386773,0.09275892110929362,0.0011424795072798588
2457,0.599853515625,10.983478032081239,-0.5381467609087012,0.09299452374239081,0.0011435052481942876
2458,0.60009765625,11.018248838111623,-0.5398590824306292,0.093230126375488,0.0011445309891087163
2459,0.600341796875,11.053019644142008,-0.5415714039525572,0.09346572900858519,0.001145556730023145
2460,0.6005859375,11.087790450172395,-0.5432837254744852,0.09370133164168237,0.0011465824709375738
2461,0.600830078125,11.122561256202792,-0.5449960469964138,0.09393693427477956,0.001147608211908846
2462,0.60107421875,11.157332062233175,-0.546708368518342,0.09417253690787675,0.0011486339528232747
2463,0.601318359375,11.192102868263563,-0.54842069004027,0.09440813954097393,0.0011496596937377035
2464,0.6015625,11.226873674293946,-0.5501330115621981,0.09464374217407112,0.0011506854346521322
2465,0.601806640625,11.261644480324332,-0.5518453330841261,0.09487934480716831,0.001151711175566561
2466,0.60205078125,11.296415286354728,-0.5535576546060548,0.0951149474402655,0.0011527369164809897
2467,0.602294921875,11.331186092385112,-0.5552699761279827,0.09535055007336268,0.0011537626573954185
2468,0.6025390625,11.365956898415499,-0.5569822976499108,0.09558615270645987,0.0011547883983666907
2469,0.602783203125,11.400727704445886,-0.5586946191718389,0.09582175533955706,0.0011558141392811194
2470,0.60302734375,11.43549851047627,-0.560406940693767,0.09605735797265424,0.0011568398801955482
2471,0.603271484375,11.47116645565114,-0.5621429755928988,0.09629393082167326,0.0011576059698086283
2472,0.603515625,11.507432493588983,-0.5638948194101656,0.09653115048121208,0.0011581989585351948
2473,0.603759765625,11.543698531526827,-0.5656466632274325,0.09676837014080775,0.0011587919472617614
2474,0.60400390625,11.57996456946467,-0.5673985070446992,0.09700558980040341,0.001159384935988328
2475,0.604248046875,11.616230607402512,-0.5691503508619661,0.09724280945994224,0.0011599779247148945
2476,0.6044921875,11.652496645340367,-0.5709021946792334,0.0974800291195379,0.001160570913441461
2477,0.604736328125,11.688762683278211,-0.5726540384965001,0.09771724877913357,0.0011611639021680276
2478,0.60498046875,11.725028721216054,-0.574405882313767,0.09795446843867239,0.001161756890894594
2479,0.605224609375,11.761294759153898,-0.5761577261310338,0.09819168809826806,0.0011623498796211607
2480,0.60546875,11.797560797091743,-0.5779095699483007,0.09842890775786373,0.0011629428683477272
2481,0.605712890625,11.833826835029594,-0.5796614137655681,0.09866612741740255,0.0011635358570742937
2482,0.60595703125,11.870092872967438,-0.5814132575828348,0.09890334707699822,0.0011641288458008603
2483,0.606201171875,11.906358910905281,-0.5831651014001016,0.09914056673659388,0.0011647218345274268
2484,0.6064453125,11.942624948843125,-0.5849169452173684,0.0993777863961327,0.0011653148232539934
2485,0.606689453125,11.97889098678097,-0.5866687890346353,0.09961500605572837,0.00116590781198056
2486,0.60693359375,12.015157024718823,-0.5884206328519025,0.09985222571532404,0.00116650080076397
2487,0.607177734375,12.051423062656665,-0.5901724766691694,0.10008944537486286,0.0011670937894905364
2488,0.607421875,12.087689100594508,-0.5919243204864363,0.10032666503445853,0.001167686778217103
2489,0.607666015625,12.123955138532352,-0.5936761643037031,0.10056388469399735,0.0011682797669436695
2490,0.60791015625,12.160221176470195,-0.5954280081209699,0.10080110435359302,0.001168872755670236
2491,0.608154296875,12.196487214408048,-0.5971798519382372,0.10103832401318869,0.0011694657443968026
2492,0.6083984375,12.232753252345892,-0.598931695755504,0.10127554367272751,0.0011700587331233692
2493,0.608642578125,12.269019290283737,-0.6006835395727708,0.10151276333232317,0.0011706517218499357
2494,0.60888671875,12.30528532822158,-0.6024353833900377,0.10174998299191884,0.0011712447105765023
2495,0.609130859375,12.341551366159422,-0.6041872272073046,0.10198720265145766,0.0011718376993030688
2496,0.609375,12.377817404097277,-0.6059390710245718,0.10222442231105333,0.0011724306880296353
2497,0.609619140625,12.4156526044012,-0.6077134130199435,0.10246333508189309,0.0011725458003866152
2498,0.60986328125,12.453487804705125,-0.6094877550153153,0.10270224785273285,0.001172660912743595
2499,0.610107421875,12.49132300500905,-0.6112620970106871,0.10294116062357261,0.0011727760251005748
2500,0.6103515625,12.529158205312974,-0.6130364390060588,0.10318007339435553,0.001172891137514398
2501,0.610595703125,12.566993405616907,-0.614810781001431,0.10341898616519529,0.0011730062498713778
2502,0.61083984375,12.604828605920831,-0.6165851229968029,0.10365789893603505,0.0011731213622283576
2503,0.611083984375,12.642663806224755,-0.6183594649921745,0.10389681170687481,0.0011732364745853374
2504,0.611328125,12.68049900652868,-0.6201338069875464,0.10413572447771458,0.0011733515869423172
2505,0.611572265625,12.718334206832605,-0.6219081489829181,0.10437463724855434,0.001173466699299297
2506,0.61181640625,12.756169407136538,-0.6236824909782903,0.1046135500193941,0.0011735818116562768
2507,0.612060546875,12.794004607440463,-0.6254568329736621,0.10485246279017701,0.0011736969240132566
2508,0.6123046875,12.831839807744387,-0.6272311749690338,0.10509137556101678,0.0011738120364270799
2509,0.612548828125,12.869675008048311,-0.6290055169644055,0.10533028833185654,0.0011739271487840597
2510,0.61279296875,12.907510208352234,-0.6307798589597774,0.1055692011026963,0.0011740422611410395
2511,0.613037109375,12.94534540865617,-0.6325542009551496,0.10580811387353606,0.0011741573734980193
2512,0.61328125,12.983180608960092,-0.6343285429505213,0.10604702664437582,0.001174272485854999
2513,0.613525390625,13.021015809264018,-0.6361028849458932,0.10628593941515874,0.001174387598211979
2514,0.61376953125,13.058851009567942,-0.6378772269412648,0.1065248521859985,0.0011745027105689587
2515,0.614013671875,13.096686209871866,-0.6396515689366365,0.10676376495683826,0.0011746178229259385
2516,0.6142578125,13.134521410175802,-0.641425910932009,0.10700267772767802,0.0011747329353397618
2517,0.614501953125,13.172356610479726,-0.6432002529273806,0.10724159049851778,0.0011748480476967416
2518,0.61474609375,13.21019181078365,-0.6449745949227523,0.10748050326935754,0.0011749631600537214
2519,0.614990234375,13.248027011087572,-0.6467489369181241,0.1077194160401973,0.0011750782724107012
2520,0.615234375,13.285862211391496,-0.6485232789134959,0.10795832881098022,0.001175193384767681
2521,0.615478515625,13.323697411695433,-0.6502976209088682,0.10819724158181998,0.0011753084971246608
2522,0.61572265625,13.362187828387611,-0.652071532016658,0.10843685483871468,0.0011752138410088264
2523,0.615966796875,13.401661069662172,-0.6538447967930753,0.10867751882477705,0.0011748045322406142
2524,0.6162109375,13.441134310936734,-0.6556180615694925,0.10891818281078258,0.0011743952234155586
2525,0.616455078125,13.480607552211296,-0.6573913263459098,0.10915884679678811,0.001173985914590503
2526,0.61669921875,13.520080793485867,-0.6591645911223276,0.10939951078279364,0.0011735766058222907
2527,0.616943359375,13.55955403476043,-0.6609378558987448,0.10964017476885601,0.001173167296997235
2528,0.6171875,13.59902727603499,-0.662711120675162,0.10988083875486154,0.0011727579881721795
2529,0.617431640625,13.638500517309552,-0.6644843854515793,0.11012150274086707,0.0011723486794039673
2530,0.61767578125,13.677973758584114,-0.6662576502279963,0.1103621667268726,0.0011719393705789116
2531,0.617919921875,13.717446999858687,-0.6680309150044141,0.11060283071287813,0.001171530061753856
2532,0.6181640625,13.756920241133248,-0.6698041797808314,0.1108434946989405,0.0011711207529856438
2533,0.618408203125,13.796393482407808,-0.6715774445572485,0.11108415868494603,0.0011707114441605881
2534,0.61865234375,13.83586672368237,-0.6733507093336658,0.11132482267095156,0.0011703021353355325
2535,0.618896484375,13.875339964956932,-0.6751239741100831,0.11156548665695709,0.0011698928265104769
2536,0.619140625,13.914813206231507,-0.6768972388865007,0.11180615064296262,0.0011694835177422647
2537,0.619384765625,13.954286447506068,-0.6786705036629179,0.112046814629025,0.001169074208917209
2538,0.61962890625,13.99375968878063,-0.6804437684393352,0.11228747861503052,0.0011686649000921534
2539,0.619873046875,14.033232930055188,-0.6822170332157524,0.11252814260103605,0.0011682555913239412
2540,0.6201171875,14.072706171329749,-0.6839902979921697,0.11276880658704158,0.0011678462824988856
2541,0.620361328125,14.112179412604323,-0.6857635627685874,0.11300947057304711,0.00116743697367383
2542,0.62060546875,14.151652653878886,-0.6875368275450047,0.11325013455910948,0.0011670276649056177
2543,0.620849609375,14.191125895153446,-0.6893100923214218,0.11349079854511501,0.001166618356080562
2544,0.62109375,14.23059913642801,-0.6910833570978391,0.11373146253112054,0.0011662090472555064
2545,0.621337890625,14.27007237770257,-0.6928566218742563,0.11397212651712607,0.0011657997384872942
2546,0.62158203125,14.309545618977143,-0.694629886650674,0.11421279050318844,0.0011653904296622386
2547,0.621826171875,14.349018860251705,-0.6964031514270913,0.11445345448919397,0.001164981120837183
2548,0.6220703125,14.389852987936848,-0.6981505865256155,0.11469554779796454,0.0011641145357543792
2549,0.622314453125,14.431027337224638,-0.6998915642046665,0.1149379984374832,0.0011631336316213492
2550,0.62255859375,14.472201686512426,-0.7016325418837175,0.11518044907700187,0.0011621527274883192
2551,0.622802734375,14.513376035800226,-0.7033735195627691,0.11542289971652053,0.0011611718233552892
2552,0.623046875,14.554550385088016,-0.70511449724182,0.1156653503560392,0.0011601909192222593
2553,0.623291015625,14.595724734375805,-0.706855474920871,0.11590780099555786,0.0011592100150892293
2554,0.62353515625,14.636899083663593,-0.708596452599922,0.11615025163507653,0.0011582291108993559
2555,0.623779296875,14.678073432951383,-0.7103374302789729,0.1163927022745952,0.001157248206766326
2556,0.6240234375,14.719247782239185,-0.7120784079580244,0.11663515291405702,0.001156267302633296
2557,0.624267578125,14.760422131526973,-0.7138193856370754,0.11687760355357568,0.001155286398500266
2558,0.62451171875,14.801596480814764,-0.7155603633161265,0.11712005419309435,0.001154305494367236
2559,0.624755859375,14.842770830102552,-0.7173013409951775,0.11736250483261301,0.001153324590234206
2560,0.625,14.883945179390343,-0.7190423186742284,0.11760495547213168,0.001152343686101176
2561,0.625244140625,14.925119528678144,-0.7207832963532799,0.11784740611165034,0.0011513627819113026
2562,0.6254882812499999,14.96629387796592,-0.7225242740323304,0.11808985675116901,0.0011503818777782726
2563,0.625732421875,15.007468227253721,-0.7242652517113819,0.11833230739068767,0.0011494009736452426
2564,0.6259765625,15.048642576541523,-0.7260062293904334,0.11857475803020634,0.0011484200695122126
2565,0.626220703125,15.089816925829302,-0.7277472070694838,0.11881720866966816,0.0011474391653791827
2566,0.62646484375,15.130991275117102,-0.7294881847485353,0.11905965930918683,0.0011464582612461527
2567,0.6267089843749999,15.172165624404876,-0.7312291624275857,0.11930210994870549,0.0011454773570562793
2568,0.626953125,15.21333997369268,-0.7329701401066372,0.11954456058822416,0.0011444964529232493
2569,0.627197265625,15.25451432298048,-0.7347111177856886,0.11978701122774282,0.0011435155487902193
2570,0.62744140625,15.295688672268257,-0.7364520954647392,0.12002946186726149,0.0011425346446571893
2571,0.627685546875,15.33686302155606,-0.7381930731437908,0.12027191250678015,0.0011415537405241594
2572,0.6279296874999999,15.378037370843836,-0.7399340508228412,0.12051436314624198,0.0011405728363911294
2573,0.628173828125,15.419563233368843,-0.7416605813140941,0.12075717266071706,0.0011394682625791575
2574,0.62841796875,15.462495148842676,-0.7433293230541528,0.12100141767501782,0.0011378690103924782
2575,0.628662109375,15.505427064316486,-0.7449980647942105,0.12124566268926174,0.0011362697581489556
2576,0.62890625,15.548358979790319,-0.746666806534269,0.12148990770350565,0.001134670505905433
2577,0.6291503906249999,15.591290895264127,-0.7483355482743267,0.12173415271774957,0.0011330712536619103
2578,0.62939453125,15.634222810737963,-0.7500042900143852,0.12197839773199348,0.0011314720014183877
2579,0.629638671875,15.677154726211796,-0.7516730317544437,0.12222264274629424,0.0011298727492317084
2580,0.6298828125,15.720086641685606,-0.7533417734945014,0.12246688776053816,0.0011282734969881858
2581,0.630126953125,15.763018557159441,-0.75501051523456,0.12271113277478207,0.0011266742447446632
2582,0.6303710937499999,15.805950472633247,-0.7566792569746177,0.12295537778902599,0.0011250749925011405
2583,0.630615234375,15.848882388107082,-0.7583479987146762,0.12319962280332675,0.0011234757402576179
2584,0.630859375,15.891814303580917,-0.7600167404547348,0.12344386781757066,0.0011218764880140952
2585,0.631103515625,15.934746219054725,-0.7616854821947924,0.12368811283181458,0.001120277235827416
2586,0.63134765625,15.977678134528558,-0.7633542239348509,0.1239323578460585,0.0011186779835838934
2587,0.6315917968749999,16.020610050002368,-0.7650229656749086,0.12417660286035925,0.0011170787313403707
2588,0.6318359375,16.0635419654762,-0.7666917074149672,0.12442084787460317,0.001115479479096848
2589,0.632080078125,16.106473880950034,-0.7683604491550258,0.12466509288884708,0.0011138802268533254
2590,0.63232421875,16.149405796423842,-0.7700291908950834,0.124909337903091,0.0011122809746666462
2591,0.632568359375,16.192337711897675,-0.7716979326351421,0.12515358291739176,0.0011106817224231236
2592,0.6328124999999999,16.235269627371483,-0.7733666743751996,0.12539782793163567,0.001109082470179601
2593,0.633056640625,16.278201542845316,-0.7750354161152582,0.1256420729458796,0.0011074832179360783
2594,0.63330078125,16.321133458319153,-0.7767041578553168,0.12588631796018035,0.0011058839656925556
2595,0.633544921875,16.36406537379296,-0.7783728995953745,0.12613056297442427,0.0011042847135058764
2596,0.6337890625,16.406997289266794,-0.780041641335433,0.12637480798866818,0.0011026854612623538
2597,0.6340332031249999,16.449929204740606,-0.7817103830754907,0.1266190530029121,0.0011010862090188311
2598,0.63427734375,16.49286112021444,-0.7833791248155493,0.126863298017156,0.0010994869567753085
2599,0.634521484375,16.536876986369283,-0.7849746587694418,0.1271086044656613,0.001097489705045973
2600,0.634765625,16.581615486311446,-0.786521387532556,0.12735461853702645,0.0010952271202882002
2601,0.635009765625,16.626353986253633,-0.7880681162956712,0.12760063260833476,0.0010929645355304274
2602,0.6352539062499999,16.671092486195796,-0.7896148450587855,0.12784664667964307,0.0010907019507726545
2603,0.635498046875,16.71583098613798,-0.7911615738219007,0.12809266075100822,0.0010884393660148817
2604,0.6357421875,16.76056948608017,-0.7927083025850159,0.12833867482231653,0.0010861767812571088
2605,0.635986328125,16.80530798602233,-0.7942550313481302,0.12858468889362484,0.0010839141965561794
2606,0.63623046875,16.85004648596452,-0.7958017601112454,0.12883070296499,0.0010816516117984065
2607,0.6364746093749999,16.894784985906682,-0.7973484888743596,0.1290767170362983,0.0010793890270406337
2608,0.63671875,16.939523485848866,-0.7988952176374748,0.12932273110766346,0.0010771264422828608
2609,0.636962890625,16.984261985791054,-0.8004419464005901,0.12956874517897177,0.001074863857525088
2610,0.63720703125,17.029000485733214,-0.8019886751637043,0.12981475925028008,0.001072601272767315
2611,0.637451171875,17.0737389856754,-0.8035354039268195,0.13006077332164523,0.0010703386880095422
2612,0.6376953124999999,17.118477485617564,-0.8050821326899339,0.13030678739295354,0.0010680761033086128
2613,0.637939453125,17.163215985559752,-0.8066288614530489,0.13055280146426185,0.00106581351855084
2614,0.63818359375,17.20795448550194,-0.8081755902161641,0.130798815535627,0.001063550933793067
2615,0.638427734375,17.2526929854441,-0.8097223189792786,0.1310448296069353,0.0010612883490352942
2616,0.638671875,17.297431485386287,-0.8112690477423936,0.13129084367824362,0.0010590257642775214
2617,0.6389160156249999,17.34216998532845,-0.812815776505508,0.13153685774960877,0.0010567631795197485
2618,0.63916015625,17.386908485270634,-0.8143625052686232,0.13178287182091708,0.0010545005947619757
2619,0.639404296875,17.431646985212826,-0.8159092340317383,0.1320288858922254,0.0010522380100042028
2620,0.6396484375,17.476385485154985,-0.8174559627948526,0.13227489996359054,0.00104997542524643
2621,0.639892578125,17.521123985097173,-0.8190026915579679,0.13252091403489885,0.0010477128405455005
2622,0.6401367187499999,17.565862485039336,-0.820549420321082,0.13276692810620716,0.0010454502557877277
2623,0.640380859375,17.61060098498152,-0.8220961490841973,0.1330129421775723,0.0010431876710299548
2624,0.640625,17.65533948492371,-0.8236428778473123,0.13325895624888062,0.001040925086272182
2625,0.640869140625,17.70192528586581,-0.8250069605160958,0.1335066755605112,0.0010379576323202855
2626,0.64111328125,17.748511086807927,-0.8263710431848799,0.1337543948721418,0.0010349901783115456
2627,0.6413574218749999,17.79509688775002,-0.827735125853663,0.1340021141837724,0.0010320227243596491
2628,0.6416015625,17.841682688692142,-0.8290992085224472,0.13424983349540298,0.0010290552704077527
2629,0.641845703125,17.888268489634264,-0.8304632911912313,0.13449755280703357,0.0010260878164558562
2630,0.64208984375,17.934854290576364,-0.8318273738600146,0.13474527211866416,0.0010231203624471163
2631,0.642333984375,17.981440091518483,-0.8331914565287986,0.13499299143029475,0.0010201529084952199
2632,0.6425781249999999,18.028025892460576,-0.8345555391975821,0.13524071074192534,0.0010171854545433234
2633,0.642822265625,18.0746116934027,-0.835919621866366,0.13548843005355593,0.001014218000591427
2634,0.64306640625,18.12119749434482,-0.8372837045351502,0.13573614936518652,0.001011250546582687
2635,0.643310546875,18.16778329528692,-0.8386477872039334,0.1359838686768171,0.0010082830926307906
2636,0.6435546875,18.214369096229042,-0.8400118698727176,0.1362315879884477,0.0010053156386788942
2637,0.6437988281249999,18.260954897171136,-0.841375952541501,0.1364793073000783,0.0010023481847269977
2638,0.64404296875,18.307540698113257,-0.842740035210285,0.13672702661170888,0.0009993807307182578
2639,0.644287109375,18.35412649905538,-0.844104117879069,0.13697474592333947,0.0009964132767663614
2640,0.64453125,18.400712299997473,-0.8454682005478524,0.13722246523497006,0.000993445822814465
2641,0.644775390625,18.447298100939594,-0.8468322832166365,0.1374701845466575,0.000990478368805725
2642,0.6450195312499999,18.49388390188169,-0.8481963658854198,0.13771790385828808,0.0009875109148538286
2643,0.645263671875,18.540469702823813,-0.8495604485542039,0.13796562316991867,0.0009845434609019321
2644,0.6455078125,18.587055503765935,-0.8509245312229881,0.13821334248154926,0.0009815760069500357
2645,0.645751953125,18.63364130470803,-0.8522886138917714,0.13846106179317985,0.0009786085529412958
2646,0.64599609375,18.68022710565015,-0.8536526965605554,0.13870878110481044,0.0009756410989893993
2647,0.6462402343749999,18.726812906592247,-0.8550167792293387,0.13895650041644103,0.0009726736450375029
2648,0.646484375,18.773398707534373,-0.8563808618981229,0.13920421972807162,0.0009697061910856064
2649,0.646728515625,18.81998450847649,-0.857744944566907,0.1394519390397022,0.0009667387370768665
2650,0.64697265625,18.86732183915448,-0.8590070091996258,0.13970029735048684,0.0009634749183646818
2651,0.647216796875,18.915786464436344,-0.860116046778248,0.1399496141600025,0.0009597665523983778
2652,0.6474609374999999,18.964251089718182,-0.8612250843568698,0.1401989309695182,0.0009560581864889173
2653,0.647705078125,19.01271571500004,-0.8623341219354922,0.14044824777903386,0.0009523498205226133
2654,0.64794921875,19.061180340281908,-0.8634431595141145,0.14069756458854954,0.0009486414546131527
2655,0.648193359375,19.109644965563742,-0.8645521970927363,0.14094688139812206,0.0009449330886468488
2656,0.6484375,19.158109590845605,-0.8656612346713588,0.14119619820763774,0.0009412247227373882
2657,0.6486816406249999,19.206574216127443,-0.8667702722499806,0.1414455150171534,0.0009375163568279277
2658,0.64892578125,19.255038841409306,-0.8678793098286027,0.1416948318266691,0.0009338079908616237
2659,0.649169921875,19.30350346669117,-0.8689883474072253,0.14194414863618476,0.0009300996249521631
2660,0.6494140625,19.351968091973006,-0.870097384985847,0.14219346544570044,0.0009263912589858592
2661,0.649658203125,19.400432717254866,-0.8712064225644695,0.14244278225521612,0.0009226828930763986
2662,0.6499023437499999,19.448897342536704,-0.8723154601430911,0.14269209906478864,0.0009189745271100946
2663,0.650146484375,19.497361967818566,-0.8734244977217134,0.1429414158743043,0.0009152661612006341
2664,0.650390625,19.545826593100426,-0.8745335353003358,0.14319073268382,0.0009115577952911735
2665,0.650634765625,19.59429121838226,-0.8756425728789575,0.14344004949333566,0.0009078494293248696
2666,0.65087890625,19.642755843664126,-0.8767516104575801,0.14368936630285134,0.000904141063415409
2667,0.6511230468749999,19.69122046894596,-0.8778606480362018,0.14393868311236702,0.000900432697449105
2668,0.6513671875,19.739685094227823,-0.878969685614824,0.14418799992193954,0.0008967243315396445
2669,0.651611328125,19.78814971950969,-0.8800787231934465,0.1444373167314552,0.0008930159655733405
2670,0.65185546875,19.836614344791524,-0.8811877607720682,0.1446866335409709,0.00088930759966388
2671,0.652099609375,19.885078970073383,-0.8822967983506906,0.14493595035048656,0.000885599233697576
2672,0.6523437499999999,19.933543595355225,-0.8834058359293123,0.14518526716000224,0.0008818908677881154
2673,0.652587890625,19.982008220637084,-0.8845148735079348,0.14543458396951792,0.0008781825018786549
2674,0.65283203125,20.030472845918947,-0.8856239110865571,0.1456839007790336,0.0008744741359123509
2675,0.653076171875,20.078937471200785,-0.8867329486651788,0.1459332175886061,0.0008707657700028903
2676,0.6533203125,20.128922282426423,-0.8875700395983817,0.14618368691856176,0.0008664421903290531
2677,0.6535644531249999,20.179287140137973,-0.8883391438702289,0.14643444437871267,0.0008619648072567543
2678,0.65380859375,20.229651997849555,-0.8891082481420766,0.14668520183880673,0.0008574874241844554
2679,0.654052734375,20.280016855561136,-0.8898773524139243,0.1469359592989008,0.0008530100411121566
2680,0.654296875,20.33038171327269,-0.8906464566857717,0.1471867167590517,0.0008485326579830144
2681,0.654541015625,20.38074657098427,-0.8914155609576192,0.14743747421914577,0.0008440552749107155
2682,0.6547851562499999,20.43111142869582,-0.8921846652294665,0.14768823167929668,0.0008395778918384167
2683,0.655029296875,20.481476286407407,-0.8929537695013143,0.14793898913939074,0.0008351005087661179
2684,0.6552734375,20.53184114411899,-0.893722873773162,0.1481897465994848,0.000830623125693819
2685,0.655517578125,20.582206001830542,-0.8944919780450092,0.14844050405963571,0.0008261457426215202
2686,0.65576171875,20.63257085954212,-0.8952610823168569,0.14869126151972978,0.0008216683594923779
2687,0.6560058593749999,20.682935717253674,-0.8960301865887041,0.14894201897988069,0.0008171909764200791
2688,0.65625,20.733300574965256,-0.8967992908605519,0.14919277643997475,0.0008127135933477803
2689,0.656494140625,20.783665432676838,-0.8975683951323996,0.14944353390006881,0.0008082362102754814
2690,0.65673828125,20.83403029038839,-0.8983374994042468,0.14969429136021972,0.0008037588272031826
2691,0.656982421875,20.884395148099973,-0.8991066036760946,0.1499450488203138,0.0007992814440740403
2692,0.6572265624999999,20.934760005811526,-0.8998757079479419,0.1501958062804647,0.0007948040610017415
2693,0.657470703125,20.985124863523108,-0.9006448122197894,0.15044656374055876,0.0007903266779294427
2694,0.65771484375,21.035489721234686,-0.9014139164916374,0.15069732120065282,0.0007858492948571438
2695,0.657958984375,21.085854578946243,-0.9021830207634846,0.15094807866080373,0.000781371911784845
2696,0.658203125,21.13621943665782,-0.9029521250353323,0.1511988361208978,0.0007768945287125462
2697,0.6584472656249999,21.18658429436938,-0.9037212293071795,0.1514495935810487,0.0007724171455834039
2698,0.65869140625,21.236949152080953,-0.9044903335790273,0.15170035104114277,0.0007679397625111051
2699,0.658935546875,21.28731400979254,-0.9052594378508749,0.15195110850123683,0.0007634623794388062
2700,0.6591796875,21.33767886750409,-0.9060285421227222,0.15220186596138774,0.0007589849963665074
2701,0.659423828125,21.3884258389219,-0.9067100930523364,0.15245286942581515,0.000754350349438937
2702,0.6596679687499999,21.440701265164588,-0.9070414306130155,0.15270485690757596,0.0007490866471471236
2703,0.659912109375,21.4929766914073,-0.9073727681736947,0.15295684438927992,0.0007438229448553102
2704,0.66015625,21.545252117650016,-0.9077041057343742,0.15320883187104073,0.0007385592425634968
2705,0.660400390625,21.5975275438927,-0.9080354432950533,0.15346081935280154,0.00073329554021484
2706,0.66064453125,21.64980297013541,-0.9083667808557325,0.1537128068345055,0.0007280318379230266
2707,0.6608886718749999,21.7020783963781,-0.9086981184164119,0.1539647943162663,0.0007227681356312132
2708,0.6611328125,21.754353822620814,-0.9090294559770912,0.1542167817980271,0.0007175044333393998
2709,0.661376953125,21.80662924886353,-0.9093607935377707,0.15446876927973108,0.0007122407310475865
2710,0.66162109375,21.858904675106213,-0.9096921310984497,0.15472075676149188,0.0007069770287557731
2711,0.661865234375,21.911180101348933,-0.910023468659129,0.1549727442432527,0.0007017133264071163
2712,0.6621093749999999,21.963455527591616,-0.9103548062198082,0.15522473172495665,0.0006964496241153029
2713,0.662353515625,22.01573095383433,-0.9106861437804876,0.15547671920671746,0.0006911859218234895
2714,0.66259765625,22.068006380077044,-0.9110174813411669,0.15572870668847827,0.0006859222195316761
2715,0.662841796875,22.12028180631973,-0.9113488189018462,0.15598069417023908,0.0006806585172398627
2716,0.6630859375,22.172557232562443,-0.9116801564625254,0.15623268165194304,0.0006753948149480493
2717,0.6633300781249999,22.224832658805127,-0.9120114940232046,0.15648466913370385,0.0006701311125993925
2718,0.66357421875,22.277108085047846,-0.912342831583884,0.15673665661546465,0.0006648674103075791
2719,0.663818359375,22.329383511290562,-0.9126741691445633,0.15698864409716862,0.0006596037080157657
2720,0.6640625,22.381658937533246,-0.9130055067052425,0.15724063157892942,0.0006543400057239523
2721,0.664306640625,22.43393436377596,-0.9133368442659219,0.15749261906069023,0.000649076303432139
2722,0.6645507812499999,22.48620979001865,-0.913668181826601,0.1577446065423942,0.0006438126011403256
2723,0.664794921875,22.53848521626136,-0.9139995193872804,0.157996594024155,0.0006385488988485122
2724,0.6650390625,22.590760642504076,-0.9143308569479597,0.1582485815059158,0.0006332851964998554
2725,0.665283203125,22.64303606874676,-0.9146621945086388,0.15850056898761977,0.000628021494208042
2726,0.66552734375,22.695311494989475,-0.9149935320693183,0.15875255646938058,0.0006227577919162286
2727,0.6657714843749999,22.748732221271908,-0.914995685370083,0.15900512098875197,0.0006170203806732388
2728,0.666015625,22.802916480914202,-0.9147783824975717,0.1592580701998827,0.000610967163481746
2729,0.666259765625,22.857100740556497,-0.9145610796250605,0.15951101941101342,0.0006049139462902531
2730,0.66650390625,22.91128500019876,-0.9143437767525492,0.15976396862214415,0.0005988607290987602
2731,0.666748046875,22.965469259841058,-0.9141264738800379,0.16001691783327487,0.0005928075119072673
2732,0.6669921874999999,23.019653519483317,-0.9139091710075267,0.1602698670444056,0.0005867542947157744
2733,0.667236328125,23.07383777912561,-0.9136918681350154,0.16052281625553633,0.0005807010775242816
2734,0.66748046875,23.12802203876791,-0.9134745652625038,0.16077576546666705,0.0005746478603327887
2735,0.667724609375,23.182206298410172,-0.9132572623899925,0.16102871467779778,0.0005685946431412958
2736,0.66796875,23.236390558052467,-0.9130399595174813,0.16128166388898535,0.0005625414259498029
2737,0.6682128906249999,23.290574817694733,-0.91282265664497,0.16153461310011608,0.0005564882087583101
2738,0.66845703125,23.344759077337027,-0.9126053537724588,0.1617875623112468,0.0005504349915668172
2739,0.668701171875,23.398943336979322,-0.9123880508999475,0.16204051152237753,0.0005443817743753243
2740,0.6689453125,23.453127596621584,-0.9121707480274361,0.16229346073350825,0.0005383285571838314
2741,0.669189453125,23.507311856263875,-0.9119534451549249,0.16254640994463898,0.0005322753399923386
2742,0.6694335937499999,23.561496115906145,-0.9117361422824136,0.1627993591557697,0.0005262221227440023
2743,0.669677734375,23.615680375548436,-0.9115188394099024,0.16305230836690043,0.0005201689055525094
2744,0.669921875,23.66986463519073,-0.9113015365373908,0.16330525757803116,0.0005141156883610165
2745,0.670166015625,23.724048894832997,-0.9110842336648797,0.1635582067891619,0.0005080624711695236
2746,0.67041015625,23.77823315447529,-0.9108669307923682,0.1638111560002926,0.0005020092539780308
2747,0.6706542968749999,23.83241741411755,-0.910649627919857,0.16406410521142334,0.0004959560367865379
2748,0.6708984375,23.88660167375985,-0.9104323250473457,0.16431705442255407,0.000489902819595045
2749,0.671142578125,23.94078593340214,-0.9102150221748344,0.1645700036336848,0.0004838496024035521
2750,0.67138671875,23.994970193044406,-0.9099977193023232,0.16482295284481552,0.00047779638521205925
2751,0.671630859375,24.0491544526867,-0.9097804164298119,0.16507590205594624,0.00047174316802056637
2752,0.6718749999999999,24.103338712328966,-0.9095631135573007,0.16532885126707697,0.0004656899508290735
2753,0.672119140625,24.159416945017067,-0.9086736298434926,0.1655824334872591,0.00045886187479027285
2754,0.67236328125,24.21549517770517,-0.9077841461296847,0.16583601570749806,0.0004520337987514722
2755,0.672607421875,24.27157341039324,-0.9068946624158772,0.1660895979276802,0.00044520572265582814
2756,0.6728515625,24.327651643081342,-0.9060051787020692,0.16634318014791916,0.0004383776466170275
2757,0.6730957031249999,24.38372987576941,-0.9051156949882617,0.16659676236810128,0.00043154957057822685
2758,0.67333984375,24.439808108457516,-0.9042262112744538,0.16685034458834025,0.0004247214945394262
2759,0.673583984375,24.495886341145617,-0.9033367275606459,0.16710392680852237,0.00041789341844378214
2760,0.673828125,24.55196457383369,-0.9024472438468384,0.16735750902876134,0.0004110653424049815
2761,0.674072265625,24.608042806521794,-0.9015577601330304,0.16761109124894347,0.00040423726636618085
2762,0.6743164062499999,24.66412103920986,-0.900668276419223,0.16786467346918243,0.0003974091903273802
2763,0.674560546875,24.720199271897965,-0.899778792705415,0.16811825568936456,0.00039058111428857956
2764,0.6748046875,24.776277504586066,-0.8988893089916071,0.16837183790960353,0.0003837530381929355
2765,0.675048828125,24.832355737274135,-0.8979998252777998,0.16862542012978565,0.00037692496215413485
2766,0.67529296875,24.88843396996224,-0.8971103415639917,0.16887900235002462,0.0003700968861153342
2767,0.6755371093749999,24.94451220265031,-0.8962208578501841,0.16913258457020675,0.00036326881007653355
2768,0.67578125,25.00059043533841,-0.8953313741363762,0.16938616679038887,0.0003564407340377329
2769,0.676025390625,25.05666866802651,-0.8944418904225683,0.16963974901062784,0.00034961265794208884
2770,0.67626953125,25.112746900714583,-0.8935524067087609,0.16989333123080996,0.0003427845819032882
2771,0.676513671875,25.168825133402684,-0.8926629229949529,0.17014691345104893,0.00033595650586448755
2772,0.6767578124999999,25.224903366090757,-0.8917734392811455,0.17040049567123106,0.0003291284298256869
2773,0.677001953125,25.28098159877886,-0.8908839555673376,0.17065407789147002,0.00032230035373004284
2774,0.67724609375,25.33705983146696,-0.8899944718535296,0.17090766011165215,0.0003154722776912422
2775,0.677490234375,25.393138064155032,-0.889104988139722,0.17116124233189112,0.00030864420165244155
2776,0.677734375,25.449216296843133,-0.888215504425914,0.17141482455207324,0.0003018161256136409
2777,0.6779785156249999,25.505294529531206,-0.8873260207121066,0.1716684067723122,0.00029498804957484026
2778,0.67822265625,25.56211870687048,-0.8861135668383379,0.17192208601244374,0.0002878647035799986
2779,0.678466796875,25.620061801186516,-0.8844166577246266,0.17217591078241412,0.00028029845276478227
2780,0.6787109375,25.67800489550252,-0.8827197486109165,0.17242973555244134,0.0002727322018927225
2781,0.678955078125,25.73594798981856,-0.8810228394972053,0.17268356032241172,0.0002651659510775062
2782,0.6791992187499999,25.793891084134565,-0.8793259303834952,0.17293738509243894,0.00025759970026228984
2783,0.679443359375,25.8518341784506,-0.8776290212697841,0.17319120986240932,0.0002500334493902301
2784,0.6796875,25.909777272766636,-0.8759321121560729,0.17344503463243655,0.00024246719857501375
2785,0.679931640625,25.96772036708264,-0.8742352030423628,0.17369885940246377,0.00023490094775979742
2786,0.68017578125,26.025663461398683,-0.8725382939286516,0.17395268417243415,0.00022733469688773766
2787,0.6804199218749999,26.083606555714685,-0.8708413848149414,0.17420650894246137,0.00021976844607252133
2788,0.6806640625,26.14154965003072,-0.8691444757012302,0.17446033371243175,0.000212202195257305
2789,0.680908203125,26.19949274434676,-0.8674475665875191,0.17471415848245897,0.00020463594438524524
2790,0.68115234375,26.257435838662765,-0.8657506574738089,0.17496798325242935,0.0001970696935700289
2791,0.681396484375,26.315378932978803,-0.8640537483600979,0.17522180802245657,0.00018950344275481257
2792,0.6816406249999999,26.3733220272948,-0.8623568392463876,0.17547563279242695,0.0001819371918827528
2793,0.681884765625,26.431265121610842,-0.8606599301326765,0.17572945756245417,0.00017437094106753648
2794,0.68212890625,26.48920821592688,-0.8589630210189654,0.1759832823324814,0.00016680469025232014
2795,0.682373046875,26.54715131024288,-0.8572661119052551,0.17623710710245177,0.0001592384393802604
2796,0.6826171875,26.60509440455892,-0.8555692027915441,0.176490931872479,0.00015167218856504405
2797,0.6828613281249999,26.663037498874925,-0.8538722936778339,0.17674475664244937,0.00014410593774982772
2798,0.68310546875,26.720980593190962,-0.8521753845641228,0.1769985814124766,0.00013653968687776796
2799,0.683349609375,26.778923687507,-0.8504784754504117,0.17725240618244698,0.00012897343606255163
2800,0.68359375,26.836866781823005,-0.8487815663367014,0.1775062309524742,0.00012140718524733529
2801,0.683837890625,26.894809876139043,-0.8470846572229904,0.17776005572250142,0.00011384093437527554
2802,0.6840820312499999,26.952752970455045,-0.8453877481092802,0.1780138804924718,0.0001062746835600592
2803,0.684326171875,27.010696064771082,-0.8436908389955691,0.17826770526249902,9.870843268799945e-05
2804,0.6845703125,27.070095382583006,-0.8412317785791701,0.17852136269442553,9.060227347390537e-05
2805,0.684814453125,27.12985875626887,-0.8385821803371003,0.1787749782918695,8.236113717430271e-05
2806,0.68505859375,27.189622129954767,-0.8359325820950291,0.17902859388931347,7.412000087470005e-05
2807,0.6853027343749999,27.249385503640628,-0.8332829838529593,0.17928220948675744,6.58788645750974e-05
2808,0.685546875,27.30914887732653,-0.8306333856108881,0.1795358250842014,5.763772821865132e-05
2809,0.685791015625,27.368912251012425,-0.8279837873688168,0.17978944068164537,4.939659191904866e-05
2810,0.68603515625,27.428675624698286,-0.825334189126747,0.18004305627908934,4.1155455619446e-05
2811,0.686279296875,27.48843899838418,-0.8226845908846758,0.1802966718765333,3.2914319262999925e-05
2812,0.6865234374999999,27.548202372070044,-0.820034992642606,0.18055028747397728,2.4673182963397267e-05
2813,0.686767578125,27.60796574575594,-0.8173853944005348,0.18080390307142125,1.643204666379461e-05
2814,0.68701171875,27.667729119441837,-0.8147357961584636,0.1810575186688652,8.19091036419195e-06
2815,0.687255859375,27.727492493127702,-0.8120861979163937,0.18131113426630918,-5.022599225412705e-08
2816,0.6875,27.787255866813595,-0.8094365996743226,0.18156474986375315,-8.291362291856785e-06
2817,0.6877441406249999,27.847019240499463,-0.8067870014322528,0.18181836546119712,-1.6532498591459444e-05
2818,0.68798828125,27.90678261418536,-0.8041374031901816,0.18207198105864109,-2.477363494790552e-05
2819,0.688232421875,27.966545987871253,-0.8014878049481102,0.18232559665608505,-3.301477124750818e-05
2820,0.6884765625,28.026309361557114,-0.7988382067060406,0.18257921225352902,-4.125590754711084e-05
2821,0.688720703125,28.08607273524301,-0.7961886084639692,0.182832827850973,-4.9497043846713495e-05
2822,0.6889648437499999,28.145836108928876,-0.7935390102218997,0.18308644344841696,-5.773818020315957e-05
2823,0.689208984375,28.205599482614772,-0.7908894119798282,0.18334005904586093,-6.597931650276223e-05
2824,0.689453125,28.265362856300673,-0.7882398137377571,0.1835936746433049,-7.422045280236489e-05
2825,0.689697265625,28.32512622998653,-0.7855902154956873,0.18384729024074886,-8.246158915881097e-05
2826,0.68994140625,28.384889603672427,-0.7829406172536161,0.18410090583819283,-9.070272545841362e-05
2827,0.6901855468749999,28.444652977358295,-0.7802910190115463,0.1843545214356368,-9.894386175801628e-05
2828,0.6904296875,28.50441635104419,-0.7776414207694751,0.18460813703308077,-0.00010718499805761894
2829,0.690673828125,28.564531501916758,-0.7747707386087654,0.1848616087121968,-0.00011554214762554693
2830,0.69091796875,28.626053761535996,-0.7710157207735067,0.18511450471805801,-0.00012436335015308941
2831,0.691162109375,28.687576021155266,-0.7672607029382459,0.18536740072391922,-0.00013318455262378848
2832,0.6914062499999999,28.749098280774497,-0.7635056851029871,0.18562029672978042,-0.00014200575515133096
2833,0.691650390625,28.810620540393767,-0.7597506672677262,0.18587319273564162,-0.00015082695767887344
2834,0.69189453125,28.872142800013034,-0.7559956494324653,0.18612608874150283,-0.0001596481601495725
2835,0.692138671875,28.93366505963227,-0.7522406315972067,0.18637898474736403,-0.000168469362677115
2836,0.6923828125,28.99518731925154,-0.7484856137619458,0.18663188075322523,-0.00017729056520465747
2837,0.6926269531249999,29.05670957887077,-0.7447305959266871,0.18688477675908644,-0.00018611176767535653
2838,0.69287109375,29.11823183849004,-0.7409755780914262,0.18713767276494764,-0.00019493297020289901
2839,0.693115234375,29.17975409810931,-0.7372205602561653,0.18739056877080884,-0.00020375417267359808
2840,0.693359375,29.241276357728545,-0.7334655424209067,0.18764346477667004,-0.00021257537520114056
2841,0.693603515625,29.30279861734781,-0.7297105245856458,0.18789636078253125,-0.00022139657772868304
2842,0.6938476562499999,29.364320876967042,-0.725955506750387,0.18814925678839245,-0.0002302177801993821
2843,0.694091796875,29.425843136586312,-0.7222004889151261,0.18840215279425365,-0.0002390389827269246
2844,0.6943359375,29.487365396205583,-0.7184454710798653,0.18865504880011486,-0.00024786018525446707
2845,0.694580078125,29.548887655824814,-0.7146904532446066,0.18890794480597606,-0.00025668138772516613
2846,0.69482421875,29.61040991544408,-0.7109354354093457,0.18916084081183726,-0.0002655025902527086
2847,0.6950683593749999,29.671932175063322,-0.707180417574087,0.18941373681769846,-0.0002743237927234077
2848,0.6953125,29.733454434682585,-0.7034253997388261,0.18966663282355967,-0.00028314499525095016
2849,0.695556640625,29.794976694301855,-0.6996703819035652,0.18991952882942087,-0.00029196619777849264
2850,0.69580078125,29.856498953921093,-0.6959153640683066,0.19017242483528207,-0.0003007874002491917
2851,0.696044921875,29.918021213540364,-0.6921603462330457,0.19042532084114328,-0.0003096086027767342
2852,0.6962890624999999,29.979543473159595,-0.688405328397787,0.19067821684700448,-0.00031842980524743325
2853,0.696533203125,30.04106573277886,-0.6846503105625261,0.19093111285286568,-0.00032725100777497573
2854,0.69677734375,30.10258799239813,-0.6808952927272652,0.19118400885872688,-0.0003360722103025182
2855,0.697021484375,30.165117766300213,-0.6763830496080394,0.19143613458106756,-0.00034516252827643257
2856,0.697265625,30.228319216390894,-0.6713659896328331,0.19168774678115597,-0.0003544322566426672
2857,0.6975097656249999,30.291520666481535,-0.6663489296576298,0.19193935898118752,-0.00036370198500890183
2858,0.69775390625,30.35472211657222,-0.6613318696824235,0.19219097118121908,-0.00037297171331829304
2859,0.697998046875,30.4179235666629,-0.6563148097072172,0.19244258338125064,-0.00038224144168452767
2860,0.6982421875,30.48112501675354,-0.6512977497320139,0.1926941955812822,-0.0003915111700507623
2861,0.698486328125,30.544326466844225,-0.6462806897568076,0.19294580778131376,-0.0004007808983601535
2862,0.6987304687499999,30.607527916934867,-0.6412636297816042,0.19319741998134532,-0.00041005062672638815
2863,0.698974609375,30.67072936702555,-0.636246569806398,0.19344903218137688,-0.00041932035503577936
2864,0.69921875,30.73393081711623,-0.6312295098311917,0.19370064438140844,-0.000428590083402014
2865,0.699462890625,30.797132267206873,-0.6262124498559885,0.19395225658144,-0.0004378598117682486
2866,0.69970703125,30.860333717297557,-0.621195389880782,0.19420386878147156,-0.00044712954007763983
2867,0.6999511718749999,30.9235351673882,-0.6161783299055789,0.19445548098150311,-0.00045639926844387446
2868,0.7001953125,30.98673661747888,-0.6111612699303726,0.19470709318153467,-0.0004656689968101091
2869,0.700439453125,31.049938067569567,-0.6061442099551663,0.19495870538156623,-0.0004749387251195003
2870,0.70068359375,31.11313951766021,-0.6011271499799629,0.1952103175815978,-0.00048420845348573494
2871,0.700927734375,31.176340967750892,-0.5961100900047567,0.19546192978162935,-0.0004934781817951261
2872,0.7011718749999999,31.239542417841534,-0.5910930300295533,0.1957135419816609,-0.0005027479101613608
2873,0.701416015625,31.302743867932215,-0.586075970054347,0.1959651541817493,-0.0005120176385275954
2874,0.70166015625,31.3659453180229,-0.5810589100791409,0.19621676638178087,-0.0005212873668369866
2875,0.701904296875,31.42914676811354,-0.5760418501039374,0.19646837858181243,-0.0005305570952032213
2876,0.7021484375,31.492348218204217,-0.5710247901287312,0.196719990781844,-0.0005398268235694559
2877,0.7023925781249999,31.555549668294866,-0.5660077301535277,0.19697160298187555,-0.0005490965518788471
2878,0.70263671875,31.618751118385546,-0.5609906701783216,0.1972232151819071,-0.0005583662802450817
2879,0.702880859375,31.68195256847623,-0.5559736102031153,0.19747482738193867,-0.0005676360085544729
2880,0.703125,31.745154018566872,-0.5509565502279119,0.19772643958197023,-0.0005769057369207076
2881,0.703369140625,31.80993498939663,-0.5445216922784065,0.19797615735581076,-0.0005864503863222126
2882,0.7036132812499999,31.874715960226354,-0.5380868343289047,0.19822587512965129,-0.0005959950357237176
2883,0.703857421875,31.93949693105612,-0.5316519763793992,0.19847559290349182,-0.000605539685182066
2884,0.7041015625,32.00427790188588,-0.5252171184298937,0.1987253106773892,-0.000615084334583571
2885,0.704345703125,32.0690588727156,-0.5187822604803919,0.19897502845122972,-0.000624628983985076
2886,0.70458984375,32.13383984354537,-0.5123474025308864,0.19922474622507025,-0.0006341736333865811
2887,0.7048339843749999,32.19862081437508,-0.5059125445813847,0.19947446399891078,-0.0006437182827880861
2888,0.705078125,32.26340178520485,-0.4994776866318792,0.1997241817727513,-0.0006532629322464345
2889,0.705322265625,32.328182756034614,-0.49304282868237376,0.19997389954659184,-0.0006628075816479395
2890,0.70556640625,32.39296372686434,-0.4866079707328719,0.20022361732043237,-0.0006723522310494445
2891,0.705810546875,32.457744697694096,-0.4801731127833665,0.2004733350942729,-0.0006818968804509495
2892,0.7060546874999999,32.52252566852382,-0.4737382548338647,0.20072305286817027,-0.0006914415298524546
2893,0.706298828125,32.58730663935358,-0.4673033968843592,0.2009727706420108,-0.000700986179310803
2894,0.70654296875,32.652087610183344,-0.46086853893485374,0.20122248841585133,-0.000710530828712308
2895,0.706787109375,32.71686858101307,-0.4544336809853519,0.20147220618969186,-0.000720075478113813
2896,0.70703125,32.781649551842825,-0.4479988230358465,0.2017219239635324,-0.000729620127515318
2897,0.7072753906249999,32.84643052267255,-0.4415639650863446,0.20197164173737292,-0.000739164776916823
2898,0.70751953125,32.91121149350231,-0.43512910713683917,0.20222135951121345,-0.0007487094263751715
2899,0.707763671875,32.97599246433207,-0.4286942491873338,0.20247107728511082,-0.0007582540757766765
2900,0.7080078125,33.040773435161796,-0.42225939123783196,0.20272079505895135,-0.0007677987251781815
2901,0.708251953125,33.105554405991555,-0.41582453328832647,0.20297051283279188,-0.0007773433745796865
2902,0.7084960937499999,33.17033537682128,-0.4093896753388247,0.2032202306066324,-0.0007868880239811915
2903,0.708740234375,33.23511634765104,-0.40295481738931926,0.20346994838047294,-0.0007964326734395399
2904,0.708984375,33.2998973184808,-0.3965199594398137,0.20371966615431347,-0.000805977322841045
2905,0.709228515625,33.364678289310525,-0.39008510149031195,0.203969383928154,-0.00081552197224255
2906,0.70947265625,33.4300424577364,-0.38302361211781977,0.204218085082573,-0.0008250881848539393
2907,0.7097167968749999,33.4962814225564,-0.37502217561085033,0.2044652613078597,-0.0008346867422233117
2908,0.7099609375,33.56252038737644,-0.36702073910387634,0.20471243753308954,-0.0008442852996495276
2909,0.710205078125,33.628759352196475,-0.3590193025969023,0.20495961375837624,-0.0008538838570189
2910,0.71044921875,33.69499831701648,-0.3510178660899328,0.20520678998360609,-0.0008634824144451159
2911,0.710693359375,33.761237281836515,-0.3430164295829588,0.20545396620889278,-0.0008730809718144883
2912,0.7109374999999999,33.827476246656516,-0.33501499307598936,0.20570114243412263,-0.0008826795292407041
2913,0.711181640625,33.893715211476554,-0.3270135565690154,0.20594831865940932,-0.0008922780866100766
2914,0.71142578125,33.95995417629659,-0.31901212006204127,0.20619549488469602,-0.0009018766440362924
2915,0.711669921875,34.02619314111659,-0.31101068355507183,0.20644267110992587,-0.0009114752014056648
2916,0.7119140625,34.09243210593663,-0.30300924704809784,0.20668984733521256,-0.0009210737588318807
2917,0.7121582031249999,34.15867107075663,-0.2950078105411284,0.2069370235604424,-0.0009306723162012531
2918,0.71240234375,34.22491003557667,-0.28700637403415435,0.2071841997857291,-0.000940270873627469
2919,0.712646484375,34.29114900039671,-0.2790049375271803,0.20743137601095896,-0.0009498694310536848
2920,0.712890625,34.35738796521671,-0.27100350102021087,0.20767855223624565,-0.0009594679884230572
2921,0.713134765625,34.42362693003675,-0.2630020645132369,0.2079257284614755,-0.0009690665457924297
2922,0.7133789062499999,34.48986589485675,-0.25500062800626744,0.2081729046867622,-0.0009786651032186455
2923,0.713623046875,34.556104859676786,-0.2469991914992934,0.2084200809120489,-0.000988263660588018
2924,0.7138671875,34.622343824496824,-0.23899775499231937,0.20866725713727874,-0.0009978622180142338
2925,0.714111328125,34.688582789316825,-0.2309963184853499,0.20891443336256543,-0.0010074607753836062
2926,0.71435546875,34.75482175413686,-0.22299488197837591,0.20916160958779528,-0.001017059332809822
2927,0.7145996093749999,34.821060718956865,-0.21499344547140647,0.20940878581308198,-0.0010266578901791945
2928,0.71484375,34.88729968377691,-0.20699200896443243,0.20965596203831183,-0.0010362564476054104
2929,0.715087890625,34.95353864859695,-0.1989905724574584,0.20990313826359852,-0.0010458550050316262
2930,0.71533203125,35.01977761341695,-0.19098913595048894,0.21015031448882837,-0.0010554535624009986
2931,0.715576171875,35.08601657823698,-0.18298769944351495,0.21039749071411507,-0.0010650521198272145
2932,0.7158203124999999,35.153305537605284,-0.17362565444740763,0.21064209663450129,-0.0010744749464492998
2933,0.716064453125,35.22085699561069,-0.16392345732901054,0.2108860599786908,-0.0010838538404414066
2934,0.71630859375,35.28840845361611,-0.15422126021061347,0.21113002332288033,-0.0010932327344335135
2935,0.716552734375,35.35595991162148,-0.14451906309222196,0.21137398666706986,-0.0011026116284256204
2936,0.716796875,35.4235113696269,-0.13481686597382486,0.21161795001125938,-0.001111990522360884
2937,0.7170410156249999,35.49106282763228,-0.12511466885543335,0.21186191335539206,-0.0011213694163529908
2938,0.71728515625,35.55861428563769,-0.11541247173703624,0.21210587669958159,-0.0011307483103450977
2939,0.717529296875,35.6261657436431,-0.10571027461863919,0.2123498400437711,-0.0011401272043372046
2940,0.7177734375,35.693717201648475,-0.09600807750024765,0.21259380338796063,-0.001149506098272468
2941,0.718017578125,35.76126865965389,-0.08630588038185057,0.21283776673215016,-0.001158884992264575
2942,0.7182617187499999,35.82882011765926,-0.07660368326345902,0.21308173007633968,-0.0011682638862566819
2943,0.718505859375,35.89637157566467,-0.06690148614506196,0.2133256934205292,-0.0011776427802487888
2944,0.71875,35.96392303367009,-0.057199289026664914,0.21356965676471873,-0.0011870216742408957
2945,0.718994140625,36.03147449167547,-0.04749709190827335,0.2138136201088514,-0.0011964005681761591
2946,0.71923828125,36.09902594968087,-0.03779489478987628,0.21405758345304093,-0.001205779462168266
2947,0.7194824218749999,36.166577407686255,-0.028092697671484743,0.21430154679723046,-0.001215158356160373
2948,0.7197265625,36.234128865691666,-0.018390500553087673,0.21454551014141998,-0.0012245372501524798
2949,0.719970703125,36.301680323697084,-0.008688303434690601,0.2147894734856095,-0.0012339161440877433
2950,0.72021484375,36.36923178170246,0.0010138936837009351,0.21503343682979903,-0.0012432950380798502
2951,0.720458984375,36.43678323970787,0.010716090802098005,0.21527740017398855,-0.001252673932071957
2952,0.7207031249999999,36.50433469771324,0.020418287920489542,0.21552136351812123,-0.001262052826064064
2953,0.720947265625,36.57188615571866,0.03012048503888661,0.21576532686231076,-0.0012714317199993275
2954,0.72119140625,36.63943761372407,0.03982268215728368,0.21600929020650028,-0.0012808106139914344
2955,0.721435546875,36.706989071729446,0.04952487927567524,0.2162532535506898,-0.0012901895079835413
2956,0.7216796875,36.77454052973486,0.05922707639407229,0.21649721689487933,-0.0012995684019756482
2957,0.7219238281249999,36.84232012038515,0.06929148288181368,0.2167404014295471,-0.0013088371945855215
2958,0.72216796875,36.91101224161515,0.08080472684696194,0.21698047072629834,-0.0013176655816664606
2959,0.722412109375,36.97970436284514,0.0923179708121102,0.21722054002304958,-0.0013264939688042432
2960,0.72265625,37.04839648407509,0.10383121477725193,0.21746060931980082,-0.0013353223558851823
2961,0.722900390625,37.117088605305085,0.11534445874240018,0.21770067861655207,-0.0013441507430229649
2962,0.7231445312499999,37.18578072653504,0.1268577027075419,0.21794074791324647,-0.001352979130103904
2963,0.723388671875,37.25447284776504,0.13837094667269018,0.2181808172099977,-0.0013618075172416866
2964,0.7236328125,37.32316496899503,0.1498841906378384,0.21842088650674896,-0.0013706359043794691
2965,0.723876953125,37.39185709022499,0.16139743460298014,0.2186609558035002,-0.0013794642914604083
2966,0.72412109375,37.46054921145498,0.17291067856812842,0.21890102510025145,-0.0013882926785981908
2967,0.7243652343749999,37.52924133268494,0.1844239225332701,0.21914109439694585,-0.00139712106567913
2968,0.724609375,37.59793345391493,0.19593716649841836,0.2193811636936971,-0.0014059494528169125
2969,0.724853515625,37.66662557514493,0.20745041046356663,0.21962123299044833,-0.0014147778398978517
2970,0.72509765625,37.73531769637488,0.21896365442870838,0.21986130228719958,-0.0014236062270356342
2971,0.725341796875,37.80400981760487,0.2304768983938566,0.22010137158395082,-0.0014324346141165734
2972,0.7255859374999999,37.87270193883483,0.24199014235899832,0.22034144088064522,-0.001441263001254356
2973,0.725830078125,37.94139406006482,0.2535033863241466,0.22058151017739647,-0.0014500913883921385
2974,0.72607421875,38.01008618129482,0.26501663028929484,0.2208215794741477,-0.0014589197754730776
2975,0.726318359375,38.078778302524775,0.27652987425443654,0.22106164877089896,-0.0014677481626108602
2976,0.7265625,38.14747042375477,0.2880431182195848,0.2213017180676502,-0.0014765765496917993
2977,0.7268066406249999,38.21616254498472,0.29955636218472653,0.2215417873643446,-0.0014854049368295819
2978,0.72705078125,38.28485466621472,0.31106960614987483,0.22178185666109584,-0.001494233323910521
2979,0.727294921875,38.353546787444714,0.3225828501150231,0.2220219259578471,-0.0015030617110483036
2980,0.7275390625,38.422238908674665,0.33409609408016483,0.22226199525459833,-0.0015118900981292427
2981,0.727783203125,38.49093102990466,0.345609338045313,0.22250206455129273,-0.0015207184852670252
2982,0.7280273437499999,38.559623151134616,0.35712258201045477,0.22274213384804398,-0.0015295468724048078
2983,0.728271484375,38.62887921631456,0.36976761759047805,0.22297946169931038,-0.0015378096963445387
2984,0.728515625,38.6985112441278,0.38316718091375174,0.2232149619202346,-0.0015456954782280263
2985,0.728759765625,38.76814327194101,0.39656674423701777,0.22345046214110198,-0.0015535812600546706
2986,0.72900390625,38.83777529975425,0.4099663075602914,0.2236859623620262,-0.0015614670419381582
2987,0.7292480468749999,38.907407327567455,0.4233658708835574,0.22392146258295043,-0.0015693528238216459
2988,0.7294921875,38.977039355380704,0.436765434206831,0.2241569628038178,-0.00157723860564829
2989,0.729736328125,39.046671383193946,0.4501649975301047,0.22439246302474203,-0.0015851243875317778
2990,0.72998046875,39.11630341100715,0.4635645608533708,0.22462796324566625,-0.001593010169358422
2991,0.730224609375,39.185935438820394,0.4769641241766444,0.22486346346653363,-0.0016008959512419096
2992,0.7304687499999999,39.25556746663361,0.4903636874999105,0.22509896368745785,-0.0016087817331253973
2993,0.730712890625,39.32519949444685,0.5037632508231842,0.22533446390838208,-0.0016166675149520415
2994,0.73095703125,39.39483152226009,0.5171628141464578,0.22556996412924946,-0.0016245532968355292
2995,0.731201171875,39.464463550073305,0.5305623774697238,0.22580546435017368,-0.0016324390787190168
2996,0.7314453125,39.534095577886546,0.5439619407929974,0.2260409645710979,-0.001640324860545661
2997,0.7316894531249999,39.60372760569975,0.5573615041162635,0.22627646479196528,-0.0016482106424291487
2998,0.73193359375,39.673359633512995,0.5707610674395371,0.2265119650128895,-0.0016560964243126364
2999,0.732177734375,39.74299166132625,0.5841606307628109,0.22674746523381373,-0.0016639822061392806
3000,0.732421875,39.81262368913945,0.5975601940860767,0.2269829654546811,-0.0016718679880227683
3001,0.732666015625,39.88225571695269,0.6109597574093505,0.22721846567560533,-0.001679753769906256
3002,0.7329101562499999,39.9518877447659,0.6243593207326165,0.22745396589652955,-0.0016876395517329001
3003,0.733154296875,40.02151977257914,0.6377588840558901,0.22768946611745378,-0.0016955253336163878
3004,0.7333984375,40.091151800392396,0.6511584473791638,0.22792496633832116,-0.001703411115443032
3005,0.733642578125,40.16078382820559,0.6645580107024299,0.22816046655924538,-0.0017112968973265197
3006,0.73388671875,40.230415856018844,0.6779575740257036,0.2283959667801696,-0.0017191826792100073
3007,0.7341308593749999,40.30004788383204,0.6913571373489695,0.22863146700103698,-0.0017270684610366516
3008,0.734375,40.36967991164529,0.7047567006722432,0.2288669672219612,-0.0017349542429201392
3009,0.734619140625,40.440019374005225,0.7200697726596803,0.22909724637759155,-0.0017414411667573404
3010,0.73486328125,40.51035883636513,0.7353828446471087,0.2293275255332219,-0.0017479280905376982
3011,0.735107421875,40.58069829872506,0.7506959166345457,0.22955780468885223,-0.0017544150143748993
3012,0.7353515624999999,40.651037761084964,0.7660089886219741,0.22978808384448257,-0.001760901938155257
3013,0.735595703125,40.7213772234449,0.7813220606094111,0.2300183630001129,-0.0017673888619924583
3014,0.73583984375,40.791716685804836,0.7966351325968482,0.2302486421558001,-0.0017738757858296594
3015,0.736083984375,40.86205614816474,0.8119482045842766,0.23047892131143044,-0.0017803627096100172
3016,0.736328125,40.93239561052467,0.8272612765717137,0.23070920046706078,-0.0017868496334472184
3017,0.7365722656249999,41.00273507288457,0.8425743485591419,0.23093947962269112,-0.0017933365572844195
3018,0.73681640625,41.07307453524451,0.8578874205465791,0.23116975877832147,-0.0017998234810647773
3019,0.737060546875,41.14341399760445,0.8732004925340161,0.2314000379339518,-0.0018063104049019785
3020,0.7373046875,41.213753459964344,0.8885135645214445,0.23163031708958215,-0.0018127973286823362
3021,0.737548828125,41.284092922324284,0.9038266365088817,0.2318605962452125,-0.0018192842525195374
3022,0.7377929687499999,41.35443238468419,0.9191397084963099,0.23209087540084283,-0.0018257711763567386
3023,0.738037109375,41.42477184704412,0.9344527804837469,0.23232115455647318,-0.0018322581001370963
3024,0.73828125,41.49511130940406,0.9497658524711842,0.23255143371210352,-0.0018387450239742975
3025,0.738525390625,41.56545077176395,0.9650789244586123,0.23278171286773386,-0.0018452319478114987
3026,0.73876953125,41.63579023412389,0.9803919964460494,0.23301199202342104,-0.0018517188715918564
3027,0.7390136718749999,41.7061296964838,0.995705068433478,0.23324227117905139,-0.0018582057954290576
3028,0.7392578125,41.77646915884373,1.0110181404209149,0.23347255033468173,-0.0018646927192094154
3029,0.739501953125,41.84680862120367,1.0263312124083521,0.23370282949031207,-0.0018711796430466165
3030,0.73974609375,41.91714808356357,1.0416442843957805,0.2339331086459424,-0.0018776665668838177
3031,0.739990234375,41.98748754592351,1.0569573563832173,0.23416338780157275,-0.0018841534906641755
3032,0.7402343749999999,42.0578270082834,1.072270428370646,0.2343936669572031,-0.0018906404145013767
3033,0.740478515625,42.128166470643336,1.087583500358083,0.23462394611283344,-0.0018971273383385778
3034,0.74072265625,42.19868206637463,1.103647568813424,0.23485189206763835,-0.001902845994834479
3035,0.740966796875,42.26946186216289,1.1208381319706107,0.23507633822123353,-0.0019074122503752733
3036,0.7412109375,42.340241657951196,1.1380286951278076,0.23530078437477187,-0.0019119785059160677
3037,0.7414550781249999,42.411021453739465,1.1552192582849945,0.2355252305283102,-0.001916544761456862
3038,0.74169921875,42.48180124952776,1.1724098214421912,0.23574967668190538,-0.0019211110169976564
3039,0.741943359375,42.552581045316074,1.1896003845993879,0.23597412283544372,-0.0019256772725384508
3040,0.7421875,42.623360841104336,1.2067909477565746,0.2361985689890389,-0.0019302435280224017
3041,0.742431640625,42.69414063689264,1.2239815109137713,0.23642301514257724,-0.001934809783563196
3042,0.7426757812499999,42.7649204326809,1.2411720740709582,0.23664746129617242,-0.0019393760391039905
3043,0.742919921875,42.835700228469214,1.2583626372281547,0.23687190744971076,-0.0019439422946447849
3044,0.7431640625,42.906480024257526,1.2755532003853514,0.2370963536032491,-0.0019485085501855792
3045,0.743408203125,42.97725982004579,1.2927437635425383,0.23732079975684428,-0.0019530748057263736
3046,0.74365234375,43.04803961583409,1.309934326699735,0.23754524591038262,-0.001957641061267168
3047,0.7438964843749999,43.118819411622354,1.3271248898569217,0.2377696920639778,-0.0019622073168079623
3048,0.744140625,43.189599207410666,1.3443154530141186,0.23799413821751614,-0.0019667735723487567
3049,0.744384765625,43.26037900319897,1.361506016171315,0.23821858437111132,-0.001971339827889551
3050,0.74462890625,43.33115879898724,1.378696579328502,0.23844303052464966,-0.0019759060834303455
3051,0.744873046875,43.40193859477554,1.395887142485699,0.238667476678188,-0.00198047233897114
3052,0.7451171874999999,43.4727183905638,1.4130777056428856,0.23889192283178318,-0.001985038594511934
3053,0.745361328125,43.54349818635211,1.4302682688000823,0.23911636898532151,-0.0019896048500527286
3054,0.74560546875,43.61427798214042,1.447458831957279,0.2393408151389167,-0.001994171105593523
3055,0.745849609375,43.685057777928684,1.464649395114466,0.23956526129245503,-0.0019987373611343173
3056,0.74609375,43.75583757371699,1.4818399582716624,0.23978970744605022,-0.0020033036166751117
3057,0.7463378906249999,43.82661736950525,1.4990305214288495,0.24001415359958855,-0.002007869872215906
3058,0.74658203125,43.89739716529356,1.516221084586046,0.2402385997531269,-0.0020124361277567004
3059,0.746826171875,43.968176961081866,1.5334116477432427,0.24046304590672207,-0.002017002383297495
3060,0.7470703125,44.03906526259379,1.5520110237117148,0.24068238111675555,-0.0020195626685222123
3061,0.747314453125,44.10998069053668,1.5709626028830188,0.24090043859087018,-0.0020216214611537
3062,0.7475585937499999,44.180896118479524,1.5899141820543121,0.2411184960649848,-0.0020236802537851872
3063,0.747802734375,44.25181154642242,1.608865761225616,0.24133655353915628,-0.0020257390464166747
3064,0.748046875,44.3227269743653,1.62781734039692,0.24155461101327091,-0.0020277978391050056
3065,0.748291015625,44.393642402308146,1.6467689195682136,0.24177266848738554,-0.002029856631736493
3066,0.74853515625,44.46455783025103,1.6657204987395178,0.24199072596155702,-0.0020319154243679804
3067,0.7487792968749999,44.53547325819388,1.6846720779108109,0.24220878343567165,-0.0020339742170563113
3068,0.7490234375,44.60638868613677,1.7036236570821146,0.24242684090984312,-0.0020360330096877988
3069,0.749267578125,44.67730411407966,1.7225752362534188,0.24264489838395775,-0.002038091802319286
3070,0.74951171875,44.7482195420225,1.7415268154247123,0.24286295585807238,-0.0020401505949507737
3071,0.749755859375,44.81913496996539,1.7604783945960158,0.24308101333224386,-0.0020422093876391045
3072,0.7500000000000001,44.890050397908276,1.7794299737673203,0.2432990708063585,-0.002044268180270592
3073,0.750244140625,44.960965825851126,1.7983815529386133,0.24351712828047312,-0.0020463269729020794
3074,0.75048828125,45.03188125379401,1.8173331321099173,0.2437351857546446,-0.0020483857655904103
3075,0.750732421875,45.102796681736855,1.8362847112812106,0.24395324322875922,-0.0020504445582218978
3076,0.7509765625,45.17371210967974,1.8552362904525146,0.24417130070287385,-0.002052503350853385
3077,0.7512207031250001,45.244627537622634,1.8741878696238188,0.24438935817704532,-0.0020545621434848726
3078,0.75146484375,45.31554296556548,1.8931394487951119,0.24460741565115995,-0.0020566209361732035
3079,0.751708984375,45.38645839350837,1.912091027966416,0.24482547312533143,-0.002058679728804691
3080,0.751953125,45.45737382145121,1.9310426071377091,0.24504353059944606,-0.0020607385214361784
3081,0.752197265625,45.5282892493941,1.9499941863090133,0.2452615880735607,-0.0020627973141245093
3082,0.7524414062500001,45.599204677336985,1.9689457654803173,0.24547964554773216,-0.0020648561067559967
3083,0.752685546875,45.670120105279835,1.9878973446516106,0.2456977030218468,-0.002066914899387484
3084,0.7529296875,45.74103553322272,2.006848923822915,0.24591576049596142,-0.0020689736920189716
3085,0.753173828125,45.81190908128358,2.0261094369053496,0.24613244323938943,-0.0020704012559349394
3086,0.75341796875,45.88261510981655,2.0466056856323647,0.24634362705984358,-0.002069303904931985
3087,0.7536621093750001,45.95332113834951,2.0671019343593793,0.24655481088035458,-0.0020682065539290306
3088,0.75390625,46.02402716688243,2.087598183086383,0.24676599470080873,-0.002067109202869233
3089,0.754150390625,46.0947331954154,2.1080944318133974,0.24697717852126289,-0.0020660118518662784
3090,0.75439453125,46.165439223948326,2.128590680540401,0.24718836234177388,-0.002064914500863324
3091,0.754638671875,46.23614525248128,2.1490869292674155,0.24739954616222803,-0.0020638171498035263
3092,0.7548828125000001,46.30685128101425,2.16958317799443,0.2476107299826822,-0.002062719798800572
3093,0.755126953125,46.37755730954717,2.190079426721433,0.24782191380319318,-0.002061622447740774
3094,0.75537109375,46.44826333808014,2.2105756754484482,0.24803309762364734,-0.0020605250967378197
3095,0.755615234375,46.51896936661306,2.2310719241754517,0.2482442814441015,-0.0020594277457348653
3096,0.755859375,46.58967539514603,2.2515681729024664,0.24845546526461249,-0.0020583303946750675
3097,0.7561035156250001,46.660381423678984,2.2720644216294814,0.24866664908506664,-0.002057233043672113
3098,0.75634765625,46.731087452211916,2.2925606703564845,0.2488778329055208,-0.0020561356926691587
3099,0.756591796875,46.80179348074488,2.3130569190834995,0.2490890167260318,-0.002055038341609361
3100,0.7568359375,46.8724995092778,2.3335531678105026,0.24930020054648594,-0.0020539409906064066
3101,0.757080078125,46.94320553781077,2.3540494165375176,0.2495113843669401,-0.002052843639603452
3102,0.7573242187500001,47.01391156634373,2.3745456652645327,0.2497225681874511,-0.0020517462885436544
3103,0.757568359375,47.084617594876654,2.3950419139915353,0.24993375200790524,-0.0020506489375407
3104,0.7578125,47.15532362340962,2.41553816271855,0.2501449358283594,-0.002049551586480902
3105,0.758056640625,47.22602965194255,2.4360344114455534,0.2503561196488704,-0.002048454235477948
3106,0.75830078125,47.2967356804755,2.4565306601725685,0.25056730346932454,-0.0020473568844749934
3107,0.7585449218750001,47.36744170900847,2.477026908899583,0.2507784872897787,-0.0020462595334151956
3108,0.7587890625,47.43814773754139,2.4975231576265866,0.2509896711102897,-0.0020451621824122412
3109,0.759033203125,47.50885376607435,2.518019406353601,0.25120085493074384,-0.002044064831409287
3110,0.75927734375,47.57955979460728,2.538515655080604,0.251412038751198,-0.002042967480349489
3111,0.759521484375,47.649907395819675,2.559736032783668,0.25161885687589347,-0.002039553851147957
3112,0.7597656250000001,47.720016045485025,2.5814391631374307,0.2518227645366551,-0.0020345960364238636
3113,0.760009765625,47.790124695150325,2.603142293491181,0.2520266721974167,-0.00202963822169977
3114,0.76025390625,47.86023334481567,2.624845423844944,0.25223057985823516,-0.0020246804070325197
3115,0.760498046875,47.930341994480976,2.6465485541986946,0.2524344875189968,-0.002019722592308426
3116,0.7607421875,48.000450644146326,2.668251684552457,0.25263839517981523,-0.0020147647775843325
3117,0.7609863281250001,48.07055929381167,2.6899548149062205,0.25284230284057685,-0.0020098069629170823
3118,0.76123046875,48.14066794347698,2.7116579452599705,0.2530462105013953,-0.0020048491481929887
3119,0.761474609375,48.21077659314233,2.733361075613733,0.2532501181621569,-0.001999891333468895
3120,0.76171875,48.280885242807635,2.7550642059674835,0.25345402582291854,-0.001994933518801645
3121,0.761962890625,48.35099389247298,2.7767673363212464,0.253657933483737,-0.001989975704077551
3122,0.7622070312500001,48.42110254213833,2.7984704666750093,0.2538618411444986,-0.0019850178893534576
3123,0.762451171875,48.49121119180363,2.82017359702876,0.25406574880531707,-0.0019800600746862074
3124,0.7626953125,48.56131984146897,2.8418767273825227,0.2542696564660787,-0.0019751022599621137
3125,0.762939453125,48.63142849113429,2.8635798577362728,0.2544735641268403,-0.00197014444523802
3126,0.76318359375,48.70153714079964,2.8852829880900352,0.25467747178765876,-0.00196518663057077
3127,0.7634277343750001,48.77164579046498,2.9069861184437986,0.2548813794484204,-0.0019602288158466763
3128,0.763671875,48.84175444013028,2.928689248797549,0.25508528710923883,-0.0019552710011225827
3129,0.763916015625,48.91186308979563,2.9503923791513116,0.25528919477000045,-0.0019503131864553325
3130,0.76416015625,48.98197173946094,2.9720955095050625,0.2554931024308189,-0.0019453553717312388
3131,0.764404296875,49.05208038912628,2.993798639858825,0.2556970100915805,-0.0019403975570071452
3132,0.7646484375000001,49.12218903879163,3.0155017702125875,0.25590091775234214,-0.001935439742339895
3133,0.764892578125,49.19229768845694,3.037204900566338,0.2561048254131606,-0.0019304819276158014
3134,0.76513671875,49.26240633812228,3.058908030920101,0.2563087330739222,-0.0019255241128917078
3135,0.765380859375,49.33251498778759,3.0806111612738514,0.25651264073474067,-0.0019205662982244576
3136,0.765625,49.40262363745294,3.102314291627614,0.2567165483955023,-0.001915608483500364
3137,0.7658691406250001,49.47170212676241,3.124741460111217,0.25691286815759895,-0.0019060403446360397
3138,0.76611328125,49.54078061607185,3.1471686285948066,0.25710918791963877,-0.0018964722057717154
3139,0.766357421875,49.60985910538132,3.1695957970784097,0.25730550768173543,-0.001886904066907391
3140,0.7666015625,49.67893759469076,3.1920229655619994,0.2575018274438321,-0.0018773359280430668
3141,0.766845703125,49.748016084000234,3.2144501340456024,0.2576981472058719,-0.0018677677891218991
3142,0.7670898437500001,49.8170945733097,3.2368773025292046,0.2578944669679686,-0.0018581996502575748
3143,0.767333984375,49.886173062619136,3.2593044710127947,0.25809078673006525,-0.0018486315113932505
3144,0.767578125,49.95525155192862,3.2817316394963973,0.25828710649210507,-0.0018390633725289263
3145,0.767822265625,50.02433004123805,3.3041588079799875,0.25848342625420173,-0.001829495233664602
3146,0.76806640625,50.09340853054753,3.3265859764635897,0.2586797460162984,-0.0018199270948002777
3147,0.7683105468750001,50.162487019857004,3.3490131449471927,0.2588760657783382,-0.0018103589559359534
3148,0.7685546875,50.23156550916644,3.371440313430783,0.2590723855404349,-0.0018007908170716291
3149,0.768798828125,50.30064399847591,3.393867481914386,0.25926870530253154,-0.0017912226782073049
3150,0.76904296875,50.369722487785346,3.416294650397975,0.25946502506457136,-0.0017816545393429806
3151,0.769287109375,50.43880097709482,3.4387218188815782,0.25966134482666803,-0.0017720864004218129
3152,0.7695312500000001,50.5078794664043,3.461148987365181,0.2598576645887647,-0.0017625182615574886
3153,0.769775390625,50.57695795571373,3.4835761558487706,0.2600539843508045,-0.0017529501226931643
3154,0.77001953125,50.64603644502321,3.506003324332373,0.2602503041129012,-0.00174338198382884
3155,0.770263671875,50.71511493433265,3.5284304928159638,0.26044662387499784,-0.0017338138449645157
3156,0.7705078125,50.784193423642115,3.5508576612995655,0.26064294363703766,-0.0017242457061001915
3157,0.7707519531250001,50.85327191295159,3.5732848297831685,0.2608392633991343,-0.0017146775672358672
3158,0.77099609375,50.92235040226103,3.595711998266759,0.261035583161231,-0.0017051094283715429
3159,0.771240234375,50.9914288915705,3.618139166750361,0.2612319029232708,-0.0016955412895072186
3160,0.771484375,51.06050738087993,3.6405663352339515,0.2614282226853675,-0.0016859731506428943
3161,0.771728515625,51.12958587018941,3.662993503717554,0.26162454244746414,-0.0016764050117217266
3162,0.7719726562500001,51.19806080222832,3.6854488551854585,0.261817740361721,-0.0016646804778019941
3163,0.772216796875,51.26563039836133,3.707946481129804,0.26200625550427503,-0.0016497213511570408
3164,0.7724609375,51.33319999449438,3.730444107074162,0.26219477064682906,-0.0016347622245689308
3165,0.772705078125,51.4007695906274,3.752941733018507,0.2623832857893831,-0.001619803097980821
3166,0.77294921875,51.468339186760446,3.7754393589628648,0.26257180093188026,-0.0016048439713358675
3167,0.7731933593750001,51.53590878289349,3.7979369849072233,0.2627603160744343,-0.0015898848447477576
3168,0.7734375,51.60347837902652,3.8204346108515677,0.2629488312169883,-0.0015749257181596477
3169,0.773681640625,51.67104797515957,3.842932236795926,0.26313734635954233,-0.0015599665915146943
3170,0.77392578125,51.73861757129257,3.865429862740271,0.26332586150209636,-0.0015450074649265844
3171,0.774169921875,51.80618716742563,3.887927488684629,0.2635143766446504,-0.001530048338281631
3172,0.7744140625000001,51.87375676355868,3.910425114628987,0.2637028917872044,-0.001515089211693521
3173,0.774658203125,51.94132635969169,3.9329227405733325,0.26389140692975843,-0.0015001300851054111
3174,0.77490234375,52.00889595582474,3.9554203665176906,0.26407992207231246,-0.0014851709584604578
3175,0.775146484375,52.07646555195776,3.977917992462035,0.26426843721480964,-0.0014702118318723478
3176,0.775390625,52.14403514809081,4.000415618406393,0.26445695235736366,-0.0014552527052842379
3177,0.7756347656250001,52.211604744223855,4.022913244350751,0.2646454674999177,-0.0014402935786392845
3178,0.77587890625,52.279174340356874,4.045410870295097,0.2648339826424717,-0.0014253344520511746
3179,0.776123046875,52.34674393648993,4.067908496239454,0.26502249778502573,-0.0014103753254630647
3180,0.7763671875,52.41431353262294,4.0904061221838,0.26521101292757976,-0.0013954161988181113
3181,0.776611328125,52.481883128755996,4.112903748128157,0.2653995280701338,-0.0013804570722300014
3182,0.7768554687500001,52.54945272488904,4.135401374072515,0.2655880432126878,-0.001365497945585048
3183,0.777099609375,52.61702232102205,4.15789900001686,0.265776558355185,-0.001350538818996938
3184,0.77734375,52.68459191715511,4.180396625961218,0.265965073497739,-0.0013355796924088281
3185,0.777587890625,52.75216151328812,4.202894251905564,0.26615358864029304,-0.0013206205657638748
3186,0.77783203125,52.81973110942117,4.225391877849922,0.26634210378284706,-0.0013056614391757648
3187,0.7780761718750001,52.887300705554225,4.24788950379428,0.2665306189254011,-0.0012907023125876549
3188,0.7783203125,52.95324342168395,4.269762135574003,0.26671279292594363,-0.0012707974291856772
3189,0.778564453125,53.0187794178129,4.291478518812583,0.26689338164101173,-0.0012496561066086542
3190,0.77880859375,53.0843154139418,4.31319490205115,0.267073970356023,-0.0012285147840316313
3191,0.779052734375,53.14985141007075,4.3349112852897305,0.2672545590710911,-0.0012073734615114518
3192,0.7792968750000001,53.215387406199696,4.356627668528311,0.26743514778610233,-0.0011862321389344288
3193,0.779541015625,53.280923402328604,4.378344051766879,0.26761573650117043,-0.0011650908163574059
3194,0.77978515625,53.34645939845755,4.400060435005459,0.2677963252161817,-0.001143949493780383
3195,0.780029296875,53.41199539458647,4.421776818244027,0.2679769139312498,-0.00112280817120336
3196,0.7802734375,53.47753139071541,4.443493201482608,0.26815750264626104,-0.001101666848626337
3197,0.7805175781250001,53.54306738684435,4.465209584721188,0.26833809136132913,-0.0010805255261061575
3198,0.78076171875,53.608603382973264,4.486925967959755,0.2685186800763404,-0.0010593842035291345
3199,0.781005859375,53.67413937910221,4.508642351198335,0.2686992687914085,-0.0010382428809521116
3200,0.78125,53.739675375231116,4.530358734436903,0.26887985750641974,-0.0010171015583750886
3201,0.781494140625,53.80521137136006,4.552075117675484,0.26906044622148784,-0.0009959602357980657
3202,0.7817382812500001,53.87074736748901,4.573791500914064,0.26924103493655593,-0.0009748189132210427
3203,0.781982421875,53.93628336361791,4.595507884152632,0.2694216236515672,-0.0009536775906440198
3204,0.7822265625,54.00181935974686,4.617224267391211,0.2696022123666353,-0.0009325362681238403
3205,0.782470703125,54.06735535587576,4.638940650629779,0.26978280108164654,-0.0009113949455468173
3206,0.78271484375,54.13289135200472,4.66065703386836,0.26996338979671464,-0.0008902536229697944
3207,0.7829589843750001,54.19842734813366,4.68237341710694,0.2701439785117259,-0.0008691123003927714
3208,0.783203125,54.26396334426257,4.704089800345508,0.270324567226794,-0.0008479709778157485
3209,0.783447265625,54.329499340391514,4.725806183584088,0.27050515594180524,-0.0008268296552387255
3210,0.78369140625,54.39503533652043,4.7475225668226555,0.27068574465687334,-0.000805688332718546
3211,0.783935546875,54.460571332649366,4.769238950061236,0.2708663333718846,-0.0007845470101415231
3212,0.7841796875000001,54.52610732877831,4.7909553332998165,0.2710469220869527,-0.0007634056875645001
3213,0.784423828125,54.59112274023692,4.8122997085053605,0.2712259192462625,-0.0007408729271674019
3214,0.78466796875,54.654055813014324,4.832156051578822,0.2713985501825391,-0.0007127744154331594
3215,0.784912109375,54.716988885791686,4.852012394652273,0.27157118111881573,-0.000684675903698917
3216,0.78515625,54.77992195856908,4.871868737725736,0.27174381205509235,-0.0006565773919646745
3217,0.7854003906250001,54.84285503134649,4.891725080799197,0.2719164429914258,-0.000628478880230432
3218,0.78564453125,54.90578810412386,4.911581423872647,0.27208907392770243,-0.0006003803684961895
3219,0.785888671875,54.96872117690126,4.931437766946109,0.27226170486397905,-0.000572281856761947
3220,0.7861328125,55.031654249678624,4.9512941100195595,0.27243433580025567,-0.0005441833450277045
3221,0.786376953125,55.09458732245603,4.971150453093021,0.27260696673658913,-0.000516084833293462
3222,0.7866210937500001,55.15752039523343,4.9910067961664835,0.27277959767286575,-0.0004879863215592195
3223,0.786865234375,55.2204534680108,5.010863139239933,0.27295222860914237,-0.000459887809824977
3224,0.787109375,55.2833865407882,5.030719482313396,0.273124859545419,-0.0004317892980907345
3225,0.787353515625,55.34631961356556,5.050575825386846,0.27329749048175245,-0.000403690786356492
3226,0.78759765625,55.40925268634297,5.070432168460307,0.27347012141802907,-0.00037559227462224953
3227,0.7878417968750001,55.472185759120364,5.090288511533769,0.2736427523543057,-0.00034749376288800704
3228,0.7880859375,55.535118831897734,5.110144854607221,0.2738153832905823,-0.00031939525115376455
3229,0.788330078125,55.59805190467514,5.130001197680681,0.27398801422691577,-0.00029129673941952205
3230,0.78857421875,55.6609849774525,5.149857540754132,0.2741606451631924,-0.00026319822768527956
3231,0.788818359375,55.723918050229905,5.169713883827594,0.274333276099469,-0.00023509971595103707
3232,0.7890625000000001,55.78685112300731,5.189570226901056,0.2745059070357456,-0.00020700120421679458
3233,0.789306640625,55.84978419578468,5.209426569974506,0.27467853797202224,-0.00017890269248255208
3234,0.78955078125,55.912717268562076,5.229282913047968,0.2748511689083557,-0.0001508041807483096
3235,0.789794921875,55.97565034133944,5.249139256121418,0.2750237998446323,-0.0001227056690140671
3236,0.7900390625,56.03858341411684,5.268995599194881,0.27519643078090894,-9.46071572798246e-05
3237,0.7902832031250001,56.10151648689425,5.2888519422683435,0.27536906171718556,-6.650864554558211e-05
3238,0.79052734375,56.16444955967162,5.308708285341792,0.275541692653519,-3.841013381133962e-05
3239,0.790771484375,56.225454316373636,5.3266469510574765,0.27570957930038276,-5.702653140815528e-06
3240,0.791015625,56.28517352902536,5.3433071652013,0.2758743030876758,3.007747358196866e-05
3241,0.791259765625,56.34489274167713,5.359967379345133,0.276039026874912,6.585760030475285e-05
3242,0.7915039062500001,56.40461195432888,5.376627593488965,0.27620375066220504,0.00010163772697069362
3243,0.791748046875,56.464331166980614,5.393287807632788,0.27636847444944124,0.0001374178536934778
3244,0.7919921875,56.52405037963238,5.4099480217766205,0.2765331982367343,0.000173197980416262
3245,0.792236328125,56.58376959228411,5.426608235920444,0.2766979220240273,0.00020897810708220277
3246,0.79248046875,56.64348880493586,5.443268450064275,0.2768626458112635,0.00024475823380498696
3247,0.7927246093750001,56.703208017587635,5.459928664208109,0.27702736959855656,0.00028053836047092773
3248,0.79296875,56.762927230239356,5.476588878351931,0.27719209338579276,0.0003163184871937119
3249,0.793212890625,56.82264644289113,5.4932490924957635,0.2773568171730858,0.0003520986139164961
3250,0.79345703125,56.88236565554284,5.509909306639587,0.27752154096037884,0.0003878787405824369
3251,0.793701171875,56.94208486819461,5.526569520783419,0.27768626474761504,0.00042365886730522107
3252,0.7939453125000001,57.00180408084637,5.543229734927252,0.2778509885349081,0.00045943899402800525
3253,0.794189453125,57.061523293498105,5.559889949071074,0.2780157123221443,0.000495219120693946
3254,0.79443359375,57.12124250614986,5.576550163214907,0.2781804361094373,0.0005309992474167302
3255,0.794677734375,57.18096171880159,5.593210377358729,0.27834515989673037,0.000566779374082671
3256,0.794921875,57.240680931453355,5.609870591502562,0.27850988368396656,0.0006025595008054552
3257,0.7951660156250001,57.30040014410511,5.626530805646394,0.2786746074712596,0.0006383396275282394
3258,0.79541015625,57.36011935675685,5.643191019790217,0.2788393312584958,0.0006741197541941801
3259,0.795654296875,57.4198385694086,5.65985123393405,0.27900405504578885,0.0007098998809169643
3260,0.7958984375,57.47955778206033,5.676511448077872,0.2791687788330819,0.0007456800076397485
3261,0.796142578125,57.53927699471209,5.693171662221705,0.2793335026203181,0.0007814601343056893
3262,0.7963867187500001,57.59899620736386,5.709831876365538,0.27949822640761113,0.0008172402610284735
3263,0.796630859375,57.658715420015575,5.726492090509361,0.2796629501948473,0.0008530203876944142
3264,0.796875,57.718434632667346,5.74315230465319,0.27982767398214037,0.0008888005144171984
3265,0.797119140625,57.77429230365437,5.754992032971244,0.27998461136917285,0.0009328929612024695
3266,0.79736328125,57.83014997464145,5.766831761289305,0.28014154875620534,0.000976985407930897
3267,0.7976074218750001,57.8860076456285,5.778671489607365,0.28029848614329467,0.001021077854716168
3268,0.7978515625,57.94186531661555,5.79051121792542,0.28045542353032715,0.0010651703014445957
3269,0.798095703125,57.997722987602614,5.802350946243481,0.28061236091735964,0.0011092627482298667
3270,0.79833984375,58.05358065858964,5.8141906745615355,0.2807692983043921,0.0011533551949582943
3271,0.798583984375,58.10943832957672,5.826030402879596,0.28092623569148145,0.0011974476417435653
3272,0.7988281250000001,58.16529600056378,5.837870131197657,0.28108317307851394,0.0012415400885288363
3273,0.799072265625,58.22115367155081,5.84970985951571,0.2812401104655464,0.001285632535257264
3274,0.79931640625,58.27701134253789,5.861549587833772,0.2813970478525789,0.001329724982042535
3275,0.799560546875,58.33286901352491,5.873389316151826,0.28155398523966824,0.0013738174287709626
3276,0.7998046875,58.38872668451199,5.885229044469887,0.2817109226267007,0.0014179098755562336
3277,0.8000488281250001,58.444584355499046,5.897068772787948,0.2818678600137332,0.0014620023222846612
3278,0.80029296875,58.50044202648608,5.908908501106002,0.2820247974007657,0.0015060947690699322
3279,0.800537109375,58.55629969747316,5.9207482294240625,0.282181734787855,0.0015501872157983598
3280,0.80078125,58.61215736846018,5.9325879577421174,0.2823386721748875,0.0015942796625836309
3281,0.801025390625,58.66801503944725,5.944427686060178,0.28249560956192,0.0016383721093689019
3282,0.8012695312500001,58.723872710434314,5.956267414378239,0.2826525469489525,0.0016824645560973295
3283,0.801513671875,58.77973038142135,5.968107142696293,0.28280948433598496,0.0017265570028826005
3284,0.8017578125,58.835588052408404,5.979946871014354,0.2829664217230743,0.001770649449611028
3285,0.802001953125,58.89144572339545,5.991786599332407,0.2831233591101068,0.0018147418963962991
3286,0.80224609375,58.947303394382516,6.003626327650469,0.28328029649713926,0.0018588343431247267
3287,0.8024902343750001,59.00316106536958,6.01546605596853,0.28343723388417175,0.0019029267899099978
3288,0.802734375,59.05901873635662,6.027305784286584,0.2835941712712611,0.0019470192366384254
3289,0.802978515625,59.11487640734368,6.039145512604645,0.28375110865829356,0.0019911116834236964
3290,0.80322265625,59.168918446584826,6.04827950285218,0.2839050020855325,0.0020387225395666064
3291,0.803466796875,59.22023703820718,6.053354885993937,0.2840543295731095,0.002091611009745975
3292,0.8037109375000001,59.27155562982952,6.058430269135692,0.2842036570606865,0.002144499479982187
3293,0.803955078125,59.32287422145183,6.063505652277446,0.2843529845482635,0.0021973879501615556
3294,0.80419921875,59.37419281307419,6.068581035419201,0.28450231203584053,0.0022502764203409242
3295,0.804443359375,59.42551140469651,6.0736564185609545,0.28465163952341754,0.0023031648905771362
3296,0.8046875,59.47682999631884,6.078731801702711,0.28480096701099455,0.002356053360756505
3297,0.8049316406250001,59.528148587941196,6.083807184844465,0.28495029449857157,0.0024089418309358734
3298,0.80517578125,59.579467179563515,6.08888256798622,0.2850996219861486,0.0024618303011720855
3299,0.805419921875,59.63078577118586,6.093957951127975,0.2852489494737256,0.002514718771351454
3300,0.8056640625,59.68210436280818,6.099033334269729,0.2853982769613026,0.0025676072415308226
3301,0.805908203125,59.73342295443052,6.104108717411485,0.2855476044488796,0.0026204957117670347
3302,0.8061523437500001,59.78474154605287,6.109184100553241,0.2856969319364566,0.0026733841819464033
3303,0.806396484375,59.83606013767519,6.114259483694994,0.28584625942403363,0.002726272652125772
3304,0.806640625,59.887378729297524,6.11933486683675,0.28599558691161064,0.002779161122361984
3305,0.806884765625,59.93869732091984,6.124410249978503,0.28614491439918766,0.0028320495925413525
3306,0.80712890625,59.9900159125422,6.129485633120259,0.28629424188676467,0.002884938062720721
3307,0.8073730468750001,60.04133450416455,6.1345610162620146,0.2864435693743417,0.002937826532956933
3308,0.8076171875,60.092653095786865,6.139636399403767,0.2865928968619187,0.0029907150031363017
3309,0.807861328125,60.143971687409206,6.144711782545524,0.2867422243494957,0.0030436034733156703
3310,0.80810546875,60.19529027903152,6.149787165687277,0.2868915518370727,0.0030964919435518823
3311,0.808349609375,60.24660887065387,6.154862548829033,0.2870408793246497,0.003149380413731251
3312,0.8085937500000001,60.29792746227621,6.159937931970789,0.28719020681222673,0.003202268883967463
3313,0.808837890625,60.349246053898526,6.165013315112542,0.28733953429980374,0.0032551573541468315
3314,0.80908203125,60.40056464552088,6.170088698254298,0.28748886178738076,0.0033080458243262
3315,0.809326171875,60.45188323714319,6.175164081396051,0.28763818927495777,0.003360934294562412
3316,0.8095703125,60.49901183023579,6.1729928131921135,0.2877816019852162,0.0034210770677418623
3317,0.8098144531250001,60.54509292369595,6.16900988215175,0.2879235360010739,0.0034830334167281762
3318,0.81005859375,60.59117401715607,6.165026951111388,0.2880654700169316,0.00354498976571449
3319,0.810302734375,60.63725511061622,6.1610440200710235,0.2882074040327893,0.003606946114700804
3320,0.810546875,60.68333620407635,6.157061089030661,0.2883493380487039,0.0036689024636302747
3321,0.810791015625,60.72941729753651,6.153078157990296,0.2884912720645616,0.0037308588126165887
3322,0.8110351562500001,60.77549839099666,6.149095226949933,0.2886332060804193,0.0037928151616029027
3323,0.811279296875,60.821579484456784,6.14511229590957,0.288775140096277,0.0038547715105892166
3324,0.8115234375,60.86766057791694,6.141129364869205,0.2889170741121916,0.003916727859575531
3325,0.811767578125,60.91374167137707,6.137146433828844,0.2890590081280493,0.003978684208561845
3326,0.81201171875,60.95982276483723,6.13316350278848,0.289200942143907,0.004040640557491315
3327,0.8122558593750001,61.00590385829739,6.1291805717481145,0.28934287615976473,0.004102596906477629
3328,0.8125,61.05198495175751,6.125197640707753,0.28948481017562244,0.004164553255463943
3329,0.812744140625,61.09806604521766,6.121214709667389,0.289626744191537,0.004226509604450257
3330,0.81298828125,61.144147138677795,6.117231778627026,0.2897686782073947,0.004288465953436571
3331,0.813232421875,61.19022823213795,6.113248847586663,0.28991061222325243,0.0043504223023660415
3332,0.8134765625000001,61.2363093255981,6.109265916546298,0.29005254623911014,0.0044123786513523555
3333,0.813720703125,61.28239041905824,6.105282985505935,0.2901944802550247,0.0044743350003386695
3334,0.81396484375,61.328471512518384,6.101300054465571,0.2903364142708824,0.0045362913493249835
3335,0.814208984375,61.37455260597851,6.097317123425209,0.29047834828674013,0.004598247698311297
3336,0.814453125,61.42063369943866,6.093334192384845,0.29062028230259784,0.004660204047240768
3337,0.8146972656250001,61.46671479289883,6.08935126134448,0.2907622163185124,0.004722160396227082
3338,0.81494140625,61.51279588635895,6.085368330304118,0.2909041503343701,0.004784116745213396
3339,0.815185546875,61.5588769798191,6.081385399263754,0.29104608435022783,0.00484607309419971
3340,0.8154296875,61.604958073279235,6.077402468223392,0.29118801836608554,0.004908029443186024
3341,0.815673828125,61.64985001145553,6.071073248917513,0.29132852172540424,0.004971795784342703
3342,0.8159179687500001,61.68998532849643,6.055358876549566,0.2914633024583395,0.0050428020942945295
3343,0.816162109375,61.730120645537305,6.039644504181628,0.2915980831912748,0.005113808404246356
3344,0.81640625,61.77025596257819,6.02393013181368,0.29173286392421005,0.005184814714141339
3345,0.816650390625,61.810391279619054,6.008215759445742,0.29186764465720216,0.005255821024093166
3346,0.81689453125,61.85052659665995,5.992501387077794,0.29200242539013743,0.005326827334044992
3347,0.8171386718750001,61.890661913700846,5.976787014709847,0.2921372061230727,0.005397833643996819
3348,0.8173828125,61.93079723074171,5.961072642341909,0.29227198685600797,0.005468839953948645
3349,0.817626953125,61.970932547782596,5.945358269973961,0.2924067675890001,0.0055398462638436285
3350,0.81787109375,62.011067864823474,5.929643897606024,0.29254154832193535,0.005610852573795455
3351,0.818115234375,62.05120318186436,5.913929525238075,0.2926763290548706,0.005681858883747282
3352,0.8183593750000001,62.09133849890525,5.898215152870128,0.2928111097878059,0.005752865193699108
3353,0.818603515625,62.131473815946116,5.882500780502189,0.29294589052074116,0.005823871503650935
3354,0.81884765625,62.171609132987015,5.866786408134242,0.29308067125373327,0.005894877813545918
3355,0.819091796875,62.21174445002788,5.851072035766304,0.29321545198666854,0.0059658841234977444
3356,0.8193359375,62.25187976706877,5.835357663398355,0.2933502327196038,0.006036890433449571
3357,0.8195800781250001,62.292015084109664,5.819643291030408,0.2934850134525391,0.0061078967434013975
3358,0.81982421875,62.33215040115054,5.80392891866247,0.2936197941855312,0.006178903053353224
3359,0.820068359375,62.37228571819143,5.7882145462945225,0.29375457491846646,0.006249909363248207
3360,0.8203125,62.41242103523229,5.772500173926584,0.29388935565140173,0.006320915673200034
3361,0.820556640625,62.452556352273184,5.756785801558637,0.294024136384337,0.00639192198315186
3362,0.8208007812500001,62.492691669314084,5.74107142919069,0.29415891711727227,0.006462928293103687
3363,0.821044921875,62.53282698635495,5.725357056822751,0.2942936978502644,0.0065339346030555134
3364,0.8212890625,62.57296230339583,5.709642684454804,0.29442847858319965,0.006604940912950497
3365,0.821533203125,62.61309762043671,5.693928312086865,0.2945632593161349,0.006675947222902323
3366,0.82177734375,62.653232937477604,5.678213939718918,0.2946980400490702,0.00674695353285415
3367,0.8220214843750001,62.689377650767284,5.653613818803232,0.294828677929047,0.006823149686169927
3368,0.822265625,62.72286196155618,5.623089865522419,0.2949565539070136,0.006902805735023776
3369,0.822509765625,62.75634627234507,5.592565912241589,0.2950844298849802,0.006982461783934468
3370,0.82275390625,62.78983058313394,5.5620419589607755,0.2952123058629468,0.007062117832788317
3371,0.822998046875,62.823314893922834,5.531518005679945,0.2953401818409134,0.0071417738816990095
3372,0.8232421875000001,62.856799204711734,5.500994052399113,0.29546805781887997,0.007221429930609702
3373,0.823486328125,62.89028351550062,5.470470099118299,0.29559593379684657,0.007301085979463551
3374,0.82373046875,62.92376782628952,5.439946145837469,0.29572380977481316,0.007380742028374243
3375,0.823974609375,62.95725213707839,5.409422192556655,0.29585168575277976,0.007460398077228092
3376,0.82421875,62.990736447867285,5.3788982392758244,0.29597956173074635,0.007540054126138784
3377,0.8244628906250001,63.024220758656185,5.348374285994993,0.29610743770871295,0.007619710174992633
3378,0.82470703125,63.05770506944506,5.31785033271418,0.29623531368667955,0.007699366223903326
3379,0.824951171875,63.09118938023396,5.287326379433349,0.29636318966464614,0.0077790222727571745
3380,0.8251953125,63.124673691022835,5.256802426152536,0.29649106564261274,0.007858678321667867
3381,0.825439453125,63.158158001811735,5.226278472871705,0.29661894162057933,0.007938334370521716
3382,0.8256835937500001,63.19164231260063,5.1957545195908725,0.29674681759854593,0.008017990419432408
3383,0.825927734375,63.22512662338951,5.165230566310061,0.2968746935765125,0.008097646468286257
3384,0.826171875,63.25861093417841,5.13470661302923,0.2970025695544791,0.00817730251719695
3385,0.826416015625,63.29209524496728,5.104182659748416,0.2971304455324457,0.008256958566050798
3386,0.82666015625,63.32557955575618,5.073658706467585,0.2972583215104123,0.00833661461496149
3387,0.8269042968750001,63.35906386654507,5.043134753186754,0.2973861974883789,0.00841627066381534
3388,0.8271484375,63.39254817733396,5.012610799905941,0.2975140734663455,0.008495926712726032
3389,0.827392578125,63.42603248812285,4.982086846625109,0.2976419494443121,0.00857558276157988
3390,0.82763671875,63.45951679891172,4.9515628933442954,0.2977698254222787,0.008655238810490573
3391,0.827880859375,63.493001109700636,4.921038940063465,0.2978977014002453,0.008734894859344422
3392,0.8281250000000001,63.52648542048952,4.890514986782624,0.2980255773782119,0.008814550908255114
3393,0.828369140625,63.55263104876102,4.8416777918658545,0.2981467917508098,0.008901965618235863
3394,0.82861328125,63.57877667703252,4.7928405969490555,0.2982680061234646,0.008989380328159768
3395,0.828857421875,63.604922305304015,4.744003402032286,0.29838922049606253,0.009076795038140517
3396,0.8291015625,63.63106793357552,4.695166207115489,0.29851043486866047,0.009164209748064422
3397,0.8293457031250001,63.65721356184704,4.6463290121986915,0.2986316492412584,0.009251624458045171
3398,0.82958984375,63.68335919011853,4.597491817281921,0.2987528636139132,0.009339039167969077
3399,0.829833984375,63.70950481839004,4.548654622365123,0.2988740779865111,0.009426453877949825
3400,0.830078125,63.73565044666152,4.4998174274483524,0.29899529235910904,0.00951386858787373
3401,0.830322265625,63.76179607493304,4.450980232531555,0.2991165067317638,0.00960128329785448
3402,0.8305664062500001,63.787941703204545,4.402143037614757,0.29923772110436175,0.009688698007778385
3403,0.830810546875,63.81408733147604,4.353305842697987,0.2993589354769597,0.009776112717759133
3404,0.8310546875,63.84023295974755,4.3044686477811895,0.29948014984961446,0.009863527427739882
3405,0.831298828125,63.86637858801904,4.255631452864419,0.2996013642222124,0.009950942137663787
3406,0.83154296875,63.89252421629055,4.206794257947622,0.29972257859481033,0.010038356847644536
3407,0.8317871093750001,63.918669844562054,4.157957063030825,0.29984379296740826,0.010125771557568441
3408,0.83203125,63.944815472833554,4.109119868114054,0.29996500734006304,0.01021318626754919
3409,0.832275390625,63.970961101105054,4.060282673197256,0.30008622171266097,0.010300600977473096
3410,0.83251953125,63.99710672937656,4.0114454782804865,0.3002074360852589,0.010388015687453844
3411,0.832763671875,64.02325235764806,3.9626082833636884,0.3003286504579137,0.01047543039737775
3412,0.8330078125000001,64.04939798591957,3.9137710884468904,0.3004498648305116,0.010562845107358498
3413,0.833251953125,64.07554361419106,3.8649338935301203,0.30057107920310955,0.010650259817282404
3414,0.83349609375,64.10168924246257,3.816096698613323,0.3006922935757643,0.010737674527263152
3415,0.833740234375,64.12783487073406,3.7672595036965535,0.30081350794836226,0.010825089237243901
3416,0.833984375,64.15398049900557,3.718422308779755,0.3009347223209602,0.010912503947167806
3417,0.8342285156250001,64.18012612727708,3.6695851138629574,0.3010559366935581,0.010999918657148555
3418,0.83447265625,64.2030745066523,3.6118461444135406,0.30117457703158834,0.01108983378890116
3419,0.834716796875,64.22122701268313,3.540754513165099,0.3012893563177954,0.0111834995535105
3420,0.8349609375,64.23937951871395,3.4696628819166975,0.30140413560394563,0.011277165318062998
3421,0.835205078125,64.25753202474476,3.3985712506682564,0.30151891489009586,0.011370831082615496
3422,0.8354492187500001,64.27568453077559,3.327479619419815,0.3016336941762461,0.011464496847167993
3423,0.835693359375,64.29383703680641,3.256387988171414,0.3017484734623963,0.01155816261172049
3424,0.8359375,64.31198954283724,3.1852963569229726,0.30186325274854653,0.011651828376272988
3425,0.836181640625,64.33014204886805,3.114204725674572,0.3019780320347536,0.011745494140825485
3426,0.83642578125,64.34829455489887,3.0431130944261304,0.3020928113209038,0.011839159905377983
3427,0.8366699218750001,64.36644706092969,2.972021463177689,0.30220759060705404,0.01193282566993048
3428,0.8369140625,64.38459956696052,2.900929831929288,0.30232236989320427,0.012026491434482978
3429,0.837158203125,64.40275207299132,2.829838200680847,0.3024371491793545,0.012120157199035475
3430,0.83740234375,64.42090457902215,2.7587465694324456,0.30255192846556156,0.012213822963644816
3431,0.837646484375,64.43905708505297,2.6876549381840045,0.3026667077517118,0.012307488728197313
3432,0.8378906250000001,64.45720959108378,2.616563306935563,0.302781487037862,0.01240115449274981
3433,0.838134765625,64.4753620971146,2.545471675687162,0.30289626632401223,0.012494820257302308
3434,0.83837890625,64.49351460314543,2.4743800444387207,0.30301104561016245,0.012588486021854806
3435,0.838623046875,64.51166710917624,2.40328841319032,0.3031258248963127,0.012682151786407303
3436,0.8388671875,64.52981961520706,2.332196781941878,0.30324060418251975,0.0127758175509598
3437,0.8391113281250001,64.54797212123789,2.261105150693437,0.30335538346866997,0.012869483315512298
3438,0.83935546875,64.5661246272687,2.1900135194450363,0.3034701627548202,0.012963149080064795
3439,0.839599609375,64.58427713329952,2.1189218881965948,0.3035849420409704,0.013056814844617293
3440,0.83984375,64.60242963933034,2.0478302569481937,0.30369972132712064,0.01315048060916979
3441,0.840087890625,64.62058214536117,1.9767386256997523,0.30381450061327087,0.013244146373779131
3442,0.8403320312500001,64.638734651392,1.905646994451311,0.30392927989947793,0.013337812138331628
3443,0.840576171875,64.65688715742282,1.83455536320291,0.30404405918562816,0.013431477902884126
3444,0.8408203125,64.66816125651387,1.7421579751243534,0.3041538516924902,0.013528330590418136
3445,0.841064453125,64.67771575386998,1.6444341478383127,0.30426239750460127,0.01362598000878279
3446,0.84130859375,64.68727025122608,1.5467103205522161,0.30437094331671233,0.0137236294270906
3447,0.8415527343750001,64.69682474858219,1.4489864932661196,0.30447948912876655,0.01382127884539841
3448,0.841796875,64.70637924593831,1.3512626659800786,0.3045880349408776,0.013918928263763064
3449,0.842041015625,64.7159337432944,1.2535388386939819,0.3046965807529318,0.014016577682070874
3450,0.84228515625,64.72548824065052,1.1558150114079409,0.3048051265650429,0.014114227100378685
3451,0.842529296875,64.73504273800663,1.0580911841218443,0.3049136723770971,0.014211876518743338
3452,0.8427734375000001,64.74459723536275,0.9603673568357476,0.30502221818920816,0.014309525937051149
3453,0.843017578125,64.75415173271884,0.8626435295497066,0.3051307640012624,0.014407175355358959
3454,0.84326171875,64.76370623007496,0.7649197022636101,0.30523930981337344,0.014504824773666769
3455,0.843505859375,64.77326072743107,0.6671958749775692,0.30534785562542766,0.014602474192031423
3456,0.84375,64.78281522478717,0.5694720476914725,0.3054564014375387,0.014700123610339233
3457,0.8439941406250001,64.79236972214328,0.471748220405376,0.3055649472496498,0.014797773028647043
3458,0.84423828125,64.80192421949938,0.37402439311933483,0.305673493061704,0.014895422447011697
3459,0.844482421875,64.8114787168555,0.2763005658332384,0.30578203887381505,0.014993071865319507
3460,0.8447265625,64.82103321421161,0.17857673854719733,0.30589058468586927,0.015090721283627317
3461,0.844970703125,64.83058771156772,0.08085291126110072,0.30599913049798033,0.015188370701935128
3462,0.8452148437500001,64.84014220892384,-0.016870916024995658,0.30610767631003455,0.015286020120299781
3463,0.845458984375,64.84969670627993,-0.114594743311037,0.3062162221221456,0.015383669538607592
3464,0.845703125,64.85925120363605,-0.21231857059713338,0.3063247679341998,0.015481318956915402
3465,0.845947265625,64.86880570099216,-0.31004239788317434,0.3064333137463109,0.015578968375280056
3466,0.84619140625,64.87836019834826,-0.4077662251692711,0.3065418595583651,0.015676617793587866
3467,0.8464355468750001,64.88791469570437,-0.5054900524553675,0.30665040537047616,0.015774267211895676
3468,0.8466796875,64.89746919306047,-0.6032138797414084,0.3067589511825872,0.01587191663026033
3469,0.846923828125,64.9051962811743,-0.7072229617770563,0.3068662846297343,0.01596972529142704
3470,0.84716796875,64.90561373231897,-0.8363730628107826,0.3069687686171392,0.016068170923972502
3471,0.847412109375,64.90603118346363,-0.9655231638445825,0.30707125260454404,0.016166616556517965
3472,0.8476562500000001,64.90644863460831,-1.0946732648783823,0.30717373659200575,0.016265062189120272
3473,0.847900390625,64.90686608575297,-1.2238233659121087,0.3072762205794106,0.016363507821665735
3474,0.84814453125,64.90728353689764,-1.3529734669459086,0.3073787045668155,0.016461953454211198
3475,0.848388671875,64.90770098804232,-1.4821235679796347,0.3074811885542772,0.016560399086813504
3476,0.8486328125,64.90811843918698,-1.6112736690134344,0.30758367254168206,0.016658844719358967
3477,0.8488769531250001,64.90853589033163,-1.7404237700472343,0.3076861565291438,0.01675729035190443
3478,0.84912109375,64.90895334147632,-1.8695738710809604,0.30778864051654864,0.016855735984506737
3479,0.849365234375,64.90937079262098,-1.99872397211476,0.3078911245039535,0.0169541816170522
3480,0.849609375,64.90978824376565,-2.127874073148486,0.3079936084914152,0.017052627249597663
3481,0.849853515625,64.91020569491033,-2.2570241741822867,0.3080960924788201,0.01715107288219997
3482,0.8500976562500001,64.91062314605499,-2.386174275216086,0.30819857646622495,0.017249518514745432
3483,0.850341796875,64.91104059719966,-2.5153243762498123,0.30830106045368666,0.017347964147290895
3484,0.8505859375,64.91145804834431,-2.6444744772836124,0.3084035444410915,0.017446409779836358
3485,0.850830078125,64.911875499489,-2.7736245783173388,0.3085060284284964,0.017544855412438665
3486,0.85107421875,64.91229295063366,-2.9027746793511384,0.3086085124159581,0.017643301044984128
3487,0.8513183593750001,64.91271040177833,-3.0319247803849376,0.30871099640336297,0.01774174667752959
3488,0.8515625,64.913127852923,-3.1610748814186644,0.3088134803908247,0.017840192310131897
3489,0.851806640625,64.91354530406767,-3.2902249824524645,0.30891596437822955,0.01793863794267736
3490,0.85205078125,64.91396275521234,-3.4193750834861905,0.3090184483656344,0.018037083575222823
3491,0.852294921875,64.91438020635701,-3.5485251845199905,0.3091209323530961,0.01813552920782513
3492,0.8525390625000001,64.91479765750168,-3.6776752855537898,0.309223416340501,0.018233974840370593
3493,0.852783203125,64.91521510864634,-3.806825386587516,0.30932590032790586,0.018332420472916056
3494,0.85302734375,64.915632559791,-3.9359754876213158,0.30942838431536757,0.018430866105518362
3495,0.853271484375,64.9102931881442,-4.0870786833217965,0.30952731510626563,0.01852722004724683
3496,0.853515625,64.90111593463638,-4.25281727546686,0.3096238770995683,0.01862217952844958
3497,0.8537597656250001,64.89193868112856,-4.418555867611924,0.30972043909287095,0.018717139009652328
3498,0.85400390625,64.88276142762075,-4.584294459756894,0.3098170010861736,0.018812098490855078
3499,0.854248046875,64.87358417411293,-4.750033051901958,0.3099135630794194,0.018907057972057828
3500,0.8544921875,64.86440692060512,-4.915771644046926,0.3100101250727221,0.019002017453260578
3501,0.854736328125,64.8552296670973,-5.08151023619199,0.31010668706602473,0.019096976934463328
3502,0.8549804687500001,64.84605241358949,-5.247248828337055,0.31020324905927055,0.019191936415666078
3503,0.855224609375,64.83687516008168,-5.412987420482024,0.3102998110525732,0.019286895896868828
3504,0.85546875,64.82769790657386,-5.5787260126270874,0.31039637304587586,0.019381855378071577
3505,0.855712890625,64.81852065306606,-5.744464604772057,0.3104929350391217,0.019476814859274327
3506,0.85595703125,64.80934339955823,-5.91020319691712,0.31058949703242433,0.019571774340477077
3507,0.8562011718750001,64.80016614605042,-6.075941789062185,0.310686059025727,0.019666733821679827
3508,0.8564453125,64.7909888925426,-6.2416803812071535,0.31078262101902965,0.019761693302825734
3509,0.856689453125,64.78181163903479,-6.407418973352217,0.31087918301227546,0.019856652784028483
3510,0.85693359375,64.77263438552697,-6.573157565497188,0.3109757450055781,0.019951612265231233
3511,0.857177734375,64.76345713201917,-6.738896157642251,0.3110723069988808,0.020046571746433983
3512,0.8574218750000001,64.75427987851135,-6.904634749787315,0.3111688689921266,0.020141531227636733
3513,0.857666015625,64.74510262500354,-7.070373341932285,0.31126543098542925,0.020236490708839483
3514,0.85791015625,64.73592537149572,-7.236111934077348,0.3113619929787319,0.020331450190042233
3515,0.858154296875,64.72674811798791,-7.401850526222319,0.3114585549719777,0.020426409671244983
3516,0.8583984375,64.7175708644801,-7.56758911836738,0.3115551169652804,0.020521369152447733
3517,0.8586425781250001,64.70839361097228,-7.733327710512445,0.31165167895858303,0.020616328633650483
3518,0.85888671875,64.69921635746446,-7.899066302657416,0.3117482409518857,0.020711288114853232
3519,0.859130859375,64.69003910395665,-8.064804894802478,0.3118448029451315,0.020806247596055982
3520,0.859375,64.68086185044884,-8.230543486947447,0.31194136493843416,0.020901207077258732
3521,0.859619140625,64.66172757375213,-8.438313229950646,0.31203211404613285,0.020987118474920408
3522,0.8598632812500001,64.64259329705543,-8.646082972953844,0.31212286315383153,0.021073029872638926
3523,0.860107421875,64.62345902035874,-8.853852715956924,0.3122136122615302,0.021158941270300602
3524,0.8603515625,64.60432474366203,-9.061622458960121,0.3123043613692289,0.021244852667962277
3525,0.860595703125,64.58519046696533,-9.269392201963202,0.3123951104769276,0.021330764065680796
3526,0.86083984375,64.56605619026864,-9.4771619449664,0.3124858595846831,0.02141667546334247
3527,0.8610839843750001,64.54692191357194,-9.684931687969597,0.3125766086923818,0.02150258686106099
3528,0.861328125,64.52778763687523,-9.892701430972677,0.3126673578000805,0.021588498258722666
3529,0.861572265625,64.50865336017853,-10.100471173975874,0.31275810690777917,0.02167440965638434
3530,0.86181640625,64.48951908348184,-10.308240916978955,0.31284885601547785,0.02176032105410286
3531,0.862060546875,64.47038480678513,-10.516010659982154,0.31293960512317653,0.021846232451764536
3532,0.8623046875000001,64.45125053008843,-10.723780402985351,0.3130303542308752,0.02193214384942621
3533,0.862548828125,64.43211625339174,-10.931550145988432,0.3131211033385739,0.02201805524714473
3534,0.86279296875,64.41298197669504,-11.13931988899163,0.3132118524462726,0.022103966644806405
3535,0.863037109375,64.39384769999833,-11.34708963199471,0.31330260155397127,0.022189878042524924
3536,0.86328125,64.37471342330163,-11.554859374997907,0.31339335066166996,0.0222757894401866
3537,0.8635253906250001,64.35557914660492,-11.762629118001104,0.3134840997694255,0.022361700837848275
3538,0.86376953125,64.33644486990823,-11.970398861004185,0.31357484887712417,0.022447612235566794
3539,0.864013671875,64.31731059321153,-12.178168604007384,0.31366559798482285,0.02253352363322847
3540,0.8642578125,64.29817631651484,-12.385938347010462,0.31375634709252154,0.022619435030890145
3541,0.864501953125,64.27904203981814,-12.593708090013662,0.3138470962002202,0.022705346428608664
3542,0.8647460937500001,64.25990776312143,-12.80147783301686,0.3139378453079189,0.02279125782627034
3543,0.864990234375,64.24077348642474,-13.009247576019941,0.3140285944156176,0.022877169223932015
3544,0.865234375,64.22163920972802,-13.217017319023137,0.3141193435233163,0.022963080621650533
3545,0.865478515625,64.20250493303134,-13.424787062026217,0.31421009263101496,0.02304899201931221
3546,0.86572265625,64.17928568152371,-13.651601592637627,0.3142985493882975,0.023128473218207546
3547,0.8659667968750001,64.14993896779971,-13.906983304661415,0.31438356761992736,0.02319830911886811
3548,0.8662109375,64.12059225407573,-14.162365016685053,0.3144685858515004,0.023268145019528674
3549,0.866455078125,64.09124554035172,-14.41774672870884,0.31455360408313027,0.02333798092018924
3550,0.86669921875,64.06189882662774,-14.67312844073248,0.31463862231476014,0.023407816820849803
3551,0.866943359375,64.03255211290374,-14.928510152756264,0.31472364054633317,0.023477652721510367
3552,0.8671875000000001,64.00320539917973,-15.183891864780051,0.31480865877796305,0.02354748862217093
3553,0.867431640625,63.97385868545575,-15.439273576803693,0.3148936770095361,0.023617324522831495
3554,0.86767578125,63.94451197173175,-15.69465528882748,0.31497869524116595,0.02368716042349206
3555,0.867919921875,63.915165258007775,-15.950037000851118,0.3150637134727958,0.023756996324152624
3556,0.8681640625,63.88581854428376,-16.205418712874902,0.31514873170436886,0.023826832224813188
3557,0.8684082031250001,63.85647183055976,-16.46080042489869,0.31523374993599873,0.023896668125473752
3558,0.86865234375,63.82712511683579,-16.716182136922328,0.31531876816757176,0.023966504026134317
3559,0.868896484375,63.79777840311178,-16.971563848946115,0.31540378639920164,0.02403633992679488
3560,0.869140625,63.768431689387796,-17.226945560969757,0.3154888046308315,0.024106175827455445
3561,0.869384765625,63.73908497566379,-17.48232727299354,0.31557382286240454,0.02417601172811601
3562,0.8696289062500001,63.70973826193979,-17.737708985017328,0.3156588410940344,0.024245847628776573
3563,0.869873046875,63.6803915482158,-17.99309069704097,0.3157438593256643,0.024315683529437138
3564,0.8701171875,63.651044834491806,-18.248472409064753,0.3158288775572373,0.024385519430097702
3565,0.870361328125,63.62169812076782,-18.503854121088395,0.3159138957888672,0.024455355330758266
3566,0.87060546875,63.592351407043815,-18.75923583311218,0.3159989140204402,0.02452519123141883
3567,0.8708496093750001,63.56300469331982,-19.014617545135966,0.3160839322520701,0.024595027132079395
3568,0.87109375,63.53365797959582,-19.269999257159608,0.3161689504837,0.02466486303273996
3569,0.871337890625,63.50431126587183,-19.525380969183388,0.316253968715273,0.024734698933400523
3570,0.87158203125,63.47496455214783,-19.78076268120703,0.3163389869469029,0.024804534834061087
3571,0.871826171875,63.445617838423836,-20.036144393230817,0.3164240051784759,0.02487437073472165
3572,0.8720703125000001,63.407989059224946,-20.33401827175526,0.3165044871196301,0.024924412782183936
3573,0.872314453125,63.36828976365738,-20.64251519190468,0.31658383498808007,0.02496950636634665
3574,0.87255859375,63.32859046808978,-20.951012112054272,0.31666318285653006,0.02501459995045252
3575,0.872802734375,63.28889117252221,-21.259509032203688,0.3167425307250369,0.025059693534615235
3576,0.873046875,63.24919187695461,-21.56800595235328,0.31682187859348687,0.02510478711877795
3577,0.8732910156250001,63.20949258138702,-21.87650287250287,0.3169012264619937,0.025149880702940663
3578,0.87353515625,63.169793285819445,-22.184999792652288,0.3169805743304437,0.025194974287103378
3579,0.873779296875,63.13009399025185,-22.493496712801882,0.3170599221988937,0.025240067871266092
3580,0.8740234375,63.09039469468428,-22.801993632951294,0.3171392700674005,0.025285161455428806
3581,0.874267578125,63.050695399116684,-23.110490553100888,0.3172186179358505,0.02533025503959152
3582,0.8745117187500001,63.01099610354909,-23.418987473250482,0.3172979658043573,0.025375348623754235
3583,0.874755859375,62.97129680798152,-23.727484393399898,0.3173773136728073,0.02542044220791695
3584,0.875,62.93159751241392,-24.03598131354949,0.31745666154131413,0.025465535792079663
3585,0.875244140625,62.89189821684635,-24.344478233698908,0.3175360094097641,0.025510629376242377
3586,0.87548828125,62.852198921278756,-24.6529751538485,0.3176153572782141,0.02555572296040509
3587,0.8757324218750001,62.81249962571116,-24.96147207399809,0.31769470514672093,0.025600816544567806
3588,0.8759765625,62.77280033014359,-25.269968994147508,0.3177740530151709,0.02564591012873052
3589,0.876220703125,62.733101034575995,-25.5784659142971,0.31785340088367775,0.025691003712893234
3590,0.87646484375,62.69340173900843,-25.88696283444652,0.31793274875212774,0.02573609729705595
3591,0.876708984375,62.65370244344083,-26.195459754596108,0.3180120966205777,0.025781190881218663
3592,0.8769531250000001,62.614003147873234,-26.5039566747457,0.31809144448908455,0.025826284465381377
3593,0.877197265625,62.57430385230566,-26.81245359489512,0.31817079235753454,0.02587137804954409
3594,0.87744140625,62.53460455673807,-27.12095051504471,0.31825014022604137,0.025916471633706806
3595,0.877685546875,62.494905261170494,-27.429447435194128,0.31832948809449135,0.025961565217812677
3596,0.8779296875,62.4552059656029,-27.73794435534372,0.31840883596294134,0.02600665880197539
3597,0.8781738281250001,62.413432067229756,-28.058087087061956,0.318487058957885,0.026044714150486925
3598,0.87841796875,62.36335975763452,-28.424813065054465,0.3185607824585759,0.026054616556109522
3599,0.878662109375,62.31328744803926,-28.791539043047177,0.31863450595932363,0.026064518961788963
3600,0.87890625,62.26321513844402,-29.158265021039686,0.31870822946001454,0.026074421367468403
3601,0.879150390625,62.21314282884876,-29.524990999032404,0.3187819529607623,0.026084323773091
3602,0.8793945312500001,62.16307051925349,-29.891716977025116,0.3188556764614532,0.02609422617877044
3603,0.879638671875,62.11299820965825,-30.258442955017625,0.3189293999621441,0.02610412858444988
3604,0.8798828125,62.062925900062986,-30.62516893301034,0.31900312346289184,0.026114030990129322
3605,0.880126953125,62.01285359046775,-30.99189491100285,0.31907684696358274,0.02612393339575192
3606,0.88037109375,61.96278128087247,-31.358620888995564,0.3191505704643305,0.02613383580143136
3607,0.8806152343750001,61.912708971277205,-31.72534686698828,0.3192242939650214,0.0261437382071108
3608,0.880859375,61.86263666168197,-32.092072844980784,0.3192980174657123,0.02615364061279024
3609,0.881103515625,61.812564352086696,-32.4587988229735,0.31937174096646004,0.026163543018412838
3610,0.88134765625,61.76249204249146,-32.82552480096601,0.31944546446715094,0.02617344542409228
3611,0.881591796875,61.712419732896194,-33.19225077895872,0.3195191879678987,0.02618334782977172
3612,0.8818359375000001,61.662347423300936,-33.55897675695144,0.3195929114685896,0.02619325023545116
3613,0.882080078125,61.612275113705685,-33.92570273494395,0.3196666349692805,0.026203152641073757
3614,0.88232421875,61.56220280411042,-34.29242871293667,0.31974035847002824,0.026213055046753198
3615,0.882568359375,61.512130494515176,-34.65915469092917,0.31981408197071914,0.026222957452432638
3616,0.8828125,61.46205818491992,-35.025880668921886,0.3198878054714669,0.02623285985811208
3617,0.8830566406250001,61.411985875324646,-35.3926066469146,0.3199615289721578,0.026242762263734676
3618,0.88330078125,61.36191356572942,-35.75933262490711,0.3200352524728487,0.026252664669414116
3619,0.883544921875,61.311841256134144,-36.12605860289983,0.32010897597359644,0.026262567075093557
3620,0.8837890625,61.26176894653891,-36.492784580892334,0.32018269947428735,0.026272469480716154
3621,0.884033203125,61.21169663694364,-36.85951055888505,0.32025642297497825,0.026282371886395595
3622,0.8842773437500001,61.16162432734836,-37.226236536877764,0.320330146475726,0.026292274292075035
3623,0.884521484375,61.10538772146857,-37.630474537834495,0.32040051889413235,0.026273672486865962
3624,0.884765625,61.045041584732374,-38.05972055410091,0.32046865725777707,0.026236067874378932
3625,0.885009765625,60.9846954479962,-38.488966570367104,0.32053679562136494,0.026198463261948746
3626,0.88525390625,60.924349311259995,-38.91821258663352,0.3206049339849528,0.026160858649461716
3627,0.8854980468750001,60.864003174523795,-39.34745860289994,0.3206730723485407,0.026123254036974686
3628,0.8857421875,60.803657037787616,-39.776704619166125,0.3207412107121286,0.0260856494245445
3629,0.885986328125,60.743310901051416,-40.20595063543255,0.32080934907571645,0.02604804481205747
3630,0.88623046875,60.682964764315244,-40.635196651698735,0.32087748743930433,0.02601044019957044
3631,0.886474609375,60.62261862757905,-41.06444266796516,0.3209456258028922,0.025972835587140253
3632,0.8867187500000001,60.562272490842844,-41.493688684231586,0.3210137641664801,0.025935230974653223
3633,0.886962890625,60.50192635410668,-41.92293470049776,0.32108190253006796,0.025897626362166193
3634,0.88720703125,60.441580217370465,-42.352180716764195,0.32115004089365584,0.025860021749736006
3635,0.887451171875,60.3812340806343,-42.78142673303037,0.3212181792572437,0.025822417137248976
3636,0.8876953125,60.32088794389809,-43.210672749296805,0.3212863176208316,0.02578481252481879
3637,0.8879394531250001,60.2605418071619,-43.63991876556322,0.3213544559844195,0.02574720791233176
3638,0.88818359375,60.200195670425735,-44.06916478182941,0.32142259434800735,0.02570960329984473
3639,0.888427734375,60.13984953368953,-44.498410798095826,0.32149073271159523,0.025671998687414543
3640,0.888671875,60.079503396953356,-44.92765681436201,0.3215588710751831,0.025634394074927513
3641,0.888916015625,60.01915726021715,-45.356902830628435,0.3216270094388278,0.025596789462440483
3642,0.8891601562500001,59.95881112348094,-45.78614884689486,0.3216951478024157,0.025559184850010297
3643,0.889404296875,59.89846498674477,-46.215394863161045,0.3217632861660036,0.025521580237523267
3644,0.8896484375,59.838118850008584,-46.64464087942746,0.32183142452959146,0.02548397562509308
3645,0.889892578125,59.777772713272405,-47.07388689569365,0.32189956289317934,0.02544637101260605
3646,0.89013671875,59.717426576536205,-47.50313291196007,0.3219677012567672,0.02540876640011902
3647,0.8903808593750001,59.6570804398,-47.932378928226505,0.3220358396203551,0.025371161787688834
3648,0.890625,59.59673430306383,-48.36162494449268,0.32210397798394297,0.025333557175201804
3649,0.890869140625,59.526328103414045,-48.8562772798885,0.322166571649916,0.025234269564521128
3650,0.89111328125,59.45592190376429,-49.35092961528404,0.3222291653158891,0.025134981953840452
3651,0.891357421875,59.3855157041145,-49.84558195067985,0.322291758981919,0.025035694343159776
3652,0.8916015625000001,59.31510950446471,-50.34023428607567,0.32235435264789203,0.024936406732535943
3653,0.891845703125,59.24470330481496,-50.834886621471206,0.3224169463138651,0.024837119121855267
3654,0.89208984375,59.174297105165174,-51.329538956867026,0.32247953997983814,0.02473783151117459
3655,0.892333984375,59.10389090551542,-51.82419129226256,0.3225421336458112,0.024638543900493914
3656,0.892578125,59.03348470586563,-52.31884362765838,0.3226047273118411,0.024539256289813238
3657,0.8928222656250001,58.963078506215844,-52.813495963054194,0.32266732097781414,0.024439968679132562
3658,0.89306640625,58.8926723065661,-53.30814829844973,0.3227299146437872,0.024340681068451886
3659,0.893310546875,58.82226610691631,-53.80280063384555,0.32279250830976025,0.02424139345777121
3660,0.8935546875,58.751859907266564,-54.297452969241085,0.3228551019757333,0.024142105847147377
3661,0.893798828125,58.681453707616775,-54.792105304636905,0.32291769564170636,0.0240428182364667
3662,0.8940429687500001,58.61104750796697,-55.28675764003272,0.32298028930773626,0.023943530625786025
3663,0.894287109375,58.54064130831723,-55.78140997542826,0.3230428829737093,0.02384424301510535
3664,0.89453125,58.47023510866744,-56.276062310824074,0.32310547663968237,0.023744955404424672
3665,0.894775390625,58.39982890901769,-56.770714646219616,0.3231680703056554,0.023645667793743996
3666,0.89501953125,58.329422709367904,-57.26536698161543,0.3232306639716285,0.02354638018306332
3667,0.8952636718750001,58.259016509718116,-57.76001931701125,0.32329325763765837,0.023447092572439487
3668,0.8955078125,58.18861031006837,-58.25467165240678,0.3233558513036314,0.02334780496175881
3669,0.895751953125,58.11820411041858,-58.7493239878026,0.3234184449696045,0.023248517351078135
3670,0.89599609375,58.047797910768836,-59.24397632319813,0.32348103863557753,0.02314922974039746
3671,0.896240234375,57.97739171111905,-59.73862865859395,0.3235436323015506,0.023049942129716783
3672,0.8964843750000001,57.906985511469244,-60.23328099398977,0.3236062259675805,0.022950654519036107
3673,0.896728515625,57.8365793118195,-60.72793332938531,0.32366881963355354,0.02285136690835543
3674,0.89697265625,57.76227635606738,-61.2490390559523,0.32372921517026043,0.022721047559286944
3675,0.897216796875,57.682128266161804,-61.809824869275715,0.32378631351303966,0.02254418060260832
3676,0.8974609375,57.60198017625618,-62.37061068259948,0.3238434118558189,0.0223673136459297
3677,0.8977050781250001,57.521832086350564,-62.93139649592321,0.3239005101985981,0.022190446689251075
3678,0.89794921875,57.441683996444986,-63.49218230924664,0.32395760854137734,0.022013579732572452
3679,0.898193359375,57.36153590653937,-64.05296812257038,0.32401470688415657,0.02183671277589383
3680,0.8984375,57.2813878166338,-64.61375393589381,0.32407180522687895,0.02165984581927205
3681,0.898681640625,57.201239726728176,-65.17453974921756,0.3241289035696582,0.021482978862593427
3682,0.8989257812500001,57.121091636822555,-65.73532556254129,0.3241860019124374,0.021306111905914804
3683,0.899169921875,57.040943546916985,-66.29611137586471,0.32424310025521663,0.02112924494923618
3684,0.8994140625,56.960795457011365,-66.85689718918846,0.32430019859799586,0.020952377992557558
3685,0.899658203125,56.88064736710578,-67.41768300251188,0.3243572969407751,0.020775511035878935
3686,0.89990234375,56.80049927720016,-67.97846881583563,0.3244143952835543,0.020598644079200312
3687,0.9001464843750001,56.72035118729454,-68.53925462915936,0.32447149362633354,0.02042177712252169
3688,0.900390625,56.64020309738897,-69.10004044248278,0.32452859196911277,0.020244910165843066
3689,0.900634765625,56.56005500748335,-69.66082625580654,0.324585690311892,0.020068043209164443
3690,0.90087890625,56.47990691757778,-70.22161206912996,0.3246427886546712,0.01989117625248582
3691,0.901123046875,56.39975882767216,-70.7823978824537,0.32469988699745045,0.019714309295807197
3692,0.9013671875000001,56.31961073776654,-71.34318369577744,0.3247569853402297,0.019537442339128575
3693,0.901611328125,56.23946264786097,-71.90396950910086,0.3248140836830089,0.01936057538244995
3694,0.90185546875,56.15931455795534,-72.46475532242461,0.32487118202578813,0.01918370842577133
3695,0.902099609375,56.07916646804977,-73.02554113574803,0.32492828036856736,0.019006841469092706
3696,0.90234375,55.99901837814415,-73.58632694907176,0.3249853787113466,0.018829974512414083
3697,0.9025878906250001,55.91887028823854,-74.14711276239551,0.3250424770541258,0.01865310755573546
3698,0.90283203125,55.83872219833295,-74.70789857571896,0.32509957539690504,0.018476240599056837
3699,0.903076171875,55.75857410842733,-75.26868438904268,0.32515667373968427,0.018299373642378214
3700,0.9033203125,55.670958397726174,-75.88047692774683,0.32520942816427123,0.01804660465171537
3701,0.903564453125,55.58147578182608,-76.50502114779653,0.3252610966092675,0.01777486015254226
3702,0.9038085937500001,55.49199316592597,-77.12956536784618,0.32531276505426376,0.01750311565336915
3703,0.904052734375,55.402510550025916,-77.75410958789551,0.3253644334993169,0.01723137115419604
3704,0.904296875,55.313027934125806,-78.37865380794518,0.32541610194431314,0.016959626654966087
3705,0.904541015625,55.22354531822576,-79.0031980279945,0.3254677703893094,0.016687882155792977
3706,0.90478515625,55.13406270232566,-79.62774224804419,0.3255194388343625,0.016416137656619867
3707,0.9050292968750001,55.044580086425555,-80.25228646809387,0.3255711072793588,0.016144393157446757
3708,0.9052734375,54.9550974705255,-80.8768306881432,0.32562277572435505,0.015872648658273647
3709,0.905517578125,54.8656148546254,-81.50137490819286,0.32567444416940816,0.015600904159100537
3710,0.90576171875,54.77613223872534,-82.12591912824219,0.32572611261440443,0.015329159659870584
3711,0.906005859375,54.686649622825236,-82.75046334829186,0.3257777810594007,0.015057415160697474
3712,0.9062500000000001,54.59716700692513,-83.37500756834156,0.3258294495044538,0.014785670661524364
3713,0.906494140625,54.50768439102509,-83.99955178839087,0.32588111794945007,0.014513926162351254
3714,0.90673828125,54.418201775124984,-84.62409600844055,0.32593278639444634,0.014242181663178144
3715,0.906982421875,54.32871915922493,-85.24864022848988,0.3259844548394426,0.01397043716394819
3716,0.9072265625,54.23923654332483,-85.87318444853955,0.3260361232844957,0.01369869266477508
3717,0.9074707031250001,54.149753927424726,-86.49772866858922,0.326087791729492,0.01342694816560197
3718,0.90771484375,54.06027131152468,-87.12227288863853,0.32613946017448825,0.01315520366642886
3719,0.907958984375,53.97078869562457,-87.74681710868823,0.32619112861954136,0.01288345916725575
3720,0.908203125,53.88130607972452,-88.37136132873755,0.3262427970645376,0.01261171466808264
3721,0.908447265625,53.79182346382441,-88.99590554878722,0.3262944655095339,0.012339970168852687
3722,0.9086914062500001,53.702340847924305,-89.62044976883689,0.326346133954587,0.012068225669679578
3723,0.908935546875,53.61285823202426,-90.24499398888622,0.32639780239958327,0.011796481170506468
3724,0.9091796875,53.523375616124156,-90.8695382089359,0.32644947084457954,0.011524736671333358
3725,0.909423828125,53.43212143209464,-91.50551236814773,0.3265000708567527,0.011230385153623956
3726,0.90966796875,53.33378097554718,-92.18720628401006,0.3265463971374629,0.010845605561655702
3727,0.9099121093750001,53.235440518999724,-92.86890019987239,0.32659272341823,0.010460825969744292
3728,0.91015625,53.13710006245232,-93.5505941157343,0.3266390496989402,0.010076046377832881
3729,0.910400390625,53.03875960590486,-94.23228803159662,0.3266853759796504,0.00969126678592147
3730,0.91064453125,52.94041914935745,-94.91398194745855,0.3267317022604175,0.00930648719401006
3731,0.910888671875,52.84207869281,-95.59567586332088,0.3267780285411277,0.008921707602041806
3732,0.9111328125000001,52.74373823626254,-96.2773697791832,0.3268243548218379,0.008536928010130396
3733,0.911376953125,52.64539777971515,-96.95906369504515,0.326870681102605,0.008152148418218985
3734,0.91162109375,52.547057323167685,-97.64075761090747,0.3269170073833152,0.007767368826307575
3735,0.911865234375,52.44871686662028,-98.3224515267694,0.3269633336640254,0.007382589234396164
3736,0.912109375,52.350376410072826,-99.00414544263172,0.3270096599447925,0.00699780964242791
3737,0.9123535156250001,52.252035953525365,-99.68583935849404,0.3270559862255027,0.0066130300505165
3738,0.91259765625,52.15369549697796,-100.36753327435598,0.3271023125062129,0.006228250458605089
3739,0.912841796875,52.055355040430506,-101.04922719021829,0.32714863878698,0.0058434708666936785
3740,0.9130859375,51.95701458388311,-101.73092110608022,0.3271949650676902,0.005458691274782268
3741,0.913330078125,51.85867412733565,-102.41261502194253,0.3272412913484004,0.0050739116828708575
3742,0.9135742187500001,51.76033367078819,-103.09430893780487,0.32728761762916747,0.0046891320909026035
3743,0.913818359375,51.661993214240795,-103.77600285366681,0.3273339439098777,0.004304352498991193
3744,0.9140625,51.56365275769333,-104.45769676952912,0.3273802701905879,0.0039195729070797825
3745,0.914306640625,51.465312301145936,-105.13939068539106,0.32742659647135497,0.003534793315168372
3746,0.91455078125,51.366971844598474,-105.82108460125338,0.3274729227520652,0.0031500137232569614
3747,0.9147949218750001,51.26863138805102,-106.5027785171157,0.3275192490327754,0.0027652341312887074
3748,0.9150390625,51.17029093150362,-107.18447243297763,0.32756557531354247,0.002380454539377297
3749,0.915283203125,51.07195047495616,-107.86616634883995,0.3276119015942527,0.0019956749474658864
3750,0.91552734375,50.973610018408756,-108.54786026470188,0.3276582278749629,0.0016108953555544758
3751,0.915771484375,50.87026819795782,-109.25656346466701,0.3277014180358151,0.0011473659382659207
3752,0.9160156250000001,50.76359213490457,-109.98327285403403,0.3277425174500195,0.0006313366373547069
3753,0.916259765625,50.656916071851384,-110.70998224340062,0.3277836168642807,0.00011530733644349311
3754,0.91650390625,50.55024000879813,-111.43669163276763,0.3278247162784851,-0.00040072196441087726
3755,0.916748046875,50.44356394574493,-112.16340102213424,0.3278658156927463,-0.0009167512653220911
3756,0.9169921875,50.33688788269168,-112.89011041150124,0.3279069151069507,-0.0014327805661764614
3757,0.9172363281250001,50.23021181963842,-113.61681980086824,0.3279480145212119,-0.0019488098670876752
3758,0.91748046875,50.123535756585234,-114.34352919023483,0.3279891139354163,-0.0024648391679420456
3759,0.917724609375,50.01685969353198,-115.07023857960185,0.3280302133496207,-0.0029808684688532594
3760,0.91796875,49.91018363047879,-115.79694796896845,0.3280713127638819,-0.003496897769764473
3761,0.918212890625,49.803507567425534,-116.52365735833546,0.3281124121780863,-0.004012927070618844
3762,0.9184570312500001,49.69683150437228,-117.25036674770249,0.3281535115923475,-0.004528956371530057
3763,0.918701171875,49.59015544131909,-117.97707613706909,0.3281946110065519,-0.005044985672384428
3764,0.9189453125,49.48347937826584,-118.70378552643606,0.3282357104208131,-0.0055610149732956415
3765,0.919189453125,49.37680331521264,-119.43049491580267,0.3282768098350175,-0.006077044274206855
3766,0.91943359375,49.27012725215939,-120.15720430516967,0.3283179092492787,-0.006593073575061226
3767,0.9196777343750001,49.163451189106134,-120.8839136945367,0.3283590086634831,-0.0071091028759724395
3768,0.919921875,49.05677512605294,-121.6106230839033,0.3284001080776875,-0.00762513217682681
3769,0.920166015625,48.95009906299969,-122.33733247327031,0.3284412074919487,-0.008141161477738024
3770,0.92041015625,48.8434229999465,-123.06404186263691,0.3284823069061531,-0.008657190778592394
3771,0.920654296875,48.73674693689325,-123.79075125200393,0.3285234063204143,-0.009173220079503608
3772,0.9208984375000001,48.63007087384,-124.51746064137092,0.3285645057346187,-0.009689249380414822
3773,0.921142578125,48.52339481078679,-125.24417003073752,0.32860560514887993,-0.010205278681269192
3774,0.92138671875,48.41671874773355,-125.97087942010452,0.3286467045630843,-0.010721307982180406
3775,0.921630859375,48.310042684680354,-126.69758880947113,0.32868780397734554,-0.011237337283034776
3776,0.921875,48.2033666216271,-127.42429819883814,0.3287289033915499,-0.01175336658394599
3777,0.9221191406250001,48.08889604855372,-128.17697904967469,0.3287649230076113,-0.012417841541093821
3778,0.92236328125,47.9744254754804,-128.92965990051079,0.3288009426236158,-0.013082316498241653
3779,0.922607421875,47.859954902407026,-129.68234075134734,0.3288369622396772,-0.013746791455389484
3780,0.9228515625,47.745484329333706,-130.43502160218347,0.3288729818556817,-0.014411266412537316
3781,0.923095703125,47.63101375626032,-131.18770245302,0.32890900147174307,-0.015075741369685147
3782,0.9233398437500001,47.51654318318694,-131.94038330385652,0.32894502108780443,-0.01574021632683298
3783,0.923583984375,47.402072610113635,-132.69306415469265,0.32898104070380896,-0.01640469128398081
3784,0.923828125,47.287602037040244,-133.44574500552918,0.3290170603198703,-0.01706916624112864
3785,0.924072265625,47.17313146396693,-134.1984258563653,0.32905307993587485,-0.017733641198276473
3786,0.92431640625,47.05866089089355,-134.95110670720183,0.3290890995519362,-0.018398116155424304
3787,0.9245605468750001,46.944190317820166,-135.70378755803836,0.3291251191679976,-0.019062591112572136
3788,0.9248046875,46.82971974474685,-136.45646840887449,0.3291611387840021,-0.019727066069719967
3789,0.925048828125,46.71524917167348,-137.209149259711,0.32919715840006347,-0.0203915410268678
3790,0.92529296875,46.60077859860016,-137.96183011054714,0.329233178016068,-0.02105601598401563
3791,0.925537109375,46.486308025526775,-138.71451096138367,0.32926919763212936,-0.02172049094116346
3792,0.9257812500000001,46.37183745245339,-139.4671918122202,0.32930521724819073,-0.022384965898311293
3793,0.926025390625,46.25736687938008,-140.21987266305635,0.32934123686419525,-0.023049440855459125
3794,0.92626953125,46.1428963063067,-140.97255351389288,0.3293772564802566,-0.023713915812606956
3795,0.926513671875,46.028425733233384,-141.72523436472898,0.32941327609626114,-0.024378390769754787
3796,0.9267578125,45.91395516016,-142.47791521556553,0.3294492957123225,-0.02504286572690262
3797,0.9270019531250001,45.79948458708662,-143.23059606640206,0.3294853153283839,-0.02570734068405045
3798,0.92724609375,45.685014014013305,-143.9832769172382,0.3295213349443884,-0.026371815641198282
3799,0.927490234375,45.57054344093992,-144.73595776807474,0.32955735456044977,-0.027036290598346113
3800,0.927734375,45.45607286786661,-145.48863861891084,0.3295933741764543,-0.027700765555493945
3801,0.927978515625,45.341602294793226,-146.24131946974737,0.32962939379251566,-0.028365240512641776
3802,0.9282226562500001,45.224226604160826,-146.99346471068483,0.3296634542958259,-0.029095034712327106
3803,0.928466796875,45.10249323718998,-147.74480653677313,0.3296945761301231,-0.029922807775847104
3804,0.9287109375,44.98075987021907,-148.4961483628619,0.32972569796436346,-0.030750580839367103
3805,0.928955078125,44.85902650324822,-149.2474901889502,0.32975681979860383,-0.0315783539028871
3806,0.92919921875,44.73729313627731,-149.99883201503897,0.32978794163290104,-0.03240612696635026
3807,0.9294433593750001,44.615559769306394,-150.75017384112775,0.3298190634671414,-0.033233900029870256
3808,0.9296875,44.49382640233554,-151.50151566721604,0.32985018530138177,-0.034061673093390255
3809,0.929931640625,44.37209303536463,-152.25285749330482,0.329881307135679,-0.03488944615691025
3810,0.93017578125,44.250359668393784,-153.00419931939314,0.32991242896991935,-0.03571721922043025
3811,0.930419921875,44.12862630142287,-153.75554114548189,0.32994355080421656,-0.03654499228389341
3812,0.9306640625000001,44.006892934451955,-154.5068829715706,0.3299746726384569,-0.037372765347413406
3813,0.930908203125,43.885159567481104,-155.25822479765898,0.3300057944726973,-0.038200538410933405
3814,0.93115234375,43.763426200510196,-156.00956662374773,0.3300369163069945,-0.0390283114744534
3815,0.931396484375,43.641692833539345,-156.76090844983605,0.33006803814123487,-0.03985608453791656
3816,0.931640625,43.51995946656843,-157.51225027592483,0.33009915997547523,-0.04068385760143656
3817,0.9318847656250001,43.39822609959751,-158.26359210201355,0.33013028180977244,-0.041511630664956556
3818,0.93212890625,43.276492732626664,-159.0149339281019,0.3301614036440128,-0.042339403728476555
3819,0.932373046875,43.15475936565575,-159.76627575419064,0.3301925254782532,-0.04316717679199655
3820,0.9326171875,43.033025998684906,-160.51761758027897,0.3302236473125504,-0.04399494985545971
3821,0.932861328125,42.91129263171399,-161.2689594063677,0.33025476914679075,-0.04482272291897971
3822,0.9331054687500001,42.78955926474307,-162.02030123245646,0.33028589098108796,-0.045650495982499706
3823,0.933349609375,42.667825897772225,-162.77164305854478,0.3303170128153283,-0.046478269046019705
3824,0.93359375,42.54609253080131,-163.52298488463353,0.3303481346495687,-0.0473060421095397
3825,0.933837890625,42.42435916383047,-164.27432671072185,0.3303792564838659,-0.04813381517300286
3826,0.93408203125,42.30262579685955,-165.02566853681063,0.33041037831810627,-0.04896158823652286
3827,0.9343261718750001,42.18089242988863,-165.77701036289938,0.33044150015234663,-0.049789361300042856
3828,0.9345703125,42.05374409037443,-166.4978994680068,0.3304688791063768,-0.05075658377603531
3829,0.934814453125,41.92524200772431,-167.21117539286945,0.3304953223402549,-0.051758668605145886
3830,0.93505859375,41.79673992507426,-167.92445131773164,0.3305217655741899,-0.05276075343425646
3831,0.935302734375,41.66823784242415,-168.6377272425943,0.33054820880812485,-0.05376283826336703
3832,0.9355468750000001,41.539735759774025,-169.3510031674569,0.330574652042003,-0.054764923092534445
3833,0.935791015625,41.411233677123974,-170.0642790923191,0.33060109527593795,-0.05576700792164502
3834,0.93603515625,41.28273159447385,-170.7775550171817,0.3306275385098729,-0.05676909275075559
3835,0.936279296875,41.15422951182381,-171.49083094204394,0.33065398174375105,-0.05777117757986616
3836,0.9365234375,41.02572742917369,-172.20410686690656,0.330680424977686,-0.058773262408976734
3837,0.9367675781250001,40.89722534652358,-172.9173827917692,0.330706868211621,-0.059775347238087306
3838,0.93701171875,40.768723263873525,-173.6306587166314,0.33073331144555596,-0.06077743206725472
3839,0.937255859375,40.6402211812234,-174.34393464149403,0.3307597546794341,-0.061779516896365294
3840,0.9375,40.511719098573366,-175.05721056635622,0.33078619791336905,-0.06278160172547587
3841,0.937744140625,40.38321701592324,-175.77048649121886,0.330812641147304,-0.06378368655458644
3842,0.9379882812500001,40.25471493327312,-176.48376241608148,0.33083908438118215,-0.06478577138369701
3843,0.938232421875,40.12621285062308,-177.19703834094372,0.3308655276151171,-0.06578785621286443
3844,0.9384765625,39.99771076797296,-177.9103142658063,0.3308919708490521,-0.066789941041975
3845,0.938720703125,39.86920868532292,-178.62359019066852,0.33091841408298706,-0.06779202587108557
3846,0.93896484375,39.740706602672795,-179.33686611553117,0.3309448573168652,-0.06879411070019614
3847,0.9392089843750001,39.61220452002267,-180.05014204039375,0.33097130055080015,-0.06979619552930671
3848,0.939453125,39.483702437372635,-180.76341796525597,0.3309977437847351,-0.07079828035841729
3849,0.939697265625,39.35520035472251,-181.4766938901186,0.33102418701861325,-0.0718003651875847
3850,0.93994140625,39.22669827207246,-182.1899698149808,0.3310506302525482,-0.07280245001669527
3851,0.940185546875,39.098196189422346,-182.90324573984344,0.3310770734864832,-0.07380453484580585
3852,0.9404296875000001,38.96969410677223,-183.61652166470606,0.3311035167203613,-0.07480661967491642
3853,0.940673828125,38.83992425894567,-184.31281346860501,0.3311290757731058,-0.07584469760286083
3854,0.94091796875,38.70508335041302,-184.94116878865123,0.3311510981009178,-0.07702674792608377
3855,0.941162109375,38.570242441880445,-185.56952410869707,0.33117312042878666,-0.07820879824936355
3856,0.94140625,38.43540153334779,-186.1978794287433,0.33119514275659867,-0.07939084857258649
3857,0.9416503906250001,38.300560624815134,-186.8262347487895,0.3312171650844675,-0.08057289889580943
3858,0.94189453125,38.16571971628255,-187.45459006883536,0.33123918741227953,-0.08175494921908921
3859,0.942138671875,38.03087880774991,-188.0829453888816,0.3312612097401484,-0.08293699954231215
3860,0.9423828125,37.89603789921732,-188.71130070892744,0.3312832320679604,-0.08411904986553509
3861,0.942626953125,37.761196990684674,-189.33965602897365,0.33130525439582925,-0.08530110018881487
3862,0.9428710937500001,37.626356082152014,-189.96801134901986,0.33132727672364126,-0.08648315051203781
3863,0.943115234375,37.49151517361945,-190.5963666690657,0.3313492990515101,-0.08766520083526075
3864,0.943359375,37.35667426508679,-191.22472198911194,0.3313713213793221,-0.08884725115854053
3865,0.943603515625,37.22183335655421,-191.8530773091578,0.331393343707191,-0.09002930148176347
3866,0.94384765625,37.086992448021554,-192.481432629204,0.331415366035003,-0.0912113518049864
3867,0.9440917968750001,36.952151539488895,-193.10978794925023,0.33143738836287184,-0.09239340212820935
3868,0.9443359375,36.81731063095632,-193.73814326929607,0.33145941069068385,-0.09357545245148913
3869,0.944580078125,36.68246972242366,-194.36649858934229,0.3314814330185527,-0.09475750277471207
3870,0.94482421875,36.547628813891095,-194.99485390938815,0.3315034553463647,-0.095939553097935
3871,0.945068359375,36.412787905358435,-195.62320922943437,0.33152547767423357,-0.09712160342121479
3872,0.9453125000000001,36.277946996825776,-196.25156454948058,0.3315475000021024,-0.09830365374443772
3873,0.945556640625,36.1431060882932,-196.87991986952645,0.33156952232991443,-0.09948570406766066
3874,0.94580078125,36.00826517976054,-197.50827518957266,0.3315915446577833,-0.10066775439094044
3875,0.946044921875,35.873424271227975,-198.1366305096185,0.3316135669855953,-0.10184980471416338
3876,0.9462890625,35.738583362695316,-198.7649858296647,0.33163558931346415,-0.10303185503738632
3877,0.9465332031250001,35.60374245416266,-199.39334114971095,0.33165761164127616,-0.1042139053606661
3878,0.94677734375,35.46890154563008,-200.02169646975682,0.331679633969145,-0.10539595568388904
3879,0.947021484375,35.33046292864657,-200.56490086039142,0.3316991818226711,-0.10668535992579109
3880,0.947265625,35.189625839362556,-201.0513379647514,0.33171708002674904,-0.1080463334467936
3881,0.947509765625,35.04878875007848,-201.53777506911166,0.33173497823077014,-0.1094073069677961
3882,0.9477539062500001,34.90795166079439,-202.02421217347188,0.3317528764348481,-0.11076828048874177
3883,0.947998046875,34.76711457151038,-202.51064927783185,0.33177077463886917,-0.11212925400974427
3884,0.9482421875,34.62627748222629,-202.9970863821921,0.3317886728429471,-0.11349022753074678
3885,0.948486328125,34.48544039294228,-203.48352348655206,0.3318065710469682,-0.11485120105174929
3886,0.94873046875,34.3446033036582,-203.9699605909123,0.33182446925104614,-0.11621217457275179
3887,0.9489746093750001,34.203766214374106,-204.45639769527256,0.33184236745506723,-0.1175731480937543
3888,0.94921875,34.06292912509009,-204.94283479963252,0.3318602656590883,-0.1189341216147568
3889,0.949462890625,33.92209203580601,-205.42927190399274,0.33187816386316626,-0.12029509513575931
3890,0.94970703125,33.781254946522004,-205.9157090083527,0.33189606206718736,-0.12165606865676182
3891,0.949951171875,33.640417857237914,-206.40214611271293,0.3319139602712653,-0.12301704217770748
3892,0.9501953125000001,33.49958076795382,-206.88858321707318,0.3319318584752864,-0.12437801569870999
3893,0.950439453125,33.35874367866982,-207.37502032143314,0.3319497566793643,-0.1257389892197125
3894,0.95068359375,33.21790658938573,-207.8614574257934,0.3319676548833854,-0.127099962740715
3895,0.950927734375,33.077069500101715,-208.34789453015335,0.33198555308746336,-0.1284609362617175
3896,0.951171875,32.93623241081764,-208.83433163451363,0.33200345129148445,-0.12982190978272
3897,0.9514160156250001,32.79539532153355,-209.32076873887385,0.3320213494955624,-0.13118288330372252
3898,0.95166015625,32.65455823224954,-209.80720584323382,0.3320392476995835,-0.13254385682472503
3899,0.951904296875,32.51372114296545,-210.29364294759404,0.3320571459036614,-0.13390483034572753
3900,0.9521484375,32.37288405368144,-210.780080051954,0.3320750441076825,-0.1352658038666732
3901,0.952392578125,32.232046964397355,-211.26651715631425,0.33209294231176045,-0.1366267773876757
3902,0.9526367187500001,32.091209875113265,-211.7529542606745,0.33211084051578155,-0.1379877509086782
3903,0.952880859375,31.95037278582926,-212.23939136503446,0.3321287387198595,-0.13934872442968071
3904,0.953125,31.80953569654516,-212.7258284693946,0.3321466369238806,-0.14070969795068322
3905,0.953369140625,31.662940008861487,-213.00411766955366,0.33216074676664675,-0.1422409643557785
3906,0.95361328125,31.516344321177726,-213.2824068697129,0.3321748566094129,-0.14377223076087375
3907,0.9538574218750001,31.369748633493966,-213.56069606987214,0.3321889664521791,-0.14530349716596902
3908,0.9541015625,31.223152945810288,-213.8389852700312,0.3322030762949453,-0.1468347635710643
3909,0.954345703125,31.076557258126527,-214.11727447019047,0.33221718613771145,-0.14836602997615955
3910,0.95458984375,30.929961570442853,-214.39556367034953,0.3322312959804776,-0.14989729638125482
3911,0.954833984375,30.783365882759092,-214.67385287050874,0.3322454058232438,-0.15142856278635008
3912,0.9550781250000001,30.63677019507533,-214.952142070668,0.3322595156660668,-0.15295982919144535
3913,0.955322265625,30.490174507391654,-215.23043127082707,0.332273625508833,-0.15449109559654062
3914,0.95556640625,30.34357881970789,-215.5087204709863,0.33228773535159917,-0.15602236200163588
3915,0.955810546875,30.19698313202421,-215.78700967114537,0.33230184519436534,-0.15755362840673115
3916,0.9560546875,30.05038744434045,-216.06529887130463,0.3323159550371315,-0.15908489481182642
3917,0.9562988281250001,29.903791756656688,-216.34358807146384,0.3323300648798977,-0.16061616121692168
3918,0.95654296875,29.757196068973013,-216.6218772716229,0.33234417472266387,-0.16214742762201695
3919,0.956787109375,29.610600381289252,-216.90016647178214,0.33235828456543004,-0.16367869402711221
3920,0.95703125,29.464004693605578,-217.1784556719412,0.3323723944081962,-0.16520996043220748
3921,0.957275390625,29.317409005921817,-217.45674487210047,0.3323865042509624,-0.1667412268373596
3922,0.9575195312500001,29.17081331823805,-217.73503407225968,0.33240061409372856,-0.16827249324245486
3923,0.957763671875,29.02421763055438,-218.01332327241875,0.33241472393649474,-0.16980375964755012
3924,0.9580078125,28.877621942870615,-218.291612472578,0.3324288337792609,-0.1713350260526454
3925,0.958251953125,28.731026255186944,-218.56990167273707,0.3324429436220271,-0.17286629245774066
3926,0.95849609375,28.584430567503176,-218.8481908728963,0.33245705346479326,-0.17439755886283592
3927,0.9587402343750001,28.437834879819416,-219.12648007305555,0.33247116330755944,-0.1759288252679312
3928,0.958984375,28.291239192135738,-219.4047692732146,0.3324852731503256,-0.17746009167302645
3929,0.959228515625,28.144643504451977,-219.68305847337385,0.33249938299314863,-0.17899135807812172
3930,0.95947265625,27.99579300392917,-219.84868549405041,0.3325121271035414,-0.18058418201707127
3931,0.959716796875,27.84356028414756,-219.8453192455031,0.3325228226154877,-0.1822693422567454
3932,0.9599609375000001,27.691327564365963,-219.84195299695574,0.33253351812743404,-0.18395450249641954
3933,0.960205078125,27.539094844584447,-219.83858674840843,0.33254421363938036,-0.1856396627361505
3934,0.96044921875,27.386862124802846,-219.8352204998611,0.33255490915126984,-0.18732482297582465
3935,0.960693359375,27.23462940502133,-219.83185425131376,0.33256560466321616,-0.18900998321555562
3936,0.9609375,27.08239668523973,-219.82848800276642,0.3325763001751625,-0.19069514345522975
3937,0.9611816406250001,26.930163965458124,-219.82512175421905,0.3325869956871088,-0.1923803036949039
3938,0.96142578125,26.777931245676612,-219.82175550567172,0.33259769119905513,-0.19406546393463486
3939,0.961669921875,26.625698525895007,-219.81838925712438,0.3326083867109446,-0.195750624174309
3940,0.9619140625,26.473465806113495,-219.81502300857707,0.33261908222289094,-0.19743578441403997
3941,0.962158203125,26.32123308633189,-219.8116567600297,0.33262977773483726,-0.1991209446537141
3942,0.9624023437500001,26.16900036655029,-219.8082905114824,0.3326404732467836,-0.20080610489338824
3943,0.962646484375,26.016767646768773,-219.80492426293506,0.33265116875867307,-0.2024912651331192
3944,0.962890625,25.864534926987172,-219.80155801438772,0.3326618642706194,-0.20417642537279335
3945,0.963134765625,25.712302207205656,-219.79819176584036,0.3326725597825657,-0.20586158561252432
3946,0.96337890625,25.560069487424055,-219.79482551729305,0.33268325529451204,-0.20754674585219846
3947,0.9636230468750001,25.407836767642454,-219.79145926874568,0.33269395080645836,-0.2092319060918726
3948,0.9638671875,25.255604047860942,-219.78809302019837,0.33270464631834784,-0.21091706633160356
3949,0.964111328125,25.103371328079334,-219.78472677165104,0.33271534183029416,-0.2126022265712777
3950,0.96435546875,24.95113860829782,-219.7813605231037,0.3327260373422405,-0.21428738681100867
3951,0.964599609375,24.798905888516217,-219.77799427455636,0.3327367328541868,-0.2159725470506828
3952,0.9648437500000001,24.64667316873462,-219.77462802600903,0.33274742836613314,-0.21765770729041378
3953,0.965087890625,24.494440448953103,-219.77126177746166,0.3327581238780226,-0.21934286753008791
3954,0.96533203125,24.342207729171502,-219.76789552891432,0.33276881938996894,-0.22102802776976205
3955,0.965576171875,24.189975009389986,-219.76452928036701,0.33277951490191526,-0.22271318800949302
3956,0.9658203125,24.03323486548545,-219.47353162506934,0.33278780779102135,-0.22450272764456258
3957,0.9660644531250001,23.875367865550185,-219.11062611808399,0.33279550002436054,-0.22631836212843837
3958,0.96630859375,23.717500865615005,-218.74772061109877,0.33280319225775656,-0.228133996612371
3959,0.966552734375,23.55963386567974,-218.38481510411336,0.3328108844911526,-0.22994963109624678
3960,0.966796875,23.40176686574456,-218.0219095971282,0.3328185767244918,-0.2317652655801794
3961,0.967041015625,23.243899865809293,-217.6590040901428,0.3328262689578878,-0.23358090006405519
3962,0.9672851562500001,23.086032865874024,-217.2960985831574,0.33283396119128383,-0.2353965345479878
3963,0.967529296875,22.928165865938848,-216.93319307617222,0.332841653424623,-0.2372121690318636
3964,0.9677734375,22.77029886600358,-216.57028756918683,0.33284934565801905,-0.23902780351579622
3965,0.968017578125,22.612431866068402,-216.20738206220165,0.3328570378914151,-0.240843437999672
3966,0.96826171875,22.454564866133133,-215.84447655521626,0.3328647301248111,-0.24265907248360463
3967,0.9685058593750001,22.296697866197867,-215.48157104823085,0.3328724223581503,-0.24447470696748042
3968,0.96875,22.138830866262683,-215.1186655412457,0.3328801145915463,-0.24629034145141304
3969,0.968994140625,21.980963866327418,-214.75576003426028,0.33288780682494234,-0.24810597593534567
3970,0.96923828125,21.82309686639224,-214.3928545272751,0.33289549905828153,-0.24992161041922145
3971,0.969482421875,21.665229866456976,-214.0299490202897,0.33290319129167756,-0.2517372449031541
3972,0.9697265625000001,21.507362866521703,-213.66704351330432,0.3329108835250736,-0.25355287938702986
3973,0.969970703125,21.349495866586526,-213.30413800631914,0.3329185757584696,-0.2553685138709625
3974,0.97021484375,21.191628866651257,-212.94123249933372,0.3329262679918088,-0.25718414835483827
3975,0.970458984375,21.03376186671608,-212.57832699234856,0.33293396022520483,-0.2589997828387709
3976,0.970703125,20.87589486678081,-212.21542148536315,0.33294165245860086,-0.2608154173226467
3977,0.9709472656250001,20.718027866845542,-211.85251597837777,0.33294934469194004,-0.2626310518065793
3978,0.97119140625,20.560160866910365,-211.48961047139258,0.33295703692533607,-0.2644466862904551
3979,0.971435546875,20.402293866975096,-211.1267049644072,0.3329647291587321,-0.2662623207743877
3980,0.9716796875,20.24442686703992,-210.763799457422,0.3329724213920713,-0.2680779552582635
3981,0.971923828125,20.085411029641868,-210.31322328999363,0.33297960224285816,-0.2699139535949939
3982,0.9721679687500001,19.921799842392677,-209.51196448079284,0.33298473756309477,-0.2718314073429724
3983,0.972412109375,19.75818865514357,-208.71070567159245,0.33298987288327453,-0.27374886109095087
3984,0.97265625,19.59457746789438,-207.90944686239166,0.33299500820351113,-0.27566631483892934
3985,0.972900390625,19.430966280645272,-207.1081880531913,0.33300014352374774,-0.2775837685869078
3986,0.97314453125,19.26735509339608,-206.3069292439905,0.33300527884398434,-0.2795012223348863
3987,0.9733886718750001,19.10374390614688,-205.5056704347897,0.3330104141641641,-0.28141867608286475
3988,0.9736328125,18.940132718897782,-204.70441162558936,0.3330155494844007,-0.2833361298308432
3989,0.973876953125,18.776521531648584,-203.9031528163885,0.3330206848046373,-0.2852535835788217
3990,0.97412109375,18.612910344399477,-203.10189400718818,0.3330258201248739,-0.28717103732680016
3991,0.974365234375,18.449299157150286,-202.30063519798736,0.3330309554451105,-0.28908849107477863
3992,0.9746093750000001,18.285687969901087,-201.49937638878657,0.3330360907652903,-0.2910059448227571
3993,0.974853515625,18.122076782651988,-200.69811757958618,0.3330412260855269,-0.29292339857067873
3994,0.97509765625,17.95846559540279,-199.8968587703854,0.3330463614057635,-0.2948408523186572
3995,0.975341796875,17.79485440815369,-199.09559996118503,0.3330514967260001,-0.29675830606663567
3996,0.9755859375,17.63124322090449,-198.29434115198424,0.3330566320462367,-0.29867575981461414
3997,0.9758300781250001,17.4676320336553,-197.4930823427834,0.33306176736641646,-0.3005932135625926
3998,0.97607421875,17.304020846406193,-196.69182353358306,0.33306690268665307,-0.3025106673105711
3999,0.976318359375,17.140409659156997,-195.89056472438227,0.33307203800688967,-0.30442812105854955
4000,0.9765625,16.976798471907895,-195.0893059151819,0.3330771733271263,-0.306345574806528
4001,0.976806640625,16.8131872846587,-194.2880471059811,0.3330823086473629,-0.3082630285545065
4002,0.9770507812500001,16.649576097409504,-193.4867882967803,0.33308744396754264,-0.31018048230248496
4003,0.977294921875,16.4859649101604,-192.6855294875799,0.33309257928777924,-0.31209793605046343
4004,0.9775390625,16.322353722911203,-191.88427067837912,0.33309771460801585,-0.3140153897984419
4005,0.977783203125,16.158742535662103,-191.08301186917876,0.33310284992825245,-0.31593284354642037
4006,0.97802734375,15.995131348412908,-190.28175305997794,0.3331079852484322,-0.31785029729439884
4007,0.9782714843750001,15.827949482063422,-189.171575540071,0.33311187417569954,-0.3198101778132809
4008,0.978515625,15.658387162980517,-187.85545221302763,0.33311493217422594,-0.32179834284619346
4009,0.978759765625,15.488824843897515,-186.53932888598356,0.33311799017275234,-0.323786507879106
4010,0.97900390625,15.319262524814606,-185.22320555894026,0.3331210481713356,-0.3257746729119617
4011,0.979248046875,15.149700205731607,-183.9070822318962,0.333124106169862,-0.32776283794487426
4012,0.9794921875000001,14.980137886648604,-182.5909589048521,0.33312716416844523,-0.3297510029777868
4013,0.979736328125,14.810575567565696,-181.27483557780883,0.33313022216697163,-0.3317391680106425
4014,0.97998046875,14.641013248482693,-179.95871225076473,0.3331332801655549,-0.33372733304355506
4015,0.980224609375,14.471450929399788,-178.6425889237214,0.3331363381640813,-0.3357154980764676
4016,0.98046875,14.301888610316785,-177.32646559667734,0.3331393961626077,-0.3377036631093233
4017,0.9807128906250001,14.132326291233783,-176.01034226963327,0.3331424541611909,-0.33969182814223586
4018,0.98095703125,13.962763972150878,-174.69421894258994,0.3331455121597173,-0.3416799931751484
4019,0.981201171875,13.793201653067875,-173.3780956155459,0.33314857015830057,-0.3436681582080041
4020,0.9814453125,13.623639333984967,-172.06197228850255,0.333151628156827,-0.34565632324091666
4021,0.981689453125,13.454077014901966,-170.7458489614585,0.3331546861553534,-0.3476444882738292
4022,0.9819335937500001,13.284514695818961,-169.42972563441447,0.3331577441539366,-0.3496326533066849
4023,0.982177734375,13.114952376736056,-168.1136023073711,0.333160802152463,-0.35162081833959746
4024,0.982421875,12.945390057653052,-166.79747898032707,0.33316386015104626,-0.35360898337251
4025,0.982666015625,12.775827738570147,-165.48135565328374,0.33316691814957267,-0.3555971484053657
4026,0.98291015625,12.606265419487144,-164.16523232623967,0.3331699761481559,-0.35758531343827826
4027,0.9831542968750001,12.436703100404142,-162.84910899919558,0.3331730341466823,-0.3595734784711908
4028,0.9833984375,12.267140781321235,-161.5329856721523,0.3331760921452087,-0.3615616435040465
4029,0.983642578125,12.097578462238232,-160.2168623451082,0.33317915014379196,-0.36354980853695906
4030,0.98388671875,11.928016143155327,-158.90073901806488,0.33318220814231836,-0.3655379735698716
4031,0.984130859375,11.758453824072323,-157.58461569102082,0.3331852661409016,-0.3675261386027273
4032,0.9843750000000001,11.588891504989316,-156.26849236397643,0.333188324139428,-0.36951430363563986
4033,0.984619140625,11.413101987891578,-154.36523910624183,0.3331898152833901,-0.3715432196173083
4034,0.98486328125,11.23731247079374,-152.46198584850615,0.3331913064273522,-0.37357213559897673
4035,0.985107421875,11.061522953695999,-150.55873259077154,0.33319279757131426,-0.3756010515805883
4036,0.9853515625,10.885733436598157,-148.65547933303588,0.33319428871527634,-0.37762996756225675
4037,0.9855957031250001,10.709943919500319,-146.7522260753002,0.3331957798591816,-0.3796588835439252
4038,0.98583984375,10.53415440240258,-144.84897281756557,0.33319727100314367,-0.3816877995255936
4039,0.986083984375,10.35836488530474,-142.94571955982988,0.33319876214710575,-0.3837167155072052
4040,0.986328125,10.182575368206999,-141.0424663020953,0.33320025329106784,-0.38574563148887364
4041,0.986572265625,10.006785851109159,-139.13921304435962,0.3332017444350299,-0.3877745474705421
4042,0.9868164062500001,9.830996334011319,-137.23595978662397,0.333203235578992,-0.3898034634522105
4043,0.987060546875,9.65520681691358,-135.33270652888936,0.3332047267229541,-0.39183237943387894
4044,0.9873046875,9.479417299815742,-133.42945327115368,0.3332062178669162,-0.39386129541549053
4045,0.987548828125,9.303627782718003,-131.52620001341907,0.3332077090108214,-0.39589021139715896
4046,0.98779296875,9.127838265620161,-129.62294675568342,0.3332092001547835,-0.3979191273788274
4047,0.9880371093750001,8.952048748522323,-127.71969349794772,0.3332106912987456,-0.39994804336049583
4048,0.98828125,8.776259231424582,-125.8164402402131,0.33321218244270767,-0.4019769593421074
4049,0.988525390625,8.600469714326742,-123.91318698247743,0.33321367358666976,-0.40400587532377585
4050,0.98876953125,8.424680197229003,-122.00993372474282,0.33321516473063184,-0.4060347913054443
4051,0.989013671875,8.248890680131163,-120.10668046700715,0.3332166558745939,-0.4080637072871127
4052,0.9892578125000001,8.073101163033323,-118.20342720927147,0.333218147018556,-0.4100926232687243
4053,0.989501953125,7.897311645935584,-116.30017395153688,0.33321963816246125,-0.41212153925039274
4054,0.98974609375,7.721522128837743,-114.39692069380119,0.33322112930642334,-0.4141504552320612
4055,0.989990234375,7.5457326117400045,-112.4936674360666,0.3332226204503854,-0.4161793712137296
4056,0.990234375,7.369943094642165,-110.59041417833092,0.3332241115943475,-0.41820828719539804
4057,0.9904785156250001,7.194153577544325,-108.68716092059523,0.3332256027383096,-0.42023720317700963
4058,0.99072265625,7.015753258940506,-106.52160783824932,0.3332266826943737,-0.422272561403247
4059,0.990966796875,6.833436738077457,-103.96260501898468,0.3332271458685909,-0.4243175829963093
4060,0.9912109375,6.651120217214513,-101.40360219972146,0.33322760904286497,-0.42636260458931474
4061,0.991455078125,6.468803696351464,-98.8445993804568,0.33322807221708217,-0.42840762618237704
4062,0.9916992187500001,6.286487175488417,-96.28559656119214,0.3332285353913562,-0.4304526477753825
4063,0.991943359375,6.104170654625472,-93.72659374192894,0.3332289985655734,-0.4324976693684448
4064,0.9921875,5.921854133762424,-91.16759092266426,0.33322946173984747,-0.4345426909615071
4065,0.992431640625,5.739537612899479,-88.60858810340106,0.33322992491406467,-0.43658771255451256
4066,0.99267578125,5.557221092036432,-86.04958528413638,0.3332303880883387,-0.43863273414757487
4067,0.9929199218750001,5.374904571173384,-83.49058246487172,0.3332308512625559,-0.44067775574063717
4068,0.9931640625,5.192588050310439,-80.93157964560851,0.33323131443682996,-0.4427227773336426
4069,0.993408203125,5.010271529447391,-78.37257682634386,0.33323177761104716,-0.4447677989267049
4070,0.99365234375,4.827955008584447,-75.81357400708065,0.3332322407853212,-0.44681282051976723
4071,0.993896484375,4.6456384877214,-73.25457118781597,0.3332327039595384,-0.4488578421127727
4072,0.9941406250000001,4.463321966858351,-70.6955683685513,0.33323316713381246,-0.450902863705835
4073,0.994384765625,4.281005445995407,-68.13656554928811,0.33323363030802966,-0.4529478852988973
4074,0.99462890625,4.098688925132358,-65.57756273002344,0.3332340934823037,-0.45499290689190275
4075,0.994873046875,3.916372404269415,-63.01855991076024,0.3332345566565209,-0.45703792848496505
4076,0.9951171875,3.734055883406366,-60.45955709149557,0.33323501983079495,-0.45908295007802735
4077,0.9953613281250001,3.5517393625433185,-57.90055427223091,0.33323548300501216,-0.4611279716710328
4078,0.99560546875,3.3694228416803744,-55.3415514529677,0.3332359461792862,-0.4631729932640951
4079,0.995849609375,3.1871063208173265,-52.782548633703044,0.3332364093535034,-0.46521801485710057
4080,0.99609375,3.0047897999543824,-50.22354581443983,0.33323687252777745,-0.46726303645016287
4081,0.996337890625,2.822473279091334,-47.66454299517517,0.33323733570199465,-0.4693080580432252
4082,0.9965820312500001,2.640156758228286,-45.10554017591051,0.3332377988762687,-0.47135307963623063
4083,0.996826171875,2.4578402373653416,-42.5465373566473,0.3332382620504859,-0.47339810122929293
4084,0.9970703125,2.2700408748681555,-39.40756574324436,0.33323835468536345,-0.47544416145115065
4085,0.997314453125,2.0808708019625386,-36.12360193130842,0.33323835468536345,-0.47749048133022143
4086,0.99755859375,1.8917007290568142,-32.83963811937062,0.33323835468536345,-0.4795368012092922
4087,0.9978027343750001,1.7025306561510898,-29.555674307432803,0.33323835468536345,-0.481583121088363
4088,0.998046875,1.5133605832454728,-26.271710495496865,0.33323835468536345,-0.48362944096743377
4089,0.998291015625,1.3241905103397484,-22.987746683559056,0.33323835468536345,-0.48567576084650455
4090,0.99853515625,1.1350204374341315,-19.703782871623115,0.33323835468536345,-0.4877220807255753
4091,0.998779296875,0.9458503645284071,-16.41981905968531,0.33323835468536345,-0.4897684006046461
4092,0.9990234375000001,0.7566802916226827,-13.135855247747504,0.33323835468536345,-0.4918147204837169
4093,0.999267578125,0.5675102187170658,-9.851891435811561,0.33323835468536345,-0.49386104036278766
4094,0.99951171875,0.37834014581134146,-6.5679276238737545,0.33323835468536345,-0.49590736024185844
4095,0.999755859375,0.1891700729057244,-3.283963811937813,0.33323835468536345,-0.4979536801209292
4096,1.0,0.0,0.0,0.33323835468536345,-0.5
