index,coordinate,U_at_X0.5,W_at_Z0.5,theta_vertical,theta_horizontal
0,0.0,0.0,0.0,-0.33328887934510476,0.5
1,0.000244140625,-0.18909166063963384,3.2845743794173328,-0.33328887934510476,0.4979536739805326
2,0.00048828125,-0.3781833212792677,6.5691487588346655,-0.33328887934510476,0.49590734796106517
3,0.0007324218750000001,-0.5672749819189016,9.853723138251999,-0.33328887934510476,0.49386102194159776
4,0.0009765625,-0.7563666425585354,13.138297517669331,-0.33328887934510476,0.49181469592213034
5,0.001220703125,-0.9454583031981691,16.42287189708666,-0.33328887934510476,0.4897683699026629
6,0.0014648437500000002,-1.1345499638378032,19.707446276503997,-0.33328887934510476,0.4877220438831955
7,0.001708984375,-1.323641624477437,22.99202065592133,-0.33328887934510476,0.4856757178637281
8,0.001953125,-1.5127332851170707,26.276595035338662,-0.33328887934510476,0.4836293918442607
9,0.002197265625,-1.7018249457567045,29.56116941475599,-0.33328887934510476,0.48158306582479327
10,0.00244140625,-1.8909166063963383,32.84574379417332,-0.33328887934510476,0.47953673980532585
11,0.002685546875,-2.0800082670359723,36.13031817359066,-0.33328887934510476,0.47749041378585844
12,0.0029296875000000004,-2.2690999276756063,39.414892553007995,-0.33328887934510476,0.475444087766391
13,0.003173828125,-2.456820775681162,42.55445325615508,-0.3332887867417753,0.4733980210632467
14,0.00341796875,-2.6390583731504074,45.113959254221136,-0.3332883237250712,0.47135299162562205
15,0.003662109375,-2.8212959706196514,47.6734652522872,-0.3332878607083103,0.4693079621879406
16,0.00390625,-3.003533568088896,50.232971250353266,-0.3332873976916062,0.46726293275031594
17,0.004150390625,-3.1857711655581413,52.79247724841933,-0.3332869346749021,0.4652179033126913
18,0.00439453125,-3.3680087630273854,55.351983246485396,-0.333286471658198,0.4631728738750098
19,0.004638671875,-3.55024636049663,57.911489244551454,-0.33328600864149394,0.4611278444373852
20,0.0048828125,-3.732483957965875,60.47099524261752,-0.33328554562478985,0.4590828149997037
21,0.005126953125,-3.91472155543512,63.030501240683584,-0.3332850826080289,0.4570377855620791
22,0.00537109375,-4.096959152904365,65.59000723874966,-0.3332846195913248,0.4549927561243976
23,0.005615234375,-4.279196750373609,68.14951323681572,-0.33328415657462074,0.45294772668677297
24,0.005859375000000001,-4.461434347842855,70.7090192348818,-0.33328369355791665,0.4509026972490915
25,0.006103515625,-4.643671945312097,73.26852523294784,-0.33328323054121256,0.44885766781146685
26,0.00634765625,-4.825909542781343,75.82803123101391,-0.33328276752450847,0.4468126383738422
27,0.006591796875,-5.008147140250588,78.38753722907998,-0.33328230450774754,0.44476760893616074
28,0.0068359375,-5.190384737719833,80.94704322714605,-0.33328184149104345,0.4427225794985361
29,0.007080078125000001,-5.372622335189077,83.50654922521211,-0.33328137847433936,0.44067755006085463
30,0.00732421875,-5.554859932658322,86.06605522327818,-0.3332809154576353,0.43863252062323
31,0.007568359375,-5.737097530127566,88.62556122134423,-0.3332804524409312,0.4365874911855485
32,0.0078125,-5.919335127596811,91.1850672194103,-0.3332799894242271,0.4345424617479239
33,0.008056640625,-6.101572725066056,93.74457321747639,-0.33327952640746616,0.43249743231029925
34,0.00830078125,-6.283810322535301,96.30407921554244,-0.3332790633907621,0.43045240287261777
35,0.008544921875,-6.466047920004543,98.86358521360849,-0.333278600374058,0.42840737343499313
36,0.0087890625,-6.64828551747379,101.42309121167457,-0.3332781373573539,0.42636234399731165
37,0.009033203125,-6.830523114943035,103.98259720974063,-0.3332776743406498,0.424317314559687
38,0.00927734375,-7.01276071241228,106.54210320780669,-0.3332772113238889,0.42227228512200554
39,0.009521484375,-7.191081947462132,108.70810135113264,-0.33327613165062075,0.42023691115940665
40,0.009765625,-7.3667922742323935,110.6117609246318,-0.3332746408729008,0.41820797418012035
41,0.010009765625,-7.542502601002654,112.51542049813095,-0.3332731500951809,0.41617903720083405
42,0.01025390625,-7.718212927772913,114.41908007163013,-0.33327165931746094,0.41415010022154775
43,0.010498046874999998,-7.893923254543172,116.32273964512926,-0.333270168539741,0.41212116324226145
44,0.0107421875,-8.069633581313434,118.22639921862846,-0.33326867776202107,0.410092226263032
45,0.010986328125,-8.245343908083695,120.1300587921276,-0.33326718698430113,0.4080632892837457
46,0.01123046875,-8.421054234853955,122.03371836562677,-0.3332656962065812,0.4060343523044594
47,0.011474609375,-8.596764561624216,123.93737793912592,-0.33326420542886126,0.4040054153251731
48,0.011718750000000002,-8.772474888394475,125.84103751262509,-0.3332627146511413,0.4019764783458868
49,0.011962890625,-8.948185215164736,127.74469708612425,-0.3332612238734214,0.3999475413666005
50,0.01220703125,-9.123895541934997,129.6483566596234,-0.33325973309570145,0.3979186043873142
51,0.012451171875,-9.299605868705257,131.55201623312257,-0.3332582423179815,0.3958896674080279
52,0.0126953125,-9.475316195475516,133.4556758066217,-0.3332567515402616,0.39386073042879843
53,0.012939453125000002,-9.651026522245777,135.35933538012088,-0.33325526076254164,0.39183179344951213
54,0.01318359375,-9.826736849016038,137.26299495362005,-0.3332537699848217,0.38980285647022583
55,0.013427734375,-10.0024471757863,139.16665452711922,-0.33325227920710176,0.38777391949093953
56,0.013671875,-10.178157502556559,141.0703141006184,-0.33325078842938183,0.38574498251165323
57,0.013916015625,-10.353867829326818,142.97397367411753,-0.3332492976516619,0.38371604553236693
58,0.014160156250000002,-10.529578156097081,144.8776332476167,-0.33324780687394195,0.38168710855308063
59,0.014404296875,-10.70528848286734,146.78129282111587,-0.333246316096222,0.37965817157379433
60,0.0146484375,-10.880998809637601,148.684952394615,-0.3332448253185021,0.3776292345945649
61,0.014892578125,-11.05670913640786,150.5886119681142,-0.33324333454078214,0.3756002976152786
62,0.01513671875,-11.23241946317812,152.49227154161335,-0.3332418437630622,0.3735713606359923
63,0.015380859375000002,-11.408129789948383,154.39593111511252,-0.33324035298534227,0.371542423656706
64,0.015625,-11.583840116718642,156.2995906886117,-0.33323886220762233,0.3695134866774197
65,0.015869140625,-11.753323317476623,157.6160347138051,-0.33323580484210424,0.367525272925036
66,0.01611328125,-11.922806518234609,158.93247873899858,-0.333232747476643,0.36553705917265233
67,0.016357421875,-12.092289718992589,160.24892276419203,-0.3332296901111249,0.36354884542026866
68,0.0166015625,-12.261772919750575,161.56536678938548,-0.33322663274566366,0.361560631667885
69,0.016845703125,-12.431256120508555,162.88181081457893,-0.3332235753801456,0.3595724179155013
70,0.01708984375,-12.600739321266538,164.19825483977237,-0.33322051801468433,0.35758420416311765
71,0.017333984375,-12.770222522024522,165.51469886496582,-0.33321746064916624,0.355595990410734
72,0.017578125,-12.939705722782504,166.8311428901593,-0.333214403283705,0.3536077766583503
73,0.017822265625,-13.109188923540486,168.14758691535275,-0.3332113459181869,0.35161956290596663
74,0.01806640625,-13.27867212429847,169.46403094054622,-0.33320828855272566,0.34963134915358296
75,0.018310546875,-13.448155325056453,170.78047496573964,-0.3332052311872076,0.3476431354011993
76,0.0185546875,-13.617638525814437,172.0969189909331,-0.33320217382174633,0.3456549216488156
77,0.018798828125,-13.787121726572419,173.41336301612654,-0.33319911645622824,0.34366670789643194
78,0.01904296875,-13.956604927330401,174.72980704132,-0.33319605909071015,0.3416784941440483
79,0.019287109375,-14.126088128088384,176.04625106651343,-0.3331930017252489,0.3396902803916646
80,0.01953125,-14.295571328846366,177.36269509170688,-0.3331899443597308,0.3377020666393378
81,0.019775390624999997,-14.465054529604352,178.67913911690033,-0.33318688699426957,0.3357138528869541
82,0.02001953125,-14.634537730362334,179.9955831420938,-0.3331838296287515,0.33372563913457043
83,0.020263671875,-14.804020931120316,181.31202716728725,-0.33318077226329024,0.33173742538218676
84,0.0205078125,-14.973504131878299,182.6284711924807,-0.33317771489777215,0.3297492116298031
85,0.020751953125,-15.14298733263628,183.94491521767418,-0.3331746575323109,0.3277609978774194
86,0.020996093749999997,-15.312470533394261,185.2613592428676,-0.3331716001667928,0.32577278412503574
87,0.021240234375,-15.481953734152247,186.57780326806105,-0.33316854280133157,0.32378457037265207
88,0.021484375,-15.65143693491023,187.89424729325452,-0.3331654854358135,0.3217963566202684
89,0.021728515625,-15.820920135668215,189.21069131844794,-0.33316242807035223,0.3198081428678847
90,0.02197265625,-15.988023064567122,190.3211589668053,-0.33315853990825417,0.3178481974013607
91,0.022216796874999997,-16.15155558567741,191.12266204990854,-0.33315340555128614,0.3159306543637399
92,0.0224609375,-16.31508810678771,191.92416513301177,-0.3331482711943181,0.3140131113261191
93,0.022705078125,-16.478620627898003,192.72566821611497,-0.3331431368373501,0.31209556828849827
94,0.02294921875,-16.642153149008298,193.5271712992182,-0.3331380024803252,0.3101780252508206
95,0.023193359375,-16.805685670118585,194.32867438232145,-0.3331328681233572,0.3082604822131998
96,0.023437500000000003,-16.969218191228883,195.13017746542468,-0.33312773376638916,0.306342939175579
97,0.023681640625,-17.132750712339178,195.9316805485279,-0.3331225994094211,0.3044253961379013
98,0.02392578125,-17.29628323344947,196.7331836316311,-0.3331174650524531,0.3025078531002805
99,0.024169921875,-17.459815754559763,197.53468671473433,-0.33311233069548507,0.3005903100626597
100,0.0244140625,-17.623348275670057,198.33618979783756,-0.33310719633851704,0.29867276702503887
101,0.024658203125000003,-17.786880796780352,199.1376928809408,-0.333102061981549,0.2967552239873612
102,0.02490234375,-17.950413317890646,199.939195964044,-0.333096927624581,0.2948376809497404
103,0.025146484375,-18.11394583900094,200.74069904714722,-0.33309179326761296,0.29292013791211957
104,0.025390625,-18.277478360111232,201.54220213025047,-0.33308665891064493,0.2910025948744419
105,0.025634765625,-18.441010881221526,202.34370521335367,-0.33308152455362006,0.2890850518368211
106,0.025878906250000003,-18.60454340233182,203.14520829645693,-0.33307639019665203,0.2871675087992003
107,0.026123046875,-18.768075923442115,203.94671137956013,-0.333071255839684,0.28524996576157946
108,0.0263671875,-18.93160844455241,204.74821446266336,-0.33306612148271597,0.2833324227239018
109,0.026611328125,-19.0951409656627,205.54971754576658,-0.33306098712574794,0.281414879686281
110,0.02685546875,-19.258673486772995,206.3512206288698,-0.3330558527687799,0.27949733664866017
111,0.027099609375000003,-19.42220600788329,207.152723711973,-0.3330507184118119,0.2775797936109825
112,0.02734375,-19.585738528993584,207.95422679507624,-0.33304558405484386,0.2756622505733617
113,0.027587890625,-19.74927105010388,208.7557298781795,-0.33304044969787583,0.27374470753574087
114,0.02783203125,-19.912803571214173,209.5572329612827,-0.3330353153409078,0.27182716449812006
115,0.028076171875,-20.07633609232446,210.3587360443859,-0.33303018098393977,0.2699096214604424
116,0.028320312500000003,-20.2352739596995,210.8095009948474,-0.3330230014139488,0.2680734950742476
117,0.028564453125,-20.393063163640726,211.17258141214842,-0.33301531054075895,0.2662577228508667
118,0.02880859375,-20.55085236758195,211.53566182944945,-0.3330076196675691,0.26444195062748577
119,0.029052734375,-20.708641571523174,211.8987422467505,-0.33299992879437923,0.26262617840410485
120,0.029296875,-20.866430775464398,212.26182266405152,-0.33299223792118937,0.26081040618072393
121,0.029541015625000003,-21.024219979405625,212.62490308135258,-0.3329845470479995,0.258994633957343
122,0.02978515625,-21.18200918334685,212.9879834986536,-0.33297685617480965,0.25717886173401894
123,0.030029296875,-21.33979838728807,213.35106391595465,-0.3329691653016198,0.255363089510638
124,0.0302734375,-21.497587591229298,213.71414433325566,-0.33296147442842994,0.2535473172872571
125,0.030517578125,-21.65537679517052,214.07722475055672,-0.3329537835552401,0.2517315450638762
126,0.030761718750000003,-21.813165999111746,214.44030516785773,-0.3329460926820502,0.24991577284049526
127,0.031005859375,-21.970955203052974,214.80338558515876,-0.33293840180886036,0.24810000061711435
128,0.03125,-22.12874440699419,215.1664660024598,-0.3329307109356705,0.24628422839373343
129,0.031494140625,-22.286533610935418,215.52954641976086,-0.33292302006248065,0.24446845617040935
130,0.03173828125,-22.444322814876642,215.89262683706187,-0.3329153291892908,0.24265268394702844
131,0.031982421875,-22.602112018817866,216.25570725436293,-0.33290763831610093,0.24083691172364752
132,0.0322265625,-22.759901222759094,216.61878767166397,-0.33289994744291107,0.2390211395002666
133,0.032470703125,-22.917690426700318,216.981868088965,-0.3328922565697212,0.23720536727688568
134,0.03271484375,-23.07547963064154,217.34494850626604,-0.33288456569653135,0.23538959505350476
135,0.032958984375,-23.233268834582763,217.70802892356704,-0.3328768748233415,0.2335738228301807
136,0.033203125,-23.39105803852399,218.07110934086808,-0.33286918395015164,0.23175805060679977
137,0.033447265625,-23.548847242465214,218.4341897581691,-0.3328614930769618,0.22994227838341885
138,0.03369140625,-23.70663644640644,218.79727017547015,-0.3328538022037719,0.22812650616003793
139,0.033935546875,-23.86442565034766,219.16035059277118,-0.33284611133058206,0.22631073393665702
140,0.0341796875,-24.022214854288883,219.52343101007224,-0.3328384204573922,0.2244949617132761
141,0.034423828125,-24.17887746580509,219.81459089205916,-0.3328301290214881,0.2227052743730269
142,0.03466796875,-24.331033707621202,219.81806863278956,-0.332819435334784,0.22101992656507718
143,0.034912109375,-24.483189949437318,219.82154637351994,-0.332808741648023,0.21933457875712747
144,0.03515625,-24.63534619125343,219.82502411425034,-0.33279804796131884,0.21764923094917776
145,0.035400390625,-24.787502433069545,219.82850185498074,-0.3327873542746147,0.2159638831411712
146,0.03564453125,-24.93965867488566,219.83197959571112,-0.33277666058791056,0.2142785353332215
147,0.035888671875,-25.091814916701768,219.83545733644152,-0.3327659669012064,0.2125931875252718
148,0.0361328125,-25.243971158517883,219.83893507717193,-0.33275527321450227,0.21090783971732208
149,0.036376953125,-25.396127400333995,219.8424128179023,-0.3327445795277413,0.20922249190937237
150,0.03662109375,-25.54828364215011,219.8458905586327,-0.33273388584103714,0.20753714410142265
151,0.036865234375,-25.700439883966226,219.84936829936314,-0.332723192154333,0.20585179629347294
152,0.037109375,-25.85259612578234,219.85284604009348,-0.33271249846762885,0.20416644848552323
153,0.037353515625,-26.00475236759845,219.8563237808239,-0.3327018047809247,0.20248110067757352
154,0.03759765625,-26.156908609414565,219.85980152155432,-0.33269111109422056,0.2007957528696238
155,0.037841796875,-26.30906485123068,219.86327926228472,-0.33268041740745957,0.1991104050616741
156,0.0380859375,-26.461221093046795,219.8667570030151,-0.33266972372075543,0.1974250572537244
157,0.038330078125,-26.61337733486291,219.8702347437455,-0.3326590300340513,0.19573970944577468
158,0.03857421875,-26.76553357667902,219.8737124844759,-0.33264833634734714,0.19405436163782497
159,0.038818359375,-26.917689818495134,219.8771902252063,-0.332637642660643,0.19236901382987526
160,0.0390625,-27.069846060311246,219.88066796593668,-0.33262694897393885,0.19068366602192555
161,0.039306640625,-27.22200230212736,219.8841457066671,-0.33261625528717786,0.18899831821397584
162,0.03955078124999999,-27.374158543943473,219.88762344739746,-0.3326055616004737,0.18731297040602612
163,0.039794921875,-27.526314785759585,219.8911011881279,-0.3325948679137696,0.1856276225980764
164,0.0400390625,-27.678471027575704,219.8945789288583,-0.33258417422706543,0.1839422747901267
165,0.040283203125,-27.830627269391815,219.8980566695887,-0.3325734805403613,0.182256926982177
166,0.04052734375,-27.982783511207927,219.90153441031907,-0.3325627868536003,0.18057157917422728
167,0.04077148437499999,-28.131558603901944,219.7359843475578,-0.33255004488779605,0.17897854079188846
168,0.041015625,-28.278079597181232,219.4577490824687,-0.3325359374025538,0.17744704202658568
169,0.041259765625,-28.424600590460518,219.17951381737964,-0.33252182991725476,0.17591554326133974
170,0.04150390625,-28.571121583739796,218.90127855229056,-0.33250772243201254,0.1743840444960938
171,0.041748046875,-28.717642577019088,218.6230432872015,-0.3324936149467703,0.172852545730791
172,0.04199218749999999,-28.864163570298366,218.34480802211243,-0.3324795074615281,0.17132104696554507
173,0.042236328125,-29.01068456357765,218.06657275702335,-0.33246539997622904,0.16978954820029912
174,0.04248046875,-29.157205556856947,217.78833749193427,-0.3324512924909868,0.16825804943499634
175,0.042724609375,-29.30372655013623,217.5101022268452,-0.3324371850057446,0.1667265506697504
176,0.04296875,-29.450247543415514,217.23186696175614,-0.3324230775205024,0.16519505190450445
177,0.04321289062499999,-29.596768536694796,216.95363169666706,-0.33240897003526015,0.16366355313920167
178,0.04345703125,-29.74328952997408,216.67539643157798,-0.3323948625499611,0.16213205437395573
179,0.043701171875,-29.88981052325337,216.3971611664889,-0.33238075506471887,0.16060055560870978
180,0.0439453125,-30.036331516532652,216.11892590139985,-0.33236664757947665,0.159069056843407
181,0.044189453125,-30.18285250981194,215.84069063631074,-0.3323525400942344,0.15753755807816106
182,0.04443359374999999,-30.329373503091222,215.5624553712217,-0.33233843260893536,0.1560060593129151
183,0.044677734375,-30.47589449637051,215.28422010613264,-0.33232432512369314,0.15447456054761233
184,0.044921875,-30.622415489649796,215.00598484104353,-0.3323102176384509,0.15294306178236639
185,0.045166015625,-30.768936482929078,214.72774957595448,-0.3322961101532087,0.1514115630170636
186,0.04541015625,-30.915457476208363,214.4495143108654,-0.33228200266790964,0.14988006425181766
187,0.04565429687499999,-31.061978469487645,214.17127904577634,-0.3322678951826674,0.14834856548657172
188,0.0458984375,-31.208499462766934,213.89304378068724,-0.3322537876974252,0.14681706672126893
189,0.046142578125,-31.355020456046226,213.61480851559818,-0.332239680212183,0.145285567956023
190,0.04638671875,-31.501541449325504,213.33657325050908,-0.3322255727268839,0.14375406919077705
191,0.046630859375,-31.648062442604793,213.05833798542002,-0.3322114652416417,0.14222257042547426
192,0.04687500000000001,-31.794583435884082,212.78010272033092,-0.33219735775639947,0.14069107166022832
193,0.047119140625,-31.935348086467283,212.29366834013848,-0.3321794625060761,0.13932983111590147
194,0.04736328125,-32.07611273705048,211.80723395994602,-0.33216156725575274,0.13796859057157462
195,0.047607421875,-32.21687738763368,211.32079957975358,-0.3321436720054294,0.13660735002724778
196,0.0478515625,-32.357642038216895,210.83436519956112,-0.33212577675516286,0.13524610948292093
197,0.04809570312500001,-32.498406688800095,210.34793081936866,-0.3321078815048395,0.13388486893859408
198,0.04833984375,-32.6391713393833,209.8614964391762,-0.33208998625451613,0.13252362839432408
199,0.048583984375,-32.7799359899665,209.37506205898376,-0.33207209100419277,0.13116238784999723
200,0.048828125,-32.920700640549704,208.88862767879132,-0.3320541957538694,0.12980114730567038
201,0.049072265625,-33.06146529113291,208.40219329859886,-0.33203630050354604,0.12843990676134354
202,0.04931640625000001,-33.20222994171611,207.91575891840642,-0.3320184052532227,0.1270786662170167
203,0.049560546875,-33.34299459229932,207.42932453821396,-0.33200051000295616,0.12571742567268984
204,0.0498046875,-33.48375924288252,206.9428901580215,-0.3319826147526328,0.124356185128363
205,0.050048828125,-33.62452389346572,206.45645577782906,-0.33196471950230944,0.12299494458403615
206,0.05029296875,-33.76528854404893,205.9700213976366,-0.3319468242519861,0.1216337040397093
207,0.05053710937500001,-33.90605319463213,205.4835870174441,-0.3319289290016627,0.12027246349538245
208,0.05078125,-34.04681784521534,204.9971526372517,-0.33191103375133935,0.1189112229510556
209,0.051025390625,-34.187582495798544,204.5107182570592,-0.3318931385010728,0.11754998240672876
210,0.05126953125,-34.328347146381745,204.02428387686678,-0.33187524325074946,0.11618874186245876
211,0.051513671875,-34.469111796964945,203.5378494966743,-0.3318573480004261,0.11482750131813191
212,0.05175781250000001,-34.60987644754815,203.05141511648185,-0.33183945275010274,0.11346626077380506
213,0.052001953125,-34.750641098131354,202.56498073628939,-0.3318215574997794,0.11210502022947821
214,0.05224609375,-34.891405748714554,202.07854635609695,-0.331803662249456,0.11074377968515137
215,0.052490234375,-35.03217039929776,201.59211197590452,-0.33178576699913265,0.10938253914082452
216,0.052734375,-35.17293504988097,201.10567759571202,-0.3317678717488661,0.10802129859649767
217,0.05297851562500001,-35.31369970046416,200.6192432155196,-0.33174997649854276,0.10666005805217083
218,0.05322265625,-35.45206696769016,200.0760238313565,-0.33173043186036466,0.10537037820654405
219,0.053466796875,-35.58683815988032,199.4476269412375,-0.33170841314040445,0.10418803940899579
220,0.0537109375,-35.72160935207049,198.81923005111852,-0.33168639442044423,0.10300570061144754
221,0.053955078125,-35.85638054426066,198.1908331609995,-0.331664375700484,0.10182336181389928
222,0.05419921875000001,-35.991151736450824,197.56243627088048,-0.3316423569805238,0.10064102301635103
223,0.054443359375,-36.12592292864099,196.9340393807615,-0.3316203382605636,0.09945868421880277
224,0.0546875,-36.260694120831154,196.3056424906425,-0.33159831954060337,0.09827634542125452
225,0.054931640625,-36.39546531302132,195.67724560052352,-0.33157630082064316,0.09709400662376311
226,0.05517578125,-36.530236505211484,195.0488487104045,-0.33155428210068294,0.09591166782621485
227,0.05541992187500001,-36.66500769740166,194.4204518202855,-0.3315322633807227,0.0947293290286666
228,0.0556640625,-36.79977888959182,193.7920549301665,-0.3315102446607625,0.09354699023111834
229,0.055908203125,-36.93455008178199,193.1636580400475,-0.3314882259408023,0.09236465143357009
230,0.05615234375,-37.06932127397215,192.53526114992852,-0.3314662072208421,0.09118231263602183
231,0.056396484375,-37.20409246616233,191.90686425980948,-0.33144418850088186,0.08999997383847358
232,0.05664062500000001,-37.338863658352494,191.27846736969047,-0.33142216978092165,0.08881763504092532
233,0.056884765625,-37.47363485054266,190.6500704795715,-0.33140015106096143,0.08763529624337707
234,0.05712890625,-37.608406042732824,190.0216735894525,-0.3313781323410012,0.08645295744582882
235,0.057373046875,-37.74317723492298,189.39327669933348,-0.331356113621041,0.08527061864828056
236,0.0576171875,-37.877948427113154,188.76487980921448,-0.3313340949010808,0.0840882798507323
237,0.05786132812500001,-38.012719619303326,188.1364829190955,-0.3313120761811206,0.08290594105318405
238,0.05810546875,-38.14749081149349,187.5080860289765,-0.33129005746116036,0.0817236022556358
239,0.058349609375,-38.282262003683655,186.8796891388575,-0.33126803874120014,0.08054126345808754
240,0.05859375,-38.41703319587382,186.2512922487385,-0.33124602002123993,0.07935892466053929
241,0.058837890625,-38.551804388063985,185.62289535861947,-0.3312240013012797,0.07817658586299103
242,0.05908203125000001,-38.686575580254164,184.99449846850047,-0.3312019825813195,0.07699424706544278
243,0.059326171875,-38.82134677244432,184.3661015783815,-0.3311799638613593,0.07581190826789452
244,0.0595703125,-38.95104944309521,183.6697385840549,-0.3311544089790459,0.07477353603860593
245,0.059814453125,-39.07948498336128,182.95638406367644,-0.33112797005617267,0.07377115545142487
246,0.06005859375,-39.20792052362735,182.24302954329795,-0.33110153113329943,0.07276877486418698
247,0.06030273437500001,-39.33635606389342,181.52967502291946,-0.3310750922104262,0.07176639427694909
248,0.060546875,-39.46479160415949,180.816320502541,-0.33104865328755295,0.07076401368976803
249,0.060791015625,-39.593227144425555,180.10296598216252,-0.3310222143646797,0.06976163310253014
250,0.06103515625,-39.72166268469162,179.38961146178409,-0.3309957754418633,0.06875925251534909
251,0.061279296875,-39.85009822495769,178.6762569414056,-0.3309693365189901,0.0677568719281112
252,0.06152343750000001,-39.978533765223766,177.9629024210271,-0.33094289759611684,0.06675449134093014
253,0.061767578125,-40.106969305489834,177.24954790064865,-0.3309164586732436,0.0657521107537491
254,0.06201171875,-40.23540484575591,176.5361933802702,-0.33089001975037036,0.0647497301665112
255,0.062255859375,-40.36384038602197,175.8228388598917,-0.3308635808274971,0.06374734957933015
256,0.0625,-40.492275926288045,175.10948433951322,-0.3308371419046239,0.06274496899209225
257,0.062744140625,-40.62071146655411,174.39612981913476,-0.33081070298175064,0.06174258840485436
258,0.06298828125,-40.74914700682017,173.68277529875627,-0.3307842640588774,0.06074020781767331
259,0.063232421875,-40.87758254708625,172.9694207783778,-0.33075782513600416,0.059737827230435414
260,0.0634765625,-41.006018087352324,172.25606625799935,-0.3307313862131309,0.05873544664325436
261,0.063720703125,-41.13445362761839,171.54271173762083,-0.3307049472902577,0.05773306605607331
262,0.06396484375,-41.26288916788446,170.82935721724238,-0.33067850836738444,0.05673068546883542
263,0.064208984375,-41.39132470815052,170.11600269686392,-0.33065206944456804,0.05572830488165437
264,0.064453125,-41.5197602484166,169.40264817648543,-0.3306256305216948,0.05472592429441647
265,0.064697265625,-41.64819578868266,168.68929365610697,-0.33059919159882156,0.05372354370723542
266,0.06494140625,-41.77663132894873,167.9759391357285,-0.3305727526759483,0.05272116311999753
267,0.065185546875,-41.90506686921481,167.26258461535002,-0.3305463137530751,0.05171878253275963
268,0.0654296875,-42.03350240948088,166.54923009497156,-0.33051987483020184,0.05071640194557858
269,0.065673828125,-42.16058492656428,165.82825644984513,-0.3304925003353105,0.049748884916084535
270,0.06591796875,-42.282255350917026,165.07680630572682,-0.33046138355240373,0.04892082211762272
271,0.066162109375,-42.403925775269784,164.3253561616085,-0.3304302667695538,0.04809275931910406
272,0.06640625,-42.52559619962255,163.57390601749017,-0.330399149986647,0.047264696520642246
273,0.066650390625,-42.64726662397529,162.82245587337187,-0.3303680332037402,0.04643663372212359
274,0.06689453125,-42.76893704832805,162.07100572925356,-0.3303369164208334,0.04560857092366177
275,0.067138671875,-42.89060747268079,161.31955558513528,-0.3303057996379266,0.044780508125143115
276,0.0673828125,-43.01227789703355,160.56810544101697,-0.3302746828550198,0.043952445326624456
277,0.067626953125,-43.13394832138631,159.81665529689866,-0.33024356607216987,0.04312438252816264
278,0.06787109375,-43.255618745739056,159.06520515278038,-0.3302124492892631,0.04229631972964398
279,0.068115234375,-43.37728917009181,158.31375500866204,-0.3301813325063563,0.04146825693118217
280,0.068359375,-43.49895959444456,157.56230486454376,-0.3301502157234495,0.04064019413266351
281,0.068603515625,-43.620630018797314,156.81085472042545,-0.3301190989405427,0.039812131334201695
282,0.06884765625,-43.742300443150064,156.05940457630714,-0.3300879821576359,0.038984068535683036
283,0.069091796875,-43.863970867502815,155.30795443218886,-0.33005686537478596,0.03815600573716438
284,0.0693359375,-43.98564129185557,154.55650428807053,-0.33002574859187916,0.03732794293870256
285,0.069580078125,-44.10731171620832,153.80505414395228,-0.32999463180897237,0.036499880140183905
286,0.06982421875,-44.22898214056108,153.05360399983394,-0.3299635150260656,0.03567181734172209
287,0.070068359375,-44.35065256491383,152.30215385571563,-0.3299323982431588,0.03484375454320343
288,0.0703125,-44.47232298926658,151.55070371159735,-0.32990128146030884,0.034015691744741616
289,0.070556640625,-44.59399341361933,150.799253567479,-0.32987016467740204,0.03318762894622296
290,0.07080078125,-44.71566383797209,150.0478034233607,-0.32983904789449525,0.0323595661477043
291,0.071044921875,-44.837334262324845,149.2963532792424,-0.32980793111158846,0.031531503349242485
292,0.0712890625,-44.959004686677595,148.5449031351241,-0.32977681432868167,0.030703440550723826
293,0.071533203125,-45.080675111030345,147.79345299100578,-0.3297456975457749,0.02987537775226201
294,0.07177734375,-45.202345535383095,147.0420028468875,-0.3297145807629249,0.029047314953743353
295,0.072021484375,-45.31966067830653,146.28973567728718,-0.3296805257684241,0.02831724134119895
296,0.072265625,-45.434072300277094,145.53692382403216,-0.3296445119663076,0.027652493852656335
297,0.072509765625,-45.548483922247655,144.78411197077713,-0.3296084981641343,0.02698774636411372
298,0.07275390625,-45.6628955442182,144.03130011752216,-0.3295724843620178,0.026322998875571102
299,0.072998046875,-45.77730716618876,143.27848826426714,-0.3295364705598445,0.025658251387028486
300,0.0732421875,-45.89171878815932,142.52567641101214,-0.329500456757728,0.02499350389848587
301,0.073486328125,-46.00613041012988,141.77286455775712,-0.32946444295555466,0.024328756409943253
302,0.07373046875,-46.12054203210043,141.0200527045021,-0.32942842915338133,0.023664008921400637
303,0.073974609375,-46.234953654070985,140.26724085124712,-0.32939241535126484,0.02299926143285802
304,0.07421875,-46.349365276041546,139.5144289979921,-0.3293564015490915,0.022334513944315404
305,0.074462890625,-46.46377689801211,138.76161714473707,-0.32932038774697503,0.021669766455772788
306,0.07470703125,-46.57818851998266,138.00880529148208,-0.3292843739448017,0.02100501896723017
307,0.074951171875,-46.69260014195322,137.25599343822705,-0.3292483601426852,0.020340271478687555
308,0.0751953125,-46.807011763923775,136.50318158497205,-0.3292123463405119,0.01967552399014494
309,0.075439453125,-46.921423385894336,135.75036973171703,-0.32917633253833856,0.019010776501602322
310,0.07568359375,-47.03583500786488,134.99755787846203,-0.32914031873622207,0.018346029013059706
311,0.075927734375,-47.15024662983544,134.24474602520704,-0.32910430493404874,0.01768128152451709
312,0.076171875,-47.264658251806004,133.491934171952,-0.32906829113193226,0.017016534035974473
313,0.076416015625,-47.37906987377656,132.739122318697,-0.3290322773297589,0.016351786547431857
314,0.07666015625,-47.49348149574711,131.986310465442,-0.3289962635275856,0.01568703905888924
315,0.076904296875,-47.607893117717666,131.233498612187,-0.3289602497254691,0.015022291570346624
316,0.0771484375,-47.72230473968823,130.480686758932,-0.3289242359232958,0.014357544081804008
317,0.077392578125,-47.83671636165879,129.72787490567697,-0.3288882221211793,0.013692796593261392
318,0.07763671875,-47.95112798362934,128.97506305242197,-0.32885220831900597,0.013028049104718775
319,0.077880859375,-48.0655396055999,128.22225119916695,-0.3288161945168895,0.012363301616176159
320,0.078125,-48.179951227570456,127.46943934591195,-0.32878018071471615,0.011698554127633543
321,0.078369140625,-48.28657268092534,126.74258282978072,-0.32873908788121753,0.011182277885723124
322,0.07861328125,-48.39319413428023,126.01572631364947,-0.32869799504777575,0.01066600164386955
323,0.078857421875,-48.499815587635126,125.28886979751823,-0.3286569022142771,0.010149725401959131
324,0.07910156249999999,-48.60643704099,124.56201328138705,-0.32861580938083534,0.009633449160048713
325,0.079345703125,-48.71305849434489,123.8351567652558,-0.3285747165473367,0.009117172918195138
326,0.07958984375,-48.81967994769978,123.10830024912457,-0.32853362371389494,0.00860089667628472
327,0.079833984375,-48.926301401054666,122.38144373299332,-0.3284925308803963,0.008084620434374301
328,0.080078125,-49.032922854409556,121.65458721686208,-0.3284514380468977,0.007568344192520726
329,0.08032226562499999,-49.139544307764446,120.92773070073088,-0.3284103452134559,0.007052067950610308
330,0.08056640625,-49.24616576111933,120.20087418459963,-0.3283692523799573,0.00653579170869989
331,0.080810546875,-49.35278721447422,119.4740176684684,-0.3283281595465155,0.006019515466846315
332,0.0810546875,-49.459408667829116,118.74716115233717,-0.3282870667130169,0.005503239224935896
333,0.081298828125,-49.566030121184,118.0203046362059,-0.3282459738795751,0.004986962983025478
334,0.08154296874999999,-49.67265157453888,117.29344812007471,-0.3282048810460765,0.004470686741171903
335,0.081787109375,-49.77927302789378,116.56659160394346,-0.3281637882126347,0.003954410499261485
336,0.08203125,-49.88589448124866,115.83973508781223,-0.3281226953791361,0.00343813425740791
337,0.082275390625,-49.992515934603546,115.11287857168098,-0.32808160254563745,0.0029218580154974916
338,0.08251953125,-50.099137387958436,114.38602205554976,-0.32804050971219567,0.0024055817735870733
339,0.08276367187499999,-50.20575884131332,113.65916553941857,-0.32799941687869705,0.0018893055317334984
340,0.0830078125,-50.31238029466821,112.93230902328732,-0.32795832404525527,0.00137302928982308
341,0.083251953125,-50.4190017480231,112.20545250715608,-0.32791723121175664,0.0008567530479126617
342,0.08349609375,-50.52562320137799,111.47859599102483,-0.32787613837831486,0.0003404768060590868
343,0.083740234375,-50.63224465473288,110.75173947489358,-0.32783504554481624,-0.0001757994358513315
344,0.08398437499999999,-50.73886610808776,110.02488295876239,-0.32779395271137446,-0.0006920756777617498
345,0.084228515625,-50.84548756144265,109.29802644263115,-0.32775285987787584,-0.0012083519196153247
346,0.08447265625,-50.94877662934911,108.58917203972686,-0.32770967659797634,-0.0016721158641530565
347,0.084716796875,-51.04706711908293,107.907320806663,-0.3276633576485324,-0.0020571113626033366
348,0.0849609375,-51.145357608816745,107.22546957359914,-0.3276170386990316,-0.0024421068609967733
349,0.08520507812499999,-51.243648098550565,106.54361834053533,-0.3275707197495876,-0.0028271023594470535
350,0.08544921875,-51.341938588284386,105.86176710747147,-0.3275244008000868,-0.0032120978578973336
351,0.085693359375,-51.440229078018206,105.1799158744076,-0.32747808185064287,-0.0035970933562907703
352,0.0859375,-51.538519567752026,104.49806464134375,-0.32743176290114206,-0.0039820888547410505
353,0.086181640625,-51.63681005748585,103.81621340827986,-0.32738544395164126,-0.004367084353191331
354,0.08642578124999999,-51.735100547219666,103.13436217521607,-0.3273391250021973,-0.004752079851584767
355,0.086669921875,-51.83339103695348,102.4525109421522,-0.3272928060526965,-0.0051370753500350474
356,0.0869140625,-51.9316815266873,101.77065970908832,-0.32724648710325255,-0.005522070848485328
357,0.087158203125,-52.02997201642112,101.08880847602447,-0.32720016815375175,-0.005907066346878764
358,0.08740234375,-52.12826250615495,100.40695724296062,-0.3271538492043078,-0.0062920618453290444
359,0.08764648437499999,-52.22655299588876,99.72510600989679,-0.327107530254807,-0.006677057343779325
360,0.087890625,-52.32484348562258,99.04325477683292,-0.32706121130536303,-0.007062052842172761
361,0.088134765625,-52.42313397535639,98.36140354376907,-0.32701489235586223,-0.0074470483406230414
362,0.08837890625,-52.52142446509022,97.6795523107052,-0.32696857340636143,-0.007832043839073322
363,0.088623046875,-52.61971495482404,96.99770107764135,-0.32692225445691747,-0.008217039337523602
364,0.08886718749999999,-52.71800544455785,96.31584984457754,-0.32687593550741667,-0.008602034835917038
365,0.089111328125,-52.816295934291674,95.63399861151368,-0.3268296165579727,-0.008987030334367319
366,0.08935546875,-52.914586424025494,94.9521473784498,-0.3267832976084719,-0.009372025832817599
367,0.089599609375,-53.012876913759314,94.27029614538594,-0.32673697865902795,-0.009757021331211035
368,0.08984375,-53.111167403493134,93.58844491232207,-0.32669065970952715,-0.010142016829661316
369,0.09008789062499999,-53.20945789322695,92.90659367925825,-0.32664434076002635,-0.010527012328111596
370,0.09033203125,-53.30774838296077,92.2247424461944,-0.3265980218105824,-0.010912007826505032
371,0.090576171875,-53.406038872694594,91.54289121313055,-0.3265517028610816,-0.011297003324955313
372,0.0908203125,-53.49724700168265,90.90675578036115,-0.32650111074894994,-0.011591543741246824
373,0.091064453125,-53.58668454048428,90.28204929766538,-0.3264494503461606,-0.01186347038697022
374,0.09130859374999999,-53.676122079285896,89.65734281496965,-0.32639778994331436,-0.012135397032693618
375,0.091552734375,-53.76555961808752,89.03263633227388,-0.326346129540525,-0.012407323678417015
376,0.091796875,-53.85499715688914,88.40792984957811,-0.3262944691376788,-0.012679250324140412
377,0.092041015625,-53.94443469569077,87.78322336688232,-0.3262428087348894,-0.012951176969920652
378,0.09228515625,-54.03387223449238,87.15851688418655,-0.3261911483320432,-0.01322310361564405
379,0.09252929687499999,-54.123309773294,86.53381040149083,-0.32613948792925385,-0.013495030261367447
380,0.0927734375,-54.21274731209562,85.90910391879505,-0.32608782752640764,-0.013766956907090844
381,0.093017578125,-54.30218485089725,85.28439743609928,-0.32603616712361827,-0.01403888355281424
382,0.09326171875,-54.39162238969887,84.65969095340351,-0.32598450672077206,-0.014310810198594481
383,0.093505859375,-54.48105992850049,84.03498447070773,-0.3259328463179827,-0.014582736844317878
384,0.09375000000000001,-54.57049746730212,83.41027798801197,-0.3258811859151365,-0.014854663490041276
385,0.093994140625,-54.65993500610374,82.78557150531623,-0.3258295255123471,-0.015126590135764673
386,0.09423828125,-54.749372544905356,82.16086502262046,-0.32577786510955775,-0.01539851678148807
387,0.094482421875,-54.838810083706974,81.53615853992468,-0.32572620470671154,-0.01567044342726831
388,0.0947265625,-54.9282476225086,80.91145205722893,-0.3256745443039222,-0.015942370072991707
389,0.09497070312500001,-55.017685161310226,80.28674557453314,-0.32562288390107597,-0.016214296718715104
390,0.09521484375,-55.107122700111844,79.66203909183741,-0.3255712234982866,-0.0164862233644385
391,0.095458984375,-55.19656023891347,79.03733260914166,-0.3255195630954404,-0.0167581500101619
392,0.095703125,-55.285997777715096,78.41262612644586,-0.325467902692651,-0.01703007665594214
393,0.095947265625,-55.37543531651671,77.78791964375009,-0.3254162422898048,-0.017302003301665536
394,0.09619140625000001,-55.464872855318326,77.16321316105432,-0.32536458188701545,-0.017573929947388933
395,0.096435546875,-55.554310394119945,76.5385066783586,-0.32531292148416924,-0.01784585659311233
396,0.0966796875,-55.64374793292157,75.91380019566283,-0.32526126108137987,-0.018117783238835727
397,0.096923828125,-55.73131958342467,75.30184530952512,-0.32520851482826174,-0.018370727534204434
398,0.09716796875,-55.81142768073373,74.74089680961968,-0.3251514251737717,-0.018547742428040692
399,0.09741210937500001,-55.891535778042794,74.17994830971422,-0.32509433551933853,-0.018724757321933794
400,0.09765625,-55.97164387535184,73.61899980980883,-0.3250372458648485,-0.018901772215770052
401,0.097900390625,-56.051751972660874,73.05805130990339,-0.3249801562104153,-0.019078787109663153
402,0.09814453125,-56.13186006996993,72.49710280999794,-0.3249230665559253,-0.01925580200349941
403,0.098388671875,-56.21196816727899,71.93615431009249,-0.3248659769014921,-0.01943281689733567
404,0.09863281250000001,-56.29207626458803,71.37520581018705,-0.3248088872470021,-0.01960983179122877
405,0.098876953125,-56.37218436189708,70.81425731028166,-0.3247517975925689,-0.01978684668506503
406,0.09912109375,-56.45229245920613,70.2533088103762,-0.32469470793807886,-0.01996386157895813
407,0.099365234375,-56.532400556515185,69.69236031047076,-0.3246376182836457,-0.02014087647279439
408,0.099609375,-56.61250865382423,69.13141181056533,-0.32458052862915565,-0.020317891366630647
409,0.09985351562500001,-56.692616751133286,68.57046331065987,-0.32452343897472247,-0.02049490626052375
410,0.10009765625,-56.77272484844233,68.00951481075447,-0.3244663493202893,-0.020671921154360007
411,0.100341796875,-56.85283294575138,67.44856631084903,-0.32440925966579925,-0.02084893604825311
412,0.1005859375,-56.932941043060424,66.8876178109436,-0.32435217001136607,-0.021025950942089366
413,0.100830078125,-57.01304914036948,66.32666931103815,-0.32429508035687604,-0.021202965835925625
414,0.10107421875000001,-57.09315723767853,65.76572081113271,-0.32423799070244286,-0.021379980729818726
415,0.101318359375,-57.173265334987576,65.2047723112273,-0.32418090104795283,-0.021556995623654984
416,0.1015625,-57.25337343229662,64.64382381132187,-0.32412381139351965,-0.021734010517548086
417,0.101806640625,-57.33348152960568,64.08287531141642,-0.3240667217390296,-0.021911025411384344
418,0.10205078125,-57.413589626914735,63.52192681151098,-0.32400963208459643,-0.022088040305220602
419,0.10229492187500001,-57.49369772422378,62.96097831160553,-0.3239525424301064,-0.022265055199113704
420,0.1025390625,-57.57380582153283,62.40002981170014,-0.3238954527756732,-0.02244207009294996
421,0.102783203125,-57.65391391884187,61.83908131179469,-0.3238383631211832,-0.02261908498678622
422,0.10302734375,-57.73402201615094,61.278132811889236,-0.32378127346675,-0.02279609988067932
423,0.103271484375,-57.808288108753345,60.75686642289464,-0.3237208869510937,-0.02292654741916067
424,0.10351562500000001,-57.878659531551335,60.26205477450725,-0.32365830252803107,-0.02302595005414787
425,0.103759765625,-57.949030954349325,59.767243126119894,-0.3235957181049116,-0.023125352689078227
426,0.10400390625,-58.01940237714732,59.272431477732496,-0.323533133681849,-0.023224755324008584
427,0.104248046875,-58.08977379994531,58.777619829345106,-0.32347054925872953,-0.02332415795893894
428,0.1044921875,-58.1601452227433,58.282808180957716,-0.3234079648356101,-0.023423560593869297
429,0.10473632812500001,-58.2305166455413,57.787996532570325,-0.32334538041254746,-0.023522963228799654
430,0.10498046875,-58.30088806833929,57.29318488418297,-0.323282795989428,-0.023622365863786854
431,0.105224609375,-58.37125949113728,56.79837323579559,-0.3232202115663654,-0.02372176849871721
432,0.10546875,-58.44163091393526,56.30356158740818,-0.3231576271432459,-0.023821171133647567
433,0.105712890625,-58.51200233673327,55.80874993902079,-0.3230950427201833,-0.023920573768577924
434,0.10595703125000001,-58.58237375953126,55.31393829063341,-0.32303245829706384,-0.02401997640350828
435,0.106201171875,-58.65274518232924,54.819126642246054,-0.3229698738739444,-0.02411937903849548
436,0.1064453125,-58.72311660512723,54.32431499385866,-0.32290728945088176,-0.024218781673425838
437,0.106689453125,-58.793488027925235,53.829503345471274,-0.3228447050277623,-0.024318184308356194
438,0.10693359375,-58.86385945072322,53.334691697083876,-0.3227821206046997,-0.02441758694328655
439,0.10717773437500001,-58.93423087352121,52.839880048696486,-0.3227195361815802,-0.024516989578216908
440,0.107421875,-59.0046022963192,52.34506840030914,-0.3226569517585176,-0.024616392213204108
441,0.107666015625,-59.07497371911719,51.85025675192174,-0.32259436733539815,-0.024715794848134465
442,0.10791015625,-59.145345141915186,51.35544510353435,-0.3225317829122787,-0.02481519748306482
443,0.108154296875,-59.215716564713176,50.86063345514696,-0.32246919848921607,-0.024914600117995178
444,0.10839843750000001,-59.286087987511166,50.36582180675956,-0.3224066140660966,-0.025014002752925535
445,0.108642578125,-59.35645941030916,49.871010158372215,-0.322344029643034,-0.02511340538785589
446,0.10888671875,-59.42683083310716,49.37619850998482,-0.32228144521991453,-0.025212808022843092
447,0.109130859375,-59.49720225590515,48.881386861597434,-0.3222188607968519,-0.02531221065777345
448,0.109375,-59.56757367870314,48.38657521321005,-0.32215627637373245,-0.025411613292703805
449,0.10961914062500001,-59.627890327279665,47.95717635193286,-0.32208814768864613,-0.02544930253424127
450,0.10986328125,-59.6882069758562,47.5277774906557,-0.3220200190035598,-0.025486991775835577
451,0.110107421875,-59.74852362443273,47.09837862937851,-0.3219518903184735,-0.02552468101737304
452,0.1103515625,-59.80884027300926,46.66897976810133,-0.3218837616333303,-0.02556237025896735
453,0.110595703125,-59.86915692158579,46.239580906824145,-0.321815632948244,-0.025600059500504813
454,0.11083984375000001,-59.929473570162315,45.81018204554695,-0.3217475042631577,-0.025637748742042277
455,0.111083984375,-59.98979021873884,45.380783184269795,-0.32167937557807136,-0.025675437983636584
456,0.111328125,-60.05010686731538,44.9513843229926,-0.32161124689298504,-0.02571312722517405
457,0.111572265625,-60.1104235158919,44.52198546171542,-0.3215431182078987,-0.025750816466711512
458,0.11181640625,-60.17074016446844,44.09258660043824,-0.32147498952275555,-0.02578850570830582
459,0.11206054687500001,-60.23105681304496,43.663187739161046,-0.32140686083766923,-0.025826194949843284
460,0.1123046875,-60.2913734616215,43.23378887788389,-0.3213387321525829,-0.02586388419143759
461,0.112548828125,-60.35169011019802,42.804390016606696,-0.3212706034674966,-0.025901573432975056
462,0.11279296875,-60.41200675877456,42.37499115532951,-0.32120247478241026,-0.02593926267451252
463,0.113037109375,-60.472323407351084,41.94559229405233,-0.32113434609732394,-0.025976951916106827
464,0.11328125000000001,-60.53264005592762,41.51619343277514,-0.3210662174121808,-0.02601464115764429
465,0.113525390625,-60.59295670450414,41.08679457149798,-0.32099808872709445,-0.026052330399181756
466,0.11376953125,-60.653273353080664,40.65739571022079,-0.32092996004200813,-0.026090019640776063
467,0.114013671875,-60.7135900016572,40.227996848943604,-0.3208618313569218,-0.026127708882313527
468,0.1142578125,-60.77390665023373,39.79859798766641,-0.3207937026718355,-0.026165398123907835
469,0.11450195312500001,-60.83422329881026,39.36919912638923,-0.32072557398674917,-0.0262030873654453
470,0.11474609375,-60.89453994738678,38.939800265112076,-0.320657445301606,-0.026240776606982763
471,0.114990234375,-60.95485659596332,38.510401403834884,-0.3205893166165197,-0.02627846584857707
472,0.115234375,-61.015173244539845,38.0810025425577,-0.32052118793143336,-0.026316155090114535
473,0.115478515625,-61.075489893116384,37.651603681280505,-0.32045305924634704,-0.026353844331652
474,0.11572265625000001,-61.13169913194839,37.24721639366923,-0.3203826966222323,-0.026372519918197668
475,0.115966796875,-61.18174725616362,36.88034646655681,-0.32030898308966016,-0.026362675022255644
476,0.1162109375,-61.231795380378855,36.51347653944436,-0.3202352695570312,-0.02635283012631362
477,0.116455078125,-61.28184350459409,36.14660661233193,-0.32016155602445906,-0.026342985230371596
478,0.11669921875,-61.33189162880933,35.77973668521949,-0.3200878424918301,-0.02633314033437273
479,0.11694335937500001,-61.38193975302457,35.41286675810705,-0.32001412895925796,-0.026323295438430705
480,0.1171875,-61.43198787723979,35.04599683099464,-0.319940415426629,-0.02631345054248868
481,0.117431640625,-61.48203600145503,34.67912690388219,-0.31986670189405686,-0.026303605646546657
482,0.11767578125,-61.53208412567026,34.312256976769746,-0.3197929883614279,-0.02629376075054779
483,0.117919921875,-61.5821322498855,33.945387049657306,-0.31971927482885576,-0.026283915854605766
484,0.11816406250000001,-61.632180374100734,33.57851712254486,-0.3196455612962268,-0.026274070958663742
485,0.118408203125,-61.68222849831597,33.21164719543245,-0.31957184776365466,-0.02626422606272172
486,0.11865234375,-61.73227662253121,32.84477726832001,-0.3194981342310257,-0.02625438116672285
487,0.118896484375,-61.78232474674644,32.47790734120757,-0.31942442069845356,-0.026244536270780827
488,0.119140625,-61.83237287096168,32.11103741409513,-0.3193507071658246,-0.026234691374838803
489,0.11938476562500001,-61.882420995176915,31.744167486982686,-0.31927699363325246,-0.02622484647889678
490,0.11962890625,-61.93246911939214,31.37729755987027,-0.3192032801006235,-0.026215001582954756
491,0.119873046875,-61.982517243607376,31.010427632757832,-0.31912956656805136,-0.02620515668695589
492,0.1201171875,-62.03256536782261,30.643557705645385,-0.3190558530354224,-0.026195311791013864
493,0.120361328125,-62.08261349203785,30.276687778532946,-0.31898213950285026,-0.02618546689507184
494,0.12060546875000001,-62.13266161625308,29.909817851420506,-0.3189084259702213,-0.026175621999072973
495,0.120849609375,-62.18270974046832,29.542947924308084,-0.31883471243764916,-0.02616577710313095
496,0.12109375,-62.232757864683556,29.176077997195648,-0.3187609989050202,-0.026155932207188926
497,0.121337890625,-62.282805988898794,28.80920807008321,-0.31868728537244806,-0.0261460873112469
498,0.12158203125,-62.33285411311403,28.44233814297077,-0.3186135718398191,-0.026136242415248034
499,0.12182617187500001,-62.38290223732926,28.075468215858322,-0.31853985830724696,-0.02612639751930601
500,0.1220703125,-62.42465615750159,27.755190099914405,-0.31846164537500954,-0.026088380910948672
501,0.122314453125,-62.46433652666319,27.446559936762583,-0.3183823075928558,-0.026043321374459083
502,0.12255859375,-62.50401689582479,27.137929773610765,-0.31830296981070205,-0.025998261837969494
503,0.122802734375,-62.543697264986385,26.829299610458943,-0.3182236320285483,-0.025953202301479905
504,0.12304687500000001,-62.583377634148,26.520669447307124,-0.31814429424639457,-0.025908142764990316
505,0.123291015625,-62.623058003309595,26.212039284155328,-0.31806495646429767,-0.025863083228500727
506,0.12353515625,-62.662738372471196,25.903409121003506,-0.3179856186821439,-0.02581802369201114
507,0.123779296875,-62.702418741632805,25.594778957851688,-0.3179062808999902,-0.02577296415552155
508,0.1240234375,-62.742099110794406,25.286148794699866,-0.31782694311783644,-0.02572790461903196
509,0.12426757812500001,-62.78177947995601,24.977518631548048,-0.3177476053356827,-0.02568284508254237
510,0.12451171875,-62.82145984911761,24.66888846839625,-0.31766826755352895,-0.025637785546052783
511,0.124755859375,-62.8611402182792,24.360258305244425,-0.3175889297713752,-0.025592726009563194
512,0.125,-62.9008205874408,24.05162814209261,-0.3175095919892783,-0.025547666473130448
513,0.125244140625,-62.94050095660241,23.74299797894079,-0.31743025420712456,-0.02550260693664086
514,0.12548828125,-62.98018132576401,23.43436781578897,-0.3173509164249708,-0.02545754740015127
515,0.125732421875,-63.01986169492561,23.125737652637174,-0.3172715786428171,-0.02541248786366168
516,0.1259765625,-63.05954206408721,22.81710748948535,-0.31719224086066333,-0.025367428327172092
517,0.126220703125,-63.09922243324881,22.508477326333526,-0.3171129030785096,-0.025322368790682503
518,0.12646484375,-63.13890280241042,22.19984716318171,-0.31703356529635585,-0.025277309254192915
519,0.126708984375,-63.17858317157202,21.89121700002989,-0.3169542275142021,-0.025232249717703326
520,0.126953125,-63.218263540733616,21.58258683687809,-0.3168748897321052,-0.025187190181213737
521,0.127197265625,-63.25794390989523,21.27395667372627,-0.31679555194995146,-0.025142130644724148
522,0.12744140625,-63.297624279056826,20.96532651057445,-0.3167162141677977,-0.02509707110823456
523,0.127685546875,-63.33730464821843,20.656696347422628,-0.316636876385644,-0.02505201157174497
524,0.1279296875,-63.37698501738003,20.34806618427081,-0.31655753860349023,-0.02500695203525538
525,0.128173828125,-63.41459590220611,20.050061453988846,-0.31647706673362563,-0.024956940093773028
526,0.12841796875,-63.44392884969009,19.794558455186202,-0.31639205851291763,-0.024887118532433306
527,0.128662109375,-63.47326179717408,19.539055456383554,-0.31630705029226647,-0.02481729697103674
528,0.12890625,-63.502594744658076,19.28355245758091,-0.31622204207155846,-0.024747475409640174
529,0.129150390625,-63.53192769214206,19.02804945877827,-0.31613703385085046,-0.02467765384830045
530,0.12939453125,-63.56126063962604,18.77254645997564,-0.31605202563014245,-0.024607832286903886
531,0.129638671875,-63.590593587110035,18.517043461172996,-0.31596701740943445,-0.024538010725564163
532,0.1298828125,-63.61992653459402,18.261540462370352,-0.31588200918872644,-0.024468189164167597
533,0.130126953125,-63.649259482078016,18.006037463567704,-0.3157970009680753,-0.02439836760277103
534,0.13037109375,-63.67859242956201,17.750534464765064,-0.3157119927473673,-0.02432854604143131
535,0.130615234375,-63.70792537704599,17.495031465962434,-0.31562698452665927,-0.024258724480034743
536,0.130859375,-63.737258324529975,17.23952846715979,-0.31554197630595127,-0.024188902918638178
537,0.131103515625,-63.76659127201397,16.984025468357146,-0.31545696808524326,-0.024119081357298455
538,0.13134765625,-63.79592421949796,16.728522469554502,-0.31537195986453526,-0.02404925979590189
539,0.131591796875,-63.82525716698194,16.473019470751858,-0.3152869516438841,-0.023979438234505324
540,0.1318359375,-63.85459011446593,16.217516471949228,-0.3152019434231761,-0.0239096166731656
541,0.132080078125,-63.88392306194992,15.962013473146586,-0.3151169352024681,-0.023839795111769035
542,0.13232421875,-63.913256009433915,15.706510474343943,-0.3150319269817601,-0.02376997355037247
543,0.132568359375,-63.942588956917895,15.4510074755413,-0.3149469187610521,-0.023700151989032747
544,0.1328125,-63.97192190440188,15.195504476738652,-0.31486191054034407,-0.02363033042763618
545,0.133056640625,-64.00125485188588,14.940001477936027,-0.3147769023196929,-0.023560508866239616
546,0.13330078125,-64.03058779936987,14.684498479133381,-0.3146918940989849,-0.023490687304899893
547,0.133544921875,-64.05992074685385,14.428995480330737,-0.3146068858782769,-0.023420865743503327
548,0.1337890625,-64.08925369433784,14.173492481528093,-0.3145218776575689,-0.02335104418210676
549,0.134033203125,-64.11858664182182,13.917989482725448,-0.3144368694368609,-0.02328122262076704
550,0.13427734375,-64.14791958930581,13.662486483922823,-0.3143518612162097,-0.023211401059370473
551,0.134521484375,-64.1711280802337,13.43555829212461,-0.3142634142980114,-0.023131924563529083
552,0.134765625,-64.1902536001242,13.22767997166268,-0.31417267491485745,-0.023046011444705528
553,0.135009765625,-64.20937912001469,13.019801651200751,-0.3140819355317035,-0.022960098325881972
554,0.13525390625,-64.22850463990518,12.811923330738823,-0.31399119614854953,-0.022874185207058417
555,0.135498046875,-64.24763015979568,12.604045010276907,-0.3139004567654524,-0.022788272088234862
556,0.1357421875,-64.26675567968617,12.39616668981498,-0.31380971738229846,-0.022702358969411307
557,0.135986328125,-64.28588119957665,12.18828836935305,-0.3137189779991445,-0.022616445850587752
558,0.13623046875,-64.30500671946714,11.980410048891121,-0.31362823861599054,-0.022530532731764197
559,0.136474609375,-64.32413223935764,11.772531728429191,-0.3135374992328366,-0.02244461961294064
560,0.13671875,-64.34325775924813,11.564653407967278,-0.3134467598496826,-0.022358706494117087
561,0.136962890625,-64.36238327913863,11.35677508750535,-0.31335602046652866,-0.02227279337529353
562,0.13720703125,-64.38150879902912,11.148896767043421,-0.3132652810833747,-0.022186880256469976
563,0.137451171875,-64.40063431891961,10.94101844658149,-0.31317454170022074,-0.02210096713764642
564,0.1376953125,-64.4197598388101,10.733140126119562,-0.3130838023171236,-0.022015054018822866
565,0.137939453125,-64.43888535870059,10.52526180565765,-0.31299306293396967,-0.02192914089999931
566,0.13818359375,-64.45801087859108,10.317383485195718,-0.3129023235508157,-0.021843227781175756
567,0.138427734375,-64.47713639848158,10.10950516473379,-0.31281158416766175,-0.0217573146623522
568,0.138671875,-64.49626191837207,9.901626844271862,-0.3127208447845078,-0.021671401543528646
569,0.138916015625,-64.51538743826256,9.693748523809932,-0.31263010540135383,-0.02158548842470509
570,0.13916015625,-64.53451295815304,9.485870203348018,-0.31253936601819987,-0.021499575305881535
571,0.139404296875,-64.55363847804354,9.27799188288609,-0.3124486266350459,-0.02141366218705798
572,0.1396484375,-64.57276399793403,9.07011356242416,-0.3123578872519488,-0.021327749068234425
573,0.139892578125,-64.59188951782453,8.86223524196223,-0.31226714786879484,-0.02124183594941087
574,0.14013671875,-64.61101503771502,8.654356921500302,-0.3121764084856409,-0.021155922830587315
575,0.140380859375,-64.63014055760551,8.446478601038388,-0.3120856691024869,-0.02107000971176376
576,0.140625,-64.64926607749601,8.23860028057646,-0.31199492971933296,-0.020984096592940205
577,0.140869140625,-64.6584393860444,8.072766141958091,-0.3118983769428496,-0.020889122739845334
578,0.14111328125,-64.66761269459282,7.906932003339725,-0.31180182416636626,-0.020794148886750463
579,0.141357421875,-64.67678600314122,7.7410978647213575,-0.3117052713898829,-0.020699175033655592
580,0.1416015625,-64.68595931168963,7.575263726103002,-0.3116087186134564,-0.020604201180617565
581,0.141845703125,-64.69513262023804,7.409429587484634,-0.31151216583697305,-0.020509227327522694
582,0.14208984375,-64.70430592878644,7.243595448866266,-0.3114156130604897,-0.020414253474427824
583,0.142333984375,-64.71347923733485,7.0777613102479,-0.31131906028400635,-0.020319279621332953
584,0.142578125,-64.72265254588325,6.911927171629531,-0.311222507507523,-0.020224305768238082
585,0.142822265625,-64.73182585443166,6.746093033011175,-0.31112595473103966,-0.02012933191514321
586,0.14306640625,-64.74099916298006,6.580258894392808,-0.31102940195461315,-0.02003435806204834
587,0.143310546875,-64.75017247152846,6.414424755774441,-0.3109328491781298,-0.019939384209010313
588,0.1435546875,-64.75934578007687,6.248590617156073,-0.31083629640164645,-0.019844410355915443
589,0.143798828125,-64.76851908862528,6.082756478537706,-0.3107397436251631,-0.019749436502820572
590,0.14404296875,-64.77769239717368,5.91692233991935,-0.31064319084867975,-0.0196544626497257
591,0.144287109375,-64.7868657057221,5.751088201300982,-0.3105466380721964,-0.01955948879663083
592,0.14453125,-64.79603901427049,5.585254062682615,-0.3104500852957699,-0.01946451494353596
593,0.144775390625,-64.8052123228189,5.419419924064247,-0.31035353251928655,-0.019369541090497933
594,0.14501953125,-64.8143856313673,5.253585785445879,-0.3102569797428032,-0.019274567237403062
595,0.145263671875,-64.82355893991571,5.087751646827524,-0.31016042696631985,-0.01917959338430819
596,0.1455078125,-64.83273224846413,4.921917508209156,-0.3100638741898365,-0.01908461953121332
597,0.145751953125,-64.84190555701252,4.7560833695907885,-0.30996732141335315,-0.01898964567811845
598,0.14599609375,-64.85107886556092,4.590249230972422,-0.30987076863692664,-0.01889467182502358
599,0.146240234375,-64.86025217410933,4.424415092354054,-0.3097742158604433,-0.01879969797192871
600,0.146484375,-64.86942548265773,4.258580953735698,-0.30967766308395994,-0.01870472411889068
601,0.146728515625,-64.87859879120614,4.09274681511733,-0.3095811103074766,-0.01860975026579581
602,0.14697265625,-64.88393604660568,3.9415532675795357,-0.30948218844105213,-0.018513378129000557
603,0.147216796875,-64.88351922228193,3.812320606662602,-0.3093797129396876,-0.018414908566739996
604,0.1474609375,-64.88310239795817,3.683087945745668,-0.309277237438323,-0.018316439004479435
605,0.147705078125,-64.88268557363442,3.5538552848287437,-0.3091747619369585,-0.018217969442218873
606,0.14794921875,-64.88226874931065,3.4246226239118105,-0.30907228643565077,-0.018119499879958312
607,0.148193359375,-64.8818519249869,3.2953899629948764,-0.3089698109342862,-0.01802103031769775
608,0.1484375,-64.88143510066315,3.1661573020779428,-0.30886733543292166,-0.01792256075543719
609,0.148681640625,-64.88101827633938,3.036924641161009,-0.3087648599315571,-0.01782409119323347
610,0.14892578125,-64.88060145201563,2.907691980244085,-0.30866238443019256,-0.01772562163097291
611,0.149169921875,-64.88018462769186,2.778459319327151,-0.308559908928828,-0.01762715206871235
612,0.1494140625,-64.87976780336811,2.649226658410217,-0.30845743342746346,-0.017528682506451787
613,0.149658203125,-64.87935097904435,2.5199939974932835,-0.3083549579260989,-0.017430212944191226
614,0.14990234375,-64.87893415472058,2.39076133657635,-0.30825248242473435,-0.017331743381930664
615,0.150146484375,-64.87851733039683,2.2615286756594255,-0.30815000692342664,-0.017233273819670103
616,0.150390625,-64.87810050607307,2.132296014742492,-0.3080475314220621,-0.01713480425740954
617,0.150634765625,-64.87768368174932,2.0030633538255582,-0.30794505592069754,-0.01703633469514898
618,0.15087890625,-64.87726685742555,1.8738306929086244,-0.307842580419333,-0.01693786513288842
619,0.151123046875,-64.8768500331018,1.7445980319916907,-0.30774010491796844,-0.016839395570627858
620,0.1513671875,-64.87643320877804,1.6153653710747664,-0.3076376294166039,-0.016740926008367296
621,0.151611328125,-64.87601638445429,1.4861327101578325,-0.30753515391523933,-0.016642456446106735
622,0.15185546875,-64.87559956013052,1.356900049240899,-0.3074326784138748,-0.016543986883846173
623,0.152099609375,-64.87518273580677,1.2276673883239653,-0.3073302029125671,-0.016445517321585612
624,0.15234375,-64.87476591148301,1.0984347274070316,-0.3072277274112025,-0.01634704775932505
625,0.152587890625,-64.87434908715926,0.9692020664901071,-0.30712525190983797,-0.01624857819706449
626,0.15283203125,-64.8739322628355,0.8399694055731733,-0.3070227764084734,-0.016150108634803928
627,0.153076171875,-64.87351543851175,0.7107367446562397,-0.30692030090710887,-0.016051639072543367
628,0.1533203125,-64.86579241292606,0.6066552141226156,-0.3068129751903257,-0.015953801025489156
629,0.153564453125,-64.85624283702488,0.5088614661848198,-0.30670443691968785,-0.01585612085716548
630,0.15380859375,-64.8466932611237,0.41106771824703076,-0.30659589864905,-0.015758440688898645
631,0.154052734375,-64.83714368522253,0.3132739703092348,-0.3064873603784122,-0.01566076052063181
632,0.154296875,-64.82759410932135,0.21548022237143885,-0.3063788221078312,-0.015563080352364977
633,0.154541015625,-64.81804453342019,0.11768647443364297,-0.30627028383719335,-0.015465400184098144
634,0.15478515625,-64.808494957519,0.019892726495846964,-0.3061617455665555,-0.01536772001583131
635,0.155029296875,-64.79894538161783,-0.077901021441942,-0.3060532072959177,-0.015270039847564476
636,0.1552734375,-64.78939580571665,-0.175694769379738,-0.30594466902527984,-0.015172359679297642
637,0.155517578125,-64.77984622981548,-0.273488517317534,-0.305836130754642,-0.015074679511030808
638,0.15576171875,-64.7702966539143,-0.37128226525532987,-0.30572759248400416,-0.014976999342763975
639,0.156005859375,-64.76074707801313,-0.46907601319312575,-0.3056190542133663,-0.014879319174497141
640,0.15625,-64.75119750211196,-0.5668697611309147,-0.30551051594278533,-0.014781639006230307
641,0.156494140625,-64.74164792621079,-0.6646635090687176,-0.3054019776721475,-0.01468395883790663
642,0.15673828125,-64.73209835030961,-0.7624572570065067,-0.30529343940150966,-0.014586278669639796
643,0.15698242187499997,-64.72254877440844,-0.8602510049442956,-0.3051849011308718,-0.014488598501372962
644,0.1572265625,-64.71299919850726,-0.9580447528820986,-0.305076362860234,-0.014390918333106129
645,0.157470703125,-64.70344962260609,-1.0558385008198874,-0.30496782458959615,-0.014293238164839295
646,0.15771484375,-64.69390004670491,-1.1536322487576904,-0.3048592863189583,-0.014195557996572461
647,0.157958984375,-64.68435047080374,-1.2514259966954793,-0.3047507480483205,-0.014097877828305627
648,0.15820312499999997,-64.67480089490256,-1.3492197446332685,-0.30464220977768264,-0.014000197660038793
649,0.158447265625,-64.66525131900138,-1.4470134925710711,-0.30453367150710164,-0.01390251749177196
650,0.15869140625,-64.65570174310022,-1.5448072405088602,-0.3044251332364638,-0.013804837323505126
651,0.158935546875,-64.64615216719905,-1.642600988446663,-0.30431659496582597,-0.013707157155238292
652,0.1591796875,-64.63660259129787,-1.740394736384452,-0.30420805669518813,-0.013609476986914615
653,0.15942382812499997,-64.62533421089815,-1.8328596351555473,-0.30409827150231195,-0.013512592659651546
654,0.15966796875,-64.60719061250425,-1.9040091372598755,-0.3039834986205392,-0.013418891696233004
655,0.159912109375,-64.58904701411036,-1.9751586393641938,-0.30386872573876644,-0.013325190732871306
656,0.16015625,-64.57090341571647,-2.046308141468521,-0.3037539528569937,-0.013231489769509608
657,0.160400390625,-64.55275981732258,-2.117457643572839,-0.3036391799752778,-0.013137788806091066
658,0.16064453124999997,-64.53461621892869,-2.188607145677157,-0.30352440709350503,-0.013044087842729368
659,0.160888671875,-64.5164726205348,-2.259756647781485,-0.3034096342117323,-0.012950386879310827
660,0.1611328125,-64.49832902214091,-2.3309061498858035,-0.30329486132995953,-0.012856685915949129
661,0.161376953125,-64.48018542374702,-2.4020556519901315,-0.3031800884481868,-0.012762984952530587
662,0.16162109375,-64.46204182535311,-2.473205154094449,-0.30306531556641403,-0.012669283989168889
663,0.16186523437499997,-64.44389822695922,-2.544354656198767,-0.3029505426846413,-0.012575583025807191
664,0.162109375,-64.42575462856533,-2.615504158303095,-0.3028357698028685,-0.01248188206238865
665,0.162353515625,-64.40761103017144,-2.686653660407413,-0.3027209969210958,-0.012388181099026951
666,0.16259765625,-64.38946743177755,-2.757803162511741,-0.302606224039323,-0.01229448013560841
667,0.162841796875,-64.37132383338366,-2.8289526646160588,-0.3024914511576071,-0.012200779172246712
668,0.16308593749999997,-64.35318023498978,-2.900102166720377,-0.30237667827583437,-0.01210707820882817
669,0.163330078125,-64.33503663659587,-2.9712516688247046,-0.3022619053940616,-0.012013377245466472
670,0.16357421875,-64.316893038202,-3.042401170929023,-0.30214713251228886,-0.011919676282104774
671,0.163818359375,-64.29874943980809,-3.113550673033351,-0.3020323596305161,-0.011825975318686233
672,0.1640625,-64.28060584141421,-3.1847001751376682,-0.30191758674874336,-0.011732274355324535
673,0.16430664062499997,-64.26246224302031,-3.2558496772419865,-0.3018028138669706,-0.011638573391905993
674,0.16455078125,-64.2443186446264,-3.3269991793463145,-0.30168804098519786,-0.011544872428544295
675,0.164794921875,-64.22617504623253,-3.3981486814506323,-0.3015732681034251,-0.011451171465125753
676,0.1650390625,-64.20803144783862,-3.4692981835549603,-0.30145849522165236,-0.011357470501764055
677,0.165283203125,-64.18988784944474,-3.540447685659278,-0.3013437223398796,-0.011263769538402357
678,0.16552734374999997,-64.17174425105085,-3.611597187763596,-0.3012289494581637,-0.011170068574983816
679,0.165771484375,-64.1488069707716,-3.6693872639488885,-0.30111031474763195,-0.011080116782693494
680,0.166015625,-64.1226739025688,-3.7182710561881485,-0.30098910548468893,-0.010992664437821986
681,0.166259765625,-64.096540834366,-3.767154848427415,-0.3008678962216891,-0.010905212092893635
682,0.16650390625,-64.07040776616319,-3.816038640666675,-0.3007466869586892,-0.010817759748022127
683,0.16674804687499997,-64.04427469796039,-3.864922432905935,-0.3006254776957462,-0.010730307403150618
684,0.1669921875,-64.01814162975757,-3.9138062251452026,-0.30050426843274636,-0.010642855058222267
685,0.167236328125,-63.992008561554776,-3.962690017384462,-0.30038305916980335,-0.010555402713350759
686,0.16748046875,-63.965875493351966,-4.011573809623729,-0.3002618499068035,-0.010467950368422407
687,0.167724609375,-63.93974242514916,-4.060457601862989,-0.30014064064380364,-0.0103804980235509
688,0.16796874999999997,-63.91360935694635,-4.109341394102249,-0.3000194313808606,-0.010293045678679391
689,0.168212890625,-63.88747628874355,-4.158225186341516,-0.29989822211786077,-0.01020559333375104
690,0.16845703125,-63.861343220540746,-4.207108978580776,-0.29977701285491776,-0.010118140988879532
691,0.168701171875,-63.835210152337936,-4.255992770820043,-0.2996558035919179,-0.01003068864395118
692,0.1689453125,-63.80907708413513,-4.304876563059303,-0.29953459432891805,-0.009943236299079672
693,0.16918945312499997,-63.78294401593232,-4.353760355298564,-0.29941338506597504,-0.00985578395415132
694,0.16943359375,-63.75681094772952,-4.40264414753783,-0.2992921758029752,-0.009768331609279812
695,0.169677734375,-63.73067787952671,-4.451527939777091,-0.2991709665399753,-0.009680879264408304
696,0.169921875,-63.7045448113239,-4.5004117320163575,-0.2990497572770323,-0.009593426919479953
697,0.170166015625,-63.6784117431211,-4.5492955242556175,-0.29892854801403246,-0.009505974574608445
698,0.17041015624999997,-63.65227867491831,-4.598179316494878,-0.29880733875108945,-0.009418522229680093
699,0.170654296875,-63.6261456067155,-4.6470631087341445,-0.2986861294880896,-0.009331069884808585
700,0.1708984375,-63.60001253851268,-4.695946900973405,-0.29856492022508974,-0.009243617539937077
701,0.171142578125,-63.57387947030988,-4.744830693212672,-0.2984437109621467,-0.009156165195008725
702,0.17138671875,-63.54774640210707,-4.793714485451932,-0.29832250169914687,-0.009068712850137217
703,0.17163085937499997,-63.52161333390427,-4.842598277691192,-0.29820129243620386,-0.008981260505208866
704,0.171875,-63.49548026570147,-4.8914820699304595,-0.298080083173204,-0.008893808160337358
705,0.172119140625,-63.46201181455071,-4.922042259461478,-0.2979522109008599,-0.008814113713583538
706,0.17236328125,-63.42854336339995,-4.9526024489925025,-0.29782433862851576,-0.008734419266772875
707,0.172607421875,-63.39507491224921,-4.98316263852352,-0.2976964663561148,-0.008654724820019055
708,0.17285156249999997,-63.361606461098454,-5.01372282805454,-0.2975685940837707,-0.008575030373265236
709,0.173095703125,-63.3281380099477,-5.044283017585562,-0.29744072181142656,-0.008495335926511416
710,0.17333984375,-63.29466955879695,-5.074843207116582,-0.29731284953908244,-0.008415641479700753
711,0.173583984375,-63.2612011076462,-5.105403396647605,-0.29718497726668147,-0.008335947032946933
712,0.173828125,-63.227732656495434,-5.135963586178624,-0.29705710499433735,-0.008256252586193114
713,0.17407226562499997,-63.19426420534469,-5.166523775709644,-0.29692923272199323,-0.00817655813938245
714,0.17431640625,-63.16079575419394,-5.197083965240667,-0.2968013604496491,-0.00809686369262863
715,0.174560546875,-63.12732730304318,-5.227644154771687,-0.29667348817724815,-0.008017169245874811
716,0.1748046875,-63.093858851892435,-5.258204344302709,-0.296545615904904,-0.007937474799064148
717,0.175048828125,-63.06039040074169,-5.288764533833729,-0.2964177436325599,-0.007857780352310328
718,0.17529296874999997,-63.02692194959093,-5.319324723364748,-0.2962898713602158,-0.007778085905556509
719,0.175537109375,-62.99345349844018,-5.349884912895771,-0.2961619990878148,-0.007698391458802689
720,0.17578125,-62.95998504728943,-5.3804451024267905,-0.2960341268154707,-0.007618697011992026
721,0.176025390625,-62.92651659613867,-5.411005291957814,-0.2959062545431266,-0.0075390025652382064
722,0.17626953125,-62.89304814498792,-5.4415654814888335,-0.29577838227078246,-0.007459308118484387
723,0.17651367187499997,-62.85957969383717,-5.472125671019851,-0.29565050999843834,-0.007379613671673724
724,0.1767578125,-62.826111242686416,-5.502685860550875,-0.2955226377260374,-0.007299919224919904
725,0.177001953125,-62.79264279153566,-5.533246050081893,-0.29539476545369325,-0.0072202247781660844
726,0.17724609375,-62.7591743403849,-5.5638062396129175,-0.29526689318134913,-0.007140530331355421
727,0.177490234375,-62.72570588923415,-5.594366429143936,-0.295139020909005,-0.007060835884601602
728,0.17773437499999997,-62.6922374380834,-5.624926618674956,-0.29501114863660405,-0.006981141437847782
729,0.177978515625,-62.65876898693264,-5.655486808205979,-0.2948832763642599,-0.006901446991093962
730,0.17822265625,-62.62264130683953,-5.680119422149532,-0.2947526416091364,-0.0068252126783363565
731,0.178466796875,-62.58252478333286,-5.695860672711886,-0.29461786312975846,-0.006754168566772023
732,0.1787109375,-62.54240825982619,-5.711601923274238,-0.2944830846504374,-0.006683124455150846
733,0.17895507812499997,-62.50229173631951,-5.727343173836591,-0.2943483061711163,-0.006612080343529669
734,0.17919921875,-62.46217521281284,-5.743084424398945,-0.29421352769173836,-0.0065410362319084925
735,0.179443359375,-62.42205868930616,-5.758825674961297,-0.2940787492124173,-0.006469992120287316
736,0.1796875,-62.38194216579948,-5.774566925523652,-0.2939439707330962,-0.006398948008722982
737,0.179931640625,-62.34182564229282,-5.790308176086004,-0.29380919225371827,-0.006327903897101805
738,0.18017578124999997,-62.30170911878614,-5.806049426648355,-0.2936744137743972,-0.0062568597854806285
739,0.180419921875,-62.26159259527945,-5.82179067721071,-0.29353963529501925,-0.006185815673859452
740,0.1806640625,-62.22147607177279,-5.837531927773061,-0.29340485681569817,-0.006114771562238275
741,0.180908203125,-62.18135954826611,-5.853273178335416,-0.2932700783363771,-0.006043727450617098
742,0.18115234375,-62.14124302475943,-5.869014428897768,-0.29313529985699915,-0.0059726833390527645
743,0.18139648437499997,-62.10112650125277,-5.88475567946012,-0.29300052137767807,-0.005901639227431588
744,0.181640625,-62.06100997774608,-5.9004969300224746,-0.292865742898357,-0.005830595115810411
745,0.181884765625,-62.02089345423941,-5.916238180584827,-0.29273096441897906,-0.005759551004189234
746,0.18212890625,-61.98077693073274,-5.931979431147181,-0.29259618593965797,-0.005688506892568057
747,0.182373046875,-61.94066040722606,-5.947720681709533,-0.2924614074603369,-0.00561746278094688
748,0.18261718749999997,-61.900543883719386,-5.963461932271885,-0.29232662898095896,-0.005546418669382547
749,0.182861328125,-61.86042736021271,-5.979203182834239,-0.2921918505016379,-0.00547537455776137
750,0.18310546875,-61.82031083670604,-5.994944433396592,-0.29205707202225994,-0.005404330446140193
751,0.183349609375,-61.78019431319937,-6.010685683958946,-0.29192229354293886,-0.005333286334519016
752,0.18359375,-61.74007778969269,-6.026426934521298,-0.2917875150636178,-0.005262242222897839
753,0.18383789062499997,-61.699961266186016,-6.042168185083651,-0.29165273658423985,-0.0051911981112766625
754,0.18408203125,-61.65984474267934,-6.057909435646003,-0.29151795810491876,-0.005120153999712329
755,0.184326171875,-61.61972821917267,-6.073650686208356,-0.2913831796255977,-0.005049109888091152
756,0.1845703125,-61.574857123937484,-6.080000139951474,-0.2912426773779089,-0.0049853070814265266
757,0.184814453125,-61.52879738577017,-6.0840016444897795,-0.29110074418815657,-0.004923314601057882
758,0.18505859374999997,-61.48273764760286,-6.088003149028085,-0.2909588109983474,-0.004861322120632394
759,0.185302734375,-61.43667790943555,-6.0920046535663905,-0.2908168778085951,-0.004799329640206906
760,0.185546875,-61.39061817126824,-6.096006158104697,-0.2906749446188428,-0.004737337159838262
761,0.185791015625,-61.34455843310093,-6.100007662643003,-0.2905330114290905,-0.004675344679412774
762,0.18603515625,-61.29849869493361,-6.104009167181308,-0.29039107823928134,-0.0046133521990441295
763,0.18627929687499997,-61.252438956766305,-6.108010671719614,-0.29024914504952903,-0.004551359718618642
764,0.1865234375,-61.20637921859899,-6.11201217625792,-0.2901072118597767,-0.004489367238249997
765,0.186767578125,-61.16031948043168,-6.116013680796226,-0.2899652786700244,-0.004427374757824509
766,0.18701171875,-61.11425974226435,-6.120015185334532,-0.28982334548021527,-0.004365382277455865
767,0.187255859375,-61.068200004097044,-6.124016689872839,-0.28968141229046296,-0.004303389797030377
768,0.18750000000000003,-61.02214026592973,-6.128018194411144,-0.28953947910071065,-0.004241397316604889
769,0.187744140625,-60.97608052776242,-6.132019698949451,-0.28939754591095834,-0.004179404836236245
770,0.18798828125,-60.93002078959511,-6.136021203487757,-0.28925561272120603,-0.004117412355810757
771,0.188232421875,-60.8839610514278,-6.140022708026063,-0.2891136795313969,-0.004055419875442112
772,0.1884765625,-60.83790131326049,-6.144024212564368,-0.2889717463416446,-0.003993427395016624
773,0.18872070312500003,-60.79184157509317,-6.148025717102675,-0.28882981315189227,-0.00393143491464798
774,0.18896484375,-60.745781836925865,-6.152027221640981,-0.28868787996213996,-0.003869442434222492
775,0.189208984375,-60.69972209875855,-6.156028726179286,-0.2885459467723308,-0.0038074499538538475
776,0.189453125,-60.65366236059123,-6.160030230717592,-0.2884040135825785,-0.0037454574734283597
777,0.189697265625,-60.60760262242393,-6.164031735255898,-0.2882620803928262,-0.003683464993059715
778,0.18994140625000003,-60.5615428842566,-6.168033239794204,-0.2881201472030739,-0.0036214725126342273
779,0.190185546875,-60.51548314608929,-6.172034744332509,-0.28797821401326473,-0.0035594800322087394
780,0.1904296875,-60.469423407921994,-6.176036248870816,-0.2878362808235124,-0.003497487551840095
781,0.190673828125,-60.42231660801176,-6.178224643538198,-0.28769286867492383,-0.0034373091450561333
782,0.19091796875,-60.371021561129865,-6.173160598721884,-0.28754354069110377,-0.0033843870326109027
783,0.19116210937500003,-60.31972651424797,-6.168096553905569,-0.2873942127072837,-0.0033314649202225155
784,0.19140625,-60.268431467366085,-6.163032509089254,-0.28724488472346366,-0.0032785428078341283
785,0.191650390625,-60.21713642048418,-6.15796846427294,-0.28709555673958675,-0.003225620695445741
786,0.19189453125,-60.165841373602284,-6.152904419456624,-0.2869462287557667,-0.0031726985830005106
787,0.192138671875,-60.11454632672039,-6.14784037464031,-0.28679690077194664,-0.0031197764706121234
788,0.19238281250000003,-60.06325127983848,-6.142776329823994,-0.2866475727881266,-0.003066854358223736
789,0.192626953125,-60.0119562329566,-6.137712285007679,-0.2864982448042497,-0.003013932245835349
790,0.19287109375,-59.9606611860747,-6.132648240191365,-0.2863489168204296,-0.002961010133446962
791,0.193115234375,-59.90936613919281,-6.127584195375049,-0.28619958883660956,-0.0029080880210017312
792,0.193359375,-59.858071092310915,-6.122520150558736,-0.2860502608527895,-0.002855165908613344
793,0.19360351562500003,-59.806776045429025,-6.11745610574242,-0.2859009328689126,-0.002802243796224957
794,0.19384765625,-59.75548099854713,-6.112392060926106,-0.28575160488509255,-0.0027493216838365697
795,0.194091796875,-59.704185951665245,-6.107328016109791,-0.2856022769012725,-0.002696399571391339
796,0.1943359375,-59.65289090478334,-6.102263971293476,-0.28545294891745243,-0.002643477459002952
797,0.194580078125,-59.601595857901444,-6.097199926477161,-0.28530362093357553,-0.0025905553466145648
798,0.19482421875000003,-59.55030081101955,-6.0921358816608455,-0.2851542929497555,-0.0025376332342261776
799,0.195068359375,-59.49900576413766,-6.087071836844531,-0.2850049649659354,-0.002484711121780947
800,0.1953125,-59.44771071725576,-6.082007792028216,-0.28485563698211536,-0.00243178900939256
801,0.195556640625,-59.39641567037386,-6.076943747211901,-0.2847063089982953,-0.0023788668970041726
802,0.19580078125,-59.34512062349198,-6.071879702395587,-0.2845569810144184,-0.0023259447846157855
803,0.19604492187500003,-59.29382557661007,-6.066815657579271,-0.28440765303059834,-0.0022730226722273983
804,0.1962890625,-59.242530529728185,-6.061751612762958,-0.2842583250467783,-0.0022201005597821677
805,0.196533203125,-59.19123548284629,-6.056687567946642,-0.2841089970629582,-0.0021671784473937805
806,0.19677734375,-59.139940435964384,-6.051623523130328,-0.2839596690790813,-0.0021142563350053933
807,0.197021484375,-59.08592303531825,-6.042497165615034,-0.28380577447614996,-0.002066613686565688
808,0.19726562500000003,-59.030090732162634,-6.030662599633753,-0.28364883546043984,-0.002022490680701594
809,0.197509765625,-58.97425842900701,-6.018828033652473,-0.28349189644478656,-0.0019783676748943435
810,0.19775390625,-58.91842612585138,-6.006993467671193,-0.28333495742907644,-0.001934244669087093
811,0.197998046875,-58.86259382269576,-5.995158901689913,-0.28317801841342316,-0.0018901216632798423
812,0.1982421875,-58.80676151954014,-5.983324335708633,-0.28302107939771304,-0.0018459986574725917
813,0.19848632812500003,-58.750929216384506,-5.971489769727351,-0.2828641403820029,-0.0018018756516084977
814,0.19873046875,-58.69509691322889,-5.959655203746073,-0.28270720136634964,-0.0017577526458012471
815,0.198974609375,-58.63926461007327,-5.947820637764793,-0.2825502623506395,-0.0017136296399939965
816,0.19921875,-58.58343230691764,-5.935986071783511,-0.28239332333498623,-0.001669506634186746
817,0.199462890625,-58.52760000376202,-5.924151505802231,-0.2822363843192761,-0.001625383628322652
818,0.19970703125000003,-58.471767700606385,-5.912316939820951,-0.282079445303566,-0.0015812606225154013
819,0.199951171875,-58.415935397450774,-5.9004823738396714,-0.2819225062879127,-0.0015371376167081507
820,0.2001953125,-58.36010309429515,-5.8886478078583915,-0.2817655672722026,-0.0014930146109009002
821,0.200439453125,-58.304270791139515,-5.876813241877111,-0.2816086282565493,-0.0014488916050368061
822,0.20068359375,-58.248438487983904,-5.864978675895831,-0.2814516892408392,-0.0014047685992295555
823,0.20092773437500003,-58.192606184828264,-5.853144109914549,-0.28129475022512906,-0.001360645593422305
824,0.201171875,-58.136773881672646,-5.84130954393327,-0.2811378112094758,-0.0013165225876150544
825,0.201416015625,-58.08094157851702,-5.82947497795199,-0.28098087219376566,-0.0012723995818078038
826,0.20166015625,-58.025109275361395,-5.817640411970709,-0.2808239331781124,-0.0012282765759437098
827,0.201904296875,-57.96927697220577,-5.80580584598943,-0.28066699416240226,-0.0011841535701364592
828,0.20214843750000003,-57.913444669050136,-5.793971280008148,-0.28051005514669214,-0.0011400305643292086
829,0.202392578125,-57.857612365894525,-5.782136714026868,-0.28035311613103886,-0.001095907558521958
830,0.20263671875,-57.8017800627389,-5.770302148045588,-0.28019617711532874,-0.001051784552657864
831,0.202880859375,-57.74594775958327,-5.758467582064308,-0.28003923809967546,-0.0010076615468506134
832,0.203125,-57.690115456427655,-5.746633016083028,-0.27988229908396534,-0.0009635385410433628
833,0.20336914062500003,-57.630423080156405,-5.7299727994483645,-0.27971757280982956,-0.0009277313366169437
834,0.20361328125,-57.57073070388518,-5.713312582813703,-0.2795528465356938,-0.0008919241321336813
835,0.203857421875,-57.511038327613946,-5.696652366179042,-0.279388120261558,-0.0008561169277072622
836,0.2041015625,-57.4513459513427,-5.679992149544379,-0.2792233939874791,-0.0008203097232239998
837,0.204345703125,-57.39165357507147,-5.663331932909718,-0.2790586677133433,-0.0007845025187975807
838,0.20458984375000003,-57.33196119880023,-5.646671716275053,-0.27889394143920754,-0.0007486953143711617
839,0.204833984375,-57.272268822529,-5.630011499640392,-0.27872921516507176,-0.0007128881098878992
840,0.205078125,-57.21257644625777,-5.613351283005731,-0.278564488890936,-0.0006770809054614801
841,0.205322265625,-57.15288406998653,-5.596691066371068,-0.2783997626168002,-0.0006412737010350611
842,0.20556640625,-57.0931916937153,-5.580030849736407,-0.27823503634266444,-0.0006054664965517986
843,0.20581054687500003,-57.033499317444054,-5.5633706331017425,-0.2780703100685855,-0.0005696592921253796
844,0.2060546875,-56.97380694117282,-5.546710416467081,-0.27790558379444974,-0.0005338520876421171
845,0.206298828125,-56.914114564901595,-5.53005019983242,-0.27774085752031397,-0.0004980448832156981
846,0.20654296875,-56.85442218863035,-5.513389983197757,-0.2775761312461782,-0.000462237678789279
847,0.206787109375,-56.794729812359115,-5.496729766563096,-0.2774114049720424,-0.00042643047430601655
848,0.20703125000000003,-56.73503743608788,-5.480069549928432,-0.27724667869790665,-0.0003906232698795975
849,0.207275390625,-56.67534505981664,-5.463409333293771,-0.27708195242377087,-0.00035481606539633503
850,0.20751953125,-56.61565268354542,-5.4467491166591095,-0.27691722614969194,-0.000319008860969916
851,0.207763671875,-56.55596030727417,-5.430088900024446,-0.27675249987555617,-0.00028320165654349694
852,0.2080078125,-56.49626793100294,-5.4134286833897844,-0.2765877736014204,-0.00024739445206023447
853,0.20825195312500003,-56.436575554731704,-5.396768466755121,-0.2764230473272846,-0.00021158724763381542
854,0.20849609375,-56.37688317846047,-5.38010825012046,-0.27625832105314885,-0.00017578004320739637
855,0.208740234375,-56.31719080218923,-5.363448033485799,-0.2760935947790131,-0.0001399728387241339
856,0.208984375,-56.257498425917994,-5.346787816851135,-0.2759288685048773,-0.00010416563429771486
857,0.209228515625,-56.197806049646765,-5.330127600216474,-0.27576414223079837,-6.835842981445239e-05
858,0.20947265625000003,-56.13682858183476,-5.3121872518932935,-0.27559625289472933,-3.562535590617699e-05
859,0.209716796875,-56.07392347671162,-5.292326706037339,-0.27542361896570355,-7.503477831960481e-06
860,0.2099609375,-56.01101837158848,-5.272466160181384,-0.2752509850367346,2.061840029909945e-05
861,0.210205078125,-55.948113266465334,-5.252605614325429,-0.2750783511077657,4.874027837331596e-05
862,0.21044921875,-55.88520816134219,-5.232745068469474,-0.27490571717879675,7.686215650437589e-05
863,0.21069335937500003,-55.82230305621905,-5.212884522613517,-0.2747330832498278,0.0001049840345785924
864,0.2109375,-55.759397951095906,-5.193023976757562,-0.27456044932080204,0.0001331059126528089
865,0.211181640625,-55.696492845972784,-5.173163430901609,-0.2743878153918331,0.00016122779078386884
866,0.21142578125,-55.63358774084964,-5.153302885045652,-0.27421518146286417,0.00018934966885808535
867,0.211669921875,-55.5706826357265,-5.133442339189697,-0.27404254753389523,0.00021747154698914528
868,0.21191406250000003,-55.507777530603356,-5.113581793333741,-0.2738699136049263,0.0002455934250633618
869,0.212158203125,-55.44487242548021,-5.093721247477788,-0.27369727967595736,0.0002737153031944217
870,0.21240234375,-55.38196732035708,-5.073860701621833,-0.2735246457469316,0.00030183718126863823
871,0.212646484375,-55.31906221523393,-5.054000155765876,-0.27335201181796265,0.00032995905939969816
872,0.212890625,-55.25615711011079,-5.034139609909923,-0.2731793778889937,0.0003580809374739147
873,0.21313476562500003,-55.19325200498764,-5.014279064053966,-0.2730067439600248,0.0003862028156049746
874,0.21337890625,-55.13034689986451,-4.994418518198011,-0.27283411003105584,0.0004143246936791911
875,0.213623046875,-55.06744179474137,-4.974557972342058,-0.2726614761020869,0.00044244657181025104
876,0.2138671875,-55.00453668961823,-4.954697426486101,-0.27248884217306113,0.00047056844988446755
877,0.214111328125,-54.941631584495084,-4.934836880630146,-0.2723162082440922,0.0004986903280155275
878,0.21435546875000003,-54.87872647937194,-4.91497633477419,-0.27214357431512326,0.000526812206089744
879,0.214599609375,-54.8158213742488,-4.895115788918236,-0.2719709403861543,0.0005549340842208039
880,0.21484375,-54.752916269125656,-4.8752552430622815,-0.2717983064571854,0.0005830559622950204
881,0.215087890625,-54.69001116400251,-4.855394697206325,-0.27162567252821646,0.0006111778404260804
882,0.21533203125,-54.62710605887937,-4.8355341513503705,-0.2714530385991907,0.0006392997185002969
883,0.21557617187500003,-54.56420095375623,-4.815673605494415,-0.27128040467022174,0.0006674215966313568
884,0.2158203125,-54.499214162862515,-4.794322379250915,-0.2711014044490412,0.0006899746835529186
885,0.216064453125,-54.43370695052616,-4.772598482910529,-0.2709208126547651,0.000711135572657895
886,0.21630859375,-54.368199738189794,-4.75087458657014,-0.27074022086054583,0.0007322964617628713
887,0.216552734375,-54.30269252585344,-4.729150690229755,-0.27055962906626974,0.0007534573508678477
888,0.21679687500000003,-54.237185313517074,-4.707426793889366,-0.27037903727199364,0.0007746182399728241
889,0.217041015625,-54.17167810118071,-4.685702897548979,-0.2701984454777744,0.0007957791291346439
890,0.21728515625,-54.10617088884435,-4.663979001208594,-0.2700178536834983,0.0008169400182396203
891,0.217529296875,-54.04066367650799,-4.642255104868205,-0.26983726188927903,0.0008381009073445966
892,0.2177734375,-53.97515646417164,-4.620531208527819,-0.26965667009500294,0.000859261796449573
893,0.21801757812500003,-53.909649251835276,-4.59880731218743,-0.26947607830072684,0.0008804226855545494
894,0.21826171875,-53.844142039498905,-4.577083415847044,-0.2692954865065076,0.0009015835747163692
895,0.218505859375,-53.778634827162556,-4.555359519506658,-0.2691148947122315,0.0009227444638213456
896,0.21875,-53.713127614826185,-4.53363562316627,-0.2689343029179554,0.0009439053529263219
897,0.218994140625,-53.647620402489835,-4.5119117268258835,-0.26875371112373614,0.0009650662420312983
898,0.21923828125000003,-53.582113190153464,-4.490187830485494,-0.26857311932946004,0.0009862271311362747
899,0.219482421875,-53.51660597781711,-4.46846393414511,-0.2683925275352408,0.0010073880202980945
900,0.2197265625,-53.45109876548075,-4.446740037804723,-0.2682119357409647,0.0010285489094030709
901,0.219970703125,-53.38559155314439,-4.425016141464334,-0.2680313439466886,0.0010497097985080472
902,0.22021484375,-53.32008434080803,-4.403292245123948,-0.26785075215246934,0.0010708706876130236
903,0.22045898437500003,-53.25457712847166,-4.38156834878356,-0.26767016035819324,0.001092031576718
904,0.220703125,-53.1890699161353,-4.359844452443173,-0.267489568563974,0.0011131924658798198
905,0.220947265625,-53.123562703798946,-4.338120556102788,-0.2673089767696979,0.0011343533549847962
906,0.22119140625,-53.05805549146258,-4.316396659762399,-0.2671283849754218,0.0011555142440897725
907,0.221435546875,-52.992548279126225,-4.294672763422013,-0.26694779318120254,0.001176675133194749
908,0.22167968750000003,-52.927041066789855,-4.272948867081624,-0.26676720138692644,0.0011978360222997253
909,0.221923828125,-52.86112723991805,-4.25106822180765,-0.26658502438385767,0.001217759718031175
910,0.22216796875,-52.79358695490437,-4.228560580799317,-0.26639650654556135,0.0012327346399274575
911,0.222412109375,-52.72604666989069,-4.206052939790982,-0.2662079887072082,0.0012477095618805834
912,0.22265625,-52.658506384877015,-4.183545298782651,-0.266019470868855,0.0012626844837768658
913,0.22290039062500003,-52.590966099863344,-4.161037657774315,-0.2658309530305587,0.0012776594057299917
914,0.22314453125,-52.52342581484967,-4.1385300167659835,-0.26564243519220554,0.0012926343276262742
915,0.223388671875,-52.455885529836,-4.116022375757651,-0.2654539173539092,0.0013076092495794
916,0.2236328125,-52.38834524482233,-4.093514734749316,-0.26526539951555606,0.001322584171532526
917,0.223876953125,-52.32080495980866,-4.071007093740984,-0.26507688167725973,0.0013375590934288084
918,0.22412109375000003,-52.253264674794984,-4.048499452732648,-0.26488836383890657,0.0013525340153819343
919,0.224365234375,-52.18572438978132,-4.0259918117243165,-0.2646998460005534,0.0013675089372782168
920,0.224609375,-52.11818410476764,-4.003484170715985,-0.2645113281622571,0.0013824838592313426
921,0.224853515625,-52.050643819753965,-3.9809765297076503,-0.2643228103239039,0.0013974587811276251
922,0.22509765625,-51.983103534740295,-3.958468888699318,-0.2641342924856076,0.001412433703080751
923,0.22534179687500003,-51.91556324972662,-3.935961247690982,-0.26394577464725444,0.0014274086250338769
924,0.2255859375,-51.848022964712946,-3.9134536066826513,-0.2637572568089581,0.0014423835469301594
925,0.225830078125,-51.780482679699276,-3.890945965674319,-0.26356873897060495,0.0014573584688832852
926,0.22607421875,-51.7129423946856,-3.8684383246659833,-0.2633802211322518,0.0014723333907795677
927,0.226318359375,-51.645402109671934,-3.845930683657652,-0.26319170329395547,0.0014873083127326936
928,0.22656250000000003,-51.57786182465826,-3.823423042649317,-0.2630031854556023,0.0015022832346858195
929,0.226806640625,-51.510321539644586,-3.8009154016409847,-0.262814667617306,0.001517258156582102
930,0.22705078125,-51.442781254630916,-3.7784077606326525,-0.2626261497789528,0.0015322330785352278
931,0.227294921875,-51.37524096961724,-3.755900119624317,-0.2624376319406565,0.0015472080004315103
932,0.2275390625,-51.30770068460357,-3.7333924786159858,-0.26224911410230334,0.0015621829223846362
933,0.22778320312500003,-51.24016039958988,-3.7108848376076504,-0.2620605962639502,0.0015771578442809187
934,0.22802734375,-51.17262011457622,-3.688377196599318,-0.26187207842565385,0.0015921327662340445
935,0.228271484375,-51.10417465471448,-3.665910761119531,-0.2616788783458901,0.001603870906535576
936,0.228515625,-51.03512574495401,-3.6434717959921037,-0.2614825567718526,0.0016134511923269201
937,0.228759765625,-50.96607683519354,-3.6210328308646793,-0.2612862351977583,0.0016230314781751076
938,0.22900390625000003,-50.89702792543307,-3.598593865737252,-0.2610899136237208,0.0016326117640232951
939,0.229248046875,-50.827979015672604,-3.576154900609828,-0.2608935920496833,0.0016421920498714826
940,0.2294921875,-50.75893010591215,-3.5537159354824035,-0.260697270475589,0.00165177233571967
941,0.229736328125,-50.68988119615168,-3.531276970354976,-0.2605009489015515,0.0016613526215678576
942,0.22998046875,-50.620832286391206,-3.5088380052275507,-0.260304627327514,0.001670932907416045
943,0.23022460937500003,-50.55178337663074,-3.4863990401001237,-0.2601083057534197,0.0016805131932642325
944,0.23046875,-50.482734466870276,-3.4639600749726998,-0.2599119841793822,0.00169009347911242
945,0.230712890625,-50.413685557109815,-3.441521109845275,-0.25971566260534473,0.0016996737649606075
946,0.23095703125,-50.34463664734934,-3.4190821447178474,-0.2595193410312504,0.001709254050808795
947,0.231201171875,-50.27558773758888,-3.3966431795904235,-0.2593230194572129,0.0017188343366569825
948,0.23144531250000003,-50.20653882782841,-3.374204214462996,-0.25912669788317544,0.00172841462250517
949,0.231689453125,-50.13748991806795,-3.351765249335571,-0.2589303763090811,0.0017379949083533575
950,0.23193359375,-50.06844100830749,-3.3293262842081472,-0.25873405473504363,0.001747575194201545
951,0.232177734375,-49.99939209854701,-3.3068873190807193,-0.25853773316100614,0.0017571554800497324
952,0.232421875,-49.930343188786544,-3.284448353953295,-0.25834141158696866,0.0017667357658410765
953,0.23266601562500003,-49.861294279026076,-3.2620093888258674,-0.25814509001287433,0.001776316051689264
954,0.23291015625,-49.79224536926562,-3.2395704236984435,-0.25794876843883685,0.0017858963375374515
955,0.233154296875,-49.72319645950516,-3.2171314585710187,-0.25775244686479937,0.001795476623385639
956,0.2333984375,-49.65414754974468,-3.194692493443591,-0.25755612529070504,0.0018050569092338264
957,0.233642578125,-49.58509863998422,-3.172253528316167,-0.25735980371666756,0.001814637195082014
958,0.23388671875000003,-49.51604973022375,-3.1498145631887398,-0.2571634821426301,0.0018242174809302014
959,0.234130859375,-49.44700082046329,-3.1273755980613154,-0.25696716056853575,0.001833797766778389
960,0.234375,-49.37795191070282,-3.104936632933891,-0.25677083899449826,0.0018433780526265764
961,0.234619140625,-49.30787288300199,-3.0832205495451177,-0.25656693091337957,0.0018483445622905492
962,0.23486328125,-49.23779385530116,-3.0615044661563475,-0.25636302283226087,0.0018533110720113655
963,0.23510742187500003,-49.16771482760032,-3.039788382767574,-0.25615911475114217,0.0018582775816753383
964,0.2353515625,-49.09763579989949,-3.0180722993788036,-0.25595520667002347,0.0018632440913393111
965,0.235595703125,-49.027556772198665,-2.9963562159900334,-0.2557512985889048,0.0018682106010601274
966,0.23583984375,-48.95747774449782,-2.97464013260126,-0.2555473905077861,0.0018731771107241002
967,0.236083984375,-48.88739871679701,-2.9529240492124895,-0.2553434824266674,0.001878143620388073
968,0.23632812500000003,-48.81731968909617,-2.9312079658237162,-0.2551395743455487,0.0018831101301088893
969,0.236572265625,-48.74724066139534,-2.909491882434946,-0.25493566626443,0.0018880766397728621
970,0.23681640625,-48.67716163369451,-2.887775799046176,-0.2547317581833113,0.001893043149436835
971,0.237060546875,-48.607082605993675,-2.866059715657402,-0.2545278501021926,0.0018980096591576512
972,0.2373046875,-48.53700357829285,-2.844343632268632,-0.2543239420210739,0.001902976168821624
973,0.23754882812500003,-48.46692455059201,-2.8226275488798587,-0.2541200339399552,0.0019079426784855968
974,0.23779296875,-48.396845522891184,-2.800911465491088,-0.2539161258588365,0.001912909188206413
975,0.238037109375,-48.326766495190355,-2.7791953821023183,-0.2537122177777178,0.001917875697870386
976,0.23828125,-48.25668746748952,-2.7574792987135446,-0.2535083096965991,0.0019228422075912022
977,0.238525390625,-48.186608439788685,-2.7357632153247744,-0.2533044016154804,0.001927808717255175
978,0.23876953125000003,-48.11652941208786,-2.714047131936001,-0.2531004935343617,0.0019327752269191478
979,0.239013671875,-48.04645038438703,-2.6923310485472305,-0.252896585453243,0.001937741736639964
980,0.2392578125,-47.9763713566862,-2.6706149651584603,-0.2526926773721243,0.001942708246303937
981,0.239501953125,-47.90629232898536,-2.648898881769687,-0.2524887692910056,0.0019476747559679097
982,0.23974609375,-47.83621330128454,-2.6271827983809164,-0.2522848612098869,0.001952641265688726
983,0.23999023437500003,-47.7661342735837,-2.6054667149921436,-0.2520809531287682,0.001957607775352699
984,0.240234375,-47.696055245882874,-2.583750631603373,-0.2518770450476495,0.0019625742850166716
985,0.240478515625,-47.625976218182046,-2.5620345482146027,-0.2516731369665308,0.001967540794737488
986,0.24072265625,-47.55565817751023,-2.540800975090932,-0.2514663191747104,0.0019709618386514194
987,0.240966796875,-47.48498161738195,-2.5202911673649186,-0.2512551368168374,0.001972064683911867
988,0.24121093750000003,-47.41430505725366,-2.4997813596389022,-0.2510439544590213,0.0019731675291154716
989,0.241455078125,-47.34362849712538,-2.479271551912889,-0.2508327721011483,0.0019742703743759193
990,0.24169921875,-47.2729519369971,-2.4587617441868757,-0.2506215897432753,0.001975373219636367
991,0.241943359375,-47.20227537686881,-2.438251936460859,-0.2504104073854023,0.001976476064896815
992,0.2421875,-47.13159881674054,-2.4177421287348455,-0.25019922502752934,0.0019775789101572627
993,0.24243164062500003,-47.06092225661225,-2.397232321008829,-0.24998804266965635,0.0019786817554177105
994,0.24267578125,-46.990245696483974,-2.3767225132828154,-0.24977686031178337,0.0019797846006781583
995,0.242919921875,-46.9195691363557,-2.356212705556802,-0.24956567795391038,0.001980887445938606
996,0.2431640625,-46.848892576227406,-2.335702897830786,-0.2493544955960374,0.001981990291199054
997,0.243408203125,-46.77821601609914,-2.315193090104772,-0.2491433132381644,0.0019830931364595017
998,0.24365234375000003,-46.707539455970846,-2.2946832823787564,-0.24893213088029142,0.0019841959817199495
999,0.243896484375,-46.63686289584257,-2.2741734746527427,-0.24872094852241844,0.0019852988269803973
1000,0.244140625,-46.56618633571429,-2.253663666926729,-0.24850976616454545,0.001986401672240845
1001,0.244384765625,-46.495509775586,-2.233153859200713,-0.24829858380667247,0.001987504517501293
1002,0.24462890625,-46.42483321545772,-2.2126440514746992,-0.24808740144879948,0.0019886073627617407
1003,0.24487304687500003,-46.35415665532944,-2.1921342437486833,-0.2478762190909265,0.0019897102080221885
1004,0.2451171875,-46.28348009520116,-2.17162443602267,-0.2476650367330535,0.0019908130532826362
1005,0.245361328125,-46.21280353507288,-2.1511146282966562,-0.24745385437518053,0.001991915898543084
1006,0.24560546875,-46.14212697494459,-2.13060482057064,-0.24724267201736438,0.0019930187437466884
1007,0.245849609375,-46.07145041481631,-2.110095012844626,-0.2470314896594914,0.001994121589007136
1008,0.24609375000000003,-46.00077385468803,-2.0895852051186097,-0.2468203073016184,0.001995224434267584
1009,0.246337890625,-45.93009729455975,-2.0690753973925964,-0.24660912494374543,0.001996327279528032
1010,0.24658203125,-45.859420734431474,-2.048565589666583,-0.24639794258587244,0.0019974301247884796
1011,0.246826171875,-45.78874417430318,-2.0280557819405667,-0.24618676022799946,0.0019985329700489274
1012,0.2470703125,-45.717899848939425,-2.0087815832621456,-0.2459700808145726,0.0019971085711176784
1013,0.24731445312500003,-45.647013582266766,-1.9898162868456197,-0.2457520271372573,0.00199505236105324
1014,0.24755859375,-45.57612731559413,-1.970850990429097,-0.24553397345999883,0.001992996151045645
1015,0.247802734375,-45.50524104892149,-1.951885694012574,-0.24531591978268352,0.00199093994103805
1016,0.248046875,-45.43435478224884,-1.9329203975960483,-0.24509786610542506,0.0019888837310304552
1017,0.248291015625,-45.3634685155762,-1.9139551011795253,-0.24487981242810974,0.0019868275210228603
1018,0.24853515625000003,-45.29258224890355,-1.8949898047629998,-0.24466175875079443,0.001984771310958422
1019,0.248779296875,-45.22169598223092,-1.8760245083464768,-0.24444370507353597,0.001982715100950827
1020,0.2490234375,-45.15080971555828,-1.857059211929954,-0.24422565139622066,0.001980658890943232
1021,0.249267578125,-45.07992344888563,-1.8380939155134284,-0.24400759771890534,0.001978602680935637
1022,0.24951171875,-45.00903718221299,-1.8191286190969054,-0.24378954404164688,0.001976546470871199
1023,0.24975585937500003,-44.93815091554034,-1.80016332268038,-0.24357149036433157,0.001974490260863604
1024,0.25,-44.86726464886771,-1.781198026263857,-0.24335343668701626,0.001972434050856009
1025,0.250244140625,-44.796378382195066,-1.7622327298473341,-0.2431353830097578,0.001970377840848414
1026,0.25048828125,-44.72549211552242,-1.7432674334308085,-0.24291732933244248,0.001968321630840819
1027,0.250732421875,-44.65460584884978,-1.7243021370142855,-0.242699275655184,0.0019662654207763808
1028,0.2509765625,-44.58371958217713,-1.7053368405977598,-0.2424812219778687,0.001964209210768786
1029,0.251220703125,-44.512833315504494,-1.686371544181237,-0.2422631683005534,0.001962153000761191
1030,0.25146484375,-44.44194704883186,-1.6674062477647138,-0.24204511462329492,0.001960096790753596
1031,0.251708984375,-44.37106078215921,-1.6484409513481881,-0.2418270609459796,0.0019580405806891577
1032,0.251953125,-44.300174515486574,-1.6294756549316654,-0.2416090072686643,0.0019559843706815627
1033,0.252197265625,-44.22928824881392,-1.6105103585151395,-0.24139095359140583,0.001953928160673968
1034,0.25244140625,-44.158401982141285,-1.5915450620986167,-0.24117289991409052,0.0019518719506663729
1035,0.252685546875,-44.08751571546865,-1.5725797656820937,-0.24095484623683205,0.001949815740658778
1036,0.2529296875,-44.016629448796,-1.5536144692655682,-0.24073679255951674,0.0019477595305943396
1037,0.253173828125,-43.945770219872195,-1.5350014183395324,-0.2405174616911836,0.0019452013082172925
1038,0.25341796875,-43.875019141943724,-1.5177973493754422,-0.24029302205883596,0.0019406350363055935
1039,0.253662109375,-43.80426806401526,-1.5005932804113546,-0.24006858242643148,0.001936068764450738
1040,0.25390625,-43.7335169860868,-1.4833892114472667,-0.23984414279408384,0.001931502492539039
1041,0.254150390625,-43.66276590815833,-1.4661851424831764,-0.2396197031617362,0.00192693622062734
1042,0.25439453125,-43.592014830229864,-1.448981073519089,-0.23939526352933171,0.0019223699487724843
1043,0.254638671875,-43.521263752301394,-1.4317770045549985,-0.23917082389698407,0.0019178036768607853
1044,0.2548828125,-43.45051267437294,-1.4145729355909107,-0.2389463842645796,0.0019132374049490863
1045,0.255126953125,-43.379761596444474,-1.397368866626823,-0.23872194463223195,0.0019086711330942308
1046,0.25537109375,-43.309010518516004,-1.3801647976627325,-0.23849750499982747,0.0019041048611825317
1047,0.255615234375,-43.23825944058754,-1.362960728698645,-0.23827306536747983,0.0018995385892708327
1048,0.255859375,-43.16750836265907,-1.3457566597345547,-0.23804862573507535,0.0018949723173591337
1049,0.256103515625,-43.09675728473061,-1.3285525907704667,-0.2378241861027277,0.0018904060455042782
1050,0.25634765625,-43.02600620680215,-1.3113485218063792,-0.23759974647038007,0.0018858397735925791
1051,0.256591796875,-42.95525512887368,-1.294144452842289,-0.23737530683797559,0.0018812735016808801
1052,0.2568359375,-42.88450405094521,-1.2769403838782012,-0.23715086720562795,0.0018767072298260246
1053,0.257080078125,-42.81375297301674,-1.259736314914111,-0.23692642757322346,0.0018721409579143256
1054,0.25732421875,-42.743001895088284,-1.242532245950023,-0.23670198794087582,0.0018675746860026265
1055,0.257568359375,-42.67225081715982,-1.2253281769859352,-0.23647754830847134,0.001863008414147771
1056,0.2578125,-42.60149973923135,-1.208124108021845,-0.2362531086761237,0.001858442142236072
1057,0.258056640625,-42.53074866130289,-1.1909200390577572,-0.23602866904377606,0.001853875870324373
1058,0.25830078125,-42.45999758337442,-1.173715970093667,-0.23580422941137158,0.0018493095984695174
1059,0.258544921875,-42.38924650544595,-1.1565119011295792,-0.23557978977902394,0.0018447433265578184
1060,0.2587890625,-42.318495427517504,-1.1393078321654915,-0.23535535014661946,0.0018401770546461194
1061,0.259033203125,-42.247744349589034,-1.1221037632014013,-0.23513091051427182,0.0018356107827912638
1062,0.25927734375,-42.17699327166057,-1.1048996942373135,-0.23490647088186734,0.0018310445108795648
1063,0.259521484375,-42.10650607336376,-1.0888224228498553,-0.2346785332696868,0.0018253244728043683
1064,0.259765625,-42.03619479482141,-1.0734963498468209,-0.23444826367096994,0.0018188352572678923
1065,0.260009765625,-41.96588351627906,-1.0581702768437862,-0.23421799407225308,0.0018123460417314163
1066,0.26025390625,-41.895572237736694,-1.0428442038407497,-0.23398772447347937,0.001805856826138097
1067,0.260498046875,-41.82526095919433,-1.027518130837715,-0.23375745487476252,0.001799367610601621
1068,0.2607421875,-41.75494968065197,-1.0121920578346784,-0.23352718527604566,0.001792878395065145
1069,0.260986328125,-41.68463840210962,-0.9968659848316438,-0.2332969156773288,0.001786389179528669
1070,0.26123046875,-41.61432712356726,-0.9815399118286092,-0.23306664607861194,0.001779899963992193
1071,0.261474609375,-41.5440158450249,-0.9662138388255725,-0.23283637647983824,0.0017734107484557171
1072,0.26171875,-41.473704566482546,-0.9508877658225382,-0.23260610688112138,0.0017669215329192411
1073,0.261962890625,-41.40339328794018,-0.9355616928195013,-0.23237583728240452,0.0017604323173827652
1074,0.26220703125,-41.33308200939783,-0.9202356198164668,-0.23214556768363082,0.0017539431018462892
1075,0.262451171875,-41.26277073085547,-0.9049095468134324,-0.23191529808491396,0.0017474538862529698
1076,0.2626953125,-41.19245945231311,-0.8895834738103956,-0.2316850284861971,0.0017409646707164939
1077,0.262939453125,-41.122148173770746,-0.8742574008073611,-0.23145475888748024,0.0017344754551800179
1078,0.26318359375,-41.05183689522839,-0.8589313278043244,-0.23122448928870654,0.001727986239643542
1079,0.263427734375,-40.98152561668604,-0.8436052548012898,-0.23099421968998968,0.001721497024107066
1080,0.263671875,-40.91121433814368,-0.8282791817982554,-0.23076395009127282,0.00171500780857059
1081,0.263916015625,-40.84090305960132,-0.8129531087952185,-0.23053368049255596,0.001708518593034114
1082,0.26416015625,-40.77059178105896,-0.7976270357921842,-0.23030341089378226,0.001702029377497638
1083,0.264404296875,-40.700280502516605,-0.7823009627891474,-0.2300731412950654,0.001695540161961162
1084,0.2646484375,-40.62996922397425,-0.7669748897861128,-0.22984287169634854,0.0016890509463678427
1085,0.264892578125,-40.559657945431894,-0.7516488167830785,-0.22961260209763168,0.0016825617308313667
1086,0.26513671875,-40.48934666688953,-0.7363227437800416,-0.22938233249885798,0.0016760725152948908
1087,0.265380859375,-40.419035388347176,-0.7209966707770072,-0.22915206290014112,0.0016695832997584148
1088,0.265625,-40.34872410980481,-0.7056705977739707,-0.22892179330142426,0.0016630940842219388
1089,0.265869140625,-40.279119665874255,-0.6922587613386827,-0.22868630589289296,0.0016552040593751371
1090,0.26611328125,-40.209515221943704,-0.6788469249033947,-0.22845081848430482,0.0016473140345283355
1091,0.266357421875,-40.13991077801314,-0.6654350884681048,-0.22821533107577352,0.0016394240096246904
1092,0.2666015625,-40.070306334082595,-0.6520232520328167,-0.22797984366724222,0.0016315339847778887
1093,0.266845703125,-40.00070189015203,-0.6386114155975269,-0.22774435625865408,0.001623643959931087
1094,0.26708984375,-39.93109744622148,-0.6251995791622389,-0.22750886885012278,0.0016157539350842853
1095,0.267333984375,-39.86149300229092,-0.6117877427269509,-0.22727338144159148,0.0016078639102374837
1096,0.267578125,-39.79188855836036,-0.5983759062916609,-0.22703789403300334,0.0015999738853338386
1097,0.267822265625,-39.722284114429804,-0.584964069856373,-0.22680240662447204,0.0015920838604870369
1098,0.26806640625,-39.652679670499246,-0.5715522334210831,-0.22656691921594074,0.0015841938356402352
1099,0.268310546875,-39.58307522656869,-0.5581403969857951,-0.2263314318073526,0.0015763038107934335
1100,0.2685546875,-39.513470782638144,-0.544728560550507,-0.2260959443988213,0.0015684137859466318
1101,0.268798828125,-39.44386633870758,-0.5313167241152171,-0.22586045699029,0.0015605237610429867
1102,0.26904296875,-39.37426189477702,-0.5179048876799291,-0.22562496958170186,0.001552633736196185
1103,0.269287109375,-39.30465745084646,-0.5044930512446393,-0.22538948217317056,0.0015447437113493834
1104,0.26953125,-39.235053006915905,-0.4910812148093512,-0.22515399476463926,0.0015368536865025817
1105,0.269775390625,-39.165448562985354,-0.4776693783740632,-0.22491850735605112,0.00152896366165578
1106,0.27001953125,-39.09584411905479,-0.4642575419387733,-0.22468301994751982,0.001521073636752135
1107,0.270263671875,-39.02623967512424,-0.4508457055034853,-0.22444753253893168,0.0015131836119053332
1108,0.2705078125,-38.95663523119367,-0.43743386906819537,-0.22421204513040038,0.0015052935870585316
1109,0.270751953125,-38.88703078726313,-0.42402203263290733,-0.22397655772186909,0.0014974035622117299
1110,0.27099609375,-38.81742634333256,-0.41061019619761935,-0.22374107031328094,0.0014895135373649282
1111,0.271240234375,-38.74782189940201,-0.3971983597623295,-0.22350558290474964,0.0014816235125181265
1112,0.271484375,-38.678217455471454,-0.3837865233270415,-0.22327009549621835,0.0014737334876144814
1113,0.271728515625,-38.60861301154089,-0.3703746868917515,-0.2230346080876302,0.0014658434627676797
1114,0.27197265625,-38.53938427307476,-0.3577177336186737,-0.222797294399129,0.001457575741767414
1115,0.272216796875,-38.47071909280525,-0.3461931050889114,-0.22255724129075816,0.001448741476451687
1116,0.2724609375,-38.402053912535735,-0.3346684765591475,-0.22231718818233048,0.00143990721113596
1117,0.272705078125,-38.33338873226622,-0.3231438480293852,-0.2220771350739028,0.0014310729458770766
1118,0.27294921875,-38.26472355199671,-0.3116192194996213,-0.22183708196547514,0.0014222386805613496
1119,0.273193359375,-38.196058371727204,-0.300094590969859,-0.22159702885704746,0.001413404415302466
1120,0.2734375,-38.1273931914577,-0.28856996244009675,-0.22135697574867663,0.0014045701499867391
1121,0.273681640625,-38.05872801118818,-0.2770453339103328,-0.22111692264024896,0.0013957358846710122
1122,0.27392578125,-37.990062830918674,-0.26552070538057054,-0.22087686953182128,0.0013869016194121286
1123,0.274169921875,-37.921397650649155,-0.2539960768508066,-0.2206368164233936,0.0013780673540964017
1124,0.2744140625,-37.85273247037965,-0.2424714483210443,-0.22039676331496594,0.0013692330888375182
1125,0.274658203125,-37.784067290110144,-0.23094681979128207,-0.22015671020653826,0.0013603988235217912
1126,0.27490234375,-37.715402109840625,-0.2194221912615181,-0.21991665709816743,0.0013515645582060642
1127,0.275146484375,-37.64673692957112,-0.20789756273175583,-0.21967660398973976,0.0013427302929471807
1128,0.275390625,-37.5780717493016,-0.19637293420199192,-0.2194365508813121,0.0013338960276314538
1129,0.275634765625,-37.509406569032095,-0.18484830567222965,-0.2191964977728844,0.0013250617623725702
1130,0.27587890625,-37.44074138876258,-0.17332367714246735,-0.21895644466445674,0.0013162274970568433
1131,0.276123046875,-37.37207620849307,-0.16179904861270344,-0.21871639155602907,0.0013073932317411163
1132,0.2763671875,-37.30341102822356,-0.15027442008294115,-0.21847633844765824,0.0012985589664822328
1133,0.276611328125,-37.234745847954045,-0.13874979155317724,-0.21823628533923056,0.0012897247011665058
1134,0.27685546875,-37.16608066768453,-0.12722516302341494,-0.2179962322308029,0.0012808904359076223
1135,0.277099609375,-37.09741548741503,-0.11570053449365267,-0.21775617912237522,0.0012720561705918954
1136,0.27734375,-37.028750307145515,-0.10417590596388876,-0.21751612601394754,0.0012632219052761684
1137,0.277587890625,-36.960085126876,-0.09265127743412647,-0.21727607290551987,0.0012543876400172849
1138,0.27783203125,-36.89141994660649,-0.08112664890436255,-0.21703601979714904,0.001245553374701558
1139,0.278076171875,-36.82275476633698,-0.06960202037460027,-0.21679596668872136,0.0012367191094426744
1140,0.2783203125,-36.7550015874988,-0.059527024988909764,-0.2165528010584694,0.0012274433715333544
1141,0.278564453125,-36.68747640901846,-0.04981443788923577,-0.21630885729774718,0.0012180572655324795
1142,0.27880859375,-36.61995123053811,-0.04010185078956317,-0.21606491353702495,0.0012086711595316046
1143,0.279052734375,-36.55242605205777,-0.030389263689889184,-0.21582096977630272,0.0011992850535307298
1144,0.279296875,-36.48490087357743,-0.020676676590216585,-0.2155770260155805,0.0011898989474730115
1145,0.279541015625,-36.417375695097085,-0.010964089490543984,-0.21533308225485825,0.0011805128414721366
1146,0.27978515625,-36.34985051661674,-0.001251502390870002,-0.21508913849413602,0.0011711267354712618
1147,0.280029296875,-36.28232533813639,0.00846108470880261,-0.2148451947334138,0.0011617406294135435
1148,0.2802734375,-36.21480015965604,0.018173671808476594,-0.2146012509727484,0.0011523545234126686
1149,0.280517578125,-36.1472749811757,0.027886258908149192,-0.21435730721202617,0.0011429684174117938
1150,0.28076171875,-36.07974980269537,0.03759884600782179,-0.21411336345130394,0.001133582311410919
1151,0.281005859375,-36.01222462421501,0.04731143310749579,-0.2138694196905817,0.0011241962053532006
1152,0.28125,-35.94469944573468,0.05702402020716838,-0.21362547592985948,0.0011148100993523258
1153,0.281494140625,-35.87717426725432,0.06673660730684236,-0.21338153216913724,0.001105423993351451
1154,0.28173828125,-35.80964908877399,0.07644919440651497,-0.213137588408415,0.0010960378872937326
1155,0.281982421875,-35.74212391029364,0.08616178150618758,-0.21289364464769278,0.0010866517812928578
1156,0.2822265625,-35.6745987318133,0.09587436860586154,-0.21264970088697055,0.001077265675291983
1157,0.282470703125,-35.60707355333295,0.10558695570553414,-0.21240575712630516,0.001067879569291108
1158,0.28271484375,-35.53954837485261,0.11529954280520814,-0.21216181336558293,0.0010584934632333898
1159,0.282958984375,-35.47202319637226,0.12501212990488075,-0.2119178696048607,0.001049107357232515
1160,0.283203125,-35.404498017891925,0.13472471700455335,-0.21167392584413847,0.00103972125123164
1161,0.283447265625,-35.33697283941158,0.14443730410422734,-0.21142998208341623,0.0010303351451739218
1162,0.28369140625,-35.269447660931235,0.1541498912038999,-0.211186038322694,0.001020949039173047
1163,0.283935546875,-35.20192248245089,0.1638624783035739,-0.21094209456197177,0.001011562933172172
1164,0.2841796875,-35.134397303970545,0.17357506540324652,-0.21069815080124954,0.0010021768271712972
1165,0.284423828125,-35.067134491522935,0.18294728960192355,-0.21045356512752278,0.0009927465779924205
1166,0.28466796875,-35.00092114320627,0.1909580621966205,-0.21020641180166422,0.0009831397562720667
1167,0.284912109375,-34.93470779488962,0.1989688347913163,-0.20995925847580565,0.000973532934551713
1168,0.28515625,-34.86849444657295,0.20697960738601326,-0.2097121051499471,0.0009639261128313592
1169,0.285400390625,-34.8022810982563,0.21499037998070908,-0.20946495182408853,0.0009543192911110054
1170,0.28564453125,-34.736067749939636,0.22300115257540487,-0.20921779849822997,0.0009447124693906517
1171,0.285888671875,-34.66985440162297,0.23101192517010177,-0.2089706451723714,0.0009351056476702979
1172,0.2861328125,-34.60364105330632,0.23902269776479762,-0.208723491846456,0.0009254988259499441
1173,0.286376953125,-34.53742770498965,0.24703347035949455,-0.20847633852059744,0.0009158920042295904
1174,0.28662109375,-34.471214356673,0.25504424295419037,-0.20822918519473887,0.0009062851825092366
1175,0.286865234375,-34.405001008356344,0.26305501554888616,-0.2079820318688803,0.0008966783607888829
1176,0.287109375,-34.33878766003968,0.2710657881435831,-0.20773487854302175,0.0008870715390685291
1177,0.287353515625,-34.27257431172302,0.2790765607382789,-0.2074877252171632,0.0008774647173481753
1178,0.28759765625,-34.206360963406354,0.2870873333329758,-0.20724057189130463,0.0008678578956278216
1179,0.287841796875,-34.1401476150897,0.2950981059276716,-0.20699341856544606,0.0008582510739074678
1180,0.2880859375,-34.073934266773044,0.30310887852236745,-0.2067462652395875,0.000848644252187114
1181,0.288330078125,-34.00772091845638,0.3111196511170644,-0.20649911191372894,0.0008390374304667603
1182,0.28857421875,-33.94150757013973,0.3191304237117602,-0.20625195858787038,0.0008294306087464065
1183,0.288818359375,-33.87529422182306,0.32714119630645716,-0.20600480526201181,0.0008198237870260527
1184,0.2890625,-33.8090808735064,0.33515196890115295,-0.2057576519360964,0.000810216965305699
1185,0.289306640625,-33.742867525189745,0.34316274149584874,-0.20551049861023785,0.0008006101435853452
1186,0.28955078125,-33.67665417687308,0.3511735140905457,-0.20526334528437928,0.0007910033218649914
1187,0.289794921875,-33.61044082855643,0.3591842866852415,-0.20501619195852072,0.0007813965001446377
1188,0.2900390625,-33.54422748023976,0.3671950592799385,-0.20476903863266216,0.0007717896784242839
1189,0.290283203125,-33.47801413192311,0.37520583187463424,-0.2045218853068036,0.0007621828567039302
1190,0.29052734375,-33.411800783606445,0.38321660446933004,-0.20427473198094503,0.0007525760349835764
1191,0.290771484375,-33.34646184155019,0.39028678548003265,-0.20402605561349674,0.0007430010816165122
1192,0.291015625,-33.28170583700087,0.39672990543473796,-0.20377636388496967,0.0007334473738751512
1193,0.291259765625,-33.216949832451554,0.4031730253894442,-0.2035266721564426,0.0007238936660769468
1194,0.29150390625,-33.15219382790223,0.4096161453441494,-0.20327698042791553,0.0007143399583355858
1195,0.291748046875,-33.087437823352914,0.4160592652988548,-0.20302728869938846,0.0007047862505942248
1196,0.2919921875,-33.02268181880359,0.42250238525356104,-0.2027775969708614,0.0006952325427960204
1197,0.292236328125,-32.95792581425428,0.42894550520826635,-0.20252790524233433,0.0006856788350546594
1198,0.29248046875,-32.89316980970496,0.4353886251629726,-0.20227821351380726,0.000676125127256455
1199,0.292724609375,-32.82841380515564,0.44183174511767787,-0.2020285217852802,0.000666571419515094
1200,0.29296875,-32.76365780060632,0.44827486507238323,-0.20177883005675312,0.0006570177117168896
1201,0.293212890625,-32.698901796056994,0.45471798502708943,-0.2015291383281692,0.0006474640039755286
1202,0.29345703125,-32.634145791507684,0.4611611049817947,-0.20127944659964214,0.0006379102961773242
1203,0.293701171875,-32.56938978695836,0.46760422493650106,-0.20102975487111507,0.0006283565884359632
1204,0.2939453125,-32.504633782409044,0.47404734489120626,-0.200780063142588,0.0006188028806377588
1205,0.294189453125,-32.439877777859735,0.4804904648459116,-0.20053037141406094,0.0006092491728963978
1206,0.29443359375,-32.375121773310404,0.4869335848006178,-0.20028067968553387,0.0005996954651550368
1207,0.294677734375,-32.31036576876109,0.49337670475532314,-0.2000309879570068,0.0005901417573568324
1208,0.294921875,-32.245609764211764,0.49981982471002945,-0.19978129622847973,0.0005805880496154714
1209,0.295166015625,-32.18085375966245,0.5062629446647348,-0.19953160449995266,0.000571034341817267
1210,0.29541015625,-32.11609775511314,0.51270606461944,-0.1992819127714256,0.000561480634075906
1211,0.295654296875,-32.05134175056381,0.5191491845741462,-0.19903222104289853,0.0005519269262777016
1212,0.2958984375,-31.986585746014498,0.5255923045288515,-0.19878252931437146,0.0005423732185363406
1213,0.296142578125,-31.92182974146517,0.5320354244835579,-0.1985328375858444,0.0005328195107381362
1214,0.29638671875,-31.857073736915858,0.5384785444382632,-0.19828314585731732,0.0005232658029967752
1215,0.296630859375,-31.792317732366538,0.5449216643929684,-0.19803345412879025,0.0005137120951985708
1216,0.296875,-31.72756172781722,0.5513647843476744,-0.19778376240026319,0.0005041583874572098
1217,0.297119140625,-31.664384616271896,0.5563890439815032,-0.19753217914177412,0.0004948790394792013
1218,0.29736328125,-31.60120750472657,0.5614133036153328,-0.19728059588328506,0.00048559969150119286
1219,0.297607421875,-31.538030393181256,0.5664375632491616,-0.19702901262485284,0.0004763203435231844
1220,0.2978515625,-31.474853281635937,0.5714618228829905,-0.19677742936636378,0.000467040995545176
1221,0.298095703125,-31.411676170090608,0.57648608251682,-0.1965258461078747,0.00045776164756716753
1222,0.29833984375,-31.348499058545293,0.5815103421506489,-0.19627426284938565,0.00044848229953231566
1223,0.298583984375,-31.285321946999964,0.5865346017844782,-0.19602267959095343,0.0004392029515543072
1224,0.298828125,-31.22214483545465,0.5915588614183073,-0.19577109633246437,0.0004299236035762988
1225,0.299072265625,-31.158967723909328,0.5965831210521361,-0.1955195130739753,0.00042064425559829033
1226,0.29931640625,-31.095790612364006,0.6016073806859656,-0.19526792981548624,0.0004113649076202819
1227,0.299560546875,-31.032613500818684,0.6066316403197944,-0.19501634655705402,0.00040208555964227344
1228,0.2998046875,-30.969436389273355,0.611655899953624,-0.19476476329856496,0.000392806211664265
1229,0.300048828125,-30.90625927772804,0.6166801595874528,-0.1945131800400759,0.00038352686368625655
1230,0.30029296875,-30.84308216618272,0.6217044192212816,-0.19426159678164368,0.0003742475157082481
1231,0.300537109375,-30.779905054637396,0.6267286788551111,-0.1940100135231546,0.00036496816773023966
1232,0.30078125,-30.716727943092078,0.63175293848894,-0.19375843026466555,0.0003556888197522312
1233,0.301025390625,-30.653550831546752,0.6367771981227696,-0.19350684700617649,0.00034640947171737935
1234,0.30126953125,-30.590373720001438,0.6418014577565984,-0.19325526374768742,0.0003371301237393709
1235,0.301513671875,-30.527196608456112,0.6468257173904272,-0.1930036804892552,0.00032785077576136246
1236,0.3017578125,-30.464019496910787,0.6518499770242567,-0.19275209723076614,0.000318571427783354
1237,0.302001953125,-30.40084238536547,0.6568742366580855,-0.19250051397227708,0.00030929207980534557
1238,0.30224609375,-30.33766527382014,0.6618984962919151,-0.192248930713788,0.0003000127318273371
1239,0.302490234375,-30.274488162274825,0.6669227559257439,-0.1919973474553558,0.0002907333838493287
1240,0.302734375,-30.21131105072951,0.6719470155595728,-0.19174576419686673,0.00028145403587132023
1241,0.302978515625,-30.14813393918418,0.6769712751934024,-0.19149418093837767,0.0002721746878933118
1242,0.30322265625,-30.085628264287404,0.6814903078331759,-0.19124208518985597,0.00026307460814223305
1243,0.303466796875,-30.024129744363428,0.6852514999818666,-0.19098922070622848,0.0002542434308452357
1244,0.3037109375,-29.96263122443946,0.6890126921305569,-0.190736356222601,0.00024541225354823837
1245,0.303955078125,-29.901132704515497,0.6927738842792472,-0.19048349173903034,0.0002365810761943976
1246,0.30419921875,-29.83963418459152,0.6965350764279381,-0.19023062725540285,0.00022774989889740027
1247,0.304443359375,-29.77813566466755,0.7002962685766283,-0.18997776277177536,0.00021891872160040293
1248,0.3046875,-29.716637144743576,0.7040574607253193,-0.18972489828814787,0.00021008754424656217
1249,0.304931640625,-29.655138624819607,0.7078186528740095,-0.18947203380452038,0.00020125636694956484
1250,0.30517578125,-29.593640104895645,0.7115798450226999,-0.1892191693208929,0.0001924251896525675
1251,0.305419921875,-29.532141584971665,0.7153410371713906,-0.1889663048372654,0.00018359401229872674
1252,0.3056640625,-29.4706430650477,0.7191022293200809,-0.18871344035369475,0.0001747628350017294
1253,0.305908203125,-29.40914454512372,0.7228634214687717,-0.18846057587006726,0.00016593165770473206
1254,0.30615234375,-29.347646025199758,0.726624613617462,-0.18820771138643977,0.0001571004803508913
1255,0.306396484375,-29.28614750527579,0.7303858057661523,-0.18795484690281228,0.00014826930305389396
1256,0.306640625,-29.224648985351816,0.7341469979148432,-0.1877019824191848,0.00013943812575689662
1257,0.306884765625,-29.163150465427844,0.7379081900635335,-0.1874491179355573,0.00013060694840305587
1258,0.30712890625,-29.101651945503868,0.7416693822122242,-0.18719625345198665,0.00012177577110605853
1259,0.307373046875,-29.040153425579906,0.7454305743609146,-0.18694338896835916,0.00011294459380906119
1260,0.3076171875,-28.97865490565594,0.7491917665096048,-0.18669052448473167,0.00010411341645522043
1261,0.307861328125,-28.91715638573196,0.7529529586582957,-0.18643766000110418,9.528223915822309e-05
1262,0.30810546875,-28.855657865808,0.756714150806986,-0.1861847955174767,8.645106186122575e-05
1263,0.308349609375,-28.79415934588402,0.7604753429556769,-0.1859319310338492,7.7619884507385e-05
1264,0.30859375,-28.73266082596005,0.7642365351043672,-0.1856790665502217,6.878870721038766e-05
1265,0.308837890625,-28.671162306036084,0.7679977272530575,-0.18542620206665106,5.995752991339032e-05
1266,0.30908203125,-28.609663786112105,0.7717589194017482,-0.18517333758302357,5.112635255954956e-05
1267,0.309326171875,-28.548165266188143,0.7755201115504387,-0.18492047309939608,4.229517526255222e-05
1268,0.3095703125,-28.488073401370208,0.7783961927332599,-0.18466703471409573,3.392791023770769e-05
1269,0.309814453125,-28.42833320032879,0.7810509961746134,-0.18441345285333455,2.567662335195564e-05
1270,0.31005859375,-28.368592999287372,0.7837057996159671,-0.1841598709926302,1.742533640936017e-05
1271,0.310302734375,-28.30885279824595,0.786360603057321,-0.18390628913186902,9.174049523608119e-06
1272,0.310546875,-28.249112597204537,0.7890154064986745,-0.18365270727116467,9.227625810126483e-07
1273,0.310791015625,-28.189372396163115,0.7916702099400286,-0.18339912541040349,-7.328524304739403e-06
1274,0.31103515625,-28.1296321951217,0.7943250133813822,-0.1831455435496423,-1.5579811247334874e-05
1275,0.311279296875,-28.069891994080283,0.7969798168227357,-0.18289196168893795,-2.3831098133086925e-05
1276,0.3115234375,-28.010151793038858,0.7996346202640897,-0.18263837982817677,-3.2082385075682396e-05
1277,0.311767578125,-27.950411591997444,0.8022894237054433,-0.18238479796747242,-4.033367196143445e-05
1278,0.31201171875,-27.890671390956015,0.8049442271467973,-0.18213121610671124,-4.858495890402992e-05
1279,0.312255859375,-27.8309311899146,0.8075990305881509,-0.1818776342460069,-5.683624578978197e-05
1280,0.3125,-27.771190988873183,0.8102538340295045,-0.1816240523852457,-6.508753267553402e-05
1281,0.31274414062499994,-27.711450787831772,0.812908637470858,-0.18137047052448452,-7.333881961812949e-05
1282,0.31298828125,-27.651710586790337,0.8155634409122124,-0.18111688866378017,-8.159010650388154e-05
1283,0.313232421875,-27.591970385748922,0.818218244353566,-0.18086330680301899,-8.984139344647701e-05
1284,0.3134765625,-27.532230184707508,0.8208730477949195,-0.18060972494231464,-9.809268033222907e-05
1285,0.313720703125,-27.47248998366609,0.8235278512362731,-0.18035614308155345,-0.00010634396727482454
1286,0.31396484374999994,-27.412749782624676,0.8261826546776267,-0.1801025612208491,-0.00011459525416057659
1287,0.314208984375,-27.353009581583244,0.8288374581189811,-0.17984897936008792,-0.00012284654110317206
1288,0.314453125,-27.29326938054183,0.8314922615603347,-0.17959539749938358,-0.0001310978279889241
1289,0.314697265625,-27.233529179500415,0.8341470650016882,-0.1793418156386224,-0.00013934911493151958
1290,0.31494140625,-27.173788978458994,0.8368018684430418,-0.1790882337778612,-0.00014760040181727163
1291,0.31518554687499994,-27.11404877741758,0.8394566718843954,-0.17883465191715686,-0.0001558516887598671
1292,0.3154296875,-27.054308576376147,0.8421114753257498,-0.17858107005639567,-0.00016410297564561915
1293,0.315673828125,-26.99493232414628,0.8445755611381455,-0.17832744672381295,-0.00017221928999333613
1294,0.31591796875,-26.937011867162617,0.846276776434708,-0.17807365750388726,-0.00017979571396153915
1295,0.316162109375,-26.87909141017895,0.8479779917312708,-0.17781986828396157,-0.00018737213787289875
1296,0.31640624999999994,-26.821170953195285,0.8496792070278334,-0.17756607906403588,-0.00019494856184110176
1297,0.316650390625,-26.7632504962116,0.8513804223243966,-0.17731228984405334,-0.00020252498580930478
1298,0.31689453125,-26.705330039227935,0.8530816376209592,-0.17705850062412765,-0.0002101014097775078
1299,0.317138671875,-26.64740958224427,0.8547828529175219,-0.17680471140420195,-0.00021767783374571081
1300,0.3173828125,-26.589489125260602,0.8564840682140846,-0.17655092218421942,-0.0002252542576570704
1301,0.31762695312499994,-26.53156866827694,0.8581852835106473,-0.17629713296429372,-0.00023283068162527343
1302,0.31787109375,-26.473648211293256,0.8598864988072104,-0.17604334374436803,-0.00024040710559347644
1303,0.318115234375,-26.415727754309586,0.8615877141037731,-0.17578955452444234,-0.00024798352956167946
1304,0.318359375,-26.35780729732592,0.8632889294003357,-0.1755357653044598,-0.00025555995347303906
1305,0.318603515625,-26.299886840342257,0.8649901446968984,-0.1752819760845341,-0.0002631363774412421
1306,0.31884765624999994,-26.24196638335859,0.8666913599934611,-0.17502818686460841,-0.0002707128014094451
1307,0.319091796875,-26.184045926374903,0.8683925752900242,-0.17477439764462588,-0.0002782892253776481
1308,0.3193359375,-26.12612546939124,0.870093790586587,-0.17452060842470019,-0.0002858656492890077
1309,0.319580078125,-26.068205012407574,0.8717950058831495,-0.1742668192047745,-0.0002934420732572107
1310,0.31982421875,-26.010284555423908,0.8734962211797123,-0.1740130299848488,-0.00030101849722541374
1311,0.32006835937499994,-25.952364098440242,0.875197436476275,-0.17375924076486626,-0.00030859492119361676
1312,0.3203125,-25.89444364145656,0.8768986517728382,-0.17350545154494057,-0.00031617134516181977
1313,0.320556640625,-25.8365231844729,0.8785998670694006,-0.17325166232501488,-0.00032374776907317937
1314,0.32080078125,-25.778602727489226,0.8803010823659634,-0.17299787310503234,-0.0003313241930413824
1315,0.321044921875,-25.720682270505563,0.882002297662526,-0.17274408388510665,-0.0003389006170095854
1316,0.32128906249999994,-25.662761813521897,0.8837035129590887,-0.17249029466518095,-0.0003464770409777884
1317,0.321533203125,-25.604841356538216,0.8854047282556519,-0.17223650544525526,-0.000354053464889148
1318,0.32177734375,-25.546920899554546,0.8871059435522146,-0.17198271622527272,-0.00036162988885735103
1319,0.322021484375,-25.4901190558704,0.8883222117745502,-0.17172907337084098,-0.0003687633444542371
1320,0.322265625,-25.434062954385944,0.889215181947401,-0.1714755280933673,-0.0003756014877467351
1321,0.32250976562499994,-25.37800685290148,0.890108152120252,-0.17122198281589363,-0.0003824396310960765
1322,0.32275390625,-25.321950751417,0.8910011222931032,-0.1709684375384768,-0.0003892777744454179
1323,0.322998046875,-25.26589464993254,0.8918940924659542,-0.17071489226100311,-0.0003961159177947593
1324,0.3232421875,-25.209838548448076,0.8927870626388051,-0.17046134698352944,-0.0004029540610872573
1325,0.323486328125,-25.153782446963618,0.893680032811656,-0.17020780170605576,-0.0004097922044365987
1326,0.32373046874999994,-25.097726345479153,0.8945730029845068,-0.16995425642858208,-0.0004166303477859401
1327,0.323974609375,-25.041670243994673,0.8954659731573581,-0.16970071115116525,-0.0004234684910784381
1328,0.32421875,-24.98561414251021,0.896358943330209,-0.16944716587369157,-0.0004303066344277795
1329,0.324462890625,-24.92955804102575,0.89725191350306,-0.1691936205962179,-0.0004371447777771209
1330,0.32470703125,-24.873501939541285,0.8981448836759109,-0.16894007531874422,-0.0004439829210696189
1331,0.32495117187499994,-24.817445838056823,0.8990378538487619,-0.16868653004127054,-0.0004508210644189603
1332,0.3251953125,-24.761389736572347,0.8999308240216132,-0.1684329847638537,-0.0004576592077683017
1333,0.325439453125,-24.705333635087882,0.900823794194464,-0.16817943948638003,-0.0004644973510607997
1334,0.32568359375,-24.649277533603424,0.9017167643673148,-0.16792589420890636,-0.0004713354944101411
1335,0.325927734375,-24.59322143211896,0.9026097345401658,-0.16767234893143268,-0.0004781736377594825
1336,0.32617187499999994,-24.5371653306345,0.9035027047130167,-0.167418803653959,-0.0004850117810519805
1337,0.326416015625,-24.48110922915002,0.904395674885868,-0.16716525837654217,-0.0004918499244013219
1338,0.32666015625,-24.425053127665556,0.905288645058719,-0.1669117130990685,-0.0004986880677506633
1339,0.326904296875,-24.368997026181095,0.9061816152315698,-0.16665816782159482,-0.0005055262111000047
1340,0.3271484375,-24.31294092469663,0.9070745854044208,-0.16640462254412114,-0.0005123643543925027
1341,0.32739257812499994,-24.25688482321217,0.9079675555772717,-0.16615107726664746,-0.0005192024977418441
1342,0.32763671875,-24.200828721727692,0.908860525750123,-0.16589753198923063,-0.0005260406410911855
1343,0.327880859375,-24.14477262024323,0.9097534959229739,-0.16564398671175695,-0.0005328787843836835
1344,0.328125,-24.08871651875877,0.9106464660958248,-0.16539044143428328,-0.0005397169277330249
1345,0.328369140625,-24.034553908824225,0.9108665202041479,-0.16513753013259702,-0.0005457800012322878
1346,0.32861328124999994,-23.980391298889685,0.911086574312471,-0.16488461883091077,-0.0005518430747315506
1347,0.328857421875,-23.926228688955128,0.9113066284207944,-0.1646317075292245,-0.0005579061482308134
1348,0.3291015625,-23.872066079020584,0.9115266825291173,-0.16437879622753826,-0.0005639692217300762
1349,0.329345703125,-23.817903469086044,0.9117467366374405,-0.164125884925852,-0.0005700322952293391
1350,0.32958984375,-23.7637408591515,0.9119667907457637,-0.1638729736242226,-0.0005760953687286019
1351,0.32983398437499994,-23.709578249216957,0.912186844854087,-0.16362006232253634,-0.0005821584422278647
1352,0.330078125,-23.6554156392824,0.91240689896241,-0.1633671510208501,-0.0005882215157271276
1353,0.330322265625,-23.601253029347856,0.9126269530707332,-0.16311423971916383,-0.0005942845892263904
1354,0.33056640625,-23.547090419413312,0.9128470071790562,-0.16286132841747758,-0.0006003476627256532
1355,0.330810546875,-23.492927809478772,0.9130670612873794,-0.16260841711579133,-0.0006064107361680726
1356,0.33105468749999994,-23.43876519954423,0.9132871153957026,-0.16235550581410507,-0.0006124738096673354
1357,0.331298828125,-23.384602589609674,0.9135071695040258,-0.16210259451241882,-0.0006185368831665983
1358,0.33154296875,-23.33043997967513,0.9137272236123488,-0.16184968321073256,-0.0006245999566658611
1359,0.331787109375,-23.276277369740587,0.913947277720672,-0.1615967719090463,-0.0006306630301651239
1360,0.33203125,-23.222114759806047,0.9141673318289952,-0.16134386060736006,-0.0006367261036643868
1361,0.33227539062499994,-23.167952149871503,0.9143873859373183,-0.1610909493056738,-0.0006427891771636496
1362,0.33251953125,-23.113789539936946,0.9146074400456415,-0.1608380380040444,-0.0006488522506629124
1363,0.332763671875,-23.059626930002405,0.9148274941539645,-0.16058512670235814,-0.0006549153241621752
1364,0.3330078125,-23.005464320067862,0.9150475482622877,-0.16033221540067188,-0.0006609783976614381
1365,0.333251953125,-22.95130171013332,0.9152676023706109,-0.16007930409898563,-0.0006670414711607009
1366,0.33349609374999994,-22.897139100198775,0.9154876564789342,-0.15982639279729938,-0.0006731045446599637
1367,0.333740234375,-22.842976490264217,0.9157077105872573,-0.15957348149561312,-0.0006791676181592265
1368,0.333984375,-22.788813880329673,0.9159277646955803,-0.15932057019392687,-0.0006852306916584894
1369,0.334228515625,-22.734651270395133,0.9161478188039035,-0.15906765889224062,-0.0006912937651577522
1370,0.33447265625,-22.681252008655008,0.9161481572004567,-0.15881513250150192,-0.0006970409147015744
1371,0.33471679687499994,-22.628997769206517,0.9158189220293553,-0.158563183477213,-0.0007023141784543441
1372,0.3349609375,-22.57674352975801,0.9154896868582538,-0.15831123445292405,-0.0007075874421502704
1373,0.335205078125,-22.524489290309514,0.9151604516871524,-0.15805928542857828,-0.0007128607058461967
1374,0.33544921875,-22.472235050861016,0.9148312165160509,-0.15780733640428934,-0.0007181339695421229
1375,0.335693359375,-22.419980811412525,0.9145019813449494,-0.1575553873800004,-0.0007234072332380492
1376,0.33593749999999994,-22.367726571964027,0.914172746173848,-0.15730343835571148,-0.0007286804969339755
1377,0.336181640625,-22.31547233251552,0.9138435110027463,-0.1570514893313657,-0.0007339537606299018
1378,0.33642578125,-22.263218093067024,0.9135142758316449,-0.15679954030707677,-0.0007392270243826715
1379,0.336669921875,-22.210963853618534,0.9131850406605434,-0.15654759128278783,-0.0007445002880785978
1380,0.3369140625,-22.158709614170036,0.912855805489442,-0.15629564225844206,-0.0007497735517745241
1381,0.33715820312499994,-22.10645537472154,0.9125265703183406,-0.15604369323415312,-0.0007550468154704504
1382,0.33740234375,-22.054201135273036,0.912197335147239,-0.1557917442098642,-0.0007603200791663767
1383,0.337646484375,-22.001946895824542,0.9118680999761376,-0.15553979518551841,-0.000765593342862303
1384,0.337890625,-21.949692656376044,0.9115388648050361,-0.15528784616122948,-0.0007708666065582293
1385,0.338134765625,-21.897438416927553,0.9112096296339347,-0.15503589713694055,-0.0007761398702541555
1386,0.33837890624999994,-21.845184177479055,0.9108803944628333,-0.15478394811265161,-0.0007814131340069252
1387,0.338623046875,-21.792929938030547,0.9105511592917316,-0.15453199908830584,-0.0007866863977028515
1388,0.3388671875,-21.740675698582052,0.9102219241206302,-0.1542800500640169,-0.0007919596613987778
1389,0.339111328125,-21.68842145913356,0.9098926889495286,-0.15402810103972797,-0.0007972329250947041
1390,0.33935546875,-21.636167219685063,0.9095634537784272,-0.1537761520153822,-0.0008025061887906304
1391,0.33959960937499994,-21.58391298023657,0.9092342186073258,-0.15352420299109326,-0.0008077794524865567
1392,0.33984375,-21.531658740788057,0.9089049834362243,-0.15327225396680433,-0.000813052716182483
1393,0.340087890625,-21.479404501339566,0.9085757482651229,-0.15302030494245855,-0.0008183259799352527
1394,0.34033203125,-21.42715026189107,0.9082465130940213,-0.15276835591816962,-0.000823599243631179
1395,0.340576171875,-21.374896022442577,0.9079172779229199,-0.15251640689388068,-0.0008288725073271053
1396,0.34082031249999994,-21.324169876691283,0.9072373787354856,-0.15226544200459102,-0.0008335164278605589
1397,0.341064453125,-21.27382575436428,0.906469813543968,-0.1520147231490796,-0.0008380030126318161
1398,0.34130859375,-21.223481632037295,0.9057022483524505,-0.15176400429351133,-0.0008424895974030733
1399,0.341552734375,-21.173137509710305,0.9049346831609331,-0.1515132854379999,-0.0008469761821743305
1400,0.341796875,-21.122793387383314,0.9041671179694158,-0.1512625665824885,-0.0008514627669455876
1401,0.34204101562499994,-21.072449265056324,0.9033995527778984,-0.15101184772697707,-0.0008559493517168448
1402,0.34228515625,-21.022105142729323,0.9026319875863809,-0.1507611288714088,-0.000860435936488102
1403,0.342529296875,-20.971761020402333,0.9018644223948634,-0.15051041001589738,-0.0008649225212593592
1404,0.3427734375,-20.92141689807534,0.901096857203346,-0.15025969116038596,-0.0008694091060306164
1405,0.343017578125,-20.871072775748353,0.9003292920118287,-0.1500089723048177,-0.0008738956908018736
1406,0.34326171874999994,-20.820728653421366,0.8995617268203111,-0.14975825344930627,-0.0008783822755731308
1407,0.343505859375,-20.770384531094358,0.8987941616287934,-0.14950753459379484,-0.0008828688603443879
1408,0.34375,-20.72004040876737,0.8980265964372762,-0.14925681573822658,-0.0008873554451156451
1409,0.343994140625,-20.66969628644038,0.8972590312457588,-0.14900609688271516,-0.0008918420298300589
1410,0.34423828125,-20.619352164113394,0.8964914660542415,-0.14875537802720373,-0.0008963286146013161
1411,0.34448242187499994,-20.5690080417864,0.895723900862724,-0.1485046591716923,-0.0009008151993725733
1412,0.3447265625,-20.5186639194594,0.8949563356712062,-0.14825394031612404,-0.0009053017841438304
1413,0.344970703125,-20.46831979713241,0.8941887704796889,-0.14800322146061262,-0.0009097883689150876
1414,0.34521484375,-20.417975674805415,0.8934212052881715,-0.1477525026051012,-0.0009142749536863448
1415,0.345458984375,-20.36763155247843,0.892653640096654,-0.14750178374953293,-0.000918761538457602
1416,0.34570312499999994,-20.317287430151442,0.8918860749051368,-0.1472510648940215,-0.0009232481232288592
1417,0.345947265625,-20.266943307824434,0.8911185097136192,-0.1470003460385101,-0.0009277347080001164
1418,0.34619140625,-20.216599185497447,0.8903509445221018,-0.14674962718299867,-0.0009322212927713736
1419,0.346435546875,-20.166255063170457,0.8895833793305844,-0.1464989083274304,-0.0009367078775426307
1420,0.3466796875,-20.115910940843467,0.8888158141390669,-0.14624818947191898,-0.0009411944623138879
1421,0.34692382812499994,-20.065946775487152,0.8879801661480642,-0.14599775870107123,-0.0009455271621163774
1422,0.34716796875,-20.017502438013523,0.8868721869591206,-0.14574848026882137,-0.0009492443220437963
1423,0.347412109375,-19.96905810053991,0.8857642077701771,-0.1454992018365715,-0.0009529614819712151
1424,0.34765625,-19.920613763066296,0.8846562285812337,-0.14524992340432163,-0.0009566786418986339
1425,0.347900390625,-19.872169425592688,0.8835482493922902,-0.14500064497201492,-0.0009603958018260528
1426,0.34814453124999994,-19.823725088119073,0.8824402702033466,-0.14475136653976506,-0.0009641129617534716
1427,0.348388671875,-19.775280750645443,0.8813322910144029,-0.1445020881075152,-0.0009678301216808904
1428,0.3486328125,-19.726836413171828,0.8802243118254595,-0.14425280967526533,-0.0009715472816083093
1429,0.348876953125,-19.678392075698216,0.8791163326365159,-0.14400353124301546,-0.0009752644415357281
1430,0.34912109375,-19.629947738224605,0.8780083534475723,-0.1437542528107656,-0.000978981601463147
1431,0.34936523437499994,-19.581503400750993,0.876900374258629,-0.14350497437851573,-0.0009826987613905658
1432,0.349609375,-19.533059063277364,0.8757923950696851,-0.14325569594626586,-0.0009864159213179846
1433,0.349853515625,-19.48461472580375,0.8746844158807415,-0.143006417514016,-0.0009901330812454034
1434,0.35009765625,-19.436170388330133,0.8735764366917983,-0.14275713908176613,-0.0009938502411728223
1435,0.350341796875,-19.387726050856525,0.8724684575028547,-0.14250786064951626,-0.0009975674011002411
1436,0.35058593749999994,-19.33928171338291,0.8713604783139113,-0.1422585822172664,-0.00100128456102766
1437,0.350830078125,-19.29083737590928,0.8702524991249675,-0.14200930378501653,-0.0010050017209550788
1438,0.35107421875,-19.24239303843567,0.8691445199360239,-0.14176002535276666,-0.0010087188808824976
1439,0.351318359375,-19.193948700962054,0.8680365407470806,-0.1415107469205168,-0.0010124360408099164
1440,0.3515625,-19.14550436348844,0.8669285615581371,-0.14126146848826693,-0.0010161532006804919
1441,0.35180664062499994,-19.097060026014827,0.8658205823691937,-0.14101219005601706,-0.0010198703606079107
1442,0.35205078125,-19.048615688541197,0.8647126031802498,-0.1407629116237672,-0.0010235875205353295
1443,0.352294921875,-19.000171351067582,0.8636046239913063,-0.14051363319151733,-0.0010273046804627484
1444,0.3525390625,-18.95172701359397,0.862496644802363,-0.14026435475926746,-0.0010310218403901672
1445,0.352783203125,-18.903282676120355,0.8613886656134194,-0.1400150763270176,-0.001034739000317586
1446,0.35302734374999994,-18.854838338646744,0.860280686424476,-0.13976579789476773,-0.0010384561602450049
1447,0.353271484375,-18.80752102480584,0.8590194385510993,-0.1395174776197905,-0.001041728508369033
1448,0.353515625,-18.760955060053433,0.8576560115547677,-0.1392697961164231,-0.001044704315177114
1449,0.353759765625,-18.714389095301026,0.856292584558436,-0.13902211461299885,-0.0010476801220420384
1450,0.35400390625,-18.667823130548616,0.8549291575621044,-0.1387744331095746,-0.0010506559289069628
1451,0.35424804687499994,-18.62125716579621,0.8535657305657729,-0.1385267516062072,-0.0010536317357718872
1452,0.3544921875,-18.57469120104379,0.8522023035694408,-0.13827907010278295,-0.0010566075426368116
1453,0.354736328125,-18.528125236291384,0.8508388765731092,-0.1380313885993587,-0.001059583349501736
1454,0.35498046875,-18.481559271538973,0.8494754495767776,-0.1377837070959913,-0.001062559156309817
1455,0.355224609375,-18.434993306786566,0.848112022580446,-0.13753602559256706,-0.0010655349631747413
1456,0.35546874999999994,-18.38842734203416,0.8467485955841144,-0.13728834408919965,-0.0010685107700396657
1457,0.355712890625,-18.341861377281738,0.8453851685877825,-0.1370406625857754,-0.00107148657690459
1458,0.35595703125,-18.295295412529327,0.8440217415914508,-0.13679298108235116,-0.0010744623837695144
1459,0.356201171875,-18.24872944777692,0.8426583145951192,-0.13654529957898376,-0.0010774381905775954
1460,0.3564453125,-18.202163483024513,0.8412948875987877,-0.1362976180755595,-0.0010804139974425198
1461,0.35668945312499994,-18.155597518272106,0.8399314606024559,-0.13604993657213527,-0.0010833898043074441
1462,0.35693359375,-18.109031553519685,0.838568033606124,-0.13580225506876786,-0.0010863656111723685
1463,0.357177734375,-18.062465588767278,0.8372046066097923,-0.13555457356534362,-0.001089341418037293
1464,0.357421875,-18.01589962401487,0.8358411796134608,-0.13530689206191937,-0.0010923172249022173
1465,0.357666015625,-17.969333659262464,0.8344777526171292,-0.13505921055855197,-0.0010952930317102982
1466,0.35791015624999994,-17.922767694510057,0.8331143256207976,-0.13481152905512772,-0.0010982688385752226
1467,0.358154296875,-17.876201729757636,0.8317508986244656,-0.13456384755170347,-0.001101244645440147
1468,0.3583984375,-17.82963576500523,0.8303874716281339,-0.13431616604833607,-0.0011042204523050714
1469,0.358642578125,-17.78306980025282,0.8290240446318023,-0.13406848454491183,-0.0011071962591699958
1470,0.35888671875,-17.736503835500415,0.8276606176354707,-0.13382080304148758,-0.0011101720659780767
1471,0.35913085937499994,-17.689937870748007,0.8262971906391391,-0.13357312153812018,-0.001113147872843001
1472,0.359375,-17.643371905995583,0.824933763642807,-0.13332544003469593,-0.0011161236797079255
1473,0.359619140625,-17.598652778834982,0.8233873600678007,-0.13307946289785377,-0.001118394155128044
1474,0.35986328125,-17.553933651674388,0.8218409564927942,-0.13283348576101162,-0.001120664630605006
1475,0.360107421875,-17.509214524513787,0.8202945529177879,-0.13258750862416946,-0.0011229351060251247
1476,0.36035156249999994,-17.464495397353186,0.8187481493427815,-0.1323415314873273,-0.0011252055815020867
1477,0.360595703125,-17.41977627019257,0.8172017457677748,-0.13209555435048514,-0.0011274760569222053
1478,0.36083984375,-17.37505714303197,0.8156553421927684,-0.131849577213643,-0.0011297465323991673
1479,0.361083984375,-17.330338015871373,0.8141089386177619,-0.13160360007680083,-0.001132017007819286
1480,0.361328125,-17.285618888710772,0.8125625350427556,-0.13135762293995867,-0.001134287483296248
1481,0.36157226562499994,-17.240899761550175,0.8110161314677491,-0.13111164580311652,-0.0011365579587163666
1482,0.36181640625,-17.19618063438956,0.8094697278927424,-0.13086566866627436,-0.0011388284341933286
1483,0.362060546875,-17.151461507228962,0.807923324317736,-0.1306196915294322,-0.0011410989096134472
1484,0.3623046875,-17.10674238006836,0.8063769207427296,-0.13037371439259005,-0.0011433693850904092
1485,0.362548828125,-17.06202325290776,0.8048305171677231,-0.1301277372557479,-0.0011456398605105278
1486,0.36279296874999994,-17.01730412574716,0.8032841135927168,-0.12988176011890573,-0.0011479103359874898
1487,0.363037109375,-16.972584998586548,0.80173771001771,-0.12963578298206357,-0.0011501808114076084
1488,0.36328125,-16.927865871425947,0.8001913064427035,-0.12938980584522142,-0.0011524512868845704
1489,0.363525390625,-16.88314674426535,0.7986449028676972,-0.12914382870837926,-0.001154721762304689
1490,0.36376953125,-16.83842761710475,0.7970984992926907,-0.1288978515715371,-0.001156992237781651
1491,0.36401367187499994,-16.793708489944148,0.7955520957176844,-0.12865187443469495,-0.0011592627132017697
1492,0.3642578125,-16.748989362783536,0.7940056921426776,-0.1284058972978528,-0.0011615331886787317
1493,0.364501953125,-16.704270235622936,0.7924592885676711,-0.12815992016101063,-0.0011638036640988503
1494,0.36474609375,-16.659551108462335,0.7909128849926648,-0.12791394302411163,-0.0011660741395758123
1495,0.364990234375,-16.614831981301737,0.7893664814176583,-0.12766796588726947,-0.001168344614995931
1496,0.36523437499999994,-16.570112854141136,0.787820077842652,-0.12742198875042732,-0.001170615090472893
1497,0.365478515625,-16.525393726980525,0.7862736742676452,-0.12717601161358516,-0.0011728855658930115
1498,0.36572265625,-16.481397040590767,0.7846783595883502,-0.1269307416440597,-0.0011748905191666381
1499,0.365966796875,-16.438484015357282,0.7830096782526224,-0.1266865324253672,-0.0011764971890784182
1500,0.3662109375,-16.395570990123797,0.7813409969168944,-0.1264423232066747,-0.0011781038589901982
1501,0.36645507812499994,-16.352657964890316,0.7796723155811666,-0.1261981139879822,-0.0011797105289588217
1502,0.36669921875,-16.309744939656817,0.7780036342454382,-0.12595390476934654,-0.0011813171988706017
1503,0.366943359375,-16.266831914423335,0.7763349529097102,-0.12570969555065403,-0.0011829238688392252
1504,0.3671875,-16.223918889189846,0.7746662715739824,-0.12546548633196153,-0.0011845305387510052
1505,0.367431640625,-16.18100586395636,0.7729975902382544,-0.12522127711332587,-0.0011861372086627853
1506,0.36767578124999994,-16.138092838722876,0.7713289089025266,-0.12497706789463336,-0.0011877438786314087
1507,0.367919921875,-16.09517981348938,0.7696602275667981,-0.12473285867594086,-0.0011893505485431888
1508,0.3681640625,-16.052266788255892,0.7679915462310702,-0.12448864945724836,-0.0011909572185118122
1509,0.368408203125,-16.00935376302241,0.7663228648953424,-0.1242444402386127,-0.0011925638884235923
1510,0.36865234375,-15.966440737788925,0.7646541835596145,-0.12400023101992019,-0.0011941705583353723
1511,0.36889648437499994,-15.92352771255544,0.7629855022238865,-0.12375602180122769,-0.0011957772283039958
1512,0.369140625,-15.880614687321941,0.7613168208881581,-0.12351181258259203,-0.0011973838982157758
1513,0.369384765625,-15.837701662088456,0.7596481395524304,-0.12326760336389952,-0.0011989905681843993
1514,0.36962890625,-15.794788636854971,0.7579794582167024,-0.12302339414520702,-0.0012005972380961794
1515,0.369873046875,-15.751875611621486,0.7563107768809745,-0.12277918492651452,-0.0012022039080079594
1516,0.37011718749999994,-15.708962586388003,0.7546420955452465,-0.12253497570787886,-0.0012038105779765829
1517,0.370361328125,-15.666049561154505,0.7529734142095182,-0.12229076648918635,-0.001205417247888363
1518,0.37060546875,-15.62313653592102,0.7513047328737904,-0.12204655727049385,-0.0012070239178569864
1519,0.370849609375,-15.580223510687533,0.7496360515380623,-0.12180234805185819,-0.0012086305877687664
1520,0.37109375,-15.537310485454048,0.7479673702023345,-0.12155813883316569,-0.0012102372577373899
1521,0.37133789062499994,-15.494397460220561,0.7462986888666066,-0.12131392961447318,-0.00121184392764917
1522,0.37158203125,-15.451484434987066,0.7446300075308783,-0.12106972039578068,-0.00121345059756095
1523,0.371826171875,-15.408571409753579,0.7429613261951503,-0.12082551117714502,-0.0012150572675295734
1524,0.3720703125,-15.36706403075259,0.7412346912626485,-0.12058273636728245,-0.0012161688786136438
1525,0.372314453125,-15.325908063309724,0.739493567930953,-0.12034032015969842,-0.0012171567249765758
1526,0.37255859374999994,-15.28475209586686,0.7377524445992577,-0.1200979039521144,-0.0012181445713963512
1527,0.372802734375,-15.243596128423981,0.7360113212675619,-0.11985548774447352,-0.0012191324177592833
1528,0.373046875,-15.202440160981118,0.7342701979358666,-0.11961307153688949,-0.0012201202641222153
1529,0.373291015625,-15.16128419353825,0.732529074604171,-0.11937065532930546,-0.0012211081105419908
1530,0.37353515625,-15.120128226095384,0.7307879512724756,-0.11912823912166459,-0.0012220959569049228
1531,0.37377929687499994,-15.078972258652518,0.7290468279407804,-0.11888582291408056,-0.0012230838032678548
1532,0.3740234375,-15.037816291209639,0.7273057046090845,-0.11864340670643969,-0.0012240716496876303
1533,0.374267578125,-14.996660323766775,0.7255645812773892,-0.11840099049885566,-0.0012250594960505623
1534,0.37451171875,-14.955504356323909,0.7238234579456937,-0.11815857429127163,-0.0012260473424134943
1535,0.374755859375,-14.914348388881043,0.7220823346139984,-0.11791615808363076,-0.0012270351888332698
1536,0.37500000000000006,-14.873192421438166,0.7203412112823024,-0.11767374187604673,-0.0012280230351962018
1537,0.375244140625,-14.832036453995297,0.7186000879506071,-0.1174313256684627,-0.0012290108815591338
1538,0.37548828125,-14.790880486552432,0.7168589646189117,-0.11718890946082183,-0.0012299987279789093
1539,0.375732421875,-14.749724519109565,0.7151178412872163,-0.1169464932532378,-0.0012309865743418413
1540,0.3759765625,-14.708568551666703,0.713376717955521,-0.11670407704565378,-0.0012319744207047734
1541,0.37622070312500006,-14.667412584223824,0.7116355946238252,-0.1164616608380129,-0.0012329622671245488
1542,0.37646484375,-14.626256616780958,0.7098944712921298,-0.11621924463042888,-0.0012339501134874808
1543,0.376708984375,-14.585100649338091,0.7081533479604344,-0.115976828422788,-0.0012349379598504129
1544,0.376953125,-14.543944681895224,0.706412224628739,-0.11573441221520397,-0.0012359258062701883
1545,0.377197265625,-14.502788714452361,0.7046711012970436,-0.11549199600761995,-0.0012369136526331204
1546,0.37744140625000006,-14.46163274700948,0.7029299779653478,-0.11524957979997907,-0.0012379014989960524
1547,0.377685546875,-14.420476779566616,0.7011888546336524,-0.11500716359239505,-0.0012388893454158278
1548,0.3779296875,-14.37932081212375,0.699447731301957,-0.11476474738481102,-0.0012398771917787599
1549,0.378173828125,-14.338504958246663,0.6977001196586264,-0.11452268819817846,-0.0012407506248450773
1550,0.37841796875,-14.299049558632698,0.6959265547687546,-0.1142820570955223,-0.0012411664044975623
1551,0.37866210937500006,-14.259594159018722,0.6941529898788824,-0.114041425992923,-0.0012415821842068908
1552,0.37890625,-14.220138759404758,0.6923794249890106,-0.11380079489026684,-0.0012419979639162193
1553,0.379150390625,-14.180683359790793,0.6906058600991388,-0.11356016378761069,-0.0012424137436255478
1554,0.37939453125,-14.141227960176828,0.6888322952092671,-0.11331953268501138,-0.0012428295232780329
1555,0.379638671875,-14.101772560562862,0.6870587303193953,-0.11307890158235523,-0.0012432453029873614
1556,0.37988281250000006,-14.062317160948885,0.6852851654295231,-0.11283827047969908,-0.0012436610826966898
1557,0.380126953125,-14.02286176133492,0.6835116005396513,-0.11259763937709977,-0.0012440768624060183
1558,0.38037109375,-13.983406361720954,0.6817380356497796,-0.11235700827444361,-0.0012444926420585034
1559,0.380615234375,-13.943950962106989,0.6799644707599078,-0.1121163771718443,-0.001244908421767832
1560,0.380859375,-13.904495562493024,0.6781909058700362,-0.11187574606918815,-0.0012453242014771604
1561,0.38110351562500006,-13.86504016287905,0.6764173409801638,-0.111635114966532,-0.0012457399811864889
1562,0.38134765625,-13.825584763265084,0.674643776090292,-0.11139448386393269,-0.0012461557608958174
1563,0.381591796875,-13.786129363651119,0.6728702112004203,-0.11115385276127654,-0.0012465715405483024
1564,0.3818359375,-13.746673964037154,0.6710966463105487,-0.11091322165867723,-0.001246987320257631
1565,0.382080078125,-13.707218564423188,0.6693230814206768,-0.11067259055602108,-0.0012474030999669594
1566,0.38232421875000006,-13.667763164809212,0.6675495165308045,-0.11043195945336493,-0.001247818879676288
1567,0.382568359375,-13.628307765195247,0.6657759516409328,-0.11019132835076562,-0.001248234659328773
1568,0.3828125,-13.588852365581282,0.6640023867510612,-0.10995069724810946,-0.0012486504390381015
1569,0.383056640625,-13.549396965967317,0.6622288218611894,-0.10971006614545331,-0.00124906621874743
1570,0.38330078125,-13.509941566353351,0.6604552569713175,-0.109469435042854,-0.001249481998399915
1571,0.38354492187500006,-13.470486166739375,0.6586816920814452,-0.10922880394019785,-0.0012498977781092435
1572,0.3837890625,-13.431030767125412,0.6569081271915737,-0.1089881728375417,-0.001250313557818572
1573,0.384033203125,-13.391575367511445,0.6551345623017019,-0.10874754173494239,-0.0012507293375279005
1574,0.38427734375,-13.35211996789748,0.65336099741183,-0.10850691063228624,-0.001251145117237229
1575,0.384521484375,-13.313647046660677,0.6515867202366127,-0.1082673292417553,-0.0012512459668414522
1576,0.38476562500000006,-13.27582911100864,0.6498119682044974,-0.10802844765925101,-0.001251136863118063
1577,0.385009765625,-13.238011175356611,0.648037216172383,-0.10778956607680357,-0.001251027759394674
1578,0.38525390625,-13.200193239704584,0.6462624641402683,-0.10755068449429928,-0.0012509186556144414
1579,0.385498046875,-13.162375304052556,0.6444877121081537,-0.10731180291179498,-0.0012508095518910523
1580,0.3857421875,-13.12455736840053,0.6427129600760392,-0.10707292132934754,-0.0012507004481676631
1581,0.38598632812500006,-13.086739432748493,0.6409382080439239,-0.10683403974684325,-0.001250591344444274
1582,0.38623046875,-13.048921497096465,0.6391634560118093,-0.1065951581643958,-0.0012504822407208849
1583,0.386474609375,-13.011103561444438,0.6373887039796947,-0.1063562765818915,-0.0012503731369406523
1584,0.38671875,-12.97328562579241,0.6356139519475803,-0.10611739499938722,-0.0012502640332172632
1585,0.386962890625,-12.935467690140383,0.6338391999154657,-0.10587851341693977,-0.001250154929493874
1586,0.38720703125000006,-12.897649754488345,0.6320644478833505,-0.10563963183443548,-0.001250045825770485
1587,0.387451171875,-12.859831818836318,0.6302896958512358,-0.10540075025193119,-0.0012499367220470958
1588,0.3876953125,-12.82201388318429,0.6285149438191212,-0.10516186866948374,-0.0012498276182668633
1589,0.387939453125,-12.784195947532263,0.6267401917870067,-0.10492298708697945,-0.0012497185145434742
1590,0.38818359375,-12.746378011880235,0.6249654397548922,-0.10468410550447516,-0.001249609410820085
1591,0.38842773437500006,-12.708560076228197,0.6231906877227771,-0.10444522392202771,-0.001249500307096696
1592,0.388671875,-12.67074214057617,0.6214159356906623,-0.10420634233952342,-0.0012493912033733068
1593,0.388916015625,-12.632924204924143,0.6196411836585478,-0.10396746075701913,-0.0012492820995930742
1594,0.38916015625,-12.595106269272115,0.6178664316264332,-0.10372857917457168,-0.0012491729958696851
1595,0.389404296875,-12.557288333620088,0.6160916795943185,-0.10348969759206739,-0.001249063892146296
1596,0.38964843750000006,-12.519470397968052,0.6143169275622036,-0.10325081600961994,-0.0012489547884229069
1597,0.389892578125,-12.481652462316026,0.6125421755300888,-0.10301193442711565,-0.0012488456846995177
1598,0.39013671875,-12.443834526663997,0.6107674234979743,-0.10277305284461136,-0.0012487365809192852
1599,0.390380859375,-12.40601659101197,0.6089926714658597,-0.10253417126216391,-0.001248627477195896
1600,0.390625,-12.368198655359942,0.6072179194337451,-0.10229528967965962,-0.001248518373472507
1601,0.39086914062500006,-12.33194926417184,0.6054655933876412,-0.10205809940282506,-0.0012479309438617747
1602,0.39111328125,-12.295699872983752,0.6037132673415379,-0.10182090912599051,-0.0012473435142510425
1603,0.391357421875,-12.259450481795662,0.6019609412954345,-0.10158371884915596,-0.0012467560846403103
1604,0.3916015625,-12.223201090607573,0.6002086152493309,-0.1013465285723214,-0.001246168655029578
1605,0.391845703125,-12.186951699419483,0.5984562892032276,-0.10110933829548685,-0.0012455812254188459
1606,0.39208984375000006,-12.150702308231384,0.5967039631571237,-0.1008721480186523,-0.0012449937957512702
1607,0.392333984375,-12.114452917043295,0.5949516371110202,-0.10063495774181774,-0.001244406366140538
1608,0.392578125,-12.078203525855205,0.5931993110649167,-0.10039776746498319,-0.0012438189365298058
1609,0.392822265625,-12.041954134667115,0.5914469850188134,-0.10016057718814864,-0.0012432315069190736
1610,0.39306640625,-12.005704743479026,0.58969465897271,-0.09992338691131408,-0.0012426440773083414
1611,0.39331054687500006,-11.969455352290925,0.587942332926606,-0.09968619663447953,-0.0012420566476976092
1612,0.3935546875,-11.933205961102836,0.5861900068805027,-0.09944900635764498,-0.001241469218086877
1613,0.393798828125,-11.896956569914746,0.5844376808343993,-0.09921181608081042,-0.0012408817884761447
1614,0.39404296875,-11.860707178726656,0.5826853547882959,-0.09897462580397587,-0.0012402943588654125
1615,0.394287109375,-11.824457787538568,0.5809330287421924,-0.09873743552714132,-0.0012397069292546803
1616,0.39453125000000006,-11.788208396350468,0.5791807026960886,-0.09850024525030676,-0.0012391194995871047
1617,0.394775390625,-11.75195900516238,0.577428376649985,-0.09826305497352905,-0.0012385320699763724
1618,0.39501953125,-11.715709613974289,0.5756760506038817,-0.0980258646966945,-0.0012379446403656402
1619,0.395263671875,-11.679460222786199,0.5739237245577784,-0.09778867441985994,-0.001237357210754908
1620,0.3955078125,-11.643210831598111,0.5721713985116748,-0.09755148414302539,-0.0012367697811441758
1621,0.39575195312500006,-11.60696144041001,0.570419072465571,-0.09731429386619084,-0.0012361823515334436
1622,0.39599609375,-11.57071204922192,0.5686667464194676,-0.09707710358935628,-0.0012355949219227114
1623,0.396240234375,-11.53446265803383,0.5669144203733641,-0.09683991331252173,-0.0012350074923119791
1624,0.396484375,-11.498213266845744,0.5651620943272606,-0.09660272303568718,-0.001234420062701247
1625,0.396728515625,-11.46196387565765,0.5634097682811573,-0.09636553275885262,-0.0012338326330905147
1626,0.39697265625000006,-11.426312312484093,0.561673234802955,-0.09612898853930574,-0.0012330719288229375
1627,0.397216796875,-11.391557491332353,0.5599603901766054,-0.09589341340569035,-0.0012320513126837795
1628,0.3974609375,-11.356802670180612,0.5582475455502559,-0.09565783827201813,-0.0012310306964877782
1629,0.397705078125,-11.32204784902887,0.5565347009239064,-0.09542226313840274,-0.0012300100802917768
1630,0.39794921875,-11.287293027877132,0.5548218562975568,-0.09518668800478736,-0.001228989464152619
1631,0.39819335937500006,-11.252538206725383,0.5531090116712069,-0.09495111287117197,-0.0012279688479566175
1632,0.3984375,-11.217783385573641,0.5513961670448572,-0.09471553773755659,-0.0012269482318174596
1633,0.398681640625,-11.1830285644219,0.5496833224185076,-0.0944799626039412,-0.0012259276156214582
1634,0.39892578125,-11.14827374327016,0.5479704777921581,-0.09424438747032582,-0.0012249069994823003
1635,0.399169921875,-11.11351892211842,0.5462576331658086,-0.09400881233671043,-0.001223886383286299
1636,0.39941406250000006,-11.07876410096667,0.5445447885394586,-0.0937732372030382,-0.0012228657670902976
1637,0.399658203125,-11.044009279814931,0.542831943913109,-0.09353766206942282,-0.0012218451509511397
1638,0.39990234375,-11.00925445866319,0.5411190992867595,-0.09330208693580744,-0.0012208245347551383
1639,0.400146484375,-10.974499637511448,0.5394062546604099,-0.09306651180219205,-0.0012198039186159804
1640,0.400390625,-10.939744816359708,0.5376934100340605,-0.09283093666857667,-0.001218783302419979
1641,0.40063476562500006,-10.90498999520796,0.5359805654077103,-0.09259536153496128,-0.001217762686280821
1642,0.40087890625,-10.87023517405622,0.5342677207813609,-0.0923597864013459,-0.0012167420700848197
1643,0.401123046875,-10.835480352904478,0.5325548761550113,-0.09212421126773052,-0.0012157214538888184
1644,0.4013671875,-10.800725531752738,0.5308420315286618,-0.09188863613405829,-0.0012147008377496604
1645,0.401611328125,-10.765970710600996,0.5291291869023121,-0.0916530610004429,-0.001213680221553659
1646,0.40185546875000006,-10.731215889449247,0.5274163422759622,-0.09141748586682752,-0.0012126596054145011
1647,0.402099609375,-10.69646106829751,0.5257034976496127,-0.09118191073321213,-0.0012116389892184998
1648,0.40234375,-10.661706247145766,0.5239906530232631,-0.09094633559959675,-0.0012106183730793418
1649,0.402587890625,-10.626951425994026,0.5222778083969135,-0.09071076046598137,-0.0012095977568833405
1650,0.40283203125,-10.592196604842286,0.520564963770564,-0.09047518533236598,-0.0012085771406873391
1651,0.40307617187500006,-10.557441783690535,0.518852119144214,-0.0902396101987506,-0.0012075565245481812
1652,0.4033203125,-10.523819970047242,0.5171800853401545,-0.09000525529103243,-0.0012062238809562587
1653,0.403564453125,-10.490481408281058,0.5155182542416675,-0.08977120543983119,-0.0012048132304585124
1654,0.40380859375,-10.457142846514877,0.5138564231431806,-0.08953715558862996,-0.0012034025799607662
1655,0.404052734375,-10.423804284748694,0.5121945920446936,-0.08930310573742872,-0.0012019919295198633
1656,0.40429687500000006,-10.390465722982501,0.510532760946206,-0.08906905588622749,-0.001200581279022117
1657,0.404541015625,-10.357127161216317,0.5088709298477191,-0.08883500603502625,-0.0011991706285812143
1658,0.40478515625,-10.323788599450133,0.5072090987492321,-0.08860095618382502,-0.001197759978083468
1659,0.405029296875,-10.29045003768395,0.5055472676507452,-0.08836690633256694,-0.0011963493276425652
1660,0.4052734375,-10.257111475917768,0.5038854365522581,-0.0881328564813657,-0.001194938677144819
1661,0.40551757812500006,-10.223772914151574,0.5022236054537708,-0.08789880663016447,-0.0011935280267039161
1662,0.40576171875,-10.190434352385392,0.5005617743552838,-0.08766475677896324,-0.0011921173762061699
1663,0.406005859375,-10.15709579061921,0.4988999432567968,-0.087430706927762,-0.001190706725765267
1664,0.40625,-10.123757228853027,0.4972381121583098,-0.08719665707656077,-0.0011892960752675208
1665,0.406494140625,-10.090418667086844,0.4955762810598228,-0.08696260722535953,-0.0011878854247697745
1666,0.40673828125000006,-10.05708010532065,0.4939144499613354,-0.0867285573741583,-0.0011864747743288717
1667,0.406982421875,-10.023741543554468,0.49225261886284843,-0.08649450752295706,-0.0011850641238311255
1668,0.4072265625,-9.990402981788286,0.4905907877643614,-0.08626045767175583,-0.0011836534733902226
1669,0.407470703125,-9.957064420022101,0.48892895666587444,-0.0860264078205546,-0.0011822428228924764
1670,0.40771484375,-9.923725858255919,0.48726712556738744,-0.08579235796929652,-0.0011808321724515736
1671,0.40795898437500006,-9.890387296489727,0.4856052944689,-0.08555830811809528,-0.0011794215219538273
1672,0.408203125,-9.857048734723543,0.4839434633704131,-0.08532425826689405,-0.0011780108715129245
1673,0.408447265625,-9.823710172957359,0.482281632271926,-0.08509020841569281,-0.0011766002210151782
1674,0.40869140625,-9.790371611191176,0.48061980117343905,-0.08485615856449158,-0.0011751895705742754
1675,0.408935546875,-9.757033049424995,0.47895797007495217,-0.08462210871329034,-0.0011737789200765292
1676,0.40917968750000006,-9.723694487658802,0.4772961389764647,-0.08438805886208911,-0.001172368269578783
1677,0.409423828125,-9.690622782838233,0.4756459052331059,-0.08415429411127207,-0.0011708877693763498
1678,0.40966796875,-9.65861850580012,0.47404206091025963,-0.08392166976204862,-0.0011691278701846386
1679,0.409912109375,-9.626614228762007,0.4724382165874135,-0.08368904541276834,-0.0011673679709929274
1680,0.41015625,-9.594609951723893,0.4708343722645672,-0.0834564210635449,-0.0011656080717443729
1681,0.41040039062500006,-9.562605674685772,0.4692305279417206,-0.08322379671426461,-0.0011638481725526617
1682,0.41064453125,-9.53060139764766,0.46762668361887444,-0.08299117236504117,-0.0011620882733609506
1683,0.410888671875,-9.498597120609547,0.4660228392960281,-0.08275854801581772,-0.0011603283741692394
1684,0.4111328125,-9.466592843571432,0.46441899497318195,-0.08252592366653744,-0.0011585684749206848
1685,0.411376953125,-9.434588566533321,0.4628151506503358,-0.082293299317314,-0.0011568085757289737
1686,0.41162109375000006,-9.402584289495199,0.46121130632748913,-0.08206067496803371,-0.0011550486765372625
1687,0.411865234375,-9.370580012457086,0.4596074620046429,-0.08182805061881027,-0.0011532887773455514
1688,0.412109375,-9.338575735418974,0.45800361768179676,-0.08159542626958682,-0.0011515288780969968
1689,0.412353515625,-9.306571458380859,0.4563997733589505,-0.08136280192030654,-0.0011497689789052856
1690,0.41259765625,-9.274567181342746,0.45479592903610433,-0.0811301775710831,-0.0011480090797135745
1691,0.41284179687500006,-9.242562904304625,0.45319208471325767,-0.08089755322180281,-0.0011462491805218633
1692,0.4130859375,-9.210558627266511,0.4515882403904115,-0.08066492887257937,-0.0011444892812733087
1693,0.413330078125,-9.178554350228401,0.44998439606756535,-0.08043230452335592,-0.0011427293820815976
1694,0.41357421875,-9.146550073190285,0.4483805517447191,-0.08019968017407564,-0.0011409694828898864
1695,0.413818359375,-9.114545796152173,0.44677670742187287,-0.0799670558248522,-0.0011392095836981753
1696,0.41406250000000006,-9.082541519114052,0.4451728630990262,-0.07973443147557191,-0.0011374496844496207
1697,0.414306640625,-9.050537242075938,0.44356901877618,-0.07950180712634847,-0.0011356897852579095
1698,0.41455078125,-9.018532965037824,0.44196517445333383,-0.07926918277712502,-0.0011339298860661984
1699,0.414794921875,-8.986528687999712,0.44036133013048756,-0.07903655842784474,-0.0011321699868176438
1700,0.4150390625,-8.9545244109616,0.4387574858076414,-0.0788039340786213,-0.0011304100876259326
1701,0.41528320312500006,-8.922520133923479,0.43715364148479474,-0.07857130972939785,-0.0011286501884342215
1702,0.41552734375,-8.890515856885367,0.4355497971619486,-0.07833868538011757,-0.0011268902892425103
1703,0.415771484375,-8.859261140386876,0.43398272167267493,-0.07810685248608706,-0.0011249437586684508
1704,0.416015625,-8.828506130914805,0.4324401587391163,-0.07787554722892764,-0.0011228728072865124
1705,0.416259765625,-8.797751121442731,0.43089759580555775,-0.07764424197171138,-0.001120801855904574
1706,0.41650390625000006,-8.76699611197065,0.42935503287199867,-0.07741293671455196,-0.0011187309044657923
1707,0.416748046875,-8.73624110249858,0.42781246993844013,-0.0771816314573357,-0.0011166599530270105
1708,0.4169921875,-8.705486093026508,0.42626990700488143,-0.07695032620017628,-0.0011145890016450721
1709,0.417236328125,-8.674731083554436,0.42472734407132284,-0.07671902094296001,-0.0011125180502631338
1710,0.41748046875,-8.643976074082364,0.42318478113776425,-0.0764877156858006,-0.001110447098824352
1711,0.41772460937500006,-8.613221064610283,0.4216422182042052,-0.07625641042858433,-0.0011083761473855702
1712,0.41796875,-8.58246605513821,0.42009965527064663,-0.07602510517142491,-0.0011063051960036319
1713,0.418212890625,-8.551711045666137,0.418557092337088,-0.07579379991420865,-0.00110423424456485
1714,0.41845703125,-8.520956036194066,0.41701452940352934,-0.07556249465704923,-0.0011021632931829117
1715,0.418701171875,-8.490201026721994,0.4154719664699708,-0.07533118939983297,-0.0011000923418009734
1716,0.41894531250000006,-8.459446017249913,0.4139294035364117,-0.0750998841426167,-0.0010980213903621916
1717,0.419189453125,-8.428691007777841,0.4123868406028532,-0.07486857888545728,-0.0010959504389234098
1718,0.41943359375,-8.397935998305769,0.41084427766929454,-0.07463727362824102,-0.0010938794875414715
1719,0.419677734375,-8.367180988833695,0.40930171473573596,-0.0744059683710816,-0.001091808536159533
1720,0.419921875,-8.336425979361625,0.4077591518021773,-0.07417466311386534,-0.0010897375847207513
1721,0.42016601562500006,-8.305670969889542,0.4062165888686183,-0.07394335785670592,-0.0010876666332819696
1722,0.42041015625,-8.274915960417472,0.4046740259350597,-0.07371205259948965,-0.0010855956819000312
1723,0.420654296875,-8.2441609509454,0.40313146300150104,-0.07348074734233023,-0.0010835247304612494
1724,0.4208984375,-8.213405941473328,0.40158890006794246,-0.07324944208511397,-0.001081453779079311
1725,0.421142578125,-8.182650932001255,0.40004633713438387,-0.07301813682795455,-0.0010793828276973727
1726,0.42138671875000006,-8.151895922529174,0.3985037742008248,-0.07278683157073829,-0.001077311876258591
1727,0.421630859375,-8.121140913057102,0.3969612112672662,-0.07255552631357887,-0.0010752409248198092
1728,0.421875,-8.09038590358503,0.3954186483337076,-0.0723242210563626,-0.0010731699734378708
1729,0.422119140625,-8.060792669115907,0.3939377698097257,-0.07209412465260812,-0.0010708234827916385
1730,0.42236328125,-8.031199434646783,0.39245689128574385,-0.07186402824891047,-0.0010684769921454063
1731,0.42260742187500006,-8.001606200177651,0.3909760127617616,-0.07163393184515598,-0.0010661305015560174
1732,0.4228515625,-7.97201296570853,0.3894951342377797,-0.07140383544145834,-0.0010637840109097851
1733,0.423095703125,-7.942419731239405,0.38801425571379783,-0.07117373903770385,-0.0010614375202635529
1734,0.42333984375,-7.912826496770283,0.386533377189816,-0.07094364263400621,-0.0010590910296173206
1735,0.423583984375,-7.883233262301159,0.38505249866583413,-0.07071354623025172,-0.0010567445390279318
1736,0.42382812500000006,-7.853640027832028,0.38357162014185187,-0.07048344982649724,-0.0010543980483816995
1737,0.424072265625,-7.824046793362905,0.38209074161786993,-0.07025335342279959,-0.0010520515577354672
1738,0.42431640625,-7.794453558893781,0.3806098630938881,-0.0700232570190451,-0.001049705067089235
1739,0.424560546875,-7.764860324424659,0.3791289845699063,-0.06979316061534746,-0.001047358576499846
1740,0.4248046875,-7.735267089955537,0.37764810604592436,-0.06956306421159297,-0.0010450120858536138
1741,0.42504882812500006,-7.705673855486404,0.3761672275219421,-0.06933296780783849,-0.0010426655952073816
1742,0.42529296875,-7.676080621017281,0.3746863489979602,-0.06910287140414084,-0.0010403191045611493
1743,0.425537109375,-7.646487386548158,0.3732054704739784,-0.06887277500038635,-0.0010379726139717604
1744,0.42578125,-7.616894152079035,0.3717245919499965,-0.06864267859668871,-0.0010356261233255282
1745,0.426025390625,-7.587300917609912,0.37024371342601464,-0.06841258219293422,-0.001033279632679296
1746,0.42626953125000006,-7.557707683140781,0.3687628349020324,-0.06818248578923658,-0.0010309331420330636
1747,0.426513671875,-7.528114448671657,0.36728195637805044,-0.06795238938548209,-0.0010285866513868314
1748,0.4267578125,-7.498521214202533,0.3658010778540687,-0.0677222929817276,-0.0010262401607974425
1749,0.427001953125,-7.46892797973341,0.3643201993300868,-0.06749219657802996,-0.0010238936701512102
1750,0.42724609375,-7.439334745264287,0.36283932080610487,-0.06726210017427547,-0.001021547179504978
1751,0.42749023437500006,-7.409741510795156,0.3613584422821226,-0.06703200377057783,-0.0010192006888587457
1752,0.427734375,-7.380148276326033,0.35987756375814073,-0.06680190736682334,-0.0010168541982693569
1753,0.427978515625,-7.35055504185691,0.3583966852341589,-0.0665718109631257,-0.0010145077076231246
1754,0.42822265625,-7.321390734111561,0.3569397607956895,-0.06634215340307037,-0.0010120641359776528
1755,0.428466796875,-7.292869816451876,0.355518767485489,-0.06611315410850693,-0.0010094749429185867
1756,0.42871093750000006,-7.264348898792181,0.354097774175288,-0.0658841548139435,-0.0010068857498026773
1757,0.428955078125,-7.235827981132494,0.35267678086508736,-0.06565515551938006,-0.0010042965567436113
1758,0.42919921875,-7.2073070634728085,0.3512557875548868,-0.06542615622487347,-0.0010017073636277019
1759,0.429443359375,-7.178786145813121,0.34983479424468616,-0.06519715693031003,-0.0009991181705686358
1760,0.4296875,-7.150265228153436,0.34841380093448565,-0.06496815763574659,-0.0009965289774527264
1761,0.42993164062500006,-7.1217443104937415,0.34699280762428464,-0.06473915834124,-0.0009939397843936604
1762,0.43017578125,-7.093223392834054,0.34557181431408407,-0.06451015904667656,-0.000991350591277751
1763,0.430419921875,-7.064702475174368,0.34415082100388344,-0.06428115975211313,-0.000988761398218685
1764,0.4306640625,-7.0361815575146816,0.34272982769368293,-0.06405216045754969,-0.0009861722051027755
1765,0.430908203125,-7.007660639854996,0.34130883438348236,-0.0638231611630431,-0.0009835830120437095
1766,0.43115234375000006,-6.979139722195301,0.33988784107328135,-0.06359416186847966,-0.0009809938189278
1767,0.431396484375,-6.9506188045356145,0.3384668477630807,-0.06336516257391622,-0.000978404625868734
1768,0.431640625,-6.922097886875929,0.3370458544528802,-0.06313616327940963,-0.0009758154327528246
1769,0.431884765625,-6.893576969216242,0.33562486114267964,-0.06290716398484619,-0.0009732262396937585
1770,0.43212890625,-6.865056051556556,0.334203867832479,-0.06267816469028276,-0.0009706370465778491
1771,0.43237304687500006,-6.836535133896861,0.33278287452227806,-0.06244916539571932,-0.0009680478534619397
1772,0.4326171875,-6.808014216237175,0.3313618812120775,-0.062220166101212726,-0.0009654586604028736
1773,0.432861328125,-6.779493298577489,0.3299408879018769,-0.06199116680664929,-0.0009628694672869642
1774,0.43310546875,-6.750972380917803,0.3285198945916763,-0.06176216751208585,-0.0009602802742278982
1775,0.433349609375,-6.722451463258116,0.32709890128147573,-0.06153316821757926,-0.0009576910811119888
1776,0.43359375000000006,-6.6939305455984215,0.32567790797127477,-0.06130416892301582,-0.0009551018880529227
1777,0.433837890625,-6.665409627938735,0.32425691466107415,-0.061075169628452386,-0.0009525126949370133
1778,0.43408203125,-6.636888710279049,0.3228359213508736,-0.06084617033388895,-0.0009499235018779473
1779,0.434326171875,-6.608367792619363,0.321414928040673,-0.060617171039382356,-0.0009473343087620378
1780,0.4345703125,-6.580631949676904,0.3200391144036775,-0.06038896032521279,-0.0009445751509815636
1781,0.43481445312500006,-6.553092375413744,0.3186745956849828,-0.06016094675607064,-0.0009417735019496831
1782,0.43505859375,-6.525552801150591,0.3173100769662886,-0.05993293318698534,-0.000938971852974646
1783,0.435302734375,-6.498013226887441,0.31594555824759435,-0.05970491961790003,-0.0009361702039996089
1784,0.435546875,-6.470473652624288,0.31458103952890015,-0.059476906048814726,-0.0009333685549677284
1785,0.435791015625,-6.4429340783611355,0.31321652081020585,-0.05924889247972942,-0.0009305669059926913
1786,0.43603515625000006,-6.415394504097976,0.3118520020915112,-0.059020878910644115,-0.0009277652569608108
1787,0.436279296875,-6.387854929834824,0.31048748337281695,-0.05879286534155881,-0.0009249636079857737
1788,0.4365234375,-6.3603153555716725,0.30912296465412276,-0.0585648517724735,-0.0009221619590107366
1789,0.436767578125,-6.33277578130852,0.3077584459354285,-0.058336838203331354,-0.0009193603099788561
1790,0.43701171875,-6.305236207045368,0.30639392721673425,-0.05810882463424605,-0.000916558661003819
1791,0.43725585937500006,-6.277696632782209,0.30502940849803967,-0.05788081106516074,-0.0009137570119719385
1792,0.4375,-6.250157058519056,0.30366488977934536,-0.057652797496075436,-0.0009109553629969014
1793,0.437744140625,-6.222617484255904,0.3023003710606511,-0.05742478392699013,-0.0009081537140218643
1794,0.43798828125,-6.195077909992753,0.3009358523419569,-0.057196770357904825,-0.0009053520649899838
1795,0.438232421875,-6.1675383357296,0.29957133362326266,-0.05696875678881952,-0.0009025504160149467
1796,0.43847656250000006,-6.13999876146644,0.298206814904568,-0.05674074321967737,-0.0008997487669830662
1797,0.438720703125,-6.112459187203289,0.2968422961858738,-0.056512729650592064,-0.0008969471180080291
1798,0.43896484375,-6.084919612940137,0.2954777774671795,-0.05628471608150676,-0.000894145469032992
1799,0.439208984375,-6.0573800386769845,0.29411325874848526,-0.05605670251242145,-0.0008913438200011115
1800,0.439453125,-6.029840464413833,0.292748740029791,-0.05582868894333615,-0.0008885421710260744
1801,0.43969726562500006,-6.002300890150672,0.2913842213110964,-0.05560067537425084,-0.0008857405219941938
1802,0.43994140625,-5.9747613158875215,0.29001970259240223,-0.055372661805165535,-0.0008829388730191567
1803,0.440185546875,-5.947221741624369,0.2886551838737079,-0.05514464823608023,-0.0008801372240441196
1804,0.4404296875,-5.919682167361217,0.28729066515501367,-0.05491663466699492,-0.0008773355750122391
1805,0.440673828125,-5.892320442060131,0.2859365358061935,-0.054688796325706335,-0.0008744969950953418
1806,0.44091796875000006,-5.8656701126073045,0.2846239639368693,-0.054461658895945675,-0.0008715106914678472
1807,0.441162109375,-5.8390197831544866,0.28331139206754546,-0.05423452146612817,-0.0008685243877835092
1808,0.44140625,-5.812369453701668,0.2819988201982216,-0.05400738403631067,-0.0008655380841560145
1809,0.441650390625,-5.785719124248849,0.28068624832889777,-0.05378024660655001,-0.0008625517804716765
1810,0.44189453125,-5.75906879479603,0.27937367645957395,-0.053553109176732505,-0.0008595654768441818
1811,0.44213867187500006,-5.732418465343203,0.27806110459024974,-0.053325971746915,-0.0008565791731598438
1812,0.4423828125,-5.705768135890385,0.27674853272092587,-0.05309883431715434,-0.0008535928695323491
1813,0.442626953125,-5.679117806437565,0.27543596085160205,-0.05287169688733684,-0.0008506065658480111
1814,0.44287109375,-5.652467476984747,0.27412338898227817,-0.052644559457519335,-0.0008476202622205165
1815,0.443115234375,-5.6258171475319285,0.2728108171129544,-0.052417422027758676,-0.0008446339585361784
1816,0.44335937500000006,-5.599166818079102,0.27149824524363014,-0.05219028459794117,-0.0008416476549086838
1817,0.443603515625,-5.572516488626283,0.2701856733743063,-0.05196314716812367,-0.0008386613512243457
1818,0.44384765625,-5.545866159173464,0.2688731015049825,-0.051736009738306166,-0.0008356750475968511
1819,0.444091796875,-5.519215829720646,0.26756052963565863,-0.051508872308545506,-0.000832688743912513
1820,0.4443359375,-5.492565500267826,0.2662479577663348,-0.051281734878728,-0.0008297024402850184
1821,0.44458007812500006,-5.465915170814999,0.2649353858970106,-0.0510545974489105,-0.0008267161366006803
1822,0.44482421875,-5.439264841362181,0.2636228140276867,-0.05082746001914984,-0.0008237298329731857
1823,0.445068359375,-5.4126145119093625,0.2623102421583629,-0.050600322589332336,-0.0008207435292888476
1824,0.4453125,-5.385964182456544,0.26099767028903903,-0.05037318515951483,-0.000817757225661353
1825,0.445556640625,-5.359313853003725,0.2596850984197152,-0.05014604772975417,-0.000814770921977015
1826,0.44580078125000006,-5.332663523550898,0.25837252655039106,-0.04991891029993667,-0.0008117846183495203
1827,0.446044921875,-5.306013194098081,0.2570599546810672,-0.049691772870119166,-0.0008087983146651823
1828,0.4462890625,-5.279362864645262,0.25574738281174336,-0.04946463544030166,-0.0008058120110376876
1829,0.446533203125,-5.252712535192442,0.25443481094241954,-0.049237498010541,-0.0008028257073533496
1830,0.44677734375,-5.226062205739624,0.25312223907309567,-0.0490103605807235,-0.0007998394037258549
1831,0.44702148437500006,-5.199889686780894,0.2518376896630298,-0.048783684785291825,-0.0007967576331679993
1832,0.447265625,-5.17403570815157,0.2505718218924698,-0.048557316746155266,-0.000793612217989903
1833,0.447509765625,-5.1481817295222445,0.24930595412190987,-0.04833094870696186,-0.0007904668028118067
1834,0.44775390625,-5.1223277508929215,0.24804008635134991,-0.0481045806678253,-0.0007873213876337104
1835,0.447998046875,-5.0964737722635975,0.24677421858078996,-0.0478782126286319,-0.0007841759724556141
1836,0.44824218750000006,-5.070619793634266,0.24550835081022965,-0.0476518445894385,-0.0007810305572775178
1837,0.448486328125,-5.044765815004942,0.24424248303966967,-0.04742547655030194,-0.0007778851420994215
1838,0.44873046875,-5.018911836375618,0.24297661526910969,-0.047199108511108534,-0.0007747397269781686
1839,0.448974609375,-4.993057857746293,0.24171074749854976,-0.046972740471971974,-0.0007715943118000723
1840,0.44921875,-4.96720387911697,0.2404448797279898,-0.04674637243277857,-0.000768448896621976
1841,0.44946289062500006,-4.941349900487637,0.23917901195742947,-0.04652000439364201,-0.0007653034814438797
1842,0.44970703125,-4.915495921858314,0.2379131441868695,-0.04629363635444861,-0.0007621580662657834
1843,0.449951171875,-4.889641943228989,0.23664727641630956,-0.046067268315255205,-0.0007590126510876871
1844,0.4501953125,-4.8637879645996644,0.23538140864574958,-0.045840900276118646,-0.0007558672359095908
1845,0.450439453125,-4.837933985970341,0.23411554087518963,-0.04561453223692524,-0.0007527218207883379
1846,0.45068359375000006,-4.81208000734101,0.23284967310462928,-0.04538816419778868,-0.0007495764056102416
1847,0.450927734375,-4.786226028711685,0.23158380533406936,-0.04516179615859528,-0.0007464309904321453
1848,0.451171875,-4.760372050082361,0.2303179375635094,-0.04493542811945872,-0.000743285575254049
1849,0.451416015625,-4.734518071453038,0.2290520697929494,-0.04470906008026532,-0.0007401401600759527
1850,0.45166015625,-4.708664092823712,0.22778620202238944,-0.044482692041071914,-0.0007369947448978564
1851,0.45190429687500006,-4.682810114194382,0.22652033425182913,-0.044256324001935354,-0.0007338493297197601
1852,0.4521484375,-4.656956135565057,0.22525446648126918,-0.04402995596274195,-0.0007307039145416638
1853,0.452392578125,-4.631102156935732,0.22398859871070925,-0.04380358792360539,-0.000727558499420411
1854,0.45263671875,-4.605248178306409,0.22272273094014922,-0.04357721988441199,-0.0007244130842423147
1855,0.452880859375,-4.579394199677084,0.2214568631695893,-0.04335085184527543,-0.0007212676690642184
1856,0.45312500000000006,-4.553540221047753,0.220190995399029,-0.043124483806082026,-0.000718122253886122
1857,0.453369140625,-4.528389174582992,0.2189661899450185,-0.042898781924122886,-0.0007148412280457705
1858,0.45361328125,-4.503238128118231,0.21774138449100805,-0.04267308004222059,-0.000711560202205419
1859,0.453857421875,-4.478087081653469,0.21651657903699753,-0.04244737816026145,-0.0007082791763650675
1860,0.4541015625,-4.452936035188708,0.21529177358298704,-0.04222167627830231,-0.0007049981505815595
1861,0.45434570312500006,-4.427784988723941,0.2140669681289762,-0.04199597439634317,-0.000701717124741208
1862,0.45458984375,-4.40263394225918,0.21284216267496572,-0.041770272514440876,-0.0006984360989008565
1863,0.454833984375,-4.377482895794418,0.21161735722095523,-0.04154457063248174,-0.000695155073060505
1864,0.455078125,-4.352331849329657,0.21039255176694477,-0.0413188687505226,-0.0006918740472201534
1865,0.455322265625,-4.327180802864896,0.20916774631293425,-0.04109316686856346,-0.0006885930213798019
1866,0.45556640625000006,-4.3020297564001275,0.20794294085892343,-0.04086746498666116,-0.0006853119955962939
1867,0.455810546875,-4.2768787099353665,0.20671813540491293,-0.04064176310470202,-0.0006820309697559424
1868,0.4560546875,-4.2517276634706045,0.20549332995090247,-0.04041606122274288,-0.0006787499439155908
1869,0.456298828125,-4.226576617005844,0.20426852449689198,-0.04019035934078374,-0.0006754689180752393
1870,0.45654296875,-4.201425570541083,0.2030437190428815,-0.03996465745888145,-0.0006721878922348878
1871,0.45678710937500006,-4.176274524076315,0.20181891358887064,-0.03973895557692231,-0.0006689068663945363
1872,0.45703125,-4.151123477611554,0.20059410813486017,-0.03951325369496317,-0.0006656258406110283
1873,0.457275390625,-4.125972431146793,0.19936930268084968,-0.03928755181306087,-0.0006623448147706767
1874,0.45751953125,-4.100821384682031,0.1981444972268392,-0.03906184993110173,-0.0006590637889303252
1875,0.457763671875,-4.07567033821727,0.1969196917728287,-0.038836148049142594,-0.0006557827630899737
1876,0.45800781250000006,-4.050519291752502,0.19569488631881787,-0.038610446167183454,-0.0006525017372496222
1877,0.458251953125,-4.025368245287741,0.19447008086480735,-0.03838474428528116,-0.0006492207114092707
1878,0.45849609375,-4.0002171988229795,0.19324527541079686,-0.03815904240332202,-0.0006459396856257626
1879,0.458740234375,-3.9750661523582185,0.1920204699567864,-0.03793334052136288,-0.0006426586597854111
1880,0.458984375,-3.949915105893457,0.1907956645027759,-0.03770763863940374,-0.0006393776339450596
1881,0.45922851562500006,-3.9247640594286892,0.18957085904876508,-0.037481936757501444,-0.0006360966081047081
1882,0.45947265625,-3.89985669412215,0.18836015704190362,-0.03725646159216467,-0.0006327700148744952
1883,0.459716796875,-3.8753148505529453,0.18717061020576575,-0.037031326501676176,-0.0006293750706163337
1884,0.4599609375,-3.850773006983741,0.18598106336962786,-0.03680619141124453,-0.0006259801263581721
1885,0.460205078125,-3.826231163414536,0.18479151653348996,-0.03658105632081288,-0.0006225851820431672
1886,0.46044921875000006,-3.8016893198453245,0.18360196969735174,-0.03635592123038123,-0.0006191902377850056
1887,0.460693359375,-3.7771474762761206,0.18241242286121384,-0.03613078613994958,-0.0006157952934700006
1888,0.4609375,-3.7526056327069157,0.18122287602507597,-0.03590565104951793,-0.0006124003492118391
1889,0.461181640625,-3.728063789137711,0.1800333291889381,-0.03568051595908628,-0.0006090054049536775
1890,0.46142578125,-3.7035219455685064,0.1788437823528002,-0.03545538086865463,-0.0006056104606386725
1891,0.46166992187500006,-3.6789801019992945,0.17765423551666198,-0.03523024577822298,-0.000602215516380511
1892,0.4619140625,-3.6544382584300896,0.1764646886805241,-0.03500511068779133,-0.000598820572065506
1893,0.462158203125,-3.6298964148608857,0.17527514184438622,-0.03477997559735968,-0.0005954256278073444
1894,0.46240234375,-3.6053545712916804,0.17408559500824833,-0.03455484050687119,-0.0005920306835491829
1895,0.462646484375,-3.580812727722476,0.17289604817211043,-0.03432970541643954,-0.0005886357392341779
1896,0.46289062500000006,-3.556270884153264,0.1717065013359722,-0.03410457032600789,-0.0005852407949760163
1897,0.463134765625,-3.53172904058406,0.1705169544998343,-0.03387943523557624,-0.0005818458506610114
1898,0.46337890625,-3.507187197014855,0.16932740766369644,-0.03365430014514459,-0.0005784509064028498
1899,0.463623046875,-3.4826453534456503,0.16813786082755855,-0.03342916505471294,-0.0005750559621446882
1900,0.4638671875,-3.458103509876446,0.16694831399142065,-0.03320402996428129,-0.0005716610178296833
1901,0.46411132812500006,-3.433561666307234,0.16575876715528243,-0.03297889487384964,-0.0005682660735715217
1902,0.46435546875,-3.4090198227380295,0.16456922031914453,-0.03275375978341799,-0.0005648711292565167
1903,0.464599609375,-3.384477979168825,0.1633796734830067,-0.03252862469298634,-0.0005614761849983552
1904,0.46484375,-3.35993613559962,0.1621901266468688,-0.03230348960249785,-0.0005580812406833502
1905,0.465087890625,-3.335394292030416,0.16100057981073088,-0.0320783545120662,-0.0005546862964251886
1906,0.46533203125000006,-3.310852448461204,0.15981103297459268,-0.03185321942163455,-0.0005512913521670271
1907,0.465576171875,-3.2863106048919994,0.15862148613845478,-0.0316280843312029,-0.0005478964078520221
1908,0.4658203125,-3.2621810204565858,0.15745550691823534,-0.03140332632739273,-0.0005444264301672774
1909,0.466064453125,-3.2381545008046198,0.15629541960199553,-0.031178662595209516,-0.0005409376941543087
1910,0.46630859375,-3.2141279811526533,0.1551353322857557,-0.030953998863083143,-0.00053744895814134
1911,0.46655273437500006,-3.190101461500681,0.15397524496951553,-0.030729335130899926,-0.0005339602221283712
1912,0.466796875,-3.1660749418487146,0.15281515765327572,-0.03050467139871671,-0.0005304714861154025
1913,0.467041015625,-3.1420484221967486,0.1516550703370359,-0.030280007666533493,-0.0005269827500455904
1914,0.46728515625,-3.118021902544782,0.15049498302079609,-0.03005534393440712,-0.0005234940140326216
1915,0.467529296875,-3.0939953828928166,0.14933489570455624,-0.029830680202223903,-0.0005200052780196529
1916,0.46777343750000006,-3.0699688632408435,0.1481748083883161,-0.029606016470040686,-0.0005165165420066842
1917,0.468017578125,-3.0459423435888775,0.14701472107207628,-0.02938135273785747,-0.0005130278059937154
1918,0.46826171875,-3.0219158239369115,0.1458546337558365,-0.029156689005731096,-0.0005095390699239033
1919,0.468505859375,-2.9978893042849455,0.14469454643959662,-0.02893202527354788,-0.0005060503339109346
1920,0.46875,-2.9738627846329795,0.1435344591233568,-0.028707361541364662,-0.0005025615978979658
1921,0.46899414062500006,-2.949836264981007,0.14237437180711668,-0.028482697809181445,-0.0004990728618849971
1922,0.46923828125,-2.9258097453290404,0.14121428449087686,-0.02825803407699823,-0.0004955841258720284
1923,0.469482421875,-2.9017832256770744,0.140054197174637,-0.028033370344871855,-0.0004920953898022162
1924,0.4697265625,-2.877756706025108,0.13889410985839717,-0.02780870661268864,-0.0004886066537892475
1925,0.469970703125,-2.8537301863731424,0.13773402254215739,-0.02758404288050542,-0.0004851179177762788
1926,0.47021484375000006,-2.8297036667211692,0.13657393522591724,-0.027359379148322205,-0.00048162918176331004
1927,0.470458984375,-2.8056771470692032,0.1354138479096774,-0.02713471541619583,-0.0004781404457503413
1928,0.470703125,-2.7816506274172377,0.13425376059343758,-0.026910051684012615,-0.00047465170968052917
1929,0.470947265625,-2.7576241077652712,0.13309367327719776,-0.026685387951829398,-0.00047116297366756044
1930,0.47119140625,-2.7335975881133057,0.13193358596095794,-0.026460724219703025,-0.0004676742376545917
1931,0.47143554687500006,-2.709571068461332,0.1307734986447178,-0.026236060487519808,-0.000464185501641623
1932,0.4716796875,-2.6855445488093665,0.12961341132847795,-0.02601139675533659,-0.00046069676562865425
1933,0.471923828125,-2.661602310668149,0.12845807796000625,-0.02578680895777552,-0.00045719303284386115
1934,0.47216796875,-2.6379971985699258,0.12732176038260704,-0.02556252489864619,-0.00045362931297177056
1935,0.472412109375,-2.6143920864717023,0.1261854428052078,-0.025338240839460013,-0.0004500655931565234
1936,0.47265625000000006,-2.590786974373472,0.12504912522780826,-0.025113956780330682,-0.0004465018733412762
1937,0.472900390625,-2.567181862275249,0.12391280765040903,-0.02488967272120135,-0.00044293815352602905
1938,0.47314453125,-2.5435767501770257,0.12277649007300981,-0.02466538866207202,-0.0004393744337107819
1939,0.473388671875,-2.519971638078803,0.1216401724956106,-0.024441104602942687,-0.0004358107138386913
1940,0.4736328125,-2.4963665259805796,0.12050385491821138,-0.024216820543756512,-0.00043224699402344413
1941,0.47387695312500006,-2.4727614138823495,0.1193675373408118,-0.02399253648462718,-0.00042868327420819696
1942,0.47412109375,-2.4491563017841265,0.11823121976341258,-0.02376825242549785,-0.0004251195543929498
1943,0.474365234375,-2.4255511896859034,0.11709490218601337,-0.023543968366368517,-0.0004215558345777026
1944,0.474609375,-2.4019460775876804,0.11595858460861415,-0.023319684307182342,-0.00041799211476245546
1945,0.474853515625,-2.378340965489457,0.11482226703121493,-0.02309540024805301,-0.00041442839489036487
1946,0.47509765625000006,-2.354735853391227,0.11368594945381538,-0.02287111618892368,-0.0004108646750751177
1947,0.475341796875,-2.3311307412930034,0.11254963187641616,-0.022646832129794348,-0.00040730095525987053
1948,0.4755859375,-2.3075256291947808,0.11141331429901694,-0.022422548070608173,-0.00040373723544462337
1949,0.475830078125,-2.2839205170965577,0.11027699672161771,-0.02219826401147884,-0.0004001735156293762
1950,0.47607421875,-2.260315404998334,0.10914067914421849,-0.02197397995234951,-0.0003966097957572856
1951,0.47631835937500006,-2.236710292900104,0.10800436156681895,-0.021749695893220178,-0.00039304607594203844
1952,0.4765625,-2.2131051808018807,0.10686804398941972,-0.021525411834034003,-0.0003894823561267913
1953,0.476806640625,-2.189500068703658,0.1057317264120205,-0.02130112777490467,-0.0003859186363115441
1954,0.47705078125,-2.165894956605435,0.10459540883462129,-0.02107684371577534,-0.00038235491649629694
1955,0.477294921875,-2.142289844507211,0.10345909125722205,-0.020852559656646008,-0.00037879119662420635
1956,0.47753906250000006,-2.1186847324089815,0.1023227736798225,-0.020628275597516676,-0.0003752274768089592
1957,0.477783203125,-2.0950796203107585,0.10118645610242327,-0.0204039915383305,-0.000371663756993712
1958,0.47802734375,-2.071474508212535,0.10005013852502406,-0.02017970747920117,-0.00036810003717846485
1959,0.478271484375,-2.0480659099983525,0.09892476580217276,-0.019955598224271398,-0.000364501968363129
1960,0.478515625,-2.0247883210401967,0.09780668964902009,-0.01973160550551256,-0.00036088100017650504
1961,0.47875976562500006,-2.0015107320820342,0.09668861349586709,-0.019507612786753725,-0.0003572600320467245
1962,0.47900390625,-1.9782331431238789,0.09557053734271442,-0.01928362006799489,-0.000353639063916944
1963,0.479248046875,-1.9549555541657229,0.09445246118956174,-0.019059627349236052,-0.00035001809573032006
1964,0.4794921875,-1.9316779652075673,0.09333438503640908,-0.018835634630420373,-0.00034639712760053953
1965,0.479736328125,-1.9084003762494115,0.0922163088832564,-0.018611641911661536,-0.0003427761594139156
1966,0.47998046875000006,-1.8851227872912495,0.09109823273010341,-0.0183876491929027,-0.00033915519128413507
1967,0.480224609375,-1.8618451983330937,0.08998015657695073,-0.018163656474143863,-0.00033553422315435455
1968,0.48046875,-1.8385676093749381,0.08886208042379806,-0.017939663755385027,-0.0003319132549677306
1969,0.480712890625,-1.815290020416782,0.08774400427064538,-0.01771567103662619,-0.0003282922868379501
1970,0.48095703125,-1.792012431458626,0.0866259281174927,-0.01749167831781051,-0.00032467131865132615
1971,0.48120117187500006,-1.768734842500464,0.0855078519643397,-0.017267685599051674,-0.0003210503505215456
1972,0.4814453125,-1.7454572535423083,0.08438977581118703,-0.017043692880292838,-0.0003174293823917651
1973,0.481689453125,-1.7221796645841527,0.08327169965803435,-0.016819700161534,-0.00031380841420514116
1974,0.48193359375,-1.698902075625997,0.08215362350488167,-0.016595707442775165,-0.00031018744607536064
1975,0.482177734375,-1.6756244866678411,0.081035547351729,-0.01637171472401633,-0.0003065664779455801
1976,0.48242187500000006,-1.652346897709679,0.07991747119857602,-0.01614772200520065,-0.0003029455097589562
1977,0.482666015625,-1.6290693087515233,0.07879939504542335,-0.015923729286441812,-0.00029932454162917566
1978,0.48291015625,-1.6057917197933675,0.07768131889227067,-0.015699736567682976,-0.0002957035734425517
1979,0.483154296875,-1.582514130835212,0.07656324273911799,-0.01547574384892414,-0.0002920826053127712
1980,0.4833984375,-1.5592365418770562,0.07544516658596533,-0.015251751130165303,-0.00028846163718299067
1981,0.48364257812500006,-1.5359589529188937,0.07432709043281233,-0.015027758411406467,-0.00028484066899636673
1982,0.48388671875,-1.512681363960738,0.07320901427965965,-0.014803765692590787,-0.0002812197008665862
1983,0.484130859375,-1.4894037750025821,0.07209093812650696,-0.01457977297383195,-0.00027759873267996227
1984,0.484375,-1.4661261860444266,0.0709728619733543,-0.014355780255073114,-0.00027397776455018175
1985,0.484619140625,-1.4430823005960636,0.0698676693911511,-0.01413199332887416,-0.00027031645470287913
1986,0.48486328125000006,-1.420038415147694,0.06876247680894759,-0.013908206402732048,-0.0002666551448555765
1987,0.485107421875,-1.3969945296993307,0.06765728422674441,-0.013684419476533094,-0.0002629938350651173
1988,0.4853515625,-1.3739506442509675,0.06655209164454122,-0.01346063255033414,-0.0002593325252178147
1989,0.485595703125,-1.3509067588026045,0.06544689906233801,-0.013236845624192028,-0.00025567121537051207
1990,0.48583984375,-1.3278628733542415,0.06434170648013482,-0.013013058697993074,-0.00025200990552320945
1991,0.48608398437500006,-1.3048189879058718,0.06323651389793132,-0.01278927177179412,-0.00024834859567590684
1992,0.486328125,-1.2817751024575086,0.06213132131572813,-0.012565484845595165,-0.0002446872858286042
1993,0.486572265625,-1.2587312170091454,0.06102612873352493,-0.012341697919453054,-0.00024102597603814502
1994,0.48681640625,-1.2356873315607824,0.059920936151321734,-0.0121179109932541,-0.0002373646661908424
1995,0.487060546875,-1.2126434461124191,0.05881574356911855,-0.011894124067055145,-0.00023370335634353978
1996,0.48730468750000006,-1.1895995606640497,0.057710550986915035,-0.011670337140913034,-0.00023004204649623716
1997,0.487548828125,-1.1665556752156867,0.056605358404711856,-0.01144655021471408,-0.00022638073664893454
1998,0.48779296875,-1.1435117897673235,0.05550016582250866,-0.011222763288515125,-0.00022271942680163193
1999,0.488037109375,-1.1204679043189603,0.05439497324030546,-0.010998976362373014,-0.00021905811701117273
2000,0.48828125,-1.097424018870597,0.05328978065810227,-0.01077518943617406,-0.0002153968071638701
2001,0.48852539062500006,-1.0743801334222276,0.05218458807589876,-0.010551402509975105,-0.0002117354973165675
2002,0.48876953125,-1.0513362479738644,0.05107939549369557,-0.010327615583832994,-0.00020807418746926487
2003,0.489013671875,-1.0282923625255014,0.049974202911492384,-0.01010382865763404,-0.00020441287762196225
2004,0.4892578125,-1.0052484770771384,0.04886901032928919,-0.009880041731435085,-0.00020075156777465963
2005,0.489501953125,-0.9822045916287752,0.04776381774708599,-0.009656254805292974,-0.00019709025798420043
2006,0.48974609375000006,-0.9591607061804054,0.04665862516488249,-0.00943246787909402,-0.00019342894813689782
2007,0.489990234375,-0.9361168207320424,0.04555343258267929,-0.009208680952895065,-0.0001897676382895952
2008,0.490234375,-0.9130729352836794,0.0444482400004761,-0.00898489402669611,-0.00018610632844229258
2009,0.490478515625,-0.8900290498353162,0.043343047418272905,-0.008761107100554,-0.00018244501859498996
2010,0.49072265625,-0.8670411452899919,0.04224092346966475,-0.008537369105567905,-0.00017877409925404208
2011,0.49096679687500006,-0.8441372120992193,0.04114340247144887,-0.008313704507315833,-0.00017508876572946974
2012,0.4912109375,-0.8212332789084531,0.04004588147323329,-0.008090039909120605,-0.00017140343214805398
2013,0.491455078125,-0.7983293457176871,0.03894836047501771,-0.007866375310925378,-0.00016771809856663822
2014,0.49169921875,-0.775425412526921,0.03785083947680213,-0.007642710712673306,-0.00016403276498522246
2015,0.491943359375,-0.7525214793361549,0.03675331847858655,-0.007419046114478078,-0.0001603474314038067
2016,0.49218750000000006,-0.7296175461453822,0.03565579748037066,-0.007195381516226007,-0.00015666209782239093
2017,0.492431640625,-0.7067136129546161,0.034558276482155086,-0.006971716918030779,-0.00015297676424097517
2018,0.49267578125,-0.6838096797638499,0.03346075548393951,-0.006748052319835551,-0.00014929143071640283
2019,0.492919921875,-0.6609057465730839,0.03236323448572393,-0.00652438772158348,-0.00014560609713498707
2020,0.4931640625,-0.6380018133823178,0.031265713487508354,-0.006300723123388252,-0.0001419207635535713
2021,0.49340820312500006,-0.6150978801915452,0.030168192489292464,-0.006077058525193024,-0.00013823542997215554
2022,0.49365234375,-0.5921939470007791,0.02907067149107688,-0.005853393926940953,-0.00013455009639073978
2023,0.493896484375,-0.569290013810013,0.027973150492861306,-0.005629729328745725,-0.00013086476280932402
2024,0.494140625,-0.5463860806192469,0.026875629494645725,-0.005406064730550497,-0.00012717942922790826
2025,0.494384765625,-0.5234821474284808,0.025778108496430148,-0.005182400132298426,-0.0001234940956464925
2026,0.49462890625000006,-0.5005782142377081,0.024680587498214262,-0.004958735534103198,-0.00011980876212192015
2027,0.494873046875,-0.477674281046942,0.02358306649999868,-0.00473507093590797,-0.00011612342854050439
2028,0.4951171875,-0.4547703478561758,0.022485545501783104,-0.004511406337655899,-0.00011243809495908863
2029,0.495361328125,-0.43186641466540976,0.021388024503567523,-0.004287741739460671,-0.00010875276137767287
2030,0.49560546875,-0.40896248147464365,0.020290503505351946,-0.0040640771412086,-0.00010506742779625711
2031,0.49584960937500006,-0.386058548283871,0.019192982507136056,-0.0038404125430133718,-0.00010138209421484135
2032,0.49609375,-0.36315461509310487,0.01809546150892048,-0.003616747944818144,-9.769676063342558e-05
2033,0.496337890625,-0.3402506819023388,0.016997940510704898,-0.0033930833465660726,-9.401142710885324e-05
2034,0.49658203125,-0.31734674871157265,0.01590041951248932,-0.0031694187483708447,-9.032609352743748e-05
2035,0.496826171875,-0.29444281552080653,0.014802898514273743,-0.002945754150175617,-8.664075994602172e-05
2036,0.49707031250000006,-0.27157588363282154,0.013707423011958566,-0.0027221216714110597,-8.294898015037688e-05
2037,0.497314453125,-0.24871820207053996,0.012612458883618878,-0.002498497222518381,-7.925558890065076e-05
2038,0.49755859375,-0.22586052050825844,0.011517494755279188,-0.002274872773568859,-7.556219759408123e-05
2039,0.497802734375,-0.2030028389459769,0.010422530626939498,-0.0020512483246761803,-7.186880628751169e-05
2040,0.498046875,-0.18014515738369538,0.00932756649859981,-0.0018276238757835017,-6.817541498094215e-05
2041,0.49829101562500006,-0.15728747582140734,0.00823260237025981,-0.001603999426890823,-6.448202367437261e-05
2042,0.49853515625,-0.1344297942591258,0.00713763824192012,-0.0013803749779981445,-6.0788632367803075e-05
2043,0.498779296875,-0.11157211269684425,0.00604267411358043,-0.0011567505291054658,-5.709524106123354e-05
2044,0.4990234375,-0.0887144311345627,0.004947709985240742,-0.0009331260802127872,-5.3401849754664e-05
2045,0.499267578125,-0.06585674957228116,0.0038527458569010517,-0.0007095016312632652,-4.970845844809446e-05
2046,0.49951171875000006,-0.04299906800999313,0.002757781728561052,-0.0004858771823705865,-4.6015067141524923e-05
2047,0.499755859375,-0.020141386447711587,0.0016628176002213633,-0.0002622527334779079,-4.2321675834955386e-05
2048,0.5,0.002716295114569951,0.0005678534718816731,-3.862828458522927e-05,-3.862828452838585e-05
2049,0.500244140625,0.025573976676851493,-0.0005271106564580157,0.00018499616430744936,-3.493489327865973e-05
2050,0.50048828125,0.048431658239133035,-0.0016220747847977045,0.000408620613200128,-3.124150197209019e-05
2051,0.500732421875,0.07128933980142106,-0.002717038913137706,0.0006322450620928066,-2.7548110665520653e-05
2052,0.5009765625,0.09414702136370261,-0.0038120030414773944,0.0008558695110423287,-2.3854719358951115e-05
2053,0.501220703125,0.11700470292598415,-0.004906967169817083,0.0010794939599350073,-2.0161328052381577e-05
2054,0.50146484375,0.13986238448826568,-0.006001931298156772,0.001303118408827686,-1.646793674581204e-05
2055,0.501708984375,0.16272006605054723,-0.007096895426496461,0.0015267428577203646,-1.2774545439242502e-05
2056,0.501953125,0.18557774761283527,-0.008191859554836462,0.0017503673066130432,-9.081154132672964e-06
2057,0.502197265625,0.20843542917511676,-0.009286823683176152,0.001973991755505722,-5.387762826103426e-06
2058,0.50244140625,0.23129311073739836,-0.010381787811515839,0.0021976162043984004,-1.6943715195338882e-06
2059,0.502685546875,0.25415079229967985,-0.011476751939855529,0.0024212406533479225,1.9990197870356496e-06
2060,0.5029296875,0.2770084738619614,-0.012571716068195219,0.002644865102240601,5.692411036761769e-06
2061,0.503173828125,0.2998756412522437,-0.013667184914415499,0.002868497870736064,9.384244208376913e-06
2062,0.50341796875,0.32278075195449624,-0.01476467263215657,0.0030921639175289783,1.3069844669644226e-05
2063,0.503662109375,0.34568586265674883,-0.01586216034989764,0.003315829964378736,1.675544507406812e-05
2064,0.50390625,0.36859097335900143,-0.016959648067638708,0.0035394960112284934,2.0441045535335434e-05
2065,0.504150390625,0.391496084061254,-0.018057135785379777,0.0037631620580214076,2.4126645996602747e-05
2066,0.50439453125,0.41440119476351317,-0.019154623503121162,0.003986828104871165,2.781224645787006e-05
2067,0.504638671875,0.4373063054657657,-0.02025211122086223,0.004210494151720923,3.1497846862293954e-05
2068,0.5048828125,0.4602114161680183,-0.021349598938603304,0.00443416019857068,3.518344732356127e-05
2069,0.505126953125,0.48311652687027085,-0.022447086656344373,0.004657826245363594,3.886904778482858e-05
2070,0.50537109375,0.5060216375725234,-0.023544574374085442,0.004881492292213352,4.2554648189252475e-05
2071,0.505615234375,0.5289267482747826,-0.024642062091826823,0.0051051583390631095,4.624024865051979e-05
2072,0.505859375,0.5518318589770351,-0.025739549809567896,0.005328824385912867,4.99258491117871e-05
2073,0.506103515625,0.5747369696792877,-0.026837037527308965,0.005552490432705781,5.3611449573054415e-05
2074,0.50634765625,0.5976420803815403,-0.027934525245050038,0.005776156479555539,5.729704997747831e-05
2075,0.506591796875,0.620547191083793,-0.029032012962791107,0.005999822526405296,6.098265043874562e-05
2076,0.5068359375,0.643452301786052,-0.030129500680532485,0.006223488573255054,6.466825090001294e-05
2077,0.507080078125,0.6663574124883046,-0.031226988398273554,0.006447154620047968,6.835385136128025e-05
2078,0.50732421875,0.6892625231905571,-0.032324476116014626,0.0066708206668977255,7.203945176570414e-05
2079,0.507568359375,0.7121676338928097,-0.033421963833755695,0.006894486713747483,7.572505222697146e-05
2080,0.5078125,0.7350727445950622,-0.03451945155149677,0.007118152760540397,7.941065268823877e-05
2081,0.508056640625,0.7579778552973214,-0.035616939269238146,0.007341818807390155,8.309625314950608e-05
2082,0.50830078125,0.7808829659995741,-0.036714426986979215,0.007565484854239912,8.67818536107734e-05
2083,0.508544921875,0.8037880767018266,-0.037811914704720284,0.00778915090108967,9.046745401519729e-05
2084,0.5087890625,0.8266931874040792,-0.03890940242246135,0.008012816947882584,9.41530544764646e-05
2085,0.509033203125,0.8495982981063317,-0.04000689014020243,0.008236482994732341,9.783865493773192e-05
2086,0.50927734375,0.8725034088085909,-0.041104377857943804,0.008460149041582099,0.00010152425539899923
2087,0.509521484375,0.895493194605269,-0.042206448148811776,0.008683889360725061,0.0001051956023729872
2088,0.509765625,0.9185394304648977,-0.04331157348843102,0.008907679194749107,0.0001088574471168613
2089,0.510009765625,0.9415856663245264,-0.04441669882805025,0.00913146902871631,0.00011251929186073539
2090,0.51025390625,0.9646319021841551,-0.04552182416766949,0.009355258862740357,0.00011618113654776607
2091,0.510498046875,0.9876781380437905,-0.04662694950728904,0.009579048696764403,0.00011984298129164017
2092,0.5107421875,1.010724373903419,-0.04773207484690828,0.00980283853078845,0.00012350482603551427
2093,0.510986328125,1.033770609763048,-0.048837200186527506,0.010026628364755652,0.00012716667072254495
2094,0.51123046875,1.0568168456226765,-0.04994232552614675,0.010250418198779698,0.00013082851546641905
2095,0.511474609375,1.0798630814823051,-0.05104745086576599,0.010474208032803745,0.00013449036021029315
2096,0.51171875,1.1029093173419404,-0.052152576205385534,0.01069799786682779,0.00013815220489732383
2097,0.511962890625,1.1259555532015693,-0.05325770154500477,0.010921787700851837,0.00014181404964119793
2098,0.51220703125,1.1490017890611979,-0.054362826884624,0.01114557753481904,0.00014547589438507202
2099,0.512451171875,1.1720480249208267,-0.05546795222424324,0.011369367368843086,0.0001491377390721027
2100,0.5126953125,1.1950942607804553,-0.056573077563862484,0.011593157202867133,0.0001527995838159768
2101,0.512939453125,1.2181404966400908,-0.05767820290348202,0.011816947036891179,0.0001564614285598509
2102,0.51318359375,1.2411867324997194,-0.05878332824310127,0.012040736870858382,0.00016012327324688158
2103,0.513427734375,1.264232968359348,-0.059888453582720505,0.012264526704882428,0.00016378511799075568
2104,0.513671875,1.287279204218977,-0.06099357892233974,0.012488316538906474,0.00016744696273462978
2105,0.513916015625,1.3103254400786055,-0.06209870426195897,0.01271210637293052,0.00017110880742166046
2106,0.51416015625,1.333371675938241,-0.06320382960157853,0.012935896206897723,0.00017477065216553456
2107,0.514404296875,1.3564179117978694,-0.06430895494119776,0.01315968604092177,0.00017843249690940866
2108,0.5146484375,1.3794641476574983,-0.065414080280817,0.013383475874945816,0.00018209434159643934
2109,0.514892578125,1.4025103835171269,-0.06651920562043623,0.013607265708969862,0.00018575618634031343
2110,0.51513671875,1.4255566193767557,-0.06762433096005548,0.013831055542937065,0.00018941803108418753
2111,0.515380859375,1.4486028552363908,-0.06872945629967502,0.014054845376961111,0.0001930798757712182
2112,0.515625,1.4716490910960196,-0.06983458163929426,0.014278635210985158,0.0001967417205150923
2113,0.515869140625,1.494930194193098,-0.07095255528023348,0.014502632317487496,0.00020036349388874442
2114,0.51611328125,1.5182112972901765,-0.0720705289211727,0.014726629424046678,0.00020398526726239652
2115,0.516357421875,1.5414924003872548,-0.07318850256211193,0.014950626530549016,0.00020760704063604862
2116,0.5166015625,1.5647735034843395,-0.07430647620305146,0.015174623637051354,0.00021122881400970073
2117,0.516845703125,1.5880546065814178,-0.07542444984399069,0.015398620743610536,0.0002148505873265094
2118,0.51708984375,1.6113357096784964,-0.0765424234849299,0.015622617850112874,0.00021847236070016152
2119,0.517333984375,1.6346168127755747,-0.07766039712586911,0.015846614956615213,0.00022209413407381362
2120,0.517578125,1.657897915872653,-0.07877837076680834,0.016070612063174394,0.00022571590744746572
2121,0.517822265625,1.681179018969738,-0.07989634440774789,0.016294609169676733,0.00022933768082111783
2122,0.51806640625,1.7044601220668163,-0.0810143180486871,0.01651860627617907,0.00023295945419476993
2123,0.518310546875,1.7277412251638946,-0.08213229168962631,0.016742603382738253,0.00023658122756842204
2124,0.5185546875,1.7510223282609727,-0.08325026533056554,0.01696660048924059,0.00024020300094207414
2125,0.518798828125,1.7743034313580512,-0.08436823897150476,0.01719059759574293,0.00024382477431572624
2126,0.51904296875,1.7975845344551362,-0.0854862126124443,0.01741459470230211,0.00024744654768937835
2127,0.519287109375,1.8208656375522143,-0.08660418625338352,0.01763859180880445,0.00025106832100618703
2128,0.51953125,1.8441467406492928,-0.08772215989432273,0.017862588915306787,0.00025469009437983914
2129,0.519775390625,1.867427843746371,-0.08884013353526196,0.01808658602186597,0.00025831186775349124
2130,0.52001953125,1.8907089468434495,-0.08995810717620117,0.018310583128368307,0.00026193364112714335
2131,0.520263671875,1.9139900499405345,-0.09107608081714072,0.018534580234870646,0.00026555541450079545
2132,0.5205078125,1.9372711530376132,-0.09219405445807993,0.018758577341429827,0.00026917718787444755
2133,0.520751953125,1.960552256134691,-0.09331202809901915,0.018982574447932166,0.00027279896124809966
2134,0.52099609375,1.9838333592317692,-0.09443000173995837,0.019206571554434504,0.00027642073462175176
2135,0.521240234375,2.0071144623288477,-0.09554797538089758,0.019430568660993686,0.00028004250799540387
2136,0.521484375,2.0303955654259327,-0.09666594902183713,0.019654565767496024,0.00028366428136905597
2137,0.521728515625,2.0536766685230115,-0.09778392266277634,0.019878562873998362,0.00028728605468586466
2138,0.52197265625,2.0770892408831516,-0.09890917803320112,0.020102677120746648,0.00029088503828234025
2139,0.522216796875,2.1006990171378837,-0.10004535599785422,0.02032696707777859,0.00029444983715620765
2140,0.5224609375,2.1243087933926166,-0.10118153396250731,0.02055125703475369,0.00029801463603007505
2141,0.522705078125,2.1479185696473557,-0.10231771192716073,0.02077554699178563,0.00030157943484709904
2142,0.52294921875,2.171528345902088,-0.10345388989181384,0.020999836948817574,0.00030514423372096644
2143,0.523193359375,2.195138122156821,-0.10459006785646693,0.021224126905849516,0.00030870903259483384
2144,0.5234375,2.2187478984115536,-0.10572624582112003,0.02144841686288146,0.00031227383146870125
2145,0.523681640625,2.242357674666286,-0.10686242378577313,0.021672706819856558,0.00031583863034256865
2146,0.52392578125,2.2659674509210257,-0.10799860175042653,0.0218969967768885,0.00031940342915959263
2147,0.524169921875,2.289577227175758,-0.10913477971507962,0.022121286733920442,0.00032296822803346004
2148,0.5244140625,2.31318700343049,-0.11027095767973272,0.022345576690952385,0.00032653302690732744
2149,0.524658203125,2.336796779685223,-0.11140713564438584,0.022569866647927483,0.00033009782578119484
2150,0.52490234375,2.360406555939956,-0.11254331360903891,0.022794156604959426,0.00033366262465506225
2151,0.525146484375,2.3840163321946948,-0.11367949157369234,0.023018446561991368,0.00033722742347208623
2152,0.525390625,2.4076261084494277,-0.11481566953834542,0.02324273651902331,0.00034079222234595363
2153,0.525634765625,2.43123588470416,-0.11595184750299853,0.023467026476055253,0.00034435702121982104
2154,0.52587890625,2.454845660958893,-0.11708802546765162,0.02369131643303035,0.00034792182009368844
2155,0.526123046875,2.4784554372136256,-0.11822420343230473,0.023915606390062294,0.00035148661896755584
2156,0.5263671875,2.5020652134683647,-0.11936038139695813,0.024139896347094236,0.0003550514177845798
2157,0.526611328125,2.5256749897230972,-0.12049655936161124,0.02436418630412618,0.00035861621665844723
2158,0.52685546875,2.5492847659778297,-0.12163273732626433,0.02458847626115812,0.00036218101553231463
2159,0.527099609375,2.5728945422325626,-0.12276891529091744,0.02481276621813322,0.00036574581440618203
2160,0.52734375,2.5965043184872956,-0.12390509325557053,0.025037056175165162,0.00036931061328004944
2161,0.527587890625,2.6201140947420347,-0.12504127122022396,0.025261346132197104,0.0003728754120970734
2162,0.52783203125,2.643723870996767,-0.12617744918487706,0.025485636089229047,0.0003764402109709408
2163,0.528076171875,2.6673336472514997,-0.12731362714953015,0.02570992604626099,0.00038000500984480823
2164,0.5283203125,2.6912814550251225,-0.12846878948367638,0.025934520980740672,0.0003835100445144235
2165,0.528564453125,2.7153137706784674,-0.1296286979101959,0.026159192159639133,0.0003870001381756083
2166,0.52880859375,2.7393460863318193,-0.1307886063367157,0.02638386333848075,0.0003904902317799497
2167,0.529052734375,2.7633784019851646,-0.13194851476323521,0.026608534517379212,0.00039398032538429106
2168,0.529296875,2.7874107176385094,-0.13310842318975474,0.02683320569622083,0.00039747041904547586
2169,0.529541015625,2.8114430332918543,-0.13426833161627427,0.02705787687511929,0.00040096051264981725
2170,0.52978515625,2.8354753489451996,-0.13542824004279375,0.027282548054017752,0.00040445060631100205
2171,0.530029296875,2.8595076645985515,-0.1365881484693136,0.02750721923285937,0.00040794069991534343
2172,0.5302734375,2.8835399802518964,-0.1377480568958331,0.02773189041175783,0.0004114307935196848
2173,0.530517578125,2.907572295905241,-0.1389079653223526,0.02795656159059945,0.0004149208871808696
2174,0.53076171875,2.931604611558586,-0.14006787374887214,0.02818123276949791,0.000418410980785211
2175,0.531005859375,2.955636927211931,-0.14122778217539164,0.028405903948339528,0.0004219010744463958
2176,0.53125,2.979669242865283,-0.1423876906019115,0.02863057512723799,0.0004253911680507372
2177,0.531494140625,3.0037015585186277,-0.143547599028431,0.02885524630613645,0.00042888126165507856
2178,0.53173828125,3.027733874171973,-0.1447075074549505,0.02907991748497807,0.00043237135531626336
2179,0.531982421875,3.051766189825318,-0.14586741588147,0.02930458866387653,0.00043586144892060474
2180,0.5322265625,3.075798505478663,-0.14702732430798954,0.029529259842718147,0.00043935154258178954
2181,0.532470703125,3.0998308211320147,-0.14818723273450937,0.02975393102161661,0.0004428416361861309
2182,0.53271484375,3.12386313678536,-0.14934714116102887,0.029978602200458226,0.0004463317297904723
2183,0.532958984375,3.147895452438705,-0.1505070495875484,0.030203273379356688,0.0004498218234516571
2184,0.533203125,3.17192776809205,-0.15166695801406793,0.03042794455825515,0.0004533119170559985
2185,0.533447265625,3.1959600837453954,-0.15282686644058743,0.030652615737096767,0.0004568020107171833
2186,0.53369140625,3.219992399398747,-0.15398677486710727,0.030877286915995228,0.0004602921043215247
2187,0.533935546875,3.244024715052092,-0.15514668329362677,0.031101958094836846,0.00046378219792586606
2188,0.5341796875,3.268057030705437,-0.1563065917201463,0.03132662927373531,0.00046727229158705086
2189,0.534423828125,3.292192633005848,-0.15747238373544598,0.03155139504320914,0.00047074368376343045
2190,0.53466796875,3.3167413818945253,-0.1586617101058663,0.03177653917504131,0.0004741402702848063
2191,0.534912109375,3.341290130783209,-0.15985103647628698,0.032001683306873474,0.0004775368568061822
2192,0.53515625,3.3658388796718857,-0.16104036284670734,0.0322268274386488,0.00048093344327071463
2193,0.535400390625,3.3903876285605627,-0.1622296892171277,0.032451971570480964,0.0004843300297920905
2194,0.53564453125,3.41493637744924,-0.16341901558754804,0.03267711570231313,0.00048772661631346637
2195,0.535888671875,3.4394851263379165,-0.1646083419579684,0.0329022598341453,0.0004911232027779988
2196,0.5361328125,3.4640338752266007,-0.1657976683283891,0.033127403965977464,0.0004945197892993747
2197,0.536376953125,3.4885826241152773,-0.16698699469880943,0.03335254809780963,0.0004979163757639071
2198,0.53662109375,3.513131373003954,-0.16817632106922978,0.0335776922296418,0.000501312962285283
2199,0.536865234375,3.537680121892631,-0.16936564743965013,0.033802836361473965,0.0005047095488066589
2200,0.537109375,3.562228870781308,-0.17055497381007048,0.03402798049330613,0.0005081061352711913
2201,0.537353515625,3.586777619669992,-0.17174430018049117,0.0342531246251383,0.0005115027217925672
2202,0.53759765625,3.611326368558669,-0.17293362655091152,0.034478268756970465,0.000514899308313943
2203,0.537841796875,3.635875117447346,-0.17412295292133187,0.03470341288874579,0.0005182958947784755
2204,0.5380859375,3.6604238663360227,-0.17531227929175222,0.034928557020577955,0.0005216924812998514
2205,0.538330078125,3.6849726152246998,-0.17650160566217254,0.03515370115241012,0.0005250890678212272
2206,0.53857421875,3.7095213641133835,-0.17769093203259326,0.03537884528424229,0.0005284856542857597
2207,0.538818359375,3.7340701130020606,-0.1788802584030136,0.035603989416074455,0.0005318822408071355
2208,0.5390625,3.7586188618907372,-0.18006958477343393,0.03582913354790662,0.0005352788273285114
2209,0.539306640625,3.7831676107794143,-0.1812589111438543,0.03605427767973879,0.0005386754137930438
2210,0.53955078125,3.807716359668091,-0.18244823751427464,0.036279421811570955,0.0005420720003144197
2211,0.539794921875,3.8322651085567747,-0.18363756388469532,0.03650456594340312,0.0005454685867789522
2212,0.5400390625,3.856813857445452,-0.1848268902551157,0.03672971007523529,0.000548865173300328
2213,0.540283203125,3.881362606334129,-0.18601621662553602,0.036954854207067456,0.0005522617598217039
2214,0.54052734375,3.905911355222806,-0.18720554299595638,0.03717999833884278,0.0005556583462862363
2215,0.540771484375,3.9308262753991823,-0.1884159983049656,0.03740548353317763,0.0005589867569710805
2216,0.541015625,3.955985309767365,-0.18964053957303442,0.03763119610255217,0.000562269717079289
2217,0.541259765625,3.9811443441355405,-0.1908650808411029,0.03785690867186986,0.000565552677130654
2218,0.54150390625,4.006303378503716,-0.1920896221091714,0.038082621241244397,0.0005688356372388625
2219,0.541748046875,4.0314624128718926,-0.1933141633772399,0.03830833381056209,0.000572118597347071
2220,0.5419921875,4.056621447240068,-0.19453870464530837,0.03853404637987978,0.0005754015573984361
2221,0.542236328125,4.081780481608251,-0.19576324591337718,0.03875975894925432,0.0005786845175066446
2222,0.54248046875,4.106939515976426,-0.1969877871814457,0.03898547151857201,0.0005819674776148531
2223,0.542724609375,4.132098550344602,-0.19821232844951417,0.039211184087889706,0.0005852504377230616
2224,0.54296875,4.157257584712778,-0.19943686971758265,0.03943689665726424,0.0005885333977744267
2225,0.543212890625,4.182416619080954,-0.20066141098565107,0.039662609226581935,0.0005918163578826352
2226,0.54345703125,4.207575653449137,-0.20188595225371994,0.03988832179595647,0.0005950993179908437
2227,0.543701171875,4.232734687817313,-0.2031104935217884,0.040114034365274165,0.0005983822780990522
2228,0.5439453125,4.2578937221854884,-0.20433503478985687,0.04033974693459186,0.0006016652381504173
2229,0.544189453125,4.283052756553664,-0.20555957605792535,0.040565459503966395,0.0006049481982586258
2230,0.54443359375,4.30821179092184,-0.20678411732599386,0.04079117207328409,0.0006082311583668343
2231,0.544677734375,4.333370825290023,-0.20800865859406267,0.041016884642658624,0.0006115141184181994
2232,0.544921875,4.358529859658199,-0.20923319986213115,0.04124259721197632,0.0006147970785264079
2233,0.545166015625,4.383688894026373,-0.21045774113019963,0.04146830978129401,0.0006180800386346164
2234,0.54541015625,4.40884792839455,-0.21168228239826814,0.04169402235066855,0.0006213629987428249
2235,0.545654296875,4.434006962762726,-0.2129068236663366,0.04191973491998624,0.0006246459587941899
2236,0.5458984375,4.459165997130909,-0.21413136493440543,0.04214544748930393,0.0006279289189023984
2237,0.546142578125,4.484325031499084,-0.2153559062024739,0.04237116005867847,0.0006312118790106069
2238,0.54638671875,4.50948406586726,-0.2165804474705424,0.04259687262799616,0.0006344948391188154
2239,0.546630859375,4.534643100235436,-0.21780498873861084,0.0428225851973707,0.0006377777991701805
2240,0.546875,4.559802134603612,-0.21902953000667932,0.04304829776668839,0.000641060759278389
2241,0.547119140625,4.585665152975129,-0.22029508821047178,0.04327467819410913,0.0006442084095965583
2242,0.54736328125,4.611528171346638,-0.22156064641426387,0.04350105862147302,0.0006473560599715711
2243,0.547607421875,4.637391189718148,-0.222826204618056,0.04372743904889376,0.0006505037102897404
2244,0.5478515625,4.663254208089658,-0.2240917628218481,0.04395381947631449,0.0006536513606079097
2245,0.548095703125,4.689117226461168,-0.22535732102564018,0.04418019990373523,0.0006567990109260791
2246,0.54833984375,4.7149802448326845,-0.22662287922943267,0.04440658033109912,0.0006599466613010918
2247,0.548583984375,4.740843263204194,-0.2278884374332248,0.04463296075851986,0.0006630943116192611
2248,0.548828125,4.766706281575704,-0.22915399563701683,0.04485934118594059,0.0006662419619374305
2249,0.549072265625,4.792569299947214,-0.23041955384080895,0.04508572161336133,0.0006693896122555998
2250,0.54931640625,4.818432318318724,-0.23168511204460104,0.04531210204072522,0.0006725372626306125
2251,0.549560546875,4.84429533669024,-0.23295067024839353,0.04553848246814596,0.0006756849129487819
2252,0.5498046875,4.87015835506175,-0.23421622845218562,0.045764862895566694,0.0006788325632669512
2253,0.550048828125,4.89602137343326,-0.23548178665597774,0.04599124332298743,0.0006819802136419639
2254,0.55029296875,4.921884391804769,-0.23674734485976984,0.04621762375035132,0.0006851278639601333
2255,0.550537109375,4.947747410176279,-0.2380129030635619,0.04644400417777206,0.0006882755142783026
2256,0.55078125,4.973610428547796,-0.23927846126735436,0.046670384605192794,0.0006914231645964719
2257,0.551025390625,4.999473446919306,-0.24054401947114648,0.04689676503261353,0.0006945708149714847
2258,0.55126953125,5.025336465290816,-0.24180957767493858,0.04712314545997742,0.000697718465289654
2259,0.551513671875,5.051199483662326,-0.2430751358787307,0.04734952588739816,0.0007008661156078233
2260,0.5517578125,5.077062502033835,-0.2443406940825228,0.047575906314818894,0.0007040137659259926
2261,0.552001953125,5.102925520405352,-0.24560625228631525,0.04780228674223963,0.0007071614163010054
2262,0.55224609375,5.1287885387768615,-0.2468718104901073,0.04802866716960352,0.0007103090666191747
2263,0.552490234375,5.154651557148371,-0.24813736869389943,0.04825504759702426,0.000713456716937344
2264,0.552734375,5.180514575519881,-0.24940292689769153,0.048481428024444995,0.0007166043673123568
2265,0.552978515625,5.206377593891392,-0.25066848510148365,0.04870780845186573,0.0007197520176305261
2266,0.55322265625,5.232559559527361,-0.2519527064695797,0.04893449733822308,0.0007228361478155421
2267,0.553466796875,5.25921994606,-0.25326492258413064,0.049161648913127465,0.0007258249978576714
2268,0.5537109375,5.285880332592641,-0.2545771386986816,0.04938880048803185,0.0007288138478998007
2269,0.553955078125,5.3125407191252805,-0.2558893548132326,0.04961595206293623,0.0007318026979419301
2270,0.55419921875,5.339201105657921,-0.2572015709277836,0.04984310363778377,0.0007347915479840594
2271,0.554443359375,5.365861492190568,-0.25851378704233496,0.05007025521268815,0.0007377803980261888
2272,0.5546875,5.392521878723208,-0.259826003156886,0.050297406787592536,0.0007407692481251615
2273,0.554931640625,5.419182265255848,-0.261138219271437,0.05052455836249692,0.0007437580981672909
2274,0.55517578125,5.445842651788489,-0.26245043538598795,0.0507517099374013,0.0007467469482094202
2275,0.555419921875,5.472503038321128,-0.26376265150053896,0.05097886151224884,0.0007497357982515496
2276,0.5556640625,5.4991634248537755,-0.2650748676150903,0.051206013087153224,0.0007527246482936789
2277,0.555908203125,5.525823811386417,-0.2663870837296413,0.05143316466205761,0.0007557134983358083
2278,0.55615234375,5.552484197919056,-0.26769929984419233,0.05166031623696199,0.0007587023483779376
2279,0.556396484375,5.579144584451696,-0.2690115159587433,0.05188746781180953,0.0007616911984200669
2280,0.556640625,5.6058049709843365,-0.2703237320732943,0.05211461938671391,0.0007646800484621963
2281,0.556884765625,5.632465357516984,-0.27163594818784564,0.052341770961618295,0.0007676688985043256
2282,0.55712890625,5.659125744049624,-0.2729481643023966,0.05256892253652268,0.000770657748546455
2283,0.557373046875,5.6857861305822635,-0.27426038041694767,0.05279607411142706,0.0007736465985885843
2284,0.5576171875,5.712446517114905,-0.2755725965314987,0.0530232256862746,0.0007766354486307137
2285,0.557861328125,5.739106903647545,-0.2768848126460496,0.05325037726117898,0.000779624298672843
2286,0.55810546875,5.765767290180192,-0.27819702876060104,0.053477528836083366,0.0007826131487149723
2287,0.558349609375,5.7924276767128315,-0.27950924487515194,0.05370468041098775,0.0007856019987571017
2288,0.55859375,5.819088063245472,-0.28082146098970295,0.05393183198583529,0.000788590848799231
2289,0.558837890625,5.845748449778111,-0.28213367710425397,0.05415898356073967,0.0007915796988413604
2290,0.55908203125,5.872408836310752,-0.283445893218805,0.054386135135644054,0.0007945685488834897
2291,0.559326171875,5.8990692228434,-0.2847581093333564,0.05461328671054844,0.0007975573989256191
2292,0.5595703125,5.926441788746707,-0.2861118464310138,0.05484114064603318,0.0008003987836673332
2293,0.559814453125,5.953992399492681,-0.2874759637744479,0.05506917017169144,0.0008032033020981544
2294,0.56005859375,5.9815430102386555,-0.288840081117882,0.0552971996973497,0.0008060078204721322
2295,0.560302734375,6.009093620984629,-0.2902041984613161,0.055525229223007955,0.0008088123389029533
2296,0.560546875,6.0366442317306115,-0.29156831580475057,0.05575325874866621,0.0008116168573337745
2297,0.560791015625,6.064194842476585,-0.2929324331481847,0.05598128827432447,0.0008144213757645957
2298,0.56103515625,6.091745453222559,-0.2942965504916188,0.05620931779998273,0.0008172258941385735
2299,0.561279296875,6.119296063968533,-0.2956606678350529,0.05643734732558414,0.0008200304125693947
2300,0.5615234375,6.146846674714507,-0.29702478517848696,0.0566653768512424,0.0008228349310002159
2301,0.561767578125,6.174397285460489,-0.29838890252192146,0.05689340637690066,0.0008256394494310371
2302,0.56201171875,6.201947896206463,-0.2997530198653556,0.057121435902558915,0.0008284439678050148
2303,0.562255859375,6.229498506952438,-0.3011171372087897,0.05734946542821717,0.000831248486235836
2304,0.5625,6.257049117698411,-0.30248125455222374,0.05757749495387543,0.0008340530046666572
2305,0.562744140625,6.284599728444386,-0.3038453718956579,0.05780552447953369,0.0008368575230974784
2306,0.56298828125,6.312150339190367,-0.3052094892390923,0.058033554005191945,0.0008396620415282996
2307,0.563232421875,6.339700949936342,-0.30657360658252647,0.0582615835308502,0.0008424665599022774
2308,0.5634765625,6.367251560682316,-0.3079377239259605,0.05848961305650846,0.0008452710783330986
2309,0.563720703125,6.39480217142829,-0.3093018412693947,0.05871764258216672,0.0008480755967639197
2310,0.56396484375,6.422352782174263,-0.31066595861282875,0.05894567210776813,0.0008508801151947409
2311,0.564208984375,6.449903392920246,-0.31203007595626325,0.05917370163342639,0.0008536846335687187
2312,0.564453125,6.477454003666219,-0.3133941932996973,0.05940173115908465,0.0008564891519995399
2313,0.564697265625,6.505004614412194,-0.3147583106431315,0.059629760684742905,0.0008592936704303611
2314,0.56494140625,6.532555225158168,-0.31612242798656554,0.05985779021040116,0.0008620981888611823
2315,0.565185546875,6.560105835904142,-0.31748654532999965,0.06008581973605942,0.00086490270723516
2316,0.5654296875,6.587656446650124,-0.3188506626734341,0.06031384926171768,0.0008677072256659812
2317,0.565673828125,6.615403513761973,-0.32022606628174816,0.06054207630478459,0.000870469320148004
2318,0.56591796875,6.643936406337314,-0.32164661494958197,0.06077109341771347,0.0008730617189485201
2319,0.566162109375,6.672469298912658,-0.3230671636174157,0.061000110530585516,0.0008756541177490362
2320,0.56640625,6.701002191488,-0.3244877122852495,0.06122912764345756,0.0008782465165495523
2321,0.566650390625,6.72953508406335,-0.3259082609530836,0.061458144756386446,0.0008808389153500684
2322,0.56689453125,6.758067976638693,-0.32732880962091737,0.06168716186925849,0.0008834313140937411
2323,0.567138671875,6.786600869214035,-0.32874935828875107,0.06191617898213053,0.0008860237128942572
2324,0.5673828125,6.815133761789378,-0.3301699069565849,0.062145196095002575,0.0008886161116947733
2325,0.567626953125,6.84366665436472,-0.33159045562441863,0.06237421320793146,0.0008912085104952894
2326,0.56787109375,6.87219954694007,-0.33301100429225283,0.0626032303208035,0.0008938009092958055
2327,0.568115234375,6.900732439515413,-0.3344315529600866,0.06283224743367555,0.0008963933080394781
2328,0.568359375,6.929265332090756,-0.33585210162792034,0.06306126454654759,0.0008989857068399942
2329,0.568603515625,6.957798224666098,-0.33727265029575404,0.06329028165947648,0.0009015781056405103
2330,0.56884765625,6.98633111724144,-0.33869319896358785,0.06351929877234852,0.0009041705044410264
2331,0.569091796875,7.014864009816792,-0.34011374763142194,0.06374831588522056,0.0009067629032415425
2332,0.5693359375,7.043396902392134,-0.34153429629925575,0.0639773329980926,0.0009093553019852152
2333,0.569580078125,7.071929794967476,-0.3429548449670895,0.06420635011102149,0.0009119477007857313
2334,0.56982421875,7.1004626875428185,-0.34437539363492325,0.06443536722389354,0.0009145400995862474
2335,0.570068359375,7.128995580118161,-0.345795942302757,0.06466438433676558,0.0009171324983867635
2336,0.5703125,7.157528472693512,-0.3472164909705912,0.06489340144969447,0.0009197248971872796
2337,0.570556640625,7.186061365268855,-0.3486370396384249,0.06512241856256651,0.0009223172959309522
2338,0.57080078125,7.214594257844196,-0.3500575883062587,0.06535143567543855,0.0009249096947314683
2339,0.571044921875,7.243127150419539,-0.35147813697409247,0.0655804527883106,0.0009275020935319844
2340,0.5712890625,7.271660042994882,-0.3528986856419262,0.06580946990123948,0.0009300944923325005
2341,0.571533203125,7.300192935570232,-0.35431923430976037,0.06603848701411152,0.0009326868910761732
2342,0.57177734375,7.328725828145576,-0.3557397829775941,0.06626750412698357,0.0009352792898766893
2343,0.572021484375,7.357902647751124,-0.3571962396300466,0.06649718064818444,0.0009377262777547912
2344,0.572265625,7.387508752043477,-0.35867663493891144,0.06672729677495681,0.0009400763249232114
2345,0.572509765625,7.417114856335831,-0.3601570302477764,0.06695741290167234,0.0009424263721484749
2346,0.57275390625,7.446720960628194,-0.36163742555664163,0.06718752902844471,0.000944776419316895
2347,0.572998046875,7.476327064920547,-0.36311782086550654,0.06741764515516024,0.0009471264665421586
2348,0.5732421875,7.505933169212901,-0.3645982161743714,0.06764776128193262,0.0009494765137105787
2349,0.573486328125,7.535539273505254,-0.3660786114832363,0.06787787740864815,0.0009518265609358423
2350,0.57373046875,7.5651453777976085,-0.3675590067921012,0.06810799353542052,0.0009541766081611058
2351,0.573974609375,7.594751482089971,-0.3690394021009664,0.06833810966213605,0.000956526655329526
2352,0.57421875,7.624357586382325,-0.3705197974098314,0.06856822578890842,0.0009588767025547895
2353,0.574462890625,7.653963690674678,-0.3720001927186962,0.06879834191562395,0.0009612267497232097
2354,0.57470703125,7.683569794967032,-0.3734805880275611,0.06902845804239632,0.0009635767969484732
2355,0.574951171875,7.713175899259387,-0.374960983336426,0.06925857416911185,0.0009659268441168933
2356,0.5751953125,7.742782003551748,-0.3764413786452913,0.06948869029588423,0.0009682768913421569
2357,0.575439453125,7.772388107844102,-0.3779217739541562,0.06971880642259976,0.0009706269385674204
2358,0.57568359375,7.8019942121364565,-0.37940216926302106,0.06994892254937213,0.0009729769857358406
2359,0.575927734375,7.83160031642881,-0.38088256457188596,0.07017903867608766,0.0009753270329611041
2360,0.576171875,7.861206420721162,-0.3823629598807508,0.07040915480286003,0.0009776770801295243
2361,0.576416015625,7.890812525013526,-0.38384335518961615,0.07063927092957556,0.0009800271273547878
2362,0.57666015625,7.92041862930588,-0.385323750498481,0.07086938705634793,0.0009823771745800514
2363,0.576904296875,7.950024733598232,-0.3868041458073459,0.07109950318306346,0.0009847272217484715
2364,0.5771484375,7.9796308378905865,-0.3882845411162108,0.07132961930983583,0.000987077268973735
2365,0.577392578125,8.009236942182941,-0.38976493642507565,0.07155973543655136,0.0009894273161421552
2366,0.57763671875,8.038843046475302,-0.39124533173394094,0.07178985156332374,0.0009917773633674187
2367,0.577880859375,8.068449150767657,-0.3927257270428059,0.07201996769003927,0.0009941274105358389
2368,0.578125,8.098055255060011,-0.39420612235167074,0.07225008381681164,0.0009964774577611024
2369,0.578369140625,8.12882398374997,-0.3957481711131993,0.07248141073375791,0.0009985523323621237
2370,0.57861328125,8.15959271243993,-0.397290219874728,0.07271273765070418,0.001000627206963145
2371,0.578857421875,8.190361441129898,-0.39883226863625715,0.07294406456759361,0.0010027020815641663
2372,0.5791015625,8.221130169819858,-0.40037431739778573,0.07317539148453989,0.001004776956222031
2373,0.579345703125,8.251898898509817,-0.4019163661593144,0.07340671840148616,0.0010068518308230523
2374,0.57958984375,8.282667627199778,-0.40345841492084306,0.07363804531843243,0.0010089267054240736
2375,0.579833984375,8.313436355889737,-0.40500046368237164,0.07386937223532186,0.0010110015800250949
2376,0.580078125,8.344205084579706,-0.4065425124439007,0.07410069915226813,0.0010130764546261162
2377,0.580322265625,8.374973813269666,-0.4080845612054294,0.07433202606921441,0.0010151513292271375
2378,0.58056640625,8.405742541959624,-0.40962660996695804,0.07456335298616068,0.0010172262038850022
2379,0.580810546875,8.436511270649584,-0.41116865872848674,0.07479467990305011,0.0010193010784860235
2380,0.5810546875,8.467279999339544,-0.41271070749001537,0.07502600681999638,0.0010213759530870448
2381,0.581298828125,8.498048728029513,-0.41425275625154445,0.07525733373694266,0.001023450827688066
2382,0.58154296875,8.528817456719473,-0.41579480501307303,0.07548866065388893,0.0010255257022890873
2383,0.581787109375,8.559586185409433,-0.4173368537746017,0.07571998757077836,0.0010276005768901086
2384,0.58203125,8.590354914099393,-0.4188789025361303,0.07595131448772463,0.0010296754515479734
2385,0.582275390625,8.621123642789351,-0.420420951297659,0.0761826414046709,0.0010317503261489946
2386,0.58251953125,8.65189237147932,-0.4219630000591881,0.07641396832161718,0.001033825200750016
2387,0.582763671875,8.68266110016928,-0.42350504882071677,0.07664529523856345,0.0010359000753510372
2388,0.5830078125,8.71342982885924,-0.42504709758224535,0.07687662215545288,0.0010379749499520585
2389,0.583251953125,8.744198557549199,-0.42658914634377404,0.07710794907239915,0.0010400498245530798
2390,0.58349609375,8.774967286239159,-0.4281311951053026,0.07733927598934542,0.0010421246991541011
2391,0.583740234375,8.805736014929128,-0.4296732438668317,0.0775706029062917,0.0010441995738119658
2392,0.583984375,8.836504743619088,-0.4312152926283604,0.07780192982318113,0.0010462744484129871
2393,0.584228515625,8.867273472309046,-0.4327573413898891,0.0780332567401274,0.0010483493230140084
2394,0.58447265625,8.89854222904563,-0.4343238947769694,0.07826511207565545,0.0010502999300570082
2395,0.584716796875,8.930561027852145,-0.4359272051023774,0.07849776003899933,0.0010520641357629756
2396,0.5849609375,8.96257982665867,-0.4375305154277859,0.07873040800240005,0.001053828341468943
2397,0.585205078125,8.994598625465189,-0.4391338257531939,0.07896305596574393,0.0010555925471749106
2398,0.58544921875,9.026617424271702,-0.44073713607860204,0.07919570392914466,0.0010573567528240346
2399,0.585693359375,9.05863622307822,-0.44234044640401,0.07942835189248854,0.001059120958530002
2400,0.5859375,9.090655021884736,-0.44394375672941805,0.07966099985588926,0.0010608851642359696
2401,0.586181640625,9.12267382069126,-0.4455470670548265,0.07989364781928998,0.001062649369941937
2402,0.58642578125,9.154692619497778,-0.44715037738023455,0.08012629578263386,0.0010644135756479045
2403,0.586669921875,9.186711418304293,-0.44875368770564256,0.08035894374603458,0.001066177781353872
2404,0.5869140625,9.21873021711081,-0.45035699803105056,0.08059159170937846,0.0010679419870598394
2405,0.587158203125,9.250749015917325,-0.45196030835645856,0.08082423967277919,0.001069706192765807
2406,0.58740234375,9.28276781472385,-0.453563618681867,0.08105688763612307,0.0010714703984717744
2407,0.587646484375,9.314786613530368,-0.4551669290072752,0.08128953559952379,0.0010732346041208984
2408,0.587890625,9.346805412336883,-0.4567702393326831,0.08152218356286767,0.001074998809826866
2409,0.588134765625,9.378824211143401,-0.4583735496580912,0.08175483152626839,0.0010767630155328334
2410,0.58837890625,9.410843009949915,-0.45997685998349913,0.08198747948961227,0.0010785272212388008
2411,0.588623046875,9.442861808756444,-0.4615801703089077,0.08222012745301299,0.0010802914269447683
2412,0.5888671875,9.474880607562959,-0.4631834806343157,0.08245277541635687,0.0010820556326507358
2413,0.589111328125,9.506899406369476,-0.4647867909597237,0.0826854233797576,0.0010838198383567033
2414,0.58935546875,9.53891820517599,-0.4663901012851317,0.08291807134310147,0.0010855840440626707
2415,0.589599609375,9.570937003982507,-0.4679934116105398,0.0831507193065022,0.0010873482497117948
2416,0.58984375,9.602955802789033,-0.4695967219359482,0.08338336726990292,0.0010891124554177622
2417,0.590087890625,9.634974601595548,-0.47120003226135626,0.0836160152332468,0.0010908766611237297
2418,0.59033203125,9.666993400402065,-0.4728033425867643,0.08384866319664752,0.0010926408668296972
2419,0.590576171875,9.69901219920858,-0.47440665291217227,0.0840813111599914,0.0010944050725356647
2420,0.5908203125,9.732099029892876,-0.47605634901940524,0.08431510108806606,0.0010958901996787063
2421,0.591064453125,9.765452868546626,-0.4777176415720949,0.08454917650732341,0.0010973055571525947
2422,0.59130859375,9.798806707200367,-0.4793789341247841,0.08478325192652392,0.0010987209146833266
2423,0.591552734375,9.832160545854109,-0.48104022667747326,0.08501732734578127,0.001100136272157215
2424,0.591796875,9.865514384507847,-0.48270151923016247,0.08525140276498178,0.0011015516296311034
2425,0.592041015625,9.898868223161587,-0.4843628117828516,0.08548547818423913,0.0011029669871618353
2426,0.59228515625,9.932222061815336,-0.48602410433554133,0.08571955360349648,0.0011043823446357237
2427,0.592529296875,9.96557590046908,-0.48768539688823054,0.08595362902269699,0.0011057977021096121
2428,0.5927734375,9.998929739122818,-0.4893466894409197,0.08618770444195434,0.001107213059640344
2429,0.593017578125,10.03228357777656,-0.4910079819936088,0.08642177986121169,0.0011086284171142324
2430,0.59326171875,10.065637416430299,-0.492669274546298,0.0866558552804122,0.0011100437745881209
2431,0.593505859375,10.09899125508405,-0.49433056709898765,0.08688993069966955,0.0011114591321188527
2432,0.59375,10.132345093737788,-0.49599185965167686,0.08712400611887006,0.0011128744895927412
2433,0.593994140625,10.165698932391532,-0.49765315220436607,0.08735808153812741,0.0011142898470666296
2434,0.59423828125,10.19905277104527,-0.4993144447570553,0.08759215695738476,0.0011157052045973614
2435,0.594482421875,10.23240660969901,-0.5009757373097444,0.08782623237658527,0.0011171205620712499
2436,0.5947265625,10.26576044835276,-0.502637029862434,0.08806030779584262,0.0011185359195451383
2437,0.594970703125,10.299114287006502,-0.5042983224151232,0.08829438321509997,0.0011199512770758702
2438,0.59521484375,10.332468125660242,-0.5059596149678124,0.08852845863430048,0.0011213666345497586
2439,0.595458984375,10.365821964313984,-0.5076209075205016,0.08876253405355783,0.001122781992023647
2440,0.595703125,10.399175802967724,-0.5092822000731908,0.08899660947281518,0.0011241973495543789
2441,0.595947265625,10.432529641621473,-0.5109434926258805,0.08923068489201569,0.0011256127070282673
2442,0.59619140625,10.465883480275213,-0.5126047851785696,0.08946476031127304,0.0011270280645021558
2443,0.596435546875,10.499237318928953,-0.5142660777312588,0.08969883573047355,0.0011284434220328876
2444,0.5966796875,10.532591157582695,-0.515927370283948,0.0899329111497309,0.001129858779506776
2445,0.596923828125,10.566228389698805,-0.5175988686390379,0.09016729201175622,0.00113119621369151
2446,0.59716796875,10.600999195664405,-0.5193111902037313,0.0904028946448534,0.001132221954662782
2447,0.597412109375,10.635770001629998,-0.5210235117684241,0.09063849727800743,0.0011332476956340543
2448,0.59765625,10.670540807595588,-0.5227358333331169,0.09087409991110462,0.001134273436548483
2449,0.597900390625,10.70531161356118,-0.5244481548978097,0.09110970254425865,0.0011352991775197552
2450,0.59814453125,10.74008241952677,-0.5261604764625026,0.09134530517735584,0.0011363249184910273
2451,0.598388671875,10.774853225492373,-0.527872798027196,0.09158090781050987,0.0011373506594622995
2452,0.5986328125,10.809624031457965,-0.5295851195918889,0.09181651044360706,0.0011383764003767283
2453,0.598876953125,10.844394837423556,-0.5312974411565816,0.09205211307676109,0.0011394021413480004
2454,0.59912109375,10.879165643389145,-0.5330097627212744,0.09228771570985828,0.0011404278823192726
2455,0.599365234375,10.913936449354738,-0.5347220842859673,0.09252331834295546,0.0011414536232905448
2456,0.599609375,10.948707255320338,-0.5364344058506607,0.0927589209761095,0.0011424793642049735
2457,0.599853515625,10.98347806128593,-0.5381467274153536,0.09299452360920668,0.0011435051051762457
2458,0.60009765625,11.018248867251522,-0.5398590489800463,0.09323012624236071,0.0011445308461475179
2459,0.600341796875,11.053019673217113,-0.5415713705447393,0.0934657288754579,0.00114555658711879
2460,0.6005859375,11.087790479182706,-0.5432836921094321,0.09370133150861193,0.0011465823280332188
2461,0.600830078125,11.122561285148306,-0.5449960136741254,0.09393693414170912,0.001147608069004491
2462,0.60107421875,11.157332091113897,-0.5467083352388182,0.09417253677486315,0.0011486338099757631
2463,0.601318359375,11.192102897079486,-0.5484206568035112,0.09440813940796033,0.0011496595509470353
2464,0.6015625,11.22687370304508,-0.5501329783682041,0.09464374204105752,0.001150685291861464
2465,0.601806640625,11.261644509010669,-0.5518452999328968,0.09487934467421155,0.0011517110328327362
2466,0.60205078125,11.296415314976272,-0.5535576214975901,0.09511494730730874,0.0011527367738040084
2467,0.602294921875,11.331186120941863,-0.555269943062283,0.09535054994046277,0.0011537625147184372
2468,0.6025390625,11.365956926907455,-0.5569822646269759,0.09558615257355996,0.0011547882556897093
2469,0.602783203125,11.400727732873046,-0.5586945861916688,0.09582175520671399,0.0011558139966609815
2470,0.60302734375,11.435498538838637,-0.5604069077563616,0.09605735783981117,0.0011568397376322537
2471,0.603271484375,11.471166483947526,-0.5621429426998747,0.09629393068883019,0.0011576058272453338
2472,0.603515625,11.5074325218186,-0.5638947865626008,0.09653115034842585,0.0011581988160287437
2473,0.603759765625,11.543698559689675,-0.5656466304253268,0.09676837000802152,0.0011587918048121537
2474,0.60400390625,11.579964597560746,-0.5673984742880529,0.09700558966761719,0.0011593847935955637
2475,0.604248046875,11.616230635431819,-0.5691503181507789,0.09724280932721285,0.0011599777823789736
2476,0.6044921875,11.652496673302904,-0.5709021620135054,0.09748002898680852,0.0011605707711623836
2477,0.604736328125,11.688762711173977,-0.5726540058762314,0.09771724864640419,0.0011611637599457936
2478,0.60498046875,11.725028749045048,-0.5744058497389575,0.09795446830599985,0.0011617567486723601
2479,0.605224609375,11.761294786916123,-0.5761576936016835,0.09819168796559552,0.00116234973745577
2480,0.60546875,11.797560824787196,-0.5779095374644094,0.09842890762519119,0.00116294272623918
2481,0.605712890625,11.83382686265828,-0.579661381327136,0.09866612728478685,0.00116353571502259
2482,0.60595703125,11.87009290052935,-0.581413225189862,0.09890334694438252,0.001164128703806
2483,0.606201171875,11.906358938400425,-0.583165069052588,0.09914056660397819,0.00116472169258941
2484,0.6064453125,11.942624976271498,-0.5849169129153141,0.0993777862636307,0.00116531468137282
2485,0.606689453125,11.97889101414257,-0.5866687567780401,0.09961500592322636,0.0011659076700993865
2486,0.60693359375,12.015157052013656,-0.5884206006407666,0.09985222558282203,0.0011665006588827964
2487,0.607177734375,12.051423089884727,-0.5901724445034927,0.1000894452424177,0.0011670936476662064
2488,0.607421875,12.087689127755802,-0.5919242883662187,0.10032666490201336,0.0011676866364496163
2489,0.607666015625,12.123955165626876,-0.5936761322289447,0.10056388456160903,0.0011682796252330263
2490,0.60791015625,12.160221203497947,-0.5954279760916706,0.1008011042212047,0.0011688726140164363
2491,0.608154296875,12.19648724136903,-0.5971798199543973,0.10103832388080036,0.0011694656027998462
2492,0.6083984375,12.232753279240104,-0.5989316638171233,0.10127554354039603,0.0011700585915832562
2493,0.608642578125,12.269019317111178,-0.6006835076798493,0.1015127631999917,0.0011706515803098227
2494,0.60888671875,12.30528535498225,-0.6024353515425753,0.10174998285958736,0.0011712445690932327
2495,0.609130859375,12.341551392853324,-0.6041871954053014,0.10198720251918303,0.0011718375578766427
2496,0.609375,12.377817430724408,-0.6059390392680278,0.1022244221787787,0.0011724305466600526
2497,0.609619140625,12.41565263095985,-0.6077133813116385,0.10246333494961846,0.0011725456590738759
2498,0.60986328125,12.453487831195293,-0.6094877233552493,0.10270224772045822,0.0011726607715445425
2499,0.610107421875,12.491323031430735,-0.61126206539886,0.10294116049135482,0.0011727758839583657
2500,0.6103515625,12.529158231666177,-0.6130364074424706,0.10318007326219458,0.001172890996372189
2501,0.610595703125,12.566993431901631,-0.6148107494860818,0.10341898603303434,0.0011730061088428556
2502,0.61083984375,12.604828632137073,-0.6165850915296924,0.1036578988038741,0.0011731212212566788
2503,0.611083984375,12.642663832372515,-0.6183594335733033,0.10389681157477071,0.001173236333670502
2504,0.611328125,12.680499032607958,-0.6201337756169137,0.10413572434561047,0.0011733514461411687
2505,0.611572265625,12.7183342328434,-0.6219081176605246,0.10437463711645023,0.001173466558554992
2506,0.61181640625,12.756169433078854,-0.6236824597041357,0.10461354988728999,0.0011735816709688152
2507,0.612060546875,12.794004633314298,-0.6254568017477463,0.1048524626581866,0.0011736967834394818
2508,0.6123046875,12.83183983354974,-0.6272311437913571,0.10509137542902636,0.001173811895853305
2509,0.612548828125,12.869675033785182,-0.6290054858349677,0.10533028819986612,0.0011739270082671283
2510,0.61279296875,12.907510234020625,-0.6307798278785786,0.10556920097070588,0.001174042120737795
2511,0.613037109375,12.94534543425608,-0.6325541699221896,0.10580811374160248,0.0011741572331516181
2512,0.61328125,12.983180634491521,-0.6343285119658003,0.10604702651244224,0.0011742723455654414
2513,0.613525390625,13.021015834726965,-0.636102854009411,0.106285939283282,0.001174387458036108
2514,0.61376953125,13.058851034962405,-0.6378771960530217,0.10652485205412177,0.0011745025704499312
2515,0.614013671875,13.096686235197849,-0.6396515380966324,0.10676376482501837,0.0011746176828637545
2516,0.6142578125,13.134521435433301,-0.6414258801402436,0.10700267759585813,0.001174732795334421
2517,0.614501953125,13.172356635668745,-0.6432002221838543,0.10724159036669789,0.0011748479077482443
2518,0.61474609375,13.210191835904187,-0.6449745642274649,0.10748050313753765,0.0011749630201620676
2519,0.614990234375,13.24802703613963,-0.6467489062710755,0.10771941590843426,0.0011750781326327342
2520,0.615234375,13.285862236375072,-0.6485232483146863,0.10795832867927402,0.0011751932450465574
2521,0.615478515625,13.323697436610525,-0.6502975903582975,0.10819724145011378,0.0011753083574603806
2522,0.61572265625,13.362187853233648,-0.6520715015155586,0.10843685470706532,0.0011752137014582331
2523,0.615966796875,13.40166109443829,-0.6538447663432951,0.10867751869307085,0.0011748043927468643
2524,0.6162109375,13.44113433564293,-0.6556180311710317,0.10891818267913322,0.0011743950839786521
2525,0.616455078125,13.480607576847571,-0.6573912959987682,0.10915884666513875,0.0011739857752672833
2526,0.61669921875,13.520080818052227,-0.6591645608265053,0.10939951065120113,0.0011735764665559145
2527,0.616943359375,13.559554059256868,-0.6609378256542419,0.1096401746372635,0.0011731671577877023
2528,0.6171875,13.59902730046151,-0.6627110904819784,0.10988083862326903,0.0011727578490763335
2529,0.617431640625,13.638500541666152,-0.664484355309715,0.1101215026093314,0.0011723485403649647
2530,0.61767578125,13.677973782870795,-0.6662576201374514,0.11036216659533693,0.0011719392315967525
2531,0.617919921875,13.717447024075447,-0.6680308849651886,0.1106028305813993,0.0011715299228853837
2532,0.6181640625,13.756920265280089,-0.669804149792925,0.11084349456746168,0.001171120614174015
2533,0.618408203125,13.796393506484732,-0.6715774146206617,0.1110841585534672,0.0011707113054058027
2534,0.61865234375,13.835866747689373,-0.6733506794483982,0.11132482253952958,0.001170301996694434
2535,0.618896484375,13.875339988894014,-0.6751239442761349,0.1115654865255351,0.0011698926879830651
2536,0.619140625,13.914813230098666,-0.6768972091038717,0.11180615051159748,0.0011694833792716963
2537,0.619384765625,13.954286471303309,-0.6786704739316085,0.11204681449765985,0.0011690740705034841
2538,0.61962890625,13.99375971250795,-0.6804437387593449,0.11228747848366538,0.0011686647617921153
2539,0.619873046875,14.033232953712593,-0.6822170035870816,0.11252814246972775,0.0011682554530807465
2540,0.6201171875,14.072706194917236,-0.683990268414818,0.11276880645573328,0.0011678461443125343
2541,0.620361328125,14.112179436121888,-0.6857635332425552,0.11300947044179566,0.0011674368356011655
2542,0.62060546875,14.151652677326531,-0.6875367980702917,0.11325013442785803,0.0011670275268897967
2543,0.620849609375,14.19112591853117,-0.6893100628980282,0.11349079841386356,0.0011666182181215845
2544,0.62109375,14.230599159735814,-0.6910833277257648,0.11373146239992593,0.0011662089094102157
2545,0.621337890625,14.270072400940455,-0.6928565925535013,0.11397212638593146,0.001165799600698847
2546,0.62158203125,14.309545642145109,-0.6946298573812384,0.11421279037199383,0.0011653902919306347
2547,0.621826171875,14.34901888334975,-0.6964031222089749,0.1144534543580562,0.001164980983219266
2548,0.6220703125,14.38985301096404,-0.6981505573614054,0.11469554766688361,0.001164114398250149
2549,0.622314453125,14.431027360180748,-0.6998915350950096,0.11493799830640228,0.0011631334941739624
2550,0.62255859375,14.47220170939745,-0.7016325128286135,0.11518044894592094,0.0011621525901546192
2551,0.622802734375,14.513376058614167,-0.703373490562218,0.11542289958549645,0.001161171686135276
2552,0.623046875,14.554550407830869,-0.7051144682958219,0.11566535022501512,0.0011601907820590895
2553,0.623291015625,14.595724757047572,-0.706855446029426,0.11590780086453378,0.0011592098780397464
2554,0.62353515625,14.636899106264279,-0.70859642376303,0.11615025150405245,0.0011582289739635598
2555,0.623779296875,14.67807345548098,-0.7103374014966339,0.11639270214362796,0.0011572480699442167
2556,0.6240234375,14.719247804697698,-0.7120783792302384,0.11663515278314662,0.0011562671659248736
2557,0.624267578125,14.7604221539144,-0.7138193569638424,0.11687760342266529,0.001155286261848687
2558,0.62451171875,14.801596503131107,-0.7155603346974464,0.11712005406218395,0.0011543053578293438
2559,0.624755859375,14.84277085234781,-0.7173013124310504,0.11736250470175946,0.0011533244537531573
2560,0.625,14.883945201564512,-0.7190422901646545,0.11760495534127813,0.0011523435497338141
2561,0.625244140625,14.925119550781227,-0.7207832678982589,0.1178474059807968,0.001151362645714471
2562,0.6254882812499999,14.966293899997922,-0.7225242456318623,0.1180898566203723,0.0011503817416382844
2563,0.625732421875,15.007468249214638,-0.7242652233654668,0.11833230725989097,0.0011494008376189413
2564,0.6259765625,15.048642598431352,-0.7260062010990714,0.11857475789940963,0.0011484199335427547
2565,0.626220703125,15.089816947648043,-0.7277471788326749,0.1188172085389283,0.0011474390295234116
2566,0.62646484375,15.130991296864758,-0.7294881565662795,0.11905965917850381,0.0011464581255040684
2567,0.6267089843749999,15.172165646081453,-0.7312291342998829,0.11930210981802247,0.0011454772214278819
2568,0.626953125,15.213339995298169,-0.7329701120334875,0.11954456045754114,0.0011444963174085387
2569,0.627197265625,15.254514344514883,-0.7347110897670919,0.1197870110970598,0.0011435154133323522
2570,0.62744140625,15.295688693731577,-0.7364520675006955,0.12002946173663531,0.001142534509313009
2571,0.627685546875,15.336863042948291,-0.7381930452343,0.12027191237615398,0.001141553605293666
2572,0.6279296874999999,15.378037392164982,-0.7399340229679034,0.12051436301567264,0.0011405727012174793
2573,0.628173828125,15.419563254618728,-0.7416605535144137,0.12075717253014773,0.0011394681275760377
2574,0.62841796875,15.462495170020595,-0.7433292953125472,0.12100141754444849,0.0011378688754462019
2575,0.628662109375,15.505427085422438,-0.7449980371106798,0.12124566255874925,0.001136269623316366
2576,0.62890625,15.548359000824302,-0.7466667789088133,0.12148990757299316,0.0011346703712433737
2577,0.6291503906249999,15.591290916226146,-0.7483355207069459,0.12173415258729392,0.0011330711191135379
2578,0.62939453125,15.63422283162801,-0.7500042625050793,0.12197839760159468,0.001131471866983702
2579,0.629638671875,15.67715474702988,-0.7516730043032128,0.1222226426158386,0.0011298726149107097
2580,0.6298828125,15.72008666243172,-0.7533417461013454,0.12246688763013935,0.0011282733627808739
2581,0.630126953125,15.763018577833588,-0.7550104878994788,0.12271113264438327,0.001126674110651038
2582,0.6303710937499999,15.805950493235427,-0.7566792296976114,0.12295537765868403,0.0011250748585780457
2583,0.630615234375,15.848882408637294,-0.7583479714957448,0.12319962267298479,0.0011234756064482099
2584,0.630859375,15.891814324039162,-0.7600167132938784,0.1234438676872287,0.001121876354318374
2585,0.631103515625,15.934746239441,-0.7616854550920109,0.12368811270152946,0.0011202771021885383
2586,0.63134765625,15.977678154842868,-0.7633541968901443,0.12393235771583022,0.0011186778501155459
2587,0.6315917968749999,16.020610070244707,-0.7650229386882769,0.12417660273007414,0.00111707859798571
2588,0.6318359375,16.063541985646577,-0.7666916804864103,0.1244208477443749,0.0011154793458558743
2589,0.632080078125,16.106473901048442,-0.7683604222845439,0.12466509275867566,0.0011138800937828819
2590,0.63232421875,16.149405816450283,-0.7700291640826765,0.12490933777291957,0.001112280841653046
2591,0.632568359375,16.19233773185215,-0.7716979058808099,0.12515358278722033,0.0011106815895232103
2592,0.6328124999999999,16.235269647253993,-0.7733666476789424,0.12539782780146425,0.001109082337450218
2593,0.633056640625,16.27820156265586,-0.775035389477076,0.125642072815765,0.001107483085320382
2594,0.63330078125,16.321133478057725,-0.7767041312752094,0.12588631783006576,0.0011058838331905463
2595,0.633544921875,16.364065393459565,-0.778372873073342,0.12613056284430968,0.0011042845810607105
2596,0.6337890625,16.406997308861435,-0.7800416148714754,0.12637480785861044,0.001102685328987718
2597,0.6340332031249999,16.449929224263276,-0.7817103566696081,0.1266190528729112,0.0011010860768578823
2598,0.63427734375,16.492861139665145,-0.7833790984677416,0.1268632978871551,0.0010994868247280465
2599,0.634521484375,16.53687700574766,-0.7849746324819921,0.12710860433571725,0.001097489573112398
2600,0.634765625,16.581615505617247,-0.7865213613069867,0.12735461840702555,0.0010952269885251553
2601,0.635009765625,16.626354005486863,-0.7880680901319822,0.1276006324783907,0.0010929644039379127
2602,0.6352539062499999,16.67109250535645,-0.7896148189569767,0.12784664654975586,0.0010907018192938267
2603,0.635498046875,16.71583100522607,-0.7911615477819721,0.128092660621121,0.001088439234706584
2604,0.6357421875,16.760569505095685,-0.7927082766069675,0.12833867469248617,0.001086176650062498
2605,0.635986328125,16.805308004965276,-0.794255005431962,0.12858468876385132,0.0010839140654752555
2606,0.63623046875,16.850046504834893,-0.7958017342569575,0.12883070283515963,0.0010816514808880129
2607,0.6364746093749999,16.89478500470448,-0.7973484630819521,0.12907671690652478,0.0010793888962439269
2608,0.63671875,16.939523504574098,-0.7988951919069476,0.12932273097788993,0.0010771263116566843
2609,0.636962890625,16.98426200444371,-0.8004419207319429,0.12956874504925509,0.0010748637270694417
2610,0.63720703125,17.029000504313302,-0.8019886495569374,0.12981475912062024,0.0010726011424253556
2611,0.637451171875,17.07373900418292,-0.8035353783819329,0.13006077319192855,0.001070338557838113
2612,0.6376953124999999,17.118477504052507,-0.8050821072069274,0.1303067872632937,0.0010680759732508704
2613,0.637939453125,17.163216003922123,-0.8066288360319229,0.13055280133465885,0.0010658133886067844
2614,0.63818359375,17.20795450379174,-0.8081755648569182,0.130798815406024,0.0010635508040195418
2615,0.638427734375,17.25269300366133,-0.8097222936819128,0.13104482947738916,0.0010612882193754558
2616,0.638671875,17.297431503530944,-0.8112690225069082,0.1312908435487543,0.0010590256347882132
2617,0.6389160156249999,17.342170003400536,-0.8128157513319029,0.13153685762006262,0.0010567630502009706
2618,0.63916015625,17.386908503270153,-0.8143624801568983,0.13178287169142777,0.0010545004655568846
2619,0.639404296875,17.43164700313977,-0.8159092089818936,0.13202888576279292,0.001052237880969642
2620,0.6396484375,17.476385503009357,-0.8174559378068882,0.13227489983415808,0.001049975296325556
2621,0.639892578125,17.521124002878974,-0.8190026666318836,0.13252091390552323,0.0010477127117383134
2622,0.6401367187499999,17.565862502748562,-0.8205493954568782,0.13276692797683154,0.0010454501271510708
2623,0.640380859375,17.610601002618182,-0.8220961242818735,0.1330129420481967,0.0010431875425069848
2624,0.640625,17.6553395024878,-0.8236428531068689,0.13325895611956184,0.0010409249579197422
2625,0.640869140625,17.701925303356997,-0.8250069358417966,0.13350667543124928,0.001037957504138376
2626,0.64111328125,17.74851110422622,-0.826371018576725,0.13375439474287987,0.0010349900503001663
2627,0.6413574218749999,17.795096905095416,-0.8277351013116528,0.1340021140545673,0.0010320225965188001
2628,0.6416015625,17.841682705964644,-0.8290991840465813,0.1342498333661979,0.0010290551426805905
2629,0.641845703125,17.888268506833867,-0.8304632667815098,0.13449755267788532,0.0010260876888992243
2630,0.64208984375,17.934854307703063,-0.8318273495164376,0.1347452719895159,0.001023120235117858
2631,0.642333984375,17.98144010857229,-0.8331914322513659,0.13499299130120335,0.0010201527812796485
2632,0.6425781249999999,18.028025909441485,-0.8345555149862937,0.13524071061289078,0.0010171853274982823
2633,0.642822265625,18.07461171031071,-0.8359195977212222,0.13548842992452137,0.001014217873716916
2634,0.64306640625,18.121197511179936,-0.8372836804561508,0.1357361492362088,0.0010112504198787065
2635,0.643310546875,18.16778331204913,-0.8386477631910784,0.1359838685478394,0.0010082829660973402
2636,0.6435546875,18.214369112918355,-0.8400118459260069,0.13623158785952683,0.0010053155122591306
2637,0.6437988281249999,18.260954913787558,-0.8413759286609346,0.13647930717121426,0.0010023480584777644
2638,0.64404296875,18.307540714656785,-0.8427400113958631,0.13672702648284485,0.0009993806046963982
2639,0.644287109375,18.354126515526,-0.8441040941307916,0.13697474579453228,0.0009964131508581886
2640,0.64453125,18.400712316395204,-0.8454681768657193,0.13722246510616287,0.0009934456970768224
2641,0.644775390625,18.44729811726443,-0.8468322596006477,0.1374701844178503,0.0009904782432954562
2642,0.6450195312499999,18.493883918133626,-0.8481963423355754,0.1377179037294809,0.0009875107894572466
2643,0.645263671875,18.54046971900285,-0.849560425070504,0.13796562304116833,0.0009845433356758804
2644,0.6455078125,18.587055519872077,-0.8509245078054325,0.13821334235285576,0.0009815758818376707
2645,0.645751953125,18.633641320741273,-0.8522885905403602,0.13846106166448635,0.0009786084280563045
2646,0.64599609375,18.680227121610496,-0.8536526732752886,0.13870878097617378,0.0009756409742749383
2647,0.6462402343749999,18.726812922479695,-0.8550167560102163,0.13895650028780437,0.0009726735204367287
2648,0.646484375,18.77339872334892,-0.8563808387451447,0.1392042195994918,0.0009697060666553625
2649,0.646728515625,18.819984524218142,-0.8577449214800734,0.1394519389111224,0.0009667386128739963
2650,0.64697265625,18.86732185482322,-0.8590069861808483,0.13970029722196387,0.0009634747942754984
2651,0.647216796875,18.915786480032132,-0.860116023830395,0.13994961403153638,0.0009597664285365681
2652,0.6474609374999999,18.964251105241026,-0.861225061479941,0.1401989308411089,0.0009560580627976378
2653,0.647705078125,19.012715730449944,-0.8623340991294876,0.14044824765062458,0.0009523496970587075
2654,0.64794921875,19.061180355658863,-0.8634431367790342,0.1406975644601971,0.0009486413313197772
2655,0.648193359375,19.109644980867753,-0.8645521744285801,0.14094688126976962,0.0009449329655808469
2656,0.6484375,19.158109606076668,-0.8656612120781267,0.1411961980792853,0.0009412245998419166
2657,0.6486816406249999,19.206574231285558,-0.8667702497276727,0.14144551488885782,0.0009375162340461429
2658,0.64892578125,19.255038856494476,-0.8678792873772193,0.14169483169843033,0.0009338078683072126
2659,0.649169921875,19.303503481703395,-0.8689883250267658,0.14194414850800285,0.0009300995025682823
2660,0.6494140625,19.351968106912285,-0.870097362676312,0.14219346531751853,0.000926391136829352
2661,0.649658203125,19.4004327321212,-0.8712064003258584,0.14244278212709105,0.0009226827710904217
2662,0.6499023437499999,19.44889735733009,-0.8723154379754045,0.14269209893666357,0.0009189744053514914
2663,0.650146484375,19.497361982539008,-0.8734244756249512,0.1429414157462361,0.0009152660396125611
2664,0.650390625,19.545826607747923,-0.8745335132744977,0.14319073255575177,0.0009115576738736308
2665,0.650634765625,19.594291232956817,-0.8756425509240437,0.14344004936532428,0.0009078493081347005
2666,0.65087890625,19.64275585816573,-0.8767515885735901,0.1436893661748968,0.0009041409423957703
2667,0.6511230468749999,19.69122048337462,-0.8778606262231362,0.14393868298446932,0.00090043257665684
2668,0.6513671875,19.73968510858354,-0.8789696638726828,0.144187999793985,0.0008967242109179097
2669,0.651611328125,19.788149733792455,-0.8800787015222294,0.14443731660355752,0.0008930158451221359
2670,0.65185546875,19.836614359001345,-0.8811877391717753,0.14468663341313004,0.0008893074793832056
2671,0.652099609375,19.885078984210264,-0.8822967768213219,0.14493595022270256,0.0008855991136442753
2672,0.6523437499999999,19.933543609419154,-0.8834058144708679,0.14518526703221823,0.000881890747905345
2673,0.652587890625,19.982008234628072,-0.8845148521204146,0.14543458384179075,0.0008781823821664148
2674,0.65283203125,20.030472859836987,-0.8856238897699612,0.14568390065136327,0.0008744740164274845
2675,0.653076171875,20.078937485045877,-0.8867329274195072,0.14593321746087895,0.0008707656506885542
2676,0.6533203125,20.128922296198745,-0.8875700184281272,0.1461836867909483,0.0008664420712420906
2677,0.6535644531249999,20.179287153837574,-0.8883391227765152,0.1464344442510992,0.0008619646883971654
2678,0.65380859375,20.229652011476425,-0.8891082271249036,0.1466852017112501,0.0008574873054953969
2679,0.654052734375,20.280016869115283,-0.8898773314732918,0.146935959171401,0.0008530099226504717
2680,0.654296875,20.33038172675411,-0.8906464358216798,0.14718671663155192,0.0008485325398055465
2681,0.654541015625,20.380746584392966,-0.8914155401700681,0.14743747409170282,0.000844055156903778
2682,0.6547851562499999,20.431111442031792,-0.892184644518456,0.14768823155185373,0.0008395777740588528
2683,0.655029296875,20.481476299670646,-0.8929537488668443,0.14793898901200464,0.0008351003912139277
2684,0.6552734375,20.531841157309504,-0.8937228532152326,0.14818974647215555,0.0008306230083121591
2685,0.655517578125,20.582206014948326,-0.8944919575636207,0.14844050393230646,0.0008261456254672339
2686,0.65576171875,20.632570872587184,-0.8952610619120089,0.14869126139245736,0.0008216682426223088
2687,0.6560058593749999,20.68293573022601,-0.8960301662603967,0.14894201885260827,0.0008171908597205402
2688,0.65625,20.733300587864864,-0.8967992706087852,0.14919277631275918,0.000812713476875615
2689,0.656494140625,20.78366544550372,-0.8975683749571735,0.1494435337729101,0.0008082360940306899
2690,0.65673828125,20.834030303142548,-0.8983374793055615,0.149694291233061,0.0008037587111289213
2691,0.656982421875,20.884395160781402,-0.8991065836539498,0.1499450486932119,0.0007992813282839961
2692,0.6572265624999999,20.93476001842023,-0.8998756880023375,0.1501958061533628,0.000794803945439071
2693,0.657470703125,20.985124876059086,-0.900644792350726,0.15044656361351372,0.0007903265625373024
2694,0.65771484375,21.03548973369794,-0.9014138966991144,0.15069732107366463,0.0007858491796923772
2695,0.657958984375,21.085854591336766,-0.9021830010475024,0.15094807853381553,0.0007813717968474521
2696,0.658203125,21.136219448975623,-0.9029521053958907,0.15119883599396644,0.0007768944139456835
2697,0.6584472656249999,21.186584306614453,-0.9037212097442784,0.15144959345411735,0.0007724170311007583
2698,0.65869140625,21.236949164253307,-0.9044903140926669,0.15170035091426826,0.0007679396482558332
2699,0.658935546875,21.287314021892158,-0.9052594184410553,0.15195110837441916,0.0007634622653540646
2700,0.6591796875,21.337678879530984,-0.9060285227894432,0.15220186583457007,0.0007589848825091394
2701,0.659423828125,21.388425850876164,-0.9067100737969196,0.15245286929905433,0.0007543502358089427
2702,0.6596679687499999,21.440701277046582,-0.907041411440748,0.15270485678087198,0.0007490865336876595
2703,0.659912109375,21.492976703217025,-0.9073727490845769,0.15295684426263279,0.0007438228315663764
2704,0.66015625,21.545252129387475,-0.9077040867284054,0.15320883174445044,0.0007385591294450933
2705,0.660400390625,21.597527555557892,-0.9080354243722342,0.15346081922621124,0.0007332954273806536
2706,0.66064453125,21.649802981728342,-0.9083667620160627,0.15371280670797205,0.0007280317252593704
2707,0.6608886718749999,21.702078407898757,-0.9086980996598913,0.1539647941897897,0.0007227680231380873
2708,0.6611328125,21.754353834069207,-0.90902943730372,0.1542167816715505,0.0007175043210736476
2709,0.661376953125,21.806629260239653,-0.9093607749475487,0.15446876915336816,0.0007122406189523645
2710,0.66162109375,21.85890468641007,-0.9096921125913772,0.15472075663512896,0.0007069769168310813
2711,0.661865234375,21.91118011258052,-0.9100234502352059,0.15497274411694661,0.0007017132147097982
2712,0.6621093749999999,21.96345553875094,-0.9103547878790343,0.15522473159870742,0.0006964495126453585
2713,0.662353515625,22.01573096492138,-0.9106861255228631,0.15547671908052507,0.0006911858105240754
2714,0.66259765625,22.06800639109183,-0.9110174631666919,0.15572870656228588,0.0006859221084027922
2715,0.662841796875,22.120281817262253,-0.9113488008105204,0.15598069404410353,0.0006806584063383525
2716,0.6630859375,22.1725572434327,-0.911680138454349,0.15623268152586434,0.0006753947042170694
2717,0.6633300781249999,22.224832669603117,-0.9120114760981777,0.156484669007682,0.0006701310020957862
2718,0.66357421875,22.277108095773567,-0.9123428137420062,0.1567366564894428,0.0006648672999745031
2719,0.663818359375,22.32938352194401,-0.912674151385835,0.15698864397126044,0.0006596035979100634
2720,0.6640625,22.381658948114428,-0.9130054890296634,0.15724063145302125,0.0006543398957887803
2721,0.664306640625,22.433934374284878,-0.9133368266734923,0.15749261893478206,0.0006490761936674971
2722,0.6645507812499999,22.486209800455295,-0.9136681643173207,0.1577446064165997,0.0006438124916030574
2723,0.664794921875,22.538485226625745,-0.9139995019611495,0.15799659389836052,0.0006385487894817743
2724,0.6650390625,22.590760652796188,-0.9143308396049781,0.15824858138017817,0.0006332850873604912
2725,0.665283203125,22.643036078966613,-0.9146621772488067,0.15850056886193897,0.000628021385239208
2726,0.66552734375,22.695311505137056,-0.9149935148926354,0.15875255634375662,0.0006227576831747683
2727,0.6657714843749999,22.748732231347635,-0.9149956682800984,0.15900512086318486,0.0006170202721023088
2728,0.666015625,22.802916490918353,-0.9147783654966514,0.15925807007437243,0.0006109670550813462
2729,0.666259765625,22.857100750489064,-0.9145610627132043,0.15951101928556,0.000604913838117227
2730,0.66650390625,22.911285010059746,-0.9143437599297574,0.15976396849674757,0.0005988606210962644
2731,0.666748046875,22.965469269630464,-0.9141264571463102,0.1600169177078783,0.0005928074040753017
2732,0.6669921874999999,23.019653529201147,-0.9139091543628634,0.16026986691906586,0.0005867541870543391
2733,0.667236328125,23.07383778877186,-0.9136918515794163,0.16052281613025343,0.0005807009700902199
2734,0.66748046875,23.128022048342576,-0.9134745487959692,0.160775765341441,0.0005746477530692573
2735,0.667724609375,23.182206307913262,-0.9132572460125223,0.16102871455262857,0.0005685945360482947
2736,0.66796875,23.236390567483973,-0.9130399432290753,0.16128166376381614,0.0005625413190273321
2737,0.6682128906249999,23.29057482705466,-0.9128226404456284,0.1615346129750037,0.0005564881020063694
2738,0.66845703125,23.344759086625373,-0.9126053376621812,0.16178756218619128,0.0005504348850422502
2739,0.668701171875,23.398943346196088,-0.9123880348787341,0.16204051139737885,0.0005443816680212876
2740,0.6689453125,23.453127605766767,-0.9121707320952872,0.16229346060856642,0.000538328451000325
2741,0.669189453125,23.507311865337485,-0.9119534293118402,0.162546409819754,0.0005322752339793624
2742,0.6694335937499999,23.56149612490817,-0.9117361265283933,0.16279935903094156,0.0005262220170152432
2743,0.669677734375,23.615680384478885,-0.9115188237449462,0.16305230824212913,0.0005201687999942806
2744,0.669921875,23.6698646440496,-0.9113015209614991,0.1633052574533167,0.0005141155829733179
2745,0.670166015625,23.724048903620282,-0.9110842181780521,0.16355820666444743,0.0005080623659523553
2746,0.67041015625,23.778233163191,-0.9108669153946052,0.163811155875635,0.0005020091489882361
2747,0.6706542968749999,23.832417422761683,-0.9106496126111583,0.16406410508682256,0.0004959559319672735
2748,0.6708984375,23.886601682332394,-0.9104323098277112,0.16431705429801013,0.0004899027149463109
2749,0.671142578125,23.94078594190311,-0.9102150070442642,0.1645700035091977,0.00048384949792534826
2750,0.67138671875,23.994970201473794,-0.9099977042608173,0.16482295272038527,0.00047779628096122906
2751,0.671630859375,24.049154461044505,-0.90978040147737,0.16507590193157284,0.00047174306394026644
2752,0.6718749999999999,24.10333872061519,-0.909563098693923,0.1653288511427604,0.0004656898469193038
2753,0.672119140625,24.15941695323263,-0.9086736150736039,0.16558243336305623,0.00045886177110787685
2754,0.67236328125,24.215495185850067,-0.9077841314532845,0.1658360155832952,0.00045203369523960646
2755,0.672607421875,24.271573418467472,-0.9068946478329656,0.166089597803591,0.0004452056194281795
2756,0.6728515625,24.327651651084913,-0.9060051642126463,0.16634318002382997,0.0004383775436167525
2757,0.6730957031249999,24.38372988370232,-0.9051156805923276,0.16659676224412578,0.00043154946774848213
2758,0.67333984375,24.439808116319757,-0.9042261969720081,0.16685034446436475,0.00042472139193705516
2759,0.673583984375,24.495886348937194,-0.9033367133516889,0.16710392668466056,0.0004178933161256282
2760,0.673828125,24.5519645815546,-0.9024472297313701,0.16735750890489953,0.0004110652403142012
2761,0.674072265625,24.608042814172038,-0.9015577461110508,0.16761109112519534,0.00040423716444593083
2762,0.6743164062499999,24.664121046789443,-0.900668262490732,0.1678646733454343,0.00039740908863450386
2763,0.674560546875,24.72019927940688,-0.8997787788704126,0.16811825556573012,0.0003905810128230769
2764,0.6748046875,24.776277512024322,-0.8988892952500933,0.1683718377859691,0.0003837529369548065
2765,0.675048828125,24.832355744641724,-0.8979998116297745,0.1686254200062649,0.00037692486114337953
2766,0.67529296875,24.888433977259165,-0.8971103280094551,0.16887900222650387,0.00037009678533195256
2767,0.6755371093749999,24.94451220987657,-0.8962208443891364,0.16913258444679968,0.00036326870946368217
2768,0.67578125,25.00059044249401,-0.8953313607688171,0.16938616666703865,0.0003564406336522552
2769,0.676025390625,25.056668675111442,-0.8944418771484978,0.16963974888733446,0.00034961255784082823
2770,0.67626953125,25.11274690772885,-0.893552393528179,0.16989333110757343,0.00034278448197255784
2771,0.676513671875,25.168825140346286,-0.8926629099078597,0.17014691332786924,0.00033595640616113087
2772,0.6767578124999999,25.224903372963695,-0.8917734262875406,0.1704004955481082,0.0003291283303497039
2773,0.677001953125,25.28098160558113,-0.8908839426672214,0.17065407776840402,0.0003223002544814335
2774,0.67724609375,25.337059838198567,-0.8899944590469022,0.17090765998869983,0.00031547217867000654
2775,0.677490234375,25.393138070815972,-0.8891049754265835,0.1711612422089388,0.00030864410285857957
2776,0.677734375,25.44921630343341,-0.8882154918062639,0.1714148244292346,0.0003018160270471526
2777,0.6779785156249999,25.505294536050815,-0.8873260081859452,0.17166840664947358,0.0002949879511788822
2778,0.67822265625,25.562118713319865,-0.8861135544069619,0.17192208588966196,0.00028786460546825765
2779,0.678466796875,25.620061807566323,-0.8844166453899822,0.17217591065974602,0.000280298354880415
2780,0.6787109375,25.678004901812756,-0.882719736373003,0.1724297354298301,0.00027273210429257233
2781,0.678955078125,25.735947996059217,-0.8810228273560232,0.17268356019991415,0.00026516585370472967
2782,0.6791992187499999,25.793891090305646,-0.8793259183390443,0.17293738496999822,0.000257599603116887
2783,0.679443359375,25.851834184552104,-0.8776290093220644,0.17319120974002544,0.00025003335252904435
2784,0.6796875,25.90977727879857,-0.8759321003050844,0.1734450345101095,0.0002424671019980451
2785,0.679931640625,25.967720373044997,-0.8742351912881055,0.17369885928019357,0.00023490085141020245
2786,0.68017578125,26.02566346729146,-0.8725382822711255,0.17395268405027764,0.0002273346008223598
2787,0.6804199218749999,26.083606561537888,-0.8708413732541465,0.1742065088203617,0.00021976835023451713
2788,0.6806640625,26.141549655784345,-0.8691444642371666,0.17446033359044577,0.00021220209964667447
2789,0.680908203125,26.19949275003081,-0.8674475552201868,0.17471415836052984,0.0002046358490588318
2790,0.68115234375,26.25743584427724,-0.8657506462032077,0.17496798313055706,0.00019706959847098915
2791,0.681396484375,26.3153789385237,-0.8640537371862278,0.17522180790064112,0.0001895033478831465
2792,0.6816406249999999,26.37332203277013,-0.862356828169249,0.1754756326707252,0.00018193709729530383
2793,0.681884765625,26.43126512701659,-0.8606599191522689,0.17572945744080926,0.00017437084670746117
2794,0.68212890625,26.48920822126305,-0.8589630101352891,0.17598328221089332,0.00016680459617646193
2795,0.682373046875,26.54715131550948,-0.85726610111831,0.1762371069809774,0.00015923834558861927
2796,0.6826171875,26.605094409755942,-0.8555691921013302,0.1764909317510046,0.0001516720950007766
2797,0.6828613281249999,26.663037504002368,-0.8538722830843511,0.17674475652108868,0.00014410584441293395
2798,0.68310546875,26.720980598248833,-0.8521753740673712,0.17699858129117274,0.0001365395938250913
2799,0.683349609375,26.778923692495297,-0.8504784650503913,0.1772524060612568,0.00012897334323724863
2800,0.68359375,26.836866786741723,-0.8487815560334123,0.17750623083134087,0.00012140709264940597
2801,0.683837890625,26.894809880988188,-0.8470846470164325,0.17776005560142494,0.00011384084206156331
2802,0.6840820312499999,26.952752975234617,-0.8453877379994534,0.178013880371509,0.00010627459147372065
2803,0.684326171875,27.010696069481074,-0.8436908289824736,0.17826770514153623,9.87083409427214e-05
2804,0.6845703125,27.070095387224388,-0.8412317686645842,0.17852136257357643,9.0602181956001e-05
2805,0.684814453125,27.129858760841884,-0.8385821705214686,0.17877497817113408,8.236104594061544e-05
2806,0.68505859375,27.18962213445941,-0.8359325723783514,0.1790285937686349,7.411990992522988e-05
2807,0.6853027343749999,27.249385508076905,-0.8332829742352358,0.17928220936619255,6.58787738530009e-05
2808,0.685546875,27.309148881694433,-0.8306333760921187,0.17953582496369336,5.763763783761533e-05
2809,0.685791015625,27.368912255311958,-0.8279837779490016,0.179789440561251,4.9396501822229766e-05
2810,0.68603515625,27.42867562892945,-0.8253341798058859,0.18004305615875182,4.115536575000078e-05
2811,0.686279296875,27.488439002546983,-0.8226845816627687,0.18029667175630948,3.291422973461522e-05
2812,0.6865234374999999,27.548202376164475,-0.8200349835196531,0.1805502873538103,2.4673093662386236e-05
2813,0.686767578125,27.607965749782,-0.817385385376536,0.18080390295136795,1.6431957647000672e-05
2814,0.68701171875,27.667729123399532,-0.8147357872334189,0.18105751854886876,8.190821631615108e-06
2815,0.687255859375,27.727492497017025,-0.8120861890903033,0.1813111341464264,-5.031444061387447e-08
2816,0.6875,27.787255870634546,-0.8094365909471862,0.18156474974398407,-8.291450455999438e-06
2817,0.6877441406249999,27.847019244252046,-0.8067869928040705,0.18181836534148488,-1.6532586471385002e-05
2818,0.68798828125,27.906782617869574,-0.8041373946609534,0.18207198093904253,-2.4773722543613985e-05
2819,0.688232421875,27.9665459914871,-0.8014877965178363,0.18232559653654334,-3.301485855899955e-05
2820,0.6884765625,28.02630936510459,-0.7988381983747206,0.182579212134101,-4.125599457438511e-05
2821,0.688720703125,28.08607273872212,-0.7961886002316034,0.1828328277316018,-4.9497130646614096e-05
2822,0.6889648437499999,28.145836112339612,-0.7935390020884878,0.18308644332915947,-5.773826666199966e-05
2823,0.689208984375,28.205599485957144,-0.7908894039453708,0.18334005892666028,-6.597940273422864e-05
2824,0.689453125,28.265362859574672,-0.7882398058022536,0.18359367452421793,-7.42205387496142e-05
2825,0.689697265625,28.32512623319216,-0.7855902076591379,0.18384729012171874,-8.246167476499977e-05
2826,0.68994140625,28.38488960680969,-0.7829406095160208,0.1841009057192764,-9.070281083722875e-05
2827,0.6901855468749999,28.444652980427186,-0.7802910113729052,0.1843545213167772,-9.894394685261432e-05
2828,0.6904296875,28.50441635404471,-0.7776414132297881,0.18460813691433486,-0.00010718508286799988
2829,0.690673828125,28.56453150484917,-0.7747707311683167,0.18486160859350775,-0.00011554223215171078
2830,0.69091796875,28.626053764401334,-0.7710157134334329,0.18511450459948264,-0.00012436343433819275
2831,0.691162109375,28.687576023953532,-0.7672606956985468,0.18536740060545753,-0.00013318463652467472
2832,0.6914062499999999,28.749098283505695,-0.763505677963663,0.18562029661137558,-0.00014200583871115668
2833,0.691650390625,28.810620543057894,-0.7597506602287769,0.18587319261735047,-0.00015082704095448207
2834,0.69189453125,28.872142802610096,-0.755995642493891,0.18612608862332536,-0.00015964824314096404
2835,0.692138671875,28.93366506216226,-0.7522406247590071,0.1863789846292434,-0.000168469445327446
2836,0.6923828125,28.995187321714457,-0.748485607024121,0.1866318806352183,-0.00017729064751392798
2837,0.6926269531249999,29.05670958126662,-0.7447305892892372,0.18688477664113634,-0.00018611184970040995
2838,0.69287109375,29.11823184081882,-0.7409755715543511,0.18713767264711123,-0.00019493305188689192
2839,0.693115234375,29.17975410037102,-0.737220553819465,0.18739056865308612,-0.0002037542541302173
2840,0.693359375,29.24127635992318,-0.7334655360845812,0.18764346465900417,-0.00021257545631669927
2841,0.693603515625,29.302798619475382,-0.7297105183496951,0.18789636066497906,-0.00022139665850318124
2842,0.6938476562499999,29.364320879027545,-0.7259555006148113,0.18814925667095395,-0.0002302178606896632
2843,0.694091796875,29.425843138579744,-0.7222004828799253,0.188402152676872,-0.00023903906287614518
2844,0.6943359375,29.48736539813194,-0.7184454651450393,0.18865504868284688,-0.00024786026506262715
2845,0.694580078125,29.548887657684105,-0.7146904474101554,0.18890794468882177,-0.00025668146730595254
2846,0.69482421875,29.6104099172363,-0.7109354296752693,0.18916084069473982,-0.0002655026694924345
2847,0.6950683593749999,29.671932176788467,-0.7071804119403855,0.1894137367007147,-0.0002743238716789165
2848,0.6953125,29.73345443634066,-0.7034253942054994,0.1896666327066896,-0.00028314507386539844
2849,0.695556640625,29.794976695892863,-0.6996703764706135,0.18991952871260764,-0.0002919662760518804
2850,0.69580078125,29.856498955445023,-0.6959153587357295,0.19017242471858253,-0.0003007874782383624
2851,0.696044921875,29.918021214997225,-0.6921603410008436,0.19042532072450058,-0.00030960868042484435
2852,0.6962890624999999,29.979543474549388,-0.6884053232659597,0.19067821673047547,-0.00031842988266816974
2853,0.696533203125,30.041065734101586,-0.6846503055310736,0.19093111273645036,-0.0003272510848546517
2854,0.69677734375,30.102587993653785,-0.6808952877961876,0.1911840087423684,-0.0003360722870411337
2855,0.697021484375,30.165117767489605,-0.6763830447778221,0.19143613446487961,-0.00034516260473083094
2856,0.697265625,30.22831921751456,-0.6713659849037998,0.19168774666502486,-0.00035443233269916163
2857,0.6975097656249999,30.291520667539483,-0.6663489250297803,0.1919393588651701,-0.00036370206072433575
2858,0.69775390625,30.35472211756444,-0.6613318651557579,0.19219097106531535,-0.00037297178874950987
2859,0.697998046875,30.417923567589398,-0.6563148052817356,0.1924425832654606,-0.00038224151671784057
2860,0.6982421875,30.481125017614318,-0.6512977454077161,0.19269419546560584,-0.0003915112447430147
2861,0.698486328125,30.544326467639277,-0.6462806855336938,0.1929458076657511,-0.0004007809727113454
2862,0.6987304687499999,30.6075279176642,-0.6412636256596742,0.19319741986589634,-0.0004100507007365195
2863,0.698974609375,30.670729367689155,-0.636246565785652,0.19344903206604158,-0.0004193204287616936
2864,0.69921875,30.73393081771411,-0.6312295059116295,0.19370064426618683,-0.0004285901567300243
2865,0.699462890625,30.797132267739034,-0.6262124460376101,0.19395225646633207,-0.00043785988475519844
2866,0.69970703125,30.860333717763993,-0.6211953861635878,0.19420386866647732,-0.00044712961272352914
2867,0.6999511718749999,30.923535167788913,-0.6161783262895683,0.19445548086662257,-0.00045639934074870325
2868,0.7001953125,30.98673661781387,-0.6111612664155459,0.1947070930667678,-0.00046566906877387737
2869,0.700439453125,31.049938067838827,-0.6061442065415237,0.19495870526691306,-0.00047493879674220807
2870,0.70068359375,31.11313951786375,-0.6011271466675042,0.1952103174670583,-0.0004842085247673822
2871,0.700927734375,31.176340967888706,-0.5961100867934819,0.1954619296672604,-0.0004934782527925563
2872,0.7011718749999999,31.23954241791363,-0.5910930269194624,0.19571354186740564,-0.000502747980760887
2873,0.701416015625,31.302743867938588,-0.5860759670454401,0.19596515406755088,-0.0005120177087860611
2874,0.70166015625,31.365945317963543,-0.5810589071714176,0.19621676626769613,-0.0005212874367543918
2875,0.701904296875,31.429146767988467,-0.5760418472973983,0.19646837846784138,-0.0005305571647795659
2876,0.7021484375,31.492348218013422,-0.5710247874233759,0.19671999066798662,-0.0005398268928047401
2877,0.7023925781249999,31.555549668038342,-0.5660077275493564,0.19697160286813187,-0.0005490966207730708
2878,0.70263671875,31.6187511180633,-0.560990667675334,0.1972232150682771,-0.0005583663487982449
2879,0.702880859375,31.68195256808826,-0.5559736078013117,0.19747482726842236,-0.0005676360767665756
2880,0.703125,31.745154018113183,-0.5509565479272922,0.1977264394685676,-0.0005769058047917497
2881,0.703369140625,31.809934988878574,-0.5445216900794606,0.19797615724252182,-0.0005864504538521942
2882,0.7036132812499999,31.87471595964393,-0.5380868322316327,0.19822587501653288,-0.0005959951029126387
2883,0.703857421875,31.939496930409327,-0.531651974383801,0.1984755927904871,-0.0006055397519162398
2884,0.7041015625,32.004277901174724,-0.5252171165359694,0.19872531056449816,-0.0006150844009766843
2885,0.704345703125,32.06905887194008,-0.5187822586881413,0.19897502833845238,-0.0006246290500371288
2886,0.70458984375,32.13383984270547,-0.5123474008403097,0.1992247461124066,-0.0006341736990975733
2887,0.7048339843749999,32.19862081347083,-0.5059125429924818,0.19947446388641765,-0.0006437183481580178
2888,0.705078125,32.26340178423622,-0.49947768514465013,0.19972418166037187,-0.0006532629971616188
2889,0.705322265625,32.32818275500162,-0.4930428272968186,0.19997389943438293,-0.0006628076462220633
2890,0.70556640625,32.392963725766975,-0.48660796944899065,0.20022361720833715,-0.0006723522952825078
2891,0.705810546875,32.45774469653237,-0.48017311160115894,0.20047333498229136,-0.0006818969443429523
2892,0.7060546874999999,32.52252566729773,-0.473738253753331,0.20072305275630242,-0.0006914415934033968
2893,0.706298828125,32.587306638063126,-0.46730339590549935,0.20097277053025664,-0.0007009862424069979
2894,0.70654296875,32.652087608828516,-0.46086853805766775,0.2012224883042677,-0.0007105308914674424
2895,0.706787109375,32.71686857959387,-0.4544336802098397,0.20147220607822192,-0.0007200755405278869
2896,0.70703125,32.781649550359276,-0.4479988223620081,0.20172192385217613,-0.0007296201895883314
2897,0.7072753906249999,32.84643052112463,-0.4415639645141801,0.2019716416261872,-0.0007391648386487759
2898,0.70751953125,32.91121149189002,-0.43512910666634846,0.2022213594001414,-0.000748709487652377
2899,0.707763671875,32.97599246265542,-0.4286942488185168,0.20247107717415247,-0.0007582541367128215
2900,0.7080078125,33.040773433420775,-0.4222593909706889,0.2027207949481067,-0.000767798785773266
2901,0.708251953125,33.105554404186165,-0.4158245331228572,0.2029705127220609,-0.0007773434348337105
2902,0.7084960937499999,33.17033537495152,-0.4093896752750293,0.20322023049607196,-0.000786888083894155
2903,0.708740234375,33.235116345716925,-0.4029548174271977,0.20346994827002618,-0.0007964327328977561
2904,0.708984375,33.299897316482316,-0.39651995957936603,0.20371966604403724,-0.0008059773819582006
2905,0.709228515625,33.36467828724767,-0.39008510173153804,0.20396938381799146,-0.0008155220310186451
2906,0.70947265625,33.43004245560971,-0.3830236124607793,0.20421808497252414,-0.0008250882432321305
2907,0.7097167968749999,33.49628142036668,-0.3750221760556327,0.20446526119792452,-0.0008346868002604424
2908,0.7099609375,33.56252038512368,-0.3670207396504815,0.2047124374233249,-0.0008442853572319109
2909,0.710205078125,33.62875934988068,-0.3590193032453303,0.20495961364872528,-0.0008538839142602228
2910,0.71044921875,33.69499831463765,-0.3510178668401837,0.20520678987412566,-0.0008634824712316913
2911,0.710693359375,33.761237279394656,-0.3430164304350325,0.20545396609952604,-0.0008730810282600032
2912,0.7109374999999999,33.82747624415162,-0.3350149940298859,0.20570114232492642,-0.0008826795852314717
2913,0.711181640625,33.893715208908624,-0.3270135576247347,0.20594831855038365,-0.0008922781422597836
2914,0.71142578125,33.95995417366562,-0.31901212121958356,0.20619549477578403,-0.0009018766992880956
2915,0.711669921875,34.026193138422585,-0.31101068481443694,0.2064426710011844,-0.000911475256259564
2916,0.7119140625,34.0924321031796,-0.3030092484092857,0.2066898472265848,-0.000921073813287876
2917,0.7121582031249999,34.15867106793656,-0.2950078120041391,0.20693702345198517,-0.0009306723702593445
2918,0.71240234375,34.22491003269356,-0.28700637559898795,0.20718419967738555,-0.0009402709272876564
2919,0.712646484375,34.29114899745057,-0.27900493919383673,0.20743137590278593,-0.0009498694842591249
2920,0.712890625,34.35738796220753,-0.2710035027886901,0.2076785521281863,-0.0009594680412874368
2921,0.713134765625,34.42362692696453,-0.26300206638353896,0.2079257283535867,-0.0009690665982589053
2922,0.7133789062499999,34.4898658917215,-0.2550006299783923,0.20817290457898707,-0.0009786651552872172
2923,0.713623046875,34.556104856478505,-0.24699919357324115,0.20842008080438745,-0.0009882637123155291
2924,0.7138671875,34.6223438212355,-0.23899775716808994,0.20866725702978783,-0.0009978622692869976
2925,0.714111328125,34.688582785992466,-0.23099632076294332,0.20891443325518821,-0.0010074608263153095
2926,0.71435546875,34.75482175074948,-0.22299488435779213,0.2091616094805886,-0.001017059383286778
2927,0.7145996093749999,34.82106071550644,-0.21499344795264552,0.20940878570598898,-0.00102665794031509
2928,0.71484375,34.88729968026344,-0.20699201154749436,0.20965596193138936,-0.0010362564972865584
2929,0.715087890625,34.953538645020444,-0.19899057514234317,0.20990313815678974,-0.0010458550543148704
2930,0.71533203125,35.01977760977741,-0.19098913873719653,0.21015031438219012,-0.0010554536112863389
2931,0.715576171875,35.08601657453441,-0.18298770233204534,0.2103974906075905,-0.0010650521683146508
2932,0.7158203124999999,35.153305533840644,-0.17362565743767427,0.21064209652814725,-0.001074474994538832
2933,0.716064453125,35.22085699178422,-0.1639234604209918,0.2108860598725073,-0.001083853888133035
2934,0.71630859375,35.2884084497278,-0.15422126340430928,0.21113002321686736,-0.0010932327816703946
2935,0.716552734375,35.35595990767134,-0.14451906638763232,0.21137398656117057,-0.0011026116752645976
2936,0.716796875,35.42351136561492,-0.1348168693709498,0.21161794990553062,-0.0011119905688019571
2937,0.7170410156249999,35.49106282355846,-0.12511467235427282,0.21186191324989068,-0.00112136946239616
2938,0.71728515625,35.55861428150204,-0.11541247533759035,0.2121058765941939,-0.0011307483559335196
2939,0.717529296875,35.62616573944562,-0.10571027832090785,0.21234983993855394,-0.0011401272495277226
2940,0.7177734375,35.693717197389155,-0.09600808130423087,0.21259380328285715,-0.0011495061430650821
2941,0.718017578125,35.76126865533274,-0.08630588428754837,0.2128377666272172,-0.001158885036659285
2942,0.7182617187499999,35.82882011327628,-0.0766036872708714,0.21308172997157726,-0.0011682639301966447
2943,0.718505859375,35.89637157121986,-0.0669014902541889,0.21332569331588047,-0.0011776428237908476
2944,0.71875,35.96392302916344,-0.05719929323750641,0.21356965666024053,-0.0011870217173282072
2945,0.718994140625,36.03147448710698,-0.04749709622082943,0.21381362000460058,-0.0011964006108655667
2946,0.71923828125,36.099025945050556,-0.037794899204146935,0.2140575833489038,-0.0012057795044597697
2947,0.7194824218749999,36.1665774029941,-0.028092702187469953,0.21430154669326384,-0.0012151583979971292
2948,0.7197265625,36.23412886093768,-0.018390505170787462,0.2145455100376239,-0.0012245372915913322
2949,0.719970703125,36.30168031888126,-0.00868830815410497,0.2147894733819271,-0.0012339161851286917
2950,0.72021484375,36.369231776824805,0.0010138888625719877,0.21503343672628716,-0.0012432950787228947
2951,0.720458984375,36.43678323476838,0.010716085879254478,0.21527740007059037,-0.0012526739722602542
2952,0.7207031249999999,36.50433469271192,0.02041828289593146,0.21552136341495043,-0.0012620528658544572
2953,0.720947265625,36.571886150655494,0.030120479912613955,0.21576532675931048,-0.0012714317593918167
2954,0.72119140625,36.639437608599074,0.03982267692929645,0.2160092901036137,-0.0012808106529860197
2955,0.721435546875,36.70698906654261,0.04952487394597343,0.21625325344797375,-0.0012901895465233792
2956,0.7216796875,36.77454052448619,0.05922707096265594,0.2164972167923338,-0.0012995684401175822
2957,0.7219238281249999,36.842320115074855,0.06929147734870937,0.2167404013271721,-0.0013088372322727082
2958,0.72216796875,36.91101223624399,0.08080472121227618,0.21698047062409387,-0.0013176656189557434
2959,0.722412109375,36.97970435741314,0.092317965075843,0.21722053992101564,-0.0013264940056387786
2960,0.72265625,37.048396478582234,0.10383120893940329,0.21746060921793742,-0.0013353223923218138
2961,0.722900390625,37.117088599751376,0.1153444528029701,0.2177006785148592,-0.001344150779004849
2962,0.7231445312499999,37.185780720920484,0.12685769666653035,0.21794074781178097,-0.0013529791656310408
2963,0.723388671875,37.25447284208962,0.13837094053009716,0.21818081710870274,-0.001361807552314076
2964,0.7236328125,37.32316496325876,0.149884184393664,0.21842088640556767,-0.0013706359389971112
2965,0.723876953125,37.39185708442786,0.16139742825722425,0.21866095570248945,-0.0013794643256801464
2966,0.72412109375,37.460549205597005,0.17291067212079111,0.21890102499941122,-0.0013882927123631816
2967,0.7243652343749999,37.529241326766105,0.18442391598435134,0.219141094296333,-0.0013971210990462168
2968,0.724609375,37.597933447935254,0.19593715984791815,0.21938116359325477,-0.001405949485729252
2969,0.724853515625,37.66662556910439,0.207450403711485,0.21962123289017654,-0.0014147778723554438
2970,0.72509765625,37.73531769027349,0.2189636475750453,0.21986130218709832,-0.001423606259038479
2971,0.725341796875,37.80400981144263,0.23047689143861208,0.2201013714840201,-0.0014324346457215142
2972,0.7255859374999999,37.87270193261173,0.2419901353021723,0.22034144078094187,-0.0014412630324045494
2973,0.725830078125,37.94139405378088,0.2535033791657392,0.22058151007786364,-0.0014500914190875847
2974,0.72607421875,38.01008617495002,0.265016623029306,0.22082157937478541,-0.0014589198057706199
2975,0.726318359375,38.07877829611912,0.2765298668928663,0.2210616486717072,-0.001467748192453655
2976,0.7265625,38.14747041728826,0.288043110756433,0.22130171796862896,-0.0014765765791366903
2977,0.7268066406249999,38.21616253845737,0.2995563546199933,0.2215417872654939,-0.001485404965762882
2978,0.72705078125,38.284854659626504,0.3110695984835602,0.22178185656241567,-0.0014942333524459173
2979,0.727294921875,38.353546780795654,0.322582842347127,0.22202192585933744,-0.0015030617391289525
2980,0.7275390625,38.42223890196475,0.33409608621068726,0.22226199515625922,-0.0015118901258119877
2981,0.727783203125,38.49093102313389,0.3456093300742541,0.222502064453181,-0.0015207185124950229
2982,0.7280273437499999,38.559623144302996,0.35712257393781427,0.22274213375010277,-0.001529546899178058
2983,0.728271484375,38.628879209422465,0.3697676094164117,0.2229794616015397,-0.0015378097226630416
2984,0.728515625,38.698511237175495,0.383167172638363,0.2232149618225776,-0.001545695504091782
2985,0.728759765625,38.768143264928476,0.3965667358603067,0.22345046204367236,-0.0015535812855205222
2986,0.72900390625,38.8377752926815,0.40996629908225807,0.2236859622647671,-0.001561467066892419
2987,0.7292480468749999,38.90740732043449,0.42336586230420187,0.22392146248580502,-0.0015693528483211594
2988,0.7294921875,38.97703934818752,0.4367654255261531,0.22415696270689978,-0.0015772386297498997
2989,0.729736328125,39.04667137594055,0.4501649887481045,0.22439246292799453,-0.0015851244111217966
2990,0.72998046875,39.11630340369353,0.4635645519700482,0.22462796314903244,-0.0015930101925505369
2991,0.730224609375,39.18593543144655,0.47696411519199955,0.2248634633701272,-0.0016008959739792772
2992,0.7304687499999999,39.25556745919955,0.49036367841394324,0.22509896359122195,-0.001608781755351174
2993,0.730712890625,39.32519948695258,0.5037632416358946,0.2253344638123167,-0.0016166675367799144
2994,0.73095703125,39.3948315147056,0.517162804857846,0.2255699640333546,-0.0016245533182086547
2995,0.731201171875,39.46446354245858,0.5305623680797897,0.22580546425444936,-0.0016324390995805516
2996,0.7314453125,39.53409557021161,0.5439619313017411,0.22604096447554411,-0.0016403248810092919
2997,0.7316894531249999,39.6037275979646,0.5573614945236848,0.22627646469658202,-0.0016482106624380322
2998,0.73193359375,39.67335962571762,0.5707610577456362,0.22651196491767678,-0.001656096443809929
2999,0.732177734375,39.74299165347065,0.5841606209675875,0.22674746513877153,-0.0016639822252386693
3000,0.732421875,39.812623681223634,0.5975601841895313,0.22698296535980944,-0.0016718680066674096
3001,0.732666015625,39.882255708976665,0.6109597474114826,0.2272184655809042,-0.0016797537880393065
3002,0.7329101562499999,39.95188773672965,0.6243593106334263,0.22745396580199895,-0.0016876395694680468
3003,0.733154296875,40.02151976448268,0.6377588738553777,0.2276894660230937,-0.0016955253508967871
3004,0.7333984375,40.091151792235706,0.6511584370773291,0.2279249662441316,-0.001703411132268684
3005,0.733642578125,40.160783819988694,0.6645580002992727,0.22816046646522636,-0.0017112969136974243
3006,0.73388671875,40.23041584774172,0.6779575635212242,0.22839596668632112,-0.0017191826951261646
3007,0.7341308593749999,40.300047875494705,0.6913571267431678,0.22863146690735903,-0.0017270684764980615
3008,0.734375,40.369679903247736,0.7047566899651192,0.22886696712845378,-0.0017349542579268018
3009,0.734619140625,40.44001936554809,0.7200697618517088,0.22909724628425465,-0.0017414411812524122
3010,0.73486328125,40.51035882784841,0.7353828337382896,0.22932752543999868,-0.001747928104634866
3011,0.735107421875,40.58069829014877,0.7506959056248791,0.22955780459579955,-0.0017544150279604764
3012,0.7353515624999999,40.651037752449085,0.7660089775114599,0.22978808375154358,-0.0017609019513429303
3013,0.735595703125,40.72137721474944,0.7813220493980495,0.23001836290734445,-0.0017673888746685407
3014,0.73583984375,40.7917166770498,0.796635121284639,0.23024864206308848,-0.0017738757980509945
3015,0.736083984375,40.862056139350116,0.8119481931712198,0.23047892121888935,-0.001780362721376605
3016,0.736328125,40.93239560165047,0.8272612650578094,0.23070920037463338,-0.0017868496447022153
3017,0.7365722656249999,41.002735063950794,0.8425743369443902,0.23093947953043426,-0.0017933365680846691
3018,0.73681640625,41.073074526251155,0.8578874088309798,0.23116975868617828,-0.0017998234914102795
3019,0.737060546875,41.14341398855151,0.8732004807175693,0.23140003784197916,-0.0018063104147927334
3020,0.7373046875,41.213753450851826,0.8885135526041502,0.23163031699778003,-0.0018127973381183438
3021,0.737548828125,41.28409291315219,0.9038266244907398,0.23186059615352406,-0.0018192842614439542
3022,0.7377929687499999,41.354432375452504,0.9191396963773205,0.23209087530932493,-0.001825771184826408
3023,0.738037109375,41.424771837752864,0.9344527682639101,0.23232115446506896,-0.0018322581081520184
3024,0.73828125,41.495111300053225,0.9497658401504997,0.23255143362086983,-0.0018387450315344722
3025,0.738525390625,41.56545076235354,0.9650789120370806,0.23278171277661386,-0.0018452319548600826
3026,0.73876953125,41.635790224653896,0.9803919839236701,0.23301199193241473,-0.0018517188782425364
3027,0.7390136718749999,41.70612968695421,0.9957050558102508,0.23324227108815876,-0.0018582058015681469
3028,0.7392578125,41.776469149254574,1.0110181276968404,0.23347255024395963,-0.0018646927248937573
3029,0.739501953125,41.84680861155493,1.0263311995834299,0.23370282939970366,-0.001871179648276211
3030,0.73974609375,41.91714807385525,1.041644271470011,0.23393310855550453,-0.0018776665716018215
3031,0.739990234375,41.98748753615561,1.0569573433566004,0.2341633877113054,-0.0018841534949842753
3032,0.7402343749999999,42.05782699845593,1.072270415243181,0.23439366686704943,-0.0018906404183098857
3033,0.740478515625,42.12816646075628,1.0875834871297705,0.2346239460228503,-0.0018971273416923395
3034,0.74072265625,42.19868205642819,1.1036475554845873,0.2348518919777689,-0.0019028459976766499
3035,0.740966796875,42.2694618521574,1.1208381185417338,0.23507633813142093,-0.0019074122527626969
3036,0.7412109375,42.34024164788664,1.1380286815988898,0.2353007842851298,-0.001911978507848744
3037,0.7414550781249999,42.411021443615844,1.1552192446560365,0.23552523043878182,-0.0019165447628779475
3038,0.74169921875,42.48180123934509,1.1724098077131926,0.23574967659243384,-0.0019211110179639945
3039,0.741943359375,42.55258103507433,1.189600370770349,0.23597412274608587,-0.0019256772729931981
3040,0.7421875,42.62336083080355,1.2067909338274954,0.23619856889979474,-0.0019302435280792452
3041,0.742431640625,42.694140626532786,1.2239814968846516,0.23642301505344676,-0.0019348097831652922
3042,0.7426757812499999,42.764920422261994,1.2411720599417981,0.23664746120709879,-0.0019393760381944958
3043,0.742919921875,42.83570021799124,1.2583626229989544,0.23687190736080765,-0.0019439422932805428
3044,0.7431640625,42.90648001372048,1.2755531860561107,0.23709635351445968,-0.0019485085483097464
3045,0.743408203125,42.977259809449684,1.2927437491132574,0.2373207996681117,-0.0019530748033957934
3046,0.74365234375,43.04803960517893,1.3099343121704135,0.23754524582182057,-0.0019576410584818404
3047,0.7438964843749999,43.11881940090813,1.32712487522756,0.2377696919754726,-0.001962207313511044
3048,0.744140625,43.189599196637374,1.3443154382847164,0.23799413812912462,-0.001966773568597091
3049,0.744384765625,43.26037899236662,1.3615060013418725,0.23821858428277665,-0.0019713398236262947
3050,0.74462890625,43.33115878809583,1.378696564399019,0.23844303043648551,-0.0019759060787123417
3051,0.744873046875,43.40193858382507,1.3958871274561753,0.23866747659013754,-0.0019804723337983887
3052,0.7451171874999999,43.47271837955427,1.4130776905133218,0.23889192274378956,-0.0019850385888275923
3053,0.745361328125,43.543498175283524,1.4302682535704783,0.23911636889749843,-0.0019896048439136393
3054,0.74560546875,43.61427797101277,1.4474588166276343,0.23934081505115046,-0.001994171098942843
3055,0.745849609375,43.68505776674196,1.4646493796847808,0.23956526120480248,-0.00199873735402889
3056,0.74609375,43.755837562471214,1.4818399427419373,0.23978970735851135,-0.002003303609114937
3057,0.7463378906249999,43.826617358200416,1.4990305057990836,0.24001415351216338,-0.0020078698641441406
3058,0.74658203125,43.89739715392965,1.5162210688562399,0.2402385996658154,-0.0020124361192301876
3059,0.746826171875,43.968176949658904,1.5334116319133961,0.24046304581952427,-0.0020170023742593912
3060,0.7470703125,44.0390652511121,1.5520110077828073,0.2406823810296146,-0.0020195626590293614
3061,0.747314453125,44.10998067899633,1.5709625868552954,0.24090043850389975,-0.0020216214512061015
3062,0.7475585937499999,44.180896106880525,1.5899141659277727,0.24111849597812807,-0.002023680243325998
3063,0.747802734375,44.25181153476476,1.6088657450002608,0.24133655345235638,-0.0020257390355027383
3064,0.748046875,44.32272696264899,1.627817324072749,0.24155461092664154,-0.0020277978276794784
3065,0.748291015625,44.393642390533195,1.6467689031452262,0.24177266840086986,-0.002029856619799375
3066,0.74853515625,44.464557818417425,1.665720482217714,0.24199072587509818,-0.002031915411976115
3067,0.7487792968749999,44.53547324630162,1.6846720612901915,0.2422087833493265,-0.0020339742041528552
3068,0.7490234375,44.60638867418586,1.7036236403626794,0.24242684082361166,-0.0020360329963295953
3069,0.749267578125,44.67730410207008,1.7225752194351676,0.24264489829783997,-0.002038091788449492
3070,0.74951171875,44.748219529954284,1.7415267985076446,0.2428629557720683,-0.002040150580626232
3071,0.749755859375,44.819134957838514,1.7604783775801327,0.24308101324635345,-0.002042209372802972
3072,0.7500000000000001,44.890050385722745,1.7794299566526208,0.24329907072058177,-0.0020442681649797123
3073,0.750244140625,44.96096581360695,1.798381535725098,0.24351712819481008,-0.002046326957099609
3074,0.75048828125,45.03188124149118,1.8173331147975864,0.24373518566909524,-0.002048385749276349
3075,0.750732421875,45.10279666937537,1.8362846938700637,0.24395324314332356,-0.002050444541453089
3076,0.7509765625,45.1737120972596,1.8552362729425513,0.24417130061755188,-0.002052503333572986
3077,0.7512207031250001,45.24462752514384,1.8741878520150395,0.24438935809183704,-0.002054562125749726
3078,0.75146484375,45.315542953028036,1.8931394310875167,0.24460741556606536,-0.002056620917926466
3079,0.751708984375,45.38645838091227,1.9120910101600048,0.24482547304029367,-0.002058679710103206
3080,0.751953125,45.45737380879647,1.9310425892324823,0.245043530514522,-0.002060738502223103
3081,0.752197265625,45.5282892366807,1.9499941683049702,0.24526158798880715,-0.002062797294399843
3082,0.7524414062500001,45.59920466456494,1.9689457473774583,0.24547964546303547,-0.002064856086576583
3083,0.752685546875,45.67012009244913,1.9878973264499356,0.24569770293726378,-0.0020669148786964797
3084,0.7529296875,45.74103552033336,2.006848905522424,0.24591576041154894,-0.00206897367087322
3085,0.753173828125,45.81190906833579,2.0261094185063797,0.2461324431550338,-0.0020704012343344402
3086,0.75341796875,45.88261509681115,2.0466056671362636,0.24634362697565848,-0.002069303882819895
3087,0.7536621093750001,45.95332112528652,2.0671019157661474,0.24655481079622632,-0.00206820653130535
3088,0.75390625,46.02402715376185,2.0875981643960198,0.246765994616851,-0.0020671091797908048
3089,0.754150390625,46.09473318223723,2.1080944130259036,0.24697717843741884,-0.0020660118282762596
3090,0.75439453125,46.16543921071255,2.1285906616557755,0.24718836225804353,-0.0020649144767617145
3091,0.754638671875,46.23614523918792,2.14908691028566,0.24739954607861137,-0.0020638171252471693
3092,0.7548828125000001,46.3068512676633,2.1695831589155437,0.24761072989923605,-0.002062719773732624
3093,0.755126953125,46.377557296138626,2.190079407545416,0.2478219137198039,-0.002061622422218079
3094,0.75537109375,46.448263324614,2.2105756561753003,0.24803309754042857,-0.002060525070703534
3095,0.755615234375,46.518969353089325,2.231071904805172,0.24824428136105325,-0.0020594277191889887
3096,0.755859375,46.589675381564696,2.2515681534350565,0.2484554651816211,-0.002058330367731287
3097,0.7561035156250001,46.66038141004006,2.27206440206494,0.24866664900224578,-0.002057233016216742
3098,0.75634765625,46.7310874385154,2.292560650694812,0.24887783282281362,-0.0020561356647021967
3099,0.756591796875,46.801793466990766,2.3130568993246965,0.2490890166434383,-0.0020550383131876515
3100,0.7568359375,46.872499495466094,2.3335531479545684,0.24930020046400614,-0.0020539409616731064
3101,0.757080078125,46.943205523941465,2.3540493965844527,0.24951138428463082,-0.002052843610158561
3102,0.7573242187500001,47.013911552416836,2.3745456452143365,0.24972256810519866,-0.002051746258644016
3103,0.757568359375,47.084617580892164,2.3950418938442084,0.24993375192582334,-0.002050648907129471
3104,0.7578125,47.155323609367535,2.4155381424740923,0.2501449357463912,-0.0020495515556149257
3105,0.758056640625,47.22602963784286,2.436034391103965,0.25035611956701587,-0.0020484542041003806
3106,0.75830078125,47.296735666318234,2.456530639733849,0.2505673033875837,-0.0020473568525858354
3107,0.7585449218750001,47.367441694793605,2.4770268883637327,0.2507784872082084,-0.0020462595011281337
3108,0.7587890625,47.43814772326894,2.497523136993605,0.25098967102877623,-0.0020451621496135886
3109,0.759033203125,47.50885375174431,2.518019385623489,0.2512008548494009,-0.0020440647980990434
3110,0.75927734375,47.57955978021964,2.5385156342533612,0.25141203866996875,-0.0020429674465844982
3111,0.759521484375,47.649907381375,2.5597360118606938,0.2516188567947779,-0.0020395538168713756
3112,0.7597656250000001,47.7200160309837,2.5814391421196596,0.25182276445571006,-0.002034596001635691
3113,0.760009765625,47.790124680592356,2.6031422723786135,0.2520266721166422,-0.0020296381864568502
3114,0.76025390625,47.860233330201055,2.6248454026375794,0.2522305797775175,-0.0020246803712780093
3115,0.760498046875,47.93034197980971,2.6465485328965332,0.25243448743844965,-0.0020197225560991683
3116,0.7607421875,48.00045062941841,2.6682516631554987,0.2526383950993818,-0.0020147647409203273
3117,0.7609863281250001,48.07055927902711,2.6899547934144645,0.25284230276031394,-0.0020098069257414863
3118,0.76123046875,48.140667928635764,2.711657923673418,0.25304621042118924,-0.002004849110505802
3119,0.761474609375,48.21077657824446,2.7333610539323843,0.2532501180821214,-0.001999891295326961
3120,0.76171875,48.280885227853126,2.7550641841913377,0.25345402574305353,-0.00199493348014812
3121,0.761962890625,48.35099387746182,2.776767314450303,0.2536579334039857,-0.001989975664969279
3122,0.7622070312500001,48.421102527070516,2.798470444709269,0.253861841064861,-0.001985017849790438
3123,0.762451171875,48.49121117667917,2.8201735749682224,0.25406574872579313,-0.0019800600345547537
3124,0.7626953125,48.56131982628787,2.8418767052271887,0.2542696563867253,-0.0019751022193759127
3125,0.762939453125,48.631428475896534,2.863579835486142,0.2544735640476574,-0.0019701444041970717
3126,0.76318359375,48.701537125505226,2.885282965745108,0.2546774717085327,-0.0019651865890182307
3127,0.7634277343750001,48.771645775113925,2.906986096004074,0.25488137936946487,-0.0019602287738393898
3128,0.763671875,48.84175442472259,2.928689226263027,0.255085287030397,-0.001955270958660549
3129,0.763916015625,48.91186307433128,2.950392356521993,0.25528919469132916,-0.0019503131434248644
3130,0.76416015625,48.981971723939935,2.9720954867809466,0.25549310235220446,-0.0019453553282460234
3131,0.764404296875,49.052080373548634,2.9937986170399125,0.2556970100131366,-0.0019403975130671824
3132,0.7646484375000001,49.12218902315733,3.0155017472988783,0.25590091767406875,-0.0019354396978883415
3133,0.764892578125,49.19229767276599,3.0372048775578313,0.2561048253350009,-0.0019304818827095005
3134,0.76513671875,49.26240632237469,3.0589080078167976,0.2563087329958762,-0.001925524067473816
3135,0.765380859375,49.33251497198335,3.0806111380757515,0.25651264065680834,-0.0019205662522949751
3136,0.765625,49.40262362159205,3.102314268334717,0.2567165483177405,-0.0019156084371161342
3137,0.7658691406250001,49.47170211084587,3.124741436726533,0.25691286807995084,-0.001906040297740219
3138,0.76611328125,49.54078060009966,3.147168605118336,0.2571091878421612,-0.0018964721584211475
3139,0.766357421875,49.609859089353485,3.169595773510152,0.25730550760437154,-0.0018869040190452324
3140,0.7666015625,49.678937578607275,3.1920229419019557,0.2575018273665819,-0.0018773358797261608
3141,0.766845703125,49.7480160678611,3.2144501102937717,0.25769814712879224,-0.0018677677403502457
3142,0.7670898437500001,49.81709455711492,3.2368772786855873,0.25789446689105944,-0.001858199601031174
3143,0.767333984375,49.88617304636871,3.259304447077391,0.2580907866532698,-0.001848631461655259
3144,0.767578125,49.95525153562254,3.281731615469207,0.25828710641548014,-0.0018390633223361874
3145,0.767822265625,50.02433002487633,3.30415878386101,0.2584834261776905,-0.0018294951829602724
3146,0.76806640625,50.093408514130154,3.326585952252826,0.25867974593990084,-0.0018199270436412007
3147,0.7683105468750001,50.16248700338398,3.349013120644642,0.2588760657021112,-0.0018103589042652857
3148,0.7685546875,50.23156549263776,3.371440289036445,0.25907238546432154,-0.001800790764946214
3149,0.768798828125,50.3006439818916,3.3938674574282612,0.2592687052265319,-0.001791222625570299
3150,0.76904296875,50.36972247114538,3.416294625820064,0.25946502498874224,-0.001781654486194384
3151,0.769287109375,50.43880096039921,3.4387217942118804,0.2596613447509526,-0.0017720863468753123
3152,0.7695312500000001,50.50787944965303,3.4611489626036964,0.2598576645132198,-0.0017625182074993972
3153,0.769775390625,50.57695793890683,3.4835761309954996,0.26005398427543014,-0.0017529500681803256
3154,0.77001953125,50.64603642816065,3.5060032993873156,0.2602503040376405,-0.0017433819288044106
3155,0.770263671875,50.71511491741444,3.528430467779119,0.26044662379985084,-0.001733813789485339
3156,0.7705078125,50.784193406668265,3.550857636170935,0.2606429435620612,-0.0017242456501094239
3157,0.7707519531250001,50.85327189592209,3.5732848045627508,0.26083926332427154,-0.0017146775107903522
3158,0.77099609375,50.92235038517588,3.5957119729545544,0.2610355830864819,-0.0017051093714144372
3159,0.771240234375,50.99142887442971,3.6181391413463704,0.26123190284869224,-0.0016955412320953656
3160,0.771484375,51.06050736368349,3.640566309738173,0.2614282226109026,-0.0016859730927194505
3161,0.771728515625,51.129585852937325,3.6629934781299895,0.26162454237311294,-0.0016764049534003789
3162,0.7719726562500001,51.198060784920976,3.6854488295075516,0.26181774028754035,-0.0016646804189122122
3163,0.772216796875,51.26563038099933,3.707946455363721,0.26200625543020806,-0.001649721291869355
3164,0.7724609375,51.33319997707773,3.7304440812199027,0.2621947705729326,-0.0016347621647696542
3165,0.772705078125,51.40076957315609,3.7529417070760727,0.2623832857156003,-0.001619803037726797
3166,0.77294921875,51.46833916923448,3.7754393329322546,0.2625718008583249,-0.0016048439106270962
3167,0.7731933593750001,51.53590876531288,3.797936958788437,0.2627603160009926,-0.001589884783584239
3168,0.7734375,51.60347836139124,3.8204345846446057,0.2629488311436603,-0.0015749256564845382
3169,0.773681640625,51.67104795746963,3.8429322105007877,0.26313734628638485,-0.0015599665293848375
3170,0.77392578125,51.73861755354798,3.8654298363569577,0.26332586142905257,-0.0015450074023419802
3171,0.774169921875,51.80618714962639,3.8879274622131397,0.2635143765717771,-0.0015300482752422795
3172,0.7744140625000001,51.873756745704775,3.910425088069322,0.26370289171444483,-0.0015150891481994222
3173,0.774658203125,51.94132634178313,3.9329227139254908,0.2638914068571694,-0.0015001300210997215
3174,0.77490234375,52.00889593786153,3.9554203397816727,0.2640799219998371,-0.0014851708940568642
3175,0.775146484375,52.07646553393989,3.9779179656378427,0.2642684371425048,-0.0014702117669571635
3176,0.775390625,52.14403513001828,4.000415591494025,0.26445695228522936,-0.0014552526399143062
3177,0.7756347656250001,52.211604726096674,4.022913217350207,0.2646454674278971,-0.0014402935128146055
3178,0.77587890625,52.27917432217504,4.045410843206376,0.26483398257062163,-0.0014253343857149048
3179,0.776123046875,52.34674391825343,4.067908469062558,0.26502249771328934,-0.0014103752586720475
3180,0.7763671875,52.41431351433179,4.090406094918728,0.2652110128560139,-0.0013954161315723468
3181,0.776611328125,52.48188311041017,4.11290372077491,0.2653995279986816,-0.0013804570045294895
3182,0.7768554687500001,52.54945270648858,4.135401346631092,0.2655880431413493,-0.0013654978774297888
3183,0.777099609375,52.61702230256693,4.157898972487261,0.26577655828407387,-0.0013505387503869315
3184,0.77734375,52.68459189864532,4.180396598343443,0.2659650734267416,-0.0013355796232872308
3185,0.777587890625,52.75216149472368,4.202894224199613,0.26615358856946614,-0.00132062049618753
3186,0.77783203125,52.81973109080208,4.225391850055795,0.26634210371213385,-0.0013056613691446728
3187,0.7780761718750001,52.88730068688047,4.247889475911977,0.2665306188548584,-0.001290702242044972
3188,0.7783203125,52.953243402956375,4.26976210760715,0.26671279285551464,-0.0012707973582450904
3189,0.778564453125,53.018779399031686,4.291478490762087,0.2668933815706964,-0.0012496560352133201
3190,0.77880859375,53.084315395106955,4.31319487391701,0.2670739702858782,-0.0012285147121815498
3191,0.779052734375,53.149851391182274,4.334911257071947,0.26725455900106,-0.001207373389206623
3192,0.7792968750000001,53.21538738725759,4.356627640226883,0.2674351477162986,-0.0011862320661748527
3193,0.779541015625,53.28092338333287,4.378344023381806,0.2676157364314804,-0.0011650907431430824
3194,0.77978515625,53.346459379408174,4.400060406536743,0.2677963251466622,-0.0011439494201681555
3195,0.780029296875,53.41199537548346,4.421776789691667,0.26797691386184397,-0.0011228080971363852
3196,0.7802734375,53.47753137155877,4.443493172846604,0.26815750257702575,-0.0011016667741046149
3197,0.7805175781250001,53.54306736763408,4.465209556001541,0.26833809129220754,-0.001080525451129688
3198,0.78076171875,53.608603363709356,4.486925939156464,0.2685186800073893,-0.0010593841280979177
3199,0.781005859375,53.67413935978467,4.508642322311401,0.2686992687225711,-0.0010382428050661474
3200,0.78125,53.73967535585995,4.530358705466325,0.2688798574377529,-0.0010171014820912205
3201,0.781494140625,53.80521135193526,4.55207508862126,0.2690604461529915,-0.0009959601590594502
3202,0.7817382812500001,53.870747348010575,4.573791471776197,0.2692410348681733,-0.0009748188360276799
3203,0.781982421875,53.93628334408585,4.595507854931121,0.2694216235833551,-0.0009536775129959096
3204,0.7822265625,54.00181934016117,4.617224238086058,0.26960221229853687,-0.0009325361900209828
3205,0.782470703125,54.067355336236446,4.638940621240981,0.26978280101371865,-0.0009113948669892125
3206,0.78271484375,54.13289133231176,4.660657004395918,0.26996338972890044,-0.0008902535439574422
3207,0.7829589843750001,54.19842732838707,4.682373387550855,0.2701439784440822,-0.0008691122209825153
3208,0.783203125,54.26396332446235,4.704089770705779,0.270324567159264,-0.000847970897950745
3209,0.783447265625,54.329499320537664,4.725806153860714,0.27050515587450263,-0.0008268295749189747
3210,0.78369140625,54.39503531661294,4.747522537015638,0.2706857445896844,-0.0008056882519440478
3211,0.783935546875,54.46057131268825,4.769238920170575,0.2708663333048662,-0.0007845469289122775
3212,0.7841796875000001,54.52610730876357,4.790955303325512,0.271046922020048,-0.0007634056058805072
3213,0.784423828125,54.591122720168755,4.812299678448521,0.2712259191794715,-0.0007408728450286617
3214,0.78466796875,54.65405579289362,4.832156021443882,0.2713985501159186,-0.0007127743328965153
3215,0.784912109375,54.71698886561844,4.852012364439231,0.2715711810523658,-0.0006846758207075254
3216,0.78515625,54.7799219383433,4.871868707434592,0.2717438119888129,-0.000656577308575379
3217,0.7854003906250001,54.84285501106817,4.8917250504299545,0.27191644292526007,-0.0006284787963863891
3218,0.78564453125,54.905788083792984,4.911581393425304,0.2720890738617072,-0.0006003802842542427
3219,0.785888671875,54.968721156517844,4.931437736420664,0.27226170479815437,-0.0005722817720652529
3220,0.7861328125,55.031654229242676,4.951294079416014,0.2724343357345447,-0.0005441832599331065
3221,0.786376953125,55.094587301967536,4.971150422411376,0.2726069666709918,-0.0005160847477441166
3222,0.7866210937500001,55.15752037469239,4.991006765406736,0.272779597607439,-0.0004879862356119702
3223,0.786865234375,55.22045344741722,5.010863108402086,0.2729522285438861,-0.00045988772347982376
3224,0.787109375,55.28338652014208,5.030719451397447,0.27312485948033327,-0.0004317892112908339
3225,0.787353515625,55.346319592866905,5.050575794392798,0.2732974904167804,-0.0004036906991586875
3226,0.78759765625,55.409252665591765,5.070432137388159,0.27347012135322757,-0.00037559218696969765
3227,0.7878417968750001,55.472185738316625,5.090288480383519,0.2736427522896747,-0.0003474936748375512
3228,0.7880859375,55.53511881104146,5.110144823378869,0.27381538322612187,-0.0003193951626485614
3229,0.788330078125,55.59805188376631,5.130001166374231,0.273988014162569,-0.00029129665051641496
3230,0.78857421875,55.660984956491134,5.14985750936958,0.2741606450989593,-0.0002631981383274251
3231,0.788818359375,55.723918029215994,5.169713852364941,0.27433327603540647,-0.0002350996261952787
3232,0.7890625000000001,55.78685110194086,5.189570195360302,0.2745059069718536,-0.00020700111400628884
3233,0.789306640625,55.84978417466568,5.209426538355652,0.27467853790830077,-0.00017890260187414242
3234,0.78955078125,55.91271724739054,5.229282881351014,0.2748511688447479,-0.00015080408968515258
3235,0.789794921875,55.97565032011537,5.249139224346362,0.27502379978119507,-0.00012270557755300615
3236,0.7900390625,56.03858339284022,5.268995567341724,0.2751964307176422,-9.460706536401631e-05
3237,0.7902832031250001,56.1015164655651,5.288851910337086,0.27536906165408936,-6.650855323186988e-05
3238,0.79052734375,56.16444953828992,5.308708253332435,0.2755416925905365,-3.841004104288004e-05
3239,0.790771484375,56.225454294940114,5.3266469189739,0.27570957923751394,-5.702559917608596e-06
3240,0.791015625,56.285173507540506,5.34330713304609,0.2758743030249775,3.0077567146236106e-05
3241,0.791259765625,56.34489272014092,5.359967347118292,0.27603902681238424,6.585769426692423e-05
3242,0.7915039062500001,56.404611932741346,5.376627561190491,0.27620375059979096,0.00010163782133076893
3243,0.791748046875,56.46433114534173,5.393287775262681,0.2763684743871977,0.00013741794845145705
3244,0.7919921875,56.52405035794216,5.409947989334882,0.2765331981746044,0.00017319807551530175
3245,0.792236328125,56.58376957054255,5.426608203407072,0.27669792196201115,0.00020897820263598987
3246,0.79248046875,56.64348878314297,5.443268417479272,0.2768626457494179,0.0002447583296998346
3247,0.7927246093750001,56.7032079957434,5.459928631551473,0.27702736953688145,0.0002805384568205227
3248,0.79296875,56.762927208343775,5.476588845623663,0.2771920933242882,0.0003163185838843674
3249,0.793212890625,56.8226464209442,5.493249059695864,0.2773568171116949,0.0003520987110050555
3250,0.79345703125,56.88236563354459,5.509909273768054,0.27752154089910164,0.0003878788380689002
3251,0.793701171875,56.942084846145015,5.526569487840254,0.27768626468650837,0.00042365896518958834
3252,0.7939453125000001,57.00180405874543,5.543229701912455,0.2778509884739151,0.00045943909231027646
3253,0.794189453125,57.06152327134583,5.559889915984645,0.2780157122613218,0.0004952192193741212
3254,0.79443359375,57.121242483946254,5.576550130056846,0.2781804360487854,0.0005309993464948093
3255,0.794677734375,57.18096169654663,5.593210344129036,0.2783451598361921,0.000566779473558654
3256,0.794921875,57.24068090914706,5.609870558201235,0.27850988362359885,0.0006025596006793421
3257,0.7951660156250001,57.30040012174748,5.626530772273437,0.2786746074110056,0.0006383397277431868
3258,0.79541015625,57.36011933434787,5.643190986345627,0.2788393311984123,0.0006741198548638749
3259,0.795654296875,57.419838546948284,5.659851200417826,0.27900405498581904,0.0007098999819277196
3260,0.7958984375,57.479557759548676,5.676511414490018,0.27916877877322577,0.0007456801090484078
3261,0.796142578125,57.539276972149096,5.693171628562218,0.27933350256068934,0.0007814602361122525
3262,0.7963867187500001,57.59899618474951,5.709831842634419,0.27949822634809607,0.0008172403632329406
3263,0.796630859375,57.658715397349916,5.726492056706609,0.2796629501355028,0.0008530204902967853
3264,0.796875,57.718434609950336,5.743152270778806,0.2798276739229095,0.0008888006174174734
3265,0.797119140625,57.77429228088743,5.754991999032968,0.27998461131011254,0.0009328930645438049
3266,0.79736328125,57.83014995182456,5.766831727287136,0.2801415486972587,0.0009769855116701365
3267,0.7976074218750001,57.88600762276168,5.7786714555413035,0.28029848608446173,0.001021077958796468
3268,0.7978515625,57.94186529369878,5.790511183795464,0.28045542347166474,0.0010651704059227995
3269,0.798095703125,57.997722964635905,5.802350912049632,0.28061236085886776,0.001109262853049131
3270,0.79833984375,58.05358063557302,5.814190640303794,0.28076929824601393,0.0011533553001754626
3271,0.798583984375,58.10943830651014,5.826030368557961,0.28092623563321695,0.0011974477473017942
3272,0.7988281250000001,58.16529597744727,5.8378700968121295,0.28108317302041996,0.0012415401944281257
3273,0.799072265625,58.221153648384366,5.849709825066291,0.281240110407623,0.0012856326415544572
3274,0.79931640625,58.277011319321495,5.861549553320459,0.28139704779476915,0.0013297250886807888
3275,0.799560546875,58.33286899025859,5.87338928157462,0.28155398518197217,0.0013738175358071203
3276,0.7998046875,58.38872666119572,5.885229009828788,0.2817109225691752,0.0014179099829334518
3277,0.8000488281250001,58.44458433213285,5.897068738082956,0.2818678599563782,0.0014620024300597834
3278,0.80029296875,58.500442003069956,5.908908466337117,0.28202479734352437,0.001506094877186115
3279,0.800537109375,58.55629967400708,5.920748194591284,0.2821817347307274,0.0015501873243124464
3280,0.80078125,58.61215734494418,5.932587922845446,0.2823386721179304,0.0015942797713819346
3281,0.801025390625,58.6680150158813,5.944427651099614,0.2824956095050766,0.001638372218508266
3282,0.8012695312500001,58.72387268681844,5.956267379353783,0.2826525468922796,0.0016824646656345976
3283,0.801513671875,58.779730357755525,5.968107107607943,0.2828094842794826,0.0017265571127609292
3284,0.8017578125,58.83558802869266,5.979946835862111,0.2829664216666856,0.0017706495598872607
3285,0.802001953125,58.89144569962976,5.991786564116273,0.2831233590538318,0.0018147420070135922
3286,0.80224609375,58.94730337056689,6.00362629237044,0.2832802964410348,0.0018588344541399238
3287,0.8024902343750001,59.00316104150403,6.015466020624608,0.2834372338282378,0.0019029269012662553
3288,0.802734375,59.059018712441116,6.027305748878769,0.28359417121544084,0.0019470193483925868
3289,0.802978515625,59.114876383378245,6.039145477132937,0.283751108602587,0.0019911117955189184
3290,0.80322265625,59.16891842257013,6.048279467320148,0.28390500202999647,0.002038722652002889
3291,0.803466796875,59.22023701414422,6.053354850406932,0.284054329517744,0.002091611122523318
3292,0.8037109375000001,59.2715556057183,6.058430233493715,0.2842036570054347,0.002144499593043747
3293,0.803955078125,59.32287419729236,6.063505616580494,0.28435298449318225,0.0021973880635641763
3294,0.80419921875,59.374192788866445,6.068580999667278,0.28450231198087295,0.0022502765340846054
3295,0.804443359375,59.425511380440504,6.073656382754058,0.2846516394686205,0.0023031650046050345
3296,0.8046875,59.476829972014585,6.078731765840842,0.2848009669563112,0.0023560534751254636
3297,0.8049316406250001,59.52814856358868,6.083807148927624,0.2849502944440587,0.0024089419456458927
3298,0.80517578125,59.57946715516273,6.088882532014405,0.28509962193180627,0.002461830416166322
3299,0.805419921875,59.63078574673683,6.093957915101189,0.28524894941949697,0.002514718886686751
3300,0.8056640625,59.682104338310886,6.099033298187969,0.2853982769072445,0.00256760735720718
3301,0.805908203125,59.73342292988497,6.104108681274751,0.2855476043949352,0.002620495827727609
3302,0.8061523437500001,59.784741521459054,6.109184064361535,0.28569693188268275,0.0026733842982480382
3303,0.806396484375,59.836060113033106,6.114259447448315,0.28584625937037345,0.0027262727687684674
3304,0.806640625,59.887378704607194,6.119334830535099,0.285995586858121,0.0027791612392888965
3305,0.806884765625,59.93869729618125,6.1244102136218785,0.2861449143458117,0.0028320497098093256
3306,0.80712890625,59.990015887755334,6.129485596708662,0.2862942418335592,0.0028849381803297547
3307,0.8073730468750001,60.04133447932942,6.134560979795446,0.28644356932130677,0.002937826650850184
3308,0.8076171875,60.09265307090348,6.139636362882226,0.28659289680899747,0.002990715121370613
3309,0.807861328125,60.14397166247756,6.144711745969009,0.286742224296745,0.003043603591891042
3310,0.80810546875,60.19529025405162,6.149787129055789,0.2868915517844357,0.003096492062411471
3311,0.808349609375,60.246608845625715,6.154862512142572,0.28704087927218325,0.0031493805329319002
3312,0.8085937500000001,60.2979274371998,6.159937895229356,0.28719020675987394,0.0032022690034523293
3313,0.808837890625,60.34924602877386,6.165013278316136,0.2873395342476215,0.0032551574739727585
3314,0.80908203125,60.40056462034794,6.170088661402919,0.2874888617353122,0.0033080459444931876
3315,0.809326171875,60.45188321192201,6.1751640444897,0.2876381892230597,0.0033609344150136167
3316,0.8095703125,60.49901180496799,6.172992776238881,0.287781601933375,0.0034210771885341273
3317,0.8098144531250001,60.54509289838196,6.169009845153658,0.28792353594940323,0.0034830335378046584
3318,0.81005859375,60.59117399179589,6.165026914068438,0.2880654699654315,0.0035449898870751895
3319,0.810302734375,60.63725508520985,6.161043982983215,0.2882074039814029,0.0036069462363457205
3320,0.810546875,60.68333617862379,6.157061051897994,0.2883493379974311,0.003668902585559408
3321,0.810791015625,60.72941727203776,6.153078120812771,0.28849127201345937,0.0037308589348299392
3322,0.8110351562500001,60.77549836545172,6.149095189727548,0.28863320602943077,0.0037928152841004703
3323,0.811279296875,60.821579458865656,6.145112258642327,0.288775140045459,0.0038547716333710014
3324,0.8115234375,60.867660552279624,6.141129327557104,0.2889170740614304,0.003916727982584689
3325,0.811767578125,60.913741645693555,6.137146396471884,0.28905900807745866,0.00397868433185522
3326,0.81201171875,60.959822739107516,6.133163465386661,0.2892009420934869,0.004040640681125751
3327,0.8122558593750001,61.00590383252148,6.1291805343014385,0.2893428761094583,0.004102597030396282
3328,0.8125,61.05198492593542,6.125197603216217,0.28948481012548655,0.00416455337960997
3329,0.812744140625,61.09806601934938,6.121214672130994,0.2896267441415148,0.004226509728880501
3330,0.81298828125,61.14414711276333,6.117231741045774,0.2897686781574862,0.004288466078151032
3331,0.813232421875,61.19022820617729,6.1132488099605515,0.28991061217351444,0.004350422427421563
3332,0.8134765625000001,61.23630929959125,6.109265878875328,0.2900525461895427,0.004412378776692094
3333,0.813720703125,61.282390393005194,6.105282947790107,0.2901944802055141,0.004474335125905782
3334,0.81396484375,61.32847148641915,6.101300016704884,0.2903364142215423,0.004536291475176313
3335,0.814208984375,61.374552579833086,6.097317085619663,0.29047834823751373,0.004598247824446844
3336,0.814453125,61.42063367324705,6.09333415453444,0.290620282253542,0.004660204173717375
3337,0.8146972656250001,61.46671476666101,6.089351223449217,0.2907622162695702,0.004722160522931063
3338,0.81494140625,61.51279586007495,6.085368292363997,0.2909041502855416,0.004784116872201594
3339,0.815185546875,61.55887695348892,6.081385361278774,0.29104608430156986,0.004846073221472125
3340,0.8154296875,61.60495804690286,6.077402430193553,0.29118801831754126,0.004908029570742656
3341,0.815673828125,61.64984998503348,6.07107321084507,0.29132852167697365,0.004971795912183552
3342,0.8159179687500001,61.68998530203077,6.055358838443528,0.29146330241007945,0.005042802222362752
3343,0.816162109375,61.730120619028035,6.039644466041995,0.2915980831431284,0.0051138085325419524
3344,0.81640625,61.77025593602532,6.0239300936404545,0.2917328638762342,0.005184814842721153
3345,0.816650390625,61.810391253022594,6.008215721238922,0.29186764460934,0.0052558211528435095
3346,0.81689453125,61.85052657001986,5.99250134883738,0.29200242534238896,0.00532682746302271
3347,0.8171386718750001,61.89066188701715,5.9767869764358394,0.29213720607549476,0.00539783377320191
3348,0.8173828125,61.93079720401442,5.961072604034307,0.2922719868085437,0.00546884008338111
3349,0.817626953125,61.970932521011704,5.945358231632765,0.2924067675416495,0.00553984639356031
3350,0.81787109375,62.01106783800897,5.929643859231232,0.29254154827469847,0.005610852703739511
3351,0.818115234375,62.051203155006256,5.913929486829691,0.29267632900780427,0.005681859013918711
3352,0.8183593750000001,62.09133847200354,5.89821511442815,0.29281110974091007,0.005752865324097911
3353,0.818603515625,62.131473789000815,5.882500742026617,0.292945890473959,0.005823871634277111
3354,0.81884765625,62.17160910599809,5.866786369625076,0.2930806712070648,0.0058948779444563115
3355,0.819091796875,62.21174442299535,5.851071997223543,0.2932154519401138,0.005965884254578668
3356,0.8193359375,62.25187973999264,5.835357624822002,0.2933502326732196,0.0060368905647578686
3357,0.8195800781250001,62.292015056989925,5.819643252420461,0.29348501340626854,0.006107896874937069
3358,0.81982421875,62.3321503739872,5.803928880018928,0.29361979413937433,0.006178903185116269
3359,0.820068359375,62.372285690984484,5.788214507617386,0.2937545748724233,0.006249909495295469
3360,0.8203125,62.41242100798174,5.772500135215854,0.2938893556055291,0.0063209158054746695
3361,0.820556640625,62.452556324979035,5.756785762814313,0.2940241363386349,0.00639192211565387
3362,0.8208007812500001,62.49269164197631,5.741071390412771,0.29415891707168385,0.00646292842583307
3363,0.821044921875,62.53282695897358,5.7253570180112385,0.29429369780478964,0.00653393473601227
3364,0.8212890625,62.572962275970866,5.709642645609698,0.2944284785378386,0.00660494104619147
3365,0.821533203125,62.613097592968124,5.693928273208165,0.2945632592709444,0.006675947356370671
3366,0.82177734375,62.65323290996542,5.6782139008066235,0.29469804000399336,0.006746953666493027
3367,0.8220214843750001,62.689377623213424,5.6536137798648065,0.29482867788408385,0.006823149820036178
3368,0.822265625,62.7228619339619,5.623089826562836,0.29495655386222097,0.006902805869117401
3369,0.822509765625,62.7563462447104,5.592565873260847,0.29508442984030125,0.006982461918198624
3370,0.82275390625,62.78983055545886,5.562041919958875,0.29521230581838154,0.007062117967279846
3371,0.822998046875,62.82331486620736,5.531517966656886,0.2953401817964618,0.007141774016361069
3372,0.8232421875000001,62.85679917695586,5.500994013354898,0.2954680577745421,0.007221430065442291
3373,0.823486328125,62.89028348770434,5.470470060052927,0.2955959337526224,0.0073010861144666706
3374,0.82373046875,62.92376779845283,5.439946106750938,0.2957238097307595,0.007380742163547893
3375,0.823974609375,62.95725210920131,5.409422153448967,0.2958516857088398,0.007460398212629116
3376,0.82421875,62.99073641994979,5.378898200146978,0.2959795616869201,0.007540054261710338
3377,0.8244628906250001,63.02422073069829,5.348374246844989,0.29610743766500036,0.007619710310791561
3378,0.82470703125,63.057705041446766,5.317850293543017,0.29623531364308064,0.0076993663598727835
3379,0.824951171875,63.091189352195265,5.287326340241028,0.29636318962121777,0.007779022408954006
3380,0.8251953125,63.12467366294374,5.256802386939056,0.29649106559929805,0.007858678458035229
3381,0.825439453125,63.15815797369224,5.226278433637068,0.29661894157737834,0.007938334507116451
3382,0.8256835937500001,63.19164228444074,5.195754480335079,0.2967468175554586,0.008017990556197674
3383,0.825927734375,63.22512659518922,5.165230527033107,0.2968746935335389,0.008097646605278896
3384,0.826171875,63.258610905937694,5.134706573731118,0.29700256951167603,0.008177302654360119
3385,0.826416015625,63.292095216686185,5.104182620429148,0.2971304454897563,0.008256958703441342
3386,0.82666015625,63.32557952743467,5.073658667127159,0.2972583214678366,0.00833661475246572
3387,0.8269042968750001,63.35906383818317,5.043134713825171,0.2973861974459169,0.008416270801546943
3388,0.8271484375,63.392548148931645,5.012610760523199,0.29751407342399716,0.008495926850628166
3389,0.827392578125,63.426032459680144,4.98208680722121,0.29764194940207744,0.008575582899709389
3390,0.82763671875,63.45951677042862,4.9515628539192384,0.29776982538021457,0.008655238948790611
3391,0.827880859375,63.49300108117711,4.9210389006172495,0.29789770135829485,0.008734894997871834
3392,0.8281250000000001,63.5264853919256,4.89051494731525,0.29802557733637514,0.008814551046953056
3393,0.828369140625,63.5526310201606,4.84167775239079,0.29814679170908676,0.008901965757047492
3394,0.82861328125,63.57877664839559,4.7928405574663016,0.2982680060818552,0.008989380467141928
3395,0.828857421875,63.60492227663058,4.744003362541842,0.29838922045456684,0.009076795177236363
3396,0.8291015625,63.631067904865574,4.695166167617354,0.2985104348273353,0.009164209887330799
3397,0.8293457031250001,63.65721353310059,4.646328972692866,0.2986316492000469,0.009251624597425234
3398,0.82958984375,63.68335916133558,4.597491777768407,0.2987528635728154,0.00933903930751967
3399,0.829833984375,63.70950478957057,4.548654582843918,0.298874077945527,0.009426454017614105
3400,0.830078125,63.73565041780557,4.4998173879194585,0.29899529231829547,0.009513868727708541
3401,0.830322265625,63.761796046040565,4.450980192994971,0.2991165066910071,0.009601283437802977
3402,0.8305664062500001,63.787941674275565,4.402142998070484,0.29923772106377555,0.009688698147897412
3403,0.830810546875,63.81408730251056,4.353305803146022,0.2993589354364872,0.009776112857991848
3404,0.8310546875,63.84023293074556,4.304468608221535,0.29948014980925564,0.009863527568086283
3405,0.831298828125,63.86637855898055,4.255631413297075,0.29960136418196726,0.009950942278180719
3406,0.83154296875,63.89252418721554,4.206794218372587,0.2997225785547357,0.010038356988275154
3407,0.8317871093750001,63.918669815450556,4.157957023448099,0.29984379292744734,0.01012577169836959
3408,0.83203125,63.944815443685535,4.109119828523639,0.2999650073002158,0.010213186408464026
3409,0.832275390625,63.97096107192054,4.060282633599151,0.3000862216729274,0.010300601118558461
3410,0.83251953125,63.997106700155534,4.011445438674691,0.3002074360456959,0.010388015828652897
3411,0.832763671875,64.02325232839053,3.9626082437502026,0.3003286504184075,0.010475430538747332
3412,0.8330078125000001,64.04939795662553,3.913771048825715,0.30044986479117597,0.010562845248841768
3413,0.833251953125,64.07554358486053,3.864933853901255,0.3005710791638876,0.010650259958936203
3414,0.83349609375,64.10168921309553,3.8160966589767678,0.30069229353665605,0.010737674669030639
3415,0.833740234375,64.12783484133051,3.7672594640523074,0.3008135079093677,0.010825089379125075
3416,0.833984375,64.15398046956551,3.718422269127819,0.30093472228213614,0.01091250408921951
3417,0.8342285156250001,64.18012609780052,3.6695850742033316,0.30105593665484776,0.010999918799313946
3418,0.83447265625,64.2030744771411,3.611846104751937,0.30117457699299166,0.01108983393123708
3419,0.834716796875,64.22122698314007,3.540754473510087,0.30128935627925557,0.011183499695903265
3420,0.8349609375,64.23937948913903,3.469662842268277,0.3014041355655763,0.01127716546056945
3421,0.835205078125,64.25753199513801,3.3985712110264275,0.30151891485184024,0.01137083122517879
3422,0.8354492187500001,64.27568450113698,3.3274795797845784,0.30163369413810415,0.011464496989844974
3423,0.835693359375,64.29383700713595,3.256387948542769,0.30174847342436806,0.011558162754511159
3424,0.8359375,64.31198951313492,3.185296317300919,0.30186325271063197,0.011651828519177343
3425,0.836181640625,64.33014201913389,3.1142046860591095,0.3019780319968959,0.011745494283843527
3426,0.83642578125,64.34829452513286,3.0431130548172596,0.30209281128321663,0.011839160048452868
3427,0.8366699218750001,64.36644703113183,2.97202142357541,0.30220759056948054,0.011932825813119052
3428,0.8369140625,64.3845995371308,2.9009297923336006,0.30232236985574445,0.012026491577785237
3429,0.837158203125,64.40275204312977,2.8298381610917507,0.30243714914200837,0.01212015734245142
3430,0.83740234375,64.42090454912874,2.758746529849941,0.3025519284282723,0.012213823107060762
3431,0.837646484375,64.4390570551277,2.6876548986080913,0.3026667077145362,0.012307488871726946
3432,0.8378906250000001,64.45720956112669,2.6165632673662422,0.30278148700085694,0.01240115463639313
3433,0.838134765625,64.47536206712564,2.5454716361244327,0.30289626628712085,0.012494820401059314
3434,0.83837890625,64.49351457312461,2.474380004882583,0.30301104557338476,0.012588486165668655
3435,0.838623046875,64.51166707912358,2.4032883736407733,0.3031258248596487,0.01268215193033484
3436,0.8388671875,64.52981958512257,2.3321967423989234,0.3032406041459126,0.012775817695001024
3437,0.8391113281250001,64.54797209112154,2.2611051111570735,0.3033553834321765,0.012869483459667208
3438,0.83935546875,64.56612459712049,2.1900134799152644,0.30347016271849725,0.012963149224333392
3439,0.839599609375,64.58427710311948,2.1189218486734145,0.30358494200476116,0.013056814988942733
3440,0.83984375,64.60242960911845,2.047830217431605,0.30369972129102507,0.013150480753608917
3441,0.840087890625,64.6205821151174,1.9767385861897553,0.303814500577289,0.013244146518275102
3442,0.8403320312500001,64.63873462111638,1.9056469549479056,0.3039292798635529,0.013337812282941286
3443,0.840576171875,64.65688712711535,1.834555323706096,0.3040440591498168,0.013431478047550627
3444,0.8408203125,64.66816122617891,1.7421579356461432,0.3041538516568494,0.013528330735198324
3445,0.841064453125,64.67771572350863,1.644434108381708,0.30426239746907413,0.013625980153562978
3446,0.84130859375,64.68727022083834,1.546710281117218,0.30437094328124203,0.013723629571927631
3447,0.8415527343750001,64.69682471816806,1.4489864538527273,0.3044794890934668,0.013821278990349128
3448,0.841796875,64.70637921549776,1.3512626265882925,0.3045880349056347,0.013918928408713782
3449,0.842041015625,64.71593371282748,1.2535387993238019,0.30469658071785943,0.014016577827078436
3450,0.84228515625,64.7254882101572,1.1558149720593673,0.30480512653002734,0.01411422724544309
3451,0.842529296875,64.7350427074869,1.0580911447948769,0.3049136723422521,0.014211876663807743
3452,0.8427734375000001,64.74459720481663,0.9603673175303863,0.30502221815442,0.014309526082172397
3453,0.843017578125,64.75415170214633,0.8626434902659517,0.30513076396664474,0.014407175500593894
3454,0.84326171875,64.76370619947605,0.7649196630014612,0.30523930977881264,0.014504824918958548
3455,0.843505859375,64.77326069680576,0.6671958357370262,0.3053478555910374,0.014602474337323201
3456,0.84375,64.78281519413547,0.569472008472536,0.30545640140326213,0.014700123755687855
3457,0.8439941406250001,64.79236969146518,0.4717481812080455,0.30556494721543004,0.014797773174052509
3458,0.84423828125,64.8019241887949,0.3740243539436107,0.3056734930276548,0.014895422592417162
3459,0.844482421875,64.8114786861246,0.27630052667912036,0.3057820388398227,0.014993072010781816
3460,0.8447265625,64.82103318345432,0.1785766994146855,0.30589058465204744,0.015090721429203313
3461,0.844970703125,64.83058768078403,0.08085287215019522,0.30599913046421534,0.015188370847567967
3462,0.8452148437500001,64.84014217811375,-0.01687095511429526,0.3061076762764401,0.01528602026593262
3463,0.845458984375,64.84969667544345,-0.11459478237873032,0.306216222088608,0.015383669684297274
3464,0.845703125,64.85925117277317,-0.2123186096432204,0.30632476790083274,0.015481319102661928
3465,0.845947265625,64.86880567010289,-0.3100424369076554,0.30643331371300064,0.015578968521026582
3466,0.84619140625,64.87836016743259,-0.40776626417214595,0.3065418595252254,0.01567661793944808
3467,0.8464355468750001,64.8879146647623,-0.505490091436636,0.3066504053373933,0.015774267357812732
3468,0.8466796875,64.89746916209202,-0.6032139187010711,0.30675895114961804,0.015871916776177386
3469,0.846923828125,64.9051962501807,-0.7072230007120347,0.3068662845968788,0.01596972543740094
3470,0.84716796875,64.90561370130523,-0.8363731017087647,0.30696876858439737,0.016068171069946402
3471,0.847412109375,64.90603115242975,-0.9655232027055678,0.30707125257197276,0.01616661670254871
3472,0.8476562500000001,64.90644860355428,-1.0946733037023713,0.3071737365594913,0.01626506233509417
3473,0.847900390625,64.90686605467879,-1.223823404699101,0.30727622054700987,0.016363507967639634
3474,0.84814453125,64.90728350580332,-1.3529735056959045,0.30737870453458527,0.01646195360024194
3475,0.848388671875,64.90770095692785,-1.4821236066926344,0.3074811885221038,0.016560399232787404
3476,0.8486328125,64.90811840805237,-1.6112737076894377,0.3075836725096224,0.01665884486538971
3477,0.8488769531250001,64.9085358591769,-1.740423808686241,0.30768615649719777,0.016757290497935173
3478,0.84912109375,64.90895331030143,-1.8695739096829709,0.3077886404847163,0.01685573613053748
3479,0.849365234375,64.90937076142596,-1.9987240106797741,0.3078911244722349,0.016954181763082943
3480,0.849609375,64.90978821255048,-2.1278741116765043,0.3079936084598103,0.01705262739568525
3481,0.849853515625,64.910205663675,-2.2570242126733073,0.30809609244732883,0.017151073028230712
3482,0.8500976562500001,64.91062311479953,-2.3861743136701112,0.3081985764348474,0.017249518660776175
3483,0.850341796875,64.91104056592407,-2.5153244146668405,0.30830106042236594,0.01734796429337848
3484,0.8505859375,64.91145801704859,-2.644474515663644,0.30840354440994133,0.017446409925923945
3485,0.850830078125,64.91187546817312,-2.773624616660374,0.3085060283974599,0.01754485555852625
3486,0.85107421875,64.91229291929764,-2.902774717657177,0.30860851238497844,0.017643301191071714
3487,0.8513183593750001,64.91271037042218,-3.0319248186539802,0.30871099637255384,0.01774174682367402
3488,0.8515625,64.9131278215467,-3.1610749196507104,0.3088134803600724,0.017840192456219484
3489,0.851806640625,64.91354527267123,-3.290225020647514,0.30891596434759094,0.017938638088764947
3490,0.85205078125,64.91396272379576,-3.419375121644244,0.30901844833516634,0.018037083721367253
3491,0.852294921875,64.91438017492028,-3.548525222641047,0.3091209323226849,0.018135529353912716
3492,0.8525390625000001,64.9147976260448,-3.6776753236378497,0.30922341631020345,0.018233974986515022
3493,0.852783203125,64.91521507716934,-3.8068254246345803,0.30932590029777884,0.018332420619060485
3494,0.85302734375,64.91563252829387,-3.9359755256313833,0.3094283842852974,0.018430866251662792
3495,0.853271484375,64.9102931566311,-4.08707872128553,0.30952731507630915,0.01852722019339126
3496,0.853515625,64.90111590311017,-4.252817313378035,0.3096238770697255,0.018622179674537165
3497,0.8537597656250001,64.89193864958919,-4.418555905470541,0.309720439063085,0.018717139155739915
3498,0.85400390625,64.88276139606826,-4.584294497562952,0.30981700105650134,0.01881209863688582
3499,0.854248046875,64.87358414254732,-4.750033089655456,0.30991356304986084,0.018907058118031728
3500,0.8544921875,64.86440688902637,-4.9157716817478665,0.3100101250432772,0.019002017599234478
3501,0.854736328125,64.85522963550542,-5.081510273840372,0.3101066870366367,0.019096977080380384
3502,0.8549804687500001,64.84605238198448,-5.247248865932877,0.31020324903005303,0.019191936561583134
3503,0.855224609375,64.83687512846353,-5.412987458025288,0.31029981102341253,0.01928689604272904
3504,0.85546875,64.82769787494259,-5.578726050117794,0.3103963730168289,0.01938185552393179
3505,0.855712890625,64.81852062142164,-5.744464642210204,0.3104929350101884,0.019476815005077697
3506,0.85595703125,64.8093433679007,-5.910203234302709,0.3105894970036047,0.019571774486280447
3507,0.8562011718750001,64.80016611437975,-6.075941826395215,0.3106860589969642,0.019666733967426353
3508,0.8564453125,64.7909888608588,-6.241680418487625,0.3107826209903237,0.019761693448629103
3509,0.856689453125,64.78181160733784,-6.4074190105801305,0.31087918298374007,0.01985665292977501
3510,0.85693359375,64.77263435381691,-6.573157602672541,0.31097574497709957,0.019951612410920916
3511,0.857177734375,64.76345710029597,-6.738896194765046,0.3110723069705159,0.020046571892123666
3512,0.8574218750000001,64.75427984677502,-6.90463478685755,0.3111688689638754,0.020141531373269572
3513,0.857666015625,64.74510259325407,-7.070373378949962,0.31126543095729176,0.020236490854472322
3514,0.85791015625,64.73592533973311,-7.236111971042466,0.31136199295065126,0.02033145033561823
3515,0.858154296875,64.72674808621217,-7.401850563134877,0.3114585549440676,0.02042640981682098
3516,0.8583984375,64.71757083269124,-7.567589155227382,0.3115551169374271,0.020521369297966885
3517,0.8586425781250001,64.70839357917028,-7.733327747319887,0.31165167893084345,0.020616328779169635
3518,0.85888671875,64.69921632564933,-7.899066339412299,0.31174824092420295,0.02071128826031554
3519,0.859130859375,64.69003907212839,-8.064804931504803,0.3118448029176193,0.02080624774151829
3520,0.859375,64.68086181860745,-8.230543523597214,0.3119413649109788,0.020901207222664198
3521,0.859619140625,64.66172754190534,-8.438313266532566,0.31203211401879116,0.02098711862026903
3522,0.8598632812500001,64.64259326520323,-8.64608300946792,0.31212286312660353,0.02107303001787386
3523,0.860107421875,64.62345898850114,-8.853852752403155,0.3122136122344159,0.021158941415535537
3524,0.8603515625,64.60432471179904,-9.061622495338506,0.31230436134217143,0.02124485281314037
3525,0.860595703125,64.58519043509693,-9.26939223827374,0.3123951104499838,0.0213307642107452
3526,0.86083984375,64.56605615839482,-9.477161981209093,0.3124858595577962,0.021416675608350033
3527,0.8610839843750001,64.54692188169271,-9.684931724144446,0.31257660866560855,0.02150258700601171
3528,0.861328125,64.5277876049906,-9.89270146707968,0.3126673577734209,0.02158849840361654
3529,0.861572265625,64.5086533282885,-10.100471210015034,0.3127581068812333,0.021674409801221373
3530,0.86181640625,64.48951905158641,-10.308240952950266,0.31284885598904566,0.021760321198826205
3531,0.862060546875,64.47038477488431,-10.51601069588562,0.3129396050968012,0.02184623259648788
3532,0.8623046875000001,64.45125049818219,-10.723780438820972,0.31303035420461356,0.021932143994092712
3533,0.862548828125,64.4321162214801,-10.931550181756208,0.31312110331242593,0.022018055391697544
3534,0.86279296875,64.412981944778,-11.139319924691561,0.3132118524202383,0.022103966789302376
3535,0.863037109375,64.39384766807589,-11.347089667626795,0.3133026015280507,0.02218987818696405
3536,0.86328125,64.37471339137379,-11.554859410562148,0.31339335063586304,0.022275789584568884
3537,0.8635253906250001,64.35557911467168,-11.762629153497501,0.31348409974361857,0.022361700982173716
3538,0.86376953125,64.33644483796958,-11.970398896432734,0.31357484885143094,0.022447612379778548
3539,0.864013671875,64.31731056126746,-12.178168639368087,0.3136655979592433,0.02253352377738338
3540,0.8642578125,64.29817628456539,-12.385938382303321,0.3137563470670557,0.022619435175045055
3541,0.864501953125,64.27904200786327,-12.593708125238674,0.31384709617486806,0.022705346572649887
3542,0.8647460937500001,64.25990773116116,-12.801477868174027,0.31393784528268043,0.02279125797025472
3543,0.864990234375,64.24077345445906,-13.009247611109261,0.3140285943904928,0.02287716936785955
3544,0.865234375,64.22163917775694,-13.217017354044613,0.3141193434982483,0.022963080765521227
3545,0.865478515625,64.20250490105485,-13.424787096979848,0.3142100926060607,0.02304899216312606
3546,0.86572265625,64.17928564954518,-13.651601627517566,0.3142985493634569,0.02312847336190771
3547,0.8659667968750001,64.14993893582414,-13.90698333945888,0.31438356759514363,0.02319830926251143
3548,0.8662109375,64.12059222210311,-14.162365051400055,0.31446858582683035,0.023268145163058307
3549,0.866455078125,64.09124550838207,-14.417746763341372,0.3145536040585739,0.023337981063662028
3550,0.86669921875,64.06189879466103,-14.673128475282546,0.31463862229026063,0.023407816964208905
3551,0.866943359375,64.03255208094001,-14.92851018722386,0.31472364052194735,0.023477652864812626
3552,0.8671875000000001,64.00320536721897,-15.18389189916518,0.3148086587536909,0.023547488765359503
3553,0.867431640625,63.97385865349795,-15.439273611106351,0.3148936769853776,0.02361732466590638
3554,0.86767578125,63.944511939776895,-15.69465532304767,0.31497869521706434,0.0236871605665101
3555,0.867919921875,63.915165226055876,-15.950037034988842,0.31506371344875106,0.02375699646705698
3556,0.8681640625,63.885818512334836,-16.20541874693016,0.3151487316804946,0.0238268323676607
3557,0.8684082031250001,63.85647179861379,-16.460800458871475,0.31523374991218134,0.023896668268207577
3558,0.86865234375,63.82712508489277,-16.716182170812647,0.31531876814386806,0.023966504168811298
3559,0.868896484375,63.79777837117173,-16.971563882753966,0.3154037863756116,0.024036340069358175
3560,0.869140625,63.768431657450705,-17.226945594695138,0.31548880460729833,0.024106175969961896
3561,0.869384765625,63.739084943729665,-17.482327306636456,0.31557382283898505,0.024176011870508773
3562,0.8696289062500001,63.709738230008625,-17.737709018577775,0.31565884107067177,0.024245847771112494
3563,0.869873046875,63.68039151628759,-17.993090730518947,0.31574385930241533,0.02431568367165937
3564,0.8701171875,63.65104480256657,-18.248472442460262,0.31582887753410205,0.024385519572263092
3565,0.870361328125,63.62169808884553,-18.503854154401434,0.31591389576578877,0.02445535547280997
3566,0.87060546875,63.5923513751245,-18.759235866342753,0.3159989139975323,0.02452519137341369
3567,0.8708496093750001,63.56300466140345,-19.01461757828407,0.31608393222921904,0.024595027273960568
3568,0.87109375,63.53365794768243,-19.269999290225243,0.31616895046090576,0.024664863174507445
3569,0.871337890625,63.50431123396139,-19.525381002166558,0.3162539686926493,0.024734699075111166
3570,0.87158203125,63.474964520240356,-19.780762714107734,0.31633898692433604,0.024804534975658044
3571,0.871826171875,63.44561780651932,-20.03614442604905,0.31642400515602276,0.024874370876261764
3572,0.8720703125000001,63.40798902733049,-20.334018304480225,0.3165044870972338,0.024924412923610362
3573,0.872314453125,63.368289731774716,-20.64251522453367,0.31658383496579745,0.02496950650765939
3574,0.87255859375,63.32859043621893,-20.951012144587295,0.3166631828343611,0.025014600091708417
3575,0.872802734375,63.288891140663175,-21.259509064640742,0.3167425307029248,0.025059693675757444
3576,0.873046875,63.24919184510739,-21.568005984694363,0.31682187857148847,0.02510478725980647
3577,0.8732910156250001,63.2094925495516,-21.876502904747984,0.31690122644005214,0.0251498808438555
3578,0.87353515625,63.169793253995834,-22.184999824801434,0.3169805743086158,0.02519497442796137
3579,0.873779296875,63.13009395844005,-22.493496744855054,0.3170599221771795,0.025240068012010397
3580,0.8740234375,63.09039466288429,-22.8019936649085,0.31713927004574316,0.025285161596059424
3581,0.874267578125,63.0506953673285,-23.110490584962125,0.31721861791430683,0.025330255180108452
3582,0.8745117187500001,63.01099607177272,-23.41898750501575,0.3172979657828705,0.02537534876415748
3583,0.874755859375,62.97129677621695,-23.727484425069196,0.3173773136514342,0.025420442348206507
3584,0.875,62.93159748066116,-24.035981345122817,0.3174566615200547,0.025465535932255534
3585,0.875244140625,62.891898185105404,-24.344478265176264,0.31753600938861837,0.02551062951630456
3586,0.87548828125,62.85219888954962,-24.652975185229888,0.31761535725718204,0.02555572310035359
3587,0.8757324218750001,62.81249959399384,-24.96147210528351,0.3176947051257457,0.025600816684402616
3588,0.8759765625,62.772800298438064,-25.26996902533696,0.3177740529943094,0.025645910268451644
3589,0.876220703125,62.73310100288228,-25.578465945390583,0.31785340086287306,0.02569100385250067
3590,0.87646484375,62.69340170732652,-25.88696286544403,0.31793274873143673,0.0257360974365497
3591,0.876708984375,62.65370241177074,-26.195459785497647,0.3180120966000004,0.02578119102065557
3592,0.8769531250000001,62.61400311621494,-26.503956705551275,0.3180914444685641,0.025826284604704597
3593,0.877197265625,62.57430382065918,-26.81245362560472,0.31817079233712775,0.025871378188753624
3594,0.87744140625,62.5346045251034,-27.120950545658342,0.3182501402056914,0.02591647177280265
3595,0.877685546875,62.49490522954764,-27.42944746571179,0.3183294880742551,0.02596156535685168
3596,0.8779296875,62.455205933991856,-27.737944385765413,0.31840883594281877,0.026006658940900707
3597,0.8781738281250001,62.41343203563236,-28.05808711738533,0.31848705893781926,0.02604471428924171
3598,0.87841796875,62.363359726058086,-28.424813095270142,0.31856078243862385,0.026054616694807464
3599,0.878662109375,62.31328741648379,-28.79153907315516,0.31863450593942844,0.026064519100316375
3600,0.87890625,62.26321510690953,-29.158265051039976,0.318708229440233,0.026074421505882128
3601,0.879150390625,62.21314279733524,-29.524991028924994,0.3187819529410376,0.026084323911447882
3602,0.8793945312500001,62.16307048776094,-29.89171700681001,0.3188556764418422,0.026094226316956792
3603,0.879638671875,62.112998178186665,-30.25844298469482,0.3189293999426468,0.026104128722522546
3604,0.8798828125,62.06292586861237,-30.62516896257984,0.3190031234434514,0.0261140311280883
3605,0.880126953125,62.012853559038106,-30.99189494046465,0.319076846944256,0.02612393353359721
3606,0.88037109375,61.962781249463816,-31.358620918349665,0.31915057044506057,0.026133835939162964
3607,0.8806152343750001,61.91270893988952,-31.725346896234683,0.31922429394586516,0.026143738344671874
3608,0.880859375,61.862636630315244,-32.092072874119495,0.3192980174466129,0.026153640750237628
3609,0.881103515625,61.81256432074095,-32.45879885200451,0.3193717409474175,0.02616354315580338
3610,0.88134765625,61.76249201116669,-32.825524829889325,0.3194454644482221,0.026173445561312292
3611,0.881591796875,61.712419701592395,-33.19225080777434,0.3195191879490267,0.026183347966878046
3612,0.8818359375000001,61.6623473920181,-33.558976785659354,0.31959291144983126,0.0261932503724438
3613,0.882080078125,61.61227508244382,-33.92570276354417,0.31966663495063585,0.02620315277795271
3614,0.88232421875,61.562202772869526,-34.29242874142919,0.31974035845144044,0.026213055183518463
3615,0.882568359375,61.512130463295264,-34.659154719313996,0.31981408195224503,0.026222957589027374
3616,0.8828125,61.46205815372096,-35.025880697199014,0.3198878054530496,0.026232859994593127
3617,0.8830566406250001,61.41198584414666,-35.39260667508403,0.3199615289538542,0.02624276240015888
3618,0.88330078125,61.36191353457241,-35.75933265296884,0.3200352524546588,0.02625266480566779
3619,0.883544921875,61.311841224998105,-36.12605863085386,0.32010897595540655,0.026262567211233545
3620,0.8837890625,61.26176891542384,-36.49278460873868,0.32018269945621114,0.026272469616742455
3621,0.884033203125,61.211696605849546,-36.8595105866237,0.32025642295701573,0.02628237202230821
3622,0.8842773437500001,61.16162429627524,-37.22623656450871,0.3203301464578203,0.026292274427873963
3623,0.884521484375,61.10538769042201,-37.63047456535217,0.32040051887634036,0.02627367262249436
3624,0.884765625,61.0450415537161,-38.05972058150162,0.3204686572400419,0.026236068009950486
3625,0.885009765625,60.98469541701022,-38.48896659765084,0.32053679560368664,0.02619846339734977
3626,0.88525390625,60.92434928030431,-38.918212613800286,0.3206049339673882,0.026160858784749053
3627,0.8854980468750001,60.86400314359841,-39.347458629949735,0.32067307233108977,0.026123254172148336
3628,0.8857421875,60.80365700689252,-39.77670464609894,0.3207412106947345,0.02608564955954762
3629,0.885986328125,60.74331087018662,-40.20595066224839,0.32080934905843606,0.026048044946946902
3630,0.88623046875,60.68296473348074,-40.635196678397605,0.3208774874220808,0.026010440334346185
3631,0.886474609375,60.62261859677483,-41.064442694547054,0.32094562578578234,0.025972835721802312
3632,0.8867187500000001,60.56227246006892,-41.4936887106965,0.32101376414942706,0.025935231109201595
3633,0.886962890625,60.50192632336303,-41.92293472684572,0.3210819025131286,0.02589762649660088
3634,0.88720703125,60.44158018665713,-42.352180742995166,0.32115004087677335,0.02586002188400016
3635,0.887451171875,60.381234049951246,-42.781426759144374,0.3212181792404749,0.025822417271399445
3636,0.8876953125,60.320887913245336,-43.21067277529382,0.32128631760411963,0.025784812658798728
3637,0.8879394531250001,60.260541776539434,-43.63991879144328,0.3213544559678212,0.02574720804619801
3638,0.88818359375,60.20019563983355,-44.06916480759249,0.32142259433152276,0.025709603433654138
3639,0.888427734375,60.13984950312764,-44.498410823741935,0.3214907326951675,0.02567199882105342
3640,0.888671875,60.07950336642176,-44.92765683989115,0.32155887105886904,0.025634394208452704
3641,0.888916015625,60.019157229715844,-45.3569028560406,0.32162700942251377,0.025596789595851988
3642,0.8891601562500001,59.95881109300994,-45.78614887219005,0.32169514778621533,0.02555918498325127
3643,0.889404296875,59.89846495630406,-46.215394888339254,0.32176328614986005,0.025521580370650554
3644,0.8896484375,59.83811881959815,-46.64464090448871,0.3218314245135616,0.025483975758049837
3645,0.889892578125,59.77777268289227,-47.07388692063792,0.32189956287720634,0.025446371145505964
3646,0.89013671875,59.71742654618636,-47.50313293678737,0.3219677012409079,0.025408766532905247
3647,0.8903808593750001,59.65708040948046,-47.93237895293682,0.3220358396045526,0.02537116192030453
3648,0.890625,59.596734272774576,-48.36162496908603,0.3221039779682542,0.025333557307703813
3649,0.890869140625,59.52632807316433,-48.85627730435888,0.3221665716343409,0.02523426969690945
3650,0.89111328125,59.45592187355414,-49.35092963963146,0.3222291653003708,0.025134982086115087
3651,0.891357421875,59.38551567394391,-49.84558197490431,0.32229175896645756,0.02503569447526388
3652,0.8916015625000001,59.31510947433368,-50.34023431017717,0.32235435263248746,0.024936406864469518
3653,0.891845703125,59.24470327472348,-50.83488664544975,0.3224169462985742,0.024837119253675155
3654,0.89208984375,59.17429707511324,-51.32953898072261,0.3224795399646041,0.02473783164282395
3655,0.892333984375,59.103890875503055,-51.82419131599518,0.32254213363069084,0.024638544032029586
3656,0.892578125,59.033484675892815,-52.31884365126804,0.32260472729672074,0.024539256421235223
3657,0.8928222656250001,58.96307847628259,-52.81349598654089,0.3226673209628075,0.02443996881044086
3658,0.89306640625,58.892672276672386,-53.30814832181347,0.3227299146288374,0.024340681199646497
3659,0.893310546875,58.82226607706216,-53.80280065708632,0.3227925082949241,0.02424139358879529
3660,0.8935546875,58.75185987745196,-54.297452992358906,0.322855101960954,0.024142105978000927
3661,0.893798828125,58.681453677841716,-54.792105327631766,0.32291769562704076,0.024042818367206564
3662,0.8940429687500001,58.6110474782315,-55.28675766290462,0.32298028929307065,0.023943530756355358
3663,0.894287109375,58.540641278621294,-55.78140999817719,0.3230428829591574,0.023844243145560995
3664,0.89453125,58.47023507901107,-56.27606233345005,0.3231054766251873,0.023744955534766632
3665,0.894775390625,58.39982887940087,-56.77071466872262,0.32316807029127403,0.02364566792397227
3666,0.89501953125,58.329422679790646,-57.26536700399548,0.32323066395730393,0.023546380313121062
3667,0.8952636718750001,58.2590164801804,-57.76001933926834,0.3232932576233907,0.0234470927023267
3668,0.8955078125,58.1886102805702,-58.254671674540916,0.32335585128942057,0.023347805091532337
3669,0.895751953125,58.11820408095998,-58.749324009813776,0.3234184449555073,0.023248517480737974
3670,0.89599609375,58.04779788134977,-59.243976345086345,0.3234810386215372,0.02314922986994361
3671,0.896240234375,57.977391681739554,-59.738628680359206,0.32354363228762395,0.023049942259092404
3672,0.8964843750000001,57.90698548212931,-60.23328101563206,0.32360622595365385,0.02295065464829804
3673,0.896728515625,57.83657928251912,-60.727933350904635,0.3236688196197406,0.022851367037503678
3674,0.89697265625,57.762276326810145,-61.24903907734792,0.3237292151565043,0.02272104768826466
3675,0.897216796875,57.68212823695312,-61.8098248905465,0.3237863134993404,0.022544180731472352
3676,0.8974609375,57.60198014709605,-62.370610703745406,0.3238434118422333,0.022367313774680042
3677,0.8977050781250001,57.52183205723899,-62.93139651694429,0.3239005101850694,0.022190446817887732
3678,0.89794921875,57.44168396738195,-63.49218233014289,0.32395760852790545,0.02201357986103858
3679,0.898193359375,57.36153587752489,-64.05296814334177,0.32401470687079836,0.02183671290424627
3680,0.8984375,57.28138778766786,-64.61375395654036,0.32407180521363443,0.02165984594745396
3681,0.898681640625,57.20123969781079,-65.17453976973925,0.3241289035564705,0.021482978990604806
3682,0.8989257812500001,57.12109160795373,-65.73532558293816,0.3241860018993634,0.021306112033812497
3683,0.899169921875,57.0409435180967,-66.29611139613674,0.3242431002421995,0.021129245077020187
3684,0.8994140625,56.96079542823963,-66.85689720933563,0.32430019858503556,0.020952378120227877
3685,0.899658203125,56.88064733838261,-67.4176830225342,0.3243572969279285,0.020775511163378724
3686,0.89990234375,56.80049924852553,-67.97846883573311,0.32441439527076454,0.020598644206586414
3687,0.9001464843750001,56.72035115866847,-68.53925464893202,0.3244714936136006,0.020421777249794104
3688,0.900390625,56.64020306881144,-69.1000404621306,0.3245285919564367,0.020244910293001794
3689,0.900634765625,56.560054978954376,-69.6608262753295,0.3245856902993296,0.02006804333615264
3690,0.90087890625,56.47990688909735,-70.22161208852808,0.32464278864216567,0.01989117637936033
3691,0.901123046875,56.39975879924029,-70.78239790172697,0.32469988698500174,0.01971430942256802
3692,0.9013671875000001,56.31961070938321,-71.34318371492587,0.32475698532789465,0.019537442465775712
3693,0.901611328125,56.23946261952618,-71.90396952812445,0.3248140836707307,0.01936057550892656
3694,0.90185546875,56.15931452966912,-72.46475534132335,0.3248711820135668,0.01918370855213425
3695,0.902099609375,56.07916643981209,-73.02554115452193,0.3249282803564597,0.01900684159534194
3696,0.90234375,55.99901834995503,-73.58632696772084,0.3249853786992958,0.01882997463854963
3697,0.9025878906250001,55.91887026009795,-74.14711278091974,0.32504247704213185,0.018653107681700476
3698,0.90283203125,55.83872217024092,-74.70789859411832,0.32509957538502476,0.018476240724908166
3699,0.903076171875,55.75857408038386,-75.26868440731721,0.32515667372786083,0.018299373768115856
3700,0.9033203125,55.67095836973806,-75.88047694589899,0.32520942815250464,0.018046604777282482
3701,0.903564453125,55.58147575389503,-76.5050211658269,0.32526109659755775,0.017774860277995685
3702,0.9038085937500001,55.49199313805198,-77.12956538575483,0.3253127650426677,0.017503115778652045
3703,0.904052734375,55.402510522209,-77.7541096056824,0.3253644334877208,0.017231371279308405
3704,0.904296875,55.31302790636596,-78.37865382561031,0.32541610193283077,0.01695962678002161
3705,0.904541015625,55.22354529052298,-79.00319804553787,0.3254677703778839,0.016687882280677968
3706,0.90478515625,55.13406267467993,-79.6277422654658,0.32551943882299383,0.01641613778139117
3707,0.9050292968750001,55.0445800588369,-80.25228648539371,0.32557110726804694,0.01614439328204753
3708,0.9052734375,54.9550974429939,-80.87683070532128,0.3256227757131569,0.015872648782760734
3709,0.905517578125,54.86561482715088,-81.5013749252492,0.32567444415821,0.015600904283417094
3710,0.90576171875,54.77613221130788,-82.12591914517678,0.32572611260331996,0.015329159784130297
3711,0.906005859375,54.68664959546485,-82.7504633651047,0.32577778104837307,0.015057415284786657
3712,0.9062500000000001,54.597166979621804,-83.37500758503262,0.325829449493483,0.014785670785443017
3713,0.906494140625,54.50768436377882,-83.99955180496019,0.325881117938593,0.01451392628615622
3714,0.90673828125,54.41820174793578,-84.6240960248881,0.3259327863836461,0.01424218178681258
3715,0.906982421875,54.32871913209279,-85.24864024481566,0.32598445482875604,0.013970437287525783
3716,0.9072265625,54.23923651624976,-85.87318446474359,0.32603612327380915,0.013698692788182143
3717,0.9074707031250001,54.14975390040672,-86.4977286846715,0.3260877917189191,0.013426948288895346
3718,0.90771484375,54.06027128456374,-87.12227290459907,0.3261394601639722,0.013155203789551706
3719,0.907958984375,53.9707886687207,-87.74681712452698,0.32619112860908217,0.01288345929026491
3720,0.908203125,53.88130605287771,-88.37136134445456,0.3262427970541353,0.012611714790921269
3721,0.908447265625,53.79182343703467,-88.99590556438247,0.32629446549924523,0.012339970291634472
3722,0.9086914062500001,53.70234082119163,-89.62044978431038,0.32634613394429834,0.012068225792290832
3723,0.908935546875,53.61285820534865,-90.24499400423795,0.3263978023894083,0.011796481292947192
3724,0.9091796875,53.52337558950561,-90.8695382241659,0.3264494708344614,0.011524736793660395
3725,0.909423828125,53.43212140553471,-91.50551238325771,0.3265000708466914,0.011230385275780463
3726,0.90966796875,53.33378094905213,-92.187206299007,0.3265463971275153,0.010845605683698523
3727,0.9099121093750001,53.235440492569545,-92.8689002147563,0.3265927234082824,0.010460826091673425
3728,0.91015625,53.137100036087,-93.5505941305052,0.32663904968904944,0.010076046499591484
3729,0.910400390625,53.03875957960441,-94.23228804625448,0.32668537596987335,0.009691266907509544
3730,0.91064453125,52.940419123121885,-94.9139819620034,0.3267317022506404,0.009306487315484446
3731,0.910888671875,52.84207866663929,-95.59567587775268,0.3267780285314643,0.008921707723402506
3732,0.9111328125000001,52.7437382101567,-96.27736979350198,0.3268243548122314,0.008536928131320565
3733,0.911376953125,52.64539775367417,-96.95906370925087,0.3268706810930553,0.008152148539295467
3734,0.91162109375,52.54705729719158,-97.64075762500018,0.32691700737382234,0.0077673689472135266
3735,0.911865234375,52.448716840709054,-98.32245154074907,0.32696333365464625,0.007382589355131586
3736,0.912109375,52.35037638422646,-99.00414545649838,0.3270096599354133,0.006997809763049645
3737,0.9123535156250001,52.25203592774387,-99.68583937224766,0.3270559862162372,0.006613030171024548
3738,0.91259765625,52.153695471261344,-100.36753328799657,0.3271023124970043,0.006228250578942607
3739,0.912841796875,52.05535501477875,-101.04922720374586,0.3271486387778282,0.005843470986860666
3740,0.9130859375,51.95701455829621,-101.73092111949477,0.32719496505859524,0.005458691394835569
3741,0.913330078125,51.85867410181363,-102.41261503524406,0.32724129133941915,0.005073911802753628
3742,0.9135742187500001,51.76033364533103,-103.09430895099334,0.3272876176201862,0.004689132210671687
3743,0.913818359375,51.6619931888485,-103.77600286674225,0.3273339439010101,0.00430435261864659
3744,0.9140625,51.56365273236591,-104.45769678249154,0.3273802701817772,0.003919573026564649
3745,0.914306640625,51.46531227588338,-105.13939069824043,0.32742659646254424,0.003534793434482708
3746,0.91455078125,51.36697181940079,-105.82108461398974,0.32747292274336814,0.0031500138424576107
3747,0.9147949218750001,51.2686313629182,-106.50277852973902,0.3275192490241352,0.00276523425037567
3748,0.9150390625,51.17029090643567,-107.18447244548794,0.3275655753049591,0.002380454658293729
3749,0.915283203125,51.07195044995308,-107.86616636123722,0.3276119015857262,0.0019956750662686318
3750,0.91552734375,50.97360999347054,-108.54786027698613,0.3276582278665501,0.001610895474186691
3751,0.915771484375,50.870268173088604,-109.2565634768469,0.32770141802740227,0.0011473660567276056
3752,0.9160156250000001,50.763592110107105,-109.9832728661154,0.32774251744172034,0.000631336755702705
3753,0.916259765625,50.656916047125655,-110.70998225538344,0.32778361685598156,0.00011530745462096093
3754,0.91650390625,50.55023998414415,-111.4366916446519,0.32782471627029963,-0.0004007218464039397
3755,0.916748046875,50.443563921162706,-112.16340103391997,0.32786581568456086,-0.0009167511474288403
3756,0.9169921875,50.3368878581812,-112.89011042318843,0.3279069150988789,-0.0014327804485105844
3757,0.9172363281250001,50.23021179519969,-113.61681981245692,0.32794801451314015,-0.001948809749535485
3758,0.91748046875,50.12353573221825,-114.34352920172496,0.3279891139274582,-0.002464839050617229
3759,0.917724609375,50.016859669236744,-115.07023859099344,0.32803021334171945,-0.0029808683516421297
3760,0.91796875,49.9101836062553,-115.79694798026148,0.3280713127560375,-0.0034968976526670303
3761,0.918212890625,49.803507543273795,-116.52365736952996,0.32811241217029874,-0.004012926953748774
3762,0.9184570312500001,49.69683148029229,-117.25036675879842,0.3281535115846168,-0.004528956254773675
3763,0.918701171875,49.59015541731085,-117.97707614806649,0.32819461099887803,-0.005044985555798576
3764,0.9189453125,49.48347935432933,-118.70378553733495,0.32823571041313926,-0.00556101485688032
3765,0.919189453125,49.3768032913479,-119.43049492660302,0.3282768098274573,-0.00607704415790522
3766,0.91943359375,49.270127228366384,-120.1572043158715,0.32831790924171855,-0.006593073458930121
3767,0.9196777343750001,49.163451165384885,-120.88391370513995,0.3283590086560366,-0.007109102760011865
3768,0.919921875,49.056775102403435,-121.61062309440801,0.32840010807029785,-0.007625132061036766
3769,0.920166015625,48.950099039421936,-122.33733248367648,0.3284412074846159,-0.008141161362061666
3770,0.92041015625,48.843422976440486,-123.06404187294454,0.32848230689887714,-0.00865719066314341
3771,0.920654296875,48.73674691345899,-123.790751262213,0.3285234063131952,-0.009173219964168311
3772,0.9208984375000001,48.63007085047747,-124.51746065148149,0.32856450572745644,-0.009689249265250055
3773,0.921142578125,48.52339478749604,-125.24417004074952,0.3286056051417745,-0.010205278566274956
3774,0.92138671875,48.416718724514524,-125.970879430018,0.32864670455603573,-0.010721307867299856
3775,0.921630859375,48.31004266153308,-126.69758881928607,0.3286878039703538,-0.0112373371683816
3776,0.921875,48.203366598551575,-127.42429820855453,0.328728903384615,-0.011753366469406501
3777,0.9221191406250001,48.0888960255557,-128.17697905931269,0.32876492300073323,-0.012417841426724863
3778,0.92236328125,47.974425452559885,-128.9296599100704,0.3288009426167946,-0.013082316384043224
3779,0.922607421875,47.859954879564,-129.68234076082854,0.3288369622329128,-0.01374679134141843
3780,0.9228515625,47.74548430656819,-130.43502161158628,0.3288729818489742,-0.014411266298736791
3781,0.923095703125,47.6310137335723,-131.1877024623444,0.3289090014650924,-0.015075741256055153
3782,0.9233398437500001,47.51654316057642,-131.94038331310256,0.32894502108115375,-0.015740216213373515
3783,0.923583984375,47.402072587580605,-132.69306416386027,0.32898104069727196,-0.016404691170691876
3784,0.923828125,47.28760201458473,-133.4457450146184,0.32901706031333333,-0.017069166128010238
3785,0.924072265625,47.173131441588914,-134.19842586537612,0.32905307992945154,-0.017733641085385443
3786,0.92431640625,47.05866086859303,-134.95110671613426,0.3290890995455129,-0.018398116042703805
3787,0.9245605468750001,46.94419029559715,-135.7037875668924,0.3291251191616311,-0.019062591000022167
3788,0.9248046875,46.82971972260133,-136.45646841765014,0.3291611387776925,-0.019727065957340528
3789,0.925048828125,46.715249149605455,-137.20914926840828,0.3291971583938107,-0.02039154091465889
3790,0.92529296875,46.60077857660964,-137.961830119166,0.3292331780099289,-0.02105601587197725
3791,0.925537109375,46.48630800361376,-138.71451096992413,0.3292691976259903,-0.021720490829352457
3792,0.9257812500000001,46.37183743061789,-139.46719182068227,0.3293052172421085,-0.02238496578667082
3793,0.926025390625,46.25736685762207,-140.21987267144,0.32934123685816985,-0.02304944074398918
3794,0.92626953125,46.14289628462619,-140.97255352219815,0.32937725647428806,-0.023713915701307542
3795,0.926513671875,46.02842571163036,-141.72523437295587,0.3294132760903494,-0.024378390658625904
3796,0.9267578125,45.91395513863449,-142.477915223714,0.32944929570646764,-0.025042865615944265
3797,0.9270019531250001,45.79948456563861,-143.23059607447217,0.329485315322529,-0.02570734057331947
3798,0.92724609375,45.685013992642794,-143.98327692522986,0.3295213349386472,-0.026371815530637832
3799,0.927490234375,45.57054341964692,-144.73595777598803,0.3295573545547086,-0.027036290487956194
3800,0.927734375,45.456072846651104,-145.48863862674574,0.3295933741708268,-0.027700765445274556
3801,0.927978515625,45.34160227365522,-146.2413194775039,0.32962939378688816,-0.028365240402592917
3802,0.9282226562500001,45.224226583102116,-146.9934647183727,0.3296634542903121,-0.02909503460250562
3803,0.928466796875,45.10249321621325,-147.74480654440714,0.3296945761246093,-0.02992280766619615
3804,0.9287109375,44.98075984932431,-148.49614837044194,0.3297256979589065,-0.030750580729943522
3805,0.928955078125,44.859026482435446,-149.24749019647638,0.3297568197932037,-0.03157835379363405
3806,0.92919921875,44.7372931155465,-149.99883202251124,0.3297879416275009,-0.03240612685738142
3807,0.9294433593750001,44.61555974865757,-150.75017384854604,0.3298190634617981,-0.03323389992107195
3808,0.9296875,44.493826381768706,-151.50151567458047,0.32985018529609533,-0.03406167298476248
3809,0.929931640625,44.37209301487976,-152.25285750061528,0.3298813071304494,-0.03488944604850985
3810,0.93017578125,44.25035964799089,-153.0041993266497,0.3299124289647466,-0.03571721911220038
3811,0.930419921875,44.12862628110196,-153.75554115268457,0.3299435507990438,-0.036544992175947755
3812,0.9306640625000001,44.00689291421302,-154.50688297871937,0.329974672633341,-0.037372765239638284
3813,0.930908203125,43.88515954732415,-155.2582248047538,0.3300057944676382,-0.038200538303385656
3814,0.93115234375,43.76342618043522,-156.0095666307886,0.33003691630193543,-0.039028311367076185
3815,0.931396484375,43.64169281354635,-156.76090845682305,0.33006803813623264,-0.03985608443082356
3816,0.931640625,43.51995944665741,-157.5122502828579,0.3300991599705867,-0.040683857494514086
3817,0.9318847656250001,43.39822607976847,-158.2635921088927,0.3301302818048839,-0.04151163055826146
3818,0.93212890625,43.2764927128796,-159.01493393492714,0.3301614036391811,-0.04233940362195199
3819,0.932373046875,43.15475934599067,-159.76627576096197,0.3301925254734783,-0.04316717668564252
3820,0.9326171875,43.03302597910181,-160.51761758699638,0.33022364730777554,-0.04399494974938989
3821,0.932861328125,42.91129261221286,-161.26895941303124,0.33025476914207275,-0.04482272281308042
3822,0.9331054687500001,42.78955924532392,-162.02030123906604,0.33028589097636996,-0.04565049587682779
3823,0.933349609375,42.66782587843506,-162.77164306510048,0.330317012810724,-0.04647826894051832
3824,0.93359375,42.54609251154612,-163.5229848911353,0.3303481346450212,-0.04730604200426569
3825,0.933837890625,42.42435914465725,-164.27432671716974,0.33037925647931843,-0.04813381506795622
3826,0.93408203125,42.30262577776832,-165.02566854320457,0.33041037831361564,-0.04896158813170359
3827,0.9343261718750001,42.18089241087938,-165.7770103692394,0.33044150014791285,-0.04978936119539412
3828,0.9345703125,42.0537440714496,-166.49789947431452,0.330468879101943,-0.050756583671670796
3829,0.934814453125,41.92524198888451,-167.21117539915022,0.3304953223359348,-0.05175866850100874
3830,0.93505859375,41.7967399063195,-167.9244513239855,0.3305217655698698,-0.05276075333040353
3831,0.935302734375,41.66823782375442,-168.6377272488212,0.33054820880380476,-0.05376283815979832
3832,0.9355468750000001,41.53973574118933,-169.3510031736569,0.33057465203779657,-0.05476492298913627
3833,0.935791015625,41.41123365862432,-170.0642790984922,0.33060109527173154,-0.055767007818531056
3834,0.93603515625,41.28273157605925,-170.77755502332786,0.33062753850572335,-0.056769092647925845
3835,0.936279296875,41.154229493494235,-171.49083094816316,0.3306539817396583,-0.05777117747726379
3836,0.9365234375,41.02572741092915,-172.20410687299886,0.33068042497365013,-0.05877326230665858
3837,0.9367675781250001,40.89722532836406,-172.91738279783456,0.3307068682075851,-0.05977534713605337
3838,0.93701171875,40.76872324579905,-173.63065872266986,0.3307333114415769,-0.060777431965391315
3839,0.937255859375,40.64022116323397,-174.34393464750553,0.3307597546755119,-0.061779516794786105
3840,0.9375,40.51171908066895,-175.0572105723408,0.33078619790944686,-0.06278160162412405
3841,0.937744140625,40.383216998103876,-175.7704864971765,0.33081264114343867,-0.06378368645351884
3842,0.9379882812500001,40.254714915538784,-176.4837624220122,0.33083908437737364,-0.06478577128291363
3843,0.938232421875,40.126212832973785,-177.1970383468475,0.33086552761136545,-0.06578785611225157
3844,0.9384765625,39.99771075040869,-177.9103142716832,0.3308919708453004,-0.06678994094164636
3845,0.938720703125,39.86920866784369,-178.6235901965185,0.33091841407929223,-0.06779202577104115
3846,0.93896484375,39.740706585278595,-179.3368661213542,0.3309448573132272,-0.0687941106003791
3847,0.9392089843750001,39.612204502713524,-180.05014204618988,0.330971300547219,-0.06979619542977389
3848,0.939453125,39.48370242014851,-180.76341797102515,0.330997743781154,-0.07079828025916868
3849,0.939697265625,39.355200337583426,-181.47669389586085,0.3310241870151458,-0.07180036508850662
3850,0.93994140625,39.22669825501841,-182.18996982069615,0.33105063024908077,-0.07280244991790141
3851,0.940185546875,39.098196172453335,-182.90324574553182,0.33107707348301574,-0.0738045347472962
3852,0.9404296875000001,38.96969408988824,-183.61652167036752,0.33110351671700755,-0.07480661957663415
3853,0.940673828125,38.839924242147035,-184.31281347424488,0.33112907576975203,-0.07584469750486278
3854,0.94091796875,38.70508333370094,-184.94116879429072,0.3311510980976209,-0.07702674782842678
3855,0.941162109375,38.57024242525492,-185.56952411433625,0.33117312042548974,-0.07820879815193393
3856,0.94140625,38.435401516808824,-186.19787943438212,0.3311951427533586,-0.07939084847549793
3857,0.9416503906250001,38.30056060836273,-186.826234754428,0.33121716508122745,-0.08057289879900509
3858,0.94189453125,38.165719699916714,-187.4545900744735,0.3312391874090963,-0.08175494912256909
3859,0.942138671875,38.030878791470606,-188.08294539451936,0.33126120973696516,-0.08293699944613309
3860,0.9423828125,37.89603788302459,-188.71130071456486,0.33128323206489085,-0.08411904976964024
3861,0.942626953125,37.761196974578496,-189.33965603461075,0.3313052543927597,-0.08530110009320424
3862,0.9428710937500001,37.6263560661324,-189.9680113546566,0.33132727672062856,-0.0864831504167114
3863,0.943115234375,37.49151515768638,-190.5963666747021,0.3313492990484974,-0.0876652007402754
3864,0.943359375,37.356674249240285,-191.22472199474797,0.33137132137636627,-0.0888472510638394
3865,0.943603515625,37.22183334079426,-191.8530773147935,0.3313933437042351,-0.09002930138734655
3866,0.94384765625,37.08699243234817,-192.48143263483934,0.331415366032104,-0.09121135171091055
3867,0.9440917968750001,36.952151523902074,-193.1097879548852,0.33143738835997283,-0.0923934020344177
3868,0.9443359375,36.81731061545605,-193.73814327493074,0.3314594106878417,-0.0935754523579817
3869,0.944580078125,36.68246970700996,-194.36649859497658,0.33148143301571054,-0.09475750268148886
3870,0.94482421875,36.54762879856394,-194.99485391502208,0.33150345534363623,-0.09593955300505286
3871,0.945068359375,36.41278789011785,-195.62320923506797,0.3315254776715051,-0.09712160332861686
3872,0.9453125000000001,36.27794698167175,-196.25156455511384,0.33154749999937394,-0.09830365365212401
3873,0.945556640625,36.143106073225724,-196.87991987515932,0.3315695223272428,-0.09948570397568801
3874,0.94580078125,36.00826516477963,-197.50827519520521,0.33159154465511165,-0.10066775429919517
3875,0.946044921875,35.873424256333614,-198.13663051525072,0.3316135669829805,-0.10184980462275917
3876,0.9462890625,35.73858334788751,-198.76498583529659,0.33163558931084935,-0.10303185494632316
3877,0.9465332031250001,35.60374243944142,-199.39334115534245,0.3316576116387182,-0.10421390526983032
3878,0.94677734375,35.4689015309954,-200.02169647538796,0.33167963396658706,-0.10539595559339432
3879,0.947021484375,35.33046291409841,-200.5649008660358,0.33169918182022684,-0.10668535983558058
3880,0.947265625,35.1896258249009,-201.05133797041805,0.3317170800243048,-0.10804633335692415
3881,0.947509765625,35.048788735703305,-201.53777507480052,0.3317349782283827,-0.10940730687826772
3882,0.9477539062500001,34.907951646505715,-202.02421217918302,0.33175287643246065,-0.11076828039961129
3883,0.947998046875,34.767114557308204,-202.51064928356521,0.3317707746365386,-0.1121292539210117
3884,0.9482421875,34.626277468110615,-202.99708638794775,0.3317886728406165,-0.11349022744235526
3885,0.948486328125,34.485440378913104,-203.48352349232997,0.33180657104469446,-0.11485120096369883
3886,0.94873046875,34.34460328971551,-203.96996059671244,0.3318244692487724,-0.1162121744850424
3887,0.9489746093750001,34.203766200517926,-204.45639770109494,0.33184236745285034,-0.11757314800638596
3888,0.94921875,34.062929111320415,-204.94283480547713,0.3318602656569283,-0.11893412152772953
3889,0.949462890625,33.92209202212282,-205.42927190985964,0.3318781638610062,-0.1202950950490731
3890,0.94970703125,33.78125493292531,-205.91570901424188,0.33189606206508415,-0.12165606857041666
3891,0.949951171875,33.64041784372772,-206.4021461186244,0.3319139602691621,-0.12301704209176023
3892,0.9501953125000001,33.49958075453013,-206.88858322300686,0.33193185847324,-0.1243780156131038
3893,0.950439453125,33.35874366533262,-207.37502032738905,0.33194975667731796,-0.12573898913444737
3894,0.95068359375,33.21790657613502,-207.86145743177156,0.3319676548813959,-0.12709996265579093
3895,0.950927734375,33.07706948693751,-208.34789453615377,0.3319855530855307,-0.1284609361771345
3896,0.951171875,32.93623239773992,-208.83433164053628,0.3320034512896086,-0.12982190969847807
3897,0.9514160156250001,32.79539530854234,-209.32076874491875,0.33202134949368656,-0.13118288321982163
3898,0.95166015625,32.65455821934482,-209.807205849301,0.3320392476977645,-0.1325438567411652
3899,0.951904296875,32.51372113014723,-210.29364295368347,0.33205714590184243,-0.13390483026250877
3900,0.9521484375,32.37288404094972,-210.7800800580657,0.33207504410592037,-0.13526580378385233
3901,0.952392578125,32.23204695175213,-211.2665171624482,0.3320929423099983,-0.1366267773051959
3902,0.9526367187500001,32.091209862554535,-211.75295426683067,0.33211084051407624,-0.13798775082653947
3903,0.952880859375,31.950372773357024,-212.2393913712129,0.3321287387181542,-0.13934872434788304
3904,0.953125,31.809535684159428,-212.72582847559525,0.3321466369222321,-0.1407096978692266
3905,0.953369140625,31.66293999656057,-213.00411767579152,0.3321607467649983,-0.14224096427471977
3906,0.95361328125,31.51634430896163,-213.28240687598787,0.3321748566078213,-0.14377223068021294
3907,0.9538574218750001,31.369748621362685,-213.56069607618426,0.3321889664505875,-0.1453034970857061
3908,0.9541015625,31.223152933763824,-213.8389852763805,0.3322030762934105,-0.14683476349119928
3909,0.954345703125,31.076557246164878,-214.11727447657685,0.3322171861361767,-0.14836602989669245
3910,0.95458984375,30.929961558566017,-214.3955636767731,0.3322312959789997,-0.14989729630218562
3911,0.954833984375,30.78336587096707,-214.67385287696948,0.33224540582176587,-0.1514285627076788
3912,0.9550781250000001,30.636770183368128,-214.95214207716583,0.3322595156645889,-0.15295982911317196
3913,0.955322265625,30.490174495769264,-215.23043127736207,0.33227362550735506,-0.15449109551866513
3914,0.95556640625,30.34357880817032,-215.50872047755846,0.3322877353501781,-0.1560223619241583
3915,0.955810546875,30.196983120571456,-215.7870096777547,0.33230184519294426,-0.15755362832965147
3916,0.9560546875,30.050387432972514,-216.06529887795108,0.33231595503571043,-0.15908489473514464
3917,0.9562988281250001,29.90379174537357,-216.34358807814743,0.33233006487853345,-0.16061616114063781
3918,0.95654296875,29.757196057774706,-216.62187727834367,0.3323441747212996,-0.16214742754613098
3919,0.956787109375,29.610600370175764,-216.90016647854006,0.33235828456412264,-0.16367869395162415
3920,0.95703125,29.464004682576906,-217.1784556787363,0.3323723944068888,-0.16520996035711732
3921,0.957275390625,29.317408994977956,-217.45674487893265,0.33238650424971183,-0.1667412267626105
3922,0.9575195312500001,29.17081330737901,-217.73503407912904,0.332400614092478,-0.16827249316810367
3923,0.957763671875,29.024217619780153,-218.01332327932528,0.332414723935301,-0.16980375957359684
3924,0.9580078125,28.87762193218121,-218.29161247952163,0.3324288337780672,-0.17133502597909
3925,0.958251953125,28.731026244582345,-218.5699016797179,0.3324429436208902,-0.17286629238458318
3926,0.95849609375,28.584430556983403,-218.84819087991426,0.3324570534636564,-0.1743975587901332
3927,0.9587402343750001,28.43783486938446,-219.12648008011064,0.33247116330642257,-0.17592882519562636
3928,0.958984375,28.2912391817856,-219.40476928030688,0.3324852731492456,-0.17746009160111953
3929,0.959228515625,28.144643494186653,-219.68305848050323,0.33249938299201176,-0.1789913580066127
3930,0.95947265625,27.99579299374734,-219.84868550121837,0.33251212710246136,-0.18058418194596015
3931,0.959716796875,27.84356027404726,-219.84531925271162,0.33252282261446453,-0.1822693421860322
3932,0.9599609375000001,27.691327554347176,-219.8419530042049,0.33253351812641085,-0.18395450242616107
3933,0.960205078125,27.539094834647184,-219.83858675569815,0.3325442136383572,-0.18563966266628995
3934,0.96044921875,27.386862114947107,-219.83522050719142,0.3325549091503035,-0.18732482290641883
3935,0.960693359375,27.23462939524711,-219.8318542586847,0.3325656046622498,-0.1890099831465477
3936,0.9609375,27.082396675547027,-219.82848801017795,0.33257630017419615,-0.1906951433866766
3937,0.9611816406250001,26.93016395584695,-219.82512176167123,0.3325869956861993,-0.19238030362680547
3938,0.96142578125,26.777931236146955,-219.82175551316448,0.33259769119814564,-0.19406546386693435
3939,0.961669921875,26.625698516446878,-219.81838926465772,0.33260838671009196,-0.19575062410706323
3940,0.9619140625,26.473465796746883,-219.815023016151,0.3326190822220383,-0.1974357843471921
3941,0.962158203125,26.3212330770468,-219.81165676764428,0.3326297777339846,-0.199120944587321
3942,0.9624023437500001,26.16900035734672,-219.80829051913753,0.3326404732459878,-0.20080610482739303
3943,0.962646484375,26.016767637646726,-219.8049242706308,0.3326511687579341,-0.2024912650675219
3944,0.962890625,25.864534917946646,-219.80155802212406,0.3326618642698804,-0.2041764253076508
3945,0.963134765625,25.712302198246654,-219.79819177361733,0.33267255978182675,-0.20586158554777967
3946,0.96337890625,25.560069478546573,-219.7948255251106,0.3326832552937731,-0.20754674578790855
3947,0.9636230468750001,25.407836758846493,-219.79145927660386,0.3326939508057194,-0.20923190602803743
3948,0.9638671875,25.255604039146498,-219.78809302809714,0.33270464631772256,-0.2109170662681663
3949,0.964111328125,25.10337131944642,-219.78472677959036,0.3327153418296689,-0.2126022265082952
3950,0.96435546875,24.951138599746425,-219.78136053108364,0.3327260373416152,-0.21428738674842407
3951,0.964599609375,24.798905880046345,-219.7779942825769,0.33273673285356153,-0.21597254698855295
3952,0.9648437500000001,24.646673160346264,-219.7746280340702,0.33274742836550786,-0.21765770722868183
3953,0.965087890625,24.49444044064627,-219.77126178556344,0.3327581238774542,-0.21934286746875387
3954,0.96533203125,24.342207720946192,-219.7678955370567,0.33276881938945735,-0.22102802770888275
3955,0.965576171875,24.189975001246196,-219.76452928854997,0.3327795149014037,-0.22271318794901163
3956,0.9658203125,24.033234857419295,-219.47353163328464,0.33278780779050976,-0.22450272758453593
3957,0.9660644531250001,23.875367857560686,-219.11062612632946,0.3327955000239058,-0.2263183620689233
3958,0.96630859375,23.717500857702166,-218.74772061937452,0.3328031922573018,-0.22813399655325384
3959,0.966552734375,23.55963385784356,-218.3848151124194,0.33281088449069784,-0.2299496310376412
3960,0.966796875,23.401766857985045,-218.02190960546443,0.3328185767240939,-0.23176526552197174
3961,0.967041015625,23.243899858126433,-217.65900409850926,0.3328262689574899,-0.23358090000635912
3962,0.9672851562500001,23.086032858267828,-217.29609859155414,0.33283396119088593,-0.2353965344907465
3963,0.967529296875,22.928165858409308,-216.93319308459917,0.33284165342428196,-0.23721216897507702
3964,0.9677734375,22.7702988585507,-216.570287577644,0.332849345657678,-0.2390278034594644
3965,0.968017578125,22.612431858692183,-216.2073820706891,0.332857037891074,-0.24084343794379492
3966,0.96826171875,22.454564858833574,-215.84447656373393,0.33286473012447004,-0.2426590724281823
3967,0.9685058593750001,22.296697858974966,-215.4815710567788,0.33287242235786607,-0.24447470691251283
3968,0.96875,22.13883085911645,-215.11866554982385,0.33288011459120526,-0.2462903413969002
3969,0.968994140625,21.980963859257837,-214.75576004286867,0.3328878068246013,-0.24810597588128758
3970,0.96923828125,21.82309685939932,-214.39285453591373,0.3328954990579973,-0.2499216103656181
3971,0.969482421875,21.665229859540712,-214.0299490289586,0.33290319129139334,-0.2517372448500055
3972,0.9697265625000001,21.507362859682104,-213.66704352200344,0.33291088352478937,-0.253552879334336
3973,0.969970703125,21.349495859823588,-213.30413801504847,0.3329185757581854,-0.2553685138187234
3974,0.97021484375,21.191628859964975,-212.94123250809335,0.3329262679915814,-0.2571841483030539
3975,0.970458984375,21.033761860106463,-212.57832700113838,0.33293396022497745,-0.2589997827874413
3976,0.970703125,20.87589486024785,-212.2154214941832,0.3329416524583735,-0.26081541727182866
3977,0.9709472656250001,20.718027860389245,-211.8525159872281,0.3329493446917695,-0.2626310517561592
3978,0.97119140625,20.560160860530726,-211.48961048027314,0.33295703692516554,-0.26444668624054657
3979,0.971435546875,20.402293860672117,-211.126704973318,0.33296472915856157,-0.2662623207248771
3980,0.9716796875,20.244426860813597,-210.76379946636305,0.3329724213919576,-0.2680779552092645
3981,0.971923828125,20.085411023490924,-210.3132232989599,0.3329796022427445,-0.26991395354644965
3982,0.9721679687500001,19.921799836311983,-209.51196448976447,0.3329847375629811,-0.27183140729488287
3983,0.972412109375,19.75818864913313,-208.71070568056945,0.3329898728832177,-0.2737488610433161
3984,0.97265625,19.59457746195419,-207.909446871374,0.3329950082034543,-0.2756663147917493
3985,0.972900390625,19.43096627477534,-207.10818806217898,0.3330001435236909,-0.2775837685401825
3986,0.97314453125,19.2673550875964,-206.3069292529835,0.3330052788439275,-0.27950122228861574
3987,0.9733886718750001,19.103743900417456,-205.50567044378806,0.3330104141641641,-0.28141867603704895
3988,0.9736328125,18.940132713238608,-204.70441163459304,0.3330155494844007,-0.28333612978548217
3989,0.973876953125,18.776521526059664,-203.90315282539757,0.3330206848046373,-0.2852535835339154
3990,0.97412109375,18.612910338880816,-203.10189401620258,0.3330258201248739,-0.2871710372823486
3991,0.974365234375,18.449299151701876,-202.30063520700713,0.3330309554451105,-0.2890884910307818
3992,0.9746093750000001,18.28568796452293,-201.49937639781166,0.3330360907653471,-0.29100594477921504
3993,0.974853515625,18.122076777344084,-200.69811758861664,0.33304122608558373,-0.29292339852764826
3994,0.97509765625,17.95846559016514,-199.89685877942117,0.33304636140582033,-0.2948408522760815
3995,0.975341796875,17.79485440298629,-199.09559997022617,0.33305149672605694,-0.2967583060245147
3996,0.9755859375,17.63124321580735,-198.2943411610307,0.33305663204629354,-0.2986757597729479
3997,0.9758300781250001,17.467632028628408,-197.49308235183526,0.33306176736653015,-0.30059321352138113
3998,0.97607421875,17.304020841449557,-196.69182354264024,0.33306690268676675,-0.30251066726981435
3999,0.976318359375,17.140409654270616,-195.8905647334448,0.33307203800700336,-0.30442812101824757
4000,0.9765625,16.976798467091765,-195.08930592424974,0.33307717332723996,-0.30634557476662394
4001,0.976806640625,16.813187279912825,-194.2880471150543,0.33308230864747657,-0.30826302851505716
4002,0.9770507812500001,16.64957609273388,-193.48678830585882,0.33308744396771317,-0.3101804822634904
4003,0.977294921875,16.485964905555033,-192.68552949666383,0.3330925792879498,-0.3120979360119236
4004,0.9775390625,16.32235371837609,-191.88427068746836,0.3330977146081864,-0.3140153897603568
4005,0.977783203125,16.15874253119724,-191.08301187827334,0.333102849928423,-0.31593284350879003
4006,0.97802734375,15.995131344018295,-190.2817530690779,0.3331079852486596,-0.31785029725722325
4007,0.9782714843750001,15.827949477734307,-189.17157554915298,0.3331118741759269,-0.3198101777766169
4008,0.978515625,15.65838715871372,-187.85545222207628,0.3331149321744533,-0.3217983428099842
4009,0.978759765625,15.488824839693038,-186.53932889499882,0.33311799017303656,-0.32378650784329466
4010,0.97900390625,15.319262520672451,-185.2232055679221,0.33312104817156296,-0.32577467287666195
4011,0.979248046875,15.149700201651768,-183.9070822408447,0.3331241061701462,-0.3277628379099724
4012,0.9794921875000001,14.980137882631084,-182.5909589137672,0.33312716416872945,-0.32975100294328286
4013,0.979736328125,14.810575563610499,-181.2748355866905,0.33313022216725585,-0.33173916797665015
4014,0.97998046875,14.641013244589814,-179.95871225961304,0.3331332801658391,-0.3337273330099606
4015,0.980224609375,14.47145092556923,-178.64258893253634,0.3331363381643655,-0.3357154980433279
4016,0.98046875,14.301888606548546,-177.32646560545888,0.33313939616294874,-0.33770366307663835
4017,0.9807128906250001,14.132326287527862,-176.01034227838142,0.33314245416147514,-0.33969182811000564
4018,0.98095703125,13.962763968507277,-174.6942189513047,0.3331455121600584,-0.3416799931433161
4019,0.981201171875,13.793201649486594,-173.37809562422726,0.33314857015864163,-0.3436681581766834
4020,0.9814453125,13.623639330466006,-172.06197229715056,0.33315162815716803,-0.34565632320999384
4021,0.981689453125,13.454077011445323,-170.7458489700731,0.3331546861557513,-0.34764448824336114
4022,0.9819335937500001,13.28451469242464,-169.42972564299566,0.3331577441542777,-0.3496326532766716
4023,0.982177734375,13.114952373404053,-168.11360231591894,0.3331608021528609,-0.3516208183100389
4024,0.982421875,12.94539005438337,-166.79747898884148,0.3331638601513873,-0.35360898334334934
4025,0.982666015625,12.775827735362784,-165.48135566176475,0.33316691814997057,-0.35559714837671663
4026,0.98291015625,12.6062654163421,-164.1652323346873,0.3331699761485538,-0.3575853134100271
4027,0.9831542968750001,12.436703097321416,-162.84910900760985,0.3331730341470802,-0.3595734784433944
4028,0.9833984375,12.267140778300831,-161.53298568053313,0.33317609214566346,-0.36156164347670483
4029,0.983642578125,12.097578459280149,-160.2168623534557,0.33317915014418986,-0.3635498085100721
4030,0.98388671875,11.92801614025956,-158.90073902637897,0.3331822081427731,-0.3655379735433826
4031,0.984130859375,11.758453821238879,-157.5846156993015,0.3331852661412995,-0.3675261385767499
4032,0.9843750000000001,11.588891502218193,-156.26849237222373,0.33318832413988275,-0.3695143036100603
4033,0.984619140625,11.413101985173244,-154.3652391144062,0.33318981528384484,-0.37154321959212666
4034,0.98486328125,11.237312468128195,-152.46198585658757,0.3331913064278069,-0.373572135574193
4035,0.985107421875,11.06152295108325,-150.55873259877004,0.333192797571769,-0.3756010515563162
4036,0.9853515625,10.885733434038201,-148.65547934095142,0.3331942887157311,-0.3776299675383825
4037,0.9855957031250001,10.709943916993154,-146.75222608313283,0.3331957798596932,-0.37965888352044885
4038,0.98583984375,10.534154399948205,-144.8489728253153,0.33319727100365526,-0.3816877995025152
4039,0.986083984375,10.358364882903157,-142.9457195674967,0.33319876214761734,-0.3837167154845815
4040,0.986328125,10.18257536585821,-141.04246630967916,0.33320025329157943,-0.3857456314667047
4041,0.986572265625,10.006785848813161,-139.1392130518605,0.3332017444355415,-0.38777454744877105
4042,0.9868164062500001,9.830996331768114,-137.2359597940419,0.3332032355795036,-0.3898034634308374
4043,0.987060546875,9.655206814723165,-135.33270653622435,0.3332047267234657,-0.3918323794129037
4044,0.9873046875,9.479417297678118,-133.42945327840576,0.33320621786742777,-0.39386129539497006
4045,0.987548828125,9.303627780633171,-131.52620002058822,0.33320770901138985,-0.39589021137709324
4046,0.98779296875,9.127838263588123,-129.6229467627696,0.33320920015535194,-0.3979191273591596
4047,0.9880371093750001,8.952048746543074,-127.719693504951,0.333210691299314,-0.3999480433412259
4048,0.98828125,8.776259229498127,-125.81644024713347,0.3332121824432761,-0.40197695932329225
4049,0.988525390625,8.60046971245308,-123.91318698931484,0.3332136735872382,-0.4040058753053586
4050,0.98876953125,8.424680195408131,-122.0099337314973,0.3332151647312003,-0.40603479128748177
4051,0.989013671875,8.248890678363082,-120.1066804736787,0.33321665587516236,-0.4080637072695481
4052,0.9892578125000001,8.073101161318036,-118.20342721586007,0.33321814701912444,-0.41009262325161444
4053,0.989501953125,7.8973116442730875,-116.30017395804255,0.33321963816308653,-0.4121215392336808
4054,0.98974609375,7.721522127228041,-114.39692070022392,0.3332211293070486,-0.4141504552157471
4055,0.989990234375,7.545732610183093,-112.49366744240638,0.3332226204510107,-0.41617937119781345
4056,0.990234375,7.369943093138045,-110.59041418458779,0.3332241115949728,-0.41820828717993663
4057,0.9904785156250001,7.194153576092997,-108.68716092676915,0.33322560273893487,-0.42023720316200297
4058,0.99072265625,7.015753257537429,-106.5216078443177,0.333226682694999,-0.4222725613886382
4059,0.990966796875,6.833436736715822,-103.96260502491353,0.33322714586927304,-0.4243175829820416
4060,0.9912109375,6.65112021589432,-101.40360220551082,0.33322760904349025,-0.4263626045755018
4061,0.991455078125,6.4688036950727135,-98.84459938610664,0.3332280722177643,-0.42840762616890515
4062,0.9916992187500001,6.286487174251107,-96.28559656670247,0.3332285353919815,-0.43045264776236536
4063,0.991943359375,6.1041706534296045,-93.72659374729976,0.33322899856625554,-0.4324976693557687
4064,0.9921875,5.921854132607998,-91.16759092789559,0.33322946174047274,-0.4345426909491721
4065,0.992431640625,5.739537611786496,-88.60858810849285,0.3332299249147468,-0.4365877125426323
4066,0.99267578125,5.557221090964889,-86.0495852890887,0.333230388088964,-0.43863273413603565
4067,0.9929199218750001,5.374904570143283,-83.49058246968453,0.33323085126323804,-0.44067775572949586
4068,0.9931640625,5.19258804932178,-80.93157965028179,0.33323131443745524,-0.4427227773228992
4069,0.993408203125,5.010271528500174,-78.37257683087762,0.3332317776117293,-0.4447677989163594
4070,0.99365234375,4.827955007678671,-75.81357401147491,0.3332322407859465,-0.4468128205097628
4071,0.993896484375,4.645638486857065,-73.25457119207073,0.33323270396022053,-0.448857842103223
4072,0.9941406250000001,4.463321966035458,-70.69556837266656,0.3332331671344946,-0.45090286369662635
4073,0.994384765625,4.281005445213956,-68.13656555326385,0.3332336303087118,-0.45294788529008656
4074,0.99462890625,4.09868892439235,-65.57756273385968,0.3332340934829858,-0.4549929068834899
4075,0.994873046875,3.916372403570848,-63.01855991445696,0.33323455665720303,-0.45703792847695013
4076,0.9951171875,3.7340558827492405,-60.45955709505279,0.3332350198314771,-0.4590829500703535
4077,0.9953613281250001,3.551739361927635,-57.90055427564861,0.3332354830056943,-0.4611279716638137
4078,0.99560546875,3.3694228411061324,-55.3415514562459,0.3332359461799683,-0.46317299325721706
4079,0.995849609375,3.187106320284526,-52.782548636841724,0.3332364093541855,-0.46521801485067726
4080,0.99609375,3.0047897994630235,-50.223545817439,0.33323687252845957,-0.4672630364440806
4081,0.996337890625,2.822473278641417,-47.66454299803484,0.3332373357026768,-0.46930805803754083
4082,0.9965820312500001,2.6401567578198106,-45.10554017863066,0.3332377988769508,-0.4713530796309442
4083,0.996826171875,2.457840236998308,-42.54653735922795,0.333238262051168,-0.4733981012244044
4084,0.9970703125,2.2700408745318312,-39.40756574563756,0.33323835468604557,-0.4754441614466032
4085,0.997314453125,2.0808708016542408,-36.12360193350218,0.33323835468604557,-0.47749048132607186
4086,0.99755859375,1.8917007287765437,-32.83963812136495,0.33323835468604557,-0.47953680120554054
4087,0.9978027343750001,1.7025306558988464,-29.555674309227708,0.33323835468604557,-0.4815831210849524
4088,0.998046875,1.5133605830212566,-26.27171049709233,0.33323835468604557,-0.48362944096442106
4089,0.998291015625,1.3241905101435594,-22.987746684955088,0.33323835468604557,-0.48567576084388975
4090,0.99853515625,1.1350204372659696,-19.703782872819716,0.33323835468604557,-0.4877220807233016
4091,0.998779296875,0.9458503643882721,-16.419819060682475,0.33323835468604557,-0.48976840060277027
4092,0.9990234375000001,0.7566802915105746,-13.135855248545232,0.33323835468604557,-0.49181472048223895
4093,0.999267578125,0.5675102186329848,-9.851891436409861,0.33323835468604557,-0.4938610403616508
4094,0.99951171875,0.37834014575528735,-6.567927624272619,0.33323835468604557,-0.4959073602411195
4095,0.999755859375,0.18917007287769735,-3.2839638121372428,0.33323835468604557,-0.4979536801205313
4096,1.0,0.0,0.0,0.33323835468604557,-0.5
