index,coordinate,U_at_X0.5,W_at_Z0.5,theta_vertical,theta_horizontal
0,0.0,0.0,0.0,-0.33328887934510476,0.5
1,0.000244140625,-0.18909166061058466,3.284574379938181,-0.33328887934510476,0.4979536739805326
2,0.00048828125,-0.3781833212211693,6.569148759876362,-0.33328887934510476,0.49590734796106517
3,0.0007324218750000001,-0.567274981831754,9.853723139814544,-0.33328887934510476,0.49386102194159776
4,0.0009765625,-0.7563666424423386,13.138297519752724,-0.33328887934510476,0.49181469592213034
5,0.001220703125,-0.9454583030529232,16.422871899690904,-0.33328887934510476,0.48976836990271977
6,0.0014648437500000002,-1.134549963663508,19.70744627962909,-0.33328887934510476,0.48772204388325235
7,0.001708984375,-1.3236416242740927,22.99202065956727,-0.33328887934510476,0.48567571786378494
8,0.001953125,-1.5127332848846773,26.276595039505448,-0.33328887934510476,0.4836293918443175
9,0.002197265625,-1.7018249454952619,29.561169419443626,-0.33328887934510476,0.4815830658248501
10,0.00244140625,-1.8909166061058464,32.84574379938181,-0.33328887934510476,0.4795367398053827
11,0.002685546875,-2.0800082667164315,36.13031817931999,-0.33328887934510476,0.4774904137859153
12,0.0029296875000000004,-2.269099927327016,39.41489255925818,-0.33328887934510476,0.47544408776644786
13,0.003173828125,-2.4568207753042146,42.5544532629188,-0.3332887867417753,0.4733980210633604
14,0.00341796875,-2.639058372747867,45.11395926146921,-0.3332883237250712,0.47135299162573574
15,0.003662109375,-2.8212959701915197,47.67346526001963,-0.3332878607083103,0.4693079621881111
16,0.00390625,-3.003533567635173,50.232971258570046,-0.3332873976916062,0.46726293275048647
17,0.004150390625,-3.185771165078826,52.79247725712046,-0.3332869346749021,0.46521790331286184
18,0.00439453125,-3.368008762522479,55.351983255670866,-0.333286471658198,0.46317287387518036
19,0.004638671875,-3.5502463599661325,57.91148925422129,-0.33328600864149394,0.4611278444375557
20,0.0048828125,-3.732483957409785,60.47099525277169,-0.33328554562478985,0.4590828149999311
21,0.005126953125,-3.9147215548534375,63.03050125132211,-0.3332850826080289,0.45703778556230645
22,0.00537109375,-4.0969591522970905,65.59000724987251,-0.3332846195913248,0.4549927561246818
23,0.005615234375,-4.279196749740744,68.14951324842292,-0.33328415657462074,0.45294772668700034
24,0.005859375000000001,-4.461434347184397,70.70901924697336,-0.33328369355791665,0.4509026972493757
25,0.006103515625,-4.643671944628049,73.26852524552376,-0.33328323054121256,0.44885766781175107
26,0.00634765625,-4.825909542071702,75.82803124407417,-0.33328276752450847,0.44681263837412644
27,0.006591796875,-5.008147139515356,78.38753724262459,-0.33328230450774754,0.4447676089365018
28,0.0068359375,-5.190384736959008,80.947043241175,-0.33328184149104345,0.4427225794988203
29,0.007080078125000001,-5.372622334402662,83.50654923972542,-0.33328137847433936,0.4406775500611957
30,0.00732421875,-5.554859931846313,86.06605523827581,-0.3332809154576353,0.43863252062357105
31,0.007568359375,-5.737097529289968,88.62556123682623,-0.3332804524409312,0.4365874911859464
32,0.0078125,-5.91933512673362,91.18506723537665,-0.3332799894242271,0.4345424617483218
33,0.008056640625,-6.101572724177274,93.74457323392707,-0.33327952640746616,0.4324974323106403
34,0.00830078125,-6.283810321620926,96.30407923247746,-0.3332790633907621,0.43045240287301567
35,0.008544921875,-6.466047919064579,98.86358523102788,-0.333278600374058,0.42840737343539104
36,0.0087890625,-6.648285516508232,101.42309122957832,-0.3332781373573539,0.4263623439977664
37,0.009033203125,-6.830523113951885,103.98259722812871,-0.3332776743406498,0.4243173145600849
38,0.00927734375,-7.012760711395538,106.54210322667913,-0.3332772113238889,0.4222722851224603
39,0.009521484375,-7.191081946421873,108.70810137046641,-0.33327613165062075,0.4202369111598614
40,0.009765625,-7.366792273169996,110.61176094441161,-0.3332746408729008,0.4182079741805751
41,0.010009765625,-7.54250259991812,112.51542051835683,-0.3332731500951809,0.41617903720134564
42,0.01025390625,-7.718212926666244,114.41908009230202,-0.33327165931746094,0.41415010022205934
43,0.010498046874999998,-7.893923253414367,116.32273966624723,-0.33327016853968416,0.41212116324277304
44,0.0107421875,-8.069633580162492,118.22639924019245,-0.3332686777619642,0.41009222626348674
45,0.010986328125,-8.245343906910614,120.13005881413764,-0.3332671869842443,0.4080632892842573
46,0.01123046875,-8.421054233658738,122.03371838808287,-0.33326569620652435,0.406034352304971
47,0.011474609375,-8.59676456040686,123.93737796202805,-0.3332642054288044,0.4040054153256847
48,0.011718750000000002,-8.772474887154985,125.84103753597329,-0.3332627146510845,0.4019764783463984
49,0.011962890625,-8.948185213903107,127.74469710991849,-0.33326122387336454,0.3999475413671689
50,0.01220703125,-9.123895540651231,129.64835668386368,-0.3332597330956446,0.3979186043878826
51,0.012451171875,-9.299605867399356,131.5520162578089,-0.33325824231792467,0.3958896674085963
52,0.0126953125,-9.475316194147478,133.4556758317541,-0.33325675154020473,0.39386073042936687
53,0.012939453125000002,-9.651026520895604,135.3593354056993,-0.3332552607624848,0.39183179345008057
54,0.01318359375,-9.826736847643726,137.26299497964453,-0.33325376998476486,0.38980285647079427
55,0.013427734375,-10.002447174391849,139.16665455358972,-0.3332522792070449,0.38777391949150797
56,0.013671875,-10.178157501139975,141.0703141275349,-0.333250788429325,0.3857449825122785
57,0.013916015625,-10.353867827888097,142.97397370148013,-0.33324929765160505,0.3837160455329922
58,0.014160156250000002,-10.529578154636221,144.87763327542535,-0.3332478068738851,0.3816871085537059
59,0.014404296875,-10.705288481384345,146.78129284937057,-0.3332463160961652,0.37965817157447646
60,0.0146484375,-10.880998808132468,148.68495242331574,-0.33324482531844524,0.37762923459519016
61,0.014892578125,-11.056709134880593,150.58861199726095,-0.3332433345407253,0.37560029761590386
62,0.01513671875,-11.232419461628716,152.49227157120617,-0.33324184376300536,0.37357136063661756
63,0.015380859375000002,-11.408129788376838,154.3959311451514,-0.3332403529852854,0.3715424236573881
64,0.015625,-11.58384011512496,156.29959071909659,-0.3332388622075655,0.3695134866781018
65,0.015869140625,-11.753323315864392,157.61603474469445,-0.3332358048420474,0.3675252729257181
66,0.01611328125,-11.922806516603826,158.9324787702923,-0.33323274747658616,0.36553705917333446
67,0.016357421875,-12.092289717343258,160.24892279589017,-0.33322969011106807,0.3635488454209508
68,0.0166015625,-12.26177291808269,161.56536682148806,-0.3332266327456068,0.36156063166862396
69,0.016845703125,-12.431256118822121,162.88181084708592,-0.33322357538008873,0.3595724179162403
70,0.01708984375,-12.60073931956155,164.19825487268378,-0.3332205180146275,0.3575842041638566
71,0.017333984375,-12.770222520300983,165.51469889828167,-0.3332174606491094,0.35559599041147294
72,0.017578125,-12.939705721040415,166.8311429238795,-0.33321440328364815,0.35360777665908927
73,0.017822265625,-13.109188921779847,168.14758694947741,-0.33321134591813006,0.3516195629067056
74,0.01806640625,-13.278672122519279,169.46403097507525,-0.3332082885526688,0.3496313491543219
75,0.018310546875,-13.448155323258709,170.78047500067314,-0.33320523118715073,0.3476431354019951
76,0.0185546875,-13.617638523998144,172.096919026271,-0.3332021738216895,0.3456549216496114
77,0.018798828125,-13.787121724737572,173.41336305186886,-0.3331991164561714,0.34366670789722775
78,0.01904296875,-13.956604925477006,174.72980707746675,-0.3331960590906533,0.3416784941448441
79,0.019287109375,-14.126088126216436,176.0462511030646,-0.33319300172519206,0.3396902803924604
80,0.01953125,-14.295571326955868,177.36269512866247,-0.333189944359674,0.33770206664007674
81,0.019775390624999997,-14.4650545276953,178.67913915426033,-0.3331868869942127,0.3357138528877499
82,0.02001953125,-14.634537728434731,179.9955831798582,-0.33318382962869464,0.33372563913536624
83,0.020263671875,-14.804020929174163,181.31202720545608,-0.3331807722632334,0.33173742538298256
84,0.0205078125,-14.973504129913595,182.6284712310539,-0.3331777148977153,0.3297492116305989
85,0.020751953125,-15.142987330653028,183.94491525665183,-0.33317465753225406,0.3277609978782152
86,0.020996093749999997,-15.312470531392455,185.26135928224963,-0.33317160016673597,0.32577278412583155
87,0.021240234375,-15.48195373213189,186.57780330784755,-0.3331685428012747,0.3237845703734479
88,0.021484375,-15.651436932871324,187.8942473334454,-0.33316548543575664,0.32179635662112105
89,0.021728515625,-15.820920133610752,189.21069135904327,-0.3331624280702954,0.3198081428687374
90,0.02197265625,-15.988023062492617,190.32115900778737,-0.3331585399081973,0.3178481974022702
91,0.022216796874999997,-16.151555583588138,191.12266209125076,-0.3331534055512293,0.31593065436459256
92,0.0224609375,-16.31508810468366,191.92416517471415,-0.33314827119426127,0.31401311132697174
93,0.022705078125,-16.47862062577918,192.72566825817754,-0.33314313683729324,0.3120955682893509
94,0.02294921875,-16.642153146874698,193.52717134164095,-0.3331380024803252,0.3101780252517301
95,0.023193359375,-16.805685667970216,194.32867442510434,-0.3331328681233572,0.3082604822141093
96,0.023437500000000003,-16.96921818906574,195.13017750856775,-0.3331277337663323,0.30634293917648847
97,0.023681640625,-17.13275071016126,195.93168059203114,-0.3331225994093643,0.30442539613886765
98,0.02392578125,-17.296283231256776,196.73318367549456,-0.33311746505239626,0.30250785310124684
99,0.024169921875,-17.4598157523523,197.53468675895795,-0.3331123306954282,0.300590310063626
100,0.0244140625,-17.623348273447817,198.33618984242133,-0.3331071963384602,0.2986727670260052
101,0.024658203125000003,-17.786880794543336,199.13769292588475,-0.33310206198149217,0.2967552239883844
102,0.02490234375,-17.95041331563886,199.93919600934814,-0.33309692762452414,0.2948376809507067
103,0.025146484375,-18.113945836734374,200.74069909281152,-0.3330917932675561,0.2929201379130859
104,0.025390625,-18.277478357829896,201.5422021762749,-0.3330866589105881,0.2910025948754651
105,0.025634765625,-18.441010878925418,202.34370525973833,-0.33308152455362006,0.2890850518378443
106,0.025878906250000003,-18.604543400020933,203.14520834320172,-0.33307639019665203,0.28716750880022346
107,0.026123046875,-18.768075921116456,203.94671142666513,-0.333071255839684,0.28524996576260264
108,0.0263671875,-18.931608442211974,204.74821451012852,-0.33306612148271597,0.2833324227249818
109,0.026611328125,-19.095140963307493,205.54971759359194,-0.33306098712574794,0.281414879687361
110,0.02685546875,-19.258673484403015,206.35122067705532,-0.3330558527687799,0.2794973366497402
111,0.027099609375000003,-19.42220600549853,207.15272376051874,-0.3330507184118119,0.2775797936121194
112,0.02734375,-19.585738526594053,207.95422684398213,-0.33304558405484386,0.2756622505744417
113,0.027587890625,-19.749271047689575,208.75572992744551,-0.33304044969787583,0.2737447075368209
114,0.02783203125,-19.91280356878509,209.5572330109089,-0.3330353153409078,0.2718271644992001
115,0.028076171875,-20.07633608988061,210.3587360943723,-0.33303018098393977,0.26990962146157926
116,0.028320312500000003,-20.23527395724404,210.80950104515958,-0.3330230014139488,0.26807349507538447
117,0.028564453125,-20.39306316117445,211.17258146277783,-0.33301531054075895,0.26625772285200355
118,0.02880859375,-20.550852365104856,211.53566188039605,-0.3330076196675691,0.26444195062862264
119,0.029052734375,-20.70864156903526,211.8987422980143,-0.33299992879437923,0.26262617840529856
120,0.029296875,-20.866430772965675,212.2618227156325,-0.33299223792118937,0.26081040618191764
121,0.029541015625000003,-21.02421997689608,212.62490313325074,-0.3329845470479995,0.2589946339585367
122,0.02978515625,-21.182009180826487,212.987983550869,-0.33297685617480965,0.25717886173521265
123,0.030029296875,-21.339798384756897,213.35106396848724,-0.3329691653016198,0.25536308951183173
124,0.0302734375,-21.497587588687303,213.71414438610546,-0.33296147442842994,0.2535473172884508
125,0.030517578125,-21.65537679261771,214.07722480372368,-0.3329537835552401,0.25173154506512674
126,0.030761718750000003,-21.813165996548122,214.44030522134193,-0.3329460926820502,0.24991577284174582
127,0.031005859375,-21.970955200478528,214.80338563896015,-0.33293840180886036,0.2481000006183649
128,0.03125,-22.128744404408938,215.1664660565784,-0.3329307109356705,0.24628422839498398
129,0.031494140625,-22.286533608339344,215.52954647419662,-0.33292302006248065,0.2444684561716599
130,0.03173828125,-22.444322812269753,215.89262689181487,-0.3329153291892908,0.242652683948279
131,0.031982421875,-22.602112016200167,216.25570730943312,-0.33290763831610093,0.24083691172489807
132,0.0322265625,-22.75990122013057,216.61878772705137,-0.33289994744291107,0.239021139501574
133,0.032470703125,-22.91769042406098,216.9818681446696,-0.3328922565697212,0.23720536727819308
134,0.03271484375,-23.075479627991385,217.3449485622878,-0.33288456569653135,0.23538959505481216
135,0.032958984375,-23.233268831921794,217.70802897990606,-0.3328768748233415,0.2335738228314881
136,0.033203125,-23.391058035852204,218.0711093975243,-0.33286918395015164,0.23175805060810717
137,0.033447265625,-23.548847239782614,218.43418981514253,-0.3328614930769618,0.22994227838472625
138,0.03369140625,-23.70663644371302,218.79727023276078,-0.3328538022037719,0.22812650616140218
139,0.033935546875,-23.864425647643426,219.16035065037897,-0.33284611133058206,0.22631073393802126
140,0.0341796875,-24.022214851573835,219.52343106799722,-0.3328384204573922,0.22449496171464034
141,0.034423828125,-24.17887746308004,219.81459095029368,-0.3328301290214881,0.22270527437439114
142,0.03466796875,-24.33103370488943,219.81806869130298,-0.332819435334784,0.22101992656644143
143,0.034912109375,-24.48318994669882,219.82154643231232,-0.33280874164807983,0.21933457875849172
144,0.03515625,-24.63534618850821,219.82502417332162,-0.33279804796131884,0.217649230950542
145,0.035400390625,-24.7875024303176,219.82850191433093,-0.3327873542746147,0.2159638831425923
146,0.03564453125,-24.93965867212699,219.83197965534023,-0.33277666058791056,0.21427853533464258
147,0.035888671875,-25.09181491393638,219.83545739634957,-0.3327659669012064,0.21259318752669287
148,0.0361328125,-25.243971155745772,219.83893513735885,-0.33275527321450227,0.21090783971874316
149,0.036376953125,-25.396127397555162,219.84241287836815,-0.3327445795277981,0.20922249191079345
150,0.03662109375,-25.548283639364552,219.84589061937749,-0.332733885841094,0.20753714410284374
151,0.036865234375,-25.700439881173942,219.8493683603868,-0.332723192154333,0.20585179629489403
152,0.037109375,-25.852596122983332,219.8528461013961,-0.33271249846762885,0.20416644848694432
153,0.037353515625,-26.00475236479273,219.8563238424054,-0.3327018047809247,0.2024811006789946
154,0.03759765625,-26.156908606602116,219.8598015834147,-0.33269111109422056,0.2007957528710449
155,0.037841796875,-26.309064848411506,219.863279324424,-0.3326804174075164,0.19911040506309519
156,0.0380859375,-26.4612210902209,219.86675706543332,-0.33266972372081227,0.19742505725514548
157,0.038330078125,-26.61337733203029,219.87023480644262,-0.3326590300341081,0.19573970944719576
158,0.03857421875,-26.765533573839676,219.87371254745196,-0.332648336347404,0.19405436163924605
159,0.038818359375,-26.91768981564907,219.87719028846124,-0.332637642660643,0.19236901383129634
160,0.0390625,-27.06984605745846,219.88066802947054,-0.33262694897393885,0.19068366602340348
161,0.039306640625,-27.222002299267853,219.88414577047988,-0.3326162552872347,0.18899831821545376
162,0.03955078124999999,-27.37415854107724,219.88762351148918,-0.33260556160053056,0.18731297040750405
163,0.039794921875,-27.52631478288663,219.8911012524985,-0.3325948679138264,0.18562762259955434
164,0.0400390625,-27.678471024696027,219.8945789935078,-0.3325841742271223,0.18394227479160463
165,0.040283203125,-27.830627266505413,219.89805673451713,-0.33257348054041813,0.18225692698365492
166,0.04052734375,-27.982783508314803,219.90153447552643,-0.33256278685365714,0.1805715791757052
167,0.04077148437499999,-28.131558601004567,219.7359844130254,-0.3325500448878529,0.1789785407933664
168,0.041015625,-28.278079594281255,219.45774914818412,-0.33253593740261067,0.17744704202812045
169,0.041259765625,-28.424600587557943,219.17951388334285,-0.3325218299173116,0.17591554326281766
170,0.04150390625,-28.571121580834625,218.9012786185016,-0.3325077224320694,0.17438404449757172
171,0.041748046875,-28.717642574111306,218.6230433536603,-0.33249361494682717,0.17285254573232578
172,0.04199218749999999,-28.864163567387987,218.34480808881906,-0.33247950746158494,0.17132104696707984
173,0.042236328125,-29.010684560664675,218.0665728239778,-0.3324653999763427,0.16978954820177705
174,0.04248046875,-29.157205553941363,217.78833755913655,-0.3324512924911005,0.1682580494365311
175,0.042724609375,-29.303726547218044,217.51010229429528,-0.33243718500580144,0.16672655067128517
176,0.04296875,-29.45024754049473,217.231867029454,-0.3324230775205592,0.16519505190603923
177,0.04321289062499999,-29.59676853377141,216.95363176461274,-0.332408970035317,0.16366355314079328
178,0.04345703125,-29.7432895270481,216.67539649977147,-0.3323948625500748,0.1621320543754905
179,0.043701171875,-29.889810520324787,216.39716123493022,-0.33238075506483256,0.16060055561024456
180,0.0439453125,-30.036331513601468,216.11892597008895,-0.3323666475795335,0.1590690568449986
181,0.044189453125,-30.18285250687815,215.8406907052477,-0.33235254009429127,0.15753755807975267
182,0.04443359374999999,-30.32937350015483,215.5624554404064,-0.33233843260904905,0.15600605931444989
183,0.044677734375,-30.475894493431518,215.28422017556517,-0.33232432512380683,0.15447456054920394
184,0.044921875,-30.622415486708206,215.0059849107239,-0.3323102176385646,0.152943061783958
185,0.045166015625,-30.768936479984884,214.72774964588265,-0.33229611015326554,0.15141156301871206
186,0.04541015625,-30.915457473261572,214.44951438104135,-0.3322820026680233,0.14988006425340927
187,0.04565429687499999,-31.061978466538257,214.1712791162001,-0.3322678951827811,0.14834856548816333
188,0.0458984375,-31.208499459814945,213.8930438513588,-0.3322537876975389,0.1468170667229174
189,0.046142578125,-31.355020453091623,213.61480858651757,-0.33223968021229666,0.14528556795767145
190,0.04638671875,-31.501541446368304,213.3365733216763,-0.3322255727269976,0.14375406919236866
191,0.046630859375,-31.648062439644992,213.05833805683505,-0.3322114652417554,0.14222257042712272
192,0.04687500000000001,-31.79458343292168,212.78010279199376,-0.33219735775651316,0.14069107166187678
193,0.047119140625,-31.93534808350633,212.29366841202605,-0.3321794625061898,0.13932983111754993
194,0.04736328125,-32.07611273409098,211.80723403205826,-0.33216156725586643,0.13796859057322308
195,0.047607421875,-32.21687738467563,211.32079965209053,-0.33214367200554307,0.13660735002889624
196,0.0478515625,-32.357642035260284,210.83436527212277,-0.33212577675527655,0.13524610948462623
197,0.04809570312500001,-32.49840668584494,210.34793089215503,-0.3321078815049532,0.13388486894029938
198,0.04833984375,-32.639171336429584,209.86149651218727,-0.3320899862546298,0.13252362839597254
199,0.048583984375,-32.77993598701424,209.3750621322195,-0.33207209100430646,0.1311623878516457
200,0.048828125,-32.92070063759889,208.8886277522518,-0.3320541957539831,0.12980114730731884
201,0.049072265625,-33.061465288183534,208.40219337228402,-0.33203630050365973,0.128439906762992
202,0.04931640625000001,-33.20222993876819,207.91575899231628,-0.33201840525333637,0.127078666218722
203,0.049560546875,-33.34299458935284,207.42932461234855,-0.33200051000306985,0.12571742567439514
204,0.0498046875,-33.48375923993749,206.9428902323808,-0.3319826147527465,0.1243561851300683
205,0.050048828125,-33.62452389052214,206.45645585241306,-0.3319647195024231,0.12299494458574145
206,0.05029296875,-33.76528854110679,205.9700214724453,-0.33194682425209976,0.1216337040414146
207,0.05053710937500001,-33.90605319169144,205.48358709247753,-0.3319289290017764,0.12027246349708776
208,0.05078125,-34.04681784227609,204.9971527125098,-0.33191103375145303,0.11891122295281775
209,0.051025390625,-34.18758249286075,204.51071833254204,-0.3318931385011865,0.1175499824084909
210,0.05126953125,-34.32834714344539,204.0242839525743,-0.33187524325086315,0.11618874186416406
211,0.051513671875,-34.46911179403004,203.53784957260658,-0.3318573480005398,0.11482750131983721
212,0.05175781250000001,-34.6098764446147,203.05141519263879,-0.3318394527502164,0.11346626077551036
213,0.052001953125,-34.75064109519935,202.56498081267108,-0.33182155749989306,0.11210502023118352
214,0.05224609375,-34.891405745784,202.07854643270332,-0.3318036622495697,0.11074377968691351
215,0.052490234375,-35.03217039636865,201.59211205273556,-0.33178576699924633,0.10938253914258667
216,0.052734375,-35.172935046953306,201.10567767276783,-0.3317678717489798,0.10802129859825982
217,0.05297851562500001,-35.31369969753795,200.61924329280006,-0.33174997649865645,0.10666005805393297
218,0.05322265625,-35.452066964766935,200.07602390885543,-0.33173043186047835,0.10537037820830619
219,0.053466796875,-35.58683815696243,199.44762701894535,-0.33170841314051813,0.10418803941081478
220,0.0537109375,-35.72160934915791,198.81923012903533,-0.3316863944205579,0.10300570061326653
221,0.053955078125,-35.85638054135339,198.19083323912528,-0.3316643757005977,0.10182336181571827
222,0.05419921875000001,-35.99115173354888,197.56243634921526,-0.3316423569806375,0.10064102301817002
223,0.054443359375,-36.12592292574437,196.93403945930524,-0.33162033826067727,0.09945868422062176
224,0.0546875,-36.260694117939856,196.3056425693952,-0.33159831954071706,0.09827634542307351
225,0.054931640625,-36.39546531013534,195.67724567948517,-0.33157630082075684,0.09709400662552525
226,0.05517578125,-36.53023650233083,195.04884878957515,-0.3315542821007966,0.095911667827977
227,0.05541992187500001,-36.66500769452631,194.4204518996651,-0.3315322633808364,0.09472932903042874
228,0.0556640625,-36.7997788867218,193.79205500975507,-0.3315102446608762,0.09354699023288049
229,0.055908203125,-36.93455007891729,193.16365811984502,-0.331488225940916,0.09236465143533223
230,0.05615234375,-37.06932127111277,192.53526122993497,-0.33146620722095577,0.09118231263784082
231,0.056396484375,-37.20409246330826,191.90686434002495,-0.33144418850099555,0.08999997384029257
232,0.05664062500000001,-37.338863655503744,191.2784674501149,-0.33142216978103534,0.08881763504274431
233,0.056884765625,-37.47363484769923,190.65007056020488,-0.3314001510610751,0.08763529624519606
234,0.05712890625,-37.60840603989472,190.02167367029486,-0.3313781323411149,0.0864529574476478
235,0.057373046875,-37.743177232090204,189.39327678038484,-0.3313561136211547,0.08527061865009955
236,0.0576171875,-37.87794842428569,188.7648798904748,-0.3313340949011945,0.0840882798525513
237,0.05786132812500001,-38.01271961648118,188.13648300056477,-0.33131207618123426,0.08290594105500304
238,0.05810546875,-38.147490808676665,187.50808611065474,-0.33129005746127405,0.08172360225745479
239,0.058349609375,-38.28226200087215,186.8796892207447,-0.33126803874131383,0.08054126345990653
240,0.05859375,-38.41703319306763,186.25129233083464,-0.3312460200213536,0.07935892466241512
241,0.058837890625,-38.551804385263125,185.6228954409246,-0.3312240013013934,0.07817658586486687
242,0.05908203125000001,-38.68657557745862,184.99449855101454,-0.3312019825814332,0.07699424706731861
243,0.059326171875,-38.82134676965409,184.36610166110455,-0.33117996386147297,0.07581190826977036
244,0.0595703125,-38.951049440313156,183.66973866697887,-0.3311544089791596,0.07477353604048176
245,0.059814453125,-39.07948498058812,182.95638414679934,-0.33112797005628636,0.07377115545330071
246,0.06005859375,-39.20792052086308,182.24302962661972,-0.3311015311334131,0.07276877486606281
247,0.06030273437500001,-39.33635606113804,181.52967510644015,-0.3310750922105399,0.07176639427888176
248,0.060546875,-39.46479160141299,180.81632058626062,-0.3310486532877235,0.07076401369164387
249,0.060791015625,-39.59322714168796,180.10296606608102,-0.33102221436485024,0.06976163310446282
250,0.06103515625,-39.72166268196291,179.38961154590146,-0.330995775441977,0.06875925251722492
251,0.061279296875,-39.850098222237875,178.6762570257219,-0.33096933651910376,0.06775687193004387
252,0.06152343750000001,-39.97853376251283,177.9629025055423,-0.3309428975962305,0.06675449134280598
253,0.061767578125,-40.106969302787796,177.24954798536274,-0.3309164586733573,0.06575211075562493
254,0.06201171875,-40.23540484306275,176.53619346518317,-0.33089001975048404,0.06474973016838703
255,0.062255859375,-40.36384038333771,175.8228389450036,-0.3308635808276108,0.06374734958120598
256,0.0625,-40.492275923612674,175.10948442482405,-0.3308371419047944,0.06274496899402493
257,0.062744140625,-40.62071146388764,174.39612990464443,-0.33081070298192117,0.061742588406787036
258,0.06298828125,-40.74914700416259,173.68277538446492,-0.3307842640590479,0.060740207819605985
259,0.063232421875,-40.87758254443755,172.96942086428533,-0.3307578251361747,0.05973782723236809
260,0.0634765625,-41.00601808471251,172.25606634410576,-0.33073138621330145,0.05873544664518704
261,0.063720703125,-41.13445362498747,171.54271182392617,-0.3307049472904282,0.057733066057949145
262,0.06396484375,-41.26288916526243,170.82935730374663,-0.33067850836755497,0.056730685470768094
263,0.064208984375,-41.391324705537386,170.11600278356704,-0.33065206944468173,0.0557283048835302
264,0.064453125,-41.51976024581236,169.40264826338748,-0.3306256305218085,0.05472592429634915
265,0.064697265625,-41.648195786087314,168.68929374320794,-0.3305991915989921,0.053723543709111254
266,0.06494140625,-41.77663132636226,167.97593922302832,-0.33057275267611885,0.052721163121930203
267,0.065185546875,-41.905066866637235,167.26258470284876,-0.3305463137532456,0.05171878253469231
268,0.0654296875,-42.033502406912184,166.54923018266916,-0.3305198748303724,0.05071640194751126
269,0.065673828125,-42.16058492400511,165.82825653774032,-0.33049250033548105,0.04974888491801721
270,0.06591796875,-42.282255348369866,165.07680639381434,-0.33046138355257426,0.048920822119555396
271,0.066162109375,-42.40392577273462,164.32535624988833,-0.33043026676966747,0.04809275932103674
272,0.06640625,-42.52559619709938,163.5739061059623,-0.3303991499868175,0.04726469652257492
273,0.066650390625,-42.64726662146414,162.82245596203632,-0.3303680332039107,0.046436633724056264
274,0.06689453125,-42.7689370458289,162.0710058181103,-0.33033691642100393,0.04560857092559445
275,0.067138671875,-42.89060747019365,161.3195556741843,-0.33030579963809714,0.04478050812707579
276,0.0673828125,-43.01227789455842,160.5681055302583,-0.33027468285519035,0.043952445328613976
277,0.067626953125,-43.13394831892318,159.81665538633226,-0.33024356607228356,0.04312438253009532
278,0.06787109375,-43.25561874328793,159.06520524240628,-0.33021244928937676,0.0422963197316335
279,0.068115234375,-43.37728916765269,158.31375509848027,-0.3301813325065268,0.041468256933114844
280,0.068359375,-43.49895959201745,157.56230495455426,-0.33015021572362,0.04064019413465303
281,0.068603515625,-43.6206300163822,156.81085481062826,-0.33011909894071323,0.03981213133613437
282,0.06884765625,-43.742300440746966,156.05940466670225,-0.33008798215780644,0.03898406853761571
283,0.069091796875,-43.863970865111725,155.30795452277624,-0.33005686537489964,0.0381560057391539
284,0.0693359375,-43.98564128947648,154.55650437885024,-0.33002574859199285,0.03732794294063524
285,0.069580078125,-44.107311713841234,153.80505423492426,-0.32999463180908606,0.036499880142173424
286,0.06982421875,-44.22898213820601,153.05360409099822,-0.32996351502617927,0.035671817343654766
287,0.070068359375,-44.350652562570765,152.3021539470722,-0.3299323982433293,0.03484375454519295
288,0.0703125,-44.47232298693552,151.5507038031462,-0.3299012814604225,0.03401569174667429
289,0.070556640625,-44.593993411300275,150.79925365922023,-0.32987016467751573,0.03318762894821248
290,0.07080078125,-44.71566383566503,150.04780351529425,-0.32983904789460894,0.03235956614969382
291,0.071044921875,-44.837334260029785,149.2963533713682,-0.32980793111170215,0.031531503351232004
292,0.0712890625,-44.95900468439455,148.54490322744218,-0.32977681432879535,0.030703440552713346
293,0.071533203125,-45.08067510875931,147.7934530835162,-0.32974569754588856,0.02987537775425153
294,0.07177734375,-45.20234553312407,147.04200293959016,-0.3297145807630386,0.029047314955732872
295,0.072021484375,-45.31966067606102,146.28973577017905,-0.32968052576859463,0.02831724134318847
296,0.072265625,-45.43407229804611,145.53692391711112,-0.3296445119664213,0.027652493854645854
297,0.072509765625,-45.54848392003122,144.7841120640432,-0.3296084981643048,0.026987746366103238
298,0.07275390625,-45.6628955420163,144.03130021097527,-0.3295724843621315,0.02632299887756062
299,0.072998046875,-45.77730716400139,143.27848835790735,-0.329536470560015,0.02565825138907485
300,0.0732421875,-45.891718785986484,142.52567650483948,-0.3295004567578417,0.024993503900532232
301,0.073486328125,-46.006130407971575,141.77286465177153,-0.3294644429557252,0.024328756411989616
302,0.07373046875,-46.12054202995668,141.02005279870357,-0.32942842915355186,0.023664008923447
303,0.073974609375,-46.234953651941765,140.2672409456357,-0.3293924153514354,0.022999261434904383
304,0.07421875,-46.34936527392686,139.51442909256775,-0.32935640154926205,0.022334513946361767
305,0.074462890625,-46.46377689591195,138.76161723949988,-0.32932038774714556,0.02166976645781915
306,0.07470703125,-46.57818851789704,138.00880538643193,-0.32928437394497223,0.021005018969276534
307,0.074951171875,-46.692600139882146,137.255993533364,-0.3292483601427989,0.020340271480733918
308,0.0751953125,-46.80701176186723,136.5031816802961,-0.3292123463406824,0.0196755239921913
309,0.075439453125,-46.92142338385232,135.75036982722818,-0.3291763325385091,0.019010776503648685
310,0.07568359375,-47.03583500583741,134.9975579741603,-0.3291403187363926,0.01834602901510607
311,0.075927734375,-47.150246627822504,134.24474612109233,-0.3291043049342761,0.017681281526563453
312,0.076171875,-47.2646582498076,133.4919342680244,-0.3290682911321028,0.017016534038020836
313,0.076416015625,-47.379069871792694,132.73912241495654,-0.3290322773299863,0.01635178654947822
314,0.07666015625,-47.493481493777786,131.9863105618886,-0.32899626352781297,0.015687039060935604
315,0.076904296875,-47.60789311576288,131.2334987088207,-0.3289602497256965,0.015022291572392987
316,0.0771484375,-47.72230473774797,130.48068685575277,-0.32892423592352316,0.014357544083850371
317,0.077392578125,-47.83671635973307,129.72787500268484,-0.3288882221213498,0.013692796595307755
318,0.07763671875,-47.95112798171816,128.97506314961691,-0.32885220831923334,0.013028049106765138
319,0.077880859375,-48.06553960370325,128.222251296549,-0.32881619451706,0.012363301618222522
320,0.078125,-48.17995122568834,127.4694394434811,-0.3287801807149435,0.011698554129679906
321,0.078369140625,-48.28657267905963,126.74258292753106,-0.3287390878814449,0.011182277887769487
322,0.07861328125,-48.39319413243091,126.01572641158101,-0.3286979950480031,0.010666001645915912
323,0.078857421875,-48.49981558580219,125.28886989563094,-0.3286569022145045,0.010149725404005494
324,0.07910156249999999,-48.60643703917346,124.56201337968095,-0.3286158093810627,0.009633449162095076
325,0.079345703125,-48.71305849254474,123.8351568637309,-0.3285747165475641,0.0091171729202415
326,0.07958984375,-48.819679945916015,123.10830034778085,-0.3285336237141223,0.008600896678331083
327,0.079833984375,-48.926301399287304,122.38144383183078,-0.3284925308806237,0.008084620436420664
328,0.080078125,-49.03292285265858,121.65458731588075,-0.32845143804712507,0.007568344194567089
329,0.08032226562499999,-49.13954430602985,120.92773079993074,-0.3284103452136833,0.007052067952656671
330,0.08056640625,-49.24616575940113,120.20087428398071,-0.32836925238018466,0.006535791710746253
331,0.080810546875,-49.35278721277241,119.47401776803066,-0.3283281595467429,0.006019515468892678
332,0.0810546875,-49.459408666143695,118.74716125208059,-0.32828706671324426,0.005503239226982259
333,0.081298828125,-49.56603011951498,118.02030473613054,-0.3282459738798025,0.004986962985071841
334,0.08154296874999999,-49.67265157288625,117.29344822018055,-0.32820488104630385,0.004470686743218266
335,0.081787109375,-49.77927302625753,116.5665917042305,-0.3281637882128621,0.003954410501307848
336,0.08203125,-49.88589447962882,115.83973518828047,-0.32812269537936345,0.003438134259454273
337,0.082275390625,-49.992515933000085,115.11287867233038,-0.3280816025458648,0.0029218580175438547
338,0.08251953125,-50.09913738637137,114.38602215638035,-0.32804050971242305,0.0024055817756334363
339,0.08276367187499999,-50.20575883974264,113.65916564043034,-0.3279994168789244,0.0018893055337798614
340,0.0830078125,-50.312380293113925,112.93230912448031,-0.32795832404548264,0.0013730292918694431
341,0.083251953125,-50.4190017464852,112.20545260853025,-0.327917231211984,0.0008567530499590248
342,0.08349609375,-50.52562319985649,111.47859609258019,-0.32787613837854224,0.0003404768081054499
343,0.083740234375,-50.632244653227765,110.75173957663014,-0.3278350455450436,-0.00017579943380496843
344,0.08398437499999999,-50.73886610659903,110.02488306068015,-0.32779395271160183,-0.0006920756757153868
345,0.084228515625,-50.84548755997032,109.2980265447301,-0.3277528598781032,-0.0012083519175689617
346,0.08447265625,-50.948776627893636,108.58917214200373,-0.3277096765982037,-0.0016721158621066934
347,0.084716796875,-51.04706711764501,107.90732090911291,-0.32766335764875976,-0.0020571113605569735
348,0.0849609375,-51.145357607396384,107.22546967622209,-0.32761703869925896,-0.0024421068589504102
349,0.08520507812499999,-51.243648097147755,106.54361844333134,-0.327570719749815,-0.0028271023574006904
350,0.08544921875,-51.341938586899126,105.8617672104405,-0.3275244008003142,-0.003212097855794127
351,0.085693359375,-51.4402290766505,105.17991597754968,-0.32747808185087024,-0.0035970933542444072
352,0.0859375,-51.538519566401874,104.49806474465886,-0.32743176290136944,-0.003982088852694687
353,0.086181640625,-51.63681005615325,103.81621351176805,-0.3273854439519255,-0.004367084351088124
354,0.08642578124999999,-51.73510054590462,103.13436227887729,-0.3273391250024247,-0.004752079849538404
355,0.086669921875,-51.83339103565599,102.45251104598647,-0.3272928060529807,-0.005137075347988684
356,0.0869140625,-51.93168152540736,101.77065981309563,-0.3272464871034799,-0.005522070846382121
357,0.087158203125,-52.02997201515875,101.08880858020484,-0.32720016815403596,-0.005907066344832401
358,0.08740234375,-52.12826250491012,100.406957347314,-0.32715384920453516,-0.006292061843282681
359,0.08764648437499999,-52.22655299466148,99.72510611442324,-0.3271075302550912,-0.006677057341676118
360,0.087890625,-52.32484348441286,99.04325488153242,-0.3270612113055904,-0.007062052840126398
361,0.088134765625,-52.42313397416423,98.3614036486416,-0.32701489235614645,-0.007447048338576678
362,0.08837890625,-52.521424463915615,97.67955241575079,-0.32696857340664565,-0.007832043836970115
363,0.088623046875,-52.619714953666985,96.99770118285997,-0.32692225445714485,-0.008217039335420395
364,0.08886718749999999,-52.71800544341835,96.31584994996919,-0.3268759355077009,-0.008602034833870675
365,0.089111328125,-52.81629593316973,95.63399871707837,-0.3268296165582001,-0.008987030332264112
366,0.08935546875,-52.914586422921104,94.95214748418756,-0.32678329760875613,-0.009372025830714392
367,0.089599609375,-53.01287691267247,94.27029625129673,-0.32673697865925533,-0.009757021329107829
368,0.08984375,-53.11116740242385,93.58844501840592,-0.32669065970981137,-0.010142016827558109
369,0.09008789062499999,-53.209457892175216,92.90659378551514,-0.32664434076031057,-0.01052701232600839
370,0.09033203125,-53.307748381926594,92.22474255262433,-0.3265980218108666,-0.010912007824401826
371,0.090576171875,-53.406038871677964,91.5428913197335,-0.3265517028613658,-0.011297003322852106
372,0.0908203125,-53.49724700068393,90.9067558871279,-0.32650111074923416,-0.011591543739143617
373,0.091064453125,-53.58668453950354,90.28204940459361,-0.3264494503464448,-0.011863470384867014
374,0.09130859374999999,-53.67612207832313,89.65734292205937,-0.3263977899435986,-0.012135397030590411
375,0.091552734375,-53.76555961714275,89.03263643952508,-0.3263461295408092,-0.012407323676313808
376,0.091796875,-53.85499715596236,88.40792995699078,-0.326294469137963,-0.012679250322094049
377,0.092041015625,-53.944434694781954,87.7832234744565,-0.32624280873517364,-0.012951176967817446
378,0.09228515625,-54.03387223360157,87.1585169919222,-0.32619114833232743,-0.013223103613540843
379,0.09252929687499999,-54.12330977242117,86.53381050938795,-0.32613948792953806,-0.01349503025926424
380,0.0927734375,-54.21274731124078,85.90910402685367,-0.32608782752669185,-0.01376695690504448
381,0.093017578125,-54.302184850060385,85.28439754431936,-0.3260361671239025,-0.014038883550767878
382,0.09326171875,-54.391622388879995,84.65969106178507,-0.3259845067210563,-0.014310810196491275
383,0.093505859375,-54.481059927699604,84.03498457925079,-0.3259328463182669,-0.014582736842214672
384,0.09375000000000001,-54.57049746651922,83.4102780967165,-0.3258811859154207,-0.014854663487994912
385,0.093994140625,-54.659935005338816,82.78557161418226,-0.32582952551263134,-0.01512659013371831
386,0.09423828125,-54.74937254415842,82.16086513164797,-0.32577786510984197,-0.015398516779441707
387,0.094482421875,-54.83881008297803,81.53615864911367,-0.32572620470699576,-0.015670443425165104
388,0.0947265625,-54.928247621797645,80.91145216657938,-0.3256745443042064,-0.0159423700708885
389,0.09497070312500001,-55.01768516061725,80.28674568404509,-0.3256228839013602,-0.01621429671666874
390,0.09521484375,-55.10712269943685,79.66203920151084,-0.3255712234985708,-0.01648622336239214
391,0.095458984375,-55.19656023825646,79.03733271897654,-0.3255195630957246,-0.016758150008115535
392,0.095703125,-55.28599777707606,78.41262623644225,-0.32546790269293524,-0.017030076653838933
393,0.095947265625,-55.37543531589567,77.78791975390796,-0.32541624229008903,-0.017302003299619173
394,0.09619140625000001,-55.46487285471528,77.16321327137366,-0.32536458188729966,-0.01757392994534257
395,0.096435546875,-55.55431039353489,76.53850678883943,-0.32531292148445345,-0.017845856591065967
396,0.0966796875,-55.64374793235449,75.91380030630515,-0.3252612610816641,-0.018117783236789364
397,0.096923828125,-55.731319582875535,75.30184542032585,-0.32520851482854596,-0.01837072753215807
398,0.09716796875,-55.81142768020232,74.7408969205666,-0.32515142517405593,-0.01854774242599433
399,0.09741210937500001,-55.8915357775291,74.17994842080732,-0.32509433551962275,-0.01872475731988743
400,0.09765625,-55.97164387485589,73.6189999210481,-0.3250372458651327,-0.01890177221372369
401,0.097900390625,-56.05175197218267,73.05805142128885,-0.32498015621069953,-0.01907878710761679
402,0.09814453125,-56.131860069509464,72.49710292152959,-0.3249230665562095,-0.01925580200145305
403,0.098388671875,-56.21196816683624,71.93615442177033,-0.3248659769017763,-0.019432816895289307
404,0.09863281250000001,-56.292076264163036,71.37520592201106,-0.32480888724734314,-0.019609831789182408
405,0.098876953125,-56.372184361489815,70.81425742225184,-0.3247517975928531,-0.019786846683018666
406,0.09912109375,-56.45229245881659,70.2533089224926,-0.3246947079384199,-0.019963861576911768
407,0.099365234375,-56.532400556143386,69.69236042273332,-0.3246376182839299,-0.020140876470748026
408,0.099609375,-56.612508653470165,69.13141192297405,-0.3245805286294967,-0.020317891364584284
409,0.09985351562500001,-56.69261675079695,68.57046342321479,-0.3245234389750067,-0.020494906258477386
410,0.10009765625,-56.77272484812373,68.00951492345558,-0.3244663493205735,-0.020671921152313644
411,0.100341796875,-56.85283294545052,67.44856642369632,-0.3244092596661403,-0.020848936046206745
412,0.1005859375,-56.93294104277731,66.88761792393704,-0.3243521700116503,-0.021025950940043003
413,0.100830078125,-57.0130491401041,66.3266694241778,-0.3242950803572171,-0.02120296583387926
414,0.10107421875000001,-57.09315723743088,65.76572092441853,-0.3242379907027271,-0.021379980727772363
415,0.101318359375,-57.17326533475766,65.20477242465931,-0.3241809010482939,-0.02155699562160862
416,0.1015625,-57.253373432084445,64.64382392490005,-0.3241238113938607,-0.021734010515501723
417,0.101806640625,-57.33348152941124,64.08287542514078,-0.3240667217393707,-0.02191102540933798
418,0.10205078125,-57.413589626738016,63.52192692538153,-0.3240096320849375,-0.02208804030317424
419,0.10229492187500001,-57.4936977240648,62.96097842562227,-0.32395254243044747,-0.02226505519706734
420,0.1025390625,-57.57380582139159,62.40002992586305,-0.3238954527760143,-0.0224420700909036
421,0.102783203125,-57.65391391871837,61.83908142610378,-0.32383836312152425,-0.022619084984739857
422,0.10302734375,-57.73402201604516,61.278132926344526,-0.32378127346709107,-0.02279609987863296
423,0.103271484375,-57.808288108664755,60.756866537484456,-0.32372088695143475,-0.022926547417114307
424,0.10351562500000001,-57.878659531479556,60.26205488922384,-0.32365830252837213,-0.023025950052101507
425,0.103759765625,-57.949030954294344,59.76724324096326,-0.32359571810525267,-0.023125352687031864
426,0.10400390625,-58.019402377109145,59.272431592702645,-0.32353313368219005,-0.02322475532196222
427,0.104248046875,-58.08977379992395,58.77761994444204,-0.3234705492590706,-0.023324157956892577
428,0.1044921875,-58.16014522273875,58.282808296181415,-0.32340796483595113,-0.023423560591822934
429,0.10473632812500001,-58.23051664555354,57.787996647920814,-0.3233453804128885,-0.02352296322675329
430,0.10498046875,-58.30088806836834,57.293184999660234,-0.32328279598976906,-0.02362236586174049
431,0.105224609375,-58.37125949118313,56.798373351399626,-0.32322021156670644,-0.023721768496670848
432,0.10546875,-58.44163091399793,56.303561703139,-0.323157627143587,-0.023821171131601204
433,0.105712890625,-58.512002336812735,55.80875005487839,-0.32309504272052436,-0.02392057376653156
434,0.10595703125000001,-58.58237375962754,55.31393840661778,-0.3230324582974049,-0.024019976401461918
435,0.106201171875,-58.652745182442324,54.8191267583572,-0.32296987387428544,-0.024119379036449118
436,0.1064453125,-58.723116605257125,54.32431511009658,-0.3229072894512228,-0.024218781671379475
437,0.106689453125,-58.79348802807193,53.82950346183598,-0.32284470502810336,-0.02431818430630983
438,0.10693359375,-58.86385945088672,53.33469181357536,-0.32278212060504075,-0.024417586941240188
439,0.10717773437500001,-58.93423087370152,52.83988016531474,-0.3227195361819213,-0.024516989576170545
440,0.107421875,-59.004602296516325,52.34506851705417,-0.32265695175885867,-0.024616392211157745
441,0.107666015625,-59.07497371933111,51.85025686879356,-0.3225943673357392,-0.0247157948460881
442,0.10791015625,-59.14534514214591,51.35544522053294,-0.32253178291261975,-0.02481519748101846
443,0.108154296875,-59.215716564960715,50.860633572272334,-0.32246919848955713,-0.024914600115948815
444,0.10839843750000001,-59.286087987775524,50.36582192401171,-0.32240661406643767,-0.025014002750879172
445,0.108642578125,-59.35645941059032,49.87101027575113,-0.32234402964337505,-0.02511340538580953
446,0.10888671875,-59.42683083340512,49.376198627490524,-0.3222814452202556,-0.02521280802079673
447,0.109130859375,-59.49720225621992,48.881386979229916,-0.322218860797193,-0.025312210655727085
448,0.109375,-59.56757367903471,48.3865753309693,-0.3221562763740735,-0.025411613290657442
449,0.10961914062500001,-59.62789032762656,47.95717646979574,-0.3220881476889872,-0.025449302532194906
450,0.10986328125,-59.68820697621841,47.527777608622216,-0.32202001900390087,-0.025486991773789214
451,0.110107421875,-59.74852362481027,47.09837874744865,-0.32195189031881455,-0.025524681015326678
452,0.1103515625,-59.80884027340212,46.668979886275096,-0.3218837616336714,-0.025562370256920985
453,0.110595703125,-59.86915692199398,46.239581025101536,-0.32181563294858506,-0.02560005949845845
454,0.11083984375000001,-59.92947357058582,45.810182163927976,-0.32174750426349874,-0.025637748739995914
455,0.111083984375,-59.989790219177664,45.38078330275444,-0.3216793755784124,-0.02567543798159022
456,0.111328125,-60.05010686776952,44.95138444158088,-0.3216112468933261,-0.025713127223127685
457,0.111572265625,-60.11042351636139,44.52198558040732,-0.3215431182082398,-0.02575081646466515
458,0.11181640625,-60.17074016495322,44.09258671923376,-0.3214749895230966,-0.025788505706259457
459,0.11206054687500001,-60.23105681354508,43.6631878580602,-0.3214068608380103,-0.02582619494779692
460,0.1123046875,-60.29137346213693,43.23378899688667,-0.32133873215292397,-0.02586388418939123
461,0.112548828125,-60.35169011072878,42.80439013571311,-0.32127060346783765,-0.025901573430928693
462,0.11279296875,-60.41200675932063,42.374991274539546,-0.3212024747827513,-0.025939262672466157
463,0.113037109375,-60.47232340791249,41.945592413365986,-0.321134346097665,-0.025976951914060464
464,0.11328125000000001,-60.53264005650434,41.516193552192426,-0.32106621741252184,-0.02601464115559793
465,0.113525390625,-60.592956705096185,41.086794691018895,-0.3209980887274355,-0.026052330397135393
466,0.11376953125,-60.653273353688036,40.65739582984534,-0.3209299600423492,-0.0260900196387297
467,0.114013671875,-60.71359000227989,40.227996968671775,-0.32086183135726287,-0.026127708880267164
468,0.1142578125,-60.773906650871744,39.79859810749822,-0.32079370267217655,-0.026165398121861472
469,0.11450195312500001,-60.834223299463595,39.369199246324655,-0.32072557398709023,-0.026203087363398936
470,0.11474609375,-60.894539948055446,38.93980038515113,-0.32065744530194706,-0.0262407766049364
471,0.114990234375,-60.954856596647296,38.51040152397756,-0.32058931661686074,-0.026278465846530707
472,0.115234375,-61.015173245239154,38.081002662804,-0.3205211879317744,-0.02631615508806817
473,0.115478515625,-61.075489893831,37.65160380163044,-0.3204530592466881,-0.026353844329605636
474,0.11572265625000001,-61.131699132677554,37.24721651411206,-0.32038269662257335,-0.026372519916208148
475,0.115966796875,-61.181747256906185,36.88034658707646,-0.3203089830900012,-0.02636267502020928
476,0.1162109375,-61.23179538113482,36.51347666004084,-0.32023526955737225,-0.026352830124267257
477,0.116455078125,-61.28184350536345,36.146606733005214,-0.3201615560248001,-0.026342985228325233
478,0.11669921875,-61.33189162959207,35.77973680596959,-0.32008784249217115,-0.02633314033238321
479,0.11694335937500001,-61.38193975382071,35.41286687893397,-0.320014128959599,-0.026323295436441185
480,0.1171875,-61.431987878049334,35.045996951898374,-0.3199404154270269,-0.026313450540442318
481,0.117431640625,-61.48203600227796,34.67912702486275,-0.3198667018943979,-0.026303605644500294
482,0.11767578125,-61.53208412650658,34.31225709782712,-0.3197929883618258,-0.02629376074855827
483,0.117919921875,-61.582132250735214,33.9453871707915,-0.3197192748291968,-0.026283915852616246
484,0.11816406250000001,-61.63218037496384,33.57851724375587,-0.3196455612966247,-0.026274070956674223
485,0.118408203125,-61.68222849919246,33.211647316720274,-0.3195718477639957,-0.0262642260607322
486,0.11865234375,-61.732276623421086,32.84477738968466,-0.3194981342314236,-0.02625438116473333
487,0.118896484375,-61.782324747649724,32.47790746264903,-0.3194244206987946,-0.026244536268791308
488,0.119140625,-61.83237287187835,32.111037535613406,-0.3193507071662225,-0.026234691372849284
489,0.11938476562500001,-61.88242099610698,31.744167608577783,-0.3192769936335935,-0.02622484647690726
490,0.11962890625,-61.932469120335604,31.377297681542185,-0.3192032801010214,-0.026215001580965236
491,0.119873046875,-61.982517244564235,31.010427754506562,-0.31912956656844926,-0.026205156685023212
492,0.1201171875,-62.03256536879286,30.643557827470932,-0.3190558530358203,-0.026195311789024345
493,0.120361328125,-62.08261349302148,30.276687900435313,-0.31898213950324816,-0.02618546689308232
494,0.12060546875000001,-62.13266161725012,29.90981797339969,-0.3189084259706192,-0.026175621997140297
495,0.120849609375,-62.182709741478746,29.54294804636409,-0.31883471243804706,-0.026165777101198273
496,0.12109375,-62.23275786570737,29.17607811932847,-0.3187609989054181,-0.02615593220525625
497,0.121337890625,-62.282805989935994,28.809208192292843,-0.31868728537284596,-0.026146087309314225
498,0.12158203125,-62.33285411416463,28.442338265257224,-0.318613571840217,-0.026136242413315358
499,0.12182617187500001,-62.38290223839326,28.075468338221594,-0.31853985830764486,-0.026126397517373334
500,0.1220703125,-62.424656158577186,27.75519022233064,-0.31846164537540744,-0.026088380909015996
501,0.122314453125,-62.46433652774996,27.44656005922582,-0.3183823075932537,-0.026043321372526407
502,0.12255859375,-62.504016896922714,27.137929896120998,-0.31830296981109996,-0.025998261836036818
503,0.122802734375,-62.543697266095485,26.829299733016178,-0.3182236320289462,-0.02595320229954723
504,0.12304687500000001,-62.583377635268235,26.52066956991136,-0.3181442942468493,-0.02590814276305764
505,0.123291015625,-62.62305800444099,26.212039406806564,-0.31806495646469557,-0.02586308322656805
506,0.12353515625,-62.66273837361376,25.90340924370174,-0.3179856186825418,-0.025818023690078462
507,0.123779296875,-62.70241874278652,25.594779080596922,-0.3179062809003881,-0.025772964153588873
508,0.1240234375,-62.742099111959284,25.2861489174921,-0.31782694311823434,-0.025727904617099284
509,0.12426757812500001,-62.78177948113205,24.97751875438728,-0.3177476053360806,-0.025682845080609695
510,0.12451171875,-62.82145985030481,24.66888859128248,-0.3176682675539837,-0.025637785544120106
511,0.124755859375,-62.86114021947756,24.360258428177662,-0.31758892977182995,-0.025592726007630517
512,0.125,-62.90082058865034,24.051628265072843,-0.3175095919896762,-0.02554766647114093
513,0.125244140625,-62.94050095782309,23.74299810196802,-0.31743025420752247,-0.02550260693465134
514,0.12548828125,-62.98018132699585,23.4343679388632,-0.3173509164253687,-0.02545754739816175
515,0.125732421875,-63.01986169616862,23.1257377757584,-0.3172715786432718,-0.02541248786167216
516,0.1259765625,-63.059542065341375,22.817107612653583,-0.3171922408611181,-0.025367428325182573
517,0.126220703125,-63.09922243451414,22.508477449548764,-0.31711290307896434,-0.025322368788692984
518,0.12646484375,-63.1389028036869,22.19984728644394,-0.3170335652968106,-0.025277309252203395
519,0.126708984375,-63.17858317285967,21.891217123339118,-0.31695422751465685,-0.025232249715713806
520,0.126953125,-63.21826354203242,21.582586960234323,-0.3168748897325031,-0.025187190179224217
521,0.127197265625,-63.25794391120518,21.2739567971295,-0.3167955519504062,-0.025142130642734628
522,0.12744140625,-63.297624280377946,20.965326634024684,-0.31671621416825246,-0.02509707110624504
523,0.127685546875,-63.3373046495507,20.65669647091986,-0.3166368763860987,-0.02505201156975545
524,0.1279296875,-63.376985018723474,20.348066307815042,-0.316557538603945,-0.02500695203326586
525,0.128173828125,-63.41459590356022,20.050061577573633,-0.3164770667340804,-0.024956940091783508
526,0.12841796875,-63.44392885105293,19.794558578785765,-0.3163920585133724,-0.024887118530443786
527,0.128662109375,-63.473261798545636,19.5390555799979,-0.3163070502927212,-0.02481729696904722
528,0.12890625,-63.50259474603835,19.283552581210035,-0.3162220420720132,-0.024747475407707498
529,0.129150390625,-63.53192769353106,19.028049582422167,-0.3161370338513052,-0.024677653846310932
530,0.12939453125,-63.56126064102376,18.77254658363432,-0.3160520256305972,-0.02460783228497121
531,0.129638671875,-63.59059358851647,18.517043584846455,-0.31596701740994604,-0.024538010723574644
532,0.1298828125,-63.61992653600918,18.261540586058587,-0.31588200918923803,-0.024468189162178078
533,0.130126953125,-63.6492594835019,18.00603758727072,-0.31579700096853003,-0.024398367600838355
534,0.13037109375,-63.678592430994605,17.750534588482854,-0.315711992747822,-0.02432854603944179
535,0.130615234375,-63.70792537848732,17.495031589695007,-0.315626984527114,-0.024258724478102067
536,0.130859375,-63.73725832598003,17.239528590907142,-0.31554197630646286,-0.0241889029167055
537,0.131103515625,-63.76659127347273,16.984025592119274,-0.31545696808575485,-0.02411908135536578
538,0.13134765625,-63.79592422096544,16.72852259333141,-0.31537195986504685,-0.024049259793969213
539,0.131591796875,-63.82525716845815,16.47301959454354,-0.31528695164433884,-0.023979438232572647
540,0.1318359375,-63.854590115950856,16.217516595755693,-0.31520194342363084,-0.023909616671232925
541,0.132080078125,-63.883923063443575,15.96201359696783,-0.3151169352029797,-0.02383979510983636
542,0.13232421875,-63.91325601093629,15.706510598179962,-0.31503192698227167,-0.023769973548496637
543,0.132568359375,-63.942588958429,15.451007599392097,-0.31494691876156367,-0.02370015198710007
544,0.1328125,-63.9719219059217,15.19550460060423,-0.31486191054085566,-0.023630330425703505
545,0.133056640625,-64.00125485341441,14.940001601816382,-0.31477690232014766,-0.023560508864363783
546,0.13330078125,-64.03058780090711,14.684498603028516,-0.3146918940994965,-0.023490687302967217
547,0.133544921875,-64.05992074839983,14.428995604240649,-0.3146068858787885,-0.023420865741627495
548,0.1337890625,-64.08925369589254,14.17349260545278,-0.3145218776580805,-0.02335104418023093
549,0.134033203125,-64.11858664338526,13.91798960666492,-0.3144368694373725,-0.023281222618891206
550,0.13427734375,-64.14791959087795,13.66248660787707,-0.3143518612167213,-0.02321140105749464
551,0.134521484375,-64.17112808181307,13.435558416073333,-0.314263414298523,-0.02313192456165325
552,0.134765625,-64.19025360170974,13.227680095592348,-0.31417267491536904,-0.023046011442829695
553,0.135009765625,-64.20937912160643,13.019801775111365,-0.3140819355322151,-0.02296009832400614
554,0.13525390625,-64.22850464150314,12.81192345463038,-0.3139911961490611,-0.022874185205182584
555,0.135498046875,-64.24763016139983,12.604045134149409,-0.313900456765964,-0.02278827208635903
556,0.1357421875,-64.26675568129652,12.396166813668428,-0.31380971738281005,-0.022702358967535474
557,0.135986328125,-64.28588120119322,12.188288493187441,-0.3137189779996561,-0.02261644584871192
558,0.13623046875,-64.30500672108991,11.980410172706456,-0.31362823861650213,-0.022530532729888364
559,0.136474609375,-64.3241322409866,11.772531852225473,-0.31353749923334817,-0.02244461961106481
560,0.13671875,-64.34325776088329,11.564653531744503,-0.3134467598501942,-0.022358706492241254
561,0.136962890625,-64.36238328078,11.356775211263518,-0.31335602046704025,-0.0222727933734177
562,0.13720703125,-64.38150880067667,11.148896890782535,-0.3132652810838863,-0.022186880254594143
563,0.137451171875,-64.40063432057337,10.94101857030155,-0.31317454170073233,-0.02210096713577059
564,0.1376953125,-64.41975984047006,10.733140249820565,-0.3130838023176352,-0.022015054016947033
565,0.137939453125,-64.43888536036675,10.525261929339594,-0.31299306293448126,-0.021929140898123478
566,0.13818359375,-64.45801088026344,10.317383608858611,-0.3129023235513273,-0.021843227779299923
567,0.138427734375,-64.47713640016015,10.109505288377626,-0.31281158416817334,-0.021757314660476368
568,0.138671875,-64.49626192005684,9.901626967896641,-0.3127208447850194,-0.021671401541652813
569,0.138916015625,-64.51538743995353,9.693748647415656,-0.3126301054018654,-0.021585488422829258
570,0.13916015625,-64.53451295985023,9.485870326934688,-0.31253936601871146,-0.021499575304005702
571,0.139404296875,-64.55363847974692,9.277992006453701,-0.3124486266355575,-0.021413662185182147
572,0.1396484375,-64.5727639996436,9.070113685972718,-0.3123578872524604,-0.021327749066358592
573,0.139892578125,-64.5918895195403,8.862235365491735,-0.3122671478693064,-0.021241835947535037
574,0.14013671875,-64.61101503943699,8.654357045010752,-0.31217640848615247,-0.021155922828711482
575,0.140380859375,-64.63014055933368,8.44647872452978,-0.3120856691029985,-0.021070009709887927
576,0.140625,-64.64926607923039,8.238600404048796,-0.31199492971984455,-0.020984096591064372
577,0.140869140625,-64.65843938778256,8.072766265376687,-0.3118983769433612,-0.0208891227379695
578,0.14111328125,-64.66761269633474,7.9069321267045805,-0.31180182416687785,-0.02079414888487463
579,0.141357421875,-64.6767860048869,7.741097988032472,-0.31170527139045134,-0.02069917503177976
580,0.1416015625,-64.68595931343908,7.575263849360375,-0.311608718613968,-0.020604201178741732
581,0.141845703125,-64.69513262199126,7.409429710688266,-0.31151216583748464,-0.02050922732564686
582,0.14208984375,-64.70430593054343,7.243595572016159,-0.3114156130610013,-0.02041425347255199
583,0.142333984375,-64.71347923909562,7.07776143334405,-0.31131906028451795,-0.02031927961945712
584,0.142578125,-64.72265254764778,6.911927294671942,-0.31122250750809144,-0.02022430576636225
585,0.142822265625,-64.73182585619996,6.746093155999844,-0.3111259547316081,-0.02012933191326738
586,0.14306640625,-64.74099916475214,6.580259017327737,-0.31102940195512474,-0.020034358060172508
587,0.143310546875,-64.75017247330432,6.4144248786556295,-0.3109328491786414,-0.01993938420713448
588,0.1435546875,-64.7593457818565,6.248590739983521,-0.31083629640215804,-0.01984441035403961
589,0.143798828125,-64.76851909040866,6.082756601311413,-0.31073974362573153,-0.01974943650094474
590,0.14404296875,-64.77769239896084,5.916922462639316,-0.3106431908492482,-0.01965446264784987
591,0.144287109375,-64.78686570751302,5.751088323967208,-0.31054663807276484,-0.019559488794754998
592,0.14453125,-64.79603901606518,5.585254185295099,-0.3104500852962815,-0.019464514941660127
593,0.144775390625,-64.80521232461736,5.419420046622991,-0.31035353251979814,-0.0193695410886221
594,0.14501953125,-64.81438563316954,5.2535859079508835,-0.31025697974337163,-0.01927456723552723
595,0.145263671875,-64.8235589417217,5.087751769278786,-0.3101604269668883,-0.01917959338243236
596,0.1455078125,-64.83273225027388,4.9219176306066785,-0.31006387419040493,-0.019084619529337488
597,0.145751953125,-64.84190555882607,4.75608349193457,-0.3099673214139216,-0.018989645676242617
598,0.14599609375,-64.85107886737825,4.590249353262462,-0.30987076863743823,-0.018894671823147746
599,0.146240234375,-64.8602521759304,4.424415214590353,-0.3097742158610117,-0.018799697970052875
600,0.146484375,-64.86942548448259,4.258581075918257,-0.3096776630845284,-0.018704724117014848
601,0.146728515625,-64.87859879303477,4.09274693724615,-0.309581110308045,-0.018609750263919977
602,0.14697265625,-64.8839360484372,3.9415533896406494,-0.30948218844162056,-0.018513378127124724
603,0.147216796875,-64.88351922411505,3.8123207286350627,-0.309379712940256,-0.018414908564864163
604,0.1474609375,-64.88310239979289,3.6830880676294764,-0.30927723743889146,-0.018316439002660445
605,0.147705078125,-64.88268557547075,3.553855406623899,-0.30917476193758375,-0.018217969440399884
606,0.14794921875,-64.8822687511486,3.4246227456183123,-0.3090722864362192,-0.018119499878139322
607,0.148193359375,-64.88185192682644,3.2953900846127255,-0.30896981093485465,-0.01802103031587876
608,0.1484375,-64.88143510250428,3.166157423607139,-0.3088673354334901,-0.0179225607536182
609,0.148681640625,-64.88101827818214,3.036924762601552,-0.30876485993212555,-0.01782409119135764
610,0.14892578125,-64.88060145385998,2.9076921015959742,-0.308662384430761,-0.017725621629097077
611,0.149169921875,-64.88018462953782,2.778459440590388,-0.30855990892939644,-0.017627152066836516
612,0.1494140625,-64.87976780521566,2.6492267795848017,-0.30845743342808873,-0.017528682504575954
613,0.149658203125,-64.87935098089352,2.519994118579215,-0.3083549579267242,-0.017430212942315393
614,0.14990234375,-64.87893415657136,2.3907614575736282,-0.30825248242535963,-0.01733174338005483
615,0.150146484375,-64.87851733224922,2.261528796568051,-0.3081500069239951,-0.01723327381779427
616,0.150390625,-64.87810050792706,2.1322961355624637,-0.3080475314226305,-0.01713480425553371
617,0.150634765625,-64.87768368360491,2.0030634745568774,-0.307945055921266,-0.017036334693273147
618,0.15087890625,-64.87726685928276,1.8738308135512909,-0.30784258041995827,-0.016937865131012586
619,0.151123046875,-64.8768500349606,1.7445981525457042,-0.3077401049185937,-0.016839395568752025
620,0.1513671875,-64.87643321063844,1.615365491540127,-0.30763762941722916,-0.016740926006491463
621,0.151611328125,-64.8760163863163,1.4861328305345405,-0.3075351539158646,-0.016642456444230902
622,0.15185546875,-64.87559956199415,1.3569001695289538,-0.30743267841450006,-0.016543986882027184
623,0.152099609375,-64.87518273767199,1.2276675085233666,-0.3073302029131355,-0.016445517319766623
624,0.15234375,-64.87476591334983,1.0984348475177803,-0.3072277274118278,-0.01634704775750606
625,0.152587890625,-64.87434908902769,0.9692021865122028,-0.30712525191046325,-0.0162485781952455
626,0.15283203125,-64.87393226470553,0.8399695255066163,-0.3070227764090987,-0.01615010863298494
627,0.153076171875,-64.87351544038337,0.7107368645010297,-0.30692030090773414,-0.016051639070724377
628,0.1533203125,-64.86579241479784,0.6066553338512658,-0.30681297519095097,-0.015953801023670167
629,0.153564453125,-64.85624283889645,0.5088615857904586,-0.30670443692031313,-0.015856120855403333
630,0.15380859375,-64.84669326299506,0.41106783772965827,-0.3065958986496753,-0.015758440687079656
631,0.154052734375,-64.83714368709369,0.31327408966885106,-0.3064873603790943,-0.015660760518812822
632,0.154296875,-64.8275941111923,0.21548034160804388,-0.30637882210845646,-0.015563080350545988
633,0.154541015625,-64.81804453529092,0.11768659354723657,-0.3062702838378186,-0.015465400182279154
634,0.15478515625,-64.80849495938952,0.019892845486429354,-0.3061617455671808,-0.01536772001401232
635,0.155029296875,-64.79894538348815,-0.07790090257437092,-0.30605320729654295,-0.015270039845745487
636,0.1552734375,-64.78939580758676,-0.17569465063517814,-0.3059446690259051,-0.015172359677478653
637,0.155517578125,-64.77984623168537,-0.27348839869598546,-0.3058361307553241,-0.015074679509211819
638,0.15576171875,-64.770296655784,-0.37128214675679255,-0.3057275924846863,-0.014976999340944985
639,0.156005859375,-64.7607470798826,-0.46907589481759987,-0.30561905421404845,-0.014879319172678152
640,0.15625,-64.75119750398123,-0.5668696428784,-0.3055105159434106,-0.014781639004411318
641,0.156494140625,-64.74164792807983,-0.6646633909392142,-0.3054019776727728,-0.014683958836144484
642,0.15673828125,-64.73209835217845,-0.7624571390000147,-0.30529343940213494,-0.01458627866787765
643,0.15698242187499997,-64.72254877627707,-0.8602508870608149,-0.3051849011314971,-0.014488598499610816
644,0.1572265625,-64.71299920037568,-0.9580446351216291,-0.3050763628609161,-0.014390918331343983
645,0.157470703125,-64.7034496244743,-1.0558383831824294,-0.30496782459027827,-0.014293238163077149
646,0.15771484375,-64.69390004857291,-1.1536321312432436,-0.30485928631964043,-0.014195557994810315
647,0.157958984375,-64.68435047267153,-1.2514258793040436,-0.3047507480490026,-0.014097877826543481
648,0.15820312499999997,-64.67480089677014,-1.3492196273648442,-0.30464220977836476,-0.014000197658276647
649,0.158447265625,-64.66525132086876,-1.4470133754256582,-0.3045336715077269,-0.013902517490009814
650,0.15869140625,-64.65570174496739,-1.5448071234864584,-0.30442513323714593,-0.01380483732174298
651,0.158935546875,-64.64615216906599,-1.6426008715472729,-0.3043165949665081,-0.013707157153419303
652,0.1591796875,-64.63660259316461,-1.740394619608073,-0.30420805669587025,-0.013609476985152469
653,0.15942382812499997,-64.62533421276441,-1.8328595185088241,-0.30409827150299407,-0.0135125926578894
654,0.15966796875,-64.60719061436895,-1.904009020769387,-0.3039834986212213,-0.013418891694527701
655,0.159912109375,-64.58904701597349,-1.9751585230299396,-0.30386872573944856,-0.01332519073110916
656,0.16015625,-64.57090341757802,-2.046308025290502,-0.3037539528576758,-0.013231489767747462
657,0.160400390625,-64.55275981918257,-2.1174575275510548,-0.3036391799759599,-0.01313778880432892
658,0.16064453124999997,-64.53461622078711,-2.188607029811607,-0.30352440709418715,-0.013044087840967222
659,0.160888671875,-64.51647262239165,-2.25975653207217,-0.3034096342124144,-0.012950386877605524
660,0.1611328125,-64.49832902399619,-2.3309060343327226,-0.30329486133064165,-0.012856685914186983
661,0.161376953125,-64.48018542560074,-2.402055536593285,-0.3031800884488689,-0.012762984950825285
662,0.16162109375,-64.46204182720528,-2.473205038853837,-0.30306531556709615,-0.012669283987406743
663,0.16186523437499997,-64.44389822880983,-2.54435454111439,-0.3029505426853234,-0.012575583024045045
664,0.162109375,-64.42575463041435,-2.615504043374953,-0.30283576980355065,-0.012481882060683347
665,0.162353515625,-64.40761103201889,-2.6866535456355054,-0.3027209969217779,-0.012388181097264805
666,0.16259765625,-64.38946743362344,-2.7578030478960684,-0.30260622404000515,-0.012294480133903107
667,0.162841796875,-64.37132383522798,-2.828952550156621,-0.30249145115828924,-0.012200779170484566
668,0.16308593749999997,-64.35318023683253,-2.9001020524171732,-0.3023766782765165,-0.012107078207122868
669,0.163330078125,-64.33503663843706,-2.971251554677736,-0.30226190539474374,-0.01201337724376117
670,0.16357421875,-64.3168930400416,-3.042401056938288,-0.302147132512971,-0.011919676280342628
671,0.163818359375,-64.29874944164615,-3.1135505591988513,-0.30203235963119823,-0.01182597531698093
672,0.1640625,-64.28060584325068,-3.1847000614594037,-0.3019175867494255,-0.011732274353562389
673,0.16430664062499997,-64.26246224485523,-3.2558495637199565,-0.30180281386765273,-0.01163857339020069
674,0.16455078125,-64.24431864645976,-3.3269990659805186,-0.30168804098588,-0.011544872426838992
675,0.164794921875,-64.2261750480643,-3.3981485682410715,-0.30157326810410723,-0.011451171463420451
676,0.1650390625,-64.20803144966885,-3.469298070501634,-0.3014584952223345,-0.011357470500058753
677,0.165283203125,-64.18988785127338,-3.5404475727621865,-0.3013437223405617,-0.011263769536697055
678,0.16552734374999997,-64.17174425287794,-3.6115970750227393,-0.3012289494588458,-0.011170068573278513
679,0.165771484375,-64.14880697259665,-3.6693871513830865,-0.30111031474831407,-0.011080116780988192
680,0.166015625,-64.12267390439148,-3.7182709438099484,-0.30098910548537106,-0.010992664436116684
681,0.166259765625,-64.0965408361863,-3.7671547362368187,-0.3008678962223712,-0.010905212091188332
682,0.16650390625,-64.07040776798114,-3.8160385286636807,-0.30074668695937135,-0.010817759746316824
683,0.16674804687499997,-64.04427469977597,-3.864922321090543,-0.30062547769642833,-0.010730307401445316
684,0.1669921875,-64.0181416315708,-3.9138061135174125,-0.3005042684334285,-0.010642855056516964
685,0.167236328125,-63.99200856336562,-3.962689905944275,-0.30038305917048547,-0.010555402711645456
686,0.16748046875,-63.96587549516047,-4.011573698371144,-0.3002618499074856,-0.010467950366717105
687,0.167724609375,-63.939742426955284,-4.060457490798007,-0.30014064064448576,-0.010380498021845597
688,0.16796874999999997,-63.91360935875012,-4.109341283224869,-0.30001943138154274,-0.010293045676974089
689,0.168212890625,-63.88747629054496,-4.158225075651738,-0.2998982221185429,-0.010205593332045737
690,0.16845703125,-63.861343222339784,-4.207108868078601,-0.2997770128555999,-0.010118140987174229
691,0.168701171875,-63.835210154134614,-4.25599266050547,-0.2996558035926,-0.010030688642245877
692,0.1689453125,-63.809077085929445,-4.304876452932333,-0.29953459432960017,-0.00994323629737437
693,0.16918945312499997,-63.782944017724276,-4.353760245359195,-0.29941338506665716,-0.009855783952446018
694,0.16943359375,-63.75681094951911,-4.4026440377860645,-0.2992921758036573,-0.00976833160757451
695,0.169677734375,-63.730677881313945,-4.451527830212926,-0.29917096654065745,-0.009680879262703002
696,0.169921875,-63.70454481310877,-4.500411622639796,-0.29904975727771443,-0.00959342691777465
697,0.170166015625,-63.678411744903606,-4.549295415066658,-0.2989285480147146,-0.009505974572903142
698,0.17041015624999997,-63.65227867669844,-4.598179207493521,-0.29880733875177157,-0.00941852222797479
699,0.170654296875,-63.62614560849327,-4.64706299992039,-0.2986861294887717,-0.009331069883103282
700,0.1708984375,-63.6000125402881,-4.695946792347253,-0.29856492022577186,-0.009243617538231774
701,0.171142578125,-63.57387947208292,-4.744830584774122,-0.29844371096282885,-0.009156165193303423
702,0.17138671875,-63.54774640387776,-4.793714377200985,-0.298322501699829,-0.009068712848431915
703,0.17163085937499997,-63.5216133356726,-4.842598169627847,-0.298201292436886,-0.008981260503503563
704,0.171875,-63.495480267467414,-4.8914819620547165,-0.2980800831738861,-0.008893808158632055
705,0.172119140625,-63.462011816314124,-4.922042151802479,-0.297952210901542,-0.008814113711878235
706,0.17236328125,-63.42854336516083,-4.952602341550247,-0.2978243386291979,-0.008734419265067572
707,0.172607421875,-63.39507491400754,-4.983162531298011,-0.2976964663567969,-0.008654724818313753
708,0.17285156249999997,-63.36160646285424,-5.013722721045774,-0.2975685940844528,-0.008575030371559933
709,0.173095703125,-63.32813801170094,-5.044282910793542,-0.2974407218121087,-0.008495335924806113
710,0.17333984375,-63.294669560547646,-5.0748431005413055,-0.29731284953976456,-0.00841564147799545
711,0.173583984375,-63.26120110939435,-5.105403290289073,-0.2971849772673636,-0.00833594703124163
712,0.173828125,-63.22773265824106,-5.135963480036837,-0.29705710499501947,-0.008256252584487811
713,0.17407226562499997,-63.19426420708776,-5.1665236697846,-0.29692923272267535,-0.008176558137733991
714,0.17431640625,-63.16079575593447,-5.197083859532368,-0.29680136045033123,-0.008096863690923328
715,0.174560546875,-63.12732730478118,-5.227644049280132,-0.29667348817793027,-0.008017169244169509
716,0.1748046875,-63.09385885362787,-5.258204239027899,-0.29654561590558615,-0.007937474797415689
717,0.175048828125,-63.06039040247459,-5.2887644287756626,-0.296417743633242,-0.00785778035066187
718,0.17529296874999997,-63.02692195132129,-5.319324618523426,-0.2962898713608979,-0.007778085903851206
719,0.175537109375,-62.99345350016799,-5.349884808271193,-0.29616199908849694,-0.007698391457097387
720,0.17578125,-62.959985049014705,-5.380444998018958,-0.2960341268161528,-0.007618697010343567
721,0.176025390625,-62.92651659786141,-5.411005187766724,-0.2959062545438087,-0.007539002563589747
722,0.17626953125,-62.89304814670811,-5.441565377514489,-0.2957783822714646,-0.007459308116779084
723,0.17651367187499997,-62.85957969555481,-5.4721255672622515,-0.29565050999912046,-0.007379613670025265
724,0.1767578125,-62.82611124440152,-5.50268575701002,-0.2955226377267195,-0.007299919223271445
725,0.177001953125,-62.79264279324823,-5.533245946757783,-0.2953947654543754,-0.007220224776517625
726,0.17724609375,-62.75917434209494,-5.563806136505551,-0.29526689318203125,-0.007140530329706962
727,0.177490234375,-62.72570589094163,-5.594366326253314,-0.29513902090968713,-0.007060835882953143
728,0.17773437499999997,-62.692237439788336,-5.624926516001078,-0.29501114863728617,-0.006981141436199323
729,0.177978515625,-62.65876898863503,-5.655486705748845,-0.29488327636494205,-0.006901446989445503
730,0.17822265625,-62.622641308539556,-5.6801193199197115,-0.2947526416098185,-0.006825212676744741
731,0.178466796875,-62.58252478503079,-5.695860570725231,-0.2946178631304406,-0.006754168565123564
732,0.1787109375,-62.54240826152202,-5.711601821530749,-0.2944830846511195,-0.006683124453502387
733,0.17895507812499997,-62.502291738013255,-5.727343072336267,-0.2943483061717984,-0.00661208034188121
734,0.17919921875,-62.46217521450449,-5.743084323141787,-0.29421352769247733,-0.006541036230316877
735,0.179443359375,-62.42205869099572,-5.758825573947305,-0.2940787492130994,-0.0064699921186957
736,0.1796875,-62.38194216748695,-5.774566824752824,-0.2939439707337783,-0.006398948007074523
737,0.179931640625,-62.34182564397818,-5.790308075558343,-0.29380919225445723,-0.00632790389551019
738,0.18017578124999997,-62.30170912046942,-5.806049326363861,-0.2936744137750793,-0.006256859783889013
739,0.180419921875,-62.26159259696065,-5.82179057716938,-0.2935396352957582,-0.006185815672267836
740,0.1806640625,-62.22147607345188,-5.837531827974898,-0.29340485681643713,-0.006114771560646659
741,0.180908203125,-62.18135954994311,-5.853273078780418,-0.29327007833711605,-0.006043727449082326
742,0.18115234375,-62.14124302643434,-5.869014329585935,-0.2931352998577381,-0.005972683337461149
743,0.18139648437499997,-62.10112650292558,-5.884755580391453,-0.29300052137841703,-0.005901639225839972
744,0.181640625,-62.06100997941681,-5.900496831196974,-0.29286574289909595,-0.0058305951142756385
745,0.181884765625,-62.02089345590804,-5.916238082002492,-0.292730964419718,-0.005759551002654462
746,0.18212890625,-61.98077693239927,-5.931979332808011,-0.29259618594039694,-0.005688506891033285
747,0.182373046875,-61.9406604088905,-5.9477205836135285,-0.29246140746107585,-0.005617462779412108
748,0.18261718749999997,-61.900543885381744,-5.963461834419047,-0.29232662898175477,-0.0055464186678477745
749,0.182861328125,-61.86042736187297,-5.979203085224567,-0.29219185050237684,-0.005475374556226598
750,0.18310546875,-61.8203108383642,-5.994944336030084,-0.29205707202305575,-0.005404330444605421
751,0.183349609375,-61.780194314855436,-6.010685586835605,-0.29192229354373467,-0.005333286333041087
752,0.18359375,-61.740077791346664,-6.0264268376411225,-0.2917875150644136,-0.0052622422214199105
753,0.18383789062499997,-61.6999612678379,-6.04216808844664,-0.29165273658503565,-0.005191198109798734
754,0.18408203125,-61.659844744329135,-6.05790933925216,-0.29151795810571457,-0.005120153998177557
755,0.184326171875,-61.61972822082036,-6.073650590057678,-0.2913831796263935,-0.005049109886613223
756,0.1845703125,-61.574857125583925,-6.080000044062705,-0.2912426773787047,-0.004985307079948598
757,0.184814453125,-61.5287973874156,-6.084001548867606,-0.2911007441889524,-0.004923314599579953
758,0.18505859374999997,-61.48273764924726,-6.088003053672509,-0.2909588109991432,-0.004861322119154465
759,0.185302734375,-61.43667791107892,-6.092004558477411,-0.2908168778093909,-0.004799329638785821
760,0.185546875,-61.39061817291057,-6.096006063282314,-0.2906749446196386,-0.004737337158360333
761,0.185791015625,-61.344558434742225,-6.100007568087216,-0.2905330114298863,-0.0046753446779916885
762,0.18603515625,-61.298498696573894,-6.104009072892118,-0.29039107824007715,-0.004613352197566201
763,0.18627929687499997,-61.252438958405556,-6.10801057769702,-0.29024914505032484,-0.004551359717197556
764,0.1865234375,-61.20637922023722,-6.112012082501923,-0.29010721186057253,-0.004489367236772068
765,0.186767578125,-61.16031948206888,-6.116013587306824,-0.2899652786708202,-0.004427374756403424
766,0.18701171875,-61.114259743900526,-6.120015092111727,-0.2898233454810111,-0.004365382275977936
767,0.187255859375,-61.06820000573219,-6.124016596916629,-0.28968141229125877,-0.0043033897956092915
768,0.18750000000000003,-61.02214026756385,-6.128018101721531,-0.28953947910150646,-0.004241397315183804
769,0.187744140625,-60.97608052939551,-6.132019606526432,-0.28939754591175415,-0.004179404834758316
770,0.18798828125,-60.93002079122717,-6.136021111331335,-0.28925561272200184,-0.004117412354389671
771,0.188232421875,-60.88396105305883,-6.140022616136237,-0.2891136795321927,-0.004055419873964183
772,0.1884765625,-60.837901314890495,-6.144024120941139,-0.2889717463424404,-0.003993427393595539
773,0.18872070312500003,-60.79184157672214,-6.148025625746041,-0.2888298131526881,-0.003931434913170051
774,0.18896484375,-60.7457818385538,-6.152027130550944,-0.28868787996293577,-0.0038694424328014065
775,0.189208984375,-60.699722100385465,-6.156028635355846,-0.2885459467731266,-0.0038074499523759187
776,0.189453125,-60.653662362217126,-6.160030140160749,-0.2884040135833743,-0.003745457472007274
777,0.189697265625,-60.60760262404879,-6.164031644965651,-0.288262080393622,-0.0036834649915817863
778,0.18994140625000003,-60.56154288588045,-6.168033149770554,-0.2881201472038697,-0.003621472511213142
779,0.190185546875,-60.51548314771211,-6.172034654575455,-0.28797821401406054,-0.003559480030787654
780,0.1904296875,-60.46942340954376,-6.176036159380358,-0.28783628082430823,-0.0034974875504190095
781,0.190673828125,-60.42231660963283,-6.178224554318393,-0.28769286867571964,-0.003437309143635048
782,0.19091796875,-60.37102156275153,-6.173160509788963,-0.2875435406918996,-0.003384387031189817
783,0.19116210937500003,-60.319726515870244,-6.1680964652595325,-0.2873942127080795,-0.00333146491880143
784,0.19140625,-60.26843146898894,-6.163032420730103,-0.28724488472425946,-0.003278542806413043
785,0.191650390625,-60.21713642210765,-6.157968376200673,-0.2870955567404394,-0.0032256206940246557
786,0.19189453125,-60.16584137522634,-6.152904331671242,-0.2869462287565625,-0.0031726985816362685
787,0.192138671875,-60.11454632834505,-6.147840287141811,-0.28679690077274245,-0.003119776469191038
788,0.19238281250000003,-60.06325128146375,-6.14277624261238,-0.2866475727889224,-0.0030668543568026507
789,0.192626953125,-60.01195623458246,-6.1377121980829505,-0.28649824480510233,-0.0030139322444142636
790,0.19287109375,-59.96066118770116,-6.132648153553521,-0.2863489168212823,-0.0029610101320258764
791,0.193115234375,-59.909366140819856,-6.12758410902409,-0.28619958883740537,-0.002908088019637489
792,0.193359375,-59.85807109393856,-6.12252006449466,-0.2860502608535853,-0.002855165907249102
793,0.19360351562500003,-59.80677604705727,-6.117456019965228,-0.28590093286976526,-0.0028022437948038714
794,0.19384765625,-59.755481000175976,-6.1123919754357985,-0.2857516048859452,-0.0027493216824154842
795,0.194091796875,-59.70418595329468,-6.107327930906369,-0.28560227690212514,-0.002696399570027097
796,0.1943359375,-59.652890906413376,-6.102263886376938,-0.28545294891824824,-0.00264347745763871
797,0.194580078125,-59.601595859532075,-6.097199841847508,-0.2853036209344282,-0.0025905553452503227
798,0.19482421875000003,-59.55030081265078,-6.092135797318077,-0.2851542929506081,-0.002537633232805092
799,0.195068359375,-59.499005765769496,-6.087071752788646,-0.28500496496678807,-0.002484711120416705
800,0.1953125,-59.447710718888196,-6.0820077082592165,-0.284855636982968,-0.0024317890080283178
801,0.195556640625,-59.39641567200689,-6.076943663729786,-0.2847063089990911,-0.0023788668956399306
802,0.19580078125,-59.345120625125595,-6.071879619200357,-0.28455698101527105,-0.0023259447832515434
803,0.19604492187500003,-59.29382557824429,-6.066815574670925,-0.284407653031451,-0.002273022670806313
804,0.1962890625,-59.24253053136299,-6.061751530141495,-0.28425832504763093,-0.0022201005584179256
805,0.196533203125,-59.191235484481716,-6.0566874856120645,-0.28410899706375403,-0.0021671784460295385
806,0.19677734375,-59.13994043760041,-6.051623441082635,-0.283959669079934,-0.0021142563336411513
807,0.197021484375,-59.08592303695616,-6.042497083864447,-0.2838057744770026,-0.002066613685201446
808,0.19726562500000003,-59.03009073380327,-6.030662518187085,-0.28364883546134934,-0.0020224906793941955
809,0.197509765625,-58.9742584306504,-6.018827952509726,-0.2834918964456392,-0.001978367673586945
810,0.19775390625,-58.91842612749751,-6.006993386832366,-0.28333495742998593,-0.0019342446677228509
811,0.197998046875,-58.862593824344636,-5.995158821155004,-0.2831780184142758,-0.0018901216619156003
812,0.1982421875,-58.80676152119176,-5.983324255477645,-0.28302107939862253,-0.0018459986561083497
813,0.19848632812500003,-58.75092921803888,-5.971489689800284,-0.2828641403829124,-0.001801875650301099
814,0.19873046875,-58.695096914886,-5.959655124122924,-0.28270720136725913,-0.0017577526444938485
815,0.198974609375,-58.639264611733125,-5.947820558445564,-0.282550262351549,-0.001713629638686598
816,0.19921875,-58.583432308580235,-5.935985992768202,-0.28239332333589573,-0.0016695066328793473
817,0.199462890625,-58.52760000542736,-5.924151427090843,-0.2822363843201856,-0.0016253836270720967
818,0.19970703125000003,-58.47176770227448,-5.912316861413482,-0.28207944530453233,-0.0015812606212648461
819,0.199951171875,-58.415935399121594,-5.900482295736121,-0.2819225062888222,-0.0015371376154007521
820,0.2001953125,-58.360103095968725,-5.888647730058762,-0.2817655672731689,-0.0014930146095935015
821,0.200439453125,-58.304270792815835,-5.8768131643814,-0.2816086282574588,-0.001448891603786251
822,0.20068359375,-58.24843848966295,-5.864978598704041,-0.2814516892418055,-0.0014047685979790003
823,0.20092773437500003,-58.19260618651007,-5.853144033026679,-0.2812947502260954,-0.0013606455921717497
824,0.201171875,-58.13677388335719,-5.841309467349318,-0.2811378112104421,-0.0013165225863644991
825,0.201416015625,-58.080941580204325,-5.829474901671959,-0.280980872194732,-0.0012723995805572486
826,0.20166015625,-58.025109277051435,-5.817640335994597,-0.2808239331790787,-0.001228276574749998
827,0.201904296875,-57.96927697389856,-5.805805770317237,-0.2806669941633686,-0.0011841535689427474
828,0.20214843750000003,-57.91344467074567,-5.793971204639876,-0.2805100551477153,-0.0011400305630786534
829,0.202392578125,-57.85761236759279,-5.782136638962516,-0.2803531161320052,-0.0010959075572714028
830,0.20263671875,-57.80178006443992,-5.770302073285157,-0.2801961771163519,-0.0010517845514641522
831,0.202880859375,-57.74594776128703,-5.758467507607795,-0.2800392381006418,-0.0010076615456569016
832,0.203125,-57.69011545813416,-5.746632941930435,-0.2798822990849885,-0.000963538539849651
833,0.20336914062500003,-57.63042308186828,-5.72997272561348,-0.27971757281085274,-0.0009277313354232319
834,0.20361328125,-57.570730705602415,-5.713312509296526,-0.27955284653671697,-0.0008919241309399695
835,0.203857421875,-57.511038329336536,-5.696652292979573,-0.2793881202625812,-0.0008561169265135504
836,0.2041015625,-57.45134595307067,-5.679992076662618,-0.27922339398850227,-0.000820309722030288
837,0.204345703125,-57.391653576804806,-5.663331860345664,-0.2790586677143665,-0.0007845025176038689
838,0.20458984375000003,-57.33196120053891,-5.646671644028709,-0.2788939414402307,-0.0007486953131774499
839,0.204833984375,-57.272268824273056,-5.6300114277117554,-0.27872921516609495,-0.0007128881086941874
840,0.205078125,-57.21257644800719,-5.613351211394803,-0.27856448889195917,-0.0006770809042677683
841,0.205322265625,-57.15288407174131,-5.5966909950778465,-0.2783997626178234,-0.0006412736998413493
842,0.20556640625,-57.09319169547544,-5.580030778760894,-0.2782350363436876,-0.0006054664953580868
843,0.20581054687500003,-57.03349931920957,-5.563370562443938,-0.2780703100696087,-0.0005696592909316678
844,0.2060546875,-56.97380694294369,-5.546710346126986,-0.2779055837954729,-0.0005338520864484053
845,0.206298828125,-56.91411456667783,-5.530050129810032,-0.27774085752133715,-0.0004980448820219863
846,0.20654296875,-56.854422190411945,-5.513389913493077,-0.2775761312472014,-0.0004622376775955672
847,0.206787109375,-56.79472981414609,-5.496729697176124,-0.2774114049730656,-0.00042643047311230475
848,0.20703125000000003,-56.7350374378802,-5.480069480859168,-0.2772466786989298,-0.0003906232686858857
849,0.207275390625,-56.675345061614344,-5.463409264542214,-0.27708195242479405,-0.00035481606420262324
850,0.20751953125,-56.615652685348465,-5.446749048225262,-0.2769172261507151,-0.0003190088597762042
851,0.207763671875,-56.5559603090826,-5.430088831908306,-0.27675249987657935,-0.00028320165534978514
852,0.2080078125,-56.49626793281672,-5.413428615591354,-0.2765877736024436,-0.0002473944508665227
853,0.20825195312500003,-56.43657555655086,-5.396768399274398,-0.2764230473283078,-0.00021158724644010363
854,0.20849609375,-56.37688318028498,-5.380108182957445,-0.27625832105417203,-0.00017578004201368458
855,0.208740234375,-56.31719080401912,-5.363447966640491,-0.27609359478003626,-0.0001399728375304221
856,0.208984375,-56.257498427753234,-5.346787750323536,-0.2759288685059005,-0.00010416563310400306
857,0.209228515625,-56.197806051487376,-5.330127534006582,-0.27576414223182155,-6.83584286207406e-05
858,0.20947265625000003,-56.13682858368191,-5.312187186005314,-0.2755962528957525,-3.5625354712465196e-05
859,0.209716796875,-56.073923478567096,-5.29232664047758,-0.27542361896672674,-7.503476638248685e-06
860,0.2099609375,-56.01101837345228,-5.272466094949847,-0.2752509850377578,2.0618401435967826e-05
861,0.210205078125,-55.94811326833745,-5.25260554942211,-0.27507835110878887,4.8740279567027756e-05
862,0.21044921875,-55.885208163222636,-5.232745003894377,-0.27490571717981993,7.686215764124427e-05
863,0.21069335937500003,-55.822303058107806,-5.2128844583666405,-0.274733083250851,0.00010498403571546078
864,0.2109375,-55.759397952992984,-5.193023912838906,-0.27456044932188206,0.0001331059138465207
865,0.211181640625,-55.696492847878154,-5.173163367311172,-0.2743878153929131,0.00016122779192073722
866,0.21142578125,-55.633587742763346,-5.153302821783436,-0.27421518146388735,0.00018934966999495373
867,0.211669921875,-55.57068263764852,-5.133442276255702,-0.2740425475349184,0.00021747154812601366
868,0.21191406250000003,-55.5077775325337,-5.113581730727965,-0.2738699136059495,0.00024559342620023017
869,0.212158203125,-55.44487242741887,-5.093721185200232,-0.27369727967698054,0.0002737153043312901
870,0.21240234375,-55.381967322304064,-5.073860639672499,-0.2735246457480116,0.0003018371824055066
871,0.212646484375,-55.319062217189234,-5.054000094144762,-0.2733520118190427,0.0003299590604797231
872,0.212890625,-55.25615711207442,-5.034139548617028,-0.27317937789007374,0.00035808093861078305
873,0.21313476562500003,-55.19325200695959,-5.0142790030892925,-0.2730067439611048,0.00038620281668499956
874,0.21337890625,-55.13034690184477,-4.994418457561558,-0.272834110032079,0.00041432469475921607
875,0.213623046875,-55.06744179672995,-4.974557912033825,-0.2726614761031101,0.000442446572890276
876,0.2138671875,-55.00453669161513,-4.954697366506088,-0.27248884217414115,0.0004705684509644925
877,0.214111328125,-54.94163158650031,-4.934836820978354,-0.2723162082451722,0.0004986903290955524
878,0.21435546875000003,-54.87872648138548,-4.914976275450617,-0.2721435743162033,0.000526812207169769
879,0.214599609375,-54.815821376270655,-4.8951157299228845,-0.27197094038723435,0.0005549340852439855
880,0.21484375,-54.75291627115585,-4.875255184395151,-0.2717983064582654,0.0005830559633750454
881,0.215087890625,-54.69001116604102,-4.855394638867414,-0.27162567252923964,0.0006111778414492619
882,0.21533203125,-54.627106060926195,-4.83553409333968,-0.2714530386002707,0.0006392997195234784
883,0.21557617187500003,-54.564200955811366,-4.815673547811945,-0.27128040467130177,0.0006674215976545383
884,0.2158203125,-54.49921416492846,-4.794322321902564,-0.2711014044501212,0.0006899746845192567
885,0.216064453125,-54.43370695260353,-4.7725984258977725,-0.2709208126558451,0.0007111355736810765
886,0.21630859375,-54.368199740278584,-4.750874529892977,-0.27074022086162586,0.0007322964627860529
887,0.216552734375,-54.30269252795365,-4.729150633888186,-0.27055962906734976,0.0007534573518910292
888,0.21679687500000003,-54.23718531562871,-4.70742673788339,-0.27037903727307366,0.0007746182409960056
889,0.217041015625,-54.17167810330377,-4.685702841878598,-0.2701984454788544,0.000795779130100982
890,0.21728515625,-54.10617089097883,-4.663978945873806,-0.2700178536845783,0.0008169400192059584
891,0.217529296875,-54.04066367865389,-4.642255049869012,-0.26983726189035906,0.0008381009083109348
892,0.2177734375,-53.975156466328954,-4.620531153864219,-0.26965667009608296,0.0008592617974159111
893,0.21801757812500003,-53.909649254004016,-4.598807257859425,-0.26947607830180687,0.0008804226865777309
894,0.21826171875,-53.84414204167908,-4.5770833618546325,-0.2692954865075876,0.0009015835756827073
895,0.218505859375,-53.77863482935415,-4.5553594658498415,-0.2691148947133115,0.0009227444647876837
896,0.21875,-53.7131276170292,-4.533635569845046,-0.26893430291909226,0.0009439053538926601
897,0.218994140625,-53.64762040470427,-4.511911673840254,-0.26875371112481616,0.0009650662429976364
898,0.21923828125000003,-53.582113192379325,-4.490187777835459,-0.26857311933054007,0.0009862271321026128
899,0.219482421875,-53.51660598005439,-4.468463881830668,-0.2683925275363208,0.0010073880212075892
900,0.2197265625,-53.451098767729455,-4.446739985825876,-0.2682119357420447,0.0010285489103125656
901,0.219970703125,-53.38559155540452,-4.4250160898210815,-0.2680313439477686,0.0010497097994743854
902,0.22021484375,-53.32008434307958,-4.40329219381629,-0.26785075215354937,0.0010708706885793617
903,0.22045898437500003,-53.25457713075464,-4.381568297811494,-0.26767016035927327,0.0010920315776843381
904,0.220703125,-53.189069918429695,-4.359844401806703,-0.267489568565054,0.0011131924667893145
905,0.220947265625,-53.123562706104764,-4.3381205058019106,-0.2673089767707779,0.0011343533558942909
906,0.22119140625,-53.05805549377982,-4.316396609797115,-0.2671283849765018,0.0011555142449992672
907,0.221435546875,-52.99254828145489,-4.294672713792323,-0.26694779318228257,0.0011766751341042436
908,0.22167968750000003,-52.92704106912994,-4.272948817787529,-0.26676720138800647,0.0011978360232660634
909,0.221923828125,-52.86112724227017,-4.251068172850018,-0.2665850243849377,0.0012177597189406697
910,0.22216796875,-52.79358695727104,-4.22856053218163,-0.2663965065466414,0.0012327346408369522
911,0.222412109375,-52.7260466722719,-4.206052891513238,-0.2662079887082882,0.001247709562790078
912,0.22265625,-52.658506387272766,-4.183545250844849,-0.2660194708699919,0.0012626844846863605
913,0.22290039062500003,-52.590966102273626,-4.161037610176459,-0.26583095303163873,0.0012776594066394864
914,0.22314453125,-52.52342581727449,-4.13852996950807,-0.26564243519328556,0.0012926343285357689
915,0.223388671875,-52.45588553227536,-4.116022328839682,-0.26545391735498924,0.0013076092504888948
916,0.2236328125,-52.38834524727621,-4.0935146881712905,-0.2652653995166361,0.0013225841723851772
917,0.223876953125,-52.32080496227709,-4.071007047502903,-0.26507688167833976,0.0013375590943383031
918,0.22412109375000003,-52.25326467727795,-4.048499406834511,-0.2648883638399866,0.0013525340162345856
919,0.224365234375,-52.18572439227881,-4.025991766166123,-0.2646998460016903,0.0013675089381877115
920,0.224609375,-52.118184107279674,-4.003484125497734,-0.2645113281633371,0.001382483860083994
921,0.224853515625,-52.050643822280534,-3.980976484829343,-0.2643228103250408,0.0013974587820371198
922,0.22509765625,-51.98310353728141,-3.9584688441609552,-0.2641342924866876,0.0014124337039902457
923,0.22534179687500003,-51.91556325228226,-3.935961203492563,-0.2639457746483913,0.0014274086258865282
924,0.2255859375,-51.84802296728312,-3.913453562824175,-0.26375725681003814,0.001442383547839654
925,0.225830078125,-51.780482682283996,-3.890945922155787,-0.2635687389717418,0.0014573584697359365
926,0.22607421875,-51.712942397284856,-3.868438281487395,-0.26338022113338866,0.0014723333916890624
927,0.226318359375,-51.64540211228572,-3.845930640819007,-0.26319170329509234,0.0014873083135853449
928,0.22656250000000003,-51.57786182728658,-3.823423000150616,-0.2630031854567392,0.0015022832355384708
929,0.226806640625,-51.51032154228744,-3.800915359482228,-0.262814667618386,0.0015172581574347532
930,0.22705078125,-51.44278125728832,-3.7784077188138396,-0.2626261497800897,0.0015322330793878791
931,0.227294921875,-51.37524097228917,-3.755900078145448,-0.2624376319417365,0.0015472080012841616
932,0.2275390625,-51.307700687290044,-3.7333924374770597,-0.2622491141034402,0.0015621829232372875
933,0.22778320312500003,-51.240160402290904,-3.7108847968086685,-0.26206059626508704,0.00157715784513357
934,0.22802734375,-51.17262011729176,-3.68837715614028,-0.2618720784267907,0.0015921327670866958
935,0.228271484375,-51.104174657446336,-3.665910721001314,-0.26167887834702697,0.001603870907331384
936,0.228515625,-51.03512574770336,-3.643471756215294,-0.2614825567729895,0.0016134511931795714
937,0.228759765625,-50.96607683796041,-3.6210327914292755,-0.26128623519889516,0.001623031479027759
938,0.22900390625000003,-50.89702792821744,-3.5985938266432544,-0.2610899136248577,0.0016326117648759464
939,0.229248046875,-50.82797901847449,-3.5761548618572365,-0.2608935920508202,0.0016421920507241339
940,0.2294921875,-50.758930108731526,-3.553715897071218,-0.2606972704767827,0.0016517723365723214
941,0.229736328125,-50.68988119898855,-3.531276932285198,-0.2605009489026884,0.0016613526223636654
942,0.22998046875,-50.6208322892456,-3.50883796749918,-0.2603046273286509,0.001670932908211853
943,0.23022460937500003,-50.55178337950263,-3.4863990027131586,-0.2601083057546134,0.0016805131940600404
944,0.23046875,-50.48273446975967,-3.4639600379271407,-0.25991198418057593,0.0016900934799082279
945,0.230712890625,-50.41368556001672,-3.4415210731411237,-0.25971566260653844,0.0016996737657564154
946,0.23095703125,-50.34463665027374,-3.419082108355102,-0.2595193410324441,0.0017092540516046029
947,0.231201171875,-50.27558774053079,-3.3966431435690847,-0.25932301945840663,0.001718834337395947
948,0.23144531250000003,-50.206538830787814,-3.3742041787830637,-0.25912669788436915,0.0017284146232441344
949,0.231689453125,-50.13748992104485,-3.3517652139970457,-0.25893037631033167,0.001737994909092322
950,0.23193359375,-50.0684410113019,-3.3293262492110283,-0.25873405473623734,0.0017475751949405094
951,0.232177734375,-49.99939210155893,-3.306887284425007,-0.25853773316219986,0.0017571554807886969
952,0.232421875,-49.93034319181597,-3.2844483196389893,-0.2583414115881624,0.001766735766580041
953,0.23266601562500003,-49.861294282073004,-3.2620093548529683,-0.2581450900141249,0.0017763160524282284
954,0.23291015625,-49.79224537233004,-3.2395703900669504,-0.25794876844003056,0.001785896338276416
955,0.233154296875,-49.72319646258708,-3.217131425280933,-0.2577524468659931,0.0017954766241246034
956,0.2333984375,-49.65414755284412,-3.1946924604949114,-0.2575561252919556,0.0018050569099727909
957,0.233642578125,-49.58509864310116,-3.1722534957088935,-0.2573598037179181,0.0018146371958209784
958,0.23388671875000003,-49.51604973335819,-3.149814530922873,-0.2571634821438238,0.0018242174816123224
959,0.234130859375,-49.447000823615234,-3.127375566136855,-0.2569671605697863,0.00183379776746051
960,0.234375,-49.37795191387227,-3.104936601350837,-0.2567708389957488,0.0018433780533086974
961,0.234619140625,-49.30787288619155,-3.08322051830233,-0.2565669309146301,0.0018483445629726702
962,0.23486328125,-49.237793858510834,-3.0615044352538257,-0.2563630228335114,0.0018533110726934865
963,0.23510742187500003,-49.16771483083011,-3.0397883522053184,-0.2561591147523927,0.0018582775823574593
964,0.2353515625,-49.09763580314939,-3.018072269156814,-0.255955206671274,0.0018632440920214322
965,0.235595703125,-49.027556775468675,-2.9963561861083097,-0.25575129859015533,0.001868210601685405
966,0.23583984375,-48.95747774778795,-2.9746401030598024,-0.25554739050903663,0.0018731771114062212
967,0.236083984375,-48.887398720107235,-2.952924020011298,-0.25534348242791793,0.001878143621070194
968,0.23632812500000003,-48.8173196924265,-2.9312079369627897,-0.25513957434679924,0.0018831101307341669
969,0.236572265625,-48.74724066474579,-2.909491853914286,-0.25493566626568054,0.0018880766403981397
970,0.23681640625,-48.67716163706507,-2.8877757708657814,-0.2547317581846187,0.001893043150118956
971,0.237060546875,-48.60708260938435,-2.8660596878172737,-0.2545278501035,0.0018980096597829288
972,0.2373046875,-48.53700358170363,-2.8443436047687696,-0.2543239420223813,0.0019029761694469016
973,0.23754882812500003,-48.4669245540229,-2.822627521720262,-0.2541200339412626,0.0019079426791108745
974,0.23779296875,-48.39684552634218,-2.800911438671758,-0.2539161258601439,0.0019129091888316907
975,0.238037109375,-48.32676649866147,-2.7791953556232536,-0.2537122177790252,0.0019178756984956635
976,0.23828125,-48.256687470980744,-2.757479272574746,-0.2535083096979065,0.0019228422081596364
977,0.238525390625,-48.18660844330003,-2.735763189526242,-0.2533044016167878,0.0019278087178804526
978,0.23876953125000003,-48.116529415619304,-2.7140471064777345,-0.2531004935356691,0.0019327752275444254
979,0.239013671875,-48.04645038793859,-2.69233102342923,-0.2528965854545504,0.0019377417372083983
980,0.2392578125,-47.97637136025787,-2.6706149403807253,-0.2526926773734317,0.001942708246872371
981,0.239501953125,-47.906292332577145,-2.648898857332218,-0.252488769292313,0.0019476747565931873
982,0.23974609375,-47.836213304896425,-2.627182774283714,-0.2522848612111943,0.0019526412662571602
983,0.23999023437500003,-47.766134277215706,-2.6054666912352062,-0.2520809531300756,0.001957607775921133
984,0.240234375,-47.696055249534986,-2.583750608186702,-0.2518770450489569,0.001962574285585106
985,0.240478515625,-47.62597622185427,-2.5620345251381975,-0.2516731369678382,0.001967540795305922
986,0.24072265625,-47.555658181203576,-2.5408009523533885,-0.2514663191760178,0.0019709618392198536
987,0.240966796875,-47.48498162109794,-2.520291144964131,-0.2512551368181448,0.001972064684423458
988,0.24121093750000003,-47.41430506099228,-2.4997813375748703,-0.2510439544603287,0.0019731675296839057
989,0.241455078125,-47.34362850088664,-2.479271530185612,-0.2508327721024557,0.0019742703749443535
990,0.24169921875,-47.27295194078099,-2.4587617227963547,-0.2506215897445827,0.0019753732202048013
991,0.241943359375,-47.20227538067534,-2.438251915407094,-0.2504104073867097,0.001976476065465249
992,0.2421875,-47.1315988205697,-2.4177421080178356,-0.25019922502883674,0.001977578910725697
993,0.24243164062500003,-47.06092226046405,-2.397232300628575,-0.24998804267096375,0.0019786817559861447
994,0.24267578125,-46.9902457003584,-2.3767224932393165,-0.24977686031309076,0.0019797846012465925
995,0.242919921875,-46.91956914025276,-2.356212685850059,-0.24956567795521778,0.0019808874465070403
996,0.2431640625,-46.84889258014711,-2.3357028784607983,-0.2493544955973448,0.001981990291767488
997,0.243408203125,-46.77821602004146,-2.3151930710715405,-0.2491433132394718,0.001983093137027936
998,0.24365234375000003,-46.707539459935816,-2.2946832636822796,-0.24893213088159882,0.0019841959822315403
999,0.243896484375,-46.63686289983017,-2.274173456293022,-0.24872094852372584,0.001985298827491988
1000,0.244140625,-46.566186339724524,-2.2536636489037636,-0.24850976616585285,0.001986401672752436
1001,0.244384765625,-46.49550977961888,-2.233153841514503,-0.24829858380797987,0.0019875045180128836
1002,0.24462890625,-46.42483321951323,-2.2126440341252454,-0.24808740145010688,0.0019886073632733314
1003,0.24487304687500003,-46.35415665940758,-2.192134226735984,-0.2478762190922339,0.0019897102085337792
1004,0.2451171875,-46.28348009930194,-2.1716244193467262,-0.2476650367343609,0.001990813053794227
1005,0.245361328125,-46.212803539196294,-2.1511146119574684,-0.24745385437648793,0.001991915899054675
1006,0.24560546875,-46.142126979090634,-2.1306048045682076,-0.24724267201867178,0.0019930187443151226
1007,0.245849609375,-46.071450418985,-2.1100949971789498,-0.2470314896607988,0.0019941215895755704
1008,0.24609375000000003,-46.00077385887935,-2.0895851897896893,-0.2468203073029258,0.001995224434836018
1009,0.246337890625,-45.9300972987737,-2.069075382400431,-0.24660912494505283,0.0019963272800396226
1010,0.24658203125,-45.859420738668064,-2.0485655750111733,-0.24639794258717984,0.0019974301253000704
1011,0.246826171875,-45.7887441785624,-2.0280557676219124,-0.24618676022930686,0.001998532970560518
1012,0.2470703125,-45.717899853221624,-2.0087815692756656,-0.24597008081588,0.001997108571629269
1013,0.24731445312500003,-45.64701358657205,-1.9898162731901687,-0.24575202713862154,0.001995052361564831
1014,0.24755859375,-45.576127319922485,-1.9708509771046745,-0.24553397346130623,0.001992996151557236
1015,0.247802734375,-45.50524105327292,-1.9518856810191805,-0.24531591978404776,0.0019909399414927975
1016,0.248046875,-45.434354786623345,-1.9329203849336836,-0.24509786610673245,0.0019888837314852026
1017,0.248291015625,-45.36346851997378,-1.9139550888481895,-0.244879812429474,0.0019868275214776077
1018,0.24853515625000003,-45.292582253324206,-1.8949897927626926,-0.24466175875215868,0.0019847713114131693
1019,0.248779296875,-45.22169598667463,-1.8760244966771984,-0.2444437050749002,0.0019827151014055744
1020,0.2490234375,-45.150809720025066,-1.8570592005917044,-0.2442256513975849,0.0019806588913979795
1021,0.249267578125,-45.0799234533755,-1.8380939045062075,-0.24400759772032643,0.001978602681333541
1022,0.24951171875,-45.009037186725934,-1.8191286084207132,-0.24378954404301112,0.001976546471325946
1023,0.24975585937500003,-44.93815092007636,-1.8001633123352165,-0.24357149036575265,0.001974490261261508
1024,0.25,-44.867264653426794,-1.7811980162497225,-0.24335343668843734,0.001972434051253913
1025,0.250244140625,-44.79637838677723,-1.762232720164228,-0.24313538301112203,0.001970377841246318
1026,0.25048828125,-44.72549212012765,-1.7432674240787314,-0.24291732933386356,0.0019683216311818796
1027,0.250732421875,-44.65460585347808,-1.7243021279932371,-0.24269927565654825,0.0019662654211742847
1028,0.2509765625,-44.58371958682851,-1.7053368319077402,-0.24248122197928978,0.0019642092111098464
1029,0.251220703125,-44.51283332017894,-1.686371535822246,-0.24226316830197447,0.0019621530011022514
1030,0.25146484375,-44.44194705352938,-1.6674062397367522,-0.242045114624716,0.0019600967910946565
1031,0.251708984375,-44.3710607868798,-1.648440943651255,-0.2418270609474007,0.001958040581030218
1032,0.251953125,-44.30017452023024,-1.6294756475657608,-0.24160900727014223,0.0019559843710226232
1033,0.252197265625,-44.22928825358066,-1.6105103514802641,-0.24139095359282692,0.0019539281610150283
1034,0.25244140625,-44.158401986931096,-1.5915450553947699,-0.24117289991556845,0.00195187195095059
1035,0.252685546875,-44.08751572028153,-1.5725797593092756,-0.24095484623825314,0.001949815740942995
1036,0.2529296875,-44.01662945363196,-1.553614463223779,-0.24073679256099467,0.0019477595308785567
1037,0.253173828125,-43.94577022473173,-1.5350014126271985,-0.24051746169266153,0.0019452013085015096
1038,0.25341796875,-43.87501914682883,-1.5177973439862704,-0.2402930220603139,0.0019406350365898106
1039,0.253662109375,-43.80426806892594,-1.5005932753453444,-0.2400685824279094,0.001936068764734955
1040,0.25390625,-43.73351699102305,-1.4833892067044183,-0.23984414279556177,0.001931502492823256
1041,0.254150390625,-43.662765913120154,-1.46618513806349,-0.23961970316321413,0.001926936220911557
1042,0.25439453125,-43.59201483521725,-1.4489810694225642,-0.23939526353080964,0.001922369948999858
1043,0.254638671875,-43.52126375731436,-1.4317770007816362,-0.239170823898462,0.001917803677088159
1044,0.2548828125,-43.450512679411474,-1.4145729321407101,-0.23894638426605752,0.0019132374052333034
1045,0.255126953125,-43.37976160150857,-1.397368863499784,-0.23872194463370988,0.0019086711333216044
1046,0.25537109375,-43.309010523605686,-1.3801647948588556,-0.2384975050013054,0.0019041048614099054
1047,0.255615234375,-43.23825944570278,-1.36296072621793,-0.23827306536895776,0.0018995385894982064
1048,0.255859375,-43.16750836779989,-1.3457566575770017,-0.23804862573655328,0.0018949723176433508
1049,0.256103515625,-43.096757289897006,-1.3285525889360756,-0.23782418610420564,0.0018904060457316518
1050,0.25634765625,-43.0260062119941,-1.3113485202951498,-0.237599746471858,0.0018858397738199528
1051,0.256591796875,-42.95525513409121,-1.2941444516542213,-0.23737530683945351,0.0018812735019082538
1052,0.2568359375,-42.88450405618831,-1.2769403830132955,-0.23715086720710588,0.0018767072300533982
1053,0.257080078125,-42.813752978285414,-1.2597363143723672,-0.2369264275747014,0.0018721409581416992
1054,0.25732421875,-42.74300190038254,-1.2425322457314414,-0.23670198794235375,0.0018675746862300002
1055,0.257568359375,-42.67225082247963,-1.2253281770905153,-0.23647754830994927,0.0018630084143183012
1056,0.2578125,-42.601499744576735,-1.208124108449587,-0.23625310867760163,0.0018584421424066022
1057,0.258056640625,-42.530748666673844,-1.1909200398086612,-0.236028669045254,0.0018538758705517466
1058,0.25830078125,-42.459997588770946,-1.1737159711677327,-0.2358042294128495,0.0018493095986400476
1059,0.258544921875,-42.389246510868055,-1.1565119025268071,-0.23557978978050187,0.0018447433267283486
1060,0.2587890625,-42.318495432965165,-1.139307833885881,-0.2353553501480974,0.0018401770548166496
1061,0.259033203125,-42.24774435506227,-1.1221037652449526,-0.23513091051574975,0.001835610782961794
1062,0.25927734375,-42.176993277159376,-1.1048996966040268,-0.23490647088334526,0.001831044511050095
1063,0.259521484375,-42.10650607888841,-1.0888224255339447,-0.23467853327116472,0.0018253244729748985
1064,0.259765625,-42.03619480037206,-1.0734963528444286,-0.23444826367244787,0.0018188352574384226
1065,0.260009765625,-41.96588352185571,-1.0581702801549127,-0.234217994073731,0.0018123460418451032
1066,0.26025390625,-41.89557224333936,-1.0428442074653947,-0.23398772447501415,0.0018058568263086272
1067,0.260498046875,-41.825260964823016,-1.0275181347758786,-0.2337574548762973,0.0017993676107721512
1068,0.2607421875,-41.75494968630666,-1.0121920620863607,-0.23352718527752359,0.0017928783952356753
1069,0.260986328125,-41.68463840779032,-0.9968659893968448,-0.23329691567880673,0.0017863891796991993
1070,0.26123046875,-41.614327129273974,-0.9815399167073289,-0.23306664608008987,0.00177989996410588
1071,0.261474609375,-41.54401585075762,-0.9662138440178107,-0.232836376481373,0.001773410748569404
1072,0.26171875,-41.47370457224127,-0.9508877713282948,-0.23260610688265615,0.001766921533032928
1073,0.261962890625,-41.40339329372491,-0.9355616986387766,-0.2323758372839393,0.001760432317496452
1074,0.26220703125,-41.333082015208575,-0.9202356259492608,-0.2321455676851656,0.001753943101959976
1075,0.262451171875,-41.262770736692225,-0.9049095532597449,-0.23191529808644873,0.0017474538863666567
1076,0.2626953125,-41.19245945817587,-0.8895834805702268,-0.23168502848773187,0.0017409646708301807
1077,0.262939453125,-41.122148179659526,-0.874257407880711,-0.231454758889015,0.0017344754552937047
1078,0.26318359375,-41.05183690114317,-0.8589313351911929,-0.23122448929029815,0.0017279862397572288
1079,0.263427734375,-40.98152562262682,-0.843605262501677,-0.2309942196915813,0.0017214970242207528
1080,0.263671875,-40.91121434411048,-0.828279189812161,-0.2307639500928076,0.0017150078086842768
1081,0.263916015625,-40.84090306559412,-0.8129531171226428,-0.23053368049409073,0.0017085185930909574
1082,0.26416015625,-40.77059178707778,-0.7976270444331269,-0.23030341089537387,0.0017020293775544815
1083,0.264404296875,-40.70028050856142,-0.7823009717436088,-0.230073141296657,0.0016955401620180055
1084,0.2646484375,-40.62996923004508,-0.7669748990540929,-0.22984287169794015,0.0016890509464815295
1085,0.264892578125,-40.55965795152873,-0.7516488263645771,-0.2296126020992233,0.0016825617309450536
1086,0.26513671875,-40.48934667301237,-0.736322753675059,-0.2293823325004496,0.0016760725153517342
1087,0.265380859375,-40.419035394496035,-0.720996680985543,-0.22915206290173273,0.0016695832998152582
1088,0.265625,-40.34872411597968,-0.7056706082960251,-0.22892179330301587,0.0016630940842787822
1089,0.265869140625,-40.27911967207477,-0.6922587721630414,-0.22868630589448458,0.0016552040594319806
1090,0.26611328125,-40.20951522816987,-0.6788469360300574,-0.22845081848589643,0.0016473140345283355
1091,0.266357421875,-40.13991078426496,-0.6654350998970717,-0.22821533107736514,0.0016394240096815338
1092,0.2666015625,-40.070306340360055,-0.6520232637640878,-0.22797984366883384,0.0016315339848347321
1093,0.266845703125,-40.00070189645514,-0.638611427631102,-0.2277443562602457,0.0016236439599879304
1094,0.26708984375,-39.93109745255024,-0.6251995914981183,-0.2275088688517144,0.0016157539350842853
1095,0.267333984375,-39.86149300864534,-0.6117877553651344,-0.2272733814431831,0.0016078639102374837
1096,0.267578125,-39.791888564740425,-0.5983759192321486,-0.22703789403459496,0.001599973885390682
1097,0.267822265625,-39.722284120835525,-0.5849640830991647,-0.22680240662606366,0.0015920838605438803
1098,0.26806640625,-39.65267967693062,-0.571552246966179,-0.22656691921753236,0.0015841938356402352
1099,0.268310546875,-39.58307523302571,-0.5581404108331952,-0.22633143180894422,0.0015763038107934335
1100,0.2685546875,-39.5134707891208,-0.5447285747002113,-0.22609594440041292,0.0015684137859466318
1101,0.268798828125,-39.44386634521589,-0.5313167385672255,-0.22586045699188162,0.0015605237610429867
1102,0.26904296875,-39.374261901310994,-0.5179049024342417,-0.22562496958329348,0.001552633736196185
1103,0.269287109375,-39.30465745740608,-0.5044930663012559,-0.22538948217476218,0.0015447437113493834
1104,0.26953125,-39.23505301350118,-0.4910812301682721,-0.22515399476623088,0.0015368536865025817
1105,0.269775390625,-39.16544856959627,-0.47766939403528824,-0.22491850735764274,0.0015289636615989366
1106,0.27001953125,-39.09584412569136,-0.4642575579023025,-0.22468301994911144,0.001521073636752135
1107,0.270263671875,-39.02623968178646,-0.4508457217693186,-0.2244475325405233,0.0015131836119053332
1108,0.2705078125,-38.95663523788155,-0.43743388563633284,-0.224212045131992,0.0015052935870585316
1109,0.270751953125,-38.88703079397664,-0.424022049503349,-0.2239765577234607,0.0014974035621548865
1110,0.27099609375,-38.81742635007174,-0.4106102133703652,-0.22374107031487256,0.0014895135373080848
1111,0.271240234375,-38.74782190616682,-0.39719837723737944,-0.22350558290634126,0.001481623512461283
1112,0.271484375,-38.67821746226193,-0.38378654110439553,-0.22327009549780996,0.001473733487557638
1113,0.271728515625,-38.60861301835701,-0.3703747049714098,-0.22303460808922182,0.0014658434627108363
1114,0.27197265625,-38.53938427991612,-0.35771775199563755,-0.22279729440077745,0.0014575757417105706
1115,0.272216796875,-38.47071909967124,-0.34619312375568284,-0.22255724129234977,0.0014487414763948436
1116,0.2724609375,-38.40205391942636,-0.33466849551572664,-0.2223171881839221,0.0014399072110791167
1117,0.272705078125,-38.33338873918148,-0.32314386727577205,-0.22207713507549443,0.0014310729457633897
1118,0.27294921875,-38.264723558936595,-0.3116192390358158,-0.2218370819671236,0.0014222386805045062
1119,0.273193359375,-38.19605837869171,-0.3000946107958612,-0.22159702885869592,0.0014134044151887792
1120,0.2734375,-38.12739319844683,-0.2885699825559066,-0.22135697575026825,0.0014045701498730523
1121,0.273681640625,-38.05872801820195,-0.2770453543159503,-0.22111692264184057,0.0013957358846141688
1122,0.27392578125,-37.99006283795707,-0.2655207260759957,-0.22087686953346974,0.0013869016192984418
1123,0.274169921875,-37.921397657712184,-0.25399609783603944,-0.22063681642504207,0.0013780673539827148
1124,0.2744140625,-37.8527324774673,-0.24247146959608484,-0.2203967633166144,0.001369233088666988
1125,0.274658203125,-37.78406729722243,-0.23094684135613022,-0.22015671020818672,0.0013603988234081044
1126,0.27490234375,-37.71540211697754,-0.219422213116174,-0.21991665709975905,0.0013515645580923774
1127,0.275146484375,-37.64673693673266,-0.20789758487621937,-0.21967660399138822,0.0013427302927766505
1128,0.275390625,-37.57807175648777,-0.19637295663626314,-0.21943655088296055,0.001333896027517767
1129,0.275634765625,-37.509406576242895,-0.18484832839630855,-0.21919649777453287,0.00132506176220204
1130,0.27587890625,-37.44074139599802,-0.1733237001563539,-0.21895644466616204,0.001316227496886313
1131,0.276123046875,-37.372076215753125,-0.16179907191639764,-0.21871639155773437,0.001307393231570586
1132,0.2763671875,-37.303411035508255,-0.15027444367644305,-0.2184763384493067,0.0012985589663117025
1133,0.276611328125,-37.23474585526336,-0.13874981543648682,-0.21823628534087902,0.0012897247009959756
1134,0.27685546875,-37.16608067501849,-0.1272251871965322,-0.21799623223245135,0.0012808904356802486
1135,0.277099609375,-37.097415494773614,-0.11570055895657753,-0.21775617912408052,0.001272056170421365
1136,0.27734375,-37.02875031452872,-0.10417593071662132,-0.21751612601565284,0.0012632219051056381
1137,0.277587890625,-36.960085134283844,-0.09265130247666671,-0.21727607290722517,0.0012543876397899112
1138,0.27783203125,-36.89141995403896,-0.08112667423671047,-0.2170360197987975,0.0012455533744741842
1139,0.278076171875,-36.82275477379409,-0.06960204599675586,-0.21679596669042667,0.0012367191092153007
1140,0.2783203125,-36.755001594979234,-0.059527050889839,-0.21655280106017472,0.0012274433713059807
1141,0.278564453125,-36.68747641652188,-0.04981446406618018,-0.21630885729945248,0.0012180572653051058
1142,0.27880859375,-36.619951238064544,-0.040101877242522746,-0.21606491353873025,0.001208671159304231
1143,0.279052734375,-36.55242605960719,-0.030389290418863922,-0.21582096977800802,0.0011992850532465127
1144,0.279296875,-36.484900881149855,-0.020676703595206482,-0.2155770260172858,0.0011898989472456378
1145,0.279541015625,-36.417375702692524,-0.010964116771549048,-0.21533308225656356,0.001180512841244763
1146,0.27978515625,-36.34985052423518,-0.0012515299478902272,-0.21508913849584133,0.0011711267351870447
1147,0.280029296875,-36.282325345777835,0.00846105687576721,-0.2148451947351191,0.0011617406291861698
1148,0.2802734375,-36.21480016732049,0.018173643699426017,-0.2146012509744537,0.0011523545231284515
1149,0.280517578125,-36.147274988863145,0.027886230523083453,-0.21435730721373147,0.0011429684171275767
1150,0.28076171875,-36.0797498104058,0.037598817346740886,-0.21411336345300924,0.0011335823111267018
1151,0.281005859375,-36.012224631948456,0.04731140417039971,-0.213869419692287,0.0011241962050689835
1152,0.28125,-35.94469945349111,0.05702399099405716,-0.21362547593156478,0.0011148100990681087
1153,0.281494140625,-35.87717427503377,0.06673657781771596,-0.21338153217084255,0.0011054239930672338
1154,0.28173828125,-35.80964909657642,0.0764491646413734,-0.21313758841012032,0.0010960378870095155
1155,0.281982421875,-35.74212391811909,0.08616175146503083,-0.21289364464939808,0.0010866517810086407
1156,0.2822265625,-35.67459873966173,0.09587433828868966,-0.21264970088867585,0.0010772656750077658
1157,0.282470703125,-35.6070735612044,0.1055869251123471,-0.21240575712801046,0.0010678795689500475
1158,0.28271484375,-35.53954838274704,0.11529951193600592,-0.21216181336728823,0.0010584934629491727
1159,0.282958984375,-35.47202320428972,0.12501209875966335,-0.211917869606566,0.0010491073568914544
1160,0.283203125,-35.404498025832375,0.1347246855833208,-0.21167392584584377,0.0010397212508905795
1161,0.283447265625,-35.33697284737503,0.1444372724069796,-0.21142998208512154,0.0010303351448897047
1162,0.28369140625,-35.269447668917685,0.15414985923063704,-0.2111860383243993,0.0010209490388319864
1163,0.283935546875,-35.20192249046034,0.16386244605429584,-0.21094209456367707,0.0010115629328311115
1164,0.2841796875,-35.134397312002996,0.17357503287795328,-0.21069815080295484,0.0010021768268302367
1165,0.284423828125,-35.06713449957794,0.1829472568035407,-0.21045356512922808,0.00099274657765136
1166,0.28466796875,-35.00092115128201,0.19095802913685012,-0.21020641180336952,0.0009831397559310062
1167,0.284912109375,-34.93470780298609,0.19896880147015839,-0.20995925847751096,0.0009735329342106525
1168,0.28515625,-34.86849445469015,0.2069795738034678,-0.2097121051516524,0.0009639261124902987
1169,0.285400390625,-34.80228110639423,0.21499034613677606,-0.20946495182579383,0.0009543192907699449
1170,0.28564453125,-34.736067758098315,0.2230011184700844,-0.20921779849993527,0.0009447124690495912
1171,0.285888671875,-34.66985440980238,0.23101189080339377,-0.2089706451740767,0.0009351056473292374
1172,0.2861328125,-34.60364106150646,0.23902266313670203,-0.20872349184821815,0.0009254988255520402
1173,0.286376953125,-34.537427713210526,0.24703343547001141,-0.20847633852235958,0.0009158920038316865
1174,0.28662109375,-34.47121436491461,0.2550442078033197,-0.20822918519650102,0.0009062851821113327
1175,0.286865234375,-34.40500101661868,0.263054980136628,-0.20798203187064246,0.0008966783603909789
1176,0.287109375,-34.33878766832275,0.2710657524699374,-0.2077348785447839,0.0008870715386706252
1177,0.287353515625,-34.27257432002683,0.2790765248032457,-0.20748772521892533,0.0008774647169502714
1178,0.28759765625,-34.206360971730895,0.28708729713655506,-0.20724057189306677,0.0008678578952299176
1179,0.287841796875,-34.14014762343497,0.29509806946986333,-0.2069934185672082,0.0008582510735095639
1180,0.2880859375,-34.07393427513905,0.3031088418031716,-0.20674626524134965,0.0008486442517892101
1181,0.288330078125,-34.00772092684313,0.31111961413648104,-0.20649911191549108,0.0008390374300688563
1182,0.28857421875,-33.941507578547196,0.3191303864697893,-0.20625195858963252,0.0008294306083485026
1183,0.288818359375,-33.87529423025127,0.32714115880309874,-0.20600480526377396,0.0008198237866281488
1184,0.2890625,-33.809080881955346,0.335151931136407,-0.2057576519379154,0.0008102169648509516
1185,0.289306640625,-33.74286753365942,0.3431627034697153,-0.20551049861205684,0.0008006101431305979
1186,0.28955078125,-33.67665418536349,0.3511734758030247,-0.20526334528619827,0.0007910033214102441
1187,0.289794921875,-33.61044083706757,0.359184248136333,-0.2050161919603397,0.0007813964996898903
1188,0.2900390625,-33.54422748877164,0.3671950204696423,-0.20476903863448115,0.0007717896779695366
1189,0.290283203125,-33.478014140475715,0.37520579280295063,-0.2045218853086226,0.0007621828562491828
1190,0.29052734375,-33.4118007921798,0.3832165651362589,-0.20427473198276402,0.000752576034528829
1191,0.290771484375,-33.34646185014258,0.39028674589482726,-0.20402605561531573,0.0007430010811617649
1192,0.291015625,-33.28170584561118,0.39672986560356716,-0.20377636388678866,0.0007334473734204039
1193,0.291259765625,-33.21694984107978,0.403172985312308,-0.2035266721582616,0.0007238936656221995
1194,0.29150390625,-33.152193836548385,0.4096161050210479,-0.20327698042973452,0.0007143399578808385
1195,0.291748046875,-33.087437832016995,0.4160592247297878,-0.20302728870120745,0.0007047862500826341
1196,0.2919921875,-33.022681827485584,0.42250234443852863,-0.20277759697268039,0.0006952325423412731
1197,0.292236328125,-32.957925822954195,0.42894546414726853,-0.20252790524415332,0.0006856788345430687
1198,0.29248046875,-32.89316981842279,0.43538858385600937,-0.20227821351562625,0.0006761251268017077
1199,0.292724609375,-32.82841381389139,0.44183170356474927,-0.20202852178709918,0.0006665714190035033
1200,0.29296875,-32.76365780936,0.4482748232734891,-0.2017788300585721,0.0006570177112621423
1201,0.293212890625,-32.698901804828594,0.45471794298223,-0.20152913833004504,0.0006474640034639378
1202,0.29345703125,-32.6341458002972,0.4611610626909699,-0.20127944660151798,0.0006379102956657334
1203,0.293701171875,-32.569389795765794,0.46760418239971074,-0.2010297548729909,0.0006283565879243724
1204,0.2939453125,-32.5046337912344,0.47404730210845064,-0.20078006314446384,0.000618802880126168
1205,0.294189453125,-32.43987778670301,0.4804904218171906,-0.20053037141593677,0.000609249172384807
1206,0.29443359375,-32.3751217821716,0.4869335415259314,-0.2002806796874097,0.0005996954645866026
1207,0.294677734375,-32.31036577764021,0.49337666123467133,-0.20003098795888263,0.0005901417568452416
1208,0.294921875,-32.245609773108804,0.4998197809434122,-0.19978129623035557,0.0005805880490470372
1209,0.295166015625,-32.18085376857741,0.5062629006521521,-0.1995316045018285,0.0005710343413056762
1210,0.29541015625,-32.11609776404601,0.512706020360892,-0.19928191277330143,0.0005614806335074718
1211,0.295654296875,-32.05134175951461,0.5191491400696328,-0.19903222104477436,0.0005519269257661108
1212,0.2958984375,-31.986585754983214,0.5255922597783727,-0.1987825293162473,0.0005423732179679064
1213,0.296142578125,-31.921829750451806,0.5320353794871134,-0.19853283758772022,0.0005328195102265454
1214,0.29638671875,-31.857073745920417,0.5384784991958534,-0.19828314585919316,0.000523265802428341
1215,0.296630859375,-31.792317741389017,0.5449216189045935,-0.1980334541306661,0.00051371209468698
1216,0.296875,-31.72756173685762,0.5513647386133339,-0.19778376240213902,0.0005041583868887756
1217,0.297119140625,-31.664384625327042,0.5563889980171866,-0.19753217914364996,0.0004948790389107671
1218,0.29736328125,-31.601207513796457,0.5614132574210398,-0.19728059588521774,0.0004855996909327587
1219,0.297607421875,-31.538030402265875,0.5664375168248922,-0.19702901262672867,0.0004763203428979068
1220,0.2978515625,-31.4748532907353,0.5714617762287448,-0.1967774293682396,0.00046704099491989837
1221,0.298095703125,-31.411676179204715,0.576486035632598,-0.19652584610975055,0.0004577616469418899
1222,0.29833984375,-31.348499067674137,0.5815102950364505,-0.19627426285131833,0.0004484822989638815
1223,0.298583984375,-31.28532195614355,0.5865345544403037,-0.19602267959282926,0.00043920295098587303
1224,0.298828125,-31.22214484461298,0.5915588138441563,-0.1957710963343402,0.0004299236030078646
1225,0.299072265625,-31.158967733082402,0.5965830732480087,-0.19551951307590798,0.0004206442549730127
1226,0.29931640625,-31.095790621551817,0.601607332651862,-0.19526792981741892,0.0004113649069950043
1227,0.299560546875,-31.032613510021235,0.6066315920557145,-0.19501634655892985,0.00040208555901699583
1228,0.2998046875,-30.96943639849065,0.6116558514595677,-0.1947647633004408,0.0003928062110389874
1229,0.300048828125,-30.90625928696008,0.6166801108634202,-0.19451318004200857,0.00038352686306097894
1230,0.30029296875,-30.843082175429497,0.6217043702672727,-0.1942615967835195,0.0003742475150829705
1231,0.300537109375,-30.779905063898912,0.626728629671126,-0.19401001352503044,0.00036496816704811863
1232,0.30078125,-30.716727952368338,0.6317528890749784,-0.19375843026659822,0.0003556888190701102
1233,0.301025390625,-30.653550840837752,0.6367771484788316,-0.19350684700810916,0.00034640947109210174
1234,0.30126953125,-30.590373729307178,0.6418014078826841,-0.1932552637496201,0.0003371301231140933
1235,0.301513671875,-30.527196617776603,0.6468256672865366,-0.19300368049113104,0.00032785077513608485
1236,0.3017578125,-30.464019506246014,0.6518499266903899,-0.19275209723269882,0.0003185714271580764
1237,0.302001953125,-30.40084239471544,0.6568741860942424,-0.19250051397420975,0.00030929207912322454
1238,0.30224609375,-30.337665283184855,0.6618984454980956,-0.1922489307157207,0.0003000127311452161
1239,0.302490234375,-30.274488171654273,0.6669227049019482,-0.19199734745728847,0.00029073338316720765
1240,0.302734375,-30.211311060123702,0.6719469643058007,-0.1917457641987994,0.0002814540351891992
1241,0.302978515625,-30.148133948593117,0.6769712237096538,-0.19149418094031034,0.00027217468721119076
1242,0.30322265625,-30.08562827370967,0.6814902561259717,-0.19124208519178865,0.000263074607460112
1243,0.303466796875,-30.02412975379692,0.6852514480609877,-0.19098922070816116,0.0002542434301631147
1244,0.3037109375,-29.962631233884178,0.6890126399960032,-0.19073635622453367,0.0002454122528092739
1245,0.303955078125,-29.901132713971432,0.6927738319310187,-0.19048349174096302,0.00023658107551227658
1246,0.30419921875,-29.83963419405868,0.6965350238660347,-0.19023062725733553,0.00022774989821527925
1247,0.304443359375,-29.778135674145936,0.7002962158010502,-0.18997776277370804,0.0002189187208614385
1248,0.3046875,-29.716637154233187,0.7040574077360663,-0.18972489829008055,0.00021008754356444115
1249,0.304931640625,-29.65513863432044,0.7078185996710817,-0.18947203380645306,0.0002012563662106004
1250,0.30517578125,-29.593640114407698,0.7115797916060973,-0.18921916932282556,0.00019242518891360305
1251,0.305419921875,-29.532141594494945,0.7153409835411133,-0.18896630483919807,0.0001835940116166057
1252,0.3056640625,-29.470643074582203,0.7191021754761288,-0.18871344035562743,0.00017476283426276495
1253,0.305908203125,-29.409144554669453,0.7228633674111449,-0.18846057587199994,0.00016593165696576762
1254,0.30615234375,-29.347646034756707,0.7266245593461603,-0.18820771138837245,0.00015710047961192686
1255,0.306396484375,-29.286147514843965,0.7303857512811758,-0.18795484690474495,0.00014826930231492952
1256,0.306640625,-29.224648994931215,0.7341469432161919,-0.18770198242111746,0.00013943812496108876
1257,0.306884765625,-29.163150475018465,0.7379081351512073,-0.18744911793748997,0.00013060694766409142
1258,0.30712890625,-29.101651955105712,0.7416693270862235,-0.18719625345391933,0.00012177577036709408
1259,0.307373046875,-29.040153435192973,0.7454305190212389,-0.18694338897029183,0.00011294459301325332
1260,0.3076171875,-28.97865491528023,0.7491917109562544,-0.18669052448666434,0.00010411341571625599
1261,0.307861328125,-28.91715639536747,0.7529529028912704,-0.18643766000303685,9.528223836241523e-05
1262,0.30810546875,-28.85565787545473,0.7567140948262859,-0.18618479551940936,8.645106106541789e-05
1263,0.308349609375,-28.79415935554198,0.7604752867613019,-0.18593193103578187,7.761988376842055e-05
1264,0.30859375,-28.732660835629233,0.7642364786963175,-0.18567906655215438,6.878870641457979e-05
1265,0.308837890625,-28.671162315716494,0.767997670631333,-0.18542620206858373,5.995752911758245e-05
1266,0.30908203125,-28.609663795803737,0.7717588625663491,-0.18517333758495624,5.1126351763741695e-05
1267,0.309326171875,-28.54816527589099,0.7755200545013645,-0.18492047310132875,4.2295174466744356e-05
1268,0.3095703125,-28.4880734110813,0.7783961354836492,-0.1846670347160284,3.392790944189983e-05
1269,0.309814453125,-28.428333210047374,0.7810509387277508,-0.18441345285526722,2.5676622556147777e-05
1270,0.31005859375,-28.36859300901345,0.7837057419718522,-0.18415987099456288,1.7425335613552306e-05
1271,0.310302734375,-28.308852807979513,0.7863605452159541,-0.1839062891338017,9.174048727800255e-06
1272,0.310546875,-28.249112606945587,0.7890153484600556,-0.18365270727309735,9.227617852047842e-07
1273,0.310791015625,-28.189372405911655,0.7916701517041577,-0.18339912541233616,-7.328525157390686e-06
1274,0.31103515625,-28.129632204877733,0.794324954948259,-0.18314554355163182,-1.5579812043142738e-05
1275,0.311279296875,-28.069892003843805,0.7969797581923607,-0.18289196169087063,-2.3831098985738208e-05
1276,0.3115234375,-28.010151802809872,0.7996345614364625,-0.1826383798301663,-3.208238587149026e-05
1277,0.311767578125,-27.950411601775947,0.8022893646805641,-0.1823847979694051,-4.033367281408573e-05
1278,0.31201171875,-27.890671400742015,0.8049441679246659,-0.18213121610870076,-4.858495969983778e-05
1279,0.312255859375,-27.830931199708086,0.8075989711687676,-0.18187763424793957,-5.683624664243325e-05
1280,0.3125,-27.771190998674157,0.8102537744128692,-0.18162405238723522,-6.50875335281853e-05
1281,0.31274414062499994,-27.71145079764024,0.8129085776569706,-0.18137047052653088,-7.333882047078077e-05
1282,0.31298828125,-27.651710596606296,0.8155633809010728,-0.1811168886657697,-8.159010741337624e-05
1283,0.313232421875,-27.59197039557237,0.8182181841451743,-0.18086330680506535,-8.98413942991283e-05
1284,0.3134765625,-27.532230194538446,0.8208729873892759,-0.18060972494430416,-9.809268124172377e-05
1285,0.313720703125,-27.47248999350452,0.8235277906333776,-0.18035614308359982,-0.00010634396812747582
1286,0.31396484374999994,-27.412749792470596,0.826182593877479,-0.18010256122283863,-0.00011459525507007129
1287,0.314208984375,-27.353009591436653,0.8288373971215812,-0.1798489793621343,-0.00012284654195582334
1288,0.314453125,-27.293269390402727,0.8314922003656828,-0.1795953975013731,-0.0001310978288984188
1289,0.314697265625,-27.233529189368802,0.8341470036097843,-0.17934181564066876,-0.00013934911584101428
1290,0.31494140625,-27.173788988334877,0.8368018068538858,-0.17908823377990757,-0.00014760040272676633
1291,0.31518554687499994,-27.114048787300952,0.8394566100979874,-0.17883465191920322,-0.0001558516896693618
1292,0.3154296875,-27.05430858626701,0.8421114133420897,-0.17858107005844204,-0.00016410297655511386
1293,0.315673828125,-26.994932334043853,0.8445754989605401,-0.17832744672585932,-0.00017221929090283083
1294,0.31591796875,-26.937011877063767,0.846276714076385,-0.17807365750593362,-0.00017979571487103385
1295,0.316162109375,-26.879091420083682,0.84797792919223,-0.17781986828600793,-0.00018737213883923687
1296,0.31640624999999994,-26.821170963103597,0.8496791443080751,-0.17756607906608224,-0.00019494856275059647
1297,0.316650390625,-26.763250506123494,0.8513803594239205,-0.1773122898460997,-0.00020252498671879948
1298,0.31689453125,-26.705330049143413,0.8530815745397654,-0.177058500626174,-0.0002101014106870025
1299,0.317138671875,-26.647409592163328,0.8547827896556104,-0.17680471140624832,-0.00021767783465520552
1300,0.3173828125,-26.589489135183246,0.8564840047714555,-0.17655092218626578,-0.00022525425862340853
1301,0.31762695312499994,-26.53156867820316,0.8581852198873005,-0.1762971329663401,-0.00023283068259161155
1302,0.31787109375,-26.473648221223062,0.8598864350031459,-0.1760433437464144,-0.00024040710655981457
1303,0.318115234375,-26.415727764242977,0.8615876501189909,-0.1757895545264887,-0.00024798353047117416
1304,0.318359375,-26.35780730726289,0.8632888652348358,-0.17553576530650616,-0.0002555599544393772
1305,0.318603515625,-26.299886850282807,0.8649900803506809,-0.17528197608658047,-0.0002631363784075802
1306,0.31884765624999994,-26.241966393302725,0.8666912954665259,-0.17502818686665478,-0.0002707128023757832
1307,0.319091796875,-26.184045936322622,0.8683925105823714,-0.17477439764667224,-0.00027828922634398623
1308,0.3193359375,-26.126125479342537,0.8700937256982163,-0.17452060842674655,-0.00028586565031218925
1309,0.319580078125,-26.068205022362452,0.8717949408140613,-0.17426681920682086,-0.00029344207422354884
1310,0.31982421875,-26.010284565382367,0.8734961559299064,-0.17401302998689516,-0.00030101849819175186
1311,0.32006835937499994,-25.952364108402286,0.8751973710457512,-0.17375924076691263,-0.0003085949221599549
1312,0.3203125,-25.894443651422186,0.8768985861615967,-0.17350545154698693,-0.0003161713461281579
1313,0.320556640625,-25.836523194442098,0.8785998012774417,-0.17325166232706124,-0.0003237477700963609
1314,0.32080078125,-25.778602737462016,0.8803010163932867,-0.1729978731070787,-0.0003313241940645639
1315,0.321044921875,-25.72068228048193,0.8820022315091318,-0.172744083887153,-0.00033890061803276694
1316,0.32128906249999994,-25.662761823501846,0.8837034466249767,-0.17249029466722732,-0.00034647704194412654
1317,0.321533203125,-25.604841366521743,0.8854046617408221,-0.17223650544730162,-0.00035405346591232956
1318,0.32177734375,-25.546920909541658,0.8871058768566672,-0.1719827162273191,-0.0003616298898805326
1319,0.322021484375,-25.49011906585874,0.8883221449080648,-0.17172907337288734,-0.0003687633454774186
1320,0.322265625,-25.434062964373933,0.8892151149164976,-0.17147552809541367,-0.00037560148882676003
1321,0.32250976562499994,-25.378006862889123,0.8901080849249304,-0.17122198281794,-0.000382439632119258
1322,0.32275390625,-25.321950761404302,0.8910010549333637,-0.17096843754052315,-0.00038927777546859943
1323,0.322998046875,-25.265894659919496,0.8918940249417966,-0.17071489226304948,-0.00039611591881794084
1324,0.3232421875,-25.209838558434686,0.8927869949502294,-0.1704613469855758,-0.00040295406216728225
1325,0.323486328125,-25.15378245694988,0.8936799649586623,-0.17020780170810212,-0.00040979220545978023
1326,0.32373046874999994,-25.09772635546507,0.894572934967095,-0.1699542564306853,-0.00041663034880912164
1327,0.323974609375,-25.041670253980243,0.8954659049755281,-0.16970071115321161,-0.00042346849215846305
1328,0.32421875,-24.98561415249544,0.8963588749839612,-0.16944716587573794,-0.00043030663550780446
1329,0.324462890625,-24.92955805101063,0.897251844992394,-0.16919362059826426,-0.00043714477885714587
1330,0.32470703125,-24.87350194952582,0.8981448150008269,-0.16894007532084743,-0.00044398292214964385
1331,0.32495117187499994,-24.817445848041015,0.8990377850092597,-0.16868653004337375,-0.00045082106549898526
1332,0.3251953125,-24.76138974655619,0.8999307550176927,-0.16843298476590007,-0.00045765920884832667
1333,0.325439453125,-24.705333645071384,0.9008237250261256,-0.1681794394884264,-0.0004644973521976681
1334,0.32568359375,-24.649277543586578,0.9017166950345584,-0.16792589421100956,-0.00047133549549016607
1335,0.325927734375,-24.59322144210177,0.9026096650429914,-0.1676723489335359,-0.0004781736388395075
1336,0.32617187499999994,-24.537165340616962,0.9035026350514243,-0.1674188036560622,-0.0004850117821888489
1337,0.326416015625,-24.481109239132138,0.9043956050598573,-0.16716525837858853,-0.0004918499255381903
1338,0.32666015625,-24.42505313764733,0.9052885750682902,-0.1669117131011717,-0.0004986880688306883
1339,0.326904296875,-24.368997036162522,0.906181545076723,-0.16665816782369802,-0.0005055262121800297
1340,0.3271484375,-24.312940934677712,0.9070745150851559,-0.16640462254622435,-0.0005123643555293711
1341,0.32739257812499994,-24.256884833192903,0.9079674850935886,-0.16615107726875067,-0.0005192024988787125
1342,0.32763671875,-24.200828731708086,0.9088604551020218,-0.16589753199133384,-0.0005260406421712105
1343,0.327880859375,-24.144772630223276,0.9097534251104548,-0.16564398671386016,-0.0005328787855205519
1344,0.328125,-24.088716528738466,0.9106463951188876,-0.16539044143638648,-0.0005397169288698933
1345,0.328369140625,-24.034553918799904,0.9108664490786933,-0.16513753013470023,-0.0005457800023691561
1346,0.32861328124999994,-23.980391308861332,0.911086503038499,-0.16488461883301397,-0.000551843075868419
1347,0.328857421875,-23.926228698922753,0.9113065569983051,-0.16463170753132772,-0.0005579061493676818
1348,0.3291015625,-23.872066088984187,0.9115266109581108,-0.16437879622964147,-0.0005639692228669446
1349,0.329345703125,-23.817903479045622,0.9117466649179168,-0.1641258849279552,-0.0005700322963662074
1350,0.32958984375,-23.763740869107057,0.9119667188777225,-0.1638729736263258,-0.0005760953698654703
1351,0.32983398437499994,-23.709578259168488,0.9121867728375284,-0.16362006232463955,-0.0005821584433647331
1352,0.330078125,-23.65541564922991,0.9124068267973342,-0.1633671510229533,-0.0005882215168639959
1353,0.330322265625,-23.601253039291343,0.9126268807571402,-0.16311423972126704,-0.0005942845903632588
1354,0.33056640625,-23.547090429352775,0.9128469347169459,-0.1628613284195808,-0.0006003476638625216
1355,0.330810546875,-23.49292781941421,0.9130669886767516,-0.16260841711789453,-0.0006064107373617844
1356,0.33105468749999994,-23.438765209475648,0.9132870426365576,-0.16235550581620828,-0.0006124738108610472
1357,0.331298828125,-23.384602599537065,0.9135070965963633,-0.16210259451452202,-0.0006185368843603101
1358,0.33154296875,-23.3304399895985,0.913727150556169,-0.16184968321283577,-0.0006245999578595729
1359,0.331787109375,-23.276277379659934,0.9139472045159751,-0.16159677191114952,-0.0006306630313588357
1360,0.33203125,-23.22211476972137,0.9141672584757808,-0.16134386060946326,-0.0006367261048580986
1361,0.33227539062499994,-23.1679521597828,0.9143873124355866,-0.161090949307777,-0.0006427891783573614
1362,0.33251953125,-23.113789549844217,0.9146073663953925,-0.1608380380061476,-0.0006488522518566242
1363,0.332763671875,-23.059626939905655,0.9148274203551983,-0.16058512670446135,-0.000654915325355887
1364,0.3330078125,-23.00546432996709,0.9150474743150041,-0.1603322154027751,-0.0006609783988551499
1365,0.333251953125,-22.95130172002852,0.9152675282748098,-0.16007930410108884,-0.0006670414723544127
1366,0.33349609374999994,-22.897139110089956,0.9154875822346159,-0.15982639279940258,-0.0006731045458536755
1367,0.333740234375,-22.842976500151373,0.9157076361944216,-0.15957348149771633,-0.0006791676193529383
1368,0.333984375,-22.788813890212808,0.9159276901542274,-0.15932057019603008,-0.0006852306928522012
1369,0.334228515625,-22.734651280274242,0.9161477441140333,-0.15906765889434382,-0.000691293766351464
1370,0.33447265625,-22.681252018528696,0.9161480823682128,-0.15881513250360513,-0.0006970409158952862
1371,0.33471679687499994,-22.62899777907267,0.9158188470639532,-0.1585631834793162,-0.0007023141796480559
1372,0.3349609375,-22.57674353961663,0.9154896117596935,-0.15831123445502726,-0.0007075874433439822
1373,0.335205078125,-22.5244893001606,0.9151603764554339,-0.15805928543068148,-0.0007128607070399084
1374,0.33544921875,-22.472235060704573,0.9148311411511744,-0.15780733640639255,-0.0007181339707358347
1375,0.335693359375,-22.41998082124855,0.9145019058469148,-0.15755538738210362,-0.0007234072344886044
1376,0.33593749999999994,-22.367726581792525,0.9141726705426553,-0.15730343835781468,-0.0007286804981845307
1377,0.336181640625,-22.315472342336484,0.9138434352383954,-0.1570514893334689,-0.000733953761880457
1378,0.33642578125,-22.263218102880455,0.9135141999341359,-0.15679954030917997,-0.0007392270255763833
1379,0.336669921875,-22.21096386342443,0.9131849646298762,-0.15654759128489104,-0.0007445002892723096
1380,0.3369140625,-22.158709623968402,0.9128557293256166,-0.15629564226054526,-0.0007497735530250793
1381,0.33715820312499994,-22.106455384512376,0.9125264940213569,-0.15604369323625633,-0.0007550468167210056
1382,0.33740234375,-22.054201145056336,0.9121972587170973,-0.1557917442119674,-0.0007603200804169319
1383,0.337646484375,-22.001946905600306,0.9118680234128378,-0.15553979518762162,-0.0007655933441128582
1384,0.337890625,-21.949692666144283,0.9115387881085779,-0.1552878461633327,-0.0007708666078087845
1385,0.338134765625,-21.897438426688257,0.9112095528043184,-0.15503589713904375,-0.0007761398715615542
1386,0.33837890624999994,-21.84518418723223,0.9108803175000588,-0.15478394811475482,-0.0007814131352574805
1387,0.338623046875,-21.79292994777619,0.910551082195799,-0.15453199909040904,-0.0007866863989534068
1388,0.3388671875,-21.74067570832016,0.9102218468915395,-0.1542800500661201,-0.000791959662649333
1389,0.339111328125,-21.688421468864135,0.90989261158728,-0.15402810104183118,-0.0007972329263452593
1390,0.33935546875,-21.636167229408112,0.9095633762830203,-0.1537761520174854,-0.000802506190098029
1391,0.33959960937499994,-21.583912989952086,0.9092341409787608,-0.15352420299319647,-0.0008077794537939553
1392,0.33984375,-21.531658750496046,0.9089049056745009,-0.15327225396890753,-0.0008130527174898816
1393,0.340087890625,-21.47940451104002,0.9085756703702413,-0.15302030494456176,-0.0008183259811858079
1394,0.34033203125,-21.427150271583994,0.9082464350659818,-0.15276835592027282,-0.0008235992449385776
1395,0.340576171875,-21.374896032127968,0.9079171997617222,-0.1525164068959839,-0.0008288725086345039
1396,0.34082031249999994,-21.324169886366555,0.9072373004529727,-0.15226544200669423,-0.0008335164291679575
1397,0.341064453125,-21.27382576402878,0.9064697351431006,-0.1520147231511828,-0.0008380030139392147
1398,0.34130859375,-21.22348164169102,0.9057021698332286,-0.15176400429561454,-0.0008424895987104719
1399,0.341552734375,-21.173137519353258,0.9049346045233566,-0.15151328544010312,-0.0008469761834817291
1400,0.341796875,-21.1227933970155,0.9041670392134848,-0.1512625665845917,-0.0008514627682529863
1401,0.34204101562499994,-21.072449274677737,0.9033994739036127,-0.15101184772908027,-0.0008559493530242435
1402,0.34228515625,-21.022105152339964,0.9026319085937405,-0.150761128873512,-0.0008604359377955006
1403,0.342529296875,-20.971761030002202,0.9018643432838687,-0.15051041001800058,-0.0008649225225667578
1404,0.3427734375,-20.92141690766444,0.9010967779739967,-0.15025969116248916,-0.000869409107338015
1405,0.343017578125,-20.871072785326685,0.9003292126641249,-0.15000897230697774,-0.0008738956921092722
1406,0.34326171874999994,-20.820728662988923,0.8995616473542528,-0.14975825345146632,-0.0008783822768805294
1407,0.343505859375,-20.770384540651147,0.8987940820443808,-0.14950753459589805,-0.0008828688616517866
1408,0.34375,-20.72004041831339,0.8980265167345087,-0.14925681574038663,-0.0008873554464230438
1409,0.343994140625,-20.669696295975626,0.8972589514246367,-0.1490060968848752,-0.0008918420311943009
1410,0.34423828125,-20.619352173637868,0.8964913861147649,-0.14875537802936378,-0.0008963286159655581
1411,0.34448242187499994,-20.56900805130011,0.8957238208048928,-0.14850465917379552,-0.0009008152007368153
1412,0.3447265625,-20.518663928962333,0.8949562554950208,-0.1482539403182841,-0.0009053017855080725
1413,0.344970703125,-20.468319806624574,0.8941886901851487,-0.14800322146277267,-0.0009097883702793297
1414,0.34521484375,-20.41797568428681,0.8934211248752769,-0.14775250260726125,-0.0009142749550505869
1415,0.345458984375,-20.367631561949054,0.8926535595654049,-0.14750178375169298,-0.000918761539821844
1416,0.34570312499999994,-20.31728743961129,0.8918859942555329,-0.14725106489618156,-0.0009232481245931012
1417,0.345947265625,-20.266943317273515,0.8911184289456608,-0.14700034604067014,-0.0009277347093643584
1418,0.34619140625,-20.216599194935757,0.8903508636357887,-0.14674962718515872,-0.0009322212941356156
1419,0.346435546875,-20.166255072597995,0.8895832983259169,-0.14649890832959045,-0.0009367078789068728
1420,0.3466796875,-20.11591095026024,0.8888157330160449,-0.14624818947407903,-0.00094119446367813
1421,0.34692382812499994,-20.065946784892578,0.8879800849095392,-0.14599775870323128,-0.0009455271634806195
1422,0.34716796875,-20.017502447405306,0.8868721056164972,-0.14574848027098142,-0.0009492443234080383
1423,0.347412109375,-19.969058109918045,0.8857641263234555,-0.14549920183873155,-0.0009529614833354572
1424,0.34765625,-19.920613772430787,0.8846561470304137,-0.14524992340648168,-0.000956678643262876
1425,0.347900390625,-19.872169434943533,0.883548167737372,-0.14500064497423182,-0.0009603958031902948
1426,0.34814453124999994,-19.823725097456272,0.8824401884443303,-0.14475136654198195,-0.0009641129631177137
1427,0.348388671875,-19.775280759969,0.8813322091512883,-0.14450208810973209,-0.0009678301230451325
1428,0.3486328125,-19.726836422481743,0.8802242298582466,-0.14425280967748222,-0.0009715472829725513
1429,0.348876953125,-19.678392084994485,0.8791162505652048,-0.14400353124523235,-0.0009752644428999702
1430,0.34912109375,-19.629947747507224,0.8780082712721633,-0.14375425281298249,-0.000978981602827389
1431,0.34936523437499994,-19.581503410019966,0.8769002919791216,-0.14350497438073262,-0.0009826987627548078
1432,0.349609375,-19.533059072532694,0.8757923126860795,-0.14325569594848275,-0.00098641592273907
1433,0.349853515625,-19.484614735045433,0.8746843333930379,-0.1430064175162329,-0.000990133082666489
1434,0.35009765625,-19.436170397558175,0.8735763540999961,-0.14275713908398302,-0.0009938502425939078
1435,0.350341796875,-19.387726060070918,0.8724683748069544,-0.14250786065173315,-0.0009975674025213266
1436,0.35058593749999994,-19.33928172258366,0.8713603955139126,-0.1422585822194833,-0.0010012845624487454
1437,0.350830078125,-19.290837385096385,0.8702524162208708,-0.14200930378723342,-0.0010050017223761643
1438,0.35107421875,-19.24239304760913,0.8691444369278291,-0.14176002535498355,-0.001008718882303583
1439,0.351318359375,-19.19394871012187,0.8680364576347873,-0.1415107469227337,-0.001012436042231002
1440,0.3515625,-19.145504372634612,0.8669284783417457,-0.14126146849054066,-0.0010161532021584208
1441,0.35180664062499994,-19.097060035147354,0.865820499048704,-0.1410121900582908,-0.0010198703620858396
1442,0.35205078125,-19.048615697660082,0.864712519755662,-0.14076291162604093,-0.0010235875220132584
1443,0.352294921875,-19.000171360172825,0.8636045404626203,-0.14051363319379107,-0.0010273046819406773
1444,0.3525390625,-18.951727022685567,0.8624965611695786,-0.1402643547615412,-0.001031021841868096
1445,0.352783203125,-18.903282685198306,0.8613885818765369,-0.14001507632929133,-0.001034739001795515
1446,0.35302734374999994,-18.854838347711052,0.8602806025834953,-0.13976579789704147,-0.0010384561617229338
1447,0.353271484375,-18.807521033854997,0.8590193546139572,-0.13951747762206423,-0.001041728509846962
1448,0.353515625,-18.760955069086428,0.8576559275267555,-0.13926979611869683,-0.0010447043167118863
1449,0.353759765625,-18.714389104317863,0.8562925004395536,-0.13902211461527259,-0.0010476801235199673
1450,0.35400390625,-18.6678231395493,0.8549290733523519,-0.13877443311184834,-0.0010506559303848917
1451,0.35424804687499994,-18.621257174780734,0.8535656462651502,-0.13852675160848094,-0.001053631737249816
1452,0.3544921875,-18.57469121001215,0.852202219177948,-0.1382790701050567,-0.0010566075441147404
1453,0.354736328125,-18.528125245243587,0.8508387920907462,-0.13803138860163244,-0.0010595833509796648
1454,0.35498046875,-18.48155928047502,0.8494753650035445,-0.13778370709826504,-0.0010625591578445892
1455,0.355224609375,-18.434993315706457,0.8481119379163427,-0.1375360255948408,-0.0010655349647095136
1456,0.35546874999999994,-18.38842735093789,0.846748510829141,-0.13728834409141655,-0.0010685107715175945
1457,0.355712890625,-18.341861386169313,0.8453850837419389,-0.1370406625879923,-0.001071486578382519
1458,0.35595703125,-18.29529542140075,0.844021656654737,-0.1367929810846249,-0.0010744623852474433
1459,0.356201171875,-18.248729456632184,0.8426582295675353,-0.13654529958120065,-0.0010774381921123677
1460,0.3564453125,-18.202163491863615,0.8412948024803335,-0.1362976180777764,-0.001080413998977292
1461,0.35668945312499994,-18.155597527095054,0.8399313753931318,-0.136049936574409,-0.0010833898058422164
1462,0.35693359375,-18.109031562326475,0.8385679483059296,-0.13580225507098476,-0.0010863656126502974
1463,0.357177734375,-18.06246559755791,0.8372045212187279,-0.1355545735675605,-0.0010893414195152218
1464,0.357421875,-18.015899632789345,0.8358410941315262,-0.1353068920641931,-0.0010923172263801462
1465,0.357666015625,-17.96933366802078,0.8344776670443244,-0.13505921056076886,-0.0010952930332450705
1466,0.35791015624999994,-17.922767703252212,0.8331142399571226,-0.13481152905734461,-0.001098268840109995
1467,0.358154296875,-17.876201738483637,0.8317508128699205,-0.13456384755392037,-0.0011012446469749193
1468,0.3583984375,-17.829635773715072,0.8303873857827186,-0.13431616605055297,-0.0011042204538398437
1469,0.358642578125,-17.783069808946507,0.829023958695517,-0.13406848454712872,-0.0011071962606479246
1470,0.35888671875,-17.736503844177935,0.8276605316083152,-0.13382080304370447,-0.001110172067512849
1471,0.35913085937499994,-17.689937879409378,0.8262971045211135,-0.13357312154033707,-0.0011131478743777734
1472,0.359375,-17.643371914640795,0.8249336774339112,-0.13332544003691282,-0.0011161236812426978
1473,0.359619140625,-17.598652787461937,0.8233872737802655,-0.13307946290007067,-0.0011183941567196598
1474,0.35986328125,-17.553933660283075,0.8218408701266198,-0.1328334857632285,-0.0011206646321397784
1475,0.360107421875,-17.509214533104217,0.820294466472974,-0.13258750862638635,-0.0011229351076167404
1476,0.36035156249999994,-17.464495405925355,0.8187480628193283,-0.1323415314895442,-0.001125205583036859
1477,0.360595703125,-17.419776278746482,0.8172016591656822,-0.13209555435270204,-0.001127476058513821
1478,0.36083984375,-17.375057151567624,0.8156552555120364,-0.13184957721585988,-0.0011297465339339396
1479,0.361083984375,-17.330338024388762,0.8141088518583907,-0.13160360007901772,-0.0011320170094109017
1480,0.361328125,-17.2856188972099,0.812562448204745,-0.13135762294217557,-0.0011342874848878637
1481,0.36157226562499994,-17.240899770031042,0.8110160445510992,-0.1311116458053334,-0.0011365579603079823
1482,0.36181640625,-17.19618064285217,0.809469640897453,-0.13086566866849125,-0.0011388284357849443
1483,0.362060546875,-17.151461515673308,0.8079232372438073,-0.1306196915316491,-0.001141098911205063
1484,0.3623046875,-17.10674238849445,0.8063768335901615,-0.13037371439480694,-0.001143369386682025
1485,0.362548828125,-17.062023261315588,0.8048304299365158,-0.13012773725796478,-0.0011456398621021435
1486,0.36279296874999994,-17.017304134136726,0.80328402628287,-0.12988176012112262,-0.0011479103375791055
1487,0.363037109375,-16.972585006957853,0.801737622629224,-0.12963578298428047,-0.0011501808129992241
1488,0.36328125,-16.927865879778995,0.8001912189755781,-0.1293898058474383,-0.0011524512884761862
1489,0.363525390625,-16.883146752600133,0.7986448153219324,-0.12914382871059615,-0.0011547217639531482
1490,0.36376953125,-16.838427625421275,0.7970984116682868,-0.128897851573754,-0.0011569922393732668
1491,0.36401367187499994,-16.793708498242413,0.795552008014641,-0.12865187443691184,-0.0011592627148502288
1492,0.3642578125,-16.74898937106354,0.7940056043609948,-0.12840589730006968,-0.0011615331902703474
1493,0.364501953125,-16.70427024388468,0.792459200707349,-0.12815992016322753,-0.0011638036657473094
1494,0.36474609375,-16.65955111670582,0.7909127970537033,-0.12791394302632852,-0.001166074141167428
1495,0.364990234375,-16.61483198952696,0.7893663934000575,-0.12766796588948637,-0.00116834461664439
1496,0.36523437499999994,-16.5701128623481,0.7878199897464118,-0.1274219887526442,-0.0011706150920645086
1497,0.365478515625,-16.525393735169228,0.7862735860927658,-0.12717601161580205,-0.0011728855675414707
1498,0.36572265625,-16.48139704876052,0.7846782713393353,-0.1269307416462766,-0.0011748905208150973
1499,0.365966796875,-16.438484023507055,0.783009589936228,-0.1266865324275841,-0.0011764971907268773
1500,0.3662109375,-16.395570998253582,0.7813409085331208,-0.1264423232088916,-0.0011781038606386574
1501,0.36645507812499994,-16.35265797300011,0.7796722271300133,-0.1261981139901991,-0.0011797105306072808
1502,0.36669921875,-16.30974494774663,0.7780035457269057,-0.12595390477156343,-0.0011813172005190609
1503,0.366943359375,-16.26683192249316,0.7763348643237984,-0.12570969555287093,-0.0011829238704876843
1504,0.3671875,-16.22391889723969,0.774666182920691,-0.12546548633417842,-0.0011845305403994644
1505,0.367431640625,-16.181005871986223,0.7729975015175837,-0.12522127711554276,-0.0011861372103680878
1506,0.36767578124999994,-16.13809284673275,0.7713288201144763,-0.12497706789685026,-0.0011877438802798679
1507,0.367919921875,-16.09517982147927,0.7696601387113686,-0.12473285867815775,-0.0011893505502484913
1508,0.3681640625,-16.0522667962258,0.7679914573082613,-0.12448864945946525,-0.0011909572201602714
1509,0.368408203125,-16.009353770972332,0.7663227759051541,-0.12424444024082959,-0.0011925638900720514
1510,0.36865234375,-15.96644074571886,0.7646540945020468,-0.12400023102213709,-0.001194170560040675
1511,0.36889648437499994,-15.923527720465389,0.7629854130989394,-0.12375602180344458,-0.001195777229952455
1512,0.369140625,-15.880614695211909,0.7613167316958316,-0.12351181258480892,-0.0011973838999210784
1513,0.369384765625,-15.83770166995844,0.7596480502927244,-0.12326760336611642,-0.0011989905698328585
1514,0.36962890625,-15.794788644704967,0.7579793688896171,-0.12302339414742391,-0.001200597239801482
1515,0.369873046875,-15.751875619451498,0.7563106874865098,-0.12277918492873141,-0.001202203909713262
1516,0.37011718749999994,-15.708962594198029,0.7546420060834024,-0.12253497571009575,-0.0012038105796818854
1517,0.370361328125,-15.66604956894455,0.7529733246802947,-0.12229076649140325,-0.0012054172495936655
1518,0.37060546875,-15.623136543691079,0.7513046432771874,-0.12204655727271074,-0.0012070239195054455
1519,0.370849609375,-15.580223518437606,0.7496359618740801,-0.12180234805407508,-0.001208630589474069
1520,0.37109375,-15.537310493184139,0.7479672804709728,-0.12155813883538258,-0.001210237259385849
1521,0.37133789062499994,-15.494397467930668,0.7462985990678656,-0.12131392961669007,-0.0012118439293544725
1522,0.37158203125,-15.451484442677188,0.7446299176647577,-0.12106972039799757,-0.0012134505992662525
1523,0.371826171875,-15.408571417423715,0.7429612362616503,-0.12082551117936191,-0.001215057269234876
1524,0.3720703125,-15.367064038401702,0.7412346012698052,-0.12058273636955619,-0.0012161688803189463
1525,0.372314453125,-15.32590807093755,0.7394934778807757,-0.12034032016191532,-0.0012171567266818784
1526,0.37255859374999994,-15.284752103473396,0.737752354491746,-0.12009790395433129,-0.0012181445731016538
1527,0.372802734375,-15.243596136009232,0.736011231102716,-0.11985548774674726,-0.0012191324194645858
1528,0.373046875,-15.202440168545081,0.7342701077136864,-0.11961307153910639,-0.0012201202658275179
1529,0.373291015625,-15.16128420108093,0.7325289843246567,-0.11937065533152236,-0.0012211081122472933
1530,0.37353515625,-15.120128233616779,0.7307878609356272,-0.11912823912393833,-0.0012220959586102254
1531,0.37377929687499994,-15.078972266152627,0.7290467375465975,-0.11888582291629746,-0.0012230838049731574
1532,0.3740234375,-15.037816298688462,0.7273056141575676,-0.11864340670871343,-0.0012240716513929328
1533,0.374267578125,-14.996660331224312,0.725564490768538,-0.1184009905011294,-0.0012250594977558649
1534,0.37451171875,-14.955504363760157,0.7238233673795084,-0.11815857429348853,-0.001226047344118797
1535,0.374755859375,-14.914348396296004,0.7220822439904788,-0.1179161580859045,-0.0012270351905385724
1536,0.37500000000000006,-14.873192428831844,0.7203411206014487,-0.11767374187826363,-0.0012280230369015044
1537,0.375244140625,-14.832036461367693,0.7185999972124191,-0.1174313256706796,-0.0012290108832644364
1538,0.37548828125,-14.79088049390354,0.7168588738233895,-0.11718890946309557,-0.0012299987296842119
1539,0.375732421875,-14.749724526439387,0.7151177504343599,-0.1169464932554547,-0.001230986576047144
1540,0.3759765625,-14.708568558975237,0.7133766270453303,-0.11670407704787067,-0.001231974422410076
1541,0.37622070312500006,-14.667412591511072,0.7116355036563003,-0.11646166084028664,-0.0012329622688298514
1542,0.37646484375,-14.62625662404692,0.7098943802672707,-0.11621924463264577,-0.0012339501151927834
1543,0.376708984375,-14.58510065658277,0.7081532568782412,-0.11597682842506174,-0.0012349379615557154
1544,0.376953125,-14.543944689118616,0.7064121334892115,-0.11573441221747771,-0.001235925807975491
1545,0.377197265625,-14.502788721654465,0.7046710101001818,-0.11549199600983684,-0.001236913654338423
1546,0.37744140625000006,-14.461632754190303,0.7029298867111519,-0.11524957980225281,-0.001237901500701355
1547,0.377685546875,-14.420476786726148,0.7011887633221222,-0.11500716359466878,-0.0012388893471211304
1548,0.3779296875,-14.379320819261995,0.6994476399330927,-0.11476474738702791,-0.0012398771934840624
1549,0.378173828125,-14.33850496536345,0.6977000282342191,-0.1145226882004522,-0.0012407506265503798
1550,0.37841796875,-14.299049565727323,0.6959264632959689,-0.11428205709779604,-0.0012411664062028649
1551,0.37866210937500006,-14.259594166091189,0.6941528983577183,-0.11404142599519673,-0.0012415821859121934
1552,0.37890625,-14.220138766455063,0.6923793334194681,-0.11380079489254058,-0.0012419979656215219
1553,0.379150390625,-14.180683366818938,0.690605768481218,-0.11356016378988443,-0.0012424137453308504
1554,0.37939453125,-14.141227967182811,0.6888322035429679,-0.11331953268728512,-0.0012428295249833354
1555,0.379638671875,-14.101772567546687,0.6870586386047177,-0.11307890158462897,-0.001243245304692664
1556,0.37988281250000006,-14.06231716791055,0.6852850736664671,-0.11283827048197281,-0.0012436610844019924
1557,0.380126953125,-14.022861768274423,0.6835115087282169,-0.1125976393793735,-0.001244076864111321
1558,0.38037109375,-13.983406368638295,0.6817379437899668,-0.11235700827671735,-0.001244492643763806
1559,0.380615234375,-13.943950969002172,0.6799643788517167,-0.11211637717411804,-0.0012449084234731345
1560,0.380859375,-13.904495569366048,0.6781908139134665,-0.11187574607146189,-0.001245324203182463
1561,0.38110351562500006,-13.86504016972991,0.6764172489752159,-0.11163511496880574,-0.0012457399828917914
1562,0.38134765625,-13.825584770093784,0.6746436840369657,-0.11139448386620643,-0.00124615576260112
1563,0.381591796875,-13.78612937045766,0.6728701190987156,-0.11115385276355028,-0.001246571542253605
1564,0.3818359375,-13.746673970821533,0.6710965541604655,-0.11091322166095097,-0.0012469873219629335
1565,0.382080078125,-13.707218571185406,0.6693229892222153,-0.11067259055829481,-0.001247403101672262
1566,0.38232421875000006,-13.66776317154927,0.6675494242839647,-0.11043195945563866,-0.0012478188813815905
1567,0.382568359375,-13.628307771913146,0.6657758593457145,-0.11019132835303935,-0.0012482346610340755
1568,0.3828125,-13.588852372277021,0.6640022944074644,-0.1099506972503832,-0.001248650440743404
1569,0.383056640625,-13.549396972640894,0.6622287294692143,-0.10971006614772705,-0.0012490662204527325
1570,0.38330078125,-13.50994157300477,0.6604551645309641,-0.10946943504512774,-0.0012494820001052176
1571,0.38354492187500006,-13.470486173368633,0.6586815995927136,-0.10922880394247159,-0.001249897779814546
1572,0.3837890625,-13.431030773732507,0.6569080346544633,-0.10898817283981543,-0.0012503135595238746
1573,0.384033203125,-13.39157537409638,0.6551344697162133,-0.10874754173721612,-0.001250729339233203
1574,0.38427734375,-13.352119974460257,0.6533609047779632,-0.10850691063455997,-0.0012511451189425316
1575,0.384521484375,-13.313647053200995,0.6515866275590826,-0.10826732924402904,-0.0012512459685467547
1576,0.38476562500000006,-13.275829117526296,0.6498118754864479,-0.10802844766152475,-0.0012511368648233656
1577,0.385009765625,-13.238011181851611,0.6480371234138138,-0.1077895660790773,-0.0012510277610999765
1578,0.38525390625,-13.200193246176925,0.6462623713411796,-0.10755068449657301,-0.0012509186573765874
1579,0.385498046875,-13.162375310502236,0.6444876192685456,-0.10731180291406872,-0.0012508095536531982
1580,0.3857421875,-13.12455737482755,0.6427128671959114,-0.10707292133162127,-0.0012507004498729657
1581,0.38598632812500006,-13.086739439152854,0.6409381151232767,-0.10683403974911698,-0.0012505913461495766
1582,0.38623046875,-13.048921503478168,0.6391633630506426,-0.10659515816666953,-0.0012504822424261874
1583,0.386474609375,-13.011103567803481,0.6373886109780084,-0.10635627658416524,-0.0012503731387027983
1584,0.38671875,-12.973285632128794,0.6356138589053743,-0.10611739500166095,-0.0012502640349794092
1585,0.386962890625,-12.935467696454108,0.63383910683274,-0.1058785134192135,-0.00125015493125602
1586,0.38720703125000006,-12.89764976077941,0.6320643547601055,-0.10563963183670921,-0.001250045827532631
1587,0.387451171875,-12.859831825104724,0.6302896026874714,-0.10540075025420492,-0.0012499367238092418
1588,0.3876953125,-12.822013889430039,0.6285148506148373,-0.10516186867175747,-0.0012498276200290093
1589,0.387939453125,-12.784195953755352,0.6267400985422031,-0.10492298708925318,-0.0012497185163056201
1590,0.38818359375,-12.746378018080664,0.6249653464695689,-0.10468410550674889,-0.001249609412582231
1591,0.38842773437500006,-12.708560082405967,0.6231905943969342,-0.10444522392430144,-0.0012495003088588419
1592,0.388671875,-12.670742146731282,0.6214158423243,-0.10420634234179715,-0.0012493912051354528
1593,0.388916015625,-12.632924211056595,0.6196410902516659,-0.10396746075929286,-0.0012492821014120636
1594,0.38916015625,-12.595106275381909,0.6178663381790318,-0.10372857917684541,-0.0012491729976886745
1595,0.389404296875,-12.557288339707222,0.6160915861063976,-0.10348969759434112,-0.0012490638939652854
1596,0.38964843750000006,-12.519470404032525,0.614316834033763,-0.10325081601189368,-0.0012489547901850528
1597,0.389892578125,-12.481652468357838,0.6125420819611289,-0.10301193442938938,-0.0012488456864616637
1598,0.39013671875,-12.443834532683152,0.6107673298884948,-0.1027730528468851,-0.0012487365827382746
1599,0.390380859375,-12.406016597008467,0.6089925778158606,-0.10253417126443765,-0.0012486274790148855
1600,0.390625,-12.368198661333778,0.6072178257432265,-0.10229528968193335,-0.0012485183752914963
1601,0.39086914062500006,-12.331949270122832,0.6054654996633081,-0.1020580994050988,-0.0012479309456807641
1602,0.39111328125,-12.295699878911897,0.6037131735833902,-0.10182090912826425,-0.001247343516070032
1603,0.391357421875,-12.259450487700962,0.6019608475034725,-0.1015837188514297,-0.0012467560864592997
1604,0.3916015625,-12.223201096490028,0.6002085214235547,-0.10134652857459514,-0.0012461686568485675
1605,0.391845703125,-12.186951705279093,0.5984561953436368,-0.10110933829776059,-0.0012455812272378353
1606,0.39208984375000006,-12.150702314068148,0.5967038692637184,-0.10087214802092603,-0.0012449937975702596
1607,0.392333984375,-12.114452922857211,0.5949515431838006,-0.10063495774409148,-0.0012444063679595274
1608,0.392578125,-12.078203531646277,0.5931992171038828,-0.10039776746731377,-0.0012438189383487952
1609,0.392822265625,-12.041954140435342,0.591446891023965,-0.10016057719047922,-0.001243231508738063
1610,0.39306640625,-12.005704749224407,0.5896945649440473,-0.09992338691364466,-0.0012426440791273308
1611,0.39331054687500006,-11.969455358013462,0.5879422388641289,-0.09968619663681011,-0.0012420566495165986
1612,0.3935546875,-11.933205966802527,0.5861899127842111,-0.09944900635997556,-0.0012414692199058663
1613,0.393798828125,-11.89695657559159,0.5844375867042932,-0.099211816083141,-0.0012408817902951341
1614,0.39404296875,-11.860707184380654,0.5826852606243753,-0.09897462580630645,-0.001240294360684402
1615,0.394287109375,-11.824457793169719,0.5809329345444575,-0.0987374355294719,-0.0012397069310736697
1616,0.39453125000000006,-11.788208401958777,0.5791806084645392,-0.09850024525263734,-0.001239119501406094
1617,0.394775390625,-11.751959010747841,0.5774282823846215,-0.09826305497580279,-0.0012385320717953618
1618,0.39501953125,-11.715709619536906,0.5756759563047036,-0.09802586469896823,-0.0012379446421846296
1619,0.395263671875,-11.679460228325969,0.5739236302247858,-0.09778867442213368,-0.0012373572125738974
1620,0.3955078125,-11.643210837115035,0.5721713041448678,-0.09755148414529913,-0.0012367697829631652
1621,0.39575195312500006,-11.606961445904089,0.5704189780649496,-0.09731429386846457,-0.001236182353352433
1622,0.39599609375,-11.570712054693153,0.5686666519850317,-0.09707710359168686,-0.0012355949237417008
1623,0.396240234375,-11.53446266348222,0.566914325905114,-0.09683991331485231,-0.0012350074941309686
1624,0.396484375,-11.498213272271284,0.5651619998251961,-0.09660272303801776,-0.0012344200645202363
1625,0.396728515625,-11.461963881060347,0.5634096737452784,-0.0963655327611832,-0.0012338326349095041
1626,0.39697265625000006,-11.426312317863994,0.561673140235426,-0.09612898854163632,-0.0012330719306419269
1627,0.397216796875,-11.391557496689535,0.5599602955806736,-0.09589341340802093,-0.001232051314502769
1628,0.3974609375,-11.356802675515075,0.5582474509259209,-0.0956578382743487,-0.0012310306983067676
1629,0.397705078125,-11.322047854340617,0.5565346062711685,-0.09542226314073332,-0.0012300100821676097
1630,0.39794921875,-11.28729303316616,0.5548217616164158,-0.09518668800711794,-0.0012289894659716083
1631,0.39819335937500006,-11.252538211991691,0.5531089169616628,-0.09495111287350255,-0.0012279688498324504
1632,0.3984375,-11.217783390817234,0.5513960723069101,-0.09471553773988717,-0.001226948233636449
1633,0.398681640625,-11.183028569642774,0.5496832276521576,-0.09447996260627178,-0.0012259276174404476
1634,0.39892578125,-11.148273748468316,0.5479703829974051,-0.0942443874726564,-0.0012249070013012897
1635,0.399169921875,-11.113518927293859,0.5462575383426524,-0.09400881233904101,-0.0012238863851052884
1636,0.39941406250000006,-11.07876410611939,0.5445446936878994,-0.09377323720536879,-0.0012228657689661304
1637,0.399658203125,-11.044009284944933,0.5428318490331469,-0.0935376620717534,-0.001221845152770129
1638,0.39990234375,-11.009254463770473,0.5411190043783942,-0.09330208693813802,-0.0012208245366309711
1639,0.400146484375,-10.974499642596014,0.5394061597236417,-0.09306651180452263,-0.0012198039204349698
1640,0.400390625,-10.939744821421556,0.5376933150688891,-0.09283093667090725,-0.0012187833042958118
1641,0.40063476562500006,-10.904990000247086,0.535980470414136,-0.09259536153729186,-0.0012177626880998105
1642,0.40087890625,-10.870235179072628,0.5342676257593835,-0.09235978640367648,-0.0012167420719606525
1643,0.401123046875,-10.835480357898168,0.532554781104631,-0.0921242112700611,-0.0012157214557646512
1644,0.4013671875,-10.80072553672371,0.5308419364498782,-0.09188863613638887,-0.0012147008396254932
1645,0.401611328125,-10.765970715549255,0.5291290917951258,-0.09165306100277348,-0.0012136802234294919
1646,0.40185546875000006,-10.731215894374785,0.5274162471403727,-0.0914174858691581,-0.001212659607290334
1647,0.402099609375,-10.696461073200327,0.5257034024856201,-0.09118191073554271,-0.0012116389910943326
1648,0.40234375,-10.661706252025867,0.5239905578308676,-0.09094633560192733,-0.0012106183748983312
1649,0.402587890625,-10.62695143085141,0.5222777131761149,-0.09071076046831195,-0.0012095977587591733
1650,0.40283203125,-10.59219660967695,0.5205648685213623,-0.09047518533469656,-0.001208577142563172
1651,0.40307617187500006,-10.557441788502484,0.5188520238666093,-0.09023961020108118,-0.001207556526424014
1652,0.4033203125,-10.523819974836798,0.5171799900375977,-0.090005255293363,-0.0012062238828320915
1653,0.403564453125,-10.490481413048306,0.5155181589150214,-0.08977120544216177,-0.0012048132323343452
1654,0.40380859375,-10.457142851259812,0.5138563277924452,-0.08953715559096054,-0.0012034025818934424
1655,0.404052734375,-10.423804289471322,0.5121944966698687,-0.0893031057397593,-0.0012019919313956962
1656,0.40429687500000006,-10.390465727682821,0.510532665547292,-0.08906905588855807,-0.0012005812809547933
1657,0.404541015625,-10.357127165894328,0.5088708344247156,-0.08883500603735683,-0.001199170630457047
1658,0.40478515625,-10.323788604105836,0.5072090033021392,-0.0886009561861556,-0.0011977599800161443
1659,0.405029296875,-10.290450042317342,0.505547172179563,-0.08836690633489752,-0.001196349329518398
1660,0.4052734375,-10.25711148052885,0.5038853410569867,-0.08813285648369629,-0.0011949386790774952
1661,0.40551757812500006,-10.22377291874035,0.5022235099344099,-0.08789880663249505,-0.001193528028579749
1662,0.40576171875,-10.190434356951858,0.5005616788118336,-0.08766475678129382,-0.001192117378138846
1663,0.406005859375,-10.157095795163364,0.4988998476892572,-0.08743070693009258,-0.0011907067276410999
1664,0.40625,-10.123757233374873,0.49723801656668093,-0.08719665707889135,-0.001189296077200197
1665,0.406494140625,-10.090418671586383,0.49557618544410453,-0.08696260722769011,-0.0011878854267592942
1666,0.40673828125000006,-10.05708010979788,0.4939143543215278,-0.08672855737648888,-0.001186474776261548
1667,0.406982421875,-10.023741548009388,0.4922525231989514,-0.08649450752528764,-0.0011850641258206451
1668,0.4072265625,-9.990402986220897,0.4905906920763751,-0.08626045767408641,-0.0011836534753228989
1669,0.407470703125,-9.957064424432403,0.4889288609537988,-0.08602640782288518,-0.001182242824881996
1670,0.40771484375,-9.923725862643911,0.4872670298312225,-0.0857923579716271,-0.0011808321743842498
1671,0.40795898437500006,-9.89038730085541,0.48560519870864566,-0.08555830812042586,-0.001179421523943347
1672,0.408203125,-9.857048739066917,0.48394336758606926,-0.08532425826922463,-0.0011780108734456007
1673,0.408447265625,-9.823710177278425,0.48228153646349303,-0.0850902084180234,-0.001176600223004698
1674,0.40869140625,-9.790371615489935,0.48061970534091664,-0.08485615856682216,-0.0011751895725069517
1675,0.408935546875,-9.757033053701441,0.47895787421834035,-0.08462210871562093,-0.0011737789220660488
1676,0.40917968750000006,-9.72369449191294,0.4772960430957635,-0.08438805886441969,-0.0011723682715683026
1677,0.409423828125,-9.690622787070192,0.475645809329025,-0.08415429411360265,-0.0011708877713658694
1678,0.40966796875,-9.65861851001042,0.47404196498563766,-0.0839216697643792,-0.0011691278721741583
1679,0.409912109375,-9.626614232950647,0.47243812064225027,-0.08368904541509892,-0.001167367972982447
1680,0.41015625,-9.594609955890876,0.470834276298863,-0.08345642106587547,-0.001165608073790736
1681,0.41040039062500006,-9.562605678831096,0.46923043195547515,-0.08322379671659519,-0.0011638481745421814
1682,0.41064453125,-9.530601401771325,0.4676265876120879,-0.08299117236737175,-0.0011620882753504702
1683,0.410888671875,-9.498597124711551,0.46602274326870047,-0.0827585480181483,-0.001160328376158759
1684,0.4111328125,-9.466592847651782,0.46441889892531313,-0.08252592366886802,-0.001158568476967048
1685,0.411376953125,-9.434588570592009,0.4628150545819259,-0.08229329931964458,-0.0011568085777184933
1686,0.41162109375000006,-9.402584293532227,0.461211210238538,-0.08206067497036429,-0.0011550486785267822
1687,0.411865234375,-9.370580016472458,0.4596073658951508,-0.08182805062114085,-0.001153288779335071
1688,0.412109375,-9.338575739412686,0.4580035215517634,-0.0815954262719174,-0.0011515288801433599
1689,0.412353515625,-9.306571462352913,0.456399677208376,-0.08136280192263712,-0.0011497689809516487
1690,0.41259765625,-9.274567185293142,0.45479583286498876,-0.08113017757341368,-0.0011480090817030941
1691,0.41284179687500006,-9.242562908233362,0.4531919885216009,-0.08089755322413339,-0.001146249182511383
1692,0.4130859375,-9.210558631173589,0.45158814417821364,-0.08066492887490995,-0.0011444892833196718
1693,0.413330078125,-9.178554354113817,0.44998429983482624,-0.0804323045256865,-0.0011427293841279607
1694,0.41357421875,-9.146550077054044,0.4483804554914389,-0.08019968017640622,-0.001140969484879406
1695,0.413818359375,-9.114545799994275,0.4467766111480516,-0.07996705582718278,-0.001139209585687695
1696,0.41406250000000006,-9.082541522934493,0.4451727668046638,-0.07973443147790249,-0.0011374496864959838
1697,0.414306640625,-9.050537245874722,0.44356892246127644,-0.07950180712867905,-0.0011356897873042726
1698,0.41455078125,-9.01853296881495,0.4419650781178891,-0.0792691827794556,-0.0011339298881125615
1699,0.414794921875,-8.98652869175518,0.44036123377450176,-0.07903655843017532,-0.0011321699888640069
1700,0.4150390625,-8.954524414695406,0.4387573894311145,-0.07880393408095188,-0.0011304100896722957
1701,0.41528320312500006,-8.922520137635624,0.43715354508772664,-0.07857130973172843,-0.0011286501904805846
1702,0.41552734375,-8.890515860575855,0.4355497007443393,-0.07833868538244815,-0.0011268902912888734
1703,0.415771484375,-8.859261144056203,0.4339826252359328,-0.07810685248841764,-0.0011249437607148138
1704,0.416015625,-8.8285061345633,0.4324400622841802,-0.07787554723125822,-0.0011228728093328755
1705,0.416259765625,-8.797751125070397,0.4308974993324276,-0.07764424197404196,-0.0011208018578940937
1706,0.41650390625000006,-8.766996115577486,0.4293549363806745,-0.07741293671688254,-0.0011187309065121553
1707,0.416748046875,-8.736241106084583,0.42781237342892187,-0.07718163145966628,-0.0011166599550733736
1708,0.4169921875,-8.70548609659168,0.4262698104771693,-0.07695032620250686,-0.0011145890036914352
1709,0.417236328125,-8.674731087098776,0.42472724752541663,-0.0767190209452906,-0.0011125180522526534
1710,0.41748046875,-8.643976077605872,0.423184684573664,-0.07648771568813117,-0.001110447100870715
1711,0.41772460937500006,-8.613221068112962,0.4216421216219109,-0.07625641043091491,-0.0011083761494319333
1712,0.41796875,-8.582466058620057,0.42009955867015825,-0.07602510517375549,-0.001106305198049995
1713,0.418212890625,-8.551711049127153,0.41855699571840566,-0.07579379991653923,-0.0011042342466112132
1714,0.41845703125,-8.520956039634251,0.417014432766653,-0.07556249465937981,-0.0011021632952292748
1715,0.418701171875,-8.490201030141348,0.41547186981490036,-0.07533118940216355,-0.001100092343790493
1716,0.41894531250000006,-8.459446020648436,0.4139293068631474,-0.07509988414494728,-0.0010980213923517113
1717,0.419189453125,-8.428691011155532,0.41238674391139474,-0.07486857888778786,-0.001095950440969773
1718,0.41943359375,-8.39793600166263,0.41084418095964204,-0.0746372736305716,-0.0010938794895309911
1719,0.419677734375,-8.367180992169727,0.40930161800788945,-0.07440596837341218,-0.0010918085381490528
1720,0.419921875,-8.336425982676824,0.4077590550561368,-0.07417466311619592,-0.001089737586710271
1721,0.42016601562500006,-8.305670973183911,0.40621649210438376,-0.0739433578590365,-0.0010876666353283326
1722,0.42041015625,-8.27491596369101,0.4046739291526312,-0.07371205260182023,-0.0010855956838895509
1723,0.420654296875,-8.244160954198104,0.4031313662008785,-0.07348074734466081,-0.0010835247325076125
1724,0.4208984375,-8.213405944705201,0.4015888032491259,-0.07324944208744455,-0.0010814537810688307
1725,0.421142578125,-8.182650935212298,0.40004624029737323,-0.07301813683028513,-0.0010793828296868924
1726,0.42138671875000006,-8.151895925719385,0.39850367734562014,-0.07278683157306887,-0.0010773118782481106
1727,0.421630859375,-8.121140916226484,0.39696111439386755,-0.07255552631590945,-0.0010752409268661722
1728,0.421875,-8.09038590673358,0.3954185514421149,-0.07232422105869318,-0.0010731699754273905
1729,0.422119140625,-8.06079267224461,0.39393767290139264,-0.0720941246549387,-0.0010708234847811582
1730,0.42236328125,-8.031199437755639,0.3924567943606705,-0.07186402825124105,-0.0010684769941917693
1731,0.42260742187500006,-8.001606203266661,0.39097591581994784,-0.07163393184748656,-0.001066130503545537
1732,0.4228515625,-7.97201296877769,0.3894950372792256,-0.07140383544378892,-0.0010637840128993048
1733,0.423095703125,-7.94241973428872,0.3880141587385033,-0.07117373904003443,-0.0010614375222530725
1734,0.42333984375,-7.91282649979975,0.386533280197781,-0.07094364263633679,-0.0010590910316636837
1735,0.423583984375,-7.883233265310779,0.38505240165705884,-0.0707135462325823,-0.0010567445410174514
1736,0.42382812500000006,-7.853640030821801,0.3835715231163362,-0.07048344982882782,-0.0010543980503712191
1737,0.424072265625,-7.824046796332831,0.3820906445756139,-0.07025335342513017,-0.0010520515597249869
1738,0.42431640625,-7.79445356184386,0.38060976603489166,-0.07002325702137568,-0.001049705069135598
1739,0.424560546875,-7.76486032735489,0.37912888749416945,-0.06979316061767804,-0.0010473585784893658
1740,0.4248046875,-7.73526709286592,0.3776480089534472,-0.06956306421392355,-0.0010450120878431335
1741,0.42504882812500006,-7.705673858376941,0.37616713041272454,-0.06933296781016907,-0.0010426655972537446
1742,0.42529296875,-7.67608062388797,0.37468625187200233,-0.06910287140647142,-0.0010403191066075124
1743,0.425537109375,-7.646487389399001,0.37320537333128,-0.06887277500271693,-0.00103797261596128
1744,0.42578125,-7.61689415491003,0.3717244947905578,-0.06864267859901929,-0.0010356261253150478
1745,0.426025390625,-7.587300920421059,0.37024361624983554,-0.0684125821952648,-0.001033279634725659
1746,0.42626953125000006,-7.5577076859320815,0.3687627377091129,-0.06818248579156716,-0.0010309331440794267
1747,0.426513671875,-7.528114451443111,0.3672818591683907,-0.06795238938781267,-0.0010285866534331944
1748,0.4267578125,-7.49852121695414,0.3658009806276684,-0.06772229298405819,-0.0010262401627869622
1749,0.427001953125,-7.4689279824651695,0.3643201020869462,-0.06749219658036054,-0.0010238936721975733
1750,0.42724609375,-7.4393347479762,0.36283922354622394,-0.06726210017660605,-0.001021547181551341
1751,0.42749023437500006,-7.409741513487221,0.3613583450055013,-0.06703200377290841,-0.0010192006909051088
1752,0.427734375,-7.38014827899825,0.35987746646477903,-0.06680190736915392,-0.00101685420031572
1753,0.427978515625,-7.35055504450928,0.3583965879240569,-0.06657181096545628,-0.0010145077096694877
1754,0.42822265625,-7.321390736744526,0.3569396634690691,-0.06634215340540095,-0.0010120641380240158
1755,0.428466796875,-7.292869819066093,0.35551867014268324,-0.06611315411083751,-0.0010094749449649498
1756,0.42871093750000006,-7.264348901387653,0.35409767681629695,-0.06588415481627408,-0.0010068857518490404
1757,0.428955078125,-7.235827983709221,0.35267668348991105,-0.06565515552176748,-0.0010042965587899744
1758,0.42919921875,-7.20730706603079,0.3512556901635251,-0.06542615622720405,-0.001001707365674065
1759,0.429443359375,-7.178786148352357,0.34983469683713925,-0.06519715693264061,-0.000999118172614999
1760,0.4296875,-7.150265230673925,0.34841370351075335,-0.06496815763813402,-0.0009965289794990895
1761,0.42993164062500006,-7.121744312995485,0.34699271018436706,-0.06473915834357058,-0.00099393978638318
1762,0.43017578125,-7.093223395317053,0.3455717168579811,-0.06451015904900714,-0.000991350593324114
1763,0.430419921875,-7.064702477638622,0.34415072353159526,-0.0642811597544437,-0.0009887614002082046
1764,0.4306640625,-7.0361815599601885,0.34272973020520936,-0.06405216045993711,-0.0009861722071491386
1765,0.430908203125,-7.007660642281757,0.34130873687882346,-0.06382316116537368,-0.0009835830140332291
1766,0.43115234375000006,-6.979139724603317,0.33988774355243717,-0.06359416187081024,-0.000980993820974163
1767,0.431396484375,-6.9506188069248855,0.33846675022605127,-0.06336516257630365,-0.0009784046278582537
1768,0.431640625,-6.922097889246452,0.3370457568996654,-0.06313616328174021,-0.0009758154347991876
1769,0.431884765625,-6.89357697156802,0.3356247635732795,-0.06290716398717677,-0.0009732262416832782
1770,0.43212890625,-6.865056053889588,0.3342037702468936,-0.06267816469267018,-0.0009706370485673688
1771,0.43237304687500006,-6.8365351362111495,0.3327827769205073,-0.06244916539810674,-0.0009680478555083027
1772,0.4326171875,-6.808014218532717,0.33136178359412144,-0.062220166103543306,-0.0009654586623923933
1773,0.432861328125,-6.779493300854285,0.32994079026773554,-0.06199116680903671,-0.0009628694693333273
1774,0.43310546875,-6.750972383175853,0.3285197969413496,-0.061762167514473276,-0.0009602802762174178
1775,0.433349609375,-6.722451465497421,0.32709880361496374,-0.06153316821990984,-0.0009576910831583518
1776,0.43359375000000006,-6.69393054781898,0.32567781028857745,-0.061304168925403246,-0.0009551018900424424
1777,0.433837890625,-6.665409630140548,0.32425681696219155,-0.06107516963083981,-0.000952512696926533
1778,0.43408203125,-6.636888712462116,0.3228358236358056,-0.06084617033627637,-0.0009499235038674669
1779,0.434326171875,-6.608367794783684,0.3214148303094197,-0.06061717104176978,-0.0009473343107515575
1780,0.4345703125,-6.580631951823435,0.32003901665591167,-0.06038896032754337,-0.0009445751529710833
1781,0.43481445312500006,-6.553092377542723,0.3186744979206228,-0.06016094675845807,-0.0009417735039392028
1782,0.43505859375,-6.525552803262019,0.31730997918533416,-0.05993293318937276,-0.0009389718549641657
1783,0.435302734375,-6.498013228981316,0.3159454604500456,-0.059704919620287455,-0.0009361702059891286
1784,0.435546875,-6.470473654700611,0.3145809417147571,-0.05947690605120215,-0.0009333685570140915
1785,0.435791015625,-6.442934080419907,0.3132164229794685,-0.05924889248206,-0.000930566907982211
1786,0.43603515625000006,-6.4153945061391955,0.3118519042441795,-0.059020878912974695,-0.0009277652590071739
1787,0.436279296875,-6.387854931858492,0.310487385508891,-0.05879286534388939,-0.0009249636100321368
1788,0.4365234375,-6.360315357577788,0.30912286677360234,-0.05856485177480408,-0.0009221619610002563
1789,0.436767578125,-6.332775783297085,0.3077583480383138,-0.05833683820571878,-0.0009193603120252192
1790,0.43701171875,-6.305236209016381,0.3063938293030252,-0.05810882463657663,-0.0009165586630501821
1791,0.43725585937500006,-6.277696634735669,0.3050293105677363,-0.05788081106749132,-0.0009137570140183016
1792,0.4375,-6.250157060454965,0.3036647918324477,-0.057652797498406017,-0.0009109553650432645
1793,0.437744140625,-6.2226174861742605,0.3023002730971592,-0.05742478392932071,-0.0009081537160682274
1794,0.43798828125,-6.195077911893557,0.3009357543618706,-0.057196770360235405,-0.0009053520670363469
1795,0.438232421875,-6.167538337612854,0.299571235626582,-0.056968756791093256,-0.0009025504180613098
1796,0.43847656250000006,-6.139998763332142,0.2982067168912931,-0.05674074322200795,-0.0008997487690862727
1797,0.438720703125,-6.112459189051438,0.2968421981560045,-0.056512729652922644,-0.0008969471200543921
1798,0.43896484375,-6.084919614770734,0.2954776794207159,-0.05628471608383734,-0.000894145471079355
1799,0.439208984375,-6.05738004049003,0.2941131606854273,-0.05605670251475203,-0.000891343822104318
1800,0.439453125,-6.029840466209326,0.2927486419501388,-0.05582868894560988,-0.0008885421731292809
1801,0.43969726562500006,-6.0023008919286145,0.2913841232148498,-0.05560067537652458,-0.0008857405240974003
1802,0.43994140625,-5.974761317647911,0.29001960447956127,-0.05537266180743927,-0.0008829388751223632
1803,0.440185546875,-5.947221743367206,0.2886550857442727,-0.055144648238353966,-0.0008801372261473261
1804,0.4404296875,-5.919682169086502,0.28729056700898414,-0.05491663466926866,-0.0008773355771154456
1805,0.440673828125,-5.892320443768118,0.2859364376433281,-0.05468879632798007,-0.0008744969971985483
1806,0.44091796875000006,-5.865670114299007,0.28462386575620174,-0.05446165889821941,-0.0008715106935710537
1807,0.441162109375,-5.839019784829903,0.28331129386907583,-0.05423452146840191,-0.0008685243898867157
1808,0.44140625,-5.8123694553608,0.28199872198194986,-0.05400738403864125,-0.000865538086259221
1809,0.441650390625,-5.785719125891696,0.28068615009482395,-0.053780246608823745,-0.000862551782574883
1810,0.44189453125,-5.759068796422592,0.27937357820769804,-0.05355310917900624,-0.0008595654789473883
1811,0.44213867187500006,-5.73241846695348,0.2780610063205717,-0.05332597174924558,-0.0008565791752630503
1812,0.4423828125,-5.705768137484377,0.27674843443344577,-0.05309883431942808,-0.0008535928716355556
1813,0.442626953125,-5.679117808015272,0.2754358625463198,-0.052871696889610575,-0.0008506065679512176
1814,0.44287109375,-5.652467478546169,0.27412329065919383,-0.052644559459849916,-0.000847620264323723
1815,0.443115234375,-5.625817149077066,0.2728107187720679,-0.05241742203003241,-0.0008446339606962283
1816,0.44335937500000006,-5.599166819607954,0.2714981468849416,-0.05219028460021491,-0.0008416476570118903
1817,0.443603515625,-5.57251649013885,0.2701855749978157,-0.05196314717045425,-0.0008386613533843956
1818,0.44384765625,-5.545866160669746,0.26887300311068973,-0.051736009740636746,-0.0008356750497000576
1819,0.444091796875,-5.519215831200643,0.2675604312235638,-0.05150887231081924,-0.0008326887460725629
1820,0.4443359375,-5.492565501731538,0.2662478593364379,-0.05128173488105858,-0.0008297024423882249
1821,0.44458007812500006,-5.465915172262427,0.26493528744931155,-0.05105459745124108,-0.0008267161387607302
1822,0.44482421875,-5.439264842793324,0.26362271556218564,-0.050827460021423576,-0.0008237298350763922
1823,0.445068359375,-5.41261451332422,0.26231014367505967,-0.050600322591662916,-0.0008207435314488976
1824,0.4453125,-5.3859641838551156,0.26099757178793376,-0.05037318516184541,-0.0008177572278214029
1825,0.445556640625,-5.359313854386012,0.25968499990080784,-0.05014604773202791,-0.0008147709241370649
1826,0.44580078125000006,-5.332663524916901,0.2583724280136815,-0.04991891030226725,-0.0008117846205095702
1827,0.446044921875,-5.306013195447797,0.2570598561265556,-0.049691772872449747,-0.0008087983168252322
1828,0.4462890625,-5.279362865978693,0.25574728423942966,-0.04946463544263224,-0.0008058120131977375
1829,0.446533203125,-5.2527125365095895,0.2544347123523037,-0.04923749801287158,-0.0008028257095133995
1830,0.44677734375,-5.226062207040486,0.2531221404651777,-0.04901036058305408,-0.0007998394058859049
1831,0.44702148437500006,-5.199889688066236,0.2518375910362863,-0.048783684787622406,-0.0007967576353280492
1832,0.447265625,-5.1740357094219025,0.25057172324621846,-0.048557316748485846,-0.0007936122201499529
1833,0.447509765625,-5.148181730777569,0.24930585545615064,-0.04833094870929244,-0.0007904668049718566
1834,0.44775390625,-5.122327752133237,0.2480399876660828,-0.04810458067009904,-0.0007873213897937603
1835,0.447998046875,-5.096473773488904,0.24677411987601497,-0.04787821263096248,-0.000784175974615664
1836,0.44824218750000006,-5.070619794844563,0.24550825208594682,-0.04765184459176908,-0.0007810305594375677
1837,0.448486328125,-5.04476581620023,0.24424238429587894,-0.04742547655263252,-0.0007778851442594714
1838,0.44873046875,-5.018911837555897,0.2429765165058111,-0.047199108513439114,-0.0007747397290813751
1839,0.448974609375,-4.9930578589115635,0.2417106487157433,-0.04697274047424571,-0.0007715943139032788
1840,0.44921875,-4.96720388026723,0.24044478092567545,-0.04674637243510915,-0.0007684488987820259
1841,0.44946289062500006,-4.94134990162289,0.23917891313560724,-0.04652000439591575,-0.0007653034836039296
1842,0.44970703125,-4.915495922978557,0.23791304534553942,-0.04629363635677919,-0.0007621580684258333
1843,0.449951171875,-4.889641944334223,0.23664717755547154,-0.046067268317585786,-0.000759012653247737
1844,0.4501953125,-4.86378796568989,0.23538130976540378,-0.04584090027839238,-0.0007558672380696407
1845,0.450439453125,-4.837933987045558,0.2341154419753359,-0.04561453223925582,-0.0007527218228915444
1846,0.45068359375000006,-4.8120800084012165,0.23284957418526772,-0.04538816420006242,-0.0007495764077134481
1847,0.450927734375,-4.786226029756883,0.23158370639519987,-0.04516179616086902,-0.0007464309925353518
1848,0.451171875,-4.76037205111255,0.23031783860513205,-0.04493542812173246,-0.0007432855773572555
1849,0.451416015625,-4.734518072468217,0.2290519708150642,-0.044709060082539054,-0.0007401401621791592
1850,0.45166015625,-4.708664093823884,0.22778610302499638,-0.044482692043402494,-0.0007369947470010629
1851,0.45190429687500006,-4.682810115179543,0.22652023523492817,-0.04425632400420909,-0.00073384933187981
1852,0.4521484375,-4.65695613653521,0.22525436744486038,-0.04402995596501569,-0.0007307039167017138
1853,0.452392578125,-4.631102157890877,0.22398849965479253,-0.04380358792587913,-0.0007275585015236175
1854,0.45263671875,-4.6052481792465425,0.22272263186472466,-0.043577219886685725,-0.0007244130863455212
1855,0.452880859375,-4.57939420060221,0.2214567640746569,-0.043350851847549166,-0.0007212676711674249
1856,0.45312500000000006,-4.553540221957871,0.22019089628458868,-0.04312448380835576,-0.0007181222559893286
1857,0.453369140625,-4.528389175479366,0.2189660908088947,-0.04289878192639662,-0.000714841230148977
1858,0.45361328125,-4.503238129000861,0.21774128533320072,-0.04267308004449433,-0.0007115602043086255
1859,0.453857421875,-4.478087082522358,0.21651647985750672,-0.04244737816253519,-0.0007082791785251175
1860,0.4541015625,-4.452936036043854,0.21529167438181276,-0.04222167628057605,-0.000704998152684766
1861,0.45434570312500006,-4.4277849895653425,0.21406686890611842,-0.04199597439867375,-0.0007017171268444145
1862,0.45458984375,-4.4026339430868395,0.21284206343042447,-0.04177027251671461,-0.000698436101004063
1863,0.454833984375,-4.377482896608336,0.21161725795473046,-0.04154457063475547,-0.0006951550751637114
1864,0.455078125,-4.352331850129832,0.21039245247903648,-0.041318868752796334,-0.0006918740493802034
1865,0.455322265625,-4.327180803651328,0.2091676470033425,-0.04109316687089404,-0.0006885930235398519
1866,0.45556640625000006,-4.302029757172817,0.20794284152764816,-0.0408674649889349,-0.0006853119976995004
1867,0.455810546875,-4.276878710694312,0.2067180360519542,-0.04064176310697576,-0.0006820309718591488
1868,0.4560546875,-4.251727664215809,0.2054932305762602,-0.04041606122507346,-0.0006787499460187973
1869,0.456298828125,-4.2265766177373045,0.20426842510056623,-0.040190359343114324,-0.0006754689202352893
1870,0.45654296875,-4.201425571258801,0.20304361962487225,-0.039964657461155184,-0.0006721878943949378
1871,0.45678710937500006,-4.176274524780291,0.20181881414917793,-0.03973895557925289,-0.0006689068685545863
1872,0.45703125,-4.151123478301787,0.20059400867348393,-0.03951325369729375,-0.0006656258427142348
1873,0.457275390625,-4.125972431823282,0.19936920319778997,-0.03928755181533461,-0.0006623448168738832
1874,0.45751953125,-4.100821385344779,0.198144397722096,-0.03906184993337547,-0.0006590637910903752
1875,0.457763671875,-4.075670338866274,0.19691959224640201,-0.038836148051473174,-0.0006557827652500237
1876,0.45800781250000006,-4.050519292387763,0.19569478677070767,-0.038610446169514034,-0.0006525017394096722
1877,0.458251953125,-4.02536824590926,0.1944699812950137,-0.038384744287554895,-0.0006492207135693207
1878,0.45849609375,-4.000217199430756,0.19324517581931971,-0.0381590424056526,-0.0006459396877289691
1879,0.458740234375,-3.9750661529522517,0.19202037034362573,-0.03793334052369346,-0.0006426586619454611
1880,0.458984375,-3.9499151064737483,0.19079556486793173,-0.03770763864173432,-0.0006393776361051096
1881,0.45922851562500006,-3.9247640599952374,0.18957075939223741,-0.037481936759832024,-0.0006360966102647581
1882,0.45947265625,-3.899856694675439,0.18836005736265854,-0.03725646159449525,-0.0006327700170345452
1883,0.459716796875,-3.8753148510937003,0.18717051050225234,-0.037031326504006756,-0.0006293750727763836
1884,0.4599609375,-3.8507730075119624,0.18598096364184616,-0.03680619141357511,-0.000625980128518222
1885,0.460205078125,-3.8262311639302236,0.18479141678143993,-0.03658105632314346,-0.0006225851842032171
1886,0.46044921875000006,-3.8016893203484785,0.18360186992103342,-0.03635592123271181,-0.0006191902399450555
1887,0.460693359375,-3.7771474767667397,0.18241232306062719,-0.03613078614228016,-0.0006157952956300505
1888,0.4609375,-3.7526056331850004,0.18122277620022095,-0.03590565105184851,-0.000612400351371889
1889,0.461181640625,-3.728063789603262,0.18003322933981478,-0.03568051596141686,-0.0006090054071137274
1890,0.46142578125,-3.703521946021523,0.17884368247940857,-0.035455380870928366,-0.0006056104627987224
1891,0.46166992187500006,-3.678980102439778,0.17765413561900203,-0.035230245780496716,-0.0006022155185405609
1892,0.4619140625,-3.6544382588580393,0.17646458875859583,-0.03500511069006507,-0.0005988205742255559
1893,0.462158203125,-3.629896415276301,0.17527504189818963,-0.03477997559963342,-0.0005954256299673943
1894,0.46240234375,-3.605354571694562,0.1740854950377834,-0.03455484050920177,-0.0005920306857092328
1895,0.462646484375,-3.5808127281128237,0.1728959481773772,-0.03432970541877012,-0.0005886357413942278
1896,0.46289062500000006,-3.556270884531078,0.17170640131697068,-0.03410457032833847,-0.0005852407971360662
1897,0.463134765625,-3.531729040949339,0.17051685445656448,-0.03387943523790682,-0.0005818458528210613
1898,0.46337890625,-3.5071871973676005,0.16932730759615827,-0.033654300147418326,-0.0005784509085628997
1899,0.463623046875,-3.4826453537858617,0.16813776073575204,-0.033429165056986676,-0.0005750559643047382
1900,0.4638671875,-3.4581035102041238,0.16694821387534584,-0.033204029966555026,-0.0005716610199897332
1901,0.46411132812500006,-3.433561666622378,0.1657586670149393,-0.03297889487612338,-0.0005682660757315716
1902,0.46435546875,-3.40901982304064,0.1645691201545331,-0.03275375978569173,-0.0005648711314165666
1903,0.464599609375,-3.384477979458901,0.16337957329412692,-0.03252862469526008,-0.0005614761871584051
1904,0.46484375,-3.3599361358771627,0.16219002643372066,-0.03230348960482843,-0.0005580812428434001
1905,0.465087890625,-3.335394292295424,0.16100047957331448,-0.032078354514339935,-0.0005546862985852385
1906,0.46533203125000006,-3.3108524487136783,0.15981093271290794,-0.031853219423908286,-0.000551291354327077
1907,0.465576171875,-3.28631060513194,0.1586213858525017,-0.031628084333476636,-0.000547896410012072
1908,0.4658203125,-3.2621810206849426,0.15745540660570695,-0.03140332632966647,-0.0005444264323273273
1909,0.466064453125,-3.23815450102163,0.15629531926231496,-0.031178662597483253,-0.0005409376963143586
1910,0.46630859375,-3.2141279813583177,0.15513523191892306,-0.03095399886535688,-0.0005374489603013899
1911,0.46655273437500006,-3.1901014616949994,0.15397514457553077,-0.030729335133173663,-0.0005339602242884212
1912,0.466796875,-3.1660749420316874,0.15281505723213884,-0.030504671400990446,-0.0005304714882754524
1913,0.467041015625,-3.142048422368375,0.15165496988874685,-0.03028000766880723,-0.0005269827522056403
1914,0.46728515625,-3.118021902705063,0.1504948825453549,-0.030055343936680856,-0.0005234940161926716
1915,0.467529296875,-3.0939953830417504,0.149334795201963,-0.02983068020449764,-0.0005200052801797028
1916,0.46777343750000006,-3.0699688633784317,0.1481747078585707,-0.029606016472314423,-0.0005165165441667341
1917,0.468017578125,-3.04594234371512,0.14701462051517875,-0.029381352740131206,-0.0005130278081537654
1918,0.46826171875,-3.0219158240518076,0.1458545331717868,-0.029156689008004832,-0.0005095390720839532
1919,0.468505859375,-2.997889304388495,0.14469444582839486,-0.028932025275821616,-0.0005060503360709845
1920,0.46875,-2.9738627847251835,0.1435343584850029,-0.0287073615436384,-0.0005025616000580158
1921,0.46899414062500006,-2.949836265061865,0.14237427114161064,-0.028482697811455182,-0.000499072864045047
1922,0.46923828125,-2.9258097453985523,0.14121418379821868,-0.028258034079271965,-0.0004955841280320783
1923,0.469482421875,-2.9017832257352403,0.14005409645482672,-0.028033370347145592,-0.0004920953919622661
1924,0.4697265625,-2.8777567060719282,0.1388940091114348,-0.027808706614962375,-0.0004886066559492974
1925,0.469970703125,-2.8537301864086158,0.13773392176804283,-0.02758404288277916,-0.0004851179199363287
1926,0.47021484375000006,-2.8297036667452975,0.13657383442465057,-0.02735937915059594,-0.00048162918392335996
1927,0.470458984375,-2.805677147081985,0.1354137470812586,-0.027134715418469568,-0.00047814044791039123
1928,0.470703125,-2.7816506274186725,0.13425365973786665,-0.02691005168628635,-0.0004746517118405791
1929,0.470947265625,-2.757624107755361,0.13309357239447472,-0.026685387954103135,-0.00047116297582761035
1930,0.47119140625,-2.7335975880920484,0.1319334850510828,-0.02646072422197676,-0.0004676742398146416
1931,0.47143554687500006,-2.7095710684287297,0.1307733977076905,-0.026236060489793545,-0.0004641855038016729
1932,0.4716796875,-2.6855445487654177,0.12961331036429852,-0.026011396757610328,-0.00046069676778870416
1933,0.471923828125,-2.6616023106130875,0.12845797696804329,-0.025786808960049257,-0.00045719303500391106
1934,0.47216796875,-2.6379971985046837,0.12732165936033474,-0.025562524900919925,-0.0004536293151318205
1935,0.472412109375,-2.61439208639628,0.12618534175262625,-0.02533824084173375,-0.0004500655953165733
1936,0.47265625000000006,-2.5907869742878686,0.1250490241449174,-0.02511395678260442,-0.00044650187550132614
1937,0.472900390625,-2.567181862179465,0.12391270653720889,-0.024889672723475087,-0.00044293815568607897
1938,0.47314453125,-2.543576750071061,0.12277638892950035,-0.024665388664345755,-0.0004393744358708318
1939,0.473388671875,-2.519971637962657,0.12164007132179183,-0.024441104605216424,-0.00043581071605558463
1940,0.4736328125,-2.496366525854253,0.12050375371408334,-0.02421682054603025,-0.00043224699624033747
1941,0.47387695312500006,-2.4727614137458427,0.11936743610637449,-0.023992536486900917,-0.0004286832764250903
1942,0.47412109375,-2.4491563016374385,0.11823111849866597,-0.023768252427771586,-0.00042511955660984313
1943,0.474365234375,-2.4255511895290347,0.11709480089095745,-0.023543968368642254,-0.00042155583673775254
1944,0.474609375,-2.401946077420631,0.11595848328324893,-0.02331968430945608,-0.0004179921169225054
1945,0.474853515625,-2.378340965312227,0.1148221656755404,-0.023095400250326747,-0.0004144283971072582
1946,0.47509765625000006,-2.3547358532038167,0.11368584806783155,-0.022871116191197416,-0.00041086467729201104
1947,0.475341796875,-2.331130741095413,0.11254953046012306,-0.022646832132068084,-0.00040730095747676387
1948,0.4755859375,-2.307525628987009,0.11141321285241454,-0.02242254807288191,-0.0004037372376615167
1949,0.475830078125,-2.283920516878605,0.110276895244706,-0.022198264013752578,-0.00040017351784626953
1950,0.47607421875,-2.2603154047702008,0.1091405776369975,-0.021973979954623246,-0.00039660979803102236
1951,0.47631835937500006,-2.2367102926617908,0.10800426002928865,-0.021749695895493915,-0.0003930460782157752
1952,0.4765625,-2.2131051805533866,0.10686794242158014,-0.02152541183630774,-0.0003894823583436846
1953,0.476806640625,-2.189500068444983,0.1057316248138716,-0.021301127777178408,-0.00038591863852843744
1954,0.47705078125,-2.165894956336579,0.1045953072061631,-0.021076843718049076,-0.00038235491871319027
1955,0.477294921875,-2.1422898442281753,0.10345898959845458,-0.020852559658919745,-0.0003787911988979431
1956,0.47753906250000006,-2.1186847321197644,0.10232267199074573,-0.020628275599790413,-0.00037522747908269594
1957,0.477783203125,-2.0950796200113606,0.10118635438303722,-0.020403991540604238,-0.00037166375926744877
1958,0.47802734375,-2.071474507902957,0.1000500367753287,-0.020179707481474907,-0.0003681000394522016
1959,0.478271484375,-2.048065909679234,0.0989246640203235,-0.019955598226545135,-0.00036450197063686574
1960,0.478515625,-2.024788320711965,0.0978065878337872,-0.0197316055077863,-0.0003608810024502418
1961,0.47875976562500006,-2.0015107317446894,0.09668851164725058,-0.019507612789027462,-0.00035726003432046127
1962,0.47900390625,-1.9782331427774205,0.09557043546071428,-0.019283620070268626,-0.00035363906613383733
1963,0.479248046875,-1.9549555538101513,0.09445235927417797,-0.01905962735150979,-0.0003500180980040568
1964,0.4794921875,-1.9316779648428823,0.09333428308764165,-0.01883563463269411,-0.00034639712981743287
1965,0.479736328125,-1.9084003758756134,0.09221620690110534,-0.018611641913935273,-0.00034277616168765235
1966,0.47998046875000006,-1.8851227869083378,0.09109813071456872,-0.018387649195176436,-0.0003391551935010284
1967,0.480224609375,-1.8618451979410686,0.08998005452803243,-0.0181636564764176,-0.0003355342253712479
1968,0.48046875,-1.8385676089738,0.08886197834149612,-0.017939663757658764,-0.00033191325718462394
1969,0.480712890625,-1.815290020006531,0.08774390215495981,-0.017715671038899927,-0.0003282922890548434
1970,0.48095703125,-1.7920124310392616,0.08662582596842348,-0.017491678320084247,-0.0003246713209250629
1971,0.48120117187500006,-1.768734842071986,0.08550774978188688,-0.01726768560132541,-0.00032105035273843896
1972,0.4814453125,-1.7454572531047172,0.08438967359535057,-0.017043692882566575,-0.00031742938460865844
1973,0.481689453125,-1.722179664137448,0.08327159740881426,-0.016819700163807738,-0.0003138084164220345
1974,0.48193359375,-1.6989020751701793,0.08215352122227795,-0.0165957074450489,-0.000310187448292254
1975,0.482177734375,-1.6756244862029102,0.08103544503574164,-0.016371714726290065,-0.00030656648010563003
1976,0.48242187500000006,-1.6523468972356345,0.07991736884920503,-0.016147722007474385,-0.0003029455119758495
1977,0.482666015625,-1.6290693082683658,0.07879929266266872,-0.01592372928871555,-0.00029932454378922557
1978,0.48291015625,-1.6057917193010967,0.07768121647613241,-0.015699736569956713,-0.00029570357565944505
1979,0.483154296875,-1.5825141303338275,0.0765631402895961,-0.015475743851197876,-0.0002920826074728211
1980,0.4833984375,-1.5592365413665588,0.07544506410305979,-0.01525175113243904,-0.0002884616393430406
1981,0.48364257812500006,-1.5359589523992832,0.07432698791652317,-0.015027758413680203,-0.00028484067115641665
1982,0.48388671875,-1.512681363432014,0.07320891172998688,-0.014803765694864524,-0.0002812197030266361
1983,0.484130859375,-1.4894037744647453,0.07209083554345057,-0.014579772976105687,-0.0002775987348400122
1984,0.484375,-1.466126185497476,0.07097275935691424,-0.01435578025734685,-0.00027397776671023166
1985,0.484619140625,-1.4430823000407926,0.06986756673873797,-0.014131993331147896,-0.00027031645686292904
1986,0.48486328125000006,-1.4200384145841025,0.06876237412056137,-0.013908206405005785,-0.0002666551470156264
1987,0.485107421875,-1.3969945291274188,0.06765718150238507,-0.01368441947880683,-0.0002629938372251672
1988,0.4853515625,-1.3739506436707352,0.0665519888842088,-0.013460632552607876,-0.0002593325273778646
1989,0.485595703125,-1.3509067582140517,0.0654467962660325,-0.013236845626465765,-0.000255671217530562
1990,0.48583984375,-1.327862872757368,0.06434160364785622,-0.01301305870026681,-0.0002520099077401028
1991,0.48608398437500006,-1.304818987300678,0.06323641102967963,-0.012789271774067856,-0.00024834859789280017
1992,0.486328125,-1.281775101843994,0.06213121841150334,-0.012565484847868902,-0.00024468728804549755
1993,0.486572265625,-1.2587312163873103,0.06102602579332706,-0.01234169792172679,-0.00024102597819819493
1994,0.48681640625,-1.2356873309306269,0.05992083317515078,-0.012117910995527836,-0.00023736466840773573
1995,0.487060546875,-1.2126434454739432,0.0588156405569745,-0.011894124069328882,-0.00023370335856043312
1996,0.48730468750000006,-1.189599560017253,0.0577104479387979,-0.01167033714318677,-0.0002300420487131305
1997,0.487548828125,-1.1665556745605694,0.05660525532062161,-0.011446550216987816,-0.00022638073886582788
1998,0.48779296875,-1.143511789103886,0.055500062702445334,-0.011222763290788862,-0.00022271942901852526
1999,0.488037109375,-1.1204679036472023,0.05439487008426905,-0.010998976364646751,-0.00021905811922806606
2000,0.48828125,-1.0974240181905186,0.05328967746609276,-0.010775189438447796,-0.00021539680938076344
2001,0.48852539062500006,-1.0743801327338285,0.05218448484791616,-0.010551402512248842,-0.00021173549953346082
2002,0.48876953125,-1.0513362472771448,0.05107929222973987,-0.010327615586106731,-0.0002080741896861582
2003,0.489013671875,-1.0282923618204614,0.049974099611563585,-0.010103828659907776,-0.000204412879895699
2004,0.4892578125,-1.0052484763637777,0.04886890699338731,-0.009880041733708822,-0.0002007515700483964
2005,0.489501953125,-0.982204590907094,0.04776371437521102,-0.009656254807566711,-0.00019709026020109377
2006,0.48974609375000006,-0.959160705450404,0.04665852175703442,-0.009432467881367756,-0.00019342895035379115
2007,0.489990234375,-0.9361168199937203,0.04555332913885814,-0.009208680955168802,-0.00018976764056333195
2008,0.490234375,-0.9130729345370368,0.04444813652068185,-0.008984894028969848,-0.00018610633071602933
2009,0.490478515625,-0.8900290490803531,0.043342943902505565,-0.008761107102827737,-0.00018244502086872671
2010,0.49072265625,-0.8670411445268453,0.04224081991704994,-0.008537369107841641,-0.00017877410152777884
2011,0.49096679687500006,-0.8441372113280954,0.04114329888067497,-0.00831370450958957,-0.0001750887680032065
2012,0.4912109375,-0.8212332781293519,0.040045777844300315,-0.008090039911394342,-0.00017140343442179073
2013,0.491455078125,-0.7983293449306084,0.038948256807925664,-0.007866375313199114,-0.00016771810084037497
2014,0.49169921875,-0.7754254117318647,0.037850735771551014,-0.007642710714947043,-0.0001640327672589592
2015,0.491943359375,-0.7525214785331213,0.03675321473517636,-0.007419046116751815,-0.00016034743367754345
2016,0.49218750000000006,-0.7296175453343713,0.035655693698801394,-0.007195381518499744,-0.0001566621000961277
2017,0.492431640625,-0.7067136121356278,0.03455817266242674,-0.006971716920304516,-0.00015297676651471193
2018,0.49267578125,-0.6838096789368844,0.03346065162605208,-0.006748052322109288,-0.00014929143293329616
2019,0.492919921875,-0.6609057457381406,0.03236313058967743,-0.006524387723857217,-0.0001456060993518804
2020,0.4931640625,-0.6380018125393971,0.03126560955330277,-0.006300723125661989,-0.00014192076577046464
2021,0.49340820312500006,-0.6150978793406473,0.030168088516927805,-0.006077058527466761,-0.00013823543218904888
2022,0.49365234375,-0.5921939461419037,0.029070567480553155,-0.00585339392921469,-0.00013455009866447654
2023,0.493896484375,-0.5692900129431602,0.027973046444178497,-0.005629729331019462,-0.00013086476508306077
2024,0.494140625,-0.5463860797444166,0.026875525407803844,-0.005406064732824234,-0.000127179431501645
2025,0.494384765625,-0.5234821465456732,0.025778004371429193,-0.005182400134572163,-0.00012349409792022925
2026,0.49462890625000006,-0.5005782133469231,0.024680483335054227,-0.004958735536376935,-0.00011980876433881349
2027,0.494873046875,-0.47767428014817953,0.02358296229867957,-0.004735070938181707,-0.00011612343075739773
2028,0.4951171875,-0.4547703469494361,0.02248544126230492,-0.004511406339929636,-0.00011243809717598197
2029,0.495361328125,-0.4318664137506925,0.021387920225930265,-0.004287741741734408,-0.0001087527635945662
2030,0.49560546875,-0.40896248055194906,0.02029039918955561,-0.004064077143482336,-0.00010506743001315044
2031,0.49584960937500006,-0.38605854735319894,0.019192878153180645,-0.0038404125452871085,-0.00010138209643173468
2032,0.49609375,-0.36315461415445544,0.018095357116805988,-0.0036167479470918806,-9.769676285031892e-05
2033,0.496337890625,-0.3402506809557119,0.016997836080431337,-0.0033930833488398093,-9.401142932574658e-05
2034,0.49658203125,-0.3173467477569684,0.01590031504405668,-0.0031694187506445815,-9.032609574433081e-05
2035,0.496826171875,-0.29444281455822496,0.014802794007682026,-0.0029457541524493536,-8.664076216291505e-05
2036,0.49707031250000006,-0.27157588266483784,0.013707318463553973,-0.0027221216736847964,-8.294898236727022e-05
2037,0.497314453125,-0.2487182010977981,0.012612354292487957,-0.0024984972247352744,-7.92555911175441e-05
2038,0.49755859375,-0.22586051953075836,0.01151739012142194,-0.0022748727758425957,-7.556219981097456e-05
2039,0.497802734375,-0.20300283796371857,0.010422425950355923,-0.002051248326949917,-7.186880850440502e-05
2040,0.498046875,-0.1801451563966788,0.009327461779289904,-0.0018276238780572385,-6.817541719783549e-05
2041,0.49829101562500006,-0.15728747482963257,0.00823249760822358,-0.0016039994291645598,-6.448202589126595e-05
2042,0.49853515625,-0.13442979326259277,0.007137533437157562,-0.0013803749802718812,-6.078863458469641e-05
2043,0.498779296875,-0.11157211169555302,0.006042569266091544,-0.0011567505313223592,-5.709524327812687e-05
2044,0.4990234375,-0.08871443012851327,0.004947605095025527,-0.0009331260824296805,-5.3401852028400754e-05
2045,0.499267578125,-0.06585674856147349,0.0038526409239595114,-0.0007095016335370019,-4.9708460721831216e-05
2046,0.49951171875000006,-0.04299906699442723,0.0027576767528931824,-0.0004858771846443233,-4.601506941526168e-05
2047,0.499755859375,-0.020141385427387467,0.0016627125818271663,-0.00026225273575164465,-4.232167810869214e-05
2048,0.5,0.0027162961396523014,0.0005677484107611503,-3.862828685896602e-05,-3.86282868021226e-05
2049,0.500244140625,0.025573977706692067,-0.0005272157603048657,0.00018499616209055603,-3.4934895495553064e-05
2050,0.50048828125,0.04843165927373183,-0.0016221799313708848,0.00040862061098323466,-3.1241504188983527e-05
2051,0.500732421875,0.07128934084077808,-0.0027171441024372105,0.0006322450598759133,-2.754811288241399e-05
2052,0.5009765625,0.09414702240781786,-0.0038121082735032294,0.0008558695087685919,-2.385472157584445e-05
2053,0.501220703125,0.11700470397485763,-0.004907072444569246,0.0010794939576612705,-2.0161330326118332e-05
2054,0.50146484375,0.1398623855418974,-0.006002036615635262,0.0013031184066107926,-1.6467939019548794e-05
2055,0.501708984375,0.16272006710893713,-0.007097000786701278,0.0015267428555034712,-1.2774547712979256e-05
2056,0.501953125,0.18557774867598342,-0.008191964957767606,0.0017503673043961498,-9.081156406409718e-06
2057,0.502197265625,0.20843543024302313,-0.009286929128833624,0.0019739917532888285,-5.3877650998401805e-06
2058,0.50244140625,0.23129311181006293,-0.01038189329989964,0.002197616202181507,-1.6943737932706426e-06
2059,0.502685546875,0.25415079337710267,-0.011476857470965655,0.0024212406510741857,1.999017513298895e-06
2060,0.5029296875,0.27700847494414244,-0.01257182164203167,0.0026448651000237078,5.692408763025014e-06
2061,0.503173828125,0.29987564233911373,-0.013667290531207322,0.002868497868519171,9.384241934640158e-06
2062,0.50341796875,0.3227807530457783,-0.014764778292819936,0.003092163915312085,1.3069842395907472e-05
2063,0.503662109375,0.3456858637524429,-0.01586226605443256,0.0033158299621618426,1.6755442800331366e-05
2064,0.50390625,0.36859097445910755,-0.016959753816045177,0.0035394960090116,2.044104326159868e-05
2065,0.504150390625,0.3914960851657721,-0.01805724157765779,0.0037631620558045142,2.4126643722865992e-05
2066,0.50439453125,0.41440119587244323,-0.019154729339270725,0.003986828102654272,2.7812244184133306e-05
2067,0.504638671875,0.43730630657910785,-0.020252217100883343,0.004210494149504029,3.14978445885572e-05
2068,0.5048828125,0.4602114172857725,-0.021349704862495964,0.0044341601962969435,3.518344504982451e-05
2069,0.505126953125,0.48311652799243704,-0.022447192624108582,0.004657826243146701,3.8869045511091826e-05
2070,0.50537109375,0.5060216386991016,-0.0235446803857212,0.004881492289996459,4.255464591551572e-05
2071,0.505615234375,0.5289267494057728,-0.02464216814733413,0.005105158336789373,4.6240246376783034e-05
2072,0.505859375,0.5518318601124375,-0.02573965590894675,0.00532882438363913,4.992584683805035e-05
2073,0.506103515625,0.5747369708191019,-0.02683714367055937,0.005552490430488888,5.361144729931766e-05
2074,0.50634765625,0.5976420815257666,-0.027934631432171984,0.005776156477338645,5.7297047703741555e-05
2075,0.506591796875,0.6205471922324313,-0.029032119193784605,0.0059998225241315595,6.098264816500887e-05
2076,0.5068359375,0.6434523029391022,-0.03012960695539753,0.006223488570981317,6.466824862627618e-05
2077,0.507080078125,0.666357413645767,-0.031227094717010153,0.006447154617831075,6.83538490875435e-05
2078,0.50732421875,0.6892625243524315,-0.03232458247862277,0.006670820664623989,7.203944949196739e-05
2079,0.507568359375,0.7121676350590962,-0.033422070240235385,0.006894486711473746,7.57250499532347e-05
2080,0.5078125,0.7350727457657606,-0.034519558001848014,0.007118152758323504,7.941065041450202e-05
2081,0.508056640625,0.7579778564724319,-0.03561704576346094,0.007341818805116418,8.309625087576933e-05
2082,0.50830078125,0.7808829671790964,-0.036714533525073555,0.0075654848519661755,8.678185133703664e-05
2083,0.508544921875,0.8037880778857609,-0.037812021286686176,0.007789150898815933,9.046745174146054e-05
2084,0.5087890625,0.8266931885924257,-0.0389095090482988,0.00801281694566569,9.415305220272785e-05
2085,0.509033203125,0.8495982992990901,-0.04000699680991141,0.008236482992458605,9.783865266399516e-05
2086,0.50927734375,0.8725034100057615,-0.041104484571524345,0.008460149039308362,0.00010152425312526248
2087,0.509521484375,0.8954931958065205,-0.04220655490701876,0.008683889358451324,0.00010519560009925044
2088,0.509765625,0.9185394316700097,-0.04331168029176769,0.00890767919247537,0.00010885744484312454
2089,0.510009765625,0.9415856675334987,-0.044416805676516624,0.009131469026499417,0.00011251928958699864
2090,0.51025390625,0.9646319033969878,-0.045521931061265564,0.00935525886046662,0.00011618113427402932
2091,0.510498046875,0.9876781392604833,-0.046627056446014815,0.009579048694490666,0.00011984297901790342
2092,0.5107421875,1.0107243751239725,-0.047732181830763755,0.009802838528514712,0.00012350482376177752
2093,0.510986328125,1.0337706109874614,-0.04883730721551269,0.010026628362538759,0.0001271666684488082
2094,0.51123046875,1.0568168468509505,-0.04994243260026162,0.010250418196562805,0.0001308285131926823
2095,0.511474609375,1.0798630827144395,-0.051047557985010567,0.010474208030586851,0.0001344903579365564
2096,0.51171875,1.102909318577935,-0.052152683369759804,0.010697997864610898,0.00013815220262358707
2097,0.511962890625,1.1259555544414241,-0.05325780875450875,0.0109217876985781,0.00014181404736746117
2098,0.51220703125,1.1490017903049132,-0.05436293413925768,0.011145577532602147,0.00014547589211133527
2099,0.512451171875,1.1720480261684023,-0.055468059524006616,0.011369367366626193,0.00014913773679836595
2100,0.5126953125,1.1950942620318914,-0.056573184908755556,0.01159315720065024,0.00015279958154224005
2101,0.512939453125,1.2181404978953871,-0.05767831029350481,0.011816947034674286,0.00015646142628611415
2102,0.51318359375,1.241186733758876,-0.05878343567825374,0.012040736868698332,0.00016012327097314483
2103,0.513427734375,1.2642329696223649,-0.059888561063002686,0.012264526702665535,0.00016378511571701893
2104,0.513671875,1.2872792054858542,-0.06099368644775161,0.012488316536689581,0.00016744696046089302
2105,0.513916015625,1.3103254413493433,-0.06209881183250056,0.012712106370713627,0.0001711088051479237
2106,0.51416015625,1.333371677212839,-0.0632039372172498,0.012935896204737674,0.0001747706498917978
2107,0.514404296875,1.3564179130763279,-0.06430906260199874,0.01315968603876172,0.0001784324946356719
2108,0.5146484375,1.3794641489398167,-0.06541418798674768,0.013383475872785766,0.00018209433932270258
2109,0.514892578125,1.4025103848033058,-0.06651931337149662,0.013607265706752969,0.00018575618406657668
2110,0.51513671875,1.425556620666795,-0.06762443875624555,0.013831055540777015,0.00018941802881045078
2111,0.515380859375,1.4486028565302906,-0.06872956414099479,0.014054845374801062,0.00019307987349748146
2112,0.515625,1.4716490923937797,-0.06983468952574373,0.014278635208825108,0.00019674171824135556
2113,0.515869140625,1.4949301954939473,-0.07095266321263567,0.014502632315327446,0.00020036349161500766
2114,0.51611328125,1.5182112985941147,-0.07207063689952761,0.014726629421886628,0.00020398526498865976
2115,0.516357421875,1.5414924016942821,-0.07318861058641955,0.014950626528388966,0.00020760703836231187
2116,0.5166015625,1.5647735047944562,-0.0743065842733118,0.015174623634891304,0.00021122881173596397
2117,0.516845703125,1.5880546078946238,-0.07542455796020374,0.015398620741393643,0.00021485058505277266
2118,0.51708984375,1.6113357109947914,-0.07654253164709568,0.015622617847952824,0.00021847235842642476
2119,0.517333984375,1.6346168140949588,-0.07766050533398762,0.015846614954455163,0.00022209413180007687
2120,0.517578125,1.6578979171951265,-0.07877847902087956,0.0160706120609575,0.00022571590517372897
2121,0.517822265625,1.6811790202953003,-0.0798964527077718,0.016294609167516683,0.00022933767854738107
2122,0.51806640625,1.7044601233954682,-0.08101442639466375,0.01651860627401902,0.00023295945192103318
2123,0.518310546875,1.7277412264956356,-0.08213240008155569,0.01674260338052136,0.00023658122529468528
2124,0.5185546875,1.7510223295958032,-0.08325037376844763,0.016966600487023697,0.00024020299866833739
2125,0.518798828125,1.7743034326959706,-0.08436834745533954,0.01719059759358288,0.0002438247720419895
2126,0.51904296875,1.7975845357961446,-0.08548632114223181,0.017414594700085217,0.0002474465454156416
2127,0.519287109375,1.8208656388963123,-0.08660429482912375,0.017638591806587556,0.0002510683187324503
2128,0.51953125,1.8441467419964794,-0.08772226851601568,0.017862588913146737,0.0002546900921061024
2129,0.519775390625,1.867427845096647,-0.08884024220290761,0.018086586019649076,0.0002583118654797545
2130,0.52001953125,1.8907089481968147,-0.08995821588979956,0.018310583126151414,0.0002619336388534066
2131,0.520263671875,1.913990051296989,-0.09107618957669182,0.018534580232653752,0.0002655554122270587
2132,0.5205078125,1.9372711543971561,-0.09219416326358373,0.018758577339212934,0.0002691771856007108
2133,0.520751953125,1.9605522574973238,-0.09331213695047567,0.018982574445715272,0.0002727989589743629
2134,0.52099609375,1.9838333605974914,-0.09443011063736761,0.01920657155221761,0.000276420732348015
2135,0.521240234375,2.0071144636976586,-0.09554808432425957,0.019430568658776792,0.0002800425057216671
2136,0.521484375,2.030395566797833,-0.0966660580111518,0.01965456576527913,0.0002836642790953192
2137,0.521728515625,2.0536766698980005,-0.09778403169804374,0.01987856287178147,0.0002872860524121279
2138,0.52197265625,2.077089242260911,-0.09890928711447763,0.020102677118529755,0.0002908850360086035
2139,0.522216796875,2.1006990185179357,-0.10004546512522437,0.020326967075561697,0.0002944498348824709
2140,0.5224609375,2.1243087947749606,-0.10118164313597114,0.020551257032536796,0.0002980146337563383
2141,0.522705078125,2.147918571031992,-0.10231782114671822,0.02077554698956874,0.0003015794325733623
2142,0.52294921875,2.1715283472890166,-0.10345399915746498,0.02099983694660068,0.0003051442314472297
2143,0.523193359375,2.1951381235460414,-0.10459017716821174,0.021224126903632623,0.0003087090303210971
2144,0.5234375,2.2187478998030667,-0.1057263551789585,0.021448416860664565,0.0003122738291949645
2145,0.523681640625,2.242357676060091,-0.10686253318970526,0.021672706817696508,0.0003158386280688319
2146,0.52392578125,2.2659674523171227,-0.10799871120045235,0.021896996774671607,0.0003194034268858559
2147,0.524169921875,2.2895772285741476,-0.1091348892111991,0.02212128673170355,0.0003229682257597233
2148,0.5244140625,2.313187004831172,-0.11027106722194586,0.02234557668873549,0.0003265330246335907
2149,0.524658203125,2.3367967810881973,-0.11140724523269263,0.022569866645767434,0.0003300978235074581
2150,0.52490234375,2.3604065573452218,-0.11254342324343938,0.022794156602799376,0.0003336626223813255
2151,0.525146484375,2.3840163336022537,-0.11367960125418647,0.023018446559831318,0.0003372274211983495
2152,0.525390625,2.407626109859278,-0.11481577926493323,0.023242736516806417,0.0003407922200722169
2153,0.525634765625,2.4312358861163026,-0.11595195727567997,0.02346702647383836,0.0003443570189460843
2154,0.52587890625,2.454845662373328,-0.11708813528642674,0.0236913164308703,0.0003479218178199517
2155,0.526123046875,2.4784554386303523,-0.11822431329717349,0.023915606387902244,0.0003514866166938191
2156,0.5263671875,2.502065214887384,-0.11936049130792059,0.024139896344934186,0.00035505141551084307
2157,0.526611328125,2.5256749911444087,-0.12049666931866733,0.02436418630196613,0.0003586162143847105
2158,0.52685546875,2.549284767401433,-0.1216328473294141,0.024588476258941228,0.0003621810132585779
2159,0.527099609375,2.5728945436584585,-0.12276902534016086,0.02481276621597317,0.0003657458121324453
2160,0.52734375,2.596504319915483,-0.12390520335090763,0.025037056173005112,0.0003693106110063127
2161,0.527587890625,2.620114096172515,-0.12504138136165469,0.025261346130037055,0.00037287540982333667
2162,0.52783203125,2.6437238724295393,-0.12617755937240147,0.025485636087068997,0.00037644020869720407
2163,0.528076171875,2.667333648686564,-0.12731373738314822,0.02570992604410094,0.0003800050075710715
2164,0.5283203125,2.6912814564618612,-0.1284688997627961,0.025934520978580622,0.00038351004224068674
2165,0.528564453125,2.7153137721167266,-0.1296288082346693,0.026159192157479083,0.00038700013590187154
2166,0.52880859375,2.7393460877715983,-0.13078871670654282,0.0263838633363207,0.0003904902295062129
2167,0.529052734375,2.7633784034264637,-0.131948625178416,0.026608534515219162,0.0003939803231105543
2168,0.529296875,2.7874107190813286,-0.13310853365028918,0.02683320569406078,0.0003974704167717391
2169,0.529541015625,2.8114430347361936,-0.1342684421221624,0.02705787687295924,0.0004009605103760805
2170,0.52978515625,2.835475350391059,-0.1354283505940356,0.027282548051857702,0.0004044506040372653
2171,0.530029296875,2.8595076660459307,-0.13658825906590913,0.02750721923069932,0.0004079406976416067
2172,0.5302734375,2.8835399817007956,-0.1377481675377823,0.02773189040959778,0.00041143079124594806
2173,0.530517578125,2.907572297355661,-0.1389080760096555,0.0279565615884394,0.00041492088490713286
2174,0.53076171875,2.931604613010526,-0.14006798448152866,0.02818123276733786,0.00041841097851147424
2175,0.531005859375,2.955636928665391,-0.14122789295340185,0.028405903946179478,0.00042190107217265904
2176,0.53125,2.979669244320263,-0.14238780142527538,0.02863057512507794,0.0004253911657770004
2177,0.531494140625,3.003701559975128,-0.14354770989714855,0.0288552463039764,0.0004288812593813418
2178,0.53173828125,3.0277338756299934,-0.14470761836902174,0.02907991748281802,0.0004323713530425266
2179,0.531982421875,3.0517661912848584,-0.14586752684089493,0.02930458866171648,0.000435861446646868
2180,0.5322265625,3.0757985069397233,-0.14702743531276813,0.029529259840558097,0.0004393515403080528
2181,0.532470703125,3.0998308225945954,-0.14818734378464163,0.02975393101945656,0.00044284163391239417
2182,0.53271484375,3.1238631382494604,-0.14934725225651482,0.029978602198298177,0.00044633172751673555
2183,0.532958984375,3.147895453904326,-0.15050716072838802,0.030203273377196638,0.00044982182117792036
2184,0.533203125,3.171927769559191,-0.1516670692002612,0.0304279445560951,0.00045331191478226174
2185,0.533447265625,3.1959600852140557,-0.15282697767213438,0.030652615734936717,0.00045680200844344654
2186,0.53369140625,3.2199924008689282,-0.1539868861440079,0.030877286913835178,0.0004602921020477879
2187,0.533935546875,3.2440247165237928,-0.1551467946158811,0.031101958092676796,0.0004637821956521293
2188,0.5341796875,3.2680570321786577,-0.15630670308775427,0.03132662927157526,0.0004672722893133141
2189,0.534423828125,3.2921926344804366,-0.1574724951480924,0.03155139504104909,0.0004707436814896937
2190,0.53466796875,3.31674138336987,-0.15866182156229028,0.03177653917288126,0.00047414026801106957
2191,0.534912109375,3.3412901322593105,-0.15985114797648847,0.032001683304713424,0.00047753685453244543
2192,0.53515625,3.365838881148744,-0.16104047439068636,0.03222682743648875,0.0004809334409969779
2193,0.535400390625,3.3903876300381772,-0.16222980080488422,0.032451971568320914,0.00048433002751835375
2194,0.53564453125,3.4149363789276106,-0.1634191272190821,0.03267711570015308,0.0004877266140397296
2195,0.535888671875,3.439485127817044,-0.16460845363328003,0.03290225983198525,0.0004911232005042621
2196,0.5361328125,3.464033876706484,-0.16579778004747822,0.033127403963817414,0.0004945197870256379
2197,0.536376953125,3.4885826255959174,-0.1669871064616761,0.03335254809564958,0.0004979163734901704
2198,0.53662109375,3.5131313744853503,-0.16817643287587397,0.03357769222748175,0.0005013129600115462
2199,0.536865234375,3.537680123374784,-0.16936575929007186,0.033802836359313915,0.0005047095465329221
2200,0.537109375,3.5622288722642166,-0.17055508570426972,0.03402798049114608,0.0005081061329974546
2201,0.537353515625,3.5867776211536575,-0.17174441211846797,0.03425312462297825,0.0005115027195188304
2202,0.53759765625,3.611326370043091,-0.17293373853266583,0.034478268754810415,0.0005148993060402063
2203,0.537841796875,3.6358751189325242,-0.1741230649468637,0.03470341288658574,0.0005182958925047387
2204,0.5380859375,3.660423867821957,-0.17531239136106158,0.034928557018417905,0.0005216924790261146
2205,0.538330078125,3.6849726167113905,-0.17650171777525944,0.03515370115025007,0.0005250890655474905
2206,0.53857421875,3.709521365600831,-0.17769104418945766,0.03537884528208224,0.0005284856520120229
2207,0.538818359375,3.734070114490265,-0.17888037060365555,0.035603989413914405,0.0005318822385333988
2208,0.5390625,3.7586188633796973,-0.18006969701785341,0.03582913354574657,0.0005352788250547746
2209,0.539306640625,3.7831676122691302,-0.1812590234320513,0.03605427767757874,0.0005386754115193071
2210,0.53955078125,3.807716361158564,-0.18244834984624916,0.036279421809410906,0.000542071998040683
2211,0.539794921875,3.832265110048004,-0.18363767626044739,0.03650456594124307,0.0005454685845052154
2212,0.5400390625,3.8568138589374374,-0.18482700267464525,0.03672971007307524,0.0005488651710265913
2213,0.540283203125,3.881362607826871,-0.18601632908884314,0.036954854204907406,0.0005522617575479671
2214,0.54052734375,3.905911356716304,-0.18720565550304102,0.03717999833668273,0.0005556583440124996
2215,0.540771484375,3.930826276893001,-0.18841611085442406,0.03740548353101758,0.0005589867546973437
2216,0.541015625,3.9559853112612147,-0.18964065216393083,0.03763119610039212,0.0005622697148055522
2217,0.541259765625,3.981144345629421,-0.19086519347343725,0.03785690866970981,0.0005655526748569173
2218,0.54150390625,4.006303379997627,-0.1920897347829437,0.03808262123908435,0.0005688356349651258
2219,0.541748046875,4.031462414365833,-0.19331427609245014,0.03830833380840204,0.0005721185950733343
2220,0.5419921875,4.056621448734039,-0.19453881740195658,0.038534046377776576,0.0005754015551246994
2221,0.542236328125,4.081780483102253,-0.19576335871146333,0.03875975894709427,0.0005786845152329079
2222,0.54248046875,4.106939517470458,-0.19698790002096978,0.03898547151641196,0.0005819674753411164
2223,0.542724609375,4.132098551838665,-0.19821244133047622,0.0392111840857865,0.0005852504353924814
2224,0.54296875,4.15725758620687,-0.19943698263998264,0.03943689665510419,0.00058853339550069
2225,0.543212890625,4.1824166205750775,-0.20066152394948908,0.03966260922447873,0.0005918163556088984
2226,0.54345703125,4.20757565494329,-0.20188606525899588,0.03988832179379642,0.0005950993156602635
2227,0.543701171875,4.232734689311496,-0.20311060656850233,0.04011403436317096,0.000598382275768472
2228,0.5439453125,4.257893723679702,-0.20433514787800877,0.04033974693248865,0.0006016652358766805
2229,0.544189453125,4.283052758047908,-0.2055596891875152,0.040565459501806345,0.0006049481959280456
2230,0.54443359375,4.308211792416115,-0.20678423049702163,0.04079117207118088,0.0006082311560362541
2231,0.544677734375,4.333370826784328,-0.2080087718065284,0.041016884640498574,0.0006115141161444626
2232,0.544921875,4.358529861152534,-0.20923331311603482,0.04124259720987311,0.0006147970762526711
2233,0.545166015625,4.38368889552074,-0.21045785442554127,0.041468309779190804,0.0006180800363040362
2234,0.54541015625,4.408847929888946,-0.2116823957350477,0.0416940223485085,0.0006213629964122447
2235,0.545654296875,4.434006964257152,-0.21290693704455416,0.041919734917883034,0.0006246459565204532
2236,0.5458984375,4.459165998625365,-0.2141314783540609,0.04214544748720073,0.0006279289165718183
2237,0.546142578125,4.4843250329935715,-0.21535601966356735,0.04237116005657526,0.0006312118766800268
2238,0.54638671875,4.509484067361777,-0.2165805609730738,0.042596872625892956,0.0006344948367882353
2239,0.546630859375,4.5346431017299835,-0.21780510228258027,0.04282258519526749,0.0006377777968396003
2240,0.546875,4.559802136098189,-0.21902964359208665,0.043048297764585186,0.0006410607569478088
2241,0.547119140625,4.585665154469043,-0.2202952018340653,0.04327467819200592,0.0006442084072659782
2242,0.54736328125,4.611528172839892,-0.22156076007604358,0.043501058619369815,0.0006473560576409909
2243,0.547607421875,4.63739119121074,-0.22282631831802185,0.04372743904679055,0.0006505037079591602
2244,0.5478515625,4.663254209581587,-0.22409187656000013,0.043953819474211286,0.0006536513582773296
2245,0.548095703125,4.689117227952435,-0.2253574348019784,0.04418019990163202,0.0006567990086523423
2246,0.54833984375,4.7149802463232895,-0.226622993043957,0.044406580328995915,0.0006599466589705116
2247,0.548583984375,4.740843264694136,-0.22788855128593527,0.04463296075641665,0.000663094309288681
2248,0.548828125,4.766706283064984,-0.22915410952791349,0.04485934118383739,0.0006662419596636937
2249,0.549072265625,4.792569301435832,-0.23041966776989176,0.04508572161120128,0.000669389609981863
2250,0.54931640625,4.818432319806679,-0.23168522601187003,0.045312102038622015,0.0006725372603000324
2251,0.549560546875,4.844295338177535,-0.23295078425384863,0.04553848246604275,0.0006756849106182017
2252,0.5498046875,4.870158356548382,-0.2342163424958269,0.045764862893406644,0.0006788325609932144
2253,0.550048828125,4.896021374919229,-0.23548190073780517,0.04599124332082738,0.0006819802113113838
2254,0.55029296875,4.921884393290076,-0.23674745897978347,0.046217623748248116,0.0006851278616295531
2255,0.550537109375,4.947747411660925,-0.23801301722176174,0.04644400417566885,0.0006882755120045658
2256,0.55078125,4.97361043003178,-0.23927857546374037,0.046670384603032744,0.0006914231623227352
2257,0.551025390625,4.999473448402628,-0.24054413370571864,0.04689676503045348,0.0006945708126409045
2258,0.55126953125,5.025336466773474,-0.24180969194769691,0.047123145457874216,0.0006977184630159172
2259,0.551513671875,5.0511994851443225,-0.24307525018967513,0.04734952588523811,0.0007008661133340865
2260,0.5517578125,5.077062503515169,-0.2443408084316534,0.047575906312658844,0.0007040137636522559
2261,0.552001953125,5.102925521886024,-0.245606366673632,0.04780228674007958,0.0007071614140272686
2262,0.55224609375,5.128788540256872,-0.24687192491561027,0.04802866716744347,0.000710309064345438
2263,0.552490234375,5.15465155862772,-0.24813748315758855,0.04825504759486421,0.0007134567146636073
2264,0.552734375,5.180514576998567,-0.24940304139956682,0.048481428022284945,0.00071660436503862
2265,0.552978515625,5.206377595369415,-0.2506685996415451,0.04870780844970568,0.0007197520153567893
2266,0.55322265625,5.232559561004456,-0.251952821046179,0.04893449733606303,0.0007228361455418053
2267,0.553466796875,5.25921994753577,-0.25326503719479554,0.049161648910967415,0.0007258249955839347
2268,0.5537109375,5.285880334067085,-0.254577253343412,0.0493888004858718,0.000728813845626064
2269,0.553955078125,5.312540720598397,-0.2558894694920285,0.04961595206077618,0.0007318026956681933
2270,0.55419921875,5.339201107129712,-0.257201685640645,0.04984310363562372,0.0007347915457103227
2271,0.554443359375,5.365861493661033,-0.2585139017892619,0.0500702552105281,0.000737780395752452
2272,0.5546875,5.392521880192348,-0.2598261179378784,0.050297406785432486,0.0007407692458514248
2273,0.554931640625,5.41918226672366,-0.2611383340864949,0.05052455836033687,0.0007437580958935541
2274,0.55517578125,5.445842653254975,-0.26245055023511143,0.05075170993524125,0.0007467469459356835
2275,0.555419921875,5.472503039786288,-0.2637627663837279,0.05097886151008879,0.0007497357959778128
2276,0.5556640625,5.499163426317611,-0.26507498253234474,0.051206013084993174,0.0007527246460199422
2277,0.555908203125,5.525823812848923,-0.2663871986809613,0.05143316465989756,0.0007557134960620715
2278,0.55615234375,5.552484199380238,-0.26769941482957776,0.05166031623480194,0.0007587023461042008
2279,0.556396484375,5.579144585911551,-0.26901163097819425,0.05188746780964948,0.0007616911961463302
2280,0.556640625,5.605804972442866,-0.2703238471268108,0.05211461938455386,0.0007646800461884595
2281,0.556884765625,5.632465358974186,-0.27163606327542766,0.052341770959458245,0.0007676688962305889
2282,0.55712890625,5.6591257455055,-0.27294827942404415,0.05256892253436263,0.0007706577462727182
2283,0.557373046875,5.685786132036814,-0.27426049557266063,0.05279607410926701,0.0007736465963148476
2284,0.5576171875,5.712446518568128,-0.2755727117212772,0.05302322568411455,0.0007766354463569769
2285,0.557861328125,5.739106905099442,-0.27688492786989366,0.05325037725901893,0.0007796242963991062
2286,0.55810546875,5.765767291630763,-0.2781971440185105,0.053477528833923316,0.0007826131464412356
2287,0.558349609375,5.792427678162078,-0.27950936016712696,0.0537046804088277,0.0007856019964833649
2288,0.55859375,5.819088064693391,-0.28082157631574345,0.05393183198367524,0.0007885908465254943
2289,0.558837890625,5.845748451224705,-0.28213379246436,0.05415898355857962,0.0007915796965676236
2290,0.55908203125,5.872408837756018,-0.2834460086129765,0.054386135133484004,0.000794568546609753
2291,0.559326171875,5.899069224287341,-0.2847582247615934,0.05461328670838839,0.0007975573966518823
2292,0.5595703125,5.926441790188825,-0.2861119618893273,0.05484114064387313,0.0008003987813935964
2293,0.559814453125,5.953992400932854,-0.2874760792618406,0.05506917016953139,0.0008032032998244176
2294,0.56005859375,5.981543011676884,-0.28884019663435395,0.05529719969518965,0.0008060078181983954
2295,0.560302734375,6.009093622420913,-0.29020431400686725,0.055525229220847905,0.0008088123366292166
2296,0.560546875,6.03664423316495,-0.29156843137938093,0.05575325874650616,0.0008116168550600378
2297,0.560791015625,6.064194843908979,-0.2929325487518942,0.05598128827216442,0.000814421373490859
2298,0.56103515625,6.091745454653008,-0.29429666612440747,0.05620931779782268,0.0008172258918648367
2299,0.561279296875,6.1192960653970365,-0.2956607834969208,0.05643734732342409,0.0008200304102956579
2300,0.5615234375,6.146846676141065,-0.29702490086943406,0.05666537684908235,0.0008228349287264791
2301,0.561767578125,6.174397286885102,-0.2983890182419478,0.05689340637474061,0.0008256394471573003
2302,0.56201171875,6.201947897629131,-0.2997531356144611,0.057121435900398865,0.0008284439655312781
2303,0.562255859375,6.229498508373161,-0.3011172529869744,0.05734946542605712,0.0008312484839620993
2304,0.5625,6.257049119117189,-0.30248137035948763,0.05757749495171538,0.0008340530023929205
2305,0.562744140625,6.284599729861218,-0.303845487732001,0.05780552447737364,0.0008368575208237417
2306,0.56298828125,6.312150340605256,-0.30520960510451467,0.058033554003031895,0.0008396620392545628
2307,0.563232421875,6.339700951349284,-0.30657372247702797,0.05826158352869015,0.0008424665576285406
2308,0.5634765625,6.367251562093313,-0.30793783984954126,0.05848961305434841,0.0008452710760593618
2309,0.563720703125,6.394802172837342,-0.30930195722205456,0.05871764258000667,0.000848075594490183
2310,0.56396484375,6.4223527835813705,-0.3106660745945679,0.05894567210560808,0.0008508801129210042
2311,0.564208984375,6.449903394325408,-0.3120301919670816,0.05917370163126634,0.000853684631294982
2312,0.564453125,6.477454005069437,-0.31339430933959483,0.0594017311569246,0.0008564891497258031
2313,0.564697265625,6.505004615813466,-0.31475842671210813,0.059629760682582855,0.0008592936681566243
2314,0.56494140625,6.532555226557495,-0.3161225440846214,0.05985779020824111,0.0008620981865874455
2315,0.565185546875,6.560105837301523,-0.3174866614571348,0.06008581973389937,0.0008649027049614233
2316,0.5654296875,6.587656448045561,-0.3188507788296484,0.06031384925955763,0.0008677072233922445
2317,0.565673828125,6.615403515155348,-0.3202261824658436,0.06054207630262454,0.0008704693178742673
2318,0.56591796875,6.643936407728172,-0.3216467311567663,0.06077109341555342,0.0008730617166747834
2319,0.566162109375,6.672469300300997,-0.3230672798476889,0.061000110528425466,0.0008756541154752995
2320,0.56640625,6.701002192873822,-0.3244878285386116,0.06122912764129751,0.0008782465142758156
2321,0.566650390625,6.729535085446654,-0.32590837722953464,0.061458144754226396,0.0008808389130763317
2322,0.56689453125,6.7580679780194775,-0.32732892592045726,0.06168716186709844,0.0008834313118200043
2323,0.567138671875,6.786600870592302,-0.32874947461137993,0.06191617897997048,0.0008860237106205204
2324,0.5673828125,6.815133763165126,-0.33017002330230255,0.06214519609289937,0.0008886161094210365
2325,0.567626953125,6.84366665573795,-0.3315905719932252,0.06237421320577141,0.0008912085082215526
2326,0.56787109375,6.872199548310782,-0.3330111206841483,0.06260323031864345,0.0008938009070220687
2327,0.568115234375,6.900732440883606,-0.3344316693750709,0.06283224743157234,0.0008963933057657414
2328,0.568359375,6.9292653334564305,-0.3358522180659935,0.06306126454444438,0.0008989857045662575
2329,0.568603515625,6.9577982260292535,-0.3372727667569162,0.06329028165731643,0.0009015781033667736
2330,0.56884765625,6.986331118602078,-0.3386933154478388,0.06351929877018847,0.0009041705021672897
2331,0.569091796875,7.014864011174911,-0.3401138641387619,0.06374831588311736,0.0009067629009678058
2332,0.5693359375,7.043396903747736,-0.34153441282968455,0.0639773329959894,0.0009093552997114784
2333,0.569580078125,7.07192979632056,-0.34295496152060717,0.06420635010886144,0.0009119476985119945
2334,0.56982421875,7.1004626888933835,-0.3443755102115299,0.06443536722179033,0.0009145400973125106
2335,0.570068359375,7.128995581466207,-0.34579605890245246,0.06466438433466237,0.0009171324961130267
2336,0.5703125,7.157528474039039,-0.3472166075933755,0.06489340144753442,0.0009197248949135428
2337,0.570556640625,7.186061366611864,-0.3486371562842982,0.0651224185604633,0.0009223172936572155
2338,0.57080078125,7.214594259184688,-0.3500577049752208,0.06535143567333535,0.0009249096924577316
2339,0.571044921875,7.243127151757512,-0.3514782536661435,0.06558045278620739,0.0009275020912582477
2340,0.5712890625,7.271660044330336,-0.3528988023570661,0.06580946989907943,0.0009300944900587638
2341,0.571533203125,7.300192936903168,-0.3543193510479892,0.06603848701200832,0.0009326868888024364
2342,0.57177734375,7.328725829475992,-0.35573989973891185,0.06626750412488036,0.0009352792876029525
2343,0.572021484375,7.357902649078716,-0.3571963564104762,0.06649718064608123,0.0009377262754810545
2344,0.572265625,7.387508753368043,-0.3586767517358017,0.0667272967728536,0.0009400763226494746
2345,0.572509765625,7.41711485765737,-0.3601571470611273,0.06695741289956914,0.0009424263698747382
2346,0.57275390625,7.446720961946703,-0.36163754238645324,0.06718752902634151,0.0009447764171000017
2347,0.572998046875,7.476327066236029,-0.3631179377117788,0.06741764515305704,0.0009471264642684218
2348,0.5732421875,7.505933170525354,-0.3645983330371043,0.06764776127977257,0.0009494765114936854
2349,0.573486328125,7.5355392748146794,-0.36607872836242983,0.06787787740654494,0.0009518265587189489
2350,0.57373046875,7.565145379104005,-0.36755912368775534,0.06810799353326047,0.0009541766058873691
2351,0.573974609375,7.594751483393338,-0.3690395190130813,0.06833810966003284,0.0009565266531126326
2352,0.57421875,7.624357587682665,-0.3705199143384068,0.06856822578674837,0.0009588767003378962
2353,0.574462890625,7.65396369197199,-0.3720003096637323,0.06879834191352074,0.0009612267475063163
2354,0.57470703125,7.683569796261315,-0.3734807049890579,0.06902845804023627,0.0009635767947315799
2355,0.574951171875,7.713175900550642,-0.37496110031438334,0.06925857416700865,0.0009659268419
2356,0.5751953125,7.7427820048399765,-0.3764414956397093,0.06948869029372418,0.0009682768891252636
2357,0.575439453125,7.7723881091293014,-0.3779218909650348,0.06971880642049655,0.0009706269363505271
2358,0.57568359375,7.801994213418628,-0.3794022862903604,0.06994892254721208,0.0009729769835189472
2359,0.575927734375,7.831600317707953,-0.3808826816156859,0.07017903867398445,0.0009753270307442108
2360,0.576171875,7.861206421997279,-0.38236307694101146,0.07040915480069998,0.0009776770779694743
2361,0.576416015625,7.890812526286614,-0.38384347226633736,0.07063927092747235,0.0009800271251378945
2362,0.57666015625,7.92041863057594,-0.3853238675916629,0.07086938705418788,0.000982377172363158
2363,0.576904296875,7.9500247348652655,-0.38680426291698844,0.07109950318096026,0.0009847272195884216
2364,0.5771484375,7.979630839154591,-0.388284658242314,0.07132961930767578,0.0009870772667568417
2365,0.577392578125,8.009236943443916,-0.3897650535676395,0.07155973543444816,0.0009894273139821053
2366,0.57763671875,8.03884304773325,-0.3912454488929654,0.07178985156116369,0.0009917773612073688
2367,0.577880859375,8.068449152022575,-0.39272584421829093,0.07201996768793606,0.000994127408375789
2368,0.578125,8.098055256311902,-0.3942062395436165,0.07225008381465159,0.0009964774556010525
2369,0.578369140625,8.128823984998395,-0.39574828831406755,0.07248141073159786,0.0009985523302020738
2370,0.57861328125,8.159592713684889,-0.39729033708451866,0.07271273764854413,0.001000627204803095
2371,0.578857421875,8.19036144237139,-0.39883238585497016,0.07294406456543356,0.0010027020794041164
2372,0.5791015625,8.221130171057885,-0.4003744346254212,0.07317539148237984,0.001004776954061981
2373,0.579345703125,8.25189889974438,-0.4019164833958723,0.07340671839932611,0.0010068518286630024
2374,0.57958984375,8.282667628430872,-0.4034585321663234,0.07363804531627238,0.0010089267032640237
2375,0.579833984375,8.313436357117366,-0.4050005809367745,0.07386937223316181,0.001011001577865045
2376,0.580078125,8.34420508580387,-0.406542629707226,0.07410069915010808,0.0010130764524660663
2377,0.580322265625,8.374973814490362,-0.40808467847767704,0.07433202606705436,0.0010151513270670875
2378,0.58056640625,8.405742543176856,-0.4096267272481281,0.07456335298400063,0.0010172262017249523
2379,0.580810546875,8.436511271863349,-0.4111687760185792,0.07479467990089006,0.0010193010763259736
2380,0.5810546875,8.467280000549843,-0.41271082478903026,0.07502600681783633,0.0010213759509269948
2381,0.581298828125,8.498048729236347,-0.4142528735594818,0.0752573337347826,0.0010234508255280161
2382,0.58154296875,8.52881745792284,-0.41579492232993287,0.07548866065172888,0.0010255257001290374
2383,0.581787109375,8.559586186609334,-0.4173369711003839,0.07571998756861831,0.0010276005747300587
2384,0.58203125,8.590354915295826,-0.418879019870835,0.07595131448556458,0.0010296754493879234
2385,0.582275390625,8.62112364398232,-0.42042106864128614,0.07618264140251085,0.0010317503239889447
2386,0.58251953125,8.651892372668822,-0.4219631174117376,0.07641396831945713,0.001033825198589966
2387,0.582763671875,8.682661101355317,-0.4235051661821887,0.0766452952364034,0.0010359000731909873
2388,0.5830078125,8.713429830041811,-0.42504721495263975,0.07687662215329283,0.0010379749477920086
2389,0.583251953125,8.744198558728304,-0.42658926372309086,0.0771079490702391,0.00104004982239303
2390,0.58349609375,8.774967287414798,-0.4281313124935419,0.07733927598718537,0.0010421246969940512
2391,0.583740234375,8.8057360161013,-0.42967336126399347,0.07757060290413165,0.001044199571651916
2392,0.583984375,8.836504744787794,-0.4312154100344445,0.07780192982102108,0.0010462744462529372
2393,0.584228515625,8.867273473474288,-0.4327574588048956,0.07803325673796735,0.0010483493208539585
2394,0.58447265625,8.89854223020727,-0.4343240121975564,0.0782651120734954,0.0010502999278969583
2395,0.584716796875,8.930561029009981,-0.4359273225235318,0.07849776003683928,0.0010520641336029257
2396,0.5849609375,8.962579827812704,-0.4375306328495076,0.07873040800024,0.0010538283393088932
2397,0.585205078125,8.994598626615414,-0.43913394317548304,0.07896305596358388,0.0010555925449580172
2398,0.58544921875,9.026617425418126,-0.44073725350145837,0.0791957039269846,0.0010573567506639847
2399,0.585693359375,9.05863622422084,-0.4423405638274338,0.07942835189032849,0.0010591209563699522
2400,0.5859375,9.090655023023551,-0.44394387415340913,0.07966099985372921,0.0010608851620759197
2401,0.586181640625,9.122673821826272,-0.44554718447938507,0.07989364781712993,0.0010626493677818871
2402,0.58642578125,9.154692620628985,-0.4471504948053604,0.08012629578047381,0.0010644135734878546
2403,0.586669921875,9.186711419431695,-0.44875380513133584,0.08035894374387453,0.001066177779193822
2404,0.5869140625,9.218730218234409,-0.45035711545731116,0.08059159170721841,0.0010679419848429461
2405,0.587158203125,9.250749017037121,-0.4519604257832866,0.08082423967061914,0.0010697061905489136
2406,0.58740234375,9.282767815839842,-0.4535637361092624,0.08105688763396302,0.001071470396254881
2407,0.587646484375,9.314786614642555,-0.45516704643523775,0.08128953559736374,0.0010732346019608485
2408,0.587890625,9.346805413445264,-0.4567703567612132,0.08152218356070762,0.001074998807666816
2409,0.588134765625,9.378824212247977,-0.4583736670871885,0.08175483152410834,0.0010767630133727835
2410,0.58837890625,9.41084301105069,-0.45997697741316396,0.08198747948745222,0.0010785272190219075
2411,0.588623046875,9.442861809853412,-0.4615802877391398,0.08222012745085294,0.001080291424727875
2412,0.5888671875,9.474880608656123,-0.4631835980651152,0.08245277541419682,0.0010820556304338425
2413,0.589111328125,9.506899407458834,-0.46478690839109055,0.08268542337759754,0.00108381983613981
2414,0.58935546875,9.538918206261547,-0.4663902187170659,0.08291807134094142,0.0010855840418457774
2415,0.589599609375,9.570937005064259,-0.4679935290430413,0.08315071930434215,0.0010873482475517449
2416,0.58984375,9.60295580386698,-0.46959683936901714,0.08338336726774287,0.0010891124532577123
2417,0.590087890625,9.634974602669693,-0.4712001496949926,0.08361601523108675,0.0010908766589068364
2418,0.59033203125,9.666993401472403,-0.4728034600209679,0.08384866319448747,0.0010926408646128039
2419,0.590576171875,9.699012200275115,-0.47440677034694334,0.08408131115783135,0.0010944050703187713
2420,0.5908203125,9.73209903095543,-0.4760564664474593,0.08431510108590601,0.001095890197461813
2421,0.591064453125,9.765452869605157,-0.47771775899161084,0.08454917650516336,0.0010973055549357014
2422,0.59130859375,9.798806708254874,-0.47937905153576194,0.08478325192442071,0.0010987209124664332
2423,0.591552734375,9.832160546904591,-0.48104034407991303,0.08501732734362122,0.0011001362699403217
2424,0.591796875,9.865514385554308,-0.4827016366240642,0.08525140276287857,0.00110155162741421
2425,0.592041015625,9.898868224204024,-0.4843629291682152,0.08548547818213592,0.001102966984944942
2426,0.59228515625,9.932222062853752,-0.48602422171236687,0.08571955360139327,0.0011043823424188304
2427,0.592529296875,9.965575901503469,-0.4876855142565179,0.08595362902059378,0.0011057976998927188
2428,0.5927734375,9.998929740153185,-0.48934680680066905,0.08618770443985113,0.0011072130574234507
2429,0.593017578125,10.0322835788029,-0.4910080993448202,0.08642177985910848,0.001108628414897339
2430,0.59326171875,10.065637417452617,-0.49266939188897124,0.08665585527830899,0.0011100437723712275
2431,0.593505859375,10.098991256102344,-0.4943306844331229,0.08688993069756634,0.0011114591299019594
2432,0.59375,10.132345094752063,-0.49599197697727404,0.0871240061168237,0.0011128744873758478
2433,0.593994140625,10.165698933401778,-0.4976532695214251,0.08735808153608104,0.0011142898448497363
2434,0.59423828125,10.199052772051495,-0.49931456206557623,0.08759215695528155,0.0011157052023804681
2435,0.594482421875,10.232406610701211,-0.5009758546097273,0.0878262323745389,0.0011171205598543565
2436,0.5947265625,10.265760449350939,-0.5026371471538789,0.08806030779379626,0.001118535917328245
2437,0.594970703125,10.299114288000656,-0.50429843969803,0.0882943832130536,0.0011199512748589768
2438,0.59521484375,10.33246812665037,-0.505959732242181,0.08852845863225411,0.0011213666323328653
2439,0.595458984375,10.365821965300087,-0.5076210247863322,0.08876253405151147,0.0011227819898067537
2440,0.595703125,10.399175803949806,-0.5092823173304832,0.08899660947076882,0.0011241973473374856
2441,0.595947265625,10.43252964259953,-0.5109436098746349,0.08923068489002617,0.001125612704811374
2442,0.59619140625,10.465883481249248,-0.512604902418786,0.08946476030922668,0.0011270280622852624
2443,0.596435546875,10.499237319898965,-0.5142661949629371,0.08969883572848403,0.0011284434198159943
2444,0.5966796875,10.532591158548682,-0.5159274875070882,0.08993291114774138,0.0011298587772898827
2445,0.596923828125,10.56622839066075,-0.5175989858516387,0.0901672920097667,0.0011311962114746166
2446,0.59716796875,10.600999196622233,-0.5193113073977871,0.09040289464286388,0.0011322219524458887
2447,0.597412109375,10.635770002583707,-0.5210236289439351,0.09063849727601792,0.001133247693417161
2448,0.59765625,10.67054080854518,-0.522735950490083,0.0908740999091151,0.0011342734343315897
2449,0.597900390625,10.705311614506654,-0.524448272036231,0.09110970254226913,0.0011352991753028618
2450,0.59814453125,10.740082420468127,-0.5261605935823789,0.09134530517536632,0.001136324916274134
2451,0.598388671875,10.77485322642961,-0.5278729151285274,0.09158090780846351,0.0011373506572454062
2452,0.5986328125,10.809624032391083,-0.5295852366746753,0.09181651044161754,0.0011383763982166784
2453,0.598876953125,10.844394838352557,-0.5312975582208234,0.09205211307471473,0.001139402139131107
2454,0.59912109375,10.879165644314032,-0.5330098797669712,0.09228771570786876,0.0011404278801023793
2455,0.599365234375,10.913936450275505,-0.5347222013131192,0.09252331834096594,0.0011414536210736514
2456,0.599609375,10.948707256236988,-0.5364345228592676,0.09275892097406313,0.0011424793620449236
2457,0.599853515625,10.983478062198461,-0.5381468444054156,0.09299452360721716,0.0011435051030161958
2458,0.60009765625,11.018248868159935,-0.5398591659515635,0.09323012624031435,0.0011445308439306245
2459,0.600341796875,11.053019674121408,-0.5415714874977116,0.09346572887346838,0.0011455565849018967
2460,0.6005859375,11.087790480082882,-0.5432838090438595,0.09370133150656557,0.0011465823258731689
2461,0.600830078125,11.122561286044366,-0.544996130590008,0.0939369341397196,0.001147608066844441
2462,0.60107421875,11.157332092005838,-0.5467084521361559,0.09417253677281678,0.0011486338077588698
2463,0.601318359375,11.192102897967313,-0.5484207736823038,0.09440813940591397,0.001149659548730142
2464,0.6015625,11.226873703928785,-0.5501330952284519,0.094643742039068,0.0011506852897014141
2465,0.601806640625,11.261644509890258,-0.5518454167745996,0.09487934467216519,0.0011517110306726863
2466,0.60205078125,11.296415315851743,-0.5535577383207483,0.09511494730531922,0.0011527367716439585
2467,0.602294921875,11.331186121813218,-0.5552700598668961,0.0953505499384164,0.0011537625125583872
2468,0.6025390625,11.36595692777469,-0.556982381413044,0.0955861525715136,0.0011547882535296594
2469,0.602783203125,11.400727733736163,-0.558694702959192,0.09582175520466762,0.0011558139945009316
2470,0.60302734375,11.435498539697637,-0.56040702450534,0.09605735783776481,0.0011568397354722038
2471,0.603271484375,11.471166484802437,-0.562143059423932,0.09629393068678382,0.0011576058250852839
2472,0.603515625,11.50743252266944,-0.563894903257486,0.09653115034637949,0.0011581988138686938
2473,0.603759765625,11.543698560536443,-0.5656467470910398,0.09676837000597516,0.0011587918026521038
2474,0.60400390625,11.579964598403444,-0.5673985909245937,0.09700558966557082,0.0011593847914355138
2475,0.604248046875,11.616230636270446,-0.5691504347581477,0.09724280932516649,0.0011599777802189237
2476,0.6044921875,11.652496674137458,-0.5709022785917022,0.09748002898476216,0.0011605707690023337
2477,0.604736328125,11.68876271200446,-0.5726541224252559,0.09771724864435782,0.0011611637577857437
2478,0.60498046875,11.725028749871461,-0.5744059662588099,0.09795446830395349,0.0011617567465691536
2479,0.605224609375,11.761294787738466,-0.5761578100923639,0.09819168796354916,0.0011623497353525636
2480,0.60546875,11.797560825605467,-0.5779096539259178,0.09842890762314482,0.0011629427240791301
2481,0.605712890625,11.833826863472481,-0.5796614977594722,0.09866612728274049,0.00116353571286254
2482,0.60595703125,11.870092901339483,-0.581413341593026,0.09890334694233616,0.00116412870164595
2483,0.606201171875,11.906358939206484,-0.58316518542658,0.09914056660193182,0.00116472169042936
2484,0.6064453125,11.942624977073487,-0.5849170292601339,0.09937778626158433,0.00116531467921277
2485,0.606689453125,11.978891014940489,-0.5866688730936879,0.09961500592118,0.00116590766799618
2486,0.60693359375,12.015157052807501,-0.5884207169272422,0.09985222558077567,0.00116650065677959
2487,0.607177734375,12.051423090674504,-0.5901725607607962,0.10008944524037133,0.0011670936455629999
2488,0.607421875,12.087689128541506,-0.5919244045943501,0.100326664899967,0.0011676866343464098
2489,0.607666015625,12.123955166408509,-0.5936762484279041,0.10056388455956267,0.0011682796231298198
2490,0.60791015625,12.16022120427551,-0.5954280922614579,0.10080110421915833,0.0011688726119132298
2491,0.608154296875,12.196487242142524,-0.5971799360950123,0.101038323878754,0.0011694656006397963
2492,0.6083984375,12.232753280009526,-0.5989317799285663,0.10127554353834967,0.0011700585894232063
2493,0.608642578125,12.269019317876527,-0.6006836237621203,0.10151276319794533,0.0011706515782066163
2494,0.60888671875,12.30528535574353,-0.602435467595674,0.101749982857541,0.0011712445669900262
2495,0.609130859375,12.341551393610533,-0.6041873114292281,0.10198720251713667,0.0011718375557734362
2496,0.609375,12.377817431477544,-0.6059391552627824,0.10222442217673233,0.0011724305445568461
2497,0.609619140625,12.415652631709134,-0.6077134972659294,0.1024633349475721,0.0011725456569706694
2498,0.60986328125,12.453487831940723,-0.6094878392690762,0.1027022477184687,0.001172660769441336
2499,0.610107421875,12.491323032172312,-0.6112621812722233,0.10294116048930846,0.0011727758818551592
2500,0.6103515625,12.529158232403901,-0.6130365232753702,0.10318007326014822,0.0011728909942689825
2501,0.610595703125,12.566993432635504,-0.6148108652785177,0.10341898603098798,0.0011730061067396491
2502,0.61083984375,12.604828632867093,-0.6165852072816645,0.10365789880188458,0.0011731212191534723
2503,0.611083984375,12.642663833098682,-0.6183595492848115,0.10389681157272435,0.0011732363315672956
2504,0.611328125,12.680499033330271,-0.6201338912879585,0.1041357243435641,0.0011733514440379622
2505,0.611572265625,12.71833423356186,-0.6219082332911053,0.10437463711446071,0.0011734665564517854
2506,0.61181640625,12.75616943379346,-0.6236825752942529,0.10461354988530047,0.0011735816688656087
2507,0.612060546875,12.794004634025049,-0.6254569172973997,0.10485246265614023,0.0011736967813362753
2508,0.6123046875,12.831839834256638,-0.6272312593005468,0.10509137542698,0.0011738118937500985
2509,0.612548828125,12.869675034488226,-0.6290056013036937,0.1053302881978766,0.0011739270061639218
2510,0.61279296875,12.907510234719815,-0.6307799433068406,0.10556920096871636,0.0011740421186345884
2511,0.613037109375,12.945345434951419,-0.632554285309988,0.10580811373955612,0.0011741572310484116
2512,0.61328125,12.983180635183007,-0.6343286273131349,0.10604702651045272,0.0011742723434622349
2513,0.613525390625,13.021015835414596,-0.6361029693162819,0.10628593928129249,0.0011743874559329015
2514,0.61376953125,13.058851035646185,-0.6378773113194288,0.10652485205213225,0.0011745025683467247
2515,0.614013671875,13.096686235877776,-0.6396516533225758,0.10676376482297201,0.001174617680760548
2516,0.6142578125,13.134521436109374,-0.6414259953257232,0.10700267759386861,0.0011747327932312146
2517,0.614501953125,13.172356636340963,-0.6432003373288702,0.10724159036470837,0.0011748479056450378
2518,0.61474609375,13.210191836572552,-0.6449746793320171,0.10748050313554813,0.001174963018058861
2519,0.614990234375,13.248027036804142,-0.646749021335164,0.1077194159063879,0.0011750781305295277
2520,0.615234375,13.285862237035733,-0.648523363338311,0.1079583286772845,0.001175193242943351
2521,0.615478515625,13.323697437267333,-0.6502977053414584,0.10819724144812426,0.0011753083553571742
2522,0.61572265625,13.362187853886761,-0.652071616453383,0.1084368547050758,0.0011752136993550266
2523,0.615966796875,13.401661095087949,-0.6538448812284743,0.10867751869108133,0.0011748043906436578
2524,0.6162109375,13.441134336289137,-0.6556181460035655,0.1089181826771437,0.0011743950818754456
2525,0.616455078125,13.480607577490325,-0.6573914107786567,0.10915884666314923,0.0011739857731640768
2526,0.61669921875,13.520080818691527,-0.6591646755537482,0.1093995106492116,0.001173576464452708
2527,0.616943359375,13.559554059892715,-0.6609379403288396,0.10964017463527398,0.0011731671557413392
2528,0.6171875,13.599027301093905,-0.6627112051039307,0.10988083862127951,0.001172757846973127
2529,0.617431640625,13.638500542295095,-0.6644844698790219,0.11012150260734188,0.0011723485382617582
2530,0.61767578125,13.677973783496283,-0.666257734654113,0.11036216659334741,0.0011719392295503894
2531,0.617919921875,13.717447024697481,-0.6680309994292047,0.11060283057940978,0.0011715299207821772
2532,0.6181640625,13.756920265898671,-0.669804264204296,0.11084349456547216,0.0011711206120708084
2533,0.618408203125,13.79639350709986,-0.6715775289793872,0.11108415855147769,0.0011707113033594396
2534,0.61865234375,13.835866748301047,-0.6733507937544781,0.11132482253754006,0.0011703019946480708
2535,0.618896484375,13.875339989502235,-0.6751240585295695,0.11156548652354559,0.0011698926858798586
2536,0.619140625,13.914813230703436,-0.6768973233046611,0.11180615050960796,0.0011694833771684898
2537,0.619384765625,13.954286471904624,-0.6786705880797523,0.11204681449567033,0.001169074068457121
2538,0.61962890625,13.993759713105812,-0.6804438528548434,0.11228747848167586,0.0011686647597457522
2539,0.619873046875,14.033232954307,-0.6822171176299348,0.11252814246773823,0.00116825545097754
2540,0.6201171875,14.07270619550819,-0.683990382405026,0.11276880645374376,0.0011678461422661712
2541,0.620361328125,14.11217943670939,-0.6857636471801176,0.11300947043980614,0.0011674368335548024
2542,0.62060546875,14.15165267791058,-0.6875369119552087,0.11325013442586851,0.0011670275247865902
2543,0.620849609375,14.191125919111768,-0.6893101767302999,0.11349079841187404,0.0011666182160752214
2544,0.62109375,14.230599160312956,-0.6910834415053911,0.11373146239793641,0.0011662089073638526
2545,0.621337890625,14.270072401514145,-0.6928567062804823,0.11397212638394194,0.0011657995986524838
2546,0.62158203125,14.309545642715344,-0.694629971055574,0.11421279037000431,0.0011653902898842716
2547,0.621826171875,14.349018883916532,-0.6964032358306652,0.11445345435606669,0.0011649809811729028
2548,0.6220703125,14.389853011527833,-0.6981506709201633,0.11469554766489409,0.0011641143962037859
2549,0.622314453125,14.431027360741659,-0.6998916485882631,0.11493799830441276,0.0011631334921844427
2550,0.62255859375,14.472201709955486,-0.7016326262563629,0.11518044894393142,0.0011621525881082562
2551,0.622802734375,14.513376059169326,-0.7033736039244632,0.11542289958350693,0.001161171684088913
2552,0.623046875,14.554550408383154,-0.7051145815925631,0.1156653502230256,0.0011601907800695699
2553,0.623291015625,14.595724757596981,-0.7068555592606629,0.11590780086254426,0.0011592098759933833
2554,0.62353515625,14.63689910681081,-0.7085965369287628,0.11615025150211977,0.0011582289719740402
2555,0.623779296875,14.678073456024638,-0.7103375145968627,0.11639270214163844,0.001157248067954697
2556,0.6240234375,14.719247805238478,-0.712078492264963,0.1166351527811571,0.0011562671638785105
2557,0.624267578125,14.760422154452305,-0.7138194699330628,0.11687760342073261,0.0011552862598591673
2558,0.62451171875,14.801596503666133,-0.7155604476011627,0.11712005406025128,0.0011543053558398242
2559,0.624755859375,14.84277085287996,-0.7173014252692625,0.11736250469976994,0.0011533244517636376
2560,0.625,14.883945202093788,-0.7190424029373623,0.11760495533928861,0.0011523435477442945
2561,0.625244140625,14.925119551307628,-0.7207833806054627,0.11784740597886412,0.0011513626437249513
2562,0.6254882812499999,14.96629390052144,-0.7225243582735621,0.11808985661838278,0.0011503817396487648
2563,0.625732421875,15.00746824973528,-0.7242653359416624,0.11833230725790145,0.0011494008356294216
2564,0.6259765625,15.048642598949122,-0.7260063136097626,0.11857475789747696,0.0011484199316100785
2565,0.626220703125,15.08981694816294,-0.7277472912778621,0.11881720853699562,0.001147439027533892
2566,0.62646484375,15.130991297376779,-0.7294882689459623,0.11905965917651429,0.0011464581235145488
2567,0.6267089843749999,15.172165646590592,-0.7312292466140616,0.1193021098160898,0.0011454772194952056
2568,0.626953125,15.213339995804432,-0.732970224282162,0.11954456045560846,0.001144496315419019
2569,0.627197265625,15.254514345018272,-0.7347112019502623,0.11978701109512713,0.001143515411399676
2570,0.62744140625,15.295688694232087,-0.7364521796183616,0.12002946173470264,0.0011425345073803328
2571,0.627685546875,15.336863043445927,-0.738193157286462,0.1202719123742213,0.0011415536033041462
2572,0.6279296874999999,15.378037392659742,-0.7399341349545614,0.12051436301373997,0.001140572699284803
2573,0.628173828125,15.419563255110763,-0.7416606654328409,0.12075717252821505,0.0011394681256433614
2574,0.62841796875,15.46249517051051,-0.7433294071518374,0.12100141754251581,0.0011378688735135256
2575,0.628662109375,15.505427085910235,-0.744998148870833,0.12124566255681657,0.0011362696213836898
2576,0.62890625,15.548359001309981,-0.7466668905898296,0.12148990757106048,0.0011346703693106974
2577,0.6291503906249999,15.591290916709706,-0.7483356323088253,0.12173415258536124,0.0011330711171808616
2578,0.62939453125,15.634222832109453,-0.7500043740278217,0.121978397599662,0.0011314718650510258
2579,0.629638671875,15.677154747509197,-0.7516731157468183,0.12222264261396276,0.0011298726129780334
2580,0.6298828125,15.720086662908924,-0.753341857465814,0.12246688762820668,0.0011282733608481976
2581,0.630126953125,15.76301857830867,-0.7550105991848105,0.12271113264250744,0.0011266741087183618
2582,0.6303710937499999,15.805950493708396,-0.7566793409038062,0.1229553776568082,0.0011250748566453694
2583,0.630615234375,15.84888240910814,-0.7583480826228026,0.12319962267110895,0.0011234756045155336
2584,0.630859375,15.891814324507887,-0.7600168243417992,0.12344386768535287,0.0011218763523856978
2585,0.631103515625,15.934746239907613,-0.7616855660607947,0.12368811269965363,0.001120277100255862
2586,0.63134765625,15.977678155307359,-0.7633543077797913,0.12393235771395439,0.0011186778481828696
2587,0.6315917968749999,16.020610070707082,-0.765023049498787,0.1241766027281983,0.0011170785960530338
2588,0.6318359375,16.06354198610683,-0.7666917912177834,0.12442084774249906,0.001115479343923198
2589,0.632080078125,16.106473901506575,-0.7683605329367801,0.12466509275679982,0.0011138800918502056
2590,0.63232421875,16.149405816906302,-0.7700292746557756,0.12490933777110058,0.0011122808397203698
2591,0.632568359375,16.192337732306047,-0.7716980163747722,0.1251535827853445,0.001110681587590534
2592,0.6328124999999999,16.235269647705774,-0.7733667580937679,0.12539782779964526,0.0011090823355175417
2593,0.633056640625,16.27820156310552,-0.7750354998127642,0.12564207281394602,0.0011074830833877058
2594,0.63330078125,16.321133478505267,-0.7767042415317609,0.12588631782818993,0.00110588383125787
2595,0.633544921875,16.36406539390499,-0.7783729832507564,0.1261305628424907,0.0011042845791280342
2596,0.6337890625,16.40699730930474,-0.7800417249697531,0.12637480785679145,0.0011026853270550419
2597,0.6340332031249999,16.44992922470446,-0.7817104666887487,0.1266190528710922,0.001101086074925206
2598,0.63427734375,16.492861140104207,-0.7833792084077451,0.12686329788533612,0.0010994868227953702
2599,0.634521484375,16.53687700618517,-0.7849747423343668,0.12710860433389826,0.0010974895711797217
2600,0.634765625,16.58161550605358,-0.7865214710660706,0.12735461840520657,0.001095226986592479
2601,0.635009765625,16.626354005922018,-0.7880681997977753,0.12760063247657172,0.0010929644020052365
2602,0.6352539062499999,16.67109250579043,-0.7896149285294792,0.12784664654793687,0.0010907018174179939
2603,0.635498046875,16.715831005658863,-0.7911616572611839,0.12809266061930202,0.0010884392327739079
2604,0.6357421875,16.7605695055273,-0.7927083859928888,0.12833867469066718,0.0010861766481866653
2605,0.635986328125,16.805308005395712,-0.7942551147245926,0.12858468876203233,0.0010839140635994227
2606,0.63623046875,16.850046505264146,-0.7958018434562973,0.12883070283334064,0.0010816514789553366
2607,0.6364746093749999,16.894785005132558,-0.7973485721880013,0.1290767169047058,0.001079388894368094
2608,0.63671875,16.939523505000995,-0.7988953009197061,0.12932273097607094,0.0010771263097808514
2609,0.636962890625,16.984262004869432,-0.8004420296514106,0.1295687450474361,0.0010748637251367654
2610,0.63720703125,17.029000504737844,-0.8019887583831147,0.12981475911880125,0.0010726011405495228
2611,0.637451171875,17.073739004606278,-0.8035354871148194,0.13006077319010956,0.0010703385559622802
2612,0.6376953124999999,17.118477504474694,-0.8050822158465232,0.1303067872614747,0.0010680759713750376
2613,0.637939453125,17.163216004343127,-0.8066289445782281,0.13055280133283986,0.0010658133867309516
2614,0.63818359375,17.207954504211564,-0.8081756733099327,0.13079881540420502,0.001063550802143709
2615,0.638427734375,17.252693004079976,-0.8097224020416368,0.13104482947557017,0.0010612882175564664
2616,0.638671875,17.297431503948413,-0.8112691307733414,0.13129084354693532,0.0010590256329123804
2617,0.6389160156249999,17.342170003816822,-0.8128158595050453,0.13153685761824363,0.0010567630483251378
2618,0.63916015625,17.38690850368526,-0.8143625882367501,0.13178287168960878,0.0010545004637378952
2619,0.639404296875,17.431647003553696,-0.8159093169684549,0.13202888576097394,0.0010522378790938092
2620,0.6396484375,17.476385503422108,-0.8174560457001588,0.1322748998323391,0.0010499752945065666
2621,0.639892578125,17.521124003290545,-0.8190027744318634,0.13252091390370424,0.001047712709919324
2622,0.6401367187499999,17.565862503158954,-0.8205495031635673,0.13276692797501255,0.0010454501253320814
2623,0.640380859375,17.61060100302739,-0.8220962318952721,0.1330129420463777,0.0010431875406879954
2624,0.640625,17.65533950289583,-0.8236429606269767,0.13325895611774285,0.0010409249561007528
2625,0.640869140625,17.701925303764938,-0.8250070432538492,0.1335066754294303,0.0010379575023193865
2626,0.64111328125,17.748511104634076,-0.8263711258807226,0.13375439474106088,0.001034990048481177
2627,0.6413574218749999,17.79509690550319,-0.8277352085075951,0.1340021140527483,0.0010320225946998107
2628,0.6416015625,17.841682706372325,-0.8290992911344685,0.1342498333643789,0.0010290551409184445
2629,0.641845703125,17.888268507241463,-0.8304633737613417,0.13449755267606633,0.0010260876871370783
2630,0.64208984375,17.934854308110573,-0.8318274563882142,0.13474527198769692,0.0010231202332988687
2631,0.642333984375,17.98144010897971,-0.8331915390150875,0.13499299129938436,0.0010201527795175025
2632,0.6425781249999999,18.028025909848825,-0.8345556216419601,0.13524071061101495,0.0010171853257361363
2633,0.642822265625,18.074611710717964,-0.8359197042688332,0.13548842992270238,0.0010142178718979267
2634,0.64306640625,18.1211975115871,-0.8372837868957067,0.13573614923433297,0.0010112504181165605
2635,0.643310546875,18.167783312456212,-0.8386478695225791,0.1359838685460204,0.0010082829643351943
2636,0.6435546875,18.214369113325347,-0.8400119521494525,0.136231587857651,0.0010053155104969846
2637,0.6437988281249999,18.260954914194464,-0.8413760347763249,0.13647930716933843,0.0010023480567156184
2638,0.64404296875,18.3075407150636,-0.8427401174031982,0.13672702648102586,0.0009993806029342522
2639,0.644287109375,18.354126515932737,-0.8441042000300715,0.13697474579265645,0.000996413149152886
2640,0.64453125,18.400712316801847,-0.8454682826569441,0.13722246510434388,0.0009934456953146764
2641,0.644775390625,18.447298117670986,-0.8468323652838173,0.13747018441597447,0.0009904782415333102
2642,0.6450195312499999,18.493883918540096,-0.8481964479106899,0.1377179037276619,0.000987510787751944
2643,0.645263671875,18.540469719409234,-0.8495605305375631,0.1379656230392925,0.0009845433339137344
2644,0.6455078125,18.587055520278373,-0.8509246131644365,0.13821334235097993,0.0009815758801323682
2645,0.645751953125,18.633641321147483,-0.852288695791309,0.13846106166261052,0.000978608426351002
2646,0.64599609375,18.680227122016618,-0.8536527784181822,0.13870878097429795,0.0009756409725127924
2647,0.6462402343749999,18.72681292288573,-0.8550168610450549,0.13895650028592854,0.0009726735187314262
2648,0.646484375,18.77339872375487,-0.8563809436719281,0.13920421959761597,0.00096970606495006
2649,0.646728515625,18.819984524624008,-0.8577450262988013,0.13945193890924656,0.0009667386111686938
2650,0.64697265625,18.867321855229488,-0.8590070908853161,0.13970029722008803,0.0009634747925701959
2651,0.647216796875,18.915786480439554,-0.8601161284112946,0.13994961402966055,0.0009597664268312656
2652,0.6474609374999999,18.96425110564959,-0.8612251659372724,0.14019893083923307,0.0009560580610923353
2653,0.647705078125,19.012715730859657,-0.8623342034632508,0.14044824764874875,0.000952349695353405
2654,0.64794921875,19.061180356069723,-0.8634432409892292,0.14069756445832127,0.0009486413296144747
2655,0.648193359375,19.10964498127976,-0.8645522785152071,0.1409468812678938,0.0009449329638755444
2656,0.6484375,19.158109606489823,-0.8656613160411855,0.1411961980774663,0.0009412245981366141
2657,0.6486816406249999,19.20657423169986,-0.8667703535671634,0.14144551488703883,0.0009375162323408404
2658,0.64892578125,19.255038856909923,-0.8678793910931418,0.1416948316965545,0.0009338078666019101
2659,0.649169921875,19.30350348211999,-0.8689884286191202,0.14194414850612702,0.0009300995008629798
2660,0.6494140625,19.35196810733003,-0.8700974661450981,0.14219346531569954,0.0009263911351240495
2661,0.649658203125,19.400432732540093,-0.8712065036710765,0.14244278212527206,0.0009226827693851192
2662,0.6499023437499999,19.44889735775013,-0.8723155411970543,0.14269209893478774,0.0009189744036461889
2663,0.650146484375,19.497361982960193,-0.8734245787230328,0.14294141574436026,0.0009152660379072586
2664,0.650390625,19.54582660817026,-0.8745336162490112,0.14319073255393278,0.0009115576721683283
2665,0.650634765625,19.594291233380297,-0.8756426537749891,0.1434400493635053,0.000907849306429398
2666,0.65087890625,19.64275585859036,-0.8767516913009675,0.14368936617302097,0.0009041409406904677
2667,0.6511230468749999,19.691220483800397,-0.8778607288269453,0.1439386829825935,0.0009004325749515374
2668,0.6513671875,19.739685109010466,-0.8789697663529238,0.144187999792166,0.0008967242092126071
2669,0.651611328125,19.78814973422053,-0.8800788038789021,0.14443731660173853,0.0008930158434168334
2670,0.65185546875,19.836614359430566,-0.88118784140488,0.14468663341131105,0.0008893074776779031
2671,0.652099609375,19.88507898464063,-0.8822968789308584,0.14493595022082673,0.0008855991119389728
2672,0.6523437499999999,19.933543609850666,-0.8834059164568363,0.14518526703039925,0.0008818907462000425
2673,0.652587890625,19.982008235060732,-0.8845149539828149,0.14543458383997176,0.0008781823804611122
2674,0.65283203125,20.030472860270795,-0.8856239915087931,0.14568390064954428,0.0008744740147221819
2675,0.653076171875,20.078937485480836,-0.8867330290347711,0.14593321745905996,0.0008707656489832516
2676,0.6533203125,20.12892229663594,-0.8875701199068758,0.1461836867891293,0.000866442069536788
2677,0.6535644531249999,20.17928715427727,-0.8883392241155118,0.1464344442492802,0.0008619646866918629
2678,0.65380859375,20.22965201191863,-0.889108328324148,0.1466852017094311,0.0008574873038469377
2679,0.654052734375,20.280016869559997,-0.8898774325327843,0.14693595916958202,0.0008530099209451691
2680,0.654296875,20.33038172720133,-0.8906465367414202,0.14718671662973293,0.000848532538100244
2681,0.654541015625,20.380746584842694,-0.8914156409500565,0.14743747408988384,0.0008440551552553188
2682,0.6547851562499999,20.43111144248403,-0.8921847451586924,0.14768823155003474,0.0008395777724103937
2683,0.655029296875,20.481476300125394,-0.8929538493673287,0.14793898901018565,0.0008351003895086251
2684,0.6552734375,20.531841157766753,-0.893722953575965,0.14818974647033656,0.0008306230066636999
2685,0.655517578125,20.58220601540809,-0.8944920577846008,0.14844050393048747,0.0008261456238187748
2686,0.65576171875,20.63257087304945,-0.8952611619932371,0.14869126139063837,0.0008216682409738496
2687,0.6560058593749999,20.682935730690783,-0.8960302662018731,0.14894201885078928,0.000817190858072081
2688,0.65625,20.73330058833215,-0.8967993704105094,0.1491927763109402,0.0008127134752271559
2689,0.656494140625,20.78366544597351,-0.8975684746191456,0.1494435337710911,0.0008082360923822307
2690,0.65673828125,20.834030303614846,-0.8983375788277815,0.149694291231242,0.0008037587094804621
2691,0.656982421875,20.884395161256208,-0.8991066830364178,0.1499450486913929,0.000799281326635537
2692,0.6572265624999999,20.934760018897542,-0.8998757872450537,0.15019580615154382,0.0007948039437906118
2693,0.657470703125,20.985124876538908,-0.90064489145369,0.15044656361169473,0.0007903265609456867
2694,0.65771484375,21.035489734180267,-0.9014139956623265,0.15069732107184564,0.0007858491780439181
2695,0.657958984375,21.085854591821604,-0.9021830998709622,0.15094807853199654,0.0007813717951989929
2696,0.658203125,21.136219449462967,-0.9029522040795986,0.15119883599214745,0.0007768944123540678
2697,0.6584472656249999,21.186584307104297,-0.9037213082882344,0.15144959345229836,0.0007724170295091426
2698,0.65869140625,21.236949164745663,-0.9044904124968708,0.15170035091244927,0.000767939646607374
2699,0.658935546875,21.287314022387026,-0.9052595167055071,0.15195110837260017,0.0007634622637624489
2700,0.6591796875,21.33767888002836,-0.906028620914143,0.15220186583275108,0.0007589848809175237
2701,0.659423828125,21.388425851376336,-0.90671017177857,0.15245286929723534,0.0007543502342173269
2702,0.6596679687499999,21.440701277550723,-0.9070415092661597,0.152704856779053,0.0007490865320960438
2703,0.659912109375,21.49297670372514,-0.9073728467537497,0.1529568442608138,0.0007438228299747607
2704,0.66015625,21.545252129899556,-0.9077041842413396,0.15320883174263145,0.000738559127910321
2705,0.660400390625,21.597527556073942,-0.9080355217289293,0.15346081922439225,0.0007332954257890378
2706,0.66064453125,21.64980298224836,-0.9083668592165192,0.1537128067062099,0.0007280317236677547
2707,0.6608886718749999,21.702078408422746,-0.9086981967041089,0.1539647941879707,0.000722768021603315
2708,0.6611328125,21.75435383459717,-0.9090295341916987,0.15421678166978836,0.0007175043194820319
2709,0.661376953125,21.806629260771583,-0.9093608716792887,0.15446876915154917,0.0007122406174175921
2710,0.66162109375,21.858904686945973,-0.9096922091668783,0.15472075663336682,0.000706976915296309
2711,0.661865234375,21.911180113120388,-0.9100235466544684,0.15497274411518447,0.0007017132131750259
2712,0.6621093749999999,21.963455539294777,-0.9103548841420581,0.15522473159694528,0.0006964495111105862
2713,0.662353515625,22.015730965469192,-0.9106862216296479,0.15547671907876293,0.000691185808989303
2714,0.66259765625,22.068006391643614,-0.9110175591172378,0.15572870656052373,0.0006859221068680199
2715,0.662841796875,22.120281817818,-0.9113488966048274,0.15598069404234138,0.0006806584048035802
2716,0.6630859375,22.172557243992415,-0.9116802340924174,0.1562326815241022,0.0006753947026822971
2717,0.6633300781249999,22.2248326701668,-0.912011571580007,0.15648466900591984,0.0006701310005610139
2718,0.66357421875,22.27710809634122,-0.912342909067597,0.15673665648768065,0.0006648672984965742
2719,0.663818359375,22.32938352251564,-0.912674246555187,0.1569886439694983,0.0006596035963752911
2720,0.6640625,22.381658948690028,-0.9130055840427768,0.1572406314512591,0.000654339894254008
2721,0.664306640625,22.433934374864442,-0.9133369215303666,0.15749261893307676,0.0006490761921895682
2722,0.6645507812499999,22.48620980103883,-0.9136682590179563,0.1577446064148944,0.0006438124900682851
2723,0.664794921875,22.53848522721325,-0.9139995965055462,0.1579965938966552,0.0006385487880038454
2724,0.6650390625,22.590760653387665,-0.914330933993136,0.15824858137847286,0.0006332850858825623
2725,0.665283203125,22.643036079562055,-0.9146622714807258,0.15850056886023367,0.0006280213837612791
2726,0.66552734375,22.695311505736473,-0.9149936089683158,0.15875255634205132,0.0006227576816968394
2727,0.6657714843749999,22.748732231951927,-0.9149957621892567,0.15900512086147955,0.0006170202706243799
2728,0.666015625,22.802916491528126,-0.9147784592324325,0.15925807007266712,0.0006109670536034173
2729,0.666259765625,22.857100751104323,-0.914561156275608,0.1595110192838547,0.0006049138366392981
2730,0.66650390625,22.911285010680487,-0.9143438533187837,0.15976396849498542,0.0005988606196183355
2731,0.666748046875,22.965469270256683,-0.9141265503619593,0.160016917706173,0.0005928074025973729
2732,0.6669921874999999,23.01965352983285,-0.913909247405135,0.16026986691736056,0.0005867541856332537
2733,0.667236328125,23.073837789409048,-0.9136919444483105,0.16052281612854813,0.000580700968612291
2734,0.66748046875,23.128022048985244,-0.913474641491486,0.1607757653397357,0.0005746477515913284
2735,0.667724609375,23.182206308561412,-0.9132573385346618,0.16102871455092327,0.0005685945346272092
2736,0.66796875,23.236390568137608,-0.9130400355778373,0.16128166376211084,0.0005625413176062466
2737,0.6682128906249999,23.290574827713776,-0.912822732621013,0.1615346129732984,0.000556488100585284
2738,0.66845703125,23.344759087289972,-0.9126054296641885,0.16178756218448598,0.0005504348836211648
2739,0.668701171875,23.39894334686617,-0.9123881267073641,0.1620405113956167,0.0005443816666002022
2740,0.6689453125,23.453127606442333,-0.9121708237505398,0.16229346060680427,0.0005383284495792395
2741,0.669189453125,23.507311866018537,-0.9119535207937153,0.16254640981799184,0.0005322752326151203
2742,0.6694335937499999,23.5614961255947,-0.9117362178368908,0.1627993590291794,0.0005262220155941577
2743,0.669677734375,23.615680385170897,-0.9115189148800666,0.16305230824036698,0.0005201687985731951
2744,0.669921875,23.669864644747094,-0.9113016119232421,0.16330525745155455,0.0005141155815522325
2745,0.670166015625,23.72404890432326,-0.9110843089664178,0.16355820666274212,0.0005080623645881133
2746,0.67041015625,23.778233163899458,-0.9108670060095935,0.1638111558739297,0.0005020091475671506
2747,0.6706542968749999,23.832417423475626,-0.9106497030527692,0.16406410508511726,0.000495955930546188
2748,0.6708984375,23.88660168305182,-0.9104324000959446,0.164317054296248,0.0004899027135820688
2749,0.671142578125,23.940785942628022,-0.9102150971391201,0.16457000350743556,0.0004838494965611062
2750,0.67138671875,23.994970202204186,-0.909997794182296,0.16482295271862313,0.0004777962795401436
2751,0.671630859375,24.049154461780386,-0.9097804912254714,0.1650759019298107,0.0004717430625760244
2752,0.6718749999999999,24.103338721356547,-0.9095631882686471,0.16532885114099827,0.00046568984555506177
2753,0.672119140625,24.159416953980987,-0.9086737044575928,0.16558243336129408,0.0004588617697436348
2754,0.67236328125,24.215495186605423,-0.9077842206465384,0.16583601558153305,0.0004520336939322078
2755,0.672607421875,24.271573419229828,-0.9068947368354847,0.16608959780182886,0.00044520561806393744
2756,0.6728515625,24.327651651854264,-0.9060052530244306,0.16634318002206783,0.00043837754225251047
2757,0.6730957031249999,24.383729884478672,-0.9051157692133766,0.16659676224236364,0.0004315494664410835
2758,0.67333984375,24.43980811710311,-0.9042262854023224,0.16685034446265945,0.0004247213906296565
2759,0.673583984375,24.495886349727545,-0.9033368015912681,0.16710392668289842,0.00041789331476138614
2760,0.673828125,24.551964582351953,-0.9024473177802144,0.16735750890319423,0.00041106523894995917
2761,0.674072265625,24.608042814976386,-0.90155783396916,0.1676110911234332,0.0004042371631385322
2762,0.6743164062499999,24.664121047600794,-0.9006683501581062,0.167864673343729,0.0003974090873271052
2763,0.674560546875,24.720199280225234,-0.899778866347052,0.16811825556402482,0.00039058101145883484
2764,0.6748046875,24.776277512849667,-0.8988893825359976,0.1683718377842638,0.00038375293564740787
2765,0.675048828125,24.832355745474075,-0.8979998987249439,0.1686254200045596,0.0003769248598359809
2766,0.67529296875,24.888433978098508,-0.8971104149138895,0.16887900222479857,0.0003700967840245539
2767,0.6755371093749999,24.944512210722916,-0.8962209311028357,0.16913258444509438,0.00036326870815628354
2768,0.67578125,25.000590443347356,-0.8953314472917814,0.1693861666653902,0.00035644063234485657
2769,0.676025390625,25.056668675971792,-0.8944419634807272,0.16963974888562916,0.0003496125565334296
2770,0.67626953125,25.112746908596197,-0.8935524796696732,0.16989333110592497,0.0003427844807220026
2771,0.676513671875,25.168825141220633,-0.8926629958586192,0.17014691332616394,0.00033595640491057566
2772,0.6767578124999999,25.224903373845038,-0.8917735120475653,0.17040049554645975,0.00032912832904230527
2773,0.677001953125,25.280981606469478,-0.890884028236511,0.17065407776675556,0.0003223002532308783
2774,0.67724609375,25.337059839093914,-0.8899945444254568,0.17090765998699453,0.00031547217741945133
2775,0.677490234375,25.39313807171832,-0.889105060614403,0.17116124220729034,0.00030864410160802436
2776,0.677734375,25.449216304342755,-0.8882155768033486,0.1714148244275293,0.00030181602573975397
2777,0.6779785156249999,25.505294536967163,-0.8873260929922949,0.17166840664782512,0.000294987949928327
2778,0.67822265625,25.562118714243795,-0.8861136390155894,0.1719220858880135,0.00028786460421770244
2779,0.678466796875,25.620061808498722,-0.8844167297904063,0.17217591065809756,0.0002802983536298598
2780,0.6787109375,25.678004902753617,-0.8827198205652241,0.17242973542818163,0.0002727321030420171
2781,0.678955078125,25.735947997008548,-0.8810229113400411,0.1726835601982657,0.00026516585245417446
2782,0.6791992187499999,25.793891091263443,-0.8793260021148589,0.17293738496834976,0.0002575996018663318
2783,0.679443359375,25.85183418551837,-0.8776290928896757,0.17319120973843383,0.00025003335133533255
2784,0.6796875,25.9097772797733,-0.8759321836644924,0.17344503450846105,0.0002424671007474899
2785,0.679931640625,25.967720374028197,-0.8742352744393103,0.17369885927854511,0.00023490085015964723
2786,0.68017578125,26.025663468283128,-0.8725383652141271,0.17395268404862918,0.00022733459957180457
2787,0.6804199218749999,26.083606562538026,-0.8708414559889449,0.17420650881871325,0.00021976834898396191
2788,0.6806640625,26.141549656792954,-0.8691445467637617,0.1744603335887973,0.00021220209839611925
2789,0.680908203125,26.199492751047885,-0.8674476375385788,0.17471415835888138,0.0002046358478082766
2790,0.68115234375,26.25743584530278,-0.8657507283133965,0.17496798312896544,0.00019706959727727735
2791,0.681396484375,26.315378939557707,-0.8640538190882134,0.1752218078990495,0.0001895033466894347
2792,0.6816406249999999,26.373322033812602,-0.8623569098630313,0.17547563266913357,0.00018193709610159203
2793,0.681884765625,26.43126512806753,-0.8606600006378481,0.17572945743921764,0.00017437084551374937
2794,0.68212890625,26.48920822232246,-0.858963091412665,0.17598328220924486,0.0001668045949259067
2795,0.682373046875,26.547151316577356,-0.8572661821874829,0.17623710697932893,0.00015923834433806405
2796,0.6826171875,26.605094410832283,-0.8555692729622997,0.176490931749413,0.0001516720938070648
2797,0.6828613281249999,26.66303750508718,-0.8538723637371175,0.17674475651949706,0.00014410584321922215
2798,0.68310546875,26.72098059934211,-0.8521754545119343,0.17699858128958113,0.0001365395926313795
2799,0.683349609375,26.778923693597037,-0.8504785452867514,0.1772524060596652,0.00012897334204353683
2800,0.68359375,26.836866787851932,-0.8487816360615691,0.17750623082974926,0.00012140709145569417
2801,0.683837890625,26.894809882106863,-0.8470847268363859,0.17776005559983332,0.00011384084086785151
2802,0.6840820312499999,26.95275297636176,-0.8453878176112036,0.1780138803699174,0.00010627459028000885
2803,0.684326171875,27.01069607061669,-0.8436909083860207,0.1782677051399446,9.870833974900961e-05
2804,0.6845703125,27.070095388369573,-0.841231847845901,0.1785213625719848,9.060218076228921e-05
2805,0.684814453125,27.129858761996918,-0.8385822494770483,0.17877497816954246,8.236104474690364e-05
2806,0.68505859375,27.18962213562429,-0.835932651108194,0.17902859376704328,7.411990873151808e-05
2807,0.6853027343749999,27.249385509251635,-0.8332830527393413,0.17928220936460093,6.587877271613252e-05
2808,0.685546875,27.309148882879015,-0.8306334543704871,0.17953582496210174,5.7637636643903534e-05
2809,0.685791015625,27.36891225650639,-0.8279838560016329,0.1797894405596594,4.939650062851797e-05
2810,0.68603515625,27.428675630133732,-0.8253342576327802,0.1800430561571602,4.1155364613132406e-05
2811,0.686279296875,27.488439003761112,-0.822684659263926,0.18029667175471786,3.291422859774684e-05
2812,0.6865234374999999,27.548202377388456,-0.8200350608950733,0.18055028735221867,2.467309252551786e-05
2813,0.686767578125,27.607965751015833,-0.8173854625262191,0.18080390294977633,1.6431956510132295e-05
2814,0.68701171875,27.667729124643213,-0.814735864157365,0.18105751854727714,8.190820494746731e-06
2815,0.687255859375,27.727492498270554,-0.8120862657885123,0.1813111341448348,-5.031552063883282e-08
2816,0.6875,27.78725587189793,-0.8094366674196579,0.18156474974239245,-8.291451536024397e-06
2817,0.6877441406249999,27.847019245525274,-0.8067870690508052,0.18181836533989326,-1.653258760825338e-05
2818,0.68798828125,27.90678261915265,-0.8041374706819511,0.18207198093745092,-2.4773723623638944e-05
2819,0.688232421875,27.966545992780027,-0.8014878723130969,0.18232559653495173,-3.301485963902451e-05
2820,0.6884765625,28.026309366407368,-0.7988382739442442,0.18257921213250938,-4.125599565441007e-05
2821,0.688720703125,28.086072740034748,-0.79618867557539,0.1828328277300102,-4.9497131726639054e-05
2822,0.6889648437499999,28.14583611366209,-0.7935390772065373,0.18308644332756785,-5.773826774202462e-05
2823,0.689208984375,28.205599487289465,-0.7908894788376831,0.18334005892506866,-6.597940375741018e-05
2824,0.689453125,28.26536286091684,-0.788239880468829,0.18359367452262632,-7.422053977279575e-05
2825,0.689697265625,28.325126234544182,-0.7855902820999762,0.18384729012012713,-8.246167584502473e-05
2826,0.68994140625,28.384889608171566,-0.7829406837311219,0.18410090571768478,-9.070281186041029e-05
2827,0.6901855468749999,28.44465298179891,-0.7802910853622692,0.1843545213151856,-9.894394787579586e-05
2828,0.6904296875,28.504416355426283,-0.7776414869934151,0.18460813691274325,-0.00010718508389118142
2829,0.690673828125,28.56453150624084,-0.7747708047027136,0.18486160859191614,-0.00011554223317489232
2830,0.69091796875,28.626053765804087,-0.7710157867246279,0.18511450459789103,-0.00012436343536137429
2831,0.691162109375,28.687576025367374,-0.7672607687465398,0.18536740060386592,-0.00013318463754785625
2832,0.6914062499999999,28.74909828493062,-0.7635057507684541,0.18562029660978396,-0.00014200583973433822
2833,0.691650390625,28.810620544493897,-0.7597507327903661,0.18587319261575885,-0.0001508270419208202
2834,0.69189453125,28.872142804057187,-0.755995714812278,0.18612608862173374,-0.00015964824410730216
2835,0.692138671875,28.93366506362043,-0.7522406968341921,0.1863789846276518,-0.00016846944629378413
2836,0.6923828125,28.99518732318371,-0.7484856788561041,0.18663188063362668,-0.00017729064853710952
2837,0.6926269531249999,29.056709582746958,-0.7447306608780183,0.18688477663960157,-0.0001861118507235915
2838,0.69287109375,29.11823184231024,-0.7409756428999302,0.18713767264551961,-0.00019493305291007346
2839,0.693115234375,29.17975410187352,-0.7372206249218424,0.1873905686514945,-0.00020375425509655543
2840,0.693359375,29.241276361436768,-0.7334656069437565,0.1876434646574694,-0.0002125754572830374
2841,0.693603515625,29.30279862100005,-0.7297105889656684,0.18789636066338744,-0.00022139665946951936
2842,0.6938476562499999,29.364320880563298,-0.7259555709875827,0.18814925666936233,-0.00023021786165600133
2843,0.694091796875,29.425843140126577,-0.7222005530094946,0.18840215267533722,-0.0002390390638424833
2844,0.6943359375,29.48736539968986,-0.7184455350314066,0.1886550486813121,-0.00024786026602896527
2845,0.694580078125,29.548887659253108,-0.7146905170533207,0.18890794468723016,-0.00025668146821544724
2846,0.69482421875,29.610409918816387,-0.7109354990752328,0.18916084069320505,-0.0002655026704019292
2847,0.6950683593749999,29.671932178379635,-0.7071804810971469,0.18941373669917994,-0.0002743238725884112
2848,0.6953125,29.733454437942918,-0.7034254631190588,0.18966663270509798,-0.00028314507483173657
2849,0.695556640625,29.794976697506208,-0.6996704451409709,0.18991952871107287,-0.00029196627701821853
2850,0.69580078125,29.856498957069448,-0.695915427162885,0.19017242471704776,-0.0003007874792047005
2851,0.696044921875,29.91802121663273,-0.692160409184797,0.1904253207229658,-0.00030960868139118247
2852,0.6962890624999999,29.97954347619598,-0.6884053912067111,0.1906782167289407,-0.00031842988357766444
2853,0.696533203125,30.041065735759258,-0.6846503732286233,0.1909311127349156,-0.0003272510857641464
2854,0.69677734375,30.10258799532254,-0.6808953552505352,0.19118400874083363,-0.0003360722879506284
2855,0.697021484375,30.165117769170056,-0.676383111978617,0.19143613446334484,-0.00034516260564032564
2856,0.697265625,30.228319219207123,-0.6713660518441414,0.1916877466634901,-0.00035443233360865634
2857,0.6975097656249999,30.291520669244154,-0.6663489917096688,0.19193935886363533,-0.00036370206163383045
2858,0.69775390625,30.354722119281217,-0.6613319315751932,0.19219097106378058,-0.00037297178960216115
2859,0.697998046875,30.417923569318287,-0.6563148714407177,0.19244258326392583,-0.00038224151762733527
2860,0.6982421875,30.481125019355318,-0.651297811306245,0.19269419546407107,-0.00039151124559566597
2861,0.698486328125,30.54432646939238,-0.6462807511717694,0.19294580766421632,-0.0004007809736208401
2862,0.6987304687499999,30.60752791942941,-0.6412636910372967,0.1931974198644184,-0.0004100507015891708
2863,0.698974609375,30.670729369466482,-0.6362466309028213,0.19344903206456365,-0.0004193204296143449
2864,0.69921875,30.733930819503545,-0.6312295707683456,0.1937006442647089,-0.0004285901575826756
2865,0.699462890625,30.797132269540572,-0.626212510633873,0.19395225646485414,-0.0004378598856078497
2866,0.69970703125,30.86033371957764,-0.6211954504993975,0.1942038686649994,-0.0004471296135761804
2867,0.6999511718749999,30.92353516961467,-0.6161783903649248,0.19445548086514464,-0.00045639934160135454
2868,0.7001953125,30.986736619651737,-0.611161330230449,0.19470709306528988,-0.00046566906956968523
2869,0.700439453125,31.049938069688803,-0.6061442700959737,0.19495870526549197,-0.00047493879759485935
2870,0.70068359375,31.113139519725834,-0.601127209961501,0.19521031746563722,-0.00048420852556319005
2871,0.700927734375,31.176340969762897,-0.5961101498270254,0.19546192966578246,-0.0004934782535883642
2872,0.7011718749999999,31.239542419799925,-0.5910930896925526,0.1957135418659277,-0.0005027479815566949
2873,0.701416015625,31.302743869837,-0.5860760295580771,0.19596515406607296,-0.000512017709581869
2874,0.70166015625,31.36594531987406,-0.5810589694236016,0.1962167662662182,-0.0005212874375501997
2875,0.701904296875,31.42914676991109,-0.5760419092891289,0.19646837846636345,-0.0005305571655753738
2876,0.7021484375,31.492348219948152,-0.5710248491546533,0.1967199906665087,-0.0005398268935437045
2877,0.7023925781249999,31.55554966998518,-0.5660077890201807,0.19697160286671078,-0.0005490966215688786
2878,0.70263671875,31.618751120022253,-0.5609907288857051,0.19722321506685603,-0.0005583663495372093
2879,0.702880859375,31.68195257005932,-0.5559736687512296,0.19747482726700127,-0.0005676360775623834
2880,0.703125,31.745154020096344,-0.5509566086167569,0.19772643946714652,-0.0005769058055307141
2881,0.703369140625,31.809934990874616,-0.5445217504915635,0.19797615724110074,-0.0005864504545911586
2882,0.7036132812499999,31.87471596165285,-0.5380868923663735,0.1982258750151118,-0.0005959951035947597
2883,0.703857421875,31.93949693243112,-0.53165203424118,0.198475592789066,-0.0006055397526552042
2884,0.7041015625,32.00427790320939,-0.5252171761159865,0.19872531056302023,-0.0006150844017156487
2885,0.704345703125,32.06905887398762,-0.5187823179907967,0.1989750283370313,-0.0006246290507192498
2886,0.70458984375,32.1338398447659,-0.512347459865603,0.1992247461109855,-0.0006341736997796943
2887,0.7048339843749999,32.19862081554414,-0.5059126017404132,0.19947446388499657,-0.0006437183488401388
2888,0.705078125,32.263401786322405,-0.4994777436152197,0.19972418165895078,-0.0006532629978437399
2889,0.705322265625,32.32818275710068,-0.4930428854900261,0.199973899432905,-0.0006628076469041844
2890,0.70556640625,32.39296372787891,-0.48660802736483627,0.20022361720691606,-0.0006723522959646289
2891,0.705810546875,32.45774469865718,-0.48017316923964276,0.20047333498087028,-0.0006818969449682299
2892,0.7060546874999999,32.52252566943542,-0.4737383111144529,0.2007230527548245,-0.0006914415940286744
2893,0.706298828125,32.58730664021368,-0.46730345298925935,0.20097277052883555,-0.0007009862430891189
2894,0.70654296875,32.652087610991956,-0.4608685948640658,0.20122248830278977,-0.0007105308921495634
2895,0.706787109375,32.716868581770186,-0.454433736738876,0.201472206076744,-0.0007200755411531645
2896,0.70703125,32.781649552548465,-0.4479988786136825,0.20172192385075505,-0.000729620190213609
2897,0.7072753906249999,32.846430523326696,-0.4415640204884925,0.20197164162470926,-0.0007391648392740535
2898,0.70751953125,32.91121149410497,-0.43512916236329907,0.20222135939866348,-0.0007487094882776546
2899,0.707763671875,32.97599246488324,-0.4286943042381055,0.20247107717267454,-0.0007582541373380991
2900,0.7080078125,33.04077343566147,-0.42225944611291566,0.20272079494662876,-0.0007677987863985436
2901,0.708251953125,33.105554406439744,-0.4158245879877221,0.20297051272063982,-0.0007773434354021447
2902,0.7084960937499999,33.170335377217974,-0.40938972986253225,0.20322023049459403,-0.0007868880844625892
2903,0.708740234375,33.23511634799625,-0.4029548717373388,0.20346994826854825,-0.0007964327335230337
2904,0.708984375,33.29989731877452,-0.39652001361214523,0.2037196660425593,-0.0008059773825266348
2905,0.709228515625,33.36467828955275,-0.3900851554869553,0.20396938381651353,-0.0008155220315870793
2906,0.70947265625,33.430042457927854,-0.3830236659323347,0.2042180849710462,-0.0008250882438005647
2907,0.7097167968749999,33.49628142269816,-0.37502222923357637,0.2044652611964466,-0.0008346868008288766
2908,0.7099609375,33.5625203874685,-0.3670207925348134,0.20471243742184697,-0.0008442853578003451
2909,0.710205078125,33.628759352238845,-0.3590193558360505,0.2049596136473042,-0.000853883914828657
2910,0.71044921875,33.69499831700916,-0.35101791913729213,0.20520678987270458,-0.0008634824718001255
2911,0.710693359375,33.7612372817795,-0.3430164824385291,0.20545396609810496,-0.0008730810288284374
2912,0.7109374999999999,33.82747624654981,-0.3350150457397707,0.20570114232350534,-0.0008826795857999059
2913,0.711181640625,33.89371521132015,-0.32701360904100785,0.20594831854890572,-0.0008922781427713744
2914,0.71142578125,33.9599541760905,-0.3190121723422449,0.2061954947743061,-0.0009018766997996863
2915,0.711669921875,34.026193140860805,-0.31101073564348647,0.20644267099970648,-0.0009114752567711548
2916,0.7119140625,34.092432105631154,-0.30300929894472356,0.20668984722510686,-0.0009210738137994667
2917,0.7121582031249999,34.158671070401454,-0.29500786224596515,0.20693702345056408,-0.0009306723707709352
2918,0.71240234375,34.2249100351718,-0.2870064255472022,0.20718419967596446,-0.0009402709277992471
2919,0.712646484375,34.29114899994215,-0.27900498884843933,0.20743137590136485,-0.0009498694847707156
2920,0.712890625,34.35738796471246,-0.2710035521496809,0.20767855212676523,-0.0009594680417990276
2921,0.713134765625,34.4236269294828,-0.26300211545091795,0.2079257283521656,-0.0009690665987704961
2922,0.7133789062499999,34.48986589425311,-0.25500067875215954,0.208172904577566,-0.000978665155798808
2923,0.713623046875,34.556104859023456,-0.2469992420533966,0.20842008080296637,-0.0009882637127702765
2924,0.7138671875,34.6223438237938,-0.2389978053546337,0.2086672570284236,-0.0009978622697985884
2925,0.714111328125,34.6885827885641,-0.23099636865587528,0.20891443325382397,-0.0010074608267700569
2926,0.71435546875,34.75482175333445,-0.22299493195711237,0.20916160947922435,-0.0010170593837983688
2927,0.7145996093749999,34.82106071810476,-0.21499349525835396,0.20940878570462473,-0.0010266579407698373
2928,0.71484375,34.887299682875096,-0.20699205855959102,0.20965596193002511,-0.0010362564977413058
2929,0.715087890625,34.953538647645445,-0.1989906218608281,0.2099031381554255,-0.0010458550547696177
2930,0.71533203125,35.01977761241575,-0.19098918516206967,0.21015031438082588,-0.0010554536117410862
2931,0.715576171875,35.0860165771861,-0.1829877484633068,0.21039749060622626,-0.0010650521687693981
2932,0.7158203124999999,35.15330553650579,-0.17362570326283658,0.210642096526783,-0.0010744749949935795
2933,0.716064453125,35.22085699446286,-0.1639235059369332,0.21088605987114306,-0.0010838538885877824
2934,0.71630859375,35.28840845241994,-0.15422130861102978,0.21113002321550312,-0.001093232782125142
2935,0.716552734375,35.355959910376974,-0.14451911128513187,0.21137398655980633,-0.0011026116756625015
2936,0.716796875,35.42351136833404,-0.13481691395922846,0.21161794990416638,-0.0011119905692567045
2937,0.7170410156249999,35.49106282629108,-0.1251147166333306,0.21186191324852643,-0.001121369462794064
2938,0.71728515625,35.55861428424816,-0.11541251930742717,0.21210587659282965,-0.001130748356388267
2939,0.717529296875,35.62616574220523,-0.10571032198152376,0.2123498399371897,-0.0011401272499256265
2940,0.7177734375,35.69371720016227,-0.09600812465562589,0.2125938032814929,-0.001149506143462986
2941,0.718017578125,35.76126865811934,-0.08630592732972246,0.21283776662585296,-0.001158885037057189
2942,0.7182617187499999,35.82882011607638,-0.07660373000382457,0.21308172997021302,-0.0011682639305945486
2943,0.718505859375,35.89637157403345,-0.06690153267792116,0.21332569331451623,-0.0011776428241887515
2944,0.71875,35.963923031990525,-0.05719933535201776,0.21356965665887628,-0.001187021717726111
2945,0.718994140625,36.03147448994756,-0.047497138026119885,0.21381362000323634,-0.0011964006112634706
2946,0.71923828125,36.099025947904636,-0.037794940700216474,0.21405758334753955,-0.0012057795048576736
2947,0.7194824218749999,36.16657740586167,-0.028092743374318573,0.2143015466918996,-0.0012151583983950331
2948,0.7197265625,36.234128863818746,-0.01839054604841516,0.21454551003625966,-0.0012245372919892361
2949,0.719970703125,36.30168032177583,-0.008688348722511776,0.21478947338056287,-0.0012339161855265957
2950,0.72021484375,36.36923177973286,0.0010138486033861238,0.21503343672492292,-0.0012432950790639552
2951,0.720458984375,36.43678323768994,0.010716045929289535,0.21527740006922613,-0.0012526739726581582
2952,0.7207031249999999,36.504334695646975,0.020418243255187436,0.2155213634135862,-0.0012620528661955177
2953,0.720947265625,36.57188615360404,0.03012044058109082,0.21576532675794624,-0.0012714317597897207
2954,0.72119140625,36.63943761156112,0.039822637906994224,0.21600929010224945,-0.0012808106533270802
2955,0.721435546875,36.70698906951816,0.049524835232892105,0.2162532534466095,-0.0012901895468644398
2956,0.7216796875,36.774540527475224,0.059227032558795516,0.21649721679096956,-0.0012995684404586427
2957,0.7219238281249999,36.842320118077325,0.06929143925700336,0.21674040132580785,-0.0013088372326137687
2958,0.72216796875,36.91101223925971,0.08080468344445861,0.21698047062272963,-0.001317665619296804
2959,0.722412109375,36.97970436044211,0.09231792763191386,0.2172205399196514,-0.0013264940059798391
2960,0.72265625,37.048396481624465,0.10383117181936256,0.21746060921657318,-0.001335322392606031
2961,0.722900390625,37.11708860280685,0.11534441600681783,0.21770067851349495,-0.0013441507792890661
2962,0.7231445312499999,37.18578072398922,0.12685766019426653,0.21794074781041672,-0.0013529791659721013
2963,0.723388671875,37.254472845171605,0.13837090438172178,0.2181808171073385,-0.0013618075526551365
2964,0.7236328125,37.323164966354,0.14988414856917703,0.21842088640420343,-0.0013706359392813283
2965,0.723876953125,37.39185708753635,0.16139739275662573,0.2186609557011252,-0.0013794643259643635
2966,0.72412109375,37.46054920871874,0.17291063694408101,0.21890102499804698,-0.0013882927126473987
2967,0.7243652343749999,37.52924132990109,0.18442388113152972,0.21914109429496875,-0.001397121099330434
2968,0.724609375,37.597933451083485,0.19593712531898497,0.21938116359189053,-0.0014059494859566257
2969,0.724853515625,37.66662557226588,0.20745036950644022,0.2196212328888123,-0.001414777872639661
2970,0.72509765625,37.73531769344823,0.21896361369388892,0.21986130218573408,-0.0014236062593226961
2971,0.725341796875,37.804009814630625,0.23047685788134423,0.22010137148265585,-0.0014324346460057313
2972,0.7255859374999999,37.87270193581298,0.2419901020687929,0.22034144077957762,-0.0014412630326319231
2973,0.725830078125,37.941394056995364,0.25350334625624815,0.2205815100764994,-0.0014500914193149583
2974,0.72607421875,38.01008617817776,0.26501659044370335,0.22082157937342117,-0.0014589198059979935
2975,0.726318359375,38.07877829936012,0.27652983463115205,0.22106164867034295,-0.0014677481926810287
2976,0.7265625,38.147470420542504,0.2880430788186073,0.22130171796726472,-0.0014765765793072205
2977,0.7268066406249999,38.216162541724856,0.29955632300605606,0.22154178726412965,-0.0014854049659902557
2978,0.72705078125,38.28485466290725,0.3110695671935113,0.22178185656105143,-0.001494233352673291
2979,0.727294921875,38.353546784089644,0.3225828113809666,0.2220219258579732,-0.0015030617392994827
2980,0.7275390625,38.42223890527199,0.33409605556841526,0.22226199515489498,-0.001511890125982518
2981,0.727783203125,38.49093102645438,0.3456092997558705,0.22250206445181675,-0.0015207185126655531
2982,0.7280273437499999,38.55962314763674,0.35712254394331927,0.22274213374873852,-0.0015295468993485883
2983,0.728271484375,38.628879212769114,0.36976757975390107,0.22297946160017545,-0.0015378097228335719
2984,0.728515625,38.698511240534806,0.3831671433132342,0.22321496182121336,-0.0015456955042623122
2985,0.728759765625,38.76814326830045,0.39656670687255974,0.22345046204230812,-0.001553581285634209
2986,0.72900390625,38.83777529606614,0.4099662704318929,0.22368596226340287,-0.0015614670670629494
2987,0.7292480468749999,38.907407323831784,0.4233658339912185,0.22392146248449762,-0.0015693528484348462
2988,0.7294921875,38.97703935159748,0.43676539755055166,0.22415696270559238,-0.0015772386298635865
2989,0.729736328125,39.04667137936317,0.45016496110988485,0.2243924629266303,-0.0015851244112354834
2990,0.72998046875,39.11630340712881,0.4635645246692104,0.22462796314772504,-0.0015930101926642237
2991,0.730224609375,39.185935434894496,0.4769640882285436,0.2248634633688198,-0.001600895974092964
2992,0.7304687499999999,39.25556746266015,0.4903636517878691,0.22509896358991455,-0.001608781755464861
2993,0.730712890625,39.32519949042584,0.5037632153472023,0.22533446381095246,-0.0016166675368936012
2994,0.73095703125,39.39483151819153,0.5171627789065355,0.2255699640320472,-0.001624553318265498
2995,0.731201171875,39.46446354595718,0.530562342465861,0.22580546425314196,-0.0016324390996942384
2996,0.7314453125,39.53409557372287,0.5439619060251941,0.22604096447423672,-0.0016403248810661353
2997,0.7316894531249999,39.60372760148852,0.5573614695845198,0.22627646469527463,-0.0016482106624948756
2998,0.73193359375,39.67335962925421,0.570761033143853,0.22651196491636938,-0.0016560964438667725
2999,0.732177734375,39.74299165701989,0.5841605967031862,0.22674746513746413,-0.0016639822252955128
3000,0.732421875,39.81262368478555,0.5975601602625116,0.22698296535855889,-0.001671868006724253
3001,0.732666015625,39.882255712551235,0.6109597238218447,0.22721846557965364,-0.00167975378809615
3002,0.7329101562499999,39.95188774031689,0.6243592873811704,0.22745396580069155,-0.0016876395695248902
3003,0.733154296875,40.02151976808258,0.6377588509405036,0.2276894660217863,-0.0016955253508967871
3004,0.7333984375,40.09115179584827,0.6511584144998367,0.22792496624288106,-0.0017034111323255274
3005,0.733642578125,40.16078382361392,0.6645579780591623,0.2281604664639758,-0.0017112969136974243
3006,0.73388671875,40.230415851379604,0.6779575416184954,0.22839596668501372,-0.0017191826951261646
3007,0.7341308593749999,40.300047879145254,0.691357105177821,0.22863146690610847,-0.0017270684764980615
3008,0.734375,40.369679906910946,0.7047566687371541,0.22886696712720322,-0.0017349542579268018
3009,0.734619140625,40.440019369222924,0.7200697409733418,0.2290972462830041,-0.0017414411812524122
3010,0.73486328125,40.51035883153486,0.7353828132095207,0.22932752543874813,-0.001747928104634866
3011,0.735107421875,40.580698293846844,0.7506958854457082,0.229557804594549,-0.0017544150279604764
3012,0.7353515624999999,40.651037756158786,0.766008957681887,0.22978808375029303,-0.0017609019512860868
3013,0.735595703125,40.72137721847076,0.7813220299180746,0.2300183629060939,-0.0017673888746685407
3014,0.73583984375,40.79171668078275,0.7966351021542621,0.23024864206189477,-0.001773875797994151
3015,0.736083984375,40.862056143094684,0.811948174390441,0.2304789212176388,-0.0017803627213197615
3016,0.736328125,40.93239560540666,0.8272612466266286,0.23070920037343967,-0.0017868496447022153
3017,0.7365722656249999,41.0027350677186,0.8425743188628076,0.2309394795291837,-0.0017933365680278257
3018,0.73681640625,41.073074530030574,0.8578873910989951,0.23116975868498457,-0.0017998234913534361
3019,0.737060546875,41.143413992342566,0.8732004633351826,0.2314000378407286,-0.00180631041473589
3020,0.7373046875,41.2137534546545,0.8885135355713615,0.23163031699652947,-0.0018127973380615003
3021,0.737548828125,41.28409291696648,0.9038266078075492,0.23186059615233034,-0.0018192842613871107
3022,0.7377929687499999,41.35443237927842,0.919139680043728,0.23209087530807437,-0.0018257711847695646
3023,0.738037109375,41.4247718415904,0.9344527522799155,0.23232115446387525,-0.001832258108095175
3024,0.73828125,41.49511130390238,0.9497658245161031,0.23255143361961927,-0.0018387450314776288
3025,0.738525390625,41.56545076621432,0.965078896752282,0.23278171277542015,-0.0018452319548032392
3026,0.73876953125,41.635790228526304,0.9803919689884698,0.23301199193122102,-0.0018517188781288496
3027,0.7390136718749999,41.70612969083823,0.9957050412246484,0.23324227108696505,-0.0018582058015113034
3028,0.7392578125,41.776469153150224,1.011018113460836,0.23347255024276592,-0.0018646927248369138
3029,0.739501953125,41.846808615462194,1.0263311856970236,0.23370282939850995,-0.0018711796481625242
3030,0.73974609375,41.91714807777414,1.0416442579332024,0.23393310855431082,-0.001877666571544978
3031,0.739990234375,41.98748754008612,1.0569573301693902,0.23416338771005485,-0.0018841534948705885
3032,0.7402343749999999,42.05782700239806,1.072270402405569,0.23439366686585572,-0.0018906404181961989
3033,0.740478515625,42.12816646471004,1.0875834746417568,0.2346239460216566,-0.0018971273415786527
3034,0.74072265625,42.198682060393054,1.1036475433503863,0.2348518919765752,-0.001902845997562963
3035,0.740966796875,42.269461856132594,1.1208381067676692,0.2350763381302272,-0.00190741225264901
3036,0.7412109375,42.34024165187217,1.1380286701849616,0.23530078428393608,-0.0019119785076782136
3037,0.7414550781249999,42.41102144761171,1.155219233602244,0.2355252304375881,-0.0019165447627642607
3038,0.74169921875,42.48180124335129,1.1724097970195366,0.23574967659124013,-0.0019211110177934643
3039,0.741943359375,42.55258103909086,1.1896003604368288,0.235974122744949,-0.0019256772728795113
3040,0.7421875,42.62336083483041,1.2067909238541115,0.23619856889860102,-0.001930243527908715
3041,0.742431640625,42.69414063056998,1.223981487271404,0.2364230150523099,-0.001934809782994762
3042,0.7426757812499999,42.76492042630952,1.2411720506886867,0.23664746120596192,-0.001939376038080809
3043,0.742919921875,42.8357002220491,1.258362614105979,0.23687190735961394,-0.0019439422931100125
3044,0.7431640625,42.906480017788674,1.2755531775232714,0.2370963535133228,-0.0019485085481960596
3045,0.743408203125,42.977259813528214,1.2927437409405542,0.23732079966697484,-0.0019530748032252632
3046,0.74365234375,43.04803960926779,1.3099343043578466,0.2375452458206837,-0.00195764105831131
3047,0.7438964843749999,43.11881940500732,1.3271248677751295,0.23776969197433573,-0.001962207313340514
3048,0.744140625,43.189599200746905,1.344315431192422,0.23799413812798775,-0.001966773568426561
3049,0.744384765625,43.26037899648649,1.3615059946097143,0.23821858428169662,-0.0019713398234557644
3050,0.74462890625,43.33115879222602,1.3786965580269968,0.23844303043534865,-0.0019759060785418114
3051,0.744873046875,43.401938587965596,1.3958871214442894,0.23866747658900067,-0.001980472333571015
3052,0.7451171874999999,43.472718383705136,1.413077684861572,0.23889192274270954,-0.001985038588657062
3053,0.745361328125,43.54349817944471,1.4302682482788645,0.23911636889636156,-0.0019896048436862657
3054,0.74560546875,43.61427797518429,1.4474588116961569,0.23934081505007043,-0.0019941710987723127
3055,0.745849609375,43.68505777092383,1.4646493751134395,0.23956526120372246,-0.0019987373538015163
3056,0.74609375,43.7558375666634,1.481839938530732,0.23978970735737448,-0.0020033036088875633
3057,0.7463378906249999,43.82661736240294,1.4990305019480146,0.24001415351108335,-0.002007869863916767
3058,0.74658203125,43.89739715814252,1.516221065365307,0.24023859966473537,-0.002012436119002814
3059,0.746826171875,43.9681769538821,1.5334116287825996,0.24046304581844424,-0.0020170023740320175
3060,0.7470703125,44.0390652553448,1.5520110050191986,0.24068238102853456,-0.0020195626588019877
3061,0.747314453125,44.109980683238334,1.5709625844606376,0.24090043850281972,-0.0020216214509218844
3062,0.7475585937499999,44.18089611113182,1.5899141639020655,0.24111849597704804,-0.0020236802430986245
3063,0.747802734375,44.251811539025354,1.6088657433435047,0.24133655345127636,-0.0020257390352753646
3064,0.748046875,44.322726966918886,1.6278173227849433,0.24155461092556152,-0.0020277978273952613
3065,0.748291015625,44.393642394812375,1.6467689022263716,0.24177266839978984,-0.0020298566195720014
3066,0.74853515625,44.464557822705906,1.6657204816678106,0.24199072587401815,-0.002031915411691898
3067,0.7487792968749999,44.535473250599395,1.6846720611092385,0.2422087833483033,-0.002033974203868638
3068,0.7490234375,44.60638867849293,1.7036236405506775,0.24242684082253163,-0.0020360329960453782
3069,0.749267578125,44.67730410638645,1.7225752199921163,0.24264489829675995,-0.002038091788165275
3070,0.74951171875,44.74821953427995,1.7415267994335446,0.2428629557710451,-0.002040150580342015
3071,0.749755859375,44.81913496217347,1.7604783788749834,0.24308101324527343,-0.0020422093724619117
3072,0.7500000000000001,44.890050390067,1.7794299583164221,0.24329907071955859,-0.002044268164638652
3073,0.750244140625,44.9609658179605,1.7983815377578503,0.2435171281937869,-0.002046326956815392
3074,0.75048828125,45.031881245854024,1.8173331171992892,0.24373518566801522,-0.0020483857489352886
3075,0.750732421875,45.10279667374752,1.8362846966407174,0.24395324314230038,-0.0020504445411120287
3076,0.7509765625,45.173712101641044,1.8552362760821564,0.2441713006165287,-0.0020525033332319254
3077,0.7512207031250001,45.244627529534576,1.874187855523595,0.24438935809075701,-0.0020545621254086655
3078,0.75146484375,45.315542957428065,1.8931394349650235,0.24460741556504217,-0.0020566209175854056
3079,0.751708984375,45.3864583853216,1.9120910144064622,0.2448254730392705,-0.0020586797097053022
3080,0.751953125,45.457373813215085,1.9310425938478903,0.2450435305134988,-0.0020607385018820423
3081,0.752197265625,45.528289241108624,1.9499941732893291,0.24526158798778397,-0.002062797294001939
3082,0.7524414062500001,45.59920466900215,1.9689457527307679,0.24547964546201229,-0.002064856086178679
3083,0.752685546875,45.670120096895644,1.9878973321721964,0.2456977029362406,-0.002066914878355419
3084,0.7529296875,45.74103552478917,2.006848911613635,0.24591576041052576,-0.002068973670475316
3085,0.753173828125,45.811909072800375,2.0261094249678693,0.24613244315401062,-0.0020704012339365363
3086,0.75341796875,45.88261510128243,2.0466056739733416,0.2463436269746353,-0.002069303882421991
3087,0.7536621093750001,45.95332112976449,2.0671019229788143,0.24655481079520314,-0.002068206530907446
3088,0.75390625,46.02402715824652,2.0875981719842747,0.24676599461582782,-0.002067109179392901
3089,0.754150390625,46.094733186728575,2.108094420989747,0.24697717843639566,-0.0020660118278215123
3090,0.75439453125,46.165439215210604,2.1285906699952073,0.24718836225702034,-0.002064914476306967
3091,0.754638671875,46.23614524369267,2.1490869190006796,0.24739954607758818,-0.002063817124792422
3092,0.7548828125000001,46.306851272174725,2.169583168006152,0.24761072989821287,-0.002062719773277877
3093,0.755126953125,46.377557300656754,2.1900794170116127,0.2478219137187807,-0.0020616224217633317
3094,0.75537109375,46.44826332913882,2.2105756660170846,0.2480330975394054,-0.0020605250702487865
3095,0.755615234375,46.51896935762084,2.2310719150225453,0.24824428136003007,-0.0020594277187342414
3096,0.755859375,46.589675386102904,2.2515681640280176,0.2484554651805979,-0.002058330367219696
3097,0.7561035156250001,46.660381414584975,2.2720644130334895,0.2486666490012226,-0.002057233015705151
3098,0.75634765625,46.73108744306699,2.2925606620389503,0.24887783282179043,-0.002056135664190606
3099,0.756591796875,46.80179347154906,2.313056911044422,0.24908901664241512,-0.0020550383126760607
3100,0.7568359375,46.872499500031076,2.333553160049883,0.24930020046298296,-0.0020539409611615156
3101,0.757080078125,46.94320552851315,2.354049409055355,0.24951138428360764,-0.0020528436096469704
3102,0.7573242187500001,47.01391155699521,2.3745456580608275,0.24972256810417548,-0.0020517462581324253
3103,0.757568359375,47.084617585477226,2.3950419070662883,0.24993375192480016,-0.00205064890661788
3104,0.7578125,47.1553236139593,2.4155381560717606,0.250144935745368,-0.002049551555103335
3105,0.758056640625,47.22602964244131,2.4360344050772214,0.2503561195659927,-0.00204845420358879
3106,0.75830078125,47.29673567092338,2.456530654082693,0.2505673033865605,-0.0020473568520742447
3107,0.7585449218750001,47.36744169940544,2.4770269030881655,0.2507784872071852,-0.0020462595005596995
3108,0.7587890625,47.43814772788747,2.497523152093626,0.25098967102775305,-0.0020451621490451544
3109,0.759033203125,47.508853756369525,2.5180194010990986,0.25120085484837773,-0.002044064797530609
3110,0.75927734375,47.579559784851554,2.5385156501045594,0.25141203866894557,-0.002042967446016064
3111,0.759521484375,47.64990738601238,2.559736028090095,0.25161885679375473,-0.0020395538163029414
3112,0.7597656250000001,47.72001603562573,2.581439158729007,0.2518227644546869,-0.002034596001067257
3113,0.760009765625,47.790124685239036,2.6031422893679066,0.252026672115619,-0.002029638185888416
3114,0.76025390625,47.86023333485239,2.6248454200068183,0.25223057977655117,-0.002024680370709575
3115,0.760498046875,47.93034198446569,2.646548550645718,0.25243448743742647,-0.002019722555530734
3116,0.7607421875,48.000450634079044,2.6682516812846298,0.2526383950983586,-0.0020147647402950497
3117,0.7609863281250001,48.07055928369239,2.689954811923542,0.25284230275929076,-0.0020098069251162087
3118,0.76123046875,48.1406679333057,2.7116579425624416,0.2530462104202229,-0.0020048491099373678
3119,0.761474609375,48.210776582919046,2.733361073201354,0.25325011808115505,-0.0019998912947585268
3120,0.76171875,48.280885232532356,2.755064203840253,0.2534540257420872,-0.0019949334795228424
3121,0.761962890625,48.3509938821457,2.776767334479165,0.2536579334029625,-0.0019899756643440014
3122,0.7622070312500001,48.42110253175904,2.7984704651180765,0.25386184106389464,-0.0019850178491651604
3123,0.762451171875,48.49121118137235,2.8201735957569767,0.2540657487248268,-0.001980060033929476
3124,0.7626953125,48.561319830985695,2.841876726395888,0.25426965638575894,-0.001975102218750635
3125,0.762939453125,48.631428480599006,2.8635798570347877,0.2544735640466911,-0.001970144403571794
3126,0.76318359375,48.70153713021236,2.8852829876737,0.2546774717076232,-0.001965186588392953
3127,0.7634277343750001,48.77164577982571,2.906986118312612,0.25488137936849853,-0.0019602287731572687
3128,0.763671875,48.841754429439014,2.9286892489515117,0.2550852870294307,-0.0019552709579784278
3129,0.763916015625,48.91186307905236,2.950392379590423,0.2552891946903628,-0.0019503131427995868
3130,0.76416015625,48.98197172866567,2.9720955102293227,0.25549310235129497,-0.0019453553276207458
3131,0.764404296875,49.052080378279015,2.993798640868235,0.2556970100122271,-0.0019403975123850614
3132,0.7646484375000001,49.12218902789236,3.0155017715071466,0.25590091767315926,-0.0019354396972062204
3133,0.764892578125,49.19229767750567,3.037204902146046,0.25610482533403456,-0.0019304818820273795
3134,0.76513671875,49.26240632711902,3.058908032784958,0.2563087329949667,-0.0019255240668485385
3135,0.765380859375,49.33251497673233,3.0806111634238578,0.25651264065589885,-0.001920566251612854
3136,0.765625,49.40262362634568,3.10231429406277,0.256716548316831,-0.0019156084364340131
3137,0.7658691406250001,49.471702115601886,3.1247414628364116,0.25691286807904135,-0.001906040297058098
3138,0.76611328125,49.540780604858064,3.1471686316100405,0.2571091878412517,-0.0018964721577390264
3139,0.766357421875,49.60985909411427,3.169595800383682,0.25730550760346205,-0.0018869040183631114
3140,0.7666015625,49.67893758337044,3.192022969157311,0.2575018273656724,-0.0018773358790440398
3141,0.766845703125,49.74801607262666,3.214450137930953,0.25769814712788275,-0.0018677677396681247
3142,0.7670898437500001,49.81709456188287,3.2368773067045944,0.25789446689014994,-0.0018581996002922097
3143,0.767333984375,49.88617305113904,3.2593044754782237,0.2580907866523603,-0.001848631460973138
3144,0.767578125,49.95525154039526,3.2817316442518654,0.25828710641457064,-0.001839063321597223
3145,0.767822265625,50.02433002965143,3.3041588130254946,0.258483426176781,-0.001829495182221308
3146,0.76806640625,50.093408518907644,3.3265859817991363,0.25867974593899135,-0.0018199270429022363
3147,0.7683105468750001,50.16248700816385,3.3490131505727776,0.2588760657012017,-0.0018103589035263212
3148,0.7685546875,50.23156549742002,3.371440319346407,0.25907238546341205,-0.0018007907642072496
3149,0.768798828125,50.30064398667624,3.3938674881200486,0.2592687052256224,-0.0017912226248313345
3150,0.76904296875,50.36972247593241,3.4162946568936774,0.25946502498783275,-0.0017816544854554195
3151,0.769287109375,50.43880096518862,3.438721825667319,0.2596613447500431,-0.0017720863461363479
3152,0.7695312500000001,50.50787945444484,3.4611489944409612,0.2598576645123103,-0.0017625182067604328
3153,0.769775390625,50.57695794370101,3.4835761632145896,0.26005398427452064,-0.0017529500674413612
3154,0.77001953125,50.646036432957224,3.5060033319882318,0.260250304036731,-0.0017433819280654461
3155,0.770263671875,50.715114922213395,3.52843050076186,0.26044662379894135,-0.001733813788689531
3156,0.7705078125,50.7841934114696,3.5508576695355023,0.2606429435611517,-0.0017242456493704594
3157,0.7707519531250001,50.85327190072582,3.573284838309144,0.26083926332336205,-0.0017146775099945444
3158,0.77099609375,50.92235038998199,3.5957120070827733,0.2610355830855724,-0.0017051093706186293
3159,0.771240234375,50.9914288792382,3.6181391758564154,0.26123190284778275,-0.0016955412312995577
3160,0.771484375,51.06050736849437,3.640566344630044,0.2614282226099931,-0.0016859730919236426
3161,0.771728515625,51.12958585775059,3.662993513403686,0.26162454237220345,-0.001676404952604571
3162,0.7719726562500001,51.198060789735706,3.6854488651627184,0.26181774028663085,-0.0016646804181164043
3163,0.772216796875,51.265630385814156,3.707946491399825,0.26200625542929856,-0.001649721291073547
3164,0.7724609375,51.33319998189263,3.7304441176369436,0.2621947705720231,-0.0016347621639738463
3165,0.772705078125,51.400769577971076,3.7529417438740498,0.26238328571469083,-0.001619803036930989
3166,0.77294921875,51.468339174049554,3.775439370111169,0.2625718008574154,-0.0016048439098312883
3167,0.7731933593750001,51.535908770128046,3.7979369963482883,0.2627603160000831,-0.0015898847827315876
3168,0.7734375,51.60347836620648,3.8204346225853945,0.26294883114280765,-0.0015749256556887303
3169,0.773681640625,51.671047962284966,3.8429322488225135,0.26313734628547536,-0.0015599665285890296
3170,0.77392578125,51.73861755836341,3.8654298750596197,0.2633258614281999,-0.0015450074015461723
3171,0.774169921875,51.8061871544419,3.8879275012967383,0.2635143765708676,-0.0015300482744464716
3172,0.7744140625000001,51.87375675052037,3.9104251275338577,0.2637028917135922,-0.001515089147346771
3173,0.774658203125,51.94132634659882,3.932922753770964,0.2638914068562599,-0.0015001300203039136
3174,0.77490234375,52.0088959426773,3.955420380008083,0.26407992199898445,-0.001485170893204213
3175,0.775146484375,52.07646553875574,3.9779180062451895,0.26426843714165216,-0.0014702117661613556
3176,0.775390625,52.14403513483423,4.000415632482309,0.26445695228431987,-0.001455252639061655
3177,0.7756347656250001,52.21160473091271,4.022913258719428,0.2646454674270444,-0.0014402935119619542
3178,0.77587890625,52.27917432699115,4.045410884956533,0.26483398256971213,-0.001425334384919097
3179,0.776123046875,52.34674392306964,4.067908511193653,0.2650224977124367,-0.0014103752578193962
3180,0.7763671875,52.41431351914809,4.090406137430759,0.2652110128551044,-0.001395416130776539
3181,0.776611328125,52.481883115226566,4.112903763667878,0.26539952799782895,-0.0013804570036768382
3182,0.7768554687500001,52.549452711305044,4.135401389904997,0.26558804314049667,-0.0013654978765771375
3183,0.777099609375,52.617022307383486,4.157899016142103,0.2657765582832212,-0.0013505387495342802
3184,0.77734375,52.68459190346198,4.180396642379223,0.26596507342588893,-0.0013355796224345795
3185,0.777587890625,52.75216149954042,4.202894268616329,0.2661535885686135,-0.0013206204953917222
3186,0.77783203125,52.8197310956189,4.2253918948534475,0.2663421037112812,-0.0013056613682920215
3187,0.7780761718750001,52.88730069169738,4.247889521090566,0.26653061885400575,-0.0012907022411923208
3188,0.7783203125,52.95324340777159,4.269762153163607,0.266712792854662,-0.0012707973573924392
3189,0.778564453125,53.01877940384478,4.291478536695644,0.26689338156984377,-0.0012496560343606689
3190,0.77880859375,53.084315399917934,4.313194920227668,0.26707397028502555,-0.0012285147113288986
3191,0.779052734375,53.14985139599112,4.334911303759704,0.2672545590002642,-0.0012073733882971283
3192,0.7792968750000001,53.215387392064315,4.35662768729174,0.26743514771544596,-0.001186232065265358
3193,0.779541015625,53.28092338813747,4.378344070823766,0.26761573643062775,-0.0011650907422335877
3194,0.77978515625,53.346459384210654,4.400060454355802,0.26779632514580953,-0.0011439494192586608
3195,0.780029296875,53.411995380283805,4.421776837887825,0.2679769138609913,-0.0011228080962268905
3196,0.7802734375,53.47753137635699,4.443493221419862,0.2681575025761731,-0.0011016667731951202
3197,0.7805175781250001,53.54306737243019,4.4652096049519,0.26833809129141173,-0.0010805254501633499
3198,0.78076171875,53.60860336850334,4.486925988483923,0.2685186800065935,-0.0010593841271315796
3199,0.781005859375,53.674139364576526,4.508642372015959,0.2686992687217753,-0.0010382428040998093
3200,0.78125,53.73967536064968,4.530358755547984,0.2688798574369571,-0.0010171014811248824
3201,0.781494140625,53.80521135672287,4.552075139080022,0.26906044615213887,-0.0009959601580931121
3202,0.7817382812500001,53.87074735279606,4.573791522612058,0.26924103486732065,-0.0009748188350613418
3203,0.781982421875,53.93628334886921,4.595507906144081,0.26942162358250243,-0.0009536775120295715
3204,0.7822265625,54.0018193449424,4.617224289676117,0.26960221229774106,-0.0009325361889978012
3205,0.782470703125,54.067355341015556,4.638940673208142,0.26978280101292285,-0.0009113948659660309
3206,0.78271484375,54.13289133708874,4.660657056740179,0.26996338972810463,-0.0008902535429342606
3207,0.7829589843750001,54.19842733316193,4.682373440272215,0.2701439784432864,-0.0008691122199593337
3208,0.783203125,54.26396332923508,4.704089823804239,0.2703245671584682,-0.0008479708969275634
3209,0.783447265625,54.32949932530827,4.725806207336276,0.27050515587365,-0.0008268295738957931
3210,0.78369140625,54.39503532138143,4.747522590868301,0.2706857445888886,-0.0008056882508640228
3211,0.783935546875,54.46057131745461,4.769238974400337,0.2708663333040704,-0.0007845469278322525
3212,0.7841796875000001,54.526107313527795,4.790955357932373,0.2710469220192522,-0.0007634056048004823
3213,0.784423828125,54.59112272493046,4.812299733431081,0.27122591917867567,-0.0007408728439486367
3214,0.78466796875,54.65405579765117,4.832156076796526,0.2713985501151228,-0.0007127743318164903
3215,0.784912109375,54.716988870371836,4.8520124201619605,0.27157118105156997,-0.0006846758196275005
3216,0.78515625,54.779921943092546,4.871868763527407,0.2717438119880171,-0.000656577307495354
3217,0.7854003906250001,54.84285501581326,4.891725106892853,0.27191644292446426,-0.0006284787953063642
3218,0.78564453125,54.90578808853393,4.9115814502582875,0.2720890738609114,-0.0006003802831742178
3219,0.785888671875,54.96872116125464,4.931437793623733,0.27226170479735856,-0.0005722817709852279
3220,0.7861328125,55.03165423397531,4.951294136989168,0.27243433573374887,-0.0005441832587962381
3221,0.786376953125,55.09458730669602,4.971150480354614,0.272606966670196,-0.0005160847466640917
3222,0.7866210937500001,55.15752037941673,4.99100682372006,0.27277959760664316,-0.0004879862344751018
3223,0.786865234375,55.220453452137406,5.010863167085494,0.2729522285430903,-0.0004598877223429554
3224,0.787109375,55.28338652485811,5.030719510450941,0.27312485947953746,-0.00043178921015396554
3225,0.787353515625,55.346319597578784,5.050575853816375,0.2732974904159846,-0.0004036906980218191
3226,0.78759765625,55.409252670299495,5.070432197181821,0.27347012135243176,-0.00037559218583282927
3227,0.7878417968750001,55.472185743020205,5.0902885405472675,0.2736427522888789,-0.00034749367370068285
3228,0.7880859375,55.53511881574087,5.110144883912702,0.27381538322532606,-0.000319395161511693
3229,0.788330078125,55.59805188846158,5.1300012272781474,0.2739880141617732,-0.00029129664932270316
3230,0.78857421875,55.66098496118226,5.149857570643582,0.2741606450981635,-0.00026319813719055674
3231,0.788818359375,55.72391803390297,5.169713914009028,0.27433327603461066,-0.0002350996250015669
3232,0.7890625000000001,55.78685110662368,5.189570257374474,0.2745059069710578,-0.00020700111286942047
3233,0.789306640625,55.84978417934435,5.209426600739909,0.27467853790750496,-0.00017890260068043062
3234,0.78955078125,55.91271725206506,5.229282944105355,0.2748511688439521,-0.0001508040885482842
3235,0.789794921875,55.97565032478574,5.24913928747079,0.27502379978039926,-0.00012270557635929435
3236,0.7900390625,56.03858339750644,5.268995630836235,0.2751964307168464,-9.460706422714793e-05
3237,0.7902832031250001,56.10151647022714,5.288851974201682,0.27536906165329356,-6.650855203815809e-05
3238,0.79052734375,56.164449542947814,5.308708317567117,0.2755416925897407,-3.841003984916824e-05
3239,0.790771484375,56.22545429959281,5.326646983572426,0.27570957923677497,-5.7025587238968e-06
3240,0.791015625,56.28517351218729,5.343307198004305,0.2758743030241817,3.0077568339947902e-05
3241,0.791259765625,56.344892724781815,5.359967412436192,0.27603902681158843,6.585769546063602e-05
3242,0.7915039062500001,56.40461193737634,5.376627626868079,0.27620375059899516,0.00010163782252448073
3243,0.791748046875,56.46433114997083,5.393287841299958,0.2763684743864019,0.00013741794964516885
3244,0.7919921875,56.524050362565355,5.409948055731844,0.2765331981738086,0.00017319807670901355
3245,0.792236328125,56.583769575159835,5.426608270163722,0.2766979219612722,0.00020897820382970167
3246,0.79248046875,56.64348878775436,5.44326848459561,0.2768626457486789,0.0002447583309503898
3247,0.7927246093750001,56.703208000348866,5.459928699027497,0.27702736953608564,0.0002805384580142345
3248,0.79296875,56.76292721294335,5.476588913459374,0.2771920933234924,0.0003163185851349226
3249,0.793212890625,56.822646425537876,5.493249127891261,0.2773568171108991,0.0003520987121987673
3250,0.79345703125,56.88236563813236,5.509909342323139,0.27752154089830583,0.00038787883931945544
3251,0.793701171875,56.942084850726886,5.526569556755026,0.2776862646857694,0.00042365896638330014
3252,0.7939453125000001,57.00180406332141,5.543229771186914,0.27785098847317613,0.00045943909350398826
3253,0.794189453125,57.061523275915896,5.559889985618792,0.27801571226058286,0.0004952192206246764
3254,0.79443359375,57.12124248851042,5.5765502000506775,0.2781804360479896,0.0005309993476885211
3255,0.794677734375,57.1809617011049,5.593210414482557,0.2783451598353963,0.0005667794748092092
3256,0.794921875,57.24068091369942,5.609870628914444,0.2785098836228599,0.0006025596018730539
3257,0.7951660156250001,57.30040012629393,5.626530843346331,0.2786746074102666,0.000638339728993742
3258,0.79541015625,57.360119338888424,5.643191057778208,0.27883933119767335,0.0006741198561144301
3259,0.795654296875,57.41983855148294,5.659851272210095,0.2790040549850801,0.0007098999831782749
3260,0.7958984375,57.47955776407743,5.6765114866419735,0.2791687787724868,0.000745680110298963
3261,0.796142578125,57.53927697667195,5.693171701073861,0.27933350255989353,0.0007814602373628077
3262,0.7963867187500001,57.59899618926647,5.709831915505748,0.2794982263473571,0.0008172403644834958
3263,0.796630859375,57.65871540186095,5.726492129937625,0.27966295013476383,0.0008530204915473405
3264,0.796875,57.718434614455475,5.74315234436951,0.27982767392217056,0.0008888006186680286
3265,0.797119140625,57.77429228538525,5.754992072969454,0.2799846113093736,0.0009328930657943602
3266,0.79736328125,57.83014995631508,5.7668318015694044,0.2801415486965766,0.0009769855129206917
3267,0.7976074218750001,57.886007627244894,5.778671530169355,0.28029848608372276,0.0010210779600470232
3268,0.7978515625,57.94186529817469,5.790511258769298,0.2804554234709258,0.0010651704071733548
3269,0.798095703125,57.99772296910451,5.802350987369248,0.2806123608581288,0.0011092628542996863
3270,0.79833984375,58.0535806400343,5.814190715969192,0.2807692982453318,0.0011533553014260178
3271,0.798583984375,58.109438310964116,5.826030444569143,0.280926235632478,0.0011974477485523494
3272,0.7988281250000001,58.16529598189394,5.837870173169093,0.281083173019681,0.001241540195678681
3273,0.799072265625,58.221153652823716,5.849709901769037,0.281240110406884,0.0012856326428050124
3274,0.79931640625,58.27701132375354,5.8615496303689865,0.28139704779408703,0.001329725089931344
3275,0.799560546875,58.33286899468333,5.8733893589689306,0.28155398518129005,0.001373817537114519
3276,0.7998046875,58.38872666561314,5.885229087568881,0.2817109225684362,0.0014179099842408505
3277,0.8000488281250001,58.444584336542974,5.897068816168831,0.28186785995563923,0.001462002431367182
3278,0.80029296875,58.50044200747276,5.908908544768775,0.28202479734284225,0.0015060948784935135
3279,0.800537109375,58.556299678402574,5.920748273368726,0.28218173473004526,0.001550187325619845
3280,0.80078125,58.61215734933236,5.93258800196867,0.28233867211719144,0.0015942797727461766
3281,0.801025390625,58.668015020262175,5.944427730568619,0.28249560950439445,0.0016383722198725081
3282,0.8012695312500001,58.723872691192,5.956267459168569,0.28265254689159747,0.0016824646669988397
3283,0.801513671875,58.779730362121796,5.9681071877685135,0.2828094842788005,0.0017265571141251712
3284,0.8017578125,58.83558803305161,5.979946916368464,0.28296642166594665,0.0017706495612515027
3285,0.802001953125,58.8914457039814,5.991786644968408,0.28312335905314967,0.0018147420083778343
3286,0.80224609375,58.947303374911215,6.003626373568358,0.2832802964403527,0.0018588344555041658
3287,0.8024902343750001,59.00316104584103,6.0154661021683085,0.2834372338275557,0.0019029269026304974
3288,0.802734375,59.05901871677082,6.027305830768252,0.2835941712147587,0.0019470193497568289
3289,0.802978515625,59.11487638770064,6.039145559368202,0.2837511086019049,0.0019911117968831604
3290,0.80322265625,59.16891842688483,6.048279549894199,0.28390500202931435,0.002038722653367131
3291,0.803466796875,59.22023701845063,6.053354933309275,0.2840543295170619,0.00209161112388756
3292,0.8037109375000001,59.27155561001644,6.058430316724349,0.2842036570047526,0.002144499594407989
3293,0.803955078125,59.32287420158222,6.063505700139422,0.2843529844925001,0.0021973880649284183
3294,0.80419921875,59.374192793148026,6.068581083554497,0.2845023119801908,0.002250276535505691
3295,0.804443359375,59.42551138471381,6.0736564669695685,0.28465163946793837,0.00230316500602612
3296,0.8046875,59.47682997627962,6.078731850384644,0.28480096695562906,0.002356053476546549
3297,0.8049316406250001,59.52814856784543,6.083807233799719,0.2849502944433766,0.002408941947066978
3298,0.80517578125,59.57946715941121,6.088882617214791,0.28509962193112415,0.0024618304175874073
3299,0.805419921875,59.63078575097702,6.093958000629867,0.28524894941881485,0.0025147188881078364
3300,0.8056640625,59.6821043425428,6.099033384044938,0.2853982769065624,0.0025676073586282655
3301,0.805908203125,59.7334229341086,6.104108767460014,0.2855476043942531,0.0026204958291486946
3302,0.8061523437500001,59.784741525674406,6.109184150875089,0.2856969318820006,0.0026733842996691237
3303,0.806396484375,59.836060117240194,6.114259534290161,0.2858462593696913,0.002726272770189553
3304,0.806640625,59.887378708806,6.1193349177052365,0.28599558685743887,0.002779161240709982
3305,0.806884765625,59.93869730037177,6.124410301120309,0.28614491434512956,0.0028320497112872545
3306,0.80712890625,59.990015891937595,6.129485684535383,0.2862942418328771,0.0028849381818076836
3307,0.8073730468750001,60.0413344835034,6.134561067950458,0.28644356932062465,0.0029378266523281127
3308,0.8076171875,60.092653075069165,6.139636451365531,0.28659289680831534,0.002990715122848542
3309,0.807861328125,60.14397166663498,6.144711834780606,0.2867422242960629,0.003043603593368971
3310,0.80810546875,60.19529025820075,6.149787218195678,0.2868915517837536,0.0030964920638894
3311,0.808349609375,60.24660884976657,6.154862601610754,0.2870408792715011,0.003149380534409829
3312,0.8085937500000001,60.29792744133238,6.159937985025829,0.2871902067591918,0.0032022690049302582
3313,0.808837890625,60.34924603289815,6.165013368440901,0.28733953424693937,0.0032551574754506873
3314,0.80908203125,60.40056462446396,6.170088751855976,0.28748886173463006,0.0033080459459711165
3315,0.809326171875,60.45188321602974,6.175164135271048,0.2876381892223776,0.0033609344164915456
3316,0.8095703125,60.49901180906709,6.172992867331681,0.2877816019327497,0.0034210771900120562
3317,0.8098144531250001,60.54509290247231,6.169009936553701,0.2879235359487211,0.0034830335392825873
3318,0.81005859375,60.59117399587752,6.165027005775722,0.28806546996474935,0.0035449898885531184
3319,0.810302734375,60.637255089282746,6.161044074997743,0.2882074039807776,0.0036069462378236494
3320,0.810546875,60.68333618268794,6.157061144219764,0.288349337996749,0.003668902587037337
3321,0.810791015625,60.72941727609317,6.153078213441783,0.28849127201277724,0.003730858936307868
3322,0.8110351562500001,60.7754983694984,6.149095282663802,0.2886332060288055,0.003792815285578399
3323,0.811279296875,60.8215794629036,6.145112351885824,0.2887751400447769,0.0038547716348489303
3324,0.8115234375,60.86766055630883,6.141129421107843,0.28891707406080513,0.003916727984119461
3325,0.811767578125,60.91374164971403,6.137146490329865,0.2890590080768334,0.003978684333389992
3326,0.81201171875,60.95982274311926,6.1331635595518845,0.2892009420928616,0.00404064068260368
3327,0.8122558593750001,61.00590383652448,6.129180628773904,0.289342876108833,0.004102597031874211
3328,0.8125,61.05198492992969,6.125197697995925,0.28948481012486127,0.004164553381144742
3329,0.812744140625,61.09806602333492,6.121214767217944,0.2896267441408895,0.004226509730415273
3330,0.81298828125,61.144147116740115,6.117231836439966,0.2897686781568609,0.004288466079685804
3331,0.813232421875,61.19022821014534,6.113248905661985,0.28991061217288916,0.004350422428899492
3332,0.8134765625000001,61.23630930355058,6.109265974884005,0.2900525461889174,0.004412378778170023
3333,0.813720703125,61.28239039695577,6.105283044106026,0.29019448020494565,0.004474335127440554
3334,0.81396484375,61.328471490361,6.101300113328046,0.29033641422091705,0.004536291476711085
3335,0.814208984375,61.3745525837662,6.097317182550068,0.2904783482369453,0.004598247825981616
3336,0.814453125,61.42063367717144,6.093334251772086,0.29062028225297354,0.004660204175195304
3337,0.8146972656250001,61.46671477057665,6.089351320994106,0.29076221626894494,0.004722160524465835
3338,0.81494140625,61.51279586398186,6.085368390216127,0.2909041502849732,0.004784116873736366
3339,0.815185546875,61.558876957387085,6.081385459438147,0.29104608430100143,0.004846073223006897
3340,0.8154296875,61.60495805079228,6.077402528660169,0.29118801831697283,0.004908029572277428
3341,0.815673828125,61.64984998891419,6.0710733096140235,0.2913285216764052,0.004971795913718324
3342,0.8159179687500001,61.689985305902795,6.055358937495204,0.291463302409511,0.0050428022238975245
3343,0.816162109375,61.73012062289138,6.039644565376395,0.29159808314255997,0.005113808534076725
3344,0.81640625,61.77025593987998,6.023930193257575,0.29173286387566577,0.005184814844255925
3345,0.816650390625,61.81039125686856,6.008215821138764,0.29186764460877157,0.005255821154435125
3346,0.81689453125,61.850526573857174,5.992501449019946,0.2920024253418205,0.0053268274646143254
3347,0.8171386718750001,61.890661890845756,5.976787076901127,0.2921372060749263,0.005397833774793526
3348,0.8173828125,61.930797207834345,5.9610727047823175,0.2922719868079753,0.005468840084972726
3349,0.817626953125,61.97093252482295,5.9453583326634964,0.2924067675410811,0.005539846395151926
3350,0.81787109375,62.011067841811524,5.929643960544687,0.29254154827413004,0.005610852705331126
3351,0.818115234375,62.051203158800135,5.913929588425868,0.29267632900723584,0.005681859015510327
3352,0.8183593750000001,62.09133847578874,5.89821521630705,0.29281110974034164,0.005752865325689527
3353,0.818603515625,62.13147379277732,5.882500844188239,0.2929458904733906,0.005823871635868727
3354,0.81884765625,62.171609109765924,5.866786472069419,0.2930806712064964,0.005894877946047927
3355,0.819091796875,62.21174442675451,5.85107209995061,0.29321545193954535,0.0059658842562271275
3356,0.8193359375,62.25187974374311,5.8353577278317905,0.29335023267265115,0.006036890566406328
3357,0.8195800781250001,62.29201506073172,5.819643355712972,0.2934850134057001,0.006107896876585528
3358,0.81982421875,62.332150377720296,5.803928983594162,0.2936197941388059,0.006178903186764728
3359,0.820068359375,62.3722856947089,5.788214611475342,0.29375457487185486,0.006249909496943928
3360,0.8203125,62.412421011697475,5.772500239356533,0.29388935560496066,0.006320915807123129
3361,0.820556640625,62.45255632868608,5.7567858672377135,0.29402413633806646,0.006391922117245485
3362,0.8208007812500001,62.49269164567468,5.741071495118895,0.2941589170711154,0.006462928427424686
3363,0.821044921875,62.532826962663265,5.725357123000085,0.2942936978042212,0.006533934737603886
3364,0.8212890625,62.57296227965187,5.709642750881265,0.29442847853727017,0.006604941047783086
3365,0.821533203125,62.61309759664044,5.693928378762456,0.29456325927037597,0.006675947357962286
3366,0.82177734375,62.653232913629054,5.678214006643636,0.2946980400034249,0.0067469536681414866
3367,0.8220214843750001,62.689377626868726,5.653613885967845,0.2948286778835154,0.006823149821684638
3368,0.822265625,62.72286193760908,5.623089932920767,0.29495655386165254,0.00690280587076586
3369,0.822509765625,62.75634624834945,5.592565979873671,0.2950844298397328,0.006982461919847083
3370,0.82275390625,62.78983055908981,5.562042026826592,0.2952123058178131,0.007062117968928305
3371,0.822998046875,62.82331486983019,5.531518073779497,0.2953401817958934,0.007141774018009528
3372,0.8232421875000001,62.856799180570555,5.500994120732401,0.29546805777397367,0.0072214300670907505
3373,0.823486328125,62.89028349131092,5.470470167685323,0.29559593375205395,0.00730108611611513
3374,0.82373046875,62.923767802051294,5.439946214638228,0.2957238097301911,0.007380742165196352
3375,0.823974609375,62.95725211279166,5.409422261591149,0.29585168570827136,0.007460398214277575
3376,0.82421875,62.990736423532034,5.378898308544054,0.29597956168635164,0.0075400542633587975
3377,0.8244628906250001,63.024220734272404,5.348374355496959,0.2961074376644319,0.00761971031244002
3378,0.82470703125,63.05770504501277,5.31785040244988,0.2962353136425122,0.007699366361521243
3379,0.824951171875,63.091189355753144,5.2873264494027845,0.29636318962064934,0.007779022410602465
3380,0.8251953125,63.12467366649351,5.256802496355706,0.2964910655987296,0.007858678459683688
3381,0.825439453125,63.15815797723388,5.22627854330861,0.2966189415768099,0.00793833450876491
3382,0.8256835937500001,63.191642287974254,5.195754590261514,0.2967468175548902,0.008017990557846133
3383,0.825927734375,63.22512659871462,5.165230637214436,0.29687469353297047,0.008097646606927356
3384,0.826171875,63.258610909454994,5.134706684167341,0.2970025695111076,0.008177302656008578
3385,0.826416015625,63.29209522019536,5.104182731120262,0.2971304454891879,0.0082569587050898
3386,0.82666015625,63.32557953093572,5.073658778073167,0.29725832146726816,0.00833661475411418
3387,0.8269042968750001,63.3590638416761,5.043134825026072,0.29738619744534844,0.008416270803195403
3388,0.8271484375,63.39254815241646,5.0126108719789935,0.2975140734234287,0.008495926852276625
3389,0.827392578125,63.42603246315683,4.9820869189318975,0.297641949401509,0.008575582901357848
3390,0.82763671875,63.459516773897185,4.951562965884819,0.29776982537964614,0.00865523895043907
3391,0.827880859375,63.49300108463757,4.921039012837723,0.2978977013577264,0.008734894999520293
3392,0.8281250000000001,63.52648539537794,4.8905150597906175,0.2980255773358067,0.008814551048601516
3393,0.828369140625,63.552631023605876,4.841677865090066,0.29814679170857517,0.008901965758695951
3394,0.82861328125,63.578776651833834,4.792840670389486,0.2982680060812868,0.008989380468790387
3395,0.828857421875,63.60492228006177,4.744003475688933,0.29838922045405525,0.009076795178884822
3396,0.8291015625,63.63106790828974,4.695166280988353,0.29851043482676687,0.009164209888979258
3397,0.8293457031250001,63.65721353651769,4.646329086287774,0.29863164919953533,0.009251624599073693
3398,0.82958984375,63.683359164745625,4.597491891587221,0.29875286357224695,0.009339039309224972
3399,0.829833984375,63.70950479297358,4.548654696886641,0.2988740779450154,0.009426454019319408
3400,0.830078125,63.73565042120151,4.499817502186089,0.29899529231772703,0.009513868729413844
3401,0.830322265625,63.76179604942946,4.4509803074855085,0.2991165066904955,0.009601283439508279
3402,0.8305664062500001,63.787941677657436,4.402143112784929,0.2992377210632071,0.009688698149602715
3403,0.830810546875,63.814087305885366,4.353305918084376,0.2993589354359756,0.00977611285969715
3404,0.8310546875,63.84023293411332,4.304468723383796,0.2994801498086872,0.009863527569791586
3405,0.831298828125,63.86637856234126,4.255631528683244,0.29960136418145566,0.009950942279886021
3406,0.83154296875,63.89252419056921,4.206794333982664,0.2997225785541673,0.010038356989980457
3407,0.8317871093750001,63.91866981879718,4.157957139282084,0.29984379292693575,0.010125771700074893
3408,0.83203125,63.944815447025114,4.109119944581532,0.29996500729964737,0.010213186410169328
3409,0.832275390625,63.970961075253065,4.060282749880952,0.30008622167241583,0.010300601120263764
3410,0.83251953125,63.997106703481,4.0114455551804,0.30020743604512745,0.010388015830415043
3411,0.832763671875,64.02325233170896,3.9626083604798197,0.3003286504178959,0.010475430540509478
3412,0.8330078125000001,64.04939795993691,3.91377116577924,0.30044986479060753,0.010562845250603914
3413,0.833251953125,64.07554358816486,3.8649339710786874,0.300571079163376,0.01065025996069835
3414,0.83349609375,64.10168921639281,3.8160967763781066,0.30069229353614446,0.010737674670792785
3415,0.833740234375,64.12783484462075,3.7672595816775543,0.3008135079088561,0.01082508938088722
3416,0.833984375,64.1539804728487,3.718422386976975,0.30093472228162454,0.010912504090981656
3417,0.8342285156250001,64.18012610107665,3.6695851922763945,0.30105593665433616,0.010999918801076092
3418,0.83447265625,64.20307448041082,3.611846223035428,0.30117457699248007,0.011089833932999227
3419,0.834716796875,64.2212269864043,3.540754591983787,0.301289356278744,0.011183499697665411
3420,0.8349609375,64.23937949239776,3.4696629609321863,0.30140413556506473,0.011277165462331595
3421,0.835205078125,64.25753199839126,3.3985713298805456,0.30151891485132865,0.01137083122699778
3422,0.8354492187500001,64.27568450438474,3.3274796988289044,0.30163369413759256,0.01146449699160712
3423,0.835693359375,64.29383701037821,3.2563880677773036,0.30174847342385647,0.011558162756273305
3424,0.8359375,64.3119895163717,3.1852964367256624,0.3018632527101204,0.011651828520939489
3425,0.836181640625,64.33014202236517,3.114204805674062,0.3019780319963843,0.011745494285605673
3426,0.83642578125,64.34829452835866,3.043113174622421,0.30209281128270504,0.011839160050271857
3427,0.8366699218750001,64.36644703435213,2.9720215435707797,0.30220759056896895,0.011932825814881198
3428,0.8369140625,64.3845995403456,2.9009299125191794,0.30232236985523286,0.012026491579547383
3429,0.837158203125,64.40275204633909,2.8298382814675382,0.3024371491414968,0.012120157344213567
3430,0.83740234375,64.42090455233257,2.7587466504159384,0.3025519284277607,0.012213823108879751
3431,0.837646484375,64.43905705832606,2.687655019364297,0.3026667077140246,0.012307488873545935
3432,0.8378906250000001,64.45720956431954,2.616563388312656,0.30278148700034535,0.012401154638155276
3433,0.838134765625,64.475362070313,2.5454717572610557,0.30289626628660926,0.01249482040282146
3434,0.83837890625,64.4935145763065,2.4743801262094145,0.30301104557287317,0.012588486167487645
3435,0.838623046875,64.51166708229997,2.4032884951578137,0.3031258248591371,0.012682151932153829
3436,0.8388671875,64.52981958829345,2.332196864106173,0.303240604145401,0.012775817696820013
3437,0.8391113281250001,64.54797209428693,2.261105233054532,0.3033553834316649,0.012869483461486197
3438,0.83935546875,64.5661246002804,2.190013602002931,0.30347016271798566,0.012963149226095538
3439,0.839599609375,64.5842771062739,2.1189219709512903,0.30358494200424957,0.013056814990761723
3440,0.83984375,64.60242961226737,2.047830339899689,0.3036997212905135,0.013150480755427907
3441,0.840087890625,64.62058211826084,1.9767387088480481,0.3038145005767774,0.013244146520094091
3442,0.8403320312500001,64.63873462425433,1.905647077796407,0.3039292798630413,0.013337812284760275
3443,0.840576171875,64.65688713024781,1.8345554467448064,0.3040440591493052,0.013431478049369616
3444,0.8408203125,64.66816122930746,1.7421580588462817,0.3041538516563378,0.013528330737017313
3445,0.841064453125,64.67771572663366,1.644434231736081,0.30426239746856254,0.013625980155381967
3446,0.84130859375,64.68727022395986,1.5467104046258244,0.30437094328073044,0.01372362957374662
3447,0.8415527343750001,64.69682472128608,1.4489865775155677,0.3044794890929552,0.013821278992168118
3448,0.841796875,64.70637921861226,1.3512627504053665,0.3045880349051231,0.013918928410532772
3449,0.842041015625,64.71593371593848,1.25353892329511,0.30469658071734784,0.014016577828897425
3450,0.84228515625,64.72548821326467,1.1558150961849087,0.3048051265295726,0.014114227247262079
3451,0.842529296875,64.73504271059086,1.058091269074652,0.3049136723417405,0.014211876665626733
3452,0.8427734375000001,64.74459720791707,0.9603674419643955,0.30502221815396524,0.014309526083991386
3453,0.843017578125,64.75415170524326,0.8626436148541945,0.30513076396613315,0.014407175502412883
3454,0.84326171875,64.76370620256947,0.7649197877439378,0.3052393097783579,0.014504824920777537
3455,0.843505859375,64.77326069989566,0.6671959606337368,0.3053478555905258,0.01460247433914219
3456,0.84375,64.78281519722186,0.5694721335234801,0.30545640140275054,0.014700123757506844
3457,0.8439941406250001,64.79236969454807,0.47174830641322346,0.3055649472149753,0.014797773175871498
3458,0.84423828125,64.80192419187426,0.37402447930302224,0.3056734930271432,0.014895422594236152
3459,0.844482421875,64.81147868920047,0.27630065219276556,0.30578203883936794,0.014993072012600805
3460,0.8447265625,64.82103318652666,0.17857682508256453,0.30589058465153585,0.015090721431022303
3461,0.844970703125,64.83058768385285,0.08085299797230787,0.3059991304637606,0.015188370849386956
3462,0.8452148437500001,64.84014218117906,-0.016870829137948778,0.3061076762759285,0.01528602026775161
3463,0.845458984375,64.84969667850525,-0.11459465624815,0.30621622208815324,0.015383669686116264
3464,0.845703125,64.85925117583147,-0.21231848335840664,0.306324767900378,0.015481319104480917
3465,0.845947265625,64.86880567315765,-0.31004231046860753,0.3064333137125459,0.015578968522845571
3466,0.84619140625,64.87836017048387,-0.4077661375788642,0.30654185952477064,0.015676617941267068
3467,0.8464355468750001,64.88791466781007,-0.5054899646891208,0.30665040533693855,0.015774267359631722
3468,0.8466796875,64.89746916513627,-0.6032137917993221,0.3067589511491633,0.015871916777996375
3469,0.846923828125,64.90519625322189,-0.707222873663569,0.30686628459642407,0.01596972543921993
3470,0.84716796875,64.9056137043452,-0.8363729745436485,0.3069687685839426,0.01606817107176539
3471,0.847412109375,64.90603115546851,-0.9655230754238016,0.307071252571518,0.016166616704367698
3472,0.8476562500000001,64.90644860659184,-1.0946731763039546,0.30717373655903657,0.01626506233691316
3473,0.847900390625,64.90686605771515,-1.2238232771840343,0.3072762205465551,0.016363507969515467
3474,0.84814453125,64.90728350883846,-1.3529733780641873,0.3073787045341305,0.01646195360206093
3475,0.848388671875,64.90770095996179,-1.482123478944267,0.3074811885216491,0.016560399234663237
3476,0.8486328125,64.9081184110851,-1.61127357982442,0.3075836725091676,0.0166588448672087
3477,0.8488769531250001,64.90853586220841,-1.7404236807045732,0.307686156496743,0.016757290499811006
3478,0.84912109375,64.90895331333172,-1.8695737815846525,0.3077886404842616,0.01685573613235647
3479,0.849365234375,64.90937076445505,-1.9987238824648055,0.30789112447178013,0.016954181764958776
3480,0.849609375,64.90978821557837,-2.127873983344885,0.30799360845935553,0.01705262739750424
3481,0.849853515625,64.91020566670167,-2.257024084225038,0.3080960924468741,0.017151073030106545
3482,0.8500976562500001,64.910623117825,-2.3861741851051916,0.30819857643439263,0.017249518662652008
3483,0.850341796875,64.91104056894831,-2.5153242859852707,0.3083010604219112,0.017347964295254314
3484,0.8505859375,64.91145802007162,-2.644474386865424,0.3084035444094866,0.017446409927799778
3485,0.850830078125,64.91187547119495,-2.773624487745504,0.30850602839700514,0.017544855560402084
3486,0.85107421875,64.91229292231827,-2.9027745886256566,0.3086085123845237,0.017643301192947547
3487,0.8513183593750001,64.91271037344157,-3.03192468950581,0.3087109963720991,0.017741746825549853
3488,0.8515625,64.9131278245649,-3.161074790385889,0.30881348035961764,0.01784019245815216
3489,0.851806640625,64.91354527568821,-3.2902248912660426,0.3089159643471362,0.017938638090697623
3490,0.85205078125,64.91396272681152,-3.419374992146122,0.3090184483347116,0.01803708372329993
3491,0.852294921875,64.91438017793485,-3.548525093026275,0.30912093232223015,0.018135529355845392
3492,0.8525390625000001,64.91479762905816,-3.677675193906428,0.3092234163097487,0.0182339749884477
3493,0.852783203125,64.91521508018147,-3.806825294786508,0.3093259002973241,0.01833242062099316
3494,0.85302734375,64.9156325313048,-3.9359753956666608,0.30942838428484265,0.018430866253595468
3495,0.853271484375,64.91029315964232,-4.0870785912272884,0.30952731507591125,0.018527220195323935
3496,0.853515625,64.90111590612267,-4.252817183241696,0.30962387706927075,0.01862217967646984
3497,0.8537597656250001,64.89193865260303,-4.418555775256103,0.3097204390626871,0.01871713915767259
3498,0.85400390625,64.88276139908338,-4.584294367270416,0.3098170010560466,0.018812098638818497
3499,0.854248046875,64.87358414556373,-4.750032959284822,0.30991356304946294,0.018907058119964404
3500,0.8544921875,64.86440689204407,-4.915771551299136,0.31001012504282244,0.019002017601167154
3501,0.854736328125,64.85522963852442,-5.081510143313542,0.3101066870362388,0.01909697708231306
3502,0.8549804687500001,64.84605238500478,-5.24724873532795,0.3102032490295983,0.01919193656351581
3503,0.855224609375,64.83687513148512,-5.412987327342263,0.3102998110230146,0.019286896044661717
3504,0.85546875,64.82769787796546,-5.578725919356669,0.3103963730163741,0.019381855525864466
3505,0.855712890625,64.81852062444582,-5.744464511370983,0.31049293500979047,0.019476815007010373
3506,0.85595703125,64.80934337092617,-5.910203103385391,0.31058949700315,0.019571774488213123
3507,0.8562011718750001,64.80016611740652,-6.075941695399797,0.3106860589965663,0.01966673396935903
3508,0.8564453125,64.79098886388687,-6.24168028741411,0.3107826209899258,0.01976169345056178
3509,0.856689453125,64.78181161036721,-6.407418879428517,0.31087918298334216,0.019856652931707686
3510,0.85693359375,64.77263435684758,-6.57315747144283,0.31097574497670166,0.019951612412853592
3511,0.857177734375,64.76345710332792,-6.738896063457236,0.311072306970118,0.020046571894056342
3512,0.8574218750000001,64.75427984980827,-6.904634655471643,0.3111688689634775,0.02014153137520225
3513,0.857666015625,64.74510259628862,-7.070373247485956,0.31126543095689385,0.020236490856405
3514,0.85791015625,64.73592534276897,-7.236111839500364,0.31136199295025335,0.020331450337550905
3515,0.858154296875,64.72674808924933,-7.401850431514676,0.3114585549436697,0.020426409818753655
3516,0.8583984375,64.71757083572967,-7.567589023529084,0.3115551169370292,0.02052136929989956
3517,0.8586425781250001,64.70839358221002,-7.733327615543491,0.31165167893044554,0.02061632878110231
3518,0.85888671875,64.69921632869037,-7.899066207557803,0.31174824092380504,0.020711288262248218
3519,0.859130859375,64.69003907517072,-8.064804799572212,0.3118448029172214,0.020806247743450967
3520,0.859375,64.68086182165108,-8.230543391586524,0.3119413649105809,0.020901207224596874
3521,0.859619140625,64.66172754495285,-8.438313134482549,0.31203211401839326,0.020987118622201706
3522,0.8598632812500001,64.64259326825461,-8.646082877378575,0.31212286312620563,0.02107303001986338
3523,0.860107421875,64.62345899155642,-8.853852620274482,0.312213612234018,0.021158941417468213
3524,0.8603515625,64.6043247148582,-9.061622363170507,0.31230436134177353,0.021244852815073045
3525,0.860595703125,64.58519043815998,-9.269392106066416,0.3123951104495859,0.02133076421273472
3526,0.86083984375,64.56605616146176,-9.47716184896244,0.31248585955739827,0.021416675610339553
3527,0.8610839843750001,64.54692188476353,-9.684931591858465,0.31257660866521064,0.021502587007944385
3528,0.861328125,64.52778760806534,-9.892701334754372,0.312667357773023,0.021588498405549217
3529,0.861572265625,64.50865333136711,-10.100471077650397,0.3127581068808354,0.021674409803210892
3530,0.86181640625,64.48951905466889,-10.308240820546304,0.31284885598864776,0.021760321200815724
3531,0.862060546875,64.47038477797066,-10.51601056344233,0.3129396050964033,0.021846232598420556
3532,0.8623046875000001,64.45125050127245,-10.723780306338355,0.31303035420421566,0.021932143996082232
3533,0.862548828125,64.43211622457424,-10.931550049234263,0.313121103312028,0.022018055393687064
3534,0.86279296875,64.41298194787602,-11.139319792130289,0.3132118524198404,0.022103966791291896
3535,0.863037109375,64.39384767117781,-11.347089535026196,0.31330260152765277,0.02218987818895357
3536,0.86328125,64.37471339447958,-11.554859277922223,0.31339335063546514,0.022275789586558403
3537,0.8635253906250001,64.35557911778136,-11.762629020818249,0.31348409974322067,0.022361700984163235
3538,0.86376953125,64.33644484108315,-11.970398763714154,0.31357484885103304,0.02244761238182491
3539,0.864013671875,64.31731056438494,-12.17816850661018,0.3136655979588454,0.022533523779429743
3540,0.8642578125,64.29817628768672,-12.385938249506086,0.3137563470666578,0.022619435177034575
3541,0.864501953125,64.27904201098849,-12.593707992402113,0.31384709617447015,0.02270534657469625
3542,0.8647460937500001,64.25990773429028,-12.801477735298139,0.3139378452822825,0.022791257972301082
3543,0.864990234375,64.24077345759206,-13.009247478194046,0.3140285943900949,0.022877169369905914
3544,0.865234375,64.22163918089385,-13.217017221090071,0.3141193434978504,0.022963080767510746
3545,0.865478515625,64.20250490419564,-13.424786963985978,0.3142100926056628,0.02304899216517242
3546,0.86572265625,64.17928565269087,-13.651601494499646,0.314298549363059,0.023128473363954072
3547,0.8659667968750001,64.14993893897628,-13.906983206439827,0.3143835675947457,0.023198309264557793
3548,0.8662109375,64.12059222526169,-14.162364918379861,0.31446858582643245,0.02326814516510467
3549,0.866455078125,64.0912455115471,-14.417746630320044,0.314553604058176,0.02333798106570839
3550,0.86669921875,64.06189879783254,-14.67312834226008,0.3146386222898627,0.023407816966255268
3551,0.866943359375,64.03255208411795,-14.928510054200261,0.31472364052154944,0.02347765286685899
3552,0.8671875000000001,64.00320537040335,-15.183891766140444,0.314808658753293,0.023547488767405866
3553,0.867431640625,63.973858656688776,-15.439273478080478,0.3148936769849797,0.023617324667952744
3554,0.86767578125,63.94451194297419,-15.694655190020661,0.31497869521666644,0.023687160568556465
3555,0.867919921875,63.91516522925962,-15.950036901960697,0.31506371344841,0.023756996469103342
3556,0.8681640625,63.88581851554503,-16.20541861390088,0.3151487316800967,0.023826832369707063
3557,0.8684082031250001,63.85647180183044,-16.46080032584106,0.31523374991178343,0.02389666827025394
3558,0.86865234375,63.827125088115864,-16.7161820377811,0.315318768143527,0.02396650417085766
3559,0.868896484375,63.79777837440128,-16.971563749721277,0.3154037863752137,0.02403634007140454
3560,0.869140625,63.7684316606867,-17.226945461661316,0.31548880460690043,0.02410617597200826
3561,0.869384765625,63.73908494697211,-17.482327173601494,0.315573822838644,0.024176011872555137
3562,0.8696289062500001,63.709738233257525,-17.737708885541675,0.3156588410703307,0.024245847773158857
3563,0.869873046875,63.680391519542944,-17.99309059748171,0.3157438593020174,0.024315683673705735
3564,0.8701171875,63.65104480582836,-18.248472309421896,0.315828877533761,0.024385519574309455
3565,0.870361328125,63.62169809211378,-18.50385402136193,0.3159138957654477,0.024455355474856333
3566,0.87060546875,63.592351378399194,-18.759235733302113,0.3159989139971344,0.024525191375460054
3567,0.8708496093750001,63.563004664684605,-19.014617445242294,0.316083932228878,0.02459502727600693
3568,0.87109375,63.53365795097004,-19.26999915718233,0.3161689504605647,0.02466486317655381
3569,0.871337890625,63.50431123725544,-19.52538086912251,0.3162539686922514,0.02473469907715753
3570,0.87158203125,63.47496452354087,-19.78076258106255,0.316338986923995,0.024804534977704407
3571,0.871826171875,63.445617809826274,-20.036144293002724,0.3164240051556817,0.024874370878308127
3572,0.8720703125000001,63.407989030645815,-20.33401817146223,0.3165044870968927,0.024924412925656725
3573,0.872314453125,63.36828973509891,-20.64251509155137,0.3165838349654564,0.024969506509705752
3574,0.87255859375,63.32859043955198,-20.951012011640685,0.31666318283402006,0.02501460009375478
3575,0.872802734375,63.288891144005085,-21.259508931729826,0.31674253070258374,0.025059693677803807
3576,0.873046875,63.24919184845817,-21.56800585181914,0.3168218785711474,0.025104787261909678
3577,0.8732910156250001,63.209492552911236,-21.876502771908456,0.3169012264397111,0.025149880845958705
3578,0.87353515625,63.16979325736433,-22.184999691997596,0.31698057430827475,0.025194974430007733
3579,0.873779296875,63.1300939618174,-22.49349661208691,0.3170599221768384,0.02524006801405676
3580,0.8740234375,63.0903946662705,-22.801993532176052,0.3171392700454021,0.025285161598105788
3581,0.874267578125,63.05069537072359,-23.110490452265367,0.3172186179139658,0.025330255182154815
3582,0.8745117187500001,63.01099607517666,-23.418987372354685,0.31729796578252945,0.025375348766203842
3583,0.874755859375,62.971296779629746,-23.727484292443823,0.3173773136510931,0.02542044235025287
3584,0.875,62.93159748408282,-24.035981212533137,0.3174566615196568,0.02546553593435874
3585,0.875244140625,62.89189818853592,-24.344478132622278,0.31753600938822046,0.025510629518407768
3586,0.87548828125,62.85219889298899,-24.652975052711593,0.31761535725678414,0.025555723102456795
3587,0.8757324218750001,62.81249959744208,-24.961471972800908,0.3176947051253478,0.025600816686505823
3588,0.8759765625,62.77280030189517,-25.26996889289005,0.3177740529939115,0.02564591027055485
3589,0.876220703125,62.73310100634824,-25.578465812979363,0.31785340086247516,0.025691003854603878
3590,0.87646484375,62.69340171080134,-25.886962733068504,0.31793274873103883,0.025736097438652905
3591,0.876708984375,62.65370241525441,-26.19545965315782,0.3180120965996025,0.025781191022701933
3592,0.8769531250000001,62.61400311970748,-26.503956573247134,0.3180914444681662,0.02582628460675096
3593,0.877197265625,62.57430382416059,-26.812453493336278,0.31817079233672985,0.02587137819085683
3594,0.87744140625,62.534604528613656,-27.120950413425593,0.3182501402052935,0.025916471774905858
3595,0.877685546875,62.49490523306676,-27.42944733351473,0.3183294880738572,0.025961565358954886
3596,0.8779296875,62.45520593751983,-27.737944253604045,0.31840883594242086,0.026006658943003913
3597,0.8781738281250001,62.413432039169614,-28.05808698526658,0.31848705893742135,0.026044714291344917
3598,0.87841796875,62.36335972960635,-28.42481296322169,0.31856078243822594,0.02605461669691067
3599,0.878662109375,62.31328742004304,-28.791538941177002,0.31863450593903053,0.02606451910241958
3600,0.87890625,62.26321511047976,-29.158264919132115,0.3187082294398351,0.026074421507985335
3601,0.879150390625,62.21314280091646,-29.524990897087427,0.3187819529406397,0.02608432391355109
3602,0.8793945312500001,62.163070491353146,-29.891716875042743,0.3188556764414443,0.02609422631906
3603,0.879638671875,62.11299818178987,-30.258442852997852,0.3189293999422489,0.026104128724625753
3604,0.8798828125,62.062925872226565,-30.625168830953164,0.3190031234430535,0.026114031130191506
3605,0.880126953125,62.01285356266329,-30.991894808908267,0.3190768469438581,0.026123933535700417
3606,0.88037109375,61.962781253099976,-31.358620786863586,0.31915057044466266,0.02613383594126617
3607,0.8806152343750001,61.91270894353667,-31.725346764818898,0.31922429394546725,0.02614373834677508
3608,0.880859375,61.862636633973395,-32.09207274277401,0.31929801744627184,0.026153640752340834
3609,0.881103515625,61.81256432441008,-32.45879872072932,0.31937174094707643,0.026163543157906588
3610,0.88134765625,61.762492014846806,-32.825524698684426,0.319445464447881,0.0261734455634155
3611,0.881591796875,61.7124197052835,-33.19225067663974,0.3195191879486856,0.026183347968981252
3612,0.8818359375000001,61.66234739572019,-33.55897665459506,0.3195929114494902,0.026193250374547006
3613,0.882080078125,61.61227508615691,-33.92570263255016,0.3196666349502948,0.026203152780055916
3614,0.88232421875,61.56220277659361,-34.292428610505475,0.3197403584510994,0.02621305518562167
3615,0.882568359375,61.51213046703034,-34.65915458846058,0.319814081951904,0.02622295759113058
3616,0.8828125,61.46205815746702,-35.0258805664159,0.31988780545270856,0.026232859996696334
3617,0.8830566406250001,61.411985847903715,-35.39260654437121,0.3199615289534563,0.026242762402262088
3618,0.88330078125,61.361913538340445,-35.75933252232632,0.3200352524542609,0.026252664807770998
3619,0.883544921875,61.311841228777126,-36.12605850028163,0.3201089759550655,0.02626256721333675
3620,0.8837890625,61.261768919213864,-36.49278447823674,0.3201826994558701,0.026272469618845662
3621,0.884033203125,61.21169660965055,-36.859510456192055,0.32025642295667467,0.026282372024411416
3622,0.8842773437500001,61.16162430008723,-37.226236434147374,0.32033014645747926,0.02629227442997717
3623,0.884521484375,61.10538769424602,-37.63047443508005,0.3204005188759993,0.026273672624597566
3624,0.884765625,61.04504155755278,-38.05972045133134,0.32046865723970086,0.026236068012053693
3625,0.885009765625,60.98469542085958,-38.48896646758238,0.3205367956033456,0.026198463399452976
3626,0.88525390625,60.92434928416636,-38.91821248383366,0.32060493396704715,0.02616085878685226
3627,0.8854980468750001,60.86400314747313,-39.347458500084954,0.3206730723307487,0.026123254174251542
3628,0.8857421875,60.80365701077993,-39.776704516336,0.32074121069439343,0.026085649561650825
3629,0.885986328125,60.743310874086696,-40.20595053258728,0.320809349058095,0.02604804494905011
3630,0.88623046875,60.6829647373935,-40.63519654883832,0.3208774874217397,0.026010440336449392
3631,0.886474609375,60.62261860070028,-41.06444256508961,0.3209456257854413,0.025972835723848675
3632,0.8867187500000001,60.562272464007044,-41.4936885813409,0.321013764149086,0.02593523111124796
3633,0.886962890625,60.501926327313846,-41.92293459759194,0.32108190251278756,0.02589762649864724
3634,0.88720703125,60.44158019062061,-42.352180613843224,0.3211500408764323,0.025860021886103368
3635,0.887451171875,60.381234053927415,-42.781426630094266,0.32121817924013385,0.02582241727350265
3636,0.8876953125,60.320887917234195,-43.21067264634555,0.32128631760377857,0.025784812660901935
3637,0.8879394531250001,60.26054178054096,-43.63991866259684,0.32135445596748013,0.025747208048301218
3638,0.88818359375,60.20019564384776,-44.06916467884788,0.3214225943311817,0.0257096034357005
3639,0.888427734375,60.13984950715454,-44.49841069509917,0.3214907326948264,0.025671998823099784
3640,0.888671875,60.07950337046134,-44.92765671135021,0.321558871058528,0.025634394210499067
3641,0.888916015625,60.01915723376811,-45.35690272760149,0.3216270094221727,0.02559678959789835
3642,0.8891601562500001,59.958811097074886,-45.786148743852785,0.32169514778587427,0.025559184985297634
3643,0.889404296875,59.89846496038169,-46.21539476010383,0.321763286149519,0.025521580372696917
3644,0.8896484375,59.838118823688454,-46.64464077635511,0.32183142451322055,0.025483975760153044
3645,0.889892578125,59.777772686995256,-47.07388679260615,0.3218995628768653,0.025446371147552327
3646,0.89013671875,59.71742655030204,-47.50313280885744,0.32196770124056684,0.02540876653495161
3647,0.8903808593750001,59.657080413608796,-47.93237882510872,0.32203583960421156,0.025371161922350893
3648,0.890625,59.596734276915605,-48.36162484135976,0.3221039779679131,0.025333557309750177
3649,0.890869140625,59.52632807731921,-48.85627717676225,0.32216657163399987,0.025234269698955814
3650,0.89111328125,59.45592187772285,-49.35092951216445,0.32222916530002976,0.02513498208816145
3651,0.891357421875,59.38551567812646,-49.845581847566926,0.3222917589661165,0.025035694477310244
3652,0.8916015625000001,59.31510947853006,-50.34023418296942,0.3223543526321464,0.02493640686651588
3653,0.891845703125,59.24470327893371,-50.83488651837162,0.32241694629823314,0.024837119255721518
3654,0.89208984375,59.17429707933732,-51.329538853774096,0.3224795399643199,0.024737831644927155
3655,0.892333984375,59.103890879740966,-51.8241911891763,0.3225421336303498,0.024638544034132792
3656,0.892578125,59.03348468014457,-52.318843524578774,0.3226047272964365,0.02453925642333843
3657,0.8928222656250001,58.96307848054818,-52.81349585998126,0.3226673209624664,0.024439968812487223
3658,0.89306640625,58.89267228095182,-53.30814819538345,0.32272991462855316,0.02434068120169286
3659,0.893310546875,58.82226608135542,-53.80280053078594,0.3227925082946399,0.024241393590898497
3660,0.8935546875,58.751859881759074,-54.29745286618814,0.3228551019606698,0.024142105980104134
3661,0.893798828125,58.68145368216268,-54.792105201590616,0.32291769562675654,0.02404281836930977
3662,0.8940429687500001,58.611047482566285,-55.2867575369931,0.32298028929278644,0.023943530758515408
3663,0.894287109375,58.54064128296993,-55.781409872395294,0.3230428829588732,0.0238442431476642
3664,0.89453125,58.47023508337354,-56.276062207797786,0.3231054766249599,0.02374495553686984
3665,0.894775390625,58.39982888377718,-56.77071454319997,0.3231680702909898,0.023645667926075475
3666,0.89501953125,58.329422684180784,-57.265366878602464,0.32323066395707656,0.023546380315281112
3667,0.8952636718750001,58.25901648458439,-57.76001921400495,0.32329325762310646,0.02344709270448675
3668,0.8955078125,58.188610284988044,-58.25467154940714,0.3233558512891932,0.023347805093692386
3669,0.895751953125,58.11820408539165,-58.74932388480963,0.3234184449552231,0.02324851748284118
3670,0.89599609375,58.0477978857953,-59.24397622021183,0.32348103862130984,0.023149229872046817
3671,0.896240234375,57.9773916861989,-59.738628555614305,0.3235436322873966,0.023049942261252454
3672,0.8964843750000001,57.90698548660251,-60.23328089101679,0.3236062259534265,0.02295065465045809
3673,0.896728515625,57.83657928700615,-60.72793322641899,0.3236688196195132,0.022851367039663728
3674,0.89697265625,57.762276331311234,-61.249038953001275,0.32372921515627695,0.02272104769042471
3675,0.897216796875,57.68212824146857,-61.809824766352946,0.323786313499113,0.022544180733632402
3676,0.8974609375,57.60198015162587,-62.370610579704945,0.32384341184200593,0.022367313776840092
3677,0.8977050781250001,57.52183206178316,-62.93139639305693,0.323900510184842,0.022190446820047782
3678,0.89794921875,57.4416839719405,-63.49218220640861,0.3239576085276781,0.02201357986319863
3679,0.898193359375,57.36153588209779,-64.0529680197606,0.32401470687051415,0.02183671290640632
3680,0.8984375,57.28138779225513,-64.61375383311226,0.32407180521340706,0.02165984594961401
3681,0.898681640625,57.20123970241244,-65.17453964646425,0.32412890355624313,0.0214829789928217
3682,0.8989257812500001,57.121091612569735,-65.73532545981624,0.3241860018990792,0.02130611203602939
3683,0.899169921875,57.04094352272707,-66.29611127316791,0.3242431002419721,0.021129245079180237
3684,0.8994140625,56.96079543288437,-66.85689708651991,0.3243001985848082,0.020952378122387927
3685,0.899658203125,56.88064734304171,-67.41768289987156,0.32435729692764426,0.020775511165595617
3686,0.89990234375,56.800499253199,-67.97846871322356,0.3244143952704803,0.020598644208803307
3687,0.9001464843750001,56.72035116335629,-68.53925452657556,0.32447149361337324,0.020421777251954154
3688,0.900390625,56.64020307351363,-69.10004033992722,0.3245285919562093,0.020244910295161844
3689,0.900634765625,56.56005498367094,-69.6608261532792,0.3245856902990454,0.020068043338369534
3690,0.90087890625,56.47990689382828,-70.22161196663089,0.32464278864188145,0.019891176381577225
3691,0.901123046875,56.39975880398557,-70.78239777998286,0.32469988698477437,0.019714309424784915
3692,0.9013671875000001,56.31961071414287,-71.34318359333486,0.32475698532761044,0.01953744246793576
3693,0.901611328125,56.23946262430021,-71.90396940668653,0.3248140836704465,0.019360575511143452
3694,0.90185546875,56.1593145344575,-72.46475522003853,0.3248711820133394,0.019183708554351142
3695,0.902099609375,56.07916644461484,-73.0255410333902,0.3249282803561755,0.019006841597558832
3696,0.90234375,55.99901835477213,-73.58632684674218,0.32498537869901156,0.01882997464070968
3697,0.9025878906250001,55.91887026492944,-74.14711266009418,0.32504247704184763,0.01865310768391737
3698,0.90283203125,55.838722175086765,-74.70789847344585,0.32509957538474055,0.01847624072712506
3699,0.903076171875,55.75857408524407,-75.26868428679784,0.3251566737275766,0.01829937377033275
3700,0.9033203125,55.6709583746125,-75.8804768255477,0.3252094281522204,0.018046604779499376
3701,0.903564453125,55.58147575878365,-76.50502104564747,0.32526109659727354,0.01777486028021258
3702,0.9038085937500001,55.491993142954804,-77.12956526574722,0.3253127650423835,0.01750311578086894
3703,0.904052734375,55.402510527126,-77.75410948584663,0.32536443348749344,0.0172313712815253
3704,0.904296875,55.313027911297155,-78.37865370594639,0.32541610193254655,0.0169596267822385
3705,0.904541015625,55.22354529546835,-79.00319792604577,0.3254677703776565,0.01668788228289486
3706,0.90478515625,55.134062679639506,-79.62774214614554,0.3255194388227096,0.016416137783608065
3707,0.9050292968750001,55.044580063810656,-80.2522863662453,0.32557110726781957,0.016144393284264424
3708,0.9052734375,54.95509744798185,-80.87683058634471,0.3256227757128727,0.015872648784920784
3709,0.905517578125,54.86561483215301,-81.50137480644447,0.32567444415798263,0.015600904285633987
3710,0.90576171875,54.77613221632421,-82.12591902654388,0.32572611260303574,0.015329159786290347
3711,0.906005859375,54.68664960049536,-82.75046324664363,0.3257777810481457,0.01505741528700355
3712,0.9062500000000001,54.59716698466651,-83.3750074667434,0.32582944949325565,0.01478567078765991
3713,0.906494140625,54.50768436883771,-83.9995516868428,0.32588111793830876,0.01451392628831627
3714,0.90673828125,54.418201753008866,-84.62409590694256,0.3259327863834187,0.014242181789029473
3715,0.906982421875,54.32871913718006,-85.24864012704197,0.3259844548284718,0.013970437289685833
3716,0.9072265625,54.239236521351216,-85.87318434714172,0.3260361232735818,0.013698692790399036
3717,0.9074707031250001,54.14975390552237,-86.49772856724148,0.3260877917186349,0.013426948291055396
3718,0.90771484375,54.06027128969356,-87.12227278734089,0.32613946016374484,0.013155203791711756
3719,0.907958984375,53.97078867386472,-87.74681700744064,0.32619112860879795,0.012883459292424959
3720,0.908203125,53.88130605803591,-88.37136122754005,0.3262427970539079,0.012611714793081319
3721,0.908447265625,53.79182344220707,-88.99590544763981,0.326294465498961,0.012339970293794522
3722,0.9086914062500001,53.70234082637822,-89.62044966773956,0.32634613394407097,0.012068225794450882
3723,0.908935546875,53.61285821054942,-90.24499388783897,0.3263978023891809,0.011796481295107242
3724,0.9091796875,53.52337559472057,-90.86953810793874,0.32644947083423403,0.011524736795820445
3725,0.909423828125,53.432121410763685,-91.5055122672052,0.32650007084646404,0.011230385277940513
3726,0.90966796875,53.33378095429435,-92.1872061831403,0.32654639712728795,0.010845605685858573
3727,0.9099121093750001,53.235440497825024,-92.86890009907543,0.326592723408055,0.010460826093833475
3728,0.91015625,53.13710004135576,-93.55059401501016,0.32663904968882207,0.010076046501751534
3729,0.910400390625,53.03875958488643,-94.23228793094529,0.326685375969646,0.009691266909669594
3730,0.91064453125,52.940419128417155,-94.91398184688,0.32673170225041304,0.009306487317644496
3731,0.910888671875,52.84207867194783,-95.59567576281512,0.32677802853123694,0.008921707725562555
3732,0.9111328125000001,52.7437382154785,-96.27736967875025,0.326824354812004,0.008536928133480615
3733,0.911376953125,52.645397759009235,-96.95906359468498,0.3268706810928279,0.008152148541455517
3734,0.91162109375,52.547057302539905,-97.6407575106201,0.32691700737359497,0.0077673689493735765
3735,0.911865234375,52.44871684607063,-98.32245142655482,0.3269633336544189,0.007382589357291636
3736,0.912109375,52.35037638960131,-99.00414534248995,0.32700965993518594,0.006997809765209695
3737,0.9123535156250001,52.25203593313198,-99.68583925842506,0.32705598621600984,0.0066130301731845975
3738,0.91259765625,52.15369547666271,-100.36753317435979,0.3271023124967769,0.006228250581102657
3739,0.912841796875,52.05535502019339,-101.0492270902949,0.3271486387776008,0.005843470989020716
3740,0.9130859375,51.95701456372411,-101.73092100622964,0.32719496505836787,0.0054586913969956186
3741,0.913330078125,51.858674107254785,-102.41261492216476,0.3272412913391918,0.005073911804913678
3742,0.9135742187500001,51.760333650785455,-103.09430883809988,0.32728761761995884,0.004689132212831737
3743,0.913818359375,51.66199319431619,-103.7760027540346,0.32733394390078274,0.00430435262080664
3744,0.9140625,51.563652737846866,-104.45769666996972,0.3273802701815498,0.003919573028724699
3745,0.914306640625,51.46531228137759,-105.13939058590445,0.32742659646231687,0.003534793436642758
3746,0.91455078125,51.366971824908255,-105.82108450183958,0.32747292274314077,0.0031500138446176607
3747,0.9147949218750001,51.26863136843893,-106.5027784177747,0.32751924902390783,0.00276523425253572
3748,0.9150390625,51.170290911969666,-107.18447233370942,0.32756557530473174,0.002380454660453779
3749,0.915283203125,51.071950455500335,-107.86616624964454,0.3276119015854988,0.0019956750684286817
3750,0.91552734375,50.97360999903107,-108.54786016557928,0.3276582278663227,0.001610895476346741
3751,0.915771484375,50.87026817866134,-109.25656336563178,0.32770141802723174,0.0011473660588876555
3752,0.9160156250000001,50.76359211569135,-109.98327275509585,0.32774251744149296,0.0006313367578627549
3753,0.916259765625,50.65691605272142,-110.70998214455952,0.3277836168557542,0.00011530745678101084
3754,0.91650390625,50.550239989751425,-111.43669153402362,0.32782471627007226,-0.0004007218442438898
3755,0.916748046875,50.44356392678151,-112.16340092348727,0.3278658156843335,-0.0009167511452687904
3756,0.9169921875,50.336887863811505,-112.89011031295136,0.32790691509865155,-0.0014327804463505345
3757,0.9172363281250001,50.23021180084152,-113.61681970241547,0.3279480145129696,-0.0019488097473754351
3758,0.91748046875,50.12353573787159,-114.34352909187913,0.32798911392723085,-0.002464839048457179
3759,0.917724609375,50.016859674901596,-115.07023848134322,0.3280302133415489,-0.00298086834948208
3760,0.91796875,49.91018361193167,-115.79694787080689,0.32807131275581014,-0.0034968976505069804
3761,0.918212890625,49.80350754896168,-116.52365726027098,0.3281124121701282,-0.0040129269515887245
3762,0.9184570312500001,49.696831485991694,-117.25036664973508,0.32815351158438943,-0.004528956252613625
3763,0.918701171875,49.59015542302176,-117.97707603919875,0.32819461099865066,-0.005044985553638526
3764,0.9189453125,49.483479360051774,-118.70378542866283,0.32823571041296873,-0.00556101485472027
3765,0.919189453125,49.376803297081835,-119.43049481812649,0.32827680982722995,-0.00607704415574517
3766,0.91943359375,49.270127234111854,-120.1572042075906,0.328317909241548,-0.006593073456770071
3767,0.9196777343750001,49.16345117114186,-120.88391359705469,0.3283590086558661,-0.007109102757851815
3768,0.919921875,49.056775108171934,-121.61062298651835,0.3284001080701273,-0.007625132058876716
3769,0.920166015625,48.95009904520194,-122.33733237598244,0.3284412074844454,-0.008141161359901616
3770,0.92041015625,48.84342298223201,-123.0640417654461,0.3284823068987066,-0.00865719066098336
3771,0.920654296875,48.73674691926202,-123.7907511549102,0.3285234063130247,-0.009173219962008261
3772,0.9208984375000001,48.630070856292036,-124.5174605443743,0.3285645057272859,-0.009689249263090005
3773,0.921142578125,48.5233947933221,-125.24416993383797,0.32860560514154713,-0.010205278564114906
3774,0.92138671875,48.41671873035211,-125.97087932330204,0.3286467045558652,-0.010721307865139806
3775,0.921630859375,48.31004266738218,-126.69758871276572,0.3286878039701264,-0.01123733716622155
3776,0.921875,48.20336660441219,-127.42429810222981,0.3287289033844445,-0.011753366467246451
3777,0.9221191406250001,48.088896031425314,-128.17697895319003,0.3287649230005627,-0.012417841424564813
3778,0.92236328125,47.974425458438496,-128.9296598041498,0.32880094261662407,-0.013082316381883174
3779,0.922607421875,47.85995488545162,-129.68234065511004,0.3288369622327423,-0.01374679133925838
3780,0.9228515625,47.745484312464804,-130.43502150606983,0.32887298184880365,-0.014411266296576741
3781,0.923095703125,47.63101373947793,-131.18770235703005,0.32890900146492186,-0.015075741253895103
3782,0.9233398437500001,47.51654316649105,-131.94038320799027,0.3289450210809832,-0.015740216211213465
3783,0.923583984375,47.402072593504236,-132.69306405895003,0.32898104069710143,-0.016404691168531826
3784,0.923828125,47.287602020517355,-133.44574490991027,0.3290170603131628,-0.017069166125850188
3785,0.924072265625,47.173131447530544,-134.19842576087007,0.329053079929281,-0.017733641083225393
3786,0.92431640625,47.05866087454366,-134.95110661183028,0.3290890995453424,-0.018398116040543755
3787,0.9245605468750001,46.94419030155678,-135.70378746279047,0.3291251191614606,-0.019062590997862117
3788,0.9248046875,46.82971972856997,-136.45646831375026,0.32916113877752196,-0.01972706595518048
3789,0.925048828125,46.71524915558309,-137.2091491647105,0.32919715839364017,-0.02039154091249884
3790,0.92529296875,46.60077858259627,-137.96183001567027,0.3292331780097584,-0.021056015869817202
3791,0.925537109375,46.486308009609395,-138.7145108666305,0.32926919762581974,-0.021720490827192407
3792,0.9257812500000001,46.37183743662251,-139.4671917175907,0.32930521724193795,-0.02238496578451077
3793,0.926025390625,46.2573668636357,-140.2198725685505,0.3293412368579993,-0.02304944074182913
3794,0.92626953125,46.14289629064883,-140.97255341951075,0.32937725647411753,-0.023713915699147492
3795,0.926513671875,46.02842571766201,-141.7252342704705,0.3294132760901789,-0.024378390656465854
3796,0.9267578125,45.91395514467513,-142.47791512143073,0.3294492957062971,-0.025042865613784215
3797,0.9270019531250001,45.799484571688254,-143.23059597239094,0.3294853153223585,-0.02570734057115942
3798,0.92724609375,45.685013998701436,-143.98327682335074,0.3295213349384767,-0.026371815528477782
3799,0.927490234375,45.57054342571456,-144.73595767431098,0.32955735455453805,-0.027036290485796144
3800,0.927734375,45.45607285272774,-145.48863852527074,0.32959337417065626,-0.027700765443114506
3801,0.927978515625,45.34160227974087,-146.24131937623096,0.32962939378671763,-0.028365240400432867
3802,0.9282226562500001,45.22422658919547,-146.99346461730389,0.32966345429014154,-0.02909503460034557
3803,0.928466796875,45.10249322231235,-147.7448064435454,0.32969457612443875,-0.0299228076640361
3804,0.9287109375,44.98075985542917,-148.49614826978737,0.32972569795873596,-0.030750580727783472
3805,0.928955078125,44.85902648854606,-149.2474900960289,0.3297568197930332,-0.031578353791530844
3806,0.92919921875,44.737293121662866,-149.9988319222709,0.3297879416273304,-0.03240612685522137
3807,0.9294433593750001,44.61555975477969,-150.75017374851285,0.32981906346168444,-0.033233899918968746
3808,0.9296875,44.493826387896576,-151.5015155747544,0.32985018529598165,-0.034061672982659275
3809,0.929931640625,44.37209302101338,-152.25285740099636,0.32988130713027886,-0.03488944604640665
3810,0.93017578125,44.25035965413027,-153.00419922723788,0.32991242896457607,-0.035717219110097176
3811,0.930419921875,44.12862628724709,-153.75554105347985,0.3299435507988733,-0.03654499217384455
3812,0.9306640625000001,44.006892920363896,-154.5068828797218,0.3299746726331705,-0.03737276523759192
3813,0.930908203125,43.88515955348079,-155.25822470596336,0.33000579446752454,-0.03820053830128245
3814,0.93115234375,43.763426186597606,-156.0095665322053,0.33003691630182175,-0.03902831136502982
3815,0.931396484375,43.641692819714486,-156.76090835844687,0.33006803813611896,-0.03985608442872035
3816,0.931640625,43.51995945283131,-157.51225018468884,0.33009915997041617,-0.04068385749246772
3817,0.9318847656250001,43.398226085948124,-158.2635920109308,0.3301302818047134,-0.04151163055615825
3818,0.93212890625,43.276492719065004,-159.01493383717232,0.33016140363906743,-0.042339403619905625
3819,0.932373046875,43.15475935218183,-159.76627566341426,0.33019252547336464,-0.043167176683653
3820,0.9326171875,43.03302598529871,-160.51761748965583,0.33022364730766185,-0.043994949747343526
3821,0.932861328125,42.911292618415516,-161.26895931589777,0.33025476914195906,-0.0448227228110909
3822,0.9331054687500001,42.78955925153234,-162.02030114213974,0.33028589097625627,-0.04565049587478143
3823,0.933349609375,42.66782588464922,-162.7716429683813,0.3303170128105535,-0.0464782689385288
3824,0.93359375,42.546092517766034,-163.52298479462326,0.33034813464490753,-0.04730604200221933
3825,0.933837890625,42.42435915088293,-164.2743266208648,0.33037925647920474,-0.0481338150659667
3826,0.93408203125,42.30262578399974,-165.02566844710677,0.33041037831350195,-0.04896158812971407
3827,0.9343261718750001,42.18089241711655,-165.77701027334874,0.33044150014779916,-0.0497893611934046
3828,0.9345703125,42.05374407768938,-166.49789937863565,0.3304688791018293,-0.05075658366968128
3829,0.934814453125,41.92524199512612,-167.21117530368434,0.33049532233582113,-0.05175866849901922
3830,0.93505859375,41.79673991256294,-167.9244512287326,0.3305217655697561,-0.05276075332841401
3831,0.935302734375,41.66823782999968,-168.63772715378133,0.33054820880369107,-0.0537628381578088
3832,0.9355468750000001,41.53973574743643,-169.35100307883,0.3305746520376829,-0.05476492298714675
3833,0.935791015625,41.411233664873244,-170.06427900387828,0.33060109527161785,-0.055767007816541536
3834,0.93603515625,41.282731582309985,-170.77755492892695,0.33062753850560966,-0.056769092645936325
3835,0.936279296875,41.154229499746805,-171.49083085397524,0.33065398173954463,-0.05777117747527427
3836,0.9365234375,41.025727417183546,-172.20410677902393,0.33068042497353645,-0.05877326230466906
3837,0.9367675781250001,40.89722533462029,-172.91738270407262,0.3307068682074714,-0.05977534713406385
3838,0.93701171875,40.7687232520571,-173.6306586291209,0.33073331144146323,-0.06077743196345864
3839,0.937255859375,40.64022116949384,-174.3439345541696,0.3307597546753982,-0.061779516792796585
3840,0.9375,40.51171908693066,-175.05721047921787,0.33078619790933317,-0.06278160162219137
3841,0.937744140625,40.3832170043674,-175.77048640426656,0.330812641143325,-0.06378368645158616
3842,0.9379882812500001,40.25471492180415,-176.48376232931523,0.33083908437725995,-0.06478577128092411
3843,0.938232421875,40.12621283924097,-177.1970382543635,0.33086552761125176,-0.0657878561103189
3844,0.9384765625,39.99771075667771,-177.9103141794122,0.33089197084518673,-0.06678994093971369
3845,0.938720703125,39.86920867411452,-178.62359010446048,0.33091841407917855,-0.06779202576910848
3846,0.93896484375,39.740706591551266,-179.3368660295092,0.3309448573131135,-0.06879411059844642
3847,0.9392089843750001,39.61220450898801,-180.05014195455783,0.33097130054710533,-0.06979619542784121
3848,0.939453125,39.48370242642483,-180.76341787960612,0.3309977437810403,-0.070798280257236
3849,0.939697265625,39.355200343861576,-181.47669380465481,0.3310241870150321,-0.07180036508657395
3850,0.93994140625,39.22669826129839,-182.1899697297031,0.3310506302489671,-0.07280244991596874
3851,0.940185546875,39.09819617873513,-182.9032456547518,0.33107707348290205,-0.07380453474536353
3852,0.9404296875000001,38.96969409617187,-183.61652157980046,0.33110351671689386,-0.07480661957470147
3853,0.940673828125,38.839924248431586,-184.31281338389272,0.33112907576963835,-0.0758446975029301
3854,0.94091796875,38.70508333998278,-184.94116870416113,0.3311510980975072,-0.0770267478264941
3855,0.941162109375,38.57024243153407,-185.56952402442917,0.33117312042537606,-0.07820879815000126
3856,0.94140625,38.435401523085275,-186.19787934469755,0.3311951427532449,-0.07939084847356526
3857,0.9416503906250001,38.30056061463648,-186.82623466496594,0.33121716508111376,-0.08057289879712926
3858,0.94189453125,38.16571970618776,-187.45458998523398,0.3312391874089826,-0.08175494912063641
3859,0.942138671875,38.03087879773897,-188.08294530550236,0.33126120973685147,-0.08293699944420041
3860,0.9423828125,37.896037889290255,-188.71130062577038,0.33128323206477717,-0.08411904976776441
3861,0.942626953125,37.761196980841454,-189.33965594603876,0.331305254392646,-0.08530110009127156
3862,0.9428710937500001,37.62635607239266,-189.96801126630717,0.3313272767205149,-0.08648315041483556
3863,0.943115234375,37.491515163943944,-190.5963665865752,0.3313492990483837,-0.08766520073839956
3864,0.943359375,37.35667425549516,-191.22472190684357,0.3313713213762526,-0.08884725106190672
3865,0.943603515625,37.221833347046434,-191.85307722711164,0.33139334370412143,-0.09002930138547072
3866,0.94384765625,37.08699243859764,-192.48143254738002,0.3314153660319903,-0.09121135170903472
3867,0.9440917968750001,36.95215153014885,-193.1097878676484,0.33143738835985914,-0.09239340203254187
3868,0.9443359375,36.81731062170013,-193.73814318791642,0.331459410687728,-0.09357545235610587
3869,0.944580078125,36.682469713251336,-194.36649850818483,0.33148143301559685,-0.09475750267966987
3870,0.94482421875,36.54762880480262,-194.99485382845288,0.33150345534352255,-0.09593955300317702
3871,0.945068359375,36.41278789635382,-195.62320914872126,0.3315254776713914,-0.09712160332674102
3872,0.9453125000000001,36.277946987905025,-196.25156446898964,0.33154749999926025,-0.09830365365030502
3873,0.945556640625,36.14310607945632,-196.87991978925768,0.3315695223271291,-0.09948570397381218
3874,0.94580078125,36.008265171007515,-197.50827510952607,0.33159154465499796,-0.10066775429737618
3875,0.946044921875,35.8734242625588,-198.1366304297941,0.3316135669828668,-0.10184980462094018
3876,0.9462890625,35.738583354110006,-198.7649857500625,0.33163558931073567,-0.10303185494444733
3877,0.9465332031250001,35.60374244566121,-199.3933410703309,0.3316576116386045,-0.10421390526801133
3878,0.94677734375,35.46890153721249,-200.02169639059892,0.3316796339664734,-0.10539595559157533
3879,0.947021484375,35.330462920309806,-200.56490078147883,0.33169918182011315,-0.1066853598337616
3880,0.947265625,35.1896258311046,-201.0513378860995,0.3317170800241911,-0.108046333355162
3881,0.947509765625,35.04878874189932,-201.53777499072044,0.33173497822826903,-0.10940730687650557
3882,0.9477539062500001,34.90795165269403,-202.02421209534134,0.33175287643234697,-0.11076828039784914
3883,0.947998046875,34.76711456348884,-202.51064919996202,0.3317707746364249,-0.1121292539191927
3884,0.9482421875,34.626277474283555,-202.99708630458295,0.33178867284050284,-0.11349022744053627
3885,0.948486328125,34.48544038507835,-203.48352340920357,0.3318065710445808,-0.11485120096187984
3886,0.94873046875,34.344603295873064,-203.9699605138245,0.3318244692486587,-0.11621217448322341
3887,0.9489746093750001,34.20376620666779,-204.45639761844544,0.33184236745273665,-0.11757314800462382
3888,0.94921875,34.06292911746258,-204.94283472306608,0.3318602656568146,-0.11893412152596738
3889,0.949462890625,33.922092028257296,-205.42927182768702,0.33187816386094937,-0.12029509504731095
3890,0.94970703125,33.7812549390521,-205.9157089323077,0.3318960620650273,-0.12165606856865452
3891,0.949951171875,33.640417849846806,-206.4021460369286,0.33191396026910525,-0.12301704208999809
3892,0.9501953125000001,33.49958076064153,-206.88858314154953,0.3319318584731832,-0.12437801561134165
3893,0.950439453125,33.35874367143632,-207.37502024617018,0.3319497566772611,-0.12573898913268522
3894,0.95068359375,33.21790658223104,-207.86145735079108,0.33196765488133906,-0.12709996265408563
3895,0.950927734375,33.07706949302584,-208.34789445541173,0.331985553085417,-0.1284609361754292
3896,0.951171875,32.936232403820554,-208.8343315600327,0.33200345128949493,-0.12982190969677276
3897,0.9514160156250001,32.79539531461527,-209.32076866465363,0.33202134949357287,-0.13118288321811633
3898,0.95166015625,32.654558225410064,-209.80720576927428,0.3320392476976508,-0.1325438567394599
3899,0.951904296875,32.513721136204786,-210.29364287389518,0.3320571459017856,-0.13390483026080346
3900,0.9521484375,32.37288404699958,-210.78007997851586,0.3320750441058635,-0.13526580378214703
3901,0.952392578125,32.232046957794296,-211.2665170831368,0.33209294230994146,-0.13662677730354744
3902,0.9526367187500001,32.09120986858902,-211.75295418775767,0.3321108405140194,-0.137987750824891
3903,0.952880859375,31.95037277938381,-212.23939129237834,0.33212873871809734,-0.13934872434623458
3904,0.953125,31.80953569017852,-212.72582839699916,0.3321466369221753,-0.14070969786757814
3905,0.953369140625,31.662940002566614,-213.0041175974585,0.33216074676494145,-0.1422409642730713
3906,0.95361328125,31.516344314954623,-213.28240679791804,0.33217485660776447,-0.14377223067856448
3907,0.9538574218750001,31.369748627342627,-213.56069599837753,0.33218896645053064,-0.14530349708405765
3908,0.9541015625,31.223152939730724,-213.83898519883687,0.33220307629335366,-0.14683476348960767
3909,0.954345703125,31.07655725211873,-214.11727439929638,0.33221718613611984,-0.14836602989510084
3910,0.95458984375,30.929961564506815,-214.39556359975572,0.33223129597894285,-0.149897296300594
3911,0.954833984375,30.783365876894823,-214.67385280021526,0.33224540582170903,-0.15142856270608718
3912,0.9550781250000001,30.636770189282828,-214.95214200067477,0.33225951566453205,-0.15295982911158035
3913,0.955322265625,30.490174501670925,-215.2304312011341,0.3322736255072982,-0.15449109551707352
3914,0.95556640625,30.34357881405893,-215.5087204015936,0.33228773535012124,-0.1560223619225667
3915,0.955810546875,30.196983126447016,-215.787009602053,0.3323018451928874,-0.1575536283281167
3916,0.9560546875,30.050387438835024,-216.06529880251247,0.3323159550356536,-0.15908489473360987
3917,0.9562988281250001,29.903791751223032,-216.34358800297198,0.3323300648784766,-0.16061616113910304
3918,0.95654296875,29.757196063611126,-216.62187720343135,0.3323441747212428,-0.1621474275445962
3919,0.956787109375,29.61060037599913,-216.90016640389086,0.3323582845640658,-0.16367869395008938
3920,0.95703125,29.464004688387217,-217.1784556043502,0.332372394406832,-0.16520996035558255
3921,0.957275390625,29.31740900077523,-217.45674480480974,0.332386504249655,-0.16674122676107572
3922,0.9575195312500001,29.170813313163233,-217.73503400526923,0.33240061409242116,-0.16827249316662574
3923,0.957763671875,29.024217625551326,-218.0133232057286,0.3324147239352442,-0.1698037595721189
3924,0.9580078125,28.877621937939335,-218.29161240618808,0.33242883377801036,-0.17133502597761208
3925,0.958251953125,28.731026250327425,-218.56990160664745,0.3324429436208334,-0.17286629238310525
3926,0.95849609375,28.58443056271543,-218.84819080710693,0.33245705346359955,-0.17439755878859842
3927,0.9587402343750001,28.43783487510344,-219.12648000756647,0.3324711633063657,-0.1759288251940916
3928,0.958984375,28.29123918749153,-219.4047692080258,0.33248527314918874,-0.17746009159958476
3929,0.959228515625,28.144643499879535,-219.68305840848532,0.3324993829919549,-0.17899135800513477
3930,0.95947265625,27.995792999424935,-219.8486854294773,0.3325121271024045,-0.18058418194448222
3931,0.959716796875,27.843560279706214,-219.84531918126805,0.3325228226144077,-0.1822693421846111
3932,0.9599609375000001,27.691327559987496,-219.84195293305888,0.332533518126354,-0.18395450242473999
3933,0.960205078125,27.53909484026886,-219.83858668484964,0.33254421363830033,-0.18563966266486887
3934,0.96044921875,27.38686212055014,-219.83522043664044,0.33255490915024666,-0.18732482290499775
3935,0.960693359375,27.234629400831505,-219.8318541884312,0.332565604662193,-0.18900998314512663
3936,0.9609375,27.082396681112783,-219.82848794022198,0.3325763001741393,-0.1906951433852555
3937,0.9611816406250001,26.930163961394065,-219.82512169201277,0.3325869956861425,-0.19238030362538439
3938,0.96142578125,26.77793124167543,-219.82175544380354,0.3325976911980888,-0.19406546386551327
3939,0.961669921875,26.62569852195671,-219.81838919559434,0.3326083867100351,-0.19575062410564215
3940,0.9619140625,26.47346580223807,-219.8150229473851,0.33261908222198144,-0.19743578434577103
3941,0.962158203125,26.321233082519353,-219.8116566991759,0.33262977773392777,-0.1991209445858999
3942,0.9624023437500001,26.16900036280063,-219.80829045096667,0.33264047324593093,-0.2008061048260288
3943,0.962646484375,26.016767643081998,-219.80492420275743,0.33265116875787726,-0.20249126506615767
3944,0.962890625,25.864534923363276,-219.80155795454823,0.3326618642698236,-0.20417642530628655
3945,0.963134765625,25.71230220364464,-219.79819170633903,0.3326725597817699,-0.20586158554647227
3946,0.96337890625,25.56006948392592,-219.7948254581298,0.33268325529371623,-0.20754674578660115
3947,0.9636230468750001,25.4078367642072,-219.7914592099206,0.33269395080566255,-0.20923190602673003
3948,0.9638671875,25.255604044488564,-219.78809296171133,0.3327046463176657,-0.2109170662668589
3949,0.964111328125,25.103371324769846,-219.78472671350215,0.33271534182961204,-0.2126022265069878
3950,0.96435546875,24.951138605051213,-219.78136046529292,0.33272603734155837,-0.21428738674711667
3951,0.964599609375,24.798905885332488,-219.7779942170837,0.3327367328535047,-0.21597254698724555
3952,0.9648437500000001,24.646673165613766,-219.77462796887448,0.332747428365451,-0.21765770722737443
3953,0.965087890625,24.494440445895133,-219.77126172066525,0.33275812387739734,-0.2193428674675033
3954,0.96533203125,24.34220772617641,-219.76789547245605,0.3327688193894005,-0.2210280277076322
3955,0.965576171875,24.189975006457775,-219.76452922424681,0.33277951490134683,-0.22271318794776107
3956,0.9658203125,24.03323486260767,-219.47353156931388,0.3327878077904529,-0.22450272758328538
3957,0.9660644531250001,23.87536786272472,-219.11062606269982,0.33279550002384894,-0.22631836206767275
3958,0.96630859375,23.717500862841852,-218.74772055608602,0.332803192257245,-0.22813399655200328
3959,0.966552734375,23.559633862958897,-218.384815049472,0.332810884490641,-0.22994963103639066
3960,0.966796875,23.40176686307603,-218.0219095428582,0.33281857672403703,-0.23176526552077803
3961,0.967041015625,23.243899863193075,-217.65900403624414,0.33282626895743306,-0.23358090000510856
3962,0.9672851562500001,23.086032863310123,-217.29609852963017,0.3328339611908291,-0.23539653448949593
3963,0.967529296875,22.928165863427257,-216.93319302301632,0.3328416534242251,-0.2372121689738833
3964,0.9677734375,22.7702988635443,-216.57028751640232,0.33284934565762114,-0.23902780345821384
3965,0.968017578125,22.612431863661435,-216.2073820097885,0.33285703789101717,-0.2408434379426012
3966,0.96826171875,22.45456486377848,-215.84447650317446,0.3328647301244132,-0.2426590724269886
3967,0.9685058593750001,22.296697863895528,-215.48157099656044,0.33287242235780923,-0.24447470691131912
3968,0.96875,22.13883086401266,-215.11866548994664,0.33288011459120526,-0.2462903413957065
3969,0.968994140625,21.980963864129706,-214.7557599833326,0.3328878068246013,-0.24810597588009387
3970,0.96923828125,21.82309686424684,-214.39285447671875,0.3328954990579973,-0.2499216103644244
3971,0.969482421875,21.665229864363884,-214.02994897010478,0.33290319129139334,-0.25173724484881177
3972,0.9697265625000001,21.507362864480932,-213.66704346349073,0.33291088352478937,-0.25355287933319914
3973,0.969970703125,21.349495864598065,-213.30413795687693,0.3329185757581854,-0.2553685138175297
3974,0.97021484375,21.19162886471511,-212.9412324502629,0.3329262679915814,-0.25718414830191705
3975,0.970458984375,21.033761864832243,-212.57832694364907,0.33293396022497745,-0.2589997827863044
3976,0.970703125,20.87589486494929,-212.21542143703505,0.3329416524583735,-0.26081541727063495
3977,0.9709472656250001,20.718027865066336,-211.85251593042102,0.3329493446917695,-0.2626310517550223
3978,0.97119140625,20.56016086518347,-211.4896104238072,0.33295703692516554,-0.2644466862394097
3979,0.971435546875,20.40229386530051,-211.1267049171932,0.33296472915856157,-0.26626232072374023
3980,0.9716796875,20.244426865417648,-210.76379941057937,0.3329724213919576,-0.2680779552081276
3981,0.971923828125,20.08541102806948,-210.31322324352743,0.3329796022427445,-0.2699139535453128
3982,0.9721679687500001,19.921799840860466,-209.51196443472332,0.3329847375629811,-0.271831407293746
3983,0.972412109375,19.758188653651548,-208.7107056259197,0.3329898728832177,-0.2737488610421792
3984,0.97265625,19.594577466442534,-207.90944681711562,0.3329950082034543,-0.27566631479061243
3985,0.972900390625,19.430966279233612,-207.10818800831197,0.3330001435236909,-0.27758376853904565
3986,0.97314453125,19.267355092024598,-206.3069291995079,0.3330052788439275,-0.2795012222875357
3987,0.9733886718750001,19.103743904815587,-205.50567039070378,0.3330104141641641,-0.28141867603596893
3988,0.9736328125,18.940132717606666,-204.70441158190013,0.3330155494844007,-0.28333612978440215
3989,0.973876953125,18.776521530397652,-203.90315277309605,0.3330206848046373,-0.28525358353283536
3990,0.97412109375,18.612910343188734,-203.1018939642924,0.3330258201248739,-0.2871710372812686
3991,0.974365234375,18.449299155979716,-202.30063515548832,0.3330309554451105,-0.2890884910297018
3992,0.9746093750000001,18.285687968770702,-201.49937634668424,0.3330360907653471,-0.291005944778135
3993,0.974853515625,18.12207678156178,-200.69811753788062,0.33304122608558373,-0.2929233985266251
3994,0.97509765625,17.958465594352766,-199.89685872907648,0.33304636140582033,-0.2948408522750583
3995,0.975341796875,17.794854407143845,-199.09559992027286,0.33305149672605694,-0.2967583060234915
3996,0.9755859375,17.63124321993483,-198.29434111146878,0.33305663204629354,-0.29867575977192473
3997,0.9758300781250001,17.467632032725817,-197.49308230266467,0.33306176736653015,-0.30059321352035795
3998,0.97607421875,17.3040208455169,-196.69182349386105,0.33306690268676675,-0.30251066726879117
3999,0.976318359375,17.140409658307885,-195.89056468505694,0.33307203800700336,-0.3044281210172244
4000,0.9765625,16.97679847109896,-195.0893058762533,0.3330771733271831,-0.30634557476571445
4001,0.976806640625,16.813187283889945,-194.2880470674492,0.3330823086474197,-0.30826302851414766
4002,0.9770507812500001,16.649576096680935,-193.48678825864513,0.3330874439676563,-0.3101804822625809
4003,0.977294921875,16.485964909472013,-192.6855294498415,0.33309257928789293,-0.3120979360110141
4004,0.9775390625,16.322353722263,-191.8842706410374,0.33309771460812954,-0.3140153897594473
4005,0.977783203125,16.15874253505408,-191.08301183223375,0.33310284992836614,-0.31593284350788053
4006,0.97802734375,15.995131347845067,-190.28175302342967,0.33310798524860274,-0.31785029725631375
4007,0.9782714843750001,15.82794948152762,-189.17157550392795,0.33311187417587007,-0.3198101777757074
4008,0.978515625,15.658387162471316,-187.85545217729558,0.33311493217439647,-0.3217983428090747
4009,0.978759765625,15.488824843414916,-186.53932885066249,0.3331179901729797,-0.323786507842442
4010,0.97900390625,15.319262524358615,-185.22320552403016,0.33312104817156296,-0.32577467287575246
4011,0.979248046875,15.149700205302215,-183.90708219739707,0.33312410617008936,-0.32776283790911975
4012,0.9794921875000001,14.980137886245817,-182.590958870764,0.3331271641686726,-0.32975100294248705
4013,0.979736328125,14.810575567189515,-181.27483554413163,0.333130222167199,-0.3317391679757975
4014,0.97998046875,14.641013248133117,-179.95871221749854,0.33313328016578225,-0.3337273330091648
4015,0.980224609375,14.471450929076815,-178.64258889086616,0.3331363381643655,-0.3357154980425321
4016,0.98046875,14.301888610020416,-177.3264655642331,0.3331393961628919,-0.33770366307584254
4017,0.9807128906250001,14.132326290964016,-176.0103422376,0.33314245416147514,-0.33969182810920984
4018,0.98095703125,13.962763971907716,-174.69421891096766,0.33314551216000154,-0.34167999314257713
4019,0.981201171875,13.793201652851316,-173.3780955843346,0.3331485701585848,-0.3436681581758876
4020,0.9814453125,13.623639333795014,-172.06197225770222,0.33315162815716803,-0.3456563232092549
4021,0.981689453125,13.454077014738616,-170.74584893106913,0.33315468615569444,-0.3476444882426222
4022,0.9819335937500001,13.284514695682216,-169.42972560443604,0.3331577441542777,-0.3496326532759326
4023,0.982177734375,13.114952376625913,-168.1136022778037,0.3331608021528609,-0.3516208183092999
4024,0.982421875,12.945390057569515,-166.7974789511706,0.3331638601513873,-0.3536089833426672
4025,0.982666015625,12.775827738513213,-165.48135562453828,0.33316691814997057,-0.35559714837597767
4026,0.98291015625,12.606265419456815,-164.16523229790516,0.33316997614849697,-0.35758531340934496
4027,0.9831542968750001,12.436703100400416,-162.84910897127207,0.3331730341470802,-0.35957347844271226
4028,0.9833984375,12.267140781344114,-161.53298564463975,0.33317609214566346,-0.3615616434760227
4029,0.983642578125,12.097578462287716,-160.21686231800663,0.33317915014418986,-0.36354980850939
4030,0.98388671875,11.928016143231412,-158.9007389913743,0.3331822081427731,-0.3655379735427573
4031,0.984130859375,11.758453824175014,-157.58461566474122,0.3331852661412995,-0.36752613857606775
4032,0.9843750000000001,11.588891505118612,-156.2684923381078,0.33318832413988275,-0.36951430360943505
4033,0.984619140625,11.413101988032464,-154.36523908078613,0.33318981528384484,-0.3715432195915014
4034,0.98486328125,11.237312470946213,-152.4619858234634,0.3331913064278069,-0.37357213557362456
4035,0.985107421875,11.061522953860067,-150.55873256614177,0.333192797571769,-0.3756010515556909
4036,0.9853515625,10.885733436773817,-148.65547930881903,0.3331942887157311,-0.37762996753775724
4037,0.9855957031250001,10.709943919687568,-146.75222605149628,0.3331957798596932,-0.3796588835198804
4038,0.98583984375,10.53415440260142,-144.84897279417464,0.33319727100365526,-0.38168779950194676
4039,0.986083984375,10.358364885515172,-142.9457195368519,0.33319876214761734,-0.3837167154840131
4040,0.986328125,10.182575368429022,-141.04246627953023,0.33320025329157943,-0.38574563146607943
4041,0.986572265625,10.006785851342775,-139.1392130222075,0.3332017444355415,-0.3877745474482026
4042,0.9868164062500001,9.830996334256525,-137.2359597648848,0.3332032355795036,-0.38980346343026895
4043,0.987060546875,9.655206817170377,-135.33270650756316,0.3332047267234657,-0.3918323794123353
4044,0.9873046875,9.479417300084128,-133.4294532502404,0.33320621786742777,-0.39386129539445847
4045,0.987548828125,9.30362778299798,-131.52619999291875,0.33320770901138985,-0.3958902113765248
4046,0.98779296875,9.127838265911732,-129.622946735596,0.33320920015535194,-0.39791912735859114
4047,0.9880371093750001,8.952048748825485,-127.71969347827327,0.333210691299314,-0.3999480433407143
4048,0.98828125,8.776259231739337,-125.81644022095163,0.3332121824432761,-0.40197695932278066
4049,0.988525390625,8.600469714653087,-123.9131869636289,0.3332136735872382,-0.404005875304847
4050,0.98876953125,8.424680197566937,-122.00993370630727,0.3332151647312003,-0.4060347912869702
4051,0.989013671875,8.24889068048069,-120.10668044898453,0.33321665587516236,-0.4080637072690365
4052,0.9892578125000001,8.07310116339444,-118.20342719166177,0.33321814701912444,-0.41009262325110285
4053,0.989501953125,7.897311646308292,-116.30017393434015,0.33321963816308653,-0.41212153923322603
4054,0.98974609375,7.721522129222045,-114.39692067701739,0.3332211293070486,-0.41415045521529237
4055,0.989990234375,7.545732612135895,-112.49366741969575,0.3332226204510107,-0.4161793711973587
4056,0.990234375,7.369943095049648,-110.59041416237302,0.3332241115949728,-0.41820828717942504
4057,0.9904785156250001,7.194153577963399,-108.68716090505028,0.33322560273893487,-0.4202372031615482
4058,0.99072265625,7.015753259364541,-106.52160782311363,0.333226682694999,-0.4222725613881835
4059,0.990966796875,6.833436738496507,-103.96260500425261,0.33322714586927304,-0.42431758298158684
4060,0.9912109375,6.651120217628578,-101.40360218539304,0.33322760904349025,-0.42636260457504704
4061,0.991455078125,6.468803696760545,-98.84459936653204,0.3332280722177643,-0.42840762616850725
4062,0.9916992187500001,6.286487175892512,-96.28559654767102,0.3332285353919815,-0.43045264776196746
4063,0.991943359375,6.104170655024584,-93.72659372881147,0.33322899856625554,-0.4324976693553708
4064,0.9921875,5.921854134156551,-91.16759090995043,0.33322946174047274,-0.434542690948831
4065,0.992431640625,5.739537613288621,-88.60858809109088,0.3332299249147468,-0.43658771254229123
4066,0.99267578125,5.557221092420588,-86.04958527222986,0.333230388088964,-0.4386327341356946
4067,0.9929199218750001,5.374904571552556,-83.49058245336884,0.33323085126323804,-0.4406777557291548
4068,0.9931640625,5.192588050684627,-80.93157963450928,0.33323131443745524,-0.442722777322615
4069,0.993408203125,5.010271529816595,-78.37257681564827,0.3332317776117293,-0.4447677989160752
4070,0.99365234375,4.827955008948665,-75.8135739967887,0.3332322407859465,-0.44681282050947857
4071,0.993896484375,4.645638488080632,-73.25457117792769,0.33323270396022053,-0.4488578421029388
4072,0.9941406250000001,4.4633219672125986,-70.69556835906667,0.3332331671344946,-0.450902863696399
4073,0.994384765625,4.281005446344671,-68.13656554020712,0.3332336303087118,-0.45294788528980234
4074,0.99462890625,4.0986889254766385,-65.5775627213461,0.3332340934829858,-0.45499290688326255
4075,0.994873046875,3.9163724046087087,-63.018559902486544,0.33323455665720303,-0.45703792847672275
4076,0.9951171875,3.7340558837406754,-60.45955708362552,0.3332350198314771,-0.45908295007018296
4077,0.9953613281250001,3.5517393628726435,-57.90055426476449,0.3332354830056943,-0.4611279716635863
4078,0.99560546875,3.3694228420047136,-55.34155144590493,0.3332359461799683,-0.46317299325704653
4079,0.995849609375,3.1871063211366817,-52.78254862704392,0.3332364093541855,-0.46521801485050673
4080,0.99609375,3.0047898002687523,-50.22354580818436,0.33323687252845957,-0.4672630364439101
4081,0.996337890625,2.822473279400719,-47.66454298932335,0.3332373357026768,-0.4693080580373703
4082,0.9965820312500001,2.640156758532687,-45.10554017046232,0.3332377988769508,-0.4713530796308305
4083,0.996826171875,2.4578402376647572,-42.54653735160277,0.333238262051168,-0.4733981012242907
4084,0.9970703125,2.2700408751479233,-39.4075657385908,0.33323835468604557,-0.47544416144654633
4085,0.997314453125,2.0808708022189926,-36.12360192704266,0.33323835468604557,-0.47749048132595817
4086,0.99755859375,1.891700729289954,-32.83963811549265,0.33323835468604557,-0.47953680120542685
4087,0.9978027343750001,1.7025306563609155,-29.555674303942634,0.33323835468604557,-0.48158312108489554
4088,0.998046875,1.5133605834319848,-26.27171049239449,0.33323835468604557,-0.4836294409643642
4089,0.998291015625,1.3241905105029463,-22.98774668084448,0.33323835468604557,-0.4856757608438329
4090,0.99853515625,1.1350204375740154,-19.703782869296333,0.33323835468604557,-0.48772208072324474
4091,0.998779296875,0.945850364644977,-16.419819057746324,0.33323835468604557,-0.4897684006027134
4092,0.9990234375000001,0.7566802917159384,-13.135855246196314,0.33323835468604557,-0.4918147204821821
4093,0.999267578125,0.5675102187870076,-9.851891434648165,0.33323835468604557,-0.4938610403616508
4094,0.99951171875,0.37834014585796916,-6.567927623098157,0.33323835468604557,-0.49590736024106263
4095,0.999755859375,0.18917007292903848,-3.2839638115500147,0.33323835468604557,-0.4979536801205313
4096,1.0,0.0,0.0,0.33323835468604557,-0.5
