index,coordinate,U_at_X0.5,W_at_Z0.5,theta_vertical,theta_horizontal
0,0.0,0.0,0.0,-0.3332888793426605,0.5
1,0.000244140625,-0.18909166058058502,3.284574379974412,-0.3332888793426605,0.49795367398024837
2,0.00048828125,-0.37818332116117004,6.569148759948824,-0.3332888793426605,0.49590734796049674
3,0.0007324218750000001,-0.5672749817417551,9.853723139923238,-0.3332888793426605,0.49386102194068826
4,0.0009765625,-0.7563666423223401,13.138297519897648,-0.3332888793426605,0.49181469592093663
5,0.001220703125,-0.9454583029029252,16.42287189987206,-0.3332888793426605,0.489768369901185
6,0.0014648437500000002,-1.1345499634835101,19.707446279846476,-0.3332888793426605,0.48772204388143336
7,0.001708984375,-1.3236416240640954,22.992020659820888,-0.3332888793426605,0.48567571786168173
8,0.001953125,-1.5127332846446802,26.276595039795296,-0.3332888793426605,0.48362939184187326
9,0.002197265625,-1.7018249452252654,29.56116941976971,-0.3332888793426605,0.4815830658221216
10,0.00244140625,-1.8909166058058504,32.84574379974412,-0.3332888793426605,0.47953673980237
11,0.002685546875,-2.0800082663864354,36.130318179718536,-0.3332888793426605,0.47749041378261836
12,0.0029296875000000004,-2.2690999269670202,39.41489255969295,-0.3332888793426605,0.47544408776286673
13,0.003173828125,-2.456820774910978,42.55445326338008,-0.33328878673933104,0.4733980210594382
14,0.00341796875,-2.639058372308429,45.11395926191817,-0.33328832372262696,0.4713529916214725
15,0.003662109375,-2.821295969705879,47.67346526045623,-0.333287860705866,0.46930796218356363
16,0.00390625,-3.0035335671033287,50.232971258994304,-0.33328739768916193,0.46726293274559794
17,0.004150390625,-3.185771164500779,52.79247725753238,-0.33328693467245785,0.46521790330763224
18,0.00439453125,-3.3680087618982295,55.351983256070454,-0.33328647165575376,0.4631728738697234
19,0.004638671875,-3.5502463592956794,57.911489254608526,-0.3332860086389928,0.4611278444317577
20,0.0048828125,-3.7324839566931285,60.47099525314659,-0.33328554562228874,0.459082814993792
21,0.005126953125,-3.914721554090579,63.03050125168467,-0.33328508260558465,0.4570377855558263
22,0.00537109375,-4.09695915148803,65.59000725022274,-0.33328461958888056,0.45499275611791745
23,0.005615234375,-4.279196748885479,68.14951324876081,-0.33328415657217647,0.45294772667995176
24,0.005859375000000001,-4.461434346282931,70.7090192472989,-0.33328369355541554,0.45090269724198606
25,0.006103515625,-4.6436719436803795,73.26852524583697,-0.33328323053871145,0.44885766780402037
26,0.00634765625,-4.825909541077829,75.82803124437503,-0.33328276752200736,0.4468126383661115
27,0.006591796875,-5.008147138475279,78.38753724291311,-0.3332823045053033,0.4447676089281458
28,0.0068359375,-5.19038473587273,80.94704324145118,-0.3332818414885992,0.4427225794901801
29,0.007080078125000001,-5.37262233327018,83.50654923998925,-0.33328137847183825,0.44067755005221443
30,0.00732421875,-5.5548599306676305,86.06605523852731,-0.33328091545513416,0.4386325206143056
31,0.007568359375,-5.737097528065081,88.62556123706541,-0.3332804524384301,0.4365874911763399
32,0.0078125,-5.91933512546253,91.18506723560347,-0.333279989421726,0.4345424617383742
33,0.008056640625,-6.101572722859981,93.74457323414155,-0.3332795264050219,0.4324974323004085
34,0.00830078125,-6.28381032025743,96.30407923267963,-0.33327906338826097,0.43045240286249964
35,0.008544921875,-6.46604791765488,98.86358523121768,-0.3332786003715569,0.42840737342453394
36,0.0087890625,-6.648285515052332,101.42309122975578,-0.3332781373548528,0.42636234398656825
37,0.009033203125,-6.830523112449781,103.98259722829384,-0.3332776743381487,0.42431731454860255
38,0.00927734375,-7.012760709847232,106.54210322683191,-0.33327721132138777,0.4222722851106937
39,0.009521484375,-7.191081944818436,108.70810137057718,-0.33327613164811964,0.4202369111476969
40,0.009765625,-7.366792271505482,110.61176094446057,-0.33327464087034286,0.4182079741681264
41,0.010009765625,-7.542502598192527,112.51542051834397,-0.3332731500926229,0.416179037188499
42,0.01025390625,-7.718212924879573,114.41908009222736,-0.333271659314903,0.41415010020887166
43,0.010498046874999998,-7.8939232515666165,116.32273966611073,-0.33327016853718305,0.4121211632292443
44,0.0107421875,-8.069633578253663,118.22639923999417,-0.3332686777594631,0.41009222624961694
45,0.010986328125,-8.245343904940707,120.13005881387754,-0.3332671869817432,0.4080632892699896
46,0.01123046875,-8.421054231627753,122.03371838776094,-0.33326569620402324,0.40603435229041906
47,0.011474609375,-8.596764558314797,123.93737796164434,-0.33326420542624646,0.4040054153107917
48,0.011718750000000002,-8.772474885001843,125.84103753552775,-0.3332627146485265,0.40197647833116434
49,0.011962890625,-8.948185211688887,127.74469710941115,-0.3332612238708066,0.399947541351537
50,0.01220703125,-9.123895538375933,129.64835668329454,-0.33325973309308665,0.3979186043719096
51,0.012451171875,-9.299605865062977,131.5520162571779,-0.3332582423153667,0.3958896673923391
52,0.0126953125,-9.475316191750025,133.45567583106134,-0.3332567515376468,0.39386073041271175
53,0.012939453125000002,-9.65102651843707,135.35933540494474,-0.33325526075992684,0.3918317934330844
54,0.01318359375,-9.826736845124113,137.2629949788281,-0.33325376998215006,0.389802856453457
55,0.013427734375,-10.002447171811157,139.16665455271152,-0.3332522792044301,0.38777391947382966
56,0.013671875,-10.178157498498202,141.0703141265949,-0.3332507884267102,0.3857449824942023
57,0.013916015625,-10.35386782518525,142.97397370047833,-0.33324929764899025,0.3837160455146318
58,0.014160156250000002,-10.529578151872293,144.87763327436173,-0.3332478068712703,0.3816871085350044
59,0.014404296875,-10.70528847855934,146.78129284824507,-0.3332463160935504,0.37965817155537707
60,0.0146484375,-10.880998805246382,148.6849524221285,-0.33324482531583044,0.3776292345757497
61,0.014892578125,-11.056709131933431,150.5886119960119,-0.33324333453805366,0.37560029759612235
62,0.01513671875,-11.232419458620473,152.49227156989525,-0.3332418437603337,0.37357136061655183
63,0.015380859375000002,-11.40812978530752,154.3959311437787,-0.3332403529826138,0.37154242363692447
64,0.015625,-11.583840111994563,156.29959071766208,-0.33323886220489385,0.3695134866572971
65,0.015869140625,-11.753323312659102,157.6160347431561,-0.33323580483937576,0.3675252729045724
66,0.01611328125,-11.922806513323644,158.93247876865018,-0.3332327474739145,0.3655370591517908
67,0.016357421875,-12.092289713988187,160.2489227941442,-0.3332296901083964,0.36354884539906607
68,0.0166015625,-12.26177291465273,161.56536681963829,-0.3332266327429352,0.3615606316462845
69,0.016845703125,-12.431256115317268,162.8818108451323,-0.3332235753774171,0.35957241789355976
70,0.01708984375,-12.600739315981809,164.19825487062633,-0.333220518011899,0.3575842041407782
71,0.017333984375,-12.770222516646351,165.5146988961204,-0.33321746064643776,0.35559599038805345
72,0.017578125,-12.93970571731089,166.83114292161446,-0.33321440328091967,0.3536077766352719
73,0.017822265625,-13.109188917975434,168.14758694710846,-0.3332113459154016,0.35161956288254714
74,0.01806640625,-13.278672118639973,169.46403097260253,-0.33320828854994033,0.34963134912976557
75,0.018310546875,-13.448155319304515,170.78047499809657,-0.33320523118442225,0.34764313537704084
76,0.0185546875,-13.617638519969056,172.09691902359066,-0.333202173818961,0.34565492162425926
77,0.018798828125,-13.787121720633595,173.41336304908467,-0.3331991164534429,0.3436667078715345
78,0.01904296875,-13.956604921298137,174.7298070745787,-0.3331960590879248,0.34167849411875295
79,0.019287109375,-14.12608812196268,176.04625110007277,-0.3331930017224636,0.3396902803660282
80,0.01953125,-14.295571322627218,177.3626951255668,-0.3331899443569455,0.33770206661324664
81,0.019775390624999997,-14.465054523291759,178.67913915106084,-0.33318688699148424,0.3357138528605219
82,0.02001953125,-14.634537723956303,179.9955831765549,-0.33318382962596615,0.33372563910774034
83,0.020263671875,-14.804020924620842,181.31202720204894,-0.33318077226044807,0.3317374253550156
84,0.0205078125,-14.973504125285382,182.628471227543,-0.3331777148949868,0.329749211602234
85,0.020751953125,-15.142987325949925,183.94491525303704,-0.33317465752946873,0.3277609978495093
86,0.020996093749999997,-15.312470526614463,185.26135927853107,-0.33317160016395064,0.3257727840967277
87,0.021240234375,-15.481953727279006,186.57780330402514,-0.3331685427984894,0.323784570344003
88,0.021484375,-15.651436927943548,187.89424732951917,-0.3331654854329713,0.3217963565912214
89,0.021728515625,-15.820920128608089,189.2106913550132,-0.33316242806751006,0.3198081428384967
90,0.02197265625,-15.988023057410015,190.3211590036424,-0.333158539905412,0.3178481973716316
91,0.022216796874999997,-16.151555578418026,191.12266208697434,-0.3331534055483871,0.3159306543336129
92,0.0224609375,-16.31508809942604,191.92416517030628,-0.3331482711914191,0.31401311129559417
93,0.022705078125,-16.47862062043405,192.72566825363828,-0.33314313683445107,0.31209556825757545
94,0.02294921875,-16.64215314144206,193.52717133697018,-0.33313800247748304,0.31017802521955673
95,0.023193359375,-16.805685662450067,194.32867442030212,-0.33313286812045817,0.308260482181538
96,0.023437500000000003,-16.96921818345808,195.13017750363406,-0.33312773376349014,0.30634293914346244
97,0.023681640625,-17.132750704466087,195.93168058696602,-0.3331225994065221,0.3044253961054437
98,0.02392578125,-17.2962832254741,196.73318367029793,-0.3331174650495541,0.302507853067425
99,0.024169921875,-17.459815746482107,197.53468675362987,-0.33311233069258606,0.3005903100294063
100,0.0244140625,-17.62334826749012,198.3361898369618,-0.3331071963355612,0.29867276699138756
101,0.024658203125000003,-17.786880788498127,199.13769292029377,-0.33310206197859316,0.29675522395336884
102,0.02490234375,-17.95041330950614,199.93919600362568,-0.3330969276216251,0.2948376809153501
103,0.025146484375,-18.113945830514147,200.74069908695762,-0.3330917932646571,0.2929201378773314
104,0.025390625,-18.27747835152216,201.54220217028956,-0.3330866589076322,0.2910025948393127
105,0.025634765625,-18.441010872530168,202.3437052536215,-0.3330815245506642,0.28908505180129396
106,0.025878906250000003,-18.604543393538183,203.14520833695343,-0.33307639019369617,0.28716750876327524
107,0.026123046875,-18.768075914546188,203.94671142028537,-0.33307125583672814,0.2852499657252565
108,0.0263671875,-18.9316084355542,204.74821450361733,-0.33306612147970327,0.2833324226872378
109,0.026611328125,-19.09514095656221,205.54971758694927,-0.33306098712273524,0.2814148796492191
110,0.02685546875,-19.25867347757022,206.3512206702812,-0.3330558527657672,0.27949733661120035
111,0.027099609375000003,-19.42220599857823,207.15272375361315,-0.3330507184087992,0.27757979357318163
112,0.02734375,-19.585738519586243,207.95422683694508,-0.3330455840517743,0.2756622505351629
113,0.027587890625,-19.749271040594248,208.75572992027702,-0.3330404496948063,0.2737447074971442
114,0.02783203125,-19.912803561602257,209.55723300360896,-0.33303531533783826,0.27182716445912547
115,0.028076171875,-20.076336082610272,210.35873608694087,-0.3330301809808702,0.26990962142110675
116,0.028320312500000003,-20.235273949877232,210.8095010375877,-0.33302300141087926,0.2680734950344572
117,0.028564453125,-20.393063153708933,211.1725814550632,-0.3330153105376894,0.26625772281073523
118,0.02880859375,-20.550852357540627,211.53566187253875,-0.3330076196644427,0.2644419505869564
119,0.029052734375,-20.70864156137233,211.89874229001424,-0.33299992879125284,0.2626261783631776
120,0.029296875,-20.866430765204026,212.26182270748976,-0.332992237918063,0.2608104061394556
121,0.029541015625000003,-21.02421996903573,212.62490312496533,-0.3329845470448163,0.2589946339156768
122,0.02978515625,-21.182009172867428,212.98798354244084,-0.3329768561716264,0.25717886169189796
123,0.030029296875,-21.339798376699125,213.35106395991633,-0.33296916529843656,0.255363089468176
124,0.0302734375,-21.497587580530823,213.71414437739188,-0.33296147442518986,0.25354731724439716
125,0.030517578125,-21.65537678436252,214.0772247948674,-0.332953783552,0.25173154502061834
126,0.030761718750000003,-21.81316598819422,214.4403052123429,-0.33294609267881015,0.24991577279689636
127,0.031005859375,-21.970955192025915,214.80338562981845,-0.33293840180556344,0.24810000057311754
128,0.03125,-22.128744395857616,215.16646604729394,-0.3329307109323736,0.24628422834939556
129,0.031494140625,-22.286533599689317,215.52954646476945,-0.3329230200591837,0.24446845612561674
130,0.03173828125,-22.444322803521015,215.892626882245,-0.332915329185937,0.24265268390183792
131,0.031982421875,-22.602112007352716,216.2557072997205,-0.33290763831274717,0.24083691167811594
132,0.0322265625,-22.759901211184413,216.61878771719606,-0.3328999474395573,0.23902113945433712
133,0.032470703125,-22.91769041501611,216.98186813467154,-0.3328922565663106,0.2372053672305583
134,0.03271484375,-23.075479618847808,217.34494855214706,-0.33288456569312075,0.23538959500683632
135,0.032958984375,-23.233268822679506,217.7080289696226,-0.3328768748199309,0.2335738227830575
136,0.033203125,-23.391058026511203,218.07110938709815,-0.3328691839466842,0.23175805055927867
137,0.033447265625,-23.548847230342908,218.43418980457363,-0.33286149307349433,0.2299422783355567
138,0.03369140625,-23.706636434174605,218.79727022204918,-0.33285380220030447,0.22812650611177787
139,0.033935546875,-23.864425638006303,219.1603506395247,-0.33284611132705777,0.22631073388799905
140,0.0341796875,-24.022214841838,219.5234310570002,-0.3328384204538679,0.22449496166427707
141,0.034423828125,-24.178877453243587,219.81459093915495,-0.3328301290179638,0.22270527432357312
142,0.03466796875,-24.331033694944715,219.81806868002656,-0.33281943533120284,0.22101992651528235
143,0.034912109375,-24.48318993664584,219.82154642089813,-0.3328087416444987,0.21933457870693474
144,0.03515625,-24.635346178346968,219.8250241617697,-0.3327980479577377,0.21764923089864396
145,0.035400390625,-24.787502420048096,219.82850190264128,-0.33278735427103356,0.21596388309029635
146,0.03564453125,-24.93965866174923,219.83197964351282,-0.3327766605842726,0.21427853528194873
147,0.035888671875,-25.091814903450356,219.83545738438445,-0.33276596689756843,0.21259318747365796
148,0.0361328125,-25.243971145151484,219.838935125256,-0.3327552732108643,0.21090783966531035
149,0.036376953125,-25.39612738685261,219.84241286612757,-0.3327445795241033,0.20922249185701958
150,0.03662109375,-25.548283628553737,219.84589060699915,-0.33273388583739916,0.20753714404867196
151,0.036865234375,-25.70043987025487,219.84936834787072,-0.33272319215063817,0.20585179624032435
152,0.037109375,-25.852596111955993,219.85284608874233,-0.332712498463934,0.20416644843203358
153,0.037353515625,-26.00475235365712,219.85632382961393,-0.33270180477717304,0.20248110062368596
154,0.03759765625,-26.15690859535825,219.8598015704855,-0.3326911110904689,0.2007957528153952
155,0.037841796875,-26.309064837059378,219.86327931135708,-0.3326804174037079,0.19911040500704758
156,0.0380859375,-26.461221078760506,219.86675705222865,-0.33266972371700376,0.19742505719869996
157,0.038330078125,-26.613377320461634,219.87023479310022,-0.3326590300302996,0.1957397093904092
158,0.03857421875,-26.765533562162762,219.87371253397183,-0.33264833634353863,0.19405436158206157
159,0.038818359375,-26.91768980386389,219.8771902748434,-0.3326376426568345,0.1923690137737708
160,0.0390625,-27.06984604556502,219.88066801571497,-0.3326269489700735,0.1906836659654232
161,0.039306640625,-27.222002287266143,219.88414575658655,-0.33261625528336936,0.18899831815707557
162,0.03955078124999999,-27.374158528967268,219.88762349745812,-0.33260556159660837,0.1873129703487848
163,0.039794921875,-27.5263147706684,219.89110123832972,-0.3325948679099042,0.1856276225404372
164,0.0400390625,-27.67847101236953,219.8945789792013,-0.33258417422314324,0.18394227473214642
165,0.040283203125,-27.830627254070656,219.89805672007287,-0.3325734805364391,0.1822569269237988
166,0.04052734375,-27.982783495771784,219.90153446094445,-0.33256278684973495,0.1805715791154512
167,0.04077148437499999,-28.13155858834873,219.73598439831704,-0.33255004488387385,0.1789785407327713
168,0.041015625,-28.278079581509562,219.4577491333569,-0.3325359373985748,0.1774470419671843
169,0.041259765625,-28.4246005746704,219.17951386839675,-0.3325218299132757,0.17591554320154046
170,0.04150390625,-28.571121567831224,218.90127860343665,-0.3325077224280335,0.17438404443595346
171,0.041748046875,-28.717642560992054,218.62304333847652,-0.33249361494273444,0.1728525456703096
172,0.04199218749999999,-28.864163554152885,218.34480807351642,-0.3324795074574354,0.17132104690466576
173,0.042236328125,-29.010684547313716,218.0665728085563,-0.33246539997219315,0.16978954813907876
174,0.04248046875,-29.157205540474553,217.78833754359616,-0.3324512924868941,0.16825804937343491
175,0.042724609375,-29.303726533635384,217.51010227863605,-0.332437185001595,0.1667265506078479
176,0.04296875,-29.450247526796215,217.2318670136759,-0.3324230775163528,0.16519505184220407
177,0.04321289062499999,-29.59676851995704,216.9536317487158,-0.33240897003105374,0.16366355307661706
178,0.04345703125,-29.743289513117876,216.67539648375566,-0.3323948625457547,0.16213205431097322
179,0.043701171875,-29.889810506278707,216.39716121879556,-0.33238075506051246,0.16060055554538621
180,0.0439453125,-30.03633149943953,216.11892595383543,-0.3323666475752134,0.15906905677974237
181,0.044189453125,-30.18285249260037,215.8406906888753,-0.33235254008991433,0.15753755801415537
182,0.04443359374999999,-30.3293734857612,215.5624554239152,-0.3323384326046721,0.15600605924851152
183,0.044677734375,-30.47589447892203,215.28422015895504,-0.33232432511937304,0.15447456048292452
184,0.044921875,-30.622415472082864,215.0059848939949,-0.332310217634074,0.15294306171728067
185,0.045166015625,-30.76893646524369,214.7277496290348,-0.33229611014883176,0.15141156295169367
186,0.04541015625,-30.91545745840452,214.44951436407467,-0.3322820026635327,0.14988006418604982
187,0.04565429687499999,-31.06197845156535,214.17127909911457,-0.33226789517823363,0.14834856542046282
188,0.0458984375,-31.208499444726183,213.89304383415444,-0.3322537876929914,0.14681706665481897
189,0.046142578125,-31.35502043788702,213.61480856919434,-0.33223968020769234,0.14528556788923197
190,0.04638671875,-31.501541431047844,213.33657330423418,-0.3322255727223933,0.14375406912358812
191,0.046630859375,-31.64806242420868,213.05833803927405,-0.33221146523715106,0.14222257035800112
192,0.04687500000000001,-31.794583417369513,212.78010277431392,-0.332197357751852,0.14069107159235728
193,0.047119140625,-31.935348067832916,212.29366839425663,-0.33217946250152863,0.1393298310477462
194,0.04736328125,-32.076112718296336,211.8072340141993,-0.3321615672511484,0.1379685905030783
195,0.047607421875,-32.21687736875974,211.320799634142,-0.33214367200082506,0.13660734995846724
196,0.0478515625,-32.35764201922316,210.83436525408467,-0.3321257767505017,0.13524610941379933
197,0.04809570312500001,-32.49840666968657,210.34793087402736,-0.3321078815001215,0.13388486886918827
198,0.04833984375,-32.63917132014997,209.86149649397004,-0.33208998624979813,0.13252362832452036
199,0.048583984375,-32.77993597061339,209.37506211391275,-0.3320720909994179,0.1311623877799093
200,0.048828125,-32.92070062107679,208.88862773385543,-0.33205419574909456,0.1298011472352414
201,0.049072265625,-33.061465271540214,208.4021933537981,-0.3320363004987712,0.12843990669063032
202,0.04931640625000001,-33.202229922003625,207.9157589737408,-0.332018405248391,0.12707866614596242
203,0.049560546875,-33.342994572467035,207.42932459368348,-0.3320005099980676,0.12571742560135135
204,0.0498046875,-33.483759222930445,206.94289021362616,-0.33198261474774426,0.12435618505668344
205,0.050048828125,-33.624523873393855,206.45645583356884,-0.33196471949736406,0.12299494451207238
206,0.05029296875,-33.765288523857265,205.97002145351155,-0.3319468242470407,0.12163370396746132
207,0.05053710937500001,-33.906053174320675,205.48358707345423,-0.33192892899671733,0.12027246342279341
208,0.05078125,-34.046817824784085,204.9971526933969,-0.3319110337463371,0.11891122287818234
209,0.051025390625,-34.1875824752475,204.51071831333957,-0.33189313849601376,0.11754998233351444
210,0.05126953125,-34.328347125710906,204.0242839332823,-0.3318752432456904,0.11618874178890337
211,0.051513671875,-34.46911177617432,203.53784955322496,-0.3318573479953102,0.11482750124423546
212,0.05175781250000001,-34.60987642663773,203.05141517316767,-0.33183945274498683,0.1134662606996244
213,0.052001953125,-34.75064107710114,202.56498079311035,-0.3318215574946066,0.11210502015495649
214,0.05224609375,-34.89140572756455,202.07854641305303,-0.33180366224428326,0.11074377961034543
215,0.052490234375,-35.03217037802796,201.59211203299571,-0.3317857669939599,0.10938253906567752
216,0.052734375,-35.17293502849138,201.1056776529384,-0.3317678717435797,0.10802129852106646
217,0.05297851562500001,-35.31369967895479,200.61924327288108,-0.3317499764932563,0.10666005797639855
218,0.05322265625,-35.4520669460613,200.07602388886107,-0.3317304318550782,0.10537037813048755
219,0.053466796875,-35.58683813813249,199.44762699889694,-0.33170841313506116,0.10418803933271192
220,0.0537109375,-35.72160933020367,198.8192301089328,-0.3316863944150441,0.10300570053487945
221,0.053955078125,-35.856380522274854,198.1908332189687,-0.3316643756950839,0.10182336173704698
222,0.05419921875000001,-35.99115171434604,197.56243632900456,-0.33164235697506683,0.10064102293921451
223,0.054443359375,-36.12592290641722,196.93403943904048,-0.3316203382550498,0.09945868414138204
224,0.0546875,-36.26069409848841,196.3056425490763,-0.3315983195350327,0.09827634534354956
225,0.054931640625,-36.395465290559585,195.67724565911226,-0.3315763008150725,0.09709400654577394
226,0.05517578125,-36.53023648263077,195.0488487691481,-0.33155428209505544,0.09591166774794146
227,0.05541992187500001,-36.665007674701954,194.420451879184,-0.3315322633750384,0.09472932895010899
228,0.0556640625,-36.79977886677314,193.79205498921988,-0.33151024465507817,0.09354699015227652
229,0.055908203125,-36.93455005884432,193.16365809925577,-0.3314882259350611,0.09236465135444405
230,0.05615234375,-37.0693212509155,192.53526120929163,-0.33146620721504405,0.09118231255666842
231,0.056396484375,-37.20409244298669,191.90686431932752,-0.33144418849508384,0.08999997375883595
232,0.05664062500000001,-37.33886363505787,191.2784674293634,-0.3314221697750668,0.08881763496100348
233,0.056884765625,-37.473634827129054,190.65007053939925,-0.3314001510550497,0.087635296163171
234,0.05712890625,-37.60840601920024,190.02167364943514,-0.3313781323350895,0.08645295736533853
235,0.057373046875,-37.74317721127142,189.39327675947104,-0.33135611361507245,0.08527061856750606
236,0.0576171875,-37.8779484033426,188.76487986950693,-0.3313340948950554,0.08408827976973043
237,0.05786132812500001,-38.01271959541379,188.13648297954276,-0.33131207617509517,0.08290594097189796
238,0.05810546875,-38.14749078748496,187.5080860895787,-0.3312900574550781,0.08172360217406549
239,0.058349609375,-38.282261979556154,186.87968919961455,-0.33126803873506105,0.08054126337623302
240,0.05859375,-38.41703317162734,186.25129230965047,-0.33124602001510084,0.07935892457840055
241,0.058837890625,-38.55180436369852,185.62289541968633,-0.3312240012950838,0.07817658578056808
242,0.05908203125000001,-38.686575555769714,184.99449852972222,-0.3312019825750667,0.07699424698279245
243,0.059326171875,-38.821346747840884,184.36610163975809,-0.3311799638551065,0.07581190818495998
244,0.0595703125,-38.951049418375135,183.66973864560856,-0.3311544089727363,0.074773535955444
245,0.059814453125,-39.07948495852514,182.95638412541265,-0.33112797004986305,0.07377115536797874
246,0.06005859375,-39.207920498675165,182.24302960521675,-0.33110153112693297,0.07276877478051347
247,0.06030273437500001,-39.33635603882517,181.52967508502087,-0.3310750922040029,0.0717663941930482
248,0.060546875,-39.46479157897519,180.81632056482496,-0.33104865328112965,0.07076401360558293
249,0.060791015625,-39.593227119125196,180.10296604462908,-0.33102221435819956,0.06976163301817451
250,0.06103515625,-39.72166265927521,179.38961152443318,-0.3309957754352695,0.06875925243070924
251,0.061279296875,-39.850098199425226,178.6762570042373,-0.33096933651239624,0.06775687184324397
252,0.06152343750000001,-39.978533739575234,177.9629024840414,-0.33094289758946616,0.0667544912557787
253,0.061767578125,-40.10696927972525,177.2495479638455,-0.3309164586665361,0.06575211066831343
254,0.06201171875,-40.23540481987526,176.5361934436496,-0.33089001974366283,0.06474973008090501
255,0.062255859375,-40.36384036002527,175.8228389234537,-0.33086358082073275,0.06374734949343974
256,0.0625,-40.49227590017529,175.10948440325782,-0.3308371418978595,0.06274496890597447
257,0.062744140625,-40.620711440325294,174.39612988306192,-0.3308107029749294,0.061742588318509206
258,0.06298828125,-40.74914698047531,173.68277536286604,-0.33078426405199934,0.06074020773104394
259,0.063232421875,-40.87758252062532,172.96942084267013,-0.3307578251291261,0.059737827143635513
260,0.0634765625,-41.00601806077533,172.25606632247423,-0.330731386206196,0.058735446556170245
261,0.063720703125,-41.13445360092535,171.54271180227835,-0.33070494728326594,0.05773306596870498
262,0.06396484375,-41.262889141075355,170.82935728208244,-0.3306785083603927,0.05673068538123971
263,0.064208984375,-41.39132468122537,170.11600276188656,-0.3306520694374626,0.05572830479377444
264,0.064453125,-41.519760221375385,169.40264824169066,-0.33062563051453253,0.05472592420636602
265,0.064697265625,-41.6481957615254,168.6892937214948,-0.3305991915916593,0.05372354361890075
266,0.06494140625,-41.77663130167541,167.97593920129887,-0.3305727526687292,0.05272116303143548
267,0.065185546875,-41.90506684182542,167.262584681103,-0.3305463137457991,0.05171878244397021
268,0.0654296875,-42.03350238197543,166.5492301609071,-0.3305198748229259,0.050716401856504945
269,0.065673828125,-42.16058489894376,165.82825651596923,-0.3304925003279777,0.04974888482684037
270,0.06591796875,-42.28225532318533,165.0768063720634,-0.3304613835450141,0.04892082202815118
271,0.066162109375,-42.40392574742691,164.32535622815757,-0.3304302667621073,0.048092759229405146
272,0.06640625,-42.52559617166849,163.57390608425175,-0.33039914997914366,0.04726469643071596
273,0.066650390625,-42.64726659591007,162.82245594034595,-0.33036803319618,0.04643663363202677
274,0.06689453125,-42.76893702015165,162.0710057964401,-0.3303369164132164,0.04560857083333758
275,0.067138671875,-42.89060744439322,161.3195556525343,-0.3303057996303096,0.04478050803459155
276,0.0673828125,-43.01227786863479,160.5681055086285,-0.33027468284734596,0.04395244523590236
277,0.067626953125,-43.13394829287637,159.81665536472264,-0.3302435660643823,0.04312438243721317
278,0.06787109375,-43.25561871711795,159.06520522081684,-0.33021244928147553,0.04229631963852398
279,0.068115234375,-43.377289141359526,158.313755076911,-0.3301813324985119,0.04146825683977795
280,0.068359375,-43.4989595656011,157.5623049330052,-0.33015021571554826,0.04064019404108876
281,0.068603515625,-43.620629989842676,156.81085478909938,-0.3301190989325846,0.03981213124239957
282,0.06884765625,-43.74230041408425,156.05940464519352,-0.3300879821496778,0.038984068443710385
283,0.069091796875,-43.86397083832582,155.30795450128775,-0.3300568653667142,0.03815600564496435
284,0.0693359375,-43.985641262567405,154.5565043573819,-0.33002574858375056,0.037327942846275164
285,0.069580078125,-44.10731168680898,153.8050542134761,-0.3299946318007869,0.036499880047585975
286,0.06982421875,-44.228982111050556,153.05360406957024,-0.3299635150178801,0.03567181724889679
287,0.070068359375,-44.350652535292134,152.30215392566444,-0.3299323982349165,0.034843754450150755
288,0.0703125,-44.472322959533706,151.55070378175864,-0.32990128145195285,0.034015691651461566
289,0.070556640625,-44.59399338377528,150.7992536378528,-0.32987016466904606,0.03318762885277238
290,0.07080078125,-44.715663808016856,150.047803493947,-0.3298390478860824,0.03235956605408319
291,0.071044921875,-44.837334232258435,149.29635335004116,-0.3298079311031188,0.03153150325533716
292,0.0712890625,-44.95900465650002,148.54490320613533,-0.32977681432015515,0.030703440456647968
293,0.071533203125,-45.08067508074159,147.7934530622295,-0.32974569753724836,0.02987537765795878
294,0.07177734375,-45.20234550498317,147.0420029183237,-0.3297145807542847,0.02904731485926959
295,0.072021484375,-45.31966064779942,146.28973574895218,-0.3296805257597839,0.028317241246497815
296,0.072265625,-45.434072269665464,145.53692389593684,-0.32964451195755373,0.02765249375778467
297,0.072509765625,-45.54848389153151,144.78411204292152,-0.3296084981553804,0.026987746269071522
298,0.07275390625,-45.66289551339755,144.0313001899062,-0.32957248435315023,0.026322998780301532
299,0.072998046875,-45.7773071352636,143.2784883368909,-0.3295364705509769,0.025658251291588385
300,0.0732421875,-45.89171875712964,142.5256764838756,-0.32950045674874673,0.02499350380287524
301,0.073486328125,-46.00613037899568,141.77286463086023,-0.3294644429465734,0.02432875631410525
302,0.07373046875,-46.120542000861725,141.0200527778449,-0.3294284291443432,0.023664008825392102
303,0.073974609375,-46.23495362272777,140.2672409248296,-0.32939241534211305,0.022999261336622112
304,0.07421875,-46.349365244593805,139.51442907181428,-0.3293564015399397,0.022334513847908966
305,0.074462890625,-46.463776866459845,138.761617218799,-0.32932038773770955,0.02166976635919582
306,0.07470703125,-46.5781884883259,138.00880536578364,-0.3292843739355362,0.02100501887042583
307,0.074951171875,-46.69260011019194,137.2559935127683,-0.32924836013330605,0.020340271381712682
308,0.0751953125,-46.80701173205797,136.50318165975298,-0.3292123463311327,0.019675523892999536
309,0.075439453125,-46.92142335392403,135.75036980673767,-0.32917633252890255,0.019010776404229546
310,0.07568359375,-47.03583497579007,134.99755795372235,-0.3291403187267292,0.0183460289155164
311,0.075927734375,-47.15024659765611,134.244746100707,-0.32910430492449905,0.01768128142674641
312,0.076171875,-47.26465821952216,133.4919342476917,-0.3290682911222689,0.017016533938033263
313,0.076416015625,-47.379069841388194,132.73912239467637,-0.32903227732009555,0.016351786449320116
314,0.07666015625,-47.493481463254234,131.98631054166106,-0.3289962635178654,0.015687038960550126
315,0.076904296875,-47.60789308512028,131.23349868864574,-0.32896024971569204,0.01502229147183698
316,0.0771484375,-47.72230470698633,130.4806868356304,-0.32892423591346187,0.01435754398306699
317,0.077392578125,-47.836716328852376,129.72787498261508,-0.32888822211128854,0.013692796494353843
318,0.07763671875,-47.951127950718416,128.97506312959976,-0.32885220830905837,0.013028049005640696
319,0.077880859375,-48.065539572584456,128.22225127658442,-0.32881619450688504,0.012363301516870706
320,0.078125,-48.179951194450496,127.46943942356914,-0.32878018070465487,0.01169855402815756
321,0.078369140625,-48.28657264770908,126.74258290769836,-0.3287390878710994,0.011182277786076611
322,0.07861328125,-48.393194100967655,126.01572639182754,-0.3286979950376008,0.010666001544052506
323,0.078857421875,-48.499815554226245,125.28886987595679,-0.3286569022040453,0.010149725301971557
324,0.07910156249999999,-48.60643700748481,124.56201336008606,-0.32861580937048984,0.009633449059890609
325,0.079345703125,-48.71305846074339,123.83515684421528,-0.3285747165369912,0.009117172817866503
326,0.07958984375,-48.819679914001966,123.10830032834448,-0.32853362370343575,0.008600896575785555
327,0.079833984375,-48.92630136726055,122.3814438124737,-0.3284925308698803,0.008084620333704606
328,0.080078125,-49.032922820519126,121.65458729660293,-0.3284514380363248,0.007568344091680501
329,0.08032226562499999,-49.1395442737777,120.9277307807322,-0.3284103452028262,0.007052067849599553
330,0.08056640625,-49.24616572703628,120.2008742648614,-0.3283692523692707,0.006535791607518604
331,0.080810546875,-49.35278718029486,119.47401774899062,-0.32832815953571526,0.006019515365494499
332,0.0810546875,-49.45940863355344,118.74716123311985,-0.32828706670221663,0.00550323912341355
333,0.081298828125,-49.56603008681201,118.02030471724908,-0.32824597386866117,0.004986962881332602
334,0.08154296874999999,-49.67265154007059,117.29344820137833,-0.3282048810351057,0.0044706866393084965
335,0.081787109375,-49.77927299332917,116.56659168550755,-0.3281637882016071,0.003954410397227548
336,0.08203125,-49.88589444658775,115.83973516963677,-0.3281226953680516,0.0034381341551465994
337,0.082275390625,-49.992515899846325,115.11287865376597,-0.32808160253449614,0.002921857913122494
338,0.08251953125,-50.099137353104915,114.3860221378952,-0.3280405097009407,0.0024055816710415456
339,0.08276367187499999,-50.205758806363484,113.65916562202446,-0.32799941686744205,0.001889305428960597
340,0.0830078125,-50.31238025962206,112.93230910615368,-0.3279583240338866,0.001373029186936492
341,0.083251953125,-50.419001712880636,112.20545259028292,-0.3279172312003311,0.0008567529448555433
342,0.08349609375,-50.52562316613922,111.47859607441211,-0.3278761383668325,0.00034047670277459474
343,0.083740234375,-50.632244619397795,110.75173955854133,-0.327835045533277,-0.00017579953924951042
344,0.08398437499999999,-50.73886607265637,110.02488304267062,-0.32779395269972156,-0.000692075781330459
345,0.084228515625,-50.84548752591495,109.29802652679983,-0.32775285986622293,-0.0012083520234114076
346,0.08447265625,-50.94877659372889,108.58917212416085,-0.3277096765862666,-0.0016721159680628261
347,0.084716796875,-51.04706708337587,107.9073208913696,-0.32766335763670895,-0.0020571114666836365
348,0.0849609375,-51.14535757302284,107.22546965857832,-0.3276170386871513,-0.0024421069652476035
349,0.08520507812499999,-51.24364806266981,106.5436184257871,-0.32757071973759366,-0.002827102463868414
350,0.08544921875,-51.3419385523168,105.86176719299583,-0.32752440078809286,-0.003212097962432381
351,0.085693359375,-51.440229041963775,105.17991596020457,-0.3274780818385352,-0.0035970934610531913
352,0.0859375,-51.53851953161075,104.4980647274133,-0.3274317628889776,-0.003982088959617158
353,0.086181640625,-51.63681002125774,103.81621349462205,-0.32738544393941993,-0.004367084458237969
354,0.08642578124999999,-51.7351005109047,103.13436226183083,-0.3273391249898623,-0.004752079956801936
355,0.086669921875,-51.83339100055168,102.45251102903956,-0.3272928060403615,-0.005137075455422746
356,0.0869140625,-51.93168149019866,101.7706597962483,-0.32724648709080384,-0.005522070953986713
357,0.087158203125,-52.02997197984564,101.08880856345702,-0.3272001681412462,-0.005907066452607523
358,0.08740234375,-52.12826246949262,100.40695733066576,-0.32715384919168855,-0.00629206195117149
359,0.08764648437499999,-52.22655295913958,99.72510609787456,-0.3271075302421309,-0.006677057449792301
360,0.087890625,-52.32484344878657,99.04325486508328,-0.3270612112926301,-0.007062052948413111
361,0.088134765625,-52.423133938433544,98.36140363229202,-0.32701489234307246,-0.007447048446977078
362,0.08837890625,-52.52142442808052,97.67955239950075,-0.3269685733935148,-0.007832043945597889
363,0.088623046875,-52.6197149177275,96.99770116670949,-0.32692225444395717,-0.008217039444161855
364,0.08886718749999999,-52.71800540737448,96.31584993391826,-0.3268759354943995,-0.008602034942782666
365,0.089111328125,-52.81629589702145,95.633998701127,-0.3268296165448419,-0.008987030441346633
366,0.08935546875,-52.914586386668425,94.95214746833575,-0.3267832975953411,-0.009372025939967443
367,0.089599609375,-53.01287687631541,94.27029623554448,-0.32673697864578344,-0.00975702143853141
368,0.08984375,-53.11116736596239,93.58844500275322,-0.3266906596962258,-0.01014201693715222
369,0.09008789062499999,-53.20945785560936,92.90659376996199,-0.32664434074666815,-0.010527012435716188
370,0.09033203125,-53.307748345256336,92.22474253717071,-0.3265980217971105,-0.010912007934336998
371,0.090576171875,-53.40603883490331,91.54289130437945,-0.3265517028476097,-0.011297003432900965
372,0.0908203125,-53.4972469638129,90.90675587188439,-0.32650111073536436,-0.011591543849363006
373,0.091064453125,-53.58668450253812,90.28204938946334,-0.3264494503324613,-0.011863470495256934
374,0.09130859374999999,-53.67612204126334,89.65734290704235,-0.32639778992955826,-0.012135397141150861
375,0.091552734375,-53.76555957998857,89.03263642462133,-0.3263461295266552,-0.012407323787044788
376,0.091796875,-53.8549971187138,88.4079299422003,-0.32629446912375215,-0.012679250432938716
377,0.092041015625,-53.94443465743902,87.78322345977926,-0.3262428087208491,-0.012951177078832643
378,0.09228515625,-54.033872196164246,87.15851697735823,-0.32619114831794604,-0.01322310372472657
379,0.09252929687499999,-54.12330973488947,86.53381049493724,-0.32613948791509983,-0.013495030370620498
380,0.0927734375,-54.212747273614696,85.90910401251621,-0.3260878275121968,-0.013766957016514425
381,0.093017578125,-54.30218481233992,85.28439753009518,-0.32603616710929373,-0.014038883662408352
382,0.09326171875,-54.39162235106514,84.65969104767414,-0.3259845067063907,-0.01431081030830228
383,0.093505859375,-54.481059889790366,84.0349845652531,-0.3259328463034876,-0.014582736954196207
384,0.09375000000000001,-54.5704974285156,83.41027808283208,-0.32588118590058457,-0.014854663600090134
385,0.093994140625,-54.659934967240815,82.78557160041109,-0.3258295254976815,-0.015126590245984062
386,0.09423828125,-54.749372505966036,82.16086511799006,-0.32577786509477846,-0.015398516891877989
387,0.094482421875,-54.838810044691265,81.53615863556902,-0.3257262046918754,-0.015670443537771916
388,0.0947265625,-54.92824758341649,80.91145215314799,-0.32567454428897236,-0.015942370183665844
389,0.09497070312500001,-55.01768512214172,80.28674567072697,-0.3256228838860693,-0.01621429682955977
390,0.09521484375,-55.107122660866935,79.66203918830598,-0.3255712234832231,-0.0164862234754537
391,0.095458984375,-55.19656019959217,79.03733270588494,-0.32551956308032004,-0.016758150121347626
392,0.095703125,-55.28599773831739,78.41262622346392,-0.325467902677417,-0.017030076767241553
393,0.095947265625,-55.37543527704262,77.78791974104287,-0.32541624227451393,-0.01730200341313548
394,0.09619140625000001,-55.46487281576785,77.16321325862185,-0.3253645818716109,-0.017573930059029408
395,0.096435546875,-55.55431035449307,76.53850677620086,-0.3253129214687078,-0.017845856704923335
396,0.0966796875,-55.64374789321829,75.91380029377983,-0.3252612610658048,-0.018117783350817263
397,0.096923828125,-55.731319543647245,75.30184540791531,-0.32520851481257296,-0.0183707276463565
398,0.09716796875,-55.811427640891104,74.7408969082768,-0.3251514251580261,-0.018547742540363288
399,0.09741210937500001,-55.891535738134955,74.17994840863831,-0.3250943355034792,-0.018724757434370076
400,0.09765625,-55.971643835378806,73.61899990899985,-0.3250372458489892,-0.018901772328376865
401,0.097900390625,-56.05175193262267,73.05805140936134,-0.3249801561944423,-0.019078787222383653
402,0.09814453125,-56.13186002986652,72.49710290972286,-0.32492306653989544,-0.01925580211639044
403,0.098388671875,-56.21196812711039,71.93615441008434,-0.3248659768853486,-0.01943281701039723
404,0.09863281250000001,-56.29207622435424,71.37520591044584,-0.3248088872308017,-0.01960983190446086
405,0.098876953125,-56.37218432159809,70.81425741080739,-0.32475179757625483,-0.01978684679846765
406,0.09912109375,-56.45229241884194,70.25330891116889,-0.32469470792170796,-0.01996386169247444
407,0.099365234375,-56.53240051608581,69.69236041153039,-0.3246376182671611,-0.020140876586481227
408,0.099609375,-56.61250861332966,69.13141191189189,-0.3245805286126142,-0.020317891480488015
409,0.09985351562500001,-56.69261671057352,68.57046341225339,-0.32452343895806735,-0.020494906374494803
410,0.10009765625,-56.77272480781736,68.00951491261492,-0.3244663493035205,-0.020671921268501592
411,0.100341796875,-56.85283290506123,67.44856641297643,-0.32440925964903045,-0.02084893616250838
412,0.1005859375,-56.93294100230508,66.88761791333792,-0.3243521699944836,-0.021025951056572012
413,0.100830078125,-57.013049099548944,66.32666941369942,-0.3242950803399367,-0.0212029659505788
414,0.10107421875000001,-57.093157196792795,65.76572091406092,-0.32423799068538983,-0.02137998084458559
415,0.101318359375,-57.173265294036646,65.20477241442246,-0.32418090103084296,-0.021556995738592377
416,0.1015625,-57.2533733912805,64.64382391478397,-0.3241238113762961,-0.021734010632599166
417,0.101806640625,-57.33348148852436,64.08287541514545,-0.3240667217217492,-0.021911025526605954
418,0.10205078125,-57.413589585768214,63.52192691550697,-0.32400963206720235,-0.022088040420612742
419,0.10229492187500001,-57.493697683012066,62.96097841586846,-0.3239525424126555,-0.02226505531461953
420,0.1025390625,-57.573805780255924,62.400029916230004,-0.3238954527581086,-0.02244207020862632
421,0.102783203125,-57.65391387749978,61.83908141659151,-0.32383836310356173,-0.02261908510268995
422,0.10302734375,-57.73402197474364,61.278132916953005,-0.3237812734490717,-0.02279609999669674
423,0.103271484375,-57.8082880672878,60.75686652821496,-0.3237208869333017,-0.022926547535348618
424,0.10351562500000001,-57.87865949003219,60.262054880077216,-0.3236583025101254,-0.023025950170449505
425,0.103759765625,-57.949030912776564,59.76724323193949,-0.3235957180869491,-0.023125352805550392
426,0.10400390625,-58.01940233552094,59.27243158380173,-0.3235331336637728,-0.023224755440594436
427,0.104248046875,-58.08977375826533,58.777619935663985,-0.3234705492405965,-0.023324158075695323
428,0.1044921875,-58.1601451810097,58.28280828752623,-0.32340796481736334,-0.02342356071079621
429,0.10473632812500001,-58.23051660375408,57.78799663938849,-0.32334538039418703,-0.023522963345897097
430,0.10498046875,-58.300888026498455,57.29318499125077,-0.32328279597101073,-0.023622365980997984
431,0.105224609375,-58.371259449242835,56.79837334311302,-0.3232202115478344,-0.02372176861609887
432,0.10546875,-58.441630871987215,56.30356169497526,-0.3231576271246581,-0.023821171251199758
433,0.105712890625,-58.5120022947316,55.80875004683752,-0.3230950427014818,-0.0239205738862438
434,0.10595703125000001,-58.582373717475974,55.31393839869976,-0.32303245827824867,-0.024019976521344688
435,0.106201171875,-58.652745140220354,54.81912675056205,-0.32296987385507236,-0.024119379156445575
436,0.1064453125,-58.72311656296473,54.32431510242429,-0.32290728943189606,-0.024218781791546462
437,0.106689453125,-58.793487985709106,53.82950345428653,-0.32284470500871976,-0.02431818442664735
438,0.10693359375,-58.863859408453486,53.33469180614879,-0.32278212058554345,-0.024417587061748236
439,0.10717773437500001,-58.93423083119787,52.839880158011034,-0.32271953616236715,-0.02451698969679228
440,0.107421875,-59.004602253942245,52.34506850987332,-0.322656951739134,-0.024616392331893167
441,0.107666015625,-59.074973676686625,51.850256861735566,-0.3225943673159577,-0.024715794966994054
442,0.10791015625,-59.145345099431,51.35544521359782,-0.3225317828927814,-0.02481519760209494
443,0.108154296875,-59.215716522175384,50.86063356546006,-0.3224691984696051,-0.024914600237195828
444,0.10839843750000001,-59.286087944919764,50.36582191732231,-0.3224066140464288,-0.025014002872296714
445,0.108642578125,-59.35645936766414,49.871010269184595,-0.3223440296232525,-0.025113405507340758
446,0.10888671875,-59.426830790408516,49.37619862104684,-0.32228144520001933,-0.025212808142441645
447,0.109130859375,-59.497202213152896,48.8813869729091,-0.32221886077684303,-0.025312210777542532
448,0.109375,-59.56757363589727,48.38657532477134,-0.3221562763536667,-0.02541161341264342
449,0.10961914062500001,-59.627890284431906,47.957176463718014,-0.3220881476684667,-0.025449302654351413
450,0.10986328125,-59.68820693296654,47.527777602664706,-0.3220200189832667,-0.025486991896059408
451,0.110107421875,-59.748523581501175,47.09837874161138,-0.3219518902980667,-0.025524681137767402
452,0.1103515625,-59.80884023003581,46.668979880558034,-0.32188376161292354,-0.025562370379475396
453,0.110595703125,-59.86915687857044,46.2395810195047,-0.3218156329277235,-0.02560005962118339
454,0.11083984375000001,-59.92947352710508,45.81018215845136,-0.3217475042425235,-0.025637748862891385
455,0.111083984375,-59.98979017563971,45.380783297398054,-0.3216793755573235,-0.02567543810459938
456,0.111328125,-60.05010682417435,44.951384436344725,-0.3216112468721235,-0.025713127346307374
457,0.111572265625,-60.110423472708995,44.521985575291396,-0.3215431181869235,-0.02575081658801537
458,0.11181640625,-60.170740121243625,44.092586714238045,-0.32147498950178033,-0.025788505829723363
459,0.11206054687500001,-60.23105676977827,43.663187853184716,-0.3214068608165803,-0.025826195071431357
460,0.1123046875,-60.291373418312894,43.233788992131416,-0.3213387321313803,-0.02586388431313935
461,0.112548828125,-60.35169006684753,42.80439013107807,-0.3212706034461803,-0.025901573554847346
462,0.11279296875,-60.41200671538217,42.37499127002474,-0.3212024747609803,-0.02593926279655534
463,0.113037109375,-60.472323363916814,41.94559240897141,-0.3211343460757803,-0.025976952038263335
464,0.11328125000000001,-60.532640012451445,41.51619354791807,-0.3210662173905803,-0.026014641280028172
465,0.113525390625,-60.59295666098607,41.08679468686476,-0.3209980887054371,-0.026052330521736167
466,0.11376953125,-60.653273309520706,40.65739582581143,-0.3209299600202371,-0.02609001976344416
467,0.114013671875,-60.713589958055344,40.2279969647581,-0.3208618313350371,-0.026127709005152155
468,0.1142578125,-60.77390660658999,39.798598103704755,-0.3207937026498371,-0.02616539824686015
469,0.11450195312500001,-60.83422325512462,39.369199242651426,-0.3207255739646371,-0.026203087488568144
470,0.11474609375,-60.89453990365924,38.93980038159812,-0.32065744527943707,-0.02624077673027614
471,0.114990234375,-60.95485655219388,38.510401520544775,-0.3205893165942939,-0.026278465971984133
472,0.115234375,-61.01517320072853,38.081002659491446,-0.3205211879090939,-0.026316155213692127
473,0.115478515625,-61.07548984926317,37.65160379843812,-0.3204530592238939,-0.02635384445540012
474,0.11572265625000001,-61.13169908805794,37.24721651103759,-0.32038269659966545,-0.026372520042059477
475,0.115966796875,-61.181747212242925,36.8803465841163,-0.32030898306697964,-0.026362675146287984
476,0.1162109375,-61.23179533642792,36.51347665719501,-0.3202352695342938,-0.026352830250459647
477,0.116455078125,-61.28184346061291,36.14660673027369,-0.32016155600155116,-0.02634298535463131
478,0.11669921875,-61.331891584797894,35.779736803352385,-0.32008784246886535,-0.026333140458802973
479,0.11694335937500001,-61.3819397089829,35.412866876431075,-0.32001412893617953,-0.02632329556303148
480,0.1171875,-61.43198783316788,35.04599694950979,-0.3199404154034937,-0.026313450667203142
481,0.117431640625,-61.48203595735287,34.67912702258848,-0.31986670187075106,-0.026303605771374805
482,0.11767578125,-61.53208408153787,34.31225709566718,-0.31979298833806524,-0.026293760875546468
483,0.117919921875,-61.58213220572285,33.94538716874587,-0.3197192748053794,-0.026283915979774974
484,0.11816406250000001,-61.632180329907854,33.578517241824564,-0.31964556127263677,-0.026274071083946637
485,0.118408203125,-61.68222845409284,33.211647314903274,-0.31957184773995095,-0.0262642261881183
486,0.11865234375,-61.73227657827783,32.84477738798197,-0.31949813420726514,-0.026254381292289963
487,0.118896484375,-61.782324702462816,32.47790746106065,-0.3194244206745225,-0.02624453639651847
488,0.119140625,-61.83237282664782,32.11103753413935,-0.31935070714183666,-0.026234691500690133
489,0.11938476562500001,-61.8824209508328,31.74416760721804,-0.31927699360915085,-0.026224846604861796
490,0.11962890625,-61.93246907501779,31.37729768029676,-0.3192032800764082,-0.026215001709090302
491,0.119873046875,-61.98251719920279,31.01042775337545,-0.3191295665437224,-0.026205156813261965
492,0.1201171875,-62.03256532338778,30.643557826454142,-0.31905585301103656,-0.026195311917433628
493,0.120361328125,-62.082613447572776,30.276687899532835,-0.3189821394782939,-0.02618546702160529
494,0.12060546875000001,-62.13266157175776,29.90981797261152,-0.3189084259456081,-0.026175622125776954
495,0.120849609375,-62.18270969594275,29.542948045690242,-0.31883471241292227,-0.02616577723000546
496,0.12109375,-62.23275782012773,29.176078118768935,-0.3187609988801796,-0.026155932334177123
497,0.121337890625,-62.282805944312734,28.809208191847624,-0.3186872853474938,-0.026146087438348786
498,0.12158203125,-62.33285406849772,28.44233826492632,-0.318613571814808,-0.02613624254252045
499,0.12182617187500001,-62.38290219268272,28.075468338005006,-0.3185398582820653,-0.026126397646748956
500,0.1220703125,-62.424656112833915,27.75519022222165,-0.3184616453497142,-0.026088381038505304
501,0.122314453125,-62.46433648197668,27.446560059222758,-0.31838230756750363,-0.026043321502129402
502,0.12255859375,-62.50401685111943,27.13792989622386,-0.3183029697852362,-0.0259982619657535
503,0.122802734375,-62.5436972202622,26.829299733224968,-0.31822363200296877,-0.025953202429377598
504,0.12304687500000001,-62.583377589404954,26.52066957022607,-0.3181442942207582,-0.025908142893001695
505,0.123291015625,-62.62305795854771,26.212039407227195,-0.31806495643849075,-0.025863083356682637
506,0.12353515625,-62.66273832769047,25.9034092442283,-0.3179856186562233,-0.025818023820306735
507,0.123779296875,-62.702418696833234,25.594779081229404,-0.31790628087401274,-0.025772964283930833
508,0.1240234375,-62.74209906597599,25.286148918230506,-0.3178269430917453,-0.02572790474755493
509,0.12426757812500001,-62.78177943511876,24.97751875523161,-0.3177476053094779,-0.02568284521117903
510,0.12451171875,-62.82145980426151,24.66888859223274,-0.31766826752721045,-0.02563778567485997
511,0.124755859375,-62.861140173404266,24.36025842923384,-0.31758892974499986,-0.025592726138484068
512,0.125,-62.900820542547024,24.051628266234946,-0.31750959196273243,-0.025547666602108166
513,0.125244140625,-62.940500911689796,23.74299810323605,-0.317430254180465,-0.025502607065732263
514,0.12548828125,-62.98018128083255,23.434367940237152,-0.3173509163982544,-0.02545754752935636
515,0.125732421875,-63.0198616499753,23.12573777723828,-0.317271578615987,-0.025412487993037303
516,0.1259765625,-63.05954201911806,22.817107614239386,-0.31719224083371955,-0.0253674284566614
517,0.126220703125,-63.09922238826081,22.508477451240488,-0.3171129030514521,-0.0253223689202855
518,0.12646484375,-63.138902757403585,22.199847288241592,-0.31703356526924154,-0.025277309383909596
519,0.126708984375,-63.178583126546336,21.891217125242697,-0.3169542274869741,-0.025232249847533694
520,0.126953125,-63.2182634956891,21.582586962243823,-0.3168748897047067,-0.025187190311214636
521,0.127197265625,-63.25794386483186,21.273956799244928,-0.3167955519224961,-0.025142130774838733
522,0.12744140625,-63.29762423397462,20.965326636246033,-0.31671621414022866,-0.02509707123846283
523,0.127685546875,-63.33730460311737,20.656696473247134,-0.31663687635796123,-0.02505201170208693
524,0.1279296875,-63.37698497226014,20.348066310248242,-0.31655753857575064,-0.025006952165711027
525,0.128173828125,-63.41459585706955,20.05006158011073,-0.31647706670577236,-0.024956940224399204
526,0.12841796875,-63.443928804545635,19.794558581418677,-0.31639205848495067,-0.024887118663116325
527,0.128662109375,-63.473261752021706,19.53905558272662,-0.316307050264129,-0.024817297101833447
528,0.12890625,-63.50259469949779,19.28355258403456,-0.3162220420433073,-0.024747475540550568
529,0.129150390625,-63.53192764697387,19.028049585342504,-0.31613703382254243,-0.024677653979324532
530,0.12939453125,-63.56126059444995,18.77254658665046,-0.31605202560172074,-0.024607832418041653
531,0.129638671875,-63.590593541926026,18.517043587958405,-0.31596701738089905,-0.024538010856758774
532,0.1298828125,-63.619926489402104,18.26154058926635,-0.31588200916007736,-0.024468189295475895
533,0.130126953125,-63.64925943687819,18.006037590574287,-0.3157970009393125,-0.02439836773424986
534,0.13037109375,-63.67859238435426,17.750534591882232,-0.3157119927184908,-0.02432854617296698
535,0.130615234375,-63.707925331830346,17.495031593190195,-0.3156269844976691,-0.0242587246116841
536,0.130859375,-63.73725827930641,17.239528594498136,-0.31554197627684744,-0.024188903050401223
537,0.131103515625,-63.7665912267825,16.98402559580608,-0.31545696805602574,-0.024119081489118344
538,0.13134765625,-63.79592417425858,16.72852259711402,-0.3153719598352609,-0.024049259927892308
539,0.131591796875,-63.82525712173465,16.473019598421963,-0.3152869516144392,-0.02397943836660943
540,0.1318359375,-63.854590069210744,16.217516599729922,-0.3152019433936175,-0.02390961680532655
541,0.132080078125,-63.88392301668681,15.962013601037867,-0.3151169351727958,-0.02383979524404367
542,0.13232421875,-63.91325596416289,15.70651060234581,-0.31503192695203097,-0.023769973682817636
543,0.132568359375,-63.94258891163898,15.451007603653753,-0.3149469187312093,-0.023700152121534757
544,0.1328125,-63.97192185911505,15.195504604961695,-0.3148619105103876,-0.023630330560251878
545,0.133056640625,-64.00125480659113,14.940001606269657,-0.3147769022895659,-0.023560508998969
546,0.13330078125,-64.0305877540672,14.684498607577597,-0.3146918940687442,-0.02349068743768612
547,0.133544921875,-64.05992070154329,14.42899560888554,-0.31460688584797936,-0.023420865876460084
548,0.1337890625,-64.08925364901937,14.173492610193485,-0.31452187762715766,-0.023351044315177205
549,0.134033203125,-64.11858659649545,13.91798961150143,-0.314436869406336,-0.023281222753894326
550,0.13427734375,-64.14791954397153,13.662486612809387,-0.3143518611855143,-0.023211401192611447
551,0.134521484375,-64.17112803489769,13.435558421094854,-0.3142634142672591,-0.023131924696883743
552,0.134765625,-64.19025355479062,13.227680100698668,-0.3141726748839915,-0.02304601157811703
553,0.135009765625,-64.20937907468353,13.019801780302481,-0.31408193550072383,-0.022960098459407163
554,0.13525390625,-64.22850459457645,12.811923459906296,-0.3139911961174562,-0.02287418534064045
555,0.135498046875,-64.24763011446936,12.604045139510125,-0.31390045673418854,-0.02278827222187374
556,0.1357421875,-64.26675563436228,12.39616681911394,-0.3138097173509209,-0.02270235910316387
557,0.135986328125,-64.2858811542552,12.188288498717755,-0.31371897796765325,-0.02261644598439716
558,0.13623046875,-64.3050066741481,11.980410178321568,-0.3136282385843856,-0.022530532865630448
559,0.136474609375,-64.32413219404101,11.772531857925381,-0.31353749920111795,-0.02244461974692058
560,0.13671875,-64.34325771393392,11.56465353752921,-0.3134467598178503,-0.022358706628153868
561,0.136962890625,-64.36238323382685,11.356775217133025,-0.31335602043458266,-0.022272793509387157
562,0.13720703125,-64.38150875371977,11.14889689673684,-0.313265281051315,-0.022186880390677288
563,0.137451171875,-64.40063427361268,10.941018576340653,-0.31317454166804737,-0.022100967271910577
564,0.1376953125,-64.41975979350559,10.733140255944466,-0.3130838022847797,-0.022015054153200708
565,0.137939453125,-64.43888531339852,10.525261935548297,-0.3129930629015121,-0.021929141034433997
566,0.13818359375,-64.45801083329143,10.317383615152108,-0.3129023235183013,-0.021843227915667285
567,0.138427734375,-64.47713635318433,10.109505294755925,-0.3128115841350336,-0.021757314796957417
568,0.138671875,-64.49626187307724,9.901626974359738,-0.312720844751766,-0.021671401678190705
569,0.138916015625,-64.51538739297015,9.693748653963553,-0.31263010536849833,-0.021585488559423993
570,0.13916015625,-64.53451291286308,9.485870333567382,-0.3125393659852307,-0.021499575440714125
571,0.139404296875,-64.553638432756,9.277992013171197,-0.31244862660196304,-0.021413662321947413
572,0.1396484375,-64.57276395264891,9.07011369277501,-0.3123578872186954,-0.021327749203237545
573,0.139892578125,-64.59188947254182,8.862235372378825,-0.31226714783542775,-0.021241836084470833
574,0.14013671875,-64.61101499243473,8.654357051982638,-0.3121764084521601,-0.02115592296570412
575,0.140380859375,-64.63014051232764,8.446478731586467,-0.31208566906889246,-0.021070009846994253
576,0.140625,-64.64926603222057,8.23860041119028,-0.3119949296856248,-0.02098409672822754
577,0.140869140625,-64.65843934078106,8.072766272591622,-0.3118983769090278,-0.020889122875189514
578,0.14111328125,-64.66761264934156,7.9069321339929655,-0.31180182413243074,-0.020794149022151487
579,0.141357421875,-64.67678595790206,7.741097995394307,-0.3117052713558337,-0.02069917516911346
580,0.1416015625,-64.68595926646256,7.575263856795662,-0.31160871857923667,-0.020604201316075432
581,0.141845703125,-64.69513257502305,7.4094297181970035,-0.31151216580263963,-0.020509227463037405
582,0.14208984375,-64.70430588358353,7.243595579598344,-0.3114156130260426,-0.020414253609999378
583,0.142333984375,-64.71347919214404,7.077761440999687,-0.31131906024944556,-0.02031927975696135
584,0.142578125,-64.72265250070453,6.911927302401029,-0.3112225074728485,-0.02022430590386648
585,0.142822265625,-64.73182580926502,6.746093163802383,-0.3111259546962515,-0.020129332050828452
586,0.14306640625,-64.74099911782552,6.580259025203725,-0.31102940191965445,-0.020034358197790425
587,0.143310546875,-64.75017242638602,6.414424886605067,-0.3109328491430574,-0.019939384344752398
588,0.1435546875,-64.75934573494652,6.24859074800641,-0.3108362963664604,-0.01984441049171437
589,0.143798828125,-64.76851904350701,6.082756609407752,-0.31073974358986334,-0.019749436638676343
590,0.14404296875,-64.7776923520675,5.916922470809106,-0.3106431908132663,-0.019654462785638316
591,0.144287109375,-64.78686566062801,5.751088332210448,-0.31054663803666926,-0.01955948893260029
592,0.14453125,-64.7960389691885,5.585254193611789,-0.31045008526007223,-0.01946451507956226
593,0.144775390625,-64.80521227774899,5.4194200550131315,-0.3103535324834752,-0.019369541226524234
594,0.14501953125,-64.8143855863095,5.253585916414473,-0.31025697970687816,-0.019274567373486207
595,0.145263671875,-64.82355889486999,5.087751777815828,-0.3101604269302811,-0.01917959352044818
596,0.1455078125,-64.8327322034305,4.921917639217169,-0.3100638741536841,-0.019084619667410152
597,0.145751953125,-64.84190551199099,4.756083500618511,-0.30996732137708705,-0.018989645814372125
598,0.14599609375,-64.85107882055146,4.590249362019853,-0.30987076860049,-0.018894671961277254
599,0.146240234375,-64.86025212911197,4.424415223421195,-0.309774215823893,-0.018799698108239227
600,0.146484375,-64.86942543767246,4.258581084822549,-0.30967766304729594,-0.0187047242552012
601,0.146728515625,-64.87859874623297,4.092746946223891,-0.3095811102706989,-0.018609750402163172
602,0.14697265625,-64.8839360016482,3.9415533986873483,-0.30948218840416075,-0.018513378265424763
603,0.147216796875,-64.88351917734548,3.8123207377439763,-0.3093797129026825,-0.018414908703221045
604,0.1474609375,-64.88310235304279,3.683088076800605,-0.3092772374012043,-0.018316439140960483
605,0.147705078125,-64.88268552874008,3.5538554158572433,-0.30917476189972604,-0.018217969578699922
606,0.14794921875,-64.8822687044374,3.4246227549138717,-0.3090722863982478,-0.01811950001643936
607,0.148193359375,-64.88185188013469,3.2953900939705005,-0.30896981089676956,-0.0180210304541788
608,0.1484375,-64.88143505583199,3.1661574330271294,-0.3088673353952913,-0.01792256089197508
609,0.148681640625,-64.88101823152928,3.0369247720837578,-0.3087648598938131,-0.01782409132971452
610,0.14892578125,-64.88060140722659,2.907692111140396,-0.30866238439233484,-0.01772562176745396
611,0.149169921875,-64.88018458292389,2.778459450197025,-0.3085599088908566,-0.017627152205193397
612,0.1494140625,-64.87976775862118,2.649226789253654,-0.3084574333893215,-0.017528682642932836
613,0.149658203125,-64.8793509343185,2.5199941283102825,-0.3083549578878433,-0.017430213080672274
614,0.14990234375,-64.87893411001578,2.390761467366911,-0.30825248238636505,-0.017331743518468556
615,0.150146484375,-64.87851728571309,2.261528806423549,-0.3081500068848868,-0.017233273956207995
616,0.150390625,-64.8781004614104,2.132296145480178,-0.30804753138340857,-0.017134804393947434
617,0.150634765625,-64.8776836371077,2.0030634845368063,-0.30794505588193033,-0.017036334831686872
618,0.15087890625,-64.877266812805,1.873830823593435,-0.3078425803804521,-0.01693786526942631
619,0.151123046875,-64.8768499885023,1.744598162650064,-0.30774010487897385,-0.01683939570716575
620,0.1513671875,-64.8764331641996,1.6153655017067021,-0.3076376293774956,-0.01674092614496203
621,0.151611328125,-64.87601633989689,1.4861328407633305,-0.3075351538760174,-0.01664245658270147
622,0.15185546875,-64.8755995155942,1.3569001798199596,-0.30743267837453914,-0.01654398702044091
623,0.152099609375,-64.8751826912915,1.2276675188765882,-0.3073302028730609,-0.016445517458180348
624,0.15234375,-64.8747658669888,1.0984348579332168,-0.30722772737158266,-0.016347047895919786
625,0.152587890625,-64.87434904268609,0.9692021969898549,-0.3071252518701044,-0.016248578333659225
626,0.15283203125,-64.8739322183834,0.8399695360464837,-0.30702277636856934,-0.016150108771455507
627,0.153076171875,-64.8735153940807,0.7107368751031122,-0.3069203008670911,-0.016051639209194946
628,0.1533203125,-64.86579236852266,0.6066553445070287,-0.30681297515019423,-0.01595380116208389
629,0.153564453125,-64.85624279265079,0.5088615964977681,-0.3067044368794427,-0.015856120993817058
630,0.15380859375,-64.8466932167789,0.41106784848851424,-0.3065958986086912,-0.01575844082549338
631,0.154052734375,-64.83714364090703,0.31327410047925347,-0.30648736033793966,-0.015660760657169703
632,0.154296875,-64.82759406503516,0.21548035246999275,-0.30637882206718814,-0.01556308048890287
633,0.154541015625,-64.81804448916327,0.11768660446073198,-0.30627028379637977,-0.015465400320579192
634,0.15478515625,-64.8084949132914,0.01989285645147131,-0.30616174552562825,-0.015367720152312359
635,0.155029296875,-64.79894533741953,-0.07790089155778253,-0.3060532072548767,-0.015270039983988681
636,0.1552734375,-64.78939576154764,-0.1756946395670432,-0.3059446689841252,-0.015172359815665004
637,0.155517578125,-64.77984618567578,-0.2734883875763039,-0.3058361307133737,-0.01507467964739817
638,0.15576171875,-64.77029660980389,-0.3712821355855647,-0.3057275924425653,-0.014976999479074493
639,0.156005859375,-64.76074703393202,-0.46907588359482544,-0.3056190541718138,-0.01487931931080766
640,0.15625,-64.75119745806013,-0.5668696316040791,-0.30551051590106226,-0.014781639142483982
641,0.156494140625,-64.74164788218827,-0.664663379613347,-0.30540197763031074,-0.014683958974160305
642,0.15673828125,-64.73209830631639,-0.7624571276226006,-0.3052934393595592,-0.014586278805893471
643,0.15698242187499997,-64.72254873044452,-0.8602508756318545,-0.30518490108875085,-0.014488598637569794
644,0.1572265625,-64.71299915457264,-0.9580446236411221,-0.3050763628179993,-0.01439091846930296
645,0.157470703125,-64.70344957870076,-1.055838371650376,-0.3049678245472478,-0.014293238300979283
646,0.15771484375,-64.69390000282888,-1.153632119659644,-0.3048592862764963,-0.014195558132655606
647,0.157958984375,-64.68435042695701,-1.2514258676688974,-0.30475074800574475,-0.014097877964388772
648,0.15820312499999997,-64.67480085108512,-1.3492196156781513,-0.30464220973499323,-0.014000197796065095
649,0.158447265625,-64.66525127521325,-1.4470133636874192,-0.30453367146418486,-0.013902517627798261
650,0.15869140625,-64.65570169934139,-1.5448071116966726,-0.30442513319343334,-0.013804837459474584
651,0.158935546875,-64.64615212346949,-1.6426008597059405,-0.3043165949226818,-0.013707157291150907
652,0.1591796875,-64.63660254759763,-1.740394607715194,-0.3042080566519303,-0.013609477122884073
653,0.15942382812499997,-64.62533416722873,-1.8328595065663358,-0.3040982714589404,-0.01351259279556416
654,0.15966796875,-64.60719056887172,-1.9040090087850334,-0.30398349857699714,-0.013418891832088775
655,0.159912109375,-64.58904697051472,-1.9751585110037206,-0.3038687256951107,-0.01332519086861339
656,0.16015625,-64.5709033721577,-2.046308013222418,-0.30375395281322426,-0.013231489905138005
657,0.160400390625,-64.5527597738007,-2.1174575154411053,-0.303639179931281,-0.01313778894166262
658,0.16064453124999997,-64.53461617544369,-2.188607017659793,-0.30352440704939454,-0.013044087978244079
659,0.160888671875,-64.51647257708667,-2.2597565198784904,-0.3034096341675081,-0.012950387014768694
660,0.1611328125,-64.49832897872967,-2.3309060220971776,-0.3032948612855648,-0.012856686051293309
661,0.161376953125,-64.48018538037266,-2.402055524315875,-0.3031800884036784,-0.012762985087817924
662,0.16162109375,-64.46204178201565,-2.473205026534562,-0.3030653155217351,-0.01266928412434254
663,0.16186523437499997,-64.44389818365865,-2.54435452875325,-0.30295054263984866,-0.012575583160923998
664,0.162109375,-64.42575458530165,-2.6155040309719477,-0.3028357697579622,-0.012481882197448613
665,0.162353515625,-64.40761098694463,-2.686653533190635,-0.30272099687601894,-0.012388181233973228
666,0.16259765625,-64.38946738858762,-2.7578030354093324,-0.3026062239941325,-0.012294480270497843
667,0.162841796875,-64.37132379023062,-2.8289525376280196,-0.30249145111224607,-0.012200779307022458
668,0.16308593749999997,-64.3531801918736,-2.900102039846707,-0.3023766782303028,-0.012107078343603916
669,0.163330078125,-64.33503659351659,-2.9712515420654046,-0.30226190534841635,-0.012013377380128532
670,0.16357421875,-64.31689299515959,-3.042401044284092,-0.30214713246647307,-0.011919676416653147
671,0.163818359375,-64.29874939680258,-3.1135505465027897,-0.30203235958458663,-0.011825975453177762
672,0.1640625,-64.28060579844558,-3.184700048721477,-0.3019175867027002,-0.01173227448975922
673,0.16430664062499997,-64.26246220008856,-3.255849550940164,-0.3018028138207569,-0.011638573526283835
674,0.16455078125,-64.24431860173156,-3.3269990531588616,-0.30168804093887047,-0.01154487256280845
675,0.164794921875,-64.22617500337455,-3.398148555377549,-0.30157326805698403,-0.011451171599333065
676,0.1650390625,-64.20803140501754,-3.469298057596246,-0.30145849517504075,-0.01135747063585768
677,0.165283203125,-64.18988780666054,-3.540447559814934,-0.3013437222931543,-0.011263769672439139
678,0.16552734374999997,-64.17174420830352,-3.611597062033621,-0.3012289494112679,-0.011170068708963754
679,0.165771484375,-64.14880692806533,-3.6693871383573677,-0.30111031470062244,-0.011080116916559746
680,0.166015625,-64.12267385990636,-3.7182709307511397,-0.3009891054375089,-0.010992664571517707
681,0.166259765625,-64.09654079174739,-3.7671547231449187,-0.3008678961743385,-0.010905212226532512
682,0.16650390625,-64.0704077235884,-3.8160385155386902,-0.30074668691122497,-0.010817759881490474
683,0.16674804687499997,-64.04427465542942,-3.864922307932462,-0.3006254776481114,-0.010730307536505279
684,0.1669921875,-64.01814158727045,-3.913806100326241,-0.3005042683849979,-0.01064285519146324
685,0.167236328125,-63.99200851911148,-3.962689892720013,-0.30038305912188434,-0.010555402846478046
686,0.16748046875,-63.965875450952495,-4.011573685113792,-0.3002618498587708,-0.010467950501436007
687,0.167724609375,-63.93974238279352,-4.060457477507564,-0.30014064059565726,-0.010380498156450813
688,0.16796874999999997,-63.91360931463454,-4.109341269901336,-0.3000194313324869,-0.010293045811408774
689,0.168212890625,-63.887476246475565,-4.158225062295115,-0.29989822206937333,-0.01020559346642358
690,0.16845703125,-63.861343178316595,-4.207108854688886,-0.2997770128062598,-0.010118141121381541
691,0.168701171875,-63.83521011015762,-4.255992647082665,-0.29965580354314625,-0.010030688776396346
692,0.1689453125,-63.809077041998634,-4.304876439476437,-0.2995345942800327,-0.009943236431354308
693,0.16918945312499997,-63.78294397383966,-4.353760231870209,-0.29941338501691916,-0.009855784086369113
694,0.16943359375,-63.75681090568067,-4.402644024263987,-0.2992921757537488,-0.009768331741327074
695,0.169677734375,-63.73067783752171,-4.45152781665776,-0.29917096649063524,-0.00968087939634188
696,0.169921875,-63.70454476936272,-4.500411609051538,-0.2990497572275217,-0.009593427051299841
697,0.170166015625,-63.678411701203736,-4.54929540144531,-0.29892854796440815,-0.009505974706314646
698,0.17041015624999997,-63.652278633044766,-4.598179193839083,-0.2988073387012946,-0.009418522361272608
699,0.170654296875,-63.62614556488579,-4.647062986232861,-0.29868612943818107,-0.009331070016287413
700,0.1708984375,-63.60001249672681,-4.695946778626632,-0.2985649201750675,-0.009243617671245374
701,0.171142578125,-63.573879428567835,-4.744830571020411,-0.29844371091189714,-0.00915616532626018
702,0.17138671875,-63.54774636040886,-4.793714363414183,-0.2983225016487836,-0.009068712981218141
703,0.17163085937499997,-63.52161329224988,-4.842598155807955,-0.29820129238567006,-0.008981260636232946
704,0.171875,-63.495480224090905,-4.891481948201733,-0.2980800831225565,-0.008893808291190908
705,0.172119140625,-63.46201177299036,-4.922042137923883,-0.29795221085004187,-0.008814113844266558
706,0.17236328125,-63.4285433218898,-4.952602327646038,-0.2978243385775272,-0.008734419397285365
707,0.172607421875,-63.39507487078925,-4.983162517368188,-0.29769646630501256,-0.008654724950361015
708,0.17285156249999997,-63.3616064196887,-5.01372270709034,-0.2975685940324979,-0.008575030503436665
709,0.173095703125,-63.32813796858815,-5.044282896812494,-0.29744072175998326,-0.008495336056512315
710,0.17333984375,-63.29466951748759,-5.074843086534645,-0.2973128494874686,-0.008415641609531122
711,0.173583984375,-63.261201066387045,-5.1054032762568,-0.29718497721495396,-0.008335947162606772
712,0.173828125,-63.22773261528649,-5.13596346597895,-0.29705710494249615,-0.008256252715682422
713,0.17407226562499997,-63.19426416418594,-5.166523655701101,-0.2969292326699815,-0.008176558268758072
714,0.17431640625,-63.160795713085385,-5.197083845423255,-0.29680136039746685,-0.008096863821776878
715,0.174560546875,-63.12732726198484,-5.227644035145405,-0.2966734881249522,-0.008017169374852529
716,0.1748046875,-63.09385881088428,-5.25820422486756,-0.29654561585243755,-0.007937474927928179
717,0.175048828125,-63.06039035978373,-5.2887644145897115,-0.2964177435799229,-0.007857780481003829
718,0.17529296874999997,-63.02692190868317,-5.319324604311861,-0.29628987130740825,-0.007778086034022635
719,0.175537109375,-62.99345345758263,-5.349884794034016,-0.2961619990348936,-0.0076983915870982855
720,0.17578125,-62.959985006482064,-5.380444983756167,-0.29603412676237895,-0.007618697140173936
721,0.176025390625,-62.926516555381525,-5.411005173478322,-0.2959062544898643,-0.007539002693192742
722,0.17626953125,-62.89304810428097,-5.441565363200472,-0.29577838221734964,-0.007459308246268392
723,0.17651367187499997,-62.85957965318042,-5.472125552922623,-0.295650509944835,-0.0073796137993440425
724,0.1767578125,-62.826111202079865,-5.502685742644778,-0.29552263767232034,-0.007299919352419693
725,0.177001953125,-62.79264275097931,-5.5332459323669285,-0.2953947653998057,-0.007220224905438499
726,0.17724609375,-62.75917429987876,-5.563806122089082,-0.2952668931273479,-0.007140530458514149
727,0.177490234375,-62.725705848778205,-5.594366311811233,-0.29513902085483323,-0.0070608360115897995
728,0.17773437499999997,-62.692237397677665,-5.624926501533384,-0.2950111485823186,-0.0069811415646654496
729,0.177978515625,-62.65876894657711,-5.655486691255539,-0.29488327630980393,-0.006901447117684256
730,0.17822265625,-62.62264126653653,-5.6801193054033385,-0.29475264155450986,-0.0068252128048129634
731,0.178466796875,-62.582524743085926,-5.695860556189613,-0.2946178630749614,-0.006754168693021256
732,0.1787109375,-62.54240821963532,-5.711601806975884,-0.2944830845954698,-0.006683124581172706
733,0.17895507812499997,-62.502291696184706,-5.727343057762156,-0.2943483061159782,-0.006612080469380999
734,0.17919921875,-62.4621751727341,-5.743084308548431,-0.29421352763648656,-0.006541036357532448
735,0.179443359375,-62.42205864928349,-5.758825559334703,-0.29407874915699495,-0.006469992245740741
736,0.1796875,-62.38194212583288,-5.7745668101209775,-0.29394397067750333,-0.0063989481338921905
737,0.179931640625,-62.34182560238227,-5.790308060907249,-0.2938091921980117,-0.006327904022100483
738,0.18017578124999997,-62.30170907893166,-5.806049311693521,-0.2936744137185201,-0.006256859910308776
739,0.180419921875,-62.26159255548106,-5.821790562479795,-0.2935396352390285,-0.006185815798460226
740,0.1806640625,-62.22147603203046,-5.837531813266067,-0.29340485675953687,-0.006114771686668519
741,0.180908203125,-62.18135950857983,-5.853273064052341,-0.29327007828004525,-0.006043727574819968
742,0.18115234375,-62.14124298512923,-5.869014314838613,-0.2931352998004968,-0.005972683463028261
743,0.18139648437499997,-62.10112646167863,-5.884755565624885,-0.2930005213210052,-0.005901639351236554
744,0.181640625,-62.06100993822802,-5.9004968164111595,-0.29286574284151357,-0.005830595239388003
745,0.181884765625,-62.02089341477741,-5.916238067197431,-0.29273096436202195,-0.005759551127596296
746,0.18212890625,-61.9807768913268,-5.931979317983705,-0.29259618588253034,-0.005688507015747746
747,0.182373046875,-61.94066036787619,-5.947720568769977,-0.2924614074030387,-0.005617462903956039
748,0.18261718749999997,-61.900543844425584,-5.963461819556249,-0.2923266289235471,-0.005546418792107488
749,0.182861328125,-61.86042732097497,-5.979203070342523,-0.2921918504440555,-0.005475374680315781
750,0.18310546875,-61.820310797524364,-5.994944321128795,-0.2920570719645639,-0.005404330568524074
751,0.183349609375,-61.78019427407376,-6.01068557191507,-0.29192229348507226,-0.005333286456675523
752,0.18359375,-61.74007775062314,-6.026426822701342,-0.29178751500558064,-0.005262242344883816
753,0.18383789062499997,-61.69996122717254,-6.0421680734876135,-0.2916527365260322,-0.005191198233035266
754,0.18408203125,-61.65984470372192,-6.057909324273887,-0.29151795804654057,-0.005120154121243559
755,0.184326171875,-61.61972818027133,-6.073650575060159,-0.29138317956704896,-0.005049110009395008
756,0.1845703125,-61.57485708509653,-6.080000029049965,-0.29124267731924647,-0.004985307202559852
757,0.184814453125,-61.5287973469907,-6.084001533840651,-0.2911007441292668,-0.004923314721906991
758,0.18505859374999997,-61.48273760888487,-6.088003038631336,-0.29095881093934395,-0.004861322241197286
759,0.185302734375,-61.43667787077902,-6.092004543422023,-0.2908168777494211,-0.004799329760544424
760,0.185546875,-61.3906181326732,-6.0960060482127085,-0.29067494455949827,-0.0047373372798915625
761,0.185791015625,-61.34455839456736,-6.100007553003396,-0.29053301136957543,-0.004675344799238701
762,0.18603515625,-61.298498656461526,-6.10400905779408,-0.2903910781796526,-0.004613352318585839
763,0.18627929687499997,-61.25243891835569,-6.108010562584767,-0.29024914498972976,-0.004551359837932978
764,0.1865234375,-61.206379180249854,-6.112012067375454,-0.2901072117998069,-0.004489367357280116
765,0.186767578125,-61.16031944214402,-6.11601357216614,-0.28996527860982724,-0.004427374876627255
766,0.18701171875,-61.11425970403818,-6.120015076956826,-0.2898233454199044,-0.004365382395974393
767,0.187255859375,-61.068199965932344,-6.124016581747512,-0.28968141222998156,-0.004303389915321532
768,0.18750000000000003,-61.02214022782652,-6.1280180865382,-0.2895394790400587,-0.00424139743466867
769,0.187744140625,-60.97608048972068,-6.132019591328885,-0.2893975458501359,-0.0041794049540158085
770,0.18798828125,-60.93002075161485,-6.136021096119571,-0.28925561266021305,-0.004117412473362947
771,0.188232421875,-60.883961013509015,-6.140022600910257,-0.2891136794702902,-0.004055419992710085
772,0.1884765625,-60.83790127540317,-6.144024105700943,-0.28897174628036737,-0.003993427512057224
773,0.18872070312500003,-60.79184153729734,-6.148025610491629,-0.2888298130903877,-0.003931435031404362
774,0.18896484375,-60.745781799191505,-6.152027115282316,-0.28868787990046485,-0.0038694425507515007
775,0.189208984375,-60.69972206108568,-6.156028620073003,-0.288545946710542,-0.003807450070098639
776,0.189453125,-60.65366232297984,-6.160030124863688,-0.2884040135206192,-0.0037454575894457776
777,0.189697265625,-60.607602584873995,-6.1640316296543745,-0.28826208033069634,-0.003683465108792916
778,0.18994140625000003,-60.56154284676816,-6.168033134445061,-0.2881201471407735,-0.0036214726281400544
779,0.190185546875,-60.51548310866233,-6.172034639235747,-0.28797821395085066,-0.0035594801474303495
780,0.1904296875,-60.46942337055649,-6.176036144026432,-0.2878362807609278,-0.003497487666777488
781,0.190673828125,-60.422316570708766,-6.178224538951018,-0.2876928686121687,-0.0034373092597661525
782,0.19091796875,-60.371021523893454,-6.1731604944112,-0.2875435406281781,-0.003384387147036705
783,0.19116210937500003,-60.319726477078135,-6.168096449871382,-0.2873942126441307,-0.0033314650343641006
784,0.19140625,-60.26843143026282,-6.163032405331565,-0.2872448846601401,-0.003278542921634653
785,0.191650390625,-60.21713638344752,-6.157968360791747,-0.2870955566761495,-0.0032256208089620486
786,0.19189453125,-60.16584133663219,-6.152904316251929,-0.2869462286921589,-0.003172698696232601
787,0.192138671875,-60.11454628981689,-6.147840271712111,-0.2867969007081115,-0.0031197765835599967
788,0.19238281250000003,-60.063251243001574,-6.142776227172293,-0.2866475727241209,-0.0030668544708873924
789,0.192626953125,-60.01195619618626,-6.137712182632475,-0.2864982447401303,-0.0030139323581579447
790,0.19287109375,-59.96066114937094,-6.132648138092657,-0.2863489167561397,-0.0029610102454853404
791,0.193115234375,-59.90936610255563,-6.127584093552839,-0.2861995887720923,-0.0029080881327558927
792,0.193359375,-59.85807105574032,-6.122520049013022,-0.2860502607881017,-0.0028551660200832885
793,0.19360351562500003,-59.806776008925,-6.117456004473203,-0.2859009328041111,-0.0028022439073538408
794,0.19384765625,-59.7554809621097,-6.112391959933385,-0.2857516048201205,-0.0027493217946812365
795,0.194091796875,-59.70418591529439,-6.107327915393568,-0.2856022768360731,-0.0026963996820086322
796,0.1943359375,-59.65289086847906,-6.102263870853749,-0.2854529488520825,-0.0026434775692791845
797,0.194580078125,-59.60159582166375,-6.097199826313931,-0.2853036208680919,-0.0025905554566065803
798,0.19482421875000003,-59.55030077484844,-6.092135781774112,-0.2851542928841013,-0.0025376333438771326
799,0.195068359375,-59.499005728033126,-6.087071737234295,-0.2850049649000539,-0.0024847112312045283
800,0.1953125,-59.44771068121782,-6.082007692694478,-0.2848556369160633,-0.002431789118531924
801,0.195556640625,-59.396415634402494,-6.076943648154659,-0.2847063089320727,-0.0023788670058024763
802,0.19580078125,-59.345120587587196,-6.071879603614841,-0.2845569809480821,-0.002325944893129872
803,0.19604492187500003,-59.29382554077188,-6.066815559075023,-0.2844076529640347,-0.0022730227804004244
804,0.1962890625,-59.24253049395656,-6.061751514535205,-0.2842583249800441,-0.00222010066772782
805,0.196533203125,-59.191235447141246,-6.056687469995387,-0.2841089969960535,-0.0021671785549983724
806,0.19677734375,-59.13994040032593,-6.051623425455568,-0.28395966901206293,-0.002114256442325768
807,0.197021484375,-59.08592299974931,-6.04249706822872,-0.2838057744089042,-0.0020666137935450024
808,0.19726562500000003,-59.030090696665134,-6.030662502543848,-0.28364883539302355,-0.0020224907873966913
809,0.197509765625,-58.97425839358097,-6.018827936858977,-0.28349189637719974,-0.00197836778124838
810,0.19775390625,-58.91842609049679,-6.006993371174106,-0.2833349573613191,-0.001934244775100069
811,0.197998046875,-58.862593787412614,-5.995158805489234,-0.28317801834543843,-0.001890121768951758
812,0.1982421875,-58.80676148432843,-5.9833242398043645,-0.2830210793296146,-0.0018459987628034469
813,0.19848632812500003,-58.75092918124427,-5.971489674119492,-0.28286414031373397,-0.0018018757566551358
814,0.19873046875,-58.6950968781601,-5.959655108434621,-0.2827072012978533,-0.0017577527505068247
815,0.198974609375,-58.63926457507593,-5.94782054274975,-0.28255026228197266,-0.0017136297443585136
816,0.19921875,-58.58343227199175,-5.935985977064878,-0.28239332326614885,-0.0016695067382670459
817,0.199462890625,-58.52759996890759,-5.9241514113800084,-0.2822363842502682,-0.0016253837321187348
818,0.19970703125000003,-58.47176766582341,-5.912316845695136,-0.28207944523438755,-0.0015812607259704237
819,0.199951171875,-58.41593536273923,-5.900482280010266,-0.2819225062185069,-0.0015371377198221126
820,0.2001953125,-58.36010305965506,-5.888647714325395,-0.2817655672026831,-0.0014930147136738015
821,0.200439453125,-58.304270756570894,-5.876813148640522,-0.28160862818680243,-0.0014488917075254903
822,0.20068359375,-58.24843845348672,-5.8649785829556516,-0.2814516891709218,-0.0014047687013771792
823,0.20092773437500003,-58.19260615040254,-5.853144017270781,-0.281294750155098,-0.0013606456952288681
824,0.201171875,-58.13677384731837,-5.84130945158591,-0.2811378111392173,-0.001316522689080557
825,0.201416015625,-58.0809415442342,-5.829474885901039,-0.28098087212333667,-0.001272399682932246
826,0.20166015625,-58.02510924115003,-5.817640320216166,-0.280823933107456,-0.0012282766767839348
827,0.201904296875,-57.96927693806585,-5.805805754531296,-0.2806669940916322,-0.0011841536706356237
828,0.20214843750000003,-57.91344463498167,-5.793971188846424,-0.28051005507575155,-0.0011400306644873126
829,0.202392578125,-57.8576123318975,-5.782136623161554,-0.2803531160598709,-0.0010959076583390015
830,0.20263671875,-57.80178002881333,-5.770302057476683,-0.28019617704399025,-0.0010517846521906904
831,0.202880859375,-57.74594772572917,-5.758467491791811,-0.28003923802816644,-0.0010076616460423793
832,0.203125,-57.69011542264499,-5.74663292610694,-0.2798822990122858,-0.0009635386398940682
833,0.20336914062500003,-57.63042304644989,-5.729972709784442,-0.2797175727379795,-0.0009277314350697452
834,0.20361328125,-57.57073067025479,-5.713312493461947,-0.2795528464636732,-0.0008919242302454222
835,0.203857421875,-57.511038294059695,-5.696652277139452,-0.2793881201893669,-0.0008561170254779427
836,0.2041015625,-57.45134591786459,-5.679992060816954,-0.2792233939150037,-0.0008203098206536197
837,0.204345703125,-57.391653541669506,-5.663331844494459,-0.2790586676406974,-0.0007845026158292967
838,0.20458984375000003,-57.33196116547439,-5.64667162817196,-0.2788939413663911,-0.0007486954110049737
839,0.204833984375,-57.2722687892793,-5.630011411849464,-0.2787292150920848,-0.0007128882062374942
840,0.205078125,-57.21257641308421,-5.6133511955269695,-0.2785644888177785,-0.0006770810014131712
841,0.205322265625,-57.152884036889105,-5.596690979204472,-0.2783997625434722,-0.0006412737965888482
842,0.20556640625,-57.093191660694,-5.580030762881976,-0.2782350362691659,-0.0006054665918213686
843,0.20581054687500003,-57.0334992844989,-5.563370546559479,-0.27807030999480276,-0.0005696593869970457
844,0.2060546875,-56.973806908303814,-5.546710330236984,-0.27790558372049645,-0.0005338521821727227
845,0.206298828125,-56.91411453210871,-5.530050113914488,-0.27774085744619015,-0.0004980449773483997
846,0.20654296875,-56.85442215591361,-5.513389897591991,-0.27757613117188384,-0.0004622377725240767
847,0.206787109375,-56.79472977971852,-5.496729681269495,-0.27741140489757754,-0.00042643056775659716
848,0.20703125000000003,-56.73503740352342,-5.480069464946998,-0.27724667862327124,-0.0003906233629322742
849,0.207275390625,-56.67534502732832,-5.463409248624503,-0.27708195234896493,-0.0003548161581079512
850,0.20751953125,-56.615652651133225,-5.446749032302006,-0.2769172260746018,-0.00031900895334047163
851,0.207763671875,-56.55596027493812,-5.430088815979509,-0.2767524998002955,-0.00028320174851614865
852,0.2080078125,-56.49626789874302,-5.4134285996570135,-0.2765877735259892,-0.0002473945436918257
853,0.20825195312500003,-56.43657552254792,-5.396768383334516,-0.2764230472516829,-0.0002115873388675027
854,0.20849609375,-56.37688314635283,-5.380108167012021,-0.27625832097737657,-0.00017578013404317971
855,0.208740234375,-56.31719077015773,-5.363447950689525,-0.27609359470307027,-0.00013997292927570015
856,0.208984375,-56.25749839396263,-5.346787734367028,-0.27592886842876396,-0.00010416572445137717
857,0.209228515625,-56.19780601776753,-5.330127518044533,-0.2757641421544008,-6.835851962705419e-05
858,0.20947265625000003,-56.13682855003352,-5.312187170038216,-0.27559625281816125,-3.562544537771828e-05
859,0.209716796875,-56.07392344499112,-5.292326624506174,-0.2754236188890218,-7.503566848754417e-06
860,0.2099609375,-56.01101833994873,-5.272466078974132,-0.2752509849598255,2.0618311623366026e-05
861,0.210205078125,-55.94811323490633,-5.25260553344209,-0.275078351030686,4.874019009548647e-05
862,0.21044921875,-55.88520812986393,-5.2327449879100465,-0.2749057171014897,7.686206862445033e-05
863,0.21069335937500003,-55.82230302482153,-5.212884442378003,-0.27473308317235023,0.00010498394709657077
864,0.2109375,-55.75939791977913,-5.19302389684596,-0.2745604492431539,0.00013310582556869122
865,0.211181640625,-55.696492814736736,-5.17316335131392,-0.27438781531401446,0.00016122770409765508
866,0.21142578125,-55.633587709694346,-5.153302805781876,-0.27421518138481815,0.00018934958256977552
867,0.211669921875,-55.57068260465194,-5.133442260249834,-0.2740425474556787,0.00021747146109873938
868,0.21191406250000003,-55.50777749960954,-5.11358171471779,-0.2738699135264824,0.0002455933395708598
869,0.212158203125,-55.444872394567156,-5.093721169185749,-0.2736972795973429,0.00027371521804298027
870,0.21240234375,-55.38196728952475,-5.073860623653706,-0.2735246456681466,0.00030183709657194413
871,0.212646484375,-55.319062184482355,-5.054000078121663,-0.27335201173900714,0.0003299589750440646
872,0.212890625,-55.256157079439966,-5.03413953258962,-0.27317937780981083,0.000358080853516185
873,0.21313476562500003,-55.19325197439756,-5.014278987057577,-0.27300674388067137,0.0003862027320451489
874,0.21337890625,-55.130346869355165,-4.994418441525536,-0.27283410995147506,0.0004143246105172693
875,0.213623046875,-55.06744176431277,-4.974557895993494,-0.2726614760223356,0.00044244648898938976
876,0.2138671875,-55.00453665927037,-4.9546973504614495,-0.2724888420931393,0.0004705683675183536
877,0.214111328125,-54.941631554227975,-4.934836804929408,-0.2723162081639998,0.0004986902459904741
878,0.21435546875000003,-54.87872644918557,-4.914976259397364,-0.2721435742348035,0.0005268121245194379
879,0.214599609375,-54.81582134414318,-4.895115713865323,-0.27197094030566404,0.0005549340029915584
880,0.21484375,-54.75291623910078,-4.875255168333281,-0.27179830637646774,0.0005830558814636788
881,0.215087890625,-54.69001113405838,-4.855394622801237,-0.27162567244732827,0.0006111777599926427
882,0.21533203125,-54.62710602901599,-4.8355340772691955,-0.27145303851813196,0.0006392996384647631
883,0.21557617187500003,-54.56420092397358,-4.8156735317371515,-0.2712804045889925,0.0006674215169368836
884,0.2158203125,-54.49921413316423,-4.794322305824174,-0.27110140436758456,0.0006899746042563493
885,0.216064453125,-54.43370692091313,-4.772598409815964,-0.27092081257313794,0.000711135493816073
886,0.21630859375,-54.36819970866202,-4.75087451380775,-0.2707402207786913,0.0007322963833189533
887,0.216552734375,-54.302692496410934,-4.729150617799539,-0.2705596289842447,0.0007534572728218336
888,0.21679687500000003,-54.23718528415982,-4.707426721791325,-0.27037903718979805,0.0007746181623815573
889,0.217041015625,-54.17167807190872,-4.685702825783114,-0.2701984453953514,0.0007957790518844376
890,0.21728515625,-54.106170859657624,-4.663978929774904,-0.2700178536009048,0.000816939941387318
891,0.217529296875,-54.040663647406525,-4.642255033766691,-0.26983726180640133,0.0008381008309470417
892,0.2177734375,-53.97515643515542,-4.620531137758481,-0.2696566700119547,0.000859261720449922
893,0.21801757812500003,-53.909649222904314,-4.598807241750266,-0.2694760782175081,0.0008804226099528023
894,0.21826171875,-53.844142010653215,-4.577083345742055,-0.26929548642306145,0.000901583499512526
895,0.218505859375,-53.778634798402116,-4.555359449733845,-0.2691148946286148,0.0009227443890154063
896,0.21875,-53.71312758615102,-4.533635553725631,-0.2689343028341682,0.0009439052785182867
897,0.218994140625,-53.64762037389992,-4.511911657717421,-0.26875371103972157,0.0009650661680780104
898,0.21923828125000003,-53.58211316164881,-4.490187761709207,-0.26857311924527494,0.0009862270575808907
899,0.219482421875,-53.516605949397714,-4.468463865700997,-0.2683925274508283,0.0010073879471406144
900,0.2197265625,-53.451098737146616,-4.446739969692786,-0.2682119356563817,0.0010285488366434947
901,0.219970703125,-53.38559152489551,-4.4250160736845725,-0.26803134386193506,0.001049709726146375
902,0.22021484375,-53.32008431264441,-4.403292177676361,-0.2678507520674316,0.0010708706157060988
903,0.22045898437500003,-53.254577100393305,-4.381568281668148,-0.26767016027298496,0.001092031505208979
904,0.220703125,-53.18906988814221,-4.359844385659938,-0.26748956847853833,0.0011131923947118594
905,0.220947265625,-53.123562675891115,-4.338120489651727,-0.2673089766840917,0.001134353284271583
906,0.22119140625,-53.05805546364001,-4.316396593643513,-0.2671283848896451,0.0011555141737744634
907,0.221435546875,-52.99254825138891,-4.294672697635302,-0.26694779309519845,0.0011766750632773437
908,0.22167968750000003,-52.9270410391378,-4.272948801627089,-0.2667672013007518,0.0011978359528370675
909,0.221923828125,-52.86112721235213,-4.251068156686269,-0.2665850242974557,0.0012177596489095777
910,0.22216796875,-52.79358692742813,-4.228560516015015,-0.266396506458932,0.0012327345712606075
911,0.222412109375,-52.72604664250413,-4.206052875343756,-0.2662079886204083,0.0012477094936116373
912,0.22265625,-52.65850635758013,-4.1835452346725015,-0.26601947078194144,0.0012626844159626671
913,0.22290039062500003,-52.59096607265614,-4.161037594001242,-0.26583095294341774,0.0012776593383705404
914,0.22314453125,-52.52342578773214,-4.138529953329988,-0.26564243510489405,0.0012926342607215702
915,0.223388671875,-52.45588550280815,-4.116022312658733,-0.26545391726637035,0.0013076091830726
916,0.2236328125,-52.38834521788414,-4.093514671987474,-0.26526539942784666,0.0013225841054236298
917,0.223876953125,-52.32080493296015,-4.07100703131622,-0.26507688158932297,0.0013375590277746596
918,0.22412109375000003,-52.253264648036144,-4.048499390644961,-0.26488836375079927,0.0013525339501256894
919,0.224365234375,-52.18572436311215,-4.025991749973707,-0.2646998459122756,0.0013675088725335627
920,0.224609375,-52.11818407818816,-4.003484109302451,-0.2645113280737519,0.0013824837948845925
921,0.224853515625,-52.05064379326416,-3.980976468631193,-0.2643228102352282,0.0013974587172356223
922,0.22509765625,-51.983103508340164,-3.958468827959938,-0.2641342923967045,0.0014124336395866521
923,0.22534179687500003,-51.91556322341616,-3.9359611872886795,-0.2639457745581808,0.001427408561937682
924,0.2255859375,-51.84802293849217,-3.9134535466174243,-0.2637572567196571,0.0014423834842887118
925,0.225830078125,-51.78048265356817,-3.8909459059461695,-0.2635687388811334,0.001457358406696585
926,0.22607421875,-51.71294236864418,-3.8684382652749116,-0.2633802210426097,0.0014723333290476148
927,0.226318359375,-51.645402083720185,-3.845930624603656,-0.263191703204086,0.0014873082513986446
928,0.22656250000000003,-51.57786179879618,-3.823422983932398,-0.26300318536556233,0.0015022831737496745
929,0.226806640625,-51.510321513872185,-3.800915343261143,-0.26281466752703864,0.0015172580961007043
930,0.22705078125,-51.44278122894819,-3.778407702589888,-0.26262614968851494,0.001532233018451734
931,0.227294921875,-51.375240944024185,-3.7559000619186302,-0.26243763184999125,0.001547207940802764
932,0.2275390625,-51.30770065910019,-3.7333924212473746,-0.26224911401146755,0.0015621828632106372
933,0.22778320312500003,-51.24016037417619,-3.710884780576116,-0.26206059617294386,0.001577157785561667
934,0.22802734375,-51.1726200892522,-3.688377139904861,-0.26187207833442017,0.0015921327079126968
935,0.228271484375,-51.10417462948274,-3.665910704763352,-0.2616788782544859,0.0016038708486121322
936,0.228515625,-51.0351257198163,-3.643471739975003,-0.261482556680221,0.001613451134915067
937,0.228759765625,-50.966076810149865,-3.6210327751866567,-0.26128623510595617,0.0016230314211611585
938,0.22900390625000003,-50.89702790048343,-3.5985938103983073,-0.2610899135316913,0.0016326117074640933
939,0.229248046875,-50.827978990816995,-3.576154845609962,-0.2608935919574833,0.0016421919937670282
940,0.2294921875,-50.75893008115056,-3.553715880821616,-0.26069727038321844,0.0016517722800131196
941,0.229736328125,-50.68988117148412,-3.5312769160332675,-0.2605009488089536,0.0016613525663160544
942,0.22998046875,-50.62083226181768,-3.508837951244921,-0.26030462723474557,0.0016709328526189893
943,0.23022460937500003,-50.55178335215123,-3.4863989864565723,-0.2601083056604807,0.0016805131388650807
944,0.23046875,-50.48273444248481,-3.4639600216682265,-0.25991198408621585,0.0016900934251680155
945,0.230712890625,-50.41368553281838,-3.44152105687988,-0.259715662511951,0.0016996737114709504
946,0.23095703125,-50.344636623151935,-3.4190820920915312,-0.25951934093768614,0.0017092539977170418
947,0.231201171875,-50.2755877134855,-3.396643127303186,-0.2593230193634781,0.0017188342840199766
948,0.23144531250000003,-50.206538803819065,-3.3742041625148365,-0.25912669778921327,0.001728414570266068
949,0.231689453125,-50.13748989415262,-3.3517651977264906,-0.2589303762149484,0.0017379948565690029
950,0.23193359375,-50.068440984486195,-3.329326232938145,-0.2587340546407404,0.0017475751428719377
951,0.232177734375,-49.99939207481975,-3.306887268149796,-0.25853773306647554,0.0017571554291180291
952,0.232421875,-49.93034316515332,-3.28444830336145,-0.2583414114922107,0.001766735715420964
953,0.23266601562500003,-49.86129425548688,-3.2620093385731006,-0.2581450899179458,0.0017763160017238988
954,0.23291015625,-49.79224534582045,-3.2395703737847548,-0.25794876834368097,0.0017858962879699902
955,0.233154296875,-49.723196436154005,-3.217131408996409,-0.25775244676947295,0.001795476574272925
956,0.2333984375,-49.65414752648756,-3.19469244420806,-0.2575561251952081,0.0018050568605190165
957,0.233642578125,-49.58509861682113,-3.1722534794197146,-0.25735980362094324,0.0018146371468219513
958,0.23388671875000003,-49.51604970715469,-3.149814514631365,-0.2571634820466784,0.0018242174331248862
959,0.234130859375,-49.447000797488265,-3.127375549843019,-0.25696716047247037,0.0018337977193709776
960,0.234375,-49.37795188782183,-3.1049365850546735,-0.2567708388982055,0.0018433780056739124
961,0.234619140625,-49.30787286021921,-3.0832205020045533,-0.2565669308169163,0.0018483445157926326
962,0.23486328125,-49.23779383261662,-3.0615044189544363,-0.2563630227355702,0.0018533110259113528
963,0.23510742187500003,-49.16771480501401,-3.0397883359043165,-0.256159114654281,0.0018582775360869164
964,0.2353515625,-49.097635777411405,-3.0180722528541994,-0.2559552065729349,0.0018632440462056366
965,0.235595703125,-49.0275567498088,-2.9963561698040824,-0.2557512984916457,0.0018682105563243567
966,0.23583984375,-48.95747772220619,-2.9746400867539626,-0.2555473904102996,0.001873177066443077
967,0.236083984375,-48.887398694603604,-2.9529240037038456,-0.2553434823290104,0.0018781435766186405
968,0.23632812500000003,-48.81731966700098,-2.931207920653726,-0.2551395742476643,0.0018831100867373607
969,0.236572265625,-48.74724063939839,-2.9094918376036083,-0.2549356661663751,0.0018880765968560809
970,0.23681640625,-48.67716161179579,-2.8877757545534917,-0.254731758085029,0.001893043106974801
971,0.237060546875,-48.60708258419318,-2.8660596715033715,-0.2545278500037398,0.0018980096171503646
972,0.2373046875,-48.53700355659058,-2.844343588453255,-0.2543239419223937,0.0019029761272690848
973,0.23754882812500003,-48.46692452898797,-2.8226275054031347,-0.2541200338411045,0.001907942637387805
974,0.23779296875,-48.39684550138537,-2.800911422353018,-0.25391612575981526,0.0019129091475065252
975,0.238037109375,-48.32676647378277,-2.779195339302901,-0.2537122176784692,0.0019178756576820888
976,0.23828125,-48.25668744618016,-2.757479256252781,-0.25350830959717996,0.001922842167800809
977,0.238525390625,-48.186608418577556,-2.735763173202664,-0.2533044015158339,0.0019278086779195291
978,0.23876953125000003,-48.11652939097495,-2.714047090152544,-0.25310049343454466,0.0019327751880382493
979,0.239013671875,-48.046450363372344,-2.6923310071024273,-0.2528965853531986,0.0019377416981569695
980,0.2392578125,-47.97637133576975,-2.67061492405231,-0.25269267727190936,0.001942708208332533
981,0.239501953125,-47.90629230816714,-2.6488988410021896,-0.2524887691905633,0.0019476747184512533
982,0.23974609375,-47.836213280564536,-2.6271827579520735,-0.25228486110927406,0.0019526412285699735
983,0.23999023437500003,-47.766134252961926,-2.6054666749019533,-0.252080953027928,0.0019576077386886936
984,0.240234375,-47.69605522535932,-2.583750591851836,-0.25187704494663876,0.0019625742488642572
985,0.240478515625,-47.625976197756735,-2.562034508801719,-0.2516731368652927,0.0019675407589829774
986,0.24072265625,-47.5556581571849,-2.540800936015657,-0.25146631907330175,0.0019709618033516563
987,0.240966796875,-47.48498159715927,-2.520291128625683,-0.25125513671525823,0.0019720646490668514
988,0.24121093750000003,-47.41430503713364,-2.4997813212357065,-0.2510439543571579,0.001973167494725203
989,0.241455078125,-47.343628477108005,-2.479271513845733,-0.25083277199911436,0.0019742703404403983
990,0.24169921875,-47.27295191708237,-2.458761706455759,-0.25062158964107084,0.0019753731861555934
991,0.241943359375,-47.202275357056735,-2.438251899065783,-0.2504104072830273,0.0019764760318707886
992,0.2421875,-47.1315987970311,-2.4177420916758092,-0.25019922492492697,0.0019775788775859837
993,0.24243164062500003,-47.060922237005464,-2.397232284285833,-0.24998804256688345,0.001978681723301179
994,0.24267578125,-46.99024567697983,-2.3767224768958592,-0.24977686020883993,0.0019797845689595306
995,0.242919921875,-46.9195691169542,-2.3562126695058856,-0.24956567785073958,0.0019808874146747257
996,0.2431640625,-46.84889255692856,-2.335702862115909,-0.24935449549269606,0.001981990260389921
997,0.243408203125,-46.77821599690293,-2.3151930547259356,-0.24914331313465254,0.001983093106105116
998,0.24365234375000003,-46.70753943687728,-2.294683247335959,-0.24893213077655219,0.001984195951820311
999,0.243896484375,-46.63686287685165,-2.2741734399459856,-0.24872094841850867,0.0019852987975355063
1000,0.244140625,-46.56618631682602,-2.2536636325560115,-0.24850976606046515,0.001986401643193858
1001,0.244384765625,-46.49550975680038,-2.2331538251660352,-0.24829858370242164,0.001987504488909053
1002,0.24462890625,-46.42483319677475,-2.2126440177760616,-0.24808740134432128,0.0019886073346242483
1003,0.24487304687500003,-46.35415663674911,-2.1921342103860852,-0.24787621898627776,0.0019897101803394435
1004,0.2451171875,-46.28348007672348,-2.1716244029961116,-0.24766503662823425,0.0019908130260546386
1005,0.245361328125,-46.212803516697846,-2.151114595606138,-0.2474538542701339,0.0019919158717698338
1006,0.24560546875,-46.14212695667221,-2.1306047882161616,-0.24724267191209037,0.0019930187174281855
1007,0.245849609375,-46.071450396646576,-2.110094980826188,-0.24703148955404686,0.0019941215631433806
1008,0.24609375000000003,-46.00077383662094,-2.089585173436211,-0.2468203071959465,0.0019952244088585758
1009,0.246337890625,-45.930097276595305,-2.069075366046238,-0.24660912483790298,0.001996327254573771
1010,0.24658203125,-45.859420716569666,-2.0485655586562643,-0.24639794247985947,0.001997430100288966
1011,0.246826171875,-45.788744156544034,-2.0280557512662876,-0.2461867601217591,0.001998532946004161
1012,0.2470703125,-45.717899831285024,-2.0087815529204627,-0.24597008070821857,0.001997108547470816
1013,0.24731445312500003,-45.64701356471767,-1.989816256835672,-0.24575202703073273,0.001995052337861125
1014,0.24755859375,-45.57612729815031,-1.9708509607508844,-0.2455339733532469,0.0019929961283082775
1015,0.247802734375,-45.50524103158296,-1.951885664666097,-0.24531591967576105,0.00199093991875543
1016,0.248046875,-45.434354765015605,-1.9329203685813066,-0.2450978659982752,0.001988883709145739
1017,0.248291015625,-45.36346849844825,-1.9139550724965186,-0.24487981232078937,0.0019868274995928914
1018,0.24853515625000003,-45.292582231880886,-1.8949897764117283,-0.24466175864330353,0.0019847712899832004
1019,0.248779296875,-45.221695965313536,-1.8760244803269408,-0.2444437049658177,0.001982715080430353
1020,0.2490234375,-45.15080969874619,-1.8570591842421529,-0.2442256512883887,0.0019806588708775053
1021,0.249267578125,-45.079923432178816,-1.8380938881573625,-0.24400759761090285,0.0019786026612678143
1022,0.24951171875,-45.009037165611474,-1.8191285920725746,-0.243789543933417,0.0019765464517149667
1023,0.24975585937500003,-44.93815089904411,-1.8001632959877842,-0.24357149025593117,0.0019744902421052757
1024,0.25,-44.867264632476754,-1.7811979999029963,-0.24335343657844533,0.001972434032552428
1025,0.250244140625,-44.79637836590941,-1.762232703818209,-0.24313538290095948,0.0019703778229995805
1026,0.25048828125,-44.72549209934204,-1.7432674077334185,-0.24291732922347364,0.0019683216133898895
1027,0.250732421875,-44.65460583277469,-1.7243021116486308,-0.2426992755459878,0.001966265403837042
1028,0.2509765625,-44.58371956620733,-1.7053368155638402,-0.24248122186850196,0.001964209194227351
1029,0.251220703125,-44.51283329963998,-1.6863715194790525,-0.24226316819107296,0.0019621529846745034
1030,0.25146484375,-44.44194703307263,-1.6674062233942648,-0.24204511451358712,0.001960096775121656
1031,0.251708984375,-44.37106076650526,-1.6484409273094744,-0.24182706083610128,0.001958040565511965
1032,0.251953125,-44.30017449993792,-1.6294756312246865,-0.24160900715861544,0.0019559843559591172
1033,0.252197265625,-44.22928823337055,-1.6105103351398964,-0.2413909534811296,0.0019539281463494262
1034,0.25244140625,-44.1584019668032,-1.5915450390551085,-0.24117289980364376,0.0019518719367965787
1035,0.252685546875,-44.087515700235855,-1.5725797429703208,-0.24095484612615792,0.001949815727243731
1036,0.2529296875,-44.01662943366849,-1.5536144468855304,-0.24073679244867208,0.00194775951763404
1037,0.253173828125,-43.94577020485101,-1.5350013962900355,-0.24051746158022524,0.0019452012957117404
1038,0.25341796875,-43.87501912703298,-1.5177973276517103,-0.24029302194765023,0.0019406350242547887
1039,0.253662109375,-43.80426804921496,-1.5005932590133872,-0.24006858231513206,0.001936068752797837
1040,0.25390625,-43.73351697139694,-1.4833891903750644,-0.23984414268255705,0.0019315024813408854
1041,0.254150390625,-43.66276589357891,-1.4661851217367388,-0.23961970305003888,0.0019269362098839338
1042,0.25439453125,-43.5920148157609,-1.4489810530984155,-0.23939526341746387,0.0019223699384269821
1043,0.254638671875,-43.52126373794287,-1.4317769844600903,-0.2391708237849457,0.0019178036669700305
1044,0.2548828125,-43.45051266012485,-1.414572915821767,-0.23894638415237068,0.0019132373955130788
1045,0.255126953125,-43.37976158230684,-1.3973688471834445,-0.2387219445198525,0.0019086711240561272
1046,0.25537109375,-43.30901050448881,-1.3801647785451188,-0.2384975048872775,0.0019041048525991755
1047,0.255615234375,-43.238259426670794,-1.3629607099067957,-0.2382730652547025,0.0018995385811422238
1048,0.255859375,-43.16750834885276,-1.3457566412684703,-0.23804862562218432,0.0018949723096852722
1049,0.256103515625,-43.09675727103474,-1.328552572630147,-0.2378241859896093,0.0018904060382283205
1050,0.25634765625,-43.02600619321673,-1.3113485039918242,-0.23759974635709113,0.0018858397667713689
1051,0.256591796875,-42.9552551153987,-1.2941444353534985,-0.23737530672451612,0.0018812734953144172
1052,0.2568359375,-42.88450403758068,-1.2769403667151757,-0.23715086709199795,0.0018767072238574656
1053,0.257080078125,-42.81375295976265,-1.25973629807685,-0.23692642745942294,0.001872140952400514
1054,0.25732421875,-42.74300188194464,-1.2425322294385273,-0.23670198782690477,0.0018675746809435623
1055,0.257568359375,-42.67225080412662,-1.2253281608002042,-0.23647754819432976,0.0018630084094866106
1056,0.2578125,-42.601499726308596,-1.2081240921618788,-0.2362531085618116,0.001858442138029659
1057,0.258056640625,-42.53074864849057,-1.1909200235235555,-0.23602866892923657,0.0018538758665727073
1058,0.25830078125,-42.45999757067254,-1.17371595488523,-0.2358042292967184,0.0018493095951157557
1059,0.258544921875,-42.38924649285453,-1.1565118862469073,-0.2355797896641434,0.001844743323658804
1060,0.2587890625,-42.318495415036516,-1.139307817608584,-0.23535535003162522,0.0018401770522018523
1061,0.259033203125,-42.247744337218485,-1.1221037489702588,-0.2351309103990502,0.0018356107807449007
1062,0.25927734375,-42.176993259400476,-1.1048996803319355,-0.23490647076653204,0.001831044509287949
1063,0.259521484375,-42.10650606121619,-1.0888224092660204,-0.23467853315418097,0.0018253244716106565
1064,0.259765625,-42.03619478278774,-1.0734963365817138,-0.23444826355523674,0.0018188352565289279
1065,0.260009765625,-41.96588350435929,-1.0581702638974073,-0.23421799395634935,0.0018123460413903558
1066,0.26025390625,-41.89557222593083,-1.042844191213099,-0.23398772435746196,0.0018058568263086272
1067,0.260498046875,-41.82526094750239,-1.0275181185287925,-0.23375745475857457,0.0017993676111700552
1068,0.2607421875,-41.75494966907393,-1.012192045844484,-0.23352718515968718,0.0017928783960314831
1069,0.260986328125,-41.68463839064548,-0.9968659731601774,-0.2332969155607998,0.0017863891809497545
1070,0.26123046875,-41.61432711221705,-0.9815399004758713,-0.2330666459619124,0.0017798999658111825
1071,0.261474609375,-41.544015833788585,-0.9662138277915625,-0.23283637636296817,0.0017734107507294539
1072,0.26171875,-41.473704555360136,-0.9508877551072561,-0.23260610676408078,0.0017669215355908818
1073,0.261962890625,-41.40339327693169,-0.9355616824229476,-0.2323758371651934,0.0017604323205091532
1074,0.26220703125,-41.33308199850324,-0.9202356097386413,-0.232145567566306,0.0017539431053705812
1075,0.262451171875,-41.26277072007479,-0.9049095370543346,-0.2319152979674186,0.0017474538902320091
1076,0.2626953125,-41.19245944164634,-0.8895834643700262,-0.23168502836853122,0.0017409646751502805
1077,0.262939453125,-41.122148163217894,-0.8742573916857198,-0.23145475876964383,0.0017344754600117085
1078,0.26318359375,-41.05183688478944,-0.8589313190014113,-0.2312244891706996,0.0017279862449299799
1079,0.263427734375,-40.981525606361,-0.8436052463171048,-0.2309942195718122,0.0017214970297914078
1080,0.263671875,-40.91121432793254,-0.8282791736327983,-0.23076394997292482,0.0017150078147096792
1081,0.263916015625,-40.84090304950409,-0.8129531009484899,-0.23053368037403743,0.0017085185995711072
1082,0.26416015625,-40.770591771075644,-0.7976270282641834,-0.23030341077515004,0.0017020293844325352
1083,0.264404296875,-40.70028049264719,-0.7823009555798749,-0.23007314117626265,0.0016955401693508065
1084,0.2646484375,-40.62996921421874,-0.7669748828955685,-0.22984287157737526,0.0016890509542122345
1085,0.264892578125,-40.5596579357903,-0.7516488102112622,-0.22961260197843103,0.0016825617391305059
1086,0.26513671875,-40.48934665736184,-0.7363227375269535,-0.22938233237954364,0.0016760725239919338
1087,0.265380859375,-40.419035378933394,-0.7209966648426471,-0.22915206278065625,0.0016695833089102052
1088,0.265625,-40.34872410050493,-0.7056705921583388,-0.22892179318176886,0.0016630940937716332
1089,0.265869140625,-40.27911965669135,-0.6922587560338092,-0.22868630577306703,0.0016552040693227354
1090,0.26611328125,-40.20951521287776,-0.6788469199092794,-0.2284508183643652,0.0016473140448738377
1091,0.266357421875,-40.139910769064166,-0.6654350837847478,-0.22821533095566338,0.00163942402042494
1092,0.2666015625,-40.07030632525058,-0.6520232476602182,-0.22797984354696155,0.0016315339959760422
1093,0.266845703125,-40.00070188143698,-0.6386114115356866,-0.22774435613825972,0.0016236439715271445
1094,0.26708984375,-39.93109743762339,-0.6251995754111568,-0.2275088687295579,0.0016157539470782467
1095,0.267333984375,-39.861492993809804,-0.6117877392866271,-0.22727338132079922,0.001607863922629349
1096,0.267578125,-39.7918885499962,-0.5983759031620955,-0.2270378939120974,0.0015999738982372946
1097,0.267822265625,-39.72228410618261,-0.584964067037566,-0.22680240650339556,0.0015920838737883969
1098,0.26806640625,-39.65267966236901,-0.5715522309130342,-0.22656691909469373,0.0015841938493394991
1099,0.268310546875,-39.58307521855543,-0.5581403947885045,-0.2263314316859919,0.0015763038248906014
1100,0.2685546875,-39.51347077474183,-0.5447285586639748,-0.22609594427729007,0.0015684138004417036
1101,0.268798828125,-39.44386633092824,-0.5313167225394432,-0.22586045686858824,0.001560523775992806
1102,0.26904296875,-39.37426188711465,-0.5179048864149135,-0.22562496945988642,0.0015526337515439081
1103,0.269287109375,-39.304657443301046,-0.5044930502903819,-0.2253894820511846,0.0015447437270950104
1104,0.26953125,-39.235052999487465,-0.4910812141658522,-0.22515399464248276,0.0015368537026461127
1105,0.269775390625,-39.165448555673876,-0.47766937804132253,-0.22491850723378093,0.001528963678197215
1106,0.27001953125,-39.09584411186027,-0.464257541916791,-0.2246830198250791,0.0015210736537483172
1107,0.270263671875,-39.026239668046685,-0.45084570579226124,-0.22444753241637727,0.0015131836292994194
1108,0.2705078125,-38.956635224233096,-0.4374338696677296,-0.2242120450076186,0.0015052936048505217
1109,0.270751953125,-38.88703078041951,-0.42402203354319995,-0.22397655759891677,0.001497403580401624
1110,0.27099609375,-38.81742633660591,-0.4106101974186703,-0.22374107019021494,0.0014895135560095696
1111,0.271240234375,-38.74782189279232,-0.3971983612941387,-0.2235055827815131,0.0014816235315606718
1112,0.271484375,-38.67821744897873,-0.383786525169609,-0.22327009537281128,0.001473733507111774
1113,0.271728515625,-38.608613005165125,-0.37037468904507737,-0.22303460796410945,0.0014658434826628763
1114,0.27197265625,-38.53938426681705,-0.35771773607925444,-0.22279729427549455,0.0014575757620036711
1115,0.272216796875,-38.47071908666722,-0.3461931078514918,-0.22255724116689635,0.0014487414971426915
1116,0.2724609375,-38.40205390651739,-0.33466847962372764,-0.222317188058355,0.0014399072322248685
1117,0.272705078125,-38.33338872636756,-0.323143851395965,-0.22207713494981363,0.0014310729673070455
1118,0.27294921875,-38.26472354621773,-0.31161922316820084,-0.22183708184127227,0.0014222387024460659
1119,0.273193359375,-38.1960583660679,-0.30009459494043816,-0.22159702873267406,0.0014134044375282429
1120,0.2734375,-38.12739318591808,-0.2885699667126756,-0.2213569756241327,0.0014045701726672633
1121,0.273681640625,-38.058728005768245,-0.27704533848491136,-0.22111692251559134,0.0013957359077494402
1122,0.27392578125,-37.99006282561842,-0.2655207102571488,-0.22087686940704998,0.0013869016428316172
1123,0.274169921875,-37.92139764546859,-0.2539960820293845,-0.22063681629845178,0.0013780673779706376
1124,0.2744140625,-37.85273246531876,-0.24247145380162194,-0.22039676318991042,0.0013692331130528146
1125,0.274658203125,-37.784067285168945,-0.23094682557385937,-0.22015671008136906,0.0013603988481349916
1126,0.27490234375,-37.7154021050191,-0.21942219734609514,-0.21991665697277085,0.001351564583274012
1127,0.275146484375,-37.64673692486928,-0.2078975691183326,-0.2196766038642295,0.001342730318356189
1128,0.275390625,-37.578071744719445,-0.19637294089056834,-0.21943655075568813,0.001333896053438366
1129,0.275634765625,-37.50940656456962,-0.18484831266280577,-0.21919649764714677,0.0013250617885773863
1130,0.27587890625,-37.440741384419795,-0.17332368443504315,-0.2189564445386054,0.0013162275236595633
1131,0.276123046875,-37.37207620426996,-0.16179905620727894,-0.2187163914300072,0.0013073932587417403
1132,0.2763671875,-37.30341102412014,-0.15027442797951635,-0.21847633832146585,0.0012985589938807607
1133,0.276611328125,-37.2347458439703,-0.13874979975175214,-0.21823628521292449,0.0012897247289629377
1134,0.27685546875,-37.16608066382048,-0.12722517152398952,-0.21799623210432628,0.001280890464101958
1135,0.277099609375,-37.09741548367065,-0.11570054329622692,-0.21775617899578492,0.001272056199184135
1136,0.27734375,-37.028750303520816,-0.1041759150684627,-0.21751612588724356,0.001263221934266312
1137,0.277587890625,-36.960085123370995,-0.09265128684070012,-0.2172760727787022,0.0012543876694053324
1138,0.27783203125,-36.89141994322116,-0.08112665861293591,-0.217036019670104,0.0012455534044875094
1139,0.278076171875,-36.82275476307134,-0.06960203038517328,-0.21679596656156264,0.0012367191395696864
1140,0.2783203125,-36.755001584354815,-0.059527035293966545,-0.216552800931197,0.0012274434021151137
1141,0.278564453125,-36.68747640599661,-0.04981444848689738,-0.21630885717036108,0.0012180572964552994
1142,0.27880859375,-36.619951227638424,-0.04010186167982959,-0.21606491340952516,0.001208671190795485
1143,0.279052734375,-36.55242604928021,-0.03038927487276042,-0.21582096964868924,0.001199285085192514
1144,0.279296875,-36.48490087092202,-0.020676688065692634,-0.21557702588785332,0.0011898989795326997
1145,0.279541015625,-36.41737569256382,-0.010964101258624842,-0.2153330821270174,0.0011805128738728854
1146,0.27978515625,-36.34985051420562,-0.0012515144515556742,-0.21508913836612464,0.0011711267682699145
1147,0.280029296875,-36.282325335847425,0.00846107235551211,-0.21484519460528873,0.0011617406626101001
1148,0.2802734375,-36.21480015748922,0.018173659162581277,-0.2146012508444528,0.0011523545569502858
1149,0.280517578125,-36.14727497913103,0.027886245969649073,-0.2143573070836169,0.0011429684513473148
1150,0.28076171875,-36.07974980077284,0.037598832776716856,-0.21411336332278097,0.0011335823456875005
1151,0.281005859375,-36.012224622414635,0.04731141958378602,-0.21386941956194505,0.0011241962400276861
1152,0.28125,-35.94469944405644,0.057024006390853824,-0.21362547580110913,0.0011148101343678718
1153,0.281494140625,-35.87717426569824,0.06673659319792298,-0.21338153204027321,0.0011054240287649009
1154,0.28173828125,-35.809649087340034,0.07644918000499078,-0.2131375882794373,0.0010960379231050865
1155,0.281982421875,-35.742123908981846,0.08616176681205856,-0.21289364451860138,0.0010866518174452722
1156,0.2822265625,-35.67459873062364,0.09587435361912773,-0.21264970075776546,0.0010772657118423012
1157,0.282470703125,-35.60707355226545,0.10558694042619551,-0.21240575699692954,0.001067879606182487
1158,0.28271484375,-35.53954837390725,0.11529952723326468,-0.21216181323609362,0.0010584935005226725
1159,0.282958984375,-35.47202319554905,0.12501211404033247,-0.21191786947520086,0.0010491073949197016
1160,0.283203125,-35.40449801719086,0.13472470084740026,-0.21167392571436494,0.0010397212892598873
1161,0.283447265625,-35.33697283883266,0.14443728765446945,-0.21142998195352902,0.001030335183600073
1162,0.28369140625,-35.26944766047446,0.15414987446153722,-0.2111860381926931,0.001020949077997102
1163,0.283935546875,-35.20192248211625,0.16386246126860643,-0.21094209443185719,0.0010115629723372876
1164,0.2841796875,-35.13439730375806,0.17357504807567417,-0.21069815067102127,0.0010021768666774733
1165,0.284423828125,-35.067134491432995,0.1829472719837215,-0.21045356499718082,0.0009927466178965005
1166,0.28466796875,-35.00092114324045,0.19095804429568927,-0.21020641167120857,0.0009831397965740507
1167,0.284912109375,-34.934707795047906,0.19896881660765592,-0.20995925834523632,0.0009735329751947575
1168,0.28515625,-34.86849444685535,0.2069795889196237,-0.20971210501926407,0.0009639261538154642
1169,0.285400390625,-34.8022810986628,0.21499036123159035,-0.20946495169329182,0.000954319332436171
1170,0.28564453125,-34.736067750470255,0.2230011335435569,-0.20921779836731957,0.0009447125111137211
1171,0.285888671875,-34.6698544022777,0.23101190585552475,-0.20897064504134732,0.0009351056897344279
1172,0.2861328125,-34.60364105408516,0.23902267816749137,-0.20872349171537508,0.0009254988683551346
1173,0.286376953125,-34.537427705892604,0.24703345047945913,-0.20847633838940283,0.0009158920470326848
1174,0.28662109375,-34.471214357700056,0.25504422279142575,-0.20822918506343058,0.0009062852256533915
1175,0.286865234375,-34.405001009507515,0.26305499510339236,-0.20798203173745833,0.0008966784042740983
1176,0.287109375,-34.33878766131496,0.2710657674153602,-0.20773487841154292,0.000887071582894805
1177,0.287353515625,-34.27257431312242,0.2790765397273268,-0.20748772508557067,0.0008774647615723552
1178,0.28759765625,-34.20636096492986,0.2870873120392946,-0.20724057175959842,0.000867857940193062
1179,0.287841796875,-34.14014761673732,0.29509808435126117,-0.20699341843362618,0.0008582511188137687
1180,0.2880859375,-34.073934268544775,0.3031088566632278,-0.20674626510765393,0.0008486442974913189
1181,0.288330078125,-34.00772092035222,0.31111962897519563,-0.20649911178168168,0.0008390374761120256
1182,0.28857421875,-33.94150757215967,0.3191304012871623,-0.20625195845570943,0.0008294306547327324
1183,0.288818359375,-33.875294223967124,0.32714117359913003,-0.20600480512973718,0.0008198238333534391
1184,0.2890625,-33.809080875774576,0.33515194591109665,-0.20575765180376493,0.0008102170120309893
1185,0.289306640625,-33.742867527582035,0.3431627182230632,-0.20551049847779268,0.000800610190651696
1186,0.28955078125,-33.67665417938948,0.35117349053503105,-0.20526334515182043,0.0007910033692724028
1187,0.289794921875,-33.61044083119693,0.3591842628469977,-0.20501619182590503,0.000781396547949953
1188,0.2900390625,-33.54422748300438,0.3671950351589655,-0.20476903849993278,0.0007717897265706597
1189,0.290283203125,-33.478014134811836,0.37520580747093213,-0.20452188517396053,0.0007621829051913664
1190,0.29052734375,-33.411800786619295,0.38321657978289875,-0.20427473184798828,0.0007525760838120732
1191,0.290771484375,-33.34646184468797,0.3902867605170493,-0.2040260554804263,0.000743001130842913
1192,0.291015625,-33.28170584026416,0.39672988019932076,-0.20377636375178554,0.0007334474233857691
1193,0.291259765625,-33.21694983584033,0.40317299988159316,-0.20352667202314478,0.0007238937159854686
1194,0.29150390625,-33.15219383141652,0.4096161195638645,-0.20327698029456087,0.0007143400085283247
1195,0.291748046875,-33.0874378269927,0.41605923924613597,-0.20302728856592012,0.0007047863011280242
1196,0.2919921875,-33.02268182256888,0.4225023589284083,-0.20277759683727936,0.0006952325936708803
1197,0.292236328125,-32.95792581814506,0.4289454786106798,-0.20252790510869545,0.0006856788862705798
1198,0.29248046875,-32.89316981372124,0.4353885982929522,-0.2022782133800547,0.0006761251788134359
1199,0.292724609375,-32.82841380929742,0.44183171797522364,-0.20202852165141394,0.000666571471356292
1200,0.29296875,-32.76365780487361,0.44827483765749504,-0.20177882992283003,0.0006570177639559915
1201,0.293212890625,-32.69890180044978,0.4547179573397674,-0.20152913819418927,0.0006474640564988476
1202,0.29345703125,-32.63414579602596,0.46116107702203885,-0.20127944646554852,0.0006379103490985472
1203,0.293701171875,-32.56938979160214,0.46760419670431114,-0.2010297547369646,0.0006283566416414033
1204,0.2939453125,-32.50463378717832,0.4740473163865826,-0.20078006300832385,0.0006188029342411028
1205,0.294189453125,-32.43987778275451,0.48049043606885405,-0.2005303712796831,0.0006092492267839589
1206,0.29443359375,-32.37512177833068,0.48693355575112646,-0.20028067955109918,0.0005996955193836584
1207,0.294677734375,-32.31036577390687,0.49337667543339786,-0.20003098782245843,0.0005901418119265145
1208,0.294921875,-32.245609769483046,0.4998197951156702,-0.19978129609381767,0.0005805881044693706
1209,0.295166015625,-32.180853765059226,0.5062629147979416,-0.19953160436523376,0.0005710343970690701
1210,0.29541015625,-32.116097760635405,0.512706034480213,-0.199281912636593,0.0005614806896119262
1211,0.295654296875,-32.051341756211585,0.5191491541624854,-0.19903222090795225,0.0005519269822116257
1212,0.2958984375,-31.986585751787768,0.5255922738447568,-0.19878252917936834,0.0005423732747544818
1213,0.296142578125,-31.921829747363944,0.5320353935270293,-0.19853283745072758,0.0005328195673541813
1214,0.29638671875,-31.85707374294013,0.5384785132093006,-0.19828314572208683,0.0005232658598970374
1215,0.296630859375,-31.79231773851631,0.5449216328915721,-0.19803345399350292,0.000513712152496737
1216,0.296875,-31.727561734092486,0.5513647525738443,-0.19778376226486216,0.0005041584450395931
1217,0.297119140625,-31.66438462267359,0.5563890119457466,-0.19753217900631626,0.0004948790973458017
1218,0.29736328125,-31.601207511254685,0.56141327131765,-0.19728059574777035,0.0004855997497088538
1219,0.297607421875,-31.538030399835787,0.5664375306895524,-0.19702901248922444,0.00047632040201506243
1220,0.2978515625,-31.474853288416885,0.5714617900614548,-0.19677742923067854,0.0004670410543212711
1221,0.298095703125,-31.411676176997982,0.5764860494333579,-0.19652584597213263,0.0004577617066274797
1222,0.29833984375,-31.348499065579084,0.5815103088052603,-0.19627426271358672,0.0004484823589905318
1223,0.298583984375,-31.285321954160178,0.5865345681771635,-0.19602267945504082,0.00043920301129674044
1224,0.298828125,-31.222144842741276,0.591558827549066,-0.1957710961964949,0.0004299236636029491
1225,0.299072265625,-31.15896773132238,0.5965830869209684,-0.195519512937949,0.00042064431596600116
1226,0.29931640625,-31.095790619903475,0.6016073462928717,-0.1952679296794031,0.0004113649682722098
1227,0.299560546875,-31.032613508484577,0.6066316056647741,-0.1950163464208572,0.00040208562057841846
1228,0.2998046875,-30.96943639706567,0.6116558650366772,-0.19476476316231128,0.0003928062729414705
1229,0.300048828125,-30.906259285646772,0.6166801244085797,-0.19451317990376538,0.0003835269252476792
1230,0.30029296875,-30.843082174227877,0.6217043837804822,-0.19426159664521947,0.0003742475775538878
1231,0.300537109375,-30.779905062808968,0.6267286431523853,-0.19401001338667356,0.00036496822986009647
1232,0.30078125,-30.716727951390077,0.6317529025242877,-0.19375843012812766,0.00035568888222314854
1233,0.301025390625,-30.653550839971164,0.6367771618961909,-0.19350684686958175,0.0003464095345293572
1234,0.30126953125,-30.590373728552272,0.6418014212680934,-0.19325526361103584,0.00033713018683556584
1235,0.301513671875,-30.52719661713337,0.6468256806399958,-0.19300368035248994,0.0003278508391986179
1236,0.3017578125,-30.464019505714464,0.651849940011899,-0.19275209709394403,0.00031857149150482655
1237,0.302001953125,-30.40084239429557,0.6568741993838014,-0.19250051383539812,0.0003092921438110352
1238,0.30224609375,-30.337665282876664,0.6618984587557045,-0.19224893057685222,0.00030001279617408727
1239,0.302490234375,-30.27448817145776,0.6669227181276071,-0.1919973473183063,0.0002907334484802959
1240,0.302734375,-30.211311060038867,0.6719469774995095,-0.1917457640597604,0.00028145410078650457
1241,0.302978515625,-30.14813394861996,0.6769712368714127,-0.1914941808012145,0.0002721747530927132
1242,0.30322265625,-30.085628273849782,0.6814902692535466,-0.19124208505263596,0.000263074673682695
1243,0.303466796875,-30.024129754052684,0.6852514611510282,-0.19098922056895162,0.00025424349666991475
1244,0.3037109375,-29.962631234255593,0.6890126530485093,-0.1907363560852673,0.0002454123196571345
1245,0.303955078125,-29.901132714458498,0.6927738449459903,-0.19048349160158295,0.00023658114258751084
1246,0.30419921875,-29.839634194661397,0.696535036843472,-0.19023062711795546,0.0002277499655747306
1247,0.304443359375,-29.778135674864302,0.7002962287409531,-0.18997776263427113,0.00021891878856195035
1248,0.3046875,-29.716637155067204,0.7040574206384347,-0.1897248981505868,0.0002100876114923267
1249,0.304931640625,-29.655138635270113,0.7078186125359158,-0.18947203366690246,0.00020125643447954644
1250,0.30517578125,-29.593640115473022,0.7115798044333969,-0.18921916918321813,0.0001924252574667662
1251,0.305419921875,-29.532141595675917,0.7153409963308786,-0.18896630469959064,0.00018359408039714253
1252,0.3056640625,-29.470643075878826,0.7191021882283595,-0.1887134402159063,0.0001747629033843623
1253,0.305908203125,-29.409144556081728,0.7228633801258412,-0.18846057573222197,0.00016593172637158204
1254,0.30615234375,-29.347646036284633,0.7266245720233222,-0.18820771124853763,0.00015710054930195838
1255,0.306396484375,-29.286147516487542,0.7303857639208035,-0.18795484676491014,0.00014826937228917814
1256,0.306640625,-29.224648996690437,0.7341469558182849,-0.1877019822812258,0.0001394381952763979
1257,0.306884765625,-29.163150476893346,0.7379081477157661,-0.18744911779754148,0.00013060701820677423
1258,0.30712890625,-29.101651957096248,0.7416693396132477,-0.18719625331385714,0.00012177584119399398
1259,0.307373046875,-29.040153437299153,0.7454305315107287,-0.1869433888301728,0.00011294466418121374
1260,0.3076171875,-28.978654917502062,0.7491917234082098,-0.18669052434654532,0.00010411348711159008
1261,0.307861328125,-28.917156397704957,0.7529529153056914,-0.18643765986286098,9.528231009880983e-05
1262,0.30810546875,-28.855657877907866,0.7567141072031726,-0.18618479537917665,8.645113308602959e-05
1263,0.308349609375,-28.794159358110768,0.7604752991006541,-0.18593193089549231,7.761995601640592e-05
1264,0.30859375,-28.732660838313677,0.7642364909981352,-0.18567906641180798,6.878877900362568e-05
1265,0.308837890625,-28.671162318516583,0.7679976828956163,-0.1854262019281805,5.995760199084543e-05
1266,0.30908203125,-28.609663798719485,0.7717588747930978,-0.18517333744449616,5.112642492122177e-05
1267,0.309326171875,-28.548165278922387,0.775520066690579,-0.18492047296081182,4.2295247908441524e-05
1268,0.3095703125,-28.488073414231152,0.7783961476309631,-0.18466703457545464,3.392798316781409e-05
1269,0.309814453125,-28.428333213316396,0.7810509508320728,-0.1844134527146366,2.5676696509435715e-05
1270,0.31005859375,-28.36859301240163,0.7837057540331823,-0.18415987085381857,1.742540985105734e-05
1271,0.310302734375,-28.308852811486858,0.7863605572342923,-0.1839062889930574,9.174123192678962e-06
1272,0.310546875,-28.249112610572094,0.789015360435402,-0.18365270713223936,9.228365343005862e-07
1273,0.310791015625,-28.18937240965732,0.7916701636365119,-0.18339912527142133,-7.32845012407779e-06
1274,0.31103515625,-28.129632208742564,0.7943249668376213,-0.1831455434106033,-1.5579736725612747e-05
1275,0.311279296875,-28.069892007827796,0.796979770038731,-0.1828919615498421,-2.3831023383991123e-05
1276,0.3115234375,-28.010151806913026,0.799634573239841,-0.18263837968902408,-3.20823100423695e-05
1277,0.311767578125,-27.950411605998262,0.8022893764409507,-0.18238479782820605,-4.0333596700747876e-05
1278,0.31201171875,-27.89067140508349,0.8049441796420606,-0.18213121596738802,-4.858488335912625e-05
1279,0.312255859375,-27.83093120416873,0.8075989828431701,-0.18187763410662683,-5.683617001750463e-05
1280,0.3125,-27.771191003253968,0.8102537860442797,-0.1816240522458088,-6.5087456675883e-05
1281,0.31274414062499994,-27.7114508023392,0.8129085892453893,-0.18137047038499077,-7.333874333426138e-05
1282,0.31298828125,-27.651710601424423,0.8155633924464996,-0.18111688852422958,-8.159002999263976e-05
1283,0.313232421875,-27.59197040050966,0.8182181956476092,-0.18086330666341155,-8.984131665101813e-05
1284,0.3134765625,-27.532230199594895,0.8208729988487188,-0.18060972480259352,-9.809260330939651e-05
1285,0.313720703125,-27.472489998680135,0.8235278020498285,-0.1803561429417755,-0.00010634388996777489
1286,0.31396484374999994,-27.41274979776537,0.8261826052509381,-0.1801025610810143,-0.00011459517662615326
1287,0.314208984375,-27.35300959685059,0.8288374084520483,-0.17984897922019627,-0.00012284646322768822
1288,0.314453125,-27.29326939593583,0.8314922116531578,-0.17959539735937824,-0.0001310977498860666
1289,0.314697265625,-27.233529195021067,0.8341470148542675,-0.1793418154985602,-0.00013934903654444497
1290,0.31494140625,-27.173788994106303,0.8368018180553771,-0.17908823363779902,-0.00014760032320282335
1291,0.31518554687499994,-27.11404879319154,0.8394566212564868,-0.178834651776981,-0.00015585160986120172
1292,0.3154296875,-27.05430859227676,0.842111424457597,-0.17858106991616296,-0.0001641028965195801
1293,0.315673828125,-26.99493234017332,0.8445755100319577,-0.1783274465835234,-0.00017221921058307998
1294,0.31591796875,-26.9370118833152,0.8462767250993226,-0.17807365736354086,-0.00017979563432390933
1295,0.316162109375,-26.879091426457073,0.8479779401666876,-0.17781986814350148,-0.00018737205800789525
1296,0.31640624999999994,-26.821170969598953,0.8496791552340524,-0.17756607892351894,-0.0001949484817487246
1297,0.316650390625,-26.76325051274081,0.8513803703014178,-0.17731228970347956,-0.00020252490548955393
1298,0.31689453125,-26.705330055882683,0.8530815853687825,-0.17705850048349703,-0.00021010132917353985
1299,0.317138671875,-26.64740959902456,0.8547828004361474,-0.17680471126345765,-0.0002176777529143692
1300,0.3173828125,-26.589489142166435,0.8564840155035122,-0.1765509220434751,-0.00022525417659835512
1301,0.31762695312499994,-26.53156868530831,0.8581852305708771,-0.17629713282343573,-0.00023283060033918446
1302,0.31787109375,-26.47364822845017,0.8598864456382423,-0.1760433436034532,-0.0002404070240800138
1303,0.318115234375,-26.415727771592042,0.8615876607056073,-0.17578955438347066,-0.0002479834477639997
1304,0.318359375,-26.357807314733922,0.863288875772972,-0.17553576516343128,-0.00025555987150482906
1305,0.318603515625,-26.299886857875794,0.864990090840337,-0.17528197594344874,-0.0002631362952456584
1306,0.31884765624999994,-26.24196640101767,0.8666913059077017,-0.17502818672340936,-0.0002707127189296443
1307,0.319091796875,-26.18404594415953,0.8683925209750671,-0.17477439750342683,-0.00027828914267047367
1308,0.3193359375,-26.1261254873014,0.8700937360424319,-0.17452060828338745,-0.0002858655663544596
1309,0.319580078125,-26.06820503044328,0.8717949511097969,-0.1742668190634049,-0.00029344199009528893
1310,0.31982421875,-26.010284573585153,0.8734961661771616,-0.17401302984336553,-0.00030101841383611827
1311,0.32006835937499994,-25.952364116727033,0.8751973812445265,-0.173759240623383,-0.0003085948375201042
1312,0.3203125,-25.89444365986889,0.8768985963118918,-0.1735054514033436,-0.00031617126126093353
1313,0.320556640625,-25.836523203010763,0.8785998113792567,-0.17325166218336108,-0.0003237476850017629
1314,0.32080078125,-25.77860274615264,0.8803010264466214,-0.17299787296337854,-0.0003313241086857488
1315,0.321044921875,-25.720682289294515,0.8820022415139864,-0.17274408374333916,-0.00033890053242657814
1316,0.32128906249999994,-25.66276183243639,0.8837034565813512,-0.17249029452335662,-0.00034647695611056406
1317,0.321533203125,-25.60484137557825,0.8854046716487165,-0.17223650530331724,-0.0003540533798513934
1318,0.32177734375,-25.546920918720122,0.8871058867160814,-0.1719827160833347,-0.00036162980359222274
1319,0.322021484375,-25.490119075160248,0.8883221547160176,-0.17172907322878928,-0.0003687632589617351
1320,0.322265625,-25.434062973799197,0.8892151246710013,-0.1714755279513156,-0.00037560140208370285
1321,0.32250976562499994,-25.378006872438153,0.8901080946259852,-0.17122198267378508,-0.0003824395452056706
1322,0.32275390625,-25.321950771077095,0.8910010645809693,-0.17096843739625456,-0.0003892776883276383
1323,0.322998046875,-25.265894669716047,0.891894034535953,-0.17071489211872404,-0.00039611583144960605
1324,0.3232421875,-25.209838568355003,0.8927870044909368,-0.17046134684125036,-0.0004029539745715738
1325,0.323486328125,-25.153782466993952,0.8936799744459205,-0.17020780156371984,-0.0004097921176935415
1326,0.32373046874999994,-25.097726365632912,0.8945729444009044,-0.16995425628618932,-0.00041663026081550925
1327,0.323974609375,-25.04167026427185,0.8954659143558883,-0.1697007110086588,-0.000423468403937477
1328,0.32421875,-24.985614162910803,0.8963588843108722,-0.16944716573118512,-0.0004303065470594447
1329,0.324462890625,-24.929558061549763,0.8972518542658559,-0.1691936204536546,-0.00043714469018141244
1330,0.32470703125,-24.87350196018871,0.8981448242208397,-0.16894007517612408,-0.0004439828333033802
1331,0.32495117187499994,-24.817445858827668,0.8990377941758234,-0.1686865298986504,-0.0004508209764253479
1332,0.3251953125,-24.761389757466606,0.8999307641308075,-0.16843298462111989,-0.00045765911954731564
1333,0.325439453125,-24.705333656105562,0.9008237340857914,-0.16817943934358937,-0.00046449726266928337
1334,0.32568359375,-24.649277554744515,0.9017167040407751,-0.16792589406605885,-0.0004713354057912511
1335,0.325927734375,-24.593221453383467,0.902609673995759,-0.16767234878858517,-0.00047817354891321884
1336,0.32617187499999994,-24.537165352022424,0.9035026439507426,-0.16741880351105465,-0.00048501169203518657
1337,0.326416015625,-24.481109250661362,0.9043956139057268,-0.16716525823352413,-0.0004918498351571543
1338,0.32666015625,-24.425053149300318,0.9052885838607106,-0.1669117129559936,-0.000498687978279122
1339,0.326904296875,-24.36899704793927,0.9061815538156943,-0.16665816767851993,-0.0005055261214010898
1340,0.3271484375,-24.312940946578223,0.9070745237706782,-0.1664046224009894,-0.0005123642645230575
1341,0.32739257812499994,-24.25688484521718,0.9079674937256619,-0.1661510771234589,-0.0005192024076450252
1342,0.32763671875,-24.200828743856118,0.908860463680646,-0.16589753184592837,-0.000526040550766993
1343,0.327880859375,-24.14477264249507,0.9097534336356298,-0.1656439865684547,-0.0005328786938889607
1344,0.328125,-24.088716541134026,0.9106464035906136,-0.16539044129092417,-0.0005397168370109284
1345,0.328369140625,-24.034553931319618,0.9108664574927348,-0.16513752998918108,-0.000545779910339661
1346,0.32861328124999994,-23.98039132150521,0.9110865113948561,-0.16488461868743798,-0.0005518429836115502
1347,0.328857421875,-23.926228711690786,0.9113065652969774,-0.16463170738569488,-0.0005579060569402827
1348,0.3291015625,-23.87206610187638,0.9115266191990986,-0.16437879608395178,-0.0005639691302690153
1349,0.329345703125,-23.817903492061973,0.9117466731012199,-0.16412588478226553,-0.0005700322035977479
1350,0.32958984375,-23.76374088224756,0.9119667270033411,-0.16387297348052243,-0.000576095276869637
1351,0.32983398437499994,-23.709578272433156,0.9121867809054622,-0.16362006217877934,-0.0005821583501983696
1352,0.330078125,-23.655415662618733,0.9124068348075837,-0.16336715087703624,-0.0005882214235271022
1353,0.330322265625,-23.60125305280432,0.9126268887097048,-0.16311423957529314,-0.0005942844967989913
1354,0.33056640625,-23.547090442989916,0.912846942611826,-0.16286132827355004,-0.0006003475701277239
1355,0.330810546875,-23.492927833175507,0.9130669965139473,-0.16260841697180695,-0.0006064106434564565
1356,0.33105468749999994,-23.438765223361095,0.9132870504160686,-0.16235550567006385,-0.000612473716785189
1357,0.331298828125,-23.384602613546672,0.9135071043181898,-0.16210259436832075,-0.0006185367900570782
1358,0.33154296875,-23.330440003732267,0.913727158220311,-0.1618496830666345,-0.0006245998633858107
1359,0.331787109375,-23.27627739391786,0.9139472121224324,-0.1615967717648914,-0.0006306629367145433
1360,0.33203125,-23.222114784103454,0.9141672660245537,-0.1613438604631483,-0.0006367260099864325
1361,0.33227539062499994,-23.16795217428904,0.914387319926675,-0.1610909491614052,-0.000642789083315165
1362,0.33251953125,-23.11378956447462,0.9146073738287961,-0.1608380378596621,-0.0006488521566438976
1363,0.332763671875,-23.05962695466021,0.9148274277309174,-0.160585126557919,-0.0006549152299726302
1364,0.3330078125,-23.005464344845805,0.9150474816330387,-0.16033221525617591,-0.0006609783032445193
1365,0.333251953125,-22.951301735031397,0.9152675355351597,-0.16007930395443282,-0.0006670413765732519
1366,0.33349609374999994,-22.897139125216988,0.915487589437281,-0.15982639265268972,-0.0006731044499019845
1367,0.333740234375,-22.842976515402565,0.9157076433394024,-0.15957348135100347,-0.0006791675231738736
1368,0.333984375,-22.788813905588157,0.9159276972415237,-0.15932057004926037,-0.0006852305965026062
1369,0.334228515625,-22.734651295773745,0.9161477511436448,-0.15906765874751727,-0.0006912936698313388
1370,0.33447265625,-22.68125203415211,0.916148089338745,-0.15881513235672173,-0.0006970408192046307
1371,0.33471679687499994,-22.62899779481963,0.9158188539733139,-0.15856318333237596,-0.0007023140827868701
1372,0.3349609375,-22.576743555487134,0.9154896186078822,-0.15831123430803018,-0.0007075873463122662
1373,0.335205078125,-22.52448931615465,0.9151603832424509,-0.1580592852836844,-0.0007128606098376622
1374,0.33544921875,-22.472235076822166,0.9148311478770197,-0.15780733625933863,-0.0007181338734199016
1375,0.335693359375,-22.41998083748969,0.9145019125115882,-0.15755538723499285,-0.0007234071369452977
1376,0.33593749999999994,-22.367726598157205,0.9141726771461569,-0.15730343821064707,-0.0007286804004706937
1377,0.336181640625,-22.31547235882471,0.9138434417807255,-0.15705148918624445,-0.0007339536640529332
1378,0.33642578125,-22.263218119492233,0.9135142064152941,-0.15679954016189868,-0.0007392269275783292
1379,0.336669921875,-22.21096388015975,0.9131849710498627,-0.1565475911375529,-0.0007445001911037252
1380,0.3369140625,-22.158709640827272,0.9128557356844312,-0.15629564211320712,-0.0007497734546859647
1381,0.33715820312499994,-22.106455401494788,0.912526500319,-0.15604369308886135,-0.0007550467182113607
1382,0.33740234375,-22.05420116216229,0.9121972649535686,-0.15579174406451557,-0.0007603199817367567
1383,0.337646484375,-22.00194692282981,0.9118680295881372,-0.1555397950401698,-0.0007655932452621528
1384,0.337890625,-21.94969268349733,0.9115387942227059,-0.15528784601582402,-0.0007708665088443922
1385,0.338134765625,-21.897438444164848,0.9112095588572746,-0.15503589699147824,-0.0007761397723697883
1386,0.33837890624999994,-21.845184204832368,0.9108803234918432,-0.15478394796713246,-0.0007814130358951843
1387,0.338623046875,-21.79292996549987,0.9105510881264118,-0.15453199894278669,-0.0007866862994774237
1388,0.3388671875,-21.74067572616739,0.9102218527609803,-0.1542800499184409,-0.0007919595630028198
1389,0.339111328125,-21.688421486834905,0.9098926173955489,-0.1540281008940383,-0.0007972328265282158
1390,0.33935546875,-21.636167247502428,0.9095633820301177,-0.1537761518696925,-0.0008025060901104553
1391,0.33959960937499994,-21.583913008169944,0.9092341466646863,-0.15352420284534674,-0.0008077793536358513
1392,0.33984375,-21.531658768837445,0.9089049112992549,-0.15327225382100096,-0.0008130526171612473
1393,0.340087890625,-21.47940452950497,0.9085756759338234,-0.15302030479665518,-0.0008183258807434868
1394,0.34033203125,-21.427150290172484,0.908246440568392,-0.1527683557723094,-0.0008235991442688828
1395,0.340576171875,-21.374896050840004,0.9079172052029609,-0.15251640674796363,-0.0008288724077942788
1396,0.34082031249999994,-21.324169905200968,0.9072373058309691,-0.15226544185867397,-0.0008335163282140456
1397,0.341064453125,-21.273825782985277,0.906469740457337,-0.1520147230031057,-0.000838002912871616
1398,0.34130859375,-21.223481660769604,0.9057021750837053,-0.15176400414753743,-0.0008424894974723429
1399,0.341552734375,-21.173137538553924,0.9049346097100734,-0.15151328529196917,-0.0008469760821299133
1400,0.341796875,-21.12279341633825,0.9041670443364417,-0.1512625664364009,-0.0008514626667306402
1401,0.34204101562499994,-21.07244929412257,0.9033994789628099,-0.15101184758083264,-0.0008559492513882105
1402,0.34228515625,-21.022105171906883,0.9026319135891779,-0.15076112872526437,-0.0008604358360457809
1403,0.342529296875,-20.971761049691207,0.9018643482155461,-0.1505104098696961,-0.0008649224206465078
1404,0.3427734375,-20.92141692747553,0.9010967828419142,-0.15025969101418468,-0.0008694090053040782
1405,0.343017578125,-20.871072805259853,0.9003292174682825,-0.15000897215861642,-0.0008738955899048051
1406,0.34326171874999994,-20.820728683044177,0.8995616520946507,-0.14975825330304815,-0.0008783821745623754
1407,0.343505859375,-20.770384560828486,0.8987940867210186,-0.14950753444747988,-0.0008828687591631024
1408,0.34375,-20.72004043861281,0.8980265213473869,-0.14925681559191162,-0.0008873553438206727
1409,0.343994140625,-20.669696316397133,0.897258955973755,-0.14900609673634335,-0.0008918419284782431
1410,0.34423828125,-20.619352194181456,0.8964913906001232,-0.14875537788077509,-0.00089632851307897
1411,0.34448242187499994,-20.56900807196578,0.8957238252264913,-0.14850465902520682,-0.0009008150977365403
1412,0.3447265625,-20.51866394975009,0.8949562598528595,-0.14825394016963855,-0.0009053016823372673
1413,0.344970703125,-20.468319827534412,0.8941886944792277,-0.14800322131412713,-0.0009097882669948376
1414,0.34521484375,-20.41797570531874,0.8934211291055958,-0.14775250245855887,-0.0009142748515955645
1415,0.345458984375,-20.36763158310306,0.8926535637319639,-0.1475017836029906,-0.0009187614362531349
1416,0.34570312499999994,-20.317287460887385,0.8918859983583323,-0.14725106474742233,-0.0009232480208538618
1417,0.345947265625,-20.266943338671695,0.8911184329847003,-0.14700034589185407,-0.0009277346055114322
1418,0.34619140625,-20.216599216456018,0.8903508676110684,-0.1467496270362858,-0.0009322211901690025
1419,0.346435546875,-20.16625509424034,0.8895833022374368,-0.14649890818071754,-0.0009367077747697294
1420,0.3466796875,-20.11591097202467,0.8888157368638049,-0.1462481893252061,-0.0009411943594272998
1421,0.34692382812499994,-20.065946806778665,0.8879800886932598,-0.14599775855430153,-0.000945527059059259
1422,0.34716796875,-20.017502469411344,0.8868721093350613,-0.14574848012199482,-0.000949244218872991
1423,0.347412109375,-19.96905813204404,0.8857641299768629,-0.14549920168974495,-0.000952961378686723
1424,0.34765625,-19.920613794676733,0.8846561506186648,-0.14524992325743824,-0.000956678538500455
1425,0.347900390625,-19.872169457309433,0.8835481712604667,-0.14500064482518837,-0.0009603956983710304
1426,0.34814453124999994,-19.82372511994213,0.8824401919022684,-0.14475136639288166,-0.0009641128581847624
1427,0.348388671875,-19.77528078257481,0.8813322125440698,-0.1445020879606318,-0.0009678300179984944
1428,0.3486328125,-19.726836445207503,0.8802242331858716,-0.14425280952838193,-0.0009715471778122264
1429,0.348876953125,-19.6783921078402,0.8791162538276733,-0.14400353109607522,-0.0009752643376259584
1430,0.34912109375,-19.629947770472892,0.8780082744694753,-0.14375425266382535,-0.0009789814974396904
1431,0.34936523437499994,-19.581503433105592,0.8769002951112771,-0.14350497423151864,-0.0009826986572534224
1432,0.349609375,-19.53305909573827,0.8757923157530784,-0.14325569579926878,-0.0009864158170671544
1433,0.349853515625,-19.48461475837097,0.8746843363948802,-0.14300641736696207,-0.0009901329768808864
1434,0.35009765625,-19.436170421003663,0.8735763570366821,-0.1427571389347122,-0.0009938501366946184
1435,0.350341796875,-19.387726083636355,0.8724683776784837,-0.14250786050246234,-0.0009975672965083504
1436,0.35058593749999994,-19.33928174626905,0.8713603983202856,-0.14225858207015563,-0.0010012844563220824
1437,0.350830078125,-19.290837408901734,0.870252418962087,-0.14200930363790576,-0.0010050016161358144
1438,0.35107421875,-19.242393071534433,0.8691444396038889,-0.14176002520559905,-0.0010087187759495464
1439,0.351318359375,-19.19394873416713,0.8680364602456907,-0.14151074677334918,-0.0010124359357632784
1440,0.3515625,-19.145504396799822,0.8669284808874925,-0.14126146834109932,-0.0010161530955770104
1441,0.35180664062499994,-19.097060059432515,0.8658205015292941,-0.1410121899087926,-0.0010198702553907424
1442,0.35205078125,-19.048615722065197,0.8647125221710956,-0.14076291147654274,-0.0010235874152044744
1443,0.352294921875,-19.000171384697893,0.8636045428128974,-0.14051363304423603,-0.0010273045750182064
1444,0.3525390625,-18.951727047330593,0.8624965634546993,-0.14026435461198616,-0.0010310217348319384
1445,0.352783203125,-18.90328270996329,0.861388584096501,-0.14001507617967945,-0.0010347388946456704
1446,0.35302734374999994,-18.85483837259598,0.8602806047383028,-0.1397657977474296,-0.0010384560544594024
1447,0.353271484375,-18.807521058858228,0.8590193567036991,-0.13951747747245236,-0.0010417284024129003
1448,0.353515625,-18.760955094206867,0.8576559295514922,-0.1392697959690281,-0.0010447042091641379
1449,0.353759765625,-18.714389129555503,0.8562925023992852,-0.13902211446560386,-0.0010476800159153754
1450,0.35400390625,-18.667823164904146,0.8549290752470784,-0.13877443296217962,-0.0010506558226097695
1451,0.35424804687499994,-18.62125720025278,0.8535656480948713,-0.13852675145875537,-0.001053631629361007
1452,0.3544921875,-18.57469123560141,0.8522022209426641,-0.13827906995533112,-0.0010566074360554012
1453,0.354736328125,-18.52812527095005,0.8508387937904572,-0.13803138845190688,-0.0010595832428066387
1454,0.35498046875,-18.481559306298685,0.8494753666382503,-0.13778370694848263,-0.0010625590495010329
1455,0.355224609375,-18.434993341647324,0.8481119394860434,-0.13753602544505839,-0.0010655348562522704
1456,0.35546874999999994,-18.388427376995963,0.8467485123338364,-0.13728834394169098,-0.001068510663003508
1457,0.355712890625,-18.341861412344592,0.8453850851816291,-0.13704066243826674,-0.001071486469697902
1458,0.35595703125,-18.295295447693224,0.8440216580294223,-0.1367929809348425,-0.0010744622764491396
1459,0.356201171875,-18.248729483041863,0.8426582308772153,-0.13654529943141824,-0.0010774380831435337
1460,0.3564453125,-18.202163518390506,0.8412948037250084,-0.136297617927994,-0.0010804138898947713
1461,0.35668945312499994,-18.155597553739145,0.8399313765728015,-0.13604993642456975,-0.0010833896966460088
1462,0.35693359375,-18.109031589087767,0.8385679494205942,-0.1358022549211455,-0.001086365503340403
1463,0.357177734375,-18.062465624436406,0.8372045222683874,-0.13555457341772126,-0.0010893413100916405
1464,0.357421875,-18.015899659785045,0.8358410951161804,-0.135306891914297,-0.0010923171167860346
1465,0.357666015625,-17.969333695133685,0.8344776679639735,-0.13505921041087277,-0.0010952929235372721
1466,0.35791015624999994,-17.922767730482324,0.8331142408117665,-0.13481152890744852,-0.0010982687302316663
1467,0.358154296875,-17.87620176583095,0.8317508136595593,-0.13456384740402427,-0.0011012445369829038
1468,0.3583984375,-17.829635801179588,0.8303873865073524,-0.13431616590060003,-0.0011042203437341414
1469,0.358642578125,-17.783069836528224,0.8290239593551455,-0.13406848439717578,-0.0011071961504285355
1470,0.35888671875,-17.736503871876867,0.8276605322029386,-0.13382080289375153,-0.001110171957179773
1471,0.35913085937499994,-17.689937907225506,0.8262971050507315,-0.1335731213903273,-0.0011131477638741671
1472,0.359375,-17.643371942574127,0.8249336778985242,-0.13332543988690304,-0.0011161235706254047
1473,0.359619140625,-17.59865281550919,0.823387274180686,-0.13307946275006088,-0.0011183940459318364
1474,0.35986328125,-17.553933688444253,0.8218408704628477,-0.13283348561321873,-0.0011206645212951116
1475,0.360107421875,-17.509214561379313,0.8202944667450095,-0.13258750847637657,-0.0011229349966015434
1476,0.36035156249999994,-17.464495434314372,0.8187480630271712,-0.13234153133947757,-0.0011252054719079752
1477,0.360595703125,-17.41977630724942,0.8172016593093325,-0.1320955542026354,-0.001127475947214407
1478,0.36083984375,-17.37505718018448,0.8156552555914942,-0.13184957706579326,-0.001129746422577682
1479,0.361083984375,-17.330338053119544,0.814108851873656,-0.1316035999289511,-0.0011320168978841139
1480,0.361328125,-17.285618926054607,0.8125624481558177,-0.13135762279210894,-0.0011342873731905456
1481,0.36157226562499994,-17.240899798989666,0.8110160444379795,-0.13111164565526678,-0.0011365578485538208
1482,0.36181640625,-17.196180671924715,0.8094696407201408,-0.13086566851842463,-0.0011388283238602526
1483,0.362060546875,-17.151461544859774,0.8079232370023025,-0.13061969138152563,-0.0011410987991666843
1484,0.3623046875,-17.106742417794838,0.8063768332844642,-0.13037371424468347,-0.0011433692745299595
1485,0.362548828125,-17.062023290729897,0.8048304295666259,-0.1301277371078413,-0.0011456397498363913
1486,0.36279296874999994,-17.01730416366496,0.8032840258487877,-0.12988175997099916,-0.001147910225142823
1487,0.363037109375,-16.97258503660001,0.801737622130949,-0.129635782834157,-0.0011501807004492548
1488,0.36328125,-16.92786590953507,0.8001912184131108,-0.12938980569731484,-0.00115245117581253
1489,0.363525390625,-16.883146782470128,0.7986448146952725,-0.12914382856047268,-0.0011547216511189617
1490,0.36376953125,-16.83842765540519,0.7970984109774342,-0.12889785142357368,-0.0011569921264253935
1491,0.36401367187499994,-16.79370852834025,0.795552007259596,-0.12865187428673153,-0.0011592626017886687
1492,0.3642578125,-16.7489894012753,0.7940056035417572,-0.12840589714988937,-0.0011615330770951005
1493,0.364501953125,-16.704270274210362,0.7924591998239189,-0.1281599200130472,-0.0011638035524015322
1494,0.36474609375,-16.65955114714542,0.7909127961060808,-0.12791394287620506,-0.0011660740277648074
1495,0.364990234375,-16.61483202008048,0.7893663923882426,-0.1276679657393629,-0.0011683445030712392
1496,0.36523437499999994,-16.570112893015544,0.7878199886704043,-0.12742198860252074,-0.001170614978377671
1497,0.365478515625,-16.525393765950593,0.7862735849525655,-0.12717601146562174,-0.0011728854536841027
1498,0.36572265625,-16.48139707965432,0.7846782701351377,-0.12693074149603945,-0.0011748904068440424
1499,0.365966796875,-16.438484054511058,0.7830095886683254,-0.12668653227740378,-0.0011764970766421357
1500,0.3662109375,-16.395571029367794,0.7813409072015132,-0.12644232305871128,-0.0011781037464970723
1501,0.36645507812499994,-16.352658004224526,0.7796722257347007,-0.12619811384001878,-0.0011797104162951655
1502,0.36669921875,-16.309744979081252,0.7780035442678881,-0.12595390462132627,-0.0011813170861501021
1503,0.366943359375,-16.266831953937984,0.7763348628010759,-0.12570969540263377,-0.0011829237559481953
1504,0.3671875,-16.22391892879472,0.7746661813342637,-0.1254654861839981,-0.001184530425803132
1505,0.367431640625,-16.181005903651453,0.7729974998674513,-0.1252212769653056,-0.0011861370956012252
1506,0.36767578124999994,-16.13809287850819,0.771328818400639,-0.1249770677466131,-0.0011877437654561618
1507,0.367919921875,-16.09517985336491,0.7696601369338263,-0.1247328585279206,-0.001189350435254255
1508,0.3681640625,-16.052266828221647,0.7679914554670141,-0.1244886493092281,-0.0011909571051091916
1509,0.368408203125,-16.009353803078383,0.7663227740002019,-0.12424444009053559,-0.0011925637749072848
1510,0.36865234375,-15.966440777935118,0.7646540925333895,-0.12400023087189993,-0.0011941704447622215
1511,0.36889648437499994,-15.923527752791852,0.7629854110665772,-0.12375602165320743,-0.0011957771145603147
1512,0.369140625,-15.880614727648574,0.7613167295997645,-0.12351181243451492,-0.0011973837844152513
1513,0.369384765625,-15.837701702505308,0.7596480481329524,-0.12326760321582242,-0.0011989904542133445
1514,0.36962890625,-15.794788677362043,0.7579793666661401,-0.12302339399712992,-0.0012005971240682811
1515,0.369873046875,-15.751875652218779,0.7563106851993278,-0.12277918477843741,-0.0012022037938663743
1516,0.37011718749999994,-15.708962627075513,0.7546420037325154,-0.12253497555980175,-0.001203810463721311
1517,0.370361328125,-15.666049601932237,0.7529733222657027,-0.12229076634110925,-0.0012054171335194042
1518,0.37060546875,-15.623136576788973,0.7513046407988906,-0.12204655712241674,-0.0012070238033743408
1519,0.370849609375,-15.580223551645705,0.7496359593320782,-0.12180234790372424,-0.001208630473172434
1520,0.37109375,-15.537310526502443,0.747967277865266,-0.12155813868503174,-0.0012102371430273706
1521,0.37133789062499994,-15.494397501359174,0.7462985963984536,-0.12131392946633923,-0.0012118438128254638
1522,0.37158203125,-15.4514844762159,0.744629914931641,-0.12106972024770357,-0.0012134504826804005
1523,0.371826171875,-15.408571451072632,0.7429612334648286,-0.12082551102901107,-0.0012150571524784937
1524,0.3720703125,-15.367064072157481,0.7412345984098181,-0.12058273621920534,-0.0012161687635057206
1525,0.372314453125,-15.32590810479936,0.7394934749577579,-0.12034032001156447,-0.0012171566097549658
1526,0.37255859374999994,-15.284752137441238,0.7377523515056977,-0.12009790380398044,-0.0012181444560610544
1527,0.372802734375,-15.243596170083102,0.7360112280536372,-0.11985548759639642,-0.001219132302367143
1528,0.373046875,-15.20244020272498,0.7342701046015769,-0.11961307138875554,-0.0012201201486732316
1529,0.373291015625,-15.161284235366855,0.7325289811495166,-0.11937065518117151,-0.0012211079949224768
1530,0.37353515625,-15.120128268008733,0.7307878576974565,-0.11912823897358749,-0.0012220958412285654
1531,0.37377929687499994,-15.078972300650612,0.7290467342453963,-0.11888582276594661,-0.001223083687534654
1532,0.3740234375,-15.037816333292477,0.7273056107933357,-0.11864340655836259,-0.0012240715338407426
1533,0.374267578125,-14.996660365934353,0.7255644873412755,-0.11840099035077856,-0.0012250593800899878
1534,0.37451171875,-14.955504398576231,0.7238233638892154,-0.11815857414319453,-0.0012260472263960764
1535,0.374755859375,-14.914348431218107,0.7220822404371552,-0.11791615793555366,-0.001227035072702165
1536,0.37500000000000006,-14.873192463859976,0.7203411169850944,-0.11767374172796963,-0.0012280229190082537
1537,0.375244140625,-14.832036496501852,0.7185999935330343,-0.1174313255203856,-0.0012290107652574989
1538,0.37548828125,-14.79088052914373,0.7168588700809742,-0.11718890931274473,-0.0012299986115635875
1539,0.375732421875,-14.749724561785605,0.715117746628914,-0.1169464931051607,-0.001230986457869676
1540,0.3759765625,-14.708568594427481,0.7133766231768538,-0.11670407689757667,-0.0012319743041189213
1541,0.37622070312500006,-14.667412627069346,0.7116354997247931,-0.11646166068999264,-0.00123296215042501
1542,0.37646484375,-14.626256659711226,0.7098943762727329,-0.11621924448235177,-0.0012339499967310985
1543,0.376708984375,-14.585100692353103,0.7081532528206728,-0.11597682827476774,-0.0012349378430371871
1544,0.376953125,-14.54394472499498,0.7064121293686125,-0.11573441206718371,-0.0012359256892864323
1545,0.377197265625,-14.502788757636857,0.7046710059165524,-0.11549199585954284,-0.001236913535592521
1546,0.37744140625000006,-14.46163279027872,0.7029298824644918,-0.11524957965195881,-0.0012379013818986095
1547,0.377685546875,-14.4204768229206,0.7011887590124317,-0.11500716344437478,-0.0012388892282046982
1548,0.3779296875,-14.379320855562478,0.6994476355603714,-0.11476474723673391,-0.0012398770744539434
1549,0.378173828125,-14.338505001769049,0.6977000237985915,-0.1145226880501582,-0.0012407505074065739
1550,0.37841796875,-14.299049602234401,0.6959264587979328,-0.11428205694750204,-0.001241166287059059
1551,0.37866210937500006,-14.259594202699745,0.6941528937972736,-0.11404142584490273,-0.0012415820666547006
1552,0.37890625,-14.2201388031651,0.6923793287966149,-0.11380079474224658,-0.0012419978463071857
1553,0.379150390625,-14.180683403630448,0.6906057637959563,-0.11356016363964727,-0.0012424136259028273
1554,0.37939453125,-14.141228004095801,0.6888321987952974,-0.11331953253699112,-0.0012428294055553124
1555,0.379638671875,-14.101772604561155,0.6870586337946387,-0.11307890143439181,-0.001243245185150954
1556,0.37988281250000006,-14.062317205026499,0.6852850687939795,-0.11283827033173566,-0.0012436609647465957
1557,0.380126953125,-14.022861805491852,0.6835115037933209,-0.11259763922913635,-0.0012440767443990808
1558,0.38037109375,-13.983406405957203,0.6817379387926622,-0.1123570081264802,-0.0012444925239947224
1559,0.380615234375,-13.943951006422557,0.6799643737920034,-0.11211637702388089,-0.0012449083036472075
1560,0.380859375,-13.90449560688791,0.6781908087913447,-0.11187574592122473,-0.0012453240832428492
1561,0.38110351562500006,-13.865040207353253,0.6764172437906855,-0.11163511481862542,-0.0012457398628953342
1562,0.38134765625,-13.825584807818604,0.6746436787900268,-0.11139448371596927,-0.0012461556424909759
1563,0.381591796875,-13.786129408283958,0.6728701137893681,-0.11115385261336996,-0.0012465714220866175
1564,0.3818359375,-13.746674008749311,0.6710965487887093,-0.11091322151071381,-0.0012469872017391026
1565,0.382080078125,-13.707218609214666,0.6693229837880507,-0.1106725904081145,-0.0012474029813347443
1566,0.38232421875000006,-13.667763209680006,0.6675494187873914,-0.11043195930545835,-0.0012478187609872293
1567,0.382568359375,-13.62830781014536,0.6657758537867328,-0.11019132820285904,-0.001248234540582871
1568,0.3828125,-13.588852410610711,0.664002288786074,-0.10995069710020289,-0.001248650320235356
1569,0.383056640625,-13.549397011076065,0.6622287237854152,-0.10971006599760358,-0.0012490660998309977
1570,0.38330078125,-13.50994161154142,0.6604551587847566,-0.10946943489494743,-0.0012494818794266394
1571,0.38354492187500006,-13.47048621200676,0.6586815937840975,-0.10922880379234812,-0.0012498976590791244
1572,0.3837890625,-13.431030812472113,0.6569080287834387,-0.10898817268969196,-0.001250313438674766
1573,0.384033203125,-13.391575412937467,0.65513446378278,-0.10874754158709266,-0.0012507292183272511
1574,0.38427734375,-13.352120013402821,0.6533608987821213,-0.1085069104844365,-0.0012511449979228928
1575,0.384521484375,-13.313647092242084,0.6515866215014583,-0.10826732909390557,-0.0012512458474702726
1576,0.38476562500000006,-13.275829156663944,0.6498118693674588,-0.10802844751145813,-0.00125113674369004
1577,0.385009765625,-13.238011221085815,0.6480371172334597,-0.10778956592895383,-0.0012510276399098075
1578,0.38525390625,-13.200193285507687,0.6462623650994608,-0.10755068434650639,-0.001250918536129575
1579,0.385498046875,-13.162375349929556,0.6444876129654618,-0.1073118027640021,-0.0012508094323493424
1580,0.3857421875,-13.124557414351429,0.6427128608314627,-0.1070729211814978,-0.0012507003285691098
1581,0.38598632812500006,-13.086739478773291,0.6409381086974631,-0.10683403959905036,-0.0012505912247320339
1582,0.38623046875,-13.04892154319516,0.639163356563464,-0.10659515801654607,-0.0012504821209518013
1583,0.386474609375,-13.011103607617033,0.6373886044294651,-0.10635627643409862,-0.0012503730171715688
1584,0.38671875,-12.973285672038903,0.6356138522954661,-0.10611739485159433,-0.0012502639133913362
1585,0.386962890625,-12.935467736460772,0.633839100161467,-0.10587851326914688,-0.0012501548096111037
1586,0.38720703125000006,-12.897649800882636,0.6320643480274676,-0.10563963168664259,-0.0012500457058308712
1587,0.387451171875,-12.859831865304507,0.6302895958934684,-0.10540075010419514,-0.0012499366019937952
1588,0.3876953125,-12.82201392972638,0.6285148437594695,-0.10516186852169085,-0.0012498274982135626
1589,0.387939453125,-12.784195994148249,0.6267400916254704,-0.1049229869392434,-0.00124971839443333
1590,0.38818359375,-12.74637805857012,0.6249653394914713,-0.10468410535673911,-0.0012496092906530976
1591,0.38842773437500006,-12.70856012299198,0.6231905873574719,-0.10444522377429166,-0.001249500186872865
1592,0.388671875,-12.67074218741385,0.6214158352234728,-0.10420634219178737,-0.001249391083035789
1593,0.388916015625,-12.632924251835721,0.6196410830894737,-0.10396746060933992,-0.0012492819792555565
1594,0.38916015625,-12.595106316257594,0.6178663309554747,-0.10372857902683563,-0.001249172875475324
1595,0.389404296875,-12.557288380679465,0.6160915788214757,-0.10348969744438818,-0.0012490637716950914
1596,0.38964843750000006,-12.519470445101325,0.6143168266874763,-0.1032508158618839,-0.0012489546679148589
1597,0.389892578125,-12.481652509523197,0.6125420745534772,-0.10301193427943645,-0.0012488455641346263
1598,0.39013671875,-12.443834573945068,0.6107673224194781,-0.10277305269693215,-0.0012487364602975504
1599,0.390380859375,-12.406016638366939,0.608992570285479,-0.1025341711144847,-0.0012486273565173178
1600,0.390625,-12.36819870278881,0.60721781815148,-0.10229528953198042,-0.0012485182527370853
1601,0.39086914062500006,-12.331949311669195,0.6054654920118251,-0.10205809925514586,-0.0012479308230695096
1602,0.39111328125,-12.295699920549591,0.6037131658721706,-0.10182090897836815,-0.001247343393401934
1603,0.391357421875,-12.259450529429989,0.6019608397325162,-0.1015837187015336,-0.0012467559637343584
1604,0.3916015625,-12.223201138310381,0.6002085135928619,-0.10134652842469904,-0.0012461685340667827
1605,0.391845703125,-12.18695174719078,0.5984561874532074,-0.10110933814792133,-0.0012455811044560505
1606,0.39208984375000006,-12.150702356071164,0.5967038613135526,-0.10087214787108678,-0.0012449936747884749
1607,0.392333984375,-12.11445296495156,0.5949515351738981,-0.10063495759425223,-0.0012444062451208993
1608,0.392578125,-12.078203573831956,0.5931992090342436,-0.10039776731741767,-0.0012438188154533236
1609,0.392822265625,-12.04195418271235,0.5914468828945891,-0.10016057704063996,-0.001243231385785748
1610,0.39306640625,-12.005704791592748,0.5896945567549348,-0.09992338676380541,-0.0012426439561181724
1611,0.39331054687500006,-11.969455400473134,0.5879422306152798,-0.09968619648697086,-0.0012420565264505967
1612,0.3935546875,-11.93320600935353,0.5861899044756254,-0.09944900621019315,-0.001241469096783021
1613,0.393798828125,-11.896956618233926,0.5844375783359709,-0.0992118159333586,-0.0012408816671722889
1614,0.39404296875,-11.86070722711432,0.5826852521963165,-0.09897462565652404,-0.0012402942375047132
1615,0.394287109375,-11.824457835994718,0.580932926056662,-0.09873743537974633,-0.0012397068078371376
1616,0.39453125000000006,-11.788208444875101,0.5791805999170071,-0.09850024510291178,-0.001239119378169562
1617,0.394775390625,-11.751959053755497,0.5774282737773527,-0.09826305482607722,-0.0012385319485019863
1618,0.39501953125,-11.715709662635895,0.5756759476376984,-0.09802586454924267,-0.0012379445188344107
1619,0.395263671875,-11.67946027151629,0.5739236214980439,-0.09778867427246496,-0.001237357089166835
1620,0.3955078125,-11.643210880396685,0.5721712953583894,-0.0975514839956304,-0.0012367696595561029
1621,0.39575195312500006,-11.60696148927707,0.5704189692187346,-0.09731429371879585,-0.0012361822298885272
1622,0.39599609375,-11.570712098157466,0.56866664307908,-0.09707710344201814,-0.0012355948002209516
1623,0.396240234375,-11.53446270703786,0.5669143169394256,-0.09683991316518359,-0.001235007370553376
1624,0.396484375,-11.498213315918258,0.5651619907997713,-0.09660272288834904,-0.0012344199408858003
1625,0.396728515625,-11.461963924798653,0.5634096646601167,-0.09636553261157133,-0.0012338325112182247
1626,0.39697265625000006,-11.426312361691457,0.5616731310913918,-0.09612898839202444,-0.0012330718069506474
1627,0.397216796875,-11.391557540602893,0.5599602863790623,-0.09589341325840905,-0.001232051190754646
1628,0.3974609375,-11.356802719514333,0.5582474416667329,-0.09565783812479367,-0.0012310305745586447
1629,0.397705078125,-11.322047898425767,0.5565345969544034,-0.09542226299117829,-0.0012300099583626434
1630,0.39794921875,-11.287293077337205,0.5548217522420739,-0.0951866878575629,-0.001228989342166642
1631,0.39819335937500006,-11.252538256248632,0.5531089075297441,-0.09495111272394752,-0.0012279687259706407
1632,0.3984375,-11.217783435160072,0.5513960628174145,-0.09471553759033213,-0.0012269481097177959
1633,0.398681640625,-11.183028614071507,0.549683218105085,-0.09447996245677359,-0.0012259274935217945
1634,0.39892578125,-11.148273792982945,0.5479703733927557,-0.09424438732315821,-0.0012249068773257932
1635,0.399169921875,-11.113518971894381,0.5462575286804261,-0.09400881218954282,-0.0012238862611297918
1636,0.39941406250000006,-11.078764150805808,0.5445446839680962,-0.09377323705592744,-0.0012228656449337905
1637,0.399658203125,-11.044009329717246,0.5428318392557667,-0.09353766192231205,-0.001221845028737789
1638,0.39990234375,-11.009254508628684,0.5411189945434371,-0.09330208678869667,-0.0012208244125417878
1639,0.400146484375,-10.97449968754012,0.5394061498311078,-0.09306651165508129,-0.0012198037963457864
1640,0.400390625,-10.939744866451559,0.5376933051187783,-0.0928309365214659,-0.001218783180149785
1641,0.40063476562500006,-10.904990045362986,0.5359804604064483,-0.09259536138785052,-0.0012177625639537837
1642,0.40087890625,-10.870235224274424,0.5342676156941188,-0.09235978625429198,-0.0012167419477577823
1643,0.401123046875,-10.83548040318586,0.5325547709817895,-0.09212421112067659,-0.001215721331561781
1644,0.4013671875,-10.800725582097298,0.5308419262694599,-0.0918886359870612,-0.0012147007153657796
1645,0.401611328125,-10.765970761008735,0.5291290815571305,-0.09165306085344582,-0.0012136800991129348
1646,0.40185546875000006,-10.731215939920164,0.5274162368448005,-0.09141748571983044,-0.0012126594829169335
1647,0.402099609375,-10.6964611188316,0.5257033921324711,-0.09118191058621505,-0.0012116388667209321
1648,0.40234375,-10.661706297743038,0.5239905474201416,-0.09094633545259967,-0.0012106182505249308
1649,0.402587890625,-10.626951476654474,0.5222777027078122,-0.09071076031898428,-0.0012095976343289294
1650,0.40283203125,-10.59219665556591,0.5205648579954827,-0.0904751851853689,-0.001208577018132928
1651,0.40307617187500006,-10.55744183447734,0.5188520132831528,-0.09023961005181036,-0.0012075564019369267
1652,0.4033203125,-10.523820020892979,0.5171799793992072,-0.09000525514409219,-0.0012062237582881608
1653,0.403564453125,-10.490481459184672,0.5155181482223576,-0.0897712052929478,-0.0012048131077904145
1654,0.40380859375,-10.457142897476361,0.513856317045508,-0.08953715544174656,-0.0012034024573495117
1655,0.404052734375,-10.423804335768054,0.5121944858686585,-0.08930310559054533,-0.0012019918068517654
1656,0.40429687500000006,-10.390465774059733,0.5105326546918084,-0.0890690557393441,-0.0012005811563540192
1657,0.404541015625,-10.357127212351426,0.5088708235149588,-0.08883500588814286,-0.001199170505856273
1658,0.40478515625,-10.323788650643115,0.5072089923381093,-0.08860095603694162,-0.0011977598553585267
1659,0.405029296875,-10.290450088934808,0.5055471611612598,-0.08836690618579723,-0.0011963492048607804
1660,0.4052734375,-10.257111527226499,0.5038853299844102,-0.088132856334596,-0.0011949385543630342
1661,0.40551757812500006,-10.22377296551818,0.5022234988075601,-0.08789880648339476,-0.0011935279039221314
1662,0.40576171875,-10.19043440380987,0.5005616676307105,-0.08766475663219353,-0.0011921172534243851
1663,0.406005859375,-10.157095842101564,0.49889983645386093,-0.0874307067809923,-0.0011907066029266389
1664,0.40625,-10.123757280393255,0.4972380052770114,-0.08719665692979106,-0.0011892959524288926
1665,0.406494140625,-10.090418718684944,0.4955761741001618,-0.08696260707864667,-0.0011878853019311464
1666,0.40673828125000006,-10.057080156976625,0.49391434292331177,-0.08672855722744544,-0.0011864746514334001
1667,0.406982421875,-10.02374159526832,0.4922525117464622,-0.0864945073762442,-0.001185064000935654
1668,0.4072265625,-9.990403033560009,0.49059068056961264,-0.08626045752504297,-0.001183653350494751
1669,0.407470703125,-9.957064471851702,0.4889288493927631,-0.08602640767384173,-0.0011822426999970048
1670,0.40771484375,-9.923725910143391,0.48726701821591345,-0.08579235782269734,-0.0011808320494992586
1671,0.40795898437500006,-9.890387348435072,0.48560518703906347,-0.0855583079714961,-0.0011794213990015123
1672,0.408203125,-9.857048786726764,0.4839433558622138,-0.08532425812029487,-0.001178010748503766
1673,0.408447265625,-9.823710225018456,0.4822815246853643,-0.08509020826909364,-0.0011766000980060198
1674,0.40869140625,-9.790371663310147,0.48061969350851474,-0.0848561584178924,-0.0011751894475082736
1675,0.408935546875,-9.757033101601836,0.47895786233166515,-0.08462210856669117,-0.0011737787970673708
1676,0.40917968750000006,-9.72369453989352,0.4772960311548151,-0.08438805871554678,-0.0011723681465696245
1677,0.409423828125,-9.690622835129776,0.4756457973346603,-0.08415429396472973,-0.001170887646310348
1678,0.40966796875,-9.658618558144294,0.47404195294128404,-0.08392166961550629,-0.0011691277471186368
1679,0.409912109375,-9.626614281158814,0.4724381085479078,-0.08368904526628285,-0.0011673678478700822
1680,0.41015625,-9.594610004173331,0.4708342641545316,-0.0834564209170594,-0.001165607948678371
1681,0.41040039062500006,-9.562605727187842,0.46923041976115487,-0.08322379656783596,-0.0011638480494866599
1682,0.41064453125,-9.530601450202361,0.46762657536777863,-0.08299117221861252,-0.0011620881502381053
1683,0.410888671875,-9.498597173216881,0.4660227309744025,-0.08275854786938908,-0.0011603282510463941
1684,0.4111328125,-9.4665928962314,0.46441888658102626,-0.08252592352010879,-0.001158568351854683
1685,0.411376953125,-9.43458861924592,0.46281504218764996,-0.08229329917088535,-0.0011568084526061284
1686,0.41162109375000006,-9.402584342260429,0.46121119779427333,-0.0820606748216619,-0.0011550485534144173
1687,0.411865234375,-9.370580065274948,0.4596073534008971,-0.08182805047243846,-0.001153288654222706
1688,0.412109375,-9.338575788289468,0.45800350900752096,-0.08159542612321502,-0.0011515287549741515
1689,0.412353515625,-9.306571511303986,0.4563996646141447,-0.08136280177399158,-0.0011497688557824404
1690,0.41259765625,-9.274567234318505,0.4547958202207685,-0.08113017742476814,-0.0011480089565907292
1691,0.41284179687500006,-9.242562957333016,0.45319197582739185,-0.08089755307554469,-0.0011462490573421746
1692,0.4130859375,-9.210558680347535,0.4515881314340156,-0.08066492872632125,-0.0011444891581504635
1693,0.413330078125,-9.178554403362055,0.4499842870406394,-0.08043230437709781,-0.0011427292589587523
1694,0.41357421875,-9.146550126376574,0.44838044264726323,-0.08019968002787436,-0.0011409693597101978
1695,0.413818359375,-9.114545849391092,0.446776598253887,-0.07996705567865092,-0.0011392094605184866
1696,0.41406250000000006,-9.082541572405603,0.44517275386051036,-0.07973443132937064,-0.0011374495613267754
1697,0.414306640625,-9.050537295420122,0.44356890946713406,-0.0795018069801472,-0.0011356896620782209
1698,0.41455078125,-9.01853301843464,0.4419650650737578,-0.07926918263092375,-0.0011339297628865097
1699,0.414794921875,-8.98652874144916,0.4403612206803817,-0.07903655828170031,-0.0011321698636947986
1700,0.4150390625,-8.95452446446368,0.43875737628700545,-0.07880393393247687,-0.001130409964446244
1701,0.41528320312500006,-8.92252018747819,0.4371535318936288,-0.07857130958325342,-0.0011286500652545328
1702,0.41552734375,-8.89051591049271,0.4355496875002526,-0.07833868523402998,-0.0011268901660628217
1703,0.415771484375,-8.859261194043732,0.4339826119453874,-0.07810685234005632,-0.001124943635488762
1704,0.416015625,-8.828506184619098,0.4324400489495297,-0.0778755470828969,-0.0011228726840499803
1705,0.416259765625,-8.797751175194463,0.43089748595367194,-0.07764424182568064,-0.0011208017326111985
1706,0.41650390625000006,-8.766996165769818,0.42935492295781374,-0.07741293656852122,-0.0011187307811724168
1707,0.416748046875,-8.736241156345182,0.42781235996195605,-0.0771816313113618,-0.0011166598296767916
1708,0.4169921875,-8.705486146920546,0.4262697969660983,-0.07695032605420238,-0.0011145888782380098
1709,0.417236328125,-8.67473113749591,0.42472723397024054,-0.07671902079704296,-0.001112517926799228
1710,0.41748046875,-8.643976128071273,0.42318467097438284,-0.0764877155398267,-0.0011104469753604462
1711,0.41772460937500006,-8.613221118646628,0.42164210797852464,-0.07625641028266728,-0.0011083760239216645
1712,0.41796875,-8.582466109221993,0.4200995449826669,-0.07602510502550786,-0.0011063050724828827
1713,0.418212890625,-8.551711099797357,0.4185569819868092,-0.07579379976834844,-0.0011042341209872575
1714,0.41845703125,-8.52095609037272,0.4170144189909514,-0.07556249451118902,-0.0011021631695484757
1715,0.418701171875,-8.490201080948085,0.41547185599509373,-0.07533118925397275,-0.001100092218109694
1716,0.41894531250000006,-8.459446071523441,0.41392929299923553,-0.07509988399681333,-0.0010980212666709122
1717,0.419189453125,-8.428691062098803,0.4123867300033778,-0.07486857873965391,-0.0010959503152321304
1718,0.41943359375,-8.397936052674169,0.4108441670075201,-0.07463727348249449,-0.0010938793637933486
1719,0.419677734375,-8.367181043249532,0.4093016040116623,-0.07440596822533507,-0.0010918084122977234
1720,0.419921875,-8.336426033824896,0.40775904101580457,-0.07417466296817565,-0.0010897374608589416
1721,0.42016601562500006,-8.305671024400251,0.4062164780199463,-0.07394335771095939,-0.0010876665094201599
1722,0.42041015625,-8.274916014975616,0.4046739150240886,-0.07371205245379997,-0.001085595557981378
1723,0.420654296875,-8.244161005550978,0.40313135202823086,-0.07348074719664055,-0.0010835246065425963
1724,0.4208984375,-8.213405996126342,0.40158878903237316,-0.07324944193948113,-0.0010814536551038145
1725,0.421142578125,-8.182650986701708,0.4000462260365154,-0.07301813668232171,-0.0010793827036081893
1726,0.42138671875000006,-8.151895977277062,0.3985036630406572,-0.07278683142510545,-0.0010773117521694076
1727,0.421630859375,-8.121140967852426,0.3969611000447995,-0.07255552616794603,-0.0010752408007306258
1728,0.421875,-8.090385958427792,0.39541853704894175,-0.07232422091078661,-0.001073169849291844
1729,0.422119140625,-8.060792724000876,0.3939376584702207,-0.07209412450708896,-0.0010708233585887683
1730,0.42236328125,-8.031199489573963,0.39245677989149974,-0.07186402810339132,-0.001068476867942536
1731,0.42260742187500006,-8.001606255147042,0.39097590131277826,-0.07163393169963683,-0.0010661303772394604
1732,0.4228515625,-7.972013020720128,0.3894950227340573,-0.07140383529593919,-0.0010637838865363847
1733,0.423095703125,-7.942419786293215,0.38801414415533625,-0.07117373889224154,-0.001061437395833309
1734,0.42333984375,-7.912826551866301,0.38653326557661527,-0.0709436424885439,-0.0010590909051870767
1735,0.423583984375,-7.883233317439387,0.38505238699789424,-0.07071354608484626,-0.001056744414484001
1736,0.42382812500000006,-7.853640083012464,0.3835715084191728,-0.07048344968109177,-0.0010543979237809253
1737,0.424072265625,-7.82404684858555,0.38209062984045183,-0.07025335327739413,-0.001052051433134693
1738,0.42431640625,-7.794453614158638,0.38060975126173074,-0.07002325687369648,-0.0010497049424316174
1739,0.424560546875,-7.764860379731724,0.37912887268300977,-0.06979316046999884,-0.0010473584517285417
1740,0.4248046875,-7.73526714530481,0.37764799410428873,-0.0695630640663012,-0.0010450119610823094
1741,0.42504882812500006,-7.705673910877888,0.3761671155255673,-0.06933296766260355,-0.0010426654703792337
1742,0.42529296875,-7.676080676450975,0.3746862369468463,-0.06910287125884906,-0.001040318979676158
1743,0.425537109375,-7.646487442024061,0.3732053583681253,-0.06887277485515142,-0.0010379724889730824
1744,0.42578125,-7.616894207597148,0.3717244797894043,-0.06864267845145378,-0.00103562599832685
1745,0.426025390625,-7.587300973170234,0.3702436012106833,-0.06841258204775613,-0.0010332795076237744
1746,0.42626953125000006,-7.5577077387433125,0.36876272263196186,-0.06818248564405849,-0.0010309330169206987
1747,0.426513671875,-7.528114504316399,0.3672818440532408,-0.067952389240304,-0.0010285865262744665
1748,0.4267578125,-7.498521269889485,0.36580096547451985,-0.06772229283660636,-0.0010262400355713908
1749,0.427001953125,-7.468928035462572,0.36432008689579876,-0.06749219643290871,-0.001023893544868315
1750,0.42724609375,-7.439334801035659,0.3628392083170778,-0.06726210002921107,-0.0010215470542220828
1751,0.42749023437500006,-7.409741566608735,0.36135832973835635,-0.06703200362551343,-0.0010192005635190071
1752,0.427734375,-7.380148332181822,0.3598774511596354,-0.06680190722175894,-0.0010168540728159314
1753,0.427978515625,-7.350555097754907,0.35839657258091434,-0.0665718108180613,-0.0010145075821128557
1754,0.42822265625,-7.321390790049699,0.356939648090042,-0.06634215325806281,-0.001012064010467384
1755,0.428466796875,-7.292869872427046,0.35551865473094274,-0.06611315396349937,-0.0010094748173514745
1756,0.42871093750000006,-7.264348954804384,0.3540976613718431,-0.06588415466899278,-0.0010068856241787216
1757,0.428955078125,-7.235828037181731,0.35267666801274383,-0.06565515537448618,-0.0010042964310628122
1758,0.42919921875,-7.207307119559077,0.3512556746536446,-0.06542615607997959,-0.0010017072378900593
1759,0.429443359375,-7.178786201936425,0.34983468129454537,-0.06519715678541615,-0.00099911804477415
1760,0.4296875,-7.150265284313772,0.348413687935446,-0.06496815749090956,-0.0009965288516582405
1761,0.42993164062500006,-7.121744366691109,0.3469926945763464,-0.06473915819640297,-0.0009939396584854876
1762,0.43017578125,-7.093223449068457,0.3455717012172472,-0.06451015890183953,-0.0009913504653695782
1763,0.430419921875,-7.064702531445804,0.3441507078581479,-0.06428115960733294,-0.0009887612721968253
1764,0.4306640625,-7.0361816138231505,0.3427297144990486,-0.06405216031282635,-0.0009861720790809159
1765,0.430908203125,-7.007660696200498,0.3413087211399493,-0.06382316101831975,-0.000983582885908163
1766,0.43115234375000006,-6.979139778577837,0.3398877277808497,-0.06359416172375632,-0.0009809936927922536
1767,0.431396484375,-6.950618860955182,0.33846673442175046,-0.06336516242924972,-0.0009784044996763441
1768,0.431640625,-6.922097943332529,0.3370457410626512,-0.06313616313474313,-0.0009758153065035913
1769,0.431884765625,-6.893577025709876,0.3356247477035519,-0.06290716384017969,-0.0009732261133876818
1770,0.43212890625,-6.865056108087223,0.33420375434445265,-0.0626781645456731,-0.000970636920214929
1771,0.43237304687500006,-6.836535190464562,0.332782760985353,-0.062449165251166505,-0.0009680477270990195
1772,0.4326171875,-6.808014272841909,0.3313617676262537,-0.06222016595665991,-0.0009654585339262667
1773,0.432861328125,-6.779493355219255,0.32994077426715446,-0.061991166662096475,-0.0009628693408103572
1774,0.43310546875,-6.7509724375966025,0.3285197809080552,-0.06176216736758988,-0.0009602801476944478
1775,0.433349609375,-6.722451519973949,0.32709878754895594,-0.06153316807308329,-0.000957690954521695
1776,0.43359375000000006,-6.693930602351287,0.32567779418985626,-0.06130416877851985,-0.0009551017614057855
1777,0.433837890625,-6.665409684728635,0.32425680083075703,-0.06107516948401326,-0.0009525125682330327
1778,0.43408203125,-6.636888767105981,0.32283580747165774,-0.060846170189506665,-0.0009499233751171232
1779,0.434326171875,-6.6083678494833284,0.32141481411255846,-0.06061717089500007,-0.0009473341819443704
1780,0.4345703125,-6.580632006573774,0.32003900043037337,-0.06038896018083051,-0.0009445750241070527
1781,0.43481445312500006,-6.553092432342487,0.3186744816674165,-0.0601609466117452,-0.0009417733750751722
1782,0.43505859375,-6.525552858111207,0.31730996290446,-0.0599329330426599,-0.0009389717260432917
1783,0.435302734375,-6.498013283879928,0.3159454441415035,-0.059704919473631435,-0.0009361700770114112
1784,0.435546875,-6.4704737096486475,0.3145809253785469,-0.05947690590454613,-0.0009333684279795307
1785,0.435791015625,-6.442934135417368,0.31321640661559047,-0.05924889233546082,-0.0009305667789476502
1786,0.43603515625000006,-6.415394561186081,0.3118518878526335,-0.05902087876637552,-0.0009277651299157696
1787,0.436279296875,-6.387854986954802,0.31048736908967706,-0.058792865197347055,-0.0009249634808270457
1788,0.4365234375,-6.360315412723522,0.30912285032672054,-0.05856485162826175,-0.0009221618317951652
1789,0.436767578125,-6.332775838492243,0.30775833156376403,-0.058336838059176443,-0.0009193601827632847
1790,0.43701171875,-6.305236264260964,0.3063938128008075,-0.05810882449009114,-0.0009165585337314042
1791,0.43725585937500006,-6.277696690029676,0.3050292940378506,-0.057880810921062675,-0.0009137568846995237
1792,0.4375,-6.2501571157983955,0.3036647752748941,-0.05765279735197737,-0.0009109552356676431
1793,0.437744140625,-6.222617541567117,0.3023002565119376,-0.057424783782892064,-0.0009081535866357626
1794,0.43798828125,-6.195077967335837,0.30093573774898114,-0.0571967702138636,-0.0009053519376038821
1795,0.438232421875,-6.167538393104557,0.29957121898602457,-0.056968756644778296,-0.0009025502885720016
1796,0.43847656250000006,-6.139998818873271,0.2982067002230677,-0.05674074307569299,-0.0008997486395401211
1797,0.438720703125,-6.112459244641991,0.29684218146011115,-0.056512729506607684,-0.0008969469905082406
1798,0.43896484375,-6.084919670410711,0.2954776626971547,-0.05628471593757922,-0.0008941453414195166
1799,0.439208984375,-6.057380096179432,0.2941131439341982,-0.056056702368493916,-0.0008913436923876361
1800,0.439453125,-6.029840521948152,0.2927486251712416,-0.05582868879940861,-0.0008885420433557556
1801,0.43969726562500006,-6.002300947716865,0.29138410640828477,-0.055600675230323304,-0.0008857403943238751
1802,0.43994140625,-5.974761373485586,0.29001958764532826,-0.05537266166129484,-0.0008829387452919946
1803,0.440185546875,-5.947221799254306,0.2886550688823717,-0.055144648092209536,-0.000880137096260114
1804,0.4404296875,-5.919682225023028,0.28729055011941523,-0.05491663452312423,-0.0008773354472282335
1805,0.440673828125,-5.892320499752775,0.2859364207270067,-0.05468879618194933,-0.0008744968672544928
1806,0.44091796875000006,-5.865670170326626,0.2846238488167897,-0.054461658752131825,-0.0008715105635701548
1807,0.441162109375,-5.839019840900485,0.2833112769065731,-0.054234521322371165,-0.0008685242598858167
1808,0.44140625,-5.812369511474345,0.28199870499635654,-0.054007383892610505,-0.0008655379562014787
1809,0.441650390625,-5.785719182048204,0.28068613308613993,-0.053780246462849846,-0.0008625516524602972
1810,0.44189453125,-5.759068852622064,0.2793735611759233,-0.053553109033089186,-0.0008595653487759591
1811,0.44213867187500006,-5.732418523195916,0.27806098926570644,-0.053325971603328526,-0.0008565790450916211
1812,0.4423828125,-5.705768193769774,0.27674841735548983,-0.053098834173567866,-0.000853592741407283
1813,0.442626953125,-5.679117864343634,0.2754358454452732,-0.052871696743807206,-0.000850606437722945
1814,0.44287109375,-5.652467534917492,0.2741232735350566,-0.052644559314046546,-0.0008476201340386069
1815,0.443115234375,-5.6258172054913524,0.27281070162484,-0.05241742188422904,-0.0008446338302974254
1816,0.44335937500000006,-5.599166876065204,0.27149812971462306,-0.05219028445446838,-0.0008416475266130874
1817,0.443603515625,-5.572516546639062,0.27018555780440645,-0.05196314702470772,-0.0008386612229287493
1818,0.44384765625,-5.5458662172129225,0.2688729858941899,-0.05173600959494706,-0.0008356749192444113
1819,0.444091796875,-5.519215887786781,0.2675604139839733,-0.0515088721651864,-0.0008326886155600732
1820,0.4443359375,-5.49256555836064,0.26624784207375674,-0.051281734735425744,-0.0008297023118757352
1821,0.44458007812500006,-5.4659152289344926,0.2649352701635398,-0.051054597305665084,-0.0008267160081345537
1822,0.44482421875,-5.439264899508352,0.2636226982533232,-0.050827459875904424,-0.0008237297044502156
1823,0.445068359375,-5.412614570082211,0.2623101263431066,-0.050600322446143764,-0.0008207434007658776
1824,0.4453125,-5.38596424065607,0.26099755443288997,-0.050373185016383104,-0.0008177570970815395
1825,0.445556640625,-5.35931391122993,0.2596849825226734,-0.0501460475865656,-0.0008147707933972015
1826,0.44580078125000006,-5.332663581803781,0.25837241061245647,-0.04991891015680494,-0.0008117844897128634
1827,0.446044921875,-5.306013252377641,0.25705983870223986,-0.04969177272704428,-0.0008087981860285254
1828,0.4462890625,-5.2793629229515,0.25574726679202325,-0.04946463529728362,-0.0008058118822873439
1829,0.446533203125,-5.2527125935253585,0.25443469488180664,-0.04923749786752296,-0.0008028255786030059
1830,0.44677734375,-5.226062264099218,0.25312212297159004,-0.0490103604377623,-0.0007998392749186678
1831,0.44702148437500006,-5.19988974516407,0.25183757352205416,-0.04878368464238747,-0.0007967575043039687
1832,0.447265625,-5.174035766556264,0.25057170571297255,-0.04855731660325091,-0.0007936120891258724
1833,0.447509765625,-5.148181787948457,0.2493058379038909,-0.04833094856411435,-0.0007904666739477761
1834,0.44775390625,-5.12232780934065,0.24803997009480933,-0.04810458052497779,-0.0007873212587128364
1835,0.447998046875,-5.096473830732844,0.24677410228572777,-0.04787821248578439,-0.0007841758435347401
1836,0.44824218750000006,-5.070619852125029,0.24550823447664577,-0.04765184444664783,-0.0007810304282998004
1837,0.448486328125,-5.044765873517223,0.2442423666675642,-0.04742547640751127,-0.0007778850131217041
1838,0.44873046875,-5.018911894909415,0.24297649885848263,-0.04719910836837471,-0.0007747395979436078
1839,0.448974609375,-4.993057916301609,0.24171063104940102,-0.04697274032923815,-0.0007715941827086681
1840,0.44921875,-4.967203937693802,0.24044476324031944,-0.04674637229010159,-0.0007684487675305718
1841,0.44946289062500006,-4.941349959085988,0.2391788954312375,-0.04652000425096503,-0.0007653033523524755
1842,0.44970703125,-4.915495980478181,0.23791302762215588,-0.04629363621182847,-0.0007621579371175358
1843,0.449951171875,-4.889642001870375,0.2366471598130743,-0.04606726817269191,-0.0007590125219394395
1844,0.4501953125,-4.863788023262567,0.2353812920039927,-0.04584090013355535,-0.0007558671067613432
1845,0.450439453125,-4.8379340446547605,0.23411542419491108,-0.04561453209441879,-0.0007527216915264034
1846,0.45068359375000006,-4.8120800660469465,0.2328495563858292,-0.04538816405528223,-0.0007495762763483071
1847,0.450927734375,-4.7862260874391405,0.23158368857674755,-0.04516179601614567,-0.0007464308611133674
1848,0.451171875,-4.7603721088313335,0.23031782076766594,-0.04493542797700911,-0.0007432854459352711
1849,0.451416015625,-4.7345181302235275,0.22905195295858438,-0.04470905993787255,-0.0007401400307571748
1850,0.45166015625,-4.708664151615721,0.22778608514950283,-0.04448269189873599,-0.0007369946155222351
1851,0.45190429687500006,-4.682810173007907,0.22652021734042083,-0.044256323859599433,-0.0007338492003441388
1852,0.4521484375,-4.6569561944001,0.22525434953133924,-0.044029955820462874,-0.0007307037851091991
1853,0.452392578125,-4.631102215792292,0.2239884817222577,-0.043803587781326314,-0.0007275583699311028
1854,0.45263671875,-4.605248237184486,0.22272261391317608,-0.043577219742189754,-0.0007244129547530065
1855,0.452880859375,-4.57939425857668,0.2214567461040945,-0.043350851703053195,-0.0007212675395180668
1856,0.45312500000000006,-4.553540279968866,0.22019087829501255,-0.043124483663916635,-0.0007181221243399705
1857,0.453369140625,-4.5283892335205165,0.21896607280448746,-0.04289878178201434,-0.000714841098499619
1858,0.45361328125,-4.503238187072169,0.21774126731396234,-0.04267307990011204,-0.000711560072602424
1859,0.453857421875,-4.4780871406238205,0.21651646182343728,-0.04244737801820975,-0.0007082790467620725
1860,0.4541015625,-4.452936094175473,0.2152916563329122,-0.04222167613630745,-0.000704998020921721
1861,0.45434570312500006,-4.427785047727117,0.21406685084238677,-0.041995974254405155,-0.0007017169950813695
1862,0.45458984375,-4.402634001278768,0.21284204535186171,-0.04177027237250286,-0.0006984359691841746
1863,0.454833984375,-4.377482954830421,0.2116172398613366,-0.04154457049060056,-0.0006951549433438231
1864,0.455078125,-4.352331908382072,0.21039243437081154,-0.041318868608641424,-0.0006918739175034716
1865,0.455322265625,-4.327180861933724,0.20916762888028648,-0.04109316672673913,-0.0006885928916631201
1866,0.45556640625000006,-4.302029815485368,0.20794282338976103,-0.04086746484483683,-0.0006853118657659252
1867,0.455810546875,-4.276878769037021,0.20671801789923597,-0.040641762962934536,-0.0006820308399255737
1868,0.4560546875,-4.251727722588671,0.2054932124087109,-0.04041606108103224,-0.0006787498140852222
1869,0.456298828125,-4.226576676140324,0.2042684069181858,-0.040190359199129944,-0.0006754687882448707
1870,0.45654296875,-4.201425629691975,0.20304360142766073,-0.03996465731722765,-0.0006721877623476757
1871,0.45678710937500006,-4.17627458324362,0.2018187959371353,-0.03973895543532535,-0.0006689067365073242
1872,0.45703125,-4.1511235367952715,0.20059399044661022,-0.039513253553423056,-0.0006656257106669727
1873,0.457275390625,-4.125972490346923,0.19936918495608513,-0.03928755167152076,-0.0006623446847697778
1874,0.45751953125,-4.100821443898575,0.19814437946556007,-0.039061849789618464,-0.0006590636589294263
1875,0.457763671875,-4.075670397450227,0.19691957397503496,-0.03883614790771617,-0.0006557826330890748
1876,0.45800781250000006,-4.0505193510018715,0.19569476848450956,-0.03861044602581387,-0.0006525016072487233
1877,0.458251953125,-4.025368304553523,0.19446996299398445,-0.038384744143911576,-0.0006492205813515284
1878,0.45849609375,-4.000217258105175,0.19324515750345939,-0.038159042261952436,-0.0006459395555111769
1879,0.458740234375,-3.975066211656826,0.1920203520129343,-0.03793334038005014,-0.0006426585296708254
1880,0.458984375,-3.9499151652084783,0.1907955465224092,-0.037707638498147844,-0.0006393775038304739
1881,0.45922851562500006,-3.9247641187601228,0.1895707410318838,-0.03748193661624555,-0.000636096477933279
1882,0.45947265625,-3.899856753467944,0.1883600389891371,-0.03725646145096562,-0.0006327698847030661
1883,0.459716796875,-3.8753149099100175,0.18717049211805803,-0.03703132636053397,-0.0006293749403880611
1884,0.4599609375,-3.850773066352092,0.18598094524697895,-0.03680619127015916,-0.0006259799961298995
1885,0.460205078125,-3.826231222794166,0.18479139837589986,-0.036581056179784355,-0.0006225850518148945
1886,0.46044921875000006,-3.801689379236234,0.18360185150482047,-0.036355921089352705,-0.0006191901074998896
1887,0.460693359375,-3.777147535678308,0.18241230463374133,-0.0361307859989779,-0.0006157951631848846
1888,0.4609375,-3.7526056921203823,0.18122275776266228,-0.03590565090860309,-0.0006124002188698796
1889,0.461181640625,-3.7280638485624564,0.1800332108915832,-0.03568051581817144,-0.0006090052745548746
1890,0.46142578125,-3.7035220050045305,0.1788436640205041,-0.03545538072779664,-0.0006056103302967131
1891,0.46166992187500006,-3.6789801614465985,0.17765411714942467,-0.03523024563736499,-0.0006022153859817081
1892,0.4619140625,-3.654438317888672,0.17646457027834558,-0.03500511054699018,-0.0005988204416667031
1893,0.462158203125,-3.6298964743307462,0.17527502340726653,-0.034779975456615375,-0.0005954254973516981
1894,0.46240234375,-3.6053546307728213,0.17408547653618742,-0.034554840366183726,-0.0005920305530366932
1895,0.462646484375,-3.5808127872148954,0.17289592966510836,-0.03432970527580892,-0.0005886356087216882
1896,0.46289062500000006,-3.556270943656963,0.17170638279402892,-0.03410457018537727,-0.0005852406644635266
1897,0.463134765625,-3.531729100099037,0.1705168359229498,-0.033879435095002464,-0.0005818457201485217
1898,0.46337890625,-3.5071872565411106,0.16932728905187075,-0.03365430000462766,-0.0005784507758335167
1899,0.463623046875,-3.4826454129831856,0.16813774218079167,-0.03342916491419601,-0.0005750558315185117
1900,0.4638671875,-3.4581035694252598,0.16694819530971255,-0.0332040298238212,-0.0005716608872035067
1901,0.46411132812500006,-3.4335617258673268,0.16575864843863314,-0.03297889473338955,-0.0005682659428885017
1902,0.46435546875,-3.4090198823094013,0.16456910156755405,-0.032753759643014746,-0.0005648709986303402
1903,0.464599609375,-3.384478038751476,0.16337955469647497,-0.03252862455263994,-0.0005614760543153352
1904,0.46484375,-3.3599361951935505,0.1621900078253959,-0.03230348946220829,-0.0005580811100003302
1905,0.465087890625,-3.335394351635624,0.1610004609543168,-0.032078354371833484,-0.0005546861656853252
1906,0.46533203125000006,-3.3108525080776916,0.15981091408323736,-0.031853219281401834,-0.0005512912213703203
1907,0.465576171875,-3.286310664519766,0.15862136721215828,-0.03162808419102703,-0.0005478962770553153
1908,0.4658203125,-3.2621810800915094,0.1574553879584045,-0.031403326187273706,-0.0005444262993705706
1909,0.466064453125,-3.2381545604456705,0.15629530060898206,-0.031178662455147332,-0.0005409375633576019
1910,0.46630859375,-3.2141280407998316,0.15513521325955956,-0.03095399872302096,-0.0005374488272877898
1911,0.46655273437500006,-3.1901015211539856,0.1539751259101368,-0.030729334990894586,-0.000533960091274821
1912,0.466796875,-3.1660750015081467,0.15281503856071432,-0.030504671258768212,-0.0005304713552050089
1913,0.467041015625,-3.142048481862308,0.15165495121129183,-0.03028000752664184,-0.0005269826191920401
1914,0.46728515625,-3.1180219622164684,0.1504948638618694,-0.030055343794515466,-0.000523493883122228
1915,0.467529296875,-3.0939954425706295,0.14933477651244695,-0.029830680062389092,-0.0005200051471092593
1916,0.46777343750000006,-3.0699689229247835,0.14817468916302412,-0.029606016330319562,-0.0005165164110394471
1917,0.468017578125,-3.0459424032789446,0.14701460181360168,-0.02938135259819319,-0.0005130276750264784
1918,0.46826171875,-3.0219158836331057,0.1458545144641792,-0.029156688866066816,-0.0005095389389566662
1919,0.468505859375,-2.9978893639872664,0.14469442711475675,-0.028932025133940442,-0.0005060502029436975
1920,0.46875,-2.9738628443414274,0.14353433976533428,-0.02870736140181407,-0.0005025614669307288
1921,0.46899414062500006,-2.949836324695582,0.14237425241591148,-0.028482697669687695,-0.0004990727308609166
1922,0.46923828125,-2.925809805049743,0.141214165066489,-0.028258033937561322,-0.0004955839948479479
1923,0.469482421875,-2.901783285403904,0.14005407771706654,-0.02803337020543495,-0.0004920952587781358
1924,0.4697265625,-2.8777567657580647,0.1388939903676441,-0.027808706473308575,-0.000488606522765167
1925,0.469970703125,-2.853730246112226,0.1377339030182216,-0.027584042741239045,-0.0004851177866953549
1926,0.47021484375000006,-2.82970372646638,0.1365738156687988,-0.027359379009112672,-0.00048162905068238615
1927,0.470458984375,-2.805677206820541,0.13541372831937637,-0.0271347152769863,-0.000478140314612574
1928,0.470703125,-2.781650687174702,0.1342536409699539,-0.026910051544859925,-0.00047465157859960527
1929,0.470947265625,-2.7576241675288626,0.13309355362053144,-0.026685387812733552,-0.0004711628425297931
1930,0.47119140625,-2.7335976478830237,0.131933466271109,-0.02646072408060718,-0.0004676741065168244
1931,0.47143554687500006,-2.7095711282371777,0.13077337892168617,-0.026236060348480805,-0.00046418537044701225
1932,0.4716796875,-2.685544608591339,0.12961329157226373,-0.026011396616354432,-0.0004606966344340435
1933,0.471923828125,-2.6616023704552236,0.12845795817105649,-0.025786808818850204,-0.0004571929016492504
1934,0.47216796875,-2.6379972583580042,0.12732164056271025,-0.025562524759777716,-0.00045362918177715983
1935,0.472412109375,-2.6143921462607853,0.12618532295436402,-0.025338240700648385,-0.00045006546196191266
1936,0.47265625000000006,-2.590787034163559,0.12504900534601746,-0.025113956641575896,-0.0004465017420898221
1937,0.472900390625,-2.5671819220663394,0.1239126877376712,-0.024889672582503408,-0.0004429380222745749
1938,0.47314453125,-2.5435768099691196,0.12277637012932499,-0.024665388523374077,-0.0004393743024024843
1939,0.473388671875,-2.5199716978719002,0.12164005252097876,-0.02444110446430159,-0.00043581058258723715
1940,0.4736328125,-2.496366585774681,0.1205037349126325,-0.0242168204052291,-0.00043224686277199
1941,0.47387695312500006,-2.472761473677455,0.11936741730428595,-0.02399253634609977,-0.0004286831428998994
1942,0.47412109375,-2.4491563615802354,0.11823109969593971,-0.02376825228702728,-0.0004251194230846522
1943,0.474365234375,-2.425551249483016,0.11709478208759345,-0.02354396822789795,-0.00042155570321256164
1944,0.474609375,-2.4019461373857967,0.11595846447924725,-0.02331968416882546,-0.00041799198339731447
1945,0.474853515625,-2.378341025288577,0.11482214687090098,-0.023095400109752973,-0.0004144282635252239
1946,0.47509765625000006,-2.3547359131913512,0.11368582926255441,-0.02287111605062364,-0.0004108645437099767
1947,0.475341796875,-2.3311308010941314,0.1125495116542082,-0.022646831991551153,-0.00040730082389472955
1948,0.4755859375,-2.3075256889969125,0.11141319404586195,-0.022422547932478665,-0.00040373710402263896
1949,0.475830078125,-2.283920576899693,0.11027687643751571,-0.022198263873349333,-0.0004001733842073918
1950,0.47607421875,-2.2603154648024733,0.10914055882916947,-0.021973979814276845,-0.0003966096643353012
1951,0.47631835937500006,-2.2367103527052477,0.10800424122082293,-0.021749695755147513,-0.00039304594452005404
1952,0.4765625,-2.213105240608028,0.10686792361247667,-0.021525411696075025,-0.00038948222464796345
1953,0.476806640625,-2.189500128510809,0.10573160600413044,-0.021301127637002537,-0.0003859185048327163
1954,0.47705078125,-2.1658950164135895,0.10459528839578419,-0.021076843577873206,-0.0003823547850174691
1955,0.477294921875,-2.1422899043163697,0.10345897078743797,-0.020852559518800717,-0.0003787910651453785
1956,0.47753906250000006,-2.118684792219144,0.10232265317909142,-0.020628275459671386,-0.00037522734533013136
1957,0.477783203125,-2.0950796801219242,0.10118633557074516,-0.020403991400598898,-0.00037166362545804077
1958,0.47802734375,-2.071474568024705,0.10005001796239893,-0.02017970734152641,-0.0003680999056427936
1959,0.478271484375,-2.048065969808424,0.09892464521029913,-0.01995559808665348,-0.00036450183682745774
1960,0.478515625,-2.0247883808461022,0.09780656902903027,-0.019731605367951488,-0.0003608808686408338
1961,0.47875976562500006,-2.0015107918837742,0.09668849284776111,-0.01950761264919265,-0.00035725990045420986
1962,0.47900390625,-1.9782332029214527,0.09557041666649228,-0.01928361993049066,-0.00035363893232442933
1963,0.479248046875,-1.954955613959131,0.09445234048522343,-0.019059627211788666,-0.0003500179641378054
1964,0.4794921875,-1.9316780249968093,0.0933342643039546,-0.018835634493086673,-0.00034639699600802487
1965,0.479736328125,-1.908400436034488,0.09221618812268574,-0.018611641774327836,-0.00034277602782140093
1966,0.47998046875000006,-1.8851228470721597,0.09109811194141658,-0.018387649055625843,-0.0003391550596916204
1967,0.480224609375,-1.861845258109838,0.08998003576014774,-0.01816365633692385,-0.00033553409150499647
1968,0.48046875,-1.8385676691475161,0.08886195957887888,-0.017939663618221857,-0.00033191312331837253
1969,0.480712890625,-1.8152900801851948,0.08774388339761005,-0.017715670899519864,-0.000328292155188592
1970,0.48095703125,-1.792012491222873,0.0866258072163412,-0.017491678180761028,-0.00032467118700196806
1971,0.48120117187500006,-1.7687349022605448,0.08550773103507203,-0.017267685462059035,-0.00032105021887218754
1972,0.4814453125,-1.7454573132982234,0.08438965485380319,-0.017043692743357042,-0.0003174292506855636
1973,0.481689453125,-1.7221797243359016,0.08327157867253435,-0.01681970002465505,-0.00031380828249893966
1974,0.48193359375,-1.69890213537358,0.0821535024912655,-0.016595707305896212,-0.00031018731436915914
1975,0.482177734375,-1.6756245464112587,0.08103542630999665,-0.01637171458719422,-0.0003065663461825352
1976,0.48242187500000006,-1.6523469574489302,0.07991735012872749,-0.016147721868492226,-0.0003029453780527547
1977,0.482666015625,-1.6290693684866089,0.07879927394745864,-0.015923729149790233,-0.00029932440986613074
1978,0.48291015625,-1.6057917795242873,0.0776811977661898,-0.015699736431031397,-0.0002957034417363502
1979,0.483154296875,-1.5825141905619657,0.07656312158492096,-0.015475743712329404,-0.0002920824735497263
1980,0.4833984375,-1.559236601599644,0.07544504540365211,-0.015251750993627411,-0.00028846150536310233
1981,0.48364257812500006,-1.5359590126373157,0.07432696922238295,-0.015027758274925418,-0.0002848405372333218
1982,0.48388671875,-1.5126814236749941,0.0732088930411141,-0.014803765556166582,-0.00028121956904669787
1983,0.484130859375,-1.4894038347126726,0.07209081685984525,-0.014579772837464589,-0.00027759860091691735
1984,0.484375,-1.4661262457503508,0.0709727406785764,-0.014355780118762596,-0.0002739776327302934
1985,0.484619140625,-1.4430823602925755,0.06986754807239731,-0.014131993192620484,-0.0002703163228829908
1986,0.48486328125000006,-1.4200384748347938,0.06876235546621791,-0.013908206266478373,-0.00026665501303568817
1987,0.485107421875,-1.3969945893770186,0.06765716286003882,-0.013684419340393106,-0.00026299370318838555
1988,0.4853515625,-1.3739507039192436,0.06655197025385974,-0.013460632414250995,-0.00025933239334108293
1989,0.485595703125,-1.3509068184614683,0.06544677764768066,-0.013236845488108884,-0.0002556710834937803
1990,0.48583984375,-1.327862933003693,0.06434158504150157,-0.013013058562023616,-0.0002520097736464777
1991,0.48608398437500006,-1.3048190475459112,0.06323639243532217,-0.012789271635881505,-0.0002483484637991751
1992,0.486328125,-1.281775162088136,0.062131199829143086,-0.012565484709739394,-0.00024468715395187246
1993,0.486572265625,-1.2587312766303607,0.061026007222963995,-0.012341697783597283,-0.00024102584410456984
1994,0.48681640625,-1.2356873911725854,0.05992081461678491,-0.012117910857512015,-0.00023736453431411064
1995,0.487060546875,-1.2126435057148102,0.05881562201060582,-0.011894123931369904,-0.00023370322446680802
1996,0.48730468750000006,-1.1895996202570287,0.05771042940442642,-0.011670337005227793,-0.0002300419146195054
1997,0.487548828125,-1.1665557347992535,0.056605236798247326,-0.011446550079085682,-0.0002263806047722028
1998,0.48779296875,-1.1435118493414782,0.05550004419206824,-0.011222763152943571,-0.00022271929492490017
1999,0.488037109375,-1.1204679638837027,0.05439485158588915,-0.010998976226858304,-0.00021905798507759755
2000,0.48828125,-1.0974240784259275,0.05328965897971007,-0.010775189300716193,-0.00021539667523029493
2001,0.48852539062500006,-1.0743801929681458,0.05218446637353067,-0.010551402374574081,-0.0002117353653829923
2002,0.48876953125,-1.0513363075103705,0.051079273767351586,-0.01032761544843197,-0.0002080740555356897
2003,0.489013671875,-1.0282924220525955,0.049974081161172496,-0.010103828522346703,-0.00020441274568838708
2004,0.4892578125,-1.00524853659482,0.048868888554993405,-0.009880041596204592,-0.00020075143584108446
2005,0.489501953125,-0.9822046511370449,0.04776369594881432,-0.00965625467006248,-0.00019709012599378184
2006,0.48974609375000006,-0.9591607656792632,0.046658503342634924,-0.00943246774392037,-0.00019342881614647922
2007,0.489990234375,-0.9361168802214879,0.04555331073645583,-0.009208680817835102,-0.0001897675062991766
2008,0.490234375,-0.9130729947637128,0.04444811813027674,-0.008984893891692991,-0.00018610619645187398
2009,0.490478515625,-0.8900291093059375,0.04334292552409766,-0.00876110696555088,-0.00018244488660457137
2010,0.49072265625,-0.8670412047489585,0.04224080155377883,-0.008537368970621628,-0.0001787739672636235
2011,0.49096679687500006,-0.844137271543167,0.04114328053725007,-0.0083137043724264,-0.00017508863368220773
2012,0.4912109375,-0.821233338337382,0.040045759520721626,-0.008090039774288016,-0.00017140330004394855
2013,0.491455078125,-0.798329405131597,0.03894823850419318,-0.007866375176092788,-0.00016771796640568937
2014,0.49169921875,-0.7754254719258121,0.037850717487664734,-0.0076427105779544036,-0.0001640326328242736
2015,0.491943359375,-0.7525215387200271,0.036753196471136285,-0.007419045979816019,-0.00016034729918601442
2016,0.49218750000000006,-0.7296176055142358,0.03565567545460752,-0.007195381381620791,-0.00015666196554775524
2017,0.492431640625,-0.7067136723084507,0.03455815443807908,-0.006971716783425563,-0.00015297663196633948
2018,0.49267578125,-0.6838097391026657,0.03346063342155064,-0.006748052185287179,-0.0001492912983280803
2019,0.492919921875,-0.6609058058968809,0.03236311240502219,-0.006524387587148794,-0.00014560596474666454
2020,0.4931640625,-0.6380018726910959,0.03126559138849374,-0.0063007229889535665,-0.00014192063110840536
2021,0.49340820312500006,-0.6150979394853046,0.03016807037196499,-0.006077058390758339,-0.00013823529747014618
2022,0.49365234375,-0.5921940062795196,0.02907054935543654,-0.005853393792619954,-0.00013454996388873042
2023,0.493896484375,-0.5692900730737346,0.02797302833890809,-0.005629729194424726,-0.00013086463025047124
2024,0.494140625,-0.5463861398679497,0.026875507322379644,-0.005406064596286342,-0.00012717929666905547
2025,0.494384765625,-0.5234822066621647,0.0257779863058512,-0.005182399998147957,-0.0001234939630307963
2026,0.49462890625000006,-0.5005782734563733,0.024680465289322443,-0.0049587353999527295,-0.00011980862939253711
2027,0.494873046875,-0.47767434025058836,0.023582944272793994,-0.004735070801757502,-0.00011612329581112135
2028,0.4951171875,-0.45477040704480337,0.022485423256265548,-0.004511406203619117,-0.00011243796217286217
2029,0.495361328125,-0.43186647383901844,0.021387902239737105,-0.004287741605480733,-0.00010875262859144641
2030,0.49560546875,-0.40896254063323345,0.020290381223208656,-0.004064077007285505,-0.00010506729495318723
2031,0.49584960937500006,-0.386058607427442,0.019192860206679898,-0.003840412409090277,-0.00010138196131492805
2032,0.49609375,-0.3631546742216571,0.018095339190151452,-0.0036167478109518925,-9.769662773351229e-05
2033,0.496337890625,-0.3402507410158721,0.01699781817362301,-0.0033930832127566646,-9.40112940952531e-05
2034,0.49658203125,-0.31734680781008723,0.01590029715709456,-0.00316941861461828,-9.032596051383734e-05
2035,0.496826171875,-0.2944428746043022,0.014802776140566116,-0.0029457540164798957,-8.664062687557816e-05
2036,0.49707031250000006,-0.2715759426987056,0.013707300622809547,-0.002722121537658495,-8.294884702308991e-05
2037,0.497314453125,-0.24871826111816425,0.012612336479746343,-0.0024984970887658164,-7.925545565967695e-05
2038,0.49755859375,-0.22586057953762284,0.01151737233668314,-0.0022748726398162944,-7.5562064296264e-05
2039,0.497802734375,-0.20300289795708146,0.010422408193619935,-0.0020512481908667723,-7.186867293285104e-05
2040,0.498046875,-0.18014521637654007,0.009327444050556728,-0.0018276237419740937,-6.817528151259467e-05
2041,0.49829101562500006,-0.1572875347959922,0.008232479907493213,-0.0016039992930245717,-6.448189014918171e-05
2042,0.49853515625,-0.13442985321545078,0.0071375157644300085,-0.0013803748440750496,-6.078849878576875e-05
2043,0.498779296875,-0.11157217163490939,0.0060425516213668045,-0.0011567503951255276,-5.7095107365512376e-05
2044,0.4990234375,-0.08871449005436802,0.0049475874783036,-0.000933125946232849,-5.340171600209942e-05
2045,0.499267578125,-0.06585680847382662,0.003852623335240395,-0.0007095014972833269,-4.970832463868646e-05
2046,0.49951171875000006,-0.04299912689327869,0.0027576591921768786,-0.00048587704833380485,-4.6014933275273506e-05
2047,0.499755859375,-0.020141445312737313,0.0016626950491136741,-0.0002622525994411262,-4.232154185501713e-05
2048,0.5,0.002716236267804071,0.0005677309060504709,-3.8628150491604174e-05,-3.8628150491604174e-05
2049,0.500244140625,0.025573917848345458,-0.0005272332370127354,0.00018499629845791787,-3.493475912819122e-05
2050,0.50048828125,0.048431599428886835,-0.0016221973800759385,0.0004086207473505965,-3.124136770793484e-05
2051,0.500732421875,0.07128928100943475,-0.002717161523139455,0.0006322451963001186,-2.7547976344521885e-05
2052,0.5009765625,0.09414696258997615,-0.0038121256662026607,0.0008558696452496406,-2.385458498110893e-05
2053,0.501220703125,0.11700464417051754,-0.004907089809265863,0.0010794940941423192,-2.016119361769597e-05
2054,0.50146484375,0.13986232575105892,-0.006002053952329067,0.0013031185430918413,-1.6467802197439596e-05
2055,0.501708984375,0.16272000733160036,-0.007097018095392274,0.0015267429920413633,-1.277441083402664e-05
2056,0.501953125,0.18557768891214824,-0.008191982238455789,0.0017503674409908854,-9.081019470613683e-06
2057,0.502197265625,0.20843537049268956,-0.009286946381518993,0.001973991889883564,-5.387628050357307e-06
2058,0.50244140625,0.23129305207323098,-0.0103819105245822,0.002197616338833086,-1.6942366869443504e-06
2059,0.502685546875,0.25415073365377244,-0.011476874667645402,0.002421240787782608,1.9991546764686063e-06
2060,0.5029296875,0.27700841523431374,-0.012571838810708608,0.0026448652366752867,5.692546039881563e-06
2061,0.503173828125,0.2998755826439315,-0.013667307670728688,0.0028684980052275932,9.384379268340126e-06
2062,0.50341796875,0.32278069336982157,-0.014764795398574726,0.003092164052134194,1.3069979786450858e-05
2063,0.503662109375,0.3456858040957117,-0.015862283126420764,0.003315830099040795,1.675558030456159e-05
2064,0.50390625,0.36859091482160183,-0.0169597708542668,0.003539496145947396,2.0441180822672322e-05
2065,0.504150390625,0.3914960255474919,-0.01805725858211284,0.0037631621929108405,2.4126781340783054e-05
2066,0.50439453125,0.41440113627338854,-0.019154746309959187,0.0039868282398174415,2.7812381858893787e-05
2067,0.504638671875,0.43730624699927867,-0.02025223403780523,0.0042104942867240425,3.149798237700452e-05
2068,0.5048828125,0.4602113577251687,-0.021349721765651263,0.0044341603336306434,3.518358295195867e-05
2069,0.505126953125,0.4831164684510588,-0.022447209493497305,0.004657826380594088,3.88691834700694e-05
2070,0.50537109375,0.506021579176949,-0.02354469722134334,0.004881492427500689,4.2554783988180134e-05
2071,0.505615234375,0.5289266899028455,-0.024642184949189693,0.00510515847440729,4.6240384506290866e-05
2072,0.505859375,0.5518318006287358,-0.025739672677035728,0.005328824521313891,4.99259850244016e-05
2073,0.506103515625,0.5747369113546258,-0.026837160404881762,0.005552490568220492,5.361158554251233e-05
2074,0.50634765625,0.597642022080516,-0.027934648132727804,0.005776156615183936,5.729718606062306e-05
2075,0.506591796875,0.6205471328064059,-0.02903213586057384,0.005999822662090537,6.0982786578733794e-05
2076,0.5068359375,0.6434522435323027,-0.030129623588420192,0.006223488708997138,6.466838709684453e-05
2077,0.507080078125,0.6663573542581928,-0.031227111316266227,0.006447154755903739,6.835398761495526e-05
2078,0.50732421875,0.6892624649840828,-0.032324599044112265,0.006670820802867183,7.203958813306599e-05
2079,0.507568359375,0.712167575709973,-0.033422086771958306,0.006894486849773784,7.572518865117672e-05
2080,0.5078125,0.7350726864358631,-0.03451957449980434,0.007118152896680385,7.941078916928745e-05
2081,0.508056640625,0.7579777971617597,-0.035617062227650695,0.007341818943586986,8.30963897442416e-05
2082,0.50830078125,0.7808829078876498,-0.03671454995549673,0.007565484990493587,8.678199026235234e-05
2083,0.508544921875,0.80378801861354,-0.037812037683342764,0.007789151037457032,9.046759078046307e-05
2084,0.5087890625,0.82669312933943,-0.038909525411188806,0.008012817084363633,9.41531912985738e-05
2085,0.509033203125,0.8495982400653201,-0.04000701313903484,0.008236483131270234,9.783879181668453e-05
2086,0.50927734375,0.8725033507912168,-0.041104500866881194,0.008460149178176835,0.00010152439233479527
2087,0.509521484375,0.8954931366145341,-0.04220657116563301,0.008683889497433483,0.00010519573942247007
2088,0.509765625,0.9185393725028032,-0.043311696511655375,0.008907679331514373,0.00010885758422318759
2089,0.510009765625,0.9415856083910721,-0.04441682185767772,0.009131469165595263,0.0001125194290239051
2090,0.51025390625,0.9646318442793409,-0.04552194720370007,0.009355258999676153,0.00011618127382462262
2091,0.510498046875,0.9876780801676165,-0.04662707254972274,0.009579048833700199,0.00011984311862534014
2092,0.5107421875,1.0107243160558854,-0.047732197895745086,0.009802838667781089,0.00012350496342605766
2093,0.510986328125,1.0337705519441545,-0.04883732324176745,0.010026628501861978,0.00012716680816993176
2094,0.51123046875,1.0568167878324233,-0.04994244858778979,0.010250418335942868,0.00013082865297064927
2095,0.511474609375,1.0798630237206923,-0.051047573933812145,0.010474208170023758,0.0001344904977713668
2096,0.51171875,1.1029092596089678,-0.05215269927983481,0.010697998004104647,0.0001381523425720843
2097,0.511962890625,1.1259554954972366,-0.05325782462585716,0.010921787838185537,0.00014181418737280183
2098,0.51220703125,1.1490017313855057,-0.05436294997187951,0.011145577672266427,0.00014547603217351934
2099,0.512451171875,1.1720479672737747,-0.05546807531790187,0.011369367506347317,0.00014913787697423686
2100,0.5126953125,1.1950942031620435,-0.05657320066392422,0.011593157340428206,0.00015279972177495438
2101,0.512939453125,1.218140439050319,-0.05767832600994688,0.011816947174509096,0.0001564615665756719
2102,0.51318359375,1.2411866749385883,-0.05878345135596923,0.012040737008589986,0.0001601234113763894
2103,0.513427734375,1.264232910826857,-0.059888576701991575,0.012264526842670875,0.00016378525617710693
2104,0.513671875,1.2872791467151259,-0.06099370204801393,0.012488316676751765,0.00016744710097782445
2105,0.513916015625,1.310325382603395,-0.062098827394036285,0.012712106510832655,0.00017110894577854197
2106,0.51416015625,1.3333716184916706,-0.06320395274005895,0.012935896344913544,0.00017477079052241606
2107,0.514404296875,1.3564178543799397,-0.0643090780860813,0.013159686178994434,0.00017843263532313358
2108,0.5146484375,1.3794640902682085,-0.06541420343210366,0.013383476013075324,0.0001820944801238511
2109,0.514892578125,1.4025103261564775,-0.06651932877812601,0.013607265847156214,0.00018575632492456862
2110,0.51513671875,1.4255565620447463,-0.06762445412414834,0.013831055681237103,0.00018941816972528613
2111,0.515380859375,1.4486027979330218,-0.06872957947017103,0.014054845515317993,0.00019308001452600365
2112,0.515625,1.4716490338212909,-0.06983470481619337,0.014278635349398883,0.00019674185932672117
2113,0.515869140625,1.494930136951706,-0.0709526784606375,0.014502632455958064,0.0002003636327572167
2114,0.51611328125,1.5182112400821213,-0.07207065210508162,0.014726629562517246,0.00020398540618771221
2115,0.516357421875,1.5414923432125363,-0.07318862574952574,0.014950626669133271,0.00020760717961820774
2116,0.5166015625,1.564773446342958,-0.07430659939397018,0.015174623775692453,0.00021122895304870326
2117,0.516845703125,1.5880545494733729,-0.07542457303841431,0.015398620882251635,0.0002148507265360422
2118,0.51708984375,1.611335652603788,-0.07654254668285843,0.015622617988810816,0.00021847249996653773
2119,0.517333984375,1.634616755734203,-0.07766052032730256,0.015846615095369998,0.00022209427339703325
2120,0.517578125,1.657897858864618,-0.07877849397174667,0.016070612201986023,0.00022571604682752877
2121,0.517822265625,1.68117896199504,-0.07989646761619111,0.016294609308545205,0.0002293378202580243
2122,0.51806640625,1.704460065125455,-0.08101444126063523,0.016518606415104387,0.00023295959368851982
2123,0.518310546875,1.7277411682558699,-0.08213241490507937,0.016742603521663568,0.00023658136711901534
2124,0.5185546875,1.751022271386285,-0.08325038854952349,0.01696660062822275,0.00024020314054951086
2125,0.518798828125,1.7743033745167003,-0.08436836219396762,0.01719059773478193,0.00024382491398000639
2126,0.51904296875,1.797584477647122,-0.08548633583841207,0.017414594841397957,0.00024744668746734533
2127,0.519287109375,1.820865580777537,-0.08660430948285619,0.01763859194795714,0.00025106846089784085
2128,0.51953125,1.8441466839079523,-0.08772228312730031,0.01786258905451632,0.0002546902343283364
2129,0.519775390625,1.8674277870383669,-0.08884025677174444,0.018086586161075502,0.0002583120077588319
2130,0.52001953125,1.8907088901687819,-0.08995823041618856,0.018310583267634684,0.0002619337811893274
2131,0.520263671875,1.9139899932992037,-0.09107620406063299,0.01853458037425071,0.00026555555461982294
2132,0.5205078125,1.9372710964296187,-0.09219417770507711,0.01875857748080989,0.00026917732805031847
2133,0.520751953125,1.960552199560034,-0.09331215134952124,0.018982574587369072,0.000272799101480814
2134,0.52099609375,1.9838333026904489,-0.09443012499396536,0.019206571693928254,0.0002764208749113095
2135,0.521240234375,2.007114405820864,-0.09554809863840949,0.019430568800487436,0.00028004264839864845
2136,0.521484375,2.030395508951286,-0.09666607228285393,0.01965456590710346,0.000283664421829144
2137,0.521728515625,2.053676612081701,-0.09778404592729804,0.019878563013662642,0.0002872861952596395
2138,0.52197265625,2.0770891844769874,-0.09890930130016429,0.02010267726041093,0.0002908851788561151
2139,0.522216796875,2.1006989607695803,-0.1000454792656637,0.02032696721744287,0.0002944499777868259
2140,0.5224609375,2.124308737062173,-0.10118165723116312,0.020551257174531656,0.00029801477671753673
2141,0.522705078125,2.1479185133547722,-0.10231783519666288,0.0207755471315636,0.00030157957564824756
2142,0.52294921875,2.1715282896473656,-0.1034540131621623,0.020999837088652384,0.0003051443745789584
2143,0.523193359375,2.1951380659399584,-0.10459019112766171,0.021224127045684327,0.0003087091735096692
2144,0.5234375,2.2187478422325513,-0.10572636909316112,0.021448417002773112,0.00031227397244038
2145,0.523681640625,2.242357618525144,-0.10686254705866054,0.021672706959805055,0.00031583877137109084
2146,0.52392578125,2.265967394817744,-0.10799872502416027,0.02189699691689384,0.00031940357030180166
2147,0.524169921875,2.289577171110337,-0.1091349029896597,0.022121286873925783,0.0003229683692325125
2148,0.5244140625,2.31318694740293,-0.11027108095515913,0.02234557683101457,0.0003265331681632233
2149,0.524658203125,2.3367967236955227,-0.11140725892065854,0.02256986678804651,0.00033009796709393413
2150,0.52490234375,2.3604064999881156,-0.11254343688615795,0.022794156745135297,0.00033366276602464495
2151,0.525146484375,2.384016276280715,-0.11367961485165769,0.02301844670216724,0.0003372275649553558
2152,0.525390625,2.407626052573308,-0.11481579281715709,0.02324273665919918,0.0003407923638860666
2153,0.525634765625,2.431235828865901,-0.11595197078265652,0.023467026616287967,0.000344357162759934
2154,0.52587890625,2.4548456051584937,-0.11708814874815593,0.02369131657331991,0.0003479219616906448
2155,0.526123046875,2.478455381451087,-0.11822432671365535,0.023915606530408695,0.00035148676062135564
2156,0.5263671875,2.5020651577436865,-0.1193605046791551,0.024139896487440637,0.00035505155955206646
2157,0.526611328125,2.52567493403628,-0.12049668264465452,0.024364186444529423,0.0003586163584827773
2158,0.52685546875,2.5492847103288723,-0.12163286061015392,0.024588476401561365,0.0003621811574134881
2159,0.527099609375,2.5728944866214656,-0.12276903857565336,0.02481276635865015,0.00036574595634419893
2160,0.52734375,2.596504262914058,-0.12390521654115276,0.025037056315682094,0.00036931075527490975
2161,0.527587890625,2.6201140392066575,-0.1250413945066525,0.02526134627277088,0.0003728755542056206
2162,0.52783203125,2.643723815499251,-0.1261775724721519,0.02548563622980282,0.0003764403531363314
2163,0.528076171875,2.6673335917918437,-0.12731375043765134,0.025709926186891607,0.0003800051520670422
2164,0.5283203125,2.6912813996068445,-0.12846891277030648,0.02593452112137129,0.0003835101867935009
2165,0.528564453125,2.715313715302448,-0.12962882119475058,0.02615919230026975,0.0003870002804546857
2166,0.52880859375,2.7393460309980577,-0.130788729619195,0.026383863479168213,0.00039049037417271393
2167,0.529052734375,2.763378346693661,-0.1319486380436391,0.026608534658066674,0.00039398046783389873
2168,0.529296875,2.7874106623892643,-0.1331085464680832,0.026833205836965135,0.00039747056149508353
2169,0.529541015625,2.8114429780848673,-0.13426845489252728,0.027057877015863596,0.00040096065521311175
2170,0.52978515625,2.83547529378047,-0.13542836331697136,0.027282548194762057,0.00040445074887429655
2171,0.530029296875,2.85950760947608,-0.1365882717414158,0.02750721937366052,0.00040794084259232477
2172,0.5302734375,2.883539925171683,-0.1377481801658599,0.02773189055255898,0.00041143093625350957
2173,0.530517578125,2.907572240867286,-0.13890808859030399,0.02795656173145744,0.00041492102991469437
2174,0.53076171875,2.931604556562889,-0.1400679970147481,0.028181232910355902,0.0004184111236327226
2175,0.531005859375,2.9556368722584927,-0.14122790543919217,0.028405904089254363,0.0004219012172939074
2176,0.53125,2.9796691879541024,-0.1423878138636366,0.028630575268152825,0.0004253913109550922
2177,0.531494140625,3.0037015036497055,-0.14354772228808071,0.02885524644710813,0.0004288814046731204
2178,0.53173828125,3.0277338193453085,-0.1447076307125248,0.02907991762600659,0.0004323714983343052
2179,0.531982421875,3.0517661350409115,-0.14586753913696887,0.029304588804905052,0.00043586159205233344
2180,0.5322265625,3.0757984507365146,-0.14702744756141295,0.029529259983803513,0.00043935168571351824
2181,0.532470703125,3.0998307664321247,-0.14818735598585742,0.029753931162701974,0.00044284177937470304
2182,0.53271484375,3.123863082127728,-0.1493472644103015,0.029978602341600435,0.00044633187309273126
2183,0.532958984375,3.147895397823331,-0.15050717283474557,0.030203273520498897,0.00044982196675391606
2184,0.533203125,3.171927713518934,-0.15166708125918968,0.030427944699397358,0.0004533120604719443
2185,0.533447265625,3.1959600292145374,-0.15282698968363378,0.03065261587829582,0.0004568021541331291
2186,0.53369140625,3.2199923449101466,-0.1539868981080782,0.03087728705719428,0.0004602922477943139
2187,0.533935546875,3.24402466060575,-0.1551468065325223,0.03110195823609274,0.0004637823415123421
2188,0.5341796875,3.268056976301353,-0.15630671495696638,0.0313266294149912,0.0004672724351735269
2189,0.534423828125,3.2921925786448853,-0.1574725069696334,0.031551395184465036,0.00047074382746359333
2190,0.53466796875,3.3167413275801354,-0.15866183333519224,0.0317765393162972,0.0004741404139849692
2191,0.534912109375,3.3412900765153926,-0.15985115970075142,0.03200168344812937,0.0004775370005631885
2192,0.53515625,3.3658388254506417,-0.16104048606631025,0.03222682757996154,0.00048093358708456435
2193,0.535400390625,3.390387574385892,-0.16222981243186907,0.0324519717117937,0.00048433017366278364
2194,0.53564453125,3.414936323321142,-0.1634191387974279,0.032677115843682714,0.0004877267602410029
2195,0.535888671875,3.439485072256392,-0.16460846516298672,0.03290225997551488,0.0004911233467623788
2196,0.5361328125,3.4640338211916486,-0.1657977915285459,0.03312740410734705,0.0004945199333405981
2197,0.536376953125,3.4885825701268987,-0.16698711789410473,0.033352548239179214,0.0004979165198619739
2198,0.53662109375,3.5131313190621483,-0.16817644425966352,0.03357769237101138,0.0005013131064401932
2199,0.536865234375,3.537680067997398,-0.16936577062522237,0.03380283650284355,0.0005047096930184125
2200,0.537109375,3.562228816932649,-0.1705550969907812,0.034027980634675714,0.0005081062795397884
2201,0.537353515625,3.5867775658679055,-0.17174442335634038,0.034253124766564724,0.0005115028661180077
2202,0.53759765625,3.6113263148031547,-0.17293374972189915,0.03447826889839689,0.0005148994526962269
2203,0.537841796875,3.6358750637384047,-0.174123076087458,0.03470341303022906,0.0005182960392176028
2204,0.5380859375,3.6604238126736552,-0.17531240245301682,0.034928557162061225,0.0005216926257958221
2205,0.538330078125,3.684972561608905,-0.17650172881857568,0.03515370129389339,0.000525089212317198
2206,0.53857421875,3.7095213105441616,-0.17769105518413483,0.03537884542572556,0.0005284857988954172
2207,0.538818359375,3.734070059479411,-0.17888038154969366,0.035603989557557725,0.0005318823854736365
2208,0.5390625,3.7586188084146612,-0.18006970791525245,0.035829133689446735,0.0005352789719950124
2209,0.539306640625,3.7831675573499113,-0.1812590342808113,0.0360542778212789,0.0005386755585732317
2210,0.53955078125,3.8077163062851613,-0.18244836064637013,0.03627942195311107,0.0005420721450946075
2211,0.539794921875,3.832265055220418,-0.1836376870119293,0.036504566084943235,0.0005454687316728268
2212,0.5400390625,3.856813804155668,-0.1848270133774881,0.0367297102167754,0.0005488653182510461
2213,0.540283203125,3.8813625530909177,-0.18601633974304693,0.03695485434860757,0.000552261904772422
2214,0.54052734375,3.9059113020261673,-0.18720566610860578,0.037179998480439735,0.0005556584913506413
2215,0.540771484375,3.9308262222516634,-0.18841612141080874,0.03740548367483143,0.0005589869020354854
2216,0.541015625,3.9559852566706617,-0.18964066267077484,0.03763119624414912,0.0005622698622005373
2217,0.541259765625,3.9811442910896533,-0.19086520393074055,0.03785690881352366,0.0005655528223087458
2218,0.54150390625,4.006303325508645,-0.19208974519070626,0.03808262138284135,0.0005688357824737977
2219,0.541748046875,4.0314623599276365,-0.193314286450672,0.03830833395221589,0.0005721187426388497
2220,0.5419921875,4.056621394346628,-0.19453882771063774,0.03853404652153358,0.0005754017027470582
2221,0.542236328125,4.081780428765628,-0.1957633689706038,0.03875975909090812,0.0005786846629121101
2222,0.54248046875,4.106939463184619,-0.1969879102305695,0.03898547166022581,0.0005819676230203186
2223,0.542724609375,4.132098497603611,-0.19821245149053526,0.03921118422960035,0.0005852505831853705
2224,0.54296875,4.157257532022602,-0.19943699275050097,0.03943689679891804,0.000588533543293579
2225,0.543212890625,4.182416566441594,-0.2006615340104667,0.03966260936829258,0.0005918165034586309
2226,0.54345703125,4.207575600860594,-0.20188607527043276,0.03988832193761027,0.0005950994635668394
2227,0.543701171875,4.232734635279585,-0.2031106165303985,0.04011403450698481,0.0005983824237318913
2228,0.5439453125,4.257893669698577,-0.20433515779036424,0.040339747076359345,0.0006016653838400998
2229,0.544189453125,4.283052704117568,-0.20555969905032997,0.04056545964567704,0.0006049483440051517
2230,0.54443359375,4.308211738536561,-0.20678424031029569,0.040791172215051574,0.0006082313041702037
2231,0.544677734375,4.33337077295556,-0.20800878157026176,0.04101688478436927,0.0006115142642784122
2232,0.544921875,4.358529807374552,-0.2092333228302275,0.041242597353743804,0.0006147972244434641
2233,0.545166015625,4.383688841793543,-0.21045786409019324,0.0414683099230615,0.0006180801845516726
2234,0.54541015625,4.408847876212534,-0.21168240535015892,0.041694022492436034,0.0006213631447167245
2235,0.545654296875,4.434006910631527,-0.2129069466101247,0.04191973506175373,0.000624646104824933
2236,0.5458984375,4.459165945050526,-0.21413148787009073,0.04214544763112826,0.0006279290649899849
2237,0.546142578125,4.484324979469518,-0.21535602913005647,0.042371160200445956,0.0006312120250981934
2238,0.54638671875,4.509484013888509,-0.21658057039002218,0.04259687276982049,0.0006344949852632453
2239,0.546630859375,4.5346430483075,-0.2178051116499879,0.042822585339138186,0.0006377779453714538
2240,0.546875,4.559802082726493,-0.21902965290995366,0.04304829790851272,0.0006410609055365057
2241,0.547119140625,4.585665101152966,-0.22029521110164918,0.04327467833593346,0.0006442085559115185
2242,0.54736328125,4.611528119579432,-0.2215607692933444,0.04350105876329735,0.0006473562062865312
2243,0.547607421875,4.637391138005898,-0.22282632748503955,0.04372743919071809,0.000650503856661544
2244,0.5478515625,4.663254156432364,-0.22409188567673477,0.04395381961813882,0.0006536515070365567
2245,0.548095703125,4.689117174858831,-0.22535744386842996,0.044180200045502716,0.0006567991574115695
2246,0.54833984375,4.714980193285305,-0.22662300206012556,0.04440658047292345,0.0006599468077865822
2247,0.548583984375,4.740843211711771,-0.22788856025182072,0.04463296090034419,0.000663094458161595
2248,0.548828125,4.766706230138237,-0.22915411844351588,0.04485934132770808,0.0006662421085366077
2249,0.549072265625,4.792569248564703,-0.23041967663521107,0.045085721755128816,0.0006693897589116204
2250,0.54931640625,4.81843226699117,-0.23168523482690626,0.04531210218254955,0.0006725374092866332
2251,0.549560546875,4.844295285417643,-0.23295079301860186,0.045538482609913444,0.0006756850596616459
2252,0.5498046875,4.870158303844109,-0.23421635121029705,0.04576486303733418,0.0006788327100366587
2253,0.550048828125,4.896021322270575,-0.23548190940199223,0.045991243464754916,0.0006819803604116714
2254,0.55029296875,4.921884340697042,-0.23674746759368742,0.04621762389211881,0.0006851280107866842
2255,0.550537109375,4.9477473591235075,-0.23801302578538258,0.046444004319539545,0.0006882756611616969
2256,0.55078125,4.973610377549981,-0.23927858397707816,0.04667038474696028,0.0006914233115367097
2257,0.551025390625,4.999473395976447,-0.24054414216877337,0.04689676517432417,0.0006945709619117224
2258,0.55126953125,5.025336414402914,-0.24180970036046856,0.04712314560174491,0.0006977186122867352
2259,0.551513671875,5.051199432829381,-0.24307525855216372,0.047349526029165645,0.0007008662626617479
2260,0.5517578125,5.077062451255846,-0.24434081674385894,0.04757590645652954,0.0007040139130367606
2261,0.552001953125,5.1029254696823205,-0.24560637493555446,0.047802286883950273,0.0007071615634117734
2262,0.55224609375,5.1287884881087855,-0.24687193312724967,0.04802866731137101,0.0007103092137867861
2263,0.552490234375,5.154651506535252,-0.24813749131894486,0.0482550477387349,0.0007134568641617989
2264,0.552734375,5.180514524961719,-0.24940304951064007,0.04848142816615564,0.0007166045145368116
2265,0.552978515625,5.206377543388185,-0.25066860770233523,0.048707808593576374,0.0007197521649118244
2266,0.55322265625,5.232559509080719,-0.25195282905659305,0.048934497479933725,0.0007228362952105272
2267,0.553466796875,5.259219895672338,-0.2532650451546939,0.04916164905483811,0.0007258251452526565
2268,0.5537109375,5.285880282263954,-0.2545772612527948,0.04938880062974249,0.0007288139953516293
2269,0.553955078125,5.312540668855573,-0.2558894773508956,0.04961595220459003,0.000731802845450602
2270,0.55419921875,5.339201055447191,-0.2572016934489965,0.04984310377949441,0.0007347916954927314
2271,0.554443359375,5.365861442038816,-0.25851390954709774,0.05007025535434195,0.0007377805455917041
2272,0.5546875,5.392521828630434,-0.2598261256451986,0.050297406929246335,0.0007407693956906769
2273,0.554931640625,5.419182215222052,-0.2611383417432994,0.05052455850415072,0.0007437582457328062
2274,0.55517578125,5.445842601813671,-0.26245055784140026,0.05075171007899826,0.000746747095831779
2275,0.555419921875,5.472502988405287,-0.2637627739395011,0.05097886165390264,0.0007497359458739083
2276,0.5556640625,5.499163374996914,-0.2650749900376024,0.051206013228807024,0.0007527247959728811
2277,0.555908203125,5.525823761588531,-0.2663872061357032,0.05143316480365456,0.0007557136460718539
2278,0.55615234375,5.552484148180149,-0.2676994222338041,0.051660316378558946,0.0007587024961139832
2279,0.556396484375,5.579144534771767,-0.26901163833190495,0.051887467953406485,0.000761691346212956
2280,0.556640625,5.605804921363385,-0.27032385443000584,0.05211461952831087,0.0007646801963119287
2281,0.556884765625,5.632465307955011,-0.27163607052810707,0.05234177110321525,0.0007676690463540581
2282,0.55712890625,5.659125694546628,-0.2729482866262079,0.05256892267806279,0.0007706578964530308
2283,0.557373046875,5.685786081138247,-0.27426050272430874,0.05279607425296717,0.0007736467465520036
2284,0.5576171875,5.712446467729864,-0.27557271882240963,0.05302322582781471,0.000776635596594133
2285,0.557861328125,5.739106854321482,-0.2768849349205105,0.053250377402719096,0.0007796244466931057
2286,0.55810546875,5.765767240913107,-0.2781971510186117,0.05347752897762348,0.000782613296735235
2287,0.558349609375,5.792427627504725,-0.2795093671167126,0.05370468055247102,0.0007856021468342078
2288,0.55859375,5.8190880140963435,-0.28082158321481343,0.0539318321273754,0.0007885909969331806
2289,0.558837890625,5.8457484006879605,-0.28213379931291427,0.054158983702279784,0.0007915798469753099
2290,0.55908203125,5.8724087872795785,-0.2834460154110151,0.05438613527712732,0.0007945686970742827
2291,0.559326171875,5.899069173871204,-0.2847582315091164,0.054613286852031706,0.0007975575471732554
2292,0.5595703125,5.926441739836608,-0.28611196858618837,0.05484114078751645,0.0008003989319149696
2293,0.559814453125,5.953992350645458,-0.28747608590800305,0.05506917031317471,0.0008032034503457908
2294,0.56005859375,5.981542961454308,-0.2888402032298179,0.05529719983877612,0.0008060079688334554
2295,0.560302734375,6.0090935722631595,-0.29020432055163264,0.05552522936443438,0.0008088124872642766
2296,0.560546875,6.036644183072017,-0.29156843787344777,0.05575325889009264,0.0008116170056950978
2297,0.560791015625,6.064194793880868,-0.2929325551952626,0.05598128841569405,0.0008144215241827624
2298,0.56103515625,6.091745404689719,-0.2942966725170773,0.05620931794135231,0.0008172260426135836
2299,0.561279296875,6.119296015498569,-0.29566078983889216,0.05643734746701057,0.0008200305610444047
2300,0.5615234375,6.146846626307418,-0.2970249071607069,0.05666537699261198,0.0008228350794752259
2301,0.561767578125,6.174397237116278,-0.298389024482522,0.05689340651827024,0.0008256395979628905
2302,0.56201171875,6.201947847925127,-0.2997531418043368,0.0571214360439285,0.0008284441163937117
2303,0.562255859375,6.229498458733978,-0.30111725912615156,0.05734946556952991,0.0008312486348245329
2304,0.5625,6.257049069542829,-0.30248137644796635,0.05757749509518817,0.0008340531532553541
2305,0.562744140625,6.28459968035168,-0.30384549376978115,0.05780552462084643,0.0008368576717430187
2306,0.56298828125,6.312150291160537,-0.3052096110915963,0.05803355414644784,0.0008396621901738399
2307,0.563232421875,6.339700901969389,-0.3065737284134111,0.0582615836721061,0.0008424667086046611
2308,0.5634765625,6.367251512778239,-0.3079378457352258,0.058489613197764356,0.0008452712270923257
2309,0.563720703125,6.394802123587088,-0.3093019630570406,0.05871764272336577,0.0008480757455231469
2310,0.56396484375,6.422352734395939,-0.31066608037885535,0.05894567224902403,0.0008508802639539681
2311,0.564208984375,6.449903345204798,-0.31203019770067053,0.059173701774682286,0.0008536847823847893
2312,0.564453125,6.477453956013648,-0.3133943150224853,0.0594017313002837,0.0008564893008724539
2313,0.564697265625,6.505004566822499,-0.31475843234430007,0.05962976082594196,0.0008592938193032751
2314,0.56494140625,6.532555177631349,-0.31612254966611486,0.059857790351600215,0.0008620983377340963
2315,0.565185546875,6.5601057884402,-0.3174866669879296,0.06008581987720163,0.0008649028562217609
2316,0.5654296875,6.587656399249059,-0.31885078430974473,0.06031384940285989,0.0008677073746525821
2317,0.565673828125,6.615403466424534,-0.3202261878952329,0.060542076445926796,0.0008704694691346049
2318,0.56591796875,6.643936359066511,-0.32164673653541426,0.06077109355879884,0.0008730618679919644
2319,0.566162109375,6.6724692517084865,-0.3230672851755956,0.06100011067167088,0.0008756542667924805
2320,0.56640625,6.701002144350464,-0.324487833815777,0.061229127784542925,0.0008782466655929966
2321,0.566650390625,6.7295350369924485,-0.32590838245595877,0.06145814489741497,0.0008808390643935127
2322,0.56689453125,6.758067929634425,-0.32732893109614014,0.06168716201028701,0.0008834314631940288
2323,0.567138671875,6.786600822276401,-0.3287494797363215,0.061916179123159054,0.0008860238620513883
2324,0.5673828125,6.815133714918378,-0.3301700283765029,0.0621451962360311,0.0008886162608519044
2325,0.567626953125,6.843666607560354,-0.3315905770166843,0.06237421334890314,0.0008912086596524205
2326,0.56787109375,6.872199500202338,-0.33301112565686597,0.06260323046177518,0.0008938010584529366
2327,0.568115234375,6.900732392844315,-0.33443167429704745,0.06283224757464723,0.0008963934572534527
2328,0.568359375,6.929265285486292,-0.3358522229372288,0.06306126468751927,0.0008989858561108122
2329,0.568603515625,6.957798178128269,-0.33727277157741015,0.06329028180039131,0.0009015782549113283
2330,0.56884765625,6.986331070770246,-0.3386933202175915,0.06351929891326336,0.0009041706537118444
2331,0.569091796875,7.014863963412231,-0.3401138688577733,0.0637483160261354,0.0009067630525123604
2332,0.5693359375,7.0433968560542075,-0.3415344174979547,0.06397733313900744,0.0009093554513128765
2333,0.569580078125,7.071929748696182,-0.34295496613813603,0.06420635025187948,0.0009119478501133926
2334,0.56982421875,7.10046264133816,-0.3443755147783174,0.06443536736475153,0.0009145402489707521
2335,0.570068359375,7.128995533980136,-0.3457960634184988,0.06466438447762357,0.0009171326477712682
2336,0.5703125,7.157528426622121,-0.3472166120586806,0.06489340159049561,0.0009197250465717843
2337,0.570556640625,7.186061319264097,-0.3486371606988619,0.06512241870336766,0.0009223174453723004
2338,0.57080078125,7.214594211906075,-0.3500577093390433,0.0653514358162397,0.0009249098441728165
2339,0.571044921875,7.24312710454805,-0.3514782579792247,0.06558045292911174,0.000927502243030176
2340,0.5712890625,7.271659997190026,-0.35289880661940604,0.06580947004198379,0.0009300946418306921
2341,0.571533203125,7.300192889832011,-0.3543193552595878,0.06603848715485583,0.0009326870406312082
2342,0.57177734375,7.328725782473988,-0.35573990389976917,0.06626750426772787,0.0009352794394317243
2343,0.572021484375,7.357902602148328,-0.3571963605206902,0.06649718078892874,0.0009377264273098262
2344,0.572265625,7.38750870651091,-0.3586767557954376,0.06672729691564427,0.0009400764744782464
2345,0.572509765625,7.41711481087349,-0.36015715107018503,0.0669574130423598,0.0009424265217035099
2346,0.57275390625,7.44672091523608,-0.3616375463449329,0.06718752916907533,0.0009447765689287735
2347,0.572998046875,7.476327019598662,-0.3631179416196803,0.06741764529579086,0.000947126616154037
2348,0.5732421875,7.505933123961242,-0.3645983368944277,0.06764776142256324,0.0009494766633793006
2349,0.573486328125,7.535539228323823,-0.3660787321691752,0.06787787754927876,0.0009518267105477207
2350,0.57373046875,7.565145332686404,-0.36755912744392266,0.0681079936759943,0.0009541767577729843
2351,0.573974609375,7.594751437048995,-0.3690395227186704,0.06833810980270982,0.0009565268049982478
2352,0.57421875,7.624357541411577,-0.3705199179934179,0.06856822592942535,0.0009588768522235114
2353,0.574462890625,7.653963645774156,-0.37200031326816535,0.06879834205614088,0.0009612268993919315
2354,0.57470703125,7.683569750136737,-0.37348070854291276,0.06902845818285641,0.0009635769466171951
2355,0.574951171875,7.713175854499319,-0.3749611038176602,0.06925857430957194,0.0009659269938424586
2356,0.5751953125,7.742781958861907,-0.37644149909240804,0.06948869043634431,0.0009682770410677222
2357,0.575439453125,7.772388063224489,-0.37792189436715545,0.06971880656305984,0.0009706270882361423
2358,0.57568359375,7.801994167587071,-0.37940228964190287,0.06994892268977537,0.0009729771354614059
2359,0.575927734375,7.831600271949652,-0.3808826849166503,0.0701790388164909,0.0009753271826866694
2360,0.576171875,7.861206376312233,-0.3823630801913977,0.07040915494320643,0.000977677229911933
2361,0.576416015625,7.890812480674822,-0.38384347546614556,0.07063927106992196,0.0009800272771371965
2362,0.57666015625,7.920418585037404,-0.38532387074089297,0.07086938719663749,0.0009823773243056166
2363,0.576904296875,7.950024689399985,-0.3868042660156404,0.07109950332335302,0.0009847273715308802
2364,0.5771484375,7.979630793762566,-0.3882846612903879,0.07132961945006855,0.0009870774187561437
2365,0.577392578125,8.009236898125147,-0.3897650565651353,0.07155973557684092,0.0009894274659814073
2366,0.57763671875,8.038843002487736,-0.3912454518398831,0.07178985170355645,0.0009917775131498274
2367,0.577880859375,8.068449106850318,-0.3927258471146306,0.07201996783027198,0.000994127560375091
2368,0.578125,8.0980552112129,-0.394206242389378,0.07225008395698751,0.0009964776076003545
2369,0.578369140625,8.1288239399765,-0.39574829110943877,0.07248141087387694,0.0009985524822013758
2370,0.57861328125,8.159592668740101,-0.39729033982949963,0.07271273779082321,0.0010006273568023971
2371,0.578857421875,8.190361397503713,-0.3988323885495608,0.07294406470771264,0.0010027022314602618
2372,0.5791015625,8.221130126267314,-0.4003744372696217,0.07317539162465891,0.0010047771060612831
2373,0.579345703125,8.251898855030914,-0.40191648598968255,0.07340671854154834,0.0010068519806623044
2374,0.57958984375,8.282667583794517,-0.40345853470974335,0.07363804545843777,0.0010089268552633257
2375,0.579833984375,8.313436312558117,-0.40500058342980416,0.07386937237538405,0.0010110017299211904
2376,0.580078125,8.344205041321729,-0.4065426321498654,0.07410069929227348,0.0010130766045222117
2377,0.580322265625,8.37497377008533,-0.4080846808699262,0.07433202620921975,0.001015151479123233
2378,0.58056640625,8.40574249884893,-0.409626729589987,0.07456335312610918,0.0010172263537242543
2379,0.580810546875,8.436511227612531,-0.4111687783100479,0.07479468004305545,0.001019301228382119
2380,0.5810546875,8.467279956376135,-0.41271082703010875,0.07502600695994488,0.0010213761029831403
2381,0.581298828125,8.498048685139743,-0.41425287575016995,0.07525733387683431,0.0010234509775841616
2382,0.58154296875,8.528817413903345,-0.4157949244702308,0.07548866079378058,0.0010255258521851829
2383,0.581787109375,8.559586142666946,-0.4173369731902916,0.07571998771067001,0.0010276007268430476
2384,0.58203125,8.590354871430549,-0.41887902191035237,0.07595131462761628,0.0010296756014440689
2385,0.582275390625,8.62112360019415,-0.42042107063041323,0.07618264154450571,0.0010317504760450902
2386,0.58251953125,8.651892328957759,-0.4219631193504744,0.07641396846139514,0.0010338253506461115
2387,0.582763671875,8.682661057721361,-0.42350516807053534,0.07664529537834142,0.0010359002252471328
2388,0.5830078125,8.713429786484964,-0.42504721679059615,0.07687662229523085,0.0010379750999049975
2389,0.583251953125,8.744198515248565,-0.42658926551065696,0.07710794921217712,0.0010400499745060188
2390,0.58349609375,8.774967244012165,-0.42813131423071776,0.07733927612906655,0.00104212484910704
2391,0.583740234375,8.805735972775777,-0.429673362950779,0.07757060304601282,0.0010441997237080614
2392,0.583984375,8.836504701539377,-0.4312154116708398,0.07780192996290225,0.001046274598365926
2393,0.584228515625,8.86727343030298,-0.43275746039090063,0.07803325687979168,0.0010483494729669474
2394,0.58447265625,8.89854218711449,-0.43432401373326807,0.07826511221531973,0.0010503000800099471
2395,0.584716796875,8.930560985997868,-0.43592732400909534,0.07849776017866361,0.0010520642857159146
2396,0.5849609375,8.962579784881253,-0.437530634284923,0.07873040814200749,0.0010538284913650386
2397,0.585205078125,8.994598583764631,-0.4391339445607503,0.07896305610535137,0.0010555926970710061
2398,0.58544921875,9.026617382648007,-0.44073725483657755,0.07919570406869525,0.0010573569027769736
2399,0.585693359375,9.058636181531385,-0.44234056511240477,0.07942835203203913,0.0010591211084260976
2400,0.5859375,9.090654980414762,-0.443943875388232,0.07966099999538301,0.001060885314132065
2401,0.586181640625,9.122673779298148,-0.4455471856640598,0.07989364795872689,0.0010626495198380326
2402,0.58642578125,9.154692578181526,-0.447150495939887,0.08012629592207077,0.0010644137254871566
2403,0.586669921875,9.186711377064901,-0.4487538062157142,0.08035894388547149,0.001066177931193124
2404,0.5869140625,9.218730175948279,-0.45035711649154153,0.08059159184881537,0.0010679421368990916
2405,0.587158203125,9.250748974831655,-0.45196042676736875,0.08082423981215925,0.0010697063425482156
2406,0.58740234375,9.282767773715042,-0.4535637370431964,0.08105688777550313,0.001071470548254183
2407,0.587646484375,9.314786572598418,-0.4551670473190237,0.08128953573884701,0.0010732347539601506
2408,0.587890625,9.346805371481796,-0.45677035759485096,0.08152218370219089,0.001074998959666118
2409,0.588134765625,9.378824170365172,-0.4583736678706782,0.08175483166553477,0.001076763165315242
2410,0.58837890625,9.41084296924855,-0.45997697814650546,0.08198747962887865,0.0010785273710212095
2411,0.588623046875,9.442861768131936,-0.4615802884223331,0.08222012759222252,0.001080291576727177
2412,0.5888671875,9.474880567015314,-0.4631835986981604,0.0824527755555664,0.001082055782376301
2413,0.589111328125,9.50689936589869,-0.46478690897398767,0.08268542351896713,0.0010838199880822685
2414,0.58935546875,9.538918164782068,-0.4663902192498149,0.082918071482311,0.001085584193788236
2415,0.589599609375,9.570936963665444,-0.4679935295256422,0.08315071944565489,0.00108734839943736
2416,0.58984375,9.60295576254883,-0.46959683980146993,0.08338336740899877,0.0010891126051433275
2417,0.590087890625,9.634974561432207,-0.4712001500772971,0.08361601537234264,0.001090876810849295
2418,0.59033203125,9.666993360315585,-0.4728034603531243,0.08384866333568652,0.001092641016498419
2419,0.590576171875,9.699012159198961,-0.47440677062895165,0.0840813112990304,0.0010944052222043865
2420,0.5908203125,9.732098989962518,-0.4760564666796361,0.08431510122710506,0.0010958903493474281
2421,0.591064453125,9.765452828696128,-0.47771775917403525,0.08454917664630557,0.0010973057068213166
2422,0.59130859375,9.79880666742973,-0.47937905166843403,0.08478325206550608,0.001098721064295205
2423,0.591552734375,9.83216050616333,-0.4810403441628327,0.08501732748470658,0.0011001364217690934
2424,0.591796875,9.865514344896932,-0.4827016366572315,0.08525140290396394,0.0011015517792429819
2425,0.592041015625,9.898868183630533,-0.4843629291516302,0.08548547832316444,0.0011029671367168703
2426,0.59228515625,9.932222022364144,-0.48602422164602943,0.08571955374236495,0.0011043824941907587
2427,0.592529296875,9.965575861097745,-0.4876855141404281,0.0859536291616223,0.0011057978516646472
2428,0.5927734375,9.998929699831347,-0.4893468066348269,0.08618770458082281,0.0011072132091385356
2429,0.593017578125,10.032283538564949,-0.4910080991292256,0.08642178000002332,0.001108628566612424
2430,0.59326171875,10.065637377298549,-0.4926693916236244,0.08665585541922383,0.0011100439240863125
2431,0.593505859375,10.09899121603216,-0.49433068411802356,0.08688993083848118,0.001111459281560201
2432,0.59375,10.13234505476576,-0.49599197661242234,0.08712400625768169,0.0011128746390340893
2433,0.593994140625,10.16569889349936,-0.497653269106821,0.0873580816768822,0.0011142899964511344
2434,0.59423828125,10.199052732232962,-0.4993145616012198,0.08759215709613954,0.0011157053539250228
2435,0.594482421875,10.232406570966564,-0.5009758540956185,0.08782623251534005,0.0011171207113989112
2436,0.5947265625,10.265760409700174,-0.5026371465900177,0.08806030793454056,0.0011185360688727997
2437,0.594970703125,10.299114248433776,-0.5042984390844164,0.08829438335374107,0.001119951426346688
2438,0.59521484375,10.332468087167378,-0.5059597315788152,0.08852845877299842,0.0011213667838205765
2439,0.595458984375,10.36582192590098,-0.5076210240732139,0.08876253419219893,0.001122782141294465
2440,0.595703125,10.39917576463458,-0.5092823165676126,0.08899660961139944,0.0011241974987683534
2441,0.595947265625,10.432529603368192,-0.5109436090620119,0.08923068503065679,0.0011256128562422418
2442,0.59619140625,10.465883442101791,-0.5126049015564105,0.0894647604498573,0.0011270282137161303
2443,0.596435546875,10.499237280835393,-0.5142661940508093,0.0896988358690578,0.0011284435711900187
2444,0.5966796875,10.532591119568995,-0.515927486545208,0.08993291128825831,0.0011298589286639071
2445,0.596923828125,10.56622835176552,-0.5175989848401279,0.09016729215028363,0.001131196362848641
2446,0.59716796875,10.600999157813753,-0.5193113063371324,0.09040289478338082,0.0011322221037630698
2447,0.597412109375,10.635769963861975,-0.5210236278341365,0.090638497416478,0.0011332478446774985
2448,0.59765625,10.670540769910197,-0.5227359493311404,0.09087410004957519,0.0011342735855919273
2449,0.597900390625,10.70531157595842,-0.5244482708281445,0.09110970268267238,0.001135299326506356
2450,0.59814453125,10.740082382006642,-0.5261605923251486,0.09134530531576956,0.0011363250674776282
2451,0.598388671875,10.774853188054875,-0.5278729138221532,0.09158090794886675,0.001137350808392057
2452,0.5986328125,10.809623994103099,-0.5295852353191572,0.09181651058196394,0.0011383765493064857
2453,0.598876953125,10.844394800151322,-0.5312975568161613,0.09205211321506113,0.0011394022902209144
2454,0.59912109375,10.879165606199543,-0.5330098783131654,0.09228771584815831,0.0011404280311353432
2455,0.599365234375,10.913936412247764,-0.5347221998101694,0.0925233184812555,0.001141453772049772
2456,0.599609375,10.948707218295999,-0.536434521307174,0.09275892111435269,0.0011424795129642007
2457,0.599853515625,10.98347802434422,-0.5381468428041781,0.09299452374744988,0.0011435052538786294
2458,0.60009765625,11.018248830392444,-0.5398591643011822,0.09323012638054706,0.0011445309948499016
2459,0.600341796875,11.053019636440666,-0.5415714857981861,0.09346572901364425,0.0011455567357643304
2460,0.6005859375,11.087790442488888,-0.5432838072951903,0.09370133164674144,0.0011465824766787591
2461,0.600830078125,11.12256124853712,-0.5449961287921948,0.09393693427983862,0.0011476082175931879
2462,0.60107421875,11.157332054585343,-0.5467084502891989,0.09417253691293581,0.0011486339585076166
2463,0.601318359375,11.192102860633568,-0.548420771786203,0.094408139546033,0.0011496596994220454
2464,0.6015625,11.22687366668179,-0.550133093283207,0.09464374217913019,0.0011506854403364741
2465,0.601806640625,11.261644472730012,-0.5518454147802112,0.09487934481222737,0.0011517111812509029
2466,0.60205078125,11.296415278778245,-0.5535577362772157,0.09511494744532456,0.0011527369221653316
2467,0.602294921875,11.331186084826466,-0.5552700577742197,0.09535055007842175,0.0011537626631366038
2468,0.6025390625,11.36595689087469,-0.5569823792712238,0.09558615271151893,0.0011547884040510326
2469,0.602783203125,11.400727696922912,-0.5586947007682278,0.09582175534461612,0.0011558141449654613
2470,0.60302734375,11.435498502971134,-0.560407022265232,0.09605735797771331,0.00115683988587989
2471,0.603271484375,11.471166448164169,-0.5621430571349403,0.09629393082673232,0.0011576059754929702
2472,0.603515625,11.507432486120395,-0.563894900919784,0.09653115048627114,0.0011581989642195367
2473,0.603759765625,11.543698524076621,-0.5656467447046277,0.09676837014586681,0.0011587919529461033
2474,0.60400390625,11.579964562032846,-0.5673985884894714,0.09700558980546248,0.0011593849416726698
2475,0.604248046875,11.616230599989072,-0.569150432274315,0.0972428094650013,0.0011599779303992364
2476,0.6044921875,11.652496637945307,-0.5709022760591593,0.09748002912459697,0.001160570919125803
2477,0.604736328125,11.688762675901533,-0.572654119844003,0.09771724878419263,0.0011611639078523694
2478,0.60498046875,11.725028713857759,-0.5744059636288468,0.09795446844373146,0.001161756896578936
2479,0.605224609375,11.761294751813985,-0.5761578074136905,0.09819168810332712,0.0011623498853055025
2480,0.60546875,11.797560789770209,-0.5779096511985341,0.09842890776292279,0.001162942874032069
2481,0.605712890625,11.833826827726444,-0.5796614949833783,0.09866612742246161,0.0011635358627586356
2482,0.60595703125,11.870092865682672,-0.581413338768222,0.09890334708205728,0.0011641288514852022
2483,0.606201171875,11.906358903638896,-0.5831651825530657,0.09914056674165295,0.0011647218402117687
2484,0.6064453125,11.942624941595122,-0.5849170263379094,0.09937778640119177,0.0011653148289383353
2485,0.606689453125,11.978890979551347,-0.586668870122753,0.09961500606078744,0.0011659078176649018
2486,0.60693359375,12.015157017507583,-0.5884207139075974,0.0998522257203831,0.0011665008064483118
2487,0.607177734375,12.05142305546381,-0.5901725576924411,0.10008944537992193,0.0011670937951748783
2488,0.607421875,12.087689093420035,-0.5919244014772849,0.10032666503951759,0.0011676867839014449
2489,0.607666015625,12.12395513137626,-0.5936762452621285,0.10056388469905642,0.0011682797726280114
2490,0.60791015625,12.160221169332486,-0.5954280890469722,0.10080110435865208,0.001168872761354578
2491,0.608154296875,12.19648720728872,-0.5971799328318164,0.10103832401824775,0.0011694657500811445
2492,0.6083984375,12.232753245244949,-0.5989317766166602,0.10127554367778657,0.001170058738807711
2493,0.608642578125,12.269019283201173,-0.6006836204015039,0.10151276333738224,0.0011706517275342776
2494,0.60888671875,12.305285321157399,-0.6024354641863475,0.1017499829969779,0.0011712447162608441
2495,0.609130859375,12.341551359113623,-0.6041873079711912,0.10198720265651673,0.0011718377049874107
2496,0.609375,12.37781739706986,-0.6059391517560354,0.1022244223161124,0.0011724306937139772
2497,0.609619140625,12.41565259739272,-0.6077134937111058,0.10246333508695216,0.001172545806070957
2498,0.60986328125,12.453487797715583,-0.6094878356661761,0.10270224785779192,0.0011726609184279368
2499,0.610107421875,12.491322998038443,-0.6112621776212465,0.10294116062857483,0.00117277603084176
2500,0.6103515625,12.529158198361303,-0.6130365195763169,0.1031800733994146,0.0011728911431987399
2501,0.610595703125,12.566993398684176,-0.6148108615313878,0.10341898617025436,0.0011730062555557197
2502,0.61083984375,12.604828599007035,-0.6165852034864581,0.10365789894109412,0.0011731213679126995
2503,0.611083984375,12.642663799329897,-0.6183595454415285,0.10389681171193388,0.0011732364802696793
2504,0.611328125,12.680498999652757,-0.6201338873965988,0.10413572448277364,0.0011733515926835025
2505,0.611572265625,12.718334199975617,-0.6219082293516691,0.10437463725355656,0.0011734667050404823
2506,0.61181640625,12.75616940029849,-0.62368257130674,0.10461355002439632,0.0011735818173974621
2507,0.612060546875,12.79400460062135,-0.6254569132618104,0.10485246279523608,0.001173696929754442
2508,0.6123046875,12.831839800944211,-0.6272312552168808,0.10509137556607584,0.0011738120421114218
2509,0.612548828125,12.86967500126707,-0.6290055971719511,0.1053302883369156,0.001173927154525245
2510,0.61279296875,12.90751020158993,-0.6307799391270216,0.10556920110769852,0.0011740422668822248
2511,0.613037109375,12.945345401912803,-0.6325542810820924,0.10580811387853828,0.0011741573792392046
2512,0.61328125,12.983180602235665,-0.6343286230371628,0.10604702664937804,0.0011742724915961844
2513,0.613525390625,13.021015802558527,-0.6361029649922332,0.1062859394202178,0.0011743876039531642
2514,0.61376953125,13.058851002881386,-0.6378773069473035,0.10652485219105756,0.0011745027163669874
2515,0.614013671875,13.096686203204248,-0.6396516489023738,0.10676376496184048,0.0011746178287239672
2516,0.6142578125,13.134521403527119,-0.6414259908574447,0.10700267773268024,0.001174732941080947
2517,0.614501953125,13.17235660384998,-0.6432003328125151,0.10724159050352,0.0011748480534379269
2518,0.61474609375,13.210191804172839,-0.6449746747675855,0.10748050327435976,0.0011749631657949067
2519,0.614990234375,13.2480270044957,-0.6467490167226557,0.10771941604519952,0.00117507827820873
2520,0.615234375,13.285862204818562,-0.6485233586777261,0.10795832881598244,0.0011751933905657097
2521,0.615478515625,13.323697405141434,-0.650297700632797,0.1081972415868222,0.0011753085029226895
2522,0.61572265625,13.362187821852773,-0.6520716116969202,0.1084368548437169,0.0011752138468068551
2523,0.615966796875,13.401661063146836,-0.6538448764246224,0.10867751882977927,0.001174804538038643
2524,0.6162109375,13.441134304440894,-0.6556181411523246,0.1089181828157848,0.0011743952292135873
2525,0.616455078125,13.480607545734955,-0.6573914058800269,0.10915884680179033,0.0011739859203885317
2526,0.61669921875,13.520080787029027,-0.6591646706077297,0.10939951078779586,0.001173576611563476
2527,0.616943359375,13.559554028323088,-0.6609379353354319,0.10964017477380139,0.0011731673027952638
2528,0.6171875,13.59902726961715,-0.6627112000631341,0.10988083875980692,0.0011727579939702082
2529,0.617431640625,13.638500510911209,-0.6644844647908364,0.11012150274586929,0.0011723486851451526
2530,0.61767578125,13.67797375220527,-0.6662577295185387,0.11036216673187482,0.0011719393763769403
2531,0.617919921875,13.717446993499342,-0.6680309942462415,0.11060283071788035,0.0011715300675518847
2532,0.6181640625,13.756920234793403,-0.6698042589739436,0.11084349470388588,0.001171120758726829
2533,0.618408203125,13.796393476087463,-0.6715775237016459,0.11108415868989141,0.0011707114499017734
2534,0.61865234375,13.835866717381526,-0.6733507884293481,0.11132482267595378,0.0011703021411335612
2535,0.618896484375,13.875339958675585,-0.6751240531570504,0.11156548666195931,0.0011698928323085056
2536,0.619140625,13.914813199969656,-0.676897317884753,0.11180615064796484,0.00116948352348345
2537,0.619384765625,13.954286441263717,-0.6786705826124555,0.11204681463397037,0.0011690742147152378
2538,0.61962890625,13.993759682557778,-0.6804438473401577,0.1122874786199759,0.0011686649058901821
2539,0.619873046875,14.033232923851838,-0.68221711206786,0.11252814260598143,0.0011682555970651265
2540,0.6201171875,14.0727061651459,-0.6839903767955622,0.1127688065920438,0.0011678462882400709
2541,0.620361328125,14.11217940643997,-0.6857636415232649,0.11300947057804933,0.0011674369794718586
2542,0.62060546875,14.151652647734032,-0.6875369062509672,0.11325013456405486,0.001167027670646803
2543,0.620849609375,14.191125889028093,-0.6893101709786693,0.11349079855006039,0.0011666183618217474
2544,0.62109375,14.230599130322155,-0.6910834357063717,0.11373146253606592,0.0011662090530535352
2545,0.621337890625,14.270072371616214,-0.6928567004340739,0.11397212652207145,0.0011657997442284795
2546,0.62158203125,14.309545612910284,-0.6946299651617768,0.11421279050813382,0.001165390435403424
2547,0.621826171875,14.349018854204347,-0.6964032298894788,0.11445345449413935,0.0011649811265783683
2548,0.6220703125,14.389852981909435,-0.6981506649320676,0.11469554780290991,0.0011641145414955645
2549,0.622314453125,14.431027331217281,-0.6998916425533781,0.11493799844242858,0.0011631336373625345
2550,0.62255859375,14.472201680525126,-0.7016326201746884,0.11518044908194724,0.0011621527332295045
2551,0.622802734375,14.513376029832983,-0.7033735977959993,0.11542289972146591,0.0011611718290964745
2552,0.623046875,14.55455037914083,-0.7051145754173096,0.11566535036098458,0.0011601909249634446
2553,0.623291015625,14.595724728448676,-0.70685555303862,0.11590780100050324,0.0011592100207735712
2554,0.62353515625,14.63689907775652,-0.7085965306599304,0.11615025163996506,0.0011582291166405412
2555,0.623779296875,14.678073427064366,-0.710337508281241,0.11639270227948373,0.0011572482125075112
2556,0.6240234375,14.719247776372224,-0.7120784859025517,0.1166351529190024,0.0011562673083744812
2557,0.624267578125,14.76042212568007,-0.7138194635238622,0.11687760355852106,0.0011552864042414512
2558,0.62451171875,14.801596474987914,-0.7155604411451725,0.11712005419803972,0.0011543055000515778
2559,0.624755859375,14.84277082429576,-0.7173014187664828,0.11736250483755839,0.0011533245959185479
2560,0.625,14.883945173603607,-0.7190423963877933,0.11760495547702021,0.0011523436917855179
2561,0.625244140625,14.925119522911464,-0.7207833740091042,0.11784740611653888,0.001151362787652488
2562,0.6254882812499999,14.966293872219296,-0.7225243516304141,0.11808985675605754,0.001150381883519458
2563,0.625732421875,15.007468221527155,-0.7242653292517248,0.11833230739557621,0.0011494009793295845
2564,0.6259765625,15.048642570835012,-0.7260063068730357,0.11857475803509487,0.0011484200751965545
2565,0.626220703125,15.089816920142846,-0.7277472844943457,0.11881720867461354,0.0011474391710635246
2566,0.62646484375,15.130991269450703,-0.7294882621156565,0.1190596593141322,0.0011464582669304946
2567,0.6267089843749999,15.172165618758536,-0.7312292397369664,0.11930210995359403,0.0011454773627974646
2568,0.626953125,15.213339968066395,-0.7329702173582773,0.11954456059311269,0.0011444964586075912
2569,0.627197265625,15.254514317374253,-0.7347111949795883,0.11978701123263136,0.0011435155544745612
2570,0.62744140625,15.295688666682084,-0.7364521726008981,0.12002946187215002,0.0011425346503415312
2571,0.627685546875,15.336863015989943,-0.738193150222209,0.12027191251166869,0.0011415537462085013
2572,0.6279296874999999,15.378037365297777,-0.739934127843519,0.12051436315118735,0.0011405728420754713
2573,0.628173828125,15.419563227842955,-0.7416606582751546,0.1207571726656056,0.0011394682682634993
2574,0.62841796875,15.462495143337414,-0.7433293999480901,0.12100141767990635,0.0011378690160768201
2575,0.628662109375,15.505427058831845,-0.7449981416210247,0.12124566269415027,0.0011362697638332975
2576,0.62890625,15.548358974326304,-0.7466668832939601,0.12148990770839418,0.0011346705115897748
2577,0.6291503906249999,15.591290889820735,-0.7483356249668948,0.1217341527226381,0.0011330712593462522
2578,0.62939453125,15.634222805315193,-0.7500043666398302,0.12197839773688202,0.0011314720071027295
2579,0.629638671875,15.67715472080965,-0.7516731083127657,0.12222264275118278,0.0011298727549160503
2580,0.6298828125,15.720086636304083,-0.7533418499857002,0.12246688776542669,0.0011282735026725277
2581,0.630126953125,15.76301855179854,-0.7550105916586357,0.1227111327796706,0.001126674250429005
2582,0.6303710937499999,15.805950467292973,-0.7566793333315703,0.12295537779391452,0.0011250749981854824
2583,0.630615234375,15.84888238278743,-0.7583480750045057,0.12319962280821528,0.0011234757459419598
2584,0.630859375,15.891814298281892,-0.7600168166774411,0.1234438678224592,0.0011218764936984371
2585,0.631103515625,15.934746213776325,-0.7616855583503758,0.12368811283670311,0.001120277241511758
2586,0.63134765625,15.977678129270782,-0.7633543000233113,0.12393235785094703,0.0011186779892682353
2587,0.6315917968749999,16.020610044765213,-0.7650230416962458,0.12417660286524779,0.0011170787370247126
2588,0.6318359375,16.063541960259673,-0.7666917833691812,0.1244208478794917,0.00111547948478119
2589,0.632080078125,16.10647387575413,-0.7683605250421168,0.12466509289373562,0.0011138802325376673
2590,0.63232421875,16.149405791248565,-0.7700292667150512,0.12490933790797953,0.001112280980350988
2591,0.632568359375,16.19233770674302,-0.7716980083879869,0.1251535829222803,0.0011106817281074655
2592,0.6328124999999999,16.235269622237453,-0.7733667500609213,0.1253978279365242,0.0011090824758639428
2593,0.633056640625,16.278201537731913,-0.7750354917338568,0.12564207295076812,0.0011074832236204202
2594,0.63330078125,16.32113345322637,-0.7767042334067923,0.12588631796506888,0.0011058839713768975
2595,0.633544921875,16.3640653687208,-0.7783729750797268,0.1261305629793128,0.0011042847191902183
2596,0.6337890625,16.406997284215258,-0.7800417167526623,0.12637480799355671,0.0011026854669466957
2597,0.6340332031249999,16.449929199709693,-0.7817104584255969,0.12661905300780063,0.001101086214703173
2598,0.63427734375,16.49286111520415,-0.7833792000985322,0.12686329802204455,0.0010994869624596504
2599,0.634521484375,16.53687698137996,-0.7849747339793279,0.12710860447054984,0.001097489710730315
2600,0.634765625,16.58161548134332,-0.7865214626653627,0.127354618541915,0.0010952271259725421
2601,0.635009765625,16.626353981306707,-0.7880681913513984,0.1276006326132233,0.0010929645412147693
2602,0.6352539062499999,16.671092481270065,-0.7896149200374333,0.1278466466845316,0.0010907019564569964
2603,0.635498046875,16.715830981233452,-0.7911616487234688,0.12809266075589676,0.0010884393716992236
2604,0.6357421875,16.760569481196832,-0.7927083774095045,0.12833867482720507,0.0010861767869414507
2605,0.635986328125,16.80530798116019,-0.7942551060955393,0.12858468889851338,0.0010839142022405213
2606,0.63623046875,16.850046481123574,-0.795801834781575,0.12883070296987853,0.0010816516174827484
2607,0.6364746093749999,16.894784981086932,-0.7973485634676097,0.12907671704118684,0.0010793890327249756
2608,0.63671875,16.93952348105032,-0.7988952921536454,0.12932273111249515,0.0010771264479672027
2609,0.636962890625,16.984261981013702,-0.8004420208396811,0.12956874518380346,0.0010748638632094298
2610,0.63720703125,17.02900048097706,-0.8019887495257157,0.1298147592551686,0.001072601278451657
2611,0.637451171875,17.073738980940444,-0.8035354782117514,0.13006077332647692,0.0010703386936938841
2612,0.6376953124999999,17.118477480903803,-0.8050822068977863,0.13030678739778523,0.0010680761089929547
2613,0.637939453125,17.163215980867186,-0.806628935583822,0.13055280146915038,0.0010658135242351818
2614,0.63818359375,17.207954480830573,-0.8081756642698577,0.1307988155404587,0.001063550939477409
2615,0.638427734375,17.25269298079393,-0.8097223929558923,0.131044829611767,0.0010612883547196361
2616,0.638671875,17.297431480757314,-0.811269121641928,0.13129084368313215,0.0010590257699618633
2617,0.6389160156249999,17.342169980720676,-0.8128158503279628,0.13153685775444046,0.0010567631852040904
2618,0.63916015625,17.386908480684056,-0.8143625790139986,0.13178287182574877,0.0010545006004463175
2619,0.639404296875,17.431646980647443,-0.8159093077000342,0.13202888589705708,0.0010522380156885447
2620,0.6396484375,17.476385480610798,-0.817456036386069,0.13227489996842223,0.0010499754309307718
2621,0.639892578125,17.521123980574185,-0.8190027650721047,0.13252091403973054,0.0010477128462298424
2622,0.6401367187499999,17.565862480537543,-0.8205494937581393,0.13276692811103885,0.0010454502614720695
2623,0.640380859375,17.610600980500926,-0.822096222444175,0.133012942182404,0.0010431876767142967
2624,0.640625,17.655339480464313,-0.8236429511302106,0.1332589562537123,0.0010409250919565238
2625,0.640869140625,17.701925281428178,-0.8250070337116573,0.1335066755653429,0.0010379576380046274
2626,0.64111328125,17.74851108239207,-0.8263711162931047,0.1337543948769735,0.0010349901839958875
2627,0.6413574218749999,17.795096883355935,-0.8277351988745514,0.13400211418860408,0.001032022730043991
2628,0.6416015625,17.841682684319828,-0.8290992814559989,0.13424983350023467,0.0010290552760920946
2629,0.641845703125,17.888268485283717,-0.8304633640374464,0.13449755281186526,0.0010260878221401981
2630,0.64208984375,17.934854286247585,-0.8318274466188931,0.13474527212349585,0.0010231203681314582
2631,0.642333984375,17.981440087211478,-0.8331915292003405,0.13499299143512644,0.0010201529141795618
2632,0.6425781249999999,18.028025888175346,-0.8345556117817872,0.13524071074675703,0.0010171854602276653
2633,0.642822265625,18.074611689139235,-0.8359196943632345,0.13548843005838762,0.0010142180062757689
2634,0.64306640625,18.12119749010313,-0.8372837769446819,0.1357361493700182,0.001011250552267029
2635,0.643310546875,18.167783291066996,-0.8386478595261286,0.1359838686816488,0.0010082830983151325
2636,0.6435546875,18.214369092030886,-0.840011942107576,0.1362315879932794,0.001005315644363236
2637,0.6437988281249999,18.260954892994754,-0.8413760246890227,0.13647930730490998,0.0010023481904113396
2638,0.64404296875,18.307540693958643,-0.8427401072704702,0.13672702661654057,0.0009993807364025997
2639,0.644287109375,18.354126494922536,-0.8441041898519177,0.13697474592817116,0.0009964132824507033
2640,0.64453125,18.4007122958864,-0.8454682724333643,0.13722246523980175,0.0009934458284988068
2641,0.644775390625,18.447298096850293,-0.8468323550148118,0.13747018455143234,0.000990478374490067
2642,0.6450195312499999,18.49388389781416,-0.8481964375962585,0.13771790386306293,0.0009875109205381705
2643,0.645263671875,18.54046969877805,-0.8495605201777059,0.13796562317469352,0.000984543466586274
2644,0.6455078125,18.587055499741943,-0.8509246027591533,0.1382133424863241,0.0009815760126343775
2645,0.645751953125,18.633641300705808,-0.8522886853406,0.1384610617979547,0.0009786085586256377
2646,0.64599609375,18.6802271016697,-0.8536527679220474,0.1387087811095853,0.0009756411046737412
2647,0.6462402343749999,18.72681290263357,-0.8550168505034941,0.13895650042121588,0.0009726736507218448
2648,0.646484375,18.77339870359746,-0.8563809330849416,0.13920421973284647,0.0009697061967699483
2649,0.646728515625,18.81998450456135,-0.857745015666389,0.13945193904447706,0.0009667387427612084
2650,0.64697265625,18.86732183526134,-0.859007080207543,0.13970029735526168,0.0009634749240490237
2651,0.647216796875,18.91578646056554,-0.8601161176882584,0.13994961416477736,0.0009597665580827197
2652,0.6474609374999999,18.96425108586971,-0.861225155168973,0.14019893097429303,0.0009560581921732592
2653,0.647705078125,19.012715711173907,-0.8623341926496884,0.1404482477838087,0.0009523498262069552
2654,0.64794921875,19.061180336478103,-0.8634432301304037,0.1406975645933244,0.0009486414602974946
2655,0.648193359375,19.109644961782276,-0.8645522676111185,0.1409468814028969,0.0009449330943880341
2656,0.6484375,19.158109587086475,-0.8656613050918338,0.14119619821241258,0.0009412247284217301
2657,0.6486816406249999,19.206574212390645,-0.8667703425725486,0.14144551502192826,0.0009375163625122696
2658,0.64892578125,19.255038837694844,-0.8678793800532639,0.14169483183144393,0.0009338079965459656
2659,0.649169921875,19.30350346299904,-0.8689884175339793,0.1419441486409596,0.000930099630636505
2660,0.6494140625,19.351968088303213,-0.8700974550146942,0.1421934654504753,0.0009263912647270445
2661,0.649658203125,19.400432713607408,-0.8712064924954094,0.14244278225999096,0.0009226828987607405
2662,0.6499023437499999,19.44889733891158,-0.8723155299761243,0.14269209906956348,0.00091897453285128
2663,0.650146484375,19.49736196421578,-0.8734245674568395,0.14294141587907916,0.000915266166884976
2664,0.650390625,19.545826589519972,-0.8745336049375549,0.14319073268859484,0.0009115578009755154
2665,0.650634765625,19.594291214824146,-0.8756426424182695,0.1434400494981105,0.0009078494350660549
2666,0.65087890625,19.642755840128345,-0.876751679898985,0.1436893663076262,0.0009041410690997509
2667,0.6511230468749999,19.691220465432515,-0.8778607173796996,0.14393868311714186,0.0009004327031902903
2668,0.6513671875,19.739685090736717,-0.8789697548604151,0.14418799992671438,0.0008967243372239864
2669,0.651611328125,19.788149716040913,-0.8800787923411305,0.14443731673623006,0.0008930159713145258
2670,0.65185546875,19.836614341345083,-0.8811878298218451,0.14468663354574574,0.0008893076054050653
2671,0.652099609375,19.88507896664928,-0.8822968673025605,0.1449359503552614,0.0008855992394387613
2672,0.6523437499999999,19.933543591953452,-0.8834059047832753,0.1451852671647771,0.0008818908735293007
2673,0.652587890625,19.98200821725765,-0.8845149422639906,0.14543458397429276,0.0008781825075629968
2674,0.65283203125,20.03047284256185,-0.885623979744706,0.14568390078380844,0.0008744741416535362
2675,0.653076171875,20.07893746786602,-0.8867330172254205,0.14593321759338096,0.0008707657757440757
2676,0.6533203125,20.128922279114416,-0.8875701080520192,0.1461836869233366,0.0008664421960702384
2677,0.6535644531249999,20.179287136848835,-0.8883392122150879,0.14643444438348752,0.0008619648129979396
2678,0.65380859375,20.229651994583282,-0.8891083163781571,0.14668520184358158,0.0008574874299256408
2679,0.654052734375,20.280016852317726,-0.8898774205412264,0.14693595930367565,0.0008530100467964985
2680,0.654296875,20.330381710052148,-0.8906465247042952,0.1471867167637697,0.0008485326637241997
2681,0.654541015625,20.3807465677866,-0.8914156288673643,0.14743747422392062,0.0008440552806519008
2682,0.6547851562499999,20.431111425521017,-0.8921847330304331,0.14768823168401468,0.000839577897579602
2683,0.655029296875,20.481476283255464,-0.8929538371935022,0.14793898914410875,0.0008351005145073032
2684,0.6552734375,20.53184114098991,-0.8937229413565715,0.14818974660425965,0.0008306231313781609
2685,0.655517578125,20.582205998724326,-0.8944920455196402,0.14844050406435372,0.0008261457483058621
2686,0.65576171875,20.632570856458777,-0.8952611496827094,0.14869126152444778,0.0008216683652335632
2687,0.6560058593749999,20.6829357141932,-0.8960302538457782,0.1489420189845987,0.0008171909821612644
2688,0.65625,20.733300571927643,-0.8967993580088472,0.14919277644469275,0.0008127135990889656
2689,0.656494140625,20.78366542966209,-0.8975684621719167,0.14944353390478682,0.0008082362159598233
2690,0.65673828125,20.834030287396512,-0.8983375663349853,0.14969429136493773,0.0008037588328875245
2691,0.656982421875,20.88439514513096,-0.8991066704980546,0.1499450488250318,0.0007992814498152256
2692,0.6572265624999999,20.934760002865378,-0.8998757746611232,0.15019580628512585,0.0007948040667429268
2693,0.657470703125,20.985124860599825,-0.9006448788241924,0.15044656374527676,0.0007903266836137846
2694,0.65771484375,21.035489718334272,-0.9014139829872617,0.15069732120537083,0.0007858493005414857
2695,0.657958984375,21.08585457606869,-0.9021830871503306,0.1509480786654649,0.0007813719174691869
2696,0.658203125,21.13621943380314,-0.9029521913133997,0.15119883612555896,0.000776894534396888
2697,0.6584472656249999,21.18658429153756,-0.9037212954764684,0.15144959358570986,0.0007724171513245892
2698,0.65869140625,21.236949149272007,-0.9044903996395376,0.15170035104580393,0.000767939768195447
2699,0.658935546875,21.287314007006454,-0.9052595038026069,0.151951108505898,0.0007634623851231481
2700,0.6591796875,21.33767886474087,-0.9060286079656756,0.1522018659660489,0.0007589850020508493
2701,0.659423828125,21.388425836181646,-0.9067101587843208,0.1524528694304763,0.0007543503551232789
2702,0.6596679687499999,21.440701262447693,-0.9070414962252705,0.15270485691223712,0.0007490866528314655
2703,0.659912109375,21.49297668871377,-0.9073728336662203,0.15295684439394108,0.0007438229505396521
2704,0.66015625,21.54525211497985,-0.9077041711071704,0.1532088318757019,0.0007385592482478387
2705,0.660400390625,21.597527541245896,-0.9080355085481201,0.1534608193574627,0.0007332955458991819
2706,0.66064453125,21.64980296751197,-0.90836684598907,0.15371280683916666,0.0007280318436073685
2707,0.6608886718749999,21.702078393778017,-0.9086981834300195,0.15396479432092747,0.0007227681413155551
2708,0.6611328125,21.754353820044095,-0.9090295208709694,0.15421678180268827,0.0007175044390237417
2709,0.661376953125,21.80662924631017,-0.9093608583119193,0.15446876928439224,0.0007122407367319283
2710,0.66162109375,21.85890467257622,-0.909692195752869,0.15472075676615304,0.000706977034440115
2711,0.661865234375,21.911180098842294,-0.9100235331938188,0.15497274424791385,0.0007017133320914581
2712,0.6621093749999999,21.96345552510834,-0.9103548706347684,0.15522473172961782,0.0006964496297996448
2713,0.662353515625,22.015730951374422,-0.9106862080757183,0.15547671921137862,0.0006911859275078314
2714,0.66259765625,22.068006377640497,-0.9110175455166681,0.15572870669313943,0.000685922225216018
2715,0.662841796875,22.12028180390654,-0.9113488829576178,0.15598069417490024,0.0006806585229242046
2716,0.6630859375,22.172557230172615,-0.9116802203985677,0.1562326816566042,0.0006753948206323912
2717,0.6633300781249999,22.224832656438664,-0.9120115578395173,0.156484669138365,0.0006701311182837344
2718,0.66357421875,22.277108082704743,-0.9123428952804671,0.1567366566201258,0.000664867415991921
2719,0.663818359375,22.329383508970817,-0.912674232721417,0.15698864410182978,0.0006596037137001076
2720,0.6640625,22.381658935236867,-0.9130055701623667,0.15724063158359058,0.0006543400114082942
2721,0.664306640625,22.433934361502946,-0.9133369076033165,0.1574926190653514,0.0006490763091164808
2722,0.6645507812499999,22.48620978776899,-0.9136682450442661,0.15774460654705535,0.0006438126068246675
2723,0.664794921875,22.538485214035067,-0.913999582485216,0.15799659402881616,0.0006385489045328541
2724,0.6650390625,22.59076064030114,-0.9143309199261659,0.15824858151057697,0.0006332852021841973
2725,0.665283203125,22.643036066567188,-0.9146622573671155,0.15850056899228093,0.0006280214998923839
2726,0.66552734375,22.69531149283327,-0.9149935948080654,0.15875255647404174,0.0006227577976005705
2727,0.6657714843749999,22.74873221913935,-0.9149957479821075,0.15900512099341313,0.0006170203863575807
2728,0.666015625,22.802916478805486,-0.9147784449782115,0.15925807020454386,0.0006109671691660878
2729,0.666259765625,22.857100738471615,-0.9145611419743153,0.15951101941567458,0.000604913951974595
2730,0.66650390625,22.91128499813772,-0.9143438389704193,0.1597639686268053,0.0005988607347831021
2731,0.666748046875,22.965469257803857,-0.9141265359665233,0.16001691783793603,0.0005928075175916092
2732,0.6669921874999999,23.019653517469962,-0.9139092329626272,0.16026986704906676,0.0005867543004001163
2733,0.667236328125,23.07383777713609,-0.913691929958731,0.1605228162601975,0.0005807010832086235
2734,0.66748046875,23.12802203680223,-0.913474626954835,0.1607757654713282,0.0005746478660171306
2735,0.667724609375,23.182206296468333,-0.9132573239509391,0.16102871468245894,0.0005685946488256377
2736,0.66796875,23.236390556134467,-0.913040020947043,0.16128166389358967,0.0005625414316341448
2737,0.6682128906249999,23.29057481580057,-0.9128227179431471,0.1615346131047204,0.000556488214442652
2738,0.66845703125,23.3447590754667,-0.9126054149392507,0.16178756231585112,0.0005504349972511591
2739,0.668701171875,23.398943335132838,-0.9123881119353547,0.16204051152698185,0.0005443817800596662
2740,0.6689453125,23.453127594798943,-0.9121708089314587,0.16229346073811257,0.0005383285628681733
2741,0.669189453125,23.507311854465076,-0.9119535059275625,0.1625464099492433,0.0005322753456766804
2742,0.6694335937499999,23.561496114131177,-0.9117362029236665,0.16279935916031718,0.0005262221284283441
2743,0.669677734375,23.615680373797314,-0.9115188999197705,0.1630523083714479,0.0005201689112368513
2744,0.669921875,23.669864633463447,-0.9113015969158744,0.16330525758257863,0.0005141156940453584
2745,0.670166015625,23.724048893129552,-0.9110842939119785,0.16355820679370936,0.0005080624768538655
2746,0.67041015625,23.77823315279569,-0.9108669909080822,0.16381115600484009,0.0005020092596623726
2747,0.6706542968749999,23.832417412461794,-0.9106496879041863,0.1640641052159708,0.0004959560424708798
2748,0.6708984375,23.886601672127927,-0.9104323849002902,0.16431705442710154,0.0004899028252793869
2749,0.671142578125,23.940785931794064,-0.9102150818963941,0.16457000363823227,0.000483849608087894
2750,0.67138671875,23.994970191460165,-0.909997778892498,0.164822952849363,0.00047779639089640114
2751,0.671630859375,24.0491544511263,-0.9097804758886021,0.16507590206049372,0.00047174317370490826
2752,0.6718749999999999,24.103338710792404,-0.909563172884706,0.16532885127162444,0.0004656899565134154
2753,0.672119140625,24.159416943504805,-0.9086736890278723,0.16558243349180657,0.00045886188047461474
2754,0.67236328125,24.215495176217203,-0.9077842051710384,0.16583601571204554,0.0004520338044358141
2755,0.672607421875,24.27157340892957,-0.906894721314205,0.16608959793222766,0.00044520572834017
2756,0.6728515625,24.32765164164197,-0.9060052374573713,0.16634318015246663,0.0004383776523013694
2757,0.6730957031249999,24.38372987435434,-0.9051157536005379,0.16659676237264875,0.00043154957626256873
2758,0.67333984375,24.439808107066742,-0.9042262697437041,0.16685034459288772,0.0004247215002237681
2759,0.673583984375,24.495886339779144,-0.9033367858868702,0.16710392681306985,0.000417893424128124
2760,0.673828125,24.55196457249151,-0.902447302030037,0.16735750903325197,0.0004110653480893234
2761,0.674072265625,24.608042805203908,-0.9015578181732031,0.16761109125349094,0.00040423727205052273
2762,0.6743164062499999,24.664121037916278,-0.9006683343163698,0.16786467347367307,0.0003974091960117221
2763,0.674560546875,24.72019927062868,-0.899778850459536,0.16811825569391203,0.00039058111997292144
2764,0.6748046875,24.776277503341078,-0.8988893666027022,0.16837183791409416,0.0003837530438772774
2765,0.675048828125,24.832355736053447,-0.8979998827458688,0.16862542013433313,0.00037692496783847673
2766,0.67529296875,24.88843396876585,-0.8971103988890351,0.16887900235451525,0.0003700968917996761
2767,0.6755371093749999,24.944512201478215,-0.8962209150322017,0.16913258457469738,0.00036326881576087544
2768,0.67578125,25.000590434190613,-0.8953314311753678,0.16938616679493634,0.0003564407397220748
2769,0.676025390625,25.056668666903015,-0.8944419473185341,0.16963974901511847,0.00034961266362643073
2770,0.67626953125,25.112746899615384,-0.8935524634617007,0.16989333123535744,0.0003427845875876301
2771,0.676513671875,25.168825132327786,-0.892662979604867,0.17014691345553956,0.00033595651154882944
2772,0.6767578124999999,25.224903365040152,-0.8917734957480336,0.17040049567577853,0.0003291284355100288
2773,0.677001953125,25.280981597752554,-0.8908840118911998,0.17065407789596065,0.00032230035941438473
2774,0.67724609375,25.337059830464952,-0.8899945280343659,0.17090766011614278,0.0003154722833755841
2775,0.677490234375,25.39313806317732,-0.8891050441775327,0.17116124233638175,0.00030864420733678344
2776,0.677734375,25.449216295889723,-0.8882155603206988,0.17141482455656387,0.0003018161312979828
2777,0.6779785156249999,25.505294528602093,-0.8873260764638654,0.17166840677680284,0.00029498805525918215
2778,0.67822265625,25.56211870596582,-0.8861136224423757,0.17192208601693437,0.0002878647092643405
2779,0.678466796875,25.62006180030654,-0.884416713173901,0.17217591078690475,0.00028029845844912415
2780,0.6787109375,25.67800489464723,-0.8827198039054273,0.17242973555693197,0.0002727322075770644
2781,0.678955078125,25.735947988987952,-0.8810228946369526,0.17268356032690235,0.00026516595676184807
2782,0.6791992187499999,25.793891083328646,-0.8793259853684787,0.17293738509692957,0.00025759970594663173
2783,0.679443359375,25.851834177669367,-0.8776290761000042,0.17319120986689995,0.000250033455074572
2784,0.6796875,25.90977727201009,-0.8759321668315294,0.17344503463692718,0.00024246720425935564
2785,0.679931640625,25.967720366350783,-0.8742352575630558,0.17369885940689755,0.00023490095338729589
2786,0.68017578125,26.0256634606915,-0.872538348294581,0.17395268417692478,0.00022733470257207955
2787,0.6804199218749999,26.083606555032194,-0.8708414390261073,0.17420650894689516,0.00021976845175686321
2788,0.6806640625,26.141549649372916,-0.8691445297576326,0.17446033371692238,0.00021220220088480346
2789,0.680908203125,26.199492743713634,-0.867447620489158,0.17471415848689276,0.00020463595006958712
2790,0.68115234375,26.257435838054327,-0.8657507112206843,0.17496798325691998,0.00019706969919752737
2791,0.681396484375,26.315378932395053,-0.8640538019522095,0.17522180802689036,0.00018950344838231103
2792,0.6816406249999999,26.37332202673574,-0.8623568926837358,0.17547563279691758,0.0001819371975670947
2793,0.681884765625,26.431265121076464,-0.8606599834152611,0.17572945756688796,0.00017437094669503495
2794,0.68212890625,26.489208215417186,-0.8589630741467864,0.17598328233691518,0.0001668046958798186
2795,0.682373046875,26.547151309757876,-0.8572661648783126,0.1762371071069424,0.00015923844506460227
2796,0.6826171875,26.605094404098597,-0.855569255609838,0.17649093187691278,0.00015167219419254252
2797,0.6828613281249999,26.663037498439287,-0.8538723463413642,0.17674475664694,0.00014410594337732618
2798,0.68310546875,26.720980592780005,-0.8521754370728896,0.17699858141691038,0.00013653969250526643
2799,0.683349609375,26.778923687120734,-0.8504785278044149,0.1772524061869376,0.0001289734416900501
2800,0.68359375,26.83686678146142,-0.8487816185359411,0.17750623095690798,0.00012140719087483376
2801,0.683837890625,26.894809875802146,-0.8470847092674665,0.1777600557269352,0.000113840940002774
2802,0.6840820312499999,26.952752970142832,-0.8453877999989927,0.17801388049690559,0.00010627468918755767
2803,0.684326171875,27.010696064483557,-0.8436908907305181,0.1782677052669328,9.870843831549792e-05
2804,0.6845703125,27.0700953823204,-0.841231830149945,0.17852136269885932,9.060227910140384e-05
2805,0.684814453125,27.129858756031233,-0.8385822317413482,0.1787749782963033,8.236114280180118e-05
2806,0.68505859375,27.189622129742098,-0.83593263333275,0.17902859389374726,7.412000650219852e-05
2807,0.6853027343749999,27.249385503452938,-0.8332830349241533,0.17928220949119122,6.587887014575244e-05
2808,0.685546875,27.309148877163807,-0.8306334365155552,0.1795358250886352,5.7637733846149786e-05
2809,0.685791015625,27.36891225087468,-0.8279838381069571,0.17978944068607916,4.939659754654713e-05
2810,0.68603515625,27.428675624585512,-0.8253342396983604,0.18004305628352313,4.115546119010105e-05
2811,0.686279296875,27.488438998296385,-0.8226846412897622,0.1802966718809671,3.291432489049839e-05
2812,0.6865234374999999,27.548202372007218,-0.8200350428811655,0.18055028747841106,2.4673188590895734e-05
2813,0.686767578125,27.60796574571809,-0.8173854444725672,0.18080390307585503,1.6432052234449657e-05
2814,0.68701171875,27.66772911942896,-0.8147358460639691,0.181057518673299,8.190915934846998e-06
2815,0.687255859375,27.727492493139795,-0.8120862476553724,0.18131113427074297,-5.022036475565983e-08
2816,0.6875,27.78725586685066,-0.8094366492467742,0.18156474986818694,-8.291356721201737e-06
2817,0.6877441406249999,27.847019240561497,-0.8067870508381776,0.1818183654656309,-1.6532493020804395e-05
2818,0.68798828125,27.90678261427237,-0.8041374524295793,0.18207198106307487,-2.4773629320407053e-05
2819,0.688232421875,27.966545987983242,-0.8014878540209812,0.18232559666051884,-3.301476562000971e-05
2820,0.6884765625,28.026309361694075,-0.7988382556123845,0.1825792122579628,-4.125590197645579e-05
2821,0.688720703125,28.086072735404947,-0.7961886572037863,0.18283282785540678,-4.949703827605845e-05
2822,0.6889648437499999,28.14583610911578,-0.7935390587951897,0.18308644345285074,-5.7738174575661105e-05
2823,0.689208984375,28.205599482826656,-0.7908894603865915,0.1833400590502947,-6.597931093210718e-05
2824,0.689453125,28.26536285653752,-0.7882398619779933,0.18359367464773868,-7.422044723170984e-05
2825,0.689697265625,28.32512623024836,-0.7855902635693965,0.18384729024518265,-8.24615835313125e-05
2826,0.68994140625,28.38488960395923,-0.7829406651607983,0.18410090584262662,-9.070271988775858e-05
2827,0.6901855468749999,28.44465297767006,-0.7802910667522017,0.18435452144007058,-9.894385618736123e-05
2828,0.6904296875,28.504416351380936,-0.7776414683436036,0.18460813703751455,-0.00010718499248696389
2829,0.690673828125,28.564531502278513,-0.7747707860139869,0.1848616087166306,-0.00011554214205489188
2830,0.69091796875,28.6260537619229,-0.7710157680003004,0.1851145047224918,-0.00012436334458243437
2831,0.691162109375,28.687576021567327,-0.7672607499866118,0.185367400728353,-0.00013318454710997685
2832,0.6914062499999999,28.74909828121172,-0.7635057319729253,0.1856202967342142,-0.0001420057495806759
2833,0.691650390625,28.810620540856146,-0.7597507139592367,0.1858731927400754,-0.0001508269521082184
2834,0.69189453125,28.87214280050057,-0.755995695945548,0.18612608874587977,-0.00015964815463576087
2835,0.692138671875,28.933665060144957,-0.7522406779318616,0.18637898475174097,-0.00016846935710645994
2836,0.6923828125,28.995187319789384,-0.7484856599181727,0.18663188075760218,-0.00017729055963400242
2837,0.6926269531249999,29.05670957943377,-0.7447306419044863,0.18688477676346338,-0.0001861117621615449
2838,0.69287109375,29.118231839078195,-0.7409756238907977,0.18713767276932458,-0.00019493296463224397
2839,0.693115234375,29.17975409872262,-0.737220605877109,0.18739056877518578,-0.00020375416715978645
2840,0.693359375,29.241276358367006,-0.7334655878634225,0.187643464781047,-0.00021257536968732893
2841,0.693603515625,29.30279861801143,-0.7297105698497339,0.1878963607869082,-0.0002213965722148714
2842,0.6938476562499999,29.36432087765582,-0.7259555518360474,0.18814925679271255,-0.00023021777468557048
2843,0.694091796875,29.425843137300248,-0.7222005338223588,0.18840215279857375,-0.00023903897721311296
2844,0.6943359375,29.487365396944675,-0.7184455158086701,0.18865504880443495,-0.00024786017974065544
2845,0.694580078125,29.548887656589063,-0.7146904977949836,0.18890794481029616,-0.0002566813822113545
2846,0.69482421875,29.610409916233486,-0.7109354797812949,0.18916084081615736,-0.000265502584738897
2847,0.6950683593749999,29.671932175877874,-0.7071804617676084,0.18941373682201856,-0.00027432378726643947
2848,0.6953125,29.733454435522297,-0.7034254437539199,0.18966663282787977,-0.00028314498979398195
2849,0.695556640625,29.79497669516672,-0.6996704257402312,0.18991952883374097,-0.000291966192264681
2850,0.69580078125,29.85649895481111,-0.6959154077265447,0.19017242483960217,-0.0003007873947922235
2851,0.696044921875,29.918021214455536,-0.692160389712856,0.19042532084540653,-0.000309608597319766
2852,0.6962890624999999,29.979543474099927,-0.6884053716991696,0.19067821685126773,-0.00031842979979046504
2853,0.696533203125,30.041065733744354,-0.6846503536854809,0.19093111285712894,-0.0003272510023180075
2854,0.69677734375,30.102587993388777,-0.6808953356717923,0.19118400886299014,-0.00033607220484555
2855,0.697021484375,30.165117767316048,-0.6763830923670269,0.19143613458533082,-0.00034516252281946436
2856,0.697265625,30.22831921743196,-0.6713660322015399,0.19168774678541922,-0.000354432251185699
2857,0.6975097656249999,30.291520667547825,-0.6663489720360557,0.19193935898545078,-0.0003637019794950902
2858,0.69775390625,30.354722117663737,-0.6613319118705686,0.19219097118548234,-0.00037297170786132483
2859,0.697998046875,30.41792356777964,-0.6563148517050816,0.1924425833855139,-0.00038224143622755946
2860,0.6982421875,30.48112501789551,-0.6512977915395974,0.19269419558554546,-0.0003915111645369507
2861,0.698486328125,30.544326468011413,-0.6462807313741105,0.19294580778557702,-0.0004007808929031853
2862,0.6987304687499999,30.607527918127285,-0.6412636712086263,0.19319741998560858,-0.0004100506212125765
2863,0.698974609375,30.67072936824319,-0.6362466110431392,0.19344903218564014,-0.00041932034957881115
2864,0.69921875,30.7339308183591,-0.6312295508776522,0.1937006443856717,-0.00042859007788820236
2865,0.699462890625,30.797132268474964,-0.6262124907121679,0.19395225658570325,-0.000437859806254437
2866,0.69970703125,30.860333718590876,-0.6211954305466809,0.1942038687857348,-0.0004471295345638282
2867,0.6999511718749999,30.92353516870674,-0.6161783703811968,0.19445548098576637,-0.00045639926293006283
2868,0.7001953125,30.98673661882265,-0.6111613102157097,0.19470709318579793,-0.00046566899123945404
2869,0.700439453125,31.049938068938552,-0.6061442500502227,0.1949587053858295,-0.0004749387196056887
2870,0.70068359375,31.113139519054428,-0.6011271898847386,0.19521031758586105,-0.0004842084479719233
2871,0.700927734375,31.17634096917033,-0.5961101297192515,0.1954619297858926,-0.0004934781762813145
2872,0.7011718749999999,31.239542419286202,-0.5910930695537673,0.19571354198592417,-0.0005027479046475491
2873,0.701416015625,31.302743869402104,-0.5860760093882803,0.19596515418601257,-0.0005120176329569404
2874,0.70166015625,31.365945319518016,-0.5810589492227933,0.19621676638604413,-0.000521287361323175
2875,0.701904296875,31.42914676963388,-0.5760418890573091,0.1964683785860757,-0.0005305570896325662
2876,0.7021484375,31.49234821974979,-0.5710248288918219,0.19671999078610725,-0.0005398268179988008
2877,0.7023925781249999,31.555549669865663,-0.566007768726338,0.1969716029861388,-0.000549096546308192
2878,0.70263671875,31.618751119981567,-0.5609907085608509,0.19722321518617036,-0.0005583662746744267
2879,0.702880859375,31.68195257009747,-0.5559736483953638,0.19747482738620192,-0.0005676360029838179
2880,0.703125,31.74515402021334,-0.5509565882298797,0.19772643958623348,-0.0005769057313500525
2881,0.703369140625,31.80993499106829,-0.5445217300786228,0.197976157360074,-0.0005864503807515575
2882,0.7036132812499999,31.874715961923194,-0.5380868719273696,0.19822587513391454,-0.000595995030209906
2883,0.703857421875,31.939496932778138,-0.5316520137761129,0.19847559290775507,-0.000605539679611411
2884,0.7041015625,32.00427790363308,-0.525217155624856,0.19872531068165245,-0.000615084329012916
2885,0.704345703125,32.06905887448799,-0.5187822974736028,0.19897502845549297,-0.000624628978414421
2886,0.70458984375,32.13383984534293,-0.512347439322346,0.1992247462293335,-0.0006341736278727694
2887,0.7048339843749999,32.19862081619784,-0.505912581171093,0.19947446400317403,-0.0006437182772742744
2888,0.705078125,32.263401787052786,-0.4994777230198361,0.19972418177701456,-0.0006532629266757795
2889,0.705322265625,32.32818275790773,-0.49304286486857934,0.1999738995508551,-0.0006628075761341279
2890,0.70556640625,32.39296372876264,-0.4866080067173262,0.20022361732469562,-0.0006723522255356329
2891,0.705810546875,32.45774469961758,-0.4801731485660694,0.20047333509853615,-0.0006818968749371379
2892,0.7060546874999999,32.52252567047249,-0.47373829041481624,0.20072305287243353,-0.0006914415243386429
2893,0.706298828125,32.58730664132743,-0.4673034322635594,0.20097277064627406,-0.0007009861737969914
2894,0.70654296875,32.65208761218238,-0.4608685741123026,0.2012224884201146,-0.0007105308231984964
2895,0.706787109375,32.71686858303728,-0.4544337159610494,0.20147220619395512,-0.0007200754726000014
2896,0.70703125,32.78164955389223,-0.4479988578097927,0.20172192396779565,-0.0007296201220015064
2897,0.7072753906249999,32.84643052474714,-0.44156399965853954,0.20197164174163618,-0.0007391647714598548
2898,0.70751953125,32.91121149560208,-0.43512914150728266,0.2022213595154767,-0.0007487094208613598
2899,0.707763671875,32.97599246645703,-0.4286942833560259,0.20247107728937408,-0.0007582540702628648
2900,0.7080078125,33.040773437311934,-0.4222594252047728,0.2027207950632146,-0.0007677987197212133
2901,0.708251953125,33.105554408166874,-0.41582456705351595,0.20297051283705514,-0.0007773433691227183
2902,0.7084960937499999,33.170335379021786,-0.4093897089022628,0.20322023061089567,-0.0007868880185242233
2903,0.708740234375,33.235116349876726,-0.40295485075100596,0.2034699483847362,-0.0007964326679257283
2904,0.708984375,33.299897320731674,-0.3965199925997492,0.20371966615857673,-0.0008059773173840767
2905,0.709228515625,33.364678291586586,-0.390085134448496,0.20396938393241726,-0.0008155219667855818
2906,0.70947265625,33.430042460037576,-0.383023644869733,0.20421808508683625,-0.0008250881793969711
2907,0.7097167968749999,33.49628142488259,-0.37502220814971354,0.20446526131212295,-0.0008346867367663435
2908,0.7099609375,33.562520389727645,-0.36702077142968953,0.2047124375373528,-0.0008442852941925594
2909,0.710205078125,33.62875935457271,-0.3590193347096655,0.2049596137626395,-0.0008538838515619318
2910,0.71044921875,33.69499831941772,-0.351017897989646,0.20520678998786934,-0.0008634824089881477
2911,0.710693359375,33.761237284262776,-0.343016461269622,0.20545396621315604,-0.0008730809663575201
2912,0.7109374999999999,33.8274762491078,-0.3350150245496025,0.2057011424383859,-0.0008826795237837359
2913,0.711181640625,33.89371521395285,-0.32701358782957846,0.20594831866361574,-0.0008922780811531084
2914,0.71142578125,33.95995417879791,-0.31901215110955444,0.20619549488890243,-0.0009018766385793242
2915,0.711669921875,34.02619314364293,-0.311010714389535,0.20644267111413228,-0.0009114751959486966
2916,0.7119140625,34.092432108487984,-0.30300927766951097,0.20668984733941898,-0.0009210737533749125
2917,0.7121582031249999,34.158671073333004,-0.29500784094949145,0.20693702356464883,-0.0009306723107442849
2918,0.71240234375,34.22491003817806,-0.28700640422946744,0.20718419978993552,-0.0009402708681705008
2919,0.712646484375,34.291149003023115,-0.2790049675094434,0.20743137601516537,-0.0009498694255967166
2920,0.712890625,34.357387967868135,-0.27100353078942396,0.20767855224045206,-0.000959467982966089
2921,0.713134765625,34.42362693271319,-0.2630020940693999,0.2079257284656819,-0.0009690665403354615
2922,0.7133789062499999,34.48986589755821,-0.2550006573493805,0.2081729046909686,-0.0009786650977616773
2923,0.713623046875,34.55610486240327,-0.24699922062935642,0.20842008091619846,-0.0009882636551310497
2924,0.7138671875,34.62234382724833,-0.23899778390933238,0.20866725714148515,-0.0009978622125572656
2925,0.714111328125,34.68858279209334,-0.2309963471893129,0.208914433366715,-0.001007460769926638
2926,0.71435546875,34.754821756938405,-0.22299491046928885,0.2091616095920017,-0.0010170593273528539
2927,0.7145996093749999,34.821060721783425,-0.21499347374926941,0.20940878581723155,-0.0010266578847222263
2928,0.71484375,34.887299686628474,-0.20699203702924537,0.2096559620424614,-0.0010362564421484421
2929,0.715087890625,34.953538651473536,-0.19899060030922136,0.2099031382677481,-0.001045854999574658
2930,0.71533203125,35.01977761631856,-0.19098916358920187,0.21015031449297794,-0.0010554535569440304
2931,0.715576171875,35.08601658116361,-0.18298772686917783,0.21039749071826463,-0.0010650521143702463
2932,0.7158203124999999,35.153305540556644,-0.17362568165119258,0.21064209663865086,-0.0010744749409923315
2933,0.716064453125,35.22085699858673,-0.1639234843087106,0.21088605998284038,-0.0010838538349844384
2934,0.71630859375,35.28840845661682,-0.15422128696622864,0.2111300233270299,-0.0010932327289765453
2935,0.716552734375,35.35595991464686,-0.1445190896237522,0.21137398667121943,-0.0011026116229686522
2936,0.716796875,35.42351137267695,-0.13481689228127022,0.2116179500153521,-0.0011119905169607591
2937,0.7170410156249999,35.491062830706994,-0.12511469493879376,0.21186191335954163,-0.001121369410952866
2938,0.71728515625,35.558614288737076,-0.11541249759631181,0.21210587670373116,-0.0011307483048881295
2939,0.717529296875,35.626165746767164,-0.10571030025382985,0.21234984004792068,-0.0011401271988802364
2940,0.7177734375,35.69371720479721,-0.0960081029113534,0.2125938033921102,-0.0011495060928723433
2941,0.718017578125,35.76126866282729,-0.08630590556887141,0.21283776673629973,-0.0011588849868644502
2942,0.7182617187499999,35.828820120857344,-0.07660370822639496,0.2130817300804324,-0.001168263880856557
2943,0.718505859375,35.89637157888742,-0.06690151088391301,0.21332569342462193,-0.001177642774848664
2944,0.71875,35.96392303691751,-0.05719931354143103,0.21356965676881146,-0.0011870216688407709
2945,0.718994140625,36.03147449494755,-0.047497116198954595,0.21381362011300098,-0.0011964005627760343
2946,0.71923828125,36.099025952977634,-0.03779491885647261,0.2140575834571905,-0.0012057794567681412
2947,0.7194824218749999,36.16657741100768,-0.028092721513996152,0.21430154680132318,-0.0012151583507602481
2948,0.7197265625,36.23412886903777,-0.018390524171514204,0.2145455101455127,-0.001224537244752355
2949,0.719970703125,36.30168032706784,-0.008688326829032228,0.21478947348970223,-0.001233916138744462
2950,0.72021484375,36.369231785097895,0.001013870513444235,0.21503343683389176,-0.0012432950327365688
2951,0.720458984375,36.43678324312798,0.010716067855926183,0.21527740017808128,-0.0012526739266718323
2952,0.7207031249999999,36.50433470115802,0.02041826519840265,0.2155213635222708,-0.0012620528206639392
2953,0.720947265625,36.57188615918811,0.03012046254088462,0.21576532686640348,-0.001271431714656046
2954,0.72119140625,36.639437617218185,0.03982265988336657,0.216009290210593,-0.001280810608648153
2955,0.721435546875,36.70698907524824,0.04952485722584304,0.21625325355478253,-0.0012901895026402599
2956,0.7216796875,36.77454053327832,0.05922705456832498,0.21649721689897206,-0.0012995683966323668
2957,0.7219238281249999,36.842320123953165,0.0692914612822318,0.21674040143363982,-0.0013088371892422401
2958,0.72216796875,36.91101224520726,0.0808047054818676,0.21698047073039106,-0.0013176655763231793
2959,0.722412109375,36.979704366461355,0.09231794968150342,0.2172205400271423,-0.0013264939634609618
2960,0.72265625,37.048396487715415,0.10383119388113267,0.21746060932389355,-0.001335322350541901
2961,0.722900390625,37.11708860896951,0.11534443808076848,0.2177006786206448,-0.0013441507376796835
2962,0.7231445312499999,37.18578073022357,0.12685768228039773,0.2179407479173392,-0.0013529791247606227
2963,0.723388671875,37.25447285147766,0.13837092648003355,0.21818081721409044,-0.0013618075118984052
2964,0.7236328125,37.32316497273176,0.14988417067966933,0.21842088651084168,-0.0013706358990361878
2965,0.723876953125,37.39185709398581,0.1613974148792986,0.21866095580759293,-0.001379464286117127
2966,0.72412109375,37.46054921523991,0.1729106590789344,0.21890102510434417,-0.0013882926732549095
2967,0.7243652343749999,37.52924133649396,0.18442390327856367,0.21914109440103857,-0.0013971210603358486
2968,0.724609375,37.597933457748056,0.19593714747819949,0.21938116369778982,-0.0014059494474736312
2969,0.724853515625,37.66662557900216,0.2074503916778353,0.21962123299454106,-0.0014147778345545703
2970,0.72509765625,37.73531770025621,0.2189636358774645,0.2198613022912923,-0.0014236062216923528
2971,0.725341796875,37.8040098215103,0.23047688007710032,0.22010137158804355,-0.001432434608773292
2972,0.7255859374999999,37.87270194276436,0.24199012427672958,0.22034144088473795,-0.0014412629959110745
2973,0.725830078125,37.94139406401845,0.2535033684763654,0.2205815101814892,-0.001450091383048857
2974,0.72607421875,38.01008618527255,0.26501661267600124,0.22082157947824044,-0.0014589197701297962
2975,0.726318359375,38.0787783065266,0.27652985687563053,0.22106164877499168,-0.0014677481572675788
2976,0.7265625,38.147470427780696,0.28804310107526626,0.22130171807174293,-0.001476576544348518
2977,0.7268066406249999,38.216162549034756,0.29955634527489555,0.22154178736843733,-0.0014854049314863005
2978,0.72705078125,38.28485467028885,0.31106958947453134,0.22178185666518857,-0.0014942333185672396
2979,0.727294921875,38.353546791542946,0.3225828336741672,0.22202192596193981,-0.0015030617057050222
2980,0.7275390625,38.422238912797,0.3340960778737964,0.22226199525869106,-0.0015118900927859613
2981,0.727783203125,38.4909310340511,0.3456093220734322,0.22250206455538546,-0.0015207184799237439
2982,0.7280273437499999,38.55962315530515,0.3571225662730615,0.2227421338521367,-0.0015295468670615264
2983,0.728271484375,38.62887922050863,0.36976760209341475,0.2229794617034031,-0.0015378096910012573
2984,0.728515625,38.698511248345056,0.38316716566091336,0.22321496192427048,-0.001545695472884745
2985,0.728759765625,38.768143276181426,0.3965667292284044,0.2234504621451947,-0.0015535812547113892
2986,0.72900390625,38.83777530401784,0.40996629279590296,0.22368596236611893,-0.0015614670365948768
2987,0.7292480468749999,38.907407331854216,0.423365856363394,0.2239214625869863,-0.0015693528184783645
2988,0.7294921875,38.97703935969063,0.43676541993089263,0.22415696280791053,-0.0015772386003618521
2989,0.729736328125,39.04667138752705,0.4501649834983912,0.2243924630287779,-0.0015851243821884964
2990,0.72998046875,39.11630341536342,0.46356454706588224,0.22462796324970213,-0.001593010164071984
2991,0.730224609375,39.18593544319983,0.47696411063338084,0.22486346347062636,-0.0016008959459554717
2992,0.7304687499999999,39.255567471036215,0.4903636742008719,0.22509896369149374,-0.001608781727782116
2993,0.730712890625,39.32519949887262,0.5037632377683705,0.22533446391241796,-0.0016166675096656036
2994,0.73095703125,39.39483152670904,0.5171628013358691,0.22556996413328534,-0.0016245532915490912
2995,0.731201171875,39.46446355454541,0.5305623649033601,0.22580546435420956,-0.0016324390734325789
2996,0.7314453125,39.53409558238183,0.5439619284708588,0.22604096457513378,-0.0016403248552592231
2997,0.7316894531249999,39.60372761021821,0.5573614920383497,0.22627646479600116,-0.0016482106371427108
2998,0.73193359375,39.67335963805462,0.5707610556058483,0.2265119650169254,-0.0016560964190261984
2999,0.732177734375,39.74299166589103,0.5841606191733469,0.2267474652378496,-0.001663982200909686
3000,0.732421875,39.81262369372741,0.5975601827408381,0.226982965458717,-0.0016718679827363303
3001,0.732666015625,39.88225572156383,0.6109597463083366,0.2272184656796412,-0.001679753764619818
3002,0.7329101562499999,39.9518877494002,0.6243593098758276,0.2274539659005086,-0.0016876395465033056
3003,0.733154296875,40.02151977723661,0.6377588734433263,0.22768946612143282,-0.0016955253283299498
3004,0.7333984375,40.091151805073025,0.651158437010825,0.22792496634235704,-0.0017034111102134375
3005,0.733642578125,40.1607838329094,0.6645580005783159,0.22816046656322442,-0.0017112968920969251
3006,0.73388671875,40.23041586074582,0.6779575641458145,0.22839596678414864,-0.0017191826739804128
3007,0.7341308593749999,40.300047888582185,0.6913571277133055,0.22863146700501602,-0.001727068455807057
3008,0.734375,40.36967991641861,0.7047566912808041,0.22886696722594024,-0.0017349542376905447
3009,0.734619140625,40.44001937880126,0.7200697635214802,0.22909724638157059,-0.0017414411615277459
3010,0.73486328125,40.51035884118388,0.7353828357621475,0.22932752553720093,-0.0017479280853081036
3011,0.735107421875,40.580698303566535,0.7506959080028234,0.22955780469283127,-0.0017544150091453048
3012,0.7353515624999999,40.65103776594914,0.7660089802434907,0.2297880838484616,-0.0017609019329256625
3013,0.735595703125,40.721377228331804,0.7813220524841668,0.23001836300409195,-0.0017673888567628637
3014,0.73583984375,40.79171669071445,0.7966351247248428,0.2302486421597223,-0.001773875780600065
3015,0.736083984375,40.862056153097065,0.8119481969655101,0.23047892131535264,-0.0017803627043804227
3016,0.736328125,40.93239561547973,0.827261269206186,0.23070920047098298,-0.0017868496282176238
3017,0.7365722656249999,41.00273507786234,0.8425743414468533,0.23093947962661332,-0.001793336552054825
3018,0.73681640625,41.07307454024499,0.8578874136875293,0.23116975878224366,-0.0017998234758351828
3019,0.737060546875,41.14341400262765,0.8732004859282052,0.23140003793793085,-0.001806310399672384
3020,0.7373046875,41.213753465010264,0.8885135581688725,0.2316303170935612,-0.0018127973234527417
3021,0.737548828125,41.28409292739291,0.9038266304095487,0.23186059624919153,-0.0018192842472899429
3022,0.7377929687499999,41.35443238977553,0.9191397026502159,0.23209087540482187,-0.001825771171127144
3023,0.738037109375,41.42477185215819,0.934452774890892,0.23232115456045221,-0.0018322580949075018
3024,0.73828125,41.495111314540836,0.9497658471315679,0.23255143371608256,-0.001838745018744703
3025,0.738525390625,41.565450776923456,0.9650789193722351,0.2327817128717129,-0.0018452319425819041
3026,0.73876953125,41.63579023930611,0.9803919916129114,0.23301199202734324,-0.001851718866362262
3027,0.7390136718749999,41.706129701688724,0.9957050638535786,0.23324227118297358,-0.001858205790199463
3028,0.7392578125,41.77646916407138,1.0110181360942545,0.23347255033860392,-0.0018646927139798208
3029,0.739501953125,41.846808626454035,1.0263312083349305,0.23370282949423427,-0.001871179637817022
3030,0.73974609375,41.91714808883665,1.0416442805755979,0.2339331086498646,-0.0018776665616542232
3031,0.739990234375,41.9874875512193,1.056957352816274,0.23416338780549495,-0.001884153485434581
3032,0.7402343749999999,42.057827013601916,1.072270425056941,0.2343936669611253,-0.0018906404092717821
3033,0.740478515625,42.12816647598457,1.0875834972976173,0.23462394611675563,-0.0018971273331089833
3034,0.74072265625,42.19868207173825,1.1036475660093863,0.23485189207156054,-0.0019028459896048844
3035,0.740966796875,42.26946186754844,1.120838129427785,0.23507633822515572,-0.0019074122451456788
3036,0.7412109375,42.34024166335867,1.1380286928461933,0.23530078437869406,-0.0019119785006864731
3037,0.7414550781249999,42.41102145916886,1.1552192562645922,0.2355252305322324,-0.0019165447562272675
3038,0.74169921875,42.48180125497908,1.1724098196830004,0.23574967668582758,-0.0019211110117680619
3039,0.741943359375,42.55258105078931,1.189600383101409,0.23597412283936592,-0.0019256772673088562
3040,0.7421875,42.623360846599496,1.206790946519808,0.23619856899290426,-0.0019302435228496506
3041,0.742431640625,42.69414064240973,1.2239815099382163,0.23642301514649944,-0.001934809778390445
3042,0.7426757812499999,42.76492043821992,1.241172073356615,0.23664746130003778,-0.0019393760339312394
3043,0.742919921875,42.83570023403014,1.2583626367750236,0.23687190745363296,-0.0019439422894720337
3044,0.7431640625,42.90648002984037,1.275553200193432,0.2370963536071713,-0.001948508545012828
3045,0.743408203125,42.97725982565055,1.2927437636118306,0.23732079976070963,-0.0019530748005536225
3046,0.74365234375,43.04803962146078,1.3099343270302393,0.23754524591430481,-0.001957641056094417
3047,0.7438964843749999,43.11881941727097,1.327124890448638,0.23776969206784315,-0.0019622073116352112
3048,0.744140625,43.189599213081195,1.3443154538670463,0.23799413822143833,-0.0019667735671760056
3049,0.744384765625,43.26037900889143,1.3615060172854547,0.23821858437497667,-0.0019713398227168
3050,0.74462890625,43.3311588047016,1.3786965807038536,0.238443030528515,-0.0019759060782575943
3051,0.744873046875,43.40193860051183,1.395887144122262,0.2386674766821102,-0.0019804723337983887
3052,0.7451171874999999,43.47271839632202,1.4130777075406609,0.23889192283564853,-0.001985038589339183
3053,0.745361328125,43.54349819213225,1.4302682709590693,0.2391163689892437,-0.0019896048448799775
3054,0.74560546875,43.61427798794248,1.4474588343774777,0.23934081514278205,-0.001994171100420772
3055,0.745849609375,43.685057783752654,1.4646493977958763,0.2395652612963204,-0.001998737355961566
3056,0.74609375,43.755837579562886,1.4818399612142847,0.23978970744991557,-0.002003303611559204
3057,0.7463378906249999,43.826617375373075,1.4990305246326834,0.2400141536034539,-0.0020078698670999984
3058,0.74658203125,43.8973971711833,1.5162210880510918,0.2402385997570491,-0.0020124361226407927
3059,0.746826171875,43.96817696699353,1.5334116514695004,0.24046304591058743,-0.002017002378181587
3060,0.7470703125,44.03906526852675,1.5520110277046106,0.2406823811206209,-0.0020195626634063046
3061,0.747314453125,44.109980696490766,1.570962607143909,0.24090043859473553,-0.002021621456037792
3062,0.7475585937499999,44.18089612445473,1.5899141865831963,0.24111849606885016,-0.0020236802486692795
3063,0.747802734375,44.25181155241876,1.6088657660224945,0.24133655354302164,-0.002025739041300767
3064,0.748046875,44.32272698038276,1.6278173454617928,0.24155461101713627,-0.002027797833989098
3065,0.748291015625,44.393642408346736,1.6467689249010806,0.2417726684912509,-0.0020298566266205853
3066,0.74853515625,44.46455783631075,1.6657205043403787,0.24199072596542237,-0.0020319154192520728
3067,0.7487792968749999,44.53547326427473,1.684672083779666,0.242208783439537,-0.0020339742119404036
3068,0.7490234375,44.606388692238745,1.7036236632189645,0.24242684091370847,-0.002036033004571891
3069,0.749267578125,44.677304120202756,1.7225752426582628,0.2426448983878231,-0.0020380917972033785
3070,0.74951171875,44.74821954816672,1.7415268220975506,0.24286295586193773,-0.002040150589834866
3071,0.749755859375,44.81913497613075,1.7604784015368484,0.2430810133361092,-0.002042209382523197
3072,0.7500000000000001,44.890050404094765,1.779429980976147,0.24329907081022384,-0.0020442681751546843
3073,0.750244140625,44.96096583205873,1.7983815604154345,0.24351712828433847,-0.0020463269677861717
3074,0.75048828125,45.03188126002275,1.8173331398547328,0.24373518575850994,-0.0020483857604745026
3075,0.750732421875,45.10279668798672,1.8362847192940204,0.24395324323262457,-0.00205044455310599
3076,0.7509765625,45.173712115950735,1.8552362987333186,0.2441713007067392,-0.0020525033457374775
3077,0.7512207031250001,45.24462754391475,1.8741878781726167,0.24438935818091068,-0.002054562138368965
3078,0.75146484375,45.31554297187873,1.8931394576119043,0.2446074156550253,-0.002056620931057296
3079,0.751708984375,45.38645839984274,1.9120910370512028,0.24482547312919678,-0.0020586797236887833
3080,0.751953125,45.45737382780672,1.9310426164904906,0.2450435306033114,-0.0020607385163202707
3081,0.752197265625,45.52828925577072,1.9499941959297884,0.24526158807742604,-0.0020627973090086016
3082,0.7524414062500001,45.59920468373475,1.9689457753690869,0.24547964555159751,-0.002064856101640089
3083,0.752685546875,45.670120111698715,1.9878973548083743,0.24569770302571214,-0.0020669148942715765
3084,0.7529296875,45.74103553966273,2.0068489342476727,0.24591576049982677,-0.002068973686903064
3085,0.753173828125,45.81190908774438,2.026109447599177,0.24613244324325478,-0.0020704012508190317
3086,0.75341796875,45.88261511629678,2.0466056965995603,0.24634362706370894,-0.0020693038998160773
3087,0.7536621093750001,45.95332114484919,2.067101945599944,0.2465548108841631,-0.002068206548813123
3088,0.75390625,46.02402717340156,2.087598194600316,0.24676599470467409,-0.002067109197753325
3089,0.754150390625,46.09473320195396,2.1080944436006996,0.24697717852512824,-0.0020660118467503708
3090,0.75439453125,46.165439230506315,2.128590692601072,0.2471883623455824,-0.0020649144957474164
3091,0.754638671875,46.23614525905872,2.149086941601456,0.2473995461660934,-0.0020638171446876186
3092,0.7548828125000001,46.30685128761113,2.1695831906018395,0.24761072998654754,-0.002062719793684664
3093,0.755126953125,46.37755731616348,2.190079439602211,0.2478219138070017,-0.0020616224426248664
3094,0.75537109375,46.44826334471589,2.210575688602595,0.2480330976275127,-0.002060525091621912
3095,0.755615234375,46.518969373268256,2.231071937602967,0.24824428144796684,-0.0020594277406189576
3096,0.755859375,46.58967540182066,2.251568186603351,0.248455465268421,-0.00205833038955916
3097,0.7561035156250001,46.66038143037306,2.272064435603734,0.24866664908887515,-0.0020572330385562054
3098,0.75634765625,46.731087458925415,2.2925606846041062,0.24887783290938614,-0.002056135687553251
3099,0.756591796875,46.80179348747783,2.3130569336044897,0.2490890167298403,-0.0020550383364934532
3100,0.7568359375,46.87249951603018,2.333553182604862,0.24930020055029445,-0.002053940985490499
3101,0.757080078125,46.94320554458259,2.3540494316052456,0.24951138437080544,-0.0020528436344875445
3102,0.7573242187500001,47.01391157313499,2.3745456806056295,0.2497225681912596,-0.0020517462834277467
3103,0.757568359375,47.084617601687356,2.3950419296060015,0.24993375201171375,-0.0020506489324247923
3104,0.7578125,47.15532363023976,2.415538178606385,0.25014493583222475,-0.0020495515813649945
3105,0.758056640625,47.226029658792115,2.436034427606757,0.2503561196526789,-0.00204845423036204
3106,0.75830078125,47.29673568734452,2.4565306766071404,0.25056730347313305,-0.0020473568793590857
3107,0.7585449218750001,47.36744171589692,2.4770269256075244,0.2507784872935872,-0.002046259528299288
3108,0.7587890625,47.43814774444929,2.4975231746078963,0.2509896711140982,-0.0020451621772963335
3109,0.759033203125,47.50885377300169,2.51801942360828,0.25120085493455235,-0.002044064826293379
3110,0.75927734375,47.57955980155406,2.538515672608652,0.2514120387550065,-0.0020429674752335814
3111,0.759521484375,47.64990740278519,2.5597360505873166,0.251618856879702,-0.0020395538460320495
3112,0.7597656250000001,47.720016052468814,2.5814391812181685,0.2518227645404636,-0.002034596031307956
3113,0.760009765625,47.79012470215239,2.6031423118490085,0.2520266722012252,-0.0020296382166407057
3114,0.76025390625,47.86023335183602,2.62484544247986,0.25223057986204367,-0.002024680401916612
3115,0.760498046875,47.930342001519605,2.6465485731106995,0.2524344875228053,-0.0020197225871925184
3116,0.7607421875,48.000450651203224,2.668251703741552,0.25263839518362374,-0.002014764772525268
3117,0.7609863281250001,48.07055930088684,2.6899548343724033,0.25284230284438536,-0.0020098069578011746
3118,0.76123046875,48.140667950570425,2.711657965003243,0.2530462105052038,-0.0020048491431339244
3119,0.761474609375,48.21077660025405,2.7333610956340957,0.25325011816596543,-0.0019998913284098307
3120,0.76171875,48.28088524993763,2.755064226264935,0.25345402582672705,-0.0019949335137425805
3121,0.761962890625,48.35099389962125,2.7767673568957867,0.2536579334875455,-0.001989975699018487
3122,0.7622070312500001,48.42110254930487,2.798470487526639,0.2538618411483071,-0.0019850178842943933
3123,0.762451171875,48.49121119898845,2.8201736181574786,0.2540657488091256,-0.001980060069627143
3124,0.7626953125,48.561319848672085,2.84187674878833,0.2542696564698872,-0.0019751022549030495
3125,0.762939453125,48.63142849835566,2.86357987941917,0.2544735641306488,-0.0019701444402357993
3126,0.76318359375,48.701537148039286,2.885283010050022,0.25467747179146727,-0.0019651866255117056
3127,0.7634277343750001,48.77164579772291,2.9069861406808735,0.2548813794522289,-0.001960228810787612
3128,0.763671875,48.841754447406494,2.9286892713117134,0.25508528711304734,-0.001955270996120362
3129,0.763916015625,48.91186309709011,2.9503924019425654,0.25528919477380896,-0.0019503131813962682
3130,0.76416015625,48.981971746773695,2.972095532573405,0.2554931024346274,-0.001945355366729018
3131,0.764404296875,49.05208039645731,2.993798663204257,0.25569701009538903,-0.0019403975520049244
3132,0.7646484375000001,49.12218904614094,3.0155017938351087,0.25590091775615065,-0.0019354397372808307
3133,0.764892578125,49.19229769582452,3.0372049244659483,0.2561048254169691,-0.0019304819226135805
3134,0.76513671875,49.26240634550814,3.0589080550968,0.2563087330777307,-0.001925524107889487
3135,0.765380859375,49.33251499519172,3.0806111857276397,0.2565126407385492,-0.0019205662932222367
3136,0.765625,49.402623644875355,3.1023143163584916,0.2567165483993108,-0.001915608478498143
3137,0.7658691406250001,49.47170213420186,3.124741485121029,0.25691286816140746,-0.0019060403396338188
3138,0.76611328125,49.54078062352835,3.147168653883553,0.2571091879234473,-0.0018964722007694945
3139,0.766357421875,49.60985911285487,3.1695958226460896,0.25730550768554394,-0.0018869040619051702
3140,0.7666015625,49.67893760218134,3.1920229914086136,0.2575018274476406,-0.001877335923040846
3141,0.766845703125,49.748016091507864,3.2144501601711504,0.25769814720968043,-0.0018677677841765217
3142,0.7670898437500001,49.817094580834386,3.236877328933687,0.2578944669717771,-0.0018581996453121974
3143,0.767333984375,49.88617307016086,3.2593044976962116,0.2580907867338169,-0.001848631506447873
3144,0.767578125,49.95525155948739,3.281731666458749,0.2582871064959136,-0.0018390633675267054
3145,0.767822265625,50.02433004881387,3.3041588352212727,0.25848342625801024,-0.0018294952286623811
3146,0.76806640625,50.09340853814039,3.3265860039838095,0.25867974602005006,-0.0018199270897980568
3147,0.7683105468750001,50.16248702746691,3.349013172746346,0.2588760657821467,-0.0018103589509337326
3148,0.7685546875,50.23156551679339,3.3714403415088703,0.2590723855442434,-0.0018007908120694083
3149,0.768798828125,50.3006440061199,3.393867510271407,0.2592687053062832,-0.001791222673205084
3150,0.76904296875,50.36972249544638,3.4162946790339315,0.2594650250683799,-0.0017816545343407597
3151,0.769287109375,50.438800984772904,3.4387218477964687,0.2596613448304197,-0.0017720863954764354
3152,0.7695312500000001,50.50787947409942,3.4611490165590055,0.25985766459251636,-0.0017625182566121111
3153,0.769775390625,50.576957963425905,3.483576185321529,0.260053984354613,-0.0017529501177477869
3154,0.77001953125,50.646036452752426,3.506003354084066,0.26025030411665284,-0.0017433819788834626
3155,0.770263671875,50.7151149420789,3.5284305228465906,0.2604466238787495,-0.0017338138400191383
3156,0.7705078125,50.78419343140543,3.550857691609128,0.26064294364084617,-0.001724245701154814
3157,0.7707519531250001,50.85327192073194,3.5732848603716647,0.260839263402886,-0.0017146775622904897
3158,0.77099609375,50.92235041005842,3.5957120291341886,0.26103558316498265,-0.0017051094234261654
3159,0.771240234375,50.99142889938494,3.6181391978967254,0.2612319029270793,-0.0016955412845618412
3160,0.771484375,51.06050738871143,3.640566366659249,0.26142822268911914,-0.0016859731456975169
3161,0.771728515625,51.12958587803794,3.6629935354217857,0.2616245424512158,-0.0016764050067763492
3162,0.7719726562500001,51.198060810093395,3.6854488871684414,0.2618177403654727,-0.0016646804728566167
3163,0.772216796875,51.2656304062422,3.707946513391261,0.2620062555080267,-0.0016497213462116633
3164,0.7724609375,51.333200002391045,3.7304441396140926,0.2621947706505807,-0.0016347622196235534
3165,0.772705078125,51.40076959853985,3.752941765836913,0.2623832857930779,-0.0016198030930354435
3166,0.77294921875,51.4683391946887,3.775439392059745,0.2625718009356319,-0.0016048439664473335
3167,0.7731933593750001,51.535908790837546,3.7979370182825773,0.26276031607818595,-0.0015898848398023802
3168,0.7734375,51.60347838698635,3.8204346445053967,0.26294883122074,-0.0015749257132142702
3169,0.773681640625,51.6710479831352,3.842932270728229,0.263137346363294,-0.0015599665866261603
3170,0.77392578125,51.738617579284,3.865429896951048,0.263325861505848,-0.001545007459981207
3171,0.774169921875,51.806187175432854,3.88792752317388,0.26351437664840205,-0.001530048333393097
3172,0.7744140625000001,51.8737567715817,3.910425149396713,0.26370289179089923,-0.001515089206804987
3173,0.774658203125,51.941326367730504,3.932922775619532,0.26389140693345325,-0.001500130080216877
3174,0.77490234375,52.00889596387935,3.9554204018423644,0.2640799220760073,-0.0014851709535719237
3175,0.775146484375,52.076465560028154,3.977918028065184,0.2642684372185613,-0.0014702118269838138
3176,0.775390625,52.144035156177004,4.000415654288017,0.2644569523611153,-0.0014552527003957039
3177,0.7756347656250001,52.21160475232585,4.022913280510848,0.26464546750366935,-0.0014402935737507505
3178,0.77587890625,52.27917434847466,4.045410906733668,0.26483398264616653,-0.0014253344471626406
3179,0.776123046875,52.346743944623505,4.0679085329565,0.26502249778872056,-0.0014103753205745306
3180,0.7763671875,52.41431354077231,4.090406159179319,0.2652110129312746,-0.0013954161939864207
3181,0.776611328125,52.481883136921155,4.1129037854021515,0.2653995280738286,-0.0013804570673414673
3182,0.7768554687500001,52.549452733070005,4.135401411624984,0.26558804321638263,-0.0013654979407533574
3183,0.777099609375,52.617022329218806,4.157899037847804,0.26577655835893665,-0.0013505388141652475
3184,0.77734375,52.684591925367656,4.180396664070636,0.2659650735014907,-0.001335579687520294
3185,0.777587890625,52.75216152151646,4.202894290293455,0.26615358864398786,-0.0013206205609321842
3186,0.77783203125,52.819731117665306,4.225391916516287,0.2663421037865419,-0.0013056614343440742
3187,0.7780761718750001,52.887300713814156,4.247889542739119,0.2665306189290959,-0.0012907023077559643
3188,0.7783203125,52.95324342995868,4.269762174795,0.26671279292963845,-0.0012707974243539866
3189,0.778564453125,53.01877942610218,4.291478558309157,0.26689338164470655,-0.0012496561017769636
3190,0.77880859375,53.08431542224564,4.313194941823301,0.2670739703597178,-0.001228514779256784
3191,0.779052734375,53.149851418389126,4.334911325337459,0.2672545590747859,-0.0012073734566797611
3192,0.7792968750000001,53.21538741453263,4.356627708851616,0.26743514778979716,-0.0011862321341027382
3193,0.779541015625,53.28092341067609,4.378344092365761,0.26761573650486525,-0.0011650908115257153
3194,0.77978515625,53.34645940681958,4.4000604758799176,0.2677963252198765,-0.0011439494889486923
3195,0.780029296875,53.411995402963036,4.421776859394063,0.2679769139349446,-0.0011228081664285128
3196,0.7802734375,53.477531399106525,4.44349324290822,0.26815750264995586,-0.0011016668438514898
3197,0.7805175781250001,53.54306739525002,4.465209626422377,0.26833809136502396,-0.0010805255212744669
3198,0.78076171875,53.60860339139348,4.486926009936522,0.2685186800800352,-0.001059384198697444
3199,0.781005859375,53.67413938753697,4.508642393450679,0.2686992687951033,-0.001038242876120421
3200,0.78125,53.73967538368043,4.530358776964825,0.26887985751011456,-0.0010171015536002415
3201,0.781494140625,53.80521137982392,4.552075160478981,0.26906044622518266,-0.0009959602310232185
3202,0.7817382812500001,53.87074737596742,4.5737915439931385,0.26924103494025076,-0.0009748189084461956
3203,0.781982421875,53.93628337211087,4.595507927507283,0.269421623655262,-0.0009536775858691726
3204,0.7822265625,54.00181936825437,4.61722431102144,0.2696022123703301,-0.0009325362632921497
3205,0.782470703125,54.06735536439782,4.638940694535584,0.26978280108534136,-0.0009113949407151267
3206,0.78271484375,54.13289136054132,4.660657078049742,0.26996338980040946,-0.0008902536181949472
3207,0.7829589843750001,54.19842735668481,4.6823734615639,0.2701439785154207,-0.0008691122956179242
3208,0.783203125,54.26396335282827,4.7040898450780455,0.2703245672304888,-0.0008479709730409013
3209,0.783447265625,54.329499348971765,4.725806228592202,0.27050515594550006,-0.0008268296504638784
3210,0.78369140625,54.395035345115225,4.747522612106347,0.27068574466056816,-0.0008056883278868554
3211,0.783935546875,54.46057134125872,4.769238995620504,0.2708663333755794,-0.0007845470053666759
3212,0.7841796875000001,54.52610733740221,4.790955379134661,0.2710469220906475,-0.0007634056827896529
3213,0.784423828125,54.59112274887512,4.812299754614663,0.2712259192499573,-0.0007408729223925548
3214,0.78466796875,54.65405582166587,4.8321560979581015,0.27139855018623393,-0.0007127744106583123
3215,0.784912109375,54.716988894456584,4.852012441301528,0.27157118112251055,-0.0006846758989240698
3216,0.78515625,54.77992196724733,4.871868784644967,0.27174381205878717,-0.0006565773871898273
3217,0.7854003906250001,54.84285504003808,4.891725127988406,0.27191644299512063,-0.0006284788754555848
3218,0.78564453125,54.9057881128288,4.911581471331833,0.27208907393139725,-0.0006003803637213423
3219,0.785888671875,54.96872118561954,4.931437814675272,0.27226170486767387,-0.0005722818519870998
3220,0.7861328125,55.03165425841026,4.951294158018699,0.2724343358039505,-0.0005441833402528573
3221,0.786376953125,55.09458733120101,4.971150501362138,0.27260696674028395,-0.0005160848285186148
3222,0.7866210937500001,55.15752040399176,4.991006844705576,0.27277959767656057,-0.0004879863167843723
3223,0.786865234375,55.220453476782474,5.0108631880490035,0.2729522286128372,-0.00045988780505012983
3224,0.787109375,55.28338654957322,5.030719531392442,0.2731248595491138,-0.00043178929331588733
3225,0.787353515625,55.34631962236394,5.050575874735869,0.27329749048544727,-0.00040369078158164484
3226,0.78759765625,55.409252695154684,5.070432218079308,0.2734701214217239,-0.00037559226984740235
3227,0.7878417968750001,55.47218576794543,5.090288561422746,0.2736427523580005,-0.00034749375811315986
3228,0.7880859375,55.53511884073615,5.110144904766174,0.2738153832942771,-0.00031939524637891736
3229,0.788330078125,55.59805191352691,5.130001248109613,0.2739880142306106,-0.00029129673464467487
3230,0.78857421875,55.660984986317615,5.14985759145304,0.2741606451668872,-0.0002631982229104324
3231,0.788818359375,55.723918059108364,5.169713934796479,0.2743332761031638,-0.00023509971117618989
3232,0.7890625000000001,55.78685113189912,5.189570278139917,0.27450590703944044,-0.0002070011994419474
3233,0.789306640625,55.849784204689826,5.2094266214833445,0.27467853797571706,-0.0001789026877077049
3234,0.78955078125,55.912717277480574,5.229282964826783,0.2748511689120505,-0.0001508041759734624
3235,0.789794921875,55.9756503502713,5.249139308170212,0.27502379984832714,-0.00012270566423921991
3236,0.7900390625,56.038583423062036,5.26899565151365,0.27519643078460376,-9.460715250497742e-05
3237,0.7902832031250001,56.10151649585279,5.288851994857088,0.2753690617208804,-6.650864077073493e-05
3238,0.79052734375,56.16444956864351,5.308708338200515,0.27554169265721384,-3.8410129036492435e-05
3239,0.790771484375,56.22545432535821,5.326647004180946,0.2757095793040776,-5.7026483659683436e-06
3240,0.791015625,56.28517353802217,5.343307218586026,0.2758743030913138,3.0077478356815845e-05
3241,0.791259765625,56.34489275068616,5.359967432991116,0.2760390268786068,6.585760502275662e-05
3242,0.7915039062500001,56.404611963350156,5.376627647396206,0.27620375066589986,0.0001016377317455408
3243,0.791748046875,56.46433117601411,5.393287861801288,0.27636847445313606,0.000137417858468325
3244,0.7919921875,56.52405038867812,5.409948076206377,0.2765331982404291,0.00017319798513426576
3245,0.792236328125,56.583769601342084,5.426608290611458,0.2766979220276653,0.00020897811185704995
3246,0.79248046875,56.64348881400607,5.443268505016548,0.27686264581495834,0.0002447582385229907
3247,0.7927246093750001,56.70320802667007,5.459928719421638,0.27702736960219454,0.0002805383652457749
3248,0.79296875,56.76292723933403,5.4765889338267195,0.2771920933894876,0.0003163184919117157
3249,0.793212890625,56.82264645199802,5.4932491482318095,0.2773568171767806,0.00035209861863449987
3250,0.79345703125,56.88236566466198,5.50990936263689,0.2775215409640168,0.00038787874530044064
3251,0.793701171875,56.94208487732599,5.52656957704198,0.27768626475130986,0.00042365887202322483
3252,0.7939453125000001,57.00180408998998,5.54322979144707,0.27785098853854606,0.0004594389986891656
3253,0.794189453125,57.061523302653946,5.559890005852152,0.2780157123258391,0.0004952191254119498
3254,0.79443359375,57.12124251531794,5.576550220257241,0.2781804361130753,0.000530999252134734
3255,0.794677734375,57.1809617279819,5.593210434662322,0.27834515990036834,0.0005667793788006747
3256,0.794921875,57.240680940645895,5.609870649067412,0.2785098836876614,0.0006025595055234589
3257,0.7951660156250001,57.30040015330988,5.626530863472503,0.2786746074748976,0.0006383396321893997
3258,0.79541015625,57.360119365973844,5.643191077877583,0.2788393312621906,0.0006741197589121839
3259,0.795654296875,57.41983857863785,5.659851292282673,0.2790040550494268,0.0007098998855781247
3260,0.7958984375,57.479557791301815,5.676511506687754,0.27916877883671987,0.0007456800123009089
3261,0.796142578125,57.53927700396581,5.693171721092844,0.27933350262395606,0.0007814601389668496
3262,0.7963867187500001,57.5989962166298,5.709831935497935,0.2794982264112491,0.0008172402656896338
3263,0.796630859375,57.658715429293764,5.726492149903015,0.2796629501984853,0.0008530203923555746
3264,0.796875,57.718434641957764,5.743152364308103,0.27982767398577835,0.0008888005190783588
3265,0.797119140625,57.77429231295602,5.754992092875593,0.27998461137281083,0.0009328929658636298
3266,0.79736328125,57.830149983954314,5.76683182144309,0.2801415487598433,0.0009769854125920574
3267,0.7976074218750001,57.88600765495259,5.778671550010587,0.28029848614693265,0.0010210778593773284
3268,0.7978515625,57.94186532595085,5.790511278578078,0.28045542353396513,0.001065170306105756
3269,0.798095703125,57.99772299694914,5.8023510071455755,0.2806123609209976,0.001109262752891027
3270,0.79833984375,58.05358066794741,5.8141907357130655,0.2807692983080301,0.0011533551996194547
3271,0.798583984375,58.1094383389457,5.826030464280563,0.28092623569511943,0.0011974476464047257
3272,0.7988281250000001,58.165296009943994,5.83787019284806,0.2810831730821519,0.0012415400931331533
3273,0.799072265625,58.221153680942244,5.849709921415549,0.2812401104691844,0.0012856325399184243
3274,0.79931640625,58.277011351940544,5.861549649983047,0.2813970478562169,0.001329724986646852
3275,0.799560546875,58.332869022938795,5.873389378550537,0.2815539852433062,0.001373817433432123
3276,0.7998046875,58.38872669393709,5.885229107118034,0.2817109226303387,0.0014179098801605505
3277,0.8000488281250001,58.44458436493538,5.897068835685531,0.2818678600173712,0.0014620023269458216
3278,0.80029296875,58.50044203593364,5.9089085642530215,0.28202479740440367,0.0015060947736742492
3279,0.800537109375,58.556299706931924,5.920748292820519,0.282181734791493,0.0015501872204595202
3280,0.80078125,58.61215737793019,5.9325880213880104,0.2823386721785255,0.0015942796671879478
3281,0.801025390625,58.668015048928474,5.944427749955507,0.28249560956555797,0.0016383721139732188
3282,0.8012695312500001,58.72387271992677,5.956267478523004,0.28265254695259046,0.0016824645607016464
3283,0.801513671875,58.779730390925025,5.968107207090494,0.28280948433962294,0.0017265570074869174
3284,0.8017578125,58.83558806192332,5.979946935657991,0.28296642172671227,0.001770649454215345
3285,0.802001953125,58.89144573292157,5.991786664225481,0.28312335911374475,0.001814741901000616
3286,0.80224609375,58.94730340391987,6.003626392792978,0.28328029650077724,0.001858834347785887
3287,0.8024902343750001,59.00316107491816,6.015466121360475,0.2834372338878097,0.0019029267945143147
3288,0.802734375,59.05901874591641,6.027305849927966,0.28359417127489905,0.0019470192412995857
3289,0.802978515625,59.114876416914704,6.0391455784954635,0.28375110866193154,0.0019911116880280133
3290,0.80322265625,59.16891845616672,6.048279568986405,0.28390500208917047,0.0020387225441709234
3291,0.803466796875,59.2202370477994,6.05335495236252,0.2840543295767475,0.002091611014350292
3292,0.8037109375000001,59.27155563943209,6.0584303357386355,0.2842036570643245,0.002144499484586504
3293,0.803955078125,59.32287423106473,6.063505719114748,0.2843529845519015,0.0021973879547658726
3294,0.80419921875,59.374192822697424,6.068581102490863,0.2845023120394785,0.002250276424945241
3295,0.804443359375,59.42551141433007,6.073656485866976,0.2846516395270555,0.0023031648951246098
3296,0.8046875,59.47683000596275,6.078731869243091,0.28480096701463253,0.0023560533653608218
3297,0.8049316406250001,59.52814859759544,6.0838072526192075,0.28495029450220954,0.0024089418355401904
3298,0.80517578125,59.57946718922809,6.088882635995319,0.28509962198978656,0.002461830305719559
3299,0.805419921875,59.63078578086076,6.093958019371434,0.28524894947736357,0.002514718775955771
3300,0.8056640625,59.68210437249342,6.099033402747548,0.2853982769649406,0.0025676072461351396
3301,0.805908203125,59.7334229641261,6.104108786123663,0.2855476044525176,0.002620495716314508
3302,0.8061523437500001,59.784741555758785,6.109184169499779,0.2856969319400946,0.00267338418655072
3303,0.806396484375,59.836060147391436,6.114259552875891,0.2858462594276716,0.002726272656730089
3304,0.806640625,59.88737873902412,6.119334936252006,0.2859955869152486,0.0027791611269094574
3305,0.806884765625,59.938697330656765,6.12441031962812,0.28614491440282563,0.002832049597088826
3306,0.80712890625,59.99001592228945,6.129485703004235,0.28629424189040265,0.002884938067325038
3307,0.8073730468750001,60.04133451392214,6.134561086380351,0.28644356937797966,0.0029378265375044066
3308,0.8076171875,60.09265310555479,6.139636469756463,0.28659289686555667,0.002990715007683775
3309,0.807861328125,60.14397169718746,6.144711853132578,0.2867422243531337,0.003043603477919987
3310,0.80810546875,60.195290288820125,6.149787236508692,0.2868915518407107,0.003096491948099356
3311,0.808349609375,60.24660888045279,6.154862619884807,0.2870408793282877,0.0031493804182787244
3312,0.8085937500000001,60.297927472085476,6.159938003260923,0.2871902068158647,0.0032022688885149364
3313,0.808837890625,60.349246063718134,6.1650133866370345,0.2873395343033849,0.003255157358694305
3314,0.80908203125,60.40056465535081,6.170088770013149,0.2874888617909619,0.0033080458288736736
3315,0.809326171875,60.45188324698346,6.175164153389263,0.2876381892785389,0.0033609342991098856
3316,0.8095703125,60.499011840085785,6.172992885404831,0.2877816019887973,0.0034210770722893358
3317,0.8098144531250001,60.54509293355551,6.169009954580259,0.28792353600465503,0.0034830334212756497
3318,0.81005859375,60.59117402702521,6.165027023755688,0.28806547002051275,0.0035449897702619637
3319,0.810302734375,60.637255120494935,6.161044092931117,0.28820740403637046,0.0036069461191914343
3320,0.810546875,60.68333621396463,6.1570611621065465,0.288349338052285,0.0036689024681777482
3321,0.810791015625,60.72941730743436,6.153078231281976,0.28849127206814273,0.003730858817164062
3322,0.8110351562500001,60.775498400904084,6.149095300457402,0.28863320608400045,0.003792815166150376
3323,0.811279296875,60.82157949437379,6.145112369632833,0.288775140099915,0.0038547715150798467
3324,0.8115234375,60.8676605878435,6.141129438808261,0.2889170741157727,0.003916727864066161
3325,0.811767578125,60.913741681313205,6.137146507983691,0.28905900813163043,0.003978684213052475
3326,0.81201171875,60.959822774782936,6.133163577159118,0.28920094214748815,0.004040640562038789
3327,0.8122558593750001,61.00590386825266,6.129180646334547,0.2893428761634027,0.004102596910968259
3328,0.8125,61.051984961722354,6.125197715509976,0.2894848101792604,0.004164553259954573
3329,0.812744140625,61.098066055192085,6.121214784685405,0.28962674419511814,0.004226509608940887
3330,0.81298828125,61.14414714866178,6.117231853860836,0.2897686782110327,0.004288465957870358
3331,0.813232421875,61.19022824213151,6.113248923036263,0.2899106122268904,0.004350422306856672
3332,0.8134765625000001,61.23630933560123,6.10926599221169,0.2900525462427481,0.004412378655842986
3333,0.813720703125,61.28239042907093,6.10528306138712,0.29019448025860584,0.0044743350048293
3334,0.81396484375,61.32847152254066,6.101300130562549,0.2903364142745204,0.00453629135375877
3335,0.814208984375,61.37455261601035,6.0973171997379785,0.2904783482903781,0.004598247702745084
3336,0.814453125,61.420633709480086,6.093334268913407,0.2906202823062358,0.004660204051731398
3337,0.8146972656250001,61.4667148029498,6.089351338088835,0.2907622163221504,0.004722160400717712
3338,0.81494140625,61.512795896419505,6.085368407264265,0.2909041503380081,0.004784116749647183
3339,0.815185546875,61.558876989889235,6.081385476439692,0.2910460843538658,0.0048460730986334966
3340,0.8154296875,61.60495808335893,6.077402545615123,0.2911880183697235,0.0049080294476198105
3341,0.815673828125,61.64985002154467,6.071073326520624,0.2913285217290422,0.00497179578877649
3342,0.8159179687500001,61.68998533859448,6.055358954346406,0.2914633024619775,0.005042802098728316
3343,0.816162109375,61.73012065564426,6.0396445821721985,0.29159808319491276,0.005113808408623299
3344,0.81640625,61.77025597269408,6.023930209997981,0.29173286392784803,0.005184814718575126
3345,0.816650390625,61.81039128974386,6.008215837823773,0.29186764466084014,0.005255821028526952
3346,0.81689453125,61.850526606793665,5.992501465649555,0.2920024253937754,0.005326827338478779
3347,0.8171386718750001,61.890661923843474,5.976787093475338,0.2921372061267107,0.0053978336484306055
3348,0.8173828125,61.93079724089327,5.961072721301129,0.29227198685964595,0.005468839958325589
3349,0.817626953125,61.97093255794307,5.945358349126911,0.29240676759263806,0.005539846268277415
3350,0.81787109375,62.011067874992854,5.929643976952703,0.29254154832557333,0.005610852578229242
3351,0.818115234375,62.051203192042664,5.913929604778486,0.2926763290585086,0.005681858888181068
3352,0.8183593750000001,62.09133850909249,5.898215232604269,0.29281110979144387,0.0057528651980760515
3353,0.818603515625,62.13147382614226,5.88250086043006,0.29294589052437914,0.005823871508027878
3354,0.81884765625,62.17160914319207,5.866786488255843,0.29308067125737125,0.0058948778179797046
3355,0.819091796875,62.21174446024185,5.851072116081635,0.2932154519903065,0.005965884127931531
3356,0.8193359375,62.25187977729167,5.835357743907418,0.2933502327232418,0.006036890437826514
3357,0.8195800781250001,62.29201509434148,5.819643371733201,0.29348501345617706,0.006107896747778341
3358,0.81982421875,62.332150411391254,5.803928999558991,0.29361979418916917,0.006178903057730167
3359,0.820068359375,62.372285728441064,5.788214627384773,0.29375457492210444,0.006249909367681994
3360,0.8203125,62.41242104549085,5.7725002552105655,0.2938893556550397,0.0063209156776338205
3361,0.820556640625,62.45255636254066,5.756785883036349,0.294024136387975,0.006391921987528804
3362,0.8208007812500001,62.49269167959047,5.741071510862131,0.29415891712091025,0.00646292829748063
3363,0.821044921875,62.53282699664025,5.725357138687923,0.29429369785390236,0.006533934607432457
3364,0.8212890625,62.57296231369007,5.7096427665137055,0.2944284785868376,0.006604940917384283
3365,0.821533203125,62.61309763073986,5.693928394339498,0.2945632593197729,0.006675947227279266
3366,0.82177734375,62.653232947789654,5.678214022165279,0.29469804005270817,0.006746953537231093
3367,0.8220214843750001,62.68937766108795,5.65361390142817,0.29482867793268497,0.00682314969054687
3368,0.822265625,62.72286197188522,5.623089948315828,0.29495655391065156,0.006902805739400719
3369,0.822509765625,62.756346282682514,5.5925659952034685,0.29508442988861816,0.0069824617883114115
3370,0.82275390625,62.789830593479785,5.562042042091127,0.29521230586658476,0.00706211783716526
3371,0.822998046875,62.823314904277076,5.5315180889787685,0.29534018184455135,0.007141773886075953
3372,0.8232421875000001,62.85679921507437,5.500994135866409,0.29546805782251795,0.007221429934929802
3373,0.823486328125,62.89028352587164,5.470470182754067,0.2955959338004277,0.007301085983840494
3374,0.82373046875,62.923767836668915,5.439946229641707,0.2957238097783943,0.007380742032694343
3375,0.823974609375,62.957252147466185,5.409422276529367,0.2958516857563609,0.007460398081605035
3376,0.82421875,62.99073645826348,5.378898323417006,0.2959795617343275,0.007540054130458884
3377,0.8244628906250001,63.02422076906077,5.348374370304647,0.2961074377122941,0.0076197101793695765
3378,0.82470703125,63.057705079858046,5.317850417192306,0.2962353136902607,0.007699366228223425
3379,0.824951171875,63.09118939065533,5.287326464079946,0.2963631896682273,0.007779022277134118
3380,0.8251953125,63.1246737014526,5.256802510967605,0.2964910656461939,0.007858678325987967
3381,0.825439453125,63.158158012249885,5.226278557855245,0.29661894162416047,0.007938334374898659
3382,0.8256835937500001,63.19164232304718,5.195754604742885,0.29674681760212707,0.008017990423752508
3383,0.825927734375,63.225126633844454,5.1652306516305435,0.29687469358009366,0.0080976464726632
3384,0.826171875,63.25861094464174,5.134706698518184,0.29700256955806026,0.00817730252151705
3385,0.826416015625,63.29209525543901,5.104182745405843,0.29713044553602685,0.008256958570427742
3386,0.82666015625,63.32557956623629,5.073658792293484,0.2972583215139366,0.00833661461928159
3387,0.8269042968750001,63.35906387703359,5.043134839181125,0.2973861974919032,0.008416270668192283
3388,0.8271484375,63.39254818783086,5.012610886068782,0.2975140734698698,0.008495926717046132
3389,0.827392578125,63.426032498628146,4.982086932956423,0.2976419494478364,0.008575582765956824
3390,0.82763671875,63.45951680942542,4.951562979844081,0.297769825425803,0.008655238814810673
3391,0.827880859375,63.4930011202227,4.921039026731722,0.2978977014037696,0.008734894863721365
3392,0.8281250000000001,63.526485431019985,4.890515073619352,0.2980255773817362,0.008814550912575214
3393,0.828369140625,63.55263105929944,4.841677878842734,0.2981467917543341,0.00890196562249912
3394,0.82861328125,63.5787766875789,4.792840684066087,0.2982680061269889,0.008989380332479868
3395,0.828857421875,63.604922315858346,4.74400348928947,0.2983892204995868,0.009076795042403774
3396,0.8291015625,63.63106794413782,4.695166294512823,0.2985104348722416,0.009164209752384522
3397,0.8293457031250001,63.65721357241728,4.646329099736178,0.29863164924483954,0.009251624462308428
3398,0.82958984375,63.68335920069673,4.597491904959559,0.29875286361743747,0.009339039172289176
3399,0.829833984375,63.709504828976186,4.548654710182914,0.29887407799009225,0.009426453882213082
3400,0.830078125,63.73565045725563,4.499817515406295,0.2989952923626902,0.00951386859219383
3401,0.830322265625,63.7617960855351,4.450980320629649,0.2991165067352881,0.009601283302117736
3402,0.8305664062500001,63.78794171381457,4.402143125853003,0.2992377211079429,0.009688698012098484
3403,0.830810546875,63.81408734209401,4.353305931076385,0.2993589354805408,0.00977611272202239
3404,0.8310546875,63.84023297037347,4.3044687362997385,0.2994801498531956,0.009863527432003139
3405,0.831298828125,63.86637859865293,4.25563154152312,0.29960136422579353,0.009950942141927044
3406,0.83154296875,63.89252422693239,4.206794346746475,0.29972257859839146,0.010038356851907793
3407,0.8317871093750001,63.91866985521185,4.1579571519698275,0.29984379297104624,0.010125771561831698
3408,0.83203125,63.944815483491304,4.10911995719321,0.2999650073436442,0.010213186271755603
3409,0.832275390625,63.970961111770755,4.060282762416564,0.3000862217162421,0.010300600981736352
3410,0.83251953125,63.997106740050214,4.011445567639946,0.3002074360888969,0.010388015691660257
3411,0.832763671875,64.02325236832968,3.9626083728632993,0.3003286504614948,0.010475430401641006
3412,0.8330078125000001,64.04939799660913,3.9137711780866535,0.3004498648341496,0.010562845111564911
3413,0.833251953125,64.07554362488858,3.8649339833100353,0.3005710792067475,0.01065025982154566
3414,0.83349609375,64.10168925316805,3.816096788533389,0.30069229357934546,0.010737674531469565
3415,0.833740234375,64.1278348814475,3.7672595937567706,0.30081350795200024,0.010825089241450314
3416,0.833984375,64.15398050972696,3.718422398980125,0.30093472232459817,0.01091250395137422
3417,0.8342285156250001,64.18012613800643,3.6695852042034782,0.3010559366971961,0.010999918661354968
3418,0.83447265625,64.20307451738944,3.6118462348818356,0.3011745770352263,0.011089833793107573
3419,0.834716796875,64.22122702342784,3.540754603742603,0.3012893563214334,0.011183499557716914
3420,0.8349609375,64.23937952946622,3.469662972603411,0.3014041356075836,0.011277165322269411
3421,0.835205078125,64.25753203550461,3.3985713414641787,0.30151891489373384,0.011370831086821909
3422,0.8354492187500001,64.275684541543,3.3274797103249467,0.30163369417988406,0.011464496851374406
3423,0.835693359375,64.29383704758138,3.2563880791857542,0.3017484734660343,0.011558162615926904
3424,0.8359375,64.31198955361977,3.1852964480465222,0.3018632527521845,0.011651828380479401
3425,0.836181640625,64.33014205965816,3.1142048169073298,0.30197803203833473,0.011745494145031898
3426,0.83642578125,64.34829456569655,3.0431131857680973,0.30209281132448496,0.011839159909584396
3427,0.8366699218750001,64.36644707173494,2.972021554628865,0.3022075906106352,0.011932825674136893
3428,0.8369140625,64.38459957777333,2.900929923489673,0.3023223698967854,0.01202649143868939
3429,0.837158203125,64.4027520838117,2.8298382923504404,0.3024371491829356,0.012120157203241888
3430,0.83740234375,64.42090458985008,2.7587466612112483,0.3025519284691427,0.012213822967851229
3431,0.837646484375,64.43905709588849,2.6876550300720154,0.3026667077552929,0.012307488732403726
3432,0.8378906250000001,64.45720960192688,2.6165633989327834,0.30278148704144314,0.012401154496956224
3433,0.838134765625,64.47536210796525,2.545471767793591,0.30289626632759337,0.012494820261508721
3434,0.83837890625,64.49351461400363,2.474380136654359,0.3030110456137436,0.012588486026061219
3435,0.838623046875,64.51166712004202,2.4032885055151665,0.3031258248998938,0.012682151790613716
3436,0.8388671875,64.52981962608041,2.3321968743759345,0.30324060418604404,0.012775817555166213
3437,0.8391113281250001,64.5479721321188,2.2611052432367016,0.30335538347219426,0.01286948331971871
3438,0.83935546875,64.56612463815719,2.19001361209751,0.3034701627583445,0.012963149084271208
3439,0.839599609375,64.58427714419557,2.118921980958277,0.3035849420444947,0.013056814848823706
3440,0.83984375,64.60242965023396,2.047830349819085,0.30369972133064493,0.013150480613376203
3441,0.840087890625,64.62058215627235,1.9767387186798524,0.303814500616852,0.013244146377985544
3442,0.8403320312500001,64.63873466231074,1.9056470875406202,0.3039292799030022,0.013337812142538041
3443,0.840576171875,64.65688716834912,1.8345554564014281,0.30404405918915245,0.013431477907090539
3444,0.8408203125,64.66816126744742,1.742158068405623,0.3041538516960145,0.013528330594624549
3445,0.841064453125,64.67771576481069,1.6444342411957196,0.30426239750812556,0.013625980012989203
3446,0.84130859375,64.68727026217395,1.5467104139857606,0.3043709433202366,0.013723629431297013
3447,0.8415527343750001,64.69682475953722,1.4489865867758014,0.30447948913229084,0.013821278849604823
3448,0.841796875,64.70637925690048,1.351262759565898,0.3045880349444019,0.013918928267912634
3449,0.842041015625,64.71593375426376,1.2535389323559385,0.3046965807564561,0.014016577686220444
3450,0.84228515625,64.72548825162701,1.1558151051460348,0.3048051265685672,0.014114227104585098
3451,0.842529296875,64.73504274899028,1.058091277936076,0.3049136723806214,0.014211876522892908
3452,0.8427734375000001,64.74459724635354,0.9603674507261168,0.30502221819273245,0.014309525941200718
3453,0.843017578125,64.7541517437168,0.8626436235162133,0.30513076400478667,0.014407175359508528
3454,0.84326171875,64.76370624108007,0.764919796306254,0.30523930981689773,0.014504824777873182
3455,0.843505859375,64.77326073844334,0.6671959690963504,0.30534785562895195,0.014602474196180992
3456,0.84375,64.78281523580661,0.5694721418863914,0.305456401441063,0.014700123614488803
3457,0.8439941406250001,64.79236973316988,0.4717483146764322,0.30556494725317407,0.014797773032796613
3458,0.84423828125,64.80192423053315,0.3740244874665286,0.3056734930652283,0.014895422451104423
3459,0.844482421875,64.8114787278964,0.2763006602565694,0.30578203887733935,0.014993071869469077
3460,0.8447265625,64.82103322525967,0.17857683304666577,0.30589058468939356,0.015090721287776887
3461,0.844970703125,64.83058772262294,0.08085300583670675,0.3059991305015046,0.015188370706084697
3462,0.8452148437500001,64.8401422199862,-0.016870821373252652,0.30610767631355884,0.015286020124392508
3463,0.845458984375,64.84969671734946,-0.11459464858315624,0.3062162221256699,0.015383669542757161
3464,0.845703125,64.85925121471274,-0.21231847579311527,0.3063247679377241,0.015481318961064972
3465,0.845947265625,64.86880571207598,-0.3100423030030188,0.3064333137498352,0.015578968379372782
3466,0.84619140625,64.87836020943926,-0.40776613021297786,0.3065418595618894,0.015676617797680592
3467,0.8464355468750001,64.88791470680253,-0.5054899574229372,0.30665040537400046,0.015774267215988402
3468,0.8466796875,64.89746920416579,-0.6032137846328408,0.3067589511861115,0.015871916634353056
3469,0.846923828125,64.90519629228667,-0.7072228665992532,0.3068662846332586,0.015969725295519765
3470,0.84716796875,64.90561374343801,-0.8363729675913527,0.30696876862066347,0.01606817092806523
3471,0.847412109375,64.90603119458936,-0.9655230685835259,0.30707125260806833,0.01616661656061069
3472,0.8476562500000001,64.9064486457407,-1.0946731695756988,0.30717373659553004,0.016265062193212998
3473,0.847900390625,64.90686609689203,-1.2238232705677987,0.3072762205829349,0.01636350782575846
3474,0.84814453125,64.90728354804338,-1.3529733715599714,0.3073787045703398,0.016461953458303924
3475,0.848388671875,64.90770099919472,-1.4821234725520713,0.3074811885578015,0.016560399090849387
3476,0.8486328125,64.90811845034605,-1.6112735735442443,0.30758367254520635,0.016658844723451693
3477,0.8488769531250001,64.9085359014974,-1.7404236745364174,0.30768615653266806,0.016757290355997156
3478,0.84912109375,64.90895335264874,-1.8695737755285171,0.30778864052007293,0.01685573598854262
3479,0.849365234375,64.90937080380007,-1.99872387652069,0.3078911245074778,0.016954181621088082
3480,0.849609375,64.90978825495142,-2.12787397751279,0.3079936084949395,0.01705262725369039
3481,0.849853515625,64.91020570610276,-2.2570240785049624,0.3080960924823444,0.017151072886235852
3482,0.8500976562500001,64.9106231572541,-2.386174179497136,0.30819857646974924,0.017249518518781315
3483,0.850341796875,64.91104060840544,-2.515324280489235,0.30830106045721095,0.01734796415138362
3484,0.8505859375,64.91145805955678,-2.6444743814814085,0.3084035444446158,0.017446409783929084
3485,0.850830078125,64.91187551070811,-2.773624482473508,0.3085060284320207,0.017544855416474547
3486,0.85107421875,64.91229296185946,-2.902774583465681,0.3086085124194824,0.01764330104902001
3487,0.8513183593750001,64.9127104130108,-3.0319246844578545,0.30871099640688726,0.017741746681622317
3488,0.8515625,64.91312786416213,-3.1610747854499537,0.30881348039434897,0.01784019231416778
3489,0.851806640625,64.91354531531348,-3.290224886442127,0.30891596438175384,0.017938637946713243
3490,0.85205078125,64.91396276646482,-3.4193749874342267,0.3090184483691587,0.01803708357931555
3491,0.852294921875,64.91438021761616,-3.5485250884263997,0.3091209323566204,0.018135529211861012
3492,0.8525390625000001,64.9147976687675,-3.677675189418573,0.3092234163440253,0.018233974844406475
3493,0.852783203125,64.91521511991884,-3.8068252904106723,0.30932590033143015,0.01833242047695194
3494,0.85302734375,64.91563257107018,-3.9359753914028457,0.30942838431889186,0.018430866109554245
3495,0.853271484375,64.91029319942965,-4.0870785870828055,0.3095273151097899,0.01852722005128271
3496,0.853515625,64.90111594592788,-4.252817179221417,0.3096238771030926,0.01862217953248546
3497,0.8537597656250001,64.89193869242611,-4.41855577136003,0.30972043909639524,0.01871713901368821
3498,0.85400390625,64.88276143892433,-4.584294363498549,0.30981700108964105,0.01881209849489096
3499,0.854248046875,64.87358418542256,-4.7500329556371605,0.3099135630829437,0.01890705797609371
3500,0.8544921875,64.8644069319208,-4.91577154777568,0.31001012507624637,0.01900201745729646
3501,0.854736328125,64.85522967841901,-5.0815101399142915,0.3101066870694922,0.019096976938442367
3502,0.8549804687500001,64.84605242491725,-5.247248732052905,0.31020324906279484,0.019191936419645117
3503,0.855224609375,64.83687517141549,-5.412987324191424,0.3102998110560975,0.019286895900847867
3504,0.85546875,64.8276979179137,-5.578725916330036,0.3103963730493433,0.019381855382050617
3505,0.855712890625,64.81852066441193,-5.744464508468555,0.31049293504264597,0.019476814863253367
3506,0.85595703125,64.80934341091016,-5.910203100607168,0.3105894970359486,0.019571774344456117
3507,0.8562011718750001,64.80016615740838,-6.07594169274578,0.31068605902919444,0.019666733825658866
3508,0.8564453125,64.79098890390661,-6.2416802848843,0.3107826210224971,0.019761693306861616
3509,0.856689453125,64.78181165040485,-6.407418877022912,0.31087918301579975,0.019856652788064366
3510,0.85693359375,64.77263439690309,-6.57315746916143,0.31097574500904557,0.019951612269267116
3511,0.857177734375,64.76345714340131,-6.738896061300043,0.3110723070023482,0.020046571750469866
3512,0.8574218750000001,64.75427988989952,-6.904634653438656,0.3111688689956509,0.020141531231672616
3513,0.857666015625,64.74510263639776,-7.070373245577175,0.3112654309888967,0.020236490712875366
3514,0.85791015625,64.73592538289597,-7.236111837715786,0.31136199298219935,0.020331450194021272
3515,0.858154296875,64.72674812939421,-7.4018504298543055,0.311458554975502,0.020426409675224022
3516,0.8583984375,64.71757087589245,-7.567589021992918,0.3115551169687478,0.020521369156426772
3517,0.8586425781250001,64.70839362239066,-7.733327614131531,0.3116516789620505,0.020616328637629522
3518,0.85888671875,64.6992163688889,-7.89906620627005,0.31174824095535314,0.02071128811883227
3519,0.859130859375,64.69003911538712,-8.064804798408662,0.31184480294859895,0.02080624760003502
3520,0.859375,64.68086186188536,-8.23054339054718,0.3119413649419016,0.02090120708123777
3521,0.859619140625,64.66172758519389,-8.438313133578882,0.3120321140496003,0.020987118478899447
3522,0.8598632812500001,64.64259330850241,-8.646082876610583,0.312122863157299,0.021073029876617966
3523,0.860107421875,64.62345903181094,-8.853852619642167,0.31221361226499766,0.02115894127427964
3524,0.8603515625,64.60432475511946,-9.061622362673866,0.31230436137269635,0.021244852671941317
3525,0.860595703125,64.58519047842799,-9.26939210570545,0.31239511048039503,0.021330764069659836
3526,0.86083984375,64.56605620173652,-9.477161848737149,0.3124858595880937,0.02141667546732151
3527,0.8610839843750001,64.54692192504504,-9.684931591768851,0.3125766086957924,0.021502586864983186
3528,0.861328125,64.52778764835358,-9.892701334800433,0.3126673578034911,0.021588498262701705
3529,0.861572265625,64.5086533716621,-10.100471077832134,0.31275810691118977,0.02167440966036338
3530,0.86181640625,64.48951909497063,-10.308240820863716,0.3128488560189453,0.021760321058025056
3531,0.862060546875,64.47038481827916,-10.516010563895419,0.312939605126644,0.021846232455743575
3532,0.8623046875000001,64.45125054158768,-10.72378030692712,0.31303035423434267,0.02193214385340525
3533,0.862548828125,64.43211626489622,-10.931550049958703,0.31312110334204135,0.022018055251066926
3534,0.86279296875,64.41298198820473,-11.139319792990404,0.31321185244974004,0.022103966648785445
3535,0.863037109375,64.39384771151327,-11.347089536021986,0.3133026015574387,0.02218987804644712
3536,0.86328125,64.3747134348218,-11.554859279053687,0.3133933506651374,0.022275789444108796
3537,0.8635253906250001,64.35557915813033,-11.762629022085388,0.3134840997728361,0.022361700841827314
3538,0.86376953125,64.33644488143885,-11.970398765116972,0.3135748488805348,0.02244761223948899
3539,0.864013671875,64.31731060474738,-12.178168508148671,0.31366559798823346,0.022533523637150665
3540,0.8642578125,64.29817632805592,-12.385938251180255,0.31375634709593214,0.022619435034869184
3541,0.864501953125,64.27904205136444,-12.593707994211956,0.3138470962036308,0.02270534643253086
3542,0.8647460937500001,64.25990777467297,-12.801477737243658,0.3139378453113295,0.022791257830192535
3543,0.864990234375,64.2407734979815,-13.009247480275238,0.3140285944190282,0.022877169227911054
3544,0.865234375,64.22163922129002,-13.21701722330694,0.3141193435267269,0.02296308062557273
3545,0.865478515625,64.20250494459856,-13.424786966338525,0.31421009263442556,0.023048992023234405
3546,0.86572265625,64.17928569309575,-13.651601496991944,0.3142985493917081,0.023128473222129742
3547,0.8659667968750001,64.1499389793759,-13.906983209078003,0.31438356762333797,0.023198309122790306
3548,0.8662109375,64.12059226565611,-14.162364921163919,0.314468585854911,0.02326814502345087
3549,0.866455078125,64.09124555193627,-14.417746633249976,0.31455360408654087,0.023337980924111434
3550,0.86669921875,64.06189883821645,-14.67312834533589,0.31463862231817075,0.023407816824772
3551,0.866943359375,64.03255212449663,-14.928510057421947,0.3147236405497438,0.023477652725432563
3552,0.8671875000000001,64.0032054107768,-15.183891769508007,0.31480865878137365,0.023547488626036284
3553,0.867431640625,63.97385869705699,-15.439273481593919,0.3148936770130035,0.023617324526696848
3554,0.86767578125,63.944511983337165,-15.694655193679978,0.31497869524457656,0.023687160427357412
3555,0.867919921875,63.915165269617354,-15.950036905765892,0.31506371347620643,0.023756996328017976
3556,0.8681640625,63.885818555897515,-16.20541861785195,0.3151487317078363,0.02382683222867854
3557,0.8684082031250001,63.85647184217769,-16.46080032993801,0.31523374993940934,0.023896668129339105
3558,0.86865234375,63.82712512845788,-16.71618204202392,0.3153187681710392,0.02396650402999967
3559,0.868896484375,63.79777841473805,-16.971563754109983,0.3154037864026691,0.024036339930660233
3560,0.869140625,63.76843170101824,-17.226945466195893,0.3154888046342421,0.024106175831320797
3561,0.869384765625,63.73908498729841,-17.482327178281952,0.315573822865872,0.02417601173198136
3562,0.8696289062500001,63.70973827357858,-17.737708890368015,0.31565884109750186,0.024245847632641926
3563,0.869873046875,63.680391559858755,-17.993090602453925,0.3157438593290749,0.02431568353330249
3564,0.8701171875,63.65104484613894,-18.24847231453999,0.31582887756070477,0.024385519433963054
3565,0.870361328125,63.62169813241912,-18.503854026625895,0.31591389579233464,0.02445535533462362
3566,0.87060546875,63.5923514186993,-18.759235738711958,0.3159989140239077,0.024525191235284183
3567,0.8708496093750001,63.56300470497947,-19.014617450798013,0.31608393225553755,0.024595027135944747
3568,0.87109375,63.53365799125966,-19.26999916288393,0.3161689504871674,0.02466486303660531
3569,0.871337890625,63.50431127753982,-19.525380874969986,0.31625396871874045,0.024734698937265875
3570,0.87158203125,63.47496456382001,-19.780762587055904,0.3163389869503703,0.02480453483792644
3571,0.871826171875,63.44561785010018,-20.03614429914196,0.31642400518194336,0.024874370738587004
3572,0.8720703125000001,63.407989070904385,-20.334018177753837,0.31650448712309753,0.024924412786049288
3573,0.872314453125,63.36828977533961,-20.642515097996984,0.3165838349915475,0.02496950637015516
3574,0.87255859375,63.328590479774824,-20.951012018240302,0.3166631828599975,0.025014599954317873
3575,0.872802734375,63.28889118421005,-21.259508938483446,0.31674253072850433,0.025059693538480587
3576,0.873046875,63.249191888645264,-21.568005858726764,0.3168218785969543,0.0251047871226433
3577,0.8732910156250001,63.20949259308046,-21.876502778970085,0.31690122646546115,0.025149880706806016
3578,0.87353515625,63.1697932975157,-22.184999699213225,0.31698057433391114,0.02519497429096873
3579,0.873779296875,63.130094001950894,-22.493496619456547,0.3170599222023611,0.025240067875131444
3580,0.8740234375,63.090394706386135,-22.80199353969969,0.31713927007086795,0.02528516145929416
3581,0.874267578125,63.050695410821334,-23.11049045994301,0.31721861793931794,0.025330255043456873
3582,0.8745117187500001,63.01099611525655,-23.418987380186326,0.31729796580782477,0.025375348627619587
3583,0.874755859375,62.97129681969177,-23.727484300429474,0.31737731367627475,0.0254204422117823
3584,0.875,62.93159752412699,-24.03598122067279,0.3174566615447816,0.025465535795945016
3585,0.875244140625,62.891898228562226,-24.344478140915935,0.31753600941323157,0.025510629380050887
3586,0.87548828125,62.852198932997425,-24.652975061159257,0.31761535728168155,0.0255557229642136
3587,0.8757324218750001,62.81249963743264,-24.961471981402575,0.3176947051501884,0.025600816548376315
3588,0.8759765625,62.772800341867864,-25.269968901645715,0.31777405301863837,0.02564591013253903
3589,0.876220703125,62.73310104630308,-25.578465821889036,0.3178534008871452,0.025691003716701744
3590,0.87646484375,62.6934017507383,-25.88696274213218,0.3179327487555952,0.025736097300864458
3591,0.876708984375,62.653702455173516,-26.195459662375498,0.31801209662404517,0.025781190885027172
3592,0.8769531250000001,62.61400315960871,-26.50395658261882,0.318091444492552,0.025826284469189886
3593,0.877197265625,62.574303864043955,-26.812453502861963,0.318170792361002,0.0258713780533526
3594,0.87744140625,62.53460456847916,-27.12095042310528,0.3182501402295088,0.025916471637515315
3595,0.877685546875,62.49490527291439,-27.429447343348425,0.3183294880979588,0.02596156522167803
3596,0.8779296875,62.4552059773496,-27.737944263591743,0.3184088359664088,0.0260066588057839
3597,0.8781738281250001,62.41343207897892,-28.058086995409347,0.31848705896135243,0.026044714154295434
3598,0.87841796875,62.36335976938476,-28.424812973523792,0.31856078246204333,0.02605461655991803
3599,0.878662109375,62.31328745979057,-28.791538951638437,0.3186345059627911,0.026064518965597472
3600,0.87890625,62.26321515019641,-29.15826492975288,0.318708229463482,0.026074421371276912
3601,0.879150390625,62.21314284060222,-29.524990907867533,0.3187819529641729,0.02608432377689951
3602,0.8793945312500001,62.16307053100802,-29.891716885982177,0.31885567646492063,0.02609422618257895
3603,0.879638671875,62.112998221413854,-30.258442864096622,0.31892939996561154,0.02610412858825839
3604,0.8798828125,62.062925911819676,-30.625168842211266,0.3190031234663593,0.026114030993880988
3605,0.880126953125,62.012853602225505,-30.99189482032571,0.3190768469670502,0.02612393339956043
3606,0.88037109375,61.96278129263132,-31.35862079844036,0.3191505704677411,0.02613383580523987
3607,0.8806152343750001,61.91270898303713,-31.725346776555007,0.31922429396848884,0.026143738210862466
3608,0.880859375,61.86263667344297,-32.09207275466945,0.31929801746917974,0.026153640616541907
3609,0.881103515625,61.812564363848765,-32.458798732784096,0.31937174096987064,0.026163543022221347
3610,0.88134765625,61.76249205425461,-32.82552471089854,0.3194454644706184,0.026173445427900788
3611,0.881591796875,61.712419744660416,-33.19225068901319,0.3195191879713093,0.026183347833523385
3612,0.8818359375000001,61.66234743506623,-33.55897666712784,0.3195929114720002,0.026193250239202825
3613,0.882080078125,61.61227512547207,-33.92570264524228,0.31966663497274794,0.026203152644882266
3614,0.88232421875,61.56220281587788,-34.29242862335693,0.31974035847343885,0.026213055050504863
3615,0.882568359375,61.51213050628372,-34.65915460147137,0.31981408197412975,0.026222957456184304
3616,0.8828125,61.46205819668952,-35.02588057958602,0.3198878054748775,0.026232859861863744
3617,0.8830566406250001,61.41198588709533,-35.392606557700674,0.3199615289755684,0.02624276226748634
3618,0.88330078125,61.36191357750116,-35.759332535815105,0.3200352524762593,0.026252664673165782
3619,0.883544921875,61.311841267906985,-36.12605851392976,0.32010897597700705,0.026262567078845223
3620,0.8837890625,61.261768958312814,-36.4927844920442,0.32018269947769795,0.026272469484524663
3621,0.884033203125,61.21169664871863,-36.85951047015885,0.3202564229784457,0.02628237189014726
3622,0.8842773437500001,61.16162433912443,-37.2262364482735,0.3203301464791366,0.0262922742958267
3623,0.884521484375,61.10538773324447,-37.630474449366524,0.32040051889754295,0.026273672490617628
3624,0.884765625,61.04504159650726,-38.05972046577883,0.3204686572611877,0.026236067878130598
3625,0.885009765625,60.98469545977009,-38.48896648219089,0.32053679562477555,0.026198463265643568
3626,0.88525390625,60.92434932303288,-38.918212498603204,0.3206049339883634,0.02616085865321338
3627,0.8854980468750001,60.864003186295676,-39.347458515015504,0.3206730723519513,0.02612325404072635
3628,0.8857421875,60.80365704955851,-39.77670453142756,0.3207412107155392,0.02608564942823932
3629,0.885986328125,60.74331091282129,-40.20595054783987,0.32080934907912706,0.026048044815809135
3630,0.88623046875,60.68296477608413,-40.63519656425193,0.32087748744271494,0.026010440203322105
3631,0.886474609375,60.622618639346925,-41.064442580664235,0.3209456258063028,0.025972835590835075
3632,0.8867187500000001,60.562272502609716,-41.493688597076535,0.3210137641698907,0.02593523097840489
3633,0.886962890625,60.50192636587254,-41.9229346134886,0.32108190253347857,0.02589762636591786
3634,0.88720703125,60.44158022913534,-42.35218062990091,0.32115004089706645,0.02586002175343083
3635,0.887451171875,60.381234092398174,-42.781426646312966,0.3212181792606543,0.025822417141000642
3636,0.8876953125,60.320887955660965,-43.210672662725266,0.3212863176242422,0.025784812528513612
3637,0.8879394531250001,60.26054181892376,-43.63991867913758,0.3213544559878301,0.025747207916026582
3638,0.88818359375,60.20019568218659,-44.06916469554963,0.32142259435141796,0.025709603303596396
3639,0.888427734375,60.13984954544938,-44.498410711961945,0.32149073271500583,0.025671998691109366
3640,0.888671875,60.07950340871221,-44.927656728374004,0.3215588710785937,0.025634394078622336
3641,0.888916015625,60.01915727197501,-45.35690274478631,0.32162700944223843,0.02559678946619215
3642,0.8891601562500001,59.958811135237795,-45.78614876119862,0.3216951478058263,0.02555918485370512
3643,0.889404296875,59.89846499850063,-46.215394777610676,0.3217632861694142,0.02552158024121809
3644,0.8896484375,59.83811886176342,-46.644640794022976,0.32183142453300206,0.025483975628787903
3645,0.889892578125,59.77777272502625,-47.07388681043504,0.32189956289658994,0.025446371016300873
3646,0.89013671875,59.71742658828905,-47.50313282684734,0.3219677012601778,0.025408766403813843
3647,0.8903808593750001,59.657080451551835,-47.93237884325965,0.3220358396237657,0.025371161791383656
3648,0.890625,59.59673431481467,-48.361624859671714,0.3221039779873536,0.025333557178896626
3649,0.890869140625,59.52632811516142,-48.85627719523234,0.3221665716533266,0.02523426956821595
3650,0.89111328125,59.45592191550822,-49.35092953079269,0.3222291653192997,0.025134981957535274
3651,0.891357421875,59.38551571585497,-49.845581866353314,0.3222917589853296,0.025035694346854598
3652,0.8916015625000001,59.31510951620174,-50.340234201913944,0.32235435265130263,0.02493640673617392
3653,0.891845703125,59.244703316548524,-50.8348865374743,0.3224169463172757,0.024837119125493246
3654,0.89208984375,59.17429711689529,-51.32953887303492,0.32247953998324874,0.02473783151481257
3655,0.892333984375,59.10389091724208,-51.82419120859527,0.3225421336492218,0.024638543904131893
3656,0.892578125,59.03348471758885,-52.31884354415589,0.3226047273152517,0.024539256293451217
3657,0.8928222656250001,58.9630785179356,-52.81349587971652,0.32266732098122475,0.02443996868277054
3658,0.89306640625,58.8926723182824,-53.30814821527687,0.3227299146471978,0.024340681072089865
3659,0.893310546875,58.82226611862915,-53.802800550837496,0.32279250831317086,0.02424139346140919
3660,0.8935546875,58.75185991897595,-54.29745288639785,0.3228551019791439,0.024142105850728512
3661,0.893798828125,58.681453719322704,-54.79210522195847,0.32291769564511696,0.024042818240047836
3662,0.8940429687500001,58.61104751966946,-55.2867575575191,0.32298028931114686,0.02394353062936716
3663,0.894287109375,58.54064132001626,-55.781409893079456,0.3230428829771199,0.023844243018686484
3664,0.89453125,58.470235120363014,-56.27606222864008,0.32310547664309297,0.023744955408005808
3665,0.894775390625,58.399828920709815,-56.770714564200425,0.323168070309066,0.02364566779732513
3666,0.89501953125,58.32942272105657,-57.265366899761055,0.3232306639750391,0.023546380186644456
3667,0.8952636718750001,58.25901652140333,-57.76001923532169,0.323293257641069,0.02344709257596378
3668,0.8955078125,58.18861032175012,-58.25467157088204,0.32335585130704203,0.023347804965283103
3669,0.895751953125,58.118204122096884,-58.74932390644266,0.3234184449730151,0.023248517354602427
3670,0.89599609375,58.04779792244368,-59.24397624200301,0.32348103863898814,0.02314922974392175
3671,0.896240234375,57.97739172279044,-59.73862857756364,0.3235436323049612,0.023049942133241075
3672,0.8964843750000001,57.906985523137195,-60.233280913124275,0.3236062259709911,0.0229506545225604
3673,0.896728515625,57.836579323483996,-60.72793324868462,0.32366881963696414,0.022851366911879722
3674,0.89697265625,57.762276367727296,-61.249038975421676,0.32372921517367104,0.022721047562811236
3675,0.897216796875,57.682128277815465,-61.80982478892303,0.32378631351645026,0.022544180606132613
3676,0.8974609375,57.60198018790357,-62.370610602424705,0.3238434118592295,0.02236731364945399
3677,0.8977050781250001,57.5218320979917,-62.931396415926386,0.3239005102020087,0.022190446692775367
3678,0.89794921875,57.441684008079854,-63.49218222942774,0.32395760854478794,0.022013579736096744
3679,0.898193359375,57.361535918167974,-64.05296804292942,0.32401470688756717,0.02183671277941812
3680,0.8984375,57.281387828256136,-64.61375385643079,0.32407180523028956,0.021659845822796342
3681,0.898681640625,57.20123973834426,-65.17453966993247,0.3241289035730688,0.02148297886611772
3682,0.8989257812500001,57.12109164843237,-65.73532548343415,0.324186001915848,0.021306111909439096
3683,0.899169921875,57.040943558520546,-66.2961112969355,0.32424310025862724,0.021129244952760473
3684,0.8994140625,56.96079546860865,-66.85689711043717,0.32430019860140646,0.02095237799608185
3685,0.899658203125,56.88064737869682,-67.41768292393854,0.3243572969441857,0.020775511039403227
3686,0.89990234375,56.80049928878494,-67.97846873744021,0.3244143952869649,0.020598644082724604
3687,0.9001464843750001,56.720351198873054,-68.53925455094189,0.32447149362974415,0.02042177712604598
3688,0.900390625,56.64020310896122,-69.10004036444325,0.3245285919725234,0.02024491016936736
3689,0.900634765625,56.560055019049344,-69.66082617794493,0.3245856903153026,0.020068043212688735
3690,0.90087890625,56.4799069291375,-70.22161199144631,0.3246427886580818,0.019891176256010112
3691,0.901123046875,56.39975883922562,-70.78239780494798,0.32469988700086105,0.01971430929933149
3692,0.9013671875000001,56.31961074931373,-71.34318361844966,0.3247569853436403,0.019537442342652867
3693,0.901611328125,56.23946265940191,-71.903969431951,0.3248140836864195,0.019360575385974244
3694,0.90185546875,56.159314569490014,-72.4647552454527,0.32487118202919874,0.01918370842929562
3695,0.902099609375,56.07916647957819,-73.02554105895405,0.32492828037197796,0.019006841472616998
3696,0.90234375,55.9990183896663,-73.58632687245571,0.3249853787147572,0.018829974515938375
3697,0.9025878906250001,55.918870299754424,-74.1471126859574,0.3250424770575364,0.01865310755925975
3698,0.90283203125,55.83872220984259,-74.70789849945878,0.32509957540031564,0.01847624060258113
3699,0.903076171875,55.7585741199307,-75.26868431296045,0.32515667374309487,0.018299373645902506
3700,0.9033203125,55.6709584092208,-75.88047685184817,0.32520942816768184,0.018046604655239662
3701,0.903564453125,55.58147579331132,-76.50502107208287,0.3252610966126781,0.017774860156066552
3702,0.9038085937500001,55.491993177401845,-77.12956529231755,0.32531276505767437,0.017503115656893442
3703,0.904052734375,55.40251056149242,-77.75410951255186,0.3253644335027275,0.01723137115766349
3704,0.904296875,55.31302794558295,-78.37865373278655,0.32541610194772375,0.01695962665849038
3705,0.904541015625,55.22354532967353,-79.00319795302089,0.32546777039272,0.01668788215931727
3706,0.90478515625,55.13406271376406,-79.62774217325556,0.3255194388377731,0.01641613766014416
3707,0.9050292968750001,55.04458009785458,-80.25228639349024,0.3255711072827694,0.01614439316097105
3708,0.9052734375,54.95509748194516,-80.87683061372458,0.32562277572776566,0.015872648661741096
3709,0.905517578125,54.865614866035685,-81.50137483395925,0.32567444417281877,0.015600904162567986
3710,0.90576171875,54.77613225012626,-82.12591905419357,0.32572611261781503,0.015329159663394876
3711,0.906005859375,54.686649634216785,-82.75046327442827,0.3257777810628113,0.015057415164221766
3712,0.9062500000000001,54.59716701830731,-83.37500749466294,0.3258294495078644,0.014785670664991812
3713,0.906494140625,54.507684402397885,-83.99955171489727,0.3258811179528607,0.014513926165818702
3714,0.90673828125,54.41820178648842,-84.62409593513196,0.32593278639785694,0.014242181666645592
3715,0.906982421875,54.32871917057899,-85.24864015536629,0.3259844548428532,0.013970437167472483
3716,0.9072265625,54.23923655466952,-85.87318437560096,0.3260361232879063,0.013698692668299373
3717,0.9074707031250001,54.14975393876004,-86.49772859583565,0.3260877917329026,0.01342694816906942
3718,0.90771484375,54.060271322850625,-87.12227281606998,0.32613946017789885,0.01315520366989631
3719,0.907958984375,53.97078870694115,-87.74681703630465,0.32619112862295196,0.0128834591707232
3720,0.908203125,53.881306091031725,-88.37136125653899,0.32624279706794823,0.01261171467155009
3721,0.908447265625,53.79182347512225,-88.99590547677367,0.3262944655129445,0.01233997017237698
3722,0.9086914062500001,53.702340859212775,-89.62044969700834,0.3263461339579976,0.012068225673147026
3723,0.908935546875,53.61285824330335,-90.24499391724267,0.3263978024029939,0.011796481173973916
3724,0.9091796875,53.52337562739388,-90.86953813747736,0.32644947084799014,0.011524736674800806
3725,0.909423828125,53.432121443354326,-91.5055122968744,0.3265000708601633,0.011230385157091405
3726,0.90966796875,53.333780986794146,-92.18720621292272,0.3265463971408735,0.010845605565123151
3727,0.9099121093750001,53.23544053023397,-92.86890012897102,0.3265927234216406,0.01046082597321174
3728,0.91015625,53.137100073673864,-93.55059404501895,0.3266390497023508,0.01007604638130033
3729,0.910400390625,53.03875961711368,-94.23228796106727,0.326685375983061,0.009691266789332076
3730,0.91064453125,52.94041916055357,-94.9139818771152,0.3267317022638281,0.009306487197420665
3731,0.910888671875,52.842078703993394,-95.59567579316351,0.3267780285445383,0.008921707605509255
3732,0.9111328125000001,52.74373824743322,-96.27736970921184,0.3268243548252485,0.008536928013541
3733,0.911376953125,52.645397790873105,-96.95906362525977,0.3268706811060156,0.00815214842162959
3734,0.91162109375,52.54705733431293,-97.64075754130808,0.3269170073867258,0.00776736882971818
3735,0.911865234375,52.448716877752815,-98.32245145735601,0.326963333667436,0.007382589237749926
3736,0.912109375,52.35037642119264,-99.00414537340433,0.3270096599482031,0.006997809645838515
3737,0.9123535156250001,52.25203596463247,-99.68583928945264,0.3270559862289133,0.006613030053927105
3738,0.91259765625,52.15369550807235,-100.36753320550058,0.3271023125096235,0.006228250462015694
3739,0.912841796875,52.05535505151218,-101.0492271215489,0.3271486387903906,0.00584347087004744
3740,0.9130859375,51.957014594952064,-101.73092103759683,0.3271949650711008,0.00545869127813603
3741,0.913330078125,51.85867413839189,-102.41261495364513,0.327241291351811,0.005073911686224619
3742,0.9135742187500001,51.76033368183171,-103.09430886969345,0.3272876176325781,0.004689132094256365
3743,0.913818359375,51.661993225271594,-103.77600278574138,0.3273339439132883,0.004304352502344955
3744,0.9140625,51.56365276871143,-104.45769670178971,0.3273802701939985,0.003919572910433544
3745,0.914306640625,51.465312312151305,-105.13939061783765,0.3274265964747656,0.00353479331846529
3746,0.91455078125,51.36697185559113,-105.82108453388594,0.3274729227554758,0.0031500137265538797
3747,0.9147949218750001,51.268631399030966,-106.50277844993427,0.327519249036186,0.002765234134642469
3748,0.9150390625,51.17029094247084,-107.1844723659822,0.3275655753169531,0.0023804545427310586
3749,0.915283203125,51.07195048591067,-107.86616628203052,0.3276119015976633,0.0019956749507628047
3750,0.91552734375,50.97361002935055,-108.54786019807844,0.3276582278783735,0.0016108953588513941
3751,0.915771484375,50.870268208884774,-109.25656339822689,0.3277014180392257,0.001147365941562839
3752,0.9160156250000001,50.763592145815274,-109.9832727877754,0.3277425174534301,0.0006313366406516252
3753,0.916259765625,50.65691608274582,-110.70998217732351,0.3277836168676913,0.00011530733974041141
3754,0.91650390625,50.550240019676316,-111.43669156687206,0.3278247162818957,-0.00040072196111395897
3755,0.916748046875,50.443563956606866,-112.16340095642013,0.32786581569610007,-0.0009167512620251728
3756,0.9169921875,50.33688789353736,-112.89011034596868,0.3279069151103613,-0.0014327805629363866
3757,0.9172363281250001,50.23021183046785,-113.6168197355172,0.3279480145245657,-0.001948809863790757
3758,0.91748046875,50.12353576739841,-114.3435291250653,0.3279891139388269,-0.0024648391647019707
3759,0.917724609375,50.0168597043289,-115.07023851461382,0.3280302133530313,-0.002980868465556341
3760,0.91796875,49.910183641259444,-115.79694790416194,0.32807131276723567,-0.003496897766467555
3761,0.918212890625,49.803507578189944,-116.52365729371047,0.3281124121814969,-0.004012927067378769
3762,0.9184570312500001,49.69683151512043,-117.25036668325899,0.3281535115957013,-0.004528956368233139
3763,0.918701171875,49.59015545205099,-117.97707607280711,0.3281946110099625,-0.005044985669144353
3764,0.9189453125,49.48347938898148,-118.70378546235563,0.3282357104241669,-0.005561014970055567
3765,0.919189453125,49.376803325912036,-119.43049485190373,0.3282768098384281,-0.006077044270909937
3766,0.91943359375,49.27012726284253,-120.15720424145225,0.3283179092526325,-0.006593073571821151
3767,0.9196777343750001,49.16345119977302,-120.8839136310008,0.32835900866683687,-0.007109102872675521
3768,0.919921875,49.056775136703564,-121.6106230205489,0.3284001080810981,-0.007625132173586735
3769,0.920166015625,48.950099073634064,-122.33733241009742,0.3284412074953025,-0.008141161474497949
3770,0.92041015625,48.843423010564614,-123.06404179964554,0.3284823069095637,-0.00865719077535232
3771,0.920654296875,48.73674694749511,-123.79075118919405,0.3285234063237681,-0.009173220076263533
3772,0.9208984375000001,48.6300708844256,-124.51746057874259,0.32856450573797247,-0.009689249377174747
3773,0.921142578125,48.52339482135615,-125.24416996829068,0.3286056051522337,-0.010205278678029117
3774,0.92138671875,48.41671875828664,-125.97087935783922,0.3286467045664381,-0.010721307978940331
3775,0.921630859375,48.3100426952172,-126.6975887473873,0.3286878039806993,-0.011237337279794701
3776,0.921875,48.20336663214769,-127.42429813693585,0.3287289033949037,-0.011753366580705915
3777,0.9221191406250001,48.08889605905445,-128.17697898794515,0.32876492301096505,-0.012417841537853747
3778,0.92236328125,47.97442548596126,-128.92965983895405,0.3288009426269696,-0.013082316495001578
3779,0.922607421875,47.85995491286802,-129.68234068996335,0.32883696224303094,-0.01374679145214941
3780,0.9228515625,47.74548433977483,-130.43502154097223,0.3288729818590923,-0.014411266409297241
3781,0.923095703125,47.63101376668158,-131.18770239198156,0.32890900147509683,-0.015075741366445072
3782,0.9233398437500001,47.51654319358834,-131.94038324299086,0.3289450210911582,-0.015740216323592904
3783,0.923583984375,47.402072620495154,-132.69306409399977,0.3289810407071627,-0.016404691280740735
3784,0.923828125,47.28760204740191,-133.44574494500907,0.3290170603232241,-0.017069166237888567
3785,0.924072265625,47.173131474308725,-134.19842579601797,0.32905307993928545,-0.017733641195036398
3786,0.92431640625,47.05866090121548,-134.95110664702727,0.32908909955529,-0.01839811615218423
3787,0.9245605468750001,46.94419032812223,-135.70378749803658,0.32912511917135134,-0.019062591109388904
3788,0.9248046875,46.82971975502905,-136.45646834904548,0.3291611387874127,-0.019727066066536736
3789,0.925048828125,46.7152491819358,-137.20914920005478,0.32919715840341723,-0.020391541023684567
3790,0.92529296875,46.60077860884262,-137.96183005106366,0.3292331780194786,-0.0210560159808324
3791,0.925537109375,46.486308035749374,-138.714510902073,0.32926919763553997,-0.02172049093798023
3792,0.9257812500000001,46.37183746265613,-139.4671917530823,0.3293052172515445,-0.02238496589512806
3793,0.926025390625,46.257366889562945,-140.2198726040912,0.32934123686760586,-0.023049440852275893
3794,0.92626953125,46.1428963164697,-140.9725534551005,0.3293772564836672,-0.023713915809423725
3795,0.926513671875,46.02842574337652,-141.72523430610937,0.32941327609967175,-0.024378390766571556
3796,0.9267578125,45.91395517028327,-142.47791515711873,0.3294492957157331,-0.025042865723719387
3797,0.9270019531250001,45.79948459719002,-143.23059600812803,0.32948531533173764,-0.02570734068086722
3798,0.92724609375,45.685014024096844,-143.9832768591369,0.329521334947799,-0.02637181563801505
3799,0.927490234375,45.5705434510036,-144.7359577101462,0.32955735456386037,-0.027036290595162882
3800,0.927734375,45.456072877910415,-145.48863856115508,0.3295933741798649,-0.027700765552310713
3801,0.927978515625,45.34160230481717,-146.24131941216442,0.32962939379592626,-0.028365240509458545
3802,0.9282226562500001,45.22422661416348,-146.99346465326997,0.3296634542992365,-0.029095034709143874
3803,0.928466796875,45.10249324716921,-147.74480647951953,0.3296945761335337,-0.029922807772663873
3804,0.9287109375,44.98075988017486,-148.49614830576945,0.32972569796777407,-0.03075058083618387
3805,0.928955078125,44.85902651318058,-149.24749013201898,0.32975681980201443,-0.03157835389970387
3806,0.92919921875,44.73729314618623,-149.99883195826894,0.32978794163631164,-0.03240612696322387
3807,0.9294433593750001,44.61555977919189,-150.7501737845189,0.329819063470552,-0.03323390002674387
3808,0.9296875,44.493826412197606,-151.5015156107684,0.3298501853047924,-0.03406167309020702
3809,0.929931640625,44.372093045203265,-152.25285743701835,0.3298813071390896,-0.03488944615372702
3810,0.93017578125,44.25035967820899,-153.00419926326788,0.32991242897332995,-0.03571721921724702
3811,0.930419921875,44.12862631121463,-153.75554108951783,0.32994355080762716,-0.03654499228076702
3812,0.9306640625000001,44.00689294422029,-154.50688291576776,0.32997467264186753,-0.03737276534428702
3813,0.930908203125,43.88515957722601,-155.2582247420173,0.3300057944761079,-0.038200538407807016
3814,0.93115234375,43.763426210231664,-156.00956656826727,0.3300369163104051,-0.039028311471327015
3815,0.931396484375,43.64169284323739,-156.7609083945168,0.33006803814464547,-0.039856084534847014
3816,0.931640625,43.519959476243045,-157.51225022076673,0.33009915997888584,-0.04068385759831017
3817,0.9318847656250001,43.39822610924868,-158.2635920470167,0.33013028181318305,-0.04151163066183017
3818,0.93212890625,43.27649274225442,-159.01493387326622,0.3301614036474234,-0.042339403725350166
3819,0.932373046875,43.15475937526006,-159.76627569951617,0.3301925254816638,-0.043167176788870165
3820,0.9326171875,43.033026008265786,-160.51761752576567,0.330223647315961,-0.043994949852390164
3821,0.932861328125,42.91129264127144,-161.26895935201563,0.33025476915020135,-0.04482272291591016
3822,0.9331054687500001,42.789559274277096,-162.02030117826558,0.33028589098449856,-0.04565049597943016
3823,0.933349609375,42.66782590728281,-162.7716430045151,0.33031701281873893,-0.046478269042893317
3824,0.93359375,42.54609254028847,-163.52298483076504,0.3303481346529793,-0.047306042106413315
3825,0.933837890625,42.424359173294185,-164.2743266570146,0.3303792564872765,-0.048133815169933314
3826,0.93408203125,42.30262580629984,-165.02566848326452,0.3304103783215169,-0.04896158823345331
3827,0.9343261718750001,42.180892439305495,-165.77701030951448,0.33044150015575724,-0.04978936129697331
3828,0.9345703125,42.05374409976512,-166.49789941477363,0.3304688791097874,-0.05075658377296577
3829,0.934814453125,41.925242017088145,-167.21117533978563,0.3304953223436655,-0.05175866860207634
3830,0.93505859375,41.79673993441126,-167.92445126479714,0.3305217655776005,-0.052760753431243756
3831,0.935302734375,41.66823785173428,-168.63772718980914,0.33054820881153546,-0.05376283826035433
3832,0.9355468750000001,41.539735769057316,-169.3510031148211,0.3305746520454136,-0.0547649230894649
3833,0.935791015625,41.41123368638041,-170.06427903983268,0.33060109527934856,-0.055767007918632316
3834,0.93603515625,41.28273160370344,-170.77755496484465,0.3306275385132835,-0.05676909274774289
3835,0.936279296875,41.15422952102655,-171.4908308898562,0.33065398174716165,-0.05777117757685346
3836,0.9365234375,41.02572743834958,-172.20410681486817,0.3306804249810966,-0.058773262406020876
3837,0.9367675781250001,40.89722535567261,-172.9173827398801,0.3307068682150316,-0.05977534723513145
3838,0.93701171875,40.76872327299571,-173.63065866489168,0.33073331144896656,-0.06077743206424202
3839,0.937255859375,40.64022119031874,-174.34393458990363,0.3307597546828447,-0.061779516893409436
3840,0.9375,40.511719107641845,-175.0572105149152,0.33078619791677966,-0.06278160172252001
3841,0.937744140625,40.38321702496487,-175.77048643992717,0.3308126411507146,-0.06378368655163058
3842,0.9379882812500001,40.254714942287904,-176.48376236493914,0.33083908438459275,-0.064785771380798
3843,0.938232421875,40.12621285961101,-177.19703828995068,0.3308655276185277,-0.06578785620990857
3844,0.9384765625,39.99771077693404,-177.91031421496265,0.3308919708524627,-0.06678994103901914
3845,0.938720703125,39.86920869425714,-178.6235901399742,0.33091841408639766,-0.06779202586818656
3846,0.93896484375,39.740706611580165,-179.33686606498617,0.3309448573202758,-0.06879411069729713
3847,0.9392089843750001,39.6122045289032,-180.05014198999817,0.33097130055421076,-0.0697961955264077
3848,0.939453125,39.4837024462263,-180.76341791500974,0.3309977437881457,-0.07079828035557512
3849,0.939697265625,39.355200363549336,-181.4766938400217,0.33102418702202385,-0.07180036518468569
3850,0.93994140625,39.226698280872434,-182.18996976503325,0.3310506302559588,-0.07280245001379626
3851,0.940185546875,39.09819619819547,-182.90324569004522,0.3310770734898938,-0.07380453484296368
3852,0.9404296875000001,38.96969411551849,-183.61652161505717,0.3311035167237719,-0.07480661967207425
3853,0.940673828125,38.83992426766446,-184.31281341910352,0.3311290757765164,-0.07584469760001866
3854,0.94091796875,38.705083359101806,-184.94116873928925,0.3311510981043284,-0.07702674792329844
3855,0.941162109375,38.57024245053922,-185.56952405947465,0.33117312043219727,-0.07820879824652138
3856,0.94140625,38.435401541976546,-186.19787937966038,0.3311951427600093,-0.07939084856974432
3857,0.9416503906250001,38.30056063341389,-186.82623469984614,0.33121716508787813,-0.0805728988930241
3858,0.94189453125,38.1657197248513,-187.45459002003153,0.33123918741569014,-0.08175494921624704
3859,0.942138671875,38.03087881628863,-188.0829453402173,0.331261209743559,-0.08293699953952682
3860,0.9423828125,37.89603790772605,-188.71130066040266,0.331283232071371,-0.08411904986274976
3861,0.942626953125,37.76119699916339,-189.33965598058842,0.33130525439923986,-0.08530110018602954
3862,0.9428710937500001,37.62635609060072,-189.96801130077415,0.33132727672705187,-0.08648315050925248
3863,0.943115234375,37.491515182038135,-190.59636662095957,0.3313492990549207,-0.08766520083253226
3864,0.943359375,37.35667427347548,-191.2247219411453,0.33137132138273273,-0.0888472511557552
3865,0.943603515625,37.22183336491289,-191.85307726133072,0.3313933437106016,-0.09002930147903498
3866,0.94384765625,37.086992456350224,-192.48143258151646,0.3314153660384136,-0.09121135180225792
3867,0.9440917968750001,36.952151547787565,-193.10978790170222,0.33143738836628245,-0.0923934021255377
3868,0.9443359375,36.81731063922497,-193.73814322188758,0.33145941069409446,-0.09357545244876064
3869,0.944580078125,36.68246973066232,-194.36649854207334,0.3314814330219633,-0.09475750277204043
3870,0.94482421875,36.547628822099725,-194.99485386225874,0.3315034553497753,-0.09593955309526336
3871,0.945068359375,36.41278791353706,-195.6232091824445,0.3315254776776442,-0.09712160341854315
3872,0.9453125000000001,36.2779470049744,-196.25156450263023,0.33154750000551303,-0.09830365374176608
3873,0.945556640625,36.14310609641181,-196.87991982281562,0.33156952233332504,-0.09948570406498902
3874,0.94580078125,36.00826518784915,-197.50827514300136,0.3315915446611939,-0.1006677543882688
3875,0.946044921875,35.87342427928656,-198.13663046318675,0.3316135669890059,-0.10184980471149174
3876,0.9462890625,35.738583370723894,-198.7649857833725,0.33163558931687476,-0.10303185503477152
3877,0.9465332031250001,35.603742462161236,-199.39334110355827,0.33165761164468677,-0.10421390535799446
3878,0.94677734375,35.46890155359865,-200.02169642374363,0.3316796339725556,-0.10539595568127424
3879,0.947021484375,35.33046293658349,-200.5649008145149,0.3316991818260817,-0.10668535992317629
3880,0.947265625,35.189625847266726,-201.05133791900957,0.33171708003015965,-0.1080463334441788
3881,0.947509765625,35.04878875794989,-201.5377750235045,0.33173497823418074,-0.1094073069651813
3882,0.9477539062500001,34.90795166863305,-202.02421212799948,0.3317528764382587,-0.11076828048618381
3883,0.947998046875,34.7671145793163,-202.51064923249413,0.3317707746422798,-0.11212925400718632
3884,0.9482421875,34.62627748999947,-202.99708633698904,0.3317886728463577,-0.11349022752818883
3885,0.948486328125,34.48544040068271,-203.48352344148373,0.3318065710503788,-0.11485120104919133
3886,0.94873046875,34.34460331136587,-203.96996054597864,0.33182446925445674,-0.11621217457019384
3887,0.9489746093750001,34.20376622204904,-204.45639765047358,0.33184236745847784,-0.11757314809119634
3888,0.94921875,34.062929132732286,-204.94283475496823,0.3318602656625558,-0.11893412161219885
3889,0.949462890625,33.92209204341545,-205.42927185946317,0.33187816386657687,-0.12029509513320136
3890,0.94970703125,33.7812549540987,-205.91570896395783,0.3318960620706548,-0.12165606865420386
3891,0.949951171875,33.64041786478186,-206.4021460684528,0.3319139602746759,-0.12301704217520637
3892,0.9501953125000001,33.49958077546503,-206.8885831729477,0.33193185847875384,-0.12437801569620888
3893,0.950439453125,33.358743686148266,-207.3750202774424,0.33194975668277493,-0.12573898921721138
3894,0.95068359375,33.21790659683143,-207.8614573819373,0.33196765488685287,-0.12709996273827073
3895,0.950927734375,33.07706950751468,-208.34789448643195,0.33198555309087396,-0.12846093625927324
3896,0.951171875,32.93623241819784,-208.8343315909269,0.3320034512949519,-0.12982190978027575
3897,0.9514160156250001,32.79539532888101,-209.32076869542183,0.332021349498973,-0.13118288330127825
3898,0.95166015625,32.654558239564246,-209.8072057999165,0.33203924770305093,-0.13254385682228076
3899,0.951904296875,32.51372115024742,-210.29364290441143,0.332057145907072,-0.13390483034328327
3900,0.9521484375,32.37288406093066,-210.78008000890608,0.33207504411114996,-0.13526580386428577
3901,0.952392578125,32.232046971613826,-211.26651711340105,0.33209294231517106,-0.13662677738528828
3902,0.9526367187500001,32.09120988229699,-211.75295421789596,0.332110840519249,-0.13798775090629078
3903,0.952880859375,31.95037279298024,-212.23939132239062,0.3321287387232701,-0.1393487244272933
3904,0.953125,31.809535703663393,-212.7258284268854,0.332146636927348,-0.1407096979482958
3905,0.953369140625,31.662940015944717,-213.00411762718173,0.3321607467701142,-0.14224096435339106
3906,0.95361328125,31.516344328225948,-213.28240682747818,0.3321748566128804,-0.14377223075848633
3907,0.9538574218750001,31.369748640507186,-213.56069602777467,0.33218896645564655,-0.14530349716363844
3908,0.9541015625,31.223152952788503,-213.83898522807095,0.3322030762984127,-0.1468347635687337
3909,0.954345703125,31.07655726506974,-214.1172744283674,0.3322171861411789,-0.14836602997382897
3910,0.95458984375,30.92996157735106,-214.39556362866372,0.3322312959839451,-0.14989729637892424
3911,0.954833984375,30.783365889632297,-214.67385282896018,0.33224540582671125,-0.1514285627840195
3912,0.9550781250000001,30.636770201913528,-214.95214202925663,0.33225951566953427,-0.15295982918917161
3913,0.955322265625,30.49017451419485,-215.23043122955292,0.33227362551230044,-0.15449109559426688
3914,0.95556640625,30.34357882647609,-215.50872042984938,0.3322877353550666,-0.15602236199936215
3915,0.955810546875,30.196983138757403,-215.7870096301457,0.3323018451978328,-0.1575536284044574
3916,0.9560546875,30.050387451038645,-216.06529883044215,0.33231595504059896,-0.15908489480955268
3917,0.9562988281250001,29.903791763319877,-216.34358803073863,0.33233006488336514,-0.16061616121464795
3918,0.95654296875,29.757196075601193,-216.62187723103492,0.3323441747261313,-0.16214742761980006
3919,0.956787109375,29.610600387882428,-216.90016643133137,0.3323582845688975,-0.16367869402489532
3920,0.95703125,29.464004700163752,-217.17845563162768,0.33237239441166366,-0.1652099604299906
3921,0.957275390625,29.317409012444983,-217.4567448319241,0.33238650425442984,-0.16674122683508585
3922,0.9575195312500001,29.17081332472622,-217.7350340322206,0.332400614097196,-0.16827249324018112
3923,0.957763671875,29.02421763700754,-218.01332323251688,0.3324147239399622,-0.16980375964533323
3924,0.9580078125,28.877621949288777,-218.29161243281337,0.33242883378272836,-0.1713350260504285
3925,0.958251953125,28.731026261570094,-218.56990163310965,0.33244294362549454,-0.17286629245552376
3926,0.95849609375,28.584430573851332,-218.8481908334061,0.3324570534682607,-0.17439755886061903
3927,0.9587402343750001,28.437834886132567,-219.12648003370256,0.3324711633110269,-0.1759288252657143
3928,0.958984375,28.291239198413887,-219.40476923399888,0.33248527315379306,-0.17746009167080956
3929,0.959228515625,28.144643510695122,-219.68305843429533,0.3324993829966161,-0.17899135807596167
3930,0.95947265625,27.995793010136627,-219.84868545511375,0.33251212710700884,-0.18058418201491122
3931,0.959716796875,27.843560290318315,-219.84531920671517,0.33252282261895516,-0.18226934225458535
3932,0.9599609375000001,27.691327570500004,-219.8419529583166,0.3325335181309015,-0.18395450249431633
3933,0.960205078125,27.539094850681785,-219.83858670991802,0.3325442136428478,-0.18563966273399046
3934,0.96044921875,27.386862130863477,-219.83522046151947,0.33255490915479413,-0.18732482297372144
3935,0.960693359375,27.23462941104525,-219.83185421312092,0.3325656046666836,-0.18900998321339557
3936,0.9609375,27.082396691226943,-219.8284879647223,0.33257630017862994,-0.19069514345312655
3937,0.9611816406250001,26.930163971408632,-219.82512171632376,0.33258699569057626,-0.19238030369285752
3938,0.96142578125,26.77793125159041,-219.8217554679252,0.3325976912025226,-0.19406546393253166
3939,0.961669921875,26.6256985317721,-219.8183892195266,0.3326083867144689,-0.19575062417226263
3940,0.9619140625,26.47346581195388,-219.81502297112806,0.33261908222641523,-0.19743578441193677
3941,0.962158203125,26.32123309213557,-219.81165672272948,0.3326297777383047,-0.19912094465166774
3942,0.9624023437500001,26.16900037231726,-219.8082904743309,0.33264047325025103,-0.20080610489134187
3943,0.962646484375,26.016767652499038,-219.80492422593233,0.33265116876219736,-0.20249126513107285
3944,0.962890625,25.86453493268073,-219.80155797753378,0.3326618642741437,-0.20417642537074698
3945,0.963134765625,25.712302212862504,-219.7981917291352,0.33267255978609,-0.20586158561047796
3946,0.96337890625,25.560069493044193,-219.79482548073662,0.3326832552979795,-0.20754674585020894
3947,0.9636230468750001,25.40783677322589,-219.79145923233807,0.3326939508099258,-0.20923190608988307
3948,0.9638671875,25.255604053407662,-219.78809298393946,0.33270464632187213,-0.21091706632961404
3949,0.964111328125,25.10337133358935,-219.78472673554091,0.33271534183381846,-0.21260222656928818
3950,0.96435546875,24.951138613771136,-219.78136048714236,0.3327260373457648,-0.21428738680901915
3951,0.964599609375,24.798905893952824,-219.7779942387438,0.3327367328577111,-0.2159725470486933
3952,0.9648437500000001,24.646673174134513,-219.7746279903452,0.3327474283696006,-0.21765770728842426
3953,0.965087890625,24.49444045431629,-219.77126174194663,0.3327581238815469,-0.21934286752815524
3954,0.96533203125,24.34220773449798,-219.76789549354808,0.33276881939349323,-0.22102802776782937
3955,0.965576171875,24.189975014679757,-219.7645292451495,0.33277951490543956,-0.22271318800756035
3956,0.9658203125,24.03323487073764,-219.47353159001764,0.3327878077944888,-0.2245027276426299
3957,0.9660644531250001,23.875367870764567,-219.11062608320233,0.3327955000278848,-0.22631836212656253
3958,0.96630859375,23.717500870791586,-218.74772057638725,0.33280319226128086,-0.22813399661043832
3959,0.966552734375,23.559633870818512,-218.38481506957194,0.33281088449462004,-0.22994963109437094
3960,0.966796875,23.401766870845528,-218.02190956275686,0.33281857672801607,-0.23176526557830357
3961,0.967041015625,23.24389987087246,-217.65900405594155,0.3328262689614121,-0.2335809000622362
3962,0.9672851562500001,23.086032870899388,-217.29609854912624,0.3328339611947513,-0.23539653454611198
3963,0.967529296875,22.928165870926406,-216.93319304231113,0.3328416534281473,-0.2372121690300446
3964,0.9677734375,22.770298870953333,-216.57028753549582,0.3328493456614865,-0.23902780351397723
3965,0.968017578125,22.61243187098035,-216.20738202868074,0.3328570378948825,-0.24084343799790986
3966,0.96826171875,22.45456487100728,-215.8444765218654,0.33286473012827855,-0.24265907248178564
3967,0.9685058593750001,22.296697871034205,-215.48157101505015,0.33287242236161774,-0.24447470696571827
3968,0.96875,22.138830871061227,-215.118665508235,0.33288011459501377,-0.2462903414496509
3969,0.968994140625,21.980963871088154,-214.7557600014197,0.3328878068284098,-0.24810597593358352
3970,0.96923828125,21.82309687111517,-214.39285449460462,0.332895499061749,-0.24992161041751615
3971,0.969482421875,21.6652298711421,-214.0299489877893,0.332903191295145,-0.25173724490139193
3972,0.9697265625000001,21.507362871169025,-213.66704348097403,0.33291088352854104,-0.25355287938532456
3973,0.969970703125,21.349495871196044,-213.30413797415892,0.3329185757618802,-0.2553685138692572
3974,0.97021484375,21.19162887122297,-212.94123246734358,0.33292626799527625,-0.2571841483531898
3975,0.970458984375,21.033761871249986,-212.5783269605285,0.33293396022861543,-0.2589997828370656
3976,0.970703125,20.87589487127692,-212.2154214537132,0.33294165246201146,-0.2608154173209982
3977,0.9709472656250001,20.718027871303846,-211.8525159468979,0.3329493446954075,-0.26263105180493085
3978,0.97119140625,20.560160871330865,-211.4896104400828,0.3329570369287467,-0.2644466862888635
3979,0.971435546875,20.40229387135779,-211.12670493326752,0.3329647291621427,-0.26626232077273926
3980,0.9716796875,20.24442687138481,-210.76379942645238,0.3329724213954819,-0.2680779552566719
3981,0.971923828125,20.085411033948855,-210.31322325920016,0.33297960224626877,-0.2699139535934023
3982,0.9721679687500001,19.921799846661344,-209.51196445019968,0.3329847375665054,-0.2718314073413808
3983,0.972412109375,19.75818865937393,-208.7107056411997,0.33298987288668513,-0.2737488610894161
3984,0.97265625,19.59457747208642,-207.90944683219922,0.33299500820692174,-0.27566631483739457
3985,0.972900390625,19.430966284799005,-207.10818802319923,0.33300014352715834,-0.27758376858537304
3986,0.97314453125,19.267355097511498,-206.3069292141988,0.33300527884739495,-0.2795012223333515
3987,0.9733886718750001,19.10374391022399,-205.50567040519832,0.33301041416763155,-0.28141867608133
3988,0.9736328125,18.94013272293658,-204.70441159619833,0.33301554948786816,-0.28333612982930845
3989,0.973876953125,18.77652153564907,-203.90315278719788,0.3330206848080479,-0.28525358357734376
3990,0.97412109375,18.612910348361655,-203.10189397819786,0.3330258201282845,-0.28717103732532223
3991,0.974365234375,18.449299161074144,-202.30063516919742,0.3330309554485211,-0.2890884910733007
3992,0.9746093750000001,18.28568797378664,-201.49937636019695,0.33303609076875773,-0.29100594482127917
3993,0.974853515625,18.122076786499225,-200.69811755119696,0.33304122608899434,-0.29292339856925764
3994,0.97509765625,17.958465599211717,-199.8968587421965,0.33304636140923094,-0.2948408523172361
3995,0.975341796875,17.7948544119243,-199.0955999331965,0.3330514967294107,-0.2967583060652714
3996,0.9755859375,17.631243224636794,-198.29434112419605,0.3330566320496473,-0.2986757598132499
3997,0.9758300781250001,17.46763203734929,-197.49308231519558,0.3330617673698839,-0.30059321356122837
3998,0.97607421875,17.304020850061875,-196.6918235061956,0.3330669026901205,-0.30251066730920684
3999,0.976318359375,17.140409662774367,-195.89056469719512,0.3330720380103571,-0.3044281210571853
4000,0.9765625,16.97679847548695,-195.08930588819516,0.3330771733305937,-0.3063455748051638
4001,0.976806640625,16.81318728819944,-194.28804707919465,0.3330823086507735,-0.3082630285531991
4002,0.9770507812500001,16.649576100911933,-193.4867882701942,0.3330874439710101,-0.31018048230117756
4003,0.977294921875,16.485964913624517,-192.6855294611942,0.3330925792912467,-0.31209793604915603
4004,0.9775390625,16.32235372633701,-191.88427065219375,0.3330977146114833,-0.3140153897971345
4005,0.977783203125,16.158742539049598,-191.08301184319373,0.3331028499317199,-0.315932843545113
4006,0.97802734375,15.99513135176209,-190.2817530341933,0.33310798525189966,-0.3178502972931483
4007,0.9782714843750001,15.827949485374338,-189.1715755145087,0.333111874179167,-0.3198101778120872
4008,0.978515625,15.658387166253192,-187.85545218770253,0.3331149321776934,-0.3217983428449429
4009,0.978759765625,15.488824847131951,-186.53932886089558,0.33311799017627663,-0.32378650787785546
4010,0.97900390625,15.319262528010803,-185.22320553408937,0.33312104817480304,-0.325774672910768
4011,0.979248046875,15.149700208889561,-183.90708220728243,0.33312410617332944,-0.32776283794368055
4012,0.9794921875000001,14.980137889768317,-182.59095888047545,0.3331271641719127,-0.3297510029765931
4013,0.979736328125,14.810575570647172,-181.27483555366928,0.3331302221704391,-0.33173916800950565
4014,0.97998046875,14.64101325152593,-179.95871222686236,0.3331332801690223,-0.3337273330424182
4015,0.980224609375,14.471450932404784,-178.64258890005615,0.33313633816754873,-0.33571549807533074
4016,0.98046875,14.30188861328354,-177.3264655732492,0.333139396166132,-0.3377036631082433
4017,0.9807128906250001,14.132326294162297,-176.01034224644224,0.3331424541646584,-0.33969182814115584
4018,0.98095703125,13.962763975041153,-174.69421891963606,0.3331455121632416,-0.34167999317401154
4019,0.981201171875,13.79320165591991,-173.37809559282908,0.333148570161768,-0.3436681582069241
4020,0.9814453125,13.623639336798764,-172.06197226602288,0.33315162816035127,-0.34565632323983664
4021,0.981689453125,13.45407701767752,-170.74584893921596,0.33315468615887767,-0.3476444882727492
4022,0.9819335937500001,13.28451469855628,-169.42972561240902,0.33315774415740407,-0.34963265330566173
4023,0.982177734375,13.114952379435133,-168.11360228560284,0.3331608021559873,-0.3516208183385743
4024,0.982421875,12.945390060313889,-166.79747895879586,0.3331638601545137,-0.35360898337148683
4025,0.982666015625,12.775827741192742,-165.48135563198966,0.33316691815309696,-0.3555971484043994
4026,0.98291015625,12.6062654220715,-164.16523230518274,0.33316997615162336,-0.3575853134373119
4027,0.9831542968750001,12.436703102950258,-162.84910897837577,0.3331730341502066,-0.3595734784702245
4028,0.9833984375,12.267140783829111,-161.53298565156956,0.333176092148733,-0.3615616435030802
4029,0.983642578125,12.097578464707869,-160.21686232476262,0.33317915014731625,-0.3635498085359927
4030,0.98388671875,11.928016145586723,-158.9007389979564,0.33318220814584265,-0.3655379735689053
4031,0.984130859375,11.75845382646548,-157.58461567114946,0.3331852661444259,-0.3675261386018178
4032,0.9843750000000001,11.588891507344234,-156.26849234434218,0.3331883241429523,-0.36951430363473037
4033,0.984619140625,11.413101990208844,-154.3652390868845,0.3331898152869144,-0.3715432196163988
4034,0.98486328125,11.237312473073352,-152.46198582942566,0.33319130643087647,-0.37357213559806723
4035,0.985107421875,11.06152295593796,-150.5587325719679,0.33319279757483855,-0.37560105157973567
4036,0.9853515625,10.885733438802468,-148.6554793145091,0.33319428871880064,-0.3776299675614041
4037,0.9855957031250001,10.709943921666978,-146.75222605705028,0.3331957798627059,-0.37965888354307253
4038,0.98583984375,10.534154404531584,-144.84897279959256,0.33319727100666796,-0.3816877995247978
4039,0.986083984375,10.358364887396094,-142.94571954213373,0.33319876215063005,-0.38371671550646624
4040,0.986328125,10.182575370260702,-141.042466284676,0.33320025329459213,-0.3857456314881347
4041,0.986572265625,10.006785853125212,-139.1392130272172,0.3332017444385542,-0.3877745474698031
4042,0.9868164062500001,9.830996335989719,-137.2359597697584,0.3332032355825163,-0.38980346345147154
4043,0.987060546875,9.655206818854328,-135.33270651230066,0.3332047267264784,-0.39183237943314
4044,0.9873046875,9.479417301718836,-133.42945325484183,0.33320621787044047,-0.3938612954148084
4045,0.987548828125,9.303627784583446,-131.5261999973841,0.3332077090143457,-0.39589021139647684
4046,0.98779296875,9.127838267447952,-129.6229467399253,0.3332092001583078,-0.3979191273781453
4047,0.9880371093750001,8.952048750312462,-127.71969348246647,0.3332106913022699,-0.3999480433598137
4048,0.98828125,8.77625923317707,-125.81644022500875,0.33321218244623196,-0.40197695934148214
4049,0.988525390625,8.60046971604158,-123.91318696754992,0.33321367359019405,-0.4040058753231506
4050,0.98876953125,8.424680198906188,-122.00993371009221,0.33321516473415613,-0.40603479130487585
4051,0.989013671875,8.248890681770696,-120.10668045263338,0.3332166558781182,-0.4080637072865443
4052,0.9892578125000001,8.073101164635206,-118.20342719517458,0.3332181470220803,-0.4100926232682127
4053,0.989501953125,7.897311647499812,-116.30017393771682,0.33321963816598554,-0.41212153924988115
4054,0.98974609375,7.721522130364321,-114.39692068025802,0.33322112930994763,-0.4141504552315496
4055,0.989990234375,7.545732613228929,-112.49366742280029,0.3332226204539097,-0.416179371213218
4056,0.990234375,7.369943096093438,-110.59041416534147,0.3332241115978718,-0.41820828719488645
4057,0.9904785156250001,7.194153578957947,-108.68716090788266,0.3332256027418339,-0.4202372031765549
4058,0.99072265625,7.015753260316879,-106.5216078258291,0.333226682697898,-0.42227256140279223
4059,0.990966796875,6.833436739417192,-103.96260500687991,0.3332271458721152,-0.42431758299585454
4060,0.9912109375,6.651120218517607,-101.4036021879322,0.33322760904638926,-0.42636260458891684
4061,0.991455078125,6.468803697617919,-98.84459936898303,0.33322807222060646,-0.4284076261819223
4062,0.9916992187500001,6.286487176718231,-96.28559655003383,0.3332285353948805,-0.4304526477749846
4063,0.991943359375,6.104170655818647,-93.72659373108611,0.3332289985690977,-0.4324976693680469
4064,0.9921875,5.921854134918958,-91.16759091213694,0.33322946174337176,-0.4345426909611092
4065,0.992431640625,5.739537614019375,-88.60858809318921,0.33322992491758896,-0.4365877125541715
4066,0.99267578125,5.557221093119686,-86.04958527424004,0.333230388091863,-0.4386327341472338
4067,0.9929199218750001,5.3749045722199975,-83.49058245529088,0.3332308512660802,-0.4406777557402961
4068,0.9931640625,5.192588051320414,-80.93157963634316,0.33323131444035425,-0.44272277733330156
4069,0.993408203125,5.010271530420725,-78.37257681739396,0.33323177761457146,-0.44476779892636387
4070,0.99365234375,4.827955009521141,-75.81357399844626,0.3332322407888455,-0.44681282051942617
4071,0.993896484375,4.6456384886214535,-73.25457117949708,0.3332327039630627,-0.44885784211248847
4072,0.9941406250000001,4.463321967721765,-70.69556836054791,0.33323316713733675,-0.45090286370555077
4073,0.994384765625,4.2810054468221805,-68.13656554160019,0.33323363031155395,-0.4529478852986131
4074,0.99462890625,4.098688925922493,-65.57756272265101,0.333234093485828,-0.45499290689161853
4075,0.994873046875,3.916372405022909,-63.01855990370329,0.3332345566600452,-0.45703792848468083
4076,0.9951171875,3.7340558841232205,-60.45955708475412,0.33323501983431925,-0.45908295007774313
4077,0.9953613281250001,3.5517393632235326,-57.90055426580494,0.33323548300853645,-0.46112797167080544
4078,0.99560546875,3.369422842323948,-55.34155144685722,0.3332359461828105,-0.46317299326386774
4079,0.995849609375,3.1871063214242596,-52.782548627908035,0.3332364093570277,-0.46521801485693004
4080,0.99609375,3.0047898005246756,-50.22354580896032,0.33323687253130174,-0.4672630364499355
4081,0.996337890625,2.822473279624987,-47.664542990011135,0.33323733570551894,-0.4693080580429978
4082,0.9965820312500001,2.640156758725299,-45.10554017106197,0.333237798879793,-0.4713530796360601
4083,0.996826171875,2.457840237825715,-42.54653735211424,0.3332382620540102,-0.4733981012291224
4084,0.9970703125,2.270040875292885,-39.40756573905378,0.33323835468888774,-0.4754441614509801
4085,0.997314453125,2.080870802351874,-36.12360192746706,0.33323835468888774,-0.47749048133010774
4086,0.99755859375,1.8917007294107553,-32.839638115878465,0.33323835468888774,-0.4795368012091785
4087,0.9978027343750001,1.7025306564696365,-29.55567430428987,0.33323835468888774,-0.4815831210882493
4088,0.998046875,1.5133605835286257,-26.271710492703143,0.33323835468888774,-0.4836294409673201
4089,0.998291015625,1.3241905105875071,-22.98774668111455,0.33323835468888774,-0.48567576084639086
4090,0.99853515625,1.135020437646496,-19.703782869527824,0.33323835468888774,-0.4877220807255185
4091,0.998779296875,0.9458503647053776,-16.419819057939232,0.33323835468888774,-0.48976840060458926
4092,0.9990234375000001,0.756680291764259,-13.13585524635064,0.33323835468888774,-0.49181472048366004
4093,0.999267578125,0.5675102188232478,-9.85189143476391,0.33323835468888774,-0.4938610403627308
4094,0.99951171875,0.3783401458821296,-6.56792762317532,0.33323835468888774,-0.49590736024185844
4095,0.999755859375,0.1891700729411183,-3.2839638115885963,0.33323835468888774,-0.4979536801209292
4096,1.0,0.0,0.0,0.33323835468888774,-0.5
