index,coordinate,U_at_X0.5,W_at_Z0.5,theta_vertical,theta_horizontal
0,0.0,0.0,0.0,2.8421709430404007e-13,0.5
1,0.000244140625,0.0122125327532361,5.134853150405985e-05,2.8421709430404007e-13,0.46146605600449675
2,0.00048828125,0.0244250655064722,0.0001026970630081197,2.8421709430404007e-13,0.42293211200893666
3,0.0007324218750000001,0.036637598259708304,0.00015404559451217956,2.8421709430404007e-13,0.3843981680134334
4,0.0009765625,0.0488501310129444,0.0002053941260162394,2.8421709430404007e-13,0.3458642240178733
5,0.001220703125,0.0610626637661805,0.00025674265752029924,2.8421709430404007e-13,0.30733028002237006
6,0.0014648437500000002,0.07327519651941661,0.00030809118902435913,2.8421709430404007e-13,0.2687963360268668
7,0.001708984375,0.0854877292726527,0.0003594397205284189,2.8421709430404007e-13,0.23026239203130672
8,0.001953125,0.0977002620258888,0.0004107882520324788,2.8421709430404007e-13,0.19172844803580347
9,0.002197265625,0.1099127947791249,0.0004621367835365386,2.8421709430404007e-13,0.15319450404030022
10,0.00244140625,0.122125327532361,0.0005134853150405985,2.8421709430404007e-13,0.11466056004474012
11,0.002685546875,0.1343378602855971,0.0005648338465446583,2.8421709430404007e-13,0.07612661604923687
12,0.0029296875000000004,0.14655039303883322,0.0006161823780487183,2.8421709430404007e-13,0.03759267205367678
13,0.003173828125,0.15633235029275125,0.000652089214279568,2.8421709430404007e-13,0.0067128487239074275
14,0.00341796875,0.15639200554939692,0.0006262292694175777,2.8421709430404007e-13,0.006449508056846298
15,0.003662109375,0.15645166080604261,0.0006003693245555876,2.8421709430404007e-13,0.006186167389842012
16,0.00390625,0.1565113160626883,0.0005745093796935974,2.8421709430404007e-13,0.005922826722837726
17,0.004150390625,0.156570971319334,0.000548649434831607,2.8421709430404007e-13,0.005659486055776597
18,0.00439453125,0.15663062657597973,0.0005227894899696168,2.8421709430404007e-13,0.005396145388772311
19,0.004638671875,0.1566902818326254,0.0004969295451076267,2.8421709430404007e-13,0.005132804721768025
20,0.0048828125,0.1567499370892711,0.00047106960024563636,2.8421709430404007e-13,0.004869464054706896
21,0.005126953125,0.15680959234591682,0.0004452096553836463,2.8421709430404007e-13,0.00460612338770261
22,0.00537109375,0.1568692476025625,0.00041934971052165596,2.8421709430404007e-13,0.004342782720698324
23,0.005615234375,0.15692890285920819,0.0003934897656596657,2.8421709430404007e-13,0.0040794420536371945
24,0.005859375000000001,0.1569885581158539,0.00036762982079767545,2.8421709430404007e-13,0.0038161013866329085
25,0.006103515625,0.1570482133724996,0.0003417698759356853,2.8421709430404007e-13,0.0035527607196286226
26,0.00634765625,0.15710786862914528,0.00031590993107369505,2.2737367544323206e-13,0.0032894200526243367
27,0.006591796875,0.157167523885791,0.0002900499862117048,2.2737367544323206e-13,0.0030260793855632073
28,0.0068359375,0.1572271791424367,0.0002641900413497146,2.2737367544323206e-13,0.0027627387185589214
29,0.007080078125000001,0.15728683439908236,0.0002383300964877243,2.2737367544323206e-13,0.0024993980515546355
30,0.00732421875,0.1573464896557281,0.00021247015162573422,2.2737367544323206e-13,0.002236057384493506
31,0.007568359375,0.15740614491237379,0.00018661020676374396,2.2737367544323206e-13,0.00197271671748922
32,0.0078125,0.15746580016901945,0.00016075026190175373,2.2737367544323206e-13,0.0017093760504849342
33,0.008056640625,0.15752545542566518,0.0001348903170397634,2.2737367544323206e-13,0.0014460353834238049
34,0.00830078125,0.15758511068231087,0.00010903037217777325,2.2737367544323206e-13,0.001182694716419519
35,0.008544921875,0.15764476593895657,8.317042731578312e-05,2.2737367544323206e-13,0.000919354049415233
36,0.0087890625,0.15770442119560227,5.7310482453792776e-05,2.2737367544323206e-13,0.0006560133824109471
37,0.009033203125,0.15776407645224794,3.145053759180263e-05,2.2737367544323206e-13,0.00039267271534981774
38,0.00927734375,0.15782373170889366,5.5905927298122975e-06,2.2737367544323206e-13,0.0001293320483455318
39,0.009521484375,0.157847684091714,-4.821925150512578e-06,2.2737367544323206e-13,2.3434838908542588e-05
40,0.009765625,0.15784783455865078,-4.936158376393755e-06,2.2737367544323206e-13,2.2499934516417852e-05
41,0.010009765625,0.15784798502558753,-5.050391602274932e-06,2.2737367544323206e-13,2.1565030124293116e-05
42,0.01025390625,0.15784813549252433,-5.1646248281561085e-06,2.2737367544323206e-13,2.063012573216838e-05
43,0.010498046874999998,0.1578482859594611,-5.278858054037284e-06,2.2737367544323206e-13,1.9695221340043645e-05
44,0.0107421875,0.15784843642639787,-5.393091279918463e-06,2.2737367544323206e-13,1.876031694791891e-05
45,0.010986328125,0.15784858689333464,-5.507324505799638e-06,2.2737367544323206e-13,1.7825412555794173e-05
46,0.01123046875,0.1578487373602714,-5.621557731680815e-06,2.2737367544323206e-13,1.6890508163669438e-05
47,0.011474609375,0.15784888782720818,-5.7357909575619914e-06,2.2737367544323206e-13,1.595560382838812e-05
48,0.011718750000000002,0.15784903829414498,-5.850024183443168e-06,2.2737367544323206e-13,1.5020699436263385e-05
49,0.011962890625,0.15784918876108175,-5.964257409324346e-06,2.2737367544323206e-13,1.408579504413865e-05
50,0.01220703125,0.15784933922801853,-6.078490635205521e-06,2.2737367544323206e-13,1.3150890652013913e-05
51,0.012451171875,0.15784948969495533,-6.192723861086698e-06,2.2737367544323206e-13,1.2215986259889178e-05
52,0.0126953125,0.1578496401618921,-6.3069570869678735e-06,2.2737367544323206e-13,1.1281081867764442e-05
53,0.012939453125000002,0.15784979062882887,-6.4211903128490515e-06,2.2737367544323206e-13,1.0346177475639706e-05
54,0.01318359375,0.15784994109576564,-6.535423538730228e-06,2.2737367544323206e-13,9.41127308351497e-06
55,0.013427734375,0.1578500915627024,-6.649656764611405e-06,2.2737367544323206e-13,8.476368691390235e-06
56,0.013671875,0.15785024202963918,-6.763889990492581e-06,2.2737367544323206e-13,7.541464299265499e-06
57,0.013916015625,0.15785039249657598,-6.878123216373757e-06,2.2737367544323206e-13,6.606559907140763e-06
58,0.014160156250000002,0.15785054296351272,-6.992356442254934e-06,2.2737367544323206e-13,5.6716555150160275e-06
59,0.014404296875,0.1578506934304495,-7.106589668136111e-06,2.2737367544323206e-13,4.736751179734711e-06
60,0.0146484375,0.15785084389738627,-7.220822894017287e-06,2.2737367544323206e-13,3.801846787609975e-06
61,0.014892578125,0.15785099436432307,-7.335056119898463e-06,2.2737367544323206e-13,2.866942395485239e-06
62,0.01513671875,0.1578511448312598,-7.44928934577964e-06,2.2737367544323206e-13,1.9320380033605034e-06
63,0.015380859375000002,0.15785129529819658,-7.5635225716608165e-06,2.2737367544323206e-13,9.971336112357676e-07
64,0.015625,0.15785144576513338,-7.677755797541994e-06,2.2737367544323206e-13,6.222921911103185e-08
65,0.015869140625,0.15785144578512394,-7.67712345689275e-06,2.2737367544323206e-13,5.980365358482231e-08
66,0.01611328125,0.1578514458051145,-7.676491116243507e-06,2.2737367544323206e-13,5.7378088058612775e-08
67,0.016357421875,0.1578514458251051,-7.675858775594265e-06,2.2737367544323206e-13,5.4952522532403236e-08
68,0.0166015625,0.15785144584509567,-7.675226434945022e-06,2.2737367544323206e-13,5.25269570061937e-08
69,0.016845703125,0.15785144586508623,-7.674594094295778e-06,2.2737367544323206e-13,5.010139147998416e-08
70,0.01708984375,0.1578514458850768,-7.673961753646536e-06,2.2737367544323206e-13,4.767576911035576e-08
71,0.017333984375,0.15785144590506736,-7.673329412997293e-06,2.2737367544323206e-13,4.525020358414622e-08
72,0.017578125,0.15785144592505793,-7.67269707234805e-06,2.2737367544323206e-13,4.282463805793668e-08
73,0.017822265625,0.1578514459450485,-7.672064731698805e-06,2.2737367544323206e-13,4.039907253172714e-08
74,0.01806640625,0.15785144596503906,-7.671432391049564e-06,2.2737367544323206e-13,3.7973507005517604e-08
75,0.018310546875,0.15785144598502965,-7.670800050400322e-06,2.2737367544323206e-13,3.5547941479308065e-08
76,0.0185546875,0.15785144600502024,-7.670167709751078e-06,2.2737367544323206e-13,3.3122375953098526e-08
77,0.018798828125,0.15785144602501078,-7.669535369101834e-06,2.2737367544323206e-13,3.069681042688899e-08
78,0.01904296875,0.15785144604500137,-7.66890302845259e-06,2.2737367544323206e-13,2.827124490067945e-08
79,0.019287109375,0.15785144606499193,-7.668270687803349e-06,2.2737367544323206e-13,2.584567937446991e-08
80,0.01953125,0.1578514460849825,-7.667638347154105e-06,2.2737367544323206e-13,2.342011384826037e-08
81,0.019775390624999997,0.15785144610497304,-7.667006006504862e-06,2.2737367544323206e-13,2.099449147863197e-08
82,0.02001953125,0.15785144612496363,-7.666373665855618e-06,2.2737367544323206e-13,1.8568925952422433e-08
83,0.020263671875,0.1578514461449542,-7.665741325206376e-06,2.2737367544323206e-13,1.6143360426212894e-08
84,0.0205078125,0.1578514461649448,-7.665108984557134e-06,2.2737367544323206e-13,1.3717794900003355e-08
85,0.020751953125,0.15785144618493532,-7.664476643907889e-06,2.2737367544323206e-13,1.1292229373793816e-08
86,0.020996093749999997,0.15785144620492592,-7.663844303258647e-06,2.2737367544323206e-13,8.866663847584277e-09
87,0.021240234375,0.1578514462249165,-7.663211962609405e-06,2.2737367544323206e-13,6.441098321374739e-09
88,0.021484375,0.15785144624490707,-7.662579621960162e-06,2.2737367544323206e-13,4.0155327951652e-09
89,0.021728515625,0.1578514462648976,-7.661947281310918e-06,2.2737367544323206e-13,1.589967268955661e-09
90,0.02197265625,0.15785144614013605,-7.661130979350728e-06,2.2737367544323206e-13,1.3250200936454348e-10
91,0.022216796874999997,0.15785144579824614,-7.660038735424115e-06,2.2737367544323206e-13,1.2727241482934915e-10
92,0.0224609375,0.15785144545635627,-7.658946491497501e-06,2.2737367544323206e-13,1.220428202941548e-10
93,0.022705078125,0.15785144511446636,-7.657854247570887e-06,2.2737367544323206e-13,1.1681322575896047e-10
94,0.02294921875,0.15785144477257648,-7.656762003644275e-06,2.2737367544323206e-13,1.1158363122376613e-10
95,0.023193359375,0.15785144443068663,-7.655669759717661e-06,2.2737367544323206e-13,1.0629719326971099e-10
96,0.023437500000000003,0.15785144408879673,-7.654577515791049e-06,2.2737367544323206e-13,1.0106759873451665e-10
97,0.023681640625,0.15785144374690685,-7.653485271864436e-06,2.2737367544323206e-13,9.583800419932231e-11
98,0.02392578125,0.15785144340501697,-7.652393027937822e-06,2.2737367544323206e-13,9.060840966412798e-11
99,0.024169921875,0.15785144306312707,-7.65130078401121e-06,2.2737367544323206e-13,8.537881512893364e-11
100,0.0244140625,0.15785144272123722,-7.650208540084596e-06,2.2737367544323206e-13,8.01492205937393e-11
101,0.024658203125000003,0.15785144237934734,-7.649116296157983e-06,2.2737367544323206e-13,7.491962605854496e-11
102,0.02490234375,0.15785144203745743,-7.64802405223137e-06,2.2737367544323206e-13,6.963318810448982e-11
103,0.025146484375,0.15785144169556756,-7.646931808304755e-06,2.2737367544323206e-13,6.440359356929548e-11
104,0.025390625,0.15785144135367765,-7.645839564378143e-06,2.2737367544323206e-13,5.917399903410114e-11
105,0.025634765625,0.1578514410117878,-7.64474732045153e-06,2.2737367544323206e-13,5.3944404498906806e-11
106,0.025878906250000003,0.15785144066989795,-7.643655076524917e-06,2.2737367544323206e-13,4.871480996371247e-11
107,0.026123046875,0.15785144032800805,-7.642562832598304e-06,2.2737367544323206e-13,4.348521542851813e-11
108,0.0263671875,0.15785143998611817,-7.64147058867169e-06,2.2737367544323206e-13,3.8198777474462986e-11
109,0.026611328125,0.1578514396442283,-7.640378344745078e-06,2.2737367544323206e-13,3.296918293926865e-11
110,0.02685546875,0.1578514393023384,-7.639286100818464e-06,2.2737367544323206e-13,2.773958840407431e-11
111,0.027099609375000003,0.15785143896044854,-7.638193856891852e-06,2.2737367544323206e-13,2.2509993868879974e-11
112,0.02734375,0.15785143861855863,-7.637101612965238e-06,2.2737367544323206e-13,1.7280399333685637e-11
113,0.027587890625,0.15785143827666875,-7.636009369038625e-06,2.2737367544323206e-13,1.2050804798491299e-11
114,0.02783203125,0.15785143793477888,-7.634917125112011e-06,2.2737367544323206e-13,6.821210263296962e-12
115,0.028076171875,0.15785143759288897,-7.633824881185399e-06,2.2737367544323206e-13,1.5347723092418164e-12
116,0.028320312500000003,0.1578514371840639,-7.632621872329288e-06,2.2737367544323206e-13,5.115907697472721e-13
117,0.028564453125,0.15785143675850496,-7.631391172240802e-06,2.2737367544323206e-13,5.115907697472721e-13
118,0.02880859375,0.15785143633294607,-7.630160472152317e-06,2.2737367544323206e-13,4.547473508864641e-13
119,0.029052734375,0.15785143590738718,-7.628929772063831e-06,2.2737367544323206e-13,4.547473508864641e-13
120,0.029296875,0.15785143548182826,-7.627699071975345e-06,2.2737367544323206e-13,4.547473508864641e-13
121,0.029541015625000003,0.15785143505626933,-7.626468371886859e-06,2.2737367544323206e-13,4.547473508864641e-13
122,0.02978515625,0.15785143463071044,-7.625237671798374e-06,2.2737367544323206e-13,4.547473508864641e-13
123,0.030029296875,0.1578514342051515,-7.6240069717098875e-06,2.2737367544323206e-13,3.979039320256561e-13
124,0.0302734375,0.1578514337795926,-7.622776271621401e-06,2.2737367544323206e-13,3.979039320256561e-13
125,0.030517578125,0.15785143335403368,-7.621545571532915e-06,2.2737367544323206e-13,3.979039320256561e-13
126,0.030761718750000003,0.15785143292847476,-7.620314871444431e-06,2.2737367544323206e-13,3.979039320256561e-13
127,0.031005859375,0.15785143250291586,-7.619084171355945e-06,2.2737367544323206e-13,3.979039320256561e-13
128,0.03125,0.15785143207735694,-7.617853471267459e-06,2.2737367544323206e-13,3.410605131648481e-13
129,0.031494140625,0.15785143165179805,-7.616622771178973e-06,2.2737367544323206e-13,3.410605131648481e-13
130,0.03173828125,0.15785143122623915,-7.6153920710904865e-06,2.2737367544323206e-13,3.410605131648481e-13
131,0.031982421875,0.1578514308006802,-7.614161371002001e-06,2.2737367544323206e-13,3.410605131648481e-13
132,0.0322265625,0.1578514303751213,-7.612930670913515e-06,2.2737367544323206e-13,3.410605131648481e-13
133,0.032470703125,0.15785142994956242,-7.611699970825029e-06,2.2737367544323206e-13,3.410605131648481e-13
134,0.03271484375,0.1578514295240035,-7.610469270736543e-06,2.2737367544323206e-13,2.8421709430404007e-13
135,0.032958984375,0.1578514290984446,-7.609238570648059e-06,2.2737367544323206e-13,2.8421709430404007e-13
136,0.033203125,0.15785142867288565,-7.608007870559573e-06,2.2737367544323206e-13,2.8421709430404007e-13
137,0.033447265625,0.15785142824732673,-7.606777170471086e-06,2.2737367544323206e-13,2.8421709430404007e-13
138,0.03369140625,0.15785142782176784,-7.6055464703826e-06,2.2737367544323206e-13,2.8421709430404007e-13
139,0.033935546875,0.15785142739620892,-7.604315770294116e-06,2.2737367544323206e-13,2.2737367544323206e-13
140,0.0341796875,0.15785142697065002,-7.60308507020563e-06,2.2737367544323206e-13,2.2737367544323206e-13
141,0.034423828125,0.15785142652876832,-7.601827051924159e-06,2.2737367544323206e-13,2.2737367544323206e-13
142,0.03466796875,0.15785142602159546,-7.600459760870754e-06,2.2737367544323206e-13,2.2737367544323206e-13
143,0.034912109375,0.15785142551442263,-7.599092469817347e-06,2.2737367544323206e-13,2.2737367544323206e-13
144,0.03515625,0.1578514250072498,-7.597725178763941e-06,2.2737367544323206e-13,2.2737367544323206e-13
145,0.035400390625,0.15785142450007694,-7.596357887710535e-06,2.2737367544323206e-13,2.2737367544323206e-13
146,0.03564453125,0.1578514239929041,-7.59499059665713e-06,2.2737367544323206e-13,2.2737367544323206e-13
147,0.035888671875,0.15785142348573125,-7.593623305603724e-06,2.2737367544323206e-13,2.2737367544323206e-13
148,0.0361328125,0.15785142297855842,-7.592256014550317e-06,2.2737367544323206e-13,2.2737367544323206e-13
149,0.036376953125,0.15785142247138556,-7.590888723496912e-06,2.2737367544323206e-13,2.2737367544323206e-13
150,0.03662109375,0.1578514219642127,-7.589521432443505e-06,2.2737367544323206e-13,2.2737367544323206e-13
151,0.036865234375,0.15785142145703987,-7.5881541413901e-06,2.2737367544323206e-13,2.2737367544323206e-13
152,0.037109375,0.157851420949867,-7.586786850336695e-06,2.2737367544323206e-13,2.2737367544323206e-13
153,0.037353515625,0.15785142044269415,-7.585419559283287e-06,2.2737367544323206e-13,2.2737367544323206e-13
154,0.03759765625,0.15785141993552135,-7.584052268229882e-06,2.2737367544323206e-13,2.2737367544323206e-13
155,0.037841796875,0.1578514194283485,-7.5826849771764745e-06,2.2737367544323206e-13,2.2737367544323206e-13
156,0.0380859375,0.15785141892117566,-7.581317686123069e-06,2.2737367544323206e-13,2.2737367544323206e-13
157,0.038330078125,0.1578514184140028,-7.579950395069664e-06,2.2737367544323206e-13,2.2737367544323206e-13
158,0.03857421875,0.15785141790682994,-7.578583104016257e-06,2.2737367544323206e-13,2.2737367544323206e-13
159,0.038818359375,0.15785141739965713,-7.577215812962852e-06,2.2737367544323206e-13,2.2737367544323206e-13
160,0.0390625,0.15785141689248428,-7.575848521909447e-06,2.2737367544323206e-13,2.2737367544323206e-13
161,0.039306640625,0.15785141638531142,-7.574481230856039e-06,2.2737367544323206e-13,2.2737367544323206e-13
162,0.03955078124999999,0.15785141587813858,-7.573113939802634e-06,2.2737367544323206e-13,2.2737367544323206e-13
163,0.039794921875,0.15785141537096573,-7.571746648749228e-06,2.2737367544323206e-13,2.2737367544323206e-13
164,0.0400390625,0.15785141486379292,-7.570379357695822e-06,2.2737367544323206e-13,2.2737367544323206e-13
165,0.040283203125,0.15785141435662006,-7.569012066642417e-06,2.2737367544323206e-13,2.2737367544323206e-13
166,0.04052734375,0.1578514138494472,-7.56764477558901e-06,2.2737367544323206e-13,2.2737367544323206e-13
167,0.04077148437499999,0.15785141329447808,-7.566196351301319e-06,2.2737367544323206e-13,2.2737367544323206e-13
168,0.041015625,0.15785141270764483,-7.56469383819077e-06,2.2737367544323206e-13,2.2737367544323206e-13
169,0.041259765625,0.15785141212081152,-7.563191325080221e-06,2.2737367544323206e-13,2.2737367544323206e-13
170,0.04150390625,0.15785141153397825,-7.561688811969672e-06,2.2737367544323206e-13,2.2737367544323206e-13
171,0.041748046875,0.15785141094714494,-7.560186298859123e-06,2.2737367544323206e-13,2.2737367544323206e-13
172,0.04199218749999999,0.1578514103603117,-7.558683785748574e-06,2.2737367544323206e-13,2.2737367544323206e-13
173,0.042236328125,0.1578514097734784,-7.557181272638026e-06,2.2737367544323206e-13,2.2737367544323206e-13
174,0.04248046875,0.1578514091866451,-7.555678759527477e-06,2.2737367544323206e-13,2.2737367544323206e-13
175,0.042724609375,0.15785140859981178,-7.554176246416928e-06,2.2737367544323206e-13,2.2737367544323206e-13
176,0.04296875,0.15785140801297853,-7.5526737333063795e-06,2.2737367544323206e-13,2.2737367544323206e-13
177,0.04321289062499999,0.15785140742614523,-7.551171220195831e-06,2.2737367544323206e-13,2.2737367544323206e-13
178,0.04345703125,0.15785140683931195,-7.549668707085282e-06,2.2737367544323206e-13,2.2737367544323206e-13
179,0.043701171875,0.15785140625247865,-7.548166193974734e-06,2.2737367544323206e-13,2.2737367544323206e-13
180,0.0439453125,0.1578514056656454,-7.546663680864185e-06,2.2737367544323206e-13,2.2737367544323206e-13
181,0.044189453125,0.1578514050788121,-7.545161167753636e-06,2.2737367544323206e-13,2.2737367544323206e-13
182,0.04443359374999999,0.15785140449197882,-7.543658654643088e-06,2.2737367544323206e-13,2.2737367544323206e-13
183,0.044677734375,0.15785140390514554,-7.542156141532538e-06,2.2737367544323206e-13,2.2737367544323206e-13
184,0.044921875,0.15785140331831224,-7.540653628421989e-06,2.2737367544323206e-13,2.2737367544323206e-13
185,0.045166015625,0.15785140273147893,-7.53915111531144e-06,2.2737367544323206e-13,2.2737367544323206e-13
186,0.04541015625,0.15785140214464566,-7.537648602200892e-06,2.2737367544323206e-13,2.2737367544323206e-13
187,0.04565429687499999,0.15785140155781238,-7.536146089090343e-06,2.2737367544323206e-13,2.2737367544323206e-13
188,0.0458984375,0.1578514009709791,-7.534643575979794e-06,2.2737367544323206e-13,2.2737367544323206e-13
189,0.046142578125,0.1578514003841458,-7.533141062869245e-06,2.2737367544323206e-13,2.2737367544323206e-13
190,0.04638671875,0.15785139979731252,-7.531638549758696e-06,2.2737367544323206e-13,2.2737367544323206e-13
191,0.046630859375,0.15785139921047925,-7.530136036648147e-06,2.2737367544323206e-13,2.2737367544323206e-13
192,0.04687500000000001,0.15785139862364597,-7.528633523537599e-06,2.2737367544323206e-13,2.2737367544323206e-13
193,0.047119140625,0.15785139795941058,-7.526997370088212e-06,2.2737367544323206e-13,2.2737367544323206e-13
194,0.04736328125,0.15785139729517517,-7.5253612166388245e-06,2.2737367544323206e-13,2.2737367544323206e-13
195,0.047607421875,0.15785139663093975,-7.523725063189437e-06,2.2737367544323206e-13,2.2737367544323206e-13
196,0.0478515625,0.15785139596670436,-7.52208890974005e-06,2.2737367544323206e-13,2.2737367544323206e-13
197,0.04809570312500001,0.15785139530246894,-7.520452756290662e-06,2.2737367544323206e-13,2.2737367544323206e-13
198,0.04833984375,0.15785139463823356,-7.5188166028412754e-06,2.2737367544323206e-13,2.2737367544323206e-13
199,0.048583984375,0.15785139397399817,-7.517180449391889e-06,2.2737367544323206e-13,2.2737367544323206e-13
200,0.048828125,0.15785139330976275,-7.515544295942501e-06,2.2737367544323206e-13,2.2737367544323206e-13
201,0.049072265625,0.15785139264552733,-7.513908142493113e-06,2.2737367544323206e-13,2.2737367544323206e-13
202,0.04931640625000001,0.15785139198129194,-7.5122719890437255e-06,2.2737367544323206e-13,2.2737367544323206e-13
203,0.049560546875,0.15785139131705656,-7.5106358355943395e-06,2.2737367544323206e-13,2.2737367544323206e-13
204,0.0498046875,0.15785139065282114,-7.508999682144952e-06,2.2737367544323206e-13,2.2737367544323206e-13
205,0.050048828125,0.15785138998858572,-7.507363528695564e-06,2.2737367544323206e-13,2.2737367544323206e-13
206,0.05029296875,0.15785138932435033,-7.505727375246177e-06,2.2737367544323206e-13,2.2737367544323206e-13
207,0.05053710937500001,0.15785138866011494,-7.50409122179679e-06,2.2737367544323206e-13,2.2737367544323206e-13
208,0.05078125,0.15785138799587956,-7.502455068347403e-06,2.2737367544323206e-13,2.2737367544323206e-13
209,0.051025390625,0.15785138733164417,-7.500818914898017e-06,2.2737367544323206e-13,2.2737367544323206e-13
210,0.05126953125,0.15785138666740872,-7.49918276144863e-06,2.2737367544323206e-13,2.2737367544323206e-13
211,0.051513671875,0.15785138600317333,-7.497546607999242e-06,2.2737367544323206e-13,2.2737367544323206e-13
212,0.05175781250000001,0.15785138533893794,-7.4959104545498545e-06,2.2737367544323206e-13,2.2737367544323206e-13
213,0.052001953125,0.15785138467470253,-7.494274301100468e-06,2.2737367544323206e-13,2.2737367544323206e-13
214,0.05224609375,0.15785138401046714,-7.49263814765108e-06,2.2737367544323206e-13,2.2737367544323206e-13
215,0.052490234375,0.15785138334623172,-7.491001994201693e-06,2.2737367544323206e-13,2.2737367544323206e-13
216,0.052734375,0.1578513826819963,-7.489365840752306e-06,2.2737367544323206e-13,2.2737367544323206e-13
217,0.05297851562500001,0.15785138201776092,-7.487729687302919e-06,2.2737367544323206e-13,2.2737367544323206e-13
218,0.05322265625,0.15785138132358534,-7.4860407927597095e-06,2.2737367544323206e-13,2.2737367544323206e-13
219,0.053466796875,0.15785138058449946,-7.484272786575766e-06,2.2737367544323206e-13,2.2737367544323206e-13
220,0.0537109375,0.15785137984541356,-7.482504780391824e-06,2.2737367544323206e-13,2.2737367544323206e-13
221,0.053955078125,0.1578513791063277,-7.4807367742078805e-06,2.2737367544323206e-13,2.2737367544323206e-13
222,0.05419921875000001,0.15785137836724183,-7.478968768023939e-06,2.2737367544323206e-13,2.2737367544323206e-13
223,0.054443359375,0.15785137762815596,-7.477200761839995e-06,2.2737367544323206e-13,2.2737367544323206e-13
224,0.0546875,0.15785137688907006,-7.475432755656053e-06,2.2737367544323206e-13,2.2737367544323206e-13
225,0.054931640625,0.1578513761499842,-7.473664749472111e-06,2.2737367544323206e-13,2.2737367544323206e-13
226,0.05517578125,0.1578513754108983,-7.471896743288167e-06,2.2737367544323206e-13,2.2737367544323206e-13
227,0.05541992187500001,0.15785137467181243,-7.470128737104226e-06,2.2737367544323206e-13,2.2737367544323206e-13
228,0.0556640625,0.15785137393272658,-7.468360730920282e-06,2.2737367544323206e-13,2.2737367544323206e-13
229,0.055908203125,0.1578513731936407,-7.466592724736339e-06,2.2737367544323206e-13,2.2737367544323206e-13
230,0.05615234375,0.15785137245455483,-7.464824718552396e-06,2.2737367544323206e-13,2.2737367544323206e-13
231,0.056396484375,0.15785137171546892,-7.4630567123684545e-06,2.2737367544323206e-13,2.2737367544323206e-13
232,0.05664062500000001,0.15785137097638305,-7.461288706184511e-06,2.2737367544323206e-13,2.2737367544323206e-13
233,0.056884765625,0.15785137023729717,-7.459520700000569e-06,2.2737367544323206e-13,2.2737367544323206e-13
234,0.05712890625,0.1578513694982113,-7.457752693816626e-06,2.2737367544323206e-13,2.2737367544323206e-13
235,0.057373046875,0.15785136875912542,-7.455984687632684e-06,2.2737367544323206e-13,2.2737367544323206e-13
236,0.0576171875,0.15785136802003957,-7.4542166814487415e-06,2.2737367544323206e-13,2.2737367544323206e-13
237,0.05786132812500001,0.15785136728095367,-7.452448675264798e-06,2.2737367544323206e-13,2.2737367544323206e-13
238,0.05810546875,0.1578513665418678,-7.450680669080856e-06,2.2737367544323206e-13,2.2737367544323206e-13
239,0.058349609375,0.1578513658027819,-7.448912662896912e-06,2.2737367544323206e-13,2.2737367544323206e-13
240,0.05859375,0.15785136506369604,-7.447144656712971e-06,2.2737367544323206e-13,2.2737367544323206e-13
241,0.058837890625,0.15785136432461017,-7.4453766505290285e-06,2.2737367544323206e-13,2.2737367544323206e-13
242,0.05908203125000001,0.1578513635855243,-7.443608644345084e-06,2.2737367544323206e-13,2.2737367544323206e-13
243,0.059326171875,0.1578513628464384,-7.441840638161144e-06,2.2737367544323206e-13,2.2737367544323206e-13
244,0.0595703125,0.15785136204974,-7.439968737611238e-06,2.2737367544323206e-13,2.2737367544323206e-13
245,0.059814453125,0.15785136123863852,-7.438070863469842e-06,2.2737367544323206e-13,2.2737367544323206e-13
246,0.06005859375,0.157851360427537,-7.4361729893284466e-06,2.2737367544323206e-13,2.2737367544323206e-13
247,0.06030273437500001,0.15785135961643548,-7.434275115187051e-06,2.2737367544323206e-13,2.2737367544323206e-13
248,0.060546875,0.15785135880533396,-7.432377241045656e-06,2.2737367544323206e-13,2.2737367544323206e-13
249,0.060791015625,0.15785135799423244,-7.43047936690426e-06,2.2737367544323206e-13,2.2737367544323206e-13
250,0.06103515625,0.15785135718313095,-7.428581492762865e-06,2.2737367544323206e-13,2.2737367544323206e-13
251,0.061279296875,0.15785135637202943,-7.426683618621469e-06,2.2737367544323206e-13,2.2737367544323206e-13
252,0.06152343750000001,0.15785135556092791,-7.424785744480075e-06,2.2737367544323206e-13,2.2737367544323206e-13
253,0.061767578125,0.15785135474982642,-7.422887870338679e-06,2.2737367544323206e-13,2.2737367544323206e-13
254,0.06201171875,0.15785135393872493,-7.420989996197284e-06,2.2737367544323206e-13,2.2737367544323206e-13
255,0.062255859375,0.15785135312762336,-7.419092122055889e-06,2.2737367544323206e-13,2.2737367544323206e-13
256,0.0625,0.15785135231652186,-7.417194247914492e-06,2.2737367544323206e-13,2.2737367544323206e-13
257,0.062744140625,0.15785135150542037,-7.4152963737730965e-06,2.2737367544323206e-13,2.2737367544323206e-13
258,0.06298828125,0.15785135069431883,-7.413398499631701e-06,2.2737367544323206e-13,2.2737367544323206e-13
259,0.063232421875,0.15785134988321733,-7.411500625490305e-06,2.2737367544323206e-13,2.2737367544323206e-13
260,0.0634765625,0.15785134907211584,-7.40960275134891e-06,2.2737367544323206e-13,2.2737367544323206e-13
261,0.063720703125,0.15785134826101432,-7.4077048772075155e-06,2.2737367544323206e-13,2.2737367544323206e-13
262,0.06396484375,0.15785134744991278,-7.405807003066121e-06,2.2737367544323206e-13,2.2737367544323206e-13
263,0.064208984375,0.15785134663881129,-7.403909128924725e-06,2.2737367544323206e-13,2.2737367544323206e-13
264,0.064453125,0.15785134582770977,-7.402011254783329e-06,2.2737367544323206e-13,2.2737367544323206e-13
265,0.064697265625,0.15785134501660825,-7.400113380641934e-06,2.2737367544323206e-13,2.2737367544323206e-13
266,0.06494140625,0.15785134420550676,-7.398215506500538e-06,2.2737367544323206e-13,2.2737367544323206e-13
267,0.065185546875,0.15785134339440524,-7.396317632359143e-06,2.2737367544323206e-13,2.2737367544323206e-13
268,0.0654296875,0.15785134258330374,-7.394419758217747e-06,2.2737367544323206e-13,2.2737367544323206e-13
269,0.065673828125,0.1578513417584201,-7.392496345076808e-06,2.2737367544323206e-13,2.2737367544323206e-13
270,0.06591796875,0.15785134087840813,-7.390470775937698e-06,2.2737367544323206e-13,2.2737367544323206e-13
271,0.066162109375,0.15785133999839618,-7.388445206798586e-06,2.2737367544323206e-13,2.2737367544323206e-13
272,0.06640625,0.15785133911838423,-7.3864196376594745e-06,2.2737367544323206e-13,2.2737367544323206e-13
273,0.066650390625,0.15785133823837225,-7.384394068520363e-06,2.2737367544323206e-13,2.2737367544323206e-13
274,0.06689453125,0.1578513373583603,-7.382368499381253e-06,2.2737367544323206e-13,2.2737367544323206e-13
275,0.067138671875,0.15785133647834831,-7.3803429302421404e-06,2.2737367544323206e-13,2.2737367544323206e-13
276,0.0673828125,0.15785133559833633,-7.378317361103029e-06,2.2737367544323206e-13,2.2737367544323206e-13
277,0.067626953125,0.1578513347183244,-7.376291791963918e-06,2.2737367544323206e-13,2.2737367544323206e-13
278,0.06787109375,0.15785133383831243,-7.374266222824807e-06,2.2737367544323206e-13,2.2737367544323206e-13
279,0.068115234375,0.15785133295830045,-7.3722406536856955e-06,2.2737367544323206e-13,2.2737367544323206e-13
280,0.068359375,0.15785133207828847,-7.370215084546584e-06,2.2737367544323206e-13,2.2737367544323206e-13
281,0.068603515625,0.1578513311982765,-7.368189515407472e-06,2.2737367544323206e-13,2.2737367544323206e-13
282,0.06884765625,0.15785133031826454,-7.3661639462683605e-06,2.2737367544323206e-13,2.2737367544323206e-13
283,0.069091796875,0.15785132943825256,-7.364138377129251e-06,2.2737367544323206e-13,2.2737367544323206e-13
284,0.0693359375,0.1578513285582406,-7.362112807990138e-06,2.2737367544323206e-13,2.2737367544323206e-13
285,0.069580078125,0.15785132767822863,-7.360087238851026e-06,2.2737367544323206e-13,2.2737367544323206e-13
286,0.06982421875,0.15785132679821665,-7.358061669711916e-06,2.2737367544323206e-13,2.2737367544323206e-13
287,0.070068359375,0.15785132591820472,-7.356036100572805e-06,2.2737367544323206e-13,2.2737367544323206e-13
288,0.0703125,0.15785132503819274,-7.354010531433694e-06,2.2737367544323206e-13,2.2737367544323206e-13
289,0.070556640625,0.15785132415818076,-7.3519849622945815e-06,2.2737367544323206e-13,2.2737367544323206e-13
290,0.07080078125,0.1578513232781688,-7.34995939315547e-06,2.2737367544323206e-13,2.2737367544323206e-13
291,0.071044921875,0.15785132239815683,-7.347933824016358e-06,2.2737367544323206e-13,2.2737367544323206e-13
292,0.0712890625,0.15785132151814485,-7.345908254877248e-06,2.2737367544323206e-13,2.2737367544323206e-13
293,0.071533203125,0.15785132063813292,-7.343882685738136e-06,2.2737367544323206e-13,2.2737367544323206e-13
294,0.07177734375,0.15785131975812094,-7.341857116599024e-06,2.2737367544323206e-13,2.2737367544323206e-13
295,0.072021484375,0.15785131883878054,-7.3397563412260565e-06,2.2737367544323206e-13,2.2737367544323206e-13
296,0.072265625,0.15785131789322127,-7.337605428363851e-06,2.2737367544323206e-13,2.2737367544323206e-13
297,0.072509765625,0.15785131694766194,-7.335454515501644e-06,2.2737367544323206e-13,2.2737367544323206e-13
298,0.07275390625,0.15785131600210264,-7.333303602639437e-06,2.2737367544323206e-13,2.2737367544323206e-13
299,0.072998046875,0.15785131505654335,-7.331152689777231e-06,2.2737367544323206e-13,2.2737367544323206e-13
300,0.0732421875,0.15785131411098402,-7.3290017769150236e-06,2.2737367544323206e-13,2.2737367544323206e-13
301,0.073486328125,0.15785131316542472,-7.326850864052818e-06,2.2737367544323206e-13,2.2737367544323206e-13
302,0.07373046875,0.1578513122198654,-7.324699951190611e-06,2.2737367544323206e-13,2.2737367544323206e-13
303,0.073974609375,0.15785131127430613,-7.322549038328404e-06,2.2737367544323206e-13,2.2737367544323206e-13
304,0.07421875,0.1578513103287468,-7.320398125466198e-06,2.2737367544323206e-13,2.2737367544323206e-13
305,0.074462890625,0.15785130938318753,-7.318247212603991e-06,2.2737367544323206e-13,2.2737367544323206e-13
306,0.07470703125,0.1578513084376282,-7.316096299741784e-06,2.2737367544323206e-13,2.2737367544323206e-13
307,0.074951171875,0.15785130749206888,-7.313945386879578e-06,2.2737367544323206e-13,2.2737367544323206e-13
308,0.0751953125,0.15785130654650958,-7.311794474017371e-06,2.2737367544323206e-13,2.2737367544323206e-13
309,0.075439453125,0.15785130560095026,-7.309643561155165e-06,2.2737367544323206e-13,2.2737367544323206e-13
310,0.07568359375,0.157851304655391,-7.307492648292958e-06,2.2737367544323206e-13,2.2737367544323206e-13
311,0.075927734375,0.1578513037098317,-7.3053417354307515e-06,2.2737367544323206e-13,2.2737367544323206e-13
312,0.076171875,0.1578513027642724,-7.303190822568544e-06,2.2737367544323206e-13,2.2737367544323206e-13
313,0.076416015625,0.15785130181871307,-7.30103990970634e-06,2.2737367544323206e-13,2.2737367544323206e-13
314,0.07666015625,0.15785130087315374,-7.298888996844133e-06,2.2737367544323206e-13,2.2737367544323206e-13
315,0.076904296875,0.15785129992759445,-7.2967380839819265e-06,2.2737367544323206e-13,2.2737367544323206e-13
316,0.0771484375,0.15785129898203515,-7.294587171119719e-06,2.2737367544323206e-13,2.2737367544323206e-13
317,0.077392578125,0.15785129803647588,-7.292436258257513e-06,2.2737367544323206e-13,2.2737367544323206e-13
318,0.07763671875,0.15785129709091655,-7.290285345395307e-06,2.2737367544323206e-13,2.2737367544323206e-13
319,0.077880859375,0.15785129614535723,-7.2881344325331e-06,2.2737367544323206e-13,2.2737367544323206e-13
320,0.078125,0.15785129519979793,-7.2859835196708935e-06,2.2737367544323206e-13,2.2737367544323206e-13
321,0.078369140625,0.1578512941922985,-7.283709782534403e-06,2.2737367544323206e-13,2.2737367544323206e-13
322,0.07861328125,0.15785129318479912,-7.281436045397913e-06,2.2737367544323206e-13,2.2737367544323206e-13
323,0.078857421875,0.15785129217729968,-7.279162308261424e-06,2.2737367544323206e-13,2.2737367544323206e-13
324,0.07910156249999999,0.15785129116980026,-7.276888571124934e-06,2.2737367544323206e-13,2.2737367544323206e-13
325,0.079345703125,0.15785129016230084,-7.274614833988443e-06,2.2737367544323206e-13,2.2737367544323206e-13
326,0.07958984375,0.15785128915480143,-7.272341096851953e-06,2.2737367544323206e-13,2.2737367544323206e-13
327,0.079833984375,0.15785128814730198,-7.270067359715463e-06,2.2737367544323206e-13,2.2737367544323206e-13
328,0.080078125,0.1578512871398026,-7.267793622578974e-06,2.2737367544323206e-13,2.2737367544323206e-13
329,0.08032226562499999,0.15785128613230318,-7.265519885442483e-06,2.2737367544323206e-13,2.2737367544323206e-13
330,0.08056640625,0.1578512851248038,-7.2632461483059935e-06,2.2737367544323206e-13,2.2737367544323206e-13
331,0.080810546875,0.15785128411730434,-7.2609724111695036e-06,2.2737367544323206e-13,2.2737367544323206e-13
332,0.0810546875,0.1578512831098049,-7.2586986740330145e-06,2.2737367544323206e-13,2.2737367544323206e-13
333,0.081298828125,0.1578512821023055,-7.256424936896524e-06,2.2737367544323206e-13,2.2737367544323206e-13
334,0.08154296874999999,0.1578512810948061,-7.254151199760034e-06,2.2737367544323206e-13,2.2737367544323206e-13
335,0.081787109375,0.1578512800873067,-7.251877462623544e-06,2.2737367544323206e-13,2.2737367544323206e-13
336,0.08203125,0.15785127907980726,-7.249603725487053e-06,2.2737367544323206e-13,2.2737367544323206e-13
337,0.082275390625,0.15785127807230784,-7.247329988350564e-06,2.2737367544323206e-13,2.2737367544323206e-13
338,0.08251953125,0.15785127706480842,-7.245056251214074e-06,2.2737367544323206e-13,2.2737367544323206e-13
339,0.08276367187499999,0.157851276057309,-7.242782514077584e-06,2.2737367544323206e-13,2.2737367544323206e-13
340,0.0830078125,0.1578512750498096,-7.2405087769410935e-06,2.2737367544323206e-13,2.2737367544323206e-13
341,0.083251953125,0.15785127404231017,-7.2382350398046035e-06,2.2737367544323206e-13,2.2737367544323206e-13
342,0.08349609375,0.15785127303481075,-7.2359613026681145e-06,2.2737367544323206e-13,2.2737367544323206e-13
343,0.083740234375,0.15785127202731136,-7.2336875655316245e-06,2.2737367544323206e-13,2.2737367544323206e-13
344,0.08398437499999999,0.15785127101981192,-7.231413828395134e-06,2.2737367544323206e-13,2.2737367544323206e-13
345,0.084228515625,0.1578512700123125,-7.229140091258644e-06,2.2737367544323206e-13,2.2737367544323206e-13
346,0.08447265625,0.1578512689815717,-7.226818295494407e-06,2.2737367544323206e-13,2.2737367544323206e-13
347,0.084716796875,0.1578512679159688,-7.224424411788552e-06,2.2737367544323206e-13,2.2737367544323206e-13
348,0.0849609375,0.15785126685036593,-7.222030528082695e-06,2.2737367544323206e-13,2.2737367544323206e-13
349,0.08520507812499999,0.15785126578476302,-7.219636644376839e-06,2.2737367544323206e-13,2.2737367544323206e-13
350,0.08544921875,0.15785126471916014,-7.217242760670983e-06,2.2737367544323206e-13,2.2737367544323206e-13
351,0.085693359375,0.15785126365355726,-7.214848876965126e-06,2.2737367544323206e-13,2.2737367544323206e-13
352,0.0859375,0.15785126258795437,-7.21245499325927e-06,2.2737367544323206e-13,2.2737367544323206e-13
353,0.086181640625,0.15785126152235152,-7.210061109553414e-06,2.2737367544323206e-13,2.2737367544323206e-13
354,0.08642578124999999,0.1578512604567486,-7.207667225847558e-06,2.2737367544323206e-13,2.2737367544323206e-13
355,0.086669921875,0.15785125939114572,-7.205273342141701e-06,2.2737367544323206e-13,2.2737367544323206e-13
356,0.0869140625,0.1578512583255428,-7.202879458435846e-06,2.2737367544323206e-13,2.2737367544323206e-13
357,0.087158203125,0.15785125725993993,-7.200485574729989e-06,2.2737367544323206e-13,2.2737367544323206e-13
358,0.08740234375,0.15785125619433704,-7.198091691024133e-06,2.2737367544323206e-13,2.2737367544323206e-13
359,0.08764648437499999,0.15785125512873416,-7.195697807318277e-06,2.2737367544323206e-13,2.2737367544323206e-13
360,0.087890625,0.15785125406313127,-7.19330392361242e-06,2.2737367544323206e-13,2.2737367544323206e-13
361,0.088134765625,0.15785125299752836,-7.190910039906564e-06,2.2737367544323206e-13,2.2737367544323206e-13
362,0.08837890625,0.1578512519319255,-7.1885161562007075e-06,2.2737367544323206e-13,2.2737367544323206e-13
363,0.088623046875,0.1578512508663226,-7.186122272494852e-06,2.2737367544323206e-13,2.2737367544323206e-13
364,0.08886718749999999,0.1578512498007197,-7.1837283887889955e-06,2.2737367544323206e-13,2.2737367544323206e-13
365,0.089111328125,0.15785124873511686,-7.181334505083139e-06,2.2737367544323206e-13,2.2737367544323206e-13
366,0.08935546875,0.15785124766951394,-7.178940621377284e-06,2.2737367544323206e-13,2.2737367544323206e-13
367,0.089599609375,0.15785124660391106,-7.176546737671426e-06,2.2737367544323206e-13,2.2737367544323206e-13
368,0.08984375,0.15785124553830815,-7.17415285396557e-06,2.2737367544323206e-13,2.2737367544323206e-13
369,0.09008789062499999,0.15785124447270527,-7.171758970259714e-06,2.2737367544323206e-13,2.2737367544323206e-13
370,0.09033203125,0.15785124340710238,-7.169365086553858e-06,2.2737367544323206e-13,2.2737367544323206e-13
371,0.090576171875,0.15785124234149953,-7.166971202848002e-06,2.2737367544323206e-13,2.2737367544323206e-13
372,0.0908203125,0.15785124123265484,-7.164483463749601e-06,2.2737367544323206e-13,2.2737367544323206e-13
373,0.091064453125,0.1578512401129997,-7.161972260803063e-06,2.2737367544323206e-13,2.2737367544323206e-13
374,0.09130859374999999,0.15785123899334458,-7.159461057856526e-06,2.2737367544323206e-13,2.2737367544323206e-13
375,0.091552734375,0.1578512378736895,-7.1569498549099885e-06,2.2737367544323206e-13,2.2737367544323206e-13
376,0.091796875,0.15785123675403437,-7.154438651963452e-06,2.2737367544323206e-13,2.2737367544323206e-13
377,0.092041015625,0.15785123563437925,-7.151927449016913e-06,2.2737367544323206e-13,2.2737367544323206e-13
378,0.09228515625,0.1578512345147241,-7.149416246070376e-06,2.2737367544323206e-13,2.2737367544323206e-13
379,0.09252929687499999,0.15785123339506898,-7.1469050431238395e-06,2.2737367544323206e-13,2.2737367544323206e-13
380,0.0927734375,0.15785123227541387,-7.144393840177302e-06,2.2737367544323206e-13,2.2737367544323206e-13
381,0.093017578125,0.15785123115575875,-7.141882637230765e-06,2.2737367544323206e-13,2.2737367544323206e-13
382,0.09326171875,0.15785123003610363,-7.139371434284227e-06,2.2737367544323206e-13,2.2737367544323206e-13
383,0.093505859375,0.15785122891644848,-7.1368602313376905e-06,2.2737367544323206e-13,2.2737367544323206e-13
384,0.09375000000000001,0.1578512277967934,-7.134349028391151e-06,2.2737367544323206e-13,2.2737367544323206e-13
385,0.093994140625,0.15785122667713827,-7.131837825444615e-06,2.2737367544323206e-13,2.2737367544323206e-13
386,0.09423828125,0.15785122555748315,-7.129326622498077e-06,2.2737367544323206e-13,2.2737367544323206e-13
387,0.094482421875,0.15785122443782804,-7.126815419551541e-06,2.2737367544323206e-13,2.2737367544323206e-13
388,0.0947265625,0.15785122331817292,-7.1243042166050015e-06,2.2737367544323206e-13,2.2737367544323206e-13
389,0.09497070312500001,0.1578512221985178,-7.121793013658465e-06,2.2737367544323206e-13,2.2737367544323206e-13
390,0.09521484375,0.15785122107886265,-7.119281810711928e-06,2.2737367544323206e-13,2.2737367544323206e-13
391,0.095458984375,0.15785121995920753,-7.116770607765391e-06,2.2737367544323206e-13,2.2737367544323206e-13
392,0.095703125,0.15785121883955242,-7.114259404818853e-06,2.2737367544323206e-13,2.2737367544323206e-13
393,0.095947265625,0.15785121771989732,-7.111748201872316e-06,2.2737367544323206e-13,2.2737367544323206e-13
394,0.09619140625000001,0.1578512166002422,-7.109236998925779e-06,2.2737367544323206e-13,2.2737367544323206e-13
395,0.096435546875,0.15785121548058706,-7.10672579597924e-06,2.2737367544323206e-13,2.2737367544323206e-13
396,0.0966796875,0.15785121436093194,-7.1042145930327035e-06,2.2737367544323206e-13,2.2737367544323206e-13
397,0.096923828125,0.15785121323131637,-7.101680519938278e-06,2.2737367544323206e-13,2.2737367544323206e-13
398,0.09716796875,0.15785121206185898,-7.099054966252299e-06,2.2737367544323206e-13,2.2737367544323206e-13
399,0.09741210937500001,0.1578512108924016,-7.096429412566321e-06,2.2737367544323206e-13,2.2737367544323206e-13
400,0.09765625,0.15785120972294422,-7.093803858880343e-06,2.2737367544323206e-13,2.2737367544323206e-13
401,0.097900390625,0.15785120855348683,-7.091178305194364e-06,2.2737367544323206e-13,2.2737367544323206e-13
402,0.09814453125,0.15785120738402944,-7.0885527515083845e-06,2.2737367544323206e-13,2.2737367544323206e-13
403,0.098388671875,0.15785120621457208,-7.085927197822406e-06,2.2737367544323206e-13,2.2737367544323206e-13
404,0.09863281250000001,0.15785120504511468,-7.0833016441364266e-06,2.2737367544323206e-13,2.2737367544323206e-13
405,0.098876953125,0.15785120387565726,-7.08067609045045e-06,2.2737367544323206e-13,2.2737367544323206e-13
406,0.09912109375,0.15785120270619993,-7.07805053676447e-06,2.2737367544323206e-13,2.2737367544323206e-13
407,0.099365234375,0.1578512015367425,-7.075424983078493e-06,2.2737367544323206e-13,2.2737367544323206e-13
408,0.099609375,0.15785120036728512,-7.072799429392513e-06,2.2737367544323206e-13,2.2737367544323206e-13
409,0.09985351562500001,0.15785119919782772,-7.070173875706535e-06,2.2737367544323206e-13,2.2737367544323206e-13
410,0.10009765625,0.15785119802837036,-7.067548322020556e-06,2.2737367544323206e-13,2.2737367544323206e-13
411,0.100341796875,0.15785119685891294,-7.064922768334578e-06,2.2737367544323206e-13,2.2737367544323206e-13
412,0.1005859375,0.15785119568945558,-7.062297214648599e-06,2.2737367544323206e-13,2.2737367544323206e-13
413,0.100830078125,0.15785119451999818,-7.05967166096262e-06,2.2737367544323206e-13,2.2737367544323206e-13
414,0.10107421875000001,0.1578511933505408,-7.057046107276641e-06,2.2737367544323206e-13,2.2737367544323206e-13
415,0.101318359375,0.1578511921810834,-7.054420553590664e-06,2.2737367544323206e-13,2.2737367544323206e-13
416,0.1015625,0.15785119101162604,-7.051794999904685e-06,2.2737367544323206e-13,2.2737367544323206e-13
417,0.101806640625,0.15785118984216864,-7.049169446218705e-06,2.2737367544323206e-13,2.2737367544323206e-13
418,0.10205078125,0.15785118867271125,-7.046543892532728e-06,2.2737367544323206e-13,2.2737367544323206e-13
419,0.10229492187500001,0.1578511875032539,-7.043918338846748e-06,2.2737367544323206e-13,2.2737367544323206e-13
420,0.1025390625,0.15785118633379647,-7.04129278516077e-06,2.2737367544323206e-13,2.2737367544323206e-13
421,0.102783203125,0.1578511851643391,-7.03866723147479e-06,2.2737367544323206e-13,2.2737367544323206e-13
422,0.10302734375,0.1578511839948817,-7.036041677788813e-06,2.2737367544323206e-13,2.2737367544323206e-13
423,0.103271484375,0.15785118279820243,-7.033349360190358e-06,2.2737367544323206e-13,2.2737367544323206e-13
424,0.10351562500000001,0.15785118158337527,-7.030612533316922e-06,2.2737367544323206e-13,2.2737367544323206e-13
425,0.103759765625,0.15785118036854806,-7.027875706443484e-06,2.2737367544323206e-13,2.2737367544323206e-13
426,0.10400390625,0.1578511791537209,-7.025138879570049e-06,2.2737367544323206e-13,2.2737367544323206e-13
427,0.104248046875,0.15785117793889372,-7.022402052696611e-06,2.2737367544323206e-13,2.2737367544323206e-13
428,0.1044921875,0.15785117672406654,-7.019665225823175e-06,2.2737367544323206e-13,2.2737367544323206e-13
429,0.10473632812500001,0.15785117550923933,-7.016928398949737e-06,2.2737367544323206e-13,2.2737367544323206e-13
430,0.10498046875,0.15785117429441214,-7.014191572076299e-06,2.2737367544323206e-13,2.2737367544323206e-13
431,0.105224609375,0.157851173079585,-7.011454745202863e-06,2.2737367544323206e-13,2.2737367544323206e-13
432,0.10546875,0.1578511718647578,-7.008717918329425e-06,2.2737367544323206e-13,2.2737367544323206e-13
433,0.105712890625,0.15785117064993062,-7.00598109145599e-06,2.2737367544323206e-13,2.2737367544323206e-13
434,0.10595703125000001,0.15785116943510344,-7.003244264582552e-06,2.2737367544323206e-13,2.2737367544323206e-13
435,0.106201171875,0.15785116822027626,-7.0005074377091156e-06,2.2737367544323206e-13,2.2737367544323206e-13
436,0.1064453125,0.15785116700544904,-6.997770610835678e-06,2.2737367544323206e-13,2.2737367544323206e-13
437,0.106689453125,0.1578511657906219,-6.99503378396224e-06,2.2737367544323206e-13,2.2737367544323206e-13
438,0.10693359375,0.15785116457579473,-6.992296957088804e-06,2.2737367544323206e-13,2.2737367544323206e-13
439,0.10717773437500001,0.15785116336096752,-6.989560130215366e-06,2.2737367544323206e-13,2.2737367544323206e-13
440,0.107421875,0.15785116214614034,-6.98682330334193e-06,2.2737367544323206e-13,2.2737367544323206e-13
441,0.107666015625,0.15785116093131316,-6.9840864764684925e-06,2.2737367544323206e-13,2.2737367544323206e-13
442,0.10791015625,0.15785115971648594,-6.981349649595055e-06,2.2737367544323206e-13,2.2737367544323206e-13
443,0.108154296875,0.1578511585016588,-6.978612822721618e-06,2.2737367544323206e-13,2.2737367544323206e-13
444,0.10839843750000001,0.1578511572868316,-6.9758759958481805e-06,2.2737367544323206e-13,2.2737367544323206e-13
445,0.108642578125,0.15785115607200445,-6.973139168974744e-06,2.2737367544323206e-13,2.2737367544323206e-13
446,0.10888671875,0.15785115485717724,-6.9704023421013064e-06,2.2737367544323206e-13,2.2737367544323206e-13
447,0.109130859375,0.15785115364235006,-6.96766551522787e-06,2.2737367544323206e-13,2.2737367544323206e-13
448,0.109375,0.15785115242752287,-6.964928688354433e-06,2.2737367544323206e-13,2.2737367544323206e-13
449,0.10961914062500001,0.15785115117192203,-6.96208379552674e-06,2.2737367544323206e-13,2.2737367544323206e-13
450,0.10986328125,0.15785114991632115,-6.959238902699046e-06,2.2737367544323206e-13,2.2737367544323206e-13
451,0.110107421875,0.1578511486607203,-6.956394009871353e-06,2.2737367544323206e-13,2.2737367544323206e-13
452,0.1103515625,0.15785114740511946,-6.95354911704366e-06,2.2737367544323206e-13,2.2737367544323206e-13
453,0.110595703125,0.15785114614951856,-6.950704224215966e-06,2.2737367544323206e-13,2.2737367544323206e-13
454,0.11083984375000001,0.15785114489391774,-6.947859331388272e-06,2.2737367544323206e-13,2.2737367544323206e-13
455,0.111083984375,0.15785114363831687,-6.94501443856058e-06,2.2737367544323206e-13,2.2737367544323206e-13
456,0.111328125,0.15785114238271603,-6.942169545732885e-06,2.2737367544323206e-13,2.2737367544323206e-13
457,0.111572265625,0.15785114112711512,-6.939324652905193e-06,2.2737367544323206e-13,2.2737367544323206e-13
458,0.11181640625,0.1578511398715143,-6.9364797600775e-06,2.2737367544323206e-13,2.2737367544323206e-13
459,0.11206054687500001,0.15785113861591343,-6.933634867249805e-06,2.2737367544323206e-13,2.2737367544323206e-13
460,0.1123046875,0.1578511373603126,-6.930789974422112e-06,2.2737367544323206e-13,2.2737367544323206e-13
461,0.112548828125,0.15785113610471174,-6.927945081594419e-06,2.2737367544323206e-13,2.2737367544323206e-13
462,0.11279296875,0.15785113484911087,-6.925100188766726e-06,2.2737367544323206e-13,2.2737367544323206e-13
463,0.113037109375,0.15785113359351002,-6.922255295939031e-06,2.2737367544323206e-13,2.2737367544323206e-13
464,0.11328125000000001,0.15785113233790915,-6.919410403111338e-06,2.2737367544323206e-13,2.2737367544323206e-13
465,0.113525390625,0.15785113108230833,-6.9165655102836455e-06,2.2737367544323206e-13,2.2737367544323206e-13
466,0.11376953125,0.15785112982670743,-6.913720617455951e-06,2.2737367544323206e-13,2.2737367544323206e-13
467,0.114013671875,0.15785112857110659,-6.9108757246282585e-06,2.2737367544323206e-13,2.2737367544323206e-13
468,0.1142578125,0.1578511273155057,-6.908030831800565e-06,2.2737367544323206e-13,2.2737367544323206e-13
469,0.11450195312500001,0.1578511260599049,-6.905185938972871e-06,2.2737367544323206e-13,2.2737367544323206e-13
470,0.11474609375,0.157851124804304,-6.902341046145177e-06,2.2737367544323206e-13,2.2737367544323206e-13
471,0.114990234375,0.15785112354870315,-6.8994961533174846e-06,2.2737367544323206e-13,2.2737367544323206e-13
472,0.115234375,0.1578511222931023,-6.896651260489791e-06,2.2737367544323206e-13,2.2737367544323206e-13
473,0.115478515625,0.15785112103750143,-6.8938063676620976e-06,2.2737367544323206e-13,2.2737367544323206e-13
474,0.11572265625000001,0.15785111976748425,-6.890919488701671e-06,2.2737367544323206e-13,2.2737367544323206e-13
475,0.115966796875,0.1578511184758426,-6.887969630542147e-06,2.2737367544323206e-13,2.2737367544323206e-13
476,0.1162109375,0.15785111718420095,-6.88501977238262e-06,2.2737367544323206e-13,2.2737367544323206e-13
477,0.116455078125,0.15785111589255926,-6.882069914223094e-06,2.2737367544323206e-13,2.2737367544323206e-13
478,0.11669921875,0.15785111460091764,-6.879120056063568e-06,2.2737367544323206e-13,2.2737367544323206e-13
479,0.11694335937500001,0.15785111330927595,-6.876170197904043e-06,2.2737367544323206e-13,2.2737367544323206e-13
480,0.1171875,0.1578511120176343,-6.873220339744518e-06,2.2737367544323206e-13,2.2737367544323206e-13
481,0.117431640625,0.15785111072599262,-6.8702704815849915e-06,2.2737367544323206e-13,2.2737367544323206e-13
482,0.11767578125,0.157851109434351,-6.867320623425466e-06,2.2737367544323206e-13,2.2737367544323206e-13
483,0.117919921875,0.1578511081427093,-6.86437076526594e-06,2.2737367544323206e-13,2.2737367544323206e-13
484,0.11816406250000001,0.15785110685106765,-6.861420907106414e-06,2.2737367544323206e-13,2.2737367544323206e-13
485,0.118408203125,0.157851105559426,-6.8584710489468885e-06,2.2737367544323206e-13,2.2737367544323206e-13
486,0.11865234375,0.15785110426778434,-6.8555211907873635e-06,2.2737367544323206e-13,2.2737367544323206e-13
487,0.118896484375,0.15785110297614266,-6.852571332627838e-06,2.2737367544323206e-13,2.2737367544323206e-13
488,0.119140625,0.157851101684501,-6.849621474468312e-06,2.2737367544323206e-13,2.2737367544323206e-13
489,0.11938476562500001,0.15785110039285935,-6.846671616308786e-06,2.2737367544323206e-13,2.2737367544323206e-13
490,0.11962890625,0.1578510991012177,-6.8437217581492605e-06,2.2737367544323206e-13,2.2737367544323206e-13
491,0.119873046875,0.15785109780957604,-6.840771899989736e-06,2.2737367544323206e-13,2.2737367544323206e-13
492,0.1201171875,0.15785109651793439,-6.83782204183021e-06,2.2737367544323206e-13,2.2737367544323206e-13
493,0.120361328125,0.1578510952262927,-6.834872183670683e-06,2.2737367544323206e-13,2.2737367544323206e-13
494,0.12060546875000001,0.15785109393465105,-6.831922325511158e-06,2.2737367544323206e-13,2.2737367544323206e-13
495,0.120849609375,0.15785109264300942,-6.8289724673516325e-06,2.2737367544323206e-13,2.2737367544323206e-13
496,0.12109375,0.15785109135136774,-6.826022609192108e-06,2.2737367544323206e-13,2.2737367544323206e-13
497,0.121337890625,0.15785109005972608,-6.823072751032582e-06,2.2737367544323206e-13,2.2737367544323206e-13
498,0.12158203125,0.1578510887680844,-6.820122892873055e-06,2.2737367544323206e-13,2.2737367544323206e-13
499,0.12182617187500001,0.15785108747644278,-6.81717303471353e-06,2.2737367544323206e-13,2.2737367544323206e-13
500,0.1220703125,0.15785108615987897,-6.814142047182667e-06,2.2737367544323206e-13,2.2737367544323206e-13
501,0.122314453125,0.15785108483708463,-6.811090777308969e-06,2.2737367544323206e-13,2.2737367544323206e-13
502,0.12255859375,0.1578510835142903,-6.808039507435271e-06,2.2737367544323206e-13,2.2737367544323206e-13
503,0.122802734375,0.15785108219149596,-6.8049882375615715e-06,2.2737367544323206e-13,2.2737367544323206e-13
504,0.12304687500000001,0.15785108086870164,-6.801936967687874e-06,2.2737367544323206e-13,2.2737367544323206e-13
505,0.123291015625,0.15785107954590732,-6.798885697814175e-06,2.2737367544323206e-13,2.2737367544323206e-13
506,0.12353515625,0.15785107822311295,-6.795834427940477e-06,2.2737367544323206e-13,2.2737367544323206e-13
507,0.123779296875,0.15785107690031863,-6.792783158066779e-06,2.2737367544323206e-13,2.2737367544323206e-13
508,0.1240234375,0.1578510755775243,-6.7897318881930795e-06,2.2737367544323206e-13,2.2737367544323206e-13
509,0.12426757812500001,0.15785107425473,-6.786680618319382e-06,2.2737367544323206e-13,2.2737367544323206e-13
510,0.12451171875,0.15785107293193565,-6.783629348445684e-06,2.2737367544323206e-13,2.2737367544323206e-13
511,0.124755859375,0.1578510716091413,-6.780578078571985e-06,2.2737367544323206e-13,2.2737367544323206e-13
512,0.125,0.15785107028634698,-6.777526808698285e-06,2.2737367544323206e-13,2.2737367544323206e-13
513,0.125244140625,0.15785106896355264,-6.774475538824587e-06,2.2737367544323206e-13,2.2737367544323206e-13
514,0.12548828125,0.1578510676407583,-6.771424268950888e-06,2.2737367544323206e-13,2.2737367544323206e-13
515,0.125732421875,0.15785106631796397,-6.76837299907719e-06,2.2737367544323206e-13,2.2737367544323206e-13
516,0.1259765625,0.15785106499516965,-6.765321729203492e-06,2.2737367544323206e-13,2.2737367544323206e-13
517,0.126220703125,0.15785106367237528,-6.762270459329793e-06,2.2737367544323206e-13,2.2737367544323206e-13
518,0.12646484375,0.15785106234958096,-6.7592191894560955e-06,2.2737367544323206e-13,2.2737367544323206e-13
519,0.126708984375,0.15785106102678664,-6.756167919582396e-06,2.2737367544323206e-13,2.2737367544323206e-13
520,0.126953125,0.15785105970399232,-6.753116649708698e-06,2.2737367544323206e-13,2.2737367544323206e-13
521,0.127197265625,0.15785105838119798,-6.750065379835e-06,2.2737367544323206e-13,2.2737367544323206e-13
522,0.12744140625,0.15785105705840363,-6.747014109961301e-06,2.2737367544323206e-13,2.2737367544323206e-13
523,0.127685546875,0.1578510557356093,-6.7439628400876036e-06,2.2737367544323206e-13,2.2737367544323206e-13
524,0.1279296875,0.157851054412815,-6.740911570213904e-06,2.2737367544323206e-13,2.2737367544323206e-13
525,0.128173828125,0.1578510530847883,-6.737840701847988e-06,2.2737367544323206e-13,2.2737367544323206e-13
526,0.12841796875,0.1578510517358322,-6.734691439513195e-06,2.2737367544323206e-13,2.2737367544323206e-13
527,0.128662109375,0.15785105038687608,-6.731542177178401e-06,2.2737367544323206e-13,2.2737367544323206e-13
528,0.12890625,0.15785104903791994,-6.728392914843608e-06,2.2737367544323206e-13,2.2737367544323206e-13
529,0.129150390625,0.15785104768896382,-6.725243652508814e-06,2.2737367544323206e-13,2.2737367544323206e-13
530,0.12939453125,0.1578510463400077,-6.722094390174022e-06,2.2737367544323206e-13,2.2737367544323206e-13
531,0.129638671875,0.1578510449910516,-6.718945127839228e-06,2.2737367544323206e-13,2.2737367544323206e-13
532,0.1298828125,0.15785104364209548,-6.715795865504434e-06,2.2737367544323206e-13,2.2737367544323206e-13
533,0.130126953125,0.15785104229313934,-6.712646603169641e-06,2.2737367544323206e-13,2.2737367544323206e-13
534,0.13037109375,0.15785104094418323,-6.709497340834846e-06,2.2737367544323206e-13,2.2737367544323206e-13
535,0.130615234375,0.1578510395952271,-6.706348078500053e-06,2.2737367544323206e-13,2.2737367544323206e-13
536,0.130859375,0.15785103824627103,-6.70319881616526e-06,2.2737367544323206e-13,2.2737367544323206e-13
537,0.131103515625,0.1578510368973149,-6.7000495538304666e-06,2.2737367544323206e-13,2.2737367544323206e-13
538,0.13134765625,0.15785103554835878,-6.696900291495672e-06,2.2737367544323206e-13,2.2737367544323206e-13
539,0.131591796875,0.15785103419940266,-6.69375102916088e-06,2.2737367544323206e-13,2.2737367544323206e-13
540,0.1318359375,0.15785103285044652,-6.6906017668260865e-06,2.2737367544323206e-13,2.2737367544323206e-13
541,0.132080078125,0.1578510315014904,-6.687452504491293e-06,2.2737367544323206e-13,2.2737367544323206e-13
542,0.13232421875,0.1578510301525343,-6.684303242156499e-06,2.2737367544323206e-13,2.2737367544323206e-13
543,0.132568359375,0.15785102880357818,-6.681153979821706e-06,2.2737367544323206e-13,2.2737367544323206e-13
544,0.1328125,0.15785102745462204,-6.678004717486913e-06,2.2737367544323206e-13,2.2737367544323206e-13
545,0.133056640625,0.15785102610566593,-6.67485545515212e-06,2.2737367544323206e-13,2.2737367544323206e-13
546,0.13330078125,0.1578510247567098,-6.671706192817325e-06,2.2737367544323206e-13,2.2737367544323206e-13
547,0.133544921875,0.1578510234077537,-6.668556930482533e-06,2.2737367544323206e-13,2.2737367544323206e-13
548,0.1337890625,0.1578510220587976,-6.6654076681477395e-06,2.2737367544323206e-13,2.2737367544323206e-13
549,0.134033203125,0.15785102070984147,-6.662258405812946e-06,2.2737367544323206e-13,2.2737367544323206e-13
550,0.13427734375,0.15785101936088536,-6.659109143478152e-06,2.2737367544323206e-13,2.2737367544323206e-13
551,0.134521484375,0.15785101799928494,-6.655903182423989e-06,2.2737367544323206e-13,2.2737367544323206e-13
552,0.134765625,0.15785101662925505,-6.652659422223578e-06,2.2737367544323206e-13,2.2737367544323206e-13
553,0.135009765625,0.15785101525922512,-6.649415662023166e-06,2.2737367544323206e-13,2.2737367544323206e-13
554,0.13525390625,0.1578510138891952,-6.646171901822757e-06,2.2737367544323206e-13,2.2737367544323206e-13
555,0.135498046875,0.1578510125191653,-6.6429281416223455e-06,2.2737367544323206e-13,2.2737367544323206e-13
556,0.1357421875,0.15785101114913536,-6.6396843814219335e-06,2.2737367544323206e-13,2.2737367544323206e-13
557,0.135986328125,0.15785100977910546,-6.636440621221522e-06,2.2737367544323206e-13,2.2737367544323206e-13
558,0.13623046875,0.15785100840907554,-6.633196861021113e-06,2.2737367544323206e-13,2.2737367544323206e-13
559,0.136474609375,0.15785100703904562,-6.629953100820701e-06,2.2737367544323206e-13,2.2737367544323206e-13
560,0.13671875,0.15785100566901572,-6.62670934062029e-06,2.2737367544323206e-13,2.2737367544323206e-13
561,0.136962890625,0.15785100429898583,-6.623465580419879e-06,2.2737367544323206e-13,2.2737367544323206e-13
562,0.13720703125,0.15785100292895587,-6.6202218202194685e-06,2.2737367544323206e-13,2.2737367544323206e-13
563,0.137451171875,0.15785100155892595,-6.616978060019057e-06,2.2737367544323206e-13,2.2737367544323206e-13
564,0.1376953125,0.15785100018889606,-6.613734299818646e-06,2.2737367544323206e-13,2.2737367544323206e-13
565,0.137939453125,0.15785099881886613,-6.610490539618236e-06,2.2737367544323206e-13,2.2737367544323206e-13
566,0.13818359375,0.1578509974488362,-6.607246779417824e-06,2.2737367544323206e-13,2.2737367544323206e-13
567,0.138427734375,0.15785099607880632,-6.604003019217414e-06,2.2737367544323206e-13,2.2737367544323206e-13
568,0.138671875,0.1578509947087764,-6.600759259017003e-06,2.2737367544323206e-13,2.2737367544323206e-13
569,0.138916015625,0.1578509933387465,-6.5975154988165915e-06,2.2737367544323206e-13,2.2737367544323206e-13
570,0.13916015625,0.15785099196871658,-6.59427173861618e-06,2.2737367544323206e-13,2.2737367544323206e-13
571,0.139404296875,0.15785099059868662,-6.59102797841577e-06,2.2737367544323206e-13,2.2737367544323206e-13
572,0.1396484375,0.15785098922865673,-6.587784218215359e-06,2.2737367544323206e-13,2.2737367544323206e-13
573,0.139892578125,0.1578509878586268,-6.584540458014947e-06,2.2737367544323206e-13,2.2737367544323206e-13
574,0.14013671875,0.15785098648859688,-6.581296697814537e-06,2.2737367544323206e-13,2.2737367544323206e-13
575,0.140380859375,0.157850985118567,-6.5780529376141264e-06,2.2737367544323206e-13,2.2737367544323206e-13
576,0.140625,0.15785098374853707,-6.5748091774137145e-06,2.2737367544323206e-13,2.2737367544323206e-13
577,0.140869140625,0.15785098236260542,-6.57147446677676e-06,2.2737367544323206e-13,2.2737367544323206e-13
578,0.14111328125,0.15785098097667377,-6.5681397561398024e-06,2.2737367544323206e-13,2.2737367544323206e-13
579,0.141357421875,0.15785097959074212,-6.564805045502847e-06,2.2737367544323206e-13,2.2737367544323206e-13
580,0.1416015625,0.1578509782048105,-6.56147033486589e-06,2.2737367544323206e-13,2.2737367544323206e-13
581,0.141845703125,0.15785097681887886,-6.558135624228935e-06,2.2737367544323206e-13,2.2737367544323206e-13
582,0.14208984375,0.1578509754329472,-6.554800913591978e-06,2.2737367544323206e-13,2.2737367544323206e-13
583,0.142333984375,0.15785097404701556,-6.551466202955022e-06,2.2737367544323206e-13,2.2737367544323206e-13
584,0.142578125,0.1578509726610839,-6.548131492318066e-06,2.2737367544323206e-13,2.2737367544323206e-13
585,0.142822265625,0.15785097127515227,-6.54479678168111e-06,2.2737367544323206e-13,2.2737367544323206e-13
586,0.14306640625,0.15785096988922062,-6.541462071044153e-06,2.2737367544323206e-13,2.2737367544323206e-13
587,0.143310546875,0.15785096850328897,-6.538127360407198e-06,2.2737367544323206e-13,2.2737367544323206e-13
588,0.1435546875,0.15785096711735733,-6.534792649770241e-06,2.2737367544323206e-13,2.2737367544323206e-13
589,0.143798828125,0.15785096573142568,-6.531457939133286e-06,2.2737367544323206e-13,2.2737367544323206e-13
590,0.14404296875,0.15785096434549403,-6.5281232284963285e-06,2.2737367544323206e-13,2.2737367544323206e-13
591,0.144287109375,0.15785096295956239,-6.524788517859374e-06,2.2737367544323206e-13,2.2737367544323206e-13
592,0.14453125,0.15785096157363074,-6.521453807222417e-06,2.2737367544323206e-13,2.2737367544323206e-13
593,0.144775390625,0.1578509601876991,-6.518119096585461e-06,2.2737367544323206e-13,2.2737367544323206e-13
594,0.14501953125,0.15785095880176744,-6.514784385948504e-06,2.2737367544323206e-13,2.2737367544323206e-13
595,0.145263671875,0.1578509574158358,-6.511449675311549e-06,2.2737367544323206e-13,2.2737367544323206e-13
596,0.1455078125,0.15785095602990415,-6.508114964674592e-06,2.2737367544323206e-13,2.2737367544323206e-13
597,0.145751953125,0.1578509546439725,-6.504780254037636e-06,2.2737367544323206e-13,2.2737367544323206e-13
598,0.14599609375,0.15785095325804088,-6.50144554340068e-06,2.2737367544323206e-13,2.2737367544323206e-13
599,0.146240234375,0.15785095187210924,-6.498110832763725e-06,2.2737367544323206e-13,2.2737367544323206e-13
600,0.146484375,0.15785095048617756,-6.494776122126767e-06,2.2737367544323206e-13,2.2737367544323206e-13
601,0.146728515625,0.1578509491002459,-6.491441411489812e-06,2.2737367544323206e-13,2.2737367544323206e-13
602,0.14697265625,0.15785094771005018,-6.488071752936473e-06,2.2737367544323206e-13,2.2737367544323206e-13
603,0.147216796875,0.1578509463134583,-6.484649672508558e-06,2.2737367544323206e-13,2.2737367544323206e-13
604,0.1474609375,0.1578509449168664,-6.481227592080644e-06,2.2737367544323206e-13,2.2737367544323206e-13
605,0.147705078125,0.1578509435202745,-6.47780551165273e-06,2.2737367544323206e-13,2.2737367544323206e-13
606,0.14794921875,0.15785094212368264,-6.474383431224816e-06,2.2737367544323206e-13,2.2737367544323206e-13
607,0.148193359375,0.15785094072709072,-6.470961350796902e-06,2.2737367544323206e-13,2.2737367544323206e-13
608,0.1484375,0.15785093933049885,-6.467539270368988e-06,2.2737367544323206e-13,2.2737367544323206e-13
609,0.148681640625,0.15785093793390695,-6.464117189941074e-06,2.2737367544323206e-13,2.2737367544323206e-13
610,0.14892578125,0.15785093653731505,-6.46069510951316e-06,2.2737367544323206e-13,2.2737367544323206e-13
611,0.149169921875,0.15785093514072318,-6.457273029085246e-06,2.2737367544323206e-13,2.2737367544323206e-13
612,0.1494140625,0.15785093374413128,-6.453850948657332e-06,2.2737367544323206e-13,2.2737367544323206e-13
613,0.149658203125,0.1578509323475394,-6.450428868229417e-06,2.2737367544323206e-13,2.2737367544323206e-13
614,0.14990234375,0.15785093095094752,-6.447006787801503e-06,2.2737367544323206e-13,2.2737367544323206e-13
615,0.150146484375,0.15785092955435562,-6.443584707373589e-06,2.2737367544323206e-13,2.2737367544323206e-13
616,0.150390625,0.15785092815776372,-6.440162626945675e-06,2.2737367544323206e-13,2.2737367544323206e-13
617,0.150634765625,0.15785092676117185,-6.436740546517762e-06,2.2737367544323206e-13,2.2737367544323206e-13
618,0.15087890625,0.15785092536457995,-6.433318466089848e-06,2.2737367544323206e-13,2.2737367544323206e-13
619,0.151123046875,0.15785092396798805,-6.4298963856619325e-06,2.2737367544323206e-13,2.2737367544323206e-13
620,0.1513671875,0.15785092257139616,-6.426474305234019e-06,2.2737367544323206e-13,2.2737367544323206e-13
621,0.151611328125,0.15785092117480426,-6.423052224806105e-06,2.2737367544323206e-13,2.2737367544323206e-13
622,0.15185546875,0.1578509197782124,-6.4196301443781905e-06,2.2737367544323206e-13,2.2737367544323206e-13
623,0.152099609375,0.1578509183816205,-6.416208063950278e-06,2.2737367544323206e-13,2.2737367544323206e-13
624,0.15234375,0.1578509169850286,-6.412785983522363e-06,2.2737367544323206e-13,2.2737367544323206e-13
625,0.152587890625,0.1578509155884367,-6.4093639030944484e-06,2.2737367544323206e-13,2.2737367544323206e-13
626,0.15283203125,0.15785091419184483,-6.405941822666535e-06,2.2737367544323206e-13,2.2737367544323206e-13
627,0.153076171875,0.15785091279525296,-6.40251974223862e-06,2.2737367544323206e-13,2.2737367544323206e-13
628,0.1533203125,0.15785091139434948,-6.39903063297437e-06,2.2737367544323206e-13,2.2737367544323206e-13
629,0.153564453125,0.15785090999236812,-6.3955247665010355e-06,2.2737367544323206e-13,2.2737367544323206e-13
630,0.15380859375,0.15785090859038675,-6.392018900027701e-06,2.2737367544323206e-13,2.2737367544323206e-13
631,0.154052734375,0.15785090718840536,-6.388513033554366e-06,2.2737367544323206e-13,2.2737367544323206e-13
632,0.154296875,0.15785090578642402,-6.3850071670810315e-06,2.2737367544323206e-13,2.2737367544323206e-13
633,0.154541015625,0.1578509043844427,-6.381501300607696e-06,2.2737367544323206e-13,2.2737367544323206e-13
634,0.15478515625,0.15785090298246132,-6.377995434134361e-06,2.2737367544323206e-13,2.2737367544323206e-13
635,0.155029296875,0.15785090158047993,-6.374489567661028e-06,2.2737367544323206e-13,2.2737367544323206e-13
636,0.1552734375,0.1578509001784986,-6.370983701187694e-06,2.2737367544323206e-13,2.2737367544323206e-13
637,0.155517578125,0.15785089877651723,-6.367477834714359e-06,2.2737367544323206e-13,2.2737367544323206e-13
638,0.15576171875,0.15785089737453586,-6.3639719682410244e-06,2.2737367544323206e-13,2.2737367544323206e-13
639,0.156005859375,0.1578508959725545,-6.36046610176769e-06,2.2737367544323206e-13,2.2737367544323206e-13
640,0.15625,0.15785089457057316,-6.356960235294355e-06,2.2737367544323206e-13,2.2737367544323206e-13
641,0.156494140625,0.1578508931685918,-6.3534543688210204e-06,2.2737367544323206e-13,2.2737367544323206e-13
642,0.15673828125,0.15785089176661043,-6.349948502347685e-06,2.2737367544323206e-13,2.2737367544323206e-13
643,0.15698242187499997,0.15785089036462907,-6.34644263587435e-06,2.2737367544323206e-13,2.2737367544323206e-13
644,0.1572265625,0.1578508889626477,-6.342936769401016e-06,2.2737367544323206e-13,2.2737367544323206e-13
645,0.157470703125,0.15785088756066634,-6.339430902927683e-06,2.2737367544323206e-13,2.2737367544323206e-13
646,0.15771484375,0.15785088615868498,-6.335925036454346e-06,2.2737367544323206e-13,2.2737367544323206e-13
647,0.157958984375,0.1578508847567036,-6.332419169981013e-06,2.2737367544323206e-13,2.2737367544323206e-13
648,0.15820312499999997,0.15785088335472228,-6.328913303507679e-06,2.2737367544323206e-13,2.2737367544323206e-13
649,0.158447265625,0.1578508819527409,-6.325407437034344e-06,2.2737367544323206e-13,2.2737367544323206e-13
650,0.15869140625,0.15785088055075955,-6.321901570561009e-06,2.2737367544323206e-13,2.2737367544323206e-13
651,0.158935546875,0.15785087914877818,-6.318395704087674e-06,2.2737367544323206e-13,2.2737367544323206e-13
652,0.1591796875,0.15785087774679685,-6.314889837614339e-06,2.2737367544323206e-13,2.2737367544323206e-13
653,0.15942382812499997,0.15785087634479905,-6.311367981440262e-06,2.2737367544323206e-13,2.2737367544323206e-13
654,0.15966796875,0.15785087494273556,-6.307782166463214e-06,2.2737367544323206e-13,2.2737367544323206e-13
655,0.159912109375,0.15785087354067212,-6.304196351486168e-06,2.2737367544323206e-13,2.2737367544323206e-13
656,0.16015625,0.1578508721386086,-6.30061053650912e-06,2.2737367544323206e-13,2.2737367544323206e-13
657,0.160400390625,0.15785087073654516,-6.2970247215320724e-06,2.2737367544323206e-13,2.2737367544323206e-13
658,0.16064453124999997,0.15785086933448164,-6.293438906555026e-06,2.2737367544323206e-13,2.2737367544323206e-13
659,0.160888671875,0.1578508679324182,-6.289853091577978e-06,2.2737367544323206e-13,2.2737367544323206e-13
660,0.1611328125,0.1578508665303547,-6.286267276600931e-06,2.2737367544323206e-13,2.2737367544323206e-13
661,0.161376953125,0.15785086512829125,-6.282681461623883e-06,2.2737367544323206e-13,2.2737367544323206e-13
662,0.16162109375,0.15785086372622778,-6.279095646646836e-06,2.2737367544323206e-13,2.2737367544323206e-13
663,0.16186523437499997,0.1578508623241643,-6.275509831669789e-06,2.2737367544323206e-13,2.2737367544323206e-13
664,0.162109375,0.15785086092210082,-6.271924016692742e-06,2.2737367544323206e-13,2.2737367544323206e-13
665,0.162353515625,0.15785085952003733,-6.268338201715694e-06,2.2737367544323206e-13,2.2737367544323206e-13
666,0.16259765625,0.15785085811797386,-6.264752386738647e-06,2.2737367544323206e-13,2.2737367544323206e-13
667,0.162841796875,0.15785085671591043,-6.2611665717616e-06,2.2737367544323206e-13,2.2737367544323206e-13
668,0.16308593749999997,0.1578508553138469,-6.2575807567845525e-06,2.2737367544323206e-13,2.2737367544323206e-13
669,0.163330078125,0.15785085391178347,-6.253994941807505e-06,2.2737367544323206e-13,2.2737367544323206e-13
670,0.16357421875,0.15785085250971995,-6.250409126830458e-06,2.2737367544323206e-13,2.2737367544323206e-13
671,0.163818359375,0.1578508511076565,-6.246823311853411e-06,2.2737367544323206e-13,2.2737367544323206e-13
672,0.1640625,0.15785084970559302,-6.243237496876363e-06,2.2737367544323206e-13,2.2737367544323206e-13
673,0.16430664062499997,0.15785084830352955,-6.239651681899316e-06,2.2737367544323206e-13,2.2737367544323206e-13
674,0.16455078125,0.15785084690146609,-6.236065866922269e-06,2.2737367544323206e-13,2.2737367544323206e-13
675,0.164794921875,0.1578508454994026,-6.232480051945221e-06,2.2737367544323206e-13,2.2737367544323206e-13
676,0.1650390625,0.15785084409733913,-6.228894236968174e-06,2.2737367544323206e-13,2.2737367544323206e-13
677,0.165283203125,0.15785084269527563,-6.225308421991126e-06,2.2737367544323206e-13,2.2737367544323206e-13
678,0.16552734374999997,0.15785084129321217,-6.221722607014081e-06,2.2737367544323206e-13,2.2737367544323206e-13
679,0.165771484375,0.15785083989429527,-6.2180908865153255e-06,2.2737367544323206e-13,2.2737367544323206e-13
680,0.166015625,0.15785083849747603,-6.214428562335435e-06,2.2737367544323206e-13,2.2737367544323206e-13
681,0.166259765625,0.15785083710065687,-6.210766238155543e-06,2.2737367544323206e-13,2.2737367544323206e-13
682,0.16650390625,0.15785083570383765,-6.207103913975652e-06,2.2737367544323206e-13,2.2737367544323206e-13
683,0.16674804687499997,0.15785083430701843,-6.203441589795759e-06,2.2737367544323206e-13,2.2737367544323206e-13
684,0.1669921875,0.15785083291019925,-6.199779265615868e-06,2.2737367544323206e-13,2.2737367544323206e-13
685,0.167236328125,0.15785083151338006,-6.196116941435977e-06,2.2737367544323206e-13,2.2737367544323206e-13
686,0.16748046875,0.15785083011656081,-6.192454617256085e-06,2.2737367544323206e-13,2.2737367544323206e-13
687,0.167724609375,0.15785082871974165,-6.188792293076195e-06,2.2737367544323206e-13,2.2737367544323206e-13
688,0.16796874999999997,0.15785082732292244,-6.185129968896304e-06,2.2737367544323206e-13,2.2737367544323206e-13
689,0.168212890625,0.15785082592610322,-6.181467644716411e-06,2.2737367544323206e-13,2.2737367544323206e-13
690,0.16845703125,0.15785082452928403,-6.17780532053652e-06,2.2737367544323206e-13,2.2737367544323206e-13
691,0.168701171875,0.15785082313246482,-6.174142996356629e-06,2.2737367544323206e-13,2.2737367544323206e-13
692,0.1689453125,0.1578508217356456,-6.170480672176737e-06,2.2737367544323206e-13,2.2737367544323206e-13
693,0.16918945312499997,0.15785082033882641,-6.166818347996846e-06,2.2737367544323206e-13,2.2737367544323206e-13
694,0.16943359375,0.1578508189420072,-6.163156023816954e-06,2.2737367544323206e-13,2.2737367544323206e-13
695,0.169677734375,0.15785081754518798,-6.159493699637063e-06,2.2737367544323206e-13,2.2737367544323206e-13
696,0.169921875,0.15785081614836882,-6.155831375457171e-06,2.2737367544323206e-13,2.2737367544323206e-13
697,0.170166015625,0.15785081475154958,-6.15216905127728e-06,2.2737367544323206e-13,2.2737367544323206e-13
698,0.17041015624999997,0.1578508133547304,-6.148506727097389e-06,2.2737367544323206e-13,2.2737367544323206e-13
699,0.170654296875,0.1578508119579112,-6.1448444029174976e-06,2.2737367544323206e-13,2.2737367544323206e-13
700,0.1708984375,0.157850810561092,-6.141182078737606e-06,2.2737367544323206e-13,2.2737367544323206e-13
701,0.171142578125,0.15785080916427277,-6.137519754557714e-06,2.2737367544323206e-13,2.2737367544323206e-13
702,0.17138671875,0.1578508077674536,-6.133857430377822e-06,2.2737367544323206e-13,2.2737367544323206e-13
703,0.17163085937499997,0.15785080637063437,-6.130195106197931e-06,2.2737367544323206e-13,2.2737367544323206e-13
704,0.171875,0.15785080497381518,-6.12653278201804e-06,2.2737367544323206e-13,2.2737367544323206e-13
705,0.172119140625,0.15785080358756795,-6.122797621817555e-06,2.2737367544323206e-13,2.2737367544323206e-13
706,0.17236328125,0.1578508022013207,-6.119062461617072e-06,2.2737367544323206e-13,2.2737367544323206e-13
707,0.172607421875,0.15785080081507344,-6.115327301416587e-06,2.2737367544323206e-13,2.2737367544323206e-13
708,0.17285156249999997,0.15785079942882618,-6.111592141216103e-06,2.2737367544323206e-13,2.2737367544323206e-13
709,0.173095703125,0.15785079804257893,-6.1078569810156186e-06,2.2737367544323206e-13,2.2737367544323206e-13
710,0.17333984375,0.15785079665633167,-6.104121820815134e-06,2.2737367544323206e-13,2.2737367544323206e-13
711,0.173583984375,0.15785079527008442,-6.100386660614651e-06,2.2737367544323206e-13,2.2737367544323206e-13
712,0.173828125,0.1578507938838372,-6.096651500414166e-06,2.2737367544323206e-13,2.2737367544323206e-13
713,0.17407226562499997,0.15785079249758993,-6.092916340213681e-06,2.2737367544323206e-13,2.2737367544323206e-13
714,0.17431640625,0.15785079111134268,-6.089181180013198e-06,2.2737367544323206e-13,2.2737367544323206e-13
715,0.174560546875,0.15785078972509542,-6.085446019812713e-06,2.2737367544323206e-13,2.2737367544323206e-13
716,0.1748046875,0.15785078833884816,-6.08171085961223e-06,2.2737367544323206e-13,2.2737367544323206e-13
717,0.175048828125,0.1578507869526009,-6.0779756994117445e-06,2.2737367544323206e-13,2.2737367544323206e-13
718,0.17529296874999997,0.15785078556635365,-6.07424053921126e-06,2.2737367544323206e-13,2.2737367544323206e-13
719,0.175537109375,0.1578507841801064,-6.070505379010777e-06,2.2737367544323206e-13,2.2737367544323206e-13
720,0.17578125,0.15785078279385917,-6.066770218810292e-06,2.2737367544323206e-13,2.2737367544323206e-13
721,0.176025390625,0.1578507814076119,-6.063035058609807e-06,2.2737367544323206e-13,2.2737367544323206e-13
722,0.17626953125,0.15785078002136466,-6.059299898409324e-06,2.2737367544323206e-13,2.2737367544323206e-13
723,0.17651367187499997,0.1578507786351174,-6.055564738208839e-06,2.2737367544323206e-13,2.2737367544323206e-13
724,0.1767578125,0.15785077724887014,-6.051829578008355e-06,2.2737367544323206e-13,2.2737367544323206e-13
725,0.177001953125,0.1578507758626229,-6.0480944178078705e-06,2.2737367544323206e-13,2.2737367544323206e-13
726,0.17724609375,0.15785077447637563,-6.044359257607386e-06,2.2737367544323206e-13,2.2737367544323206e-13
727,0.177490234375,0.1578507730901284,-6.040624097406903e-06,2.2737367544323206e-13,2.2737367544323206e-13
728,0.17773437499999997,0.15785077170388115,-6.036888937206418e-06,2.2737367544323206e-13,2.2737367544323206e-13
729,0.177978515625,0.1578507703176339,-6.033153777005933e-06,2.2737367544323206e-13,2.2737367544323206e-13
730,0.17822265625,0.15785076893774097,-6.0293909375122905e-06,2.2737367544323206e-13,2.2737367544323206e-13
731,0.178466796875,0.15785076756737942,-6.0255865790789105e-06,2.2737367544323206e-13,2.2737367544323206e-13
732,0.1787109375,0.1578507661970179,-6.0217822206455306e-06,2.2737367544323206e-13,2.2737367544323206e-13
733,0.17895507812499997,0.15785076482665641,-6.017977862212151e-06,2.2737367544323206e-13,2.2737367544323206e-13
734,0.17919921875,0.1578507634562949,-6.014173503778769e-06,2.2737367544323206e-13,2.2737367544323206e-13
735,0.179443359375,0.15785076208593338,-6.01036914534539e-06,2.2737367544323206e-13,2.2737367544323206e-13
736,0.1796875,0.15785076071557186,-6.006564786912009e-06,2.2737367544323206e-13,2.2737367544323206e-13
737,0.179931640625,0.15785075934521037,-6.002760428478628e-06,2.2737367544323206e-13,2.2737367544323206e-13
738,0.18017578124999997,0.15785075797484885,-5.998956070045248e-06,2.2737367544323206e-13,2.2737367544323206e-13
739,0.180419921875,0.15785075660448736,-5.995151711611868e-06,2.2737367544323206e-13,2.2737367544323206e-13
740,0.1806640625,0.1578507552341258,-5.991347353178488e-06,2.2737367544323206e-13,2.2737367544323206e-13
741,0.180908203125,0.15785075386376432,-5.987542994745107e-06,2.2737367544323206e-13,2.2737367544323206e-13
742,0.18115234375,0.1578507524934028,-5.9837386363117276e-06,2.2737367544323206e-13,2.2737367544323206e-13
743,0.18139648437499997,0.15785075112304128,-5.979934277878348e-06,2.2737367544323206e-13,2.2737367544323206e-13
744,0.181640625,0.15785074975267976,-5.976129919444967e-06,2.2737367544323206e-13,2.2737367544323206e-13
745,0.181884765625,0.15785074838231825,-5.972325561011586e-06,2.2737367544323206e-13,2.2737367544323206e-13
746,0.18212890625,0.15785074701195675,-5.968521202578206e-06,2.2737367544323206e-13,2.2737367544323206e-13
747,0.182373046875,0.15785074564159524,-5.964716844144825e-06,2.2737367544323206e-13,2.2737367544323206e-13
748,0.18261718749999997,0.15785074427123374,-5.960912485711445e-06,2.2737367544323206e-13,2.2737367544323206e-13
749,0.182861328125,0.1578507429008722,-5.9571081272780644e-06,2.2737367544323206e-13,2.2737367544323206e-13
750,0.18310546875,0.1578507415305107,-5.953303768844685e-06,2.2737367544323206e-13,2.2737367544323206e-13
751,0.183349609375,0.1578507401601492,-5.9494994104113045e-06,2.2737367544323206e-13,2.2737367544323206e-13
752,0.18359375,0.15785073878978767,-5.945695051977924e-06,2.2737367544323206e-13,2.2737367544323206e-13
753,0.18383789062499997,0.15785073741942615,-5.941890693544544e-06,2.2737367544323206e-13,2.2737367544323206e-13
754,0.18408203125,0.15785073604906463,-5.938086335111163e-06,2.2737367544323206e-13,2.2737367544323206e-13
755,0.184326171875,0.15785073467870314,-5.934281976677784e-06,2.2737367544323206e-13,2.2737367544323206e-13
756,0.1845703125,0.15785073332527805,-5.930425150084825e-06,2.2737367544323206e-13,2.2737367544323206e-13
757,0.184814453125,0.1578507319760871,-5.926555206451975e-06,2.2737367544323206e-13,2.2737367544323206e-13
758,0.18505859374999997,0.1578507306268961,-5.922685262819124e-06,2.2737367544323206e-13,2.2737367544323206e-13
759,0.185302734375,0.15785072927770516,-5.918815319186271e-06,2.2737367544323206e-13,2.2737367544323206e-13
760,0.185546875,0.15785072792851418,-5.9149453755534215e-06,2.2737367544323206e-13,2.2737367544323206e-13
761,0.185791015625,0.1578507265793232,-5.911075431920569e-06,2.2737367544323206e-13,2.2737367544323206e-13
762,0.18603515625,0.15785072523013222,-5.907205488287718e-06,2.2737367544323206e-13,2.2737367544323206e-13
763,0.18627929687499997,0.15785072388094126,-5.9033355446548675e-06,2.2737367544323206e-13,2.2737367544323206e-13
764,0.1865234375,0.15785072253175028,-5.899465601022015e-06,2.2737367544323206e-13,2.2737367544323206e-13
765,0.186767578125,0.1578507211825593,-5.895595657389165e-06,2.2737367544323206e-13,2.2737367544323206e-13
766,0.18701171875,0.15785071983336835,-5.891725713756313e-06,2.2737367544323206e-13,2.2737367544323206e-13
767,0.187255859375,0.1578507184841774,-5.887855770123462e-06,2.2737367544323206e-13,2.2737367544323206e-13
768,0.18750000000000003,0.1578507171349864,-5.88398582649061e-06,2.2737367544323206e-13,2.2737367544323206e-13
769,0.187744140625,0.15785071578579543,-5.880115882857759e-06,2.2737367544323206e-13,2.2737367544323206e-13
770,0.18798828125,0.15785071443660445,-5.876245939224908e-06,2.2737367544323206e-13,2.2737367544323206e-13
771,0.188232421875,0.15785071308741347,-5.872375995592057e-06,2.2737367544323206e-13,2.2737367544323206e-13
772,0.1884765625,0.1578507117382225,-5.868506051959205e-06,2.2737367544323206e-13,2.2737367544323206e-13
773,0.18872070312500003,0.15785071038903153,-5.864636108326353e-06,2.2737367544323206e-13,2.2737367544323206e-13
774,0.18896484375,0.15785070903984058,-5.8607661646935035e-06,2.2737367544323206e-13,2.2737367544323206e-13
775,0.189208984375,0.1578507076906496,-5.856896221060652e-06,2.2737367544323206e-13,2.2737367544323206e-13
776,0.189453125,0.15785070634145862,-5.8530262774278e-06,2.2737367544323206e-13,2.2737367544323206e-13
777,0.189697265625,0.15785070499226767,-5.8491563337949495e-06,2.2737367544323206e-13,2.2737367544323206e-13
778,0.18994140625000003,0.15785070364307668,-5.845286390162097e-06,2.2737367544323206e-13,2.2737367544323206e-13
779,0.190185546875,0.1578507022938857,-5.841416446529247e-06,2.2737367544323206e-13,2.2737367544323206e-13
780,0.1904296875,0.15785070094469472,-5.8375465028963946e-06,2.2737367544323206e-13,2.2737367544323206e-13
781,0.190673828125,0.15785069960078638,-5.8336641592837915e-06,2.2737367544323206e-13,2.2737367544323206e-13
782,0.19091796875,0.15785069827800846,-5.82973221575218e-06,2.2737367544323206e-13,2.2737367544323206e-13
783,0.19116210937500003,0.15785069695523055,-5.825800272220566e-06,2.2737367544323206e-13,2.2737367544323206e-13
784,0.19140625,0.1578506956324526,-5.821868328688954e-06,2.2737367544323206e-13,2.2737367544323206e-13
785,0.191650390625,0.15785069430967466,-5.817936385157342e-06,2.2737367544323206e-13,2.2737367544323206e-13
786,0.19189453125,0.15785069298689677,-5.8140044416257296e-06,2.2737367544323206e-13,2.2737367544323206e-13
787,0.192138671875,0.15785069166411883,-5.810072498094117e-06,2.2737367544323206e-13,2.2737367544323206e-13
788,0.19238281250000003,0.15785069034134092,-5.806140554562504e-06,2.2737367544323206e-13,2.2737367544323206e-13
789,0.192626953125,0.15785068901856297,-5.802208611030892e-06,2.2737367544323206e-13,2.2737367544323206e-13
790,0.19287109375,0.15785068769578503,-5.79827666749928e-06,2.2737367544323206e-13,2.2737367544323206e-13
791,0.193115234375,0.15785068637300714,-5.794344723967668e-06,2.2737367544323206e-13,2.2737367544323206e-13
792,0.193359375,0.1578506850502292,-5.790412780436055e-06,2.2737367544323206e-13,2.2737367544323206e-13
793,0.19360351562500003,0.15785068372745129,-5.786480836904442e-06,2.2737367544323206e-13,2.2737367544323206e-13
794,0.19384765625,0.15785068240467334,-5.78254889337283e-06,2.2737367544323206e-13,2.2737367544323206e-13
795,0.194091796875,0.15785068108189543,-5.778616949841218e-06,2.2737367544323206e-13,2.2737367544323206e-13
796,0.1943359375,0.1578506797591175,-5.774685006309605e-06,2.2737367544323206e-13,2.2737367544323206e-13
797,0.194580078125,0.15785067843633957,-5.770753062777993e-06,2.2737367544323206e-13,2.2737367544323206e-13
798,0.19482421875000003,0.15785067711356165,-5.76682111924638e-06,2.2737367544323206e-13,2.2737367544323206e-13
799,0.195068359375,0.15785067579078374,-5.7628891757147685e-06,2.2737367544323206e-13,2.2737367544323206e-13
800,0.1953125,0.15785067446800582,-5.758957232183157e-06,2.2737367544323206e-13,2.2737367544323206e-13
801,0.195556640625,0.1578506731452279,-5.755025288651543e-06,2.2737367544323206e-13,2.2737367544323206e-13
802,0.19580078125,0.15785067182244997,-5.751093345119931e-06,2.2737367544323206e-13,2.2737367544323206e-13
803,0.19604492187500003,0.15785067049967202,-5.7471614015883184e-06,2.2737367544323206e-13,2.2737367544323206e-13
804,0.1962890625,0.15785066917689414,-5.743229458056706e-06,2.2737367544323206e-13,2.2737367544323206e-13
805,0.196533203125,0.1578506678541162,-5.739297514525094e-06,2.2737367544323206e-13,2.2737367544323206e-13
806,0.19677734375,0.15785066653133828,-5.735365570993481e-06,2.2737367544323206e-13,2.2737367544323206e-13
807,0.197021484375,0.15785066522752006,-5.731398558052885e-06,2.2737367544323206e-13,2.2737367544323206e-13
808,0.19726562500000003,0.15785066393634165,-5.7274081655062964e-06,2.2737367544323206e-13,2.2737367544323206e-13
809,0.197509765625,0.1578506626451632,-5.72341777295971e-06,2.2737367544323206e-13,2.2737367544323206e-13
810,0.19775390625,0.1578506613539848,-5.719427380413123e-06,2.2737367544323206e-13,2.2737367544323206e-13
811,0.197998046875,0.15785066006280637,-5.715436987866536e-06,2.2737367544323206e-13,2.2737367544323206e-13
812,0.1982421875,0.15785065877162796,-5.711446595319949e-06,2.2737367544323206e-13,2.2737367544323206e-13
813,0.19848632812500003,0.15785065748044952,-5.7074562027733616e-06,2.2737367544323206e-13,2.2737367544323206e-13
814,0.19873046875,0.15785065618927113,-5.703465810226774e-06,2.2737367544323206e-13,2.2737367544323206e-13
815,0.198974609375,0.1578506548980927,-5.699475417680187e-06,2.2737367544323206e-13,2.2737367544323206e-13
816,0.19921875,0.15785065360691428,-5.6954850251336e-06,2.2737367544323206e-13,2.2737367544323206e-13
817,0.199462890625,0.15785065231573586,-5.691494632587013e-06,2.2737367544323206e-13,2.2737367544323206e-13
818,0.19970703125000003,0.15785065102455745,-5.687504240040426e-06,2.2737367544323206e-13,2.2737367544323206e-13
819,0.199951171875,0.157850649733379,-5.6835138474938395e-06,2.2737367544323206e-13,2.2737367544323206e-13
820,0.2001953125,0.1578506484422006,-5.679523454947252e-06,2.2737367544323206e-13,2.2737367544323206e-13
821,0.200439453125,0.15785064715102218,-5.675533062400665e-06,2.2737367544323206e-13,2.2737367544323206e-13
822,0.20068359375,0.15785064585984376,-5.671542669854078e-06,2.2737367544323206e-13,2.2737367544323206e-13
823,0.20092773437500003,0.15785064456866532,-5.667552277307491e-06,2.2737367544323206e-13,2.2737367544323206e-13
824,0.201171875,0.15785064327748694,-5.663561884760904e-06,2.2737367544323206e-13,2.2737367544323206e-13
825,0.201416015625,0.1578506419863085,-5.6595714922143175e-06,2.2737367544323206e-13,2.2737367544323206e-13
826,0.20166015625,0.15785064069513008,-5.65558109966773e-06,2.2737367544323206e-13,2.2737367544323206e-13
827,0.201904296875,0.15785063940395166,-5.651590707121143e-06,2.2737367544323206e-13,2.2737367544323206e-13
828,0.20214843750000003,0.15785063811277325,-5.647600314574556e-06,2.2737367544323206e-13,2.2737367544323206e-13
829,0.202392578125,0.1578506368215948,-5.643609922027969e-06,2.2737367544323206e-13,2.2737367544323206e-13
830,0.20263671875,0.1578506355304164,-5.6396195294813826e-06,2.2737367544323206e-13,2.2737367544323206e-13
831,0.202880859375,0.15785063423923798,-5.635629136934795e-06,2.2737367544323206e-13,2.2737367544323206e-13
832,0.203125,0.15785063294805957,-5.631638744388208e-06,2.2737367544323206e-13,2.2737367544323206e-13
833,0.20336914062500003,0.15785063169359842,-5.627593414949741e-06,2.2737367544323206e-13,2.2737367544323206e-13
834,0.20361328125,0.15785063043913727,-5.623548085511276e-06,2.2737367544323206e-13,2.2737367544323206e-13
835,0.203857421875,0.15785062918467616,-5.61950275607281e-06,2.2737367544323206e-13,2.2737367544323206e-13
836,0.2041015625,0.157850627930215,-5.615457426634343e-06,2.2737367544323206e-13,2.2737367544323206e-13
837,0.204345703125,0.15785062667575384,-5.6114120971958775e-06,2.2737367544323206e-13,2.2737367544323206e-13
838,0.20458984375000003,0.1578506254212927,-5.607366767757411e-06,2.2737367544323206e-13,2.2737367544323206e-13
839,0.204833984375,0.15785062416683157,-5.603321438318945e-06,2.2737367544323206e-13,2.2737367544323206e-13
840,0.205078125,0.15785062291237043,-5.59927610888048e-06,2.2737367544323206e-13,2.2737367544323206e-13
841,0.205322265625,0.15785062165790928,-5.595230779442013e-06,2.2737367544323206e-13,2.2737367544323206e-13
842,0.20556640625,0.15785062040344813,-5.591185450003547e-06,2.2737367544323206e-13,2.2737367544323206e-13
843,0.20581054687500003,0.15785061914898696,-5.587140120565081e-06,2.2737367544323206e-13,2.2737367544323206e-13
844,0.2060546875,0.1578506178945258,-5.583094791126615e-06,2.2737367544323206e-13,2.2737367544323206e-13
845,0.206298828125,0.15785061664006467,-5.579049461688149e-06,2.2737367544323206e-13,2.2737367544323206e-13
846,0.20654296875,0.15785061538560352,-5.575004132249683e-06,2.2737367544323206e-13,2.2737367544323206e-13
847,0.206787109375,0.1578506141311424,-5.570958802811217e-06,2.2737367544323206e-13,2.2737367544323206e-13
848,0.20703125000000003,0.15785061287668123,-5.56691347337275e-06,2.2737367544323206e-13,2.2737367544323206e-13
849,0.207275390625,0.15785061162222008,-5.562868143934285e-06,2.2737367544323206e-13,2.2737367544323206e-13
850,0.20751953125,0.15785061036775894,-5.558822814495818e-06,2.2737367544323206e-13,2.2737367544323206e-13
851,0.207763671875,0.1578506091132978,-5.554777485057352e-06,2.2737367544323206e-13,2.2737367544323206e-13
852,0.2080078125,0.15785060785883667,-5.550732155618885e-06,2.2737367544323206e-13,2.2737367544323206e-13
853,0.20825195312500003,0.15785060660437553,-5.54668682618042e-06,2.2737367544323206e-13,2.2737367544323206e-13
854,0.20849609375,0.15785060534991435,-5.542641496741953e-06,2.2737367544323206e-13,2.2737367544323206e-13
855,0.208740234375,0.1578506040954532,-5.538596167303488e-06,2.2737367544323206e-13,2.2737367544323206e-13
856,0.208984375,0.1578506028409921,-5.534550837865022e-06,2.2737367544323206e-13,2.2737367544323206e-13
857,0.209228515625,0.15785060158653094,-5.5305055084265555e-06,2.2737367544323206e-13,2.2737367544323206e-13
858,0.20947265625000003,0.15785060034877124,-5.526439591814454e-06,2.2737367544323206e-13,2.2737367544323206e-13
859,0.209716796875,0.15785059913606375,-5.5223427944419e-06,2.2737367544323206e-13,2.2737367544323206e-13
860,0.2099609375,0.15785059792335623,-5.518245997069346e-06,2.2737367544323206e-13,2.2737367544323206e-13
861,0.210205078125,0.15785059671064872,-5.514149199696792e-06,2.2737367544323206e-13,2.2737367544323206e-13
862,0.21044921875,0.1578505954979412,-5.510052402324237e-06,2.2737367544323206e-13,2.2737367544323206e-13
863,0.21069335937500003,0.15785059428523368,-5.505955604951683e-06,2.2737367544323206e-13,2.2737367544323206e-13
864,0.2109375,0.1578505930725262,-5.501858807579128e-06,2.2737367544323206e-13,2.2737367544323206e-13
865,0.211181640625,0.15785059185981867,-5.497762010206574e-06,2.2737367544323206e-13,2.2737367544323206e-13
866,0.21142578125,0.15785059064711118,-5.493665212834019e-06,2.2737367544323206e-13,2.2737367544323206e-13
867,0.211669921875,0.15785058943440367,-5.489568415461466e-06,2.2737367544323206e-13,2.2737367544323206e-13
868,0.21191406250000003,0.15785058822169618,-5.485471618088912e-06,2.2737367544323206e-13,2.2737367544323206e-13
869,0.212158203125,0.15785058700898866,-5.481374820716357e-06,2.2737367544323206e-13,2.2737367544323206e-13
870,0.21240234375,0.15785058579628114,-5.4772780233438035e-06,2.2737367544323206e-13,2.2737367544323206e-13
871,0.212646484375,0.15785058458357365,-5.473181225971248e-06,2.2737367544323206e-13,2.2737367544323206e-13
872,0.212890625,0.15785058337086613,-5.4690844285986945e-06,2.2737367544323206e-13,2.2737367544323206e-13
873,0.21313476562500003,0.15785058215815864,-5.46498763122614e-06,2.2737367544323206e-13,2.2737367544323206e-13
874,0.21337890625,0.1578505809454511,-5.460890833853586e-06,2.2737367544323206e-13,2.2737367544323206e-13
875,0.213623046875,0.1578505797327436,-5.456794036481032e-06,2.2737367544323206e-13,2.2737367544323206e-13
876,0.2138671875,0.1578505785200361,-5.452697239108477e-06,2.2737367544323206e-13,2.2737367544323206e-13
877,0.214111328125,0.15785057730732857,-5.448600441735923e-06,2.2737367544323206e-13,2.2737367544323206e-13
878,0.21435546875000003,0.15785057609462108,-5.444503644363368e-06,2.2737367544323206e-13,2.2737367544323206e-13
879,0.214599609375,0.15785057488191356,-5.440406846990815e-06,2.2737367544323206e-13,2.2737367544323206e-13
880,0.21484375,0.15785057366920607,-5.436310049618261e-06,2.2737367544323206e-13,2.2737367544323206e-13
881,0.215087890625,0.15785057245649858,-5.432213252245706e-06,2.2737367544323206e-13,2.2737367544323206e-13
882,0.21533203125,0.15785057124379107,-5.4281164548731516e-06,2.2737367544323206e-13,2.2737367544323206e-13
883,0.21557617187500003,0.15785057003108355,-5.424019657500597e-06,2.2737367544323206e-13,2.2737367544323206e-13
884,0.2158203125,0.157850568855733,-5.419884424217513e-06,2.2737367544323206e-13,2.2737367544323206e-13
885,0.216064453125,0.15785056768972175,-5.415739581956797e-06,2.2737367544323206e-13,2.2737367544323206e-13
886,0.21630859375,0.15785056652371043,-5.41159473969608e-06,2.2737367544323206e-13,2.2737367544323206e-13
887,0.216552734375,0.15785056535769917,-5.407449897435364e-06,2.2737367544323206e-13,2.2737367544323206e-13
888,0.21679687500000003,0.15785056419168786,-5.403305055174646e-06,2.2737367544323206e-13,2.2737367544323206e-13
889,0.217041015625,0.1578505630256766,-5.399160212913931e-06,2.2737367544323206e-13,2.2737367544323206e-13
890,0.21728515625,0.1578505618596653,-5.3950153706532145e-06,2.2737367544323206e-13,2.2737367544323206e-13
891,0.217529296875,0.15785056069365402,-5.3908705283924974e-06,2.2737367544323206e-13,2.2737367544323206e-13
892,0.2177734375,0.15785055952764276,-5.38672568613178e-06,2.2737367544323206e-13,2.2737367544323206e-13
893,0.21801757812500003,0.15785055836163148,-5.382580843871064e-06,2.2737367544323206e-13,2.2737367544323206e-13
894,0.21826171875,0.1578505571956202,-5.378436001610348e-06,2.2737367544323206e-13,2.2737367544323206e-13
895,0.218505859375,0.1578505560296089,-5.374291159349631e-06,2.2737367544323206e-13,2.2737367544323206e-13
896,0.21875,0.15785055486359764,-5.3701463170889146e-06,2.2737367544323206e-13,2.2737367544323206e-13
897,0.218994140625,0.15785055369758633,-5.366001474828198e-06,2.2737367544323206e-13,2.2737367544323206e-13
898,0.21923828125000003,0.15785055253157507,-5.361856632567481e-06,2.2737367544323206e-13,2.2737367544323206e-13
899,0.219482421875,0.15785055136556375,-5.357711790306765e-06,2.2737367544323206e-13,2.2737367544323206e-13
900,0.2197265625,0.1578505501995525,-5.353566948046048e-06,2.2737367544323206e-13,2.2737367544323206e-13
901,0.219970703125,0.1578505490335412,-5.3494221057853325e-06,2.2737367544323206e-13,2.2737367544323206e-13
902,0.22021484375,0.15785054786752992,-5.3452772635246155e-06,2.2737367544323206e-13,2.2737367544323206e-13
903,0.22045898437500003,0.15785054670151863,-5.341132421263898e-06,2.2737367544323206e-13,2.2737367544323206e-13
904,0.220703125,0.15785054553550734,-5.336987579003182e-06,2.2737367544323206e-13,2.2737367544323206e-13
905,0.220947265625,0.15785054436949608,-5.332842736742466e-06,2.2737367544323206e-13,2.2737367544323206e-13
906,0.22119140625,0.1578505432034848,-5.32869789448175e-06,2.2737367544323206e-13,2.2737367544323206e-13
907,0.221435546875,0.1578505420374735,-5.324553052221033e-06,2.2737367544323206e-13,2.2737367544323206e-13
908,0.22167968750000003,0.15785054087146222,-5.3204082099603155e-06,2.2737367544323206e-13,2.2737367544323206e-13
909,0.221923828125,0.15785053971575755,-5.31625443365447e-06,2.2737367544323206e-13,2.2737367544323206e-13
910,0.22216796875,0.15785053860127937,-5.312064921168105e-06,2.2737367544323206e-13,2.2737367544323206e-13
911,0.222412109375,0.15785053748680122,-5.30787540868174e-06,2.2737367544323206e-13,2.2737367544323206e-13
912,0.22265625,0.15785053637232305,-5.303685896195376e-06,2.2737367544323206e-13,2.2737367544323206e-13
913,0.22290039062500003,0.15785053525784487,-5.2994963837090106e-06,2.2737367544323206e-13,2.2737367544323206e-13
914,0.22314453125,0.1578505341433667,-5.295306871222645e-06,2.2737367544323206e-13,2.2737367544323206e-13
915,0.223388671875,0.15785053302888855,-5.2911173587362805e-06,2.2737367544323206e-13,2.2737367544323206e-13
916,0.2236328125,0.15785053191441037,-5.286927846249915e-06,2.2737367544323206e-13,2.2737367544323206e-13
917,0.223876953125,0.15785053079993216,-5.2827383337635505e-06,2.2737367544323206e-13,2.2737367544323206e-13
918,0.22412109375000003,0.15785052968545402,-5.278548821277186e-06,2.2737367544323206e-13,2.2737367544323206e-13
919,0.224365234375,0.15785052857097584,-5.274359308790821e-06,2.2737367544323206e-13,2.2737367544323206e-13
920,0.224609375,0.15785052745649766,-5.270169796304456e-06,2.2737367544323206e-13,2.2737367544323206e-13
921,0.224853515625,0.1578505263420195,-5.265980283818091e-06,2.2737367544323206e-13,2.2737367544323206e-13
922,0.22509765625,0.1578505252275413,-5.261790771331727e-06,2.2737367544323206e-13,2.2737367544323206e-13
923,0.22534179687500003,0.15785052411306313,-5.2576012588453605e-06,2.2737367544323206e-13,2.2737367544323206e-13
924,0.2255859375,0.15785052299858496,-5.253411746358996e-06,2.2737367544323206e-13,2.2737367544323206e-13
925,0.225830078125,0.15785052188410678,-5.249222233872631e-06,2.2737367544323206e-13,2.2737367544323206e-13
926,0.22607421875,0.15785052076962863,-5.245032721386267e-06,2.2737367544323206e-13,2.2737367544323206e-13
927,0.226318359375,0.15785051965515046,-5.240843208899902e-06,2.2737367544323206e-13,2.2737367544323206e-13
928,0.22656250000000003,0.15785051854067225,-5.236653696413537e-06,2.2737367544323206e-13,2.2737367544323206e-13
929,0.226806640625,0.1578505174261941,-5.232464183927171e-06,2.2737367544323206e-13,2.2737367544323206e-13
930,0.22705078125,0.15785051631171593,-5.2282746714408075e-06,2.2737367544323206e-13,2.2737367544323206e-13
931,0.227294921875,0.15785051519723775,-5.224085158954442e-06,2.2737367544323206e-13,2.2737367544323206e-13
932,0.2275390625,0.15785051408275957,-5.2198956464680775e-06,2.2737367544323206e-13,2.2737367544323206e-13
933,0.22778320312500003,0.15785051296828143,-5.215706133981712e-06,2.2737367544323206e-13,2.2737367544323206e-13
934,0.22802734375,0.15785051185380325,-5.211516621495348e-06,2.2737367544323206e-13,2.2737367544323206e-13
935,0.228271484375,0.15785051077307646,-5.207302302301036e-06,2.2737367544323206e-13,2.2737367544323206e-13
936,0.228515625,0.15785050971485065,-5.203071445301426e-06,2.2737367544323206e-13,2.2737367544323206e-13
937,0.228759765625,0.1578505086566248,-5.198840588301816e-06,2.2737367544323206e-13,2.2737367544323206e-13
938,0.22900390625000003,0.157850507598399,-5.194609731302207e-06,2.2737367544323206e-13,2.2737367544323206e-13
939,0.229248046875,0.15785050654017316,-5.190378874302596e-06,2.2737367544323206e-13,2.2737367544323206e-13
940,0.2294921875,0.15785050548194735,-5.186148017302987e-06,2.2737367544323206e-13,2.2737367544323206e-13
941,0.229736328125,0.1578505044237215,-5.1819171603033774e-06,2.2737367544323206e-13,2.2737367544323206e-13
942,0.22998046875,0.15785050336549566,-5.177686303303768e-06,2.2737367544323206e-13,2.2737367544323206e-13
943,0.23022460937500003,0.15785050230726985,-5.173455446304158e-06,2.2737367544323206e-13,2.2737367544323206e-13
944,0.23046875,0.157850501249044,-5.169224589304548e-06,2.2737367544323206e-13,2.2737367544323206e-13
945,0.230712890625,0.1578505001908182,-5.164993732304939e-06,2.2737367544323206e-13,2.2737367544323206e-13
946,0.23095703125,0.15785049913259236,-5.160762875305328e-06,2.2737367544323206e-13,2.2737367544323206e-13
947,0.231201171875,0.15785049807436655,-5.156532018305719e-06,2.2737367544323206e-13,2.2737367544323206e-13
948,0.23144531250000003,0.1578504970161407,-5.1523011613061085e-06,2.2737367544323206e-13,2.2737367544323206e-13
949,0.231689453125,0.15785049595791487,-5.1480703043064995e-06,2.2737367544323206e-13,2.2737367544323206e-13
950,0.23193359375,0.15785049489968905,-5.14383944730689e-06,2.2737367544323206e-13,2.2737367544323206e-13
951,0.232177734375,0.1578504938414632,-5.13960859030728e-06,2.2737367544323206e-13,2.2737367544323206e-13
952,0.232421875,0.1578504927832374,-5.13537773330767e-06,2.2737367544323206e-13,2.2737367544323206e-13
953,0.23266601562500003,0.15785049172501156,-5.13114687630806e-06,2.2737367544323206e-13,2.2737367544323206e-13
954,0.23291015625,0.15785049066678575,-5.12691601930845e-06,2.2737367544323206e-13,2.2737367544323206e-13
955,0.233154296875,0.1578504896085599,-5.122685162308841e-06,2.2737367544323206e-13,2.2737367544323206e-13
956,0.2333984375,0.1578504885503341,-5.11845430530923e-06,2.2737367544323206e-13,2.2737367544323206e-13
957,0.233642578125,0.15785048749210825,-5.1142234483096215e-06,2.2737367544323206e-13,2.2737367544323206e-13
958,0.23388671875000003,0.15785048643388244,-5.10999259131001e-06,2.2737367544323206e-13,2.2737367544323206e-13
959,0.234130859375,0.15785048537565663,-5.105761734310401e-06,2.2737367544323206e-13,2.2737367544323206e-13
960,0.234375,0.1578504843174308,-5.101530877310791e-06,2.2737367544323206e-13,2.2737367544323206e-13
961,0.234619140625,0.15785048332004695,-5.097261952742791e-06,2.2737367544323206e-13,2.2737367544323206e-13
962,0.23486328125,0.15785048232266313,-5.092993028174788e-06,2.2737367544323206e-13,2.2737367544323206e-13
963,0.23510742187500003,0.15785048132527926,-5.088724103606787e-06,2.2737367544323206e-13,2.2737367544323206e-13
964,0.2353515625,0.15785048032789548,-5.084455179038785e-06,2.2737367544323206e-13,2.2737367544323206e-13
965,0.235595703125,0.15785047933051163,-5.080186254470785e-06,2.2737367544323206e-13,2.2737367544323206e-13
966,0.23583984375,0.15785047833312782,-5.075917329902783e-06,2.2737367544323206e-13,2.2737367544323206e-13
967,0.236083984375,0.157850477335744,-5.071648405334781e-06,2.2737367544323206e-13,2.2737367544323206e-13
968,0.23632812500000003,0.15785047633836016,-5.06737948076678e-06,2.2737367544323206e-13,2.2737367544323206e-13
969,0.236572265625,0.15785047534097632,-5.063110556198778e-06,2.2737367544323206e-13,2.2737367544323206e-13
970,0.23681640625,0.15785047434359248,-5.0588416316307775e-06,2.2737367544323206e-13,2.2737367544323206e-13
971,0.237060546875,0.1578504733462087,-5.0545727070627745e-06,2.2737367544323206e-13,2.2737367544323206e-13
972,0.2373046875,0.15785047234882485,-5.050303782494774e-06,2.2737367544323206e-13,2.2737367544323206e-13
973,0.23754882812500003,0.15785047135144104,-5.046034857926772e-06,2.2737367544323206e-13,2.2737367544323206e-13
974,0.23779296875,0.15785047035405722,-5.041765933358771e-06,2.2737367544323206e-13,2.2737367544323206e-13
975,0.238037109375,0.15785046935667335,-5.037497008790769e-06,2.2737367544323206e-13,2.2737367544323206e-13
976,0.23828125,0.15785046835928954,-5.033228084222767e-06,2.2737367544323206e-13,2.2737367544323206e-13
977,0.238525390625,0.15785046736190572,-5.028959159654766e-06,2.2737367544323206e-13,2.2737367544323206e-13
978,0.23876953125000003,0.1578504663645219,-5.024690235086764e-06,2.2737367544323206e-13,2.2737367544323206e-13
979,0.239013671875,0.15785046536713807,-5.0204213105187635e-06,2.2737367544323206e-13,2.2737367544323206e-13
980,0.2392578125,0.15785046436975422,-5.016152385950761e-06,2.2737367544323206e-13,2.2737367544323206e-13
981,0.239501953125,0.1578504633723704,-5.01188346138276e-06,2.2737367544323206e-13,2.2737367544323206e-13
982,0.23974609375,0.15785046237498657,-5.007614536814759e-06,2.2737367544323206e-13,2.2737367544323206e-13
983,0.23999023437500003,0.15785046137760275,-5.003345612246757e-06,2.2737367544323206e-13,2.2737367544323206e-13
984,0.240234375,0.15785046038021894,-4.999076687678755e-06,2.2737367544323206e-13,2.2737367544323206e-13
985,0.240478515625,0.15785045938283512,-4.994807763110754e-06,2.2737367544323206e-13,2.2737367544323206e-13
986,0.24072265625,0.15785045841156717,-4.9905249037867675e-06,2.2737367544323206e-13,2.2737367544323206e-13
987,0.240966796875,0.15785045747947304,-4.986221142328804e-06,2.2737367544323206e-13,2.2737367544323206e-13
988,0.24121093750000003,0.15785045654737892,-4.981917380870839e-06,2.2737367544323206e-13,2.2737367544323206e-13
989,0.241455078125,0.15785045561528482,-4.977613619412874e-06,2.2737367544323206e-13,2.2737367544323206e-13
990,0.24169921875,0.1578504546831907,-4.973309857954911e-06,2.2737367544323206e-13,2.2737367544323206e-13
991,0.241943359375,0.15785045375109658,-4.969006096496946e-06,2.2737367544323206e-13,2.2737367544323206e-13
992,0.2421875,0.1578504528190025,-4.964702335038981e-06,2.2737367544323206e-13,2.2737367544323206e-13
993,0.24243164062500003,0.15785045188690836,-4.960398573581017e-06,2.2737367544323206e-13,2.2737367544323206e-13
994,0.24267578125,0.15785045095481423,-4.956094812123052e-06,2.2737367544323206e-13,2.2737367544323206e-13
995,0.242919921875,0.1578504500227201,-4.951791050665088e-06,2.2737367544323206e-13,2.2737367544323206e-13
996,0.2431640625,0.15785044909062604,-4.947487289207124e-06,2.2737367544323206e-13,2.2737367544323206e-13
997,0.243408203125,0.15785044815853191,-4.94318352774916e-06,2.2737367544323206e-13,2.2737367544323206e-13
998,0.24365234375000003,0.15785044722643776,-4.9388797662911955e-06,2.2737367544323206e-13,2.2737367544323206e-13
999,0.243896484375,0.15785044629434364,-4.934576004833231e-06,2.2737367544323206e-13,2.2737367544323206e-13
1000,0.244140625,0.15785044536224957,-4.930272243375266e-06,2.2737367544323206e-13,2.2737367544323206e-13
1001,0.244384765625,0.15785044443015545,-4.925968481917302e-06,2.2737367544323206e-13,2.2737367544323206e-13
1002,0.24462890625,0.15785044349806132,-4.921664720459337e-06,2.2737367544323206e-13,2.2737367544323206e-13
1003,0.24487304687500003,0.15785044256596723,-4.917360959001372e-06,2.2737367544323206e-13,2.2737367544323206e-13
1004,0.2451171875,0.1578504416338731,-4.913057197543409e-06,2.2737367544323206e-13,2.2737367544323206e-13
1005,0.245361328125,0.15785044070177898,-4.908753436085445e-06,2.2737367544323206e-13,2.2737367544323206e-13
1006,0.24560546875,0.15785043976968485,-4.904449674627481e-06,2.2737367544323206e-13,2.2737367544323206e-13
1007,0.245849609375,0.15785043883759076,-4.900145913169516e-06,2.2737367544323206e-13,2.2737367544323206e-13
1008,0.24609375000000003,0.15785043790549663,-4.895842151711551e-06,2.2737367544323206e-13,2.2737367544323206e-13
1009,0.246337890625,0.15785043697340254,-4.8915383902535875e-06,2.2737367544323206e-13,2.2737367544323206e-13
1010,0.24658203125,0.1578504360413084,-4.887234628795623e-06,2.2737367544323206e-13,2.2737367544323206e-13
1011,0.246826171875,0.1578504351092143,-4.882930867337658e-06,2.2737367544323206e-13,2.2737367544323206e-13
1012,0.2470703125,0.15785043423278686,-4.87860178633343e-06,2.2737367544323206e-13,2.2737367544323206e-13
1013,0.24731445312500003,0.1578504333702761,-4.874266375442634e-06,2.2737367544323206e-13,2.2737367544323206e-13
1014,0.24755859375,0.1578504325077653,-4.869930964551839e-06,2.2737367544323206e-13,2.2737367544323206e-13
1015,0.247802734375,0.15785043164525453,-4.865595553661045e-06,2.2737367544323206e-13,2.2737367544323206e-13
1016,0.248046875,0.15785043078274377,-4.8612601427702486e-06,2.2737367544323206e-13,2.2737367544323206e-13
1017,0.248291015625,0.15785042992023296,-4.856924731879453e-06,2.2737367544323206e-13,2.2737367544323206e-13
1018,0.24853515625000003,0.15785042905772223,-4.852589320988658e-06,2.2737367544323206e-13,2.2737367544323206e-13
1019,0.248779296875,0.15785042819521145,-4.848253910097863e-06,2.2737367544323206e-13,2.2737367544323206e-13
1020,0.2490234375,0.15785042733270066,-4.843918499207067e-06,2.2737367544323206e-13,2.2737367544323206e-13
1021,0.249267578125,0.15785042647018988,-4.839583088316272e-06,2.2737367544323206e-13,2.2737367544323206e-13
1022,0.24951171875,0.15785042560767912,-4.835247677425477e-06,2.2737367544323206e-13,2.2737367544323206e-13
1023,0.24975585937500003,0.15785042474516833,-4.830912266534682e-06,2.2737367544323206e-13,2.2737367544323206e-13
1024,0.25,0.15785042388265755,-4.826576855643887e-06,2.2737367544323206e-13,2.2737367544323206e-13
1025,0.250244140625,0.15785042302014682,-4.822241444753091e-06,2.2737367544323206e-13,2.2737367544323206e-13
1026,0.25048828125,0.157850422157636,-4.817906033862297e-06,2.2737367544323206e-13,2.2737367544323206e-13
1027,0.250732421875,0.15785042129512525,-4.813570622971501e-06,2.2737367544323206e-13,2.2737367544323206e-13
1028,0.2509765625,0.15785042043261444,-4.809235212080706e-06,2.2737367544323206e-13,2.2737367544323206e-13
1029,0.251220703125,0.15785041957010368,-4.804899801189911e-06,2.2737367544323206e-13,2.2737367544323206e-13
1030,0.25146484375,0.15785041870759292,-4.800564390299116e-06,2.2737367544323206e-13,2.2737367544323206e-13
1031,0.251708984375,0.15785041784508216,-4.79622897940832e-06,2.2737367544323206e-13,2.2737367544323206e-13
1032,0.251953125,0.15785041698257138,-4.7918935685175255e-06,2.2737367544323206e-13,2.2737367544323206e-13
1033,0.252197265625,0.1578504161200606,-4.78755815762673e-06,2.2737367544323206e-13,2.2737367544323206e-13
1034,0.25244140625,0.15785041525754984,-4.783222746735935e-06,2.2737367544323206e-13,2.2737367544323206e-13
1035,0.252685546875,0.15785041439503902,-4.778887335845139e-06,2.2737367544323206e-13,2.2737367544323206e-13
1036,0.2529296875,0.15785041353252827,-4.774551924954344e-06,2.2737367544323206e-13,2.2737367544323206e-13
1037,0.253173828125,0.15785041268475933,-4.770210814235625e-06,2.2737367544323206e-13,2.2737367544323206e-13
1038,0.25341796875,0.15785041189595786,-4.765846904205208e-06,2.2737367544323206e-13,2.2737367544323206e-13
1039,0.253662109375,0.1578504111071564,-4.761482994174792e-06,2.2737367544323206e-13,2.2737367544323206e-13
1040,0.25390625,0.1578504103183549,-4.757119084144376e-06,2.2737367544323206e-13,2.2737367544323206e-13
1041,0.254150390625,0.1578504095295534,-4.752755174113959e-06,2.2737367544323206e-13,2.2737367544323206e-13
1042,0.25439453125,0.15785040874075193,-4.748391264083542e-06,2.2737367544323206e-13,2.2737367544323206e-13
1043,0.254638671875,0.15785040795195043,-4.744027354053126e-06,2.2737367544323206e-13,2.2737367544323206e-13
1044,0.2548828125,0.157850407163149,-4.7396634440227095e-06,2.2737367544323206e-13,2.2737367544323206e-13
1045,0.255126953125,0.1578504063743475,-4.7352995339922924e-06,2.2737367544323206e-13,2.2737367544323206e-13
1046,0.25537109375,0.157850405585546,-4.730935623961876e-06,2.2737367544323206e-13,2.2737367544323206e-13
1047,0.255615234375,0.15785040479674453,-4.726571713931459e-06,2.2737367544323206e-13,2.2737367544323206e-13
1048,0.255859375,0.15785040400794303,-4.722207803901042e-06,2.2737367544323206e-13,2.2737367544323206e-13
1049,0.256103515625,0.15785040321914154,-4.717843893870628e-06,2.2737367544323206e-13,2.2737367544323206e-13
1050,0.25634765625,0.15785040243034007,-4.713479983840211e-06,2.2737367544323206e-13,2.2737367544323206e-13
1051,0.256591796875,0.15785040164153857,-4.709116073809794e-06,2.2737367544323206e-13,2.2737367544323206e-13
1052,0.2568359375,0.1578504008527371,-4.7047521637793775e-06,2.2737367544323206e-13,2.2737367544323206e-13
1053,0.257080078125,0.1578504000639356,-4.7003882537489605e-06,2.2737367544323206e-13,2.2737367544323206e-13
1054,0.25732421875,0.1578503992751341,-4.696024343718544e-06,2.2737367544323206e-13,2.2737367544323206e-13
1055,0.257568359375,0.15785039848633264,-4.691660433688127e-06,2.2737367544323206e-13,2.2737367544323206e-13
1056,0.2578125,0.15785039769753118,-4.687296523657711e-06,2.2737367544323206e-13,2.2737367544323206e-13
1057,0.258056640625,0.15785039690872968,-4.682932613627295e-06,2.2737367544323206e-13,2.2737367544323206e-13
1058,0.25830078125,0.15785039611992818,-4.678568703596877e-06,2.2737367544323206e-13,2.2737367544323206e-13
1059,0.258544921875,0.1578503953311267,-4.674204793566462e-06,2.2737367544323206e-13,2.2737367544323206e-13
1060,0.2587890625,0.15785039454232522,-4.669840883536045e-06,2.2737367544323206e-13,2.2737367544323206e-13
1061,0.259033203125,0.15785039375352375,-4.665476973505628e-06,2.2737367544323206e-13,2.2737367544323206e-13
1062,0.25927734375,0.15785039296472225,-4.661113063475212e-06,2.2737367544323206e-13,2.2737367544323206e-13
1063,0.259521484375,0.15785039222251282,-4.656733926330533e-06,2.2737367544323206e-13,2.2737367544323206e-13
1064,0.259765625,0.1578503915113647,-4.652344637776347e-06,2.2737367544323206e-13,2.2737367544323206e-13
1065,0.260009765625,0.15785039080021662,-4.64795534922216e-06,2.2737367544323206e-13,2.2737367544323206e-13
1066,0.26025390625,0.15785039008906857,-4.643566060667973e-06,2.2737367544323206e-13,2.2737367544323206e-13
1067,0.260498046875,0.15785038937792045,-4.639176772113787e-06,2.2737367544323206e-13,2.2737367544323206e-13
1068,0.2607421875,0.15785038866677237,-4.6347874835596e-06,2.2737367544323206e-13,2.2737367544323206e-13
1069,0.260986328125,0.15785038795562426,-4.630398195005413e-06,2.2737367544323206e-13,2.2737367544323206e-13
1070,0.26123046875,0.1578503872444762,-4.6260089064512265e-06,2.2737367544323206e-13,2.2737367544323206e-13
1071,0.261474609375,0.1578503865333281,-4.6216196178970395e-06,2.2737367544323206e-13,2.2737367544323206e-13
1072,0.26171875,0.15785038582218,-4.6172303293428525e-06,2.2737367544323206e-13,2.2737367544323206e-13
1073,0.261962890625,0.1578503851110319,-4.6128410407886655e-06,2.2737367544323206e-13,2.2737367544323206e-13
1074,0.26220703125,0.15785038439988386,-4.608451752234479e-06,2.2737367544323206e-13,2.2737367544323206e-13
1075,0.262451171875,0.15785038368873575,-4.604062463680292e-06,2.2737367544323206e-13,2.2737367544323206e-13
1076,0.2626953125,0.15785038297758763,-4.599673175126105e-06,2.2737367544323206e-13,2.2737367544323206e-13
1077,0.262939453125,0.15785038226643955,-4.595283886571919e-06,2.2737367544323206e-13,2.2737367544323206e-13
1078,0.26318359375,0.15785038155529146,-4.590894598017731e-06,2.2737367544323206e-13,2.2737367544323206e-13
1079,0.263427734375,0.15785038084414338,-4.586505309463545e-06,2.2737367544323206e-13,2.2737367544323206e-13
1080,0.263671875,0.1578503801329953,-4.582116020909359e-06,2.2737367544323206e-13,2.2737367544323206e-13
1081,0.263916015625,0.15785037942184718,-4.577726732355171e-06,2.2737367544323206e-13,2.2737367544323206e-13
1082,0.26416015625,0.1578503787106991,-4.573337443800985e-06,2.2737367544323206e-13,2.2737367544323206e-13
1083,0.264404296875,0.15785037799955104,-4.568948155246798e-06,2.2737367544323206e-13,2.2737367544323206e-13
1084,0.2646484375,0.15785037728840293,-4.564558866692611e-06,2.2737367544323206e-13,2.2737367544323206e-13
1085,0.264892578125,0.15785037657725484,-4.560169578138425e-06,2.2737367544323206e-13,2.2737367544323206e-13
1086,0.26513671875,0.15785037586610676,-4.555780289584238e-06,2.2737367544323206e-13,2.2737367544323206e-13
1087,0.265380859375,0.15785037515495864,-4.551391001030051e-06,2.2737367544323206e-13,2.2737367544323206e-13
1088,0.265625,0.1578503744438106,-4.547001712475864e-06,2.2737367544323206e-13,2.2737367544323206e-13
1089,0.265869140625,0.15785037381406306,-4.54259014700202e-06,2.2737367544323206e-13,2.2737367544323206e-13
1090,0.26611328125,0.15785037318431552,-4.538178581528174e-06,2.2737367544323206e-13,2.2737367544323206e-13
1091,0.266357421875,0.15785037255456802,-4.533767016054328e-06,2.2737367544323206e-13,2.2737367544323206e-13
1092,0.2666015625,0.15785037192482054,-4.529355450580483e-06,2.2737367544323206e-13,2.2737367544323206e-13
1093,0.266845703125,0.15785037129507304,-4.5249438851066376e-06,2.2737367544323206e-13,2.2737367544323206e-13
1094,0.26708984375,0.1578503706653255,-4.520532319632792e-06,2.2737367544323206e-13,2.2737367544323206e-13
1095,0.267333984375,0.157850370035578,-4.516120754158947e-06,2.2737367544323206e-13,2.2737367544323206e-13
1096,0.267578125,0.15785036940583047,-4.511709188685102e-06,2.2737367544323206e-13,2.2737367544323206e-13
1097,0.267822265625,0.15785036877608294,-4.5072976232112555e-06,2.2737367544323206e-13,2.2737367544323206e-13
1098,0.26806640625,0.15785036814633546,-4.50288605773741e-06,2.2737367544323206e-13,2.2737367544323206e-13
1099,0.268310546875,0.15785036751658796,-4.498474492263564e-06,2.2737367544323206e-13,2.2737367544323206e-13
1100,0.2685546875,0.15785036688684043,-4.49406292678972e-06,2.2737367544323206e-13,2.2737367544323206e-13
1101,0.268798828125,0.15785036625709292,-4.4896513613158734e-06,2.2737367544323206e-13,2.2737367544323206e-13
1102,0.26904296875,0.15785036562734545,-4.485239795842029e-06,2.2737367544323206e-13,2.2737367544323206e-13
1103,0.269287109375,0.15785036499759791,-4.480828230368182e-06,2.2737367544323206e-13,2.2737367544323206e-13
1104,0.26953125,0.15785036436785038,-4.4764166648943375e-06,2.2737367544323206e-13,2.2737367544323206e-13
1105,0.269775390625,0.15785036373810288,-4.472005099420493e-06,2.2737367544323206e-13,2.2737367544323206e-13
1106,0.27001953125,0.15785036310835537,-4.467593533946647e-06,2.2737367544323206e-13,2.2737367544323206e-13
1107,0.270263671875,0.15785036247860787,-4.463181968472802e-06,2.2737367544323206e-13,2.2737367544323206e-13
1108,0.2705078125,0.15785036184886037,-4.4587704029989555e-06,2.2737367544323206e-13,2.2737367544323206e-13
1109,0.270751953125,0.15785036121911286,-4.454358837525111e-06,2.2737367544323206e-13,2.2737367544323206e-13
1110,0.27099609375,0.15785036058936533,-4.449947272051266e-06,2.2737367544323206e-13,2.2737367544323206e-13
1111,0.271240234375,0.1578503599596178,-4.44553570657742e-06,2.2737367544323206e-13,2.2737367544323206e-13
1112,0.271484375,0.15785035932987032,-4.441124141103574e-06,2.2737367544323206e-13,2.2737367544323206e-13
1113,0.271728515625,0.15785035870012282,-4.436712575629728e-06,2.2737367544323206e-13,2.2737367544323206e-13
1114,0.27197265625,0.15785035810434841,-4.4322933377833875e-06,2.2737367544323206e-13,2.2737367544323206e-13
1115,0.272216796875,0.15785035755953364,-4.427862591378304e-06,2.2737367544323206e-13,2.2737367544323206e-13
1116,0.2724609375,0.15785035701471892,-4.4234318449732194e-06,2.2737367544323206e-13,2.2737367544323206e-13
1117,0.272705078125,0.15785035646990417,-4.419001098568135e-06,2.2737367544323206e-13,2.2737367544323206e-13
1118,0.27294921875,0.15785035592508942,-4.414570352163051e-06,2.2737367544323206e-13,2.2737367544323206e-13
1119,0.273193359375,0.15785035538027464,-4.410139605757967e-06,2.2737367544323206e-13,2.2737367544323206e-13
1120,0.2734375,0.15785035483545992,-4.405708859352883e-06,2.2737367544323206e-13,2.2737367544323206e-13
1121,0.273681640625,0.15785035429064517,-4.401278112947799e-06,2.2737367544323206e-13,2.2737367544323206e-13
1122,0.27392578125,0.1578503537458304,-4.396847366542715e-06,2.2737367544323206e-13,2.2737367544323206e-13
1123,0.274169921875,0.15785035320101568,-4.39241662013763e-06,2.2737367544323206e-13,2.2737367544323206e-13
1124,0.2744140625,0.15785035265620093,-4.387985873732546e-06,2.2737367544323206e-13,2.2737367544323206e-13
1125,0.274658203125,0.15785035211138618,-4.383555127327463e-06,2.2737367544323206e-13,2.2737367544323206e-13
1126,0.27490234375,0.1578503515665714,-4.3791243809223774e-06,2.2737367544323206e-13,2.2737367544323206e-13
1127,0.275146484375,0.15785035102175668,-4.374693634517294e-06,2.2737367544323206e-13,2.2737367544323206e-13
1128,0.275390625,0.15785035047694193,-4.37026288811221e-06,2.2737367544323206e-13,2.2737367544323206e-13
1129,0.275634765625,0.15785034993212718,-4.365832141707125e-06,2.2737367544323206e-13,2.2737367544323206e-13
1130,0.27587890625,0.15785034938731243,-4.361401395302042e-06,2.2737367544323206e-13,2.2737367544323206e-13
1131,0.276123046875,0.1578503488424977,-4.356970648896957e-06,2.2737367544323206e-13,2.2737367544323206e-13
1132,0.2763671875,0.15785034829768294,-4.352539902491873e-06,2.2737367544323206e-13,2.2737367544323206e-13
1133,0.276611328125,0.1578503477528682,-4.348109156086789e-06,2.2737367544323206e-13,2.2737367544323206e-13
1134,0.27685546875,0.15785034720805344,-4.343678409681705e-06,2.2737367544323206e-13,2.2737367544323206e-13
1135,0.277099609375,0.1578503466632387,-4.339247663276621e-06,2.2737367544323206e-13,2.2737367544323206e-13
1136,0.27734375,0.15785034611842394,-4.334816916871537e-06,2.2737367544323206e-13,2.2737367544323206e-13
1137,0.277587890625,0.15785034557360922,-4.330386170466453e-06,2.2737367544323206e-13,2.2737367544323206e-13
1138,0.27783203125,0.15785034502879447,-4.325955424061368e-06,2.2737367544323206e-13,2.2737367544323206e-13
1139,0.278076171875,0.15785034448397972,-4.321524677656283e-06,2.2737367544323206e-13,2.2737367544323206e-13
1140,0.2783203125,0.15785034400974932,-4.3170810723364335e-06,2.2737367544323206e-13,2.2737367544323206e-13
1141,0.278564453125,0.157850343553165,-4.3126342522878906e-06,2.2737367544323206e-13,2.2737367544323206e-13
1142,0.27880859375,0.1578503430965807,-4.308187432239348e-06,2.2737367544323206e-13,2.2737367544323206e-13
1143,0.279052734375,0.1578503426399964,-4.303740612190805e-06,2.2737367544323206e-13,2.2737367544323206e-13
1144,0.279296875,0.15785034218341207,-4.2992937921422626e-06,2.2737367544323206e-13,2.2737367544323206e-13
1145,0.279541015625,0.1578503417268278,-4.29484697209372e-06,2.2737367544323206e-13,2.2737367544323206e-13
1146,0.27978515625,0.15785034127024347,-4.290400152045176e-06,2.2737367544323206e-13,2.2737367544323206e-13
1147,0.280029296875,0.15785034081365917,-4.2859533319966346e-06,2.2737367544323206e-13,2.2737367544323206e-13
1148,0.2802734375,0.15785034035707485,-4.281506511948091e-06,2.2737367544323206e-13,2.2737367544323206e-13
1149,0.280517578125,0.15785033990049055,-4.277059691899548e-06,2.2737367544323206e-13,2.2737367544323206e-13
1150,0.28076171875,0.15785033944390625,-4.272612871851006e-06,2.2737367544323206e-13,2.2737367544323206e-13
1151,0.281005859375,0.15785033898732195,-4.268166051802463e-06,2.2737367544323206e-13,2.2737367544323206e-13
1152,0.28125,0.15785033853073765,-4.263719231753921e-06,2.2737367544323206e-13,2.2737367544323206e-13
1153,0.281494140625,0.15785033807415333,-4.259272411705377e-06,2.2737367544323206e-13,2.2737367544323206e-13
1154,0.28173828125,0.15785033761756903,-4.254825591656834e-06,2.2737367544323206e-13,2.2737367544323206e-13
1155,0.281982421875,0.15785033716098473,-4.250378771608293e-06,2.2737367544323206e-13,2.2737367544323206e-13
1156,0.2822265625,0.15785033670440043,-4.245931951559749e-06,2.2737367544323206e-13,2.2737367544323206e-13
1157,0.282470703125,0.1578503362478161,-4.241485131511206e-06,2.2737367544323206e-13,2.2737367544323206e-13
1158,0.28271484375,0.1578503357912318,-4.237038311462663e-06,2.2737367544323206e-13,2.2737367544323206e-13
1159,0.282958984375,0.1578503353346475,-4.23259149141412e-06,2.2737367544323206e-13,2.2737367544323206e-13
1160,0.283203125,0.1578503348780632,-4.228144671365579e-06,2.2737367544323206e-13,2.2737367544323206e-13
1161,0.283447265625,0.15785033442147892,-4.223697851317035e-06,2.2737367544323206e-13,2.2737367544323206e-13
1162,0.28369140625,0.1578503339648946,-4.219251031268492e-06,2.2737367544323206e-13,2.2737367544323206e-13
1163,0.283935546875,0.1578503335083103,-4.214804211219949e-06,2.2737367544323206e-13,2.2737367544323206e-13
1164,0.2841796875,0.15785033305172594,-4.210357391171407e-06,2.2737367544323206e-13,2.2737367544323206e-13
1165,0.284423828125,0.15785033261339576,-4.205907984108128e-06,2.2737367544323206e-13,2.2737367544323206e-13
1166,0.28466796875,0.15785033224808187,-4.201448228985906e-06,2.2737367544323206e-13,2.2737367544323206e-13
1167,0.284912109375,0.15785033188276795,-4.196988473863684e-06,2.2737367544323206e-13,2.2737367544323206e-13
1168,0.28515625,0.15785033151745406,-4.192528718741461e-06,2.2737367544323206e-13,2.2737367544323206e-13
1169,0.285400390625,0.15785033115214017,-4.188068963619239e-06,2.2737367544323206e-13,2.2737367544323206e-13
1170,0.28564453125,0.15785033078682628,-4.183609208497016e-06,2.2737367544323206e-13,2.2737367544323206e-13
1171,0.285888671875,0.1578503304215124,-4.179149453374794e-06,2.2737367544323206e-13,2.2737367544323206e-13
1172,0.2861328125,0.15785033005619847,-4.174689698252571e-06,2.2737367544323206e-13,2.2737367544323206e-13
1173,0.286376953125,0.15785032969088458,-4.170229943130349e-06,2.2737367544323206e-13,2.2737367544323206e-13
1174,0.28662109375,0.1578503293255707,-4.165770188008126e-06,2.2737367544323206e-13,2.2737367544323206e-13
1175,0.286865234375,0.1578503289602568,-4.161310432885904e-06,2.2737367544323206e-13,2.2737367544323206e-13
1176,0.287109375,0.1578503285949429,-4.156850677763682e-06,2.2737367544323206e-13,2.2737367544323206e-13
1177,0.287353515625,0.15785032822962902,-4.152390922641459e-06,2.2737367544323206e-13,2.2737367544323206e-13
1178,0.28759765625,0.15785032786431513,-4.147931167519237e-06,2.2737367544323206e-13,2.2737367544323206e-13
1179,0.287841796875,0.15785032749900124,-4.143471412397015e-06,2.2737367544323206e-13,2.2737367544323206e-13
1180,0.2880859375,0.15785032713368735,-4.139011657274793e-06,2.2737367544323206e-13,2.2737367544323206e-13
1181,0.288330078125,0.15785032676837346,-4.13455190215257e-06,2.2737367544323206e-13,2.2737367544323206e-13
1182,0.28857421875,0.15785032640305957,-4.130092147030348e-06,2.2737367544323206e-13,2.2737367544323206e-13
1183,0.288818359375,0.15785032603774568,-4.125632391908125e-06,2.2737367544323206e-13,2.2737367544323206e-13
1184,0.2890625,0.15785032567243176,-4.121172636785903e-06,2.2737367544323206e-13,2.2737367544323206e-13
1185,0.289306640625,0.15785032530711787,-4.11671288166368e-06,2.2737367544323206e-13,2.2737367544323206e-13
1186,0.28955078125,0.15785032494180398,-4.112253126541458e-06,2.2737367544323206e-13,2.2737367544323206e-13
1187,0.289794921875,0.1578503245764901,-4.107793371419236e-06,2.2737367544323206e-13,2.2737367544323206e-13
1188,0.2900390625,0.1578503242111762,-4.103333616297013e-06,2.2737367544323206e-13,2.2737367544323206e-13
1189,0.290283203125,0.1578503238458623,-4.098873861174791e-06,2.2737367544323206e-13,2.2737367544323206e-13
1190,0.29052734375,0.15785032348054842,-4.094414106052569e-06,2.2737367544323206e-13,2.2737367544323206e-13
1191,0.290771484375,0.1578503231716497,-4.0899485031609615e-06,2.2737367544323206e-13,2.2737367544323206e-13
1192,0.291015625,0.1578503229003611,-4.085479001756431e-06,2.2737367544323206e-13,2.2737367544323206e-13
1193,0.291259765625,0.15785032262907248,-4.081009500351901e-06,2.2737367544323206e-13,2.2737367544323206e-13
1194,0.29150390625,0.1578503223577839,-4.07653999894737e-06,2.2737367544323206e-13,2.2737367544323206e-13
1195,0.291748046875,0.15785032208649524,-4.07207049754284e-06,2.2737367544323206e-13,2.2737367544323206e-13
1196,0.2919921875,0.15785032181520664,-4.06760099613831e-06,2.2737367544323206e-13,2.2737367544323206e-13
1197,0.292236328125,0.15785032154391804,-4.06313149473378e-06,2.2737367544323206e-13,2.2737367544323206e-13
1198,0.29248046875,0.1578503212726294,-4.05866199332925e-06,2.2737367544323206e-13,2.2737367544323206e-13
1199,0.292724609375,0.15785032100134078,-4.054192491924719e-06,2.2737367544323206e-13,2.2737367544323206e-13
1200,0.29296875,0.15785032073005217,-4.049722990520189e-06,2.2737367544323206e-13,2.2737367544323206e-13
1201,0.293212890625,0.15785032045876354,-4.045253489115658e-06,2.2737367544323206e-13,2.2737367544323206e-13
1202,0.29345703125,0.15785032018747494,-4.040783987711128e-06,2.2737367544323206e-13,2.2737367544323206e-13
1203,0.293701171875,0.1578503199161863,-4.036314486306598e-06,2.2737367544323206e-13,2.2737367544323206e-13
1204,0.2939453125,0.15785031964489768,-4.031844984902068e-06,2.2737367544323206e-13,2.2737367544323206e-13
1205,0.294189453125,0.1578503193736091,-4.027375483497538e-06,2.2737367544323206e-13,2.2737367544323206e-13
1206,0.29443359375,0.15785031910232045,-4.0229059820930076e-06,2.2737367544323206e-13,2.2737367544323206e-13
1207,0.294677734375,0.15785031883103187,-4.018436480688477e-06,2.2737367544323206e-13,2.2737367544323206e-13
1208,0.294921875,0.15785031855974324,-4.013966979283947e-06,2.2737367544323206e-13,2.2737367544323206e-13
1209,0.295166015625,0.1578503182884546,-4.009497477879417e-06,2.2737367544323206e-13,2.2737367544323206e-13
1210,0.29541015625,0.157850318017166,-4.005027976474887e-06,2.2737367544323206e-13,2.2737367544323206e-13
1211,0.295654296875,0.1578503177458774,-4.000558475070355e-06,2.2737367544323206e-13,2.2737367544323206e-13
1212,0.2958984375,0.15785031747458877,-3.996088973665826e-06,2.2737367544323206e-13,2.2737367544323206e-13
1213,0.296142578125,0.15785031720330017,-3.991619472261295e-06,2.2737367544323206e-13,2.2737367544323206e-13
1214,0.29638671875,0.15785031693201157,-3.987149970856765e-06,2.2737367544323206e-13,2.2737367544323206e-13
1215,0.296630859375,0.15785031666072294,-3.982680469452235e-06,2.2737367544323206e-13,2.2737367544323206e-13
1216,0.296875,0.1578503163894343,-3.978210968047704e-06,2.2737367544323206e-13,2.2737367544323206e-13
1217,0.297119140625,0.15785031621460777,-3.973734952511035e-06,2.2737367544323206e-13,2.2737367544323206e-13
1218,0.29736328125,0.15785031603978114,-3.969258936974364e-06,2.2737367544323206e-13,2.2737367544323206e-13
1219,0.297607421875,0.15785031586495457,-3.964782921437694e-06,2.2737367544323206e-13,2.2737367544323206e-13
1220,0.2978515625,0.15785031569012797,-3.960306905901024e-06,2.2737367544323206e-13,2.2737367544323206e-13
1221,0.298095703125,0.15785031551530138,-3.955830890364353e-06,2.2737367544323206e-13,2.2737367544323206e-13
1222,0.29833984375,0.15785031534047478,-3.951354874827683e-06,2.2737367544323206e-13,2.2737367544323206e-13
1223,0.298583984375,0.15785031516564824,-3.9468788592910125e-06,2.2737367544323206e-13,2.2737367544323206e-13
1224,0.298828125,0.15785031499082164,-3.942402843754342e-06,2.2737367544323206e-13,2.2737367544323206e-13
1225,0.299072265625,0.15785031481599504,-3.937926828217673e-06,2.2737367544323206e-13,2.2737367544323206e-13
1226,0.29931640625,0.15785031464116847,-3.933450812681001e-06,2.2737367544323206e-13,2.2737367544323206e-13
1227,0.299560546875,0.1578503144663419,-3.928974797144332e-06,2.2737367544323206e-13,2.2737367544323206e-13
1228,0.2998046875,0.1578503142915153,-3.9244987816076614e-06,2.2737367544323206e-13,2.2737367544323206e-13
1229,0.300048828125,0.1578503141166887,-3.920022766070991e-06,2.2737367544323206e-13,2.2737367544323206e-13
1230,0.30029296875,0.15785031394186214,-3.9155467505343215e-06,2.2737367544323206e-13,2.2737367544323206e-13
1231,0.300537109375,0.1578503137670355,-3.91107073499765e-06,2.2737367544323206e-13,2.2737367544323206e-13
1232,0.30078125,0.15785031359220894,-3.906594719460981e-06,2.2737367544323206e-13,2.2737367544323206e-13
1233,0.301025390625,0.1578503134173824,-3.90211870392431e-06,2.2737367544323206e-13,2.2737367544323206e-13
1234,0.30126953125,0.15785031324255577,-3.89764268838764e-06,2.2737367544323206e-13,2.2737367544323206e-13
1235,0.301513671875,0.1578503130677292,-3.8931666728509705e-06,2.2737367544323206e-13,2.2737367544323206e-13
1236,0.3017578125,0.1578503128929026,-3.888690657314299e-06,2.2737367544323206e-13,2.2737367544323206e-13
1237,0.302001953125,0.157850312718076,-3.88421464177763e-06,2.2737367544323206e-13,2.2737367544323206e-13
1238,0.30224609375,0.15785031254324944,-3.8797386262409585e-06,2.2737367544323206e-13,2.2737367544323206e-13
1239,0.302490234375,0.15785031236842287,-3.875262610704289e-06,2.2737367544323206e-13,2.2737367544323206e-13
1240,0.302734375,0.15785031219359627,-3.8707865951676185e-06,2.2737367544323206e-13,2.2737367544323206e-13
1241,0.302978515625,0.15785031201876967,-3.866310579630949e-06,2.2737367544323206e-13,2.2737367544323206e-13
1242,0.30322265625,0.15785031188335943,-3.861833346216851e-06,2.2737367544323206e-13,2.2737367544323206e-13
1243,0.303466796875,0.15785031180707365,-3.857354285986611e-06,2.2737367544323206e-13,2.2737367544323206e-13
1244,0.3037109375,0.1578503117307879,-3.852875225756373e-06,2.2737367544323206e-13,2.2737367544323206e-13
1245,0.303955078125,0.1578503116545021,-3.848396165526133e-06,2.2737367544323206e-13,2.2737367544323206e-13
1246,0.30419921875,0.15785031157821636,-3.8439171052958934e-06,2.2737367544323206e-13,2.2737367544323206e-13
1247,0.304443359375,0.1578503115019306,-3.839438045065654e-06,2.2737367544323206e-13,2.2737367544323206e-13
1248,0.3046875,0.15785031142564482,-3.834958984835415e-06,2.2737367544323206e-13,2.2737367544323206e-13
1249,0.304931640625,0.15785031134935903,-3.830479924605176e-06,2.2737367544323206e-13,2.2737367544323206e-13
1250,0.30517578125,0.15785031127307325,-3.826000864374937e-06,2.2737367544323206e-13,2.2737367544323206e-13
1251,0.305419921875,0.1578503111967875,-3.8215218041446974e-06,2.2737367544323206e-13,2.2737367544323206e-13
1252,0.3056640625,0.15785031112050174,-3.817042743914459e-06,2.2737367544323206e-13,2.2737367544323206e-13
1253,0.305908203125,0.15785031104421599,-3.812563683684219e-06,2.2737367544323206e-13,2.2737367544323206e-13
1254,0.30615234375,0.1578503109679302,-3.80808462345398e-06,2.2737367544323206e-13,2.2737367544323206e-13
1255,0.306396484375,0.15785031089164445,-3.8036055632237415e-06,2.2737367544323206e-13,2.2737367544323206e-13
1256,0.306640625,0.15785031081535864,-3.799126502993502e-06,2.2737367544323206e-13,2.2737367544323206e-13
1257,0.306884765625,0.15785031073907288,-3.7946474427632622e-06,2.2737367544323206e-13,2.2737367544323206e-13
1258,0.30712890625,0.15785031066278712,-3.7901683825330226e-06,2.2737367544323206e-13,2.2737367544323206e-13
1259,0.307373046875,0.15785031058650137,-3.7856893223027834e-06,2.2737367544323206e-13,2.2737367544323206e-13
1260,0.3076171875,0.15785031051021559,-3.7812102620725446e-06,2.2737367544323206e-13,2.2737367544323206e-13
1261,0.307861328125,0.15785031043392983,-3.776731201842305e-06,2.2737367544323206e-13,2.2737367544323206e-13
1262,0.30810546875,0.15785031035764405,-3.7722521416120666e-06,2.2737367544323206e-13,2.2737367544323206e-13
1263,0.308349609375,0.15785031028135826,-3.767773081381827e-06,2.2737367544323206e-13,2.2737367544323206e-13
1264,0.30859375,0.1578503102050725,-3.763294021151588e-06,2.2737367544323206e-13,2.2737367544323206e-13
1265,0.308837890625,0.15785031012878675,-3.758814960921349e-06,2.2737367544323206e-13,2.2737367544323206e-13
1266,0.30908203125,0.15785031005250097,-3.7543359006911094e-06,2.2737367544323206e-13,2.2737367544323206e-13
1267,0.309326171875,0.15785030997621521,-3.7498568404608702e-06,2.2737367544323206e-13,2.2737367544323206e-13
1268,0.3095703125,0.15785030998009883,-3.7453782277936606e-06,2.2737367544323206e-13,2.2737367544323206e-13
1269,0.309814453125,0.15785031000402477,-3.740899727017208e-06,2.2737367544323206e-13,2.2737367544323206e-13
1270,0.31005859375,0.1578503100279507,-3.7364212262407556e-06,2.2737367544323206e-13,2.2737367544323206e-13
1271,0.310302734375,0.15785031005187666,-3.731942725464303e-06,2.2737367544323206e-13,2.2737367544323206e-13
1272,0.310546875,0.1578503100758026,-3.7274642246878514e-06,2.2737367544323206e-13,2.2737367544323206e-13
1273,0.310791015625,0.15785031009972855,-3.7229857239113987e-06,2.2737367544323206e-13,2.2737367544323206e-13
1274,0.31103515625,0.1578503101236545,-3.718507223134947e-06,2.2737367544323206e-13,2.2737367544323206e-13
1275,0.311279296875,0.15785031014758044,-3.7140287223584946e-06,2.2737367544323206e-13,2.2737367544323206e-13
1276,0.3115234375,0.1578503101715064,-3.7095502215820414e-06,2.2737367544323206e-13,2.2737367544323206e-13
1277,0.311767578125,0.15785031019543236,-3.705071720805589e-06,2.2737367544323206e-13,2.2737367544323206e-13
1278,0.31201171875,0.15785031021935828,-3.7005932200291364e-06,2.2737367544323206e-13,2.2737367544323206e-13
1279,0.312255859375,0.15785031024328425,-3.696114719252685e-06,2.2737367544323206e-13,2.2737367544323206e-13
1280,0.3125,0.1578503102672102,-3.6916362184762327e-06,2.2737367544323206e-13,2.2737367544323206e-13
1281,0.31274414062499994,0.15785031029113614,-3.687157717699781e-06,2.2737367544323206e-13,2.2737367544323206e-13
1282,0.31298828125,0.1578503103150621,-3.6826792169233272e-06,2.2737367544323206e-13,2.2737367544323206e-13
1283,0.313232421875,0.15785031033898805,-3.6782007161468754e-06,2.2737367544323206e-13,2.2737367544323206e-13
1284,0.3134765625,0.157850310362914,-3.6737222153704226e-06,2.2737367544323206e-13,2.2737367544323206e-13
1285,0.313720703125,0.15785031038683997,-3.669243714593971e-06,2.2737367544323206e-13,2.2737367544323206e-13
1286,0.31396484374999994,0.15785031041076591,-3.664765213817519e-06,2.2737367544323206e-13,2.2737367544323206e-13
1287,0.314208984375,0.15785031043469183,-3.6602867130410657e-06,2.2737367544323206e-13,2.2737367544323206e-13
1288,0.314453125,0.1578503104586178,-3.6558082122646135e-06,2.2737367544323206e-13,2.2737367544323206e-13
1289,0.314697265625,0.15785031048254375,-3.6513297114881616e-06,2.2737367544323206e-13,2.2737367544323206e-13
1290,0.31494140625,0.15785031050646972,-3.6468512107117093e-06,2.2737367544323206e-13,2.2737367544323206e-13
1291,0.31518554687499994,0.15785031053039564,-3.6423727099352566e-06,2.2737367544323206e-13,2.2737367544323206e-13
1292,0.3154296875,0.15785031055432158,-3.6378942091588034e-06,2.2737367544323206e-13,2.2737367544323206e-13
1293,0.315673828125,0.1578503105985304,-3.6334165888406534e-06,2.2737367544323206e-13,2.2737367544323206e-13
1294,0.31591796875,0.1578503107238706,-3.6289424903557075e-06,2.2737367544323206e-13,2.2737367544323206e-13
1295,0.316162109375,0.1578503108492108,-3.624468391870762e-06,2.2737367544323206e-13,2.2737367544323206e-13
1296,0.31640624999999994,0.15785031097455102,-3.6199942933858167e-06,2.2737367544323206e-13,2.2737367544323206e-13
1297,0.316650390625,0.1578503110998912,-3.6155201949008705e-06,2.2737367544323206e-13,2.2737367544323206e-13
1298,0.31689453125,0.15785031122523144,-3.6110460964159243e-06,2.2737367544323206e-13,2.2737367544323206e-13
1299,0.317138671875,0.15785031135057165,-3.6065719979309793e-06,2.2737367544323206e-13,2.2737367544323206e-13
1300,0.3173828125,0.15785031147591186,-3.602097899446034e-06,2.2737367544323206e-13,2.2737367544323206e-13
1301,0.31762695312499994,0.15785031160125204,-3.597623800961088e-06,2.2737367544323206e-13,2.2737367544323206e-13
1302,0.31787109375,0.15785031172659228,-3.593149702476141e-06,2.2737367544323206e-13,2.2737367544323206e-13
1303,0.318115234375,0.1578503118519325,-3.588675603991196e-06,2.2737367544323206e-13,2.2737367544323206e-13
1304,0.318359375,0.15785031197727267,-3.584201505506251e-06,2.2737367544323206e-13,2.2737367544323206e-13
1305,0.318603515625,0.1578503121026129,-3.5797274070213056e-06,2.2737367544323206e-13,2.2737367544323206e-13
1306,0.31884765624999994,0.1578503122279531,-3.57525330853636e-06,2.2737367544323206e-13,2.2737367544323206e-13
1307,0.319091796875,0.1578503123532933,-3.570779210051413e-06,2.2737367544323206e-13,2.2737367544323206e-13
1308,0.3193359375,0.15785031247863351,-3.5663051115664678e-06,2.2737367544323206e-13,2.2737367544323206e-13
1309,0.319580078125,0.15785031260397375,-3.5618310130815224e-06,2.2737367544323206e-13,2.2737367544323206e-13
1310,0.31982421875,0.15785031272931394,-3.5573569145965765e-06,2.2737367544323206e-13,2.2737367544323206e-13
1311,0.32006835937499994,0.15785031285465415,-3.552882816111631e-06,2.2737367544323206e-13,2.2737367544323206e-13
1312,0.3203125,0.15785031297999436,-3.548408717626685e-06,2.2737367544323206e-13,2.2737367544323206e-13
1313,0.320556640625,0.15785031310533454,-3.54393461914174e-06,2.2737367544323206e-13,2.2737367544323206e-13
1314,0.32080078125,0.15785031323067475,-3.5394605206567937e-06,2.2737367544323206e-13,2.2737367544323206e-13
1315,0.321044921875,0.157850313356015,-3.5349864221718487e-06,2.2737367544323206e-13,2.2737367544323206e-13
1316,0.32128906249999994,0.1578503134813552,-3.530512323686903e-06,2.2737367544323206e-13,2.2737367544323206e-13
1317,0.321533203125,0.15785031360669538,-3.5260382252019566e-06,2.2737367544323206e-13,2.2737367544323206e-13
1318,0.32177734375,0.15785031373203562,-3.5215641267170112e-06,2.2737367544323206e-13,2.2737367544323206e-13
1319,0.322021484375,0.15785031391861767,-3.5170951712494e-06,2.2737367544323206e-13,2.2737367544323206e-13
1320,0.322265625,0.15785031414602763,-3.5126296444600113e-06,2.2737367544323206e-13,2.2737367544323206e-13
1321,0.32250976562499994,0.15785031437343755,-3.5081641176706234e-06,2.2737367544323206e-13,2.2737367544323206e-13
1322,0.32275390625,0.15785031460084753,-3.5036985908812342e-06,2.2737367544323206e-13,2.2737367544323206e-13
1323,0.322998046875,0.15785031482825748,-3.499233064091845e-06,2.2737367544323206e-13,2.2737367544323206e-13
1324,0.3232421875,0.15785031505566746,-3.4947675373024567e-06,2.2737367544323206e-13,2.2737367544323206e-13
1325,0.323486328125,0.1578503152830774,-3.4903020105130688e-06,2.2737367544323206e-13,2.2737367544323206e-13
1326,0.32373046874999994,0.15785031551048734,-3.4858364837236804e-06,2.2737367544323206e-13,2.2737367544323206e-13
1327,0.323974609375,0.1578503157378973,-3.481370956934291e-06,2.2737367544323206e-13,2.2737367544323206e-13
1328,0.32421875,0.15785031596530724,-3.476905430144903e-06,2.2737367544323206e-13,2.2737367544323206e-13
1329,0.324462890625,0.15785031619271722,-3.4724399033555146e-06,2.2737367544323206e-13,2.2737367544323206e-13
1330,0.32470703125,0.15785031642012717,-3.4679743765661262e-06,2.2737367544323206e-13,2.2737367544323206e-13
1331,0.32495117187499994,0.15785031664753715,-3.4635088497767383e-06,2.2737367544323206e-13,2.2737367544323206e-13
1332,0.3251953125,0.15785031687494708,-3.4590433229873487e-06,2.2737367544323206e-13,2.2737367544323206e-13
1333,0.325439453125,0.15785031710235706,-3.4545777961979603e-06,2.2737367544323206e-13,2.2737367544323206e-13
1334,0.32568359375,0.15785031732976698,-3.4501122694085724e-06,2.2737367544323206e-13,2.2737367544323206e-13
1335,0.325927734375,0.15785031755717696,-3.445646742619184e-06,2.2737367544323206e-13,2.2737367544323206e-13
1336,0.32617187499999994,0.1578503177845869,-3.441181215829795e-06,2.2737367544323206e-13,2.2737367544323206e-13
1337,0.326416015625,0.15785031801199687,-3.4367156890404066e-06,2.2737367544323206e-13,2.2737367544323206e-13
1338,0.32666015625,0.15785031823940682,-3.4322501622510174e-06,2.2737367544323206e-13,2.2737367544323206e-13
1339,0.326904296875,0.15785031846681677,-3.427784635461629e-06,2.2737367544323206e-13,2.2737367544323206e-13
1340,0.3271484375,0.15785031869422675,-3.423319108672241e-06,2.2737367544323206e-13,2.2737367544323206e-13
1341,0.32739257812499994,0.15785031892163667,-3.4188535818828528e-06,2.2737367544323206e-13,2.2737367544323206e-13
1342,0.32763671875,0.15785031914904665,-3.414388055093463e-06,2.2737367544323206e-13,2.2737367544323206e-13
1343,0.327880859375,0.1578503193764566,-3.4099225283040752e-06,2.2737367544323206e-13,2.2737367544323206e-13
1344,0.328125,0.15785031960386656,-3.405457001514687e-06,2.2737367544323206e-13,2.2737367544323206e-13
1345,0.328369140625,0.15785031993335663,-3.4010046462897944e-06,2.2737367544323206e-13,2.2737367544323206e-13
1346,0.32861328124999994,0.15785032026284673,-3.3965522910649014e-06,2.2737367544323206e-13,2.2737367544323206e-13
1347,0.328857421875,0.1578503205923368,-3.3920999358400076e-06,2.2737367544323206e-13,2.2737367544323206e-13
1348,0.3291015625,0.1578503209218269,-3.3876475806151143e-06,2.2737367544323206e-13,2.2737367544323206e-13
1349,0.329345703125,0.15785032125131698,-3.3831952253902217e-06,2.2737367544323206e-13,2.2737367544323206e-13
1350,0.32958984375,0.15785032158080708,-3.378742870165329e-06,2.2737367544323206e-13,2.2737367544323206e-13
1351,0.32983398437499994,0.15785032191029716,-3.3742905149404367e-06,2.2737367544323206e-13,2.2737367544323206e-13
1352,0.330078125,0.15785032223978726,-3.369838159715543e-06,2.2737367544323206e-13,2.2737367544323206e-13
1353,0.330322265625,0.15785032256927733,-3.365385804490649e-06,2.2737367544323206e-13,2.2737367544323206e-13
1354,0.33056640625,0.15785032289876744,-3.3609334492657566e-06,2.2737367544323206e-13,2.2737367544323206e-13
1355,0.330810546875,0.1578503232282575,-3.3564810940408645e-06,2.2737367544323206e-13,2.2737367544323206e-13
1356,0.33105468749999994,0.1578503235577476,-3.352028738815972e-06,2.2737367544323206e-13,2.2737367544323206e-13
1357,0.331298828125,0.1578503238872377,-3.3475763835910777e-06,2.2737367544323206e-13,2.2737367544323206e-13
1358,0.33154296875,0.1578503242167278,-3.3431240283661843e-06,2.2737367544323206e-13,2.2737367544323206e-13
1359,0.331787109375,0.1578503245462179,-3.338671673141292e-06,2.2737367544323206e-13,2.2737367544323206e-13
1360,0.33203125,0.15785032487570796,-3.3342193179163993e-06,2.2737367544323206e-13,2.2737367544323206e-13
1361,0.33227539062499994,0.15785032520519807,-3.3297669626915068e-06,2.2737367544323206e-13,2.2737367544323206e-13
1362,0.33251953125,0.15785032553468814,-3.3253146074666126e-06,2.2737367544323206e-13,2.2737367544323206e-13
1363,0.332763671875,0.15785032586417824,-3.3208622522417196e-06,2.2737367544323206e-13,2.2737367544323206e-13
1364,0.3330078125,0.15785032619366832,-3.3164098970168267e-06,2.2737367544323206e-13,2.2737367544323206e-13
1365,0.333251953125,0.15785032652315842,-3.311957541791934e-06,2.2737367544323206e-13,2.2737367544323206e-13
1366,0.33349609374999994,0.1578503268526485,-3.3075051865670416e-06,2.2737367544323206e-13,2.2737367544323206e-13
1367,0.333740234375,0.1578503271821386,-3.3030528313421474e-06,2.2737367544323206e-13,2.2737367544323206e-13
1368,0.333984375,0.15785032751162867,-3.298600476117255e-06,2.2737367544323206e-13,2.2737367544323206e-13
1369,0.334228515625,0.15785032784111877,-3.2941481208923623e-06,2.2737367544323206e-13,2.2737367544323206e-13
1370,0.33447265625,0.15785032821113598,-3.2897030991326068e-06,2.2737367544323206e-13,2.2737367544323206e-13
1371,0.33471679687499994,0.15785032864194387,-3.2852690775705572e-06,2.2737367544323206e-13,2.2737367544323206e-13
1372,0.3349609375,0.15785032907275173,-3.2808350560085064e-06,2.2737367544323206e-13,2.2737367544323206e-13
1373,0.335205078125,0.15785032950355965,-3.2764010344464573e-06,2.2737367544323206e-13,2.2737367544323206e-13
1374,0.33544921875,0.15785032993436757,-3.2719670128844082e-06,2.2737367544323206e-13,2.2737367544323206e-13
1375,0.335693359375,0.15785033036517546,-3.2675329913223583e-06,2.2737367544323206e-13,2.2737367544323206e-13
1376,0.33593749999999994,0.15785033079598337,-3.263098969760309e-06,2.2737367544323206e-13,2.2737367544323206e-13
1377,0.336181640625,0.15785033122679126,-3.258664948198259e-06,2.2737367544323206e-13,2.2737367544323206e-13
1378,0.33642578125,0.15785033165759915,-3.2542309266362093e-06,2.2737367544323206e-13,2.2737367544323206e-13
1379,0.336669921875,0.15785033208840707,-3.2497969050741597e-06,2.2737367544323206e-13,2.2737367544323206e-13
1380,0.3369140625,0.15785033251921496,-3.2453628835121106e-06,2.2737367544323206e-13,2.2737367544323206e-13
1381,0.33715820312499994,0.15785033295002288,-3.2409288619500615e-06,2.2737367544323206e-13,2.2737367544323206e-13
1382,0.33740234375,0.1578503333808308,-3.2364948403880107e-06,2.2737367544323206e-13,2.2737367544323206e-13
1383,0.337646484375,0.15785033381163868,-3.2320608188259616e-06,2.2737367544323206e-13,2.2737367544323206e-13
1384,0.337890625,0.15785033424244657,-3.227626797263912e-06,2.2737367544323206e-13,2.2737367544323206e-13
1385,0.338134765625,0.1578503346732545,-3.223192775701863e-06,2.2737367544323206e-13,2.2737367544323206e-13
1386,0.33837890624999994,0.15785033510406235,-3.218758754139813e-06,2.2737367544323206e-13,2.2737367544323206e-13
1387,0.338623046875,0.15785033553487024,-3.214324732577763e-06,2.2737367544323206e-13,2.2737367544323206e-13
1388,0.3388671875,0.15785033596567816,-3.2098907110157136e-06,2.2737367544323206e-13,2.2737367544323206e-13
1389,0.339111328125,0.15785033639648607,-3.205456689453664e-06,2.2737367544323206e-13,2.2737367544323206e-13
1390,0.33935546875,0.15785033682729396,-3.201022667891615e-06,2.2737367544323206e-13,2.2737367544323206e-13
1391,0.33959960937499994,0.15785033725810188,-3.1965886463295654e-06,2.2737367544323206e-13,2.2737367544323206e-13
1392,0.33984375,0.15785033768890977,-3.192154624767515e-06,2.2737367544323206e-13,2.2737367544323206e-13
1393,0.340087890625,0.15785033811971766,-3.1877206032054655e-06,2.2737367544323206e-13,2.2737367544323206e-13
1394,0.34033203125,0.15785033855052558,-3.1832865816434164e-06,2.2737367544323206e-13,2.2737367544323206e-13
1395,0.340576171875,0.15785033898133347,-3.178852560081367e-06,2.2737367544323206e-13,2.2737367544323206e-13
1396,0.34082031249999994,0.1578503394918336,-3.1744379215553367e-06,2.2737367544323206e-13,2.2737367544323206e-13
1397,0.341064453125,0.15785034002225684,-3.1700281287883104e-06,2.2737367544323206e-13,2.2737367544323206e-13
1398,0.34130859375,0.15785034055268005,-3.1656183360212845e-06,2.2737367544323206e-13,2.2737367544323206e-13
1399,0.341552734375,0.15785034108310322,-3.1612085432542595e-06,2.2737367544323206e-13,2.2737367544323206e-13
1400,0.341796875,0.15785034161352646,-3.156798750487234e-06,2.2737367544323206e-13,2.2737367544323206e-13
1401,0.34204101562499994,0.15785034214394966,-3.152388957720209e-06,2.2737367544323206e-13,2.2737367544323206e-13
1402,0.34228515625,0.1578503426743729,-3.1479791649531823e-06,2.2737367544323206e-13,2.2737367544323206e-13
1403,0.342529296875,0.1578503432047961,-3.1435693721861564e-06,2.2737367544323206e-13,2.2737367544323206e-13
1404,0.3427734375,0.15785034373521928,-3.1391595794191318e-06,2.2737367544323206e-13,2.2737367544323206e-13
1405,0.343017578125,0.15785034426564248,-3.134749786652106e-06,2.2737367544323206e-13,2.2737367544323206e-13
1406,0.34326171874999994,0.1578503447960657,-3.130339993885081e-06,2.2737367544323206e-13,2.2737367544323206e-13
1407,0.343505859375,0.15785034532648892,-3.125930201118054e-06,2.2737367544323206e-13,2.2737367544323206e-13
1408,0.34375,0.1578503458569121,-3.1215204083510287e-06,2.2737367544323206e-13,2.2737367544323206e-13
1409,0.343994140625,0.1578503463873353,-3.1171106155840036e-06,2.2737367544323206e-13,2.2737367544323206e-13
1410,0.34423828125,0.15785034691775854,-3.1127008228169778e-06,2.2737367544323206e-13,2.2737367544323206e-13
1411,0.34448242187499994,0.15785034744818174,-3.1082910300499527e-06,2.2737367544323206e-13,2.2737367544323206e-13
1412,0.3447265625,0.15785034797860498,-3.103881237282926e-06,2.2737367544323206e-13,2.2737367544323206e-13
1413,0.344970703125,0.15785034850902815,-3.0994714445159006e-06,2.2737367544323206e-13,2.2737367544323206e-13
1414,0.34521484375,0.15785034903945136,-3.095061651748875e-06,2.2737367544323206e-13,2.2737367544323206e-13
1415,0.345458984375,0.1578503495698746,-3.0906518589818496e-06,2.2737367544323206e-13,2.2737367544323206e-13
1416,0.34570312499999994,0.1578503501002978,-3.086242066214825e-06,2.2737367544323206e-13,2.2737367544323206e-13
1417,0.345947265625,0.157850350630721,-3.081832273447798e-06,2.2737367544323206e-13,2.2737367544323206e-13
1418,0.34619140625,0.15785035116114418,-3.077422480680773e-06,2.2737367544323206e-13,2.2737367544323206e-13
1419,0.346435546875,0.1578503516915674,-3.0730126879137474e-06,2.2737367544323206e-13,2.2737367544323206e-13
1420,0.3466796875,0.15785035222199062,-3.068602895146722e-06,2.2737367544323206e-13,2.2737367544323206e-13
1421,0.34692382812499994,0.15785035277176374,-3.0641993184963318e-06,2.2737367544323206e-13,2.2737367544323206e-13
1422,0.34716796875,0.1578503533989364,-3.0598206063124826e-06,2.2737367544323206e-13,2.2737367544323206e-13
1423,0.347412109375,0.15785035402610909,-3.0554418941286356e-06,2.2737367544323206e-13,2.2737367544323206e-13
1424,0.34765625,0.1578503546532818,-3.0510631819447874e-06,2.2737367544323206e-13,2.2737367544323206e-13
1425,0.347900390625,0.1578503552804545,-3.0466844697609395e-06,2.2737367544323206e-13,2.2737367544323206e-13
1426,0.34814453124999994,0.15785035590762717,-3.0423057575770917e-06,2.2737367544323206e-13,2.2737367544323206e-13
1427,0.348388671875,0.15785035653479987,-3.0379270453932426e-06,2.2737367544323206e-13,2.2737367544323206e-13
1428,0.3486328125,0.15785035716197254,-3.0335483332093947e-06,2.2737367544323206e-13,2.2737367544323206e-13
1429,0.348876953125,0.15785035778914525,-3.0291696210255473e-06,2.2737367544323206e-13,2.2737367544323206e-13
1430,0.34912109375,0.1578503584163179,-3.024790908841699e-06,2.2737367544323206e-13,2.2737367544323206e-13
1431,0.34936523437499994,0.1578503590434906,-3.0204121966578516e-06,2.2737367544323206e-13,2.2737367544323206e-13
1432,0.349609375,0.15785035967066333,-3.0160334844740025e-06,2.2737367544323206e-13,2.2737367544323206e-13
1433,0.349853515625,0.15785036029783597,-3.0116547722901547e-06,2.2737367544323206e-13,2.2737367544323206e-13
1434,0.35009765625,0.15785036092500868,-3.0072760601063064e-06,2.2737367544323206e-13,2.2737367544323206e-13
1435,0.350341796875,0.15785036155218135,-3.002897347922459e-06,2.2737367544323206e-13,2.2737367544323206e-13
1436,0.35058593749999994,0.15785036217935405,-2.998518635738611e-06,2.2737367544323206e-13,2.2737367544323206e-13
1437,0.350830078125,0.15785036280652676,-2.994139923554762e-06,2.2737367544323206e-13,2.2737367544323206e-13
1438,0.35107421875,0.1578503634336994,-2.989761211370914e-06,2.2737367544323206e-13,2.2737367544323206e-13
1439,0.351318359375,0.15785036406087213,-2.9853824991870664e-06,2.2737367544323206e-13,2.2737367544323206e-13
1440,0.3515625,0.1578503646880448,-2.981003787003218e-06,2.2737367544323206e-13,2.2737367544323206e-13
1441,0.35180664062499994,0.15785036531521748,-2.976625074819371e-06,2.2737367544323206e-13,2.2737367544323206e-13
1442,0.35205078125,0.1578503659423902,-2.972246362635522e-06,2.2737367544323206e-13,2.2737367544323206e-13
1443,0.352294921875,0.1578503665695629,-2.9678676504516737e-06,2.2737367544323206e-13,2.2737367544323206e-13
1444,0.3525390625,0.15785036719673556,-2.963488938267826e-06,2.2737367544323206e-13,2.2737367544323206e-13
1445,0.352783203125,0.15785036782390824,-2.959110226083978e-06,2.2737367544323206e-13,2.2737367544323206e-13
1446,0.35302734374999994,0.15785036845108094,-2.95473151390013e-06,2.2737367544323206e-13,2.2737367544323206e-13
1447,0.353271484375,0.15785036913384937,-2.950376312379529e-06,2.2737367544323206e-13,2.2737367544323206e-13
1448,0.353515625,0.15785036985368164,-2.946036784634427e-06,2.2737367544323206e-13,2.2737367544323206e-13
1449,0.353759765625,0.15785037057351387,-2.941697256889325e-06,2.2737367544323206e-13,2.2737367544323206e-13
1450,0.35400390625,0.15785037129334614,-2.937357729144223e-06,2.2737367544323206e-13,2.2737367544323206e-13
1451,0.35424804687499994,0.1578503720131784,-2.9330182013991206e-06,2.2737367544323206e-13,2.2737367544323206e-13
1452,0.3544921875,0.15785037273301064,-2.928678673654018e-06,2.2737367544323206e-13,2.2737367544323206e-13
1453,0.354736328125,0.15785037345284286,-2.924339145908916e-06,2.2737367544323206e-13,2.2737367544323206e-13
1454,0.35498046875,0.15785037417267514,-2.919999618163814e-06,2.2737367544323206e-13,2.2737367544323206e-13
1455,0.355224609375,0.15785037489250742,-2.915660090418712e-06,2.2737367544323206e-13,2.2737367544323206e-13
1456,0.35546874999999994,0.15785037561233964,-2.91132056267361e-06,2.2737367544323206e-13,2.2737367544323206e-13
1457,0.355712890625,0.15785037633217192,-2.906981034928507e-06,2.2737367544323206e-13,2.2737367544323206e-13
1458,0.35595703125,0.15785037705200416,-2.902641507183405e-06,2.2737367544323206e-13,2.2737367544323206e-13
1459,0.356201171875,0.15785037777183641,-2.898301979438303e-06,2.2737367544323206e-13,2.2737367544323206e-13
1460,0.3564453125,0.15785037849166866,-2.893962451693201e-06,2.2737367544323206e-13,2.2737367544323206e-13
1461,0.35668945312499994,0.1578503792115009,-2.889622923948099e-06,2.2737367544323206e-13,2.2737367544323206e-13
1462,0.35693359375,0.15785037993133316,-2.885283396202996e-06,2.2737367544323206e-13,2.2737367544323206e-13
1463,0.357177734375,0.15785038065116544,-2.880943868457894e-06,2.2737367544323206e-13,2.2737367544323206e-13
1464,0.357421875,0.1578503813709977,-2.876604340712792e-06,2.2737367544323206e-13,2.2737367544323206e-13
1465,0.357666015625,0.15785038209082994,-2.87226481296769e-06,2.2737367544323206e-13,2.2737367544323206e-13
1466,0.35791015624999994,0.15785038281066222,-2.8679252852225882e-06,2.2737367544323206e-13,2.2737367544323206e-13
1467,0.358154296875,0.15785038353049444,-2.863585757477485e-06,2.2737367544323206e-13,2.2737367544323206e-13
1468,0.3583984375,0.1578503842503267,-2.859246229732383e-06,2.2737367544323206e-13,2.2737367544323206e-13
1469,0.358642578125,0.15785038497015894,-2.854906701987281e-06,2.2737367544323206e-13,2.2737367544323206e-13
1470,0.35888671875,0.1578503856899912,-2.850567174242179e-06,2.2737367544323206e-13,2.2737367544323206e-13
1471,0.35913085937499994,0.15785038640982343,-2.8462276464970776e-06,2.2737367544323206e-13,2.2737367544323206e-13
1472,0.359375,0.1578503871296557,-2.8418881187519744e-06,2.2737367544323206e-13,2.2737367544323206e-13
1473,0.359619140625,0.15785038793587705,-2.8375975279717947e-06,2.2737367544323206e-13,2.2737367544323206e-13
1474,0.35986328125,0.15785038874209836,-2.833306937191616e-06,2.2737367544323206e-13,2.2737367544323206e-13
1475,0.360107421875,0.1578503895483197,-2.829016346411437e-06,2.2737367544323206e-13,2.2737367544323206e-13
1476,0.36035156249999994,0.15785039035454104,-2.8247257556312574e-06,2.2737367544323206e-13,2.2737367544323206e-13
1477,0.360595703125,0.15785039116076238,-2.8204351648510773e-06,2.2737367544323206e-13,2.2737367544323206e-13
1478,0.36083984375,0.15785039196698372,-2.816144574070898e-06,2.2737367544323206e-13,2.2737367544323206e-13
1479,0.361083984375,0.15785039277320506,-2.811853983290719e-06,2.2737367544323206e-13,2.2737367544323206e-13
1480,0.361328125,0.15785039357942637,-2.8075633925105396e-06,2.2737367544323206e-13,2.2737367544323206e-13
1481,0.36157226562499994,0.15785039438564769,-2.8032728017303603e-06,2.2737367544323206e-13,2.2737367544323206e-13
1482,0.36181640625,0.15785039519186903,-2.79898221095018e-06,2.2737367544323206e-13,2.2737367544323206e-13
1483,0.362060546875,0.1578503959980904,-2.794691620170001e-06,2.2737367544323206e-13,2.2737367544323206e-13
1484,0.3623046875,0.1578503968043117,-2.7904010293898217e-06,2.2737367544323206e-13,2.2737367544323206e-13
1485,0.362548828125,0.15785039761053304,-2.786110438609642e-06,2.2737367544323206e-13,2.2737367544323206e-13
1486,0.36279296874999994,0.15785039841675438,-2.7818198478294632e-06,2.2737367544323206e-13,2.2737367544323206e-13
1487,0.363037109375,0.15785039922297572,-2.777529257049283e-06,2.2737367544323206e-13,2.2737367544323206e-13
1488,0.36328125,0.15785040002919706,-2.7732386662691035e-06,2.2737367544323206e-13,2.2737367544323206e-13
1489,0.363525390625,0.15785040083541835,-2.7689480754889247e-06,2.2737367544323206e-13,2.2737367544323206e-13
1490,0.36376953125,0.15785040164163971,-2.7646574847087454e-06,2.2737367544323206e-13,2.2737367544323206e-13
1491,0.36401367187499994,0.15785040244786103,-2.760366893928566e-06,2.2737367544323206e-13,2.2737367544323206e-13
1492,0.3642578125,0.15785040325408237,-2.756076303148386e-06,2.2737367544323206e-13,2.2737367544323206e-13
1493,0.364501953125,0.1578504040603037,-2.751785712368207e-06,2.2737367544323206e-13,2.2737367544323206e-13
1494,0.36474609375,0.15785040486652505,-2.747495121588027e-06,2.2737367544323206e-13,2.2737367544323206e-13
1495,0.364990234375,0.15785040567274639,-2.7432045308078483e-06,2.2737367544323206e-13,2.2737367544323206e-13
1496,0.36523437499999994,0.15785040647896767,-2.738913940027669e-06,2.2737367544323206e-13,2.2737367544323206e-13
1497,0.365478515625,0.15785040728518904,-2.7346233492474886e-06,2.2737367544323206e-13,2.2737367544323206e-13
1498,0.36572265625,0.15785040812260984,-2.7303571091226926e-06,2.2737367544323206e-13,2.2737367544323206e-13
1499,0.365966796875,0.15785040900682978,-2.72612739498097e-06,2.2737367544323206e-13,2.2737367544323206e-13
1500,0.3662109375,0.1578504098910497,-2.721897680839248e-06,2.2737367544323206e-13,2.2737367544323206e-13
1501,0.36645507812499994,0.15785041077526968,-2.717667966697526e-06,2.2737367544323206e-13,2.2737367544323206e-13
1502,0.36669921875,0.15785041165948965,-2.7134382525558023e-06,2.2737367544323206e-13,2.2737367544323206e-13
1503,0.366943359375,0.1578504125437096,-2.7092085384140806e-06,2.2737367544323206e-13,2.2737367544323206e-13
1504,0.3671875,0.15785041342792952,-2.704978824272358e-06,2.2737367544323206e-13,2.2737367544323206e-13
1505,0.367431640625,0.15785041431214952,-2.700749110130636e-06,2.2737367544323206e-13,2.2737367544323206e-13
1506,0.36767578124999994,0.15785041519636947,-2.696519395988914e-06,2.2737367544323206e-13,2.2737367544323206e-13
1507,0.367919921875,0.15785041608058942,-2.6922896818471907e-06,2.2737367544323206e-13,2.2737367544323206e-13
1508,0.3681640625,0.15785041696480936,-2.6880599677054686e-06,2.2737367544323206e-13,2.2737367544323206e-13
1509,0.368408203125,0.15785041784902934,-2.6838302535637466e-06,2.2737367544323206e-13,2.2737367544323206e-13
1510,0.36865234375,0.1578504187332493,-2.6796005394220245e-06,2.2737367544323206e-13,2.2737367544323206e-13
1511,0.36889648437499994,0.15785041961746923,-2.6753708252803025e-06,2.2737367544323206e-13,2.2737367544323206e-13
1512,0.369140625,0.1578504205016892,-2.6711411111385787e-06,2.2737367544323206e-13,2.2737367544323206e-13
1513,0.369384765625,0.15785042138590916,-2.6669113969968566e-06,2.2737367544323206e-13,2.2737367544323206e-13
1514,0.36962890625,0.1578504222701291,-2.6626816828551346e-06,2.2737367544323206e-13,2.2737367544323206e-13
1515,0.369873046875,0.15785042315434908,-2.6584519687134125e-06,2.2737367544323206e-13,2.2737367544323206e-13
1516,0.37011718749999994,0.15785042403856903,-2.65422225457169e-06,2.2737367544323206e-13,2.2737367544323206e-13
1517,0.370361328125,0.15785042492278897,-2.649992540429967e-06,2.2737367544323206e-13,2.2737367544323206e-13
1518,0.37060546875,0.15785042580700892,-2.645762826288245e-06,2.2737367544323206e-13,2.2737367544323206e-13
1519,0.370849609375,0.1578504266912289,-2.6415331121465226e-06,2.2737367544323206e-13,2.2737367544323206e-13
1520,0.37109375,0.15785042757544884,-2.6373033980048005e-06,2.2737367544323206e-13,2.2737367544323206e-13
1521,0.37133789062499994,0.1578504284596688,-2.633073683863078e-06,2.2737367544323206e-13,2.2737367544323206e-13
1522,0.37158203125,0.15785042934388874,-2.628843969721355e-06,2.2737367544323206e-13,2.2737367544323206e-13
1523,0.371826171875,0.1578504302281087,-2.6246142555796327e-06,2.2737367544323206e-13,2.2737367544323206e-13
1524,0.3720703125,0.15785043116557276,-2.6204451372156716e-06,2.2737367544323206e-13,2.2737367544323206e-13
1525,0.372314453125,0.15785043211634778,-2.61629116779615e-06,2.2737367544323206e-13,2.2737367544323206e-13
1526,0.37255859374999994,0.15785043306712282,-2.6121371983766294e-06,2.2737367544323206e-13,2.2737367544323206e-13
1527,0.372802734375,0.15785043401789783,-2.607983228957107e-06,2.2737367544323206e-13,2.2737367544323206e-13
1528,0.373046875,0.15785043496867288,-2.6038292595375854e-06,2.2737367544323206e-13,2.2737367544323206e-13
1529,0.373291015625,0.15785043591944795,-2.5996752901180648e-06,2.2737367544323206e-13,2.2737367544323206e-13
1530,0.37353515625,0.15785043687022296,-2.5955213206985432e-06,2.2737367544323206e-13,2.2737367544323206e-13
1531,0.37377929687499994,0.157850437820998,-2.591367351279022e-06,2.2737367544323206e-13,2.2737367544323206e-13
1532,0.3740234375,0.15785043877177302,-2.5872133818595e-06,2.2737367544323206e-13,2.2737367544323206e-13
1533,0.374267578125,0.15785043972254806,-2.583059412439979e-06,2.2737367544323206e-13,2.2737367544323206e-13
1534,0.37451171875,0.15785044067332313,-2.5789054430204575e-06,2.2737367544323206e-13,2.2737367544323206e-13
1535,0.374755859375,0.15785044162409817,-2.5747514736009368e-06,2.2737367544323206e-13,2.2737367544323206e-13
1536,0.37500000000000006,0.1578504425748732,-2.570597504181414e-06,2.2737367544323206e-13,2.2737367544323206e-13
1537,0.375244140625,0.15785044352564823,-2.5664435347618924e-06,2.2737367544323206e-13,2.2737367544323206e-13
1538,0.37548828125,0.1578504444764233,-2.5622895653423717e-06,2.2737367544323206e-13,2.2737367544323206e-13
1539,0.375732421875,0.1578504454271983,-2.55813559592285e-06,2.2737367544323206e-13,2.2737367544323206e-13
1540,0.3759765625,0.15785044637797335,-2.553981626503329e-06,2.2737367544323206e-13,2.2737367544323206e-13
1541,0.37622070312500006,0.15785044732874837,-2.549827657083807e-06,2.2737367544323206e-13,2.2737367544323206e-13
1542,0.37646484375,0.1578504482795234,-2.545673687664286e-06,2.2737367544323206e-13,2.2737367544323206e-13
1543,0.376708984375,0.15785044923029845,-2.5415197182447645e-06,2.2737367544323206e-13,2.2737367544323206e-13
1544,0.376953125,0.1578504501810735,-2.5373657488252438e-06,2.2737367544323206e-13,2.2737367544323206e-13
1545,0.377197265625,0.15785045113184853,-2.5332117794057222e-06,2.2737367544323206e-13,2.2737367544323206e-13
1546,0.37744140625000006,0.15785045208262358,-2.5290578099862e-06,2.2737367544323206e-13,2.2737367544323206e-13
1547,0.377685546875,0.15785045303339865,-2.524903840566679e-06,2.2737367544323206e-13,2.2737367544323206e-13
1548,0.3779296875,0.15785045398417366,-2.5207498711471576e-06,2.2737367544323206e-13,2.2737367544323206e-13
1549,0.378173828125,0.157850454945164,-2.516614817411341e-06,2.2737367544323206e-13,2.2737367544323206e-13
1550,0.37841796875,0.15785045594701563,-2.51255542641034e-06,2.2737367544323206e-13,2.2737367544323206e-13
1551,0.37866210937500006,0.15785045694886726,-2.508496035409338e-06,2.2737367544323206e-13,2.2737367544323206e-13
1552,0.37890625,0.1578504579507189,-2.5044366444083373e-06,2.2737367544323206e-13,2.2737367544323206e-13
1553,0.379150390625,0.15785045895257052,-2.5003772534073362e-06,2.2737367544323206e-13,2.2737367544323206e-13
1554,0.37939453125,0.15785045995442215,-2.4963178624063356e-06,2.2737367544323206e-13,2.2737367544323206e-13
1555,0.379638671875,0.15785046095627375,-2.4922584714053346e-06,2.2737367544323206e-13,2.2737367544323206e-13
1556,0.37988281250000006,0.15785046195812538,-2.4881990804043327e-06,2.2737367544323206e-13,2.2737367544323206e-13
1557,0.380126953125,0.157850462959977,-2.484139689403332e-06,2.2737367544323206e-13,2.2737367544323206e-13
1558,0.38037109375,0.1578504639618286,-2.4800802984023314e-06,2.2737367544323206e-13,2.2737367544323206e-13
1559,0.380615234375,0.15785046496368024,-2.4760209074013304e-06,2.2737367544323206e-13,2.2737367544323206e-13
1560,0.380859375,0.15785046596553187,-2.4719615164003297e-06,2.2737367544323206e-13,2.2737367544323206e-13
1561,0.38110351562500006,0.1578504669673835,-2.4679021253993274e-06,2.2737367544323206e-13,2.2737367544323206e-13
1562,0.38134765625,0.1578504679692351,-2.4638427343983264e-06,2.2737367544323206e-13,2.2737367544323206e-13
1563,0.381591796875,0.15785046897108673,-2.4597833433973258e-06,2.2737367544323206e-13,2.2737367544323206e-13
1564,0.3818359375,0.15785046997293836,-2.455723952396325e-06,2.2737367544323206e-13,2.2737367544323206e-13
1565,0.382080078125,0.15785047097479,-2.4516645613953245e-06,2.2737367544323206e-13,2.2737367544323206e-13
1566,0.38232421875000006,0.1578504719766416,-2.447605170394322e-06,2.2737367544323206e-13,2.2737367544323206e-13
1567,0.382568359375,0.15785047297849322,-2.443545779393321e-06,2.2737367544323206e-13,2.2737367544323206e-13
1568,0.3828125,0.15785047398034485,-2.4394863883923205e-06,2.2737367544323206e-13,2.2737367544323206e-13
1569,0.383056640625,0.15785047498219648,-2.43542699739132e-06,2.2737367544323206e-13,2.2737367544323206e-13
1570,0.38330078125,0.1578504759840481,-2.4313676063903193e-06,2.2737367544323206e-13,2.2737367544323206e-13
1571,0.38354492187500006,0.15785047698589974,-2.4273082153893174e-06,2.2737367544323206e-13,2.2737367544323206e-13
1572,0.3837890625,0.15785047798775137,-2.4232488243883163e-06,2.2737367544323206e-13,2.2737367544323206e-13
1573,0.384033203125,0.15785047898960297,-2.4191894333873157e-06,2.2737367544323206e-13,2.2737367544323206e-13
1574,0.38427734375,0.1578504799914546,-2.4151300423863147e-06,2.2737367544323206e-13,2.2737367544323206e-13
1575,0.384521484375,0.15785048101140206,-2.411141965764581e-06,2.2737367544323206e-13,2.2737367544323206e-13
1576,0.38476562500000006,0.15785048204341337,-2.4072014320623566e-06,2.2737367544323206e-13,2.2737367544323206e-13
1577,0.385009765625,0.1578504830754247,-2.403260898360133e-06,2.2737367544323206e-13,2.2737367544323206e-13
1578,0.38525390625,0.15785048410743605,-2.39932036465791e-06,2.2737367544323206e-13,2.2737367544323206e-13
1579,0.385498046875,0.15785048513944736,-2.3953798309556877e-06,2.2737367544323206e-13,2.2737367544323206e-13
1580,0.3857421875,0.1578504861714587,-2.3914392972534643e-06,2.2737367544323206e-13,2.2737367544323206e-13
1581,0.38598632812500006,0.15785048720347003,-2.38749876355124e-06,2.2737367544323206e-13,2.2737367544323206e-13
1582,0.38623046875,0.1578504882354813,-2.383558229849017e-06,2.2737367544323206e-13,2.2737367544323206e-13
1583,0.386474609375,0.15785048926749268,-2.3796176961467936e-06,2.2737367544323206e-13,2.2737367544323206e-13
1584,0.38671875,0.157850490299504,-2.3756771624445707e-06,2.2737367544323206e-13,2.2737367544323206e-13
1585,0.386962890625,0.15785049133151532,-2.3717366287423477e-06,2.2737367544323206e-13,2.2737367544323206e-13
1586,0.38720703125000006,0.15785049236352663,-2.3677960950401235e-06,2.2737367544323206e-13,2.2737367544323206e-13
1587,0.387451171875,0.157850493395538,-2.3638555613379005e-06,2.2737367544323206e-13,2.2737367544323206e-13
1588,0.3876953125,0.15785049442754928,-2.359915027635677e-06,2.2737367544323206e-13,2.2737367544323206e-13
1589,0.387939453125,0.15785049545956062,-2.3559744939334545e-06,2.2737367544323206e-13,2.2737367544323206e-13
1590,0.38818359375,0.15785049649157196,-2.352033960231231e-06,2.2737367544323206e-13,2.2737367544323206e-13
1591,0.38842773437500006,0.15785049752358327,-2.348093426529007e-06,2.2737367544323206e-13,2.2737367544323206e-13
1592,0.388671875,0.1578504985555946,-2.344152892826784e-06,2.2737367544323206e-13,2.2737367544323206e-13
1593,0.388916015625,0.15785049958760594,-2.3402123591245605e-06,2.2737367544323206e-13,2.2737367544323206e-13
1594,0.38916015625,0.15785050061961725,-2.336271825422338e-06,2.2737367544323206e-13,2.2737367544323206e-13
1595,0.389404296875,0.1578505016516286,-2.3323312917201146e-06,2.2737367544323206e-13,2.2737367544323206e-13
1596,0.38964843750000006,0.15785050268363993,-2.3283907580178908e-06,2.2737367544323206e-13,2.2737367544323206e-13
1597,0.389892578125,0.15785050371565124,-2.324450224315667e-06,2.2737367544323206e-13,2.2737367544323206e-13
1598,0.39013671875,0.15785050474766257,-2.320509690613444e-06,2.2737367544323206e-13,2.2737367544323206e-13
1599,0.390380859375,0.1578505057796739,-2.3165691569112214e-06,2.2737367544323206e-13,2.2737367544323206e-13
1600,0.390625,0.15785050681168522,-2.312628623208998e-06,2.2737367544323206e-13,2.2737367544323206e-13
1601,0.39086914062500006,0.15785050784546675,-2.308838818016658e-06,2.2737367544323206e-13,2.2737367544323206e-13
1602,0.39111328125,0.15785050887924829,-2.3050490128243184e-06,2.2737367544323206e-13,2.2737367544323206e-13
1603,0.391357421875,0.15785050991302982,-2.301259207631979e-06,2.2737367544323206e-13,2.2737367544323206e-13
1604,0.3916015625,0.15785051094681135,-2.29746940243964e-06,2.2737367544323206e-13,2.2737367544323206e-13
1605,0.391845703125,0.15785051198059288,-2.2936795972473007e-06,2.2737367544323206e-13,2.2737367544323206e-13
1606,0.39208984375000006,0.15785051301437442,-2.2898897920549607e-06,2.2737367544323206e-13,2.2737367544323206e-13
1607,0.392333984375,0.15785051404815598,-2.2860999868626215e-06,2.2737367544323206e-13,2.2737367544323206e-13
1608,0.392578125,0.1578505150819375,-2.2823101816702823e-06,2.2737367544323206e-13,2.2737367544323206e-13
1609,0.392822265625,0.15785051611571904,-2.2785203764779427e-06,2.2737367544323206e-13,2.2737367544323206e-13
1610,0.39306640625,0.15785051714950057,-2.2747305712856035e-06,2.2737367544323206e-13,2.2737367544323206e-13
1611,0.39331054687500006,0.15785051818328213,-2.2709407660932634e-06,2.2737367544323206e-13,2.2737367544323206e-13
1612,0.3935546875,0.15785051921706367,-2.2671509609009238e-06,2.2737367544323206e-13,2.2737367544323206e-13
1613,0.393798828125,0.15785052025084517,-2.2633611557085846e-06,2.2737367544323206e-13,2.2737367544323206e-13
1614,0.39404296875,0.1578505212846267,-2.2595713505162454e-06,2.2737367544323206e-13,2.2737367544323206e-13
1615,0.394287109375,0.15785052231840827,-2.255781545323906e-06,2.2737367544323206e-13,2.2737367544323206e-13
1616,0.39453125000000006,0.1578505233521898,-2.2519917401315657e-06,2.2737367544323206e-13,2.2737367544323206e-13
1617,0.394775390625,0.15785052438597133,-2.2482019349392265e-06,2.2737367544323206e-13,2.2737367544323206e-13
1618,0.39501953125,0.15785052541975286,-2.2444121297468873e-06,2.2737367544323206e-13,2.2737367544323206e-13
1619,0.395263671875,0.1578505264535344,-2.240622324554548e-06,2.2737367544323206e-13,2.2737367544323206e-13
1620,0.3955078125,0.15785052748731596,-2.236832519362209e-06,2.2737367544323206e-13,2.2737367544323206e-13
1621,0.39575195312500006,0.1578505285210975,-2.233042714169869e-06,2.2737367544323206e-13,2.2737367544323206e-13
1622,0.39599609375,0.15785052955487902,-2.2292529089775292e-06,2.2737367544323206e-13,2.2737367544323206e-13
1623,0.396240234375,0.15785053058866055,-2.22546310378519e-06,2.2737367544323206e-13,2.2737367544323206e-13
1624,0.396484375,0.1578505316224421,-2.221673298592851e-06,2.2737367544323206e-13,2.2737367544323206e-13
1625,0.396728515625,0.1578505326562236,-2.2178834934005116e-06,2.2737367544323206e-13,2.2737367544323206e-13
1626,0.39697265625000006,0.1578505336751666,-2.214171041401047e-06,2.2737367544323206e-13,2.2737367544323206e-13
1627,0.397216796875,0.1578505346718518,-2.210574619190897e-06,2.2737367544323206e-13,2.2737367544323206e-13
1628,0.3974609375,0.15785053566853702,-2.206978196980747e-06,2.2737367544323206e-13,2.2737367544323206e-13
1629,0.397705078125,0.15785053666522222,-2.203381774770597e-06,2.2737367544323206e-13,2.2737367544323206e-13
1630,0.39794921875,0.1578505376619074,-2.199785352560447e-06,2.2737367544323206e-13,2.2737367544323206e-13
1631,0.39819335937500006,0.1578505386585926,-2.1961889303502957e-06,2.2737367544323206e-13,2.2737367544323206e-13
1632,0.3984375,0.1578505396552778,-2.192592508140146e-06,2.2737367544323206e-13,2.2737367544323206e-13
1633,0.398681640625,0.157850540651963,-2.188996085929996e-06,2.2737367544323206e-13,2.2737367544323206e-13
1634,0.39892578125,0.1578505416486482,-2.185399663719846e-06,2.2737367544323206e-13,2.2737367544323206e-13
1635,0.399169921875,0.1578505426453334,-2.1818032415096955e-06,2.2737367544323206e-13,2.2737367544323206e-13
1636,0.39941406250000006,0.15785054364201861,-2.1782068192995448e-06,2.2737367544323206e-13,2.2737367544323206e-13
1637,0.399658203125,0.15785054463870382,-2.1746103970893944e-06,2.2737367544323206e-13,2.2737367544323206e-13
1638,0.39990234375,0.157850545635389,-2.1710139748792445e-06,2.2737367544323206e-13,2.2737367544323206e-13
1639,0.400146484375,0.15785054663207418,-2.1674175526690945e-06,2.2737367544323206e-13,2.2737367544323206e-13
1640,0.400390625,0.15785054762875939,-2.163821130458944e-06,2.2737367544323206e-13,2.2737367544323206e-13
1641,0.40063476562500006,0.1578505486254446,-2.160224708248793e-06,2.2737367544323206e-13,2.2737367544323206e-13
1642,0.40087890625,0.1578505496221298,-2.1566282860386435e-06,2.2737367544323206e-13,2.2737367544323206e-13
1643,0.401123046875,0.157850550618815,-2.1530318638284936e-06,2.2737367544323206e-13,2.2737367544323206e-13
1644,0.4013671875,0.15785055161550018,-2.149435441618343e-06,2.2737367544323206e-13,2.2737367544323206e-13
1645,0.401611328125,0.15785055261218536,-2.145839019408193e-06,2.2737367544323206e-13,2.2737367544323206e-13
1646,0.40185546875000006,0.1578505536088706,-2.142242597198042e-06,2.2737367544323206e-13,2.2737367544323206e-13
1647,0.402099609375,0.1578505546055558,-2.138646174987892e-06,2.2737367544323206e-13,2.2737367544323206e-13
1648,0.40234375,0.157850555602241,-2.1350497527777418e-06,2.2737367544323206e-13,2.2737367544323206e-13
1649,0.402587890625,0.1578505565989262,-2.131453330567592e-06,2.2737367544323206e-13,2.2737367544323206e-13
1650,0.40283203125,0.1578505575956114,-2.1278569083574423e-06,2.2737367544323206e-13,2.2737367544323206e-13
1651,0.40307617187500006,0.15785055859229657,-2.124260486147291e-06,2.2737367544323206e-13,2.2737367544323206e-13
1652,0.4033203125,0.15785055951619884,-2.120865403313419e-06,2.2737367544323206e-13,2.2737367544323206e-13
1653,0.403564453125,0.15785056042190534,-2.117520655323616e-06,2.2737367544323206e-13,2.2737367544323206e-13
1654,0.40380859375,0.15785056132761183,-2.1141759073338127e-06,2.2737367544323206e-13,2.2737367544323206e-13
1655,0.404052734375,0.15785056223331834,-2.1108311593440095e-06,2.2737367544323206e-13,2.2737367544323206e-13
1656,0.40429687500000006,0.15785056313902485,-2.107486411354206e-06,2.2737367544323206e-13,2.2737367544323206e-13
1657,0.404541015625,0.15785056404473133,-2.104141663364403e-06,2.2737367544323206e-13,2.2737367544323206e-13
1658,0.40478515625,0.15785056495043784,-2.1007969153746e-06,2.2737367544323206e-13,2.2737367544323206e-13
1659,0.405029296875,0.15785056585614435,-2.097452167384797e-06,2.2737367544323206e-13,2.2737367544323206e-13
1660,0.4052734375,0.15785056676185086,-2.0941074193949942e-06,2.2737367544323206e-13,2.2737367544323206e-13
1661,0.40551757812500006,0.1578505676675573,-2.0907626714051902e-06,2.2737367544323206e-13,2.2737367544323206e-13
1662,0.40576171875,0.15785056857326382,-2.087417923415387e-06,2.2737367544323206e-13,2.2737367544323206e-13
1663,0.406005859375,0.15785056947897033,-2.084073175425584e-06,2.2737367544323206e-13,2.2737367544323206e-13
1664,0.40625,0.15785057038467684,-2.0807284274357812e-06,2.2737367544323206e-13,2.2737367544323206e-13
1665,0.406494140625,0.15785057129038332,-2.0773836794459785e-06,2.2737367544323206e-13,2.2737367544323206e-13
1666,0.40673828125000006,0.15785057219608983,-2.0740389314561745e-06,2.2737367544323206e-13,2.2737367544323206e-13
1667,0.406982421875,0.15785057310179634,-2.0706941834663714e-06,2.2737367544323206e-13,2.2737367544323206e-13
1668,0.4072265625,0.15785057400750285,-2.0673494354765682e-06,2.2737367544323206e-13,2.2737367544323206e-13
1669,0.407470703125,0.15785057491320936,-2.0640046874867655e-06,2.2737367544323206e-13,2.2737367544323206e-13
1670,0.40771484375,0.15785057581891587,-2.0606599394969624e-06,2.2737367544323206e-13,2.2737367544323206e-13
1671,0.40795898437500006,0.15785057672462238,-2.0573151915071588e-06,2.2737367544323206e-13,2.2737367544323206e-13
1672,0.408203125,0.15785057763032884,-2.0539704435173556e-06,2.2737367544323206e-13,2.2737367544323206e-13
1673,0.408447265625,0.15785057853603535,-2.050625695527553e-06,2.2737367544323206e-13,2.2737367544323206e-13
1674,0.40869140625,0.15785057944174186,-2.0472809475377498e-06,2.2737367544323206e-13,2.2737367544323206e-13
1675,0.408935546875,0.15785058034744834,-2.0439361995479466e-06,2.2737367544323206e-13,2.2737367544323206e-13
1676,0.40917968750000006,0.15785058125315485,-2.040591451558143e-06,2.2737367544323206e-13,2.2737367544323206e-13
1677,0.409423828125,0.15785058212547864,-2.037313343098454e-06,2.2737367544323206e-13,2.2737367544323206e-13
1678,0.40966796875,0.15785058286427153,-2.0343017927592213e-06,2.2737367544323206e-13,2.2737367544323206e-13
1679,0.409912109375,0.15785058360306445,-2.0312902424199885e-06,2.2737367544323206e-13,2.2737367544323206e-13
1680,0.41015625,0.15785058434185734,-2.028278692080755e-06,2.2737367544323206e-13,2.2737367544323206e-13
1681,0.41040039062500006,0.15785058508065022,-2.0252671417415215e-06,2.2737367544323206e-13,2.2737367544323206e-13
1682,0.41064453125,0.15785058581944314,-2.0222555914022886e-06,2.2737367544323206e-13,2.2737367544323206e-13
1683,0.410888671875,0.15785058655823603,-2.0192440410630557e-06,2.2737367544323206e-13,2.2737367544323206e-13
1684,0.4111328125,0.15785058729702897,-2.016232490723823e-06,2.2737367544323206e-13,2.2737367544323206e-13
1685,0.411376953125,0.15785058803582186,-2.01322094038459e-06,2.2737367544323206e-13,2.2737367544323206e-13
1686,0.41162109375000006,0.15785058877461478,-2.0102093900453563e-06,2.2737367544323206e-13,2.2737367544323206e-13
1687,0.411865234375,0.15785058951340766,-2.007197839706123e-06,2.2737367544323206e-13,2.2737367544323206e-13
1688,0.412109375,0.15785059025220055,-2.00418628936689e-06,2.2737367544323206e-13,2.2737367544323206e-13
1689,0.412353515625,0.15785059099099347,-2.0011747390276573e-06,2.2737367544323206e-13,2.2737367544323206e-13
1690,0.41259765625,0.15785059172978635,-1.9981631886884244e-06,2.2737367544323206e-13,2.2737367544323206e-13
1691,0.41284179687500006,0.15785059246857927,-1.9951516383491907e-06,2.2737367544323206e-13,2.2737367544323206e-13
1692,0.4130859375,0.15785059320737216,-1.992140088009958e-06,2.2737367544323206e-13,2.2737367544323206e-13
1693,0.413330078125,0.15785059394616505,-1.9891285376707245e-06,2.2737367544323206e-13,2.2737367544323206e-13
1694,0.41357421875,0.15785059468495796,-1.9861169873314917e-06,2.2737367544323206e-13,2.2737367544323206e-13
1695,0.413818359375,0.15785059542375085,-1.9831054369922592e-06,2.2737367544323206e-13,2.2737367544323206e-13
1696,0.41406250000000006,0.15785059616254377,-1.980093886653025e-06,2.2737367544323206e-13,2.2737367544323206e-13
1697,0.414306640625,0.15785059690133665,-1.9770823363137922e-06,2.2737367544323206e-13,2.2737367544323206e-13
1698,0.41455078125,0.15785059764012954,-1.9740707859745594e-06,2.2737367544323206e-13,2.2737367544323206e-13
1699,0.414794921875,0.15785059837892246,-1.9710592356353265e-06,2.2737367544323206e-13,2.2737367544323206e-13
1700,0.4150390625,0.15785059911771535,-1.9680476852960936e-06,2.2737367544323206e-13,2.2737367544323206e-13
1701,0.41528320312500006,0.15785059985650826,-1.96503613495686e-06,2.2737367544323206e-13,2.2737367544323206e-13
1702,0.41552734375,0.15785060059530115,-1.962024584617627e-06,2.2737367544323206e-13,2.2737367544323206e-13
1703,0.415771484375,0.15785060116841262,-1.9592831648125404e-06,2.2737367544323206e-13,2.2737367544323206e-13
1704,0.416015625,0.15785060163106984,-1.9567218320302194e-06,2.2737367544323206e-13,2.2737367544323206e-13
1705,0.416259765625,0.15785060209372703,-1.954160499247898e-06,2.2737367544323206e-13,2.2737367544323206e-13
1706,0.41650390625000006,0.15785060255638422,-1.951599166465576e-06,2.2737367544323206e-13,2.2737367544323206e-13
1707,0.416748046875,0.15785060301904144,-1.9490378336832547e-06,2.2737367544323206e-13,2.2737367544323206e-13
1708,0.4169921875,0.1578506034816986,-1.9464765009009333e-06,2.2737367544323206e-13,2.2737367544323206e-13
1709,0.417236328125,0.15785060394435582,-1.943915168118612e-06,2.2737367544323206e-13,2.2737367544323206e-13
1710,0.41748046875,0.157850604407013,-1.9413538353362904e-06,2.2737367544323206e-13,2.2737367544323206e-13
1711,0.41772460937500006,0.1578506048696702,-1.9387925025539685e-06,2.2737367544323206e-13,2.2737367544323206e-13
1712,0.41796875,0.1578506053323274,-1.9362311697716475e-06,2.2737367544323206e-13,2.2737367544323206e-13
1713,0.418212890625,0.1578506057949846,-1.933669836989326e-06,2.2737367544323206e-13,2.2737367544323206e-13
1714,0.41845703125,0.1578506062576418,-1.9311085042070046e-06,2.2737367544323206e-13,2.2737367544323206e-13
1715,0.418701171875,0.157850606720299,-1.9285471714246836e-06,2.2737367544323206e-13,2.2737367544323206e-13
1716,0.41894531250000006,0.15785060718295618,-1.9259858386423614e-06,2.2737367544323206e-13,2.2737367544323206e-13
1717,0.419189453125,0.1578506076456134,-1.92342450586004e-06,2.2737367544323206e-13,2.2737367544323206e-13
1718,0.41943359375,0.1578506081082706,-1.9208631730777185e-06,2.2737367544323206e-13,2.2737367544323206e-13
1719,0.419677734375,0.15785060857092775,-1.9183018402953975e-06,2.2737367544323206e-13,2.2737367544323206e-13
1720,0.419921875,0.157850609033585,-1.915740507513076e-06,2.2737367544323206e-13,2.2737367544323206e-13
1721,0.42016601562500006,0.1578506094962422,-1.9131791747307538e-06,2.2737367544323206e-13,2.2737367544323206e-13
1722,0.42041015625,0.15785060995889935,-1.9106178419484327e-06,2.2737367544323206e-13,2.2737367544323206e-13
1723,0.420654296875,0.15785061042155654,-1.9080565091661113e-06,2.2737367544323206e-13,2.2737367544323206e-13
1724,0.4208984375,0.15785061088421376,-1.9054951763837899e-06,2.2737367544323206e-13,2.2737367544323206e-13
1725,0.421142578125,0.15785061134687095,-1.9029338436014684e-06,2.2737367544323206e-13,2.2737367544323206e-13
1726,0.42138671875000006,0.15785061180952814,-1.9003725108191466e-06,2.2737367544323206e-13,2.2737367544323206e-13
1727,0.421630859375,0.15785061227218536,-1.8978111780368251e-06,2.2737367544323206e-13,2.2737367544323206e-13
1728,0.421875,0.15785061273484255,-1.8952498452545037e-06,2.2737367544323206e-13,2.2737367544323206e-13
1729,0.422119140625,0.15785061276030224,-1.8933117986760182e-06,2.2737367544323206e-13,2.2737367544323206e-13
1730,0.42236328125,0.15785061278576196,-1.891373752097532e-06,2.2737367544323206e-13,2.2737367544323206e-13
1731,0.42260742187500006,0.15785061281122165,-1.8894357055190456e-06,2.2737367544323206e-13,2.2737367544323206e-13
1732,0.4228515625,0.15785061283668134,-1.88749765894056e-06,2.2737367544323206e-13,2.2737367544323206e-13
1733,0.423095703125,0.15785061286214105,-1.8855596123620742e-06,2.2737367544323206e-13,2.2737367544323206e-13
1734,0.42333984375,0.15785061288760074,-1.8836215657835883e-06,2.2737367544323206e-13,2.2737367544323206e-13
1735,0.423583984375,0.15785061291306046,-1.8816835192051026e-06,2.2737367544323206e-13,2.2737367544323206e-13
1736,0.42382812500000006,0.15785061293852015,-1.879745472626616e-06,2.2737367544323206e-13,2.2737367544323206e-13
1737,0.424072265625,0.15785061296397984,-1.8778074260481304e-06,2.2737367544323206e-13,2.2737367544323206e-13
1738,0.42431640625,0.15785061298943956,-1.8758693794696445e-06,2.2737367544323206e-13,2.2737367544323206e-13
1739,0.424560546875,0.15785061301489925,-1.8739313328911588e-06,2.2737367544323206e-13,2.2737367544323206e-13
1740,0.4248046875,0.15785061304035897,-1.8719932863126731e-06,2.2737367544323206e-13,2.2737367544323206e-13
1741,0.42504882812500006,0.15785061306581866,-1.8700552397341868e-06,2.2737367544323206e-13,2.2737367544323206e-13
1742,0.42529296875,0.15785061309127835,-1.8681171931557007e-06,2.2737367544323206e-13,2.2737367544323206e-13
1743,0.425537109375,0.15785061311673806,-1.866179146577215e-06,2.2737367544323206e-13,2.2737367544323206e-13
1744,0.42578125,0.15785061314219775,-1.8642410999987293e-06,2.2737367544323206e-13,2.2737367544323206e-13
1745,0.426025390625,0.15785061316765747,-1.8623030534202432e-06,2.2737367544323206e-13,2.2737367544323206e-13
1746,0.42626953125000006,0.15785061319311716,-1.8603650068417573e-06,2.2737367544323206e-13,2.2737367544323206e-13
1747,0.426513671875,0.15785061321857685,-1.8584269602632712e-06,2.2737367544323206e-13,2.2737367544323206e-13
1748,0.4267578125,0.15785061324403657,-1.8564889136847855e-06,2.2737367544323206e-13,2.2737367544323206e-13
1749,0.427001953125,0.15785061326949626,-1.8545508671062996e-06,2.2737367544323206e-13,2.2737367544323206e-13
1750,0.42724609375,0.15785061329495598,-1.852612820527814e-06,2.2737367544323206e-13,2.2737367544323206e-13
1751,0.42749023437500006,0.15785061332041567,-1.8506747739493272e-06,2.2737367544323206e-13,2.2737367544323206e-13
1752,0.427734375,0.15785061334587536,-1.8487367273708415e-06,2.2737367544323206e-13,2.2737367544323206e-13
1753,0.427978515625,0.15785061337133507,-1.8467986807923558e-06,2.2737367544323206e-13,2.2737367544323206e-13
1754,0.42822265625,0.1578506131240141,-1.8452159916023554e-06,2.2737367544323206e-13,2.2737367544323206e-13
1755,0.428466796875,0.15785061246752213,-1.8441663384950843e-06,2.2737367544323206e-13,2.2737367544323206e-13
1756,0.42871093750000006,0.15785061181103016,-1.8431166853878122e-06,2.2737367544323206e-13,2.2737367544323206e-13
1757,0.428955078125,0.15785061115453822,-1.842067032280541e-06,2.2737367544323206e-13,2.2737367544323206e-13
1758,0.42919921875,0.15785061049804625,-1.8410173791732693e-06,2.2737367544323206e-13,2.2737367544323206e-13
1759,0.429443359375,0.1578506098415543,-1.839967726065998e-06,2.2737367544323206e-13,2.2737367544323206e-13
1760,0.4296875,0.15785060918506233,-1.8389180729587263e-06,2.2737367544323206e-13,2.2737367544323206e-13
1761,0.42993164062500006,0.15785060852857036,-1.8378684198514548e-06,2.2737367544323206e-13,2.2737367544323206e-13
1762,0.43017578125,0.1578506078720784,-1.836818766744183e-06,2.2737367544323206e-13,2.2737367544323206e-13
1763,0.430419921875,0.15785060721558644,-1.835769113636912e-06,2.2737367544323206e-13,2.2737367544323206e-13
1764,0.4306640625,0.1578506065590945,-1.8347194605296402e-06,2.2737367544323206e-13,2.2737367544323206e-13
1765,0.430908203125,0.15785060590260253,-1.8336698074223691e-06,2.2737367544323206e-13,2.2737367544323206e-13
1766,0.43115234375000006,0.15785060524611055,-1.832620154315097e-06,2.2737367544323206e-13,2.2737367544323206e-13
1767,0.431396484375,0.15785060458961858,-1.8315705012078259e-06,2.2737367544323206e-13,2.2737367544323206e-13
1768,0.431640625,0.15785060393312664,-1.8305208481005542e-06,2.2737367544323206e-13,2.2737367544323206e-13
1769,0.431884765625,0.15785060327663467,-1.8294711949932826e-06,2.2737367544323206e-13,2.2737367544323206e-13
1770,0.43212890625,0.15785060262014272,-1.8284215418860111e-06,2.2737367544323206e-13,2.2737367544323206e-13
1771,0.43237304687500006,0.15785060196365075,-1.8273718887787396e-06,2.2737367544323206e-13,2.2737367544323206e-13
1772,0.4326171875,0.1578506013071588,-1.8263222356714679e-06,2.2737367544323206e-13,2.2737367544323206e-13
1773,0.432861328125,0.15785060065066683,-1.8252725825641963e-06,2.2737367544323206e-13,2.2737367544323206e-13
1774,0.43310546875,0.1578505999941749,-1.824222929456925e-06,2.2737367544323206e-13,2.2737367544323206e-13
1775,0.433349609375,0.15785059933768292,-1.8231732763496535e-06,2.2737367544323206e-13,2.2737367544323206e-13
1776,0.43359375000000006,0.15785059868119095,-1.8221236232423818e-06,2.2737367544323206e-13,2.2737367544323206e-13
1777,0.433837890625,0.15785059802469897,-1.8210739701351103e-06,2.2737367544323206e-13,2.2737367544323206e-13
1778,0.43408203125,0.157850597368207,-1.8200243170278387e-06,2.2737367544323206e-13,2.2737367544323206e-13
1779,0.434326171875,0.15785059671171506,-1.8189746639205672e-06,2.2737367544323206e-13,2.2737367544323206e-13
1780,0.4345703125,0.15785059520112113,-1.8189744392844154e-06,2.2737367544323206e-13,2.2737367544323206e-13
1781,0.43481445312500006,0.1578505934770017,-1.8192365717660431e-06,2.2737367544323206e-13,2.2737367544323206e-13
1782,0.43505859375,0.15785059175288227,-1.8194987042476712e-06,2.2737367544323206e-13,2.2737367544323206e-13
1783,0.435302734375,0.15785059002876284,-1.8197608367292993e-06,2.2737367544323206e-13,2.2737367544323206e-13
1784,0.435546875,0.15785058830464338,-1.820022969210927e-06,2.2737367544323206e-13,2.2737367544323206e-13
1785,0.435791015625,0.15785058658052395,-1.8202851016925551e-06,2.2737367544323206e-13,2.2737367544323206e-13
1786,0.43603515625000006,0.1578505848564045,-1.820547234174183e-06,2.2737367544323206e-13,2.2737367544323206e-13
1787,0.436279296875,0.15785058313228506,-1.8208093666558111e-06,2.2737367544323206e-13,2.2737367544323206e-13
1788,0.4365234375,0.15785058140816566,-1.821071499137439e-06,2.2737367544323206e-13,2.2737367544323206e-13
1789,0.436767578125,0.1578505796840462,-1.821333631619067e-06,2.2737367544323206e-13,2.2737367544323206e-13
1790,0.43701171875,0.15785057795992677,-1.821595764100695e-06,2.2737367544323206e-13,2.2737367544323206e-13
1791,0.43725585937500006,0.15785057623580737,-1.8218578965823227e-06,2.2737367544323206e-13,2.2737367544323206e-13
1792,0.4375,0.1578505745116879,-1.8221200290639508e-06,2.2737367544323206e-13,2.2737367544323206e-13
1793,0.437744140625,0.15785057278756848,-1.8223821615455789e-06,2.2737367544323206e-13,2.2737367544323206e-13
1794,0.43798828125,0.15785057106344907,-1.8226442940272066e-06,2.2737367544323206e-13,2.2737367544323206e-13
1795,0.438232421875,0.15785056933932962,-1.8229064265088347e-06,2.2737367544323206e-13,2.2737367544323206e-13
1796,0.43847656250000006,0.15785056761521019,-1.8231685589904626e-06,2.2737367544323206e-13,2.2737367544323206e-13
1797,0.438720703125,0.15785056589109075,-1.8234306914720907e-06,2.2737367544323206e-13,2.2737367544323206e-13
1798,0.43896484375,0.15785056416697132,-1.8236928239537186e-06,2.2737367544323206e-13,2.2737367544323206e-13
1799,0.439208984375,0.1578505624428519,-1.8239549564353465e-06,2.2737367544323206e-13,2.2737367544323206e-13
1800,0.439453125,0.15785056071873244,-1.8242170889169746e-06,2.2737367544323206e-13,2.2737367544323206e-13
1801,0.43969726562500006,0.157850558994613,-1.8244792213986022e-06,2.2737367544323206e-13,2.2737367544323206e-13
1802,0.43994140625,0.15785055727049355,-1.8247413538802303e-06,2.2737367544323206e-13,2.2737367544323206e-13
1803,0.440185546875,0.15785055554637412,-1.8250034863618584e-06,2.2737367544323206e-13,2.2737367544323206e-13
1804,0.4404296875,0.1578505538222547,-1.8252656188434863e-06,2.2737367544323206e-13,2.2737367544323206e-13
1805,0.440673828125,0.15785055175760176,-1.825932386803812e-06,2.2737367544323206e-13,2.2737367544323206e-13
1806,0.44091796875000006,0.15785054833081466,-1.8282176966789316e-06,2.2737367544323206e-13,2.2737367544323206e-13
1807,0.441162109375,0.15785054490402758,-1.8305030065540508e-06,2.2737367544323206e-13,2.2737367544323206e-13
1808,0.44140625,0.1578505414772405,-1.8327883164291696e-06,2.2737367544323206e-13,2.2737367544323206e-13
1809,0.441650390625,0.15785053805045343,-1.8350736263042886e-06,2.2737367544323206e-13,2.2737367544323206e-13
1810,0.44189453125,0.15785053462366633,-1.8373589361794074e-06,2.2737367544323206e-13,2.2737367544323206e-13
1811,0.44213867187500006,0.15785053119687928,-1.839644246054527e-06,2.2737367544323206e-13,2.2737367544323206e-13
1812,0.4423828125,0.1578505277700922,-1.8419295559296458e-06,2.2737367544323206e-13,2.2737367544323206e-13
1813,0.442626953125,0.15785052434330513,-1.844214865804765e-06,2.2737367544323206e-13,2.2737367544323206e-13
1814,0.44287109375,0.15785052091651805,-1.8465001756798838e-06,2.2737367544323206e-13,2.2737367544323206e-13
1815,0.443115234375,0.15785051748973097,-1.8487854855550028e-06,2.2737367544323206e-13,2.2737367544323206e-13
1816,0.44335937500000006,0.15785051406294387,-1.8510707954301225e-06,2.2737367544323206e-13,2.2737367544323206e-13
1817,0.443603515625,0.1578505106361568,-1.8533561053052413e-06,2.2737367544323206e-13,2.2737367544323206e-13
1818,0.44384765625,0.15785050720936972,-1.8556414151803605e-06,2.2737367544323206e-13,2.2737367544323206e-13
1819,0.444091796875,0.15785050378258267,-1.8579267250554793e-06,2.2737367544323206e-13,2.2737367544323206e-13
1820,0.4443359375,0.15785050035579556,-1.8602120349305983e-06,2.2737367544323206e-13,2.2737367544323206e-13
1821,0.44458007812500006,0.15785049692900852,-1.862497344805718e-06,2.2737367544323206e-13,2.2737367544323206e-13
1822,0.44482421875,0.1578504935022214,-1.8647826546808367e-06,2.2737367544323206e-13,2.2737367544323206e-13
1823,0.445068359375,0.15785049007543434,-1.8670679645559555e-06,2.2737367544323206e-13,2.2737367544323206e-13
1824,0.4453125,0.15785048664864726,-1.869353274431075e-06,2.2737367544323206e-13,2.2737367544323206e-13
1825,0.445556640625,0.15785048322186018,-1.8716385843061937e-06,2.2737367544323206e-13,2.2737367544323206e-13
1826,0.44580078125000006,0.1578504797950731,-1.8739238941813134e-06,2.2737367544323206e-13,2.2737367544323206e-13
1827,0.446044921875,0.15785047636828603,-1.8762092040564322e-06,2.2737367544323206e-13,2.2737367544323206e-13
1828,0.4462890625,0.15785047294149895,-1.878494513931551e-06,2.2737367544323206e-13,2.2737367544323206e-13
1829,0.446533203125,0.15785046951471188,-1.88077982380667e-06,2.2737367544323206e-13,2.2737367544323206e-13
1830,0.44677734375,0.15785046608792477,-1.8830651336817892e-06,2.2737367544323206e-13,2.2737367544323206e-13
1831,0.44702148437500006,0.15785046097765223,-1.8873278190027244e-06,2.2737367544323206e-13,2.2737367544323206e-13
1832,0.447265625,0.15785045474505602,-1.8929087546208695e-06,2.2737367544323206e-13,2.2737367544323206e-13
1833,0.447509765625,0.15785044851245977,-1.8984896902390145e-06,2.2737367544323206e-13,2.2737367544323206e-13
1834,0.44775390625,0.15785044227986356,-1.9040706258571594e-06,2.2737367544323206e-13,2.2737367544323206e-13
1835,0.447998046875,0.15785043604726737,-1.9096515614753045e-06,2.2737367544323206e-13,2.2737367544323206e-13
1836,0.44824218750000006,0.15785042981467112,-1.9152324970934514e-06,2.2737367544323206e-13,2.2737367544323206e-13
1837,0.448486328125,0.15785042358207493,-1.920813432711596e-06,2.2737367544323206e-13,2.2737367544323206e-13
1838,0.44873046875,0.1578504173494787,-1.9263943683297412e-06,2.2737367544323206e-13,2.2737367544323206e-13
1839,0.448974609375,0.1578504111168825,-1.931975303947886e-06,2.2737367544323206e-13,2.2737367544323206e-13
1840,0.44921875,0.15785040488428626,-1.937556239566031e-06,2.2737367544323206e-13,2.2737367544323206e-13
1841,0.44946289062500006,0.15785039865169004,-1.9431371751841775e-06,2.2737367544323206e-13,2.2737367544323206e-13
1842,0.44970703125,0.1578503924190938,-1.9487181108023227e-06,2.2737367544323206e-13,2.2737367544323206e-13
1843,0.449951171875,0.1578503861864976,-1.954299046420468e-06,2.2737367544323206e-13,2.2737367544323206e-13
1844,0.4501953125,0.15785037995390136,-1.959879982038613e-06,2.2737367544323206e-13,2.2737367544323206e-13
1845,0.450439453125,0.15785037372130514,-1.9654609176567577e-06,2.2737367544323206e-13,2.2737367544323206e-13
1846,0.45068359375000006,0.15785036748870895,-1.9710418532749045e-06,2.2737367544323206e-13,2.2737367544323206e-13
1847,0.450927734375,0.1578503612561127,-1.976622788893049e-06,2.2737367544323206e-13,2.2737367544323206e-13
1848,0.451171875,0.15785035502351652,-1.9822037245111943e-06,2.2737367544323206e-13,2.2737367544323206e-13
1849,0.451416015625,0.15785034879092028,-1.9877846601293395e-06,2.2737367544323206e-13,2.2737367544323206e-13
1850,0.45166015625,0.15785034255832406,-1.9933655957474846e-06,2.2737367544323206e-13,2.2737367544323206e-13
1851,0.45190429687500006,0.1578503363257278,-1.998946531365631e-06,2.2737367544323206e-13,2.2737367544323206e-13
1852,0.4521484375,0.15785033009313162,-2.004527466983776e-06,2.2737367544323206e-13,2.2737367544323206e-13
1853,0.452392578125,0.15785032386053538,-2.010108402601921e-06,2.2737367544323206e-13,2.2737367544323206e-13
1854,0.45263671875,0.1578503176279392,-2.015689338220066e-06,2.2737367544323206e-13,2.2737367544323206e-13
1855,0.452880859375,0.15785031139534295,-2.0212702738382108e-06,2.2737367544323206e-13,2.2737367544323206e-13
1856,0.45312500000000006,0.15785030516274676,-2.0268512094563593e-06,2.2737367544323206e-13,2.2737367544323206e-13
1857,0.453369140625,0.1578502940786535,-2.038186767897851e-06,2.2737367544323206e-13,2.2737367544323206e-13
1858,0.45361328125,0.15785028299456025,-2.049522326339343e-06,2.2737367544323206e-13,2.2737367544323206e-13
1859,0.453857421875,0.157850271910467,-2.060857884780835e-06,2.2737367544323206e-13,2.2737367544323206e-13
1860,0.4541015625,0.15785026082637377,-2.072193443222327e-06,2.2737367544323206e-13,2.2737367544323206e-13
1861,0.45434570312500006,0.1578502497422805,-2.0835290016638215e-06,2.2737367544323206e-13,2.2737367544323206e-13
1862,0.45458984375,0.1578502386581873,-2.094864560105314e-06,2.2737367544323206e-13,2.2737367544323206e-13
1863,0.454833984375,0.15785022757409403,-2.1062001185468056e-06,2.2737367544323206e-13,2.2737367544323206e-13
1864,0.455078125,0.1578502164900008,-2.117535676988298e-06,2.2737367544323206e-13,2.2737367544323206e-13
1865,0.455322265625,0.15785020540590755,-2.1288712354297896e-06,2.2737367544323206e-13,2.2737367544323206e-13
1866,0.45556640625000006,0.1578501943218143,-2.1402067938712846e-06,2.2737367544323206e-13,2.2737367544323206e-13
1867,0.455810546875,0.15785018323772107,-2.151542352312776e-06,2.2737367544323206e-13,2.2737367544323206e-13
1868,0.4560546875,0.15785017215362782,-2.1628779107542686e-06,2.2737367544323206e-13,2.2737367544323206e-13
1869,0.456298828125,0.1578501610695346,-2.1742134691957602e-06,2.2737367544323206e-13,2.2737367544323206e-13
1870,0.45654296875,0.15785014998544136,-2.1855490276372527e-06,2.2737367544323206e-13,2.2737367544323206e-13
1871,0.45678710937500006,0.15785013890134808,-2.1968845860787477e-06,2.2737367544323206e-13,2.2737367544323206e-13
1872,0.45703125,0.15785012781725483,-2.2082201445202393e-06,2.2737367544323206e-13,2.2737367544323206e-13
1873,0.457275390625,0.1578501167331616,-2.2195557029617313e-06,2.2737367544323206e-13,2.2737367544323206e-13
1874,0.45751953125,0.15785010564906837,-2.2308912614032233e-06,2.2737367544323206e-13,2.2737367544323206e-13
1875,0.457763671875,0.15785009456497515,-2.242226819844715e-06,2.2737367544323206e-13,2.2737367544323206e-13
1876,0.45800781250000006,0.1578500834808819,-2.25356237828621e-06,2.2737367544323206e-13,2.2737367544323206e-13
1877,0.458251953125,0.15785007239678864,-2.264897936727702e-06,2.2737367544323206e-13,2.2737367544323206e-13
1878,0.45849609375,0.15785006131269538,-2.276233495169194e-06,2.2737367544323206e-13,2.2737367544323206e-13
1879,0.458740234375,0.15785005022860216,-2.287569053610686e-06,2.2737367544323206e-13,2.2737367544323206e-13
1880,0.458984375,0.1578500391445089,-2.298904612052178e-06,2.2737367544323206e-13,2.2737367544323206e-13
1881,0.45922851562500006,0.15785002806041568,-2.310240170493673e-06,2.2737367544323206e-13,2.2737367544323206e-13
1882,0.45947265625,0.1578500133936244,-2.3259651071373663e-06,2.2737367544323206e-13,2.2737367544323206e-13
1883,0.459716796875,0.15784999335278604,-2.348274111084364e-06,2.2737367544323206e-13,2.2737367544323206e-13
1884,0.4599609375,0.1578499733119477,-2.370583115031361e-06,2.2737367544323206e-13,2.2737367544323206e-13
1885,0.460205078125,0.15784995327110937,-2.392892118978359e-06,2.2737367544323206e-13,2.2737367544323206e-13
1886,0.46044921875000006,0.15784993323027102,-2.415201122925363e-06,2.2737367544323206e-13,2.2737367544323206e-13
1887,0.460693359375,0.1578499131894327,-2.43751012687236e-06,2.2737367544323206e-13,2.2737367544323206e-13
1888,0.4609375,0.15784989314859435,-2.459819130819358e-06,2.2737367544323206e-13,2.2737367544323206e-13
1889,0.461181640625,0.157849873107756,-2.4821281347663553e-06,2.2737367544323206e-13,2.2737367544323206e-13
1890,0.46142578125,0.1578498530669177,-2.504437138713353e-06,2.2737367544323206e-13,2.2737367544323206e-13
1891,0.46166992187500006,0.15784983302607936,-2.5267461426603564e-06,2.2737367544323206e-13,2.2737367544323206e-13
1892,0.4619140625,0.157849812985241,-2.5490551466073544e-06,2.2737367544323206e-13,2.2737367544323206e-13
1893,0.462158203125,0.15784979294440268,-2.571364150554352e-06,2.2737367544323206e-13,2.2737367544323206e-13
1894,0.46240234375,0.15784977290356433,-2.593673154501349e-06,2.2737367544323206e-13,2.2737367544323206e-13
1895,0.462646484375,0.157849752862726,-2.6159821584483467e-06,2.2737367544323206e-13,2.2737367544323206e-13
1896,0.46289062500000006,0.15784973282188766,-2.6382911623953506e-06,2.2737367544323206e-13,2.2737367544323206e-13
1897,0.463134765625,0.15784971278104934,-2.6606001663423482e-06,2.2737367544323206e-13,2.2737367544323206e-13
1898,0.46337890625,0.157849692740211,-2.6829091702893454e-06,2.2737367544323206e-13,2.2737367544323206e-13
1899,0.463623046875,0.15784967269937264,-2.705218174236343e-06,2.2737367544323206e-13,2.2737367544323206e-13
1900,0.4638671875,0.15784965265853432,-2.727527178183341e-06,2.2737367544323206e-13,2.2737367544323206e-13
1901,0.46411132812500006,0.15784963261769597,-2.7498361821303445e-06,2.2737367544323206e-13,2.2737367544323206e-13
1902,0.46435546875,0.15784961257685762,-2.772145186077342e-06,2.2737367544323206e-13,2.2737367544323206e-13
1903,0.464599609375,0.1578495925360193,-2.7944541900243392e-06,2.2737367544323206e-13,2.2737367544323206e-13
1904,0.46484375,0.15784957249518095,-2.8167631939713372e-06,2.2737367544323206e-13,2.2737367544323206e-13
1905,0.465087890625,0.15784955245434262,-2.839072197918335e-06,2.2737367544323206e-13,2.2737367544323206e-13
1906,0.46533203125000006,0.1578495324135043,-2.8613812018653383e-06,2.2737367544323206e-13,2.2737367544323206e-13
1907,0.465576171875,0.15784951237266595,-2.8836902058123355e-06,2.2737367544323206e-13,2.2737367544323206e-13
1908,0.4658203125,0.15784947793596252,-2.9246336809314467e-06,2.2737367544323206e-13,2.2737367544323206e-13
1909,0.466064453125,0.15784943990029277,-2.9702357738435805e-06,2.2737367544323206e-13,2.2737367544323206e-13
1910,0.46630859375,0.157849401864623,-3.0158378667557142e-06,2.2737367544323206e-13,2.2737367544323206e-13
1911,0.46655273437500006,0.1578493638289533,-3.061439959667861e-06,2.2737367544323206e-13,2.2737367544323206e-13
1912,0.466796875,0.15784932579328353,-3.107042052579995e-06,2.2737367544323206e-13,2.2737367544323206e-13
1913,0.467041015625,0.1578492877576138,-3.1526441454921283e-06,2.2737367544323206e-13,2.2737367544323206e-13
1914,0.46728515625,0.15784924972194406,-3.1982462384042625e-06,2.2737367544323206e-13,2.2737367544323206e-13
1915,0.467529296875,0.1578492116862743,-3.2438483313163963e-06,2.2737367544323206e-13,2.2737367544323206e-13
1916,0.46777343750000006,0.15784917365060458,-3.2894504242285432e-06,2.2737367544323206e-13,2.2737367544323206e-13
1917,0.468017578125,0.15784913561493485,-3.3350525171406774e-06,2.2737367544323206e-13,2.2737367544323206e-13
1918,0.46826171875,0.15784909757926507,-3.380654610052811e-06,2.2737367544323206e-13,2.2737367544323206e-13
1919,0.468505859375,0.15784905954359535,-3.4262567029649454e-06,2.2737367544323206e-13,2.2737367544323206e-13
1920,0.46875,0.15784902150792562,-3.471858795877079e-06,2.2737367544323206e-13,2.2737367544323206e-13
1921,0.46899414062500006,0.15784898347225587,-3.5174608887892257e-06,2.2737367544323206e-13,2.2737367544323206e-13
1922,0.46923828125,0.15784894543658615,-3.5630629817013595e-06,2.2737367544323206e-13,2.2737367544323206e-13
1923,0.469482421875,0.1578489074009164,-3.6086650746134937e-06,2.2737367544323206e-13,2.2737367544323206e-13
1924,0.4697265625,0.15784886936524664,-3.6542671675256275e-06,2.2737367544323206e-13,2.2737367544323206e-13
1925,0.469970703125,0.15784883132957692,-3.6998692604377617e-06,2.2737367544323206e-13,2.2737367544323206e-13
1926,0.47021484375000006,0.1578487932939072,-3.745471353349908e-06,2.2737367544323206e-13,2.2737367544323206e-13
1927,0.470458984375,0.15784875525823744,-3.791073446262042e-06,2.2737367544323206e-13,2.2737367544323206e-13
1928,0.470703125,0.1578487172225677,-3.836675539174176e-06,2.2737367544323206e-13,2.2737367544323206e-13
1929,0.470947265625,0.157848679186898,-3.882277632086309e-06,2.2737367544323206e-13,2.2737367544323206e-13
1930,0.47119140625,0.15784864115122824,-3.927879724998443e-06,2.2737367544323206e-13,2.2737367544323206e-13
1931,0.47143554687500006,0.15784860311555848,-3.973481817910591e-06,2.2737367544323206e-13,2.2737367544323206e-13
1932,0.4716796875,0.15784856507988876,-4.0190839108227244e-06,2.2737367544323206e-13,2.2737367544323206e-13
1933,0.471923828125,0.15784851904781128,-4.075794720653838e-06,2.2737367544323206e-13,2.2737367544323206e-13
1934,0.47216796875,0.1578484410301029,-4.176940398160918e-06,2.2737367544323206e-13,2.2737367544323206e-13
1935,0.472412109375,0.15784836301239452,-4.278086075667999e-06,2.2737367544323206e-13,2.2737367544323206e-13
1936,0.47265625000000006,0.15784828499468614,-4.379231753175107e-06,2.2737367544323206e-13,2.2737367544323206e-13
1937,0.472900390625,0.15784820697697777,-4.4803774306821885e-06,2.2737367544323206e-13,2.2737367544323206e-13
1938,0.47314453125,0.1578481289592694,-4.581523108189268e-06,2.2737367544323206e-13,2.2737367544323206e-13
1939,0.473388671875,0.157848050941561,-4.682668785696349e-06,2.2737367544323206e-13,2.2737367544323206e-13
1940,0.4736328125,0.15784797292385264,-4.783814463203429e-06,2.2737367544323206e-13,2.2737367544323206e-13
1941,0.47387695312500006,0.15784789490614426,-4.884960140710538e-06,2.2737367544323206e-13,2.2737367544323206e-13
1942,0.47412109375,0.15784781688843588,-4.98610581821762e-06,2.2737367544323206e-13,2.2737367544323206e-13
1943,0.474365234375,0.1578477388707275,-5.087251495724699e-06,2.2737367544323206e-13,2.2737367544323206e-13
1944,0.474609375,0.15784766085301913,-5.1883971732317795e-06,2.2737367544323206e-13,2.2737367544323206e-13
1945,0.474853515625,0.15784758283531075,-5.28954285073886e-06,2.2737367544323206e-13,2.2737367544323206e-13
1946,0.47509765625000006,0.15784750481760237,-5.390688528245969e-06,2.2737367544323206e-13,2.2737367544323206e-13
1947,0.475341796875,0.157847426799894,-5.49183420575305e-06,2.2737367544323206e-13,2.2737367544323206e-13
1948,0.4755859375,0.15784734878218565,-5.59297988326013e-06,2.2737367544323206e-13,2.2737367544323206e-13
1949,0.475830078125,0.15784727076447724,-5.694125560767211e-06,2.2737367544323206e-13,2.2737367544323206e-13
1950,0.47607421875,0.15784719274676887,-5.795271238274292e-06,2.2737367544323206e-13,2.2737367544323206e-13
1951,0.47631835937500006,0.1578471147290605,-5.8964169157814e-06,2.2737367544323206e-13,2.2737367544323206e-13
1952,0.4765625,0.15784703671135214,-5.997562593288481e-06,2.2737367544323206e-13,2.2737367544323206e-13
1953,0.476806640625,0.15784695869364374,-6.098708270795561e-06,2.2737367544323206e-13,2.2737367544323206e-13
1954,0.47705078125,0.15784688067593536,-6.1998539483026414e-06,2.2737367544323206e-13,2.2737367544323206e-13
1955,0.477294921875,0.157846802658227,-6.300999625809722e-06,2.2737367544323206e-13,2.2737367544323206e-13
1956,0.47753906250000006,0.15784672464051863,-6.402145303316831e-06,2.2737367544323206e-13,2.2737367544323206e-13
1957,0.477783203125,0.15784664662281023,-6.5032909808239114e-06,2.2737367544323206e-13,2.2737367544323206e-13
1958,0.47802734375,0.15784656860510185,-6.604436658330992e-06,2.2737367544323206e-13,2.2737367544323206e-13
1959,0.478271484375,0.15784643046034294,-6.793285045210717e-06,2.2737367544323206e-13,2.2737367544323206e-13
1960,0.478515625,0.15784625223088364,-7.040601905005526e-06,2.2737367544323206e-13,2.2737367544323206e-13
1961,0.47875976562500006,0.15784607400142436,-7.287918764800404e-06,2.2737367544323206e-13,2.2737367544323206e-13
1962,0.47900390625,0.15784589577196506,-7.535235624595211e-06,2.2737367544323206e-13,2.2737367544323206e-13
1963,0.479248046875,0.1578457175425058,-7.78255248439002e-06,2.2737367544323206e-13,2.2737367544323206e-13
1964,0.4794921875,0.1578455393130465,-8.029869344184827e-06,2.2737367544323206e-13,2.2737367544323206e-13
1965,0.479736328125,0.1578453610835872,-8.277186203979636e-06,2.2737367544323206e-13,2.2737367544323206e-13
1966,0.47998046875000006,0.15784518285412794,-8.524503063774514e-06,2.2737367544323206e-13,2.2737367544323206e-13
1967,0.480224609375,0.15784500462466863,-8.771819923569321e-06,2.2737367544323206e-13,2.2737367544323206e-13
1968,0.48046875,0.15784482639520936,-9.01913678336413e-06,2.2737367544323206e-13,2.2737367544323206e-13
1969,0.480712890625,0.15784464816575008,-9.266453643158937e-06,2.2737367544323206e-13,2.2737367544323206e-13
1970,0.48095703125,0.15784446993629078,-9.513770502953746e-06,2.2737367544323206e-13,2.2737367544323206e-13
1971,0.48120117187500006,0.1578442917068315,-9.761087362748624e-06,2.2737367544323206e-13,2.2737367544323206e-13
1972,0.4814453125,0.15784411347737218,-1.0008404222543433e-05,2.2737367544323206e-13,2.2737367544323206e-13
1973,0.481689453125,0.1578439352479129,-1.0255721082338241e-05,2.2737367544323206e-13,2.2737367544323206e-13
1974,0.48193359375,0.1578437570184536,-1.050303794213305e-05,2.2737367544323206e-13,2.2737367544323206e-13
1975,0.482177734375,0.15784357878899433,-1.0750354801927855e-05,2.2737367544323206e-13,2.2737367544323206e-13
1976,0.48242187500000006,0.15784340055953505,-1.0997671661722734e-05,2.2737367544323206e-13,2.2737367544323206e-13
1977,0.482666015625,0.15784322233007575,-1.1244988521517544e-05,2.2737367544323206e-13,2.2737367544323206e-13
1978,0.48291015625,0.15784304410061648,-1.1492305381312351e-05,2.2737367544323206e-13,2.2737367544323206e-13
1979,0.483154296875,0.15784286587115717,-1.173962224110716e-05,2.2737367544323206e-13,2.2737367544323206e-13
1980,0.4833984375,0.1578426876416979,-1.1986939100901965e-05,2.2737367544323206e-13,2.2737367544323206e-13
1981,0.48364257812500006,0.1578425094122386,-1.2234255960696845e-05,2.2737367544323206e-13,2.2737367544323206e-13
1982,0.48388671875,0.15784233118277932,-1.2481572820491654e-05,2.2737367544323206e-13,2.2737367544323206e-13
1983,0.484130859375,0.15784215295332005,-1.272888968028646e-05,2.2737367544323206e-13,2.2737367544323206e-13
1984,0.484375,0.15784197472386075,-1.297620654008127e-05,2.2737367544323206e-13,2.2737367544323206e-13
1985,0.484619140625,0.15784163501406426,-1.3627891892261724e-05,2.2737367544323206e-13,2.2737367544323206e-13
1986,0.48486328125000006,0.15784129530426777,-1.4279577244442365e-05,2.2737367544323206e-13,2.2737367544323206e-13
1987,0.485107421875,0.15784095559447126,-1.493126259662282e-05,2.2737367544323206e-13,2.2737367544323206e-13
1988,0.4853515625,0.15784061588467474,-1.5582947948803273e-05,2.2737367544323206e-13,2.2737367544323206e-13
1989,0.485595703125,0.15784027617487822,-1.6234633300983728e-05,2.2737367544323206e-13,2.2737367544323206e-13
1990,0.48583984375,0.15783993646508174,-1.6886318653164182e-05,2.2737367544323206e-13,2.2737367544323206e-13
1991,0.48608398437500006,0.15783959675528522,-1.7538004005344823e-05,1.7053025658242404e-13,1.7053025658242404e-13
1992,0.486328125,0.1578392570454887,-1.8189689357525278e-05,1.7053025658242404e-13,1.7053025658242404e-13
1993,0.486572265625,0.1578389173356922,-1.8841374709705733e-05,1.7053025658242404e-13,1.7053025658242404e-13
1994,0.48681640625,0.1578385776258957,-1.9493060061886188e-05,1.7053025658242404e-13,1.7053025658242404e-13
1995,0.487060546875,0.1578382379160992,-2.0144745414066646e-05,1.7053025658242404e-13,1.7053025658242404e-13
1996,0.48730468750000006,0.15783789820630267,-2.0796430766247287e-05,1.7053025658242404e-13,1.7053025658242404e-13
1997,0.487548828125,0.15783755849650616,-2.144811611842774e-05,1.7053025658242404e-13,1.7053025658242404e-13
1998,0.48779296875,0.15783721878670967,-2.2099801470608196e-05,1.7053025658242404e-13,1.7053025658242404e-13
1999,0.488037109375,0.15783687907691318,-2.275148682278865e-05,1.7053025658242404e-13,1.7053025658242404e-13
2000,0.48828125,0.15783653936711667,-2.3403172174969106e-05,1.7053025658242404e-13,1.7053025658242404e-13
2001,0.48852539062500006,0.15783619965732015,-2.405485752714975e-05,1.7053025658242404e-13,1.7053025658242404e-13
2002,0.48876953125,0.15783585994752367,-2.47065428793302e-05,1.7053025658242404e-13,1.7053025658242404e-13
2003,0.489013671875,0.15783552023772715,-2.535822823151066e-05,1.7053025658242404e-13,1.7053025658242404e-13
2004,0.4892578125,0.15783518052793064,-2.6009913583691114e-05,1.1368683772161603e-13,1.1368683772161603e-13
2005,0.489501953125,0.15783484081813415,-2.666159893587157e-05,1.1368683772161603e-13,1.1368683772161603e-13
2006,0.48974609375000006,0.1578345011083376,-2.7313284288052213e-05,1.1368683772161603e-13,1.1368683772161603e-13
2007,0.489990234375,0.15783416139854112,-2.7964969640232665e-05,1.1368683772161603e-13,1.1368683772161603e-13
2008,0.490234375,0.1578338216887446,-2.8616654992413116e-05,1.1368683772161603e-13,1.1368683772161603e-13
2009,0.490478515625,0.1578334819789481,-2.9268340344593574e-05,1.1368683772161603e-13,1.1368683772161603e-13
2010,0.49072265625,0.15783245231844473,-3.0360209027342795e-05,-6.821210263296962e-13,-6.821210263296962e-13
2011,0.49096679687500006,0.15783038773188102,-3.2112352705945817e-05,-2.6716406864579767e-12,-2.6716406864579767e-12
2012,0.4912109375,0.1578283231453173,-3.386449638454834e-05,-4.661160346586257e-12,-4.604316927725449e-12
2013,0.491455078125,0.1578262585587536,-3.561664006315086e-05,-6.59383658785373e-12,-6.59383658785373e-12
2014,0.49169921875,0.15782419397218994,-3.736878374175338e-05,-8.58335624798201e-12,-8.58335624798201e-12
2015,0.491943359375,0.1578221293856262,-3.91209274203559e-05,-1.057287590811029e-11,-1.057287590811029e-11
2016,0.49218750000000006,0.15782006479906252,-4.087307109895893e-05,-1.2562395568238571e-11,-1.2562395568238571e-11
2017,0.492431640625,0.1578180002124988,-4.2625214777561444e-05,-1.4551915228366852e-11,-1.4495071809506044e-11
2018,0.49267578125,0.1578159356259351,-4.437735845616397e-05,-1.6484591469634324e-11,-1.6484591469634324e-11
2019,0.492919921875,0.1578138710393714,-4.61295021347665e-05,-1.8474111129762605e-11,-1.8474111129762605e-11
2020,0.4931640625,0.1578118064528077,-4.7881645813369014e-05,-2.0463630789890885e-11,-2.0463630789890885e-11
2021,0.49340820312500006,0.157809741866244,-4.963378949197204e-05,-2.2453150450019166e-11,-2.2396307031158358e-11
2022,0.49365234375,0.1578076772796803,-5.138593317057456e-05,-2.4442670110147446e-11,-2.4385826691286638e-11
2023,0.493896484375,0.1578056126931166,-5.3138076849177085e-05,-2.637534635141492e-11,-2.637534635141492e-11
2024,0.494140625,0.15780354810655287,-5.489022052777961e-05,-2.83648660115432e-11,-2.83648660115432e-11
2025,0.494384765625,0.15780148351998918,-5.6642364206382125e-05,-3.035438567167148e-11,-3.029754225281067e-11
2026,0.49462890625000006,0.1577994189334255,-5.839450788498515e-05,-3.234390533179976e-11,-3.228706191293895e-11
2027,0.494873046875,0.1577973543468618,-6.014665156358767e-05,-3.433342499192804e-11,-3.427658157306723e-11
2028,0.4951171875,0.15779528976029808,-6.18987952421902e-05,-3.6266101233195513e-11,-3.6266101233195513e-11
2029,0.495361328125,0.1577932251737344,-6.365093892079272e-05,-3.8255620893323794e-11,-3.8198777474462986e-11
2030,0.49560546875,0.15779116058717066,-6.540308259939524e-05,-4.0245140553452075e-11,-4.0188297134591267e-11
2031,0.49584960937500006,0.15778909600060698,-6.715522627799825e-05,-4.2234660213580355e-11,-4.217781679471955e-11
2032,0.49609375,0.15778703141404327,-6.890736995660079e-05,-4.4224179873708636e-11,-4.416733645484783e-11
2033,0.496337890625,0.15778496682747958,-7.065951363520331e-05,-4.615685611497611e-11,-4.615685611497611e-11
2034,0.49658203125,0.15778290224091587,-7.241165731380584e-05,-4.814637577510439e-11,-4.808953235624358e-11
2035,0.496826171875,0.15778083765435216,-7.416380099240836e-05,-5.013589543523267e-11,-5.007905201637186e-11
2036,0.49707031250000006,0.15778208332707178,-7.31052760413763e-05,-4.89421836391557e-11,-4.888534022029489e-11
2037,0.497314453125,0.15778415656461225,-7.134408393293572e-05,-4.695266397902742e-11,-4.689582056016661e-11
2038,0.49755859375,0.1577862298021527,-6.958289182449514e-05,-4.496314431889914e-11,-4.496314431889914e-11
2039,0.497802734375,0.15778830303969313,-6.782169971605457e-05,-4.303046807763167e-11,-4.297362465877086e-11
2040,0.498046875,0.15779037627723358,-6.6060507607614e-05,-4.1040948417503387e-11,-4.098410499864258e-11
2041,0.49829101562500006,0.15779244951477406,-6.429931549917292e-05,-3.9051428757375106e-11,-3.89945853385143e-11
2042,0.49853515625,0.1577945227523145,-6.253812339073234e-05,-3.7061909097246826e-11,-3.7061909097246826e-11
2043,0.498779296875,0.15779659598985496,-6.077693128229177e-05,-3.5072389437118545e-11,-3.5072389437118545e-11
2044,0.4990234375,0.15779866922739538,-5.9015739173851186e-05,-3.3082869776990265e-11,-3.3082869776990265e-11
2045,0.499267578125,0.15780074246493586,-5.725454706541061e-05,-3.115019353572279e-11,-3.1093350116861984e-11
2046,0.49951171875000006,0.1578028157024763,-5.549335495696953e-05,-2.916067387559451e-11,-2.916067387559451e-11
2047,0.499755859375,0.15780488894001676,-5.3732162848528966e-05,-2.717115421546623e-11,-2.717115421546623e-11
2048,0.5,0.1578069621775572,-5.197097074008838e-05,-2.518163455533795e-11,-2.518163455533795e-11
2049,0.500244140625,0.1578090354150977,-5.020977863164781e-05,-2.319211489520967e-11,-2.319211489520967e-11
2050,0.50048828125,0.15781110865263814,-4.844858652320723e-05,-2.120259523508139e-11,-2.120259523508139e-11
2051,0.500732421875,0.1578131818901786,-4.6687394414766156e-05,-1.921307557495311e-11,-1.9269918993813917e-11
2052,0.5009765625,0.15781525512771905,-4.492620230632558e-05,-1.7280399333685637e-11,-1.7280399333685637e-11
2053,0.501220703125,0.1578173283652595,-4.3165010197884994e-05,-1.5290879673557356e-11,-1.5290879673557356e-11
2054,0.50146484375,0.15781940160279995,-4.1403818089444424e-05,-1.3301360013429075e-11,-1.3301360013429075e-11
2055,0.501708984375,0.1578214748403404,-3.9642625981003846e-05,-1.1311840353300795e-11,-1.1368683772161603e-11
2056,0.501953125,0.15782354807788085,-3.788143387256277e-05,-9.322320693172514e-12,-9.379164112033322e-12
2057,0.502197265625,0.1578256213154213,-3.61202417641222e-05,-7.332801033044234e-12,-7.389644451905042e-12
2058,0.50244140625,0.15782769455296175,-3.435904965568162e-05,-5.4001247917767614e-12,-5.4001247917767614e-12
2059,0.502685546875,0.1578297677905022,-3.259785754724104e-05,-3.410605131648481e-12,-3.467448550509289e-12
2060,0.5029296875,0.15783184102804265,-3.0836665438800465e-05,-1.4210854715202004e-12,-1.4779288903810084e-12
2061,0.503173828125,0.15783356949334665,-2.9295506863950676e-05,1.7053025658242404e-13,1.1368683772161603e-13
2062,0.50341796875,0.15783391886970485,-2.863448242346592e-05,1.7053025658242404e-13,1.1368683772161603e-13
2063,0.503662109375,0.15783426824606303,-2.7973457982981157e-05,1.7053025658242404e-13,1.1368683772161603e-13
2064,0.50390625,0.15783461762242118,-2.7312433542496396e-05,1.7053025658242404e-13,1.1368683772161603e-13
2065,0.504150390625,0.15783496699877939,-2.6651409102011646e-05,1.7053025658242404e-13,1.1368683772161603e-13
2066,0.50439453125,0.1578353163751376,-2.5990384661526695e-05,1.7053025658242404e-13,1.1368683772161603e-13
2067,0.504638671875,0.15783566575149574,-2.5329360221041937e-05,1.7053025658242404e-13,1.1368683772161603e-13
2068,0.5048828125,0.15783601512785395,-2.466833578055718e-05,1.7053025658242404e-13,1.7053025658242404e-13
2069,0.505126953125,0.15783636450421212,-2.400731134007242e-05,1.7053025658242404e-13,1.7053025658242404e-13
2070,0.50537109375,0.15783671388057027,-2.3346286899587657e-05,1.7053025658242404e-13,1.7053025658242404e-13
2071,0.505615234375,0.15783706325692848,-2.2685262459102707e-05,1.7053025658242404e-13,1.7053025658242404e-13
2072,0.505859375,0.15783741263328666,-2.202423801861795e-05,1.7053025658242404e-13,1.7053025658242404e-13
2073,0.506103515625,0.15783776200964483,-2.1363213578133188e-05,1.7053025658242404e-13,1.7053025658242404e-13
2074,0.50634765625,0.15783811138600304,-2.0702189137648427e-05,2.2737367544323206e-13,1.7053025658242404e-13
2075,0.506591796875,0.15783846076236122,-2.0041164697163673e-05,2.2737367544323206e-13,1.7053025658242404e-13
2076,0.5068359375,0.15783881013871937,-1.9380140256678725e-05,2.2737367544323206e-13,1.7053025658242404e-13
2077,0.507080078125,0.15783915951507757,-1.8719115816193964e-05,2.2737367544323206e-13,1.7053025658242404e-13
2078,0.50732421875,0.15783950889143575,-1.805809137570921e-05,2.2737367544323206e-13,1.7053025658242404e-13
2079,0.507568359375,0.15783985826779393,-1.739706693522445e-05,2.2737367544323206e-13,1.7053025658242404e-13
2080,0.5078125,0.1578402076441521,-1.673604249473969e-05,2.2737367544323206e-13,1.7053025658242404e-13
2081,0.508056640625,0.1578405570205103,-1.607501805425474e-05,2.2737367544323206e-13,2.2737367544323206e-13
2082,0.50830078125,0.15784090639686849,-1.5413993613769983e-05,2.2737367544323206e-13,2.2737367544323206e-13
2083,0.508544921875,0.15784125577322664,-1.4752969173285222e-05,2.2737367544323206e-13,2.2737367544323206e-13
2084,0.5087890625,0.15784160514958484,-1.4091944732800461e-05,2.2737367544323206e-13,2.2737367544323206e-13
2085,0.509033203125,0.15784195452594302,-1.3430920292315704e-05,2.2737367544323206e-13,2.2737367544323206e-13
2086,0.50927734375,0.1578423039023012,-1.2769895851830758e-05,2.2737367544323206e-13,2.2737367544323206e-13
2087,0.509521484375,0.15784255622509805,-1.235133706546429e-05,2.2737367544323206e-13,2.2737367544323206e-13
2088,0.509765625,0.15784274384552066,-1.209442204850998e-05,2.2737367544323206e-13,2.2737367544323206e-13
2089,0.510009765625,0.15784293146594325,-1.183750703155567e-05,2.2737367544323206e-13,2.2737367544323206e-13
2090,0.51025390625,0.15784311908636584,-1.1580592014601358e-05,2.2737367544323206e-13,2.2737367544323206e-13
2091,0.510498046875,0.15784330670678845,-1.1323676997646975e-05,2.2737367544323206e-13,2.2737367544323206e-13
2092,0.5107421875,0.15784349432721106,-1.1066761980692663e-05,2.2737367544323206e-13,2.2737367544323206e-13
2093,0.510986328125,0.15784368194763365,-1.0809846963738351e-05,2.2737367544323206e-13,2.2737367544323206e-13
2094,0.51123046875,0.15784386956805624,-1.055293194678404e-05,2.2737367544323206e-13,2.2737367544323206e-13
2095,0.511474609375,0.15784405718847885,-1.029601692982973e-05,2.2737367544323206e-13,2.2737367544323206e-13
2096,0.51171875,0.15784424480890144,-1.0039101912875345e-05,2.2737367544323206e-13,2.2737367544323206e-13
2097,0.511962890625,0.15784443242932406,-9.782186895921035e-06,2.2737367544323206e-13,2.2737367544323206e-13
2098,0.51220703125,0.15784462004974667,-9.525271878966722e-06,2.2737367544323206e-13,2.2737367544323206e-13
2099,0.512451171875,0.15784480767016926,-9.26835686201241e-06,2.2737367544323206e-13,2.2737367544323206e-13
2100,0.5126953125,0.15784499529059187,-9.011441845058099e-06,2.2737367544323206e-13,2.2737367544323206e-13
2101,0.512939453125,0.15784518291101446,-8.754526828103716e-06,2.2737367544323206e-13,2.2737367544323206e-13
2102,0.51318359375,0.15784537053143705,-8.497611811149404e-06,2.2737367544323206e-13,2.2737367544323206e-13
2103,0.513427734375,0.15784555815185966,-8.240696794195094e-06,2.2737367544323206e-13,2.2737367544323206e-13
2104,0.513671875,0.15784574577228228,-7.983781777240783e-06,2.2737367544323206e-13,2.2737367544323206e-13
2105,0.513916015625,0.15784593339270486,-7.726866760286471e-06,2.2737367544323206e-13,2.2737367544323206e-13
2106,0.51416015625,0.15784612101312745,-7.469951743332087e-06,2.2737367544323206e-13,2.2737367544323206e-13
2107,0.514404296875,0.15784630863355006,-7.2130367263777765e-06,2.2737367544323206e-13,2.2737367544323206e-13
2108,0.5146484375,0.15784649625397268,-6.956121709423465e-06,2.2737367544323206e-13,2.2737367544323206e-13
2109,0.514892578125,0.15784668387439527,-6.699206692469153e-06,2.2737367544323206e-13,2.2737367544323206e-13
2110,0.51513671875,0.15784687149481785,-6.442291675514842e-06,2.2737367544323206e-13,2.2737367544323206e-13
2111,0.515380859375,0.1578470591152405,-6.185376658560458e-06,2.2737367544323206e-13,2.2737367544323206e-13
2112,0.515625,0.15784724673566305,-5.928461641606189e-06,2.2737367544323206e-13,2.2737367544323206e-13
2113,0.515869140625,0.15784733410196403,-5.817689766559479e-06,2.2737367544323206e-13,2.2737367544323206e-13
2114,0.51611328125,0.157847421468265,-5.706917891512769e-06,2.2737367544323206e-13,2.2737367544323206e-13
2115,0.516357421875,0.15784750883456594,-5.5961460164660584e-06,2.2737367544323206e-13,2.2737367544323206e-13
2116,0.5166015625,0.15784759620086689,-5.485374141419317e-06,2.2737367544323206e-13,2.2737367544323206e-13
2117,0.516845703125,0.15784768356716783,-5.374602266372607e-06,2.2737367544323206e-13,2.2737367544323206e-13
2118,0.51708984375,0.15784777093346877,-5.263830391325898e-06,2.2737367544323206e-13,2.2737367544323206e-13
2119,0.517333984375,0.15784785829976977,-5.153058516279187e-06,2.2737367544323206e-13,2.2737367544323206e-13
2120,0.517578125,0.15784794566607072,-5.042286641232477e-06,2.2737367544323206e-13,2.2737367544323206e-13
2121,0.517822265625,0.15784803303237166,-4.931514766185735e-06,2.2737367544323206e-13,2.2737367544323206e-13
2122,0.51806640625,0.15784812039867258,-4.820742891139025e-06,2.2737367544323206e-13,2.2737367544323206e-13
2123,0.518310546875,0.15784820776497355,-4.709971016092314e-06,2.2737367544323206e-13,2.2737367544323206e-13
2124,0.5185546875,0.1578482951312745,-4.599199141045605e-06,2.2737367544323206e-13,2.2737367544323206e-13
2125,0.518798828125,0.15784838249757546,-4.488427265998895e-06,2.2737367544323206e-13,2.2737367544323206e-13
2126,0.51904296875,0.1578484698638764,-4.377655390952154e-06,2.2737367544323206e-13,2.2737367544323206e-13
2127,0.519287109375,0.15784855723017735,-4.266883515905443e-06,2.2737367544323206e-13,2.2737367544323206e-13
2128,0.51953125,0.15784864459647832,-4.156111640858733e-06,2.2737367544323206e-13,2.2737367544323206e-13
2129,0.519775390625,0.15784873196277927,-4.0453397658120236e-06,2.2737367544323206e-13,2.2737367544323206e-13
2130,0.52001953125,0.15784881932908024,-3.934567890765313e-06,2.2737367544323206e-13,2.2737367544323206e-13
2131,0.520263671875,0.15784890669538118,-3.823796015718572e-06,2.2737367544323206e-13,2.2737367544323206e-13
2132,0.5205078125,0.15784899406168212,-3.7130241406718616e-06,2.2737367544323206e-13,2.2737367544323206e-13
2133,0.520751953125,0.1578490814279831,-3.6022522656251516e-06,2.2737367544323206e-13,2.2737367544323206e-13
2134,0.52099609375,0.15784916879428404,-3.491480390578441e-06,2.2737367544323206e-13,2.2737367544323206e-13
2135,0.521240234375,0.15784925616058498,-3.3807085155317306e-06,2.2737367544323206e-13,2.2737367544323206e-13
2136,0.521484375,0.15784934352688595,-3.269936640484989e-06,2.2737367544323206e-13,2.2737367544323206e-13
2137,0.521728515625,0.1578494308931869,-3.1591647654382796e-06,2.2737367544323206e-13,2.2737367544323206e-13
2138,0.52197265625,0.1578495022563243,-3.0706373240466924e-06,2.2737367544323206e-13,2.2737367544323206e-13
2139,0.522216796875,0.1578495496147164,-3.015476533137759e-06,2.2737367544323206e-13,2.2737367544323206e-13
2140,0.5224609375,0.1578495969731085,-2.960315742228825e-06,2.2737367544323206e-13,2.2737367544323206e-13
2141,0.522705078125,0.1578496443315006,-2.905154951319876e-06,2.2737367544323206e-13,2.2737367544323206e-13
2142,0.52294921875,0.15784969168989268,-2.849994160410942e-06,2.2737367544323206e-13,2.2737367544323206e-13
2143,0.523193359375,0.15784973904828475,-2.794833369502008e-06,2.2737367544323206e-13,2.2737367544323206e-13
2144,0.5234375,0.15784978640667685,-2.7396725785930747e-06,2.2737367544323206e-13,2.2737367544323206e-13
2145,0.523681640625,0.15784983376506898,-2.684511787684141e-06,2.2737367544323206e-13,2.2737367544323206e-13
2146,0.52392578125,0.15784988112346104,-2.6293509967751917e-06,2.2737367544323206e-13,2.2737367544323206e-13
2147,0.524169921875,0.15784992848185314,-2.5741902058662583e-06,2.2737367544323206e-13,2.2737367544323206e-13
2148,0.5244140625,0.15784997584024524,-2.5190294149573244e-06,2.2737367544323206e-13,2.2737367544323206e-13
2149,0.524658203125,0.15785002319863736,-2.463868624048391e-06,2.2737367544323206e-13,2.2737367544323206e-13
2150,0.52490234375,0.15785007055702943,-2.408707833139457e-06,2.2737367544323206e-13,2.2737367544323206e-13
2151,0.525146484375,0.15785011791542153,-2.353547042230507e-06,2.2737367544323206e-13,2.2737367544323206e-13
2152,0.525390625,0.15785016527381363,-2.298386251321573e-06,2.2737367544323206e-13,2.2737367544323206e-13
2153,0.525634765625,0.15785021263220572,-2.2432254604126397e-06,2.2737367544323206e-13,2.2737367544323206e-13
2154,0.52587890625,0.15785025999059782,-2.188064669503706e-06,2.2737367544323206e-13,2.2737367544323206e-13
2155,0.526123046875,0.1578503073489899,-2.1329038785947724e-06,2.2737367544323206e-13,2.2737367544323206e-13
2156,0.5263671875,0.15785035470738198,-2.0777430876858233e-06,2.2737367544323206e-13,2.2737367544323206e-13
2157,0.526611328125,0.1578504020657741,-2.0225822967768894e-06,2.2737367544323206e-13,2.2737367544323206e-13
2158,0.52685546875,0.15785044942416618,-1.967421505867956e-06,2.2737367544323206e-13,2.2737367544323206e-13
2159,0.527099609375,0.15785049678255827,-1.9122607149590216e-06,2.2737367544323206e-13,2.2737367544323206e-13
2160,0.52734375,0.15785054414095034,-1.857099924050088e-06,2.2737367544323206e-13,2.2737367544323206e-13
2161,0.527587890625,0.15785059149934244,-1.801939133141139e-06,2.2737367544323206e-13,2.2737367544323206e-13
2162,0.52783203125,0.15785063885773457,-1.7467783422322053e-06,2.2737367544323206e-13,2.2737367544323206e-13
2163,0.528076171875,0.15785068621612666,-1.6916175513232717e-06,2.2737367544323206e-13,2.2737367544323206e-13
2164,0.5283203125,0.15785071916728477,-1.6551302347150665e-06,2.2737367544323206e-13,2.2737367544323206e-13
2165,0.528564453125,0.15785074851663441,-1.623311286682047e-06,2.2737367544323206e-13,2.2737367544323206e-13
2166,0.52880859375,0.1578507778659841,-1.5914923386490187e-06,2.2737367544323206e-13,2.2737367544323206e-13
2167,0.529052734375,0.1578508072153337,-1.5596733906159995e-06,2.2737367544323206e-13,2.2737367544323206e-13
2168,0.529296875,0.15785083656468332,-1.52785444258298e-06,2.2737367544323206e-13,2.2737367544323206e-13
2169,0.529541015625,0.15785086591403297,-1.4960354945499609e-06,2.2737367544323206e-13,2.2737367544323206e-13
2170,0.52978515625,0.15785089526338264,-1.4642165465169414e-06,2.2737367544323206e-13,2.2737367544323206e-13
2171,0.530029296875,0.15785092461273226,-1.4323975984839131e-06,2.2737367544323206e-13,2.2737367544323206e-13
2172,0.5302734375,0.1578509539620819,-1.4005786504508937e-06,2.2737367544323206e-13,2.2737367544323206e-13
2173,0.530517578125,0.15785098331143155,-1.3687597024178742e-06,2.2737367544323206e-13,2.2737367544323206e-13
2174,0.53076171875,0.1578510126607812,-1.3369407543848552e-06,2.2737367544323206e-13,2.2737367544323206e-13
2175,0.531005859375,0.1578510420101308,-1.3051218063518358e-06,2.2737367544323206e-13,2.2737367544323206e-13
2176,0.53125,0.15785107135948048,-1.2733028583188075e-06,2.2737367544323206e-13,2.2737367544323206e-13
2177,0.531494140625,0.15785110070883013,-1.241483910285788e-06,2.2737367544323206e-13,2.2737367544323206e-13
2178,0.53173828125,0.15785113005817974,-1.2096649622527686e-06,2.2737367544323206e-13,2.2737367544323206e-13
2179,0.531982421875,0.15785115940752936,-1.1778460142197494e-06,2.2737367544323206e-13,2.2737367544323206e-13
2180,0.5322265625,0.15785118875687904,-1.1460270661867302e-06,2.2737367544323206e-13,2.2737367544323206e-13
2181,0.532470703125,0.15785121810622868,-1.1142081181537014e-06,2.2737367544323206e-13,2.2737367544323206e-13
2182,0.53271484375,0.15785124745557833,-1.0823891701206824e-06,2.2737367544323206e-13,2.2737367544323206e-13
2183,0.532958984375,0.15785127680492794,-1.050570222087663e-06,2.2737367544323206e-13,2.2737367544323206e-13
2184,0.533203125,0.1578513061542776,-1.0187512740546437e-06,2.2737367544323206e-13,2.2737367544323206e-13
2185,0.533447265625,0.15785133550362723,-9.869323260216243e-07,2.2737367544323206e-13,2.2737367544323206e-13
2186,0.53369140625,0.15785136485297688,-9.55113377988596e-07,2.2737367544323206e-13,2.2737367544323206e-13
2187,0.533935546875,0.1578513942023265,-9.232944299555766e-07,2.2737367544323206e-13,2.2737367544323206e-13
2188,0.5341796875,0.15785142355167614,-8.914754819225572e-07,2.2737367544323206e-13,2.2737367544323206e-13
2189,0.534423828125,0.15785145110801557,-8.618560048324052e-07,2.2737367544323206e-13,2.2737367544323206e-13
2190,0.53466796875,0.15785147149231407,-8.410344115137327e-07,2.2737367544323206e-13,2.2737367544323206e-13
2191,0.534912109375,0.15785149187661257,-8.202128181950542e-07,2.2737367544323206e-13,2.2737367544323206e-13
2192,0.53515625,0.15785151226091104,-7.993912248763816e-07,2.2737367544323206e-13,2.2737367544323206e-13
2193,0.535400390625,0.15785153264520954,-7.78569631557709e-07,2.2737367544323206e-13,2.2737367544323206e-13
2194,0.53564453125,0.157851553029508,-7.577480382390366e-07,2.2737367544323206e-13,2.2737367544323206e-13
2195,0.535888671875,0.1578515734138065,-7.36926444920364e-07,2.2737367544323206e-13,2.2737367544323206e-13
2196,0.5361328125,0.157851593798105,-7.161048516016855e-07,2.2737367544323206e-13,2.2737367544323206e-13
2197,0.536376953125,0.1578516141824035,-6.952832582830128e-07,2.2737367544323206e-13,2.2737367544323206e-13
2198,0.53662109375,0.157851634566702,-6.744616649643405e-07,2.2737367544323206e-13,2.2737367544323206e-13
2199,0.536865234375,0.15785165495100048,-6.536400716456678e-07,2.2737367544323206e-13,2.2737367544323206e-13
2200,0.537109375,0.15785167533529898,-6.328184783269953e-07,2.2737367544323206e-13,2.2737367544323206e-13
2201,0.537353515625,0.15785169571959745,-6.119968850083169e-07,2.2737367544323206e-13,2.2737367544323206e-13
2202,0.53759765625,0.15785171610389595,-5.911752916896443e-07,2.2737367544323206e-13,2.2737367544323206e-13
2203,0.537841796875,0.15785173648819445,-5.703536983709717e-07,2.2737367544323206e-13,2.2737367544323206e-13
2204,0.5380859375,0.15785175687249295,-5.495321050522991e-07,2.2737367544323206e-13,2.2737367544323206e-13
2205,0.538330078125,0.15785177725679145,-5.287105117336265e-07,2.2737367544323206e-13,2.2737367544323206e-13
2206,0.53857421875,0.15785179764108992,-5.078889184149481e-07,2.2737367544323206e-13,2.2737367544323206e-13
2207,0.538818359375,0.15785181802538845,-4.870673250962755e-07,2.2737367544323206e-13,2.2737367544323206e-13
2208,0.5390625,0.15785183840968692,-4.6624573177760294e-07,2.2737367544323206e-13,2.2737367544323206e-13
2209,0.539306640625,0.15785185879398542,-4.454241384589303e-07,2.2737367544323206e-13,2.2737367544323206e-13
2210,0.53955078125,0.15785187917828392,-4.2460254514025775e-07,2.2737367544323206e-13,2.2737367544323206e-13
2211,0.539794921875,0.15785189956258242,-4.037809518215793e-07,2.2737367544323206e-13,2.2737367544323206e-13
2212,0.5400390625,0.15785191994688091,-3.8295935850290674e-07,2.2737367544323206e-13,2.2737367544323206e-13
2213,0.540283203125,0.15785194033117939,-3.621377651842342e-07,2.2737367544323206e-13,2.2737367544323206e-13
2214,0.54052734375,0.15785196071547788,-3.4131617186556155e-07,2.2737367544323206e-13,2.2737367544323206e-13
2215,0.540771484375,0.1578519781857143,-3.239538852884658e-07,2.2737367544323206e-13,2.2737367544323206e-13
2216,0.541015625,0.15785199371324263,-3.088978032057496e-07,2.2737367544323206e-13,2.2737367544323206e-13
2217,0.541259765625,0.157852009240771,-2.9384172112303777e-07,2.2737367544323206e-13,2.2737367544323206e-13
2218,0.54150390625,0.15785202476829938,-2.787856390403259e-07,2.2737367544323206e-13,2.2737367544323206e-13
2219,0.541748046875,0.1578520402958277,-2.6372955695761397e-07,2.2737367544323206e-13,2.2737367544323206e-13
2220,0.5419921875,0.15785205582335607,-2.4867347487490215e-07,2.2737367544323206e-13,2.2737367544323206e-13
2221,0.542236328125,0.15785207135088444,-2.3361739279218594e-07,2.2737367544323206e-13,2.2737367544323206e-13
2222,0.54248046875,0.15785208687841276,-2.1856131070947406e-07,2.2737367544323206e-13,2.2737367544323206e-13
2223,0.542724609375,0.15785210240594114,-2.0350522862676216e-07,2.2737367544323206e-13,2.2737367544323206e-13
2224,0.54296875,0.15785211793346948,-1.884491465440503e-07,2.2737367544323206e-13,2.2737367544323206e-13
2225,0.543212890625,0.15785213346099783,-1.7339306446133842e-07,2.2737367544323206e-13,2.2737367544323206e-13
2226,0.54345703125,0.1578521489885262,-1.5833698237862223e-07,2.2737367544323206e-13,2.2737367544323206e-13
2227,0.543701171875,0.15785216451605455,-1.4328090029591036e-07,2.2737367544323206e-13,2.2737367544323206e-13
2228,0.5439453125,0.1578521800435829,-1.2822481821319846e-07,2.2737367544323206e-13,2.2737367544323206e-13
2229,0.544189453125,0.15785219557111127,-1.1316873613048658e-07,2.2737367544323206e-13,2.2737367544323206e-13
2230,0.54443359375,0.15785221109863962,-9.811265404777467e-08,2.2737367544323206e-13,2.2737367544323206e-13
2231,0.544677734375,0.15785222662616796,-8.305657196505852e-08,2.2737367544323206e-13,2.2737367544323206e-13
2232,0.544921875,0.15785224215369634,-6.800048988234665e-08,2.2737367544323206e-13,2.2737367544323206e-13
2233,0.545166015625,0.15785225768122468,-5.2944407799634725e-08,2.2737367544323206e-13,2.2737367544323206e-13
2234,0.54541015625,0.15785227320875303,-3.788832571692285e-08,2.2737367544323206e-13,2.2737367544323206e-13
2235,0.545654296875,0.1578522887362814,-2.2832243634210983e-08,2.2737367544323206e-13,2.2737367544323206e-13
2236,0.5458984375,0.15785230426380975,-7.776161551494794e-09,2.2737367544323206e-13,2.2737367544323206e-13
2237,0.546142578125,0.1578523197913381,7.27992053121708e-09,2.2737367544323206e-13,2.2737367544323206e-13
2238,0.54638671875,0.15785233531886647,2.2336002613928954e-08,2.2737367544323206e-13,2.2737367544323206e-13
2239,0.546630859375,0.15785235084639482,3.739208469664083e-08,2.2737367544323206e-13,2.2737367544323206e-13
2240,0.546875,0.15785236637392316,5.2448166779352706e-08,2.2737367544323206e-13,2.2737367544323206e-13
2241,0.547119140625,0.15785237909189814,6.420364072783396e-08,2.2737367544323206e-13,2.2737367544323206e-13
2242,0.54736328125,0.1578523918098731,7.595911467631188e-08,2.2737367544323206e-13,2.2737367544323206e-13
2243,0.547607421875,0.15785240452784807,8.77145886247898e-08,2.2737367544323206e-13,2.2737367544323206e-13
2244,0.5478515625,0.15785241724582305,9.94700625732677e-08,2.2737367544323206e-13,2.2737367544323206e-13
2245,0.548095703125,0.157852429963798,1.1122553652174563e-07,2.2737367544323206e-13,2.2737367544323206e-13
2246,0.54833984375,0.15785244268177293,1.229810104702269e-07,2.2737367544323206e-13,2.2737367544323206e-13
2247,0.548583984375,0.1578524553997479,1.3473648441870478e-07,2.2737367544323206e-13,2.2737367544323206e-13
2248,0.548828125,0.15785246811772288,1.4649195836718271e-07,2.2737367544323206e-13,2.2737367544323206e-13
2249,0.549072265625,0.15785248083569786,1.5824743231566068e-07,2.2737367544323206e-13,2.2737367544323206e-13
2250,0.54931640625,0.1578524935536728,1.7000290626413856e-07,2.2737367544323206e-13,2.2737367544323206e-13
2251,0.549560546875,0.1578525062716478,1.8175838021261984e-07,2.2737367544323206e-13,2.2737367544323206e-13
2252,0.5498046875,0.15785251898962274,1.9351385416109775e-07,2.2737367544323206e-13,2.2737367544323206e-13
2253,0.550048828125,0.15785253170759772,2.0526932810957566e-07,2.2737367544323206e-13,2.2737367544323206e-13
2254,0.55029296875,0.15785254442557267,2.170248020580536e-07,2.2737367544323206e-13,2.2737367544323206e-13
2255,0.550537109375,0.15785255714354765,2.2878027600653148e-07,2.2737367544323206e-13,2.2737367544323206e-13
2256,0.55078125,0.15785256986152263,2.4053574995501275e-07,2.2737367544323206e-13,2.2737367544323206e-13
2257,0.551025390625,0.1578525825794976,2.5229122390349064e-07,2.2737367544323206e-13,2.2737367544323206e-13
2258,0.55126953125,0.15785259529747256,2.6404669785196863e-07,2.2737367544323206e-13,2.2737367544323206e-13
2259,0.551513671875,0.1578526080154475,2.758021718004465e-07,2.2737367544323206e-13,2.2737367544323206e-13
2260,0.5517578125,0.1578526207334225,2.8755764574892445e-07,2.2737367544323206e-13,2.2737367544323206e-13
2261,0.552001953125,0.15785263345139747,2.9931311969740567e-07,2.2737367544323206e-13,2.2737367544323206e-13
2262,0.55224609375,0.1578526461693724,3.110685936458836e-07,2.2737367544323206e-13,2.2737367544323206e-13
2263,0.552490234375,0.15785265888734737,3.2282406759436155e-07,2.2737367544323206e-13,2.2737367544323206e-13
2264,0.552734375,0.15785267160532235,3.345795415428395e-07,2.2737367544323206e-13,2.2737367544323206e-13
2265,0.552978515625,0.1578526843232973,3.463350154913173e-07,2.2737367544323206e-13,2.2737367544323206e-13
2266,0.55322265625,0.1578526963589894,3.5728027326964057e-07,2.2737367544323206e-13,2.2737367544323206e-13
2267,0.553466796875,0.15785270737125723,3.670102067927245e-07,2.2737367544323206e-13,2.2737367544323206e-13
2268,0.5537109375,0.15785271838352505,3.767401403158084e-07,2.2737367544323206e-13,2.2737367544323206e-13
2269,0.553955078125,0.15785272939579287,3.864700738388923e-07,2.2737367544323206e-13,2.2737367544323206e-13
2270,0.55419921875,0.1578527404080607,3.962000073619763e-07,2.2737367544323206e-13,2.2737367544323206e-13
2271,0.554443359375,0.15785275142032848,4.05929940885063e-07,2.2737367544323206e-13,2.2737367544323206e-13
2272,0.5546875,0.1578527624325963,4.15659874408147e-07,2.2737367544323206e-13,2.2737367544323206e-13
2273,0.554931640625,0.15785277344486412,4.253898079312309e-07,2.2737367544323206e-13,2.2737367544323206e-13
2274,0.55517578125,0.15785278445713194,4.351197414543148e-07,2.2737367544323206e-13,2.2737367544323206e-13
2275,0.555419921875,0.15785279546939976,4.4484967497739873e-07,2.2737367544323206e-13,2.2737367544323206e-13
2276,0.5556640625,0.15785280648166758,4.5457960850048545e-07,2.2737367544323206e-13,2.2737367544323206e-13
2277,0.555908203125,0.1578528174939354,4.6430954202356937e-07,2.2737367544323206e-13,2.2737367544323206e-13
2278,0.55615234375,0.1578528285062032,4.740394755466533e-07,2.2737367544323206e-13,2.2737367544323206e-13
2279,0.556396484375,0.15785283951847104,4.837694090697372e-07,2.2737367544323206e-13,2.2737367544323206e-13
2280,0.556640625,0.15785285053073886,4.934993425928212e-07,2.2737367544323206e-13,2.2737367544323206e-13
2281,0.556884765625,0.15785286154300665,5.032292761159078e-07,2.2737367544323206e-13,2.2737367544323206e-13
2282,0.55712890625,0.15785287255527447,5.129592096389918e-07,2.2737367544323206e-13,2.2737367544323206e-13
2283,0.557373046875,0.1578528835675423,5.226891431620756e-07,2.2737367544323206e-13,2.2737367544323206e-13
2284,0.5576171875,0.1578528945798101,5.324190766851596e-07,2.2737367544323206e-13,2.2737367544323206e-13
2285,0.557861328125,0.15785290559207793,5.421490102082436e-07,2.2737367544323206e-13,2.2737367544323206e-13
2286,0.55810546875,0.15785291660434572,5.518789437313303e-07,2.2737367544323206e-13,2.2737367544323206e-13
2287,0.558349609375,0.15785292761661354,5.616088772544141e-07,2.2737367544323206e-13,2.2737367544323206e-13
2288,0.55859375,0.15785293862888136,5.71338810777498e-07,2.2737367544323206e-13,2.2737367544323206e-13
2289,0.558837890625,0.15785294964114918,5.810687443005821e-07,2.2737367544323206e-13,2.2737367544323206e-13
2290,0.55908203125,0.157852960653417,5.90798677823666e-07,2.2737367544323206e-13,2.2737367544323206e-13
2291,0.559326171875,0.15785297166568482,6.005286113467527e-07,2.2737367544323206e-13,2.2737367544323206e-13
2292,0.5595703125,0.1578529818215972,6.092081545620533e-07,2.2737367544323206e-13,2.2737367544323206e-13
2293,0.559814453125,0.15785299176342077,6.176251002004079e-07,2.2737367544323206e-13,2.2737367544323206e-13
2294,0.56005859375,0.1578530017052443,6.260420458387626e-07,2.2737367544323206e-13,2.2737367544323206e-13
2295,0.560302734375,0.15785301164706786,6.344589914771173e-07,2.2737367544323206e-13,2.2737367544323206e-13
2296,0.560546875,0.15785302158889142,6.428759371154743e-07,2.2737367544323206e-13,2.2737367544323206e-13
2297,0.560791015625,0.15785303153071498,6.51292882753829e-07,2.2737367544323206e-13,2.2737367544323206e-13
2298,0.56103515625,0.1578530414725385,6.597098283921836e-07,2.2737367544323206e-13,2.2737367544323206e-13
2299,0.561279296875,0.15785305141436204,6.681267740305383e-07,2.2737367544323206e-13,2.2737367544323206e-13
2300,0.5615234375,0.15785306135618563,6.765437196688929e-07,2.2737367544323206e-13,2.2737367544323206e-13
2301,0.561767578125,0.15785307129800913,6.8496066530725e-07,2.2737367544323206e-13,2.2737367544323206e-13
2302,0.56201171875,0.1578530812398327,6.933776109456047e-07,2.2737367544323206e-13,2.2737367544323206e-13
2303,0.562255859375,0.15785309118165625,7.017945565839593e-07,2.2737367544323206e-13,2.2737367544323206e-13
2304,0.5625,0.1578531011234798,7.102115022223139e-07,2.2737367544323206e-13,2.2737367544323206e-13
2305,0.562744140625,0.1578531110653033,7.186284478606686e-07,2.2737367544323206e-13,2.2737367544323206e-13
2306,0.56298828125,0.1578531210071269,7.270453934990257e-07,2.2737367544323206e-13,2.2737367544323206e-13
2307,0.563232421875,0.15785313094895043,7.354623391373803e-07,2.2737367544323206e-13,2.2737367544323206e-13
2308,0.5634765625,0.15785314089077396,7.43879284775735e-07,2.2737367544323206e-13,2.2737367544323206e-13
2309,0.563720703125,0.15785315083259752,7.522962304140896e-07,2.2737367544323206e-13,2.2737367544323206e-13
2310,0.56396484375,0.15785316077442108,7.607131760524443e-07,2.2737367544323206e-13,2.2737367544323206e-13
2311,0.564208984375,0.1578531707162446,7.691301216908014e-07,2.2737367544323206e-13,2.2737367544323206e-13
2312,0.564453125,0.15785318065806817,7.77547067329156e-07,2.2737367544323206e-13,2.2737367544323206e-13
2313,0.564697265625,0.15785319059989172,7.859640129675105e-07,2.2737367544323206e-13,2.2737367544323206e-13
2314,0.56494140625,0.15785320054171526,7.943809586058652e-07,2.2737367544323206e-13,2.2737367544323206e-13
2315,0.565185546875,0.15785321048353881,8.0279790424422e-07,2.2737367544323206e-13,2.2737367544323206e-13
2316,0.5654296875,0.15785322042536234,8.11214849882577e-07,2.2737367544323206e-13,2.2737367544323206e-13
2317,0.565673828125,0.15785323023021514,8.19453969607145e-07,2.2737367544323206e-13,2.2737367544323206e-13
2318,0.56591796875,0.1578532394871848,8.269817856765671e-07,2.2737367544323206e-13,2.2737367544323206e-13
2319,0.566162109375,0.1578532487441545,8.345096017459891e-07,2.2737367544323206e-13,2.2737367544323206e-13
2320,0.56640625,0.15785325800112418,8.420374178154111e-07,2.2737367544323206e-13,2.2737367544323206e-13
2321,0.566650390625,0.15785326725809387,8.495652338848353e-07,2.2737367544323206e-13,2.2737367544323206e-13
2322,0.56689453125,0.1578532765150636,8.570930499542572e-07,2.2737367544323206e-13,2.2737367544323206e-13
2323,0.567138671875,0.15785328577203325,8.646208660236792e-07,2.2737367544323206e-13,2.2737367544323206e-13
2324,0.5673828125,0.15785329502900294,8.721486820931012e-07,2.2737367544323206e-13,2.2737367544323206e-13
2325,0.567626953125,0.15785330428597263,8.796764981625233e-07,2.2737367544323206e-13,2.2737367544323206e-13
2326,0.56787109375,0.15785331354294233,8.872043142319474e-07,2.2737367544323206e-13,2.2737367544323206e-13
2327,0.568115234375,0.15785332279991202,8.947321303013694e-07,2.2737367544323206e-13,2.2737367544323206e-13
2328,0.568359375,0.1578533320568817,9.022599463707914e-07,2.2737367544323206e-13,2.2737367544323206e-13
2329,0.568603515625,0.15785334131385137,9.097877624402134e-07,2.2737367544323206e-13,2.2737367544323206e-13
2330,0.56884765625,0.1578533505708211,9.173155785096354e-07,2.2737367544323206e-13,2.2737367544323206e-13
2331,0.569091796875,0.15785335982779078,9.248433945790596e-07,2.2737367544323206e-13,2.2737367544323206e-13
2332,0.5693359375,0.15785336908476047,9.323712106484817e-07,2.2737367544323206e-13,2.2737367544323206e-13
2333,0.569580078125,0.15785337834173016,9.398990267179037e-07,2.2737367544323206e-13,2.2737367544323206e-13
2334,0.56982421875,0.15785338759869982,9.474268427873257e-07,2.2737367544323206e-13,2.2737367544323206e-13
2335,0.570068359375,0.15785339685566951,9.549546588567476e-07,2.2737367544323206e-13,2.2737367544323206e-13
2336,0.5703125,0.1578534061126392,9.624824749261717e-07,2.2737367544323206e-13,2.2737367544323206e-13
2337,0.570556640625,0.1578534153696089,9.700102909955937e-07,2.2737367544323206e-13,2.2737367544323206e-13
2338,0.57080078125,0.1578534246265786,9.775381070650157e-07,2.2737367544323206e-13,2.2737367544323206e-13
2339,0.571044921875,0.1578534338835483,9.850659231344377e-07,2.2737367544323206e-13,2.2737367544323206e-13
2340,0.5712890625,0.15785344314051797,9.925937392038597e-07,2.2737367544323206e-13,2.2737367544323206e-13
2341,0.571533203125,0.15785345239748766,1.000121555273284e-06,2.2737367544323206e-13,2.2737367544323206e-13
2342,0.57177734375,0.15785346165445735,1.007649371342706e-06,2.2737367544323206e-13,2.2737367544323206e-13
2343,0.572021484375,0.15785347064718475,1.0148028127831692e-06,2.2737367544323206e-13,2.2737367544323206e-13
2344,0.572265625,0.15785347946375058,1.02170667113766e-06,2.2737367544323206e-13,2.2737367544323206e-13
2345,0.572509765625,0.1578534882803164,1.0286105294921507e-06,2.2737367544323206e-13,2.2737367544323206e-13
2346,0.57275390625,0.15785349709688223,1.0355143878466434e-06,2.2737367544323206e-13,2.2737367544323206e-13
2347,0.572998046875,0.1578535059134481,1.0424182462011342e-06,2.2737367544323206e-13,2.2737367544323206e-13
2348,0.5732421875,0.15785351473001394,1.0493221045556248e-06,2.2737367544323206e-13,2.2737367544323206e-13
2349,0.573486328125,0.15785352354657978,1.0562259629101158e-06,2.2737367544323206e-13,2.2737367544323206e-13
2350,0.57373046875,0.1578535323631456,1.0631298212646064e-06,2.2737367544323206e-13,2.2737367544323206e-13
2351,0.573974609375,0.15785354117971145,1.070033679619099e-06,2.2737367544323206e-13,2.2737367544323206e-13
2352,0.57421875,0.1578535499962773,1.07693753797359e-06,2.2737367544323206e-13,2.2737367544323206e-13
2353,0.574462890625,0.15785355881284313,1.0838413963280806e-06,2.2737367544323206e-13,2.2737367544323206e-13
2354,0.57470703125,0.15785356762940897,1.0907452546825714e-06,2.2737367544323206e-13,2.2737367544323206e-13
2355,0.574951171875,0.1578535764459748,1.097649113037062e-06,2.2737367544323206e-13,2.2737367544323206e-13
2356,0.5751953125,0.15785358526254065,1.104552971391555e-06,2.2737367544323206e-13,2.2737367544323206e-13
2357,0.575439453125,0.15785359407910649,1.1114568297460455e-06,2.2737367544323206e-13,2.2737367544323206e-13
2358,0.57568359375,0.15785360289567232,1.1183606881005365e-06,2.2737367544323206e-13,2.2737367544323206e-13
2359,0.575927734375,0.1578536117122382,1.1252645464550271e-06,2.2737367544323206e-13,2.2737367544323206e-13
2360,0.576171875,0.157853620528804,1.132168404809518e-06,2.2737367544323206e-13,2.2737367544323206e-13
2361,0.576416015625,0.15785362934536984,1.1390722631640107e-06,2.2737367544323206e-13,2.2737367544323206e-13
2362,0.57666015625,0.15785363816193568,1.1459761215185013e-06,2.2737367544323206e-13,2.2737367544323206e-13
2363,0.576904296875,0.15785364697850154,1.152879979872992e-06,2.2737367544323206e-13,2.2737367544323206e-13
2364,0.5771484375,0.15785365579506738,1.1597838382274827e-06,2.2737367544323206e-13,2.2737367544323206e-13
2365,0.577392578125,0.1578536646116332,1.1666876965819737e-06,2.2737367544323206e-13,2.2737367544323206e-13
2366,0.57763671875,0.15785367342819903,1.1735915549364662e-06,2.2737367544323206e-13,2.2737367544323206e-13
2367,0.577880859375,0.1578536822447649,1.1804954132909572e-06,2.2737367544323206e-13,2.2737367544323206e-13
2368,0.578125,0.15785369106133074,1.1873992716454478e-06,2.2737367544323206e-13,2.2737367544323206e-13
2369,0.578369140625,0.15785369959807552,1.1938520537311833e-06,2.2737367544323206e-13,2.2737367544323206e-13
2370,0.57861328125,0.15785370813482028,1.200304835816919e-06,2.2737367544323206e-13,2.2737367544323206e-13
2371,0.578857421875,0.15785371667156506,1.2067576179026562e-06,2.2737367544323206e-13,2.2737367544323206e-13
2372,0.5791015625,0.15785372520830981,1.213210399988392e-06,2.2737367544323206e-13,2.2737367544323206e-13
2373,0.579345703125,0.1578537337450546,1.2196631820741277e-06,2.2737367544323206e-13,2.2737367544323206e-13
2374,0.57958984375,0.15785374228179938,1.2261159641598632e-06,2.2737367544323206e-13,2.2737367544323206e-13
2375,0.579833984375,0.15785375081854414,1.2325687462455989e-06,2.2737367544323206e-13,2.2737367544323206e-13
2376,0.580078125,0.1578537593552889,1.2390215283313363e-06,2.2737367544323206e-13,2.2737367544323206e-13
2377,0.580322265625,0.15785376789203368,1.245474310417072e-06,2.2737367544323206e-13,2.2737367544323206e-13
2378,0.58056640625,0.1578537764287785,1.2519270925028075e-06,2.2737367544323206e-13,2.2737367544323206e-13
2379,0.580810546875,0.15785378496552324,1.258379874588543e-06,2.2737367544323206e-13,2.2737367544323206e-13
2380,0.5810546875,0.157853793502268,1.264832656674279e-06,2.2737367544323206e-13,2.2737367544323206e-13
2381,0.581298828125,0.15785380203901278,1.2712854387600163e-06,2.2737367544323206e-13,2.2737367544323206e-13
2382,0.58154296875,0.15785381057575756,1.2777382208457518e-06,2.2737367544323206e-13,2.2737367544323206e-13
2383,0.581787109375,0.15785381911250232,1.2841910029314875e-06,2.2737367544323206e-13,2.2737367544323206e-13
2384,0.58203125,0.15785382764924707,1.2906437850172232e-06,2.2737367544323206e-13,2.2737367544323206e-13
2385,0.582275390625,0.15785383618599186,1.2970965671029587e-06,2.2737367544323206e-13,2.2737367544323206e-13
2386,0.58251953125,0.15785384472273664,1.3035493491886964e-06,2.2737367544323206e-13,2.2737367544323206e-13
2387,0.582763671875,0.15785385325948142,1.3100021312744319e-06,2.2737367544323206e-13,2.2737367544323206e-13
2388,0.5830078125,0.1578538617962262,1.3164549133601673e-06,2.2737367544323206e-13,2.2737367544323206e-13
2389,0.583251953125,0.15785387033297096,1.322907695445903e-06,2.2737367544323206e-13,2.2737367544323206e-13
2390,0.58349609375,0.15785387886971572,1.3293604775316386e-06,2.2737367544323206e-13,2.2737367544323206e-13
2391,0.583740234375,0.1578538874064605,1.335813259617376e-06,2.2737367544323206e-13,2.2737367544323206e-13
2392,0.583984375,0.15785389594320529,1.3422660417031117e-06,2.2737367544323206e-13,2.2737367544323206e-13
2393,0.584228515625,0.15785390447995004,1.3487188237888472e-06,2.2737367544323206e-13,2.2737367544323206e-13
2394,0.58447265625,0.15785391294820234,1.3550378311537643e-06,2.2737367544323206e-13,2.2737367544323206e-13
2395,0.584716796875,0.15785392131371603,1.361156176437454e-06,2.2737367544323206e-13,2.2737367544323206e-13
2396,0.5849609375,0.15785392967922965,1.3672745217211457e-06,2.2737367544323206e-13,2.2737367544323206e-13
2397,0.585205078125,0.15785393804474326,1.373392867004835e-06,2.2737367544323206e-13,2.2737367544323206e-13
2398,0.58544921875,0.1578539464102569,1.3795112122885247e-06,2.2737367544323206e-13,2.2737367544323206e-13
2399,0.585693359375,0.15785395477577055,1.3856295575722143e-06,2.2737367544323206e-13,2.2737367544323206e-13
2400,0.5859375,0.15785396314128416,1.391747902855904e-06,2.2737367544323206e-13,2.2737367544323206e-13
2401,0.586181640625,0.1578539715067978,1.3978662481395956e-06,2.2737367544323206e-13,2.2737367544323206e-13
2402,0.58642578125,0.15785397987231145,1.4039845934232852e-06,2.2737367544323206e-13,2.2737367544323206e-13
2403,0.586669921875,0.15785398823782507,1.410102938706975e-06,2.2737367544323206e-13,2.2737367544323206e-13
2404,0.5869140625,0.1578539966033387,1.4162212839906644e-06,2.2737367544323206e-13,2.2737367544323206e-13
2405,0.587158203125,0.15785400496885232,1.4223396292743542e-06,2.2737367544323206e-13,2.2737367544323206e-13
2406,0.58740234375,0.15785401333436597,1.4284579745580456e-06,2.2737367544323206e-13,2.2737367544323206e-13
2407,0.587646484375,0.1578540216998796,1.4345763198417351e-06,2.2737367544323206e-13,2.2737367544323206e-13
2408,0.587890625,0.15785403006539322,1.4406946651254249e-06,2.2737367544323206e-13,2.2737367544323206e-13
2409,0.588134765625,0.15785403843090687,1.4468130104091144e-06,2.2737367544323206e-13,2.2737367544323206e-13
2410,0.58837890625,0.1578540467964205,1.4529313556928041e-06,2.2737367544323206e-13,2.2737367544323206e-13
2411,0.588623046875,0.15785405516193413,1.4590497009764958e-06,2.2737367544323206e-13,2.2737367544323206e-13
2412,0.5888671875,0.15785406352744777,1.4651680462601853e-06,2.2737367544323206e-13,2.2737367544323206e-13
2413,0.589111328125,0.15785407189296144,1.471286391543875e-06,2.2737367544323206e-13,2.2737367544323206e-13
2414,0.58935546875,0.15785408025847505,1.4774047368275644e-06,2.2737367544323206e-13,2.2737367544323206e-13
2415,0.589599609375,0.1578540886239887,1.4835230821112541e-06,2.2737367544323206e-13,2.2737367544323206e-13
2416,0.58984375,0.15785409698950234,1.4896414273949458e-06,2.2737367544323206e-13,2.2737367544323206e-13
2417,0.590087890625,0.15785410535501596,1.4957597726786353e-06,2.2737367544323206e-13,2.2737367544323206e-13
2418,0.59033203125,0.1578541137205296,1.501878117962325e-06,2.2737367544323206e-13,2.2737367544323206e-13
2419,0.590576171875,0.1578541220860432,1.5079964632460146e-06,2.2737367544323206e-13,2.2737367544323206e-13
2420,0.5908203125,0.15785413037472543,1.5139120520918037e-06,2.2737367544323206e-13,2.2737367544323206e-13
2421,0.591064453125,0.15785413864419975,1.5197769518281189e-06,2.2737367544323206e-13,2.2737367544323206e-13
2422,0.59130859375,0.15785414691367408,1.5256418515644324e-06,2.2737367544323206e-13,2.2737367544323206e-13
2423,0.591552734375,0.15785415518314844,1.531506751300746e-06,2.2737367544323206e-13,2.2737367544323206e-13
2424,0.591796875,0.1578541634526228,1.5373716510370599e-06,2.2737367544323206e-13,2.2737367544323206e-13
2425,0.592041015625,0.15785417172209712,1.5432365507733732e-06,2.2737367544323206e-13,2.2737367544323206e-13
2426,0.59228515625,0.15785417999157147,1.5491014505096886e-06,2.2737367544323206e-13,2.2737367544323206e-13
2427,0.592529296875,0.1578541882610458,1.5549663502460024e-06,2.2737367544323206e-13,2.2737367544323206e-13
2428,0.5927734375,0.15785419653052016,1.560831249982316e-06,2.2737367544323206e-13,2.2737367544323206e-13
2429,0.593017578125,0.15785420479999449,1.5666961497186294e-06,2.2737367544323206e-13,2.2737367544323206e-13
2430,0.59326171875,0.15785421306946884,1.5725610494549433e-06,2.2737367544323206e-13,2.2737367544323206e-13
2431,0.593505859375,0.15785422133894317,1.5784259491912586e-06,2.2737367544323206e-13,2.2737367544323206e-13
2432,0.59375,0.1578542296084175,1.5842908489275723e-06,2.2737367544323206e-13,2.2737367544323206e-13
2433,0.593994140625,0.15785423787789188,1.590155748663886e-06,2.2737367544323206e-13,2.2737367544323206e-13
2434,0.59423828125,0.15785424614736618,1.5960206484001996e-06,2.2737367544323206e-13,2.2737367544323206e-13
2435,0.594482421875,0.15785425441684053,1.6018855481365133e-06,2.2737367544323206e-13,2.2737367544323206e-13
2436,0.5947265625,0.1578542626863149,1.6077504478728285e-06,2.2737367544323206e-13,2.2737367544323206e-13
2437,0.594970703125,0.15785427095578922,1.6136153476091422e-06,2.2737367544323206e-13,2.2737367544323206e-13
2438,0.59521484375,0.15785427922526357,1.6194802473454558e-06,2.2737367544323206e-13,2.2737367544323206e-13
2439,0.595458984375,0.15785428749473793,1.6253451470817695e-06,2.2737367544323206e-13,2.2737367544323206e-13
2440,0.595703125,0.15785429576421223,1.631210046818083e-06,2.2737367544323206e-13,2.2737367544323206e-13
2441,0.595947265625,0.1578543040336866,1.6370749465543984e-06,2.2737367544323206e-13,2.2737367544323206e-13
2442,0.59619140625,0.15785431230316094,1.642939846290712e-06,2.2737367544323206e-13,2.2737367544323206e-13
2443,0.596435546875,0.1578543205726353,1.648804746027026e-06,2.2737367544323206e-13,2.2737367544323206e-13
2444,0.5966796875,0.15785432884210962,1.6546696457633394e-06,2.2737367544323206e-13,2.2737367544323206e-13
2445,0.596923828125,0.15785433710297622,1.6604953779269533e-06,2.2737367544323206e-13,2.2737367544323206e-13
2446,0.59716796875,0.15785434532941192,1.6661644397997705e-06,2.2737367544323206e-13,2.2737367544323206e-13
2447,0.597412109375,0.15785435355584762,1.671833501672586e-06,2.2737367544323206e-13,2.2737367544323206e-13
2448,0.59765625,0.15785436178228335,1.6775025635454019e-06,2.2737367544323206e-13,2.2737367544323206e-13
2449,0.597900390625,0.15785437000871905,1.683171625418217e-06,2.2737367544323206e-13,2.2737367544323206e-13
2450,0.59814453125,0.15785437823515477,1.6888406872910326e-06,2.2737367544323206e-13,2.2737367544323206e-13
2451,0.598388671875,0.15785438646159047,1.6945097491638498e-06,2.2737367544323206e-13,2.2737367544323206e-13
2452,0.5986328125,0.15785439468802617,1.7001788110366655e-06,2.2737367544323206e-13,2.2737367544323206e-13
2453,0.598876953125,0.1578544029144619,1.7058478729094807e-06,2.2737367544323206e-13,2.2737367544323206e-13
2454,0.59912109375,0.15785441114089757,1.7115169347822962e-06,2.2737367544323206e-13,2.2737367544323206e-13
2455,0.599365234375,0.15785441936733327,1.7171859966551119e-06,2.2737367544323206e-13,2.2737367544323206e-13
2456,0.599609375,0.157854427593769,1.7228550585279288e-06,2.2737367544323206e-13,2.2737367544323206e-13
2457,0.599853515625,0.1578544358202047,1.7285241204007443e-06,2.2737367544323206e-13,2.2737367544323206e-13
2458,0.60009765625,0.15785444404664042,1.73419318227356e-06,2.2737367544323206e-13,2.2737367544323206e-13
2459,0.600341796875,0.15785445227307612,1.7398622441463755e-06,2.2737367544323206e-13,2.2737367544323206e-13
2460,0.6005859375,0.15785446049951182,1.7455313060191907e-06,2.2737367544323206e-13,2.2737367544323206e-13
2461,0.600830078125,0.15785446872594755,1.7512003678920079e-06,2.2737367544323206e-13,2.2737367544323206e-13
2462,0.60107421875,0.15785447695238325,1.7568694297648236e-06,2.2737367544323206e-13,2.2737367544323206e-13
2463,0.601318359375,0.15785448517881892,1.762538491637639e-06,2.2737367544323206e-13,2.2737367544323206e-13
2464,0.6015625,0.15785449340525465,1.7682075535104547e-06,2.2737367544323206e-13,2.2737367544323206e-13
2465,0.601806640625,0.15785450163169035,1.7738766153832702e-06,2.2737367544323206e-13,2.2737367544323206e-13
2466,0.60205078125,0.15785450985812605,1.779545677256087e-06,2.2737367544323206e-13,2.2737367544323206e-13
2467,0.602294921875,0.15785451808456177,1.7852147391289028e-06,2.2737367544323206e-13,2.2737367544323206e-13
2468,0.6025390625,0.15785452631099745,1.7908838010017183e-06,2.2737367544323206e-13,2.2737367544323206e-13
2469,0.602783203125,0.15785453453743317,1.7965528628745335e-06,2.2737367544323206e-13,2.2737367544323206e-13
2470,0.60302734375,0.1578545427638689,1.8022219247473492e-06,2.2737367544323206e-13,2.2737367544323206e-13
2471,0.603271484375,0.15785455098719073,1.8077985778078849e-06,2.2737367544323206e-13,2.2737367544323206e-13
2472,0.603515625,0.15785455920843658,1.8133136249935647e-06,2.2737367544323206e-13,2.2737367544323206e-13
2473,0.603759765625,0.15785456742968246,1.8188286721792448e-06,2.2737367544323206e-13,2.2737367544323206e-13
2474,0.60400390625,0.1578545756509283,1.8243437193649246e-06,2.2737367544323206e-13,2.2737367544323206e-13
2475,0.604248046875,0.1578545838721742,1.8298587665506042e-06,2.2737367544323206e-13,2.2737367544323206e-13
2476,0.6044921875,0.15785459209342007,1.8353738137362857e-06,2.2737367544323206e-13,2.2737367544323206e-13
2477,0.604736328125,0.15785460031466597,1.8408888609219654e-06,2.2737367544323206e-13,2.2737367544323206e-13
2478,0.60498046875,0.15785460853591182,1.8464039081076454e-06,2.2737367544323206e-13,2.2737367544323206e-13
2479,0.605224609375,0.1578546167571577,1.851918955293325e-06,2.2737367544323206e-13,2.2737367544323206e-13
2480,0.60546875,0.15785462497840355,1.8574340024790053e-06,2.2737367544323206e-13,2.2737367544323206e-13
2481,0.605712890625,0.15785463319964946,1.8629490496646864e-06,2.2737367544323206e-13,2.2737367544323206e-13
2482,0.60595703125,0.15785464142089534,1.8684640968503664e-06,2.2737367544323206e-13,2.2737367544323206e-13
2483,0.606201171875,0.15785464964214121,1.8739791440360462e-06,2.2737367544323206e-13,2.2737367544323206e-13
2484,0.6064453125,0.1578546578633871,1.8794941912217259e-06,2.2737367544323206e-13,2.2737367544323206e-13
2485,0.606689453125,0.15785466608463297,1.885009238407406e-06,2.2737367544323206e-13,2.2737367544323206e-13
2486,0.60693359375,0.15785467430587885,1.8905242855930872e-06,2.2737367544323206e-13,2.2737367544323206e-13
2487,0.607177734375,0.1578546825271247,1.896039332778767e-06,2.2737367544323206e-13,2.2737367544323206e-13
2488,0.607421875,0.15785469074837058,1.9015543799644467e-06,2.2737367544323206e-13,2.2737367544323206e-13
2489,0.607666015625,0.15785469896961646,1.9070694271501265e-06,2.2737367544323206e-13,2.2737367544323206e-13
2490,0.60791015625,0.15785470719086236,1.9125844743358066e-06,2.2737367544323206e-13,2.2737367544323206e-13
2491,0.608154296875,0.15785471541210824,1.918099521521488e-06,2.2737367544323206e-13,2.2737367544323206e-13
2492,0.6083984375,0.1578547236333541,1.923614568707168e-06,2.2737367544323206e-13,2.2737367544323206e-13
2493,0.608642578125,0.15785473185459997,1.9291296158928475e-06,2.2737367544323206e-13,2.2737367544323206e-13
2494,0.60888671875,0.15785474007584585,1.934644663078527e-06,2.2737367544323206e-13,2.2737367544323206e-13
2495,0.609130859375,0.15785474829709173,1.9401597102642076e-06,2.2737367544323206e-13,2.2737367544323206e-13
2496,0.609375,0.1578547565183376,1.9456747574498885e-06,2.2737367544323206e-13,2.2737367544323206e-13
2497,0.609619140625,0.15785476476162968,1.9510667067997986e-06,2.2737367544323206e-13,2.2737367544323206e-13
2498,0.60986328125,0.1578547730049218,1.9564586561497086e-06,2.2737367544323206e-13,2.2737367544323206e-13
2499,0.610107421875,0.1578547812482139,1.961850605499619e-06,2.2737367544323206e-13,2.2737367544323206e-13
2500,0.6103515625,0.157854789491506,1.9672425548495287e-06,2.2737367544323206e-13,2.2737367544323206e-13
2501,0.610595703125,0.15785479773479807,1.9726345041994405e-06,2.2737367544323206e-13,2.2737367544323206e-13
2502,0.61083984375,0.15785480597809018,1.9780264535493505e-06,2.2737367544323206e-13,2.2737367544323206e-13
2503,0.611083984375,0.15785481422138228,1.9834184028992606e-06,2.2737367544323206e-13,2.2737367544323206e-13
2504,0.611328125,0.1578548224646744,1.9888103522491706e-06,2.2737367544323206e-13,2.2737367544323206e-13
2505,0.611572265625,0.15785483070796646,1.994202301599081e-06,2.2737367544323206e-13,2.2737367544323206e-13
2506,0.61181640625,0.15785483895125857,1.9995942509489924e-06,2.2737367544323206e-13,2.2737367544323206e-13
2507,0.612060546875,0.15785484719455067,2.0049862002989025e-06,2.2737367544323206e-13,2.2737367544323206e-13
2508,0.6123046875,0.15785485543784275,2.0103781496488125e-06,2.2737367544323206e-13,2.2737367544323206e-13
2509,0.612548828125,0.1578548636811349,2.0157700989987226e-06,2.2737367544323206e-13,2.2737367544323206e-13
2510,0.61279296875,0.15785487192442696,2.0211620483486326e-06,2.2737367544323206e-13,2.2737367544323206e-13
2511,0.613037109375,0.15785488016771906,2.0265539976985444e-06,2.2737367544323206e-13,2.2737367544323206e-13
2512,0.61328125,0.15785488841101117,2.0319459470484544e-06,2.2737367544323206e-13,2.2737367544323206e-13
2513,0.613525390625,0.15785489665430325,2.0373378963983645e-06,2.2737367544323206e-13,2.2737367544323206e-13
2514,0.61376953125,0.15785490489759535,2.0427298457482745e-06,2.2737367544323206e-13,2.2737367544323206e-13
2515,0.614013671875,0.15785491314088745,2.0481217950981846e-06,2.2737367544323206e-13,2.2737367544323206e-13
2516,0.6142578125,0.1578549213841796,2.0535137444480963e-06,2.2737367544323206e-13,2.2737367544323206e-13
2517,0.614501953125,0.15785492962747164,2.0589056937980064e-06,2.2737367544323206e-13,2.2737367544323206e-13
2518,0.61474609375,0.15785493787076374,2.0642976431479164e-06,2.2737367544323206e-13,2.2737367544323206e-13
2519,0.614990234375,0.15785494611405587,2.0696895924978265e-06,2.2737367544323206e-13,2.2737367544323206e-13
2520,0.615234375,0.15785495435734792,2.0750815418477365e-06,2.2737367544323206e-13,2.2737367544323206e-13
2521,0.615478515625,0.15785496260064003,2.080473491197648e-06,2.2737367544323206e-13,2.2737367544323206e-13
2522,0.61572265625,0.15785497086060055,2.0858254709872655e-06,2.2737367544323206e-13,2.2737367544323206e-13
2523,0.615966796875,0.15785497914556368,2.091117496436443e-06,2.2737367544323206e-13,2.2737367544323206e-13
2524,0.6162109375,0.15785498743052684,2.0964095218856213e-06,2.2737367544323206e-13,2.2737367544323206e-13
2525,0.616455078125,0.15785499571548994,2.101701547334799e-06,2.2737367544323206e-13,2.2737367544323206e-13
2526,0.61669921875,0.15785500400045308,2.106993572783978e-06,2.2737367544323206e-13,2.2737367544323206e-13
2527,0.616943359375,0.1578550122854162,2.112285598233156e-06,2.2737367544323206e-13,2.2737367544323206e-13
2528,0.6171875,0.15785502057037934,2.117577623682334e-06,2.2737367544323206e-13,2.2737367544323206e-13
2529,0.617431640625,0.15785502885534247,2.1228696491315116e-06,2.2737367544323206e-13,2.2737367544323206e-13
2530,0.61767578125,0.15785503714030558,2.1281616745806897e-06,2.2737367544323206e-13,2.2737367544323206e-13
2531,0.617919921875,0.15785504542526876,2.1334537000298687e-06,2.2737367544323206e-13,2.2737367544323206e-13
2532,0.6181640625,0.15785505371023187,2.1387457254790464e-06,2.2737367544323206e-13,2.2737367544323206e-13
2533,0.618408203125,0.157855061995195,2.1440377509282245e-06,2.2737367544323206e-13,2.2737367544323206e-13
2534,0.61865234375,0.15785507028015813,2.1493297763774026e-06,2.2737367544323206e-13,2.2737367544323206e-13
2535,0.618896484375,0.15785507856512127,2.1546218018265804e-06,2.2737367544323206e-13,2.2737367544323206e-13
2536,0.619140625,0.1578550868500844,2.1599138272757598e-06,2.2737367544323206e-13,2.2737367544323206e-13
2537,0.619384765625,0.1578550951350475,2.1652058527249375e-06,2.2737367544323206e-13,2.2737367544323206e-13
2538,0.61962890625,0.15785510342001066,2.1704978781741148e-06,2.2737367544323206e-13,2.2737367544323206e-13
2539,0.619873046875,0.1578551117049738,2.175789903623293e-06,2.2737367544323206e-13,2.2737367544323206e-13
2540,0.6201171875,0.1578551199899369,2.181081929072471e-06,2.2737367544323206e-13,2.2737367544323206e-13
2541,0.620361328125,0.15785512827490003,2.18637395452165e-06,2.2737367544323206e-13,2.2737367544323206e-13
2542,0.62060546875,0.15785513655986316,2.191665979970828e-06,2.2737367544323206e-13,2.2737367544323206e-13
2543,0.620849609375,0.1578551448448263,2.196958005420006e-06,2.2737367544323206e-13,2.2737367544323206e-13
2544,0.62109375,0.1578551531297894,2.2022500308691836e-06,2.2737367544323206e-13,2.2737367544323206e-13
2545,0.621337890625,0.1578551614147526,2.2075420563183617e-06,2.2737367544323206e-13,2.2737367544323206e-13
2546,0.62158203125,0.15785516969971572,2.212834081767541e-06,2.2737367544323206e-13,2.2737367544323206e-13
2547,0.621826171875,0.15785517798467882,2.2181261072167192e-06,2.2737367544323206e-13,2.2737367544323206e-13
2548,0.6220703125,0.15785518631421502,2.223352254886409e-06,2.2737367544323206e-13,2.2737367544323206e-13
2549,0.622314453125,0.1578551946548945,2.2285619331112273e-06,2.2737367544323206e-13,2.2737367544323206e-13
2550,0.62255859375,0.15785520299557398,2.2337716113360465e-06,2.2737367544323206e-13,2.2737367544323206e-13
2551,0.622802734375,0.15785521133625346,2.238981289560866e-06,2.2737367544323206e-13,2.2737367544323206e-13
2552,0.623046875,0.15785521967693292,2.244190967785685e-06,2.2737367544323206e-13,2.2737367544323206e-13
2553,0.623291015625,0.15785522801761243,2.249400646010503e-06,2.2737367544323206e-13,2.2737367544323206e-13
2554,0.62353515625,0.15785523635829188,2.2546103242353216e-06,2.2737367544323206e-13,2.2737367544323206e-13
2555,0.623779296875,0.15785524469897136,2.2598200024601404e-06,2.2737367544323206e-13,2.2737367544323206e-13
2556,0.6240234375,0.1578552530396508,2.2650296806849604e-06,2.2737367544323206e-13,2.2737367544323206e-13
2557,0.624267578125,0.15785526138033032,2.2702393589097787e-06,2.2737367544323206e-13,2.2737367544323206e-13
2558,0.62451171875,0.15785526972100977,2.275449037134597e-06,2.2737367544323206e-13,2.2737367544323206e-13
2559,0.624755859375,0.15785527806168928,2.2806587153594154e-06,2.2737367544323206e-13,2.2737367544323206e-13
2560,0.625,0.15785528640236873,2.2858683935842342e-06,2.2737367544323206e-13,2.2737367544323206e-13
2561,0.625244140625,0.1578552947430482,2.2910780718090547e-06,2.2737367544323206e-13,2.2737367544323206e-13
2562,0.6254882812499999,0.15785530308372767,2.2962877500338713e-06,2.2737367544323206e-13,2.2737367544323206e-13
2563,0.625732421875,0.15785531142440715,2.301497428258691e-06,2.2737367544323206e-13,2.2737367544323206e-13
2564,0.6259765625,0.15785531976508663,2.306707106483511e-06,2.2737367544323206e-13,2.2737367544323206e-13
2565,0.626220703125,0.15785532810576614,2.311916784708328e-06,2.2737367544323206e-13,2.2737367544323206e-13
2566,0.62646484375,0.1578553364464456,2.3171264629331485e-06,2.2737367544323206e-13,2.2737367544323206e-13
2567,0.6267089843749999,0.15785534478712507,2.322336141157965e-06,2.2737367544323206e-13,2.2737367544323206e-13
2568,0.626953125,0.15785535312780452,2.3275458193827852e-06,2.2737367544323206e-13,2.2737367544323206e-13
2569,0.627197265625,0.157855361468484,2.3327554976076053e-06,2.2737367544323206e-13,2.2737367544323206e-13
2570,0.62744140625,0.15785536980916348,2.3379651758324224e-06,2.2737367544323206e-13,2.2737367544323206e-13
2571,0.627685546875,0.157855378149843,2.343174854057242e-06,2.2737367544323206e-13,2.2737367544323206e-13
2572,0.6279296874999999,0.15785538649052244,2.3483845322820595e-06,2.2737367544323206e-13,2.2737367544323206e-13
2573,0.628173828125,0.1578553948443185,2.3535804320592677e-06,2.2737367544323206e-13,2.2737367544323206e-13
2574,0.62841796875,0.15785540325058073,2.358721218046029e-06,2.2737367544323206e-13,2.2737367544323206e-13
2575,0.628662109375,0.15785541165684294,2.3638620040327875e-06,2.2737367544323206e-13,2.2737367544323206e-13
2576,0.62890625,0.15785542006310524,2.369002790019549e-06,2.2737367544323206e-13,2.2737367544323206e-13
2577,0.6291503906249999,0.15785542846936745,2.3741435760063074e-06,2.2737367544323206e-13,2.2737367544323206e-13
2578,0.62939453125,0.1578554368756297,2.3792843619930688e-06,2.2737367544323206e-13,2.2737367544323206e-13
2579,0.629638671875,0.15785544528189197,2.38442514797983e-06,2.2737367544323206e-13,2.2737367544323206e-13
2580,0.6298828125,0.1578554536881542,2.389565933966588e-06,2.2737367544323206e-13,2.2737367544323206e-13
2581,0.630126953125,0.15785546209441645,2.3947067199533496e-06,2.2737367544323206e-13,2.2737367544323206e-13
2582,0.6303710937499999,0.15785547050067872,2.399847505940108e-06,2.2737367544323206e-13,2.2737367544323206e-13
2583,0.630615234375,0.15785547890694093,2.4049882919268694e-06,2.2737367544323206e-13,2.2737367544323206e-13
2584,0.630859375,0.1578554873132032,2.410129077913631e-06,2.2737367544323206e-13,2.2737367544323206e-13
2585,0.631103515625,0.15785549571946544,2.415269863900389e-06,2.2737367544323206e-13,2.2737367544323206e-13
2586,0.63134765625,0.15785550412572769,2.4204106498871507e-06,2.2737367544323206e-13,2.2737367544323206e-13
2587,0.6315917968749999,0.15785551253198996,2.425551435873909e-06,2.2737367544323206e-13,2.2737367544323206e-13
2588,0.6318359375,0.1578555209382522,2.4306922218606705e-06,2.2737367544323206e-13,2.2737367544323206e-13
2589,0.632080078125,0.15785552934451444,2.435833007847432e-06,2.2737367544323206e-13,2.2737367544323206e-13
2590,0.63232421875,0.15785553775077668,2.44097379383419e-06,2.2737367544323206e-13,2.2737367544323206e-13
2591,0.632568359375,0.15785554615703895,2.4461145798209513e-06,2.2737367544323206e-13,2.2737367544323206e-13
2592,0.6328124999999999,0.15785555456330116,2.4512553658077098e-06,2.2737367544323206e-13,2.2737367544323206e-13
2593,0.633056640625,0.15785556296956343,2.456396151794471e-06,2.2737367544323206e-13,2.2737367544323206e-13
2594,0.63330078125,0.15785557137582568,2.461536937781233e-06,2.2737367544323206e-13,2.2737367544323206e-13
2595,0.633544921875,0.15785557978208795,2.466677723767991e-06,2.2737367544323206e-13,2.2737367544323206e-13
2596,0.6337890625,0.15785558818835016,2.4718185097547524e-06,2.2737367544323206e-13,2.2737367544323206e-13
2597,0.6340332031249999,0.15785559659461243,2.476959295741511e-06,2.2737367544323206e-13,2.2737367544323206e-13
2598,0.63427734375,0.15785560500087467,2.4821000817282723e-06,2.2737367544323206e-13,2.2737367544323206e-13
2599,0.634521484375,0.15785561345049073,2.487205752099609e-06,2.2737367544323206e-13,2.2737367544323206e-13
2600,0.634765625,0.15785562192900934,2.49228801206066e-06,2.2737367544323206e-13,2.2737367544323206e-13
2601,0.635009765625,0.15785563040752798,2.497370272021713e-06,2.2737367544323206e-13,2.2737367544323206e-13
2602,0.6352539062499999,0.15785563888604662,2.5024525319827637e-06,2.2737367544323206e-13,2.2737367544323206e-13
2603,0.635498046875,0.15785564736456525,2.5075347919438173e-06,2.2737367544323206e-13,2.2737367544323206e-13
2604,0.6357421875,0.15785565584308386,2.512617051904871e-06,2.2737367544323206e-13,2.2737367544323206e-13
2605,0.635986328125,0.15785566432160247,2.517699311865922e-06,2.2737367544323206e-13,2.2737367544323206e-13
2606,0.63623046875,0.1578556728001211,2.522781571826975e-06,2.2737367544323206e-13,2.2737367544323206e-13
2607,0.6364746093749999,0.15785568127863972,2.527863831788026e-06,2.2737367544323206e-13,2.2737367544323206e-13
2608,0.63671875,0.15785568975715839,2.5329460917490795e-06,2.2737367544323206e-13,2.2737367544323206e-13
2609,0.636962890625,0.157855698235677,2.5380283517101326e-06,2.2737367544323206e-13,2.2737367544323206e-13
2610,0.63720703125,0.1578557067141956,2.5431106116711833e-06,2.2737367544323206e-13,2.2737367544323206e-13
2611,0.637451171875,0.15785571519271424,2.548192871632237e-06,2.2737367544323206e-13,2.2737367544323206e-13
2612,0.6376953124999999,0.15785572367123285,2.553275131593288e-06,2.2737367544323206e-13,2.2737367544323206e-13
2613,0.637939453125,0.1578557321497515,2.5583573915543416e-06,2.2737367544323206e-13,2.2737367544323206e-13
2614,0.63818359375,0.1578557406282701,2.563439651515395e-06,2.2737367544323206e-13,2.2737367544323206e-13
2615,0.638427734375,0.15785574910678876,2.5685219114764455e-06,2.2737367544323206e-13,2.2737367544323206e-13
2616,0.638671875,0.15785575758530737,2.573604171437499e-06,2.2737367544323206e-13,2.2737367544323206e-13
2617,0.6389160156249999,0.15785576606382598,2.5786864313985497e-06,2.2737367544323206e-13,2.2737367544323206e-13
2618,0.63916015625,0.15785577454234462,2.583768691359603e-06,2.2737367544323206e-13,2.2737367544323206e-13
2619,0.639404296875,0.15785578302086323,2.5888509513206566e-06,2.2737367544323206e-13,2.2737367544323206e-13
2620,0.6396484375,0.15785579149938186,2.5939332112817076e-06,2.2737367544323206e-13,2.2737367544323206e-13
2621,0.639892578125,0.1578557999779005,2.5990154712427613e-06,2.2737367544323206e-13,2.2737367544323206e-13
2622,0.6401367187499999,0.15785580845641914,2.604097731203812e-06,2.2737367544323206e-13,2.2737367544323206e-13
2623,0.640380859375,0.15785581693493775,2.609179991164865e-06,2.2737367544323206e-13,2.2737367544323206e-13
2624,0.640625,0.15785582541345636,2.6142622511259187e-06,2.2737367544323206e-13,2.2737367544323206e-13
2625,0.640869140625,0.15785583396841565,2.6192939986221115e-06,2.2737367544323206e-13,2.2737367544323206e-13
2626,0.64111328125,0.15785584252337492,2.6243257461183077e-06,2.2737367544323206e-13,2.2737367544323206e-13
2627,0.6413574218749999,0.1578558510783342,2.629357493614501e-06,2.2737367544323206e-13,2.2737367544323206e-13
2628,0.6416015625,0.15785585963329346,2.634389241110697e-06,2.2737367544323206e-13,2.2737367544323206e-13
2629,0.641845703125,0.15785586818825276,2.6394209886068927e-06,2.2737367544323206e-13,2.2737367544323206e-13
2630,0.64208984375,0.15785587674321203,2.644452736103086e-06,2.2737367544323206e-13,2.2737367544323206e-13
2631,0.642333984375,0.15785588529817132,2.6494844835992817e-06,2.2737367544323206e-13,2.2737367544323206e-13
2632,0.6425781249999999,0.15785589385313056,2.6545162310954744e-06,2.2737367544323206e-13,2.2737367544323206e-13
2633,0.642822265625,0.15785590240808986,2.6595479785916706e-06,2.2737367544323206e-13,2.2737367544323206e-13
2634,0.64306640625,0.15785591096304913,2.6645797260878668e-06,2.2737367544323206e-13,2.2737367544323206e-13
2635,0.643310546875,0.1578559195180084,2.6696114735840595e-06,2.2737367544323206e-13,2.2737367544323206e-13
2636,0.6435546875,0.1578559280729677,2.6746432210802557e-06,2.2737367544323206e-13,2.2737367544323206e-13
2637,0.6437988281249999,0.15785593662792696,2.679674968576449e-06,2.2737367544323206e-13,2.2737367544323206e-13
2638,0.64404296875,0.15785594518288623,2.684706716072645e-06,2.2737367544323206e-13,2.2737367544323206e-13
2639,0.644287109375,0.1578559537378455,2.6897384635688404e-06,2.2737367544323206e-13,2.2737367544323206e-13
2640,0.64453125,0.1578559622928048,2.694770211065034e-06,2.2737367544323206e-13,2.2737367544323206e-13
2641,0.644775390625,0.15785597084776407,2.6998019585612293e-06,2.2737367544323206e-13,2.2737367544323206e-13
2642,0.6450195312499999,0.15785597940272333,2.704833706057423e-06,2.2737367544323206e-13,2.2737367544323206e-13
2643,0.645263671875,0.1578559879576826,2.7098654535536186e-06,2.2737367544323206e-13,2.2737367544323206e-13
2644,0.6455078125,0.15785599651264187,2.714897201049815e-06,2.2737367544323206e-13,2.2737367544323206e-13
2645,0.645751953125,0.15785600506760117,2.7199289485460076e-06,2.2737367544323206e-13,2.2737367544323206e-13
2646,0.64599609375,0.15785601362256044,2.7249606960422037e-06,2.2737367544323206e-13,2.2737367544323206e-13
2647,0.6462402343749999,0.15785602217751973,2.729992443538397e-06,2.2737367544323206e-13,2.2737367544323206e-13
2648,0.646484375,0.15785603073247897,2.7350241910345927e-06,2.2737367544323206e-13,2.2737367544323206e-13
2649,0.646728515625,0.1578560392874383,2.7400559385307884e-06,2.2737367544323206e-13,2.2737367544323206e-13
2650,0.64697265625,0.1578560478738557,2.7450699582310234e-06,2.2737367544323206e-13,2.2737367544323206e-13
2651,0.647216796875,0.15785605650746043,2.750057386237324e-06,2.2737367544323206e-13,2.2737367544323206e-13
2652,0.6474609374999999,0.15785606514106515,2.755044814243622e-06,2.2737367544323206e-13,2.2737367544323206e-13
2653,0.647705078125,0.1578560737746699,2.7600322422499227e-06,2.2737367544323206e-13,2.2737367544323206e-13
2654,0.64794921875,0.1578560824082746,2.7650196702562234e-06,2.2737367544323206e-13,2.2737367544323206e-13
2655,0.648193359375,0.1578560910418793,2.770007098262521e-06,2.2737367544323206e-13,2.2737367544323206e-13
2656,0.6484375,0.15785609967548403,2.774994526268822e-06,2.2737367544323206e-13,2.2737367544323206e-13
2657,0.6486816406249999,0.15785610830908878,2.7799819542751197e-06,2.2737367544323206e-13,2.2737367544323206e-13
2658,0.64892578125,0.15785611694269344,2.7849693822814205e-06,2.2737367544323206e-13,2.2737367544323206e-13
2659,0.649169921875,0.15785612557629816,2.789956810287721e-06,2.2737367544323206e-13,2.2737367544323206e-13
2660,0.6494140625,0.15785613420990288,2.794944238294019e-06,2.2737367544323206e-13,2.2737367544323206e-13
2661,0.649658203125,0.15785614284350763,2.7999316663003197e-06,2.2737367544323206e-13,2.2737367544323206e-13
2662,0.6499023437499999,0.15785615147711232,2.8049190943066175e-06,2.2737367544323206e-13,2.2737367544323206e-13
2663,0.650146484375,0.15785616011071704,2.8099065223129182e-06,2.2737367544323206e-13,2.2737367544323206e-13
2664,0.650390625,0.15785616874432176,2.814893950319219e-06,2.2737367544323206e-13,2.2737367544323206e-13
2665,0.650634765625,0.15785617737792648,2.8198813783255168e-06,2.2737367544323206e-13,2.2737367544323206e-13
2666,0.65087890625,0.15785618601153117,2.824868806331817e-06,2.2737367544323206e-13,2.2737367544323206e-13
2667,0.6511230468749999,0.1578561946451359,2.8298562343381153e-06,2.2737367544323206e-13,2.2737367544323206e-13
2668,0.6513671875,0.15785620327874061,2.8348436623444156e-06,2.2737367544323206e-13,2.2737367544323206e-13
2669,0.651611328125,0.15785621191234536,2.8398310903507163e-06,2.2737367544323206e-13,2.2737367544323206e-13
2670,0.65185546875,0.15785622054595005,2.844818518357014e-06,2.2737367544323206e-13,2.2737367544323206e-13
2671,0.652099609375,0.15785622917955477,2.849805946363315e-06,2.2737367544323206e-13,2.2737367544323206e-13
2672,0.6523437499999999,0.15785623781315947,2.8547933743696126e-06,2.2737367544323206e-13,2.2737367544323206e-13
2673,0.652587890625,0.15785624644676421,2.8597808023759134e-06,2.2737367544323206e-13,2.2737367544323206e-13
2674,0.65283203125,0.1578562550803689,2.8647682303822145e-06,2.2737367544323206e-13,2.2737367544323206e-13
2675,0.653076171875,0.15785626371397363,2.869755658388512e-06,2.2737367544323206e-13,2.2737367544323206e-13
2676,0.6533203125,0.15785627241097447,2.874711441724439e-06,2.2737367544323206e-13,2.2737367544323206e-13
2677,0.6535644531249999,0.15785628112382433,2.879659313892769e-06,2.2737367544323206e-13,2.2737367544323206e-13
2678,0.65380859375,0.15785628983667419,2.8846071860611023e-06,2.2737367544323206e-13,2.2737367544323206e-13
2679,0.654052734375,0.15785629854952402,2.8895550582294355e-06,2.2737367544323206e-13,2.2737367544323206e-13
2680,0.654296875,0.1578563072623739,2.894502930397766e-06,2.2737367544323206e-13,2.2737367544323206e-13
2681,0.654541015625,0.15785631597522373,2.899450802566099e-06,2.2737367544323206e-13,2.2737367544323206e-13
2682,0.6547851562499999,0.1578563246880736,2.90439867473443e-06,2.2737367544323206e-13,2.2737367544323206e-13
2683,0.655029296875,0.15785633340092345,2.909346546902763e-06,2.2737367544323206e-13,2.2737367544323206e-13
2684,0.6552734375,0.15785634211377333,2.914294419071096e-06,2.2737367544323206e-13,2.2737367544323206e-13
2685,0.655517578125,0.15785635082662317,2.9192422912394263e-06,2.2737367544323206e-13,2.2737367544323206e-13
2686,0.65576171875,0.15785635953947302,2.9241901634077603e-06,2.2737367544323206e-13,2.2737367544323206e-13
2687,0.6560058593749999,0.15785636825232288,2.9291380355760905e-06,2.2737367544323206e-13,2.2737367544323206e-13
2688,0.65625,0.15785637696517274,2.9340859077444236e-06,2.2737367544323206e-13,2.2737367544323206e-13
2689,0.656494140625,0.15785638567802257,2.9390337799127567e-06,2.2737367544323206e-13,2.2737367544323206e-13
2690,0.65673828125,0.15785639439087243,2.9439816520810873e-06,2.2737367544323206e-13,2.2737367544323206e-13
2691,0.656982421875,0.15785640310372231,2.9489295242494205e-06,2.2737367544323206e-13,2.2737367544323206e-13
2692,0.6572265624999999,0.15785641181657215,2.953877396417751e-06,2.2737367544323206e-13,2.2737367544323206e-13
2693,0.657470703125,0.157856420529422,2.9588252685860847e-06,2.2737367544323206e-13,2.2737367544323206e-13
2694,0.65771484375,0.15785642924227186,2.963773140754418e-06,2.2737367544323206e-13,2.2737367544323206e-13
2695,0.657958984375,0.15785643795512172,2.9687210129227484e-06,2.2737367544323206e-13,2.2737367544323206e-13
2696,0.658203125,0.15785644666797155,2.9736688850910816e-06,2.2737367544323206e-13,2.2737367544323206e-13
2697,0.6584472656249999,0.15785645538082144,2.9786167572594117e-06,2.2737367544323206e-13,2.2737367544323206e-13
2698,0.65869140625,0.1578564640936713,2.983564629427745e-06,2.2737367544323206e-13,2.2737367544323206e-13
2699,0.658935546875,0.15785647280652115,2.988512501596078e-06,2.2737367544323206e-13,2.2737367544323206e-13
2700,0.6591796875,0.157856481519371,2.9934603737644086e-06,2.2737367544323206e-13,2.2737367544323206e-13
2701,0.659423828125,0.15785649024792447,2.998401059644389e-06,2.2737367544323206e-13,2.2737367544323206e-13
2702,0.6596679687499999,0.1578564990392924,3.0033130003709533e-06,2.2737367544323206e-13,2.2737367544323206e-13
2703,0.659912109375,0.1578565078306603,3.0082249410975206e-06,2.2737367544323206e-13,2.2737367544323206e-13
2704,0.66015625,0.1578565166220282,3.013136881824088e-06,2.2737367544323206e-13,2.2737367544323206e-13
2705,0.660400390625,0.15785652541339612,3.0180488225506523e-06,2.2737367544323206e-13,2.2737367544323206e-13
2706,0.66064453125,0.15785653420476403,3.0229607632772192e-06,2.2737367544323206e-13,2.2737367544323206e-13
2707,0.6608886718749999,0.15785654299613194,3.027872704003784e-06,2.2737367544323206e-13,2.2737367544323206e-13
2708,0.6611328125,0.15785655178749985,3.032784644730351e-06,2.2737367544323206e-13,2.2737367544323206e-13
2709,0.661376953125,0.15785656057886777,3.0376965854569183e-06,2.2737367544323206e-13,2.2737367544323206e-13
2710,0.66162109375,0.15785656937023568,3.0426085261834827e-06,2.2737367544323206e-13,2.2737367544323206e-13
2711,0.661865234375,0.1578565781616036,3.0475204669100505e-06,2.2737367544323206e-13,2.2737367544323206e-13
2712,0.6621093749999999,0.1578565869529715,3.052432407636615e-06,2.2737367544323206e-13,2.2737367544323206e-13
2713,0.662353515625,0.1578565957443394,3.0573443483631818e-06,2.2737367544323206e-13,2.2737367544323206e-13
2714,0.66259765625,0.15785660453570732,3.062256289089749e-06,2.2737367544323206e-13,2.2737367544323206e-13
2715,0.662841796875,0.15785661332707523,3.067168229816314e-06,2.2737367544323206e-13,2.2737367544323206e-13
2716,0.6630859375,0.15785662211844315,3.0720801705428804e-06,2.2737367544323206e-13,2.2737367544323206e-13
2717,0.6633300781249999,0.15785663090981106,3.076992111269445e-06,2.2737367544323206e-13,2.2737367544323206e-13
2718,0.66357421875,0.15785663970117897,3.0819040519960126e-06,2.2737367544323206e-13,2.2737367544323206e-13
2719,0.663818359375,0.1578566484925469,3.0868159927225795e-06,2.2737367544323206e-13,2.2737367544323206e-13
2720,0.6640625,0.1578566572839148,3.091727933449144e-06,2.2737367544323206e-13,2.2737367544323206e-13
2721,0.664306640625,0.1578566660752827,3.0966398741757116e-06,2.2737367544323206e-13,2.2737367544323206e-13
2722,0.6645507812499999,0.15785667486665061,3.101551814902276e-06,2.2737367544323206e-13,2.2737367544323206e-13
2723,0.664794921875,0.15785668365801853,3.1064637556288433e-06,2.2737367544323206e-13,2.2737367544323206e-13
2724,0.6650390625,0.15785669244938644,3.1113756963554103e-06,2.2737367544323206e-13,2.2737367544323206e-13
2725,0.665283203125,0.15785670124075435,3.116287637081975e-06,2.2737367544323206e-13,2.2737367544323206e-13
2726,0.66552734375,0.15785671003212226,3.121199577808542e-06,2.2737367544323206e-13,2.2737367544323206e-13
2727,0.6657714843749999,0.15785671886949396,3.126091581668271e-06,2.2737367544323206e-13,2.2737367544323206e-13
2728,0.666015625,0.15785672773753476,3.130970294283446e-06,2.2737367544323206e-13,2.2737367544323206e-13
2729,0.666259765625,0.1578567366055756,3.135849006898621e-06,2.2737367544323206e-13,2.2737367544323206e-13
2730,0.66650390625,0.15785674547361642,3.140727719513793e-06,2.2737367544323206e-13,2.2737367544323206e-13
2731,0.666748046875,0.15785675434165725,3.1456064321289676e-06,2.2737367544323206e-13,2.2737367544323206e-13
2732,0.6669921874999999,0.15785676320969808,3.1504851447441393e-06,2.2737367544323206e-13,2.2737367544323206e-13
2733,0.667236328125,0.1578567720777389,3.155363857359314e-06,2.2737367544323206e-13,2.2737367544323206e-13
2734,0.66748046875,0.15785678094577973,3.1602425699744885e-06,2.2737367544323206e-13,2.2737367544323206e-13
2735,0.667724609375,0.15785678981382054,3.1651212825896606e-06,2.2737367544323206e-13,2.2737367544323206e-13
2736,0.66796875,0.1578567986818614,3.1699999952048352e-06,2.2737367544323206e-13,2.2737367544323206e-13
2737,0.6682128906249999,0.15785680754990222,3.174878707820007e-06,2.2737367544323206e-13,2.2737367544323206e-13
2738,0.66845703125,0.15785681641794305,3.179757420435182e-06,2.2737367544323206e-13,2.2737367544323206e-13
2739,0.668701171875,0.15785682528598385,3.1846361330503566e-06,2.2737367544323206e-13,2.2737367544323206e-13
2740,0.6689453125,0.1578568341540247,3.1895148456655287e-06,2.2737367544323206e-13,2.2737367544323206e-13
2741,0.669189453125,0.1578568430220655,3.1943935582807037e-06,2.2737367544323206e-13,2.2737367544323206e-13
2742,0.6694335937499999,0.15785685189010634,3.1992722708958754e-06,2.2737367544323206e-13,2.2737367544323206e-13
2743,0.669677734375,0.1578568607581472,3.20415098351105e-06,2.2737367544323206e-13,2.2737367544323206e-13
2744,0.669921875,0.15785686962618803,3.2090296961262247e-06,2.2737367544323206e-13,2.2737367544323206e-13
2745,0.670166015625,0.15785687849422883,3.2139084087413968e-06,2.2737367544323206e-13,2.2737367544323206e-13
2746,0.67041015625,0.15785688736226966,3.2187871213565714e-06,2.2737367544323206e-13,2.2737367544323206e-13
2747,0.6706542968749999,0.15785689623031052,3.2236658339717435e-06,2.2737367544323206e-13,2.2737367544323206e-13
2748,0.6708984375,0.15785690509835132,3.228544546586918e-06,2.2737367544323206e-13,2.2737367544323206e-13
2749,0.671142578125,0.15785691396639215,3.233423259202093e-06,2.2737367544323206e-13,2.2737367544323206e-13
2750,0.67138671875,0.15785692283443298,3.238301971817265e-06,2.2737367544323206e-13,2.2737367544323206e-13
2751,0.671630859375,0.15785693170247378,3.2431806844324395e-06,2.2737367544323206e-13,2.2737367544323206e-13
2752,0.6718749999999999,0.15785694057051464,3.2480593970476116e-06,2.2737367544323206e-13,2.2737367544323206e-13
2753,0.672119140625,0.15785694951242357,3.2529068304516064e-06,2.2737367544323206e-13,2.2737367544323206e-13
2754,0.67236328125,0.15785695845433248,3.257754263855601e-06,2.2737367544323206e-13,2.2737367544323206e-13
2755,0.672607421875,0.1578569673962414,3.2626016972595927e-06,2.2737367544323206e-13,2.2737367544323206e-13
2756,0.6728515625,0.15785697633815035,3.2674491306635876e-06,2.2737367544323206e-13,2.2737367544323206e-13
2757,0.6730957031249999,0.1578569852800593,3.27229656406758e-06,2.2737367544323206e-13,2.2737367544323206e-13
2758,0.67333984375,0.15785699422196822,3.2771439974715743e-06,2.2737367544323206e-13,2.2737367544323206e-13
2759,0.673583984375,0.15785700316387713,3.2819914308755688e-06,2.2737367544323206e-13,2.2737367544323206e-13
2760,0.673828125,0.15785701210578604,3.286838864279561e-06,2.2737367544323206e-13,2.2737367544323206e-13
2761,0.674072265625,0.15785702104769497,3.2916862976835555e-06,2.2737367544323206e-13,2.2737367544323206e-13
2762,0.6743164062499999,0.1578570299896039,3.2965337310875474e-06,2.2737367544323206e-13,2.2737367544323206e-13
2763,0.674560546875,0.15785703893151287,3.3013811644915422e-06,2.2737367544323206e-13,2.2737367544323206e-13
2764,0.6748046875,0.15785704787342178,3.3062285978955367e-06,2.2737367544323206e-13,2.2737367544323206e-13
2765,0.675048828125,0.15785705681533072,3.311076031299529e-06,2.2737367544323206e-13,2.2737367544323206e-13
2766,0.67529296875,0.15785706575723962,3.3159234647035234e-06,2.2737367544323206e-13,2.2737367544323206e-13
2767,0.6755371093749999,0.15785707469914853,3.3207708981075153e-06,2.2737367544323206e-13,2.2737367544323206e-13
2768,0.67578125,0.1578570836410575,3.32561833151151e-06,2.2737367544323206e-13,2.2737367544323206e-13
2769,0.676025390625,0.1578570925829664,3.3304657649155046e-06,2.2737367544323206e-13,2.2737367544323206e-13
2770,0.67626953125,0.15785710152487537,3.3353131983194965e-06,2.2737367544323206e-13,2.2737367544323206e-13
2771,0.676513671875,0.15785711046678427,3.3401606317234917e-06,2.2737367544323206e-13,2.2737367544323206e-13
2772,0.6767578124999999,0.15785711940869318,3.3450080651274828e-06,2.2737367544323206e-13,2.2737367544323206e-13
2773,0.677001953125,0.15785712835060212,3.3498554985314776e-06,2.2737367544323206e-13,2.2737367544323206e-13
2774,0.67724609375,0.15785713729251105,3.354702931935473e-06,2.2737367544323206e-13,2.2737367544323206e-13
2775,0.677490234375,0.15785714623442,3.359550365339464e-06,2.2737367544323206e-13,2.2737367544323206e-13
2776,0.677734375,0.1578571551763289,3.364397798743459e-06,2.2737367544323206e-13,2.2737367544323206e-13
2777,0.6779785156249999,0.15785716411823786,3.369245232147451e-06,2.2737367544323206e-13,2.2737367544323206e-13
2778,0.67822265625,0.157857173088237,3.3740806824425028e-06,2.2737367544323206e-13,2.2737367544323206e-13
2779,0.678466796875,0.15785718210037142,3.378898158074139e-06,2.2737367544323206e-13,2.2737367544323206e-13
2780,0.6787109375,0.15785719111250585,3.3837156337057717e-06,2.2737367544323206e-13,2.2737367544323206e-13
2781,0.678955078125,0.15785720012464033,3.3885331093374083e-06,2.2737367544323206e-13,2.2737367544323206e-13
2782,0.6791992187499999,0.15785720913677476,3.3933505849690416e-06,2.2737367544323206e-13,2.2737367544323206e-13
2783,0.679443359375,0.1578572181489092,3.398168060600678e-06,2.2737367544323206e-13,2.2737367544323206e-13
2784,0.6796875,0.15785722716104367,3.4029855362323144e-06,2.2737367544323206e-13,2.2737367544323206e-13
2785,0.679931640625,0.15785723617317812,3.407803011863947e-06,2.2737367544323206e-13,2.2737367544323206e-13
2786,0.68017578125,0.1578572451853126,3.412620487495584e-06,2.2737367544323206e-13,2.2737367544323206e-13
2787,0.6804199218749999,0.15785725419744703,3.4174379631272174e-06,2.2737367544323206e-13,2.2737367544323206e-13
2788,0.6806640625,0.15785726320958146,3.422255438758854e-06,2.2737367544323206e-13,2.2737367544323206e-13
2789,0.680908203125,0.15785727222171594,3.42707291439049e-06,2.2737367544323206e-13,2.2737367544323206e-13
2790,0.68115234375,0.15785728123385037,3.4318903900221234e-06,2.2737367544323206e-13,2.2737367544323206e-13
2791,0.681396484375,0.15785729024598483,3.43670786565376e-06,2.2737367544323206e-13,2.2737367544323206e-13
2792,0.6816406249999999,0.15785729925811928,3.441525341285393e-06,2.2737367544323206e-13,2.2737367544323206e-13
2793,0.681884765625,0.1578573082702537,3.4463428169170295e-06,2.2737367544323206e-13,2.2737367544323206e-13
2794,0.68212890625,0.1578573172823882,3.4511602925486656e-06,2.2737367544323206e-13,2.2737367544323206e-13
2795,0.682373046875,0.15785732629452262,3.455977768180299e-06,2.2737367544323206e-13,2.2737367544323206e-13
2796,0.6826171875,0.15785733530665708,3.4607952438119355e-06,2.2737367544323206e-13,2.2737367544323206e-13
2797,0.6828613281249999,0.15785734431879153,3.4656127194435683e-06,2.2737367544323206e-13,2.2737367544323206e-13
2798,0.68310546875,0.15785735333092596,3.4704301950752057e-06,2.2737367544323206e-13,2.2737367544323206e-13
2799,0.683349609375,0.15785736234306041,3.4752476707068415e-06,2.2737367544323206e-13,2.2737367544323206e-13
2800,0.68359375,0.15785737135519487,3.4800651463384743e-06,2.2737367544323206e-13,2.2737367544323206e-13
2801,0.683837890625,0.15785738036732933,3.4848826219701113e-06,2.2737367544323206e-13,2.2737367544323206e-13
2802,0.6840820312499999,0.15785738937946375,3.4897000976017445e-06,2.2737367544323206e-13,2.2737367544323206e-13
2803,0.684326171875,0.1578573983915982,3.4945175732333803e-06,2.2737367544323206e-13,2.2737367544323206e-13
2804,0.6845703125,0.15785740745640547,3.499311717026947e-06,2.2737367544323206e-13,2.2737367544323206e-13
2805,0.684814453125,0.1578574165343809,3.504100027860993e-06,2.2737367544323206e-13,2.2737367544323206e-13
2806,0.68505859375,0.15785742561235638,3.508888338695041e-06,2.2737367544323206e-13,2.2737367544323206e-13
2807,0.6853027343749999,0.15785743469033184,3.5136766495290875e-06,2.2737367544323206e-13,2.2737367544323206e-13
2808,0.685546875,0.15785744376830727,3.5184649603631364e-06,2.2737367544323206e-13,2.2737367544323206e-13
2809,0.685791015625,0.15785745284628275,3.523253271197185e-06,2.2737367544323206e-13,2.2737367544323206e-13
2810,0.68603515625,0.15785746192425817,3.528041582031231e-06,2.2737367544323206e-13,2.2737367544323206e-13
2811,0.686279296875,0.15785747100223363,3.53282989286528e-06,2.2737367544323206e-13,2.2737367544323206e-13
2812,0.6865234374999999,0.15785748008020908,3.537618203699326e-06,2.2737367544323206e-13,2.2737367544323206e-13
2813,0.686767578125,0.1578574891581845,3.542406514533374e-06,2.2737367544323206e-13,2.2737367544323206e-13
2814,0.68701171875,0.15785749823616,3.5471948253674233e-06,2.2737367544323206e-13,2.2737367544323206e-13
2815,0.687255859375,0.15785750731413545,3.5519831362014688e-06,2.2737367544323206e-13,2.2737367544323206e-13
2816,0.6875,0.1578575163921109,3.5567714470355176e-06,2.2737367544323206e-13,2.2737367544323206e-13
2817,0.6877441406249999,0.15785752547008633,3.561559757869564e-06,2.2737367544323206e-13,2.2737367544323206e-13
2818,0.68798828125,0.15785753454806178,3.566348068703612e-06,2.2737367544323206e-13,2.2737367544323206e-13
2819,0.688232421875,0.15785754362603724,3.571136379537661e-06,2.2737367544323206e-13,2.2737367544323206e-13
2820,0.6884765625,0.1578575527040127,3.575924690371707e-06,2.2737367544323206e-13,2.2737367544323206e-13
2821,0.688720703125,0.15785756178198812,3.5807130012057557e-06,2.2737367544323206e-13,2.2737367544323206e-13
2822,0.6889648437499999,0.1578575708599636,3.585501312039802e-06,2.2737367544323206e-13,2.2737367544323206e-13
2823,0.689208984375,0.15785757993793903,3.590289622873851e-06,2.2737367544323206e-13,2.2737367544323206e-13
2824,0.689453125,0.15785758901591448,3.595077933707899e-06,2.2737367544323206e-13,2.2737367544323206e-13
2825,0.689697265625,0.15785759809388994,3.599866244541945e-06,2.2737367544323206e-13,2.2737367544323206e-13
2826,0.68994140625,0.1578576071718654,3.6046545553759937e-06,2.2737367544323206e-13,2.2737367544323206e-13
2827,0.6901855468749999,0.15785761624984085,3.6094428662100396e-06,2.2737367544323206e-13,2.2737367544323206e-13
2828,0.6904296875,0.1578576253278163,3.6142311770440885e-06,2.2737367544323206e-13,2.2737367544323206e-13
2829,0.690673828125,0.1578576344179512,3.6190137233246325e-06,2.2737367544323206e-13,2.2737367544323206e-13
2830,0.69091796875,0.15785764355672396,3.623773211391154e-06,2.2737367544323206e-13,2.2737367544323206e-13
2831,0.691162109375,0.15785765269549668,3.628532699457679e-06,2.2737367544323206e-13,2.2737367544323206e-13
2832,0.6914062499999999,0.15785766183426944,3.6332921875242005e-06,2.2737367544323206e-13,2.2737367544323206e-13
2833,0.691650390625,0.1578576709730422,3.638051675590725e-06,2.2737367544323206e-13,2.2737367544323206e-13
2834,0.69189453125,0.15785768011181495,3.6428111636572497e-06,2.2737367544323206e-13,2.2737367544323206e-13
2835,0.692138671875,0.1578576892505877,3.6475706517237714e-06,2.2737367544323206e-13,2.2737367544323206e-13
2836,0.6923828125,0.15785769838936045,3.652330139790296e-06,2.2737367544323206e-13,2.2737367544323206e-13
2837,0.6926269531249999,0.1578577075281332,3.6570896278568177e-06,2.2737367544323206e-13,2.2737367544323206e-13
2838,0.69287109375,0.15785771666690596,3.6618491159233424e-06,2.2737367544323206e-13,2.2737367544323206e-13
2839,0.693115234375,0.15785772580567872,3.6666086039898666e-06,2.2737367544323206e-13,2.2737367544323206e-13
2840,0.693359375,0.15785773494445143,3.6713680920563887e-06,2.2737367544323206e-13,2.2737367544323206e-13
2841,0.693603515625,0.1578577440832242,3.676127580122913e-06,2.2737367544323206e-13,2.2737367544323206e-13
2842,0.6938476562499999,0.15785775322199697,3.680887068189435e-06,2.2737367544323206e-13,2.2737367544323206e-13
2843,0.694091796875,0.1578577623607697,3.68564655625596e-06,2.2737367544323206e-13,2.2737367544323206e-13
2844,0.6943359375,0.15785777149954244,3.690406044322484e-06,2.2737367544323206e-13,2.2737367544323206e-13
2845,0.694580078125,0.1578577806383152,3.6951655323890064e-06,2.2737367544323206e-13,2.2737367544323206e-13
2846,0.69482421875,0.15785778977708795,3.69992502045553e-06,2.2737367544323206e-13,2.2737367544323206e-13
2847,0.6950683593749999,0.15785779891586071,3.7046845085220527e-06,2.2737367544323206e-13,2.2737367544323206e-13
2848,0.6953125,0.15785780805463345,3.7094439965885765e-06,2.2737367544323206e-13,2.2737367544323206e-13
2849,0.695556640625,0.1578578171934062,3.7142034846551007e-06,2.2737367544323206e-13,2.2737367544323206e-13
2850,0.69580078125,0.15785782633217896,3.7189629727216228e-06,2.2737367544323206e-13,2.2737367544323206e-13
2851,0.696044921875,0.15785783547095172,3.723722460788147e-06,2.2737367544323206e-13,2.2737367544323206e-13
2852,0.6962890624999999,0.15785784460972443,3.728481948854669e-06,2.2737367544323206e-13,2.2737367544323206e-13
2853,0.696533203125,0.1578578537484972,3.7332414369211933e-06,2.2737367544323206e-13,2.2737367544323206e-13
2854,0.69677734375,0.15785786288726997,3.7380009249877183e-06,2.2737367544323206e-13,2.2737367544323206e-13
2855,0.697021484375,0.15785787205911186,3.742743090276801e-06,2.2737367544323206e-13,2.2737367544323206e-13
2856,0.697265625,0.15785788125299993,3.7474737070475932e-06,2.2737367544323206e-13,2.2737367544323206e-13
2857,0.6975097656249999,0.15785789044688803,3.7522043238183824e-06,2.2737367544323206e-13,2.2737367544323206e-13
2858,0.69775390625,0.1578578996407761,3.756934940589175e-06,2.2737367544323206e-13,2.2737367544323206e-13
2859,0.697998046875,0.15785790883466413,3.7616655573599664e-06,2.2737367544323206e-13,2.2737367544323206e-13
2860,0.6982421875,0.1578579180285522,3.7663961741307564e-06,2.2737367544323206e-13,2.2737367544323206e-13
2861,0.698486328125,0.15785792722244027,3.771126790901548e-06,2.2737367544323206e-13,2.2737367544323206e-13
2862,0.6987304687499999,0.15785793641632834,3.7758574076723382e-06,2.2737367544323206e-13,2.2737367544323206e-13
2863,0.698974609375,0.1578579456102164,3.78058802444313e-06,2.2737367544323206e-13,2.2737367544323206e-13
2864,0.69921875,0.15785795480410447,3.7853186412139217e-06,2.2737367544323206e-13,2.2737367544323206e-13
2865,0.699462890625,0.15785796399799254,3.790049257984711e-06,2.2737367544323206e-13,2.2737367544323206e-13
2866,0.69970703125,0.15785797319188058,3.7947798747555035e-06,2.2737367544323206e-13,2.2737367544323206e-13
2867,0.6999511718749999,0.15785798238576867,3.7995104915262927e-06,2.2737367544323206e-13,2.2737367544323206e-13
2868,0.7001953125,0.15785799157965674,3.8042411082970853e-06,2.2737367544323206e-13,2.2737367544323206e-13
2869,0.700439453125,0.15785800077354478,3.808971725067877e-06,2.2737367544323206e-13,2.2737367544323206e-13
2870,0.70068359375,0.15785800996743285,3.813702341838667e-06,2.2737367544323206e-13,2.2737367544323206e-13
2871,0.700927734375,0.15785801916132092,3.818432958609459e-06,2.2737367544323206e-13,2.2737367544323206e-13
2872,0.7011718749999999,0.157858028355209,3.823163575380248e-06,2.2737367544323206e-13,2.2737367544323206e-13
2873,0.701416015625,0.15785803754909705,3.827894192151041e-06,2.2737367544323206e-13,2.2737367544323206e-13
2874,0.70166015625,0.15785804674298512,3.832624808921833e-06,2.2737367544323206e-13,2.2737367544323206e-13
2875,0.701904296875,0.1578580559368732,3.8373554256926225e-06,2.2737367544323206e-13,2.2737367544323206e-13
2876,0.7021484375,0.15785806513076123,3.842086042463414e-06,2.2737367544323206e-13,2.2737367544323206e-13
2877,0.7023925781249999,0.15785807432464932,3.846816659234204e-06,2.2737367544323206e-13,2.2737367544323206e-13
2878,0.70263671875,0.1578580835185374,3.851547276004996e-06,2.2737367544323206e-13,2.2737367544323206e-13
2879,0.702880859375,0.15785809271242546,3.856277892775789e-06,2.2737367544323206e-13,2.2737367544323206e-13
2880,0.703125,0.1578581019063135,3.861008509546578e-06,2.2737367544323206e-13,2.2737367544323206e-13
2881,0.703369140625,0.15785811114908035,3.8657098652947435e-06,2.2737367544323206e-13,2.2737367544323206e-13
2882,0.7036132812499999,0.15785812039184724,3.870411221042907e-06,2.2737367544323206e-13,2.2737367544323206e-13
2883,0.703857421875,0.15785812963461404,3.875112576791072e-06,2.2737367544323206e-13,2.2737367544323206e-13
2884,0.7041015625,0.15785813887738093,3.879813932539238e-06,2.2737367544323206e-13,2.2737367544323206e-13
2885,0.704345703125,0.15785814812014778,3.884515288287402e-06,2.2737367544323206e-13,2.2737367544323206e-13
2886,0.70458984375,0.15785815736291461,3.8892166440355675e-06,2.2737367544323206e-13,2.2737367544323206e-13
2887,0.7048339843749999,0.15785816660568147,3.893917999783731e-06,2.2737367544323206e-13,2.2737367544323206e-13
2888,0.705078125,0.15785817584844833,3.898619355531896e-06,2.2737367544323206e-13,2.2737367544323206e-13
2889,0.705322265625,0.15785818509121521,3.903320711280062e-06,2.2737367544323206e-13,2.2737367544323206e-13
2890,0.70556640625,0.15785819433398202,3.908022067028225e-06,2.2737367544323206e-13,2.2737367544323206e-13
2891,0.705810546875,0.15785820357674887,3.912723422776391e-06,2.2737367544323206e-13,2.2737367544323206e-13
2892,0.7060546874999999,0.15785821281951576,3.917424778524555e-06,2.2737367544323206e-13,2.2737367544323206e-13
2893,0.706298828125,0.1578582220622826,3.92212613427272e-06,2.2737367544323206e-13,2.2737367544323206e-13
2894,0.70654296875,0.15785823130504945,3.926827490020887e-06,2.2737367544323206e-13,2.2737367544323206e-13
2895,0.706787109375,0.1578582405478163,3.931528845769049e-06,2.2737367544323206e-13,2.2737367544323206e-13
2896,0.70703125,0.15785824979058313,3.936230201517215e-06,2.2737367544323206e-13,2.2737367544323206e-13
2897,0.7072753906249999,0.15785825903335,3.940931557265378e-06,2.2737367544323206e-13,2.2737367544323206e-13
2898,0.70751953125,0.15785826827611685,3.9456329130135435e-06,2.2737367544323206e-13,2.2737367544323206e-13
2899,0.707763671875,0.1578582775188837,3.95033426876171e-06,2.2737367544323206e-13,2.2737367544323206e-13
2900,0.7080078125,0.15785828676165056,3.955035624509873e-06,2.2737367544323206e-13,2.2737367544323206e-13
2901,0.708251953125,0.15785829600441742,3.959736980258039e-06,2.2737367544323206e-13,2.2737367544323206e-13
2902,0.7084960937499999,0.15785830524718425,3.964438336006202e-06,2.2737367544323206e-13,2.2737367544323206e-13
2903,0.708740234375,0.1578583144899511,3.9691396917543675e-06,2.2737367544323206e-13,2.2737367544323206e-13
2904,0.708984375,0.15785832373271796,3.973841047502534e-06,2.2737367544323206e-13,2.2737367544323206e-13
2905,0.709228515625,0.1578583329754848,3.978542403250697e-06,2.2737367544323206e-13,2.2737367544323206e-13
2906,0.70947265625,0.1578583422350981,3.983231777500334e-06,2.2737367544323206e-13,2.2737367544323206e-13
2907,0.7097167968749999,0.157858351519981,3.987903179502174e-06,2.2737367544323206e-13,2.2737367544323206e-13
2908,0.7099609375,0.15785836080486396,3.9925745815040165e-06,2.2737367544323206e-13,2.2737367544323206e-13
2909,0.710205078125,0.15785837008974682,3.997245983505859e-06,2.2737367544323206e-13,2.2737367544323206e-13
2910,0.71044921875,0.15785837937462976,4.0019173855077e-06,2.2737367544323206e-13,2.2737367544323206e-13
2911,0.710693359375,0.15785838865951268,4.006588787509543e-06,2.2737367544323206e-13,2.2737367544323206e-13
2912,0.7109374999999999,0.15785839794439557,4.011260189511383e-06,2.2737367544323206e-13,2.2737367544323206e-13
2913,0.711181640625,0.15785840722927852,4.0159315915132265e-06,2.2737367544323206e-13,2.2737367544323206e-13
2914,0.71142578125,0.15785841651416144,4.020602993515069e-06,2.2737367544323206e-13,2.2737367544323206e-13
2915,0.711669921875,0.15785842579904433,4.025274395516909e-06,2.2737367544323206e-13,2.2737367544323206e-13
2916,0.7119140625,0.15785843508392725,4.029945797518753e-06,2.2737367544323206e-13,2.2737367544323206e-13
2917,0.7121582031249999,0.1578584443688102,4.034617199520593e-06,2.2737367544323206e-13,2.2737367544323206e-13
2918,0.71240234375,0.15785845365369308,4.039288601522436e-06,2.2737367544323206e-13,2.2737367544323206e-13
2919,0.712646484375,0.157858462938576,4.043960003524278e-06,2.2737367544323206e-13,2.2737367544323206e-13
2920,0.712890625,0.15785847222345892,4.048631405526118e-06,2.2737367544323206e-13,2.2737367544323206e-13
2921,0.713134765625,0.15785848150834184,4.053302807527962e-06,2.2737367544323206e-13,2.2737367544323206e-13
2922,0.7133789062499999,0.15785849079322475,4.057974209529802e-06,2.2737367544323206e-13,2.2737367544323206e-13
2923,0.713623046875,0.15785850007810767,4.062645611531645e-06,2.2737367544323206e-13,2.2737367544323206e-13
2924,0.7138671875,0.15785850936299062,4.067317013533487e-06,2.2737367544323206e-13,2.2737367544323206e-13
2925,0.714111328125,0.15785851864787348,4.071988415535328e-06,2.2737367544323206e-13,2.2737367544323206e-13
2926,0.71435546875,0.15785852793275643,4.076659817537171e-06,2.2737367544323206e-13,2.2737367544323206e-13
2927,0.7145996093749999,0.15785853721763934,4.081331219539011e-06,2.2737367544323206e-13,2.2737367544323206e-13
2928,0.71484375,0.15785854650252223,4.086002621540855e-06,2.2737367544323206e-13,2.2737367544323206e-13
2929,0.715087890625,0.15785855578740518,4.090674023542697e-06,2.2737367544323206e-13,2.2737367544323206e-13
2930,0.71533203125,0.1578585650722881,4.0953454255445375e-06,2.2737367544323206e-13,2.2737367544323206e-13
2931,0.715576171875,0.157858574357171,4.100016827546381e-06,2.2737367544323206e-13,2.2737367544323206e-13
2932,0.7158203124999999,0.15785858366993918,4.104663495708537e-06,2.2737367544323206e-13,2.2737367544323206e-13
2933,0.716064453125,0.1578585929896787,4.109303980410775e-06,2.2737367544323206e-13,2.2737367544323206e-13
2934,0.71630859375,0.1578586023094182,4.113944465113014e-06,2.2737367544323206e-13,2.2737367544323206e-13
2935,0.716552734375,0.15785861162915774,4.11858494981525e-06,2.2737367544323206e-13,2.2737367544323206e-13
2936,0.716796875,0.15785862094889724,4.123225434517488e-06,2.2737367544323206e-13,2.2737367544323206e-13
2937,0.7170410156249999,0.15785863026863672,4.127865919219723e-06,2.2737367544323206e-13,2.2737367544323206e-13
2938,0.71728515625,0.15785863958837626,4.132506403921962e-06,2.2737367544323206e-13,2.2737367544323206e-13
2939,0.717529296875,0.15785864890811574,4.1371468886242e-06,2.2737367544323206e-13,2.2737367544323206e-13
2940,0.7177734375,0.15785865822785525,4.141787373326436e-06,2.2737367544323206e-13,2.2737367544323206e-13
2941,0.718017578125,0.15785866754759476,4.146427858028674e-06,2.2737367544323206e-13,2.2737367544323206e-13
2942,0.7182617187499999,0.15785867686733426,4.1510683427309095e-06,2.2737367544323206e-13,2.2737367544323206e-13
2943,0.718505859375,0.15785868618707377,4.155708827433148e-06,2.2737367544323206e-13,2.2737367544323206e-13
2944,0.71875,0.15785869550681328,4.160349312135386e-06,2.2737367544323206e-13,2.2737367544323206e-13
2945,0.718994140625,0.1578587048265528,4.164989796837622e-06,2.2737367544323206e-13,2.2737367544323206e-13
2946,0.71923828125,0.15785871414629232,4.16963028153986e-06,2.2737367544323206e-13,2.2737367544323206e-13
2947,0.7194824218749999,0.15785872346603183,4.174270766242096e-06,2.2737367544323206e-13,2.2737367544323206e-13
2948,0.7197265625,0.15785873278577134,4.178911250944335e-06,2.2737367544323206e-13,2.2737367544323206e-13
2949,0.719970703125,0.15785874210551085,4.183551735646573e-06,2.2737367544323206e-13,2.2737367544323206e-13
2950,0.72021484375,0.15785875142525033,4.188192220348808e-06,2.2737367544323206e-13,2.2737367544323206e-13
2951,0.720458984375,0.15785876074498986,4.192832705051046e-06,2.2737367544323206e-13,2.2737367544323206e-13
2952,0.7207031249999999,0.15785877006472934,4.197473189753282e-06,2.2737367544323206e-13,2.2737367544323206e-13
2953,0.720947265625,0.15785877938446888,4.20211367445552e-06,2.2737367544323206e-13,2.2737367544323206e-13
2954,0.72119140625,0.15785878870420836,4.206754159157759e-06,2.2737367544323206e-13,2.2737367544323206e-13
2955,0.721435546875,0.15785879802394787,4.211394643859995e-06,2.2737367544323206e-13,2.2737367544323206e-13
2956,0.7216796875,0.1578588073436874,4.216035128562233e-06,2.2737367544323206e-13,2.2737367544323206e-13
2957,0.7219238281249999,0.15785881666885224,4.2206691881671075e-06,2.2737367544323206e-13,2.2737367544323206e-13
2958,0.72216796875,0.15785882601571855,4.225277547382541e-06,2.2737367544323206e-13,2.2737367544323206e-13
2959,0.722412109375,0.15785883536258477,4.229885906597975e-06,2.2737367544323206e-13,2.2737367544323206e-13
2960,0.72265625,0.15785884470945108,4.2344942658134054e-06,2.2737367544323206e-13,2.2737367544323206e-13
2961,0.722900390625,0.1578588540563173,4.239102625028839e-06,2.2737367544323206e-13,2.2737367544323206e-13
2962,0.7231445312499999,0.1578588634031836,4.2437109842442705e-06,2.2737367544323206e-13,2.2737367544323206e-13
2963,0.723388671875,0.15785887275004987,4.2483193434597034e-06,2.2737367544323206e-13,2.2737367544323206e-13
2964,0.7236328125,0.15785888209691612,4.252927702675138e-06,2.2737367544323206e-13,2.2737367544323206e-13
2965,0.723876953125,0.1578588914437824,4.2575360618905685e-06,2.2737367544323206e-13,2.2737367544323206e-13
2966,0.72412109375,0.15785890079064865,4.262144421106002e-06,2.2737367544323206e-13,2.2737367544323206e-13
2967,0.7243652343749999,0.15785891013751494,4.2667527803214335e-06,2.2737367544323206e-13,2.2737367544323206e-13
2968,0.724609375,0.15785891948438122,4.271361139536867e-06,2.2737367544323206e-13,2.2737367544323206e-13
2969,0.724853515625,0.15785892883124747,4.2759694987523e-06,2.2737367544323206e-13,2.2737367544323206e-13
2970,0.72509765625,0.15785893817811375,4.280577857967732e-06,2.2737367544323206e-13,2.2737367544323206e-13
2971,0.725341796875,0.15785894752498,4.2851862171831645e-06,2.2737367544323206e-13,2.2737367544323206e-13
2972,0.7255859374999999,0.15785895687184628,4.289794576398596e-06,2.2737367544323206e-13,2.2737367544323206e-13
2973,0.725830078125,0.15785896621871254,4.2944029356140295e-06,2.2737367544323206e-13,2.2737367544323206e-13
2974,0.72607421875,0.15785897556557882,4.299011294829463e-06,2.2737367544323206e-13,2.2737367544323206e-13
2975,0.726318359375,0.15785898491244507,4.303619654044894e-06,2.2737367544323206e-13,2.2737367544323206e-13
2976,0.7265625,0.15785899425931138,4.308228013260328e-06,2.2737367544323206e-13,2.2737367544323206e-13
2977,0.7268066406249999,0.1578590036061776,4.312836372475759e-06,2.2737367544323206e-13,2.2737367544323206e-13
2978,0.72705078125,0.1578590129530439,4.3174447316911925e-06,2.2737367544323206e-13,2.2737367544323206e-13
2979,0.727294921875,0.15785902229991017,4.322053090906626e-06,2.2737367544323206e-13,2.2737367544323206e-13
2980,0.7275390625,0.15785903164677642,4.326661450122057e-06,2.2737367544323206e-13,2.2737367544323206e-13
2981,0.727783203125,0.1578590409936427,4.331269809337491e-06,2.2737367544323206e-13,2.2737367544323206e-13
2982,0.7280273437499999,0.15785905034050896,4.335878168552922e-06,2.2737367544323206e-13,2.2737367544323206e-13
2983,0.728271484375,0.15785905969874478,4.340466393368159e-06,2.2737367544323206e-13,2.2737367544323206e-13
2984,0.728515625,0.15785906906456035,4.345041195249933e-06,2.2737367544323206e-13,2.2737367544323206e-13
2985,0.728759765625,0.15785907843037586,4.349615997131703e-06,2.2737367544323206e-13,2.2737367544323206e-13
2986,0.72900390625,0.15785908779619137,4.354190799013476e-06,2.2737367544323206e-13,2.2737367544323206e-13
2987,0.7292480468749999,0.15785909716200688,4.358765600895247e-06,2.2737367544323206e-13,2.2737367544323206e-13
2988,0.7294921875,0.1578591065278224,4.363340402777021e-06,2.2737367544323206e-13,2.2737367544323206e-13
2989,0.729736328125,0.1578591158936379,4.367915204658794e-06,2.2737367544323206e-13,2.2737367544323206e-13
2990,0.72998046875,0.15785912525945342,4.372490006540564e-06,2.2737367544323206e-13,2.2737367544323206e-13
2991,0.730224609375,0.15785913462526896,4.377064808422338e-06,2.2737367544323206e-13,2.2737367544323206e-13
2992,0.7304687499999999,0.15785914399108447,4.381639610304108e-06,2.2737367544323206e-13,2.2737367544323206e-13
2993,0.730712890625,0.1578591533569,4.386214412185881e-06,2.2737367544323206e-13,2.2737367544323206e-13
2994,0.73095703125,0.15785916272271555,4.390789214067655e-06,2.2737367544323206e-13,2.2737367544323206e-13
2995,0.731201171875,0.15785917208853106,4.3953640159494256e-06,2.2737367544323206e-13,2.2737367544323206e-13
2996,0.7314453125,0.15785918145434658,4.399938817831199e-06,2.2737367544323206e-13,2.2737367544323206e-13
2997,0.7316894531249999,0.15785919082016212,4.40451361971297e-06,2.2737367544323206e-13,2.2737367544323206e-13
2998,0.73193359375,0.15785920018597763,4.4090884215947434e-06,2.2737367544323206e-13,2.2737367544323206e-13
2999,0.732177734375,0.15785920955179314,4.413663223476517e-06,2.2737367544323206e-13,2.2737367544323206e-13
3000,0.732421875,0.15785921891760865,4.418238025358287e-06,2.2737367544323206e-13,2.2737367544323206e-13
3001,0.732666015625,0.15785922828342422,4.4228128272400604e-06,2.2737367544323206e-13,2.2737367544323206e-13
3002,0.7329101562499999,0.15785923764923973,4.4273876291218305e-06,2.2737367544323206e-13,2.2737367544323206e-13
3003,0.733154296875,0.15785924701505524,4.431962431003604e-06,2.2737367544323206e-13,2.2737367544323206e-13
3004,0.7333984375,0.15785925638087075,4.4365372328853775e-06,2.2737367544323206e-13,2.2737367544323206e-13
3005,0.733642578125,0.15785926574668627,4.441112034767148e-06,2.2737367544323206e-13,2.2737367544323206e-13
3006,0.73388671875,0.15785927511250178,4.445686836648922e-06,2.2737367544323206e-13,2.2737367544323206e-13
3007,0.7341308593749999,0.15785928447831732,4.450261638530692e-06,2.2737367544323206e-13,2.2737367544323206e-13
3008,0.734375,0.15785929384413283,4.454836440412465e-06,2.2737367544323206e-13,2.2737367544323206e-13
3009,0.734619140625,0.1578593032202935,4.459376048214436e-06,2.2737367544323206e-13,2.2737367544323206e-13
3010,0.73486328125,0.15785931259645422,4.463915656016403e-06,2.2737367544323206e-13,2.2737367544323206e-13
3011,0.735107421875,0.1578593219726149,4.468455263818373e-06,2.2737367544323206e-13,2.2737367544323206e-13
3012,0.7353515624999999,0.15785933134877558,4.472994871620342e-06,2.2737367544323206e-13,2.2737367544323206e-13
3013,0.735595703125,0.1578593407249363,4.477534479422312e-06,2.2737367544323206e-13,2.2737367544323206e-13
3014,0.73583984375,0.15785935010109697,4.482074087224283e-06,2.2737367544323206e-13,2.2737367544323206e-13
3015,0.736083984375,0.15785935947725765,4.48661369502625e-06,2.2737367544323206e-13,2.2737367544323206e-13
3016,0.736328125,0.15785936885341834,4.491153302828221e-06,2.2737367544323206e-13,2.2737367544323206e-13
3017,0.7365722656249999,0.15785937822957902,4.495692910630188e-06,2.2737367544323206e-13,2.2737367544323206e-13
3018,0.73681640625,0.1578593876057397,4.500232518432158e-06,2.2737367544323206e-13,2.2737367544323206e-13
3019,0.737060546875,0.1578593969819004,4.504772126234129e-06,2.2737367544323206e-13,2.2737367544323206e-13
3020,0.7373046875,0.1578594063580611,4.509311734036097e-06,2.2737367544323206e-13,2.2737367544323206e-13
3021,0.737548828125,0.1578594157342218,4.513851341838068e-06,2.2737367544323206e-13,2.2737367544323206e-13
3022,0.7377929687499999,0.15785942511038248,4.518390949640035e-06,2.2737367544323206e-13,2.2737367544323206e-13
3023,0.738037109375,0.15785943448654316,4.522930557442005e-06,2.2737367544323206e-13,2.2737367544323206e-13
3024,0.73828125,0.15785944386270384,4.5274701652439755e-06,2.2737367544323206e-13,2.2737367544323206e-13
3025,0.738525390625,0.15785945323886452,4.532009773045943e-06,2.2737367544323206e-13,2.2737367544323206e-13
3026,0.73876953125,0.1578594626150252,4.5365493808479135e-06,2.2737367544323206e-13,2.2737367544323206e-13
3027,0.7390136718749999,0.15785947199118588,4.541088988649882e-06,2.2737367544323206e-13,2.2737367544323206e-13
3028,0.7392578125,0.1578594813673466,4.545628596451852e-06,2.2737367544323206e-13,2.2737367544323206e-13
3029,0.739501953125,0.15785949074350727,4.550168204253821e-06,2.2737367544323206e-13,2.2737367544323206e-13
3030,0.73974609375,0.15785950011966798,4.5547078120557896e-06,2.2737367544323206e-13,2.2737367544323206e-13
3031,0.739990234375,0.15785950949582866,4.55924741985776e-06,2.2737367544323206e-13,2.2737367544323206e-13
3032,0.7402343749999999,0.15785951887198935,4.5637870276597284e-06,2.2737367544323206e-13,2.2737367544323206e-13
3033,0.740478515625,0.15785952824815003,4.5683266354616974e-06,2.2737367544323206e-13,2.2737367544323206e-13
3034,0.74072265625,0.157859537624844,4.572851435075091e-06,2.2737367544323206e-13,2.2737367544323206e-13
3035,0.740966796875,0.1578595470023379,4.577354022405617e-06,2.2737367544323206e-13,2.2737367544323206e-13
3036,0.7412109375,0.15785955637983182,4.581856609736145e-06,2.2737367544323206e-13,2.2737367544323206e-13
3037,0.7414550781249999,0.1578595657573257,4.586359197066671e-06,2.2737367544323206e-13,2.2737367544323206e-13
3038,0.74169921875,0.15785957513481963,4.590861784397198e-06,2.2737367544323206e-13,2.2737367544323206e-13
3039,0.741943359375,0.15785958451231352,4.595364371727726e-06,2.2737367544323206e-13,2.2737367544323206e-13
3040,0.7421875,0.15785959388980744,4.599866959058252e-06,2.2737367544323206e-13,2.2737367544323206e-13
3041,0.742431640625,0.15785960326730136,4.604369546388779e-06,2.2737367544323206e-13,2.2737367544323206e-13
3042,0.7426757812499999,0.15785961264479526,4.608872133719304e-06,2.2737367544323206e-13,2.2737367544323206e-13
3043,0.742919921875,0.15785962202228918,4.613374721049833e-06,2.2737367544323206e-13,2.2737367544323206e-13
3044,0.7431640625,0.15785963139978307,4.6178773083803616e-06,2.2737367544323206e-13,2.2737367544323206e-13
3045,0.743408203125,0.157859640777277,4.622379895710887e-06,2.2737367544323206e-13,2.2737367544323206e-13
3046,0.74365234375,0.1578596501547709,4.626882483041415e-06,2.2737367544323206e-13,2.2737367544323206e-13
3047,0.7438964843749999,0.1578596595322648,4.63138507037194e-06,2.2737367544323206e-13,2.2737367544323206e-13
3048,0.744140625,0.1578596689097587,4.6358876577024685e-06,2.2737367544323206e-13,2.2737367544323206e-13
3049,0.744384765625,0.1578596782872526,4.640390245032996e-06,2.2737367544323206e-13,2.2737367544323206e-13
3050,0.74462890625,0.1578596876647465,4.644892832363522e-06,2.2737367544323206e-13,2.2737367544323206e-13
3051,0.744873046875,0.15785969704224043,4.64939541969405e-06,2.2737367544323206e-13,2.2737367544323206e-13
3052,0.7451171874999999,0.15785970641973435,4.6538980070245755e-06,2.2737367544323206e-13,2.2737367544323206e-13
3053,0.745361328125,0.15785971579722827,4.658400594355103e-06,2.2737367544323206e-13,2.2737367544323206e-13
3054,0.74560546875,0.15785972517472216,4.662903181685631e-06,2.2737367544323206e-13,2.2737367544323206e-13
3055,0.745849609375,0.15785973455221605,4.667405769016157e-06,2.2737367544323206e-13,2.2737367544323206e-13
3056,0.74609375,0.15785974392971,4.671908356346684e-06,2.2737367544323206e-13,2.2737367544323206e-13
3057,0.7463378906249999,0.15785975330720387,4.676410943677211e-06,2.2737367544323206e-13,2.2737367544323206e-13
3058,0.74658203125,0.15785976268469779,4.680913531007737e-06,2.2737367544323206e-13,2.2737367544323206e-13
3059,0.746826171875,0.1578597720621917,4.6854161183382654e-06,2.2737367544323206e-13,2.2737367544323206e-13
3060,0.7470703125,0.1578597814332308,4.689887488015133e-06,2.2737367544323206e-13,2.2737367544323206e-13
3061,0.747314453125,0.15785979080265625,4.694351053278588e-06,2.2737367544323206e-13,2.2737367544323206e-13
3062,0.7475585937499999,0.15785980017208165,4.698814618542041e-06,2.2737367544323206e-13,2.2737367544323206e-13
3063,0.747802734375,0.15785980954150708,4.7032781838054975e-06,2.2737367544323206e-13,2.2737367544323206e-13
3064,0.748046875,0.15785981891093254,4.7077417490689514e-06,2.2737367544323206e-13,2.2737367544323206e-13
3065,0.748291015625,0.15785982828035794,4.7122053143324045e-06,2.2737367544323206e-13,2.2737367544323206e-13
3066,0.74853515625,0.15785983764978337,4.71666887959586e-06,2.2737367544323206e-13,2.2737367544323206e-13
3067,0.7487792968749999,0.15785984701920877,4.721132444859313e-06,2.2737367544323206e-13,2.2737367544323206e-13
3068,0.7490234375,0.1578598563886342,4.725596010122769e-06,2.2737367544323206e-13,2.2737367544323206e-13
3069,0.749267578125,0.15785986575805963,4.7300595753862236e-06,2.2737367544323206e-13,2.2737367544323206e-13
3070,0.74951171875,0.15785987512748503,4.734523140649677e-06,2.2737367544323206e-13,2.2737367544323206e-13
3071,0.749755859375,0.1578598844969105,4.738986705913131e-06,2.2737367544323206e-13,2.2737367544323206e-13
3072,0.7500000000000001,0.15785989386633592,4.743450271176587e-06,2.2737367544323206e-13,2.2737367544323206e-13
3073,0.750244140625,0.15785990323576132,4.74791383644004e-06,2.2737367544323206e-13,2.2737367544323206e-13
3074,0.75048828125,0.15785991260518675,4.752377401703495e-06,2.2737367544323206e-13,2.2737367544323206e-13
3075,0.750732421875,0.15785992197461218,4.756840966966948e-06,2.2737367544323206e-13,2.2737367544323206e-13
3076,0.7509765625,0.1578599313440376,4.7613045322304035e-06,2.2737367544323206e-13,2.2737367544323206e-13
3077,0.7512207031250001,0.15785994071346302,4.765768097493858e-06,2.2737367544323206e-13,2.2737367544323206e-13
3078,0.75146484375,0.15785995008288842,4.7702316627573105e-06,2.2737367544323206e-13,2.2737367544323206e-13
3079,0.751708984375,0.15785995945231387,4.774695228020767e-06,2.2737367544323206e-13,2.2737367544323206e-13
3080,0.751953125,0.1578599688217393,4.77915879328422e-06,2.2737367544323206e-13,2.2737367544323206e-13
3081,0.752197265625,0.1578599781911647,4.783622358547675e-06,2.2737367544323206e-13,2.2737367544323206e-13
3082,0.7524414062500001,0.15785998756059016,4.78808592381113e-06,2.2737367544323206e-13,2.2737367544323206e-13
3083,0.752685546875,0.15785999693001557,4.7925494890745835e-06,2.2737367544323206e-13,2.2737367544323206e-13
3084,0.7529296875,0.157860006299441,4.797013054338038e-06,2.2737367544323206e-13,2.2737367544323206e-13
3085,0.753173828125,0.15786001566529795,4.8014683820028405e-06,2.2737367544323206e-13,2.2737367544323206e-13
3086,0.75341796875,0.15786002501688112,4.805890759273042e-06,2.2737367544323206e-13,2.2737367544323206e-13
3087,0.7536621093750001,0.15786003436846427,4.810313136543245e-06,2.2737367544323206e-13,2.2737367544323206e-13
3088,0.75390625,0.15786004372004744,4.814735513813444e-06,2.2737367544323206e-13,2.2737367544323206e-13
3089,0.754150390625,0.1578600530716306,4.819157891083646e-06,2.2737367544323206e-13,2.2737367544323206e-13
3090,0.75439453125,0.15786006242321374,4.823580268353846e-06,2.2737367544323206e-13,2.2737367544323206e-13
3091,0.754638671875,0.1578600717747969,4.8280026456240485e-06,2.2737367544323206e-13,2.2737367544323206e-13
3092,0.7548828125000001,0.15786008112638006,4.832425022894251e-06,2.2737367544323206e-13,2.2737367544323206e-13
3093,0.755126953125,0.1578600904779632,4.83684740016445e-06,2.2737367544323206e-13,2.2737367544323206e-13
3094,0.75537109375,0.15786009982954635,4.841269777434652e-06,2.2737367544323206e-13,2.2737367544323206e-13
3095,0.755615234375,0.1578601091811295,4.845692154704852e-06,2.2737367544323206e-13,2.2737367544323206e-13
3096,0.755859375,0.15786011853271267,4.850114531975054e-06,2.2737367544323206e-13,2.2737367544323206e-13
3097,0.7561035156250001,0.15786012788429588,4.854536909245256e-06,2.2737367544323206e-13,2.2737367544323206e-13
3098,0.75634765625,0.15786013723587902,4.8589592865154554e-06,2.2737367544323206e-13,2.2737367544323206e-13
3099,0.756591796875,0.15786014658746217,4.863381663785658e-06,2.2737367544323206e-13,2.2737367544323206e-13
3100,0.7568359375,0.15786015593904532,4.867804041055858e-06,2.2737367544323206e-13,2.2737367544323206e-13
3101,0.757080078125,0.15786016529062846,4.87222641832606e-06,2.2737367544323206e-13,2.2737367544323206e-13
3102,0.7573242187500001,0.15786017464221164,4.876648795596261e-06,2.2737367544323206e-13,2.2737367544323206e-13
3103,0.757568359375,0.15786018399379478,4.881071172866461e-06,2.2737367544323206e-13,2.2737367544323206e-13
3104,0.7578125,0.15786019334537793,4.8854935501366634e-06,2.2737367544323206e-13,2.2737367544323206e-13
3105,0.758056640625,0.15786020269696108,4.889915927406863e-06,2.2737367544323206e-13,2.2737367544323206e-13
3106,0.75830078125,0.15786021204854425,4.8943383046770655e-06,2.2737367544323206e-13,2.2737367544323206e-13
3107,0.7585449218750001,0.15786022140012743,4.898760681947268e-06,2.2737367544323206e-13,2.2737367544323206e-13
3108,0.7587890625,0.15786023075171057,4.903183059217468e-06,2.2737367544323206e-13,2.2737367544323206e-13
3109,0.759033203125,0.15786024010329372,4.907605436487669e-06,2.2737367544323206e-13,2.2737367544323206e-13
3110,0.75927734375,0.15786024945487687,4.912027813757869e-06,2.2737367544323206e-13,2.2737367544323206e-13
3111,0.759521484375,0.15786025878967788,4.916424087270995e-06,2.2737367544323206e-13,2.2737367544323206e-13
3112,0.7597656250000001,0.15786026811329082,4.920802958279404e-06,2.2737367544323206e-13,2.2737367544323206e-13
3113,0.760009765625,0.15786027743690373,4.925181829287811e-06,2.2737367544323206e-13,2.2737367544323206e-13
3114,0.76025390625,0.1578602867605166,4.9295607002962205e-06,2.2737367544323206e-13,2.2737367544323206e-13
3115,0.760498046875,0.15786029608412955,4.933939571304626e-06,2.2737367544323206e-13,2.2737367544323206e-13
3116,0.7607421875,0.15786030540774243,4.938318442313035e-06,2.2737367544323206e-13,2.2737367544323206e-13
3117,0.7609863281250001,0.15786031473135534,4.942697313321444e-06,2.2737367544323206e-13,2.2737367544323206e-13
3118,0.76123046875,0.15786032405496825,4.94707618432985e-06,2.2737367544323206e-13,2.2737367544323206e-13
3119,0.761474609375,0.15786033337858119,4.95145505533826e-06,2.2737367544323206e-13,2.2737367544323206e-13
3120,0.76171875,0.15786034270219407,4.955833926346666e-06,2.2737367544323206e-13,2.2737367544323206e-13
3121,0.761962890625,0.157860352025807,4.960212797355075e-06,2.2737367544323206e-13,2.2737367544323206e-13
3122,0.7622070312500001,0.1578603613494199,4.9645916683634836e-06,2.2737367544323206e-13,2.2737367544323206e-13
3123,0.762451171875,0.15786037067303282,4.96897053937189e-06,2.2737367544323206e-13,2.2737367544323206e-13
3124,0.7626953125,0.1578603799966457,4.9733494103803e-06,2.2737367544323206e-13,2.2737367544323206e-13
3125,0.762939453125,0.15786038932025862,4.977728281388706e-06,2.2737367544323206e-13,2.2737367544323206e-13
3126,0.76318359375,0.15786039864387155,4.982107152397114e-06,2.2737367544323206e-13,2.2737367544323206e-13
3127,0.7634277343750001,0.15786040796748446,4.986486023405523e-06,2.2737367544323206e-13,2.2737367544323206e-13
3128,0.763671875,0.15786041729109737,4.99086489441393e-06,2.2737367544323206e-13,2.2737367544323206e-13
3129,0.763916015625,0.15786042661471028,4.995243765422339e-06,2.2737367544323206e-13,2.2737367544323206e-13
3130,0.76416015625,0.1578604359383232,4.999622636430746e-06,2.2737367544323206e-13,2.2737367544323206e-13
3131,0.764404296875,0.15786044526193607,5.004001507439155e-06,2.2737367544323206e-13,2.2737367544323206e-13
3132,0.7646484375000001,0.15786045458554904,5.008380378447563e-06,2.2737367544323206e-13,2.2737367544323206e-13
3133,0.764892578125,0.15786046390916192,5.012759249455969e-06,2.2737367544323206e-13,2.2737367544323206e-13
3134,0.76513671875,0.15786047323277483,5.017138120464379e-06,2.2737367544323206e-13,2.2737367544323206e-13
3135,0.765380859375,0.15786048255638774,5.0215169914727854e-06,2.2737367544323206e-13,2.2737367544323206e-13
3136,0.765625,0.15786049188000065,5.025895862481194e-06,2.2737367544323206e-13,2.2737367544323206e-13
3137,0.7658691406250001,0.1578605011651789,5.0302287665477145e-06,2.2737367544323206e-13,2.2737367544323206e-13
3138,0.76611328125,0.15786051045035715,5.034561670614233e-06,2.2737367544323206e-13,2.2737367544323206e-13
3139,0.766357421875,0.15786051973553542,5.038894574680755e-06,2.2737367544323206e-13,2.2737367544323206e-13
3140,0.7666015625,0.15786052902071368,5.043227478747273e-06,2.2737367544323206e-13,2.2737367544323206e-13
3141,0.766845703125,0.15786053830589195,5.047560382813794e-06,2.2737367544323206e-13,2.2737367544323206e-13
3142,0.7670898437500001,0.1578605475910702,5.051893286880314e-06,2.2737367544323206e-13,2.2737367544323206e-13
3143,0.767333984375,0.15786055687624845,5.056226190946832e-06,2.2737367544323206e-13,2.2737367544323206e-13
3144,0.767578125,0.1578605661614267,5.060559095013354e-06,2.2737367544323206e-13,2.2737367544323206e-13
3145,0.767822265625,0.15786057544660498,5.064891999079873e-06,2.2737367544323206e-13,2.2737367544323206e-13
3146,0.76806640625,0.15786058473178324,5.0692249031463935e-06,2.2737367544323206e-13,2.2737367544323206e-13
3147,0.7683105468750001,0.1578605940169615,5.0735578072129135e-06,2.2737367544323206e-13,2.2737367544323206e-13
3148,0.7685546875,0.15786060330213975,5.077890711279432e-06,2.2737367544323206e-13,2.2737367544323206e-13
3149,0.768798828125,0.157860612587318,5.082223615345953e-06,2.2737367544323206e-13,2.2737367544323206e-13
3150,0.76904296875,0.15786062187249628,5.086556519412471e-06,2.2737367544323206e-13,2.2737367544323206e-13
3151,0.769287109375,0.15786063115767454,5.090889423478993e-06,2.2737367544323206e-13,2.2737367544323206e-13
3152,0.7695312500000001,0.15786064044285278,5.095222327545513e-06,2.2737367544323206e-13,2.2737367544323206e-13
3153,0.769775390625,0.15786064972803104,5.0995552316120315e-06,2.2737367544323206e-13,2.2737367544323206e-13
3154,0.77001953125,0.1578606590132093,5.103888135678552e-06,2.2737367544323206e-13,2.2737367544323206e-13
3155,0.770263671875,0.15786066829838757,5.108221039745072e-06,2.2737367544323206e-13,2.2737367544323206e-13
3156,0.7705078125,0.15786067758356584,5.1125539438115925e-06,2.2737367544323206e-13,2.2737367544323206e-13
3157,0.7707519531250001,0.15786068686874408,5.116886847878113e-06,2.2737367544323206e-13,2.2737367544323206e-13
3158,0.77099609375,0.15786069615392234,5.121219751944631e-06,2.2737367544323206e-13,2.2737367544323206e-13
3159,0.771240234375,0.15786070543910058,5.125552656011153e-06,2.2737367544323206e-13,2.2737367544323206e-13
3160,0.771484375,0.15786071472427887,5.129885560077671e-06,2.2737367544323206e-13,2.2737367544323206e-13
3161,0.771728515625,0.15786072400945714,5.134218464144192e-06,2.2737367544323206e-13,2.2737367544323206e-13
3162,0.7719726562500001,0.15786073327494876,5.138531943887201e-06,2.2737367544323206e-13,2.2737367544323206e-13
3163,0.772216796875,0.15786074251091053,5.1428162871449405e-06,2.2737367544323206e-13,2.2737367544323206e-13
3164,0.7724609375,0.15786075174687228,5.147100630402683e-06,2.2737367544323206e-13,2.2737367544323206e-13
3165,0.772705078125,0.15786076098283403,5.151384973660424e-06,2.2737367544323206e-13,2.2737367544323206e-13
3166,0.77294921875,0.15786077021879577,5.1556693169181665e-06,2.2737367544323206e-13,2.2737367544323206e-13
3167,0.7731933593750001,0.15786077945475752,5.159953660175908e-06,2.2737367544323206e-13,2.2737367544323206e-13
3168,0.7734375,0.1578607886907193,5.164238003433648e-06,2.2737367544323206e-13,2.2737367544323206e-13
3169,0.773681640625,0.15786079792668103,5.168522346691391e-06,2.2737367544323206e-13,2.2737367544323206e-13
3170,0.77392578125,0.15786080716264278,5.17280668994913e-06,2.2737367544323206e-13,2.2737367544323206e-13
3171,0.774169921875,0.15786081639860453,5.1770910332068725e-06,2.2737367544323206e-13,2.2737367544323206e-13
3172,0.7744140625000001,0.15786082563456627,5.181375376464615e-06,2.2737367544323206e-13,2.2737367544323206e-13
3173,0.774658203125,0.15786083487052804,5.185659719722354e-06,2.2737367544323206e-13,2.2737367544323206e-13
3174,0.77490234375,0.1578608441064898,5.189944062980097e-06,2.2737367544323206e-13,2.2737367544323206e-13
3175,0.775146484375,0.15786085334245153,5.194228406237838e-06,2.2737367544323206e-13,2.2737367544323206e-13
3176,0.775390625,0.15786086257841328,5.19851274949558e-06,2.2737367544323206e-13,2.2737367544323206e-13
3177,0.7756347656250001,0.15786087181437505,5.202797092753321e-06,2.2737367544323206e-13,2.2737367544323206e-13
3178,0.77587890625,0.1578608810503368,5.207081436011061e-06,2.2737367544323206e-13,2.2737367544323206e-13
3179,0.776123046875,0.15786089028629854,5.211365779268804e-06,2.2737367544323206e-13,2.2737367544323206e-13
3180,0.7763671875,0.1578608995222603,5.215650122526544e-06,2.2737367544323206e-13,2.2737367544323206e-13
3181,0.776611328125,0.15786090875822203,5.219934465784285e-06,2.2737367544323206e-13,2.2737367544323206e-13
3182,0.7768554687500001,0.1578609179941838,5.224218809042028e-06,2.2737367544323206e-13,2.2737367544323206e-13
3183,0.777099609375,0.15786092723014555,5.228503152299768e-06,2.2737367544323206e-13,2.2737367544323206e-13
3184,0.77734375,0.1578609364661073,5.2327874955575105e-06,2.2737367544323206e-13,2.2737367544323206e-13
3185,0.777587890625,0.15786094570206904,5.2370718388152505e-06,2.2737367544323206e-13,2.2737367544323206e-13
3186,0.77783203125,0.15786095493803082,5.241356182072993e-06,2.2737367544323206e-13,2.2737367544323206e-13
3187,0.7780761718750001,0.15786096417399256,5.245640525330735e-06,2.2737367544323206e-13,2.2737367544323206e-13
3188,0.7783203125,0.15786097336171745,5.249883846792868e-06,2.2737367544323206e-13,2.2737367544323206e-13
3189,0.778564453125,0.1578609825373831,5.254116912806104e-06,2.2737367544323206e-13,2.2737367544323206e-13
3190,0.77880859375,0.15786099171304876,5.258349978819336e-06,2.2737367544323206e-13,2.2737367544323206e-13
3191,0.779052734375,0.15786100088871446,5.262583044832571e-06,2.2737367544323206e-13,2.2737367544323206e-13
3192,0.7792968750000001,0.1578610100643801,5.266816110845807e-06,2.2737367544323206e-13,2.2737367544323206e-13
3193,0.779541015625,0.15786101924004578,5.2710491768590385e-06,2.2737367544323206e-13,2.2737367544323206e-13
3194,0.77978515625,0.15786102841571145,5.2752822428722736e-06,2.2737367544323206e-13,2.2737367544323206e-13
3195,0.780029296875,0.1578610375913771,5.279515308885505e-06,2.2737367544323206e-13,2.2737367544323206e-13
3196,0.7802734375,0.15786104676704277,5.283748374898741e-06,2.2737367544323206e-13,2.2737367544323206e-13
3197,0.7805175781250001,0.15786105594270847,5.287981440911975e-06,2.2737367544323206e-13,2.2737367544323206e-13
3198,0.78076171875,0.15786106511837408,5.292214506925208e-06,2.2737367544323206e-13,2.2737367544323206e-13
3199,0.781005859375,0.15786107429403978,5.296447572938442e-06,2.2737367544323206e-13,2.2737367544323206e-13
3200,0.78125,0.15786108346970545,5.300680638951676e-06,2.2737367544323206e-13,2.2737367544323206e-13
3201,0.781494140625,0.1578610926453711,5.30491370496491e-06,2.2737367544323206e-13,2.2737367544323206e-13
3202,0.7817382812500001,0.1578611018210368,5.309146770978144e-06,2.2737367544323206e-13,2.2737367544323206e-13
3203,0.781982421875,0.15786111099670244,5.3133798369913775e-06,2.2737367544323206e-13,2.2737367544323206e-13
3204,0.7822265625,0.1578611201723681,5.317612903004612e-06,2.2737367544323206e-13,2.2737367544323206e-13
3205,0.782470703125,0.15786112934803379,5.321845969017844e-06,2.2737367544323206e-13,2.2737367544323206e-13
3206,0.78271484375,0.15786113852369946,5.3260790350310785e-06,2.2737367544323206e-13,2.2737367544323206e-13
3207,0.7829589843750001,0.15786114769936513,5.3303121010443136e-06,2.2737367544323206e-13,2.2737367544323206e-13
3208,0.783203125,0.15786115687503077,5.334545167057546e-06,2.2737367544323206e-13,2.2737367544323206e-13
3209,0.783447265625,0.15786116605069647,5.33877823307078e-06,2.2737367544323206e-13,2.2737367544323206e-13
3210,0.78369140625,0.15786117522636212,5.343011299084014e-06,2.2737367544323206e-13,2.2737367544323206e-13
3211,0.783935546875,0.1578611844020278,5.347244365097248e-06,2.2737367544323206e-13,2.2737367544323206e-13
3212,0.7841796875000001,0.15786119357769346,5.351477431110483e-06,2.2737367544323206e-13,2.2737367544323206e-13
3213,0.784423828125,0.15786120273902868,5.355699675752549e-06,2.2737367544323206e-13,2.2737367544323206e-13
3214,0.78466796875,0.1578612118430422,5.35987863490995e-06,2.2737367544323206e-13,2.2737367544323206e-13
3215,0.784912109375,0.15786122094705568,5.3640575940673494e-06,2.2737367544323206e-13,2.2737367544323206e-13
3216,0.78515625,0.15786123005106914,5.3682365532247505e-06,2.2737367544323206e-13,2.2737367544323206e-13
3217,0.7854003906250001,0.15786123915508266,5.372415512382153e-06,2.2737367544323206e-13,2.2737367544323206e-13
3218,0.78564453125,0.15786124825909614,5.376594471539552e-06,2.2737367544323206e-13,2.2737367544323206e-13
3219,0.785888671875,0.15786125736310963,5.380773430696953e-06,2.2737367544323206e-13,2.2737367544323206e-13
3220,0.7861328125,0.1578612664671231,5.384952389854352e-06,2.2737367544323206e-13,2.2737367544323206e-13
3221,0.786376953125,0.15786127557113658,5.389131349011755e-06,2.2737367544323206e-13,2.2737367544323206e-13
3222,0.7866210937500001,0.1578612846751501,5.393310308169156e-06,2.2737367544323206e-13,2.2737367544323206e-13
3223,0.786865234375,0.15786129377916355,5.397489267326555e-06,2.2737367544323206e-13,2.2737367544323206e-13
3224,0.787109375,0.15786130288317704,5.401668226483956e-06,2.2737367544323206e-13,2.2737367544323206e-13
3225,0.787353515625,0.15786131198719056,5.405847185641355e-06,2.2737367544323206e-13,2.2737367544323206e-13
3226,0.78759765625,0.15786132109120404,5.410026144798758e-06,2.2737367544323206e-13,2.2737367544323206e-13
3227,0.7878417968750001,0.1578613301952175,5.414205103956159e-06,2.2737367544323206e-13,2.2737367544323206e-13
3228,0.7880859375,0.15786133929923102,5.4183840631135574e-06,2.2737367544323206e-13,2.2737367544323206e-13
3229,0.788330078125,0.1578613484032445,5.4225630222709585e-06,2.2737367544323206e-13,2.2737367544323206e-13
3230,0.78857421875,0.157861357507258,5.426741981428358e-06,2.2737367544323206e-13,2.2737367544323206e-13
3231,0.788818359375,0.15786136661127148,5.430920940585761e-06,2.2737367544323206e-13,2.2737367544323206e-13
3232,0.7890625000000001,0.15786137571528497,5.435099899743162e-06,2.2737367544323206e-13,2.2737367544323206e-13
3233,0.789306640625,0.15786138481929848,5.43927885890056e-06,2.2737367544323206e-13,2.2737367544323206e-13
3234,0.78955078125,0.15786139392331192,5.443457818057961e-06,2.2737367544323206e-13,2.2737367544323206e-13
3235,0.789794921875,0.1578614030273254,5.447636777215362e-06,2.2737367544323206e-13,2.2737367544323206e-13
3236,0.7900390625,0.15786141213133892,5.4518157363727635e-06,2.2737367544323206e-13,2.2737367544323206e-13
3237,0.7902832031250001,0.1578614212353524,5.4559946955301646e-06,2.2737367544323206e-13,2.2737367544323206e-13
3238,0.79052734375,0.15786143033936587,5.460173654687563e-06,2.2737367544323206e-13,2.2737367544323206e-13
3239,0.790771484375,0.15786143939342143,5.4643183928577235e-06,2.2737367544323206e-13,2.2737367544323206e-13
3240,0.791015625,0.15786144841417163,5.468440317036387e-06,2.2737367544323206e-13,2.2737367544323206e-13
3241,0.791259765625,0.15786145743492186,5.472562241215053e-06,2.2737367544323206e-13,2.2737367544323206e-13
3242,0.7915039062500001,0.1578614664556721,5.476684165393718e-06,2.2737367544323206e-13,2.2737367544323206e-13
3243,0.791748046875,0.1578614754764223,5.480806089572382e-06,2.2737367544323206e-13,2.2737367544323206e-13
3244,0.7919921875,0.15786148449717252,5.484928013751048e-06,2.2737367544323206e-13,2.2737367544323206e-13
3245,0.792236328125,0.15786149351792278,5.489049937929711e-06,2.2737367544323206e-13,2.2737367544323206e-13
3246,0.79248046875,0.15786150253867298,5.493171862108376e-06,2.2737367544323206e-13,2.2737367544323206e-13
3247,0.7927246093750001,0.15786151155942318,5.497293786287042e-06,2.2737367544323206e-13,2.2737367544323206e-13
3248,0.79296875,0.15786152058017341,5.5014157104657055e-06,2.2737367544323206e-13,2.2737367544323206e-13
3249,0.793212890625,0.15786152960092364,5.505537634644372e-06,2.2737367544323206e-13,2.2737367544323206e-13
3250,0.79345703125,0.15786153862167387,5.509659558823035e-06,2.2737367544323206e-13,2.2737367544323206e-13
3251,0.793701171875,0.15786154764242408,5.5137814830017e-06,2.2737367544323206e-13,2.2737367544323206e-13
3252,0.7939453125000001,0.15786155666317428,5.517903407180366e-06,2.2737367544323206e-13,2.2737367544323206e-13
3253,0.794189453125,0.15786156568392454,5.52202533135903e-06,2.2737367544323206e-13,2.2737367544323206e-13
3254,0.79443359375,0.15786157470467474,5.526147255537695e-06,2.2737367544323206e-13,2.2737367544323206e-13
3255,0.794677734375,0.15786158372542497,5.530269179716358e-06,2.2737367544323206e-13,2.2737367544323206e-13
3256,0.794921875,0.15786159274617523,5.5343911038950245e-06,2.2737367544323206e-13,2.2737367544323206e-13
3257,0.7951660156250001,0.1578616017669254,5.538513028073691e-06,2.2737367544323206e-13,2.2737367544323206e-13
3258,0.79541015625,0.15786161078767563,5.542634952252352e-06,2.2737367544323206e-13,2.2737367544323206e-13
3259,0.795654296875,0.15786161980842586,5.5467568764310185e-06,2.2737367544323206e-13,2.2737367544323206e-13
3260,0.7958984375,0.1578616288291761,5.550878800609682e-06,2.2737367544323206e-13,2.2737367544323206e-13
3261,0.796142578125,0.15786163784992632,5.555000724788348e-06,2.2737367544323206e-13,2.2737367544323206e-13
3262,0.7963867187500001,0.15786164687067653,5.559122648967013e-06,2.2737367544323206e-13,2.2737367544323206e-13
3263,0.796630859375,0.15786165589142676,5.563244573145677e-06,2.2737367544323206e-13,2.2737367544323206e-13
3264,0.796875,0.15786166491217699,5.567366497324343e-06,2.2737367544323206e-13,2.2737367544323206e-13
3265,0.797119140625,0.1578616738378223,5.571428386575663e-06,2.2737367544323206e-13,2.2737367544323206e-13
3266,0.79736328125,0.15786168276346763,5.575490275826986e-06,2.2737367544323206e-13,2.2737367544323206e-13
3267,0.7976074218750001,0.15786169168911293,5.579552165078308e-06,2.2737367544323206e-13,2.2737367544323206e-13
3268,0.7978515625,0.15786170061475827,5.583614054329629e-06,2.2737367544323206e-13,2.2737367544323206e-13
3269,0.798095703125,0.1578617095404036,5.5876759435809515e-06,2.2737367544323206e-13,2.2737367544323206e-13
3270,0.79833984375,0.1578617184660489,5.591737832832271e-06,2.2737367544323206e-13,2.2737367544323206e-13
3271,0.798583984375,0.15786172739169424,5.595799722083595e-06,2.2737367544323206e-13,2.2737367544323206e-13
3272,0.7988281250000001,0.15786173631733955,5.599861611334917e-06,2.2737367544323206e-13,2.2737367544323206e-13
3273,0.799072265625,0.15786174524298488,5.603923500586237e-06,2.2737367544323206e-13,2.2737367544323206e-13
3274,0.79931640625,0.15786175416863021,5.60798538983756e-06,2.2737367544323206e-13,2.2737367544323206e-13
3275,0.799560546875,0.15786176309427552,5.612047279088881e-06,2.2737367544323206e-13,2.2737367544323206e-13
3276,0.7998046875,0.15786177201992085,5.616109168340204e-06,2.2737367544323206e-13,2.2737367544323206e-13
3277,0.8000488281250001,0.15786178094556616,5.620171057591526e-06,2.2737367544323206e-13,2.2737367544323206e-13
3278,0.80029296875,0.1578617898712115,5.624232946842847e-06,2.2737367544323206e-13,2.2737367544323206e-13
3279,0.800537109375,0.15786179879685683,5.628294836094169e-06,2.2737367544323206e-13,2.2737367544323206e-13
3280,0.80078125,0.15786180772250213,5.632356725345489e-06,2.2737367544323206e-13,2.2737367544323206e-13
3281,0.801025390625,0.15786181664814747,5.6364186145968125e-06,2.2737367544323206e-13,2.2737367544323206e-13
3282,0.8012695312500001,0.15786182557379277,5.640480503848135e-06,2.2737367544323206e-13,2.2737367544323206e-13
3283,0.801513671875,0.1578618344994381,5.644542393099456e-06,2.2737367544323206e-13,2.2737367544323206e-13
3284,0.8017578125,0.15786184342508344,5.648604282350778e-06,2.2737367544323206e-13,2.2737367544323206e-13
3285,0.802001953125,0.15786185235072875,5.6526661716020984e-06,2.2737367544323206e-13,2.2737367544323206e-13
3286,0.80224609375,0.15786186127637408,5.656728060853421e-06,2.2737367544323206e-13,2.2737367544323206e-13
3287,0.8024902343750001,0.1578618702020194,5.6607899501047435e-06,2.2737367544323206e-13,2.2737367544323206e-13
3288,0.802734375,0.15786187912766472,5.664851839356065e-06,2.2737367544323206e-13,2.2737367544323206e-13
3289,0.802978515625,0.15786188805331006,5.668913728607387e-06,2.2737367544323206e-13,2.2737367544323206e-13
3290,0.80322265625,0.1578618969360944,5.6729502742261845e-06,2.2737367544323206e-13,2.2737367544323206e-13
3291,0.803466796875,0.15786190575458733,5.676948804396202e-06,2.2737367544323206e-13,2.2737367544323206e-13
3292,0.8037109375000001,0.1578619145730803,5.680947334566219e-06,2.2737367544323206e-13,2.2737367544323206e-13
3293,0.803955078125,0.1578619233915732,5.6849458647362325e-06,2.2737367544323206e-13,2.2737367544323206e-13
3294,0.80419921875,0.15786193221006617,5.68894439490625e-06,2.2737367544323206e-13,2.2737367544323206e-13
3295,0.804443359375,0.15786194102855908,5.692942925076263e-06,2.2737367544323206e-13,2.2737367544323206e-13
3296,0.8046875,0.157861949847052,5.6969414552462805e-06,2.2737367544323206e-13,2.2737367544323206e-13
3297,0.8049316406250001,0.15786195866554495,5.7009399854162985e-06,2.2737367544323206e-13,2.2737367544323206e-13
3298,0.80517578125,0.15786196748403789,5.704938515586312e-06,2.2737367544323206e-13,2.2737367544323206e-13
3299,0.805419921875,0.15786197630253082,5.708937045756329e-06,2.2737367544323206e-13,2.2737367544323206e-13
3300,0.8056640625,0.15786198512102376,5.712935575926344e-06,2.2737367544323206e-13,2.2737367544323206e-13
3301,0.805908203125,0.1578619939395167,5.71693410609636e-06,2.2737367544323206e-13,2.2737367544323206e-13
3302,0.8061523437500001,0.15786200275800966,5.720932636266377e-06,2.2737367544323206e-13,2.2737367544323206e-13
3303,0.806396484375,0.15786201157650256,5.724931166436391e-06,2.2737367544323206e-13,2.2737367544323206e-13
3304,0.806640625,0.1578620203949955,5.728929696606408e-06,2.2737367544323206e-13,2.2737367544323206e-13
3305,0.806884765625,0.15786202921348844,5.732928226776423e-06,2.2737367544323206e-13,2.2737367544323206e-13
3306,0.80712890625,0.15786203803198137,5.736926756946439e-06,2.2737367544323206e-13,2.2737367544323206e-13
3307,0.8073730468750001,0.1578620468504743,5.740925287116456e-06,2.2737367544323206e-13,2.2737367544323206e-13
3308,0.8076171875,0.15786205566896724,5.744923817286471e-06,2.2737367544323206e-13,2.2737367544323206e-13
3309,0.807861328125,0.1578620644874602,5.748922347456487e-06,2.2737367544323206e-13,2.2737367544323206e-13
3310,0.80810546875,0.15786207330595314,5.752920877626502e-06,2.2737367544323206e-13,2.2737367544323206e-13
3311,0.808349609375,0.15786208212444608,5.756919407796518e-06,2.2737367544323206e-13,2.2737367544323206e-13
3312,0.8085937500000001,0.157862090942939,5.760917937966536e-06,2.2737367544323206e-13,2.2737367544323206e-13
3313,0.808837890625,0.15786209976143195,5.764916468136551e-06,2.2737367544323206e-13,2.2737367544323206e-13
3314,0.80908203125,0.15786210857992486,5.768914998306567e-06,2.2737367544323206e-13,2.2737367544323206e-13
3315,0.809326171875,0.15786211739841782,5.772913528476582e-06,2.2737367544323206e-13,2.2737367544323206e-13
3316,0.8095703125,0.15786212612140774,5.776858973812609e-06,2.2737367544323206e-13,2.2737367544323206e-13
3317,0.8098144531250001,0.15786213482052194,5.78079114794014e-06,2.2737367544323206e-13,2.2737367544323206e-13
3318,0.81005859375,0.15786214351963618,5.784723322067667e-06,2.2737367544323206e-13,2.2737367544323206e-13
3319,0.810302734375,0.15786215221875033,5.7886554961951976e-06,2.2737367544323206e-13,2.2737367544323206e-13
3320,0.810546875,0.15786216091786454,5.792587670322726e-06,2.2737367544323206e-13,2.2737367544323206e-13
3321,0.810791015625,0.15786216961697877,5.796519844450256e-06,2.2737367544323206e-13,2.2737367544323206e-13
3322,0.8110351562500001,0.15786217831609298,5.800452018577787e-06,2.2737367544323206e-13,2.2737367544323206e-13
3323,0.811279296875,0.15786218701520713,5.804384192705314e-06,2.2737367544323206e-13,2.2737367544323206e-13
3324,0.8115234375,0.15786219571432136,5.8083163668328445e-06,2.2737367544323206e-13,2.2737367544323206e-13
3325,0.811767578125,0.15786220441343557,5.812248540960373e-06,2.2737367544323206e-13,2.2737367544323206e-13
3326,0.81201171875,0.15786221311254975,5.816180715087903e-06,2.2737367544323206e-13,2.2737367544323206e-13
3327,0.8122558593750001,0.15786222181166396,5.8201128892154336e-06,2.2737367544323206e-13,2.2737367544323206e-13
3328,0.8125,0.15786223051077816,5.82404506334296e-06,2.2737367544323206e-13,2.2737367544323206e-13
3329,0.812744140625,0.15786223920989234,5.8279772374704915e-06,2.2737367544323206e-13,2.2737367544323206e-13
3330,0.81298828125,0.15786224790900655,5.831909411598019e-06,2.2737367544323206e-13,2.2737367544323206e-13
3331,0.813232421875,0.15786225660812075,5.83584158572555e-06,2.2737367544323206e-13,2.2737367544323206e-13
3332,0.8134765625000001,0.15786226530723493,5.8397737598530805e-06,2.2737367544323206e-13,2.2737367544323206e-13
3333,0.813720703125,0.15786227400634917,5.843705933980608e-06,2.2737367544323206e-13,2.2737367544323206e-13
3334,0.81396484375,0.15786228270546335,5.8476381081081385e-06,2.2737367544323206e-13,2.2737367544323206e-13
3335,0.814208984375,0.15786229140457753,5.851570282235666e-06,2.2737367544323206e-13,2.2737367544323206e-13
3336,0.814453125,0.15786230010369176,5.855502456363197e-06,2.2737367544323206e-13,2.2737367544323206e-13
3337,0.8146972656250001,0.15786230880280597,5.8594346304907275e-06,2.2737367544323206e-13,2.2737367544323206e-13
3338,0.81494140625,0.15786231750192012,5.863366804618255e-06,2.2737367544323206e-13,2.2737367544323206e-13
3339,0.815185546875,0.15786232620103435,5.8672989787457854e-06,2.2737367544323206e-13,2.2737367544323206e-13
3340,0.8154296875,0.15786233490014856,5.871231152873314e-06,2.2737367544323206e-13,2.2737367544323206e-13
3341,0.815673828125,0.15786234357291165,5.8751493956307766e-06,2.2737367544323206e-13,2.2737367544323206e-13
3342,0.8159179687500001,0.15786235214027036,5.879011912907969e-06,2.2737367544323206e-13,2.2737367544323206e-13
3343,0.816162109375,0.15786236070762905,5.8828744301851595e-06,2.2737367544323206e-13,2.2737367544323206e-13
3344,0.81640625,0.1578623692749877,5.886736947462352e-06,2.2737367544323206e-13,2.2737367544323206e-13
3345,0.816650390625,0.15786237784234644,5.8905994647395425e-06,2.2737367544323206e-13,2.2737367544323206e-13
3346,0.81689453125,0.15786238640970512,5.894461982016735e-06,2.2737367544323206e-13,2.2737367544323206e-13
3347,0.8171386718750001,0.1578623949770638,5.898324499293928e-06,2.2737367544323206e-13,2.2737367544323206e-13
3348,0.8173828125,0.15786240354442255,5.902187016571119e-06,2.2737367544323206e-13,2.2737367544323206e-13
3349,0.817626953125,0.15786241211178123,5.906049533848312e-06,2.2737367544323206e-13,2.2737367544323206e-13
3350,0.81787109375,0.1578624206791399,5.909912051125502e-06,2.2737367544323206e-13,2.2737367544323206e-13
3351,0.818115234375,0.1578624292464986,5.913774568402695e-06,2.2737367544323206e-13,2.2737367544323206e-13
3352,0.8183593750000001,0.1578624378138573,5.917637085679887e-06,2.2737367544323206e-13,2.2737367544323206e-13
3353,0.818603515625,0.157862446381216,5.921499602957078e-06,2.2737367544323206e-13,2.2737367544323206e-13
3354,0.81884765625,0.1578624549485747,5.92536212023427e-06,2.2737367544323206e-13,2.2737367544323206e-13
3355,0.819091796875,0.15786246351593342,5.929224637511461e-06,2.2737367544323206e-13,2.2737367544323206e-13
3356,0.8193359375,0.1578624720832921,5.933087154788654e-06,2.2737367544323206e-13,2.2737367544323206e-13
3357,0.8195800781250001,0.15786248065065078,5.936949672065846e-06,2.2737367544323206e-13,2.2737367544323206e-13
3358,0.81982421875,0.15786248921800947,5.940812189343037e-06,2.2737367544323206e-13,2.2737367544323206e-13
3359,0.820068359375,0.15786249778536818,5.944674706620229e-06,2.2737367544323206e-13,2.2737367544323206e-13
3360,0.8203125,0.1578625063527269,5.94853722389742e-06,2.2737367544323206e-13,2.2737367544323206e-13
3361,0.820556640625,0.15786251492008557,5.952399741174612e-06,2.2737367544323206e-13,2.2737367544323206e-13
3362,0.8208007812500001,0.15786252348744428,5.956262258451805e-06,2.2737367544323206e-13,2.2737367544323206e-13
3363,0.821044921875,0.157862532054803,5.960124775728995e-06,2.2737367544323206e-13,2.2737367544323206e-13
3364,0.8212890625,0.15786254062216165,5.963987293006189e-06,2.2737367544323206e-13,2.2737367544323206e-13
3365,0.821533203125,0.15786254918952036,5.967849810283379e-06,2.2737367544323206e-13,2.2737367544323206e-13
3366,0.82177734375,0.15786255775687907,5.971712327560572e-06,2.2737367544323206e-13,2.2737367544323206e-13
3367,0.8220214843750001,0.1578625662376861,5.975531050893777e-06,2.2737367544323206e-13,2.2737367544323206e-13
3368,0.822265625,0.15786257466079204,5.97932057826432e-06,2.2737367544323206e-13,2.2737367544323206e-13
3369,0.822509765625,0.15786258308389792,5.983110105634867e-06,2.2737367544323206e-13,2.2737367544323206e-13
3370,0.82275390625,0.15786259150700385,5.986899633005411e-06,2.2737367544323206e-13,2.2737367544323206e-13
3371,0.822998046875,0.15786259993010976,5.990689160375957e-06,2.2737367544323206e-13,2.2737367544323206e-13
3372,0.8232421875000001,0.1578626083532157,5.994478687746503e-06,2.2737367544323206e-13,2.2737367544323206e-13
3373,0.823486328125,0.15786261677632163,5.9982682151170475e-06,2.2737367544323206e-13,2.2737367544323206e-13
3374,0.82373046875,0.15786262519942754,6.002057742487594e-06,2.2737367544323206e-13,2.2737367544323206e-13
3375,0.823974609375,0.15786263362253347,6.005847269858137e-06,2.2737367544323206e-13,2.2737367544323206e-13
3376,0.82421875,0.15786264204563938,6.009636797228684e-06,2.2737367544323206e-13,2.2737367544323206e-13
3377,0.8244628906250001,0.1578626504687453,6.013426324599229e-06,2.2737367544323206e-13,2.2737367544323206e-13
3378,0.82470703125,0.15786265889185125,6.017215851969774e-06,2.2737367544323206e-13,2.2737367544323206e-13
3379,0.824951171875,0.15786266731495713,6.02100537934032e-06,2.2737367544323206e-13,2.2737367544323206e-13
3380,0.8251953125,0.15786267573806306,6.024794906710864e-06,2.2737367544323206e-13,2.2737367544323206e-13
3381,0.825439453125,0.15786268416116897,6.028584434081411e-06,2.2737367544323206e-13,2.2737367544323206e-13
3382,0.8256835937500001,0.1578626925842749,6.032373961451957e-06,2.2737367544323206e-13,2.2737367544323206e-13
3383,0.825927734375,0.15786270100738084,6.036163488822501e-06,2.2737367544323206e-13,2.2737367544323206e-13
3384,0.826171875,0.15786270943048675,6.039953016193048e-06,2.2737367544323206e-13,2.2737367544323206e-13
3385,0.826416015625,0.15786271785359268,6.043742543563591e-06,2.2737367544323206e-13,2.2737367544323206e-13
3386,0.82666015625,0.1578627262766986,6.047532070934137e-06,2.2737367544323206e-13,2.2737367544323206e-13
3387,0.8269042968750001,0.15786273469980452,6.0513215983046834e-06,2.2737367544323206e-13,2.2737367544323206e-13
3388,0.8271484375,0.15786274312291046,6.055111125675228e-06,2.2737367544323206e-13,2.2737367544323206e-13
3389,0.827392578125,0.15786275154601634,6.058900653045773e-06,2.2737367544323206e-13,2.2737367544323206e-13
3390,0.82763671875,0.15786275996912227,6.0626901804163175e-06,2.2737367544323206e-13,2.2737367544323206e-13
3391,0.827880859375,0.15786276839222818,6.066479707786864e-06,2.2737367544323206e-13,2.2737367544323206e-13
3392,0.8281250000000001,0.15786277681533412,6.07026923515741e-06,2.2737367544323206e-13,2.2737367544323206e-13
3393,0.828369140625,0.15786278508160206,6.073982399243573e-06,2.2737367544323206e-13,2.2737367544323206e-13
3394,0.82861328125,0.15786279334787,6.077695563329739e-06,2.2737367544323206e-13,2.2737367544323206e-13
3395,0.828857421875,0.15786280161413796,6.081408727415902e-06,2.2737367544323206e-13,2.2737367544323206e-13
3396,0.8291015625,0.1578628098804059,6.085121891502067e-06,2.2737367544323206e-13,2.2737367544323206e-13
3397,0.8293457031250001,0.15786281814667386,6.088835055588233e-06,2.2737367544323206e-13,2.2737367544323206e-13
3398,0.82958984375,0.15786282641294183,6.092548219674396e-06,2.2737367544323206e-13,2.2737367544323206e-13
3399,0.829833984375,0.15786283467920975,6.096261383760562e-06,2.2737367544323206e-13,2.2737367544323206e-13
3400,0.830078125,0.15786284294547773,6.099974547846725e-06,2.2737367544323206e-13,2.2737367544323206e-13
3401,0.830322265625,0.15786285121174568,6.10368771193289e-06,2.2737367544323206e-13,2.2737367544323206e-13
3402,0.8305664062500001,0.15786285947801362,6.107400876019054e-06,2.2737367544323206e-13,2.2737367544323206e-13
3403,0.830810546875,0.1578628677442816,6.1111140401052175e-06,2.2737367544323206e-13,2.2737367544323206e-13
3404,0.8310546875,0.15786287601054955,6.114827204191383e-06,2.2737367544323206e-13,2.2737367544323206e-13
3405,0.831298828125,0.1578628842768175,6.118540368277546e-06,2.2737367544323206e-13,2.2737367544323206e-13
3406,0.83154296875,0.15786289254308547,6.122253532363712e-06,2.2737367544323206e-13,2.2737367544323206e-13
3407,0.8317871093750001,0.1578629008093534,6.125966696449877e-06,2.2737367544323206e-13,2.2737367544323206e-13
3408,0.83203125,0.15786290907562137,6.12967986053604e-06,2.2737367544323206e-13,2.2737367544323206e-13
3409,0.832275390625,0.1578629173418893,6.133393024622206e-06,2.2737367544323206e-13,2.2737367544323206e-13
3410,0.83251953125,0.15786292560815726,6.1371061887083695e-06,2.2737367544323206e-13,2.2737367544323206e-13
3411,0.832763671875,0.1578629338744252,6.140819352794534e-06,2.2737367544323206e-13,2.2737367544323206e-13
3412,0.8330078125000001,0.15786294214069316,6.144532516880699e-06,2.2737367544323206e-13,2.2737367544323206e-13
3413,0.833251953125,0.1578629504069611,6.148245680966862e-06,2.2737367544323206e-13,2.2737367544323206e-13
3414,0.83349609375,0.15786295867322905,6.151958845053029e-06,2.2737367544323206e-13,2.2737367544323206e-13
3415,0.833740234375,0.157862966939497,6.155672009139192e-06,2.2737367544323206e-13,2.2737367544323206e-13
3416,0.833984375,0.15786297520576495,6.159385173225357e-06,2.2737367544323206e-13,2.2737367544323206e-13
3417,0.8342285156250001,0.1578629834720329,6.163098337311522e-06,2.2737367544323206e-13,2.2737367544323206e-13
3418,0.83447265625,0.1578629916705096,6.166779593198163e-06,2.2737367544323206e-13,2.2737367544323206e-13
3419,0.834716796875,0.1578629997672993,6.170412986785524e-06,2.2737367544323206e-13,2.2737367544323206e-13
3420,0.8349609375,0.1578630078640891,6.1740463803728815e-06,2.2737367544323206e-13,2.2737367544323206e-13
3421,0.835205078125,0.15786301596087884,6.177679773960242e-06,2.2737367544323206e-13,2.2737367544323206e-13
3422,0.8354492187500001,0.15786302405766858,6.181313167547602e-06,2.2737367544323206e-13,2.2737367544323206e-13
3423,0.835693359375,0.15786303215445835,6.184946561134961e-06,2.2737367544323206e-13,2.2737367544323206e-13
3424,0.8359375,0.15786304025124812,6.188579954722321e-06,2.2737367544323206e-13,2.2737367544323206e-13
3425,0.836181640625,0.15786304834803785,6.192213348309679e-06,2.2737367544323206e-13,2.2737367544323206e-13
3426,0.83642578125,0.15786305644482762,6.195846741897039e-06,2.2737367544323206e-13,2.2737367544323206e-13
3427,0.8366699218750001,0.1578630645416174,6.1994801354844005e-06,2.2737367544323206e-13,2.2737367544323206e-13
3428,0.8369140625,0.15786307263840713,6.203113529071758e-06,2.2737367544323206e-13,2.2737367544323206e-13
3429,0.837158203125,0.1578630807351969,6.206746922659119e-06,2.2737367544323206e-13,2.2737367544323206e-13
3430,0.83740234375,0.15786308883198666,6.210380316246477e-06,2.2737367544323206e-13,2.2737367544323206e-13
3431,0.837646484375,0.15786309692877643,6.214013709833837e-06,2.2737367544323206e-13,2.2737367544323206e-13
3432,0.8378906250000001,0.15786310502556614,6.217647103421197e-06,2.2737367544323206e-13,2.2737367544323206e-13
3433,0.838134765625,0.15786311312235593,6.221280497008556e-06,2.2737367544323206e-13,2.2737367544323206e-13
3434,0.83837890625,0.15786312121914567,6.224913890595916e-06,2.2737367544323206e-13,2.2737367544323206e-13
3435,0.838623046875,0.1578631293159354,6.228547284183275e-06,2.2737367544323206e-13,2.2737367544323206e-13
3436,0.8388671875,0.15786313741272517,6.232180677770634e-06,2.2737367544323206e-13,2.2737367544323206e-13
3437,0.8391113281250001,0.15786314550951494,6.235814071357995e-06,2.2737367544323206e-13,2.2737367544323206e-13
3438,0.83935546875,0.15786315360630468,6.239447464945353e-06,2.2737367544323206e-13,2.2737367544323206e-13
3439,0.839599609375,0.15786316170309445,6.243080858532714e-06,2.2737367544323206e-13,2.2737367544323206e-13
3440,0.83984375,0.15786316979988418,6.246714252120072e-06,2.2737367544323206e-13,2.2737367544323206e-13
3441,0.840087890625,0.15786317789667395,6.250347645707432e-06,2.2737367544323206e-13,2.2737367544323206e-13
3442,0.8403320312500001,0.1578631859934637,6.253981039294792e-06,2.2737367544323206e-13,2.2737367544323206e-13
3443,0.840576171875,0.15786319409025348,6.257614432882151e-06,2.2737367544323206e-13,2.2737367544323206e-13
3444,0.8408203125,0.15786320204133245,6.261181264906354e-06,2.2737367544323206e-13,2.2737367544323206e-13
3445,0.841064453125,0.15786320995598374,6.264731456539768e-06,2.2737367544323206e-13,2.2737367544323206e-13
3446,0.84130859375,0.157863217870635,6.268281648173181e-06,2.2737367544323206e-13,2.2737367544323206e-13
3447,0.8415527343750001,0.15786322578528633,6.271831839806595e-06,2.2737367544323206e-13,2.2737367544323206e-13
3448,0.841796875,0.15786323369993763,6.27538203144001e-06,2.2737367544323206e-13,2.2737367544323206e-13
3449,0.842041015625,0.1578632416145889,6.278932223073424e-06,2.2737367544323206e-13,2.2737367544323206e-13
3450,0.84228515625,0.15786324952924022,6.282482414706836e-06,2.2737367544323206e-13,2.2737367544323206e-13
3451,0.842529296875,0.1578632574438915,6.286032606340251e-06,2.2737367544323206e-13,2.2737367544323206e-13
3452,0.8427734375000001,0.15786326535854278,6.289582797973665e-06,2.2737367544323206e-13,2.2737367544323206e-13
3453,0.843017578125,0.15786327327319408,6.293132989607078e-06,2.2737367544323206e-13,2.2737367544323206e-13
3454,0.84326171875,0.1578632811878454,6.296683181240493e-06,2.2737367544323206e-13,2.2737367544323206e-13
3455,0.843505859375,0.15786328910249667,6.300233372873906e-06,2.2737367544323206e-13,2.2737367544323206e-13
3456,0.84375,0.15786329701714796,6.30378356450732e-06,2.2737367544323206e-13,2.2737367544323206e-13
3457,0.8439941406250001,0.1578633049317993,6.307333756140735e-06,2.2737367544323206e-13,2.2737367544323206e-13
3458,0.84423828125,0.15786331284645055,6.310883947774147e-06,2.2737367544323206e-13,2.2737367544323206e-13
3459,0.844482421875,0.15786332076110185,6.314434139407561e-06,2.2737367544323206e-13,2.2737367544323206e-13
3460,0.8447265625,0.15786332867575317,6.317984331040974e-06,2.2737367544323206e-13,2.2737367544323206e-13
3461,0.844970703125,0.15786333659040444,6.321534522674389e-06,2.2737367544323206e-13,2.2737367544323206e-13
3462,0.8452148437500001,0.15786334450505574,6.325084714307803e-06,2.2737367544323206e-13,2.2737367544323206e-13
3463,0.845458984375,0.15786335241970703,6.328634905941215e-06,2.2737367544323206e-13,2.2737367544323206e-13
3464,0.845703125,0.15786336033435833,6.33218509757463e-06,2.2737367544323206e-13,2.2737367544323206e-13
3465,0.845947265625,0.15786336824900962,6.335735289208044e-06,2.2737367544323206e-13,2.2737367544323206e-13
3466,0.84619140625,0.15786337616366092,6.339285480841458e-06,2.2737367544323206e-13,2.2737367544323206e-13
3467,0.8464355468750001,0.15786338407831219,6.342835672474872e-06,2.2737367544323206e-13,2.2737367544323206e-13
3468,0.8466796875,0.1578633919929635,6.346385864108285e-06,2.2737367544323206e-13,2.2737367544323206e-13
3469,0.846923828125,0.1578633998686584,6.349918726443373e-06,2.2737367544323206e-13,2.2737367544323206e-13
3470,0.84716796875,0.15786340758852777,6.353382271585151e-06,2.2737367544323206e-13,2.2737367544323206e-13
3471,0.847412109375,0.15786341530839712,6.356845816726934e-06,2.2737367544323206e-13,2.2737367544323206e-13
3472,0.8476562500000001,0.15786342302826645,6.360309361868715e-06,2.2737367544323206e-13,2.2737367544323206e-13
3473,0.847900390625,0.1578634307481358,6.363772907010494e-06,2.2737367544323206e-13,2.2737367544323206e-13
3474,0.84814453125,0.15786343846800518,6.367236452152275e-06,2.2737367544323206e-13,2.2737367544323206e-13
3475,0.848388671875,0.1578634461878745,6.370699997294054e-06,2.2737367544323206e-13,2.2737367544323206e-13
3476,0.8486328125,0.15786345390774387,6.374163542435835e-06,2.2737367544323206e-13,2.2737367544323206e-13
3477,0.8488769531250001,0.15786346162761322,6.377627087577616e-06,2.2737367544323206e-13,2.2737367544323206e-13
3478,0.84912109375,0.15786346934748258,6.381090632719396e-06,2.2737367544323206e-13,2.2737367544323206e-13
3479,0.849365234375,0.15786347706735193,6.384554177861176e-06,2.2737367544323206e-13,2.2737367544323206e-13
3480,0.849609375,0.1578634847872213,6.388017723002955e-06,2.2737367544323206e-13,2.2737367544323206e-13
3481,0.849853515625,0.15786349250709064,6.391481268144736e-06,2.2737367544323206e-13,2.2737367544323206e-13
3482,0.8500976562500001,0.15786350022696,6.394944813286517e-06,2.2737367544323206e-13,2.2737367544323206e-13
3483,0.850341796875,0.15786350794682932,6.398408358428296e-06,2.2737367544323206e-13,2.2737367544323206e-13
3484,0.8505859375,0.1578635156666987,6.401871903570078e-06,2.2737367544323206e-13,2.2737367544323206e-13
3485,0.850830078125,0.15786352338656806,6.405335448711857e-06,2.2737367544323206e-13,2.2737367544323206e-13
3486,0.85107421875,0.1578635311064374,6.408798993853638e-06,2.2737367544323206e-13,2.2737367544323206e-13
3487,0.8513183593750001,0.15786353882630674,6.4122625389954186e-06,2.2737367544323206e-13,2.2737367544323206e-13
3488,0.8515625,0.15786354654617613,6.415726084137198e-06,2.2737367544323206e-13,2.2737367544323206e-13
3489,0.851806640625,0.15786355426604545,6.4191896292789795e-06,2.2737367544323206e-13,2.2737367544323206e-13
3490,0.85205078125,0.1578635619859148,6.422653174420759e-06,2.2737367544323206e-13,2.2737367544323206e-13
3491,0.852294921875,0.15786356970578416,6.4261167195625395e-06,2.2737367544323206e-13,2.2737367544323206e-13
3492,0.8525390625000001,0.15786357742565352,6.42958026470432e-06,2.2737367544323206e-13,2.2737367544323206e-13
3493,0.852783203125,0.1578635851455229,6.4330438098461e-06,2.2737367544323206e-13,2.2737367544323206e-13
3494,0.85302734375,0.15786359286539223,6.4365073549878805e-06,2.2737367544323206e-13,2.2737367544323206e-13
3495,0.853271484375,0.1578636004608381,6.4399168448911825e-06,2.2737367544323206e-13,2.2737367544323206e-13
3496,0.853515625,0.15786360797333507,6.443290297968837e-06,2.2737367544323206e-13,2.2737367544323206e-13
3497,0.8537597656250001,0.157863615485832,6.44666375104649e-06,2.2737367544323206e-13,2.2737367544323206e-13
3498,0.85400390625,0.15786362299832896,6.450037204124142e-06,2.2737367544323206e-13,2.2737367544323206e-13
3499,0.854248046875,0.1578636305108259,6.4534106572017945e-06,2.2737367544323206e-13,2.2737367544323206e-13
3500,0.8544921875,0.15786363802332284,6.456784110279446e-06,2.2737367544323206e-13,2.2737367544323206e-13
3501,0.854736328125,0.15786364553581975,6.4601575633571e-06,2.2737367544323206e-13,2.2737367544323206e-13
3502,0.8549804687500001,0.1578636530483167,6.463531016434753e-06,2.2737367544323206e-13,2.2737367544323206e-13
3503,0.855224609375,0.15786366056081363,6.466904469512405e-06,2.2737367544323206e-13,2.2737367544323206e-13
3504,0.85546875,0.15786366807331056,6.470277922590058e-06,2.2737367544323206e-13,2.2737367544323206e-13
3505,0.855712890625,0.1578636755858075,6.47365137566771e-06,2.2737367544323206e-13,2.2737367544323206e-13
3506,0.85595703125,0.15786368309830442,6.477024828745363e-06,2.2737367544323206e-13,2.2737367544323206e-13
3507,0.8562011718750001,0.15786369061080138,6.480398281823017e-06,2.2737367544323206e-13,2.2737367544323206e-13
3508,0.8564453125,0.1578636981232983,6.483771734900668e-06,2.2737367544323206e-13,2.2737367544323206e-13
3509,0.856689453125,0.15786370563579527,6.487145187978321e-06,2.2737367544323206e-13,2.2737367544323206e-13
3510,0.85693359375,0.15786371314829217,6.490518641055973e-06,2.2737367544323206e-13,2.2737367544323206e-13
3511,0.857177734375,0.15786372066078913,6.493892094133626e-06,2.2737367544323206e-13,2.2737367544323206e-13
3512,0.8574218750000001,0.15786372817328606,6.497265547211279e-06,2.2737367544323206e-13,2.2737367544323206e-13
3513,0.857666015625,0.15786373568578302,6.500639000288931e-06,2.2737367544323206e-13,2.2737367544323206e-13
3514,0.85791015625,0.15786374319827995,6.504012453366585e-06,2.2737367544323206e-13,2.2737367544323206e-13
3515,0.858154296875,0.15786375071077688,6.507385906444236e-06,2.2737367544323206e-13,2.2737367544323206e-13
3516,0.8583984375,0.1578637582232738,6.510759359521889e-06,2.2737367544323206e-13,2.2737367544323206e-13
3517,0.8586425781250001,0.15786376573577077,6.514132812599543e-06,2.2737367544323206e-13,2.2737367544323206e-13
3518,0.85888671875,0.1578637732482677,6.517506265677194e-06,2.2737367544323206e-13,2.2737367544323206e-13
3519,0.859130859375,0.15786378076076465,6.520879718754847e-06,2.2737367544323206e-13,2.2737367544323206e-13
3520,0.859375,0.15786378827326156,6.524253171832499e-06,2.2737367544323206e-13,2.2737367544323206e-13
3521,0.859619140625,0.15786379556588576,6.527533098442145e-06,2.2737367544323206e-13,2.2737367544323206e-13
3522,0.8598632812500001,0.15786380285851,6.53081302505179e-06,2.2737367544323206e-13,2.2737367544323206e-13
3523,0.860107421875,0.1578638101511342,6.534092951661432e-06,2.2737367544323206e-13,2.2737367544323206e-13
3524,0.8603515625,0.15786381744375844,6.537372878271077e-06,2.2737367544323206e-13,2.2737367544323206e-13
3525,0.860595703125,0.15786382473638266,6.54065280488072e-06,2.2737367544323206e-13,2.2737367544323206e-13
3526,0.86083984375,0.1578638320290069,6.5439327314903656e-06,2.2737367544323206e-13,2.2737367544323206e-13
3527,0.8610839843750001,0.1578638393216311,6.547212658100011e-06,2.2737367544323206e-13,2.2737367544323206e-13
3528,0.861328125,0.15786384661425532,6.550492584709653e-06,2.2737367544323206e-13,2.2737367544323206e-13
3529,0.861572265625,0.15786385390687954,6.553772511319299e-06,2.2737367544323206e-13,2.2737367544323206e-13
3530,0.86181640625,0.15786386119950374,6.5570524379289415e-06,2.2737367544323206e-13,2.2737367544323206e-13
3531,0.862060546875,0.15786386849212794,6.5603323645385865e-06,2.2737367544323206e-13,2.2737367544323206e-13
3532,0.8623046875000001,0.1578638757847522,6.5636122911482316e-06,2.2737367544323206e-13,2.2737367544323206e-13
3533,0.862548828125,0.1578638830773764,6.566892217757874e-06,2.2737367544323206e-13,2.2737367544323206e-13
3534,0.86279296875,0.15786389037000062,6.57017214436752e-06,2.2737367544323206e-13,2.2737367544323206e-13
3535,0.863037109375,0.15786389766262485,6.5734520709771624e-06,2.2737367544323206e-13,2.2737367544323206e-13
3536,0.86328125,0.15786390495524907,6.5767319975868075e-06,2.2737367544323206e-13,2.2737367544323206e-13
3537,0.8635253906250001,0.15786391224787327,6.580011924196453e-06,2.2737367544323206e-13,2.2737367544323206e-13
3538,0.86376953125,0.1578639195404975,6.583291850806096e-06,2.2737367544323206e-13,2.2737367544323206e-13
3539,0.864013671875,0.15786392683312173,6.586571777415741e-06,2.2737367544323206e-13,2.2737367544323206e-13
3540,0.8642578125,0.15786393412574595,6.589851704025383e-06,2.2737367544323206e-13,2.2737367544323206e-13
3541,0.864501953125,0.15786394141837012,6.5931316306350284e-06,2.2737367544323206e-13,2.2737367544323206e-13
3542,0.8647460937500001,0.15786394871099435,6.596411557244674e-06,2.2737367544323206e-13,2.2737367544323206e-13
3543,0.864990234375,0.15786395600361858,6.599691483854317e-06,2.2737367544323206e-13,2.2737367544323206e-13
3544,0.865234375,0.15786396329624278,6.602971410463962e-06,2.2737367544323206e-13,2.2737367544323206e-13
3545,0.865478515625,0.15786397058886703,6.606251337073604e-06,2.2737367544323206e-13,2.2737367544323206e-13
3546,0.86572265625,0.15786397778859357,6.609492488836271e-06,2.2737367544323206e-13,2.2737367544323206e-13
3547,0.8659667968750001,0.15786398484897363,6.61267547832847e-06,2.2737367544323206e-13,2.2737367544323206e-13
3548,0.8662109375,0.15786399190935363,6.615858467820664e-06,2.2737367544323206e-13,2.2737367544323206e-13
3549,0.866455078125,0.1578639989697337,6.619041457312862e-06,2.2737367544323206e-13,2.2737367544323206e-13
3550,0.86669921875,0.15786400603011375,6.622224446805058e-06,2.2737367544323206e-13,2.2737367544323206e-13
3551,0.866943359375,0.15786401309049378,6.6254074362972565e-06,2.2737367544323206e-13,2.2737367544323206e-13
3552,0.8671875000000001,0.1578640201508738,6.628590425789454e-06,2.2737367544323206e-13,2.2737367544323206e-13
3553,0.867431640625,0.15786402721125387,6.631773415281648e-06,2.2737367544323206e-13,2.2737367544323206e-13
3554,0.86767578125,0.1578640342716339,6.634956404773847e-06,2.2737367544323206e-13,2.2737367544323206e-13
3555,0.867919921875,0.15786404133201395,6.6381393942660424e-06,2.2737367544323206e-13,2.2737367544323206e-13
3556,0.8681640625,0.15786404839239399,6.641322383758241e-06,2.2737367544323206e-13,2.2737367544323206e-13
3557,0.8684082031250001,0.15786405545277404,6.6445053732504376e-06,2.2737367544323206e-13,2.2737367544323206e-13
3558,0.86865234375,0.15786406251315407,6.647688362742634e-06,2.2737367544323206e-13,2.2737367544323206e-13
3559,0.868896484375,0.1578640695735341,6.650871352234831e-06,2.2737367544323206e-13,2.2737367544323206e-13
3560,0.869140625,0.15786407663391416,6.6540543417270285e-06,2.2737367544323206e-13,2.2737367544323206e-13
3561,0.869384765625,0.15786408369429422,6.657237331219225e-06,2.2737367544323206e-13,2.2737367544323206e-13
3562,0.8696289062500001,0.15786409075467422,6.660420320711423e-06,2.2737367544323206e-13,2.2737367544323206e-13
3563,0.869873046875,0.15786409781505428,6.663603310203619e-06,2.2737367544323206e-13,2.2737367544323206e-13
3564,0.8701171875,0.1578641048754343,6.666786299695815e-06,2.2737367544323206e-13,2.2737367544323206e-13
3565,0.870361328125,0.15786411193581434,6.669969289188013e-06,2.2737367544323206e-13,2.2737367544323206e-13
3566,0.87060546875,0.15786411899619443,6.67315227868021e-06,2.2737367544323206e-13,2.2737367544323206e-13
3567,0.8708496093750001,0.15786412605657443,6.676335268172407e-06,2.2737367544323206e-13,2.2737367544323206e-13
3568,0.87109375,0.1578641331169545,6.679518257664603e-06,2.2737367544323206e-13,2.2737367544323206e-13
3569,0.871337890625,0.15786414017733455,6.6827012471568014e-06,2.2737367544323206e-13,2.2737367544323206e-13
3570,0.87158203125,0.15786414723771458,6.685884236648997e-06,2.2737367544323206e-13,2.2737367544323206e-13
3571,0.871826171875,0.1578641542980946,6.689067226141196e-06,2.2737367544323206e-13,2.2737367544323206e-13
3572,0.8720703125000001,0.1578641611629365,6.692169966746858e-06,2.2737367544323206e-13,2.2737367544323206e-13
3573,0.872314453125,0.15786416797889385,6.695252645130887e-06,2.2737367544323206e-13,2.2737367544323206e-13
3574,0.87255859375,0.15786417479485118,6.6983353235149175e-06,2.2737367544323206e-13,2.2737367544323206e-13
3575,0.872802734375,0.1578641816108085,6.701418001898945e-06,2.2737367544323206e-13,2.2737367544323206e-13
3576,0.873046875,0.15786418842676586,6.7045006802829775e-06,2.2737367544323206e-13,2.2737367544323206e-13
3577,0.8732910156250001,0.1578641952427232,6.707583358667008e-06,2.2737367544323206e-13,2.2737367544323206e-13
3578,0.87353515625,0.15786420205868054,6.710666037051036e-06,2.2737367544323206e-13,2.2737367544323206e-13
3579,0.873779296875,0.15786420887463787,6.713748715435066e-06,2.2737367544323206e-13,2.2737367544323206e-13
3580,0.8740234375,0.15786421569059522,6.716831393819096e-06,2.2737367544323206e-13,2.2737367544323206e-13
3581,0.874267578125,0.15786422250655255,6.719914072203126e-06,2.2737367544323206e-13,2.2737367544323206e-13
3582,0.8745117187500001,0.1578642293225099,6.722996750587157e-06,2.2737367544323206e-13,2.2737367544323206e-13
3583,0.874755859375,0.15786423613846723,6.7260794289711845e-06,2.2737367544323206e-13,2.2737367544323206e-13
3584,0.875,0.15786424295442456,6.7291621073552166e-06,2.2737367544323206e-13,2.2737367544323206e-13
3585,0.875244140625,0.1578642497703819,6.7322447857392444e-06,2.2737367544323206e-13,2.2737367544323206e-13
3586,0.87548828125,0.15786425658633924,6.735327464123275e-06,2.2737367544323206e-13,2.2737367544323206e-13
3587,0.8757324218750001,0.1578642634022966,6.738410142507305e-06,2.2737367544323206e-13,2.2737367544323206e-13
3588,0.8759765625,0.15786427021825392,6.741492820891333e-06,2.2737367544323206e-13,2.2737367544323206e-13
3589,0.876220703125,0.15786427703421127,6.744575499275365e-06,2.2737367544323206e-13,2.2737367544323206e-13
3590,0.87646484375,0.1578642838501686,6.747658177659393e-06,2.2737367544323206e-13,2.2737367544323206e-13
3591,0.876708984375,0.15786429066612595,6.750740856043424e-06,2.2737367544323206e-13,2.2737367544323206e-13
3592,0.8769531250000001,0.15786429748208328,6.753823534427454e-06,2.2737367544323206e-13,2.2737367544323206e-13
3593,0.877197265625,0.1578643042980406,6.756906212811484e-06,2.2737367544323206e-13,2.2737367544323206e-13
3594,0.87744140625,0.15786431111399793,6.759988891195514e-06,2.2737367544323206e-13,2.2737367544323206e-13
3595,0.877685546875,0.15786431792995528,6.763071569579542e-06,2.2737367544323206e-13,2.2737367544323206e-13
3596,0.8779296875,0.15786432474591264,6.766154247963573e-06,2.2737367544323206e-13,2.2737367544323206e-13
3597,0.8781738281250001,0.1578643315105921,6.769216199153794e-06,2.2737367544323206e-13,2.2737367544323206e-13
3598,0.87841796875,0.15786433807016,6.7721952415687785e-06,2.2737367544323206e-13,2.2737367544323206e-13
3599,0.878662109375,0.1578643446297279,6.7751742839837635e-06,2.2737367544323206e-13,2.2737367544323206e-13
3600,0.87890625,0.15786435118929576,6.778153326398746e-06,2.2737367544323206e-13,2.2737367544323206e-13
3601,0.879150390625,0.15786435774886368,6.7811323688137325e-06,2.2737367544323206e-13,2.2737367544323206e-13
3602,0.8793945312500001,0.1578643643084316,6.7841114112287175e-06,2.2737367544323206e-13,2.2737367544323206e-13
3603,0.879638671875,0.15786437086799948,6.7870904536437e-06,2.2737367544323206e-13,2.2737367544323206e-13
3604,0.8798828125,0.15786437742756737,6.790069496058685e-06,2.2737367544323206e-13,2.2737367544323206e-13
3605,0.880126953125,0.1578643839871353,6.793048538473668e-06,2.2737367544323206e-13,2.2737367544323206e-13
3606,0.88037109375,0.1578643905467032,6.796027580888653e-06,2.2737367544323206e-13,2.2737367544323206e-13
3607,0.8806152343750001,0.1578643971062711,6.799006623303638e-06,2.2737367544323206e-13,2.2737367544323206e-13
3608,0.880859375,0.15786440366583898,6.801985665718622e-06,2.2737367544323206e-13,2.2737367544323206e-13
3609,0.881103515625,0.1578644102254069,6.804964708133608e-06,2.2737367544323206e-13,2.2737367544323206e-13
3610,0.88134765625,0.1578644167849748,6.807943750548591e-06,2.2737367544323206e-13,2.2737367544323206e-13
3611,0.881591796875,0.15786442334454268,6.810922792963576e-06,2.2737367544323206e-13,2.2737367544323206e-13
3612,0.8818359375000001,0.1578644299041106,6.813901835378561e-06,2.2737367544323206e-13,2.2737367544323206e-13
3613,0.882080078125,0.15786443646367848,6.816880877793545e-06,2.2737367544323206e-13,2.2737367544323206e-13
3614,0.88232421875,0.15786444302324637,6.81985992020853e-06,2.2737367544323206e-13,2.2737367544323206e-13
3615,0.882568359375,0.15786444958281431,6.8228389626235135e-06,2.2737367544323206e-13,2.2737367544323206e-13
3616,0.8828125,0.1578644561423822,6.825818005038499e-06,2.2737367544323206e-13,2.2737367544323206e-13
3617,0.8830566406250001,0.1578644627019501,6.828797047453484e-06,2.2737367544323206e-13,2.2737367544323206e-13
3618,0.88330078125,0.15786446926151798,6.8317760898684675e-06,2.2737367544323206e-13,2.2737367544323206e-13
3619,0.883544921875,0.1578644758210859,6.8347551322834524e-06,2.2737367544323206e-13,2.2737367544323206e-13
3620,0.8837890625,0.15786448238065381,6.8377341746984365e-06,2.2737367544323206e-13,2.2737367544323206e-13
3621,0.884033203125,0.1578644889402217,6.8407132171134215e-06,2.2737367544323206e-13,2.2737367544323206e-13
3622,0.8842773437500001,0.1578644954997896,6.8436922595284065e-06,2.2737367544323206e-13,2.2737367544323206e-13
3623,0.884521484375,0.15786450189849696,6.846607162903725e-06,2.2737367544323206e-13,2.2737367544323206e-13
3624,0.884765625,0.15786450818996392,6.849479306919271e-06,2.2737367544323206e-13,2.2737367544323206e-13
3625,0.885009765625,0.15786451448143088,6.852351450934812e-06,2.2737367544323206e-13,2.2737367544323206e-13
3626,0.88525390625,0.15786452077289786,6.855223594950357e-06,2.2737367544323206e-13,2.2737367544323206e-13
3627,0.8854980468750001,0.15786452706436488,6.858095738965901e-06,2.2737367544323206e-13,2.2737367544323206e-13
3628,0.8857421875,0.15786453335583184,6.860967882981445e-06,2.2737367544323206e-13,2.2737367544323206e-13
3629,0.885986328125,0.1578645396472988,6.8638400269969895e-06,2.2737367544323206e-13,2.2737367544323206e-13
3630,0.88623046875,0.15786454593876575,6.866712171012533e-06,2.2737367544323206e-13,2.2737367544323206e-13
3631,0.886474609375,0.15786455223023274,6.869584315028076e-06,2.2737367544323206e-13,2.2737367544323206e-13
3632,0.8867187500000001,0.1578645585216997,6.872456459043622e-06,2.2737367544323206e-13,2.2737367544323206e-13
3633,0.886962890625,0.1578645648131667,6.875328603059163e-06,2.2737367544323206e-13,2.2737367544323206e-13
3634,0.88720703125,0.15786457110463367,6.878200747074708e-06,2.2737367544323206e-13,2.2737367544323206e-13
3635,0.887451171875,0.15786457739610066,6.8810728910902515e-06,2.2737367544323206e-13,2.2737367544323206e-13
3636,0.8876953125,0.15786458368756762,6.883945035105796e-06,2.2737367544323206e-13,2.2737367544323206e-13
3637,0.8879394531250001,0.15786458997903458,6.8868171791213405e-06,2.2737367544323206e-13,2.2737367544323206e-13
3638,0.88818359375,0.15786459627050156,6.889689323136884e-06,2.2737367544323206e-13,2.2737367544323206e-13
3639,0.888427734375,0.15786460256196855,6.892561467152427e-06,2.2737367544323206e-13,2.2737367544323206e-13
3640,0.888671875,0.15786460885343553,6.895433611167971e-06,2.2737367544323206e-13,2.2737367544323206e-13
3641,0.888916015625,0.1578646151449025,6.898305755183515e-06,2.2737367544323206e-13,2.2737367544323206e-13
3642,0.8891601562500001,0.15786462143636945,6.901177899199059e-06,2.2737367544323206e-13,2.2737367544323206e-13
3643,0.889404296875,0.15786462772783647,6.904050043214602e-06,2.2737367544323206e-13,2.2737367544323206e-13
3644,0.8896484375,0.15786463401930342,6.906922187230147e-06,2.2737367544323206e-13,2.2737367544323206e-13
3645,0.889892578125,0.15786464031077038,6.909794331245689e-06,2.2737367544323206e-13,2.2737367544323206e-13
3646,0.89013671875,0.15786464660223737,6.912666475261235e-06,2.2737367544323206e-13,2.2737367544323206e-13
3647,0.8903808593750001,0.15786465289370435,6.9155386192767796e-06,2.2737367544323206e-13,2.2737367544323206e-13
3648,0.890625,0.15786465918517134,6.918410763292323e-06,2.2737367544323206e-13,2.2737367544323206e-13
3649,0.890869140625,0.1578646651971262,6.921172822171393e-06,2.2737367544323206e-13,2.2737367544323206e-13
3650,0.89111328125,0.15786467120908104,6.923934881050461e-06,2.2737367544323206e-13,2.2737367544323206e-13
3651,0.891357421875,0.15786467722103592,6.92669693992953e-06,2.2737367544323206e-13,2.2737367544323206e-13
3652,0.8916015625000001,0.15786468323299074,6.9294589988086005e-06,2.2737367544323206e-13,2.2737367544323206e-13
3653,0.891845703125,0.1578646892449456,6.9322210576876696e-06,2.2737367544323206e-13,2.2737367544323206e-13
3654,0.89208984375,0.15786469525690047,6.934983116566739e-06,2.2737367544323206e-13,2.2737367544323206e-13
3655,0.892333984375,0.15786470126885532,6.937745175445807e-06,2.2737367544323206e-13,2.2737367544323206e-13
3656,0.892578125,0.15786470728081017,6.940507234324877e-06,2.2737367544323206e-13,2.2737367544323206e-13
3657,0.8928222656250001,0.15786471329276505,6.943269293203947e-06,2.2737367544323206e-13,2.2737367544323206e-13
3658,0.89306640625,0.15786471930471987,6.946031352083016e-06,2.2737367544323206e-13,2.2737367544323206e-13
3659,0.893310546875,0.15786472531667473,6.948793410962085e-06,2.2737367544323206e-13,2.2737367544323206e-13
3660,0.8935546875,0.15786473132862958,6.9515554698411535e-06,2.2737367544323206e-13,2.2737367544323206e-13
3661,0.893798828125,0.15786473734058445,6.954317528720224e-06,2.2737367544323206e-13,2.2737367544323206e-13
3662,0.8940429687500001,0.1578647433525393,6.957079587599295e-06,2.2737367544323206e-13,2.2737367544323206e-13
3663,0.894287109375,0.15786474936449418,6.959841646478362e-06,2.2737367544323206e-13,2.2737367544323206e-13
3664,0.89453125,0.15786475537644903,6.962603705357432e-06,2.2737367544323206e-13,2.2737367544323206e-13
3665,0.894775390625,0.15786476138840386,6.965365764236501e-06,2.2737367544323206e-13,2.2737367544323206e-13
3666,0.89501953125,0.1578647674003587,6.968127823115572e-06,2.2737367544323206e-13,2.2737367544323206e-13
3667,0.8952636718750001,0.15786477341231359,6.970889881994642e-06,2.2737367544323206e-13,2.2737367544323206e-13
3668,0.8955078125,0.15786477942426844,6.973651940873709e-06,2.2737367544323206e-13,2.2737367544323206e-13
3669,0.895751953125,0.1578647854362233,6.97641399975278e-06,2.2737367544323206e-13,2.2737367544323206e-13
3670,0.89599609375,0.15786479144817817,6.979176058631849e-06,2.2737367544323206e-13,2.2737367544323206e-13
3671,0.896240234375,0.15786479746013302,6.9819381175109185e-06,2.2737367544323206e-13,2.2737367544323206e-13
3672,0.8964843750000001,0.1578648034720879,6.984700176389987e-06,2.2737367544323206e-13,2.2737367544323206e-13
3673,0.896728515625,0.15786480948404275,6.987462235269056e-06,2.2737367544323206e-13,2.2737367544323206e-13
3674,0.89697265625,0.15786481537976582,6.990179020620259e-06,2.2737367544323206e-13,2.2737367544323206e-13
3675,0.897216796875,0.1578648211011413,6.992827895679658e-06,2.2737367544323206e-13,2.2737367544323206e-13
3676,0.8974609375,0.1578648268225168,6.995476770739059e-06,2.2737367544323206e-13,2.2737367544323206e-13
3677,0.8977050781250001,0.15786483254389228,6.9981256457984596e-06,2.2737367544323206e-13,2.2737367544323206e-13
3678,0.89794921875,0.1578648382652677,7.000774520857859e-06,2.2737367544323206e-13,2.2737367544323206e-13
3679,0.898193359375,0.15786484398664322,7.00342339591726e-06,2.2737367544323206e-13,2.2737367544323206e-13
3680,0.8984375,0.15786484970801867,7.006072270976659e-06,2.2737367544323206e-13,2.2737367544323206e-13
3681,0.898681640625,0.15786485542939413,7.008721146036059e-06,2.2737367544323206e-13,2.2737367544323206e-13
3682,0.8989257812500001,0.15786486115076964,7.0113700210954605e-06,2.2737367544323206e-13,2.2737367544323206e-13
3683,0.899169921875,0.15786486687214507,7.014018896154859e-06,2.2737367544323206e-13,2.2737367544323206e-13
3684,0.8994140625,0.15786487259352056,7.01666777121426e-06,2.2737367544323206e-13,2.2737367544323206e-13
3685,0.899658203125,0.157864878314896,7.01931664627366e-06,2.2737367544323206e-13,2.2737367544323206e-13
3686,0.89990234375,0.15786488403627152,7.02196552133306e-06,2.2737367544323206e-13,2.2737367544323206e-13
3687,0.9001464843750001,0.15786488975764698,7.02461439639246e-06,2.2737367544323206e-13,2.2737367544323206e-13
3688,0.900390625,0.15786489547902244,7.02726327145186e-06,2.2737367544323206e-13,2.2737367544323206e-13
3689,0.900634765625,0.15786490120039792,7.029912146511261e-06,2.2737367544323206e-13,2.2737367544323206e-13
3690,0.90087890625,0.15786490692177338,7.032561021570659e-06,2.2737367544323206e-13,2.2737367544323206e-13
3691,0.901123046875,0.15786491264314886,7.035209896630061e-06,2.2737367544323206e-13,2.2737367544323206e-13
3692,0.9013671875000001,0.15786491836452435,7.037858771689461e-06,2.2737367544323206e-13,2.2737367544323206e-13
3693,0.901611328125,0.15786492408589983,7.04050764674886e-06,2.2737367544323206e-13,2.2737367544323206e-13
3694,0.90185546875,0.15786492980727526,7.043156521808261e-06,2.2737367544323206e-13,2.2737367544323206e-13
3695,0.902099609375,0.15786493552865077,7.04580539686766e-06,2.2737367544323206e-13,2.2737367544323206e-13
3696,0.90234375,0.15786494125002623,7.048454271927062e-06,2.2737367544323206e-13,2.2737367544323206e-13
3697,0.9025878906250001,0.1578649469714017,7.051103146986463e-06,2.2737367544323206e-13,2.2737367544323206e-13
3698,0.90283203125,0.1578649526927772,7.053752022045862e-06,2.2737367544323206e-13,2.2737367544323206e-13
3699,0.903076171875,0.15786495841415263,7.0564008971052626e-06,2.2737367544323206e-13,2.2737367544323206e-13
3700,0.9033203125,0.15786496389451982,7.058956827215809e-06,2.2737367544323206e-13,2.2737367544323206e-13
3701,0.903564453125,0.1578649693146349,7.061489521089143e-06,2.2737367544323206e-13,2.2737367544323206e-13
3702,0.9038085937500001,0.15786497473474997,7.064022214962479e-06,2.2737367544323206e-13,2.2737367544323206e-13
3703,0.904052734375,0.15786498015486505,7.066554908835812e-06,2.2737367544323206e-13,2.2737367544323206e-13
3704,0.904296875,0.15786498557498013,7.069087602709147e-06,2.2737367544323206e-13,2.2737367544323206e-13
3705,0.904541015625,0.1578649909950952,7.071620296582479e-06,2.2737367544323206e-13,2.2737367544323206e-13
3706,0.90478515625,0.15786499641521032,7.0741529904558154e-06,2.2737367544323206e-13,2.2737367544323206e-13
3707,0.9050292968750001,0.1578650018353254,7.076685684329151e-06,2.2737367544323206e-13,2.2737367544323206e-13
3708,0.9052734375,0.15786500725544048,7.079218378202483e-06,2.2737367544323206e-13,2.2737367544323206e-13
3709,0.905517578125,0.15786501267555555,7.081751072075819e-06,2.2737367544323206e-13,2.2737367544323206e-13
3710,0.90576171875,0.15786501809567063,7.084283765949152e-06,2.2737367544323206e-13,2.2737367544323206e-13
3711,0.906005859375,0.1578650235157857,7.086816459822487e-06,2.2737367544323206e-13,2.2737367544323206e-13
3712,0.9062500000000001,0.1578650289359008,7.089349153695821e-06,2.2737367544323206e-13,2.2737367544323206e-13
3713,0.906494140625,0.15786503435601584,7.091881847569155e-06,2.2737367544323206e-13,2.2737367544323206e-13
3714,0.90673828125,0.15786503977613095,7.09441454144249e-06,2.2737367544323206e-13,2.2737367544323206e-13
3715,0.906982421875,0.15786504519624603,7.096947235315822e-06,2.2737367544323206e-13,2.2737367544323206e-13
3716,0.9072265625,0.1578650506163611,7.0994799291891584e-06,2.2737367544323206e-13,2.2737367544323206e-13
3717,0.9074707031250001,0.1578650560364762,7.102012623062492e-06,2.2737367544323206e-13,2.2737367544323206e-13
3718,0.90771484375,0.15786506145659127,7.104545316935827e-06,2.2737367544323206e-13,2.2737367544323206e-13
3719,0.907958984375,0.15786506687670634,7.107078010809162e-06,2.2737367544323206e-13,2.2737367544323206e-13
3720,0.908203125,0.15786507229682142,7.109610704682495e-06,2.2737367544323206e-13,2.2737367544323206e-13
3721,0.908447265625,0.1578650777169365,7.112143398555831e-06,2.2737367544323206e-13,2.2737367544323206e-13
3722,0.9086914062500001,0.1578650831370516,7.114676092429164e-06,2.2737367544323206e-13,2.2737367544323206e-13
3723,0.908935546875,0.1578650885571667,7.117208786302498e-06,2.2737367544323206e-13,2.2737367544323206e-13
3724,0.9091796875,0.15786509397728177,7.119741480175833e-06,2.2737367544323206e-13,2.2737367544323206e-13
3725,0.909423828125,0.1578650993350942,7.122250361041204e-06,2.2737367544323206e-13,2.2737367544323206e-13
3726,0.90966796875,0.15786510444369609,7.124663989874724e-06,2.2737367544323206e-13,2.2737367544323206e-13
3727,0.9099121093750001,0.15786510955229793,7.127077618708243e-06,2.2737367544323206e-13,2.2737367544323206e-13
3728,0.91015625,0.1578651146608998,7.129491247541761e-06,2.2737367544323206e-13,2.2737367544323206e-13
3729,0.910400390625,0.15786511976950166,7.13190487637528e-06,2.2737367544323206e-13,2.2737367544323206e-13
3730,0.91064453125,0.1578651248781035,7.134318505208797e-06,2.2737367544323206e-13,2.2737367544323206e-13
3731,0.910888671875,0.15786512998670538,7.136732134042317e-06,2.2737367544323206e-13,2.2737367544323206e-13
3732,0.9111328125000001,0.15786513509530725,7.139145762875836e-06,2.2737367544323206e-13,2.2737367544323206e-13
3733,0.911376953125,0.1578651402039091,7.141559391709355e-06,2.2737367544323206e-13,2.2737367544323206e-13
3734,0.91162109375,0.15786514531251097,7.143973020542874e-06,2.2737367544323206e-13,2.2737367544323206e-13
3735,0.911865234375,0.15786515042111282,7.1463866493763935e-06,2.2737367544323206e-13,2.2737367544323206e-13
3736,0.912109375,0.1578651555297147,7.148800278209912e-06,2.2737367544323206e-13,2.2737367544323206e-13
3737,0.9123535156250001,0.15786516063831652,7.151213907043432e-06,2.2737367544323206e-13,2.2737367544323206e-13
3738,0.91259765625,0.15786516574691836,7.153627535876949e-06,2.2737367544323206e-13,2.2737367544323206e-13
3739,0.912841796875,0.15786517085552024,7.156041164710469e-06,2.2737367544323206e-13,2.2737367544323206e-13
3740,0.9130859375,0.15786517596412208,7.158454793543987e-06,2.2737367544323206e-13,2.2737367544323206e-13
3741,0.913330078125,0.15786518107272396,7.160868422377507e-06,2.2737367544323206e-13,2.2737367544323206e-13
3742,0.9135742187500001,0.15786518618132583,7.1632820512110254e-06,2.2737367544323206e-13,2.2737367544323206e-13
3743,0.913818359375,0.15786519128992768,7.165695680044543e-06,2.2737367544323206e-13,2.2737367544323206e-13
3744,0.9140625,0.15786519639852956,7.168109308878063e-06,2.2737367544323206e-13,2.2737367544323206e-13
3745,0.914306640625,0.1578652015071314,7.17052293771158e-06,2.2737367544323206e-13,2.2737367544323206e-13
3746,0.91455078125,0.15786520661573325,7.1729365665451e-06,2.2737367544323206e-13,2.2737367544323206e-13
3747,0.9147949218750001,0.15786521172433512,7.175350195378619e-06,2.2737367544323206e-13,2.2737367544323206e-13
3748,0.9150390625,0.15786521683293697,7.177763824212138e-06,2.2737367544323206e-13,2.2737367544323206e-13
3749,0.915283203125,0.15786522194153885,7.180177453045657e-06,2.2737367544323206e-13,2.2737367544323206e-13
3750,0.91552734375,0.15786522705014072,7.182591081879176e-06,2.2737367544323206e-13,2.2737367544323206e-13
3751,0.915771484375,0.1578652319659646,7.18493161601493e-06,2.2737367544323206e-13,2.2737367544323206e-13
3752,0.9160156250000001,0.15786523675326983,7.187223420352173e-06,2.2737367544323206e-13,2.2737367544323206e-13
3753,0.916259765625,0.15786524154057502,7.189515224689414e-06,2.2737367544323206e-13,2.2737367544323206e-13
3754,0.91650390625,0.1578652463278803,7.191807029026657e-06,2.2737367544323206e-13,2.2737367544323206e-13
3755,0.916748046875,0.1578652511151855,7.1940988333639e-06,2.2737367544323206e-13,2.2737367544323206e-13
3756,0.9169921875,0.1578652559024907,7.1963906377011434e-06,2.2737367544323206e-13,2.2737367544323206e-13
3757,0.9172363281250001,0.15786526068979595,7.1986824420383865e-06,2.2737367544323206e-13,2.2737367544323206e-13
3758,0.91748046875,0.15786526547710117,7.200974246375628e-06,2.2737367544323206e-13,2.2737367544323206e-13
3759,0.917724609375,0.15786527026440642,7.203266050712871e-06,2.2737367544323206e-13,2.2737367544323206e-13
3760,0.91796875,0.1578652750517116,7.205557855050113e-06,2.2737367544323206e-13,2.2737367544323206e-13
3761,0.918212890625,0.15786527983901688,7.207849659387357e-06,2.2737367544323206e-13,2.2737367544323206e-13
3762,0.9184570312500001,0.1578652846263221,7.2101414637246e-06,2.2737367544323206e-13,2.2737367544323206e-13
3763,0.918701171875,0.1578652894136273,7.2124332680618425e-06,2.2737367544323206e-13,2.2737367544323206e-13
3764,0.9189453125,0.15786529420093254,7.2147250723990855e-06,2.2737367544323206e-13,2.2737367544323206e-13
3765,0.919189453125,0.15786529898823776,7.217016876736327e-06,2.2737367544323206e-13,2.2737367544323206e-13
3766,0.91943359375,0.15786530377554298,7.21930868107357e-06,2.2737367544323206e-13,2.2737367544323206e-13
3767,0.9196777343750001,0.15786530856284822,7.221600485410813e-06,2.2737367544323206e-13,2.2737367544323206e-13
3768,0.919921875,0.15786531335015344,7.223892289748056e-06,2.2737367544323206e-13,2.2737367544323206e-13
3769,0.920166015625,0.1578653181374587,7.226184094085299e-06,2.2737367544323206e-13,2.2737367544323206e-13
3770,0.92041015625,0.15786532292476388,7.2284758984225415e-06,2.2737367544323206e-13,2.2737367544323206e-13
3771,0.920654296875,0.1578653277120691,7.2307677027597846e-06,2.2737367544323206e-13,2.2737367544323206e-13
3772,0.9208984375000001,0.15786533249937437,7.233059507097028e-06,2.2737367544323206e-13,2.2737367544323206e-13
3773,0.921142578125,0.15786533728667956,7.235351311434271e-06,2.2737367544323206e-13,2.2737367544323206e-13
3774,0.92138671875,0.1578653420739848,7.237643115771514e-06,2.2737367544323206e-13,2.2737367544323206e-13
3775,0.921630859375,0.15786534686129003,7.239934920108755e-06,2.2737367544323206e-13,2.2737367544323206e-13
3776,0.921875,0.15786535164859525,7.242226724445998e-06,2.2737367544323206e-13,2.2737367544323206e-13
3777,0.9221191406250001,0.1578653561053293,7.2443940762703294e-06,2.2737367544323206e-13,2.2737367544323206e-13
3778,0.92236328125,0.15786536056206335,7.246561428094658e-06,2.2737367544323206e-13,2.2737367544323206e-13
3779,0.922607421875,0.1578653650187974,7.248728779918989e-06,2.2737367544323206e-13,2.2737367544323206e-13
3780,0.9228515625,0.15786536947553145,7.250896131743318e-06,2.2737367544323206e-13,2.2737367544323206e-13
3781,0.923095703125,0.15786537393226546,7.2530634835676474e-06,2.2737367544323206e-13,2.2737367544323206e-13
3782,0.9233398437500001,0.15786537838899953,7.255230835391979e-06,2.2737367544323206e-13,2.2737367544323206e-13
3783,0.923583984375,0.15786538284573357,7.257398187216309e-06,2.2737367544323206e-13,2.2737367544323206e-13
3784,0.923828125,0.15786538730246763,7.2595655390406385e-06,2.2737367544323206e-13,2.2737367544323206e-13
3785,0.924072265625,0.15786539175920164,7.261732890864967e-06,2.2737367544323206e-13,2.2737367544323206e-13
3786,0.92431640625,0.15786539621593573,7.2639002426892975e-06,2.2737367544323206e-13,2.2737367544323206e-13
3787,0.9245605468750001,0.15786540067266977,7.266067594513628e-06,2.2737367544323206e-13,2.2737367544323206e-13
3788,0.9248046875,0.1578654051294038,7.268234946337958e-06,2.2737367544323206e-13,2.2737367544323206e-13
3789,0.925048828125,0.15786540958613787,7.2704022981622885e-06,2.2737367544323206e-13,2.2737367544323206e-13
3790,0.92529296875,0.1578654140428719,7.272569649986617e-06,2.2737367544323206e-13,2.2737367544323206e-13
3791,0.925537109375,0.15786541849960592,7.274737001810947e-06,2.2737367544323206e-13,2.2737367544323206e-13
3792,0.9257812500000001,0.15786542295634,7.276904353635278e-06,2.2737367544323206e-13,2.2737367544323206e-13
3793,0.926025390625,0.15786542741307402,7.279071705459607e-06,2.2737367544323206e-13,2.2737367544323206e-13
3794,0.92626953125,0.1578654318698081,7.281239057283938e-06,2.2737367544323206e-13,2.2737367544323206e-13
3795,0.926513671875,0.15786543632654212,7.283406409108266e-06,2.2737367544323206e-13,2.2737367544323206e-13
3796,0.9267578125,0.1578654407832762,7.2855737609325975e-06,2.2737367544323206e-13,2.2737367544323206e-13
3797,0.9270019531250001,0.15786544524001023,7.287741112756929e-06,2.2737367544323206e-13,2.2737367544323206e-13
3798,0.92724609375,0.1578654496967443,7.289908464581257e-06,2.2737367544323206e-13,2.2737367544323206e-13
3799,0.927490234375,0.15786545415347833,7.292075816405587e-06,2.2737367544323206e-13,2.2737367544323206e-13
3800,0.927734375,0.15786545861021237,7.2942431682299155e-06,2.2737367544323206e-13,2.2737367544323206e-13
3801,0.927978515625,0.15786546306694638,7.296410520054246e-06,2.2737367544323206e-13,2.2737367544323206e-13
3802,0.9282226562500001,0.15786546738796137,7.2985270901732135e-06,2.2737367544323206e-13,2.2737367544323206e-13
3803,0.928466796875,0.15786547150539765,7.300567487734134e-06,2.2737367544323206e-13,2.2737367544323206e-13
3804,0.9287109375,0.157865475622834,7.302607885295054e-06,2.2737367544323206e-13,2.2737367544323206e-13
3805,0.928955078125,0.1578654797402703,7.304648282855974e-06,2.2737367544323206e-13,2.2737367544323206e-13
3806,0.92919921875,0.1578654838577066,7.3066886804168955e-06,2.2737367544323206e-13,2.2737367544323206e-13
3807,0.9294433593750001,0.1578654879751429,7.308729077977816e-06,2.2737367544323206e-13,2.2737367544323206e-13
3808,0.9296875,0.15786549209257922,7.3107694755387365e-06,2.2737367544323206e-13,2.2737367544323206e-13
3809,0.929931640625,0.15786549621001553,7.312809873099656e-06,2.2737367544323206e-13,2.2737367544323206e-13
3810,0.93017578125,0.15786550032745186,7.3148502706605776e-06,2.2737367544323206e-13,2.2737367544323206e-13
3811,0.930419921875,0.15786550444488817,7.316890668221498e-06,2.2737367544323206e-13,2.2737367544323206e-13
3812,0.9306640625000001,0.15786550856232445,7.318931065782419e-06,2.2737367544323206e-13,2.2737367544323206e-13
3813,0.930908203125,0.1578655126797608,7.320971463343339e-06,2.2737367544323206e-13,2.2737367544323206e-13
3814,0.93115234375,0.15786551679719707,7.32301186090426e-06,2.2737367544323206e-13,2.2737367544323206e-13
3815,0.931396484375,0.1578655209146334,7.325052258465179e-06,2.2737367544323206e-13,2.2737367544323206e-13
3816,0.931640625,0.15786552503206971,7.327092656026101e-06,2.2737367544323206e-13,2.2737367544323206e-13
3817,0.9318847656250001,0.15786552914950602,7.329133053587021e-06,2.2737367544323206e-13,2.2737367544323206e-13
3818,0.93212890625,0.1578655332669423,7.33117345114794e-06,2.2737367544323206e-13,2.2737367544323206e-13
3819,0.932373046875,0.15786553738437864,7.333213848708862e-06,2.2737367544323206e-13,2.2737367544323206e-13
3820,0.9326171875,0.15786554150181492,7.335254246269782e-06,2.2737367544323206e-13,2.2737367544323206e-13
3821,0.932861328125,0.15786554561925126,7.337294643830703e-06,2.2737367544323206e-13,2.2737367544323206e-13
3822,0.9331054687500001,0.15786554973668757,7.3393350413916245e-06,2.2737367544323206e-13,2.2737367544323206e-13
3823,0.933349609375,0.15786555385412387,7.341375438952543e-06,2.2737367544323206e-13,2.2737367544323206e-13
3824,0.93359375,0.15786555797156018,7.343415836513465e-06,2.2737367544323206e-13,2.2737367544323206e-13
3825,0.933837890625,0.1578655620889965,7.345456234074384e-06,2.2737367544323206e-13,2.2737367544323206e-13
3826,0.93408203125,0.15786556620643283,7.347496631635304e-06,2.2737367544323206e-13,2.2737367544323206e-13
3827,0.9343261718750001,0.15786557032386914,7.349537029196227e-06,2.2737367544323206e-13,2.2737367544323206e-13
3828,0.9345703125,0.1578655741633536,7.351474179851153e-06,2.2737367544323206e-13,2.2737367544323206e-13
3829,0.934814453125,0.15786557793335013,7.353385518779585e-06,2.2737367544323206e-13,2.2737367544323206e-13
3830,0.93505859375,0.1578655817033466,7.355296857708015e-06,2.2737367544323206e-13,2.2737367544323206e-13
3831,0.935302734375,0.15786558547334315,7.357208196636446e-06,2.2737367544323206e-13,2.2737367544323206e-13
3832,0.9355468750000001,0.15786558924333968,7.359119535564876e-06,2.2737367544323206e-13,2.2737367544323206e-13
3833,0.935791015625,0.15786559301333616,7.361030874493306e-06,2.2737367544323206e-13,2.2737367544323206e-13
3834,0.93603515625,0.1578655967833327,7.362942213421737e-06,2.2737367544323206e-13,2.2737367544323206e-13
3835,0.936279296875,0.1578656005533292,7.3648535523501664e-06,2.2737367544323206e-13,2.2737367544323206e-13
3836,0.9365234375,0.15786560432332575,7.366764891278598e-06,2.2737367544323206e-13,2.2737367544323206e-13
3837,0.9367675781250001,0.15786560809332226,7.368676230207028e-06,2.2737367544323206e-13,2.2737367544323206e-13
3838,0.93701171875,0.15786561186331877,7.370587569135458e-06,2.2737367544323206e-13,2.2737367544323206e-13
3839,0.937255859375,0.15786561563331528,7.37249890806389e-06,2.2737367544323206e-13,2.2737367544323206e-13
3840,0.9375,0.15786561940331179,7.37441024699232e-06,2.2737367544323206e-13,2.2737367544323206e-13
3841,0.937744140625,0.15786562317330832,7.376321585920749e-06,2.2737367544323206e-13,2.2737367544323206e-13
3842,0.9379882812500001,0.15786562694330486,7.3782329248491805e-06,2.2737367544323206e-13,2.2737367544323206e-13
3843,0.938232421875,0.15786563071330137,7.38014426377761e-06,2.2737367544323206e-13,2.2737367544323206e-13
3844,0.9384765625,0.15786563448329788,7.382055602706041e-06,2.2737367544323206e-13,2.2737367544323206e-13
3845,0.938720703125,0.15786563825329436,7.383966941634471e-06,2.2737367544323206e-13,2.2737367544323206e-13
3846,0.93896484375,0.1578656420232909,7.385878280562902e-06,2.2737367544323206e-13,2.2737367544323206e-13
3847,0.9392089843750001,0.15786564579328743,7.387789619491332e-06,2.2737367544323206e-13,2.2737367544323206e-13
3848,0.939453125,0.15786564956328394,7.3897009584197625e-06,2.2737367544323206e-13,2.2737367544323206e-13
3849,0.939697265625,0.15786565333328048,7.391612297348192e-06,2.2737367544323206e-13,2.2737367544323206e-13
3850,0.93994140625,0.15786565710327696,7.393523636276622e-06,2.2737367544323206e-13,2.2737367544323206e-13
3851,0.940185546875,0.15786566087327347,7.395434975205054e-06,2.2737367544323206e-13,2.2737367544323206e-13
3852,0.9404296875000001,0.15786566464326998,7.397346314133485e-06,2.2737367544323206e-13,2.2737367544323206e-13
3853,0.940673828125,0.1578656683422741,7.399231374326888e-06,2.2737367544323206e-13,2.2737367544323206e-13
3854,0.94091796875,0.15786567175730856,7.401011319580184e-06,2.2737367544323206e-13,2.2737367544323206e-13
3855,0.941162109375,0.157865675172343,7.402791264833481e-06,2.2737367544323206e-13,2.2737367544323206e-13
3856,0.94140625,0.15786567858737746,7.404571210086778e-06,2.2737367544323206e-13,2.2737367544323206e-13
3857,0.9416503906250001,0.15786568200241194,7.406351155340075e-06,2.2737367544323206e-13,2.2737367544323206e-13
3858,0.94189453125,0.15786568541744636,7.4081311005933695e-06,2.2737367544323206e-13,2.2737367544323206e-13
3859,0.942138671875,0.15786568883248084,7.409911045846667e-06,2.2737367544323206e-13,2.2737367544323206e-13
3860,0.9423828125,0.15786569224751526,7.411690991099964e-06,2.2737367544323206e-13,2.2737367544323206e-13
3861,0.942626953125,0.1578656956625497,7.413470936353261e-06,2.2737367544323206e-13,2.2737367544323206e-13
3862,0.9428710937500001,0.15786569907758416,7.415250881606557e-06,2.2737367544323206e-13,2.2737367544323206e-13
3863,0.943115234375,0.1578657024926186,7.417030826859853e-06,2.2737367544323206e-13,2.2737367544323206e-13
3864,0.943359375,0.15786570590765306,7.4188107721131515e-06,2.2737367544323206e-13,2.2737367544323206e-13
3865,0.943603515625,0.1578657093226875,7.420590717366447e-06,2.2737367544323206e-13,2.2737367544323206e-13
3866,0.94384765625,0.15786571273772196,7.422370662619743e-06,2.2737367544323206e-13,2.2737367544323206e-13
3867,0.9440917968750001,0.15786571615275644,7.42415060787304e-06,2.2737367544323206e-13,2.2737367544323206e-13
3868,0.9443359375,0.15786571956779086,7.425930553126337e-06,2.2737367544323206e-13,2.2737367544323206e-13
3869,0.944580078125,0.15786572298282533,7.427710498379634e-06,2.2737367544323206e-13,2.2737367544323206e-13
3870,0.94482421875,0.15786572639785976,7.429490443632929e-06,2.2737367544323206e-13,2.2737367544323206e-13
3871,0.945068359375,0.1578657298128942,7.431270388886226e-06,2.2737367544323206e-13,2.2737367544323206e-13
3872,0.9453125000000001,0.15786573322792868,7.433050334139523e-06,2.2737367544323206e-13,2.2737367544323206e-13
3873,0.945556640625,0.15786573664296313,7.43483027939282e-06,2.2737367544323206e-13,2.2737367544323206e-13
3874,0.94580078125,0.15786574005799758,7.436610224646117e-06,2.2737367544323206e-13,2.2737367544323206e-13
3875,0.946044921875,0.15786574347303203,7.438390169899412e-06,2.2737367544323206e-13,2.2737367544323206e-13
3876,0.9462890625,0.15786574688806648,7.440170115152709e-06,2.2737367544323206e-13,2.2737367544323206e-13
3877,0.9465332031250001,0.15786575030310096,7.441950060406007e-06,2.2737367544323206e-13,2.2737367544323206e-13
3878,0.94677734375,0.15786575371813538,7.443730005659303e-06,2.2737367544323206e-13,2.2737367544323206e-13
3879,0.947021484375,0.15786575691607063,7.445429970096509e-06,2.2737367544323206e-13,2.2737367544323206e-13
3880,0.947265625,0.1578657599692731,7.447076613989657e-06,2.2737367544323206e-13,2.2737367544323206e-13
3881,0.947509765625,0.1578657630224756,7.448723257882804e-06,2.2737367544323206e-13,2.2737367544323206e-13
3882,0.9477539062500001,0.15786576607567804,7.4503699017759515e-06,2.2737367544323206e-13,2.2737367544323206e-13
3883,0.947998046875,0.1578657691288805,7.452016545669099e-06,2.2737367544323206e-13,2.2737367544323206e-13
3884,0.9482421875,0.15786577218208295,7.453663189562246e-06,2.2737367544323206e-13,2.2737367544323206e-13
3885,0.948486328125,0.15786577523528544,7.455309833455392e-06,2.2737367544323206e-13,2.2737367544323206e-13
3886,0.94873046875,0.1578657782884879,7.456956477348539e-06,2.2737367544323206e-13,2.2737367544323206e-13
3887,0.9489746093750001,0.15786578134169038,7.458603121241688e-06,2.2737367544323206e-13,2.2737367544323206e-13
3888,0.94921875,0.15786578439489285,7.460249765134834e-06,2.2737367544323206e-13,2.2737367544323206e-13
3889,0.949462890625,0.1578657874480953,7.461896409027982e-06,2.2737367544323206e-13,2.2737367544323206e-13
3890,0.94970703125,0.15786579050129776,7.4635430529211285e-06,2.2737367544323206e-13,2.2737367544323206e-13
3891,0.949951171875,0.15786579355450026,7.465189696814276e-06,2.2737367544323206e-13,2.2737367544323206e-13
3892,0.9501953125000001,0.15786579660770272,7.466836340707424e-06,2.2737367544323206e-13,2.2737367544323206e-13
3893,0.950439453125,0.15786579966090517,7.468482984600571e-06,2.2737367544323206e-13,2.2737367544323206e-13
3894,0.95068359375,0.15786580271410763,7.470129628493719e-06,2.2737367544323206e-13,2.2737367544323206e-13
3895,0.950927734375,0.1578658057673101,7.471776272386864e-06,2.2737367544323206e-13,2.2737367544323206e-13
3896,0.951171875,0.15786580882051257,7.473422916280012e-06,2.2737367544323206e-13,2.2737367544323206e-13
3897,0.9514160156250001,0.15786581187371504,7.475069560173161e-06,2.2737367544323206e-13,2.2737367544323206e-13
3898,0.95166015625,0.1578658149269175,7.476716204066306e-06,2.2737367544323206e-13,2.2737367544323206e-13
3899,0.951904296875,0.15786581798011998,7.4783628479594536e-06,2.2737367544323206e-13,2.2737367544323206e-13
3900,0.9521484375,0.15786582103332245,7.480009491852601e-06,2.2737367544323206e-13,2.2737367544323206e-13
3901,0.952392578125,0.1578658240865249,7.481656135745749e-06,2.2737367544323206e-13,2.2737367544323206e-13
3902,0.9526367187500001,0.15786582713972735,7.483302779638896e-06,2.2737367544323206e-13,2.2737367544323206e-13
3903,0.952880859375,0.15786583019292982,7.484949423532041e-06,2.2737367544323206e-13,2.2737367544323206e-13
3904,0.953125,0.1578658332461323,7.486596067425191e-06,2.2737367544323206e-13,2.2737367544323206e-13
3905,0.953369140625,0.15786583593131578,7.488107716059828e-06,2.2737367544323206e-13,2.2737367544323206e-13
3906,0.95361328125,0.1578658386164993,7.489619364694466e-06,2.2737367544323206e-13,2.2737367544323206e-13
3907,0.9538574218750001,0.1578658413016828,7.491131013329105e-06,2.2737367544323206e-13,2.2737367544323206e-13
3908,0.9541015625,0.15786584398686632,7.492642661963743e-06,2.2737367544323206e-13,2.2737367544323206e-13
3909,0.954345703125,0.1578658466720498,7.494154310598382e-06,2.2737367544323206e-13,2.2737367544323206e-13
3910,0.95458984375,0.1578658493572333,7.495665959233021e-06,2.2737367544323206e-13,2.2737367544323206e-13
3911,0.954833984375,0.1578658520424168,7.49717760786766e-06,2.2737367544323206e-13,2.2737367544323206e-13
3912,0.9550781250000001,0.15786585472760029,7.498689256502299e-06,2.2737367544323206e-13,2.2737367544323206e-13
3913,0.955322265625,0.1578658574127838,7.5002009051369356e-06,2.2737367544323206e-13,2.2737367544323206e-13
3914,0.95556640625,0.1578658600979673,7.501712553771575e-06,2.2737367544323206e-13,2.2737367544323206e-13
3915,0.955810546875,0.1578658627831508,7.503224202406212e-06,2.2737367544323206e-13,2.2737367544323206e-13
3916,0.9560546875,0.1578658654683343,7.504735851040852e-06,2.2737367544323206e-13,2.2737367544323206e-13
3917,0.9562988281250001,0.15786586815351777,7.50624749967549e-06,2.2737367544323206e-13,2.2737367544323206e-13
3918,0.95654296875,0.15786587083870127,7.507759148310129e-06,2.2737367544323206e-13,2.2737367544323206e-13
3919,0.956787109375,0.1578658735238848,7.509270796944768e-06,2.2737367544323206e-13,2.2737367544323206e-13
3920,0.95703125,0.15786587620906828,7.510782445579405e-06,2.2737367544323206e-13,2.2737367544323206e-13
3921,0.957275390625,0.1578658788942518,7.5122940942140436e-06,2.2737367544323206e-13,2.2737367544323206e-13
3922,0.9575195312500001,0.1578658815794353,7.513805742848683e-06,2.2737367544323206e-13,2.2737367544323206e-13
3923,0.957763671875,0.15786588426461878,7.5153173914833195e-06,2.2737367544323206e-13,2.2737367544323206e-13
3924,0.9580078125,0.15786588694980228,7.516829040117959e-06,2.2737367544323206e-13,2.2737367544323206e-13
3925,0.958251953125,0.15786588963498577,7.518340688752597e-06,2.2737367544323206e-13,2.2737367544323206e-13
3926,0.95849609375,0.1578658923201693,7.519852337387236e-06,2.2737367544323206e-13,2.2737367544323206e-13
3927,0.9587402343750001,0.15786589500535278,7.521363986021876e-06,2.2737367544323206e-13,2.2737367544323206e-13
3928,0.958984375,0.15786589769053627,7.522875634656513e-06,2.2737367544323206e-13,2.2737367544323206e-13
3929,0.959228515625,0.1578659003757198,7.524387283291152e-06,2.2737367544323206e-13,2.2737367544323206e-13
3930,0.95947265625,0.1578659029115051,7.525844291811992e-06,2.2737367544323206e-13,2.2737367544323206e-13
3931,0.959716796875,0.1578659052231932,7.527219340162134e-06,2.2737367544323206e-13,2.2737367544323206e-13
3932,0.9599609375000001,0.15786590753488125,7.528594388512276e-06,2.2737367544323206e-13,2.2737367544323206e-13
3933,0.960205078125,0.1578659098465693,7.529969436862418e-06,2.2737367544323206e-13,2.2737367544323206e-13
3934,0.96044921875,0.15786591215825738,7.531344485212561e-06,2.2737367544323206e-13,2.2737367544323206e-13
3935,0.960693359375,0.15786591446994544,7.532719533562703e-06,2.2737367544323206e-13,2.2737367544323206e-13
3936,0.9609375,0.1578659167816335,7.534094581912845e-06,2.2737367544323206e-13,2.2737367544323206e-13
3937,0.9611816406250001,0.15786591909332157,7.535469630262988e-06,2.2737367544323206e-13,2.2737367544323206e-13
3938,0.96142578125,0.15786592140500966,7.536844678613129e-06,2.2737367544323206e-13,2.2737367544323206e-13
3939,0.961669921875,0.15786592371669772,7.538219726963272e-06,2.2737367544323206e-13,2.2737367544323206e-13
3940,0.9619140625,0.15786592602838578,7.539594775313415e-06,2.2737367544323206e-13,2.2737367544323206e-13
3941,0.962158203125,0.15786592834007385,7.540969823663557e-06,2.2737367544323206e-13,2.2737367544323206e-13
3942,0.9624023437500001,0.15786593065176194,7.542344872013699e-06,2.2737367544323206e-13,2.2737367544323206e-13
3943,0.962646484375,0.15786593296345,7.543719920363841e-06,2.2737367544323206e-13,2.2737367544323206e-13
3944,0.962890625,0.15786593527513806,7.545094968713984e-06,2.2737367544323206e-13,2.2737367544323206e-13
3945,0.963134765625,0.15786593758682613,7.546470017064126e-06,2.2737367544323206e-13,2.2737367544323206e-13
3946,0.96337890625,0.1578659398985142,7.547845065414268e-06,2.2737367544323206e-13,2.2737367544323206e-13
3947,0.9636230468750001,0.15786594221020228,7.549220113764411e-06,2.2737367544323206e-13,2.2737367544323206e-13
3948,0.9638671875,0.15786594452189032,7.550595162114553e-06,2.2737367544323206e-13,2.2737367544323206e-13
3949,0.964111328125,0.1578659468335784,7.551970210464695e-06,2.2737367544323206e-13,2.2737367544323206e-13
3950,0.96435546875,0.15786594914526647,7.553345258814838e-06,2.2737367544323206e-13,2.2737367544323206e-13
3951,0.964599609375,0.15786595145695456,7.55472030716498e-06,2.2737367544323206e-13,2.2737367544323206e-13
3952,0.9648437500000001,0.1578659537686426,7.556095355515122e-06,2.2737367544323206e-13,2.2737367544323206e-13
3953,0.965087890625,0.1578659560803307,7.557470403865264e-06,2.2737367544323206e-13,2.2737367544323206e-13
3954,0.96533203125,0.15786595839201875,7.558845452215407e-06,2.2737367544323206e-13,2.2737367544323206e-13
3955,0.965576171875,0.15786596070370681,7.560220500565547e-06,2.2737367544323206e-13,2.2737367544323206e-13
3956,0.9658203125,0.1578659627128051,7.5614851859971385e-06,2.2737367544323206e-13,2.2737367544323206e-13
3957,0.9660644531250001,0.15786596464625594,7.562722280699091e-06,2.2737367544323206e-13,2.2737367544323206e-13
3958,0.96630859375,0.15786596657970672,7.563959375401043e-06,2.2737367544323206e-13,2.2737367544323206e-13
3959,0.966552734375,0.15786596851315757,7.565196470102994e-06,2.2737367544323206e-13,1.7053025658242404e-13
3960,0.966796875,0.15786597044660838,7.566433564804945e-06,2.2737367544323206e-13,1.7053025658242404e-13
3961,0.967041015625,0.15786597238005917,7.5676706595068975e-06,2.2737367544323206e-13,1.7053025658242404e-13
3962,0.9672851562500001,0.15786597431351002,7.56890775420885e-06,2.2737367544323206e-13,1.7053025658242404e-13
3963,0.967529296875,0.1578659762469608,7.5701448489108025e-06,2.2737367544323206e-13,1.7053025658242404e-13
3964,0.9677734375,0.15786597818041165,7.571381943612755e-06,2.2737367544323206e-13,1.7053025658242404e-13
3965,0.968017578125,0.15786598011386246,7.572619038314705e-06,2.2737367544323206e-13,1.1368683772161603e-13
3966,0.96826171875,0.15786598204731328,7.573856133016657e-06,2.2737367544323206e-13,1.1368683772161603e-13
3967,0.9685058593750001,0.1578659839807641,7.575093227718609e-06,2.2737367544323206e-13,1.1368683772161603e-13
3968,0.96875,0.1578659859142149,7.5763303224205615e-06,2.2737367544323206e-13,1.1368683772161603e-13
3969,0.968994140625,0.15786598784766573,7.577567417122514e-06,2.2737367544323206e-13,1.1368683772161603e-13
3970,0.96923828125,0.15786598978111657,7.578804511824464e-06,2.2737367544323206e-13,1.1368683772161603e-13
3971,0.969482421875,0.15786599171456736,7.580041606526416e-06,2.2737367544323206e-13,1.1368683772161603e-13
3972,0.9697265625000001,0.1578659936480182,7.581278701228369e-06,2.2737367544323206e-13,5.684341886080802e-14
3973,0.969970703125,0.157865995581469,7.582515795930321e-06,2.2737367544323206e-13,5.684341886080802e-14
3974,0.97021484375,0.15786599751491984,7.583752890632273e-06,2.2737367544323206e-13,5.684341886080802e-14
3975,0.970458984375,0.15786599944837065,7.584989985334224e-06,2.2737367544323206e-13,5.684341886080802e-14
3976,0.970703125,0.15786600138182144,7.586227080036175e-06,2.2737367544323206e-13,5.684341886080802e-14
3977,0.9709472656250001,0.15786600331527229,7.587464174738128e-06,2.2737367544323206e-13,5.684341886080802e-14
3978,0.97119140625,0.15786600524872307,7.58870126944008e-06,2.2737367544323206e-13,0.0
3979,0.971435546875,0.15786600718217392,7.589938364142033e-06,2.2737367544323206e-13,0.0
3980,0.9716796875,0.15786600911562473,7.591175458843984e-06,2.2737367544323206e-13,0.0
3981,0.971923828125,0.1578660109725462,7.592384593619663e-06,2.2737367544323206e-13,-1.0231815394945443e-12
3982,0.9721679687500001,0.1578660125233504,7.593481888690244e-06,2.2737367544323206e-13,-6.252776074688882e-12
3983,0.972412109375,0.15786601407415454,7.594579183760826e-06,2.2737367544323206e-13,-1.1482370609883219e-11
3984,0.97265625,0.15786601562495872,7.5956764788314064e-06,2.2737367544323206e-13,-1.6711965145077556e-11
3985,0.972900390625,0.15786601717576287,7.59677377390199e-06,2.2737367544323206e-13,-2.1941559680271894e-11
3986,0.97314453125,0.15786601872656705,7.597871068972571e-06,2.2737367544323206e-13,-2.717115421546623e-11
3987,0.9733886718750001,0.1578660202773712,7.5989683640431525e-06,2.2737367544323206e-13,-3.240074875066057e-11
3988,0.9736328125,0.15786602182817536,7.600065659113736e-06,2.2737367544323206e-13,-3.75734998669941e-11
3989,0.973876953125,0.15786602337897954,7.601162954184317e-06,2.2737367544323206e-13,-4.2803094402188435e-11
3990,0.97412109375,0.15786602492978372,7.602260249254898e-06,2.2737367544323206e-13,-4.803268893738277e-11
3991,0.974365234375,0.15786602648058787,7.603357544325479e-06,2.2737367544323206e-13,-5.326228347257711e-11
3992,0.9746093750000001,0.15786602803139205,7.604454839396062e-06,2.2737367544323206e-13,-5.849187800777145e-11
3993,0.974853515625,0.1578660295821962,7.605552134466643e-06,2.2737367544323206e-13,-6.372147254296578e-11
3994,0.97509765625,0.15786603113300035,7.606649429537225e-06,2.2737367544323206e-13,-6.895106707816012e-11
3995,0.975341796875,0.15786603268380453,7.6077467246078085e-06,2.2737367544323206e-13,-7.418066161335446e-11
3996,0.9755859375,0.15786603423460868,7.608844019678389e-06,2.2737367544323206e-13,-7.94102561485488e-11
3997,0.9758300781250001,0.15786603578541286,7.609941314748971e-06,2.2737367544323206e-13,-8.458300726488233e-11
3998,0.97607421875,0.15786603733621704,7.611038609819552e-06,2.2737367544323206e-13,-8.981260180007666e-11
3999,0.976318359375,0.15786603888702117,7.612135904890134e-06,2.2737367544323206e-13,-9.5042196335271e-11
4000,0.9765625,0.15786604043782534,7.613233199960717e-06,2.2737367544323206e-13,-1.0027179087046534e-10
4001,0.976806640625,0.15786604198862952,7.614330495031298e-06,2.2737367544323206e-13,-1.0550138540565968e-10
4002,0.9770507812500001,0.15786604353943368,7.6154277901018805e-06,2.2737367544323206e-13,-1.1073097994085401e-10
4003,0.977294921875,0.15786604509023786,7.616525085172462e-06,2.2737367544323206e-13,-1.1596057447604835e-10
4004,0.9775390625,0.157866046641042,7.617622380243043e-06,2.2737367544323206e-13,-1.211901690112427e-10
4005,0.977783203125,0.15786604819184616,7.618719675313625e-06,2.2737367544323206e-13,-1.2636292012757622e-10
4006,0.97802734375,0.15786604974265034,7.619816970384207e-06,2.2737367544323206e-13,-1.3159251466277055e-10
4007,0.9782714843750001,0.15786605089581354,7.620637968596559e-06,2.2737367544323206e-13,-1.5861587598919868e-09
4008,0.978515625,0.15786605178388277,7.621274768903426e-06,2.2737367544323206e-13,-4.006949438917218e-09
4009,0.978759765625,0.157866052671952,7.621911569210293e-06,2.2737367544323206e-13,-6.427683274523588e-09
4010,0.97900390625,0.15786605356002126,7.622548369517158e-06,2.2737367544323206e-13,-8.848473953548819e-09
4011,0.979248046875,0.1578660544480905,7.623185169824025e-06,2.2737367544323206e-13,-1.126926463257405e-08
4012,0.9794921875000001,0.1578660553361597,7.623821970130891e-06,2.2737367544323206e-13,-1.368999846818042e-08
4013,0.979736328125,0.15786605622422892,7.624458770437758e-06,2.2737367544323206e-13,-1.611078914720565e-08
4014,0.97998046875,0.15786605711229815,7.625095570744625e-06,2.2737367544323206e-13,-1.853152298281202e-08
4015,0.980224609375,0.15786605800036738,7.625732371051491e-06,2.2737367544323206e-13,-2.0952313661837252e-08
4016,0.98046875,0.1578660588884366,7.626369171358357e-06,2.2737367544323206e-13,-2.3373104340862483e-08
4017,0.9807128906250001,0.1578660597765058,7.627005971665223e-06,2.2737367544323206e-13,-2.5793838176468853e-08
4018,0.98095703125,0.15786606066457506,7.627642771972089e-06,2.2737367544323206e-13,-2.8214628855494084e-08
4019,0.981201171875,0.1578660615526443,7.6282795722789545e-06,2.2737367544323206e-13,-3.0635419534519315e-08
4020,0.9814453125,0.15786606244071352,7.628916372585821e-06,2.2737367544323206e-13,-3.3056153370125685e-08
4021,0.981689453125,0.15786606332878275,7.629553172892688e-06,2.2737367544323206e-13,-3.5476944049150916e-08
4022,0.9819335937500001,0.15786606421685195,7.630189973199554e-06,2.2737367544323206e-13,-3.789773472817615e-08
4023,0.982177734375,0.1578660651049212,7.630826773506421e-06,2.2737367544323206e-13,-4.031846856378252e-08
4024,0.982421875,0.15786606599299044,7.631463573813287e-06,2.2737367544323206e-13,-4.273925924280775e-08
4025,0.982666015625,0.1578660668810597,7.632100374120153e-06,2.2737367544323206e-13,-4.516004992183298e-08
4026,0.98291015625,0.1578660677691289,7.63273717442702e-06,2.2737367544323206e-13,-4.758078375743935e-08
4027,0.9831542968750001,0.15786606865719813,7.633373974733886e-06,2.2737367544323206e-13,-5.000157443646458e-08
4028,0.9833984375,0.15786606954526736,7.63401077504075e-06,2.2737367544323206e-13,-5.242230827207095e-08
4029,0.983642578125,0.15786607043333659,7.634647575347617e-06,2.2737367544323206e-13,-5.484309895109618e-08
4030,0.98388671875,0.15786607132140582,7.635284375654483e-06,2.2737367544323206e-13,-5.726388963012141e-08
4031,0.984130859375,0.15786607220947502,7.63592117596135e-06,2.2737367544323206e-13,-5.968462346572778e-08
4032,0.9843750000000001,0.15786607309754425,7.636557976268152e-06,2.2737367544323206e-13,-6.210541414475301e-08
4033,0.984619140625,0.15786592323265178,7.522460796056748e-06,2.2737367544323206e-13,-9.960846796275291e-07
4034,0.98486328125,0.15786577336775934,7.408363615845277e-06,2.2737367544323206e-13,-1.9300638882668864e-06
4035,0.985107421875,0.15786562350286687,7.294266435633873e-06,2.2737367544323206e-13,-2.8640431537496625e-06
4036,0.9853515625,0.1578654736379744,7.180169255422405e-06,2.2737367544323206e-13,-3.7980223623890197e-06
4037,0.9855957031250001,0.15786532377308193,7.066072075210935e-06,2.2737367544323206e-13,-4.732001627871796e-06
4038,0.98583984375,0.15786517390818947,6.951974894999531e-06,2.2737367544323206e-13,-5.665980836511153e-06
4039,0.986083984375,0.15786502404329703,6.837877714788062e-06,2.2737367544323206e-13,-6.599960101993929e-06
4040,0.986328125,0.15786487417840456,6.723780534576658e-06,2.2737367544323206e-13,-7.533939310633286e-06
4041,0.986572265625,0.1578647243135121,6.609683354365189e-06,2.2737367544323206e-13,-8.467918576116062e-06
4042,0.9868164062500001,0.15786457444861962,6.495586174153719e-06,2.2737367544323206e-13,-9.40189778475542e-06
4043,0.987060546875,0.15786442458372715,6.381488993942315e-06,2.2737367544323206e-13,-1.0335877050238196e-05
4044,0.9873046875,0.1578642747188347,6.267391813730846e-06,2.2737367544323206e-13,-1.1269856258877553e-05
4045,0.987548828125,0.15786412485394224,6.153294633519442e-06,2.2737367544323206e-13,-1.2203835524360329e-05
4046,0.98779296875,0.15786397498904978,6.039197453307972e-06,2.2737367544323206e-13,-1.3137814732999686e-05
4047,0.9880371093750001,0.1578638251241573,5.925100273096502e-06,2.2737367544323206e-13,-1.4071793998482462e-05
4048,0.98828125,0.15786367525926484,5.811003092885098e-06,2.2737367544323206e-13,-1.500577320712182e-05
4049,0.988525390625,0.1578635253943724,5.69690591267363e-06,2.2737367544323206e-13,-1.5939752472604596e-05
4050,0.98876953125,0.15786337552947993,5.582808732462225e-06,2.2737367544323206e-13,-1.6873731681243953e-05
4051,0.989013671875,0.15786322566458746,5.468711552250756e-06,2.2737367544323206e-13,-1.780771094672673e-05
4052,0.9892578125000001,0.157863075799695,5.354614372039287e-06,2.2737367544323206e-13,-1.8741690155366086e-05
4053,0.989501953125,0.15786292593480253,5.240517191827882e-06,2.2737367544323206e-13,-1.9675669420848863e-05
4054,0.98974609375,0.1578627760699101,5.126420011616413e-06,2.2737367544323206e-13,-2.060964868633164e-05
4055,0.989990234375,0.1578626262050176,5.012322831405009e-06,2.2737367544323206e-13,-2.1543627894970996e-05
4056,0.990234375,0.15786247634012512,4.89822565119354e-06,2.2737367544323206e-13,-2.2477607160453772e-05
4057,0.9904785156250001,0.15786232647523266,4.78412847098207e-06,2.2737367544323206e-13,-2.341158636909313e-05
4058,0.99072265625,0.15783837366694337,-5.628173050423546e-06,2.2737367544323206e-13,-0.00012930756230389306
4059,0.990966796875,0.15777871644355873,-3.148778108364982e-05,2.2737367544323206e-13,-0.0003926465333847773
4060,0.9912109375,0.15771905922017418,-5.7347389116861384e-05,2.2737367544323206e-13,-0.0006559855044088181
4061,0.991455078125,0.15765940199678952,-8.320699715008765e-05,2.2737367544323206e-13,-0.0009193244754328589
4062,0.9916992187500001,0.15759974477340488,-0.00010906660518331393,2.2737367544323206e-13,-0.0011826634464568997
4063,0.991943359375,0.1575400875500203,-0.00013492621321652552,2.2737367544323206e-13,-0.0014460024174809405
4064,0.9921875,0.15748043032663567,-0.00016078582124975178,2.2737367544323206e-13,-0.0017093413885049813
4065,0.992431640625,0.15742077310325106,-0.00018664542928296336,2.2737367544323206e-13,-0.001972680359529022
4066,0.99267578125,0.15736111587986648,-0.00021250503731618965,2.2737367544323206e-13,-0.0022360193306099063
4067,0.9929199218750001,0.15730145865648182,-0.00023836464534941586,2.2737367544323206e-13,-0.002499358301633947
4068,0.9931640625,0.15724180143309727,-0.00026422425338262746,2.2737367544323206e-13,-0.002762697272657988
4069,0.993408203125,0.1571821442097126,-0.0002900838614158537,2.2737367544323206e-13,-0.0030260362436820287
4070,0.99365234375,0.157122486986328,-0.0003159434694490653,2.2737367544323206e-13,-0.0032893752147060695
4071,0.993896484375,0.1570628297629434,-0.00034180307748229153,2.8421709430404007e-13,-0.0035527141857301103
4072,0.9941406250000001,0.15700317253955878,-0.0003676626855155178,2.8421709430404007e-13,-0.003816053156754151
4073,0.994384765625,0.15694351531617418,-0.0003935222935487294,2.8421709430404007e-13,-0.004079392127778192
4074,0.99462890625,0.15688385809278957,-0.00041938190158195566,2.8421709430404007e-13,-0.004342731098859076
4075,0.994873046875,0.15682420086940496,-0.00044524150961516726,2.8421709430404007e-13,-0.004606070069883117
4076,0.9951171875,0.15676454364602035,-0.00047110111764839355,2.8421709430404007e-13,-0.004869409040907158
4077,0.9953613281250001,0.1567048864226357,-0.0004969607256816198,2.8421709430404007e-13,-0.0051327480119311986
4078,0.99560546875,0.1566452291992511,-0.0005228203337148314,2.8421709430404007e-13,-0.005396086982955239
4079,0.995849609375,0.1565855719758665,-0.0005486799417480576,2.8421709430404007e-13,-0.00565942595397928
4080,0.99609375,0.1565259147524819,-0.0005745395497812692,2.8421709430404007e-13,-0.005922764925003321
4081,0.996337890625,0.15646625752909726,-0.0006003991578144955,2.8421709430404007e-13,-0.006186103896084205
4082,0.9965820312500001,0.15640660030571266,-0.0006262587658477216,2.8421709430404007e-13,-0.006449442867108246
4083,0.996826171875,0.15634694308232805,-0.0006521183738809334,2.8421709430404007e-13,-0.006712781838132287
4084,0.9970703125,0.14656407341029964,-0.0006162096520196204,2.8421709430404007e-13,-0.03759260903029826
4085,0.997314453125,0.1343504006261121,-0.0005648588476846691,2.8421709430404007e-13,-0.07612655827773551
4086,0.99755859375,0.12213672784191752,-0.0005135080433496886,2.8421709430404007e-13,-0.1146605075252296
4087,0.9978027343750001,0.10992305505772301,-0.00046215723901470797,2.8421709430404007e-13,-0.1531944567727237
4088,0.998046875,0.09770938227353543,-0.0004108064346797567,2.8421709430404007e-13,-0.1917284060202178
4089,0.998291015625,0.08549570948934089,-0.00035945563034477617,2.8421709430404007e-13,-0.23026235526765504
4090,0.99853515625,0.0732820367051533,-0.0003081048260098248,2.8421709430404007e-13,-0.26879630451514913
4091,0.998779296875,0.06106836392095877,-0.00025675402167484425,2.8421709430404007e-13,-0.3073302537626432
4092,0.9990234375000001,0.04885469113676426,-0.00020540321733986377,2.8421709430404007e-13,-0.3458642030100805
4093,0.999267578125,0.036641018352576674,-0.00015405241300491234,2.8421709430404007e-13,-0.38439815225757457
4094,0.99951171875,0.02442734556838214,-0.00010270160866993179,2.8421709430404007e-13,-0.42293210150506866
4095,0.999755859375,0.012213672784194534,-5.1350804334980464e-05,2.8421709430404007e-13,-0.4614660507525059
4096,1.0,0.0,0.0,2.8421709430404007e-13,-0.5
