/*--------------------------------*- C++ -*----------------------------------*\
  =========                 |
  \\      /  F ield         | OpenFOAM: The Open Source CFD Toolbox
   \\    /   O peration     | Website:  https://openfoam.org
    \\  /    A nd           | Version:  13
     \\/     M anipulation  |
\*---------------------------------------------------------------------------*/
FoamFile
{
    format      ascii;
    class       volVectorField;
    location    "0.032778746640202423";
    object      U;
}
// * * * * * * * * * * * * * * * * * * * * * * * * * * * * * * * * * * * * * //

dimensions      [0 1 -1 0 0 0 0];

internalField   nonuniform List<vector> 
2133
(
(7.4768243797076835e-07 0.00057913515530436902 0)
(2.8618442403118536e-06 0.00036831111179611064 0)
(4.8697223310938071e-06 0.00012218300424695041 0)
(5.859378146816729e-06 2.3054265341493508e-05 -7.0554469787910423e-27)
(6.1711431419739318e-06 -4.4567623205181402e-06 8.1585029376687894e-28)
(6.2379848425331616e-06 -1.0537541373383923e-05 2.6067375349208571e-27)
(6.2543301790194071e-06 -1.1661195999612882e-05 2.9533307040406228e-27)
(6.262489393103314e-06 -1.1814839961893751e-05 0)
(6.2684835434897014e-06 -1.1796599107999525e-05 0)
(6.2738646160131304e-06 -1.174627190366256e-05 0)
(6.2791174740679238e-06 -1.168607633155448e-05 2.9766074942512252e-27)
(6.2843068957076463e-06 -1.1619351699343151e-05 2.9599094495270947e-27)
(6.2894251582958926e-06 -1.1546648372547669e-05 0)
(6.2944658038921995e-06 -1.1468135774226781e-05 0)
(6.2994241610259091e-06 -1.1383939249304747e-05 0)
(6.304295690231413e-06 -1.1294184373219502e-05 0)
(6.3090760747484854e-06 -1.1199002120239535e-05 0)
(6.3137613365099443e-06 -1.1098529009726676e-05 0)
(6.3183478531443674e-06 -1.0992906621481761e-05 0)
(6.3228323599997386e-06 -1.0882281029443477e-05 0)
(6.3272119520556453e-06 -1.0766802223272334e-05 0)
(6.3314840841758793e-06 -1.0646623528860179e-05 0)
(6.3356465692329948e-06 -1.0521901032689066e-05 0)
(6.3396975742239609e-06 -1.0392793013037774e-05 0)
(6.3436356144935792e-06 -1.0259459381883005e-05 0)
(6.3474595462378521e-06 -1.01220611401828e-05 0)
(6.3511685573967795e-06 -9.9807598487439933e-06 2.5453035905007893e-27)
(6.3547621571198251e-06 -9.8357171183950123e-06 2.5084436887420964e-27)
(6.3582401640169084e-06 -9.6870941204255077e-06 0)
(6.3616026933263022e-06 -9.5350511196257369e-06 0)
(6.3648501430177453e-06 -9.3797470318249739e-06 0)
(6.3679831791992e-06 -9.2213390063374659e-06 -2.3521835922736151e-27)
(6.3710027209224386e-06 -9.059982035631119e-06 -2.3111163324143563e-27)
(6.3739099244568134e-06 -8.8958285920248172e-06 0)
(6.37670616731392e-06 -8.7290282923218618e-06 0)
(6.3793930320657497e-06 -8.5597275907826287e-06 0)
(6.3819722901423169e-06 -8.3880695004278991e-06 0)
(6.3844458857119893e-06 -8.2141933421423734e-06 0)
(6.3868159198434443e-06 -8.038234521910611e-06 0)
(6.3890846349557669e-06 -7.8603243354354866e-06 0)
(6.3912543996424571e-06 -7.6805897993664516e-06 0)
(6.3933276940583031e-06 -7.4991535086404082e-06 0)
(6.3953070959575593e-06 -7.3161335188124502e-06 0)
(6.3971952674826294e-06 -7.1316432526598042e-06 0)
(6.3989949426167032e-06 -6.9457914299747068e-06 0)
(6.4007089156492794e-06 -6.7586820189778165e-06 0)
(6.4023400306986771e-06 -6.5704142090353069e-06 0)
(6.4038911721596517e-06 -6.3810824028994458e-06 0)
(6.4053652564128564e-06 -6.1907762274550248e-06 0)
(6.4067652248241972e-06 -5.9995805620221793e-06 0)
(6.4080940382398385e-06 -5.8075755824761552e-06 0)
(6.4093546732141056e-06 -5.6148368208439482e-06 0)
(6.4105501201292924e-06 -5.4214352385151159e-06 0)
(6.4116833835679486e-06 -5.2274373126669757e-06 0)
(6.4127574854083009e-06 -5.0329051345248495e-06 0)
(6.4137754711792338e-06 -4.8378965189001743e-06 0)
(6.4147404204929768e-06 -4.6424651239070247e-06 0)
(6.4156554626607626e-06 -4.4466605808792827e-06 0)
(6.4165237990266493e-06 -4.2505286335733594e-06 0)
(6.4173487341189034e-06 -4.0541112871638279e-06 0)
(6.4181337186306611e-06 -3.8574469673523296e-06 0)
(6.4188824086979952e-06 -3.6605706911118709e-06 0)
(6.4195987479827286e-06 -3.46351425184473e-06 0)
(6.4202870822102011e-06 -3.2663064238933704e-06 0)
(6.4209523207728048e-06 -3.0689731959333626e-06 0)
(6.4216001676243801e-06 -2.871538050155822e-06 0)
(6.4222374553323013e-06 -2.6740223200360842e-06 0)
(6.4228726331092496e-06 -2.4764456909928281e-06 0)
(6.4235164779453217e-06 -2.2788269768957087e-06 0)
(6.4241830811362632e-06 -2.0811854527252726e-06 0)
(6.424891080073447e-06 -1.8835433085210267e-06 0)
(6.4256654752834413e-06 -1.6859304689782153e-06 0)
(6.4265418519402732e-06 -1.4883954486984981e-06 0)
(6.4275652641016917e-06 -1.2910316771990545e-06 0)
(6.4287220887990151e-06 -1.0940215879538219e-06 0)
(6.4298229583779981e-06 -8.9765173191635394e-07 0)
(6.4312609778918367e-06 -7.0246115499416941e-07 0)
(6.4359963247955322e-06 -5.109012105809133e-07 1.2568496164515009e-28)
(6.4421082513736356e-06 -3.3011616519083637e-07 7.7008503658565096e-29)
(7.4919160534894475e-07 0.0005791301872591166 0)
(2.8690154087142668e-06 0.00036830322157201741 -2.3474471015846248e-25)
(4.8830293169689258e-06 0.00012217441809397788 -7.1419618561602644e-26)
(5.8791660916046175e-06 2.3045544730151371e-05 -7.0537704467863673e-27)
(6.1974079744798675e-06 -4.4654800595557447e-06 8.1752288605142402e-28)
(6.2706750724338293e-06 -1.0546214020508735e-05 2.6084006475437707e-27)
(6.2933918107318444e-06 -1.1669804091002825e-05 2.9549804595641708e-27)
(6.3078600677813806e-06 -1.1823370111835821e-05 -3.0072405228412418e-27)
(6.320091004827097e-06 -1.1805039735875654e-05 -3.0052944404837136e-27)
(6.3316272537562667e-06 -1.1754612163472109e-05 0)
(6.342944802267789e-06 -1.169430589059786e-05 2.9781772235738971e-27)
(6.3540999750621022e-06 -1.1627460721394057e-05 2.9614534521101565e-27)
(6.3650770482569822e-06 -1.1554627542748673e-05 0)
(6.3758620473689247e-06 -1.1475976328538521e-05 0)
(6.3864432951656894e-06 -1.1391633001430613e-05 0)
(6.3968097788979684e-06 -1.130172373740476e-05 0)
(6.4069512587495054e-06 -1.1206380129692637e-05 -2.8554770780689429e-27)
(6.4168583974058703e-06 -1.1105739330730104e-05 -5.6601179260661262e-27)
(6.4265227866172148e-06 -1.0999943562995421e-05 -2.8033147655004034e-27)
(6.4359369548376297e-06 -1.0889139548526736e-05 0)
(6.4450943708713005e-06 -1.0773477926352739e-05 0)
(6.4539894421317822e-06 -1.065311266901626e-05 0)
(6.4626175072317455e-06 -1.0528200503156721e-05 2.6838404023111829e-27)
(6.4709748232535409e-06 -1.0398900337187068e-05 2.6510457142790235e-27)
(6.4790585479790922e-06 -1.026537269996285e-05 0)
(6.4868667176262419e-06 -1.0127779192994459e-05 0)
(6.4943982203792716e-06 -9.9862819586187139e-06 2.5462937146128165e-27)
(6.5016527660950548e-06 -9.841043167677179e-06 2.509392189958251e-27)
(6.5086308528255305e-06 -9.6922245278246872e-06 0)
(6.5153337304687034e-06 -9.5399868147698911e-06 0)
(6.521763362004285e-06 -9.384489428240791e-06 0)
(6.5279223827318397e-06 -9.2258899734020255e-06 -2.3529685601297337e-27)
(6.5338140580106362e-06 -9.0643438693910205e-06 0)
(6.539442239868872e-06 -8.9000039854719505e-06 2.2700339535871273e-27)
(6.5448113228521742e-06 -8.7330203052246691e-06 0)
(6.5499261996330127e-06 -8.5635396194664162e-06 -2.1843694398364789e-27)
(6.5547922164444653e-06 -8.3917052473723571e-06 -2.140607317282607e-27)
(6.5594151288418339e-06 -8.2176567861132287e-06 0)
(6.5638010582462358e-06 -8.0415298884925895e-06 2.0514029770946189e-27)
(6.5679564492609898e-06 -7.8634560683402528e-06 2.0060295635038433e-27)
(6.5718880280956689e-06 -7.6835625326338157e-06 0)
(6.575602762399691e-06 -7.5019720398518452e-06 0)
(6.5791078226305915e-06 -7.3188027834079003e-06 0)
(6.5824105450572021e-06 -7.1341682996318905e-06 1.8201453059894253e-27)
(6.5855183966843197e-06 -6.9481773987030265e-06 1.7727258469623303e-27)
(6.5884389422453756e-06 -6.7609341178132007e-06 -1.7249825019897861e-27)
(6.5911798133011584e-06 -6.5725376954136572e-06 -1.6769408551348769e-27)
(6.5937486795543053e-06 -6.383082565226401e-06 1.6286252527398189e-27)
(6.5961532225490946e-06 -6.1926583688447771e-06 1.5800588056854325e-27)
(6.5984011118113395e-06 -6.0013499860228939e-06 0)
(6.6004999836327567e-06 -5.8092375809506536e-06 0)
(6.6024574226158554e-06 -5.6163966642036961e-06 0)
(6.6042809461399948e-06 -5.4228981686204181e-06 1.3837040413458511e-27)
(6.6059779920613114e-06 -5.2288085387012646e-06 2.6683749783677912e-27)
(6.6075559099255683e-06 -5.034189832343612e-06 0)
(6.6090219560805666e-06 -4.8390998345189144e-06 -1.2347568201016226e-27)
(6.6103832933835709e-06 -4.6435921819122505e-06 1.1848713391068169e-27)
(6.6116469962531453e-06 -4.4477164990338047e-06 2.2697794828598349e-27)
(6.6128200621534465e-06 -4.2515185453311997e-06 1.0848237278874784e-27)
(6.6139094311083392e-06 -4.0550403744698249e-06 2.0693680219688842e-27)
(6.6149220152385811e-06 -3.8583205071390031e-06 1.9689606970141178e-27)
(6.6158647412543813e-06 -3.6613941203354005e-06 0)
(6.6167446098499307e-06 -3.464293258115254e-06 0)
(6.6175687774090175e-06 -3.2670470718347001e-06 0)
(6.6183446670255484e-06 -3.0696821037172861e-06 -7.8318981503165872e-28)
(6.6190801176581993e-06 -2.8722226362424761e-06 0)
(6.6197835815690395e-06 -2.6746911452571181e-06 6.8234966451341728e-28)
(6.6204643780354633e-06 -2.4771089191964047e-06 6.31897765964198e-28)
(6.6211330013231564e-06 -2.2794969495921863e-06 5.8142883328567541e-28)
(6.6218014466035747e-06 -2.081877259578674e-06 0)
(6.6224834465104788e-06 -1.8842748955018638e-06 0)
(6.6231945106192388e-06 -1.6867208377978256e-06 -8.5986431399836669e-28)
(6.6239518494768158e-06 -1.48925659256853e-06 -3.7939841094766489e-28)
(6.6247717456210166e-06 -1.2919430153816719e-06 0)
(6.6256474199244169e-06 -1.094867888943347e-06 -2.7825252021338793e-28)
(6.6265039320192322e-06 -8.9809564191039714e-07 0)
(6.6273685119811167e-06 -7.0156509929822369e-07 0)
(6.6288793341799733e-06 -5.0576336639161338e-07 0)
(6.6298977065723247e-06 -3.1363240117990499e-07 0)
(7.5070453109064173e-07 0.0005791211470151218 0)
(2.876205450341764e-06 0.00036828926548446839 -4.6947604217578101e-25)
(4.8963718742731881e-06 0.00012215938910086792 -1.4282586434569199e-25)
(5.8990070834484575e-06 2.3030343353666081e-05 0)
(6.2237431985271006e-06 -4.4806503398543044e-06 0)
(6.3034527118158231e-06 -1.0561292519002616e-05 5.2234111499608345e-27)
(6.3325574663553166e-06 -1.1684760200989191e-05 5.9165154674634112e-27)
(6.3533509027472626e-06 -1.1838180525807389e-05 -3.0104846575516366e-27)
(6.3718342135833533e-06 -1.1819683391203757e-05 -3.0085004098537136e-27)
(6.3895406115661081e-06 -1.1769069112589902e-05 0)
(6.4069371489606363e-06 -1.1708557106631547e-05 0)
(6.4240716429806645e-06 -1.1641488115366271e-05 0)
(6.440920320213662e-06 -1.1568414019921928e-05 0)
(6.4574616474311032e-06 -1.1489505845744611e-05 0)
(6.473676905765262e-06 -1.1404890617755166e-05 0)
(6.4895485797064479e-06 -1.1314695656774504e-05 0)
(6.505060483306446e-06 -1.1219053734930102e-05 -2.8582261178247093e-27)
(6.5201979033426278e-06 -1.1118103209202739e-05 -5.6654716161881776e-27)
(6.5349476353350142e-06 -1.1011987523794739e-05 -2.8059170140041881e-27)
(6.5492979966180936e-06 -1.090085463146274e-05 0)
(6.5632388314979072e-06 -1.0784856402977055e-05 0)
(6.5767615072558231e-06 -1.0664148036023955e-05 0)
(6.5898589009041583e-06 -1.0538887468576791e-05 2.6861262234383075e-27)
(6.6025253771902173e-06 -1.0409234799759137e-05 2.6532493966253694e-27)
(6.6147567585411209e-06 -1.0275351722285344e-05 0)
(6.6265502875648329e-06 -1.0137400968871393e-05 0)
(6.6379045827125507e-06 -9.9955457752746394e-06 0)
(6.6488195879088221e-06 -9.8499493633645299e-06 0)
(6.659296516864611e-06 -9.7007744454094522e-06 0)
(6.6693377927992397e-06 -9.5481827518690788e-06 0)
(6.6789469842920907e-06 -9.3923345845536639e-06 0)
(6.6881287379691471e-06 -9.2333883956915676e-06 0)
(6.6968887087793867e-06 -9.0715003948203623e-06 2.3133281962695499e-27)
(6.70523348851029e-06 -8.9068241837159302e-06 2.2714229955557446e-27)
(6.7131705331361234e-06 -8.7395104199141499e-06 0)
(6.720708089752127e-06 -8.5697065094688404e-06 -2.1856084385666331e-27)
(6.7278551234257632e-06 -8.3975563281472201e-06 2.1417740204263722e-27)
(6.7346212445901756e-06 -8.2231999719384857e-06 4.1947398113691565e-27)
(6.7410166376174781e-06 -8.0467735355006668e-06 2.0524311287228685e-27)
(6.7470519907788111e-06 -7.8684089189326674e-06 2.006991651350574e-27)
(6.7527384280525091e-06 -7.6882336615179043e-06 0)
(6.7580874431490863e-06 -7.5063708019948098e-06 3.8294816457188076e-27)
(6.7631108360339216e-06 -7.3229387640744256e-06 3.7359833414796876e-27)
(6.7678206521143043e-06 -7.1380512667993631e-06 1.8208661616334081e-27)
(6.7722291244155759e-06 -6.9518172579921486e-06 1.7733923683644494e-27)
(6.7763486189393864e-06 -6.7643408699703581e-06 1.7255971246191587e-27)
(6.7801915832844815e-06 -6.5757213966500695e-06 1.6775060183440055e-27)
(6.7837704986782706e-06 -6.386053290408266e-06 1.6291433897074974e-27)
(6.7870978355460098e-06 -6.1954261777240628e-06 1.5805323339717176e-27)
(6.7901860126590944e-06 -6.0039248925493935e-06 0)
(6.7930473600181797e-06 -5.8116295258776996e-06 0)
(6.7956940855415332e-06 -5.6186154909935874e-06 0)
(6.7981382456295656e-06 -5.4249536030038914e-06 1.3840226969479425e-27)
(6.8003917198052728e-06 -5.2307101719704443e-06 2.6689461900935755e-27)
(6.8024661895502171e-06 -5.0359471087682518e-06 0)
(6.8043731215938724e-06 -4.840722043248775e-06 -1.2349827167145187e-27)
(6.8061237559593705e-06 -4.6450884540805262e-06 1.1850704315894807e-27)
(6.8077290992269505e-06 -4.4490958105780798e-06 2.2701279118569796e-27)
(6.8091999235731404e-06 -4.2527897268212708e-06 3.2549247041528269e-27)
(6.810546772289239e-06 -4.0562121291488936e-06 4.1392555353210894e-27)
(6.811779972716298e-06 -3.8594014390774524e-06 1.9691811123464085e-27)
(6.8129096576559883e-06 -3.6623927749843261e-06 0)
(6.8139457964169839e-06 -3.4652181781420249e-06 0)
(6.8148982365181831e-06 -3.2679068713609874e-06 0)
(6.8157767562112221e-06 -3.070485563646317e-06 -7.8323524965958894e-28)
(6.8165911259320107e-06 -2.8729788207830312e-06 0)
(6.8173511723079147e-06 -2.6754095327770326e-06 6.8236891005351692e-28)
(6.8180668287154459e-06 -2.4777995224854422e-06 6.3190480208132876e-28)
(6.8187481374789675e-06 -2.2801703621103185e-06 5.8142395790016806e-28)
(6.8194051350838867e-06 -2.0825444864330924e-06 0)
(6.8200475016777256e-06 -1.8849467110327693e-06 0)
(6.8206837786664447e-06 -1.68740626494258e-06 -8.5978506745890287e-28)
(6.8213196800686457e-06 -1.4899595453599554e-06 -3.793498010575981e-28)
(6.8219540064140317e-06 -1.2926542233871876e-06 0)
(6.8225696770224596e-06 -1.0955534952380778e-06 -2.7819897895459413e-28)
(6.8231267553281547e-06 -8.9872495814992873e-07 0)
(6.8235970842882531e-06 -7.0220398658732352e-07 3.5382082079095429e-28)
(6.8239397174999519e-06 -5.0614352810757535e-07 2.5198896855798643e-28)
(6.8231125076350626e-06 -3.113385244862268e-07 0)
(7.5222370757598515e-07 0.00057910802052790712 0)
(2.8834261891319184e-06 0.00036826922229243284 -2.3472797617114503e-25)
(4.909771897952608e-06 0.00012213789465105525 -7.1402897162497585e-26)
(5.9189335845352656e-06 2.3008638565752241e-05 0)
(6.250191730209684e-06 -4.5022954901245846e-06 0)
(6.3363709062854672e-06 -1.0582798727235916e-05 5.2333150461167943e-27)
(6.3718902603287459e-06 -1.1706085607293704e-05 5.9263351925545973e-27)
(6.3990346768636493e-06 -1.1859291804275428e-05 0)
(6.4237952645182969e-06 -1.1840549908538192e-05 0)
(6.4476957109339157e-06 -1.1789661737887187e-05 0)
(6.471194036056957e-06 -1.1728848044229136e-05 0)
(6.4943294617762886e-06 -1.1661450956469692e-05 0)
(6.5170700870327508e-06 -1.1588023830777719e-05 0)
(6.5393867517727146e-06 -1.1508739253081881e-05 0)
(6.5612536377390613e-06 -1.1423725883437341e-05 0)
(6.582646679459207e-06 -1.1333112740272199e-05 0)
(6.6035437082014678e-06 -1.1237034343044075e-05 0)
(6.6239246086750274e-06 -1.1135630833155259e-05 0)
(6.6437713643403697e-06 -1.1029047463768303e-05 0)
(6.663068075630844e-06 -1.0917434008902677e-05 0)
(6.681800966239477e-06 -1.0800944161044332e-05 0)
(6.6999583764141263e-06 -1.0679734928710095e-05 0)
(6.71753074333811e-06 -1.0553966039109328e-05 0)
(6.7345105693139394e-06 -1.0423799348873112e-05 0)
(6.7508923787217848e-06 -1.0289398267319546e-05 0)
(6.7666726646220812e-06 -1.0150927194253015e-05 0)
(6.7818498258858108e-06 -1.0008550975402031e-05 0)
(6.7964240959544966e-06 -9.8624343786913803e-06 0)
(6.8103974642412834e-06 -9.7127415926287088e-06 0)
(6.8237735912149941e-06 -9.5596357490561463e-06 0)
(6.8365577181137447e-06 -9.4032784722428995e-06 0)
(6.8487565723923999e-06 -9.2438294544604308e-06 0)
(6.8603782699021319e-06 -9.0814460605771231e-06 0)
(6.8714322146276829e-06 -8.9162829612190758e-06 0)
(6.8819289969385564e-06 -8.7484917953484297e-06 0)
(6.8918802912623073e-06 -8.5782208627833047e-06 0)
(6.9012987538862602e-06 -8.4056148457631174e-06 4.2870216832820572e-27)
(6.9101979214833999e-06 -8.2308145605011364e-06 4.1980027933219968e-27)
(6.9185921112531366e-06 -8.0539567371333742e-06 0)
(6.9264963232090443e-06 -7.8751738284877283e-06 0)
(6.9339261449690656e-06 -7.694593846247353e-06 -3.9248384824546851e-27)
(6.9408976597391404e-06 -7.512340224062762e-06 -9.79910143108136e-41)
(6.9474273576712031e-06 -7.3285317061429468e-06 3.7382922897402951e-27)
(6.9535320510393217e-06 -7.1432822609528472e-06 0)
(6.959228793494995e-06 -6.9567010184958267e-06 0)
(6.9645348035868161e-06 -6.7688922295939795e-06 3.4530162507786923e-27)
(6.9694673928489602e-06 -6.5799552470669669e-06 3.3566864370557991e-27)
(6.9740438984146983e-06 -6.3899845266079645e-06 0)
(6.9782816203274549e-06 -6.1990696466300272e-06 0)
(6.9821977636110617e-06 -6.0072953457900391e-06 0)
(6.9858093851692615e-06 -5.8147415769312378e-06 0)
(6.989133345487591e-06 -5.6214835766140887e-06 0)
(6.9921862651596718e-06 -5.4275919491430103e-06 0)
(6.9949844862643647e-06 -5.2331327641742768e-06 0)
(6.9975440385947546e-06 -5.0381676672048016e-06 0)
(6.9998806107404197e-06 -4.842754002524428e-06 0)
(7.0020095260426575e-06 -4.6469449480231108e-06 0)
(7.0039457234945189e-06 -4.450789662285178e-06 0)
(7.0057037435577621e-06 -4.2543334442376959e-06 2.1703969100539605e-27)
(7.0072977188199137e-06 -4.0576179064699579e-06 2.0700129541445116e-27)
(7.0087413693371809e-06 -3.8606811642264932e-06 0)
(7.0100480020805072e-06 -3.663558043000315e-06 1.8689037561164647e-27)
(7.0112305133650093e-06 -3.4662803097979213e-06 1.7682110155530534e-27)
(7.0123013918105972e-06 -3.2688769344382236e-06 0)
(7.013272717451352e-06 -3.0713743917738111e-06 0)
(7.0141561483906214e-06 -2.8737970180197862e-06 0)
(7.0149628798104838e-06 -2.676167441753013e-06 0)
(7.0157035486612119e-06 -2.4785071138933567e-06 0)
(7.0163880372952553e-06 -2.280836969434727e-06 0)
(7.0170250974913297e-06 -2.0831782550720984e-06 0)
(7.0176216677315386e-06 -1.8855535543287401e-06 0)
(7.0181816762177476e-06 -1.6879880292149251e-06 0)
(7.0187038928830873e-06 -1.490510867677859e-06 0)
(7.0191778094011573e-06 -1.2931567313095389e-06 0)
(7.0195767591689447e-06 -1.0959661341143089e-06 0)
(7.01985377245084e-06 -8.9898230599676134e-07 0)
(7.0199511373266208e-06 -7.0224815227333647e-07 3.5387220691958095e-28)
(7.0197479322012598e-06 -5.0583720820096933e-07 2.5245282646176901e-28)
(7.0186566259682687e-06 -3.098516116411149e-07 0)
(7.537516573844068e-07 0.00057909078700177754 0)
(2.8906895969551305e-06 0.00036824306073056238 0)
(4.9232515589770201e-06 0.00012210990153603898 0)
(5.9389784658566708e-06 2.2980397155934686e-05 0)
(6.2767970243588845e-06 -4.5304482316989623e-06 0)
(6.3694834654078593e-06 -1.0610764661049284e-05 0)
(6.4114540904350959e-06 -1.1733811460283575e-05 0)
(6.4449850649707855e-06 -1.1886734090014709e-05 0)
(6.4760572534616613e-06 -1.1867668291939765e-05 0)
(6.5061846710810014e-06 -1.1816417783780586e-05 0)
(6.5358161707260692e-06 -1.1755205077870672e-05 -5.984361746037728e-27)
(6.5649822570242219e-06 -1.1687374150218034e-05 -5.9504450614472613e-27)
(6.5936427928428673e-06 -1.1613480324686006e-05 0)
(6.621760897029297e-06 -1.1533698268789371e-05 0)
(6.6493035721704034e-06 -1.1448158823183601e-05 0)
(6.676240137822308e-06 -1.135699326928872e-05 0)
(6.7025423922928365e-06 -1.1260338454980024e-05 0)
(6.7281847827482751e-06 -1.115833689844535e-05 0)
(6.7531444595667542e-06 -1.1051136261256491e-05 0)
(6.7774012993104023e-06 -1.0938888741054931e-05 0)
(6.8009379116082497e-06 -1.0821750453329662e-05 0)
(6.8237396290878797e-06 -1.0699880813830991e-05 0)
(6.8457944805795027e-06 -1.0573441926906828e-05 0)
(6.8670931487354872e-06 -1.0442597982841527e-05 0)
(6.8876289130301883e-06 -1.0307514668694527e-05 0)
(6.9073975794707749e-06 -1.0168358594946532e-05 0)
(6.9263973982754953e-06 -1.0025296740606811e-05 0)
(6.9446289706757487e-06 -9.8784959206047468e-06 0)
(6.9620951463985804e-06 -9.7281222763554455e-06 0)
(6.978800913075974e-06 -9.5743407918992748e-06 0)
(6.9947532788423578e-06 -9.4173148375694771e-06 0)
(7.0099611495613721e-06 -9.2572057412168892e-06 0)
(7.0244352019329011e-06 -9.0941723896434653e-06 0)
(7.0381877535853342e-06 -8.9283708596023186e-06 0)
(7.0512326314117654e-06 -8.759954079227286e-06 0)
(7.0635850392091774e-06 -8.5890715202225432e-06 0)
(7.075261425622271e-06 -8.4158689202803731e-06 0)
(7.0862793532127003e-06 -8.240488035705016e-06 0)
(7.0966573696292227e-06 -8.0630664237646435e-06 0)
(7.1064148816212084e-06 -7.8837372540519285e-06 0)
(7.1155720324195171e-06 -7.7026291479602411e-06 -3.9283746655731368e-27)
(7.1241495831879643e-06 -7.5198660455134834e-06 -3.8352585061032769e-27)
(7.1321687989822725e-06 -7.335567098261565e-06 0)
(7.1396513396325576e-06 -7.1498465873170006e-06 0)
(7.1466191557580026e-06 -6.9628138654848631e-06 -3.5513752667209024e-27)
(7.1530943903676076e-06 -6.7745733215781436e-06 -3.4554236499672762e-27)
(7.1590992862450212e-06 -6.5852243666912108e-06 0)
(7.1646560990372367e-06 -6.3948614403463343e-06 0)
(7.1697870162812648e-06 -6.2035740356693806e-06 0)
(7.1745140823219349e-06 -6.0114467422314603e-06 0)
(7.1788591291887048e-06 -5.8185593054034068e-06 0)
(7.1828437133291677e-06 -5.6249867011416877e-06 0)
(7.1864890580638015e-06 -5.4307992253301809e-06 0)
(7.189816001699186e-06 -5.2360625965690452e-06 -2.6708968142514428e-27)
(7.1928449511459464e-06 -5.0408380718050648e-06 -2.5713147671192117e-27)
(7.1955958407551599e-06 -4.8451825742524e-06 0)
(7.1980880961855474e-06 -4.6491488330168243e-06 0)
(7.2003406029917053e-06 -4.4527855348513759e-06 0)
(7.202371679348029e-06 -4.2561374879942862e-06 0)
(7.2041990522499433e-06 -4.0592457990810092e-06 0)
(7.2058398360986927e-06 -3.8621480646740956e-06 0)
(7.2073105119663902e-06 -3.6648785794375185e-06 1.8692680456343668e-27)
(7.2086269048569738e-06 -3.4674685648084228e-06 1.7685143613243922e-27)
(7.2098041544412546e-06 -3.2699464219522547e-06 0)
(7.2108566725094126e-06 -3.0723380162965594e-06 0)
(7.2117980758357082e-06 -2.8746669999174366e-06 0)
(7.2126410763914865e-06 -2.6769551819134673e-06 0)
(7.2133973010072918e-06 -2.4792229548114088e-06 0)
(7.214076996216079e-06 -2.2814897834587615e-06 0)
(7.2146885500066652e-06 -2.0837747527905203e-06 0)
(7.2152377272890688e-06 -1.8860971500346458e-06 0)
(7.2157264651122539e-06 -1.6884770157516754e-06 0)
(7.2161509783197544e-06 -1.4909355157258045e-06 0)
(7.2164987437171392e-06 -1.2934947333038833e-06 0)
(7.2167441225485348e-06 -1.0961758103593015e-06 0)
(7.2168448237581882e-06 -8.989941465488579e-07 0)
(7.2167424772514465e-06 -7.0195525211320447e-07 0)
(7.216336987189983e-06 -5.0506069572823719e-07 0)
(7.2153540490114985e-06 -3.0826204234280263e-07 0)
(7.5529094598315058e-07 0.00057906941879082774 0)
(2.8980078534228579e-06 0.00036821073936004216 0)
(4.9368334147099239e-06 0.00012207536579775027 0)
(5.959175170206903e-06 2.294557519332656e-05 0)
(6.3036032890192535e-06 -4.5651518302626665e-06 0)
(6.4028451265861726e-06 -1.0645232639383706e-05 -2.631536465737424e-27)
(6.4513139487708937e-06 -1.1767978921219819e-05 2.9779181709300615e-27)
(6.491276993156446e-06 -1.1920547197867199e-05 6.0598853400908744e-27)
(6.5287046736813857e-06 -1.1901076835249035e-05 3.0277259191721094e-27)
(6.5651011431239231e-06 -1.1849373862136685e-05 3.0152973642744602e-27)
(6.6009059137655335e-06 -1.1787662990707977e-05 -5.9999369658507387e-27)
(6.6361406161428443e-06 -1.1719290519448976e-05 -5.9657565691248915e-27)
(6.6707567377914555e-06 -1.1644814248492044e-05 0)
(6.7047095555483382e-06 -1.156441146451931e-05 0)
(6.7379587908307313e-06 -1.1478215751043234e-05 0)
(6.7704670653757829e-06 -1.1386361234870551e-05 0)
(6.8022000809080203e-06 -1.1288987690303166e-05 0)
(6.8331268025233438e-06 -1.1186240621423154e-05 0)
(6.8632195217063643e-06 -1.107827071399164e-05 0)
(6.8924538835203257e-06 -1.0965233207441786e-05 -2.792905483970052e-27)
(6.9208088933844952e-06 -1.0847287256654366e-05 -2.7630689743724401e-27)
(6.9482669027519226e-06 -1.0724595295312713e-05 0)
(6.9748135742006062e-06 -1.0597322406141742e-05 5.3995488987701869e-27)
(7.0004378272681512e-06 -1.0465635701597589e-05 5.332802656209236e-27)
(7.0251317664470633e-06 -1.0329703718989167e-05 -2.6319349901260918e-27)
(7.0488905926960054e-06 -1.0189695833059597e-05 -2.5964187918353497e-27)
(7.0717125002296692e-06 -1.0045781688450183e-05 0)
(7.0935985601998337e-06 -9.89813065583912e-06 0)
(7.1145525928441323e-06 -9.7469113128369297e-06 2.4840051660012515e-27)
(7.1345810298916351e-06 -9.5922909519407279e-06 0)
(7.1536927687513121e-06 -9.4344351174996394e-06 -2.4046062190287152e-27)
(7.1718990202411953e-06 -9.2735071716706113e-06 0)
(7.189213151425876e-06 -9.1096678919747637e-06 2.3220367984660295e-27)
(7.2056505248928557e-06 -8.9430750997210067e-06 2.2796658814159025e-27)
(7.2212283361201727e-06 -8.7738833202663635e-06 -2.2366240510783962e-27)
(7.2359654500809963e-06 -8.6022434746992371e-06 -2.1929501022374498e-27)
(7.2498822383611714e-06 -8.4283026037003316e-06 -4.2973636861743249e-27)
(7.2630004179932333e-06 -8.252203621545589e-06 -2.1038560295668318e-27)
(7.2753428929025049e-06 -8.0740851015439175e-06 0)
(7.2869335989659426e-06 -7.8940810908228783e-06 -2.0126731731358344e-27)
(7.2977973534252832e-06 -7.7123209540466768e-06 0)
(7.3079597093444464e-06 -7.5289292450080478e-06 3.8393451721024744e-27)
(7.3174468157262966e-06 -7.344025604820916e-06 5.6177099761873014e-27)
(7.3262852837167683e-06 -7.1577246857669008e-06 0)
(7.3345020592202622e-06 -6.9701360991156193e-06 -5.3319233197377069e-27)
(7.3421243023805599e-06 -6.78136438600138e-06 -3.4584065706357604e-27)
(7.3491792740574109e-06 -6.5915090099181823e-06 0)
(7.3556942293679637e-06 -6.4006643694208172e-06 1.6321755938019076e-27)
(7.3616963183590257e-06 -6.2089198297740939e-06 0)
(7.367212493832513e-06 -6.0163597723486962e-06 0)
(7.3722694262537833e-06 -5.8230636603768078e-06 1.4849323657922756e-27)
(7.3768934255590636e-06 -5.6291061200651074e-06 0)
(7.3811103697128123e-06 -5.434557036066044e-06 1.3858743420851843e-27)
(7.3849456397320358e-06 -5.2394816601767211e-06 -2.6722609010287752e-27)
(7.3884240608681036e-06 -5.043940732666886e-06 -2.5725288961934502e-27)
(7.3915698495202687e-06 -4.8479906153366282e-06 -1.2362907449077856e-27)
(7.3944065654315979e-06 -4.6516834360609469e-06 -2.3724452622645077e-27)
(7.3969570684945404e-06 -4.4550672446460872e-06 0)
(7.3992434792714072e-06 -4.2581861799306437e-06 -1.0858509326665416e-27)
(7.4012871420635494e-06 -4.0610806486310735e-06 -3.1067058950336032e-27)
(7.4031085888753744e-06 -3.8637875168881549e-06 -1.9704691153338597e-27)
(7.4047275018381757e-06 -3.666340315537883e-06 0)
(7.406162670721317e-06 -3.4687694612499376e-06 -8.8444299133203585e-28)
(7.4074319401898106e-06 -3.2711024953608205e-06 -8.3399920174067507e-28)
(7.4085521393975496e-06 -3.0733643434011362e-06 0)
(7.409538982708173e-06 -2.8755775966797436e-06 0)
(7.4104069248869379e-06 -2.6777628175754421e-06 0)
(7.4111689470916316e-06 -2.4799388653454476e-06 -6.3202462911434701e-28)
(7.4118362392497601e-06 -2.2821232326139741e-06 -5.8149911409907196e-28)
(7.4124177307859018e-06 -2.0843323682868746e-06 -1.0619309446352177e-27)
(7.412919404593219e-06 -1.8865819366203997e-06 0)
(7.4133433103522171e-06 -1.6888869164109696e-06 8.5975528369346494e-28)
(7.4136861752954732e-06 -1.4912613662018444e-06 -3.7932386675553944e-28)
(7.4139375156225998e-06 -1.2937175255917526e-06 -3.2876291514511397e-28)
(7.4140773507177885e-06 -1.0962636127820167e-06 0)
(7.4140743501251426e-06 -8.9889956068874364e-07 0)
(7.4138846503855451e-06 -7.0161181917348683e-07 -5.3106325389097105e-28)
(7.4134412865769405e-06 -5.0436977479199956e-07 -5.0567269955400162e-28)
(7.4126231198450582e-06 -3.0709701345091202e-07 -2.2750960009225796e-28)
(7.5684419463614611e-07 0.00057904388126325096 0)
(2.9053934074414868e-06 0.00036817220636674677 0)
(4.9505405228730891e-06 0.00012203423251605867 0)
(5.9795578804510544e-06 2.2904117816615801e-05 7.0203005376420104e-27)
(6.3306557065894751e-06 -4.6064602996025826e-06 -8.5083526135404756e-28)
(6.4365118270276767e-06 -1.0686255479610641e-05 -5.2829743109594652e-27)
(6.4915362420666983e-06 -1.1808639347442191e-05 2.987781944233267e-27)
(6.5379870046638322e-06 -1.1960780788248862e-05 9.1191106176838935e-27)
(6.5818238241320773e-06 -1.1940823282650055e-05 6.0747374174974149e-27)
(6.6245407570005093e-06 -1.1888575598641994e-05 6.0496151181236902e-27)
(6.6665677614012371e-06 -1.1826265105831244e-05 0)
(6.7079174010106469e-06 -1.1757240919802677e-05 -2.9920824240484341e-27)
(6.7485326171963227e-06 -1.1682063845643442e-05 -2.9732460963879372e-27)
(6.78836069676355e-06 -1.1600914347689814e-05 0)
(6.8273539554039881e-06 -1.1513929335866676e-05 0)
(6.8654682162719726e-06 -1.1421246386263681e-05 0)
(6.902663007606635e-06 -1.1323008819049715e-05 0)
(6.9389017591808109e-06 -1.1219365754481247e-05 0)
(6.974151873522269e-06 -1.1110471538887964e-05 -2.8292658282781227e-27)
(7.008384756617193e-06 -1.0996485091613223e-05 -5.6009143406148088e-27)
(7.0415758236848995e-06 -1.0877569242333708e-05 -8.311141514783879e-27)
(7.0737044795003233e-06 -1.0753890071334504e-05 -5.4781564352257712e-27)
(7.1047540741380471e-06 -1.062561625781022e-05 5.4131867831666703e-27)
(7.1347118356397203e-06 -1.0492918440337416e-05 8.0189089271237813e-27)
(7.1635687814006073e-06 -1.0355968593116505e-05 4.6558821835639062e-58)
(7.1913196099936912e-06 -1.0214939421415926e-05 -2.2866239606396107e-58)
(7.2179625754973621e-06 -1.0070003779066143e-05 2.5657056443300801e-27)
(7.2434993462830625e-06 -9.921334110914237e-06 -2.5279674656715027e-27)
(7.2679348501939971e-06 -9.7691019222461649e-06 -2.4893109643147319e-27)
(7.2912771083021429e-06 -9.6134772769920193e-06 -4.8995595102426681e-27)
(7.3135370590671437e-06 -9.4546283267585948e-06 -7.2282509442581404e-27)
(7.3347283750119452e-06 -9.2927208706259214e-06 -4.736530398676302e-27)
(7.3548672737735925e-06 -9.1279179482010744e-06 0)
(7.3739723251637725e-06 -8.9603794651314283e-06 -2.2837612736255849e-27)
(7.3920642562353276e-06 -8.7902618521501997e-06 -4.4809807924817598e-27)
(7.4091657556246475e-06 -8.6177177564781866e-06 -3.6580619745678198e-41)
(7.4253012787538717e-06 -8.4428957673316766e-06 -4.3042138071611756e-27)
(7.4404968553643219e-06 -8.2659401721577687e-06 -2.1070695921136648e-27)
(7.4547799003469681e-06 -8.0869907457041559e-06 0)
(7.4681790290769182e-06 -7.9061825692139313e-06 -2.0154835472216271e-27)
(7.4807238781366576e-06 -7.7236458794245695e-06 1.9690030759030524e-27)
(7.4924449322589994e-06 -7.5395059460179687e-06 5.7663231404418463e-27)
(7.5033733580913467e-06 -7.3538829762972206e-06 3.7496567973895593e-27)
(7.5135408452924474e-06 -7.1668920461442972e-06 -3.6543895056168313e-27)
(7.5229794555157197e-06 -6.9786430548423362e-06 -5.33770519741776e-27)
(7.5317214795548912e-06 -6.7892407037648234e-06 -3.4619525801314357e-27)
(7.5397993028002628e-06 -6.5987844964656088e-06 -1.6824440388308943e-27)
(7.5472452791225461e-06 -6.4073687592170477e-06 3.2673251802143833e-27)
(7.5540916132721426e-06 -6.2150826803768219e-06 -1.5846548950264236e-27)
(7.5603702516754819e-06 -6.0220103675766432e-06 -1.5354425909255341e-27)
(7.5661127814663865e-06 -5.8282309209555784e-06 1.7312752726204627e-41)
(7.5713503376350492e-06 -5.6338185217122242e-06 -1.4364842401061803e-27)
(7.5761135179088553e-06 -5.4388425345752479e-06 4.1603252045429268e-27)
(7.5804323050388052e-06 -5.2433676232443415e-06 0)
(7.5843359959657274e-06 -5.0474538779481998e-06 0)
(7.5878531373584046e-06 -4.8511569541357639e-06 0)
(7.5910114668650634e-06 -4.6545282220509873e-06 -3.5603351184714743e-27)
(7.5938378591000492e-06 -4.4576149265572711e-06 -2.2731150892849984e-27)
(7.5963582753056579e-06 -4.2604603570219892e-06 -2.1725430575924347e-27)
(7.5985977152001105e-06 -4.0631040271993369e-06 -4.14372091942307e-27)
(7.6005801690831203e-06 -3.8655818655002327e-06 -2.9566276928454043e-27)
(7.6023285675060827e-06 -3.6679264155960159e-06 -9.3511649812235416e-28)
(7.6038647248898925e-06 -3.4701670482170502e-06 -8.846590842157609e-28)
(7.6052092721333376e-06 -3.2723301838253035e-06 0)
(7.6063815711211231e-06 -3.0744395265117749e-06 7.8367408295646535e-28)
(7.6073996016318154e-06 -2.8765163064305239e-06 7.3315637028901541e-28)
(7.6082798077024772e-06 -2.6785795274567884e-06 6.8262713327123385e-28)
(7.6090368859438702e-06 -2.480646210330232e-06 -3.0446491725963496e-42)
(7.6096834932358372e-06 -2.2827316141733575e-06 -5.8154558023795463e-28)
(7.6102298459382509e-06 -2.0848494052308574e-06 -5.309973416354437e-28)
(7.6106831790512208e-06 -1.8870117195248777e-06 6.0865223030585129e-42)
(7.6110470354011744e-06 -1.6892290314336116e-06 4.2989164892594382e-28)
(7.6113203690927103e-06 -1.4915096883877486e-06 -1.1380048489484806e-27)
(7.6114964973676515e-06 -1.293858895103901e-06 -6.5755107874474277e-28)
(7.6115620886109901e-06 -1.0962768337172772e-06 -2.7821301421980947e-28)
(7.611496621538825e-06 -8.9875562662801336e-07 -2.2764696259255893e-28)
(7.611272275282808e-06 -7.012753562575584e-07 -3.5415566345622545e-28)
(7.6108518189953804e-06 -5.0379889433227986e-07 -5.0604331637011046e-28)
(7.610188681857351e-06 -3.0625566007599773e-07 -2.2789014460853046e-28)
(7.5841409399594007e-07 0.00057901413263018405 0)
(2.9128590413156778e-06 0.00036812739930695718 1.173269112334891e-25)
(4.9643965598355101e-06 0.00012198643554112108 7.1328857809544542e-26)
(6.000161694265671e-06 2.2855958969519395e-05 1.4017025107781468e-26)
(6.3580006636409366e-06 -4.6544386580807859e-06 -8.6256295019145701e-28)
(6.4705409863937106e-06 -1.0733896743266024e-05 -2.6531323686504067e-27)
(6.5321891245071278e-06 -1.1855854525248843e-05 0)
(6.5851936397757293e-06 -1.2007494585234621e-05 3.0511247433498735e-27)
(6.6355032330233472e-06 -1.1986965030243481e-05 3.0486506719807728e-27)
(6.6846015849275182e-06 -1.193407781651399e-05 3.0359331971083712e-27)
(6.7329088444879806e-06 -1.1871063450875459e-05 0)
(6.7804282787123892e-06 -1.1801274384203068e-05 -3.0028473321441173e-27)
(6.8270940794185584e-06 -1.1725274979891419e-05 -2.9838083240542926e-27)
(6.8728453676163041e-06 -1.1643249463956403e-05 0)
(6.9176269058288608e-06 -1.1555338682351404e-05 0)
(6.9613875998924563e-06 -1.1461684290607062e-05 0)
(7.0040807145810618e-06 -1.1362433800358666e-05 -2.8925393150771556e-27)
(7.0456640828072792e-06 -1.1257740604097481e-05 -5.7322591559519e-27)
(7.0861001845279849e-06 -1.114776337022415e-05 -5.6767228909720494e-27)
(7.1253561800506435e-06 -1.1032665360339003e-05 -2.8092765014582629e-27)
(7.1634039136267781e-06 -1.0912613737432801e-05 -5.5578347286897549e-27)
(7.2002198871561293e-06 -1.078777887886103e-05 -5.4946550208580283e-27)
(7.2357852049888004e-06 -1.0658333698734637e-05 0)
(7.2700854917465673e-06 -1.052445298441258e-05 2.6806327996062802e-27)
(7.3031107852397078e-06 -1.0386312750554694e-05 0)
(7.3348554067109242e-06 -1.0244089614645307e-05 0)
(7.3653178107290637e-06 -1.0097960196556272e-05 2.5724774780206675e-27)
(7.3945004170133029e-06 -9.948100545324037e-06 -2.5344428257607286e-27)
(7.4224094266614772e-06 -9.7946855951402584e-06 -4.9909833207041115e-27)
(7.4490546252583861e-06 -9.6378886522912417e-06 -4.9113368458846857e-27)
(7.4744491750647524e-06 -9.4778809150785139e-06 -4.8300340667898895e-27)
(7.4986093987321169e-06 -9.3148310266294732e-06 -4.7471615456854208e-27)
(7.5215545567849505e-06 -9.1489046629170571e-06 -4.6628043536520784e-27)
(7.54330662083499e-06 -8.9802641551623507e-06 -6.8655688097503416e-27)
(7.5638900446135301e-06 -8.8090681475193488e-06 -2.2449838093140173e-27)
(7.5833315347319764e-06 -8.6354712889365107e-06 2.2008245376194184e-27)
(7.6016598226598164e-06 -8.4596239602394604e-06 0)
(7.6189054396147849e-06 -8.2816720337443602e-06 0)
(7.635100495828143e-06 -8.1017566666497025e-06 0)
(7.6502784651940082e-06 -7.9200141257054631e-06 0)
(7.6644739765348358e-06 -7.7365756426023701e-06 1.9720376636965076e-27)
(7.6777226123009725e-06 -7.5515672985692803e-06 1.924927334448247e-27)
(7.6900607154653457e-06 -7.3651099368832788e-06 -1.8774416835918946e-27)
(7.7015252051537913e-06 -7.1773191021117939e-06 -3.6592208989167967e-27)
(7.7121534015949647e-06 -6.9883050036225482e-06 -3.5629239966346839e-27)
(7.7219828607322219e-06 -6.7981725032529048e-06 -3.4660466407920862e-27)
(7.7310512185637812e-06 -6.6070211245304175e-06 -1.6843200307188026e-27)
(7.7393960453888837e-06 -6.4149450823365059e-06 1.6353763752291191e-27)
(7.7470547099304901e-06 -6.222033331426231e-06 -1.5862152415853303e-27)
(7.7540642532314321e-06 -6.0283696325813091e-06 -1.5368581745518412e-27)
(7.7604612721134132e-06 -5.8340326346185763e-06 -1.4873253949964912e-27)
(7.766281811921548e-06 -5.6390959714378955e-06 -1.4376358227922994e-27)
(7.7715612681255573e-06 -5.4436283725143632e-06 2.7756142052319998e-27)
(7.7763342963118355e-06 -5.247693786006079e-06 -2.5481820750624656e-42)
(7.780634729970088e-06 -5.0513515131618758e-06 0)
(7.7844955054159854e-06 -4.8546563533965053e-06 1.2376439958656826e-27)
(7.7879485929945358e-06 -4.6576587591781009e-06 0)
(7.7910249335004467e-06 -4.4604050000804775e-06 -1.1371084080209435e-27)
(7.7937543785736329e-06 -4.2629373354711569e-06 -1.0867478384845506e-27)
(7.7961656334978853e-06 -4.0652941953069038e-06 -1.0363386152766748e-27)
(7.798286200364559e-06 -3.8675103689355735e-06 -9.8588938376296712e-28)
(7.8001423190114053e-06 -3.669617200826634e-06 -9.3540783539480603e-28)
(7.8017589023483649e-06 -3.4716427933304276e-06 0)
(7.8031594617518251e-06 -3.2736122143832773e-06 8.3437402686401627e-28)
(7.804366016737945e-06 -3.0755477088754741e-06 7.8383274501961198e-28)
(7.8053989817355442e-06 -2.8774689086562293e-06 7.3328118585727559e-28)
(7.8062770209635917e-06 -2.6793930353320614e-06 6.8272288578245938e-28)
(7.8070168603505418e-06 -2.4813350836720645e-06 6.3216067954001009e-28)
(7.8076330443259811e-06 -2.2833079672150227e-06 0)
(7.8081376254088571e-06 -2.0853225964367145e-06 5.3103267659754989e-28)
(7.808539778339329e-06 -1.8873878443912247e-06 4.9639210768653714e-42)
(7.8088453414214528e-06 -1.6895103333092174e-06 -2.4817673140384615e-42)
(7.8090563116313537e-06 -1.4916939485028285e-06 -3.7934784259774175e-28)
(7.809170370422481e-06 -1.2939389554223361e-06 -3.287895278528208e-28)
(7.8091806196181704e-06 -1.0962405776023699e-06 -2.782328011939474e-28)
(7.8090758286927098e-06 -8.9858695113511134e-07 -2.2767788638019987e-28)
(7.8088413852302568e-06 -7.009565274260328e-07 1.7712616704813793e-28)
(7.8084609875143869e-06 -5.0331454605792768e-07 0)
(7.8079233613692206e-06 -3.0560572478203883e-07 0)
(7.6000341818627741e-07 0.00057898012373731227 0)
(2.9204179377775667e-06 0.00036807624479776019 1.1731331800841672e-25)
(4.9784259444660661e-06 0.0001219318971678263 1.0695257936892938e-25)
(6.0210228070909721e-06 2.2801021079268411e-05 1.3989975445415303e-26)
(6.385685991433344e-06 -4.7091632401834718e-06 0)
(6.5049918024737016e-06 -1.0788231034351649e-05 0)
(6.5733428458461204e-06 -1.1909696952431947e-05 0)
(6.6329778330750584e-06 -1.2060758640959208e-05 -3.0642239929534575e-27)
(6.6898341003935361e-06 -1.20395693702392e-05 -3.0615888364309029e-27)
(6.7453846253166254e-06 -1.1985944758748065e-05 0)
(6.8000394495263314e-06 -1.1922118956860117e-05 0)
(6.8537922749971001e-06 -1.1851448297062279e-05 0)
(6.9065683070416533e-06 -1.1774501284042028e-05 0)
(6.9582982966003716e-06 -1.1691466520012968e-05 0)
(7.0089192823202041e-06 -1.1602489427684453e-05 0)
(7.0583731159623709e-06 -1.1507716403486508e-05 0)
(7.1066066960444858e-06 -1.1407299827326516e-05 -2.9035627338269598e-27)
(7.1535721894360231e-06 -1.1301398050621985e-05 -5.7537041681444076e-27)
(7.1992271171925183e-06 -1.1190174755300589e-05 -2.8487734404733091e-27)
(7.2435343893785715e-06 -1.1073798236216323e-05 0)
(7.2864623051268936e-06 -1.0952440675635708e-05 0)
(7.327984518085452e-06 -1.0826277424225685e-05 0)
(7.3680799683969738e-06 -1.069548629344496e-05 0)
(7.4067327836232212e-06 -1.0560246864147082e-05 -2.6893927482016741e-27)
(7.4439321510203841e-06 -1.0420739815084918e-05 -5.3080719138854602e-27)
(7.4796721639334808e-06 -1.0277146275438568e-05 -2.617626519093674e-27)
(7.5139516448122122e-06 -1.0129647203647106e-05 0)
(7.5467739476914067e-06 -9.9784227964340376e-06 0)
(7.5781467431200578e-06 -9.8236519293944887e-06 -2.502544637519479e-27)
(7.6080817882342839e-06 -9.6655116312207067e-06 -2.4623855005101596e-27)
(7.636594684666546e-06 -9.5041765933874071e-06 0)
(7.6637046271079848e-06 -9.3398187152212587e-06 0)
(7.6894341451106768e-06 -9.1726066864906125e-06 -2.3371391053399372e-27)
(7.7138088404370618e-06 -9.0027056065906187e-06 -4.5878897995247332e-27)
(7.7368571223043217e-06 -8.8302766409743699e-06 -2.2500978098278686e-27)
(7.7586099427615635e-06 -8.6554767139734815e-06 0)
(7.7791005339292255e-06 -8.4784582380722847e-06 0)
(7.7983641489465014e-06 -8.2993688777690756e-06 0)
(7.8164378083528656e-06 -8.1183513483054835e-06 0)
(7.8333600530582954e-06 -7.9355432469918257e-06 0)
(7.8491707051880838e-06 -7.7510769162468422e-06 0)
(7.8639106378176457e-06 -7.5650793367387764e-06 0)
(7.8776215544241126e-06 -7.3776720492101762e-06 0)
(7.89034577853985e-06 -7.1889711033766857e-06 0)
(7.9021260543582441e-06 -6.9990870318041745e-06 0)
(7.9130053586063033e-06 -6.8081248479580799e-06 0)
(7.9230267236618646e-06 -6.6161840661233143e-06 0)
(7.9322330721594723e-06 -6.4233587416003231e-06 0)
(7.9406670629822899e-06 -6.229737529875904e-06 0)
(7.9483709484743648e-06 -6.0354037630530057e-06 0)
(7.9553864426039513e-06 -5.8404355419766816e-06 0)
(7.9617545996998549e-06 -5.6449058429495669e-06 0)
(7.9675157032867946e-06 -5.448882637370621e-06 0)
(7.9727091643686191e-06 -5.2524290234727713e-06 0)
(7.977373428571443e-06 -5.0556033685310023e-06 -1.2887075552059794e-27)
(7.9815458913392378e-06 -4.8584594610477934e-06 -1.2384460868788022e-27)
(7.9852628201624015e-06 -4.6610466716190129e-06 1.1881124174347693e-27)
(7.9885592827804531e-06 -4.4634101217773205e-06 1.1377180068429132e-27)
(7.9914690800104999e-06 -4.2655908599636959e-06 0)
(7.9940246816345133e-06 -4.0676260437812028e-06 0)
(7.9962571634390127e-06 -3.8695491279745537e-06 0)
(7.9981961429832457e-06 -3.6713900562210812e-06 0)
(7.9998697112095062e-06 -3.4731754566118233e-06 0)
(8.0013043564903873e-06 -3.274928837481983e-06 0)
(8.0025248768070573e-06 -3.0766707812120813e-06 0)
(8.0035542751437806e-06 -2.8784191305491602e-06 0)
(8.004413632663028e-06 -2.6801891604095627e-06 0)
(8.0051219540406758e-06 -2.4819937234691994e-06 0)
(8.0056959804545887e-06 -2.2838433530690972e-06 0)
(8.0061499687463524e-06 -2.0857462992763357e-06 0)
(8.0064954421639819e-06 -1.8877084648443393e-06 0)
(8.0067409312826967e-06 -1.6897331969416726e-06 4.2992190226904576e-28)
(8.0068917470241211e-06 -1.4918208802380537e-06 3.7935825995238133e-28)
(8.006949868383902e-06 -1.293968271224692e-06 0)
(8.0069140932035866e-06 -1.0961675247275913e-06 0)
(8.0067806722165562e-06 -8.9840492166675449e-07 0)
(8.0065446810865762e-06 -7.0065939833674093e-07 0)
(8.0062026227253025e-06 -5.0290088207653017e-07 0)
(8.0057585293571831e-06 -3.0508821890367709e-07 0)
(7.6161503967007778e-07 0.00057894179781726876 0)
(2.928083750746774e-06 0.00036801865814952496 0)
(4.9926539689713329e-06 0.0001218705277494186 3.5635523795837804e-26)
(6.042178705182271e-06 2.2739214675242555e-05 6.9797034034998102e-27)
(6.4137612196316532e-06 -4.7707220658737727e-06 0)
(6.5399255630045294e-06 -1.084934435289694e-05 0)
(6.6150701181312044e-06 -1.1970250172749081e-05 0)
(6.6814233315593798e-06 -1.2120653648373416e-05 -9.2370652557517352e-27)
(6.7449107637847665e-06 -1.2098713779513072e-05 -9.2286086054675353e-27)
(6.806994311621676e-06 -1.2044250350300039e-05 -6.1261967870259293e-27)
(6.8680735659691337e-06 -1.1979501692254372e-05 -6.0940463884953995e-27)
(6.9281323551571877e-06 -1.1907828598992384e-05 -6.0582398100503037e-27)
(6.9870866261602527e-06 -1.1829804334292196e-05 3.0095795988515766e-27)
(7.0448585262923354e-06 -1.174562252692972e-05 8.9653738766515885e-27)
(7.1013771759264467e-06 -1.1655433853664996e-05 0)
(7.1565772179474378e-06 -1.1559390149998153e-05 0)
(7.2103990693904478e-06 -1.14576493774792e-05 8.7479855962855659e-27)
(7.2627891549672256e-06 -1.1350375569030915e-05 8.6668262157945316e-27)
(7.3136999988219304e-06 -1.1237738146475198e-05 5.7210202659577506e-27)
(7.3630902596560577e-06 -1.1119911162409598e-05 5.6614874169143798e-27)
(7.4109247255798113e-06 -1.0997072536246842e-05 0)
(7.4571742692555576e-06 -1.086940329816383e-05 0)
(7.5018157648982114e-06 -1.0737086847210042e-05 5.4677901054380933e-27)
(7.5448319698761696e-06 -1.0600308227974099e-05 2.699251624050814e-27)
(7.5862113737758601e-06 -1.045925343000348e-05 2.6635069324929052e-27)
(7.6259480181043219e-06 -1.0314108714083932e-05 5.2534172751730669e-27)
(7.6640412897277029e-06 -1.0165059967774451e-05 0)
(7.7004956912560241e-06 -1.0012292094287734e-05 0)
(7.7353205917684996e-06 -9.8559884358637871e-06 -7.5314002933893248e-27)
(7.7685299611415493e-06 -9.6963302339060742e-06 -7.4097808935391601e-27)
(7.8001420909975305e-06 -9.5334961273145392e-06 0)
(7.8301793055506754e-06 -9.3676616892563473e-06 0)
(7.8586676653065579e-06 -9.1989990039949192e-06 -4.687141449778012e-27)
(7.885636666209983e-06 -9.0276762828817716e-06 -6.9000605562343732e-27)
(7.9111189370522127e-06 -8.8538575198964334e-06 -6.767474513713026e-27)
(7.9351499375156921e-06 -8.6777021859816796e-06 -4.4220513197057618e-27)
(7.9577676588508883e-06 -8.4993649613422764e-06 -4.3313248176072113e-27)
(7.9790123293707492e-06 -8.3189955046075091e-06 -4.2395471218713264e-27)
(7.9989261265653266e-06 -8.1367382580687215e-06 0)
(8.0175528971751798e-06 -7.9527322870451697e-06 0)
(8.0349378866758488e-06 -7.7671111519667018e-06 0)
(8.0511274791870504e-06 -7.5800028116178533e-06 0)
(8.0661689487335724e-06 -7.3915295559573235e-06 3.7673931890931677e-27)
(8.0801102225452994e-06 -7.2018079661560723e-06 3.6707700188162573e-27)
(8.0929996569714535e-06 -7.010948900634764e-06 3.5735560425897755e-27)
(8.1048858263504202e-06 -6.8190575050986649e-06 3.47580538211501e-27)
(8.1158173248769739e-06 -6.6262332447477082e-06 0)
(8.1258425815924872e-06 -6.4325699566229698e-06 0)
(8.1350096884494471e-06 -6.2381559209478104e-06 -4.7697461674579783e-27)
(8.1433662411125204e-06 -6.0430739493208341e-06 -4.6206247462681977e-27)
(8.150959192197344e-06 -5.8474014883407381e-06 0)
(8.1578347164867756e-06 -5.6512107373011851e-06 0)
(8.1640380875611626e-06 -5.4545687782102474e-06 0)
(8.1696135651423418e-06 -5.2575377171906446e-06 -2.6800237517356145e-27)
(8.1746042923925705e-06 -5.0601748356810388e-06 -7.7382227083207374e-27)
(8.17905220232727e-06 -4.8625327505518378e-06 -4.9572834061018247e-27)
(8.1829979322525352e-06 -4.6646595818774849e-06 -3.5666260483715766e-27)
(8.1864807451217519e-06 -4.466599127425322e-06 -5.6918920685621744e-27)
(8.1895384564589935e-06 -4.2683910427676617e-06 -2.1756801682385723e-27)
(8.1922073653582209e-06 -4.0700710260199086e-06 -2.0745386972326915e-27)
(8.1945221878276801e-06 -3.8716710061686593e-06 9.8667418790475451e-28)
(8.196515990260494e-06 -3.6732193327162092e-06 9.3606161995543823e-28)
(8.198220120978001e-06 -3.4747409664105091e-06 -1.7708754930631701e-27)
(8.1996641370786693e-06 -3.2762576668990063e-06 0)
(8.2008757236306497e-06 -3.0777881748523613e-06 0)
(8.2018806025100552e-06 -2.8793483831088052e-06 -1.4670930895023844e-27)
(8.2027024280251443e-06 -2.6809514901342562e-06 -1.3658435706211663e-27)
(8.2033626676762562e-06 -2.4826081258710174e-06 1.2646083009926713e-27)
(8.2038804685095371e-06 -2.284326436892099e-06 2.3267810762851834e-27)
(8.2042725136253095e-06 -2.0861121132238247e-06 2.1243848732598138e-27)
(8.2045528806705819e-06 -1.8879683350021294e-06 9.6101518675867053e-28)
(8.2047329260541658e-06 -1.689895613319458e-06 0)
(8.2048212374425972e-06 -1.4918914990506016e-06 0)
(8.2048237260686983e-06 -1.2939501396578995e-06 -9.8641446618447291e-28)
(8.2047439694332388e-06 -1.09606168597172e-06 -8.3477245626768505e-28)
(8.2045839553882355e-06 -8.9821160314632027e-07 0)
(8.2043454251308508e-06 -7.0038001387263486e-07 3.5438596269679381e-28)
(8.2040321673381407e-06 -5.0254126855414086e-07 2.5335559440029985e-28)
(8.203654134812024e-06 -3.0466420864915837e-07 0)
(7.6325194513107392e-07 0.0005788990902006819 0)
(2.9358706805019755e-06 0.00036795454293721649 1.1728079206491521e-25)
(5.0071069377716554e-06 0.00012180222524711592 3.5618394798845664e-26)
(6.0636683706547483e-06 2.2670437944501733e-05 0)
(6.4422778456094183e-06 -4.8392152709215887e-06 -1.8163957585855731e-27)
(6.5754059764448154e-06 -1.0917334506567857e-05 -5.3968764610867959e-27)
(6.6574465046210388e-06 -1.2037609165113407e-05 0)
(6.7306171378494176e-06 -1.2187271304670665e-05 -3.0955413312763764e-27)
(6.8008311914364256e-06 -1.2164486254476048e-05 -3.0925151600595847e-27)
(6.8695390507553755e-06 -1.2109078501964088e-05 -6.1583562125305604e-27)
(6.9371294646800652e-06 -1.2043291133830695e-05 -6.1256924489701802e-27)
(7.0035760372083103e-06 -1.1970490023058786e-05 -9.1339902715848743e-27)
(7.0687851489022001e-06 -1.1891253850725537e-05 -1.3264358048158655e-41)
(7.1326700795934473e-06 -1.1805781964251214e-05 9.0101385058588278e-27)
(7.1951518128254771e-06 -1.1714231014154373e-05 0)
(7.2561576098153844e-06 -1.1616759015835188e-05 -2.9558519877713735e-27)
(7.3156212789543895e-06 -1.1513530268091284e-05 5.8596979565853034e-27)
(7.3734834206148115e-06 -1.1404715249461541e-05 8.707231067568238e-27)
(7.4296915237006022e-06 -1.1290489888212329e-05 2.8735808766753644e-27)
(7.4841999994988473e-06 -1.1171034757922538e-05 2.8434065283616572e-27)
(7.5369701693313463e-06 -1.1046534269568726e-05 0)
(7.5879702070441e-06 -1.0917175873423195e-05 -2.7792120851628401e-27)
(7.6371750384174676e-06 -1.0783149278174223e-05 8.2358647841107841e-27)
(7.6845662005669762e-06 -1.0644645691519829e-05 1.0840846850557058e-26)
(7.7301316647325162e-06 -1.0501857086668976e-05 -5.7711345885701369e-58)
(7.7738656261353887e-06 -1.0354975499153627e-05 -2.6367968524283585e-27)
(7.8157682646026248e-06 -1.0204192356435585e-05 -2.5985566895464564e-27)
(7.8558454795696921e-06 -1.0049697844177736e-05 2.5593597604878058e-27)
(7.8941086033946584e-06 -9.8916803107030242e-06 -2.5192543372605768e-27)
(7.9305740966803241e-06 -9.7303257116876929e-06 -4.9565762013902369e-27)
(7.9652632292477361e-06 -9.5658170961644914e-06 0)
(7.9982017503442432e-06 -9.3983341345668715e-06 0)
(8.0294195513831325e-06 -9.228052689581309e-06 -4.7013794262520828e-27)
(8.0589503243744267e-06 -9.0551444291916734e-06 -4.6134814915231213e-27)
(8.0868312190195826e-06 -8.8797764818693919e-06 -4.5243123848584274e-27)
(8.1131025012214152e-06 -8.7021111331697417e-06 -4.433955508775357e-27)
(8.1378072152880478e-06 -8.522305562063005e-06 -4.3424916631678445e-27)
(8.1609908521924515e-06 -8.3405116167098346e-06 -1.0624997317430804e-26)
(8.1827010258600309e-06 -8.156875627559436e-06 -6.2348288388453624e-27)
(8.2029871590830132e-06 -7.9715382562977216e-06 0)
(8.221900180473761e-06 -7.7846343786102575e-06 1.9835426994748134e-27)
(8.2394922336896472e-06 -7.5962929993615866e-06 -1.8158137785094642e-42)
(8.2558163998363312e-06 -7.4066371979925546e-06 5.661949831075352e-27)
(8.2709264338326778e-06 -7.2157841017069365e-06 1.1032332574898307e-26)
(8.2848765153464125e-06 -7.0238448853304077e-06 1.7898452618402311e-27)
(8.2977210144278876e-06 -6.830924795235689e-06 -3.4814263925217577e-27)
(8.309514272106931e-06 -6.6371231954875538e-06 0)
(8.3203103959334366e-06 -6.4425336341635836e-06 3.2835683273346019e-27)
(8.3301630702700946e-06 -6.2472439284574107e-06 -4.7761015992764879e-27)
(8.339125381050534e-06 -6.0513362662381442e-06 -3.0842434446080022e-27)
(8.3472496545786008e-06 -5.854887322665618e-06 -1.4920674477797514e-27)
(8.3545873097978593e-06 -5.6579683902608707e-06 -4.3256680975839105e-27)
(8.3611887233783505e-06 -5.4606455206815894e-06 -1.3916044406995644e-27)
(8.3671031068920713e-06 -5.2629796769922049e-06 -2.6824566296562522e-27)
(8.3723783952099771e-06 -5.0650268950388657e-06 -5.1631013947092214e-27)
(8.3770611451428544e-06 -4.8668384525983854e-06 -1.2402586618623634e-27)
(8.3811964432766827e-06 -4.6684610451211464e-06 -1.1896901760458433e-27)
(8.3848278218319894e-06 -4.4699369669510865e-06 -9.11264527293754e-27)
(8.3879971812534126e-06 -4.2713042967113234e-06 -5.44219885212716e-27)
(8.3907447181064413e-06 -4.0725970858909229e-06 -2.0755522140439712e-27)
(8.3931088566848008e-06 -3.8738455488503903e-06 1.974194500926103e-27)
(8.3951261826543692e-06 -3.6750762528544919e-06 9.3640981427590083e-28)
(8.3968313769418152e-06 -3.4763123064560591e-06 -8.857194926466215e-28)
(8.3982571479812565e-06 -3.2775735430673044e-06 1.6700622179837229e-27)
(8.399434160556758e-06 -3.0788766968381739e-06 -7.8434866626638852e-28)
(8.4003909598417246e-06 -2.8802355661592198e-06 -2.2010261937209159e-27)
(8.4011538898894617e-06 -2.6816611590013048e-06 -1.3660276415339823e-27)
(8.4017470072721452e-06 -2.4831618124918697e-06 1.2647315804205504e-27)
(8.4021919930994754e-06 -2.2847432772332988e-06 2.3269302336769597e-27)
(8.4025080706381346e-06 -2.0864087547657828e-06 3.1866890230788847e-27)
(8.402711942077874e-06 -1.8881588755915614e-06 4.8051286705229996e-28)
(8.4028177672858084e-06 -1.6899916054964238e-06 -1.7197059833320304e-27)
(8.4028372208262579e-06 -1.4919020720491179e-06 -1.5952083258313413e-42)
(8.4027796816381103e-06 -1.2938823138683338e-06 -6.575970982902644e-28)
(8.4026526299185065e-06 -1.0959209788950754e-06 -8.347669134211364e-28)
(8.4024623444911701e-06 -8.980030395932005e-07 0)
(8.4022150158498431e-06 -7.0010965173602816e-07 -1.7720923181034303e-28)
(8.4019184281533819e-06 -5.0221837373791147e-07 -1.2670558015144011e-28)
(8.401584401165294e-06 -3.0430419854084772e-07 0)
(7.6491725234685881e-07 0.00057885192798304264 0)
(2.9437935541033632e-06 0.00036788379050647864 1.1726180337518578e-25)
(5.0218123160505722e-06 0.00012172687471117264 3.559944331599291e-26)
(6.0855325005020967e-06 2.2594576219929784e-05 1.3887499390996444e-26)
(6.471289622036829e-06 -4.9147556021545721e-06 -3.707912879966079e-27)
(6.6114995250151594e-06 -1.0992311583957897e-05 -5.4341595300164364e-27)
(6.7005508347171269e-06 -1.2111880790729707e-05 0)
(6.7806499827511482e-06 -1.2260714728425556e-05 3.1138089974767307e-27)
(6.8576975075400123e-06 -1.223698569491849e-05 3.1105509285478164e-27)
(6.9331317958584264e-06 -1.2180523458020216e-05 0)
(7.0073303128538563e-06 -1.2113576475839137e-05 0)
(7.0802560431419031e-06 -1.2039516363652568e-05 -3.0618395519856086e-27)
(7.1518054548725434e-06 -1.1958927924641779e-05 -3.0416618822993479e-27)
(7.2218826652721351e-06 -1.1872016965088115e-05 0)
(7.2904002779031774e-06 -1.1778946877732194e-05 0)
(7.3572779816232921e-06 -1.1679882647782232e-05 -2.9715557966676744e-27)
(7.4224428377010957e-06 -1.1574995715316368e-05 -2.9451377638344163e-27)
(7.4858295350489149e-06 -1.1464463816164619e-05 0)
(7.5473804902504169e-06 -1.1348470197595066e-05 -2.8879960558414786e-27)
(7.6070458781636289e-06 -1.1227202761518229e-05 -2.8573668581712857e-27)
(7.6647836100274637e-06 -1.1100853206553133e-05 0)
(7.7205592605552371e-06 -1.0969616182662167e-05 -2.7922359154265094e-27)
(7.7743459466345969e-06 -1.0833688466251197e-05 2.7578340894113412e-27)
(7.8261241611496447e-06 -1.0693268160296447e-05 5.4445508095670267e-27)
(7.8758815659645302e-06 -1.0548553923967074e-05 -5.371221331316954e-27)
(7.9236127482917799e-06 -1.0399744236777654e-05 -7.9436719864457405e-27)
(7.9693189446938582e-06 -1.0247036699265136e-05 -2.6091659883948068e-27)
(8.0130077369347528e-06 -1.0090627374520739e-05 2.5694868717986809e-27)
(8.0546927241493688e-06 -9.9307101719594607e-06 2.5289030125507791e-27)
(8.0943931755883689e-06 -9.7674762752040423e-06 0)
(8.1321336680445584e-06 -9.6011136151920616e-06 0)
(8.1679437120551092e-06 -9.4318063889145236e-06 0)
(8.2018573705821551e-06 -9.259734624475115e-06 0)
(8.233912873719771e-06 -9.0850737915564345e-06 0)
(8.2641522328902197e-06 -8.9079944570776778e-06 0)
(8.2926208572689598e-06 -8.7286619848600952e-06 0)
(8.3193671752898432e-06 -8.5472362775402083e-06 0)
(8.3444422638192136e-06 -8.363871560230104e-06 -6.3921083180037359e-27)
(8.3678994869072663e-06 -8.1787162032278652e-06 -6.2507926206990752e-27)
(8.389794146044456e-06 -7.9919125821732324e-06 0)
(8.4101831434670369e-06 -7.803596973600161e-06 1.9881408051951157e-27)
(8.429124659699003e-06 -7.6138994838232533e-06 1.0119246730390882e-42)
(8.4466778463644455e-06 -7.4229440088032279e-06 1.8912481845560503e-27)
(8.4629025351517878e-06 -7.2308482227806638e-06 7.3693685047265493e-27)
(8.4778589633456844e-06 -7.0377235936845508e-06 -1.793168354830416e-27)
(8.4916075161348094e-06 -6.843675422989876e-06 -6.975015899793859e-27)
(8.5042084859312441e-06 -6.6488029077123922e-06 0)
(8.5157218486122262e-06 -6.453199222578251e-06 3.2886079372764083e-27)
(8.5262070563732654e-06 -6.2569516206133974e-06 0)
(8.5357228468706579e-06 -6.0601415498457409e-06 1.5441779005275287e-27)
(8.544327068114291e-06 -5.8628447844528753e-06 -1.493912828080979e-27)
(8.5520765184361275e-06 -5.6651315687743392e-06 -4.3306128573269018e-27)
(8.5590268008220602e-06 -5.4670667722334489e-06 -1.3930689408124385e-27)
(8.5652321907838458e-06 -5.2687100539261475e-06 0)
(8.5707455167896383e-06 -5.070116035352274e-06 1.2919111318349844e-27)
(8.5756180522378659e-06 -4.8713344798834144e-06 2.4824975053507774e-27)
(8.5798994178676782e-06 -4.6724104776605884e-06 2.3810929954603061e-27)
(8.5836374934248588e-06 -4.4733846347823334e-06 -3.4194441669922975e-27)
(8.5868783373470332e-06 -4.2742932653153321e-06 -3.2671879776989505e-27)
(8.5896661131099257e-06 -4.0751685850495864e-06 0)
(8.5920430208011041e-06 -3.8760389050994872e-06 9.8752928162978144e-28)
(8.594049232597221e-06 -3.6769288243713598e-06 2.468568034014823e-43)
(8.5957228307273969e-06 -3.4778594183917321e-06 8.859996460190713e-28)
(8.5970997466502172e-06 -3.2788484223881625e-06 1.6704975954685044e-27)
(8.5982137004999919e-06 -3.0799104055990072e-06 -7.8451226165910815e-28)
(8.5990961403311631e-06 -2.8810569331771792e-06 -7.337928149339815e-28)
(8.5997761816849906e-06 -2.6822967110086768e-06 0)
(8.6002805494385023e-06 -2.4836357081716832e-06 0)
(8.600633526240405e-06 -2.2850772507054004e-06 0)
(8.6008569152806184e-06 -2.0866220800037889e-06 1.0622354415376505e-27)
(8.6009700299690649e-06 -1.8882683699040659e-06 -4.805024657339653e-28)
(8.6009897296778057e-06 -1.6900116989411656e-06 -1.7196323265113134e-27)
(8.6009305292305998e-06 -1.4918449799654109e-06 4.7244678961427203e-43)
(8.600804819426895e-06 -1.2937583606624661e-06 3.2877813077982941e-28)
(8.60062324387313e-06 -1.0957391285061363e-06 0)
(8.600395282627977e-06 -8.9777168377557035e-07 0)
(8.6001300910693686e-06 -6.998376859695251e-07 -5.3163778440829019e-28)
(8.5998376206391684e-06 -5.0191654495180276e-07 -6.3360352905173834e-28)
(8.5995299586626051e-06 -3.0398654619198386e-07 -1.5248396952907154e-28)
(7.6661422837272207e-07 0.00057880022964433911 0)
(2.9518679116956625e-06 0.00036780627940966265 0)
(5.036798889241591e-06 0.00012164434768863994 0)
(6.1078137419870813e-06 2.2511501396348961e-05 1.384603713722799e-26)
(6.5008528658633903e-06 -4.9974689819705422e-06 -1.8951869798588133e-27)
(6.6482758438032177e-06 -1.1074398493755069e-05 0)
(6.7444656490590676e-06 -1.2193184301866078e-05 0)
(6.8316168316860015e-06 -1.234109893369031e-05 0)
(6.9156165548717985e-06 -1.2316322339476422e-05 0)
(6.9978906593615031e-06 -1.2258690189958e-05 0)
(7.0788048312614691e-06 -1.2190456979276131e-05 -3.0995144201871365e-27)
(7.1583109939641176e-06 -1.211500077921734e-05 -3.0806721589206781e-27)
(7.2362953174791923e-06 -1.2032913273429976e-05 -3.0601210666408693e-27)
(7.3126524289100006e-06 -1.1944407522321552e-05 -3.0379217352542797e-27)
(7.3872862836742254e-06 -1.1849654485204821e-05 0)
(7.4601087898112242e-06 -1.1748826962828141e-05 0)
(7.5310401124892668e-06 -1.1642104395944117e-05 0)
(7.6000089385454241e-06 -1.1529672643386558e-05 0)
(7.6669525782367128e-06 -1.1411723136277294e-05 0)
(7.7318169903995177e-06 -1.1288451962069181e-05 0)
(7.7945567481250535e-06 -1.1160058950223145e-05 0)
(7.8551349472323253e-06 -1.1026746773927692e-05 0)
(7.9135230606376582e-06 -1.0888720075823155e-05 -2.771536690673573e-27)
(7.9697007426497781e-06 -1.0746184622978421e-05 -2.7354451448947537e-27)
(8.0236555880536851e-06 -1.0599346495682484e-05 -2.6982451339984317e-27)
(8.0753828507713201e-06 -1.0448411315459154e-05 -2.6599892814135775e-27)
(8.1248851268484792e-06 -1.0293583513842325e-05 0)
(8.1721720068398245e-06 -1.0135065647094525e-05 0)
(8.2172597026007647e-06 -9.9730577575046735e-06 -2.5394077304819013e-27)
(8.2601706533318271e-06 -9.8077567833694469e-06 -2.497446652948686e-27)
(8.3009331154549519e-06 -9.6393560185706545e-06 -2.4546853516259036e-27)
(8.3395807409784194e-06 -9.4680446218688947e-06 -2.4111723756261878e-27)
(8.376152148621956e-06 -9.2940071764006712e-06 -2.3669551172462336e-27)
(8.4106904915504614e-06 -9.1174232983302554e-06 -2.3220797091434506e-27)
(8.4432430255554296e-06 -8.9384672938494554e-06 0)
(8.4738606807275462e-06 -8.7573078632187448e-06 0)
(8.502597639881891e-06 -8.5741078499728959e-06 0)
(8.529510926431157e-06 -8.3890240340224991e-06 0)
(8.5546600038213656e-06 -8.202206965940734e-06 0)
(8.5781063885968948e-06 -8.013800840407809e-06 0)
(8.599913278715845e-06 -7.8239434067384339e-06 -1.9930981342120444e-27)
(8.6201451984390338e-06 -7.6327659134218482e-06 0)
(8.638867660862252e-06 -7.4403930849300895e-06 1.8954768142509097e-27)
(8.6561468488819008e-06 -7.2469431278770699e-06 1.8462305183494267e-27)
(8.6720493150227898e-06 -7.0525277642061451e-06 1.7967326999025104e-27)
(8.6866417003377163e-06 -6.8572522890410062e-06 0)
(8.6999904725104253e-06 -6.6612156507181294e-06 0)
(8.7121616830243185e-06 -6.4645105507353161e-06 0)
(8.7232207429935517e-06 -6.2672235617911933e-06 0)
(8.733232217179089e-06 -6.069435261420605e-06 0)
(8.7422596356001596e-06 -5.8712203794203995e-06 0)
(8.7503653219902552e-06 -5.6726479574193863e-06 1.4452798992959683e-27)
(8.7576102382173265e-06 -5.4737815184913478e-06 1.3946121350374088e-27)
(8.7640538437699555e-06 -5.2746792455320592e-06 0)
(8.7697539692506655e-06 -5.0753941667090461e-06 0)
(8.7747667028057316e-06 -4.8759743465808125e-06 0)
(8.7791462883004889e-06 -4.6764630814280848e-06 0)
(8.7829450340401264e-06 -4.4768990977796861e-06 0)
(8.7862132308473131e-06 -4.2773167523323489e-06 0)
(8.7889990782300528e-06 -4.0777462324324136e-06 0)
(8.7913486173004507e-06 -3.8782137551743325e-06 0)
(8.7933056693368289e-06 -3.6787417640232552e-06 9.3710666934571006e-28)
(8.7949117789157599e-06 -3.479349120828459e-06 8.8626936937048057e-28)
(8.7962061607426523e-06 -3.2800512914120643e-06 0)
(8.7972256497298726e-06 -3.0808605220270201e-06 0)
(8.7980046544179655e-06 -2.881786004133299e-06 7.3389132306192077e-28)
(8.7985751148914548e-06 -2.6828340239368962e-06 6.8315086541405998e-28)
(8.798966467579553e-06 -2.4840080933150275e-06 0)
(8.7992056212800227e-06 -2.2853090584212125e-06 0)
(8.7993169514611806e-06 -2.0867351828666526e-06 0)
(8.7993223231938379e-06 -1.88828220385332e-06 0)
(8.7992411573417715e-06 -1.6899433629416968e-06 4.2986959700801722e-28)
(8.799090559288421e-06 -1.4917094185340415e-06 3.7929306313616271e-28)
(8.7988855332894791e-06 -1.2935686573941222e-06 0)
(8.798639306913985e-06 -1.0955069369245308e-06 0)
(8.7983637870558596e-06 -8.9750780967646279e-07 0)
(8.7980701546985409e-06 -6.9955280852206374e-07 0)
(8.797769567964774e-06 -5.0162200501240986e-07 -2.5344636538427596e-28)
(8.797473851598163e-06 -3.0369499270594293e-07 -1.5251575737540087e-28)
(7.6834630915147763e-07 0.00057874390461748427 0)
(2.9601100998430211e-06 0.00036772187476638037 0)
(5.0520969354915754e-06 0.00012155450155220348 0)
(6.130556946887863e-06 2.2421071269207035e-05 0)
(6.531026791834148e-06 -5.0874951474041595e-06 0)
(6.6858081298287825e-06 -1.1163731574446662e-05 0)
(6.7892776796117352e-06 -1.2281651916605639e-05 9.3151998120093337e-27)
(6.8836174304984081e-06 -1.2428551364698691e-05 9.4671275642151608e-27)
(6.9747005004164082e-06 -1.2402618256077694e-05 0)
(7.0639395720944351e-06 -1.2343694838857421e-05 0)
(7.1516880001219492e-06 -1.2274042363213863e-05 -3.1204131174079434e-27)
(7.2378861552269638e-06 -1.2197046130304004e-05 -3.1011876423568693e-27)
(7.3224094818770556e-06 -1.2113305523811949e-05 -3.080224264261118e-27)
(7.4051427559073678e-06 -1.2023041716261554e-05 -3.0575856281313958e-27)
(7.4859809909560832e-06 -1.1926434121461659e-05 0)
(7.5648280884732375e-06 -1.1823664264921902e-05 0)
(7.6415971590272374e-06 -1.1714920510297576e-05 0)
(7.7162107949046404e-06 -1.160039776619691e-05 0)
(7.7886011714714996e-06 -1.1480296571516426e-05 0)
(7.8587100640759186e-06 -1.1354822112630896e-05 0)
(7.92648879808354e-06 -1.122418324592437e-05 0)
(7.9918981348490513e-06 -1.108859154053389e-05 0)
(8.054908097454588e-06 -1.0948260348924e-05 -2.7864004026731505e-27)
(8.1154977410543353e-06 -1.0803403911836416e-05 -2.7497233708876148e-27)
(8.1736548732600724e-06 -1.0654236502157607e-05 -2.7119355436264808e-27)
(8.2293757300799432e-06 -1.0500971612947761e-05 -1.0692366267470956e-26)
(8.2826646130488143e-06 -1.0343821191800052e-05 -1.5799474330540424e-26)
(8.3335334932350654e-06 -1.0182994926285345e-05 -7.7773552177200978e-27)
(8.3820015877614626e-06 -1.0018699581274575e-05 -2.5507626271996399e-27)
(8.4280949143980299e-06 -9.8511383901811551e-06 -2.5082305120630258e-27)
(8.4718458294559994e-06 -9.6805105002826044e-06 -2.4649064935998227e-27)
(8.5132925541200654e-06 -9.5070104729600954e-06 -9.6833620573251701e-27)
(8.5524786939546641e-06 -9.3308278380145292e-06 -9.5043249718164171e-27)
(8.5894527560723915e-06 -9.1521467015185357e-06 -2.3306759712939649e-27)
(8.6242676678941977e-06 -8.9711454054431107e-06 0)
(8.6569803011182685e-06 -8.7879962376544263e-06 0)
(8.6876510044380537e-06 -8.6028651903457381e-06 0)
(8.7163431477721e-06 -8.4159117646191134e-06 0)
(8.7431226803775034e-06 -8.2272888185185645e-06 -6.286524750771252e-27)
(8.7680577051070279e-06 -8.037142456195914e-06 -6.1413999833908488e-27)
(8.7912180704057994e-06 -7.8456119557405712e-06 -1.9983989540525166e-27)
(8.8126749814951773e-06 -7.6528297318568528e-06 0)
(8.8325006318832385e-06 -7.4589213321615179e-06 1.899986406439305e-27)
(8.8507678558042273e-06 -7.2640054631960435e-06 7.4014844342423349e-27)
(8.8675498020747407e-06 -7.0681940438603831e-06 7.2020885171986388e-27)
(8.8829196295566261e-06 -6.8715922835639101e-06 0)
(8.8969502242156516e-06 -6.674298782567151e-06 0)
(8.9097139375106411e-06 -6.4764056518862597e-06 0)
(8.9212823456711553e-06 -6.2779986508739854e-06 0)
(8.9317260292264948e-06 -6.0791573396416415e-06 0)
(8.9411143720927712e-06 -5.8799552447117638e-06 0)
(8.9495153793480022e-06 -5.6804600358155056e-06 1.4471014941449896e-27)
(8.9569955126889688e-06 -5.4807337118700874e-06 1.3962196787176621e-27)
(8.9636195425341932e-06 -5.2808327946262145e-06 0)
(8.9694504157138104e-06 -5.0808085283562918e-06 0)
(8.9745491374667398e-06 -4.8807070839477563e-06 -3.7300108002065355e-27)
(8.9789746665716059e-06 -4.6805697660977175e-06 -3.5770094278857354e-27)
(8.9827838224026894e-06 -4.4804332223616135e-06 0)
(8.9860312025857999e-06 -4.2803296525833091e-06 0)
(8.9887691101967854e-06 -4.0802870175049591e-06 0)
(8.9910474891771508e-06 -3.8803292448922659e-06 0)
(8.9929138669280305e-06 -3.6804764322827665e-06 -1.8748717456812719e-27)
(8.994413303325848e-06 -3.4807450442502181e-06 -4.4325950511117234e-27)
(8.9955883454287159e-06 -3.281148102943164e-06 -2.5068990892302022e-27)
(8.9964789877444686e-06 -3.0816953695151236e-06 0)
(8.9971226384064276e-06 -2.882393514824377e-06 7.3396280447346486e-28)
(8.9975540925087991e-06 -2.6832462769732109e-06 6.8318124363322158e-28)
(8.9978055149718008e-06 -2.4842546036289345e-06 0)
(8.9979064367117465e-06 -2.2854167775040345e-06 0)
(8.9978837698695663e-06 -2.0867285242488739e-06 0)
(8.9977618499517165e-06 -1.8881831036153269e-06 0)
(8.9975625151311179e-06 -1.6897713883323798e-06 -8.5961210096435155e-28)
(8.9973052349610118e-06 -1.4914819393024999e-06 -7.5845805494427203e-28)
(8.9970073012046395e-06 -1.2933010940521195e-06 0)
(8.996684091673435e-06 -1.0952130946705697e-06 -8.3447000786391689e-28)
(8.9963494110454106e-06 -8.9720029316855899e-07 -6.8296853246097867e-28)
(8.9960158957374596e-06 -6.992434878052683e-07 0)
(8.9956954364578654e-06 -5.0132245472213106e-07 0)
(8.9953995087337472e-06 -3.0341674128462677e-07 0)
(7.7011712085808048e-07 0.00057868285280147057 0)
(2.9685373728491167e-06 0.00036763042754255391 0)
(5.0677384128757311e-06 0.00012145717874357056 0)
(6.1538094475403921e-06 2.2323128789408222e-05 0)
(6.561873874460667e-06 -5.1849883696203516e-06 0)
(6.7241735856374763e-06 -1.1260461280233053e-05 0)
(6.8350783697884485e-06 -1.2377429464583032e-05 3.129041417319467e-27)
(6.9367568962936051e-06 -1.2523212495787022e-05 9.5382306333955452e-27)
(7.0350674903961042e-06 -1.249600789099007e-05 1.2701184533317543e-26)
(7.1314089954284256e-06 -1.2435665209359952e-05 -5.309555801559247e-42)
(7.2261218207266663e-06 -1.2364453240431049e-05 -6.286123766728971e-27)
(7.3191342402551404e-06 -1.2285765354423875e-05 6.2468300542802376e-27)
(7.4103105017202447e-06 -1.2200209524168228e-05 6.2039969093462413e-27)
(7.4995251337010828e-06 -1.210801596365896e-05 0)
(7.5866638885987269e-06 -1.2009373501191734e-05 0)
(7.6716224186090965e-06 -1.1904473368246493e-05 0)
(7.7543066130819333e-06 -1.1793513844419904e-05 0)
(7.8346328774531839e-06 -1.1676699883948029e-05 0)
(7.912528231739196e-06 -1.1554242123600213e-05 0)
(7.9879303158524219e-06 -1.1426355825070746e-05 -8.7213972719994557e-27)
(8.060787320100097e-06 -1.1293259826931892e-05 0)
(8.1310578441506668e-06 -1.1155175521661505e-05 2.8385768381795419e-27)
(8.1987106892033422e-06 -1.1012325865146325e-05 -5.6048593733381962e-27)
(8.2637245891460373e-06 -1.0864934426450257e-05 0)
(8.3260878867095283e-06 -1.0713224482228933e-05 0)
(8.3857981610751393e-06 -1.0557418161244239e-05 -1.6123175594302379e-26)
(8.4428618134978491e-06 -1.0397735641365536e-05 -2.3820389355222465e-26)
(8.4972936172847792e-06 -1.0234394403639616e-05 -7.8158398913227017e-27)
(8.5491162385884895e-06 -1.00676085442104e-05 0)
(8.5983597342314589e-06 -9.8975881460073047e-06 5.0396134751673179e-27)
(8.6450610325790585e-06 -9.7245387096990423e-06 0)
(8.6892634031014842e-06 -9.5486606451609431e-06 -1.2156012497368799e-26)
(8.731015919852186e-06 -9.3701488215942845e-06 -4.7717079210696997e-27)
(8.7703729239675031e-06 -9.1891921757587147e-06 4.6797460633706475e-27)
(8.8073934893687034e-06 -9.0059733759651427e-06 2.2933066580737664e-27)
(8.8421408957934939e-06 -8.8206685400219245e-06 4.492400228244637e-27)
(8.8746821128680693e-06 -8.6334470050499016e-06 4.3971938859143013e-27)
(8.9050872981879032e-06 -8.4444711459885163e-06 -6.4516167235196019e-27)
(8.9334293120736117e-06 -8.2538962400555135e-06 -1.8918593600854151e-26)
(8.9597832512330438e-06 -8.0618703742125639e-06 -1.0266080957374805e-26)
(8.9842260030375234e-06 -7.8685343929450867e-06 2.0040258640902653e-27)
(9.0068358219959042e-06 -7.674021882116141e-06 3.9090587197542938e-27)
(9.0276919294699142e-06 -7.4784591872588549e-06 3.8095184131713992e-27)
(9.0468741371111547e-06 -7.281965462253662e-06 1.8547460847256348e-27)
(9.0644624945723892e-06 -7.084652745579003e-06 -3.6090376917658345e-27)
(9.0805369615749434e-06 -6.886626061397033e-06 -5.2623136131428061e-27)
(9.0951771041426917e-06 -6.6879835425905005e-06 -3.4070568692149331e-27)
(9.1084618146746413e-06 -6.488816573009676e-06 0)
(9.1204690552331842e-06 -6.2892099467686249e-06 3.2039665862490828e-27)
(9.1312756233424947e-06 -6.0892420415562902e-06 0)
(9.1409569394190501e-06 -5.8889850044594104e-06 -4.5001548340141993e-27)
(9.1495868548133884e-06 -5.6885049478756052e-06 -4.3469589302228265e-27)
(9.1572374793543142e-06 -5.4878621534738275e-06 0)
(9.1639790271983634e-06 -5.2871112827785273e-06 2.6934688450083772e-27)
(9.1698796798631475e-06 -5.0863015925829956e-06 5.1822982768888163e-27)
(9.1750054650219094e-06 -4.8854771534169e-06 -3.7332229796426394e-27)
(9.17942014983135e-06 -4.6846770700539707e-06 -5.966218691710861e-27)
(9.1831851474534989e-06 -4.4839357022877512e-06 0)
(9.1863594356084214e-06 -4.2832828854112732e-06 1.0909589580076218e-27)
(9.1889994858753969e-06 -4.0827441481447278e-06 1.0398522838346013e-27)
(9.1911592025107264e-06 -3.8823409273904407e-06 1.9775541635700312e-27)
(9.1928898699679241e-06 -3.6820907786353265e-06 -9.3773783792727816e-28)
(9.1942401082372804e-06 -3.4820075802133954e-06 -7.9806428928303391e-27)
(9.195255835467158e-06 -3.2821017305619602e-06 -5.0146831828584144e-27)
(9.1959802378212153e-06 -3.0823803367139922e-06 0)
(9.1964537469426101e-06 -2.8828473927810479e-06 0)
(9.196714026103495e-06 -2.6835039472630751e-06 1.3663509250106867e-27)
(9.1967959670731075e-06 -2.4843482578924336e-06 2.5295903288304626e-27)
(9.1967317006852418e-06 -2.2853759339136123e-06 1.1633279361018737e-27)
(9.1965506253672821e-06 -2.0865800664444026e-06 -1.5929195928515305e-27)
(9.1962794591548491e-06 -1.8879513490997474e-06 -9.6064674377567025e-28)
(9.19594232177827e-06 -1.689478194287001e-06 -8.594243508652076e-28)
(9.1955608537061145e-06 -1.491146853643203e-06 -1.1374108093866453e-27)
(9.1951543780715268e-06 -1.2929415570728857e-06 -6.5718937003860942e-28)
(9.1947401079168727e-06 -1.0948446902589672e-06 -1.3904110306011039e-27)
(9.1943333939517759e-06 -8.9683703742442611e-07 -6.8278824611705726e-28)
(9.1939479931481843e-06 -6.988981219405807e-07 0)
(9.1935963144847768e-06 -5.0100667834833958e-07 0)
(9.1932895618809713e-06 -3.0314127601399216e-07 1.5251778838253724e-28)
(7.7193050319115869e-07 0.00057861696401449887 0)
(2.9771680034040637e-06 0.00036753177374054553 0)
(5.083757163642965e-06 0.0001213522059240539 0)
(6.1776213578303068e-06 2.2217501227247611e-05 0)
(6.5934602424665712e-06 -5.2901182606666549e-06 0)
(6.7634539023912449e-06 -1.1364752949319708e-05 0)
(6.8819644405432066e-06 -1.2480677109342922e-05 -6.3098564303353574e-27)
(6.9911463599488522e-06 -1.2625236501314899e-05 0)
(7.0968423618255101e-06 -1.2596638680626062e-05 1.2802155082234148e-26)
(7.2004366937414534e-06 -1.25347413187998e-05 3.0427470104884091e-42)
(7.3022561404754465e-06 -1.2461821600004669e-05 -6.3349892807263265e-27)
(7.4022162790374087e-06 -1.23812818793296e-05 6.294772149302482e-27)
(7.5001696429272516e-06 -1.2293739686804374e-05 6.2509462357250535e-27)
(7.5959800813386038e-06 -1.2199435288138831e-05 0)
(7.6895237399470401e-06 -1.2098567967729206e-05 0)
(7.780687762911716e-06 -1.1991339725444327e-05 0)
(7.8693706451956101e-06 -1.1877959829652024e-05 0)
(7.9554825158077566e-06 -1.1758644353644097e-05 0)
(8.0389452303005216e-06 -1.1633615096383567e-05 0)
(8.1196923606062992e-06 -1.1503098441689802e-05 -8.7791586247832452e-27)
(8.1976691013518117e-06 -1.1367324231402653e-05 0)
(8.2728320965520141e-06 -1.1226524669395267e-05 2.8564690001647277e-27)
(8.3451491925303753e-06 -1.108093326378443e-05 -5.6392581163752675e-27)
(8.4145991237126412e-06 -1.0930783816030858e-05 0)
(8.4811711382315808e-06 -1.077630946113576e-05 0)
(8.5448645708727372e-06 -1.0617741765181259e-05 -8.1069007572090667e-27)
(8.6056883706365643e-06 -1.04553098818668e-05 -7.9833552764582363e-27)
(8.6636605902844287e-06 -1.0289239773371862e-05 -2.6189976493485718e-27)
(8.7188078452674725e-06 -1.0119753495545295e-05 -2.5759948746186987e-27)
(8.7711647488370816e-06 -9.9470685494374461e-06 5.064331818344289e-27)
(8.8207733302070952e-06 -9.7713972982176996e-06 0)
(8.8676824420553454e-06 -9.5929464503657173e-06 -4.8844920435692457e-27)
(8.9119471631267757e-06 -9.4119166069865248e-06 2.3962597114141104e-27)
(8.953628201574004e-06 -9.2285018720884944e-06 4.6993124235347596e-27)
(8.9927913036068153e-06 -9.0428895229311765e-06 2.302483661941491e-27)
(9.0295066719922049e-06 -8.8552597385319697e-06 4.5095767789390971e-27)
(9.0638483984040347e-06 -8.6657853833185497e-06 4.4132297062668644e-27)
(9.0958939126841311e-06 -8.4746318424909634e-06 -6.4740167961455869e-27)
(9.1257234520002123e-06 -8.2819569058376939e-06 -1.2654007363750912e-26)
(9.1534195520993969e-06 -8.0879106967110655e-06 -4.1192807515196681e-27)
(9.1790665624837401e-06 -7.8926356425751489e-06 2.009959707481169e-27)
(9.2027501871327369e-06 -7.6962664834348675e-06 3.9199878263993547e-27)
(9.2245570516668384e-06 -7.4989303150282886e-06 3.8195514417443726e-27)
(9.2445742974148045e-06 -7.300746663149718e-06 -3.7186718277224961e-27)
(9.2628892028747202e-06 -7.1018275856615225e-06 -9.0435167789877407e-27)
(9.2795888325118453e-06 -6.9022777992877367e-06 -5.2737150671139439e-27)
(9.2947597125474263e-06 -6.7021948280249293e-06 -3.4139320773402023e-27)
(9.308487533284207e-06 -6.5016691702080674e-06 0)
(9.3208568771269899e-06 -6.300784481860133e-06 3.2095152487482194e-27)
(9.331950971532189e-06 -6.09961777323361e-06 0)
(9.3418514657623558e-06 -5.8982396167204619e-06 -4.5067314067264919e-27)
(9.3506382303108643e-06 -5.6967143639496024e-06 -4.3527505155560555e-27)
(9.3583891776919015e-06 -5.4951003693646122e-06 0)
(9.3651801032883462e-06 -5.2934502195644265e-06 2.6963960482492884e-27)
(9.3710845449776986e-06 -5.0918109657531986e-06 5.1873273297755784e-27)
(9.3761736599850057e-06 -4.890224358252497e-06 0)
(9.3805161176832728e-06 -4.6887270815102331e-06 1.194139676678979e-27)
(9.3841780069476494e-06 -4.4873509881368019e-06 3.4284940391805134e-27)
(9.3872227566624726e-06 -4.2861233313829804e-06 1.0915579209508741e-27)
(9.3897110681931802e-06 -4.0850669939126739e-06 1.0403252844408485e-27)
(9.3917008586827523e-06 -3.8842007123863055e-06 1.9782765137041516e-27)
(9.3932472141130091e-06 -3.6835392967683578e-06 1.8760013080913688e-27)
(9.3944023513910115e-06 -3.4830938429909642e-06 -2.6607460418546917e-27)
(9.3952155889220645e-06 -3.2828719382055893e-06 -2.5076529667181633e-27)
(9.3957333255053942e-06 -3.0828778576415895e-06 0)
(9.3959990278359337e-06 -2.8831127519471346e-06 0)
(9.3960532274157623e-06 -2.6835748249203049e-06 1.3662494758988246e-27)
(9.3959335283454977e-06 -2.4842595008410869e-06 2.5292601104185216e-27)
(9.3956746281798162e-06 -2.285159582285782e-06 1.1631165642809517e-27)
(9.3953083547032695e-06 -2.08626539974371e-06 -1.5925571800261987e-27)
(9.3948637221586484e-06 -1.8875649559056264e-06 -9.6038954407460654e-28)
(9.3943670106988113e-06 -1.6890440698477283e-06 4.295824048063334e-28)
(9.3938418722983665e-06 -1.490686528637563e-06 0)
(9.3933094647081568e-06 -1.2924742578332447e-06 -6.569591729399269e-28)
(9.3927886114417357e-06 -1.0943875248999426e-06 -5.5596293482176421e-28)
(9.3922959794268815e-06 -8.9640519395002622e-07 0)
(9.3918462548195907e-06 -6.9850504924139461e-07 0)
(9.3914522823839203e-06 -5.0066420328187063e-07 0)
(9.3911251157074609e-06 -3.0285958842556035e-07 1.5248774348038251e-28)
(7.7379053496094731e-07 0.00057854611738098827 0)
(2.9860214037565589e-06 0.00036742573349188778 0)
(5.1001891378745647e-06 0.00012123939302295276 0)
(6.2020459026090861e-06 2.2103999236615077e-05 0)
(6.625856110312798e-06 -5.4030706754756958e-06 0)
(6.8037357882516276e-06 -1.1476787661834917e-05 0)
(6.9300385089872492e-06 -1.2591570153760545e-05 0)
(7.0469036674360976e-06 -1.2734792001161792e-05 0)
(7.1601574182587118e-06 -1.2704671730869217e-05 0)
(7.2711685757777719e-06 -1.2641076005009252e-05 0)
(7.3802495502508815e-06 -1.256629133951879e-05 0)
(7.4873025617000428e-06 -1.2483730076526011e-05 0)
(7.5921678632724548e-06 -1.2394020360978229e-05 -9.4520410020303272e-27)
(7.6946981552254712e-06 -1.229741361201592e-05 -9.3793605544526449e-27)
(7.794759604847857e-06 -1.219412070392122e-05 0)
(7.8922305743587834e-06 -1.2084355558900378e-05 0)
(7.987001986776715e-06 -1.1968339596715555e-05 0)
(8.0789776108004207e-06 -1.1846301169919217e-05 -9.0387752283163699e-27)
(8.1680741436224351e-06 -1.1718474387147695e-05 -8.9420195088299853e-27)
(8.2542211806900276e-06 -1.1585097879467457e-05 8.840979000959012e-27)
(8.3373610922474453e-06 -1.1446413586030654e-05 8.735838920855683e-27)
(8.4174488116564973e-06 -1.1302665577265299e-05 0)
(8.4944515424245858e-06 -1.1154098923023039e-05 0)
(8.5683483915428521e-06 -1.1000958615161558e-05 0)
(8.6391299373300079e-06 -1.0843488548868997e-05 0)
(8.706797740293209e-06 -1.068193056933552e-05 0)
(8.7713638052927671e-06 -1.0516523585137127e-05 0)
(8.8328500034965618e-06 -1.0347502753953394e-05 -2.633597786538765e-27)
(8.8912874623802191e-06 -1.0175098740037532e-05 -1.0359422082628678e-26)
(8.9467159314861161e-06 -9.9995370453548087e-06 -7.6358919972687623e-27)
(8.9991831315659502e-06 -9.8210374129905214e-06 7.4999389252361642e-27)
(9.0487440941417157e-06 -9.6398133031839757e-06 7.3618718292848906e-27)
(9.0954604979026751e-06 -9.4560714395760402e-06 0)
(9.1394000079221798e-06 -9.2700114236282695e-06 0)
(9.1806356229030986e-06 -9.0818254139184689e-06 0)
(9.2192450353569572e-06 -8.8916978681718471e-06 6.7915671095288584e-27)
(9.255310008811062e-06 -8.69980534379957e-06 6.6452078086177789e-27)
(9.2889157755360222e-06 -8.5063163534878373e-06 0)
(9.3201504577243846e-06 -8.3113912717271667e-06 0)
(9.349104514418724e-06 -8.1151822888496553e-06 0)
(9.3758702162743496e-06 -7.9178334078442576e-06 0)
(9.4005411494805236e-06 -7.7194804808383626e-06 0)
(9.4232117496774417e-06 -7.5202512805563906e-06 0)
(9.4439768664210172e-06 -7.3202656035739003e-06 0)
(9.4629313583891355e-06 -7.1196354013361751e-06 0)
(9.4801697191828476e-06 -6.9184649356552955e-06 0)
(9.4957857331789446e-06 -6.7168509553732308e-06 5.1315650889687225e-27)
(9.5098721607932235e-06 -6.5148828909313844e-06 4.9773055450182335e-27)
(9.5225204521994542e-06 -6.3126430642794538e-06 0)
(9.5338204884457603e-06 -6.1102069110804602e-06 0)
(9.5438603486657975e-06 -5.9076432127789777e-06 0)
(9.5527261021334831e-06 -5.7050143369692648e-06 0)
(9.5605016236372608e-06 -5.5023764824144363e-06 0)
(9.5672684306758534e-06 -5.2997799287958896e-06 0)
(9.5731055410707065e-06 -5.0972692877529381e-06 0)
(9.5780893492640973e-06 -4.8948837549501961e-06 -3.7395748667352327e-27)
(9.5822935199455916e-06 -4.6926573608397251e-06 -2.2705660250461058e-57)
(9.5857888975085972e-06 -4.4906192193055521e-06 3.4306098807958476e-27)
(9.5886434297923196e-06 -4.2887937731636329e-06 0)
(9.5909221048597906e-06 -4.0872010350505493e-06 0)
(9.5926868996565247e-06 -3.8858568228216073e-06 0)
(9.5939967393882588e-06 -3.6847729888452365e-06 0)
(9.5949074668046593e-06 -3.4839576420174433e-06 0)
(9.5954718208120011e-06 -3.2834153619769969e-06 0)
(9.595739424063769e-06 -3.0831474049313468e-06 0)
(9.5957567796348187e-06 -2.883151900427909e-06 0)
(9.595567277213968e-06 -2.6834240393659446e-06 0)
(9.5952112097284385e-06 -2.4839562531072889e-06 0)
(9.5947258018078997e-06 -2.2847383849618951e-06 1.7442056864099149e-27)
(9.594145251773381e-06 -2.085757855678039e-06 1.5920503524379792e-27)
(9.593500789109235e-06 -1.8869998259908733e-06 0)
(9.5928207491482177e-06 -1.6884473608426236e-06 0)
(9.5921306658706429e-06 -1.4900816014639072e-06 0)
(9.5914533819140211e-06 -1.2918819539386348e-06 0)
(9.5908091718800487e-06 -1.0938263040424471e-06 0)
(9.5902158696894856e-06 -8.9589126969072229e-07 0)
(9.5896889838263893e-06 -6.9805250030755681e-07 0)
(9.5892417753015963e-06 -5.0028502780319211e-07 0)
(9.5888852651486645e-06 -3.0256366144748901e-07 0)
(7.7570156224543658e-07 0.00057847018064576916 0)
(2.9951182584144086e-06 0.00036731211004083729 0)
(5.1170726393109713e-06 0.00012111853216989387 0)
(6.2271397803317099e-06 2.1982415807577616e-05 0)
(6.659136252427202e-06 -5.5240487185447115e-06 0)
(6.8451115483118232e-06 -1.1596763195563088e-05 0)
(6.9794097669703598e-06 -1.2710299935714097e-05 0)
(7.1041541485072429e-06 -1.2852062888122767e-05 -6.5240052728858204e-27)
(7.2251532790499389e-06 -1.2820282569069306e-05 -6.5135169280991709e-27)
(7.343759614249315e-06 -1.2754835596953828e-05 6.4818711338951651e-27)
(7.4602703637398389e-06 -1.2678018849828019e-05 3.2218634818699768e-27)
(7.5745736665587701e-06 -1.2593255756904251e-05 -7.5398239174194148e-43)
(7.6864968778939023e-06 -1.2501186237379877e-05 -6.3553097835394678e-27)
(7.7958810408438668e-06 -1.2402074068972219e-05 -9.4583992468359022e-27)
(7.9025819465940698e-06 -1.2296142953662766e-05 -6.2523855475059719e-27)
(8.0064688878024246e-06 -1.2183619992908284e-05 -6.1957834005389246e-27)
(8.1074250361151248e-06 -1.2064740021228066e-05 0)
(8.2053477254395409e-06 -1.1939744927873696e-05 -9.109343537256372e-27)
(8.3001485206398701e-06 -1.1808882371257325e-05 -9.0102890887882225e-27)
(8.3917531615646191e-06 -1.1672404441852212e-05 8.9068981414097264e-27)
(8.4801014033984939e-06 -1.1530566350957961e-05 8.7993661323928272e-27)
(8.5651467594457217e-06 -1.1383625164568451e-05 0)
(8.6468561544870458e-06 -1.1231838590251569e-05 5.7151118093514251e-27)
(8.7252094975946755e-06 -1.107546382701355e-05 5.6359309509850766e-27)
(8.8001991838282417e-06 -1.0914756483040314e-05 0)
(8.8718295345742224e-06 -1.0749969567484728e-05 0)
(8.940116186006541e-06 -1.0581352558161961e-05 5.3854949962056526e-27)
(9.0050854352713091e-06 -1.0409150550376888e-05 0)
(9.0667735537111302e-06 -1.0233603486015267e-05 -1.8231728685704057e-26)
(9.1252260758022505e-06 -1.0054945464429321e-05 -1.2795944477058798e-26)
(9.1804970722767672e-06 -9.8734041332728825e-06 5.02619876093009e-27)
(9.2326484152447056e-06 -9.6892001590612902e-06 2.4663208189090203e-27)
(9.2817490424829412e-06 -9.5025467745621585e-06 -2.4189080142174269e-27)
(9.3278742271787984e-06 -9.3136493999830904e-06 0)
(9.3711048590399781e-06 -9.122705334523762e-06 0)
(9.4115267420385047e-06 -8.9299035152255581e-06 2.2733818426918648e-27)
(9.4492299129590431e-06 -8.7354243381902828e-06 2.2239391628927527e-27)
(9.48430798460159e-06 -8.5394395381164806e-06 0)
(9.5168575165311294e-06 -8.3421121216600085e-06 0)
(9.5469774159081635e-06 -8.1435963502313001e-06 0)
(9.574768370415249e-06 -7.9440377673959803e-06 0)
(9.6003323143678142e-06 -7.7435732669609098e-06 0)
(9.6237719288860794e-06 -7.5423311966105903e-06 -3.8409054157869111e-27)
(9.6451901765895675e-06 -7.3404314937419728e-06 -3.7381458374229543e-27)
(9.6646898707380307e-06 -7.1379858489315114e-06 -1.8175488568867315e-27)
(9.6823732784360455e-06 -6.9350978934585563e-06 -1.7659072360450014e-27)
(9.6983417572444026e-06 -6.731863407249866e-06 5.1425182492234848e-27)
(9.7126954243286773e-06 -6.5283705439232062e-06 4.9871043862239646e-27)
(9.725532856954635e-06 -6.3247000699195592e-06 -3.2210284039890459e-27)
(9.7369508229518023e-06 -6.1209256148199297e-06 -6.2345198429774895e-27)
(9.7470440397824613e-06 -5.9171139299205618e-06 -3.0134652493194882e-27)
(9.755904960617943e-06 -5.713325153777866e-06 -1.4548377100718028e-27)
(9.7636235857935465e-06 -5.5096130808193042e-06 -1.4029590989879735e-27)
(9.7702872978831626e-06 -5.3060254329486867e-06 0)
(9.7759807187475589e-06 -5.1026041310279935e-06 0)
(9.7807855868919363e-06 -4.8993855656426254e-06 -3.7426105888603626e-27)
(9.7847806533465346e-06 -4.6964008650584958e-06 -5.9791602594547145e-27)
(9.7880415945885185e-06 -4.4936761595911149e-06 0)
(9.7906409408777673e-06 -4.2912328412223585e-06 1.092618924803105e-27)
(9.7926480185233871e-06 -4.0890878175162934e-06 -1.0411205476374963e-27)
(9.7941289048929614e-06 -3.8872537588111833e-06 0)
(9.7951463949423843e-06 -3.6857393382356381e-06 0)
(9.7957599782687252e-06 -3.4845494637797334e-06 -1.7741900960108082e-27)
(9.7960258260072627e-06 -3.2836855020209333e-06 -1.6718285814247919e-27)
(9.7959967870404816e-06 -3.0831454931871536e-06 0)
(9.7957223933745236e-06 -2.8829243574113854e-06 -7.3379344729158132e-28)
(9.7952488747279756e-06 -2.6830140924767045e-06 0)
(9.7946191827626588e-06 -2.4834039636180819e-06 6.3198234738175208e-28)
(9.7938730256410432e-06 -2.2840806865921632e-06 5.8118632277327413e-28)
(9.7930469137027192e-06 -2.085028605888933e-06 -5.3045863324085689e-28)
(9.7921742170424313e-06 -1.8862298708617565e-06 -1.9191805861820373e-27)
(9.7912852353257745e-06 -1.6876646137583236e-06 -8.5838259331217539e-28)
(9.7904072793452076e-06 -1.4893111344899713e-06 0)
(9.7895647622398129e-06 -1.2911460982851627e-06 0)
(9.7887792957623374e-06 -1.0931447532834064e-06 0)
(9.7880697832249784e-06 -8.9528117381717665e-07 4.545368725140611e-28)
(9.787452496740928e-06 -6.9752853498572554e-07 3.5376469206924285e-28)
(9.786941121259158e-06 -4.9985941679874829e-07 -2.5304371992956516e-28)
(9.7865467452296915e-06 -3.022461301028696e-07 -2.2854149406400592e-28)
(7.7766822802944258e-07 0.00057838900941042492 0)
(3.0044806664096825e-06 0.0003671906886121167 0)
(5.1344485962864327e-06 0.00012098939651176654 0)
(6.2529635667957564e-06 2.1852525100620768e-05 0)
(6.6933805285811822e-06 -5.6532738650601886e-06 0)
(6.8876797243005975e-06 -1.1724895088469725e-05 0)
(7.0301947280053825e-06 -1.2837074822080541e-05 0)
(7.1630314617125092e-06 -1.29772492442251e-05 -6.5870415103977335e-27)
(7.291979811922205e-06 -1.2943661974630019e-05 -6.5756593446133189e-27)
(7.4183748544560879e-06 -1.2876200653003719e-05 6.5430129268299892e-27)
(7.5424976899160972e-06 -1.2797173655740769e-05 3.2518835543981712e-27)
(7.6642215838792595e-06 -1.2710016710436159e-05 6.9176098879348422e-43)
(7.7833603217731525e-06 -1.2615382784769751e-05 -6.4128688107125013e-27)
(7.8997427414059701e-06 -1.2513549337197979e-05 -9.5426889266921946e-27)
(8.0132138344297953e-06 -1.2404754252390161e-05 -6.3071387332821999e-27)
(8.1236335244677507e-06 -1.2289239183849031e-05 -6.2490300494043675e-27)
(8.2308770537716402e-06 -1.2167253757069193e-05 0)
(8.3348352608202716e-06 -1.2039054764089005e-05 0)
(8.4354146295094998e-06 -1.190490475630144e-05 0)
(8.5325372008193073e-06 -1.1765070592329403e-05 8.9769576127454111e-27)
(8.6261403693739376e-06 -1.1619822019627959e-05 8.8668370317497468e-27)
(8.7161765722819347e-06 -1.1469430309848793e-05 0)
(8.8026128798338616e-06 -1.1314166956805921e-05 5.7565837944137041e-27)
(8.8854304984476882e-06 -1.1154302447179113e-05 5.6756339810956996e-27)
(8.9646241966216254e-06 -1.0990105109630941e-05 0)
(9.040201665140853e-06 -1.0821840047953379e-05 0)
(9.1121828223839765e-06 -1.0649768160553194e-05 5.4199102571973605e-27)
(9.1805990755198876e-06 -1.0474145250978524e-05 -7.9962347313874872e-27)
(9.2454925481662229e-06 -1.029522122838839e-05 -1.83401027354026e-26)
(9.3069152841382982e-06 -1.0113239398713973e-05 -5.1476538173820453e-27)
(9.3649284367928535e-06 -9.9284358445079984e-06 -2.5269089248234057e-27)
(9.41960145261699e-06 -9.7410388922161692e-06 -4.9586388105910691e-27)
(9.4710112568300285e-06 -9.5512686635701293e-06 -2.4311149413087602e-27)
(9.5192414479362191e-06 -9.3593367068559474e-06 -7.1470498127598791e-27)
(9.5643815076210626e-06 -9.1654457046514811e-06 -6.9992296024410891e-27)
(9.60652603157339e-06 -8.9697892534025659e-06 -4.5666890951826214e-27)
(9.6457739857644074e-06 -8.7725517097744165e-06 -4.4664028587937281e-27)
(9.6822279919422469e-06 -8.5739080984917709e-06 0)
(9.7159936455262425e-06 -8.3740240770534747e-06 6.3955789167914096e-27)
(9.7471788685829921e-06 -8.1730559518056373e-06 6.2422316563161621e-27)
(9.7758932994518948e-06 -7.9711507404583444e-06 0)
(9.80224772023009e-06 -7.7684462758671697e-06 0)
(9.8263535228613794e-06 -7.5650713462628816e-06 1.9260647056199939e-27)
(9.8483222140465475e-06 -7.3611458675811732e-06 1.8741716902077181e-27)
(9.868264958614166e-06 -7.1567810831626167e-06 -7.2886467988279484e-27)
(9.8862921608205488e-06 -6.9520797868376487e-06 -7.0802449683142375e-27)
(9.9025130826708063e-06 -6.747136565525028e-06 -5.1536841407504313e-27)
(9.9170354980407913e-06 -6.5420380578544221e-06 -4.9970533945741398e-27)
(9.9299653812565403e-06 -6.3368632253519373e-06 -8.0672543511805579e-27)
(9.9414066283563037e-06 -6.1316836334305379e-06 -1.0928486799385253e-26)
(9.9514608095882804e-06 -5.9265637389318384e-06 -3.0179713871182034e-27)
(9.960226951176237e-06 -5.7215611828159413e-06 -1.4567856358144968e-27)
(9.9678013444296332e-06 -5.5167270845325767e-06 -5.6185017277123227e-27)
(9.9742773804501024e-06 -5.3121063370480394e-06 -4.0575500524884174e-27)
(9.9797454083482414e-06 -5.1077379004248083e-06 0)
(9.9842926152324625e-06 -4.9036550925702983e-06 0)
(9.9880029260224139e-06 -4.6998858756381904e-06 -2.3931854912063306e-27)
(9.9909569213415716e-06 -4.4964531371841888e-06 3.4343292897786869e-27)
(9.9932317718349268e-06 -4.2933749649458466e-06 4.3721926848487348e-27)
(9.9949011872526868e-06 -4.0906649144639717e-06 -1.0414115216804794e-27)
(9.9960353789404834e-06 -3.8883322689102473e-06 0)
(9.9967010344389516e-06 -3.6863822903195477e-06 0)
(9.9969613030317858e-06 -3.4848164622109166e-06 -1.7741415946141266e-27)
(9.9968757914013809e-06 -3.2836327230138744e-06 -1.6716306059485122e-27)
(9.9965005686605632e-06 -3.0828256904365931e-06 0)
(9.9958881803304133e-06 -2.8823868768362235e-06 -2.9343413579162485e-27)
(9.9950876709977267e-06 -2.6823048959902931e-06 -2.0478184490376489e-27)
(9.9941446156173086e-06 -2.4825656622752611e-06 -1.2634264379055122e-27)
(9.9931011595617325e-06 -2.2831525832930425e-06 -2.9045129493794254e-27)
(9.991996067530648e-06 -2.0840467479760218e-06 -2.1206790661573019e-27)
(9.9908647812785294e-06 -1.885227112462774e-06 -1.9180390700840724e-27)
(9.9897394856182072e-06 -1.6866706871388344e-06 -8.5783435305662637e-28)
(9.9886491814440307e-06 -1.488352728535587e-06 1.1351585716988853e-27)
(9.9876197632288604e-06 -1.2902469403909698e-06 9.8373199419214354e-28)
(9.986674096430621e-06 -1.092325688698386e-06 0)
(9.9858320880418745e-06 -8.9456023357605888e-07 4.5419988959982211e-28)
(9.985110740923071e-06 -6.9692098066524933e-07 3.5350219100799353e-28)
(9.9845241802171588e-06 -4.9937774866742607e-07 -2.528609084463021e-28)
(9.984083640089427e-06 -3.0190004616958264e-07 -2.2839206466661491e-28)
(7.796955010449169e-07 0.00057830244629233191 0)
(3.0141323016192114e-06 0.00036706123518566452 0)
(5.1523608605894357e-06 0.00012085173896599495 0)
(6.2795821544428647e-06 2.1714081185986101e-05 0)
(6.728674463777632e-06 -5.7909871978606983e-06 0)
(6.9315458021213336e-06 -1.1861417816648364e-05 0)
(7.0825180521584716e-06 -1.2972121310092902e-05 0)
(7.2236785264385049e-06 -1.311056835401658e-05 0)
(7.3607971602804998e-06 -1.3075016894740663e-05 0)
(7.4951905237739258e-06 -1.3005366771704985e-05 0)
(7.6271226109255197e-06 -1.2923939116207784e-05 0)
(7.7564509480297975e-06 -1.2834183291893005e-05 0)
(7.8829750218125287e-06 -1.2736766719299344e-05 -9.7111783228243607e-27)
(8.0065108756940834e-06 -1.2631981992014491e-05 -9.6323405027496915e-27)
(8.1268922534366673e-06 -1.2520082664364349e-05 0)
(8.2439694007633996e-06 -1.2401326444957799e-05 0)
(8.3576094578318475e-06 -1.2275979252870487e-05 0)
(8.4676967262576103e-06 -1.2144314270320597e-05 0)
(8.5741326922641534e-06 -1.2006610399530403e-05 0)
(8.6768358980670622e-06 -1.1863150682899655e-05 9.0512006094731353e-27)
(8.7757416857208183e-06 -1.1714220766308597e-05 8.9382838826011211e-27)
(8.8708018222046541e-06 -1.1560107425958855e-05 0)
(8.9619840170150601e-06 -1.1401097169399573e-05 0)
(9.0492713444430602e-06 -1.123747492030853e-05 0)
(9.132661582811868e-06 -1.1069522793796247e-05 0)
(9.2121664836179369e-06 -1.0897518967321324e-05 0)
(9.2878109829369866e-06 -1.0721736649637458e-05 0)
(9.3596323672996594e-06 -1.0542443152003739e-05 -8.0478147905678772e-27)
(9.4276794058279833e-06 -1.0359899060293929e-05 -7.9088648457197887e-27)
(9.4920114595920473e-06 -1.0174357507471065e-05 0)
(9.5526975785937603e-06 -9.986063544775716e-06 0)
(9.6098155959528458e-06 -9.7952536086160804e-06 0)
(9.6634512277412632e-06 -9.6021550794070192e-06 0)
(9.7136971860726911e-06 -9.4069859271615328e-06 -7.1828862994745513e-27)
(9.7606523123971147e-06 -9.2099544399331486e-06 -7.0326712577572468e-27)
(9.8044207367496999e-06 -9.0112590289141464e-06 0)
(9.8451110677381752e-06 -8.8110881049305007e-06 0)
(9.8828356172467242e-06 -8.6096200196907287e-06 0)
(9.9177096631316958e-06 -8.4070230670123346e-06 6.4202460961057083e-27)
(9.949850752393293e-06 -8.2034555373688628e-06 6.2649182181078099e-27)
(9.9793780462873279e-06 -7.9990658203002371e-06 0)
(1.0006411708524718e-05 -7.7939925488246475e-06 0)
(1.003107233711419e-05 -7.5883647809077531e-06 5.7954698002558882e-27)
(1.0053480439633245e-05 -7.3823022126171004e-06 5.6381649635667944e-27)
(1.0073755951433196e-05 -7.1759154181525218e-06 -5.4805976083109477e-27)
(1.0092017796009642e-05 -6.9693061124315604e-06 -5.322846457062744e-27)
(1.0108383486137992e-05 -6.7625674318367495e-06 -5.1649836095883861e-27)
(1.0122968764379667e-05 -6.5557842297952227e-06 -5.0070747703640045e-27)
(1.0135887281304788e-05 -6.3490333828736186e-06 -4.849179483350584e-27)
(1.0147250309317025e-05 -6.1423841052461758e-06 -4.6913513748077421e-27)
(1.0157166490309777e-05 -5.9358982677088496e-06 0)
(1.0165741614975836e-05 -5.7296307196792521e-06 0)
(1.0173078431555867e-05 -5.5236296112476367e-06 -4.2187227982592294e-27)
(1.0179276481983216e-05 -5.3179367134201114e-06 -4.0615899636489754e-27)
(1.0184431963219408e-05 -5.1125877352314823e-06 0)
(1.0188637611685682e-05 -4.9076126358798212e-06 0)
(1.0191982608747101e-05 -4.7030359306919728e-06 0)
(1.0194552505294543e-05 -4.4988769899976503e-06 3.4358231534696815e-27)
(1.0196429163575468e-05 -4.2951503299910545e-06 3.2801587559320282e-27)
(1.0197690714538127e-05 -4.0918658946914253e-06 0)
(1.0198411529049749e-05 -3.8890293289355827e-06 0)
(1.0198662201662755e-05 -3.6866422412299527e-06 0)
(1.0198509545593681e-05 -3.4847024571422484e-06 0)
(1.0198016597775766e-05 -3.2832042624322873e-06 0)
(1.0197242633202244e-05 -3.0821386365438926e-06 0)
(1.0196243187806149e-05 -2.8814934765303124e-06 -2.1998635798042292e-27)
(1.0195070089277716e-05 -2.681253811997266e-06 -2.0468277402568639e-27)
(1.0193771495455341e-05 -2.4814020123013063e-06 -1.8940859752139744e-27)
(1.019239193995113e-05 -2.2819179868789457e-06 -1.741623696236192e-27)
(1.0190972384563183e-05 -2.0827793807412126e-06 0)
(1.0189550277922131e-05 -1.8839617670553697e-06 0)
(1.0188159619335881e-05 -1.6854388395453405e-06 0)
(1.0186831026175543e-05 -1.4871826076488798e-06 1.1342247224978023e-27)
(1.0185591802171816e-05 -1.2891635973259411e-06 9.8289018033004458e-28)
(1.0184466002654688e-05 -1.0913510606995713e-06 0)
(1.0183474491331684e-05 -8.9371319616471172e-07 0)
(1.0182634981746259e-05 -6.9621737929685418e-07 0)
(1.0181962055802835e-05 -4.9883040198187556e-07 0)
(1.0181467152545379e-05 -3.0151871370092623e-07 0)
(7.8178871997647369e-07 0.00057821031997691704 0)
(3.0240986427797124e-06 0.00036692349510781495 0)
(5.1708565398038122e-06 0.00012070529074326508 7.0680208753149539e-26)
(6.3070651825867798e-06 2.1566816619464636e-05 0)
(6.7651098591397063e-06 -5.9374507815048151e-06 2.3673785144562076e-27)
(6.9768229876470192e-06 -1.200658610255359e-05 0)
(7.1365134577859587e-06 -1.3115685248862953e-05 0)
(7.2862485535759638e-06 -1.325225582485986e-05 0)
(7.4317768782786051e-06 -1.3214571453084643e-05 0)
(7.5743952558116389e-06 -1.3142545480744847e-05 0)
(7.7143494795088114e-06 -1.3058513187702209e-05 0)
(7.8514803921035669e-06 -1.296593905465489e-05 0)
(7.9855723924562603e-06 -1.2865506506840335e-05 0)
(8.1164280987850708e-06 -1.27575248766458e-05 0)
(8.243869534948758e-06 -1.2642265023891762e-05 0)
(8.3677369535813823e-06 -1.2520002361497686e-05 0)
(8.4878892303422671e-06 -1.2391020746391786e-05 0)
(8.6042041142315602e-06 -1.22556113735851e-05 0)
(8.7165782167962519e-06 -1.211407108128518e-05 0)
(8.8249268338710313e-06 -1.1966700629542596e-05 0)
(8.9291836261488903e-06 -1.1813803032873828e-05 0)
(9.0293001691025742e-06 -1.1655681967985311e-05 0)
(9.1252453853444291e-06 -1.1492640269297415e-05 0)
(9.2170048737245573e-06 -1.1324978520731089e-05 0)
(9.3045801493671427e-06 -1.1152993752066092e-05 0)
(9.3879878092627046e-06 -1.0976978244101458e-05 0)
(9.4672586376110629e-06 -1.0797218445135344e-05 5.4942297595093691e-27)
(9.5424366647199902e-06 -1.0613994002349304e-05 5.4012795370267273e-27)
(9.6135781925856888e-06 -1.0427576906293581e-05 0)
(9.6807507995436965e-06 -1.0238230746697487e-05 0)
(9.7440323354238336e-06 -1.0046210077807013e-05 0)
(9.8035099177789024e-06 -9.8517598888325398e-06 0)
(9.8592789382285958e-06 -9.6551151743823671e-06 0)
(9.9114420873682717e-06 -9.4565005997066315e-06 0)
(9.9601084056990373e-06 -9.2561302550089789e-06 0)
(1.0005392366390578e-05 -9.0542074917833562e-06 0)
(1.0047412994916046e-05 -8.8509248352273943e-06 0)
(1.0086293029796835e-05 -8.6464639648445692e-06 0)
(1.01221581277439e-05 -8.44099575805079e-06 0)
(1.0155136115206481e-05 -8.2346803888739624e-06 0)
(1.0185356287949474e-05 -8.0276674757508431e-06 0)
(1.0212948759564173e-05 -7.820096272120819e-06 0)
(1.0238043859005314e-05 -7.612095894082424e-06 0)
(1.0260771576748092e-05 -7.4037855791569625e-06 0)
(1.028126105874548e-05 -7.1952749711720251e-06 0)
(1.0299640147028428e-05 -6.98666442650515e-06 0)
(1.0316034965172714e-05 -6.7780453368111555e-06 0)
(1.0330569546888429e-05 -6.5695004648989988e-06 0)
(1.0343365505734807e-05 -6.361104289048229e-06 0)
(1.0354541743499581e-05 -6.1529233537027878e-06 0)
(1.0364214195108611e-05 -5.9450166225706471e-06 0)
(1.0372495607605897e-05 -5.7374358321776405e-06 0)
(1.0379495350690496e-05 -5.5302258434031477e-06 0)
(1.0385319256452146e-05 -5.3234249888306667e-06 0)
(1.0390069485878977e-05 -5.1170654147872178e-06 0)
(1.03938444197835e-05 -4.9111734161159645e-06 0)
(1.0396738571911703e-05 -4.7057697628049211e-06 0)
(1.0398842522053871e-05 -4.500870017428887e-06 0)
(1.0400242867120683e-05 -4.2964848427721681e-06 0)
(1.0401022188290721e-05 -4.0926202987529574e-06 0)
(1.0401259032428798e-05 -3.889278128797493e-06 0)
(1.0401027906269612e-05 -3.6864560347199257e-06 0)
(1.0400399281859941e-05 -3.4841479407560447e-06 0)
(1.0399439611984036e-05 -3.2823442463082163e-06 0)
(1.0398211354545974e-05 -3.0810320681772625e-06 0)
(1.0396773004870215e-05 -2.880195472383493e-06 0)
(1.0395179135215445e-05 -2.6798156962996658e-06 0)
(1.0393480440730738e-05 -2.47987136258342e-06 0)
(1.039172379112856e-05 -2.2803386854992328e-06 0)
(1.0389952287389252e-05 -2.0811916716814431e-06 0)
(1.0388205322519924e-05 -1.8824023169656132e-06 0)
(1.0386518645089781e-05 -1.6839408014386898e-06 0)
(1.0384924423748735e-05 -1.4857756851047257e-06 0)
(1.0383451310244547e-05 -1.2878741060770712e-06 0)
(1.0382124497660324e-05 -1.090201983545135e-06 0)
(1.0380965769550439e-05 -8.9272422621167549e-07 0)
(1.0379993535190452e-05 -6.9540494586522688e-07 0)
(1.0379222845874012e-05 -4.9820767399285808e-07 0)
(1.0378665388357529e-05 -3.0109557680368123e-07 0)
(7.8395367222848556e-07 0.00057811244407703836 0)
(3.0344071844392886e-06 0.00036677719123589516 0)
(5.1899863774803332e-06 0.00012054975921822477 7.0600855330038842e-26)
(6.3354876006439437e-06 2.1410440549502034e-05 0)
(6.8027854911185087e-06 -6.0929492980092992e-06 2.4458416376412497e-27)
(7.0236330672936991e-06 -1.2160676399222472e-05 0)
(7.1923247343921312e-06 -1.3268033202378468e-05 0)
(7.3509061904406774e-06 -1.3402566826826102e-05 0)
(7.5051031894436106e-06 -1.3362568059957494e-05 0)
(7.656191445244346e-06 -1.328796521032981e-05 0)
(7.8043973521050362e-06 -1.3201109254873216e-05 0)
(7.949544041042803e-06 -1.3105481434576137e-05 -6.6599709892338266e-27)
(8.0913999707437075e-06 -1.3001782898253909e-05 -6.6080478510275555e-27)
(8.2297536610708534e-06 -1.2890341489384076e-05 0)
(8.364414922064214e-06 -1.2771447176857658e-05 0)
(8.4952136958671362e-06 -1.2645394891273957e-05 0)
(8.62200044763914e-06 -1.2512488230281129e-05 0)
(8.7446463914705915e-06 -1.2373038174947493e-05 0)
(8.8630434361530742e-06 -1.2227361225955245e-05 0)
(8.9771039463079114e-06 -1.2075777525389554e-05 0)
(9.0867603471043606e-06 -1.1918609045038001e-05 0)
(9.1919645856467427e-06 -1.1756177863953624e-05 0)
(9.2926874641248876e-06 -1.158880454907045e-05 0)
(9.3889178613475371e-06 -1.1416806646958736e-05 0)
(9.4806618592013553e-06 -1.1240497296084731e-05 0)
(9.5679417905103768e-06 -1.1060183962884035e-05 0)
(9.6507952245724736e-06 -1.0876167304402542e-05 5.534091592468688e-27)
(9.7292739059859572e-06 -1.0688740159941973e-05 5.4390033996945168e-27)
(9.8034426613796458e-06 -1.0498186669363433e-05 0)
(9.8733782879017122e-06 -1.0304781515238586e-05 0)
(9.939168436209954e-06 -1.0108789286063989e-05 0)
(1.0000910499236855e-05 -9.9104639549540112e-06 0)
(1.0058710516825066e-05 -9.7100484671984352e-06 0)
(1.0112682105372667e-05 -9.5077744312642683e-06 0)
(1.0162945420128928e-05 -9.3038619050982831e-06 0)
(1.0209626156367084e-05 -9.0985192705045691e-06 0)
(1.0252854594615149e-05 -8.8919431880225488e-06 0)
(1.0292764694328627e-05 -8.6843186238580108e-06 0)
(1.0329493239010112e-05 -8.4758189423075879e-06 0)
(1.0363179034645122e-05 -8.2666060550304053e-06 0)
(1.0393962162985441e-05 -8.0568306205991066e-06 0)
(1.042198329012072e-05 -7.8466322871255577e-06 0)
(1.0447383030021614e-05 -7.6361399716226572e-06 0)
(1.0470301362461361e-05 -7.425472169710739e-06 0)
(1.049087710398868e-05 -7.2147372901738019e-06 0)
(1.0509247430228527e-05 -7.0040340091908503e-06 0)
(1.0525547447609202e-05 -6.7934516392629807e-06 0)
(1.0539909812079132e-05 -6.583070508865737e-06 0)
(1.0552464392461944e-05 -6.3729623485655478e-06 0)
(1.0563337975776353e-05 -6.163190680686481e-06 0)
(1.0572654011793415e-05 -5.953811209082523e-06 0)
(1.0580532394115161e-05 -5.7448722065749109e-06 0)
(1.0587089274893451e-05 -5.5364148978683826e-06 0)
(1.0592436910575347e-05 -5.3284738357377394e-06 0)
(1.0596683535923741e-05 -5.1210772693575652e-06 0)
(1.0599933263678399e-05 -4.9142475029352591e-06 0)
(1.060228600743998e-05 -4.7080012439346695e-06 0)
(1.0603837425335554e-05 -4.5023499398605711e-06 0)
(1.0604678882245217e-05 -4.2973001031705827e-06 0)
(1.0604897428499263e-05 -4.0928536235902535e-06 0)
(1.0604575793100774e-05 -3.8890080680457512e-06 0)
(1.0603792389755019e-05 -3.6857569676833381e-06 0)
(1.0602621334042877e-05 -3.4830900923351356e-06 0)
(1.0601132470327441e-05 -3.2809937126472048e-06 0)
(1.0599391407119673e-05 -3.0794508504478417e-06 0)
(1.0597459559700968e-05 -2.8784415177377322e-06 0)
(1.0595394199085706e-05 -2.6779429450879255e-06 0)
(1.0593248506271821e-05 -2.4779298009407192e-06 0)
(1.0591071630867069e-05 -2.2783744024191502e-06 0)
(1.0588908753126899e-05 -2.0792469195777446e-06 0)
(1.0586801148204839e-05 -1.8805155744490227e-06 0)
(1.058478625125535e-05 -1.6821468367032284e-06 0)
(1.0582897721605982e-05 -1.484105617833429e-06 0)
(1.0581165503778599e-05 -1.2863554652331816e-06 0)
(1.0579615882595164e-05 -1.0888587578553181e-06 0)
(1.0578271529129098e-05 -8.9157690342587804e-07 0)
(1.0577151534032432e-05 -6.9447053729396664e-07 0)
(1.057627142493121e-05 -4.9749972075507909e-07 0)
(1.057564316551891e-05 -3.0062413584244787e-07 0)
(7.8619654189106885e-07 0.00057800861604266336 5.3313531836676345e-25)
(3.0450874002225116e-06 0.00036662202252423903 0)
(5.2098051881450563e-06 0.00012038482670355727 -7.0516642113567761e-26)
(6.364930614914689e-06 2.1244637261405834e-05 0)
(6.841808134499505e-06 -6.2577916458171459e-06 0)
(7.0721074571563511e-06 -1.2323988460497881e-05 0)
(7.2501068988058914e-06 -1.3429453925566803e-05 -6.7879995026665273e-27)
(7.4178288043381544e-06 -1.3561777447573619e-05 -1.3764222385315206e-26)
(7.5809743882460984e-06 -1.3519268627485597e-05 -6.8663088601782916e-27)
(7.7407967514251972e-06 -1.3441872355833119e-05 0)
(7.897501575836028e-06 -1.3351957032107237e-05 6.7840376167394838e-27)
(8.0508931616839481e-06 -1.3253022485665934e-05 6.7736895944128713e-42)
(8.2007231086790067e-06 -1.3145789497262046e-05 -6.6809210673383004e-27)
(8.3467651226298543e-06 -1.3030606384536065e-05 0)
(8.4888162865690045e-06 -1.2907784218140698e-05 0)
(8.6266959177606926e-06 -1.2777639444217289e-05 0)
(8.7602459485410413e-06 -1.2640497381407017e-05 0)
(8.8893311186603708e-06 -1.2496690737988988e-05 0)
(9.0138388661625534e-06 -1.2346557560376283e-05 0)
(9.1336790146153735e-06 -1.2190439180808286e-05 0)
(9.2487832874057825e-06 -1.202867824684704e-05 0)
(9.3591046649095515e-06 -1.1861616856769478e-05 0)
(9.4646166021664469e-06 -1.1689594815377838e-05 0)
(9.5653121263799441e-06 -1.1512948018635798e-05 0)
(9.6612028332224058e-06 -1.133200697674787e-05 0)
(9.7523178009050792e-06 -1.1147095478285255e-05 0)
(9.838702440428225e-06 -1.0958529398154951e-05 0)
(9.920417299584463e-06 -1.0766615650470138e-05 0)
(9.9975368371566707e-06 -1.057165128304248e-05 0)
(1.0070148182604821e-05 -1.0373922709814956e-05 0)
(1.0138349895483128e-05 -1.0173705076993192e-05 0)
(1.020225073656226e-05 -9.9712617556261598e-06 0)
(1.0261968461848093e-05 -9.7668439532537252e-06 0)
(1.0317628649356963e-05 -9.5606904375701469e-06 0)
(1.036936356629478e-05 -9.3530273622747131e-06 0)
(1.0417311083339851e-05 -9.1440681872444225e-06 0)
(1.0461613641466942e-05 -8.9340136834634771e-06 0)
(1.0502417275408114e-05 -8.7230520141671223e-06 0)
(1.0539870696506915e-05 -8.511358883316889e-06 0)
(1.0574124436872586e-05 -8.2990977428716845e-06 0)
(1.0605330055790037e-05 -8.0864200509647907e-06 0)
(1.0633639408447059e-05 -7.8734655730668856e-06 0)
(1.0659203976326712e-05 -7.6603627191172653e-06 0)
(1.068217425807588e-05 -7.4472289099067185e-06 0)
(1.0702699219135495e-05 -7.2341709665379896e-06 0)
(1.0720925797819755e-05 -7.0212855172985629e-06 0)
(1.0736998465420842e-05 -6.8086594171441237e-06 0)
(1.0751058837563484e-05 -6.5963701750838359e-06 0)
(1.0763245333887635e-05 -6.3844863854151966e-06 0)
(1.0773692882947889e-05 -6.1730681593977832e-06 0)
(1.0782532669174473e-05 -5.9621675543080101e-06 0)
(1.078989191879666e-05 -5.7518289970421176e-06 0)
(1.0795893721523329e-05 -5.5420897003326139e-06 0)
(1.0800656884950309e-05 -5.3329800694328322e-06 0)
(1.0804295818676851e-05 -5.1245240979842746e-06 0)
(1.0806920445210168e-05 -4.9167397516723855e-06 0)
(1.0808636134988795e-05 -4.7096393388440124e-06 0)
(1.0809543662830122e-05 -4.5032298672339297e-06 0)
(1.080973918340179e-05 -4.2975133866422492e-06 0)
(1.0809314223401381e-05 -4.0924873167891996e-06 0)
(1.0808355688335355e-05 -3.8881447609766051e-06 0)
(1.080694588201729e-05 -3.6844748050290405e-06 0)
(1.0805162536925233e-05 -3.4814628019640684e-06 0)
(1.0803078853857552e-05 -3.2790906430653843e-06 0)
(1.0800763549456795e-05 -3.0773370156952555e-06 0)
(1.0798280910252728e-05 -2.8761776486418662e-06 0)
(1.0795690852042564e-05 -2.6755855458120046e-06 0)
(1.0793048983442041e-05 -2.4755312095949173e-06 0)
(1.0790406672519058e-05 -2.2759828548136753e-06 0)
(1.0787811115387384e-05 -2.0769066148394427e-06 0)
(1.0785305405432996e-05 -1.8782667412354316e-06 0)
(1.0782928601763085e-05 -1.6800257983458567e-06 8.5426323952193e-28)
(1.0780715795259916e-05 -1.4821448545993108e-06 7.5348771822650319e-28)
(1.0778698170260187e-05 -1.2845836713980645e-06 0)
(1.0776903059541991e-05 -1.0873008910306648e-06 0)
(1.0775353990197609e-05 -8.9025422338890717e-07 0)
(1.0774070717923456e-05 -6.9340063176240267e-07 0)
(1.0773069247417113e-05 -4.9669651587561237e-07 0)
(1.0772361837360877e-05 -3.0009789035615312e-07 0)
(7.8852407378502688e-07 0.00057789861589159313 5.3305130197811061e-25)
(3.0561713457635847e-06 0.00036645766224859162 0)
(5.2303722857152847e-06 0.00012021014870999837 -7.0427390453210007e-26)
(6.3954818920813609e-06 2.1069064351421155e-05 0)
(6.8822931500249461e-06 -6.4323127852996891e-06 2.6172821050855376e-27)
(7.1223881870830594e-06 -1.2496847108506581e-05 1.2382094661337156e-26)
(7.3100274235128085e-06 -1.3600260009349434e-05 1.5090423642591196e-41)
(7.4872078883132979e-06 -1.3730186191764144e-05 -1.3934590646224297e-26)
(7.6596043909988157e-06 -1.3684955906336572e-05 -6.9501428243733686e-27)
(7.8284457668298243e-06 -1.3604532439253266e-05 0)
(7.9939155485096926e-06 -1.3511303541408258e-05 6.8647067822358593e-27)
(8.1557979896712585e-06 -1.3408789669609182e-05 6.8134939959711211e-27)
(8.3138268430278343e-06 -1.3297733360123169e-05 0)
(8.467760242651459e-06 -1.3178505583883808e-05 0)
(8.6173820158756461e-06 -1.3051440719387746e-05 0)
(8.7625005502192901e-06 -1.2916878933477616e-05 0)
(8.9029491557350489e-06 -1.2775169444542677e-05 0)
(9.0385862125629641e-06 -1.262666881636515e-05 0)
(9.1692949931226702e-06 -1.247173869786322e-05 0)
(9.2949832596639979e-06 -1.2310743577903561e-05 0)
(9.4155826709605431e-06 -1.2144048640328086e-05 0)
(9.531048016945567e-06 -1.1972017744166171e-05 0)
(9.6413563020577395e-06 -1.1795011544550731e-05 0)
(9.7465056996478635e-06 -1.1613385762930916e-05 0)
(9.846514399352956e-06 -1.1427489616221143e-05 0)
(9.9414193690378383e-06 -1.1237664406767931e-05 0)
(1.0031275052247157e-05 -1.1044242275517935e-05 0)
(1.0116152020929761e-05 -1.0847545118157778e-05 0)
(1.0196135601856709e-05 -1.064788365928606e-05 0)
(1.0271324493693335e-05 -1.0445556680356652e-05 0)
(1.0341829390222999e-05 -1.0240850395013407e-05 0)
(1.0407771622892169e-05 -1.0034037962739703e-05 0)
(1.0469281834763729e-05 -9.8253791328077697e-06 0)
(1.0526498696213399e-05 -9.6151200087595779e-06 0)
(1.0579567670331669e-05 -9.4034929229021377e-06 0)
(1.0628639835074989e-05 -9.1907164108819036e-06 0)
(1.0673870767580899e-05 -8.9769952758197658e-06 4.5688486069556392e-27)
(1.0715419494391437e-05 -8.7625207321682434e-06 4.4597726356632423e-27)
(1.0753447510236923e-05 -8.5474706187272445e-06 0)
(1.078811786692219e-05 -8.3320096721173424e-06 0)
(1.0819594332699508e-05 -8.1162898510557664e-06 0)
(1.0848040621846839e-05 -7.9004507034621704e-06 4.0212166056214628e-27)
(1.0873619693047542e-05 -7.6846197677566125e-06 3.9113912367669993e-27)
(1.0896493114919251e-05 -7.4689130021563675e-06 0)
(1.0916820496502235e-05 -7.2534352346550754e-06 0)
(1.0934758979549774e-05 -7.0382806276681482e-06 0)
(1.0950462789779255e-05 -6.8235331525387654e-06 0)
(1.0964082843791847e-05 -6.6092670687013102e-06 0)
(1.0975766408119057e-05 -6.3955474034812876e-06 0)
(1.0985656806845407e-05 -6.1824304289376343e-06 0)
(1.0993893174122853e-05 -5.9699641327836871e-06 0)
(1.1000610248078578e-05 -5.7581886804697507e-06 0)
(1.1005938202506509e-05 -5.5471368664909694e-06 0)
(1.1010002512928164e-05 -5.3368345531813749e-06 0)
(1.1012923853680904e-05 -5.1273010952844458e-06 0)
(1.1014818022814391e-05 -4.9185497496145084e-06 0)
(1.1015795891868959e-05 -4.7105880687835984e-06 0)
(1.1015963377551051e-05 -4.5034182782620266e-06 0)
(1.1015421432713786e-05 -4.2970376371855372e-06 0)
(1.1014266054143382e-05 -4.0914387817226727e-06 0)
(1.101258830485518e-05 -3.8866100524676763e-06 0)
(1.1010474348799189e-05 -3.6825358049017536e-06 0)
(1.1008005496030303e-05 -3.4791967039790228e-06 0)
(1.1005258256597628e-05 -3.2765700034048163e-06 0)
(1.1002304401545542e-05 -3.0746298102748055e-06 0)
(1.0999211029603407e-05 -2.8733473358137441e-06 0)
(1.0996040638163849e-05 -2.6726911332805565e-06 0)
(1.0992851197309254e-05 -2.4726273242599106e-06 0)
(1.0989696225652391e-05 -2.2731198143970323e-06 0)
(1.0986624866749108e-05 -2.0741304999729308e-06 0)
(1.0983681964751131e-05 -1.8756194667002112e-06 0)
(1.0980908137939312e-05 -1.6775451818755611e-06 8.5294815668192982e-28)
(1.0978339848579026e-05 -1.4798646816749318e-06 7.522890824546969e-28)
(1.0976009467368232e-05 -1.2825337540209758e-06 0)
(1.0973945330648877e-05 -1.0855071184283753e-06 0)
(1.0972171788466088e-05 -8.8873860272042038e-07 0)
(1.0970709241649165e-05 -6.9218131687448328e-07 0)
(1.096957416646e-05 -4.9578782273292909e-07 0)
(1.0968779125421065e-05 -2.9951029873534078e-07 0)
(7.909435772254821e-07 0.00057778220462026159 0)
(3.0676938519226007e-06 0.00036628375539995311 0)
(5.2517520082248032e-06 0.00012002535091377939 7.0332906285266859e-26)
(6.4272364274972432e-06 2.0883350082766189e-05 1.3025268412350092e-26)
(6.9243655697308176e-06 -6.6168759963744062e-06 2.710618145000074e-27)
(7.1746291507672009e-06 -1.2679604268083489e-05 1.2566980110914738e-26)
(7.3722676609721826e-06 -1.3780789732977544e-05 6.9657158834951333e-27)
(7.5592506530917043e-06 -1.3908115647730378e-05 0)
(7.7412244753915279e-06 -1.3859934958039055e-05 0)
(7.9193918795637028e-06 -1.3776231378538724e-05 -6.9980107811554119e-27)
(8.0939126775962628e-06 -1.3679414171607257e-05 -6.949877635991642e-27)
(8.2645497576190305e-06 -1.3573026700659809e-05 0)
(8.4310179656600886e-06 -1.3457835625517261e-05 0)
(8.5930590658230035e-06 -1.3334236994307078e-05 0)
(8.7504430904434094e-06 -1.3202590940124108e-05 6.7108271632524925e-27)
(8.9029672102099545e-06 -1.3063263788871743e-05 6.6407005335793466e-27)
(9.050456067516973e-06 -1.2916631059444751e-05 0)
(9.1927618653798548e-06 -1.2763075507803484e-05 0)
(9.3297641044131177e-06 -1.2602984634217612e-05 0)
(9.461369071981296e-06 -1.2436748224825511e-05 0)
(9.587509120957847e-06 -1.2264756015166748e-05 0)
(9.708141760504847e-06 -1.2087395501374416e-05 0)
(9.8232485831917801e-06 -1.1905049915810721e-05 0)
(9.9328340543823042e-06 -1.1718096375586682e-05 0)
(1.0036924189188654e-05 -1.1526904213678209e-05 0)
(1.0135565141492186e-05 -1.1331833492989414e-05 0)
(1.0228821728873147e-05 -1.1133233705982643e-05 0)
(1.0316775915683108e-05 -1.0931442657107132e-05 0)
(1.0399525274749547e-05 -1.0726785521777094e-05 0)
(1.047718144662246e-05 -1.0519574076517105e-05 0)
(1.0549868612961785e-05 -1.0310106091208338e-05 5.2462361520903993e-27)
(1.0617721998655808e-05 -1.0098664872842855e-05 5.1388119726707251e-27)
(1.0680886415668583e-05 -9.8855189512962484e-06 0)
(1.0739514859122594e-05 -9.6709218946163834e-06 0)
(1.0793767164081642e-05 -9.4551122423835328e-06 0)
(1.084380873031239e-05 -9.2383135449831157e-06 -4.7014821545697309e-27)
(1.0889809320068882e-05 -9.0207344971740534e-06 2.513753843151629e-41)
(1.0931941932422676e-05 -8.8025691542904712e-06 4.4798792964772319e-27)
(1.097038175647715e-05 -8.5839972195410377e-06 0)
(1.1005305204423216e-05 -8.3651843925187883e-06 0)
(1.103688902429123e-05 -8.1462827681089085e-06 0)
(1.1065309491630674e-05 -7.9274312773748192e-06 4.0346629135240431e-27)
(1.1090741677527312e-05 -7.7087561601279426e-06 3.9233891030965287e-27)
(1.1113358791089255e-05 -7.4903714639450845e-06 0)
(1.1133331593569783e-05 -7.272379560528322e-06 0)
(1.1150827879877264e-05 -7.0548716735952931e-06 0)
(1.1166012024338266e-05 -6.8379284130580123e-06 0)
(1.1179044586601822e-05 -6.6216203100889906e-06 0)
(1.1190081973634552e-05 -6.4060083491629902e-06 0)
(1.1199276153617337e-05 -6.1911444931457628e-06 0)
(1.1206774417634316e-05 -5.9770721987243513e-06 0)
(1.1212719185084494e-05 -5.7638269191448084e-06 0)
(1.1217247848817378e-05 -5.5514365924458778e-06 0)
(1.122049265617215e-05 -5.3399221136906024e-06 0)
(1.1222580622215097e-05 -5.1292977894234916e-06 0)
(1.1223633471690665e-05 -4.9195717740886731e-06 0)
(1.1223767606323118e-05 -4.7107464874091756e-06 0)
(1.1223094094450353e-05 -4.502819012088583e-06 0)
(1.1221718679982755e-05 -4.2957814727969607e-06 0)
(1.1219741808092247e-05 -4.0896213950311119e-06 0)
(1.1217258665151331e-05 -3.8843220458558629e-06 0)
(1.1214359230547976e-05 -3.679862755505255e-06 1.8724014235737252e-27)
(1.1211128338459414e-05 -3.4762192213134039e-06 1.7687124314117923e-27)
(1.1207645747568039e-05 -3.2733637944094757e-06 0)
(1.1203986217054573e-05 -3.0712657504000369e-06 0)
(1.1200219587271161e-05 -2.8698915444350896e-06 0)
(1.1196410863622043e-05 -2.6692050522635233e-06 0)
(1.1192620302343513e-05 -2.4691677982681294e-06 0)
(1.1188903496824159e-05 -2.2697391716729808e-06 0)
(1.1185311463148667e-05 -2.0708766322908642e-06 0)
(1.1181890723599137e-05 -1.8725359071561522e-06 0)
(1.1178683386822953e-05 -1.6746711790681362e-06 -8.5143068287239659e-28)
(1.1175727223133143e-05 -1.477235268807694e-06 -7.5091010380642302e-28)
(1.1173055733517786e-05 -1.280179811302637e-06 0)
(1.1170698210860901e-05 -1.0834554271005967e-06 0)
(1.1168679791828642e-05 -8.8701188921762158e-07 0)
(1.1167021498058047e-05 -6.9079828570958273e-07 0)
(1.1165740265682289e-05 -4.9476317729447392e-07 0)
(1.1164848962003328e-05 -2.9885474976858735e-07 0)
(7.9346298675396858e-07 0.00057765912259687602 -5.3286826659955808e-25)
(3.0796927458107556e-06 0.00036609991638375956 -2.3355531917699248e-25)
(5.2740143213916524e-06 0.00011983002681208602 7.0232978869616935e-26)
(6.460297559537306e-06 2.0687091042964858e-05 1.2925847886863699e-26)
(6.9681613000193245e-06 -6.8118751844223041e-06 0)
(7.228997496083492e-06 -1.2872641155610161e-05 0)
(7.4370244398882406e-06 -1.3971409086254369e-05 0)
(7.6341818128700284e-06 -1.4095914314502053e-05 0)
(7.8260852287064142e-06 -1.4044534766951544e-05 7.1322816647066553e-27)
(8.0139093549019794e-06 -1.3957276870225652e-05 5.1457715422668534e-41)
(8.1977885646306433e-06 -1.3856573822456369e-05 -7.0396980284313226e-27)
(8.3774629513125033e-06 -1.3745994446547612e-05 0)
(8.5526273207149619e-06 -1.3626332172068817e-05 0)
(8.7230062305061413e-06 -1.3498010825636864e-05 0)
(8.888355374764501e-06 -1.3361419013574497e-05 6.7914166467591993e-27)
(9.048460448469177e-06 -1.3216951921431893e-05 6.718690903215814e-27)
(9.203137438661319e-06 -1.3065014017886672e-05 6.6421128463286986e-27)
(9.3522326378510806e-06 -1.2906016819577506e-05 6.5618926429560844e-27)
(9.4956222758927183e-06 -1.2740376139497224e-05 0)
(9.6332118785264264e-06 -1.2568509392934459e-05 0)
(9.76493539421884e-06 -1.2390833051153443e-05 0)
(9.8907541161059717e-06 -1.2207760269080843e-05 0)
(1.0010655427588075e-05 -1.2019698704934408e-05 0)
(1.0124651401454011e-05 -1.1827048540128211e-05 0)
(1.0232777281795495e-05 -1.1630200708857458e-05 0)
(1.0335089876584919e-05 -1.1429535335740894e-05 0)
(1.0431665887942155e-05 -1.1225420384373986e-05 0)
(1.052260020499942e-05 -1.1018210510649428e-05 0)
(1.0608004182207092e-05 -1.0808246113482288e-05 0)
(1.0688003924033843e-05 -1.0595852575595762e-05 0)
(1.0762738593783921e-05 -1.0381339682212291e-05 5.2822711819321862e-27)
(1.0832358762658581e-05 -1.0165001206018905e-05 5.1723478628875509e-27)
(1.0897024812815286e-05 -9.9471146458365353e-06 0)
(1.0956905404989958e-05 -9.7279411046782977e-06 0)
(1.1012176019871234e-05 -9.5077252936955799e-06 0)
(1.1063017580173298e-05 -9.286695648178551e-06 -4.7258549392194703e-27)
(1.1109615158165966e-05 -9.0650645419063048e-06 -4.6131423709769633e-27)
(1.1152156771925437e-05 -8.8430285869420175e-06 0)
(1.1190832271904597e-05 -8.6207690057840719e-06 0)
(1.1225832318199876e-05 -8.3984520649513958e-06 0)
(1.1257347447675749e-05 -8.1762295575835482e-06 0)
(1.1285567229735722e-05 -7.9542393268535913e-06 0)
(1.1310679506399367e-05 -7.7326058178957099e-06 0)
(1.133286971446093e-05 -7.5114406532501116e-06 0)
(1.1352320286808545e-05 -7.2908432220808256e-06 0)
(1.1369210126970967e-05 -7.0709012768824223e-06 0)
(1.1383714153244626e-05 -6.8516915323252405e-06 0)
(1.1396002907674244e-05 -6.6332802605119819e-06 0)
(1.1406242225056482e-05 -6.415723878870006e-06 0)
(1.141459295725138e-05 -6.1990695266194583e-06 0)
(1.1421210748107921e-05 -5.9833556272761211e-06 0)
(1.142624585434263e-05 -5.7686124340902557e-06 0)
(1.1429843007966065e-05 -5.554862557002356e-06 0)
(1.1432141315969758e-05 -5.3421214694159896e-06 0)
(1.1433274193231044e-05 -5.1303979936389193e-06 0)
(1.1433369324798804e-05 -4.9196947645593134e-06 0)
(1.1432548653862673e-05 -4.7100086709871247e-06 0)
(1.1430928392197314e-05 -4.5013312742855968e-06 0)
(1.1428619049823796e-05 -4.2936492051769633e-06 0)
(1.1425725481065201e-05 -4.0869445380551268e-06 0)
(1.142234694437572e-05 -3.8811951443374744e-06 0)
(1.1418577173394702e-05 -3.6763750248416091e-06 1.8704438921873313e-27)
(1.141450445717608e-05 -3.4724546220827138e-06 1.7666249144184476e-27)
(1.1410211727524025e-05 -3.2694011137323215e-06 0)
(1.1405776651543202e-05 -3.0671786882015678e-06 0)
(1.1401271727766572e-05 -2.8657488030440288e-06 0)
(1.1396764384351695e-05 -2.6650704279223423e-06 0)
(1.1392317077917462e-05 -2.4651002732045148e-06 0)
(1.1387987391650856e-05 -2.2657930053725542e-06 0)
(1.1383828131334028e-05 -2.067101450646215e-06 0)
(1.1379887418044402e-05 -1.8689767882557443e-06 0)
(1.1376208776315945e-05 -1.6713687342499974e-06 -8.4969295125856634e-28)
(1.1372831216354607e-05 -1.4742257175798034e-06 -7.4933511224462408e-28)
(1.1369789309082955e-05 -1.2774950489367112e-06 0)
(1.1367113252763753e-05 -1.0811230833869813e-06 0)
(1.1364828929939265e-05 -8.8505537732515067e-07 0)
(1.1362957953691233e-05 -6.8923683997049236e-07 0)
(1.136151770249827e-05 -4.9361187955081475e-07 0)
(1.1360521342536883e-05 -2.9812454395930546e-07 0)
(7.9609095706471576e-07 0.00057752908775575516 -5.3276883009116916e-25)
(3.092209252699359e-06 0.00036590572641045341 -2.334494096696919e-25)
(5.2972354857193577e-06 0.00011962373509746366 7.0127379284491904e-26)
(6.4947779071352564e-06 2.0479849484652246e-05 2.5641601169525158e-26)
(7.0138283659688761e-06 -7.0177374714992986e-06 -5.8270711780783743e-27)
(7.2856751598729705e-06 -1.3076370714654668e-05 -6.4843821565162851e-27)
(7.5045118515189472e-06 -1.4172514008003554e-05 0)
(7.7122455875494931e-06 -1.4293958615945209e-05 0)
(7.9144587317647637e-06 -1.4239110008384203e-05 -8.3786582215065007e-42)
(8.1122956656371383e-06 -1.414799989572779e-05 -3.4152792312326361e-58)
(8.3058634458749654e-06 -1.4043088139093632e-05 0)
(8.4948778245004319e-06 -1.3927971886624917e-05 0)
(8.6790123580062295e-06 -1.3803474300682283e-05 0)
(8.8579735267847689e-06 -1.3670050002404796e-05 0)
(9.0315021480829436e-06 -1.3528119097389411e-05 0)
(9.1993722234398787e-06 -1.3378108626342235e-05 6.80053185671495e-27)
(9.3613911712089284e-06 -1.3220454935296336e-05 2.0163174361801968e-26)
(9.5173997438716564e-06 -1.3055601128061234e-05 1.3275735066952765e-26)
(9.6672715308679543e-06 -1.2883994026545165e-05 0)
(9.8109121600910031e-06 -1.2706081216799233e-05 0)
(9.9482582445881744e-06 -1.2522308272995384e-05 0)
(1.0079276106514942e-05 -1.2333116186445758e-05 0)
(1.0203960311824225e-05 -1.2138939018623119e-05 0)
(1.0322332050133986e-05 -1.194020178603491e-05 0)
(1.0434437393482145e-05 -1.1737318585524535e-05 0)
(1.0540345465819138e-05 -1.1530690956775048e-05 0)
(1.0640146553760377e-05 -1.1320706483607208e-05 0)
(1.0733950186369873e-05 -1.1107737624868938e-05 0)
(1.0821883209543475e-05 -1.0892140766028577e-05 0)
(1.0904087877723806e-05 -1.0674255480919919e-05 0)
(1.0980719982412817e-05 -1.0454403989045669e-05 0)
(1.1051947034849336e-05 -1.0232890794637506e-05 0)
(1.1117946516839203e-05 -1.0010002491700935e-05 0)
(1.1178904211123799e-05 -9.7860077185356588e-06 0)
(1.1235012620473375e-05 -9.5611572461604528e-06 0)
(1.1286469482004766e-05 -9.3356841844491363e-06 0)
(1.1333476381212499e-05 -9.1098042904648277e-06 0)
(1.1376237468401835e-05 -8.8837163644287543e-06 0)
(1.141495827830813e-05 -8.6576027184611085e-06 0)
(1.144984465249771e-05 -8.4316297062097743e-06 0)
(1.1481101762274193e-05 -8.2059483001336245e-06 0)
(1.1508933231222786e-05 -7.9806947030991457e-06 0)
(1.153354035103498e-05 -7.7559909942293241e-06 0)
(1.1555121386858039e-05 -7.5319457840051405e-06 0)
(1.1573870969910122e-05 -7.3086548840926309e-06 0)
(1.158997956959037e-05 -7.0862019786558256e-06 0)
(1.1603633040672781e-05 -6.8646592930024116e-06 0)
(1.1615012240054498e-05 -6.6440882534935366e-06 0)
(1.1624292707521308e-05 -6.4245401348653756e-06 0)
(1.1631644405179043e-05 -6.2060566912418799e-06 0)
(1.1637231510140269e-05 -5.9886707680184871e-06 0)
(1.164121225533505e-05 -5.7724068920463768e-06 0)
(1.1643738813492522e-05 -5.557281838731499e-06 0)
(1.1644957219546688e-05 -5.3433051745075435e-06 0)
(1.1645007327043572e-05 -5.1304797739657375e-06 0)
(1.1644022794325246e-05 -4.9188023111968926e-06 0)
(1.1642131096600369e-05 -4.7082637251838425e-06 0)
(1.1639453560286876e-05 -4.4988496592979903e-06 0)
(1.1636105416256001e-05 -4.2905408755459288e-06 0)
(1.1632195868921364e-05 -4.0833136438438523e-06 0)
(1.1627828178370182e-05 -3.877140107332394e-06 0)
(1.1623099752873307e-05 -3.6719886246167513e-06 0)
(1.1618102249610544e-05 -3.4678240895616744e-06 0)
(1.1612921681464297e-05 -3.264608230487861e-06 0)
(1.1607638527787879e-05 -3.0622998894422387e-06 0)
(1.1602327847587577e-05 -2.8608552829672263e-06 0)
(1.1597059393478346e-05 -2.6602282455740298e-06 0)
(1.1591897724917967e-05 -2.4603704576469892e-06 -1.2512513808041416e-27)
(1.1586902319409497e-05 -2.2612316587378888e-06 -1.1498831338620162e-27)
(1.1582127680318326e-05 -2.0627598478287037e-06 0)
(1.1577623440069976e-05 -1.8649014719950823e-06 0)
(1.1573434457535897e-05 -1.6676016044170841e-06 0)
(1.1569600908453153e-05 -1.4708041132763741e-06 0)
(1.156615836771793e-05 -1.2744518224772889e-06 0)
(1.1563137882521489e-05 -1.0784866648594255e-06 0)
(1.1560566035338295e-05 -8.8284982899928252e-07 0)
(1.1558464995906311e-05 -6.8748189962504104e-07 3.4886927094038366e-28)
(1.1556852561768012e-05 -4.9232299238258986e-07 2.4954901156209159e-28)
(1.1555742186126881e-05 -2.9731288293796932e-07 0)
)
;

boundaryField
{
    hotWall
    {
        type            noSlip;
    }
    coldWall
    {
        type            noSlip;
    }
    bottomWall
    {
        type            noSlip;
    }
    topWall
    {
        type            noSlip;
    }
    front
    {
        type            empty;
    }
    back
    {
        type            empty;
    }
    procBoundary0to1
    {
        type            processor;
        value           nonuniform List<vector> 
39
(
(1.1708282450712881e-05 -8.235243691746151e-06 0)
(1.1735524535545331e-05 -8.0066044432389292e-06 0)
(1.1759428425378184e-05 -7.77872171361932e-06 0)
(1.1780205824536616e-05 -7.5517004348461306e-06 0)
(1.1798064092140997e-05 -7.3256321714589713e-06 0)
(1.1813205718015997e-05 -7.100595872645122e-06 0)
(1.1825827878381684e-05 -6.876658615747931e-06 0)
(1.1836122065817449e-05 -6.6538763352019083e-06 0)
(1.1844273787303373e-05 -6.4322945329466536e-06 0)
(1.1850462324083714e-05 -6.2119489668994403e-06 0)
(1.1854860547292845e-05 -5.9928663145731984e-06 0)
(1.1857634783618383e-05 -5.7750648098322485e-06 0)
(1.185894472550416e-05 -5.5585548512909222e-06 0)
(1.1858943380738996e-05 -5.3433395814800547e-06 0)
(1.1857777056538547e-05 -5.1294154359714432e-06 0)
(1.185558537357753e-05 -4.9167726626456325e-06 0)
(1.1852501305766353e-05 -4.7053958109945595e-06 0)
(1.1848651241847044e-05 -4.4952641919811651e-06 0)
(1.1844155065296453e-05 -4.286352309323602e-06 0)
(1.1839126249273214e-05 -4.0786302627951811e-06 0)
(1.1833671963621732e-05 -3.8720641247727952e-06 0)
(1.1827893191225531e-05 -3.6666162911503002e-06 0)
(1.1821884851343368e-05 -3.4622458077300792e-06 0)
(1.1815735927666505e-05 -3.2589086737589579e-06 0)
(1.1809529599118705e-05 -3.0565581236731793e-06 0)
(1.180334337169449e-05 -2.8551448888785504e-06 0)
(1.179724920969188e-05 -2.6546174404368387e-06 0)
(1.1791313664772488e-05 -2.4549222148707798e-06 -1.248365229150343e-27)
(1.1785598001487497e-05 -2.2560038240193458e-06 -1.1471218590509958e-27)
(1.1780158318109054e-05 -2.0578052506328982e-06 0)
(1.1775045661528549e-05 -1.8602680311241153e-06 0)
(1.1770306135087072e-05 -1.6633324266138652e-06 0)
(1.1765980998320646e-05 -1.466937583732942e-06 0)
(1.1762106757518394e-05 -1.2710216862211083e-06 0)
(1.175871524628552e-05 -1.0755220981981445e-06 0)
(1.1755833695261598e-05 -8.8037550010392346e-07 0)
(1.1753484790374754e-05 -6.8551801782360578e-07 3.4787358637447099e-28)
(1.1751686719260761e-05 -4.9088534570690101e-07 2.4883373856476583e-28)
(1.1750453205532621e-05 -2.9641286376681739e-07 0)
)
;
    }
    procBoundary0to2
    {
        type            processor;
        value           nonuniform List<vector> 
40
(
(7.9883694686825966e-07 0.00057739179354432098 0)
(3.1052884214705645e-06 0.00036570073044522205 -2.3333755125806402e-25)
(5.3214988075498982e-06 0.00011940599645782873 0)
(6.5308004524695702e-06 2.0261150221369464e-05 2.5419764015948189e-26)
(7.0615283434803033e-06 -7.234926119595362e-06 -6.0471501776368107e-27)
(7.3448606118898464e-06 -1.3291240332329077e-05 0)
(7.5749632675427687e-06 -1.4384532868818638e-05 7.2716222306059556e-27)
(7.7937079588633958e-06 -1.4502655122632962e-05 -7.3587181851587414e-27)
(8.0066410150083779e-06 -1.4444042986708566e-05 -1.4669835095963076e-26)
(8.2148741073629037e-06 -1.4348756358785914e-05 -7.2884040946137411e-27)
(8.418484924937075e-06 -1.423928483828873e-05 0)
(8.6171632072112486e-06 -1.4119257122790617e-05 7.1739285399704468e-27)
(8.8105599765048042e-06 -1.398952943208769e-05 7.1089131825561607e-27)
(8.9983627362662687e-06 -1.3850590555737163e-05 0)
(9.1802969042533177e-06 -1.3702895472370703e-05 -6.9648714825210446e-27)
(9.3561246280694186e-06 -1.3546906405211087e-05 1.813101281514039e-41)
(9.5256449387205939e-06 -1.3383094816596952e-05 1.360743847657711e-26)
(9.6886935467178835e-06 -1.3211938510815367e-05 6.7173302965195026e-27)
(9.8451421869825111e-06 -1.3033918274172793e-05 0)
(9.9948976318150331e-06 -1.2849514634582889e-05 0)
(1.0137900424322908e-05 -1.2659204834674427e-05 0)
(1.0274123370259851e-05 -1.2463460046497722e-05 0)
(1.0403569827654719e-05 -1.2262742847500571e-05 0)
(1.0526271834228501e-05 -1.2057504964810673e-05 0)
(1.0642288110959941e-05 -1.1848185294941468e-05 0)
(1.0751701978332287e-05 -1.1635208194140528e-05 0)
(1.0854619219628121e-05 -1.1418982038538623e-05 0)
(1.0951165922308916e-05 -1.1199898041549381e-05 0)
(1.1041486325913515e-05 -1.0978329318024801e-05 0)
(1.1125740700895185e-05 -1.0754630179828622e-05 0)
(1.1204103279894944e-05 -1.0529135646671364e-05 0)
(1.1276760259794733e-05 -1.0302161154528987e-05 0)
(1.1343907888757867e-05 -1.0074002442911035e-05 0)
(1.1405750650395909e-05 -9.8449356020463977e-06 0)
(1.1462499553848347e-05 -9.6152172615608388e-06 0)
(1.1514370535743344e-05 -9.3850849022264126e-06 0)
(1.1561582978075933e-05 -9.1547572731171933e-06 0)
(1.1604358343782659e-05 -8.9244348977228837e-06 0)
(1.1642918929951495e-05 -8.6943006522746625e-06 0)
(1.1677486736441945e-05 -8.4645204034949574e-06 0)
)
;
    }
    procBoundary0to4
    {
        type            processor;
        value           nonuniform List<vector> 
27
(
(6.4207440836436901e-06 -1.5924287538904376e-07 0)
(6.6204449359404939e-06 -1.2477609872104679e-07 0)
(6.8175737648457318e-06 -1.1738923139206975e-07 0)
(7.0154033469477831e-06 -1.1359667372907916e-07 0)
(7.2133798484057474e-06 -1.1109438985531984e-07 0)
(7.4113264328377188e-06 -1.0953517368886356e-07 -5.0652315714780603e-29)
(7.6092798231442966e-06 -1.0849865805505757e-07 -5.0918042679683482e-29)
(7.8072519762974221e-06 -1.0774469960483671e-07 0)
(8.0052386939396701e-06 -1.0717010894479206e-07 0)
(8.2032342010444044e-06 -1.0671539686387058e-07 0)
(8.4012316612248336e-06 -1.0634254994133716e-07 0)
(8.5992224164594126e-06 -1.0602709453625263e-07 0)
(8.7971958162299359e-06 -1.0575245494080902e-07 0)
(8.9951391883608097e-06 -1.0550674443650758e-07 0)
(9.1930376469643998e-06 -1.052810713723297e-07 5.1680306765173461e-29)
(9.3908739092322889e-06 -1.0506850001291438e-07 5.1699107307526789e-29)
(9.5886281353062372e-06 -1.0486339828155781e-07 0)
(9.7862777777319982e-06 -1.0466104186131407e-07 -2.5851605789876761e-29)
(9.9837973997283116e-06 -1.0445734136910353e-07 -2.5844308479003855e-29)
(1.0181158521615344e-05 -1.0424865375656907e-07 0)
(1.0378329453111931e-05 -1.0403166108754357e-07 0)
(1.0575275136158559e-05 -1.0380327184716318e-07 0)
(1.0771956991453556e-05 -1.035605560744974e-07 0)
(1.0968332767025866e-05 -1.0330069818496497e-07 0)
(1.1164356392722244e-05 -1.0302096028612329e-07 0)
(1.1359977841621676e-05 -1.0271865554404053e-07 0)
(1.1555142997449658e-05 -1.0239112951376872e-07 0)
)
;
    }
    procBoundary0to9
    {
        type            processor;
        value           nonuniform List<vector> 
79
(
(7.4617455409760114e-07 0.0005791360585181266 0)
(2.8546802099318316e-06 0.00036831294748018148 0)
(4.8564291891739472e-06 0.00012218515969558656 0)
(5.8396110358593813e-06 2.3056517378981878e-05 0)
(6.1449061135752843e-06 -4.4544850811653466e-06 0)
(6.2053292818950812e-06 -1.0535262775943141e-05 0)
(6.2153099355030933e-06 -1.1658924426481287e-05 2.9533059269183751e-27)
(6.2171666479344546e-06 -1.1812578928742122e-05 3.0055818528404927e-27)
(6.2169303475804046e-06 -1.1794350760227346e-05 0)
(6.2161623491538368e-06 -1.1744038028741741e-05 0)
(6.2153563688470032e-06 -1.1683858607378216e-05 0)
(6.2145856172113428e-06 -1.1617151744851697e-05 0)
(6.2138503541690449e-06 -1.1544467754178254e-05 0)
(6.2131516219104391e-06 -1.1465976004037077e-05 0)
(6.2124917405679537e-06 -1.1381801781768482e-05 0)
(6.2118726320983757e-06 -1.129207060216385e-05 0)
(6.2112958933641805e-06 -1.1196913376099241e-05 0)
(6.2107628985117254e-06 -1.1096466557053308e-05 0)
(6.2102748063440664e-06 -1.0990871656932429e-05 0)
(6.2098325566542891e-06 -1.0880274680066899e-05 0)
(6.2094368703587366e-06 -1.0764825545160628e-05 0)
(6.2090882516621818e-06 -1.064467750615938e-05 0)
(6.2087869915610463e-06 -1.0519986576984338e-05 0)
(6.2085331726727767e-06 -1.0390910963004195e-05 0)
(6.2083266752708513e-06 -1.0257610503300159e-05 0)
(6.2081671845049965e-06 -1.0120246126268651e-05 0)
(6.2080541985935016e-06 -9.9789793207457981e-06 0)
(6.2079870377831946e-06 -9.8339716264683444e-06 0)
(6.2079648541367343e-06 -9.6853841447376273e-06 0)
(6.2079866419816034e-06 -9.5333770716594867e-06 0)
(6.2080512487999914e-06 -9.3781092559382781e-06 2.3924657484047495e-27)
(6.2081573866215667e-06 -9.2197377813810434e-06 2.3521596641604268e-27)
(6.2083036437538501e-06 -9.0584175768438106e-06 0)
(6.2084884966276723e-06 -8.8943010529430591e-06 0)
(6.2087103217972478e-06 -8.7275377668416211e-06 0)
(6.2089674079422016e-06 -8.5582741152065313e-06 0)
(6.2092579678741063e-06 -8.3866530556764144e-06 2.1399911615422877e-27)
(6.2095801503247016e-06 -8.2128138558119263e-06 2.0956933174488237e-27)
(6.2099320515384783e-06 -8.0368918703419807e-06 0)
(6.2103117267512785e-06 -7.8590183457110575e-06 0)
(6.210717201376234e-06 -7.6793202511988378e-06 1.9597075163685557e-27)
(6.2111464819566069e-06 -7.497920136115709e-06 3.82691445620835e-27)
(6.2115975668036384e-06 -7.3149360119664853e-06 1.8667977839062991e-27)
(6.2120684563244595e-06 -7.1304812587115307e-06 0)
(6.2125571630206415e-06 -6.9446645544191785e-06 0)
(6.2130617213034947e-06 -6.7575898261252207e-06 0)
(6.2135801972217627e-06 -6.5693562221795752e-06 0)
(6.2141106980231282e-06 -6.3800581039061011e-06 0)
(6.214651381743737e-06 -6.1897850556739326e-06 0)
(6.2152004668947387e-06 -5.9986219123561497e-06 0)
(6.2157562424938153e-06 -5.8066488024329908e-06 0)
(6.2163170786524682e-06 -5.6139412062532225e-06 1.4328735400877698e-27)
(6.2168814379614155e-06 -5.4205700276595948e-06 1.3835295687724235e-27)
(6.2174478881065195e-06 -5.2266016783465047e-06 1.3340311304642122e-27)
(6.2180151161878946e-06 -5.032098173496765e-06 1.2843942433057607e-27)
(6.2185819454801026e-06 -4.8371172378159786e-06 0)
(6.2191473553894558e-06 -4.641712420951205e-06 0)
(6.2197105059299416e-06 -4.4459332211791638e-06 0)
(6.2202707684491081e-06 -4.2498252166564517e-06 0)
(6.2208277649008315e-06 -4.0534302032283317e-06 0)
(6.2213814192148405e-06 -3.8567863379806659e-06 0)
(6.2219320257740552e-06 -3.6599282877621646e-06 0)
(6.2224803426652616e-06 -3.4628873818854766e-06 0)
(6.2230277215608599e-06 -3.2656917680685348e-06 0)
(6.2235762933820621e-06 -3.0683665707385117e-06 0)
(6.2241292418957161e-06 -2.8709340501893025e-06 0)
(6.2246912224745151e-06 -2.673413760188179e-06 -6.8237220679001076e-28)
(6.22526903494807e-06 -2.4758226996080104e-06 -6.3193604001476149e-28)
(6.2258727631504826e-06 -2.2781754470176132e-06 0)
(6.2265177782929196e-06 -2.0804842551531605e-06 0)
(6.2272284627512695e-06 -1.8827590486869644e-06 0)
(6.2280466494877864e-06 -1.6850072056159322e-06 0)
(6.2290530461497973e-06 -1.4872328422045119e-06 0)
(6.2303978075450876e-06 -1.2894348654589754e-06 0)
(6.2322670317483129e-06 -1.0916020921480889e-06 0)
(6.2349413326094874e-06 -8.9370354863187003e-07 0)
(6.2406093369748274e-06 -6.956723613692642e-07 0)
(6.256508688155973e-06 -4.9736940267487897e-07 1.2740804612337297e-28)
(6.2781949549560838e-06 -2.9858427279803638e-07 7.7043655135119932e-29)
)
;
    }
}


// ************************************************************************* //
