/*--------------------------------*- C++ -*----------------------------------*\
  =========                 |
  \\      /  F ield         | OpenFOAM: The Open Source CFD Toolbox
   \\    /   O peration     | Website:  https://openfoam.org
    \\  /    A nd           | Version:  13
     \\/     M anipulation  |
\*---------------------------------------------------------------------------*/
FoamFile
{
    format      ascii;
    class       volScalarField;
    location    "1";
    object      p_rgh;
}
// * * * * * * * * * * * * * * * * * * * * * * * * * * * * * * * * * * * * * //

dimensions      [1 -1 -2 0 0 0 0];

internalField   nonuniform List<scalar> 
6400
(
-2.112279725093434e-07
-1.637022306131042e-07
-1.328835348692514e-07
-1.140240322857646e-07
-1.009623946027605e-07
-9.109209391245831e-08
-8.317802806334729e-08
-7.656228366746988e-08
-7.086738626202382e-08
-6.586055880304635e-08
-6.138867454492328e-08
-5.734539928871855e-08
-5.365359421394487e-08
-5.02553115651121e-08
-4.710577748799616e-08
-4.416958794105455e-08
-4.141819919280153e-08
-3.88282123155502e-08
-3.638016489697949e-08
-3.405765837097467e-08
-3.184671392830813e-08
-2.973528823215126e-08
-2.771290319669307e-08
-2.57703588536708e-08
-2.389950760382073e-08
-2.209307467015481e-08
-2.034451360363024e-08
-1.864788880862578e-08
-1.699777914258117e-08
-1.538919786390558e-08
-1.381752577332321e-08
-1.227845455881427e-08
-1.07679385694667e-08
-9.282153186725355e-09
-7.817458499802134e-09
-6.370367356271146e-09
-4.937516709846074e-09
-3.515641800643555e-09
-2.101552207433685e-09
-6.92109593121393e-10
7.157934932562635e-10
2.125254388728847e-09
3.539380632105931e-09
4.961310662968004e-09
6.394235067512653e-09
7.841418831452888e-09
9.3062252981162e-09
1.079214198103374e-08
1.23028091909272e-08
1.384205208543614e-08
1.541391688309979e-08
1.702271259072535e-08
1.867305924486544e-08
2.036994445521331e-08
2.21187904439923e-08
2.392553397638843e-08
2.579672283200216e-08
2.773963332403937e-08
2.976241476376124e-08
3.187426911637462e-08
3.408567678338309e-08
3.640868378248564e-08
3.88572720602251e-08
4.144784389151921e-08
4.419986602212817e-08
4.713674258397472e-08
5.028702362024663e-08
5.368612087505982e-08
5.737881774655839e-08
6.142307410223927e-08
6.589604436800265e-08
7.090408339951382e-08
7.660034607831276e-08
8.321764908707132e-08
9.113352467130087e-08
1.010059720112422e-07
1.140702138171431e-07
1.329328677460296e-07
1.637547999410034e-07
2.112820886074061e-07
-2.334493211199486e-07
-1.619993605066875e-07
-1.272177677204872e-07
-1.100414898116655e-07
-9.849049220138473e-08
-8.951383032874764e-08
-8.211408868752053e-08
-7.580395121672654e-08
-7.030034894953807e-08
-6.542002497254811e-08
-6.103606725435256e-08
-5.705652705456096e-08
-5.341254005716143e-08
-5.005115789019285e-08
-4.693076999804946e-08
-4.401805728921758e-08
-4.128589922262463e-08
-3.871189767983695e-08
-3.627731205967051e-08
-3.396627581863678e-08
-3.176520975582676e-08
-2.96623757262039e-08
-2.764753219347463e-08
-2.571166500497565e-08
-2.384677430323155e-08
-2.204570410148791e-08
-2.030200450365316e-08
-1.860981915464955e-08
-1.696379260336156e-08
-1.535899306159674e-08
-1.379084775838709e-08
-1.225508800553982e-08
-1.074770228929438e-08
-9.264895753140713e-09
-7.803054727436029e-09
-6.358715518168416e-09
-4.928536300132338e-09
-3.509271844127475e-09
-2.097750044976255e-09
-6.90849963460091e-10
7.145189418839191e-10
2.121437259104252e-09
3.53299562387683e-09
4.952315039785956e-09
6.382567827815734e-09
7.826999429491091e-09
9.288951929440201e-09
1.077188941119105e-08
1.227942592748086e-08
1.381535687567731e-08
1.538369432963533e-08
1.698870765014208e-08
1.863497044506291e-08
2.032741536833009e-08
2.207139893311301e-08
2.387277864384431e-08
2.573800571286006e-08
2.767423762170902e-08
2.9689475919781e-08
3.179273671149791e-08
3.399426379158077e-08
3.630579794633696e-08
3.874092142082668e-08
4.131550434094127e-08
4.404829151462057e-08
4.696168608402618e-08
5.008281461732508e-08
5.344500353398419e-08
5.708987238862569e-08
6.107038082342691e-08
6.545540746711271e-08
7.033691956010481e-08
7.584185348902173e-08
8.21534987194021e-08
8.95549678194455e-08
9.853363246705949e-08
1.100869633401365e-07
1.272658709724375e-07
1.620499066106932e-07
2.33501289798467e-07
-2.693881720395083e-07
-1.640865848506838e-07
-1.210701814624379e-07
-1.045891429425517e-07
-9.458442173888925e-08
-8.676383988910838e-08
-8.013453099758976e-08
-7.433181877362551e-08
-6.916965610358485e-08
-6.452657971193976e-08
-6.031308334976622e-08
-5.6459873304774e-08
-5.291210105929712e-08
-4.962574743093812e-08
-4.656507081261297e-08
-4.370072710527556e-08
-4.100836293195217e-08
-3.846755439427524e-08
-3.606100037065766e-08
-3.377390432318633e-08
-3.159349615970181e-08
-2.950865903385983e-08
-2.750963514516895e-08
-2.558779175323244e-08
-2.373543326689312e-08
-2.194564903497001e-08
-2.02121890249759e-08
-1.852936127304092e-08
-1.689194684151403e-08
-1.529512837418272e-08
-1.373442990288154e-08
-1.220566545546257e-08
-1.070489490310462e-08
-9.228385677356894e-09
-7.772579072289589e-09
-6.334060551541372e-09
-4.909532879718754e-09
-3.495791836223083e-09
-2.08970374228837e-09
-6.881842711836656e-10
7.118215825712579e-10
2.113359188058982e-09
3.519483645941083e-09
4.933279342034136e-09
6.357880173138934e-09
7.796490565821092e-09
9.252408008357368e-09
1.072904742681343e-08
1.22299679023279e-08
1.37589025157757e-08
1.531979195625606e-08
1.691682285939469e-08
1.855447197982257e-08
2.023755754275948e-08
2.197129951509342e-08
2.37613909546495e-08
2.561408318528526e-08
2.753628828354245e-08
2.953570347409285e-08
3.162096338363204e-08
3.380182795539065e-08
3.608941653593786e-08
3.849650211344541e-08
4.103788459384693e-08
4.373086900105267e-08
4.659588387958464e-08
4.965728810406153e-08
5.294443234404856e-08
5.649306615770427e-08
6.034721846639124e-08
6.456174971933014e-08
6.920596837986931e-08
7.436939900043839e-08
8.017352712492933e-08
8.680442550571506e-08
9.462679439163458e-08
1.046335020574702e-07
1.211166249629539e-07
1.641347990622458e-07
2.694377622304311e-07
-3.12529772211198e-07
-1.697389406332832e-07
-1.157983222843363e-07
-9.878487460969789e-08
-8.993105267630956e-08
-8.322249833281326e-08
-7.744042030642326e-08
-7.224905366920411e-08
-6.752628051575458e-08
-6.320346986668231e-08
-5.922818558581629e-08
-5.555600095482266e-08
-5.214865601882845e-08
-4.897331604030238e-08
-4.600191262049953e-08
-4.321047077042838e-08
-4.057846931506654e-08
-3.808827193846211e-08
-3.572464133319957e-08
-3.347433393714421e-08
-3.132576572929045e-08
-2.926873813456014e-08
-2.729421326208038e-08
-2.539412932098794e-08
-2.356124846085645e-08
-2.178903072336145e-08
-2.007152919527665e-08
-1.840330208581422e-08
-1.677933879390282e-08
-1.519499706225261e-08
-1.364594942275296e-08
-1.212813705605683e-08
-1.063772976945369e-08
-9.17109108719965e-09
-7.724747268829307e-09
-6.295359827748285e-09
-4.879700603846923e-09
-3.474629006838341e-09
-2.077070976948341e-09
-6.83999071876065e-10
7.075864951256985e-10
2.100676380398389e-09
3.498270448841551e-09
4.903396236896978e-09
6.319127976260227e-09
7.74860646682468e-09
9.195060147511703e-09
1.066182783955166e-08
1.215238367158813e-08
1.367036460874729e-08
1.521960136299701e-08
1.680415342615182e-08
1.842834900492927e-08
2.009683118153844e-08
2.181461154222321e-08
2.358713290831944e-08
2.542034342161993e-08
2.732078439688925e-08
2.929569521009476e-08
3.135313940763551e-08
3.350215690530709e-08
3.575294857195359e-08
3.811710105116813e-08
4.060786097173593e-08
4.324046913584029e-08
4.603256592834268e-08
4.900467726565894e-08
5.218078370233722e-08
5.55889601497132e-08
5.926204901555037e-08
6.32383192006982e-08
6.756220772846949e-08
7.228616226361819e-08
7.74788256527445e-08
8.326232553464096e-08
8.997242733417769e-08
9.882789451531212e-08
1.158429668993353e-07
1.697848721967962e-07
3.125770896864491e-07
-3.594649755295637e-07
-1.778836876247191e-07
-1.116704124909237e-07
-9.323924449302126e-08
-8.508181453157291e-08
-7.929659650550236e-08
-7.431070674146844e-08
-6.974255898386911e-08
-6.549559344848851e-08
-6.153595320220528e-08
-5.78405127059765e-08
-5.438684692235732e-08
-5.115260858824261e-08
-4.811637306081156e-08
-4.525828476961009e-08
-4.256033695732167e-08
-4.000639833583183e-08
-3.758210383175868e-08
-3.527468585063463e-08
-3.30727892282597e-08
-3.096629145739871e-08
-2.894613811258864e-08
-2.700419675497244e-08
-2.513312947446339e-08
-2.332628279175463e-08
-2.157759286290747e-08
-1.988150413305326e-08
-1.823289932319688e-08
-1.662703921370893e-08
-1.505951047001379e-08
-1.35261804056818e-08
-1.202315748692797e-08
-1.054675657926737e-08
-9.093468285134316e-09
-7.659931491842745e-09
-6.24290871845956e-09
-4.839263681593215e-09
-3.445940603083259e-09
-2.059944940921402e-09
-6.783251849292972e-10
7.018446748004104e-10
2.083482214004565e-09
3.469513481819881e-09
4.862890126273687e-09
6.266606824918485e-09
7.683719551942535e-09
9.117364893241387e-09
1.057078061506602e-08
1.204732820667712e-08
1.355051754135038e-08
1.508403423727923e-08
1.665177047468405e-08
1.825785963779289e-08
1.990671582070441e-08
2.160307916738025e-08
2.335206794306409e-08
2.51592388189625e-08
2.703065689017488e-08
2.897297706750053e-08
3.099353884405172e-08
3.310047647400205e-08
3.530284644574735e-08
3.761077359574594e-08
4.00356157328525e-08
4.259014343272957e-08
4.52887251914106e-08
4.814749614282645e-08
5.118446741879067e-08
5.441949951575689e-08
5.787402254020857e-08
6.15703896066683e-08
6.553103174930795e-08
6.977907997767304e-08
7.434839467565745e-08
7.933553404439417e-08
8.512207120433422e-08
9.328085066743104e-08
1.117132866574791e-07
1.779275076061863e-07
3.595102412368458e-07
-4.086729109289964e-07
-1.87762677825082e-07
-1.0858609482693e-07
-8.816478441336347e-08
-8.032763932279714e-08
-7.525261603443263e-08
-7.09580348894762e-08
-6.69721901237799e-08
-6.319484595691956e-08
-5.960950385173399e-08
-5.621262851106638e-08
-5.299864951307288e-08
-4.995855872350825e-08
-4.708116133651657e-08
-4.435436339712591e-08
-4.176604164226334e-08
-3.93045430351476e-08
-3.695893439962229e-08
-3.471909975974417e-08
-3.257575082430957e-08
-3.052039077164178e-08
-2.854525535830215e-08
-2.664324514764846e-08
-2.480785642077422e-08
-2.303311497458498e-08
-2.131351463229304e-08
-1.964396132366186e-08
-1.80197227001504e-08
-1.643638314394023e-08
-1.488980359665929e-08
-1.337608576076478e-08
-1.189154015978487e-08
-1.043265750167448e-08
-8.996082912061453e-09
-7.578592620509097e-09
-6.177072664158341e-09
-4.788499318064744e-09
-3.409920929418557e-09
-2.038440731627522e-09
-6.712006571994285e-10
6.946343991852332e-10
2.061892000830343e-09
3.433407288878913e-09
4.812038456662167e-09
6.20068240766917e-09
7.602290980397352e-09
9.01988816873515e-09
1.045658822030453e-08
1.191561525100228e-08
1.340032457591596e-08
1.491422596836847e-08
1.646100947417551e-08
1.804457404789275e-08
1.966905947969915e-08
2.133888220060702e-08
2.305877546791288e-08
2.483383439470926e-08
2.666956626818771e-08
2.857194654955526e-08
3.054748039311513e-08
3.260326883820619e-08
3.474707787173388e-08
3.698740631139875e-08
3.933354467326405e-08
4.17956113340933e-08
4.438454215206075e-08
4.711199310092688e-08
4.999009062892371e-08
5.30309320005964e-08
5.624571537492897e-08
5.964345199162331e-08
6.322971461660053e-08
6.7008039252514e-08
7.099492201548105e-08
7.529059033406531e-08
8.036673068683716e-08
8.820498242487399e-08
1.086272906378687e-07
1.878045762031454e-07
4.087163573880863e-07
-4.593868434032241e-07
-1.988930368758629e-07
-1.063786575046031e-07
-8.360382759876945e-08
-7.580557902979039e-08
-7.125014598703331e-08
-6.753002701794199e-08
-6.406165414755503e-08
-6.072279139714053e-08
-5.750112567572283e-08
-5.440401624834697e-08
-5.143730780168946e-08
-4.860205908021097e-08
-4.58954024190491e-08
-4.331193967367289e-08
-4.084486446563504e-08
-3.848672712421206e-08
-3.622991826245786e-08
-3.406695803246513e-08
-3.199065862292221e-08
-2.9994206422156e-08
-2.807119445069816e-08
-2.621562492734779e-08
-2.44218943787301e-08
-2.268476928252469e-08
-2.099935707060751e-08
-1.936107551992721e-08
-1.776562227755458e-08
-1.620894552843741e-08
-1.468721631888962e-08
-1.319680275485788e-08
-1.173424607284807e-08
-1.029623862104109e-08
-8.879603419381502e-09
-7.48127533264922e-09
-6.098283544143788e-09
-4.727735098760693e-09
-3.36679958807145e-09
-2.012694352754517e-09
-6.626704577546598e-10
6.860009097401816e-10
2.036042010991377e-09
3.390181745040972e-09
4.751169103342428e-09
6.12178689283993e-09
7.50486572353451e-09
8.903298745319591e-09
1.032005707679268e-08
1.175820617395514e-08
1.322092338763241e-08
1.471151685648987e-08
1.623344586350721e-08
1.779034287580635e-08
1.938603752350342e-08
2.102458238151024e-08
2.271028060000133e-08
2.444771530494945e-08
2.624178007204183e-08
2.809770951866487e-08
3.002110833471119e-08
3.201797566672418e-08
3.409471996162495e-08
3.625815644378085e-08
3.851547465747445e-08
4.087415630796212e-08
4.334181276884537e-08
4.592589572735394e-08
4.863321358984892e-08
5.14691663851827e-08
5.443662332115366e-08
5.753452644736379e-08
6.075703060945819e-08
6.409677399192272e-08
6.756606365041163e-08
7.128712385153996e-08
7.584350171834218e-08
8.36426620155642e-08
1.064182854435776e-07
1.989331902886133e-07
4.594286789219845e-07
-5.111700648990262e-07
-2.109599170351844e-07
-1.048932930222664e-07
-7.953195799021037e-08
-7.156941356660623e-08
-6.737782051609636e-08
-6.412295977603244e-08
-6.110087524127791e-08
-5.815739640754525e-08
-5.527575466637623e-08
-5.246759847037799e-08
-4.974549368839104e-08
-4.711738197332885e-08
-4.458663218575474e-08
-4.215320367487778e-08
-3.981476976766995e-08
-3.756757361996006e-08
-3.540702864017693e-08
-3.332812281322706e-08
-3.132568342753594e-08
-2.939454568050561e-08
-2.752965615979424e-08
-2.572613288705157e-08
-2.397929656514941e-08
-2.228468306518826e-08
-2.063804388774415e-08
-1.903533903991592e-08
-1.747272544430349e-08
-1.594654275960395e-08
-1.445329792366616e-08
-1.298964935209854e-08
-1.155239108097774e-08
-1.013843748731043e-08
-8.744808384075463e-09
-7.368614795075916e-09
-6.007045463960031e-09
-4.657353686637712e-09
-3.316844947707305e-09
-1.982864815014299e-09
-6.527871741213836e-10
6.759971056739981e-10
2.006091598308838e-09
3.340105535598682e-09
4.680665058816894e-09
6.030424738165597e-09
7.392079286466473e-09
8.76837557490231e-09
1.016212513415332e-08
1.157621723799065e-08
1.30136324209247e-08
1.447745672283859e-08
1.59708965887323e-08
1.749729415393214e-08
1.906014303353448e-08
2.066310424347979e-08
2.231002159841238e-08
2.400493585208003e-08
2.575209634389374e-08
2.755596814618268e-08
2.942123159560654e-08
3.135276975107039e-08
3.335563717596843e-08
3.54349999469308e-08
3.759603206328985e-08
3.984374682627433e-08
4.21827321259183e-08
4.46167460345661e-08
4.714811625329306e-08
4.977688406030751e-08
5.249968065201672e-08
5.530856345821382e-08
5.81909642134041e-08
6.113522983341309e-08
6.415812098292887e-08
6.741379543195527e-08
7.160618934624719e-08
7.956949023758092e-08
1.049314631106096e-07
2.109984804505842e-07
5.112104666599518e-07
-5.637512645579876e-07
-2.237498749395834e-07
-1.04001795895215e-07
-7.590152422439272e-08
-6.762939352354004e-08
-6.367954162698319e-08
-6.079572165119924e-08
-5.815178265166036e-08
-5.555707872380658e-08
-5.298534391279068e-08
-5.044802636116164e-08
-4.796082274795456e-08
-4.553586252689986e-08
-4.318080946363955e-08
-4.089962095246324e-08
-3.869351820787292e-08
-3.656180959986632e-08
-3.450251550984154e-08
-3.251282121624266e-08
-3.058939718022343e-08
-2.872862179175262e-08
-2.692673381452968e-08
-2.517993489920285e-08
-2.348445683064798e-08
-2.18366040169981e-08
-2.023277884808038e-08
-1.866949502282813e-08
-1.714338278284308e-08
-1.565118861884584e-08
-1.418977116937829e-08
-1.2756094898426e-08
-1.13472220167734e-08
-9.960303729419822e-09
-8.592570880922054e-09
-7.241324258892356e-09
-5.903925148349846e-09
-4.577785642098803e-09
-3.260359179711303e-09
-1.949131242671661e-09
-6.416100413052465e-10
6.646825833689723e-10
1.972220259219766e-09
3.283481191974537e-09
4.600957255418337e-09
5.927163067765937e-09
7.264645318256986e-09
8.615992144439663e-09
9.983842488361679e-09
1.137089577162698e-08
1.277992152863025e-08
1.421376892167954e-08
1.567537611798832e-08
1.716777916692437e-08
1.869411993773617e-08
2.02576525035659e-08
2.186174720593101e-08
2.3509891025827e-08
2.52056823064374e-08
2.695281736275704e-08
2.875506522632483e-08
3.061622511007683e-08
3.254005912889945e-08
3.453018977672437e-08
3.658994743804622e-08
3.872214765452613e-08
4.092877075960411e-08
4.321050887493458e-08
4.556614094392078e-08
4.799170924851884e-08
5.047954898669635e-08
5.301752853862478e-08
5.558994757106386e-08
5.818535222153955e-08
6.082999986004924e-08
6.371452390878304e-08
6.766505735789401e-08
7.593782076317799e-08
1.040386101664875e-07
2.237869813543802e-07
5.637903809225273e-07
-6.16950434446316e-07
-2.371127325268261e-07
-1.036017049833692e-07
-7.266034594307715e-08
-6.397446128672732e-08
-6.017238626463056e-08
-5.758160308972432e-08
-5.525491967600444e-08
-5.296375657525802e-08
-5.066977921156207e-08
-4.838146422309705e-08
-4.611512777881298e-08
-4.388500885381115e-08
-4.170143901364925e-08
-3.957114578681179e-08
-3.749799508705957e-08
-3.548370857590388e-08
-3.352844997429739e-08
-3.163127628297374e-08
-2.979047533180657e-08
-2.800381422699888e-08
-2.626872003646971e-08
-2.458240982552168e-08
-2.294198326261621e-08
-2.134448752309652e-08
-1.978696215078457e-08
-1.826646909755269e-08
-1.678011208423604e-08
-1.532504833960273e-08
-1.389849455659374e-08
-1.24977291241226e-08
-1.112009127247647e-08
-9.762978340070291e-09
-8.423841737965344e-09
-7.100181684748694e-09
-5.789541549857612e-09
-4.489501679737602e-09
-3.197672863027522e-09
-1.91168970414214e-09
-6.29203908395031e-10
6.521225881319573e-10
1.934624449843602e-09
3.22063972395938e-09
4.512516816092652e-09
5.812621229661264e-09
7.123342265083652e-09
8.447099774379017e-09
9.786350600435099e-09
1.114359473298945e-08
1.25213810647896e-08
1.392231256607582e-08
1.534905038657113e-08
1.680431654534573e-08
1.829089474677122e-08
1.98116282867875e-08
2.136941392326518e-08
2.296719022972857e-08
2.460791823624546e-08
2.62945513670219e-08
2.802999059339473e-08
2.981701942102169e-08
3.165821137476384e-08
3.355579993821771e-08
3.551149777186581e-08
3.752624822636046e-08
3.959988775567039e-08
4.173069461701645e-08
4.391480240425757e-08
4.614548252661277e-08
4.841240155611277e-08
5.070131757013322e-08
5.299591010961129e-08
5.528769638466362e-08
5.761500243961617e-08
6.020639617154004e-08
6.400905407918113e-08
7.269547231852032e-08
1.036372551132951e-07
2.37148495298019e-07
6.169883894663096e-07
-6.706419923757908e-07
-2.50939368289518e-07
-1.036118748163362e-07
-6.975925177862553e-08
-6.058423783155102e-08
-5.685806398628166e-08
-5.449711097982512e-08
-5.243532057717206e-08
-5.040630252618752e-08
-4.835861817101115e-08
-4.629623854544785e-08
-4.423447831236893e-08
-4.218819685096203e-08
-4.016912779328389e-08
-3.818574439525626e-08
-3.624375519806929e-08
-3.434668169202165e-08
-3.249636976859146e-08
-3.069340603644376e-08
-2.893744464726511e-08
-2.722745897929073e-08
-2.55619331159382e-08
-2.393900607743059e-08
-2.235657975671827e-08
-2.081239882395906e-08
-1.930410953266211e-08
-1.782930243798614e-08
-1.638554289390263e-08
-1.497039263301276e-08
-1.358142422863327e-08
-1.221623063677064e-08
-1.0872430797771e-08
-9.547672321225093e-09
-8.239632217966328e-09
-6.946015890729065e-09
-5.664554995522619e-09
-4.393004545674054e-09
-3.129139354266075e-09
-1.870749905889826e-09
-6.156381580934654e-10
6.383869545943657e-10
1.89351427016765e-09
3.151934920993937e-09
4.415846976289439e-09
5.687460016726737e-09
6.968999411826014e-09
8.262710271108412e-09
9.57086105934415e-09
1.089574663848716e-08
1.223969026743517e-08
1.360504454858013e-08
1.499419086250671e-08
1.640953661507446e-08
1.785350957997509e-08
1.932854841248244e-08
2.083708811324494e-08
2.238153859381054e-08
2.396425403587199e-08
2.558749017886725e-08
2.725334556586924e-08
2.896368155912262e-08
3.072001444875052e-08
3.252337111438953e-08
3.437409754171259e-08
3.627160712347995e-08
3.821405374838215e-08
4.019791536350359e-08
4.221748239837724e-08
4.426428001158728e-08
4.632657220971017e-08
4.838949625856026e-08
5.043773291036204e-08
5.246730497701859e-08
5.452964308621612e-08
5.689112717329969e-08
6.061780221801897e-08
6.979326976683071e-08
1.036462419000524e-07
2.509738839854301e-07
6.706788902061761e-07
-7.247348083154816e-07
-2.651482745443783e-07
-1.039679045826421e-07
-6.715462858070313e-08
-5.743525705380713e-08
-5.372994591137607e-08
-5.154812863487479e-08
-4.970717653414754e-08
-4.790371250220857e-08
-4.607303353441476e-08
-4.421388961454541e-08
-4.233963736137e-08
-4.046475951847927e-08
-3.860146580618574e-08
-3.675917111525884e-08
-3.494475817853087e-08
-3.316300910736874e-08
-3.141702629091475e-08
-2.970859523326869e-08
-2.803848262656087e-08
-2.640667527040038e-08
-2.481256893914618e-08
-2.325511597186278e-08
-2.17329398952874e-08
-2.024442364931509e-08
-1.878777713337693e-08
-1.7361088653289e-08
-1.596236356459969e-08
-1.458955332830126e-08
-1.324057683311008e-08
-1.191333591338031e-08
-1.060572636747872e-08
-9.315645435542538e-09
-8.040996631590969e-09
-6.779692586113745e-09
-5.529656239555957e-09
-4.288820804884599e-09
-3.055129068949908e-09
-1.826531776143048e-09
-6.009856153668049e-10
6.235489386448988e-10
1.849110163457336e-09
3.077737651569224e-09
4.311474745932882e-09
5.552370754297428e-09
6.802483019084392e-09
8.063878439324493e-09
9.338634238517641e-09
1.062883796318319e-08
1.193658627858658e-08
1.326398219954958e-08
1.461313018950745e-08
1.598612865045203e-08
1.738505897593227e-08
1.881197001947925e-08
2.026885670935175e-08
2.175763107419825e-08
2.328008348337263e-08
2.483783129766946e-08
2.643225126814757e-08
2.80643912320053e-08
2.973485554747505e-08
3.144365741737698e-08
3.319003004334102e-08
3.497218761107955e-08
3.678702715294725e-08
3.862976562780405e-08
4.049351893532632e-08
4.236887027344108e-08
4.424360725430501e-08
4.61032435983546e-08
4.793441808820791e-08
4.973837487896678e-08
5.15798096637538e-08
5.376209052535766e-08
5.746783496052026e-08
6.718759498708618e-08
1.040011598947235e-07
2.65181625714449e-07
7.247707369922899e-07
-7.791606220683167e-07
-2.796770995690365e-07
-1.046183067910536e-07
-6.480882164256685e-08
-5.450405775428038e-08
-5.077724452405937e-08
-4.873404376403279e-08
-4.707731091097689e-08
-4.546773324143841e-08
-4.382763406751381e-08
-4.215033103758048e-08
-4.044672763119778e-08
-3.873031066091256e-08
-3.701312658076515e-08
-3.530493278512683e-08
-3.361325678633031e-08
-3.194369144193374e-08
-3.030022372718303e-08
-2.868553665108167e-08
-2.71012688480511e-08
-2.554823068956096e-08
-2.402658118486739e-08
-2.253597080983225e-08
-2.107565593820494e-08
-1.964458981152273e-08
-1.824149430231102e-08
-1.686491642945733e-08
-1.551327240816238e-08
-1.418488190551497e-08
-1.287799447114604e-08
-1.159080976254104e-08
-1.032149282262615e-08
-9.068185624552155e-09
-7.829015411681509e-09
-6.60210072171598e-09
-5.385555703168616e-09
-4.177492688809957e-09
-2.976023865159672e-09
-1.779262150972046e-09
-5.853213520325265e-10
6.076840856282168e-10
1.801639467725168e-09
2.99843030874885e-09
4.199942878188145e-09
5.408064358262777e-09
6.624682608731217e-09
7.851685372746702e-09
9.090958685521825e-09
1.034438414248204e-08
1.161383465299833e-08
1.290116844173583e-08
1.420822063451938e-08
1.553679180261293e-08
1.68886326138699e-08
1.826542358730677e-08
1.966874871407903e-08
2.110006120545171e-08
2.256063935692097e-08
2.405153010313357e-08
2.5573477156147e-08
2.712683005649198e-08
2.871142975462588e-08
3.03264656748879e-08
3.19702988425791e-08
3.36402456703989e-08
3.533231836267083e-08
3.704092288937337e-08
3.875853014596918e-08
4.047538061224711e-08
4.217942503860767e-08
4.385717307638849e-08
4.549771683467027e-08
4.710773324399553e-08
4.87648924396654e-08
5.080849932620975e-08
5.453568908796656e-08
6.48407880221741e-08
1.046505128541323e-07
2.797093570923338e-07
7.791956565002324e-07
-8.338669475910787e-07
-2.944771411236461e-07
-1.055215160118747e-07
-6.268968471501101e-08
-5.176860137996673e-08
-4.798743150877686e-08
-4.605043711295499e-08
-4.45476663705312e-08
-4.310491624449223e-08
-4.163202442437343e-08
-4.011695260733977e-08
-3.856795761840682e-08
-3.699718361952352e-08
-3.541609956546299e-08
-3.383438063921814e-08
-3.225979816802165e-08
-3.069839629289867e-08
-2.915473549521855e-08
-2.763213379007609e-08
-2.613288431410285e-08
-2.465844343759041e-08
-2.320958994001946e-08
-2.178655756912824e-08
-2.038914421402128e-08
-1.901680121215165e-08
-1.766870571943415e-08
-1.634381914444351e-08
-1.504093412059323e-08
-1.375871198035062e-08
-1.249571256202309e-08
-1.125041794980542e-08
-1.002125092878281e-08
-8.806589652516697e-09
-7.604779048934447e-09
-6.414139413503763e-09
-5.232973229841354e-09
-4.059570295621529e-09
-2.892211492771145e-09
-1.729171620969051e-09
-5.687217018969084e-10
5.908693155049646e-10
1.751333220622231e-09
2.914401139819404e-09
4.081802092238805e-09
5.255261255156155e-09
6.436497835020344e-09
7.627222160288133e-09
8.829131838742407e-09
1.004390665978914e-08
1.127320186503051e-08
1.251863942530954e-08
1.378179667463693e-08
1.506419172852537e-08
1.636726485475035e-08
1.769235484617437e-08
1.904066921632541e-08
2.041324666444891e-08
2.181091011084894e-08
2.323420826285849e-08
2.468334317918101e-08
2.615808101378499e-08
2.765764276874788e-08
2.91805716926064e-08
3.072457412881247e-08
3.228633130616932e-08
3.386128175307637e-08
3.544337997657436e-08
3.702485292415324e-08
3.859602319264743e-08
4.014541903590618e-08
4.166089288012468e-08
4.313418376112854e-08
4.457732504575987e-08
4.608047324567437e-08
4.801782471023749e-08
5.17993234058031e-08
6.272069750643358e-08
1.055527276860099e-07
2.945083661517255e-07
8.339011519411715e-07
-8.888125271588792e-07
-3.095096534651542e-07
-1.066436174808527e-07
-6.076985970819482e-08
-4.92088206939811e-08
-4.534759364543516e-08
-4.349079602105778e-08
-4.211703769100871e-08
-4.081816417025863e-08
-3.949207126955325e-08
-3.812158904558302e-08
-3.671231962246923e-08
-3.527490451985272e-08
-3.381998855195001e-08
-3.235687959372645e-08
-3.089330196689934e-08
-2.943547480310494e-08
-2.798828139051135e-08
-2.655545443901707e-08
-2.513975240338131e-08
-2.374311803573994e-08
-2.236681695793238e-08
-2.101155662726407e-08
-1.967758694387456e-08
-1.836478464323483e-08
-1.70727235011646e-08
-1.580073222093226e-08
-1.454794215609852e-08
-1.331332637212227e-08
-1.209573126734488e-08
-1.089390258685666e-08
-9.70650628018834e-09
-8.53214530210065e-09
-7.369373342279111e-09
-6.216705762322257e-09
-5.072628352677664e-09
-3.93560439808123e-09
-2.80408051401789e-09
-1.676491294902106e-09
-5.512632624783328e-10
5.7318168756542e-10
1.69842318201883e-09
2.826039328864063e-09
3.957603630887309e-09
5.094681527586833e-09
6.238826483025828e-09
7.391575239630846e-09
8.554442095620888e-09
9.728911807450868e-09
1.091643077700822e-08
1.21183961136399e-08
1.333614199562826e-08
1.457092278592804e-08
1.582389210699743e-08
1.709607701218979e-08
1.838834619612299e-08
1.970137095384848e-08
2.103557751045092e-08
2.239108905700691e-08
2.376765555306967e-08
2.516456932066311e-08
2.658056435932097e-08
2.801369742192695e-08
2.946120940503717e-08
3.091936671569558e-08
3.238328495085275e-08
3.384674351899418e-08
3.530201631819458e-08
3.673979325261179e-08
3.814942680498223e-08
3.952027222273039e-08
4.084672355305835e-08
4.214594631804009e-08
4.352003963680892e-08
4.537715228400953e-08
4.923866778569697e-08
6.079996055738473e-08
1.066738829587902e-07
3.09539899010604e-07
8.888459567390907e-07
-9.439643091750141e-07
-3.247433050425855e-07
-1.079566378218066e-07
-5.902603253125276e-08
-4.680673276910938e-08
-4.284516061758717e-08
-4.104758594252472e-08
-3.978225610731927e-08
-3.860786587692216e-08
-3.74108954817174e-08
-3.616933013898375e-08
-3.488621511552593e-08
-3.357065093004028e-08
-3.223233086512069e-08
-3.088001705673886e-08
-2.952118560655428e-08
-2.816202615884933e-08
-2.680754948722243e-08
-2.546172397923162e-08
-2.412761399116251e-08
-2.280750972563027e-08
-2.150304454915774e-08
-2.021529874354896e-08
-1.894488966483247e-08
-1.769204909833472e-08
-1.645668926280999e-08
-1.523845839761707e-08
-1.403678741662731e-08
-1.285092916173955e-08
-1.167999076270938e-08
-1.052296060953125e-08
-9.378730748391015e-09
-8.246115358058529e-09
-7.123865960715399e-09
-6.010684024978226e-09
-4.905231507334678e-09
-3.806139510573216e-09
-2.712015636435884e-09
-1.621450225489861e-09
-5.330218688928656e-10
5.546976739385673e-10
1.643138905537223e-09
2.733730087061873e-09
3.827892657583443e-09
4.927036271223198e-09
6.03255336707783e-09
7.145812884086608e-09
8.268152960647679e-09
9.400872170623734e-09
1.054521905185517e-08
1.170237950270748e-08
1.287346152595896e-08
1.40594767612176e-08
1.52613181139858e-08
1.647973278526091e-08
1.771528977967706e-08
1.896834082910226e-08
2.023897364556691e-08
2.152695625873233e-08
2.283167109438497e-08
2.415203752877611e-08
2.548642172393985e-08
2.683253290729676e-08
2.818730596706452e-08
2.954677155114915e-08
3.090591768371751e-08
3.225855322103736e-08
3.359720029329355e-08
3.491309459022376e-08
3.61965402538398e-08
3.743843374458274e-08
3.863572632093542e-08
3.981042884798198e-08
4.107605668157744e-08
4.287391017556109e-08
4.683573640552484e-08
5.905525872426584e-08
1.079859995477924e-07
3.24772617305817e-07
9.439970119697239e-07
-9.992953753195364e-07
-3.401523872409954e-07
-1.09437258421124e-07
-5.743825941878189e-08
-4.454634593498419e-08
-4.046826705536208e-08
-3.871290643330108e-08
-3.753898647961743e-08
-3.64727146761279e-08
-3.538963123584675e-08
-3.426317648576247e-08
-3.30939905052592e-08
-3.188966931226537e-08
-3.065890859796332e-08
-2.940982463856776e-08
-2.814951404042913e-08
-2.688399173125156e-08
-2.561824878229058e-08
-2.435634803456296e-08
-2.310152917033556e-08
-2.185631223310068e-08
-2.062259454765423e-08
-1.940173895437629e-08
-1.819465271180224e-08
-1.700185669646201e-08
-1.582354573408631e-08
-1.465964073595731e-08
-1.350983313248926e-08
-1.23736228862842e-08
-1.125035071040727e-08
-1.013922534212153e-08
-9.039346435781862e-09
-7.949723978018029e-09
-6.869294664570858e-09
-5.796935650029701e-09
-4.731476291320382e-09
-3.671708094988997e-09
-2.616393359181201e-09
-1.564272704878433e-09
-5.140718656741418e-10
5.354921621908997e-10
1.585705287956185e-09
2.637850541592084e-09
3.69320220993384e-09
4.753019646219479e-09
5.818540583251469e-09
6.890973545466791e-09
7.97148924492089e-09
9.06121054763153e-09
1.016120080094294e-08
1.127245003409804e-08
1.239585860866979e-08
1.353221782588331e-08
1.468218692279815e-08
1.584626586981797e-08
1.702476316484174e-08
1.821775782985006e-08
1.942505483100671e-08
2.06461330497851e-08
2.188008495520418e-08
2.312554727293009e-08
2.438062215792247e-08
2.564278891367966e-08
2.690880703021827e-08
2.817461266354377e-08
2.943521350098072e-08
3.068459312880657e-08
3.191565320911574e-08
3.312027535872751e-08
3.428976148184569e-08
3.541651278808579e-08
3.649988608275185e-08
3.756643756603013e-08
3.874062318722055e-08
4.049623129226642e-08
4.457453477582727e-08
5.746664431679263e-08
1.094657538630543e-07
3.401808066553018e-07
9.993273931595914e-07
-1.054783480317622e-06
-3.557155256236884e-07
-1.11065841753422e-07
-5.598939067664141e-08
-4.241347976875597e-08
-3.820590546940864e-08
-3.647888190769472e-08
-3.538225644856219e-08
-3.441029015904404e-08
-3.342799669252292e-08
-3.24045581012858e-08
-3.133838223442759e-08
-3.023563967931187e-08
-2.910403544047489e-08
-2.795099526212814e-08
-2.678315769718153e-08
-2.560626481036079e-08
-2.442518098206571e-08
-2.32439553227677e-08
-2.206589864324149e-08
-2.089366370590826e-08
-1.972932352349735e-08
-1.857444471613824e-08
-1.743015498462389e-08
-1.629720392976905e-08
-1.517601699173828e-08
-1.406674302201249e-08
-1.296929586110967e-08
-1.188339042946598e-08
-1.080857373791512e-08
-9.744251739079013e-09
-8.689712276588174e-09
-7.644144818148823e-09
-6.606657392387363e-09
-5.576291072453822e-09
-4.552032575900239e-09
-3.53282517827003e-09
-2.517578332114697e-09
-1.505176172868402e-09
-4.944853380376844e-10
5.156378223884423e-10
1.526340360062307e-09
2.538765935831696e-09
3.554047915518474e-09
4.573302141578943e-09
5.597619196338734e-09
6.628055814106854e-09
7.665625304397268e-09
8.711286592467382e-09
9.765931687322547e-09
1.083037111882049e-08
1.190531702000399e-08
1.299136340499327e-08
1.408896316954342e-08
1.519840134445894e-08
1.631976395543869e-08
1.74529019507398e-08
1.859738966741504e-08
1.975247725611093e-08
2.09170366271493e-08
2.208950068093445e-08
2.326779586491857e-08
2.444926868214378e-08
2.563060747222441e-08
2.680776210557167e-08
2.797586695756325e-08
2.912917851689669e-08
3.026105654373628e-08
3.136407330371254e-08
3.243052158056494e-08
3.345422825887595e-08
3.443678270875642e-08
3.540899980391569e-08
3.650586256365932e-08
3.823310636404909e-08
4.244087986621983e-08
5.601696415856115e-08
1.11093504080039e-07
3.557430877054708e-07
1.054814849821642e-06
-1.110409999247602e-06
-3.714147351316463e-07
-1.128256888391239e-07
-5.46645910714384e-08
-4.039555877840743e-08
-3.604796234631091e-08
-3.433788458947187e-08
-3.330680230393918e-08
-3.241746717029346e-08
-3.152471756951631e-08
-3.059373789033534e-08
-2.962087864401768e-08
-2.861098521279857e-08
-2.757081135556576e-08
-2.650708537065986e-08
-2.542594770893312e-08
-2.433280571079041e-08
-2.323232252022112e-08
-2.212845318903075e-08
-2.102449867413565e-08
-1.992316613923533e-08
-1.882663070965276e-08
-1.773659545538535e-08
-1.665434785611341e-08
-1.558081206196988e-08
-1.451659647947422e-08
-1.346203642279391e-08
-1.241723204514414e-08
-1.138208198285624e-08
-1.035631273016495e-08
-9.33950445987015e-09
-8.331113454929708e-09
-7.330491694017351e-09
-6.336903939236507e-09
-5.349542597948799e-09
-4.367540820853428e-09
-3.389984024674105e-09
-2.415920212765065e-09
-1.44436924281581e-09
-4.743314352877047e-10
4.952044139468099e-10
1.465253319660461e-09
2.436826501868352e-09
3.410923644457798e-09
4.388524863195256e-09
5.370582164163784e-09
6.358010124344835e-09
7.351675609351342e-09
8.352386202603855e-09
9.360877148587012e-09
1.037779642930258e-08
1.140368771143271e-08
1.243897076592616e-08
1.34839189819623e-08
1.453863362122281e-08
1.560301433389117e-08
1.667672559549643e-08
1.775915874082485e-08
1.884938926985849e-08
1.994612930243027e-08
2.104767530489835e-08
2.215185151183024e-08
2.325594999278275e-08
2.435666898738998e-08
2.545005239975844e-08
2.653143584993781e-08
2.759541061244138e-08
2.863583462540652e-08
2.964597775563056e-08
3.061908420205339e-08
3.155030628998326e-08
3.244329103668298e-08
3.333285134088974e-08
3.436414594696455e-08
3.607442014013362e-08
4.042219374833095e-08
5.469137988514655e-08
1.128525474662816e-07
3.714414711755683e-07
1.110440752600805e-06
-1.166159153117553e-06
-3.872347155064829e-07
-1.147024677929357e-07
-5.34509456768133e-08
-3.848140888726533e-08
-3.3985191550992e-08
-3.228265260303977e-08
-3.130729088744024e-08
-3.04907003171394e-08
-2.967783834367549e-08
-2.88301216942596e-08
-2.794200957346539e-08
-2.701712983135599e-08
-2.606134278788961e-08
-2.508069694931345e-08
-2.408082177929942e-08
-2.306675519979619e-08
-2.204291013179127e-08
-2.101309007898727e-08
-1.998052473380455e-08
-1.894791397731228e-08
-1.791747521470437e-08
-1.689099133987427e-08
-1.586985738051822e-08
-1.485512461070052e-08
-1.384754168219667e-08
-1.284759232436306e-08
-1.185552944191973e-08
-1.087140590798177e-08
-9.895101906201239e-09
-8.926349321912979e-09
-7.964753253523902e-09
-7.009811094590296e-09
-6.06092942119616e-09
-5.117438881523457e-09
-4.178607482178119e-09
-3.243652451451499e-09
-2.311751013356801e-09
-1.382050181812617e-09
-4.536759197877254e-10
4.742582756878842e-10
1.402643034313706e-09
2.332364875588206e-09
3.26429783666889e-09
4.199294875362943e-09
5.138178761543131e-09
6.081732255565698e-09
7.030687347347089e-09
7.985713364562774e-09
8.94740371019612e-09
9.916260927521515e-09
1.089267984794367e-08
1.187692850920797e-08
1.286912658594705e-08
1.386922105939656e-08
1.487695879547767e-08
1.589185582677874e-08
1.691316319358764e-08
1.79398292610121e-08
1.897045859378864e-08
2.00032677502793e-08
2.10360386734992e-08
2.206607079025691e-08
2.309013355369203e-08
2.410442239005699e-08
2.510452324342509e-08
2.608539686749416e-08
2.704141226392639e-08
2.796651924970319e-08
2.88548556328929e-08
2.970279150276733e-08
3.051586544809877e-08
3.133265836420144e-08
3.230821033265968e-08
3.40109248246571e-08
3.850730011428002e-08
5.347697377699139e-08
1.147285488420215e-07
3.872606531803588e-07
1.166189318707049e-06
-1.222017428811617e-06
-4.031623176609358e-07
-1.166837697555337e-07
-5.233713768282915e-08
-3.666106995994466e-08
-3.200915644973227e-08
-3.030634323013389e-08
-2.937845802569912e-08
-2.862621953832702e-08
-2.788494882779206e-08
-2.711249414841219e-08
-2.630157526512359e-08
-2.545470923635844e-08
-2.457692944189335e-08
-2.367363727152504e-08
-2.274995692313574e-08
-2.181054197269026e-08
-2.085952547973031e-08
-1.990052024928579e-08
-1.893663978076602e-08
-1.797052900697248e-08
-1.700439976998403e-08
-1.604006830066286e-08
-1.507899301170984e-08
-1.412231121797324e-08
-1.317087414845593e-08
-1.222527977134311e-08
-1.128590304067147e-08
-1.03529236541833e-08
-9.426351098972143e-09
-8.506047370512054e-09
-7.591747303002634e-09
-6.683076844503801e-09
-5.779569432145058e-09
-4.880680633795224e-09
-3.985801392699146e-09
-3.094270006034732e-09
-2.20538309766814e-09
-1.318405693391227e-09
-4.325807325231984e-10
4.528619408526983e-10
1.338696809023399e-09
2.225694030701854e-09
3.114610653049678e-09
4.006181630621835e-09
4.901110336900599e-09
5.800058460414182e-09
6.703635017296066e-09
7.612384393159353e-09
8.526773117630668e-09
9.447175179127068e-09
1.037385565579756e-08
1.130695243184572e-08
1.224645584842366e-08
1.319218605130675e-08
1.414376785093423e-08
1.51006030098623e-08
1.606183994633154e-08
1.702634096757485e-08
1.799264723717177e-08
1.895894197096852e-08
1.992301269735514e-08
2.088221376164174e-08
2.18334308055469e-08
2.277305004777821e-08
2.36969373255666e-08
2.460043776516926e-08
2.547842579970961e-08
2.632549850208244e-08
2.71366207538391e-08
2.790927366025852e-08
2.865073550762525e-08
2.94031559715142e-08
3.033121184857235e-08
3.203418216893508e-08
3.668623674996826e-08
5.236242651531495e-08
1.167090964919511e-07
4.031874814858375e-07
1.222047031746561e-06
-1.277973137601803e-06
-4.191861337488172e-07
-1.187587606065957e-07
-5.131318513560718e-08
-3.492562883573506e-08
-3.011215852153905e-08
-2.840254682703281e-08
-2.751519127636032e-08
-2.682016258299694e-08
-2.614334768915524e-08
-2.543919676869702e-08
-2.469882566879509e-08
-2.392374167521881e-08
-2.311822032318346e-08
-2.22870568018297e-08
-2.143488761694441e-08
-2.056598118107568e-08
-1.968417570749731e-08
-1.879286818174493e-08
-1.789502421867462e-08
-1.699319815663498e-08
-1.60895587895104e-08
-1.518591803334127e-08
-1.428376096492142e-08
-1.338427593969421e-08
-1.248838402057924e-08
-1.159676715505012e-08
-1.070989463991948e-08
-9.828047850423179e-09
-8.951342905177699e-09
-8.079751543758972e-09
-7.213120063511552e-09
-6.35118657393298e-09
-5.493596660733282e-09
-4.639917573372594e-09
-3.789651200280456e-09
-2.942245940559411e-09
-2.097107677595568e-09
-1.253609954354614e-09
-4.111036519394578e-10
4.31073800175453e-10
1.27358941597872e-09
2.117105765494415e-09
2.962271951607708e-09
3.809714414372589e-09
4.660027259117854e-09
5.513762064640055e-09
6.371416885069866e-09
7.233424417785015e-09
8.100139024850676e-09
8.971822513717022e-09
9.848628484290093e-09
1.073058505893578e-08
1.161757593752427e-08
1.250931957200513e-08
1.340534640575801e-08
1.430497420550157e-08
1.520728154590273e-08
1.611107967550163e-08
1.701488307761909e-08
1.791687929818685e-08
1.881489892683022e-08
1.970638689540767e-08
2.058837677769246e-08
2.145747064483451e-08
2.230982922261262e-08
2.314118293190567e-08
2.394689399545493e-08
2.472216575030523e-08
2.546272114552629e-08
2.61670512826583e-08
2.68440385448283e-08
2.753923095376841e-08
2.842673971623257e-08
3.013649216072824e-08
3.495008863807668e-08
5.133775392447322e-08
1.187833537413605e-07
4.192105454938093e-07
1.278002200139281e-06
-1.334016074269965e-06
-4.352961781408871e-07
-1.209179049528757e-07
-5.037022544205572e-08
-3.326707366592485e-08
-2.828716269824608e-08
-2.656527754988467e-08
-2.57125757987047e-08
-2.50686632246925e-08
-2.445015946857583e-08
-2.380826127719442e-08
-2.31325997767583e-08
-2.242376519218871e-08
-2.168534273324018e-08
-2.092156615262351e-08
-2.013660913482016e-08
-1.933436343446709e-08
-1.851836804877521e-08
-1.769178992403632e-08
-1.685742554633928e-08
-1.601771277244562e-08
-1.517474865633824e-08
-1.433031083260359e-08
-1.348588097551912e-08
-1.264266911032665e-08
-1.180163801444781e-08
-1.096352711895545e-08
-1.012887540475303e-08
-9.298043191852132e-09
-8.471232412834197e-09
-7.648505568994196e-09
-6.829803159735673e-09
-6.014959784709997e-09
-5.203718945554681e-09
-4.395746608082766e-09
-3.590643722374649e-09
-2.787957808076414e-09
-1.987193767863076e-09
-1.187824009126245e-09
-3.892981178884195e-10
4.089478906096013e-10
1.207482497473491e-09
2.006869696890641e-09
2.807659894792613e-09
3.610380659307524e-09
4.41552705931556e-09
5.223551542538091e-09
6.034853102560133e-09
6.849765720149928e-09
7.66854582238289e-09
8.491358700870654e-09
9.318263737034478e-09
1.014919828633938e-08
1.098396023514757e-08
1.182218908265546e-08
1.266334556447174e-08
1.35066899417582e-08
1.435125907743312e-08
1.519584255988318e-08
1.603895827025125e-08
1.687882803351844e-08
1.771335418937469e-08
1.854009818581838e-08
1.935626277189448e-08
2.015868008915603e-08
2.094381015830044e-08
2.170776014530827e-08
2.24463551654903e-08
2.315536015238519e-08
2.383118855577423e-08
2.447324865967878e-08
2.509190780025526e-08
2.573596768839697e-08
2.658880701972264e-08
2.831081832652154e-08
3.329084222060526e-08
5.039409144694395e-08
1.209417829928112e-07
4.353198571555325e-07
1.334044616150908e-06
-1.390137250331325e-06
-4.514836361806081e-07
-1.231527456917817e-07
-4.950033841164134e-08
-3.16781679677455e-08
-2.652772464487812e-08
-2.478895114574755e-08
-2.396591603525964e-08
-2.336790808970815e-08
-2.280241730755395e-08
-2.221750904994074e-08
-2.160143323914194e-08
-2.095394667564306e-08
-2.027800798421547e-08
-1.957733475328597e-08
-1.885566664626084e-08
-1.811653337298723e-08
-1.736317774505314e-08
-1.659853055230613e-08
-1.582520604893461e-08
-1.50455075206322e-08
-1.426143888840418e-08
-1.347472014261164e-08
-1.268680528612246e-08
-1.189890165306371e-08
-1.111198988467092e-08
-1.032684398694627e-08
-9.544050932883249e-09
-8.764029653775375e-09
-7.987048981425699e-09
-7.213244694183527e-09
-6.44263540574292e-09
-5.675137427745037e-09
-4.910578582537634e-09
-4.148711009518392e-09
-3.38922311143673e-09
-2.631750725600329e-09
-1.875887624628181e-09
-1.121195427227848e-09
-3.672131203785068e-10
3.865337784999469e-10
1.140524221824836e-09
1.895232697120896e-09
2.65112020793379e-09
3.408625108192056e-09
4.168153601927678e-09
4.930069811824554e-09
5.694685269782616e-09
6.462247764290219e-09
7.232929393059793e-09
8.006813736436248e-09
8.783882052608675e-09
9.563998407170581e-09
1.034689377463179e-08
1.11321490418628e-08
1.191917695470998e-08
1.270720318648362e-08
1.349524673103788e-08
1.428209988091013e-08
1.506630819396884e-08
1.584615114906719e-08
1.661962424300305e-08
1.738442353033441e-08
1.813793402434438e-08
1.887722408697869e-08
1.959904999932802e-08
2.029988103250844e-08
2.097597642818112e-08
2.1623617438486e-08
2.223984420660162e-08
2.282489860810713e-08
2.339052939585204e-08
2.398866981218753e-08
2.48118284163391e-08
2.655071502620448e-08
3.170125947196892e-08
4.952351708161552e-08
1.231759251194713e-07
4.515065996807533e-07
1.390165289127895e-06
-1.446328682937591e-06
-4.677406640857463e-07
-1.254557259691984e-07
-4.869640008916066e-08
-3.01523424931248e-08
-2.482792272720813e-08
-2.306835574965776e-08
-2.227074165929967e-08
-2.171417197579881e-08
-2.119712056965265e-08
-2.066462427128239e-08
-2.010364101927938e-08
-1.951316841783683e-08
-1.889559730757343e-08
-1.825417299130655e-08
-1.7592231395457e-08
-1.691295845935326e-08
-1.621930884050508e-08
-1.551397685246395e-08
-1.479938761395549e-08
-1.407769794811638e-08
-1.335080317716516e-08
-1.262034778513466e-08
-1.188773880932225e-08
-1.115416095222536e-08
-1.042059273406333e-08
-9.687823137495361e-09
-8.956468216818878e-09
-8.226987498598272e-09
-7.499699720211134e-09
-6.774798021517618e-09
-6.052364290928797e-09
-5.332382746244175e-09
-4.614752688501002e-09
-3.899300469305818e-09
-3.185790769493762e-09
-2.473937248677998e-09
-1.763412610649847e-09
-1.053858175198925e-09
-3.448931272889118e-10
3.638765227449759e-10
1.072849139421903e-09
1.782418707689418e-09
2.492966029828141e-09
3.204849758749621e-09
3.918397180773304e-09
4.633894589400953e-09
5.351577227422878e-09
6.071618649405407e-09
6.794119467972805e-09
7.519095368795149e-09
8.24646433210537e-09
8.976033055451678e-09
9.707482593981714e-09
1.044035322855292e-08
1.117402863397397e-08
1.190771951749125e-08
1.264044699428854e-08
1.337102598975364e-08
1.409804904083053e-08
1.481987115637934e-08
1.553459646440527e-08
1.624006751923512e-08
1.693385850307269e-08
1.761327431677957e-08
1.827535945901375e-08
1.891692705838109e-08
1.953464020427258e-08
2.012525253779054e-08
2.068637210259753e-08
2.12190001399049e-08
2.173617753027977e-08
2.22928662102586e-08
2.30905910959289e-08
2.485025942556758e-08
3.017476969346953e-08
4.871890527112312e-08
1.254782215301381e-07
4.677629274076966e-07
1.446356234249736e-06
-1.502583225569689e-06
-4.840602278951275e-07
-1.278200445584338e-07
-4.795196160188394e-08
-2.86836023267965e-08
-2.318229584348855e-08
-2.139862013786125e-08
-2.062280357167279e-08
-2.010383781631467e-08
-1.963127424400588e-08
-1.914720758904003e-08
-1.863738038020085e-08
-1.810009620481602e-08
-1.753723136985055e-08
-1.695160026998487e-08
-1.634616526536883e-08
-1.572378858300184e-08
-1.508714793977398e-08
-1.443870492799396e-08
-1.378069321786764e-08
-1.311511606478864e-08
-1.244374945489654e-08
-1.176814902689407e-08
-1.108965977750411e-08
-1.040942767196538e-08
-9.728412533607882e-09
-9.047401705110003e-09
-8.367023991509053e-09
-7.687763710818295e-09
-7.009974385269973e-09
-6.333892158987918e-09
-5.659648629642728e-09
-4.987283149888719e-09
-4.316754504156188e-09
-3.647951984672185e-09
-2.980705920793915e-09
-2.314797715527015e-09
-1.649969388567905e-09
-9.859327202233003e-10
-3.223781265032559e-10
3.410166968497171e-10
1.004578288227273e-09
1.668628952063806e-09
2.333478266593264e-09
2.999414422151009e-09
3.666695387679902e-09
4.335539704665546e-09
5.006116963868167e-09
5.678537774731679e-09
6.352843261589629e-09
7.028993978626954e-09
7.706858187395374e-09
8.386199579933595e-09
9.066664432447137e-09
9.74776823069471e-09
1.042888189801645e-08
1.110921779292904e-08
1.178781574106686e-08
1.246352941079921e-08
1.31350133990224e-08
1.380071159093629e-08
1.445884748050361e-08
1.510741722538911e-08
1.574418650238758e-08
1.636669299308095e-08
1.69722582024302e-08
1.755801905917002e-08
1.812101231373716e-08
1.865842261175726e-08
1.916837265902765e-08
1.965255783497986e-08
2.01252345613011e-08
2.064430705882718e-08
2.14202228994651e-08
2.320398930527576e-08
2.870537672294376e-08
4.79738057060586e-08
1.278418693964647e-07
4.840818047269385e-07
1.502610303346486e-06
-1.558894431348894e-06
-5.004359726236735e-07
-1.302395370088124e-07
-4.72611480786705e-08
-2.726644739434768e-08
-2.158578730174919e-08
-1.977518128775924e-08
-1.901806386933463e-08
-1.853340634180084e-08
-1.810191497942242e-08
-1.766281489561828e-08
-1.720069863320561e-08
-1.671323263025025e-08
-1.620182624531344e-08
-1.566890112744973e-08
-1.511707509906218e-08
-1.454890724912496e-08
-1.396681137684049e-08
-1.337302282643128e-08
-1.276958479410635e-08
-1.215834347000093e-08
-1.154094849052042e-08
-1.091885698484373e-08
-1.029334034152304e-08
-9.665492939482303e-09
-9.036242293669322e-09
-8.406360154000865e-09
-7.776474108195284e-09
-7.147079521377907e-09
-6.518551349097767e-09
-5.8911558894094e-09
-5.26506216462341e-09
-4.640352973506662e-09
-4.017035491224047e-09
-3.395051424372956e-09
-2.774286738561438e-09
-2.154581018180582e-09
-1.535736422724539e-09
-9.175263283195474e-10
-2.997037401311358e-10
3.179904744518488e-10
9.358194974996849e-10
1.554042468999078e-09
2.172906383775393e-09
2.792637840169191e-09
3.413434658830109e-09
4.035457194819496e-09
4.65881939700267e-09
5.283579467125758e-09
5.909730139881024e-09
6.537188520473396e-09
7.165785435419036e-09
7.795254423131207e-09
8.425220343202125e-09
9.055187641893652e-09
9.68452845395273e-09
1.031247073865019e-08
1.093808664968478e-08
1.15602814586464e-08
1.217778339083646e-08
1.278913487522284e-08
1.339268578687711e-08
1.398658938100337e-08
1.456880186337199e-08
1.513708722289627e-08
1.568903095486477e-08
1.622207320082907e-08
1.673359533248601e-08
1.722117483637145e-08
1.768340148362834e-08
1.812260791733819e-08
1.855420067682828e-08
1.903895374678505e-08
1.979615992095619e-08
2.160684695851794e-08
2.728757931120865e-08
4.728234218780103e-08
1.302607028561928e-07
5.004568751478758e-07
1.558921047958985e-06
-1.615256440985659e-06
-5.16862114857699e-07
-1.327085773976749e-07
-4.661857367982055e-08
-2.589580399817434e-08
-2.003369463308005e-08
-1.819375278846341e-08
-1.745268218279765e-08
-1.699949866709949e-08
-1.6606127471893e-08
-1.620898485956497e-08
-1.579156907243847e-08
-1.535095869474994e-08
-1.488813824032e-08
-1.440517123869587e-08
-1.390435821037577e-08
-1.33879753327153e-08
-1.285818630240304e-08
-1.231700834628455e-08
-1.176629743019839e-08
-1.120774184574354e-08
-1.064286073772466e-08
-1.007300598532731e-08
-9.499366665100529e-09
-8.922975455343254e-09
-8.34471650963203e-09
-7.765334380979684e-09
-7.185443588803655e-09
-6.60553868039534e-09
-6.026004344229199e-09
-5.447125628027397e-09
-4.86909795450634e-09
-4.292036967434448e-09
-3.715988066216177e-09
-3.140935632017541e-09
-2.566811932424521e-09
-1.993505764977811e-09
-1.420870773218815e-09
-8.48733518509995e-10
-2.769013611341158e-10
2.948297880814668e-10
8.666678383592795e-10
1.438816883962992e-09
2.011469557634358e-09
2.584799281951766e-09
3.158952389142498e-09
3.734040030428651e-09
4.310129846269685e-09
4.887237362589364e-09
5.465317088102247e-09
6.044253283284601e-09
6.623850381408515e-09
7.203823173892176e-09
7.783786790817533e-09
8.363246509468314e-09
8.94158753911024e-09
9.518065041668029e-09
1.009179455618074e-08
1.066174307762707e-08
1.122672116353763e-08
1.178537652354631e-08
1.233618956130482e-08
1.28774714685279e-08
1.340736573910537e-08
1.392385453284938e-08
1.442477351758063e-08
1.490784581929908e-08
1.537077019239674e-08
1.581148233343225e-08
1.622899695563459e-08
1.662623467293525e-08
1.701969644487306e-08
1.747296521393093e-08
1.821411493964416e-08
2.005412896589866e-08
2.591630266432287e-08
4.663912769815134e-08
1.32729094713507e-07
5.168823538838022e-07
1.615282607415583e-06
-1.671663890478266e-06
-5.333333537892173e-07
-1.352219963618785e-07
-4.601926988539469e-08
-2.456696576607623e-08
-1.852162482777376e-08
-1.66502948855247e-08
-1.592300008757157e-08
-1.549885403079265e-08
-1.514105391876008e-08
-1.478325808004369e-08
-1.440791771681428e-08
-1.40115660378143e-08
-1.359479965567513e-08
-1.315935500979581e-08
-1.270724037650482e-08
-1.224046829777836e-08
-1.176096624923919e-08
-1.127054234421998e-08
-1.077087003884412e-08
-1.026348078718682e-08
-9.749761252690849e-09
-9.230953606674884e-09
-8.708158225859562e-09
-8.182338248308926e-09
-7.654325588039282e-09
-7.124828031140927e-09
-6.594437049685564e-09
-6.063636210680507e-09
-5.532809767722377e-09
-5.002251480468038e-09
-4.472173357059091e-09
-3.942714347870224e-09
-3.41394884323586e-09
-2.885894980899268e-09
-2.358522722419709e-09
-1.831761751210376e-09
-1.305509107726135e-09
-7.796366448721237e-10
-2.539983327595878e-10
2.715625304848138e-10
7.972062059583588e-10
1.32308939971121e-09
1.849358123790535e-09
2.37614051485361e-09
2.903539506087896e-09
3.431625378612489e-09
3.960428076510467e-09
4.489929362660611e-09
5.02005475579214e-09
5.550665211413409e-09
6.081548587719356e-09
6.612410975899846e-09
7.14286794199631e-09
7.672435749439054e-09
8.200522674747329e-09
8.726420660397004e-09
9.24929750439369e-09
9.768189762977202e-09
1.02819967187351e-08
1.078947581769968e-08
1.128923998561488e-08
1.177975729781199e-08
1.225935381280051e-08
1.272622085584821e-08
1.317843037619999e-08
1.361396920821804e-08
1.403082843067625e-08
1.442727092081215e-08
1.480269937922765e-08
1.516057989456261e-08
1.551846057128761e-08
1.594268238465109e-08
1.667004743188506e-08
1.854144142402272e-08
2.458683942332461e-08
4.603919263975367e-08
1.352418744246215e-07
5.333529389052306e-07
1.671689616479343e-06
-1.728111834233109e-06
-5.498447969202072e-07
-1.377750121055162e-07
-4.545862450146168e-08
-2.32755425949314e-08
-1.704545445546752e-08
-1.514098640378951e-08
-1.442552471525422e-08
-1.402832438382502e-08
-1.370389846509107e-08
-1.338318993471585e-08
-1.304764294618101e-08
-1.269328175136336e-08
-1.232034722472083e-08
-1.193027621264905e-08
-1.152480743175681e-08
-1.110570773195321e-08
-1.067468181025381e-08
-1.02333379621784e-08
-9.78317271246714e-09
-9.325563011983499e-09
-8.861762619551501e-09
-8.39290129220431e-09
-7.919986165799531e-09
-7.443904862913296e-09
-6.96543000238027e-09
-6.485224776928208e-09
-6.003849275706509e-09
-5.521767452594104e-09
-5.039354363844278e-09
-4.55690371648782e-09
-4.074635433805598e-09
-3.592703263658164e-09
-3.111202282522369e-09
-2.630176303497744e-09
-2.149625124140428e-09
-1.669511659662856e-09
-1.18976887313858e-09
-7.103065888141219e-10
-2.310181868206333e-10
2.482127751174905e-10
7.275060161533547e-10
1.206977985528445e-09
1.686735284947866e-09
2.166868082351705e-09
2.647443384340806e-09
3.128498241236466e-09
3.610032764196026e-09
4.092003047677283e-09
4.574313928399502e-09
5.056811564189624e-09
5.539275907323713e-09
6.021413114611894e-09
6.502847955447395e-09
6.983116313477891e-09
7.461657868553433e-09
7.937809180630838e-09
8.410797356256171e-09
8.879734487322702e-09
9.343613128216358e-09
9.80130317081475e-09
1.025155048463119e-08
1.069297769631816e-08
1.112408784557759e-08
1.154327213337344e-08
1.194882534371445e-08
1.233898007025596e-08
1.271199702676743e-08
1.306643876974446e-08
1.340206382404275e-08
1.37228473164223e-08
1.40473444897355e-08
1.444461176818131e-08
1.516013549169787e-08
1.706466007317269e-08
2.329479856460288e-08
4.547792379821836e-08
1.37794259108103e-07
5.498637365933891e-07
1.728137128386812e-06
-1.78459568027085e-06
-5.663918973789664e-07
-1.403631718868868e-07
-4.493232934765856e-08
-2.201741619312793e-08
-1.560129412731269e-08
-1.366219868194381e-08
-1.295691222284859e-08
-1.258486695229012e-08
-1.229192806123131e-08
-1.200635869763585e-08
-1.170862967791603e-08
-1.139428734834994e-08
-1.106324462242256e-08
-1.071666286339711e-08
-1.035603148081416e-08
-9.982888018389024e-09
-9.598727046502007e-09
-9.204966194862558e-09
-8.80293101625422e-09
-8.393847086010936e-09
-7.978835933985844e-09
-7.558913506125053e-09
-7.134990595320107e-09
-6.707874838121233e-09
-6.27827402005929e-09
-5.846800402136502e-09
-5.413975786338366e-09
-4.980237237798907e-09
-4.545943123410763e-09
-4.111379510144538e-09
-3.676766649341159e-09
-3.242265571621971e-09
-2.807984644483099e-09
-2.373986102260119e-09
-1.94029247502229e-09
-1.506892955148171e-09
-1.073749611629679e-09
-6.40803537978677e-10
-2.079809069397745e-10
2.248010257163407e-10
6.576279806311518e-10
1.090582709025222e-09
1.523739028210122e-09
1.957155835628197e-09
2.390871032057387e-09
2.824895387064792e-09
3.259206280017489e-09
3.693741391943853e-09
4.128392280824403e-09
4.562997828457333e-09
4.997337660374183e-09
5.431125585410269e-09
5.864003079879261e-09
6.295532922378409e-09
6.72519309810536e-09
7.152371123814546e-09
7.576358957267379e-09
7.996348699702931e-09
8.411429280030303e-09
8.820584437194484e-09
9.222692303700406e-09
9.616526928155387e-09
1.000076236801171e-08
1.037398055097622e-08
1.073468644921825e-08
1.108134202372119e-08
1.141245736324189e-08
1.1726870581681e-08
1.202466824822674e-08
1.231030347460034e-08
1.260330491845207e-08
1.297540891875859e-08
1.368074976711485e-08
1.561989475345135e-08
2.203606093514441e-08
4.495101204883717e-08
1.403817950270917e-07
5.664101990408279e-07
1.784620550105094e-06
-1.841111135232959e-06
-5.829704005223505e-07
-1.429823019277781e-07
-4.44363350735837e-08
-2.078870113411882e-08
-1.41854567343903e-08
-1.221047149397763e-08
-1.151395151484696e-08
-1.116553553036355e-08
-1.090247079016656e-08
-1.065037014387764e-08
-1.03887593387525e-08
-1.011273310993375e-08
-9.821900194878847e-09
-9.51716738957593e-09
-9.199792638268093e-09
-8.871098882332574e-09
-8.532382188516072e-09
-8.184878214275681e-09
-7.829747525837021e-09
-7.46806787045395e-09
-7.100829949113993e-09
-6.72893544656278e-09
-6.353196808453092e-09
-5.974338411602709e-09
-5.592998920704531e-09
-5.209734588470563e-09
-4.82502326519483e-09
-4.43926904820974e-09
-4.052807265646026e-09
-3.66590983961031e-09
-3.278790780642631e-09
-2.891611838307374e-09
-2.504488156633116e-09
-2.117493950061234e-09
-1.730668134559954e-09
-1.344019940432879e-09
-9.57534406181784e-10
-5.711778380835431e-10
-1.849032037306486e-10
2.013445038758971e-10
5.876229582809766e-10
9.739871718226948e-10
1.360484172752266e-09
1.747147642354599e-09
2.133992521478546e-09
2.521009540499413e-09
2.908159687706459e-09
3.295368670919094e-09
3.682521283672907e-09
4.069455702614536e-09
4.455957798627223e-09
4.841755533373406e-09
5.226513444258611e-09
5.60982728649101e-09
5.991219011856771e-09
6.370132169176274e-09
6.745927867474489e-09
7.117881491406271e-09
7.485180342571173e-09
7.846922458159602e-09
8.202116832990848e-09
8.549685390858135e-09
8.88846722343723e-09
9.217226284248407e-09
9.534666113391306e-09
9.839463335541921e-09
1.013035956763913e-08
1.040644755516512e-08
1.066811811581483e-08
1.092027605337833e-08
1.118339516905199e-08
1.153186217456458e-08
1.222842938333356e-08
1.420345763109063e-08
2.080674031398727e-08
4.445440718774494e-08
1.430003074941829e-07
5.82988070655558e-07
1.841135587327265e-06
-1.897654157220735e-06
-5.995762980193864e-07
-1.456284641203718e-07
-4.396681181554227e-08
-1.958571052522283e-08
-1.279442892642548e-08
-1.078249081599038e-08
-1.009354846339948e-08
-9.767471046418873e-09
-9.532912422935315e-09
-9.312859536387575e-09
-9.085916594181371e-09
-8.846748796118371e-09
-8.594680867308538e-09
-8.33038296495134e-09
-8.054897060201823e-09
-7.769344454467922e-09
-7.474833155544065e-09
-7.172424868977805e-09
-6.86312092160447e-09
-6.547854906013716e-09
-6.227488517916674e-09
-5.902809384864987e-09
-5.574530425526743e-09
-5.24329042344311e-09
-4.909655649883641e-09
-4.574122330083611e-09
-4.237119767707e-09
-3.899014071803657e-09
-3.560112212559109e-09
-3.220666454904683e-09
-2.880878946990653e-09
-2.540906488806673e-09
-2.200865332118743e-09
-1.860836034565944e-09
-1.520868315421198e-09
-1.180985923847758e-09
-8.411914147609096e-10
-5.014709107075438e-10
-1.617988202982963e-10
1.778574605654326e-10
5.175328796620655e-10
8.572600393415503e-10
1.197064529803028e-09
1.536960221942707e-09
1.876944542984922e-09
2.216993704554993e-09
2.557057896236195e-09
2.897056482250927e-09
3.236873158344291e-09
3.576351070665945e-09
3.915287961410195e-09
4.253431456292824e-09
4.590474467316067e-09
4.926050757503107e-09
5.259730838035732e-09
5.591018306287744e-09
5.919346699555909e-09
6.244077022600335e-09
6.564496128765062e-09
6.879816145627418e-09
7.189175109538591e-09
7.491639145285852e-09
7.786206634417403e-09
8.071815529572347e-09
8.347357489475025e-09
8.611710840814733e-09
8.863833235137217e-09
9.103054118788247e-09
9.330048383461867e-09
9.550150441445518e-09
9.784755709188302e-09
1.011087687164435e-08
1.079985970205945e-08
1.281183466416245e-08
1.960314905921459e-08
4.398427856022336e-08
1.456458575665833e-07
5.995933422342707e-07
1.897678197262944e-06
-1.95422091485402e-06
-6.162057879448686e-07
-1.482979182346722e-07
-4.35201145999206e-08
-1.840492549492893e-08
-1.142484535568656e-08
-9.375068271498815e-09
-8.692710748333999e-09
-8.387891759266459e-09
-8.180691735423745e-09
-7.991491666847099e-09
-7.797993599364989e-09
-7.594451517181905e-09
-7.379923006702388e-09
-7.154856729289545e-09
-6.920091908718183e-09
-6.676559416412762e-09
-6.425188379638516e-09
-6.166873751223431e-09
-5.902462935345177e-09
-5.632748945416946e-09
-5.358466480520872e-09
-5.080289734957913e-09
-4.798831520815281e-09
-4.514643424621345e-09
-4.228216871484285e-09
-3.939984921681315e-09
-3.650324656522931e-09
-3.35956010922378e-09
-3.067965502493437e-09
-2.775768842243141e-09
-2.483155672477247e-09
-2.190273018534727e-09
-1.897233384531516e-09
-1.604118821611203e-09
-1.310985025966637e-09
-1.017865467409416e-09
-7.247754555044136e-10
-4.317161998319641e-10
-1.386788483759167e-10
1.543514846589027e-10
4.473916860052381e-10
7.404566310361281e-10
1.033555163138429e-09
1.326686073968023e-09
1.619834045458866e-09
1.912965566171381e-09
2.206024861646335e-09
2.498929810004483e-09
2.791567853853394e-09
3.083791923268177e-09
3.375416387201512e-09
3.6662131383675e-09
3.95590784927388e-09
4.244176381634645e-09
4.530641490407383e-09
4.814869956135815e-09
5.096370186010047e-09
5.374590412430083e-09
5.648917629781686e-09
5.918677431719249e-09
6.183134889827085e-09
6.441496746776412e-09
6.692915353022924e-09
6.936495464703532e-09
7.171307675135267e-09
7.396420800742129e-09
7.610995301420689e-09
7.814582181673119e-09
8.008123530523311e-09
8.197365037209361e-09
8.404604349717657e-09
8.709460172154535e-09
9.391851762895341e-09
1.144165985547487e-08
1.842176759076166e-08
4.353698043980422e-08
1.483147042316058e-07
6.162222110445752e-07
1.954244547701944e-06
-2.01080775132577e-06
-6.328552396806505e-07
-1.509870885523659e-07
-4.309275259694858e-08
-1.724296782158129e-08
-1.007346526071464e-08
-7.985122065225796e-09
-7.30853334214106e-09
-7.024083308073928e-09
-6.843294977557678e-09
-6.683959466729818e-09
-6.52289236673626e-09
-6.353951394246003e-09
-6.175940864913713e-09
-5.989100490206118e-09
-5.79407780571003e-09
-5.591622728696699e-09
-5.382493367348614e-09
-5.167424195175019e-09
-4.947113441478166e-09
-4.722216857514409e-09
-4.493344160136394e-09
-4.261056964316253e-09
-4.025867809068294e-09
-3.788240036378607e-09
-3.548588437045945e-09
-3.307280509585556e-09
-3.064638228571948e-09
-2.820940284563404e-09
-2.576424596870086e-09
-2.331291143352682e-09
-2.085704943664154e-09
-1.839799230360657e-09
-1.593678690696699e-09
-1.347422780202689e-09
-1.101089080181279e-09
-8.547166983636374e-10
-6.083296326478311e-10
-3.619401270560102e-10
-1.155520379325335e-10
1.30835818812973e-10
3.772262848451208e-10
6.236205298042449e-10
8.700146775325133e-10
1.116396487976685e-09
1.362741968376283e-09
1.609011971610476e-09
1.855148848553784e-09
2.101073090307614e-09
2.346679954508968e-09
2.591836158606697e-09
2.836376617507864e-09
3.080101276956e-09
3.322772126270493e-09
3.564110381889154e-09
3.803793935138566e-09
4.04145514914985e-09
4.27667908319278e-09
4.509002244748317e-09
4.737911940717639e-09
4.962846378008001e-09
5.183195649074325e-09
5.398303794555133e-09
5.607472380286533e-09
5.809966698090518e-09
6.005028412321605e-09
6.191907346620355e-09
6.369955707816721e-09
6.538933511106587e-09
6.700036175667494e-09
6.859405715552039e-09
7.040226292288835e-09
7.324706545139405e-09
8.001323208346518e-09
1.008969183141779e-08
1.7259217022124e-08
4.310902127869644e-08
1.510032710168683e-07
6.328710456999278e-07
2.010830981065142e-06
-2.067411152444975e-06
-6.49521162649266e-07
-1.536925340429878e-07
-4.268136148808047e-08
-1.609657513059952e-08
-8.737150995259697e-09
-6.609659197880029e-09
-5.938184614769119e-09
-5.673388761381663e-09
-5.518249782986925e-09
-5.387981577496757e-09
-5.258525703586562e-09
-5.123355500086306e-09
-4.98103311409074e-09
-4.831599422424657e-09
-4.67551926430965e-09
-4.513369379944908e-09
-4.345743379958479e-09
-4.173220536309468e-09
-3.996353980732652e-09
-3.815665143552131e-09
-3.631640649050057e-09
-3.444730471627233e-09
-3.255346974585767e-09
-3.063864623172529e-09
-2.870620320878936e-09
-2.675914233498424e-09
-2.480011032683718e-09
-2.283141529069043e-09
-2.085504534264243e-09
-1.887268990958506e-09
-1.688576244252512e-09
-1.489542487117877e-09
-1.290261278007948e-09
-1.090806124576414e-09
-8.91233123531613e-10
-6.915836439066844e-10
-4.918869940425441e-10
-2.921630868154488e-10
-9.242513283712129e-11
1.073176956683222e-10
3.070575493255949e-10
5.067852438275352e-10
7.064875566310896e-10
9.061445724872123e-10
1.105726993025417e-09
1.305193416754257e-09
1.504487683847988e-09
1.703536247971341e-09
1.902245512725093e-09
2.100499230635788e-09
2.298155995609517e-09
2.495046818127003e-09
2.690972813622897e-09
2.885703089663346e-09
3.078972867396073e-09
3.270481867190038e-09
3.459893058728044e-09
3.646831854515626e-09
3.830885772879954e-09
4.011604695679034e-09
4.188501845403761e-09
4.361055624122333e-09
4.528712734208988e-09
4.690893721617104e-09
4.847004798862907e-09
4.996469016443565e-09
5.138821334877862e-09
5.274020661677518e-09
5.403504643250251e-09
5.533799730220037e-09
5.688964168944711e-09
5.953783868788801e-09
6.625280494064094e-09
8.75279235527395e-09
1.61122343468645e-08
4.269703608255404e-08
1.5370811617584e-07
6.495363548846677e-07
2.0674339824217e-06
-2.124027717810715e-06
-6.662001780743108e-07
-1.564109213477208e-07
-4.228267831259967e-08
-1.496257815389042e-08
-7.412848142730904e-09
-5.245758758777881e-09
-4.578893006877085e-09
-4.333198749489618e-09
-4.203118718289549e-09
-4.101299171626702e-09
-4.002817078576819e-09
-3.900770485469759e-09
-3.793487903527169e-09
-3.680819198845474e-09
-3.563053521256072e-09
-3.440600551601541e-09
-3.313894585880978e-09
-3.183363938936499e-09
-3.049419982090796e-09
-2.912452298137953e-09
-2.772826081468372e-09
-2.63088058492259e-09
-2.486928251563762e-09
-2.341254345872664e-09
-2.194117062226566e-09
-2.045747990670157e-09
-1.896352905802304e-09
-1.74611285606225e-09
-1.595185429319868e-09
-1.443706237642118e-09
-1.291790528414595e-09
-1.139534938859446e-09
-9.870193122555391e-10
-8.34308574766863e-10
-6.814546775725892e-10
-5.284985735198637e-10
-3.75472198552618e-10
-2.224004549502918e-10
-6.930321697851092e-11
8.380266121844041e-11
2.369013237439687e-10
3.899759100007331e-10
5.430065391694333e-10
6.959683108060321e-10
8.488292947096962e-10
1.001548515930908e-09
1.154073965673474e-09
1.306340679100032e-09
1.45826880365705e-09
1.609761658777211e-09
1.760703937519641e-09
1.910959989675589e-09
2.060372173768822e-09
2.208759382220999e-09
2.355915759986561e-09
2.501609631809452e-09
2.645582704157813e-09
2.787549612051552e-09
2.927197821294425e-09
3.064187971149771e-09
3.198154753367404e-09
3.328708465076212e-09
3.455437612036372e-09
3.577913738808206e-09
3.695702419593012e-09
3.8083938178708e-09
3.915698638708866e-09
4.01776685346175e-09
4.116269800932536e-09
4.218109283431108e-09
4.348208188008189e-09
4.593920111461505e-09
5.260802188799822e-09
7.427906441523203e-09
1.497764968671438e-08
4.229776124887581e-08
1.564259056784267e-07
6.662147591229871e-07
2.124050150655418e-06
-2.180654134398371e-06
-6.828889930795437e-07
-1.591389999359981e-07
-4.189351823781667e-08
-1.383787960379681e-08
-6.097566893292764e-09
-3.890556102132474e-09
-3.227934196911362e-09
-3.000941712759387e-09
-2.895492604512786e-09
-2.821672247522457e-09
-2.753699714953584e-09
-2.684304235453978e-09
-2.611586802463058e-09
-2.53521191572253e-09
-2.455298127783875e-09
-2.372092551868308e-09
-2.285874022101611e-09
-2.196923094774639e-09
-2.105511936249605e-09
-2.011900220399163e-09
-1.916333070300585e-09
-1.819039839673442e-09
-1.720233390239693e-09
-1.62010969509921e-09
-1.518847773113822e-09
-1.416609849589036e-09
-1.313541740130156e-09
-1.209773439715847e-09
-1.105419836606658e-09
-1.000581592011349e-09
-8.95346124356608e-10
-7.89788697939936e-10
-6.839735572796354e-10
-5.779551126028919e-10
-4.717791990021632e-10
-3.654843696974478e-10
-2.591031987403265e-10
-1.52663576792391e-10
-4.619003167808178e-11
6.029491567903627e-11
1.667694206162127e-10
2.73210953751087e-10
3.795949787425442e-10
4.858936193280433e-10
5.920743066724158e-10
6.980984769531885e-10
8.039202417044235e-10
9.094851502111897e-10
1.014728963441876e-09
1.119576401307589e-09
1.223939996568982e-09
1.327719047209088e-09
1.430798628074795e-09
1.533048709223978e-09
1.63432342168978e-09
1.734460483333023e-09
1.833280805770663e-09
1.930588339852816e-09
2.026170158110363e-09
2.11979683522391e-09
2.211223174153405e-09
2.300189424850825e-09
2.386423342844901e-09
2.469644270441497e-09
2.549573288226633e-09
2.625963185558894e-09
2.698695317601116e-09
2.768105069796689e-09
2.836091354099646e-09
2.909924847691519e-09
3.015386384349454e-09
3.242390493954736e-09
3.905023141549393e-09
6.112043726075088e-09
1.385236515544633e-08
4.190801131570929e-08
1.591533883417213e-07
6.829029648632922e-07
2.180676172049082e-06
-2.237287151937387e-06
-6.99584376521717e-07
-1.618735788802976e-07
-4.151075277205789e-08
-1.271943426621613e-08
-4.788364385409698e-09
-2.54122771349037e-09
-1.882618673717668e-09
-1.674074275616128e-09
-1.592983707122097e-09
-1.546875571759289e-09
-1.509115146919827e-09
-1.472066839226724e-09
-1.433607937940141e-09
-1.39322113097761e-09
-1.35085761271907e-09
-1.306604823150853e-09
-1.260588662738225e-09
-1.212944072828162e-09
-1.163805766782515e-09
-1.113304879694019e-09
-1.061567472000142e-09
-1.008713673000561e-09
-9.548571305807385e-10
-9.001046140561483e-10
-8.445558030484257e-10
-7.883031734479119e-10
-7.314320053677126e-10
-6.740205004287829e-10
-6.161399764887435e-10
-5.578551646946522e-10
-4.992245839133222e-10
-4.403009823971839e-10
-3.811318066769992e-10
-3.217597046532781e-10
-2.622231168657641e-10
-2.0255689616467e-10
-1.427929367444105e-10
-8.296078734447573e-11
-2.308829867984273e-11
3.679767054047745e-11
9.667064513200164e-11
1.56503773060288e-10
2.162691963248536e-10
2.759373838933447e-10
3.354764522966021e-10
3.948515369728459e-10
4.540241593783766e-10
5.129516330240436e-10
5.715865223030795e-10
6.298760872932645e-10
6.877617773795183e-10
7.451788222386313e-10
8.020558799695755e-10
8.583147375141893e-10
9.138700917464269e-10
9.686294343774139e-10
1.022493042914177e-09
1.075354102418342e-09
1.127098928357431e-09
1.177607354511451e-09
1.226753285124561e-09
1.274405545158723e-09
1.320429384639519e-09
1.3646898089972e-09
1.407060879855574e-09
1.447455113852365e-09
1.485921273736843e-09
1.522976605003663e-09
1.560743778928836e-09
1.606858346797103e-09
1.687954987814952e-09
1.896505058985234e-09
2.555119343637814e-09
4.80226080711737e-09
1.273333495531688e-08
4.152465717007206e-08
1.618873725876888e-07
6.995977402949561e-07
2.237308795659822e-06
-2.293923559526404e-06
-7.162831360202376e-07
-1.646115047563036e-07
-4.113128899101976e-08
-1.160422995434029e-08
-3.482327728528212e-09
-1.194976569154038e-09
-5.402796164617876e-10
-3.500717463661613e-10
-2.932188750135265e-10
-2.746944052624436e-10
-2.67011419164836e-10
-2.621710961324501e-10
-2.578285933513747e-10
-2.532863086164029e-10
-2.483295124361291e-10
-2.428872985676009e-10
-2.369338436226935e-10
-2.304595537521297e-10
-2.234626278070809e-10
-2.159464521673185e-10
-2.079186676239083e-10
-1.993906809000945e-10
-1.903772900694016e-10
-1.808962912827718e-10
-1.709681304155997e-10
-1.606155232520547e-10
-1.498630966072912e-10
-1.387370496768116e-10
-1.272648421286581e-10
-1.154749136077205e-10
-1.033964541695971e-10
-9.105920908347555e-11
-7.849329225713931e-11
-6.572902374164016e-11
-5.279686089759666e-11
-3.972733478679203e-11
-2.655101297119158e-11
-1.329842676082985e-11
-6.171288881005843e-17
1.331345607355972e-11
2.661179392107968e-11
3.986442666202142e-11
5.304083286875995e-11
6.611049249716126e-11
7.904285180612321e-11
9.18073645465105e-11
1.043735579264927e-10
1.167110888823548e-10
1.287898504009489e-10
1.405801094859947e-10
1.520526677458929e-10
1.631790630548679e-10
1.739318257350998e-10
1.842847643683918e-10
1.94213254681074e-10
2.036945701753432e-10
2.127082495277533e-10
2.212364853852801e-10
2.292644774470667e-10
2.367808153661041e-10
2.437778583715209e-10
2.502522129721991e-10
2.562056813375481e-10
2.616478572390386e-10
2.666045785312053e-10
2.711467552302056e-10
2.754891198620158e-10
2.803292630442323e-10
2.880120438742993e-10
3.06536285280626e-10
3.633889107745423e-10
5.535965399495666e-10
1.208293277759695e-09
3.495644259230001e-09
1.161754632835113e-08
4.114460527727805e-08
1.64624704346153e-07
7.162958923759458e-07
2.293944809926953e-06
-2.350560162983589e-06
-7.329820956985799e-07
-1.673496402117016e-07
-4.075204937057454e-08
-1.048926898425163e-08
-2.176557444677538e-09
1.509821950541164e-10
8.017390231246946e-10
9.73581283480369e-10
1.00616732056043e-09
9.970798701416014e-10
9.746589067411548e-10
9.472672469400018e-10
9.174725086525776e-10
8.861530788998511e-10
8.536899614434155e-10
8.20312626582359e-10
7.861987147442276e-10
7.51502331925997e-10
7.163616682670723e-10
6.80900875399545e-10
6.45230453935902e-10
6.094473957995383e-10
5.736354004631404e-10
5.378652779469036e-10
5.021954504817978e-10
4.666726095391893e-10
4.313324483705232e-10
3.962004615049856e-10
3.612927692214863e-10
3.266169778397266e-10
2.921730171330545e-10
2.579539790872936e-10
2.239469537937557e-10
1.901338450325767e-10
1.564921036578716e-10
1.229954652816185e-10
8.961466200088435e-11
5.631816098460681e-11
2.307280192078218e-11
-1.015556936799142e-11
-4.340136302146803e-11
-7.669871586375937e-11
-1.100808032959929e-10
-1.43579144614612e-10
-1.772229733861848e-10
-2.110385678335565e-10
-2.450484838205922e-10
-2.792708170067286e-10
-3.137184724323699e-10
-3.483983496710619e-10
-3.833105069587507e-10
-4.184473363759628e-10
-4.537927065111883e-10
-4.893211005945496e-10
-5.249968045277348e-10
-5.6077311448292e-10
-5.965915936889309e-10
-6.323814101740264e-10
-6.680588313173501e-10
-7.035268352980034e-10
-7.386748881885926e-10
-7.73378810161025e-10
-8.075003711679423e-10
-8.408854160618835e-10
-8.733562387654867e-10
-9.046833167179426e-10
-9.344855951878578e-10
-9.618846426121214e-10
-9.84312771569519e-10
-9.934071214796716e-10
-9.608276591175203e-10
-7.889915631152181e-10
-1.382404215149316e-10
2.189294062012339e-09
1.05020010181927e-08
4.076477751161323e-08
1.673622456348363e-07
7.329942445819261e-07
2.350581020011947e-06
-2.407193762456356e-06
-7.496780741791676e-07
-1.700848427670605e-07
-4.036995183119004e-08
-9.371549846803121e-09
-8.681510837514328e-10
1.499435474067014e-09
2.146094338366006e-09
2.299400280848814e-09
2.307539421274188e-09
2.270654124538094e-09
2.217940772715901e-09
2.15812931905752e-09
2.094013020081679e-09
2.026653567559373e-09
1.956600381806719e-09
1.884243254204123e-09
1.809913020482131e-09
1.733909312305799e-09
1.656507376826842e-09
1.577959253818192e-09
1.498493657824992e-09
1.418315817834408e-09
1.337607574480962e-09
1.25652782941518e-09
1.175213235674369e-09
1.093779162626019e-09
1.012320828734948e-09
9.309145899784187e-10
8.496193014823712e-10
7.6847776756016e-10
6.875181988714598e-10
6.067557024690324e-10
5.26193771178755e-10
4.458257599672895e-10
3.656362909946649e-10
2.856026545548609e-10
2.05696197641944e-10
1.258837047997136e-10
4.612871472391995e-11
-3.360718630507313e-11
-1.133630578072335e-10
-1.931773073417996e-10
-2.730864197303233e-10
-3.531235956818784e-10
-4.333174397119435e-10
-5.136906617664165e-10
-5.942586476662541e-10
-6.750280348373476e-10
-7.559953122797682e-10
-8.371453544356568e-10
-9.184499268341788e-10
-9.998662054235971e-10
-1.081335303730156e-09
-1.162780832343549e-09
-1.244107532433456e-09
-1.325199992279557e-09
-1.405921512583648e-09
-1.486113142553445e-09
-1.565592977050947e-09
-1.644155722107379e-09
-1.72157259582185e-09
-1.797591490086062e-09
-1.871937075469419e-09
-1.944309629494573e-09
-2.014378206377635e-09
-2.08175290684355e-09
-2.145884202781564e-09
-2.205710304795943e-09
-2.258437842177991e-09
-2.295336771298679e-09
-2.287210589512259e-09
-2.133916790382875e-09
-1.487269146263191e-09
8.803072220616361e-10
9.383696936572529e-09
4.038209118962901e-08
1.700968533546231e-07
7.496896149007562e-07
2.407214225407397e-06
-2.463821129811407e-06
-7.663678623720303e-07
-1.728139434249663e-07
-3.998188961454019e-08
-8.248048748877655e-09
4.458132419270499e-10
2.85318641610158e-09
3.495456278563841e-09
3.629910077608892e-09
3.613267857439835e-09
3.548237760437271e-09
3.464878517696148e-09
3.372292803990651e-09
3.27350463912571e-09
3.16976359212048e-09
3.061791452046494e-09
2.950141633059029e-09
2.835300818129416e-09
2.71771618699644e-09
2.597801469676511e-09
2.475937469681077e-09
2.352471500457473e-09
2.227716988739506e-09
2.10195351791322e-09
1.975427383521207e-09
1.84835252961599e-09
1.720911870550464e-09
1.593258872547894e-09
1.465519375741545e-09
1.337793534217032e-09
1.210157884838334e-09
1.08266744385054e-09
9.553578549994526e-10
8.282475467657419e-10
7.013398798963906e-10
5.746252386740566e-10
4.480830957655223e-10
3.216840710505501e-10
1.953919325045726e-10
6.916561340458445e-11
-5.703888623159893e-11
-1.832665510544511e-10
-3.095613706429557e-10
-4.359644287150498e-10
-5.625119372586082e-10
-6.89233244883557e-10
-8.161488610263354e-10
-9.432684065181453e-10
-1.070588507329814e-09
-1.1980906942576e-09
-1.325739287760741e-09
-1.453479246079014e-09
-1.581234005388102e-09
-1.708903362943693e-09
-1.836361426841808e-09
-1.963454661947809e-09
-2.090000080019177e-09
-2.215783665663674e-09
-2.340559053342217e-09
-2.464046568573764e-09
-2.585932681032604e-09
-2.705869968213153e-09
-2.823477515893614e-09
-2.938341470769918e-09
-3.050014525162446e-09
-3.158009846286618e-09
-3.261773852769894e-09
-3.360584582997674e-09
-3.453192316333453e-09
-3.536572876382213e-09
-3.601623445946743e-09
-3.6182851100012e-09
-3.483849538347671e-09
-2.841596537679968e-09
-4.342386825675771e-10
8.259609711664188e-09
3.999343893501656e-08
1.728253578704551e-07
7.663787935937484e-07
2.463841197320064e-06
-2.520438985310034e-06
-7.830482005793568e-07
-1.755337246563642e-07
-3.958471061299448e-08
-7.115700699833846e-09
1.768293669997406e-09
4.215068868071221e-09
4.852519549413217e-09
4.967654144707378e-09
4.925735594683848e-09
4.832046790089705e-09
4.717517498222211e-09
4.591631280854555e-09
4.457650400131397e-09
4.317018978713713e-09
4.170636963442337e-09
4.019226243898517e-09
3.863433259398206e-09
3.703855731532797e-09
3.541048005925249e-09
3.375520995551875e-09
3.207741253093949e-09
3.038130425329517e-09
2.86706533379964e-09
2.694878722492753e-09
2.521860523177394e-09
2.348259610890093e-09
2.174285907382157e-09
2.000112789735538e-09
1.825879658872435e-09
1.651694669565004e-09
1.477637497298619e-09
1.303762172960077e-09
1.130099927486938e-09
9.566620248172883e-10
7.834425327042697e-10
6.104210684291904e-10
4.375655061374252e-10
2.648346350073093e-10
9.218079739145959e-11
-8.044752510288429e-11
-2.531031688040733e-10
-4.258376595099864e-10
-5.986986394895723e-10
-7.717273069417034e-10
-9.449557689976142e-10
-1.118404382495212e-09
-1.292079068310626e-09
-1.465968545081692e-09
-1.640041529873847e-09
-1.814243939334513e-09
-1.988496063164573e-09
-2.162689713743165e-09
-2.336685426588265e-09
-2.510309749958959e-09
-2.683352664808657e-09
-2.855565196753972e-09
-3.026657322556476e-09
-3.196296204873728e-09
-3.364104903624779e-09
-3.52966162881798e-09
-3.69249967360652e-09
-3.852107973015159e-09
-4.007932021087724e-09
-4.159373928780792e-09
-4.305787062517686e-09
-4.446449309474282e-09
-4.580460490301555e-09
-4.706376272324655e-09
-4.820934181539998e-09
-4.914650456360614e-09
-4.956595091523872e-09
-4.8414849676816e-09
-4.204056939514083e-09
-1.757302322038812e-09
7.126673774388467e-09
3.959566801400923e-08
1.755445409940926e-07
7.830585202844333e-07
2.520458655329758e-06
-2.577043973051413e-06
-7.997157544091332e-07
-1.78240897292382e-07
-3.9175195744565e-08
-5.971379812466195e-09
3.102301999979044e-09
5.587962223363009e-09
6.220015707439074e-09
6.315203847415037e-09
6.247344571338508e-09
6.124307556887447e-09
5.97790524720201e-09
5.818013016831376e-09
5.648141347303093e-09
5.469937783929846e-09
5.284488094061194e-09
5.092689046377302e-09
4.895351974489752e-09
4.693229055651642e-09
4.487018021927276e-09
4.277361629027068e-09
4.064846477021879e-09
3.850002429232134e-09
3.633302847733271e-09
3.415165649298838e-09
3.195955009384832e-09
2.975983658436412e-09
2.75551560206403e-09
2.534769184649808e-09
2.313920350902727e-09
2.093106081421567e-09
1.872427874437065e-09
1.651955306284203e-09
1.431729589708492e-09
1.211767115930435e-09
9.920628973152872e-10
7.725939889840623e-10
5.533228564201442e-10
3.342006757324342e-10
1.151706054825937e-10
-1.038289763190286e-10
-3.228613140063571e-10
-5.419880542012649e-10
-7.612660096681176e-10
-9.807439782231211e-10
-1.200459488010727e-09
-1.4204354567143e-09
-1.640676841877419e-09
-1.861167233020997e-09
-2.08186536182375e-09
-2.302701585352509e-09
-2.523574350942432e-09
-2.744346633168263e-09
-2.964842412469693e-09
-3.184843251068414e-09
-3.40408502649945e-09
-3.622254886304731e-09
-3.838988538714049e-09
-4.053867942815916e-09
-4.266419587645175e-09
-4.476113435173378e-09
-4.682362694273119e-09
-4.884524415193624e-09
-5.081900663669231e-09
-5.273739046874482e-09
-5.459227985319132e-09
-5.637470436838478e-09
-5.807380354402738e-09
-5.967309923581809e-09
-6.113748380985015e-09
-6.236820085497926e-09
-6.304712307627823e-09
-6.209555097535311e-09
-5.577530252356137e-09
-3.091896049453872e-09
5.981762636237515e-09
3.918555870728145e-08
1.782511128887487e-07
7.99725459882676e-07
2.57706324282866e-06
-2.633632634622346e-06
-8.163670889480927e-07
-1.809320758016432e-07
-3.875003591600203e-08
-4.811878453469151e-09
4.450921960557817e-09
6.974806830170787e-09
7.600725531671367e-09
7.675167697621604e-09
7.580521859805506e-09
7.427259942395911e-09
7.248091939790834e-09
7.053298952671713e-09
6.846652330791798e-09
6.630014217299544e-09
6.404665782552443e-09
6.171686620294833e-09
5.932059280979034e-09
5.686695163203179e-09
5.43643870446853e-09
5.182066512404181e-09
4.924286083313701e-09
4.663735339584299e-09
4.400983174884466e-09
4.136530968871379e-09
3.870814868787784e-09
3.604208752414051e-09
3.337027674938678e-09
3.069531680009888e-09
2.801929836380913e-09
2.534384440289991e-09
2.26701526762988e-09
1.999903895975673e-09
1.733098002015595e-09
1.466615626362447e-09
1.200449315823696e-09
9.34570190736502e-10
6.689319969579154e-10
4.034750487335044e-10
1.381300863310759e-10
-1.271778216057206e-10
-3.925255170376341e-10
-6.579879687187216e-10
-9.236343992287613e-10
-1.189524470955901e-09
-1.455704425716822e-09
-1.722203105047e-09
-1.989027933008264e-09
-2.256160840900487e-09
-2.523554092115523e-09
-2.791126035928137e-09
-3.058756822546009e-09
-3.326284091760258e-09
-3.593498689514195e-09
-3.860140466635239e-09
-4.125894236582609e-09
-4.390385974504798e-09
-4.653179387369316e-09
-4.913772938681026e-09
-5.17159755682821e-09
-5.426015120053718e-09
-5.676317911251139e-09
-5.921729084029011e-09
-6.161403946464176e-09
-6.394430830850606e-09
-6.619826891103107e-09
-6.836512212545749e-09
-7.043205297707819e-09
-7.238043673925498e-09
-7.417255638544181e-09
-7.570559755175217e-09
-7.665245687086617e-09
-7.590841179465199e-09
-6.964957349842996e-09
-4.441104179895193e-09
4.821668026506885e-09
3.87598012556836e-08
1.809416873303671e-07
8.163761767519024e-07
2.633651500669724e-06
-2.690201380303888e-06
-8.329986405808712e-07
-1.836037513918957e-07
-3.830580707599049e-08
-3.633884828652913e-09
5.817328637004502e-09
8.37862013276985e-09
8.997491722323432e-09
9.050200562420362e-09
8.92772544397257e-09
8.743159887392795e-09
8.53012993194027e-09
8.299339591167909e-09
8.054836603688824e-09
7.798711314750235e-09
7.532451850598546e-09
7.257330100533253e-09
6.974507269116028e-09
6.685059488992549e-09
6.389981641690266e-09
6.090186326140664e-09
5.786502668807355e-09
5.479676183066295e-09
5.170369820722749e-09
4.859166135795947e-09
4.546570321504551e-09
4.233013985809597e-09
3.918859450062913e-09
3.604404418152216e-09
3.289886879427262e-09
2.97549015876506e-09
2.661348008979924e-09
2.347549732079867e-09
2.034145245271852e-09
1.7211500607987e-09
1.408550160981399e-09
1.096306711422318e-09
7.84360781975998e-10
4.726379385125162e-10
1.610526905838184e-10
-1.504870353352412e-10
-4.620754985498551e-10
-7.738047857841991e-10
-1.085760378018617e-09
-1.398016695785615e-09
-1.710632626316837e-09
-2.023646954667665e-09
-2.337073682418813e-09
-2.650897255345855e-09
-2.965067698098423e-09
-3.27949563278569e-09
-3.594047213574148e-09
-3.90853902512111e-09
-4.222732981666635e-09
-4.536331266744824e-09
-4.848971416153306e-09
-5.160221651612178e-09
-5.469576605541138e-09
-5.776453535484768e-09
-6.080189283899913e-09
-6.380038110338107e-09
-6.675170634494255e-09
-6.96467397476028e-09
-7.24755294523686e-09
-7.522731093886241e-09
-7.789046873302793e-09
-8.045228019590221e-09
-8.289786017446574e-09
-8.520630126399585e-09
-8.733712194285325e-09
-8.918327810915577e-09
-9.040850523772201e-09
-8.988186401196886e-09
-8.369356226265305e-09
-5.808102410642312e-09
3.643077492766103e-09
3.831497091357887e-08
1.836127547891951e-07
8.330071065092785e-07
2.690219838364668e-06
-2.746746457065533e-06
-8.496066857296213e-07
-1.862522622928988e-07
-3.783894281522331e-08
-2.433958553913175e-09
7.204809402390986e-09
9.802513749771733e-09
1.041323196893045e-08
1.044301273135259e-08
1.029144942197097e-08
1.007428097664791e-08
9.826072072400233e-09
9.557970446882758e-09
9.274318848918905e-09
8.97745198607908e-09
8.669078505334458e-09
8.350673552470369e-09
8.02358543685667e-09
7.689061131410362e-09
7.348249932108051e-09
7.002202499862227e-09
6.651870013799455e-09
6.298104609019609e-09
5.941661179099976e-09
5.58320042101079e-09
5.223292834322226e-09
4.862423485429351e-09
4.500997309666591e-09
4.139344769257562e-09
3.777727726272597e-09
3.416345428746477e-09
3.055340507474529e-09
2.694804934549717e-09
2.334785903014048e-09
1.975291514691019e-09
1.616296401867394e-09
1.257747125826302e-09
8.995674987546178e-10
5.416638332468186e-10
1.839299756218478e-10
-1.73747694196494e-10
-5.314852579197836e-10
-8.893963241131895e-10
-1.247587061733058e-09
-1.6061511490577e-09
-1.965164701475927e-09
-2.324681117154768e-09
-2.684725749382613e-09
-3.045290439287789e-09
-3.406327941620789e-09
-3.7677461966728e-09
-4.129402467464063e-09
-4.49109739909122e-09
-4.85256902294378e-09
-5.213486752066926e-09
-5.573445492869258e-09
-5.931959989410095e-09
-6.288459546456471e-09
-6.642283251165074e-09
-6.992675974967163e-09
-7.338785319748569e-09
-7.679659812053576e-09
-8.014248470727155e-09
-8.341401658446096e-09
-8.659872036489428e-09
-8.968310896657106e-09
-9.265242652703556e-09
-9.548958200005937e-09
-9.817122371452121e-09
-1.006539194925308e-08
-1.028261873458185e-08
-1.04342375519118e-08
-1.040450896138498e-08
-9.793839080162531e-09
-7.196178753720539e-09
2.442549971241394e-09
3.784750054568703e-08
1.862606527134675e-07
8.496145247681766e-07
2.746764502070269e-06
-2.803263912442329e-06
-8.661873056338231e-07
-1.888737604220022e-07
-3.734570385915058e-08
-1.208503729753449e-09
8.61678667857408e-09
1.124971167308676e-08
1.185095241817584e-08
1.185637871502631e-08
1.167422837094682e-08
1.142291472818884e-08
1.113796836580595e-08
1.083100560174647e-08
1.050668617877714e-08
1.016760800440834e-08
9.815715831291523e-09
9.452700433436595e-09
9.080106540966747e-09
8.699358462409825e-09
8.311763867191717e-09
7.918513218410845e-09
7.520679597839286e-09
7.1192200456385e-09
6.714978418608413e-09
6.308689587139488e-09
5.900984627878317e-09
5.492396782846839e-09
5.083367942681589e-09
4.674255451109375e-09
4.265339065760652e-09
3.856827978513249e-09
3.448867751547157e-09
3.041547181230582e-09
2.634904984290177e-09
2.2289362793117e-09
1.823598887319268e-09
1.418819461339702e-09
1.014499388829852e-09
6.105206185206464e-10
2.067513068437835e-10
-1.969486731129063e-10
-6.007221897533084e-10
-1.004709346648382e-09
-1.409042001141539e-09
-1.813838186975569e-09
-2.219196457485539e-09
-2.625190131891701e-09
-3.031861349743942e-09
-3.439214936248808e-09
-3.847212105420733e-09
-4.255763969250099e-09
-4.664724857041484e-09
-5.073885476204298e-09
-5.482965945710155e-09
-5.891608770591329e-09
-6.299371877715577e-09
-6.705721822145124e-09
-7.110027322586622e-09
-7.511553273409534e-09
-7.9094555517653e-09
-8.302776812750412e-09
-8.690443636419865e-09
-9.071265204680263e-09
-9.44393347560639e-09
-9.807023727084119e-09
-1.015899076505735e-08
-1.049814330464347e-08
-1.082253607316011e-08
-1.112957064329029e-08
-1.141458673590405e-08
-1.166596748757318e-08
-1.184818172916607e-08
-1.184281552948674e-08
-1.124163050940116e-08
-8.608756304378157e-09
1.216488838270022e-09
3.735365009715816e-08
1.888815321916567e-07
8.661945119218049e-07
2.8032815384562e-06
-2.859749553209651e-06
-8.827363461261101e-07
-1.914641734650961e-07
-3.682214364240672e-08
4.626105879602234e-11
1.005684285745763e-08
1.272356971009483e-08
1.331376149410222e-08
1.329314556566326e-08
1.307864051964229e-08
1.279136912407506e-08
1.246786046373096e-08
1.2120228816563e-08
1.175347655153036e-08
1.137048639846601e-08
1.097345678084178e-08
1.056430773184982e-08
1.014479034747942e-08
9.716512866455709e-09
9.280944965591907e-09
8.83941799998949e-09
8.393125919816882e-09
7.94312791049476e-09
7.490352670379575e-09
7.035604078191275e-09
6.579567852067648e-09
6.122818947716384e-09
5.665829421177874e-09
5.208976540367526e-09
4.752550960524944e-09
4.296764863731203e-09
3.841759912340292e-09
3.38761503007449e-09
2.93435397187815e-09
2.481952557980266e-09
2.03034569541908e-09
1.579434191356163e-09
1.129091227161411e-09
6.79168726542435e-10
2.295035716551793e-10
-2.200763719964943e-10
-6.69746234693053e-10
-1.119678128954152e-09
-1.570035169633997e-09
-2.020965407892541e-09
-2.472595628681682e-09
-2.925025007582969e-09
-3.378318572788833e-09
-3.832500434278281e-09
-4.287546770657814e-09
-4.743378557250119e-09
-5.199854032355885e-09
-5.6567609130353e-09
-6.113808400198352e-09
-6.570619050550346e-09
-7.026720609857531e-09
-7.481537910328571e-09
-7.934385015922283e-09
-8.38445779210421e-09
-8.830827245201841e-09
-9.272433849828413e-09
-9.708083280661872e-09
-1.013644378882951e-08
-1.055604528307573e-08
-1.096527905981624e-08
-1.136239350069341e-08
-1.174546799926301e-08
-1.211230354853263e-08
-1.24600168236526e-08
-1.278360483208613e-08
-1.307095265929012e-08
-1.328553054918467e-08
-1.330621506572862e-08
-1.271608694606673e-08
-1.004941815149587e-08
-3.888809245799998e-11
3.682947215710014e-08
1.914713200186072e-07
8.827429128987142e-07
2.859766753368336e-06
-2.916198897484615e-06
-8.992493711319898e-07
-1.940191612446656e-07
-3.626406901806764e-08
1.334336519941741e-09
1.152874778712747e-08
1.422759627479698e-08
1.480488392507169e-08
1.475624037630598e-08
1.450730922706328e-08
1.418196477433331e-08
1.381777332737024e-08
1.342738154170582e-08
1.301616397217016e-08
1.258731264867908e-08
1.214329910378805e-08
1.168628727165727e-08
1.121824484234854e-08
1.074097027663349e-08
1.025609814791512e-08
9.765100737843434e-09
9.269290564357843e-09
8.769824799922763e-09
8.26771139532267e-09
7.763816588790566e-09
7.258873355000005e-09
6.753490522734938e-09
6.248162230451138e-09
5.743277512390929e-09
5.239129816168306e-09
4.735926320227801e-09
4.233797015196432e-09
3.732803408656968e-09
3.232947002389421e-09
2.734177333031397e-09
2.236399636802941e-09
1.739482304051031e-09
1.243263961987356e-09
7.475603234434106e-10
2.521709047539815e-10
-2.431144343311366e-10
-7.385090564726138e-10
-1.234223106238433e-09
-1.730457047676944e-09
-2.227395135607396e-09
-2.725198729527886e-09
-3.223999404400906e-09
-3.723891845520921e-09
-4.224926467859161e-09
-4.727101699682357e-09
-5.230355917047063e-09
-5.734559033873343e-09
-6.239503748471477e-09
-6.744896470313576e-09
-7.250347989824717e-09
-7.75536396418088e-09
-8.259335332712142e-09
-8.761528869117896e-09
-9.261078055626794e-09
-9.756974630967908e-09
-1.024806106414664e-08
-1.073302443173554e-08
-1.12103920106631e-08
-1.167852875579664e-08
-1.213563569033596e-08
-1.25797445588063e-08
-1.300869079836277e-08
-1.342000221344663e-08
-1.381048608099185e-08
-1.417476712732241e-08
-1.450019797914021e-08
-1.47492115798489e-08
-1.479793286566158e-08
-1.422071744253374e-08
-1.152193485727414e-08
-1.32758233948144e-09
3.627077266673117e-08
1.940256750585676e-07
8.992552906439584e-07
2.916215663916046e-06
-2.972607118496625e-06
-9.157216082610725e-07
-1.96534064985721e-07
-3.566699499597731e-08
2.659981007250908e-09
1.303648926963367e-08
1.576547461292579e-08
1.632767473840605e-08
1.624867646993642e-08
1.596290209738995e-08
1.55970279126918e-08
1.518970318703263e-08
1.475414695489512e-08
1.429613968083507e-08
1.38192100027077e-08
1.332612363743307e-08
1.281930368460941e-08
1.230094446098699e-08
1.177304011916535e-08
1.123739174589948e-08
1.069561100761013e-08
1.014912493193127e-08
9.59918268029522e-09
9.046864021129182e-09
8.493089108950163e-09
7.938629091093419e-09
7.384117236566154e-09
6.830060214977666e-09
6.276849332704322e-09
5.72477149454669e-09
5.174019810722302e-09
4.624703826015786e-09
4.076859247872313e-09
3.530457270791007e-09
2.985413421695065e-09
2.441595881965153e-09
1.898833498185387e-09
1.356923447473437e-09
8.15638557646971e-10
2.747344475270147e-10
-2.660434951233035e-10
-8.069533053174102e-10
-1.348249627838681e-09
-1.890176828193975e-09
-2.432962043074573e-09
-2.976808069792082e-09
-3.521886003933123e-09
-4.068327603297694e-09
-4.616217312661537e-09
-5.165583861897396e-09
-5.716391424288785e-09
-6.268530334837916e-09
-6.821807347860996e-09
-7.375935427044678e-09
-7.930523108960017e-09
-8.485063507952913e-09
-9.038923091237045e-09
-9.591330426823001e-09
-1.014136506689328e-08
-1.068794693020146e-08
-1.122982647935047e-08
-1.176557624407725e-08
-1.229358406691476e-08
-1.281204833639991e-08
-1.331897433736289e-08
-1.381216714376876e-08
-1.428920296304208e-08
-1.474731532775016e-08
-1.518297481033792e-08
-1.559040013525959e-08
-1.595637145822458e-08
-1.624223865572289e-08
-1.632132454342865e-08
-1.575920590786712e-08
-1.303029499608583e-08
-2.653853157613284e-09
3.567306565880887e-08
1.965399375183217e-07
9.157268716876816e-07
2.972623442203768e-06
-3.028968977819019e-06
-9.321478843862377e-07
-1.990038476739028e-07
-3.502609213200859e-08
4.027754359775878e-09
1.458430701815853e-08
1.734108645035721e-08
1.788563280951442e-08
1.777355755583631e-08
1.744812680460538e-08
1.703887918545476e-08
1.658560071504091e-08
1.610212895459527e-08
1.559468831677365e-08
1.506717400332187e-08
1.452266820233768e-08
1.396386848087128e-08
1.339320495265884e-08
1.281287142228325e-08
1.22248351595262e-08
1.163084346146309e-08
1.103243146829262e-08
1.043093197540696e-08
9.827486843686784e-09
9.223059543219244e-09
8.618448327163396e-09
8.0142996624789e-09
7.411121565474065e-09
6.809296634322798e-09
6.209094595829732e-09
5.610684268050348e-09
5.014145000502943e-09
4.41947743460508e-09
3.826613634686192e-09
3.235426711909658e-09
2.645739793367414e-09
2.057334533191112e-09
1.469959294301945e-09
8.833369058862541e-10
2.971721413497817e-10
-2.888409620920476e-10
-8.750119484808887e-10
-1.461646810439013e-09
-2.049040769388487e-09
-2.63747096972675e-09
-3.227189002221678e-09
-3.818413142557802e-09
-4.411320231570999e-09
-5.006037132251367e-09
-5.602631687881242e-09
-6.201103151776484e-09
-6.801372046788146e-09
-7.403269409076377e-09
-8.006525386268699e-09
-8.610757220528317e-09
-9.215456671740887e-09
-9.81997699753532e-09
-1.04235196542666e-08
-1.102512086311878e-08
-1.16236384297868e-08
-1.221773915280192e-08
-1.280588741971792e-08
-1.338633541512157e-08
-1.395711530622174e-08
-1.451603267051825e-08
-1.506065671812194e-08
-1.558828911322651e-08
-1.609584684491325e-08
-1.657943384234015e-08
-1.7032824781221e-08
-1.744218116148071e-08
-1.776771597509421e-08
-1.787988957292396e-08
-1.733543480352229e-08
-1.457873915339557e-08
-4.022261354929025e-09
3.503152065570595e-08
1.990090692751689e-07
9.321524816819299e-07
3.028984848537139e-06
-3.085278745250535e-06
-9.48522548551224e-07
-2.01423023202199e-07
-3.433612483016757e-08
5.442568315193551e-09
1.617673051613922e-08
1.895853691678557e-08
1.948241329018156e-08
1.933407876242474e-08
1.896572228182274e-08
1.850981680274365e-08
1.800734802605627e-08
1.747282482917476e-08
1.691295790656758e-08
1.633204121744732e-08
1.573349624313155e-08
1.512030952377522e-08
1.449515436812959e-08
1.386042576874161e-08
1.321825403209478e-08
1.2570515326529e-08
1.191884347603327e-08
1.126464361559675e-08
1.06091072089179e-08
9.953227906084141e-09
9.297817695499747e-09
8.643522937405449e-09
7.990839990297321e-09
7.340130172430183e-09
6.691634029338791e-09
6.045484704026936e-09
5.401720576098971e-09
4.760297065504179e-09
4.121097554591556e-09
3.483943688477957e-09
2.84860497588137e-09
2.21480777831987e-09
1.582243874605194e-09
9.505785818499565e-10
3.194585160472851e-10
-3.114808355183552e-10
-9.426076753972086e-10
-1.574286515229555e-09
-2.206870731181387e-09
-2.840694989697358e-09
-3.476067468627016e-09
-4.113261756413427e-09
-4.752508314841629e-09
-5.393985441170109e-09
-6.037809661670203e-09
-6.68402548112754e-09
-7.33259439582952e-09
-7.983383117434746e-09
-8.636150965823326e-09
-9.290536437467703e-09
-9.946042961149121e-09
-1.060202391424412e-08
-1.125766702537248e-08
-1.191197830765412e-08
-1.256376592308819e-08
-1.321162430611576e-08
-1.385391915714363e-08
-1.448877377967896e-08
-1.51140572623295e-08
-1.572737392306526e-08
-1.632604969980894e-08
-1.690709721508714e-08
-1.746709410145409e-08
-1.800174544344863e-08
-1.850433951478781e-08
-1.896036635775302e-08
-1.932883913942235e-08
-1.947728375333694e-08
-1.895351007442066e-08
-1.617179774439439e-08
-5.437719678765424e-09
3.434090093831973e-08
2.01427582947178e-07
9.485264683097535e-07
3.085294151372371e-06
-3.141530101641321e-06
-9.648393787864345e-07
-2.037855714034836e-07
-3.359137841048771e-08
6.909744749452545e-09
1.78186211436402e-08
2.062218032450252e-08
2.112183786149982e-08
2.093352302609438e-08
2.051844347183611e-08
2.001209214377329e-08
1.945672764062218e-08
1.886758991309544e-08
1.825192225628938e-08
1.761445105323254e-08
1.695895938756625e-08
1.628873530127724e-08
1.56066997173336e-08
1.491544675707075e-08
1.421726271580295e-08
1.351414190455426e-08
1.280780355328339e-08
1.209971024012188e-08
1.139108725936464e-08
1.068294235870238e-08
9.976085263946584e-09
9.271146635646893e-09
8.568596176443791e-09
7.868759682688877e-09
7.171835088668251e-09
6.477907283436463e-09
5.786961907052244e-09
5.098898140692089e-09
4.413540415041071e-09
3.730649297863924e-09
3.049931650469785e-09
2.371050025647638e-09
1.693631492631304e-09
1.017276030388199e-09
3.415645156668727e-10
-3.33933543687324e-10
-1.009652392700833e-09
-1.686022494369217e-09
-2.363462958021219e-09
-3.042373792563745e-09
-3.723127898551497e-09
-4.40606270149019e-09
-5.091471298455708e-09
-5.779593034374654e-09
-6.470603406867666e-09
-7.164603179587088e-09
-7.861606592492365e-09
-8.56152861601971e-09
-9.264171172392868e-09
-9.969208271252225e-09
-1.06761700112992e-08
-1.13844254823155e-08
-1.209316466800075e-08
-1.28013794668426e-08
-1.350784419325037e-08
-1.421109583176677e-08
-1.490941466626201e-08
-1.560080582428359e-08
-1.628298236160948e-08
-1.695334941964082e-08
-1.7608985268817e-08
-1.824660095871435e-08
-1.886241242677763e-08
-1.945169222308501e-08
-2.000719590521859e-08
-2.051368232225803e-08
-2.092889159554385e-08
-2.11173294425593e-08
-2.061778684404679e-08
-1.7814333100285e-08
-6.905551118637012e-09
3.359549054211321e-08
2.037894569333047e-07
9.648426081389037e-07
3.141545030133479e-06
-3.197716019720349e-06
-9.810914683223839e-07
-2.060848352220065e-07
-3.278557225022005e-08
8.435083191731914e-09
1.951521876459348e-08
2.233664591683138e-08
2.280790113561616e-08
2.25752506764304e-08
2.210903724650215e-08
2.154787538695166e-08
2.093538110980448e-08
2.028759216669677e-08
1.961233399267811e-08
1.891479926017552e-08
1.819915289903847e-08
1.74689933520146e-08
1.672748897764141e-08
1.597742586914687e-08
1.522123403683173e-08
1.446101012796615e-08
1.369854074569689e-08
1.293532668155346e-08
1.217260741966653e-08
1.141138532318008e-08
1.065244893384112e-08
9.896395112665766e-09
9.143649822935437e-09
8.3944873521358e-09
7.649048131803442e-09
6.907355028109794e-09
6.169328197226657e-09
5.434798770520603e-09
4.703521325068052e-09
3.975185264714203e-09
3.249425376180061e-09
2.525831535567111e-09
1.803957715789318e-09
1.083330534120705e-09
3.634573755206183e-10
-3.561658078921529e-10
-1.076046842291614e-09
-1.796689755076386e-09
-2.51858715412382e-09
-3.242212403382406e-09
-3.96801149730374e-09
-4.696394543585958e-09
-5.4277267128475e-09
-6.162318533753674e-09
-6.90041538535375e-09
-7.642186056015585e-09
-8.387710260175895e-09
-9.136965021967007e-09
-9.889809771656114e-09
-1.064597004308038e-08
-1.140501967982784e-08
-1.216636155413987e-08
-1.292920683139648e-08
-1.369255281326781e-08
-1.445515963849012e-08
-1.521552606379832e-08
-1.597186495900281e-08
-1.672207907070423e-08
-1.746373772287614e-08
-1.819405407275599e-08
-1.890985890929993e-08
-1.960755278492705e-08
-2.028296967880211e-08
-2.09309157501023e-08
-2.154356431095756e-08
-2.210487627067661e-08
-2.257123416200715e-08
-2.280402189067881e-08
-2.233289516930223e-08
-1.951158612430773e-08
-8.431556485264035e-09
3.278900741721021e-08
2.060880326699382e-07
9.810939927713012e-07
3.197730455821205e-06
-3.25382861628803e-06
-9.972710851720055e-07
-2.083133951438444e-07
-3.191175564819599e-08
1.002493926151611e-08
2.12721927468609e-08
2.410686211964719e-08
2.454477068251723e-08
2.426267906324305e-08
2.374020612170426e-08
2.311920791733507e-08
2.244475440405821e-08
2.173375425061895e-08
2.099466632243961e-08
2.023318165068734e-08
1.945386296299339e-08
1.866062212433913e-08
1.785686803250097e-08
1.704556461619198e-08
1.622926651295556e-08
1.541015053316602e-08
1.459004684588213e-08
1.377047011275481e-08
1.295264991979338e-08
1.213755993771672e-08
1.13259453944818e-08
1.05183485928966e-08
9.71513248701663e-09
8.916502112270787e-09
8.122524081813278e-09
7.333144278869194e-09
6.548203731280528e-09
5.767453052690834e-09
4.990565531535283e-09
4.217148907811987e-09
3.446756159387156e-09
2.678895393088452e-09
1.913038952461435e-09
1.148631985645248e-09
3.851005674787414e-10
-3.781405489282083e-10
-1.141680372578177e-09
-1.906104166017317e-09
-2.671985859828173e-09
-3.43988027148866e-09
-4.210315012803224e-09
-4.983781955714162e-09
-5.760728095333143e-09
-6.541545666836199e-09
-7.326561348068439e-09
-8.116024416320157e-09
-8.910093718190711e-09
-9.70882328842926e-09
-1.051214638975734e-08
-1.131985783813491e-08
-1.213159447746002e-08
-1.294681372209644e-08
-1.376477007658099e-08
-1.458448955642131e-08
-1.540474221277286e-08
-1.622401291149666e-08
-1.704047092965381e-08
-1.785193883917961e-08
-1.865586132857623e-08
-1.944927368244057e-08
-2.022876608841843e-08
-2.099042560280004e-08
-2.172968832846538e-08
-2.244086196393031e-08
-2.311548625210395e-08
-2.37366509998894e-08
-2.425928461766244e-08
-2.454152931926693e-08
-2.410376440109083e-08
-2.126922731901186e-08
-1.002209271503048e-08
3.191449933177103e-08
2.083158889491386e-07
9.972728883859682e-07
3.253842543289127e-06
-3.309858966735543e-06
-1.013369496894658e-06
-2.104629144303716e-07
-3.096218226066065e-08
1.168631572347107e-08
2.309569685235607e-08
2.593807689656828e-08
2.633677699094569e-08
2.599924783104224e-08
2.541455520169188e-08
2.472793717960507e-08
2.398602626604453e-08
2.320668001571493e-08
2.239904122672183e-08
2.156932652066405e-08
2.07225049150054e-08
1.986279583086327e-08
1.899383241088745e-08
1.81187330373948e-08
1.724014922486158e-08
1.636030794422254e-08
1.548105223704656e-08
1.460388036175655e-08
1.372998289159036e-08
1.286027733562487e-08
1.199544006052043e-08
1.113593530850987e-08
1.028204155043765e-08
9.433875049561367e-09
8.591410927668718e-09
7.754502087135109e-09
6.922896010075491e-09
6.096249765213256e-09
5.274143503551313e-09
4.456092502552211e-09
3.641558024212214e-09
2.829957237758196e-09
2.020672307106956e-09
1.213058826887635e-09
4.064537796304708e-10
-3.998168842803824e-10
-1.206430889157123e-09
-2.014062312060401e-09
-2.823374171318499e-09
-3.635010838004334e-09
-4.449590118108181e-09
-5.267694823462367e-09
-6.089863670938971e-09
-6.916581374064152e-09
-7.748267740904184e-09
-8.58526560952886e-09
-9.427827415516348e-09
-1.02761001768128e-08
-1.113010863977615e-08
-1.198973641208671e-08
-1.285470484245938e-08
-1.372454943292565e-08
-1.459859357411972e-08
-1.547591943121841e-08
-1.635533606708993e-08
-1.723534476897011e-08
-1.811410196340133e-08
-1.898938005867051e-08
-1.985852682526378e-08
-2.071842303816888e-08
-2.156543460561112e-08
-2.239534100367193e-08
-2.320317197727146e-08
-2.398270948393129e-08
-2.472480917637451e-08
-2.541161182443616e-08
-2.599648308151492e-08
-2.633418291936996e-08
-2.593564343199507e-08
-2.309341161983877e-08
-1.168416397509713e-08
3.096421824232068e-08
2.104646870581681e-07
1.013370560517972e-06
3.309872365898566e-06
-3.365796869414818e-06
-1.029376749329769e-06
-2.125239464712899e-07
-2.992815783759185e-08
1.342696781153311e-08
2.499242640206761e-08
2.783587012990343e-08
2.818838775249958e-08
2.7788363609733e-08
2.713451623156508e-08
2.637562847727856e-08
2.556001493707907e-08
2.470656182908932e-08
2.38251414912157e-08
2.292251404231271e-08
2.200405145167784e-08
2.107426200223295e-08
2.013697404435814e-08
1.919542508326613e-08
1.825232500612746e-08
1.730991154472259e-08
1.637000189274579e-08
1.543404091653901e-08
1.450314556163922e-08
1.357814527806985e-08
1.265961850779218e-08
1.174792517014022e-08
1.084323560614261e-08
9.945556139792529e-09
9.054751525777288e-09
8.170564831217698e-09
7.292634949994158e-09
6.420511959820084e-09
5.553670779537379e-09
4.69152329357098e-09
3.833429131522286e-09
2.978705436104416e-09
2.126635749387322e-09
1.276478157557801e-09
4.274729339048546e-10
-4.211501805359256e-10
-1.270164938226563e-09
-2.120341602986861e-09
-2.972439887007935e-09
-3.827201692682381e-09
-4.6853434843928e-09
-5.547548104812377e-09
-6.414455892280908e-09
-7.286654947524235e-09
-8.164670318052611e-09
-9.048951883524154e-09
-9.939860706755396e-09
-1.083765361907716e-08
-1.174246573768373e-08
-1.265429064425522e-08
-1.357295784654692e-08
-1.449810721369808e-08
-1.542916007382152e-08
-1.636528664181701e-08
-1.730536963088935e-08
-1.824796375670086e-08
-1.919125131054827e-08
-2.013299393044887e-08
-2.10704809933454e-08
-2.20004741435084e-08
-2.291914406632221e-08
-2.382198131269276e-08
-2.470361259814696e-08
-2.555727627442892e-08
-2.637309830275372e-08
-2.713219063852387e-08
-2.77862366031964e-08
-2.818645103836708e-08
-2.783411303312472e-08
-2.499083563416622e-08
-1.342552720357251e-08
2.992946798187007e-08
2.125249782771007e-07
1.029377052585941e-06
3.365809719355966e-06
-3.421630542369492e-06
-1.045281383836157e-06
-2.14485692621694e-07
-2.879985467010307e-08
1.525552416038281e-08
2.696967449233062e-08
2.980615149890825e-08
3.010415806217093e-08
2.96333151649387e-08
2.890224032644112e-08
2.806344654042396e-08
2.716705767513631e-08
2.623306475959879e-08
2.527210400326213e-08
2.429148119485202e-08
2.329695023283998e-08
2.229327173853364e-08
2.128442344819166e-08
2.027371159682122e-08
1.92638528742428e-08
1.825704533486133e-08
1.725503251659061e-08
1.625916155843514e-08
1.527043534806781e-08
1.428955883529573e-08
1.331697994795294e-08
1.235292535537465e-08
1.139743167354798e-08
1.045037270103068e-08
9.511482961385852e-09
8.580378200826414e-09
7.656573270462659e-09
6.73949758901643e-09
5.828508707050599e-09
4.922904267775631e-09
4.021932521497412e-09
3.124801716082736e-09
2.230688570598036e-09
1.338745991281326e-09
4.48110261711686e-10
-4.420921366822933e-10
-1.332737962461495e-09
-2.224700733870411e-09
-3.118844160005571e-09
-4.016015336831017e-09
-4.917037553945024e-09
-5.822702552802536e-09
-6.733762070078772e-09
-7.650918461597275e-09
-8.574814155569899e-09
-9.506019713079245e-09
-1.044502024809961e-08
-1.139219992602051e-08
-1.234782414503268e-08
-1.331201904100031e-08
-1.428474784967558e-08
-1.526578372762501e-08
-1.625467854397594e-08
-1.725072706057054e-08
-1.825292608869689e-08
-1.925992806917971e-08
-2.026998895652202e-08
-2.128091010283819e-08
-2.228997411610375e-08
-2.329387390364516e-08
-2.428863073523142e-08
-2.526948275371387e-08
-2.623067468584552e-08
-2.716489918691938e-08
-2.806151818562883e-08
-2.890053855453344e-08
-2.963183413875396e-08
-3.010288938171604e-08
-2.98050839577571e-08
-2.696879382435996e-08
-1.525481271589923e-08
2.880041869255894e-08
2.144859613832998e-07
1.045280903170353e-06
3.421642819012215e-06
-3.477346227362848e-06
-1.061070071264208e-06
-2.163356948419703e-07
-2.756608481182415e-08
1.718162355744995e-08
2.903538113515305e-08
3.185513349948427e-08
3.208864418168041e-08
3.153714656900594e-08
3.07194482172258e-08
2.97919977257723e-08
2.880685622643242e-08
2.778518301596199e-08
2.673839167921444e-08
2.567431118353104e-08
2.459903098090255e-08
2.351750350987678e-08
2.243378857268909e-08
2.135119223495588e-08
2.027237097626352e-08
1.919942019005196e-08
1.813395198965302e-08
1.707716370013651e-08
1.60298977925516e-08
1.499269381386637e-08
1.396583330564871e-08
1.294937837682054e-08
1.194320470527609e-08
1.094702990638158e-08
9.960437735344141e-09
8.982898772712212e-09
8.013788244907981e-09
7.052401299316668e-09
6.097966191346231e-09
5.149655776922791e-09
4.206597516945902e-09
3.267882271686192e-09
2.332572169628764e-09
1.399707743673117e-09
4.683144977895309e-10
-4.625909240508821e-10
-1.393994812698496e-09
-2.326880541531455e-09
-3.262222621913872e-09
-4.200980517704454e-09
-5.144092086273728e-09
-6.092466472647262e-09
-7.046976248163715e-09
-8.008448577177793e-09
-8.9776551869133e-09
-9.955300912181919e-09
-1.094201050174453e-08
-1.19383133421047e-08
-1.294462565426901e-08
-1.396122975860949e-08
-1.498824984387376e-08
-1.602562368156898e-08
-1.70730695716828e-08
-1.813004772234409e-08
-1.919571539988957e-08
-2.026887488206944e-08
-2.134791359581096e-08
-2.243073559904109e-08
-2.351468374244007e-08
-2.459645108388425e-08
-2.567197683746325e-08
-2.673630737388115e-08
-2.778335178149488e-08
-2.880527939375625e-08
-2.979067470040184e-08
-3.07183761387326e-08
-3.153631998066516e-08
-3.208805471876302e-08
-3.18547695642411e-08
-2.903522757976323e-08
-1.718166121257808e-08
2.756588006875205e-08
2.163351755665051e-07
1.061068780020467e-06
3.477357903224664e-06
-3.532927664664353e-06
-1.076727131412545e-06
-2.180594416107476e-07
-2.621402261943886e-08
1.921606536786614e-08
3.119816414927436e-08
3.398926300951628e-08
3.414626244251365e-08
3.350247096778976e-08
3.25872233293844e-08
3.156112167940386e-08
3.047828057984307e-08
2.936106402807971e-08
2.822164182816763e-08
2.70683069345745e-08
2.590740290728583e-08
2.474398210531284e-08
2.358209228614303e-08
2.242494839361659e-08
2.127506206591475e-08
2.013434933036672e-08
1.900422264994249e-08
1.788566965460639e-08
1.677932032118321e-08
1.568550382616978e-08
1.460429664786714e-08
1.353556317264939e-08
1.247898979501278e-08
1.143411367795294e-08
1.040034700324063e-08
9.376997348662416e-09
8.363284981809448e-09
7.358357552955963e-09
6.361302556777155e-09
5.371158029393737e-09
4.386921777630917e-09
3.407559379014067e-09
2.432011250152761e-09
1.459198991238921e-09
4.880311406847024e-10
-4.825914616105059e-10
-1.453770521319542e-09
-2.426605204689472e-09
-3.402186987310575e-09
-4.38159427745007e-09
-5.365886664078153e-09
-6.35609859742761e-09
-7.353232307901765e-09
-8.358249778155313e-09
-9.37206352736042e-09
-1.039552592596863e-08
-1.142941669702908e-08
-1.24744282574839e-08
-1.353114842839146e-08
-1.460004001904597e-08
-1.568141657814859e-08
-1.677541363539582e-08
-1.788195456530824e-08
-1.900070999810471e-08
-2.013104976240105e-08
-2.127198591185491e-08
-2.242210558131729e-08
-2.357949218263806e-08
-2.474163347554263e-08
-2.590531375477048e-08
-2.706648426744378e-08
-2.82200914363189e-08
-2.935979027384508e-08
-3.04772860593603e-08
-3.156040692598743e-08
-3.258678643827911e-08
-3.350230717797832e-08
-3.414636373396502e-08
-3.398961763161598e-08
-3.119875617010089e-08
-1.921687411022768e-08
2.621302375196466e-08
2.180581060251032e-07
1.076724999246321e-06
3.532938708440178e-06
-3.588355384367852e-06
-1.092233892475732e-06
-2.196398574549042e-07
-2.472886602951904e-08
2.137096672599323e-08
3.346731227828026e-08
3.621508531890302e-08
3.6281066125302e-08
3.553120063344636e-08
3.450572839883436e-08
3.336961881885081e-08
3.217912265665263e-08
3.095779616442627e-08
2.97184901508705e-08
2.846984995576321e-08
2.721834487724427e-08
2.59689955673138e-08
2.472571138830697e-08
2.349149991111133e-08
2.226862402568999e-08
2.105872939847372e-08
1.986295025641845e-08
1.868199734448227e-08
1.751623104522825e-08
1.636572191207099e-08
1.523030069501951e-08
1.410959980831708e-08
1.300308752599033e-08
1.19100962588721e-08
1.082984609183647e-08
9.76146426471964e-09
8.704001410868976e-09
7.656445165626183e-09
6.617731530264346e-09
5.586754469423733e-09
4.56237409160898e-09
3.543423622733613e-09
2.528715443811729e-09
1.517046427288704e-09
5.072027332562624e-10
-5.020357558531425e-10
-1.511891220650691e-09
-2.523583773477328e-09
-3.53832726210923e-09
-4.557324838977487e-09
-5.581764158941928e-09
-6.612812038399742e-09
-7.651608405216137e-09
-8.699259327673654e-09
-9.756828855572595e-09
-1.082532940032775e-08
-1.190571033812297e-08
-1.299884446207073e-08
-1.410551172748795e-08
-1.522637974198771e-08
-1.636198023524823e-08
-1.751268073628095e-08
-1.867865040489778e-08
-1.985981860360874e-08
-2.105582478638689e-08
-2.226595791335269e-08
-2.348908347347752e-08
-2.472355537215676e-08
-2.596711013593972e-08
-2.721673947802952e-08
-2.84685331479288e-08
-2.971746933166973e-08
-3.095707730689679e-08
-3.217870994472718e-08
-3.336951428526087e-08
-3.450593150371557e-08
-3.55317077191256e-08
-3.628186988674216e-08
-3.621617419559147e-08
-3.346866980804035e-08
-2.137257078819626e-08
2.472704468528602e-08
2.19637673611599e-07
1.092230884775392e-06
3.588365760200097e-06
-3.643605731575514e-06
-1.107567822944398e-06
-2.21056635169257e-07
-2.309342651926023e-08
2.365990991623377e-08
3.585270665019744e-08
3.853899971635155e-08
3.849640073577249e-08
3.762416025541057e-08
3.647382132939096e-08
3.521489805945468e-08
3.390579175142692e-08
3.257115749219228e-08
3.122437156476929e-08
2.987424795583408e-08
2.852719274885884e-08
2.718801483537075e-08
2.586032163677892e-08
2.454676948564723e-08
2.324924875340653e-08
2.196902984028559e-08
2.070688075572267e-08
1.946316208286646e-08
1.823790384657342e-08
1.70308677083551e-08
1.584159716405682e-08
1.466945829141065e-08
1.351367278123253e-08
1.237334472835916e-08
1.124748255140898e-08
1.013501685806377e-08
9.034815032728352e-09
7.945693250381412e-09
6.866426375285761e-09
5.795756145615636e-09
4.732397987334787e-09
3.675046698735318e-09
2.622381257177228e-09
1.573068986067284e-09
5.257692445596117e-10
-5.208632404745033e-10
-1.568175276399555e-09
-2.617512165981535e-09
-3.670214574111076e-09
-4.727615185330757e-09
-5.791035051906929e-09
-6.86177944343143e-09
-7.94113301278613e-09
-9.030354084995861e-09
-1.013066784518085e-08
-1.124325816698872e-08
-1.236925773445824e-08
-1.350973604843999e-08
-1.466568475333132e-08
-1.583799978203038e-08
-1.702745950385604e-08
-1.823469788520344e-08
-1.946017141375246e-08
-2.070411837199446e-08
-2.196650865733594e-08
-2.324698151683624e-08
-2.454476871502247e-08
-2.585859951909546e-08
-2.718658312057745e-08
-2.852606256075165e-08
-2.987342963107445e-08
-3.122387436486619e-08
-3.257098933678412e-08
-3.390595881835211e-08
-3.521540434559325e-08
-3.647466814779726e-08
-3.762534557175098e-08
-3.849791848401176e-08
-3.854083901814564e-08
-3.585485091191628e-08
-2.366233578341653e-08
2.309075103613685e-08
2.210535667302028e-07
1.107563900038626e-06
3.643615398167877e-06
-3.698649496346518e-06
-1.122701333575028e-06
-2.222853542238134e-07
-2.128764204290645e-08
2.6098044926516e-08
3.836461225694015e-08
4.096684230876604e-08
4.079437999159291e-08
3.978053912088818e-08
3.848854086416983e-08
3.709252868417466e-08
3.565294588883921e-08
3.419532663929614e-08
3.273330283778775e-08
3.127557802057231e-08
2.982823110303126e-08
2.839562288748388e-08
2.698085477907119e-08
2.55860598586953e-08
2.421261339392871e-08
2.286129361329446e-08
2.153240712663565e-08
2.022588721480052e-08
1.894137113529187e-08
1.767826113400417e-08
1.643577254246812e-08
1.521297190974021e-08
1.400880737014098e-08
1.28221327618007e-08
1.165172691677315e-08
1.049630911424496e-08
9.354551421911683e-09
8.225088635386826e-09
7.106526296607839e-09
5.997447106392813e-09
4.896416075622066e-09
3.801984704942295e-09
2.712694397478065e-09
1.62707928039685e-09
5.436685917071923e-10
-5.390112515795306e-10
-1.622434770722019e-09
-2.708075575356309e-09
-3.797404453027589e-09
-4.891887301688768e-09
-5.992982774540969e-09
-7.102139447161322e-09
-8.220792384592088e-09
-9.350358969301173e-09
-1.049223375649574e-08
-1.164778204939757e-08
-1.281833187355956e-08
-1.400516405969772e-08
-1.520949989576431e-08
-1.643248568843683e-08
-1.767517339119921e-08
-1.893849650211581e-08
-2.022323980081318e-08
-2.15300010908775e-08
-2.285914309648397e-08
-2.421073249012783e-08
-2.558446254844089e-08
-2.697955481615579e-08
-2.839463375748703e-08
-2.982756580132484e-08
-3.127524891882431e-08
-3.273332138025963e-08
-3.419570304309285e-08
-3.565368876711553e-08
-3.709364453658272e-08
-3.849003346511857e-08
-3.978240875239771e-08
-4.079662255882916e-08
-4.096944832513644e-08
-3.836756561355018e-08
-2.610132144889679e-08
2.128407703470571e-08
2.222813599105184e-07
1.122696449744476e-06
3.698658405911562e-06
-3.753449940996362e-06
-1.137600091395786e-06
-2.232963085618994e-07
-1.928802091195846e-08
2.870207717980082e-08
4.101324022999941e-08
4.350319634729968e-08
4.317510032673741e-08
4.19971246238252e-08
4.054442860908408e-08
3.899568231338233e-08
3.741305842384719e-08
3.582256298321858e-08
3.423765803286103e-08
3.266653725185151e-08
3.111460051926797e-08
2.958546302085614e-08
2.808147537116959e-08
2.660404971316408e-08
2.515388843153655e-08
2.373115261681136e-08
2.233558884850739e-08
2.096662538031572e-08
1.962344540041057e-08
1.830504327575866e-08
1.701026778884496e-08
1.573785550585206e-08
1.44864567475921e-08
1.325465570755363e-08
1.204098611003832e-08
1.084394346219011e-08
9.661994554921443e-09
8.493584823538564e-09
7.337144041377477e-09
6.191090650094214e-09
5.053835037770874e-09
3.923782006001682e-09
2.799332575985542e-09
1.67888528532097e-09
5.608371449064618e-10
-5.564156446575069e-10
-1.674477138887158e-09
-2.794951151093346e-09
-3.919440705344254e-09
-5.049547322634761e-09
-6.186870055780601e-09
-7.333004168369158e-09
-8.489539359291278e-09
-9.658057317473929e-09
-1.084012839669486e-08
-1.203730727138477e-08
-1.325112729834055e-08
-1.448309314607276e-08
-1.573467122671653e-08
-1.700727753505482e-08
-1.830226193972637e-08
-1.962088799716689e-08
-2.096430709610437e-08
-2.233352500950701e-08
-2.372935864932189e-08
-2.51523798529448e-08
-2.660284205904066e-08
-2.808058409164886e-08
-2.958490347116935e-08
-3.111438776258419e-08
-3.266668593576954e-08
-3.423818210889209e-08
-3.582347538658482e-08
-3.741437069225505e-08
-3.899740404929542e-08
-4.054656679415073e-08
-4.199968273491168e-08
-4.317807720366857e-08
-4.350658489307041e-08
-4.101702575657067e-08
-2.870623541446774e-08
1.92835270559859e-08
2.23291341303121e-07
1.137594193725029e-06
3.753458037840644e-06
-3.807959880498262e-06
-1.1522205961609e-06
-2.240529429166742e-07
-1.706706008044478e-08
3.14900036960061e-08
4.380791238989299e-08
4.615027662317325e-08
4.563547964248732e-08
4.426724703006391e-08
4.263265489316966e-08
4.091445901504707e-08
3.917592988106089e-08
3.744287373060028e-08
3.572795628338488e-08
3.403831923743787e-08
3.237823608665599e-08
3.075021870677992e-08
2.91555868284545e-08
2.759481525787153e-08
2.606776764828178e-08
2.457386133913869e-08
2.311218626818613e-08
2.168159179106972e-08
2.028075041282652e-08
1.890820507552796e-08
1.75624043856835e-08
1.624172888092151e-08
1.494451079565131e-08
1.366904887800645e-08
1.241361947232345e-08
1.117648478922661e-08
9.95589895202673e-09
8.75011231973325e-09
7.557374514610501e-09
6.375936425366934e-09
5.204051380680563e-09
4.039975669948922e-09
2.881968582346295e-09
1.728292097931748e-09
5.772103194342901e-10
-5.730113113687973e-10
-1.724106923329805e-09
-2.877811131056399e-09
-4.035859884540821e-09
-5.199991235577229e-09
-6.371945967421508e-09
-7.553467907463333e-09
-8.746303846593038e-09
-9.952203016924463e-09
-1.117291595094063e-08
-1.241019246235397e-08
-1.36657786014674e-08
-1.49414123735676e-08
-1.623881764865927e-08
-1.755969590237487e-08
-1.890571513521758e-08
-2.027849505073054e-08
-2.167958730614309e-08
-2.311044918403118e-08
-2.457240841111797e-08
-2.606661585040031e-08
-2.759398174682324e-08
-2.915508886753054e-08
-3.075007365854825e-08
-3.237846125292051e-08
-3.403893177372546e-08
-3.572897295737915e-08
-3.744431062752001e-08
-3.917780200928809e-08
-4.091677977342358e-08
-4.263543532421191e-08
-4.427049485378991e-08
-4.563919790475228e-08
-4.615446202557525e-08
-4.381255310718585e-08
-3.149507658439462e-08
1.706159386310867e-08
2.240469490015256e-07
1.152213623077022e-06
3.807967099225251e-06
-3.862117223671376e-06
-1.16650661682441e-06
-2.245097759920535e-07
-1.459276468152255e-08
3.44803350318361e-08
4.675554416581983e-08
4.890615615616448e-08
4.816756801737852e-08
4.657935801464577e-08
4.473992670103342e-08
4.283511006410108e-08
4.09281741248697e-08
3.904370175471445e-08
3.71926937632633e-08
3.538054301365044e-08
3.360985783008394e-08
3.188164031192738e-08
3.019587750097345e-08
2.855188487804631e-08
2.694852475745126e-08
2.538435168138905e-08
2.385771158427955e-08
2.236681052832131e-08
2.090976268149246e-08
1.948462410636465e-08
1.80894167006761e-08
1.67221450697933e-08
1.538080844015535e-08
1.406340897409491e-08
1.276795737143805e-08
1.149247646089788e-08
1.023500330100322e-08
8.993590132625258e-09
7.766304457525808e-09
6.551228444575898e-09
5.346457795440293e-09
4.150100213366582e-09
2.960273595140343e-09
1.775103979789492e-09
5.927233118245144e-10
-5.887328911233695e-10
-1.771127907230775e-09
-2.956326224079759e-09
-4.146195954461251e-09
-5.342611147459805e-09
-6.54745398738486e-09
-7.762616866373715e-09
-8.990004238975959e-09
-1.023153410758788e-08
-1.148913913690298e-08
-1.276476728987896e-08
-1.406038173016885e-08
-1.537795988005884e-08
-1.671949132413564e-08
-1.8086974196305e-08
-1.948240954503036e-08
-2.090779309456761e-08
-2.236510331471816e-08
-2.385628448006456e-08
-2.538322281313255e-08
-2.694771258647227e-08
-2.855140821109904e-08
-3.019575549108515e-08
-3.18818924301197e-08
-3.361050377392936e-08
-3.538160265719813e-08
-3.719418696615355e-08
-3.904564814763903e-08
-4.093059274169256e-08
-4.283801885974593e-08
-4.474334178840271e-08
-4.658329262915065e-08
-4.817203100628232e-08
-4.8911149922583e-08
-4.676106183286632e-08
-3.448635655091028e-08
1.458627842141323e-08
2.245026941477022e-07
1.166498496291879e-06
3.862123486963423e-06
-3.915837914139898e-06
-1.180383828122492e-06
-2.246096988414394e-07
-1.182858699150957e-08
3.769030310992456e-08
4.985797352146602e-08
5.176199645785855e-08
5.075614266681332e-08
4.891517596601976e-08
4.684718734066791e-08
4.473920527712408e-08
4.265273875033329e-08
4.060969099563965e-08
3.861826690190279e-08
3.668127026620599e-08
3.479903849843137e-08
3.297063585578635e-08
3.119441791625803e-08
2.946833364631104e-08
2.779010057206154e-08
2.615731093398462e-08
2.456749738842092e-08
2.301817420774215e-08
2.150686307179534e-08
2.003110901885885e-08
1.858849015392084e-08
1.717662314260689e-08
1.579316589538503e-08
1.443581835613114e-08
1.310232192601196e-08
1.179045793090606e-08
1.049804542585607e-08
9.22293846950926e-09
7.963023024749306e-09
6.716213635316962e-09
5.480449910764865e-09
4.253692831923971e-09
3.033920947339045e-09
1.81912652672625e-09
6.073116890650833e-10
-6.035155333912643e-10
-1.815345165142636e-09
-3.030169223989467e-09
-4.249985639114894e-09
-5.476802195382205e-09
-6.712640460110872e-09
-7.95953960097164e-09
-9.219560173217576e-09
-1.049478781430287e-08
-1.178733675594418e-08
-1.309935317596792e-08
-1.443301829831953e-08
-1.579055109716978e-08
-1.717421049011014e-08
-1.858629690234395e-08
-2.002915278184731e-08
-2.150516187321786e-08
-2.301674653398267e-08
-2.456636216876795e-08
-2.615648764494307e-08
-2.778960918418275e-08
-2.946819465828716e-08
-3.11946523894117e-08
-3.29712654222378e-08
-3.480008535612726e-08
-3.668275717564526e-08
-3.862021704314423e-08
-4.061212788762377e-08
-4.265568596448757e-08
-4.474268608110569e-08
-4.685122399726249e-08
-4.891978870471743e-08
-5.076134808769807e-08
-5.176780515255369e-08
-4.986438655029241e-08
-3.769730675473966e-08
1.182102954989701e-08
2.246014594351048e-07
1.18037447538329e-06
3.915843129762142e-06
-3.969004281842655e-06
-1.193751554417915e-06
-2.242806610228482e-07
-8.734534506510253e-09
4.113211057659927e-08
5.310736492784418e-08
5.469781175278683e-08
5.337538934393115e-08
5.124738245517903e-08
4.892818654392272e-08
4.660285532791756e-08
4.432856614529894e-08
4.212261643024579e-08
3.99890509916509e-08
3.792715463607517e-08
3.5934376963265e-08
3.40074429122479e-08
3.214281868488049e-08
3.03369224070593e-08
2.858622261692812e-08
2.688728335087081e-08
2.523678240775597e-08
2.363151614044983e-08
2.206839748900503e-08
2.054445067998016e-08
1.905680449304129e-08
1.760268493994245e-08
1.617940782258634e-08
1.47843714242136e-08
1.341504939597941e-08
1.206898381110994e-08
1.074377842626674e-08
9.437092168027623e-09
8.146632825301396e-09
6.870150900452647e-09
5.605433584237342e-09
4.35029887604359e-09
3.102589835414719e-09
1.860168900970636e-09
6.209122833374227e-10
-6.172955608366236e-10
-1.856567425816932e-09
-3.099018878966883e-09
-4.346773764428636e-09
-5.60196972133559e-09
-6.866763818211489e-09
-8.143338220824956e-09
-9.433905921608835e-09
-1.074071662729556e-08
-1.206606278723335e-08
-1.341228572849852e-08
-1.478178199621655e-08
-1.617700989162069e-08
-1.760049613867177e-08
-1.905484287337056e-08
-2.054273473175823e-08
-2.206694618821744e-08
-2.363034903954894e-08
-2.523591963089641e-08
-2.688674567886279e-08
-2.858603148677735e-08
-3.033709999394912e-08
-3.214338797288633e-08
-3.400842772014601e-08
-3.593580200168728e-08
-3.792904561721268e-08
-3.999143456811061e-08
-4.212552026476776e-08
-4.433201876558162e-08
-4.660688597009777e-08
-4.893282465295932e-08
-5.12526568442396e-08
-5.338132671901305e-08
-5.470443409196825e-08
-5.311468536407945e-08
-4.114012653568742e-08
8.725852805967983e-09
2.242711856621344e-07
1.193740869355565e-06
3.969008338768445e-06
-4.021444885105286e-06
-1.206469828765242e-06
-2.23432246175908e-07
-5.271164112383498e-09
4.480545672907163e-08
5.647847302739425e-08
5.767617986941408e-08
5.598454117776447e-08
5.353698917040071e-08
5.094813030221869e-08
4.839619757201357e-08
4.593056410231315e-08
4.356159967541958e-08
4.128771358645892e-08
3.910377129002721e-08
3.700380395778383e-08
3.498189474884299e-08
3.3032454186796e-08
3.115028229168306e-08
2.933055604438452e-08
2.756879326306207e-08
2.58608120218004e-08
2.420269270349399e-08
2.259074481844434e-08
2.102147860259606e-08
1.949158087036761e-08
1.799789444178546e-08
1.653740040651866e-08
1.510720260496545e-08
1.370451389405424e-08
1.232664380614555e-08
1.097098734222175e-08
9.635014678662682e-09
8.316261601455802e-09
7.012320560187531e-09
5.720832220942367e-09
4.439477402020093e-09
3.165969330708121e-09
1.898046185061253e-09
6.334638366379152e-10
-6.300112990038442e-10
-1.894609308015793e-09
-3.162563794670643e-09
-4.436118949215442e-09
-5.717536682031896e-09
-7.009103895720001e-09
-8.313139956699791e-09
-9.632004416099816e-09
-1.096810504492034e-08
-1.232390632487045e-08
-1.370193838868788e-08
-1.510480656254437e-08
-1.653520172301193e-08
-1.799591144341374e-08
-1.94898323661685e-08
-2.101998393289962e-08
-2.258952387891425e-08
-2.42017660467032e-08
-2.586020091051185e-08
-2.756851974314829e-08
-2.933064297782127e-08
-3.115075346870871e-08
-3.303333443270203e-08
-3.498321002340091e-08
-3.700558145874343e-08
-3.91060396393612e-08
-4.129050291698388e-08
-4.356494188756249e-08
-4.593449291386018e-08
-4.840074865861616e-08
-5.095334117655294e-08
-5.354289873284394e-08
-5.599118868131429e-08
-5.768360250818298e-08
-5.648670154492348e-08
-4.481450694336557e-08
5.261306854378115e-09
2.234214484876584e-07
1.206457693147732e-06
4.021447648758759e-06
-4.072897689899863e-06
-1.21833899902449e-06
-2.219542283246008e-07
-1.410346463041686e-09
4.868309548455702e-08
5.991596600503926e-08
6.063332280635696e-08
5.852260510555571e-08
5.57307819523149e-08
5.286284126258407e-08
5.008349302031339e-08
4.743012773822303e-08
4.490376092949541e-08
4.24958475333488e-08
4.019616886587671e-08
3.799503708189832e-08
3.588378421366908e-08
3.385474929282682e-08
3.190113950901605e-08
3.001688005173732e-08
2.819648427206383e-08
2.643494906038907e-08
2.472767248659442e-08
2.307038934129441e-08
2.145912021337292e-08
1.989013075607459e-08
1.835989853804486e-08
1.686508556027416e-08
1.540251502437258e-08
1.396915139369421e-08
1.25620829388268e-08
1.11785062384102e-08
9.815712283692605e-09
8.47107384342371e-09
7.142033812545542e-09
5.826094384456087e-09
4.520806913240639e-09
3.223762287861522e-09
1.932581714510635e-09
6.44907850648646e-10
-6.416038601388617e-10
-1.929293749072173e-09
-3.220506417788444e-09
-4.517599265150971e-09
-5.822951175690439e-09
-7.138971417825485e-09
-8.468108823163019e-09
-9.812861424277665e-09
-1.117578658813491e-08
-1.255951184680553e-08
-1.396674654858447e-08
-1.540029447154396e-08
-1.686306779155842e-08
-1.835810253638802e-08
-1.988857603689876e-08
-2.145782689295587e-08
-2.306937818738197e-08
-2.472696501185459e-08
-2.643456758767951e-08
-2.819645202560169e-08
-3.001722122928503e-08
-3.190187944513638e-08
-3.385591452929891e-08
-3.58854027098155e-08
-3.799713838531169e-08
-4.019878437396195e-08
-4.24990107211324e-08
-4.490750777298805e-08
-4.743449706077292e-08
-5.00885270374968e-08
-5.28685860087376e-08
-5.573728754338856e-08
-5.852992561101277e-08
-6.064151480705778e-08
-5.992508468127384e-08
-4.86931853813214e-08
1.399271659172716e-09
2.219420176254772e-07
1.218325274329577e-06
4.072898996497804e-06
-4.122938663469608e-06
-1.229068479285743e-06
-2.197240461249266e-07
2.838476597469848e-09
5.268364034463954e-08
6.331445669991461e-08
6.34674061476569e-08
6.090295855745887e-08
5.77597815225559e-08
5.461919367016122e-08
5.162434940141594e-08
4.879651582660523e-08
4.612546354533347e-08
4.359499060535158e-08
4.118966244560909e-08
3.889618082710358e-08
3.670331234758065e-08
3.460151418639084e-08
3.258256657249783e-08
3.063927843093385e-08
2.876526586989526e-08
2.695478833517765e-08
2.520262703113925e-08
2.350399360670608e-08
2.185446023661805e-08
2.024990490682672e-08
1.868646764539806e-08
1.716051475525652e-08
1.566860890803615e-08
1.420748370484925e-08
1.277402167542857e-08
1.136523495163607e-08
9.978248051801095e-09
8.610282377169153e-09
7.258642092654976e-09
5.920701101497708e-09
4.593890922803275e-09
3.275689306608418e-09
1.963609402499566e-09
6.551893433054099e-10
-6.520178663737966e-10
-1.960454290078916e-09
-3.27256696438133e-09
-4.590817827214673e-09
-5.917693835231875e-09
-7.255717401541193e-09
-8.607457195287267e-09
-9.975539558223145e-09
-1.136266062257958e-08
-1.27715993038468e-08
-1.420523145175404e-08
-1.56665453438763e-08
-1.715865891957589e-08
-1.868483910855782e-08
-2.024852384254585e-08
-2.185334748019261e-08
-2.350317071803282e-08
-2.520211639641525e-08
-2.695461326211447e-08
-2.876545067945567e-08
-3.063984854339521e-08
-3.258354869209435e-08
-3.460293642518115e-08
-3.670520449056042e-08
-3.889857452341096e-08
-4.119259156463211e-08
-4.359849161052747e-08
-4.612957608074311e-08
-4.880128338184838e-08
-5.162982026682647e-08
-5.462542211339294e-08
-5.77668291083934e-08
-6.091089553401213e-08
-6.347631202430299e-08
-6.332441868387473e-08
-5.269474520971943e-08
-2.850787223402225e-09
2.197103374750433e-07
1.229053007459056e-06
4.122938314979805e-06
-4.170834317795645e-06
-1.238234705547009e-06
-2.166445673258394e-07
7.367131041242708e-09
5.662188353123071e-08
6.648904237189777e-08
6.602538097740905e-08
6.300996968056984e-08
5.954052682024022e-08
5.615800500066764e-08
5.297672303129863e-08
4.999938399084932e-08
4.72042557582099e-08
4.45680398298813e-08
4.207083703103653e-08
3.969643138076274e-08
3.743158413178243e-08
3.526529668218953e-08
3.318823700918626e-08
3.11923276075402e-08
2.927045532746556e-08
2.741626609641677e-08
2.562401709816231e-08
2.388846774941546e-08
2.220479714689005e-08
2.0568539817355e-08
1.897553436081245e-08
1.742188147283219e-08
1.590390885804686e-08
1.441814137643822e-08
1.296127523601939e-08
1.153015537695292e-08
1.012175538976535e-08
8.733159479210439e-09
7.361546109993336e-09
6.004173018586809e-09
4.658363315864582e-09
3.321492464307528e-09
1.990975966194458e-09
6.642575630872007e-10
-6.612022204927047e-10
-1.987937292838547e-09
-3.318487166628711e-09
-4.655408185643213e-09
-6.001284952023578e-09
-7.3587421689979e-09
-8.730456946504959e-09
-1.011917180360748e-08
-1.15277085805987e-08
-1.295898342254125e-08
-1.441602313289395e-08
-1.590198321631893e-08
-1.742016797192557e-08
-1.897405310811123e-08
-2.056731157364918e-08
-2.220384337730162e-08
-2.388781072662223e-08
-2.56236800072037e-08
-2.741627310963442e-08
-2.927083173228137e-08
-3.119309991704714e-08
-3.31894331418389e-08
-3.526694612018297e-08
-3.743371822264186e-08
-3.969908354419609e-08
-4.207404320123101e-08
-4.457183892648183e-08
-4.720869035696379e-08
-5.000450130755643e-08
-5.29825762815427e-08
-5.616465532793562e-08
-5.954804590918464e-08
-6.301844329386575e-08
-6.603491296264534e-08
-6.649975797334039e-08
-5.66339271976729e-08
-7.380644833139031e-09
2.166293062506591e-07
1.238217319645558e-06
4.170832082560791e-06
-4.215218845179922e-06
-1.245253450738134e-06
-2.127760741812368e-07
1.183034613256649e-08
6.012219282559299e-08
6.913698161737442e-08
6.809342795290529e-08
6.470226887053254e-08
6.098214665816311e-08
5.742091027715824e-08
5.41023191261567e-08
5.101262489898512e-08
4.812145966537914e-08
4.540094962292669e-08
4.282865048299643e-08
4.038679586205878e-08
3.806108490566817e-08
3.583970575235347e-08
3.371265193805763e-08
3.167126079879261e-08
2.970790081031566e-08
2.78157553197013e-08
2.59886683337175e-08
2.422103076023884e-08
2.250769362934636e-08
2.084389981270357e-08
1.922522878417672e-08
1.764755093661399e-08
1.610698900965709e-08
1.459988502847836e-08
1.312277158494432e-08
1.16723465681439e-08
1.024545069357539e-08
8.839047350373381e-09
7.450204336814216e-09
6.076077137441037e-09
4.713893478015031e-09
3.360938881167752e-09
2.014543020992754e-09
6.720666943156309e-10
-6.691108103519818e-10
-2.011604075021437e-09
-3.358033840958872e-09
-4.711039394722669e-09
-6.073291179467151e-09
-7.447503849389104e-09
-8.836449914682292e-09
-1.024297416348959e-08
-1.167000911285119e-08
-1.312059174521006e-08
-1.459788175832513e-08
-1.610518174217599e-08
-1.764595965101051e-08
-1.922387404796724e-08
-2.084280289933734e-08
-2.250687656955272e-08
-2.422051644309583e-08
-2.598848062540632e-08
-2.781591913559164e-08
-2.970844228190495e-08
-3.167220735988061e-08
-3.371403254049478e-08
-3.584155100998937e-08
-3.806342742994343e-08
-4.038967048439328e-08
-4.283209469116775e-08
-4.540500407249872e-08
-4.812616890478867e-08
-5.101803848959066e-08
-5.410849325384108e-08
-5.742791027351823e-08
-6.099005080915581e-08
-6.471117429498311e-08
-6.810345925547221e-08
-6.914830235173577e-08
-6.013501665034514e-08
-1.184493089726608e-08
2.127592930045487e-07
1.245234014205244e-06
4.215214480934675e-06
-4.253359874656651e-06
-1.249514284427307e-06
-2.087500829508133e-07
1.534291896616007e-08
6.248047210999116e-08
7.080164758369585e-08
6.940396412670845e-08
6.583095250346136e-08
6.200316307216174e-08
5.836257213579556e-08
5.49745362836674e-08
5.181923412868142e-08
4.886505458104169e-08
4.608441693335769e-08
4.345542112090634e-08
4.096068221235644e-08
3.858604515745904e-08
3.63196483030103e-08
3.415130282478252e-08
3.207208658570017e-08
3.007407224393843e-08
2.815013811955229e-08
2.629383068873404e-08
2.449926023518353e-08
2.276101868187025e-08
2.10741128913347e-08
1.943390919088926e-08
1.783608640697569e-08
1.627659550628889e-08
1.475162451253731e-08
1.325756772702754e-08
1.179099848725086e-08
1.034864483453874e-08
8.927367636894739e-09
7.52414076294756e-09
6.136032927016749e-09
4.760190925934689e-09
3.393823991162499e-09
2.034189019442532e-09
6.785764943083282e-10
-6.757031353530939e-10
-2.031332813168768e-09
-3.391002132724367e-09
-4.757420685906648e-09
-6.133331702587757e-09
-7.52152614228971e-09
-8.924857447489301e-09
-1.034625719472935e-08
-1.178875184095982e-08
-1.325548090581977e-08
-1.474971678455586e-08
-1.627488663217818e-08
-1.783459672882093e-08
-1.943265967434085e-08
-2.10731252502528e-08
-2.276031542604099e-08
-2.449886476689279e-08
-2.629376744279902e-08
-2.815043263777525e-08
-3.007475134332372e-08
-3.207317844826265e-08
-3.415283723085299e-08
-3.632165677790859e-08
-3.858856127075679e-08
-4.096374179058788e-08
-4.345906265447842e-08
-4.608868204110883e-08
-4.886998867879558e-08
-5.18248874656703e-08
-5.498096549242285e-08
-5.836984277658116e-08
-6.201135394485004e-08
-6.584016320224986e-08
-6.941432787096992e-08
-7.08133530076918e-08
-6.249379616709093e-08
-1.535826168468292e-08
2.08732024448018e-07
1.249492812553298e-06
4.253353228122311e-06
-4.279528907094627e-06
-1.251367207542341e-06
-2.069966583214193e-07
1.585966206869243e-08
6.248814171225393e-08
7.087921936472984e-08
6.968586032795344e-08
6.62843495457564e-08
6.256121703695615e-08
5.89679833345582e-08
5.558779877095655e-08
5.241609964318743e-08
4.943205389811708e-08
4.661503759031799e-08
4.394738933488811e-08
4.141417999810389e-08
3.900259243374101e-08
3.670142321188392e-08
3.450073951311593e-08
3.239164457888579e-08
3.036611015517001e-08
2.841684984485615e-08
2.65372183772573e-08
2.472112838302197e-08
2.296297983951651e-08
2.125759933923831e-08
1.960018721532163e-08
1.798627120888872e-08
1.641166566627946e-08
1.48724354545505e-08
1.336486388736683e-08
1.188542409867524e-08
1.043075335584938e-08
8.997629877584352e-09
7.582951778672399e-09
6.18371778555974e-09
4.797009421933507e-09
3.419974394947402e-09
2.049810935649693e-09
6.837528596687465e-10
-6.809448629485395e-10
-2.047020257302818e-09
-3.417218410355354e-09
-4.79430558814584e-09
-6.181083687994001e-09
-7.580405196164712e-09
-8.995188828924699e-09
-1.042843616776304e-08
-1.188324943530076e-08
-1.336285081054343e-08
-1.487060348482889e-08
-1.641003482732031e-08
-1.7984862140853e-08
-1.959902121061897e-08
-2.125669844948123e-08
-2.296236695333987e-08
-2.47208273281625e-08
-2.653725404831441e-08
-2.841724826357384e-08
-3.036689867621524e-08
-3.239285197270873e-08
-3.450239617961368e-08
-3.670356134411206e-08
-3.900524625644653e-08
-4.141738597139925e-08
-4.395118647311904e-08
-4.661946779609768e-08
-4.943716242532765e-08
-5.242193580369775e-08
-5.55944169364523e-08
-5.897544477117313e-08
-6.256959325993293e-08
-6.629372899376996e-08
-6.9696361873024e-08
-7.089102023639606e-08
-6.250153351701219e-08
-1.587515237937569e-08
2.069780330910845e-07
1.251344224779876e-06
4.279520255000715e-06
-4.282310790578058e-06
-1.25697732003645e-06
-2.150788225297325e-07
9.156996144463842e-09
5.838396036941939e-08
6.878065605989931e-08
6.880202566859722e-08
6.606877661364226e-08
6.269331542755179e-08
5.927041424244193e-08
5.596472832562227e-08
5.281643184575842e-08
4.982903595070673e-08
4.699517457916731e-08
4.430441874978974e-08
4.174577065303148e-08
3.930851868728266e-08
3.698254751137743e-08
3.475844369241633e-08
3.262751327130529e-08
3.058175727169101e-08
2.861382664366059e-08
2.6716968121435e-08
2.488496743024898e-08
2.311209347532266e-08
2.139304552132624e-08
1.972290427912418e-08
1.809708725830597e-08
1.65113083364375e-08
1.496154133362004e-08
1.344398724136873e-08
1.195504472137815e-08
1.049128348947465e-08
9.049420214651978e-09
7.626296572798516e-09
6.218859139236171e-09
4.82414080888664e-09
3.439243457260904e-09
2.06132162539254e-09
6.875669404448512e-10
-6.84806944079731e-10
-2.058579073879592e-09
-3.436535850430215e-09
-4.821485742434819e-09
-6.216274340632108e-09
-7.623799968156638e-09
-9.047029971141678e-09
-1.048901807930703e-08
-1.195292296362429e-08
-1.344202836579863e-08
-1.495976505722332e-08
-1.650973489066969e-08
-1.809573749222618e-08
-1.972179971517741e-08
-2.139220847050912e-08
-2.311154711271801e-08
-2.488473587660359e-08
-2.671707660152491e-08
-2.861430154895275e-08
-3.058262635035516e-08
-3.262880572014444e-08
-3.476019035474584e-08
-3.69847810394577e-08
-3.93112737110274e-08
-4.174908397202222e-08
-4.430832952492493e-08
-4.699972451629123e-08
-4.983426945747607e-08
-5.282239621191007e-08
-5.597147378891393e-08
-5.927799416951168e-08
-6.270178680156642e-08
-6.60782020048229e-08
-6.88124790770771e-08
-6.879224117053218e-08
-5.839686334102876e-08
-9.171632107926916e-09
2.150612697186258e-07
1.256954896874856e-06
4.282301913601127e-06
-4.253074785827277e-06
-1.295994148638574e-06
-2.523506240553364e-07
-1.162394637639083e-08
4.854790754732212e-08
6.444370125183514e-08
6.699577269583821e-08
6.540454020910094e-08
6.254605970188836e-08
5.935726522924834e-08
5.615457901623896e-08
5.304682685415415e-08
5.006962082193264e-08
4.72311613447955e-08
4.452881647068384e-08
4.195558553845833e-08
3.950282618521961e-08
3.716148434124319e-08
3.492266935778092e-08
3.277791898018268e-08
3.071930860515076e-08
2.873947990079212e-08
2.683162769971416e-08
2.498946613614212e-08
2.320718557381833e-08
2.147940670368959e-08
1.98011352172849e-08
1.816771881182799e-08
1.657480736735316e-08
1.501831649557403e-08
1.349439443955513e-08
1.199939208172789e-08
1.052983576135443e-08
9.082402606474952e-09
7.653898031731496e-09
6.241235103407396e-09
4.84141548438102e-09
3.451511629195912e-09
2.068650023915474e-09
6.899952081593196e-10
-6.872656829398427e-10
-2.065938023249165e-09
-3.448834731002053e-09
-4.838791375070733e-09
-6.238681601338154e-09
-7.651433160083611e-09
-9.080044629528661e-09
-1.052760323804794e-08
-1.19973039371359e-08
-1.34924700135603e-08
-1.501657561389791e-08
-1.657327038976447e-08
-1.816640673191614e-08
-1.980006971288962e-08
-2.147861024471003e-08
-2.320668151041512e-08
-2.498927878943706e-08
-2.683178250799781e-08
-2.874000349084454e-08
-3.072022896767391e-08
-3.277926559096427e-08
-3.492447331392345e-08
-3.716377854610937e-08
-3.950564549689042e-08
-4.195896691461288e-08
-4.453279906067122e-08
-4.723578650363337e-08
-5.007493197691019e-08
-5.305286913015852e-08
-5.616139831240144e-08
-5.936490640674225e-08
-6.25545630344236e-08
-6.541393508764334e-08
-6.700606664446715e-08
-6.445486228135789e-08
-4.85598440754898e-08
1.161136633023766e-08
2.523371191759576e-07
1.295978324566431e-06
4.253071602539338e-06
-4.334102561611839e-06
-1.45066445930739e-06
-3.472267014517002e-07
-5.172352270310056e-08
3.351534920285247e-08
5.890788434574332e-08
6.496465288205284e-08
6.468367091694586e-08
6.233078710321827e-08
5.934392424658238e-08
5.622317002526914e-08
5.314730401110228e-08
5.018003386909859e-08
4.734154923680707e-08
4.463464741456863e-08
4.205491150995544e-08
3.959497015196818e-08
3.724640116955718e-08
3.500062145932732e-08
3.284930713697842e-08
3.07845826508163e-08
2.879909186607109e-08
2.688600802029632e-08
2.503901251538438e-08
2.3252258806526e-08
2.152033022341726e-08
1.983819659404816e-08
1.820117216218196e-08
1.660487610632155e-08
1.504519611343107e-08
1.351825512955393e-08
1.202038113396622e-08
1.054807968052153e-08
9.098008956410794e-09
7.666957030092023e-09
6.251820954567625e-09
4.849587467104606e-09
3.45731497019872e-09
2.072116557405653e-09
6.911438458441696e-10
-6.884286755303956e-10
-2.069418946184868e-09
-3.454652538621977e-09
-4.846977949376011e-09
-6.249282206940024e-09
-7.66450711078286e-09
-9.0956661805087e-09
-1.054586265865025e-08
-1.201830883902177e-08
-1.351634694798644e-08
-1.504347192259357e-08
-1.660335632833052e-08
-1.819987785893843e-08
-1.983714953092911e-08
-2.151955295119695e-08
-2.325177475108586e-08
-2.503884607757005e-08
-2.688618472409966e-08
-2.879963846223969e-08
-3.078552725208236e-08
-3.285067933427425e-08
-3.500245248106728e-08
-3.724872403620817e-08
-3.959781983615563e-08
-4.20583250196479e-08
-4.463866385697454e-08
-4.734620973636966e-08
-5.01853812482566e-08
-5.315338210042246e-08
-5.623002206751961e-08
-5.935158952528522e-08
-6.233929447991078e-08
-6.46930249651533e-08
-6.497480481106004e-08
-5.891866612468187e-08
-3.352631775160989e-08
5.171346416351615e-08
3.472199266514324e-07
1.450663897328773e-06
4.334114050118971e-06
)
;

boundaryField
{
    hotWall
    {
        type            fixedFluxPressure;
        gradient        nonuniform List<scalar> 
80
(
-3.88304410384998e-05
-0.0001228677859714905
-0.000206543699933523
-0.0002895984601875717
-0.0003724474810469601
-0.0004552399861606345
-0.000538017596919076
-0.0006207912804356997
-0.0007035639151803308
-0.0007863362658486157
-0.0008691085386338794
-0.0009518807898655239
-0.001034653035089533
-0.001117425278630053
-0.001200197521697413
-0.001282969764630783
-0.0013657420075267
-0.001448514250412032
-0.001531286493293876
-0.001614058736174626
-0.001696830979056019
-0.001779603221936798
-0.00186237546481758
-0.001945147707698361
-0.002027919950579143
-0.002110692193459925
-0.002193464436340705
-0.002276236679221489
-0.002359008922102267
-0.002441781164983049
-0.002524553407863834
-0.002607325650744611
-0.002690097893625393
-0.002772870136506175
-0.002855642379386956
-0.002938414622267739
-0.00302118686514852
-0.0031039591080293
-0.003186731350910077
-0.003269503593790867
-0.003352275836671642
-0.003435048079552435
-0.0035178203224332
-0.003600592565313991
-0.003683364808194768
-0.003766137051075551
-0.003848909293956333
-0.003931681536837113
-0.004014453779717893
-0.004097226022598681
-0.004179998265479458
-0.004262770508360239
-0.004345542751241012
-0.004428314994121807
-0.004511087237002589
-0.004593859479883359
-0.004676631722764146
-0.004759403965644932
-0.004842176208525719
-0.004924948451406477
-0.005007720694285384
-0.005090492937166131
-0.00517326518004296
-0.005256037422905796
-0.005338809665721642
-0.005421581908357283
-0.005504354150288788
-0.005587126389483466
-0.005669898617892502
-0.005752670803338527
-0.005835442814979636
-0.005918214110044077
-0.006000982377542831
-0.006083737442082635
-0.006166432539807577
-0.006248841070894275
-0.006329794915523559
-0.006402854697934362
-0.006430080799184499
-0.006174040125121469
)
;
        value           nonuniform List<scalar> 
80
(
-2.354969981584057e-07
-3.102416873521301e-07
-3.984779844979601e-07
-4.935288098284302e-07
-5.922446511839138e-07
-6.93197902279393e-07
-7.956478414776467e-07
-8.991646151713383e-07
-1.003478711545694e-06
-1.108410600601701e-06
-1.213834829021965e-06
-1.319660301981434e-06
-1.425818768999275e-06
-1.532257746734862e-06
-1.638935978219763e-06
-1.745820412069253e-06
-1.852884130023724e-06
-1.960104886825142e-06
-2.067464057556275e-06
-2.174945863226695e-06
-2.282536790721628e-06
-2.390225151312303e-06
-2.498000739780952e-06
-2.605854567642801e-06
-2.713778652049555e-06
-2.821765846482142e-06
-2.929809704061835e-06
-3.037904365499089e-06
-3.146044466792184e-06
-3.254225062347515e-06
-3.362441560185744e-06
-3.470689666948342e-06
-3.578965340736606e-06
-3.687264750170379e-06
-3.795584238442618e-06
-3.903920291362312e-06
-4.01226950852854e-06
-4.120628576916684e-06
-4.228994246256188e-06
-4.337363305645694e-06
-4.445732560903367e-06
-4.554098812176622e-06
-4.662458831332162e-06
-4.770809338631277e-06
-4.879146978173144e-06
-4.987468291544565e-06
-5.095769689026596e-06
-5.204047417588729e-06
-5.312297524766013e-06
-5.420515817333823e-06
-5.528697813409275e-06
-5.636838686221774e-06
-5.744933197344657e-06
-5.852975616576661e-06
-5.960959624767936e-06
-6.068878194647452e-06
-6.176723443015622e-06
-6.284486445263622e-06
-6.392156999743385e-06
-6.499723324498548e-06
-6.60717166129121e-06
-6.714485750393185e-06
-6.821646121894709e-06
-6.92862912089163e-06
-7.035405537422543e-06
-7.141938633719664e-06
-7.248181224428748e-06
-7.354071217098549e-06
-7.459524550322711e-06
-7.564423533929241e-06
-7.668596644467553e-06
-7.77178150867741e-06
-7.873552649433876e-06
-7.973170219097294e-06
-8.069239182559653e-06
-8.158885543965573e-06
-8.235650729296856e-06
-8.284094976787035e-06
-8.271875285317579e-06
-8.192877639812757e-06
)
;
    }
    coldWall
    {
        type            fixedFluxPressure;
        gradient        nonuniform List<scalar> 
80
(
3.88304410390792e-05
0.0001228677859720506
0.0002065436999335228
0.0002895984601876808
0.0003724474810469598
0.0004552399861606341
0.0005380175969190876
0.000620791280436182
0.0007035639151803302
0.000786336265848912
0.0008691085386344969
0.0009518807898658827
0.001034653035089899
0.001117425278630871
0.00120019752169832
0.001282969764632207
0.001365742007527185
0.001448514250413093
0.001531286493294998
0.001614058736175844
0.00169683097905662
0.001779603221937391
0.001862375464818241
0.001945147707699095
0.002027919950579862
0.00211069219346072
0.002193464436341436
0.002276236679222345
0.002359008922103001
0.00244178116498397
0.002524553407864727
0.002607325650745596
0.002690097893626289
0.002772870136507221
0.00285564237938778
0.002938414622268846
0.003021186865149659
0.003103959108030403
0.003186731350911283
0.003269503593792168
0.003352275836672834
0.003435048079553721
0.003517820322434457
0.003600592565315186
0.003683364808195995
0.003766137051076888
0.003848909293957699
0.003931681536838509
0.004014453779719409
0.004097226022600221
0.004179998265481032
0.004262770508361846
0.004345542751242756
0.004428314994123275
0.004511087237004484
0.004593859479885198
0.004676631722766012
0.004759403965646722
0.004842176208527533
0.004924948451408128
0.005007720694289048
0.00509049293716997
0.005173265180046761
0.005256037422907766
0.005338809665727572
0.005421581908361373
0.005504354150292932
0.005587126389485707
0.005669898617896781
0.005752670803342878
0.005835442814983773
0.005918214110046308
0.006000982377544826
0.006083737442084933
0.00616643253981209
0.006248841070894409
0.006329794915521028
0.006402854697929228
0.006430080799169749
0.006174040125118838
)
;
        value           nonuniform List<scalar> 
80
(
2.355511142568301e-07
3.102936560310004e-07
3.98527574688883e-07
4.935761273037498e-07
5.922899168911958e-07
6.932413487384828e-07
7.956896769964071e-07
8.992050169325572e-07
1.003517827910234e-06
1.10844855562188e-06
1.213871726852761e-06
1.319696230658467e-06
1.425853803431435e-06
1.532291951085482e-06
1.638969407800541e-06
1.745853114864872e-06
1.852916147864102e-06
1.960136256329846e-06
2.067494810910201e-06
2.174976028816952e-06
2.282566393656973e-06
2.390254213850201e-06
2.498029281662336e-06
2.605882606439831e-06
2.713806203362179e-06
2.821792924259437e-06
2.929836320672444e-06
3.037930531929549e-06
3.146070192793819e-06
3.254250356501795e-06
3.362466430020585e-06
3.470714119043264e-06
3.578989380779451e-06
3.687288383018958e-06
3.795607468182664e-06
3.903943121339731e-06
4.012291941373957e-06
4.120650614568129e-06
4.229015889979375e-06
4.337384556047014e-06
4.445753417932516e-06
4.554119275128474e-06
4.66247889884165e-06
4.770829008651851e-06
4.879166247951261e-06
4.987487157592833e-06
5.095788147088285e-06
5.204065462594394e-06
5.312315150780832e-06
5.420533017493477e-06
5.528714579841693e-06
5.636855009929925e-06
5.744949068063804e-06
5.852991022699544e-06
5.960974553261159e-06
6.068892630749392e-06
6.176737370017821e-06
6.28449984442777e-06
6.392169849685677e-06
6.499735601142434e-06
6.607183337155392e-06
6.714496794171412e-06
6.821656497729397e-06
6.928638787485234e-06
7.03541444699137e-06
7.141946730566505e-06
7.248188443158337e-06
7.354077480391915e-06
7.459529765947633e-06
7.564427590857747e-06
7.668599408123781e-06
7.77178281527675e-06
7.873552300945491e-06
7.973167983863878e-06
8.069234818317321e-06
8.158878897431232e-06
8.235642077201449e-06
8.284086099807076e-06
8.271872102020434e-06
8.192889128318333e-06
)
;
    }
    bottomWall
    {
        type            fixedFluxPressure;
        gradient        uniform 0;
        value           nonuniform List<scalar> 
80
(
-2.112279725093434e-07
-1.637022306131042e-07
-1.328835348692514e-07
-1.140240322857646e-07
-1.009623946027605e-07
-9.109209391245831e-08
-8.317802806334729e-08
-7.656228366746988e-08
-7.086738626202382e-08
-6.586055880304635e-08
-6.138867454492328e-08
-5.734539928871855e-08
-5.365359421394487e-08
-5.02553115651121e-08
-4.710577748799616e-08
-4.416958794105455e-08
-4.141819919280153e-08
-3.88282123155502e-08
-3.638016489697949e-08
-3.405765837097467e-08
-3.184671392830813e-08
-2.973528823215126e-08
-2.771290319669307e-08
-2.57703588536708e-08
-2.389950760382073e-08
-2.209307467015481e-08
-2.034451360363024e-08
-1.864788880862578e-08
-1.699777914258117e-08
-1.538919786390558e-08
-1.381752577332321e-08
-1.227845455881427e-08
-1.07679385694667e-08
-9.282153186725355e-09
-7.817458499802134e-09
-6.370367356271146e-09
-4.937516709846074e-09
-3.515641800643555e-09
-2.101552207433685e-09
-6.92109593121393e-10
7.157934932562635e-10
2.125254388728847e-09
3.539380632105931e-09
4.961310662968004e-09
6.394235067512653e-09
7.841418831452888e-09
9.3062252981162e-09
1.079214198103374e-08
1.23028091909272e-08
1.384205208543614e-08
1.541391688309979e-08
1.702271259072535e-08
1.867305924486544e-08
2.036994445521331e-08
2.21187904439923e-08
2.392553397638843e-08
2.579672283200216e-08
2.773963332403937e-08
2.976241476376124e-08
3.187426911637462e-08
3.408567678338309e-08
3.640868378248564e-08
3.88572720602251e-08
4.144784389151921e-08
4.419986602212817e-08
4.713674258397472e-08
5.028702362024663e-08
5.368612087505982e-08
5.737881774655839e-08
6.142307410223927e-08
6.589604436800265e-08
7.090408339951382e-08
7.660034607831276e-08
8.321764908707132e-08
9.113352467130087e-08
1.010059720112422e-07
1.140702138171431e-07
1.329328677460296e-07
1.637547999410034e-07
2.112820886074061e-07
)
;
    }
    topWall
    {
        type            fixedFluxPressure;
        gradient        uniform 0;
        value           nonuniform List<scalar> 
80
(
-4.334102561611839e-06
-1.45066445930739e-06
-3.472267014517002e-07
-5.172352270310056e-08
3.351534920285247e-08
5.890788434574332e-08
6.496465288205284e-08
6.468367091694586e-08
6.233078710321827e-08
5.934392424658238e-08
5.622317002526914e-08
5.314730401110228e-08
5.018003386909859e-08
4.734154923680707e-08
4.463464741456863e-08
4.205491150995544e-08
3.959497015196818e-08
3.724640116955718e-08
3.500062145932732e-08
3.284930713697842e-08
3.07845826508163e-08
2.879909186607109e-08
2.688600802029632e-08
2.503901251538438e-08
2.3252258806526e-08
2.152033022341726e-08
1.983819659404816e-08
1.820117216218196e-08
1.660487610632155e-08
1.504519611343107e-08
1.351825512955393e-08
1.202038113396622e-08
1.054807968052153e-08
9.098008956410794e-09
7.666957030092023e-09
6.251820954567625e-09
4.849587467104606e-09
3.45731497019872e-09
2.072116557405653e-09
6.911438458441696e-10
-6.884286755303956e-10
-2.069418946184868e-09
-3.454652538621977e-09
-4.846977949376011e-09
-6.249282206940024e-09
-7.66450711078286e-09
-9.0956661805087e-09
-1.054586265865025e-08
-1.201830883902177e-08
-1.351634694798644e-08
-1.504347192259357e-08
-1.660335632833052e-08
-1.819987785893843e-08
-1.983714953092911e-08
-2.151955295119695e-08
-2.325177475108586e-08
-2.503884607757005e-08
-2.688618472409966e-08
-2.879963846223969e-08
-3.078552725208236e-08
-3.285067933427425e-08
-3.500245248106728e-08
-3.724872403620817e-08
-3.959781983615563e-08
-4.20583250196479e-08
-4.463866385697454e-08
-4.734620973636966e-08
-5.01853812482566e-08
-5.315338210042246e-08
-5.623002206751961e-08
-5.935158952528522e-08
-6.233929447991078e-08
-6.46930249651533e-08
-6.497480481106004e-08
-5.891866612468187e-08
-3.352631775160989e-08
5.171346416351615e-08
3.472199266514324e-07
1.450663897328773e-06
4.334114050118971e-06
)
;
    }
    front
    {
        type            empty;
    }
    back
    {
        type            empty;
    }
}


// ************************************************************************* //
